timestamp,step_index,ph,turbidity_ntu,temp_c,ec_us_cm,do_mg_l,depth_m,flow_velocity_m_s,event_label,is_anomaly,anomaly_type
2026-03-01T00:00:00,0,7.315,8.35,21.19,315.6,6.13,1.62,0.723,NORMAL,0,NONE
2026-03-01T00:15:00,1,7.321,9.9,21.06,311.9,6.08,1.666,0.723,NORMAL,0,NONE
2026-03-01T00:30:00,2,7.324,8.55,20.86,320.5,5.91,1.653,0.728,NORMAL,0,NONE
2026-03-01T00:45:00,3,7.332,8.21,20.61,317.0,6.01,1.665,0.725,NORMAL,0,NONE
2026-03-01T01:00:00,4,7.334,5.36,21.1,297.9,5.84,1.648,0.706,NORMAL,0,NONE
2026-03-01T01:15:00,5,7.242,7.3,21.08,316.8,6.14,1.661,0.716,NORMAL,0,NONE
2026-03-01T01:30:00,6,7.333,9.28,20.86,312.8,6.16,1.674,0.713,NORMAL,0,NONE
2026-03-01T01:45:00,7,7.325,11.3,20.63,308.0,5.92,1.651,0.704,NORMAL,0,NONE
2026-03-01T02:00:00,8,7.325,10.21,20.99,316.7,6.26,1.668,0.7,NORMAL,0,NONE
2026-03-01T02:15:00,9,7.228,8.8,20.67,310.3,6.17,1.666,0.732,NORMAL,0,NONE
2026-03-01T02:30:00,10,7.332,7.83,20.97,305.1,6.43,1.658,0.735,NORMAL,0,NONE
2026-03-01T02:45:00,11,7.34,8.15,20.72,304.2,6.01,1.64,0.703,NORMAL,0,NONE
2026-03-01T03:00:00,12,7.365,8.81,20.77,309.9,6.12,1.683,0.739,NORMAL,0,NONE
2026-03-01T03:15:00,13,7.257,8.96,21.19,317.2,6.11,1.706,0.724,NORMAL,0,NONE
2026-03-01T03:30:00,14,7.391,7.88,21.53,310.9,6.03,1.661,0.719,NORMAL,0,NONE
2026-03-01T03:45:00,15,7.35,9.35,21.49,291.0,6.27,1.698,0.716,NORMAL,0,NONE
2026-03-01T04:00:00,16,7.406,7.99,21.07,301.6,6.16,1.716,0.719,NORMAL,0,NONE
2026-03-01T04:15:00,17,7.263,7.05,21.25,311.8,6.22,1.709,0.725,NORMAL,0,NONE
2026-03-01T04:30:00,18,7.399,8.35,22.03,299.6,6.3,1.7,0.75,NORMAL,0,NONE
2026-03-01T04:45:00,19,7.367,9.35,21.17,322.3,6.48,1.697,0.716,NORMAL,0,NONE
2026-03-01T05:00:00,20,7.334,7.77,21.43,326.2,6.39,1.705,0.701,NORMAL,0,NONE
2026-03-01T05:15:00,21,7.392,8.45,21.79,321.6,6.46,1.678,0.729,NORMAL,0,NONE
2026-03-01T05:30:00,22,7.324,8.61,22.18,319.1,6.56,1.717,0.744,NORMAL,0,NONE
2026-03-01T05:45:00,23,7.474,8.14,22.37,311.9,6.58,1.707,0.747,NORMAL,0,NONE
2026-03-01T06:00:00,24,7.435,6.43,22.43,305.9,6.69,1.713,0.729,NORMAL,0,NONE
2026-03-01T06:15:00,25,7.414,9.12,22.43,302.0,6.83,1.706,0.702,NORMAL,0,NONE
2026-03-01T06:30:00,26,7.355,9.09,22.89,314.2,6.73,1.7,0.73,NORMAL,0,NONE
2026-03-01T06:45:00,27,7.421,11.22,23.23,310.0,6.69,1.677,0.733,NORMAL,0,NONE
2026-03-01T07:00:00,28,7.506,11.19,23.1,309.9,6.87,1.708,0.73,NORMAL,0,NONE
2026-03-01T07:15:00,29,7.424,8.74,23.25,307.7,6.84,1.676,0.752,NORMAL,0,NONE
2026-03-01T07:30:00,30,7.38,12.3,23.54,312.3,7.36,1.703,0.702,NORMAL,0,NONE
2026-03-01T07:45:00,31,7.475,8.19,23.65,320.3,7.21,1.691,0.717,NORMAL,0,NONE
2026-03-01T08:00:00,32,7.352,10.18,24.31,309.7,7.28,1.768,0.738,NORMAL,0,NONE
2026-03-01T08:15:00,33,7.418,9.1,24.29,310.4,7.06,1.739,0.72,NORMAL,0,NONE
2026-03-01T08:30:00,34,7.412,5.73,24.13,315.1,7.22,1.723,0.733,NORMAL,0,NONE
2026-03-01T08:45:00,35,7.529,7.61,25.0,306.8,7.45,1.718,0.748,NORMAL,0,NONE
2026-03-01T09:00:00,36,7.655,9.24,25.08,309.7,7.6,1.739,0.724,NORMAL,0,NONE
2026-03-01T09:15:00,37,7.428,9.01,25.61,306.8,7.86,1.751,0.708,NORMAL,0,NONE
2026-03-01T09:30:00,38,7.504,8.91,24.66,309.2,7.32,1.722,0.707,NORMAL,0,NONE
2026-03-01T09:45:00,39,7.535,9.45,24.91,317.9,7.79,1.736,0.747,NORMAL,0,NONE
2026-03-01T10:00:00,40,7.499,5.9,25.57,305.3,7.68,1.744,0.731,NORMAL,0,NONE
2026-03-01T10:15:00,41,7.552,8.55,25.69,323.7,7.74,1.733,0.718,NORMAL,0,NONE
2026-03-01T10:30:00,42,7.535,10.71,25.93,310.5,7.7,1.764,0.745,NORMAL,0,NONE
2026-03-01T10:45:00,43,7.492,9.0,25.93,312.5,8.11,1.732,0.757,NORMAL,0,NONE
2026-03-01T11:00:00,44,7.584,8.5,26.4,306.7,7.71,1.758,0.735,NORMAL,0,NONE
2026-03-01T11:15:00,45,7.601,10.78,25.9,320.4,7.89,1.787,0.7,NORMAL,0,NONE
2026-03-01T11:30:00,46,7.65,7.13,26.73,312.0,7.81,1.793,0.741,NORMAL,0,NONE
2026-03-01T11:45:00,47,7.538,7.94,26.19,310.9,8.25,1.782,0.709,NORMAL,0,NONE
2026-03-01T12:00:00,48,7.539,8.74,26.85,311.7,8.57,1.742,0.737,NORMAL,0,NONE
2026-03-01T12:15:00,49,7.673,8.3,26.89,316.3,8.11,1.745,0.716,NORMAL,0,NONE
2026-03-01T12:30:00,50,7.612,9.24,27.26,308.5,8.28,1.757,0.74,NORMAL,0,NONE
2026-03-01T12:45:00,51,7.626,7.47,26.98,309.1,8.49,1.742,0.716,NORMAL,0,NONE
2026-03-01T13:00:00,52,7.593,11.24,26.84,322.6,8.51,1.763,0.706,NORMAL,0,NONE
2026-03-01T13:15:00,53,7.523,8.84,27.04,308.0,8.36,1.755,0.717,NORMAL,0,NONE
2026-03-01T13:30:00,54,7.591,8.05,26.98,303.4,8.71,1.785,0.721,NORMAL,0,NONE
2026-03-01T13:45:00,55,7.637,7.84,27.31,321.2,8.53,1.79,0.719,NORMAL,0,NONE
2026-03-01T14:00:00,56,7.641,7.07,27.1,310.0,8.62,1.78,0.721,NORMAL,0,NONE
2026-03-01T14:15:00,57,7.612,8.93,26.96,293.0,8.28,1.774,0.721,NORMAL,0,NONE
2026-03-01T14:30:00,58,7.568,9.33,27.43,304.6,8.5,1.742,0.722,NORMAL,0,NONE
2026-03-01T14:45:00,59,7.608,9.86,26.98,310.3,8.39,1.778,0.726,NORMAL,0,NONE
2026-03-01T15:00:00,60,7.621,7.6,26.79,321.6,8.49,1.775,0.729,NORMAL,0,NONE
2026-03-01T15:15:00,61,7.506,9.28,27.01,316.6,8.34,1.799,0.766,NORMAL,0,NONE
2026-03-01T15:30:00,62,7.589,6.42,26.88,325.5,8.3,1.787,0.709,NORMAL,0,NONE
2026-03-01T15:45:00,63,7.515,7.46,26.22,318.6,7.91,1.774,0.712,NORMAL,0,NONE
2026-03-01T16:00:00,64,7.646,7.58,26.92,302.1,8.04,1.782,0.731,NORMAL,0,NONE
2026-03-01T16:15:00,65,7.514,7.81,27.02,305.5,8.22,1.796,0.737,NORMAL,0,NONE
2026-03-01T16:30:00,66,7.543,8.72,26.51,308.9,8.31,1.813,0.732,NORMAL,0,NONE
2026-03-01T16:45:00,67,7.597,8.91,26.32,305.3,7.91,1.745,0.743,NORMAL,0,NONE
2026-03-01T17:00:00,68,7.609,8.4,25.93,299.3,7.91,1.786,0.716,NORMAL,0,NONE
2026-03-01T17:15:00,69,7.45,9.47,26.45,298.4,8.26,1.76,0.723,NORMAL,0,NONE
2026-03-01T17:30:00,70,7.53,7.57,25.98,310.8,8.06,1.812,0.726,NORMAL,0,NONE
2026-03-01T17:45:00,71,7.539,8.31,25.86,308.7,7.77,1.767,0.741,NORMAL,0,NONE
2026-03-01T18:00:00,72,7.562,9.61,25.95,316.7,7.84,1.795,0.735,NORMAL,0,NONE
2026-03-01T18:15:00,73,7.468,6.23,25.63,310.2,7.74,1.789,0.737,NORMAL,0,NONE
2026-03-01T18:30:00,74,7.554,7.27,25.53,310.0,7.69,1.762,0.714,NORMAL,0,NONE
2026-03-01T18:45:00,75,7.488,8.59,24.69,314.6,7.7,1.812,0.749,NORMAL,0,NONE
2026-03-01T19:00:00,76,7.462,9.31,24.67,297.0,7.46,1.816,0.733,NORMAL,0,NONE
2026-03-01T19:15:00,77,7.362,8.67,24.5,311.4,7.63,1.781,0.751,NORMAL,0,NONE
2026-03-01T19:30:00,78,7.465,7.89,24.66,306.9,7.31,1.767,0.75,NORMAL,0,NONE
2026-03-01T19:45:00,79,7.405,10.88,24.47,326.6,7.42,1.798,0.718,NORMAL,0,NONE
2026-03-01T20:00:00,80,7.404,9.81,23.78,309.7,7.28,1.765,0.759,NORMAL,0,NONE
2026-03-01T20:15:00,81,7.37,7.26,24.18,307.7,6.9,1.79,0.693,NORMAL,0,NONE
2026-03-01T20:30:00,82,7.375,6.71,23.53,307.8,7.37,1.809,0.729,NORMAL,0,NONE
2026-03-01T20:45:00,83,7.402,7.89,23.86,314.4,7.0,1.77,0.734,NORMAL,0,NONE
2026-03-01T21:00:00,84,7.43,9.01,23.13,305.9,6.92,1.832,0.718,NORMAL,0,NONE
2026-03-01T21:15:00,85,7.363,8.69,23.41,329.4,6.77,1.825,0.746,NORMAL,0,NONE
2026-03-01T21:30:00,86,7.366,6.37,22.36,299.3,6.76,1.8,0.741,NORMAL,0,NONE
2026-03-01T21:45:00,87,7.344,7.83,22.68,302.1,6.61,1.778,0.727,NORMAL,0,NONE
2026-03-01T22:00:00,88,7.363,8.49,22.39,303.9,6.44,1.809,0.735,NORMAL,0,NONE
2026-03-01T22:15:00,89,7.348,9.27,22.34,312.2,6.24,1.767,0.732,NORMAL,0,NONE
2026-03-01T22:30:00,90,7.354,8.8,22.35,313.6,6.44,1.813,0.734,NORMAL,0,NONE
2026-03-01T22:45:00,91,7.343,8.25,21.93,320.0,6.27,1.796,0.724,NORMAL,0,NONE
2026-03-01T23:00:00,92,7.389,7.23,21.93,302.5,6.2,1.804,0.734,NORMAL,0,NONE
2026-03-01T23:15:00,93,7.317,7.41,21.67,313.5,6.49,1.825,0.743,NORMAL,0,NONE
2026-03-01T23:30:00,94,7.292,9.1,21.6,307.4,6.28,1.8,0.734,NORMAL,0,NONE
2026-03-01T23:45:00,95,7.291,8.31,21.0,301.3,6.23,1.763,0.74,NORMAL,0,NONE
2026-03-02T00:00:00,96,7.27,8.32,21.44,302.4,6.15,1.752,0.731,NORMAL,0,NONE
2026-03-02T00:15:00,97,7.291,8.92,21.3,311.5,6.07,1.822,0.734,NORMAL,0,NONE
2026-03-02T00:30:00,98,7.321,8.12,20.87,322.4,6.01,1.779,0.717,NORMAL,0,NONE
2026-03-02T00:45:00,99,7.24,6.13,20.45,300.1,6.12,1.777,0.739,NORMAL,0,NONE
2026-03-02T01:00:00,100,7.314,9.02,20.58,307.3,5.73,1.814,0.733,NORMAL,0,NONE
2026-03-02T01:15:00,101,7.328,6.78,20.54,305.3,6.0,1.822,0.727,NORMAL,0,NONE
2026-03-02T01:30:00,102,7.353,8.1,20.73,312.1,6.01,1.813,0.765,NORMAL,0,NONE
2026-03-02T01:45:00,103,7.244,7.06,21.15,340.0,6.12,1.792,0.721,NORMAL,0,NONE
2026-03-02T02:00:00,104,7.229,9.16,21.21,312.1,6.08,1.792,0.713,NORMAL,0,NONE
2026-03-02T02:15:00,105,7.301,9.38,20.63,305.8,5.92,1.779,0.704,NORMAL,0,NONE
2026-03-02T02:30:00,106,7.273,9.09,20.64,328.7,6.25,1.775,0.717,NORMAL,0,NONE
2026-03-02T02:45:00,107,7.422,9.32,20.92,302.1,5.81,1.827,0.733,NORMAL,0,NONE
2026-03-02T03:00:00,108,7.323,8.57,20.66,317.0,5.99,1.769,0.73,NORMAL,0,NONE
2026-03-02T03:15:00,109,7.273,9.2,20.8,298.5,5.67,1.836,0.763,NORMAL,0,NONE
2026-03-02T03:30:00,110,7.346,8.0,20.9,318.5,6.01,1.793,0.765,NORMAL,0,NONE
2026-03-02T03:45:00,111,7.321,7.27,21.1,314.6,6.04,1.791,0.714,NORMAL,0,NONE
2026-03-02T04:00:00,112,7.357,7.38,21.16,309.3,6.5,1.789,0.747,NORMAL,0,NONE
2026-03-02T04:15:00,113,7.257,10.59,21.2,307.7,6.46,1.754,0.746,NORMAL,0,NONE
2026-03-02T04:30:00,114,7.322,4.71,21.0,316.6,6.23,1.755,0.72,NORMAL,0,NONE
2026-03-02T04:45:00,115,7.326,8.02,21.6,300.5,6.14,1.776,0.734,NORMAL,0,NONE
2026-03-02T05:00:00,116,7.311,8.56,21.88,307.5,6.61,1.786,0.73,NORMAL,0,NONE
2026-03-02T05:15:00,117,7.305,6.59,21.5,302.3,6.48,1.814,0.731,NORMAL,0,NONE
2026-03-02T05:30:00,118,7.274,9.41,22.34,301.3,6.52,1.775,0.714,NORMAL,0,NONE
2026-03-02T05:45:00,119,7.316,7.93,22.18,307.4,6.5,1.738,0.735,NORMAL,0,NONE
2026-03-02T06:00:00,120,7.317,9.93,22.2,297.4,6.83,1.757,0.719,NORMAL,0,NONE
2026-03-02T06:15:00,121,7.301,8.27,22.73,311.5,6.61,1.813,0.742,NORMAL,0,NONE
2026-03-02T06:30:00,122,7.392,9.89,23.53,301.5,6.44,1.803,0.744,NORMAL,0,NONE
2026-03-02T06:45:00,123,7.3,9.11,22.78,323.7,6.68,1.78,0.744,NORMAL,0,NONE
2026-03-02T07:00:00,124,7.33,8.73,23.36,304.3,7.06,1.792,0.746,NORMAL,0,NONE
2026-03-02T07:15:00,125,7.531,9.54,23.12,315.5,6.99,1.783,0.742,NORMAL,0,NONE
2026-03-02T07:30:00,126,7.492,9.21,24.03,303.0,7.06,1.8,0.721,NORMAL,0,NONE
2026-03-02T07:45:00,127,7.4,10.82,24.07,310.0,7.0,1.787,0.745,NORMAL,0,NONE
2026-03-02T08:00:00,128,7.391,9.5,23.82,305.4,7.21,1.779,0.752,NORMAL,0,NONE
2026-03-02T08:15:00,129,7.524,6.68,24.16,304.8,7.24,1.805,0.739,NORMAL,0,NONE
2026-03-02T08:30:00,130,7.449,7.63,23.88,324.0,7.36,1.766,0.716,NORMAL,0,NONE
2026-03-02T08:45:00,131,7.407,6.57,24.36,301.8,7.31,1.746,0.704,NORMAL,0,NONE
2026-03-02T09:00:00,132,7.427,8.44,24.7,313.8,7.39,1.766,0.722,NORMAL,0,NONE
2026-03-02T09:15:00,133,7.522,7.72,25.43,289.3,7.63,1.73,0.72,NORMAL,0,NONE
2026-03-02T09:30:00,134,7.533,9.19,25.32,301.8,7.54,1.741,0.723,NORMAL,0,NONE
2026-03-02T09:45:00,135,7.51,8.0,25.52,325.5,7.83,1.761,0.688,NORMAL,0,NONE
2026-03-02T10:00:00,136,7.466,9.98,26.04,320.6,7.73,1.771,0.708,NORMAL,0,NONE
2026-03-02T10:15:00,137,7.475,5.94,25.88,318.3,7.75,1.779,0.737,NORMAL,0,NONE
2026-03-02T10:30:00,138,7.438,8.58,26.46,303.3,7.99,1.773,0.745,NORMAL,0,NONE
2026-03-02T10:45:00,139,7.597,10.73,25.62,322.4,7.93,1.757,0.745,NORMAL,0,NONE
2026-03-02T11:00:00,140,7.592,7.55,26.69,316.6,8.26,1.734,0.741,NORMAL,0,NONE
2026-03-02T11:15:00,141,7.534,8.78,26.32,306.9,8.1,1.741,0.728,NORMAL,0,NONE
2026-03-02T11:30:00,142,7.532,10.75,26.6,316.3,8.14,1.747,0.746,NORMAL,0,NONE
2026-03-02T11:45:00,143,7.537,9.44,26.88,304.9,7.72,1.762,0.736,NORMAL,0,NONE
2026-03-02T12:00:00,144,7.543,8.3,26.93,300.2,8.08,1.754,0.731,NORMAL,0,NONE
2026-03-02T12:15:00,145,7.63,9.35,26.69,322.4,8.44,1.758,0.739,NORMAL,0,NONE
2026-03-02T12:30:00,146,7.653,10.87,27.11,323.7,8.19,1.753,0.733,NORMAL,0,NONE
2026-03-02T12:45:00,147,7.623,8.27,27.13,309.0,8.34,1.786,0.733,NORMAL,0,NONE
2026-03-02T13:00:00,148,7.602,8.42,27.11,312.3,8.52,1.724,0.725,NORMAL,0,NONE
2026-03-02T13:15:00,149,7.538,9.4,26.85,317.3,8.41,1.753,0.727,NORMAL,0,NONE
2026-03-02T13:30:00,150,7.544,8.91,27.28,308.8,8.04,1.744,0.712,NORMAL,0,NONE
2026-03-02T13:45:00,151,7.546,8.25,27.23,312.6,8.32,1.767,0.739,NORMAL,0,NONE
2026-03-02T14:00:00,152,7.558,6.73,27.38,302.5,8.46,1.799,0.716,NORMAL,0,NONE
2026-03-02T14:15:00,153,7.586,6.26,27.14,305.3,8.33,1.719,0.705,NORMAL,0,NONE
2026-03-02T14:30:00,154,7.564,7.8,27.14,311.7,8.27,1.756,0.723,NORMAL,0,NONE
2026-03-02T14:45:00,155,7.63,8.99,27.19,306.8,8.14,1.742,0.725,NORMAL,0,NONE
2026-03-02T15:00:00,156,7.662,9.08,27.15,317.5,8.29,1.71,0.708,NORMAL,0,NONE
2026-03-02T15:15:00,157,7.614,9.91,26.86,302.8,8.29,1.731,0.696,NORMAL,0,NONE
2026-03-02T15:30:00,158,7.551,7.77,26.84,305.6,7.84,1.723,0.72,NORMAL,0,NONE
2026-03-02T15:45:00,159,7.645,10.0,26.72,300.9,8.55,1.695,0.711,NORMAL,0,NONE
2026-03-02T16:00:00,160,7.609,8.33,27.15,300.0,7.84,1.721,0.751,NORMAL,0,NONE
2026-03-02T16:15:00,161,7.606,7.51,26.46,308.0,8.19,1.722,0.727,NORMAL,0,NONE
2026-03-02T16:30:00,162,7.547,8.3,26.76,312.6,7.98,1.717,0.725,NORMAL,0,NONE
2026-03-02T16:45:00,163,7.585,9.9,26.23,301.2,7.96,1.723,0.707,NORMAL,0,NONE
2026-03-02T17:00:00,164,7.594,8.06,26.33,319.3,8.08,1.702,0.715,NORMAL,0,NONE
2026-03-02T17:15:00,165,7.563,7.91,25.86,310.1,7.86,1.699,0.729,NORMAL,0,NONE
2026-03-02T17:30:00,166,7.534,7.22,25.82,307.9,7.74,1.728,0.739,NORMAL,0,NONE
2026-03-02T17:45:00,167,7.56,9.57,25.79,309.8,7.89,1.743,0.729,NORMAL,0,NONE
2026-03-02T18:00:00,168,7.508,9.59,25.71,301.0,7.96,1.676,0.749,NORMAL,0,NONE
2026-03-02T18:15:00,169,7.519,7.36,25.63,324.0,7.76,1.682,0.714,NORMAL,0,NONE
2026-03-02T18:30:00,170,7.515,7.52,25.16,311.1,7.48,1.735,0.706,NORMAL,0,NONE
2026-03-02T18:45:00,171,7.488,7.76,24.71,313.3,7.65,1.68,0.713,NORMAL,0,NONE
2026-03-02T19:00:00,172,7.465,9.21,24.66,316.1,7.61,1.719,0.739,NORMAL,0,NONE
2026-03-02T19:15:00,173,7.453,6.3,24.82,307.9,7.57,1.702,0.714,NORMAL,0,NONE
2026-03-02T19:30:00,174,7.402,8.08,24.52,301.9,7.45,1.683,0.725,NORMAL,0,NONE
2026-03-02T19:45:00,175,7.375,9.36,23.92,292.8,7.29,1.665,0.713,NORMAL,0,NONE
2026-03-02T20:00:00,176,7.43,9.68,23.65,306.7,6.95,1.698,0.72,NORMAL,0,NONE
2026-03-02T20:15:00,177,7.461,9.72,23.98,306.7,7.32,1.722,0.736,NORMAL,0,NONE
2026-03-02T20:30:00,178,7.473,7.16,24.02,301.3,7.21,1.683,0.698,NORMAL,0,NONE
2026-03-02T20:45:00,179,7.387,6.88,23.23,314.3,7.12,1.672,0.737,NORMAL,0,NONE
2026-03-02T21:00:00,180,7.496,7.45,23.22,320.4,6.94,1.706,0.715,NORMAL,0,NONE
2026-03-02T21:15:00,181,7.455,9.04,22.97,301.0,6.82,1.687,0.735,NORMAL,0,NONE
2026-03-02T21:30:00,182,7.357,8.92,22.72,319.2,6.92,1.646,0.726,NORMAL,0,NONE
2026-03-02T21:45:00,183,7.347,6.77,22.63,308.1,6.61,1.706,0.708,NORMAL,0,NONE
2026-03-02T22:00:00,184,7.404,10.32,22.23,315.8,6.81,1.663,0.705,NORMAL,0,NONE
2026-03-02T22:15:00,185,7.35,9.99,22.43,299.9,6.68,1.679,0.702,NORMAL,0,NONE
2026-03-02T22:30:00,186,7.335,7.73,22.25,301.0,6.21,1.648,0.711,NORMAL,0,NONE
2026-03-02T22:45:00,187,7.383,8.05,22.07,318.7,6.46,1.664,0.729,NORMAL,0,NONE
2026-03-02T23:00:00,188,7.413,9.77,22.16,318.2,6.51,1.624,0.731,NORMAL,0,NONE
2026-03-02T23:15:00,189,7.311,9.0,21.65,306.6,6.31,1.674,0.699,NORMAL,0,NONE
2026-03-02T23:30:00,190,7.283,8.11,21.52,313.1,6.15,1.642,0.708,NORMAL,0,NONE
2026-03-02T23:45:00,191,7.271,8.28,21.41,303.3,6.2,1.661,0.705,NORMAL,0,NONE
2026-03-03T00:00:00,192,7.456,7.55,21.35,302.5,6.01,1.654,0.707,NORMAL,0,NONE
2026-03-03T00:15:00,193,7.296,7.88,21.34,311.4,6.45,1.648,0.741,NORMAL,0,NONE
2026-03-03T00:30:00,194,7.389,9.08,21.27,319.3,5.93,1.632,0.72,NORMAL,0,NONE
2026-03-03T00:45:00,195,7.292,9.61,20.77,292.1,6.15,1.646,0.736,NORMAL,0,NONE
2026-03-03T01:00:00,196,7.361,8.85,20.87,313.1,6.07,1.704,0.722,NORMAL,0,NONE
2026-03-03T01:15:00,197,7.263,6.78,20.9,301.7,6.34,1.648,0.729,NORMAL,0,NONE
2026-03-03T01:30:00,198,7.352,8.38,21.01,319.6,5.77,1.636,0.729,NORMAL,0,NONE
2026-03-03T01:45:00,199,7.246,7.05,20.9,308.6,6.12,1.645,0.728,NORMAL,0,NONE
2026-03-03T02:00:00,200,7.222,7.94,20.78,316.9,6.05,1.633,0.735,NORMAL,0,NONE
2026-03-03T02:15:00,201,7.307,9.17,20.62,310.2,6.22,1.603,0.725,NORMAL,0,NONE
2026-03-03T02:30:00,202,7.29,8.94,20.84,307.1,6.2,1.624,0.7,NORMAL,0,NONE
2026-03-03T02:45:00,203,7.298,9.36,20.81,303.0,6.25,1.586,0.683,NORMAL,0,NONE
2026-03-03T03:00:00,204,7.316,8.32,20.91,302.9,6.07,1.593,0.719,NORMAL,0,NONE
2026-03-03T03:15:00,205,7.321,7.87,20.57,295.9,6.04,1.634,0.742,NORMAL,0,NONE
2026-03-03T03:30:00,206,7.25,10.42,20.67,299.2,6.15,1.629,0.706,NORMAL,0,NONE
2026-03-03T03:45:00,207,7.325,9.23,21.18,328.0,6.24,1.554,0.708,NORMAL,0,NONE
2026-03-03T04:00:00,208,7.321,7.2,21.04,304.8,6.12,1.638,0.728,NORMAL,0,NONE
2026-03-03T04:15:00,209,7.359,7.23,21.17,320.1,6.32,1.624,0.709,NORMAL,0,NONE
2026-03-03T04:30:00,210,7.217,6.36,21.75,310.3,6.21,1.602,0.715,NORMAL,0,NONE
2026-03-03T04:45:00,211,7.281,8.2,21.49,303.2,6.03,1.63,0.729,NORMAL,0,NONE
2026-03-03T05:00:00,212,7.276,8.29,21.62,315.5,6.58,1.607,0.726,NORMAL,0,NONE
2026-03-03T05:15:00,213,7.351,8.13,21.72,329.3,6.55,1.625,0.728,NORMAL,0,NONE
2026-03-03T05:30:00,214,7.306,9.52,21.76,292.1,6.71,1.619,0.718,NORMAL,0,NONE
2026-03-03T05:45:00,215,7.402,9.38,22.16,304.8,6.82,1.57,0.705,NORMAL,0,NONE
2026-03-03T06:00:00,216,7.316,7.18,22.14,319.8,6.2,1.582,0.697,NORMAL,0,NONE
2026-03-03T06:15:00,217,7.408,7.09,22.8,309.2,6.67,1.571,0.726,NORMAL,0,NONE
2026-03-03T06:30:00,218,7.234,7.91,22.76,318.9,6.88,1.632,0.711,NORMAL,0,NONE
2026-03-03T06:45:00,219,7.358,7.73,22.98,317.0,6.93,1.612,0.729,NORMAL,0,NONE
2026-03-03T07:00:00,220,7.401,6.06,23.3,312.4,6.76,1.573,0.728,NORMAL,0,NONE
2026-03-03T07:15:00,221,7.389,7.12,23.06,312.6,7.2,1.591,0.722,NORMAL,0,NONE
2026-03-03T07:30:00,222,7.493,7.03,23.87,311.7,7.29,1.606,0.697,NORMAL,0,NONE
2026-03-03T07:45:00,223,7.462,8.5,23.68,322.7,7.25,1.543,0.707,NORMAL,0,NONE
2026-03-03T08:00:00,224,7.521,6.78,24.04,308.0,7.14,1.584,0.698,NORMAL,0,NONE
2026-03-03T08:15:00,225,7.39,11.34,24.63,318.6,7.33,1.533,0.724,NORMAL,0,NONE
2026-03-03T08:30:00,226,7.487,7.67,24.54,313.9,7.39,1.599,0.696,NORMAL,0,NONE
2026-03-03T08:45:00,227,7.42,10.2,25.11,310.0,7.71,1.559,0.71,NORMAL,0,NONE
2026-03-03T09:00:00,228,7.458,9.15,24.73,309.9,7.72,1.563,0.7,NORMAL,0,NONE
2026-03-03T09:15:00,229,7.439,7.63,24.69,296.2,7.31,1.571,0.714,NORMAL,0,NONE
2026-03-03T09:30:00,230,7.458,7.02,25.02,298.9,7.48,1.577,0.693,NORMAL,0,NONE
2026-03-03T09:45:00,231,7.638,8.73,25.42,295.6,7.62,1.554,0.701,NORMAL,0,NONE
2026-03-03T10:00:00,232,7.472,8.97,25.68,313.4,7.83,1.585,0.706,NORMAL,0,NONE
2026-03-03T10:15:00,233,7.435,8.4,26.15,314.2,7.83,1.539,0.725,NORMAL,0,NONE
2026-03-03T10:30:00,234,7.537,9.32,25.83,316.0,8.11,1.564,0.698,NORMAL,0,NONE
2026-03-03T10:45:00,235,7.649,9.4,26.34,313.8,8.0,1.538,0.705,NORMAL,0,NONE
2026-03-03T11:00:00,236,7.498,8.41,26.29,309.1,7.84,1.555,0.729,NORMAL,0,NONE
2026-03-03T11:15:00,237,7.556,8.81,26.31,308.4,8.22,1.508,0.71,NORMAL,0,NONE
2026-03-03T11:30:00,238,7.475,6.25,26.38,306.5,7.98,1.565,0.71,NORMAL,0,NONE
2026-03-03T11:45:00,239,7.612,8.16,26.24,305.2,8.08,1.538,0.709,NORMAL,0,NONE
2026-03-03T12:00:00,240,7.552,8.24,26.35,333.6,8.23,1.535,0.726,NORMAL,0,NONE
2026-03-03T12:15:00,241,7.541,7.75,26.83,322.4,8.32,1.55,0.729,NORMAL,0,NONE
2026-03-03T12:30:00,242,7.618,7.19,26.88,315.5,8.31,1.544,0.697,NORMAL,0,NONE
2026-03-03T12:45:00,243,7.653,11.63,26.84,322.8,8.22,1.538,0.698,NORMAL,0,NONE
2026-03-03T13:00:00,244,7.518,7.82,26.85,307.5,8.65,1.572,0.699,NORMAL,0,NONE
2026-03-03T13:15:00,245,7.589,6.65,27.41,313.7,8.61,1.534,0.707,NORMAL,0,NONE
2026-03-03T13:30:00,246,7.616,6.81,26.53,296.5,8.46,1.519,0.702,NORMAL,0,NONE
2026-03-03T13:45:00,247,7.549,7.93,27.12,312.5,8.22,1.53,0.707,NORMAL,0,NONE
2026-03-03T14:00:00,248,7.643,9.57,27.31,310.8,8.37,1.556,0.691,NORMAL,0,NONE
2026-03-03T14:15:00,249,7.551,8.07,27.42,309.7,8.72,1.538,0.719,NORMAL,0,NONE
2026-03-03T14:30:00,250,7.556,9.73,27.01,308.9,8.63,1.567,0.706,NORMAL,0,NONE
2026-03-03T14:45:00,251,7.518,7.05,27.33,302.4,8.42,1.517,0.703,NORMAL,0,NONE
2026-03-03T15:00:00,252,7.616,8.21,27.1,331.2,8.59,1.541,0.718,NORMAL,0,NONE
2026-03-03T15:15:00,253,7.634,7.64,27.41,323.0,8.27,1.522,0.717,NORMAL,0,NONE
2026-03-03T15:30:00,254,7.68,10.58,26.85,308.2,8.15,1.512,0.706,NORMAL,0,NONE
2026-03-03T15:45:00,255,7.54,8.83,27.07,304.2,8.24,1.508,0.71,NORMAL,0,NONE
2026-03-03T16:00:00,256,7.571,7.31,26.21,305.9,8.14,1.502,0.709,NORMAL,0,NONE
2026-03-03T16:15:00,257,7.561,8.9,27.03,317.8,7.95,1.517,0.703,NORMAL,0,NONE
2026-03-03T16:30:00,258,7.46,6.16,26.54,304.3,8.13,1.544,0.724,NORMAL,0,NONE
2026-03-03T16:45:00,259,7.685,10.06,26.21,305.0,8.25,1.524,0.706,NORMAL,0,NONE
2026-03-03T17:00:00,260,7.536,9.14,25.99,291.5,7.95,1.509,0.716,NORMAL,0,NONE
2026-03-03T17:15:00,261,7.466,9.35,26.01,302.5,8.53,1.562,0.698,NORMAL,0,NONE
2026-03-03T17:30:00,262,7.606,11.18,26.41,310.6,7.77,1.549,0.702,NORMAL,0,NONE
2026-03-03T17:45:00,263,7.518,7.62,26.51,324.5,7.66,1.5,0.71,NORMAL,0,NONE
2026-03-03T18:00:00,264,7.488,9.26,25.71,311.6,7.87,1.541,0.716,NORMAL,0,NONE
2026-03-03T18:15:00,265,7.485,6.49,25.1,320.6,7.74,1.522,0.694,NORMAL,0,NONE
2026-03-03T18:30:00,266,7.518,8.1,25.54,314.0,7.8,1.523,0.709,NORMAL,0,NONE
2026-03-03T18:45:00,267,7.374,10.32,25.21,305.9,7.6,1.538,0.713,NORMAL,0,NONE
2026-03-03T19:00:00,268,7.52,7.33,24.8,314.6,7.45,1.521,0.728,NORMAL,0,NONE
2026-03-03T19:15:00,269,7.502,8.0,24.39,315.8,7.4,1.497,0.701,NORMAL,0,NONE
2026-03-03T19:30:00,270,7.469,7.19,24.51,299.1,7.43,1.519,0.691,NORMAL,0,NONE
2026-03-03T19:45:00,271,7.43,10.51,24.27,310.2,7.21,1.512,0.704,NORMAL,0,NONE
2026-03-03T20:00:00,272,7.507,9.9,23.63,314.9,7.29,1.515,0.69,NORMAL,0,NONE
2026-03-03T20:15:00,273,7.476,8.42,23.78,306.1,7.22,1.512,0.728,NORMAL,0,NONE
2026-03-03T20:30:00,274,7.45,7.18,23.83,301.8,7.16,1.502,0.724,NORMAL,0,NONE
2026-03-03T20:45:00,275,7.346,9.84,23.47,298.3,7.07,1.503,0.689,NORMAL,0,NONE
2026-03-03T21:00:00,276,7.559,8.92,23.39,320.0,6.94,1.5,0.711,NORMAL,0,NONE
2026-03-03T21:15:00,277,7.448,5.19,22.95,312.2,6.56,1.49,0.695,NORMAL,0,NONE
2026-03-03T21:30:00,278,7.467,7.21,23.02,297.3,6.73,1.523,0.7,NORMAL,0,NONE
2026-03-03T21:45:00,279,7.346,9.84,22.32,314.3,6.57,1.47,0.701,NORMAL,0,NONE
2026-03-03T22:00:00,280,7.417,7.8,22.4,311.0,6.61,1.479,0.679,NORMAL,0,NONE
2026-03-03T22:15:00,281,7.413,11.29,22.13,307.0,6.54,1.499,0.701,NORMAL,0,NONE
2026-03-03T22:30:00,282,7.369,9.31,22.15,293.5,6.29,1.502,0.711,NORMAL,0,NONE
2026-03-03T22:45:00,283,7.306,9.09,21.93,322.5,6.18,1.489,0.713,NORMAL,0,NONE
2026-03-03T23:00:00,284,7.399,7.96,21.84,313.3,6.7,1.536,0.709,NORMAL,0,NONE
2026-03-03T23:15:00,285,7.294,9.42,21.38,307.1,6.08,1.518,0.727,NORMAL,0,NONE
2026-03-03T23:30:00,286,7.444,10.42,21.5,317.3,6.4,1.47,0.694,NORMAL,0,NONE
2026-03-03T23:45:00,287,7.329,7.86,21.15,321.1,5.72,1.504,0.696,NORMAL,0,NONE
2026-03-04T00:00:00,288,7.26,6.2,21.11,319.4,6.21,1.506,0.701,NORMAL,0,NONE
2026-03-04T00:15:00,289,7.211,7.3,21.5,290.6,6.26,1.49,0.704,NORMAL,0,NONE
2026-03-04T00:30:00,290,7.243,8.8,21.05,295.6,6.21,1.493,0.706,NORMAL,0,NONE
2026-03-04T00:45:00,291,7.382,7.03,20.81,297.0,6.03,1.513,0.733,NORMAL,0,NONE
2026-03-04T01:00:00,292,7.205,7.0,20.86,312.1,5.81,1.544,0.747,NORMAL,0,NONE
2026-03-04T01:15:00,293,7.297,8.5,20.92,319.1,6.11,1.502,0.729,NORMAL,0,NONE
2026-03-04T01:30:00,294,7.219,7.42,20.98,305.6,6.39,1.518,0.702,NORMAL,0,NONE
2026-03-04T01:45:00,295,7.296,10.47,20.96,328.4,5.79,1.463,0.711,NORMAL,0,NONE
2026-03-04T02:00:00,296,7.245,8.62,21.01,315.3,5.91,1.512,0.707,NORMAL,0,NONE
2026-03-04T02:15:00,297,7.276,9.38,21.39,314.1,5.84,1.474,0.725,NORMAL,0,NONE
2026-03-04T02:30:00,298,7.286,9.86,20.46,304.3,6.01,1.455,0.693,NORMAL,0,NONE
2026-03-04T02:45:00,299,7.38,10.17,20.64,316.2,6.18,1.458,0.707,NORMAL,0,NONE
2026-03-04T03:00:00,300,7.317,10.15,20.56,310.8,5.97,1.463,0.693,NORMAL,0,NONE
2026-03-04T03:15:00,301,7.358,10.37,20.6,311.5,5.77,1.527,0.711,NORMAL,0,NONE
2026-03-04T03:30:00,302,7.277,7.12,20.8,300.4,6.27,1.506,0.727,NORMAL,0,NONE
2026-03-04T03:45:00,303,7.32,11.77,21.14,306.6,6.34,1.541,0.714,NORMAL,0,NONE
2026-03-04T04:00:00,304,7.34,9.06,21.02,308.0,5.87,1.512,0.715,NORMAL,0,NONE
2026-03-04T04:15:00,305,7.289,9.2,21.62,303.8,6.26,1.484,0.718,NORMAL,0,NONE
2026-03-04T04:30:00,306,7.292,7.15,21.64,295.8,6.24,1.474,0.706,NORMAL,0,NONE
2026-03-04T04:45:00,307,7.381,8.56,21.48,311.0,6.13,1.518,0.725,NORMAL,0,NONE
2026-03-04T05:00:00,308,7.253,9.71,21.34,303.6,6.48,1.522,0.72,NORMAL,0,NONE
2026-03-04T05:15:00,309,7.274,8.56,21.94,307.6,6.66,1.549,0.727,NORMAL,0,NONE
2026-03-04T05:30:00,310,7.471,7.29,22.31,313.8,6.33,1.557,0.691,NORMAL,0,NONE
2026-03-04T05:45:00,311,7.318,8.83,22.01,314.2,6.49,1.513,0.737,NORMAL,0,NONE
2026-03-04T06:00:00,312,7.334,10.79,21.99,321.7,6.85,1.557,0.71,NORMAL,0,NONE
2026-03-04T06:15:00,313,7.381,9.38,22.29,295.9,6.73,1.494,0.729,NORMAL,0,NONE
2026-03-04T06:30:00,314,7.394,7.95,23.02,308.1,6.69,1.575,0.7,NORMAL,0,NONE
2026-03-04T06:45:00,315,7.383,6.91,22.99,305.0,6.99,1.538,0.722,NORMAL,0,NONE
2026-03-04T07:00:00,316,7.436,8.09,23.29,312.3,6.62,1.488,0.706,NORMAL,0,NONE
2026-03-04T07:15:00,317,7.424,9.56,23.16,307.3,6.98,1.515,0.717,NORMAL,0,NONE
2026-03-04T07:30:00,318,7.382,9.61,23.69,307.2,7.22,1.521,0.727,NORMAL,0,NONE
2026-03-04T07:45:00,319,7.484,9.65,23.98,307.9,7.04,1.556,0.729,NORMAL,0,NONE
2026-03-04T08:00:00,320,7.423,8.02,24.57,307.9,6.92,1.528,0.705,NORMAL,0,NONE
2026-03-04T08:15:00,321,7.48,9.16,24.49,301.9,7.46,1.535,0.716,NORMAL,0,NONE
2026-03-04T08:30:00,322,7.442,9.3,24.43,307.1,7.61,1.533,0.723,NORMAL,0,NONE
2026-03-04T08:45:00,323,7.417,9.45,24.55,306.5,7.2,1.54,0.684,NORMAL,0,NONE
2026-03-04T09:00:00,324,7.437,8.82,24.96,327.5,7.49,1.542,0.75,NORMAL,0,NONE
2026-03-04T09:15:00,325,7.573,8.59,24.88,299.5,7.51,1.528,0.725,NORMAL,0,NONE
2026-03-04T09:30:00,326,7.556,7.24,25.33,316.8,7.49,1.514,0.701,NORMAL,0,NONE
2026-03-04T09:45:00,327,7.5,7.25,25.13,307.8,7.92,1.522,0.732,NORMAL,0,NONE
2026-03-04T10:00:00,328,7.476,7.9,25.79,315.1,7.51,1.52,0.697,NORMAL,0,NONE
2026-03-04T10:15:00,329,7.514,8.42,25.45,319.1,7.88,1.513,0.719,NORMAL,0,NONE
2026-03-04T10:30:00,330,7.456,6.88,26.28,306.2,7.8,1.567,0.693,NORMAL,0,NONE
2026-03-04T10:45:00,331,7.592,7.56,26.03,305.9,8.26,1.532,0.707,NORMAL,0,NONE
2026-03-04T11:00:00,332,7.489,9.74,26.64,317.9,8.02,1.533,0.722,NORMAL,0,NONE
2026-03-04T11:15:00,333,7.559,7.74,26.42,300.8,7.88,1.52,0.715,NORMAL,0,NONE
2026-03-04T11:30:00,334,7.523,9.06,26.59,310.0,7.91,1.542,0.678,NORMAL,0,NONE
2026-03-04T11:45:00,335,7.654,9.31,26.98,314.4,8.52,1.529,0.713,NORMAL,0,NONE
2026-03-04T12:00:00,336,7.508,8.07,26.49,314.7,8.26,1.559,0.715,NORMAL,0,NONE
2026-03-04T12:15:00,337,7.526,7.85,26.76,307.9,8.43,1.561,0.712,NORMAL,0,NONE
2026-03-04T12:30:00,338,7.471,8.64,27.02,302.6,8.4,1.568,0.722,NORMAL,0,NONE
2026-03-04T12:45:00,339,7.597,7.98,27.36,306.0,8.3,1.533,0.702,NORMAL,0,NONE
2026-03-04T13:00:00,340,7.596,9.01,27.04,295.5,8.24,1.555,0.719,NORMAL,0,NONE
2026-03-04T13:15:00,341,7.646,10.88,27.02,308.8,8.29,1.525,0.706,NORMAL,0,NONE
2026-03-04T13:30:00,342,7.559,9.44,26.89,306.2,8.25,1.532,0.72,NORMAL,0,NONE
2026-03-04T13:45:00,343,7.666,8.83,26.83,313.7,8.32,1.569,0.722,NORMAL,0,NONE
2026-03-04T14:00:00,344,7.548,9.26,27.36,309.4,8.65,1.574,0.722,NORMAL,0,NONE
2026-03-04T14:15:00,345,7.532,8.5,27.52,320.2,8.31,1.55,0.713,NORMAL,0,NONE
2026-03-04T14:30:00,346,7.643,9.15,27.06,312.5,8.57,1.563,0.728,NORMAL,0,NONE
2026-03-04T14:45:00,347,7.595,7.36,26.55,306.7,8.17,1.577,0.699,NORMAL,0,NONE
2026-03-04T15:00:00,348,7.598,8.27,27.15,303.4,8.38,1.591,0.723,NORMAL,0,NONE
2026-03-04T15:15:00,349,7.507,8.32,27.27,306.3,8.32,1.595,0.733,NORMAL,0,NONE
2026-03-04T15:30:00,350,7.595,8.21,27.06,307.9,8.15,1.546,0.719,NORMAL,0,NONE
2026-03-04T15:45:00,351,7.511,12.88,26.86,301.0,8.42,1.555,0.717,NORMAL,0,NONE
2026-03-04T16:00:00,352,7.666,8.68,26.88,309.5,8.06,1.611,0.705,NORMAL,0,NONE
2026-03-04T16:15:00,353,7.506,9.07,26.54,312.2,8.14,1.581,0.724,NORMAL,0,NONE
2026-03-04T16:30:00,354,7.557,7.66,26.76,319.8,8.21,1.607,0.714,NORMAL,0,NONE
2026-03-04T16:45:00,355,7.45,8.02,26.6,308.5,8.43,1.616,0.711,NORMAL,0,NONE
2026-03-04T17:00:00,356,7.574,9.11,26.94,306.9,7.77,1.572,0.707,NORMAL,0,NONE
2026-03-04T17:15:00,357,7.474,8.6,25.65,299.5,8.01,1.583,0.73,NORMAL,0,NONE
2026-03-04T17:30:00,358,7.557,7.54,25.61,307.6,8.01,1.587,0.728,NORMAL,0,NONE
2026-03-04T17:45:00,359,7.52,8.53,25.68,323.8,8.02,1.587,0.691,NORMAL,0,NONE
2026-03-04T18:00:00,360,7.514,7.68,25.24,312.3,7.87,1.59,0.706,NORMAL,0,NONE
2026-03-04T18:15:00,361,7.61,9.84,25.49,304.5,7.69,1.574,0.707,NORMAL,0,NONE
2026-03-04T18:30:00,362,7.529,8.78,25.01,311.1,7.89,1.575,0.735,NORMAL,0,NONE
2026-03-04T18:45:00,363,7.499,8.29,25.38,315.2,7.58,1.595,0.708,NORMAL,0,NONE
2026-03-04T19:00:00,364,7.525,7.99,24.74,307.4,7.42,1.589,0.693,NORMAL,0,NONE
2026-03-04T19:15:00,365,7.523,10.25,25.01,305.8,7.53,1.607,0.738,NORMAL,0,NONE
2026-03-04T19:30:00,366,7.443,8.77,24.41,310.6,7.35,1.636,0.742,NORMAL,0,NONE
2026-03-04T19:45:00,367,7.324,8.8,24.23,306.2,7.5,1.627,0.724,NORMAL,0,NONE
2026-03-04T20:00:00,368,7.41,9.85,23.99,325.2,7.12,1.637,0.719,NORMAL,0,NONE
2026-03-04T20:15:00,369,7.439,8.47,23.66,309.0,7.22,1.601,0.703,NORMAL,0,NONE
2026-03-04T20:30:00,370,7.46,7.58,23.52,316.7,6.79,1.579,0.72,NORMAL,0,NONE
2026-03-04T20:45:00,371,7.354,10.55,23.44,294.7,6.97,1.614,0.725,NORMAL,0,NONE
2026-03-04T21:00:00,372,7.347,6.87,23.15,306.4,6.96,1.599,0.705,NORMAL,0,NONE
2026-03-04T21:15:00,373,7.366,8.34,22.52,300.5,6.73,1.623,0.705,NORMAL,0,NONE
2026-03-04T21:30:00,374,7.449,9.57,23.28,307.4,6.87,1.641,0.704,NORMAL,0,NONE
2026-03-04T21:45:00,375,7.363,8.24,22.41,313.9,7.19,1.645,0.705,NORMAL,0,NONE
2026-03-04T22:00:00,376,7.385,8.53,22.15,290.2,6.8,1.627,0.729,NORMAL,0,NONE
2026-03-04T22:15:00,377,7.371,7.12,22.3,312.3,6.59,1.617,0.705,NORMAL,0,NONE
2026-03-04T22:30:00,378,7.413,7.78,21.72,314.9,6.61,1.625,0.711,NORMAL,0,NONE
2026-03-04T22:45:00,379,7.438,8.23,22.17,302.2,6.5,1.613,0.696,NORMAL,0,NONE
2026-03-04T23:00:00,380,7.318,8.74,21.7,297.7,6.29,1.635,0.732,NORMAL,0,NONE
2026-03-04T23:15:00,381,7.357,10.34,21.73,305.2,6.06,1.642,0.712,NORMAL,0,NONE
2026-03-04T23:30:00,382,7.395,6.42,21.36,327.0,5.98,1.64,0.718,NORMAL,0,NONE
2026-03-04T23:45:00,383,7.388,10.99,21.19,308.0,6.42,1.648,0.716,NORMAL,0,NONE
2026-03-05T00:00:00,384,7.393,8.07,21.3,314.9,6.03,1.646,0.706,NORMAL,0,NONE
2026-03-05T00:15:00,385,7.316,9.18,21.2,305.9,5.89,1.673,0.734,NORMAL,0,NONE
2026-03-05T00:30:00,386,7.296,9.09,21.01,309.9,5.96,1.644,0.705,NORMAL,0,NONE
2026-03-05T00:45:00,387,7.402,7.31,21.01,316.3,6.31,1.686,0.71,NORMAL,0,NONE
2026-03-05T01:00:00,388,7.236,8.44,20.72,316.4,6.12,1.668,0.709,NORMAL,0,NONE
2026-03-05T01:15:00,389,7.285,5.31,21.07,317.6,6.12,1.67,0.72,NORMAL,0,NONE
2026-03-05T01:30:00,390,7.326,8.36,20.63,304.1,6.04,1.664,0.727,NORMAL,0,NONE
2026-03-05T01:45:00,391,7.366,8.86,21.11,299.6,5.92,1.633,0.72,NORMAL,0,NONE
2026-03-05T02:00:00,392,7.302,9.73,20.98,304.0,6.36,1.67,0.723,NORMAL,0,NONE
2026-03-05T02:15:00,393,7.214,8.48,21.04,310.4,6.2,1.651,0.696,NORMAL,0,NONE
2026-03-05T02:30:00,394,7.265,8.08,20.81,308.9,5.93,1.675,0.746,NORMAL,0,NONE
2026-03-05T02:45:00,395,7.365,7.63,20.85,317.7,6.36,1.671,0.708,NORMAL,0,NONE
2026-03-05T03:00:00,396,7.327,8.7,21.01,312.4,6.03,1.672,0.707,NORMAL,0,NONE
2026-03-05T03:15:00,397,7.3,9.54,20.86,309.5,6.19,1.691,0.701,NORMAL,0,NONE
2026-03-05T03:30:00,398,7.309,9.11,21.02,313.1,5.93,1.717,0.718,NORMAL,0,NONE
2026-03-05T03:45:00,399,7.364,9.32,21.06,301.7,6.23,1.7,0.722,NORMAL,0,NONE
2026-03-05T04:00:00,400,7.341,7.62,21.16,313.2,6.29,1.654,0.719,NORMAL,0,NONE
2026-03-05T04:15:00,401,7.287,8.99,21.27,315.1,6.28,1.676,0.736,NORMAL,0,NONE
2026-03-05T04:30:00,402,7.344,7.41,21.38,309.9,6.12,1.706,0.724,NORMAL,0,NONE
2026-03-05T04:45:00,403,7.359,8.64,21.4,310.8,5.98,1.723,0.689,NORMAL,0,NONE
2026-03-05T05:00:00,404,7.295,7.53,22.05,318.1,6.6,1.677,0.721,NORMAL,0,NONE
2026-03-05T05:15:00,405,7.354,7.75,22.35,317.1,6.47,1.73,0.75,NORMAL,0,NONE
2026-03-05T05:30:00,406,7.412,9.27,22.16,312.4,6.33,1.726,0.733,NORMAL,0,NONE
2026-03-05T05:45:00,407,7.381,9.24,22.0,312.6,6.8,1.711,0.736,NORMAL,0,NONE
2026-03-05T06:00:00,408,7.347,8.15,22.45,305.9,6.57,1.727,0.721,NORMAL,0,NONE
2026-03-05T06:15:00,409,7.41,10.87,22.56,315.2,6.65,1.682,0.719,NORMAL,0,NONE
2026-03-05T06:30:00,410,7.48,7.55,22.92,309.1,6.44,1.731,0.694,NORMAL,0,NONE
2026-03-05T06:45:00,411,7.401,9.45,23.02,313.0,6.64,1.722,0.757,NORMAL,0,NONE
2026-03-05T07:00:00,412,7.472,9.0,23.19,309.5,6.83,1.638,0.726,NORMAL,0,NONE
2026-03-05T07:15:00,413,7.388,6.05,23.36,317.2,6.89,1.782,0.748,NORMAL,0,NONE
2026-03-05T07:30:00,414,7.444,9.73,23.67,302.8,7.39,1.688,0.732,NORMAL,0,NONE
2026-03-05T07:45:00,415,7.368,8.35,24.09,311.6,7.22,1.708,0.69,NORMAL,0,NONE
2026-03-05T08:00:00,416,7.506,9.53,23.7,332.0,7.11,1.709,0.718,NORMAL,0,NONE
2026-03-05T08:15:00,417,7.479,9.94,24.48,311.9,7.39,1.772,0.73,NORMAL,0,NONE
2026-03-05T08:30:00,418,7.446,9.09,24.46,292.5,7.45,1.715,0.745,NORMAL,0,NONE
2026-03-05T08:45:00,419,7.436,6.54,24.67,319.0,7.7,1.75,0.724,NORMAL,0,NONE
2026-03-05T09:00:00,420,7.523,8.96,25.06,314.0,7.45,1.742,0.753,NORMAL,0,NONE
2026-03-05T09:15:00,421,7.481,11.31,24.89,319.7,7.84,1.719,0.693,NORMAL,0,NONE
2026-03-05T09:30:00,422,7.481,7.86,25.27,307.4,7.53,1.766,0.746,NORMAL,0,NONE
2026-03-05T09:45:00,423,7.478,10.93,25.71,290.0,8.15,1.744,0.727,NORMAL,0,NONE
2026-03-05T10:00:00,424,7.56,5.92,25.15,308.9,7.56,1.723,0.742,NORMAL,0,NONE
2026-03-05T10:15:00,425,7.675,10.67,26.1,318.2,7.91,1.77,0.742,NORMAL,0,NONE
2026-03-05T10:30:00,426,7.504,8.5,25.61,312.1,7.64,1.753,0.728,NORMAL,0,NONE
2026-03-05T10:45:00,427,7.549,5.35,26.23,307.7,8.17,1.764,0.718,NORMAL,0,NONE
2026-03-05T11:00:00,428,7.602,9.64,26.04,315.4,8.2,1.727,0.723,NORMAL,0,NONE
2026-03-05T11:15:00,429,7.606,9.51,26.27,308.0,8.41,1.758,0.727,NORMAL,0,NONE
2026-03-05T11:30:00,430,7.562,8.93,26.66,300.0,8.31,1.747,0.711,NORMAL,0,NONE
2026-03-05T11:45:00,431,7.576,8.25,26.47,314.5,8.15,1.763,0.723,NORMAL,0,NONE
2026-03-05T12:00:00,432,7.608,8.16,26.91,321.5,8.31,1.724,0.725,NORMAL,0,NONE
2026-03-05T12:15:00,433,7.6,7.5,27.07,296.2,8.28,1.769,0.741,NORMAL,0,NONE
2026-03-05T12:30:00,434,7.553,8.59,26.77,300.8,8.37,1.764,0.735,NORMAL,0,NONE
2026-03-05T12:45:00,435,7.639,9.63,27.21,307.1,8.64,1.732,0.728,NORMAL,0,NONE
2026-03-05T13:00:00,436,7.636,7.61,27.35,325.3,8.48,1.779,0.729,NORMAL,0,NONE
2026-03-05T13:15:00,437,7.636,9.26,27.42,322.4,8.4,1.76,0.723,NORMAL,0,NONE
2026-03-05T13:30:00,438,7.664,6.33,27.0,308.0,8.58,1.753,0.735,NORMAL,0,NONE
2026-03-05T13:45:00,439,7.577,8.89,26.96,293.7,8.04,1.759,0.73,NORMAL,0,NONE
2026-03-05T14:00:00,440,7.493,9.06,27.52,309.8,8.24,1.74,0.722,NORMAL,0,NONE
2026-03-05T14:15:00,441,7.569,8.19,27.11,331.3,8.4,1.774,0.723,NORMAL,0,NONE
2026-03-05T14:30:00,442,7.441,6.91,26.51,320.9,8.64,1.745,0.726,NORMAL,0,NONE
2026-03-05T14:45:00,443,7.588,9.28,27.69,303.9,8.43,1.766,0.74,NORMAL,0,NONE
2026-03-05T15:00:00,444,7.611,7.26,26.6,299.1,8.45,1.772,0.722,NORMAL,0,NONE
2026-03-05T15:15:00,445,7.548,7.49,27.1,326.9,8.08,1.768,0.727,NORMAL,0,NONE
2026-03-05T15:30:00,446,7.56,7.47,26.89,316.8,8.53,1.793,0.728,NORMAL,0,NONE
2026-03-05T15:45:00,447,7.612,7.34,26.83,300.5,8.26,1.819,0.741,NORMAL,0,NONE
2026-03-05T16:00:00,448,7.577,8.69,26.68,292.0,8.35,1.777,0.735,NORMAL,0,NONE
2026-03-05T16:15:00,449,7.632,7.99,26.47,308.8,8.16,1.788,0.725,NORMAL,0,NONE
2026-03-05T16:30:00,450,7.587,7.0,26.81,304.4,8.12,1.797,0.736,NORMAL,0,NONE
2026-03-05T16:45:00,451,7.489,6.09,26.57,311.0,8.23,1.794,0.715,NORMAL,0,NONE
2026-03-05T17:00:00,452,7.529,9.97,26.38,309.8,8.18,1.751,0.738,NORMAL,0,NONE
2026-03-05T17:15:00,453,7.466,9.83,26.14,310.0,8.16,1.813,0.721,NORMAL,0,NONE
2026-03-05T17:30:00,454,7.47,8.71,25.88,309.6,8.26,1.79,0.717,NORMAL,0,NONE
2026-03-05T17:45:00,455,7.624,7.92,26.02,303.7,8.03,1.81,0.76,NORMAL,0,NONE
2026-03-05T18:00:00,456,7.514,9.31,25.6,317.7,7.52,1.811,0.762,NORMAL,0,NONE
2026-03-05T18:15:00,457,7.456,9.72,25.31,309.0,7.57,1.824,0.737,NORMAL,0,NONE
2026-03-05T18:30:00,458,7.569,8.37,25.23,303.9,7.64,1.789,0.731,NORMAL,0,NONE
2026-03-05T18:45:00,459,7.621,7.52,25.48,304.8,7.43,1.778,0.74,NORMAL,0,NONE
2026-03-05T19:00:00,460,7.448,8.05,24.82,296.6,7.71,1.798,0.71,NORMAL,0,NONE
2026-03-05T19:15:00,461,7.439,7.19,24.6,303.4,7.53,1.79,0.738,NORMAL,0,NONE
2026-03-05T19:30:00,462,7.406,8.37,25.1,297.7,7.57,1.825,0.744,NORMAL,0,NONE
2026-03-05T19:45:00,463,7.529,7.22,24.08,321.7,7.46,1.803,0.713,NORMAL,0,NONE
2026-03-05T20:00:00,464,7.437,9.43,23.8,298.5,6.97,1.795,0.719,NORMAL,0,NONE
2026-03-05T20:15:00,465,7.457,8.16,23.91,305.3,7.4,1.793,0.721,NORMAL,0,NONE
2026-03-05T20:30:00,466,7.493,6.18,23.15,303.4,6.98,1.794,0.748,NORMAL,0,NONE
2026-03-05T20:45:00,467,7.441,9.17,22.95,314.3,7.0,1.809,0.709,NORMAL,0,NONE
2026-03-05T21:00:00,468,7.4,7.28,23.33,313.0,7.14,1.823,0.725,NORMAL,0,NONE
2026-03-05T21:15:00,469,7.436,10.75,23.38,305.7,6.75,1.758,0.734,NORMAL,0,NONE
2026-03-05T21:30:00,470,7.487,6.09,22.26,317.3,6.52,1.798,0.723,NORMAL,0,NONE
2026-03-05T21:45:00,471,7.416,9.11,22.73,313.5,7.0,1.777,0.741,NORMAL,0,NONE
2026-03-05T22:00:00,472,7.343,8.75,22.63,321.6,6.49,1.776,0.724,NORMAL,0,NONE
2026-03-05T22:15:00,473,7.363,10.51,22.11,308.0,6.52,1.816,0.755,NORMAL,0,NONE
2026-03-05T22:30:00,474,7.417,7.68,21.63,315.8,6.49,1.784,0.745,NORMAL,0,NONE
2026-03-05T22:45:00,475,7.359,8.64,21.84,309.1,6.53,1.783,0.756,NORMAL,0,NONE
2026-03-05T23:00:00,476,7.317,8.12,21.87,305.7,6.6,1.782,0.741,NORMAL,0,NONE
2026-03-05T23:15:00,477,7.321,7.6,21.77,313.0,6.21,1.792,0.755,NORMAL,0,NONE
2026-03-05T23:30:00,478,7.456,7.08,21.27,293.0,6.15,1.836,0.729,NORMAL,0,NONE
2026-03-05T23:45:00,479,7.289,8.99,21.46,305.3,6.58,1.798,0.724,NORMAL,0,NONE
2026-03-06T00:00:00,480,7.343,8.31,21.2,316.7,5.92,1.796,0.74,NORMAL,0,NONE
2026-03-06T00:15:00,481,7.312,8.44,21.0,321.8,6.07,1.798,0.729,NORMAL,0,NONE
2026-03-06T00:30:00,482,7.265,7.82,20.95,316.9,5.92,1.802,0.725,NORMAL,0,NONE
2026-03-06T00:45:00,483,7.378,7.69,20.64,306.7,5.98,1.791,0.726,NORMAL,0,NONE
2026-03-06T01:00:00,484,7.3,8.93,20.97,306.1,5.97,1.806,0.736,NORMAL,0,NONE
2026-03-06T01:15:00,485,7.364,10.29,21.02,313.7,6.01,1.798,0.736,NORMAL,0,NONE
2026-03-06T01:30:00,486,7.342,10.29,20.66,307.1,6.01,1.8,0.756,NORMAL,0,NONE
2026-03-06T01:45:00,487,7.276,9.27,20.54,318.1,5.95,1.797,0.725,NORMAL,0,NONE
2026-03-06T02:00:00,488,7.342,7.96,20.79,309.5,6.13,1.801,0.734,CONTAMINATION,1,INDUSTRIAL_ACID_DUMP
2026-03-06T02:15:00,489,6.507,27.14,20.87,706.1,5.46,1.826,0.748,CONTAMINATION,1,INDUSTRIAL_ACID_DUMP
2026-03-06T02:30:00,490,5.585,40.19,21.3,1080.8,5.21,1.815,0.711,CONTAMINATION,1,INDUSTRIAL_ACID_DUMP
2026-03-06T02:45:00,491,4.949,55.57,20.51,1409.3,5.03,1.813,0.73,CONTAMINATION,1,INDUSTRIAL_ACID_DUMP
2026-03-06T03:00:00,492,4.383,64.96,20.54,1641.3,4.71,1.788,0.729,CONTAMINATION,1,INDUSTRIAL_ACID_DUMP
2026-03-06T03:15:00,493,4.013,72.09,20.89,1797.9,4.42,1.806,0.711,CONTAMINATION,1,INDUSTRIAL_ACID_DUMP
2026-03-06T03:30:00,494,3.904,72.58,21.15,1861.5,4.45,1.761,0.737,CONTAMINATION,1,INDUSTRIAL_ACID_DUMP
2026-03-06T03:45:00,495,4.02,71.48,21.11,1805.1,4.46,1.794,0.745,CONTAMINATION,1,INDUSTRIAL_ACID_DUMP
2026-03-06T04:00:00,496,4.383,61.75,21.12,1641.9,4.34,1.773,0.723,CONTAMINATION,1,INDUSTRIAL_ACID_DUMP
2026-03-06T04:15:00,497,4.91,55.46,21.14,1415.7,4.65,1.794,0.745,CONTAMINATION,1,INDUSTRIAL_ACID_DUMP
2026-03-06T04:30:00,498,5.665,41.4,21.35,1076.3,5.19,1.793,0.726,CONTAMINATION,1,INDUSTRIAL_ACID_DUMP
2026-03-06T04:45:00,499,6.378,24.98,21.48,713.3,6.04,1.778,0.731,CONTAMINATION,1,INDUSTRIAL_ACID_DUMP
2026-03-06T05:00:00,500,7.356,7.78,21.82,321.3,6.34,1.8,0.706,CONTAMINATION,1,INDUSTRIAL_ACID_DUMP
2026-03-06T05:15:00,501,7.383,8.7,22.0,306.2,6.07,1.762,0.729,NORMAL,0,NONE
2026-03-06T05:30:00,502,7.358,9.87,22.26,309.9,6.58,1.805,0.723,NORMAL,0,NONE
2026-03-06T05:45:00,503,7.365,5.91,22.08,300.7,6.41,1.785,0.735,NORMAL,0,NONE
2026-03-06T06:00:00,504,7.31,6.77,22.45,305.9,6.8,1.793,0.73,NORMAL,0,NONE
2026-03-06T06:15:00,505,7.348,10.4,22.46,301.8,6.68,1.804,0.73,NORMAL,0,NONE
2026-03-06T06:30:00,506,7.421,9.71,22.39,311.4,6.7,1.811,0.732,NORMAL,0,NONE
2026-03-06T06:45:00,507,7.381,7.99,22.85,317.2,6.73,1.752,0.735,NORMAL,0,NONE
2026-03-06T07:00:00,508,7.313,9.34,23.15,319.4,6.81,1.762,0.731,NORMAL,0,NONE
2026-03-06T07:15:00,509,7.316,9.56,23.1,316.2,6.72,1.777,0.729,NORMAL,0,NONE
2026-03-06T07:30:00,510,7.371,9.16,24.02,311.0,6.91,1.776,0.709,NORMAL,0,NONE
2026-03-06T07:45:00,511,7.476,7.03,23.6,296.6,7.24,1.761,0.729,NORMAL,0,NONE
2026-03-06T08:00:00,512,7.453,11.6,24.55,303.6,7.15,1.768,0.722,NORMAL,0,NONE
2026-03-06T08:15:00,513,7.5,7.49,24.25,309.9,7.04,1.767,0.701,NORMAL,0,NONE
2026-03-06T08:30:00,514,7.447,7.79,24.28,306.0,6.95,1.766,0.717,NORMAL,0,NONE
2026-03-06T08:45:00,515,7.471,8.13,24.93,319.1,7.69,1.77,0.717,NORMAL,0,NONE
2026-03-06T09:00:00,516,7.424,7.88,25.0,311.3,7.62,1.757,0.728,NORMAL,0,NONE
2026-03-06T09:15:00,517,7.593,7.14,24.55,313.5,7.51,1.784,0.732,NORMAL,0,NONE
2026-03-06T09:30:00,518,7.507,8.29,25.14,305.3,7.55,1.787,0.743,NORMAL,0,NONE
2026-03-06T09:45:00,519,7.597,8.94,25.09,324.4,7.65,1.803,0.75,NORMAL,0,NONE
2026-03-06T10:00:00,520,7.522,8.66,25.57,299.7,7.44,1.804,0.736,NORMAL,0,NONE
2026-03-06T10:15:00,521,7.435,10.45,25.58,294.8,7.66,1.785,0.729,NORMAL,0,NONE
2026-03-06T10:30:00,522,7.541,8.97,25.91,321.1,7.92,1.726,0.742,NORMAL,0,NONE
2026-03-06T10:45:00,523,7.48,6.99,25.63,310.3,7.92,1.737,0.711,NORMAL,0,NONE
2026-03-06T11:00:00,524,7.589,8.79,26.47,320.9,8.02,1.774,0.715,NORMAL,0,NONE
2026-03-06T11:15:00,525,7.59,9.66,26.38,317.2,7.9,1.761,0.742,NORMAL,0,NONE
2026-03-06T11:30:00,526,7.594,11.14,26.5,315.8,8.05,1.774,0.713,NORMAL,0,NONE
2026-03-06T11:45:00,527,7.579,10.13,26.42,301.2,7.96,1.752,0.738,NORMAL,0,NONE
2026-03-06T12:00:00,528,7.528,7.99,26.81,309.7,8.3,1.754,0.73,NORMAL,0,NONE
2026-03-06T12:15:00,529,7.626,10.47,27.04,312.6,8.19,1.688,0.713,NORMAL,0,NONE
2026-03-06T12:30:00,530,7.663,6.05,27.27,310.7,7.85,1.767,0.714,NORMAL,0,NONE
2026-03-06T12:45:00,531,7.573,10.91,26.8,302.3,8.6,1.769,0.725,NORMAL,0,NONE
2026-03-06T13:00:00,532,7.674,6.97,26.89,302.1,8.32,1.774,0.726,NORMAL,0,NONE
2026-03-06T13:15:00,533,7.578,8.25,27.16,290.6,8.47,1.772,0.762,NORMAL,0,NONE
2026-03-06T13:30:00,534,7.667,8.85,27.14,314.8,8.38,1.706,0.718,NORMAL,0,NONE
2026-03-06T13:45:00,535,7.581,8.19,27.25,323.7,8.12,1.715,0.697,NORMAL,0,NONE
2026-03-06T14:00:00,536,7.557,8.84,27.2,311.8,8.3,1.745,0.733,NORMAL,0,NONE
2026-03-06T14:15:00,537,7.583,9.69,26.89,309.6,8.28,1.725,0.714,NORMAL,0,NONE
2026-03-06T14:30:00,538,7.529,7.02,27.54,307.5,8.42,1.715,0.705,NORMAL,0,NONE
2026-03-06T14:45:00,539,7.648,9.81,26.94,321.1,8.75,1.733,0.733,NORMAL,0,NONE
2026-03-06T15:00:00,540,7.537,7.04,27.12,317.2,8.17,1.737,0.737,NORMAL,0,NONE
2026-03-06T15:15:00,541,7.532,8.33,27.22,314.3,8.4,1.712,0.695,NORMAL,0,NONE
2026-03-06T15:30:00,542,7.503,7.06,27.07,324.0,8.03,1.721,0.727,NORMAL,0,NONE
2026-03-06T15:45:00,543,7.549,8.17,26.89,316.4,8.09,1.727,0.694,NORMAL,0,NONE
2026-03-06T16:00:00,544,7.543,8.95,26.63,302.4,8.39,1.737,0.732,NORMAL,0,NONE
2026-03-06T16:15:00,545,7.656,6.62,26.52,319.4,8.33,1.781,0.711,NORMAL,0,NONE
2026-03-06T16:30:00,546,7.564,10.07,26.23,312.9,8.21,1.739,0.714,NORMAL,0,NONE
2026-03-06T16:45:00,547,7.615,9.48,26.42,319.0,8.28,1.733,0.719,NORMAL,0,NONE
2026-03-06T17:00:00,548,7.533,7.45,25.93,320.0,8.12,1.709,0.718,NORMAL,0,NONE
2026-03-06T17:15:00,549,7.55,10.44,26.35,312.3,8.13,1.679,0.734,NORMAL,0,NONE
2026-03-06T17:30:00,550,7.581,7.85,26.22,303.8,8.15,1.725,0.717,NORMAL,0,NONE
2026-03-06T17:45:00,551,7.474,7.99,25.73,312.8,7.6,1.694,0.721,NORMAL,0,NONE
2026-03-06T18:00:00,552,7.534,8.2,25.68,310.7,7.75,1.707,0.711,NORMAL,0,NONE
2026-03-06T18:15:00,553,7.458,8.02,25.29,300.5,7.4,1.728,0.726,NORMAL,0,NONE
2026-03-06T18:30:00,554,7.522,8.4,25.26,323.6,7.49,1.686,0.705,NORMAL,0,NONE
2026-03-06T18:45:00,555,7.534,6.51,25.09,301.9,7.42,1.71,0.705,NORMAL,0,NONE
2026-03-06T19:00:00,556,7.459,10.17,24.98,311.7,7.7,1.689,0.747,NORMAL,0,NONE
2026-03-06T19:15:00,557,7.484,9.86,24.54,311.8,7.27,1.714,0.731,NORMAL,0,NONE
2026-03-06T19:30:00,558,7.509,7.2,24.58,305.9,7.39,1.698,0.764,NORMAL,0,NONE
2026-03-06T19:45:00,559,7.53,8.2,24.41,295.1,7.15,1.699,0.714,NORMAL,0,NONE
2026-03-06T20:00:00,560,7.423,7.2,23.85,303.7,7.17,1.658,0.706,NORMAL,0,NONE
2026-03-06T20:15:00,561,7.407,10.43,23.77,300.3,7.3,1.664,0.723,NORMAL,0,NONE
2026-03-06T20:30:00,562,7.45,10.03,23.35,313.7,6.91,1.697,0.726,NORMAL,0,NONE
2026-03-06T20:45:00,563,7.481,9.09,23.53,314.3,6.78,1.694,0.701,NORMAL,0,NONE
2026-03-06T21:00:00,564,7.418,8.63,22.89,314.6,6.91,1.676,0.741,NORMAL,0,NONE
2026-03-06T21:15:00,565,7.462,8.88,23.06,320.1,6.95,1.691,0.727,NORMAL,0,NONE
2026-03-06T21:30:00,566,7.34,10.4,23.04,304.0,7.15,1.678,0.716,NORMAL,0,NONE
2026-03-06T21:45:00,567,7.412,8.39,22.41,326.1,6.84,1.69,0.748,NORMAL,0,NONE
2026-03-06T22:00:00,568,7.389,7.99,22.04,305.4,6.41,1.656,0.718,NORMAL,0,NONE
2026-03-06T22:15:00,569,7.386,9.67,22.0,311.0,6.3,1.678,0.729,NORMAL,0,NONE
2026-03-06T22:30:00,570,7.334,9.62,22.24,312.2,6.3,1.678,0.719,NORMAL,0,NONE
2026-03-06T22:45:00,571,7.293,9.43,21.84,316.8,6.45,1.681,0.737,NORMAL,0,NONE
2026-03-06T23:00:00,572,7.355,7.36,21.99,298.6,6.01,1.657,0.738,NORMAL,0,NONE
2026-03-06T23:15:00,573,7.427,7.36,21.68,311.9,6.34,1.629,0.705,NORMAL,0,NONE
2026-03-06T23:30:00,574,7.353,7.64,21.49,312.5,5.97,1.657,0.728,NORMAL,0,NONE
2026-03-06T23:45:00,575,7.289,10.25,21.18,314.7,6.33,1.659,0.702,NORMAL,0,NONE
2026-03-07T00:00:00,576,7.277,8.04,21.25,299.9,6.18,1.667,0.734,NORMAL,0,NONE
2026-03-07T00:15:00,577,7.414,9.03,21.43,303.2,6.12,1.643,0.742,NORMAL,0,NONE
2026-03-07T00:30:00,578,7.324,7.45,21.05,301.0,5.91,1.664,0.721,NORMAL,0,NONE
2026-03-07T00:45:00,579,7.373,6.15,21.18,308.6,5.91,1.625,0.697,NORMAL,0,NONE
2026-03-07T01:00:00,580,7.323,7.62,20.54,314.7,6.13,1.651,0.698,NORMAL,0,NONE
2026-03-07T01:15:00,581,7.274,8.47,20.74,310.8,5.99,1.647,0.724,NORMAL,0,NONE
2026-03-07T01:30:00,582,7.334,8.79,21.07,312.2,5.92,1.638,0.687,NORMAL,0,NONE
2026-03-07T01:45:00,583,7.26,6.93,21.29,307.4,5.84,1.668,0.712,NORMAL,0,NONE
2026-03-07T02:00:00,584,7.322,8.83,20.63,321.2,5.85,1.615,0.737,NORMAL,0,NONE
2026-03-07T02:15:00,585,7.297,8.78,20.88,311.1,5.87,1.628,0.719,NORMAL,0,NONE
2026-03-07T02:30:00,586,7.31,7.24,21.29,302.7,6.52,1.642,0.695,NORMAL,0,NONE
2026-03-07T02:45:00,587,7.312,10.71,20.82,306.8,6.09,1.639,0.712,NORMAL,0,NONE
2026-03-07T03:00:00,588,7.279,9.92,21.1,306.7,6.01,1.61,0.716,NORMAL,0,NONE
2026-03-07T03:15:00,589,7.32,11.3,21.22,304.7,6.12,1.635,0.683,NORMAL,0,NONE
2026-03-07T03:30:00,590,7.243,10.01,21.37,304.4,5.86,1.61,0.72,NORMAL,0,NONE
2026-03-07T03:45:00,591,7.302,8.89,20.71,299.7,6.32,1.623,0.719,NORMAL,0,NONE
2026-03-07T04:00:00,592,7.395,8.63,21.55,309.6,6.27,1.628,0.736,NORMAL,0,NONE
2026-03-07T04:15:00,593,7.331,9.03,21.26,310.0,6.54,1.592,0.691,NORMAL,0,NONE
2026-03-07T04:30:00,594,7.285,9.25,21.98,311.1,6.44,1.597,0.737,NORMAL,0,NONE
2026-03-07T04:45:00,595,7.306,10.36,21.47,314.1,6.48,1.614,0.71,NORMAL,0,NONE
2026-03-07T05:00:00,596,7.323,10.61,21.79,306.8,6.48,1.63,0.708,NORMAL,0,NONE
2026-03-07T05:15:00,597,7.295,8.41,21.56,307.7,6.18,1.572,0.716,NORMAL,0,NONE
2026-03-07T05:30:00,598,7.439,5.04,21.33,300.3,6.49,1.6,0.727,NORMAL,0,NONE
2026-03-07T05:45:00,599,7.431,9.22,22.12,323.5,6.57,1.57,0.716,NORMAL,0,NONE
2026-03-07T06:00:00,600,7.363,10.34,22.15,305.4,6.6,1.588,0.693,NORMAL,0,NONE
2026-03-07T06:15:00,601,7.386,7.98,22.68,303.8,6.79,1.579,0.707,NORMAL,0,NONE
2026-03-07T06:30:00,602,7.325,7.56,22.6,312.0,6.7,1.606,0.722,NORMAL,0,NONE
2026-03-07T06:45:00,603,7.472,9.24,23.35,309.1,6.57,1.604,0.731,NORMAL,0,NONE
2026-03-07T07:00:00,604,7.407,7.43,23.19,315.8,6.97,1.592,0.738,NORMAL,0,NONE
2026-03-07T07:15:00,605,7.494,9.76,23.88,314.2,7.16,1.62,0.717,NORMAL,0,NONE
2026-03-07T07:30:00,606,7.44,7.06,23.19,303.4,7.01,1.569,0.695,NORMAL,0,NONE
2026-03-07T07:45:00,607,7.474,8.75,24.02,298.8,7.43,1.56,0.717,NORMAL,0,NONE
2026-03-07T08:00:00,608,7.485,9.11,23.79,307.4,7.38,1.576,0.74,NORMAL,0,NONE
2026-03-07T08:15:00,609,7.522,7.9,23.73,307.1,7.35,1.576,0.7,NORMAL,0,NONE
2026-03-07T08:30:00,610,7.461,7.78,24.28,293.3,7.17,1.582,0.709,NORMAL,0,NONE
2026-03-07T08:45:00,611,7.558,9.95,24.52,304.1,7.6,1.534,0.698,NORMAL,0,NONE
2026-03-07T09:00:00,612,7.495,8.26,24.96,316.9,7.56,1.582,0.707,NORMAL,0,NONE
2026-03-07T09:15:00,613,7.532,9.71,24.87,303.1,7.25,1.585,0.711,NORMAL,0,NONE
2026-03-07T09:30:00,614,7.497,10.23,25.25,298.3,7.69,1.551,0.72,NORMAL,0,NONE
2026-03-07T09:45:00,615,7.527,7.46,25.49,317.3,7.78,1.58,0.717,NORMAL,0,NONE
2026-03-07T10:00:00,616,7.523,7.09,25.61,314.6,7.73,1.524,0.706,NORMAL,0,NONE
2026-03-07T10:15:00,617,7.602,10.18,25.95,320.4,7.81,1.586,0.719,NORMAL,0,NONE
2026-03-07T10:30:00,618,7.407,7.57,26.09,313.2,7.81,1.551,0.675,NORMAL,0,NONE
2026-03-07T10:45:00,619,7.519,7.52,26.33,300.8,7.95,1.536,0.696,NORMAL,0,NONE
2026-03-07T11:00:00,620,7.539,6.4,25.91,316.9,8.01,1.542,0.698,NORMAL,0,NONE
2026-03-07T11:15:00,621,7.605,8.5,26.49,324.7,8.09,1.56,0.702,NORMAL,0,NONE
2026-03-07T11:30:00,622,7.676,8.34,26.51,300.9,8.16,1.548,0.701,NORMAL,0,NONE
2026-03-07T11:45:00,623,7.581,9.38,26.75,304.2,8.2,1.527,0.705,NORMAL,0,NONE
2026-03-07T12:00:00,624,7.542,8.4,26.98,315.0,8.49,1.565,0.715,NORMAL,0,NONE
2026-03-07T12:15:00,625,7.536,7.6,27.29,307.4,8.55,1.541,0.684,NORMAL,0,NONE
2026-03-07T12:30:00,626,7.606,7.41,26.54,316.0,8.49,1.519,0.707,NORMAL,0,NONE
2026-03-07T12:45:00,627,7.601,8.96,27.38,319.4,8.35,1.542,0.718,NORMAL,0,NONE
2026-03-07T13:00:00,628,7.59,9.32,27.04,304.2,8.64,1.556,0.705,NORMAL,0,NONE
2026-03-07T13:15:00,629,7.43,8.98,27.32,296.2,8.57,1.517,0.735,NORMAL,0,NONE
2026-03-07T13:30:00,630,7.602,7.73,27.25,307.0,8.37,1.536,0.726,NORMAL,0,NONE
2026-03-07T13:45:00,631,7.577,7.6,26.81,310.7,8.44,1.535,0.695,NORMAL,0,NONE
2026-03-07T14:00:00,632,7.517,5.13,27.19,313.3,8.35,1.523,0.688,NORMAL,0,NONE
2026-03-07T14:15:00,633,7.641,8.24,27.26,308.4,8.34,1.552,0.705,NORMAL,0,NONE
2026-03-07T14:30:00,634,7.632,9.05,27.17,325.9,8.65,1.517,0.726,NORMAL,0,NONE
2026-03-07T14:45:00,635,7.624,9.1,27.37,309.3,8.33,1.527,0.708,NORMAL,0,NONE
2026-03-07T15:00:00,636,7.528,8.14,27.51,311.7,8.44,1.532,0.714,NORMAL,0,NONE
2026-03-07T15:15:00,637,7.514,8.47,27.12,321.2,8.03,1.551,0.72,NORMAL,0,NONE
2026-03-07T15:30:00,638,7.614,10.6,26.82,314.1,8.0,1.519,0.711,NORMAL,0,NONE
2026-03-07T15:45:00,639,7.597,7.45,26.42,307.2,8.17,1.55,0.736,NORMAL,0,NONE
2026-03-07T16:00:00,640,7.558,8.78,26.5,321.9,8.26,1.532,0.697,NORMAL,0,NONE
2026-03-07T16:15:00,641,7.668,7.72,26.99,318.7,8.14,1.529,0.714,NORMAL,0,NONE
2026-03-07T16:30:00,642,7.568,7.74,26.48,310.2,8.29,1.503,0.709,NORMAL,0,NONE
2026-03-07T16:45:00,643,7.495,10.41,26.45,310.9,8.3,1.503,0.693,NORMAL,0,NONE
2026-03-07T17:00:00,644,7.493,7.7,26.03,310.2,8.19,1.504,0.704,NORMAL,0,NONE
2026-03-07T17:15:00,645,7.546,7.96,26.02,312.2,7.93,1.524,0.703,NORMAL,0,NONE
2026-03-07T17:30:00,646,7.456,7.7,25.83,303.4,7.94,1.493,0.704,NORMAL,0,NONE
2026-03-07T17:45:00,647,7.584,9.69,25.59,326.7,7.7,1.518,0.726,NORMAL,0,NONE
2026-03-07T18:00:00,648,7.531,5.85,25.68,307.3,7.75,1.495,0.695,NORMAL,0,NONE
2026-03-07T18:15:00,649,7.426,8.84,25.54,309.8,7.64,1.526,0.716,NORMAL,0,NONE
2026-03-07T18:30:00,650,7.573,7.74,25.82,317.4,7.5,1.507,0.697,NORMAL,0,NONE
2026-03-07T18:45:00,651,7.476,7.26,25.0,310.0,7.51,1.531,0.724,NORMAL,0,NONE
2026-03-07T19:00:00,652,7.436,8.88,24.65,295.7,7.67,1.519,0.698,NORMAL,0,NONE
2026-03-07T19:15:00,653,7.63,8.89,24.76,303.0,7.79,1.483,0.749,NORMAL,0,NONE
2026-03-07T19:30:00,654,7.474,8.25,24.31,301.5,7.51,1.479,0.697,NORMAL,0,NONE
2026-03-07T19:45:00,655,7.346,11.56,24.14,309.5,7.32,1.487,0.712,NORMAL,0,NONE
2026-03-07T20:00:00,656,7.4,9.52,23.89,304.5,6.69,1.504,0.705,NORMAL,0,NONE
2026-03-07T20:15:00,657,7.432,6.85,23.96,315.3,7.14,1.5,0.727,NORMAL,0,NONE
2026-03-07T20:30:00,658,7.438,8.1,23.05,311.8,6.9,1.513,0.696,NORMAL,0,NONE
2026-03-07T20:45:00,659,7.511,9.16,23.62,316.8,7.0,1.532,0.698,NORMAL,0,NONE
2026-03-07T21:00:00,660,7.455,7.92,23.1,323.2,6.57,1.479,0.723,NORMAL,0,NONE
2026-03-07T21:15:00,661,7.479,8.28,22.79,307.1,6.72,1.535,0.72,NORMAL,0,NONE
2026-03-07T21:30:00,662,7.306,9.09,22.51,318.1,7.01,1.492,0.696,NORMAL,0,NONE
2026-03-07T21:45:00,663,7.39,9.19,22.31,305.0,6.98,1.526,0.715,NORMAL,0,NONE
2026-03-07T22:00:00,664,7.378,8.36,22.57,312.5,6.77,1.481,0.688,NORMAL,0,NONE
2026-03-07T22:15:00,665,7.366,9.66,22.33,308.0,6.41,1.507,0.713,NORMAL,0,NONE
2026-03-07T22:30:00,666,7.342,6.43,21.98,312.0,6.44,1.5,0.714,NORMAL,0,NONE
2026-03-07T22:45:00,667,7.33,7.85,21.99,307.0,6.21,1.476,0.69,NORMAL,0,NONE
2026-03-07T23:00:00,668,7.351,8.96,21.74,303.0,6.42,1.496,0.7,NORMAL,0,NONE
2026-03-07T23:15:00,669,7.373,8.35,21.36,308.5,6.21,1.48,0.748,NORMAL,0,NONE
2026-03-07T23:30:00,670,7.305,10.63,20.9,311.6,5.88,1.51,0.713,NORMAL,0,NONE
2026-03-07T23:45:00,671,7.228,8.76,21.57,312.0,6.22,1.543,0.701,NORMAL,0,NONE
2026-03-08T00:00:00,672,7.397,9.5,21.54,311.1,5.92,1.514,0.719,NORMAL,0,NONE
2026-03-08T00:15:00,673,7.307,8.36,21.15,303.9,6.01,1.468,0.708,NORMAL,0,NONE
2026-03-08T00:30:00,674,7.377,8.32,21.29,311.2,6.31,1.495,0.713,NORMAL,0,NONE
2026-03-08T00:45:00,675,7.241,9.07,21.15,321.0,6.12,1.52,0.71,NORMAL,0,NONE
2026-03-08T01:00:00,676,7.252,10.89,20.84,296.5,6.39,1.505,0.702,NORMAL,0,NONE
2026-03-08T01:15:00,677,7.396,9.11,20.72,315.6,5.66,1.517,0.696,NORMAL,0,NONE
2026-03-08T01:30:00,678,7.191,9.4,20.94,314.8,6.21,1.503,0.695,NORMAL,0,NONE
2026-03-08T01:45:00,679,7.318,9.42,20.77,305.7,5.92,1.491,0.699,NORMAL,0,NONE
2026-03-08T02:00:00,680,7.327,10.33,21.09,299.6,5.97,1.472,0.707,NORMAL,0,NONE
2026-03-08T02:15:00,681,7.287,10.59,20.75,319.9,5.87,1.497,0.702,NORMAL,0,NONE
2026-03-08T02:30:00,682,7.248,8.63,20.36,302.7,6.32,1.517,0.732,NORMAL,0,NONE
2026-03-08T02:45:00,683,7.279,8.29,21.41,304.7,6.16,1.519,0.724,NORMAL,0,NONE
2026-03-08T03:00:00,684,7.277,7.86,21.06,321.7,5.7,1.501,0.749,NORMAL,0,NONE
2026-03-08T03:15:00,685,7.4,7.98,20.95,316.1,6.32,1.458,0.692,NORMAL,0,NONE
2026-03-08T03:30:00,686,7.37,8.74,21.2,301.2,6.2,1.463,0.692,NORMAL,0,NONE
2026-03-08T03:45:00,687,7.356,6.78,21.26,324.6,5.73,1.499,0.734,NORMAL,0,NONE
2026-03-08T04:00:00,688,7.325,8.34,21.35,299.0,6.23,1.531,0.712,NORMAL,0,NONE
2026-03-08T04:15:00,689,7.282,7.24,21.52,306.6,6.14,1.479,0.706,NORMAL,0,NONE
2026-03-08T04:30:00,690,7.366,9.01,21.4,302.5,6.08,1.516,0.734,NORMAL,0,NONE
2026-03-08T04:45:00,691,7.341,9.53,21.68,298.7,6.44,1.541,0.709,NORMAL,0,NONE
2026-03-08T05:00:00,692,7.444,7.44,22.26,308.6,6.52,1.509,0.698,NORMAL,0,NONE
2026-03-08T05:15:00,693,7.359,7.33,21.94,309.3,6.37,1.498,0.727,NORMAL,0,NONE
2026-03-08T05:30:00,694,7.258,8.83,22.04,307.4,6.23,1.486,0.68,NORMAL,0,NONE
2026-03-08T05:45:00,695,7.41,8.36,22.36,302.0,7.11,1.508,0.69,NORMAL,0,NONE
2026-03-08T06:00:00,696,7.415,7.68,22.05,312.0,6.57,1.522,0.718,NORMAL,0,NONE
2026-03-08T06:15:00,697,7.416,8.99,22.34,319.1,6.45,1.536,0.733,NORMAL,0,NONE
2026-03-08T06:30:00,698,7.458,10.21,22.39,319.1,6.83,1.502,0.718,NORMAL,0,NONE
2026-03-08T06:45:00,699,7.411,7.48,23.17,299.3,6.71,1.521,0.725,NORMAL,0,NONE
2026-03-08T07:00:00,700,7.486,8.38,23.17,302.1,7.17,1.505,0.721,NORMAL,0,NONE
2026-03-08T07:15:00,701,7.467,9.91,23.56,299.4,6.82,1.468,0.703,NORMAL,0,NONE
2026-03-08T07:30:00,702,7.443,6.89,23.41,292.5,7.17,1.506,0.726,NORMAL,0,NONE
2026-03-08T07:45:00,703,7.511,9.0,24.2,304.0,7.24,1.521,0.694,NORMAL,0,NONE
2026-03-08T08:00:00,704,7.473,7.84,23.91,314.0,7.14,1.509,0.68,NORMAL,0,NONE
2026-03-08T08:15:00,705,7.458,7.91,24.34,314.4,7.26,1.502,0.699,NORMAL,0,NONE
2026-03-08T08:30:00,706,7.439,6.9,24.33,306.5,7.4,1.514,0.683,NORMAL,0,NONE
2026-03-08T08:45:00,707,7.488,8.23,24.46,308.8,7.53,1.542,0.694,NORMAL,0,NONE
2026-03-08T09:00:00,708,7.503,7.85,24.94,308.8,7.38,1.532,0.701,NORMAL,0,NONE
2026-03-08T09:15:00,709,7.435,7.77,24.73,311.2,7.5,1.501,0.714,NORMAL,0,NONE
2026-03-08T09:30:00,710,7.493,8.17,25.33,317.3,7.63,1.533,0.694,NORMAL,0,NONE
2026-03-08T09:45:00,711,7.542,7.6,25.55,307.8,7.71,1.505,0.705,NORMAL,0,NONE
2026-03-08T10:00:00,712,7.588,6.06,25.49,318.2,7.57,1.488,0.684,NORMAL,0,NONE
2026-03-08T10:15:00,713,7.474,10.1,25.82,307.5,8.35,1.523,0.727,NORMAL,0,NONE
2026-03-08T10:30:00,714,7.585,6.82,26.18,317.5,7.93,1.531,0.701,NORMAL,0,NONE
2026-03-08T10:45:00,715,7.499,8.49,26.12,310.4,7.77,1.563,0.716,NORMAL,0,NONE
2026-03-08T11:00:00,716,7.613,7.57,26.62,281.7,8.28,1.546,0.692,NORMAL,0,NONE
2026-03-08T11:15:00,717,7.565,10.58,26.27,307.2,8.22,1.53,0.727,NORMAL,0,NONE
2026-03-08T11:30:00,718,7.551,8.23,26.53,303.3,8.17,1.513,0.718,NORMAL,0,NONE
2026-03-08T11:45:00,719,7.614,6.14,26.69,301.7,8.12,1.551,0.691,NORMAL,0,NONE
2026-03-08T12:00:00,720,7.628,7.43,26.42,303.8,8.27,1.574,0.693,NORMAL,0,NONE
2026-03-08T12:15:00,721,7.548,7.47,27.08,308.9,8.35,1.532,0.708,NORMAL,0,NONE
2026-03-08T12:30:00,722,7.624,9.46,26.78,305.2,8.01,1.544,0.754,NORMAL,0,NONE
2026-03-08T12:45:00,723,7.523,7.99,27.17,302.8,8.09,1.516,0.692,NORMAL,0,NONE
2026-03-08T13:00:00,724,7.59,7.29,27.09,311.9,8.08,1.563,0.714,NORMAL,0,NONE
2026-03-08T13:15:00,725,7.586,9.05,27.41,308.7,8.5,1.561,0.687,NORMAL,0,NONE
2026-03-08T13:30:00,726,7.655,7.72,27.4,311.4,8.29,1.555,0.734,NORMAL,0,NONE
2026-03-08T13:45:00,727,7.587,10.41,27.01,320.1,8.09,1.577,0.682,NORMAL,0,NONE
2026-03-08T14:00:00,728,7.591,8.17,27.14,301.2,8.31,1.535,0.746,NORMAL,0,NONE
2026-03-08T14:15:00,729,7.538,9.2,27.21,317.7,8.3,1.584,0.72,NORMAL,0,NONE
2026-03-08T14:30:00,730,7.56,9.32,27.06,306.8,8.26,1.552,0.716,NORMAL,0,NONE
2026-03-08T14:45:00,731,7.646,8.96,27.33,313.4,8.3,1.564,0.716,NORMAL,0,NONE
2026-03-08T15:00:00,732,7.607,8.22,26.88,317.2,8.21,1.577,0.711,NORMAL,0,NONE
2026-03-08T15:15:00,733,7.611,7.79,26.83,304.5,8.34,1.559,0.715,NORMAL,0,NONE
2026-03-08T15:30:00,734,7.602,7.83,26.59,311.6,8.36,1.576,0.698,NORMAL,0,NONE
2026-03-08T15:45:00,735,7.518,7.81,26.68,304.8,8.42,1.586,0.693,NORMAL,0,NONE
2026-03-08T16:00:00,736,7.663,7.88,26.62,307.8,8.04,1.577,0.727,NORMAL,0,NONE
2026-03-08T16:15:00,737,7.586,6.77,26.14,305.0,8.0,1.563,0.715,NORMAL,0,NONE
2026-03-08T16:30:00,738,7.487,7.05,26.62,298.2,8.5,1.599,0.702,NORMAL,0,NONE
2026-03-08T16:45:00,739,7.526,8.76,26.03,318.9,8.25,1.568,0.727,NORMAL,0,NONE
2026-03-08T17:00:00,740,7.535,10.27,26.47,307.5,8.32,1.606,0.72,NORMAL,0,NONE
2026-03-08T17:15:00,741,7.477,8.25,25.9,302.1,7.8,1.562,0.724,NORMAL,0,NONE
2026-03-08T17:30:00,742,7.507,9.13,25.3,314.9,7.79,1.563,0.717,NORMAL,0,NONE
2026-03-08T17:45:00,743,7.472,10.26,25.52,311.0,7.92,1.631,0.735,NORMAL,0,NONE
2026-03-08T18:00:00,744,7.478,6.4,25.34,305.1,7.71,1.58,0.731,NORMAL,0,NONE
2026-03-08T18:15:00,745,7.527,6.6,25.97,315.4,7.81,1.578,0.726,NORMAL,0,NONE
2026-03-08T18:30:00,746,7.55,9.9,25.17,294.7,7.59,1.581,0.723,NORMAL,0,NONE
2026-03-08T18:45:00,747,7.548,9.5,25.03,301.9,7.72,1.61,0.738,NORMAL,0,NONE
2026-03-08T19:00:00,748,7.525,9.7,24.7,306.5,7.72,1.594,0.729,NORMAL,0,NONE
2026-03-08T19:15:00,749,7.483,8.4,24.6,318.1,7.45,1.616,0.726,NORMAL,0,NONE
2026-03-08T19:30:00,750,7.543,8.99,24.2,314.1,7.52,1.589,0.734,NORMAL,0,NONE
2026-03-08T19:45:00,751,7.537,9.15,23.83,304.5,7.3,1.594,0.725,NORMAL,0,NONE
2026-03-08T20:00:00,752,7.418,6.46,23.65,310.8,7.13,1.641,0.724,NORMAL,0,NONE
2026-03-08T20:15:00,753,7.439,8.85,23.67,312.1,7.39,1.645,0.722,NORMAL,0,NONE
2026-03-08T20:30:00,754,7.451,7.72,23.32,309.8,7.06,1.6,0.691,NORMAL,0,NONE
2026-03-08T20:45:00,755,7.389,9.8,23.5,314.1,6.82,1.598,0.711,NORMAL,0,NONE
2026-03-08T21:00:00,756,7.359,9.0,23.07,303.6,6.98,1.609,0.701,NORMAL,0,NONE
2026-03-08T21:15:00,757,7.388,8.29,22.97,320.3,6.65,1.62,0.711,NORMAL,0,NONE
2026-03-08T21:30:00,758,7.443,11.92,22.4,320.1,6.77,1.62,0.721,NORMAL,0,NONE
2026-03-08T21:45:00,759,7.433,9.22,22.31,317.7,7.0,1.625,0.68,NORMAL,0,NONE
2026-03-08T22:00:00,760,7.388,9.54,22.71,303.4,6.72,1.636,0.722,NORMAL,0,NONE
2026-03-08T22:15:00,761,7.362,7.25,21.95,309.2,6.33,1.668,0.715,NORMAL,0,NONE
2026-03-08T22:30:00,762,7.432,8.28,22.04,303.8,6.52,1.61,0.733,NORMAL,0,NONE
2026-03-08T22:45:00,763,7.365,8.37,22.0,324.5,6.44,1.626,0.709,NORMAL,0,NONE
2026-03-08T23:00:00,764,7.368,9.16,22.0,304.8,6.46,1.652,0.722,NORMAL,0,NONE
2026-03-08T23:15:00,765,7.357,8.13,21.56,306.2,6.38,1.608,0.726,NORMAL,0,NONE
2026-03-08T23:30:00,766,7.242,9.21,21.43,311.4,6.53,1.631,0.726,NORMAL,0,NONE
2026-03-08T23:45:00,767,7.314,8.6,21.41,284.6,6.3,1.649,0.709,NORMAL,0,NONE
2026-03-09T00:00:00,768,7.34,7.53,20.9,322.6,6.25,1.674,0.722,NORMAL,0,NONE
2026-03-09T00:15:00,769,7.359,10.38,21.01,305.8,6.21,1.653,0.702,NORMAL,0,NONE
2026-03-09T00:30:00,770,7.284,8.63,20.76,310.7,6.28,1.653,0.735,NORMAL,0,NONE
2026-03-09T00:45:00,771,7.193,8.18,20.85,309.1,5.86,1.682,0.712,NORMAL,0,NONE
2026-03-09T01:00:00,772,7.391,8.02,21.16,302.2,5.99,1.673,0.74,NORMAL,0,NONE
2026-03-09T01:15:00,773,7.357,6.55,21.07,309.9,5.78,1.651,0.715,NORMAL,0,NONE
2026-03-09T01:30:00,774,7.328,7.44,20.63,319.1,6.25,1.631,0.725,NORMAL,0,NONE
2026-03-09T01:45:00,775,7.333,9.46,20.82,311.2,6.16,1.669,0.725,NORMAL,0,NONE
2026-03-09T02:00:00,776,7.247,10.13,21.29,297.3,6.23,1.661,0.719,NORMAL,0,NONE
2026-03-09T02:15:00,777,7.28,6.36,20.68,300.5,6.06,1.624,0.702,NORMAL,0,NONE
2026-03-09T02:30:00,778,7.3,10.08,21.13,319.0,5.84,1.663,0.732,NORMAL,0,NONE
2026-03-09T02:45:00,779,7.351,7.45,20.77,310.9,5.67,1.681,0.727,NORMAL,0,NONE
2026-03-09T03:00:00,780,7.296,9.4,20.95,312.4,5.87,1.675,0.706,NORMAL,0,NONE
2026-03-09T03:15:00,781,7.278,9.76,21.08,314.0,6.29,1.703,0.744,NORMAL,0,NONE
2026-03-09T03:30:00,782,7.379,8.87,21.11,303.4,6.34,1.689,0.713,NORMAL,0,NONE
2026-03-09T03:45:00,783,7.351,9.88,21.05,316.8,5.76,1.713,0.716,NORMAL,0,NONE
2026-03-09T04:00:00,784,7.374,5.67,21.19,304.1,6.44,1.684,0.707,NORMAL,0,NONE
2026-03-09T04:15:00,785,7.253,7.04,21.35,312.2,6.38,1.741,0.728,NORMAL,0,NONE
2026-03-09T04:30:00,786,7.224,7.35,21.58,302.3,6.06,1.717,0.708,NORMAL,0,NONE
2026-03-09T04:45:00,787,7.332,7.84,21.8,290.1,6.37,1.715,0.733,NORMAL,0,NONE
2026-03-09T05:00:00,788,7.35,7.92,21.77,312.0,6.09,1.707,0.714,NORMAL,0,NONE
2026-03-09T05:15:00,789,7.317,9.36,21.39,319.8,6.29,1.7,0.716,NORMAL,0,NONE
2026-03-09T05:30:00,790,7.31,9.88,22.19,304.9,6.74,1.712,0.718,NORMAL,0,NONE
2026-03-09T05:45:00,791,7.32,8.49,22.51,312.2,6.63,1.738,0.736,NORMAL,0,NONE
2026-03-09T06:00:00,792,7.401,6.75,22.52,298.9,6.62,1.715,0.731,NORMAL,0,NONE
2026-03-09T06:15:00,793,7.329,8.65,22.48,314.3,6.31,1.697,0.71,NORMAL,0,NONE
2026-03-09T06:30:00,794,7.385,8.68,22.84,306.0,6.71,1.718,0.716,NORMAL,0,NONE
2026-03-09T06:45:00,795,7.41,7.3,23.39,297.6,6.71,1.733,0.737,NORMAL,0,NONE
2026-03-09T07:00:00,796,7.429,9.78,23.23,302.1,6.77,1.664,0.715,NORMAL,0,NONE
2026-03-09T07:15:00,797,7.411,10.23,23.18,319.9,7.2,1.728,0.702,NORMAL,0,NONE
2026-03-09T07:30:00,798,7.45,6.9,23.39,313.0,6.95,1.736,0.712,NORMAL,0,NONE
2026-03-09T07:45:00,799,7.434,9.87,23.7,322.6,7.17,1.696,0.707,NORMAL,0,NONE
2026-03-09T08:00:00,800,7.481,9.98,24.29,310.2,7.22,1.74,0.739,NORMAL,0,NONE
2026-03-09T08:15:00,801,7.379,7.74,24.04,308.1,7.39,1.712,0.711,NORMAL,0,NONE
2026-03-09T08:30:00,802,7.459,9.1,23.92,308.6,7.58,1.751,0.748,NORMAL,0,NONE
2026-03-09T08:45:00,803,7.434,8.53,24.52,315.9,7.47,1.749,0.74,NORMAL,0,NONE
2026-03-09T09:00:00,804,7.493,8.89,25.02,300.1,7.61,1.767,0.723,NORMAL,0,NONE
2026-03-09T09:15:00,805,7.582,5.6,24.86,301.7,7.7,1.723,0.727,NORMAL,0,NONE
2026-03-09T09:30:00,806,7.482,7.51,25.19,304.8,7.61,1.745,0.736,NORMAL,0,NONE
2026-03-09T09:45:00,807,7.538,8.16,25.02,314.4,8.02,1.744,0.711,NORMAL,0,NONE
2026-03-09T10:00:00,808,7.513,8.13,26.0,299.5,8.05,1.753,0.722,NORMAL,0,NONE
2026-03-09T10:15:00,809,7.49,9.63,25.58,320.7,7.9,1.757,0.718,NORMAL,0,NONE
2026-03-09T10:30:00,810,7.437,10.19,26.0,311.6,8.13,1.781,0.716,NORMAL,0,NONE
2026-03-09T10:45:00,811,7.609,6.09,26.18,295.3,8.18,1.75,0.735,NORMAL,0,NONE
2026-03-09T11:00:00,812,7.62,7.79,26.23,321.8,7.99,1.752,0.711,NORMAL,0,NONE
2026-03-09T11:15:00,813,7.509,7.24,26.84,302.9,7.85,1.776,0.765,NORMAL,0,NONE
2026-03-09T11:30:00,814,7.605,10.11,26.6,302.7,8.09,1.752,0.734,NORMAL,0,NONE
2026-03-09T11:45:00,815,7.494,9.57,26.49,310.1,8.16,1.717,0.71,NORMAL,0,NONE
2026-03-09T12:00:00,816,7.575,8.84,26.65,309.6,8.18,1.755,0.703,NORMAL,0,NONE
2026-03-09T12:15:00,817,7.597,8.78,26.95,295.8,8.49,1.767,0.715,NORMAL,0,NONE
2026-03-09T12:30:00,818,7.669,9.11,26.98,311.0,8.54,1.756,0.722,NORMAL,0,NONE
2026-03-09T12:45:00,819,7.623,10.26,27.38,305.8,8.51,1.782,0.711,NORMAL,0,NONE
2026-03-09T13:00:00,820,7.609,6.74,27.36,293.9,8.39,1.783,0.719,NORMAL,0,NONE
2026-03-09T13:15:00,821,7.523,9.59,27.34,325.3,8.14,1.762,0.732,NORMAL,0,NONE
2026-03-09T13:30:00,822,7.658,9.08,27.0,306.7,8.45,1.732,0.754,NORMAL,0,NONE
2026-03-09T13:45:00,823,7.583,7.89,27.44,321.3,8.39,1.775,0.725,NORMAL,0,NONE
2026-03-09T14:00:00,824,7.579,8.08,26.97,313.7,8.59,1.766,0.727,NORMAL,0,NONE
2026-03-09T14:15:00,825,7.595,9.4,27.03,316.9,8.53,1.795,0.724,NORMAL,0,NONE
2026-03-09T14:30:00,826,7.598,7.93,27.34,304.3,8.36,1.785,0.726,NORMAL,0,NONE
2026-03-09T14:45:00,827,7.615,8.63,26.96,300.3,8.53,1.796,0.748,NORMAL,0,NONE
2026-03-09T15:00:00,828,7.577,9.39,26.96,320.8,8.16,1.729,0.739,NORMAL,0,NONE
2026-03-09T15:15:00,829,7.634,8.63,26.48,306.8,8.68,1.789,0.724,NORMAL,0,NONE
2026-03-09T15:30:00,830,7.576,6.05,27.07,322.2,8.29,1.778,0.709,NORMAL,0,NONE
2026-03-09T15:45:00,831,7.712,8.34,26.82,305.9,8.15,1.766,0.743,NORMAL,0,NONE
2026-03-09T16:00:00,832,7.673,8.82,26.64,316.2,8.12,1.828,0.725,NORMAL,0,NONE
2026-03-09T16:15:00,833,7.635,9.93,26.46,305.0,8.05,1.769,0.702,NORMAL,0,NONE
2026-03-09T16:30:00,834,7.629,8.94,26.34,320.4,8.2,1.796,0.692,NORMAL,0,NONE
2026-03-09T16:45:00,835,7.547,9.56,26.47,304.7,8.11,1.806,0.762,NORMAL,0,NONE
2026-03-09T17:00:00,836,7.65,7.88,26.21,307.4,7.91,1.757,0.735,NORMAL,0,NONE
2026-03-09T17:15:00,837,7.56,9.17,26.26,314.4,8.14,1.796,0.749,NORMAL,0,NONE
2026-03-09T17:30:00,838,7.514,7.81,26.16,316.4,7.96,1.784,0.72,NORMAL,0,NONE
2026-03-09T17:45:00,839,7.567,9.55,26.31,315.4,7.69,1.787,0.732,NORMAL,0,NONE
2026-03-09T18:00:00,840,7.487,7.52,25.55,320.9,7.31,1.791,0.771,NORMAL,0,NONE
2026-03-09T18:15:00,841,7.504,7.46,25.17,294.0,7.64,1.761,0.737,NORMAL,0,NONE
2026-03-09T18:30:00,842,7.548,8.07,25.16,317.8,7.28,1.809,0.742,NORMAL,0,NONE
2026-03-09T18:45:00,843,7.507,7.27,24.8,303.3,7.64,1.799,0.767,NORMAL,0,NONE
2026-03-09T19:00:00,844,7.436,8.26,24.82,307.9,7.55,1.785,0.721,NORMAL,0,NONE
2026-03-09T19:15:00,845,7.541,7.59,24.61,326.4,7.33,1.786,0.737,NORMAL,0,NONE
2026-03-09T19:30:00,846,7.441,6.53,24.56,314.7,7.22,1.838,0.74,NORMAL,0,NONE
2026-03-09T19:45:00,847,7.406,8.4,24.13,324.4,7.25,1.786,0.757,NORMAL,0,NONE
2026-03-09T20:00:00,848,7.472,8.07,24.26,307.3,7.17,1.79,0.736,NORMAL,0,NONE
2026-03-09T20:15:00,849,7.332,9.73,24.06,328.6,7.48,1.796,0.725,NORMAL,0,NONE
2026-03-09T20:30:00,850,7.376,8.0,23.12,315.2,7.26,1.764,0.735,NORMAL,0,NONE
2026-03-09T20:45:00,851,7.464,9.09,23.5,324.4,6.8,1.805,0.721,NORMAL,0,NONE
2026-03-09T21:00:00,852,7.415,8.26,22.91,310.1,6.82,1.847,0.744,NORMAL,0,NONE
2026-03-09T21:15:00,853,7.315,9.19,22.73,301.9,6.6,1.792,0.721,NORMAL,0,NONE
2026-03-09T21:30:00,854,7.411,8.46,22.92,309.9,6.84,1.772,0.702,NORMAL,0,NONE
2026-03-09T21:45:00,855,7.343,7.93,22.38,308.6,6.53,1.772,0.728,NORMAL,0,NONE
2026-03-09T22:00:00,856,7.416,8.97,22.48,312.5,6.51,1.791,0.738,NORMAL,0,NONE
2026-03-09T22:15:00,857,7.42,9.28,22.39,305.9,6.19,1.753,0.722,NORMAL,0,NONE
2026-03-09T22:30:00,858,7.368,8.52,21.63,313.3,6.44,1.774,0.749,NORMAL,0,NONE
2026-03-09T22:45:00,859,7.312,6.82,21.55,305.2,6.35,1.821,0.745,NORMAL,0,NONE
2026-03-09T23:00:00,860,7.296,7.41,21.76,309.1,6.33,1.801,0.738,NORMAL,0,NONE
2026-03-09T23:15:00,861,7.366,10.87,21.53,316.4,6.37,1.771,0.711,NORMAL,0,NONE
2026-03-09T23:30:00,862,7.251,9.51,21.16,305.8,6.21,1.815,0.758,NORMAL,0,NONE
2026-03-09T23:45:00,863,7.299,9.55,21.55,307.1,6.38,1.817,0.705,NORMAL,0,NONE
2026-03-10T00:00:00,864,7.277,10.67,20.88,320.5,5.98,1.807,0.738,NORMAL,0,NONE
2026-03-10T00:15:00,865,7.343,8.95,21.62,313.0,6.2,1.827,0.745,NORMAL,0,NONE
2026-03-10T00:30:00,866,7.324,9.05,21.06,296.7,6.02,1.802,0.737,NORMAL,0,NONE
2026-03-10T00:45:00,867,7.317,8.94,20.68,309.9,6.15,1.783,0.709,NORMAL,0,NONE
2026-03-10T01:00:00,868,7.335,8.94,21.02,326.5,5.64,1.817,0.758,NORMAL,0,NONE
2026-03-10T01:15:00,869,7.259,9.08,21.12,307.3,6.43,1.767,0.729,NORMAL,0,NONE
2026-03-10T01:30:00,870,7.355,9.34,20.84,316.1,6.24,1.801,0.736,NORMAL,0,NONE
2026-03-10T01:45:00,871,7.264,8.41,21.0,313.6,6.18,1.804,0.75,NORMAL,0,NONE
2026-03-10T02:00:00,872,7.254,9.23,20.74,305.4,5.83,1.795,0.723,NORMAL,0,NONE
2026-03-10T02:15:00,873,7.335,10.76,21.0,327.5,6.03,1.805,0.738,NORMAL,0,NONE
2026-03-10T02:30:00,874,7.283,9.54,21.11,300.2,6.24,1.802,0.741,NORMAL,0,NONE
2026-03-10T02:45:00,875,7.277,8.31,21.0,318.6,5.9,1.782,0.726,NORMAL,0,NONE
2026-03-10T03:00:00,876,7.392,6.71,21.01,316.5,5.95,1.802,0.756,NORMAL,0,NONE
2026-03-10T03:15:00,877,7.309,9.17,21.79,299.1,5.98,1.806,0.737,NORMAL,0,NONE
2026-03-10T03:30:00,878,7.403,8.93,20.77,320.9,6.23,1.795,0.745,NORMAL,0,NONE
2026-03-10T03:45:00,879,7.23,10.1,21.09,320.9,5.67,1.793,0.719,NORMAL,0,NONE
2026-03-10T04:00:00,880,7.307,7.75,21.15,324.0,5.93,1.779,0.71,NORMAL,0,NONE
2026-03-10T04:15:00,881,7.358,10.52,21.39,307.5,6.03,1.806,0.74,NORMAL,0,NONE
2026-03-10T04:30:00,882,7.346,8.93,21.11,312.7,6.25,1.796,0.714,NORMAL,0,NONE
2026-03-10T04:45:00,883,7.388,9.87,20.99,316.4,6.1,1.799,0.735,NORMAL,0,NONE
2026-03-10T05:00:00,884,7.353,7.77,21.74,304.8,6.04,1.772,0.729,NORMAL,0,NONE
2026-03-10T05:15:00,885,7.303,8.41,22.12,311.9,6.55,1.751,0.742,NORMAL,0,NONE
2026-03-10T05:30:00,886,7.319,10.0,21.89,316.2,6.57,1.796,0.74,NORMAL,0,NONE
2026-03-10T05:45:00,887,7.311,9.92,22.06,318.4,6.48,1.78,0.731,NORMAL,0,NONE
2026-03-10T06:00:00,888,7.349,6.17,22.23,300.4,6.36,1.795,0.717,NORMAL,0,NONE
2026-03-10T06:15:00,889,7.388,7.75,22.57,304.5,6.19,1.805,0.731,NORMAL,0,NONE
2026-03-10T06:30:00,890,7.417,8.49,22.85,303.7,6.75,1.782,0.741,NORMAL,0,NONE
2026-03-10T06:45:00,891,7.428,9.37,22.83,305.4,6.95,1.778,0.721,NORMAL,0,NONE
2026-03-10T07:00:00,892,7.427,8.13,22.97,308.4,6.7,1.802,0.745,NORMAL,0,NONE
2026-03-10T07:15:00,893,7.445,7.43,23.4,294.3,6.62,1.78,0.753,NORMAL,0,NONE
2026-03-10T07:30:00,894,7.395,6.54,22.96,315.5,6.77,1.766,0.747,NORMAL,0,NONE
2026-03-10T07:45:00,895,7.491,7.41,24.01,310.7,7.01,1.767,0.72,NORMAL,0,NONE
2026-03-10T08:00:00,896,7.5,9.3,23.73,298.5,7.28,1.759,0.728,NORMAL,0,NONE
2026-03-10T08:15:00,897,7.459,10.46,24.29,312.0,7.46,1.811,0.749,NORMAL,0,NONE
2026-03-10T08:30:00,898,7.552,7.69,24.61,315.9,7.45,1.78,0.737,NORMAL,0,NONE
2026-03-10T08:45:00,899,7.565,9.11,24.28,300.9,7.33,1.782,0.745,NORMAL,0,NONE
2026-03-10T09:00:00,900,7.491,10.36,24.63,305.0,7.37,1.778,0.743,NORMAL,0,NONE
2026-03-10T09:15:00,901,7.623,7.15,24.78,309.6,7.69,1.796,0.725,NORMAL,0,NONE
2026-03-10T09:30:00,902,7.448,7.48,24.9,314.2,7.46,1.755,0.723,NORMAL,0,NONE
2026-03-10T09:45:00,903,7.578,9.72,25.52,307.3,7.89,1.755,0.754,NORMAL,0,NONE
2026-03-10T10:00:00,904,7.446,7.94,25.76,317.8,7.85,1.757,0.716,NORMAL,0,NONE
2026-03-10T10:15:00,905,7.555,10.75,25.63,310.4,7.96,1.743,0.732,NORMAL,0,NONE
2026-03-10T10:30:00,906,7.57,9.11,25.62,311.1,8.03,1.778,0.737,NORMAL,0,NONE
2026-03-10T10:45:00,907,7.636,8.19,25.76,319.0,8.15,1.804,0.736,NORMAL,0,NONE
2026-03-10T11:00:00,908,7.628,7.55,26.56,297.3,8.17,1.773,0.726,NORMAL,0,NONE
2026-03-10T11:15:00,909,7.535,8.95,26.32,312.5,8.37,1.757,0.694,NORMAL,0,NONE
2026-03-10T11:30:00,910,7.679,8.47,26.07,304.2,8.11,1.801,0.733,NORMAL,0,NONE
2026-03-10T11:45:00,911,7.533,7.9,26.79,303.1,8.25,1.758,0.718,NORMAL,0,NONE
2026-03-10T12:00:00,912,7.64,7.65,26.65,328.9,8.29,1.762,0.714,NORMAL,0,NONE
2026-03-10T12:15:00,913,7.671,9.65,26.72,306.6,7.97,1.733,0.691,NORMAL,0,NONE
2026-03-10T12:30:00,914,7.537,8.61,27.38,319.6,8.02,1.749,0.748,NORMAL,0,NONE
2026-03-10T12:45:00,915,7.53,7.83,26.96,321.4,8.48,1.754,0.718,NORMAL,0,NONE
2026-03-10T13:00:00,916,7.641,8.73,26.89,308.0,8.31,1.739,0.747,NORMAL,0,NONE
2026-03-10T13:15:00,917,7.668,10.57,26.77,292.7,8.08,1.747,0.734,NORMAL,0,NONE
2026-03-10T13:30:00,918,7.625,9.96,27.25,326.3,8.27,1.731,0.745,NORMAL,0,NONE
2026-03-10T13:45:00,919,7.607,6.84,26.9,319.9,8.36,1.764,0.723,NORMAL,0,NONE
2026-03-10T14:00:00,920,7.579,9.46,26.79,294.0,8.58,1.708,0.719,NORMAL,0,NONE
2026-03-10T14:15:00,921,7.654,6.69,26.91,315.1,8.25,1.735,0.728,NORMAL,0,NONE
2026-03-10T14:30:00,922,7.538,9.3,27.51,299.7,8.47,1.753,0.719,NORMAL,0,NONE
2026-03-10T14:45:00,923,7.612,8.17,26.98,289.0,8.47,1.752,0.706,NORMAL,0,NONE
2026-03-10T15:00:00,924,7.607,6.56,27.31,303.2,8.13,1.738,0.725,NORMAL,0,NONE
2026-03-10T15:15:00,925,7.513,9.68,27.41,312.6,8.49,1.748,0.756,NORMAL,0,NONE
2026-03-10T15:30:00,926,7.608,10.03,27.44,329.2,8.18,1.716,0.702,NORMAL,0,NONE
2026-03-10T15:45:00,927,7.579,7.8,26.48,308.5,8.39,1.71,0.734,NORMAL,0,NONE
2026-03-10T16:00:00,928,7.498,9.91,26.76,324.3,8.32,1.746,0.697,NORMAL,0,NONE
2026-03-10T16:15:00,929,7.596,9.79,26.88,319.3,7.94,1.737,0.755,NORMAL,0,NONE
2026-03-10T16:30:00,930,7.543,9.51,26.58,310.2,8.01,1.699,0.736,NORMAL,0,NONE
2026-03-10T16:45:00,931,7.516,8.87,26.4,306.2,8.02,1.715,0.736,NORMAL,0,NONE
2026-03-10T17:00:00,932,7.504,8.33,25.86,318.9,7.78,1.717,0.734,NORMAL,0,NONE
2026-03-10T17:15:00,933,7.478,6.67,26.27,307.1,7.9,1.713,0.714,NORMAL,0,NONE
2026-03-10T17:30:00,934,7.523,11.9,26.02,315.1,7.97,1.675,0.758,NORMAL,0,NONE
2026-03-10T17:45:00,935,7.485,8.76,25.53,315.9,7.62,1.697,0.715,NORMAL,0,NONE
2026-03-10T18:00:00,936,7.588,7.68,25.41,308.0,7.91,1.7,0.689,NORMAL,0,NONE
2026-03-10T18:15:00,937,7.498,9.85,25.4,306.0,7.8,1.711,0.731,NORMAL,0,NONE
2026-03-10T18:30:00,938,7.573,8.46,25.35,299.0,7.69,1.657,0.714,NORMAL,0,NONE
2026-03-10T18:45:00,939,7.443,9.54,25.53,309.4,7.35,1.714,0.717,NORMAL,0,NONE
2026-03-10T19:00:00,940,7.546,7.32,25.25,322.7,7.5,1.668,0.73,NORMAL,0,NONE
2026-03-10T19:15:00,941,7.493,10.37,24.67,309.2,7.44,1.636,0.738,NORMAL,0,NONE
2026-03-10T19:30:00,942,7.421,7.11,24.48,319.9,7.33,1.696,0.741,NORMAL,0,NONE
2026-03-10T19:45:00,943,7.475,7.94,23.8,313.4,7.34,1.703,0.74,NORMAL,0,NONE
2026-03-10T20:00:00,944,7.393,9.94,23.92,304.6,7.58,1.684,0.709,NORMAL,0,NONE
2026-03-10T20:15:00,945,7.48,6.25,23.68,302.6,7.39,1.716,0.729,NORMAL,0,NONE
2026-03-10T20:30:00,946,7.327,8.86,23.48,299.4,6.88,1.674,0.747,NORMAL,0,NONE
2026-03-10T20:45:00,947,7.374,8.05,23.61,320.3,6.86,1.735,0.728,NORMAL,0,NONE
2026-03-10T21:00:00,948,7.374,8.2,22.83,321.6,6.52,1.629,0.709,NORMAL,0,NONE
2026-03-10T21:15:00,949,7.423,8.86,22.9,308.8,7.06,1.721,0.742,NORMAL,0,NONE
2026-03-10T21:30:00,950,7.449,8.84,22.59,328.6,6.86,1.668,0.727,NORMAL,0,NONE
2026-03-10T21:45:00,951,7.343,6.75,22.47,310.2,6.7,1.689,0.735,NORMAL,0,NONE
2026-03-10T22:00:00,952,7.347,9.71,21.99,321.3,6.73,1.691,0.732,NORMAL,0,NONE
2026-03-10T22:15:00,953,7.373,8.73,21.96,299.8,6.16,1.637,0.731,NORMAL,0,NONE
2026-03-10T22:30:00,954,7.31,9.56,22.18,313.4,6.24,1.669,0.711,NORMAL,0,NONE
2026-03-10T22:45:00,955,7.324,8.55,21.93,298.7,6.37,1.646,0.718,NORMAL,0,NONE
2026-03-10T23:00:00,956,7.316,10.3,21.23,310.6,6.5,1.691,0.733,NORMAL,0,NONE
2026-03-10T23:15:00,957,7.352,8.67,21.34,312.2,6.28,1.674,0.732,NORMAL,0,NONE
2026-03-10T23:30:00,958,7.296,8.48,21.77,307.4,6.4,1.663,0.714,NORMAL,0,NONE
2026-03-10T23:45:00,959,7.299,9.59,21.34,313.3,6.14,1.688,0.738,NORMAL,0,NONE
2026-03-11T00:00:00,960,7.249,7.83,21.13,313.3,6.39,1.639,0.749,NORMAL,0,NONE
2026-03-11T00:15:00,961,7.345,6.87,21.02,309.8,6.17,1.654,0.715,NORMAL,0,NONE
2026-03-11T00:30:00,962,7.334,6.68,21.02,313.3,6.09,1.649,0.746,NORMAL,0,NONE
2026-03-11T00:45:00,963,7.273,6.3,20.49,294.1,5.9,1.623,0.735,NORMAL,0,NONE
2026-03-11T01:00:00,964,7.297,9.08,20.82,313.9,5.87,1.641,0.759,NORMAL,0,NONE
2026-03-11T01:15:00,965,7.276,7.1,20.93,303.1,6.1,1.612,0.725,NORMAL,0,NONE
2026-03-11T01:30:00,966,7.284,8.25,20.87,318.5,5.9,1.636,0.723,NORMAL,0,NONE
2026-03-11T01:45:00,967,7.177,8.92,20.93,294.4,5.87,1.621,0.713,NORMAL,0,NONE
2026-03-11T02:00:00,968,7.306,7.21,20.37,310.3,5.86,1.607,0.745,NORMAL,0,NONE
2026-03-11T02:15:00,969,7.233,8.17,20.74,303.8,5.98,1.605,0.718,NORMAL,0,NONE
2026-03-11T02:30:00,970,7.261,6.61,20.54,296.7,5.88,1.628,0.703,NORMAL,0,NONE
2026-03-11T02:45:00,971,7.319,7.72,20.82,316.5,6.0,1.6,0.719,NORMAL,0,NONE
2026-03-11T03:00:00,972,7.302,8.31,21.12,308.4,5.98,1.633,0.713,NORMAL,0,NONE
2026-03-11T03:15:00,973,7.415,9.88,21.12,304.2,6.14,1.634,0.7,NORMAL,0,NONE
2026-03-11T03:30:00,974,7.281,9.39,21.19,290.3,6.2,1.59,0.713,NORMAL,0,NONE
2026-03-11T03:45:00,975,7.224,7.82,20.69,305.3,6.23,1.613,0.695,NORMAL,0,NONE
2026-03-11T04:00:00,976,7.302,5.2,21.34,307.7,6.25,1.643,0.716,NORMAL,0,NONE
2026-03-11T04:15:00,977,7.328,7.73,21.5,315.5,6.24,1.629,0.742,NORMAL,0,NONE
2026-03-11T04:30:00,978,7.38,8.05,21.51,313.3,6.22,1.6,0.718,NORMAL,0,NONE
2026-03-11T04:45:00,979,7.377,9.21,21.78,325.7,6.21,1.603,0.725,NORMAL,0,NONE
2026-03-11T05:00:00,980,7.306,9.65,21.63,299.0,6.15,1.592,0.688,NORMAL,0,NONE
2026-03-11T05:15:00,981,7.366,7.16,22.02,299.3,6.47,1.635,0.71,NORMAL,0,NONE
2026-03-11T05:30:00,982,7.289,9.09,22.17,298.2,6.49,1.591,0.711,NORMAL,0,NONE
2026-03-11T05:45:00,983,7.364,9.51,22.48,319.4,6.24,1.589,0.722,NORMAL,0,NONE
2026-03-11T06:00:00,984,7.301,8.56,22.56,316.9,6.44,1.629,0.709,NORMAL,0,NONE
2026-03-11T06:15:00,985,7.408,7.37,22.83,310.2,6.82,1.584,0.707,NORMAL,0,NONE
2026-03-11T06:30:00,986,7.405,7.45,22.78,324.3,6.55,1.599,0.688,NORMAL,0,NONE
2026-03-11T06:45:00,987,7.356,8.63,23.1,314.4,6.86,1.622,0.719,NORMAL,0,NONE
2026-03-11T07:00:00,988,7.355,8.72,23.27,330.8,6.86,1.59,0.716,NORMAL,0,NONE
2026-03-11T07:15:00,989,7.337,9.1,23.01,320.6,6.72,1.575,0.693,NORMAL,0,NONE
2026-03-11T07:30:00,990,7.369,7.54,23.37,317.0,7.02,1.574,0.712,NORMAL,0,NONE
2026-03-11T07:45:00,991,7.442,8.03,23.24,292.3,7.27,1.57,0.698,NORMAL,0,NONE
2026-03-11T08:00:00,992,7.467,7.69,24.09,298.7,7.42,1.535,0.714,NORMAL,0,NONE
2026-03-11T08:15:00,993,7.5,8.75,23.96,317.0,7.33,1.568,0.689,NORMAL,0,NONE
2026-03-11T08:30:00,994,7.465,7.12,24.96,313.5,7.75,1.563,0.713,NORMAL,0,NONE
2026-03-11T08:45:00,995,7.495,8.01,24.48,305.0,7.75,1.574,0.69,NORMAL,0,NONE
2026-03-11T09:00:00,996,7.534,7.72,24.95,312.8,7.5,1.553,0.733,NORMAL,0,NONE
2026-03-11T09:15:00,997,7.528,7.19,25.14,309.3,7.69,1.601,0.713,NORMAL,0,NONE
2026-03-11T09:30:00,998,7.563,6.92,25.55,303.1,7.64,1.557,0.705,NORMAL,0,NONE
2026-03-11T09:45:00,999,7.439,6.82,25.58,304.1,7.79,1.546,0.71,NORMAL,0,NONE
2026-03-11T10:00:00,1000,7.546,10.04,25.44,303.2,8.01,1.577,0.717,NORMAL,0,NONE
2026-03-11T10:15:00,1001,7.573,8.69,25.69,301.4,8.22,1.54,0.725,NORMAL,0,NONE
2026-03-11T10:30:00,1002,7.51,7.24,25.69,313.8,7.82,1.555,0.68,NORMAL,0,NONE
2026-03-11T10:45:00,1003,7.558,7.9,26.32,312.0,7.51,1.575,0.731,NORMAL,0,NONE
2026-03-11T11:00:00,1004,7.572,8.82,26.53,307.0,8.25,1.573,0.713,NORMAL,0,NONE
2026-03-11T11:15:00,1005,7.653,7.77,25.81,303.4,7.8,1.568,0.727,NORMAL,0,NONE
2026-03-11T11:30:00,1006,7.463,8.05,26.68,327.7,8.18,1.569,0.716,NORMAL,0,NONE
2026-03-11T11:45:00,1007,7.566,6.95,26.53,323.2,8.15,1.554,0.739,NORMAL,0,NONE
2026-03-11T12:00:00,1008,7.521,7.14,26.64,323.2,8.25,1.557,0.683,NORMAL,0,NONE
2026-03-11T12:15:00,1009,7.529,6.89,26.65,308.0,8.32,1.544,0.694,NORMAL,0,NONE
2026-03-11T12:30:00,1010,7.493,7.52,26.69,315.0,8.36,1.572,0.706,NORMAL,0,NONE
2026-03-11T12:45:00,1011,7.642,7.73,26.81,290.5,8.36,1.564,0.698,NORMAL,0,NONE
2026-03-11T13:00:00,1012,7.578,9.04,26.79,300.0,8.07,1.507,0.701,NORMAL,0,NONE
2026-03-11T13:15:00,1013,7.585,7.43,27.09,302.3,8.27,1.56,0.719,NORMAL,0,NONE
2026-03-11T13:30:00,1014,7.619,9.2,27.28,307.6,8.58,1.529,0.737,NORMAL,0,NONE
2026-03-11T13:45:00,1015,7.678,7.66,27.25,316.6,8.41,1.542,0.692,NORMAL,0,NONE
2026-03-11T14:00:00,1016,7.607,7.35,27.14,308.7,8.43,1.539,0.719,NORMAL,0,NONE
2026-03-11T14:15:00,1017,7.624,8.93,27.02,313.9,8.39,1.539,0.72,NORMAL,0,NONE
2026-03-11T14:30:00,1018,7.573,7.7,27.35,312.7,8.47,1.516,0.714,NORMAL,0,NONE
2026-03-11T14:45:00,1019,7.625,9.05,27.15,304.0,8.26,1.5,0.728,NORMAL,0,NONE
2026-03-11T15:00:00,1020,7.596,6.5,27.21,299.4,8.44,1.527,0.705,NORMAL,0,NONE
2026-03-11T15:15:00,1021,7.613,9.26,27.11,302.3,8.52,1.512,0.715,NORMAL,0,NONE
2026-03-11T15:30:00,1022,7.662,8.54,27.11,307.3,8.22,1.548,0.715,NORMAL,0,NONE
2026-03-11T15:45:00,1023,7.596,7.89,26.66,306.5,8.21,1.54,0.708,NORMAL,0,NONE
2026-03-11T16:00:00,1024,7.529,9.62,27.21,308.0,8.21,1.509,0.725,NORMAL,0,NONE
2026-03-11T16:15:00,1025,7.538,8.49,26.66,310.3,8.27,1.54,0.704,NORMAL,0,NONE
2026-03-11T16:30:00,1026,7.535,7.43,26.15,315.1,7.95,1.498,0.703,NORMAL,0,NONE
2026-03-11T16:45:00,1027,7.499,9.64,26.4,307.5,8.09,1.524,0.716,NORMAL,0,NONE
2026-03-11T17:00:00,1028,7.494,9.51,26.07,314.6,8.0,1.511,0.703,NORMAL,0,NONE
2026-03-11T17:15:00,1029,7.632,8.76,25.9,304.3,7.97,1.533,0.709,NORMAL,0,NONE
2026-03-11T17:30:00,1030,7.618,8.45,25.62,311.2,7.99,1.512,0.677,NORMAL,0,NONE
2026-03-11T17:45:00,1031,7.488,7.36,25.86,319.9,7.78,1.514,0.691,NORMAL,0,NONE
2026-03-11T18:00:00,1032,7.536,9.38,25.68,310.9,7.55,1.485,0.7,NORMAL,0,NONE
2026-03-11T18:15:00,1033,7.43,9.08,25.21,306.9,7.86,1.514,0.686,NORMAL,0,NONE
2026-03-11T18:30:00,1034,7.557,8.54,25.5,306.6,7.67,1.514,0.703,NORMAL,0,NONE
2026-03-11T18:45:00,1035,7.515,7.83,25.58,304.9,7.54,1.506,0.698,NORMAL,0,NONE
2026-03-11T19:00:00,1036,7.468,8.28,24.59,327.0,7.52,1.495,0.717,NORMAL,0,NONE
2026-03-11T19:15:00,1037,7.541,7.91,25.06,301.5,7.15,1.479,0.699,NORMAL,0,NONE
2026-03-11T19:30:00,1038,7.453,8.8,24.07,308.8,7.25,1.512,0.708,NORMAL,0,NONE
2026-03-11T19:45:00,1039,7.52,7.73,24.53,311.1,7.31,1.479,0.664,NORMAL,0,NONE
2026-03-11T20:00:00,1040,7.449,5.79,23.89,320.3,6.99,1.519,0.687,NORMAL,0,NONE
2026-03-11T20:15:00,1041,7.478,10.11,23.33,286.2,7.52,1.5,0.73,NORMAL,0,NONE
2026-03-11T20:30:00,1042,7.436,8.65,23.35,293.4,7.08,1.52,0.695,NORMAL,0,NONE
2026-03-11T20:45:00,1043,7.422,9.27,23.51,319.1,7.08,1.536,0.715,NORMAL,0,NONE
2026-03-11T21:00:00,1044,7.445,9.03,23.43,312.7,6.86,1.518,0.705,NORMAL,0,NONE
2026-03-11T21:15:00,1045,7.413,7.58,22.89,300.6,6.49,1.495,0.717,NORMAL,0,NONE
2026-03-11T21:30:00,1046,7.384,7.43,22.92,312.3,6.82,1.533,0.735,NORMAL,0,NONE
2026-03-11T21:45:00,1047,7.326,7.38,22.43,302.6,6.45,1.508,0.711,NORMAL,0,NONE
2026-03-11T22:00:00,1048,7.386,10.37,22.61,307.6,6.63,1.534,0.699,NORMAL,0,NONE
2026-03-11T22:15:00,1049,7.354,7.12,22.3,305.5,6.49,1.496,0.722,NORMAL,0,NONE
2026-03-11T22:30:00,1050,7.366,8.41,22.4,320.8,6.64,1.498,0.688,NORMAL,0,NONE
2026-03-11T22:45:00,1051,7.304,10.89,22.19,299.9,6.59,1.505,0.692,NORMAL,0,NONE
2026-03-11T23:00:00,1052,7.398,10.43,21.66,316.5,6.46,1.515,0.716,NORMAL,0,NONE
2026-03-11T23:15:00,1053,7.308,9.42,21.9,298.7,6.21,1.486,0.711,NORMAL,0,NONE
2026-03-11T23:30:00,1054,7.311,10.45,21.49,317.9,6.19,1.492,0.696,NORMAL,0,NONE
2026-03-11T23:45:00,1055,7.297,9.53,21.82,307.4,6.22,1.498,0.709,NORMAL,0,NONE
2026-03-12T00:00:00,1056,7.376,9.71,20.91,313.4,6.02,1.466,0.697,NORMAL,0,NONE
2026-03-12T00:15:00,1057,7.42,7.43,21.21,311.6,6.24,1.485,0.687,NORMAL,0,NONE
2026-03-12T00:30:00,1058,7.279,10.12,21.38,319.2,6.06,1.494,0.7,NORMAL,0,NONE
2026-03-12T00:45:00,1059,7.333,8.72,21.04,315.4,5.76,1.514,0.709,NORMAL,0,NONE
2026-03-12T01:00:00,1060,7.311,9.53,20.95,323.0,6.29,1.495,0.707,NORMAL,0,NONE
2026-03-12T01:15:00,1061,7.442,8.86,20.69,308.0,6.24,1.51,0.71,NORMAL,0,NONE
2026-03-12T01:30:00,1062,7.228,8.78,20.79,303.0,6.12,1.502,0.711,NORMAL,0,NONE
2026-03-12T01:45:00,1063,7.248,9.79,20.95,304.6,6.22,1.503,0.711,NORMAL,0,NONE
2026-03-12T02:00:00,1064,7.375,6.97,21.1,311.6,5.67,1.526,0.737,NORMAL,0,NONE
2026-03-12T02:15:00,1065,7.335,6.86,21.18,314.3,5.96,1.553,0.697,NORMAL,0,NONE
2026-03-12T02:30:00,1066,7.315,10.18,21.34,308.0,6.0,1.538,0.714,NORMAL,0,NONE
2026-03-12T02:45:00,1067,7.336,6.57,20.7,292.2,5.9,1.503,0.713,NORMAL,0,NONE
2026-03-12T03:00:00,1068,7.219,8.31,20.79,306.9,5.96,1.509,0.717,NORMAL,0,NONE
2026-03-12T03:15:00,1069,7.202,7.96,20.48,314.1,6.35,1.523,0.718,NORMAL,0,NONE
2026-03-12T03:30:00,1070,7.228,7.62,21.0,309.3,6.03,1.485,0.69,NORMAL,0,NONE
2026-03-12T03:45:00,1071,7.359,6.71,21.13,305.7,6.05,1.489,0.707,NORMAL,0,NONE
2026-03-12T04:00:00,1072,7.308,8.65,20.77,308.9,6.4,1.518,0.719,NORMAL,0,NONE
2026-03-12T04:15:00,1073,7.424,7.28,21.15,293.1,6.07,1.488,0.721,NORMAL,0,NONE
2026-03-12T04:30:00,1074,7.287,7.34,21.53,312.5,6.3,1.495,0.696,NORMAL,0,NONE
2026-03-12T04:45:00,1075,7.348,7.51,21.41,312.3,6.12,1.498,0.714,NORMAL,0,NONE
2026-03-12T05:00:00,1076,7.331,9.29,21.77,312.6,6.61,1.488,0.691,NORMAL,0,NONE
2026-03-12T05:15:00,1077,7.341,8.65,21.55,312.0,6.48,1.513,0.718,NORMAL,0,NONE
2026-03-12T05:30:00,1078,7.389,8.21,21.95,298.9,6.6,1.541,0.765,NORMAL,0,NONE
2026-03-12T05:45:00,1079,7.285,8.42,22.21,310.9,6.54,1.499,0.734,NORMAL,0,NONE
2026-03-12T06:00:00,1080,7.32,7.74,22.45,315.9,6.42,1.493,0.682,NORMAL,0,NONE
2026-03-12T06:15:00,1081,7.424,10.47,22.55,311.9,6.78,1.489,0.71,NORMAL,0,NONE
2026-03-12T06:30:00,1082,7.383,8.77,22.87,301.2,6.45,1.497,0.718,NORMAL,0,NONE
2026-03-12T06:45:00,1083,7.369,8.97,23.37,300.3,6.77,1.496,0.722,NORMAL,0,NONE
2026-03-12T07:00:00,1084,7.502,9.05,23.59,310.9,7.2,1.5,0.688,NORMAL,0,NONE
2026-03-12T07:15:00,1085,7.47,8.25,23.56,303.1,6.71,1.551,0.716,NORMAL,0,NONE
2026-03-12T07:30:00,1086,7.473,7.38,23.71,307.9,6.99,1.498,0.684,NORMAL,0,NONE
2026-03-12T07:45:00,1087,7.436,9.44,23.48,302.4,7.24,1.523,0.716,NORMAL,0,NONE
2026-03-12T08:00:00,1088,7.467,9.71,23.75,307.8,7.12,1.536,0.733,NORMAL,0,NONE
2026-03-12T08:15:00,1089,7.462,9.8,24.29,328.6,7.16,1.518,0.72,NORMAL,0,NONE
2026-03-12T08:30:00,1090,7.526,9.62,24.37,313.4,7.3,1.558,0.705,NORMAL,0,NONE
2026-03-12T08:45:00,1091,7.519,8.56,24.7,307.0,7.61,1.562,0.705,NORMAL,0,NONE
2026-03-12T09:00:00,1092,7.417,6.89,24.94,315.2,7.6,1.53,0.729,NORMAL,0,NONE
2026-03-12T09:15:00,1093,7.497,8.64,24.9,309.8,7.31,1.531,0.715,NORMAL,0,NONE
2026-03-12T09:30:00,1094,7.399,9.47,24.86,307.2,7.85,1.513,0.687,NORMAL,0,NONE
2026-03-12T09:45:00,1095,7.617,9.01,25.23,298.0,7.64,1.526,0.698,NORMAL,0,NONE
2026-03-12T10:00:00,1096,7.542,10.08,25.25,315.4,7.59,1.512,0.677,NORMAL,0,NONE
2026-03-12T10:15:00,1097,7.593,10.3,25.92,294.9,7.96,1.535,0.741,NORMAL,0,NONE
2026-03-12T10:30:00,1098,7.512,7.88,25.9,327.2,8.18,1.504,0.712,NORMAL,0,NONE
2026-03-12T10:45:00,1099,7.546,8.49,26.4,313.2,8.22,1.563,0.729,NORMAL,0,NONE
2026-03-12T11:00:00,1100,7.555,8.05,26.14,319.5,8.22,1.539,0.703,NORMAL,0,NONE
2026-03-12T11:15:00,1101,7.619,7.55,26.01,315.0,7.88,1.549,0.712,NORMAL,0,NONE
2026-03-12T11:30:00,1102,7.569,9.88,26.73,300.8,8.07,1.551,0.714,NORMAL,0,NONE
2026-03-12T11:45:00,1103,7.646,7.88,27.27,312.7,8.41,1.551,0.713,NORMAL,0,NONE
2026-03-12T12:00:00,1104,7.564,8.65,26.69,312.0,8.45,1.514,0.717,NORMAL,0,NONE
2026-03-12T12:15:00,1105,7.597,7.75,27.06,307.5,8.29,1.533,0.684,NORMAL,0,NONE
2026-03-12T12:30:00,1106,7.566,7.7,27.09,293.3,8.07,1.558,0.714,NORMAL,0,NONE
2026-03-12T12:45:00,1107,7.508,8.0,27.04,317.0,8.38,1.55,0.719,NORMAL,0,NONE
2026-03-12T13:00:00,1108,7.578,8.09,26.43,314.5,8.62,1.539,0.731,NORMAL,0,NONE
2026-03-12T13:15:00,1109,7.571,9.58,26.84,314.1,8.43,1.567,0.722,NORMAL,0,NONE
2026-03-12T13:30:00,1110,7.615,9.06,27.02,319.6,8.35,1.551,0.715,NORMAL,0,NONE
2026-03-12T13:45:00,1111,7.645,9.59,27.42,306.8,8.48,1.55,0.713,NORMAL,0,NONE
2026-03-12T14:00:00,1112,7.587,8.7,27.34,312.2,8.16,1.575,0.679,NORMAL,0,NONE
2026-03-12T14:15:00,1113,7.637,8.36,26.78,325.6,8.58,1.585,0.748,NORMAL,0,NONE
2026-03-12T14:30:00,1114,7.574,10.32,26.6,298.6,8.09,1.557,0.702,NORMAL,0,NONE
2026-03-12T14:45:00,1115,7.568,7.39,27.45,315.5,8.49,1.551,0.73,NORMAL,0,NONE
2026-03-12T15:00:00,1116,7.572,5.45,26.88,305.5,8.27,1.535,0.713,NORMAL,0,NONE
2026-03-12T15:15:00,1117,7.566,6.49,27.37,309.0,8.46,1.564,0.709,NORMAL,0,NONE
2026-03-12T15:30:00,1118,7.608,11.14,26.81,314.4,8.42,1.581,0.685,NORMAL,0,NONE
2026-03-12T15:45:00,1119,7.54,10.2,26.52,308.0,8.27,1.574,0.696,NORMAL,0,NONE
2026-03-12T16:00:00,1120,7.577,9.12,27.13,311.7,8.2,1.56,0.714,NORMAL,0,NONE
2026-03-12T16:15:00,1121,7.534,10.33,26.97,310.1,8.42,1.572,0.694,NORMAL,0,NONE
2026-03-12T16:30:00,1122,7.564,8.81,26.38,310.3,8.26,1.574,0.721,NORMAL,0,NONE
2026-03-12T16:45:00,1123,7.589,9.38,26.74,319.0,8.18,1.604,0.686,NORMAL,0,NONE
2026-03-12T17:00:00,1124,7.549,8.34,26.27,303.2,8.12,1.569,0.719,NORMAL,0,NONE
2026-03-12T17:15:00,1125,7.602,7.78,26.28,305.8,7.95,1.587,0.709,NORMAL,0,NONE
2026-03-12T17:30:00,1126,7.568,6.55,26.2,317.5,7.9,1.587,0.717,NORMAL,0,NONE
2026-03-12T17:45:00,1127,7.524,10.1,25.32,298.5,7.88,1.593,0.682,NORMAL,0,NONE
2026-03-12T18:00:00,1128,7.519,7.21,25.48,303.9,7.74,1.598,0.701,NORMAL,0,NONE
2026-03-12T18:15:00,1129,7.528,8.63,25.66,305.4,7.82,1.596,0.718,NORMAL,0,NONE
2026-03-12T18:30:00,1130,7.394,11.46,24.82,311.0,7.66,1.578,0.702,NORMAL,0,NONE
2026-03-12T18:45:00,1131,7.447,8.68,25.24,308.1,7.43,1.617,0.71,NORMAL,0,NONE
2026-03-12T19:00:00,1132,7.453,10.14,24.68,312.4,7.46,1.585,0.697,NORMAL,0,NONE
2026-03-12T19:15:00,1133,7.408,6.27,24.61,299.3,7.33,1.603,0.705,NORMAL,0,NONE
2026-03-12T19:30:00,1134,7.418,7.94,24.86,301.2,7.43,1.579,0.713,NORMAL,0,NONE
2026-03-12T19:45:00,1135,7.425,6.73,24.48,294.2,7.22,1.611,0.715,NORMAL,0,NONE
2026-03-12T20:00:00,1136,7.494,6.29,24.05,306.0,6.94,1.589,0.705,NORMAL,0,NONE
2026-03-12T20:15:00,1137,7.484,9.52,23.77,309.9,6.82,1.642,0.715,NORMAL,0,NONE
2026-03-12T20:30:00,1138,7.344,8.43,23.42,318.6,7.15,1.607,0.7,NORMAL,0,NONE
2026-03-12T20:45:00,1139,7.444,5.73,23.05,309.9,6.91,1.605,0.724,NORMAL,0,NONE
2026-03-12T21:00:00,1140,7.43,8.02,23.63,310.0,6.86,1.598,0.702,NORMAL,0,NONE
2026-03-12T21:15:00,1141,7.444,7.74,22.64,308.5,6.9,1.643,0.753,NORMAL,0,NONE
2026-03-12T21:30:00,1142,7.399,9.33,22.34,312.6,6.84,1.656,0.719,NORMAL,0,NONE
2026-03-12T21:45:00,1143,7.422,6.8,23.12,298.6,6.46,1.636,0.73,NORMAL,0,NONE
2026-03-12T22:00:00,1144,7.339,6.72,22.26,318.9,6.7,1.635,0.723,NORMAL,0,NONE
2026-03-12T22:15:00,1145,7.361,6.74,22.27,289.4,6.53,1.653,0.731,NORMAL,0,NONE
2026-03-12T22:30:00,1146,7.443,9.74,22.39,308.9,6.48,1.626,0.71,NORMAL,0,NONE
2026-03-12T22:45:00,1147,7.427,8.49,22.12,324.7,6.15,1.665,0.713,NORMAL,0,NONE
2026-03-12T23:00:00,1148,7.316,9.57,21.68,315.6,6.39,1.653,0.713,NORMAL,0,NONE
2026-03-12T23:15:00,1149,7.32,7.05,21.21,297.1,6.37,1.637,0.742,NORMAL,0,NONE
2026-03-12T23:30:00,1150,7.277,7.28,21.56,302.1,6.09,1.648,0.737,NORMAL,0,NONE
2026-03-12T23:45:00,1151,7.301,8.62,22.02,317.5,6.52,1.682,0.73,NORMAL,0,NONE
2026-03-13T00:00:00,1152,7.28,8.12,21.1,305.0,6.33,1.645,0.688,NORMAL,0,NONE
2026-03-13T00:15:00,1153,7.254,6.46,21.38,320.8,6.6,1.651,0.708,NORMAL,0,NONE
2026-03-13T00:30:00,1154,7.247,9.38,21.09,308.7,6.19,1.636,0.737,NORMAL,0,NONE
2026-03-13T00:45:00,1155,7.379,7.76,21.29,294.5,5.98,1.668,0.736,NORMAL,0,NONE
2026-03-13T01:00:00,1156,7.307,8.54,21.18,315.5,6.22,1.63,0.732,NORMAL,0,NONE
2026-03-13T01:15:00,1157,7.274,7.38,21.0,325.6,6.0,1.664,0.711,NORMAL,0,NONE
2026-03-13T01:30:00,1158,7.322,9.48,20.81,307.5,6.21,1.683,0.722,NORMAL,0,NONE
2026-03-13T01:45:00,1159,7.206,7.65,20.7,322.4,5.87,1.644,0.707,NORMAL,0,NONE
2026-03-13T02:00:00,1160,7.296,7.53,20.52,302.2,6.2,1.65,0.737,NORMAL,0,NONE
2026-03-13T02:15:00,1161,7.325,8.77,20.45,312.9,6.02,1.669,0.686,NORMAL,0,NONE
2026-03-13T02:30:00,1162,7.235,10.01,20.82,321.6,5.92,1.667,0.727,NORMAL,0,NONE
2026-03-13T02:45:00,1163,7.281,8.37,20.86,317.0,5.68,1.657,0.738,NORMAL,0,NONE
2026-03-13T03:00:00,1164,7.277,7.32,21.0,306.6,5.83,1.694,0.715,NORMAL,0,NONE
2026-03-13T03:15:00,1165,7.275,8.5,21.0,301.2,6.38,1.673,0.717,NORMAL,0,NONE
2026-03-13T03:30:00,1166,7.292,7.18,20.82,299.7,5.81,1.741,0.764,NORMAL,0,NONE
2026-03-13T03:45:00,1167,7.261,7.27,21.72,314.4,6.07,1.681,0.708,NORMAL,0,NONE
2026-03-13T04:00:00,1168,7.336,8.26,21.45,305.1,6.14,1.653,0.719,NORMAL,0,NONE
2026-03-13T04:15:00,1169,7.302,8.59,21.26,302.0,6.28,1.72,0.723,NORMAL,0,NONE
2026-03-13T04:30:00,1170,7.288,6.9,21.91,307.8,5.8,1.639,0.72,NORMAL,0,NONE
2026-03-13T04:45:00,1171,7.33,7.75,21.35,308.3,6.15,1.708,0.713,NORMAL,0,NONE
2026-03-13T05:00:00,1172,7.265,9.61,22.02,303.0,6.57,1.673,0.713,NORMAL,0,NONE
2026-03-13T05:15:00,1173,7.41,9.15,21.93,308.9,6.59,1.707,0.749,NORMAL,0,NONE
2026-03-13T05:30:00,1174,7.349,6.94,22.05,299.6,6.45,1.649,0.742,NORMAL,0,NONE
2026-03-13T05:45:00,1175,7.409,8.26,22.71,313.2,6.22,1.718,0.724,NORMAL,0,NONE
2026-03-13T06:00:00,1176,7.336,10.15,23.06,301.3,6.76,1.702,0.721,NORMAL,0,NONE
2026-03-13T06:15:00,1177,7.441,5.74,22.62,302.4,6.68,1.699,0.712,NORMAL,0,NONE
2026-03-13T06:30:00,1178,7.345,9.65,22.62,298.4,6.44,1.69,0.72,NORMAL,0,NONE
2026-03-13T06:45:00,1179,7.421,9.19,23.33,318.1,6.75,1.702,0.709,NORMAL,0,NONE
2026-03-13T07:00:00,1180,7.375,8.44,23.49,307.2,6.92,1.681,0.73,NORMAL,0,NONE
2026-03-13T07:15:00,1181,7.379,8.26,23.64,306.7,6.85,1.759,0.741,NORMAL,0,NONE
2026-03-13T07:30:00,1182,7.434,7.1,23.63,308.5,6.93,1.712,0.732,NORMAL,0,NONE
2026-03-13T07:45:00,1183,7.432,6.43,23.52,306.8,6.88,1.747,0.745,NORMAL,0,NONE
2026-03-13T08:00:00,1184,7.479,9.15,24.52,319.8,7.12,1.748,0.73,NORMAL,0,NONE
2026-03-13T08:15:00,1185,7.484,9.81,24.09,315.4,7.36,1.73,0.723,NORMAL,0,NONE
2026-03-13T08:30:00,1186,7.429,5.94,24.71,317.6,7.33,1.752,0.741,NORMAL,0,NONE
2026-03-13T08:45:00,1187,7.459,6.78,24.62,312.4,7.64,1.707,0.731,NORMAL,0,NONE
2026-03-13T09:00:00,1188,7.535,7.7,24.73,309.3,7.3,1.73,0.749,NORMAL,0,NONE
2026-03-13T09:15:00,1189,7.53,10.66,25.3,305.4,7.6,1.762,0.724,NORMAL,0,NONE
2026-03-13T09:30:00,1190,7.556,9.32,25.27,318.1,7.83,1.744,0.704,NORMAL,0,NONE
2026-03-13T09:45:00,1191,7.529,9.76,25.78,309.8,7.67,1.731,0.709,NORMAL,0,NONE
2026-03-13T10:00:00,1192,7.602,8.91,25.97,309.6,7.93,1.759,0.713,NORMAL,0,NONE
2026-03-13T10:15:00,1193,7.501,11.58,25.39,324.3,7.72,1.739,0.729,NORMAL,0,NONE
2026-03-13T10:30:00,1194,7.558,8.08,25.87,312.7,7.89,1.743,0.718,NORMAL,0,NONE
2026-03-13T10:45:00,1195,7.583,7.87,25.93,313.9,7.92,1.766,0.73,NORMAL,0,NONE
2026-03-13T11:00:00,1196,7.646,9.37,26.5,321.2,8.01,1.778,0.721,NORMAL,0,NONE
2026-03-13T11:15:00,1197,7.567,6.21,26.84,305.1,7.88,1.725,0.719,NORMAL,0,NONE
2026-03-13T11:30:00,1198,7.616,7.39,26.66,307.4,8.09,1.78,0.748,NORMAL,0,NONE
2026-03-13T11:45:00,1199,7.52,8.59,26.6,305.9,7.91,1.778,0.731,NORMAL,0,NONE
2026-03-13T12:00:00,1200,7.521,10.32,26.84,319.0,8.32,1.767,0.753,NORMAL,0,NONE
2026-03-13T12:15:00,1201,7.653,7.76,26.81,308.6,8.28,1.793,0.729,NORMAL,0,NONE
2026-03-13T12:30:00,1202,7.481,10.12,26.76,318.4,8.31,1.735,0.717,NORMAL,0,NONE
2026-03-13T12:45:00,1203,7.575,8.98,27.49,308.7,8.51,1.79,0.743,NORMAL,0,NONE
2026-03-13T13:00:00,1204,7.672,7.18,27.23,314.7,8.32,1.755,0.755,NORMAL,0,NONE
2026-03-13T13:15:00,1205,7.625,7.14,26.68,308.9,8.19,1.694,0.719,NORMAL,0,NONE
2026-03-13T13:30:00,1206,7.541,10.18,27.47,316.2,8.21,1.748,0.723,NORMAL,0,NONE
2026-03-13T13:45:00,1207,7.562,5.56,26.81,308.6,8.4,1.786,0.703,NORMAL,0,NONE
2026-03-13T14:00:00,1208,7.499,7.37,26.86,297.1,8.36,1.732,0.716,NORMAL,0,NONE
2026-03-13T14:15:00,1209,7.643,8.25,27.17,290.3,8.7,1.753,0.735,NORMAL,0,NONE
2026-03-13T14:30:00,1210,7.631,6.52,27.09,306.9,8.45,1.764,0.738,NORMAL,0,NONE
2026-03-13T14:45:00,1211,7.63,6.95,27.28,309.2,8.34,1.777,0.743,NORMAL,0,NONE
2026-03-13T15:00:00,1212,7.601,6.88,27.42,308.1,8.25,1.781,0.716,NORMAL,0,NONE
2026-03-13T15:15:00,1213,7.562,8.6,27.05,309.5,8.22,1.786,0.725,NORMAL,0,NONE
2026-03-13T15:30:00,1214,7.568,7.81,26.89,310.2,8.37,1.776,0.742,NORMAL,0,NONE
2026-03-13T15:45:00,1215,7.645,9.69,27.07,311.2,8.42,1.772,0.745,NORMAL,0,NONE
2026-03-13T16:00:00,1216,7.622,8.88,26.96,315.4,8.54,1.77,0.72,NORMAL,0,NONE
2026-03-13T16:15:00,1217,7.653,9.24,26.87,311.7,7.97,1.801,0.736,NORMAL,0,NONE
2026-03-13T16:30:00,1218,7.587,6.74,26.52,314.5,7.77,1.786,0.729,NORMAL,0,NONE
2026-03-13T16:45:00,1219,7.535,7.46,26.67,308.4,7.8,1.787,0.7,NORMAL,0,NONE
2026-03-13T17:00:00,1220,7.583,8.94,25.7,303.4,8.04,1.791,0.74,NORMAL,0,NONE
2026-03-13T17:15:00,1221,7.549,10.3,26.13,311.0,7.68,1.756,0.763,NORMAL,0,NONE
2026-03-13T17:30:00,1222,7.527,8.56,25.93,318.9,7.74,1.772,0.74,NORMAL,0,NONE
2026-03-13T17:45:00,1223,7.619,5.6,26.02,326.9,7.87,1.788,0.759,NORMAL,0,NONE
2026-03-13T18:00:00,1224,7.554,7.74,25.72,298.4,8.07,1.788,0.751,NORMAL,0,NONE
2026-03-13T18:15:00,1225,7.489,8.75,25.4,311.5,7.64,1.835,0.733,NORMAL,0,NONE
2026-03-13T18:30:00,1226,7.521,7.64,24.91,311.4,7.77,1.8,0.725,NORMAL,0,NONE
2026-03-13T18:45:00,1227,7.547,8.39,24.89,298.5,7.48,1.786,0.742,NORMAL,0,NONE
2026-03-13T19:00:00,1228,7.451,8.83,24.78,313.5,7.67,1.794,0.755,NORMAL,0,NONE
2026-03-13T19:15:00,1229,7.534,8.2,24.76,313.1,7.48,1.812,0.766,NORMAL,0,NONE
2026-03-13T19:30:00,1230,7.476,6.24,24.28,310.8,7.47,1.781,0.718,CONTAMINATION,1,RAW_SEWAGE_OVERFLOW
2026-03-13T19:45:00,1231,7.409,42.43,24.57,403.9,6.08,1.786,0.723,CONTAMINATION,1,RAW_SEWAGE_OVERFLOW
2026-03-13T20:00:00,1232,7.277,76.63,23.61,518.6,5.5,1.813,0.752,CONTAMINATION,1,RAW_SEWAGE_OVERFLOW
2026-03-13T20:15:00,1233,7.18,105.51,23.6,601.7,4.39,1.778,0.726,CONTAMINATION,1,RAW_SEWAGE_OVERFLOW
2026-03-13T20:30:00,1234,7.03,133.0,23.47,689.9,2.9,1.8,0.721,CONTAMINATION,1,RAW_SEWAGE_OVERFLOW
2026-03-13T20:45:00,1235,6.853,152.2,23.32,760.5,2.98,1.814,0.723,CONTAMINATION,1,RAW_SEWAGE_OVERFLOW
2026-03-13T21:00:00,1236,6.904,171.47,23.06,793.9,1.79,1.787,0.751,CONTAMINATION,1,RAW_SEWAGE_OVERFLOW
2026-03-13T21:15:00,1237,6.789,180.57,23.02,829.9,1.78,1.806,0.71,CONTAMINATION,1,RAW_SEWAGE_OVERFLOW
2026-03-13T21:30:00,1238,6.752,184.21,22.76,815.2,1.46,1.796,0.732,CONTAMINATION,1,RAW_SEWAGE_OVERFLOW
2026-03-13T21:45:00,1239,6.745,180.9,22.34,819.3,1.7,1.806,0.741,CONTAMINATION,1,RAW_SEWAGE_OVERFLOW
2026-03-13T22:00:00,1240,6.835,169.79,22.23,781.9,1.54,1.775,0.727,CONTAMINATION,1,RAW_SEWAGE_OVERFLOW
2026-03-13T22:15:00,1241,6.807,154.33,22.39,743.5,2.23,1.799,0.736,CONTAMINATION,1,RAW_SEWAGE_OVERFLOW
2026-03-13T22:30:00,1242,6.97,132.68,22.36,674.9,3.16,1.772,0.73,CONTAMINATION,1,RAW_SEWAGE_OVERFLOW
2026-03-13T22:45:00,1243,7.017,107.06,22.36,592.6,3.57,1.794,0.736,CONTAMINATION,1,RAW_SEWAGE_OVERFLOW
2026-03-13T23:00:00,1244,7.105,74.66,21.65,500.9,4.18,1.788,0.757,CONTAMINATION,1,RAW_SEWAGE_OVERFLOW
2026-03-13T23:15:00,1245,7.189,42.48,21.76,416.3,5.36,1.824,0.731,CONTAMINATION,1,RAW_SEWAGE_OVERFLOW
2026-03-13T23:30:00,1246,7.336,8.47,21.89,306.3,6.21,1.78,0.713,CONTAMINATION,1,RAW_SEWAGE_OVERFLOW
2026-03-13T23:45:00,1247,7.278,7.73,20.92,312.3,6.05,1.797,0.751,NORMAL,0,NONE
2026-03-14T00:00:00,1248,7.34,8.33,21.38,314.8,5.88,1.781,0.736,NORMAL,0,NONE
2026-03-14T00:15:00,1249,7.345,7.91,21.07,313.4,6.17,1.768,0.731,NORMAL,0,NONE
2026-03-14T00:30:00,1250,7.328,7.21,21.01,314.3,6.06,1.817,0.739,NORMAL,0,NONE
2026-03-14T00:45:00,1251,7.417,8.4,21.01,313.6,6.08,1.768,0.725,NORMAL,0,NONE
2026-03-14T01:00:00,1252,7.298,9.44,21.03,311.1,5.81,1.77,0.727,NORMAL,0,NONE
2026-03-14T01:15:00,1253,7.324,9.82,20.8,317.0,6.02,1.851,0.739,NORMAL,0,NONE
2026-03-14T01:30:00,1254,7.297,8.29,20.94,302.8,5.99,1.786,0.712,NORMAL,0,NONE
2026-03-14T01:45:00,1255,7.311,9.11,20.85,307.7,5.9,1.828,0.742,NORMAL,0,NONE
2026-03-14T02:00:00,1256,7.311,8.08,20.71,306.7,5.93,1.822,0.738,NORMAL,0,NONE
2026-03-14T02:15:00,1257,7.295,8.8,20.69,305.9,6.04,1.79,0.722,NORMAL,0,NONE
2026-03-14T02:30:00,1258,7.371,9.06,21.01,300.1,5.89,1.806,0.738,NORMAL,0,NONE
2026-03-14T02:45:00,1259,7.29,8.1,20.94,307.0,6.19,1.837,0.719,NORMAL,0,NONE
2026-03-14T03:00:00,1260,7.332,7.03,21.18,318.8,5.89,1.779,0.743,NORMAL,0,NONE
2026-03-14T03:15:00,1261,7.395,8.96,21.27,307.8,5.96,1.822,0.723,NORMAL,0,NONE
2026-03-14T03:30:00,1262,7.307,11.29,21.46,306.9,5.96,1.797,0.745,NORMAL,0,NONE
2026-03-14T03:45:00,1263,7.36,6.43,21.42,307.5,6.05,1.788,0.732,NORMAL,0,NONE
2026-03-14T04:00:00,1264,7.316,9.26,20.67,313.4,5.95,1.794,0.722,NORMAL,0,NONE
2026-03-14T04:15:00,1265,7.361,9.6,21.48,297.8,5.96,1.776,0.753,NORMAL,0,NONE
2026-03-14T04:30:00,1266,7.28,7.05,21.35,314.6,6.14,1.788,0.737,NORMAL,0,NONE
2026-03-14T04:45:00,1267,7.312,7.63,21.37,299.1,6.13,1.792,0.708,NORMAL,0,NONE
2026-03-14T05:00:00,1268,7.353,5.68,21.74,309.9,6.37,1.774,0.735,NORMAL,0,NONE
2026-03-14T05:15:00,1269,7.43,6.85,21.85,319.9,6.2,1.788,0.739,NORMAL,0,NONE
2026-03-14T05:30:00,1270,7.391,8.69,22.46,306.9,6.09,1.784,0.756,NORMAL,0,NONE
2026-03-14T05:45:00,1271,7.32,9.01,22.71,330.4,6.48,1.768,0.746,NORMAL,0,NONE
2026-03-14T06:00:00,1272,7.428,9.62,22.35,296.2,6.54,1.792,0.737,NORMAL,0,NONE
2026-03-14T06:15:00,1273,7.345,9.12,22.63,313.0,6.37,1.786,0.706,NORMAL,0,NONE
2026-03-14T06:30:00,1274,7.354,8.86,22.71,313.8,6.6,1.756,0.727,NORMAL,0,NONE
2026-03-14T06:45:00,1275,7.393,7.08,23.11,310.1,6.85,1.823,0.736,NORMAL,0,NONE
2026-03-14T07:00:00,1276,7.323,9.74,22.95,305.0,6.56,1.773,0.726,NORMAL,0,NONE
2026-03-14T07:15:00,1277,7.533,8.05,23.12,288.1,7.23,1.793,0.739,NORMAL,0,NONE
2026-03-14T07:30:00,1278,7.464,6.35,23.45,322.1,6.96,1.768,0.736,NORMAL,0,NONE
2026-03-14T07:45:00,1279,7.506,7.86,23.53,312.2,7.02,1.791,0.711,NORMAL,0,NONE
2026-03-14T08:00:00,1280,7.51,8.66,24.04,315.1,7.28,1.776,0.726,NORMAL,0,NONE
2026-03-14T08:15:00,1281,7.487,7.47,24.52,310.3,7.5,1.752,0.721,NORMAL,0,NONE
2026-03-14T08:30:00,1282,7.533,6.55,24.61,308.5,7.39,1.764,0.742,NORMAL,0,NONE
2026-03-14T08:45:00,1283,7.477,9.27,24.69,306.0,7.46,1.766,0.735,NORMAL,0,NONE
2026-03-14T09:00:00,1284,7.566,9.5,24.83,308.0,7.22,1.786,0.731,NORMAL,0,NONE
2026-03-14T09:15:00,1285,7.472,7.89,24.91,303.3,7.62,1.74,0.712,NORMAL,0,NONE
2026-03-14T09:30:00,1286,7.406,10.09,25.19,313.8,7.76,1.79,0.752,NORMAL,0,NONE
2026-03-14T09:45:00,1287,7.446,11.12,25.11,320.9,7.56,1.738,0.725,NORMAL,0,NONE
2026-03-14T10:00:00,1288,7.477,7.9,25.27,321.8,7.46,1.785,0.741,NORMAL,0,NONE
2026-03-14T10:15:00,1289,7.479,9.03,25.57,305.8,8.11,1.761,0.725,NORMAL,0,NONE
2026-03-14T10:30:00,1290,7.451,10.02,26.15,310.2,8.14,1.798,0.694,NORMAL,0,NONE
2026-03-14T10:45:00,1291,7.528,9.08,25.92,315.8,8.01,1.775,0.726,NORMAL,0,NONE
2026-03-14T11:00:00,1292,7.583,8.63,26.22,312.7,8.22,1.747,0.716,NORMAL,0,NONE
2026-03-14T11:15:00,1293,7.512,8.98,26.44,312.6,8.29,1.756,0.727,NORMAL,0,NONE
2026-03-14T11:30:00,1294,7.639,9.29,26.7,296.0,8.01,1.773,0.751,NORMAL,0,NONE
2026-03-14T11:45:00,1295,7.629,8.47,26.15,303.8,8.01,1.779,0.714,NORMAL,0,NONE
2026-03-14T12:00:00,1296,7.578,8.57,26.51,304.0,8.06,1.754,0.736,NORMAL,0,NONE
2026-03-14T12:15:00,1297,7.627,9.03,26.7,317.1,8.38,1.746,0.729,NORMAL,0,NONE
2026-03-14T12:30:00,1298,7.634,10.17,26.61,304.7,8.36,1.769,0.759,NORMAL,0,NONE
2026-03-14T12:45:00,1299,7.559,9.42,26.75,306.7,8.35,1.774,0.73,NORMAL,0,NONE
2026-03-14T13:00:00,1300,7.592,9.25,27.01,312.2,8.16,1.768,0.721,NORMAL,0,NONE
2026-03-14T13:15:00,1301,7.61,10.42,26.97,296.3,8.62,1.733,0.739,NORMAL,0,NONE
2026-03-14T13:30:00,1302,7.682,8.11,27.09,295.4,8.4,1.731,0.722,NORMAL,0,NONE
2026-03-14T13:45:00,1303,7.621,10.31,27.11,306.2,8.56,1.76,0.716,NORMAL,0,NONE
2026-03-14T14:00:00,1304,7.611,9.39,27.11,306.9,8.28,1.731,0.727,NORMAL,0,NONE
2026-03-14T14:15:00,1305,7.642,8.78,27.04,297.9,8.29,1.756,0.748,NORMAL,0,NONE
2026-03-14T14:30:00,1306,7.593,8.83,26.94,310.7,8.61,1.711,0.745,NORMAL,0,NONE
2026-03-14T14:45:00,1307,7.568,8.26,27.31,328.8,8.26,1.734,0.702,NORMAL,0,NONE
2026-03-14T15:00:00,1308,7.568,8.89,27.03,311.2,8.45,1.726,0.741,NORMAL,0,NONE
2026-03-14T15:15:00,1309,7.591,9.19,26.98,295.6,8.32,1.747,0.739,NORMAL,0,NONE
2026-03-14T15:30:00,1310,7.616,7.18,27.07,331.8,8.29,1.741,0.735,NORMAL,0,NONE
2026-03-14T15:45:00,1311,7.685,8.22,27.08,320.3,8.02,1.764,0.732,NORMAL,0,NONE
2026-03-14T16:00:00,1312,7.479,7.96,27.3,309.8,8.28,1.698,0.709,NORMAL,0,NONE
2026-03-14T16:15:00,1313,7.625,8.2,26.73,296.5,8.06,1.732,0.733,NORMAL,0,NONE
2026-03-14T16:30:00,1314,7.517,6.8,26.4,304.4,8.2,1.747,0.722,NORMAL,0,NONE
2026-03-14T16:45:00,1315,7.631,7.43,26.16,324.1,8.05,1.755,0.728,NORMAL,0,NONE
2026-03-14T17:00:00,1316,7.518,6.5,26.55,304.5,8.21,1.717,0.732,NORMAL,0,NONE
2026-03-14T17:15:00,1317,7.572,8.7,26.06,316.5,7.77,1.702,0.729,NORMAL,0,NONE
2026-03-14T17:30:00,1318,7.56,10.73,25.71,318.5,7.98,1.749,0.741,NORMAL,0,NONE
2026-03-14T17:45:00,1319,7.463,8.35,25.65,309.9,7.99,1.7,0.732,NORMAL,0,NONE
2026-03-14T18:00:00,1320,7.516,8.85,25.49,325.2,8.16,1.688,0.725,NORMAL,0,NONE
2026-03-14T18:15:00,1321,7.521,9.45,25.95,314.4,7.7,1.72,0.7,NORMAL,0,NONE
2026-03-14T18:30:00,1322,7.659,8.67,25.04,303.6,7.56,1.757,0.736,NORMAL,0,NONE
2026-03-14T18:45:00,1323,7.419,8.2,25.37,306.3,7.74,1.664,0.69,NORMAL,0,NONE
2026-03-14T19:00:00,1324,7.436,10.25,25.08,309.1,7.86,1.719,0.704,NORMAL,0,NONE
2026-03-14T19:15:00,1325,7.385,7.83,24.61,305.7,7.51,1.65,0.708,NORMAL,0,NONE
2026-03-14T19:30:00,1326,7.405,8.26,24.45,314.3,7.43,1.691,0.714,NORMAL,0,NONE
2026-03-14T19:45:00,1327,7.483,7.87,23.67,309.8,7.43,1.664,0.727,NORMAL,0,NONE
2026-03-14T20:00:00,1328,7.484,7.62,23.88,306.0,7.3,1.686,0.728,NORMAL,0,NONE
2026-03-14T20:15:00,1329,7.367,11.27,23.36,307.1,7.16,1.667,0.706,NORMAL,0,NONE
2026-03-14T20:30:00,1330,7.365,9.26,23.48,312.7,7.0,1.694,0.729,NORMAL,0,NONE
2026-03-14T20:45:00,1331,7.422,7.48,23.31,314.2,6.8,1.677,0.722,NORMAL,0,NONE
2026-03-14T21:00:00,1332,7.479,7.76,23.74,315.6,7.09,1.692,0.746,NORMAL,0,NONE
2026-03-14T21:15:00,1333,7.408,9.9,22.72,314.5,6.83,1.673,0.719,NORMAL,0,NONE
2026-03-14T21:30:00,1334,7.324,7.83,23.56,311.1,6.65,1.671,0.72,NORMAL,0,NONE
2026-03-14T21:45:00,1335,7.395,8.71,22.01,319.5,6.68,1.695,0.748,NORMAL,0,NONE
2026-03-14T22:00:00,1336,7.359,8.1,22.53,315.0,6.68,1.623,0.716,NORMAL,0,NONE
2026-03-14T22:15:00,1337,7.353,8.18,22.51,303.7,6.69,1.666,0.704,NORMAL,0,NONE
2026-03-14T22:30:00,1338,7.369,7.53,21.8,314.6,6.46,1.626,0.715,NORMAL,0,NONE
2026-03-14T22:45:00,1339,7.308,10.48,22.14,304.6,6.14,1.684,0.718,NORMAL,0,NONE
2026-03-14T23:00:00,1340,7.342,7.32,21.93,295.3,6.22,1.641,0.702,NORMAL,0,NONE
2026-03-14T23:15:00,1341,7.388,8.79,21.73,314.5,6.12,1.681,0.726,NORMAL,0,NONE
2026-03-14T23:30:00,1342,7.364,9.59,21.28,299.8,6.17,1.651,0.729,NORMAL,0,NONE
2026-03-14T23:45:00,1343,7.405,8.86,21.37,308.1,6.06,1.642,0.707,NORMAL,0,NONE
2026-03-15T00:00:00,1344,7.317,7.86,21.25,311.1,6.07,1.67,0.731,NORMAL,0,NONE
2026-03-15T00:15:00,1345,7.297,7.62,20.62,302.1,5.96,1.66,0.728,NORMAL,0,NONE
2026-03-15T00:30:00,1346,7.324,9.48,20.64,307.6,5.86,1.632,0.719,NORMAL,0,NONE
2026-03-15T00:45:00,1347,7.338,7.17,20.75,313.1,6.01,1.664,0.72,NORMAL,0,NONE
2026-03-15T01:00:00,1348,7.282,7.63,21.02,317.0,6.12,1.633,0.7,NORMAL,0,NONE
2026-03-15T01:15:00,1349,7.295,10.75,20.48,306.7,6.42,1.603,0.735,NORMAL,0,NONE
2026-03-15T01:30:00,1350,7.29,10.29,20.89,307.6,5.99,1.656,0.718,NORMAL,0,NONE
2026-03-15T01:45:00,1351,7.25,8.14,20.61,303.5,6.01,1.618,0.708,NORMAL,0,NONE
2026-03-15T02:00:00,1352,7.376,9.34,20.71,293.0,5.81,1.644,0.717,NORMAL,0,NONE
2026-03-15T02:15:00,1353,7.302,9.15,20.77,315.6,6.03,1.62,0.703,NORMAL,0,NONE
2026-03-15T02:30:00,1354,7.34,11.47,20.91,305.6,6.11,1.591,0.743,NORMAL,0,NONE
2026-03-15T02:45:00,1355,7.39,10.37,20.66,324.9,6.0,1.639,0.725,NORMAL,0,NONE
2026-03-15T03:00:00,1356,7.301,9.36,20.56,314.9,5.83,1.638,0.74,NORMAL,0,NONE
2026-03-15T03:15:00,1357,7.203,8.24,21.32,318.1,6.07,1.609,0.719,NORMAL,0,NONE
2026-03-15T03:30:00,1358,7.239,7.65,20.72,291.4,6.05,1.645,0.721,NORMAL,0,NONE
2026-03-15T03:45:00,1359,7.335,7.62,21.32,294.8,6.1,1.596,0.695,NORMAL,0,NONE
2026-03-15T04:00:00,1360,7.337,9.33,21.26,309.5,6.23,1.612,0.721,NORMAL,0,NONE
2026-03-15T04:15:00,1361,7.346,7.71,21.19,301.7,6.3,1.63,0.699,NORMAL,0,NONE
2026-03-15T04:30:00,1362,7.365,9.22,21.36,317.8,6.43,1.599,0.689,NORMAL,0,NONE
2026-03-15T04:45:00,1363,7.293,7.74,22.11,311.0,6.44,1.602,0.725,NORMAL,0,NONE
2026-03-15T05:00:00,1364,7.327,9.91,21.56,306.4,6.69,1.579,0.716,NORMAL,0,NONE
2026-03-15T05:15:00,1365,7.362,7.38,22.42,305.4,6.43,1.595,0.75,NORMAL,0,NONE
2026-03-15T05:30:00,1366,7.393,8.1,22.28,317.7,6.57,1.597,0.715,NORMAL,0,NONE
2026-03-15T05:45:00,1367,7.301,8.97,22.33,304.1,6.36,1.573,0.725,NORMAL,0,NONE
2026-03-15T06:00:00,1368,7.306,6.66,22.11,314.9,6.56,1.552,0.713,NORMAL,0,NONE
2026-03-15T06:15:00,1369,7.392,8.72,22.67,313.4,6.81,1.594,0.736,NORMAL,0,NONE
2026-03-15T06:30:00,1370,7.458,9.19,22.72,317.7,6.57,1.577,0.721,NORMAL,0,NONE
2026-03-15T06:45:00,1371,7.435,7.39,23.39,299.3,6.73,1.605,0.726,NORMAL,0,NONE
2026-03-15T07:00:00,1372,7.374,8.57,23.08,326.4,6.69,1.601,0.725,NORMAL,0,NONE
2026-03-15T07:15:00,1373,7.404,8.61,23.44,319.0,7.05,1.575,0.722,NORMAL,0,NONE
2026-03-15T07:30:00,1374,7.388,5.87,23.57,295.9,7.12,1.55,0.697,NORMAL,0,NONE
2026-03-15T07:45:00,1375,7.464,7.09,23.65,314.3,7.12,1.615,0.715,NORMAL,0,NONE
2026-03-15T08:00:00,1376,7.463,7.84,23.85,312.8,7.18,1.606,0.693,NORMAL,0,NONE
2026-03-15T08:15:00,1377,7.457,8.6,24.33,302.4,7.42,1.591,0.717,NORMAL,0,NONE
2026-03-15T08:30:00,1378,7.485,9.82,24.29,294.4,6.99,1.555,0.73,NORMAL,0,NONE
2026-03-15T08:45:00,1379,7.469,8.18,24.87,325.6,7.43,1.563,0.706,NORMAL,0,NONE
2026-03-15T09:00:00,1380,7.481,7.24,24.64,288.5,7.51,1.592,0.728,NORMAL,0,NONE
2026-03-15T09:15:00,1381,7.399,7.24,25.61,318.6,7.29,1.582,0.705,NORMAL,0,NONE
2026-03-15T09:30:00,1382,7.5,9.41,25.52,322.0,7.6,1.55,0.67,NORMAL,0,NONE
2026-03-15T09:45:00,1383,7.53,8.36,25.81,302.7,7.71,1.544,0.701,NORMAL,0,NONE
2026-03-15T10:00:00,1384,7.536,9.88,24.97,303.6,7.93,1.554,0.706,NORMAL,0,NONE
2026-03-15T10:15:00,1385,7.639,7.26,25.52,301.6,8.14,1.551,0.724,NORMAL,0,NONE
2026-03-15T10:30:00,1386,7.581,8.17,25.96,311.7,7.9,1.551,0.707,NORMAL,0,NONE
2026-03-15T10:45:00,1387,7.547,9.61,26.36,309.9,7.99,1.545,0.741,NORMAL,0,NONE
2026-03-15T11:00:00,1388,7.568,7.98,26.05,312.8,7.78,1.617,0.724,NORMAL,0,NONE
2026-03-15T11:15:00,1389,7.58,8.69,26.72,302.6,8.21,1.56,0.693,NORMAL,0,NONE
2026-03-15T11:30:00,1390,7.601,8.17,25.96,313.6,8.37,1.564,0.692,NORMAL,0,NONE
2026-03-15T11:45:00,1391,7.634,7.77,26.51,307.8,8.09,1.562,0.727,NORMAL,0,NONE
2026-03-15T12:00:00,1392,7.516,7.38,26.74,305.4,8.31,1.538,0.723,NORMAL,0,NONE
2026-03-15T12:15:00,1393,7.626,11.09,26.68,302.8,8.4,1.537,0.695,NORMAL,0,NONE
2026-03-15T12:30:00,1394,7.579,5.69,26.72,311.0,8.39,1.522,0.688,NORMAL,0,NONE
2026-03-15T12:45:00,1395,7.564,9.94,27.23,310.4,8.22,1.556,0.726,NORMAL,0,NONE
2026-03-15T13:00:00,1396,7.597,8.39,26.9,302.0,8.3,1.538,0.722,NORMAL,0,NONE
2026-03-15T13:15:00,1397,7.601,9.26,26.66,324.2,8.32,1.525,0.699,NORMAL,0,NONE
2026-03-15T13:30:00,1398,7.554,10.33,27.34,310.8,8.48,1.546,0.7,NORMAL,0,NONE
2026-03-15T13:45:00,1399,7.611,10.05,26.83,318.1,8.51,1.518,0.71,NORMAL,0,NONE
2026-03-15T14:00:00,1400,7.586,8.64,26.98,316.6,8.09,1.531,0.688,NORMAL,0,NONE
2026-03-15T14:15:00,1401,7.6,8.13,27.23,306.8,8.4,1.541,0.717,NORMAL,0,NONE
2026-03-15T14:30:00,1402,7.583,9.38,26.71,310.9,8.45,1.542,0.739,NORMAL,0,NONE
2026-03-15T14:45:00,1403,7.544,6.87,27.09,315.3,8.5,1.544,0.695,NORMAL,0,NONE
2026-03-15T15:00:00,1404,7.632,8.1,26.77,323.6,8.46,1.515,0.708,NORMAL,0,NONE
2026-03-15T15:15:00,1405,7.598,5.86,26.72,300.0,8.19,1.494,0.709,NORMAL,0,NONE
2026-03-15T15:30:00,1406,7.629,8.25,26.66,315.2,8.48,1.525,0.691,NORMAL,0,NONE
2026-03-15T15:45:00,1407,7.587,6.49,26.96,299.6,8.43,1.517,0.706,NORMAL,0,NONE
2026-03-15T16:00:00,1408,7.501,7.93,27.31,312.6,7.98,1.576,0.696,NORMAL,0,NONE
2026-03-15T16:15:00,1409,7.574,7.35,27.04,307.8,8.03,1.546,0.72,NORMAL,0,NONE
2026-03-15T16:30:00,1410,7.527,8.72,26.3,320.7,8.38,1.502,0.709,NORMAL,0,NONE
2026-03-15T16:45:00,1411,7.632,7.58,26.19,305.2,7.79,1.488,0.711,NORMAL,0,NONE
2026-03-15T17:00:00,1412,7.566,9.23,25.75,300.4,7.86,1.528,0.724,NORMAL,0,NONE
2026-03-15T17:15:00,1413,7.515,9.15,26.05,325.0,7.86,1.519,0.715,NORMAL,0,NONE
2026-03-15T17:30:00,1414,7.458,10.67,26.41,312.0,8.19,1.509,0.708,NORMAL,0,NONE
2026-03-15T17:45:00,1415,7.515,7.24,25.6,320.5,7.96,1.506,0.711,NORMAL,0,NONE
2026-03-15T18:00:00,1416,7.536,8.64,25.51,307.4,7.74,1.484,0.725,NORMAL,0,NONE
2026-03-15T18:15:00,1417,7.586,11.0,24.94,292.8,7.61,1.499,0.703,NORMAL,0,NONE
2026-03-15T18:30:00,1418,7.5,9.65,25.22,315.2,7.85,1.541,0.715,NORMAL,0,NONE
2026-03-15T18:45:00,1419,7.463,7.79,24.88,307.4,7.37,1.524,0.68,NORMAL,0,NONE
2026-03-15T19:00:00,1420,7.47,9.27,24.67,309.1,7.65,1.538,0.729,NORMAL,0,NONE
2026-03-15T19:15:00,1421,7.482,7.92,24.43,301.8,7.09,1.491,0.724,NORMAL,0,NONE
2026-03-15T19:30:00,1422,7.518,8.17,24.29,313.5,7.32,1.512,0.732,NORMAL,0,NONE
2026-03-15T19:45:00,1423,7.484,10.12,24.42,311.3,7.25,1.499,0.717,NORMAL,0,NONE
2026-03-15T20:00:00,1424,7.449,10.71,24.53,322.5,7.05,1.522,0.716,NORMAL,0,NONE
2026-03-15T20:15:00,1425,7.396,7.91,23.77,318.6,6.81,1.499,0.711,NORMAL,0,NONE
2026-03-15T20:30:00,1426,7.321,8.48,23.54,313.2,6.96,1.509,0.703,NORMAL,0,NONE
2026-03-15T20:45:00,1427,7.494,9.66,23.54,316.5,6.81,1.499,0.674,NORMAL,0,NONE
2026-03-15T21:00:00,1428,7.413,10.96,22.91,313.1,6.57,1.489,0.7,NORMAL,0,NONE
2026-03-15T21:15:00,1429,7.433,8.0,22.56,320.3,7.31,1.496,0.704,NORMAL,0,NONE
2026-03-15T21:30:00,1430,7.391,9.89,22.2,312.3,6.6,1.507,0.699,NORMAL,0,NONE
2026-03-15T21:45:00,1431,7.476,8.46,22.37,311.6,6.55,1.534,0.72,NORMAL,0,NONE
2026-03-15T22:00:00,1432,7.423,8.38,22.52,300.7,6.39,1.476,0.73,NORMAL,0,NONE
2026-03-15T22:15:00,1433,7.317,8.79,22.36,306.1,6.47,1.462,0.717,NORMAL,0,NONE
2026-03-15T22:30:00,1434,7.377,9.31,22.29,318.0,6.45,1.506,0.699,NORMAL,0,NONE
2026-03-15T22:45:00,1435,7.246,7.0,21.8,312.8,6.4,1.504,0.708,NORMAL,0,NONE
2026-03-15T23:00:00,1436,7.367,8.65,21.65,311.9,6.03,1.506,0.696,NORMAL,0,NONE
2026-03-15T23:15:00,1437,7.379,7.65,21.89,302.8,6.3,1.506,0.713,NORMAL,0,NONE
2026-03-15T23:30:00,1438,7.25,6.84,21.46,310.4,6.47,1.535,0.715,NORMAL,0,NONE
2026-03-15T23:45:00,1439,7.294,10.18,21.73,306.9,6.49,1.484,0.705,NORMAL,0,NONE
2026-03-16T00:00:00,1440,7.421,8.04,21.13,315.7,5.96,1.473,0.704,NORMAL,0,NONE
2026-03-16T00:15:00,1441,7.419,10.46,21.3,311.6,6.44,1.505,0.722,NORMAL,0,NONE
2026-03-16T00:30:00,1442,7.388,7.72,21.1,308.3,6.0,1.482,0.72,NORMAL,0,NONE
2026-03-16T00:45:00,1443,7.316,10.0,21.16,298.8,6.21,1.514,0.715,NORMAL,0,NONE
2026-03-16T01:00:00,1444,7.337,9.28,20.68,304.0,5.91,1.504,0.715,NORMAL,0,NONE
2026-03-16T01:15:00,1445,7.317,8.21,21.1,302.9,6.17,1.528,0.714,NORMAL,0,NONE
2026-03-16T01:30:00,1446,7.377,6.8,21.27,302.0,5.76,1.483,0.691,NORMAL,0,NONE
2026-03-16T01:45:00,1447,7.322,6.56,21.2,308.3,5.83,1.51,0.711,NORMAL,0,NONE
2026-03-16T02:00:00,1448,7.257,9.74,20.5,295.8,6.19,1.493,0.69,NORMAL,0,NONE
2026-03-16T02:15:00,1449,7.297,9.85,20.66,300.3,5.9,1.511,0.705,NORMAL,0,NONE
2026-03-16T02:30:00,1450,7.321,8.5,21.27,309.0,6.04,1.527,0.702,NORMAL,0,NONE
2026-03-16T02:45:00,1451,7.271,6.74,21.08,302.5,5.9,1.513,0.69,NORMAL,0,NONE
2026-03-16T03:00:00,1452,7.288,9.08,21.14,315.7,6.21,1.523,0.694,NORMAL,0,NONE
2026-03-16T03:15:00,1453,7.296,7.8,21.07,313.1,6.26,1.547,0.725,NORMAL,0,NONE
2026-03-16T03:30:00,1454,7.304,9.37,20.99,312.7,6.34,1.535,0.706,NORMAL,0,NONE
2026-03-16T03:45:00,1455,7.366,9.83,21.63,316.7,6.3,1.514,0.711,NORMAL,0,NONE
2026-03-16T04:00:00,1456,7.362,10.34,21.6,301.9,6.23,1.513,0.731,NORMAL,0,NONE
2026-03-16T04:15:00,1457,7.364,6.37,21.49,303.1,6.19,1.487,0.726,NORMAL,0,NONE
2026-03-16T04:30:00,1458,7.379,7.62,21.27,314.1,6.15,1.505,0.702,NORMAL,0,NONE
2026-03-16T04:45:00,1459,7.291,6.59,21.81,299.7,6.38,1.518,0.72,NORMAL,0,NONE
2026-03-16T05:00:00,1460,7.283,5.32,21.79,316.3,6.19,1.518,0.703,NORMAL,0,NONE
2026-03-16T05:15:00,1461,7.383,8.36,21.79,311.5,6.81,1.481,0.689,NORMAL,0,NONE
2026-03-16T05:30:00,1462,7.293,8.03,21.62,309.5,6.45,1.521,0.712,NORMAL,0,NONE
2026-03-16T05:45:00,1463,7.318,8.49,22.17,313.2,6.51,1.552,0.729,NORMAL,0,NONE
2026-03-16T06:00:00,1464,7.319,6.8,22.45,305.5,6.81,1.527,0.721,NORMAL,0,NONE
2026-03-16T06:15:00,1465,7.402,8.3,22.33,301.5,6.86,1.508,0.737,NORMAL,0,NONE
2026-03-16T06:30:00,1466,7.396,7.64,22.73,323.7,6.87,1.53,0.71,NORMAL,0,NONE
2026-03-16T06:45:00,1467,7.483,7.72,22.85,315.5,6.83,1.5,0.722,NORMAL,0,NONE
2026-03-16T07:00:00,1468,7.368,7.14,23.48,304.6,6.76,1.528,0.714,NORMAL,0,NONE
2026-03-16T07:15:00,1469,7.4,9.37,23.26,301.1,6.66,1.527,0.719,NORMAL,0,NONE
2026-03-16T07:30:00,1470,7.476,10.06,23.53,314.1,7.2,1.515,0.692,NORMAL,0,NONE
2026-03-16T07:45:00,1471,7.38,8.56,23.47,314.0,7.42,1.517,0.728,NORMAL,0,NONE
2026-03-16T08:00:00,1472,7.459,6.83,24.37,311.5,7.07,1.533,0.719,NORMAL,0,NONE
2026-03-16T08:15:00,1473,7.377,7.86,24.2,316.2,7.55,1.5,0.719,NORMAL,0,NONE
2026-03-16T08:30:00,1474,7.555,7.11,24.39,299.7,7.27,1.508,0.713,NORMAL,0,NONE
2026-03-16T08:45:00,1475,7.433,8.89,24.62,302.2,7.42,1.488,0.716,NORMAL,0,NONE
2026-03-16T09:00:00,1476,7.51,8.77,24.76,313.8,7.71,1.481,0.712,NORMAL,0,NONE
2026-03-16T09:15:00,1477,7.457,9.77,24.99,302.1,7.78,1.511,0.72,NORMAL,0,NONE
2026-03-16T09:30:00,1478,7.529,8.18,24.89,308.8,7.65,1.546,0.682,NORMAL,0,NONE
2026-03-16T09:45:00,1479,7.47,8.97,25.21,303.7,7.43,1.524,0.718,NORMAL,0,NONE
2026-03-16T10:00:00,1480,7.51,8.86,25.89,286.0,8.06,1.554,0.694,NORMAL,0,NONE
2026-03-16T10:15:00,1481,7.557,9.15,25.62,314.7,7.99,1.494,0.719,NORMAL,0,NONE
2026-03-16T10:30:00,1482,7.625,10.08,25.81,309.1,8.32,1.521,0.716,NORMAL,0,NONE
2026-03-16T10:45:00,1483,7.478,8.94,26.24,327.0,8.15,1.56,0.708,NORMAL,0,NONE
2026-03-16T11:00:00,1484,7.562,9.33,26.27,308.4,8.03,1.583,0.693,NORMAL,0,NONE
2026-03-16T11:15:00,1485,7.55,9.06,26.23,308.9,7.77,1.528,0.682,NORMAL,0,NONE
2026-03-16T11:30:00,1486,7.561,10.44,26.29,325.9,8.22,1.539,0.722,NORMAL,0,NONE
2026-03-16T11:45:00,1487,7.617,7.44,26.82,309.0,8.48,1.526,0.71,NORMAL,0,NONE
2026-03-16T12:00:00,1488,7.593,7.42,26.57,297.6,8.08,1.586,0.683,NORMAL,0,NONE
2026-03-16T12:15:00,1489,7.542,7.02,27.11,316.4,8.32,1.55,0.709,NORMAL,0,NONE
2026-03-16T12:30:00,1490,7.62,10.18,26.94,315.9,8.29,1.537,0.71,NORMAL,0,NONE
2026-03-16T12:45:00,1491,7.517,9.28,27.17,308.9,8.45,1.584,0.689,NORMAL,0,NONE
2026-03-16T13:00:00,1492,7.614,7.73,27.35,310.1,8.12,1.546,0.719,NORMAL,0,NONE
2026-03-16T13:15:00,1493,7.646,7.64,27.37,300.1,8.36,1.524,0.712,NORMAL,0,NONE
2026-03-16T13:30:00,1494,7.603,6.37,27.26,316.6,8.53,1.558,0.702,NORMAL,0,NONE
2026-03-16T13:45:00,1495,7.602,10.11,27.34,322.6,8.32,1.557,0.7,NORMAL,0,NONE
2026-03-16T14:00:00,1496,7.587,7.47,27.42,306.6,8.37,1.563,0.731,NORMAL,0,NONE
2026-03-16T14:15:00,1497,7.517,8.72,27.45,295.6,8.31,1.54,0.712,NORMAL,0,NONE
2026-03-16T14:30:00,1498,7.494,8.59,27.19,309.2,8.54,1.556,0.714,NORMAL,0,NONE
2026-03-16T14:45:00,1499,7.643,8.93,26.95,302.5,8.3,1.578,0.708,NORMAL,0,NONE
2026-03-16T15:00:00,1500,7.613,7.18,27.06,303.8,8.2,1.581,0.72,NORMAL,0,NONE
2026-03-16T15:15:00,1501,7.506,7.8,27.18,304.6,8.03,1.566,0.711,NORMAL,0,NONE
2026-03-16T15:30:00,1502,7.654,10.24,26.88,316.7,7.99,1.553,0.692,NORMAL,0,NONE
2026-03-16T15:45:00,1503,7.579,9.16,26.75,311.5,8.11,1.534,0.704,NORMAL,0,NONE
2026-03-16T16:00:00,1504,7.618,8.92,26.83,306.2,8.56,1.607,0.72,NORMAL,0,NONE
2026-03-16T16:15:00,1505,7.59,9.23,26.64,316.4,8.62,1.566,0.714,NORMAL,0,NONE
2026-03-16T16:30:00,1506,7.574,8.41,26.48,304.0,8.28,1.589,0.72,NORMAL,0,NONE
2026-03-16T16:45:00,1507,7.623,9.0,26.05,309.6,8.3,1.61,0.728,NORMAL,0,NONE
2026-03-16T17:00:00,1508,7.65,7.96,26.28,311.4,7.86,1.577,0.712,NORMAL,0,NONE
2026-03-16T17:15:00,1509,7.613,9.48,25.67,307.3,8.08,1.582,0.714,NORMAL,0,NONE
2026-03-16T17:30:00,1510,7.535,7.52,25.92,321.6,8.05,1.591,0.748,NORMAL,0,NONE
2026-03-16T17:45:00,1511,7.512,7.69,26.14,318.3,7.67,1.59,0.718,NORMAL,0,NONE
2026-03-16T18:00:00,1512,7.481,9.16,25.35,317.2,7.8,1.602,0.731,NORMAL,0,NONE
2026-03-16T18:15:00,1513,7.564,7.83,25.38,299.4,7.75,1.577,0.738,NORMAL,0,NONE
2026-03-16T18:30:00,1514,7.556,7.59,25.34,324.0,7.65,1.598,0.729,NORMAL,0,NONE
2026-03-16T18:45:00,1515,7.511,8.15,25.3,304.7,7.3,1.601,0.705,NORMAL,0,NONE
2026-03-16T19:00:00,1516,7.515,7.38,24.74,315.7,7.66,1.594,0.738,NORMAL,0,NONE
2026-03-16T19:15:00,1517,7.39,8.21,24.64,303.4,7.44,1.594,0.705,NORMAL,0,NONE
2026-03-16T19:30:00,1518,7.569,8.99,24.34,290.5,7.15,1.611,0.712,NORMAL,0,NONE
2026-03-16T19:45:00,1519,7.43,7.78,23.98,309.9,7.28,1.559,0.728,NORMAL,0,NONE
2026-03-16T20:00:00,1520,7.493,6.51,24.25,322.7,7.25,1.614,0.703,NORMAL,0,NONE
2026-03-16T20:15:00,1521,7.491,11.11,23.72,305.0,7.07,1.603,0.7,NORMAL,0,NONE
2026-03-16T20:30:00,1522,7.414,7.7,23.4,306.4,6.93,1.614,0.699,NORMAL,0,NONE
2026-03-16T20:45:00,1523,7.416,9.15,23.12,291.7,6.83,1.647,0.709,NORMAL,0,NONE
2026-03-16T21:00:00,1524,7.318,9.74,23.25,307.7,6.81,1.622,0.721,NORMAL,0,NONE
2026-03-16T21:15:00,1525,7.396,10.21,23.05,314.7,6.97,1.606,0.713,NORMAL,0,NONE
2026-03-16T21:30:00,1526,7.418,7.7,23.04,316.2,6.82,1.62,0.694,NORMAL,0,NONE
2026-03-16T21:45:00,1527,7.475,7.33,22.17,317.2,6.62,1.618,0.737,NORMAL,0,NONE
2026-03-16T22:00:00,1528,7.304,9.11,22.24,307.0,6.68,1.636,0.717,NORMAL,0,NONE
2026-03-16T22:15:00,1529,7.39,6.97,22.02,313.1,6.53,1.635,0.705,NORMAL,0,NONE
2026-03-16T22:30:00,1530,7.343,9.73,22.1,324.3,6.23,1.614,0.708,NORMAL,0,NONE
2026-03-16T22:45:00,1531,7.204,9.67,21.92,322.1,6.52,1.645,0.727,NORMAL,0,NONE
2026-03-16T23:00:00,1532,7.357,7.21,21.89,308.4,6.24,1.639,0.712,NORMAL,0,NONE
2026-03-16T23:15:00,1533,7.337,8.07,21.4,302.8,6.21,1.626,0.729,NORMAL,0,NONE
2026-03-16T23:30:00,1534,7.229,10.14,21.35,306.8,6.45,1.603,0.743,NORMAL,0,NONE
2026-03-16T23:45:00,1535,7.232,7.98,21.18,301.4,6.12,1.655,0.698,NORMAL,0,NONE
2026-03-17T00:00:00,1536,7.314,7.61,20.98,311.5,6.09,1.667,0.71,NORMAL,0,NONE
2026-03-17T00:15:00,1537,7.378,8.46,20.78,328.9,6.18,1.643,0.726,NORMAL,0,NONE
2026-03-17T00:30:00,1538,7.254,9.53,21.04,313.5,6.06,1.656,0.732,NORMAL,0,NONE
2026-03-17T00:45:00,1539,7.421,8.31,21.1,308.4,6.05,1.654,0.737,NORMAL,0,NONE
2026-03-17T01:00:00,1540,7.304,10.7,21.28,321.2,6.12,1.653,0.743,NORMAL,0,NONE
2026-03-17T01:15:00,1541,7.302,8.58,20.43,301.0,6.28,1.686,0.705,NORMAL,0,NONE
2026-03-17T01:30:00,1542,7.406,9.62,20.85,313.1,5.96,1.691,0.729,NORMAL,0,NONE
2026-03-17T01:45:00,1543,7.347,9.09,20.71,320.7,5.7,1.676,0.725,NORMAL,0,NONE
2026-03-17T02:00:00,1544,7.324,10.77,20.11,320.4,5.86,1.674,0.729,NORMAL,0,NONE
2026-03-17T02:15:00,1545,7.195,7.0,20.63,293.6,5.9,1.625,0.714,NORMAL,0,NONE
2026-03-17T02:30:00,1546,7.292,9.14,20.44,307.4,6.21,1.653,0.719,NORMAL,0,NONE
2026-03-17T02:45:00,1547,7.317,9.85,20.76,313.0,5.89,1.692,0.745,NORMAL,0,NONE
2026-03-17T03:00:00,1548,7.298,7.65,20.92,317.4,6.03,1.701,0.718,NORMAL,0,NONE
2026-03-17T03:15:00,1549,7.314,9.55,20.66,320.9,5.98,1.692,0.742,NORMAL,0,NONE
2026-03-17T03:30:00,1550,7.32,8.15,21.46,304.6,6.03,1.69,0.721,NORMAL,0,NONE
2026-03-17T03:45:00,1551,7.254,8.05,20.94,314.2,6.26,1.687,0.715,NORMAL,0,NONE
2026-03-17T04:00:00,1552,7.332,8.16,21.6,314.0,6.25,1.702,0.736,NORMAL,0,NONE
2026-03-17T04:15:00,1553,7.363,7.61,21.82,308.0,6.27,1.665,0.722,NORMAL,0,NONE
2026-03-17T04:30:00,1554,7.264,8.66,21.25,313.5,6.46,1.689,0.731,NORMAL,0,NONE
2026-03-17T04:45:00,1555,7.329,7.44,21.38,307.8,6.18,1.709,0.7,NORMAL,0,NONE
2026-03-17T05:00:00,1556,7.25,8.64,21.84,309.6,6.62,1.69,0.725,NORMAL,0,NONE
2026-03-17T05:15:00,1557,7.354,9.67,21.7,318.8,6.36,1.705,0.732,NORMAL,0,NONE
2026-03-17T05:30:00,1558,7.311,10.32,21.85,317.4,6.38,1.709,0.704,NORMAL,0,NONE
2026-03-17T05:45:00,1559,7.369,9.99,21.86,304.1,6.72,1.741,0.747,NORMAL,0,NONE
2026-03-17T06:00:00,1560,7.379,8.98,22.3,311.5,6.79,1.687,0.709,NORMAL,0,NONE
2026-03-17T06:15:00,1561,7.44,9.66,22.46,309.9,6.39,1.694,0.743,NORMAL,0,NONE
2026-03-17T06:30:00,1562,7.454,9.66,22.57,300.5,7.2,1.698,0.701,NORMAL,0,NONE
2026-03-17T06:45:00,1563,7.387,8.76,23.18,319.4,6.99,1.751,0.713,NORMAL,0,NONE
2026-03-17T07:00:00,1564,7.454,8.51,23.76,330.3,6.8,1.706,0.705,NORMAL,0,NONE
2026-03-17T07:15:00,1565,7.413,6.35,23.93,311.4,7.12,1.707,0.727,NORMAL,0,NONE
2026-03-17T07:30:00,1566,7.462,9.27,23.72,305.5,7.04,1.728,0.728,NORMAL,0,NONE
2026-03-17T07:45:00,1567,7.516,7.54,23.89,314.4,7.13,1.705,0.726,NORMAL,0,NONE
2026-03-17T08:00:00,1568,7.415,7.39,23.63,293.2,7.25,1.692,0.716,NORMAL,0,NONE
2026-03-17T08:15:00,1569,7.475,7.86,23.8,310.4,7.36,1.733,0.695,NORMAL,0,NONE
2026-03-17T08:30:00,1570,7.425,9.75,24.59,313.7,7.09,1.739,0.726,NORMAL,0,NONE
2026-03-17T08:45:00,1571,7.547,7.36,24.29,310.9,7.48,1.711,0.749,NORMAL,0,NONE
2026-03-17T09:00:00,1572,7.551,9.0,24.51,304.1,7.32,1.743,0.731,NORMAL,0,NONE
2026-03-17T09:15:00,1573,7.56,8.94,25.29,304.1,7.45,1.707,0.743,NORMAL,0,NONE
2026-03-17T09:30:00,1574,7.481,7.56,25.84,312.3,7.76,1.703,0.718,NORMAL,0,NONE
2026-03-17T09:45:00,1575,7.495,6.85,25.44,319.4,7.7,1.757,0.73,NORMAL,0,NONE
2026-03-17T10:00:00,1576,7.47,9.68,25.38,312.6,7.72,1.736,0.729,NORMAL,0,NONE
2026-03-17T10:15:00,1577,7.604,7.19,25.57,298.5,7.85,1.725,0.73,NORMAL,0,NONE
2026-03-17T10:30:00,1578,7.495,9.25,25.73,308.3,7.96,1.69,0.709,NORMAL,0,NONE
2026-03-17T10:45:00,1579,7.523,10.89,26.06,300.3,7.94,1.736,0.722,NORMAL,0,NONE
2026-03-17T11:00:00,1580,7.541,8.38,26.42,310.7,7.78,1.759,0.714,NORMAL,0,NONE
2026-03-17T11:15:00,1581,7.514,9.59,26.42,309.9,8.31,1.74,0.754,NORMAL,0,NONE
2026-03-17T11:30:00,1582,7.563,7.73,26.39,311.2,8.12,1.778,0.719,NORMAL,0,NONE
2026-03-17T11:45:00,1583,7.593,9.0,26.53,310.0,8.48,1.781,0.744,NORMAL,0,NONE
2026-03-17T12:00:00,1584,7.559,8.16,26.59,331.1,8.1,1.742,0.74,NORMAL,0,NONE
2026-03-17T12:15:00,1585,7.524,8.62,26.45,306.9,8.25,1.75,0.734,NORMAL,0,NONE
2026-03-17T12:30:00,1586,7.625,8.98,27.31,304.7,8.27,1.758,0.751,NORMAL,0,NONE
2026-03-17T12:45:00,1587,7.597,8.22,26.85,315.9,8.3,1.737,0.702,NORMAL,0,NONE
2026-03-17T13:00:00,1588,7.619,8.43,27.23,313.5,8.2,1.78,0.701,NORMAL,0,NONE
2026-03-17T13:15:00,1589,7.687,9.46,27.1,303.6,8.39,1.766,0.713,NORMAL,0,NONE
2026-03-17T13:30:00,1590,7.586,6.42,27.16,321.8,8.08,1.739,0.722,NORMAL,0,NONE
2026-03-17T13:45:00,1591,7.605,8.82,27.01,306.4,8.37,1.765,0.749,NORMAL,0,NONE
2026-03-17T14:00:00,1592,7.602,8.3,27.42,311.5,8.38,1.775,0.724,NORMAL,0,NONE
2026-03-17T14:15:00,1593,7.541,7.7,27.58,305.3,8.51,1.735,0.749,NORMAL,0,NONE
2026-03-17T14:30:00,1594,7.568,6.58,27.4,317.1,8.4,1.78,0.736,NORMAL,0,NONE
2026-03-17T14:45:00,1595,7.563,8.97,27.51,325.3,8.31,1.801,0.728,NORMAL,0,NONE
2026-03-17T15:00:00,1596,7.633,7.82,26.88,332.3,8.3,1.787,0.722,NORMAL,0,NONE
2026-03-17T15:15:00,1597,7.605,9.47,27.37,313.7,8.58,1.716,0.746,NORMAL,0,NONE
2026-03-17T15:30:00,1598,7.534,8.76,27.62,306.8,8.38,1.822,0.748,NORMAL,0,NONE
2026-03-17T15:45:00,1599,7.566,12.16,27.12,314.9,8.32,1.767,0.725,NORMAL,0,NONE
2026-03-17T16:00:00,1600,7.575,6.82,27.01,301.9,8.5,1.798,0.714,NORMAL,0,NONE
2026-03-17T16:15:00,1601,7.618,10.04,26.83,323.1,8.13,1.814,0.727,NORMAL,0,NONE
2026-03-17T16:30:00,1602,7.492,7.16,26.41,319.9,8.36,1.783,0.738,NORMAL,0,NONE
2026-03-17T16:45:00,1603,7.548,9.94,26.16,307.6,8.2,1.772,0.744,NORMAL,0,NONE
2026-03-17T17:00:00,1604,7.502,9.72,26.52,317.8,8.4,1.781,0.717,NORMAL,0,NONE
2026-03-17T17:15:00,1605,7.602,8.49,25.85,320.8,8.15,1.78,0.694,NORMAL,0,NONE
2026-03-17T17:30:00,1606,7.49,9.47,25.86,306.2,8.05,1.797,0.73,NORMAL,0,NONE
2026-03-17T17:45:00,1607,7.481,6.73,25.26,320.2,7.74,1.798,0.744,NORMAL,0,NONE
2026-03-17T18:00:00,1608,7.629,8.06,25.71,303.1,7.72,1.804,0.74,NORMAL,0,NONE
2026-03-17T18:15:00,1609,7.525,6.31,25.31,290.7,7.6,1.805,0.694,NORMAL,0,NONE
2026-03-17T18:30:00,1610,7.472,9.12,25.1,305.6,7.66,1.785,0.693,NORMAL,0,NONE
2026-03-17T18:45:00,1611,7.499,6.34,25.18,302.9,7.63,1.831,0.734,NORMAL,0,NONE
2026-03-17T19:00:00,1612,7.484,10.01,25.06,322.7,7.59,1.816,0.722,NORMAL,0,NONE
2026-03-17T19:15:00,1613,7.488,7.51,24.38,309.0,7.64,1.763,0.746,NORMAL,0,NONE
2026-03-17T19:30:00,1614,7.457,7.75,24.45,300.6,7.19,1.776,0.736,NORMAL,0,NONE
2026-03-17T19:45:00,1615,7.553,7.92,24.31,310.1,7.25,1.804,0.746,NORMAL,0,NONE
2026-03-17T20:00:00,1616,7.46,9.91,23.7,304.7,7.54,1.811,0.762,NORMAL,0,NONE
2026-03-17T20:15:00,1617,7.442,9.5,24.03,309.6,6.99,1.762,0.738,NORMAL,0,NONE
2026-03-17T20:30:00,1618,7.36,9.09,23.48,302.4,6.82,1.809,0.735,NORMAL,0,NONE
2026-03-17T20:45:00,1619,7.452,8.26,23.61,314.4,6.87,1.781,0.718,NORMAL,0,NONE
2026-03-17T21:00:00,1620,7.408,9.1,22.98,297.7,6.94,1.81,0.717,NORMAL,0,NONE
2026-03-17T21:15:00,1621,7.408,10.0,23.21,306.5,6.94,1.796,0.756,NORMAL,0,NONE
2026-03-17T21:30:00,1622,7.335,9.03,22.75,316.2,6.14,1.814,0.749,NORMAL,0,NONE
2026-03-17T21:45:00,1623,7.428,7.46,22.99,316.1,6.6,1.81,0.749,NORMAL,0,NONE
2026-03-17T22:00:00,1624,7.496,7.93,22.64,311.7,6.94,1.813,0.735,NORMAL,0,NONE
2026-03-17T22:15:00,1625,7.28,7.59,22.42,305.6,6.59,1.756,0.737,NORMAL,0,NONE
2026-03-17T22:30:00,1626,7.408,7.65,22.45,298.5,6.28,1.797,0.738,NORMAL,0,NONE
2026-03-17T22:45:00,1627,7.365,8.89,22.24,308.6,6.34,1.776,0.724,NORMAL,0,NONE
2026-03-17T23:00:00,1628,7.361,7.67,21.71,309.5,5.99,1.794,0.731,NORMAL,0,NONE
2026-03-17T23:15:00,1629,7.27,10.33,22.0,310.4,6.2,1.794,0.733,NORMAL,0,NONE
2026-03-17T23:30:00,1630,7.358,8.71,21.22,312.8,6.1,1.794,0.746,NORMAL,0,NONE
2026-03-17T23:45:00,1631,7.339,7.69,21.17,300.9,6.32,1.776,0.734,NORMAL,0,NONE
2026-03-18T00:00:00,1632,7.298,8.87,21.27,306.1,6.01,1.806,0.739,NORMAL,0,NONE
2026-03-18T00:15:00,1633,7.372,7.83,21.43,300.4,6.17,1.806,0.727,NORMAL,0,NONE
2026-03-18T00:30:00,1634,7.342,7.5,21.37,323.6,5.89,1.785,0.756,NORMAL,0,NONE
2026-03-18T00:45:00,1635,7.273,9.78,20.97,314.2,5.9,1.751,0.725,NORMAL,0,NONE
2026-03-18T01:00:00,1636,7.305,7.54,20.75,316.4,6.39,1.793,0.693,NORMAL,0,NONE
2026-03-18T01:15:00,1637,7.284,11.45,21.11,300.9,6.22,1.788,0.733,NORMAL,0,NONE
2026-03-18T01:30:00,1638,7.263,6.9,21.07,327.2,6.09,1.809,0.723,NORMAL,0,NONE
2026-03-18T01:45:00,1639,7.217,9.88,20.77,312.2,6.06,1.789,0.748,NORMAL,0,NONE
2026-03-18T02:00:00,1640,7.25,8.89,20.97,303.4,6.09,1.808,0.735,NORMAL,0,NONE
2026-03-18T02:15:00,1641,7.245,11.01,20.37,321.0,6.15,1.827,0.732,NORMAL,0,NONE
2026-03-18T02:30:00,1642,7.287,6.17,20.93,328.5,5.71,1.805,0.73,NORMAL,0,NONE
2026-03-18T02:45:00,1643,7.343,7.19,20.99,309.7,5.94,1.78,0.737,NORMAL,0,NONE
2026-03-18T03:00:00,1644,7.197,7.18,20.54,321.9,6.19,1.826,0.759,NORMAL,0,NONE
2026-03-18T03:15:00,1645,7.317,10.34,20.9,313.3,6.34,1.791,0.745,NORMAL,0,NONE
2026-03-18T03:30:00,1646,7.282,8.76,20.85,319.1,6.38,1.809,0.703,NORMAL,0,NONE
2026-03-18T03:45:00,1647,7.339,9.72,21.12,305.8,6.23,1.791,0.715,NORMAL,0,NONE
2026-03-18T04:00:00,1648,7.279,9.67,21.3,299.7,6.15,1.782,0.727,NORMAL,0,NONE
2026-03-18T04:15:00,1649,7.342,7.76,21.67,305.9,6.14,1.763,0.754,NORMAL,0,NONE
2026-03-18T04:30:00,1650,7.331,8.7,21.56,302.9,6.31,1.773,0.735,NORMAL,0,NONE
2026-03-18T04:45:00,1651,7.369,8.97,21.71,315.1,6.26,1.762,0.718,NORMAL,0,NONE
2026-03-18T05:00:00,1652,7.341,8.56,21.72,311.6,6.57,1.785,0.736,NORMAL,0,NONE
2026-03-18T05:15:00,1653,7.441,7.77,21.51,317.2,6.27,1.801,0.726,NORMAL,0,NONE
2026-03-18T05:30:00,1654,7.321,8.24,21.78,320.4,6.51,1.776,0.73,NORMAL,0,NONE
2026-03-18T05:45:00,1655,7.402,9.34,22.17,302.7,6.67,1.813,0.738,NORMAL,0,NONE
2026-03-18T06:00:00,1656,7.428,9.89,22.66,310.9,6.49,1.793,0.739,NORMAL,0,NONE
2026-03-18T06:15:00,1657,7.387,7.04,22.16,301.3,6.43,1.738,0.711,NORMAL,0,NONE
2026-03-18T06:30:00,1658,7.422,10.81,22.83,295.2,6.52,1.81,0.696,NORMAL,0,NONE
2026-03-18T06:45:00,1659,7.316,8.91,22.47,304.2,6.82,1.746,0.737,NORMAL,0,NONE
2026-03-18T07:00:00,1660,7.476,7.71,23.15,315.1,6.63,1.805,0.723,NORMAL,0,NONE
2026-03-18T07:15:00,1661,7.425,8.44,22.94,309.2,6.93,1.785,0.728,NORMAL,0,NONE
2026-03-18T07:30:00,1662,7.428,8.01,23.62,315.7,7.23,1.766,0.708,NORMAL,0,NONE
2026-03-18T07:45:00,1663,7.375,10.46,23.89,299.9,7.15,1.789,0.725,NORMAL,0,NONE
2026-03-18T08:00:00,1664,7.455,6.64,24.02,311.7,7.08,1.757,0.732,NORMAL,0,NONE
2026-03-18T08:15:00,1665,7.447,9.3,23.9,307.7,7.43,1.783,0.743,NORMAL,0,NONE
2026-03-18T08:30:00,1666,7.502,8.1,24.24,307.8,7.42,1.786,0.744,NORMAL,0,NONE
2026-03-18T08:45:00,1667,7.437,9.18,24.46,297.6,7.52,1.775,0.715,NORMAL,0,NONE
2026-03-18T09:00:00,1668,7.502,8.71,24.59,317.5,7.57,1.767,0.744,NORMAL,0,NONE
2026-03-18T09:15:00,1669,7.473,7.89,25.52,310.2,7.57,1.746,0.729,NORMAL,0,NONE
2026-03-18T09:30:00,1670,7.56,8.85,25.22,331.6,7.5,1.754,0.728,NORMAL,0,NONE
2026-03-18T09:45:00,1671,7.518,7.35,25.54,312.7,7.71,1.782,0.72,NORMAL,0,NONE
2026-03-18T10:00:00,1672,7.436,6.98,26.05,316.2,7.69,1.846,0.754,NORMAL,0,NONE
2026-03-18T10:15:00,1673,7.569,8.21,25.96,316.1,7.71,1.757,0.718,NORMAL,0,NONE
2026-03-18T10:30:00,1674,7.517,9.53,26.07,308.3,8.04,1.792,0.732,NORMAL,0,NONE
2026-03-18T10:45:00,1675,7.454,7.52,26.02,305.9,8.11,1.754,0.733,NORMAL,0,NONE
2026-03-18T11:00:00,1676,7.636,8.78,26.54,307.2,8.42,1.751,0.733,NORMAL,0,NONE
2026-03-18T11:15:00,1677,7.613,10.08,26.32,306.1,8.21,1.774,0.724,NORMAL,0,NONE
2026-03-18T11:30:00,1678,7.518,10.88,26.35,324.6,8.44,1.768,0.733,NORMAL,0,NONE
2026-03-18T11:45:00,1679,7.622,8.39,26.62,305.4,8.02,1.8,0.735,NORMAL,0,NONE
2026-03-18T12:00:00,1680,7.623,10.85,27.39,315.9,8.53,1.752,0.72,NORMAL,0,NONE
2026-03-18T12:15:00,1681,7.542,9.75,26.84,306.6,8.07,1.763,0.725,NORMAL,0,NONE
2026-03-18T12:30:00,1682,7.529,6.52,26.82,301.7,8.17,1.757,0.735,NORMAL,0,NONE
2026-03-18T12:45:00,1683,7.618,8.2,26.9,315.3,8.35,1.758,0.732,NORMAL,0,NONE
2026-03-18T13:00:00,1684,7.623,9.2,26.66,313.5,8.57,1.776,0.711,NORMAL,0,NONE
2026-03-18T13:15:00,1685,7.544,7.34,27.73,295.3,8.27,1.748,0.72,NORMAL,0,NONE
2026-03-18T13:30:00,1686,7.496,11.05,26.85,301.1,8.51,1.754,0.725,NORMAL,0,NONE
2026-03-18T13:45:00,1687,7.63,8.75,27.25,311.3,8.43,1.747,0.719,NORMAL,0,NONE
2026-03-18T14:00:00,1688,7.554,6.97,27.06,310.7,8.61,1.715,0.711,NORMAL,0,NONE
2026-03-18T14:15:00,1689,7.668,8.33,27.07,306.2,8.45,1.733,0.752,NORMAL,0,NONE
2026-03-18T14:30:00,1690,7.629,8.99,27.37,306.2,8.31,1.716,0.704,NORMAL,0,NONE
2026-03-18T14:45:00,1691,7.557,8.45,27.03,307.1,8.3,1.716,0.741,NORMAL,0,NONE
2026-03-18T15:00:00,1692,7.603,9.66,27.22,318.8,8.34,1.75,0.719,NORMAL,0,NONE
2026-03-18T15:15:00,1693,7.642,8.45,27.52,313.3,8.27,1.747,0.715,NORMAL,0,NONE
2026-03-18T15:30:00,1694,7.622,8.96,26.48,310.0,8.57,1.717,0.75,NORMAL,0,NONE
2026-03-18T15:45:00,1695,7.638,10.44,26.91,319.2,8.13,1.692,0.719,NORMAL,0,NONE
2026-03-18T16:00:00,1696,7.638,8.11,26.65,306.8,8.34,1.732,0.737,NORMAL,0,NONE
2026-03-18T16:15:00,1697,7.51,7.81,26.97,310.0,7.94,1.749,0.721,NORMAL,0,NONE
2026-03-18T16:30:00,1698,7.687,7.76,26.67,305.0,8.04,1.762,0.76,NORMAL,0,NONE
2026-03-18T16:45:00,1699,7.568,8.49,26.31,310.2,8.01,1.718,0.745,NORMAL,0,NONE
2026-03-18T17:00:00,1700,7.46,9.65,26.05,296.8,8.43,1.724,0.743,NORMAL,0,NONE
2026-03-18T17:15:00,1701,7.459,8.23,26.48,315.7,8.02,1.721,0.705,NORMAL,0,NONE
2026-03-18T17:30:00,1702,7.551,9.44,25.82,307.4,8.01,1.708,0.731,NORMAL,0,NONE
2026-03-18T17:45:00,1703,7.413,9.56,25.7,315.0,7.84,1.694,0.701,NORMAL,0,NONE
2026-03-18T18:00:00,1704,7.516,7.56,25.72,313.5,7.81,1.691,0.717,NORMAL,0,NONE
2026-03-18T18:15:00,1705,7.575,8.63,25.24,307.1,7.94,1.749,0.724,NORMAL,0,NONE
2026-03-18T18:30:00,1706,7.556,8.96,25.12,309.4,7.78,1.697,0.704,NORMAL,0,NONE
2026-03-18T18:45:00,1707,7.444,6.56,25.1,313.7,7.78,1.702,0.731,NORMAL,0,NONE
2026-03-18T19:00:00,1708,7.45,9.71,25.17,305.6,7.51,1.677,0.742,NORMAL,0,NONE
2026-03-18T19:15:00,1709,7.513,7.77,24.07,314.3,7.21,1.693,0.712,NORMAL,0,NONE
2026-03-18T19:30:00,1710,7.386,9.0,24.41,317.4,7.57,1.693,0.745,NORMAL,0,NONE
2026-03-18T19:45:00,1711,7.518,7.54,24.48,300.0,7.29,1.719,0.741,NORMAL,0,NONE
2026-03-18T20:00:00,1712,7.475,5.79,23.92,303.4,6.98,1.683,0.708,NORMAL,0,NONE
2026-03-18T20:15:00,1713,7.392,8.05,24.02,320.0,6.85,1.712,0.742,NORMAL,0,NONE
2026-03-18T20:30:00,1714,7.473,6.94,23.34,305.2,7.25,1.705,0.709,NORMAL,0,NONE
2026-03-18T20:45:00,1715,7.368,8.09,23.74,291.2,7.11,1.693,0.704,NORMAL,0,NONE
2026-03-18T21:00:00,1716,7.475,11.37,23.24,311.7,6.63,1.687,0.75,NORMAL,0,NONE
2026-03-18T21:15:00,1717,7.325,7.76,23.3,313.6,6.91,1.685,0.71,NORMAL,0,NONE
2026-03-18T21:30:00,1718,7.378,4.94,22.96,310.8,6.72,1.69,0.721,NORMAL,0,NONE
2026-03-18T21:45:00,1719,7.467,8.19,23.03,303.3,6.75,1.657,0.729,NORMAL,0,NONE
2026-03-18T22:00:00,1720,7.403,7.03,22.59,304.3,6.28,1.648,0.725,NORMAL,0,NONE
2026-03-18T22:15:00,1721,7.346,6.81,22.07,308.0,6.57,1.658,0.737,NORMAL,0,NONE
2026-03-18T22:30:00,1722,7.351,7.22,22.15,322.5,6.63,1.694,0.743,NORMAL,0,NONE
2026-03-18T22:45:00,1723,7.34,9.52,21.63,318.1,6.56,1.688,0.71,NORMAL,0,NONE
2026-03-18T23:00:00,1724,7.295,8.23,21.35,308.1,6.24,1.647,0.737,NORMAL,0,NONE
2026-03-18T23:15:00,1725,7.302,10.4,21.78,308.9,6.43,1.638,0.716,NORMAL,0,NONE
2026-03-18T23:30:00,1726,7.419,9.26,21.56,306.0,6.21,1.644,0.714,NORMAL,0,NONE
2026-03-18T23:45:00,1727,7.325,8.88,21.3,319.8,6.4,1.645,0.709,NORMAL,0,NONE
2026-03-19T00:00:00,1728,7.357,8.76,20.76,309.4,6.17,1.679,0.723,NORMAL,0,NONE
2026-03-19T00:15:00,1729,7.326,7.02,21.17,298.4,6.13,1.626,0.728,NORMAL,0,NONE
2026-03-19T00:30:00,1730,7.349,6.75,20.81,301.4,6.01,1.615,0.742,NORMAL,0,NONE
2026-03-19T00:45:00,1731,7.172,7.61,20.92,312.1,5.93,1.613,0.74,NORMAL,0,NONE
2026-03-19T01:00:00,1732,7.227,10.08,21.11,325.8,5.98,1.67,0.733,NORMAL,0,NONE
2026-03-19T01:15:00,1733,7.297,8.25,20.85,323.9,5.93,1.615,0.716,NORMAL,0,NONE
2026-03-19T01:30:00,1734,7.238,8.15,20.65,302.2,6.31,1.607,0.676,NORMAL,0,NONE
2026-03-19T01:45:00,1735,7.314,9.05,20.57,320.5,5.77,1.611,0.717,NORMAL,0,NONE
2026-03-19T02:00:00,1736,7.241,9.54,20.95,306.2,5.97,1.637,0.725,NORMAL,0,NONE
2026-03-19T02:15:00,1737,7.284,6.97,20.7,308.0,5.98,1.659,0.713,NORMAL,0,NONE
2026-03-19T02:30:00,1738,7.267,9.33,20.76,291.7,5.81,1.624,0.7,NORMAL,0,NONE
2026-03-19T02:45:00,1739,7.263,7.46,20.95,295.2,5.95,1.634,0.716,NORMAL,0,NONE
2026-03-19T03:00:00,1740,7.303,7.04,20.54,310.9,5.97,1.601,0.711,NORMAL,0,NONE
2026-03-19T03:15:00,1741,7.298,8.14,21.07,297.3,6.31,1.617,0.706,NORMAL,0,NONE
2026-03-19T03:30:00,1742,7.325,7.67,20.7,314.6,5.91,1.597,0.721,NORMAL,0,NONE
2026-03-19T03:45:00,1743,7.294,8.13,21.2,317.5,6.35,1.588,0.728,NORMAL,0,NONE
2026-03-19T04:00:00,1744,7.359,7.85,21.38,314.2,6.29,1.572,0.704,NORMAL,0,NONE
2026-03-19T04:15:00,1745,7.346,8.35,21.34,321.3,6.1,1.591,0.736,NORMAL,0,NONE
2026-03-19T04:30:00,1746,7.22,9.58,21.41,296.0,6.24,1.613,0.736,NORMAL,0,NONE
2026-03-19T04:45:00,1747,7.336,8.69,22.16,308.6,6.28,1.625,0.707,NORMAL,0,NONE
2026-03-19T05:00:00,1748,7.37,8.85,22.13,320.3,6.0,1.615,0.7,NORMAL,0,NONE
2026-03-19T05:15:00,1749,7.316,7.37,22.31,294.9,6.62,1.588,0.685,NORMAL,0,NONE
2026-03-19T05:30:00,1750,7.364,9.95,22.11,308.2,6.56,1.603,0.751,NORMAL,0,NONE
2026-03-19T05:45:00,1751,7.326,9.57,22.07,308.1,6.59,1.605,0.733,NORMAL,0,NONE
2026-03-19T06:00:00,1752,7.238,10.98,22.64,293.3,6.48,1.57,0.731,NORMAL,0,NONE
2026-03-19T06:15:00,1753,7.419,9.52,22.45,317.6,6.52,1.58,0.727,NORMAL,0,NONE
2026-03-19T06:30:00,1754,7.412,6.82,22.81,317.5,7.07,1.623,0.742,NORMAL,0,NONE
2026-03-19T06:45:00,1755,7.36,8.04,22.75,311.9,7.05,1.557,0.71,NORMAL,0,NONE
2026-03-19T07:00:00,1756,7.356,7.31,23.04,305.5,7.09,1.599,0.72,NORMAL,0,NONE
2026-03-19T07:15:00,1757,7.431,8.07,23.59,317.9,6.85,1.574,0.716,NORMAL,0,NONE
2026-03-19T07:30:00,1758,7.367,7.21,23.7,305.9,7.06,1.638,0.722,NORMAL,0,NONE
2026-03-19T07:45:00,1759,7.382,9.25,23.37,328.7,7.05,1.568,0.732,NORMAL,0,NONE
2026-03-19T08:00:00,1760,7.398,8.14,24.25,299.8,7.07,1.574,0.711,NORMAL,0,NONE
2026-03-19T08:15:00,1761,7.456,6.33,24.36,317.4,7.34,1.571,0.695,NORMAL,0,NONE
2026-03-19T08:30:00,1762,7.435,10.89,24.52,293.3,7.51,1.599,0.734,NORMAL,0,NONE
2026-03-19T08:45:00,1763,7.494,10.15,24.38,313.1,7.54,1.614,0.72,NORMAL,0,NONE
2026-03-19T09:00:00,1764,7.493,8.63,24.93,309.6,7.78,1.603,0.737,NORMAL,0,NONE
2026-03-19T09:15:00,1765,7.491,10.15,24.4,299.4,7.92,1.575,0.716,NORMAL,0,NONE
2026-03-19T09:30:00,1766,7.546,6.34,25.23,304.3,7.93,1.546,0.705,NORMAL,0,NONE
2026-03-19T09:45:00,1767,7.46,10.32,25.29,308.3,7.94,1.543,0.719,NORMAL,0,NONE
2026-03-19T10:00:00,1768,7.549,7.14,25.51,301.5,8.18,1.542,0.693,NORMAL,0,NONE
2026-03-19T10:15:00,1769,7.557,10.19,26.01,311.9,7.61,1.589,0.737,NORMAL,0,NONE
2026-03-19T10:30:00,1770,7.485,8.43,25.79,327.0,7.94,1.585,0.729,NORMAL,0,NONE
2026-03-19T10:45:00,1771,7.54,8.25,26.0,306.5,7.85,1.58,0.733,NORMAL,0,NONE
2026-03-19T11:00:00,1772,7.501,11.26,26.72,306.8,7.75,1.598,0.709,NORMAL,0,NONE
2026-03-19T11:15:00,1773,7.657,10.36,26.43,315.4,8.15,1.554,0.702,NORMAL,0,NONE
2026-03-19T11:30:00,1774,7.611,11.2,26.34,318.4,8.02,1.559,0.714,NORMAL,0,NONE
2026-03-19T11:45:00,1775,7.617,7.28,26.5,292.3,8.24,1.519,0.74,NORMAL,0,NONE
2026-03-19T12:00:00,1776,7.602,7.96,26.98,321.0,8.16,1.551,0.711,NORMAL,0,NONE
2026-03-19T12:15:00,1777,7.615,7.42,26.96,305.3,8.32,1.547,0.708,NORMAL,0,NONE
2026-03-19T12:30:00,1778,7.563,8.9,26.96,308.4,8.53,1.539,0.705,NORMAL,0,NONE
2026-03-19T12:45:00,1779,7.577,10.94,26.79,319.0,8.09,1.531,0.717,NORMAL,0,NONE
2026-03-19T13:00:00,1780,7.548,9.3,27.24,317.0,8.44,1.506,0.716,NORMAL,0,NONE
2026-03-19T13:15:00,1781,7.551,9.28,27.26,320.3,8.22,1.575,0.695,NORMAL,0,NONE
2026-03-19T13:30:00,1782,7.558,8.48,27.05,304.2,8.27,1.504,0.698,NORMAL,0,NONE
2026-03-19T13:45:00,1783,7.596,8.16,27.04,314.0,8.6,1.514,0.706,NORMAL,0,NONE
2026-03-19T14:00:00,1784,7.66,10.98,27.42,328.6,8.6,1.531,0.708,NORMAL,0,NONE
2026-03-19T14:15:00,1785,7.573,8.97,27.23,297.8,8.43,1.516,0.706,NORMAL,0,NONE
2026-03-19T14:30:00,1786,7.527,7.4,26.78,325.2,8.59,1.538,0.709,NORMAL,0,NONE
2026-03-19T14:45:00,1787,7.628,9.58,26.87,306.3,8.25,1.524,0.7,NORMAL,0,NONE
2026-03-19T15:00:00,1788,7.63,7.6,27.12,325.3,8.47,1.502,0.723,NORMAL,0,NONE
2026-03-19T15:15:00,1789,7.541,7.85,26.85,306.6,8.35,1.53,0.716,NORMAL,0,NONE
2026-03-19T15:30:00,1790,7.632,8.22,26.83,298.0,8.18,1.518,0.713,NORMAL,0,NONE
2026-03-19T15:45:00,1791,7.626,8.42,27.18,305.0,8.37,1.493,0.715,NORMAL,0,NONE
2026-03-19T16:00:00,1792,7.568,7.86,26.49,323.1,8.41,1.516,0.688,NORMAL,0,NONE
2026-03-19T16:15:00,1793,7.623,8.97,26.91,294.2,8.26,1.55,0.737,NORMAL,0,NONE
2026-03-19T16:30:00,1794,7.507,9.78,26.3,301.5,8.53,1.497,0.709,NORMAL,0,NONE
2026-03-19T16:45:00,1795,7.568,9.26,26.3,324.8,8.46,1.5,0.738,NORMAL,0,NONE
2026-03-19T17:00:00,1796,7.578,6.79,26.3,324.9,8.15,1.549,0.688,NORMAL,0,NONE
2026-03-19T17:15:00,1797,7.561,9.04,25.87,309.1,7.71,1.475,0.694,NORMAL,0,NONE
2026-03-19T17:30:00,1798,7.473,9.33,26.1,307.8,8.08,1.535,0.669,NORMAL,0,NONE
2026-03-19T17:45:00,1799,7.433,8.24,25.91,321.7,7.72,1.525,0.723,NORMAL,0,NONE
2026-03-19T18:00:00,1800,7.489,8.62,25.6,315.3,7.7,1.515,0.699,NORMAL,0,NONE
2026-03-19T18:15:00,1801,7.488,10.81,24.99,317.0,7.95,1.558,0.706,NORMAL,0,NONE
2026-03-19T18:30:00,1802,7.611,9.09,24.75,308.7,7.51,1.514,0.704,NORMAL,0,NONE
2026-03-19T18:45:00,1803,7.625,6.77,25.27,313.0,7.92,1.526,0.707,NORMAL,0,NONE
2026-03-19T19:00:00,1804,7.548,8.57,24.68,315.4,7.08,1.505,0.72,NORMAL,0,NONE
2026-03-19T19:15:00,1805,7.565,9.41,24.46,312.3,7.61,1.463,0.701,NORMAL,0,NONE
2026-03-19T19:30:00,1806,7.505,8.04,23.88,311.9,7.38,1.527,0.706,NORMAL,0,NONE
2026-03-19T19:45:00,1807,7.375,8.63,24.24,306.8,7.28,1.496,0.705,NORMAL,0,NONE
2026-03-19T20:00:00,1808,7.449,6.6,24.35,308.4,7.17,1.535,0.708,NORMAL,0,NONE
2026-03-19T20:15:00,1809,7.372,10.36,23.84,302.6,6.99,1.526,0.689,NORMAL,0,NONE
2026-03-19T20:30:00,1810,7.505,7.18,23.39,305.5,7.13,1.496,0.704,NORMAL,0,NONE
2026-03-19T20:45:00,1811,7.41,7.59,23.93,306.5,7.03,1.494,0.707,NORMAL,0,NONE
2026-03-19T21:00:00,1812,7.427,8.01,23.34,312.0,6.59,1.511,0.717,NORMAL,0,NONE
2026-03-19T21:15:00,1813,7.397,8.68,22.56,324.5,6.83,1.521,0.695,NORMAL,0,NONE
2026-03-19T21:30:00,1814,7.431,9.98,22.97,303.6,6.95,1.477,0.712,NORMAL,0,NONE
2026-03-19T21:45:00,1815,7.352,8.01,22.66,309.9,6.64,1.543,0.732,NORMAL,0,NONE
2026-03-19T22:00:00,1816,7.377,9.43,22.84,312.5,6.61,1.51,0.692,NORMAL,0,NONE
2026-03-19T22:15:00,1817,7.507,8.03,22.17,306.0,6.71,1.494,0.729,NORMAL,0,NONE
2026-03-19T22:30:00,1818,7.361,8.86,22.11,310.8,6.42,1.513,0.721,NORMAL,0,NONE
2026-03-19T22:45:00,1819,7.338,8.04,22.14,309.1,6.68,1.507,0.721,NORMAL,0,NONE
2026-03-19T23:00:00,1820,7.3,7.35,21.89,301.9,6.35,1.486,0.703,NORMAL,0,NONE
2026-03-19T23:15:00,1821,7.264,8.17,21.85,298.5,6.43,1.515,0.707,NORMAL,0,NONE
2026-03-19T23:30:00,1822,7.373,8.32,21.46,312.8,6.18,1.472,0.708,NORMAL,0,NONE
2026-03-19T23:45:00,1823,7.246,8.65,21.25,323.2,6.23,1.523,0.72,NORMAL,0,NONE
2026-03-20T00:00:00,1824,7.289,9.36,21.43,299.1,6.08,1.506,0.717,NORMAL,0,NONE
2026-03-20T00:15:00,1825,7.258,8.5,20.9,296.4,6.11,1.471,0.757,NORMAL,0,NONE
2026-03-20T00:30:00,1826,7.356,7.2,21.17,312.0,6.31,1.505,0.734,NORMAL,0,NONE
2026-03-20T00:45:00,1827,7.298,7.72,20.75,317.1,6.26,1.521,0.729,NORMAL,0,NONE
2026-03-20T01:00:00,1828,7.333,10.19,20.86,315.4,6.06,1.499,0.706,NORMAL,0,NONE
2026-03-20T01:15:00,1829,7.232,9.92,20.89,315.0,6.09,1.504,0.714,NORMAL,0,NONE
2026-03-20T01:30:00,1830,7.296,7.7,20.72,311.4,6.08,1.511,0.727,NORMAL,0,NONE
2026-03-20T01:45:00,1831,7.357,7.24,20.72,308.6,6.03,1.512,0.706,NORMAL,0,NONE
2026-03-20T02:00:00,1832,7.318,7.89,20.89,309.3,5.99,1.522,0.707,NORMAL,0,NONE
2026-03-20T02:15:00,1833,7.269,8.6,20.98,308.9,6.31,1.497,0.716,NORMAL,0,NONE
2026-03-20T02:30:00,1834,7.278,9.17,20.57,311.8,5.81,1.514,0.705,NORMAL,0,NONE
2026-03-20T02:45:00,1835,7.267,8.42,20.41,312.8,6.14,1.483,0.712,NORMAL,0,NONE
2026-03-20T03:00:00,1836,7.316,7.48,20.97,326.1,6.2,1.544,0.737,NORMAL,0,NONE
2026-03-20T03:15:00,1837,7.286,9.19,20.89,307.4,5.84,1.516,0.719,NORMAL,0,NONE
2026-03-20T03:30:00,1838,7.32,8.68,20.6,320.6,5.74,1.541,0.694,NORMAL,0,NONE
2026-03-20T03:45:00,1839,7.323,9.63,21.15,321.0,6.34,1.499,0.704,NORMAL,0,NONE
2026-03-20T04:00:00,1840,7.418,8.37,20.89,297.2,6.17,1.527,0.715,NORMAL,0,NONE
2026-03-20T04:15:00,1841,7.353,8.16,20.9,311.6,6.19,1.506,0.73,NORMAL,0,NONE
2026-03-20T04:30:00,1842,7.303,8.35,21.24,310.5,6.55,1.524,0.73,NORMAL,0,NONE
2026-03-20T04:45:00,1843,7.316,6.11,21.56,297.8,5.97,1.499,0.704,NORMAL,0,NONE
2026-03-20T05:00:00,1844,7.374,8.07,21.69,323.5,6.06,1.543,0.687,NORMAL,0,NONE
2026-03-20T05:15:00,1845,7.354,8.71,22.1,311.1,6.55,1.489,0.686,NORMAL,0,NONE
2026-03-20T05:30:00,1846,7.383,7.43,22.3,307.6,6.57,1.492,0.686,NORMAL,0,NONE
2026-03-20T05:45:00,1847,7.392,10.35,21.99,308.0,6.65,1.499,0.711,NORMAL,0,NONE
2026-03-20T06:00:00,1848,7.447,7.41,22.83,321.3,6.93,1.505,0.699,NORMAL,0,NONE
2026-03-20T06:15:00,1849,7.362,7.54,22.95,305.1,6.43,1.495,0.733,NORMAL,0,NONE
2026-03-20T06:30:00,1850,7.333,8.8,22.97,305.8,6.77,1.509,0.707,NORMAL,0,NONE
2026-03-20T06:45:00,1851,7.409,9.69,22.84,315.6,6.88,1.528,0.706,NORMAL,0,NONE
2026-03-20T07:00:00,1852,7.384,8.51,23.19,317.0,6.41,1.492,0.69,NORMAL,0,NONE
2026-03-20T07:15:00,1853,7.382,10.35,23.29,318.4,6.85,1.525,0.695,NORMAL,0,NONE
2026-03-20T07:30:00,1854,7.428,7.56,23.99,315.9,7.31,1.498,0.735,NORMAL,0,NONE
2026-03-20T07:45:00,1855,7.455,9.36,23.95,311.1,7.13,1.542,0.736,NORMAL,0,NONE
2026-03-20T08:00:00,1856,7.453,10.53,23.78,298.1,7.2,1.524,0.688,NORMAL,0,NONE
2026-03-20T08:15:00,1857,7.4,8.9,24.23,320.3,7.2,1.528,0.729,NORMAL,0,NONE
2026-03-20T08:30:00,1858,7.428,9.08,24.81,306.2,7.37,1.515,0.714,NORMAL,0,NONE
2026-03-20T08:45:00,1859,7.437,10.0,24.93,308.0,7.69,1.512,0.708,NORMAL,0,NONE
2026-03-20T09:00:00,1860,7.466,8.46,24.93,316.1,7.75,1.535,0.71,NORMAL,0,NONE
2026-03-20T09:15:00,1861,7.454,8.41,25.09,301.9,7.38,1.529,0.714,NORMAL,0,NONE
2026-03-20T09:30:00,1862,7.531,6.7,25.36,306.2,7.38,1.514,0.72,NORMAL,0,NONE
2026-03-20T09:45:00,1863,7.456,8.81,25.09,308.3,7.98,1.511,0.695,NORMAL,0,NONE
2026-03-20T10:00:00,1864,7.482,8.66,25.74,309.5,7.71,1.543,0.703,NORMAL,0,NONE
2026-03-20T10:15:00,1865,7.455,8.81,26.03,302.3,7.81,1.534,0.677,NORMAL,0,NONE
2026-03-20T10:30:00,1866,7.562,8.95,25.61,298.6,7.96,1.531,0.711,NORMAL,0,NONE
2026-03-20T10:45:00,1867,7.552,8.57,26.11,316.4,8.05,1.557,0.713,NORMAL,0,NONE
2026-03-20T11:00:00,1868,7.595,6.56,26.18,314.4,7.59,1.495,0.707,NORMAL,0,NONE
2026-03-20T11:15:00,1869,7.634,8.81,26.16,309.4,8.05,1.547,0.717,NORMAL,0,NONE
2026-03-20T11:30:00,1870,7.679,9.74,25.98,308.1,8.26,1.56,0.738,NORMAL,0,NONE
2026-03-20T11:45:00,1871,7.496,9.02,26.53,311.8,8.5,1.539,0.695,NORMAL,0,NONE
2026-03-20T12:00:00,1872,7.578,8.1,27.06,311.7,8.06,1.541,0.708,NORMAL,0,NONE
2026-03-20T12:15:00,1873,7.614,8.8,26.71,318.3,8.14,1.534,0.713,NORMAL,0,NONE
2026-03-20T12:30:00,1874,7.518,9.85,27.49,293.1,8.34,1.525,0.708,NORMAL,0,NONE
2026-03-20T12:45:00,1875,7.666,8.32,26.87,315.0,8.31,1.536,0.685,NORMAL,0,NONE
2026-03-20T13:00:00,1876,7.504,6.76,27.17,303.9,8.36,1.54,0.717,NORMAL,0,NONE
2026-03-20T13:15:00,1877,7.556,9.11,26.76,316.5,8.37,1.564,0.696,NORMAL,0,NONE
2026-03-20T13:30:00,1878,7.589,7.76,26.8,300.1,8.67,1.581,0.698,NORMAL,0,NONE
2026-03-20T13:45:00,1879,7.703,7.83,27.37,310.5,8.04,1.537,0.683,NORMAL,0,NONE
2026-03-20T14:00:00,1880,7.621,8.49,27.08,309.2,8.24,1.57,0.733,NORMAL,0,NONE
2026-03-20T14:15:00,1881,7.619,6.22,27.03,302.9,8.18,1.536,0.739,NORMAL,0,NONE
2026-03-20T14:30:00,1882,7.56,8.42,27.31,319.5,8.38,1.524,0.673,NORMAL,0,NONE
2026-03-20T14:45:00,1883,7.507,9.85,26.83,298.2,8.47,1.609,0.686,NORMAL,0,NONE
2026-03-20T15:00:00,1884,7.561,5.78,26.8,307.2,8.3,1.552,0.711,NORMAL,0,NONE
2026-03-20T15:15:00,1885,7.536,10.53,26.65,303.0,8.39,1.536,0.736,NORMAL,0,NONE
2026-03-20T15:30:00,1886,7.598,6.82,26.5,317.3,8.26,1.589,0.732,NORMAL,0,NONE
2026-03-20T15:45:00,1887,7.612,8.03,27.09,314.1,7.95,1.608,0.717,NORMAL,0,NONE
2026-03-20T16:00:00,1888,7.592,9.35,26.65,312.4,8.24,1.57,0.69,NORMAL,0,NONE
2026-03-20T16:15:00,1889,7.569,8.26,26.92,310.7,8.12,1.587,0.716,NORMAL,0,NONE
2026-03-20T16:30:00,1890,7.603,9.7,26.71,312.7,8.44,1.573,0.704,NORMAL,0,NONE
2026-03-20T16:45:00,1891,7.523,9.03,26.6,305.8,8.05,1.557,0.721,NORMAL,0,NONE
2026-03-20T17:00:00,1892,7.612,9.53,25.92,312.4,8.08,1.587,0.738,NORMAL,0,NONE
2026-03-20T17:15:00,1893,7.511,8.37,26.19,306.5,8.11,1.575,0.695,NORMAL,0,NONE
2026-03-20T17:30:00,1894,7.53,9.85,25.55,310.1,8.32,1.594,0.73,NORMAL,0,NONE
2026-03-20T17:45:00,1895,7.528,6.62,25.62,308.0,7.79,1.61,0.709,NORMAL,0,NONE
2026-03-20T18:00:00,1896,7.538,7.74,25.6,309.8,7.67,1.625,0.724,NORMAL,0,NONE
2026-03-20T18:15:00,1897,7.52,10.23,25.28,321.0,7.71,1.604,0.682,NORMAL,0,NONE
2026-03-20T18:30:00,1898,7.432,6.42,24.95,312.8,7.73,1.627,0.715,NORMAL,0,NONE
2026-03-20T18:45:00,1899,7.459,8.64,24.96,292.8,7.35,1.596,0.724,NORMAL,0,NONE
2026-03-20T19:00:00,1900,7.511,8.92,24.77,313.0,7.67,1.59,0.714,NORMAL,0,NONE
2026-03-20T19:15:00,1901,7.39,7.34,24.63,321.4,7.49,1.616,0.72,NORMAL,0,NONE
2026-03-20T19:30:00,1902,7.49,6.75,24.21,305.2,7.59,1.617,0.723,NORMAL,0,NONE
2026-03-20T19:45:00,1903,7.523,7.99,24.15,319.7,7.47,1.591,0.721,NORMAL,0,NONE
2026-03-20T20:00:00,1904,7.374,8.12,23.98,308.1,7.17,1.604,0.704,NORMAL,0,NONE
2026-03-20T20:15:00,1905,7.422,8.87,23.82,315.7,6.95,1.631,0.714,NORMAL,0,NONE
2026-03-20T20:30:00,1906,7.515,9.02,23.13,301.0,7.28,1.624,0.698,NORMAL,0,NONE
2026-03-20T20:45:00,1907,7.477,9.17,23.22,305.6,6.39,1.651,0.731,NORMAL,0,NONE
2026-03-20T21:00:00,1908,7.377,8.89,23.27,307.9,7.06,1.629,0.718,NORMAL,0,NONE
2026-03-20T21:15:00,1909,7.434,9.66,22.94,319.0,7.11,1.621,0.717,NORMAL,0,NONE
2026-03-20T21:30:00,1910,7.48,8.75,22.87,302.4,6.67,1.613,0.7,NORMAL,0,NONE
2026-03-20T21:45:00,1911,7.413,7.39,22.63,303.3,6.81,1.632,0.711,NORMAL,0,NONE
2026-03-20T22:00:00,1912,7.387,4.96,22.61,307.7,6.75,1.625,0.708,NORMAL,0,NONE
2026-03-20T22:15:00,1913,7.271,9.15,22.15,306.3,6.54,1.632,0.724,NORMAL,0,NONE
2026-03-20T22:30:00,1914,7.361,7.19,21.59,308.1,6.62,1.595,0.7,NORMAL,0,NONE
2026-03-20T22:45:00,1915,7.289,9.69,22.11,317.7,6.61,1.648,0.689,NORMAL,0,NONE
2026-03-20T23:00:00,1916,7.381,8.02,21.48,319.0,6.11,1.674,0.718,NORMAL,0,NONE
2026-03-20T23:15:00,1917,7.346,8.08,21.62,313.5,6.37,1.631,0.707,NORMAL,0,NONE
2026-03-20T23:30:00,1918,7.37,8.01,21.24,293.3,6.37,1.668,0.715,NORMAL,0,NONE
2026-03-20T23:45:00,1919,7.306,10.09,21.53,297.8,6.41,1.636,0.697,NORMAL,0,NONE
2026-03-21T00:00:00,1920,7.285,7.99,21.53,301.1,6.05,1.652,0.706,NORMAL,0,NONE
2026-03-21T00:15:00,1921,7.308,9.45,21.14,309.9,5.87,1.65,0.732,NORMAL,0,NONE
2026-03-21T00:30:00,1922,7.402,7.48,20.83,300.3,6.08,1.647,0.71,NORMAL,0,NONE
2026-03-21T00:45:00,1923,7.302,9.76,21.41,309.3,5.88,1.639,0.698,NORMAL,0,NONE
2026-03-21T01:00:00,1924,7.31,8.06,21.01,303.4,5.98,1.642,0.707,NORMAL,0,NONE
2026-03-21T01:15:00,1925,7.24,10.21,20.8,315.9,6.09,1.683,0.708,NORMAL,0,NONE
2026-03-21T01:30:00,1926,7.317,7.66,20.95,305.5,6.32,1.646,0.72,NORMAL,0,NONE
2026-03-21T01:45:00,1927,7.365,8.34,21.09,305.6,5.97,1.655,0.713,NORMAL,0,NONE
2026-03-21T02:00:00,1928,7.304,9.55,21.25,309.9,5.93,1.713,0.74,NORMAL,0,NONE
2026-03-21T02:15:00,1929,7.297,10.03,20.69,308.2,6.24,1.674,0.727,NORMAL,0,NONE
2026-03-21T02:30:00,1930,7.254,8.04,20.19,304.9,6.23,1.681,0.728,NORMAL,0,NONE
2026-03-21T02:45:00,1931,7.287,7.71,21.08,313.7,6.04,1.662,0.717,NORMAL,0,NONE
2026-03-21T03:00:00,1932,7.292,9.7,21.03,305.0,5.64,1.663,0.735,NORMAL,0,NONE
2026-03-21T03:15:00,1933,7.28,8.87,20.98,304.8,5.96,1.663,0.708,NORMAL,0,NONE
2026-03-21T03:30:00,1934,7.327,7.51,21.01,306.1,6.32,1.678,0.727,NORMAL,0,NONE
2026-03-21T03:45:00,1935,7.285,6.51,21.57,295.2,6.18,1.714,0.738,NORMAL,0,NONE
2026-03-21T04:00:00,1936,7.298,8.98,21.43,310.3,6.14,1.677,0.713,NORMAL,0,NONE
2026-03-21T04:15:00,1937,7.357,9.05,21.38,314.6,6.26,1.682,0.741,NORMAL,0,NONE
2026-03-21T04:30:00,1938,7.336,10.15,21.26,313.6,6.14,1.709,0.702,NORMAL,0,NONE
2026-03-21T04:45:00,1939,7.383,9.52,21.74,302.7,6.11,1.69,0.754,NORMAL,0,NONE
2026-03-21T05:00:00,1940,7.3,6.84,21.3,308.9,6.37,1.698,0.735,NORMAL,0,NONE
2026-03-21T05:15:00,1941,7.407,7.4,21.6,300.0,6.21,1.675,0.74,NORMAL,0,NONE
2026-03-21T05:30:00,1942,7.327,8.28,22.11,313.4,6.62,1.717,0.712,NORMAL,0,NONE
2026-03-21T05:45:00,1943,7.384,10.35,22.06,310.5,6.95,1.671,0.73,NORMAL,0,NONE
2026-03-21T06:00:00,1944,7.332,8.08,22.22,316.3,6.71,1.664,0.731,NORMAL,0,NONE
2026-03-21T06:15:00,1945,7.431,8.48,22.69,319.1,6.69,1.729,0.752,NORMAL,0,NONE
2026-03-21T06:30:00,1946,7.428,9.63,22.57,295.6,6.55,1.709,0.725,NORMAL,0,NONE
2026-03-21T06:45:00,1947,7.391,8.14,22.86,309.1,6.88,1.755,0.745,NORMAL,0,NONE
2026-03-21T07:00:00,1948,7.437,9.25,22.97,305.0,6.93,1.709,0.718,NORMAL,0,NONE
2026-03-21T07:15:00,1949,7.443,9.06,23.66,321.0,6.97,1.729,0.69,NORMAL,0,NONE
2026-03-21T07:30:00,1950,7.316,9.2,23.73,304.3,7.0,1.712,0.728,NORMAL,0,NONE
2026-03-21T07:45:00,1951,7.422,9.82,23.64,321.9,7.11,1.727,0.733,NORMAL,0,NONE
2026-03-21T08:00:00,1952,7.445,9.32,23.59,305.5,7.27,1.719,0.755,NORMAL,0,NONE
2026-03-21T08:15:00,1953,7.4,8.68,24.24,319.4,7.3,1.737,0.73,NORMAL,0,NONE
2026-03-21T08:30:00,1954,7.537,9.29,24.56,321.8,7.39,1.707,0.722,NORMAL,0,NONE
2026-03-21T08:45:00,1955,7.501,10.22,24.81,310.1,7.47,1.731,0.721,NORMAL,0,NONE
2026-03-21T09:00:00,1956,7.402,7.97,24.82,313.5,7.51,1.715,0.71,NORMAL,0,NONE
2026-03-21T09:15:00,1957,7.478,8.11,24.96,317.0,7.13,1.71,0.71,NORMAL,0,NONE
2026-03-21T09:30:00,1958,7.457,7.09,25.22,308.8,7.36,1.737,0.73,NORMAL,0,NONE
2026-03-21T09:45:00,1959,7.488,10.06,25.26,306.7,7.59,1.723,0.733,NORMAL,0,NONE
2026-03-21T10:00:00,1960,7.528,6.93,25.45,311.4,7.91,1.753,0.746,NORMAL,0,NONE
2026-03-21T10:15:00,1961,7.453,7.68,26.18,306.0,7.94,1.743,0.73,NORMAL,0,NONE
2026-03-21T10:30:00,1962,7.485,6.08,25.99,310.7,8.12,1.754,0.713,NORMAL,0,NONE
2026-03-21T10:45:00,1963,7.587,6.86,26.17,324.4,8.41,1.745,0.732,NORMAL,0,NONE
2026-03-21T11:00:00,1964,7.526,7.58,26.02,303.0,8.09,1.738,0.71,CONTAMINATION,1,CHEMICAL_SALT_SPILL
2026-03-21T11:15:00,1965,7.885,19.0,26.38,846.1,8.43,1.766,0.761,CONTAMINATION,1,CHEMICAL_SALT_SPILL
2026-03-21T11:30:00,1966,8.317,28.47,26.93,1370.0,8.64,1.757,0.732,CONTAMINATION,1,CHEMICAL_SALT_SPILL
2026-03-21T11:45:00,1967,8.572,35.51,26.96,1797.6,8.38,1.743,0.719,CONTAMINATION,1,CHEMICAL_SALT_SPILL
2026-03-21T12:00:00,1968,8.831,41.11,27.06,2134.7,8.31,1.759,0.754,CONTAMINATION,1,CHEMICAL_SALT_SPILL
2026-03-21T12:15:00,1969,8.873,48.43,26.97,2357.6,8.25,1.776,0.724,CONTAMINATION,1,CHEMICAL_SALT_SPILL
2026-03-21T12:30:00,1970,8.982,50.17,26.81,2403.8,8.14,1.794,0.744,CONTAMINATION,1,CHEMICAL_SALT_SPILL
2026-03-21T12:45:00,1971,8.953,49.95,27.17,2332.0,8.29,1.77,0.748,CONTAMINATION,1,CHEMICAL_SALT_SPILL
2026-03-21T13:00:00,1972,8.844,43.05,26.68,2136.9,8.53,1.807,0.738,CONTAMINATION,1,CHEMICAL_SALT_SPILL
2026-03-21T13:15:00,1973,8.557,36.83,27.14,1792.0,8.47,1.709,0.733,CONTAMINATION,1,CHEMICAL_SALT_SPILL
2026-03-21T13:30:00,1974,8.347,29.84,27.43,1364.3,8.29,1.75,0.757,CONTAMINATION,1,CHEMICAL_SALT_SPILL
2026-03-21T13:45:00,1975,7.951,17.95,27.13,837.9,8.53,1.775,0.718,CONTAMINATION,1,CHEMICAL_SALT_SPILL
2026-03-21T14:00:00,1976,7.553,6.96,27.04,296.8,8.21,1.753,0.737,CONTAMINATION,1,CHEMICAL_SALT_SPILL
2026-03-21T14:15:00,1977,7.691,8.89,26.79,304.2,8.41,1.786,0.726,NORMAL,0,NONE
2026-03-21T14:30:00,1978,7.662,8.8,27.93,313.4,8.3,1.757,0.737,NORMAL,0,NONE
2026-03-21T14:45:00,1979,7.568,8.14,26.85,318.6,8.45,1.779,0.736,NORMAL,0,NONE
2026-03-21T15:00:00,1980,7.592,8.26,26.86,301.7,8.31,1.782,0.74,NORMAL,0,NONE
2026-03-21T15:15:00,1981,7.584,10.82,27.27,303.4,8.4,1.742,0.738,NORMAL,0,NONE
2026-03-21T15:30:00,1982,7.704,9.15,27.12,313.6,8.48,1.787,0.744,NORMAL,0,NONE
2026-03-21T15:45:00,1983,7.567,9.81,26.67,297.1,8.51,1.772,0.75,NORMAL,0,NONE
2026-03-21T16:00:00,1984,7.557,8.93,26.85,316.9,8.33,1.784,0.731,NORMAL,0,NONE
2026-03-21T16:15:00,1985,7.56,10.24,26.63,327.7,7.99,1.791,0.711,NORMAL,0,NONE
2026-03-21T16:30:00,1986,7.581,9.64,26.55,313.8,8.15,1.78,0.719,NORMAL,0,NONE
2026-03-21T16:45:00,1987,7.614,9.14,25.98,326.4,7.96,1.781,0.734,NORMAL,0,NONE
2026-03-21T17:00:00,1988,7.486,8.76,25.62,300.2,7.78,1.796,0.695,NORMAL,0,NONE
2026-03-21T17:15:00,1989,7.591,7.53,26.61,302.7,8.18,1.794,0.721,NORMAL,0,NONE
2026-03-21T17:30:00,1990,7.537,8.33,26.26,321.5,8.03,1.778,0.712,NORMAL,0,NONE
2026-03-21T17:45:00,1991,7.553,6.91,25.54,303.7,8.21,1.795,0.718,NORMAL,0,NONE
2026-03-21T18:00:00,1992,7.511,8.81,25.39,302.2,7.79,1.775,0.743,NORMAL,0,NONE
2026-03-21T18:15:00,1993,7.549,9.06,25.39,312.8,7.67,1.813,0.743,NORMAL,0,NONE
2026-03-21T18:30:00,1994,7.48,10.34,25.31,311.4,7.72,1.806,0.725,NORMAL,0,NONE
2026-03-21T18:45:00,1995,7.446,9.7,24.72,318.3,7.55,1.815,0.726,NORMAL,0,NONE
2026-03-21T19:00:00,1996,7.503,9.18,24.33,318.8,7.29,1.795,0.734,NORMAL,0,NONE
2026-03-21T19:15:00,1997,7.498,9.27,24.71,309.9,7.78,1.764,0.729,NORMAL,0,NONE
2026-03-21T19:30:00,1998,7.458,7.05,24.1,313.8,7.53,1.84,0.724,NORMAL,0,NONE
2026-03-21T19:45:00,1999,7.427,8.36,24.31,309.7,7.48,1.805,0.696,NORMAL,0,NONE
2026-03-21T20:00:00,2000,7.478,9.16,23.75,309.7,7.3,1.785,0.701,NORMAL,0,NONE
2026-03-21T20:15:00,2001,7.396,9.52,23.41,298.1,7.36,1.774,0.713,NORMAL,0,NONE
2026-03-21T20:30:00,2002,7.488,9.14,23.66,310.2,6.88,1.775,0.733,NORMAL,0,NONE
2026-03-21T20:45:00,2003,7.352,8.45,23.59,300.2,6.81,1.846,0.705,NORMAL,0,NONE
2026-03-21T21:00:00,2004,7.299,8.91,22.91,317.8,6.73,1.776,0.726,NORMAL,0,NONE
2026-03-21T21:15:00,2005,7.382,8.8,22.66,316.9,6.52,1.774,0.742,NORMAL,0,NONE
2026-03-21T21:30:00,2006,7.476,9.91,22.85,297.3,6.54,1.784,0.732,NORMAL,0,NONE
2026-03-21T21:45:00,2007,7.354,10.16,22.8,306.4,6.5,1.812,0.736,NORMAL,0,NONE
2026-03-21T22:00:00,2008,7.369,11.36,22.56,319.8,6.52,1.811,0.719,NORMAL,0,NONE
2026-03-21T22:15:00,2009,7.42,7.59,22.3,312.1,6.12,1.809,0.715,NORMAL,0,NONE
2026-03-21T22:30:00,2010,7.444,7.85,21.8,305.8,6.58,1.786,0.727,NORMAL,0,NONE
2026-03-21T22:45:00,2011,7.349,7.66,21.84,306.5,6.53,1.81,0.74,NORMAL,0,NONE
2026-03-21T23:00:00,2012,7.314,9.06,22.06,318.8,6.34,1.829,0.753,NORMAL,0,NONE
2026-03-21T23:15:00,2013,7.334,9.95,21.77,319.1,6.33,1.798,0.754,NORMAL,0,NONE
2026-03-21T23:30:00,2014,7.359,8.78,21.34,307.0,6.08,1.808,0.744,NORMAL,0,NONE
2026-03-21T23:45:00,2015,7.309,9.93,21.25,330.7,5.98,1.827,0.713,NORMAL,0,NONE
2026-03-22T00:00:00,2016,7.336,11.42,21.41,296.0,6.16,1.782,0.743,NORMAL,0,NONE
2026-03-22T00:15:00,2017,7.374,7.18,21.31,311.7,6.35,1.821,0.749,NORMAL,0,NONE
2026-03-22T00:30:00,2018,7.323,7.91,21.03,302.8,6.17,1.808,0.755,NORMAL,0,NONE
2026-03-22T00:45:00,2019,7.271,8.11,20.83,323.4,6.28,1.812,0.732,NORMAL,0,NONE
2026-03-22T01:00:00,2020,7.293,10.52,20.74,305.1,6.22,1.798,0.724,NORMAL,0,NONE
2026-03-22T01:15:00,2021,7.357,9.37,21.04,317.6,5.79,1.805,0.723,NORMAL,0,NONE
2026-03-22T01:30:00,2022,7.313,11.95,20.96,296.9,6.25,1.825,0.737,NORMAL,0,NONE
2026-03-22T01:45:00,2023,7.27,7.32,21.17,311.0,6.18,1.791,0.723,NORMAL,0,NONE
2026-03-22T02:00:00,2024,7.347,11.29,21.07,310.2,6.05,1.795,0.722,NORMAL,0,NONE
2026-03-22T02:15:00,2025,7.188,8.11,20.6,312.2,6.25,1.813,0.716,NORMAL,0,NONE
2026-03-22T02:30:00,2026,7.34,10.43,20.71,317.0,5.98,1.797,0.72,NORMAL,0,NONE
2026-03-22T02:45:00,2027,7.322,9.45,21.16,307.2,6.36,1.805,0.721,NORMAL,0,NONE
2026-03-22T03:00:00,2028,7.265,9.11,20.96,329.6,5.99,1.809,0.726,NORMAL,0,NONE
2026-03-22T03:15:00,2029,7.351,9.17,21.07,318.8,5.96,1.812,0.739,NORMAL,0,NONE
2026-03-22T03:30:00,2030,7.356,7.92,21.03,309.2,6.13,1.757,0.747,NORMAL,0,NONE
2026-03-22T03:45:00,2031,7.277,9.03,20.99,315.2,6.23,1.774,0.757,NORMAL,0,NONE
2026-03-22T04:00:00,2032,7.331,8.12,21.3,304.5,6.27,1.833,0.717,NORMAL,0,NONE
2026-03-22T04:15:00,2033,7.255,8.02,21.24,300.0,6.41,1.788,0.719,NORMAL,0,NONE
2026-03-22T04:30:00,2034,7.397,11.1,21.26,301.8,6.2,1.805,0.713,NORMAL,0,NONE
2026-03-22T04:45:00,2035,7.353,9.73,21.77,327.7,6.29,1.785,0.727,NORMAL,0,NONE
2026-03-22T05:00:00,2036,7.304,8.36,21.46,317.7,6.38,1.819,0.709,NORMAL,0,NONE
2026-03-22T05:15:00,2037,7.366,7.25,21.72,303.8,6.5,1.81,0.717,NORMAL,0,NONE
2026-03-22T05:30:00,2038,7.351,10.81,22.23,305.3,6.48,1.78,0.685,NORMAL,0,NONE
2026-03-22T05:45:00,2039,7.369,10.61,22.18,307.9,6.75,1.792,0.722,NORMAL,0,NONE
2026-03-22T06:00:00,2040,7.393,9.02,22.32,321.5,6.58,1.811,0.724,NORMAL,0,NONE
2026-03-22T06:15:00,2041,7.324,9.38,22.8,308.6,6.34,1.794,0.725,NORMAL,0,NONE
2026-03-22T06:30:00,2042,7.255,7.85,22.46,310.3,6.87,1.794,0.731,NORMAL,0,NONE
2026-03-22T06:45:00,2043,7.467,9.72,23.1,318.7,6.92,1.789,0.734,NORMAL,0,NONE
2026-03-22T07:00:00,2044,7.402,9.06,23.58,297.9,6.89,1.795,0.751,NORMAL,0,NONE
2026-03-22T07:15:00,2045,7.356,8.32,23.29,310.6,6.8,1.794,0.738,NORMAL,0,NONE
2026-03-22T07:30:00,2046,7.453,7.94,23.83,294.3,7.27,1.801,0.72,NORMAL,0,NONE
2026-03-22T07:45:00,2047,7.452,7.89,23.47,306.4,7.01,1.757,0.753,NORMAL,0,NONE
2026-03-22T08:00:00,2048,7.328,7.66,24.23,311.2,6.99,1.786,0.723,NORMAL,0,NONE
2026-03-22T08:15:00,2049,7.367,7.04,24.27,309.9,7.35,1.781,0.737,NORMAL,0,NONE
2026-03-22T08:30:00,2050,7.507,6.49,24.37,322.3,7.5,1.783,0.746,NORMAL,0,NONE
2026-03-22T08:45:00,2051,7.513,10.78,24.73,314.8,7.39,1.803,0.7,NORMAL,0,NONE
2026-03-22T09:00:00,2052,7.464,8.83,24.79,311.6,7.71,1.746,0.695,NORMAL,0,NONE
2026-03-22T09:15:00,2053,7.475,9.25,25.52,313.9,7.34,1.763,0.737,NORMAL,0,NONE
2026-03-22T09:30:00,2054,7.465,8.14,25.63,309.3,7.87,1.776,0.737,NORMAL,0,NONE
2026-03-22T09:45:00,2055,7.494,11.52,25.38,310.7,7.84,1.806,0.72,NORMAL,0,NONE
2026-03-22T10:00:00,2056,7.587,8.6,25.09,304.7,7.62,1.769,0.742,NORMAL,0,NONE
2026-03-22T10:15:00,2057,7.474,8.47,25.72,309.6,7.78,1.771,0.736,NORMAL,0,NONE
2026-03-22T10:30:00,2058,7.541,7.05,25.8,324.5,8.22,1.751,0.71,NORMAL,0,NONE
2026-03-22T10:45:00,2059,7.53,9.65,25.55,301.8,7.84,1.778,0.722,NORMAL,0,NONE
2026-03-22T11:00:00,2060,7.56,7.23,26.41,300.2,7.92,1.764,0.708,NORMAL,0,NONE
2026-03-22T11:15:00,2061,7.627,10.89,26.26,311.9,8.41,1.767,0.744,NORMAL,0,NONE
2026-03-22T11:30:00,2062,7.512,7.9,26.64,290.2,8.15,1.763,0.728,NORMAL,0,NONE
2026-03-22T11:45:00,2063,7.597,7.89,26.49,317.1,8.31,1.786,0.73,NORMAL,0,NONE
2026-03-22T12:00:00,2064,7.674,8.09,27.18,320.1,8.0,1.75,0.728,NORMAL,0,NONE
2026-03-22T12:15:00,2065,7.467,9.86,27.21,310.5,8.27,1.752,0.737,NORMAL,0,NONE
2026-03-22T12:30:00,2066,7.64,10.64,26.97,305.9,8.02,1.751,0.733,NORMAL,0,NONE
2026-03-22T12:45:00,2067,7.591,8.49,26.96,309.9,8.21,1.735,0.694,NORMAL,0,NONE
2026-03-22T13:00:00,2068,7.637,10.05,27.1,321.3,8.13,1.746,0.723,NORMAL,0,NONE
2026-03-22T13:15:00,2069,7.564,8.71,27.0,314.8,8.43,1.753,0.719,NORMAL,0,NONE
2026-03-22T13:30:00,2070,7.533,10.39,27.15,313.5,8.45,1.751,0.726,NORMAL,0,NONE
2026-03-22T13:45:00,2071,7.515,7.4,26.96,314.3,8.41,1.729,0.7,NORMAL,0,NONE
2026-03-22T14:00:00,2072,7.606,9.55,27.33,311.9,8.55,1.776,0.725,NORMAL,0,NONE
2026-03-22T14:15:00,2073,7.616,9.15,27.24,302.6,8.44,1.736,0.718,NORMAL,0,NONE
2026-03-22T14:30:00,2074,7.645,9.8,27.08,303.4,8.11,1.722,0.745,NORMAL,0,NONE
2026-03-22T14:45:00,2075,7.645,7.08,27.06,315.1,8.28,1.728,0.717,NORMAL,0,NONE
2026-03-22T15:00:00,2076,7.623,7.84,26.95,302.6,8.39,1.758,0.753,NORMAL,0,NONE
2026-03-22T15:15:00,2077,7.564,10.48,26.83,306.1,8.4,1.723,0.727,NORMAL,0,NONE
2026-03-22T15:30:00,2078,7.6,8.38,26.57,311.9,8.15,1.705,0.736,NORMAL,0,NONE
2026-03-22T15:45:00,2079,7.629,6.35,26.62,306.6,8.07,1.739,0.73,NORMAL,0,NONE
2026-03-22T16:00:00,2080,7.581,9.45,27.09,312.6,8.01,1.706,0.741,NORMAL,0,NONE
2026-03-22T16:15:00,2081,7.605,9.02,26.8,315.2,8.39,1.687,0.714,NORMAL,0,NONE
2026-03-22T16:30:00,2082,7.583,8.96,26.82,306.3,8.21,1.691,0.73,NORMAL,0,NONE
2026-03-22T16:45:00,2083,7.581,8.13,26.48,307.8,7.93,1.72,0.709,NORMAL,0,NONE
2026-03-22T17:00:00,2084,7.549,8.78,25.93,311.8,7.54,1.717,0.724,NORMAL,0,NONE
2026-03-22T17:15:00,2085,7.537,10.31,26.06,304.1,8.01,1.724,0.707,NORMAL,0,NONE
2026-03-22T17:30:00,2086,7.563,8.81,26.09,308.9,7.99,1.688,0.705,NORMAL,0,NONE
2026-03-22T17:45:00,2087,7.465,4.98,26.1,305.4,7.86,1.698,0.745,NORMAL,0,NONE
2026-03-22T18:00:00,2088,7.515,9.31,25.68,316.4,7.6,1.729,0.74,NORMAL,0,NONE
2026-03-22T18:15:00,2089,7.506,8.21,25.71,296.5,7.59,1.727,0.749,NORMAL,0,NONE
2026-03-22T18:30:00,2090,7.555,9.74,25.14,312.1,7.9,1.708,0.745,NORMAL,0,NONE
2026-03-22T18:45:00,2091,7.499,9.6,25.08,310.2,7.73,1.69,0.735,NORMAL,0,NONE
2026-03-22T19:00:00,2092,7.436,8.56,24.52,315.8,7.49,1.71,0.723,NORMAL,0,NONE
2026-03-22T19:15:00,2093,7.546,10.16,24.8,300.1,7.32,1.7,0.71,NORMAL,0,NONE
2026-03-22T19:30:00,2094,7.458,8.82,24.8,308.1,7.43,1.713,0.737,NORMAL,0,NONE
2026-03-22T19:45:00,2095,7.4,8.68,23.96,321.1,7.05,1.66,0.694,NORMAL,0,NONE
2026-03-22T20:00:00,2096,7.486,9.09,24.14,312.5,7.15,1.692,0.701,NORMAL,0,NONE
2026-03-22T20:15:00,2097,7.485,8.48,24.09,309.2,7.28,1.676,0.714,NORMAL,0,NONE
2026-03-22T20:30:00,2098,7.486,9.81,23.68,307.0,6.96,1.674,0.704,NORMAL,0,NONE
2026-03-22T20:45:00,2099,7.418,9.19,23.67,309.5,6.9,1.71,0.734,NORMAL,0,NONE
2026-03-22T21:00:00,2100,7.442,7.56,23.02,319.2,6.79,1.651,0.713,NORMAL,0,NONE
2026-03-22T21:15:00,2101,7.454,7.37,23.05,308.4,6.82,1.673,0.704,NORMAL,0,NONE
2026-03-22T21:30:00,2102,7.396,10.06,22.82,306.7,6.89,1.648,0.709,NORMAL,0,NONE
2026-03-22T21:45:00,2103,7.414,6.48,23.27,310.0,6.54,1.676,0.719,NORMAL,0,NONE
2026-03-22T22:00:00,2104,7.355,8.09,22.25,303.5,6.67,1.654,0.752,NORMAL,0,NONE
2026-03-22T22:15:00,2105,7.37,9.36,22.08,304.1,6.61,1.664,0.733,NORMAL,0,NONE
2026-03-22T22:30:00,2106,7.247,8.77,21.64,309.4,6.32,1.633,0.706,NORMAL,0,NONE
2026-03-22T22:45:00,2107,7.351,8.38,22.12,317.1,6.3,1.684,0.72,NORMAL,0,NONE
2026-03-22T23:00:00,2108,7.339,8.34,21.78,308.0,6.3,1.653,0.727,NORMAL,0,NONE
2026-03-22T23:15:00,2109,7.32,7.38,21.45,310.7,6.4,1.665,0.711,NORMAL,0,NONE
2026-03-22T23:30:00,2110,7.303,8.85,21.31,313.5,6.51,1.662,0.738,NORMAL,0,NONE
2026-03-22T23:45:00,2111,7.312,7.04,21.53,312.3,5.92,1.642,0.713,NORMAL,0,NONE
2026-03-23T00:00:00,2112,7.331,7.62,20.93,315.3,6.02,1.66,0.726,NORMAL,0,NONE
2026-03-23T00:15:00,2113,7.252,7.77,21.64,327.2,6.3,1.629,0.707,NORMAL,0,NONE
2026-03-23T00:30:00,2114,7.269,7.27,21.06,315.7,5.93,1.645,0.691,NORMAL,0,NONE
2026-03-23T00:45:00,2115,7.303,10.54,20.81,315.9,6.08,1.648,0.72,NORMAL,0,NONE
2026-03-23T01:00:00,2116,7.325,6.27,21.25,312.7,6.24,1.614,0.718,NORMAL,0,NONE
2026-03-23T01:15:00,2117,7.316,9.48,21.1,309.4,5.75,1.648,0.719,NORMAL,0,NONE
2026-03-23T01:30:00,2118,7.371,8.76,20.79,310.2,5.83,1.654,0.722,NORMAL,0,NONE
2026-03-23T01:45:00,2119,7.316,8.77,20.68,313.7,6.15,1.599,0.712,NORMAL,0,NONE
2026-03-23T02:00:00,2120,7.308,6.23,20.73,318.0,6.22,1.636,0.697,NORMAL,0,NONE
2026-03-23T02:15:00,2121,7.317,5.68,20.59,306.8,5.91,1.609,0.706,NORMAL,0,NONE
2026-03-23T02:30:00,2122,7.275,10.84,21.07,317.2,6.1,1.651,0.71,NORMAL,0,NONE
2026-03-23T02:45:00,2123,7.361,9.6,20.4,298.9,5.96,1.637,0.7,NORMAL,0,NONE
2026-03-23T03:00:00,2124,7.255,6.55,20.95,310.4,5.88,1.635,0.741,NORMAL,0,NONE
2026-03-23T03:15:00,2125,7.326,8.28,21.08,310.3,6.13,1.631,0.721,NORMAL,0,NONE
2026-03-23T03:30:00,2126,7.326,8.89,21.35,317.6,6.08,1.61,0.719,NORMAL,0,NONE
2026-03-23T03:45:00,2127,7.361,10.29,21.09,304.3,6.24,1.624,0.723,NORMAL,0,NONE
2026-03-23T04:00:00,2128,7.263,7.74,21.33,321.6,6.54,1.61,0.701,NORMAL,0,NONE
2026-03-23T04:15:00,2129,7.282,7.53,21.21,294.0,6.31,1.567,0.684,NORMAL,0,NONE
2026-03-23T04:30:00,2130,7.355,7.99,21.56,309.1,6.12,1.63,0.73,NORMAL,0,NONE
2026-03-23T04:45:00,2131,7.292,10.88,20.9,311.3,6.33,1.632,0.706,NORMAL,0,NONE
2026-03-23T05:00:00,2132,7.361,8.04,21.49,321.2,6.32,1.595,0.727,NORMAL,0,NONE
2026-03-23T05:15:00,2133,7.342,7.22,22.03,314.2,6.4,1.626,0.717,NORMAL,0,NONE
2026-03-23T05:30:00,2134,7.254,8.21,22.24,301.6,6.53,1.576,0.713,NORMAL,0,NONE
2026-03-23T05:45:00,2135,7.405,7.23,22.68,292.8,6.33,1.57,0.724,NORMAL,0,NONE
2026-03-23T06:00:00,2136,7.323,7.23,22.58,297.4,6.26,1.566,0.713,NORMAL,0,NONE
2026-03-23T06:15:00,2137,7.286,9.28,22.21,318.2,6.69,1.612,0.738,NORMAL,0,NONE
2026-03-23T06:30:00,2138,7.367,7.58,22.46,308.1,6.62,1.581,0.719,NORMAL,0,NONE
2026-03-23T06:45:00,2139,7.364,6.17,22.45,322.3,6.53,1.593,0.711,NORMAL,0,NONE
2026-03-23T07:00:00,2140,7.426,8.71,23.41,323.7,6.61,1.563,0.678,NORMAL,0,NONE
2026-03-23T07:15:00,2141,7.444,8.72,23.13,320.1,7.2,1.598,0.734,NORMAL,0,NONE
2026-03-23T07:30:00,2142,7.486,8.89,23.33,302.8,7.09,1.592,0.67,NORMAL,0,NONE
2026-03-23T07:45:00,2143,7.508,10.07,23.48,304.6,7.16,1.601,0.704,NORMAL,0,NONE
2026-03-23T08:00:00,2144,7.415,10.7,24.24,301.4,7.07,1.579,0.714,NORMAL,0,NONE
2026-03-23T08:15:00,2145,7.502,5.6,24.23,298.3,7.18,1.594,0.704,NORMAL,0,NONE
2026-03-23T08:30:00,2146,7.499,6.81,24.36,296.8,7.37,1.59,0.707,NORMAL,0,NONE
2026-03-23T08:45:00,2147,7.46,8.01,24.59,300.1,7.39,1.553,0.73,NORMAL,0,NONE
2026-03-23T09:00:00,2148,7.405,10.34,24.98,304.5,7.45,1.588,0.734,NORMAL,0,NONE
2026-03-23T09:15:00,2149,7.458,10.83,24.74,300.6,7.64,1.593,0.735,NORMAL,0,NONE
2026-03-23T09:30:00,2150,7.547,8.84,25.27,318.6,7.48,1.524,0.706,NORMAL,0,NONE
2026-03-23T09:45:00,2151,7.442,10.22,25.95,316.9,7.94,1.59,0.715,NORMAL,0,NONE
2026-03-23T10:00:00,2152,7.566,9.1,25.26,305.6,7.78,1.559,0.727,NORMAL,0,NONE
2026-03-23T10:15:00,2153,7.553,10.05,25.75,313.8,7.89,1.573,0.689,NORMAL,0,NONE
2026-03-23T10:30:00,2154,7.529,8.21,26.54,311.9,8.0,1.548,0.708,NORMAL,0,NONE
2026-03-23T10:45:00,2155,7.532,8.91,26.04,305.8,7.99,1.544,0.704,NORMAL,0,NONE
2026-03-23T11:00:00,2156,7.532,8.39,26.03,312.4,7.95,1.537,0.71,NORMAL,0,NONE
2026-03-23T11:15:00,2157,7.564,9.2,26.45,309.1,7.91,1.544,0.696,NORMAL,0,NONE
2026-03-23T11:30:00,2158,7.618,7.59,26.7,300.9,8.29,1.537,0.705,NORMAL,0,NONE
2026-03-23T11:45:00,2159,7.517,6.09,26.62,318.3,8.4,1.596,0.696,NORMAL,0,NONE
2026-03-23T12:00:00,2160,7.659,11.29,26.24,315.7,8.07,1.551,0.707,NORMAL,0,NONE
2026-03-23T12:15:00,2161,7.578,8.65,26.7,306.7,8.39,1.573,0.74,NORMAL,0,NONE
2026-03-23T12:30:00,2162,7.621,7.4,26.59,327.0,8.63,1.554,0.727,NORMAL,0,NONE
2026-03-23T12:45:00,2163,7.752,7.51,26.91,320.1,8.5,1.549,0.716,NORMAL,0,NONE
2026-03-23T13:00:00,2164,7.513,9.54,26.96,317.0,8.45,1.535,0.692,NORMAL,0,NONE
2026-03-23T13:15:00,2165,7.59,9.72,27.2,313.2,8.55,1.555,0.701,NORMAL,0,NONE
2026-03-23T13:30:00,2166,7.594,8.17,27.05,305.2,8.62,1.531,0.719,NORMAL,0,NONE
2026-03-23T13:45:00,2167,7.624,8.91,27.04,304.1,8.72,1.553,0.718,NORMAL,0,NONE
2026-03-23T14:00:00,2168,7.55,10.84,27.0,315.9,8.09,1.512,0.708,NORMAL,0,NONE
2026-03-23T14:15:00,2169,7.59,9.53,26.9,323.5,8.0,1.503,0.685,NORMAL,0,NONE
2026-03-23T14:30:00,2170,7.61,9.01,27.44,306.7,8.24,1.551,0.721,NORMAL,0,NONE
2026-03-23T14:45:00,2171,7.574,8.61,27.11,297.1,8.1,1.515,0.702,NORMAL,0,NONE
2026-03-23T15:00:00,2172,7.639,10.16,26.67,302.9,8.51,1.498,0.718,NORMAL,0,NONE
2026-03-23T15:15:00,2173,7.603,10.48,27.37,311.8,8.32,1.528,0.709,NORMAL,0,NONE
2026-03-23T15:30:00,2174,7.578,6.87,27.03,301.7,8.07,1.464,0.683,NORMAL,0,NONE
2026-03-23T15:45:00,2175,7.652,9.72,26.98,310.7,7.93,1.523,0.702,NORMAL,0,NONE
2026-03-23T16:00:00,2176,7.642,10.48,26.83,310.1,8.07,1.539,0.72,NORMAL,0,NONE
2026-03-23T16:15:00,2177,7.601,8.41,26.98,322.0,8.15,1.517,0.707,NORMAL,0,NONE
2026-03-23T16:30:00,2178,7.639,7.93,26.16,305.3,8.62,1.524,0.729,NORMAL,0,NONE
2026-03-23T16:45:00,2179,7.555,8.04,26.57,303.6,8.17,1.499,0.718,NORMAL,0,NONE
2026-03-23T17:00:00,2180,7.484,8.35,26.2,302.6,8.02,1.537,0.701,NORMAL,0,NONE
2026-03-23T17:15:00,2181,7.546,10.62,25.98,319.2,7.96,1.532,0.714,NORMAL,0,NONE
2026-03-23T17:30:00,2182,7.532,5.35,26.28,298.3,7.98,1.499,0.689,NORMAL,0,NONE
2026-03-23T17:45:00,2183,7.531,10.31,25.56,321.3,7.72,1.495,0.728,NORMAL,0,NONE
2026-03-23T18:00:00,2184,7.5,7.06,25.25,304.8,7.78,1.519,0.683,NORMAL,0,NONE
2026-03-23T18:15:00,2185,7.476,8.91,25.53,303.0,7.97,1.529,0.739,NORMAL,0,NONE
2026-03-23T18:30:00,2186,7.536,8.35,25.02,322.9,7.76,1.506,0.699,NORMAL,0,NONE
2026-03-23T18:45:00,2187,7.372,9.16,24.9,320.4,7.67,1.532,0.708,NORMAL,0,NONE
2026-03-23T19:00:00,2188,7.53,9.73,24.59,319.0,7.47,1.496,0.706,NORMAL,0,NONE
2026-03-23T19:15:00,2189,7.441,7.85,24.48,301.7,7.51,1.507,0.682,NORMAL,0,NONE
2026-03-23T19:30:00,2190,7.541,7.62,24.05,310.0,7.3,1.474,0.69,NORMAL,0,NONE
2026-03-23T19:45:00,2191,7.41,7.01,24.49,319.1,7.48,1.481,0.722,NORMAL,0,NONE
2026-03-23T20:00:00,2192,7.523,9.77,23.86,312.9,7.37,1.542,0.723,NORMAL,0,NONE
2026-03-23T20:15:00,2193,7.409,9.83,24.16,314.0,7.21,1.485,0.71,NORMAL,0,NONE
2026-03-23T20:30:00,2194,7.406,8.56,23.88,306.7,7.3,1.553,0.702,NORMAL,0,NONE
2026-03-23T20:45:00,2195,7.348,7.76,23.0,312.7,7.15,1.527,0.703,NORMAL,0,NONE
2026-03-23T21:00:00,2196,7.452,8.38,23.44,314.9,6.75,1.533,0.719,NORMAL,0,NONE
2026-03-23T21:15:00,2197,7.322,8.19,22.89,314.6,6.84,1.521,0.705,NORMAL,0,NONE
2026-03-23T21:30:00,2198,7.426,8.12,22.93,308.1,6.72,1.485,0.689,NORMAL,0,NONE
2026-03-23T21:45:00,2199,7.443,8.29,22.35,313.5,6.96,1.497,0.694,NORMAL,0,NONE
2026-03-23T22:00:00,2200,7.251,9.96,22.76,307.6,6.64,1.493,0.721,NORMAL,0,NONE
2026-03-23T22:15:00,2201,7.372,7.74,22.24,312.6,6.26,1.511,0.729,NORMAL,0,NONE
2026-03-23T22:30:00,2202,7.293,9.03,22.33,309.2,6.65,1.496,0.691,NORMAL,0,NONE
2026-03-23T22:45:00,2203,7.369,6.98,21.92,307.0,6.62,1.5,0.712,NORMAL,0,NONE
2026-03-23T23:00:00,2204,7.328,7.48,21.83,316.6,6.25,1.505,0.705,NORMAL,0,NONE
2026-03-23T23:15:00,2205,7.29,7.05,21.7,321.1,6.28,1.462,0.709,NORMAL,0,NONE
2026-03-23T23:30:00,2206,7.244,11.42,21.28,317.0,6.23,1.514,0.706,NORMAL,0,NONE
2026-03-23T23:45:00,2207,7.257,10.36,21.82,325.2,6.12,1.501,0.704,NORMAL,0,NONE
2026-03-24T00:00:00,2208,7.229,9.66,21.06,297.1,6.32,1.519,0.704,NORMAL,0,NONE
2026-03-24T00:15:00,2209,7.289,8.63,21.14,303.7,6.11,1.526,0.731,NORMAL,0,NONE
2026-03-24T00:30:00,2210,7.294,9.2,20.56,313.9,6.03,1.514,0.719,NORMAL,0,NONE
2026-03-24T00:45:00,2211,7.316,10.34,20.55,303.8,6.01,1.465,0.704,NORMAL,0,NONE
2026-03-24T01:00:00,2212,7.296,7.41,20.65,314.6,6.1,1.501,0.695,NORMAL,0,NONE
2026-03-24T01:15:00,2213,7.248,9.85,21.21,304.3,5.91,1.535,0.705,NORMAL,0,NONE
2026-03-24T01:30:00,2214,7.278,10.58,20.67,306.7,6.27,1.537,0.744,NORMAL,0,NONE
2026-03-24T01:45:00,2215,7.251,9.06,20.46,307.9,6.08,1.526,0.685,NORMAL,0,NONE
2026-03-24T02:00:00,2216,7.275,7.98,21.23,314.1,6.09,1.49,0.715,NORMAL,0,NONE
2026-03-24T02:15:00,2217,7.228,6.6,20.77,316.7,6.27,1.507,0.704,NORMAL,0,NONE
2026-03-24T02:30:00,2218,7.334,7.48,21.06,311.1,6.02,1.483,0.71,NORMAL,0,NONE
2026-03-24T02:45:00,2219,7.395,8.32,20.97,302.2,5.91,1.447,0.678,NORMAL,0,NONE
2026-03-24T03:00:00,2220,7.395,8.73,20.62,290.3,6.05,1.524,0.699,NORMAL,0,NONE
2026-03-24T03:15:00,2221,7.286,8.61,20.76,310.5,6.31,1.487,0.72,NORMAL,0,NONE
2026-03-24T03:30:00,2222,7.288,9.92,21.03,314.0,5.98,1.498,0.711,NORMAL,0,NONE
2026-03-24T03:45:00,2223,7.291,7.72,20.99,309.6,5.8,1.517,0.713,NORMAL,0,NONE
2026-03-24T04:00:00,2224,7.363,9.48,21.53,310.3,6.43,1.516,0.716,NORMAL,0,NONE
2026-03-24T04:15:00,2225,7.364,10.11,21.34,316.8,6.21,1.501,0.709,NORMAL,0,NONE
2026-03-24T04:30:00,2226,7.31,6.47,21.6,309.6,6.42,1.516,0.723,NORMAL,0,NONE
2026-03-24T04:45:00,2227,7.412,9.78,21.43,302.7,6.17,1.488,0.709,NORMAL,0,NONE
2026-03-24T05:00:00,2228,7.312,6.43,22.13,319.9,6.03,1.506,0.7,NORMAL,0,NONE
2026-03-24T05:15:00,2229,7.314,7.31,21.65,309.0,6.59,1.497,0.705,NORMAL,0,NONE
2026-03-24T05:30:00,2230,7.341,8.19,21.93,310.6,6.5,1.497,0.713,NORMAL,0,NONE
2026-03-24T05:45:00,2231,7.334,7.87,21.83,329.6,6.77,1.526,0.704,NORMAL,0,NONE
2026-03-24T06:00:00,2232,7.312,8.36,22.55,305.5,6.81,1.47,0.729,NORMAL,0,NONE
2026-03-24T06:15:00,2233,7.314,7.62,22.47,300.2,6.75,1.515,0.728,NORMAL,0,NONE
2026-03-24T06:30:00,2234,7.348,8.55,22.79,299.8,6.85,1.54,0.719,NORMAL,0,NONE
2026-03-24T06:45:00,2235,7.387,9.19,22.87,301.9,6.67,1.494,0.688,NORMAL,0,NONE
2026-03-24T07:00:00,2236,7.426,9.96,23.3,303.8,6.8,1.506,0.708,NORMAL,0,NONE
2026-03-24T07:15:00,2237,7.341,7.26,23.57,300.2,7.08,1.526,0.725,NORMAL,0,NONE
2026-03-24T07:30:00,2238,7.401,8.71,23.81,311.9,6.72,1.524,0.721,NORMAL,0,NONE
2026-03-24T07:45:00,2239,7.407,8.26,23.85,300.7,7.29,1.537,0.722,NORMAL,0,NONE
2026-03-24T08:00:00,2240,7.394,9.27,24.18,305.1,7.1,1.512,0.725,NORMAL,0,NONE
2026-03-24T08:15:00,2241,7.437,7.34,24.58,312.2,7.28,1.531,0.682,NORMAL,0,NONE
2026-03-24T08:30:00,2242,7.499,6.96,24.27,305.8,7.32,1.513,0.738,NORMAL,0,NONE
2026-03-24T08:45:00,2243,7.472,8.03,24.43,303.3,7.22,1.532,0.734,NORMAL,0,NONE
2026-03-24T09:00:00,2244,7.457,7.72,24.76,309.5,7.34,1.51,0.735,NORMAL,0,NONE
2026-03-24T09:15:00,2245,7.325,7.7,25.21,310.6,7.59,1.524,0.722,NORMAL,0,NONE
2026-03-24T09:30:00,2246,7.546,7.98,25.54,295.6,7.54,1.524,0.736,NORMAL,0,NONE
2026-03-24T09:45:00,2247,7.546,5.96,25.61,307.6,7.79,1.532,0.708,NORMAL,0,NONE
2026-03-24T10:00:00,2248,7.54,7.55,25.79,297.3,7.99,1.521,0.722,NORMAL,0,NONE
2026-03-24T10:15:00,2249,7.543,7.72,25.81,309.5,7.61,1.522,0.703,NORMAL,0,NONE
2026-03-24T10:30:00,2250,7.508,8.06,26.21,311.0,7.94,1.529,0.719,NORMAL,0,NONE
2026-03-24T10:45:00,2251,7.557,9.17,26.08,313.2,8.09,1.558,0.728,NORMAL,0,NONE
2026-03-24T11:00:00,2252,7.484,10.05,26.18,312.5,7.86,1.546,0.712,NORMAL,0,NONE
2026-03-24T11:15:00,2253,7.596,9.05,26.3,313.5,8.24,1.562,0.729,NORMAL,0,NONE
2026-03-24T11:30:00,2254,7.509,8.67,26.16,294.5,8.25,1.494,0.714,NORMAL,0,NONE
2026-03-24T11:45:00,2255,7.561,7.94,26.99,302.4,8.19,1.529,0.726,NORMAL,0,NONE
2026-03-24T12:00:00,2256,7.645,8.59,26.62,299.8,8.07,1.535,0.712,NORMAL,0,NONE
2026-03-24T12:15:00,2257,7.609,6.74,26.67,313.0,8.4,1.538,0.705,NORMAL,0,NONE
2026-03-24T12:30:00,2258,7.516,9.08,26.94,290.5,8.33,1.561,0.733,NORMAL,0,NONE
2026-03-24T12:45:00,2259,7.55,10.84,27.38,296.0,8.1,1.542,0.683,NORMAL,0,NONE
2026-03-24T13:00:00,2260,7.544,8.89,27.47,298.0,8.48,1.58,0.708,NORMAL,0,NONE
2026-03-24T13:15:00,2261,7.542,8.56,27.06,313.6,8.3,1.563,0.712,NORMAL,0,NONE
2026-03-24T13:30:00,2262,7.571,7.81,27.13,315.5,8.58,1.568,0.723,NORMAL,0,NONE
2026-03-24T13:45:00,2263,7.62,7.15,27.11,320.6,8.82,1.617,0.725,NORMAL,0,NONE
2026-03-24T14:00:00,2264,7.581,8.67,27.44,313.6,8.32,1.582,0.733,NORMAL,0,NONE
2026-03-24T14:15:00,2265,7.63,8.21,27.32,318.3,8.66,1.563,0.711,NORMAL,0,NONE
2026-03-24T14:30:00,2266,7.585,9.39,27.19,321.4,8.48,1.552,0.71,NORMAL,0,NONE
2026-03-24T14:45:00,2267,7.53,7.84,27.64,306.4,8.51,1.561,0.701,NORMAL,0,NONE
2026-03-24T15:00:00,2268,7.513,7.33,27.09,298.4,8.45,1.58,0.733,NORMAL,0,NONE
2026-03-24T15:15:00,2269,7.67,8.91,26.85,309.0,8.08,1.541,0.719,NORMAL,0,NONE
2026-03-24T15:30:00,2270,7.561,8.53,27.2,312.2,8.31,1.594,0.738,NORMAL,0,NONE
2026-03-24T15:45:00,2271,7.638,9.48,27.17,317.8,8.27,1.577,0.688,NORMAL,0,NONE
2026-03-24T16:00:00,2272,7.688,8.9,26.7,312.9,8.23,1.55,0.724,NORMAL,0,NONE
2026-03-24T16:15:00,2273,7.553,9.73,26.81,315.1,8.2,1.554,0.707,NORMAL,0,NONE
2026-03-24T16:30:00,2274,7.542,10.38,26.68,311.5,7.9,1.585,0.738,NORMAL,0,NONE
2026-03-24T16:45:00,2275,7.57,8.85,26.34,318.5,7.99,1.582,0.731,NORMAL,0,NONE
2026-03-24T17:00:00,2276,7.653,7.55,26.28,314.8,8.12,1.603,0.714,NORMAL,0,NONE
2026-03-24T17:15:00,2277,7.519,8.24,26.32,309.5,8.03,1.574,0.71,NORMAL,0,NONE
2026-03-24T17:30:00,2278,7.509,7.67,25.65,316.6,7.89,1.595,0.723,NORMAL,0,NONE
2026-03-24T17:45:00,2279,7.534,6.36,25.8,302.3,7.99,1.597,0.73,NORMAL,0,NONE
2026-03-24T18:00:00,2280,7.489,7.39,25.85,312.3,7.44,1.6,0.719,NORMAL,0,NONE
2026-03-24T18:15:00,2281,7.485,6.87,25.32,316.0,7.54,1.59,0.716,NORMAL,0,NONE
2026-03-24T18:30:00,2282,7.469,7.73,25.48,313.1,7.64,1.621,0.718,NORMAL,0,NONE
2026-03-24T18:45:00,2283,7.519,7.96,24.58,307.9,7.81,1.599,0.719,NORMAL,0,NONE
2026-03-24T19:00:00,2284,7.374,10.23,24.64,304.8,7.31,1.615,0.719,NORMAL,0,NONE
2026-03-24T19:15:00,2285,7.45,8.52,24.13,316.1,7.34,1.611,0.717,NORMAL,0,NONE
2026-03-24T19:30:00,2286,7.424,8.86,24.43,304.0,7.3,1.591,0.729,NORMAL,0,NONE
2026-03-24T19:45:00,2287,7.438,6.26,23.8,291.0,7.44,1.59,0.699,NORMAL,0,NONE
2026-03-24T20:00:00,2288,7.414,7.37,24.11,296.5,7.43,1.628,0.714,NORMAL,0,NONE
2026-03-24T20:15:00,2289,7.456,9.46,24.04,311.4,7.06,1.635,0.724,NORMAL,0,NONE
2026-03-24T20:30:00,2290,7.451,9.3,23.56,316.3,7.17,1.646,0.742,NORMAL,0,NONE
2026-03-24T20:45:00,2291,7.384,6.42,23.3,332.5,6.77,1.615,0.718,NORMAL,0,NONE
2026-03-24T21:00:00,2292,7.438,10.26,23.04,317.3,6.5,1.619,0.734,NORMAL,0,NONE
2026-03-24T21:15:00,2293,7.393,8.31,23.02,305.3,6.48,1.629,0.721,NORMAL,0,NONE
2026-03-24T21:30:00,2294,7.481,8.13,22.98,312.5,6.96,1.619,0.749,NORMAL,0,NONE
2026-03-24T21:45:00,2295,7.353,10.31,22.34,311.1,6.97,1.628,0.699,NORMAL,0,NONE
2026-03-24T22:00:00,2296,7.385,8.85,21.97,301.4,6.39,1.638,0.757,NORMAL,0,NONE
2026-03-24T22:15:00,2297,7.305,6.29,22.13,295.5,6.51,1.654,0.713,NORMAL,0,NONE
2026-03-24T22:30:00,2298,7.471,9.3,22.25,306.6,6.15,1.625,0.734,NORMAL,0,NONE
2026-03-24T22:45:00,2299,7.382,9.63,22.21,304.1,6.06,1.661,0.712,NORMAL,0,NONE
2026-03-24T23:00:00,2300,7.337,9.53,21.46,310.5,6.43,1.673,0.722,NORMAL,0,NONE
2026-03-24T23:15:00,2301,7.346,9.78,21.67,322.8,6.1,1.653,0.708,NORMAL,0,NONE
2026-03-24T23:30:00,2302,7.392,9.11,21.75,316.3,6.37,1.651,0.737,NORMAL,0,NONE
2026-03-24T23:45:00,2303,7.278,7.76,21.1,303.2,5.93,1.657,0.716,NORMAL,0,NONE
2026-03-25T00:00:00,2304,7.39,9.52,21.19,305.8,5.98,1.626,0.722,NORMAL,0,NONE
2026-03-25T00:15:00,2305,7.378,10.62,21.15,309.2,5.95,1.658,0.705,NORMAL,0,NONE
2026-03-25T00:30:00,2306,7.369,8.93,21.0,303.2,6.13,1.67,0.74,NORMAL,0,NONE
2026-03-25T00:45:00,2307,7.292,8.9,20.73,307.3,5.91,1.681,0.714,NORMAL,0,NONE
2026-03-25T01:00:00,2308,7.285,6.91,21.14,306.1,5.84,1.628,0.739,NORMAL,0,NONE
2026-03-25T01:15:00,2309,7.37,9.11,20.69,305.5,5.97,1.66,0.741,NORMAL,0,NONE
2026-03-25T01:30:00,2310,7.294,10.04,21.1,312.7,6.04,1.667,0.728,NORMAL,0,NONE
2026-03-25T01:45:00,2311,7.295,6.26,20.89,310.9,6.17,1.646,0.73,NORMAL,0,NONE
2026-03-25T02:00:00,2312,7.221,8.76,21.01,303.7,6.15,1.694,0.706,NORMAL,0,NONE
2026-03-25T02:15:00,2313,7.233,9.21,20.75,314.0,5.72,1.611,0.723,NORMAL,0,NONE
2026-03-25T02:30:00,2314,7.255,8.19,20.83,306.1,5.81,1.669,0.718,NORMAL,0,NONE
2026-03-25T02:45:00,2315,7.245,6.57,21.03,310.5,6.14,1.656,0.74,NORMAL,0,NONE
2026-03-25T03:00:00,2316,7.407,8.37,20.54,309.9,5.85,1.67,0.727,NORMAL,0,NONE
2026-03-25T03:15:00,2317,7.28,8.46,21.36,312.4,6.19,1.681,0.742,NORMAL,0,NONE
2026-03-25T03:30:00,2318,7.316,9.82,21.23,308.5,6.18,1.722,0.723,NORMAL,0,NONE
2026-03-25T03:45:00,2319,7.336,9.1,21.34,315.7,6.18,1.699,0.726,NORMAL,0,NONE
2026-03-25T04:00:00,2320,7.274,10.36,21.21,306.7,6.2,1.702,0.691,NORMAL,0,NONE
2026-03-25T04:15:00,2321,7.239,9.16,21.39,314.3,6.2,1.659,0.715,NORMAL,0,NONE
2026-03-25T04:30:00,2322,7.409,9.39,21.25,306.5,6.08,1.677,0.716,NORMAL,0,NONE
2026-03-25T04:45:00,2323,7.356,8.08,21.56,284.0,6.42,1.705,0.696,NORMAL,0,NONE
2026-03-25T05:00:00,2324,7.259,6.91,21.33,296.1,6.07,1.69,0.697,NORMAL,0,NONE
2026-03-25T05:15:00,2325,7.487,9.51,21.78,301.2,6.41,1.658,0.733,NORMAL,0,NONE
2026-03-25T05:30:00,2326,7.376,8.0,21.89,307.8,6.58,1.716,0.717,NORMAL,0,NONE
2026-03-25T05:45:00,2327,7.411,6.72,22.56,307.9,6.72,1.734,0.735,NORMAL,0,NONE
2026-03-25T06:00:00,2328,7.359,8.12,22.17,302.6,6.62,1.69,0.729,NORMAL,0,NONE
2026-03-25T06:15:00,2329,7.367,7.21,22.63,314.9,6.64,1.715,0.698,NORMAL,0,NONE
2026-03-25T06:30:00,2330,7.326,9.52,22.83,316.7,6.89,1.729,0.725,NORMAL,0,NONE
2026-03-25T06:45:00,2331,7.422,8.99,23.21,320.2,7.01,1.704,0.714,NORMAL,0,NONE
2026-03-25T07:00:00,2332,7.384,8.19,23.37,307.6,7.06,1.735,0.706,NORMAL,0,NONE
2026-03-25T07:15:00,2333,7.341,8.05,23.73,302.0,7.03,1.712,0.725,NORMAL,0,NONE
2026-03-25T07:30:00,2334,7.518,8.03,23.63,311.3,6.91,1.74,0.711,NORMAL,0,NONE
2026-03-25T07:45:00,2335,7.529,7.59,24.11,297.4,6.92,1.717,0.738,NORMAL,0,NONE
2026-03-25T08:00:00,2336,7.454,10.11,24.08,308.2,7.51,1.754,0.71,NORMAL,0,NONE
2026-03-25T08:15:00,2337,7.398,7.89,24.54,313.1,7.5,1.7,0.735,NORMAL,0,NONE
2026-03-25T08:30:00,2338,7.435,8.55,24.65,319.5,7.42,1.736,0.719,NORMAL,0,NONE
2026-03-25T08:45:00,2339,7.506,9.39,24.27,313.0,7.5,1.766,0.723,NORMAL,0,NONE
2026-03-25T09:00:00,2340,7.469,6.84,24.36,301.5,7.67,1.753,0.717,NORMAL,0,NONE
2026-03-25T09:15:00,2341,7.517,7.97,24.87,309.1,7.68,1.698,0.753,NORMAL,0,NONE
2026-03-25T09:30:00,2342,7.448,8.18,24.6,308.0,7.65,1.742,0.73,NORMAL,0,NONE
2026-03-25T09:45:00,2343,7.522,8.38,24.72,302.0,7.93,1.724,0.681,NORMAL,0,NONE
2026-03-25T10:00:00,2344,7.556,9.71,25.95,319.5,8.06,1.734,0.727,NORMAL,0,NONE
2026-03-25T10:15:00,2345,7.482,8.46,25.74,318.2,7.93,1.742,0.736,NORMAL,0,NONE
2026-03-25T10:30:00,2346,7.528,9.89,25.99,292.2,7.86,1.753,0.732,NORMAL,0,NONE
2026-03-25T10:45:00,2347,7.554,9.82,26.53,304.0,7.86,1.722,0.742,NORMAL,0,NONE
2026-03-25T11:00:00,2348,7.626,7.86,26.57,308.1,8.12,1.76,0.716,NORMAL,0,NONE
2026-03-25T11:15:00,2349,7.607,7.08,26.39,310.1,8.27,1.764,0.719,NORMAL,0,NONE
2026-03-25T11:30:00,2350,7.641,7.57,26.55,313.5,7.71,1.76,0.714,NORMAL,0,NONE
2026-03-25T11:45:00,2351,7.599,10.83,26.93,315.4,8.14,1.791,0.755,NORMAL,0,NONE
2026-03-25T12:00:00,2352,7.499,7.03,27.0,314.4,8.47,1.734,0.749,NORMAL,0,NONE
2026-03-25T12:15:00,2353,7.521,9.16,26.82,317.4,8.04,1.763,0.704,NORMAL,0,NONE
2026-03-25T12:30:00,2354,7.537,8.2,26.97,299.8,8.46,1.76,0.742,NORMAL,0,NONE
2026-03-25T12:45:00,2355,7.613,9.1,26.79,318.1,8.26,1.755,0.707,NORMAL,0,NONE
2026-03-25T13:00:00,2356,7.556,8.51,27.54,305.1,8.49,1.769,0.719,NORMAL,0,NONE
2026-03-25T13:15:00,2357,7.611,7.66,27.45,311.5,8.62,1.76,0.711,NORMAL,0,NONE
2026-03-25T13:30:00,2358,7.611,8.64,27.39,325.4,8.59,1.764,0.748,NORMAL,0,NONE
2026-03-25T13:45:00,2359,7.52,8.32,26.8,297.4,8.47,1.749,0.738,NORMAL,0,NONE
2026-03-25T14:00:00,2360,7.625,8.93,27.08,303.8,8.78,1.783,0.763,NORMAL,0,NONE
2026-03-25T14:15:00,2361,7.652,7.77,26.88,312.5,8.38,1.752,0.725,NORMAL,0,NONE
2026-03-25T14:30:00,2362,7.615,8.3,27.48,322.2,8.49,1.771,0.72,NORMAL,0,NONE
2026-03-25T14:45:00,2363,7.526,10.11,26.75,310.6,8.46,1.787,0.744,NORMAL,0,NONE
2026-03-25T15:00:00,2364,7.652,9.02,26.72,300.7,8.36,1.75,0.71,NORMAL,0,NONE
2026-03-25T15:15:00,2365,7.589,7.3,27.18,319.3,8.23,1.835,0.752,NORMAL,0,NONE
2026-03-25T15:30:00,2366,7.627,8.3,26.83,316.8,8.53,1.799,0.741,NORMAL,0,NONE
2026-03-25T15:45:00,2367,7.589,6.89,27.05,308.6,8.35,1.778,0.716,NORMAL,0,NONE
2026-03-25T16:00:00,2368,7.658,7.54,26.77,301.5,8.38,1.758,0.734,NORMAL,0,NONE
2026-03-25T16:15:00,2369,7.565,7.97,26.82,333.0,8.12,1.768,0.715,NORMAL,0,NONE
2026-03-25T16:30:00,2370,7.63,9.94,26.18,306.4,8.36,1.78,0.726,NORMAL,0,NONE
2026-03-25T16:45:00,2371,7.509,9.03,26.4,312.0,7.74,1.785,0.728,NORMAL,0,NONE
2026-03-25T17:00:00,2372,7.632,7.53,26.33,311.3,8.42,1.799,0.757,NORMAL,0,NONE
2026-03-25T17:15:00,2373,7.545,7.15,26.47,305.2,7.74,1.793,0.715,NORMAL,0,NONE
2026-03-25T17:30:00,2374,7.578,7.01,25.92,313.4,7.95,1.812,0.725,NORMAL,0,NONE
2026-03-25T17:45:00,2375,7.597,7.75,26.32,320.4,7.89,1.782,0.726,NORMAL,0,NONE
2026-03-25T18:00:00,2376,7.473,8.52,25.52,310.9,7.8,1.749,0.722,NORMAL,0,NONE
2026-03-25T18:15:00,2377,7.61,7.3,25.29,297.2,7.6,1.791,0.727,NORMAL,0,NONE
2026-03-25T18:30:00,2378,7.602,7.87,25.36,311.6,7.95,1.798,0.713,NORMAL,0,NONE
2026-03-25T18:45:00,2379,7.455,7.82,25.36,302.7,8.0,1.795,0.733,NORMAL,0,NONE
2026-03-25T19:00:00,2380,7.562,8.03,24.73,308.0,7.33,1.796,0.753,NORMAL,0,NONE
2026-03-25T19:15:00,2381,7.458,8.77,24.65,313.0,7.57,1.827,0.694,NORMAL,0,NONE
2026-03-25T19:30:00,2382,7.492,9.84,24.45,300.7,7.5,1.81,0.751,NORMAL,0,NONE
2026-03-25T19:45:00,2383,7.404,8.47,24.05,308.6,7.31,1.799,0.707,NORMAL,0,NONE
2026-03-25T20:00:00,2384,7.442,6.98,23.71,314.2,7.3,1.789,0.725,NORMAL,0,NONE
2026-03-25T20:15:00,2385,7.386,8.24,23.69,300.2,6.87,1.773,0.723,NORMAL,0,NONE
2026-03-25T20:30:00,2386,7.356,7.17,23.5,307.8,6.98,1.769,0.733,NORMAL,0,NONE
2026-03-25T20:45:00,2387,7.371,10.25,23.4,299.9,7.03,1.758,0.715,NORMAL,0,NONE
2026-03-25T21:00:00,2388,7.495,10.16,23.5,323.7,6.92,1.828,0.735,NORMAL,0,NONE
2026-03-25T21:15:00,2389,7.344,7.44,22.74,296.7,6.96,1.799,0.734,NORMAL,0,NONE
2026-03-25T21:30:00,2390,7.512,9.42,23.09,310.7,6.71,1.786,0.735,NORMAL,0,NONE
2026-03-25T21:45:00,2391,7.395,11.27,22.66,302.1,6.51,1.777,0.734,NORMAL,0,NONE
2026-03-25T22:00:00,2392,7.402,6.82,22.3,315.1,6.34,1.778,0.749,NORMAL,0,NONE
2026-03-25T22:15:00,2393,7.312,10.11,22.44,307.9,6.65,1.759,0.709,NORMAL,0,NONE
2026-03-25T22:30:00,2394,7.434,7.69,21.91,324.8,6.51,1.822,0.708,NORMAL,0,NONE
2026-03-25T22:45:00,2395,7.276,10.44,22.03,308.8,6.7,1.798,0.74,NORMAL,0,NONE
2026-03-25T23:00:00,2396,7.328,9.04,21.84,318.9,6.2,1.785,0.732,NORMAL,0,NONE
2026-03-25T23:15:00,2397,7.314,7.55,21.47,314.3,6.35,1.815,0.713,NORMAL,0,NONE
2026-03-25T23:30:00,2398,7.378,10.79,21.87,313.1,6.28,1.781,0.699,NORMAL,0,NONE
2026-03-25T23:45:00,2399,7.334,10.26,21.67,320.2,6.08,1.788,0.733,NORMAL,0,NONE
2026-03-26T00:00:00,2400,7.282,8.53,21.4,321.3,6.36,1.798,0.747,NORMAL,0,NONE
2026-03-26T00:15:00,2401,7.284,10.17,21.29,315.0,6.44,1.797,0.721,NORMAL,0,NONE
2026-03-26T00:30:00,2402,7.222,10.4,21.21,321.9,6.23,1.784,0.719,NORMAL,0,NONE
2026-03-26T00:45:00,2403,7.325,7.79,21.17,298.6,6.22,1.808,0.731,NORMAL,0,NONE
2026-03-26T01:00:00,2404,7.231,8.94,20.3,300.1,5.82,1.793,0.734,NORMAL,0,NONE
2026-03-26T01:15:00,2405,7.322,7.15,20.76,319.6,6.05,1.805,0.76,NORMAL,0,NONE
2026-03-26T01:30:00,2406,7.271,8.95,20.85,307.7,5.95,1.801,0.72,NORMAL,0,NONE
2026-03-26T01:45:00,2407,7.312,10.36,20.9,309.5,6.45,1.808,0.732,NORMAL,0,NONE
2026-03-26T02:00:00,2408,7.259,7.92,20.36,307.3,5.99,1.834,0.747,NORMAL,0,NONE
2026-03-26T02:15:00,2409,7.314,7.44,21.06,295.6,5.77,1.789,0.735,NORMAL,0,NONE
2026-03-26T02:30:00,2410,7.306,8.17,20.8,301.8,6.46,1.748,0.733,NORMAL,0,NONE
2026-03-26T02:45:00,2411,7.347,6.44,20.57,314.9,6.15,1.835,0.751,NORMAL,0,NONE
2026-03-26T03:00:00,2412,7.304,7.58,20.89,312.4,5.97,1.818,0.725,NORMAL,0,NONE
2026-03-26T03:15:00,2413,7.359,11.55,20.86,303.8,6.15,1.803,0.709,NORMAL,0,NONE
2026-03-26T03:30:00,2414,7.339,8.97,20.76,306.0,6.17,1.788,0.716,NORMAL,0,NONE
2026-03-26T03:45:00,2415,7.378,8.81,21.08,318.2,6.09,1.804,0.75,NORMAL,0,NONE
2026-03-26T04:00:00,2416,7.41,6.99,22.07,298.3,6.12,1.794,0.744,NORMAL,0,NONE
2026-03-26T04:15:00,2417,7.437,6.88,21.3,313.3,6.26,1.806,0.72,NORMAL,0,NONE
2026-03-26T04:30:00,2418,7.304,7.59,21.51,317.5,6.29,1.799,0.745,NORMAL,0,NONE
2026-03-26T04:45:00,2419,7.305,9.41,21.67,304.7,6.18,1.796,0.741,NORMAL,0,NONE
2026-03-26T05:00:00,2420,7.3,8.56,21.89,308.2,6.14,1.783,0.707,NORMAL,0,NONE
2026-03-26T05:15:00,2421,7.278,7.02,21.91,296.4,6.38,1.798,0.736,NORMAL,0,NONE
2026-03-26T05:30:00,2422,7.38,8.73,22.4,308.7,6.65,1.79,0.725,NORMAL,0,NONE
2026-03-26T05:45:00,2423,7.34,9.12,22.41,321.8,6.79,1.792,0.734,NORMAL,0,NONE
2026-03-26T06:00:00,2424,7.384,10.19,22.35,324.7,6.43,1.776,0.738,NORMAL,0,NONE
2026-03-26T06:15:00,2425,7.384,9.47,22.66,315.7,6.74,1.774,0.754,NORMAL,0,NONE
2026-03-26T06:30:00,2426,7.42,6.59,22.31,311.7,6.59,1.805,0.738,NORMAL,0,NONE
2026-03-26T06:45:00,2427,7.424,7.75,22.92,309.0,6.91,1.823,0.707,NORMAL,0,NONE
2026-03-26T07:00:00,2428,7.407,8.27,22.96,321.3,6.66,1.781,0.723,NORMAL,0,NONE
2026-03-26T07:15:00,2429,7.425,6.28,23.99,305.6,6.66,1.759,0.733,NORMAL,0,NONE
2026-03-26T07:30:00,2430,7.39,9.36,23.94,305.9,6.92,1.785,0.731,NORMAL,0,NONE
2026-03-26T07:45:00,2431,7.443,8.06,23.7,320.8,7.3,1.815,0.728,NORMAL,0,NONE
2026-03-26T08:00:00,2432,7.447,6.86,24.38,309.7,7.22,1.818,0.745,NORMAL,0,NONE
2026-03-26T08:15:00,2433,7.457,8.06,24.03,310.2,7.0,1.752,0.723,NORMAL,0,NONE
2026-03-26T08:30:00,2434,7.515,6.61,24.94,309.6,7.12,1.749,0.742,NORMAL,0,NONE
2026-03-26T08:45:00,2435,7.442,9.61,24.57,302.7,7.44,1.788,0.742,NORMAL,0,NONE
2026-03-26T09:00:00,2436,7.552,6.98,24.91,307.7,7.54,1.761,0.716,NORMAL,0,NONE
2026-03-26T09:15:00,2437,7.45,9.05,25.19,319.4,7.87,1.769,0.713,NORMAL,0,NONE
2026-03-26T09:30:00,2438,7.51,8.31,25.6,319.1,7.74,1.802,0.724,NORMAL,0,NONE
2026-03-26T09:45:00,2439,7.461,10.04,24.8,307.4,7.61,1.789,0.728,NORMAL,0,NONE
2026-03-26T10:00:00,2440,7.476,8.91,25.6,310.5,7.81,1.759,0.724,NORMAL,0,NONE
2026-03-26T10:15:00,2441,7.464,8.87,25.93,315.0,7.64,1.756,0.736,NORMAL,0,NONE
2026-03-26T10:30:00,2442,7.59,8.67,26.08,316.1,7.86,1.772,0.744,NORMAL,0,NONE
2026-03-26T10:45:00,2443,7.522,7.5,26.67,311.7,7.96,1.769,0.725,NORMAL,0,NONE
2026-03-26T11:00:00,2444,7.659,6.91,26.26,314.2,8.0,1.777,0.729,NORMAL,0,NONE
2026-03-26T11:15:00,2445,7.501,7.76,26.43,318.2,8.12,1.762,0.738,NORMAL,0,NONE
2026-03-26T11:30:00,2446,7.541,10.3,26.63,313.5,8.11,1.794,0.727,NORMAL,0,NONE
2026-03-26T11:45:00,2447,7.545,9.04,27.03,297.1,8.59,1.783,0.73,NORMAL,0,NONE
2026-03-26T12:00:00,2448,7.642,9.87,27.04,297.6,8.22,1.77,0.717,NORMAL,0,NONE
2026-03-26T12:15:00,2449,7.598,8.24,26.72,315.7,8.3,1.735,0.699,NORMAL,0,NONE
2026-03-26T12:30:00,2450,7.619,8.02,27.11,316.0,7.95,1.751,0.712,NORMAL,0,NONE
2026-03-26T12:45:00,2451,7.602,8.51,27.1,318.7,8.58,1.766,0.737,NORMAL,0,NONE
2026-03-26T13:00:00,2452,7.565,5.76,27.3,308.4,8.6,1.77,0.751,NORMAL,0,NONE
2026-03-26T13:15:00,2453,7.567,10.61,27.4,299.4,8.36,1.752,0.71,NORMAL,0,NONE
2026-03-26T13:30:00,2454,7.574,6.61,27.51,300.5,8.24,1.759,0.718,NORMAL,0,NONE
2026-03-26T13:45:00,2455,7.645,9.28,27.19,319.3,8.24,1.73,0.749,NORMAL,0,NONE
2026-03-26T14:00:00,2456,7.594,8.16,27.1,306.6,8.21,1.739,0.772,NORMAL,0,NONE
2026-03-26T14:15:00,2457,7.631,8.02,27.44,295.8,8.33,1.728,0.72,NORMAL,0,NONE
2026-03-26T14:30:00,2458,7.654,6.26,26.94,306.6,8.34,1.716,0.729,NORMAL,0,NONE
2026-03-26T14:45:00,2459,7.587,8.68,26.95,313.4,8.53,1.723,0.725,NORMAL,0,NONE
2026-03-26T15:00:00,2460,7.655,7.38,27.09,313.4,8.25,1.717,0.705,NORMAL,0,NONE
2026-03-26T15:15:00,2461,7.665,9.26,26.69,313.4,8.37,1.727,0.743,NORMAL,0,NONE
2026-03-26T15:30:00,2462,7.645,7.93,26.93,319.8,8.43,1.728,0.693,NORMAL,0,NONE
2026-03-26T15:45:00,2463,7.637,8.66,27.16,310.4,8.12,1.747,0.743,NORMAL,0,NONE
2026-03-26T16:00:00,2464,7.584,10.21,26.84,312.5,8.24,1.713,0.727,NORMAL,0,NONE
2026-03-26T16:15:00,2465,7.517,7.99,26.79,312.5,8.15,1.733,0.719,NORMAL,0,NONE
2026-03-26T16:30:00,2466,7.573,9.4,26.52,305.8,8.1,1.731,0.737,NORMAL,0,NONE
2026-03-26T16:45:00,2467,7.634,7.52,26.46,313.3,8.19,1.722,0.715,NORMAL,0,NONE
2026-03-26T17:00:00,2468,7.489,9.73,26.39,323.6,7.87,1.73,0.73,NORMAL,0,NONE
2026-03-26T17:15:00,2469,7.553,7.78,26.18,303.2,8.1,1.737,0.712,NORMAL,0,NONE
2026-03-26T17:30:00,2470,7.492,8.95,25.93,317.6,7.73,1.703,0.724,NORMAL,0,NONE
2026-03-26T17:45:00,2471,7.593,10.8,25.47,308.7,8.1,1.708,0.697,NORMAL,0,NONE
2026-03-26T18:00:00,2472,7.559,8.76,25.83,318.8,7.87,1.695,0.736,NORMAL,0,NONE
2026-03-26T18:15:00,2473,7.516,8.1,25.61,302.8,7.56,1.726,0.702,NORMAL,0,NONE
2026-03-26T18:30:00,2474,7.509,7.12,25.46,293.2,7.55,1.724,0.732,NORMAL,0,NONE
2026-03-26T18:45:00,2475,7.494,9.28,24.98,305.6,7.41,1.693,0.748,NORMAL,0,NONE
2026-03-26T19:00:00,2476,7.439,10.31,24.82,313.1,7.77,1.694,0.716,NORMAL,0,NONE
2026-03-26T19:15:00,2477,7.531,8.59,24.53,321.5,7.46,1.68,0.734,NORMAL,0,NONE
2026-03-26T19:30:00,2478,7.538,9.24,24.52,322.4,7.44,1.705,0.731,NORMAL,0,NONE
2026-03-26T19:45:00,2479,7.474,7.53,24.35,313.5,7.2,1.674,0.703,NORMAL,0,NONE
2026-03-26T20:00:00,2480,7.408,6.54,23.99,295.9,7.3,1.651,0.703,NORMAL,0,NONE
2026-03-26T20:15:00,2481,7.43,7.17,23.73,300.3,7.56,1.697,0.72,NORMAL,0,NONE
2026-03-26T20:30:00,2482,7.439,7.03,23.6,307.0,7.2,1.666,0.72,NORMAL,0,NONE
2026-03-26T20:45:00,2483,7.452,10.82,23.54,323.8,6.9,1.73,0.724,NORMAL,0,NONE
2026-03-26T21:00:00,2484,7.4,7.66,23.33,312.1,6.87,1.676,0.721,NORMAL,0,NONE
2026-03-26T21:15:00,2485,7.318,8.99,23.14,310.2,6.94,1.697,0.699,NORMAL,0,NONE
2026-03-26T21:30:00,2486,7.337,7.58,22.52,319.1,6.71,1.691,0.719,NORMAL,0,NONE
2026-03-26T21:45:00,2487,7.368,9.65,22.03,305.7,6.54,1.636,0.702,NORMAL,0,NONE
2026-03-26T22:00:00,2488,7.39,6.59,22.46,292.9,6.46,1.633,0.712,NORMAL,0,NONE
2026-03-26T22:15:00,2489,7.408,7.56,22.36,315.0,6.39,1.692,0.715,NORMAL,0,NONE
2026-03-26T22:30:00,2490,7.39,8.41,21.41,312.1,6.46,1.673,0.714,NORMAL,0,NONE
2026-03-26T22:45:00,2491,7.327,7.29,22.09,293.6,6.03,1.703,0.711,NORMAL,0,NONE
2026-03-26T23:00:00,2492,7.298,7.63,21.7,321.3,6.42,1.65,0.738,NORMAL,0,NONE
2026-03-26T23:15:00,2493,7.395,10.64,21.47,316.5,6.02,1.659,0.737,NORMAL,0,NONE
2026-03-26T23:30:00,2494,7.277,9.44,21.6,319.4,6.24,1.654,0.694,NORMAL,0,NONE
2026-03-26T23:45:00,2495,7.495,8.0,21.72,321.1,6.06,1.639,0.713,NORMAL,0,NONE
2026-03-27T00:00:00,2496,7.337,8.08,21.7,303.8,5.9,1.666,0.72,NORMAL,0,NONE
2026-03-27T00:15:00,2497,7.301,7.65,21.05,310.7,6.01,1.677,0.717,NORMAL,0,NONE
2026-03-27T00:30:00,2498,7.301,10.57,21.35,306.2,6.12,1.631,0.726,NORMAL,0,NONE
2026-03-27T00:45:00,2499,7.341,8.34,20.9,306.6,6.19,1.657,0.716,NORMAL,0,NONE
2026-03-27T01:00:00,2500,7.345,9.52,21.04,308.8,6.18,1.627,0.74,NORMAL,0,NONE
2026-03-27T01:15:00,2501,7.399,7.03,20.61,302.9,6.0,1.66,0.726,NORMAL,0,NONE
2026-03-27T01:30:00,2502,7.246,9.95,20.73,298.2,5.93,1.639,0.728,NORMAL,0,NONE
2026-03-27T01:45:00,2503,7.268,8.95,20.32,301.7,6.06,1.615,0.71,NORMAL,0,NONE
2026-03-27T02:00:00,2504,7.276,9.97,20.73,310.8,6.1,1.615,0.742,NORMAL,0,NONE
2026-03-27T02:15:00,2505,7.213,5.93,20.93,317.2,5.9,1.67,0.735,NORMAL,0,NONE
2026-03-27T02:30:00,2506,7.293,9.18,20.58,307.9,6.2,1.627,0.724,NORMAL,0,NONE
2026-03-27T02:45:00,2507,7.334,10.1,20.74,305.0,6.13,1.633,0.716,NORMAL,0,NONE
2026-03-27T03:00:00,2508,7.38,10.42,21.12,307.5,6.07,1.652,0.722,NORMAL,0,NONE
2026-03-27T03:15:00,2509,7.293,8.39,20.66,327.5,6.01,1.623,0.727,NORMAL,0,NONE
2026-03-27T03:30:00,2510,7.36,9.36,20.88,321.4,5.97,1.644,0.712,NORMAL,0,NONE
2026-03-27T03:45:00,2511,7.218,7.42,21.03,311.6,6.07,1.604,0.678,NORMAL,0,NONE
2026-03-27T04:00:00,2512,7.301,8.57,20.91,305.3,6.47,1.623,0.701,NORMAL,0,NONE
2026-03-27T04:15:00,2513,7.353,9.86,21.01,313.6,5.94,1.608,0.716,NORMAL,0,NONE
2026-03-27T04:30:00,2514,7.294,9.53,21.28,294.1,6.4,1.576,0.716,NORMAL,0,NONE
2026-03-27T04:45:00,2515,7.364,8.26,21.77,318.9,6.11,1.609,0.719,NORMAL,0,NONE
2026-03-27T05:00:00,2516,7.37,8.64,21.81,320.1,6.34,1.592,0.707,NORMAL,0,NONE
2026-03-27T05:15:00,2517,7.312,9.31,21.88,317.6,6.52,1.605,0.722,NORMAL,0,NONE
2026-03-27T05:30:00,2518,7.394,10.26,21.67,309.3,6.12,1.59,0.709,NORMAL,0,NONE
2026-03-27T05:45:00,2519,7.42,6.51,22.1,302.3,6.83,1.566,0.723,NORMAL,0,NONE
2026-03-27T06:00:00,2520,7.385,7.6,22.36,301.0,6.96,1.622,0.725,NORMAL,0,NONE
2026-03-27T06:15:00,2521,7.377,7.86,22.71,308.3,6.79,1.633,0.709,NORMAL,0,NONE
2026-03-27T06:30:00,2522,7.394,9.61,22.42,303.4,6.73,1.588,0.745,NORMAL,0,NONE
2026-03-27T06:45:00,2523,7.37,6.93,22.94,303.8,6.55,1.594,0.708,NORMAL,0,NONE
2026-03-27T07:00:00,2524,7.345,5.71,23.42,320.4,6.84,1.541,0.717,CONTAMINATION,1,HEAVY_SILT_SURGE
2026-03-27T07:15:00,2525,7.399,52.59,23.73,311.9,6.89,1.616,0.759,CONTAMINATION,1,HEAVY_SILT_SURGE
2026-03-27T07:30:00,2526,7.391,97.55,23.91,290.2,6.78,1.697,0.808,CONTAMINATION,1,HEAVY_SILT_SURGE
2026-03-27T07:45:00,2527,7.444,137.86,23.9,294.9,6.42,1.785,0.82,CONTAMINATION,1,HEAVY_SILT_SURGE
2026-03-27T08:00:00,2528,7.431,178.04,23.98,270.0,6.52,1.853,0.904,CONTAMINATION,1,HEAVY_SILT_SURGE
2026-03-27T08:15:00,2529,7.429,212.36,24.36,271.8,6.36,1.886,0.915,CONTAMINATION,1,HEAVY_SILT_SURGE
2026-03-27T08:30:00,2530,7.512,241.16,24.36,263.4,6.07,1.92,0.959,CONTAMINATION,1,HEAVY_SILT_SURGE
2026-03-27T08:45:00,2531,7.518,266.44,24.48,256.0,6.24,1.929,0.946,CONTAMINATION,1,HEAVY_SILT_SURGE
2026-03-27T09:00:00,2532,7.605,285.92,24.68,254.9,6.53,2.012,0.972,CONTAMINATION,1,HEAVY_SILT_SURGE
2026-03-27T09:15:00,2533,7.555,295.53,24.93,247.5,6.3,2.008,0.99,CONTAMINATION,1,HEAVY_SILT_SURGE
2026-03-27T09:30:00,2534,7.48,300.17,25.35,251.9,6.56,2.015,0.989,CONTAMINATION,1,HEAVY_SILT_SURGE
2026-03-27T09:45:00,2535,7.495,297.6,25.32,244.0,6.54,1.975,0.976,CONTAMINATION,1,HEAVY_SILT_SURGE
2026-03-27T10:00:00,2536,7.474,283.57,25.05,258.6,6.84,1.97,0.961,CONTAMINATION,1,HEAVY_SILT_SURGE
2026-03-27T10:15:00,2537,7.563,266.97,25.65,247.4,6.82,1.982,0.974,CONTAMINATION,1,HEAVY_SILT_SURGE
2026-03-27T10:30:00,2538,7.498,246.1,25.97,251.7,6.86,1.928,0.927,CONTAMINATION,1,HEAVY_SILT_SURGE
2026-03-27T10:45:00,2539,7.537,213.25,25.5,260.4,6.94,1.896,0.883,CONTAMINATION,1,HEAVY_SILT_SURGE
2026-03-27T11:00:00,2540,7.619,178.74,26.62,267.5,7.24,1.825,0.899,CONTAMINATION,1,HEAVY_SILT_SURGE
2026-03-27T11:15:00,2541,7.591,139.64,26.64,294.2,7.5,1.76,0.819,CONTAMINATION,1,HEAVY_SILT_SURGE
2026-03-27T11:30:00,2542,7.593,100.21,26.59,292.6,7.87,1.703,0.802,CONTAMINATION,1,HEAVY_SILT_SURGE
2026-03-27T11:45:00,2543,7.684,53.36,26.38,292.5,7.6,1.636,0.749,CONTAMINATION,1,HEAVY_SILT_SURGE
2026-03-27T12:00:00,2544,7.523,7.68,26.77,314.9,8.23,1.554,0.704,CONTAMINATION,1,HEAVY_SILT_SURGE
2026-03-27T12:15:00,2545,7.623,7.0,26.64,294.9,8.09,1.549,0.708,NORMAL,0,NONE
2026-03-27T12:30:00,2546,7.545,10.82,27.06,320.0,8.15,1.549,0.727,NORMAL,0,NONE
2026-03-27T12:45:00,2547,7.654,8.56,27.08,307.8,8.17,1.535,0.67,NORMAL,0,NONE
2026-03-27T13:00:00,2548,7.647,9.81,26.77,308.0,8.26,1.555,0.708,NORMAL,0,NONE
2026-03-27T13:15:00,2549,7.564,10.28,27.03,313.4,8.33,1.509,0.695,NORMAL,0,NONE
2026-03-27T13:30:00,2550,7.614,7.8,27.27,314.0,8.54,1.541,0.698,NORMAL,0,NONE
2026-03-27T13:45:00,2551,7.545,7.66,27.9,319.6,8.55,1.508,0.702,NORMAL,0,NONE
2026-03-27T14:00:00,2552,7.646,7.57,27.07,306.1,8.55,1.538,0.705,NORMAL,0,NONE
2026-03-27T14:15:00,2553,7.534,7.47,27.36,309.8,8.73,1.529,0.716,NORMAL,0,NONE
2026-03-27T14:30:00,2554,7.508,6.8,27.45,321.2,8.24,1.51,0.71,NORMAL,0,NONE
2026-03-27T14:45:00,2555,7.566,8.76,27.53,304.5,8.47,1.557,0.692,NORMAL,0,NONE
2026-03-27T15:00:00,2556,7.562,7.88,27.06,299.5,8.58,1.521,0.722,NORMAL,0,NONE
2026-03-27T15:15:00,2557,7.625,8.9,27.1,291.5,8.12,1.554,0.711,NORMAL,0,NONE
2026-03-27T15:30:00,2558,7.491,8.39,26.54,307.8,8.24,1.538,0.713,NORMAL,0,NONE
2026-03-27T15:45:00,2559,7.544,9.83,26.89,318.4,8.46,1.538,0.722,NORMAL,0,NONE
2026-03-27T16:00:00,2560,7.629,9.1,26.99,304.3,8.28,1.547,0.715,NORMAL,0,NONE
2026-03-27T16:15:00,2561,7.586,8.02,26.43,312.6,7.96,1.519,0.714,NORMAL,0,NONE
2026-03-27T16:30:00,2562,7.53,9.48,26.49,327.3,8.34,1.54,0.686,NORMAL,0,NONE
2026-03-27T16:45:00,2563,7.626,9.01,26.22,307.3,8.29,1.541,0.727,NORMAL,0,NONE
2026-03-27T17:00:00,2564,7.596,7.85,25.78,302.6,8.13,1.508,0.69,NORMAL,0,NONE
2026-03-27T17:15:00,2565,7.44,8.07,25.94,302.0,8.24,1.53,0.679,NORMAL,0,NONE
2026-03-27T17:30:00,2566,7.538,8.22,25.48,317.5,7.66,1.528,0.703,NORMAL,0,NONE
2026-03-27T17:45:00,2567,7.551,8.2,26.0,302.6,7.98,1.525,0.702,NORMAL,0,NONE
2026-03-27T18:00:00,2568,7.566,10.06,25.79,320.0,8.11,1.541,0.717,NORMAL,0,NONE
2026-03-27T18:15:00,2569,7.563,8.31,25.68,309.1,7.81,1.513,0.725,NORMAL,0,NONE
2026-03-27T18:30:00,2570,7.476,6.73,24.96,296.5,7.56,1.532,0.712,NORMAL,0,NONE
2026-03-27T18:45:00,2571,7.354,6.96,24.97,302.7,7.72,1.529,0.699,NORMAL,0,NONE
2026-03-27T19:00:00,2572,7.517,8.68,24.75,308.8,7.81,1.5,0.699,NORMAL,0,NONE
2026-03-27T19:15:00,2573,7.468,12.3,24.38,307.8,7.48,1.495,0.735,NORMAL,0,NONE
2026-03-27T19:30:00,2574,7.495,9.18,24.59,295.4,7.4,1.503,0.716,NORMAL,0,NONE
2026-03-27T19:45:00,2575,7.509,10.32,23.89,315.6,7.24,1.502,0.683,NORMAL,0,NONE
2026-03-27T20:00:00,2576,7.557,7.88,24.01,329.0,7.08,1.495,0.713,NORMAL,0,NONE
2026-03-27T20:15:00,2577,7.53,10.9,23.89,313.5,6.67,1.506,0.719,NORMAL,0,NONE
2026-03-27T20:30:00,2578,7.5,7.89,23.58,315.1,7.25,1.485,0.673,NORMAL,0,NONE
2026-03-27T20:45:00,2579,7.427,9.57,23.53,315.7,7.32,1.478,0.69,NORMAL,0,NONE
2026-03-27T21:00:00,2580,7.449,8.22,22.96,312.3,7.24,1.508,0.717,NORMAL,0,NONE
2026-03-27T21:15:00,2581,7.467,6.31,22.92,311.8,6.84,1.505,0.712,NORMAL,0,NONE
2026-03-27T21:30:00,2582,7.397,7.21,22.7,307.6,7.14,1.496,0.733,NORMAL,0,NONE
2026-03-27T21:45:00,2583,7.301,8.39,22.44,311.3,6.79,1.49,0.71,NORMAL,0,NONE
2026-03-27T22:00:00,2584,7.348,10.56,22.63,325.9,6.88,1.514,0.703,NORMAL,0,NONE
2026-03-27T22:15:00,2585,7.47,8.98,21.67,296.5,6.51,1.537,0.731,NORMAL,0,NONE
2026-03-27T22:30:00,2586,7.342,10.16,21.81,315.6,6.25,1.522,0.686,NORMAL,0,NONE
2026-03-27T22:45:00,2587,7.344,9.66,21.6,303.6,6.46,1.457,0.697,NORMAL,0,NONE
2026-03-27T23:00:00,2588,7.313,8.8,21.95,304.7,6.57,1.495,0.719,NORMAL,0,NONE
2026-03-27T23:15:00,2589,7.275,7.4,21.87,307.0,6.38,1.501,0.696,NORMAL,0,NONE
2026-03-27T23:30:00,2590,7.323,6.82,21.45,290.6,6.46,1.503,0.684,NORMAL,0,NONE
2026-03-27T23:45:00,2591,7.34,8.87,21.47,312.3,6.3,1.524,0.715,NORMAL,0,NONE
2026-03-28T00:00:00,2592,7.274,6.44,21.3,288.5,6.15,1.488,0.707,NORMAL,0,NONE
2026-03-28T00:15:00,2593,7.247,9.56,21.05,324.1,6.55,1.515,0.696,NORMAL,0,NONE
2026-03-28T00:30:00,2594,7.373,7.54,20.89,305.6,5.79,1.521,0.701,NORMAL,0,NONE
2026-03-28T00:45:00,2595,7.361,5.95,20.84,308.4,5.91,1.507,0.713,NORMAL,0,NONE
2026-03-28T01:00:00,2596,7.383,8.5,21.15,305.5,6.39,1.526,0.711,NORMAL,0,NONE
2026-03-28T01:15:00,2597,7.281,8.99,20.91,313.8,6.09,1.487,0.686,NORMAL,0,NONE
2026-03-28T01:30:00,2598,7.208,10.15,20.79,323.6,6.38,1.483,0.725,NORMAL,0,NONE
2026-03-28T01:45:00,2599,7.429,9.75,20.81,307.6,6.17,1.504,0.707,NORMAL,0,NONE
2026-03-28T02:00:00,2600,7.234,8.04,20.5,309.4,6.0,1.515,0.718,NORMAL,0,NONE
2026-03-28T02:15:00,2601,7.247,9.49,20.83,303.2,6.16,1.486,0.724,NORMAL,0,NONE
2026-03-28T02:30:00,2602,7.277,6.65,20.94,301.5,5.93,1.472,0.689,NORMAL,0,NONE
2026-03-28T02:45:00,2603,7.42,7.9,21.07,304.3,6.13,1.504,0.718,NORMAL,0,NONE
2026-03-28T03:00:00,2604,7.313,8.06,21.16,305.5,5.94,1.512,0.682,NORMAL,0,NONE
2026-03-28T03:15:00,2605,7.325,7.9,21.23,311.6,6.02,1.489,0.691,NORMAL,0,NONE
2026-03-28T03:30:00,2606,7.307,11.16,21.17,313.0,6.05,1.481,0.708,NORMAL,0,NONE
2026-03-28T03:45:00,2607,7.351,6.64,20.96,310.6,6.21,1.487,0.716,NORMAL,0,NONE
2026-03-28T04:00:00,2608,7.349,9.39,20.84,316.8,6.23,1.477,0.687,NORMAL,0,NONE
2026-03-28T04:15:00,2609,7.338,9.3,20.81,306.8,6.37,1.477,0.704,NORMAL,0,NONE
2026-03-28T04:30:00,2610,7.338,7.36,21.35,313.7,6.22,1.479,0.718,NORMAL,0,NONE
2026-03-28T04:45:00,2611,7.316,7.83,21.64,308.7,5.95,1.511,0.703,NORMAL,0,NONE
2026-03-28T05:00:00,2612,7.385,7.8,21.8,297.7,6.29,1.52,0.693,NORMAL,0,NONE
2026-03-28T05:15:00,2613,7.291,7.4,21.45,316.8,6.35,1.449,0.694,NORMAL,0,NONE
2026-03-28T05:30:00,2614,7.361,7.79,22.04,306.2,6.49,1.532,0.723,NORMAL,0,NONE
2026-03-28T05:45:00,2615,7.392,8.46,22.3,310.2,6.5,1.514,0.7,NORMAL,0,NONE
2026-03-28T06:00:00,2616,7.304,6.25,22.9,310.2,6.43,1.516,0.684,NORMAL,0,NONE
2026-03-28T06:15:00,2617,7.366,10.88,22.53,306.8,6.92,1.512,0.683,NORMAL,0,NONE
2026-03-28T06:30:00,2618,7.421,9.2,22.97,314.9,6.87,1.538,0.708,NORMAL,0,NONE
2026-03-28T06:45:00,2619,7.417,9.44,22.71,312.8,6.86,1.529,0.715,NORMAL,0,NONE
2026-03-28T07:00:00,2620,7.418,8.19,22.94,306.2,6.75,1.469,0.722,NORMAL,0,NONE
2026-03-28T07:15:00,2621,7.344,9.78,23.21,323.5,7.2,1.481,0.716,NORMAL,0,NONE
2026-03-28T07:30:00,2622,7.47,8.3,23.3,309.1,7.18,1.509,0.721,NORMAL,0,NONE
2026-03-28T07:45:00,2623,7.481,9.36,24.12,325.3,7.3,1.515,0.711,NORMAL,0,NONE
2026-03-28T08:00:00,2624,7.455,10.33,23.94,310.0,7.1,1.507,0.699,NORMAL,0,NONE
2026-03-28T08:15:00,2625,7.522,8.54,24.17,321.3,6.99,1.516,0.718,NORMAL,0,NONE
2026-03-28T08:30:00,2626,7.477,9.9,24.43,322.5,7.58,1.513,0.717,NORMAL,0,NONE
2026-03-28T08:45:00,2627,7.451,6.48,24.85,312.4,7.47,1.544,0.718,NORMAL,0,NONE
2026-03-28T09:00:00,2628,7.526,10.67,24.57,297.9,7.47,1.509,0.717,NORMAL,0,NONE
2026-03-28T09:15:00,2629,7.432,8.47,25.31,293.1,7.87,1.507,0.681,NORMAL,0,NONE
2026-03-28T09:30:00,2630,7.438,6.8,25.36,317.3,7.98,1.527,0.739,NORMAL,0,NONE
2026-03-28T09:45:00,2631,7.473,7.76,24.98,310.6,7.99,1.515,0.712,NORMAL,0,NONE
2026-03-28T10:00:00,2632,7.629,9.15,24.99,323.6,7.65,1.558,0.715,NORMAL,0,NONE
2026-03-28T10:15:00,2633,7.601,9.37,25.62,318.1,7.9,1.479,0.704,NORMAL,0,NONE
2026-03-28T10:30:00,2634,7.535,9.76,25.85,297.1,8.02,1.543,0.705,NORMAL,0,NONE
2026-03-28T10:45:00,2635,7.545,8.1,25.7,318.8,8.02,1.514,0.723,NORMAL,0,NONE
2026-03-28T11:00:00,2636,7.511,11.07,25.95,317.7,8.17,1.539,0.704,NORMAL,0,NONE
2026-03-28T11:15:00,2637,7.53,6.84,26.38,311.4,8.02,1.518,0.713,NORMAL,0,NONE
2026-03-28T11:30:00,2638,7.545,9.73,26.3,309.9,8.26,1.537,0.724,NORMAL,0,NONE
2026-03-28T11:45:00,2639,7.564,7.86,26.37,307.3,8.05,1.515,0.668,NORMAL,0,NONE
2026-03-28T12:00:00,2640,7.543,9.66,26.83,314.9,8.15,1.538,0.704,NORMAL,0,NONE
2026-03-28T12:15:00,2641,7.537,9.09,26.97,315.9,8.44,1.554,0.732,NORMAL,0,NONE
2026-03-28T12:30:00,2642,7.612,7.07,26.52,316.1,8.1,1.53,0.709,NORMAL,0,NONE
2026-03-28T12:45:00,2643,7.606,10.31,27.01,320.4,8.19,1.565,0.715,NORMAL,0,NONE
2026-03-28T13:00:00,2644,7.538,8.93,26.67,315.6,8.41,1.551,0.693,NORMAL,0,NONE
2026-03-28T13:15:00,2645,7.603,7.97,27.27,299.8,8.15,1.542,0.733,NORMAL,0,NONE
2026-03-28T13:30:00,2646,7.551,8.11,27.17,303.0,8.56,1.559,0.686,NORMAL,0,NONE
2026-03-28T13:45:00,2647,7.508,9.37,27.17,316.8,8.51,1.551,0.728,NORMAL,0,NONE
2026-03-28T14:00:00,2648,7.547,8.7,27.42,316.3,8.34,1.55,0.693,NORMAL,0,NONE
2026-03-28T14:15:00,2649,7.591,10.45,27.49,304.3,8.26,1.575,0.733,NORMAL,0,NONE
2026-03-28T14:30:00,2650,7.585,10.31,27.35,314.3,8.04,1.512,0.713,NORMAL,0,NONE
2026-03-28T14:45:00,2651,7.61,10.08,27.26,307.3,8.2,1.6,0.727,NORMAL,0,NONE
2026-03-28T15:00:00,2652,7.594,8.51,27.22,319.7,8.56,1.566,0.727,NORMAL,0,NONE
2026-03-28T15:15:00,2653,7.661,8.85,26.8,318.9,8.43,1.556,0.696,NORMAL,0,NONE
2026-03-28T15:30:00,2654,7.495,8.48,26.98,312.5,8.55,1.561,0.688,NORMAL,0,NONE
2026-03-28T15:45:00,2655,7.613,7.98,27.46,323.7,8.28,1.578,0.712,NORMAL,0,NONE
2026-03-28T16:00:00,2656,7.564,7.18,26.86,296.7,8.5,1.59,0.729,NORMAL,0,NONE
2026-03-28T16:15:00,2657,7.567,8.28,26.41,317.4,8.18,1.57,0.732,NORMAL,0,NONE
2026-03-28T16:30:00,2658,7.511,10.55,26.56,313.8,8.04,1.529,0.693,NORMAL,0,NONE
2026-03-28T16:45:00,2659,7.562,8.27,26.54,309.7,7.9,1.598,0.727,NORMAL,0,NONE
2026-03-28T17:00:00,2660,7.58,8.5,25.95,310.9,8.18,1.563,0.719,NORMAL,0,NONE
2026-03-28T17:15:00,2661,7.66,11.49,26.03,303.1,8.04,1.604,0.731,NORMAL,0,NONE
2026-03-28T17:30:00,2662,7.478,5.92,26.23,292.9,7.99,1.572,0.72,NORMAL,0,NONE
2026-03-28T17:45:00,2663,7.547,10.12,25.56,318.7,7.85,1.623,0.74,NORMAL,0,NONE
2026-03-28T18:00:00,2664,7.482,7.83,25.4,311.0,7.68,1.598,0.725,NORMAL,0,NONE
2026-03-28T18:15:00,2665,7.488,10.16,25.36,312.4,7.61,1.583,0.701,NORMAL,0,NONE
2026-03-28T18:30:00,2666,7.458,6.74,25.51,311.0,7.7,1.589,0.706,NORMAL,0,NONE
2026-03-28T18:45:00,2667,7.472,9.77,25.33,322.3,7.46,1.601,0.727,NORMAL,0,NONE
2026-03-28T19:00:00,2668,7.529,8.39,25.3,308.7,7.52,1.588,0.729,NORMAL,0,NONE
2026-03-28T19:15:00,2669,7.469,7.3,25.03,309.5,7.48,1.578,0.684,NORMAL,0,NONE
2026-03-28T19:30:00,2670,7.458,10.02,24.5,301.1,7.33,1.593,0.704,NORMAL,0,NONE
2026-03-28T19:45:00,2671,7.532,8.16,24.0,300.2,7.45,1.609,0.731,NORMAL,0,NONE
2026-03-28T20:00:00,2672,7.421,7.62,23.84,308.4,7.44,1.603,0.71,NORMAL,0,NONE
2026-03-28T20:15:00,2673,7.398,10.34,23.58,291.7,7.09,1.605,0.729,NORMAL,0,NONE
2026-03-28T20:30:00,2674,7.422,8.72,23.66,312.2,7.08,1.611,0.714,NORMAL,0,NONE
2026-03-28T20:45:00,2675,7.434,8.86,23.48,296.6,6.82,1.606,0.706,NORMAL,0,NONE
2026-03-28T21:00:00,2676,7.33,8.43,23.34,307.6,7.04,1.611,0.721,NORMAL,0,NONE
2026-03-28T21:15:00,2677,7.435,7.03,22.7,313.6,6.72,1.628,0.73,NORMAL,0,NONE
2026-03-28T21:30:00,2678,7.364,7.67,22.91,318.0,6.67,1.623,0.725,NORMAL,0,NONE
2026-03-28T21:45:00,2679,7.428,7.68,22.71,307.8,6.94,1.6,0.69,NORMAL,0,NONE
2026-03-28T22:00:00,2680,7.43,7.77,22.66,312.1,6.58,1.628,0.723,NORMAL,0,NONE
2026-03-28T22:15:00,2681,7.312,8.53,22.17,308.9,6.59,1.643,0.705,NORMAL,0,NONE
2026-03-28T22:30:00,2682,7.381,8.13,22.02,317.9,6.53,1.652,0.702,NORMAL,0,NONE
2026-03-28T22:45:00,2683,7.294,7.15,21.41,313.3,6.38,1.658,0.732,NORMAL,0,NONE
2026-03-28T23:00:00,2684,7.303,9.46,21.94,310.9,6.47,1.623,0.716,NORMAL,0,NONE
2026-03-28T23:15:00,2685,7.358,7.01,21.32,313.9,6.22,1.658,0.726,NORMAL,0,NONE
2026-03-28T23:30:00,2686,7.275,9.79,21.52,304.5,6.42,1.627,0.682,NORMAL,0,NONE
2026-03-28T23:45:00,2687,7.383,7.54,21.62,297.4,6.07,1.644,0.713,NORMAL,0,NONE
2026-03-29T00:00:00,2688,7.255,7.64,20.92,311.3,6.11,1.647,0.741,NORMAL,0,NONE
2026-03-29T00:15:00,2689,7.382,8.19,20.97,302.0,6.27,1.61,0.712,NORMAL,0,NONE
2026-03-29T00:30:00,2690,7.292,8.67,21.14,328.6,6.22,1.638,0.719,NORMAL,0,NONE
2026-03-29T00:45:00,2691,7.238,7.86,20.43,302.5,5.92,1.619,0.706,NORMAL,0,NONE
2026-03-29T01:00:00,2692,7.268,7.66,21.14,321.1,5.7,1.68,0.746,NORMAL,0,NONE
2026-03-29T01:15:00,2693,7.289,9.52,20.72,315.4,6.06,1.634,0.707,NORMAL,0,NONE
2026-03-29T01:30:00,2694,7.355,8.93,20.41,297.4,5.77,1.649,0.699,NORMAL,0,NONE
2026-03-29T01:45:00,2695,7.27,8.6,20.72,311.2,6.17,1.655,0.738,NORMAL,0,NONE
2026-03-29T02:00:00,2696,7.381,9.03,20.6,303.4,6.44,1.635,0.724,NORMAL,0,NONE
2026-03-29T02:15:00,2697,7.257,9.42,21.09,302.4,6.16,1.7,0.736,NORMAL,0,NONE
2026-03-29T02:30:00,2698,7.218,8.84,20.72,309.8,5.92,1.666,0.731,NORMAL,0,NONE
2026-03-29T02:45:00,2699,7.298,8.27,20.95,303.8,6.23,1.7,0.714,NORMAL,0,NONE
2026-03-29T03:00:00,2700,7.325,10.04,20.95,298.8,6.02,1.651,0.694,NORMAL,0,NONE
2026-03-29T03:15:00,2701,7.261,7.96,20.76,303.2,6.16,1.705,0.748,NORMAL,0,NONE
2026-03-29T03:30:00,2702,7.327,10.41,21.34,323.9,5.98,1.704,0.717,NORMAL,0,NONE
2026-03-29T03:45:00,2703,7.232,8.94,21.4,297.0,6.13,1.69,0.701,NORMAL,0,NONE
2026-03-29T04:00:00,2704,7.402,9.14,21.36,311.7,6.41,1.699,0.722,NORMAL,0,NONE
2026-03-29T04:15:00,2705,7.309,5.73,21.32,323.9,6.42,1.681,0.743,NORMAL,0,NONE
2026-03-29T04:30:00,2706,7.329,9.88,21.41,307.7,6.33,1.702,0.737,NORMAL,0,NONE
2026-03-29T04:45:00,2707,7.275,8.78,21.2,316.9,6.47,1.708,0.716,NORMAL,0,NONE
2026-03-29T05:00:00,2708,7.385,7.81,21.7,313.1,6.23,1.665,0.707,NORMAL,0,NONE
2026-03-29T05:15:00,2709,7.415,9.37,21.9,320.8,6.08,1.674,0.721,NORMAL,0,NONE
2026-03-29T05:30:00,2710,7.362,8.02,21.9,321.1,6.42,1.676,0.683,NORMAL,0,NONE
2026-03-29T05:45:00,2711,7.353,8.99,22.03,303.1,6.88,1.726,0.722,NORMAL,0,NONE
2026-03-29T06:00:00,2712,7.434,8.59,22.41,298.6,6.86,1.73,0.732,NORMAL,0,NONE
2026-03-29T06:15:00,2713,7.368,9.66,22.8,308.0,6.73,1.707,0.721,NORMAL,0,NONE
2026-03-29T06:30:00,2714,7.396,6.23,22.97,319.2,6.9,1.722,0.711,NORMAL,0,NONE
2026-03-29T06:45:00,2715,7.353,8.58,22.9,327.7,6.83,1.707,0.742,NORMAL,0,NONE
2026-03-29T07:00:00,2716,7.482,8.23,23.03,315.2,6.99,1.719,0.77,NORMAL,0,NONE
2026-03-29T07:15:00,2717,7.45,7.89,23.95,306.4,6.54,1.683,0.716,NORMAL,0,NONE
2026-03-29T07:30:00,2718,7.417,8.82,23.81,331.7,6.95,1.719,0.716,NORMAL,0,NONE
2026-03-29T07:45:00,2719,7.545,8.53,23.52,314.4,7.45,1.705,0.732,NORMAL,0,NONE
2026-03-29T08:00:00,2720,7.507,7.91,24.27,316.8,7.11,1.705,0.705,NORMAL,0,NONE
2026-03-29T08:15:00,2721,7.411,7.8,24.15,319.4,7.01,1.722,0.724,NORMAL,0,NONE
2026-03-29T08:30:00,2722,7.474,9.58,24.22,292.1,7.36,1.708,0.724,NORMAL,0,NONE
2026-03-29T08:45:00,2723,7.532,7.53,24.6,310.5,7.53,1.715,0.714,NORMAL,0,NONE
2026-03-29T09:00:00,2724,7.512,7.89,24.8,309.1,7.67,1.697,0.726,NORMAL,0,NONE
2026-03-29T09:15:00,2725,7.481,8.57,24.72,301.2,7.66,1.739,0.725,NORMAL,0,NONE
2026-03-29T09:30:00,2726,7.648,8.99,25.67,304.2,7.59,1.705,0.739,NORMAL,0,NONE
2026-03-29T09:45:00,2727,7.432,8.72,25.02,316.7,7.78,1.745,0.745,NORMAL,0,NONE
2026-03-29T10:00:00,2728,7.462,6.63,25.51,310.4,7.79,1.753,0.739,NORMAL,0,NONE
2026-03-29T10:15:00,2729,7.584,7.19,25.74,310.6,7.89,1.748,0.722,NORMAL,0,NONE
2026-03-29T10:30:00,2730,7.524,9.25,25.88,307.3,7.69,1.741,0.741,NORMAL,0,NONE
2026-03-29T10:45:00,2731,7.543,8.96,25.66,313.0,8.1,1.746,0.737,NORMAL,0,NONE
2026-03-29T11:00:00,2732,7.539,10.24,26.45,306.0,8.08,1.718,0.707,NORMAL,0,NONE
2026-03-29T11:15:00,2733,7.607,8.59,26.15,323.5,7.98,1.757,0.731,NORMAL,0,NONE
2026-03-29T11:30:00,2734,7.59,7.85,26.4,304.6,7.9,1.748,0.71,NORMAL,0,NONE
2026-03-29T11:45:00,2735,7.514,9.0,26.98,318.6,8.34,1.748,0.723,NORMAL,0,NONE
2026-03-29T12:00:00,2736,7.58,6.94,26.68,300.0,8.16,1.762,0.727,NORMAL,0,NONE
2026-03-29T12:15:00,2737,7.442,7.33,26.59,316.9,8.26,1.761,0.738,NORMAL,0,NONE
2026-03-29T12:30:00,2738,7.58,8.27,27.21,314.3,8.41,1.775,0.747,NORMAL,0,NONE
2026-03-29T12:45:00,2739,7.643,9.91,26.8,321.7,8.38,1.774,0.733,NORMAL,0,NONE
2026-03-29T13:00:00,2740,7.582,7.83,26.89,304.9,8.49,1.765,0.711,NORMAL,0,NONE
2026-03-29T13:15:00,2741,7.699,8.76,27.37,311.2,8.58,1.736,0.712,NORMAL,0,NONE
2026-03-29T13:30:00,2742,7.576,7.78,27.22,312.2,8.77,1.76,0.748,NORMAL,0,NONE
2026-03-29T13:45:00,2743,7.603,8.32,27.11,308.4,8.6,1.78,0.737,NORMAL,0,NONE
2026-03-29T14:00:00,2744,7.611,6.89,26.98,309.6,8.68,1.776,0.751,NORMAL,0,NONE
2026-03-29T14:15:00,2745,7.612,8.99,27.42,312.1,8.59,1.752,0.724,NORMAL,0,NONE
2026-03-29T14:30:00,2746,7.653,7.73,27.46,302.3,8.44,1.772,0.757,NORMAL,0,NONE
2026-03-29T14:45:00,2747,7.7,6.54,27.21,311.9,8.21,1.793,0.678,NORMAL,0,NONE
2026-03-29T15:00:00,2748,7.641,8.37,27.21,290.7,8.43,1.775,0.73,NORMAL,0,NONE
2026-03-29T15:15:00,2749,7.638,6.7,27.22,316.1,8.81,1.767,0.755,NORMAL,0,NONE
2026-03-29T15:30:00,2750,7.633,9.59,27.09,319.1,8.24,1.779,0.735,NORMAL,0,NONE
2026-03-29T15:45:00,2751,7.557,5.7,27.19,307.9,8.28,1.775,0.71,NORMAL,0,NONE
2026-03-29T16:00:00,2752,7.597,9.21,26.61,301.3,8.55,1.805,0.735,NORMAL,0,NONE
2026-03-29T16:15:00,2753,7.538,10.02,26.81,325.0,8.09,1.773,0.731,NORMAL,0,NONE
2026-03-29T16:30:00,2754,7.567,9.13,26.09,308.3,8.22,1.78,0.757,NORMAL,0,NONE
2026-03-29T16:45:00,2755,7.611,8.71,26.26,311.7,7.96,1.804,0.744,NORMAL,0,NONE
2026-03-29T17:00:00,2756,7.446,10.33,26.74,305.8,8.34,1.804,0.718,NORMAL,0,NONE
2026-03-29T17:15:00,2757,7.508,7.58,26.05,302.2,8.0,1.766,0.738,NORMAL,0,NONE
2026-03-29T17:30:00,2758,7.616,9.44,25.49,308.5,8.09,1.803,0.765,NORMAL,0,NONE
2026-03-29T17:45:00,2759,7.533,8.57,25.77,308.3,7.72,1.788,0.715,NORMAL,0,NONE
2026-03-29T18:00:00,2760,7.549,9.48,25.22,309.4,7.39,1.792,0.736,NORMAL,0,NONE
2026-03-29T18:15:00,2761,7.522,9.62,25.31,299.2,7.68,1.794,0.697,NORMAL,0,NONE
2026-03-29T18:30:00,2762,7.528,8.42,25.29,320.4,7.23,1.78,0.735,NORMAL,0,NONE
2026-03-29T18:45:00,2763,7.56,8.44,25.24,303.7,7.61,1.797,0.73,NORMAL,0,NONE
2026-03-29T19:00:00,2764,7.539,8.38,24.93,308.2,7.62,1.805,0.732,NORMAL,0,NONE
2026-03-29T19:15:00,2765,7.491,7.11,24.59,309.6,7.53,1.803,0.729,NORMAL,0,NONE
2026-03-29T19:30:00,2766,7.504,8.59,24.96,310.1,7.39,1.8,0.75,NORMAL,0,NONE
2026-03-29T19:45:00,2767,7.501,7.31,24.24,308.2,7.28,1.795,0.739,NORMAL,0,NONE
2026-03-29T20:00:00,2768,7.372,9.11,24.3,304.0,7.21,1.795,0.751,NORMAL,0,NONE
2026-03-29T20:15:00,2769,7.458,7.55,24.1,314.6,7.56,1.796,0.711,NORMAL,0,NONE
2026-03-29T20:30:00,2770,7.314,8.42,23.64,310.6,6.95,1.77,0.704,NORMAL,0,NONE
2026-03-29T20:45:00,2771,7.34,7.7,23.29,304.1,6.92,1.765,0.723,NORMAL,0,NONE
2026-03-29T21:00:00,2772,7.525,9.51,22.94,304.2,7.4,1.778,0.719,NORMAL,0,NONE
2026-03-29T21:15:00,2773,7.418,7.45,23.0,323.0,6.82,1.821,0.731,NORMAL,0,NONE
2026-03-29T21:30:00,2774,7.409,10.01,22.7,312.5,6.62,1.755,0.734,NORMAL,0,NONE
2026-03-29T21:45:00,2775,7.354,7.2,22.64,304.7,6.79,1.788,0.74,NORMAL,0,NONE
2026-03-29T22:00:00,2776,7.417,9.27,21.98,308.4,6.6,1.797,0.73,NORMAL,0,NONE
2026-03-29T22:15:00,2777,7.37,9.29,22.71,307.3,6.7,1.795,0.734,NORMAL,0,NONE
2026-03-29T22:30:00,2778,7.329,6.87,21.79,306.2,6.86,1.784,0.741,NORMAL,0,NONE
2026-03-29T22:45:00,2779,7.364,8.74,21.69,314.1,6.44,1.823,0.718,NORMAL,0,NONE
2026-03-29T23:00:00,2780,7.323,5.8,21.88,309.1,6.09,1.798,0.721,NORMAL,0,NONE
2026-03-29T23:15:00,2781,7.289,8.36,21.35,314.5,6.05,1.808,0.727,NORMAL,0,NONE
2026-03-29T23:30:00,2782,7.366,8.21,21.17,312.7,6.21,1.81,0.737,NORMAL,0,NONE
2026-03-29T23:45:00,2783,7.3,11.23,21.89,302.6,6.13,1.811,0.782,NORMAL,0,NONE
2026-03-30T00:00:00,2784,7.332,8.9,21.44,313.0,6.18,1.751,0.715,NORMAL,0,NONE
2026-03-30T00:15:00,2785,7.292,7.86,21.06,320.4,5.86,1.812,0.693,NORMAL,0,NONE
2026-03-30T00:30:00,2786,7.258,8.73,21.02,295.4,6.12,1.803,0.723,NORMAL,0,NONE
2026-03-30T00:45:00,2787,7.326,8.57,21.0,313.3,6.24,1.777,0.723,NORMAL,0,NONE
2026-03-30T01:00:00,2788,7.291,10.05,20.85,296.9,6.05,1.851,0.753,NORMAL,0,NONE
2026-03-30T01:15:00,2789,7.279,9.0,21.15,307.6,6.19,1.791,0.722,NORMAL,0,NONE
2026-03-30T01:30:00,2790,7.248,8.51,20.59,310.1,5.98,1.785,0.743,NORMAL,0,NONE
2026-03-30T01:45:00,2791,7.257,10.28,20.32,305.1,6.26,1.816,0.731,NORMAL,0,NONE
2026-03-30T02:00:00,2792,7.162,9.11,20.86,318.8,6.09,1.785,0.732,NORMAL,0,NONE
2026-03-30T02:15:00,2793,7.269,8.56,20.76,319.4,5.89,1.797,0.711,NORMAL,0,NONE
2026-03-30T02:30:00,2794,7.273,8.65,20.94,310.2,6.29,1.823,0.718,NORMAL,0,NONE
2026-03-30T02:45:00,2795,7.319,7.76,21.0,322.5,5.93,1.798,0.724,NORMAL,0,NONE
2026-03-30T03:00:00,2796,7.189,6.18,20.31,324.5,6.15,1.795,0.727,NORMAL,0,NONE
2026-03-30T03:15:00,2797,7.37,8.91,20.73,306.3,5.9,1.836,0.766,NORMAL,0,NONE
2026-03-30T03:30:00,2798,7.148,9.28,21.38,320.0,6.02,1.779,0.738,NORMAL,0,NONE
2026-03-30T03:45:00,2799,7.276,6.95,20.97,315.7,5.98,1.77,0.72,NORMAL,0,NONE
2026-03-30T04:00:00,2800,7.344,7.09,21.18,309.4,6.2,1.793,0.719,NORMAL,0,NONE
2026-03-30T04:15:00,2801,7.354,6.85,21.36,319.6,6.28,1.788,0.743,NORMAL,0,NONE
2026-03-30T04:30:00,2802,7.31,8.89,21.1,313.2,6.39,1.799,0.736,NORMAL,0,NONE
2026-03-30T04:45:00,2803,7.419,9.39,21.34,305.3,6.29,1.782,0.726,NORMAL,0,NONE
2026-03-30T05:00:00,2804,7.337,9.35,22.1,316.4,6.3,1.761,0.748,NORMAL,0,NONE
2026-03-30T05:15:00,2805,7.353,8.04,22.12,300.6,6.29,1.79,0.731,NORMAL,0,NONE
2026-03-30T05:30:00,2806,7.37,8.84,21.96,321.9,6.35,1.768,0.747,NORMAL,0,NONE
2026-03-30T05:45:00,2807,7.306,10.63,21.88,307.6,6.5,1.728,0.715,NORMAL,0,NONE
2026-03-30T06:00:00,2808,7.471,10.03,21.99,311.8,6.8,1.731,0.73,NORMAL,0,NONE
2026-03-30T06:15:00,2809,7.354,7.69,22.72,306.4,6.78,1.792,0.722,NORMAL,0,NONE
2026-03-30T06:30:00,2810,7.357,8.44,22.86,314.0,6.67,1.762,0.765,NORMAL,0,NONE
2026-03-30T06:45:00,2811,7.402,6.08,22.99,308.0,6.73,1.741,0.757,NORMAL,0,NONE
2026-03-30T07:00:00,2812,7.404,6.37,23.2,306.4,6.95,1.797,0.708,NORMAL,0,NONE
2026-03-30T07:15:00,2813,7.427,11.3,22.99,306.9,7.04,1.795,0.764,NORMAL,0,NONE
2026-03-30T07:30:00,2814,7.49,8.48,23.46,317.6,7.06,1.756,0.707,NORMAL,0,NONE
2026-03-30T07:45:00,2815,7.485,9.54,23.87,318.9,6.85,1.746,0.75,NORMAL,0,NONE
2026-03-30T08:00:00,2816,7.422,8.5,24.04,299.9,6.77,1.773,0.723,NORMAL,0,NONE
2026-03-30T08:15:00,2817,7.382,6.82,24.2,300.3,7.07,1.77,0.742,NORMAL,0,NONE
2026-03-30T08:30:00,2818,7.484,8.74,24.54,318.3,7.36,1.802,0.731,NORMAL,0,NONE
2026-03-30T08:45:00,2819,7.449,6.46,24.57,303.2,7.64,1.774,0.73,NORMAL,0,NONE
2026-03-30T09:00:00,2820,7.494,5.66,25.01,297.4,7.66,1.784,0.734,NORMAL,0,NONE
2026-03-30T09:15:00,2821,7.476,6.32,25.07,293.7,7.55,1.797,0.758,NORMAL,0,NONE
2026-03-30T09:30:00,2822,7.381,8.49,25.0,297.5,7.33,1.795,0.739,NORMAL,0,NONE
2026-03-30T09:45:00,2823,7.547,8.91,25.53,302.1,7.66,1.798,0.708,NORMAL,0,NONE
2026-03-30T10:00:00,2824,7.453,8.26,26.05,306.5,7.81,1.75,0.71,NORMAL,0,NONE
2026-03-30T10:15:00,2825,7.533,7.05,26.18,303.1,7.84,1.758,0.754,NORMAL,0,NONE
2026-03-30T10:30:00,2826,7.57,9.04,26.29,308.9,8.21,1.748,0.774,NORMAL,0,NONE
2026-03-30T10:45:00,2827,7.498,7.76,26.3,295.3,7.75,1.763,0.751,NORMAL,0,NONE
2026-03-30T11:00:00,2828,7.537,6.81,26.71,303.2,8.09,1.775,0.731,NORMAL,0,NONE
2026-03-30T11:15:00,2829,7.538,6.04,26.89,309.9,8.25,1.772,0.74,NORMAL,0,NONE
2026-03-30T11:30:00,2830,7.642,8.41,26.5,300.8,7.81,1.761,0.738,NORMAL,0,NONE
2026-03-30T11:45:00,2831,7.68,8.02,26.58,321.1,7.87,1.762,0.697,NORMAL,0,NONE
2026-03-30T12:00:00,2832,7.557,6.75,27.04,298.2,8.53,1.729,0.715,NORMAL,0,NONE
2026-03-30T12:15:00,2833,7.538,8.67,26.77,310.2,8.41,1.782,0.718,NORMAL,0,NONE
2026-03-30T12:30:00,2834,7.606,8.59,26.59,303.6,8.11,1.764,0.725,NORMAL,0,NONE
2026-03-30T12:45:00,2835,7.599,7.08,27.1,313.6,8.17,1.738,0.735,NORMAL,0,NONE
2026-03-30T13:00:00,2836,7.537,9.07,27.05,293.7,8.23,1.738,0.721,NORMAL,0,NONE
2026-03-30T13:15:00,2837,7.679,7.84,27.1,314.7,8.22,1.732,0.727,NORMAL,0,NONE
2026-03-30T13:30:00,2838,7.627,5.8,27.46,300.4,8.38,1.768,0.725,NORMAL,0,NONE
2026-03-30T13:45:00,2839,7.67,8.2,27.36,313.3,8.24,1.736,0.725,NORMAL,0,NONE
2026-03-30T14:00:00,2840,7.609,6.79,26.92,306.0,8.47,1.723,0.719,NORMAL,0,NONE
2026-03-30T14:15:00,2841,7.622,7.14,27.19,317.0,8.33,1.742,0.7,NORMAL,0,NONE
2026-03-30T14:30:00,2842,7.577,8.79,27.0,313.1,8.42,1.717,0.722,NORMAL,0,NONE
2026-03-30T14:45:00,2843,7.545,8.65,26.38,305.7,8.4,1.722,0.738,NORMAL,0,NONE
2026-03-30T15:00:00,2844,7.621,7.1,27.26,302.1,8.38,1.761,0.729,NORMAL,0,NONE
2026-03-30T15:15:00,2845,7.589,8.73,26.74,297.3,8.64,1.736,0.744,NORMAL,0,NONE
2026-03-30T15:30:00,2846,7.62,6.42,26.89,310.5,8.43,1.742,0.737,NORMAL,0,NONE
2026-03-30T15:45:00,2847,7.634,8.85,26.62,311.1,8.19,1.711,0.72,NORMAL,0,NONE
2026-03-30T16:00:00,2848,7.441,9.1,26.8,306.0,8.06,1.717,0.713,NORMAL,0,NONE
2026-03-30T16:15:00,2849,7.589,8.67,26.64,310.0,8.38,1.712,0.713,NORMAL,0,NONE
2026-03-30T16:30:00,2850,7.655,8.79,26.62,316.3,8.35,1.738,0.721,NORMAL,0,NONE
2026-03-30T16:45:00,2851,7.593,9.75,25.76,317.0,7.95,1.723,0.744,NORMAL,0,NONE
2026-03-30T17:00:00,2852,7.516,8.36,26.18,304.9,7.71,1.712,0.722,NORMAL,0,NONE
2026-03-30T17:15:00,2853,7.542,7.82,26.67,307.9,7.81,1.702,0.7,NORMAL,0,NONE
2026-03-30T17:30:00,2854,7.535,6.25,25.98,311.5,7.79,1.706,0.727,NORMAL,0,NONE
2026-03-30T17:45:00,2855,7.495,8.21,25.5,316.9,7.6,1.723,0.713,NORMAL,0,NONE
2026-03-30T18:00:00,2856,7.551,7.93,25.6,320.9,7.82,1.727,0.725,NORMAL,0,NONE
2026-03-30T18:15:00,2857,7.477,9.28,25.12,306.7,7.89,1.698,0.726,NORMAL,0,NONE
2026-03-30T18:30:00,2858,7.537,8.96,25.21,301.5,7.62,1.713,0.729,NORMAL,0,NONE
2026-03-30T18:45:00,2859,7.451,8.91,25.27,310.8,7.69,1.722,0.758,NORMAL,0,NONE
2026-03-30T19:00:00,2860,7.496,9.34,24.9,294.8,7.58,1.673,0.701,NORMAL,0,NONE
2026-03-30T19:15:00,2861,7.475,10.29,24.65,317.1,7.52,1.719,0.751,NORMAL,0,NONE
2026-03-30T19:30:00,2862,7.496,8.21,24.27,303.0,7.46,1.692,0.727,NORMAL,0,NONE
2026-03-30T19:45:00,2863,7.49,10.78,24.31,314.2,7.07,1.693,0.727,NORMAL,0,NONE
2026-03-30T20:00:00,2864,7.513,7.99,24.11,307.5,7.37,1.686,0.735,NORMAL,0,NONE
2026-03-30T20:15:00,2865,7.405,8.13,23.77,311.3,7.06,1.648,0.711,NORMAL,0,NONE
2026-03-30T20:30:00,2866,7.437,8.67,23.09,292.0,7.16,1.676,0.737,NORMAL,0,NONE
2026-03-30T20:45:00,2867,7.318,5.88,23.25,302.5,7.03,1.678,0.732,NORMAL,0,NONE
2026-03-30T21:00:00,2868,7.456,7.89,23.36,326.3,7.2,1.689,0.744,NORMAL,0,NONE
2026-03-30T21:15:00,2869,7.436,9.66,23.27,289.2,6.89,1.679,0.722,NORMAL,0,NONE
2026-03-30T21:30:00,2870,7.388,8.31,22.83,296.6,6.97,1.681,0.738,NORMAL,0,NONE
2026-03-30T21:45:00,2871,7.288,10.16,22.35,304.4,6.27,1.677,0.742,NORMAL,0,NONE
2026-03-30T22:00:00,2872,7.433,8.0,22.67,309.5,6.8,1.667,0.727,NORMAL,0,NONE
2026-03-30T22:15:00,2873,7.397,9.46,22.15,330.8,6.41,1.648,0.714,NORMAL,0,NONE
2026-03-30T22:30:00,2874,7.315,8.14,22.24,313.9,6.6,1.675,0.734,NORMAL,0,NONE
2026-03-30T22:45:00,2875,7.481,8.01,21.65,304.7,6.24,1.662,0.701,NORMAL,0,NONE
2026-03-30T23:00:00,2876,7.281,8.47,22.13,309.6,6.39,1.661,0.72,NORMAL,0,NONE
2026-03-30T23:15:00,2877,7.24,8.55,20.8,312.4,6.31,1.689,0.725,NORMAL,0,NONE
2026-03-30T23:30:00,2878,7.369,9.54,21.97,301.1,6.52,1.685,0.744,NORMAL,0,NONE
2026-03-30T23:45:00,2879,7.29,8.81,21.09,310.2,6.55,1.651,0.74,NORMAL,0,NONE
