ISO-10303-21;
HEADER;
FILE_DESCRIPTION(('AquaSentinel R3 - planar B-rep export'),'2;1');
FILE_NAME('Guide carriage - fixed half (weldment)','2026-10-04T21:49:42',('AquaSentinel team'),('Sanjivani University'),'AquaSentinel R3 python build','AquaSentinel R3','');
FILE_SCHEMA(('AUTOMOTIVE_DESIGN { 1 0 10303 214 1 1 1 1 }'));
ENDSEC;
DATA;
#1=APPLICATION_CONTEXT('core data for automotive mechanical design processes');
#2=APPLICATION_PROTOCOL_DEFINITION('international standard','automotive_design',2000,#1);
#3=PRODUCT_CONTEXT('',#1,'mechanical');
#4=PRODUCT_DEFINITION_CONTEXT('part definition',#1,'design');
#5=(LENGTH_UNIT()NAMED_UNIT(*)SI_UNIT(.MILLI.,.METRE.));
#6=(NAMED_UNIT(*)PLANE_ANGLE_UNIT()SI_UNIT($,.RADIAN.));
#7=(NAMED_UNIT(*)SI_UNIT($,.STERADIAN.)SOLID_ANGLE_UNIT());
#8=UNCERTAINTY_MEASURE_WITH_UNIT(LENGTH_MEASURE(1.E-04),#5,'distance_accuracy_value','confusion accuracy');
#9=(GEOMETRIC_REPRESENTATION_CONTEXT(3)GLOBAL_UNCERTAINTY_ASSIGNED_CONTEXT((#8))GLOBAL_UNIT_ASSIGNED_CONTEXT((#5,#6,#7))REPRESENTATION_CONTEXT('Context','3D Context with UNIT and UNCERTAINTY'));
#10=PRODUCT('AS3-301','Guide carriage - fixed half (weldment)','Two roller tiers 350 mm apart; carries hinge knuckles, latch lugs and the stage-sensor shelf',(#3));
#11=PRODUCT_DEFINITION_FORMATION('','',#10);
#12=PRODUCT_DEFINITION('design','',#11,#4);
#13=PRODUCT_DEFINITION_SHAPE('','',#12);
#14=CARTESIAN_POINT('',(0.,0.,0.));
#15=DIRECTION('',(0.,0.,1.));
#16=DIRECTION('',(1.,0.,0.));
#17=AXIS2_PLACEMENT_3D('',#14,#15,#16);
#18=CARTESIAN_POINT('',(0.5,-95.,180.));
#19=VERTEX_POINT('',#18);
#20=CARTESIAN_POINT('',(95.,-95.,180.));
#21=VERTEX_POINT('',#20);
#22=DIRECTION('',(1.,0.,0.));
#23=VECTOR('',#22,94.5);
#24=LINE('',#18,#23);
#25=EDGE_CURVE('',#19,#21,#24,.T.);
#26=ORIENTED_EDGE('',*,*,#25,.T.);
#27=CARTESIAN_POINT('',(95.,-95.,186.));
#28=VERTEX_POINT('',#27);
#29=DIRECTION('',(0.,0.,1.));
#30=VECTOR('',#29,6.);
#31=LINE('',#20,#30);
#32=EDGE_CURVE('',#21,#28,#31,.T.);
#33=ORIENTED_EDGE('',*,*,#32,.T.);
#34=CARTESIAN_POINT('',(0.5,-95.,186.));
#35=VERTEX_POINT('',#34);
#36=DIRECTION('',(1.,0.,0.));
#37=VECTOR('',#36,94.5);
#38=LINE('',#34,#37);
#39=EDGE_CURVE('',#35,#28,#38,.T.);
#40=ORIENTED_EDGE('',*,*,#39,.F.);
#41=DIRECTION('',(0.,0.,1.));
#42=VECTOR('',#41,6.);
#43=LINE('',#18,#42);
#44=EDGE_CURVE('',#19,#35,#43,.T.);
#45=ORIENTED_EDGE('',*,*,#44,.F.);
#46=EDGE_LOOP('',(#26,#33,#40,#45));
#47=FACE_OUTER_BOUND('',#46,.T.);
#48=CARTESIAN_POINT('',(0.5,-95.,180.));
#49=DIRECTION('',(0.,-1.,0.));
#50=DIRECTION('',(1.,0.,0.));
#51=AXIS2_PLACEMENT_3D('',#48,#49,#50);
#52=PLANE('',#51);
#53=ADVANCED_FACE('',(#47),#52,.T.);
#54=CARTESIAN_POINT('',(95.,95.,180.));
#55=VERTEX_POINT('',#54);
#56=DIRECTION('',(0.,1.,0.));
#57=VECTOR('',#56,190.);
#58=LINE('',#20,#57);
#59=EDGE_CURVE('',#21,#55,#58,.T.);
#60=ORIENTED_EDGE('',*,*,#59,.T.);
#61=CARTESIAN_POINT('',(95.,95.,186.));
#62=VERTEX_POINT('',#61);
#63=DIRECTION('',(0.,0.,1.));
#64=VECTOR('',#63,6.);
#65=LINE('',#54,#64);
#66=EDGE_CURVE('',#55,#62,#65,.T.);
#67=ORIENTED_EDGE('',*,*,#66,.T.);
#68=DIRECTION('',(0.,1.,0.));
#69=VECTOR('',#68,190.);
#70=LINE('',#27,#69);
#71=EDGE_CURVE('',#28,#62,#70,.T.);
#72=ORIENTED_EDGE('',*,*,#71,.F.);
#73=ORIENTED_EDGE('',*,*,#32,.F.);
#74=EDGE_LOOP('',(#60,#67,#72,#73));
#75=FACE_OUTER_BOUND('',#74,.T.);
#76=CARTESIAN_POINT('',(95.,-95.,180.));
#77=DIRECTION('',(1.,0.,0.));
#78=DIRECTION('',(0.,1.,0.));
#79=AXIS2_PLACEMENT_3D('',#76,#77,#78);
#80=PLANE('',#79);
#81=ADVANCED_FACE('',(#75),#80,.T.);
#82=CARTESIAN_POINT('',(0.5,95.,180.));
#83=VERTEX_POINT('',#82);
#84=DIRECTION('',(-1.,0.,0.));
#85=VECTOR('',#84,94.5);
#86=LINE('',#54,#85);
#87=EDGE_CURVE('',#55,#83,#86,.T.);
#88=ORIENTED_EDGE('',*,*,#87,.T.);
#89=CARTESIAN_POINT('',(0.5,95.,186.));
#90=VERTEX_POINT('',#89);
#91=DIRECTION('',(0.,0.,1.));
#92=VECTOR('',#91,6.);
#93=LINE('',#82,#92);
#94=EDGE_CURVE('',#83,#90,#93,.T.);
#95=ORIENTED_EDGE('',*,*,#94,.T.);
#96=DIRECTION('',(-1.,0.,0.));
#97=VECTOR('',#96,94.5);
#98=LINE('',#61,#97);
#99=EDGE_CURVE('',#62,#90,#98,.T.);
#100=ORIENTED_EDGE('',*,*,#99,.F.);
#101=ORIENTED_EDGE('',*,*,#66,.F.);
#102=EDGE_LOOP('',(#88,#95,#100,#101));
#103=FACE_OUTER_BOUND('',#102,.T.);
#104=CARTESIAN_POINT('',(95.,95.,180.));
#105=DIRECTION('',(0.,1.,0.));
#106=DIRECTION('',(-1.,0.,0.));
#107=AXIS2_PLACEMENT_3D('',#104,#105,#106);
#108=PLANE('',#107);
#109=ADVANCED_FACE('',(#103),#108,.T.);
#110=CARTESIAN_POINT('',(0.5,40.,180.));
#111=VERTEX_POINT('',#110);
#112=DIRECTION('',(0.,-1.,0.));
#113=VECTOR('',#112,55.);
#114=LINE('',#82,#113);
#115=EDGE_CURVE('',#83,#111,#114,.T.);
#116=ORIENTED_EDGE('',*,*,#115,.T.);
#117=CARTESIAN_POINT('',(0.5,40.,186.));
#118=VERTEX_POINT('',#117);
#119=DIRECTION('',(0.,0.,1.));
#120=VECTOR('',#119,6.);
#121=LINE('',#110,#120);
#122=EDGE_CURVE('',#111,#118,#121,.T.);
#123=ORIENTED_EDGE('',*,*,#122,.T.);
#124=DIRECTION('',(0.,-1.,0.));
#125=VECTOR('',#124,55.);
#126=LINE('',#89,#125);
#127=EDGE_CURVE('',#90,#118,#126,.T.);
#128=ORIENTED_EDGE('',*,*,#127,.F.);
#129=ORIENTED_EDGE('',*,*,#94,.F.);
#130=EDGE_LOOP('',(#116,#123,#128,#129));
#131=FACE_OUTER_BOUND('',#130,.T.);
#132=CARTESIAN_POINT('',(0.5,95.,180.));
#133=DIRECTION('',(-1.,0.,0.));
#134=DIRECTION('',(0.,-1.,0.));
#135=AXIS2_PLACEMENT_3D('',#132,#133,#134);
#136=PLANE('',#135);
#137=ADVANCED_FACE('',(#131),#136,.T.);
#138=CARTESIAN_POINT('',(9.40084,38.99712,180.));
#139=VERTEX_POINT('',#138);
#140=DIRECTION('',(0.99371,-0.11196,0.));
#141=VECTOR('',#140,8.95716);
#142=LINE('',#110,#141);
#143=EDGE_CURVE('',#111,#139,#142,.T.);
#144=ORIENTED_EDGE('',*,*,#143,.T.);
#145=CARTESIAN_POINT('',(9.40084,38.99712,186.));
#146=VERTEX_POINT('',#145);
#147=DIRECTION('',(0.,0.,1.));
#148=VECTOR('',#147,6.);
#149=LINE('',#138,#148);
#150=EDGE_CURVE('',#139,#146,#149,.T.);
#151=ORIENTED_EDGE('',*,*,#150,.T.);
#152=DIRECTION('',(0.99371,-0.11196,0.));
#153=VECTOR('',#152,8.95716);
#154=LINE('',#117,#153);
#155=EDGE_CURVE('',#118,#146,#154,.T.);
#156=ORIENTED_EDGE('',*,*,#155,.F.);
#157=ORIENTED_EDGE('',*,*,#122,.F.);
#158=EDGE_LOOP('',(#144,#151,#156,#157));
#159=FACE_OUTER_BOUND('',#158,.T.);
#160=CARTESIAN_POINT('',(0.5,40.,180.));
#161=DIRECTION('',(-0.11196,-0.99371,0.));
#162=DIRECTION('',(0.99371,-0.11196,0.));
#163=AXIS2_PLACEMENT_3D('',#160,#161,#162);
#164=PLANE('',#163);
#165=ADVANCED_FACE('',(#159),#164,.T.);
#166=CARTESIAN_POINT('',(17.85535,36.03875,180.));
#167=VERTEX_POINT('',#166);
#168=DIRECTION('',(0.94388,-0.33028,0.));
#169=VECTOR('',#168,8.95716);
#170=LINE('',#138,#169);
#171=EDGE_CURVE('',#139,#167,#170,.T.);
#172=ORIENTED_EDGE('',*,*,#171,.T.);
#173=CARTESIAN_POINT('',(17.85535,36.03875,186.));
#174=VERTEX_POINT('',#173);
#175=DIRECTION('',(0.,0.,1.));
#176=VECTOR('',#175,6.);
#177=LINE('',#166,#176);
#178=EDGE_CURVE('',#167,#174,#177,.T.);
#179=ORIENTED_EDGE('',*,*,#178,.T.);
#180=DIRECTION('',(0.94388,-0.33028,0.));
#181=VECTOR('',#180,8.95716);
#182=LINE('',#145,#181);
#183=EDGE_CURVE('',#146,#174,#182,.T.);
#184=ORIENTED_EDGE('',*,*,#183,.F.);
#185=ORIENTED_EDGE('',*,*,#150,.F.);
#186=EDGE_LOOP('',(#172,#179,#184,#185));
#187=FACE_OUTER_BOUND('',#186,.T.);
#188=CARTESIAN_POINT('',(9.40084,38.99712,180.));
#189=DIRECTION('',(-0.33028,-0.94388,0.));
#190=DIRECTION('',(0.94388,-0.33028,0.));
#191=AXIS2_PLACEMENT_3D('',#188,#189,#190);
#192=PLANE('',#191);
#193=ADVANCED_FACE('',(#187),#192,.T.);
#194=CARTESIAN_POINT('',(25.43959,31.27326,180.));
#195=VERTEX_POINT('',#194);
#196=DIRECTION('',(0.84672,-0.53203,0.));
#197=VECTOR('',#196,8.95716);
#198=LINE('',#166,#197);
#199=EDGE_CURVE('',#167,#195,#198,.T.);
#200=ORIENTED_EDGE('',*,*,#199,.T.);
#201=CARTESIAN_POINT('',(25.43959,31.27326,186.));
#202=VERTEX_POINT('',#201);
#203=DIRECTION('',(0.,0.,1.));
#204=VECTOR('',#203,6.);
#205=LINE('',#194,#204);
#206=EDGE_CURVE('',#195,#202,#205,.T.);
#207=ORIENTED_EDGE('',*,*,#206,.T.);
#208=DIRECTION('',(0.84672,-0.53203,0.));
#209=VECTOR('',#208,8.95716);
#210=LINE('',#173,#209);
#211=EDGE_CURVE('',#174,#202,#210,.T.);
#212=ORIENTED_EDGE('',*,*,#211,.F.);
#213=ORIENTED_EDGE('',*,*,#178,.F.);
#214=EDGE_LOOP('',(#200,#207,#212,#213));
#215=FACE_OUTER_BOUND('',#214,.T.);
#216=CARTESIAN_POINT('',(17.85535,36.03875,180.));
#217=DIRECTION('',(-0.53203,-0.84672,0.));
#218=DIRECTION('',(0.84672,-0.53203,0.));
#219=AXIS2_PLACEMENT_3D('',#216,#217,#218);
#220=PLANE('',#219);
#221=ADVANCED_FACE('',(#215),#220,.T.);
#222=CARTESIAN_POINT('',(31.77326,24.93959,180.));
#223=VERTEX_POINT('',#222);
#224=DIRECTION('',(0.70711,-0.70711,0.));
#225=VECTOR('',#224,8.95716);
#226=LINE('',#194,#225);
#227=EDGE_CURVE('',#195,#223,#226,.T.);
#228=ORIENTED_EDGE('',*,*,#227,.T.);
#229=CARTESIAN_POINT('',(31.77326,24.93959,186.));
#230=VERTEX_POINT('',#229);
#231=DIRECTION('',(0.,0.,1.));
#232=VECTOR('',#231,6.);
#233=LINE('',#222,#232);
#234=EDGE_CURVE('',#223,#230,#233,.T.);
#235=ORIENTED_EDGE('',*,*,#234,.T.);
#236=DIRECTION('',(0.70711,-0.70711,0.));
#237=VECTOR('',#236,8.95716);
#238=LINE('',#201,#237);
#239=EDGE_CURVE('',#202,#230,#238,.T.);
#240=ORIENTED_EDGE('',*,*,#239,.F.);
#241=ORIENTED_EDGE('',*,*,#206,.F.);
#242=EDGE_LOOP('',(#228,#235,#240,#241));
#243=FACE_OUTER_BOUND('',#242,.T.);
#244=CARTESIAN_POINT('',(25.43959,31.27326,180.));
#245=DIRECTION('',(-0.70711,-0.70711,0.));
#246=DIRECTION('',(0.70711,-0.70711,0.));
#247=AXIS2_PLACEMENT_3D('',#244,#245,#246);
#248=PLANE('',#247);
#249=ADVANCED_FACE('',(#243),#248,.T.);
#250=CARTESIAN_POINT('',(36.53875,17.35535,180.));
#251=VERTEX_POINT('',#250);
#252=DIRECTION('',(0.53203,-0.84672,0.));
#253=VECTOR('',#252,8.95716);
#254=LINE('',#222,#253);
#255=EDGE_CURVE('',#223,#251,#254,.T.);
#256=ORIENTED_EDGE('',*,*,#255,.T.);
#257=CARTESIAN_POINT('',(36.53875,17.35535,186.));
#258=VERTEX_POINT('',#257);
#259=DIRECTION('',(0.,0.,1.));
#260=VECTOR('',#259,6.);
#261=LINE('',#250,#260);
#262=EDGE_CURVE('',#251,#258,#261,.T.);
#263=ORIENTED_EDGE('',*,*,#262,.T.);
#264=DIRECTION('',(0.53203,-0.84672,0.));
#265=VECTOR('',#264,8.95716);
#266=LINE('',#229,#265);
#267=EDGE_CURVE('',#230,#258,#266,.T.);
#268=ORIENTED_EDGE('',*,*,#267,.F.);
#269=ORIENTED_EDGE('',*,*,#234,.F.);
#270=EDGE_LOOP('',(#256,#263,#268,#269));
#271=FACE_OUTER_BOUND('',#270,.T.);
#272=CARTESIAN_POINT('',(31.77326,24.93959,180.));
#273=DIRECTION('',(-0.84672,-0.53203,0.));
#274=DIRECTION('',(0.53203,-0.84672,0.));
#275=AXIS2_PLACEMENT_3D('',#272,#273,#274);
#276=PLANE('',#275);
#277=ADVANCED_FACE('',(#271),#276,.T.);
#278=CARTESIAN_POINT('',(39.49712,8.90084,180.));
#279=VERTEX_POINT('',#278);
#280=DIRECTION('',(0.33028,-0.94388,0.));
#281=VECTOR('',#280,8.95716);
#282=LINE('',#250,#281);
#283=EDGE_CURVE('',#251,#279,#282,.T.);
#284=ORIENTED_EDGE('',*,*,#283,.T.);
#285=CARTESIAN_POINT('',(39.49712,8.90084,186.));
#286=VERTEX_POINT('',#285);
#287=DIRECTION('',(0.,0.,1.));
#288=VECTOR('',#287,6.);
#289=LINE('',#278,#288);
#290=EDGE_CURVE('',#279,#286,#289,.T.);
#291=ORIENTED_EDGE('',*,*,#290,.T.);
#292=DIRECTION('',(0.33028,-0.94388,0.));
#293=VECTOR('',#292,8.95716);
#294=LINE('',#257,#293);
#295=EDGE_CURVE('',#258,#286,#294,.T.);
#296=ORIENTED_EDGE('',*,*,#295,.F.);
#297=ORIENTED_EDGE('',*,*,#262,.F.);
#298=EDGE_LOOP('',(#284,#291,#296,#297));
#299=FACE_OUTER_BOUND('',#298,.T.);
#300=CARTESIAN_POINT('',(36.53875,17.35535,180.));
#301=DIRECTION('',(-0.94388,-0.33028,0.));
#302=DIRECTION('',(0.33028,-0.94388,0.));
#303=AXIS2_PLACEMENT_3D('',#300,#301,#302);
#304=PLANE('',#303);
#305=ADVANCED_FACE('',(#299),#304,.T.);
#306=CARTESIAN_POINT('',(40.5,0.,180.));
#307=VERTEX_POINT('',#306);
#308=DIRECTION('',(0.11196,-0.99371,0.));
#309=VECTOR('',#308,8.95716);
#310=LINE('',#278,#309);
#311=EDGE_CURVE('',#279,#307,#310,.T.);
#312=ORIENTED_EDGE('',*,*,#311,.T.);
#313=CARTESIAN_POINT('',(40.5,0.,186.));
#314=VERTEX_POINT('',#313);
#315=DIRECTION('',(0.,0.,1.));
#316=VECTOR('',#315,6.);
#317=LINE('',#306,#316);
#318=EDGE_CURVE('',#307,#314,#317,.T.);
#319=ORIENTED_EDGE('',*,*,#318,.T.);
#320=DIRECTION('',(0.11196,-0.99371,0.));
#321=VECTOR('',#320,8.95716);
#322=LINE('',#285,#321);
#323=EDGE_CURVE('',#286,#314,#322,.T.);
#324=ORIENTED_EDGE('',*,*,#323,.F.);
#325=ORIENTED_EDGE('',*,*,#290,.F.);
#326=EDGE_LOOP('',(#312,#319,#324,#325));
#327=FACE_OUTER_BOUND('',#326,.T.);
#328=CARTESIAN_POINT('',(39.49712,8.90084,180.));
#329=DIRECTION('',(-0.99371,-0.11196,0.));
#330=DIRECTION('',(0.11196,-0.99371,0.));
#331=AXIS2_PLACEMENT_3D('',#328,#329,#330);
#332=PLANE('',#331);
#333=ADVANCED_FACE('',(#327),#332,.T.);
#334=CARTESIAN_POINT('',(39.49712,-8.90084,180.));
#335=VERTEX_POINT('',#334);
#336=DIRECTION('',(-0.11196,-0.99371,0.));
#337=VECTOR('',#336,8.95716);
#338=LINE('',#306,#337);
#339=EDGE_CURVE('',#307,#335,#338,.T.);
#340=ORIENTED_EDGE('',*,*,#339,.T.);
#341=CARTESIAN_POINT('',(39.49712,-8.90084,186.));
#342=VERTEX_POINT('',#341);
#343=DIRECTION('',(0.,0.,1.));
#344=VECTOR('',#343,6.);
#345=LINE('',#334,#344);
#346=EDGE_CURVE('',#335,#342,#345,.T.);
#347=ORIENTED_EDGE('',*,*,#346,.T.);
#348=DIRECTION('',(-0.11196,-0.99371,0.));
#349=VECTOR('',#348,8.95716);
#350=LINE('',#313,#349);
#351=EDGE_CURVE('',#314,#342,#350,.T.);
#352=ORIENTED_EDGE('',*,*,#351,.F.);
#353=ORIENTED_EDGE('',*,*,#318,.F.);
#354=EDGE_LOOP('',(#340,#347,#352,#353));
#355=FACE_OUTER_BOUND('',#354,.T.);
#356=CARTESIAN_POINT('',(40.5,0.,180.));
#357=DIRECTION('',(-0.99371,0.11196,0.));
#358=DIRECTION('',(-0.11196,-0.99371,0.));
#359=AXIS2_PLACEMENT_3D('',#356,#357,#358);
#360=PLANE('',#359);
#361=ADVANCED_FACE('',(#355),#360,.T.);
#362=CARTESIAN_POINT('',(36.53875,-17.35535,180.));
#363=VERTEX_POINT('',#362);
#364=DIRECTION('',(-0.33028,-0.94388,0.));
#365=VECTOR('',#364,8.95716);
#366=LINE('',#334,#365);
#367=EDGE_CURVE('',#335,#363,#366,.T.);
#368=ORIENTED_EDGE('',*,*,#367,.T.);
#369=CARTESIAN_POINT('',(36.53875,-17.35535,186.));
#370=VERTEX_POINT('',#369);
#371=DIRECTION('',(0.,0.,1.));
#372=VECTOR('',#371,6.);
#373=LINE('',#362,#372);
#374=EDGE_CURVE('',#363,#370,#373,.T.);
#375=ORIENTED_EDGE('',*,*,#374,.T.);
#376=DIRECTION('',(-0.33028,-0.94388,0.));
#377=VECTOR('',#376,8.95716);
#378=LINE('',#341,#377);
#379=EDGE_CURVE('',#342,#370,#378,.T.);
#380=ORIENTED_EDGE('',*,*,#379,.F.);
#381=ORIENTED_EDGE('',*,*,#346,.F.);
#382=EDGE_LOOP('',(#368,#375,#380,#381));
#383=FACE_OUTER_BOUND('',#382,.T.);
#384=CARTESIAN_POINT('',(39.49712,-8.90084,180.));
#385=DIRECTION('',(-0.94388,0.33028,0.));
#386=DIRECTION('',(-0.33028,-0.94388,0.));
#387=AXIS2_PLACEMENT_3D('',#384,#385,#386);
#388=PLANE('',#387);
#389=ADVANCED_FACE('',(#383),#388,.T.);
#390=CARTESIAN_POINT('',(31.77326,-24.93959,180.));
#391=VERTEX_POINT('',#390);
#392=DIRECTION('',(-0.53203,-0.84672,0.));
#393=VECTOR('',#392,8.95716);
#394=LINE('',#362,#393);
#395=EDGE_CURVE('',#363,#391,#394,.T.);
#396=ORIENTED_EDGE('',*,*,#395,.T.);
#397=CARTESIAN_POINT('',(31.77326,-24.93959,186.));
#398=VERTEX_POINT('',#397);
#399=DIRECTION('',(0.,0.,1.));
#400=VECTOR('',#399,6.);
#401=LINE('',#390,#400);
#402=EDGE_CURVE('',#391,#398,#401,.T.);
#403=ORIENTED_EDGE('',*,*,#402,.T.);
#404=DIRECTION('',(-0.53203,-0.84672,0.));
#405=VECTOR('',#404,8.95716);
#406=LINE('',#369,#405);
#407=EDGE_CURVE('',#370,#398,#406,.T.);
#408=ORIENTED_EDGE('',*,*,#407,.F.);
#409=ORIENTED_EDGE('',*,*,#374,.F.);
#410=EDGE_LOOP('',(#396,#403,#408,#409));
#411=FACE_OUTER_BOUND('',#410,.T.);
#412=CARTESIAN_POINT('',(36.53875,-17.35535,180.));
#413=DIRECTION('',(-0.84672,0.53203,0.));
#414=DIRECTION('',(-0.53203,-0.84672,0.));
#415=AXIS2_PLACEMENT_3D('',#412,#413,#414);
#416=PLANE('',#415);
#417=ADVANCED_FACE('',(#411),#416,.T.);
#418=CARTESIAN_POINT('',(25.43959,-31.27326,180.));
#419=VERTEX_POINT('',#418);
#420=DIRECTION('',(-0.70711,-0.70711,0.));
#421=VECTOR('',#420,8.95716);
#422=LINE('',#390,#421);
#423=EDGE_CURVE('',#391,#419,#422,.T.);
#424=ORIENTED_EDGE('',*,*,#423,.T.);
#425=CARTESIAN_POINT('',(25.43959,-31.27326,186.));
#426=VERTEX_POINT('',#425);
#427=DIRECTION('',(0.,0.,1.));
#428=VECTOR('',#427,6.);
#429=LINE('',#418,#428);
#430=EDGE_CURVE('',#419,#426,#429,.T.);
#431=ORIENTED_EDGE('',*,*,#430,.T.);
#432=DIRECTION('',(-0.70711,-0.70711,0.));
#433=VECTOR('',#432,8.95716);
#434=LINE('',#397,#433);
#435=EDGE_CURVE('',#398,#426,#434,.T.);
#436=ORIENTED_EDGE('',*,*,#435,.F.);
#437=ORIENTED_EDGE('',*,*,#402,.F.);
#438=EDGE_LOOP('',(#424,#431,#436,#437));
#439=FACE_OUTER_BOUND('',#438,.T.);
#440=CARTESIAN_POINT('',(31.77326,-24.93959,180.));
#441=DIRECTION('',(-0.70711,0.70711,0.));
#442=DIRECTION('',(-0.70711,-0.70711,0.));
#443=AXIS2_PLACEMENT_3D('',#440,#441,#442);
#444=PLANE('',#443);
#445=ADVANCED_FACE('',(#439),#444,.T.);
#446=CARTESIAN_POINT('',(17.85535,-36.03875,180.));
#447=VERTEX_POINT('',#446);
#448=DIRECTION('',(-0.84672,-0.53203,0.));
#449=VECTOR('',#448,8.95716);
#450=LINE('',#418,#449);
#451=EDGE_CURVE('',#419,#447,#450,.T.);
#452=ORIENTED_EDGE('',*,*,#451,.T.);
#453=CARTESIAN_POINT('',(17.85535,-36.03875,186.));
#454=VERTEX_POINT('',#453);
#455=DIRECTION('',(0.,0.,1.));
#456=VECTOR('',#455,6.);
#457=LINE('',#446,#456);
#458=EDGE_CURVE('',#447,#454,#457,.T.);
#459=ORIENTED_EDGE('',*,*,#458,.T.);
#460=DIRECTION('',(-0.84672,-0.53203,0.));
#461=VECTOR('',#460,8.95716);
#462=LINE('',#425,#461);
#463=EDGE_CURVE('',#426,#454,#462,.T.);
#464=ORIENTED_EDGE('',*,*,#463,.F.);
#465=ORIENTED_EDGE('',*,*,#430,.F.);
#466=EDGE_LOOP('',(#452,#459,#464,#465));
#467=FACE_OUTER_BOUND('',#466,.T.);
#468=CARTESIAN_POINT('',(25.43959,-31.27326,180.));
#469=DIRECTION('',(-0.53203,0.84672,0.));
#470=DIRECTION('',(-0.84672,-0.53203,0.));
#471=AXIS2_PLACEMENT_3D('',#468,#469,#470);
#472=PLANE('',#471);
#473=ADVANCED_FACE('',(#467),#472,.T.);
#474=CARTESIAN_POINT('',(9.40084,-38.99712,180.));
#475=VERTEX_POINT('',#474);
#476=DIRECTION('',(-0.94388,-0.33028,0.));
#477=VECTOR('',#476,8.95716);
#478=LINE('',#446,#477);
#479=EDGE_CURVE('',#447,#475,#478,.T.);
#480=ORIENTED_EDGE('',*,*,#479,.T.);
#481=CARTESIAN_POINT('',(9.40084,-38.99712,186.));
#482=VERTEX_POINT('',#481);
#483=DIRECTION('',(0.,0.,1.));
#484=VECTOR('',#483,6.);
#485=LINE('',#474,#484);
#486=EDGE_CURVE('',#475,#482,#485,.T.);
#487=ORIENTED_EDGE('',*,*,#486,.T.);
#488=DIRECTION('',(-0.94388,-0.33028,0.));
#489=VECTOR('',#488,8.95716);
#490=LINE('',#453,#489);
#491=EDGE_CURVE('',#454,#482,#490,.T.);
#492=ORIENTED_EDGE('',*,*,#491,.F.);
#493=ORIENTED_EDGE('',*,*,#458,.F.);
#494=EDGE_LOOP('',(#480,#487,#492,#493));
#495=FACE_OUTER_BOUND('',#494,.T.);
#496=CARTESIAN_POINT('',(17.85535,-36.03875,180.));
#497=DIRECTION('',(-0.33028,0.94388,0.));
#498=DIRECTION('',(-0.94388,-0.33028,0.));
#499=AXIS2_PLACEMENT_3D('',#496,#497,#498);
#500=PLANE('',#499);
#501=ADVANCED_FACE('',(#495),#500,.T.);
#502=CARTESIAN_POINT('',(0.5,-40.,180.));
#503=VERTEX_POINT('',#502);
#504=DIRECTION('',(-0.99371,-0.11196,0.));
#505=VECTOR('',#504,8.95716);
#506=LINE('',#474,#505);
#507=EDGE_CURVE('',#475,#503,#506,.T.);
#508=ORIENTED_EDGE('',*,*,#507,.T.);
#509=CARTESIAN_POINT('',(0.5,-40.,186.));
#510=VERTEX_POINT('',#509);
#511=DIRECTION('',(0.,0.,1.));
#512=VECTOR('',#511,6.);
#513=LINE('',#502,#512);
#514=EDGE_CURVE('',#503,#510,#513,.T.);
#515=ORIENTED_EDGE('',*,*,#514,.T.);
#516=DIRECTION('',(-0.99371,-0.11196,0.));
#517=VECTOR('',#516,8.95716);
#518=LINE('',#481,#517);
#519=EDGE_CURVE('',#482,#510,#518,.T.);
#520=ORIENTED_EDGE('',*,*,#519,.F.);
#521=ORIENTED_EDGE('',*,*,#486,.F.);
#522=EDGE_LOOP('',(#508,#515,#520,#521));
#523=FACE_OUTER_BOUND('',#522,.T.);
#524=CARTESIAN_POINT('',(9.40084,-38.99712,180.));
#525=DIRECTION('',(-0.11196,0.99371,0.));
#526=DIRECTION('',(-0.99371,-0.11196,0.));
#527=AXIS2_PLACEMENT_3D('',#524,#525,#526);
#528=PLANE('',#527);
#529=ADVANCED_FACE('',(#523),#528,.T.);
#530=DIRECTION('',(0.,1.,0.));
#531=VECTOR('',#530,55.);
#532=LINE('',#18,#531);
#533=EDGE_CURVE('',#19,#503,#532,.T.);
#534=ORIENTED_EDGE('',*,*,#533,.F.);
#535=ORIENTED_EDGE('',*,*,#44,.T.);
#536=DIRECTION('',(0.,1.,0.));
#537=VECTOR('',#536,55.);
#538=LINE('',#34,#537);
#539=EDGE_CURVE('',#35,#510,#538,.T.);
#540=ORIENTED_EDGE('',*,*,#539,.T.);
#541=ORIENTED_EDGE('',*,*,#514,.F.);
#542=EDGE_LOOP('',(#534,#535,#540,#541));
#543=FACE_OUTER_BOUND('',#542,.T.);
#544=CARTESIAN_POINT('',(0.5,-40.,180.));
#545=DIRECTION('',(-1.,0.,0.));
#546=DIRECTION('',(0.,-1.,0.));
#547=AXIS2_PLACEMENT_3D('',#544,#545,#546);
#548=PLANE('',#547);
#549=ADVANCED_FACE('',(#543),#548,.T.);
#550=ORIENTED_EDGE('',*,*,#507,.F.);
#551=ORIENTED_EDGE('',*,*,#479,.F.);
#552=ORIENTED_EDGE('',*,*,#451,.F.);
#553=ORIENTED_EDGE('',*,*,#423,.F.);
#554=ORIENTED_EDGE('',*,*,#395,.F.);
#555=ORIENTED_EDGE('',*,*,#367,.F.);
#556=ORIENTED_EDGE('',*,*,#339,.F.);
#557=ORIENTED_EDGE('',*,*,#311,.F.);
#558=ORIENTED_EDGE('',*,*,#283,.F.);
#559=ORIENTED_EDGE('',*,*,#255,.F.);
#560=ORIENTED_EDGE('',*,*,#227,.F.);
#561=ORIENTED_EDGE('',*,*,#199,.F.);
#562=ORIENTED_EDGE('',*,*,#171,.F.);
#563=ORIENTED_EDGE('',*,*,#143,.F.);
#564=ORIENTED_EDGE('',*,*,#115,.F.);
#565=ORIENTED_EDGE('',*,*,#87,.F.);
#566=ORIENTED_EDGE('',*,*,#59,.F.);
#567=ORIENTED_EDGE('',*,*,#25,.F.);
#568=ORIENTED_EDGE('',*,*,#533,.T.);
#569=EDGE_LOOP('',(#550,#551,#552,#553,#554,#555,#556,#557,#558,#559,#560,#561,#562,#563,#564,#565,#566,#567,#568));
#570=FACE_OUTER_BOUND('',#569,.T.);
#571=CARTESIAN_POINT('',(0.5,-40.,180.));
#572=DIRECTION('',(0.,0.,-1.));
#573=DIRECTION('',(0.99371,0.11196,0.));
#574=AXIS2_PLACEMENT_3D('',#571,#572,#573);
#575=PLANE('',#574);
#576=ADVANCED_FACE('',(#570),#575,.T.);
#577=ORIENTED_EDGE('',*,*,#39,.T.);
#578=ORIENTED_EDGE('',*,*,#71,.T.);
#579=ORIENTED_EDGE('',*,*,#99,.T.);
#580=ORIENTED_EDGE('',*,*,#127,.T.);
#581=ORIENTED_EDGE('',*,*,#155,.T.);
#582=ORIENTED_EDGE('',*,*,#183,.T.);
#583=ORIENTED_EDGE('',*,*,#211,.T.);
#584=ORIENTED_EDGE('',*,*,#239,.T.);
#585=ORIENTED_EDGE('',*,*,#267,.T.);
#586=ORIENTED_EDGE('',*,*,#295,.T.);
#587=ORIENTED_EDGE('',*,*,#323,.T.);
#588=ORIENTED_EDGE('',*,*,#351,.T.);
#589=ORIENTED_EDGE('',*,*,#379,.T.);
#590=ORIENTED_EDGE('',*,*,#407,.T.);
#591=ORIENTED_EDGE('',*,*,#435,.T.);
#592=ORIENTED_EDGE('',*,*,#463,.T.);
#593=ORIENTED_EDGE('',*,*,#491,.T.);
#594=ORIENTED_EDGE('',*,*,#519,.T.);
#595=ORIENTED_EDGE('',*,*,#539,.F.);
#596=EDGE_LOOP('',(#577,#578,#579,#580,#581,#582,#583,#584,#585,#586,#587,#588,#589,#590,#591,#592,#593,#594,#595));
#597=FACE_OUTER_BOUND('',#596,.T.);
#598=CARTESIAN_POINT('',(0.5,-95.,186.));
#599=DIRECTION('',(0.,0.,1.));
#600=DIRECTION('',(1.,0.,0.));
#601=AXIS2_PLACEMENT_3D('',#598,#599,#600);
#602=PLANE('',#601);
#603=ADVANCED_FACE('',(#597),#602,.T.);
#604=CLOSED_SHELL('',(#53,#81,#109,#137,#165,#193,#221,#249,#277,#305,#333,#361,#389,#417,#445,#473,#501,#529,#549,#576,#603));
#605=MANIFOLD_SOLID_BREP('',#604);
#606=COLOUR_RGB('',0.8,0.82,0.84);
#607=FILL_AREA_STYLE_COLOUR('',#606);
#608=FILL_AREA_STYLE('',(#607));
#609=SURFACE_STYLE_FILL_AREA(#608);
#610=SURFACE_SIDE_STYLE('',(#609));
#611=SURFACE_STYLE_USAGE(.BOTH.,#610);
#612=PRESENTATION_STYLE_ASSIGNMENT((#611));
#613=STYLED_ITEM('color',(#612),#605);
#614=CARTESIAN_POINT('',(8.48528,39.59798,186.));
#615=VERTEX_POINT('',#614);
#616=CARTESIAN_POINT('',(4.24264,43.84062,186.));
#617=VERTEX_POINT('',#616);
#618=DIRECTION('',(-0.70711,0.70711,0.));
#619=VECTOR('',#618,6.);
#620=LINE('',#614,#619);
#621=EDGE_CURVE('',#615,#617,#620,.T.);
#622=ORIENTED_EDGE('',*,*,#621,.T.);
#623=CARTESIAN_POINT('',(36.76955,76.36753,186.));
#624=VERTEX_POINT('',#623);
#625=DIRECTION('',(-0.70711,-0.70711,0.));
#626=VECTOR('',#625,46.);
#627=LINE('',#623,#626);
#628=EDGE_CURVE('',#624,#617,#627,.T.);
#629=ORIENTED_EDGE('',*,*,#628,.F.);
#630=CARTESIAN_POINT('',(41.01219,72.12489,186.));
#631=VERTEX_POINT('',#630);
#632=DIRECTION('',(-0.70711,0.70711,0.));
#633=VECTOR('',#632,6.);
#634=LINE('',#630,#633);
#635=EDGE_CURVE('',#631,#624,#634,.T.);
#636=ORIENTED_EDGE('',*,*,#635,.F.);
#637=DIRECTION('',(0.70711,0.70711,0.));
#638=VECTOR('',#637,46.);
#639=LINE('',#614,#638);
#640=EDGE_CURVE('',#615,#631,#639,.T.);
#641=ORIENTED_EDGE('',*,*,#640,.F.);
#642=EDGE_LOOP('',(#622,#629,#636,#641));
#643=FACE_OUTER_BOUND('',#642,.T.);
#644=CARTESIAN_POINT('',(8.48528,39.59798,186.));
#645=DIRECTION('',(0.,0.,-1.));
#646=DIRECTION('',(-0.70711,0.70711,0.));
#647=AXIS2_PLACEMENT_3D('',#644,#645,#646);
#648=PLANE('',#647);
#649=ADVANCED_FACE('',(#643),#648,.T.);
#650=CARTESIAN_POINT('',(8.48528,39.59798,242.));
#651=VERTEX_POINT('',#650);
#652=CARTESIAN_POINT('',(41.01219,72.12489,242.));
#653=VERTEX_POINT('',#652);
#654=DIRECTION('',(0.70711,0.70711,0.));
#655=VECTOR('',#654,46.);
#656=LINE('',#650,#655);
#657=EDGE_CURVE('',#651,#653,#656,.T.);
#658=ORIENTED_EDGE('',*,*,#657,.T.);
#659=CARTESIAN_POINT('',(36.76955,76.36753,242.));
#660=VERTEX_POINT('',#659);
#661=DIRECTION('',(-0.70711,0.70711,0.));
#662=VECTOR('',#661,6.);
#663=LINE('',#652,#662);
#664=EDGE_CURVE('',#653,#660,#663,.T.);
#665=ORIENTED_EDGE('',*,*,#664,.T.);
#666=CARTESIAN_POINT('',(4.24264,43.84062,242.));
#667=VERTEX_POINT('',#666);
#668=DIRECTION('',(-0.70711,-0.70711,0.));
#669=VECTOR('',#668,46.);
#670=LINE('',#659,#669);
#671=EDGE_CURVE('',#660,#667,#670,.T.);
#672=ORIENTED_EDGE('',*,*,#671,.T.);
#673=DIRECTION('',(-0.70711,0.70711,0.));
#674=VECTOR('',#673,6.);
#675=LINE('',#650,#674);
#676=EDGE_CURVE('',#651,#667,#675,.T.);
#677=ORIENTED_EDGE('',*,*,#676,.F.);
#678=EDGE_LOOP('',(#658,#665,#672,#677));
#679=FACE_OUTER_BOUND('',#678,.T.);
#680=CARTESIAN_POINT('',(8.48528,39.59798,242.));
#681=DIRECTION('',(0.,0.,1.));
#682=DIRECTION('',(0.70711,0.70711,0.));
#683=AXIS2_PLACEMENT_3D('',#680,#681,#682);
#684=PLANE('',#683);
#685=ADVANCED_FACE('',(#679),#684,.T.);
#686=ORIENTED_EDGE('',*,*,#640,.T.);
#687=DIRECTION('',(0.,0.,1.));
#688=VECTOR('',#687,56.);
#689=LINE('',#630,#688);
#690=EDGE_CURVE('',#631,#653,#689,.T.);
#691=ORIENTED_EDGE('',*,*,#690,.T.);
#692=ORIENTED_EDGE('',*,*,#657,.F.);
#693=DIRECTION('',(0.,0.,1.));
#694=VECTOR('',#693,56.);
#695=LINE('',#614,#694);
#696=EDGE_CURVE('',#615,#651,#695,.T.);
#697=ORIENTED_EDGE('',*,*,#696,.F.);
#698=EDGE_LOOP('',(#686,#691,#692,#697));
#699=FACE_OUTER_BOUND('',#698,.T.);
#700=CARTESIAN_POINT('',(8.48528,39.59798,186.));
#701=DIRECTION('',(0.70711,-0.70711,0.));
#702=DIRECTION('',(0.70711,0.70711,0.));
#703=AXIS2_PLACEMENT_3D('',#700,#701,#702);
#704=PLANE('',#703);
#705=ADVANCED_FACE('',(#699),#704,.T.);
#706=ORIENTED_EDGE('',*,*,#635,.T.);
#707=DIRECTION('',(0.,0.,1.));
#708=VECTOR('',#707,56.);
#709=LINE('',#623,#708);
#710=EDGE_CURVE('',#624,#660,#709,.T.);
#711=ORIENTED_EDGE('',*,*,#710,.T.);
#712=ORIENTED_EDGE('',*,*,#664,.F.);
#713=ORIENTED_EDGE('',*,*,#690,.F.);
#714=EDGE_LOOP('',(#706,#711,#712,#713));
#715=FACE_OUTER_BOUND('',#714,.T.);
#716=CARTESIAN_POINT('',(41.01219,72.12489,186.));
#717=DIRECTION('',(0.70711,0.70711,0.));
#718=DIRECTION('',(-0.70711,0.70711,0.));
#719=AXIS2_PLACEMENT_3D('',#716,#717,#718);
#720=PLANE('',#719);
#721=ADVANCED_FACE('',(#715),#720,.T.);
#722=ORIENTED_EDGE('',*,*,#628,.T.);
#723=DIRECTION('',(0.,0.,1.));
#724=VECTOR('',#723,56.);
#725=LINE('',#616,#724);
#726=EDGE_CURVE('',#617,#667,#725,.T.);
#727=ORIENTED_EDGE('',*,*,#726,.T.);
#728=ORIENTED_EDGE('',*,*,#671,.F.);
#729=ORIENTED_EDGE('',*,*,#710,.F.);
#730=EDGE_LOOP('',(#722,#727,#728,#729));
#731=FACE_OUTER_BOUND('',#730,.T.);
#732=CARTESIAN_POINT('',(36.76955,76.36753,186.));
#733=DIRECTION('',(-0.70711,0.70711,0.));
#734=DIRECTION('',(-0.70711,-0.70711,0.));
#735=AXIS2_PLACEMENT_3D('',#732,#733,#734);
#736=PLANE('',#735);
#737=ADVANCED_FACE('',(#731),#736,.T.);
#738=ORIENTED_EDGE('',*,*,#621,.F.);
#739=ORIENTED_EDGE('',*,*,#696,.T.);
#740=ORIENTED_EDGE('',*,*,#676,.T.);
#741=ORIENTED_EDGE('',*,*,#726,.F.);
#742=EDGE_LOOP('',(#738,#739,#740,#741));
#743=FACE_OUTER_BOUND('',#742,.T.);
#744=CARTESIAN_POINT('',(4.24264,43.84062,186.));
#745=DIRECTION('',(-0.70711,-0.70711,0.));
#746=DIRECTION('',(0.70711,-0.70711,0.));
#747=AXIS2_PLACEMENT_3D('',#744,#745,#746);
#748=PLANE('',#747);
#749=ADVANCED_FACE('',(#743),#748,.T.);
#750=CLOSED_SHELL('',(#649,#685,#705,#721,#737,#749));
#751=MANIFOLD_SOLID_BREP('',#750);
#752=STYLED_ITEM('color',(#612),#751);
#753=CARTESIAN_POINT('',(43.84062,4.24264,186.));
#754=VERTEX_POINT('',#753);
#755=CARTESIAN_POINT('',(39.59798,8.48528,186.));
#756=VERTEX_POINT('',#755);
#757=DIRECTION('',(-0.70711,0.70711,0.));
#758=VECTOR('',#757,6.);
#759=LINE('',#753,#758);
#760=EDGE_CURVE('',#754,#756,#759,.T.);
#761=ORIENTED_EDGE('',*,*,#760,.T.);
#762=CARTESIAN_POINT('',(72.12489,41.01219,186.));
#763=VERTEX_POINT('',#762);
#764=DIRECTION('',(-0.70711,-0.70711,0.));
#765=VECTOR('',#764,46.);
#766=LINE('',#762,#765);
#767=EDGE_CURVE('',#763,#756,#766,.T.);
#768=ORIENTED_EDGE('',*,*,#767,.F.);
#769=CARTESIAN_POINT('',(76.36753,36.76955,186.));
#770=VERTEX_POINT('',#769);
#771=DIRECTION('',(-0.70711,0.70711,0.));
#772=VECTOR('',#771,6.);
#773=LINE('',#769,#772);
#774=EDGE_CURVE('',#770,#763,#773,.T.);
#775=ORIENTED_EDGE('',*,*,#774,.F.);
#776=DIRECTION('',(0.70711,0.70711,0.));
#777=VECTOR('',#776,46.);
#778=LINE('',#753,#777);
#779=EDGE_CURVE('',#754,#770,#778,.T.);
#780=ORIENTED_EDGE('',*,*,#779,.F.);
#781=EDGE_LOOP('',(#761,#768,#775,#780));
#782=FACE_OUTER_BOUND('',#781,.T.);
#783=CARTESIAN_POINT('',(43.84062,4.24264,186.));
#784=DIRECTION('',(0.,0.,-1.));
#785=DIRECTION('',(-0.70711,0.70711,0.));
#786=AXIS2_PLACEMENT_3D('',#783,#784,#785);
#787=PLANE('',#786);
#788=ADVANCED_FACE('',(#782),#787,.T.);
#789=CARTESIAN_POINT('',(43.84062,4.24264,242.));
#790=VERTEX_POINT('',#789);
#791=CARTESIAN_POINT('',(76.36753,36.76955,242.));
#792=VERTEX_POINT('',#791);
#793=DIRECTION('',(0.70711,0.70711,0.));
#794=VECTOR('',#793,46.);
#795=LINE('',#789,#794);
#796=EDGE_CURVE('',#790,#792,#795,.T.);
#797=ORIENTED_EDGE('',*,*,#796,.T.);
#798=CARTESIAN_POINT('',(72.12489,41.01219,242.));
#799=VERTEX_POINT('',#798);
#800=DIRECTION('',(-0.70711,0.70711,0.));
#801=VECTOR('',#800,6.);
#802=LINE('',#791,#801);
#803=EDGE_CURVE('',#792,#799,#802,.T.);
#804=ORIENTED_EDGE('',*,*,#803,.T.);
#805=CARTESIAN_POINT('',(39.59798,8.48528,242.));
#806=VERTEX_POINT('',#805);
#807=DIRECTION('',(-0.70711,-0.70711,0.));
#808=VECTOR('',#807,46.);
#809=LINE('',#798,#808);
#810=EDGE_CURVE('',#799,#806,#809,.T.);
#811=ORIENTED_EDGE('',*,*,#810,.T.);
#812=DIRECTION('',(-0.70711,0.70711,0.));
#813=VECTOR('',#812,6.);
#814=LINE('',#789,#813);
#815=EDGE_CURVE('',#790,#806,#814,.T.);
#816=ORIENTED_EDGE('',*,*,#815,.F.);
#817=EDGE_LOOP('',(#797,#804,#811,#816));
#818=FACE_OUTER_BOUND('',#817,.T.);
#819=CARTESIAN_POINT('',(43.84062,4.24264,242.));
#820=DIRECTION('',(0.,0.,1.));
#821=DIRECTION('',(0.70711,0.70711,0.));
#822=AXIS2_PLACEMENT_3D('',#819,#820,#821);
#823=PLANE('',#822);
#824=ADVANCED_FACE('',(#818),#823,.T.);
#825=ORIENTED_EDGE('',*,*,#779,.T.);
#826=DIRECTION('',(0.,0.,1.));
#827=VECTOR('',#826,56.);
#828=LINE('',#769,#827);
#829=EDGE_CURVE('',#770,#792,#828,.T.);
#830=ORIENTED_EDGE('',*,*,#829,.T.);
#831=ORIENTED_EDGE('',*,*,#796,.F.);
#832=DIRECTION('',(0.,0.,1.));
#833=VECTOR('',#832,56.);
#834=LINE('',#753,#833);
#835=EDGE_CURVE('',#754,#790,#834,.T.);
#836=ORIENTED_EDGE('',*,*,#835,.F.);
#837=EDGE_LOOP('',(#825,#830,#831,#836));
#838=FACE_OUTER_BOUND('',#837,.T.);
#839=CARTESIAN_POINT('',(43.84062,4.24264,186.));
#840=DIRECTION('',(0.70711,-0.70711,0.));
#841=DIRECTION('',(0.70711,0.70711,0.));
#842=AXIS2_PLACEMENT_3D('',#839,#840,#841);
#843=PLANE('',#842);
#844=ADVANCED_FACE('',(#838),#843,.T.);
#845=ORIENTED_EDGE('',*,*,#774,.T.);
#846=DIRECTION('',(0.,0.,1.));
#847=VECTOR('',#846,56.);
#848=LINE('',#762,#847);
#849=EDGE_CURVE('',#763,#799,#848,.T.);
#850=ORIENTED_EDGE('',*,*,#849,.T.);
#851=ORIENTED_EDGE('',*,*,#803,.F.);
#852=ORIENTED_EDGE('',*,*,#829,.F.);
#853=EDGE_LOOP('',(#845,#850,#851,#852));
#854=FACE_OUTER_BOUND('',#853,.T.);
#855=CARTESIAN_POINT('',(76.36753,36.76955,186.));
#856=DIRECTION('',(0.70711,0.70711,0.));
#857=DIRECTION('',(-0.70711,0.70711,0.));
#858=AXIS2_PLACEMENT_3D('',#855,#856,#857);
#859=PLANE('',#858);
#860=ADVANCED_FACE('',(#854),#859,.T.);
#861=ORIENTED_EDGE('',*,*,#767,.T.);
#862=DIRECTION('',(0.,0.,1.));
#863=VECTOR('',#862,56.);
#864=LINE('',#755,#863);
#865=EDGE_CURVE('',#756,#806,#864,.T.);
#866=ORIENTED_EDGE('',*,*,#865,.T.);
#867=ORIENTED_EDGE('',*,*,#810,.F.);
#868=ORIENTED_EDGE('',*,*,#849,.F.);
#869=EDGE_LOOP('',(#861,#866,#867,#868));
#870=FACE_OUTER_BOUND('',#869,.T.);
#871=CARTESIAN_POINT('',(72.12489,41.01219,186.));
#872=DIRECTION('',(-0.70711,0.70711,0.));
#873=DIRECTION('',(-0.70711,-0.70711,0.));
#874=AXIS2_PLACEMENT_3D('',#871,#872,#873);
#875=PLANE('',#874);
#876=ADVANCED_FACE('',(#870),#875,.T.);
#877=ORIENTED_EDGE('',*,*,#760,.F.);
#878=ORIENTED_EDGE('',*,*,#835,.T.);
#879=ORIENTED_EDGE('',*,*,#815,.T.);
#880=ORIENTED_EDGE('',*,*,#865,.F.);
#881=EDGE_LOOP('',(#877,#878,#879,#880));
#882=FACE_OUTER_BOUND('',#881,.T.);
#883=CARTESIAN_POINT('',(39.59798,8.48528,186.));
#884=DIRECTION('',(-0.70711,-0.70711,0.));
#885=DIRECTION('',(0.70711,-0.70711,0.));
#886=AXIS2_PLACEMENT_3D('',#883,#884,#885);
#887=PLANE('',#886);
#888=ADVANCED_FACE('',(#882),#887,.T.);
#889=CLOSED_SHELL('',(#788,#824,#844,#860,#876,#888));
#890=MANIFOLD_SOLID_BREP('',#889);
#891=STYLED_ITEM('color',(#612),#890);
#892=CARTESIAN_POINT('',(39.59798,-8.48528,186.));
#893=VERTEX_POINT('',#892);
#894=CARTESIAN_POINT('',(43.84062,-4.24264,186.));
#895=VERTEX_POINT('',#894);
#896=DIRECTION('',(0.70711,0.70711,0.));
#897=VECTOR('',#896,6.);
#898=LINE('',#892,#897);
#899=EDGE_CURVE('',#893,#895,#898,.T.);
#900=ORIENTED_EDGE('',*,*,#899,.T.);
#901=CARTESIAN_POINT('',(76.36753,-36.76955,186.));
#902=VERTEX_POINT('',#901);
#903=DIRECTION('',(-0.70711,0.70711,0.));
#904=VECTOR('',#903,46.);
#905=LINE('',#901,#904);
#906=EDGE_CURVE('',#902,#895,#905,.T.);
#907=ORIENTED_EDGE('',*,*,#906,.F.);
#908=CARTESIAN_POINT('',(72.12489,-41.01219,186.));
#909=VERTEX_POINT('',#908);
#910=DIRECTION('',(0.70711,0.70711,0.));
#911=VECTOR('',#910,6.);
#912=LINE('',#908,#911);
#913=EDGE_CURVE('',#909,#902,#912,.T.);
#914=ORIENTED_EDGE('',*,*,#913,.F.);
#915=DIRECTION('',(0.70711,-0.70711,0.));
#916=VECTOR('',#915,46.);
#917=LINE('',#892,#916);
#918=EDGE_CURVE('',#893,#909,#917,.T.);
#919=ORIENTED_EDGE('',*,*,#918,.F.);
#920=EDGE_LOOP('',(#900,#907,#914,#919));
#921=FACE_OUTER_BOUND('',#920,.T.);
#922=CARTESIAN_POINT('',(39.59798,-8.48528,186.));
#923=DIRECTION('',(0.,0.,-1.));
#924=DIRECTION('',(0.70711,0.70711,0.));
#925=AXIS2_PLACEMENT_3D('',#922,#923,#924);
#926=PLANE('',#925);
#927=ADVANCED_FACE('',(#921),#926,.T.);
#928=CARTESIAN_POINT('',(39.59798,-8.48528,242.));
#929=VERTEX_POINT('',#928);
#930=CARTESIAN_POINT('',(72.12489,-41.01219,242.));
#931=VERTEX_POINT('',#930);
#932=DIRECTION('',(0.70711,-0.70711,0.));
#933=VECTOR('',#932,46.);
#934=LINE('',#928,#933);
#935=EDGE_CURVE('',#929,#931,#934,.T.);
#936=ORIENTED_EDGE('',*,*,#935,.T.);
#937=CARTESIAN_POINT('',(76.36753,-36.76955,242.));
#938=VERTEX_POINT('',#937);
#939=DIRECTION('',(0.70711,0.70711,0.));
#940=VECTOR('',#939,6.);
#941=LINE('',#930,#940);
#942=EDGE_CURVE('',#931,#938,#941,.T.);
#943=ORIENTED_EDGE('',*,*,#942,.T.);
#944=CARTESIAN_POINT('',(43.84062,-4.24264,242.));
#945=VERTEX_POINT('',#944);
#946=DIRECTION('',(-0.70711,0.70711,0.));
#947=VECTOR('',#946,46.);
#948=LINE('',#937,#947);
#949=EDGE_CURVE('',#938,#945,#948,.T.);
#950=ORIENTED_EDGE('',*,*,#949,.T.);
#951=DIRECTION('',(0.70711,0.70711,0.));
#952=VECTOR('',#951,6.);
#953=LINE('',#928,#952);
#954=EDGE_CURVE('',#929,#945,#953,.T.);
#955=ORIENTED_EDGE('',*,*,#954,.F.);
#956=EDGE_LOOP('',(#936,#943,#950,#955));
#957=FACE_OUTER_BOUND('',#956,.T.);
#958=CARTESIAN_POINT('',(39.59798,-8.48528,242.));
#959=DIRECTION('',(0.,0.,1.));
#960=DIRECTION('',(0.70711,-0.70711,0.));
#961=AXIS2_PLACEMENT_3D('',#958,#959,#960);
#962=PLANE('',#961);
#963=ADVANCED_FACE('',(#957),#962,.T.);
#964=ORIENTED_EDGE('',*,*,#918,.T.);
#965=DIRECTION('',(0.,0.,1.));
#966=VECTOR('',#965,56.);
#967=LINE('',#908,#966);
#968=EDGE_CURVE('',#909,#931,#967,.T.);
#969=ORIENTED_EDGE('',*,*,#968,.T.);
#970=ORIENTED_EDGE('',*,*,#935,.F.);
#971=DIRECTION('',(0.,0.,1.));
#972=VECTOR('',#971,56.);
#973=LINE('',#892,#972);
#974=EDGE_CURVE('',#893,#929,#973,.T.);
#975=ORIENTED_EDGE('',*,*,#974,.F.);
#976=EDGE_LOOP('',(#964,#969,#970,#975));
#977=FACE_OUTER_BOUND('',#976,.T.);
#978=CARTESIAN_POINT('',(39.59798,-8.48528,186.));
#979=DIRECTION('',(-0.70711,-0.70711,0.));
#980=DIRECTION('',(0.70711,-0.70711,0.));
#981=AXIS2_PLACEMENT_3D('',#978,#979,#980);
#982=PLANE('',#981);
#983=ADVANCED_FACE('',(#977),#982,.T.);
#984=ORIENTED_EDGE('',*,*,#913,.T.);
#985=DIRECTION('',(0.,0.,1.));
#986=VECTOR('',#985,56.);
#987=LINE('',#901,#986);
#988=EDGE_CURVE('',#902,#938,#987,.T.);
#989=ORIENTED_EDGE('',*,*,#988,.T.);
#990=ORIENTED_EDGE('',*,*,#942,.F.);
#991=ORIENTED_EDGE('',*,*,#968,.F.);
#992=EDGE_LOOP('',(#984,#989,#990,#991));
#993=FACE_OUTER_BOUND('',#992,.T.);
#994=CARTESIAN_POINT('',(72.12489,-41.01219,186.));
#995=DIRECTION('',(0.70711,-0.70711,0.));
#996=DIRECTION('',(0.70711,0.70711,0.));
#997=AXIS2_PLACEMENT_3D('',#994,#995,#996);
#998=PLANE('',#997);
#999=ADVANCED_FACE('',(#993),#998,.T.);
#1000=ORIENTED_EDGE('',*,*,#906,.T.);
#1001=DIRECTION('',(0.,0.,1.));
#1002=VECTOR('',#1001,56.);
#1003=LINE('',#894,#1002);
#1004=EDGE_CURVE('',#895,#945,#1003,.T.);
#1005=ORIENTED_EDGE('',*,*,#1004,.T.);
#1006=ORIENTED_EDGE('',*,*,#949,.F.);
#1007=ORIENTED_EDGE('',*,*,#988,.F.);
#1008=EDGE_LOOP('',(#1000,#1005,#1006,#1007));
#1009=FACE_OUTER_BOUND('',#1008,.T.);
#1010=CARTESIAN_POINT('',(76.36753,-36.76955,186.));
#1011=DIRECTION('',(0.70711,0.70711,0.));
#1012=DIRECTION('',(-0.70711,0.70711,0.));
#1013=AXIS2_PLACEMENT_3D('',#1010,#1011,#1012);
#1014=PLANE('',#1013);
#1015=ADVANCED_FACE('',(#1009),#1014,.T.);
#1016=ORIENTED_EDGE('',*,*,#899,.F.);
#1017=ORIENTED_EDGE('',*,*,#974,.T.);
#1018=ORIENTED_EDGE('',*,*,#954,.T.);
#1019=ORIENTED_EDGE('',*,*,#1004,.F.);
#1020=EDGE_LOOP('',(#1016,#1017,#1018,#1019));
#1021=FACE_OUTER_BOUND('',#1020,.T.);
#1022=CARTESIAN_POINT('',(43.84062,-4.24264,186.));
#1023=DIRECTION('',(-0.70711,0.70711,0.));
#1024=DIRECTION('',(-0.70711,-0.70711,0.));
#1025=AXIS2_PLACEMENT_3D('',#1022,#1023,#1024);
#1026=PLANE('',#1025);
#1027=ADVANCED_FACE('',(#1021),#1026,.T.);
#1028=CLOSED_SHELL('',(#927,#963,#983,#999,#1015,#1027));
#1029=MANIFOLD_SOLID_BREP('',#1028);
#1030=STYLED_ITEM('color',(#612),#1029);
#1031=CARTESIAN_POINT('',(4.24264,-43.84062,186.));
#1032=VERTEX_POINT('',#1031);
#1033=CARTESIAN_POINT('',(8.48528,-39.59798,186.));
#1034=VERTEX_POINT('',#1033);
#1035=DIRECTION('',(0.70711,0.70711,0.));
#1036=VECTOR('',#1035,6.);
#1037=LINE('',#1031,#1036);
#1038=EDGE_CURVE('',#1032,#1034,#1037,.T.);
#1039=ORIENTED_EDGE('',*,*,#1038,.T.);
#1040=CARTESIAN_POINT('',(41.01219,-72.12489,186.));
#1041=VERTEX_POINT('',#1040);
#1042=DIRECTION('',(-0.70711,0.70711,0.));
#1043=VECTOR('',#1042,46.);
#1044=LINE('',#1040,#1043);
#1045=EDGE_CURVE('',#1041,#1034,#1044,.T.);
#1046=ORIENTED_EDGE('',*,*,#1045,.F.);
#1047=CARTESIAN_POINT('',(36.76955,-76.36753,186.));
#1048=VERTEX_POINT('',#1047);
#1049=DIRECTION('',(0.70711,0.70711,0.));
#1050=VECTOR('',#1049,6.);
#1051=LINE('',#1047,#1050);
#1052=EDGE_CURVE('',#1048,#1041,#1051,.T.);
#1053=ORIENTED_EDGE('',*,*,#1052,.F.);
#1054=DIRECTION('',(0.70711,-0.70711,0.));
#1055=VECTOR('',#1054,46.);
#1056=LINE('',#1031,#1055);
#1057=EDGE_CURVE('',#1032,#1048,#1056,.T.);
#1058=ORIENTED_EDGE('',*,*,#1057,.F.);
#1059=EDGE_LOOP('',(#1039,#1046,#1053,#1058));
#1060=FACE_OUTER_BOUND('',#1059,.T.);
#1061=CARTESIAN_POINT('',(4.24264,-43.84062,186.));
#1062=DIRECTION('',(0.,0.,-1.));
#1063=DIRECTION('',(0.70711,0.70711,0.));
#1064=AXIS2_PLACEMENT_3D('',#1061,#1062,#1063);
#1065=PLANE('',#1064);
#1066=ADVANCED_FACE('',(#1060),#1065,.T.);
#1067=CARTESIAN_POINT('',(4.24264,-43.84062,242.));
#1068=VERTEX_POINT('',#1067);
#1069=CARTESIAN_POINT('',(36.76955,-76.36753,242.));
#1070=VERTEX_POINT('',#1069);
#1071=DIRECTION('',(0.70711,-0.70711,0.));
#1072=VECTOR('',#1071,46.);
#1073=LINE('',#1067,#1072);
#1074=EDGE_CURVE('',#1068,#1070,#1073,.T.);
#1075=ORIENTED_EDGE('',*,*,#1074,.T.);
#1076=CARTESIAN_POINT('',(41.01219,-72.12489,242.));
#1077=VERTEX_POINT('',#1076);
#1078=DIRECTION('',(0.70711,0.70711,0.));
#1079=VECTOR('',#1078,6.);
#1080=LINE('',#1069,#1079);
#1081=EDGE_CURVE('',#1070,#1077,#1080,.T.);
#1082=ORIENTED_EDGE('',*,*,#1081,.T.);
#1083=CARTESIAN_POINT('',(8.48528,-39.59798,242.));
#1084=VERTEX_POINT('',#1083);
#1085=DIRECTION('',(-0.70711,0.70711,0.));
#1086=VECTOR('',#1085,46.);
#1087=LINE('',#1076,#1086);
#1088=EDGE_CURVE('',#1077,#1084,#1087,.T.);
#1089=ORIENTED_EDGE('',*,*,#1088,.T.);
#1090=DIRECTION('',(0.70711,0.70711,0.));
#1091=VECTOR('',#1090,6.);
#1092=LINE('',#1067,#1091);
#1093=EDGE_CURVE('',#1068,#1084,#1092,.T.);
#1094=ORIENTED_EDGE('',*,*,#1093,.F.);
#1095=EDGE_LOOP('',(#1075,#1082,#1089,#1094));
#1096=FACE_OUTER_BOUND('',#1095,.T.);
#1097=CARTESIAN_POINT('',(4.24264,-43.84062,242.));
#1098=DIRECTION('',(0.,0.,1.));
#1099=DIRECTION('',(0.70711,-0.70711,0.));
#1100=AXIS2_PLACEMENT_3D('',#1097,#1098,#1099);
#1101=PLANE('',#1100);
#1102=ADVANCED_FACE('',(#1096),#1101,.T.);
#1103=ORIENTED_EDGE('',*,*,#1057,.T.);
#1104=DIRECTION('',(0.,0.,1.));
#1105=VECTOR('',#1104,56.);
#1106=LINE('',#1047,#1105);
#1107=EDGE_CURVE('',#1048,#1070,#1106,.T.);
#1108=ORIENTED_EDGE('',*,*,#1107,.T.);
#1109=ORIENTED_EDGE('',*,*,#1074,.F.);
#1110=DIRECTION('',(0.,0.,1.));
#1111=VECTOR('',#1110,56.);
#1112=LINE('',#1031,#1111);
#1113=EDGE_CURVE('',#1032,#1068,#1112,.T.);
#1114=ORIENTED_EDGE('',*,*,#1113,.F.);
#1115=EDGE_LOOP('',(#1103,#1108,#1109,#1114));
#1116=FACE_OUTER_BOUND('',#1115,.T.);
#1117=CARTESIAN_POINT('',(4.24264,-43.84062,186.));
#1118=DIRECTION('',(-0.70711,-0.70711,0.));
#1119=DIRECTION('',(0.70711,-0.70711,0.));
#1120=AXIS2_PLACEMENT_3D('',#1117,#1118,#1119);
#1121=PLANE('',#1120);
#1122=ADVANCED_FACE('',(#1116),#1121,.T.);
#1123=ORIENTED_EDGE('',*,*,#1052,.T.);
#1124=DIRECTION('',(0.,0.,1.));
#1125=VECTOR('',#1124,56.);
#1126=LINE('',#1040,#1125);
#1127=EDGE_CURVE('',#1041,#1077,#1126,.T.);
#1128=ORIENTED_EDGE('',*,*,#1127,.T.);
#1129=ORIENTED_EDGE('',*,*,#1081,.F.);
#1130=ORIENTED_EDGE('',*,*,#1107,.F.);
#1131=EDGE_LOOP('',(#1123,#1128,#1129,#1130));
#1132=FACE_OUTER_BOUND('',#1131,.T.);
#1133=CARTESIAN_POINT('',(36.76955,-76.36753,186.));
#1134=DIRECTION('',(0.70711,-0.70711,0.));
#1135=DIRECTION('',(0.70711,0.70711,0.));
#1136=AXIS2_PLACEMENT_3D('',#1133,#1134,#1135);
#1137=PLANE('',#1136);
#1138=ADVANCED_FACE('',(#1132),#1137,.T.);
#1139=ORIENTED_EDGE('',*,*,#1045,.T.);
#1140=DIRECTION('',(0.,0.,1.));
#1141=VECTOR('',#1140,56.);
#1142=LINE('',#1033,#1141);
#1143=EDGE_CURVE('',#1034,#1084,#1142,.T.);
#1144=ORIENTED_EDGE('',*,*,#1143,.T.);
#1145=ORIENTED_EDGE('',*,*,#1088,.F.);
#1146=ORIENTED_EDGE('',*,*,#1127,.F.);
#1147=EDGE_LOOP('',(#1139,#1144,#1145,#1146));
#1148=FACE_OUTER_BOUND('',#1147,.T.);
#1149=CARTESIAN_POINT('',(41.01219,-72.12489,186.));
#1150=DIRECTION('',(0.70711,0.70711,0.));
#1151=DIRECTION('',(-0.70711,0.70711,0.));
#1152=AXIS2_PLACEMENT_3D('',#1149,#1150,#1151);
#1153=PLANE('',#1152);
#1154=ADVANCED_FACE('',(#1148),#1153,.T.);
#1155=ORIENTED_EDGE('',*,*,#1038,.F.);
#1156=ORIENTED_EDGE('',*,*,#1113,.T.);
#1157=ORIENTED_EDGE('',*,*,#1093,.T.);
#1158=ORIENTED_EDGE('',*,*,#1143,.F.);
#1159=EDGE_LOOP('',(#1155,#1156,#1157,#1158));
#1160=FACE_OUTER_BOUND('',#1159,.T.);
#1161=CARTESIAN_POINT('',(8.48528,-39.59798,186.));
#1162=DIRECTION('',(-0.70711,0.70711,0.));
#1163=DIRECTION('',(-0.70711,-0.70711,0.));
#1164=AXIS2_PLACEMENT_3D('',#1161,#1162,#1163);
#1165=PLANE('',#1164);
#1166=ADVANCED_FACE('',(#1160),#1165,.T.);
#1167=CLOSED_SHELL('',(#1066,#1102,#1122,#1138,#1154,#1166));
#1168=MANIFOLD_SOLID_BREP('',#1167);
#1169=STYLED_ITEM('color',(#612),#1168);
#1170=CARTESIAN_POINT('',(0.5,-95.,530.));
#1171=VERTEX_POINT('',#1170);
#1172=CARTESIAN_POINT('',(95.,-95.,530.));
#1173=VERTEX_POINT('',#1172);
#1174=DIRECTION('',(1.,0.,0.));
#1175=VECTOR('',#1174,94.5);
#1176=LINE('',#1170,#1175);
#1177=EDGE_CURVE('',#1171,#1173,#1176,.T.);
#1178=ORIENTED_EDGE('',*,*,#1177,.T.);
#1179=CARTESIAN_POINT('',(95.,-95.,536.));
#1180=VERTEX_POINT('',#1179);
#1181=DIRECTION('',(0.,0.,1.));
#1182=VECTOR('',#1181,6.);
#1183=LINE('',#1172,#1182);
#1184=EDGE_CURVE('',#1173,#1180,#1183,.T.);
#1185=ORIENTED_EDGE('',*,*,#1184,.T.);
#1186=CARTESIAN_POINT('',(0.5,-95.,536.));
#1187=VERTEX_POINT('',#1186);
#1188=DIRECTION('',(1.,0.,0.));
#1189=VECTOR('',#1188,94.5);
#1190=LINE('',#1186,#1189);
#1191=EDGE_CURVE('',#1187,#1180,#1190,.T.);
#1192=ORIENTED_EDGE('',*,*,#1191,.F.);
#1193=DIRECTION('',(0.,0.,1.));
#1194=VECTOR('',#1193,6.);
#1195=LINE('',#1170,#1194);
#1196=EDGE_CURVE('',#1171,#1187,#1195,.T.);
#1197=ORIENTED_EDGE('',*,*,#1196,.F.);
#1198=EDGE_LOOP('',(#1178,#1185,#1192,#1197));
#1199=FACE_OUTER_BOUND('',#1198,.T.);
#1200=CARTESIAN_POINT('',(0.5,-95.,530.));
#1201=DIRECTION('',(0.,-1.,0.));
#1202=DIRECTION('',(1.,0.,0.));
#1203=AXIS2_PLACEMENT_3D('',#1200,#1201,#1202);
#1204=PLANE('',#1203);
#1205=ADVANCED_FACE('',(#1199),#1204,.T.);
#1206=CARTESIAN_POINT('',(95.,95.,530.));
#1207=VERTEX_POINT('',#1206);
#1208=DIRECTION('',(0.,1.,0.));
#1209=VECTOR('',#1208,190.);
#1210=LINE('',#1172,#1209);
#1211=EDGE_CURVE('',#1173,#1207,#1210,.T.);
#1212=ORIENTED_EDGE('',*,*,#1211,.T.);
#1213=CARTESIAN_POINT('',(95.,95.,536.));
#1214=VERTEX_POINT('',#1213);
#1215=DIRECTION('',(0.,0.,1.));
#1216=VECTOR('',#1215,6.);
#1217=LINE('',#1206,#1216);
#1218=EDGE_CURVE('',#1207,#1214,#1217,.T.);
#1219=ORIENTED_EDGE('',*,*,#1218,.T.);
#1220=DIRECTION('',(0.,1.,0.));
#1221=VECTOR('',#1220,190.);
#1222=LINE('',#1179,#1221);
#1223=EDGE_CURVE('',#1180,#1214,#1222,.T.);
#1224=ORIENTED_EDGE('',*,*,#1223,.F.);
#1225=ORIENTED_EDGE('',*,*,#1184,.F.);
#1226=EDGE_LOOP('',(#1212,#1219,#1224,#1225));
#1227=FACE_OUTER_BOUND('',#1226,.T.);
#1228=CARTESIAN_POINT('',(95.,-95.,530.));
#1229=DIRECTION('',(1.,0.,0.));
#1230=DIRECTION('',(0.,1.,0.));
#1231=AXIS2_PLACEMENT_3D('',#1228,#1229,#1230);
#1232=PLANE('',#1231);
#1233=ADVANCED_FACE('',(#1227),#1232,.T.);
#1234=CARTESIAN_POINT('',(0.5,95.,530.));
#1235=VERTEX_POINT('',#1234);
#1236=DIRECTION('',(-1.,0.,0.));
#1237=VECTOR('',#1236,94.5);
#1238=LINE('',#1206,#1237);
#1239=EDGE_CURVE('',#1207,#1235,#1238,.T.);
#1240=ORIENTED_EDGE('',*,*,#1239,.T.);
#1241=CARTESIAN_POINT('',(0.5,95.,536.));
#1242=VERTEX_POINT('',#1241);
#1243=DIRECTION('',(0.,0.,1.));
#1244=VECTOR('',#1243,6.);
#1245=LINE('',#1234,#1244);
#1246=EDGE_CURVE('',#1235,#1242,#1245,.T.);
#1247=ORIENTED_EDGE('',*,*,#1246,.T.);
#1248=DIRECTION('',(-1.,0.,0.));
#1249=VECTOR('',#1248,94.5);
#1250=LINE('',#1213,#1249);
#1251=EDGE_CURVE('',#1214,#1242,#1250,.T.);
#1252=ORIENTED_EDGE('',*,*,#1251,.F.);
#1253=ORIENTED_EDGE('',*,*,#1218,.F.);
#1254=EDGE_LOOP('',(#1240,#1247,#1252,#1253));
#1255=FACE_OUTER_BOUND('',#1254,.T.);
#1256=CARTESIAN_POINT('',(95.,95.,530.));
#1257=DIRECTION('',(0.,1.,0.));
#1258=DIRECTION('',(-1.,0.,0.));
#1259=AXIS2_PLACEMENT_3D('',#1256,#1257,#1258);
#1260=PLANE('',#1259);
#1261=ADVANCED_FACE('',(#1255),#1260,.T.);
#1262=CARTESIAN_POINT('',(0.5,40.,530.));
#1263=VERTEX_POINT('',#1262);
#1264=DIRECTION('',(0.,-1.,0.));
#1265=VECTOR('',#1264,55.);
#1266=LINE('',#1234,#1265);
#1267=EDGE_CURVE('',#1235,#1263,#1266,.T.);
#1268=ORIENTED_EDGE('',*,*,#1267,.T.);
#1269=CARTESIAN_POINT('',(0.5,40.,536.));
#1270=VERTEX_POINT('',#1269);
#1271=DIRECTION('',(0.,0.,1.));
#1272=VECTOR('',#1271,6.);
#1273=LINE('',#1262,#1272);
#1274=EDGE_CURVE('',#1263,#1270,#1273,.T.);
#1275=ORIENTED_EDGE('',*,*,#1274,.T.);
#1276=DIRECTION('',(0.,-1.,0.));
#1277=VECTOR('',#1276,55.);
#1278=LINE('',#1241,#1277);
#1279=EDGE_CURVE('',#1242,#1270,#1278,.T.);
#1280=ORIENTED_EDGE('',*,*,#1279,.F.);
#1281=ORIENTED_EDGE('',*,*,#1246,.F.);
#1282=EDGE_LOOP('',(#1268,#1275,#1280,#1281));
#1283=FACE_OUTER_BOUND('',#1282,.T.);
#1284=CARTESIAN_POINT('',(0.5,95.,530.));
#1285=DIRECTION('',(-1.,0.,0.));
#1286=DIRECTION('',(0.,-1.,0.));
#1287=AXIS2_PLACEMENT_3D('',#1284,#1285,#1286);
#1288=PLANE('',#1287);
#1289=ADVANCED_FACE('',(#1283),#1288,.T.);
#1290=CARTESIAN_POINT('',(9.40084,38.99712,530.));
#1291=VERTEX_POINT('',#1290);
#1292=DIRECTION('',(0.99371,-0.11196,0.));
#1293=VECTOR('',#1292,8.95716);
#1294=LINE('',#1262,#1293);
#1295=EDGE_CURVE('',#1263,#1291,#1294,.T.);
#1296=ORIENTED_EDGE('',*,*,#1295,.T.);
#1297=CARTESIAN_POINT('',(9.40084,38.99712,536.));
#1298=VERTEX_POINT('',#1297);
#1299=DIRECTION('',(0.,0.,1.));
#1300=VECTOR('',#1299,6.);
#1301=LINE('',#1290,#1300);
#1302=EDGE_CURVE('',#1291,#1298,#1301,.T.);
#1303=ORIENTED_EDGE('',*,*,#1302,.T.);
#1304=DIRECTION('',(0.99371,-0.11196,0.));
#1305=VECTOR('',#1304,8.95716);
#1306=LINE('',#1269,#1305);
#1307=EDGE_CURVE('',#1270,#1298,#1306,.T.);
#1308=ORIENTED_EDGE('',*,*,#1307,.F.);
#1309=ORIENTED_EDGE('',*,*,#1274,.F.);
#1310=EDGE_LOOP('',(#1296,#1303,#1308,#1309));
#1311=FACE_OUTER_BOUND('',#1310,.T.);
#1312=CARTESIAN_POINT('',(0.5,40.,530.));
#1313=DIRECTION('',(-0.11196,-0.99371,0.));
#1314=DIRECTION('',(0.99371,-0.11196,0.));
#1315=AXIS2_PLACEMENT_3D('',#1312,#1313,#1314);
#1316=PLANE('',#1315);
#1317=ADVANCED_FACE('',(#1311),#1316,.T.);
#1318=CARTESIAN_POINT('',(17.85535,36.03875,530.));
#1319=VERTEX_POINT('',#1318);
#1320=DIRECTION('',(0.94388,-0.33028,0.));
#1321=VECTOR('',#1320,8.95716);
#1322=LINE('',#1290,#1321);
#1323=EDGE_CURVE('',#1291,#1319,#1322,.T.);
#1324=ORIENTED_EDGE('',*,*,#1323,.T.);
#1325=CARTESIAN_POINT('',(17.85535,36.03875,536.));
#1326=VERTEX_POINT('',#1325);
#1327=DIRECTION('',(0.,0.,1.));
#1328=VECTOR('',#1327,6.);
#1329=LINE('',#1318,#1328);
#1330=EDGE_CURVE('',#1319,#1326,#1329,.T.);
#1331=ORIENTED_EDGE('',*,*,#1330,.T.);
#1332=DIRECTION('',(0.94388,-0.33028,0.));
#1333=VECTOR('',#1332,8.95716);
#1334=LINE('',#1297,#1333);
#1335=EDGE_CURVE('',#1298,#1326,#1334,.T.);
#1336=ORIENTED_EDGE('',*,*,#1335,.F.);
#1337=ORIENTED_EDGE('',*,*,#1302,.F.);
#1338=EDGE_LOOP('',(#1324,#1331,#1336,#1337));
#1339=FACE_OUTER_BOUND('',#1338,.T.);
#1340=CARTESIAN_POINT('',(9.40084,38.99712,530.));
#1341=DIRECTION('',(-0.33028,-0.94388,0.));
#1342=DIRECTION('',(0.94388,-0.33028,0.));
#1343=AXIS2_PLACEMENT_3D('',#1340,#1341,#1342);
#1344=PLANE('',#1343);
#1345=ADVANCED_FACE('',(#1339),#1344,.T.);
#1346=CARTESIAN_POINT('',(25.43959,31.27326,530.));
#1347=VERTEX_POINT('',#1346);
#1348=DIRECTION('',(0.84672,-0.53203,0.));
#1349=VECTOR('',#1348,8.95716);
#1350=LINE('',#1318,#1349);
#1351=EDGE_CURVE('',#1319,#1347,#1350,.T.);
#1352=ORIENTED_EDGE('',*,*,#1351,.T.);
#1353=CARTESIAN_POINT('',(25.43959,31.27326,536.));
#1354=VERTEX_POINT('',#1353);
#1355=DIRECTION('',(0.,0.,1.));
#1356=VECTOR('',#1355,6.);
#1357=LINE('',#1346,#1356);
#1358=EDGE_CURVE('',#1347,#1354,#1357,.T.);
#1359=ORIENTED_EDGE('',*,*,#1358,.T.);
#1360=DIRECTION('',(0.84672,-0.53203,0.));
#1361=VECTOR('',#1360,8.95716);
#1362=LINE('',#1325,#1361);
#1363=EDGE_CURVE('',#1326,#1354,#1362,.T.);
#1364=ORIENTED_EDGE('',*,*,#1363,.F.);
#1365=ORIENTED_EDGE('',*,*,#1330,.F.);
#1366=EDGE_LOOP('',(#1352,#1359,#1364,#1365));
#1367=FACE_OUTER_BOUND('',#1366,.T.);
#1368=CARTESIAN_POINT('',(17.85535,36.03875,530.));
#1369=DIRECTION('',(-0.53203,-0.84672,0.));
#1370=DIRECTION('',(0.84672,-0.53203,0.));
#1371=AXIS2_PLACEMENT_3D('',#1368,#1369,#1370);
#1372=PLANE('',#1371);
#1373=ADVANCED_FACE('',(#1367),#1372,.T.);
#1374=CARTESIAN_POINT('',(31.77326,24.93959,530.));
#1375=VERTEX_POINT('',#1374);
#1376=DIRECTION('',(0.70711,-0.70711,0.));
#1377=VECTOR('',#1376,8.95716);
#1378=LINE('',#1346,#1377);
#1379=EDGE_CURVE('',#1347,#1375,#1378,.T.);
#1380=ORIENTED_EDGE('',*,*,#1379,.T.);
#1381=CARTESIAN_POINT('',(31.77326,24.93959,536.));
#1382=VERTEX_POINT('',#1381);
#1383=DIRECTION('',(0.,0.,1.));
#1384=VECTOR('',#1383,6.);
#1385=LINE('',#1374,#1384);
#1386=EDGE_CURVE('',#1375,#1382,#1385,.T.);
#1387=ORIENTED_EDGE('',*,*,#1386,.T.);
#1388=DIRECTION('',(0.70711,-0.70711,0.));
#1389=VECTOR('',#1388,8.95716);
#1390=LINE('',#1353,#1389);
#1391=EDGE_CURVE('',#1354,#1382,#1390,.T.);
#1392=ORIENTED_EDGE('',*,*,#1391,.F.);
#1393=ORIENTED_EDGE('',*,*,#1358,.F.);
#1394=EDGE_LOOP('',(#1380,#1387,#1392,#1393));
#1395=FACE_OUTER_BOUND('',#1394,.T.);
#1396=CARTESIAN_POINT('',(25.43959,31.27326,530.));
#1397=DIRECTION('',(-0.70711,-0.70711,0.));
#1398=DIRECTION('',(0.70711,-0.70711,0.));
#1399=AXIS2_PLACEMENT_3D('',#1396,#1397,#1398);
#1400=PLANE('',#1399);
#1401=ADVANCED_FACE('',(#1395),#1400,.T.);
#1402=CARTESIAN_POINT('',(36.53875,17.35535,530.));
#1403=VERTEX_POINT('',#1402);
#1404=DIRECTION('',(0.53203,-0.84672,0.));
#1405=VECTOR('',#1404,8.95716);
#1406=LINE('',#1374,#1405);
#1407=EDGE_CURVE('',#1375,#1403,#1406,.T.);
#1408=ORIENTED_EDGE('',*,*,#1407,.T.);
#1409=CARTESIAN_POINT('',(36.53875,17.35535,536.));
#1410=VERTEX_POINT('',#1409);
#1411=DIRECTION('',(0.,0.,1.));
#1412=VECTOR('',#1411,6.);
#1413=LINE('',#1402,#1412);
#1414=EDGE_CURVE('',#1403,#1410,#1413,.T.);
#1415=ORIENTED_EDGE('',*,*,#1414,.T.);
#1416=DIRECTION('',(0.53203,-0.84672,0.));
#1417=VECTOR('',#1416,8.95716);
#1418=LINE('',#1381,#1417);
#1419=EDGE_CURVE('',#1382,#1410,#1418,.T.);
#1420=ORIENTED_EDGE('',*,*,#1419,.F.);
#1421=ORIENTED_EDGE('',*,*,#1386,.F.);
#1422=EDGE_LOOP('',(#1408,#1415,#1420,#1421));
#1423=FACE_OUTER_BOUND('',#1422,.T.);
#1424=CARTESIAN_POINT('',(31.77326,24.93959,530.));
#1425=DIRECTION('',(-0.84672,-0.53203,0.));
#1426=DIRECTION('',(0.53203,-0.84672,0.));
#1427=AXIS2_PLACEMENT_3D('',#1424,#1425,#1426);
#1428=PLANE('',#1427);
#1429=ADVANCED_FACE('',(#1423),#1428,.T.);
#1430=CARTESIAN_POINT('',(39.49712,8.90084,530.));
#1431=VERTEX_POINT('',#1430);
#1432=DIRECTION('',(0.33028,-0.94388,0.));
#1433=VECTOR('',#1432,8.95716);
#1434=LINE('',#1402,#1433);
#1435=EDGE_CURVE('',#1403,#1431,#1434,.T.);
#1436=ORIENTED_EDGE('',*,*,#1435,.T.);
#1437=CARTESIAN_POINT('',(39.49712,8.90084,536.));
#1438=VERTEX_POINT('',#1437);
#1439=DIRECTION('',(0.,0.,1.));
#1440=VECTOR('',#1439,6.);
#1441=LINE('',#1430,#1440);
#1442=EDGE_CURVE('',#1431,#1438,#1441,.T.);
#1443=ORIENTED_EDGE('',*,*,#1442,.T.);
#1444=DIRECTION('',(0.33028,-0.94388,0.));
#1445=VECTOR('',#1444,8.95716);
#1446=LINE('',#1409,#1445);
#1447=EDGE_CURVE('',#1410,#1438,#1446,.T.);
#1448=ORIENTED_EDGE('',*,*,#1447,.F.);
#1449=ORIENTED_EDGE('',*,*,#1414,.F.);
#1450=EDGE_LOOP('',(#1436,#1443,#1448,#1449));
#1451=FACE_OUTER_BOUND('',#1450,.T.);
#1452=CARTESIAN_POINT('',(36.53875,17.35535,530.));
#1453=DIRECTION('',(-0.94388,-0.33028,0.));
#1454=DIRECTION('',(0.33028,-0.94388,0.));
#1455=AXIS2_PLACEMENT_3D('',#1452,#1453,#1454);
#1456=PLANE('',#1455);
#1457=ADVANCED_FACE('',(#1451),#1456,.T.);
#1458=CARTESIAN_POINT('',(40.5,0.,530.));
#1459=VERTEX_POINT('',#1458);
#1460=DIRECTION('',(0.11196,-0.99371,0.));
#1461=VECTOR('',#1460,8.95716);
#1462=LINE('',#1430,#1461);
#1463=EDGE_CURVE('',#1431,#1459,#1462,.T.);
#1464=ORIENTED_EDGE('',*,*,#1463,.T.);
#1465=CARTESIAN_POINT('',(40.5,0.,536.));
#1466=VERTEX_POINT('',#1465);
#1467=DIRECTION('',(0.,0.,1.));
#1468=VECTOR('',#1467,6.);
#1469=LINE('',#1458,#1468);
#1470=EDGE_CURVE('',#1459,#1466,#1469,.T.);
#1471=ORIENTED_EDGE('',*,*,#1470,.T.);
#1472=DIRECTION('',(0.11196,-0.99371,0.));
#1473=VECTOR('',#1472,8.95716);
#1474=LINE('',#1437,#1473);
#1475=EDGE_CURVE('',#1438,#1466,#1474,.T.);
#1476=ORIENTED_EDGE('',*,*,#1475,.F.);
#1477=ORIENTED_EDGE('',*,*,#1442,.F.);
#1478=EDGE_LOOP('',(#1464,#1471,#1476,#1477));
#1479=FACE_OUTER_BOUND('',#1478,.T.);
#1480=CARTESIAN_POINT('',(39.49712,8.90084,530.));
#1481=DIRECTION('',(-0.99371,-0.11196,0.));
#1482=DIRECTION('',(0.11196,-0.99371,0.));
#1483=AXIS2_PLACEMENT_3D('',#1480,#1481,#1482);
#1484=PLANE('',#1483);
#1485=ADVANCED_FACE('',(#1479),#1484,.T.);
#1486=CARTESIAN_POINT('',(39.49712,-8.90084,530.));
#1487=VERTEX_POINT('',#1486);
#1488=DIRECTION('',(-0.11196,-0.99371,0.));
#1489=VECTOR('',#1488,8.95716);
#1490=LINE('',#1458,#1489);
#1491=EDGE_CURVE('',#1459,#1487,#1490,.T.);
#1492=ORIENTED_EDGE('',*,*,#1491,.T.);
#1493=CARTESIAN_POINT('',(39.49712,-8.90084,536.));
#1494=VERTEX_POINT('',#1493);
#1495=DIRECTION('',(0.,0.,1.));
#1496=VECTOR('',#1495,6.);
#1497=LINE('',#1486,#1496);
#1498=EDGE_CURVE('',#1487,#1494,#1497,.T.);
#1499=ORIENTED_EDGE('',*,*,#1498,.T.);
#1500=DIRECTION('',(-0.11196,-0.99371,0.));
#1501=VECTOR('',#1500,8.95716);
#1502=LINE('',#1465,#1501);
#1503=EDGE_CURVE('',#1466,#1494,#1502,.T.);
#1504=ORIENTED_EDGE('',*,*,#1503,.F.);
#1505=ORIENTED_EDGE('',*,*,#1470,.F.);
#1506=EDGE_LOOP('',(#1492,#1499,#1504,#1505));
#1507=FACE_OUTER_BOUND('',#1506,.T.);
#1508=CARTESIAN_POINT('',(40.5,0.,530.));
#1509=DIRECTION('',(-0.99371,0.11196,0.));
#1510=DIRECTION('',(-0.11196,-0.99371,0.));
#1511=AXIS2_PLACEMENT_3D('',#1508,#1509,#1510);
#1512=PLANE('',#1511);
#1513=ADVANCED_FACE('',(#1507),#1512,.T.);
#1514=CARTESIAN_POINT('',(36.53875,-17.35535,530.));
#1515=VERTEX_POINT('',#1514);
#1516=DIRECTION('',(-0.33028,-0.94388,0.));
#1517=VECTOR('',#1516,8.95716);
#1518=LINE('',#1486,#1517);
#1519=EDGE_CURVE('',#1487,#1515,#1518,.T.);
#1520=ORIENTED_EDGE('',*,*,#1519,.T.);
#1521=CARTESIAN_POINT('',(36.53875,-17.35535,536.));
#1522=VERTEX_POINT('',#1521);
#1523=DIRECTION('',(0.,0.,1.));
#1524=VECTOR('',#1523,6.);
#1525=LINE('',#1514,#1524);
#1526=EDGE_CURVE('',#1515,#1522,#1525,.T.);
#1527=ORIENTED_EDGE('',*,*,#1526,.T.);
#1528=DIRECTION('',(-0.33028,-0.94388,0.));
#1529=VECTOR('',#1528,8.95716);
#1530=LINE('',#1493,#1529);
#1531=EDGE_CURVE('',#1494,#1522,#1530,.T.);
#1532=ORIENTED_EDGE('',*,*,#1531,.F.);
#1533=ORIENTED_EDGE('',*,*,#1498,.F.);
#1534=EDGE_LOOP('',(#1520,#1527,#1532,#1533));
#1535=FACE_OUTER_BOUND('',#1534,.T.);
#1536=CARTESIAN_POINT('',(39.49712,-8.90084,530.));
#1537=DIRECTION('',(-0.94388,0.33028,0.));
#1538=DIRECTION('',(-0.33028,-0.94388,0.));
#1539=AXIS2_PLACEMENT_3D('',#1536,#1537,#1538);
#1540=PLANE('',#1539);
#1541=ADVANCED_FACE('',(#1535),#1540,.T.);
#1542=CARTESIAN_POINT('',(31.77326,-24.93959,530.));
#1543=VERTEX_POINT('',#1542);
#1544=DIRECTION('',(-0.53203,-0.84672,0.));
#1545=VECTOR('',#1544,8.95716);
#1546=LINE('',#1514,#1545);
#1547=EDGE_CURVE('',#1515,#1543,#1546,.T.);
#1548=ORIENTED_EDGE('',*,*,#1547,.T.);
#1549=CARTESIAN_POINT('',(31.77326,-24.93959,536.));
#1550=VERTEX_POINT('',#1549);
#1551=DIRECTION('',(0.,0.,1.));
#1552=VECTOR('',#1551,6.);
#1553=LINE('',#1542,#1552);
#1554=EDGE_CURVE('',#1543,#1550,#1553,.T.);
#1555=ORIENTED_EDGE('',*,*,#1554,.T.);
#1556=DIRECTION('',(-0.53203,-0.84672,0.));
#1557=VECTOR('',#1556,8.95716);
#1558=LINE('',#1521,#1557);
#1559=EDGE_CURVE('',#1522,#1550,#1558,.T.);
#1560=ORIENTED_EDGE('',*,*,#1559,.F.);
#1561=ORIENTED_EDGE('',*,*,#1526,.F.);
#1562=EDGE_LOOP('',(#1548,#1555,#1560,#1561));
#1563=FACE_OUTER_BOUND('',#1562,.T.);
#1564=CARTESIAN_POINT('',(36.53875,-17.35535,530.));
#1565=DIRECTION('',(-0.84672,0.53203,0.));
#1566=DIRECTION('',(-0.53203,-0.84672,0.));
#1567=AXIS2_PLACEMENT_3D('',#1564,#1565,#1566);
#1568=PLANE('',#1567);
#1569=ADVANCED_FACE('',(#1563),#1568,.T.);
#1570=CARTESIAN_POINT('',(25.43959,-31.27326,530.));
#1571=VERTEX_POINT('',#1570);
#1572=DIRECTION('',(-0.70711,-0.70711,0.));
#1573=VECTOR('',#1572,8.95716);
#1574=LINE('',#1542,#1573);
#1575=EDGE_CURVE('',#1543,#1571,#1574,.T.);
#1576=ORIENTED_EDGE('',*,*,#1575,.T.);
#1577=CARTESIAN_POINT('',(25.43959,-31.27326,536.));
#1578=VERTEX_POINT('',#1577);
#1579=DIRECTION('',(0.,0.,1.));
#1580=VECTOR('',#1579,6.);
#1581=LINE('',#1570,#1580);
#1582=EDGE_CURVE('',#1571,#1578,#1581,.T.);
#1583=ORIENTED_EDGE('',*,*,#1582,.T.);
#1584=DIRECTION('',(-0.70711,-0.70711,0.));
#1585=VECTOR('',#1584,8.95716);
#1586=LINE('',#1549,#1585);
#1587=EDGE_CURVE('',#1550,#1578,#1586,.T.);
#1588=ORIENTED_EDGE('',*,*,#1587,.F.);
#1589=ORIENTED_EDGE('',*,*,#1554,.F.);
#1590=EDGE_LOOP('',(#1576,#1583,#1588,#1589));
#1591=FACE_OUTER_BOUND('',#1590,.T.);
#1592=CARTESIAN_POINT('',(31.77326,-24.93959,530.));
#1593=DIRECTION('',(-0.70711,0.70711,0.));
#1594=DIRECTION('',(-0.70711,-0.70711,0.));
#1595=AXIS2_PLACEMENT_3D('',#1592,#1593,#1594);
#1596=PLANE('',#1595);
#1597=ADVANCED_FACE('',(#1591),#1596,.T.);
#1598=CARTESIAN_POINT('',(17.85535,-36.03875,530.));
#1599=VERTEX_POINT('',#1598);
#1600=DIRECTION('',(-0.84672,-0.53203,0.));
#1601=VECTOR('',#1600,8.95716);
#1602=LINE('',#1570,#1601);
#1603=EDGE_CURVE('',#1571,#1599,#1602,.T.);
#1604=ORIENTED_EDGE('',*,*,#1603,.T.);
#1605=CARTESIAN_POINT('',(17.85535,-36.03875,536.));
#1606=VERTEX_POINT('',#1605);
#1607=DIRECTION('',(0.,0.,1.));
#1608=VECTOR('',#1607,6.);
#1609=LINE('',#1598,#1608);
#1610=EDGE_CURVE('',#1599,#1606,#1609,.T.);
#1611=ORIENTED_EDGE('',*,*,#1610,.T.);
#1612=DIRECTION('',(-0.84672,-0.53203,0.));
#1613=VECTOR('',#1612,8.95716);
#1614=LINE('',#1577,#1613);
#1615=EDGE_CURVE('',#1578,#1606,#1614,.T.);
#1616=ORIENTED_EDGE('',*,*,#1615,.F.);
#1617=ORIENTED_EDGE('',*,*,#1582,.F.);
#1618=EDGE_LOOP('',(#1604,#1611,#1616,#1617));
#1619=FACE_OUTER_BOUND('',#1618,.T.);
#1620=CARTESIAN_POINT('',(25.43959,-31.27326,530.));
#1621=DIRECTION('',(-0.53203,0.84672,0.));
#1622=DIRECTION('',(-0.84672,-0.53203,0.));
#1623=AXIS2_PLACEMENT_3D('',#1620,#1621,#1622);
#1624=PLANE('',#1623);
#1625=ADVANCED_FACE('',(#1619),#1624,.T.);
#1626=CARTESIAN_POINT('',(9.40084,-38.99712,530.));
#1627=VERTEX_POINT('',#1626);
#1628=DIRECTION('',(-0.94388,-0.33028,0.));
#1629=VECTOR('',#1628,8.95716);
#1630=LINE('',#1598,#1629);
#1631=EDGE_CURVE('',#1599,#1627,#1630,.T.);
#1632=ORIENTED_EDGE('',*,*,#1631,.T.);
#1633=CARTESIAN_POINT('',(9.40084,-38.99712,536.));
#1634=VERTEX_POINT('',#1633);
#1635=DIRECTION('',(0.,0.,1.));
#1636=VECTOR('',#1635,6.);
#1637=LINE('',#1626,#1636);
#1638=EDGE_CURVE('',#1627,#1634,#1637,.T.);
#1639=ORIENTED_EDGE('',*,*,#1638,.T.);
#1640=DIRECTION('',(-0.94388,-0.33028,0.));
#1641=VECTOR('',#1640,8.95716);
#1642=LINE('',#1605,#1641);
#1643=EDGE_CURVE('',#1606,#1634,#1642,.T.);
#1644=ORIENTED_EDGE('',*,*,#1643,.F.);
#1645=ORIENTED_EDGE('',*,*,#1610,.F.);
#1646=EDGE_LOOP('',(#1632,#1639,#1644,#1645));
#1647=FACE_OUTER_BOUND('',#1646,.T.);
#1648=CARTESIAN_POINT('',(17.85535,-36.03875,530.));
#1649=DIRECTION('',(-0.33028,0.94388,0.));
#1650=DIRECTION('',(-0.94388,-0.33028,0.));
#1651=AXIS2_PLACEMENT_3D('',#1648,#1649,#1650);
#1652=PLANE('',#1651);
#1653=ADVANCED_FACE('',(#1647),#1652,.T.);
#1654=CARTESIAN_POINT('',(0.5,-40.,530.));
#1655=VERTEX_POINT('',#1654);
#1656=DIRECTION('',(-0.99371,-0.11196,0.));
#1657=VECTOR('',#1656,8.95716);
#1658=LINE('',#1626,#1657);
#1659=EDGE_CURVE('',#1627,#1655,#1658,.T.);
#1660=ORIENTED_EDGE('',*,*,#1659,.T.);
#1661=CARTESIAN_POINT('',(0.5,-40.,536.));
#1662=VERTEX_POINT('',#1661);
#1663=DIRECTION('',(0.,0.,1.));
#1664=VECTOR('',#1663,6.);
#1665=LINE('',#1654,#1664);
#1666=EDGE_CURVE('',#1655,#1662,#1665,.T.);
#1667=ORIENTED_EDGE('',*,*,#1666,.T.);
#1668=DIRECTION('',(-0.99371,-0.11196,0.));
#1669=VECTOR('',#1668,8.95716);
#1670=LINE('',#1633,#1669);
#1671=EDGE_CURVE('',#1634,#1662,#1670,.T.);
#1672=ORIENTED_EDGE('',*,*,#1671,.F.);
#1673=ORIENTED_EDGE('',*,*,#1638,.F.);
#1674=EDGE_LOOP('',(#1660,#1667,#1672,#1673));
#1675=FACE_OUTER_BOUND('',#1674,.T.);
#1676=CARTESIAN_POINT('',(9.40084,-38.99712,530.));
#1677=DIRECTION('',(-0.11196,0.99371,0.));
#1678=DIRECTION('',(-0.99371,-0.11196,0.));
#1679=AXIS2_PLACEMENT_3D('',#1676,#1677,#1678);
#1680=PLANE('',#1679);
#1681=ADVANCED_FACE('',(#1675),#1680,.T.);
#1682=DIRECTION('',(0.,1.,0.));
#1683=VECTOR('',#1682,55.);
#1684=LINE('',#1170,#1683);
#1685=EDGE_CURVE('',#1171,#1655,#1684,.T.);
#1686=ORIENTED_EDGE('',*,*,#1685,.F.);
#1687=ORIENTED_EDGE('',*,*,#1196,.T.);
#1688=DIRECTION('',(0.,1.,0.));
#1689=VECTOR('',#1688,55.);
#1690=LINE('',#1186,#1689);
#1691=EDGE_CURVE('',#1187,#1662,#1690,.T.);
#1692=ORIENTED_EDGE('',*,*,#1691,.T.);
#1693=ORIENTED_EDGE('',*,*,#1666,.F.);
#1694=EDGE_LOOP('',(#1686,#1687,#1692,#1693));
#1695=FACE_OUTER_BOUND('',#1694,.T.);
#1696=CARTESIAN_POINT('',(0.5,-40.,530.));
#1697=DIRECTION('',(-1.,0.,0.));
#1698=DIRECTION('',(0.,-1.,0.));
#1699=AXIS2_PLACEMENT_3D('',#1696,#1697,#1698);
#1700=PLANE('',#1699);
#1701=ADVANCED_FACE('',(#1695),#1700,.T.);
#1702=ORIENTED_EDGE('',*,*,#1659,.F.);
#1703=ORIENTED_EDGE('',*,*,#1631,.F.);
#1704=ORIENTED_EDGE('',*,*,#1603,.F.);
#1705=ORIENTED_EDGE('',*,*,#1575,.F.);
#1706=ORIENTED_EDGE('',*,*,#1547,.F.);
#1707=ORIENTED_EDGE('',*,*,#1519,.F.);
#1708=ORIENTED_EDGE('',*,*,#1491,.F.);
#1709=ORIENTED_EDGE('',*,*,#1463,.F.);
#1710=ORIENTED_EDGE('',*,*,#1435,.F.);
#1711=ORIENTED_EDGE('',*,*,#1407,.F.);
#1712=ORIENTED_EDGE('',*,*,#1379,.F.);
#1713=ORIENTED_EDGE('',*,*,#1351,.F.);
#1714=ORIENTED_EDGE('',*,*,#1323,.F.);
#1715=ORIENTED_EDGE('',*,*,#1295,.F.);
#1716=ORIENTED_EDGE('',*,*,#1267,.F.);
#1717=ORIENTED_EDGE('',*,*,#1239,.F.);
#1718=ORIENTED_EDGE('',*,*,#1211,.F.);
#1719=ORIENTED_EDGE('',*,*,#1177,.F.);
#1720=ORIENTED_EDGE('',*,*,#1685,.T.);
#1721=EDGE_LOOP('',(#1702,#1703,#1704,#1705,#1706,#1707,#1708,#1709,#1710,#1711,#1712,#1713,#1714,#1715,#1716,#1717,#1718,#1719,#1720));
#1722=FACE_OUTER_BOUND('',#1721,.T.);
#1723=CARTESIAN_POINT('',(0.5,-40.,530.));
#1724=DIRECTION('',(0.,0.,-1.));
#1725=DIRECTION('',(0.99371,0.11196,0.));
#1726=AXIS2_PLACEMENT_3D('',#1723,#1724,#1725);
#1727=PLANE('',#1726);
#1728=ADVANCED_FACE('',(#1722),#1727,.T.);
#1729=ORIENTED_EDGE('',*,*,#1191,.T.);
#1730=ORIENTED_EDGE('',*,*,#1223,.T.);
#1731=ORIENTED_EDGE('',*,*,#1251,.T.);
#1732=ORIENTED_EDGE('',*,*,#1279,.T.);
#1733=ORIENTED_EDGE('',*,*,#1307,.T.);
#1734=ORIENTED_EDGE('',*,*,#1335,.T.);
#1735=ORIENTED_EDGE('',*,*,#1363,.T.);
#1736=ORIENTED_EDGE('',*,*,#1391,.T.);
#1737=ORIENTED_EDGE('',*,*,#1419,.T.);
#1738=ORIENTED_EDGE('',*,*,#1447,.T.);
#1739=ORIENTED_EDGE('',*,*,#1475,.T.);
#1740=ORIENTED_EDGE('',*,*,#1503,.T.);
#1741=ORIENTED_EDGE('',*,*,#1531,.T.);
#1742=ORIENTED_EDGE('',*,*,#1559,.T.);
#1743=ORIENTED_EDGE('',*,*,#1587,.T.);
#1744=ORIENTED_EDGE('',*,*,#1615,.T.);
#1745=ORIENTED_EDGE('',*,*,#1643,.T.);
#1746=ORIENTED_EDGE('',*,*,#1671,.T.);
#1747=ORIENTED_EDGE('',*,*,#1691,.F.);
#1748=EDGE_LOOP('',(#1729,#1730,#1731,#1732,#1733,#1734,#1735,#1736,#1737,#1738,#1739,#1740,#1741,#1742,#1743,#1744,#1745,#1746,#1747));
#1749=FACE_OUTER_BOUND('',#1748,.T.);
#1750=CARTESIAN_POINT('',(0.5,-95.,536.));
#1751=DIRECTION('',(0.,0.,1.));
#1752=DIRECTION('',(1.,0.,0.));
#1753=AXIS2_PLACEMENT_3D('',#1750,#1751,#1752);
#1754=PLANE('',#1753);
#1755=ADVANCED_FACE('',(#1749),#1754,.T.);
#1756=CLOSED_SHELL('',(#1205,#1233,#1261,#1289,#1317,#1345,#1373,#1401,#1429,#1457,#1485,#1513,#1541,#1569,#1597,#1625,#1653,#1681,#1701,#1728,#1755));
#1757=MANIFOLD_SOLID_BREP('',#1756);
#1758=STYLED_ITEM('color',(#612),#1757);
#1759=CARTESIAN_POINT('',(8.48528,39.59798,536.));
#1760=VERTEX_POINT('',#1759);
#1761=CARTESIAN_POINT('',(4.24264,43.84062,536.));
#1762=VERTEX_POINT('',#1761);
#1763=DIRECTION('',(-0.70711,0.70711,0.));
#1764=VECTOR('',#1763,6.);
#1765=LINE('',#1759,#1764);
#1766=EDGE_CURVE('',#1760,#1762,#1765,.T.);
#1767=ORIENTED_EDGE('',*,*,#1766,.T.);
#1768=CARTESIAN_POINT('',(36.76955,76.36753,536.));
#1769=VERTEX_POINT('',#1768);
#1770=DIRECTION('',(-0.70711,-0.70711,0.));
#1771=VECTOR('',#1770,46.);
#1772=LINE('',#1768,#1771);
#1773=EDGE_CURVE('',#1769,#1762,#1772,.T.);
#1774=ORIENTED_EDGE('',*,*,#1773,.F.);
#1775=CARTESIAN_POINT('',(41.01219,72.12489,536.));
#1776=VERTEX_POINT('',#1775);
#1777=DIRECTION('',(-0.70711,0.70711,0.));
#1778=VECTOR('',#1777,6.);
#1779=LINE('',#1775,#1778);
#1780=EDGE_CURVE('',#1776,#1769,#1779,.T.);
#1781=ORIENTED_EDGE('',*,*,#1780,.F.);
#1782=DIRECTION('',(0.70711,0.70711,0.));
#1783=VECTOR('',#1782,46.);
#1784=LINE('',#1759,#1783);
#1785=EDGE_CURVE('',#1760,#1776,#1784,.T.);
#1786=ORIENTED_EDGE('',*,*,#1785,.F.);
#1787=EDGE_LOOP('',(#1767,#1774,#1781,#1786));
#1788=FACE_OUTER_BOUND('',#1787,.T.);
#1789=CARTESIAN_POINT('',(8.48528,39.59798,536.));
#1790=DIRECTION('',(0.,0.,-1.));
#1791=DIRECTION('',(-0.70711,0.70711,0.));
#1792=AXIS2_PLACEMENT_3D('',#1789,#1790,#1791);
#1793=PLANE('',#1792);
#1794=ADVANCED_FACE('',(#1788),#1793,.T.);
#1795=CARTESIAN_POINT('',(8.48528,39.59798,592.));
#1796=VERTEX_POINT('',#1795);
#1797=CARTESIAN_POINT('',(41.01219,72.12489,592.));
#1798=VERTEX_POINT('',#1797);
#1799=DIRECTION('',(0.70711,0.70711,0.));
#1800=VECTOR('',#1799,46.);
#1801=LINE('',#1795,#1800);
#1802=EDGE_CURVE('',#1796,#1798,#1801,.T.);
#1803=ORIENTED_EDGE('',*,*,#1802,.T.);
#1804=CARTESIAN_POINT('',(36.76955,76.36753,592.));
#1805=VERTEX_POINT('',#1804);
#1806=DIRECTION('',(-0.70711,0.70711,0.));
#1807=VECTOR('',#1806,6.);
#1808=LINE('',#1797,#1807);
#1809=EDGE_CURVE('',#1798,#1805,#1808,.T.);
#1810=ORIENTED_EDGE('',*,*,#1809,.T.);
#1811=CARTESIAN_POINT('',(4.24264,43.84062,592.));
#1812=VERTEX_POINT('',#1811);
#1813=DIRECTION('',(-0.70711,-0.70711,0.));
#1814=VECTOR('',#1813,46.);
#1815=LINE('',#1804,#1814);
#1816=EDGE_CURVE('',#1805,#1812,#1815,.T.);
#1817=ORIENTED_EDGE('',*,*,#1816,.T.);
#1818=DIRECTION('',(-0.70711,0.70711,0.));
#1819=VECTOR('',#1818,6.);
#1820=LINE('',#1795,#1819);
#1821=EDGE_CURVE('',#1796,#1812,#1820,.T.);
#1822=ORIENTED_EDGE('',*,*,#1821,.F.);
#1823=EDGE_LOOP('',(#1803,#1810,#1817,#1822));
#1824=FACE_OUTER_BOUND('',#1823,.T.);
#1825=CARTESIAN_POINT('',(8.48528,39.59798,592.));
#1826=DIRECTION('',(0.,0.,1.));
#1827=DIRECTION('',(0.70711,0.70711,0.));
#1828=AXIS2_PLACEMENT_3D('',#1825,#1826,#1827);
#1829=PLANE('',#1828);
#1830=ADVANCED_FACE('',(#1824),#1829,.T.);
#1831=ORIENTED_EDGE('',*,*,#1785,.T.);
#1832=DIRECTION('',(0.,0.,1.));
#1833=VECTOR('',#1832,56.);
#1834=LINE('',#1775,#1833);
#1835=EDGE_CURVE('',#1776,#1798,#1834,.T.);
#1836=ORIENTED_EDGE('',*,*,#1835,.T.);
#1837=ORIENTED_EDGE('',*,*,#1802,.F.);
#1838=DIRECTION('',(0.,0.,1.));
#1839=VECTOR('',#1838,56.);
#1840=LINE('',#1759,#1839);
#1841=EDGE_CURVE('',#1760,#1796,#1840,.T.);
#1842=ORIENTED_EDGE('',*,*,#1841,.F.);
#1843=EDGE_LOOP('',(#1831,#1836,#1837,#1842));
#1844=FACE_OUTER_BOUND('',#1843,.T.);
#1845=CARTESIAN_POINT('',(8.48528,39.59798,536.));
#1846=DIRECTION('',(0.70711,-0.70711,0.));
#1847=DIRECTION('',(0.70711,0.70711,0.));
#1848=AXIS2_PLACEMENT_3D('',#1845,#1846,#1847);
#1849=PLANE('',#1848);
#1850=ADVANCED_FACE('',(#1844),#1849,.T.);
#1851=ORIENTED_EDGE('',*,*,#1780,.T.);
#1852=DIRECTION('',(0.,0.,1.));
#1853=VECTOR('',#1852,56.);
#1854=LINE('',#1768,#1853);
#1855=EDGE_CURVE('',#1769,#1805,#1854,.T.);
#1856=ORIENTED_EDGE('',*,*,#1855,.T.);
#1857=ORIENTED_EDGE('',*,*,#1809,.F.);
#1858=ORIENTED_EDGE('',*,*,#1835,.F.);
#1859=EDGE_LOOP('',(#1851,#1856,#1857,#1858));
#1860=FACE_OUTER_BOUND('',#1859,.T.);
#1861=CARTESIAN_POINT('',(41.01219,72.12489,536.));
#1862=DIRECTION('',(0.70711,0.70711,0.));
#1863=DIRECTION('',(-0.70711,0.70711,0.));
#1864=AXIS2_PLACEMENT_3D('',#1861,#1862,#1863);
#1865=PLANE('',#1864);
#1866=ADVANCED_FACE('',(#1860),#1865,.T.);
#1867=ORIENTED_EDGE('',*,*,#1773,.T.);
#1868=DIRECTION('',(0.,0.,1.));
#1869=VECTOR('',#1868,56.);
#1870=LINE('',#1761,#1869);
#1871=EDGE_CURVE('',#1762,#1812,#1870,.T.);
#1872=ORIENTED_EDGE('',*,*,#1871,.T.);
#1873=ORIENTED_EDGE('',*,*,#1816,.F.);
#1874=ORIENTED_EDGE('',*,*,#1855,.F.);
#1875=EDGE_LOOP('',(#1867,#1872,#1873,#1874));
#1876=FACE_OUTER_BOUND('',#1875,.T.);
#1877=CARTESIAN_POINT('',(36.76955,76.36753,536.));
#1878=DIRECTION('',(-0.70711,0.70711,0.));
#1879=DIRECTION('',(-0.70711,-0.70711,0.));
#1880=AXIS2_PLACEMENT_3D('',#1877,#1878,#1879);
#1881=PLANE('',#1880);
#1882=ADVANCED_FACE('',(#1876),#1881,.T.);
#1883=ORIENTED_EDGE('',*,*,#1766,.F.);
#1884=ORIENTED_EDGE('',*,*,#1841,.T.);
#1885=ORIENTED_EDGE('',*,*,#1821,.T.);
#1886=ORIENTED_EDGE('',*,*,#1871,.F.);
#1887=EDGE_LOOP('',(#1883,#1884,#1885,#1886));
#1888=FACE_OUTER_BOUND('',#1887,.T.);
#1889=CARTESIAN_POINT('',(4.24264,43.84062,536.));
#1890=DIRECTION('',(-0.70711,-0.70711,0.));
#1891=DIRECTION('',(0.70711,-0.70711,0.));
#1892=AXIS2_PLACEMENT_3D('',#1889,#1890,#1891);
#1893=PLANE('',#1892);
#1894=ADVANCED_FACE('',(#1888),#1893,.T.);
#1895=CLOSED_SHELL('',(#1794,#1830,#1850,#1866,#1882,#1894));
#1896=MANIFOLD_SOLID_BREP('',#1895);
#1897=STYLED_ITEM('color',(#612),#1896);
#1898=CARTESIAN_POINT('',(43.84062,4.24264,536.));
#1899=VERTEX_POINT('',#1898);
#1900=CARTESIAN_POINT('',(39.59798,8.48528,536.));
#1901=VERTEX_POINT('',#1900);
#1902=DIRECTION('',(-0.70711,0.70711,0.));
#1903=VECTOR('',#1902,6.);
#1904=LINE('',#1898,#1903);
#1905=EDGE_CURVE('',#1899,#1901,#1904,.T.);
#1906=ORIENTED_EDGE('',*,*,#1905,.T.);
#1907=CARTESIAN_POINT('',(72.12489,41.01219,536.));
#1908=VERTEX_POINT('',#1907);
#1909=DIRECTION('',(-0.70711,-0.70711,0.));
#1910=VECTOR('',#1909,46.);
#1911=LINE('',#1907,#1910);
#1912=EDGE_CURVE('',#1908,#1901,#1911,.T.);
#1913=ORIENTED_EDGE('',*,*,#1912,.F.);
#1914=CARTESIAN_POINT('',(76.36753,36.76955,536.));
#1915=VERTEX_POINT('',#1914);
#1916=DIRECTION('',(-0.70711,0.70711,0.));
#1917=VECTOR('',#1916,6.);
#1918=LINE('',#1914,#1917);
#1919=EDGE_CURVE('',#1915,#1908,#1918,.T.);
#1920=ORIENTED_EDGE('',*,*,#1919,.F.);
#1921=DIRECTION('',(0.70711,0.70711,0.));
#1922=VECTOR('',#1921,46.);
#1923=LINE('',#1898,#1922);
#1924=EDGE_CURVE('',#1899,#1915,#1923,.T.);
#1925=ORIENTED_EDGE('',*,*,#1924,.F.);
#1926=EDGE_LOOP('',(#1906,#1913,#1920,#1925));
#1927=FACE_OUTER_BOUND('',#1926,.T.);
#1928=CARTESIAN_POINT('',(43.84062,4.24264,536.));
#1929=DIRECTION('',(0.,0.,-1.));
#1930=DIRECTION('',(-0.70711,0.70711,0.));
#1931=AXIS2_PLACEMENT_3D('',#1928,#1929,#1930);
#1932=PLANE('',#1931);
#1933=ADVANCED_FACE('',(#1927),#1932,.T.);
#1934=CARTESIAN_POINT('',(43.84062,4.24264,592.));
#1935=VERTEX_POINT('',#1934);
#1936=CARTESIAN_POINT('',(76.36753,36.76955,592.));
#1937=VERTEX_POINT('',#1936);
#1938=DIRECTION('',(0.70711,0.70711,0.));
#1939=VECTOR('',#1938,46.);
#1940=LINE('',#1934,#1939);
#1941=EDGE_CURVE('',#1935,#1937,#1940,.T.);
#1942=ORIENTED_EDGE('',*,*,#1941,.T.);
#1943=CARTESIAN_POINT('',(72.12489,41.01219,592.));
#1944=VERTEX_POINT('',#1943);
#1945=DIRECTION('',(-0.70711,0.70711,0.));
#1946=VECTOR('',#1945,6.);
#1947=LINE('',#1936,#1946);
#1948=EDGE_CURVE('',#1937,#1944,#1947,.T.);
#1949=ORIENTED_EDGE('',*,*,#1948,.T.);
#1950=CARTESIAN_POINT('',(39.59798,8.48528,592.));
#1951=VERTEX_POINT('',#1950);
#1952=DIRECTION('',(-0.70711,-0.70711,0.));
#1953=VECTOR('',#1952,46.);
#1954=LINE('',#1943,#1953);
#1955=EDGE_CURVE('',#1944,#1951,#1954,.T.);
#1956=ORIENTED_EDGE('',*,*,#1955,.T.);
#1957=DIRECTION('',(-0.70711,0.70711,0.));
#1958=VECTOR('',#1957,6.);
#1959=LINE('',#1934,#1958);
#1960=EDGE_CURVE('',#1935,#1951,#1959,.T.);
#1961=ORIENTED_EDGE('',*,*,#1960,.F.);
#1962=EDGE_LOOP('',(#1942,#1949,#1956,#1961));
#1963=FACE_OUTER_BOUND('',#1962,.T.);
#1964=CARTESIAN_POINT('',(43.84062,4.24264,592.));
#1965=DIRECTION('',(0.,0.,1.));
#1966=DIRECTION('',(0.70711,0.70711,0.));
#1967=AXIS2_PLACEMENT_3D('',#1964,#1965,#1966);
#1968=PLANE('',#1967);
#1969=ADVANCED_FACE('',(#1963),#1968,.T.);
#1970=ORIENTED_EDGE('',*,*,#1924,.T.);
#1971=DIRECTION('',(0.,0.,1.));
#1972=VECTOR('',#1971,56.);
#1973=LINE('',#1914,#1972);
#1974=EDGE_CURVE('',#1915,#1937,#1973,.T.);
#1975=ORIENTED_EDGE('',*,*,#1974,.T.);
#1976=ORIENTED_EDGE('',*,*,#1941,.F.);
#1977=DIRECTION('',(0.,0.,1.));
#1978=VECTOR('',#1977,56.);
#1979=LINE('',#1898,#1978);
#1980=EDGE_CURVE('',#1899,#1935,#1979,.T.);
#1981=ORIENTED_EDGE('',*,*,#1980,.F.);
#1982=EDGE_LOOP('',(#1970,#1975,#1976,#1981));
#1983=FACE_OUTER_BOUND('',#1982,.T.);
#1984=CARTESIAN_POINT('',(43.84062,4.24264,536.));
#1985=DIRECTION('',(0.70711,-0.70711,0.));
#1986=DIRECTION('',(0.70711,0.70711,0.));
#1987=AXIS2_PLACEMENT_3D('',#1984,#1985,#1986);
#1988=PLANE('',#1987);
#1989=ADVANCED_FACE('',(#1983),#1988,.T.);
#1990=ORIENTED_EDGE('',*,*,#1919,.T.);
#1991=DIRECTION('',(0.,0.,1.));
#1992=VECTOR('',#1991,56.);
#1993=LINE('',#1907,#1992);
#1994=EDGE_CURVE('',#1908,#1944,#1993,.T.);
#1995=ORIENTED_EDGE('',*,*,#1994,.T.);
#1996=ORIENTED_EDGE('',*,*,#1948,.F.);
#1997=ORIENTED_EDGE('',*,*,#1974,.F.);
#1998=EDGE_LOOP('',(#1990,#1995,#1996,#1997));
#1999=FACE_OUTER_BOUND('',#1998,.T.);
#2000=CARTESIAN_POINT('',(76.36753,36.76955,536.));
#2001=DIRECTION('',(0.70711,0.70711,0.));
#2002=DIRECTION('',(-0.70711,0.70711,0.));
#2003=AXIS2_PLACEMENT_3D('',#2000,#2001,#2002);
#2004=PLANE('',#2003);
#2005=ADVANCED_FACE('',(#1999),#2004,.T.);
#2006=ORIENTED_EDGE('',*,*,#1912,.T.);
#2007=DIRECTION('',(0.,0.,1.));
#2008=VECTOR('',#2007,56.);
#2009=LINE('',#1900,#2008);
#2010=EDGE_CURVE('',#1901,#1951,#2009,.T.);
#2011=ORIENTED_EDGE('',*,*,#2010,.T.);
#2012=ORIENTED_EDGE('',*,*,#1955,.F.);
#2013=ORIENTED_EDGE('',*,*,#1994,.F.);
#2014=EDGE_LOOP('',(#2006,#2011,#2012,#2013));
#2015=FACE_OUTER_BOUND('',#2014,.T.);
#2016=CARTESIAN_POINT('',(72.12489,41.01219,536.));
#2017=DIRECTION('',(-0.70711,0.70711,0.));
#2018=DIRECTION('',(-0.70711,-0.70711,0.));
#2019=AXIS2_PLACEMENT_3D('',#2016,#2017,#2018);
#2020=PLANE('',#2019);
#2021=ADVANCED_FACE('',(#2015),#2020,.T.);
#2022=ORIENTED_EDGE('',*,*,#1905,.F.);
#2023=ORIENTED_EDGE('',*,*,#1980,.T.);
#2024=ORIENTED_EDGE('',*,*,#1960,.T.);
#2025=ORIENTED_EDGE('',*,*,#2010,.F.);
#2026=EDGE_LOOP('',(#2022,#2023,#2024,#2025));
#2027=FACE_OUTER_BOUND('',#2026,.T.);
#2028=CARTESIAN_POINT('',(39.59798,8.48528,536.));
#2029=DIRECTION('',(-0.70711,-0.70711,0.));
#2030=DIRECTION('',(0.70711,-0.70711,0.));
#2031=AXIS2_PLACEMENT_3D('',#2028,#2029,#2030);
#2032=PLANE('',#2031);
#2033=ADVANCED_FACE('',(#2027),#2032,.T.);
#2034=CLOSED_SHELL('',(#1933,#1969,#1989,#2005,#2021,#2033));
#2035=MANIFOLD_SOLID_BREP('',#2034);
#2036=STYLED_ITEM('color',(#612),#2035);
#2037=CARTESIAN_POINT('',(39.59798,-8.48528,536.));
#2038=VERTEX_POINT('',#2037);
#2039=CARTESIAN_POINT('',(43.84062,-4.24264,536.));
#2040=VERTEX_POINT('',#2039);
#2041=DIRECTION('',(0.70711,0.70711,0.));
#2042=VECTOR('',#2041,6.);
#2043=LINE('',#2037,#2042);
#2044=EDGE_CURVE('',#2038,#2040,#2043,.T.);
#2045=ORIENTED_EDGE('',*,*,#2044,.T.);
#2046=CARTESIAN_POINT('',(76.36753,-36.76955,536.));
#2047=VERTEX_POINT('',#2046);
#2048=DIRECTION('',(-0.70711,0.70711,0.));
#2049=VECTOR('',#2048,46.);
#2050=LINE('',#2046,#2049);
#2051=EDGE_CURVE('',#2047,#2040,#2050,.T.);
#2052=ORIENTED_EDGE('',*,*,#2051,.F.);
#2053=CARTESIAN_POINT('',(72.12489,-41.01219,536.));
#2054=VERTEX_POINT('',#2053);
#2055=DIRECTION('',(0.70711,0.70711,0.));
#2056=VECTOR('',#2055,6.);
#2057=LINE('',#2053,#2056);
#2058=EDGE_CURVE('',#2054,#2047,#2057,.T.);
#2059=ORIENTED_EDGE('',*,*,#2058,.F.);
#2060=DIRECTION('',(0.70711,-0.70711,0.));
#2061=VECTOR('',#2060,46.);
#2062=LINE('',#2037,#2061);
#2063=EDGE_CURVE('',#2038,#2054,#2062,.T.);
#2064=ORIENTED_EDGE('',*,*,#2063,.F.);
#2065=EDGE_LOOP('',(#2045,#2052,#2059,#2064));
#2066=FACE_OUTER_BOUND('',#2065,.T.);
#2067=CARTESIAN_POINT('',(39.59798,-8.48528,536.));
#2068=DIRECTION('',(0.,0.,-1.));
#2069=DIRECTION('',(0.70711,0.70711,0.));
#2070=AXIS2_PLACEMENT_3D('',#2067,#2068,#2069);
#2071=PLANE('',#2070);
#2072=ADVANCED_FACE('',(#2066),#2071,.T.);
#2073=CARTESIAN_POINT('',(39.59798,-8.48528,592.));
#2074=VERTEX_POINT('',#2073);
#2075=CARTESIAN_POINT('',(72.12489,-41.01219,592.));
#2076=VERTEX_POINT('',#2075);
#2077=DIRECTION('',(0.70711,-0.70711,0.));
#2078=VECTOR('',#2077,46.);
#2079=LINE('',#2073,#2078);
#2080=EDGE_CURVE('',#2074,#2076,#2079,.T.);
#2081=ORIENTED_EDGE('',*,*,#2080,.T.);
#2082=CARTESIAN_POINT('',(76.36753,-36.76955,592.));
#2083=VERTEX_POINT('',#2082);
#2084=DIRECTION('',(0.70711,0.70711,0.));
#2085=VECTOR('',#2084,6.);
#2086=LINE('',#2075,#2085);
#2087=EDGE_CURVE('',#2076,#2083,#2086,.T.);
#2088=ORIENTED_EDGE('',*,*,#2087,.T.);
#2089=CARTESIAN_POINT('',(43.84062,-4.24264,592.));
#2090=VERTEX_POINT('',#2089);
#2091=DIRECTION('',(-0.70711,0.70711,0.));
#2092=VECTOR('',#2091,46.);
#2093=LINE('',#2082,#2092);
#2094=EDGE_CURVE('',#2083,#2090,#2093,.T.);
#2095=ORIENTED_EDGE('',*,*,#2094,.T.);
#2096=DIRECTION('',(0.70711,0.70711,0.));
#2097=VECTOR('',#2096,6.);
#2098=LINE('',#2073,#2097);
#2099=EDGE_CURVE('',#2074,#2090,#2098,.T.);
#2100=ORIENTED_EDGE('',*,*,#2099,.F.);
#2101=EDGE_LOOP('',(#2081,#2088,#2095,#2100));
#2102=FACE_OUTER_BOUND('',#2101,.T.);
#2103=CARTESIAN_POINT('',(39.59798,-8.48528,592.));
#2104=DIRECTION('',(0.,0.,1.));
#2105=DIRECTION('',(0.70711,-0.70711,0.));
#2106=AXIS2_PLACEMENT_3D('',#2103,#2104,#2105);
#2107=PLANE('',#2106);
#2108=ADVANCED_FACE('',(#2102),#2107,.T.);
#2109=ORIENTED_EDGE('',*,*,#2063,.T.);
#2110=DIRECTION('',(0.,0.,1.));
#2111=VECTOR('',#2110,56.);
#2112=LINE('',#2053,#2111);
#2113=EDGE_CURVE('',#2054,#2076,#2112,.T.);
#2114=ORIENTED_EDGE('',*,*,#2113,.T.);
#2115=ORIENTED_EDGE('',*,*,#2080,.F.);
#2116=DIRECTION('',(0.,0.,1.));
#2117=VECTOR('',#2116,56.);
#2118=LINE('',#2037,#2117);
#2119=EDGE_CURVE('',#2038,#2074,#2118,.T.);
#2120=ORIENTED_EDGE('',*,*,#2119,.F.);
#2121=EDGE_LOOP('',(#2109,#2114,#2115,#2120));
#2122=FACE_OUTER_BOUND('',#2121,.T.);
#2123=CARTESIAN_POINT('',(39.59798,-8.48528,536.));
#2124=DIRECTION('',(-0.70711,-0.70711,0.));
#2125=DIRECTION('',(0.70711,-0.70711,0.));
#2126=AXIS2_PLACEMENT_3D('',#2123,#2124,#2125);
#2127=PLANE('',#2126);
#2128=ADVANCED_FACE('',(#2122),#2127,.T.);
#2129=ORIENTED_EDGE('',*,*,#2058,.T.);
#2130=DIRECTION('',(0.,0.,1.));
#2131=VECTOR('',#2130,56.);
#2132=LINE('',#2046,#2131);
#2133=EDGE_CURVE('',#2047,#2083,#2132,.T.);
#2134=ORIENTED_EDGE('',*,*,#2133,.T.);
#2135=ORIENTED_EDGE('',*,*,#2087,.F.);
#2136=ORIENTED_EDGE('',*,*,#2113,.F.);
#2137=EDGE_LOOP('',(#2129,#2134,#2135,#2136));
#2138=FACE_OUTER_BOUND('',#2137,.T.);
#2139=CARTESIAN_POINT('',(72.12489,-41.01219,536.));
#2140=DIRECTION('',(0.70711,-0.70711,0.));
#2141=DIRECTION('',(0.70711,0.70711,0.));
#2142=AXIS2_PLACEMENT_3D('',#2139,#2140,#2141);
#2143=PLANE('',#2142);
#2144=ADVANCED_FACE('',(#2138),#2143,.T.);
#2145=ORIENTED_EDGE('',*,*,#2051,.T.);
#2146=DIRECTION('',(0.,0.,1.));
#2147=VECTOR('',#2146,56.);
#2148=LINE('',#2039,#2147);
#2149=EDGE_CURVE('',#2040,#2090,#2148,.T.);
#2150=ORIENTED_EDGE('',*,*,#2149,.T.);
#2151=ORIENTED_EDGE('',*,*,#2094,.F.);
#2152=ORIENTED_EDGE('',*,*,#2133,.F.);
#2153=EDGE_LOOP('',(#2145,#2150,#2151,#2152));
#2154=FACE_OUTER_BOUND('',#2153,.T.);
#2155=CARTESIAN_POINT('',(76.36753,-36.76955,536.));
#2156=DIRECTION('',(0.70711,0.70711,0.));
#2157=DIRECTION('',(-0.70711,0.70711,0.));
#2158=AXIS2_PLACEMENT_3D('',#2155,#2156,#2157);
#2159=PLANE('',#2158);
#2160=ADVANCED_FACE('',(#2154),#2159,.T.);
#2161=ORIENTED_EDGE('',*,*,#2044,.F.);
#2162=ORIENTED_EDGE('',*,*,#2119,.T.);
#2163=ORIENTED_EDGE('',*,*,#2099,.T.);
#2164=ORIENTED_EDGE('',*,*,#2149,.F.);
#2165=EDGE_LOOP('',(#2161,#2162,#2163,#2164));
#2166=FACE_OUTER_BOUND('',#2165,.T.);
#2167=CARTESIAN_POINT('',(43.84062,-4.24264,536.));
#2168=DIRECTION('',(-0.70711,0.70711,0.));
#2169=DIRECTION('',(-0.70711,-0.70711,0.));
#2170=AXIS2_PLACEMENT_3D('',#2167,#2168,#2169);
#2171=PLANE('',#2170);
#2172=ADVANCED_FACE('',(#2166),#2171,.T.);
#2173=CLOSED_SHELL('',(#2072,#2108,#2128,#2144,#2160,#2172));
#2174=MANIFOLD_SOLID_BREP('',#2173);
#2175=STYLED_ITEM('color',(#612),#2174);
#2176=CARTESIAN_POINT('',(4.24264,-43.84062,536.));
#2177=VERTEX_POINT('',#2176);
#2178=CARTESIAN_POINT('',(8.48528,-39.59798,536.));
#2179=VERTEX_POINT('',#2178);
#2180=DIRECTION('',(0.70711,0.70711,0.));
#2181=VECTOR('',#2180,6.);
#2182=LINE('',#2176,#2181);
#2183=EDGE_CURVE('',#2177,#2179,#2182,.T.);
#2184=ORIENTED_EDGE('',*,*,#2183,.T.);
#2185=CARTESIAN_POINT('',(41.01219,-72.12489,536.));
#2186=VERTEX_POINT('',#2185);
#2187=DIRECTION('',(-0.70711,0.70711,0.));
#2188=VECTOR('',#2187,46.);
#2189=LINE('',#2185,#2188);
#2190=EDGE_CURVE('',#2186,#2179,#2189,.T.);
#2191=ORIENTED_EDGE('',*,*,#2190,.F.);
#2192=CARTESIAN_POINT('',(36.76955,-76.36753,536.));
#2193=VERTEX_POINT('',#2192);
#2194=DIRECTION('',(0.70711,0.70711,0.));
#2195=VECTOR('',#2194,6.);
#2196=LINE('',#2192,#2195);
#2197=EDGE_CURVE('',#2193,#2186,#2196,.T.);
#2198=ORIENTED_EDGE('',*,*,#2197,.F.);
#2199=DIRECTION('',(0.70711,-0.70711,0.));
#2200=VECTOR('',#2199,46.);
#2201=LINE('',#2176,#2200);
#2202=EDGE_CURVE('',#2177,#2193,#2201,.T.);
#2203=ORIENTED_EDGE('',*,*,#2202,.F.);
#2204=EDGE_LOOP('',(#2184,#2191,#2198,#2203));
#2205=FACE_OUTER_BOUND('',#2204,.T.);
#2206=CARTESIAN_POINT('',(4.24264,-43.84062,536.));
#2207=DIRECTION('',(0.,0.,-1.));
#2208=DIRECTION('',(0.70711,0.70711,0.));
#2209=AXIS2_PLACEMENT_3D('',#2206,#2207,#2208);
#2210=PLANE('',#2209);
#2211=ADVANCED_FACE('',(#2205),#2210,.T.);
#2212=CARTESIAN_POINT('',(4.24264,-43.84062,592.));
#2213=VERTEX_POINT('',#2212);
#2214=CARTESIAN_POINT('',(36.76955,-76.36753,592.));
#2215=VERTEX_POINT('',#2214);
#2216=DIRECTION('',(0.70711,-0.70711,0.));
#2217=VECTOR('',#2216,46.);
#2218=LINE('',#2212,#2217);
#2219=EDGE_CURVE('',#2213,#2215,#2218,.T.);
#2220=ORIENTED_EDGE('',*,*,#2219,.T.);
#2221=CARTESIAN_POINT('',(41.01219,-72.12489,592.));
#2222=VERTEX_POINT('',#2221);
#2223=DIRECTION('',(0.70711,0.70711,0.));
#2224=VECTOR('',#2223,6.);
#2225=LINE('',#2214,#2224);
#2226=EDGE_CURVE('',#2215,#2222,#2225,.T.);
#2227=ORIENTED_EDGE('',*,*,#2226,.T.);
#2228=CARTESIAN_POINT('',(8.48528,-39.59798,592.));
#2229=VERTEX_POINT('',#2228);
#2230=DIRECTION('',(-0.70711,0.70711,0.));
#2231=VECTOR('',#2230,46.);
#2232=LINE('',#2221,#2231);
#2233=EDGE_CURVE('',#2222,#2229,#2232,.T.);
#2234=ORIENTED_EDGE('',*,*,#2233,.T.);
#2235=DIRECTION('',(0.70711,0.70711,0.));
#2236=VECTOR('',#2235,6.);
#2237=LINE('',#2212,#2236);
#2238=EDGE_CURVE('',#2213,#2229,#2237,.T.);
#2239=ORIENTED_EDGE('',*,*,#2238,.F.);
#2240=EDGE_LOOP('',(#2220,#2227,#2234,#2239));
#2241=FACE_OUTER_BOUND('',#2240,.T.);
#2242=CARTESIAN_POINT('',(4.24264,-43.84062,592.));
#2243=DIRECTION('',(0.,0.,1.));
#2244=DIRECTION('',(0.70711,-0.70711,0.));
#2245=AXIS2_PLACEMENT_3D('',#2242,#2243,#2244);
#2246=PLANE('',#2245);
#2247=ADVANCED_FACE('',(#2241),#2246,.T.);
#2248=ORIENTED_EDGE('',*,*,#2202,.T.);
#2249=DIRECTION('',(0.,0.,1.));
#2250=VECTOR('',#2249,56.);
#2251=LINE('',#2192,#2250);
#2252=EDGE_CURVE('',#2193,#2215,#2251,.T.);
#2253=ORIENTED_EDGE('',*,*,#2252,.T.);
#2254=ORIENTED_EDGE('',*,*,#2219,.F.);
#2255=DIRECTION('',(0.,0.,1.));
#2256=VECTOR('',#2255,56.);
#2257=LINE('',#2176,#2256);
#2258=EDGE_CURVE('',#2177,#2213,#2257,.T.);
#2259=ORIENTED_EDGE('',*,*,#2258,.F.);
#2260=EDGE_LOOP('',(#2248,#2253,#2254,#2259));
#2261=FACE_OUTER_BOUND('',#2260,.T.);
#2262=CARTESIAN_POINT('',(4.24264,-43.84062,536.));
#2263=DIRECTION('',(-0.70711,-0.70711,0.));
#2264=DIRECTION('',(0.70711,-0.70711,0.));
#2265=AXIS2_PLACEMENT_3D('',#2262,#2263,#2264);
#2266=PLANE('',#2265);
#2267=ADVANCED_FACE('',(#2261),#2266,.T.);
#2268=ORIENTED_EDGE('',*,*,#2197,.T.);
#2269=DIRECTION('',(0.,0.,1.));
#2270=VECTOR('',#2269,56.);
#2271=LINE('',#2185,#2270);
#2272=EDGE_CURVE('',#2186,#2222,#2271,.T.);
#2273=ORIENTED_EDGE('',*,*,#2272,.T.);
#2274=ORIENTED_EDGE('',*,*,#2226,.F.);
#2275=ORIENTED_EDGE('',*,*,#2252,.F.);
#2276=EDGE_LOOP('',(#2268,#2273,#2274,#2275));
#2277=FACE_OUTER_BOUND('',#2276,.T.);
#2278=CARTESIAN_POINT('',(36.76955,-76.36753,536.));
#2279=DIRECTION('',(0.70711,-0.70711,0.));
#2280=DIRECTION('',(0.70711,0.70711,0.));
#2281=AXIS2_PLACEMENT_3D('',#2278,#2279,#2280);
#2282=PLANE('',#2281);
#2283=ADVANCED_FACE('',(#2277),#2282,.T.);
#2284=ORIENTED_EDGE('',*,*,#2190,.T.);
#2285=DIRECTION('',(0.,0.,1.));
#2286=VECTOR('',#2285,56.);
#2287=LINE('',#2178,#2286);
#2288=EDGE_CURVE('',#2179,#2229,#2287,.T.);
#2289=ORIENTED_EDGE('',*,*,#2288,.T.);
#2290=ORIENTED_EDGE('',*,*,#2233,.F.);
#2291=ORIENTED_EDGE('',*,*,#2272,.F.);
#2292=EDGE_LOOP('',(#2284,#2289,#2290,#2291));
#2293=FACE_OUTER_BOUND('',#2292,.T.);
#2294=CARTESIAN_POINT('',(41.01219,-72.12489,536.));
#2295=DIRECTION('',(0.70711,0.70711,0.));
#2296=DIRECTION('',(-0.70711,0.70711,0.));
#2297=AXIS2_PLACEMENT_3D('',#2294,#2295,#2296);
#2298=PLANE('',#2297);
#2299=ADVANCED_FACE('',(#2293),#2298,.T.);
#2300=ORIENTED_EDGE('',*,*,#2183,.F.);
#2301=ORIENTED_EDGE('',*,*,#2258,.T.);
#2302=ORIENTED_EDGE('',*,*,#2238,.T.);
#2303=ORIENTED_EDGE('',*,*,#2288,.F.);
#2304=EDGE_LOOP('',(#2300,#2301,#2302,#2303));
#2305=FACE_OUTER_BOUND('',#2304,.T.);
#2306=CARTESIAN_POINT('',(8.48528,-39.59798,536.));
#2307=DIRECTION('',(-0.70711,0.70711,0.));
#2308=DIRECTION('',(-0.70711,-0.70711,0.));
#2309=AXIS2_PLACEMENT_3D('',#2306,#2307,#2308);
#2310=PLANE('',#2309);
#2311=ADVANCED_FACE('',(#2305),#2310,.T.);
#2312=CLOSED_SHELL('',(#2211,#2247,#2267,#2283,#2299,#2311));
#2313=MANIFOLD_SOLID_BREP('',#2312);
#2314=STYLED_ITEM('color',(#612),#2313);
#2315=CARTESIAN_POINT('',(95.,95.,440.));
#2316=VERTEX_POINT('',#2315);
#2317=CARTESIAN_POINT('',(95.,95.,452.50699));
#2318=VERTEX_POINT('',#2317);
#2319=DIRECTION('',(0.,0.,1.));
#2320=VECTOR('',#2319,12.50699);
#2321=LINE('',#2315,#2320);
#2322=EDGE_CURVE('',#2316,#2318,#2321,.T.);
#2323=ORIENTED_EDGE('',*,*,#2322,.T.);
#2324=CARTESIAN_POINT('',(100.,95.,452.50699));
#2325=VERTEX_POINT('',#2324);
#2326=DIRECTION('',(1.,0.,0.));
#2327=VECTOR('',#2326,5.);
#2328=LINE('',#2317,#2327);
#2329=EDGE_CURVE('',#2318,#2325,#2328,.T.);
#2330=ORIENTED_EDGE('',*,*,#2329,.T.);
#2331=CARTESIAN_POINT('',(100.,95.,440.));
#2332=VERTEX_POINT('',#2331);
#2333=DIRECTION('',(0.,0.,1.));
#2334=VECTOR('',#2333,12.50699);
#2335=LINE('',#2331,#2334);
#2336=EDGE_CURVE('',#2332,#2325,#2335,.T.);
#2337=ORIENTED_EDGE('',*,*,#2336,.F.);
#2338=DIRECTION('',(1.,0.,0.));
#2339=VECTOR('',#2338,5.);
#2340=LINE('',#2315,#2339);
#2341=EDGE_CURVE('',#2316,#2332,#2340,.T.);
#2342=ORIENTED_EDGE('',*,*,#2341,.F.);
#2343=EDGE_LOOP('',(#2323,#2330,#2337,#2342));
#2344=FACE_OUTER_BOUND('',#2343,.T.);
#2345=CARTESIAN_POINT('',(95.,95.,440.));
#2346=DIRECTION('',(0.,1.,0.));
#2347=DIRECTION('',(0.,0.,1.));
#2348=AXIS2_PLACEMENT_3D('',#2345,#2346,#2347);
#2349=PLANE('',#2348);
#2350=ADVANCED_FACE('',(#2344),#2349,.T.);
#2351=CARTESIAN_POINT('',(95.,95.,465.45517));
#2352=VERTEX_POINT('',#2351);
#2353=DIRECTION('',(0.,0.,1.));
#2354=VECTOR('',#2353,12.94819);
#2355=LINE('',#2317,#2354);
#2356=EDGE_CURVE('',#2318,#2352,#2355,.T.);
#2357=ORIENTED_EDGE('',*,*,#2356,.T.);
#2358=CARTESIAN_POINT('',(100.,95.,465.45517));
#2359=VERTEX_POINT('',#2358);
#2360=DIRECTION('',(1.,0.,0.));
#2361=VECTOR('',#2360,5.);
#2362=LINE('',#2351,#2361);
#2363=EDGE_CURVE('',#2352,#2359,#2362,.T.);
#2364=ORIENTED_EDGE('',*,*,#2363,.T.);
#2365=DIRECTION('',(0.,0.,1.));
#2366=VECTOR('',#2365,12.94819);
#2367=LINE('',#2324,#2366);
#2368=EDGE_CURVE('',#2325,#2359,#2367,.T.);
#2369=ORIENTED_EDGE('',*,*,#2368,.F.);
#2370=ORIENTED_EDGE('',*,*,#2329,.F.);
#2371=EDGE_LOOP('',(#2357,#2364,#2369,#2370));
#2372=FACE_OUTER_BOUND('',#2371,.T.);
#2373=CARTESIAN_POINT('',(95.,95.,452.50699));
#2374=DIRECTION('',(0.,1.,0.));
#2375=DIRECTION('',(0.,0.,1.));
#2376=AXIS2_PLACEMENT_3D('',#2373,#2374,#2375);
#2377=PLANE('',#2376);
#2378=ADVANCED_FACE('',(#2372),#2377,.T.);
#2379=CARTESIAN_POINT('',(95.,95.,479.35029));
#2380=VERTEX_POINT('',#2379);
#2381=DIRECTION('',(0.,0.,1.));
#2382=VECTOR('',#2381,13.89512);
#2383=LINE('',#2351,#2382);
#2384=EDGE_CURVE('',#2352,#2380,#2383,.T.);
#2385=ORIENTED_EDGE('',*,*,#2384,.T.);
#2386=CARTESIAN_POINT('',(100.,95.,479.35029));
#2387=VERTEX_POINT('',#2386);
#2388=DIRECTION('',(1.,0.,0.));
#2389=VECTOR('',#2388,5.);
#2390=LINE('',#2379,#2389);
#2391=EDGE_CURVE('',#2380,#2387,#2390,.T.);
#2392=ORIENTED_EDGE('',*,*,#2391,.T.);
#2393=DIRECTION('',(0.,0.,1.));
#2394=VECTOR('',#2393,13.89512);
#2395=LINE('',#2358,#2394);
#2396=EDGE_CURVE('',#2359,#2387,#2395,.T.);
#2397=ORIENTED_EDGE('',*,*,#2396,.F.);
#2398=ORIENTED_EDGE('',*,*,#2363,.F.);
#2399=EDGE_LOOP('',(#2385,#2392,#2397,#2398));
#2400=FACE_OUTER_BOUND('',#2399,.T.);
#2401=CARTESIAN_POINT('',(95.,95.,465.45517));
#2402=DIRECTION('',(0.,1.,0.));
#2403=DIRECTION('',(0.,0.,1.));
#2404=AXIS2_PLACEMENT_3D('',#2401,#2402,#2403);
#2405=PLANE('',#2404);
#2406=ADVANCED_FACE('',(#2400),#2405,.T.);
#2407=CARTESIAN_POINT('',(95.,95.,494.84828));
#2408=VERTEX_POINT('',#2407);
#2409=DIRECTION('',(0.,0.,1.));
#2410=VECTOR('',#2409,15.49799);
#2411=LINE('',#2379,#2410);
#2412=EDGE_CURVE('',#2380,#2408,#2411,.T.);
#2413=ORIENTED_EDGE('',*,*,#2412,.T.);
#2414=CARTESIAN_POINT('',(100.,95.,494.84828));
#2415=VERTEX_POINT('',#2414);
#2416=DIRECTION('',(1.,0.,0.));
#2417=VECTOR('',#2416,5.);
#2418=LINE('',#2407,#2417);
#2419=EDGE_CURVE('',#2408,#2415,#2418,.T.);
#2420=ORIENTED_EDGE('',*,*,#2419,.T.);
#2421=DIRECTION('',(0.,0.,1.));
#2422=VECTOR('',#2421,15.49799);
#2423=LINE('',#2386,#2422);
#2424=EDGE_CURVE('',#2387,#2415,#2423,.T.);
#2425=ORIENTED_EDGE('',*,*,#2424,.F.);
#2426=ORIENTED_EDGE('',*,*,#2391,.F.);
#2427=EDGE_LOOP('',(#2413,#2420,#2425,#2426));
#2428=FACE_OUTER_BOUND('',#2427,.T.);
#2429=CARTESIAN_POINT('',(95.,95.,479.35029));
#2430=DIRECTION('',(0.,1.,0.));
#2431=DIRECTION('',(0.,0.,1.));
#2432=AXIS2_PLACEMENT_3D('',#2429,#2430,#2431);
#2433=PLANE('',#2432);
#2434=ADVANCED_FACE('',(#2428),#2433,.T.);
#2435=CARTESIAN_POINT('',(95.,95.,512.89606));
#2436=VERTEX_POINT('',#2435);
#2437=DIRECTION('',(0.,0.,1.));
#2438=VECTOR('',#2437,18.04779);
#2439=LINE('',#2407,#2438);
#2440=EDGE_CURVE('',#2408,#2436,#2439,.T.);
#2441=ORIENTED_EDGE('',*,*,#2440,.T.);
#2442=CARTESIAN_POINT('',(100.,95.,512.89606));
#2443=VERTEX_POINT('',#2442);
#2444=DIRECTION('',(1.,0.,0.));
#2445=VECTOR('',#2444,5.);
#2446=LINE('',#2435,#2445);
#2447=EDGE_CURVE('',#2436,#2443,#2446,.T.);
#2448=ORIENTED_EDGE('',*,*,#2447,.T.);
#2449=DIRECTION('',(0.,0.,1.));
#2450=VECTOR('',#2449,18.04779);
#2451=LINE('',#2414,#2450);
#2452=EDGE_CURVE('',#2415,#2443,#2451,.T.);
#2453=ORIENTED_EDGE('',*,*,#2452,.F.);
#2454=ORIENTED_EDGE('',*,*,#2419,.F.);
#2455=EDGE_LOOP('',(#2441,#2448,#2453,#2454));
#2456=FACE_OUTER_BOUND('',#2455,.T.);
#2457=CARTESIAN_POINT('',(95.,95.,494.84828));
#2458=DIRECTION('',(0.,1.,0.));
#2459=DIRECTION('',(0.,0.,1.));
#2460=AXIS2_PLACEMENT_3D('',#2457,#2458,#2459);
#2461=PLANE('',#2460);
#2462=ADVANCED_FACE('',(#2456),#2461,.T.);
#2463=CARTESIAN_POINT('',(95.,95.,530.40323));
#2464=VERTEX_POINT('',#2463);
#2465=DIRECTION('',(0.,0.,1.));
#2466=VECTOR('',#2465,17.50716);
#2467=LINE('',#2435,#2466);
#2468=EDGE_CURVE('',#2436,#2464,#2467,.T.);
#2469=ORIENTED_EDGE('',*,*,#2468,.T.);
#2470=CARTESIAN_POINT('',(100.,95.,530.40323));
#2471=VERTEX_POINT('',#2470);
#2472=DIRECTION('',(1.,0.,0.));
#2473=VECTOR('',#2472,5.);
#2474=LINE('',#2463,#2473);
#2475=EDGE_CURVE('',#2464,#2471,#2474,.T.);
#2476=ORIENTED_EDGE('',*,*,#2475,.T.);
#2477=DIRECTION('',(0.,0.,1.));
#2478=VECTOR('',#2477,17.50716);
#2479=LINE('',#2442,#2478);
#2480=EDGE_CURVE('',#2443,#2471,#2479,.T.);
#2481=ORIENTED_EDGE('',*,*,#2480,.F.);
#2482=ORIENTED_EDGE('',*,*,#2447,.F.);
#2483=EDGE_LOOP('',(#2469,#2476,#2481,#2482));
#2484=FACE_OUTER_BOUND('',#2483,.T.);
#2485=CARTESIAN_POINT('',(95.,95.,512.89606));
#2486=DIRECTION('',(0.,1.,0.));
#2487=DIRECTION('',(0.,0.,1.));
#2488=AXIS2_PLACEMENT_3D('',#2485,#2486,#2487);
#2489=PLANE('',#2488);
#2490=ADVANCED_FACE('',(#2484),#2489,.T.);
#2491=CARTESIAN_POINT('',(95.,95.,535.));
#2492=VERTEX_POINT('',#2491);
#2493=DIRECTION('',(0.,0.,1.));
#2494=VECTOR('',#2493,4.59677);
#2495=LINE('',#2463,#2494);
#2496=EDGE_CURVE('',#2464,#2492,#2495,.T.);
#2497=ORIENTED_EDGE('',*,*,#2496,.T.);
#2498=CARTESIAN_POINT('',(100.,95.,535.));
#2499=VERTEX_POINT('',#2498);
#2500=DIRECTION('',(1.,0.,0.));
#2501=VECTOR('',#2500,5.);
#2502=LINE('',#2491,#2501);
#2503=EDGE_CURVE('',#2492,#2499,#2502,.T.);
#2504=ORIENTED_EDGE('',*,*,#2503,.T.);
#2505=DIRECTION('',(0.,0.,1.));
#2506=VECTOR('',#2505,4.59677);
#2507=LINE('',#2470,#2506);
#2508=EDGE_CURVE('',#2471,#2499,#2507,.T.);
#2509=ORIENTED_EDGE('',*,*,#2508,.F.);
#2510=ORIENTED_EDGE('',*,*,#2475,.F.);
#2511=EDGE_LOOP('',(#2497,#2504,#2509,#2510));
#2512=FACE_OUTER_BOUND('',#2511,.T.);
#2513=CARTESIAN_POINT('',(95.,95.,530.40323));
#2514=DIRECTION('',(0.,1.,0.));
#2515=DIRECTION('',(0.,0.,1.));
#2516=AXIS2_PLACEMENT_3D('',#2513,#2514,#2515);
#2517=PLANE('',#2516);
#2518=ADVANCED_FACE('',(#2512),#2517,.T.);
#2519=CARTESIAN_POINT('',(95.,95.,546.33782));
#2520=VERTEX_POINT('',#2519);
#2521=DIRECTION('',(0.,0.,1.));
#2522=VECTOR('',#2521,11.33782);
#2523=LINE('',#2491,#2522);
#2524=EDGE_CURVE('',#2492,#2520,#2523,.T.);
#2525=ORIENTED_EDGE('',*,*,#2524,.T.);
#2526=CARTESIAN_POINT('',(100.,95.,546.33782));
#2527=VERTEX_POINT('',#2526);
#2528=DIRECTION('',(1.,0.,0.));
#2529=VECTOR('',#2528,5.);
#2530=LINE('',#2519,#2529);
#2531=EDGE_CURVE('',#2520,#2527,#2530,.T.);
#2532=ORIENTED_EDGE('',*,*,#2531,.T.);
#2533=DIRECTION('',(0.,0.,1.));
#2534=VECTOR('',#2533,11.33782);
#2535=LINE('',#2498,#2534);
#2536=EDGE_CURVE('',#2499,#2527,#2535,.T.);
#2537=ORIENTED_EDGE('',*,*,#2536,.F.);
#2538=ORIENTED_EDGE('',*,*,#2503,.F.);
#2539=EDGE_LOOP('',(#2525,#2532,#2537,#2538));
#2540=FACE_OUTER_BOUND('',#2539,.T.);
#2541=CARTESIAN_POINT('',(95.,95.,535.));
#2542=DIRECTION('',(0.,1.,0.));
#2543=DIRECTION('',(0.,0.,1.));
#2544=AXIS2_PLACEMENT_3D('',#2541,#2542,#2543);
#2545=PLANE('',#2544);
#2546=ADVANCED_FACE('',(#2540),#2545,.T.);
#2547=CARTESIAN_POINT('',(95.,95.,563.80641));
#2548=VERTEX_POINT('',#2547);
#2549=DIRECTION('',(0.,0.,1.));
#2550=VECTOR('',#2549,17.46859);
#2551=LINE('',#2519,#2550);
#2552=EDGE_CURVE('',#2520,#2548,#2551,.T.);
#2553=ORIENTED_EDGE('',*,*,#2552,.T.);
#2554=CARTESIAN_POINT('',(100.,95.,563.80641));
#2555=VERTEX_POINT('',#2554);
#2556=DIRECTION('',(1.,0.,0.));
#2557=VECTOR('',#2556,5.);
#2558=LINE('',#2547,#2557);
#2559=EDGE_CURVE('',#2548,#2555,#2558,.T.);
#2560=ORIENTED_EDGE('',*,*,#2559,.T.);
#2561=DIRECTION('',(0.,0.,1.));
#2562=VECTOR('',#2561,17.46859);
#2563=LINE('',#2526,#2562);
#2564=EDGE_CURVE('',#2527,#2555,#2563,.T.);
#2565=ORIENTED_EDGE('',*,*,#2564,.F.);
#2566=ORIENTED_EDGE('',*,*,#2531,.F.);
#2567=EDGE_LOOP('',(#2553,#2560,#2565,#2566));
#2568=FACE_OUTER_BOUND('',#2567,.T.);
#2569=CARTESIAN_POINT('',(95.,95.,546.33782));
#2570=DIRECTION('',(0.,1.,0.));
#2571=DIRECTION('',(0.,0.,1.));
#2572=AXIS2_PLACEMENT_3D('',#2569,#2570,#2571);
#2573=PLANE('',#2572);
#2574=ADVANCED_FACE('',(#2568),#2573,.T.);
#2575=CARTESIAN_POINT('',(95.,95.,568.17331));
#2576=VERTEX_POINT('',#2575);
#2577=DIRECTION('',(0.,0.,1.));
#2578=VECTOR('',#2577,4.3669);
#2579=LINE('',#2547,#2578);
#2580=EDGE_CURVE('',#2548,#2576,#2579,.T.);
#2581=ORIENTED_EDGE('',*,*,#2580,.T.);
#2582=CARTESIAN_POINT('',(100.,95.,568.17331));
#2583=VERTEX_POINT('',#2582);
#2584=DIRECTION('',(1.,0.,0.));
#2585=VECTOR('',#2584,5.);
#2586=LINE('',#2575,#2585);
#2587=EDGE_CURVE('',#2576,#2583,#2586,.T.);
#2588=ORIENTED_EDGE('',*,*,#2587,.T.);
#2589=DIRECTION('',(0.,0.,1.));
#2590=VECTOR('',#2589,4.3669);
#2591=LINE('',#2554,#2590);
#2592=EDGE_CURVE('',#2555,#2583,#2591,.T.);
#2593=ORIENTED_EDGE('',*,*,#2592,.F.);
#2594=ORIENTED_EDGE('',*,*,#2559,.F.);
#2595=EDGE_LOOP('',(#2581,#2588,#2593,#2594));
#2596=FACE_OUTER_BOUND('',#2595,.T.);
#2597=CARTESIAN_POINT('',(95.,95.,563.80641));
#2598=DIRECTION('',(0.,1.,0.));
#2599=DIRECTION('',(0.,0.,1.));
#2600=AXIS2_PLACEMENT_3D('',#2597,#2598,#2599);
#2601=PLANE('',#2600);
#2602=ADVANCED_FACE('',(#2596),#2601,.T.);
#2603=CARTESIAN_POINT('',(95.,95.,592.));
#2604=VERTEX_POINT('',#2603);
#2605=DIRECTION('',(0.,0.,1.));
#2606=VECTOR('',#2605,23.82669);
#2607=LINE('',#2575,#2606);
#2608=EDGE_CURVE('',#2576,#2604,#2607,.T.);
#2609=ORIENTED_EDGE('',*,*,#2608,.T.);
#2610=CARTESIAN_POINT('',(100.,95.,592.));
#2611=VERTEX_POINT('',#2610);
#2612=DIRECTION('',(1.,0.,0.));
#2613=VECTOR('',#2612,5.);
#2614=LINE('',#2603,#2613);
#2615=EDGE_CURVE('',#2604,#2611,#2614,.T.);
#2616=ORIENTED_EDGE('',*,*,#2615,.T.);
#2617=DIRECTION('',(0.,0.,1.));
#2618=VECTOR('',#2617,23.82669);
#2619=LINE('',#2582,#2618);
#2620=EDGE_CURVE('',#2583,#2611,#2619,.T.);
#2621=ORIENTED_EDGE('',*,*,#2620,.F.);
#2622=ORIENTED_EDGE('',*,*,#2587,.F.);
#2623=EDGE_LOOP('',(#2609,#2616,#2621,#2622));
#2624=FACE_OUTER_BOUND('',#2623,.T.);
#2625=CARTESIAN_POINT('',(95.,95.,568.17331));
#2626=DIRECTION('',(0.,1.,0.));
#2627=DIRECTION('',(0.,0.,1.));
#2628=AXIS2_PLACEMENT_3D('',#2625,#2626,#2627);
#2629=PLANE('',#2628);
#2630=ADVANCED_FACE('',(#2624),#2629,.T.);
#2631=CARTESIAN_POINT('',(95.,93.22667,592.));
#2632=VERTEX_POINT('',#2631);
#2633=DIRECTION('',(0.,-1.,0.));
#2634=VECTOR('',#2633,1.77333);
#2635=LINE('',#2603,#2634);
#2636=EDGE_CURVE('',#2604,#2632,#2635,.T.);
#2637=ORIENTED_EDGE('',*,*,#2636,.T.);
#2638=CARTESIAN_POINT('',(100.,93.22667,592.));
#2639=VERTEX_POINT('',#2638);
#2640=DIRECTION('',(1.,0.,0.));
#2641=VECTOR('',#2640,5.);
#2642=LINE('',#2631,#2641);
#2643=EDGE_CURVE('',#2632,#2639,#2642,.T.);
#2644=ORIENTED_EDGE('',*,*,#2643,.T.);
#2645=DIRECTION('',(0.,-1.,0.));
#2646=VECTOR('',#2645,1.77333);
#2647=LINE('',#2610,#2646);
#2648=EDGE_CURVE('',#2611,#2639,#2647,.T.);
#2649=ORIENTED_EDGE('',*,*,#2648,.F.);
#2650=ORIENTED_EDGE('',*,*,#2615,.F.);
#2651=EDGE_LOOP('',(#2637,#2644,#2649,#2650));
#2652=FACE_OUTER_BOUND('',#2651,.T.);
#2653=CARTESIAN_POINT('',(95.,95.,592.));
#2654=DIRECTION('',(0.,0.,1.));
#2655=DIRECTION('',(0.,-1.,0.));
#2656=AXIS2_PLACEMENT_3D('',#2653,#2654,#2655);
#2657=PLANE('',#2656);
#2658=ADVANCED_FACE('',(#2652),#2657,.T.);
#2659=CARTESIAN_POINT('',(95.,87.75724,592.));
#2660=VERTEX_POINT('',#2659);
#2661=DIRECTION('',(0.,-1.,0.));
#2662=VECTOR('',#2661,5.46943);
#2663=LINE('',#2631,#2662);
#2664=EDGE_CURVE('',#2632,#2660,#2663,.T.);
#2665=ORIENTED_EDGE('',*,*,#2664,.T.);
#2666=CARTESIAN_POINT('',(100.,87.75724,592.));
#2667=VERTEX_POINT('',#2666);
#2668=DIRECTION('',(1.,0.,0.));
#2669=VECTOR('',#2668,5.);
#2670=LINE('',#2659,#2669);
#2671=EDGE_CURVE('',#2660,#2667,#2670,.T.);
#2672=ORIENTED_EDGE('',*,*,#2671,.T.);
#2673=DIRECTION('',(0.,-1.,0.));
#2674=VECTOR('',#2673,5.46943);
#2675=LINE('',#2638,#2674);
#2676=EDGE_CURVE('',#2639,#2667,#2675,.T.);
#2677=ORIENTED_EDGE('',*,*,#2676,.F.);
#2678=ORIENTED_EDGE('',*,*,#2643,.F.);
#2679=EDGE_LOOP('',(#2665,#2672,#2677,#2678));
#2680=FACE_OUTER_BOUND('',#2679,.T.);
#2681=CARTESIAN_POINT('',(95.,93.22667,592.));
#2682=DIRECTION('',(0.,0.,1.));
#2683=DIRECTION('',(0.,-1.,0.));
#2684=AXIS2_PLACEMENT_3D('',#2681,#2682,#2683);
#2685=PLANE('',#2684);
#2686=ADVANCED_FACE('',(#2680),#2685,.T.);
#2687=CARTESIAN_POINT('',(95.,62.96046,592.));
#2688=VERTEX_POINT('',#2687);
#2689=DIRECTION('',(0.,-1.,0.));
#2690=VECTOR('',#2689,24.79678);
#2691=LINE('',#2659,#2690);
#2692=EDGE_CURVE('',#2660,#2688,#2691,.T.);
#2693=ORIENTED_EDGE('',*,*,#2692,.T.);
#2694=CARTESIAN_POINT('',(100.,62.96046,592.));
#2695=VERTEX_POINT('',#2694);
#2696=DIRECTION('',(1.,0.,0.));
#2697=VECTOR('',#2696,5.);
#2698=LINE('',#2687,#2697);
#2699=EDGE_CURVE('',#2688,#2695,#2698,.T.);
#2700=ORIENTED_EDGE('',*,*,#2699,.T.);
#2701=DIRECTION('',(0.,-1.,0.));
#2702=VECTOR('',#2701,24.79678);
#2703=LINE('',#2666,#2702);
#2704=EDGE_CURVE('',#2667,#2695,#2703,.T.);
#2705=ORIENTED_EDGE('',*,*,#2704,.F.);
#2706=ORIENTED_EDGE('',*,*,#2671,.F.);
#2707=EDGE_LOOP('',(#2693,#2700,#2705,#2706));
#2708=FACE_OUTER_BOUND('',#2707,.T.);
#2709=CARTESIAN_POINT('',(95.,87.75724,592.));
#2710=DIRECTION('',(0.,0.,1.));
#2711=DIRECTION('',(0.,-1.,0.));
#2712=AXIS2_PLACEMENT_3D('',#2709,#2710,#2711);
#2713=PLANE('',#2712);
#2714=ADVANCED_FACE('',(#2708),#2713,.T.);
#2715=CARTESIAN_POINT('',(95.,40.72828,592.));
#2716=VERTEX_POINT('',#2715);
#2717=DIRECTION('',(0.,-1.,0.));
#2718=VECTOR('',#2717,22.23218);
#2719=LINE('',#2687,#2718);
#2720=EDGE_CURVE('',#2688,#2716,#2719,.T.);
#2721=ORIENTED_EDGE('',*,*,#2720,.T.);
#2722=CARTESIAN_POINT('',(100.,40.72828,592.));
#2723=VERTEX_POINT('',#2722);
#2724=DIRECTION('',(1.,0.,0.));
#2725=VECTOR('',#2724,5.);
#2726=LINE('',#2715,#2725);
#2727=EDGE_CURVE('',#2716,#2723,#2726,.T.);
#2728=ORIENTED_EDGE('',*,*,#2727,.T.);
#2729=DIRECTION('',(0.,-1.,0.));
#2730=VECTOR('',#2729,22.23218);
#2731=LINE('',#2694,#2730);
#2732=EDGE_CURVE('',#2695,#2723,#2731,.T.);
#2733=ORIENTED_EDGE('',*,*,#2732,.F.);
#2734=ORIENTED_EDGE('',*,*,#2699,.F.);
#2735=EDGE_LOOP('',(#2721,#2728,#2733,#2734));
#2736=FACE_OUTER_BOUND('',#2735,.T.);
#2737=CARTESIAN_POINT('',(95.,62.96046,592.));
#2738=DIRECTION('',(0.,0.,1.));
#2739=DIRECTION('',(0.,-1.,0.));
#2740=AXIS2_PLACEMENT_3D('',#2737,#2738,#2739);
#2741=PLANE('',#2740);
#2742=ADVANCED_FACE('',(#2736),#2741,.T.);
#2743=CARTESIAN_POINT('',(95.,20.01118,592.));
#2744=VERTEX_POINT('',#2743);
#2745=DIRECTION('',(0.,-1.,0.));
#2746=VECTOR('',#2745,20.7171);
#2747=LINE('',#2715,#2746);
#2748=EDGE_CURVE('',#2716,#2744,#2747,.T.);
#2749=ORIENTED_EDGE('',*,*,#2748,.T.);
#2750=CARTESIAN_POINT('',(100.,20.01118,592.));
#2751=VERTEX_POINT('',#2750);
#2752=DIRECTION('',(1.,0.,0.));
#2753=VECTOR('',#2752,5.);
#2754=LINE('',#2743,#2753);
#2755=EDGE_CURVE('',#2744,#2751,#2754,.T.);
#2756=ORIENTED_EDGE('',*,*,#2755,.T.);
#2757=DIRECTION('',(0.,-1.,0.));
#2758=VECTOR('',#2757,20.7171);
#2759=LINE('',#2722,#2758);
#2760=EDGE_CURVE('',#2723,#2751,#2759,.T.);
#2761=ORIENTED_EDGE('',*,*,#2760,.F.);
#2762=ORIENTED_EDGE('',*,*,#2727,.F.);
#2763=EDGE_LOOP('',(#2749,#2756,#2761,#2762));
#2764=FACE_OUTER_BOUND('',#2763,.T.);
#2765=CARTESIAN_POINT('',(95.,40.72828,592.));
#2766=DIRECTION('',(0.,0.,1.));
#2767=DIRECTION('',(0.,-1.,0.));
#2768=AXIS2_PLACEMENT_3D('',#2765,#2766,#2767);
#2769=PLANE('',#2768);
#2770=ADVANCED_FACE('',(#2764),#2769,.T.);
#2771=CARTESIAN_POINT('',(95.,0.,592.));
#2772=VERTEX_POINT('',#2771);
#2773=DIRECTION('',(0.,-1.,0.));
#2774=VECTOR('',#2773,20.01118);
#2775=LINE('',#2743,#2774);
#2776=EDGE_CURVE('',#2744,#2772,#2775,.T.);
#2777=ORIENTED_EDGE('',*,*,#2776,.T.);
#2778=CARTESIAN_POINT('',(100.,0.,592.));
#2779=VERTEX_POINT('',#2778);
#2780=DIRECTION('',(1.,0.,0.));
#2781=VECTOR('',#2780,5.);
#2782=LINE('',#2771,#2781);
#2783=EDGE_CURVE('',#2772,#2779,#2782,.T.);
#2784=ORIENTED_EDGE('',*,*,#2783,.T.);
#2785=DIRECTION('',(0.,-1.,0.));
#2786=VECTOR('',#2785,20.01118);
#2787=LINE('',#2750,#2786);
#2788=EDGE_CURVE('',#2751,#2779,#2787,.T.);
#2789=ORIENTED_EDGE('',*,*,#2788,.F.);
#2790=ORIENTED_EDGE('',*,*,#2755,.F.);
#2791=EDGE_LOOP('',(#2777,#2784,#2789,#2790));
#2792=FACE_OUTER_BOUND('',#2791,.T.);
#2793=CARTESIAN_POINT('',(95.,20.01118,592.));
#2794=DIRECTION('',(0.,0.,1.));
#2795=DIRECTION('',(0.,-1.,0.));
#2796=AXIS2_PLACEMENT_3D('',#2793,#2794,#2795);
#2797=PLANE('',#2796);
#2798=ADVANCED_FACE('',(#2792),#2797,.T.);
#2799=CARTESIAN_POINT('',(95.,-20.01118,592.));
#2800=VERTEX_POINT('',#2799);
#2801=DIRECTION('',(0.,-1.,0.));
#2802=VECTOR('',#2801,20.01118);
#2803=LINE('',#2771,#2802);
#2804=EDGE_CURVE('',#2772,#2800,#2803,.T.);
#2805=ORIENTED_EDGE('',*,*,#2804,.T.);
#2806=CARTESIAN_POINT('',(100.,-20.01118,592.));
#2807=VERTEX_POINT('',#2806);
#2808=DIRECTION('',(1.,0.,0.));
#2809=VECTOR('',#2808,5.);
#2810=LINE('',#2799,#2809);
#2811=EDGE_CURVE('',#2800,#2807,#2810,.T.);
#2812=ORIENTED_EDGE('',*,*,#2811,.T.);
#2813=DIRECTION('',(0.,-1.,0.));
#2814=VECTOR('',#2813,20.01118);
#2815=LINE('',#2778,#2814);
#2816=EDGE_CURVE('',#2779,#2807,#2815,.T.);
#2817=ORIENTED_EDGE('',*,*,#2816,.F.);
#2818=ORIENTED_EDGE('',*,*,#2783,.F.);
#2819=EDGE_LOOP('',(#2805,#2812,#2817,#2818));
#2820=FACE_OUTER_BOUND('',#2819,.T.);
#2821=CARTESIAN_POINT('',(95.,0.,592.));
#2822=DIRECTION('',(0.,0.,1.));
#2823=DIRECTION('',(0.,-1.,0.));
#2824=AXIS2_PLACEMENT_3D('',#2821,#2822,#2823);
#2825=PLANE('',#2824);
#2826=ADVANCED_FACE('',(#2820),#2825,.T.);
#2827=CARTESIAN_POINT('',(95.,-40.72828,592.));
#2828=VERTEX_POINT('',#2827);
#2829=DIRECTION('',(0.,-1.,0.));
#2830=VECTOR('',#2829,20.7171);
#2831=LINE('',#2799,#2830);
#2832=EDGE_CURVE('',#2800,#2828,#2831,.T.);
#2833=ORIENTED_EDGE('',*,*,#2832,.T.);
#2834=CARTESIAN_POINT('',(100.,-40.72828,592.));
#2835=VERTEX_POINT('',#2834);
#2836=DIRECTION('',(1.,0.,0.));
#2837=VECTOR('',#2836,5.);
#2838=LINE('',#2827,#2837);
#2839=EDGE_CURVE('',#2828,#2835,#2838,.T.);
#2840=ORIENTED_EDGE('',*,*,#2839,.T.);
#2841=DIRECTION('',(0.,-1.,0.));
#2842=VECTOR('',#2841,20.7171);
#2843=LINE('',#2806,#2842);
#2844=EDGE_CURVE('',#2807,#2835,#2843,.T.);
#2845=ORIENTED_EDGE('',*,*,#2844,.F.);
#2846=ORIENTED_EDGE('',*,*,#2811,.F.);
#2847=EDGE_LOOP('',(#2833,#2840,#2845,#2846));
#2848=FACE_OUTER_BOUND('',#2847,.T.);
#2849=CARTESIAN_POINT('',(95.,-20.01118,592.));
#2850=DIRECTION('',(0.,0.,1.));
#2851=DIRECTION('',(0.,-1.,0.));
#2852=AXIS2_PLACEMENT_3D('',#2849,#2850,#2851);
#2853=PLANE('',#2852);
#2854=ADVANCED_FACE('',(#2848),#2853,.T.);
#2855=CARTESIAN_POINT('',(95.,-62.96046,592.));
#2856=VERTEX_POINT('',#2855);
#2857=DIRECTION('',(0.,-1.,0.));
#2858=VECTOR('',#2857,22.23218);
#2859=LINE('',#2827,#2858);
#2860=EDGE_CURVE('',#2828,#2856,#2859,.T.);
#2861=ORIENTED_EDGE('',*,*,#2860,.T.);
#2862=CARTESIAN_POINT('',(100.,-62.96046,592.));
#2863=VERTEX_POINT('',#2862);
#2864=DIRECTION('',(1.,0.,0.));
#2865=VECTOR('',#2864,5.);
#2866=LINE('',#2855,#2865);
#2867=EDGE_CURVE('',#2856,#2863,#2866,.T.);
#2868=ORIENTED_EDGE('',*,*,#2867,.T.);
#2869=DIRECTION('',(0.,-1.,0.));
#2870=VECTOR('',#2869,22.23218);
#2871=LINE('',#2834,#2870);
#2872=EDGE_CURVE('',#2835,#2863,#2871,.T.);
#2873=ORIENTED_EDGE('',*,*,#2872,.F.);
#2874=ORIENTED_EDGE('',*,*,#2839,.F.);
#2875=EDGE_LOOP('',(#2861,#2868,#2873,#2874));
#2876=FACE_OUTER_BOUND('',#2875,.T.);
#2877=CARTESIAN_POINT('',(95.,-40.72828,592.));
#2878=DIRECTION('',(0.,0.,1.));
#2879=DIRECTION('',(0.,-1.,0.));
#2880=AXIS2_PLACEMENT_3D('',#2877,#2878,#2879);
#2881=PLANE('',#2880);
#2882=ADVANCED_FACE('',(#2876),#2881,.T.);
#2883=CARTESIAN_POINT('',(95.,-87.75724,592.));
#2884=VERTEX_POINT('',#2883);
#2885=DIRECTION('',(0.,-1.,0.));
#2886=VECTOR('',#2885,24.79678);
#2887=LINE('',#2855,#2886);
#2888=EDGE_CURVE('',#2856,#2884,#2887,.T.);
#2889=ORIENTED_EDGE('',*,*,#2888,.T.);
#2890=CARTESIAN_POINT('',(100.,-87.75724,592.));
#2891=VERTEX_POINT('',#2890);
#2892=DIRECTION('',(1.,0.,0.));
#2893=VECTOR('',#2892,5.);
#2894=LINE('',#2883,#2893);
#2895=EDGE_CURVE('',#2884,#2891,#2894,.T.);
#2896=ORIENTED_EDGE('',*,*,#2895,.T.);
#2897=DIRECTION('',(0.,-1.,0.));
#2898=VECTOR('',#2897,24.79678);
#2899=LINE('',#2862,#2898);
#2900=EDGE_CURVE('',#2863,#2891,#2899,.T.);
#2901=ORIENTED_EDGE('',*,*,#2900,.F.);
#2902=ORIENTED_EDGE('',*,*,#2867,.F.);
#2903=EDGE_LOOP('',(#2889,#2896,#2901,#2902));
#2904=FACE_OUTER_BOUND('',#2903,.T.);
#2905=CARTESIAN_POINT('',(95.,-62.96046,592.));
#2906=DIRECTION('',(0.,0.,1.));
#2907=DIRECTION('',(0.,-1.,0.));
#2908=AXIS2_PLACEMENT_3D('',#2905,#2906,#2907);
#2909=PLANE('',#2908);
#2910=ADVANCED_FACE('',(#2904),#2909,.T.);
#2911=CARTESIAN_POINT('',(95.,-93.22667,592.));
#2912=VERTEX_POINT('',#2911);
#2913=DIRECTION('',(0.,-1.,0.));
#2914=VECTOR('',#2913,5.46943);
#2915=LINE('',#2883,#2914);
#2916=EDGE_CURVE('',#2884,#2912,#2915,.T.);
#2917=ORIENTED_EDGE('',*,*,#2916,.T.);
#2918=CARTESIAN_POINT('',(100.,-93.22667,592.));
#2919=VERTEX_POINT('',#2918);
#2920=DIRECTION('',(1.,0.,0.));
#2921=VECTOR('',#2920,5.);
#2922=LINE('',#2911,#2921);
#2923=EDGE_CURVE('',#2912,#2919,#2922,.T.);
#2924=ORIENTED_EDGE('',*,*,#2923,.T.);
#2925=DIRECTION('',(0.,-1.,0.));
#2926=VECTOR('',#2925,5.46943);
#2927=LINE('',#2890,#2926);
#2928=EDGE_CURVE('',#2891,#2919,#2927,.T.);
#2929=ORIENTED_EDGE('',*,*,#2928,.F.);
#2930=ORIENTED_EDGE('',*,*,#2895,.F.);
#2931=EDGE_LOOP('',(#2917,#2924,#2929,#2930));
#2932=FACE_OUTER_BOUND('',#2931,.T.);
#2933=CARTESIAN_POINT('',(95.,-87.75724,592.));
#2934=DIRECTION('',(0.,0.,1.));
#2935=DIRECTION('',(0.,-1.,0.));
#2936=AXIS2_PLACEMENT_3D('',#2933,#2934,#2935);
#2937=PLANE('',#2936);
#2938=ADVANCED_FACE('',(#2932),#2937,.T.);
#2939=CARTESIAN_POINT('',(95.,-95.,592.));
#2940=VERTEX_POINT('',#2939);
#2941=DIRECTION('',(0.,-1.,0.));
#2942=VECTOR('',#2941,1.77333);
#2943=LINE('',#2911,#2942);
#2944=EDGE_CURVE('',#2912,#2940,#2943,.T.);
#2945=ORIENTED_EDGE('',*,*,#2944,.T.);
#2946=CARTESIAN_POINT('',(100.,-95.,592.));
#2947=VERTEX_POINT('',#2946);
#2948=DIRECTION('',(1.,0.,0.));
#2949=VECTOR('',#2948,5.);
#2950=LINE('',#2939,#2949);
#2951=EDGE_CURVE('',#2940,#2947,#2950,.T.);
#2952=ORIENTED_EDGE('',*,*,#2951,.T.);
#2953=DIRECTION('',(0.,-1.,0.));
#2954=VECTOR('',#2953,1.77333);
#2955=LINE('',#2918,#2954);
#2956=EDGE_CURVE('',#2919,#2947,#2955,.T.);
#2957=ORIENTED_EDGE('',*,*,#2956,.F.);
#2958=ORIENTED_EDGE('',*,*,#2923,.F.);
#2959=EDGE_LOOP('',(#2945,#2952,#2957,#2958));
#2960=FACE_OUTER_BOUND('',#2959,.T.);
#2961=CARTESIAN_POINT('',(95.,-93.22667,592.));
#2962=DIRECTION('',(0.,0.,1.));
#2963=DIRECTION('',(0.,-1.,0.));
#2964=AXIS2_PLACEMENT_3D('',#2961,#2962,#2963);
#2965=PLANE('',#2964);
#2966=ADVANCED_FACE('',(#2960),#2965,.T.);
#2967=CARTESIAN_POINT('',(95.,-95.,568.17331));
#2968=VERTEX_POINT('',#2967);
#2969=DIRECTION('',(0.,0.,-1.));
#2970=VECTOR('',#2969,23.82669);
#2971=LINE('',#2939,#2970);
#2972=EDGE_CURVE('',#2940,#2968,#2971,.T.);
#2973=ORIENTED_EDGE('',*,*,#2972,.T.);
#2974=CARTESIAN_POINT('',(100.,-95.,568.17331));
#2975=VERTEX_POINT('',#2974);
#2976=DIRECTION('',(1.,0.,0.));
#2977=VECTOR('',#2976,5.);
#2978=LINE('',#2967,#2977);
#2979=EDGE_CURVE('',#2968,#2975,#2978,.T.);
#2980=ORIENTED_EDGE('',*,*,#2979,.T.);
#2981=DIRECTION('',(0.,0.,-1.));
#2982=VECTOR('',#2981,23.82669);
#2983=LINE('',#2946,#2982);
#2984=EDGE_CURVE('',#2947,#2975,#2983,.T.);
#2985=ORIENTED_EDGE('',*,*,#2984,.F.);
#2986=ORIENTED_EDGE('',*,*,#2951,.F.);
#2987=EDGE_LOOP('',(#2973,#2980,#2985,#2986));
#2988=FACE_OUTER_BOUND('',#2987,.T.);
#2989=CARTESIAN_POINT('',(95.,-95.,592.));
#2990=DIRECTION('',(0.,-1.,0.));
#2991=DIRECTION('',(0.,0.,-1.));
#2992=AXIS2_PLACEMENT_3D('',#2989,#2990,#2991);
#2993=PLANE('',#2992);
#2994=ADVANCED_FACE('',(#2988),#2993,.T.);
#2995=CARTESIAN_POINT('',(95.,-95.,563.80641));
#2996=VERTEX_POINT('',#2995);
#2997=DIRECTION('',(0.,0.,-1.));
#2998=VECTOR('',#2997,4.3669);
#2999=LINE('',#2967,#2998);
#3000=EDGE_CURVE('',#2968,#2996,#2999,.T.);
#3001=ORIENTED_EDGE('',*,*,#3000,.T.);
#3002=CARTESIAN_POINT('',(100.,-95.,563.80641));
#3003=VERTEX_POINT('',#3002);
#3004=DIRECTION('',(1.,0.,0.));
#3005=VECTOR('',#3004,5.);
#3006=LINE('',#2995,#3005);
#3007=EDGE_CURVE('',#2996,#3003,#3006,.T.);
#3008=ORIENTED_EDGE('',*,*,#3007,.T.);
#3009=DIRECTION('',(0.,0.,-1.));
#3010=VECTOR('',#3009,4.3669);
#3011=LINE('',#2974,#3010);
#3012=EDGE_CURVE('',#2975,#3003,#3011,.T.);
#3013=ORIENTED_EDGE('',*,*,#3012,.F.);
#3014=ORIENTED_EDGE('',*,*,#2979,.F.);
#3015=EDGE_LOOP('',(#3001,#3008,#3013,#3014));
#3016=FACE_OUTER_BOUND('',#3015,.T.);
#3017=CARTESIAN_POINT('',(95.,-95.,568.17331));
#3018=DIRECTION('',(0.,-1.,0.));
#3019=DIRECTION('',(0.,0.,-1.));
#3020=AXIS2_PLACEMENT_3D('',#3017,#3018,#3019);
#3021=PLANE('',#3020);
#3022=ADVANCED_FACE('',(#3016),#3021,.T.);
#3023=CARTESIAN_POINT('',(95.,-95.,546.33782));
#3024=VERTEX_POINT('',#3023);
#3025=DIRECTION('',(0.,0.,-1.));
#3026=VECTOR('',#3025,17.46859);
#3027=LINE('',#2995,#3026);
#3028=EDGE_CURVE('',#2996,#3024,#3027,.T.);
#3029=ORIENTED_EDGE('',*,*,#3028,.T.);
#3030=CARTESIAN_POINT('',(100.,-95.,546.33782));
#3031=VERTEX_POINT('',#3030);
#3032=DIRECTION('',(1.,0.,0.));
#3033=VECTOR('',#3032,5.);
#3034=LINE('',#3023,#3033);
#3035=EDGE_CURVE('',#3024,#3031,#3034,.T.);
#3036=ORIENTED_EDGE('',*,*,#3035,.T.);
#3037=DIRECTION('',(0.,0.,-1.));
#3038=VECTOR('',#3037,17.46859);
#3039=LINE('',#3002,#3038);
#3040=EDGE_CURVE('',#3003,#3031,#3039,.T.);
#3041=ORIENTED_EDGE('',*,*,#3040,.F.);
#3042=ORIENTED_EDGE('',*,*,#3007,.F.);
#3043=EDGE_LOOP('',(#3029,#3036,#3041,#3042));
#3044=FACE_OUTER_BOUND('',#3043,.T.);
#3045=CARTESIAN_POINT('',(95.,-95.,563.80641));
#3046=DIRECTION('',(0.,-1.,0.));
#3047=DIRECTION('',(0.,0.,-1.));
#3048=AXIS2_PLACEMENT_3D('',#3045,#3046,#3047);
#3049=PLANE('',#3048);
#3050=ADVANCED_FACE('',(#3044),#3049,.T.);
#3051=CARTESIAN_POINT('',(95.,-95.,535.));
#3052=VERTEX_POINT('',#3051);
#3053=DIRECTION('',(0.,0.,-1.));
#3054=VECTOR('',#3053,11.33782);
#3055=LINE('',#3023,#3054);
#3056=EDGE_CURVE('',#3024,#3052,#3055,.T.);
#3057=ORIENTED_EDGE('',*,*,#3056,.T.);
#3058=CARTESIAN_POINT('',(100.,-95.,535.));
#3059=VERTEX_POINT('',#3058);
#3060=DIRECTION('',(1.,0.,0.));
#3061=VECTOR('',#3060,5.);
#3062=LINE('',#3051,#3061);
#3063=EDGE_CURVE('',#3052,#3059,#3062,.T.);
#3064=ORIENTED_EDGE('',*,*,#3063,.T.);
#3065=DIRECTION('',(0.,0.,-1.));
#3066=VECTOR('',#3065,11.33782);
#3067=LINE('',#3030,#3066);
#3068=EDGE_CURVE('',#3031,#3059,#3067,.T.);
#3069=ORIENTED_EDGE('',*,*,#3068,.F.);
#3070=ORIENTED_EDGE('',*,*,#3035,.F.);
#3071=EDGE_LOOP('',(#3057,#3064,#3069,#3070));
#3072=FACE_OUTER_BOUND('',#3071,.T.);
#3073=CARTESIAN_POINT('',(95.,-95.,546.33782));
#3074=DIRECTION('',(0.,-1.,0.));
#3075=DIRECTION('',(0.,0.,-1.));
#3076=AXIS2_PLACEMENT_3D('',#3073,#3074,#3075);
#3077=PLANE('',#3076);
#3078=ADVANCED_FACE('',(#3072),#3077,.T.);
#3079=CARTESIAN_POINT('',(95.,-95.,530.40323));
#3080=VERTEX_POINT('',#3079);
#3081=DIRECTION('',(0.,0.,-1.));
#3082=VECTOR('',#3081,4.59677);
#3083=LINE('',#3051,#3082);
#3084=EDGE_CURVE('',#3052,#3080,#3083,.T.);
#3085=ORIENTED_EDGE('',*,*,#3084,.T.);
#3086=CARTESIAN_POINT('',(100.,-95.,530.40323));
#3087=VERTEX_POINT('',#3086);
#3088=DIRECTION('',(1.,0.,0.));
#3089=VECTOR('',#3088,5.);
#3090=LINE('',#3079,#3089);
#3091=EDGE_CURVE('',#3080,#3087,#3090,.T.);
#3092=ORIENTED_EDGE('',*,*,#3091,.T.);
#3093=DIRECTION('',(0.,0.,-1.));
#3094=VECTOR('',#3093,4.59677);
#3095=LINE('',#3058,#3094);
#3096=EDGE_CURVE('',#3059,#3087,#3095,.T.);
#3097=ORIENTED_EDGE('',*,*,#3096,.F.);
#3098=ORIENTED_EDGE('',*,*,#3063,.F.);
#3099=EDGE_LOOP('',(#3085,#3092,#3097,#3098));
#3100=FACE_OUTER_BOUND('',#3099,.T.);
#3101=CARTESIAN_POINT('',(95.,-95.,535.));
#3102=DIRECTION('',(0.,-1.,0.));
#3103=DIRECTION('',(0.,0.,-1.));
#3104=AXIS2_PLACEMENT_3D('',#3101,#3102,#3103);
#3105=PLANE('',#3104);
#3106=ADVANCED_FACE('',(#3100),#3105,.T.);
#3107=CARTESIAN_POINT('',(95.,-95.,512.89606));
#3108=VERTEX_POINT('',#3107);
#3109=DIRECTION('',(0.,0.,-1.));
#3110=VECTOR('',#3109,17.50716);
#3111=LINE('',#3079,#3110);
#3112=EDGE_CURVE('',#3080,#3108,#3111,.T.);
#3113=ORIENTED_EDGE('',*,*,#3112,.T.);
#3114=CARTESIAN_POINT('',(100.,-95.,512.89606));
#3115=VERTEX_POINT('',#3114);
#3116=DIRECTION('',(1.,0.,0.));
#3117=VECTOR('',#3116,5.);
#3118=LINE('',#3107,#3117);
#3119=EDGE_CURVE('',#3108,#3115,#3118,.T.);
#3120=ORIENTED_EDGE('',*,*,#3119,.T.);
#3121=DIRECTION('',(0.,0.,-1.));
#3122=VECTOR('',#3121,17.50716);
#3123=LINE('',#3086,#3122);
#3124=EDGE_CURVE('',#3087,#3115,#3123,.T.);
#3125=ORIENTED_EDGE('',*,*,#3124,.F.);
#3126=ORIENTED_EDGE('',*,*,#3091,.F.);
#3127=EDGE_LOOP('',(#3113,#3120,#3125,#3126));
#3128=FACE_OUTER_BOUND('',#3127,.T.);
#3129=CARTESIAN_POINT('',(95.,-95.,530.40323));
#3130=DIRECTION('',(0.,-1.,0.));
#3131=DIRECTION('',(0.,0.,-1.));
#3132=AXIS2_PLACEMENT_3D('',#3129,#3130,#3131);
#3133=PLANE('',#3132);
#3134=ADVANCED_FACE('',(#3128),#3133,.T.);
#3135=CARTESIAN_POINT('',(95.,-95.,494.84828));
#3136=VERTEX_POINT('',#3135);
#3137=DIRECTION('',(0.,0.,-1.));
#3138=VECTOR('',#3137,18.04779);
#3139=LINE('',#3107,#3138);
#3140=EDGE_CURVE('',#3108,#3136,#3139,.T.);
#3141=ORIENTED_EDGE('',*,*,#3140,.T.);
#3142=CARTESIAN_POINT('',(100.,-95.,494.84828));
#3143=VERTEX_POINT('',#3142);
#3144=DIRECTION('',(1.,0.,0.));
#3145=VECTOR('',#3144,5.);
#3146=LINE('',#3135,#3145);
#3147=EDGE_CURVE('',#3136,#3143,#3146,.T.);
#3148=ORIENTED_EDGE('',*,*,#3147,.T.);
#3149=DIRECTION('',(0.,0.,-1.));
#3150=VECTOR('',#3149,18.04779);
#3151=LINE('',#3114,#3150);
#3152=EDGE_CURVE('',#3115,#3143,#3151,.T.);
#3153=ORIENTED_EDGE('',*,*,#3152,.F.);
#3154=ORIENTED_EDGE('',*,*,#3119,.F.);
#3155=EDGE_LOOP('',(#3141,#3148,#3153,#3154));
#3156=FACE_OUTER_BOUND('',#3155,.T.);
#3157=CARTESIAN_POINT('',(95.,-95.,512.89606));
#3158=DIRECTION('',(0.,-1.,0.));
#3159=DIRECTION('',(0.,0.,-1.));
#3160=AXIS2_PLACEMENT_3D('',#3157,#3158,#3159);
#3161=PLANE('',#3160);
#3162=ADVANCED_FACE('',(#3156),#3161,.T.);
#3163=CARTESIAN_POINT('',(95.,-95.,479.35029));
#3164=VERTEX_POINT('',#3163);
#3165=DIRECTION('',(0.,0.,-1.));
#3166=VECTOR('',#3165,15.49799);
#3167=LINE('',#3135,#3166);
#3168=EDGE_CURVE('',#3136,#3164,#3167,.T.);
#3169=ORIENTED_EDGE('',*,*,#3168,.T.);
#3170=CARTESIAN_POINT('',(100.,-95.,479.35029));
#3171=VERTEX_POINT('',#3170);
#3172=DIRECTION('',(1.,0.,0.));
#3173=VECTOR('',#3172,5.);
#3174=LINE('',#3163,#3173);
#3175=EDGE_CURVE('',#3164,#3171,#3174,.T.);
#3176=ORIENTED_EDGE('',*,*,#3175,.T.);
#3177=DIRECTION('',(0.,0.,-1.));
#3178=VECTOR('',#3177,15.49799);
#3179=LINE('',#3142,#3178);
#3180=EDGE_CURVE('',#3143,#3171,#3179,.T.);
#3181=ORIENTED_EDGE('',*,*,#3180,.F.);
#3182=ORIENTED_EDGE('',*,*,#3147,.F.);
#3183=EDGE_LOOP('',(#3169,#3176,#3181,#3182));
#3184=FACE_OUTER_BOUND('',#3183,.T.);
#3185=CARTESIAN_POINT('',(95.,-95.,494.84828));
#3186=DIRECTION('',(0.,-1.,0.));
#3187=DIRECTION('',(0.,0.,-1.));
#3188=AXIS2_PLACEMENT_3D('',#3185,#3186,#3187);
#3189=PLANE('',#3188);
#3190=ADVANCED_FACE('',(#3184),#3189,.T.);
#3191=CARTESIAN_POINT('',(95.,-95.,465.45517));
#3192=VERTEX_POINT('',#3191);
#3193=DIRECTION('',(0.,0.,-1.));
#3194=VECTOR('',#3193,13.89512);
#3195=LINE('',#3163,#3194);
#3196=EDGE_CURVE('',#3164,#3192,#3195,.T.);
#3197=ORIENTED_EDGE('',*,*,#3196,.T.);
#3198=CARTESIAN_POINT('',(100.,-95.,465.45517));
#3199=VERTEX_POINT('',#3198);
#3200=DIRECTION('',(1.,0.,0.));
#3201=VECTOR('',#3200,5.);
#3202=LINE('',#3191,#3201);
#3203=EDGE_CURVE('',#3192,#3199,#3202,.T.);
#3204=ORIENTED_EDGE('',*,*,#3203,.T.);
#3205=DIRECTION('',(0.,0.,-1.));
#3206=VECTOR('',#3205,13.89512);
#3207=LINE('',#3170,#3206);
#3208=EDGE_CURVE('',#3171,#3199,#3207,.T.);
#3209=ORIENTED_EDGE('',*,*,#3208,.F.);
#3210=ORIENTED_EDGE('',*,*,#3175,.F.);
#3211=EDGE_LOOP('',(#3197,#3204,#3209,#3210));
#3212=FACE_OUTER_BOUND('',#3211,.T.);
#3213=CARTESIAN_POINT('',(95.,-95.,479.35029));
#3214=DIRECTION('',(0.,-1.,0.));
#3215=DIRECTION('',(0.,0.,-1.));
#3216=AXIS2_PLACEMENT_3D('',#3213,#3214,#3215);
#3217=PLANE('',#3216);
#3218=ADVANCED_FACE('',(#3212),#3217,.T.);
#3219=CARTESIAN_POINT('',(95.,-95.,452.50699));
#3220=VERTEX_POINT('',#3219);
#3221=DIRECTION('',(0.,0.,-1.));
#3222=VECTOR('',#3221,12.94819);
#3223=LINE('',#3191,#3222);
#3224=EDGE_CURVE('',#3192,#3220,#3223,.T.);
#3225=ORIENTED_EDGE('',*,*,#3224,.T.);
#3226=CARTESIAN_POINT('',(100.,-95.,452.50699));
#3227=VERTEX_POINT('',#3226);
#3228=DIRECTION('',(1.,0.,0.));
#3229=VECTOR('',#3228,5.);
#3230=LINE('',#3219,#3229);
#3231=EDGE_CURVE('',#3220,#3227,#3230,.T.);
#3232=ORIENTED_EDGE('',*,*,#3231,.T.);
#3233=DIRECTION('',(0.,0.,-1.));
#3234=VECTOR('',#3233,12.94819);
#3235=LINE('',#3198,#3234);
#3236=EDGE_CURVE('',#3199,#3227,#3235,.T.);
#3237=ORIENTED_EDGE('',*,*,#3236,.F.);
#3238=ORIENTED_EDGE('',*,*,#3203,.F.);
#3239=EDGE_LOOP('',(#3225,#3232,#3237,#3238));
#3240=FACE_OUTER_BOUND('',#3239,.T.);
#3241=CARTESIAN_POINT('',(95.,-95.,465.45517));
#3242=DIRECTION('',(0.,-1.,0.));
#3243=DIRECTION('',(0.,0.,-1.));
#3244=AXIS2_PLACEMENT_3D('',#3241,#3242,#3243);
#3245=PLANE('',#3244);
#3246=ADVANCED_FACE('',(#3240),#3245,.T.);
#3247=CARTESIAN_POINT('',(95.,-95.,440.));
#3248=VERTEX_POINT('',#3247);
#3249=DIRECTION('',(0.,0.,-1.));
#3250=VECTOR('',#3249,12.50699);
#3251=LINE('',#3219,#3250);
#3252=EDGE_CURVE('',#3220,#3248,#3251,.T.);
#3253=ORIENTED_EDGE('',*,*,#3252,.T.);
#3254=CARTESIAN_POINT('',(100.,-95.,440.));
#3255=VERTEX_POINT('',#3254);
#3256=DIRECTION('',(1.,0.,0.));
#3257=VECTOR('',#3256,5.);
#3258=LINE('',#3247,#3257);
#3259=EDGE_CURVE('',#3248,#3255,#3258,.T.);
#3260=ORIENTED_EDGE('',*,*,#3259,.T.);
#3261=DIRECTION('',(0.,0.,-1.));
#3262=VECTOR('',#3261,12.50699);
#3263=LINE('',#3226,#3262);
#3264=EDGE_CURVE('',#3227,#3255,#3263,.T.);
#3265=ORIENTED_EDGE('',*,*,#3264,.F.);
#3266=ORIENTED_EDGE('',*,*,#3231,.F.);
#3267=EDGE_LOOP('',(#3253,#3260,#3265,#3266));
#3268=FACE_OUTER_BOUND('',#3267,.T.);
#3269=CARTESIAN_POINT('',(95.,-95.,452.50699));
#3270=DIRECTION('',(0.,-1.,0.));
#3271=DIRECTION('',(0.,0.,-1.));
#3272=AXIS2_PLACEMENT_3D('',#3269,#3270,#3271);
#3273=PLANE('',#3272);
#3274=ADVANCED_FACE('',(#3268),#3273,.T.);
#3275=CARTESIAN_POINT('',(95.,-95.,427.49301));
#3276=VERTEX_POINT('',#3275);
#3277=DIRECTION('',(0.,0.,-1.));
#3278=VECTOR('',#3277,12.50699);
#3279=LINE('',#3247,#3278);
#3280=EDGE_CURVE('',#3248,#3276,#3279,.T.);
#3281=ORIENTED_EDGE('',*,*,#3280,.T.);
#3282=CARTESIAN_POINT('',(100.,-95.,427.49301));
#3283=VERTEX_POINT('',#3282);
#3284=DIRECTION('',(1.,0.,0.));
#3285=VECTOR('',#3284,5.);
#3286=LINE('',#3275,#3285);
#3287=EDGE_CURVE('',#3276,#3283,#3286,.T.);
#3288=ORIENTED_EDGE('',*,*,#3287,.T.);
#3289=DIRECTION('',(0.,0.,-1.));
#3290=VECTOR('',#3289,12.50699);
#3291=LINE('',#3254,#3290);
#3292=EDGE_CURVE('',#3255,#3283,#3291,.T.);
#3293=ORIENTED_EDGE('',*,*,#3292,.F.);
#3294=ORIENTED_EDGE('',*,*,#3259,.F.);
#3295=EDGE_LOOP('',(#3281,#3288,#3293,#3294));
#3296=FACE_OUTER_BOUND('',#3295,.T.);
#3297=CARTESIAN_POINT('',(95.,-95.,440.));
#3298=DIRECTION('',(0.,-1.,0.));
#3299=DIRECTION('',(0.,0.,-1.));
#3300=AXIS2_PLACEMENT_3D('',#3297,#3298,#3299);
#3301=PLANE('',#3300);
#3302=ADVANCED_FACE('',(#3296),#3301,.T.);
#3303=CARTESIAN_POINT('',(95.,-95.,414.54483));
#3304=VERTEX_POINT('',#3303);
#3305=DIRECTION('',(0.,0.,-1.));
#3306=VECTOR('',#3305,12.94819);
#3307=LINE('',#3275,#3306);
#3308=EDGE_CURVE('',#3276,#3304,#3307,.T.);
#3309=ORIENTED_EDGE('',*,*,#3308,.T.);
#3310=CARTESIAN_POINT('',(100.,-95.,414.54483));
#3311=VERTEX_POINT('',#3310);
#3312=DIRECTION('',(1.,0.,0.));
#3313=VECTOR('',#3312,5.);
#3314=LINE('',#3303,#3313);
#3315=EDGE_CURVE('',#3304,#3311,#3314,.T.);
#3316=ORIENTED_EDGE('',*,*,#3315,.T.);
#3317=DIRECTION('',(0.,0.,-1.));
#3318=VECTOR('',#3317,12.94819);
#3319=LINE('',#3282,#3318);
#3320=EDGE_CURVE('',#3283,#3311,#3319,.T.);
#3321=ORIENTED_EDGE('',*,*,#3320,.F.);
#3322=ORIENTED_EDGE('',*,*,#3287,.F.);
#3323=EDGE_LOOP('',(#3309,#3316,#3321,#3322));
#3324=FACE_OUTER_BOUND('',#3323,.T.);
#3325=CARTESIAN_POINT('',(95.,-95.,427.49301));
#3326=DIRECTION('',(0.,-1.,0.));
#3327=DIRECTION('',(0.,0.,-1.));
#3328=AXIS2_PLACEMENT_3D('',#3325,#3326,#3327);
#3329=PLANE('',#3328);
#3330=ADVANCED_FACE('',(#3324),#3329,.T.);
#3331=CARTESIAN_POINT('',(95.,-95.,400.64971));
#3332=VERTEX_POINT('',#3331);
#3333=DIRECTION('',(0.,0.,-1.));
#3334=VECTOR('',#3333,13.89512);
#3335=LINE('',#3303,#3334);
#3336=EDGE_CURVE('',#3304,#3332,#3335,.T.);
#3337=ORIENTED_EDGE('',*,*,#3336,.T.);
#3338=CARTESIAN_POINT('',(100.,-95.,400.64971));
#3339=VERTEX_POINT('',#3338);
#3340=DIRECTION('',(1.,0.,0.));
#3341=VECTOR('',#3340,5.);
#3342=LINE('',#3331,#3341);
#3343=EDGE_CURVE('',#3332,#3339,#3342,.T.);
#3344=ORIENTED_EDGE('',*,*,#3343,.T.);
#3345=DIRECTION('',(0.,0.,-1.));
#3346=VECTOR('',#3345,13.89512);
#3347=LINE('',#3310,#3346);
#3348=EDGE_CURVE('',#3311,#3339,#3347,.T.);
#3349=ORIENTED_EDGE('',*,*,#3348,.F.);
#3350=ORIENTED_EDGE('',*,*,#3315,.F.);
#3351=EDGE_LOOP('',(#3337,#3344,#3349,#3350));
#3352=FACE_OUTER_BOUND('',#3351,.T.);
#3353=CARTESIAN_POINT('',(95.,-95.,414.54483));
#3354=DIRECTION('',(0.,-1.,0.));
#3355=DIRECTION('',(0.,0.,-1.));
#3356=AXIS2_PLACEMENT_3D('',#3353,#3354,#3355);
#3357=PLANE('',#3356);
#3358=ADVANCED_FACE('',(#3352),#3357,.T.);
#3359=CARTESIAN_POINT('',(95.,-95.,385.15172));
#3360=VERTEX_POINT('',#3359);
#3361=DIRECTION('',(0.,0.,-1.));
#3362=VECTOR('',#3361,15.49799);
#3363=LINE('',#3331,#3362);
#3364=EDGE_CURVE('',#3332,#3360,#3363,.T.);
#3365=ORIENTED_EDGE('',*,*,#3364,.T.);
#3366=CARTESIAN_POINT('',(100.,-95.,385.15172));
#3367=VERTEX_POINT('',#3366);
#3368=DIRECTION('',(1.,0.,0.));
#3369=VECTOR('',#3368,5.);
#3370=LINE('',#3359,#3369);
#3371=EDGE_CURVE('',#3360,#3367,#3370,.T.);
#3372=ORIENTED_EDGE('',*,*,#3371,.T.);
#3373=DIRECTION('',(0.,0.,-1.));
#3374=VECTOR('',#3373,15.49799);
#3375=LINE('',#3338,#3374);
#3376=EDGE_CURVE('',#3339,#3367,#3375,.T.);
#3377=ORIENTED_EDGE('',*,*,#3376,.F.);
#3378=ORIENTED_EDGE('',*,*,#3343,.F.);
#3379=EDGE_LOOP('',(#3365,#3372,#3377,#3378));
#3380=FACE_OUTER_BOUND('',#3379,.T.);
#3381=CARTESIAN_POINT('',(95.,-95.,400.64971));
#3382=DIRECTION('',(0.,-1.,0.));
#3383=DIRECTION('',(0.,0.,-1.));
#3384=AXIS2_PLACEMENT_3D('',#3381,#3382,#3383);
#3385=PLANE('',#3384);
#3386=ADVANCED_FACE('',(#3380),#3385,.T.);
#3387=CARTESIAN_POINT('',(95.,-95.,367.10394));
#3388=VERTEX_POINT('',#3387);
#3389=DIRECTION('',(0.,0.,-1.));
#3390=VECTOR('',#3389,18.04779);
#3391=LINE('',#3359,#3390);
#3392=EDGE_CURVE('',#3360,#3388,#3391,.T.);
#3393=ORIENTED_EDGE('',*,*,#3392,.T.);
#3394=CARTESIAN_POINT('',(100.,-95.,367.10394));
#3395=VERTEX_POINT('',#3394);
#3396=DIRECTION('',(1.,0.,0.));
#3397=VECTOR('',#3396,5.);
#3398=LINE('',#3387,#3397);
#3399=EDGE_CURVE('',#3388,#3395,#3398,.T.);
#3400=ORIENTED_EDGE('',*,*,#3399,.T.);
#3401=DIRECTION('',(0.,0.,-1.));
#3402=VECTOR('',#3401,18.04779);
#3403=LINE('',#3366,#3402);
#3404=EDGE_CURVE('',#3367,#3395,#3403,.T.);
#3405=ORIENTED_EDGE('',*,*,#3404,.F.);
#3406=ORIENTED_EDGE('',*,*,#3371,.F.);
#3407=EDGE_LOOP('',(#3393,#3400,#3405,#3406));
#3408=FACE_OUTER_BOUND('',#3407,.T.);
#3409=CARTESIAN_POINT('',(95.,-95.,385.15172));
#3410=DIRECTION('',(0.,-1.,0.));
#3411=DIRECTION('',(0.,0.,-1.));
#3412=AXIS2_PLACEMENT_3D('',#3409,#3410,#3411);
#3413=PLANE('',#3412);
#3414=ADVANCED_FACE('',(#3408),#3413,.T.);
#3415=CARTESIAN_POINT('',(95.,-95.,349.59677));
#3416=VERTEX_POINT('',#3415);
#3417=DIRECTION('',(0.,0.,-1.));
#3418=VECTOR('',#3417,17.50716);
#3419=LINE('',#3387,#3418);
#3420=EDGE_CURVE('',#3388,#3416,#3419,.T.);
#3421=ORIENTED_EDGE('',*,*,#3420,.T.);
#3422=CARTESIAN_POINT('',(100.,-95.,349.59677));
#3423=VERTEX_POINT('',#3422);
#3424=DIRECTION('',(1.,0.,0.));
#3425=VECTOR('',#3424,5.);
#3426=LINE('',#3415,#3425);
#3427=EDGE_CURVE('',#3416,#3423,#3426,.T.);
#3428=ORIENTED_EDGE('',*,*,#3427,.T.);
#3429=DIRECTION('',(0.,0.,-1.));
#3430=VECTOR('',#3429,17.50716);
#3431=LINE('',#3394,#3430);
#3432=EDGE_CURVE('',#3395,#3423,#3431,.T.);
#3433=ORIENTED_EDGE('',*,*,#3432,.F.);
#3434=ORIENTED_EDGE('',*,*,#3399,.F.);
#3435=EDGE_LOOP('',(#3421,#3428,#3433,#3434));
#3436=FACE_OUTER_BOUND('',#3435,.T.);
#3437=CARTESIAN_POINT('',(95.,-95.,367.10394));
#3438=DIRECTION('',(0.,-1.,0.));
#3439=DIRECTION('',(0.,0.,-1.));
#3440=AXIS2_PLACEMENT_3D('',#3437,#3438,#3439);
#3441=PLANE('',#3440);
#3442=ADVANCED_FACE('',(#3436),#3441,.T.);
#3443=CARTESIAN_POINT('',(95.,-95.,345.));
#3444=VERTEX_POINT('',#3443);
#3445=DIRECTION('',(0.,0.,-1.));
#3446=VECTOR('',#3445,4.59677);
#3447=LINE('',#3415,#3446);
#3448=EDGE_CURVE('',#3416,#3444,#3447,.T.);
#3449=ORIENTED_EDGE('',*,*,#3448,.T.);
#3450=CARTESIAN_POINT('',(100.,-95.,345.));
#3451=VERTEX_POINT('',#3450);
#3452=DIRECTION('',(1.,0.,0.));
#3453=VECTOR('',#3452,5.);
#3454=LINE('',#3443,#3453);
#3455=EDGE_CURVE('',#3444,#3451,#3454,.T.);
#3456=ORIENTED_EDGE('',*,*,#3455,.T.);
#3457=DIRECTION('',(0.,0.,-1.));
#3458=VECTOR('',#3457,4.59677);
#3459=LINE('',#3422,#3458);
#3460=EDGE_CURVE('',#3423,#3451,#3459,.T.);
#3461=ORIENTED_EDGE('',*,*,#3460,.F.);
#3462=ORIENTED_EDGE('',*,*,#3427,.F.);
#3463=EDGE_LOOP('',(#3449,#3456,#3461,#3462));
#3464=FACE_OUTER_BOUND('',#3463,.T.);
#3465=CARTESIAN_POINT('',(95.,-95.,349.59677));
#3466=DIRECTION('',(0.,-1.,0.));
#3467=DIRECTION('',(0.,0.,-1.));
#3468=AXIS2_PLACEMENT_3D('',#3465,#3466,#3467);
#3469=PLANE('',#3468);
#3470=ADVANCED_FACE('',(#3464),#3469,.T.);
#3471=CARTESIAN_POINT('',(95.,-95.,333.66218));
#3472=VERTEX_POINT('',#3471);
#3473=DIRECTION('',(0.,0.,-1.));
#3474=VECTOR('',#3473,11.33782);
#3475=LINE('',#3443,#3474);
#3476=EDGE_CURVE('',#3444,#3472,#3475,.T.);
#3477=ORIENTED_EDGE('',*,*,#3476,.T.);
#3478=CARTESIAN_POINT('',(100.,-95.,333.66218));
#3479=VERTEX_POINT('',#3478);
#3480=DIRECTION('',(1.,0.,0.));
#3481=VECTOR('',#3480,5.);
#3482=LINE('',#3471,#3481);
#3483=EDGE_CURVE('',#3472,#3479,#3482,.T.);
#3484=ORIENTED_EDGE('',*,*,#3483,.T.);
#3485=DIRECTION('',(0.,0.,-1.));
#3486=VECTOR('',#3485,11.33782);
#3487=LINE('',#3450,#3486);
#3488=EDGE_CURVE('',#3451,#3479,#3487,.T.);
#3489=ORIENTED_EDGE('',*,*,#3488,.F.);
#3490=ORIENTED_EDGE('',*,*,#3455,.F.);
#3491=EDGE_LOOP('',(#3477,#3484,#3489,#3490));
#3492=FACE_OUTER_BOUND('',#3491,.T.);
#3493=CARTESIAN_POINT('',(95.,-95.,345.));
#3494=DIRECTION('',(0.,-1.,0.));
#3495=DIRECTION('',(0.,0.,-1.));
#3496=AXIS2_PLACEMENT_3D('',#3493,#3494,#3495);
#3497=PLANE('',#3496);
#3498=ADVANCED_FACE('',(#3492),#3497,.T.);
#3499=CARTESIAN_POINT('',(95.,-95.,316.19359));
#3500=VERTEX_POINT('',#3499);
#3501=DIRECTION('',(0.,0.,-1.));
#3502=VECTOR('',#3501,17.46859);
#3503=LINE('',#3471,#3502);
#3504=EDGE_CURVE('',#3472,#3500,#3503,.T.);
#3505=ORIENTED_EDGE('',*,*,#3504,.T.);
#3506=CARTESIAN_POINT('',(100.,-95.,316.19359));
#3507=VERTEX_POINT('',#3506);
#3508=DIRECTION('',(1.,0.,0.));
#3509=VECTOR('',#3508,5.);
#3510=LINE('',#3499,#3509);
#3511=EDGE_CURVE('',#3500,#3507,#3510,.T.);
#3512=ORIENTED_EDGE('',*,*,#3511,.T.);
#3513=DIRECTION('',(0.,0.,-1.));
#3514=VECTOR('',#3513,17.46859);
#3515=LINE('',#3478,#3514);
#3516=EDGE_CURVE('',#3479,#3507,#3515,.T.);
#3517=ORIENTED_EDGE('',*,*,#3516,.F.);
#3518=ORIENTED_EDGE('',*,*,#3483,.F.);
#3519=EDGE_LOOP('',(#3505,#3512,#3517,#3518));
#3520=FACE_OUTER_BOUND('',#3519,.T.);
#3521=CARTESIAN_POINT('',(95.,-95.,333.66218));
#3522=DIRECTION('',(0.,-1.,0.));
#3523=DIRECTION('',(0.,0.,-1.));
#3524=AXIS2_PLACEMENT_3D('',#3521,#3522,#3523);
#3525=PLANE('',#3524);
#3526=ADVANCED_FACE('',(#3520),#3525,.T.);
#3527=CARTESIAN_POINT('',(95.,-95.,311.82669));
#3528=VERTEX_POINT('',#3527);
#3529=DIRECTION('',(0.,0.,-1.));
#3530=VECTOR('',#3529,4.3669);
#3531=LINE('',#3499,#3530);
#3532=EDGE_CURVE('',#3500,#3528,#3531,.T.);
#3533=ORIENTED_EDGE('',*,*,#3532,.T.);
#3534=CARTESIAN_POINT('',(100.,-95.,311.82669));
#3535=VERTEX_POINT('',#3534);
#3536=DIRECTION('',(1.,0.,0.));
#3537=VECTOR('',#3536,5.);
#3538=LINE('',#3527,#3537);
#3539=EDGE_CURVE('',#3528,#3535,#3538,.T.);
#3540=ORIENTED_EDGE('',*,*,#3539,.T.);
#3541=DIRECTION('',(0.,0.,-1.));
#3542=VECTOR('',#3541,4.3669);
#3543=LINE('',#3506,#3542);
#3544=EDGE_CURVE('',#3507,#3535,#3543,.T.);
#3545=ORIENTED_EDGE('',*,*,#3544,.F.);
#3546=ORIENTED_EDGE('',*,*,#3511,.F.);
#3547=EDGE_LOOP('',(#3533,#3540,#3545,#3546));
#3548=FACE_OUTER_BOUND('',#3547,.T.);
#3549=CARTESIAN_POINT('',(95.,-95.,316.19359));
#3550=DIRECTION('',(0.,-1.,0.));
#3551=DIRECTION('',(0.,0.,-1.));
#3552=AXIS2_PLACEMENT_3D('',#3549,#3550,#3551);
#3553=PLANE('',#3552);
#3554=ADVANCED_FACE('',(#3548),#3553,.T.);
#3555=CARTESIAN_POINT('',(95.,-95.,285.1087));
#3556=VERTEX_POINT('',#3555);
#3557=DIRECTION('',(0.,0.,-1.));
#3558=VECTOR('',#3557,26.718);
#3559=LINE('',#3527,#3558);
#3560=EDGE_CURVE('',#3528,#3556,#3559,.T.);
#3561=ORIENTED_EDGE('',*,*,#3560,.T.);
#3562=CARTESIAN_POINT('',(100.,-95.,285.1087));
#3563=VERTEX_POINT('',#3562);
#3564=DIRECTION('',(1.,0.,0.));
#3565=VECTOR('',#3564,5.);
#3566=LINE('',#3555,#3565);
#3567=EDGE_CURVE('',#3556,#3563,#3566,.T.);
#3568=ORIENTED_EDGE('',*,*,#3567,.T.);
#3569=DIRECTION('',(0.,0.,-1.));
#3570=VECTOR('',#3569,26.718);
#3571=LINE('',#3534,#3570);
#3572=EDGE_CURVE('',#3535,#3563,#3571,.T.);
#3573=ORIENTED_EDGE('',*,*,#3572,.F.);
#3574=ORIENTED_EDGE('',*,*,#3539,.F.);
#3575=EDGE_LOOP('',(#3561,#3568,#3573,#3574));
#3576=FACE_OUTER_BOUND('',#3575,.T.);
#3577=CARTESIAN_POINT('',(95.,-95.,311.82669));
#3578=DIRECTION('',(0.,-1.,0.));
#3579=DIRECTION('',(0.,0.,-1.));
#3580=AXIS2_PLACEMENT_3D('',#3577,#3578,#3579);
#3581=PLANE('',#3580);
#3582=ADVANCED_FACE('',(#3576),#3581,.T.);
#3583=CARTESIAN_POINT('',(95.,-95.,275.45517));
#3584=VERTEX_POINT('',#3583);
#3585=DIRECTION('',(0.,0.,-1.));
#3586=VECTOR('',#3585,9.65352);
#3587=LINE('',#3555,#3586);
#3588=EDGE_CURVE('',#3556,#3584,#3587,.T.);
#3589=ORIENTED_EDGE('',*,*,#3588,.T.);
#3590=CARTESIAN_POINT('',(100.,-95.,275.45517));
#3591=VERTEX_POINT('',#3590);
#3592=DIRECTION('',(1.,0.,0.));
#3593=VECTOR('',#3592,5.);
#3594=LINE('',#3583,#3593);
#3595=EDGE_CURVE('',#3584,#3591,#3594,.T.);
#3596=ORIENTED_EDGE('',*,*,#3595,.T.);
#3597=DIRECTION('',(0.,0.,-1.));
#3598=VECTOR('',#3597,9.65352);
#3599=LINE('',#3562,#3598);
#3600=EDGE_CURVE('',#3563,#3591,#3599,.T.);
#3601=ORIENTED_EDGE('',*,*,#3600,.F.);
#3602=ORIENTED_EDGE('',*,*,#3567,.F.);
#3603=EDGE_LOOP('',(#3589,#3596,#3601,#3602));
#3604=FACE_OUTER_BOUND('',#3603,.T.);
#3605=CARTESIAN_POINT('',(95.,-95.,285.1087));
#3606=DIRECTION('',(0.,-1.,0.));
#3607=DIRECTION('',(0.,0.,-1.));
#3608=AXIS2_PLACEMENT_3D('',#3605,#3606,#3607);
#3609=PLANE('',#3608);
#3610=ADVANCED_FACE('',(#3604),#3609,.T.);
#3611=CARTESIAN_POINT('',(95.,-95.,210.64971));
#3612=VERTEX_POINT('',#3611);
#3613=DIRECTION('',(0.,0.,-1.));
#3614=VECTOR('',#3613,64.80546);
#3615=LINE('',#3583,#3614);
#3616=EDGE_CURVE('',#3584,#3612,#3615,.T.);
#3617=ORIENTED_EDGE('',*,*,#3616,.T.);
#3618=CARTESIAN_POINT('',(100.,-95.,210.64971));
#3619=VERTEX_POINT('',#3618);
#3620=DIRECTION('',(1.,0.,0.));
#3621=VECTOR('',#3620,5.);
#3622=LINE('',#3611,#3621);
#3623=EDGE_CURVE('',#3612,#3619,#3622,.T.);
#3624=ORIENTED_EDGE('',*,*,#3623,.T.);
#3625=DIRECTION('',(0.,0.,-1.));
#3626=VECTOR('',#3625,64.80546);
#3627=LINE('',#3590,#3626);
#3628=EDGE_CURVE('',#3591,#3619,#3627,.T.);
#3629=ORIENTED_EDGE('',*,*,#3628,.F.);
#3630=ORIENTED_EDGE('',*,*,#3595,.F.);
#3631=EDGE_LOOP('',(#3617,#3624,#3629,#3630));
#3632=FACE_OUTER_BOUND('',#3631,.T.);
#3633=CARTESIAN_POINT('',(95.,-95.,275.45517));
#3634=DIRECTION('',(0.,-1.,0.));
#3635=DIRECTION('',(0.,0.,-1.));
#3636=AXIS2_PLACEMENT_3D('',#3633,#3634,#3635);
#3637=PLANE('',#3636);
#3638=ADVANCED_FACE('',(#3632),#3637,.T.);
#3639=CARTESIAN_POINT('',(95.,-95.,180.));
#3640=VERTEX_POINT('',#3639);
#3641=DIRECTION('',(0.,0.,-1.));
#3642=VECTOR('',#3641,30.64971);
#3643=LINE('',#3611,#3642);
#3644=EDGE_CURVE('',#3612,#3640,#3643,.T.);
#3645=ORIENTED_EDGE('',*,*,#3644,.T.);
#3646=CARTESIAN_POINT('',(100.,-95.,180.));
#3647=VERTEX_POINT('',#3646);
#3648=DIRECTION('',(1.,0.,0.));
#3649=VECTOR('',#3648,5.);
#3650=LINE('',#3639,#3649);
#3651=EDGE_CURVE('',#3640,#3647,#3650,.T.);
#3652=ORIENTED_EDGE('',*,*,#3651,.T.);
#3653=DIRECTION('',(0.,0.,-1.));
#3654=VECTOR('',#3653,30.64971);
#3655=LINE('',#3618,#3654);
#3656=EDGE_CURVE('',#3619,#3647,#3655,.T.);
#3657=ORIENTED_EDGE('',*,*,#3656,.F.);
#3658=ORIENTED_EDGE('',*,*,#3623,.F.);
#3659=EDGE_LOOP('',(#3645,#3652,#3657,#3658));
#3660=FACE_OUTER_BOUND('',#3659,.T.);
#3661=CARTESIAN_POINT('',(95.,-95.,210.64971));
#3662=DIRECTION('',(0.,-1.,0.));
#3663=DIRECTION('',(0.,0.,-1.));
#3664=AXIS2_PLACEMENT_3D('',#3661,#3662,#3663);
#3665=PLANE('',#3664);
#3666=ADVANCED_FACE('',(#3660),#3665,.T.);
#3667=CARTESIAN_POINT('',(95.,-69.66679,180.));
#3668=VERTEX_POINT('',#3667);
#3669=DIRECTION('',(0.,1.,0.));
#3670=VECTOR('',#3669,25.33321);
#3671=LINE('',#3639,#3670);
#3672=EDGE_CURVE('',#3640,#3668,#3671,.T.);
#3673=ORIENTED_EDGE('',*,*,#3672,.T.);
#3674=CARTESIAN_POINT('',(100.,-69.66679,180.));
#3675=VERTEX_POINT('',#3674);
#3676=DIRECTION('',(1.,0.,0.));
#3677=VECTOR('',#3676,5.);
#3678=LINE('',#3667,#3677);
#3679=EDGE_CURVE('',#3668,#3675,#3678,.T.);
#3680=ORIENTED_EDGE('',*,*,#3679,.T.);
#3681=DIRECTION('',(0.,1.,0.));
#3682=VECTOR('',#3681,25.33321);
#3683=LINE('',#3646,#3682);
#3684=EDGE_CURVE('',#3647,#3675,#3683,.T.);
#3685=ORIENTED_EDGE('',*,*,#3684,.F.);
#3686=ORIENTED_EDGE('',*,*,#3651,.F.);
#3687=EDGE_LOOP('',(#3673,#3680,#3685,#3686));
#3688=FACE_OUTER_BOUND('',#3687,.T.);
#3689=CARTESIAN_POINT('',(95.,-95.,180.));
#3690=DIRECTION('',(0.,0.,-1.));
#3691=DIRECTION('',(0.,1.,0.));
#3692=AXIS2_PLACEMENT_3D('',#3689,#3690,#3691);
#3693=PLANE('',#3692);
#3694=ADVANCED_FACE('',(#3688),#3693,.T.);
#3695=CARTESIAN_POINT('',(95.,-34.22965,180.));
#3696=VERTEX_POINT('',#3695);
#3697=DIRECTION('',(0.,1.,0.));
#3698=VECTOR('',#3697,35.43714);
#3699=LINE('',#3667,#3698);
#3700=EDGE_CURVE('',#3668,#3696,#3699,.T.);
#3701=ORIENTED_EDGE('',*,*,#3700,.T.);
#3702=CARTESIAN_POINT('',(100.,-34.22965,180.));
#3703=VERTEX_POINT('',#3702);
#3704=DIRECTION('',(1.,0.,0.));
#3705=VECTOR('',#3704,5.);
#3706=LINE('',#3695,#3705);
#3707=EDGE_CURVE('',#3696,#3703,#3706,.T.);
#3708=ORIENTED_EDGE('',*,*,#3707,.T.);
#3709=DIRECTION('',(0.,1.,0.));
#3710=VECTOR('',#3709,35.43714);
#3711=LINE('',#3674,#3710);
#3712=EDGE_CURVE('',#3675,#3703,#3711,.T.);
#3713=ORIENTED_EDGE('',*,*,#3712,.F.);
#3714=ORIENTED_EDGE('',*,*,#3679,.F.);
#3715=EDGE_LOOP('',(#3701,#3708,#3713,#3714));
#3716=FACE_OUTER_BOUND('',#3715,.T.);
#3717=CARTESIAN_POINT('',(95.,-69.66679,180.));
#3718=DIRECTION('',(0.,0.,-1.));
#3719=DIRECTION('',(0.,1.,0.));
#3720=AXIS2_PLACEMENT_3D('',#3717,#3718,#3719);
#3721=PLANE('',#3720);
#3722=ADVANCED_FACE('',(#3716),#3721,.T.);
#3723=CARTESIAN_POINT('',(95.,0.,180.));
#3724=VERTEX_POINT('',#3723);
#3725=DIRECTION('',(0.,1.,0.));
#3726=VECTOR('',#3725,34.22965);
#3727=LINE('',#3695,#3726);
#3728=EDGE_CURVE('',#3696,#3724,#3727,.T.);
#3729=ORIENTED_EDGE('',*,*,#3728,.T.);
#3730=CARTESIAN_POINT('',(100.,0.,180.));
#3731=VERTEX_POINT('',#3730);
#3732=DIRECTION('',(1.,0.,0.));
#3733=VECTOR('',#3732,5.);
#3734=LINE('',#3723,#3733);
#3735=EDGE_CURVE('',#3724,#3731,#3734,.T.);
#3736=ORIENTED_EDGE('',*,*,#3735,.T.);
#3737=DIRECTION('',(0.,1.,0.));
#3738=VECTOR('',#3737,34.22965);
#3739=LINE('',#3702,#3738);
#3740=EDGE_CURVE('',#3703,#3731,#3739,.T.);
#3741=ORIENTED_EDGE('',*,*,#3740,.F.);
#3742=ORIENTED_EDGE('',*,*,#3707,.F.);
#3743=EDGE_LOOP('',(#3729,#3736,#3741,#3742));
#3744=FACE_OUTER_BOUND('',#3743,.T.);
#3745=CARTESIAN_POINT('',(95.,-34.22965,180.));
#3746=DIRECTION('',(0.,0.,-1.));
#3747=DIRECTION('',(0.,1.,0.));
#3748=AXIS2_PLACEMENT_3D('',#3745,#3746,#3747);
#3749=PLANE('',#3748);
#3750=ADVANCED_FACE('',(#3744),#3749,.T.);
#3751=CARTESIAN_POINT('',(95.,34.22965,180.));
#3752=VERTEX_POINT('',#3751);
#3753=DIRECTION('',(0.,1.,0.));
#3754=VECTOR('',#3753,34.22965);
#3755=LINE('',#3723,#3754);
#3756=EDGE_CURVE('',#3724,#3752,#3755,.T.);
#3757=ORIENTED_EDGE('',*,*,#3756,.T.);
#3758=CARTESIAN_POINT('',(100.,34.22965,180.));
#3759=VERTEX_POINT('',#3758);
#3760=DIRECTION('',(1.,0.,0.));
#3761=VECTOR('',#3760,5.);
#3762=LINE('',#3751,#3761);
#3763=EDGE_CURVE('',#3752,#3759,#3762,.T.);
#3764=ORIENTED_EDGE('',*,*,#3763,.T.);
#3765=DIRECTION('',(0.,1.,0.));
#3766=VECTOR('',#3765,34.22965);
#3767=LINE('',#3730,#3766);
#3768=EDGE_CURVE('',#3731,#3759,#3767,.T.);
#3769=ORIENTED_EDGE('',*,*,#3768,.F.);
#3770=ORIENTED_EDGE('',*,*,#3735,.F.);
#3771=EDGE_LOOP('',(#3757,#3764,#3769,#3770));
#3772=FACE_OUTER_BOUND('',#3771,.T.);
#3773=CARTESIAN_POINT('',(95.,0.,180.));
#3774=DIRECTION('',(0.,0.,-1.));
#3775=DIRECTION('',(0.,1.,0.));
#3776=AXIS2_PLACEMENT_3D('',#3773,#3774,#3775);
#3777=PLANE('',#3776);
#3778=ADVANCED_FACE('',(#3772),#3777,.T.);
#3779=CARTESIAN_POINT('',(95.,69.66679,180.));
#3780=VERTEX_POINT('',#3779);
#3781=DIRECTION('',(0.,1.,0.));
#3782=VECTOR('',#3781,35.43714);
#3783=LINE('',#3751,#3782);
#3784=EDGE_CURVE('',#3752,#3780,#3783,.T.);
#3785=ORIENTED_EDGE('',*,*,#3784,.T.);
#3786=CARTESIAN_POINT('',(100.,69.66679,180.));
#3787=VERTEX_POINT('',#3786);
#3788=DIRECTION('',(1.,0.,0.));
#3789=VECTOR('',#3788,5.);
#3790=LINE('',#3779,#3789);
#3791=EDGE_CURVE('',#3780,#3787,#3790,.T.);
#3792=ORIENTED_EDGE('',*,*,#3791,.T.);
#3793=DIRECTION('',(0.,1.,0.));
#3794=VECTOR('',#3793,35.43714);
#3795=LINE('',#3758,#3794);
#3796=EDGE_CURVE('',#3759,#3787,#3795,.T.);
#3797=ORIENTED_EDGE('',*,*,#3796,.F.);
#3798=ORIENTED_EDGE('',*,*,#3763,.F.);
#3799=EDGE_LOOP('',(#3785,#3792,#3797,#3798));
#3800=FACE_OUTER_BOUND('',#3799,.T.);
#3801=CARTESIAN_POINT('',(95.,34.22965,180.));
#3802=DIRECTION('',(0.,0.,-1.));
#3803=DIRECTION('',(0.,1.,0.));
#3804=AXIS2_PLACEMENT_3D('',#3801,#3802,#3803);
#3805=PLANE('',#3804);
#3806=ADVANCED_FACE('',(#3800),#3805,.T.);
#3807=CARTESIAN_POINT('',(95.,95.,180.));
#3808=VERTEX_POINT('',#3807);
#3809=DIRECTION('',(0.,1.,0.));
#3810=VECTOR('',#3809,25.33321);
#3811=LINE('',#3779,#3810);
#3812=EDGE_CURVE('',#3780,#3808,#3811,.T.);
#3813=ORIENTED_EDGE('',*,*,#3812,.T.);
#3814=CARTESIAN_POINT('',(100.,95.,180.));
#3815=VERTEX_POINT('',#3814);
#3816=DIRECTION('',(1.,0.,0.));
#3817=VECTOR('',#3816,5.);
#3818=LINE('',#3807,#3817);
#3819=EDGE_CURVE('',#3808,#3815,#3818,.T.);
#3820=ORIENTED_EDGE('',*,*,#3819,.T.);
#3821=DIRECTION('',(0.,1.,0.));
#3822=VECTOR('',#3821,25.33321);
#3823=LINE('',#3786,#3822);
#3824=EDGE_CURVE('',#3787,#3815,#3823,.T.);
#3825=ORIENTED_EDGE('',*,*,#3824,.F.);
#3826=ORIENTED_EDGE('',*,*,#3791,.F.);
#3827=EDGE_LOOP('',(#3813,#3820,#3825,#3826));
#3828=FACE_OUTER_BOUND('',#3827,.T.);
#3829=CARTESIAN_POINT('',(95.,69.66679,180.));
#3830=DIRECTION('',(0.,0.,-1.));
#3831=DIRECTION('',(0.,1.,0.));
#3832=AXIS2_PLACEMENT_3D('',#3829,#3830,#3831);
#3833=PLANE('',#3832);
#3834=ADVANCED_FACE('',(#3828),#3833,.T.);
#3835=CARTESIAN_POINT('',(95.,95.,210.64971));
#3836=VERTEX_POINT('',#3835);
#3837=DIRECTION('',(0.,0.,1.));
#3838=VECTOR('',#3837,30.64971);
#3839=LINE('',#3807,#3838);
#3840=EDGE_CURVE('',#3808,#3836,#3839,.T.);
#3841=ORIENTED_EDGE('',*,*,#3840,.T.);
#3842=CARTESIAN_POINT('',(100.,95.,210.64971));
#3843=VERTEX_POINT('',#3842);
#3844=DIRECTION('',(1.,0.,0.));
#3845=VECTOR('',#3844,5.);
#3846=LINE('',#3835,#3845);
#3847=EDGE_CURVE('',#3836,#3843,#3846,.T.);
#3848=ORIENTED_EDGE('',*,*,#3847,.T.);
#3849=DIRECTION('',(0.,0.,1.));
#3850=VECTOR('',#3849,30.64971);
#3851=LINE('',#3814,#3850);
#3852=EDGE_CURVE('',#3815,#3843,#3851,.T.);
#3853=ORIENTED_EDGE('',*,*,#3852,.F.);
#3854=ORIENTED_EDGE('',*,*,#3819,.F.);
#3855=EDGE_LOOP('',(#3841,#3848,#3853,#3854));
#3856=FACE_OUTER_BOUND('',#3855,.T.);
#3857=CARTESIAN_POINT('',(95.,95.,180.));
#3858=DIRECTION('',(0.,1.,0.));
#3859=DIRECTION('',(0.,0.,1.));
#3860=AXIS2_PLACEMENT_3D('',#3857,#3858,#3859);
#3861=PLANE('',#3860);
#3862=ADVANCED_FACE('',(#3856),#3861,.T.);
#3863=CARTESIAN_POINT('',(95.,95.,275.45517));
#3864=VERTEX_POINT('',#3863);
#3865=DIRECTION('',(0.,0.,1.));
#3866=VECTOR('',#3865,64.80546);
#3867=LINE('',#3835,#3866);
#3868=EDGE_CURVE('',#3836,#3864,#3867,.T.);
#3869=ORIENTED_EDGE('',*,*,#3868,.T.);
#3870=CARTESIAN_POINT('',(100.,95.,275.45517));
#3871=VERTEX_POINT('',#3870);
#3872=DIRECTION('',(1.,0.,0.));
#3873=VECTOR('',#3872,5.);
#3874=LINE('',#3863,#3873);
#3875=EDGE_CURVE('',#3864,#3871,#3874,.T.);
#3876=ORIENTED_EDGE('',*,*,#3875,.T.);
#3877=DIRECTION('',(0.,0.,1.));
#3878=VECTOR('',#3877,64.80546);
#3879=LINE('',#3842,#3878);
#3880=EDGE_CURVE('',#3843,#3871,#3879,.T.);
#3881=ORIENTED_EDGE('',*,*,#3880,.F.);
#3882=ORIENTED_EDGE('',*,*,#3847,.F.);
#3883=EDGE_LOOP('',(#3869,#3876,#3881,#3882));
#3884=FACE_OUTER_BOUND('',#3883,.T.);
#3885=CARTESIAN_POINT('',(95.,95.,210.64971));
#3886=DIRECTION('',(0.,1.,0.));
#3887=DIRECTION('',(0.,0.,1.));
#3888=AXIS2_PLACEMENT_3D('',#3885,#3886,#3887);
#3889=PLANE('',#3888);
#3890=ADVANCED_FACE('',(#3884),#3889,.T.);
#3891=CARTESIAN_POINT('',(95.,95.,285.1087));
#3892=VERTEX_POINT('',#3891);
#3893=DIRECTION('',(0.,0.,1.));
#3894=VECTOR('',#3893,9.65352);
#3895=LINE('',#3863,#3894);
#3896=EDGE_CURVE('',#3864,#3892,#3895,.T.);
#3897=ORIENTED_EDGE('',*,*,#3896,.T.);
#3898=CARTESIAN_POINT('',(100.,95.,285.1087));
#3899=VERTEX_POINT('',#3898);
#3900=DIRECTION('',(1.,0.,0.));
#3901=VECTOR('',#3900,5.);
#3902=LINE('',#3891,#3901);
#3903=EDGE_CURVE('',#3892,#3899,#3902,.T.);
#3904=ORIENTED_EDGE('',*,*,#3903,.T.);
#3905=DIRECTION('',(0.,0.,1.));
#3906=VECTOR('',#3905,9.65352);
#3907=LINE('',#3870,#3906);
#3908=EDGE_CURVE('',#3871,#3899,#3907,.T.);
#3909=ORIENTED_EDGE('',*,*,#3908,.F.);
#3910=ORIENTED_EDGE('',*,*,#3875,.F.);
#3911=EDGE_LOOP('',(#3897,#3904,#3909,#3910));
#3912=FACE_OUTER_BOUND('',#3911,.T.);
#3913=CARTESIAN_POINT('',(95.,95.,275.45517));
#3914=DIRECTION('',(0.,1.,0.));
#3915=DIRECTION('',(0.,0.,1.));
#3916=AXIS2_PLACEMENT_3D('',#3913,#3914,#3915);
#3917=PLANE('',#3916);
#3918=ADVANCED_FACE('',(#3912),#3917,.T.);
#3919=CARTESIAN_POINT('',(95.,95.,311.82669));
#3920=VERTEX_POINT('',#3919);
#3921=DIRECTION('',(0.,0.,1.));
#3922=VECTOR('',#3921,26.718);
#3923=LINE('',#3891,#3922);
#3924=EDGE_CURVE('',#3892,#3920,#3923,.T.);
#3925=ORIENTED_EDGE('',*,*,#3924,.T.);
#3926=CARTESIAN_POINT('',(100.,95.,311.82669));
#3927=VERTEX_POINT('',#3926);
#3928=DIRECTION('',(1.,0.,0.));
#3929=VECTOR('',#3928,5.);
#3930=LINE('',#3919,#3929);
#3931=EDGE_CURVE('',#3920,#3927,#3930,.T.);
#3932=ORIENTED_EDGE('',*,*,#3931,.T.);
#3933=DIRECTION('',(0.,0.,1.));
#3934=VECTOR('',#3933,26.718);
#3935=LINE('',#3898,#3934);
#3936=EDGE_CURVE('',#3899,#3927,#3935,.T.);
#3937=ORIENTED_EDGE('',*,*,#3936,.F.);
#3938=ORIENTED_EDGE('',*,*,#3903,.F.);
#3939=EDGE_LOOP('',(#3925,#3932,#3937,#3938));
#3940=FACE_OUTER_BOUND('',#3939,.T.);
#3941=CARTESIAN_POINT('',(95.,95.,285.1087));
#3942=DIRECTION('',(0.,1.,0.));
#3943=DIRECTION('',(0.,0.,1.));
#3944=AXIS2_PLACEMENT_3D('',#3941,#3942,#3943);
#3945=PLANE('',#3944);
#3946=ADVANCED_FACE('',(#3940),#3945,.T.);
#3947=CARTESIAN_POINT('',(95.,95.,316.19359));
#3948=VERTEX_POINT('',#3947);
#3949=DIRECTION('',(0.,0.,1.));
#3950=VECTOR('',#3949,4.3669);
#3951=LINE('',#3919,#3950);
#3952=EDGE_CURVE('',#3920,#3948,#3951,.T.);
#3953=ORIENTED_EDGE('',*,*,#3952,.T.);
#3954=CARTESIAN_POINT('',(100.,95.,316.19359));
#3955=VERTEX_POINT('',#3954);
#3956=DIRECTION('',(1.,0.,0.));
#3957=VECTOR('',#3956,5.);
#3958=LINE('',#3947,#3957);
#3959=EDGE_CURVE('',#3948,#3955,#3958,.T.);
#3960=ORIENTED_EDGE('',*,*,#3959,.T.);
#3961=DIRECTION('',(0.,0.,1.));
#3962=VECTOR('',#3961,4.3669);
#3963=LINE('',#3926,#3962);
#3964=EDGE_CURVE('',#3927,#3955,#3963,.T.);
#3965=ORIENTED_EDGE('',*,*,#3964,.F.);
#3966=ORIENTED_EDGE('',*,*,#3931,.F.);
#3967=EDGE_LOOP('',(#3953,#3960,#3965,#3966));
#3968=FACE_OUTER_BOUND('',#3967,.T.);
#3969=CARTESIAN_POINT('',(95.,95.,311.82669));
#3970=DIRECTION('',(0.,1.,0.));
#3971=DIRECTION('',(0.,0.,1.));
#3972=AXIS2_PLACEMENT_3D('',#3969,#3970,#3971);
#3973=PLANE('',#3972);
#3974=ADVANCED_FACE('',(#3968),#3973,.T.);
#3975=CARTESIAN_POINT('',(95.,95.,333.66218));
#3976=VERTEX_POINT('',#3975);
#3977=DIRECTION('',(0.,0.,1.));
#3978=VECTOR('',#3977,17.46859);
#3979=LINE('',#3947,#3978);
#3980=EDGE_CURVE('',#3948,#3976,#3979,.T.);
#3981=ORIENTED_EDGE('',*,*,#3980,.T.);
#3982=CARTESIAN_POINT('',(100.,95.,333.66218));
#3983=VERTEX_POINT('',#3982);
#3984=DIRECTION('',(1.,0.,0.));
#3985=VECTOR('',#3984,5.);
#3986=LINE('',#3975,#3985);
#3987=EDGE_CURVE('',#3976,#3983,#3986,.T.);
#3988=ORIENTED_EDGE('',*,*,#3987,.T.);
#3989=DIRECTION('',(0.,0.,1.));
#3990=VECTOR('',#3989,17.46859);
#3991=LINE('',#3954,#3990);
#3992=EDGE_CURVE('',#3955,#3983,#3991,.T.);
#3993=ORIENTED_EDGE('',*,*,#3992,.F.);
#3994=ORIENTED_EDGE('',*,*,#3959,.F.);
#3995=EDGE_LOOP('',(#3981,#3988,#3993,#3994));
#3996=FACE_OUTER_BOUND('',#3995,.T.);
#3997=CARTESIAN_POINT('',(95.,95.,316.19359));
#3998=DIRECTION('',(0.,1.,0.));
#3999=DIRECTION('',(0.,0.,1.));
#4000=AXIS2_PLACEMENT_3D('',#3997,#3998,#3999);
#4001=PLANE('',#4000);
#4002=ADVANCED_FACE('',(#3996),#4001,.T.);
#4003=CARTESIAN_POINT('',(95.,95.,345.));
#4004=VERTEX_POINT('',#4003);
#4005=DIRECTION('',(0.,0.,1.));
#4006=VECTOR('',#4005,11.33782);
#4007=LINE('',#3975,#4006);
#4008=EDGE_CURVE('',#3976,#4004,#4007,.T.);
#4009=ORIENTED_EDGE('',*,*,#4008,.T.);
#4010=CARTESIAN_POINT('',(100.,95.,345.));
#4011=VERTEX_POINT('',#4010);
#4012=DIRECTION('',(1.,0.,0.));
#4013=VECTOR('',#4012,5.);
#4014=LINE('',#4003,#4013);
#4015=EDGE_CURVE('',#4004,#4011,#4014,.T.);
#4016=ORIENTED_EDGE('',*,*,#4015,.T.);
#4017=DIRECTION('',(0.,0.,1.));
#4018=VECTOR('',#4017,11.33782);
#4019=LINE('',#3982,#4018);
#4020=EDGE_CURVE('',#3983,#4011,#4019,.T.);
#4021=ORIENTED_EDGE('',*,*,#4020,.F.);
#4022=ORIENTED_EDGE('',*,*,#3987,.F.);
#4023=EDGE_LOOP('',(#4009,#4016,#4021,#4022));
#4024=FACE_OUTER_BOUND('',#4023,.T.);
#4025=CARTESIAN_POINT('',(95.,95.,333.66218));
#4026=DIRECTION('',(0.,1.,0.));
#4027=DIRECTION('',(0.,0.,1.));
#4028=AXIS2_PLACEMENT_3D('',#4025,#4026,#4027);
#4029=PLANE('',#4028);
#4030=ADVANCED_FACE('',(#4024),#4029,.T.);
#4031=CARTESIAN_POINT('',(95.,95.,349.59677));
#4032=VERTEX_POINT('',#4031);
#4033=DIRECTION('',(0.,0.,1.));
#4034=VECTOR('',#4033,4.59677);
#4035=LINE('',#4003,#4034);
#4036=EDGE_CURVE('',#4004,#4032,#4035,.T.);
#4037=ORIENTED_EDGE('',*,*,#4036,.T.);
#4038=CARTESIAN_POINT('',(100.,95.,349.59677));
#4039=VERTEX_POINT('',#4038);
#4040=DIRECTION('',(1.,0.,0.));
#4041=VECTOR('',#4040,5.);
#4042=LINE('',#4031,#4041);
#4043=EDGE_CURVE('',#4032,#4039,#4042,.T.);
#4044=ORIENTED_EDGE('',*,*,#4043,.T.);
#4045=DIRECTION('',(0.,0.,1.));
#4046=VECTOR('',#4045,4.59677);
#4047=LINE('',#4010,#4046);
#4048=EDGE_CURVE('',#4011,#4039,#4047,.T.);
#4049=ORIENTED_EDGE('',*,*,#4048,.F.);
#4050=ORIENTED_EDGE('',*,*,#4015,.F.);
#4051=EDGE_LOOP('',(#4037,#4044,#4049,#4050));
#4052=FACE_OUTER_BOUND('',#4051,.T.);
#4053=CARTESIAN_POINT('',(95.,95.,345.));
#4054=DIRECTION('',(0.,1.,0.));
#4055=DIRECTION('',(0.,0.,1.));
#4056=AXIS2_PLACEMENT_3D('',#4053,#4054,#4055);
#4057=PLANE('',#4056);
#4058=ADVANCED_FACE('',(#4052),#4057,.T.);
#4059=CARTESIAN_POINT('',(95.,95.,367.10394));
#4060=VERTEX_POINT('',#4059);
#4061=DIRECTION('',(0.,0.,1.));
#4062=VECTOR('',#4061,17.50716);
#4063=LINE('',#4031,#4062);
#4064=EDGE_CURVE('',#4032,#4060,#4063,.T.);
#4065=ORIENTED_EDGE('',*,*,#4064,.T.);
#4066=CARTESIAN_POINT('',(100.,95.,367.10394));
#4067=VERTEX_POINT('',#4066);
#4068=DIRECTION('',(1.,0.,0.));
#4069=VECTOR('',#4068,5.);
#4070=LINE('',#4059,#4069);
#4071=EDGE_CURVE('',#4060,#4067,#4070,.T.);
#4072=ORIENTED_EDGE('',*,*,#4071,.T.);
#4073=DIRECTION('',(0.,0.,1.));
#4074=VECTOR('',#4073,17.50716);
#4075=LINE('',#4038,#4074);
#4076=EDGE_CURVE('',#4039,#4067,#4075,.T.);
#4077=ORIENTED_EDGE('',*,*,#4076,.F.);
#4078=ORIENTED_EDGE('',*,*,#4043,.F.);
#4079=EDGE_LOOP('',(#4065,#4072,#4077,#4078));
#4080=FACE_OUTER_BOUND('',#4079,.T.);
#4081=CARTESIAN_POINT('',(95.,95.,349.59677));
#4082=DIRECTION('',(0.,1.,0.));
#4083=DIRECTION('',(0.,0.,1.));
#4084=AXIS2_PLACEMENT_3D('',#4081,#4082,#4083);
#4085=PLANE('',#4084);
#4086=ADVANCED_FACE('',(#4080),#4085,.T.);
#4087=CARTESIAN_POINT('',(95.,95.,385.15172));
#4088=VERTEX_POINT('',#4087);
#4089=DIRECTION('',(0.,0.,1.));
#4090=VECTOR('',#4089,18.04779);
#4091=LINE('',#4059,#4090);
#4092=EDGE_CURVE('',#4060,#4088,#4091,.T.);
#4093=ORIENTED_EDGE('',*,*,#4092,.T.);
#4094=CARTESIAN_POINT('',(100.,95.,385.15172));
#4095=VERTEX_POINT('',#4094);
#4096=DIRECTION('',(1.,0.,0.));
#4097=VECTOR('',#4096,5.);
#4098=LINE('',#4087,#4097);
#4099=EDGE_CURVE('',#4088,#4095,#4098,.T.);
#4100=ORIENTED_EDGE('',*,*,#4099,.T.);
#4101=DIRECTION('',(0.,0.,1.));
#4102=VECTOR('',#4101,18.04779);
#4103=LINE('',#4066,#4102);
#4104=EDGE_CURVE('',#4067,#4095,#4103,.T.);
#4105=ORIENTED_EDGE('',*,*,#4104,.F.);
#4106=ORIENTED_EDGE('',*,*,#4071,.F.);
#4107=EDGE_LOOP('',(#4093,#4100,#4105,#4106));
#4108=FACE_OUTER_BOUND('',#4107,.T.);
#4109=CARTESIAN_POINT('',(95.,95.,367.10394));
#4110=DIRECTION('',(0.,1.,0.));
#4111=DIRECTION('',(0.,0.,1.));
#4112=AXIS2_PLACEMENT_3D('',#4109,#4110,#4111);
#4113=PLANE('',#4112);
#4114=ADVANCED_FACE('',(#4108),#4113,.T.);
#4115=CARTESIAN_POINT('',(95.,95.,400.64971));
#4116=VERTEX_POINT('',#4115);
#4117=DIRECTION('',(0.,0.,1.));
#4118=VECTOR('',#4117,15.49799);
#4119=LINE('',#4087,#4118);
#4120=EDGE_CURVE('',#4088,#4116,#4119,.T.);
#4121=ORIENTED_EDGE('',*,*,#4120,.T.);
#4122=CARTESIAN_POINT('',(100.,95.,400.64971));
#4123=VERTEX_POINT('',#4122);
#4124=DIRECTION('',(1.,0.,0.));
#4125=VECTOR('',#4124,5.);
#4126=LINE('',#4115,#4125);
#4127=EDGE_CURVE('',#4116,#4123,#4126,.T.);
#4128=ORIENTED_EDGE('',*,*,#4127,.T.);
#4129=DIRECTION('',(0.,0.,1.));
#4130=VECTOR('',#4129,15.49799);
#4131=LINE('',#4094,#4130);
#4132=EDGE_CURVE('',#4095,#4123,#4131,.T.);
#4133=ORIENTED_EDGE('',*,*,#4132,.F.);
#4134=ORIENTED_EDGE('',*,*,#4099,.F.);
#4135=EDGE_LOOP('',(#4121,#4128,#4133,#4134));
#4136=FACE_OUTER_BOUND('',#4135,.T.);
#4137=CARTESIAN_POINT('',(95.,95.,385.15172));
#4138=DIRECTION('',(0.,1.,0.));
#4139=DIRECTION('',(0.,0.,1.));
#4140=AXIS2_PLACEMENT_3D('',#4137,#4138,#4139);
#4141=PLANE('',#4140);
#4142=ADVANCED_FACE('',(#4136),#4141,.T.);
#4143=CARTESIAN_POINT('',(95.,95.,414.54483));
#4144=VERTEX_POINT('',#4143);
#4145=DIRECTION('',(0.,0.,1.));
#4146=VECTOR('',#4145,13.89512);
#4147=LINE('',#4115,#4146);
#4148=EDGE_CURVE('',#4116,#4144,#4147,.T.);
#4149=ORIENTED_EDGE('',*,*,#4148,.T.);
#4150=CARTESIAN_POINT('',(100.,95.,414.54483));
#4151=VERTEX_POINT('',#4150);
#4152=DIRECTION('',(1.,0.,0.));
#4153=VECTOR('',#4152,5.);
#4154=LINE('',#4143,#4153);
#4155=EDGE_CURVE('',#4144,#4151,#4154,.T.);
#4156=ORIENTED_EDGE('',*,*,#4155,.T.);
#4157=DIRECTION('',(0.,0.,1.));
#4158=VECTOR('',#4157,13.89512);
#4159=LINE('',#4122,#4158);
#4160=EDGE_CURVE('',#4123,#4151,#4159,.T.);
#4161=ORIENTED_EDGE('',*,*,#4160,.F.);
#4162=ORIENTED_EDGE('',*,*,#4127,.F.);
#4163=EDGE_LOOP('',(#4149,#4156,#4161,#4162));
#4164=FACE_OUTER_BOUND('',#4163,.T.);
#4165=CARTESIAN_POINT('',(95.,95.,400.64971));
#4166=DIRECTION('',(0.,1.,0.));
#4167=DIRECTION('',(0.,0.,1.));
#4168=AXIS2_PLACEMENT_3D('',#4165,#4166,#4167);
#4169=PLANE('',#4168);
#4170=ADVANCED_FACE('',(#4164),#4169,.T.);
#4171=CARTESIAN_POINT('',(95.,95.,427.49301));
#4172=VERTEX_POINT('',#4171);
#4173=DIRECTION('',(0.,0.,1.));
#4174=VECTOR('',#4173,12.94819);
#4175=LINE('',#4143,#4174);
#4176=EDGE_CURVE('',#4144,#4172,#4175,.T.);
#4177=ORIENTED_EDGE('',*,*,#4176,.T.);
#4178=CARTESIAN_POINT('',(100.,95.,427.49301));
#4179=VERTEX_POINT('',#4178);
#4180=DIRECTION('',(1.,0.,0.));
#4181=VECTOR('',#4180,5.);
#4182=LINE('',#4171,#4181);
#4183=EDGE_CURVE('',#4172,#4179,#4182,.T.);
#4184=ORIENTED_EDGE('',*,*,#4183,.T.);
#4185=DIRECTION('',(0.,0.,1.));
#4186=VECTOR('',#4185,12.94819);
#4187=LINE('',#4150,#4186);
#4188=EDGE_CURVE('',#4151,#4179,#4187,.T.);
#4189=ORIENTED_EDGE('',*,*,#4188,.F.);
#4190=ORIENTED_EDGE('',*,*,#4155,.F.);
#4191=EDGE_LOOP('',(#4177,#4184,#4189,#4190));
#4192=FACE_OUTER_BOUND('',#4191,.T.);
#4193=CARTESIAN_POINT('',(95.,95.,414.54483));
#4194=DIRECTION('',(0.,1.,0.));
#4195=DIRECTION('',(0.,0.,1.));
#4196=AXIS2_PLACEMENT_3D('',#4193,#4194,#4195);
#4197=PLANE('',#4196);
#4198=ADVANCED_FACE('',(#4192),#4197,.T.);
#4199=DIRECTION('',(0.,0.,-1.));
#4200=VECTOR('',#4199,12.50699);
#4201=LINE('',#2315,#4200);
#4202=EDGE_CURVE('',#2316,#4172,#4201,.T.);
#4203=ORIENTED_EDGE('',*,*,#4202,.F.);
#4204=ORIENTED_EDGE('',*,*,#2341,.T.);
#4205=DIRECTION('',(0.,0.,-1.));
#4206=VECTOR('',#4205,12.50699);
#4207=LINE('',#2331,#4206);
#4208=EDGE_CURVE('',#2332,#4179,#4207,.T.);
#4209=ORIENTED_EDGE('',*,*,#4208,.T.);
#4210=ORIENTED_EDGE('',*,*,#4183,.F.);
#4211=EDGE_LOOP('',(#4203,#4204,#4209,#4210));
#4212=FACE_OUTER_BOUND('',#4211,.T.);
#4213=CARTESIAN_POINT('',(95.,95.,427.49301));
#4214=DIRECTION('',(0.,1.,0.));
#4215=DIRECTION('',(0.,0.,1.));
#4216=AXIS2_PLACEMENT_3D('',#4213,#4214,#4215);
#4217=PLANE('',#4216);
#4218=ADVANCED_FACE('',(#4212),#4217,.T.);
#4219=ORIENTED_EDGE('',*,*,#2336,.T.);
#4220=CARTESIAN_POINT('',(100.,62.,448.16245));
#4221=VERTEX_POINT('',#4220);
#4222=DIRECTION('',(0.,-0.99144,-0.13053));
#4223=VECTOR('',#4222,33.28476);
#4224=LINE('',#2324,#4223);
#4225=EDGE_CURVE('',#2325,#4221,#4224,.T.);
#4226=ORIENTED_EDGE('',*,*,#4225,.T.);
#4227=CARTESIAN_POINT('',(100.,62.,440.));
#4228=VERTEX_POINT('',#4227);
#4229=DIRECTION('',(0.,0.,1.));
#4230=VECTOR('',#4229,8.16245);
#4231=LINE('',#4227,#4230);
#4232=EDGE_CURVE('',#4228,#4221,#4231,.T.);
#4233=ORIENTED_EDGE('',*,*,#4232,.F.);
#4234=DIRECTION('',(0.,-1.,0.));
#4235=VECTOR('',#4234,33.);
#4236=LINE('',#2331,#4235);
#4237=EDGE_CURVE('',#2332,#4228,#4236,.T.);
#4238=ORIENTED_EDGE('',*,*,#4237,.F.);
#4239=EDGE_LOOP('',(#4219,#4226,#4233,#4238));
#4240=FACE_OUTER_BOUND('',#4239,.T.);
#4241=CARTESIAN_POINT('',(100.,95.,440.));
#4242=DIRECTION('',(1.,0.,0.));
#4243=DIRECTION('',(0.,0.,1.));
#4244=AXIS2_PLACEMENT_3D('',#4241,#4242,#4243);
#4245=PLANE('',#4244);
#4246=ADVANCED_FACE('',(#4240),#4245,.T.);
#4247=ORIENTED_EDGE('',*,*,#2368,.T.);
#4248=CARTESIAN_POINT('',(100.,62.,456.61285));
#4249=VERTEX_POINT('',#4248);
#4250=DIRECTION('',(0.,-0.96593,-0.25882));
#4251=VECTOR('',#4250,34.16411);
#4252=LINE('',#2358,#4251);
#4253=EDGE_CURVE('',#2359,#4249,#4252,.T.);
#4254=ORIENTED_EDGE('',*,*,#4253,.T.);
#4255=DIRECTION('',(0.,0.,1.));
#4256=VECTOR('',#4255,8.4504);
#4257=LINE('',#4220,#4256);
#4258=EDGE_CURVE('',#4221,#4249,#4257,.T.);
#4259=ORIENTED_EDGE('',*,*,#4258,.F.);
#4260=ORIENTED_EDGE('',*,*,#4225,.F.);
#4261=EDGE_LOOP('',(#4247,#4254,#4259,#4260));
#4262=FACE_OUTER_BOUND('',#4261,.T.);
#4263=CARTESIAN_POINT('',(100.,95.,452.50699));
#4264=DIRECTION('',(1.,0.,0.));
#4265=DIRECTION('',(0.,0.,1.));
#4266=AXIS2_PLACEMENT_3D('',#4263,#4264,#4265);
#4267=PLANE('',#4266);
#4268=ADVANCED_FACE('',(#4262),#4267,.T.);
#4269=ORIENTED_EDGE('',*,*,#2396,.T.);
#4270=CARTESIAN_POINT('',(100.,62.,465.68124));
#4271=VERTEX_POINT('',#4270);
#4272=DIRECTION('',(0.,-0.92388,-0.38268));
#4273=VECTOR('',#4272,35.71894);
#4274=LINE('',#2386,#4273);
#4275=EDGE_CURVE('',#2387,#4271,#4274,.T.);
#4276=ORIENTED_EDGE('',*,*,#4275,.T.);
#4277=DIRECTION('',(0.,0.,1.));
#4278=VECTOR('',#4277,9.06839);
#4279=LINE('',#4248,#4278);
#4280=EDGE_CURVE('',#4249,#4271,#4279,.T.);
#4281=ORIENTED_EDGE('',*,*,#4280,.F.);
#4282=ORIENTED_EDGE('',*,*,#4253,.F.);
#4283=EDGE_LOOP('',(#4269,#4276,#4281,#4282));
#4284=FACE_OUTER_BOUND('',#4283,.T.);
#4285=CARTESIAN_POINT('',(100.,95.,465.45517));
#4286=DIRECTION('',(1.,0.,0.));
#4287=DIRECTION('',(0.,0.,1.));
#4288=AXIS2_PLACEMENT_3D('',#4285,#4286,#4287);
#4289=PLANE('',#4288);
#4290=ADVANCED_FACE('',(#4284),#4289,.T.);
#4291=ORIENTED_EDGE('',*,*,#2424,.T.);
#4292=CARTESIAN_POINT('',(100.,62.,475.79572));
#4293=VERTEX_POINT('',#4292);
#4294=DIRECTION('',(0.,-0.86603,-0.5));
#4295=VECTOR('',#4294,38.10512);
#4296=LINE('',#2414,#4295);
#4297=EDGE_CURVE('',#2415,#4293,#4296,.T.);
#4298=ORIENTED_EDGE('',*,*,#4297,.T.);
#4299=DIRECTION('',(0.,0.,1.));
#4300=VECTOR('',#4299,10.11448);
#4301=LINE('',#4270,#4300);
#4302=EDGE_CURVE('',#4271,#4293,#4301,.T.);
#4303=ORIENTED_EDGE('',*,*,#4302,.F.);
#4304=ORIENTED_EDGE('',*,*,#4275,.F.);
#4305=EDGE_LOOP('',(#4291,#4298,#4303,#4304));
#4306=FACE_OUTER_BOUND('',#4305,.T.);
#4307=CARTESIAN_POINT('',(100.,95.,479.35029));
#4308=DIRECTION('',(1.,0.,0.));
#4309=DIRECTION('',(0.,0.,1.));
#4310=AXIS2_PLACEMENT_3D('',#4307,#4308,#4309);
#4311=PLANE('',#4310);
#4312=ADVANCED_FACE('',(#4306),#4311,.T.);
#4313=ORIENTED_EDGE('',*,*,#2452,.T.);
#4314=CARTESIAN_POINT('',(100.,62.,487.57427));
#4315=VERTEX_POINT('',#4314);
#4316=DIRECTION('',(0.,-0.79335,-0.60876));
#4317=VECTOR('',#4316,41.59559);
#4318=LINE('',#2442,#4317);
#4319=EDGE_CURVE('',#2443,#4315,#4318,.T.);
#4320=ORIENTED_EDGE('',*,*,#4319,.T.);
#4321=DIRECTION('',(0.,0.,1.));
#4322=VECTOR('',#4321,11.77856);
#4323=LINE('',#4292,#4322);
#4324=EDGE_CURVE('',#4293,#4315,#4323,.T.);
#4325=ORIENTED_EDGE('',*,*,#4324,.F.);
#4326=ORIENTED_EDGE('',*,*,#4297,.F.);
#4327=EDGE_LOOP('',(#4313,#4320,#4325,#4326));
#4328=FACE_OUTER_BOUND('',#4327,.T.);
#4329=CARTESIAN_POINT('',(100.,95.,494.84828));
#4330=DIRECTION('',(1.,0.,0.));
#4331=DIRECTION('',(0.,0.,1.));
#4332=AXIS2_PLACEMENT_3D('',#4329,#4330,#4331);
#4333=PLANE('',#4332);
#4334=ADVANCED_FACE('',(#4328),#4333,.T.);
#4335=ORIENTED_EDGE('',*,*,#2480,.T.);
#4336=CARTESIAN_POINT('',(100.,62.,499.));
#4337=VERTEX_POINT('',#4336);
#4338=DIRECTION('',(0.,-0.72442,-0.68936));
#4339=VECTOR('',#4338,45.55395);
#4340=LINE('',#2470,#4339);
#4341=EDGE_CURVE('',#2471,#4337,#4340,.T.);
#4342=ORIENTED_EDGE('',*,*,#4341,.T.);
#4343=DIRECTION('',(0.,0.,1.));
#4344=VECTOR('',#4343,11.42573);
#4345=LINE('',#4314,#4344);
#4346=EDGE_CURVE('',#4315,#4337,#4345,.T.);
#4347=ORIENTED_EDGE('',*,*,#4346,.F.);
#4348=ORIENTED_EDGE('',*,*,#4319,.F.);
#4349=EDGE_LOOP('',(#4335,#4342,#4347,#4348));
#4350=FACE_OUTER_BOUND('',#4349,.T.);
#4351=CARTESIAN_POINT('',(100.,95.,512.89606));
#4352=DIRECTION('',(1.,0.,0.));
#4353=DIRECTION('',(0.,0.,1.));
#4354=AXIS2_PLACEMENT_3D('',#4351,#4352,#4353);
#4355=PLANE('',#4354);
#4356=ADVANCED_FACE('',(#4350),#4355,.T.);
#4357=ORIENTED_EDGE('',*,*,#2508,.T.);
#4358=CARTESIAN_POINT('',(100.,61.36603,501.36603));
#4359=VERTEX_POINT('',#4358);
#4360=DIRECTION('',(0.,-0.70711,-0.70711));
#4361=VECTOR('',#4360,47.56562);
#4362=LINE('',#2498,#4361);
#4363=EDGE_CURVE('',#2499,#4359,#4362,.T.);
#4364=ORIENTED_EDGE('',*,*,#4363,.T.);
#4365=DIRECTION('',(0.,-0.25882,0.96593));
#4366=VECTOR('',#4365,2.44949);
#4367=LINE('',#4336,#4366);
#4368=EDGE_CURVE('',#4337,#4359,#4367,.T.);
#4369=ORIENTED_EDGE('',*,*,#4368,.F.);
#4370=ORIENTED_EDGE('',*,*,#4341,.F.);
#4371=EDGE_LOOP('',(#4357,#4364,#4369,#4370));
#4372=FACE_OUTER_BOUND('',#4371,.T.);
#4373=CARTESIAN_POINT('',(100.,95.,530.40323));
#4374=DIRECTION('',(1.,0.,0.));
#4375=DIRECTION('',(0.,0.,1.));
#4376=AXIS2_PLACEMENT_3D('',#4373,#4374,#4375);
#4377=PLANE('',#4376);
#4378=ADVANCED_FACE('',(#4372),#4377,.T.);
#4379=ORIENTED_EDGE('',*,*,#2536,.T.);
#4380=CARTESIAN_POINT('',(100.,59.85641,507.));
#4381=VERTEX_POINT('',#4380);
#4382=DIRECTION('',(0.,-0.66623,-0.74574));
#4383=VECTOR('',#4382,52.74975);
#4384=LINE('',#2526,#4383);
#4385=EDGE_CURVE('',#2527,#4381,#4384,.T.);
#4386=ORIENTED_EDGE('',*,*,#4385,.T.);
#4387=DIRECTION('',(0.,-0.25882,0.96593));
#4388=VECTOR('',#4387,5.83272);
#4389=LINE('',#4358,#4388);
#4390=EDGE_CURVE('',#4359,#4381,#4389,.T.);
#4391=ORIENTED_EDGE('',*,*,#4390,.F.);
#4392=ORIENTED_EDGE('',*,*,#4363,.F.);
#4393=EDGE_LOOP('',(#4379,#4386,#4391,#4392));
#4394=FACE_OUTER_BOUND('',#4393,.T.);
#4395=CARTESIAN_POINT('',(100.,95.,535.));
#4396=DIRECTION('',(1.,0.,0.));
#4397=DIRECTION('',(0.,0.,1.));
#4398=AXIS2_PLACEMENT_3D('',#4395,#4396,#4397);
#4399=PLANE('',#4398);
#4400=ADVANCED_FACE('',(#4394),#4399,.T.);
#4401=ORIENTED_EDGE('',*,*,#2564,.T.);
#4402=CARTESIAN_POINT('',(100.,55.07772,511.77868));
#4403=VERTEX_POINT('',#4402);
#4404=DIRECTION('',(0.,-0.60876,-0.79335));
#4405=VECTOR('',#4404,65.57951);
#4406=LINE('',#2554,#4405);
#4407=EDGE_CURVE('',#2555,#4403,#4406,.T.);
#4408=ORIENTED_EDGE('',*,*,#4407,.T.);
#4409=DIRECTION('',(0.,-0.70711,0.70711));
#4410=VECTOR('',#4409,6.75808);
#4411=LINE('',#4380,#4410);
#4412=EDGE_CURVE('',#4381,#4403,#4411,.T.);
#4413=ORIENTED_EDGE('',*,*,#4412,.F.);
#4414=ORIENTED_EDGE('',*,*,#4385,.F.);
#4415=EDGE_LOOP('',(#4401,#4408,#4413,#4414));
#4416=FACE_OUTER_BOUND('',#4415,.T.);
#4417=CARTESIAN_POINT('',(100.,95.,546.33782));
#4418=DIRECTION('',(1.,0.,0.));
#4419=DIRECTION('',(0.,0.,1.));
#4420=AXIS2_PLACEMENT_3D('',#4417,#4418,#4419);
#4421=PLANE('',#4420);
#4422=ADVANCED_FACE('',(#4416),#4421,.T.);
#4423=ORIENTED_EDGE('',*,*,#2592,.T.);
#4424=CARTESIAN_POINT('',(100.,54.,512.85641));
#4425=VERTEX_POINT('',#4424);
#4426=DIRECTION('',(0.,-0.59546,-0.80339));
#4427=VECTOR('',#4426,68.85463);
#4428=LINE('',#2582,#4427);
#4429=EDGE_CURVE('',#2583,#4425,#4428,.T.);
#4430=ORIENTED_EDGE('',*,*,#4429,.T.);
#4431=DIRECTION('',(0.,-0.70711,0.70711));
#4432=VECTOR('',#4431,1.52413);
#4433=LINE('',#4402,#4432);
#4434=EDGE_CURVE('',#4403,#4425,#4433,.T.);
#4435=ORIENTED_EDGE('',*,*,#4434,.F.);
#4436=ORIENTED_EDGE('',*,*,#4407,.F.);
#4437=EDGE_LOOP('',(#4423,#4430,#4435,#4436));
#4438=FACE_OUTER_BOUND('',#4437,.T.);
#4439=CARTESIAN_POINT('',(100.,95.,563.80641));
#4440=DIRECTION('',(1.,0.,0.));
#4441=DIRECTION('',(0.,0.,1.));
#4442=AXIS2_PLACEMENT_3D('',#4439,#4440,#4441);
#4443=PLANE('',#4442);
#4444=ADVANCED_FACE('',(#4438),#4443,.T.);
#4445=ORIENTED_EDGE('',*,*,#2620,.T.);
#4446=CARTESIAN_POINT('',(100.,46.74949,514.79918));
#4447=VERTEX_POINT('',#4446);
#4448=DIRECTION('',(0.,-0.53,-0.848));
#4449=VECTOR('',#4448,91.03889);
#4450=LINE('',#2610,#4449);
#4451=EDGE_CURVE('',#2611,#4447,#4450,.T.);
#4452=ORIENTED_EDGE('',*,*,#4451,.T.);
#4453=DIRECTION('',(0.,-0.96593,0.25882));
#4454=VECTOR('',#4453,7.50629);
#4455=LINE('',#4424,#4454);
#4456=EDGE_CURVE('',#4425,#4447,#4455,.T.);
#4457=ORIENTED_EDGE('',*,*,#4456,.F.);
#4458=ORIENTED_EDGE('',*,*,#4429,.F.);
#4459=EDGE_LOOP('',(#4445,#4452,#4457,#4458));
#4460=FACE_OUTER_BOUND('',#4459,.T.);
#4461=CARTESIAN_POINT('',(100.,95.,568.17331));
#4462=DIRECTION('',(1.,0.,0.));
#4463=DIRECTION('',(0.,0.,1.));
#4464=AXIS2_PLACEMENT_3D('',#4461,#4462,#4463);
#4465=PLANE('',#4464);
#4466=ADVANCED_FACE('',(#4460),#4465,.T.);
#4467=ORIENTED_EDGE('',*,*,#2648,.T.);
#4468=CARTESIAN_POINT('',(100.,46.,515.));
#4469=VERTEX_POINT('',#4468);
#4470=DIRECTION('',(0.,-0.52283,-0.85244));
#4471=VECTOR('',#4470,90.32917);
#4472=LINE('',#2638,#4471);
#4473=EDGE_CURVE('',#2639,#4469,#4472,.T.);
#4474=ORIENTED_EDGE('',*,*,#4473,.T.);
#4475=DIRECTION('',(0.,-0.96593,0.25882));
#4476=VECTOR('',#4475,0.77592);
#4477=LINE('',#4446,#4476);
#4478=EDGE_CURVE('',#4447,#4469,#4477,.T.);
#4479=ORIENTED_EDGE('',*,*,#4478,.F.);
#4480=ORIENTED_EDGE('',*,*,#4451,.F.);
#4481=EDGE_LOOP('',(#4467,#4474,#4479,#4480));
#4482=FACE_OUTER_BOUND('',#4481,.T.);
#4483=CARTESIAN_POINT('',(100.,95.,592.));
#4484=DIRECTION('',(1.,0.,0.));
#4485=DIRECTION('',(0.,-1.,0.));
#4486=AXIS2_PLACEMENT_3D('',#4483,#4484,#4485);
#4487=PLANE('',#4486);
#4488=ADVANCED_FACE('',(#4482),#4487,.T.);
#4489=ORIENTED_EDGE('',*,*,#2676,.T.);
#4490=CARTESIAN_POINT('',(100.,43.30127,515.));
#4491=VERTEX_POINT('',#4490);
#4492=DIRECTION('',(0.,-0.5,-0.86603));
#4493=VECTOR('',#4492,88.91194);
#4494=LINE('',#2666,#4493);
#4495=EDGE_CURVE('',#2667,#4491,#4494,.T.);
#4496=ORIENTED_EDGE('',*,*,#4495,.T.);
#4497=DIRECTION('',(0.,-1.,0.));
#4498=VECTOR('',#4497,2.69873);
#4499=LINE('',#4468,#4498);
#4500=EDGE_CURVE('',#4469,#4491,#4499,.T.);
#4501=ORIENTED_EDGE('',*,*,#4500,.F.);
#4502=ORIENTED_EDGE('',*,*,#4473,.F.);
#4503=EDGE_LOOP('',(#4489,#4496,#4501,#4502));
#4504=FACE_OUTER_BOUND('',#4503,.T.);
#4505=CARTESIAN_POINT('',(100.,93.22667,592.));
#4506=DIRECTION('',(1.,0.,0.));
#4507=DIRECTION('',(0.,-1.,0.));
#4508=AXIS2_PLACEMENT_3D('',#4505,#4506,#4507);
#4509=PLANE('',#4508);
#4510=ADVANCED_FACE('',(#4504),#4509,.T.);
#4511=ORIENTED_EDGE('',*,*,#2704,.T.);
#4512=CARTESIAN_POINT('',(100.,31.06602,515.));
#4513=VERTEX_POINT('',#4512);
#4514=DIRECTION('',(0.,-0.38268,-0.92388));
#4515=VECTOR('',#4514,83.3442);
#4516=LINE('',#2694,#4515);
#4517=EDGE_CURVE('',#2695,#4513,#4516,.T.);
#4518=ORIENTED_EDGE('',*,*,#4517,.T.);
#4519=DIRECTION('',(0.,-1.,0.));
#4520=VECTOR('',#4519,12.23525);
#4521=LINE('',#4490,#4520);
#4522=EDGE_CURVE('',#4491,#4513,#4521,.T.);
#4523=ORIENTED_EDGE('',*,*,#4522,.F.);
#4524=ORIENTED_EDGE('',*,*,#4495,.F.);
#4525=EDGE_LOOP('',(#4511,#4518,#4523,#4524));
#4526=FACE_OUTER_BOUND('',#4525,.T.);
#4527=CARTESIAN_POINT('',(100.,87.75724,592.));
#4528=DIRECTION('',(1.,0.,0.));
#4529=DIRECTION('',(0.,-1.,0.));
#4530=AXIS2_PLACEMENT_3D('',#4527,#4528,#4529);
#4531=PLANE('',#4530);
#4532=ADVANCED_FACE('',(#4526),#4531,.T.);
#4533=ORIENTED_EDGE('',*,*,#2732,.T.);
#4534=CARTESIAN_POINT('',(100.,20.09619,515.));
#4535=VERTEX_POINT('',#4534);
#4536=DIRECTION('',(0.,-0.25882,-0.96593));
#4537=VECTOR('',#4536,79.71627);
#4538=LINE('',#2722,#4537);
#4539=EDGE_CURVE('',#2723,#4535,#4538,.T.);
#4540=ORIENTED_EDGE('',*,*,#4539,.T.);
#4541=DIRECTION('',(0.,-1.,0.));
#4542=VECTOR('',#4541,10.96983);
#4543=LINE('',#4512,#4542);
#4544=EDGE_CURVE('',#4513,#4535,#4543,.T.);
#4545=ORIENTED_EDGE('',*,*,#4544,.F.);
#4546=ORIENTED_EDGE('',*,*,#4517,.F.);
#4547=EDGE_LOOP('',(#4533,#4540,#4545,#4546));
#4548=FACE_OUTER_BOUND('',#4547,.T.);
#4549=CARTESIAN_POINT('',(100.,62.96046,592.));
#4550=DIRECTION('',(1.,0.,0.));
#4551=DIRECTION('',(0.,-1.,0.));
#4552=AXIS2_PLACEMENT_3D('',#4549,#4550,#4551);
#4553=PLANE('',#4552);
#4554=ADVANCED_FACE('',(#4548),#4553,.T.);
#4555=ORIENTED_EDGE('',*,*,#2760,.T.);
#4556=CARTESIAN_POINT('',(100.,9.87394,515.));
#4557=VERTEX_POINT('',#4556);
#4558=DIRECTION('',(0.,-0.13053,-0.99144));
#4559=VECTOR('',#4558,77.66443);
#4560=LINE('',#2750,#4559);
#4561=EDGE_CURVE('',#2751,#4557,#4560,.T.);
#4562=ORIENTED_EDGE('',*,*,#4561,.T.);
#4563=DIRECTION('',(0.,-1.,0.));
#4564=VECTOR('',#4563,10.22225);
#4565=LINE('',#4534,#4564);
#4566=EDGE_CURVE('',#4535,#4557,#4565,.T.);
#4567=ORIENTED_EDGE('',*,*,#4566,.F.);
#4568=ORIENTED_EDGE('',*,*,#4539,.F.);
#4569=EDGE_LOOP('',(#4555,#4562,#4567,#4568));
#4570=FACE_OUTER_BOUND('',#4569,.T.);
#4571=CARTESIAN_POINT('',(100.,40.72828,592.));
#4572=DIRECTION('',(1.,0.,0.));
#4573=DIRECTION('',(0.,-1.,0.));
#4574=AXIS2_PLACEMENT_3D('',#4571,#4572,#4573);
#4575=PLANE('',#4574);
#4576=ADVANCED_FACE('',(#4570),#4575,.T.);
#4577=ORIENTED_EDGE('',*,*,#2788,.T.);
#4578=CARTESIAN_POINT('',(100.,0.,515.));
#4579=VERTEX_POINT('',#4578);
#4580=DIRECTION('',(0.,0.,-1.));
#4581=VECTOR('',#4580,77.);
#4582=LINE('',#2778,#4581);
#4583=EDGE_CURVE('',#2779,#4579,#4582,.T.);
#4584=ORIENTED_EDGE('',*,*,#4583,.T.);
#4585=DIRECTION('',(0.,-1.,0.));
#4586=VECTOR('',#4585,9.87394);
#4587=LINE('',#4556,#4586);
#4588=EDGE_CURVE('',#4557,#4579,#4587,.T.);
#4589=ORIENTED_EDGE('',*,*,#4588,.F.);
#4590=ORIENTED_EDGE('',*,*,#4561,.F.);
#4591=EDGE_LOOP('',(#4577,#4584,#4589,#4590));
#4592=FACE_OUTER_BOUND('',#4591,.T.);
#4593=CARTESIAN_POINT('',(100.,20.01118,592.));
#4594=DIRECTION('',(1.,0.,0.));
#4595=DIRECTION('',(0.,-1.,0.));
#4596=AXIS2_PLACEMENT_3D('',#4593,#4594,#4595);
#4597=PLANE('',#4596);
#4598=ADVANCED_FACE('',(#4592),#4597,.T.);
#4599=ORIENTED_EDGE('',*,*,#2816,.T.);
#4600=CARTESIAN_POINT('',(100.,-9.87394,515.));
#4601=VERTEX_POINT('',#4600);
#4602=DIRECTION('',(0.,0.13053,-0.99144));
#4603=VECTOR('',#4602,77.66443);
#4604=LINE('',#2806,#4603);
#4605=EDGE_CURVE('',#2807,#4601,#4604,.T.);
#4606=ORIENTED_EDGE('',*,*,#4605,.T.);
#4607=DIRECTION('',(0.,-1.,0.));
#4608=VECTOR('',#4607,9.87394);
#4609=LINE('',#4578,#4608);
#4610=EDGE_CURVE('',#4579,#4601,#4609,.T.);
#4611=ORIENTED_EDGE('',*,*,#4610,.F.);
#4612=ORIENTED_EDGE('',*,*,#4583,.F.);
#4613=EDGE_LOOP('',(#4599,#4606,#4611,#4612));
#4614=FACE_OUTER_BOUND('',#4613,.T.);
#4615=CARTESIAN_POINT('',(100.,0.,592.));
#4616=DIRECTION('',(1.,0.,0.));
#4617=DIRECTION('',(0.,-1.,0.));
#4618=AXIS2_PLACEMENT_3D('',#4615,#4616,#4617);
#4619=PLANE('',#4618);
#4620=ADVANCED_FACE('',(#4614),#4619,.T.);
#4621=ORIENTED_EDGE('',*,*,#2844,.T.);
#4622=CARTESIAN_POINT('',(100.,-20.09619,515.));
#4623=VERTEX_POINT('',#4622);
#4624=DIRECTION('',(0.,0.25882,-0.96593));
#4625=VECTOR('',#4624,79.71627);
#4626=LINE('',#2834,#4625);
#4627=EDGE_CURVE('',#2835,#4623,#4626,.T.);
#4628=ORIENTED_EDGE('',*,*,#4627,.T.);
#4629=DIRECTION('',(0.,-1.,0.));
#4630=VECTOR('',#4629,10.22225);
#4631=LINE('',#4600,#4630);
#4632=EDGE_CURVE('',#4601,#4623,#4631,.T.);
#4633=ORIENTED_EDGE('',*,*,#4632,.F.);
#4634=ORIENTED_EDGE('',*,*,#4605,.F.);
#4635=EDGE_LOOP('',(#4621,#4628,#4633,#4634));
#4636=FACE_OUTER_BOUND('',#4635,.T.);
#4637=CARTESIAN_POINT('',(100.,-20.01118,592.));
#4638=DIRECTION('',(1.,0.,0.));
#4639=DIRECTION('',(0.,-1.,0.));
#4640=AXIS2_PLACEMENT_3D('',#4637,#4638,#4639);
#4641=PLANE('',#4640);
#4642=ADVANCED_FACE('',(#4636),#4641,.T.);
#4643=ORIENTED_EDGE('',*,*,#2872,.T.);
#4644=CARTESIAN_POINT('',(100.,-31.06602,515.));
#4645=VERTEX_POINT('',#4644);
#4646=DIRECTION('',(0.,0.38268,-0.92388));
#4647=VECTOR('',#4646,83.3442);
#4648=LINE('',#2862,#4647);
#4649=EDGE_CURVE('',#2863,#4645,#4648,.T.);
#4650=ORIENTED_EDGE('',*,*,#4649,.T.);
#4651=DIRECTION('',(0.,-1.,0.));
#4652=VECTOR('',#4651,10.96983);
#4653=LINE('',#4622,#4652);
#4654=EDGE_CURVE('',#4623,#4645,#4653,.T.);
#4655=ORIENTED_EDGE('',*,*,#4654,.F.);
#4656=ORIENTED_EDGE('',*,*,#4627,.F.);
#4657=EDGE_LOOP('',(#4643,#4650,#4655,#4656));
#4658=FACE_OUTER_BOUND('',#4657,.T.);
#4659=CARTESIAN_POINT('',(100.,-40.72828,592.));
#4660=DIRECTION('',(1.,0.,0.));
#4661=DIRECTION('',(0.,-1.,0.));
#4662=AXIS2_PLACEMENT_3D('',#4659,#4660,#4661);
#4663=PLANE('',#4662);
#4664=ADVANCED_FACE('',(#4658),#4663,.T.);
#4665=ORIENTED_EDGE('',*,*,#2900,.T.);
#4666=CARTESIAN_POINT('',(100.,-43.30127,515.));
#4667=VERTEX_POINT('',#4666);
#4668=DIRECTION('',(0.,0.5,-0.86603));
#4669=VECTOR('',#4668,88.91194);
#4670=LINE('',#2890,#4669);
#4671=EDGE_CURVE('',#2891,#4667,#4670,.T.);
#4672=ORIENTED_EDGE('',*,*,#4671,.T.);
#4673=DIRECTION('',(0.,-1.,0.));
#4674=VECTOR('',#4673,12.23525);
#4675=LINE('',#4644,#4674);
#4676=EDGE_CURVE('',#4645,#4667,#4675,.T.);
#4677=ORIENTED_EDGE('',*,*,#4676,.F.);
#4678=ORIENTED_EDGE('',*,*,#4649,.F.);
#4679=EDGE_LOOP('',(#4665,#4672,#4677,#4678));
#4680=FACE_OUTER_BOUND('',#4679,.T.);
#4681=CARTESIAN_POINT('',(100.,-62.96046,592.));
#4682=DIRECTION('',(1.,0.,0.));
#4683=DIRECTION('',(0.,-1.,0.));
#4684=AXIS2_PLACEMENT_3D('',#4681,#4682,#4683);
#4685=PLANE('',#4684);
#4686=ADVANCED_FACE('',(#4680),#4685,.T.);
#4687=ORIENTED_EDGE('',*,*,#2928,.T.);
#4688=CARTESIAN_POINT('',(100.,-46.,515.));
#4689=VERTEX_POINT('',#4688);
#4690=DIRECTION('',(0.,0.52283,-0.85244));
#4691=VECTOR('',#4690,90.32916);
#4692=LINE('',#2918,#4691);
#4693=EDGE_CURVE('',#2919,#4689,#4692,.T.);
#4694=ORIENTED_EDGE('',*,*,#4693,.T.);
#4695=DIRECTION('',(0.,-1.,0.));
#4696=VECTOR('',#4695,2.69873);
#4697=LINE('',#4666,#4696);
#4698=EDGE_CURVE('',#4667,#4689,#4697,.T.);
#4699=ORIENTED_EDGE('',*,*,#4698,.F.);
#4700=ORIENTED_EDGE('',*,*,#4671,.F.);
#4701=EDGE_LOOP('',(#4687,#4694,#4699,#4700));
#4702=FACE_OUTER_BOUND('',#4701,.T.);
#4703=CARTESIAN_POINT('',(100.,-87.75724,592.));
#4704=DIRECTION('',(1.,0.,0.));
#4705=DIRECTION('',(0.,-1.,0.));
#4706=AXIS2_PLACEMENT_3D('',#4703,#4704,#4705);
#4707=PLANE('',#4706);
#4708=ADVANCED_FACE('',(#4702),#4707,.T.);
#4709=ORIENTED_EDGE('',*,*,#2956,.T.);
#4710=CARTESIAN_POINT('',(100.,-46.74949,514.79918));
#4711=VERTEX_POINT('',#4710);
#4712=DIRECTION('',(0.,0.53,-0.848));
#4713=VECTOR('',#4712,91.03889);
#4714=LINE('',#2946,#4713);
#4715=EDGE_CURVE('',#2947,#4711,#4714,.T.);
#4716=ORIENTED_EDGE('',*,*,#4715,.T.);
#4717=DIRECTION('',(0.,-0.96593,-0.25882));
#4718=VECTOR('',#4717,0.77592);
#4719=LINE('',#4688,#4718);
#4720=EDGE_CURVE('',#4689,#4711,#4719,.T.);
#4721=ORIENTED_EDGE('',*,*,#4720,.F.);
#4722=ORIENTED_EDGE('',*,*,#4693,.F.);
#4723=EDGE_LOOP('',(#4709,#4716,#4721,#4722));
#4724=FACE_OUTER_BOUND('',#4723,.T.);
#4725=CARTESIAN_POINT('',(100.,-93.22667,592.));
#4726=DIRECTION('',(1.,0.,0.));
#4727=DIRECTION('',(0.,-1.,0.));
#4728=AXIS2_PLACEMENT_3D('',#4725,#4726,#4727);
#4729=PLANE('',#4728);
#4730=ADVANCED_FACE('',(#4724),#4729,.T.);
#4731=ORIENTED_EDGE('',*,*,#2984,.T.);
#4732=CARTESIAN_POINT('',(100.,-54.,512.85641));
#4733=VERTEX_POINT('',#4732);
#4734=DIRECTION('',(0.,0.59546,-0.80339));
#4735=VECTOR('',#4734,68.85463);
#4736=LINE('',#2974,#4735);
#4737=EDGE_CURVE('',#2975,#4733,#4736,.T.);
#4738=ORIENTED_EDGE('',*,*,#4737,.T.);
#4739=DIRECTION('',(0.,-0.96593,-0.25882));
#4740=VECTOR('',#4739,7.50629);
#4741=LINE('',#4710,#4740);
#4742=EDGE_CURVE('',#4711,#4733,#4741,.T.);
#4743=ORIENTED_EDGE('',*,*,#4742,.F.);
#4744=ORIENTED_EDGE('',*,*,#4715,.F.);
#4745=EDGE_LOOP('',(#4731,#4738,#4743,#4744));
#4746=FACE_OUTER_BOUND('',#4745,.T.);
#4747=CARTESIAN_POINT('',(100.,-95.,592.));
#4748=DIRECTION('',(1.,0.,0.));
#4749=DIRECTION('',(0.,0.,-1.));
#4750=AXIS2_PLACEMENT_3D('',#4747,#4748,#4749);
#4751=PLANE('',#4750);
#4752=ADVANCED_FACE('',(#4746),#4751,.T.);
#4753=ORIENTED_EDGE('',*,*,#3012,.T.);
#4754=CARTESIAN_POINT('',(100.,-55.07772,511.77868));
#4755=VERTEX_POINT('',#4754);
#4756=DIRECTION('',(0.,0.60876,-0.79335));
#4757=VECTOR('',#4756,65.57951);
#4758=LINE('',#3002,#4757);
#4759=EDGE_CURVE('',#3003,#4755,#4758,.T.);
#4760=ORIENTED_EDGE('',*,*,#4759,.T.);
#4761=DIRECTION('',(0.,-0.70711,-0.70711));
#4762=VECTOR('',#4761,1.52413);
#4763=LINE('',#4732,#4762);
#4764=EDGE_CURVE('',#4733,#4755,#4763,.T.);
#4765=ORIENTED_EDGE('',*,*,#4764,.F.);
#4766=ORIENTED_EDGE('',*,*,#4737,.F.);
#4767=EDGE_LOOP('',(#4753,#4760,#4765,#4766));
#4768=FACE_OUTER_BOUND('',#4767,.T.);
#4769=CARTESIAN_POINT('',(100.,-95.,568.17331));
#4770=DIRECTION('',(1.,0.,0.));
#4771=DIRECTION('',(0.,0.,-1.));
#4772=AXIS2_PLACEMENT_3D('',#4769,#4770,#4771);
#4773=PLANE('',#4772);
#4774=ADVANCED_FACE('',(#4768),#4773,.T.);
#4775=ORIENTED_EDGE('',*,*,#3040,.T.);
#4776=CARTESIAN_POINT('',(100.,-59.85641,507.));
#4777=VERTEX_POINT('',#4776);
#4778=DIRECTION('',(0.,0.66623,-0.74574));
#4779=VECTOR('',#4778,52.74975);
#4780=LINE('',#3030,#4779);
#4781=EDGE_CURVE('',#3031,#4777,#4780,.T.);
#4782=ORIENTED_EDGE('',*,*,#4781,.T.);
#4783=DIRECTION('',(0.,-0.70711,-0.70711));
#4784=VECTOR('',#4783,6.75808);
#4785=LINE('',#4754,#4784);
#4786=EDGE_CURVE('',#4755,#4777,#4785,.T.);
#4787=ORIENTED_EDGE('',*,*,#4786,.F.);
#4788=ORIENTED_EDGE('',*,*,#4759,.F.);
#4789=EDGE_LOOP('',(#4775,#4782,#4787,#4788));
#4790=FACE_OUTER_BOUND('',#4789,.T.);
#4791=CARTESIAN_POINT('',(100.,-95.,563.80641));
#4792=DIRECTION('',(1.,0.,0.));
#4793=DIRECTION('',(0.,0.,-1.));
#4794=AXIS2_PLACEMENT_3D('',#4791,#4792,#4793);
#4795=PLANE('',#4794);
#4796=ADVANCED_FACE('',(#4790),#4795,.T.);
#4797=ORIENTED_EDGE('',*,*,#3068,.T.);
#4798=CARTESIAN_POINT('',(100.,-61.36603,501.36603));
#4799=VERTEX_POINT('',#4798);
#4800=DIRECTION('',(0.,0.70711,-0.70711));
#4801=VECTOR('',#4800,47.56562);
#4802=LINE('',#3058,#4801);
#4803=EDGE_CURVE('',#3059,#4799,#4802,.T.);
#4804=ORIENTED_EDGE('',*,*,#4803,.T.);
#4805=DIRECTION('',(0.,-0.25882,-0.96593));
#4806=VECTOR('',#4805,5.83272);
#4807=LINE('',#4776,#4806);
#4808=EDGE_CURVE('',#4777,#4799,#4807,.T.);
#4809=ORIENTED_EDGE('',*,*,#4808,.F.);
#4810=ORIENTED_EDGE('',*,*,#4781,.F.);
#4811=EDGE_LOOP('',(#4797,#4804,#4809,#4810));
#4812=FACE_OUTER_BOUND('',#4811,.T.);
#4813=CARTESIAN_POINT('',(100.,-95.,546.33782));
#4814=DIRECTION('',(1.,0.,0.));
#4815=DIRECTION('',(0.,0.,-1.));
#4816=AXIS2_PLACEMENT_3D('',#4813,#4814,#4815);
#4817=PLANE('',#4816);
#4818=ADVANCED_FACE('',(#4812),#4817,.T.);
#4819=ORIENTED_EDGE('',*,*,#3096,.T.);
#4820=CARTESIAN_POINT('',(100.,-62.,499.));
#4821=VERTEX_POINT('',#4820);
#4822=DIRECTION('',(0.,0.72442,-0.68936));
#4823=VECTOR('',#4822,45.55395);
#4824=LINE('',#3086,#4823);
#4825=EDGE_CURVE('',#3087,#4821,#4824,.T.);
#4826=ORIENTED_EDGE('',*,*,#4825,.T.);
#4827=DIRECTION('',(0.,-0.25882,-0.96593));
#4828=VECTOR('',#4827,2.44949);
#4829=LINE('',#4798,#4828);
#4830=EDGE_CURVE('',#4799,#4821,#4829,.T.);
#4831=ORIENTED_EDGE('',*,*,#4830,.F.);
#4832=ORIENTED_EDGE('',*,*,#4803,.F.);
#4833=EDGE_LOOP('',(#4819,#4826,#4831,#4832));
#4834=FACE_OUTER_BOUND('',#4833,.T.);
#4835=CARTESIAN_POINT('',(100.,-95.,535.));
#4836=DIRECTION('',(1.,0.,0.));
#4837=DIRECTION('',(0.,0.,-1.));
#4838=AXIS2_PLACEMENT_3D('',#4835,#4836,#4837);
#4839=PLANE('',#4838);
#4840=ADVANCED_FACE('',(#4834),#4839,.T.);
#4841=ORIENTED_EDGE('',*,*,#3124,.T.);
#4842=CARTESIAN_POINT('',(100.,-62.,487.57427));
#4843=VERTEX_POINT('',#4842);
#4844=DIRECTION('',(0.,0.79335,-0.60876));
#4845=VECTOR('',#4844,41.59559);
#4846=LINE('',#3114,#4845);
#4847=EDGE_CURVE('',#3115,#4843,#4846,.T.);
#4848=ORIENTED_EDGE('',*,*,#4847,.T.);
#4849=DIRECTION('',(0.,0.,-1.));
#4850=VECTOR('',#4849,11.42573);
#4851=LINE('',#4820,#4850);
#4852=EDGE_CURVE('',#4821,#4843,#4851,.T.);
#4853=ORIENTED_EDGE('',*,*,#4852,.F.);
#4854=ORIENTED_EDGE('',*,*,#4825,.F.);
#4855=EDGE_LOOP('',(#4841,#4848,#4853,#4854));
#4856=FACE_OUTER_BOUND('',#4855,.T.);
#4857=CARTESIAN_POINT('',(100.,-95.,530.40323));
#4858=DIRECTION('',(1.,0.,0.));
#4859=DIRECTION('',(0.,0.,-1.));
#4860=AXIS2_PLACEMENT_3D('',#4857,#4858,#4859);
#4861=PLANE('',#4860);
#4862=ADVANCED_FACE('',(#4856),#4861,.T.);
#4863=ORIENTED_EDGE('',*,*,#3152,.T.);
#4864=CARTESIAN_POINT('',(100.,-62.,475.79572));
#4865=VERTEX_POINT('',#4864);
#4866=DIRECTION('',(0.,0.86603,-0.5));
#4867=VECTOR('',#4866,38.10512);
#4868=LINE('',#3142,#4867);
#4869=EDGE_CURVE('',#3143,#4865,#4868,.T.);
#4870=ORIENTED_EDGE('',*,*,#4869,.T.);
#4871=DIRECTION('',(0.,0.,-1.));
#4872=VECTOR('',#4871,11.77856);
#4873=LINE('',#4842,#4872);
#4874=EDGE_CURVE('',#4843,#4865,#4873,.T.);
#4875=ORIENTED_EDGE('',*,*,#4874,.F.);
#4876=ORIENTED_EDGE('',*,*,#4847,.F.);
#4877=EDGE_LOOP('',(#4863,#4870,#4875,#4876));
#4878=FACE_OUTER_BOUND('',#4877,.T.);
#4879=CARTESIAN_POINT('',(100.,-95.,512.89606));
#4880=DIRECTION('',(1.,0.,0.));
#4881=DIRECTION('',(0.,0.,-1.));
#4882=AXIS2_PLACEMENT_3D('',#4879,#4880,#4881);
#4883=PLANE('',#4882);
#4884=ADVANCED_FACE('',(#4878),#4883,.T.);
#4885=ORIENTED_EDGE('',*,*,#3180,.T.);
#4886=CARTESIAN_POINT('',(100.,-62.,465.68124));
#4887=VERTEX_POINT('',#4886);
#4888=DIRECTION('',(0.,0.92388,-0.38268));
#4889=VECTOR('',#4888,35.71894);
#4890=LINE('',#3170,#4889);
#4891=EDGE_CURVE('',#3171,#4887,#4890,.T.);
#4892=ORIENTED_EDGE('',*,*,#4891,.T.);
#4893=DIRECTION('',(0.,0.,-1.));
#4894=VECTOR('',#4893,10.11448);
#4895=LINE('',#4864,#4894);
#4896=EDGE_CURVE('',#4865,#4887,#4895,.T.);
#4897=ORIENTED_EDGE('',*,*,#4896,.F.);
#4898=ORIENTED_EDGE('',*,*,#4869,.F.);
#4899=EDGE_LOOP('',(#4885,#4892,#4897,#4898));
#4900=FACE_OUTER_BOUND('',#4899,.T.);
#4901=CARTESIAN_POINT('',(100.,-95.,494.84828));
#4902=DIRECTION('',(1.,0.,0.));
#4903=DIRECTION('',(0.,0.,-1.));
#4904=AXIS2_PLACEMENT_3D('',#4901,#4902,#4903);
#4905=PLANE('',#4904);
#4906=ADVANCED_FACE('',(#4900),#4905,.T.);
#4907=ORIENTED_EDGE('',*,*,#3208,.T.);
#4908=CARTESIAN_POINT('',(100.,-62.,456.61285));
#4909=VERTEX_POINT('',#4908);
#4910=DIRECTION('',(0.,0.96593,-0.25882));
#4911=VECTOR('',#4910,34.16411);
#4912=LINE('',#3198,#4911);
#4913=EDGE_CURVE('',#3199,#4909,#4912,.T.);
#4914=ORIENTED_EDGE('',*,*,#4913,.T.);
#4915=DIRECTION('',(0.,0.,-1.));
#4916=VECTOR('',#4915,9.06839);
#4917=LINE('',#4886,#4916);
#4918=EDGE_CURVE('',#4887,#4909,#4917,.T.);
#4919=ORIENTED_EDGE('',*,*,#4918,.F.);
#4920=ORIENTED_EDGE('',*,*,#4891,.F.);
#4921=EDGE_LOOP('',(#4907,#4914,#4919,#4920));
#4922=FACE_OUTER_BOUND('',#4921,.T.);
#4923=CARTESIAN_POINT('',(100.,-95.,479.35029));
#4924=DIRECTION('',(1.,0.,0.));
#4925=DIRECTION('',(0.,0.,-1.));
#4926=AXIS2_PLACEMENT_3D('',#4923,#4924,#4925);
#4927=PLANE('',#4926);
#4928=ADVANCED_FACE('',(#4922),#4927,.T.);
#4929=ORIENTED_EDGE('',*,*,#3236,.T.);
#4930=CARTESIAN_POINT('',(100.,-62.,448.16245));
#4931=VERTEX_POINT('',#4930);
#4932=DIRECTION('',(0.,0.99144,-0.13053));
#4933=VECTOR('',#4932,33.28476);
#4934=LINE('',#3226,#4933);
#4935=EDGE_CURVE('',#3227,#4931,#4934,.T.);
#4936=ORIENTED_EDGE('',*,*,#4935,.T.);
#4937=DIRECTION('',(0.,0.,-1.));
#4938=VECTOR('',#4937,8.4504);
#4939=LINE('',#4908,#4938);
#4940=EDGE_CURVE('',#4909,#4931,#4939,.T.);
#4941=ORIENTED_EDGE('',*,*,#4940,.F.);
#4942=ORIENTED_EDGE('',*,*,#4913,.F.);
#4943=EDGE_LOOP('',(#4929,#4936,#4941,#4942));
#4944=FACE_OUTER_BOUND('',#4943,.T.);
#4945=CARTESIAN_POINT('',(100.,-95.,465.45517));
#4946=DIRECTION('',(1.,0.,0.));
#4947=DIRECTION('',(0.,0.,-1.));
#4948=AXIS2_PLACEMENT_3D('',#4945,#4946,#4947);
#4949=PLANE('',#4948);
#4950=ADVANCED_FACE('',(#4944),#4949,.T.);
#4951=ORIENTED_EDGE('',*,*,#3264,.T.);
#4952=CARTESIAN_POINT('',(100.,-62.,440.));
#4953=VERTEX_POINT('',#4952);
#4954=DIRECTION('',(0.,1.,0.));
#4955=VECTOR('',#4954,33.);
#4956=LINE('',#3254,#4955);
#4957=EDGE_CURVE('',#3255,#4953,#4956,.T.);
#4958=ORIENTED_EDGE('',*,*,#4957,.T.);
#4959=DIRECTION('',(0.,0.,-1.));
#4960=VECTOR('',#4959,8.16245);
#4961=LINE('',#4930,#4960);
#4962=EDGE_CURVE('',#4931,#4953,#4961,.T.);
#4963=ORIENTED_EDGE('',*,*,#4962,.F.);
#4964=ORIENTED_EDGE('',*,*,#4935,.F.);
#4965=EDGE_LOOP('',(#4951,#4958,#4963,#4964));
#4966=FACE_OUTER_BOUND('',#4965,.T.);
#4967=CARTESIAN_POINT('',(100.,-95.,452.50699));
#4968=DIRECTION('',(1.,0.,0.));
#4969=DIRECTION('',(0.,0.,-1.));
#4970=AXIS2_PLACEMENT_3D('',#4967,#4968,#4969);
#4971=PLANE('',#4970);
#4972=ADVANCED_FACE('',(#4966),#4971,.T.);
#4973=ORIENTED_EDGE('',*,*,#3292,.T.);
#4974=CARTESIAN_POINT('',(100.,-62.,431.83755));
#4975=VERTEX_POINT('',#4974);
#4976=DIRECTION('',(0.,0.99144,0.13053));
#4977=VECTOR('',#4976,33.28476);
#4978=LINE('',#3282,#4977);
#4979=EDGE_CURVE('',#3283,#4975,#4978,.T.);
#4980=ORIENTED_EDGE('',*,*,#4979,.T.);
#4981=DIRECTION('',(0.,0.,-1.));
#4982=VECTOR('',#4981,8.16245);
#4983=LINE('',#4952,#4982);
#4984=EDGE_CURVE('',#4953,#4975,#4983,.T.);
#4985=ORIENTED_EDGE('',*,*,#4984,.F.);
#4986=ORIENTED_EDGE('',*,*,#4957,.F.);
#4987=EDGE_LOOP('',(#4973,#4980,#4985,#4986));
#4988=FACE_OUTER_BOUND('',#4987,.T.);
#4989=CARTESIAN_POINT('',(100.,-95.,440.));
#4990=DIRECTION('',(1.,0.,0.));
#4991=DIRECTION('',(0.,0.,-1.));
#4992=AXIS2_PLACEMENT_3D('',#4989,#4990,#4991);
#4993=PLANE('',#4992);
#4994=ADVANCED_FACE('',(#4988),#4993,.T.);
#4995=ORIENTED_EDGE('',*,*,#3320,.T.);
#4996=CARTESIAN_POINT('',(100.,-62.,423.38715));
#4997=VERTEX_POINT('',#4996);
#4998=DIRECTION('',(0.,0.96593,0.25882));
#4999=VECTOR('',#4998,34.16411);
#5000=LINE('',#3310,#4999);
#5001=EDGE_CURVE('',#3311,#4997,#5000,.T.);
#5002=ORIENTED_EDGE('',*,*,#5001,.T.);
#5003=DIRECTION('',(0.,0.,-1.));
#5004=VECTOR('',#5003,8.4504);
#5005=LINE('',#4974,#5004);
#5006=EDGE_CURVE('',#4975,#4997,#5005,.T.);
#5007=ORIENTED_EDGE('',*,*,#5006,.F.);
#5008=ORIENTED_EDGE('',*,*,#4979,.F.);
#5009=EDGE_LOOP('',(#4995,#5002,#5007,#5008));
#5010=FACE_OUTER_BOUND('',#5009,.T.);
#5011=CARTESIAN_POINT('',(100.,-95.,427.49301));
#5012=DIRECTION('',(1.,0.,0.));
#5013=DIRECTION('',(0.,0.,-1.));
#5014=AXIS2_PLACEMENT_3D('',#5011,#5012,#5013);
#5015=PLANE('',#5014);
#5016=ADVANCED_FACE('',(#5010),#5015,.T.);
#5017=ORIENTED_EDGE('',*,*,#3348,.T.);
#5018=CARTESIAN_POINT('',(100.,-62.,414.31876));
#5019=VERTEX_POINT('',#5018);
#5020=DIRECTION('',(0.,0.92388,0.38268));
#5021=VECTOR('',#5020,35.71894);
#5022=LINE('',#3338,#5021);
#5023=EDGE_CURVE('',#3339,#5019,#5022,.T.);
#5024=ORIENTED_EDGE('',*,*,#5023,.T.);
#5025=DIRECTION('',(0.,0.,-1.));
#5026=VECTOR('',#5025,9.06839);
#5027=LINE('',#4996,#5026);
#5028=EDGE_CURVE('',#4997,#5019,#5027,.T.);
#5029=ORIENTED_EDGE('',*,*,#5028,.F.);
#5030=ORIENTED_EDGE('',*,*,#5001,.F.);
#5031=EDGE_LOOP('',(#5017,#5024,#5029,#5030));
#5032=FACE_OUTER_BOUND('',#5031,.T.);
#5033=CARTESIAN_POINT('',(100.,-95.,414.54483));
#5034=DIRECTION('',(1.,0.,0.));
#5035=DIRECTION('',(0.,0.,-1.));
#5036=AXIS2_PLACEMENT_3D('',#5033,#5034,#5035);
#5037=PLANE('',#5036);
#5038=ADVANCED_FACE('',(#5032),#5037,.T.);
#5039=ORIENTED_EDGE('',*,*,#3376,.T.);
#5040=CARTESIAN_POINT('',(100.,-62.,404.20428));
#5041=VERTEX_POINT('',#5040);
#5042=DIRECTION('',(0.,0.86603,0.5));
#5043=VECTOR('',#5042,38.10512);
#5044=LINE('',#3366,#5043);
#5045=EDGE_CURVE('',#3367,#5041,#5044,.T.);
#5046=ORIENTED_EDGE('',*,*,#5045,.T.);
#5047=DIRECTION('',(0.,0.,-1.));
#5048=VECTOR('',#5047,10.11448);
#5049=LINE('',#5018,#5048);
#5050=EDGE_CURVE('',#5019,#5041,#5049,.T.);
#5051=ORIENTED_EDGE('',*,*,#5050,.F.);
#5052=ORIENTED_EDGE('',*,*,#5023,.F.);
#5053=EDGE_LOOP('',(#5039,#5046,#5051,#5052));
#5054=FACE_OUTER_BOUND('',#5053,.T.);
#5055=CARTESIAN_POINT('',(100.,-95.,400.64971));
#5056=DIRECTION('',(1.,0.,0.));
#5057=DIRECTION('',(0.,0.,-1.));
#5058=AXIS2_PLACEMENT_3D('',#5055,#5056,#5057);
#5059=PLANE('',#5058);
#5060=ADVANCED_FACE('',(#5054),#5059,.T.);
#5061=ORIENTED_EDGE('',*,*,#3404,.T.);
#5062=CARTESIAN_POINT('',(100.,-62.,392.42573));
#5063=VERTEX_POINT('',#5062);
#5064=DIRECTION('',(0.,0.79335,0.60876));
#5065=VECTOR('',#5064,41.59559);
#5066=LINE('',#3394,#5065);
#5067=EDGE_CURVE('',#3395,#5063,#5066,.T.);
#5068=ORIENTED_EDGE('',*,*,#5067,.T.);
#5069=DIRECTION('',(0.,0.,-1.));
#5070=VECTOR('',#5069,11.77856);
#5071=LINE('',#5040,#5070);
#5072=EDGE_CURVE('',#5041,#5063,#5071,.T.);
#5073=ORIENTED_EDGE('',*,*,#5072,.F.);
#5074=ORIENTED_EDGE('',*,*,#5045,.F.);
#5075=EDGE_LOOP('',(#5061,#5068,#5073,#5074));
#5076=FACE_OUTER_BOUND('',#5075,.T.);
#5077=CARTESIAN_POINT('',(100.,-95.,385.15172));
#5078=DIRECTION('',(1.,0.,0.));
#5079=DIRECTION('',(0.,0.,-1.));
#5080=AXIS2_PLACEMENT_3D('',#5077,#5078,#5079);
#5081=PLANE('',#5080);
#5082=ADVANCED_FACE('',(#5076),#5081,.T.);
#5083=ORIENTED_EDGE('',*,*,#3432,.T.);
#5084=CARTESIAN_POINT('',(100.,-62.,381.));
#5085=VERTEX_POINT('',#5084);
#5086=DIRECTION('',(0.,0.72442,0.68936));
#5087=VECTOR('',#5086,45.55395);
#5088=LINE('',#3422,#5087);
#5089=EDGE_CURVE('',#3423,#5085,#5088,.T.);
#5090=ORIENTED_EDGE('',*,*,#5089,.T.);
#5091=DIRECTION('',(0.,0.,-1.));
#5092=VECTOR('',#5091,11.42573);
#5093=LINE('',#5062,#5092);
#5094=EDGE_CURVE('',#5063,#5085,#5093,.T.);
#5095=ORIENTED_EDGE('',*,*,#5094,.F.);
#5096=ORIENTED_EDGE('',*,*,#5067,.F.);
#5097=EDGE_LOOP('',(#5083,#5090,#5095,#5096));
#5098=FACE_OUTER_BOUND('',#5097,.T.);
#5099=CARTESIAN_POINT('',(100.,-95.,367.10394));
#5100=DIRECTION('',(1.,0.,0.));
#5101=DIRECTION('',(0.,0.,-1.));
#5102=AXIS2_PLACEMENT_3D('',#5099,#5100,#5101);
#5103=PLANE('',#5102);
#5104=ADVANCED_FACE('',(#5098),#5103,.T.);
#5105=ORIENTED_EDGE('',*,*,#3460,.T.);
#5106=CARTESIAN_POINT('',(100.,-61.36603,378.63397));
#5107=VERTEX_POINT('',#5106);
#5108=DIRECTION('',(0.,0.70711,0.70711));
#5109=VECTOR('',#5108,47.56562);
#5110=LINE('',#3450,#5109);
#5111=EDGE_CURVE('',#3451,#5107,#5110,.T.);
#5112=ORIENTED_EDGE('',*,*,#5111,.T.);
#5113=DIRECTION('',(0.,0.25882,-0.96593));
#5114=VECTOR('',#5113,2.44949);
#5115=LINE('',#5084,#5114);
#5116=EDGE_CURVE('',#5085,#5107,#5115,.T.);
#5117=ORIENTED_EDGE('',*,*,#5116,.F.);
#5118=ORIENTED_EDGE('',*,*,#5089,.F.);
#5119=EDGE_LOOP('',(#5105,#5112,#5117,#5118));
#5120=FACE_OUTER_BOUND('',#5119,.T.);
#5121=CARTESIAN_POINT('',(100.,-95.,349.59677));
#5122=DIRECTION('',(1.,0.,0.));
#5123=DIRECTION('',(0.,0.,-1.));
#5124=AXIS2_PLACEMENT_3D('',#5121,#5122,#5123);
#5125=PLANE('',#5124);
#5126=ADVANCED_FACE('',(#5120),#5125,.T.);
#5127=ORIENTED_EDGE('',*,*,#3488,.T.);
#5128=CARTESIAN_POINT('',(100.,-59.85641,373.));
#5129=VERTEX_POINT('',#5128);
#5130=DIRECTION('',(0.,0.66623,0.74574));
#5131=VECTOR('',#5130,52.74975);
#5132=LINE('',#3478,#5131);
#5133=EDGE_CURVE('',#3479,#5129,#5132,.T.);
#5134=ORIENTED_EDGE('',*,*,#5133,.T.);
#5135=DIRECTION('',(0.,0.25882,-0.96593));
#5136=VECTOR('',#5135,5.83272);
#5137=LINE('',#5106,#5136);
#5138=EDGE_CURVE('',#5107,#5129,#5137,.T.);
#5139=ORIENTED_EDGE('',*,*,#5138,.F.);
#5140=ORIENTED_EDGE('',*,*,#5111,.F.);
#5141=EDGE_LOOP('',(#5127,#5134,#5139,#5140));
#5142=FACE_OUTER_BOUND('',#5141,.T.);
#5143=CARTESIAN_POINT('',(100.,-95.,345.));
#5144=DIRECTION('',(1.,0.,0.));
#5145=DIRECTION('',(0.,0.,-1.));
#5146=AXIS2_PLACEMENT_3D('',#5143,#5144,#5145);
#5147=PLANE('',#5146);
#5148=ADVANCED_FACE('',(#5142),#5147,.T.);
#5149=ORIENTED_EDGE('',*,*,#3516,.T.);
#5150=CARTESIAN_POINT('',(100.,-55.07772,368.22132));
#5151=VERTEX_POINT('',#5150);
#5152=DIRECTION('',(0.,0.60876,0.79335));
#5153=VECTOR('',#5152,65.57951);
#5154=LINE('',#3506,#5153);
#5155=EDGE_CURVE('',#3507,#5151,#5154,.T.);
#5156=ORIENTED_EDGE('',*,*,#5155,.T.);
#5157=DIRECTION('',(0.,0.70711,-0.70711));
#5158=VECTOR('',#5157,6.75808);
#5159=LINE('',#5128,#5158);
#5160=EDGE_CURVE('',#5129,#5151,#5159,.T.);
#5161=ORIENTED_EDGE('',*,*,#5160,.F.);
#5162=ORIENTED_EDGE('',*,*,#5133,.F.);
#5163=EDGE_LOOP('',(#5149,#5156,#5161,#5162));
#5164=FACE_OUTER_BOUND('',#5163,.T.);
#5165=CARTESIAN_POINT('',(100.,-95.,333.66218));
#5166=DIRECTION('',(1.,0.,0.));
#5167=DIRECTION('',(0.,0.,-1.));
#5168=AXIS2_PLACEMENT_3D('',#5165,#5166,#5167);
#5169=PLANE('',#5168);
#5170=ADVANCED_FACE('',(#5164),#5169,.T.);
#5171=ORIENTED_EDGE('',*,*,#3544,.T.);
#5172=CARTESIAN_POINT('',(100.,-54.,367.14359));
#5173=VERTEX_POINT('',#5172);
#5174=DIRECTION('',(0.,0.59546,0.80339));
#5175=VECTOR('',#5174,68.85463);
#5176=LINE('',#3534,#5175);
#5177=EDGE_CURVE('',#3535,#5173,#5176,.T.);
#5178=ORIENTED_EDGE('',*,*,#5177,.T.);
#5179=DIRECTION('',(0.,0.70711,-0.70711));
#5180=VECTOR('',#5179,1.52413);
#5181=LINE('',#5150,#5180);
#5182=EDGE_CURVE('',#5151,#5173,#5181,.T.);
#5183=ORIENTED_EDGE('',*,*,#5182,.F.);
#5184=ORIENTED_EDGE('',*,*,#5155,.F.);
#5185=EDGE_LOOP('',(#5171,#5178,#5183,#5184));
#5186=FACE_OUTER_BOUND('',#5185,.T.);
#5187=CARTESIAN_POINT('',(100.,-95.,316.19359));
#5188=DIRECTION('',(1.,0.,0.));
#5189=DIRECTION('',(0.,0.,-1.));
#5190=AXIS2_PLACEMENT_3D('',#5187,#5188,#5189);
#5191=PLANE('',#5190);
#5192=ADVANCED_FACE('',(#5186),#5191,.T.);
#5193=ORIENTED_EDGE('',*,*,#3572,.T.);
#5194=CARTESIAN_POINT('',(100.,-46.,365.));
#5195=VERTEX_POINT('',#5194);
#5196=DIRECTION('',(0.,0.52283,0.85244));
#5197=VECTOR('',#5196,93.72097);
#5198=LINE('',#3562,#5197);
#5199=EDGE_CURVE('',#3563,#5195,#5198,.T.);
#5200=ORIENTED_EDGE('',*,*,#5199,.T.);
#5201=DIRECTION('',(0.,0.96593,-0.25882));
#5202=VECTOR('',#5201,8.28221);
#5203=LINE('',#5172,#5202);
#5204=EDGE_CURVE('',#5173,#5195,#5203,.T.);
#5205=ORIENTED_EDGE('',*,*,#5204,.F.);
#5206=ORIENTED_EDGE('',*,*,#5177,.F.);
#5207=EDGE_LOOP('',(#5193,#5200,#5205,#5206));
#5208=FACE_OUTER_BOUND('',#5207,.T.);
#5209=CARTESIAN_POINT('',(100.,-95.,311.82669));
#5210=DIRECTION('',(1.,0.,0.));
#5211=DIRECTION('',(0.,0.,-1.));
#5212=AXIS2_PLACEMENT_3D('',#5209,#5210,#5211);
#5213=PLANE('',#5212);
#5214=ADVANCED_FACE('',(#5208),#5213,.T.);
#5215=ORIENTED_EDGE('',*,*,#3600,.T.);
#5216=CARTESIAN_POINT('',(100.,-43.30127,365.));
#5217=VERTEX_POINT('',#5216);
#5218=DIRECTION('',(0.,0.5,0.86603));
#5219=VECTOR('',#5218,103.39746);
#5220=LINE('',#3590,#5219);
#5221=EDGE_CURVE('',#3591,#5217,#5220,.T.);
#5222=ORIENTED_EDGE('',*,*,#5221,.T.);
#5223=DIRECTION('',(0.,1.,0.));
#5224=VECTOR('',#5223,2.69873);
#5225=LINE('',#5194,#5224);
#5226=EDGE_CURVE('',#5195,#5217,#5225,.T.);
#5227=ORIENTED_EDGE('',*,*,#5226,.F.);
#5228=ORIENTED_EDGE('',*,*,#5199,.F.);
#5229=EDGE_LOOP('',(#5215,#5222,#5227,#5228));
#5230=FACE_OUTER_BOUND('',#5229,.T.);
#5231=CARTESIAN_POINT('',(100.,-95.,285.1087));
#5232=DIRECTION('',(1.,0.,0.));
#5233=DIRECTION('',(0.,0.,-1.));
#5234=AXIS2_PLACEMENT_3D('',#5231,#5232,#5233);
#5235=PLANE('',#5234);
#5236=ADVANCED_FACE('',(#5230),#5235,.T.);
#5237=ORIENTED_EDGE('',*,*,#3628,.T.);
#5238=CARTESIAN_POINT('',(100.,-31.06602,365.));
#5239=VERTEX_POINT('',#5238);
#5240=DIRECTION('',(0.,0.38268,0.92388));
#5241=VECTOR('',#5240,167.06755);
#5242=LINE('',#3618,#5241);
#5243=EDGE_CURVE('',#3619,#5239,#5242,.T.);
#5244=ORIENTED_EDGE('',*,*,#5243,.T.);
#5245=DIRECTION('',(0.,1.,0.));
#5246=VECTOR('',#5245,12.23525);
#5247=LINE('',#5216,#5246);
#5248=EDGE_CURVE('',#5217,#5239,#5247,.T.);
#5249=ORIENTED_EDGE('',*,*,#5248,.F.);
#5250=ORIENTED_EDGE('',*,*,#5221,.F.);
#5251=EDGE_LOOP('',(#5237,#5244,#5249,#5250));
#5252=FACE_OUTER_BOUND('',#5251,.T.);
#5253=CARTESIAN_POINT('',(100.,-95.,275.45517));
#5254=DIRECTION('',(1.,0.,0.));
#5255=DIRECTION('',(0.,0.,-1.));
#5256=AXIS2_PLACEMENT_3D('',#5253,#5254,#5255);
#5257=PLANE('',#5256);
#5258=ADVANCED_FACE('',(#5252),#5257,.T.);
#5259=ORIENTED_EDGE('',*,*,#3656,.T.);
#5260=CARTESIAN_POINT('',(100.,-27.40385,365.));
#5261=VERTEX_POINT('',#5260);
#5262=DIRECTION('',(0.,0.34319,0.93926));
#5263=VECTOR('',#5262,196.96253);
#5264=LINE('',#3646,#5263);
#5265=EDGE_CURVE('',#3647,#5261,#5264,.T.);
#5266=ORIENTED_EDGE('',*,*,#5265,.T.);
#5267=DIRECTION('',(0.,1.,0.));
#5268=VECTOR('',#5267,3.66217);
#5269=LINE('',#5238,#5268);
#5270=EDGE_CURVE('',#5239,#5261,#5269,.T.);
#5271=ORIENTED_EDGE('',*,*,#5270,.F.);
#5272=ORIENTED_EDGE('',*,*,#5243,.F.);
#5273=EDGE_LOOP('',(#5259,#5266,#5271,#5272));
#5274=FACE_OUTER_BOUND('',#5273,.T.);
#5275=CARTESIAN_POINT('',(100.,-95.,210.64971));
#5276=DIRECTION('',(1.,0.,0.));
#5277=DIRECTION('',(0.,0.,-1.));
#5278=AXIS2_PLACEMENT_3D('',#5275,#5276,#5277);
#5279=PLANE('',#5278);
#5280=ADVANCED_FACE('',(#5274),#5279,.T.);
#5281=ORIENTED_EDGE('',*,*,#3684,.T.);
#5282=CARTESIAN_POINT('',(100.,-20.09619,365.));
#5283=VERTEX_POINT('',#5282);
#5284=DIRECTION('',(0.,0.25882,0.96593));
#5285=VECTOR('',#5284,191.52609);
#5286=LINE('',#3674,#5285);
#5287=EDGE_CURVE('',#3675,#5283,#5286,.T.);
#5288=ORIENTED_EDGE('',*,*,#5287,.T.);
#5289=DIRECTION('',(0.,1.,0.));
#5290=VECTOR('',#5289,7.30766);
#5291=LINE('',#5260,#5290);
#5292=EDGE_CURVE('',#5261,#5283,#5291,.T.);
#5293=ORIENTED_EDGE('',*,*,#5292,.F.);
#5294=ORIENTED_EDGE('',*,*,#5265,.F.);
#5295=EDGE_LOOP('',(#5281,#5288,#5293,#5294));
#5296=FACE_OUTER_BOUND('',#5295,.T.);
#5297=CARTESIAN_POINT('',(100.,-95.,180.));
#5298=DIRECTION('',(1.,0.,0.));
#5299=DIRECTION('',(0.,1.,0.));
#5300=AXIS2_PLACEMENT_3D('',#5297,#5298,#5299);
#5301=PLANE('',#5300);
#5302=ADVANCED_FACE('',(#5296),#5301,.T.);
#5303=ORIENTED_EDGE('',*,*,#3712,.T.);
#5304=CARTESIAN_POINT('',(100.,-9.87394,365.));
#5305=VERTEX_POINT('',#5304);
#5306=DIRECTION('',(0.,0.13053,0.99144));
#5307=VECTOR('',#5306,186.59636);
#5308=LINE('',#3702,#5307);
#5309=EDGE_CURVE('',#3703,#5305,#5308,.T.);
#5310=ORIENTED_EDGE('',*,*,#5309,.T.);
#5311=DIRECTION('',(0.,1.,0.));
#5312=VECTOR('',#5311,10.22225);
#5313=LINE('',#5282,#5312);
#5314=EDGE_CURVE('',#5283,#5305,#5313,.T.);
#5315=ORIENTED_EDGE('',*,*,#5314,.F.);
#5316=ORIENTED_EDGE('',*,*,#5287,.F.);
#5317=EDGE_LOOP('',(#5303,#5310,#5315,#5316));
#5318=FACE_OUTER_BOUND('',#5317,.T.);
#5319=CARTESIAN_POINT('',(100.,-69.66679,180.));
#5320=DIRECTION('',(1.,0.,0.));
#5321=DIRECTION('',(0.,1.,0.));
#5322=AXIS2_PLACEMENT_3D('',#5319,#5320,#5321);
#5323=PLANE('',#5322);
#5324=ADVANCED_FACE('',(#5318),#5323,.T.);
#5325=ORIENTED_EDGE('',*,*,#3740,.T.);
#5326=CARTESIAN_POINT('',(100.,0.,365.));
#5327=VERTEX_POINT('',#5326);
#5328=DIRECTION('',(0.,0.,1.));
#5329=VECTOR('',#5328,185.);
#5330=LINE('',#3730,#5329);
#5331=EDGE_CURVE('',#3731,#5327,#5330,.T.);
#5332=ORIENTED_EDGE('',*,*,#5331,.T.);
#5333=DIRECTION('',(0.,1.,0.));
#5334=VECTOR('',#5333,9.87394);
#5335=LINE('',#5304,#5334);
#5336=EDGE_CURVE('',#5305,#5327,#5335,.T.);
#5337=ORIENTED_EDGE('',*,*,#5336,.F.);
#5338=ORIENTED_EDGE('',*,*,#5309,.F.);
#5339=EDGE_LOOP('',(#5325,#5332,#5337,#5338));
#5340=FACE_OUTER_BOUND('',#5339,.T.);
#5341=CARTESIAN_POINT('',(100.,-34.22965,180.));
#5342=DIRECTION('',(1.,0.,0.));
#5343=DIRECTION('',(0.,1.,0.));
#5344=AXIS2_PLACEMENT_3D('',#5341,#5342,#5343);
#5345=PLANE('',#5344);
#5346=ADVANCED_FACE('',(#5340),#5345,.T.);
#5347=ORIENTED_EDGE('',*,*,#3768,.T.);
#5348=CARTESIAN_POINT('',(100.,9.87394,365.));
#5349=VERTEX_POINT('',#5348);
#5350=DIRECTION('',(0.,-0.13053,0.99144));
#5351=VECTOR('',#5350,186.59636);
#5352=LINE('',#3758,#5351);
#5353=EDGE_CURVE('',#3759,#5349,#5352,.T.);
#5354=ORIENTED_EDGE('',*,*,#5353,.T.);
#5355=DIRECTION('',(0.,1.,0.));
#5356=VECTOR('',#5355,9.87394);
#5357=LINE('',#5326,#5356);
#5358=EDGE_CURVE('',#5327,#5349,#5357,.T.);
#5359=ORIENTED_EDGE('',*,*,#5358,.F.);
#5360=ORIENTED_EDGE('',*,*,#5331,.F.);
#5361=EDGE_LOOP('',(#5347,#5354,#5359,#5360));
#5362=FACE_OUTER_BOUND('',#5361,.T.);
#5363=CARTESIAN_POINT('',(100.,0.,180.));
#5364=DIRECTION('',(1.,0.,0.));
#5365=DIRECTION('',(0.,1.,0.));
#5366=AXIS2_PLACEMENT_3D('',#5363,#5364,#5365);
#5367=PLANE('',#5366);
#5368=ADVANCED_FACE('',(#5362),#5367,.T.);
#5369=ORIENTED_EDGE('',*,*,#3796,.T.);
#5370=CARTESIAN_POINT('',(100.,20.09619,365.));
#5371=VERTEX_POINT('',#5370);
#5372=DIRECTION('',(0.,-0.25882,0.96593));
#5373=VECTOR('',#5372,191.52609);
#5374=LINE('',#3786,#5373);
#5375=EDGE_CURVE('',#3787,#5371,#5374,.T.);
#5376=ORIENTED_EDGE('',*,*,#5375,.T.);
#5377=DIRECTION('',(0.,1.,0.));
#5378=VECTOR('',#5377,10.22225);
#5379=LINE('',#5348,#5378);
#5380=EDGE_CURVE('',#5349,#5371,#5379,.T.);
#5381=ORIENTED_EDGE('',*,*,#5380,.F.);
#5382=ORIENTED_EDGE('',*,*,#5353,.F.);
#5383=EDGE_LOOP('',(#5369,#5376,#5381,#5382));
#5384=FACE_OUTER_BOUND('',#5383,.T.);
#5385=CARTESIAN_POINT('',(100.,34.22965,180.));
#5386=DIRECTION('',(1.,0.,0.));
#5387=DIRECTION('',(0.,1.,0.));
#5388=AXIS2_PLACEMENT_3D('',#5385,#5386,#5387);
#5389=PLANE('',#5388);
#5390=ADVANCED_FACE('',(#5384),#5389,.T.);
#5391=ORIENTED_EDGE('',*,*,#3824,.T.);
#5392=CARTESIAN_POINT('',(100.,27.40385,365.));
#5393=VERTEX_POINT('',#5392);
#5394=DIRECTION('',(0.,-0.34319,0.93926));
#5395=VECTOR('',#5394,196.96253);
#5396=LINE('',#3814,#5395);
#5397=EDGE_CURVE('',#3815,#5393,#5396,.T.);
#5398=ORIENTED_EDGE('',*,*,#5397,.T.);
#5399=DIRECTION('',(0.,1.,0.));
#5400=VECTOR('',#5399,7.30766);
#5401=LINE('',#5370,#5400);
#5402=EDGE_CURVE('',#5371,#5393,#5401,.T.);
#5403=ORIENTED_EDGE('',*,*,#5402,.F.);
#5404=ORIENTED_EDGE('',*,*,#5375,.F.);
#5405=EDGE_LOOP('',(#5391,#5398,#5403,#5404));
#5406=FACE_OUTER_BOUND('',#5405,.T.);
#5407=CARTESIAN_POINT('',(100.,69.66679,180.));
#5408=DIRECTION('',(1.,0.,0.));
#5409=DIRECTION('',(0.,1.,0.));
#5410=AXIS2_PLACEMENT_3D('',#5407,#5408,#5409);
#5411=PLANE('',#5410);
#5412=ADVANCED_FACE('',(#5406),#5411,.T.);
#5413=ORIENTED_EDGE('',*,*,#3852,.T.);
#5414=CARTESIAN_POINT('',(100.,31.06602,365.));
#5415=VERTEX_POINT('',#5414);
#5416=DIRECTION('',(0.,-0.38268,0.92388));
#5417=VECTOR('',#5416,167.06755);
#5418=LINE('',#3842,#5417);
#5419=EDGE_CURVE('',#3843,#5415,#5418,.T.);
#5420=ORIENTED_EDGE('',*,*,#5419,.T.);
#5421=DIRECTION('',(0.,1.,0.));
#5422=VECTOR('',#5421,3.66217);
#5423=LINE('',#5392,#5422);
#5424=EDGE_CURVE('',#5393,#5415,#5423,.T.);
#5425=ORIENTED_EDGE('',*,*,#5424,.F.);
#5426=ORIENTED_EDGE('',*,*,#5397,.F.);
#5427=EDGE_LOOP('',(#5413,#5420,#5425,#5426));
#5428=FACE_OUTER_BOUND('',#5427,.T.);
#5429=CARTESIAN_POINT('',(100.,95.,180.));
#5430=DIRECTION('',(1.,0.,0.));
#5431=DIRECTION('',(0.,0.,1.));
#5432=AXIS2_PLACEMENT_3D('',#5429,#5430,#5431);
#5433=PLANE('',#5432);
#5434=ADVANCED_FACE('',(#5428),#5433,.T.);
#5435=ORIENTED_EDGE('',*,*,#3880,.T.);
#5436=CARTESIAN_POINT('',(100.,43.30127,365.));
#5437=VERTEX_POINT('',#5436);
#5438=DIRECTION('',(0.,-0.5,0.86603));
#5439=VECTOR('',#5438,103.39746);
#5440=LINE('',#3870,#5439);
#5441=EDGE_CURVE('',#3871,#5437,#5440,.T.);
#5442=ORIENTED_EDGE('',*,*,#5441,.T.);
#5443=DIRECTION('',(0.,1.,0.));
#5444=VECTOR('',#5443,12.23525);
#5445=LINE('',#5414,#5444);
#5446=EDGE_CURVE('',#5415,#5437,#5445,.T.);
#5447=ORIENTED_EDGE('',*,*,#5446,.F.);
#5448=ORIENTED_EDGE('',*,*,#5419,.F.);
#5449=EDGE_LOOP('',(#5435,#5442,#5447,#5448));
#5450=FACE_OUTER_BOUND('',#5449,.T.);
#5451=CARTESIAN_POINT('',(100.,95.,210.64971));
#5452=DIRECTION('',(1.,0.,0.));
#5453=DIRECTION('',(0.,0.,1.));
#5454=AXIS2_PLACEMENT_3D('',#5451,#5452,#5453);
#5455=PLANE('',#5454);
#5456=ADVANCED_FACE('',(#5450),#5455,.T.);
#5457=ORIENTED_EDGE('',*,*,#3908,.T.);
#5458=CARTESIAN_POINT('',(100.,46.,365.));
#5459=VERTEX_POINT('',#5458);
#5460=DIRECTION('',(0.,-0.52283,0.85244));
#5461=VECTOR('',#5460,93.72097);
#5462=LINE('',#3898,#5461);
#5463=EDGE_CURVE('',#3899,#5459,#5462,.T.);
#5464=ORIENTED_EDGE('',*,*,#5463,.T.);
#5465=DIRECTION('',(0.,1.,0.));
#5466=VECTOR('',#5465,2.69873);
#5467=LINE('',#5436,#5466);
#5468=EDGE_CURVE('',#5437,#5459,#5467,.T.);
#5469=ORIENTED_EDGE('',*,*,#5468,.F.);
#5470=ORIENTED_EDGE('',*,*,#5441,.F.);
#5471=EDGE_LOOP('',(#5457,#5464,#5469,#5470));
#5472=FACE_OUTER_BOUND('',#5471,.T.);
#5473=CARTESIAN_POINT('',(100.,95.,275.45517));
#5474=DIRECTION('',(1.,0.,0.));
#5475=DIRECTION('',(0.,0.,1.));
#5476=AXIS2_PLACEMENT_3D('',#5473,#5474,#5475);
#5477=PLANE('',#5476);
#5478=ADVANCED_FACE('',(#5472),#5477,.T.);
#5479=ORIENTED_EDGE('',*,*,#3936,.T.);
#5480=CARTESIAN_POINT('',(100.,54.,367.14359));
#5481=VERTEX_POINT('',#5480);
#5482=DIRECTION('',(0.,-0.59546,0.80339));
#5483=VECTOR('',#5482,68.85463);
#5484=LINE('',#3926,#5483);
#5485=EDGE_CURVE('',#3927,#5481,#5484,.T.);
#5486=ORIENTED_EDGE('',*,*,#5485,.T.);
#5487=DIRECTION('',(0.,0.96593,0.25882));
#5488=VECTOR('',#5487,8.28221);
#5489=LINE('',#5458,#5488);
#5490=EDGE_CURVE('',#5459,#5481,#5489,.T.);
#5491=ORIENTED_EDGE('',*,*,#5490,.F.);
#5492=ORIENTED_EDGE('',*,*,#5463,.F.);
#5493=EDGE_LOOP('',(#5479,#5486,#5491,#5492));
#5494=FACE_OUTER_BOUND('',#5493,.T.);
#5495=CARTESIAN_POINT('',(100.,95.,285.1087));
#5496=DIRECTION('',(1.,0.,0.));
#5497=DIRECTION('',(0.,0.,1.));
#5498=AXIS2_PLACEMENT_3D('',#5495,#5496,#5497);
#5499=PLANE('',#5498);
#5500=ADVANCED_FACE('',(#5494),#5499,.T.);
#5501=ORIENTED_EDGE('',*,*,#3964,.T.);
#5502=CARTESIAN_POINT('',(100.,55.07772,368.22132));
#5503=VERTEX_POINT('',#5502);
#5504=DIRECTION('',(0.,-0.60876,0.79335));
#5505=VECTOR('',#5504,65.57951);
#5506=LINE('',#3954,#5505);
#5507=EDGE_CURVE('',#3955,#5503,#5506,.T.);
#5508=ORIENTED_EDGE('',*,*,#5507,.T.);
#5509=DIRECTION('',(0.,0.70711,0.70711));
#5510=VECTOR('',#5509,1.52413);
#5511=LINE('',#5480,#5510);
#5512=EDGE_CURVE('',#5481,#5503,#5511,.T.);
#5513=ORIENTED_EDGE('',*,*,#5512,.F.);
#5514=ORIENTED_EDGE('',*,*,#5485,.F.);
#5515=EDGE_LOOP('',(#5501,#5508,#5513,#5514));
#5516=FACE_OUTER_BOUND('',#5515,.T.);
#5517=CARTESIAN_POINT('',(100.,95.,311.82669));
#5518=DIRECTION('',(1.,0.,0.));
#5519=DIRECTION('',(0.,0.,1.));
#5520=AXIS2_PLACEMENT_3D('',#5517,#5518,#5519);
#5521=PLANE('',#5520);
#5522=ADVANCED_FACE('',(#5516),#5521,.T.);
#5523=ORIENTED_EDGE('',*,*,#3992,.T.);
#5524=CARTESIAN_POINT('',(100.,59.85641,373.));
#5525=VERTEX_POINT('',#5524);
#5526=DIRECTION('',(0.,-0.66623,0.74574));
#5527=VECTOR('',#5526,52.74975);
#5528=LINE('',#3982,#5527);
#5529=EDGE_CURVE('',#3983,#5525,#5528,.T.);
#5530=ORIENTED_EDGE('',*,*,#5529,.T.);
#5531=DIRECTION('',(0.,0.70711,0.70711));
#5532=VECTOR('',#5531,6.75808);
#5533=LINE('',#5502,#5532);
#5534=EDGE_CURVE('',#5503,#5525,#5533,.T.);
#5535=ORIENTED_EDGE('',*,*,#5534,.F.);
#5536=ORIENTED_EDGE('',*,*,#5507,.F.);
#5537=EDGE_LOOP('',(#5523,#5530,#5535,#5536));
#5538=FACE_OUTER_BOUND('',#5537,.T.);
#5539=CARTESIAN_POINT('',(100.,95.,316.19359));
#5540=DIRECTION('',(1.,0.,0.));
#5541=DIRECTION('',(0.,0.,1.));
#5542=AXIS2_PLACEMENT_3D('',#5539,#5540,#5541);
#5543=PLANE('',#5542);
#5544=ADVANCED_FACE('',(#5538),#5543,.T.);
#5545=ORIENTED_EDGE('',*,*,#4020,.T.);
#5546=CARTESIAN_POINT('',(100.,61.36603,378.63397));
#5547=VERTEX_POINT('',#5546);
#5548=DIRECTION('',(0.,-0.70711,0.70711));
#5549=VECTOR('',#5548,47.56562);
#5550=LINE('',#4010,#5549);
#5551=EDGE_CURVE('',#4011,#5547,#5550,.T.);
#5552=ORIENTED_EDGE('',*,*,#5551,.T.);
#5553=DIRECTION('',(0.,0.25882,0.96593));
#5554=VECTOR('',#5553,5.83272);
#5555=LINE('',#5524,#5554);
#5556=EDGE_CURVE('',#5525,#5547,#5555,.T.);
#5557=ORIENTED_EDGE('',*,*,#5556,.F.);
#5558=ORIENTED_EDGE('',*,*,#5529,.F.);
#5559=EDGE_LOOP('',(#5545,#5552,#5557,#5558));
#5560=FACE_OUTER_BOUND('',#5559,.T.);
#5561=CARTESIAN_POINT('',(100.,95.,333.66218));
#5562=DIRECTION('',(1.,0.,0.));
#5563=DIRECTION('',(0.,0.,1.));
#5564=AXIS2_PLACEMENT_3D('',#5561,#5562,#5563);
#5565=PLANE('',#5564);
#5566=ADVANCED_FACE('',(#5560),#5565,.T.);
#5567=ORIENTED_EDGE('',*,*,#4048,.T.);
#5568=CARTESIAN_POINT('',(100.,62.,381.));
#5569=VERTEX_POINT('',#5568);
#5570=DIRECTION('',(0.,-0.72442,0.68936));
#5571=VECTOR('',#5570,45.55395);
#5572=LINE('',#4038,#5571);
#5573=EDGE_CURVE('',#4039,#5569,#5572,.T.);
#5574=ORIENTED_EDGE('',*,*,#5573,.T.);
#5575=DIRECTION('',(0.,0.25882,0.96593));
#5576=VECTOR('',#5575,2.44949);
#5577=LINE('',#5546,#5576);
#5578=EDGE_CURVE('',#5547,#5569,#5577,.T.);
#5579=ORIENTED_EDGE('',*,*,#5578,.F.);
#5580=ORIENTED_EDGE('',*,*,#5551,.F.);
#5581=EDGE_LOOP('',(#5567,#5574,#5579,#5580));
#5582=FACE_OUTER_BOUND('',#5581,.T.);
#5583=CARTESIAN_POINT('',(100.,95.,345.));
#5584=DIRECTION('',(1.,0.,0.));
#5585=DIRECTION('',(0.,0.,1.));
#5586=AXIS2_PLACEMENT_3D('',#5583,#5584,#5585);
#5587=PLANE('',#5586);
#5588=ADVANCED_FACE('',(#5582),#5587,.T.);
#5589=ORIENTED_EDGE('',*,*,#4076,.T.);
#5590=CARTESIAN_POINT('',(100.,62.,392.42573));
#5591=VERTEX_POINT('',#5590);
#5592=DIRECTION('',(0.,-0.79335,0.60876));
#5593=VECTOR('',#5592,41.59559);
#5594=LINE('',#4066,#5593);
#5595=EDGE_CURVE('',#4067,#5591,#5594,.T.);
#5596=ORIENTED_EDGE('',*,*,#5595,.T.);
#5597=DIRECTION('',(0.,0.,1.));
#5598=VECTOR('',#5597,11.42573);
#5599=LINE('',#5568,#5598);
#5600=EDGE_CURVE('',#5569,#5591,#5599,.T.);
#5601=ORIENTED_EDGE('',*,*,#5600,.F.);
#5602=ORIENTED_EDGE('',*,*,#5573,.F.);
#5603=EDGE_LOOP('',(#5589,#5596,#5601,#5602));
#5604=FACE_OUTER_BOUND('',#5603,.T.);
#5605=CARTESIAN_POINT('',(100.,95.,349.59677));
#5606=DIRECTION('',(1.,0.,0.));
#5607=DIRECTION('',(0.,0.,1.));
#5608=AXIS2_PLACEMENT_3D('',#5605,#5606,#5607);
#5609=PLANE('',#5608);
#5610=ADVANCED_FACE('',(#5604),#5609,.T.);
#5611=ORIENTED_EDGE('',*,*,#4104,.T.);
#5612=CARTESIAN_POINT('',(100.,62.,404.20428));
#5613=VERTEX_POINT('',#5612);
#5614=DIRECTION('',(0.,-0.86603,0.5));
#5615=VECTOR('',#5614,38.10512);
#5616=LINE('',#4094,#5615);
#5617=EDGE_CURVE('',#4095,#5613,#5616,.T.);
#5618=ORIENTED_EDGE('',*,*,#5617,.T.);
#5619=DIRECTION('',(0.,0.,1.));
#5620=VECTOR('',#5619,11.77856);
#5621=LINE('',#5590,#5620);
#5622=EDGE_CURVE('',#5591,#5613,#5621,.T.);
#5623=ORIENTED_EDGE('',*,*,#5622,.F.);
#5624=ORIENTED_EDGE('',*,*,#5595,.F.);
#5625=EDGE_LOOP('',(#5611,#5618,#5623,#5624));
#5626=FACE_OUTER_BOUND('',#5625,.T.);
#5627=CARTESIAN_POINT('',(100.,95.,367.10394));
#5628=DIRECTION('',(1.,0.,0.));
#5629=DIRECTION('',(0.,0.,1.));
#5630=AXIS2_PLACEMENT_3D('',#5627,#5628,#5629);
#5631=PLANE('',#5630);
#5632=ADVANCED_FACE('',(#5626),#5631,.T.);
#5633=ORIENTED_EDGE('',*,*,#4132,.T.);
#5634=CARTESIAN_POINT('',(100.,62.,414.31876));
#5635=VERTEX_POINT('',#5634);
#5636=DIRECTION('',(0.,-0.92388,0.38268));
#5637=VECTOR('',#5636,35.71894);
#5638=LINE('',#4122,#5637);
#5639=EDGE_CURVE('',#4123,#5635,#5638,.T.);
#5640=ORIENTED_EDGE('',*,*,#5639,.T.);
#5641=DIRECTION('',(0.,0.,1.));
#5642=VECTOR('',#5641,10.11448);
#5643=LINE('',#5612,#5642);
#5644=EDGE_CURVE('',#5613,#5635,#5643,.T.);
#5645=ORIENTED_EDGE('',*,*,#5644,.F.);
#5646=ORIENTED_EDGE('',*,*,#5617,.F.);
#5647=EDGE_LOOP('',(#5633,#5640,#5645,#5646));
#5648=FACE_OUTER_BOUND('',#5647,.T.);
#5649=CARTESIAN_POINT('',(100.,95.,385.15172));
#5650=DIRECTION('',(1.,0.,0.));
#5651=DIRECTION('',(0.,0.,1.));
#5652=AXIS2_PLACEMENT_3D('',#5649,#5650,#5651);
#5653=PLANE('',#5652);
#5654=ADVANCED_FACE('',(#5648),#5653,.T.);
#5655=ORIENTED_EDGE('',*,*,#4160,.T.);
#5656=CARTESIAN_POINT('',(100.,62.,423.38715));
#5657=VERTEX_POINT('',#5656);
#5658=DIRECTION('',(0.,-0.96593,0.25882));
#5659=VECTOR('',#5658,34.16411);
#5660=LINE('',#4150,#5659);
#5661=EDGE_CURVE('',#4151,#5657,#5660,.T.);
#5662=ORIENTED_EDGE('',*,*,#5661,.T.);
#5663=DIRECTION('',(0.,0.,1.));
#5664=VECTOR('',#5663,9.06839);
#5665=LINE('',#5634,#5664);
#5666=EDGE_CURVE('',#5635,#5657,#5665,.T.);
#5667=ORIENTED_EDGE('',*,*,#5666,.F.);
#5668=ORIENTED_EDGE('',*,*,#5639,.F.);
#5669=EDGE_LOOP('',(#5655,#5662,#5667,#5668));
#5670=FACE_OUTER_BOUND('',#5669,.T.);
#5671=CARTESIAN_POINT('',(100.,95.,400.64971));
#5672=DIRECTION('',(1.,0.,0.));
#5673=DIRECTION('',(0.,0.,1.));
#5674=AXIS2_PLACEMENT_3D('',#5671,#5672,#5673);
#5675=PLANE('',#5674);
#5676=ADVANCED_FACE('',(#5670),#5675,.T.);
#5677=ORIENTED_EDGE('',*,*,#4188,.T.);
#5678=CARTESIAN_POINT('',(100.,62.,431.83755));
#5679=VERTEX_POINT('',#5678);
#5680=DIRECTION('',(0.,-0.99144,0.13053));
#5681=VECTOR('',#5680,33.28476);
#5682=LINE('',#4178,#5681);
#5683=EDGE_CURVE('',#4179,#5679,#5682,.T.);
#5684=ORIENTED_EDGE('',*,*,#5683,.T.);
#5685=DIRECTION('',(0.,0.,1.));
#5686=VECTOR('',#5685,8.4504);
#5687=LINE('',#5656,#5686);
#5688=EDGE_CURVE('',#5657,#5679,#5687,.T.);
#5689=ORIENTED_EDGE('',*,*,#5688,.F.);
#5690=ORIENTED_EDGE('',*,*,#5661,.F.);
#5691=EDGE_LOOP('',(#5677,#5684,#5689,#5690));
#5692=FACE_OUTER_BOUND('',#5691,.T.);
#5693=CARTESIAN_POINT('',(100.,95.,414.54483));
#5694=DIRECTION('',(1.,0.,0.));
#5695=DIRECTION('',(0.,0.,1.));
#5696=AXIS2_PLACEMENT_3D('',#5693,#5694,#5695);
#5697=PLANE('',#5696);
#5698=ADVANCED_FACE('',(#5692),#5697,.T.);
#5699=ORIENTED_EDGE('',*,*,#4208,.F.);
#5700=ORIENTED_EDGE('',*,*,#4237,.T.);
#5701=DIRECTION('',(0.,0.,-1.));
#5702=VECTOR('',#5701,8.16245);
#5703=LINE('',#4227,#5702);
#5704=EDGE_CURVE('',#4228,#5679,#5703,.T.);
#5705=ORIENTED_EDGE('',*,*,#5704,.T.);
#5706=ORIENTED_EDGE('',*,*,#5683,.F.);
#5707=EDGE_LOOP('',(#5699,#5700,#5705,#5706));
#5708=FACE_OUTER_BOUND('',#5707,.T.);
#5709=CARTESIAN_POINT('',(100.,95.,427.49301));
#5710=DIRECTION('',(1.,0.,0.));
#5711=DIRECTION('',(0.,0.,1.));
#5712=AXIS2_PLACEMENT_3D('',#5709,#5710,#5711);
#5713=PLANE('',#5712);
#5714=ADVANCED_FACE('',(#5708),#5713,.T.);
#5715=ORIENTED_EDGE('',*,*,#4232,.T.);
#5716=CARTESIAN_POINT('',(95.,62.,448.16245));
#5717=VERTEX_POINT('',#5716);
#5718=DIRECTION('',(-1.,0.,0.));
#5719=VECTOR('',#5718,5.);
#5720=LINE('',#4220,#5719);
#5721=EDGE_CURVE('',#4221,#5717,#5720,.T.);
#5722=ORIENTED_EDGE('',*,*,#5721,.T.);
#5723=CARTESIAN_POINT('',(95.,62.,440.));
#5724=VERTEX_POINT('',#5723);
#5725=DIRECTION('',(0.,0.,1.));
#5726=VECTOR('',#5725,8.16245);
#5727=LINE('',#5723,#5726);
#5728=EDGE_CURVE('',#5724,#5717,#5727,.T.);
#5729=ORIENTED_EDGE('',*,*,#5728,.F.);
#5730=DIRECTION('',(-1.,0.,0.));
#5731=VECTOR('',#5730,5.);
#5732=LINE('',#4227,#5731);
#5733=EDGE_CURVE('',#4228,#5724,#5732,.T.);
#5734=ORIENTED_EDGE('',*,*,#5733,.F.);
#5735=EDGE_LOOP('',(#5715,#5722,#5729,#5734));
#5736=FACE_OUTER_BOUND('',#5735,.T.);
#5737=CARTESIAN_POINT('',(100.,62.,440.));
#5738=DIRECTION('',(0.,-1.,0.));
#5739=DIRECTION('',(0.,0.,1.));
#5740=AXIS2_PLACEMENT_3D('',#5737,#5738,#5739);
#5741=PLANE('',#5740);
#5742=ADVANCED_FACE('',(#5736),#5741,.T.);
#5743=ORIENTED_EDGE('',*,*,#4258,.T.);
#5744=CARTESIAN_POINT('',(95.,62.,456.61285));
#5745=VERTEX_POINT('',#5744);
#5746=DIRECTION('',(-1.,0.,0.));
#5747=VECTOR('',#5746,5.);
#5748=LINE('',#4248,#5747);
#5749=EDGE_CURVE('',#4249,#5745,#5748,.T.);
#5750=ORIENTED_EDGE('',*,*,#5749,.T.);
#5751=DIRECTION('',(0.,0.,1.));
#5752=VECTOR('',#5751,8.4504);
#5753=LINE('',#5716,#5752);
#5754=EDGE_CURVE('',#5717,#5745,#5753,.T.);
#5755=ORIENTED_EDGE('',*,*,#5754,.F.);
#5756=ORIENTED_EDGE('',*,*,#5721,.F.);
#5757=EDGE_LOOP('',(#5743,#5750,#5755,#5756));
#5758=FACE_OUTER_BOUND('',#5757,.T.);
#5759=CARTESIAN_POINT('',(100.,62.,448.16245));
#5760=DIRECTION('',(0.,-1.,0.));
#5761=DIRECTION('',(0.,0.,1.));
#5762=AXIS2_PLACEMENT_3D('',#5759,#5760,#5761);
#5763=PLANE('',#5762);
#5764=ADVANCED_FACE('',(#5758),#5763,.T.);
#5765=ORIENTED_EDGE('',*,*,#4280,.T.);
#5766=CARTESIAN_POINT('',(95.,62.,465.68124));
#5767=VERTEX_POINT('',#5766);
#5768=DIRECTION('',(-1.,0.,0.));
#5769=VECTOR('',#5768,5.);
#5770=LINE('',#4270,#5769);
#5771=EDGE_CURVE('',#4271,#5767,#5770,.T.);
#5772=ORIENTED_EDGE('',*,*,#5771,.T.);
#5773=DIRECTION('',(0.,0.,1.));
#5774=VECTOR('',#5773,9.06839);
#5775=LINE('',#5744,#5774);
#5776=EDGE_CURVE('',#5745,#5767,#5775,.T.);
#5777=ORIENTED_EDGE('',*,*,#5776,.F.);
#5778=ORIENTED_EDGE('',*,*,#5749,.F.);
#5779=EDGE_LOOP('',(#5765,#5772,#5777,#5778));
#5780=FACE_OUTER_BOUND('',#5779,.T.);
#5781=CARTESIAN_POINT('',(100.,62.,456.61285));
#5782=DIRECTION('',(0.,-1.,0.));
#5783=DIRECTION('',(0.,0.,1.));
#5784=AXIS2_PLACEMENT_3D('',#5781,#5782,#5783);
#5785=PLANE('',#5784);
#5786=ADVANCED_FACE('',(#5780),#5785,.T.);
#5787=ORIENTED_EDGE('',*,*,#4302,.T.);
#5788=CARTESIAN_POINT('',(95.,62.,475.79572));
#5789=VERTEX_POINT('',#5788);
#5790=DIRECTION('',(-1.,0.,0.));
#5791=VECTOR('',#5790,5.);
#5792=LINE('',#4292,#5791);
#5793=EDGE_CURVE('',#4293,#5789,#5792,.T.);
#5794=ORIENTED_EDGE('',*,*,#5793,.T.);
#5795=DIRECTION('',(0.,0.,1.));
#5796=VECTOR('',#5795,10.11448);
#5797=LINE('',#5766,#5796);
#5798=EDGE_CURVE('',#5767,#5789,#5797,.T.);
#5799=ORIENTED_EDGE('',*,*,#5798,.F.);
#5800=ORIENTED_EDGE('',*,*,#5771,.F.);
#5801=EDGE_LOOP('',(#5787,#5794,#5799,#5800));
#5802=FACE_OUTER_BOUND('',#5801,.T.);
#5803=CARTESIAN_POINT('',(100.,62.,465.68124));
#5804=DIRECTION('',(0.,-1.,0.));
#5805=DIRECTION('',(0.,0.,1.));
#5806=AXIS2_PLACEMENT_3D('',#5803,#5804,#5805);
#5807=PLANE('',#5806);
#5808=ADVANCED_FACE('',(#5802),#5807,.T.);
#5809=ORIENTED_EDGE('',*,*,#4324,.T.);
#5810=CARTESIAN_POINT('',(95.,62.,487.57427));
#5811=VERTEX_POINT('',#5810);
#5812=DIRECTION('',(-1.,0.,0.));
#5813=VECTOR('',#5812,5.);
#5814=LINE('',#4314,#5813);
#5815=EDGE_CURVE('',#4315,#5811,#5814,.T.);
#5816=ORIENTED_EDGE('',*,*,#5815,.T.);
#5817=DIRECTION('',(0.,0.,1.));
#5818=VECTOR('',#5817,11.77856);
#5819=LINE('',#5788,#5818);
#5820=EDGE_CURVE('',#5789,#5811,#5819,.T.);
#5821=ORIENTED_EDGE('',*,*,#5820,.F.);
#5822=ORIENTED_EDGE('',*,*,#5793,.F.);
#5823=EDGE_LOOP('',(#5809,#5816,#5821,#5822));
#5824=FACE_OUTER_BOUND('',#5823,.T.);
#5825=CARTESIAN_POINT('',(100.,62.,475.79572));
#5826=DIRECTION('',(0.,-1.,0.));
#5827=DIRECTION('',(0.,0.,1.));
#5828=AXIS2_PLACEMENT_3D('',#5825,#5826,#5827);
#5829=PLANE('',#5828);
#5830=ADVANCED_FACE('',(#5824),#5829,.T.);
#5831=ORIENTED_EDGE('',*,*,#4346,.T.);
#5832=CARTESIAN_POINT('',(95.,62.,499.));
#5833=VERTEX_POINT('',#5832);
#5834=DIRECTION('',(-1.,0.,0.));
#5835=VECTOR('',#5834,5.);
#5836=LINE('',#4336,#5835);
#5837=EDGE_CURVE('',#4337,#5833,#5836,.T.);
#5838=ORIENTED_EDGE('',*,*,#5837,.T.);
#5839=DIRECTION('',(0.,0.,1.));
#5840=VECTOR('',#5839,11.42573);
#5841=LINE('',#5810,#5840);
#5842=EDGE_CURVE('',#5811,#5833,#5841,.T.);
#5843=ORIENTED_EDGE('',*,*,#5842,.F.);
#5844=ORIENTED_EDGE('',*,*,#5815,.F.);
#5845=EDGE_LOOP('',(#5831,#5838,#5843,#5844));
#5846=FACE_OUTER_BOUND('',#5845,.T.);
#5847=CARTESIAN_POINT('',(100.,62.,487.57427));
#5848=DIRECTION('',(0.,-1.,0.));
#5849=DIRECTION('',(0.,0.,1.));
#5850=AXIS2_PLACEMENT_3D('',#5847,#5848,#5849);
#5851=PLANE('',#5850);
#5852=ADVANCED_FACE('',(#5846),#5851,.T.);
#5853=ORIENTED_EDGE('',*,*,#4368,.T.);
#5854=CARTESIAN_POINT('',(95.,61.36603,501.36603));
#5855=VERTEX_POINT('',#5854);
#5856=DIRECTION('',(-1.,0.,0.));
#5857=VECTOR('',#5856,5.);
#5858=LINE('',#4358,#5857);
#5859=EDGE_CURVE('',#4359,#5855,#5858,.T.);
#5860=ORIENTED_EDGE('',*,*,#5859,.T.);
#5861=DIRECTION('',(0.,-0.25882,0.96593));
#5862=VECTOR('',#5861,2.44949);
#5863=LINE('',#5832,#5862);
#5864=EDGE_CURVE('',#5833,#5855,#5863,.T.);
#5865=ORIENTED_EDGE('',*,*,#5864,.F.);
#5866=ORIENTED_EDGE('',*,*,#5837,.F.);
#5867=EDGE_LOOP('',(#5853,#5860,#5865,#5866));
#5868=FACE_OUTER_BOUND('',#5867,.T.);
#5869=CARTESIAN_POINT('',(100.,62.,499.));
#5870=DIRECTION('',(0.,-0.96593,-0.25882));
#5871=DIRECTION('',(0.,-0.25882,0.96593));
#5872=AXIS2_PLACEMENT_3D('',#5869,#5870,#5871);
#5873=PLANE('',#5872);
#5874=ADVANCED_FACE('',(#5868),#5873,.T.);
#5875=ORIENTED_EDGE('',*,*,#4390,.T.);
#5876=CARTESIAN_POINT('',(95.,59.85641,507.));
#5877=VERTEX_POINT('',#5876);
#5878=DIRECTION('',(-1.,0.,0.));
#5879=VECTOR('',#5878,5.);
#5880=LINE('',#4380,#5879);
#5881=EDGE_CURVE('',#4381,#5877,#5880,.T.);
#5882=ORIENTED_EDGE('',*,*,#5881,.T.);
#5883=DIRECTION('',(0.,-0.25882,0.96593));
#5884=VECTOR('',#5883,5.83272);
#5885=LINE('',#5854,#5884);
#5886=EDGE_CURVE('',#5855,#5877,#5885,.T.);
#5887=ORIENTED_EDGE('',*,*,#5886,.F.);
#5888=ORIENTED_EDGE('',*,*,#5859,.F.);
#5889=EDGE_LOOP('',(#5875,#5882,#5887,#5888));
#5890=FACE_OUTER_BOUND('',#5889,.T.);
#5891=CARTESIAN_POINT('',(100.,61.36603,501.36603));
#5892=DIRECTION('',(0.,-0.96593,-0.25882));
#5893=DIRECTION('',(0.,-0.25882,0.96593));
#5894=AXIS2_PLACEMENT_3D('',#5891,#5892,#5893);
#5895=PLANE('',#5894);
#5896=ADVANCED_FACE('',(#5890),#5895,.T.);
#5897=ORIENTED_EDGE('',*,*,#4412,.T.);
#5898=CARTESIAN_POINT('',(95.,55.07772,511.77868));
#5899=VERTEX_POINT('',#5898);
#5900=DIRECTION('',(-1.,0.,0.));
#5901=VECTOR('',#5900,5.);
#5902=LINE('',#4402,#5901);
#5903=EDGE_CURVE('',#4403,#5899,#5902,.T.);
#5904=ORIENTED_EDGE('',*,*,#5903,.T.);
#5905=DIRECTION('',(0.,-0.70711,0.70711));
#5906=VECTOR('',#5905,6.75808);
#5907=LINE('',#5876,#5906);
#5908=EDGE_CURVE('',#5877,#5899,#5907,.T.);
#5909=ORIENTED_EDGE('',*,*,#5908,.F.);
#5910=ORIENTED_EDGE('',*,*,#5881,.F.);
#5911=EDGE_LOOP('',(#5897,#5904,#5909,#5910));
#5912=FACE_OUTER_BOUND('',#5911,.T.);
#5913=CARTESIAN_POINT('',(100.,59.85641,507.));
#5914=DIRECTION('',(0.,-0.70711,-0.70711));
#5915=DIRECTION('',(0.,-0.70711,0.70711));
#5916=AXIS2_PLACEMENT_3D('',#5913,#5914,#5915);
#5917=PLANE('',#5916);
#5918=ADVANCED_FACE('',(#5912),#5917,.T.);
#5919=ORIENTED_EDGE('',*,*,#4434,.T.);
#5920=CARTESIAN_POINT('',(95.,54.,512.85641));
#5921=VERTEX_POINT('',#5920);
#5922=DIRECTION('',(-1.,0.,0.));
#5923=VECTOR('',#5922,5.);
#5924=LINE('',#4424,#5923);
#5925=EDGE_CURVE('',#4425,#5921,#5924,.T.);
#5926=ORIENTED_EDGE('',*,*,#5925,.T.);
#5927=DIRECTION('',(0.,-0.70711,0.70711));
#5928=VECTOR('',#5927,1.52413);
#5929=LINE('',#5898,#5928);
#5930=EDGE_CURVE('',#5899,#5921,#5929,.T.);
#5931=ORIENTED_EDGE('',*,*,#5930,.F.);
#5932=ORIENTED_EDGE('',*,*,#5903,.F.);
#5933=EDGE_LOOP('',(#5919,#5926,#5931,#5932));
#5934=FACE_OUTER_BOUND('',#5933,.T.);
#5935=CARTESIAN_POINT('',(100.,55.07772,511.77868));
#5936=DIRECTION('',(0.,-0.70711,-0.70711));
#5937=DIRECTION('',(0.,-0.70711,0.70711));
#5938=AXIS2_PLACEMENT_3D('',#5935,#5936,#5937);
#5939=PLANE('',#5938);
#5940=ADVANCED_FACE('',(#5934),#5939,.T.);
#5941=ORIENTED_EDGE('',*,*,#4456,.T.);
#5942=CARTESIAN_POINT('',(95.,46.74949,514.79918));
#5943=VERTEX_POINT('',#5942);
#5944=DIRECTION('',(-1.,0.,0.));
#5945=VECTOR('',#5944,5.);
#5946=LINE('',#4446,#5945);
#5947=EDGE_CURVE('',#4447,#5943,#5946,.T.);
#5948=ORIENTED_EDGE('',*,*,#5947,.T.);
#5949=DIRECTION('',(0.,-0.96593,0.25882));
#5950=VECTOR('',#5949,7.50629);
#5951=LINE('',#5920,#5950);
#5952=EDGE_CURVE('',#5921,#5943,#5951,.T.);
#5953=ORIENTED_EDGE('',*,*,#5952,.F.);
#5954=ORIENTED_EDGE('',*,*,#5925,.F.);
#5955=EDGE_LOOP('',(#5941,#5948,#5953,#5954));
#5956=FACE_OUTER_BOUND('',#5955,.T.);
#5957=CARTESIAN_POINT('',(100.,54.,512.85641));
#5958=DIRECTION('',(0.,-0.25882,-0.96593));
#5959=DIRECTION('',(0.,-0.96593,0.25882));
#5960=AXIS2_PLACEMENT_3D('',#5957,#5958,#5959);
#5961=PLANE('',#5960);
#5962=ADVANCED_FACE('',(#5956),#5961,.T.);
#5963=ORIENTED_EDGE('',*,*,#4478,.T.);
#5964=CARTESIAN_POINT('',(95.,46.,515.));
#5965=VERTEX_POINT('',#5964);
#5966=DIRECTION('',(-1.,0.,0.));
#5967=VECTOR('',#5966,5.);
#5968=LINE('',#4468,#5967);
#5969=EDGE_CURVE('',#4469,#5965,#5968,.T.);
#5970=ORIENTED_EDGE('',*,*,#5969,.T.);
#5971=DIRECTION('',(0.,-0.96593,0.25882));
#5972=VECTOR('',#5971,0.77592);
#5973=LINE('',#5942,#5972);
#5974=EDGE_CURVE('',#5943,#5965,#5973,.T.);
#5975=ORIENTED_EDGE('',*,*,#5974,.F.);
#5976=ORIENTED_EDGE('',*,*,#5947,.F.);
#5977=EDGE_LOOP('',(#5963,#5970,#5975,#5976));
#5978=FACE_OUTER_BOUND('',#5977,.T.);
#5979=CARTESIAN_POINT('',(100.,46.74949,514.79918));
#5980=DIRECTION('',(0.,-0.25882,-0.96593));
#5981=DIRECTION('',(0.,-0.96593,0.25882));
#5982=AXIS2_PLACEMENT_3D('',#5979,#5980,#5981);
#5983=PLANE('',#5982);
#5984=ADVANCED_FACE('',(#5978),#5983,.T.);
#5985=ORIENTED_EDGE('',*,*,#4500,.T.);
#5986=CARTESIAN_POINT('',(95.,43.30127,515.));
#5987=VERTEX_POINT('',#5986);
#5988=DIRECTION('',(-1.,0.,0.));
#5989=VECTOR('',#5988,5.);
#5990=LINE('',#4490,#5989);
#5991=EDGE_CURVE('',#4491,#5987,#5990,.T.);
#5992=ORIENTED_EDGE('',*,*,#5991,.T.);
#5993=DIRECTION('',(0.,-1.,0.));
#5994=VECTOR('',#5993,2.69873);
#5995=LINE('',#5964,#5994);
#5996=EDGE_CURVE('',#5965,#5987,#5995,.T.);
#5997=ORIENTED_EDGE('',*,*,#5996,.F.);
#5998=ORIENTED_EDGE('',*,*,#5969,.F.);
#5999=EDGE_LOOP('',(#5985,#5992,#5997,#5998));
#6000=FACE_OUTER_BOUND('',#5999,.T.);
#6001=CARTESIAN_POINT('',(100.,46.,515.));
#6002=DIRECTION('',(0.,0.,-1.));
#6003=DIRECTION('',(0.,-1.,0.));
#6004=AXIS2_PLACEMENT_3D('',#6001,#6002,#6003);
#6005=PLANE('',#6004);
#6006=ADVANCED_FACE('',(#6000),#6005,.T.);
#6007=ORIENTED_EDGE('',*,*,#4522,.T.);
#6008=CARTESIAN_POINT('',(95.,31.06602,515.));
#6009=VERTEX_POINT('',#6008);
#6010=DIRECTION('',(-1.,0.,0.));
#6011=VECTOR('',#6010,5.);
#6012=LINE('',#4512,#6011);
#6013=EDGE_CURVE('',#4513,#6009,#6012,.T.);
#6014=ORIENTED_EDGE('',*,*,#6013,.T.);
#6015=DIRECTION('',(0.,-1.,0.));
#6016=VECTOR('',#6015,12.23525);
#6017=LINE('',#5986,#6016);
#6018=EDGE_CURVE('',#5987,#6009,#6017,.T.);
#6019=ORIENTED_EDGE('',*,*,#6018,.F.);
#6020=ORIENTED_EDGE('',*,*,#5991,.F.);
#6021=EDGE_LOOP('',(#6007,#6014,#6019,#6020));
#6022=FACE_OUTER_BOUND('',#6021,.T.);
#6023=CARTESIAN_POINT('',(100.,43.30127,515.));
#6024=DIRECTION('',(0.,0.,-1.));
#6025=DIRECTION('',(0.,-1.,0.));
#6026=AXIS2_PLACEMENT_3D('',#6023,#6024,#6025);
#6027=PLANE('',#6026);
#6028=ADVANCED_FACE('',(#6022),#6027,.T.);
#6029=ORIENTED_EDGE('',*,*,#4544,.T.);
#6030=CARTESIAN_POINT('',(95.,20.09619,515.));
#6031=VERTEX_POINT('',#6030);
#6032=DIRECTION('',(-1.,0.,0.));
#6033=VECTOR('',#6032,5.);
#6034=LINE('',#4534,#6033);
#6035=EDGE_CURVE('',#4535,#6031,#6034,.T.);
#6036=ORIENTED_EDGE('',*,*,#6035,.T.);
#6037=DIRECTION('',(0.,-1.,0.));
#6038=VECTOR('',#6037,10.96983);
#6039=LINE('',#6008,#6038);
#6040=EDGE_CURVE('',#6009,#6031,#6039,.T.);
#6041=ORIENTED_EDGE('',*,*,#6040,.F.);
#6042=ORIENTED_EDGE('',*,*,#6013,.F.);
#6043=EDGE_LOOP('',(#6029,#6036,#6041,#6042));
#6044=FACE_OUTER_BOUND('',#6043,.T.);
#6045=CARTESIAN_POINT('',(100.,31.06602,515.));
#6046=DIRECTION('',(0.,0.,-1.));
#6047=DIRECTION('',(0.,-1.,0.));
#6048=AXIS2_PLACEMENT_3D('',#6045,#6046,#6047);
#6049=PLANE('',#6048);
#6050=ADVANCED_FACE('',(#6044),#6049,.T.);
#6051=ORIENTED_EDGE('',*,*,#4566,.T.);
#6052=CARTESIAN_POINT('',(95.,9.87394,515.));
#6053=VERTEX_POINT('',#6052);
#6054=DIRECTION('',(-1.,0.,0.));
#6055=VECTOR('',#6054,5.);
#6056=LINE('',#4556,#6055);
#6057=EDGE_CURVE('',#4557,#6053,#6056,.T.);
#6058=ORIENTED_EDGE('',*,*,#6057,.T.);
#6059=DIRECTION('',(0.,-1.,0.));
#6060=VECTOR('',#6059,10.22225);
#6061=LINE('',#6030,#6060);
#6062=EDGE_CURVE('',#6031,#6053,#6061,.T.);
#6063=ORIENTED_EDGE('',*,*,#6062,.F.);
#6064=ORIENTED_EDGE('',*,*,#6035,.F.);
#6065=EDGE_LOOP('',(#6051,#6058,#6063,#6064));
#6066=FACE_OUTER_BOUND('',#6065,.T.);
#6067=CARTESIAN_POINT('',(100.,20.09619,515.));
#6068=DIRECTION('',(0.,0.,-1.));
#6069=DIRECTION('',(0.,-1.,0.));
#6070=AXIS2_PLACEMENT_3D('',#6067,#6068,#6069);
#6071=PLANE('',#6070);
#6072=ADVANCED_FACE('',(#6066),#6071,.T.);
#6073=ORIENTED_EDGE('',*,*,#4588,.T.);
#6074=CARTESIAN_POINT('',(95.,0.,515.));
#6075=VERTEX_POINT('',#6074);
#6076=DIRECTION('',(-1.,0.,0.));
#6077=VECTOR('',#6076,5.);
#6078=LINE('',#4578,#6077);
#6079=EDGE_CURVE('',#4579,#6075,#6078,.T.);
#6080=ORIENTED_EDGE('',*,*,#6079,.T.);
#6081=DIRECTION('',(0.,-1.,0.));
#6082=VECTOR('',#6081,9.87394);
#6083=LINE('',#6052,#6082);
#6084=EDGE_CURVE('',#6053,#6075,#6083,.T.);
#6085=ORIENTED_EDGE('',*,*,#6084,.F.);
#6086=ORIENTED_EDGE('',*,*,#6057,.F.);
#6087=EDGE_LOOP('',(#6073,#6080,#6085,#6086));
#6088=FACE_OUTER_BOUND('',#6087,.T.);
#6089=CARTESIAN_POINT('',(100.,9.87394,515.));
#6090=DIRECTION('',(0.,0.,-1.));
#6091=DIRECTION('',(0.,-1.,0.));
#6092=AXIS2_PLACEMENT_3D('',#6089,#6090,#6091);
#6093=PLANE('',#6092);
#6094=ADVANCED_FACE('',(#6088),#6093,.T.);
#6095=ORIENTED_EDGE('',*,*,#4610,.T.);
#6096=CARTESIAN_POINT('',(95.,-9.87394,515.));
#6097=VERTEX_POINT('',#6096);
#6098=DIRECTION('',(-1.,0.,0.));
#6099=VECTOR('',#6098,5.);
#6100=LINE('',#4600,#6099);
#6101=EDGE_CURVE('',#4601,#6097,#6100,.T.);
#6102=ORIENTED_EDGE('',*,*,#6101,.T.);
#6103=DIRECTION('',(0.,-1.,0.));
#6104=VECTOR('',#6103,9.87394);
#6105=LINE('',#6074,#6104);
#6106=EDGE_CURVE('',#6075,#6097,#6105,.T.);
#6107=ORIENTED_EDGE('',*,*,#6106,.F.);
#6108=ORIENTED_EDGE('',*,*,#6079,.F.);
#6109=EDGE_LOOP('',(#6095,#6102,#6107,#6108));
#6110=FACE_OUTER_BOUND('',#6109,.T.);
#6111=CARTESIAN_POINT('',(100.,0.,515.));
#6112=DIRECTION('',(0.,0.,-1.));
#6113=DIRECTION('',(0.,-1.,0.));
#6114=AXIS2_PLACEMENT_3D('',#6111,#6112,#6113);
#6115=PLANE('',#6114);
#6116=ADVANCED_FACE('',(#6110),#6115,.T.);
#6117=ORIENTED_EDGE('',*,*,#4632,.T.);
#6118=CARTESIAN_POINT('',(95.,-20.09619,515.));
#6119=VERTEX_POINT('',#6118);
#6120=DIRECTION('',(-1.,0.,0.));
#6121=VECTOR('',#6120,5.);
#6122=LINE('',#4622,#6121);
#6123=EDGE_CURVE('',#4623,#6119,#6122,.T.);
#6124=ORIENTED_EDGE('',*,*,#6123,.T.);
#6125=DIRECTION('',(0.,-1.,0.));
#6126=VECTOR('',#6125,10.22225);
#6127=LINE('',#6096,#6126);
#6128=EDGE_CURVE('',#6097,#6119,#6127,.T.);
#6129=ORIENTED_EDGE('',*,*,#6128,.F.);
#6130=ORIENTED_EDGE('',*,*,#6101,.F.);
#6131=EDGE_LOOP('',(#6117,#6124,#6129,#6130));
#6132=FACE_OUTER_BOUND('',#6131,.T.);
#6133=CARTESIAN_POINT('',(100.,-9.87394,515.));
#6134=DIRECTION('',(0.,0.,-1.));
#6135=DIRECTION('',(0.,-1.,0.));
#6136=AXIS2_PLACEMENT_3D('',#6133,#6134,#6135);
#6137=PLANE('',#6136);
#6138=ADVANCED_FACE('',(#6132),#6137,.T.);
#6139=ORIENTED_EDGE('',*,*,#4654,.T.);
#6140=CARTESIAN_POINT('',(95.,-31.06602,515.));
#6141=VERTEX_POINT('',#6140);
#6142=DIRECTION('',(-1.,0.,0.));
#6143=VECTOR('',#6142,5.);
#6144=LINE('',#4644,#6143);
#6145=EDGE_CURVE('',#4645,#6141,#6144,.T.);
#6146=ORIENTED_EDGE('',*,*,#6145,.T.);
#6147=DIRECTION('',(0.,-1.,0.));
#6148=VECTOR('',#6147,10.96983);
#6149=LINE('',#6118,#6148);
#6150=EDGE_CURVE('',#6119,#6141,#6149,.T.);
#6151=ORIENTED_EDGE('',*,*,#6150,.F.);
#6152=ORIENTED_EDGE('',*,*,#6123,.F.);
#6153=EDGE_LOOP('',(#6139,#6146,#6151,#6152));
#6154=FACE_OUTER_BOUND('',#6153,.T.);
#6155=CARTESIAN_POINT('',(100.,-20.09619,515.));
#6156=DIRECTION('',(0.,0.,-1.));
#6157=DIRECTION('',(0.,-1.,0.));
#6158=AXIS2_PLACEMENT_3D('',#6155,#6156,#6157);
#6159=PLANE('',#6158);
#6160=ADVANCED_FACE('',(#6154),#6159,.T.);
#6161=ORIENTED_EDGE('',*,*,#4676,.T.);
#6162=CARTESIAN_POINT('',(95.,-43.30127,515.));
#6163=VERTEX_POINT('',#6162);
#6164=DIRECTION('',(-1.,0.,0.));
#6165=VECTOR('',#6164,5.);
#6166=LINE('',#4666,#6165);
#6167=EDGE_CURVE('',#4667,#6163,#6166,.T.);
#6168=ORIENTED_EDGE('',*,*,#6167,.T.);
#6169=DIRECTION('',(0.,-1.,0.));
#6170=VECTOR('',#6169,12.23525);
#6171=LINE('',#6140,#6170);
#6172=EDGE_CURVE('',#6141,#6163,#6171,.T.);
#6173=ORIENTED_EDGE('',*,*,#6172,.F.);
#6174=ORIENTED_EDGE('',*,*,#6145,.F.);
#6175=EDGE_LOOP('',(#6161,#6168,#6173,#6174));
#6176=FACE_OUTER_BOUND('',#6175,.T.);
#6177=CARTESIAN_POINT('',(100.,-31.06602,515.));
#6178=DIRECTION('',(0.,0.,-1.));
#6179=DIRECTION('',(0.,-1.,0.));
#6180=AXIS2_PLACEMENT_3D('',#6177,#6178,#6179);
#6181=PLANE('',#6180);
#6182=ADVANCED_FACE('',(#6176),#6181,.T.);
#6183=ORIENTED_EDGE('',*,*,#4698,.T.);
#6184=CARTESIAN_POINT('',(95.,-46.,515.));
#6185=VERTEX_POINT('',#6184);
#6186=DIRECTION('',(-1.,0.,0.));
#6187=VECTOR('',#6186,5.);
#6188=LINE('',#4688,#6187);
#6189=EDGE_CURVE('',#4689,#6185,#6188,.T.);
#6190=ORIENTED_EDGE('',*,*,#6189,.T.);
#6191=DIRECTION('',(0.,-1.,0.));
#6192=VECTOR('',#6191,2.69873);
#6193=LINE('',#6162,#6192);
#6194=EDGE_CURVE('',#6163,#6185,#6193,.T.);
#6195=ORIENTED_EDGE('',*,*,#6194,.F.);
#6196=ORIENTED_EDGE('',*,*,#6167,.F.);
#6197=EDGE_LOOP('',(#6183,#6190,#6195,#6196));
#6198=FACE_OUTER_BOUND('',#6197,.T.);
#6199=CARTESIAN_POINT('',(100.,-43.30127,515.));
#6200=DIRECTION('',(0.,0.,-1.));
#6201=DIRECTION('',(0.,-1.,0.));
#6202=AXIS2_PLACEMENT_3D('',#6199,#6200,#6201);
#6203=PLANE('',#6202);
#6204=ADVANCED_FACE('',(#6198),#6203,.T.);
#6205=ORIENTED_EDGE('',*,*,#4720,.T.);
#6206=CARTESIAN_POINT('',(95.,-46.74949,514.79918));
#6207=VERTEX_POINT('',#6206);
#6208=DIRECTION('',(-1.,0.,0.));
#6209=VECTOR('',#6208,5.);
#6210=LINE('',#4710,#6209);
#6211=EDGE_CURVE('',#4711,#6207,#6210,.T.);
#6212=ORIENTED_EDGE('',*,*,#6211,.T.);
#6213=DIRECTION('',(0.,-0.96593,-0.25882));
#6214=VECTOR('',#6213,0.77592);
#6215=LINE('',#6184,#6214);
#6216=EDGE_CURVE('',#6185,#6207,#6215,.T.);
#6217=ORIENTED_EDGE('',*,*,#6216,.F.);
#6218=ORIENTED_EDGE('',*,*,#6189,.F.);
#6219=EDGE_LOOP('',(#6205,#6212,#6217,#6218));
#6220=FACE_OUTER_BOUND('',#6219,.T.);
#6221=CARTESIAN_POINT('',(100.,-46.,515.));
#6222=DIRECTION('',(0.,0.25882,-0.96593));
#6223=DIRECTION('',(0.,-0.96593,-0.25882));
#6224=AXIS2_PLACEMENT_3D('',#6221,#6222,#6223);
#6225=PLANE('',#6224);
#6226=ADVANCED_FACE('',(#6220),#6225,.T.);
#6227=ORIENTED_EDGE('',*,*,#4742,.T.);
#6228=CARTESIAN_POINT('',(95.,-54.,512.85641));
#6229=VERTEX_POINT('',#6228);
#6230=DIRECTION('',(-1.,0.,0.));
#6231=VECTOR('',#6230,5.);
#6232=LINE('',#4732,#6231);
#6233=EDGE_CURVE('',#4733,#6229,#6232,.T.);
#6234=ORIENTED_EDGE('',*,*,#6233,.T.);
#6235=DIRECTION('',(0.,-0.96593,-0.25882));
#6236=VECTOR('',#6235,7.50629);
#6237=LINE('',#6206,#6236);
#6238=EDGE_CURVE('',#6207,#6229,#6237,.T.);
#6239=ORIENTED_EDGE('',*,*,#6238,.F.);
#6240=ORIENTED_EDGE('',*,*,#6211,.F.);
#6241=EDGE_LOOP('',(#6227,#6234,#6239,#6240));
#6242=FACE_OUTER_BOUND('',#6241,.T.);
#6243=CARTESIAN_POINT('',(100.,-46.74949,514.79918));
#6244=DIRECTION('',(0.,0.25882,-0.96593));
#6245=DIRECTION('',(0.,-0.96593,-0.25882));
#6246=AXIS2_PLACEMENT_3D('',#6243,#6244,#6245);
#6247=PLANE('',#6246);
#6248=ADVANCED_FACE('',(#6242),#6247,.T.);
#6249=ORIENTED_EDGE('',*,*,#4764,.T.);
#6250=CARTESIAN_POINT('',(95.,-55.07772,511.77868));
#6251=VERTEX_POINT('',#6250);
#6252=DIRECTION('',(-1.,0.,0.));
#6253=VECTOR('',#6252,5.);
#6254=LINE('',#4754,#6253);
#6255=EDGE_CURVE('',#4755,#6251,#6254,.T.);
#6256=ORIENTED_EDGE('',*,*,#6255,.T.);
#6257=DIRECTION('',(0.,-0.70711,-0.70711));
#6258=VECTOR('',#6257,1.52413);
#6259=LINE('',#6228,#6258);
#6260=EDGE_CURVE('',#6229,#6251,#6259,.T.);
#6261=ORIENTED_EDGE('',*,*,#6260,.F.);
#6262=ORIENTED_EDGE('',*,*,#6233,.F.);
#6263=EDGE_LOOP('',(#6249,#6256,#6261,#6262));
#6264=FACE_OUTER_BOUND('',#6263,.T.);
#6265=CARTESIAN_POINT('',(100.,-54.,512.85641));
#6266=DIRECTION('',(0.,0.70711,-0.70711));
#6267=DIRECTION('',(0.,-0.70711,-0.70711));
#6268=AXIS2_PLACEMENT_3D('',#6265,#6266,#6267);
#6269=PLANE('',#6268);
#6270=ADVANCED_FACE('',(#6264),#6269,.T.);
#6271=ORIENTED_EDGE('',*,*,#4786,.T.);
#6272=CARTESIAN_POINT('',(95.,-59.85641,507.));
#6273=VERTEX_POINT('',#6272);
#6274=DIRECTION('',(-1.,0.,0.));
#6275=VECTOR('',#6274,5.);
#6276=LINE('',#4776,#6275);
#6277=EDGE_CURVE('',#4777,#6273,#6276,.T.);
#6278=ORIENTED_EDGE('',*,*,#6277,.T.);
#6279=DIRECTION('',(0.,-0.70711,-0.70711));
#6280=VECTOR('',#6279,6.75808);
#6281=LINE('',#6250,#6280);
#6282=EDGE_CURVE('',#6251,#6273,#6281,.T.);
#6283=ORIENTED_EDGE('',*,*,#6282,.F.);
#6284=ORIENTED_EDGE('',*,*,#6255,.F.);
#6285=EDGE_LOOP('',(#6271,#6278,#6283,#6284));
#6286=FACE_OUTER_BOUND('',#6285,.T.);
#6287=CARTESIAN_POINT('',(100.,-55.07772,511.77868));
#6288=DIRECTION('',(0.,0.70711,-0.70711));
#6289=DIRECTION('',(0.,-0.70711,-0.70711));
#6290=AXIS2_PLACEMENT_3D('',#6287,#6288,#6289);
#6291=PLANE('',#6290);
#6292=ADVANCED_FACE('',(#6286),#6291,.T.);
#6293=ORIENTED_EDGE('',*,*,#4808,.T.);
#6294=CARTESIAN_POINT('',(95.,-61.36603,501.36603));
#6295=VERTEX_POINT('',#6294);
#6296=DIRECTION('',(-1.,0.,0.));
#6297=VECTOR('',#6296,5.);
#6298=LINE('',#4798,#6297);
#6299=EDGE_CURVE('',#4799,#6295,#6298,.T.);
#6300=ORIENTED_EDGE('',*,*,#6299,.T.);
#6301=DIRECTION('',(0.,-0.25882,-0.96593));
#6302=VECTOR('',#6301,5.83272);
#6303=LINE('',#6272,#6302);
#6304=EDGE_CURVE('',#6273,#6295,#6303,.T.);
#6305=ORIENTED_EDGE('',*,*,#6304,.F.);
#6306=ORIENTED_EDGE('',*,*,#6277,.F.);
#6307=EDGE_LOOP('',(#6293,#6300,#6305,#6306));
#6308=FACE_OUTER_BOUND('',#6307,.T.);
#6309=CARTESIAN_POINT('',(100.,-59.85641,507.));
#6310=DIRECTION('',(0.,0.96593,-0.25882));
#6311=DIRECTION('',(0.,-0.25882,-0.96593));
#6312=AXIS2_PLACEMENT_3D('',#6309,#6310,#6311);
#6313=PLANE('',#6312);
#6314=ADVANCED_FACE('',(#6308),#6313,.T.);
#6315=ORIENTED_EDGE('',*,*,#4830,.T.);
#6316=CARTESIAN_POINT('',(95.,-62.,499.));
#6317=VERTEX_POINT('',#6316);
#6318=DIRECTION('',(-1.,0.,0.));
#6319=VECTOR('',#6318,5.);
#6320=LINE('',#4820,#6319);
#6321=EDGE_CURVE('',#4821,#6317,#6320,.T.);
#6322=ORIENTED_EDGE('',*,*,#6321,.T.);
#6323=DIRECTION('',(0.,-0.25882,-0.96593));
#6324=VECTOR('',#6323,2.44949);
#6325=LINE('',#6294,#6324);
#6326=EDGE_CURVE('',#6295,#6317,#6325,.T.);
#6327=ORIENTED_EDGE('',*,*,#6326,.F.);
#6328=ORIENTED_EDGE('',*,*,#6299,.F.);
#6329=EDGE_LOOP('',(#6315,#6322,#6327,#6328));
#6330=FACE_OUTER_BOUND('',#6329,.T.);
#6331=CARTESIAN_POINT('',(100.,-61.36603,501.36603));
#6332=DIRECTION('',(0.,0.96593,-0.25882));
#6333=DIRECTION('',(0.,-0.25882,-0.96593));
#6334=AXIS2_PLACEMENT_3D('',#6331,#6332,#6333);
#6335=PLANE('',#6334);
#6336=ADVANCED_FACE('',(#6330),#6335,.T.);
#6337=ORIENTED_EDGE('',*,*,#4852,.T.);
#6338=CARTESIAN_POINT('',(95.,-62.,487.57427));
#6339=VERTEX_POINT('',#6338);
#6340=DIRECTION('',(-1.,0.,0.));
#6341=VECTOR('',#6340,5.);
#6342=LINE('',#4842,#6341);
#6343=EDGE_CURVE('',#4843,#6339,#6342,.T.);
#6344=ORIENTED_EDGE('',*,*,#6343,.T.);
#6345=DIRECTION('',(0.,0.,-1.));
#6346=VECTOR('',#6345,11.42573);
#6347=LINE('',#6316,#6346);
#6348=EDGE_CURVE('',#6317,#6339,#6347,.T.);
#6349=ORIENTED_EDGE('',*,*,#6348,.F.);
#6350=ORIENTED_EDGE('',*,*,#6321,.F.);
#6351=EDGE_LOOP('',(#6337,#6344,#6349,#6350));
#6352=FACE_OUTER_BOUND('',#6351,.T.);
#6353=CARTESIAN_POINT('',(100.,-62.,499.));
#6354=DIRECTION('',(0.,1.,0.));
#6355=DIRECTION('',(0.,0.,-1.));
#6356=AXIS2_PLACEMENT_3D('',#6353,#6354,#6355);
#6357=PLANE('',#6356);
#6358=ADVANCED_FACE('',(#6352),#6357,.T.);
#6359=ORIENTED_EDGE('',*,*,#4874,.T.);
#6360=CARTESIAN_POINT('',(95.,-62.,475.79572));
#6361=VERTEX_POINT('',#6360);
#6362=DIRECTION('',(-1.,0.,0.));
#6363=VECTOR('',#6362,5.);
#6364=LINE('',#4864,#6363);
#6365=EDGE_CURVE('',#4865,#6361,#6364,.T.);
#6366=ORIENTED_EDGE('',*,*,#6365,.T.);
#6367=DIRECTION('',(0.,0.,-1.));
#6368=VECTOR('',#6367,11.77856);
#6369=LINE('',#6338,#6368);
#6370=EDGE_CURVE('',#6339,#6361,#6369,.T.);
#6371=ORIENTED_EDGE('',*,*,#6370,.F.);
#6372=ORIENTED_EDGE('',*,*,#6343,.F.);
#6373=EDGE_LOOP('',(#6359,#6366,#6371,#6372));
#6374=FACE_OUTER_BOUND('',#6373,.T.);
#6375=CARTESIAN_POINT('',(100.,-62.,487.57427));
#6376=DIRECTION('',(0.,1.,0.));
#6377=DIRECTION('',(0.,0.,-1.));
#6378=AXIS2_PLACEMENT_3D('',#6375,#6376,#6377);
#6379=PLANE('',#6378);
#6380=ADVANCED_FACE('',(#6374),#6379,.T.);
#6381=ORIENTED_EDGE('',*,*,#4896,.T.);
#6382=CARTESIAN_POINT('',(95.,-62.,465.68124));
#6383=VERTEX_POINT('',#6382);
#6384=DIRECTION('',(-1.,0.,0.));
#6385=VECTOR('',#6384,5.);
#6386=LINE('',#4886,#6385);
#6387=EDGE_CURVE('',#4887,#6383,#6386,.T.);
#6388=ORIENTED_EDGE('',*,*,#6387,.T.);
#6389=DIRECTION('',(0.,0.,-1.));
#6390=VECTOR('',#6389,10.11448);
#6391=LINE('',#6360,#6390);
#6392=EDGE_CURVE('',#6361,#6383,#6391,.T.);
#6393=ORIENTED_EDGE('',*,*,#6392,.F.);
#6394=ORIENTED_EDGE('',*,*,#6365,.F.);
#6395=EDGE_LOOP('',(#6381,#6388,#6393,#6394));
#6396=FACE_OUTER_BOUND('',#6395,.T.);
#6397=CARTESIAN_POINT('',(100.,-62.,475.79572));
#6398=DIRECTION('',(0.,1.,0.));
#6399=DIRECTION('',(0.,0.,-1.));
#6400=AXIS2_PLACEMENT_3D('',#6397,#6398,#6399);
#6401=PLANE('',#6400);
#6402=ADVANCED_FACE('',(#6396),#6401,.T.);
#6403=ORIENTED_EDGE('',*,*,#4918,.T.);
#6404=CARTESIAN_POINT('',(95.,-62.,456.61285));
#6405=VERTEX_POINT('',#6404);
#6406=DIRECTION('',(-1.,0.,0.));
#6407=VECTOR('',#6406,5.);
#6408=LINE('',#4908,#6407);
#6409=EDGE_CURVE('',#4909,#6405,#6408,.T.);
#6410=ORIENTED_EDGE('',*,*,#6409,.T.);
#6411=DIRECTION('',(0.,0.,-1.));
#6412=VECTOR('',#6411,9.06839);
#6413=LINE('',#6382,#6412);
#6414=EDGE_CURVE('',#6383,#6405,#6413,.T.);
#6415=ORIENTED_EDGE('',*,*,#6414,.F.);
#6416=ORIENTED_EDGE('',*,*,#6387,.F.);
#6417=EDGE_LOOP('',(#6403,#6410,#6415,#6416));
#6418=FACE_OUTER_BOUND('',#6417,.T.);
#6419=CARTESIAN_POINT('',(100.,-62.,465.68124));
#6420=DIRECTION('',(0.,1.,0.));
#6421=DIRECTION('',(0.,0.,-1.));
#6422=AXIS2_PLACEMENT_3D('',#6419,#6420,#6421);
#6423=PLANE('',#6422);
#6424=ADVANCED_FACE('',(#6418),#6423,.T.);
#6425=ORIENTED_EDGE('',*,*,#4940,.T.);
#6426=CARTESIAN_POINT('',(95.,-62.,448.16245));
#6427=VERTEX_POINT('',#6426);
#6428=DIRECTION('',(-1.,0.,0.));
#6429=VECTOR('',#6428,5.);
#6430=LINE('',#4930,#6429);
#6431=EDGE_CURVE('',#4931,#6427,#6430,.T.);
#6432=ORIENTED_EDGE('',*,*,#6431,.T.);
#6433=DIRECTION('',(0.,0.,-1.));
#6434=VECTOR('',#6433,8.4504);
#6435=LINE('',#6404,#6434);
#6436=EDGE_CURVE('',#6405,#6427,#6435,.T.);
#6437=ORIENTED_EDGE('',*,*,#6436,.F.);
#6438=ORIENTED_EDGE('',*,*,#6409,.F.);
#6439=EDGE_LOOP('',(#6425,#6432,#6437,#6438));
#6440=FACE_OUTER_BOUND('',#6439,.T.);
#6441=CARTESIAN_POINT('',(100.,-62.,456.61285));
#6442=DIRECTION('',(0.,1.,0.));
#6443=DIRECTION('',(0.,0.,-1.));
#6444=AXIS2_PLACEMENT_3D('',#6441,#6442,#6443);
#6445=PLANE('',#6444);
#6446=ADVANCED_FACE('',(#6440),#6445,.T.);
#6447=ORIENTED_EDGE('',*,*,#4962,.T.);
#6448=CARTESIAN_POINT('',(95.,-62.,440.));
#6449=VERTEX_POINT('',#6448);
#6450=DIRECTION('',(-1.,0.,0.));
#6451=VECTOR('',#6450,5.);
#6452=LINE('',#4952,#6451);
#6453=EDGE_CURVE('',#4953,#6449,#6452,.T.);
#6454=ORIENTED_EDGE('',*,*,#6453,.T.);
#6455=DIRECTION('',(0.,0.,-1.));
#6456=VECTOR('',#6455,8.16245);
#6457=LINE('',#6426,#6456);
#6458=EDGE_CURVE('',#6427,#6449,#6457,.T.);
#6459=ORIENTED_EDGE('',*,*,#6458,.F.);
#6460=ORIENTED_EDGE('',*,*,#6431,.F.);
#6461=EDGE_LOOP('',(#6447,#6454,#6459,#6460));
#6462=FACE_OUTER_BOUND('',#6461,.T.);
#6463=CARTESIAN_POINT('',(100.,-62.,448.16245));
#6464=DIRECTION('',(0.,1.,0.));
#6465=DIRECTION('',(0.,0.,-1.));
#6466=AXIS2_PLACEMENT_3D('',#6463,#6464,#6465);
#6467=PLANE('',#6466);
#6468=ADVANCED_FACE('',(#6462),#6467,.T.);
#6469=ORIENTED_EDGE('',*,*,#4984,.T.);
#6470=CARTESIAN_POINT('',(95.,-62.,431.83755));
#6471=VERTEX_POINT('',#6470);
#6472=DIRECTION('',(-1.,0.,0.));
#6473=VECTOR('',#6472,5.);
#6474=LINE('',#4974,#6473);
#6475=EDGE_CURVE('',#4975,#6471,#6474,.T.);
#6476=ORIENTED_EDGE('',*,*,#6475,.T.);
#6477=DIRECTION('',(0.,0.,-1.));
#6478=VECTOR('',#6477,8.16245);
#6479=LINE('',#6448,#6478);
#6480=EDGE_CURVE('',#6449,#6471,#6479,.T.);
#6481=ORIENTED_EDGE('',*,*,#6480,.F.);
#6482=ORIENTED_EDGE('',*,*,#6453,.F.);
#6483=EDGE_LOOP('',(#6469,#6476,#6481,#6482));
#6484=FACE_OUTER_BOUND('',#6483,.T.);
#6485=CARTESIAN_POINT('',(100.,-62.,440.));
#6486=DIRECTION('',(0.,1.,0.));
#6487=DIRECTION('',(0.,0.,-1.));
#6488=AXIS2_PLACEMENT_3D('',#6485,#6486,#6487);
#6489=PLANE('',#6488);
#6490=ADVANCED_FACE('',(#6484),#6489,.T.);
#6491=ORIENTED_EDGE('',*,*,#5006,.T.);
#6492=CARTESIAN_POINT('',(95.,-62.,423.38715));
#6493=VERTEX_POINT('',#6492);
#6494=DIRECTION('',(-1.,0.,0.));
#6495=VECTOR('',#6494,5.);
#6496=LINE('',#4996,#6495);
#6497=EDGE_CURVE('',#4997,#6493,#6496,.T.);
#6498=ORIENTED_EDGE('',*,*,#6497,.T.);
#6499=DIRECTION('',(0.,0.,-1.));
#6500=VECTOR('',#6499,8.4504);
#6501=LINE('',#6470,#6500);
#6502=EDGE_CURVE('',#6471,#6493,#6501,.T.);
#6503=ORIENTED_EDGE('',*,*,#6502,.F.);
#6504=ORIENTED_EDGE('',*,*,#6475,.F.);
#6505=EDGE_LOOP('',(#6491,#6498,#6503,#6504));
#6506=FACE_OUTER_BOUND('',#6505,.T.);
#6507=CARTESIAN_POINT('',(100.,-62.,431.83755));
#6508=DIRECTION('',(0.,1.,0.));
#6509=DIRECTION('',(0.,0.,-1.));
#6510=AXIS2_PLACEMENT_3D('',#6507,#6508,#6509);
#6511=PLANE('',#6510);
#6512=ADVANCED_FACE('',(#6506),#6511,.T.);
#6513=ORIENTED_EDGE('',*,*,#5028,.T.);
#6514=CARTESIAN_POINT('',(95.,-62.,414.31876));
#6515=VERTEX_POINT('',#6514);
#6516=DIRECTION('',(-1.,0.,0.));
#6517=VECTOR('',#6516,5.);
#6518=LINE('',#5018,#6517);
#6519=EDGE_CURVE('',#5019,#6515,#6518,.T.);
#6520=ORIENTED_EDGE('',*,*,#6519,.T.);
#6521=DIRECTION('',(0.,0.,-1.));
#6522=VECTOR('',#6521,9.06839);
#6523=LINE('',#6492,#6522);
#6524=EDGE_CURVE('',#6493,#6515,#6523,.T.);
#6525=ORIENTED_EDGE('',*,*,#6524,.F.);
#6526=ORIENTED_EDGE('',*,*,#6497,.F.);
#6527=EDGE_LOOP('',(#6513,#6520,#6525,#6526));
#6528=FACE_OUTER_BOUND('',#6527,.T.);
#6529=CARTESIAN_POINT('',(100.,-62.,423.38715));
#6530=DIRECTION('',(0.,1.,0.));
#6531=DIRECTION('',(0.,0.,-1.));
#6532=AXIS2_PLACEMENT_3D('',#6529,#6530,#6531);
#6533=PLANE('',#6532);
#6534=ADVANCED_FACE('',(#6528),#6533,.T.);
#6535=ORIENTED_EDGE('',*,*,#5050,.T.);
#6536=CARTESIAN_POINT('',(95.,-62.,404.20428));
#6537=VERTEX_POINT('',#6536);
#6538=DIRECTION('',(-1.,0.,0.));
#6539=VECTOR('',#6538,5.);
#6540=LINE('',#5040,#6539);
#6541=EDGE_CURVE('',#5041,#6537,#6540,.T.);
#6542=ORIENTED_EDGE('',*,*,#6541,.T.);
#6543=DIRECTION('',(0.,0.,-1.));
#6544=VECTOR('',#6543,10.11448);
#6545=LINE('',#6514,#6544);
#6546=EDGE_CURVE('',#6515,#6537,#6545,.T.);
#6547=ORIENTED_EDGE('',*,*,#6546,.F.);
#6548=ORIENTED_EDGE('',*,*,#6519,.F.);
#6549=EDGE_LOOP('',(#6535,#6542,#6547,#6548));
#6550=FACE_OUTER_BOUND('',#6549,.T.);
#6551=CARTESIAN_POINT('',(100.,-62.,414.31876));
#6552=DIRECTION('',(0.,1.,0.));
#6553=DIRECTION('',(0.,0.,-1.));
#6554=AXIS2_PLACEMENT_3D('',#6551,#6552,#6553);
#6555=PLANE('',#6554);
#6556=ADVANCED_FACE('',(#6550),#6555,.T.);
#6557=ORIENTED_EDGE('',*,*,#5072,.T.);
#6558=CARTESIAN_POINT('',(95.,-62.,392.42573));
#6559=VERTEX_POINT('',#6558);
#6560=DIRECTION('',(-1.,0.,0.));
#6561=VECTOR('',#6560,5.);
#6562=LINE('',#5062,#6561);
#6563=EDGE_CURVE('',#5063,#6559,#6562,.T.);
#6564=ORIENTED_EDGE('',*,*,#6563,.T.);
#6565=DIRECTION('',(0.,0.,-1.));
#6566=VECTOR('',#6565,11.77856);
#6567=LINE('',#6536,#6566);
#6568=EDGE_CURVE('',#6537,#6559,#6567,.T.);
#6569=ORIENTED_EDGE('',*,*,#6568,.F.);
#6570=ORIENTED_EDGE('',*,*,#6541,.F.);
#6571=EDGE_LOOP('',(#6557,#6564,#6569,#6570));
#6572=FACE_OUTER_BOUND('',#6571,.T.);
#6573=CARTESIAN_POINT('',(100.,-62.,404.20428));
#6574=DIRECTION('',(0.,1.,0.));
#6575=DIRECTION('',(0.,0.,-1.));
#6576=AXIS2_PLACEMENT_3D('',#6573,#6574,#6575);
#6577=PLANE('',#6576);
#6578=ADVANCED_FACE('',(#6572),#6577,.T.);
#6579=ORIENTED_EDGE('',*,*,#5094,.T.);
#6580=CARTESIAN_POINT('',(95.,-62.,381.));
#6581=VERTEX_POINT('',#6580);
#6582=DIRECTION('',(-1.,0.,0.));
#6583=VECTOR('',#6582,5.);
#6584=LINE('',#5084,#6583);
#6585=EDGE_CURVE('',#5085,#6581,#6584,.T.);
#6586=ORIENTED_EDGE('',*,*,#6585,.T.);
#6587=DIRECTION('',(0.,0.,-1.));
#6588=VECTOR('',#6587,11.42573);
#6589=LINE('',#6558,#6588);
#6590=EDGE_CURVE('',#6559,#6581,#6589,.T.);
#6591=ORIENTED_EDGE('',*,*,#6590,.F.);
#6592=ORIENTED_EDGE('',*,*,#6563,.F.);
#6593=EDGE_LOOP('',(#6579,#6586,#6591,#6592));
#6594=FACE_OUTER_BOUND('',#6593,.T.);
#6595=CARTESIAN_POINT('',(100.,-62.,392.42573));
#6596=DIRECTION('',(0.,1.,0.));
#6597=DIRECTION('',(0.,0.,-1.));
#6598=AXIS2_PLACEMENT_3D('',#6595,#6596,#6597);
#6599=PLANE('',#6598);
#6600=ADVANCED_FACE('',(#6594),#6599,.T.);
#6601=ORIENTED_EDGE('',*,*,#5116,.T.);
#6602=CARTESIAN_POINT('',(95.,-61.36603,378.63397));
#6603=VERTEX_POINT('',#6602);
#6604=DIRECTION('',(-1.,0.,0.));
#6605=VECTOR('',#6604,5.);
#6606=LINE('',#5106,#6605);
#6607=EDGE_CURVE('',#5107,#6603,#6606,.T.);
#6608=ORIENTED_EDGE('',*,*,#6607,.T.);
#6609=DIRECTION('',(0.,0.25882,-0.96593));
#6610=VECTOR('',#6609,2.44949);
#6611=LINE('',#6580,#6610);
#6612=EDGE_CURVE('',#6581,#6603,#6611,.T.);
#6613=ORIENTED_EDGE('',*,*,#6612,.F.);
#6614=ORIENTED_EDGE('',*,*,#6585,.F.);
#6615=EDGE_LOOP('',(#6601,#6608,#6613,#6614));
#6616=FACE_OUTER_BOUND('',#6615,.T.);
#6617=CARTESIAN_POINT('',(100.,-62.,381.));
#6618=DIRECTION('',(0.,0.96593,0.25882));
#6619=DIRECTION('',(0.,0.25882,-0.96593));
#6620=AXIS2_PLACEMENT_3D('',#6617,#6618,#6619);
#6621=PLANE('',#6620);
#6622=ADVANCED_FACE('',(#6616),#6621,.T.);
#6623=ORIENTED_EDGE('',*,*,#5138,.T.);
#6624=CARTESIAN_POINT('',(95.,-59.85641,373.));
#6625=VERTEX_POINT('',#6624);
#6626=DIRECTION('',(-1.,0.,0.));
#6627=VECTOR('',#6626,5.);
#6628=LINE('',#5128,#6627);
#6629=EDGE_CURVE('',#5129,#6625,#6628,.T.);
#6630=ORIENTED_EDGE('',*,*,#6629,.T.);
#6631=DIRECTION('',(0.,0.25882,-0.96593));
#6632=VECTOR('',#6631,5.83272);
#6633=LINE('',#6602,#6632);
#6634=EDGE_CURVE('',#6603,#6625,#6633,.T.);
#6635=ORIENTED_EDGE('',*,*,#6634,.F.);
#6636=ORIENTED_EDGE('',*,*,#6607,.F.);
#6637=EDGE_LOOP('',(#6623,#6630,#6635,#6636));
#6638=FACE_OUTER_BOUND('',#6637,.T.);
#6639=CARTESIAN_POINT('',(100.,-61.36603,378.63397));
#6640=DIRECTION('',(0.,0.96593,0.25882));
#6641=DIRECTION('',(0.,0.25882,-0.96593));
#6642=AXIS2_PLACEMENT_3D('',#6639,#6640,#6641);
#6643=PLANE('',#6642);
#6644=ADVANCED_FACE('',(#6638),#6643,.T.);
#6645=ORIENTED_EDGE('',*,*,#5160,.T.);
#6646=CARTESIAN_POINT('',(95.,-55.07772,368.22132));
#6647=VERTEX_POINT('',#6646);
#6648=DIRECTION('',(-1.,0.,0.));
#6649=VECTOR('',#6648,5.);
#6650=LINE('',#5150,#6649);
#6651=EDGE_CURVE('',#5151,#6647,#6650,.T.);
#6652=ORIENTED_EDGE('',*,*,#6651,.T.);
#6653=DIRECTION('',(0.,0.70711,-0.70711));
#6654=VECTOR('',#6653,6.75808);
#6655=LINE('',#6624,#6654);
#6656=EDGE_CURVE('',#6625,#6647,#6655,.T.);
#6657=ORIENTED_EDGE('',*,*,#6656,.F.);
#6658=ORIENTED_EDGE('',*,*,#6629,.F.);
#6659=EDGE_LOOP('',(#6645,#6652,#6657,#6658));
#6660=FACE_OUTER_BOUND('',#6659,.T.);
#6661=CARTESIAN_POINT('',(100.,-59.85641,373.));
#6662=DIRECTION('',(0.,0.70711,0.70711));
#6663=DIRECTION('',(0.,0.70711,-0.70711));
#6664=AXIS2_PLACEMENT_3D('',#6661,#6662,#6663);
#6665=PLANE('',#6664);
#6666=ADVANCED_FACE('',(#6660),#6665,.T.);
#6667=ORIENTED_EDGE('',*,*,#5182,.T.);
#6668=CARTESIAN_POINT('',(95.,-54.,367.14359));
#6669=VERTEX_POINT('',#6668);
#6670=DIRECTION('',(-1.,0.,0.));
#6671=VECTOR('',#6670,5.);
#6672=LINE('',#5172,#6671);
#6673=EDGE_CURVE('',#5173,#6669,#6672,.T.);
#6674=ORIENTED_EDGE('',*,*,#6673,.T.);
#6675=DIRECTION('',(0.,0.70711,-0.70711));
#6676=VECTOR('',#6675,1.52413);
#6677=LINE('',#6646,#6676);
#6678=EDGE_CURVE('',#6647,#6669,#6677,.T.);
#6679=ORIENTED_EDGE('',*,*,#6678,.F.);
#6680=ORIENTED_EDGE('',*,*,#6651,.F.);
#6681=EDGE_LOOP('',(#6667,#6674,#6679,#6680));
#6682=FACE_OUTER_BOUND('',#6681,.T.);
#6683=CARTESIAN_POINT('',(100.,-55.07772,368.22132));
#6684=DIRECTION('',(0.,0.70711,0.70711));
#6685=DIRECTION('',(0.,0.70711,-0.70711));
#6686=AXIS2_PLACEMENT_3D('',#6683,#6684,#6685);
#6687=PLANE('',#6686);
#6688=ADVANCED_FACE('',(#6682),#6687,.T.);
#6689=ORIENTED_EDGE('',*,*,#5204,.T.);
#6690=CARTESIAN_POINT('',(95.,-46.,365.));
#6691=VERTEX_POINT('',#6690);
#6692=DIRECTION('',(-1.,0.,0.));
#6693=VECTOR('',#6692,5.);
#6694=LINE('',#5194,#6693);
#6695=EDGE_CURVE('',#5195,#6691,#6694,.T.);
#6696=ORIENTED_EDGE('',*,*,#6695,.T.);
#6697=DIRECTION('',(0.,0.96593,-0.25882));
#6698=VECTOR('',#6697,8.28221);
#6699=LINE('',#6668,#6698);
#6700=EDGE_CURVE('',#6669,#6691,#6699,.T.);
#6701=ORIENTED_EDGE('',*,*,#6700,.F.);
#6702=ORIENTED_EDGE('',*,*,#6673,.F.);
#6703=EDGE_LOOP('',(#6689,#6696,#6701,#6702));
#6704=FACE_OUTER_BOUND('',#6703,.T.);
#6705=CARTESIAN_POINT('',(100.,-54.,367.14359));
#6706=DIRECTION('',(0.,0.25882,0.96593));
#6707=DIRECTION('',(0.,0.96593,-0.25882));
#6708=AXIS2_PLACEMENT_3D('',#6705,#6706,#6707);
#6709=PLANE('',#6708);
#6710=ADVANCED_FACE('',(#6704),#6709,.T.);
#6711=ORIENTED_EDGE('',*,*,#5226,.T.);
#6712=CARTESIAN_POINT('',(95.,-43.30127,365.));
#6713=VERTEX_POINT('',#6712);
#6714=DIRECTION('',(-1.,0.,0.));
#6715=VECTOR('',#6714,5.);
#6716=LINE('',#5216,#6715);
#6717=EDGE_CURVE('',#5217,#6713,#6716,.T.);
#6718=ORIENTED_EDGE('',*,*,#6717,.T.);
#6719=DIRECTION('',(0.,1.,0.));
#6720=VECTOR('',#6719,2.69873);
#6721=LINE('',#6690,#6720);
#6722=EDGE_CURVE('',#6691,#6713,#6721,.T.);
#6723=ORIENTED_EDGE('',*,*,#6722,.F.);
#6724=ORIENTED_EDGE('',*,*,#6695,.F.);
#6725=EDGE_LOOP('',(#6711,#6718,#6723,#6724));
#6726=FACE_OUTER_BOUND('',#6725,.T.);
#6727=CARTESIAN_POINT('',(100.,-46.,365.));
#6728=DIRECTION('',(0.,0.,1.));
#6729=DIRECTION('',(0.,1.,0.));
#6730=AXIS2_PLACEMENT_3D('',#6727,#6728,#6729);
#6731=PLANE('',#6730);
#6732=ADVANCED_FACE('',(#6726),#6731,.T.);
#6733=ORIENTED_EDGE('',*,*,#5248,.T.);
#6734=CARTESIAN_POINT('',(95.,-31.06602,365.));
#6735=VERTEX_POINT('',#6734);
#6736=DIRECTION('',(-1.,0.,0.));
#6737=VECTOR('',#6736,5.);
#6738=LINE('',#5238,#6737);
#6739=EDGE_CURVE('',#5239,#6735,#6738,.T.);
#6740=ORIENTED_EDGE('',*,*,#6739,.T.);
#6741=DIRECTION('',(0.,1.,0.));
#6742=VECTOR('',#6741,12.23525);
#6743=LINE('',#6712,#6742);
#6744=EDGE_CURVE('',#6713,#6735,#6743,.T.);
#6745=ORIENTED_EDGE('',*,*,#6744,.F.);
#6746=ORIENTED_EDGE('',*,*,#6717,.F.);
#6747=EDGE_LOOP('',(#6733,#6740,#6745,#6746));
#6748=FACE_OUTER_BOUND('',#6747,.T.);
#6749=CARTESIAN_POINT('',(100.,-43.30127,365.));
#6750=DIRECTION('',(0.,0.,1.));
#6751=DIRECTION('',(0.,1.,0.));
#6752=AXIS2_PLACEMENT_3D('',#6749,#6750,#6751);
#6753=PLANE('',#6752);
#6754=ADVANCED_FACE('',(#6748),#6753,.T.);
#6755=ORIENTED_EDGE('',*,*,#5270,.T.);
#6756=CARTESIAN_POINT('',(95.,-27.40385,365.));
#6757=VERTEX_POINT('',#6756);
#6758=DIRECTION('',(-1.,0.,0.));
#6759=VECTOR('',#6758,5.);
#6760=LINE('',#5260,#6759);
#6761=EDGE_CURVE('',#5261,#6757,#6760,.T.);
#6762=ORIENTED_EDGE('',*,*,#6761,.T.);
#6763=DIRECTION('',(0.,1.,0.));
#6764=VECTOR('',#6763,3.66217);
#6765=LINE('',#6734,#6764);
#6766=EDGE_CURVE('',#6735,#6757,#6765,.T.);
#6767=ORIENTED_EDGE('',*,*,#6766,.F.);
#6768=ORIENTED_EDGE('',*,*,#6739,.F.);
#6769=EDGE_LOOP('',(#6755,#6762,#6767,#6768));
#6770=FACE_OUTER_BOUND('',#6769,.T.);
#6771=CARTESIAN_POINT('',(100.,-31.06602,365.));
#6772=DIRECTION('',(0.,0.,1.));
#6773=DIRECTION('',(0.,1.,0.));
#6774=AXIS2_PLACEMENT_3D('',#6771,#6772,#6773);
#6775=PLANE('',#6774);
#6776=ADVANCED_FACE('',(#6770),#6775,.T.);
#6777=ORIENTED_EDGE('',*,*,#5292,.T.);
#6778=CARTESIAN_POINT('',(95.,-20.09619,365.));
#6779=VERTEX_POINT('',#6778);
#6780=DIRECTION('',(-1.,0.,0.));
#6781=VECTOR('',#6780,5.);
#6782=LINE('',#5282,#6781);
#6783=EDGE_CURVE('',#5283,#6779,#6782,.T.);
#6784=ORIENTED_EDGE('',*,*,#6783,.T.);
#6785=DIRECTION('',(0.,1.,0.));
#6786=VECTOR('',#6785,7.30766);
#6787=LINE('',#6756,#6786);
#6788=EDGE_CURVE('',#6757,#6779,#6787,.T.);
#6789=ORIENTED_EDGE('',*,*,#6788,.F.);
#6790=ORIENTED_EDGE('',*,*,#6761,.F.);
#6791=EDGE_LOOP('',(#6777,#6784,#6789,#6790));
#6792=FACE_OUTER_BOUND('',#6791,.T.);
#6793=CARTESIAN_POINT('',(100.,-27.40385,365.));
#6794=DIRECTION('',(0.,0.,1.));
#6795=DIRECTION('',(0.,1.,0.));
#6796=AXIS2_PLACEMENT_3D('',#6793,#6794,#6795);
#6797=PLANE('',#6796);
#6798=ADVANCED_FACE('',(#6792),#6797,.T.);
#6799=ORIENTED_EDGE('',*,*,#5314,.T.);
#6800=CARTESIAN_POINT('',(95.,-9.87394,365.));
#6801=VERTEX_POINT('',#6800);
#6802=DIRECTION('',(-1.,0.,0.));
#6803=VECTOR('',#6802,5.);
#6804=LINE('',#5304,#6803);
#6805=EDGE_CURVE('',#5305,#6801,#6804,.T.);
#6806=ORIENTED_EDGE('',*,*,#6805,.T.);
#6807=DIRECTION('',(0.,1.,0.));
#6808=VECTOR('',#6807,10.22225);
#6809=LINE('',#6778,#6808);
#6810=EDGE_CURVE('',#6779,#6801,#6809,.T.);
#6811=ORIENTED_EDGE('',*,*,#6810,.F.);
#6812=ORIENTED_EDGE('',*,*,#6783,.F.);
#6813=EDGE_LOOP('',(#6799,#6806,#6811,#6812));
#6814=FACE_OUTER_BOUND('',#6813,.T.);
#6815=CARTESIAN_POINT('',(100.,-20.09619,365.));
#6816=DIRECTION('',(0.,0.,1.));
#6817=DIRECTION('',(0.,1.,0.));
#6818=AXIS2_PLACEMENT_3D('',#6815,#6816,#6817);
#6819=PLANE('',#6818);
#6820=ADVANCED_FACE('',(#6814),#6819,.T.);
#6821=ORIENTED_EDGE('',*,*,#5336,.T.);
#6822=CARTESIAN_POINT('',(95.,0.,365.));
#6823=VERTEX_POINT('',#6822);
#6824=DIRECTION('',(-1.,0.,0.));
#6825=VECTOR('',#6824,5.);
#6826=LINE('',#5326,#6825);
#6827=EDGE_CURVE('',#5327,#6823,#6826,.T.);
#6828=ORIENTED_EDGE('',*,*,#6827,.T.);
#6829=DIRECTION('',(0.,1.,0.));
#6830=VECTOR('',#6829,9.87394);
#6831=LINE('',#6800,#6830);
#6832=EDGE_CURVE('',#6801,#6823,#6831,.T.);
#6833=ORIENTED_EDGE('',*,*,#6832,.F.);
#6834=ORIENTED_EDGE('',*,*,#6805,.F.);
#6835=EDGE_LOOP('',(#6821,#6828,#6833,#6834));
#6836=FACE_OUTER_BOUND('',#6835,.T.);
#6837=CARTESIAN_POINT('',(100.,-9.87394,365.));
#6838=DIRECTION('',(0.,0.,1.));
#6839=DIRECTION('',(0.,1.,0.));
#6840=AXIS2_PLACEMENT_3D('',#6837,#6838,#6839);
#6841=PLANE('',#6840);
#6842=ADVANCED_FACE('',(#6836),#6841,.T.);
#6843=ORIENTED_EDGE('',*,*,#5358,.T.);
#6844=CARTESIAN_POINT('',(95.,9.87394,365.));
#6845=VERTEX_POINT('',#6844);
#6846=DIRECTION('',(-1.,0.,0.));
#6847=VECTOR('',#6846,5.);
#6848=LINE('',#5348,#6847);
#6849=EDGE_CURVE('',#5349,#6845,#6848,.T.);
#6850=ORIENTED_EDGE('',*,*,#6849,.T.);
#6851=DIRECTION('',(0.,1.,0.));
#6852=VECTOR('',#6851,9.87394);
#6853=LINE('',#6822,#6852);
#6854=EDGE_CURVE('',#6823,#6845,#6853,.T.);
#6855=ORIENTED_EDGE('',*,*,#6854,.F.);
#6856=ORIENTED_EDGE('',*,*,#6827,.F.);
#6857=EDGE_LOOP('',(#6843,#6850,#6855,#6856));
#6858=FACE_OUTER_BOUND('',#6857,.T.);
#6859=CARTESIAN_POINT('',(100.,0.,365.));
#6860=DIRECTION('',(0.,0.,1.));
#6861=DIRECTION('',(0.,1.,0.));
#6862=AXIS2_PLACEMENT_3D('',#6859,#6860,#6861);
#6863=PLANE('',#6862);
#6864=ADVANCED_FACE('',(#6858),#6863,.T.);
#6865=ORIENTED_EDGE('',*,*,#5380,.T.);
#6866=CARTESIAN_POINT('',(95.,20.09619,365.));
#6867=VERTEX_POINT('',#6866);
#6868=DIRECTION('',(-1.,0.,0.));
#6869=VECTOR('',#6868,5.);
#6870=LINE('',#5370,#6869);
#6871=EDGE_CURVE('',#5371,#6867,#6870,.T.);
#6872=ORIENTED_EDGE('',*,*,#6871,.T.);
#6873=DIRECTION('',(0.,1.,0.));
#6874=VECTOR('',#6873,10.22225);
#6875=LINE('',#6844,#6874);
#6876=EDGE_CURVE('',#6845,#6867,#6875,.T.);
#6877=ORIENTED_EDGE('',*,*,#6876,.F.);
#6878=ORIENTED_EDGE('',*,*,#6849,.F.);
#6879=EDGE_LOOP('',(#6865,#6872,#6877,#6878));
#6880=FACE_OUTER_BOUND('',#6879,.T.);
#6881=CARTESIAN_POINT('',(100.,9.87394,365.));
#6882=DIRECTION('',(0.,0.,1.));
#6883=DIRECTION('',(0.,1.,0.));
#6884=AXIS2_PLACEMENT_3D('',#6881,#6882,#6883);
#6885=PLANE('',#6884);
#6886=ADVANCED_FACE('',(#6880),#6885,.T.);
#6887=ORIENTED_EDGE('',*,*,#5402,.T.);
#6888=CARTESIAN_POINT('',(95.,27.40385,365.));
#6889=VERTEX_POINT('',#6888);
#6890=DIRECTION('',(-1.,0.,0.));
#6891=VECTOR('',#6890,5.);
#6892=LINE('',#5392,#6891);
#6893=EDGE_CURVE('',#5393,#6889,#6892,.T.);
#6894=ORIENTED_EDGE('',*,*,#6893,.T.);
#6895=DIRECTION('',(0.,1.,0.));
#6896=VECTOR('',#6895,7.30766);
#6897=LINE('',#6866,#6896);
#6898=EDGE_CURVE('',#6867,#6889,#6897,.T.);
#6899=ORIENTED_EDGE('',*,*,#6898,.F.);
#6900=ORIENTED_EDGE('',*,*,#6871,.F.);
#6901=EDGE_LOOP('',(#6887,#6894,#6899,#6900));
#6902=FACE_OUTER_BOUND('',#6901,.T.);
#6903=CARTESIAN_POINT('',(100.,20.09619,365.));
#6904=DIRECTION('',(0.,0.,1.));
#6905=DIRECTION('',(0.,1.,0.));
#6906=AXIS2_PLACEMENT_3D('',#6903,#6904,#6905);
#6907=PLANE('',#6906);
#6908=ADVANCED_FACE('',(#6902),#6907,.T.);
#6909=ORIENTED_EDGE('',*,*,#5424,.T.);
#6910=CARTESIAN_POINT('',(95.,31.06602,365.));
#6911=VERTEX_POINT('',#6910);
#6912=DIRECTION('',(-1.,0.,0.));
#6913=VECTOR('',#6912,5.);
#6914=LINE('',#5414,#6913);
#6915=EDGE_CURVE('',#5415,#6911,#6914,.T.);
#6916=ORIENTED_EDGE('',*,*,#6915,.T.);
#6917=DIRECTION('',(0.,1.,0.));
#6918=VECTOR('',#6917,3.66217);
#6919=LINE('',#6888,#6918);
#6920=EDGE_CURVE('',#6889,#6911,#6919,.T.);
#6921=ORIENTED_EDGE('',*,*,#6920,.F.);
#6922=ORIENTED_EDGE('',*,*,#6893,.F.);
#6923=EDGE_LOOP('',(#6909,#6916,#6921,#6922));
#6924=FACE_OUTER_BOUND('',#6923,.T.);
#6925=CARTESIAN_POINT('',(100.,27.40385,365.));
#6926=DIRECTION('',(0.,0.,1.));
#6927=DIRECTION('',(0.,1.,0.));
#6928=AXIS2_PLACEMENT_3D('',#6925,#6926,#6927);
#6929=PLANE('',#6928);
#6930=ADVANCED_FACE('',(#6924),#6929,.T.);
#6931=ORIENTED_EDGE('',*,*,#5446,.T.);
#6932=CARTESIAN_POINT('',(95.,43.30127,365.));
#6933=VERTEX_POINT('',#6932);
#6934=DIRECTION('',(-1.,0.,0.));
#6935=VECTOR('',#6934,5.);
#6936=LINE('',#5436,#6935);
#6937=EDGE_CURVE('',#5437,#6933,#6936,.T.);
#6938=ORIENTED_EDGE('',*,*,#6937,.T.);
#6939=DIRECTION('',(0.,1.,0.));
#6940=VECTOR('',#6939,12.23525);
#6941=LINE('',#6910,#6940);
#6942=EDGE_CURVE('',#6911,#6933,#6941,.T.);
#6943=ORIENTED_EDGE('',*,*,#6942,.F.);
#6944=ORIENTED_EDGE('',*,*,#6915,.F.);
#6945=EDGE_LOOP('',(#6931,#6938,#6943,#6944));
#6946=FACE_OUTER_BOUND('',#6945,.T.);
#6947=CARTESIAN_POINT('',(100.,31.06602,365.));
#6948=DIRECTION('',(0.,0.,1.));
#6949=DIRECTION('',(0.,1.,0.));
#6950=AXIS2_PLACEMENT_3D('',#6947,#6948,#6949);
#6951=PLANE('',#6950);
#6952=ADVANCED_FACE('',(#6946),#6951,.T.);
#6953=ORIENTED_EDGE('',*,*,#5468,.T.);
#6954=CARTESIAN_POINT('',(95.,46.,365.));
#6955=VERTEX_POINT('',#6954);
#6956=DIRECTION('',(-1.,0.,0.));
#6957=VECTOR('',#6956,5.);
#6958=LINE('',#5458,#6957);
#6959=EDGE_CURVE('',#5459,#6955,#6958,.T.);
#6960=ORIENTED_EDGE('',*,*,#6959,.T.);
#6961=DIRECTION('',(0.,1.,0.));
#6962=VECTOR('',#6961,2.69873);
#6963=LINE('',#6932,#6962);
#6964=EDGE_CURVE('',#6933,#6955,#6963,.T.);
#6965=ORIENTED_EDGE('',*,*,#6964,.F.);
#6966=ORIENTED_EDGE('',*,*,#6937,.F.);
#6967=EDGE_LOOP('',(#6953,#6960,#6965,#6966));
#6968=FACE_OUTER_BOUND('',#6967,.T.);
#6969=CARTESIAN_POINT('',(100.,43.30127,365.));
#6970=DIRECTION('',(0.,0.,1.));
#6971=DIRECTION('',(0.,1.,0.));
#6972=AXIS2_PLACEMENT_3D('',#6969,#6970,#6971);
#6973=PLANE('',#6972);
#6974=ADVANCED_FACE('',(#6968),#6973,.T.);
#6975=ORIENTED_EDGE('',*,*,#5490,.T.);
#6976=CARTESIAN_POINT('',(95.,54.,367.14359));
#6977=VERTEX_POINT('',#6976);
#6978=DIRECTION('',(-1.,0.,0.));
#6979=VECTOR('',#6978,5.);
#6980=LINE('',#5480,#6979);
#6981=EDGE_CURVE('',#5481,#6977,#6980,.T.);
#6982=ORIENTED_EDGE('',*,*,#6981,.T.);
#6983=DIRECTION('',(0.,0.96593,0.25882));
#6984=VECTOR('',#6983,8.28221);
#6985=LINE('',#6954,#6984);
#6986=EDGE_CURVE('',#6955,#6977,#6985,.T.);
#6987=ORIENTED_EDGE('',*,*,#6986,.F.);
#6988=ORIENTED_EDGE('',*,*,#6959,.F.);
#6989=EDGE_LOOP('',(#6975,#6982,#6987,#6988));
#6990=FACE_OUTER_BOUND('',#6989,.T.);
#6991=CARTESIAN_POINT('',(100.,46.,365.));
#6992=DIRECTION('',(0.,-0.25882,0.96593));
#6993=DIRECTION('',(0.,0.96593,0.25882));
#6994=AXIS2_PLACEMENT_3D('',#6991,#6992,#6993);
#6995=PLANE('',#6994);
#6996=ADVANCED_FACE('',(#6990),#6995,.T.);
#6997=ORIENTED_EDGE('',*,*,#5512,.T.);
#6998=CARTESIAN_POINT('',(95.,55.07772,368.22132));
#6999=VERTEX_POINT('',#6998);
#7000=DIRECTION('',(-1.,0.,0.));
#7001=VECTOR('',#7000,5.);
#7002=LINE('',#5502,#7001);
#7003=EDGE_CURVE('',#5503,#6999,#7002,.T.);
#7004=ORIENTED_EDGE('',*,*,#7003,.T.);
#7005=DIRECTION('',(0.,0.70711,0.70711));
#7006=VECTOR('',#7005,1.52413);
#7007=LINE('',#6976,#7006);
#7008=EDGE_CURVE('',#6977,#6999,#7007,.T.);
#7009=ORIENTED_EDGE('',*,*,#7008,.F.);
#7010=ORIENTED_EDGE('',*,*,#6981,.F.);
#7011=EDGE_LOOP('',(#6997,#7004,#7009,#7010));
#7012=FACE_OUTER_BOUND('',#7011,.T.);
#7013=CARTESIAN_POINT('',(100.,54.,367.14359));
#7014=DIRECTION('',(0.,-0.70711,0.70711));
#7015=DIRECTION('',(0.,0.70711,0.70711));
#7016=AXIS2_PLACEMENT_3D('',#7013,#7014,#7015);
#7017=PLANE('',#7016);
#7018=ADVANCED_FACE('',(#7012),#7017,.T.);
#7019=ORIENTED_EDGE('',*,*,#5534,.T.);
#7020=CARTESIAN_POINT('',(95.,59.85641,373.));
#7021=VERTEX_POINT('',#7020);
#7022=DIRECTION('',(-1.,0.,0.));
#7023=VECTOR('',#7022,5.);
#7024=LINE('',#5524,#7023);
#7025=EDGE_CURVE('',#5525,#7021,#7024,.T.);
#7026=ORIENTED_EDGE('',*,*,#7025,.T.);
#7027=DIRECTION('',(0.,0.70711,0.70711));
#7028=VECTOR('',#7027,6.75808);
#7029=LINE('',#6998,#7028);
#7030=EDGE_CURVE('',#6999,#7021,#7029,.T.);
#7031=ORIENTED_EDGE('',*,*,#7030,.F.);
#7032=ORIENTED_EDGE('',*,*,#7003,.F.);
#7033=EDGE_LOOP('',(#7019,#7026,#7031,#7032));
#7034=FACE_OUTER_BOUND('',#7033,.T.);
#7035=CARTESIAN_POINT('',(100.,55.07772,368.22132));
#7036=DIRECTION('',(0.,-0.70711,0.70711));
#7037=DIRECTION('',(0.,0.70711,0.70711));
#7038=AXIS2_PLACEMENT_3D('',#7035,#7036,#7037);
#7039=PLANE('',#7038);
#7040=ADVANCED_FACE('',(#7034),#7039,.T.);
#7041=ORIENTED_EDGE('',*,*,#5556,.T.);
#7042=CARTESIAN_POINT('',(95.,61.36603,378.63397));
#7043=VERTEX_POINT('',#7042);
#7044=DIRECTION('',(-1.,0.,0.));
#7045=VECTOR('',#7044,5.);
#7046=LINE('',#5546,#7045);
#7047=EDGE_CURVE('',#5547,#7043,#7046,.T.);
#7048=ORIENTED_EDGE('',*,*,#7047,.T.);
#7049=DIRECTION('',(0.,0.25882,0.96593));
#7050=VECTOR('',#7049,5.83272);
#7051=LINE('',#7020,#7050);
#7052=EDGE_CURVE('',#7021,#7043,#7051,.T.);
#7053=ORIENTED_EDGE('',*,*,#7052,.F.);
#7054=ORIENTED_EDGE('',*,*,#7025,.F.);
#7055=EDGE_LOOP('',(#7041,#7048,#7053,#7054));
#7056=FACE_OUTER_BOUND('',#7055,.T.);
#7057=CARTESIAN_POINT('',(100.,59.85641,373.));
#7058=DIRECTION('',(0.,-0.96593,0.25882));
#7059=DIRECTION('',(0.,0.25882,0.96593));
#7060=AXIS2_PLACEMENT_3D('',#7057,#7058,#7059);
#7061=PLANE('',#7060);
#7062=ADVANCED_FACE('',(#7056),#7061,.T.);
#7063=ORIENTED_EDGE('',*,*,#5578,.T.);
#7064=CARTESIAN_POINT('',(95.,62.,381.));
#7065=VERTEX_POINT('',#7064);
#7066=DIRECTION('',(-1.,0.,0.));
#7067=VECTOR('',#7066,5.);
#7068=LINE('',#5568,#7067);
#7069=EDGE_CURVE('',#5569,#7065,#7068,.T.);
#7070=ORIENTED_EDGE('',*,*,#7069,.T.);
#7071=DIRECTION('',(0.,0.25882,0.96593));
#7072=VECTOR('',#7071,2.44949);
#7073=LINE('',#7042,#7072);
#7074=EDGE_CURVE('',#7043,#7065,#7073,.T.);
#7075=ORIENTED_EDGE('',*,*,#7074,.F.);
#7076=ORIENTED_EDGE('',*,*,#7047,.F.);
#7077=EDGE_LOOP('',(#7063,#7070,#7075,#7076));
#7078=FACE_OUTER_BOUND('',#7077,.T.);
#7079=CARTESIAN_POINT('',(100.,61.36603,378.63397));
#7080=DIRECTION('',(0.,-0.96593,0.25882));
#7081=DIRECTION('',(0.,0.25882,0.96593));
#7082=AXIS2_PLACEMENT_3D('',#7079,#7080,#7081);
#7083=PLANE('',#7082);
#7084=ADVANCED_FACE('',(#7078),#7083,.T.);
#7085=ORIENTED_EDGE('',*,*,#5600,.T.);
#7086=CARTESIAN_POINT('',(95.,62.,392.42573));
#7087=VERTEX_POINT('',#7086);
#7088=DIRECTION('',(-1.,0.,0.));
#7089=VECTOR('',#7088,5.);
#7090=LINE('',#5590,#7089);
#7091=EDGE_CURVE('',#5591,#7087,#7090,.T.);
#7092=ORIENTED_EDGE('',*,*,#7091,.T.);
#7093=DIRECTION('',(0.,0.,1.));
#7094=VECTOR('',#7093,11.42573);
#7095=LINE('',#7064,#7094);
#7096=EDGE_CURVE('',#7065,#7087,#7095,.T.);
#7097=ORIENTED_EDGE('',*,*,#7096,.F.);
#7098=ORIENTED_EDGE('',*,*,#7069,.F.);
#7099=EDGE_LOOP('',(#7085,#7092,#7097,#7098));
#7100=FACE_OUTER_BOUND('',#7099,.T.);
#7101=CARTESIAN_POINT('',(100.,62.,381.));
#7102=DIRECTION('',(0.,-1.,0.));
#7103=DIRECTION('',(0.,0.,1.));
#7104=AXIS2_PLACEMENT_3D('',#7101,#7102,#7103);
#7105=PLANE('',#7104);
#7106=ADVANCED_FACE('',(#7100),#7105,.T.);
#7107=ORIENTED_EDGE('',*,*,#5622,.T.);
#7108=CARTESIAN_POINT('',(95.,62.,404.20428));
#7109=VERTEX_POINT('',#7108);
#7110=DIRECTION('',(-1.,0.,0.));
#7111=VECTOR('',#7110,5.);
#7112=LINE('',#5612,#7111);
#7113=EDGE_CURVE('',#5613,#7109,#7112,.T.);
#7114=ORIENTED_EDGE('',*,*,#7113,.T.);
#7115=DIRECTION('',(0.,0.,1.));
#7116=VECTOR('',#7115,11.77856);
#7117=LINE('',#7086,#7116);
#7118=EDGE_CURVE('',#7087,#7109,#7117,.T.);
#7119=ORIENTED_EDGE('',*,*,#7118,.F.);
#7120=ORIENTED_EDGE('',*,*,#7091,.F.);
#7121=EDGE_LOOP('',(#7107,#7114,#7119,#7120));
#7122=FACE_OUTER_BOUND('',#7121,.T.);
#7123=CARTESIAN_POINT('',(100.,62.,392.42573));
#7124=DIRECTION('',(0.,-1.,0.));
#7125=DIRECTION('',(0.,0.,1.));
#7126=AXIS2_PLACEMENT_3D('',#7123,#7124,#7125);
#7127=PLANE('',#7126);
#7128=ADVANCED_FACE('',(#7122),#7127,.T.);
#7129=ORIENTED_EDGE('',*,*,#5644,.T.);
#7130=CARTESIAN_POINT('',(95.,62.,414.31876));
#7131=VERTEX_POINT('',#7130);
#7132=DIRECTION('',(-1.,0.,0.));
#7133=VECTOR('',#7132,5.);
#7134=LINE('',#5634,#7133);
#7135=EDGE_CURVE('',#5635,#7131,#7134,.T.);
#7136=ORIENTED_EDGE('',*,*,#7135,.T.);
#7137=DIRECTION('',(0.,0.,1.));
#7138=VECTOR('',#7137,10.11448);
#7139=LINE('',#7108,#7138);
#7140=EDGE_CURVE('',#7109,#7131,#7139,.T.);
#7141=ORIENTED_EDGE('',*,*,#7140,.F.);
#7142=ORIENTED_EDGE('',*,*,#7113,.F.);
#7143=EDGE_LOOP('',(#7129,#7136,#7141,#7142));
#7144=FACE_OUTER_BOUND('',#7143,.T.);
#7145=CARTESIAN_POINT('',(100.,62.,404.20428));
#7146=DIRECTION('',(0.,-1.,0.));
#7147=DIRECTION('',(0.,0.,1.));
#7148=AXIS2_PLACEMENT_3D('',#7145,#7146,#7147);
#7149=PLANE('',#7148);
#7150=ADVANCED_FACE('',(#7144),#7149,.T.);
#7151=ORIENTED_EDGE('',*,*,#5666,.T.);
#7152=CARTESIAN_POINT('',(95.,62.,423.38715));
#7153=VERTEX_POINT('',#7152);
#7154=DIRECTION('',(-1.,0.,0.));
#7155=VECTOR('',#7154,5.);
#7156=LINE('',#5656,#7155);
#7157=EDGE_CURVE('',#5657,#7153,#7156,.T.);
#7158=ORIENTED_EDGE('',*,*,#7157,.T.);
#7159=DIRECTION('',(0.,0.,1.));
#7160=VECTOR('',#7159,9.06839);
#7161=LINE('',#7130,#7160);
#7162=EDGE_CURVE('',#7131,#7153,#7161,.T.);
#7163=ORIENTED_EDGE('',*,*,#7162,.F.);
#7164=ORIENTED_EDGE('',*,*,#7135,.F.);
#7165=EDGE_LOOP('',(#7151,#7158,#7163,#7164));
#7166=FACE_OUTER_BOUND('',#7165,.T.);
#7167=CARTESIAN_POINT('',(100.,62.,414.31876));
#7168=DIRECTION('',(0.,-1.,0.));
#7169=DIRECTION('',(0.,0.,1.));
#7170=AXIS2_PLACEMENT_3D('',#7167,#7168,#7169);
#7171=PLANE('',#7170);
#7172=ADVANCED_FACE('',(#7166),#7171,.T.);
#7173=ORIENTED_EDGE('',*,*,#5688,.T.);
#7174=CARTESIAN_POINT('',(95.,62.,431.83755));
#7175=VERTEX_POINT('',#7174);
#7176=DIRECTION('',(-1.,0.,0.));
#7177=VECTOR('',#7176,5.);
#7178=LINE('',#5678,#7177);
#7179=EDGE_CURVE('',#5679,#7175,#7178,.T.);
#7180=ORIENTED_EDGE('',*,*,#7179,.T.);
#7181=DIRECTION('',(0.,0.,1.));
#7182=VECTOR('',#7181,8.4504);
#7183=LINE('',#7152,#7182);
#7184=EDGE_CURVE('',#7153,#7175,#7183,.T.);
#7185=ORIENTED_EDGE('',*,*,#7184,.F.);
#7186=ORIENTED_EDGE('',*,*,#7157,.F.);
#7187=EDGE_LOOP('',(#7173,#7180,#7185,#7186));
#7188=FACE_OUTER_BOUND('',#7187,.T.);
#7189=CARTESIAN_POINT('',(100.,62.,423.38715));
#7190=DIRECTION('',(0.,-1.,0.));
#7191=DIRECTION('',(0.,0.,1.));
#7192=AXIS2_PLACEMENT_3D('',#7189,#7190,#7191);
#7193=PLANE('',#7192);
#7194=ADVANCED_FACE('',(#7188),#7193,.T.);
#7195=ORIENTED_EDGE('',*,*,#5704,.F.);
#7196=ORIENTED_EDGE('',*,*,#5733,.T.);
#7197=DIRECTION('',(0.,0.,-1.));
#7198=VECTOR('',#7197,8.16245);
#7199=LINE('',#5723,#7198);
#7200=EDGE_CURVE('',#5724,#7175,#7199,.T.);
#7201=ORIENTED_EDGE('',*,*,#7200,.T.);
#7202=ORIENTED_EDGE('',*,*,#7179,.F.);
#7203=EDGE_LOOP('',(#7195,#7196,#7201,#7202));
#7204=FACE_OUTER_BOUND('',#7203,.T.);
#7205=CARTESIAN_POINT('',(100.,62.,431.83755));
#7206=DIRECTION('',(0.,-1.,0.));
#7207=DIRECTION('',(0.,0.,1.));
#7208=AXIS2_PLACEMENT_3D('',#7205,#7206,#7207);
#7209=PLANE('',#7208);
#7210=ADVANCED_FACE('',(#7204),#7209,.T.);
#7211=ORIENTED_EDGE('',*,*,#5728,.T.);
#7212=DIRECTION('',(0.,-0.99144,-0.13053));
#7213=VECTOR('',#7212,33.28476);
#7214=LINE('',#2317,#7213);
#7215=EDGE_CURVE('',#2318,#5717,#7214,.T.);
#7216=ORIENTED_EDGE('',*,*,#7215,.F.);
#7217=ORIENTED_EDGE('',*,*,#2322,.F.);
#7218=DIRECTION('',(0.,-1.,0.));
#7219=VECTOR('',#7218,33.);
#7220=LINE('',#2315,#7219);
#7221=EDGE_CURVE('',#2316,#5724,#7220,.T.);
#7222=ORIENTED_EDGE('',*,*,#7221,.T.);
#7223=EDGE_LOOP('',(#7211,#7216,#7217,#7222));
#7224=FACE_OUTER_BOUND('',#7223,.T.);
#7225=CARTESIAN_POINT('',(95.,62.,440.));
#7226=DIRECTION('',(-1.,0.,0.));
#7227=DIRECTION('',(0.,0.,1.));
#7228=AXIS2_PLACEMENT_3D('',#7225,#7226,#7227);
#7229=PLANE('',#7228);
#7230=ADVANCED_FACE('',(#7224),#7229,.T.);
#7231=ORIENTED_EDGE('',*,*,#5754,.T.);
#7232=DIRECTION('',(0.,-0.96593,-0.25882));
#7233=VECTOR('',#7232,34.16411);
#7234=LINE('',#2351,#7233);
#7235=EDGE_CURVE('',#2352,#5745,#7234,.T.);
#7236=ORIENTED_EDGE('',*,*,#7235,.F.);
#7237=ORIENTED_EDGE('',*,*,#2356,.F.);
#7238=ORIENTED_EDGE('',*,*,#7215,.T.);
#7239=EDGE_LOOP('',(#7231,#7236,#7237,#7238));
#7240=FACE_OUTER_BOUND('',#7239,.T.);
#7241=CARTESIAN_POINT('',(95.,62.,448.16245));
#7242=DIRECTION('',(-1.,0.,0.));
#7243=DIRECTION('',(0.,0.,1.));
#7244=AXIS2_PLACEMENT_3D('',#7241,#7242,#7243);
#7245=PLANE('',#7244);
#7246=ADVANCED_FACE('',(#7240),#7245,.T.);
#7247=ORIENTED_EDGE('',*,*,#5776,.T.);
#7248=DIRECTION('',(0.,-0.92388,-0.38268));
#7249=VECTOR('',#7248,35.71894);
#7250=LINE('',#2379,#7249);
#7251=EDGE_CURVE('',#2380,#5767,#7250,.T.);
#7252=ORIENTED_EDGE('',*,*,#7251,.F.);
#7253=ORIENTED_EDGE('',*,*,#2384,.F.);
#7254=ORIENTED_EDGE('',*,*,#7235,.T.);
#7255=EDGE_LOOP('',(#7247,#7252,#7253,#7254));
#7256=FACE_OUTER_BOUND('',#7255,.T.);
#7257=CARTESIAN_POINT('',(95.,62.,456.61285));
#7258=DIRECTION('',(-1.,0.,0.));
#7259=DIRECTION('',(0.,0.,1.));
#7260=AXIS2_PLACEMENT_3D('',#7257,#7258,#7259);
#7261=PLANE('',#7260);
#7262=ADVANCED_FACE('',(#7256),#7261,.T.);
#7263=ORIENTED_EDGE('',*,*,#5798,.T.);
#7264=DIRECTION('',(0.,-0.86603,-0.5));
#7265=VECTOR('',#7264,38.10512);
#7266=LINE('',#2407,#7265);
#7267=EDGE_CURVE('',#2408,#5789,#7266,.T.);
#7268=ORIENTED_EDGE('',*,*,#7267,.F.);
#7269=ORIENTED_EDGE('',*,*,#2412,.F.);
#7270=ORIENTED_EDGE('',*,*,#7251,.T.);
#7271=EDGE_LOOP('',(#7263,#7268,#7269,#7270));
#7272=FACE_OUTER_BOUND('',#7271,.T.);
#7273=CARTESIAN_POINT('',(95.,62.,465.68124));
#7274=DIRECTION('',(-1.,0.,0.));
#7275=DIRECTION('',(0.,0.,1.));
#7276=AXIS2_PLACEMENT_3D('',#7273,#7274,#7275);
#7277=PLANE('',#7276);
#7278=ADVANCED_FACE('',(#7272),#7277,.T.);
#7279=ORIENTED_EDGE('',*,*,#5820,.T.);
#7280=DIRECTION('',(0.,-0.79335,-0.60876));
#7281=VECTOR('',#7280,41.59559);
#7282=LINE('',#2435,#7281);
#7283=EDGE_CURVE('',#2436,#5811,#7282,.T.);
#7284=ORIENTED_EDGE('',*,*,#7283,.F.);
#7285=ORIENTED_EDGE('',*,*,#2440,.F.);
#7286=ORIENTED_EDGE('',*,*,#7267,.T.);
#7287=EDGE_LOOP('',(#7279,#7284,#7285,#7286));
#7288=FACE_OUTER_BOUND('',#7287,.T.);
#7289=CARTESIAN_POINT('',(95.,62.,475.79572));
#7290=DIRECTION('',(-1.,0.,0.));
#7291=DIRECTION('',(0.,0.,1.));
#7292=AXIS2_PLACEMENT_3D('',#7289,#7290,#7291);
#7293=PLANE('',#7292);
#7294=ADVANCED_FACE('',(#7288),#7293,.T.);
#7295=ORIENTED_EDGE('',*,*,#5842,.T.);
#7296=DIRECTION('',(0.,-0.72442,-0.68936));
#7297=VECTOR('',#7296,45.55395);
#7298=LINE('',#2463,#7297);
#7299=EDGE_CURVE('',#2464,#5833,#7298,.T.);
#7300=ORIENTED_EDGE('',*,*,#7299,.F.);
#7301=ORIENTED_EDGE('',*,*,#2468,.F.);
#7302=ORIENTED_EDGE('',*,*,#7283,.T.);
#7303=EDGE_LOOP('',(#7295,#7300,#7301,#7302));
#7304=FACE_OUTER_BOUND('',#7303,.T.);
#7305=CARTESIAN_POINT('',(95.,62.,487.57427));
#7306=DIRECTION('',(-1.,0.,0.));
#7307=DIRECTION('',(0.,0.,1.));
#7308=AXIS2_PLACEMENT_3D('',#7305,#7306,#7307);
#7309=PLANE('',#7308);
#7310=ADVANCED_FACE('',(#7304),#7309,.T.);
#7311=ORIENTED_EDGE('',*,*,#5864,.T.);
#7312=DIRECTION('',(0.,-0.70711,-0.70711));
#7313=VECTOR('',#7312,47.56562);
#7314=LINE('',#2491,#7313);
#7315=EDGE_CURVE('',#2492,#5855,#7314,.T.);
#7316=ORIENTED_EDGE('',*,*,#7315,.F.);
#7317=ORIENTED_EDGE('',*,*,#2496,.F.);
#7318=ORIENTED_EDGE('',*,*,#7299,.T.);
#7319=EDGE_LOOP('',(#7311,#7316,#7317,#7318));
#7320=FACE_OUTER_BOUND('',#7319,.T.);
#7321=CARTESIAN_POINT('',(95.,62.,499.));
#7322=DIRECTION('',(-1.,0.,0.));
#7323=DIRECTION('',(0.,-0.25882,0.96593));
#7324=AXIS2_PLACEMENT_3D('',#7321,#7322,#7323);
#7325=PLANE('',#7324);
#7326=ADVANCED_FACE('',(#7320),#7325,.T.);
#7327=ORIENTED_EDGE('',*,*,#5886,.T.);
#7328=DIRECTION('',(0.,-0.66623,-0.74574));
#7329=VECTOR('',#7328,52.74975);
#7330=LINE('',#2519,#7329);
#7331=EDGE_CURVE('',#2520,#5877,#7330,.T.);
#7332=ORIENTED_EDGE('',*,*,#7331,.F.);
#7333=ORIENTED_EDGE('',*,*,#2524,.F.);
#7334=ORIENTED_EDGE('',*,*,#7315,.T.);
#7335=EDGE_LOOP('',(#7327,#7332,#7333,#7334));
#7336=FACE_OUTER_BOUND('',#7335,.T.);
#7337=CARTESIAN_POINT('',(95.,61.36603,501.36603));
#7338=DIRECTION('',(-1.,0.,0.));
#7339=DIRECTION('',(0.,-0.25882,0.96593));
#7340=AXIS2_PLACEMENT_3D('',#7337,#7338,#7339);
#7341=PLANE('',#7340);
#7342=ADVANCED_FACE('',(#7336),#7341,.T.);
#7343=ORIENTED_EDGE('',*,*,#5908,.T.);
#7344=DIRECTION('',(0.,-0.60876,-0.79335));
#7345=VECTOR('',#7344,65.57951);
#7346=LINE('',#2547,#7345);
#7347=EDGE_CURVE('',#2548,#5899,#7346,.T.);
#7348=ORIENTED_EDGE('',*,*,#7347,.F.);
#7349=ORIENTED_EDGE('',*,*,#2552,.F.);
#7350=ORIENTED_EDGE('',*,*,#7331,.T.);
#7351=EDGE_LOOP('',(#7343,#7348,#7349,#7350));
#7352=FACE_OUTER_BOUND('',#7351,.T.);
#7353=CARTESIAN_POINT('',(95.,59.85641,507.));
#7354=DIRECTION('',(-1.,0.,0.));
#7355=DIRECTION('',(0.,-0.70711,0.70711));
#7356=AXIS2_PLACEMENT_3D('',#7353,#7354,#7355);
#7357=PLANE('',#7356);
#7358=ADVANCED_FACE('',(#7352),#7357,.T.);
#7359=ORIENTED_EDGE('',*,*,#5930,.T.);
#7360=DIRECTION('',(0.,-0.59546,-0.80339));
#7361=VECTOR('',#7360,68.85463);
#7362=LINE('',#2575,#7361);
#7363=EDGE_CURVE('',#2576,#5921,#7362,.T.);
#7364=ORIENTED_EDGE('',*,*,#7363,.F.);
#7365=ORIENTED_EDGE('',*,*,#2580,.F.);
#7366=ORIENTED_EDGE('',*,*,#7347,.T.);
#7367=EDGE_LOOP('',(#7359,#7364,#7365,#7366));
#7368=FACE_OUTER_BOUND('',#7367,.T.);
#7369=CARTESIAN_POINT('',(95.,55.07772,511.77868));
#7370=DIRECTION('',(-1.,0.,0.));
#7371=DIRECTION('',(0.,-0.70711,0.70711));
#7372=AXIS2_PLACEMENT_3D('',#7369,#7370,#7371);
#7373=PLANE('',#7372);
#7374=ADVANCED_FACE('',(#7368),#7373,.T.);
#7375=ORIENTED_EDGE('',*,*,#5952,.T.);
#7376=DIRECTION('',(0.,-0.53,-0.848));
#7377=VECTOR('',#7376,91.03889);
#7378=LINE('',#2603,#7377);
#7379=EDGE_CURVE('',#2604,#5943,#7378,.T.);
#7380=ORIENTED_EDGE('',*,*,#7379,.F.);
#7381=ORIENTED_EDGE('',*,*,#2608,.F.);
#7382=ORIENTED_EDGE('',*,*,#7363,.T.);
#7383=EDGE_LOOP('',(#7375,#7380,#7381,#7382));
#7384=FACE_OUTER_BOUND('',#7383,.T.);
#7385=CARTESIAN_POINT('',(95.,54.,512.85641));
#7386=DIRECTION('',(-1.,0.,0.));
#7387=DIRECTION('',(0.,-0.96593,0.25882));
#7388=AXIS2_PLACEMENT_3D('',#7385,#7386,#7387);
#7389=PLANE('',#7388);
#7390=ADVANCED_FACE('',(#7384),#7389,.T.);
#7391=ORIENTED_EDGE('',*,*,#5974,.T.);
#7392=DIRECTION('',(0.,-0.52283,-0.85244));
#7393=VECTOR('',#7392,90.32917);
#7394=LINE('',#2631,#7393);
#7395=EDGE_CURVE('',#2632,#5965,#7394,.T.);
#7396=ORIENTED_EDGE('',*,*,#7395,.F.);
#7397=ORIENTED_EDGE('',*,*,#2636,.F.);
#7398=ORIENTED_EDGE('',*,*,#7379,.T.);
#7399=EDGE_LOOP('',(#7391,#7396,#7397,#7398));
#7400=FACE_OUTER_BOUND('',#7399,.T.);
#7401=CARTESIAN_POINT('',(95.,46.74949,514.79918));
#7402=DIRECTION('',(-1.,0.,0.));
#7403=DIRECTION('',(0.,-0.96593,0.25882));
#7404=AXIS2_PLACEMENT_3D('',#7401,#7402,#7403);
#7405=PLANE('',#7404);
#7406=ADVANCED_FACE('',(#7400),#7405,.T.);
#7407=ORIENTED_EDGE('',*,*,#5996,.T.);
#7408=DIRECTION('',(0.,-0.5,-0.86603));
#7409=VECTOR('',#7408,88.91194);
#7410=LINE('',#2659,#7409);
#7411=EDGE_CURVE('',#2660,#5987,#7410,.T.);
#7412=ORIENTED_EDGE('',*,*,#7411,.F.);
#7413=ORIENTED_EDGE('',*,*,#2664,.F.);
#7414=ORIENTED_EDGE('',*,*,#7395,.T.);
#7415=EDGE_LOOP('',(#7407,#7412,#7413,#7414));
#7416=FACE_OUTER_BOUND('',#7415,.T.);
#7417=CARTESIAN_POINT('',(95.,46.,515.));
#7418=DIRECTION('',(-1.,0.,0.));
#7419=DIRECTION('',(0.,-1.,0.));
#7420=AXIS2_PLACEMENT_3D('',#7417,#7418,#7419);
#7421=PLANE('',#7420);
#7422=ADVANCED_FACE('',(#7416),#7421,.T.);
#7423=ORIENTED_EDGE('',*,*,#6018,.T.);
#7424=DIRECTION('',(0.,-0.38268,-0.92388));
#7425=VECTOR('',#7424,83.3442);
#7426=LINE('',#2687,#7425);
#7427=EDGE_CURVE('',#2688,#6009,#7426,.T.);
#7428=ORIENTED_EDGE('',*,*,#7427,.F.);
#7429=ORIENTED_EDGE('',*,*,#2692,.F.);
#7430=ORIENTED_EDGE('',*,*,#7411,.T.);
#7431=EDGE_LOOP('',(#7423,#7428,#7429,#7430));
#7432=FACE_OUTER_BOUND('',#7431,.T.);
#7433=CARTESIAN_POINT('',(95.,43.30127,515.));
#7434=DIRECTION('',(-1.,0.,0.));
#7435=DIRECTION('',(0.,-1.,0.));
#7436=AXIS2_PLACEMENT_3D('',#7433,#7434,#7435);
#7437=PLANE('',#7436);
#7438=ADVANCED_FACE('',(#7432),#7437,.T.);
#7439=ORIENTED_EDGE('',*,*,#6040,.T.);
#7440=DIRECTION('',(0.,-0.25882,-0.96593));
#7441=VECTOR('',#7440,79.71627);
#7442=LINE('',#2715,#7441);
#7443=EDGE_CURVE('',#2716,#6031,#7442,.T.);
#7444=ORIENTED_EDGE('',*,*,#7443,.F.);
#7445=ORIENTED_EDGE('',*,*,#2720,.F.);
#7446=ORIENTED_EDGE('',*,*,#7427,.T.);
#7447=EDGE_LOOP('',(#7439,#7444,#7445,#7446));
#7448=FACE_OUTER_BOUND('',#7447,.T.);
#7449=CARTESIAN_POINT('',(95.,31.06602,515.));
#7450=DIRECTION('',(-1.,0.,0.));
#7451=DIRECTION('',(0.,-1.,0.));
#7452=AXIS2_PLACEMENT_3D('',#7449,#7450,#7451);
#7453=PLANE('',#7452);
#7454=ADVANCED_FACE('',(#7448),#7453,.T.);
#7455=ORIENTED_EDGE('',*,*,#6062,.T.);
#7456=DIRECTION('',(0.,-0.13053,-0.99144));
#7457=VECTOR('',#7456,77.66443);
#7458=LINE('',#2743,#7457);
#7459=EDGE_CURVE('',#2744,#6053,#7458,.T.);
#7460=ORIENTED_EDGE('',*,*,#7459,.F.);
#7461=ORIENTED_EDGE('',*,*,#2748,.F.);
#7462=ORIENTED_EDGE('',*,*,#7443,.T.);
#7463=EDGE_LOOP('',(#7455,#7460,#7461,#7462));
#7464=FACE_OUTER_BOUND('',#7463,.T.);
#7465=CARTESIAN_POINT('',(95.,20.09619,515.));
#7466=DIRECTION('',(-1.,0.,0.));
#7467=DIRECTION('',(0.,-1.,0.));
#7468=AXIS2_PLACEMENT_3D('',#7465,#7466,#7467);
#7469=PLANE('',#7468);
#7470=ADVANCED_FACE('',(#7464),#7469,.T.);
#7471=ORIENTED_EDGE('',*,*,#6084,.T.);
#7472=DIRECTION('',(0.,0.,-1.));
#7473=VECTOR('',#7472,77.);
#7474=LINE('',#2771,#7473);
#7475=EDGE_CURVE('',#2772,#6075,#7474,.T.);
#7476=ORIENTED_EDGE('',*,*,#7475,.F.);
#7477=ORIENTED_EDGE('',*,*,#2776,.F.);
#7478=ORIENTED_EDGE('',*,*,#7459,.T.);
#7479=EDGE_LOOP('',(#7471,#7476,#7477,#7478));
#7480=FACE_OUTER_BOUND('',#7479,.T.);
#7481=CARTESIAN_POINT('',(95.,9.87394,515.));
#7482=DIRECTION('',(-1.,0.,0.));
#7483=DIRECTION('',(0.,-1.,0.));
#7484=AXIS2_PLACEMENT_3D('',#7481,#7482,#7483);
#7485=PLANE('',#7484);
#7486=ADVANCED_FACE('',(#7480),#7485,.T.);
#7487=ORIENTED_EDGE('',*,*,#6106,.T.);
#7488=DIRECTION('',(0.,0.13053,-0.99144));
#7489=VECTOR('',#7488,77.66443);
#7490=LINE('',#2799,#7489);
#7491=EDGE_CURVE('',#2800,#6097,#7490,.T.);
#7492=ORIENTED_EDGE('',*,*,#7491,.F.);
#7493=ORIENTED_EDGE('',*,*,#2804,.F.);
#7494=ORIENTED_EDGE('',*,*,#7475,.T.);
#7495=EDGE_LOOP('',(#7487,#7492,#7493,#7494));
#7496=FACE_OUTER_BOUND('',#7495,.T.);
#7497=CARTESIAN_POINT('',(95.,0.,515.));
#7498=DIRECTION('',(-1.,0.,0.));
#7499=DIRECTION('',(0.,-1.,0.));
#7500=AXIS2_PLACEMENT_3D('',#7497,#7498,#7499);
#7501=PLANE('',#7500);
#7502=ADVANCED_FACE('',(#7496),#7501,.T.);
#7503=ORIENTED_EDGE('',*,*,#6128,.T.);
#7504=DIRECTION('',(0.,0.25882,-0.96593));
#7505=VECTOR('',#7504,79.71627);
#7506=LINE('',#2827,#7505);
#7507=EDGE_CURVE('',#2828,#6119,#7506,.T.);
#7508=ORIENTED_EDGE('',*,*,#7507,.F.);
#7509=ORIENTED_EDGE('',*,*,#2832,.F.);
#7510=ORIENTED_EDGE('',*,*,#7491,.T.);
#7511=EDGE_LOOP('',(#7503,#7508,#7509,#7510));
#7512=FACE_OUTER_BOUND('',#7511,.T.);
#7513=CARTESIAN_POINT('',(95.,-9.87394,515.));
#7514=DIRECTION('',(-1.,0.,0.));
#7515=DIRECTION('',(0.,-1.,0.));
#7516=AXIS2_PLACEMENT_3D('',#7513,#7514,#7515);
#7517=PLANE('',#7516);
#7518=ADVANCED_FACE('',(#7512),#7517,.T.);
#7519=ORIENTED_EDGE('',*,*,#6150,.T.);
#7520=DIRECTION('',(0.,0.38268,-0.92388));
#7521=VECTOR('',#7520,83.3442);
#7522=LINE('',#2855,#7521);
#7523=EDGE_CURVE('',#2856,#6141,#7522,.T.);
#7524=ORIENTED_EDGE('',*,*,#7523,.F.);
#7525=ORIENTED_EDGE('',*,*,#2860,.F.);
#7526=ORIENTED_EDGE('',*,*,#7507,.T.);
#7527=EDGE_LOOP('',(#7519,#7524,#7525,#7526));
#7528=FACE_OUTER_BOUND('',#7527,.T.);
#7529=CARTESIAN_POINT('',(95.,-20.09619,515.));
#7530=DIRECTION('',(-1.,0.,0.));
#7531=DIRECTION('',(0.,-1.,0.));
#7532=AXIS2_PLACEMENT_3D('',#7529,#7530,#7531);
#7533=PLANE('',#7532);
#7534=ADVANCED_FACE('',(#7528),#7533,.T.);
#7535=ORIENTED_EDGE('',*,*,#6172,.T.);
#7536=DIRECTION('',(0.,0.5,-0.86603));
#7537=VECTOR('',#7536,88.91194);
#7538=LINE('',#2883,#7537);
#7539=EDGE_CURVE('',#2884,#6163,#7538,.T.);
#7540=ORIENTED_EDGE('',*,*,#7539,.F.);
#7541=ORIENTED_EDGE('',*,*,#2888,.F.);
#7542=ORIENTED_EDGE('',*,*,#7523,.T.);
#7543=EDGE_LOOP('',(#7535,#7540,#7541,#7542));
#7544=FACE_OUTER_BOUND('',#7543,.T.);
#7545=CARTESIAN_POINT('',(95.,-31.06602,515.));
#7546=DIRECTION('',(-1.,0.,0.));
#7547=DIRECTION('',(0.,-1.,0.));
#7548=AXIS2_PLACEMENT_3D('',#7545,#7546,#7547);
#7549=PLANE('',#7548);
#7550=ADVANCED_FACE('',(#7544),#7549,.T.);
#7551=ORIENTED_EDGE('',*,*,#6194,.T.);
#7552=DIRECTION('',(0.,0.52283,-0.85244));
#7553=VECTOR('',#7552,90.32916);
#7554=LINE('',#2911,#7553);
#7555=EDGE_CURVE('',#2912,#6185,#7554,.T.);
#7556=ORIENTED_EDGE('',*,*,#7555,.F.);
#7557=ORIENTED_EDGE('',*,*,#2916,.F.);
#7558=ORIENTED_EDGE('',*,*,#7539,.T.);
#7559=EDGE_LOOP('',(#7551,#7556,#7557,#7558));
#7560=FACE_OUTER_BOUND('',#7559,.T.);
#7561=CARTESIAN_POINT('',(95.,-43.30127,515.));
#7562=DIRECTION('',(-1.,0.,0.));
#7563=DIRECTION('',(0.,-1.,0.));
#7564=AXIS2_PLACEMENT_3D('',#7561,#7562,#7563);
#7565=PLANE('',#7564);
#7566=ADVANCED_FACE('',(#7560),#7565,.T.);
#7567=ORIENTED_EDGE('',*,*,#6216,.T.);
#7568=DIRECTION('',(0.,0.53,-0.848));
#7569=VECTOR('',#7568,91.03889);
#7570=LINE('',#2939,#7569);
#7571=EDGE_CURVE('',#2940,#6207,#7570,.T.);
#7572=ORIENTED_EDGE('',*,*,#7571,.F.);
#7573=ORIENTED_EDGE('',*,*,#2944,.F.);
#7574=ORIENTED_EDGE('',*,*,#7555,.T.);
#7575=EDGE_LOOP('',(#7567,#7572,#7573,#7574));
#7576=FACE_OUTER_BOUND('',#7575,.T.);
#7577=CARTESIAN_POINT('',(95.,-46.,515.));
#7578=DIRECTION('',(-1.,0.,0.));
#7579=DIRECTION('',(0.,-0.96593,-0.25882));
#7580=AXIS2_PLACEMENT_3D('',#7577,#7578,#7579);
#7581=PLANE('',#7580);
#7582=ADVANCED_FACE('',(#7576),#7581,.T.);
#7583=ORIENTED_EDGE('',*,*,#6238,.T.);
#7584=DIRECTION('',(0.,0.59546,-0.80339));
#7585=VECTOR('',#7584,68.85463);
#7586=LINE('',#2967,#7585);
#7587=EDGE_CURVE('',#2968,#6229,#7586,.T.);
#7588=ORIENTED_EDGE('',*,*,#7587,.F.);
#7589=ORIENTED_EDGE('',*,*,#2972,.F.);
#7590=ORIENTED_EDGE('',*,*,#7571,.T.);
#7591=EDGE_LOOP('',(#7583,#7588,#7589,#7590));
#7592=FACE_OUTER_BOUND('',#7591,.T.);
#7593=CARTESIAN_POINT('',(95.,-46.74949,514.79918));
#7594=DIRECTION('',(-1.,0.,0.));
#7595=DIRECTION('',(0.,-0.96593,-0.25882));
#7596=AXIS2_PLACEMENT_3D('',#7593,#7594,#7595);
#7597=PLANE('',#7596);
#7598=ADVANCED_FACE('',(#7592),#7597,.T.);
#7599=ORIENTED_EDGE('',*,*,#6260,.T.);
#7600=DIRECTION('',(0.,0.60876,-0.79335));
#7601=VECTOR('',#7600,65.57951);
#7602=LINE('',#2995,#7601);
#7603=EDGE_CURVE('',#2996,#6251,#7602,.T.);
#7604=ORIENTED_EDGE('',*,*,#7603,.F.);
#7605=ORIENTED_EDGE('',*,*,#3000,.F.);
#7606=ORIENTED_EDGE('',*,*,#7587,.T.);
#7607=EDGE_LOOP('',(#7599,#7604,#7605,#7606));
#7608=FACE_OUTER_BOUND('',#7607,.T.);
#7609=CARTESIAN_POINT('',(95.,-54.,512.85641));
#7610=DIRECTION('',(-1.,0.,0.));
#7611=DIRECTION('',(0.,-0.70711,-0.70711));
#7612=AXIS2_PLACEMENT_3D('',#7609,#7610,#7611);
#7613=PLANE('',#7612);
#7614=ADVANCED_FACE('',(#7608),#7613,.T.);
#7615=ORIENTED_EDGE('',*,*,#6282,.T.);
#7616=DIRECTION('',(0.,0.66623,-0.74574));
#7617=VECTOR('',#7616,52.74975);
#7618=LINE('',#3023,#7617);
#7619=EDGE_CURVE('',#3024,#6273,#7618,.T.);
#7620=ORIENTED_EDGE('',*,*,#7619,.F.);
#7621=ORIENTED_EDGE('',*,*,#3028,.F.);
#7622=ORIENTED_EDGE('',*,*,#7603,.T.);
#7623=EDGE_LOOP('',(#7615,#7620,#7621,#7622));
#7624=FACE_OUTER_BOUND('',#7623,.T.);
#7625=CARTESIAN_POINT('',(95.,-55.07772,511.77868));
#7626=DIRECTION('',(-1.,0.,0.));
#7627=DIRECTION('',(0.,-0.70711,-0.70711));
#7628=AXIS2_PLACEMENT_3D('',#7625,#7626,#7627);
#7629=PLANE('',#7628);
#7630=ADVANCED_FACE('',(#7624),#7629,.T.);
#7631=ORIENTED_EDGE('',*,*,#6304,.T.);
#7632=DIRECTION('',(0.,0.70711,-0.70711));
#7633=VECTOR('',#7632,47.56562);
#7634=LINE('',#3051,#7633);
#7635=EDGE_CURVE('',#3052,#6295,#7634,.T.);
#7636=ORIENTED_EDGE('',*,*,#7635,.F.);
#7637=ORIENTED_EDGE('',*,*,#3056,.F.);
#7638=ORIENTED_EDGE('',*,*,#7619,.T.);
#7639=EDGE_LOOP('',(#7631,#7636,#7637,#7638));
#7640=FACE_OUTER_BOUND('',#7639,.T.);
#7641=CARTESIAN_POINT('',(95.,-59.85641,507.));
#7642=DIRECTION('',(-1.,0.,0.));
#7643=DIRECTION('',(0.,-0.25882,-0.96593));
#7644=AXIS2_PLACEMENT_3D('',#7641,#7642,#7643);
#7645=PLANE('',#7644);
#7646=ADVANCED_FACE('',(#7640),#7645,.T.);
#7647=ORIENTED_EDGE('',*,*,#6326,.T.);
#7648=DIRECTION('',(0.,0.72442,-0.68936));
#7649=VECTOR('',#7648,45.55395);
#7650=LINE('',#3079,#7649);
#7651=EDGE_CURVE('',#3080,#6317,#7650,.T.);
#7652=ORIENTED_EDGE('',*,*,#7651,.F.);
#7653=ORIENTED_EDGE('',*,*,#3084,.F.);
#7654=ORIENTED_EDGE('',*,*,#7635,.T.);
#7655=EDGE_LOOP('',(#7647,#7652,#7653,#7654));
#7656=FACE_OUTER_BOUND('',#7655,.T.);
#7657=CARTESIAN_POINT('',(95.,-61.36603,501.36603));
#7658=DIRECTION('',(-1.,0.,0.));
#7659=DIRECTION('',(0.,-0.25882,-0.96593));
#7660=AXIS2_PLACEMENT_3D('',#7657,#7658,#7659);
#7661=PLANE('',#7660);
#7662=ADVANCED_FACE('',(#7656),#7661,.T.);
#7663=ORIENTED_EDGE('',*,*,#6348,.T.);
#7664=DIRECTION('',(0.,0.79335,-0.60876));
#7665=VECTOR('',#7664,41.59559);
#7666=LINE('',#3107,#7665);
#7667=EDGE_CURVE('',#3108,#6339,#7666,.T.);
#7668=ORIENTED_EDGE('',*,*,#7667,.F.);
#7669=ORIENTED_EDGE('',*,*,#3112,.F.);
#7670=ORIENTED_EDGE('',*,*,#7651,.T.);
#7671=EDGE_LOOP('',(#7663,#7668,#7669,#7670));
#7672=FACE_OUTER_BOUND('',#7671,.T.);
#7673=CARTESIAN_POINT('',(95.,-62.,499.));
#7674=DIRECTION('',(-1.,0.,0.));
#7675=DIRECTION('',(0.,0.,-1.));
#7676=AXIS2_PLACEMENT_3D('',#7673,#7674,#7675);
#7677=PLANE('',#7676);
#7678=ADVANCED_FACE('',(#7672),#7677,.T.);
#7679=ORIENTED_EDGE('',*,*,#6370,.T.);
#7680=DIRECTION('',(0.,0.86603,-0.5));
#7681=VECTOR('',#7680,38.10512);
#7682=LINE('',#3135,#7681);
#7683=EDGE_CURVE('',#3136,#6361,#7682,.T.);
#7684=ORIENTED_EDGE('',*,*,#7683,.F.);
#7685=ORIENTED_EDGE('',*,*,#3140,.F.);
#7686=ORIENTED_EDGE('',*,*,#7667,.T.);
#7687=EDGE_LOOP('',(#7679,#7684,#7685,#7686));
#7688=FACE_OUTER_BOUND('',#7687,.T.);
#7689=CARTESIAN_POINT('',(95.,-62.,487.57427));
#7690=DIRECTION('',(-1.,0.,0.));
#7691=DIRECTION('',(0.,0.,-1.));
#7692=AXIS2_PLACEMENT_3D('',#7689,#7690,#7691);
#7693=PLANE('',#7692);
#7694=ADVANCED_FACE('',(#7688),#7693,.T.);
#7695=ORIENTED_EDGE('',*,*,#6392,.T.);
#7696=DIRECTION('',(0.,0.92388,-0.38268));
#7697=VECTOR('',#7696,35.71894);
#7698=LINE('',#3163,#7697);
#7699=EDGE_CURVE('',#3164,#6383,#7698,.T.);
#7700=ORIENTED_EDGE('',*,*,#7699,.F.);
#7701=ORIENTED_EDGE('',*,*,#3168,.F.);
#7702=ORIENTED_EDGE('',*,*,#7683,.T.);
#7703=EDGE_LOOP('',(#7695,#7700,#7701,#7702));
#7704=FACE_OUTER_BOUND('',#7703,.T.);
#7705=CARTESIAN_POINT('',(95.,-62.,475.79572));
#7706=DIRECTION('',(-1.,0.,0.));
#7707=DIRECTION('',(0.,0.,-1.));
#7708=AXIS2_PLACEMENT_3D('',#7705,#7706,#7707);
#7709=PLANE('',#7708);
#7710=ADVANCED_FACE('',(#7704),#7709,.T.);
#7711=ORIENTED_EDGE('',*,*,#6414,.T.);
#7712=DIRECTION('',(0.,0.96593,-0.25882));
#7713=VECTOR('',#7712,34.16411);
#7714=LINE('',#3191,#7713);
#7715=EDGE_CURVE('',#3192,#6405,#7714,.T.);
#7716=ORIENTED_EDGE('',*,*,#7715,.F.);
#7717=ORIENTED_EDGE('',*,*,#3196,.F.);
#7718=ORIENTED_EDGE('',*,*,#7699,.T.);
#7719=EDGE_LOOP('',(#7711,#7716,#7717,#7718));
#7720=FACE_OUTER_BOUND('',#7719,.T.);
#7721=CARTESIAN_POINT('',(95.,-62.,465.68124));
#7722=DIRECTION('',(-1.,0.,0.));
#7723=DIRECTION('',(0.,0.,-1.));
#7724=AXIS2_PLACEMENT_3D('',#7721,#7722,#7723);
#7725=PLANE('',#7724);
#7726=ADVANCED_FACE('',(#7720),#7725,.T.);
#7727=ORIENTED_EDGE('',*,*,#6436,.T.);
#7728=DIRECTION('',(0.,0.99144,-0.13053));
#7729=VECTOR('',#7728,33.28476);
#7730=LINE('',#3219,#7729);
#7731=EDGE_CURVE('',#3220,#6427,#7730,.T.);
#7732=ORIENTED_EDGE('',*,*,#7731,.F.);
#7733=ORIENTED_EDGE('',*,*,#3224,.F.);
#7734=ORIENTED_EDGE('',*,*,#7715,.T.);
#7735=EDGE_LOOP('',(#7727,#7732,#7733,#7734));
#7736=FACE_OUTER_BOUND('',#7735,.T.);
#7737=CARTESIAN_POINT('',(95.,-62.,456.61285));
#7738=DIRECTION('',(-1.,0.,0.));
#7739=DIRECTION('',(0.,0.,-1.));
#7740=AXIS2_PLACEMENT_3D('',#7737,#7738,#7739);
#7741=PLANE('',#7740);
#7742=ADVANCED_FACE('',(#7736),#7741,.T.);
#7743=ORIENTED_EDGE('',*,*,#6458,.T.);
#7744=DIRECTION('',(0.,1.,0.));
#7745=VECTOR('',#7744,33.);
#7746=LINE('',#3247,#7745);
#7747=EDGE_CURVE('',#3248,#6449,#7746,.T.);
#7748=ORIENTED_EDGE('',*,*,#7747,.F.);
#7749=ORIENTED_EDGE('',*,*,#3252,.F.);
#7750=ORIENTED_EDGE('',*,*,#7731,.T.);
#7751=EDGE_LOOP('',(#7743,#7748,#7749,#7750));
#7752=FACE_OUTER_BOUND('',#7751,.T.);
#7753=CARTESIAN_POINT('',(95.,-62.,448.16245));
#7754=DIRECTION('',(-1.,0.,0.));
#7755=DIRECTION('',(0.,0.,-1.));
#7756=AXIS2_PLACEMENT_3D('',#7753,#7754,#7755);
#7757=PLANE('',#7756);
#7758=ADVANCED_FACE('',(#7752),#7757,.T.);
#7759=ORIENTED_EDGE('',*,*,#6480,.T.);
#7760=DIRECTION('',(0.,0.99144,0.13053));
#7761=VECTOR('',#7760,33.28476);
#7762=LINE('',#3275,#7761);
#7763=EDGE_CURVE('',#3276,#6471,#7762,.T.);
#7764=ORIENTED_EDGE('',*,*,#7763,.F.);
#7765=ORIENTED_EDGE('',*,*,#3280,.F.);
#7766=ORIENTED_EDGE('',*,*,#7747,.T.);
#7767=EDGE_LOOP('',(#7759,#7764,#7765,#7766));
#7768=FACE_OUTER_BOUND('',#7767,.T.);
#7769=CARTESIAN_POINT('',(95.,-62.,440.));
#7770=DIRECTION('',(-1.,0.,0.));
#7771=DIRECTION('',(0.,0.,-1.));
#7772=AXIS2_PLACEMENT_3D('',#7769,#7770,#7771);
#7773=PLANE('',#7772);
#7774=ADVANCED_FACE('',(#7768),#7773,.T.);
#7775=ORIENTED_EDGE('',*,*,#6502,.T.);
#7776=DIRECTION('',(0.,0.96593,0.25882));
#7777=VECTOR('',#7776,34.16411);
#7778=LINE('',#3303,#7777);
#7779=EDGE_CURVE('',#3304,#6493,#7778,.T.);
#7780=ORIENTED_EDGE('',*,*,#7779,.F.);
#7781=ORIENTED_EDGE('',*,*,#3308,.F.);
#7782=ORIENTED_EDGE('',*,*,#7763,.T.);
#7783=EDGE_LOOP('',(#7775,#7780,#7781,#7782));
#7784=FACE_OUTER_BOUND('',#7783,.T.);
#7785=CARTESIAN_POINT('',(95.,-62.,431.83755));
#7786=DIRECTION('',(-1.,0.,0.));
#7787=DIRECTION('',(0.,0.,-1.));
#7788=AXIS2_PLACEMENT_3D('',#7785,#7786,#7787);
#7789=PLANE('',#7788);
#7790=ADVANCED_FACE('',(#7784),#7789,.T.);
#7791=ORIENTED_EDGE('',*,*,#6524,.T.);
#7792=DIRECTION('',(0.,0.92388,0.38268));
#7793=VECTOR('',#7792,35.71894);
#7794=LINE('',#3331,#7793);
#7795=EDGE_CURVE('',#3332,#6515,#7794,.T.);
#7796=ORIENTED_EDGE('',*,*,#7795,.F.);
#7797=ORIENTED_EDGE('',*,*,#3336,.F.);
#7798=ORIENTED_EDGE('',*,*,#7779,.T.);
#7799=EDGE_LOOP('',(#7791,#7796,#7797,#7798));
#7800=FACE_OUTER_BOUND('',#7799,.T.);
#7801=CARTESIAN_POINT('',(95.,-62.,423.38715));
#7802=DIRECTION('',(-1.,0.,0.));
#7803=DIRECTION('',(0.,0.,-1.));
#7804=AXIS2_PLACEMENT_3D('',#7801,#7802,#7803);
#7805=PLANE('',#7804);
#7806=ADVANCED_FACE('',(#7800),#7805,.T.);
#7807=ORIENTED_EDGE('',*,*,#6546,.T.);
#7808=DIRECTION('',(0.,0.86603,0.5));
#7809=VECTOR('',#7808,38.10512);
#7810=LINE('',#3359,#7809);
#7811=EDGE_CURVE('',#3360,#6537,#7810,.T.);
#7812=ORIENTED_EDGE('',*,*,#7811,.F.);
#7813=ORIENTED_EDGE('',*,*,#3364,.F.);
#7814=ORIENTED_EDGE('',*,*,#7795,.T.);
#7815=EDGE_LOOP('',(#7807,#7812,#7813,#7814));
#7816=FACE_OUTER_BOUND('',#7815,.T.);
#7817=CARTESIAN_POINT('',(95.,-62.,414.31876));
#7818=DIRECTION('',(-1.,0.,0.));
#7819=DIRECTION('',(0.,0.,-1.));
#7820=AXIS2_PLACEMENT_3D('',#7817,#7818,#7819);
#7821=PLANE('',#7820);
#7822=ADVANCED_FACE('',(#7816),#7821,.T.);
#7823=ORIENTED_EDGE('',*,*,#6568,.T.);
#7824=DIRECTION('',(0.,0.79335,0.60876));
#7825=VECTOR('',#7824,41.59559);
#7826=LINE('',#3387,#7825);
#7827=EDGE_CURVE('',#3388,#6559,#7826,.T.);
#7828=ORIENTED_EDGE('',*,*,#7827,.F.);
#7829=ORIENTED_EDGE('',*,*,#3392,.F.);
#7830=ORIENTED_EDGE('',*,*,#7811,.T.);
#7831=EDGE_LOOP('',(#7823,#7828,#7829,#7830));
#7832=FACE_OUTER_BOUND('',#7831,.T.);
#7833=CARTESIAN_POINT('',(95.,-62.,404.20428));
#7834=DIRECTION('',(-1.,0.,0.));
#7835=DIRECTION('',(0.,0.,-1.));
#7836=AXIS2_PLACEMENT_3D('',#7833,#7834,#7835);
#7837=PLANE('',#7836);
#7838=ADVANCED_FACE('',(#7832),#7837,.T.);
#7839=ORIENTED_EDGE('',*,*,#6590,.T.);
#7840=DIRECTION('',(0.,0.72442,0.68936));
#7841=VECTOR('',#7840,45.55395);
#7842=LINE('',#3415,#7841);
#7843=EDGE_CURVE('',#3416,#6581,#7842,.T.);
#7844=ORIENTED_EDGE('',*,*,#7843,.F.);
#7845=ORIENTED_EDGE('',*,*,#3420,.F.);
#7846=ORIENTED_EDGE('',*,*,#7827,.T.);
#7847=EDGE_LOOP('',(#7839,#7844,#7845,#7846));
#7848=FACE_OUTER_BOUND('',#7847,.T.);
#7849=CARTESIAN_POINT('',(95.,-62.,392.42573));
#7850=DIRECTION('',(-1.,0.,0.));
#7851=DIRECTION('',(0.,0.,-1.));
#7852=AXIS2_PLACEMENT_3D('',#7849,#7850,#7851);
#7853=PLANE('',#7852);
#7854=ADVANCED_FACE('',(#7848),#7853,.T.);
#7855=ORIENTED_EDGE('',*,*,#6612,.T.);
#7856=DIRECTION('',(0.,0.70711,0.70711));
#7857=VECTOR('',#7856,47.56562);
#7858=LINE('',#3443,#7857);
#7859=EDGE_CURVE('',#3444,#6603,#7858,.T.);
#7860=ORIENTED_EDGE('',*,*,#7859,.F.);
#7861=ORIENTED_EDGE('',*,*,#3448,.F.);
#7862=ORIENTED_EDGE('',*,*,#7843,.T.);
#7863=EDGE_LOOP('',(#7855,#7860,#7861,#7862));
#7864=FACE_OUTER_BOUND('',#7863,.T.);
#7865=CARTESIAN_POINT('',(95.,-62.,381.));
#7866=DIRECTION('',(-1.,0.,0.));
#7867=DIRECTION('',(0.,0.25882,-0.96593));
#7868=AXIS2_PLACEMENT_3D('',#7865,#7866,#7867);
#7869=PLANE('',#7868);
#7870=ADVANCED_FACE('',(#7864),#7869,.T.);
#7871=ORIENTED_EDGE('',*,*,#6634,.T.);
#7872=DIRECTION('',(0.,0.66623,0.74574));
#7873=VECTOR('',#7872,52.74975);
#7874=LINE('',#3471,#7873);
#7875=EDGE_CURVE('',#3472,#6625,#7874,.T.);
#7876=ORIENTED_EDGE('',*,*,#7875,.F.);
#7877=ORIENTED_EDGE('',*,*,#3476,.F.);
#7878=ORIENTED_EDGE('',*,*,#7859,.T.);
#7879=EDGE_LOOP('',(#7871,#7876,#7877,#7878));
#7880=FACE_OUTER_BOUND('',#7879,.T.);
#7881=CARTESIAN_POINT('',(95.,-61.36603,378.63397));
#7882=DIRECTION('',(-1.,0.,0.));
#7883=DIRECTION('',(0.,0.25882,-0.96593));
#7884=AXIS2_PLACEMENT_3D('',#7881,#7882,#7883);
#7885=PLANE('',#7884);
#7886=ADVANCED_FACE('',(#7880),#7885,.T.);
#7887=ORIENTED_EDGE('',*,*,#6656,.T.);
#7888=DIRECTION('',(0.,0.60876,0.79335));
#7889=VECTOR('',#7888,65.57951);
#7890=LINE('',#3499,#7889);
#7891=EDGE_CURVE('',#3500,#6647,#7890,.T.);
#7892=ORIENTED_EDGE('',*,*,#7891,.F.);
#7893=ORIENTED_EDGE('',*,*,#3504,.F.);
#7894=ORIENTED_EDGE('',*,*,#7875,.T.);
#7895=EDGE_LOOP('',(#7887,#7892,#7893,#7894));
#7896=FACE_OUTER_BOUND('',#7895,.T.);
#7897=CARTESIAN_POINT('',(95.,-59.85641,373.));
#7898=DIRECTION('',(-1.,0.,0.));
#7899=DIRECTION('',(0.,0.70711,-0.70711));
#7900=AXIS2_PLACEMENT_3D('',#7897,#7898,#7899);
#7901=PLANE('',#7900);
#7902=ADVANCED_FACE('',(#7896),#7901,.T.);
#7903=ORIENTED_EDGE('',*,*,#6678,.T.);
#7904=DIRECTION('',(0.,0.59546,0.80339));
#7905=VECTOR('',#7904,68.85463);
#7906=LINE('',#3527,#7905);
#7907=EDGE_CURVE('',#3528,#6669,#7906,.T.);
#7908=ORIENTED_EDGE('',*,*,#7907,.F.);
#7909=ORIENTED_EDGE('',*,*,#3532,.F.);
#7910=ORIENTED_EDGE('',*,*,#7891,.T.);
#7911=EDGE_LOOP('',(#7903,#7908,#7909,#7910));
#7912=FACE_OUTER_BOUND('',#7911,.T.);
#7913=CARTESIAN_POINT('',(95.,-55.07772,368.22132));
#7914=DIRECTION('',(-1.,0.,0.));
#7915=DIRECTION('',(0.,0.70711,-0.70711));
#7916=AXIS2_PLACEMENT_3D('',#7913,#7914,#7915);
#7917=PLANE('',#7916);
#7918=ADVANCED_FACE('',(#7912),#7917,.T.);
#7919=ORIENTED_EDGE('',*,*,#6700,.T.);
#7920=DIRECTION('',(0.,0.52283,0.85244));
#7921=VECTOR('',#7920,93.72097);
#7922=LINE('',#3555,#7921);
#7923=EDGE_CURVE('',#3556,#6691,#7922,.T.);
#7924=ORIENTED_EDGE('',*,*,#7923,.F.);
#7925=ORIENTED_EDGE('',*,*,#3560,.F.);
#7926=ORIENTED_EDGE('',*,*,#7907,.T.);
#7927=EDGE_LOOP('',(#7919,#7924,#7925,#7926));
#7928=FACE_OUTER_BOUND('',#7927,.T.);
#7929=CARTESIAN_POINT('',(95.,-54.,367.14359));
#7930=DIRECTION('',(-1.,0.,0.));
#7931=DIRECTION('',(0.,0.96593,-0.25882));
#7932=AXIS2_PLACEMENT_3D('',#7929,#7930,#7931);
#7933=PLANE('',#7932);
#7934=ADVANCED_FACE('',(#7928),#7933,.T.);
#7935=ORIENTED_EDGE('',*,*,#6722,.T.);
#7936=DIRECTION('',(0.,0.5,0.86603));
#7937=VECTOR('',#7936,103.39746);
#7938=LINE('',#3583,#7937);
#7939=EDGE_CURVE('',#3584,#6713,#7938,.T.);
#7940=ORIENTED_EDGE('',*,*,#7939,.F.);
#7941=ORIENTED_EDGE('',*,*,#3588,.F.);
#7942=ORIENTED_EDGE('',*,*,#7923,.T.);
#7943=EDGE_LOOP('',(#7935,#7940,#7941,#7942));
#7944=FACE_OUTER_BOUND('',#7943,.T.);
#7945=CARTESIAN_POINT('',(95.,-46.,365.));
#7946=DIRECTION('',(-1.,0.,0.));
#7947=DIRECTION('',(0.,1.,0.));
#7948=AXIS2_PLACEMENT_3D('',#7945,#7946,#7947);
#7949=PLANE('',#7948);
#7950=ADVANCED_FACE('',(#7944),#7949,.T.);
#7951=ORIENTED_EDGE('',*,*,#6744,.T.);
#7952=DIRECTION('',(0.,0.38268,0.92388));
#7953=VECTOR('',#7952,167.06755);
#7954=LINE('',#3611,#7953);
#7955=EDGE_CURVE('',#3612,#6735,#7954,.T.);
#7956=ORIENTED_EDGE('',*,*,#7955,.F.);
#7957=ORIENTED_EDGE('',*,*,#3616,.F.);
#7958=ORIENTED_EDGE('',*,*,#7939,.T.);
#7959=EDGE_LOOP('',(#7951,#7956,#7957,#7958));
#7960=FACE_OUTER_BOUND('',#7959,.T.);
#7961=CARTESIAN_POINT('',(95.,-43.30127,365.));
#7962=DIRECTION('',(-1.,0.,0.));
#7963=DIRECTION('',(0.,1.,0.));
#7964=AXIS2_PLACEMENT_3D('',#7961,#7962,#7963);
#7965=PLANE('',#7964);
#7966=ADVANCED_FACE('',(#7960),#7965,.T.);
#7967=ORIENTED_EDGE('',*,*,#6766,.T.);
#7968=DIRECTION('',(0.,0.34319,0.93926));
#7969=VECTOR('',#7968,196.96253);
#7970=LINE('',#3639,#7969);
#7971=EDGE_CURVE('',#3640,#6757,#7970,.T.);
#7972=ORIENTED_EDGE('',*,*,#7971,.F.);
#7973=ORIENTED_EDGE('',*,*,#3644,.F.);
#7974=ORIENTED_EDGE('',*,*,#7955,.T.);
#7975=EDGE_LOOP('',(#7967,#7972,#7973,#7974));
#7976=FACE_OUTER_BOUND('',#7975,.T.);
#7977=CARTESIAN_POINT('',(95.,-31.06602,365.));
#7978=DIRECTION('',(-1.,0.,0.));
#7979=DIRECTION('',(0.,1.,0.));
#7980=AXIS2_PLACEMENT_3D('',#7977,#7978,#7979);
#7981=PLANE('',#7980);
#7982=ADVANCED_FACE('',(#7976),#7981,.T.);
#7983=ORIENTED_EDGE('',*,*,#6788,.T.);
#7984=DIRECTION('',(0.,0.25882,0.96593));
#7985=VECTOR('',#7984,191.52609);
#7986=LINE('',#3667,#7985);
#7987=EDGE_CURVE('',#3668,#6779,#7986,.T.);
#7988=ORIENTED_EDGE('',*,*,#7987,.F.);
#7989=ORIENTED_EDGE('',*,*,#3672,.F.);
#7990=ORIENTED_EDGE('',*,*,#7971,.T.);
#7991=EDGE_LOOP('',(#7983,#7988,#7989,#7990));
#7992=FACE_OUTER_BOUND('',#7991,.T.);
#7993=CARTESIAN_POINT('',(95.,-27.40385,365.));
#7994=DIRECTION('',(-1.,0.,0.));
#7995=DIRECTION('',(0.,1.,0.));
#7996=AXIS2_PLACEMENT_3D('',#7993,#7994,#7995);
#7997=PLANE('',#7996);
#7998=ADVANCED_FACE('',(#7992),#7997,.T.);
#7999=ORIENTED_EDGE('',*,*,#6810,.T.);
#8000=DIRECTION('',(0.,0.13053,0.99144));
#8001=VECTOR('',#8000,186.59636);
#8002=LINE('',#3695,#8001);
#8003=EDGE_CURVE('',#3696,#6801,#8002,.T.);
#8004=ORIENTED_EDGE('',*,*,#8003,.F.);
#8005=ORIENTED_EDGE('',*,*,#3700,.F.);
#8006=ORIENTED_EDGE('',*,*,#7987,.T.);
#8007=EDGE_LOOP('',(#7999,#8004,#8005,#8006));
#8008=FACE_OUTER_BOUND('',#8007,.T.);
#8009=CARTESIAN_POINT('',(95.,-20.09619,365.));
#8010=DIRECTION('',(-1.,0.,0.));
#8011=DIRECTION('',(0.,1.,0.));
#8012=AXIS2_PLACEMENT_3D('',#8009,#8010,#8011);
#8013=PLANE('',#8012);
#8014=ADVANCED_FACE('',(#8008),#8013,.T.);
#8015=ORIENTED_EDGE('',*,*,#6832,.T.);
#8016=DIRECTION('',(0.,0.,1.));
#8017=VECTOR('',#8016,185.);
#8018=LINE('',#3723,#8017);
#8019=EDGE_CURVE('',#3724,#6823,#8018,.T.);
#8020=ORIENTED_EDGE('',*,*,#8019,.F.);
#8021=ORIENTED_EDGE('',*,*,#3728,.F.);
#8022=ORIENTED_EDGE('',*,*,#8003,.T.);
#8023=EDGE_LOOP('',(#8015,#8020,#8021,#8022));
#8024=FACE_OUTER_BOUND('',#8023,.T.);
#8025=CARTESIAN_POINT('',(95.,-9.87394,365.));
#8026=DIRECTION('',(-1.,0.,0.));
#8027=DIRECTION('',(0.,1.,0.));
#8028=AXIS2_PLACEMENT_3D('',#8025,#8026,#8027);
#8029=PLANE('',#8028);
#8030=ADVANCED_FACE('',(#8024),#8029,.T.);
#8031=ORIENTED_EDGE('',*,*,#6854,.T.);
#8032=DIRECTION('',(0.,-0.13053,0.99144));
#8033=VECTOR('',#8032,186.59636);
#8034=LINE('',#3751,#8033);
#8035=EDGE_CURVE('',#3752,#6845,#8034,.T.);
#8036=ORIENTED_EDGE('',*,*,#8035,.F.);
#8037=ORIENTED_EDGE('',*,*,#3756,.F.);
#8038=ORIENTED_EDGE('',*,*,#8019,.T.);
#8039=EDGE_LOOP('',(#8031,#8036,#8037,#8038));
#8040=FACE_OUTER_BOUND('',#8039,.T.);
#8041=CARTESIAN_POINT('',(95.,0.,365.));
#8042=DIRECTION('',(-1.,0.,0.));
#8043=DIRECTION('',(0.,1.,0.));
#8044=AXIS2_PLACEMENT_3D('',#8041,#8042,#8043);
#8045=PLANE('',#8044);
#8046=ADVANCED_FACE('',(#8040),#8045,.T.);
#8047=ORIENTED_EDGE('',*,*,#6876,.T.);
#8048=DIRECTION('',(0.,-0.25882,0.96593));
#8049=VECTOR('',#8048,191.52609);
#8050=LINE('',#3779,#8049);
#8051=EDGE_CURVE('',#3780,#6867,#8050,.T.);
#8052=ORIENTED_EDGE('',*,*,#8051,.F.);
#8053=ORIENTED_EDGE('',*,*,#3784,.F.);
#8054=ORIENTED_EDGE('',*,*,#8035,.T.);
#8055=EDGE_LOOP('',(#8047,#8052,#8053,#8054));
#8056=FACE_OUTER_BOUND('',#8055,.T.);
#8057=CARTESIAN_POINT('',(95.,9.87394,365.));
#8058=DIRECTION('',(-1.,0.,0.));
#8059=DIRECTION('',(0.,1.,0.));
#8060=AXIS2_PLACEMENT_3D('',#8057,#8058,#8059);
#8061=PLANE('',#8060);
#8062=ADVANCED_FACE('',(#8056),#8061,.T.);
#8063=ORIENTED_EDGE('',*,*,#6898,.T.);
#8064=DIRECTION('',(0.,-0.34319,0.93926));
#8065=VECTOR('',#8064,196.96253);
#8066=LINE('',#3807,#8065);
#8067=EDGE_CURVE('',#3808,#6889,#8066,.T.);
#8068=ORIENTED_EDGE('',*,*,#8067,.F.);
#8069=ORIENTED_EDGE('',*,*,#3812,.F.);
#8070=ORIENTED_EDGE('',*,*,#8051,.T.);
#8071=EDGE_LOOP('',(#8063,#8068,#8069,#8070));
#8072=FACE_OUTER_BOUND('',#8071,.T.);
#8073=CARTESIAN_POINT('',(95.,20.09619,365.));
#8074=DIRECTION('',(-1.,0.,0.));
#8075=DIRECTION('',(0.,1.,0.));
#8076=AXIS2_PLACEMENT_3D('',#8073,#8074,#8075);
#8077=PLANE('',#8076);
#8078=ADVANCED_FACE('',(#8072),#8077,.T.);
#8079=ORIENTED_EDGE('',*,*,#6920,.T.);
#8080=DIRECTION('',(0.,-0.38268,0.92388));
#8081=VECTOR('',#8080,167.06755);
#8082=LINE('',#3835,#8081);
#8083=EDGE_CURVE('',#3836,#6911,#8082,.T.);
#8084=ORIENTED_EDGE('',*,*,#8083,.F.);
#8085=ORIENTED_EDGE('',*,*,#3840,.F.);
#8086=ORIENTED_EDGE('',*,*,#8067,.T.);
#8087=EDGE_LOOP('',(#8079,#8084,#8085,#8086));
#8088=FACE_OUTER_BOUND('',#8087,.T.);
#8089=CARTESIAN_POINT('',(95.,27.40385,365.));
#8090=DIRECTION('',(-1.,0.,0.));
#8091=DIRECTION('',(0.,1.,0.));
#8092=AXIS2_PLACEMENT_3D('',#8089,#8090,#8091);
#8093=PLANE('',#8092);
#8094=ADVANCED_FACE('',(#8088),#8093,.T.);
#8095=ORIENTED_EDGE('',*,*,#6942,.T.);
#8096=DIRECTION('',(0.,-0.5,0.86603));
#8097=VECTOR('',#8096,103.39746);
#8098=LINE('',#3863,#8097);
#8099=EDGE_CURVE('',#3864,#6933,#8098,.T.);
#8100=ORIENTED_EDGE('',*,*,#8099,.F.);
#8101=ORIENTED_EDGE('',*,*,#3868,.F.);
#8102=ORIENTED_EDGE('',*,*,#8083,.T.);
#8103=EDGE_LOOP('',(#8095,#8100,#8101,#8102));
#8104=FACE_OUTER_BOUND('',#8103,.T.);
#8105=CARTESIAN_POINT('',(95.,31.06602,365.));
#8106=DIRECTION('',(-1.,0.,0.));
#8107=DIRECTION('',(0.,1.,0.));
#8108=AXIS2_PLACEMENT_3D('',#8105,#8106,#8107);
#8109=PLANE('',#8108);
#8110=ADVANCED_FACE('',(#8104),#8109,.T.);
#8111=ORIENTED_EDGE('',*,*,#6964,.T.);
#8112=DIRECTION('',(0.,-0.52283,0.85244));
#8113=VECTOR('',#8112,93.72097);
#8114=LINE('',#3891,#8113);
#8115=EDGE_CURVE('',#3892,#6955,#8114,.T.);
#8116=ORIENTED_EDGE('',*,*,#8115,.F.);
#8117=ORIENTED_EDGE('',*,*,#3896,.F.);
#8118=ORIENTED_EDGE('',*,*,#8099,.T.);
#8119=EDGE_LOOP('',(#8111,#8116,#8117,#8118));
#8120=FACE_OUTER_BOUND('',#8119,.T.);
#8121=CARTESIAN_POINT('',(95.,43.30127,365.));
#8122=DIRECTION('',(-1.,0.,0.));
#8123=DIRECTION('',(0.,1.,0.));
#8124=AXIS2_PLACEMENT_3D('',#8121,#8122,#8123);
#8125=PLANE('',#8124);
#8126=ADVANCED_FACE('',(#8120),#8125,.T.);
#8127=ORIENTED_EDGE('',*,*,#6986,.T.);
#8128=DIRECTION('',(0.,-0.59546,0.80339));
#8129=VECTOR('',#8128,68.85463);
#8130=LINE('',#3919,#8129);
#8131=EDGE_CURVE('',#3920,#6977,#8130,.T.);
#8132=ORIENTED_EDGE('',*,*,#8131,.F.);
#8133=ORIENTED_EDGE('',*,*,#3924,.F.);
#8134=ORIENTED_EDGE('',*,*,#8115,.T.);
#8135=EDGE_LOOP('',(#8127,#8132,#8133,#8134));
#8136=FACE_OUTER_BOUND('',#8135,.T.);
#8137=CARTESIAN_POINT('',(95.,46.,365.));
#8138=DIRECTION('',(-1.,0.,0.));
#8139=DIRECTION('',(0.,0.96593,0.25882));
#8140=AXIS2_PLACEMENT_3D('',#8137,#8138,#8139);
#8141=PLANE('',#8140);
#8142=ADVANCED_FACE('',(#8136),#8141,.T.);
#8143=ORIENTED_EDGE('',*,*,#7008,.T.);
#8144=DIRECTION('',(0.,-0.60876,0.79335));
#8145=VECTOR('',#8144,65.57951);
#8146=LINE('',#3947,#8145);
#8147=EDGE_CURVE('',#3948,#6999,#8146,.T.);
#8148=ORIENTED_EDGE('',*,*,#8147,.F.);
#8149=ORIENTED_EDGE('',*,*,#3952,.F.);
#8150=ORIENTED_EDGE('',*,*,#8131,.T.);
#8151=EDGE_LOOP('',(#8143,#8148,#8149,#8150));
#8152=FACE_OUTER_BOUND('',#8151,.T.);
#8153=CARTESIAN_POINT('',(95.,54.,367.14359));
#8154=DIRECTION('',(-1.,0.,0.));
#8155=DIRECTION('',(0.,0.70711,0.70711));
#8156=AXIS2_PLACEMENT_3D('',#8153,#8154,#8155);
#8157=PLANE('',#8156);
#8158=ADVANCED_FACE('',(#8152),#8157,.T.);
#8159=ORIENTED_EDGE('',*,*,#7030,.T.);
#8160=DIRECTION('',(0.,-0.66623,0.74574));
#8161=VECTOR('',#8160,52.74975);
#8162=LINE('',#3975,#8161);
#8163=EDGE_CURVE('',#3976,#7021,#8162,.T.);
#8164=ORIENTED_EDGE('',*,*,#8163,.F.);
#8165=ORIENTED_EDGE('',*,*,#3980,.F.);
#8166=ORIENTED_EDGE('',*,*,#8147,.T.);
#8167=EDGE_LOOP('',(#8159,#8164,#8165,#8166));
#8168=FACE_OUTER_BOUND('',#8167,.T.);
#8169=CARTESIAN_POINT('',(95.,55.07772,368.22132));
#8170=DIRECTION('',(-1.,0.,0.));
#8171=DIRECTION('',(0.,0.70711,0.70711));
#8172=AXIS2_PLACEMENT_3D('',#8169,#8170,#8171);
#8173=PLANE('',#8172);
#8174=ADVANCED_FACE('',(#8168),#8173,.T.);
#8175=ORIENTED_EDGE('',*,*,#7052,.T.);
#8176=DIRECTION('',(0.,-0.70711,0.70711));
#8177=VECTOR('',#8176,47.56562);
#8178=LINE('',#4003,#8177);
#8179=EDGE_CURVE('',#4004,#7043,#8178,.T.);
#8180=ORIENTED_EDGE('',*,*,#8179,.F.);
#8181=ORIENTED_EDGE('',*,*,#4008,.F.);
#8182=ORIENTED_EDGE('',*,*,#8163,.T.);
#8183=EDGE_LOOP('',(#8175,#8180,#8181,#8182));
#8184=FACE_OUTER_BOUND('',#8183,.T.);
#8185=CARTESIAN_POINT('',(95.,59.85641,373.));
#8186=DIRECTION('',(-1.,0.,0.));
#8187=DIRECTION('',(0.,0.25882,0.96593));
#8188=AXIS2_PLACEMENT_3D('',#8185,#8186,#8187);
#8189=PLANE('',#8188);
#8190=ADVANCED_FACE('',(#8184),#8189,.T.);
#8191=ORIENTED_EDGE('',*,*,#7074,.T.);
#8192=DIRECTION('',(0.,-0.72442,0.68936));
#8193=VECTOR('',#8192,45.55395);
#8194=LINE('',#4031,#8193);
#8195=EDGE_CURVE('',#4032,#7065,#8194,.T.);
#8196=ORIENTED_EDGE('',*,*,#8195,.F.);
#8197=ORIENTED_EDGE('',*,*,#4036,.F.);
#8198=ORIENTED_EDGE('',*,*,#8179,.T.);
#8199=EDGE_LOOP('',(#8191,#8196,#8197,#8198));
#8200=FACE_OUTER_BOUND('',#8199,.T.);
#8201=CARTESIAN_POINT('',(95.,61.36603,378.63397));
#8202=DIRECTION('',(-1.,0.,0.));
#8203=DIRECTION('',(0.,0.25882,0.96593));
#8204=AXIS2_PLACEMENT_3D('',#8201,#8202,#8203);
#8205=PLANE('',#8204);
#8206=ADVANCED_FACE('',(#8200),#8205,.T.);
#8207=ORIENTED_EDGE('',*,*,#7096,.T.);
#8208=DIRECTION('',(0.,-0.79335,0.60876));
#8209=VECTOR('',#8208,41.59559);
#8210=LINE('',#4059,#8209);
#8211=EDGE_CURVE('',#4060,#7087,#8210,.T.);
#8212=ORIENTED_EDGE('',*,*,#8211,.F.);
#8213=ORIENTED_EDGE('',*,*,#4064,.F.);
#8214=ORIENTED_EDGE('',*,*,#8195,.T.);
#8215=EDGE_LOOP('',(#8207,#8212,#8213,#8214));
#8216=FACE_OUTER_BOUND('',#8215,.T.);
#8217=CARTESIAN_POINT('',(95.,62.,381.));
#8218=DIRECTION('',(-1.,0.,0.));
#8219=DIRECTION('',(0.,0.,1.));
#8220=AXIS2_PLACEMENT_3D('',#8217,#8218,#8219);
#8221=PLANE('',#8220);
#8222=ADVANCED_FACE('',(#8216),#8221,.T.);
#8223=ORIENTED_EDGE('',*,*,#7118,.T.);
#8224=DIRECTION('',(0.,-0.86603,0.5));
#8225=VECTOR('',#8224,38.10512);
#8226=LINE('',#4087,#8225);
#8227=EDGE_CURVE('',#4088,#7109,#8226,.T.);
#8228=ORIENTED_EDGE('',*,*,#8227,.F.);
#8229=ORIENTED_EDGE('',*,*,#4092,.F.);
#8230=ORIENTED_EDGE('',*,*,#8211,.T.);
#8231=EDGE_LOOP('',(#8223,#8228,#8229,#8230));
#8232=FACE_OUTER_BOUND('',#8231,.T.);
#8233=CARTESIAN_POINT('',(95.,62.,392.42573));
#8234=DIRECTION('',(-1.,0.,0.));
#8235=DIRECTION('',(0.,0.,1.));
#8236=AXIS2_PLACEMENT_3D('',#8233,#8234,#8235);
#8237=PLANE('',#8236);
#8238=ADVANCED_FACE('',(#8232),#8237,.T.);
#8239=ORIENTED_EDGE('',*,*,#7140,.T.);
#8240=DIRECTION('',(0.,-0.92388,0.38268));
#8241=VECTOR('',#8240,35.71894);
#8242=LINE('',#4115,#8241);
#8243=EDGE_CURVE('',#4116,#7131,#8242,.T.);
#8244=ORIENTED_EDGE('',*,*,#8243,.F.);
#8245=ORIENTED_EDGE('',*,*,#4120,.F.);
#8246=ORIENTED_EDGE('',*,*,#8227,.T.);
#8247=EDGE_LOOP('',(#8239,#8244,#8245,#8246));
#8248=FACE_OUTER_BOUND('',#8247,.T.);
#8249=CARTESIAN_POINT('',(95.,62.,404.20428));
#8250=DIRECTION('',(-1.,0.,0.));
#8251=DIRECTION('',(0.,0.,1.));
#8252=AXIS2_PLACEMENT_3D('',#8249,#8250,#8251);
#8253=PLANE('',#8252);
#8254=ADVANCED_FACE('',(#8248),#8253,.T.);
#8255=ORIENTED_EDGE('',*,*,#7162,.T.);
#8256=DIRECTION('',(0.,-0.96593,0.25882));
#8257=VECTOR('',#8256,34.16411);
#8258=LINE('',#4143,#8257);
#8259=EDGE_CURVE('',#4144,#7153,#8258,.T.);
#8260=ORIENTED_EDGE('',*,*,#8259,.F.);
#8261=ORIENTED_EDGE('',*,*,#4148,.F.);
#8262=ORIENTED_EDGE('',*,*,#8243,.T.);
#8263=EDGE_LOOP('',(#8255,#8260,#8261,#8262));
#8264=FACE_OUTER_BOUND('',#8263,.T.);
#8265=CARTESIAN_POINT('',(95.,62.,414.31876));
#8266=DIRECTION('',(-1.,0.,0.));
#8267=DIRECTION('',(0.,0.,1.));
#8268=AXIS2_PLACEMENT_3D('',#8265,#8266,#8267);
#8269=PLANE('',#8268);
#8270=ADVANCED_FACE('',(#8264),#8269,.T.);
#8271=ORIENTED_EDGE('',*,*,#7184,.T.);
#8272=DIRECTION('',(0.,-0.99144,0.13053));
#8273=VECTOR('',#8272,33.28476);
#8274=LINE('',#4171,#8273);
#8275=EDGE_CURVE('',#4172,#7175,#8274,.T.);
#8276=ORIENTED_EDGE('',*,*,#8275,.F.);
#8277=ORIENTED_EDGE('',*,*,#4176,.F.);
#8278=ORIENTED_EDGE('',*,*,#8259,.T.);
#8279=EDGE_LOOP('',(#8271,#8276,#8277,#8278));
#8280=FACE_OUTER_BOUND('',#8279,.T.);
#8281=CARTESIAN_POINT('',(95.,62.,423.38715));
#8282=DIRECTION('',(-1.,0.,0.));
#8283=DIRECTION('',(0.,0.,1.));
#8284=AXIS2_PLACEMENT_3D('',#8281,#8282,#8283);
#8285=PLANE('',#8284);
#8286=ADVANCED_FACE('',(#8280),#8285,.T.);
#8287=ORIENTED_EDGE('',*,*,#7200,.F.);
#8288=ORIENTED_EDGE('',*,*,#7221,.F.);
#8289=ORIENTED_EDGE('',*,*,#4202,.T.);
#8290=ORIENTED_EDGE('',*,*,#8275,.T.);
#8291=EDGE_LOOP('',(#8287,#8288,#8289,#8290));
#8292=FACE_OUTER_BOUND('',#8291,.T.);
#8293=CARTESIAN_POINT('',(95.,62.,431.83755));
#8294=DIRECTION('',(-1.,0.,0.));
#8295=DIRECTION('',(0.,0.,1.));
#8296=AXIS2_PLACEMENT_3D('',#8293,#8294,#8295);
#8297=PLANE('',#8296);
#8298=ADVANCED_FACE('',(#8292),#8297,.T.);
#8299=CLOSED_SHELL('',(#2350,#2378,#2406,#2434,#2462,#2490,#2518,#2546,#2574,#2602,#2630,#2658,#2686,#2714,#2742,#2770,#2798,#2826,#2854,#2882,#2910,#2938,#2966,#2994,#3022,#3050,#3078,#3106,#3134,#3162,#3190,#3218,#3246,#3274,#3302,#3330,#3358,#3386,#3414,#3442,#3470,#3498,#3526,#3554,#3582,#3610,#3638,#3666,#3694,#3722,#3750,#3778,#3806,#3834,#3862,#3890,#3918,#3946,#3974,#4002,#4030,#4058,#4086,#4114,#4142,#4170,#4198,#4218,#4246,#4268,#4290,#4312,#4334,#4356,#4378,#4400,#4422,#4444,#4466,#4488,#4510,#4532,#4554,#4576,#4598,#4620,#4642,#4664,#4686,#4708,#4730,#4752,#4774,#4796,#4818,#4840,#4862,#4884,#4906,#4928,#4950,#4972,#4994,#5016,#5038,#5060,#5082,#5104,#5126,#5148,#5170,#5192,#5214,#5236,#5258,#5280,#5302,#5324,#5346,#5368,#5390,#5412,#5434,#5456,#5478,#5500,#5522,#5544,#5566,#5588,#5610,#5632,#5654,#5676,#5698,#5714,#5742,#5764,#5786,#5808,#5830,#5852,#5874,#5896,#5918,#5940,#5962,#5984,#6006,#6028,#6050,#6072,#6094,#6116,#6138,#6160,#6182,#6204,#6226,#6248,#6270,#6292,#6314,#6336,#6358,#6380,#6402,#6424,#6446,#6468,#6490,#6512,#6534,#6556,#6578,#6600,#6622,#6644,#6666,#6688,#6710,#6732,#6754,#6776,#6798,#6820,#6842,#6864,#6886,#6908,#6930,#6952,#6974,#6996,#7018,#7040,#7062,#7084,#7106,#7128,#7150,#7172,#7194,#7210,#7230,#7246,#7262,#7278,#7294,#7310,#7326,#7342,#7358,#7374,#7390,#7406,#7422,#7438,#7454,#7470,#7486,#7502,#7518,#7534,#7550,#7566,#7582,#7598,#7614,#7630,#7646,#7662,#7678,#7694,#7710,#7726,#7742,#7758,#7774,#7790,#7806,#7822,#7838,#7854,#7870,#7886,#7902,#7918,#7934,#7950,#7966,#7982,#7998,#8014,#8030,#8046,#8062,#8078,#8094,#8110,#8126,#8142,#8158,#8174,#8190,#8206,#8222,#8238,#8254,#8270,#8286,#8298));
#8300=MANIFOLD_SOLID_BREP('',#8299);
#8301=STYLED_ITEM('color',(#612),#8300);
#8302=CARTESIAN_POINT('',(100.,100.,360.));
#8303=VERTEX_POINT('',#8302);
#8304=CARTESIAN_POINT('',(100.,100.,373.16525));
#8305=VERTEX_POINT('',#8304);
#8306=DIRECTION('',(0.,0.,1.));
#8307=VECTOR('',#8306,13.16525);
#8308=LINE('',#8302,#8307);
#8309=EDGE_CURVE('',#8303,#8305,#8308,.T.);
#8310=ORIENTED_EDGE('',*,*,#8309,.T.);
#8311=CARTESIAN_POINT('',(100.,95.,373.16525));
#8312=VERTEX_POINT('',#8311);
#8313=DIRECTION('',(0.,1.,0.));
#8314=VECTOR('',#8313,5.);
#8315=LINE('',#8311,#8314);
#8316=EDGE_CURVE('',#8312,#8305,#8315,.T.);
#8317=ORIENTED_EDGE('',*,*,#8316,.F.);
#8318=CARTESIAN_POINT('',(100.,95.,360.));
#8319=VERTEX_POINT('',#8318);
#8320=DIRECTION('',(0.,0.,1.));
#8321=VECTOR('',#8320,13.16525);
#8322=LINE('',#8318,#8321);
#8323=EDGE_CURVE('',#8319,#8312,#8322,.T.);
#8324=ORIENTED_EDGE('',*,*,#8323,.F.);
#8325=DIRECTION('',(0.,1.,0.));
#8326=VECTOR('',#8325,5.);
#8327=LINE('',#8318,#8326);
#8328=EDGE_CURVE('',#8319,#8303,#8327,.T.);
#8329=ORIENTED_EDGE('',*,*,#8328,.T.);
#8330=EDGE_LOOP('',(#8310,#8317,#8324,#8329));
#8331=FACE_OUTER_BOUND('',#8330,.T.);
#8332=CARTESIAN_POINT('',(100.,100.,360.));
#8333=DIRECTION('',(1.,0.,0.));
#8334=DIRECTION('',(0.,0.,1.));
#8335=AXIS2_PLACEMENT_3D('',#8332,#8333,#8334);
#8336=PLANE('',#8335);
#8337=ADVANCED_FACE('',(#8331),#8336,.T.);
#8338=CARTESIAN_POINT('',(100.,100.,386.79492));
#8339=VERTEX_POINT('',#8338);
#8340=DIRECTION('',(0.,0.,1.));
#8341=VECTOR('',#8340,13.62967);
#8342=LINE('',#8304,#8341);
#8343=EDGE_CURVE('',#8305,#8339,#8342,.T.);
#8344=ORIENTED_EDGE('',*,*,#8343,.T.);
#8345=CARTESIAN_POINT('',(100.,95.,386.79492));
#8346=VERTEX_POINT('',#8345);
#8347=DIRECTION('',(0.,1.,0.));
#8348=VECTOR('',#8347,5.);
#8349=LINE('',#8345,#8348);
#8350=EDGE_CURVE('',#8346,#8339,#8349,.T.);
#8351=ORIENTED_EDGE('',*,*,#8350,.F.);
#8352=DIRECTION('',(0.,0.,1.));
#8353=VECTOR('',#8352,13.62967);
#8354=LINE('',#8311,#8353);
#8355=EDGE_CURVE('',#8312,#8346,#8354,.T.);
#8356=ORIENTED_EDGE('',*,*,#8355,.F.);
#8357=ORIENTED_EDGE('',*,*,#8316,.T.);
#8358=EDGE_LOOP('',(#8344,#8351,#8356,#8357));
#8359=FACE_OUTER_BOUND('',#8358,.T.);
#8360=CARTESIAN_POINT('',(100.,100.,373.16525));
#8361=DIRECTION('',(1.,0.,0.));
#8362=DIRECTION('',(0.,0.,1.));
#8363=AXIS2_PLACEMENT_3D('',#8360,#8361,#8362);
#8364=PLANE('',#8363);
#8365=ADVANCED_FACE('',(#8359),#8364,.T.);
#8366=CARTESIAN_POINT('',(100.,100.,401.42136));
#8367=VERTEX_POINT('',#8366);
#8368=DIRECTION('',(0.,0.,1.));
#8369=VECTOR('',#8368,14.62644);
#8370=LINE('',#8338,#8369);
#8371=EDGE_CURVE('',#8339,#8367,#8370,.T.);
#8372=ORIENTED_EDGE('',*,*,#8371,.T.);
#8373=CARTESIAN_POINT('',(100.,95.,401.42136));
#8374=VERTEX_POINT('',#8373);
#8375=DIRECTION('',(0.,1.,0.));
#8376=VECTOR('',#8375,5.);
#8377=LINE('',#8373,#8376);
#8378=EDGE_CURVE('',#8374,#8367,#8377,.T.);
#8379=ORIENTED_EDGE('',*,*,#8378,.F.);
#8380=DIRECTION('',(0.,0.,1.));
#8381=VECTOR('',#8380,14.62644);
#8382=LINE('',#8345,#8381);
#8383=EDGE_CURVE('',#8346,#8374,#8382,.T.);
#8384=ORIENTED_EDGE('',*,*,#8383,.F.);
#8385=ORIENTED_EDGE('',*,*,#8350,.T.);
#8386=EDGE_LOOP('',(#8372,#8379,#8384,#8385));
#8387=FACE_OUTER_BOUND('',#8386,.T.);
#8388=CARTESIAN_POINT('',(100.,100.,386.79492));
#8389=DIRECTION('',(1.,0.,0.));
#8390=DIRECTION('',(0.,0.,1.));
#8391=AXIS2_PLACEMENT_3D('',#8388,#8389,#8390);
#8392=PLANE('',#8391);
#8393=ADVANCED_FACE('',(#8387),#8392,.T.);
#8394=CARTESIAN_POINT('',(100.,100.,417.73503));
#8395=VERTEX_POINT('',#8394);
#8396=DIRECTION('',(0.,0.,1.));
#8397=VECTOR('',#8396,16.31367);
#8398=LINE('',#8366,#8397);
#8399=EDGE_CURVE('',#8367,#8395,#8398,.T.);
#8400=ORIENTED_EDGE('',*,*,#8399,.T.);
#8401=CARTESIAN_POINT('',(100.,95.,417.73503));
#8402=VERTEX_POINT('',#8401);
#8403=DIRECTION('',(0.,1.,0.));
#8404=VECTOR('',#8403,5.);
#8405=LINE('',#8401,#8404);
#8406=EDGE_CURVE('',#8402,#8395,#8405,.T.);
#8407=ORIENTED_EDGE('',*,*,#8406,.F.);
#8408=DIRECTION('',(0.,0.,1.));
#8409=VECTOR('',#8408,16.31367);
#8410=LINE('',#8373,#8409);
#8411=EDGE_CURVE('',#8374,#8402,#8410,.T.);
#8412=ORIENTED_EDGE('',*,*,#8411,.F.);
#8413=ORIENTED_EDGE('',*,*,#8378,.T.);
#8414=EDGE_LOOP('',(#8400,#8407,#8412,#8413));
#8415=FACE_OUTER_BOUND('',#8414,.T.);
#8416=CARTESIAN_POINT('',(100.,100.,401.42136));
#8417=DIRECTION('',(1.,0.,0.));
#8418=DIRECTION('',(0.,0.,1.));
#8419=AXIS2_PLACEMENT_3D('',#8416,#8417,#8418);
#8420=PLANE('',#8419);
#8421=ADVANCED_FACE('',(#8415),#8420,.T.);
#8422=CARTESIAN_POINT('',(100.,100.,436.7327));
#8423=VERTEX_POINT('',#8422);
#8424=DIRECTION('',(0.,0.,1.));
#8425=VECTOR('',#8424,18.99767);
#8426=LINE('',#8394,#8425);
#8427=EDGE_CURVE('',#8395,#8423,#8426,.T.);
#8428=ORIENTED_EDGE('',*,*,#8427,.T.);
#8429=CARTESIAN_POINT('',(100.,95.,436.7327));
#8430=VERTEX_POINT('',#8429);
#8431=DIRECTION('',(0.,1.,0.));
#8432=VECTOR('',#8431,5.);
#8433=LINE('',#8429,#8432);
#8434=EDGE_CURVE('',#8430,#8423,#8433,.T.);
#8435=ORIENTED_EDGE('',*,*,#8434,.F.);
#8436=DIRECTION('',(0.,0.,1.));
#8437=VECTOR('',#8436,18.99767);
#8438=LINE('',#8401,#8437);
#8439=EDGE_CURVE('',#8402,#8430,#8438,.T.);
#8440=ORIENTED_EDGE('',*,*,#8439,.F.);
#8441=ORIENTED_EDGE('',*,*,#8406,.T.);
#8442=EDGE_LOOP('',(#8428,#8435,#8440,#8441));
#8443=FACE_OUTER_BOUND('',#8442,.T.);
#8444=CARTESIAN_POINT('',(100.,100.,417.73503));
#8445=DIRECTION('',(1.,0.,0.));
#8446=DIRECTION('',(0.,0.,1.));
#8447=AXIS2_PLACEMENT_3D('',#8444,#8445,#8446);
#8448=PLANE('',#8447);
#8449=ADVANCED_FACE('',(#8443),#8448,.T.);
#8450=CARTESIAN_POINT('',(100.,100.,460.));
#8451=VERTEX_POINT('',#8450);
#8452=DIRECTION('',(0.,0.,1.));
#8453=VECTOR('',#8452,23.2673);
#8454=LINE('',#8422,#8453);
#8455=EDGE_CURVE('',#8423,#8451,#8454,.T.);
#8456=ORIENTED_EDGE('',*,*,#8455,.T.);
#8457=CARTESIAN_POINT('',(100.,95.,460.));
#8458=VERTEX_POINT('',#8457);
#8459=DIRECTION('',(0.,1.,0.));
#8460=VECTOR('',#8459,5.);
#8461=LINE('',#8457,#8460);
#8462=EDGE_CURVE('',#8458,#8451,#8461,.T.);
#8463=ORIENTED_EDGE('',*,*,#8462,.F.);
#8464=DIRECTION('',(0.,0.,1.));
#8465=VECTOR('',#8464,23.2673);
#8466=LINE('',#8429,#8465);
#8467=EDGE_CURVE('',#8430,#8458,#8466,.T.);
#8468=ORIENTED_EDGE('',*,*,#8467,.F.);
#8469=ORIENTED_EDGE('',*,*,#8434,.T.);
#8470=EDGE_LOOP('',(#8456,#8463,#8468,#8469));
#8471=FACE_OUTER_BOUND('',#8470,.T.);
#8472=CARTESIAN_POINT('',(100.,100.,436.7327));
#8473=DIRECTION('',(1.,0.,0.));
#8474=DIRECTION('',(0.,0.,1.));
#8475=AXIS2_PLACEMENT_3D('',#8472,#8473,#8474);
#8476=PLANE('',#8475);
#8477=ADVANCED_FACE('',(#8471),#8476,.T.);
#8478=CARTESIAN_POINT('',(100.,100.,490.32254));
#8479=VERTEX_POINT('',#8478);
#8480=DIRECTION('',(0.,0.,1.));
#8481=VECTOR('',#8480,30.32254);
#8482=LINE('',#8450,#8481);
#8483=EDGE_CURVE('',#8451,#8479,#8482,.T.);
#8484=ORIENTED_EDGE('',*,*,#8483,.T.);
#8485=CARTESIAN_POINT('',(100.,95.,490.32254));
#8486=VERTEX_POINT('',#8485);
#8487=DIRECTION('',(0.,1.,0.));
#8488=VECTOR('',#8487,5.);
#8489=LINE('',#8485,#8488);
#8490=EDGE_CURVE('',#8486,#8479,#8489,.T.);
#8491=ORIENTED_EDGE('',*,*,#8490,.F.);
#8492=DIRECTION('',(0.,0.,1.));
#8493=VECTOR('',#8492,30.32254);
#8494=LINE('',#8457,#8493);
#8495=EDGE_CURVE('',#8458,#8486,#8494,.T.);
#8496=ORIENTED_EDGE('',*,*,#8495,.F.);
#8497=ORIENTED_EDGE('',*,*,#8462,.T.);
#8498=EDGE_LOOP('',(#8484,#8491,#8496,#8497));
#8499=FACE_OUTER_BOUND('',#8498,.T.);
#8500=CARTESIAN_POINT('',(100.,100.,460.));
#8501=DIRECTION('',(1.,0.,0.));
#8502=DIRECTION('',(0.,0.,1.));
#8503=AXIS2_PLACEMENT_3D('',#8500,#8501,#8502);
#8504=PLANE('',#8503);
#8505=ADVANCED_FACE('',(#8499),#8504,.T.);
#8506=CARTESIAN_POINT('',(100.,100.,525.71429));
#8507=VERTEX_POINT('',#8506);
#8508=DIRECTION('',(0.,0.,1.));
#8509=VECTOR('',#8508,35.39175);
#8510=LINE('',#8478,#8509);
#8511=EDGE_CURVE('',#8479,#8507,#8510,.T.);
#8512=ORIENTED_EDGE('',*,*,#8511,.T.);
#8513=CARTESIAN_POINT('',(100.,95.,525.71429));
#8514=VERTEX_POINT('',#8513);
#8515=DIRECTION('',(0.,1.,0.));
#8516=VECTOR('',#8515,5.);
#8517=LINE('',#8513,#8516);
#8518=EDGE_CURVE('',#8514,#8507,#8517,.T.);
#8519=ORIENTED_EDGE('',*,*,#8518,.F.);
#8520=DIRECTION('',(0.,0.,1.));
#8521=VECTOR('',#8520,35.39175);
#8522=LINE('',#8485,#8521);
#8523=EDGE_CURVE('',#8486,#8514,#8522,.T.);
#8524=ORIENTED_EDGE('',*,*,#8523,.F.);
#8525=ORIENTED_EDGE('',*,*,#8490,.T.);
#8526=EDGE_LOOP('',(#8512,#8519,#8524,#8525));
#8527=FACE_OUTER_BOUND('',#8526,.T.);
#8528=CARTESIAN_POINT('',(100.,100.,490.32254));
#8529=DIRECTION('',(1.,0.,0.));
#8530=DIRECTION('',(0.,0.,1.));
#8531=AXIS2_PLACEMENT_3D('',#8528,#8529,#8530);
#8532=PLANE('',#8531);
#8533=ADVANCED_FACE('',(#8527),#8532,.T.);
#8534=CARTESIAN_POINT('',(100.,100.,533.20508));
#8535=VERTEX_POINT('',#8534);
#8536=DIRECTION('',(0.,0.,1.));
#8537=VECTOR('',#8536,7.4908);
#8538=LINE('',#8506,#8537);
#8539=EDGE_CURVE('',#8507,#8535,#8538,.T.);
#8540=ORIENTED_EDGE('',*,*,#8539,.T.);
#8541=CARTESIAN_POINT('',(100.,95.,533.20508));
#8542=VERTEX_POINT('',#8541);
#8543=DIRECTION('',(0.,1.,0.));
#8544=VECTOR('',#8543,5.);
#8545=LINE('',#8541,#8544);
#8546=EDGE_CURVE('',#8542,#8535,#8545,.T.);
#8547=ORIENTED_EDGE('',*,*,#8546,.F.);
#8548=DIRECTION('',(0.,0.,1.));
#8549=VECTOR('',#8548,7.4908);
#8550=LINE('',#8513,#8549);
#8551=EDGE_CURVE('',#8514,#8542,#8550,.T.);
#8552=ORIENTED_EDGE('',*,*,#8551,.F.);
#8553=ORIENTED_EDGE('',*,*,#8518,.T.);
#8554=EDGE_LOOP('',(#8540,#8547,#8552,#8553));
#8555=FACE_OUTER_BOUND('',#8554,.T.);
#8556=CARTESIAN_POINT('',(100.,100.,525.71429));
#8557=DIRECTION('',(1.,0.,0.));
#8558=DIRECTION('',(0.,0.,1.));
#8559=AXIS2_PLACEMENT_3D('',#8556,#8557,#8558);
#8560=PLANE('',#8559);
#8561=ADVANCED_FACE('',(#8555),#8560,.T.);
#8562=CARTESIAN_POINT('',(100.,100.,542.73883));
#8563=VERTEX_POINT('',#8562);
#8564=DIRECTION('',(0.,0.,1.));
#8565=VECTOR('',#8564,9.53374);
#8566=LINE('',#8534,#8565);
#8567=EDGE_CURVE('',#8535,#8563,#8566,.T.);
#8568=ORIENTED_EDGE('',*,*,#8567,.T.);
#8569=CARTESIAN_POINT('',(100.,95.,542.73883));
#8570=VERTEX_POINT('',#8569);
#8571=DIRECTION('',(0.,1.,0.));
#8572=VECTOR('',#8571,5.);
#8573=LINE('',#8569,#8572);
#8574=EDGE_CURVE('',#8570,#8563,#8573,.T.);
#8575=ORIENTED_EDGE('',*,*,#8574,.F.);
#8576=DIRECTION('',(0.,0.,1.));
#8577=VECTOR('',#8576,9.53374);
#8578=LINE('',#8541,#8577);
#8579=EDGE_CURVE('',#8542,#8570,#8578,.T.);
#8580=ORIENTED_EDGE('',*,*,#8579,.F.);
#8581=ORIENTED_EDGE('',*,*,#8546,.T.);
#8582=EDGE_LOOP('',(#8568,#8575,#8580,#8581));
#8583=FACE_OUTER_BOUND('',#8582,.T.);
#8584=CARTESIAN_POINT('',(100.,100.,533.20508));
#8585=DIRECTION('',(1.,0.,0.));
#8586=DIRECTION('',(0.,0.,1.));
#8587=AXIS2_PLACEMENT_3D('',#8584,#8585,#8586);
#8588=PLANE('',#8587);
#8589=ADVANCED_FACE('',(#8583),#8588,.T.);
#8590=CARTESIAN_POINT('',(100.,100.,569.44582));
#8591=VERTEX_POINT('',#8590);
#8592=DIRECTION('',(0.,0.,1.));
#8593=VECTOR('',#8592,26.70699);
#8594=LINE('',#8562,#8593);
#8595=EDGE_CURVE('',#8563,#8591,#8594,.T.);
#8596=ORIENTED_EDGE('',*,*,#8595,.T.);
#8597=CARTESIAN_POINT('',(100.,95.,569.44582));
#8598=VERTEX_POINT('',#8597);
#8599=DIRECTION('',(0.,1.,0.));
#8600=VECTOR('',#8599,5.);
#8601=LINE('',#8597,#8600);
#8602=EDGE_CURVE('',#8598,#8591,#8601,.T.);
#8603=ORIENTED_EDGE('',*,*,#8602,.F.);
#8604=DIRECTION('',(0.,0.,1.));
#8605=VECTOR('',#8604,26.70699);
#8606=LINE('',#8569,#8605);
#8607=EDGE_CURVE('',#8570,#8598,#8606,.T.);
#8608=ORIENTED_EDGE('',*,*,#8607,.F.);
#8609=ORIENTED_EDGE('',*,*,#8574,.T.);
#8610=EDGE_LOOP('',(#8596,#8603,#8608,#8609));
#8611=FACE_OUTER_BOUND('',#8610,.T.);
#8612=CARTESIAN_POINT('',(100.,100.,542.73883));
#8613=DIRECTION('',(1.,0.,0.));
#8614=DIRECTION('',(0.,0.,1.));
#8615=AXIS2_PLACEMENT_3D('',#8612,#8613,#8614);
#8616=PLANE('',#8615);
#8617=ADVANCED_FACE('',(#8611),#8616,.T.);
#8618=CARTESIAN_POINT('',(100.,100.,592.));
#8619=VERTEX_POINT('',#8618);
#8620=DIRECTION('',(0.,0.,1.));
#8621=VECTOR('',#8620,22.55418);
#8622=LINE('',#8590,#8621);
#8623=EDGE_CURVE('',#8591,#8619,#8622,.T.);
#8624=ORIENTED_EDGE('',*,*,#8623,.T.);
#8625=CARTESIAN_POINT('',(100.,95.,592.));
#8626=VERTEX_POINT('',#8625);
#8627=DIRECTION('',(0.,1.,0.));
#8628=VECTOR('',#8627,5.);
#8629=LINE('',#8625,#8628);
#8630=EDGE_CURVE('',#8626,#8619,#8629,.T.);
#8631=ORIENTED_EDGE('',*,*,#8630,.F.);
#8632=DIRECTION('',(0.,0.,1.));
#8633=VECTOR('',#8632,22.55418);
#8634=LINE('',#8597,#8633);
#8635=EDGE_CURVE('',#8598,#8626,#8634,.T.);
#8636=ORIENTED_EDGE('',*,*,#8635,.F.);
#8637=ORIENTED_EDGE('',*,*,#8602,.T.);
#8638=EDGE_LOOP('',(#8624,#8631,#8636,#8637));
#8639=FACE_OUTER_BOUND('',#8638,.T.);
#8640=CARTESIAN_POINT('',(100.,100.,569.44582));
#8641=DIRECTION('',(1.,0.,0.));
#8642=DIRECTION('',(0.,0.,1.));
#8643=AXIS2_PLACEMENT_3D('',#8640,#8641,#8642);
#8644=PLANE('',#8643);
#8645=ADVANCED_FACE('',(#8639),#8644,.T.);
#8646=CARTESIAN_POINT('',(96.09755,100.,592.));
#8647=VERTEX_POINT('',#8646);
#8648=DIRECTION('',(-1.,0.,0.));
#8649=VECTOR('',#8648,3.90245);
#8650=LINE('',#8618,#8649);
#8651=EDGE_CURVE('',#8619,#8647,#8650,.T.);
#8652=ORIENTED_EDGE('',*,*,#8651,.T.);
#8653=CARTESIAN_POINT('',(96.09755,95.,592.));
#8654=VERTEX_POINT('',#8653);
#8655=DIRECTION('',(0.,1.,0.));
#8656=VECTOR('',#8655,5.);
#8657=LINE('',#8653,#8656);
#8658=EDGE_CURVE('',#8654,#8647,#8657,.T.);
#8659=ORIENTED_EDGE('',*,*,#8658,.F.);
#8660=DIRECTION('',(-1.,0.,0.));
#8661=VECTOR('',#8660,3.90245);
#8662=LINE('',#8625,#8661);
#8663=EDGE_CURVE('',#8626,#8654,#8662,.T.);
#8664=ORIENTED_EDGE('',*,*,#8663,.F.);
#8665=ORIENTED_EDGE('',*,*,#8630,.T.);
#8666=EDGE_LOOP('',(#8652,#8659,#8664,#8665));
#8667=FACE_OUTER_BOUND('',#8666,.T.);
#8668=CARTESIAN_POINT('',(100.,100.,592.));
#8669=DIRECTION('',(0.,0.,1.));
#8670=DIRECTION('',(-1.,0.,0.));
#8671=AXIS2_PLACEMENT_3D('',#8668,#8669,#8670);
#8672=PLANE('',#8671);
#8673=ADVANCED_FACE('',(#8667),#8672,.T.);
#8674=CARTESIAN_POINT('',(94.90909,100.,592.));
#8675=VERTEX_POINT('',#8674);
#8676=DIRECTION('',(-1.,0.,0.));
#8677=VECTOR('',#8676,1.18846);
#8678=LINE('',#8646,#8677);
#8679=EDGE_CURVE('',#8647,#8675,#8678,.T.);
#8680=ORIENTED_EDGE('',*,*,#8679,.T.);
#8681=CARTESIAN_POINT('',(94.90909,95.,592.));
#8682=VERTEX_POINT('',#8681);
#8683=DIRECTION('',(0.,1.,0.));
#8684=VECTOR('',#8683,5.);
#8685=LINE('',#8681,#8684);
#8686=EDGE_CURVE('',#8682,#8675,#8685,.T.);
#8687=ORIENTED_EDGE('',*,*,#8686,.F.);
#8688=DIRECTION('',(-1.,0.,0.));
#8689=VECTOR('',#8688,1.18846);
#8690=LINE('',#8653,#8689);
#8691=EDGE_CURVE('',#8654,#8682,#8690,.T.);
#8692=ORIENTED_EDGE('',*,*,#8691,.F.);
#8693=ORIENTED_EDGE('',*,*,#8658,.T.);
#8694=EDGE_LOOP('',(#8680,#8687,#8692,#8693));
#8695=FACE_OUTER_BOUND('',#8694,.T.);
#8696=CARTESIAN_POINT('',(96.09755,100.,592.));
#8697=DIRECTION('',(0.,0.,1.));
#8698=DIRECTION('',(-1.,0.,0.));
#8699=AXIS2_PLACEMENT_3D('',#8696,#8697,#8698);
#8700=PLANE('',#8699);
#8701=ADVANCED_FACE('',(#8695),#8700,.T.);
#8702=CARTESIAN_POINT('',(62.16421,100.,592.));
#8703=VERTEX_POINT('',#8702);
#8704=DIRECTION('',(-1.,0.,0.));
#8705=VECTOR('',#8704,32.74488);
#8706=LINE('',#8674,#8705);
#8707=EDGE_CURVE('',#8675,#8703,#8706,.T.);
#8708=ORIENTED_EDGE('',*,*,#8707,.T.);
#8709=CARTESIAN_POINT('',(62.16421,95.,592.));
#8710=VERTEX_POINT('',#8709);
#8711=DIRECTION('',(0.,1.,0.));
#8712=VECTOR('',#8711,5.);
#8713=LINE('',#8709,#8712);
#8714=EDGE_CURVE('',#8710,#8703,#8713,.T.);
#8715=ORIENTED_EDGE('',*,*,#8714,.F.);
#8716=DIRECTION('',(-1.,0.,0.));
#8717=VECTOR('',#8716,32.74488);
#8718=LINE('',#8681,#8717);
#8719=EDGE_CURVE('',#8682,#8710,#8718,.T.);
#8720=ORIENTED_EDGE('',*,*,#8719,.F.);
#8721=ORIENTED_EDGE('',*,*,#8686,.T.);
#8722=EDGE_LOOP('',(#8708,#8715,#8720,#8721));
#8723=FACE_OUTER_BOUND('',#8722,.T.);
#8724=CARTESIAN_POINT('',(94.90909,100.,592.));
#8725=DIRECTION('',(0.,0.,1.));
#8726=DIRECTION('',(-1.,0.,0.));
#8727=AXIS2_PLACEMENT_3D('',#8724,#8725,#8726);
#8728=PLANE('',#8727);
#8729=ADVANCED_FACE('',(#8723),#8728,.T.);
#8730=CARTESIAN_POINT('',(30.54338,100.,592.));
#8731=VERTEX_POINT('',#8730);
#8732=DIRECTION('',(-1.,0.,0.));
#8733=VECTOR('',#8732,31.62083);
#8734=LINE('',#8702,#8733);
#8735=EDGE_CURVE('',#8703,#8731,#8734,.T.);
#8736=ORIENTED_EDGE('',*,*,#8735,.T.);
#8737=CARTESIAN_POINT('',(30.54338,95.,592.));
#8738=VERTEX_POINT('',#8737);
#8739=DIRECTION('',(0.,1.,0.));
#8740=VECTOR('',#8739,5.);
#8741=LINE('',#8737,#8740);
#8742=EDGE_CURVE('',#8738,#8731,#8741,.T.);
#8743=ORIENTED_EDGE('',*,*,#8742,.F.);
#8744=DIRECTION('',(-1.,0.,0.));
#8745=VECTOR('',#8744,31.62083);
#8746=LINE('',#8709,#8745);
#8747=EDGE_CURVE('',#8710,#8738,#8746,.T.);
#8748=ORIENTED_EDGE('',*,*,#8747,.F.);
#8749=ORIENTED_EDGE('',*,*,#8714,.T.);
#8750=EDGE_LOOP('',(#8736,#8743,#8748,#8749));
#8751=FACE_OUTER_BOUND('',#8750,.T.);
#8752=CARTESIAN_POINT('',(62.16421,100.,592.));
#8753=DIRECTION('',(0.,0.,1.));
#8754=DIRECTION('',(-1.,0.,0.));
#8755=AXIS2_PLACEMENT_3D('',#8752,#8753,#8754);
#8756=PLANE('',#8755);
#8757=ADVANCED_FACE('',(#8751),#8756,.T.);
#8758=CARTESIAN_POINT('',(0.,100.,592.));
#8759=VERTEX_POINT('',#8758);
#8760=DIRECTION('',(-1.,0.,0.));
#8761=VECTOR('',#8760,30.54338);
#8762=LINE('',#8730,#8761);
#8763=EDGE_CURVE('',#8731,#8759,#8762,.T.);
#8764=ORIENTED_EDGE('',*,*,#8763,.T.);
#8765=CARTESIAN_POINT('',(0.,95.,592.));
#8766=VERTEX_POINT('',#8765);
#8767=DIRECTION('',(0.,1.,0.));
#8768=VECTOR('',#8767,5.);
#8769=LINE('',#8765,#8768);
#8770=EDGE_CURVE('',#8766,#8759,#8769,.T.);
#8771=ORIENTED_EDGE('',*,*,#8770,.F.);
#8772=DIRECTION('',(-1.,0.,0.));
#8773=VECTOR('',#8772,30.54338);
#8774=LINE('',#8737,#8773);
#8775=EDGE_CURVE('',#8738,#8766,#8774,.T.);
#8776=ORIENTED_EDGE('',*,*,#8775,.F.);
#8777=ORIENTED_EDGE('',*,*,#8742,.T.);
#8778=EDGE_LOOP('',(#8764,#8771,#8776,#8777));
#8779=FACE_OUTER_BOUND('',#8778,.T.);
#8780=CARTESIAN_POINT('',(30.54338,100.,592.));
#8781=DIRECTION('',(0.,0.,1.));
#8782=DIRECTION('',(-1.,0.,0.));
#8783=AXIS2_PLACEMENT_3D('',#8780,#8781,#8782);
#8784=PLANE('',#8783);
#8785=ADVANCED_FACE('',(#8779),#8784,.T.);
#8786=CARTESIAN_POINT('',(-30.54338,100.,592.));
#8787=VERTEX_POINT('',#8786);
#8788=DIRECTION('',(-1.,0.,0.));
#8789=VECTOR('',#8788,30.54338);
#8790=LINE('',#8758,#8789);
#8791=EDGE_CURVE('',#8759,#8787,#8790,.T.);
#8792=ORIENTED_EDGE('',*,*,#8791,.T.);
#8793=CARTESIAN_POINT('',(-30.54338,95.,592.));
#8794=VERTEX_POINT('',#8793);
#8795=DIRECTION('',(0.,1.,0.));
#8796=VECTOR('',#8795,5.);
#8797=LINE('',#8793,#8796);
#8798=EDGE_CURVE('',#8794,#8787,#8797,.T.);
#8799=ORIENTED_EDGE('',*,*,#8798,.F.);
#8800=DIRECTION('',(-1.,0.,0.));
#8801=VECTOR('',#8800,30.54338);
#8802=LINE('',#8765,#8801);
#8803=EDGE_CURVE('',#8766,#8794,#8802,.T.);
#8804=ORIENTED_EDGE('',*,*,#8803,.F.);
#8805=ORIENTED_EDGE('',*,*,#8770,.T.);
#8806=EDGE_LOOP('',(#8792,#8799,#8804,#8805));
#8807=FACE_OUTER_BOUND('',#8806,.T.);
#8808=CARTESIAN_POINT('',(0.,100.,592.));
#8809=DIRECTION('',(0.,0.,1.));
#8810=DIRECTION('',(-1.,0.,0.));
#8811=AXIS2_PLACEMENT_3D('',#8808,#8809,#8810);
#8812=PLANE('',#8811);
#8813=ADVANCED_FACE('',(#8807),#8812,.T.);
#8814=CARTESIAN_POINT('',(-62.16421,100.,592.));
#8815=VERTEX_POINT('',#8814);
#8816=DIRECTION('',(-1.,0.,0.));
#8817=VECTOR('',#8816,31.62083);
#8818=LINE('',#8786,#8817);
#8819=EDGE_CURVE('',#8787,#8815,#8818,.T.);
#8820=ORIENTED_EDGE('',*,*,#8819,.T.);
#8821=CARTESIAN_POINT('',(-62.16421,95.,592.));
#8822=VERTEX_POINT('',#8821);
#8823=DIRECTION('',(0.,1.,0.));
#8824=VECTOR('',#8823,5.);
#8825=LINE('',#8821,#8824);
#8826=EDGE_CURVE('',#8822,#8815,#8825,.T.);
#8827=ORIENTED_EDGE('',*,*,#8826,.F.);
#8828=DIRECTION('',(-1.,0.,0.));
#8829=VECTOR('',#8828,31.62083);
#8830=LINE('',#8793,#8829);
#8831=EDGE_CURVE('',#8794,#8822,#8830,.T.);
#8832=ORIENTED_EDGE('',*,*,#8831,.F.);
#8833=ORIENTED_EDGE('',*,*,#8798,.T.);
#8834=EDGE_LOOP('',(#8820,#8827,#8832,#8833));
#8835=FACE_OUTER_BOUND('',#8834,.T.);
#8836=CARTESIAN_POINT('',(-30.54338,100.,592.));
#8837=DIRECTION('',(0.,0.,1.));
#8838=DIRECTION('',(-1.,0.,0.));
#8839=AXIS2_PLACEMENT_3D('',#8836,#8837,#8838);
#8840=PLANE('',#8839);
#8841=ADVANCED_FACE('',(#8835),#8840,.T.);
#8842=CARTESIAN_POINT('',(-94.90909,100.,592.));
#8843=VERTEX_POINT('',#8842);
#8844=DIRECTION('',(-1.,0.,0.));
#8845=VECTOR('',#8844,32.74488);
#8846=LINE('',#8814,#8845);
#8847=EDGE_CURVE('',#8815,#8843,#8846,.T.);
#8848=ORIENTED_EDGE('',*,*,#8847,.T.);
#8849=CARTESIAN_POINT('',(-94.90909,95.,592.));
#8850=VERTEX_POINT('',#8849);
#8851=DIRECTION('',(0.,1.,0.));
#8852=VECTOR('',#8851,5.);
#8853=LINE('',#8849,#8852);
#8854=EDGE_CURVE('',#8850,#8843,#8853,.T.);
#8855=ORIENTED_EDGE('',*,*,#8854,.F.);
#8856=DIRECTION('',(-1.,0.,0.));
#8857=VECTOR('',#8856,32.74488);
#8858=LINE('',#8821,#8857);
#8859=EDGE_CURVE('',#8822,#8850,#8858,.T.);
#8860=ORIENTED_EDGE('',*,*,#8859,.F.);
#8861=ORIENTED_EDGE('',*,*,#8826,.T.);
#8862=EDGE_LOOP('',(#8848,#8855,#8860,#8861));
#8863=FACE_OUTER_BOUND('',#8862,.T.);
#8864=CARTESIAN_POINT('',(-62.16421,100.,592.));
#8865=DIRECTION('',(0.,0.,1.));
#8866=DIRECTION('',(-1.,0.,0.));
#8867=AXIS2_PLACEMENT_3D('',#8864,#8865,#8866);
#8868=PLANE('',#8867);
#8869=ADVANCED_FACE('',(#8863),#8868,.T.);
#8870=CARTESIAN_POINT('',(-96.09755,100.,592.));
#8871=VERTEX_POINT('',#8870);
#8872=DIRECTION('',(-1.,0.,0.));
#8873=VECTOR('',#8872,1.18846);
#8874=LINE('',#8842,#8873);
#8875=EDGE_CURVE('',#8843,#8871,#8874,.T.);
#8876=ORIENTED_EDGE('',*,*,#8875,.T.);
#8877=CARTESIAN_POINT('',(-96.09755,95.,592.));
#8878=VERTEX_POINT('',#8877);
#8879=DIRECTION('',(0.,1.,0.));
#8880=VECTOR('',#8879,5.);
#8881=LINE('',#8877,#8880);
#8882=EDGE_CURVE('',#8878,#8871,#8881,.T.);
#8883=ORIENTED_EDGE('',*,*,#8882,.F.);
#8884=DIRECTION('',(-1.,0.,0.));
#8885=VECTOR('',#8884,1.18846);
#8886=LINE('',#8849,#8885);
#8887=EDGE_CURVE('',#8850,#8878,#8886,.T.);
#8888=ORIENTED_EDGE('',*,*,#8887,.F.);
#8889=ORIENTED_EDGE('',*,*,#8854,.T.);
#8890=EDGE_LOOP('',(#8876,#8883,#8888,#8889));
#8891=FACE_OUTER_BOUND('',#8890,.T.);
#8892=CARTESIAN_POINT('',(-94.90909,100.,592.));
#8893=DIRECTION('',(0.,0.,1.));
#8894=DIRECTION('',(-1.,0.,0.));
#8895=AXIS2_PLACEMENT_3D('',#8892,#8893,#8894);
#8896=PLANE('',#8895);
#8897=ADVANCED_FACE('',(#8891),#8896,.T.);
#8898=CARTESIAN_POINT('',(-100.,100.,592.));
#8899=VERTEX_POINT('',#8898);
#8900=DIRECTION('',(-1.,0.,0.));
#8901=VECTOR('',#8900,3.90245);
#8902=LINE('',#8870,#8901);
#8903=EDGE_CURVE('',#8871,#8899,#8902,.T.);
#8904=ORIENTED_EDGE('',*,*,#8903,.T.);
#8905=CARTESIAN_POINT('',(-100.,95.,592.));
#8906=VERTEX_POINT('',#8905);
#8907=DIRECTION('',(0.,1.,0.));
#8908=VECTOR('',#8907,5.);
#8909=LINE('',#8905,#8908);
#8910=EDGE_CURVE('',#8906,#8899,#8909,.T.);
#8911=ORIENTED_EDGE('',*,*,#8910,.F.);
#8912=DIRECTION('',(-1.,0.,0.));
#8913=VECTOR('',#8912,3.90245);
#8914=LINE('',#8877,#8913);
#8915=EDGE_CURVE('',#8878,#8906,#8914,.T.);
#8916=ORIENTED_EDGE('',*,*,#8915,.F.);
#8917=ORIENTED_EDGE('',*,*,#8882,.T.);
#8918=EDGE_LOOP('',(#8904,#8911,#8916,#8917));
#8919=FACE_OUTER_BOUND('',#8918,.T.);
#8920=CARTESIAN_POINT('',(-96.09755,100.,592.));
#8921=DIRECTION('',(0.,0.,1.));
#8922=DIRECTION('',(-1.,0.,0.));
#8923=AXIS2_PLACEMENT_3D('',#8920,#8921,#8922);
#8924=PLANE('',#8923);
#8925=ADVANCED_FACE('',(#8919),#8924,.T.);
#8926=CARTESIAN_POINT('',(-100.,100.,569.44582));
#8927=VERTEX_POINT('',#8926);
#8928=DIRECTION('',(0.,0.,-1.));
#8929=VECTOR('',#8928,22.55418);
#8930=LINE('',#8898,#8929);
#8931=EDGE_CURVE('',#8899,#8927,#8930,.T.);
#8932=ORIENTED_EDGE('',*,*,#8931,.T.);
#8933=CARTESIAN_POINT('',(-100.,95.,569.44582));
#8934=VERTEX_POINT('',#8933);
#8935=DIRECTION('',(0.,1.,0.));
#8936=VECTOR('',#8935,5.);
#8937=LINE('',#8933,#8936);
#8938=EDGE_CURVE('',#8934,#8927,#8937,.T.);
#8939=ORIENTED_EDGE('',*,*,#8938,.F.);
#8940=DIRECTION('',(0.,0.,-1.));
#8941=VECTOR('',#8940,22.55418);
#8942=LINE('',#8905,#8941);
#8943=EDGE_CURVE('',#8906,#8934,#8942,.T.);
#8944=ORIENTED_EDGE('',*,*,#8943,.F.);
#8945=ORIENTED_EDGE('',*,*,#8910,.T.);
#8946=EDGE_LOOP('',(#8932,#8939,#8944,#8945));
#8947=FACE_OUTER_BOUND('',#8946,.T.);
#8948=CARTESIAN_POINT('',(-100.,100.,592.));
#8949=DIRECTION('',(-1.,0.,0.));
#8950=DIRECTION('',(0.,0.,-1.));
#8951=AXIS2_PLACEMENT_3D('',#8948,#8949,#8950);
#8952=PLANE('',#8951);
#8953=ADVANCED_FACE('',(#8947),#8952,.T.);
#8954=CARTESIAN_POINT('',(-100.,100.,542.73883));
#8955=VERTEX_POINT('',#8954);
#8956=DIRECTION('',(0.,0.,-1.));
#8957=VECTOR('',#8956,26.70699);
#8958=LINE('',#8926,#8957);
#8959=EDGE_CURVE('',#8927,#8955,#8958,.T.);
#8960=ORIENTED_EDGE('',*,*,#8959,.T.);
#8961=CARTESIAN_POINT('',(-100.,95.,542.73883));
#8962=VERTEX_POINT('',#8961);
#8963=DIRECTION('',(0.,1.,0.));
#8964=VECTOR('',#8963,5.);
#8965=LINE('',#8961,#8964);
#8966=EDGE_CURVE('',#8962,#8955,#8965,.T.);
#8967=ORIENTED_EDGE('',*,*,#8966,.F.);
#8968=DIRECTION('',(0.,0.,-1.));
#8969=VECTOR('',#8968,26.70699);
#8970=LINE('',#8933,#8969);
#8971=EDGE_CURVE('',#8934,#8962,#8970,.T.);
#8972=ORIENTED_EDGE('',*,*,#8971,.F.);
#8973=ORIENTED_EDGE('',*,*,#8938,.T.);
#8974=EDGE_LOOP('',(#8960,#8967,#8972,#8973));
#8975=FACE_OUTER_BOUND('',#8974,.T.);
#8976=CARTESIAN_POINT('',(-100.,100.,569.44582));
#8977=DIRECTION('',(-1.,0.,0.));
#8978=DIRECTION('',(0.,0.,-1.));
#8979=AXIS2_PLACEMENT_3D('',#8976,#8977,#8978);
#8980=PLANE('',#8979);
#8981=ADVANCED_FACE('',(#8975),#8980,.T.);
#8982=CARTESIAN_POINT('',(-100.,100.,533.20508));
#8983=VERTEX_POINT('',#8982);
#8984=DIRECTION('',(0.,0.,-1.));
#8985=VECTOR('',#8984,9.53374);
#8986=LINE('',#8954,#8985);
#8987=EDGE_CURVE('',#8955,#8983,#8986,.T.);
#8988=ORIENTED_EDGE('',*,*,#8987,.T.);
#8989=CARTESIAN_POINT('',(-100.,95.,533.20508));
#8990=VERTEX_POINT('',#8989);
#8991=DIRECTION('',(0.,1.,0.));
#8992=VECTOR('',#8991,5.);
#8993=LINE('',#8989,#8992);
#8994=EDGE_CURVE('',#8990,#8983,#8993,.T.);
#8995=ORIENTED_EDGE('',*,*,#8994,.F.);
#8996=DIRECTION('',(0.,0.,-1.));
#8997=VECTOR('',#8996,9.53374);
#8998=LINE('',#8961,#8997);
#8999=EDGE_CURVE('',#8962,#8990,#8998,.T.);
#9000=ORIENTED_EDGE('',*,*,#8999,.F.);
#9001=ORIENTED_EDGE('',*,*,#8966,.T.);
#9002=EDGE_LOOP('',(#8988,#8995,#9000,#9001));
#9003=FACE_OUTER_BOUND('',#9002,.T.);
#9004=CARTESIAN_POINT('',(-100.,100.,542.73883));
#9005=DIRECTION('',(-1.,0.,0.));
#9006=DIRECTION('',(0.,0.,-1.));
#9007=AXIS2_PLACEMENT_3D('',#9004,#9005,#9006);
#9008=PLANE('',#9007);
#9009=ADVANCED_FACE('',(#9003),#9008,.T.);
#9010=CARTESIAN_POINT('',(-100.,100.,525.71429));
#9011=VERTEX_POINT('',#9010);
#9012=DIRECTION('',(0.,0.,-1.));
#9013=VECTOR('',#9012,7.4908);
#9014=LINE('',#8982,#9013);
#9015=EDGE_CURVE('',#8983,#9011,#9014,.T.);
#9016=ORIENTED_EDGE('',*,*,#9015,.T.);
#9017=CARTESIAN_POINT('',(-100.,95.,525.71429));
#9018=VERTEX_POINT('',#9017);
#9019=DIRECTION('',(0.,1.,0.));
#9020=VECTOR('',#9019,5.);
#9021=LINE('',#9017,#9020);
#9022=EDGE_CURVE('',#9018,#9011,#9021,.T.);
#9023=ORIENTED_EDGE('',*,*,#9022,.F.);
#9024=DIRECTION('',(0.,0.,-1.));
#9025=VECTOR('',#9024,7.4908);
#9026=LINE('',#8989,#9025);
#9027=EDGE_CURVE('',#8990,#9018,#9026,.T.);
#9028=ORIENTED_EDGE('',*,*,#9027,.F.);
#9029=ORIENTED_EDGE('',*,*,#8994,.T.);
#9030=EDGE_LOOP('',(#9016,#9023,#9028,#9029));
#9031=FACE_OUTER_BOUND('',#9030,.T.);
#9032=CARTESIAN_POINT('',(-100.,100.,533.20508));
#9033=DIRECTION('',(-1.,0.,0.));
#9034=DIRECTION('',(0.,0.,-1.));
#9035=AXIS2_PLACEMENT_3D('',#9032,#9033,#9034);
#9036=PLANE('',#9035);
#9037=ADVANCED_FACE('',(#9031),#9036,.T.);
#9038=CARTESIAN_POINT('',(-100.,100.,490.32254));
#9039=VERTEX_POINT('',#9038);
#9040=DIRECTION('',(0.,0.,-1.));
#9041=VECTOR('',#9040,35.39175);
#9042=LINE('',#9010,#9041);
#9043=EDGE_CURVE('',#9011,#9039,#9042,.T.);
#9044=ORIENTED_EDGE('',*,*,#9043,.T.);
#9045=CARTESIAN_POINT('',(-100.,95.,490.32254));
#9046=VERTEX_POINT('',#9045);
#9047=DIRECTION('',(0.,1.,0.));
#9048=VECTOR('',#9047,5.);
#9049=LINE('',#9045,#9048);
#9050=EDGE_CURVE('',#9046,#9039,#9049,.T.);
#9051=ORIENTED_EDGE('',*,*,#9050,.F.);
#9052=DIRECTION('',(0.,0.,-1.));
#9053=VECTOR('',#9052,35.39175);
#9054=LINE('',#9017,#9053);
#9055=EDGE_CURVE('',#9018,#9046,#9054,.T.);
#9056=ORIENTED_EDGE('',*,*,#9055,.F.);
#9057=ORIENTED_EDGE('',*,*,#9022,.T.);
#9058=EDGE_LOOP('',(#9044,#9051,#9056,#9057));
#9059=FACE_OUTER_BOUND('',#9058,.T.);
#9060=CARTESIAN_POINT('',(-100.,100.,525.71429));
#9061=DIRECTION('',(-1.,0.,0.));
#9062=DIRECTION('',(0.,0.,-1.));
#9063=AXIS2_PLACEMENT_3D('',#9060,#9061,#9062);
#9064=PLANE('',#9063);
#9065=ADVANCED_FACE('',(#9059),#9064,.T.);
#9066=CARTESIAN_POINT('',(-100.,100.,460.));
#9067=VERTEX_POINT('',#9066);
#9068=DIRECTION('',(0.,0.,-1.));
#9069=VECTOR('',#9068,30.32254);
#9070=LINE('',#9038,#9069);
#9071=EDGE_CURVE('',#9039,#9067,#9070,.T.);
#9072=ORIENTED_EDGE('',*,*,#9071,.T.);
#9073=CARTESIAN_POINT('',(-100.,95.,460.));
#9074=VERTEX_POINT('',#9073);
#9075=DIRECTION('',(0.,1.,0.));
#9076=VECTOR('',#9075,5.);
#9077=LINE('',#9073,#9076);
#9078=EDGE_CURVE('',#9074,#9067,#9077,.T.);
#9079=ORIENTED_EDGE('',*,*,#9078,.F.);
#9080=DIRECTION('',(0.,0.,-1.));
#9081=VECTOR('',#9080,30.32254);
#9082=LINE('',#9045,#9081);
#9083=EDGE_CURVE('',#9046,#9074,#9082,.T.);
#9084=ORIENTED_EDGE('',*,*,#9083,.F.);
#9085=ORIENTED_EDGE('',*,*,#9050,.T.);
#9086=EDGE_LOOP('',(#9072,#9079,#9084,#9085));
#9087=FACE_OUTER_BOUND('',#9086,.T.);
#9088=CARTESIAN_POINT('',(-100.,100.,490.32254));
#9089=DIRECTION('',(-1.,0.,0.));
#9090=DIRECTION('',(0.,0.,-1.));
#9091=AXIS2_PLACEMENT_3D('',#9088,#9089,#9090);
#9092=PLANE('',#9091);
#9093=ADVANCED_FACE('',(#9087),#9092,.T.);
#9094=CARTESIAN_POINT('',(-100.,100.,436.7327));
#9095=VERTEX_POINT('',#9094);
#9096=DIRECTION('',(0.,0.,-1.));
#9097=VECTOR('',#9096,23.2673);
#9098=LINE('',#9066,#9097);
#9099=EDGE_CURVE('',#9067,#9095,#9098,.T.);
#9100=ORIENTED_EDGE('',*,*,#9099,.T.);
#9101=CARTESIAN_POINT('',(-100.,95.,436.7327));
#9102=VERTEX_POINT('',#9101);
#9103=DIRECTION('',(0.,1.,0.));
#9104=VECTOR('',#9103,5.);
#9105=LINE('',#9101,#9104);
#9106=EDGE_CURVE('',#9102,#9095,#9105,.T.);
#9107=ORIENTED_EDGE('',*,*,#9106,.F.);
#9108=DIRECTION('',(0.,0.,-1.));
#9109=VECTOR('',#9108,23.2673);
#9110=LINE('',#9073,#9109);
#9111=EDGE_CURVE('',#9074,#9102,#9110,.T.);
#9112=ORIENTED_EDGE('',*,*,#9111,.F.);
#9113=ORIENTED_EDGE('',*,*,#9078,.T.);
#9114=EDGE_LOOP('',(#9100,#9107,#9112,#9113));
#9115=FACE_OUTER_BOUND('',#9114,.T.);
#9116=CARTESIAN_POINT('',(-100.,100.,460.));
#9117=DIRECTION('',(-1.,0.,0.));
#9118=DIRECTION('',(0.,0.,-1.));
#9119=AXIS2_PLACEMENT_3D('',#9116,#9117,#9118);
#9120=PLANE('',#9119);
#9121=ADVANCED_FACE('',(#9115),#9120,.T.);
#9122=CARTESIAN_POINT('',(-100.,100.,417.73503));
#9123=VERTEX_POINT('',#9122);
#9124=DIRECTION('',(0.,0.,-1.));
#9125=VECTOR('',#9124,18.99767);
#9126=LINE('',#9094,#9125);
#9127=EDGE_CURVE('',#9095,#9123,#9126,.T.);
#9128=ORIENTED_EDGE('',*,*,#9127,.T.);
#9129=CARTESIAN_POINT('',(-100.,95.,417.73503));
#9130=VERTEX_POINT('',#9129);
#9131=DIRECTION('',(0.,1.,0.));
#9132=VECTOR('',#9131,5.);
#9133=LINE('',#9129,#9132);
#9134=EDGE_CURVE('',#9130,#9123,#9133,.T.);
#9135=ORIENTED_EDGE('',*,*,#9134,.F.);
#9136=DIRECTION('',(0.,0.,-1.));
#9137=VECTOR('',#9136,18.99767);
#9138=LINE('',#9101,#9137);
#9139=EDGE_CURVE('',#9102,#9130,#9138,.T.);
#9140=ORIENTED_EDGE('',*,*,#9139,.F.);
#9141=ORIENTED_EDGE('',*,*,#9106,.T.);
#9142=EDGE_LOOP('',(#9128,#9135,#9140,#9141));
#9143=FACE_OUTER_BOUND('',#9142,.T.);
#9144=CARTESIAN_POINT('',(-100.,100.,436.7327));
#9145=DIRECTION('',(-1.,0.,0.));
#9146=DIRECTION('',(0.,0.,-1.));
#9147=AXIS2_PLACEMENT_3D('',#9144,#9145,#9146);
#9148=PLANE('',#9147);
#9149=ADVANCED_FACE('',(#9143),#9148,.T.);
#9150=CARTESIAN_POINT('',(-100.,100.,401.42136));
#9151=VERTEX_POINT('',#9150);
#9152=DIRECTION('',(0.,0.,-1.));
#9153=VECTOR('',#9152,16.31367);
#9154=LINE('',#9122,#9153);
#9155=EDGE_CURVE('',#9123,#9151,#9154,.T.);
#9156=ORIENTED_EDGE('',*,*,#9155,.T.);
#9157=CARTESIAN_POINT('',(-100.,95.,401.42136));
#9158=VERTEX_POINT('',#9157);
#9159=DIRECTION('',(0.,1.,0.));
#9160=VECTOR('',#9159,5.);
#9161=LINE('',#9157,#9160);
#9162=EDGE_CURVE('',#9158,#9151,#9161,.T.);
#9163=ORIENTED_EDGE('',*,*,#9162,.F.);
#9164=DIRECTION('',(0.,0.,-1.));
#9165=VECTOR('',#9164,16.31367);
#9166=LINE('',#9129,#9165);
#9167=EDGE_CURVE('',#9130,#9158,#9166,.T.);
#9168=ORIENTED_EDGE('',*,*,#9167,.F.);
#9169=ORIENTED_EDGE('',*,*,#9134,.T.);
#9170=EDGE_LOOP('',(#9156,#9163,#9168,#9169));
#9171=FACE_OUTER_BOUND('',#9170,.T.);
#9172=CARTESIAN_POINT('',(-100.,100.,417.73503));
#9173=DIRECTION('',(-1.,0.,0.));
#9174=DIRECTION('',(0.,0.,-1.));
#9175=AXIS2_PLACEMENT_3D('',#9172,#9173,#9174);
#9176=PLANE('',#9175);
#9177=ADVANCED_FACE('',(#9171),#9176,.T.);
#9178=CARTESIAN_POINT('',(-100.,100.,386.79492));
#9179=VERTEX_POINT('',#9178);
#9180=DIRECTION('',(0.,0.,-1.));
#9181=VECTOR('',#9180,14.62644);
#9182=LINE('',#9150,#9181);
#9183=EDGE_CURVE('',#9151,#9179,#9182,.T.);
#9184=ORIENTED_EDGE('',*,*,#9183,.T.);
#9185=CARTESIAN_POINT('',(-100.,95.,386.79492));
#9186=VERTEX_POINT('',#9185);
#9187=DIRECTION('',(0.,1.,0.));
#9188=VECTOR('',#9187,5.);
#9189=LINE('',#9185,#9188);
#9190=EDGE_CURVE('',#9186,#9179,#9189,.T.);
#9191=ORIENTED_EDGE('',*,*,#9190,.F.);
#9192=DIRECTION('',(0.,0.,-1.));
#9193=VECTOR('',#9192,14.62644);
#9194=LINE('',#9157,#9193);
#9195=EDGE_CURVE('',#9158,#9186,#9194,.T.);
#9196=ORIENTED_EDGE('',*,*,#9195,.F.);
#9197=ORIENTED_EDGE('',*,*,#9162,.T.);
#9198=EDGE_LOOP('',(#9184,#9191,#9196,#9197));
#9199=FACE_OUTER_BOUND('',#9198,.T.);
#9200=CARTESIAN_POINT('',(-100.,100.,401.42136));
#9201=DIRECTION('',(-1.,0.,0.));
#9202=DIRECTION('',(0.,0.,-1.));
#9203=AXIS2_PLACEMENT_3D('',#9200,#9201,#9202);
#9204=PLANE('',#9203);
#9205=ADVANCED_FACE('',(#9199),#9204,.T.);
#9206=CARTESIAN_POINT('',(-100.,100.,373.16525));
#9207=VERTEX_POINT('',#9206);
#9208=DIRECTION('',(0.,0.,-1.));
#9209=VECTOR('',#9208,13.62967);
#9210=LINE('',#9178,#9209);
#9211=EDGE_CURVE('',#9179,#9207,#9210,.T.);
#9212=ORIENTED_EDGE('',*,*,#9211,.T.);
#9213=CARTESIAN_POINT('',(-100.,95.,373.16525));
#9214=VERTEX_POINT('',#9213);
#9215=DIRECTION('',(0.,1.,0.));
#9216=VECTOR('',#9215,5.);
#9217=LINE('',#9213,#9216);
#9218=EDGE_CURVE('',#9214,#9207,#9217,.T.);
#9219=ORIENTED_EDGE('',*,*,#9218,.F.);
#9220=DIRECTION('',(0.,0.,-1.));
#9221=VECTOR('',#9220,13.62967);
#9222=LINE('',#9185,#9221);
#9223=EDGE_CURVE('',#9186,#9214,#9222,.T.);
#9224=ORIENTED_EDGE('',*,*,#9223,.F.);
#9225=ORIENTED_EDGE('',*,*,#9190,.T.);
#9226=EDGE_LOOP('',(#9212,#9219,#9224,#9225));
#9227=FACE_OUTER_BOUND('',#9226,.T.);
#9228=CARTESIAN_POINT('',(-100.,100.,386.79492));
#9229=DIRECTION('',(-1.,0.,0.));
#9230=DIRECTION('',(0.,0.,-1.));
#9231=AXIS2_PLACEMENT_3D('',#9228,#9229,#9230);
#9232=PLANE('',#9231);
#9233=ADVANCED_FACE('',(#9227),#9232,.T.);
#9234=CARTESIAN_POINT('',(-100.,100.,360.));
#9235=VERTEX_POINT('',#9234);
#9236=DIRECTION('',(0.,0.,-1.));
#9237=VECTOR('',#9236,13.16525);
#9238=LINE('',#9206,#9237);
#9239=EDGE_CURVE('',#9207,#9235,#9238,.T.);
#9240=ORIENTED_EDGE('',*,*,#9239,.T.);
#9241=CARTESIAN_POINT('',(-100.,95.,360.));
#9242=VERTEX_POINT('',#9241);
#9243=DIRECTION('',(0.,1.,0.));
#9244=VECTOR('',#9243,5.);
#9245=LINE('',#9241,#9244);
#9246=EDGE_CURVE('',#9242,#9235,#9245,.T.);
#9247=ORIENTED_EDGE('',*,*,#9246,.F.);
#9248=DIRECTION('',(0.,0.,-1.));
#9249=VECTOR('',#9248,13.16525);
#9250=LINE('',#9213,#9249);
#9251=EDGE_CURVE('',#9214,#9242,#9250,.T.);
#9252=ORIENTED_EDGE('',*,*,#9251,.F.);
#9253=ORIENTED_EDGE('',*,*,#9218,.T.);
#9254=EDGE_LOOP('',(#9240,#9247,#9252,#9253));
#9255=FACE_OUTER_BOUND('',#9254,.T.);
#9256=CARTESIAN_POINT('',(-100.,100.,373.16525));
#9257=DIRECTION('',(-1.,0.,0.));
#9258=DIRECTION('',(0.,0.,-1.));
#9259=AXIS2_PLACEMENT_3D('',#9256,#9257,#9258);
#9260=PLANE('',#9259);
#9261=ADVANCED_FACE('',(#9255),#9260,.T.);
#9262=CARTESIAN_POINT('',(-100.,100.,346.83475));
#9263=VERTEX_POINT('',#9262);
#9264=DIRECTION('',(0.,0.,-1.));
#9265=VECTOR('',#9264,13.16525);
#9266=LINE('',#9234,#9265);
#9267=EDGE_CURVE('',#9235,#9263,#9266,.T.);
#9268=ORIENTED_EDGE('',*,*,#9267,.T.);
#9269=CARTESIAN_POINT('',(-100.,95.,346.83475));
#9270=VERTEX_POINT('',#9269);
#9271=DIRECTION('',(0.,1.,0.));
#9272=VECTOR('',#9271,5.);
#9273=LINE('',#9269,#9272);
#9274=EDGE_CURVE('',#9270,#9263,#9273,.T.);
#9275=ORIENTED_EDGE('',*,*,#9274,.F.);
#9276=DIRECTION('',(0.,0.,-1.));
#9277=VECTOR('',#9276,13.16525);
#9278=LINE('',#9241,#9277);
#9279=EDGE_CURVE('',#9242,#9270,#9278,.T.);
#9280=ORIENTED_EDGE('',*,*,#9279,.F.);
#9281=ORIENTED_EDGE('',*,*,#9246,.T.);
#9282=EDGE_LOOP('',(#9268,#9275,#9280,#9281));
#9283=FACE_OUTER_BOUND('',#9282,.T.);
#9284=CARTESIAN_POINT('',(-100.,100.,360.));
#9285=DIRECTION('',(-1.,0.,0.));
#9286=DIRECTION('',(0.,0.,-1.));
#9287=AXIS2_PLACEMENT_3D('',#9284,#9285,#9286);
#9288=PLANE('',#9287);
#9289=ADVANCED_FACE('',(#9283),#9288,.T.);
#9290=CARTESIAN_POINT('',(-100.,100.,333.20508));
#9291=VERTEX_POINT('',#9290);
#9292=DIRECTION('',(0.,0.,-1.));
#9293=VECTOR('',#9292,13.62967);
#9294=LINE('',#9262,#9293);
#9295=EDGE_CURVE('',#9263,#9291,#9294,.T.);
#9296=ORIENTED_EDGE('',*,*,#9295,.T.);
#9297=CARTESIAN_POINT('',(-100.,95.,333.20508));
#9298=VERTEX_POINT('',#9297);
#9299=DIRECTION('',(0.,1.,0.));
#9300=VECTOR('',#9299,5.);
#9301=LINE('',#9297,#9300);
#9302=EDGE_CURVE('',#9298,#9291,#9301,.T.);
#9303=ORIENTED_EDGE('',*,*,#9302,.F.);
#9304=DIRECTION('',(0.,0.,-1.));
#9305=VECTOR('',#9304,13.62967);
#9306=LINE('',#9269,#9305);
#9307=EDGE_CURVE('',#9270,#9298,#9306,.T.);
#9308=ORIENTED_EDGE('',*,*,#9307,.F.);
#9309=ORIENTED_EDGE('',*,*,#9274,.T.);
#9310=EDGE_LOOP('',(#9296,#9303,#9308,#9309));
#9311=FACE_OUTER_BOUND('',#9310,.T.);
#9312=CARTESIAN_POINT('',(-100.,100.,346.83475));
#9313=DIRECTION('',(-1.,0.,0.));
#9314=DIRECTION('',(0.,0.,-1.));
#9315=AXIS2_PLACEMENT_3D('',#9312,#9313,#9314);
#9316=PLANE('',#9315);
#9317=ADVANCED_FACE('',(#9311),#9316,.T.);
#9318=CARTESIAN_POINT('',(-100.,100.,318.57864));
#9319=VERTEX_POINT('',#9318);
#9320=DIRECTION('',(0.,0.,-1.));
#9321=VECTOR('',#9320,14.62644);
#9322=LINE('',#9290,#9321);
#9323=EDGE_CURVE('',#9291,#9319,#9322,.T.);
#9324=ORIENTED_EDGE('',*,*,#9323,.T.);
#9325=CARTESIAN_POINT('',(-100.,95.,318.57864));
#9326=VERTEX_POINT('',#9325);
#9327=DIRECTION('',(0.,1.,0.));
#9328=VECTOR('',#9327,5.);
#9329=LINE('',#9325,#9328);
#9330=EDGE_CURVE('',#9326,#9319,#9329,.T.);
#9331=ORIENTED_EDGE('',*,*,#9330,.F.);
#9332=DIRECTION('',(0.,0.,-1.));
#9333=VECTOR('',#9332,14.62644);
#9334=LINE('',#9297,#9333);
#9335=EDGE_CURVE('',#9298,#9326,#9334,.T.);
#9336=ORIENTED_EDGE('',*,*,#9335,.F.);
#9337=ORIENTED_EDGE('',*,*,#9302,.T.);
#9338=EDGE_LOOP('',(#9324,#9331,#9336,#9337));
#9339=FACE_OUTER_BOUND('',#9338,.T.);
#9340=CARTESIAN_POINT('',(-100.,100.,333.20508));
#9341=DIRECTION('',(-1.,0.,0.));
#9342=DIRECTION('',(0.,0.,-1.));
#9343=AXIS2_PLACEMENT_3D('',#9340,#9341,#9342);
#9344=PLANE('',#9343);
#9345=ADVANCED_FACE('',(#9339),#9344,.T.);
#9346=CARTESIAN_POINT('',(-100.,100.,302.26497));
#9347=VERTEX_POINT('',#9346);
#9348=DIRECTION('',(0.,0.,-1.));
#9349=VECTOR('',#9348,16.31367);
#9350=LINE('',#9318,#9349);
#9351=EDGE_CURVE('',#9319,#9347,#9350,.T.);
#9352=ORIENTED_EDGE('',*,*,#9351,.T.);
#9353=CARTESIAN_POINT('',(-100.,95.,302.26497));
#9354=VERTEX_POINT('',#9353);
#9355=DIRECTION('',(0.,1.,0.));
#9356=VECTOR('',#9355,5.);
#9357=LINE('',#9353,#9356);
#9358=EDGE_CURVE('',#9354,#9347,#9357,.T.);
#9359=ORIENTED_EDGE('',*,*,#9358,.F.);
#9360=DIRECTION('',(0.,0.,-1.));
#9361=VECTOR('',#9360,16.31367);
#9362=LINE('',#9325,#9361);
#9363=EDGE_CURVE('',#9326,#9354,#9362,.T.);
#9364=ORIENTED_EDGE('',*,*,#9363,.F.);
#9365=ORIENTED_EDGE('',*,*,#9330,.T.);
#9366=EDGE_LOOP('',(#9352,#9359,#9364,#9365));
#9367=FACE_OUTER_BOUND('',#9366,.T.);
#9368=CARTESIAN_POINT('',(-100.,100.,318.57864));
#9369=DIRECTION('',(-1.,0.,0.));
#9370=DIRECTION('',(0.,0.,-1.));
#9371=AXIS2_PLACEMENT_3D('',#9368,#9369,#9370);
#9372=PLANE('',#9371);
#9373=ADVANCED_FACE('',(#9367),#9372,.T.);
#9374=CARTESIAN_POINT('',(-100.,100.,283.2673));
#9375=VERTEX_POINT('',#9374);
#9376=DIRECTION('',(0.,0.,-1.));
#9377=VECTOR('',#9376,18.99767);
#9378=LINE('',#9346,#9377);
#9379=EDGE_CURVE('',#9347,#9375,#9378,.T.);
#9380=ORIENTED_EDGE('',*,*,#9379,.T.);
#9381=CARTESIAN_POINT('',(-100.,95.,283.2673));
#9382=VERTEX_POINT('',#9381);
#9383=DIRECTION('',(0.,1.,0.));
#9384=VECTOR('',#9383,5.);
#9385=LINE('',#9381,#9384);
#9386=EDGE_CURVE('',#9382,#9375,#9385,.T.);
#9387=ORIENTED_EDGE('',*,*,#9386,.F.);
#9388=DIRECTION('',(0.,0.,-1.));
#9389=VECTOR('',#9388,18.99767);
#9390=LINE('',#9353,#9389);
#9391=EDGE_CURVE('',#9354,#9382,#9390,.T.);
#9392=ORIENTED_EDGE('',*,*,#9391,.F.);
#9393=ORIENTED_EDGE('',*,*,#9358,.T.);
#9394=EDGE_LOOP('',(#9380,#9387,#9392,#9393));
#9395=FACE_OUTER_BOUND('',#9394,.T.);
#9396=CARTESIAN_POINT('',(-100.,100.,302.26497));
#9397=DIRECTION('',(-1.,0.,0.));
#9398=DIRECTION('',(0.,0.,-1.));
#9399=AXIS2_PLACEMENT_3D('',#9396,#9397,#9398);
#9400=PLANE('',#9399);
#9401=ADVANCED_FACE('',(#9395),#9400,.T.);
#9402=CARTESIAN_POINT('',(-100.,100.,260.));
#9403=VERTEX_POINT('',#9402);
#9404=DIRECTION('',(0.,0.,-1.));
#9405=VECTOR('',#9404,23.2673);
#9406=LINE('',#9374,#9405);
#9407=EDGE_CURVE('',#9375,#9403,#9406,.T.);
#9408=ORIENTED_EDGE('',*,*,#9407,.T.);
#9409=CARTESIAN_POINT('',(-100.,95.,260.));
#9410=VERTEX_POINT('',#9409);
#9411=DIRECTION('',(0.,1.,0.));
#9412=VECTOR('',#9411,5.);
#9413=LINE('',#9409,#9412);
#9414=EDGE_CURVE('',#9410,#9403,#9413,.T.);
#9415=ORIENTED_EDGE('',*,*,#9414,.F.);
#9416=DIRECTION('',(0.,0.,-1.));
#9417=VECTOR('',#9416,23.2673);
#9418=LINE('',#9381,#9417);
#9419=EDGE_CURVE('',#9382,#9410,#9418,.T.);
#9420=ORIENTED_EDGE('',*,*,#9419,.F.);
#9421=ORIENTED_EDGE('',*,*,#9386,.T.);
#9422=EDGE_LOOP('',(#9408,#9415,#9420,#9421));
#9423=FACE_OUTER_BOUND('',#9422,.T.);
#9424=CARTESIAN_POINT('',(-100.,100.,283.2673));
#9425=DIRECTION('',(-1.,0.,0.));
#9426=DIRECTION('',(0.,0.,-1.));
#9427=AXIS2_PLACEMENT_3D('',#9424,#9425,#9426);
#9428=PLANE('',#9427);
#9429=ADVANCED_FACE('',(#9423),#9428,.T.);
#9430=CARTESIAN_POINT('',(-100.,100.,229.67746));
#9431=VERTEX_POINT('',#9430);
#9432=DIRECTION('',(0.,0.,-1.));
#9433=VECTOR('',#9432,30.32254);
#9434=LINE('',#9402,#9433);
#9435=EDGE_CURVE('',#9403,#9431,#9434,.T.);
#9436=ORIENTED_EDGE('',*,*,#9435,.T.);
#9437=CARTESIAN_POINT('',(-100.,95.,229.67746));
#9438=VERTEX_POINT('',#9437);
#9439=DIRECTION('',(0.,1.,0.));
#9440=VECTOR('',#9439,5.);
#9441=LINE('',#9437,#9440);
#9442=EDGE_CURVE('',#9438,#9431,#9441,.T.);
#9443=ORIENTED_EDGE('',*,*,#9442,.F.);
#9444=DIRECTION('',(0.,0.,-1.));
#9445=VECTOR('',#9444,30.32254);
#9446=LINE('',#9409,#9445);
#9447=EDGE_CURVE('',#9410,#9438,#9446,.T.);
#9448=ORIENTED_EDGE('',*,*,#9447,.F.);
#9449=ORIENTED_EDGE('',*,*,#9414,.T.);
#9450=EDGE_LOOP('',(#9436,#9443,#9448,#9449));
#9451=FACE_OUTER_BOUND('',#9450,.T.);
#9452=CARTESIAN_POINT('',(-100.,100.,260.));
#9453=DIRECTION('',(-1.,0.,0.));
#9454=DIRECTION('',(0.,0.,-1.));
#9455=AXIS2_PLACEMENT_3D('',#9452,#9453,#9454);
#9456=PLANE('',#9455);
#9457=ADVANCED_FACE('',(#9451),#9456,.T.);
#9458=CARTESIAN_POINT('',(-100.,100.,194.28571));
#9459=VERTEX_POINT('',#9458);
#9460=DIRECTION('',(0.,0.,-1.));
#9461=VECTOR('',#9460,35.39175);
#9462=LINE('',#9430,#9461);
#9463=EDGE_CURVE('',#9431,#9459,#9462,.T.);
#9464=ORIENTED_EDGE('',*,*,#9463,.T.);
#9465=CARTESIAN_POINT('',(-100.,95.,194.28571));
#9466=VERTEX_POINT('',#9465);
#9467=DIRECTION('',(0.,1.,0.));
#9468=VECTOR('',#9467,5.);
#9469=LINE('',#9465,#9468);
#9470=EDGE_CURVE('',#9466,#9459,#9469,.T.);
#9471=ORIENTED_EDGE('',*,*,#9470,.F.);
#9472=DIRECTION('',(0.,0.,-1.));
#9473=VECTOR('',#9472,35.39175);
#9474=LINE('',#9437,#9473);
#9475=EDGE_CURVE('',#9438,#9466,#9474,.T.);
#9476=ORIENTED_EDGE('',*,*,#9475,.F.);
#9477=ORIENTED_EDGE('',*,*,#9442,.T.);
#9478=EDGE_LOOP('',(#9464,#9471,#9476,#9477));
#9479=FACE_OUTER_BOUND('',#9478,.T.);
#9480=CARTESIAN_POINT('',(-100.,100.,229.67746));
#9481=DIRECTION('',(-1.,0.,0.));
#9482=DIRECTION('',(0.,0.,-1.));
#9483=AXIS2_PLACEMENT_3D('',#9480,#9481,#9482);
#9484=PLANE('',#9483);
#9485=ADVANCED_FACE('',(#9479),#9484,.T.);
#9486=CARTESIAN_POINT('',(-100.,100.,186.79492));
#9487=VERTEX_POINT('',#9486);
#9488=DIRECTION('',(0.,0.,-1.));
#9489=VECTOR('',#9488,7.4908);
#9490=LINE('',#9458,#9489);
#9491=EDGE_CURVE('',#9459,#9487,#9490,.T.);
#9492=ORIENTED_EDGE('',*,*,#9491,.T.);
#9493=CARTESIAN_POINT('',(-100.,95.,186.79492));
#9494=VERTEX_POINT('',#9493);
#9495=DIRECTION('',(0.,1.,0.));
#9496=VECTOR('',#9495,5.);
#9497=LINE('',#9493,#9496);
#9498=EDGE_CURVE('',#9494,#9487,#9497,.T.);
#9499=ORIENTED_EDGE('',*,*,#9498,.F.);
#9500=DIRECTION('',(0.,0.,-1.));
#9501=VECTOR('',#9500,7.4908);
#9502=LINE('',#9465,#9501);
#9503=EDGE_CURVE('',#9466,#9494,#9502,.T.);
#9504=ORIENTED_EDGE('',*,*,#9503,.F.);
#9505=ORIENTED_EDGE('',*,*,#9470,.T.);
#9506=EDGE_LOOP('',(#9492,#9499,#9504,#9505));
#9507=FACE_OUTER_BOUND('',#9506,.T.);
#9508=CARTESIAN_POINT('',(-100.,100.,194.28571));
#9509=DIRECTION('',(-1.,0.,0.));
#9510=DIRECTION('',(0.,0.,-1.));
#9511=AXIS2_PLACEMENT_3D('',#9508,#9509,#9510);
#9512=PLANE('',#9511);
#9513=ADVANCED_FACE('',(#9507),#9512,.T.);
#9514=CARTESIAN_POINT('',(-100.,100.,180.));
#9515=VERTEX_POINT('',#9514);
#9516=DIRECTION('',(0.,0.,-1.));
#9517=VECTOR('',#9516,6.79492);
#9518=LINE('',#9486,#9517);
#9519=EDGE_CURVE('',#9487,#9515,#9518,.T.);
#9520=ORIENTED_EDGE('',*,*,#9519,.T.);
#9521=CARTESIAN_POINT('',(-100.,95.,180.));
#9522=VERTEX_POINT('',#9521);
#9523=DIRECTION('',(0.,1.,0.));
#9524=VECTOR('',#9523,5.);
#9525=LINE('',#9521,#9524);
#9526=EDGE_CURVE('',#9522,#9515,#9525,.T.);
#9527=ORIENTED_EDGE('',*,*,#9526,.F.);
#9528=DIRECTION('',(0.,0.,-1.));
#9529=VECTOR('',#9528,6.79492);
#9530=LINE('',#9493,#9529);
#9531=EDGE_CURVE('',#9494,#9522,#9530,.T.);
#9532=ORIENTED_EDGE('',*,*,#9531,.F.);
#9533=ORIENTED_EDGE('',*,*,#9498,.T.);
#9534=EDGE_LOOP('',(#9520,#9527,#9532,#9533));
#9535=FACE_OUTER_BOUND('',#9534,.T.);
#9536=CARTESIAN_POINT('',(-100.,100.,186.79492));
#9537=DIRECTION('',(-1.,0.,0.));
#9538=DIRECTION('',(0.,0.,-1.));
#9539=AXIS2_PLACEMENT_3D('',#9536,#9537,#9538);
#9540=PLANE('',#9539);
#9541=ADVANCED_FACE('',(#9535),#9540,.T.);
#9542=CARTESIAN_POINT('',(-98.50124,100.,180.));
#9543=VERTEX_POINT('',#9542);
#9544=DIRECTION('',(1.,0.,0.));
#9545=VECTOR('',#9544,1.49876);
#9546=LINE('',#9514,#9545);
#9547=EDGE_CURVE('',#9515,#9543,#9546,.T.);
#9548=ORIENTED_EDGE('',*,*,#9547,.T.);
#9549=CARTESIAN_POINT('',(-98.50124,95.,180.));
#9550=VERTEX_POINT('',#9549);
#9551=DIRECTION('',(0.,1.,0.));
#9552=VECTOR('',#9551,5.);
#9553=LINE('',#9549,#9552);
#9554=EDGE_CURVE('',#9550,#9543,#9553,.T.);
#9555=ORIENTED_EDGE('',*,*,#9554,.F.);
#9556=DIRECTION('',(1.,0.,0.));
#9557=VECTOR('',#9556,1.49876);
#9558=LINE('',#9521,#9557);
#9559=EDGE_CURVE('',#9522,#9550,#9558,.T.);
#9560=ORIENTED_EDGE('',*,*,#9559,.F.);
#9561=ORIENTED_EDGE('',*,*,#9526,.T.);
#9562=EDGE_LOOP('',(#9548,#9555,#9560,#9561));
#9563=FACE_OUTER_BOUND('',#9562,.T.);
#9564=CARTESIAN_POINT('',(-100.,100.,180.));
#9565=DIRECTION('',(0.,0.,-1.));
#9566=DIRECTION('',(1.,0.,0.));
#9567=AXIS2_PLACEMENT_3D('',#9564,#9565,#9566);
#9568=PLANE('',#9567);
#9569=ADVANCED_FACE('',(#9563),#9568,.T.);
#9570=CARTESIAN_POINT('',(-85.94108,100.,180.));
#9571=VERTEX_POINT('',#9570);
#9572=DIRECTION('',(1.,0.,0.));
#9573=VECTOR('',#9572,12.56015);
#9574=LINE('',#9542,#9573);
#9575=EDGE_CURVE('',#9543,#9571,#9574,.T.);
#9576=ORIENTED_EDGE('',*,*,#9575,.T.);
#9577=CARTESIAN_POINT('',(-85.94108,95.,180.));
#9578=VERTEX_POINT('',#9577);
#9579=DIRECTION('',(0.,1.,0.));
#9580=VECTOR('',#9579,5.);
#9581=LINE('',#9577,#9580);
#9582=EDGE_CURVE('',#9578,#9571,#9581,.T.);
#9583=ORIENTED_EDGE('',*,*,#9582,.F.);
#9584=DIRECTION('',(1.,0.,0.));
#9585=VECTOR('',#9584,12.56015);
#9586=LINE('',#9549,#9585);
#9587=EDGE_CURVE('',#9550,#9578,#9586,.T.);
#9588=ORIENTED_EDGE('',*,*,#9587,.F.);
#9589=ORIENTED_EDGE('',*,*,#9554,.T.);
#9590=EDGE_LOOP('',(#9576,#9583,#9588,#9589));
#9591=FACE_OUTER_BOUND('',#9590,.T.);
#9592=CARTESIAN_POINT('',(-98.50124,100.,180.));
#9593=DIRECTION('',(0.,0.,-1.));
#9594=DIRECTION('',(1.,0.,0.));
#9595=AXIS2_PLACEMENT_3D('',#9592,#9593,#9594);
#9596=PLANE('',#9595);
#9597=ADVANCED_FACE('',(#9591),#9596,.T.);
#9598=CARTESIAN_POINT('',(-74.55844,100.,180.));
#9599=VERTEX_POINT('',#9598);
#9600=DIRECTION('',(1.,0.,0.));
#9601=VECTOR('',#9600,11.38264);
#9602=LINE('',#9570,#9601);
#9603=EDGE_CURVE('',#9571,#9599,#9602,.T.);
#9604=ORIENTED_EDGE('',*,*,#9603,.T.);
#9605=CARTESIAN_POINT('',(-74.55844,95.,180.));
#9606=VERTEX_POINT('',#9605);
#9607=DIRECTION('',(0.,1.,0.));
#9608=VECTOR('',#9607,5.);
#9609=LINE('',#9605,#9608);
#9610=EDGE_CURVE('',#9606,#9599,#9609,.T.);
#9611=ORIENTED_EDGE('',*,*,#9610,.F.);
#9612=DIRECTION('',(1.,0.,0.));
#9613=VECTOR('',#9612,11.38264);
#9614=LINE('',#9577,#9613);
#9615=EDGE_CURVE('',#9578,#9606,#9614,.T.);
#9616=ORIENTED_EDGE('',*,*,#9615,.F.);
#9617=ORIENTED_EDGE('',*,*,#9582,.T.);
#9618=EDGE_LOOP('',(#9604,#9611,#9616,#9617));
#9619=FACE_OUTER_BOUND('',#9618,.T.);
#9620=CARTESIAN_POINT('',(-85.94108,100.,180.));
#9621=DIRECTION('',(0.,0.,-1.));
#9622=DIRECTION('',(1.,0.,0.));
#9623=AXIS2_PLACEMENT_3D('',#9620,#9621,#9622);
#9624=PLANE('',#9623);
#9625=ADVANCED_FACE('',(#9619),#9624,.T.);
#9626=CARTESIAN_POINT('',(-73.63636,100.,180.));
#9627=VERTEX_POINT('',#9626);
#9628=DIRECTION('',(1.,0.,0.));
#9629=VECTOR('',#9628,0.92208);
#9630=LINE('',#9598,#9629);
#9631=EDGE_CURVE('',#9599,#9627,#9630,.T.);
#9632=ORIENTED_EDGE('',*,*,#9631,.T.);
#9633=CARTESIAN_POINT('',(-73.63636,95.,180.));
#9634=VERTEX_POINT('',#9633);
#9635=DIRECTION('',(0.,1.,0.));
#9636=VECTOR('',#9635,5.);
#9637=LINE('',#9633,#9636);
#9638=EDGE_CURVE('',#9634,#9627,#9637,.T.);
#9639=ORIENTED_EDGE('',*,*,#9638,.F.);
#9640=DIRECTION('',(1.,0.,0.));
#9641=VECTOR('',#9640,0.92208);
#9642=LINE('',#9605,#9641);
#9643=EDGE_CURVE('',#9606,#9634,#9642,.T.);
#9644=ORIENTED_EDGE('',*,*,#9643,.F.);
#9645=ORIENTED_EDGE('',*,*,#9610,.T.);
#9646=EDGE_LOOP('',(#9632,#9639,#9644,#9645));
#9647=FACE_OUTER_BOUND('',#9646,.T.);
#9648=CARTESIAN_POINT('',(-74.55844,100.,180.));
#9649=DIRECTION('',(0.,0.,-1.));
#9650=DIRECTION('',(1.,0.,0.));
#9651=AXIS2_PLACEMENT_3D('',#9648,#9649,#9650);
#9652=PLANE('',#9651);
#9653=ADVANCED_FACE('',(#9647),#9652,.T.);
#9654=CARTESIAN_POINT('',(-48.23085,100.,180.));
#9655=VERTEX_POINT('',#9654);
#9656=DIRECTION('',(1.,0.,0.));
#9657=VECTOR('',#9656,25.40551);
#9658=LINE('',#9626,#9657);
#9659=EDGE_CURVE('',#9627,#9655,#9658,.T.);
#9660=ORIENTED_EDGE('',*,*,#9659,.T.);
#9661=CARTESIAN_POINT('',(-48.23085,95.,180.));
#9662=VERTEX_POINT('',#9661);
#9663=DIRECTION('',(0.,1.,0.));
#9664=VECTOR('',#9663,5.);
#9665=LINE('',#9661,#9664);
#9666=EDGE_CURVE('',#9662,#9655,#9665,.T.);
#9667=ORIENTED_EDGE('',*,*,#9666,.F.);
#9668=DIRECTION('',(1.,0.,0.));
#9669=VECTOR('',#9668,25.40551);
#9670=LINE('',#9633,#9669);
#9671=EDGE_CURVE('',#9634,#9662,#9670,.T.);
#9672=ORIENTED_EDGE('',*,*,#9671,.F.);
#9673=ORIENTED_EDGE('',*,*,#9638,.T.);
#9674=EDGE_LOOP('',(#9660,#9667,#9672,#9673));
#9675=FACE_OUTER_BOUND('',#9674,.T.);
#9676=CARTESIAN_POINT('',(-73.63636,100.,180.));
#9677=DIRECTION('',(0.,0.,-1.));
#9678=DIRECTION('',(1.,0.,0.));
#9679=AXIS2_PLACEMENT_3D('',#9676,#9677,#9678);
#9680=PLANE('',#9679);
#9681=ADVANCED_FACE('',(#9675),#9680,.T.);
#9682=CARTESIAN_POINT('',(-23.69745,100.,180.));
#9683=VERTEX_POINT('',#9682);
#9684=DIRECTION('',(1.,0.,0.));
#9685=VECTOR('',#9684,24.5334);
#9686=LINE('',#9654,#9685);
#9687=EDGE_CURVE('',#9655,#9683,#9686,.T.);
#9688=ORIENTED_EDGE('',*,*,#9687,.T.);
#9689=CARTESIAN_POINT('',(-23.69745,95.,180.));
#9690=VERTEX_POINT('',#9689);
#9691=DIRECTION('',(0.,1.,0.));
#9692=VECTOR('',#9691,5.);
#9693=LINE('',#9689,#9692);
#9694=EDGE_CURVE('',#9690,#9683,#9693,.T.);
#9695=ORIENTED_EDGE('',*,*,#9694,.F.);
#9696=DIRECTION('',(1.,0.,0.));
#9697=VECTOR('',#9696,24.5334);
#9698=LINE('',#9661,#9697);
#9699=EDGE_CURVE('',#9662,#9690,#9698,.T.);
#9700=ORIENTED_EDGE('',*,*,#9699,.F.);
#9701=ORIENTED_EDGE('',*,*,#9666,.T.);
#9702=EDGE_LOOP('',(#9688,#9695,#9700,#9701));
#9703=FACE_OUTER_BOUND('',#9702,.T.);
#9704=CARTESIAN_POINT('',(-48.23085,100.,180.));
#9705=DIRECTION('',(0.,0.,-1.));
#9706=DIRECTION('',(1.,0.,0.));
#9707=AXIS2_PLACEMENT_3D('',#9704,#9705,#9706);
#9708=PLANE('',#9707);
#9709=ADVANCED_FACE('',(#9703),#9708,.T.);
#9710=CARTESIAN_POINT('',(0.,100.,180.));
#9711=VERTEX_POINT('',#9710);
#9712=DIRECTION('',(1.,0.,0.));
#9713=VECTOR('',#9712,23.69745);
#9714=LINE('',#9682,#9713);
#9715=EDGE_CURVE('',#9683,#9711,#9714,.T.);
#9716=ORIENTED_EDGE('',*,*,#9715,.T.);
#9717=CARTESIAN_POINT('',(0.,95.,180.));
#9718=VERTEX_POINT('',#9717);
#9719=DIRECTION('',(0.,1.,0.));
#9720=VECTOR('',#9719,5.);
#9721=LINE('',#9717,#9720);
#9722=EDGE_CURVE('',#9718,#9711,#9721,.T.);
#9723=ORIENTED_EDGE('',*,*,#9722,.F.);
#9724=DIRECTION('',(1.,0.,0.));
#9725=VECTOR('',#9724,23.69745);
#9726=LINE('',#9689,#9725);
#9727=EDGE_CURVE('',#9690,#9718,#9726,.T.);
#9728=ORIENTED_EDGE('',*,*,#9727,.F.);
#9729=ORIENTED_EDGE('',*,*,#9694,.T.);
#9730=EDGE_LOOP('',(#9716,#9723,#9728,#9729));
#9731=FACE_OUTER_BOUND('',#9730,.T.);
#9732=CARTESIAN_POINT('',(-23.69745,100.,180.));
#9733=DIRECTION('',(0.,0.,-1.));
#9734=DIRECTION('',(1.,0.,0.));
#9735=AXIS2_PLACEMENT_3D('',#9732,#9733,#9734);
#9736=PLANE('',#9735);
#9737=ADVANCED_FACE('',(#9731),#9736,.T.);
#9738=CARTESIAN_POINT('',(23.69745,100.,180.));
#9739=VERTEX_POINT('',#9738);
#9740=DIRECTION('',(1.,0.,0.));
#9741=VECTOR('',#9740,23.69745);
#9742=LINE('',#9710,#9741);
#9743=EDGE_CURVE('',#9711,#9739,#9742,.T.);
#9744=ORIENTED_EDGE('',*,*,#9743,.T.);
#9745=CARTESIAN_POINT('',(23.69745,95.,180.));
#9746=VERTEX_POINT('',#9745);
#9747=DIRECTION('',(0.,1.,0.));
#9748=VECTOR('',#9747,5.);
#9749=LINE('',#9745,#9748);
#9750=EDGE_CURVE('',#9746,#9739,#9749,.T.);
#9751=ORIENTED_EDGE('',*,*,#9750,.F.);
#9752=DIRECTION('',(1.,0.,0.));
#9753=VECTOR('',#9752,23.69745);
#9754=LINE('',#9717,#9753);
#9755=EDGE_CURVE('',#9718,#9746,#9754,.T.);
#9756=ORIENTED_EDGE('',*,*,#9755,.F.);
#9757=ORIENTED_EDGE('',*,*,#9722,.T.);
#9758=EDGE_LOOP('',(#9744,#9751,#9756,#9757));
#9759=FACE_OUTER_BOUND('',#9758,.T.);
#9760=CARTESIAN_POINT('',(0.,100.,180.));
#9761=DIRECTION('',(0.,0.,-1.));
#9762=DIRECTION('',(1.,0.,0.));
#9763=AXIS2_PLACEMENT_3D('',#9760,#9761,#9762);
#9764=PLANE('',#9763);
#9765=ADVANCED_FACE('',(#9759),#9764,.T.);
#9766=CARTESIAN_POINT('',(48.23085,100.,180.));
#9767=VERTEX_POINT('',#9766);
#9768=DIRECTION('',(1.,0.,0.));
#9769=VECTOR('',#9768,24.53341);
#9770=LINE('',#9738,#9769);
#9771=EDGE_CURVE('',#9739,#9767,#9770,.T.);
#9772=ORIENTED_EDGE('',*,*,#9771,.T.);
#9773=CARTESIAN_POINT('',(48.23085,95.,180.));
#9774=VERTEX_POINT('',#9773);
#9775=DIRECTION('',(0.,1.,0.));
#9776=VECTOR('',#9775,5.);
#9777=LINE('',#9773,#9776);
#9778=EDGE_CURVE('',#9774,#9767,#9777,.T.);
#9779=ORIENTED_EDGE('',*,*,#9778,.F.);
#9780=DIRECTION('',(1.,0.,0.));
#9781=VECTOR('',#9780,24.53341);
#9782=LINE('',#9745,#9781);
#9783=EDGE_CURVE('',#9746,#9774,#9782,.T.);
#9784=ORIENTED_EDGE('',*,*,#9783,.F.);
#9785=ORIENTED_EDGE('',*,*,#9750,.T.);
#9786=EDGE_LOOP('',(#9772,#9779,#9784,#9785));
#9787=FACE_OUTER_BOUND('',#9786,.T.);
#9788=CARTESIAN_POINT('',(23.69745,100.,180.));
#9789=DIRECTION('',(0.,0.,-1.));
#9790=DIRECTION('',(1.,0.,0.));
#9791=AXIS2_PLACEMENT_3D('',#9788,#9789,#9790);
#9792=PLANE('',#9791);
#9793=ADVANCED_FACE('',(#9787),#9792,.T.);
#9794=CARTESIAN_POINT('',(73.63636,100.,180.));
#9795=VERTEX_POINT('',#9794);
#9796=DIRECTION('',(1.,0.,0.));
#9797=VECTOR('',#9796,25.40551);
#9798=LINE('',#9766,#9797);
#9799=EDGE_CURVE('',#9767,#9795,#9798,.T.);
#9800=ORIENTED_EDGE('',*,*,#9799,.T.);
#9801=CARTESIAN_POINT('',(73.63636,95.,180.));
#9802=VERTEX_POINT('',#9801);
#9803=DIRECTION('',(0.,1.,0.));
#9804=VECTOR('',#9803,5.);
#9805=LINE('',#9801,#9804);
#9806=EDGE_CURVE('',#9802,#9795,#9805,.T.);
#9807=ORIENTED_EDGE('',*,*,#9806,.F.);
#9808=DIRECTION('',(1.,0.,0.));
#9809=VECTOR('',#9808,25.40551);
#9810=LINE('',#9773,#9809);
#9811=EDGE_CURVE('',#9774,#9802,#9810,.T.);
#9812=ORIENTED_EDGE('',*,*,#9811,.F.);
#9813=ORIENTED_EDGE('',*,*,#9778,.T.);
#9814=EDGE_LOOP('',(#9800,#9807,#9812,#9813));
#9815=FACE_OUTER_BOUND('',#9814,.T.);
#9816=CARTESIAN_POINT('',(48.23085,100.,180.));
#9817=DIRECTION('',(0.,0.,-1.));
#9818=DIRECTION('',(1.,0.,0.));
#9819=AXIS2_PLACEMENT_3D('',#9816,#9817,#9818);
#9820=PLANE('',#9819);
#9821=ADVANCED_FACE('',(#9815),#9820,.T.);
#9822=CARTESIAN_POINT('',(74.55844,100.,180.));
#9823=VERTEX_POINT('',#9822);
#9824=DIRECTION('',(1.,0.,0.));
#9825=VECTOR('',#9824,0.92208);
#9826=LINE('',#9794,#9825);
#9827=EDGE_CURVE('',#9795,#9823,#9826,.T.);
#9828=ORIENTED_EDGE('',*,*,#9827,.T.);
#9829=CARTESIAN_POINT('',(74.55844,95.,180.));
#9830=VERTEX_POINT('',#9829);
#9831=DIRECTION('',(0.,1.,0.));
#9832=VECTOR('',#9831,5.);
#9833=LINE('',#9829,#9832);
#9834=EDGE_CURVE('',#9830,#9823,#9833,.T.);
#9835=ORIENTED_EDGE('',*,*,#9834,.F.);
#9836=DIRECTION('',(1.,0.,0.));
#9837=VECTOR('',#9836,0.92208);
#9838=LINE('',#9801,#9837);
#9839=EDGE_CURVE('',#9802,#9830,#9838,.T.);
#9840=ORIENTED_EDGE('',*,*,#9839,.F.);
#9841=ORIENTED_EDGE('',*,*,#9806,.T.);
#9842=EDGE_LOOP('',(#9828,#9835,#9840,#9841));
#9843=FACE_OUTER_BOUND('',#9842,.T.);
#9844=CARTESIAN_POINT('',(73.63636,100.,180.));
#9845=DIRECTION('',(0.,0.,-1.));
#9846=DIRECTION('',(1.,0.,0.));
#9847=AXIS2_PLACEMENT_3D('',#9844,#9845,#9846);
#9848=PLANE('',#9847);
#9849=ADVANCED_FACE('',(#9843),#9848,.T.);
#9850=CARTESIAN_POINT('',(85.94108,100.,180.));
#9851=VERTEX_POINT('',#9850);
#9852=DIRECTION('',(1.,0.,0.));
#9853=VECTOR('',#9852,11.38264);
#9854=LINE('',#9822,#9853);
#9855=EDGE_CURVE('',#9823,#9851,#9854,.T.);
#9856=ORIENTED_EDGE('',*,*,#9855,.T.);
#9857=CARTESIAN_POINT('',(85.94108,95.,180.));
#9858=VERTEX_POINT('',#9857);
#9859=DIRECTION('',(0.,1.,0.));
#9860=VECTOR('',#9859,5.);
#9861=LINE('',#9857,#9860);
#9862=EDGE_CURVE('',#9858,#9851,#9861,.T.);
#9863=ORIENTED_EDGE('',*,*,#9862,.F.);
#9864=DIRECTION('',(1.,0.,0.));
#9865=VECTOR('',#9864,11.38264);
#9866=LINE('',#9829,#9865);
#9867=EDGE_CURVE('',#9830,#9858,#9866,.T.);
#9868=ORIENTED_EDGE('',*,*,#9867,.F.);
#9869=ORIENTED_EDGE('',*,*,#9834,.T.);
#9870=EDGE_LOOP('',(#9856,#9863,#9868,#9869));
#9871=FACE_OUTER_BOUND('',#9870,.T.);
#9872=CARTESIAN_POINT('',(74.55844,100.,180.));
#9873=DIRECTION('',(0.,0.,-1.));
#9874=DIRECTION('',(1.,0.,0.));
#9875=AXIS2_PLACEMENT_3D('',#9872,#9873,#9874);
#9876=PLANE('',#9875);
#9877=ADVANCED_FACE('',(#9871),#9876,.T.);
#9878=CARTESIAN_POINT('',(98.50124,100.,180.));
#9879=VERTEX_POINT('',#9878);
#9880=DIRECTION('',(1.,0.,0.));
#9881=VECTOR('',#9880,12.56015);
#9882=LINE('',#9850,#9881);
#9883=EDGE_CURVE('',#9851,#9879,#9882,.T.);
#9884=ORIENTED_EDGE('',*,*,#9883,.T.);
#9885=CARTESIAN_POINT('',(98.50124,95.,180.));
#9886=VERTEX_POINT('',#9885);
#9887=DIRECTION('',(0.,1.,0.));
#9888=VECTOR('',#9887,5.);
#9889=LINE('',#9885,#9888);
#9890=EDGE_CURVE('',#9886,#9879,#9889,.T.);
#9891=ORIENTED_EDGE('',*,*,#9890,.F.);
#9892=DIRECTION('',(1.,0.,0.));
#9893=VECTOR('',#9892,12.56015);
#9894=LINE('',#9857,#9893);
#9895=EDGE_CURVE('',#9858,#9886,#9894,.T.);
#9896=ORIENTED_EDGE('',*,*,#9895,.F.);
#9897=ORIENTED_EDGE('',*,*,#9862,.T.);
#9898=EDGE_LOOP('',(#9884,#9891,#9896,#9897));
#9899=FACE_OUTER_BOUND('',#9898,.T.);
#9900=CARTESIAN_POINT('',(85.94108,100.,180.));
#9901=DIRECTION('',(0.,0.,-1.));
#9902=DIRECTION('',(1.,0.,0.));
#9903=AXIS2_PLACEMENT_3D('',#9900,#9901,#9902);
#9904=PLANE('',#9903);
#9905=ADVANCED_FACE('',(#9899),#9904,.T.);
#9906=CARTESIAN_POINT('',(100.,100.,180.));
#9907=VERTEX_POINT('',#9906);
#9908=DIRECTION('',(1.,0.,0.));
#9909=VECTOR('',#9908,1.49876);
#9910=LINE('',#9878,#9909);
#9911=EDGE_CURVE('',#9879,#9907,#9910,.T.);
#9912=ORIENTED_EDGE('',*,*,#9911,.T.);
#9913=CARTESIAN_POINT('',(100.,95.,180.));
#9914=VERTEX_POINT('',#9913);
#9915=DIRECTION('',(0.,1.,0.));
#9916=VECTOR('',#9915,5.);
#9917=LINE('',#9913,#9916);
#9918=EDGE_CURVE('',#9914,#9907,#9917,.T.);
#9919=ORIENTED_EDGE('',*,*,#9918,.F.);
#9920=DIRECTION('',(1.,0.,0.));
#9921=VECTOR('',#9920,1.49876);
#9922=LINE('',#9885,#9921);
#9923=EDGE_CURVE('',#9886,#9914,#9922,.T.);
#9924=ORIENTED_EDGE('',*,*,#9923,.F.);
#9925=ORIENTED_EDGE('',*,*,#9890,.T.);
#9926=EDGE_LOOP('',(#9912,#9919,#9924,#9925));
#9927=FACE_OUTER_BOUND('',#9926,.T.);
#9928=CARTESIAN_POINT('',(98.50124,100.,180.));
#9929=DIRECTION('',(0.,0.,-1.));
#9930=DIRECTION('',(1.,0.,0.));
#9931=AXIS2_PLACEMENT_3D('',#9928,#9929,#9930);
#9932=PLANE('',#9931);
#9933=ADVANCED_FACE('',(#9927),#9932,.T.);
#9934=CARTESIAN_POINT('',(100.,100.,186.79492));
#9935=VERTEX_POINT('',#9934);
#9936=DIRECTION('',(0.,0.,1.));
#9937=VECTOR('',#9936,6.79492);
#9938=LINE('',#9906,#9937);
#9939=EDGE_CURVE('',#9907,#9935,#9938,.T.);
#9940=ORIENTED_EDGE('',*,*,#9939,.T.);
#9941=CARTESIAN_POINT('',(100.,95.,186.79492));
#9942=VERTEX_POINT('',#9941);
#9943=DIRECTION('',(0.,1.,0.));
#9944=VECTOR('',#9943,5.);
#9945=LINE('',#9941,#9944);
#9946=EDGE_CURVE('',#9942,#9935,#9945,.T.);
#9947=ORIENTED_EDGE('',*,*,#9946,.F.);
#9948=DIRECTION('',(0.,0.,1.));
#9949=VECTOR('',#9948,6.79492);
#9950=LINE('',#9913,#9949);
#9951=EDGE_CURVE('',#9914,#9942,#9950,.T.);
#9952=ORIENTED_EDGE('',*,*,#9951,.F.);
#9953=ORIENTED_EDGE('',*,*,#9918,.T.);
#9954=EDGE_LOOP('',(#9940,#9947,#9952,#9953));
#9955=FACE_OUTER_BOUND('',#9954,.T.);
#9956=CARTESIAN_POINT('',(100.,100.,180.));
#9957=DIRECTION('',(1.,0.,0.));
#9958=DIRECTION('',(0.,0.,1.));
#9959=AXIS2_PLACEMENT_3D('',#9956,#9957,#9958);
#9960=PLANE('',#9959);
#9961=ADVANCED_FACE('',(#9955),#9960,.T.);
#9962=CARTESIAN_POINT('',(100.,100.,194.28571));
#9963=VERTEX_POINT('',#9962);
#9964=DIRECTION('',(0.,0.,1.));
#9965=VECTOR('',#9964,7.4908);
#9966=LINE('',#9934,#9965);
#9967=EDGE_CURVE('',#9935,#9963,#9966,.T.);
#9968=ORIENTED_EDGE('',*,*,#9967,.T.);
#9969=CARTESIAN_POINT('',(100.,95.,194.28571));
#9970=VERTEX_POINT('',#9969);
#9971=DIRECTION('',(0.,1.,0.));
#9972=VECTOR('',#9971,5.);
#9973=LINE('',#9969,#9972);
#9974=EDGE_CURVE('',#9970,#9963,#9973,.T.);
#9975=ORIENTED_EDGE('',*,*,#9974,.F.);
#9976=DIRECTION('',(0.,0.,1.));
#9977=VECTOR('',#9976,7.4908);
#9978=LINE('',#9941,#9977);
#9979=EDGE_CURVE('',#9942,#9970,#9978,.T.);
#9980=ORIENTED_EDGE('',*,*,#9979,.F.);
#9981=ORIENTED_EDGE('',*,*,#9946,.T.);
#9982=EDGE_LOOP('',(#9968,#9975,#9980,#9981));
#9983=FACE_OUTER_BOUND('',#9982,.T.);
#9984=CARTESIAN_POINT('',(100.,100.,186.79492));
#9985=DIRECTION('',(1.,0.,0.));
#9986=DIRECTION('',(0.,0.,1.));
#9987=AXIS2_PLACEMENT_3D('',#9984,#9985,#9986);
#9988=PLANE('',#9987);
#9989=ADVANCED_FACE('',(#9983),#9988,.T.);
#9990=CARTESIAN_POINT('',(100.,100.,229.67746));
#9991=VERTEX_POINT('',#9990);
#9992=DIRECTION('',(0.,0.,1.));
#9993=VECTOR('',#9992,35.39175);
#9994=LINE('',#9962,#9993);
#9995=EDGE_CURVE('',#9963,#9991,#9994,.T.);
#9996=ORIENTED_EDGE('',*,*,#9995,.T.);
#9997=CARTESIAN_POINT('',(100.,95.,229.67746));
#9998=VERTEX_POINT('',#9997);
#9999=DIRECTION('',(0.,1.,0.));
#10000=VECTOR('',#9999,5.);
#10001=LINE('',#9997,#10000);
#10002=EDGE_CURVE('',#9998,#9991,#10001,.T.);
#10003=ORIENTED_EDGE('',*,*,#10002,.F.);
#10004=DIRECTION('',(0.,0.,1.));
#10005=VECTOR('',#10004,35.39175);
#10006=LINE('',#9969,#10005);
#10007=EDGE_CURVE('',#9970,#9998,#10006,.T.);
#10008=ORIENTED_EDGE('',*,*,#10007,.F.);
#10009=ORIENTED_EDGE('',*,*,#9974,.T.);
#10010=EDGE_LOOP('',(#9996,#10003,#10008,#10009));
#10011=FACE_OUTER_BOUND('',#10010,.T.);
#10012=CARTESIAN_POINT('',(100.,100.,194.28571));
#10013=DIRECTION('',(1.,0.,0.));
#10014=DIRECTION('',(0.,0.,1.));
#10015=AXIS2_PLACEMENT_3D('',#10012,#10013,#10014);
#10016=PLANE('',#10015);
#10017=ADVANCED_FACE('',(#10011),#10016,.T.);
#10018=CARTESIAN_POINT('',(100.,100.,260.));
#10019=VERTEX_POINT('',#10018);
#10020=DIRECTION('',(0.,0.,1.));
#10021=VECTOR('',#10020,30.32254);
#10022=LINE('',#9990,#10021);
#10023=EDGE_CURVE('',#9991,#10019,#10022,.T.);
#10024=ORIENTED_EDGE('',*,*,#10023,.T.);
#10025=CARTESIAN_POINT('',(100.,95.,260.));
#10026=VERTEX_POINT('',#10025);
#10027=DIRECTION('',(0.,1.,0.));
#10028=VECTOR('',#10027,5.);
#10029=LINE('',#10025,#10028);
#10030=EDGE_CURVE('',#10026,#10019,#10029,.T.);
#10031=ORIENTED_EDGE('',*,*,#10030,.F.);
#10032=DIRECTION('',(0.,0.,1.));
#10033=VECTOR('',#10032,30.32254);
#10034=LINE('',#9997,#10033);
#10035=EDGE_CURVE('',#9998,#10026,#10034,.T.);
#10036=ORIENTED_EDGE('',*,*,#10035,.F.);
#10037=ORIENTED_EDGE('',*,*,#10002,.T.);
#10038=EDGE_LOOP('',(#10024,#10031,#10036,#10037));
#10039=FACE_OUTER_BOUND('',#10038,.T.);
#10040=CARTESIAN_POINT('',(100.,100.,229.67746));
#10041=DIRECTION('',(1.,0.,0.));
#10042=DIRECTION('',(0.,0.,1.));
#10043=AXIS2_PLACEMENT_3D('',#10040,#10041,#10042);
#10044=PLANE('',#10043);
#10045=ADVANCED_FACE('',(#10039),#10044,.T.);
#10046=CARTESIAN_POINT('',(100.,100.,283.2673));
#10047=VERTEX_POINT('',#10046);
#10048=DIRECTION('',(0.,0.,1.));
#10049=VECTOR('',#10048,23.2673);
#10050=LINE('',#10018,#10049);
#10051=EDGE_CURVE('',#10019,#10047,#10050,.T.);
#10052=ORIENTED_EDGE('',*,*,#10051,.T.);
#10053=CARTESIAN_POINT('',(100.,95.,283.2673));
#10054=VERTEX_POINT('',#10053);
#10055=DIRECTION('',(0.,1.,0.));
#10056=VECTOR('',#10055,5.);
#10057=LINE('',#10053,#10056);
#10058=EDGE_CURVE('',#10054,#10047,#10057,.T.);
#10059=ORIENTED_EDGE('',*,*,#10058,.F.);
#10060=DIRECTION('',(0.,0.,1.));
#10061=VECTOR('',#10060,23.2673);
#10062=LINE('',#10025,#10061);
#10063=EDGE_CURVE('',#10026,#10054,#10062,.T.);
#10064=ORIENTED_EDGE('',*,*,#10063,.F.);
#10065=ORIENTED_EDGE('',*,*,#10030,.T.);
#10066=EDGE_LOOP('',(#10052,#10059,#10064,#10065));
#10067=FACE_OUTER_BOUND('',#10066,.T.);
#10068=CARTESIAN_POINT('',(100.,100.,260.));
#10069=DIRECTION('',(1.,0.,0.));
#10070=DIRECTION('',(0.,0.,1.));
#10071=AXIS2_PLACEMENT_3D('',#10068,#10069,#10070);
#10072=PLANE('',#10071);
#10073=ADVANCED_FACE('',(#10067),#10072,.T.);
#10074=CARTESIAN_POINT('',(100.,100.,302.26497));
#10075=VERTEX_POINT('',#10074);
#10076=DIRECTION('',(0.,0.,1.));
#10077=VECTOR('',#10076,18.99767);
#10078=LINE('',#10046,#10077);
#10079=EDGE_CURVE('',#10047,#10075,#10078,.T.);
#10080=ORIENTED_EDGE('',*,*,#10079,.T.);
#10081=CARTESIAN_POINT('',(100.,95.,302.26497));
#10082=VERTEX_POINT('',#10081);
#10083=DIRECTION('',(0.,1.,0.));
#10084=VECTOR('',#10083,5.);
#10085=LINE('',#10081,#10084);
#10086=EDGE_CURVE('',#10082,#10075,#10085,.T.);
#10087=ORIENTED_EDGE('',*,*,#10086,.F.);
#10088=DIRECTION('',(0.,0.,1.));
#10089=VECTOR('',#10088,18.99767);
#10090=LINE('',#10053,#10089);
#10091=EDGE_CURVE('',#10054,#10082,#10090,.T.);
#10092=ORIENTED_EDGE('',*,*,#10091,.F.);
#10093=ORIENTED_EDGE('',*,*,#10058,.T.);
#10094=EDGE_LOOP('',(#10080,#10087,#10092,#10093));
#10095=FACE_OUTER_BOUND('',#10094,.T.);
#10096=CARTESIAN_POINT('',(100.,100.,283.2673));
#10097=DIRECTION('',(1.,0.,0.));
#10098=DIRECTION('',(0.,0.,1.));
#10099=AXIS2_PLACEMENT_3D('',#10096,#10097,#10098);
#10100=PLANE('',#10099);
#10101=ADVANCED_FACE('',(#10095),#10100,.T.);
#10102=CARTESIAN_POINT('',(100.,100.,318.57864));
#10103=VERTEX_POINT('',#10102);
#10104=DIRECTION('',(0.,0.,1.));
#10105=VECTOR('',#10104,16.31367);
#10106=LINE('',#10074,#10105);
#10107=EDGE_CURVE('',#10075,#10103,#10106,.T.);
#10108=ORIENTED_EDGE('',*,*,#10107,.T.);
#10109=CARTESIAN_POINT('',(100.,95.,318.57864));
#10110=VERTEX_POINT('',#10109);
#10111=DIRECTION('',(0.,1.,0.));
#10112=VECTOR('',#10111,5.);
#10113=LINE('',#10109,#10112);
#10114=EDGE_CURVE('',#10110,#10103,#10113,.T.);
#10115=ORIENTED_EDGE('',*,*,#10114,.F.);
#10116=DIRECTION('',(0.,0.,1.));
#10117=VECTOR('',#10116,16.31367);
#10118=LINE('',#10081,#10117);
#10119=EDGE_CURVE('',#10082,#10110,#10118,.T.);
#10120=ORIENTED_EDGE('',*,*,#10119,.F.);
#10121=ORIENTED_EDGE('',*,*,#10086,.T.);
#10122=EDGE_LOOP('',(#10108,#10115,#10120,#10121));
#10123=FACE_OUTER_BOUND('',#10122,.T.);
#10124=CARTESIAN_POINT('',(100.,100.,302.26497));
#10125=DIRECTION('',(1.,0.,0.));
#10126=DIRECTION('',(0.,0.,1.));
#10127=AXIS2_PLACEMENT_3D('',#10124,#10125,#10126);
#10128=PLANE('',#10127);
#10129=ADVANCED_FACE('',(#10123),#10128,.T.);
#10130=CARTESIAN_POINT('',(100.,100.,333.20508));
#10131=VERTEX_POINT('',#10130);
#10132=DIRECTION('',(0.,0.,1.));
#10133=VECTOR('',#10132,14.62644);
#10134=LINE('',#10102,#10133);
#10135=EDGE_CURVE('',#10103,#10131,#10134,.T.);
#10136=ORIENTED_EDGE('',*,*,#10135,.T.);
#10137=CARTESIAN_POINT('',(100.,95.,333.20508));
#10138=VERTEX_POINT('',#10137);
#10139=DIRECTION('',(0.,1.,0.));
#10140=VECTOR('',#10139,5.);
#10141=LINE('',#10137,#10140);
#10142=EDGE_CURVE('',#10138,#10131,#10141,.T.);
#10143=ORIENTED_EDGE('',*,*,#10142,.F.);
#10144=DIRECTION('',(0.,0.,1.));
#10145=VECTOR('',#10144,14.62644);
#10146=LINE('',#10109,#10145);
#10147=EDGE_CURVE('',#10110,#10138,#10146,.T.);
#10148=ORIENTED_EDGE('',*,*,#10147,.F.);
#10149=ORIENTED_EDGE('',*,*,#10114,.T.);
#10150=EDGE_LOOP('',(#10136,#10143,#10148,#10149));
#10151=FACE_OUTER_BOUND('',#10150,.T.);
#10152=CARTESIAN_POINT('',(100.,100.,318.57864));
#10153=DIRECTION('',(1.,0.,0.));
#10154=DIRECTION('',(0.,0.,1.));
#10155=AXIS2_PLACEMENT_3D('',#10152,#10153,#10154);
#10156=PLANE('',#10155);
#10157=ADVANCED_FACE('',(#10151),#10156,.T.);
#10158=CARTESIAN_POINT('',(100.,100.,346.83475));
#10159=VERTEX_POINT('',#10158);
#10160=DIRECTION('',(0.,0.,1.));
#10161=VECTOR('',#10160,13.62967);
#10162=LINE('',#10130,#10161);
#10163=EDGE_CURVE('',#10131,#10159,#10162,.T.);
#10164=ORIENTED_EDGE('',*,*,#10163,.T.);
#10165=CARTESIAN_POINT('',(100.,95.,346.83475));
#10166=VERTEX_POINT('',#10165);
#10167=DIRECTION('',(0.,1.,0.));
#10168=VECTOR('',#10167,5.);
#10169=LINE('',#10165,#10168);
#10170=EDGE_CURVE('',#10166,#10159,#10169,.T.);
#10171=ORIENTED_EDGE('',*,*,#10170,.F.);
#10172=DIRECTION('',(0.,0.,1.));
#10173=VECTOR('',#10172,13.62967);
#10174=LINE('',#10137,#10173);
#10175=EDGE_CURVE('',#10138,#10166,#10174,.T.);
#10176=ORIENTED_EDGE('',*,*,#10175,.F.);
#10177=ORIENTED_EDGE('',*,*,#10142,.T.);
#10178=EDGE_LOOP('',(#10164,#10171,#10176,#10177));
#10179=FACE_OUTER_BOUND('',#10178,.T.);
#10180=CARTESIAN_POINT('',(100.,100.,333.20508));
#10181=DIRECTION('',(1.,0.,0.));
#10182=DIRECTION('',(0.,0.,1.));
#10183=AXIS2_PLACEMENT_3D('',#10180,#10181,#10182);
#10184=PLANE('',#10183);
#10185=ADVANCED_FACE('',(#10179),#10184,.T.);
#10186=DIRECTION('',(0.,0.,-1.));
#10187=VECTOR('',#10186,13.16525);
#10188=LINE('',#8302,#10187);
#10189=EDGE_CURVE('',#8303,#10159,#10188,.T.);
#10190=ORIENTED_EDGE('',*,*,#10189,.F.);
#10191=ORIENTED_EDGE('',*,*,#8328,.F.);
#10192=DIRECTION('',(0.,0.,-1.));
#10193=VECTOR('',#10192,13.16525);
#10194=LINE('',#8318,#10193);
#10195=EDGE_CURVE('',#8319,#10166,#10194,.T.);
#10196=ORIENTED_EDGE('',*,*,#10195,.T.);
#10197=ORIENTED_EDGE('',*,*,#10170,.T.);
#10198=EDGE_LOOP('',(#10190,#10191,#10196,#10197));
#10199=FACE_OUTER_BOUND('',#10198,.T.);
#10200=CARTESIAN_POINT('',(100.,100.,346.83475));
#10201=DIRECTION('',(1.,0.,0.));
#10202=DIRECTION('',(0.,0.,1.));
#10203=AXIS2_PLACEMENT_3D('',#10200,#10201,#10202);
#10204=PLANE('',#10203);
#10205=ADVANCED_FACE('',(#10199),#10204,.T.);
#10206=CARTESIAN_POINT('',(70.,100.,360.));
#10207=VERTEX_POINT('',#10206);
#10208=CARTESIAN_POINT('',(70.,100.,369.21567));
#10209=VERTEX_POINT('',#10208);
#10210=DIRECTION('',(0.,0.,1.));
#10211=VECTOR('',#10210,9.21567);
#10212=LINE('',#10206,#10211);
#10213=EDGE_CURVE('',#10207,#10209,#10212,.T.);
#10214=ORIENTED_EDGE('',*,*,#10213,.T.);
#10215=DIRECTION('',(-0.99144,0.,-0.13053));
#10216=VECTOR('',#10215,30.25887);
#10217=LINE('',#8304,#10216);
#10218=EDGE_CURVE('',#8305,#10209,#10217,.T.);
#10219=ORIENTED_EDGE('',*,*,#10218,.F.);
#10220=ORIENTED_EDGE('',*,*,#8309,.F.);
#10221=DIRECTION('',(-1.,0.,0.));
#10222=VECTOR('',#10221,30.);
#10223=LINE('',#8302,#10222);
#10224=EDGE_CURVE('',#8303,#10207,#10223,.T.);
#10225=ORIENTED_EDGE('',*,*,#10224,.T.);
#10226=EDGE_LOOP('',(#10214,#10219,#10220,#10225));
#10227=FACE_OUTER_BOUND('',#10226,.T.);
#10228=CARTESIAN_POINT('',(70.,100.,360.));
#10229=DIRECTION('',(0.,1.,0.));
#10230=DIRECTION('',(0.,0.,1.));
#10231=AXIS2_PLACEMENT_3D('',#10228,#10229,#10230);
#10232=PLANE('',#10231);
#10233=ADVANCED_FACE('',(#10227),#10232,.T.);
#10234=CARTESIAN_POINT('',(70.,100.,378.75644));
#10235=VERTEX_POINT('',#10234);
#10236=DIRECTION('',(0.,0.,1.));
#10237=VECTOR('',#10236,9.54077);
#10238=LINE('',#10208,#10237);
#10239=EDGE_CURVE('',#10209,#10235,#10238,.T.);
#10240=ORIENTED_EDGE('',*,*,#10239,.T.);
#10241=DIRECTION('',(-0.96593,0.,-0.25882));
#10242=VECTOR('',#10241,31.05829);
#10243=LINE('',#8338,#10242);
#10244=EDGE_CURVE('',#8339,#10235,#10243,.T.);
#10245=ORIENTED_EDGE('',*,*,#10244,.F.);
#10246=ORIENTED_EDGE('',*,*,#8343,.F.);
#10247=ORIENTED_EDGE('',*,*,#10218,.T.);
#10248=EDGE_LOOP('',(#10240,#10245,#10246,#10247));
#10249=FACE_OUTER_BOUND('',#10248,.T.);
#10250=CARTESIAN_POINT('',(70.,100.,369.21567));
#10251=DIRECTION('',(0.,1.,0.));
#10252=DIRECTION('',(0.,0.,1.));
#10253=AXIS2_PLACEMENT_3D('',#10250,#10251,#10252);
#10254=PLANE('',#10253);
#10255=ADVANCED_FACE('',(#10249),#10254,.T.);
#10256=CARTESIAN_POINT('',(70.,100.,388.99495));
#10257=VERTEX_POINT('',#10256);
#10258=DIRECTION('',(0.,0.,1.));
#10259=VECTOR('',#10258,10.23851);
#10260=LINE('',#10234,#10259);
#10261=EDGE_CURVE('',#10235,#10257,#10260,.T.);
#10262=ORIENTED_EDGE('',*,*,#10261,.T.);
#10263=DIRECTION('',(-0.92388,0.,-0.38268));
#10264=VECTOR('',#10263,32.47177);
#10265=LINE('',#8366,#10264);
#10266=EDGE_CURVE('',#8367,#10257,#10265,.T.);
#10267=ORIENTED_EDGE('',*,*,#10266,.F.);
#10268=ORIENTED_EDGE('',*,*,#8371,.F.);
#10269=ORIENTED_EDGE('',*,*,#10244,.T.);
#10270=EDGE_LOOP('',(#10262,#10267,#10268,#10269));
#10271=FACE_OUTER_BOUND('',#10270,.T.);
#10272=CARTESIAN_POINT('',(70.,100.,378.75644));
#10273=DIRECTION('',(0.,1.,0.));
#10274=DIRECTION('',(0.,0.,1.));
#10275=AXIS2_PLACEMENT_3D('',#10272,#10273,#10274);
#10276=PLANE('',#10275);
#10277=ADVANCED_FACE('',(#10271),#10276,.T.);
#10278=CARTESIAN_POINT('',(70.,100.,400.41452));
#10279=VERTEX_POINT('',#10278);
#10280=DIRECTION('',(0.,0.,1.));
#10281=VECTOR('',#10280,11.41957);
#10282=LINE('',#10256,#10281);
#10283=EDGE_CURVE('',#10257,#10279,#10282,.T.);
#10284=ORIENTED_EDGE('',*,*,#10283,.T.);
#10285=DIRECTION('',(-0.86603,0.,-0.5));
#10286=VECTOR('',#10285,34.64102);
#10287=LINE('',#8394,#10286);
#10288=EDGE_CURVE('',#8395,#10279,#10287,.T.);
#10289=ORIENTED_EDGE('',*,*,#10288,.F.);
#10290=ORIENTED_EDGE('',*,*,#8399,.F.);
#10291=ORIENTED_EDGE('',*,*,#10266,.T.);
#10292=EDGE_LOOP('',(#10284,#10289,#10290,#10291));
#10293=FACE_OUTER_BOUND('',#10292,.T.);
#10294=CARTESIAN_POINT('',(70.,100.,388.99495));
#10295=DIRECTION('',(0.,1.,0.));
#10296=DIRECTION('',(0.,0.,1.));
#10297=AXIS2_PLACEMENT_3D('',#10294,#10295,#10296);
#10298=PLANE('',#10297);
#10299=ADVANCED_FACE('',(#10293),#10298,.T.);
#10300=CARTESIAN_POINT('',(70.,100.,413.71289));
#10301=VERTEX_POINT('',#10300);
#10302=DIRECTION('',(0.,0.,1.));
#10303=VECTOR('',#10302,13.29837);
#10304=LINE('',#10278,#10303);
#10305=EDGE_CURVE('',#10279,#10301,#10304,.T.);
#10306=ORIENTED_EDGE('',*,*,#10305,.T.);
#10307=DIRECTION('',(-0.79335,0.,-0.60876));
#10308=VECTOR('',#10307,37.81417);
#10309=LINE('',#8422,#10308);
#10310=EDGE_CURVE('',#8423,#10301,#10309,.T.);
#10311=ORIENTED_EDGE('',*,*,#10310,.F.);
#10312=ORIENTED_EDGE('',*,*,#8427,.F.);
#10313=ORIENTED_EDGE('',*,*,#10288,.T.);
#10314=EDGE_LOOP('',(#10306,#10311,#10312,#10313));
#10315=FACE_OUTER_BOUND('',#10314,.T.);
#10316=CARTESIAN_POINT('',(70.,100.,400.41452));
#10317=DIRECTION('',(0.,1.,0.));
#10318=DIRECTION('',(0.,0.,1.));
#10319=AXIS2_PLACEMENT_3D('',#10316,#10317,#10318);
#10320=PLANE('',#10319);
#10321=ADVANCED_FACE('',(#10315),#10320,.T.);
#10322=CARTESIAN_POINT('',(70.,100.,430.));
#10323=VERTEX_POINT('',#10322);
#10324=DIRECTION('',(0.,0.,1.));
#10325=VECTOR('',#10324,16.28711);
#10326=LINE('',#10300,#10325);
#10327=EDGE_CURVE('',#10301,#10323,#10326,.T.);
#10328=ORIENTED_EDGE('',*,*,#10327,.T.);
#10329=DIRECTION('',(-0.70711,0.,-0.70711));
#10330=VECTOR('',#10329,42.42641);
#10331=LINE('',#8450,#10330);
#10332=EDGE_CURVE('',#8451,#10323,#10331,.T.);
#10333=ORIENTED_EDGE('',*,*,#10332,.F.);
#10334=ORIENTED_EDGE('',*,*,#8455,.F.);
#10335=ORIENTED_EDGE('',*,*,#10310,.T.);
#10336=EDGE_LOOP('',(#10328,#10333,#10334,#10335));
#10337=FACE_OUTER_BOUND('',#10336,.T.);
#10338=CARTESIAN_POINT('',(70.,100.,413.71289));
#10339=DIRECTION('',(0.,1.,0.));
#10340=DIRECTION('',(0.,0.,1.));
#10341=AXIS2_PLACEMENT_3D('',#10338,#10339,#10340);
#10342=PLANE('',#10341);
#10343=ADVANCED_FACE('',(#10337),#10342,.T.);
#10344=CARTESIAN_POINT('',(70.,100.,451.22578));
#10345=VERTEX_POINT('',#10344);
#10346=DIRECTION('',(0.,0.,1.));
#10347=VECTOR('',#10346,21.22578);
#10348=LINE('',#10322,#10347);
#10349=EDGE_CURVE('',#10323,#10345,#10348,.T.);
#10350=ORIENTED_EDGE('',*,*,#10349,.T.);
#10351=DIRECTION('',(-0.60876,0.,-0.79335));
#10352=VECTOR('',#10351,49.28039);
#10353=LINE('',#8478,#10352);
#10354=EDGE_CURVE('',#8479,#10345,#10353,.T.);
#10355=ORIENTED_EDGE('',*,*,#10354,.F.);
#10356=ORIENTED_EDGE('',*,*,#8483,.F.);
#10357=ORIENTED_EDGE('',*,*,#10332,.T.);
#10358=EDGE_LOOP('',(#10350,#10355,#10356,#10357));
#10359=FACE_OUTER_BOUND('',#10358,.T.);
#10360=CARTESIAN_POINT('',(70.,100.,430.));
#10361=DIRECTION('',(0.,1.,0.));
#10362=DIRECTION('',(0.,0.,1.));
#10363=AXIS2_PLACEMENT_3D('',#10360,#10361,#10362);
#10364=PLANE('',#10363);
#10365=ADVANCED_FACE('',(#10359),#10364,.T.);
#10366=CARTESIAN_POINT('',(70.,100.,476.));
#10367=VERTEX_POINT('',#10366);
#10368=DIRECTION('',(0.,0.,1.));
#10369=VECTOR('',#10368,24.77422);
#10370=LINE('',#10344,#10369);
#10371=EDGE_CURVE('',#10345,#10367,#10370,.T.);
#10372=ORIENTED_EDGE('',*,*,#10371,.T.);
#10373=DIRECTION('',(-0.51666,0.,-0.85619));
#10374=VECTOR('',#10373,58.06471);
#10375=LINE('',#8506,#10374);
#10376=EDGE_CURVE('',#8507,#10367,#10375,.T.);
#10377=ORIENTED_EDGE('',*,*,#10376,.F.);
#10378=ORIENTED_EDGE('',*,*,#8511,.F.);
#10379=ORIENTED_EDGE('',*,*,#10354,.T.);
#10380=EDGE_LOOP('',(#10372,#10377,#10378,#10379));
#10381=FACE_OUTER_BOUND('',#10380,.T.);
#10382=CARTESIAN_POINT('',(70.,100.,451.22578));
#10383=DIRECTION('',(0.,1.,0.));
#10384=DIRECTION('',(0.,0.,1.));
#10385=AXIS2_PLACEMENT_3D('',#10382,#10383,#10384);
#10386=PLANE('',#10385);
#10387=ADVANCED_FACE('',(#10381),#10386,.T.);
#10388=CARTESIAN_POINT('',(69.04036,100.,479.58142));
#10389=VERTEX_POINT('',#10388);
#10390=DIRECTION('',(-0.25882,0.,0.96593));
#10391=VECTOR('',#10390,3.70775);
#10392=LINE('',#10366,#10391);
#10393=EDGE_CURVE('',#10367,#10389,#10392,.T.);
#10394=ORIENTED_EDGE('',*,*,#10393,.T.);
#10395=DIRECTION('',(-0.5,0.,-0.86603));
#10396=VECTOR('',#10395,61.91927);
#10397=LINE('',#8534,#10396);
#10398=EDGE_CURVE('',#8535,#10389,#10397,.T.);
#10399=ORIENTED_EDGE('',*,*,#10398,.F.);
#10400=ORIENTED_EDGE('',*,*,#8539,.F.);
#10401=ORIENTED_EDGE('',*,*,#10376,.T.);
#10402=EDGE_LOOP('',(#10394,#10399,#10400,#10401));
#10403=FACE_OUTER_BOUND('',#10402,.T.);
#10404=CARTESIAN_POINT('',(70.,100.,476.));
#10405=DIRECTION('',(0.,1.,0.));
#10406=DIRECTION('',(-0.25882,0.,0.96593));
#10407=AXIS2_PLACEMENT_3D('',#10404,#10405,#10406);
#10408=PLANE('',#10407);
#10409=ADVANCED_FACE('',(#10403),#10408,.T.);
#10410=CARTESIAN_POINT('',(67.85641,100.,484.));
#10411=VERTEX_POINT('',#10410);
#10412=DIRECTION('',(-0.25882,0.,0.96593));
#10413=VECTOR('',#10412,4.57446);
#10414=LINE('',#10388,#10413);
#10415=EDGE_CURVE('',#10389,#10411,#10414,.T.);
#10416=ORIENTED_EDGE('',*,*,#10415,.T.);
#10417=DIRECTION('',(-0.48005,0.,-0.87724));
#10418=VECTOR('',#10417,66.95865);
#10419=LINE('',#8562,#10418);
#10420=EDGE_CURVE('',#8563,#10411,#10419,.T.);
#10421=ORIENTED_EDGE('',*,*,#10420,.F.);
#10422=ORIENTED_EDGE('',*,*,#8567,.F.);
#10423=ORIENTED_EDGE('',*,*,#10398,.T.);
#10424=EDGE_LOOP('',(#10416,#10421,#10422,#10423));
#10425=FACE_OUTER_BOUND('',#10424,.T.);
#10426=CARTESIAN_POINT('',(69.04036,100.,479.58142));
#10427=DIRECTION('',(0.,1.,0.));
#10428=DIRECTION('',(-0.25882,0.,0.96593));
#10429=AXIS2_PLACEMENT_3D('',#10426,#10427,#10428);
#10430=PLANE('',#10429);
#10431=ADVANCED_FACE('',(#10425),#10430,.T.);
#10432=CARTESIAN_POINT('',(62.,100.,489.85641));
#10433=VERTEX_POINT('',#10432);
#10434=DIRECTION('',(-0.70711,0.,0.70711));
#10435=VECTOR('',#10434,8.28221);
#10436=LINE('',#10410,#10435);
#10437=EDGE_CURVE('',#10411,#10433,#10436,.T.);
#10438=ORIENTED_EDGE('',*,*,#10437,.T.);
#10439=DIRECTION('',(-0.43086,0.,-0.90242));
#10440=VECTOR('',#10439,88.19566);
#10441=LINE('',#8590,#10440);
#10442=EDGE_CURVE('',#8591,#10433,#10441,.T.);
#10443=ORIENTED_EDGE('',*,*,#10442,.F.);
#10444=ORIENTED_EDGE('',*,*,#8595,.F.);
#10445=ORIENTED_EDGE('',*,*,#10420,.T.);
#10446=EDGE_LOOP('',(#10438,#10443,#10444,#10445));
#10447=FACE_OUTER_BOUND('',#10446,.T.);
#10448=CARTESIAN_POINT('',(67.85641,100.,484.));
#10449=DIRECTION('',(0.,1.,0.));
#10450=DIRECTION('',(-0.70711,0.,0.70711));
#10451=AXIS2_PLACEMENT_3D('',#10448,#10449,#10450);
#10452=PLANE('',#10451);
#10453=ADVANCED_FACE('',(#10447),#10452,.T.);
#10454=CARTESIAN_POINT('',(56.59665,100.,491.30423));
#10455=VERTEX_POINT('',#10454);
#10456=DIRECTION('',(-0.96593,0.,0.25882));
#10457=VECTOR('',#10456,5.59396);
#10458=LINE('',#10432,#10457);
#10459=EDGE_CURVE('',#10433,#10455,#10458,.T.);
#10460=ORIENTED_EDGE('',*,*,#10459,.T.);
#10461=DIRECTION('',(-0.39583,0.,-0.91832));
#10462=VECTOR('',#10461,109.65167);
#10463=LINE('',#8618,#10462);
#10464=EDGE_CURVE('',#8619,#10455,#10463,.T.);
#10465=ORIENTED_EDGE('',*,*,#10464,.F.);
#10466=ORIENTED_EDGE('',*,*,#8623,.F.);
#10467=ORIENTED_EDGE('',*,*,#10442,.T.);
#10468=EDGE_LOOP('',(#10460,#10465,#10466,#10467));
#10469=FACE_OUTER_BOUND('',#10468,.T.);
#10470=CARTESIAN_POINT('',(62.,100.,489.85641));
#10471=DIRECTION('',(0.,1.,0.));
#10472=DIRECTION('',(-0.96593,0.,0.25882));
#10473=AXIS2_PLACEMENT_3D('',#10470,#10471,#10472);
#10474=PLANE('',#10473);
#10475=ADVANCED_FACE('',(#10469),#10474,.T.);
#10476=CARTESIAN_POINT('',(54.60864,100.,491.83692));
#10477=VERTEX_POINT('',#10476);
#10478=DIRECTION('',(-0.96593,0.,0.25882));
#10479=VECTOR('',#10478,2.05814);
#10480=LINE('',#10454,#10479);
#10481=EDGE_CURVE('',#10455,#10477,#10480,.T.);
#10482=ORIENTED_EDGE('',*,*,#10481,.T.);
#10483=DIRECTION('',(-0.38268,0.,-0.92388));
#10484=VECTOR('',#10483,108.41574);
#10485=LINE('',#8646,#10484);
#10486=EDGE_CURVE('',#8647,#10477,#10485,.T.);
#10487=ORIENTED_EDGE('',*,*,#10486,.F.);
#10488=ORIENTED_EDGE('',*,*,#8651,.F.);
#10489=ORIENTED_EDGE('',*,*,#10464,.T.);
#10490=EDGE_LOOP('',(#10482,#10487,#10488,#10489));
#10491=FACE_OUTER_BOUND('',#10490,.T.);
#10492=CARTESIAN_POINT('',(56.59665,100.,491.30423));
#10493=DIRECTION('',(0.,1.,0.));
#10494=DIRECTION('',(-0.96593,0.,0.25882));
#10495=AXIS2_PLACEMENT_3D('',#10492,#10493,#10494);
#10496=PLANE('',#10495);
#10497=ADVANCED_FACE('',(#10491),#10496,.T.);
#10498=CARTESIAN_POINT('',(54.,100.,492.));
#10499=VERTEX_POINT('',#10498);
#10500=DIRECTION('',(-0.96593,0.,0.25882));
#10501=VECTOR('',#10500,0.63011);
#10502=LINE('',#10476,#10501);
#10503=EDGE_CURVE('',#10477,#10499,#10502,.T.);
#10504=ORIENTED_EDGE('',*,*,#10503,.T.);
#10505=DIRECTION('',(-0.37863,0.,-0.92555));
#10506=VECTOR('',#10505,108.04422);
#10507=LINE('',#8674,#10506);
#10508=EDGE_CURVE('',#8675,#10499,#10507,.T.);
#10509=ORIENTED_EDGE('',*,*,#10508,.F.);
#10510=ORIENTED_EDGE('',*,*,#8679,.F.);
#10511=ORIENTED_EDGE('',*,*,#10486,.T.);
#10512=EDGE_LOOP('',(#10504,#10509,#10510,#10511));
#10513=FACE_OUTER_BOUND('',#10512,.T.);
#10514=CARTESIAN_POINT('',(54.60864,100.,491.83692));
#10515=DIRECTION('',(0.,1.,0.));
#10516=DIRECTION('',(-0.96593,0.,0.25882));
#10517=AXIS2_PLACEMENT_3D('',#10514,#10515,#10516);
#10518=PLANE('',#10517);
#10519=ADVANCED_FACE('',(#10513),#10518,.T.);
#10520=CARTESIAN_POINT('',(35.36929,100.,492.));
#10521=VERTEX_POINT('',#10520);
#10522=DIRECTION('',(-1.,0.,0.));
#10523=VECTOR('',#10522,18.63071);
#10524=LINE('',#10498,#10523);
#10525=EDGE_CURVE('',#10499,#10521,#10524,.T.);
#10526=ORIENTED_EDGE('',*,*,#10525,.T.);
#10527=DIRECTION('',(-0.25882,0.,-0.96593));
#10528=VECTOR('',#10527,103.52762);
#10529=LINE('',#8702,#10528);
#10530=EDGE_CURVE('',#8703,#10521,#10529,.T.);
#10531=ORIENTED_EDGE('',*,*,#10530,.F.);
#10532=ORIENTED_EDGE('',*,*,#8707,.F.);
#10533=ORIENTED_EDGE('',*,*,#10508,.T.);
#10534=EDGE_LOOP('',(#10526,#10531,#10532,#10533));
#10535=FACE_OUTER_BOUND('',#10534,.T.);
#10536=CARTESIAN_POINT('',(54.,100.,492.));
#10537=DIRECTION('',(0.,1.,0.));
#10538=DIRECTION('',(-1.,0.,0.));
#10539=AXIS2_PLACEMENT_3D('',#10536,#10537,#10538);
#10540=PLANE('',#10539);
#10541=ADVANCED_FACE('',(#10535),#10540,.T.);
#10542=CARTESIAN_POINT('',(17.37813,100.,492.));
#10543=VERTEX_POINT('',#10542);
#10544=DIRECTION('',(-1.,0.,0.));
#10545=VECTOR('',#10544,17.99116);
#10546=LINE('',#10520,#10545);
#10547=EDGE_CURVE('',#10521,#10543,#10546,.T.);
#10548=ORIENTED_EDGE('',*,*,#10547,.T.);
#10549=DIRECTION('',(-0.13053,0.,-0.99144));
#10550=VECTOR('',#10549,100.8629);
#10551=LINE('',#8730,#10550);
#10552=EDGE_CURVE('',#8731,#10543,#10551,.T.);
#10553=ORIENTED_EDGE('',*,*,#10552,.F.);
#10554=ORIENTED_EDGE('',*,*,#8735,.F.);
#10555=ORIENTED_EDGE('',*,*,#10530,.T.);
#10556=EDGE_LOOP('',(#10548,#10553,#10554,#10555));
#10557=FACE_OUTER_BOUND('',#10556,.T.);
#10558=CARTESIAN_POINT('',(35.36929,100.,492.));
#10559=DIRECTION('',(0.,1.,0.));
#10560=DIRECTION('',(-1.,0.,0.));
#10561=AXIS2_PLACEMENT_3D('',#10558,#10559,#10560);
#10562=PLANE('',#10561);
#10563=ADVANCED_FACE('',(#10557),#10562,.T.);
#10564=CARTESIAN_POINT('',(0.,100.,492.));
#10565=VERTEX_POINT('',#10564);
#10566=DIRECTION('',(-1.,0.,0.));
#10567=VECTOR('',#10566,17.37813);
#10568=LINE('',#10542,#10567);
#10569=EDGE_CURVE('',#10543,#10565,#10568,.T.);
#10570=ORIENTED_EDGE('',*,*,#10569,.T.);
#10571=DIRECTION('',(0.,0.,-1.));
#10572=VECTOR('',#10571,100.);
#10573=LINE('',#8758,#10572);
#10574=EDGE_CURVE('',#8759,#10565,#10573,.T.);
#10575=ORIENTED_EDGE('',*,*,#10574,.F.);
#10576=ORIENTED_EDGE('',*,*,#8763,.F.);
#10577=ORIENTED_EDGE('',*,*,#10552,.T.);
#10578=EDGE_LOOP('',(#10570,#10575,#10576,#10577));
#10579=FACE_OUTER_BOUND('',#10578,.T.);
#10580=CARTESIAN_POINT('',(17.37813,100.,492.));
#10581=DIRECTION('',(0.,1.,0.));
#10582=DIRECTION('',(-1.,0.,0.));
#10583=AXIS2_PLACEMENT_3D('',#10580,#10581,#10582);
#10584=PLANE('',#10583);
#10585=ADVANCED_FACE('',(#10579),#10584,.T.);
#10586=CARTESIAN_POINT('',(-17.37813,100.,492.));
#10587=VERTEX_POINT('',#10586);
#10588=DIRECTION('',(-1.,0.,0.));
#10589=VECTOR('',#10588,17.37813);
#10590=LINE('',#10564,#10589);
#10591=EDGE_CURVE('',#10565,#10587,#10590,.T.);
#10592=ORIENTED_EDGE('',*,*,#10591,.T.);
#10593=DIRECTION('',(0.13053,0.,-0.99144));
#10594=VECTOR('',#10593,100.8629);
#10595=LINE('',#8786,#10594);
#10596=EDGE_CURVE('',#8787,#10587,#10595,.T.);
#10597=ORIENTED_EDGE('',*,*,#10596,.F.);
#10598=ORIENTED_EDGE('',*,*,#8791,.F.);
#10599=ORIENTED_EDGE('',*,*,#10574,.T.);
#10600=EDGE_LOOP('',(#10592,#10597,#10598,#10599));
#10601=FACE_OUTER_BOUND('',#10600,.T.);
#10602=CARTESIAN_POINT('',(0.,100.,492.));
#10603=DIRECTION('',(0.,1.,0.));
#10604=DIRECTION('',(-1.,0.,0.));
#10605=AXIS2_PLACEMENT_3D('',#10602,#10603,#10604);
#10606=PLANE('',#10605);
#10607=ADVANCED_FACE('',(#10601),#10606,.T.);
#10608=CARTESIAN_POINT('',(-35.36929,100.,492.));
#10609=VERTEX_POINT('',#10608);
#10610=DIRECTION('',(-1.,0.,0.));
#10611=VECTOR('',#10610,17.99116);
#10612=LINE('',#10586,#10611);
#10613=EDGE_CURVE('',#10587,#10609,#10612,.T.);
#10614=ORIENTED_EDGE('',*,*,#10613,.T.);
#10615=DIRECTION('',(0.25882,0.,-0.96593));
#10616=VECTOR('',#10615,103.52762);
#10617=LINE('',#8814,#10616);
#10618=EDGE_CURVE('',#8815,#10609,#10617,.T.);
#10619=ORIENTED_EDGE('',*,*,#10618,.F.);
#10620=ORIENTED_EDGE('',*,*,#8819,.F.);
#10621=ORIENTED_EDGE('',*,*,#10596,.T.);
#10622=EDGE_LOOP('',(#10614,#10619,#10620,#10621));
#10623=FACE_OUTER_BOUND('',#10622,.T.);
#10624=CARTESIAN_POINT('',(-17.37813,100.,492.));
#10625=DIRECTION('',(0.,1.,0.));
#10626=DIRECTION('',(-1.,0.,0.));
#10627=AXIS2_PLACEMENT_3D('',#10624,#10625,#10626);
#10628=PLANE('',#10627);
#10629=ADVANCED_FACE('',(#10623),#10628,.T.);
#10630=CARTESIAN_POINT('',(-54.,100.,492.));
#10631=VERTEX_POINT('',#10630);
#10632=DIRECTION('',(-1.,0.,0.));
#10633=VECTOR('',#10632,18.63071);
#10634=LINE('',#10608,#10633);
#10635=EDGE_CURVE('',#10609,#10631,#10634,.T.);
#10636=ORIENTED_EDGE('',*,*,#10635,.T.);
#10637=DIRECTION('',(0.37863,0.,-0.92555));
#10638=VECTOR('',#10637,108.04422);
#10639=LINE('',#8842,#10638);
#10640=EDGE_CURVE('',#8843,#10631,#10639,.T.);
#10641=ORIENTED_EDGE('',*,*,#10640,.F.);
#10642=ORIENTED_EDGE('',*,*,#8847,.F.);
#10643=ORIENTED_EDGE('',*,*,#10618,.T.);
#10644=EDGE_LOOP('',(#10636,#10641,#10642,#10643));
#10645=FACE_OUTER_BOUND('',#10644,.T.);
#10646=CARTESIAN_POINT('',(-35.36929,100.,492.));
#10647=DIRECTION('',(0.,1.,0.));
#10648=DIRECTION('',(-1.,0.,0.));
#10649=AXIS2_PLACEMENT_3D('',#10646,#10647,#10648);
#10650=PLANE('',#10649);
#10651=ADVANCED_FACE('',(#10645),#10650,.T.);
#10652=CARTESIAN_POINT('',(-54.60864,100.,491.83692));
#10653=VERTEX_POINT('',#10652);
#10654=DIRECTION('',(-0.96593,0.,-0.25882));
#10655=VECTOR('',#10654,0.63011);
#10656=LINE('',#10630,#10655);
#10657=EDGE_CURVE('',#10631,#10653,#10656,.T.);
#10658=ORIENTED_EDGE('',*,*,#10657,.T.);
#10659=DIRECTION('',(0.38268,0.,-0.92388));
#10660=VECTOR('',#10659,108.41574);
#10661=LINE('',#8870,#10660);
#10662=EDGE_CURVE('',#8871,#10653,#10661,.T.);
#10663=ORIENTED_EDGE('',*,*,#10662,.F.);
#10664=ORIENTED_EDGE('',*,*,#8875,.F.);
#10665=ORIENTED_EDGE('',*,*,#10640,.T.);
#10666=EDGE_LOOP('',(#10658,#10663,#10664,#10665));
#10667=FACE_OUTER_BOUND('',#10666,.T.);
#10668=CARTESIAN_POINT('',(-54.,100.,492.));
#10669=DIRECTION('',(0.,1.,0.));
#10670=DIRECTION('',(-0.96593,0.,-0.25882));
#10671=AXIS2_PLACEMENT_3D('',#10668,#10669,#10670);
#10672=PLANE('',#10671);
#10673=ADVANCED_FACE('',(#10667),#10672,.T.);
#10674=CARTESIAN_POINT('',(-56.59665,100.,491.30423));
#10675=VERTEX_POINT('',#10674);
#10676=DIRECTION('',(-0.96593,0.,-0.25882));
#10677=VECTOR('',#10676,2.05814);
#10678=LINE('',#10652,#10677);
#10679=EDGE_CURVE('',#10653,#10675,#10678,.T.);
#10680=ORIENTED_EDGE('',*,*,#10679,.T.);
#10681=DIRECTION('',(0.39583,0.,-0.91832));
#10682=VECTOR('',#10681,109.65167);
#10683=LINE('',#8898,#10682);
#10684=EDGE_CURVE('',#8899,#10675,#10683,.T.);
#10685=ORIENTED_EDGE('',*,*,#10684,.F.);
#10686=ORIENTED_EDGE('',*,*,#8903,.F.);
#10687=ORIENTED_EDGE('',*,*,#10662,.T.);
#10688=EDGE_LOOP('',(#10680,#10685,#10686,#10687));
#10689=FACE_OUTER_BOUND('',#10688,.T.);
#10690=CARTESIAN_POINT('',(-54.60864,100.,491.83692));
#10691=DIRECTION('',(0.,1.,0.));
#10692=DIRECTION('',(-0.96593,0.,-0.25882));
#10693=AXIS2_PLACEMENT_3D('',#10690,#10691,#10692);
#10694=PLANE('',#10693);
#10695=ADVANCED_FACE('',(#10689),#10694,.T.);
#10696=CARTESIAN_POINT('',(-62.,100.,489.85641));
#10697=VERTEX_POINT('',#10696);
#10698=DIRECTION('',(-0.96593,0.,-0.25882));
#10699=VECTOR('',#10698,5.59396);
#10700=LINE('',#10674,#10699);
#10701=EDGE_CURVE('',#10675,#10697,#10700,.T.);
#10702=ORIENTED_EDGE('',*,*,#10701,.T.);
#10703=DIRECTION('',(0.43086,0.,-0.90242));
#10704=VECTOR('',#10703,88.19566);
#10705=LINE('',#8926,#10704);
#10706=EDGE_CURVE('',#8927,#10697,#10705,.T.);
#10707=ORIENTED_EDGE('',*,*,#10706,.F.);
#10708=ORIENTED_EDGE('',*,*,#8931,.F.);
#10709=ORIENTED_EDGE('',*,*,#10684,.T.);
#10710=EDGE_LOOP('',(#10702,#10707,#10708,#10709));
#10711=FACE_OUTER_BOUND('',#10710,.T.);
#10712=CARTESIAN_POINT('',(-56.59665,100.,491.30423));
#10713=DIRECTION('',(0.,1.,0.));
#10714=DIRECTION('',(-0.96593,0.,-0.25882));
#10715=AXIS2_PLACEMENT_3D('',#10712,#10713,#10714);
#10716=PLANE('',#10715);
#10717=ADVANCED_FACE('',(#10711),#10716,.T.);
#10718=CARTESIAN_POINT('',(-67.85641,100.,484.));
#10719=VERTEX_POINT('',#10718);
#10720=DIRECTION('',(-0.70711,0.,-0.70711));
#10721=VECTOR('',#10720,8.28221);
#10722=LINE('',#10696,#10721);
#10723=EDGE_CURVE('',#10697,#10719,#10722,.T.);
#10724=ORIENTED_EDGE('',*,*,#10723,.T.);
#10725=DIRECTION('',(0.48005,0.,-0.87724));
#10726=VECTOR('',#10725,66.95865);
#10727=LINE('',#8954,#10726);
#10728=EDGE_CURVE('',#8955,#10719,#10727,.T.);
#10729=ORIENTED_EDGE('',*,*,#10728,.F.);
#10730=ORIENTED_EDGE('',*,*,#8959,.F.);
#10731=ORIENTED_EDGE('',*,*,#10706,.T.);
#10732=EDGE_LOOP('',(#10724,#10729,#10730,#10731));
#10733=FACE_OUTER_BOUND('',#10732,.T.);
#10734=CARTESIAN_POINT('',(-62.,100.,489.85641));
#10735=DIRECTION('',(0.,1.,0.));
#10736=DIRECTION('',(-0.70711,0.,-0.70711));
#10737=AXIS2_PLACEMENT_3D('',#10734,#10735,#10736);
#10738=PLANE('',#10737);
#10739=ADVANCED_FACE('',(#10733),#10738,.T.);
#10740=CARTESIAN_POINT('',(-69.04036,100.,479.58142));
#10741=VERTEX_POINT('',#10740);
#10742=DIRECTION('',(-0.25882,0.,-0.96593));
#10743=VECTOR('',#10742,4.57446);
#10744=LINE('',#10718,#10743);
#10745=EDGE_CURVE('',#10719,#10741,#10744,.T.);
#10746=ORIENTED_EDGE('',*,*,#10745,.T.);
#10747=DIRECTION('',(0.5,0.,-0.86603));
#10748=VECTOR('',#10747,61.91927);
#10749=LINE('',#8982,#10748);
#10750=EDGE_CURVE('',#8983,#10741,#10749,.T.);
#10751=ORIENTED_EDGE('',*,*,#10750,.F.);
#10752=ORIENTED_EDGE('',*,*,#8987,.F.);
#10753=ORIENTED_EDGE('',*,*,#10728,.T.);
#10754=EDGE_LOOP('',(#10746,#10751,#10752,#10753));
#10755=FACE_OUTER_BOUND('',#10754,.T.);
#10756=CARTESIAN_POINT('',(-67.85641,100.,484.));
#10757=DIRECTION('',(0.,1.,0.));
#10758=DIRECTION('',(-0.25882,0.,-0.96593));
#10759=AXIS2_PLACEMENT_3D('',#10756,#10757,#10758);
#10760=PLANE('',#10759);
#10761=ADVANCED_FACE('',(#10755),#10760,.T.);
#10762=CARTESIAN_POINT('',(-70.,100.,476.));
#10763=VERTEX_POINT('',#10762);
#10764=DIRECTION('',(-0.25882,0.,-0.96593));
#10765=VECTOR('',#10764,3.70775);
#10766=LINE('',#10740,#10765);
#10767=EDGE_CURVE('',#10741,#10763,#10766,.T.);
#10768=ORIENTED_EDGE('',*,*,#10767,.T.);
#10769=DIRECTION('',(0.51666,0.,-0.85619));
#10770=VECTOR('',#10769,58.06471);
#10771=LINE('',#9010,#10770);
#10772=EDGE_CURVE('',#9011,#10763,#10771,.T.);
#10773=ORIENTED_EDGE('',*,*,#10772,.F.);
#10774=ORIENTED_EDGE('',*,*,#9015,.F.);
#10775=ORIENTED_EDGE('',*,*,#10750,.T.);
#10776=EDGE_LOOP('',(#10768,#10773,#10774,#10775));
#10777=FACE_OUTER_BOUND('',#10776,.T.);
#10778=CARTESIAN_POINT('',(-69.04036,100.,479.58142));
#10779=DIRECTION('',(0.,1.,0.));
#10780=DIRECTION('',(-0.25882,0.,-0.96593));
#10781=AXIS2_PLACEMENT_3D('',#10778,#10779,#10780);
#10782=PLANE('',#10781);
#10783=ADVANCED_FACE('',(#10777),#10782,.T.);
#10784=CARTESIAN_POINT('',(-70.,100.,451.22578));
#10785=VERTEX_POINT('',#10784);
#10786=DIRECTION('',(0.,0.,-1.));
#10787=VECTOR('',#10786,24.77422);
#10788=LINE('',#10762,#10787);
#10789=EDGE_CURVE('',#10763,#10785,#10788,.T.);
#10790=ORIENTED_EDGE('',*,*,#10789,.T.);
#10791=DIRECTION('',(0.60876,0.,-0.79335));
#10792=VECTOR('',#10791,49.28039);
#10793=LINE('',#9038,#10792);
#10794=EDGE_CURVE('',#9039,#10785,#10793,.T.);
#10795=ORIENTED_EDGE('',*,*,#10794,.F.);
#10796=ORIENTED_EDGE('',*,*,#9043,.F.);
#10797=ORIENTED_EDGE('',*,*,#10772,.T.);
#10798=EDGE_LOOP('',(#10790,#10795,#10796,#10797));
#10799=FACE_OUTER_BOUND('',#10798,.T.);
#10800=CARTESIAN_POINT('',(-70.,100.,476.));
#10801=DIRECTION('',(0.,1.,0.));
#10802=DIRECTION('',(0.,0.,-1.));
#10803=AXIS2_PLACEMENT_3D('',#10800,#10801,#10802);
#10804=PLANE('',#10803);
#10805=ADVANCED_FACE('',(#10799),#10804,.T.);
#10806=CARTESIAN_POINT('',(-70.,100.,430.));
#10807=VERTEX_POINT('',#10806);
#10808=DIRECTION('',(0.,0.,-1.));
#10809=VECTOR('',#10808,21.22578);
#10810=LINE('',#10784,#10809);
#10811=EDGE_CURVE('',#10785,#10807,#10810,.T.);
#10812=ORIENTED_EDGE('',*,*,#10811,.T.);
#10813=DIRECTION('',(0.70711,0.,-0.70711));
#10814=VECTOR('',#10813,42.42641);
#10815=LINE('',#9066,#10814);
#10816=EDGE_CURVE('',#9067,#10807,#10815,.T.);
#10817=ORIENTED_EDGE('',*,*,#10816,.F.);
#10818=ORIENTED_EDGE('',*,*,#9071,.F.);
#10819=ORIENTED_EDGE('',*,*,#10794,.T.);
#10820=EDGE_LOOP('',(#10812,#10817,#10818,#10819));
#10821=FACE_OUTER_BOUND('',#10820,.T.);
#10822=CARTESIAN_POINT('',(-70.,100.,451.22578));
#10823=DIRECTION('',(0.,1.,0.));
#10824=DIRECTION('',(0.,0.,-1.));
#10825=AXIS2_PLACEMENT_3D('',#10822,#10823,#10824);
#10826=PLANE('',#10825);
#10827=ADVANCED_FACE('',(#10821),#10826,.T.);
#10828=CARTESIAN_POINT('',(-70.,100.,413.71289));
#10829=VERTEX_POINT('',#10828);
#10830=DIRECTION('',(0.,0.,-1.));
#10831=VECTOR('',#10830,16.28711);
#10832=LINE('',#10806,#10831);
#10833=EDGE_CURVE('',#10807,#10829,#10832,.T.);
#10834=ORIENTED_EDGE('',*,*,#10833,.T.);
#10835=DIRECTION('',(0.79335,0.,-0.60876));
#10836=VECTOR('',#10835,37.81417);
#10837=LINE('',#9094,#10836);
#10838=EDGE_CURVE('',#9095,#10829,#10837,.T.);
#10839=ORIENTED_EDGE('',*,*,#10838,.F.);
#10840=ORIENTED_EDGE('',*,*,#9099,.F.);
#10841=ORIENTED_EDGE('',*,*,#10816,.T.);
#10842=EDGE_LOOP('',(#10834,#10839,#10840,#10841));
#10843=FACE_OUTER_BOUND('',#10842,.T.);
#10844=CARTESIAN_POINT('',(-70.,100.,430.));
#10845=DIRECTION('',(0.,1.,0.));
#10846=DIRECTION('',(0.,0.,-1.));
#10847=AXIS2_PLACEMENT_3D('',#10844,#10845,#10846);
#10848=PLANE('',#10847);
#10849=ADVANCED_FACE('',(#10843),#10848,.T.);
#10850=CARTESIAN_POINT('',(-70.,100.,400.41452));
#10851=VERTEX_POINT('',#10850);
#10852=DIRECTION('',(0.,0.,-1.));
#10853=VECTOR('',#10852,13.29837);
#10854=LINE('',#10828,#10853);
#10855=EDGE_CURVE('',#10829,#10851,#10854,.T.);
#10856=ORIENTED_EDGE('',*,*,#10855,.T.);
#10857=DIRECTION('',(0.86603,0.,-0.5));
#10858=VECTOR('',#10857,34.64102);
#10859=LINE('',#9122,#10858);
#10860=EDGE_CURVE('',#9123,#10851,#10859,.T.);
#10861=ORIENTED_EDGE('',*,*,#10860,.F.);
#10862=ORIENTED_EDGE('',*,*,#9127,.F.);
#10863=ORIENTED_EDGE('',*,*,#10838,.T.);
#10864=EDGE_LOOP('',(#10856,#10861,#10862,#10863));
#10865=FACE_OUTER_BOUND('',#10864,.T.);
#10866=CARTESIAN_POINT('',(-70.,100.,413.71289));
#10867=DIRECTION('',(0.,1.,0.));
#10868=DIRECTION('',(0.,0.,-1.));
#10869=AXIS2_PLACEMENT_3D('',#10866,#10867,#10868);
#10870=PLANE('',#10869);
#10871=ADVANCED_FACE('',(#10865),#10870,.T.);
#10872=CARTESIAN_POINT('',(-70.,100.,388.99495));
#10873=VERTEX_POINT('',#10872);
#10874=DIRECTION('',(0.,0.,-1.));
#10875=VECTOR('',#10874,11.41957);
#10876=LINE('',#10850,#10875);
#10877=EDGE_CURVE('',#10851,#10873,#10876,.T.);
#10878=ORIENTED_EDGE('',*,*,#10877,.T.);
#10879=DIRECTION('',(0.92388,0.,-0.38268));
#10880=VECTOR('',#10879,32.47177);
#10881=LINE('',#9150,#10880);
#10882=EDGE_CURVE('',#9151,#10873,#10881,.T.);
#10883=ORIENTED_EDGE('',*,*,#10882,.F.);
#10884=ORIENTED_EDGE('',*,*,#9155,.F.);
#10885=ORIENTED_EDGE('',*,*,#10860,.T.);
#10886=EDGE_LOOP('',(#10878,#10883,#10884,#10885));
#10887=FACE_OUTER_BOUND('',#10886,.T.);
#10888=CARTESIAN_POINT('',(-70.,100.,400.41452));
#10889=DIRECTION('',(0.,1.,0.));
#10890=DIRECTION('',(0.,0.,-1.));
#10891=AXIS2_PLACEMENT_3D('',#10888,#10889,#10890);
#10892=PLANE('',#10891);
#10893=ADVANCED_FACE('',(#10887),#10892,.T.);
#10894=CARTESIAN_POINT('',(-70.,100.,378.75644));
#10895=VERTEX_POINT('',#10894);
#10896=DIRECTION('',(0.,0.,-1.));
#10897=VECTOR('',#10896,10.23851);
#10898=LINE('',#10872,#10897);
#10899=EDGE_CURVE('',#10873,#10895,#10898,.T.);
#10900=ORIENTED_EDGE('',*,*,#10899,.T.);
#10901=DIRECTION('',(0.96593,0.,-0.25882));
#10902=VECTOR('',#10901,31.05829);
#10903=LINE('',#9178,#10902);
#10904=EDGE_CURVE('',#9179,#10895,#10903,.T.);
#10905=ORIENTED_EDGE('',*,*,#10904,.F.);
#10906=ORIENTED_EDGE('',*,*,#9183,.F.);
#10907=ORIENTED_EDGE('',*,*,#10882,.T.);
#10908=EDGE_LOOP('',(#10900,#10905,#10906,#10907));
#10909=FACE_OUTER_BOUND('',#10908,.T.);
#10910=CARTESIAN_POINT('',(-70.,100.,388.99495));
#10911=DIRECTION('',(0.,1.,0.));
#10912=DIRECTION('',(0.,0.,-1.));
#10913=AXIS2_PLACEMENT_3D('',#10910,#10911,#10912);
#10914=PLANE('',#10913);
#10915=ADVANCED_FACE('',(#10909),#10914,.T.);
#10916=CARTESIAN_POINT('',(-70.,100.,369.21567));
#10917=VERTEX_POINT('',#10916);
#10918=DIRECTION('',(0.,0.,-1.));
#10919=VECTOR('',#10918,9.54077);
#10920=LINE('',#10894,#10919);
#10921=EDGE_CURVE('',#10895,#10917,#10920,.T.);
#10922=ORIENTED_EDGE('',*,*,#10921,.T.);
#10923=DIRECTION('',(0.99144,0.,-0.13053));
#10924=VECTOR('',#10923,30.25887);
#10925=LINE('',#9206,#10924);
#10926=EDGE_CURVE('',#9207,#10917,#10925,.T.);
#10927=ORIENTED_EDGE('',*,*,#10926,.F.);
#10928=ORIENTED_EDGE('',*,*,#9211,.F.);
#10929=ORIENTED_EDGE('',*,*,#10904,.T.);
#10930=EDGE_LOOP('',(#10922,#10927,#10928,#10929));
#10931=FACE_OUTER_BOUND('',#10930,.T.);
#10932=CARTESIAN_POINT('',(-70.,100.,378.75644));
#10933=DIRECTION('',(0.,1.,0.));
#10934=DIRECTION('',(0.,0.,-1.));
#10935=AXIS2_PLACEMENT_3D('',#10932,#10933,#10934);
#10936=PLANE('',#10935);
#10937=ADVANCED_FACE('',(#10931),#10936,.T.);
#10938=CARTESIAN_POINT('',(-70.,100.,360.));
#10939=VERTEX_POINT('',#10938);
#10940=DIRECTION('',(0.,0.,-1.));
#10941=VECTOR('',#10940,9.21567);
#10942=LINE('',#10916,#10941);
#10943=EDGE_CURVE('',#10917,#10939,#10942,.T.);
#10944=ORIENTED_EDGE('',*,*,#10943,.T.);
#10945=DIRECTION('',(1.,0.,0.));
#10946=VECTOR('',#10945,30.);
#10947=LINE('',#9234,#10946);
#10948=EDGE_CURVE('',#9235,#10939,#10947,.T.);
#10949=ORIENTED_EDGE('',*,*,#10948,.F.);
#10950=ORIENTED_EDGE('',*,*,#9239,.F.);
#10951=ORIENTED_EDGE('',*,*,#10926,.T.);
#10952=EDGE_LOOP('',(#10944,#10949,#10950,#10951));
#10953=FACE_OUTER_BOUND('',#10952,.T.);
#10954=CARTESIAN_POINT('',(-70.,100.,369.21567));
#10955=DIRECTION('',(0.,1.,0.));
#10956=DIRECTION('',(0.,0.,-1.));
#10957=AXIS2_PLACEMENT_3D('',#10954,#10955,#10956);
#10958=PLANE('',#10957);
#10959=ADVANCED_FACE('',(#10953),#10958,.T.);
#10960=CARTESIAN_POINT('',(-70.,100.,350.78433));
#10961=VERTEX_POINT('',#10960);
#10962=DIRECTION('',(0.,0.,-1.));
#10963=VECTOR('',#10962,9.21567);
#10964=LINE('',#10938,#10963);
#10965=EDGE_CURVE('',#10939,#10961,#10964,.T.);
#10966=ORIENTED_EDGE('',*,*,#10965,.T.);
#10967=DIRECTION('',(0.99144,0.,0.13053));
#10968=VECTOR('',#10967,30.25887);
#10969=LINE('',#9262,#10968);
#10970=EDGE_CURVE('',#9263,#10961,#10969,.T.);
#10971=ORIENTED_EDGE('',*,*,#10970,.F.);
#10972=ORIENTED_EDGE('',*,*,#9267,.F.);
#10973=ORIENTED_EDGE('',*,*,#10948,.T.);
#10974=EDGE_LOOP('',(#10966,#10971,#10972,#10973));
#10975=FACE_OUTER_BOUND('',#10974,.T.);
#10976=CARTESIAN_POINT('',(-70.,100.,360.));
#10977=DIRECTION('',(0.,1.,0.));
#10978=DIRECTION('',(0.,0.,-1.));
#10979=AXIS2_PLACEMENT_3D('',#10976,#10977,#10978);
#10980=PLANE('',#10979);
#10981=ADVANCED_FACE('',(#10975),#10980,.T.);
#10982=CARTESIAN_POINT('',(-70.,100.,341.24356));
#10983=VERTEX_POINT('',#10982);
#10984=DIRECTION('',(0.,0.,-1.));
#10985=VECTOR('',#10984,9.54077);
#10986=LINE('',#10960,#10985);
#10987=EDGE_CURVE('',#10961,#10983,#10986,.T.);
#10988=ORIENTED_EDGE('',*,*,#10987,.T.);
#10989=DIRECTION('',(0.96593,0.,0.25882));
#10990=VECTOR('',#10989,31.05829);
#10991=LINE('',#9290,#10990);
#10992=EDGE_CURVE('',#9291,#10983,#10991,.T.);
#10993=ORIENTED_EDGE('',*,*,#10992,.F.);
#10994=ORIENTED_EDGE('',*,*,#9295,.F.);
#10995=ORIENTED_EDGE('',*,*,#10970,.T.);
#10996=EDGE_LOOP('',(#10988,#10993,#10994,#10995));
#10997=FACE_OUTER_BOUND('',#10996,.T.);
#10998=CARTESIAN_POINT('',(-70.,100.,350.78433));
#10999=DIRECTION('',(0.,1.,0.));
#11000=DIRECTION('',(0.,0.,-1.));
#11001=AXIS2_PLACEMENT_3D('',#10998,#10999,#11000);
#11002=PLANE('',#11001);
#11003=ADVANCED_FACE('',(#10997),#11002,.T.);
#11004=CARTESIAN_POINT('',(-70.,100.,331.00505));
#11005=VERTEX_POINT('',#11004);
#11006=DIRECTION('',(0.,0.,-1.));
#11007=VECTOR('',#11006,10.23851);
#11008=LINE('',#10982,#11007);
#11009=EDGE_CURVE('',#10983,#11005,#11008,.T.);
#11010=ORIENTED_EDGE('',*,*,#11009,.T.);
#11011=DIRECTION('',(0.92388,0.,0.38268));
#11012=VECTOR('',#11011,32.47177);
#11013=LINE('',#9318,#11012);
#11014=EDGE_CURVE('',#9319,#11005,#11013,.T.);
#11015=ORIENTED_EDGE('',*,*,#11014,.F.);
#11016=ORIENTED_EDGE('',*,*,#9323,.F.);
#11017=ORIENTED_EDGE('',*,*,#10992,.T.);
#11018=EDGE_LOOP('',(#11010,#11015,#11016,#11017));
#11019=FACE_OUTER_BOUND('',#11018,.T.);
#11020=CARTESIAN_POINT('',(-70.,100.,341.24356));
#11021=DIRECTION('',(0.,1.,0.));
#11022=DIRECTION('',(0.,0.,-1.));
#11023=AXIS2_PLACEMENT_3D('',#11020,#11021,#11022);
#11024=PLANE('',#11023);
#11025=ADVANCED_FACE('',(#11019),#11024,.T.);
#11026=CARTESIAN_POINT('',(-70.,100.,319.58548));
#11027=VERTEX_POINT('',#11026);
#11028=DIRECTION('',(0.,0.,-1.));
#11029=VECTOR('',#11028,11.41957);
#11030=LINE('',#11004,#11029);
#11031=EDGE_CURVE('',#11005,#11027,#11030,.T.);
#11032=ORIENTED_EDGE('',*,*,#11031,.T.);
#11033=DIRECTION('',(0.86603,0.,0.5));
#11034=VECTOR('',#11033,34.64102);
#11035=LINE('',#9346,#11034);
#11036=EDGE_CURVE('',#9347,#11027,#11035,.T.);
#11037=ORIENTED_EDGE('',*,*,#11036,.F.);
#11038=ORIENTED_EDGE('',*,*,#9351,.F.);
#11039=ORIENTED_EDGE('',*,*,#11014,.T.);
#11040=EDGE_LOOP('',(#11032,#11037,#11038,#11039));
#11041=FACE_OUTER_BOUND('',#11040,.T.);
#11042=CARTESIAN_POINT('',(-70.,100.,331.00505));
#11043=DIRECTION('',(0.,1.,0.));
#11044=DIRECTION('',(0.,0.,-1.));
#11045=AXIS2_PLACEMENT_3D('',#11042,#11043,#11044);
#11046=PLANE('',#11045);
#11047=ADVANCED_FACE('',(#11041),#11046,.T.);
#11048=CARTESIAN_POINT('',(-70.,100.,306.28711));
#11049=VERTEX_POINT('',#11048);
#11050=DIRECTION('',(0.,0.,-1.));
#11051=VECTOR('',#11050,13.29837);
#11052=LINE('',#11026,#11051);
#11053=EDGE_CURVE('',#11027,#11049,#11052,.T.);
#11054=ORIENTED_EDGE('',*,*,#11053,.T.);
#11055=DIRECTION('',(0.79335,0.,0.60876));
#11056=VECTOR('',#11055,37.81417);
#11057=LINE('',#9374,#11056);
#11058=EDGE_CURVE('',#9375,#11049,#11057,.T.);
#11059=ORIENTED_EDGE('',*,*,#11058,.F.);
#11060=ORIENTED_EDGE('',*,*,#9379,.F.);
#11061=ORIENTED_EDGE('',*,*,#11036,.T.);
#11062=EDGE_LOOP('',(#11054,#11059,#11060,#11061));
#11063=FACE_OUTER_BOUND('',#11062,.T.);
#11064=CARTESIAN_POINT('',(-70.,100.,319.58548));
#11065=DIRECTION('',(0.,1.,0.));
#11066=DIRECTION('',(0.,0.,-1.));
#11067=AXIS2_PLACEMENT_3D('',#11064,#11065,#11066);
#11068=PLANE('',#11067);
#11069=ADVANCED_FACE('',(#11063),#11068,.T.);
#11070=CARTESIAN_POINT('',(-70.,100.,290.));
#11071=VERTEX_POINT('',#11070);
#11072=DIRECTION('',(0.,0.,-1.));
#11073=VECTOR('',#11072,16.28711);
#11074=LINE('',#11048,#11073);
#11075=EDGE_CURVE('',#11049,#11071,#11074,.T.);
#11076=ORIENTED_EDGE('',*,*,#11075,.T.);
#11077=DIRECTION('',(0.70711,0.,0.70711));
#11078=VECTOR('',#11077,42.42641);
#11079=LINE('',#9402,#11078);
#11080=EDGE_CURVE('',#9403,#11071,#11079,.T.);
#11081=ORIENTED_EDGE('',*,*,#11080,.F.);
#11082=ORIENTED_EDGE('',*,*,#9407,.F.);
#11083=ORIENTED_EDGE('',*,*,#11058,.T.);
#11084=EDGE_LOOP('',(#11076,#11081,#11082,#11083));
#11085=FACE_OUTER_BOUND('',#11084,.T.);
#11086=CARTESIAN_POINT('',(-70.,100.,306.28711));
#11087=DIRECTION('',(0.,1.,0.));
#11088=DIRECTION('',(0.,0.,-1.));
#11089=AXIS2_PLACEMENT_3D('',#11086,#11087,#11088);
#11090=PLANE('',#11089);
#11091=ADVANCED_FACE('',(#11085),#11090,.T.);
#11092=CARTESIAN_POINT('',(-70.,100.,268.77422));
#11093=VERTEX_POINT('',#11092);
#11094=DIRECTION('',(0.,0.,-1.));
#11095=VECTOR('',#11094,21.22578);
#11096=LINE('',#11070,#11095);
#11097=EDGE_CURVE('',#11071,#11093,#11096,.T.);
#11098=ORIENTED_EDGE('',*,*,#11097,.T.);
#11099=DIRECTION('',(0.60876,0.,0.79335));
#11100=VECTOR('',#11099,49.28039);
#11101=LINE('',#9430,#11100);
#11102=EDGE_CURVE('',#9431,#11093,#11101,.T.);
#11103=ORIENTED_EDGE('',*,*,#11102,.F.);
#11104=ORIENTED_EDGE('',*,*,#9435,.F.);
#11105=ORIENTED_EDGE('',*,*,#11080,.T.);
#11106=EDGE_LOOP('',(#11098,#11103,#11104,#11105));
#11107=FACE_OUTER_BOUND('',#11106,.T.);
#11108=CARTESIAN_POINT('',(-70.,100.,290.));
#11109=DIRECTION('',(0.,1.,0.));
#11110=DIRECTION('',(0.,0.,-1.));
#11111=AXIS2_PLACEMENT_3D('',#11108,#11109,#11110);
#11112=PLANE('',#11111);
#11113=ADVANCED_FACE('',(#11107),#11112,.T.);
#11114=CARTESIAN_POINT('',(-70.,100.,244.));
#11115=VERTEX_POINT('',#11114);
#11116=DIRECTION('',(0.,0.,-1.));
#11117=VECTOR('',#11116,24.77422);
#11118=LINE('',#11092,#11117);
#11119=EDGE_CURVE('',#11093,#11115,#11118,.T.);
#11120=ORIENTED_EDGE('',*,*,#11119,.T.);
#11121=DIRECTION('',(0.51666,0.,0.85619));
#11122=VECTOR('',#11121,58.06471);
#11123=LINE('',#9458,#11122);
#11124=EDGE_CURVE('',#9459,#11115,#11123,.T.);
#11125=ORIENTED_EDGE('',*,*,#11124,.F.);
#11126=ORIENTED_EDGE('',*,*,#9463,.F.);
#11127=ORIENTED_EDGE('',*,*,#11102,.T.);
#11128=EDGE_LOOP('',(#11120,#11125,#11126,#11127));
#11129=FACE_OUTER_BOUND('',#11128,.T.);
#11130=CARTESIAN_POINT('',(-70.,100.,268.77422));
#11131=DIRECTION('',(0.,1.,0.));
#11132=DIRECTION('',(0.,0.,-1.));
#11133=AXIS2_PLACEMENT_3D('',#11130,#11131,#11132);
#11134=PLANE('',#11133);
#11135=ADVANCED_FACE('',(#11129),#11134,.T.);
#11136=CARTESIAN_POINT('',(-69.04036,100.,240.41858));
#11137=VERTEX_POINT('',#11136);
#11138=DIRECTION('',(0.25882,0.,-0.96593));
#11139=VECTOR('',#11138,3.70775);
#11140=LINE('',#11114,#11139);
#11141=EDGE_CURVE('',#11115,#11137,#11140,.T.);
#11142=ORIENTED_EDGE('',*,*,#11141,.T.);
#11143=DIRECTION('',(0.5,0.,0.86603));
#11144=VECTOR('',#11143,61.91927);
#11145=LINE('',#9486,#11144);
#11146=EDGE_CURVE('',#9487,#11137,#11145,.T.);
#11147=ORIENTED_EDGE('',*,*,#11146,.F.);
#11148=ORIENTED_EDGE('',*,*,#9491,.F.);
#11149=ORIENTED_EDGE('',*,*,#11124,.T.);
#11150=EDGE_LOOP('',(#11142,#11147,#11148,#11149));
#11151=FACE_OUTER_BOUND('',#11150,.T.);
#11152=CARTESIAN_POINT('',(-70.,100.,244.));
#11153=DIRECTION('',(0.,1.,0.));
#11154=DIRECTION('',(0.25882,0.,-0.96593));
#11155=AXIS2_PLACEMENT_3D('',#11152,#11153,#11154);
#11156=PLANE('',#11155);
#11157=ADVANCED_FACE('',(#11151),#11156,.T.);
#11158=CARTESIAN_POINT('',(-68.19235,100.,237.25377));
#11159=VERTEX_POINT('',#11158);
#11160=DIRECTION('',(0.25882,0.,-0.96593));
#11161=VECTOR('',#11160,3.27646);
#11162=LINE('',#11136,#11161);
#11163=EDGE_CURVE('',#11137,#11159,#11162,.T.);
#11164=ORIENTED_EDGE('',*,*,#11163,.T.);
#11165=DIRECTION('',(0.48564,0.,0.87416));
#11166=VECTOR('',#11165,65.49596);
#11167=LINE('',#9514,#11166);
#11168=EDGE_CURVE('',#9515,#11159,#11167,.T.);
#11169=ORIENTED_EDGE('',*,*,#11168,.F.);
#11170=ORIENTED_EDGE('',*,*,#9519,.F.);
#11171=ORIENTED_EDGE('',*,*,#11146,.T.);
#11172=EDGE_LOOP('',(#11164,#11169,#11170,#11171));
#11173=FACE_OUTER_BOUND('',#11172,.T.);
#11174=CARTESIAN_POINT('',(-69.04036,100.,240.41858));
#11175=DIRECTION('',(0.,1.,0.));
#11176=DIRECTION('',(0.25882,0.,-0.96593));
#11177=AXIS2_PLACEMENT_3D('',#11174,#11175,#11176);
#11178=PLANE('',#11177);
#11179=ADVANCED_FACE('',(#11173),#11178,.T.);
#11180=CARTESIAN_POINT('',(-67.85641,100.,236.));
#11181=VERTEX_POINT('',#11180);
#11182=DIRECTION('',(0.25882,0.,-0.96593));
#11183=VECTOR('',#11182,1.29799);
#11184=LINE('',#11158,#11183);
#11185=EDGE_CURVE('',#11159,#11181,#11184,.T.);
#11186=ORIENTED_EDGE('',*,*,#11185,.T.);
#11187=DIRECTION('',(0.48005,0.,0.87724));
#11188=VECTOR('',#11187,63.83655);
#11189=LINE('',#9542,#11188);
#11190=EDGE_CURVE('',#9543,#11181,#11189,.T.);
#11191=ORIENTED_EDGE('',*,*,#11190,.F.);
#11192=ORIENTED_EDGE('',*,*,#9547,.F.);
#11193=ORIENTED_EDGE('',*,*,#11168,.T.);
#11194=EDGE_LOOP('',(#11186,#11191,#11192,#11193));
#11195=FACE_OUTER_BOUND('',#11194,.T.);
#11196=CARTESIAN_POINT('',(-68.19235,100.,237.25377));
#11197=DIRECTION('',(0.,1.,0.));
#11198=DIRECTION('',(0.25882,0.,-0.96593));
#11199=AXIS2_PLACEMENT_3D('',#11196,#11197,#11198);
#11200=PLANE('',#11199);
#11201=ADVANCED_FACE('',(#11195),#11200,.T.);
#11202=CARTESIAN_POINT('',(-62.,100.,230.14359));
#11203=VERTEX_POINT('',#11202);
#11204=DIRECTION('',(0.70711,0.,-0.70711));
#11205=VECTOR('',#11204,8.28221);
#11206=LINE('',#11180,#11205);
#11207=EDGE_CURVE('',#11181,#11203,#11206,.T.);
#11208=ORIENTED_EDGE('',*,*,#11207,.T.);
#11209=DIRECTION('',(0.43086,0.,0.90242));
#11210=VECTOR('',#11209,55.56578);
#11211=LINE('',#9570,#11210);
#11212=EDGE_CURVE('',#9571,#11203,#11211,.T.);
#11213=ORIENTED_EDGE('',*,*,#11212,.F.);
#11214=ORIENTED_EDGE('',*,*,#9575,.F.);
#11215=ORIENTED_EDGE('',*,*,#11190,.T.);
#11216=EDGE_LOOP('',(#11208,#11213,#11214,#11215));
#11217=FACE_OUTER_BOUND('',#11216,.T.);
#11218=CARTESIAN_POINT('',(-67.85641,100.,236.));
#11219=DIRECTION('',(0.,1.,0.));
#11220=DIRECTION('',(0.70711,0.,-0.70711));
#11221=AXIS2_PLACEMENT_3D('',#11218,#11219,#11220);
#11222=PLANE('',#11221);
#11223=ADVANCED_FACE('',(#11217),#11222,.T.);
#11224=CARTESIAN_POINT('',(-54.60864,100.,228.16308));
#11225=VERTEX_POINT('',#11224);
#11226=DIRECTION('',(0.96593,0.,-0.25882));
#11227=VECTOR('',#11226,7.6521);
#11228=LINE('',#11202,#11227);
#11229=EDGE_CURVE('',#11203,#11225,#11228,.T.);
#11230=ORIENTED_EDGE('',*,*,#11229,.T.);
#11231=DIRECTION('',(0.38268,0.,0.92388));
#11232=VECTOR('',#11231,52.13135);
#11233=LINE('',#9598,#11232);
#11234=EDGE_CURVE('',#9599,#11225,#11233,.T.);
#11235=ORIENTED_EDGE('',*,*,#11234,.F.);
#11236=ORIENTED_EDGE('',*,*,#9603,.F.);
#11237=ORIENTED_EDGE('',*,*,#11212,.T.);
#11238=EDGE_LOOP('',(#11230,#11235,#11236,#11237));
#11239=FACE_OUTER_BOUND('',#11238,.T.);
#11240=CARTESIAN_POINT('',(-62.,100.,230.14359));
#11241=DIRECTION('',(0.,1.,0.));
#11242=DIRECTION('',(0.96593,0.,-0.25882));
#11243=AXIS2_PLACEMENT_3D('',#11240,#11241,#11242);
#11244=PLANE('',#11243);
#11245=ADVANCED_FACE('',(#11239),#11244,.T.);
#11246=CARTESIAN_POINT('',(-54.,100.,228.));
#11247=VERTEX_POINT('',#11246);
#11248=DIRECTION('',(0.96593,0.,-0.25882));
#11249=VECTOR('',#11248,0.63011);
#11250=LINE('',#11224,#11249);
#11251=EDGE_CURVE('',#11225,#11247,#11250,.T.);
#11252=ORIENTED_EDGE('',*,*,#11251,.T.);
#11253=DIRECTION('',(0.37863,0.,0.92555));
#11254=VECTOR('',#11253,51.86123);
#11255=LINE('',#9626,#11254);
#11256=EDGE_CURVE('',#9627,#11247,#11255,.T.);
#11257=ORIENTED_EDGE('',*,*,#11256,.F.);
#11258=ORIENTED_EDGE('',*,*,#9631,.F.);
#11259=ORIENTED_EDGE('',*,*,#11234,.T.);
#11260=EDGE_LOOP('',(#11252,#11257,#11258,#11259));
#11261=FACE_OUTER_BOUND('',#11260,.T.);
#11262=CARTESIAN_POINT('',(-54.60864,100.,228.16308));
#11263=DIRECTION('',(0.,1.,0.));
#11264=DIRECTION('',(0.96593,0.,-0.25882));
#11265=AXIS2_PLACEMENT_3D('',#11262,#11263,#11264);
#11266=PLANE('',#11265);
#11267=ADVANCED_FACE('',(#11261),#11266,.T.);
#11268=CARTESIAN_POINT('',(-35.36929,100.,228.));
#11269=VERTEX_POINT('',#11268);
#11270=DIRECTION('',(1.,0.,0.));
#11271=VECTOR('',#11270,18.63071);
#11272=LINE('',#11246,#11271);
#11273=EDGE_CURVE('',#11247,#11269,#11272,.T.);
#11274=ORIENTED_EDGE('',*,*,#11273,.T.);
#11275=DIRECTION('',(0.25882,0.,0.96593));
#11276=VECTOR('',#11275,49.69326);
#11277=LINE('',#9654,#11276);
#11278=EDGE_CURVE('',#9655,#11269,#11277,.T.);
#11279=ORIENTED_EDGE('',*,*,#11278,.F.);
#11280=ORIENTED_EDGE('',*,*,#9659,.F.);
#11281=ORIENTED_EDGE('',*,*,#11256,.T.);
#11282=EDGE_LOOP('',(#11274,#11279,#11280,#11281));
#11283=FACE_OUTER_BOUND('',#11282,.T.);
#11284=CARTESIAN_POINT('',(-54.,100.,228.));
#11285=DIRECTION('',(0.,1.,0.));
#11286=DIRECTION('',(1.,0.,0.));
#11287=AXIS2_PLACEMENT_3D('',#11284,#11285,#11286);
#11288=PLANE('',#11287);
#11289=ADVANCED_FACE('',(#11283),#11288,.T.);
#11290=CARTESIAN_POINT('',(-17.37813,100.,228.));
#11291=VERTEX_POINT('',#11290);
#11292=DIRECTION('',(1.,0.,0.));
#11293=VECTOR('',#11292,17.99116);
#11294=LINE('',#11268,#11293);
#11295=EDGE_CURVE('',#11269,#11291,#11294,.T.);
#11296=ORIENTED_EDGE('',*,*,#11295,.T.);
#11297=DIRECTION('',(0.13053,0.,0.99144));
#11298=VECTOR('',#11297,48.41419);
#11299=LINE('',#9682,#11298);
#11300=EDGE_CURVE('',#9683,#11291,#11299,.T.);
#11301=ORIENTED_EDGE('',*,*,#11300,.F.);
#11302=ORIENTED_EDGE('',*,*,#9687,.F.);
#11303=ORIENTED_EDGE('',*,*,#11278,.T.);
#11304=EDGE_LOOP('',(#11296,#11301,#11302,#11303));
#11305=FACE_OUTER_BOUND('',#11304,.T.);
#11306=CARTESIAN_POINT('',(-35.36929,100.,228.));
#11307=DIRECTION('',(0.,1.,0.));
#11308=DIRECTION('',(1.,0.,0.));
#11309=AXIS2_PLACEMENT_3D('',#11306,#11307,#11308);
#11310=PLANE('',#11309);
#11311=ADVANCED_FACE('',(#11305),#11310,.T.);
#11312=CARTESIAN_POINT('',(0.,100.,228.));
#11313=VERTEX_POINT('',#11312);
#11314=DIRECTION('',(1.,0.,0.));
#11315=VECTOR('',#11314,17.37813);
#11316=LINE('',#11290,#11315);
#11317=EDGE_CURVE('',#11291,#11313,#11316,.T.);
#11318=ORIENTED_EDGE('',*,*,#11317,.T.);
#11319=DIRECTION('',(0.,0.,1.));
#11320=VECTOR('',#11319,48.);
#11321=LINE('',#9710,#11320);
#11322=EDGE_CURVE('',#9711,#11313,#11321,.T.);
#11323=ORIENTED_EDGE('',*,*,#11322,.F.);
#11324=ORIENTED_EDGE('',*,*,#9715,.F.);
#11325=ORIENTED_EDGE('',*,*,#11300,.T.);
#11326=EDGE_LOOP('',(#11318,#11323,#11324,#11325));
#11327=FACE_OUTER_BOUND('',#11326,.T.);
#11328=CARTESIAN_POINT('',(-17.37813,100.,228.));
#11329=DIRECTION('',(0.,1.,0.));
#11330=DIRECTION('',(1.,0.,0.));
#11331=AXIS2_PLACEMENT_3D('',#11328,#11329,#11330);
#11332=PLANE('',#11331);
#11333=ADVANCED_FACE('',(#11327),#11332,.T.);
#11334=CARTESIAN_POINT('',(17.37813,100.,228.));
#11335=VERTEX_POINT('',#11334);
#11336=DIRECTION('',(1.,0.,0.));
#11337=VECTOR('',#11336,17.37813);
#11338=LINE('',#11312,#11337);
#11339=EDGE_CURVE('',#11313,#11335,#11338,.T.);
#11340=ORIENTED_EDGE('',*,*,#11339,.T.);
#11341=DIRECTION('',(-0.13053,0.,0.99144));
#11342=VECTOR('',#11341,48.41419);
#11343=LINE('',#9738,#11342);
#11344=EDGE_CURVE('',#9739,#11335,#11343,.T.);
#11345=ORIENTED_EDGE('',*,*,#11344,.F.);
#11346=ORIENTED_EDGE('',*,*,#9743,.F.);
#11347=ORIENTED_EDGE('',*,*,#11322,.T.);
#11348=EDGE_LOOP('',(#11340,#11345,#11346,#11347));
#11349=FACE_OUTER_BOUND('',#11348,.T.);
#11350=CARTESIAN_POINT('',(0.,100.,228.));
#11351=DIRECTION('',(0.,1.,0.));
#11352=DIRECTION('',(1.,0.,0.));
#11353=AXIS2_PLACEMENT_3D('',#11350,#11351,#11352);
#11354=PLANE('',#11353);
#11355=ADVANCED_FACE('',(#11349),#11354,.T.);
#11356=CARTESIAN_POINT('',(35.36929,100.,228.));
#11357=VERTEX_POINT('',#11356);
#11358=DIRECTION('',(1.,0.,0.));
#11359=VECTOR('',#11358,17.99116);
#11360=LINE('',#11334,#11359);
#11361=EDGE_CURVE('',#11335,#11357,#11360,.T.);
#11362=ORIENTED_EDGE('',*,*,#11361,.T.);
#11363=DIRECTION('',(-0.25882,0.,0.96593));
#11364=VECTOR('',#11363,49.69326);
#11365=LINE('',#9766,#11364);
#11366=EDGE_CURVE('',#9767,#11357,#11365,.T.);
#11367=ORIENTED_EDGE('',*,*,#11366,.F.);
#11368=ORIENTED_EDGE('',*,*,#9771,.F.);
#11369=ORIENTED_EDGE('',*,*,#11344,.T.);
#11370=EDGE_LOOP('',(#11362,#11367,#11368,#11369));
#11371=FACE_OUTER_BOUND('',#11370,.T.);
#11372=CARTESIAN_POINT('',(17.37813,100.,228.));
#11373=DIRECTION('',(0.,1.,0.));
#11374=DIRECTION('',(1.,0.,0.));
#11375=AXIS2_PLACEMENT_3D('',#11372,#11373,#11374);
#11376=PLANE('',#11375);
#11377=ADVANCED_FACE('',(#11371),#11376,.T.);
#11378=CARTESIAN_POINT('',(54.,100.,228.));
#11379=VERTEX_POINT('',#11378);
#11380=DIRECTION('',(1.,0.,0.));
#11381=VECTOR('',#11380,18.63071);
#11382=LINE('',#11356,#11381);
#11383=EDGE_CURVE('',#11357,#11379,#11382,.T.);
#11384=ORIENTED_EDGE('',*,*,#11383,.T.);
#11385=DIRECTION('',(-0.37863,0.,0.92555));
#11386=VECTOR('',#11385,51.86123);
#11387=LINE('',#9794,#11386);
#11388=EDGE_CURVE('',#9795,#11379,#11387,.T.);
#11389=ORIENTED_EDGE('',*,*,#11388,.F.);
#11390=ORIENTED_EDGE('',*,*,#9799,.F.);
#11391=ORIENTED_EDGE('',*,*,#11366,.T.);
#11392=EDGE_LOOP('',(#11384,#11389,#11390,#11391));
#11393=FACE_OUTER_BOUND('',#11392,.T.);
#11394=CARTESIAN_POINT('',(35.36929,100.,228.));
#11395=DIRECTION('',(0.,1.,0.));
#11396=DIRECTION('',(1.,0.,0.));
#11397=AXIS2_PLACEMENT_3D('',#11394,#11395,#11396);
#11398=PLANE('',#11397);
#11399=ADVANCED_FACE('',(#11393),#11398,.T.);
#11400=CARTESIAN_POINT('',(54.60864,100.,228.16308));
#11401=VERTEX_POINT('',#11400);
#11402=DIRECTION('',(0.96593,0.,0.25882));
#11403=VECTOR('',#11402,0.63011);
#11404=LINE('',#11378,#11403);
#11405=EDGE_CURVE('',#11379,#11401,#11404,.T.);
#11406=ORIENTED_EDGE('',*,*,#11405,.T.);
#11407=DIRECTION('',(-0.38268,0.,0.92388));
#11408=VECTOR('',#11407,52.13135);
#11409=LINE('',#9822,#11408);
#11410=EDGE_CURVE('',#9823,#11401,#11409,.T.);
#11411=ORIENTED_EDGE('',*,*,#11410,.F.);
#11412=ORIENTED_EDGE('',*,*,#9827,.F.);
#11413=ORIENTED_EDGE('',*,*,#11388,.T.);
#11414=EDGE_LOOP('',(#11406,#11411,#11412,#11413));
#11415=FACE_OUTER_BOUND('',#11414,.T.);
#11416=CARTESIAN_POINT('',(54.,100.,228.));
#11417=DIRECTION('',(0.,1.,0.));
#11418=DIRECTION('',(0.96593,0.,0.25882));
#11419=AXIS2_PLACEMENT_3D('',#11416,#11417,#11418);
#11420=PLANE('',#11419);
#11421=ADVANCED_FACE('',(#11415),#11420,.T.);
#11422=CARTESIAN_POINT('',(62.,100.,230.14359));
#11423=VERTEX_POINT('',#11422);
#11424=DIRECTION('',(0.96593,0.,0.25882));
#11425=VECTOR('',#11424,7.6521);
#11426=LINE('',#11400,#11425);
#11427=EDGE_CURVE('',#11401,#11423,#11426,.T.);
#11428=ORIENTED_EDGE('',*,*,#11427,.T.);
#11429=DIRECTION('',(-0.43086,0.,0.90242));
#11430=VECTOR('',#11429,55.56577);
#11431=LINE('',#9850,#11430);
#11432=EDGE_CURVE('',#9851,#11423,#11431,.T.);
#11433=ORIENTED_EDGE('',*,*,#11432,.F.);
#11434=ORIENTED_EDGE('',*,*,#9855,.F.);
#11435=ORIENTED_EDGE('',*,*,#11410,.T.);
#11436=EDGE_LOOP('',(#11428,#11433,#11434,#11435));
#11437=FACE_OUTER_BOUND('',#11436,.T.);
#11438=CARTESIAN_POINT('',(54.60864,100.,228.16308));
#11439=DIRECTION('',(0.,1.,0.));
#11440=DIRECTION('',(0.96593,0.,0.25882));
#11441=AXIS2_PLACEMENT_3D('',#11438,#11439,#11440);
#11442=PLANE('',#11441);
#11443=ADVANCED_FACE('',(#11437),#11442,.T.);
#11444=CARTESIAN_POINT('',(67.85641,100.,236.));
#11445=VERTEX_POINT('',#11444);
#11446=DIRECTION('',(0.70711,0.,0.70711));
#11447=VECTOR('',#11446,8.28221);
#11448=LINE('',#11422,#11447);
#11449=EDGE_CURVE('',#11423,#11445,#11448,.T.);
#11450=ORIENTED_EDGE('',*,*,#11449,.T.);
#11451=DIRECTION('',(-0.48005,0.,0.87724));
#11452=VECTOR('',#11451,63.83655);
#11453=LINE('',#9878,#11452);
#11454=EDGE_CURVE('',#9879,#11445,#11453,.T.);
#11455=ORIENTED_EDGE('',*,*,#11454,.F.);
#11456=ORIENTED_EDGE('',*,*,#9883,.F.);
#11457=ORIENTED_EDGE('',*,*,#11432,.T.);
#11458=EDGE_LOOP('',(#11450,#11455,#11456,#11457));
#11459=FACE_OUTER_BOUND('',#11458,.T.);
#11460=CARTESIAN_POINT('',(62.,100.,230.14359));
#11461=DIRECTION('',(0.,1.,0.));
#11462=DIRECTION('',(0.70711,0.,0.70711));
#11463=AXIS2_PLACEMENT_3D('',#11460,#11461,#11462);
#11464=PLANE('',#11463);
#11465=ADVANCED_FACE('',(#11459),#11464,.T.);
#11466=CARTESIAN_POINT('',(68.19235,100.,237.25377));
#11467=VERTEX_POINT('',#11466);
#11468=DIRECTION('',(0.25882,0.,0.96593));
#11469=VECTOR('',#11468,1.29799);
#11470=LINE('',#11444,#11469);
#11471=EDGE_CURVE('',#11445,#11467,#11470,.T.);
#11472=ORIENTED_EDGE('',*,*,#11471,.T.);
#11473=DIRECTION('',(-0.48564,0.,0.87416));
#11474=VECTOR('',#11473,65.49596);
#11475=LINE('',#9906,#11474);
#11476=EDGE_CURVE('',#9907,#11467,#11475,.T.);
#11477=ORIENTED_EDGE('',*,*,#11476,.F.);
#11478=ORIENTED_EDGE('',*,*,#9911,.F.);
#11479=ORIENTED_EDGE('',*,*,#11454,.T.);
#11480=EDGE_LOOP('',(#11472,#11477,#11478,#11479));
#11481=FACE_OUTER_BOUND('',#11480,.T.);
#11482=CARTESIAN_POINT('',(67.85641,100.,236.));
#11483=DIRECTION('',(0.,1.,0.));
#11484=DIRECTION('',(0.25882,0.,0.96593));
#11485=AXIS2_PLACEMENT_3D('',#11482,#11483,#11484);
#11486=PLANE('',#11485);
#11487=ADVANCED_FACE('',(#11481),#11486,.T.);
#11488=CARTESIAN_POINT('',(69.04036,100.,240.41858));
#11489=VERTEX_POINT('',#11488);
#11490=DIRECTION('',(0.25882,0.,0.96593));
#11491=VECTOR('',#11490,3.27646);
#11492=LINE('',#11466,#11491);
#11493=EDGE_CURVE('',#11467,#11489,#11492,.T.);
#11494=ORIENTED_EDGE('',*,*,#11493,.T.);
#11495=DIRECTION('',(-0.5,0.,0.86603));
#11496=VECTOR('',#11495,61.91927);
#11497=LINE('',#9934,#11496);
#11498=EDGE_CURVE('',#9935,#11489,#11497,.T.);
#11499=ORIENTED_EDGE('',*,*,#11498,.F.);
#11500=ORIENTED_EDGE('',*,*,#9939,.F.);
#11501=ORIENTED_EDGE('',*,*,#11476,.T.);
#11502=EDGE_LOOP('',(#11494,#11499,#11500,#11501));
#11503=FACE_OUTER_BOUND('',#11502,.T.);
#11504=CARTESIAN_POINT('',(68.19235,100.,237.25377));
#11505=DIRECTION('',(0.,1.,0.));
#11506=DIRECTION('',(0.25882,0.,0.96593));
#11507=AXIS2_PLACEMENT_3D('',#11504,#11505,#11506);
#11508=PLANE('',#11507);
#11509=ADVANCED_FACE('',(#11503),#11508,.T.);
#11510=CARTESIAN_POINT('',(70.,100.,244.));
#11511=VERTEX_POINT('',#11510);
#11512=DIRECTION('',(0.25882,0.,0.96593));
#11513=VECTOR('',#11512,3.70775);
#11514=LINE('',#11488,#11513);
#11515=EDGE_CURVE('',#11489,#11511,#11514,.T.);
#11516=ORIENTED_EDGE('',*,*,#11515,.T.);
#11517=DIRECTION('',(-0.51666,0.,0.85619));
#11518=VECTOR('',#11517,58.06471);
#11519=LINE('',#9962,#11518);
#11520=EDGE_CURVE('',#9963,#11511,#11519,.T.);
#11521=ORIENTED_EDGE('',*,*,#11520,.F.);
#11522=ORIENTED_EDGE('',*,*,#9967,.F.);
#11523=ORIENTED_EDGE('',*,*,#11498,.T.);
#11524=EDGE_LOOP('',(#11516,#11521,#11522,#11523));
#11525=FACE_OUTER_BOUND('',#11524,.T.);
#11526=CARTESIAN_POINT('',(69.04036,100.,240.41858));
#11527=DIRECTION('',(0.,1.,0.));
#11528=DIRECTION('',(0.25882,0.,0.96593));
#11529=AXIS2_PLACEMENT_3D('',#11526,#11527,#11528);
#11530=PLANE('',#11529);
#11531=ADVANCED_FACE('',(#11525),#11530,.T.);
#11532=CARTESIAN_POINT('',(70.,100.,268.77422));
#11533=VERTEX_POINT('',#11532);
#11534=DIRECTION('',(0.,0.,1.));
#11535=VECTOR('',#11534,24.77422);
#11536=LINE('',#11510,#11535);
#11537=EDGE_CURVE('',#11511,#11533,#11536,.T.);
#11538=ORIENTED_EDGE('',*,*,#11537,.T.);
#11539=DIRECTION('',(-0.60876,0.,0.79335));
#11540=VECTOR('',#11539,49.28039);
#11541=LINE('',#9990,#11540);
#11542=EDGE_CURVE('',#9991,#11533,#11541,.T.);
#11543=ORIENTED_EDGE('',*,*,#11542,.F.);
#11544=ORIENTED_EDGE('',*,*,#9995,.F.);
#11545=ORIENTED_EDGE('',*,*,#11520,.T.);
#11546=EDGE_LOOP('',(#11538,#11543,#11544,#11545));
#11547=FACE_OUTER_BOUND('',#11546,.T.);
#11548=CARTESIAN_POINT('',(70.,100.,244.));
#11549=DIRECTION('',(0.,1.,0.));
#11550=DIRECTION('',(0.,0.,1.));
#11551=AXIS2_PLACEMENT_3D('',#11548,#11549,#11550);
#11552=PLANE('',#11551);
#11553=ADVANCED_FACE('',(#11547),#11552,.T.);
#11554=CARTESIAN_POINT('',(70.,100.,290.));
#11555=VERTEX_POINT('',#11554);
#11556=DIRECTION('',(0.,0.,1.));
#11557=VECTOR('',#11556,21.22578);
#11558=LINE('',#11532,#11557);
#11559=EDGE_CURVE('',#11533,#11555,#11558,.T.);
#11560=ORIENTED_EDGE('',*,*,#11559,.T.);
#11561=DIRECTION('',(-0.70711,0.,0.70711));
#11562=VECTOR('',#11561,42.42641);
#11563=LINE('',#10018,#11562);
#11564=EDGE_CURVE('',#10019,#11555,#11563,.T.);
#11565=ORIENTED_EDGE('',*,*,#11564,.F.);
#11566=ORIENTED_EDGE('',*,*,#10023,.F.);
#11567=ORIENTED_EDGE('',*,*,#11542,.T.);
#11568=EDGE_LOOP('',(#11560,#11565,#11566,#11567));
#11569=FACE_OUTER_BOUND('',#11568,.T.);
#11570=CARTESIAN_POINT('',(70.,100.,268.77422));
#11571=DIRECTION('',(0.,1.,0.));
#11572=DIRECTION('',(0.,0.,1.));
#11573=AXIS2_PLACEMENT_3D('',#11570,#11571,#11572);
#11574=PLANE('',#11573);
#11575=ADVANCED_FACE('',(#11569),#11574,.T.);
#11576=CARTESIAN_POINT('',(70.,100.,306.28711));
#11577=VERTEX_POINT('',#11576);
#11578=DIRECTION('',(0.,0.,1.));
#11579=VECTOR('',#11578,16.28711);
#11580=LINE('',#11554,#11579);
#11581=EDGE_CURVE('',#11555,#11577,#11580,.T.);
#11582=ORIENTED_EDGE('',*,*,#11581,.T.);
#11583=DIRECTION('',(-0.79335,0.,0.60876));
#11584=VECTOR('',#11583,37.81417);
#11585=LINE('',#10046,#11584);
#11586=EDGE_CURVE('',#10047,#11577,#11585,.T.);
#11587=ORIENTED_EDGE('',*,*,#11586,.F.);
#11588=ORIENTED_EDGE('',*,*,#10051,.F.);
#11589=ORIENTED_EDGE('',*,*,#11564,.T.);
#11590=EDGE_LOOP('',(#11582,#11587,#11588,#11589));
#11591=FACE_OUTER_BOUND('',#11590,.T.);
#11592=CARTESIAN_POINT('',(70.,100.,290.));
#11593=DIRECTION('',(0.,1.,0.));
#11594=DIRECTION('',(0.,0.,1.));
#11595=AXIS2_PLACEMENT_3D('',#11592,#11593,#11594);
#11596=PLANE('',#11595);
#11597=ADVANCED_FACE('',(#11591),#11596,.T.);
#11598=CARTESIAN_POINT('',(70.,100.,319.58548));
#11599=VERTEX_POINT('',#11598);
#11600=DIRECTION('',(0.,0.,1.));
#11601=VECTOR('',#11600,13.29837);
#11602=LINE('',#11576,#11601);
#11603=EDGE_CURVE('',#11577,#11599,#11602,.T.);
#11604=ORIENTED_EDGE('',*,*,#11603,.T.);
#11605=DIRECTION('',(-0.86603,0.,0.5));
#11606=VECTOR('',#11605,34.64102);
#11607=LINE('',#10074,#11606);
#11608=EDGE_CURVE('',#10075,#11599,#11607,.T.);
#11609=ORIENTED_EDGE('',*,*,#11608,.F.);
#11610=ORIENTED_EDGE('',*,*,#10079,.F.);
#11611=ORIENTED_EDGE('',*,*,#11586,.T.);
#11612=EDGE_LOOP('',(#11604,#11609,#11610,#11611));
#11613=FACE_OUTER_BOUND('',#11612,.T.);
#11614=CARTESIAN_POINT('',(70.,100.,306.28711));
#11615=DIRECTION('',(0.,1.,0.));
#11616=DIRECTION('',(0.,0.,1.));
#11617=AXIS2_PLACEMENT_3D('',#11614,#11615,#11616);
#11618=PLANE('',#11617);
#11619=ADVANCED_FACE('',(#11613),#11618,.T.);
#11620=CARTESIAN_POINT('',(70.,100.,331.00505));
#11621=VERTEX_POINT('',#11620);
#11622=DIRECTION('',(0.,0.,1.));
#11623=VECTOR('',#11622,11.41957);
#11624=LINE('',#11598,#11623);
#11625=EDGE_CURVE('',#11599,#11621,#11624,.T.);
#11626=ORIENTED_EDGE('',*,*,#11625,.T.);
#11627=DIRECTION('',(-0.92388,0.,0.38268));
#11628=VECTOR('',#11627,32.47177);
#11629=LINE('',#10102,#11628);
#11630=EDGE_CURVE('',#10103,#11621,#11629,.T.);
#11631=ORIENTED_EDGE('',*,*,#11630,.F.);
#11632=ORIENTED_EDGE('',*,*,#10107,.F.);
#11633=ORIENTED_EDGE('',*,*,#11608,.T.);
#11634=EDGE_LOOP('',(#11626,#11631,#11632,#11633));
#11635=FACE_OUTER_BOUND('',#11634,.T.);
#11636=CARTESIAN_POINT('',(70.,100.,319.58548));
#11637=DIRECTION('',(0.,1.,0.));
#11638=DIRECTION('',(0.,0.,1.));
#11639=AXIS2_PLACEMENT_3D('',#11636,#11637,#11638);
#11640=PLANE('',#11639);
#11641=ADVANCED_FACE('',(#11635),#11640,.T.);
#11642=CARTESIAN_POINT('',(70.,100.,341.24356));
#11643=VERTEX_POINT('',#11642);
#11644=DIRECTION('',(0.,0.,1.));
#11645=VECTOR('',#11644,10.23851);
#11646=LINE('',#11620,#11645);
#11647=EDGE_CURVE('',#11621,#11643,#11646,.T.);
#11648=ORIENTED_EDGE('',*,*,#11647,.T.);
#11649=DIRECTION('',(-0.96593,0.,0.25882));
#11650=VECTOR('',#11649,31.05829);
#11651=LINE('',#10130,#11650);
#11652=EDGE_CURVE('',#10131,#11643,#11651,.T.);
#11653=ORIENTED_EDGE('',*,*,#11652,.F.);
#11654=ORIENTED_EDGE('',*,*,#10135,.F.);
#11655=ORIENTED_EDGE('',*,*,#11630,.T.);
#11656=EDGE_LOOP('',(#11648,#11653,#11654,#11655));
#11657=FACE_OUTER_BOUND('',#11656,.T.);
#11658=CARTESIAN_POINT('',(70.,100.,331.00505));
#11659=DIRECTION('',(0.,1.,0.));
#11660=DIRECTION('',(0.,0.,1.));
#11661=AXIS2_PLACEMENT_3D('',#11658,#11659,#11660);
#11662=PLANE('',#11661);
#11663=ADVANCED_FACE('',(#11657),#11662,.T.);
#11664=CARTESIAN_POINT('',(70.,100.,350.78433));
#11665=VERTEX_POINT('',#11664);
#11666=DIRECTION('',(0.,0.,1.));
#11667=VECTOR('',#11666,9.54077);
#11668=LINE('',#11642,#11667);
#11669=EDGE_CURVE('',#11643,#11665,#11668,.T.);
#11670=ORIENTED_EDGE('',*,*,#11669,.T.);
#11671=DIRECTION('',(-0.99144,0.,0.13053));
#11672=VECTOR('',#11671,30.25887);
#11673=LINE('',#10158,#11672);
#11674=EDGE_CURVE('',#10159,#11665,#11673,.T.);
#11675=ORIENTED_EDGE('',*,*,#11674,.F.);
#11676=ORIENTED_EDGE('',*,*,#10163,.F.);
#11677=ORIENTED_EDGE('',*,*,#11652,.T.);
#11678=EDGE_LOOP('',(#11670,#11675,#11676,#11677));
#11679=FACE_OUTER_BOUND('',#11678,.T.);
#11680=CARTESIAN_POINT('',(70.,100.,341.24356));
#11681=DIRECTION('',(0.,1.,0.));
#11682=DIRECTION('',(0.,0.,1.));
#11683=AXIS2_PLACEMENT_3D('',#11680,#11681,#11682);
#11684=PLANE('',#11683);
#11685=ADVANCED_FACE('',(#11679),#11684,.T.);
#11686=DIRECTION('',(0.,0.,-1.));
#11687=VECTOR('',#11686,9.21567);
#11688=LINE('',#10206,#11687);
#11689=EDGE_CURVE('',#10207,#11665,#11688,.T.);
#11690=ORIENTED_EDGE('',*,*,#11689,.F.);
#11691=ORIENTED_EDGE('',*,*,#10224,.F.);
#11692=ORIENTED_EDGE('',*,*,#10189,.T.);
#11693=ORIENTED_EDGE('',*,*,#11674,.T.);
#11694=EDGE_LOOP('',(#11690,#11691,#11692,#11693));
#11695=FACE_OUTER_BOUND('',#11694,.T.);
#11696=CARTESIAN_POINT('',(70.,100.,350.78433));
#11697=DIRECTION('',(0.,1.,0.));
#11698=DIRECTION('',(0.,0.,1.));
#11699=AXIS2_PLACEMENT_3D('',#11696,#11697,#11698);
#11700=PLANE('',#11699);
#11701=ADVANCED_FACE('',(#11695),#11700,.T.);
#11702=CARTESIAN_POINT('',(70.,95.,360.));
#11703=VERTEX_POINT('',#11702);
#11704=CARTESIAN_POINT('',(70.,95.,369.21567));
#11705=VERTEX_POINT('',#11704);
#11706=DIRECTION('',(0.,0.,1.));
#11707=VECTOR('',#11706,9.21567);
#11708=LINE('',#11702,#11707);
#11709=EDGE_CURVE('',#11703,#11705,#11708,.T.);
#11710=ORIENTED_EDGE('',*,*,#11709,.T.);
#11711=DIRECTION('',(0.,-1.,0.));
#11712=VECTOR('',#11711,5.);
#11713=LINE('',#10208,#11712);
#11714=EDGE_CURVE('',#10209,#11705,#11713,.T.);
#11715=ORIENTED_EDGE('',*,*,#11714,.F.);
#11716=ORIENTED_EDGE('',*,*,#10213,.F.);
#11717=DIRECTION('',(0.,-1.,0.));
#11718=VECTOR('',#11717,5.);
#11719=LINE('',#10206,#11718);
#11720=EDGE_CURVE('',#10207,#11703,#11719,.T.);
#11721=ORIENTED_EDGE('',*,*,#11720,.T.);
#11722=EDGE_LOOP('',(#11710,#11715,#11716,#11721));
#11723=FACE_OUTER_BOUND('',#11722,.T.);
#11724=CARTESIAN_POINT('',(70.,95.,360.));
#11725=DIRECTION('',(-1.,0.,0.));
#11726=DIRECTION('',(0.,0.,1.));
#11727=AXIS2_PLACEMENT_3D('',#11724,#11725,#11726);
#11728=PLANE('',#11727);
#11729=ADVANCED_FACE('',(#11723),#11728,.T.);
#11730=CARTESIAN_POINT('',(70.,95.,378.75644));
#11731=VERTEX_POINT('',#11730);
#11732=DIRECTION('',(0.,0.,1.));
#11733=VECTOR('',#11732,9.54077);
#11734=LINE('',#11704,#11733);
#11735=EDGE_CURVE('',#11705,#11731,#11734,.T.);
#11736=ORIENTED_EDGE('',*,*,#11735,.T.);
#11737=DIRECTION('',(0.,-1.,0.));
#11738=VECTOR('',#11737,5.);
#11739=LINE('',#10234,#11738);
#11740=EDGE_CURVE('',#10235,#11731,#11739,.T.);
#11741=ORIENTED_EDGE('',*,*,#11740,.F.);
#11742=ORIENTED_EDGE('',*,*,#10239,.F.);
#11743=ORIENTED_EDGE('',*,*,#11714,.T.);
#11744=EDGE_LOOP('',(#11736,#11741,#11742,#11743));
#11745=FACE_OUTER_BOUND('',#11744,.T.);
#11746=CARTESIAN_POINT('',(70.,95.,369.21567));
#11747=DIRECTION('',(-1.,0.,0.));
#11748=DIRECTION('',(0.,0.,1.));
#11749=AXIS2_PLACEMENT_3D('',#11746,#11747,#11748);
#11750=PLANE('',#11749);
#11751=ADVANCED_FACE('',(#11745),#11750,.T.);
#11752=CARTESIAN_POINT('',(70.,95.,388.99495));
#11753=VERTEX_POINT('',#11752);
#11754=DIRECTION('',(0.,0.,1.));
#11755=VECTOR('',#11754,10.23851);
#11756=LINE('',#11730,#11755);
#11757=EDGE_CURVE('',#11731,#11753,#11756,.T.);
#11758=ORIENTED_EDGE('',*,*,#11757,.T.);
#11759=DIRECTION('',(0.,-1.,0.));
#11760=VECTOR('',#11759,5.);
#11761=LINE('',#10256,#11760);
#11762=EDGE_CURVE('',#10257,#11753,#11761,.T.);
#11763=ORIENTED_EDGE('',*,*,#11762,.F.);
#11764=ORIENTED_EDGE('',*,*,#10261,.F.);
#11765=ORIENTED_EDGE('',*,*,#11740,.T.);
#11766=EDGE_LOOP('',(#11758,#11763,#11764,#11765));
#11767=FACE_OUTER_BOUND('',#11766,.T.);
#11768=CARTESIAN_POINT('',(70.,95.,378.75644));
#11769=DIRECTION('',(-1.,0.,0.));
#11770=DIRECTION('',(0.,0.,1.));
#11771=AXIS2_PLACEMENT_3D('',#11768,#11769,#11770);
#11772=PLANE('',#11771);
#11773=ADVANCED_FACE('',(#11767),#11772,.T.);
#11774=CARTESIAN_POINT('',(70.,95.,400.41452));
#11775=VERTEX_POINT('',#11774);
#11776=DIRECTION('',(0.,0.,1.));
#11777=VECTOR('',#11776,11.41957);
#11778=LINE('',#11752,#11777);
#11779=EDGE_CURVE('',#11753,#11775,#11778,.T.);
#11780=ORIENTED_EDGE('',*,*,#11779,.T.);
#11781=DIRECTION('',(0.,-1.,0.));
#11782=VECTOR('',#11781,5.);
#11783=LINE('',#10278,#11782);
#11784=EDGE_CURVE('',#10279,#11775,#11783,.T.);
#11785=ORIENTED_EDGE('',*,*,#11784,.F.);
#11786=ORIENTED_EDGE('',*,*,#10283,.F.);
#11787=ORIENTED_EDGE('',*,*,#11762,.T.);
#11788=EDGE_LOOP('',(#11780,#11785,#11786,#11787));
#11789=FACE_OUTER_BOUND('',#11788,.T.);
#11790=CARTESIAN_POINT('',(70.,95.,388.99495));
#11791=DIRECTION('',(-1.,0.,0.));
#11792=DIRECTION('',(0.,0.,1.));
#11793=AXIS2_PLACEMENT_3D('',#11790,#11791,#11792);
#11794=PLANE('',#11793);
#11795=ADVANCED_FACE('',(#11789),#11794,.T.);
#11796=CARTESIAN_POINT('',(70.,95.,413.71289));
#11797=VERTEX_POINT('',#11796);
#11798=DIRECTION('',(0.,0.,1.));
#11799=VECTOR('',#11798,13.29837);
#11800=LINE('',#11774,#11799);
#11801=EDGE_CURVE('',#11775,#11797,#11800,.T.);
#11802=ORIENTED_EDGE('',*,*,#11801,.T.);
#11803=DIRECTION('',(0.,-1.,0.));
#11804=VECTOR('',#11803,5.);
#11805=LINE('',#10300,#11804);
#11806=EDGE_CURVE('',#10301,#11797,#11805,.T.);
#11807=ORIENTED_EDGE('',*,*,#11806,.F.);
#11808=ORIENTED_EDGE('',*,*,#10305,.F.);
#11809=ORIENTED_EDGE('',*,*,#11784,.T.);
#11810=EDGE_LOOP('',(#11802,#11807,#11808,#11809));
#11811=FACE_OUTER_BOUND('',#11810,.T.);
#11812=CARTESIAN_POINT('',(70.,95.,400.41452));
#11813=DIRECTION('',(-1.,0.,0.));
#11814=DIRECTION('',(0.,0.,1.));
#11815=AXIS2_PLACEMENT_3D('',#11812,#11813,#11814);
#11816=PLANE('',#11815);
#11817=ADVANCED_FACE('',(#11811),#11816,.T.);
#11818=CARTESIAN_POINT('',(70.,95.,430.));
#11819=VERTEX_POINT('',#11818);
#11820=DIRECTION('',(0.,0.,1.));
#11821=VECTOR('',#11820,16.28711);
#11822=LINE('',#11796,#11821);
#11823=EDGE_CURVE('',#11797,#11819,#11822,.T.);
#11824=ORIENTED_EDGE('',*,*,#11823,.T.);
#11825=DIRECTION('',(0.,-1.,0.));
#11826=VECTOR('',#11825,5.);
#11827=LINE('',#10322,#11826);
#11828=EDGE_CURVE('',#10323,#11819,#11827,.T.);
#11829=ORIENTED_EDGE('',*,*,#11828,.F.);
#11830=ORIENTED_EDGE('',*,*,#10327,.F.);
#11831=ORIENTED_EDGE('',*,*,#11806,.T.);
#11832=EDGE_LOOP('',(#11824,#11829,#11830,#11831));
#11833=FACE_OUTER_BOUND('',#11832,.T.);
#11834=CARTESIAN_POINT('',(70.,95.,413.71289));
#11835=DIRECTION('',(-1.,0.,0.));
#11836=DIRECTION('',(0.,0.,1.));
#11837=AXIS2_PLACEMENT_3D('',#11834,#11835,#11836);
#11838=PLANE('',#11837);
#11839=ADVANCED_FACE('',(#11833),#11838,.T.);
#11840=CARTESIAN_POINT('',(70.,95.,451.22578));
#11841=VERTEX_POINT('',#11840);
#11842=DIRECTION('',(0.,0.,1.));
#11843=VECTOR('',#11842,21.22578);
#11844=LINE('',#11818,#11843);
#11845=EDGE_CURVE('',#11819,#11841,#11844,.T.);
#11846=ORIENTED_EDGE('',*,*,#11845,.T.);
#11847=DIRECTION('',(0.,-1.,0.));
#11848=VECTOR('',#11847,5.);
#11849=LINE('',#10344,#11848);
#11850=EDGE_CURVE('',#10345,#11841,#11849,.T.);
#11851=ORIENTED_EDGE('',*,*,#11850,.F.);
#11852=ORIENTED_EDGE('',*,*,#10349,.F.);
#11853=ORIENTED_EDGE('',*,*,#11828,.T.);
#11854=EDGE_LOOP('',(#11846,#11851,#11852,#11853));
#11855=FACE_OUTER_BOUND('',#11854,.T.);
#11856=CARTESIAN_POINT('',(70.,95.,430.));
#11857=DIRECTION('',(-1.,0.,0.));
#11858=DIRECTION('',(0.,0.,1.));
#11859=AXIS2_PLACEMENT_3D('',#11856,#11857,#11858);
#11860=PLANE('',#11859);
#11861=ADVANCED_FACE('',(#11855),#11860,.T.);
#11862=CARTESIAN_POINT('',(70.,95.,476.));
#11863=VERTEX_POINT('',#11862);
#11864=DIRECTION('',(0.,0.,1.));
#11865=VECTOR('',#11864,24.77422);
#11866=LINE('',#11840,#11865);
#11867=EDGE_CURVE('',#11841,#11863,#11866,.T.);
#11868=ORIENTED_EDGE('',*,*,#11867,.T.);
#11869=DIRECTION('',(0.,-1.,0.));
#11870=VECTOR('',#11869,5.);
#11871=LINE('',#10366,#11870);
#11872=EDGE_CURVE('',#10367,#11863,#11871,.T.);
#11873=ORIENTED_EDGE('',*,*,#11872,.F.);
#11874=ORIENTED_EDGE('',*,*,#10371,.F.);
#11875=ORIENTED_EDGE('',*,*,#11850,.T.);
#11876=EDGE_LOOP('',(#11868,#11873,#11874,#11875));
#11877=FACE_OUTER_BOUND('',#11876,.T.);
#11878=CARTESIAN_POINT('',(70.,95.,451.22578));
#11879=DIRECTION('',(-1.,0.,0.));
#11880=DIRECTION('',(0.,0.,1.));
#11881=AXIS2_PLACEMENT_3D('',#11878,#11879,#11880);
#11882=PLANE('',#11881);
#11883=ADVANCED_FACE('',(#11877),#11882,.T.);
#11884=CARTESIAN_POINT('',(69.04036,95.,479.58142));
#11885=VERTEX_POINT('',#11884);
#11886=DIRECTION('',(-0.25882,0.,0.96593));
#11887=VECTOR('',#11886,3.70775);
#11888=LINE('',#11862,#11887);
#11889=EDGE_CURVE('',#11863,#11885,#11888,.T.);
#11890=ORIENTED_EDGE('',*,*,#11889,.T.);
#11891=DIRECTION('',(0.,-1.,0.));
#11892=VECTOR('',#11891,5.);
#11893=LINE('',#10388,#11892);
#11894=EDGE_CURVE('',#10389,#11885,#11893,.T.);
#11895=ORIENTED_EDGE('',*,*,#11894,.F.);
#11896=ORIENTED_EDGE('',*,*,#10393,.F.);
#11897=ORIENTED_EDGE('',*,*,#11872,.T.);
#11898=EDGE_LOOP('',(#11890,#11895,#11896,#11897));
#11899=FACE_OUTER_BOUND('',#11898,.T.);
#11900=CARTESIAN_POINT('',(70.,95.,476.));
#11901=DIRECTION('',(-0.96593,0.,-0.25882));
#11902=DIRECTION('',(-0.25882,0.,0.96593));
#11903=AXIS2_PLACEMENT_3D('',#11900,#11901,#11902);
#11904=PLANE('',#11903);
#11905=ADVANCED_FACE('',(#11899),#11904,.T.);
#11906=CARTESIAN_POINT('',(67.85641,95.,484.));
#11907=VERTEX_POINT('',#11906);
#11908=DIRECTION('',(-0.25882,0.,0.96593));
#11909=VECTOR('',#11908,4.57446);
#11910=LINE('',#11884,#11909);
#11911=EDGE_CURVE('',#11885,#11907,#11910,.T.);
#11912=ORIENTED_EDGE('',*,*,#11911,.T.);
#11913=DIRECTION('',(0.,-1.,0.));
#11914=VECTOR('',#11913,5.);
#11915=LINE('',#10410,#11914);
#11916=EDGE_CURVE('',#10411,#11907,#11915,.T.);
#11917=ORIENTED_EDGE('',*,*,#11916,.F.);
#11918=ORIENTED_EDGE('',*,*,#10415,.F.);
#11919=ORIENTED_EDGE('',*,*,#11894,.T.);
#11920=EDGE_LOOP('',(#11912,#11917,#11918,#11919));
#11921=FACE_OUTER_BOUND('',#11920,.T.);
#11922=CARTESIAN_POINT('',(69.04036,95.,479.58142));
#11923=DIRECTION('',(-0.96593,0.,-0.25882));
#11924=DIRECTION('',(-0.25882,0.,0.96593));
#11925=AXIS2_PLACEMENT_3D('',#11922,#11923,#11924);
#11926=PLANE('',#11925);
#11927=ADVANCED_FACE('',(#11921),#11926,.T.);
#11928=CARTESIAN_POINT('',(62.,95.,489.85641));
#11929=VERTEX_POINT('',#11928);
#11930=DIRECTION('',(-0.70711,0.,0.70711));
#11931=VECTOR('',#11930,8.28221);
#11932=LINE('',#11906,#11931);
#11933=EDGE_CURVE('',#11907,#11929,#11932,.T.);
#11934=ORIENTED_EDGE('',*,*,#11933,.T.);
#11935=DIRECTION('',(0.,-1.,0.));
#11936=VECTOR('',#11935,5.);
#11937=LINE('',#10432,#11936);
#11938=EDGE_CURVE('',#10433,#11929,#11937,.T.);
#11939=ORIENTED_EDGE('',*,*,#11938,.F.);
#11940=ORIENTED_EDGE('',*,*,#10437,.F.);
#11941=ORIENTED_EDGE('',*,*,#11916,.T.);
#11942=EDGE_LOOP('',(#11934,#11939,#11940,#11941));
#11943=FACE_OUTER_BOUND('',#11942,.T.);
#11944=CARTESIAN_POINT('',(67.85641,95.,484.));
#11945=DIRECTION('',(-0.70711,0.,-0.70711));
#11946=DIRECTION('',(-0.70711,0.,0.70711));
#11947=AXIS2_PLACEMENT_3D('',#11944,#11945,#11946);
#11948=PLANE('',#11947);
#11949=ADVANCED_FACE('',(#11943),#11948,.T.);
#11950=CARTESIAN_POINT('',(56.59665,95.,491.30423));
#11951=VERTEX_POINT('',#11950);
#11952=DIRECTION('',(-0.96593,0.,0.25882));
#11953=VECTOR('',#11952,5.59396);
#11954=LINE('',#11928,#11953);
#11955=EDGE_CURVE('',#11929,#11951,#11954,.T.);
#11956=ORIENTED_EDGE('',*,*,#11955,.T.);
#11957=DIRECTION('',(0.,-1.,0.));
#11958=VECTOR('',#11957,5.);
#11959=LINE('',#10454,#11958);
#11960=EDGE_CURVE('',#10455,#11951,#11959,.T.);
#11961=ORIENTED_EDGE('',*,*,#11960,.F.);
#11962=ORIENTED_EDGE('',*,*,#10459,.F.);
#11963=ORIENTED_EDGE('',*,*,#11938,.T.);
#11964=EDGE_LOOP('',(#11956,#11961,#11962,#11963));
#11965=FACE_OUTER_BOUND('',#11964,.T.);
#11966=CARTESIAN_POINT('',(62.,95.,489.85641));
#11967=DIRECTION('',(-0.25882,0.,-0.96593));
#11968=DIRECTION('',(-0.96593,0.,0.25882));
#11969=AXIS2_PLACEMENT_3D('',#11966,#11967,#11968);
#11970=PLANE('',#11969);
#11971=ADVANCED_FACE('',(#11965),#11970,.T.);
#11972=CARTESIAN_POINT('',(54.60864,95.,491.83692));
#11973=VERTEX_POINT('',#11972);
#11974=DIRECTION('',(-0.96593,0.,0.25882));
#11975=VECTOR('',#11974,2.05814);
#11976=LINE('',#11950,#11975);
#11977=EDGE_CURVE('',#11951,#11973,#11976,.T.);
#11978=ORIENTED_EDGE('',*,*,#11977,.T.);
#11979=DIRECTION('',(0.,-1.,0.));
#11980=VECTOR('',#11979,5.);
#11981=LINE('',#10476,#11980);
#11982=EDGE_CURVE('',#10477,#11973,#11981,.T.);
#11983=ORIENTED_EDGE('',*,*,#11982,.F.);
#11984=ORIENTED_EDGE('',*,*,#10481,.F.);
#11985=ORIENTED_EDGE('',*,*,#11960,.T.);
#11986=EDGE_LOOP('',(#11978,#11983,#11984,#11985));
#11987=FACE_OUTER_BOUND('',#11986,.T.);
#11988=CARTESIAN_POINT('',(56.59665,95.,491.30423));
#11989=DIRECTION('',(-0.25882,0.,-0.96593));
#11990=DIRECTION('',(-0.96593,0.,0.25882));
#11991=AXIS2_PLACEMENT_3D('',#11988,#11989,#11990);
#11992=PLANE('',#11991);
#11993=ADVANCED_FACE('',(#11987),#11992,.T.);
#11994=CARTESIAN_POINT('',(54.,95.,492.));
#11995=VERTEX_POINT('',#11994);
#11996=DIRECTION('',(-0.96593,0.,0.25882));
#11997=VECTOR('',#11996,0.63011);
#11998=LINE('',#11972,#11997);
#11999=EDGE_CURVE('',#11973,#11995,#11998,.T.);
#12000=ORIENTED_EDGE('',*,*,#11999,.T.);
#12001=DIRECTION('',(0.,-1.,0.));
#12002=VECTOR('',#12001,5.);
#12003=LINE('',#10498,#12002);
#12004=EDGE_CURVE('',#10499,#11995,#12003,.T.);
#12005=ORIENTED_EDGE('',*,*,#12004,.F.);
#12006=ORIENTED_EDGE('',*,*,#10503,.F.);
#12007=ORIENTED_EDGE('',*,*,#11982,.T.);
#12008=EDGE_LOOP('',(#12000,#12005,#12006,#12007));
#12009=FACE_OUTER_BOUND('',#12008,.T.);
#12010=CARTESIAN_POINT('',(54.60864,95.,491.83692));
#12011=DIRECTION('',(-0.25882,0.,-0.96593));
#12012=DIRECTION('',(-0.96593,0.,0.25882));
#12013=AXIS2_PLACEMENT_3D('',#12010,#12011,#12012);
#12014=PLANE('',#12013);
#12015=ADVANCED_FACE('',(#12009),#12014,.T.);
#12016=CARTESIAN_POINT('',(35.36929,95.,492.));
#12017=VERTEX_POINT('',#12016);
#12018=DIRECTION('',(-1.,0.,0.));
#12019=VECTOR('',#12018,18.63071);
#12020=LINE('',#11994,#12019);
#12021=EDGE_CURVE('',#11995,#12017,#12020,.T.);
#12022=ORIENTED_EDGE('',*,*,#12021,.T.);
#12023=DIRECTION('',(0.,-1.,0.));
#12024=VECTOR('',#12023,5.);
#12025=LINE('',#10520,#12024);
#12026=EDGE_CURVE('',#10521,#12017,#12025,.T.);
#12027=ORIENTED_EDGE('',*,*,#12026,.F.);
#12028=ORIENTED_EDGE('',*,*,#10525,.F.);
#12029=ORIENTED_EDGE('',*,*,#12004,.T.);
#12030=EDGE_LOOP('',(#12022,#12027,#12028,#12029));
#12031=FACE_OUTER_BOUND('',#12030,.T.);
#12032=CARTESIAN_POINT('',(54.,95.,492.));
#12033=DIRECTION('',(0.,0.,-1.));
#12034=DIRECTION('',(-1.,0.,0.));
#12035=AXIS2_PLACEMENT_3D('',#12032,#12033,#12034);
#12036=PLANE('',#12035);
#12037=ADVANCED_FACE('',(#12031),#12036,.T.);
#12038=CARTESIAN_POINT('',(17.37813,95.,492.));
#12039=VERTEX_POINT('',#12038);
#12040=DIRECTION('',(-1.,0.,0.));
#12041=VECTOR('',#12040,17.99116);
#12042=LINE('',#12016,#12041);
#12043=EDGE_CURVE('',#12017,#12039,#12042,.T.);
#12044=ORIENTED_EDGE('',*,*,#12043,.T.);
#12045=DIRECTION('',(0.,-1.,0.));
#12046=VECTOR('',#12045,5.);
#12047=LINE('',#10542,#12046);
#12048=EDGE_CURVE('',#10543,#12039,#12047,.T.);
#12049=ORIENTED_EDGE('',*,*,#12048,.F.);
#12050=ORIENTED_EDGE('',*,*,#10547,.F.);
#12051=ORIENTED_EDGE('',*,*,#12026,.T.);
#12052=EDGE_LOOP('',(#12044,#12049,#12050,#12051));
#12053=FACE_OUTER_BOUND('',#12052,.T.);
#12054=CARTESIAN_POINT('',(35.36929,95.,492.));
#12055=DIRECTION('',(0.,0.,-1.));
#12056=DIRECTION('',(-1.,0.,0.));
#12057=AXIS2_PLACEMENT_3D('',#12054,#12055,#12056);
#12058=PLANE('',#12057);
#12059=ADVANCED_FACE('',(#12053),#12058,.T.);
#12060=CARTESIAN_POINT('',(0.,95.,492.));
#12061=VERTEX_POINT('',#12060);
#12062=DIRECTION('',(-1.,0.,0.));
#12063=VECTOR('',#12062,17.37813);
#12064=LINE('',#12038,#12063);
#12065=EDGE_CURVE('',#12039,#12061,#12064,.T.);
#12066=ORIENTED_EDGE('',*,*,#12065,.T.);
#12067=DIRECTION('',(0.,-1.,0.));
#12068=VECTOR('',#12067,5.);
#12069=LINE('',#10564,#12068);
#12070=EDGE_CURVE('',#10565,#12061,#12069,.T.);
#12071=ORIENTED_EDGE('',*,*,#12070,.F.);
#12072=ORIENTED_EDGE('',*,*,#10569,.F.);
#12073=ORIENTED_EDGE('',*,*,#12048,.T.);
#12074=EDGE_LOOP('',(#12066,#12071,#12072,#12073));
#12075=FACE_OUTER_BOUND('',#12074,.T.);
#12076=CARTESIAN_POINT('',(17.37813,95.,492.));
#12077=DIRECTION('',(0.,0.,-1.));
#12078=DIRECTION('',(-1.,0.,0.));
#12079=AXIS2_PLACEMENT_3D('',#12076,#12077,#12078);
#12080=PLANE('',#12079);
#12081=ADVANCED_FACE('',(#12075),#12080,.T.);
#12082=CARTESIAN_POINT('',(-17.37813,95.,492.));
#12083=VERTEX_POINT('',#12082);
#12084=DIRECTION('',(-1.,0.,0.));
#12085=VECTOR('',#12084,17.37813);
#12086=LINE('',#12060,#12085);
#12087=EDGE_CURVE('',#12061,#12083,#12086,.T.);
#12088=ORIENTED_EDGE('',*,*,#12087,.T.);
#12089=DIRECTION('',(0.,-1.,0.));
#12090=VECTOR('',#12089,5.);
#12091=LINE('',#10586,#12090);
#12092=EDGE_CURVE('',#10587,#12083,#12091,.T.);
#12093=ORIENTED_EDGE('',*,*,#12092,.F.);
#12094=ORIENTED_EDGE('',*,*,#10591,.F.);
#12095=ORIENTED_EDGE('',*,*,#12070,.T.);
#12096=EDGE_LOOP('',(#12088,#12093,#12094,#12095));
#12097=FACE_OUTER_BOUND('',#12096,.T.);
#12098=CARTESIAN_POINT('',(0.,95.,492.));
#12099=DIRECTION('',(0.,0.,-1.));
#12100=DIRECTION('',(-1.,0.,0.));
#12101=AXIS2_PLACEMENT_3D('',#12098,#12099,#12100);
#12102=PLANE('',#12101);
#12103=ADVANCED_FACE('',(#12097),#12102,.T.);
#12104=CARTESIAN_POINT('',(-35.36929,95.,492.));
#12105=VERTEX_POINT('',#12104);
#12106=DIRECTION('',(-1.,0.,0.));
#12107=VECTOR('',#12106,17.99116);
#12108=LINE('',#12082,#12107);
#12109=EDGE_CURVE('',#12083,#12105,#12108,.T.);
#12110=ORIENTED_EDGE('',*,*,#12109,.T.);
#12111=DIRECTION('',(0.,-1.,0.));
#12112=VECTOR('',#12111,5.);
#12113=LINE('',#10608,#12112);
#12114=EDGE_CURVE('',#10609,#12105,#12113,.T.);
#12115=ORIENTED_EDGE('',*,*,#12114,.F.);
#12116=ORIENTED_EDGE('',*,*,#10613,.F.);
#12117=ORIENTED_EDGE('',*,*,#12092,.T.);
#12118=EDGE_LOOP('',(#12110,#12115,#12116,#12117));
#12119=FACE_OUTER_BOUND('',#12118,.T.);
#12120=CARTESIAN_POINT('',(-17.37813,95.,492.));
#12121=DIRECTION('',(0.,0.,-1.));
#12122=DIRECTION('',(-1.,0.,0.));
#12123=AXIS2_PLACEMENT_3D('',#12120,#12121,#12122);
#12124=PLANE('',#12123);
#12125=ADVANCED_FACE('',(#12119),#12124,.T.);
#12126=CARTESIAN_POINT('',(-54.,95.,492.));
#12127=VERTEX_POINT('',#12126);
#12128=DIRECTION('',(-1.,0.,0.));
#12129=VECTOR('',#12128,18.63071);
#12130=LINE('',#12104,#12129);
#12131=EDGE_CURVE('',#12105,#12127,#12130,.T.);
#12132=ORIENTED_EDGE('',*,*,#12131,.T.);
#12133=DIRECTION('',(0.,-1.,0.));
#12134=VECTOR('',#12133,5.);
#12135=LINE('',#10630,#12134);
#12136=EDGE_CURVE('',#10631,#12127,#12135,.T.);
#12137=ORIENTED_EDGE('',*,*,#12136,.F.);
#12138=ORIENTED_EDGE('',*,*,#10635,.F.);
#12139=ORIENTED_EDGE('',*,*,#12114,.T.);
#12140=EDGE_LOOP('',(#12132,#12137,#12138,#12139));
#12141=FACE_OUTER_BOUND('',#12140,.T.);
#12142=CARTESIAN_POINT('',(-35.36929,95.,492.));
#12143=DIRECTION('',(0.,0.,-1.));
#12144=DIRECTION('',(-1.,0.,0.));
#12145=AXIS2_PLACEMENT_3D('',#12142,#12143,#12144);
#12146=PLANE('',#12145);
#12147=ADVANCED_FACE('',(#12141),#12146,.T.);
#12148=CARTESIAN_POINT('',(-54.60864,95.,491.83692));
#12149=VERTEX_POINT('',#12148);
#12150=DIRECTION('',(-0.96593,0.,-0.25882));
#12151=VECTOR('',#12150,0.63011);
#12152=LINE('',#12126,#12151);
#12153=EDGE_CURVE('',#12127,#12149,#12152,.T.);
#12154=ORIENTED_EDGE('',*,*,#12153,.T.);
#12155=DIRECTION('',(0.,-1.,0.));
#12156=VECTOR('',#12155,5.);
#12157=LINE('',#10652,#12156);
#12158=EDGE_CURVE('',#10653,#12149,#12157,.T.);
#12159=ORIENTED_EDGE('',*,*,#12158,.F.);
#12160=ORIENTED_EDGE('',*,*,#10657,.F.);
#12161=ORIENTED_EDGE('',*,*,#12136,.T.);
#12162=EDGE_LOOP('',(#12154,#12159,#12160,#12161));
#12163=FACE_OUTER_BOUND('',#12162,.T.);
#12164=CARTESIAN_POINT('',(-54.,95.,492.));
#12165=DIRECTION('',(0.25882,0.,-0.96593));
#12166=DIRECTION('',(-0.96593,0.,-0.25882));
#12167=AXIS2_PLACEMENT_3D('',#12164,#12165,#12166);
#12168=PLANE('',#12167);
#12169=ADVANCED_FACE('',(#12163),#12168,.T.);
#12170=CARTESIAN_POINT('',(-56.59665,95.,491.30423));
#12171=VERTEX_POINT('',#12170);
#12172=DIRECTION('',(-0.96593,0.,-0.25882));
#12173=VECTOR('',#12172,2.05814);
#12174=LINE('',#12148,#12173);
#12175=EDGE_CURVE('',#12149,#12171,#12174,.T.);
#12176=ORIENTED_EDGE('',*,*,#12175,.T.);
#12177=DIRECTION('',(0.,-1.,0.));
#12178=VECTOR('',#12177,5.);
#12179=LINE('',#10674,#12178);
#12180=EDGE_CURVE('',#10675,#12171,#12179,.T.);
#12181=ORIENTED_EDGE('',*,*,#12180,.F.);
#12182=ORIENTED_EDGE('',*,*,#10679,.F.);
#12183=ORIENTED_EDGE('',*,*,#12158,.T.);
#12184=EDGE_LOOP('',(#12176,#12181,#12182,#12183));
#12185=FACE_OUTER_BOUND('',#12184,.T.);
#12186=CARTESIAN_POINT('',(-54.60864,95.,491.83692));
#12187=DIRECTION('',(0.25882,0.,-0.96593));
#12188=DIRECTION('',(-0.96593,0.,-0.25882));
#12189=AXIS2_PLACEMENT_3D('',#12186,#12187,#12188);
#12190=PLANE('',#12189);
#12191=ADVANCED_FACE('',(#12185),#12190,.T.);
#12192=CARTESIAN_POINT('',(-62.,95.,489.85641));
#12193=VERTEX_POINT('',#12192);
#12194=DIRECTION('',(-0.96593,0.,-0.25882));
#12195=VECTOR('',#12194,5.59396);
#12196=LINE('',#12170,#12195);
#12197=EDGE_CURVE('',#12171,#12193,#12196,.T.);
#12198=ORIENTED_EDGE('',*,*,#12197,.T.);
#12199=DIRECTION('',(0.,-1.,0.));
#12200=VECTOR('',#12199,5.);
#12201=LINE('',#10696,#12200);
#12202=EDGE_CURVE('',#10697,#12193,#12201,.T.);
#12203=ORIENTED_EDGE('',*,*,#12202,.F.);
#12204=ORIENTED_EDGE('',*,*,#10701,.F.);
#12205=ORIENTED_EDGE('',*,*,#12180,.T.);
#12206=EDGE_LOOP('',(#12198,#12203,#12204,#12205));
#12207=FACE_OUTER_BOUND('',#12206,.T.);
#12208=CARTESIAN_POINT('',(-56.59665,95.,491.30423));
#12209=DIRECTION('',(0.25882,0.,-0.96593));
#12210=DIRECTION('',(-0.96593,0.,-0.25882));
#12211=AXIS2_PLACEMENT_3D('',#12208,#12209,#12210);
#12212=PLANE('',#12211);
#12213=ADVANCED_FACE('',(#12207),#12212,.T.);
#12214=CARTESIAN_POINT('',(-67.85641,95.,484.));
#12215=VERTEX_POINT('',#12214);
#12216=DIRECTION('',(-0.70711,0.,-0.70711));
#12217=VECTOR('',#12216,8.28221);
#12218=LINE('',#12192,#12217);
#12219=EDGE_CURVE('',#12193,#12215,#12218,.T.);
#12220=ORIENTED_EDGE('',*,*,#12219,.T.);
#12221=DIRECTION('',(0.,-1.,0.));
#12222=VECTOR('',#12221,5.);
#12223=LINE('',#10718,#12222);
#12224=EDGE_CURVE('',#10719,#12215,#12223,.T.);
#12225=ORIENTED_EDGE('',*,*,#12224,.F.);
#12226=ORIENTED_EDGE('',*,*,#10723,.F.);
#12227=ORIENTED_EDGE('',*,*,#12202,.T.);
#12228=EDGE_LOOP('',(#12220,#12225,#12226,#12227));
#12229=FACE_OUTER_BOUND('',#12228,.T.);
#12230=CARTESIAN_POINT('',(-62.,95.,489.85641));
#12231=DIRECTION('',(0.70711,0.,-0.70711));
#12232=DIRECTION('',(-0.70711,0.,-0.70711));
#12233=AXIS2_PLACEMENT_3D('',#12230,#12231,#12232);
#12234=PLANE('',#12233);
#12235=ADVANCED_FACE('',(#12229),#12234,.T.);
#12236=CARTESIAN_POINT('',(-69.04036,95.,479.58142));
#12237=VERTEX_POINT('',#12236);
#12238=DIRECTION('',(-0.25882,0.,-0.96593));
#12239=VECTOR('',#12238,4.57446);
#12240=LINE('',#12214,#12239);
#12241=EDGE_CURVE('',#12215,#12237,#12240,.T.);
#12242=ORIENTED_EDGE('',*,*,#12241,.T.);
#12243=DIRECTION('',(0.,-1.,0.));
#12244=VECTOR('',#12243,5.);
#12245=LINE('',#10740,#12244);
#12246=EDGE_CURVE('',#10741,#12237,#12245,.T.);
#12247=ORIENTED_EDGE('',*,*,#12246,.F.);
#12248=ORIENTED_EDGE('',*,*,#10745,.F.);
#12249=ORIENTED_EDGE('',*,*,#12224,.T.);
#12250=EDGE_LOOP('',(#12242,#12247,#12248,#12249));
#12251=FACE_OUTER_BOUND('',#12250,.T.);
#12252=CARTESIAN_POINT('',(-67.85641,95.,484.));
#12253=DIRECTION('',(0.96593,0.,-0.25882));
#12254=DIRECTION('',(-0.25882,0.,-0.96593));
#12255=AXIS2_PLACEMENT_3D('',#12252,#12253,#12254);
#12256=PLANE('',#12255);
#12257=ADVANCED_FACE('',(#12251),#12256,.T.);
#12258=CARTESIAN_POINT('',(-70.,95.,476.));
#12259=VERTEX_POINT('',#12258);
#12260=DIRECTION('',(-0.25882,0.,-0.96593));
#12261=VECTOR('',#12260,3.70775);
#12262=LINE('',#12236,#12261);
#12263=EDGE_CURVE('',#12237,#12259,#12262,.T.);
#12264=ORIENTED_EDGE('',*,*,#12263,.T.);
#12265=DIRECTION('',(0.,-1.,0.));
#12266=VECTOR('',#12265,5.);
#12267=LINE('',#10762,#12266);
#12268=EDGE_CURVE('',#10763,#12259,#12267,.T.);
#12269=ORIENTED_EDGE('',*,*,#12268,.F.);
#12270=ORIENTED_EDGE('',*,*,#10767,.F.);
#12271=ORIENTED_EDGE('',*,*,#12246,.T.);
#12272=EDGE_LOOP('',(#12264,#12269,#12270,#12271));
#12273=FACE_OUTER_BOUND('',#12272,.T.);
#12274=CARTESIAN_POINT('',(-69.04036,95.,479.58142));
#12275=DIRECTION('',(0.96593,0.,-0.25882));
#12276=DIRECTION('',(-0.25882,0.,-0.96593));
#12277=AXIS2_PLACEMENT_3D('',#12274,#12275,#12276);
#12278=PLANE('',#12277);
#12279=ADVANCED_FACE('',(#12273),#12278,.T.);
#12280=CARTESIAN_POINT('',(-70.,95.,451.22578));
#12281=VERTEX_POINT('',#12280);
#12282=DIRECTION('',(0.,0.,-1.));
#12283=VECTOR('',#12282,24.77422);
#12284=LINE('',#12258,#12283);
#12285=EDGE_CURVE('',#12259,#12281,#12284,.T.);
#12286=ORIENTED_EDGE('',*,*,#12285,.T.);
#12287=DIRECTION('',(0.,-1.,0.));
#12288=VECTOR('',#12287,5.);
#12289=LINE('',#10784,#12288);
#12290=EDGE_CURVE('',#10785,#12281,#12289,.T.);
#12291=ORIENTED_EDGE('',*,*,#12290,.F.);
#12292=ORIENTED_EDGE('',*,*,#10789,.F.);
#12293=ORIENTED_EDGE('',*,*,#12268,.T.);
#12294=EDGE_LOOP('',(#12286,#12291,#12292,#12293));
#12295=FACE_OUTER_BOUND('',#12294,.T.);
#12296=CARTESIAN_POINT('',(-70.,95.,476.));
#12297=DIRECTION('',(1.,0.,0.));
#12298=DIRECTION('',(0.,0.,-1.));
#12299=AXIS2_PLACEMENT_3D('',#12296,#12297,#12298);
#12300=PLANE('',#12299);
#12301=ADVANCED_FACE('',(#12295),#12300,.T.);
#12302=CARTESIAN_POINT('',(-70.,95.,430.));
#12303=VERTEX_POINT('',#12302);
#12304=DIRECTION('',(0.,0.,-1.));
#12305=VECTOR('',#12304,21.22578);
#12306=LINE('',#12280,#12305);
#12307=EDGE_CURVE('',#12281,#12303,#12306,.T.);
#12308=ORIENTED_EDGE('',*,*,#12307,.T.);
#12309=DIRECTION('',(0.,-1.,0.));
#12310=VECTOR('',#12309,5.);
#12311=LINE('',#10806,#12310);
#12312=EDGE_CURVE('',#10807,#12303,#12311,.T.);
#12313=ORIENTED_EDGE('',*,*,#12312,.F.);
#12314=ORIENTED_EDGE('',*,*,#10811,.F.);
#12315=ORIENTED_EDGE('',*,*,#12290,.T.);
#12316=EDGE_LOOP('',(#12308,#12313,#12314,#12315));
#12317=FACE_OUTER_BOUND('',#12316,.T.);
#12318=CARTESIAN_POINT('',(-70.,95.,451.22578));
#12319=DIRECTION('',(1.,0.,0.));
#12320=DIRECTION('',(0.,0.,-1.));
#12321=AXIS2_PLACEMENT_3D('',#12318,#12319,#12320);
#12322=PLANE('',#12321);
#12323=ADVANCED_FACE('',(#12317),#12322,.T.);
#12324=CARTESIAN_POINT('',(-70.,95.,413.71289));
#12325=VERTEX_POINT('',#12324);
#12326=DIRECTION('',(0.,0.,-1.));
#12327=VECTOR('',#12326,16.28711);
#12328=LINE('',#12302,#12327);
#12329=EDGE_CURVE('',#12303,#12325,#12328,.T.);
#12330=ORIENTED_EDGE('',*,*,#12329,.T.);
#12331=DIRECTION('',(0.,-1.,0.));
#12332=VECTOR('',#12331,5.);
#12333=LINE('',#10828,#12332);
#12334=EDGE_CURVE('',#10829,#12325,#12333,.T.);
#12335=ORIENTED_EDGE('',*,*,#12334,.F.);
#12336=ORIENTED_EDGE('',*,*,#10833,.F.);
#12337=ORIENTED_EDGE('',*,*,#12312,.T.);
#12338=EDGE_LOOP('',(#12330,#12335,#12336,#12337));
#12339=FACE_OUTER_BOUND('',#12338,.T.);
#12340=CARTESIAN_POINT('',(-70.,95.,430.));
#12341=DIRECTION('',(1.,0.,0.));
#12342=DIRECTION('',(0.,0.,-1.));
#12343=AXIS2_PLACEMENT_3D('',#12340,#12341,#12342);
#12344=PLANE('',#12343);
#12345=ADVANCED_FACE('',(#12339),#12344,.T.);
#12346=CARTESIAN_POINT('',(-70.,95.,400.41452));
#12347=VERTEX_POINT('',#12346);
#12348=DIRECTION('',(0.,0.,-1.));
#12349=VECTOR('',#12348,13.29837);
#12350=LINE('',#12324,#12349);
#12351=EDGE_CURVE('',#12325,#12347,#12350,.T.);
#12352=ORIENTED_EDGE('',*,*,#12351,.T.);
#12353=DIRECTION('',(0.,-1.,0.));
#12354=VECTOR('',#12353,5.);
#12355=LINE('',#10850,#12354);
#12356=EDGE_CURVE('',#10851,#12347,#12355,.T.);
#12357=ORIENTED_EDGE('',*,*,#12356,.F.);
#12358=ORIENTED_EDGE('',*,*,#10855,.F.);
#12359=ORIENTED_EDGE('',*,*,#12334,.T.);
#12360=EDGE_LOOP('',(#12352,#12357,#12358,#12359));
#12361=FACE_OUTER_BOUND('',#12360,.T.);
#12362=CARTESIAN_POINT('',(-70.,95.,413.71289));
#12363=DIRECTION('',(1.,0.,0.));
#12364=DIRECTION('',(0.,0.,-1.));
#12365=AXIS2_PLACEMENT_3D('',#12362,#12363,#12364);
#12366=PLANE('',#12365);
#12367=ADVANCED_FACE('',(#12361),#12366,.T.);
#12368=CARTESIAN_POINT('',(-70.,95.,388.99495));
#12369=VERTEX_POINT('',#12368);
#12370=DIRECTION('',(0.,0.,-1.));
#12371=VECTOR('',#12370,11.41957);
#12372=LINE('',#12346,#12371);
#12373=EDGE_CURVE('',#12347,#12369,#12372,.T.);
#12374=ORIENTED_EDGE('',*,*,#12373,.T.);
#12375=DIRECTION('',(0.,-1.,0.));
#12376=VECTOR('',#12375,5.);
#12377=LINE('',#10872,#12376);
#12378=EDGE_CURVE('',#10873,#12369,#12377,.T.);
#12379=ORIENTED_EDGE('',*,*,#12378,.F.);
#12380=ORIENTED_EDGE('',*,*,#10877,.F.);
#12381=ORIENTED_EDGE('',*,*,#12356,.T.);
#12382=EDGE_LOOP('',(#12374,#12379,#12380,#12381));
#12383=FACE_OUTER_BOUND('',#12382,.T.);
#12384=CARTESIAN_POINT('',(-70.,95.,400.41452));
#12385=DIRECTION('',(1.,0.,0.));
#12386=DIRECTION('',(0.,0.,-1.));
#12387=AXIS2_PLACEMENT_3D('',#12384,#12385,#12386);
#12388=PLANE('',#12387);
#12389=ADVANCED_FACE('',(#12383),#12388,.T.);
#12390=CARTESIAN_POINT('',(-70.,95.,378.75644));
#12391=VERTEX_POINT('',#12390);
#12392=DIRECTION('',(0.,0.,-1.));
#12393=VECTOR('',#12392,10.23851);
#12394=LINE('',#12368,#12393);
#12395=EDGE_CURVE('',#12369,#12391,#12394,.T.);
#12396=ORIENTED_EDGE('',*,*,#12395,.T.);
#12397=DIRECTION('',(0.,-1.,0.));
#12398=VECTOR('',#12397,5.);
#12399=LINE('',#10894,#12398);
#12400=EDGE_CURVE('',#10895,#12391,#12399,.T.);
#12401=ORIENTED_EDGE('',*,*,#12400,.F.);
#12402=ORIENTED_EDGE('',*,*,#10899,.F.);
#12403=ORIENTED_EDGE('',*,*,#12378,.T.);
#12404=EDGE_LOOP('',(#12396,#12401,#12402,#12403));
#12405=FACE_OUTER_BOUND('',#12404,.T.);
#12406=CARTESIAN_POINT('',(-70.,95.,388.99495));
#12407=DIRECTION('',(1.,0.,0.));
#12408=DIRECTION('',(0.,0.,-1.));
#12409=AXIS2_PLACEMENT_3D('',#12406,#12407,#12408);
#12410=PLANE('',#12409);
#12411=ADVANCED_FACE('',(#12405),#12410,.T.);
#12412=CARTESIAN_POINT('',(-70.,95.,369.21567));
#12413=VERTEX_POINT('',#12412);
#12414=DIRECTION('',(0.,0.,-1.));
#12415=VECTOR('',#12414,9.54077);
#12416=LINE('',#12390,#12415);
#12417=EDGE_CURVE('',#12391,#12413,#12416,.T.);
#12418=ORIENTED_EDGE('',*,*,#12417,.T.);
#12419=DIRECTION('',(0.,-1.,0.));
#12420=VECTOR('',#12419,5.);
#12421=LINE('',#10916,#12420);
#12422=EDGE_CURVE('',#10917,#12413,#12421,.T.);
#12423=ORIENTED_EDGE('',*,*,#12422,.F.);
#12424=ORIENTED_EDGE('',*,*,#10921,.F.);
#12425=ORIENTED_EDGE('',*,*,#12400,.T.);
#12426=EDGE_LOOP('',(#12418,#12423,#12424,#12425));
#12427=FACE_OUTER_BOUND('',#12426,.T.);
#12428=CARTESIAN_POINT('',(-70.,95.,378.75644));
#12429=DIRECTION('',(1.,0.,0.));
#12430=DIRECTION('',(0.,0.,-1.));
#12431=AXIS2_PLACEMENT_3D('',#12428,#12429,#12430);
#12432=PLANE('',#12431);
#12433=ADVANCED_FACE('',(#12427),#12432,.T.);
#12434=CARTESIAN_POINT('',(-70.,95.,360.));
#12435=VERTEX_POINT('',#12434);
#12436=DIRECTION('',(0.,0.,-1.));
#12437=VECTOR('',#12436,9.21567);
#12438=LINE('',#12412,#12437);
#12439=EDGE_CURVE('',#12413,#12435,#12438,.T.);
#12440=ORIENTED_EDGE('',*,*,#12439,.T.);
#12441=DIRECTION('',(0.,-1.,0.));
#12442=VECTOR('',#12441,5.);
#12443=LINE('',#10938,#12442);
#12444=EDGE_CURVE('',#10939,#12435,#12443,.T.);
#12445=ORIENTED_EDGE('',*,*,#12444,.F.);
#12446=ORIENTED_EDGE('',*,*,#10943,.F.);
#12447=ORIENTED_EDGE('',*,*,#12422,.T.);
#12448=EDGE_LOOP('',(#12440,#12445,#12446,#12447));
#12449=FACE_OUTER_BOUND('',#12448,.T.);
#12450=CARTESIAN_POINT('',(-70.,95.,369.21567));
#12451=DIRECTION('',(1.,0.,0.));
#12452=DIRECTION('',(0.,0.,-1.));
#12453=AXIS2_PLACEMENT_3D('',#12450,#12451,#12452);
#12454=PLANE('',#12453);
#12455=ADVANCED_FACE('',(#12449),#12454,.T.);
#12456=CARTESIAN_POINT('',(-70.,95.,350.78433));
#12457=VERTEX_POINT('',#12456);
#12458=DIRECTION('',(0.,0.,-1.));
#12459=VECTOR('',#12458,9.21567);
#12460=LINE('',#12434,#12459);
#12461=EDGE_CURVE('',#12435,#12457,#12460,.T.);
#12462=ORIENTED_EDGE('',*,*,#12461,.T.);
#12463=DIRECTION('',(0.,-1.,0.));
#12464=VECTOR('',#12463,5.);
#12465=LINE('',#10960,#12464);
#12466=EDGE_CURVE('',#10961,#12457,#12465,.T.);
#12467=ORIENTED_EDGE('',*,*,#12466,.F.);
#12468=ORIENTED_EDGE('',*,*,#10965,.F.);
#12469=ORIENTED_EDGE('',*,*,#12444,.T.);
#12470=EDGE_LOOP('',(#12462,#12467,#12468,#12469));
#12471=FACE_OUTER_BOUND('',#12470,.T.);
#12472=CARTESIAN_POINT('',(-70.,95.,360.));
#12473=DIRECTION('',(1.,0.,0.));
#12474=DIRECTION('',(0.,0.,-1.));
#12475=AXIS2_PLACEMENT_3D('',#12472,#12473,#12474);
#12476=PLANE('',#12475);
#12477=ADVANCED_FACE('',(#12471),#12476,.T.);
#12478=CARTESIAN_POINT('',(-70.,95.,341.24356));
#12479=VERTEX_POINT('',#12478);
#12480=DIRECTION('',(0.,0.,-1.));
#12481=VECTOR('',#12480,9.54077);
#12482=LINE('',#12456,#12481);
#12483=EDGE_CURVE('',#12457,#12479,#12482,.T.);
#12484=ORIENTED_EDGE('',*,*,#12483,.T.);
#12485=DIRECTION('',(0.,-1.,0.));
#12486=VECTOR('',#12485,5.);
#12487=LINE('',#10982,#12486);
#12488=EDGE_CURVE('',#10983,#12479,#12487,.T.);
#12489=ORIENTED_EDGE('',*,*,#12488,.F.);
#12490=ORIENTED_EDGE('',*,*,#10987,.F.);
#12491=ORIENTED_EDGE('',*,*,#12466,.T.);
#12492=EDGE_LOOP('',(#12484,#12489,#12490,#12491));
#12493=FACE_OUTER_BOUND('',#12492,.T.);
#12494=CARTESIAN_POINT('',(-70.,95.,350.78433));
#12495=DIRECTION('',(1.,0.,0.));
#12496=DIRECTION('',(0.,0.,-1.));
#12497=AXIS2_PLACEMENT_3D('',#12494,#12495,#12496);
#12498=PLANE('',#12497);
#12499=ADVANCED_FACE('',(#12493),#12498,.T.);
#12500=CARTESIAN_POINT('',(-70.,95.,331.00505));
#12501=VERTEX_POINT('',#12500);
#12502=DIRECTION('',(0.,0.,-1.));
#12503=VECTOR('',#12502,10.23851);
#12504=LINE('',#12478,#12503);
#12505=EDGE_CURVE('',#12479,#12501,#12504,.T.);
#12506=ORIENTED_EDGE('',*,*,#12505,.T.);
#12507=DIRECTION('',(0.,-1.,0.));
#12508=VECTOR('',#12507,5.);
#12509=LINE('',#11004,#12508);
#12510=EDGE_CURVE('',#11005,#12501,#12509,.T.);
#12511=ORIENTED_EDGE('',*,*,#12510,.F.);
#12512=ORIENTED_EDGE('',*,*,#11009,.F.);
#12513=ORIENTED_EDGE('',*,*,#12488,.T.);
#12514=EDGE_LOOP('',(#12506,#12511,#12512,#12513));
#12515=FACE_OUTER_BOUND('',#12514,.T.);
#12516=CARTESIAN_POINT('',(-70.,95.,341.24356));
#12517=DIRECTION('',(1.,0.,0.));
#12518=DIRECTION('',(0.,0.,-1.));
#12519=AXIS2_PLACEMENT_3D('',#12516,#12517,#12518);
#12520=PLANE('',#12519);
#12521=ADVANCED_FACE('',(#12515),#12520,.T.);
#12522=CARTESIAN_POINT('',(-70.,95.,319.58548));
#12523=VERTEX_POINT('',#12522);
#12524=DIRECTION('',(0.,0.,-1.));
#12525=VECTOR('',#12524,11.41957);
#12526=LINE('',#12500,#12525);
#12527=EDGE_CURVE('',#12501,#12523,#12526,.T.);
#12528=ORIENTED_EDGE('',*,*,#12527,.T.);
#12529=DIRECTION('',(0.,-1.,0.));
#12530=VECTOR('',#12529,5.);
#12531=LINE('',#11026,#12530);
#12532=EDGE_CURVE('',#11027,#12523,#12531,.T.);
#12533=ORIENTED_EDGE('',*,*,#12532,.F.);
#12534=ORIENTED_EDGE('',*,*,#11031,.F.);
#12535=ORIENTED_EDGE('',*,*,#12510,.T.);
#12536=EDGE_LOOP('',(#12528,#12533,#12534,#12535));
#12537=FACE_OUTER_BOUND('',#12536,.T.);
#12538=CARTESIAN_POINT('',(-70.,95.,331.00505));
#12539=DIRECTION('',(1.,0.,0.));
#12540=DIRECTION('',(0.,0.,-1.));
#12541=AXIS2_PLACEMENT_3D('',#12538,#12539,#12540);
#12542=PLANE('',#12541);
#12543=ADVANCED_FACE('',(#12537),#12542,.T.);
#12544=CARTESIAN_POINT('',(-70.,95.,306.28711));
#12545=VERTEX_POINT('',#12544);
#12546=DIRECTION('',(0.,0.,-1.));
#12547=VECTOR('',#12546,13.29837);
#12548=LINE('',#12522,#12547);
#12549=EDGE_CURVE('',#12523,#12545,#12548,.T.);
#12550=ORIENTED_EDGE('',*,*,#12549,.T.);
#12551=DIRECTION('',(0.,-1.,0.));
#12552=VECTOR('',#12551,5.);
#12553=LINE('',#11048,#12552);
#12554=EDGE_CURVE('',#11049,#12545,#12553,.T.);
#12555=ORIENTED_EDGE('',*,*,#12554,.F.);
#12556=ORIENTED_EDGE('',*,*,#11053,.F.);
#12557=ORIENTED_EDGE('',*,*,#12532,.T.);
#12558=EDGE_LOOP('',(#12550,#12555,#12556,#12557));
#12559=FACE_OUTER_BOUND('',#12558,.T.);
#12560=CARTESIAN_POINT('',(-70.,95.,319.58548));
#12561=DIRECTION('',(1.,0.,0.));
#12562=DIRECTION('',(0.,0.,-1.));
#12563=AXIS2_PLACEMENT_3D('',#12560,#12561,#12562);
#12564=PLANE('',#12563);
#12565=ADVANCED_FACE('',(#12559),#12564,.T.);
#12566=CARTESIAN_POINT('',(-70.,95.,290.));
#12567=VERTEX_POINT('',#12566);
#12568=DIRECTION('',(0.,0.,-1.));
#12569=VECTOR('',#12568,16.28711);
#12570=LINE('',#12544,#12569);
#12571=EDGE_CURVE('',#12545,#12567,#12570,.T.);
#12572=ORIENTED_EDGE('',*,*,#12571,.T.);
#12573=DIRECTION('',(0.,-1.,0.));
#12574=VECTOR('',#12573,5.);
#12575=LINE('',#11070,#12574);
#12576=EDGE_CURVE('',#11071,#12567,#12575,.T.);
#12577=ORIENTED_EDGE('',*,*,#12576,.F.);
#12578=ORIENTED_EDGE('',*,*,#11075,.F.);
#12579=ORIENTED_EDGE('',*,*,#12554,.T.);
#12580=EDGE_LOOP('',(#12572,#12577,#12578,#12579));
#12581=FACE_OUTER_BOUND('',#12580,.T.);
#12582=CARTESIAN_POINT('',(-70.,95.,306.28711));
#12583=DIRECTION('',(1.,0.,0.));
#12584=DIRECTION('',(0.,0.,-1.));
#12585=AXIS2_PLACEMENT_3D('',#12582,#12583,#12584);
#12586=PLANE('',#12585);
#12587=ADVANCED_FACE('',(#12581),#12586,.T.);
#12588=CARTESIAN_POINT('',(-70.,95.,268.77422));
#12589=VERTEX_POINT('',#12588);
#12590=DIRECTION('',(0.,0.,-1.));
#12591=VECTOR('',#12590,21.22578);
#12592=LINE('',#12566,#12591);
#12593=EDGE_CURVE('',#12567,#12589,#12592,.T.);
#12594=ORIENTED_EDGE('',*,*,#12593,.T.);
#12595=DIRECTION('',(0.,-1.,0.));
#12596=VECTOR('',#12595,5.);
#12597=LINE('',#11092,#12596);
#12598=EDGE_CURVE('',#11093,#12589,#12597,.T.);
#12599=ORIENTED_EDGE('',*,*,#12598,.F.);
#12600=ORIENTED_EDGE('',*,*,#11097,.F.);
#12601=ORIENTED_EDGE('',*,*,#12576,.T.);
#12602=EDGE_LOOP('',(#12594,#12599,#12600,#12601));
#12603=FACE_OUTER_BOUND('',#12602,.T.);
#12604=CARTESIAN_POINT('',(-70.,95.,290.));
#12605=DIRECTION('',(1.,0.,0.));
#12606=DIRECTION('',(0.,0.,-1.));
#12607=AXIS2_PLACEMENT_3D('',#12604,#12605,#12606);
#12608=PLANE('',#12607);
#12609=ADVANCED_FACE('',(#12603),#12608,.T.);
#12610=CARTESIAN_POINT('',(-70.,95.,244.));
#12611=VERTEX_POINT('',#12610);
#12612=DIRECTION('',(0.,0.,-1.));
#12613=VECTOR('',#12612,24.77422);
#12614=LINE('',#12588,#12613);
#12615=EDGE_CURVE('',#12589,#12611,#12614,.T.);
#12616=ORIENTED_EDGE('',*,*,#12615,.T.);
#12617=DIRECTION('',(0.,-1.,0.));
#12618=VECTOR('',#12617,5.);
#12619=LINE('',#11114,#12618);
#12620=EDGE_CURVE('',#11115,#12611,#12619,.T.);
#12621=ORIENTED_EDGE('',*,*,#12620,.F.);
#12622=ORIENTED_EDGE('',*,*,#11119,.F.);
#12623=ORIENTED_EDGE('',*,*,#12598,.T.);
#12624=EDGE_LOOP('',(#12616,#12621,#12622,#12623));
#12625=FACE_OUTER_BOUND('',#12624,.T.);
#12626=CARTESIAN_POINT('',(-70.,95.,268.77422));
#12627=DIRECTION('',(1.,0.,0.));
#12628=DIRECTION('',(0.,0.,-1.));
#12629=AXIS2_PLACEMENT_3D('',#12626,#12627,#12628);
#12630=PLANE('',#12629);
#12631=ADVANCED_FACE('',(#12625),#12630,.T.);
#12632=CARTESIAN_POINT('',(-69.04036,95.,240.41858));
#12633=VERTEX_POINT('',#12632);
#12634=DIRECTION('',(0.25882,0.,-0.96593));
#12635=VECTOR('',#12634,3.70775);
#12636=LINE('',#12610,#12635);
#12637=EDGE_CURVE('',#12611,#12633,#12636,.T.);
#12638=ORIENTED_EDGE('',*,*,#12637,.T.);
#12639=DIRECTION('',(0.,-1.,0.));
#12640=VECTOR('',#12639,5.);
#12641=LINE('',#11136,#12640);
#12642=EDGE_CURVE('',#11137,#12633,#12641,.T.);
#12643=ORIENTED_EDGE('',*,*,#12642,.F.);
#12644=ORIENTED_EDGE('',*,*,#11141,.F.);
#12645=ORIENTED_EDGE('',*,*,#12620,.T.);
#12646=EDGE_LOOP('',(#12638,#12643,#12644,#12645));
#12647=FACE_OUTER_BOUND('',#12646,.T.);
#12648=CARTESIAN_POINT('',(-70.,95.,244.));
#12649=DIRECTION('',(0.96593,0.,0.25882));
#12650=DIRECTION('',(0.25882,0.,-0.96593));
#12651=AXIS2_PLACEMENT_3D('',#12648,#12649,#12650);
#12652=PLANE('',#12651);
#12653=ADVANCED_FACE('',(#12647),#12652,.T.);
#12654=CARTESIAN_POINT('',(-68.19235,95.,237.25377));
#12655=VERTEX_POINT('',#12654);
#12656=DIRECTION('',(0.25882,0.,-0.96593));
#12657=VECTOR('',#12656,3.27646);
#12658=LINE('',#12632,#12657);
#12659=EDGE_CURVE('',#12633,#12655,#12658,.T.);
#12660=ORIENTED_EDGE('',*,*,#12659,.T.);
#12661=DIRECTION('',(0.,-1.,0.));
#12662=VECTOR('',#12661,5.);
#12663=LINE('',#11158,#12662);
#12664=EDGE_CURVE('',#11159,#12655,#12663,.T.);
#12665=ORIENTED_EDGE('',*,*,#12664,.F.);
#12666=ORIENTED_EDGE('',*,*,#11163,.F.);
#12667=ORIENTED_EDGE('',*,*,#12642,.T.);
#12668=EDGE_LOOP('',(#12660,#12665,#12666,#12667));
#12669=FACE_OUTER_BOUND('',#12668,.T.);
#12670=CARTESIAN_POINT('',(-69.04036,95.,240.41858));
#12671=DIRECTION('',(0.96593,0.,0.25882));
#12672=DIRECTION('',(0.25882,0.,-0.96593));
#12673=AXIS2_PLACEMENT_3D('',#12670,#12671,#12672);
#12674=PLANE('',#12673);
#12675=ADVANCED_FACE('',(#12669),#12674,.T.);
#12676=CARTESIAN_POINT('',(-67.85641,95.,236.));
#12677=VERTEX_POINT('',#12676);
#12678=DIRECTION('',(0.25882,0.,-0.96593));
#12679=VECTOR('',#12678,1.29799);
#12680=LINE('',#12654,#12679);
#12681=EDGE_CURVE('',#12655,#12677,#12680,.T.);
#12682=ORIENTED_EDGE('',*,*,#12681,.T.);
#12683=DIRECTION('',(0.,-1.,0.));
#12684=VECTOR('',#12683,5.);
#12685=LINE('',#11180,#12684);
#12686=EDGE_CURVE('',#11181,#12677,#12685,.T.);
#12687=ORIENTED_EDGE('',*,*,#12686,.F.);
#12688=ORIENTED_EDGE('',*,*,#11185,.F.);
#12689=ORIENTED_EDGE('',*,*,#12664,.T.);
#12690=EDGE_LOOP('',(#12682,#12687,#12688,#12689));
#12691=FACE_OUTER_BOUND('',#12690,.T.);
#12692=CARTESIAN_POINT('',(-68.19235,95.,237.25377));
#12693=DIRECTION('',(0.96593,0.,0.25882));
#12694=DIRECTION('',(0.25882,0.,-0.96593));
#12695=AXIS2_PLACEMENT_3D('',#12692,#12693,#12694);
#12696=PLANE('',#12695);
#12697=ADVANCED_FACE('',(#12691),#12696,.T.);
#12698=CARTESIAN_POINT('',(-62.,95.,230.14359));
#12699=VERTEX_POINT('',#12698);
#12700=DIRECTION('',(0.70711,0.,-0.70711));
#12701=VECTOR('',#12700,8.28221);
#12702=LINE('',#12676,#12701);
#12703=EDGE_CURVE('',#12677,#12699,#12702,.T.);
#12704=ORIENTED_EDGE('',*,*,#12703,.T.);
#12705=DIRECTION('',(0.,-1.,0.));
#12706=VECTOR('',#12705,5.);
#12707=LINE('',#11202,#12706);
#12708=EDGE_CURVE('',#11203,#12699,#12707,.T.);
#12709=ORIENTED_EDGE('',*,*,#12708,.F.);
#12710=ORIENTED_EDGE('',*,*,#11207,.F.);
#12711=ORIENTED_EDGE('',*,*,#12686,.T.);
#12712=EDGE_LOOP('',(#12704,#12709,#12710,#12711));
#12713=FACE_OUTER_BOUND('',#12712,.T.);
#12714=CARTESIAN_POINT('',(-67.85641,95.,236.));
#12715=DIRECTION('',(0.70711,0.,0.70711));
#12716=DIRECTION('',(0.70711,0.,-0.70711));
#12717=AXIS2_PLACEMENT_3D('',#12714,#12715,#12716);
#12718=PLANE('',#12717);
#12719=ADVANCED_FACE('',(#12713),#12718,.T.);
#12720=CARTESIAN_POINT('',(-54.60864,95.,228.16308));
#12721=VERTEX_POINT('',#12720);
#12722=DIRECTION('',(0.96593,0.,-0.25882));
#12723=VECTOR('',#12722,7.6521);
#12724=LINE('',#12698,#12723);
#12725=EDGE_CURVE('',#12699,#12721,#12724,.T.);
#12726=ORIENTED_EDGE('',*,*,#12725,.T.);
#12727=DIRECTION('',(0.,-1.,0.));
#12728=VECTOR('',#12727,5.);
#12729=LINE('',#11224,#12728);
#12730=EDGE_CURVE('',#11225,#12721,#12729,.T.);
#12731=ORIENTED_EDGE('',*,*,#12730,.F.);
#12732=ORIENTED_EDGE('',*,*,#11229,.F.);
#12733=ORIENTED_EDGE('',*,*,#12708,.T.);
#12734=EDGE_LOOP('',(#12726,#12731,#12732,#12733));
#12735=FACE_OUTER_BOUND('',#12734,.T.);
#12736=CARTESIAN_POINT('',(-62.,95.,230.14359));
#12737=DIRECTION('',(0.25882,0.,0.96593));
#12738=DIRECTION('',(0.96593,0.,-0.25882));
#12739=AXIS2_PLACEMENT_3D('',#12736,#12737,#12738);
#12740=PLANE('',#12739);
#12741=ADVANCED_FACE('',(#12735),#12740,.T.);
#12742=CARTESIAN_POINT('',(-54.,95.,228.));
#12743=VERTEX_POINT('',#12742);
#12744=DIRECTION('',(0.96593,0.,-0.25882));
#12745=VECTOR('',#12744,0.63011);
#12746=LINE('',#12720,#12745);
#12747=EDGE_CURVE('',#12721,#12743,#12746,.T.);
#12748=ORIENTED_EDGE('',*,*,#12747,.T.);
#12749=DIRECTION('',(0.,-1.,0.));
#12750=VECTOR('',#12749,5.);
#12751=LINE('',#11246,#12750);
#12752=EDGE_CURVE('',#11247,#12743,#12751,.T.);
#12753=ORIENTED_EDGE('',*,*,#12752,.F.);
#12754=ORIENTED_EDGE('',*,*,#11251,.F.);
#12755=ORIENTED_EDGE('',*,*,#12730,.T.);
#12756=EDGE_LOOP('',(#12748,#12753,#12754,#12755));
#12757=FACE_OUTER_BOUND('',#12756,.T.);
#12758=CARTESIAN_POINT('',(-54.60864,95.,228.16308));
#12759=DIRECTION('',(0.25882,0.,0.96593));
#12760=DIRECTION('',(0.96593,0.,-0.25882));
#12761=AXIS2_PLACEMENT_3D('',#12758,#12759,#12760);
#12762=PLANE('',#12761);
#12763=ADVANCED_FACE('',(#12757),#12762,.T.);
#12764=CARTESIAN_POINT('',(-35.36929,95.,228.));
#12765=VERTEX_POINT('',#12764);
#12766=DIRECTION('',(1.,0.,0.));
#12767=VECTOR('',#12766,18.63071);
#12768=LINE('',#12742,#12767);
#12769=EDGE_CURVE('',#12743,#12765,#12768,.T.);
#12770=ORIENTED_EDGE('',*,*,#12769,.T.);
#12771=DIRECTION('',(0.,-1.,0.));
#12772=VECTOR('',#12771,5.);
#12773=LINE('',#11268,#12772);
#12774=EDGE_CURVE('',#11269,#12765,#12773,.T.);
#12775=ORIENTED_EDGE('',*,*,#12774,.F.);
#12776=ORIENTED_EDGE('',*,*,#11273,.F.);
#12777=ORIENTED_EDGE('',*,*,#12752,.T.);
#12778=EDGE_LOOP('',(#12770,#12775,#12776,#12777));
#12779=FACE_OUTER_BOUND('',#12778,.T.);
#12780=CARTESIAN_POINT('',(-54.,95.,228.));
#12781=DIRECTION('',(0.,0.,1.));
#12782=DIRECTION('',(1.,0.,0.));
#12783=AXIS2_PLACEMENT_3D('',#12780,#12781,#12782);
#12784=PLANE('',#12783);
#12785=ADVANCED_FACE('',(#12779),#12784,.T.);
#12786=CARTESIAN_POINT('',(-17.37813,95.,228.));
#12787=VERTEX_POINT('',#12786);
#12788=DIRECTION('',(1.,0.,0.));
#12789=VECTOR('',#12788,17.99116);
#12790=LINE('',#12764,#12789);
#12791=EDGE_CURVE('',#12765,#12787,#12790,.T.);
#12792=ORIENTED_EDGE('',*,*,#12791,.T.);
#12793=DIRECTION('',(0.,-1.,0.));
#12794=VECTOR('',#12793,5.);
#12795=LINE('',#11290,#12794);
#12796=EDGE_CURVE('',#11291,#12787,#12795,.T.);
#12797=ORIENTED_EDGE('',*,*,#12796,.F.);
#12798=ORIENTED_EDGE('',*,*,#11295,.F.);
#12799=ORIENTED_EDGE('',*,*,#12774,.T.);
#12800=EDGE_LOOP('',(#12792,#12797,#12798,#12799));
#12801=FACE_OUTER_BOUND('',#12800,.T.);
#12802=CARTESIAN_POINT('',(-35.36929,95.,228.));
#12803=DIRECTION('',(0.,0.,1.));
#12804=DIRECTION('',(1.,0.,0.));
#12805=AXIS2_PLACEMENT_3D('',#12802,#12803,#12804);
#12806=PLANE('',#12805);
#12807=ADVANCED_FACE('',(#12801),#12806,.T.);
#12808=CARTESIAN_POINT('',(0.,95.,228.));
#12809=VERTEX_POINT('',#12808);
#12810=DIRECTION('',(1.,0.,0.));
#12811=VECTOR('',#12810,17.37813);
#12812=LINE('',#12786,#12811);
#12813=EDGE_CURVE('',#12787,#12809,#12812,.T.);
#12814=ORIENTED_EDGE('',*,*,#12813,.T.);
#12815=DIRECTION('',(0.,-1.,0.));
#12816=VECTOR('',#12815,5.);
#12817=LINE('',#11312,#12816);
#12818=EDGE_CURVE('',#11313,#12809,#12817,.T.);
#12819=ORIENTED_EDGE('',*,*,#12818,.F.);
#12820=ORIENTED_EDGE('',*,*,#11317,.F.);
#12821=ORIENTED_EDGE('',*,*,#12796,.T.);
#12822=EDGE_LOOP('',(#12814,#12819,#12820,#12821));
#12823=FACE_OUTER_BOUND('',#12822,.T.);
#12824=CARTESIAN_POINT('',(-17.37813,95.,228.));
#12825=DIRECTION('',(0.,0.,1.));
#12826=DIRECTION('',(1.,0.,0.));
#12827=AXIS2_PLACEMENT_3D('',#12824,#12825,#12826);
#12828=PLANE('',#12827);
#12829=ADVANCED_FACE('',(#12823),#12828,.T.);
#12830=CARTESIAN_POINT('',(17.37813,95.,228.));
#12831=VERTEX_POINT('',#12830);
#12832=DIRECTION('',(1.,0.,0.));
#12833=VECTOR('',#12832,17.37813);
#12834=LINE('',#12808,#12833);
#12835=EDGE_CURVE('',#12809,#12831,#12834,.T.);
#12836=ORIENTED_EDGE('',*,*,#12835,.T.);
#12837=DIRECTION('',(0.,-1.,0.));
#12838=VECTOR('',#12837,5.);
#12839=LINE('',#11334,#12838);
#12840=EDGE_CURVE('',#11335,#12831,#12839,.T.);
#12841=ORIENTED_EDGE('',*,*,#12840,.F.);
#12842=ORIENTED_EDGE('',*,*,#11339,.F.);
#12843=ORIENTED_EDGE('',*,*,#12818,.T.);
#12844=EDGE_LOOP('',(#12836,#12841,#12842,#12843));
#12845=FACE_OUTER_BOUND('',#12844,.T.);
#12846=CARTESIAN_POINT('',(0.,95.,228.));
#12847=DIRECTION('',(0.,0.,1.));
#12848=DIRECTION('',(1.,0.,0.));
#12849=AXIS2_PLACEMENT_3D('',#12846,#12847,#12848);
#12850=PLANE('',#12849);
#12851=ADVANCED_FACE('',(#12845),#12850,.T.);
#12852=CARTESIAN_POINT('',(35.36929,95.,228.));
#12853=VERTEX_POINT('',#12852);
#12854=DIRECTION('',(1.,0.,0.));
#12855=VECTOR('',#12854,17.99116);
#12856=LINE('',#12830,#12855);
#12857=EDGE_CURVE('',#12831,#12853,#12856,.T.);
#12858=ORIENTED_EDGE('',*,*,#12857,.T.);
#12859=DIRECTION('',(0.,-1.,0.));
#12860=VECTOR('',#12859,5.);
#12861=LINE('',#11356,#12860);
#12862=EDGE_CURVE('',#11357,#12853,#12861,.T.);
#12863=ORIENTED_EDGE('',*,*,#12862,.F.);
#12864=ORIENTED_EDGE('',*,*,#11361,.F.);
#12865=ORIENTED_EDGE('',*,*,#12840,.T.);
#12866=EDGE_LOOP('',(#12858,#12863,#12864,#12865));
#12867=FACE_OUTER_BOUND('',#12866,.T.);
#12868=CARTESIAN_POINT('',(17.37813,95.,228.));
#12869=DIRECTION('',(0.,0.,1.));
#12870=DIRECTION('',(1.,0.,0.));
#12871=AXIS2_PLACEMENT_3D('',#12868,#12869,#12870);
#12872=PLANE('',#12871);
#12873=ADVANCED_FACE('',(#12867),#12872,.T.);
#12874=CARTESIAN_POINT('',(54.,95.,228.));
#12875=VERTEX_POINT('',#12874);
#12876=DIRECTION('',(1.,0.,0.));
#12877=VECTOR('',#12876,18.63071);
#12878=LINE('',#12852,#12877);
#12879=EDGE_CURVE('',#12853,#12875,#12878,.T.);
#12880=ORIENTED_EDGE('',*,*,#12879,.T.);
#12881=DIRECTION('',(0.,-1.,0.));
#12882=VECTOR('',#12881,5.);
#12883=LINE('',#11378,#12882);
#12884=EDGE_CURVE('',#11379,#12875,#12883,.T.);
#12885=ORIENTED_EDGE('',*,*,#12884,.F.);
#12886=ORIENTED_EDGE('',*,*,#11383,.F.);
#12887=ORIENTED_EDGE('',*,*,#12862,.T.);
#12888=EDGE_LOOP('',(#12880,#12885,#12886,#12887));
#12889=FACE_OUTER_BOUND('',#12888,.T.);
#12890=CARTESIAN_POINT('',(35.36929,95.,228.));
#12891=DIRECTION('',(0.,0.,1.));
#12892=DIRECTION('',(1.,0.,0.));
#12893=AXIS2_PLACEMENT_3D('',#12890,#12891,#12892);
#12894=PLANE('',#12893);
#12895=ADVANCED_FACE('',(#12889),#12894,.T.);
#12896=CARTESIAN_POINT('',(54.60864,95.,228.16308));
#12897=VERTEX_POINT('',#12896);
#12898=DIRECTION('',(0.96593,0.,0.25882));
#12899=VECTOR('',#12898,0.63011);
#12900=LINE('',#12874,#12899);
#12901=EDGE_CURVE('',#12875,#12897,#12900,.T.);
#12902=ORIENTED_EDGE('',*,*,#12901,.T.);
#12903=DIRECTION('',(0.,-1.,0.));
#12904=VECTOR('',#12903,5.);
#12905=LINE('',#11400,#12904);
#12906=EDGE_CURVE('',#11401,#12897,#12905,.T.);
#12907=ORIENTED_EDGE('',*,*,#12906,.F.);
#12908=ORIENTED_EDGE('',*,*,#11405,.F.);
#12909=ORIENTED_EDGE('',*,*,#12884,.T.);
#12910=EDGE_LOOP('',(#12902,#12907,#12908,#12909));
#12911=FACE_OUTER_BOUND('',#12910,.T.);
#12912=CARTESIAN_POINT('',(54.,95.,228.));
#12913=DIRECTION('',(-0.25882,0.,0.96593));
#12914=DIRECTION('',(0.96593,0.,0.25882));
#12915=AXIS2_PLACEMENT_3D('',#12912,#12913,#12914);
#12916=PLANE('',#12915);
#12917=ADVANCED_FACE('',(#12911),#12916,.T.);
#12918=CARTESIAN_POINT('',(62.,95.,230.14359));
#12919=VERTEX_POINT('',#12918);
#12920=DIRECTION('',(0.96593,0.,0.25882));
#12921=VECTOR('',#12920,7.6521);
#12922=LINE('',#12896,#12921);
#12923=EDGE_CURVE('',#12897,#12919,#12922,.T.);
#12924=ORIENTED_EDGE('',*,*,#12923,.T.);
#12925=DIRECTION('',(0.,-1.,0.));
#12926=VECTOR('',#12925,5.);
#12927=LINE('',#11422,#12926);
#12928=EDGE_CURVE('',#11423,#12919,#12927,.T.);
#12929=ORIENTED_EDGE('',*,*,#12928,.F.);
#12930=ORIENTED_EDGE('',*,*,#11427,.F.);
#12931=ORIENTED_EDGE('',*,*,#12906,.T.);
#12932=EDGE_LOOP('',(#12924,#12929,#12930,#12931));
#12933=FACE_OUTER_BOUND('',#12932,.T.);
#12934=CARTESIAN_POINT('',(54.60864,95.,228.16308));
#12935=DIRECTION('',(-0.25882,0.,0.96593));
#12936=DIRECTION('',(0.96593,0.,0.25882));
#12937=AXIS2_PLACEMENT_3D('',#12934,#12935,#12936);
#12938=PLANE('',#12937);
#12939=ADVANCED_FACE('',(#12933),#12938,.T.);
#12940=CARTESIAN_POINT('',(67.85641,95.,236.));
#12941=VERTEX_POINT('',#12940);
#12942=DIRECTION('',(0.70711,0.,0.70711));
#12943=VECTOR('',#12942,8.28221);
#12944=LINE('',#12918,#12943);
#12945=EDGE_CURVE('',#12919,#12941,#12944,.T.);
#12946=ORIENTED_EDGE('',*,*,#12945,.T.);
#12947=DIRECTION('',(0.,-1.,0.));
#12948=VECTOR('',#12947,5.);
#12949=LINE('',#11444,#12948);
#12950=EDGE_CURVE('',#11445,#12941,#12949,.T.);
#12951=ORIENTED_EDGE('',*,*,#12950,.F.);
#12952=ORIENTED_EDGE('',*,*,#11449,.F.);
#12953=ORIENTED_EDGE('',*,*,#12928,.T.);
#12954=EDGE_LOOP('',(#12946,#12951,#12952,#12953));
#12955=FACE_OUTER_BOUND('',#12954,.T.);
#12956=CARTESIAN_POINT('',(62.,95.,230.14359));
#12957=DIRECTION('',(-0.70711,0.,0.70711));
#12958=DIRECTION('',(0.70711,0.,0.70711));
#12959=AXIS2_PLACEMENT_3D('',#12956,#12957,#12958);
#12960=PLANE('',#12959);
#12961=ADVANCED_FACE('',(#12955),#12960,.T.);
#12962=CARTESIAN_POINT('',(68.19235,95.,237.25377));
#12963=VERTEX_POINT('',#12962);
#12964=DIRECTION('',(0.25882,0.,0.96593));
#12965=VECTOR('',#12964,1.29799);
#12966=LINE('',#12940,#12965);
#12967=EDGE_CURVE('',#12941,#12963,#12966,.T.);
#12968=ORIENTED_EDGE('',*,*,#12967,.T.);
#12969=DIRECTION('',(0.,-1.,0.));
#12970=VECTOR('',#12969,5.);
#12971=LINE('',#11466,#12970);
#12972=EDGE_CURVE('',#11467,#12963,#12971,.T.);
#12973=ORIENTED_EDGE('',*,*,#12972,.F.);
#12974=ORIENTED_EDGE('',*,*,#11471,.F.);
#12975=ORIENTED_EDGE('',*,*,#12950,.T.);
#12976=EDGE_LOOP('',(#12968,#12973,#12974,#12975));
#12977=FACE_OUTER_BOUND('',#12976,.T.);
#12978=CARTESIAN_POINT('',(67.85641,95.,236.));
#12979=DIRECTION('',(-0.96593,0.,0.25882));
#12980=DIRECTION('',(0.25882,0.,0.96593));
#12981=AXIS2_PLACEMENT_3D('',#12978,#12979,#12980);
#12982=PLANE('',#12981);
#12983=ADVANCED_FACE('',(#12977),#12982,.T.);
#12984=CARTESIAN_POINT('',(69.04036,95.,240.41858));
#12985=VERTEX_POINT('',#12984);
#12986=DIRECTION('',(0.25882,0.,0.96593));
#12987=VECTOR('',#12986,3.27646);
#12988=LINE('',#12962,#12987);
#12989=EDGE_CURVE('',#12963,#12985,#12988,.T.);
#12990=ORIENTED_EDGE('',*,*,#12989,.T.);
#12991=DIRECTION('',(0.,-1.,0.));
#12992=VECTOR('',#12991,5.);
#12993=LINE('',#11488,#12992);
#12994=EDGE_CURVE('',#11489,#12985,#12993,.T.);
#12995=ORIENTED_EDGE('',*,*,#12994,.F.);
#12996=ORIENTED_EDGE('',*,*,#11493,.F.);
#12997=ORIENTED_EDGE('',*,*,#12972,.T.);
#12998=EDGE_LOOP('',(#12990,#12995,#12996,#12997));
#12999=FACE_OUTER_BOUND('',#12998,.T.);
#13000=CARTESIAN_POINT('',(68.19235,95.,237.25377));
#13001=DIRECTION('',(-0.96593,0.,0.25882));
#13002=DIRECTION('',(0.25882,0.,0.96593));
#13003=AXIS2_PLACEMENT_3D('',#13000,#13001,#13002);
#13004=PLANE('',#13003);
#13005=ADVANCED_FACE('',(#12999),#13004,.T.);
#13006=CARTESIAN_POINT('',(70.,95.,244.));
#13007=VERTEX_POINT('',#13006);
#13008=DIRECTION('',(0.25882,0.,0.96593));
#13009=VECTOR('',#13008,3.70775);
#13010=LINE('',#12984,#13009);
#13011=EDGE_CURVE('',#12985,#13007,#13010,.T.);
#13012=ORIENTED_EDGE('',*,*,#13011,.T.);
#13013=DIRECTION('',(0.,-1.,0.));
#13014=VECTOR('',#13013,5.);
#13015=LINE('',#11510,#13014);
#13016=EDGE_CURVE('',#11511,#13007,#13015,.T.);
#13017=ORIENTED_EDGE('',*,*,#13016,.F.);
#13018=ORIENTED_EDGE('',*,*,#11515,.F.);
#13019=ORIENTED_EDGE('',*,*,#12994,.T.);
#13020=EDGE_LOOP('',(#13012,#13017,#13018,#13019));
#13021=FACE_OUTER_BOUND('',#13020,.T.);
#13022=CARTESIAN_POINT('',(69.04036,95.,240.41858));
#13023=DIRECTION('',(-0.96593,0.,0.25882));
#13024=DIRECTION('',(0.25882,0.,0.96593));
#13025=AXIS2_PLACEMENT_3D('',#13022,#13023,#13024);
#13026=PLANE('',#13025);
#13027=ADVANCED_FACE('',(#13021),#13026,.T.);
#13028=CARTESIAN_POINT('',(70.,95.,268.77422));
#13029=VERTEX_POINT('',#13028);
#13030=DIRECTION('',(0.,0.,1.));
#13031=VECTOR('',#13030,24.77422);
#13032=LINE('',#13006,#13031);
#13033=EDGE_CURVE('',#13007,#13029,#13032,.T.);
#13034=ORIENTED_EDGE('',*,*,#13033,.T.);
#13035=DIRECTION('',(0.,-1.,0.));
#13036=VECTOR('',#13035,5.);
#13037=LINE('',#11532,#13036);
#13038=EDGE_CURVE('',#11533,#13029,#13037,.T.);
#13039=ORIENTED_EDGE('',*,*,#13038,.F.);
#13040=ORIENTED_EDGE('',*,*,#11537,.F.);
#13041=ORIENTED_EDGE('',*,*,#13016,.T.);
#13042=EDGE_LOOP('',(#13034,#13039,#13040,#13041));
#13043=FACE_OUTER_BOUND('',#13042,.T.);
#13044=CARTESIAN_POINT('',(70.,95.,244.));
#13045=DIRECTION('',(-1.,0.,0.));
#13046=DIRECTION('',(0.,0.,1.));
#13047=AXIS2_PLACEMENT_3D('',#13044,#13045,#13046);
#13048=PLANE('',#13047);
#13049=ADVANCED_FACE('',(#13043),#13048,.T.);
#13050=CARTESIAN_POINT('',(70.,95.,290.));
#13051=VERTEX_POINT('',#13050);
#13052=DIRECTION('',(0.,0.,1.));
#13053=VECTOR('',#13052,21.22578);
#13054=LINE('',#13028,#13053);
#13055=EDGE_CURVE('',#13029,#13051,#13054,.T.);
#13056=ORIENTED_EDGE('',*,*,#13055,.T.);
#13057=DIRECTION('',(0.,-1.,0.));
#13058=VECTOR('',#13057,5.);
#13059=LINE('',#11554,#13058);
#13060=EDGE_CURVE('',#11555,#13051,#13059,.T.);
#13061=ORIENTED_EDGE('',*,*,#13060,.F.);
#13062=ORIENTED_EDGE('',*,*,#11559,.F.);
#13063=ORIENTED_EDGE('',*,*,#13038,.T.);
#13064=EDGE_LOOP('',(#13056,#13061,#13062,#13063));
#13065=FACE_OUTER_BOUND('',#13064,.T.);
#13066=CARTESIAN_POINT('',(70.,95.,268.77422));
#13067=DIRECTION('',(-1.,0.,0.));
#13068=DIRECTION('',(0.,0.,1.));
#13069=AXIS2_PLACEMENT_3D('',#13066,#13067,#13068);
#13070=PLANE('',#13069);
#13071=ADVANCED_FACE('',(#13065),#13070,.T.);
#13072=CARTESIAN_POINT('',(70.,95.,306.28711));
#13073=VERTEX_POINT('',#13072);
#13074=DIRECTION('',(0.,0.,1.));
#13075=VECTOR('',#13074,16.28711);
#13076=LINE('',#13050,#13075);
#13077=EDGE_CURVE('',#13051,#13073,#13076,.T.);
#13078=ORIENTED_EDGE('',*,*,#13077,.T.);
#13079=DIRECTION('',(0.,-1.,0.));
#13080=VECTOR('',#13079,5.);
#13081=LINE('',#11576,#13080);
#13082=EDGE_CURVE('',#11577,#13073,#13081,.T.);
#13083=ORIENTED_EDGE('',*,*,#13082,.F.);
#13084=ORIENTED_EDGE('',*,*,#11581,.F.);
#13085=ORIENTED_EDGE('',*,*,#13060,.T.);
#13086=EDGE_LOOP('',(#13078,#13083,#13084,#13085));
#13087=FACE_OUTER_BOUND('',#13086,.T.);
#13088=CARTESIAN_POINT('',(70.,95.,290.));
#13089=DIRECTION('',(-1.,0.,0.));
#13090=DIRECTION('',(0.,0.,1.));
#13091=AXIS2_PLACEMENT_3D('',#13088,#13089,#13090);
#13092=PLANE('',#13091);
#13093=ADVANCED_FACE('',(#13087),#13092,.T.);
#13094=CARTESIAN_POINT('',(70.,95.,319.58548));
#13095=VERTEX_POINT('',#13094);
#13096=DIRECTION('',(0.,0.,1.));
#13097=VECTOR('',#13096,13.29837);
#13098=LINE('',#13072,#13097);
#13099=EDGE_CURVE('',#13073,#13095,#13098,.T.);
#13100=ORIENTED_EDGE('',*,*,#13099,.T.);
#13101=DIRECTION('',(0.,-1.,0.));
#13102=VECTOR('',#13101,5.);
#13103=LINE('',#11598,#13102);
#13104=EDGE_CURVE('',#11599,#13095,#13103,.T.);
#13105=ORIENTED_EDGE('',*,*,#13104,.F.);
#13106=ORIENTED_EDGE('',*,*,#11603,.F.);
#13107=ORIENTED_EDGE('',*,*,#13082,.T.);
#13108=EDGE_LOOP('',(#13100,#13105,#13106,#13107));
#13109=FACE_OUTER_BOUND('',#13108,.T.);
#13110=CARTESIAN_POINT('',(70.,95.,306.28711));
#13111=DIRECTION('',(-1.,0.,0.));
#13112=DIRECTION('',(0.,0.,1.));
#13113=AXIS2_PLACEMENT_3D('',#13110,#13111,#13112);
#13114=PLANE('',#13113);
#13115=ADVANCED_FACE('',(#13109),#13114,.T.);
#13116=CARTESIAN_POINT('',(70.,95.,331.00505));
#13117=VERTEX_POINT('',#13116);
#13118=DIRECTION('',(0.,0.,1.));
#13119=VECTOR('',#13118,11.41957);
#13120=LINE('',#13094,#13119);
#13121=EDGE_CURVE('',#13095,#13117,#13120,.T.);
#13122=ORIENTED_EDGE('',*,*,#13121,.T.);
#13123=DIRECTION('',(0.,-1.,0.));
#13124=VECTOR('',#13123,5.);
#13125=LINE('',#11620,#13124);
#13126=EDGE_CURVE('',#11621,#13117,#13125,.T.);
#13127=ORIENTED_EDGE('',*,*,#13126,.F.);
#13128=ORIENTED_EDGE('',*,*,#11625,.F.);
#13129=ORIENTED_EDGE('',*,*,#13104,.T.);
#13130=EDGE_LOOP('',(#13122,#13127,#13128,#13129));
#13131=FACE_OUTER_BOUND('',#13130,.T.);
#13132=CARTESIAN_POINT('',(70.,95.,319.58548));
#13133=DIRECTION('',(-1.,0.,0.));
#13134=DIRECTION('',(0.,0.,1.));
#13135=AXIS2_PLACEMENT_3D('',#13132,#13133,#13134);
#13136=PLANE('',#13135);
#13137=ADVANCED_FACE('',(#13131),#13136,.T.);
#13138=CARTESIAN_POINT('',(70.,95.,341.24356));
#13139=VERTEX_POINT('',#13138);
#13140=DIRECTION('',(0.,0.,1.));
#13141=VECTOR('',#13140,10.23851);
#13142=LINE('',#13116,#13141);
#13143=EDGE_CURVE('',#13117,#13139,#13142,.T.);
#13144=ORIENTED_EDGE('',*,*,#13143,.T.);
#13145=DIRECTION('',(0.,-1.,0.));
#13146=VECTOR('',#13145,5.);
#13147=LINE('',#11642,#13146);
#13148=EDGE_CURVE('',#11643,#13139,#13147,.T.);
#13149=ORIENTED_EDGE('',*,*,#13148,.F.);
#13150=ORIENTED_EDGE('',*,*,#11647,.F.);
#13151=ORIENTED_EDGE('',*,*,#13126,.T.);
#13152=EDGE_LOOP('',(#13144,#13149,#13150,#13151));
#13153=FACE_OUTER_BOUND('',#13152,.T.);
#13154=CARTESIAN_POINT('',(70.,95.,331.00505));
#13155=DIRECTION('',(-1.,0.,0.));
#13156=DIRECTION('',(0.,0.,1.));
#13157=AXIS2_PLACEMENT_3D('',#13154,#13155,#13156);
#13158=PLANE('',#13157);
#13159=ADVANCED_FACE('',(#13153),#13158,.T.);
#13160=CARTESIAN_POINT('',(70.,95.,350.78433));
#13161=VERTEX_POINT('',#13160);
#13162=DIRECTION('',(0.,0.,1.));
#13163=VECTOR('',#13162,9.54077);
#13164=LINE('',#13138,#13163);
#13165=EDGE_CURVE('',#13139,#13161,#13164,.T.);
#13166=ORIENTED_EDGE('',*,*,#13165,.T.);
#13167=DIRECTION('',(0.,-1.,0.));
#13168=VECTOR('',#13167,5.);
#13169=LINE('',#11664,#13168);
#13170=EDGE_CURVE('',#11665,#13161,#13169,.T.);
#13171=ORIENTED_EDGE('',*,*,#13170,.F.);
#13172=ORIENTED_EDGE('',*,*,#11669,.F.);
#13173=ORIENTED_EDGE('',*,*,#13148,.T.);
#13174=EDGE_LOOP('',(#13166,#13171,#13172,#13173));
#13175=FACE_OUTER_BOUND('',#13174,.T.);
#13176=CARTESIAN_POINT('',(70.,95.,341.24356));
#13177=DIRECTION('',(-1.,0.,0.));
#13178=DIRECTION('',(0.,0.,1.));
#13179=AXIS2_PLACEMENT_3D('',#13176,#13177,#13178);
#13180=PLANE('',#13179);
#13181=ADVANCED_FACE('',(#13175),#13180,.T.);
#13182=DIRECTION('',(0.,0.,-1.));
#13183=VECTOR('',#13182,9.21567);
#13184=LINE('',#11702,#13183);
#13185=EDGE_CURVE('',#11703,#13161,#13184,.T.);
#13186=ORIENTED_EDGE('',*,*,#13185,.F.);
#13187=ORIENTED_EDGE('',*,*,#11720,.F.);
#13188=ORIENTED_EDGE('',*,*,#11689,.T.);
#13189=ORIENTED_EDGE('',*,*,#13170,.T.);
#13190=EDGE_LOOP('',(#13186,#13187,#13188,#13189));
#13191=FACE_OUTER_BOUND('',#13190,.T.);
#13192=CARTESIAN_POINT('',(70.,95.,350.78433));
#13193=DIRECTION('',(-1.,0.,0.));
#13194=DIRECTION('',(0.,0.,1.));
#13195=AXIS2_PLACEMENT_3D('',#13192,#13193,#13194);
#13196=PLANE('',#13195);
#13197=ADVANCED_FACE('',(#13191),#13196,.T.);
#13198=ORIENTED_EDGE('',*,*,#8323,.T.);
#13199=DIRECTION('',(-0.99144,0.,-0.13053));
#13200=VECTOR('',#13199,30.25887);
#13201=LINE('',#8311,#13200);
#13202=EDGE_CURVE('',#8312,#11705,#13201,.T.);
#13203=ORIENTED_EDGE('',*,*,#13202,.T.);
#13204=ORIENTED_EDGE('',*,*,#11709,.F.);
#13205=DIRECTION('',(-1.,0.,0.));
#13206=VECTOR('',#13205,30.);
#13207=LINE('',#8318,#13206);
#13208=EDGE_CURVE('',#8319,#11703,#13207,.T.);
#13209=ORIENTED_EDGE('',*,*,#13208,.F.);
#13210=EDGE_LOOP('',(#13198,#13203,#13204,#13209));
#13211=FACE_OUTER_BOUND('',#13210,.T.);
#13212=CARTESIAN_POINT('',(100.,95.,360.));
#13213=DIRECTION('',(0.,-1.,0.));
#13214=DIRECTION('',(0.,0.,1.));
#13215=AXIS2_PLACEMENT_3D('',#13212,#13213,#13214);
#13216=PLANE('',#13215);
#13217=ADVANCED_FACE('',(#13211),#13216,.T.);
#13218=ORIENTED_EDGE('',*,*,#8355,.T.);
#13219=DIRECTION('',(-0.96593,0.,-0.25882));
#13220=VECTOR('',#13219,31.05829);
#13221=LINE('',#8345,#13220);
#13222=EDGE_CURVE('',#8346,#11731,#13221,.T.);
#13223=ORIENTED_EDGE('',*,*,#13222,.T.);
#13224=ORIENTED_EDGE('',*,*,#11735,.F.);
#13225=ORIENTED_EDGE('',*,*,#13202,.F.);
#13226=EDGE_LOOP('',(#13218,#13223,#13224,#13225));
#13227=FACE_OUTER_BOUND('',#13226,.T.);
#13228=CARTESIAN_POINT('',(100.,95.,373.16525));
#13229=DIRECTION('',(0.,-1.,0.));
#13230=DIRECTION('',(0.,0.,1.));
#13231=AXIS2_PLACEMENT_3D('',#13228,#13229,#13230);
#13232=PLANE('',#13231);
#13233=ADVANCED_FACE('',(#13227),#13232,.T.);
#13234=ORIENTED_EDGE('',*,*,#8383,.T.);
#13235=DIRECTION('',(-0.92388,0.,-0.38268));
#13236=VECTOR('',#13235,32.47177);
#13237=LINE('',#8373,#13236);
#13238=EDGE_CURVE('',#8374,#11753,#13237,.T.);
#13239=ORIENTED_EDGE('',*,*,#13238,.T.);
#13240=ORIENTED_EDGE('',*,*,#11757,.F.);
#13241=ORIENTED_EDGE('',*,*,#13222,.F.);
#13242=EDGE_LOOP('',(#13234,#13239,#13240,#13241));
#13243=FACE_OUTER_BOUND('',#13242,.T.);
#13244=CARTESIAN_POINT('',(100.,95.,386.79492));
#13245=DIRECTION('',(0.,-1.,0.));
#13246=DIRECTION('',(0.,0.,1.));
#13247=AXIS2_PLACEMENT_3D('',#13244,#13245,#13246);
#13248=PLANE('',#13247);
#13249=ADVANCED_FACE('',(#13243),#13248,.T.);
#13250=ORIENTED_EDGE('',*,*,#8411,.T.);
#13251=DIRECTION('',(-0.86603,0.,-0.5));
#13252=VECTOR('',#13251,34.64102);
#13253=LINE('',#8401,#13252);
#13254=EDGE_CURVE('',#8402,#11775,#13253,.T.);
#13255=ORIENTED_EDGE('',*,*,#13254,.T.);
#13256=ORIENTED_EDGE('',*,*,#11779,.F.);
#13257=ORIENTED_EDGE('',*,*,#13238,.F.);
#13258=EDGE_LOOP('',(#13250,#13255,#13256,#13257));
#13259=FACE_OUTER_BOUND('',#13258,.T.);
#13260=CARTESIAN_POINT('',(100.,95.,401.42136));
#13261=DIRECTION('',(0.,-1.,0.));
#13262=DIRECTION('',(0.,0.,1.));
#13263=AXIS2_PLACEMENT_3D('',#13260,#13261,#13262);
#13264=PLANE('',#13263);
#13265=ADVANCED_FACE('',(#13259),#13264,.T.);
#13266=ORIENTED_EDGE('',*,*,#8439,.T.);
#13267=DIRECTION('',(-0.79335,0.,-0.60876));
#13268=VECTOR('',#13267,37.81417);
#13269=LINE('',#8429,#13268);
#13270=EDGE_CURVE('',#8430,#11797,#13269,.T.);
#13271=ORIENTED_EDGE('',*,*,#13270,.T.);
#13272=ORIENTED_EDGE('',*,*,#11801,.F.);
#13273=ORIENTED_EDGE('',*,*,#13254,.F.);
#13274=EDGE_LOOP('',(#13266,#13271,#13272,#13273));
#13275=FACE_OUTER_BOUND('',#13274,.T.);
#13276=CARTESIAN_POINT('',(100.,95.,417.73503));
#13277=DIRECTION('',(0.,-1.,0.));
#13278=DIRECTION('',(0.,0.,1.));
#13279=AXIS2_PLACEMENT_3D('',#13276,#13277,#13278);
#13280=PLANE('',#13279);
#13281=ADVANCED_FACE('',(#13275),#13280,.T.);
#13282=ORIENTED_EDGE('',*,*,#8467,.T.);
#13283=DIRECTION('',(-0.70711,0.,-0.70711));
#13284=VECTOR('',#13283,42.42641);
#13285=LINE('',#8457,#13284);
#13286=EDGE_CURVE('',#8458,#11819,#13285,.T.);
#13287=ORIENTED_EDGE('',*,*,#13286,.T.);
#13288=ORIENTED_EDGE('',*,*,#11823,.F.);
#13289=ORIENTED_EDGE('',*,*,#13270,.F.);
#13290=EDGE_LOOP('',(#13282,#13287,#13288,#13289));
#13291=FACE_OUTER_BOUND('',#13290,.T.);
#13292=CARTESIAN_POINT('',(100.,95.,436.7327));
#13293=DIRECTION('',(0.,-1.,0.));
#13294=DIRECTION('',(0.,0.,1.));
#13295=AXIS2_PLACEMENT_3D('',#13292,#13293,#13294);
#13296=PLANE('',#13295);
#13297=ADVANCED_FACE('',(#13291),#13296,.T.);
#13298=ORIENTED_EDGE('',*,*,#8495,.T.);
#13299=DIRECTION('',(-0.60876,0.,-0.79335));
#13300=VECTOR('',#13299,49.28039);
#13301=LINE('',#8485,#13300);
#13302=EDGE_CURVE('',#8486,#11841,#13301,.T.);
#13303=ORIENTED_EDGE('',*,*,#13302,.T.);
#13304=ORIENTED_EDGE('',*,*,#11845,.F.);
#13305=ORIENTED_EDGE('',*,*,#13286,.F.);
#13306=EDGE_LOOP('',(#13298,#13303,#13304,#13305));
#13307=FACE_OUTER_BOUND('',#13306,.T.);
#13308=CARTESIAN_POINT('',(100.,95.,460.));
#13309=DIRECTION('',(0.,-1.,0.));
#13310=DIRECTION('',(0.,0.,1.));
#13311=AXIS2_PLACEMENT_3D('',#13308,#13309,#13310);
#13312=PLANE('',#13311);
#13313=ADVANCED_FACE('',(#13307),#13312,.T.);
#13314=ORIENTED_EDGE('',*,*,#8523,.T.);
#13315=DIRECTION('',(-0.51666,0.,-0.85619));
#13316=VECTOR('',#13315,58.06471);
#13317=LINE('',#8513,#13316);
#13318=EDGE_CURVE('',#8514,#11863,#13317,.T.);
#13319=ORIENTED_EDGE('',*,*,#13318,.T.);
#13320=ORIENTED_EDGE('',*,*,#11867,.F.);
#13321=ORIENTED_EDGE('',*,*,#13302,.F.);
#13322=EDGE_LOOP('',(#13314,#13319,#13320,#13321));
#13323=FACE_OUTER_BOUND('',#13322,.T.);
#13324=CARTESIAN_POINT('',(100.,95.,490.32254));
#13325=DIRECTION('',(0.,-1.,0.));
#13326=DIRECTION('',(0.,0.,1.));
#13327=AXIS2_PLACEMENT_3D('',#13324,#13325,#13326);
#13328=PLANE('',#13327);
#13329=ADVANCED_FACE('',(#13323),#13328,.T.);
#13330=ORIENTED_EDGE('',*,*,#8551,.T.);
#13331=DIRECTION('',(-0.5,0.,-0.86603));
#13332=VECTOR('',#13331,61.91927);
#13333=LINE('',#8541,#13332);
#13334=EDGE_CURVE('',#8542,#11885,#13333,.T.);
#13335=ORIENTED_EDGE('',*,*,#13334,.T.);
#13336=ORIENTED_EDGE('',*,*,#11889,.F.);
#13337=ORIENTED_EDGE('',*,*,#13318,.F.);
#13338=EDGE_LOOP('',(#13330,#13335,#13336,#13337));
#13339=FACE_OUTER_BOUND('',#13338,.T.);
#13340=CARTESIAN_POINT('',(100.,95.,525.71429));
#13341=DIRECTION('',(0.,-1.,0.));
#13342=DIRECTION('',(0.,0.,1.));
#13343=AXIS2_PLACEMENT_3D('',#13340,#13341,#13342);
#13344=PLANE('',#13343);
#13345=ADVANCED_FACE('',(#13339),#13344,.T.);
#13346=ORIENTED_EDGE('',*,*,#8579,.T.);
#13347=DIRECTION('',(-0.48005,0.,-0.87724));
#13348=VECTOR('',#13347,66.95865);
#13349=LINE('',#8569,#13348);
#13350=EDGE_CURVE('',#8570,#11907,#13349,.T.);
#13351=ORIENTED_EDGE('',*,*,#13350,.T.);
#13352=ORIENTED_EDGE('',*,*,#11911,.F.);
#13353=ORIENTED_EDGE('',*,*,#13334,.F.);
#13354=EDGE_LOOP('',(#13346,#13351,#13352,#13353));
#13355=FACE_OUTER_BOUND('',#13354,.T.);
#13356=CARTESIAN_POINT('',(100.,95.,533.20508));
#13357=DIRECTION('',(0.,-1.,0.));
#13358=DIRECTION('',(0.,0.,1.));
#13359=AXIS2_PLACEMENT_3D('',#13356,#13357,#13358);
#13360=PLANE('',#13359);
#13361=ADVANCED_FACE('',(#13355),#13360,.T.);
#13362=ORIENTED_EDGE('',*,*,#8607,.T.);
#13363=DIRECTION('',(-0.43086,0.,-0.90242));
#13364=VECTOR('',#13363,88.19566);
#13365=LINE('',#8597,#13364);
#13366=EDGE_CURVE('',#8598,#11929,#13365,.T.);
#13367=ORIENTED_EDGE('',*,*,#13366,.T.);
#13368=ORIENTED_EDGE('',*,*,#11933,.F.);
#13369=ORIENTED_EDGE('',*,*,#13350,.F.);
#13370=EDGE_LOOP('',(#13362,#13367,#13368,#13369));
#13371=FACE_OUTER_BOUND('',#13370,.T.);
#13372=CARTESIAN_POINT('',(100.,95.,542.73883));
#13373=DIRECTION('',(0.,-1.,0.));
#13374=DIRECTION('',(0.,0.,1.));
#13375=AXIS2_PLACEMENT_3D('',#13372,#13373,#13374);
#13376=PLANE('',#13375);
#13377=ADVANCED_FACE('',(#13371),#13376,.T.);
#13378=ORIENTED_EDGE('',*,*,#8635,.T.);
#13379=DIRECTION('',(-0.39583,0.,-0.91832));
#13380=VECTOR('',#13379,109.65167);
#13381=LINE('',#8625,#13380);
#13382=EDGE_CURVE('',#8626,#11951,#13381,.T.);
#13383=ORIENTED_EDGE('',*,*,#13382,.T.);
#13384=ORIENTED_EDGE('',*,*,#11955,.F.);
#13385=ORIENTED_EDGE('',*,*,#13366,.F.);
#13386=EDGE_LOOP('',(#13378,#13383,#13384,#13385));
#13387=FACE_OUTER_BOUND('',#13386,.T.);
#13388=CARTESIAN_POINT('',(100.,95.,569.44582));
#13389=DIRECTION('',(0.,-1.,0.));
#13390=DIRECTION('',(0.,0.,1.));
#13391=AXIS2_PLACEMENT_3D('',#13388,#13389,#13390);
#13392=PLANE('',#13391);
#13393=ADVANCED_FACE('',(#13387),#13392,.T.);
#13394=ORIENTED_EDGE('',*,*,#8663,.T.);
#13395=DIRECTION('',(-0.38268,0.,-0.92388));
#13396=VECTOR('',#13395,108.41574);
#13397=LINE('',#8653,#13396);
#13398=EDGE_CURVE('',#8654,#11973,#13397,.T.);
#13399=ORIENTED_EDGE('',*,*,#13398,.T.);
#13400=ORIENTED_EDGE('',*,*,#11977,.F.);
#13401=ORIENTED_EDGE('',*,*,#13382,.F.);
#13402=EDGE_LOOP('',(#13394,#13399,#13400,#13401));
#13403=FACE_OUTER_BOUND('',#13402,.T.);
#13404=CARTESIAN_POINT('',(100.,95.,592.));
#13405=DIRECTION('',(0.,-1.,0.));
#13406=DIRECTION('',(-1.,0.,0.));
#13407=AXIS2_PLACEMENT_3D('',#13404,#13405,#13406);
#13408=PLANE('',#13407);
#13409=ADVANCED_FACE('',(#13403),#13408,.T.);
#13410=ORIENTED_EDGE('',*,*,#8691,.T.);
#13411=DIRECTION('',(-0.37863,0.,-0.92555));
#13412=VECTOR('',#13411,108.04422);
#13413=LINE('',#8681,#13412);
#13414=EDGE_CURVE('',#8682,#11995,#13413,.T.);
#13415=ORIENTED_EDGE('',*,*,#13414,.T.);
#13416=ORIENTED_EDGE('',*,*,#11999,.F.);
#13417=ORIENTED_EDGE('',*,*,#13398,.F.);
#13418=EDGE_LOOP('',(#13410,#13415,#13416,#13417));
#13419=FACE_OUTER_BOUND('',#13418,.T.);
#13420=CARTESIAN_POINT('',(96.09755,95.,592.));
#13421=DIRECTION('',(0.,-1.,0.));
#13422=DIRECTION('',(-1.,0.,0.));
#13423=AXIS2_PLACEMENT_3D('',#13420,#13421,#13422);
#13424=PLANE('',#13423);
#13425=ADVANCED_FACE('',(#13419),#13424,.T.);
#13426=ORIENTED_EDGE('',*,*,#8719,.T.);
#13427=DIRECTION('',(-0.25882,0.,-0.96593));
#13428=VECTOR('',#13427,103.52762);
#13429=LINE('',#8709,#13428);
#13430=EDGE_CURVE('',#8710,#12017,#13429,.T.);
#13431=ORIENTED_EDGE('',*,*,#13430,.T.);
#13432=ORIENTED_EDGE('',*,*,#12021,.F.);
#13433=ORIENTED_EDGE('',*,*,#13414,.F.);
#13434=EDGE_LOOP('',(#13426,#13431,#13432,#13433));
#13435=FACE_OUTER_BOUND('',#13434,.T.);
#13436=CARTESIAN_POINT('',(94.90909,95.,592.));
#13437=DIRECTION('',(0.,-1.,0.));
#13438=DIRECTION('',(-1.,0.,0.));
#13439=AXIS2_PLACEMENT_3D('',#13436,#13437,#13438);
#13440=PLANE('',#13439);
#13441=ADVANCED_FACE('',(#13435),#13440,.T.);
#13442=ORIENTED_EDGE('',*,*,#8747,.T.);
#13443=DIRECTION('',(-0.13053,0.,-0.99144));
#13444=VECTOR('',#13443,100.8629);
#13445=LINE('',#8737,#13444);
#13446=EDGE_CURVE('',#8738,#12039,#13445,.T.);
#13447=ORIENTED_EDGE('',*,*,#13446,.T.);
#13448=ORIENTED_EDGE('',*,*,#12043,.F.);
#13449=ORIENTED_EDGE('',*,*,#13430,.F.);
#13450=EDGE_LOOP('',(#13442,#13447,#13448,#13449));
#13451=FACE_OUTER_BOUND('',#13450,.T.);
#13452=CARTESIAN_POINT('',(62.16421,95.,592.));
#13453=DIRECTION('',(0.,-1.,0.));
#13454=DIRECTION('',(-1.,0.,0.));
#13455=AXIS2_PLACEMENT_3D('',#13452,#13453,#13454);
#13456=PLANE('',#13455);
#13457=ADVANCED_FACE('',(#13451),#13456,.T.);
#13458=ORIENTED_EDGE('',*,*,#8775,.T.);
#13459=DIRECTION('',(0.,0.,-1.));
#13460=VECTOR('',#13459,100.);
#13461=LINE('',#8765,#13460);
#13462=EDGE_CURVE('',#8766,#12061,#13461,.T.);
#13463=ORIENTED_EDGE('',*,*,#13462,.T.);
#13464=ORIENTED_EDGE('',*,*,#12065,.F.);
#13465=ORIENTED_EDGE('',*,*,#13446,.F.);
#13466=EDGE_LOOP('',(#13458,#13463,#13464,#13465));
#13467=FACE_OUTER_BOUND('',#13466,.T.);
#13468=CARTESIAN_POINT('',(30.54338,95.,592.));
#13469=DIRECTION('',(0.,-1.,0.));
#13470=DIRECTION('',(-1.,0.,0.));
#13471=AXIS2_PLACEMENT_3D('',#13468,#13469,#13470);
#13472=PLANE('',#13471);
#13473=ADVANCED_FACE('',(#13467),#13472,.T.);
#13474=ORIENTED_EDGE('',*,*,#8803,.T.);
#13475=DIRECTION('',(0.13053,0.,-0.99144));
#13476=VECTOR('',#13475,100.8629);
#13477=LINE('',#8793,#13476);
#13478=EDGE_CURVE('',#8794,#12083,#13477,.T.);
#13479=ORIENTED_EDGE('',*,*,#13478,.T.);
#13480=ORIENTED_EDGE('',*,*,#12087,.F.);
#13481=ORIENTED_EDGE('',*,*,#13462,.F.);
#13482=EDGE_LOOP('',(#13474,#13479,#13480,#13481));
#13483=FACE_OUTER_BOUND('',#13482,.T.);
#13484=CARTESIAN_POINT('',(0.,95.,592.));
#13485=DIRECTION('',(0.,-1.,0.));
#13486=DIRECTION('',(-1.,0.,0.));
#13487=AXIS2_PLACEMENT_3D('',#13484,#13485,#13486);
#13488=PLANE('',#13487);
#13489=ADVANCED_FACE('',(#13483),#13488,.T.);
#13490=ORIENTED_EDGE('',*,*,#8831,.T.);
#13491=DIRECTION('',(0.25882,0.,-0.96593));
#13492=VECTOR('',#13491,103.52762);
#13493=LINE('',#8821,#13492);
#13494=EDGE_CURVE('',#8822,#12105,#13493,.T.);
#13495=ORIENTED_EDGE('',*,*,#13494,.T.);
#13496=ORIENTED_EDGE('',*,*,#12109,.F.);
#13497=ORIENTED_EDGE('',*,*,#13478,.F.);
#13498=EDGE_LOOP('',(#13490,#13495,#13496,#13497));
#13499=FACE_OUTER_BOUND('',#13498,.T.);
#13500=CARTESIAN_POINT('',(-30.54338,95.,592.));
#13501=DIRECTION('',(0.,-1.,0.));
#13502=DIRECTION('',(-1.,0.,0.));
#13503=AXIS2_PLACEMENT_3D('',#13500,#13501,#13502);
#13504=PLANE('',#13503);
#13505=ADVANCED_FACE('',(#13499),#13504,.T.);
#13506=ORIENTED_EDGE('',*,*,#8859,.T.);
#13507=DIRECTION('',(0.37863,0.,-0.92555));
#13508=VECTOR('',#13507,108.04422);
#13509=LINE('',#8849,#13508);
#13510=EDGE_CURVE('',#8850,#12127,#13509,.T.);
#13511=ORIENTED_EDGE('',*,*,#13510,.T.);
#13512=ORIENTED_EDGE('',*,*,#12131,.F.);
#13513=ORIENTED_EDGE('',*,*,#13494,.F.);
#13514=EDGE_LOOP('',(#13506,#13511,#13512,#13513));
#13515=FACE_OUTER_BOUND('',#13514,.T.);
#13516=CARTESIAN_POINT('',(-62.16421,95.,592.));
#13517=DIRECTION('',(0.,-1.,0.));
#13518=DIRECTION('',(-1.,0.,0.));
#13519=AXIS2_PLACEMENT_3D('',#13516,#13517,#13518);
#13520=PLANE('',#13519);
#13521=ADVANCED_FACE('',(#13515),#13520,.T.);
#13522=ORIENTED_EDGE('',*,*,#8887,.T.);
#13523=DIRECTION('',(0.38268,0.,-0.92388));
#13524=VECTOR('',#13523,108.41574);
#13525=LINE('',#8877,#13524);
#13526=EDGE_CURVE('',#8878,#12149,#13525,.T.);
#13527=ORIENTED_EDGE('',*,*,#13526,.T.);
#13528=ORIENTED_EDGE('',*,*,#12153,.F.);
#13529=ORIENTED_EDGE('',*,*,#13510,.F.);
#13530=EDGE_LOOP('',(#13522,#13527,#13528,#13529));
#13531=FACE_OUTER_BOUND('',#13530,.T.);
#13532=CARTESIAN_POINT('',(-94.90909,95.,592.));
#13533=DIRECTION('',(0.,-1.,0.));
#13534=DIRECTION('',(-1.,0.,0.));
#13535=AXIS2_PLACEMENT_3D('',#13532,#13533,#13534);
#13536=PLANE('',#13535);
#13537=ADVANCED_FACE('',(#13531),#13536,.T.);
#13538=ORIENTED_EDGE('',*,*,#8915,.T.);
#13539=DIRECTION('',(0.39583,0.,-0.91832));
#13540=VECTOR('',#13539,109.65167);
#13541=LINE('',#8905,#13540);
#13542=EDGE_CURVE('',#8906,#12171,#13541,.T.);
#13543=ORIENTED_EDGE('',*,*,#13542,.T.);
#13544=ORIENTED_EDGE('',*,*,#12175,.F.);
#13545=ORIENTED_EDGE('',*,*,#13526,.F.);
#13546=EDGE_LOOP('',(#13538,#13543,#13544,#13545));
#13547=FACE_OUTER_BOUND('',#13546,.T.);
#13548=CARTESIAN_POINT('',(-96.09755,95.,592.));
#13549=DIRECTION('',(0.,-1.,0.));
#13550=DIRECTION('',(-1.,0.,0.));
#13551=AXIS2_PLACEMENT_3D('',#13548,#13549,#13550);
#13552=PLANE('',#13551);
#13553=ADVANCED_FACE('',(#13547),#13552,.T.);
#13554=ORIENTED_EDGE('',*,*,#8943,.T.);
#13555=DIRECTION('',(0.43086,0.,-0.90242));
#13556=VECTOR('',#13555,88.19566);
#13557=LINE('',#8933,#13556);
#13558=EDGE_CURVE('',#8934,#12193,#13557,.T.);
#13559=ORIENTED_EDGE('',*,*,#13558,.T.);
#13560=ORIENTED_EDGE('',*,*,#12197,.F.);
#13561=ORIENTED_EDGE('',*,*,#13542,.F.);
#13562=EDGE_LOOP('',(#13554,#13559,#13560,#13561));
#13563=FACE_OUTER_BOUND('',#13562,.T.);
#13564=CARTESIAN_POINT('',(-100.,95.,592.));
#13565=DIRECTION('',(0.,-1.,0.));
#13566=DIRECTION('',(0.,0.,-1.));
#13567=AXIS2_PLACEMENT_3D('',#13564,#13565,#13566);
#13568=PLANE('',#13567);
#13569=ADVANCED_FACE('',(#13563),#13568,.T.);
#13570=ORIENTED_EDGE('',*,*,#8971,.T.);
#13571=DIRECTION('',(0.48005,0.,-0.87724));
#13572=VECTOR('',#13571,66.95865);
#13573=LINE('',#8961,#13572);
#13574=EDGE_CURVE('',#8962,#12215,#13573,.T.);
#13575=ORIENTED_EDGE('',*,*,#13574,.T.);
#13576=ORIENTED_EDGE('',*,*,#12219,.F.);
#13577=ORIENTED_EDGE('',*,*,#13558,.F.);
#13578=EDGE_LOOP('',(#13570,#13575,#13576,#13577));
#13579=FACE_OUTER_BOUND('',#13578,.T.);
#13580=CARTESIAN_POINT('',(-100.,95.,569.44582));
#13581=DIRECTION('',(0.,-1.,0.));
#13582=DIRECTION('',(0.,0.,-1.));
#13583=AXIS2_PLACEMENT_3D('',#13580,#13581,#13582);
#13584=PLANE('',#13583);
#13585=ADVANCED_FACE('',(#13579),#13584,.T.);
#13586=ORIENTED_EDGE('',*,*,#8999,.T.);
#13587=DIRECTION('',(0.5,0.,-0.86603));
#13588=VECTOR('',#13587,61.91927);
#13589=LINE('',#8989,#13588);
#13590=EDGE_CURVE('',#8990,#12237,#13589,.T.);
#13591=ORIENTED_EDGE('',*,*,#13590,.T.);
#13592=ORIENTED_EDGE('',*,*,#12241,.F.);
#13593=ORIENTED_EDGE('',*,*,#13574,.F.);
#13594=EDGE_LOOP('',(#13586,#13591,#13592,#13593));
#13595=FACE_OUTER_BOUND('',#13594,.T.);
#13596=CARTESIAN_POINT('',(-100.,95.,542.73883));
#13597=DIRECTION('',(0.,-1.,0.));
#13598=DIRECTION('',(0.,0.,-1.));
#13599=AXIS2_PLACEMENT_3D('',#13596,#13597,#13598);
#13600=PLANE('',#13599);
#13601=ADVANCED_FACE('',(#13595),#13600,.T.);
#13602=ORIENTED_EDGE('',*,*,#9027,.T.);
#13603=DIRECTION('',(0.51666,0.,-0.85619));
#13604=VECTOR('',#13603,58.06471);
#13605=LINE('',#9017,#13604);
#13606=EDGE_CURVE('',#9018,#12259,#13605,.T.);
#13607=ORIENTED_EDGE('',*,*,#13606,.T.);
#13608=ORIENTED_EDGE('',*,*,#12263,.F.);
#13609=ORIENTED_EDGE('',*,*,#13590,.F.);
#13610=EDGE_LOOP('',(#13602,#13607,#13608,#13609));
#13611=FACE_OUTER_BOUND('',#13610,.T.);
#13612=CARTESIAN_POINT('',(-100.,95.,533.20508));
#13613=DIRECTION('',(0.,-1.,0.));
#13614=DIRECTION('',(0.,0.,-1.));
#13615=AXIS2_PLACEMENT_3D('',#13612,#13613,#13614);
#13616=PLANE('',#13615);
#13617=ADVANCED_FACE('',(#13611),#13616,.T.);
#13618=ORIENTED_EDGE('',*,*,#9055,.T.);
#13619=DIRECTION('',(0.60876,0.,-0.79335));
#13620=VECTOR('',#13619,49.28039);
#13621=LINE('',#9045,#13620);
#13622=EDGE_CURVE('',#9046,#12281,#13621,.T.);
#13623=ORIENTED_EDGE('',*,*,#13622,.T.);
#13624=ORIENTED_EDGE('',*,*,#12285,.F.);
#13625=ORIENTED_EDGE('',*,*,#13606,.F.);
#13626=EDGE_LOOP('',(#13618,#13623,#13624,#13625));
#13627=FACE_OUTER_BOUND('',#13626,.T.);
#13628=CARTESIAN_POINT('',(-100.,95.,525.71429));
#13629=DIRECTION('',(0.,-1.,0.));
#13630=DIRECTION('',(0.,0.,-1.));
#13631=AXIS2_PLACEMENT_3D('',#13628,#13629,#13630);
#13632=PLANE('',#13631);
#13633=ADVANCED_FACE('',(#13627),#13632,.T.);
#13634=ORIENTED_EDGE('',*,*,#9083,.T.);
#13635=DIRECTION('',(0.70711,0.,-0.70711));
#13636=VECTOR('',#13635,42.42641);
#13637=LINE('',#9073,#13636);
#13638=EDGE_CURVE('',#9074,#12303,#13637,.T.);
#13639=ORIENTED_EDGE('',*,*,#13638,.T.);
#13640=ORIENTED_EDGE('',*,*,#12307,.F.);
#13641=ORIENTED_EDGE('',*,*,#13622,.F.);
#13642=EDGE_LOOP('',(#13634,#13639,#13640,#13641));
#13643=FACE_OUTER_BOUND('',#13642,.T.);
#13644=CARTESIAN_POINT('',(-100.,95.,490.32254));
#13645=DIRECTION('',(0.,-1.,0.));
#13646=DIRECTION('',(0.,0.,-1.));
#13647=AXIS2_PLACEMENT_3D('',#13644,#13645,#13646);
#13648=PLANE('',#13647);
#13649=ADVANCED_FACE('',(#13643),#13648,.T.);
#13650=ORIENTED_EDGE('',*,*,#9111,.T.);
#13651=DIRECTION('',(0.79335,0.,-0.60876));
#13652=VECTOR('',#13651,37.81417);
#13653=LINE('',#9101,#13652);
#13654=EDGE_CURVE('',#9102,#12325,#13653,.T.);
#13655=ORIENTED_EDGE('',*,*,#13654,.T.);
#13656=ORIENTED_EDGE('',*,*,#12329,.F.);
#13657=ORIENTED_EDGE('',*,*,#13638,.F.);
#13658=EDGE_LOOP('',(#13650,#13655,#13656,#13657));
#13659=FACE_OUTER_BOUND('',#13658,.T.);
#13660=CARTESIAN_POINT('',(-100.,95.,460.));
#13661=DIRECTION('',(0.,-1.,0.));
#13662=DIRECTION('',(0.,0.,-1.));
#13663=AXIS2_PLACEMENT_3D('',#13660,#13661,#13662);
#13664=PLANE('',#13663);
#13665=ADVANCED_FACE('',(#13659),#13664,.T.);
#13666=ORIENTED_EDGE('',*,*,#9139,.T.);
#13667=DIRECTION('',(0.86603,0.,-0.5));
#13668=VECTOR('',#13667,34.64102);
#13669=LINE('',#9129,#13668);
#13670=EDGE_CURVE('',#9130,#12347,#13669,.T.);
#13671=ORIENTED_EDGE('',*,*,#13670,.T.);
#13672=ORIENTED_EDGE('',*,*,#12351,.F.);
#13673=ORIENTED_EDGE('',*,*,#13654,.F.);
#13674=EDGE_LOOP('',(#13666,#13671,#13672,#13673));
#13675=FACE_OUTER_BOUND('',#13674,.T.);
#13676=CARTESIAN_POINT('',(-100.,95.,436.7327));
#13677=DIRECTION('',(0.,-1.,0.));
#13678=DIRECTION('',(0.,0.,-1.));
#13679=AXIS2_PLACEMENT_3D('',#13676,#13677,#13678);
#13680=PLANE('',#13679);
#13681=ADVANCED_FACE('',(#13675),#13680,.T.);
#13682=ORIENTED_EDGE('',*,*,#9167,.T.);
#13683=DIRECTION('',(0.92388,0.,-0.38268));
#13684=VECTOR('',#13683,32.47177);
#13685=LINE('',#9157,#13684);
#13686=EDGE_CURVE('',#9158,#12369,#13685,.T.);
#13687=ORIENTED_EDGE('',*,*,#13686,.T.);
#13688=ORIENTED_EDGE('',*,*,#12373,.F.);
#13689=ORIENTED_EDGE('',*,*,#13670,.F.);
#13690=EDGE_LOOP('',(#13682,#13687,#13688,#13689));
#13691=FACE_OUTER_BOUND('',#13690,.T.);
#13692=CARTESIAN_POINT('',(-100.,95.,417.73503));
#13693=DIRECTION('',(0.,-1.,0.));
#13694=DIRECTION('',(0.,0.,-1.));
#13695=AXIS2_PLACEMENT_3D('',#13692,#13693,#13694);
#13696=PLANE('',#13695);
#13697=ADVANCED_FACE('',(#13691),#13696,.T.);
#13698=ORIENTED_EDGE('',*,*,#9195,.T.);
#13699=DIRECTION('',(0.96593,0.,-0.25882));
#13700=VECTOR('',#13699,31.05829);
#13701=LINE('',#9185,#13700);
#13702=EDGE_CURVE('',#9186,#12391,#13701,.T.);
#13703=ORIENTED_EDGE('',*,*,#13702,.T.);
#13704=ORIENTED_EDGE('',*,*,#12395,.F.);
#13705=ORIENTED_EDGE('',*,*,#13686,.F.);
#13706=EDGE_LOOP('',(#13698,#13703,#13704,#13705));
#13707=FACE_OUTER_BOUND('',#13706,.T.);
#13708=CARTESIAN_POINT('',(-100.,95.,401.42136));
#13709=DIRECTION('',(0.,-1.,0.));
#13710=DIRECTION('',(0.,0.,-1.));
#13711=AXIS2_PLACEMENT_3D('',#13708,#13709,#13710);
#13712=PLANE('',#13711);
#13713=ADVANCED_FACE('',(#13707),#13712,.T.);
#13714=ORIENTED_EDGE('',*,*,#9223,.T.);
#13715=DIRECTION('',(0.99144,0.,-0.13053));
#13716=VECTOR('',#13715,30.25887);
#13717=LINE('',#9213,#13716);
#13718=EDGE_CURVE('',#9214,#12413,#13717,.T.);
#13719=ORIENTED_EDGE('',*,*,#13718,.T.);
#13720=ORIENTED_EDGE('',*,*,#12417,.F.);
#13721=ORIENTED_EDGE('',*,*,#13702,.F.);
#13722=EDGE_LOOP('',(#13714,#13719,#13720,#13721));
#13723=FACE_OUTER_BOUND('',#13722,.T.);
#13724=CARTESIAN_POINT('',(-100.,95.,386.79492));
#13725=DIRECTION('',(0.,-1.,0.));
#13726=DIRECTION('',(0.,0.,-1.));
#13727=AXIS2_PLACEMENT_3D('',#13724,#13725,#13726);
#13728=PLANE('',#13727);
#13729=ADVANCED_FACE('',(#13723),#13728,.T.);
#13730=ORIENTED_EDGE('',*,*,#9251,.T.);
#13731=DIRECTION('',(1.,0.,0.));
#13732=VECTOR('',#13731,30.);
#13733=LINE('',#9241,#13732);
#13734=EDGE_CURVE('',#9242,#12435,#13733,.T.);
#13735=ORIENTED_EDGE('',*,*,#13734,.T.);
#13736=ORIENTED_EDGE('',*,*,#12439,.F.);
#13737=ORIENTED_EDGE('',*,*,#13718,.F.);
#13738=EDGE_LOOP('',(#13730,#13735,#13736,#13737));
#13739=FACE_OUTER_BOUND('',#13738,.T.);
#13740=CARTESIAN_POINT('',(-100.,95.,373.16525));
#13741=DIRECTION('',(0.,-1.,0.));
#13742=DIRECTION('',(0.,0.,-1.));
#13743=AXIS2_PLACEMENT_3D('',#13740,#13741,#13742);
#13744=PLANE('',#13743);
#13745=ADVANCED_FACE('',(#13739),#13744,.T.);
#13746=ORIENTED_EDGE('',*,*,#9279,.T.);
#13747=DIRECTION('',(0.99144,0.,0.13053));
#13748=VECTOR('',#13747,30.25887);
#13749=LINE('',#9269,#13748);
#13750=EDGE_CURVE('',#9270,#12457,#13749,.T.);
#13751=ORIENTED_EDGE('',*,*,#13750,.T.);
#13752=ORIENTED_EDGE('',*,*,#12461,.F.);
#13753=ORIENTED_EDGE('',*,*,#13734,.F.);
#13754=EDGE_LOOP('',(#13746,#13751,#13752,#13753));
#13755=FACE_OUTER_BOUND('',#13754,.T.);
#13756=CARTESIAN_POINT('',(-100.,95.,360.));
#13757=DIRECTION('',(0.,-1.,0.));
#13758=DIRECTION('',(0.,0.,-1.));
#13759=AXIS2_PLACEMENT_3D('',#13756,#13757,#13758);
#13760=PLANE('',#13759);
#13761=ADVANCED_FACE('',(#13755),#13760,.T.);
#13762=ORIENTED_EDGE('',*,*,#9307,.T.);
#13763=DIRECTION('',(0.96593,0.,0.25882));
#13764=VECTOR('',#13763,31.05829);
#13765=LINE('',#9297,#13764);
#13766=EDGE_CURVE('',#9298,#12479,#13765,.T.);
#13767=ORIENTED_EDGE('',*,*,#13766,.T.);
#13768=ORIENTED_EDGE('',*,*,#12483,.F.);
#13769=ORIENTED_EDGE('',*,*,#13750,.F.);
#13770=EDGE_LOOP('',(#13762,#13767,#13768,#13769));
#13771=FACE_OUTER_BOUND('',#13770,.T.);
#13772=CARTESIAN_POINT('',(-100.,95.,346.83475));
#13773=DIRECTION('',(0.,-1.,0.));
#13774=DIRECTION('',(0.,0.,-1.));
#13775=AXIS2_PLACEMENT_3D('',#13772,#13773,#13774);
#13776=PLANE('',#13775);
#13777=ADVANCED_FACE('',(#13771),#13776,.T.);
#13778=ORIENTED_EDGE('',*,*,#9335,.T.);
#13779=DIRECTION('',(0.92388,0.,0.38268));
#13780=VECTOR('',#13779,32.47177);
#13781=LINE('',#9325,#13780);
#13782=EDGE_CURVE('',#9326,#12501,#13781,.T.);
#13783=ORIENTED_EDGE('',*,*,#13782,.T.);
#13784=ORIENTED_EDGE('',*,*,#12505,.F.);
#13785=ORIENTED_EDGE('',*,*,#13766,.F.);
#13786=EDGE_LOOP('',(#13778,#13783,#13784,#13785));
#13787=FACE_OUTER_BOUND('',#13786,.T.);
#13788=CARTESIAN_POINT('',(-100.,95.,333.20508));
#13789=DIRECTION('',(0.,-1.,0.));
#13790=DIRECTION('',(0.,0.,-1.));
#13791=AXIS2_PLACEMENT_3D('',#13788,#13789,#13790);
#13792=PLANE('',#13791);
#13793=ADVANCED_FACE('',(#13787),#13792,.T.);
#13794=ORIENTED_EDGE('',*,*,#9363,.T.);
#13795=DIRECTION('',(0.86603,0.,0.5));
#13796=VECTOR('',#13795,34.64102);
#13797=LINE('',#9353,#13796);
#13798=EDGE_CURVE('',#9354,#12523,#13797,.T.);
#13799=ORIENTED_EDGE('',*,*,#13798,.T.);
#13800=ORIENTED_EDGE('',*,*,#12527,.F.);
#13801=ORIENTED_EDGE('',*,*,#13782,.F.);
#13802=EDGE_LOOP('',(#13794,#13799,#13800,#13801));
#13803=FACE_OUTER_BOUND('',#13802,.T.);
#13804=CARTESIAN_POINT('',(-100.,95.,318.57864));
#13805=DIRECTION('',(0.,-1.,0.));
#13806=DIRECTION('',(0.,0.,-1.));
#13807=AXIS2_PLACEMENT_3D('',#13804,#13805,#13806);
#13808=PLANE('',#13807);
#13809=ADVANCED_FACE('',(#13803),#13808,.T.);
#13810=ORIENTED_EDGE('',*,*,#9391,.T.);
#13811=DIRECTION('',(0.79335,0.,0.60876));
#13812=VECTOR('',#13811,37.81417);
#13813=LINE('',#9381,#13812);
#13814=EDGE_CURVE('',#9382,#12545,#13813,.T.);
#13815=ORIENTED_EDGE('',*,*,#13814,.T.);
#13816=ORIENTED_EDGE('',*,*,#12549,.F.);
#13817=ORIENTED_EDGE('',*,*,#13798,.F.);
#13818=EDGE_LOOP('',(#13810,#13815,#13816,#13817));
#13819=FACE_OUTER_BOUND('',#13818,.T.);
#13820=CARTESIAN_POINT('',(-100.,95.,302.26497));
#13821=DIRECTION('',(0.,-1.,0.));
#13822=DIRECTION('',(0.,0.,-1.));
#13823=AXIS2_PLACEMENT_3D('',#13820,#13821,#13822);
#13824=PLANE('',#13823);
#13825=ADVANCED_FACE('',(#13819),#13824,.T.);
#13826=ORIENTED_EDGE('',*,*,#9419,.T.);
#13827=DIRECTION('',(0.70711,0.,0.70711));
#13828=VECTOR('',#13827,42.42641);
#13829=LINE('',#9409,#13828);
#13830=EDGE_CURVE('',#9410,#12567,#13829,.T.);
#13831=ORIENTED_EDGE('',*,*,#13830,.T.);
#13832=ORIENTED_EDGE('',*,*,#12571,.F.);
#13833=ORIENTED_EDGE('',*,*,#13814,.F.);
#13834=EDGE_LOOP('',(#13826,#13831,#13832,#13833));
#13835=FACE_OUTER_BOUND('',#13834,.T.);
#13836=CARTESIAN_POINT('',(-100.,95.,283.2673));
#13837=DIRECTION('',(0.,-1.,0.));
#13838=DIRECTION('',(0.,0.,-1.));
#13839=AXIS2_PLACEMENT_3D('',#13836,#13837,#13838);
#13840=PLANE('',#13839);
#13841=ADVANCED_FACE('',(#13835),#13840,.T.);
#13842=ORIENTED_EDGE('',*,*,#9447,.T.);
#13843=DIRECTION('',(0.60876,0.,0.79335));
#13844=VECTOR('',#13843,49.28039);
#13845=LINE('',#9437,#13844);
#13846=EDGE_CURVE('',#9438,#12589,#13845,.T.);
#13847=ORIENTED_EDGE('',*,*,#13846,.T.);
#13848=ORIENTED_EDGE('',*,*,#12593,.F.);
#13849=ORIENTED_EDGE('',*,*,#13830,.F.);
#13850=EDGE_LOOP('',(#13842,#13847,#13848,#13849));
#13851=FACE_OUTER_BOUND('',#13850,.T.);
#13852=CARTESIAN_POINT('',(-100.,95.,260.));
#13853=DIRECTION('',(0.,-1.,0.));
#13854=DIRECTION('',(0.,0.,-1.));
#13855=AXIS2_PLACEMENT_3D('',#13852,#13853,#13854);
#13856=PLANE('',#13855);
#13857=ADVANCED_FACE('',(#13851),#13856,.T.);
#13858=ORIENTED_EDGE('',*,*,#9475,.T.);
#13859=DIRECTION('',(0.51666,0.,0.85619));
#13860=VECTOR('',#13859,58.06471);
#13861=LINE('',#9465,#13860);
#13862=EDGE_CURVE('',#9466,#12611,#13861,.T.);
#13863=ORIENTED_EDGE('',*,*,#13862,.T.);
#13864=ORIENTED_EDGE('',*,*,#12615,.F.);
#13865=ORIENTED_EDGE('',*,*,#13846,.F.);
#13866=EDGE_LOOP('',(#13858,#13863,#13864,#13865));
#13867=FACE_OUTER_BOUND('',#13866,.T.);
#13868=CARTESIAN_POINT('',(-100.,95.,229.67746));
#13869=DIRECTION('',(0.,-1.,0.));
#13870=DIRECTION('',(0.,0.,-1.));
#13871=AXIS2_PLACEMENT_3D('',#13868,#13869,#13870);
#13872=PLANE('',#13871);
#13873=ADVANCED_FACE('',(#13867),#13872,.T.);
#13874=ORIENTED_EDGE('',*,*,#9503,.T.);
#13875=DIRECTION('',(0.5,0.,0.86603));
#13876=VECTOR('',#13875,61.91927);
#13877=LINE('',#9493,#13876);
#13878=EDGE_CURVE('',#9494,#12633,#13877,.T.);
#13879=ORIENTED_EDGE('',*,*,#13878,.T.);
#13880=ORIENTED_EDGE('',*,*,#12637,.F.);
#13881=ORIENTED_EDGE('',*,*,#13862,.F.);
#13882=EDGE_LOOP('',(#13874,#13879,#13880,#13881));
#13883=FACE_OUTER_BOUND('',#13882,.T.);
#13884=CARTESIAN_POINT('',(-100.,95.,194.28571));
#13885=DIRECTION('',(0.,-1.,0.));
#13886=DIRECTION('',(0.,0.,-1.));
#13887=AXIS2_PLACEMENT_3D('',#13884,#13885,#13886);
#13888=PLANE('',#13887);
#13889=ADVANCED_FACE('',(#13883),#13888,.T.);
#13890=ORIENTED_EDGE('',*,*,#9531,.T.);
#13891=DIRECTION('',(0.48564,0.,0.87416));
#13892=VECTOR('',#13891,65.49596);
#13893=LINE('',#9521,#13892);
#13894=EDGE_CURVE('',#9522,#12655,#13893,.T.);
#13895=ORIENTED_EDGE('',*,*,#13894,.T.);
#13896=ORIENTED_EDGE('',*,*,#12659,.F.);
#13897=ORIENTED_EDGE('',*,*,#13878,.F.);
#13898=EDGE_LOOP('',(#13890,#13895,#13896,#13897));
#13899=FACE_OUTER_BOUND('',#13898,.T.);
#13900=CARTESIAN_POINT('',(-100.,95.,186.79492));
#13901=DIRECTION('',(0.,-1.,0.));
#13902=DIRECTION('',(0.,0.,-1.));
#13903=AXIS2_PLACEMENT_3D('',#13900,#13901,#13902);
#13904=PLANE('',#13903);
#13905=ADVANCED_FACE('',(#13899),#13904,.T.);
#13906=ORIENTED_EDGE('',*,*,#9559,.T.);
#13907=DIRECTION('',(0.48005,0.,0.87724));
#13908=VECTOR('',#13907,63.83655);
#13909=LINE('',#9549,#13908);
#13910=EDGE_CURVE('',#9550,#12677,#13909,.T.);
#13911=ORIENTED_EDGE('',*,*,#13910,.T.);
#13912=ORIENTED_EDGE('',*,*,#12681,.F.);
#13913=ORIENTED_EDGE('',*,*,#13894,.F.);
#13914=EDGE_LOOP('',(#13906,#13911,#13912,#13913));
#13915=FACE_OUTER_BOUND('',#13914,.T.);
#13916=CARTESIAN_POINT('',(-100.,95.,180.));
#13917=DIRECTION('',(0.,-1.,0.));
#13918=DIRECTION('',(1.,0.,0.));
#13919=AXIS2_PLACEMENT_3D('',#13916,#13917,#13918);
#13920=PLANE('',#13919);
#13921=ADVANCED_FACE('',(#13915),#13920,.T.);
#13922=ORIENTED_EDGE('',*,*,#9587,.T.);
#13923=DIRECTION('',(0.43086,0.,0.90242));
#13924=VECTOR('',#13923,55.56578);
#13925=LINE('',#9577,#13924);
#13926=EDGE_CURVE('',#9578,#12699,#13925,.T.);
#13927=ORIENTED_EDGE('',*,*,#13926,.T.);
#13928=ORIENTED_EDGE('',*,*,#12703,.F.);
#13929=ORIENTED_EDGE('',*,*,#13910,.F.);
#13930=EDGE_LOOP('',(#13922,#13927,#13928,#13929));
#13931=FACE_OUTER_BOUND('',#13930,.T.);
#13932=CARTESIAN_POINT('',(-98.50124,95.,180.));
#13933=DIRECTION('',(0.,-1.,0.));
#13934=DIRECTION('',(1.,0.,0.));
#13935=AXIS2_PLACEMENT_3D('',#13932,#13933,#13934);
#13936=PLANE('',#13935);
#13937=ADVANCED_FACE('',(#13931),#13936,.T.);
#13938=ORIENTED_EDGE('',*,*,#9615,.T.);
#13939=DIRECTION('',(0.38268,0.,0.92388));
#13940=VECTOR('',#13939,52.13135);
#13941=LINE('',#9605,#13940);
#13942=EDGE_CURVE('',#9606,#12721,#13941,.T.);
#13943=ORIENTED_EDGE('',*,*,#13942,.T.);
#13944=ORIENTED_EDGE('',*,*,#12725,.F.);
#13945=ORIENTED_EDGE('',*,*,#13926,.F.);
#13946=EDGE_LOOP('',(#13938,#13943,#13944,#13945));
#13947=FACE_OUTER_BOUND('',#13946,.T.);
#13948=CARTESIAN_POINT('',(-85.94108,95.,180.));
#13949=DIRECTION('',(0.,-1.,0.));
#13950=DIRECTION('',(1.,0.,0.));
#13951=AXIS2_PLACEMENT_3D('',#13948,#13949,#13950);
#13952=PLANE('',#13951);
#13953=ADVANCED_FACE('',(#13947),#13952,.T.);
#13954=ORIENTED_EDGE('',*,*,#9643,.T.);
#13955=DIRECTION('',(0.37863,0.,0.92555));
#13956=VECTOR('',#13955,51.86123);
#13957=LINE('',#9633,#13956);
#13958=EDGE_CURVE('',#9634,#12743,#13957,.T.);
#13959=ORIENTED_EDGE('',*,*,#13958,.T.);
#13960=ORIENTED_EDGE('',*,*,#12747,.F.);
#13961=ORIENTED_EDGE('',*,*,#13942,.F.);
#13962=EDGE_LOOP('',(#13954,#13959,#13960,#13961));
#13963=FACE_OUTER_BOUND('',#13962,.T.);
#13964=CARTESIAN_POINT('',(-74.55844,95.,180.));
#13965=DIRECTION('',(0.,-1.,0.));
#13966=DIRECTION('',(1.,0.,0.));
#13967=AXIS2_PLACEMENT_3D('',#13964,#13965,#13966);
#13968=PLANE('',#13967);
#13969=ADVANCED_FACE('',(#13963),#13968,.T.);
#13970=ORIENTED_EDGE('',*,*,#9671,.T.);
#13971=DIRECTION('',(0.25882,0.,0.96593));
#13972=VECTOR('',#13971,49.69326);
#13973=LINE('',#9661,#13972);
#13974=EDGE_CURVE('',#9662,#12765,#13973,.T.);
#13975=ORIENTED_EDGE('',*,*,#13974,.T.);
#13976=ORIENTED_EDGE('',*,*,#12769,.F.);
#13977=ORIENTED_EDGE('',*,*,#13958,.F.);
#13978=EDGE_LOOP('',(#13970,#13975,#13976,#13977));
#13979=FACE_OUTER_BOUND('',#13978,.T.);
#13980=CARTESIAN_POINT('',(-73.63636,95.,180.));
#13981=DIRECTION('',(0.,-1.,0.));
#13982=DIRECTION('',(1.,0.,0.));
#13983=AXIS2_PLACEMENT_3D('',#13980,#13981,#13982);
#13984=PLANE('',#13983);
#13985=ADVANCED_FACE('',(#13979),#13984,.T.);
#13986=ORIENTED_EDGE('',*,*,#9699,.T.);
#13987=DIRECTION('',(0.13053,0.,0.99144));
#13988=VECTOR('',#13987,48.41419);
#13989=LINE('',#9689,#13988);
#13990=EDGE_CURVE('',#9690,#12787,#13989,.T.);
#13991=ORIENTED_EDGE('',*,*,#13990,.T.);
#13992=ORIENTED_EDGE('',*,*,#12791,.F.);
#13993=ORIENTED_EDGE('',*,*,#13974,.F.);
#13994=EDGE_LOOP('',(#13986,#13991,#13992,#13993));
#13995=FACE_OUTER_BOUND('',#13994,.T.);
#13996=CARTESIAN_POINT('',(-48.23085,95.,180.));
#13997=DIRECTION('',(0.,-1.,0.));
#13998=DIRECTION('',(1.,0.,0.));
#13999=AXIS2_PLACEMENT_3D('',#13996,#13997,#13998);
#14000=PLANE('',#13999);
#14001=ADVANCED_FACE('',(#13995),#14000,.T.);
#14002=ORIENTED_EDGE('',*,*,#9727,.T.);
#14003=DIRECTION('',(0.,0.,1.));
#14004=VECTOR('',#14003,48.);
#14005=LINE('',#9717,#14004);
#14006=EDGE_CURVE('',#9718,#12809,#14005,.T.);
#14007=ORIENTED_EDGE('',*,*,#14006,.T.);
#14008=ORIENTED_EDGE('',*,*,#12813,.F.);
#14009=ORIENTED_EDGE('',*,*,#13990,.F.);
#14010=EDGE_LOOP('',(#14002,#14007,#14008,#14009));
#14011=FACE_OUTER_BOUND('',#14010,.T.);
#14012=CARTESIAN_POINT('',(-23.69745,95.,180.));
#14013=DIRECTION('',(0.,-1.,0.));
#14014=DIRECTION('',(1.,0.,0.));
#14015=AXIS2_PLACEMENT_3D('',#14012,#14013,#14014);
#14016=PLANE('',#14015);
#14017=ADVANCED_FACE('',(#14011),#14016,.T.);
#14018=ORIENTED_EDGE('',*,*,#9755,.T.);
#14019=DIRECTION('',(-0.13053,0.,0.99144));
#14020=VECTOR('',#14019,48.41419);
#14021=LINE('',#9745,#14020);
#14022=EDGE_CURVE('',#9746,#12831,#14021,.T.);
#14023=ORIENTED_EDGE('',*,*,#14022,.T.);
#14024=ORIENTED_EDGE('',*,*,#12835,.F.);
#14025=ORIENTED_EDGE('',*,*,#14006,.F.);
#14026=EDGE_LOOP('',(#14018,#14023,#14024,#14025));
#14027=FACE_OUTER_BOUND('',#14026,.T.);
#14028=CARTESIAN_POINT('',(0.,95.,180.));
#14029=DIRECTION('',(0.,-1.,0.));
#14030=DIRECTION('',(1.,0.,0.));
#14031=AXIS2_PLACEMENT_3D('',#14028,#14029,#14030);
#14032=PLANE('',#14031);
#14033=ADVANCED_FACE('',(#14027),#14032,.T.);
#14034=ORIENTED_EDGE('',*,*,#9783,.T.);
#14035=DIRECTION('',(-0.25882,0.,0.96593));
#14036=VECTOR('',#14035,49.69326);
#14037=LINE('',#9773,#14036);
#14038=EDGE_CURVE('',#9774,#12853,#14037,.T.);
#14039=ORIENTED_EDGE('',*,*,#14038,.T.);
#14040=ORIENTED_EDGE('',*,*,#12857,.F.);
#14041=ORIENTED_EDGE('',*,*,#14022,.F.);
#14042=EDGE_LOOP('',(#14034,#14039,#14040,#14041));
#14043=FACE_OUTER_BOUND('',#14042,.T.);
#14044=CARTESIAN_POINT('',(23.69745,95.,180.));
#14045=DIRECTION('',(0.,-1.,0.));
#14046=DIRECTION('',(1.,0.,0.));
#14047=AXIS2_PLACEMENT_3D('',#14044,#14045,#14046);
#14048=PLANE('',#14047);
#14049=ADVANCED_FACE('',(#14043),#14048,.T.);
#14050=ORIENTED_EDGE('',*,*,#9811,.T.);
#14051=DIRECTION('',(-0.37863,0.,0.92555));
#14052=VECTOR('',#14051,51.86123);
#14053=LINE('',#9801,#14052);
#14054=EDGE_CURVE('',#9802,#12875,#14053,.T.);
#14055=ORIENTED_EDGE('',*,*,#14054,.T.);
#14056=ORIENTED_EDGE('',*,*,#12879,.F.);
#14057=ORIENTED_EDGE('',*,*,#14038,.F.);
#14058=EDGE_LOOP('',(#14050,#14055,#14056,#14057));
#14059=FACE_OUTER_BOUND('',#14058,.T.);
#14060=CARTESIAN_POINT('',(48.23085,95.,180.));
#14061=DIRECTION('',(0.,-1.,0.));
#14062=DIRECTION('',(1.,0.,0.));
#14063=AXIS2_PLACEMENT_3D('',#14060,#14061,#14062);
#14064=PLANE('',#14063);
#14065=ADVANCED_FACE('',(#14059),#14064,.T.);
#14066=ORIENTED_EDGE('',*,*,#9839,.T.);
#14067=DIRECTION('',(-0.38268,0.,0.92388));
#14068=VECTOR('',#14067,52.13135);
#14069=LINE('',#9829,#14068);
#14070=EDGE_CURVE('',#9830,#12897,#14069,.T.);
#14071=ORIENTED_EDGE('',*,*,#14070,.T.);
#14072=ORIENTED_EDGE('',*,*,#12901,.F.);
#14073=ORIENTED_EDGE('',*,*,#14054,.F.);
#14074=EDGE_LOOP('',(#14066,#14071,#14072,#14073));
#14075=FACE_OUTER_BOUND('',#14074,.T.);
#14076=CARTESIAN_POINT('',(73.63636,95.,180.));
#14077=DIRECTION('',(0.,-1.,0.));
#14078=DIRECTION('',(1.,0.,0.));
#14079=AXIS2_PLACEMENT_3D('',#14076,#14077,#14078);
#14080=PLANE('',#14079);
#14081=ADVANCED_FACE('',(#14075),#14080,.T.);
#14082=ORIENTED_EDGE('',*,*,#9867,.T.);
#14083=DIRECTION('',(-0.43086,0.,0.90242));
#14084=VECTOR('',#14083,55.56577);
#14085=LINE('',#9857,#14084);
#14086=EDGE_CURVE('',#9858,#12919,#14085,.T.);
#14087=ORIENTED_EDGE('',*,*,#14086,.T.);
#14088=ORIENTED_EDGE('',*,*,#12923,.F.);
#14089=ORIENTED_EDGE('',*,*,#14070,.F.);
#14090=EDGE_LOOP('',(#14082,#14087,#14088,#14089));
#14091=FACE_OUTER_BOUND('',#14090,.T.);
#14092=CARTESIAN_POINT('',(74.55844,95.,180.));
#14093=DIRECTION('',(0.,-1.,0.));
#14094=DIRECTION('',(1.,0.,0.));
#14095=AXIS2_PLACEMENT_3D('',#14092,#14093,#14094);
#14096=PLANE('',#14095);
#14097=ADVANCED_FACE('',(#14091),#14096,.T.);
#14098=ORIENTED_EDGE('',*,*,#9895,.T.);
#14099=DIRECTION('',(-0.48005,0.,0.87724));
#14100=VECTOR('',#14099,63.83655);
#14101=LINE('',#9885,#14100);
#14102=EDGE_CURVE('',#9886,#12941,#14101,.T.);
#14103=ORIENTED_EDGE('',*,*,#14102,.T.);
#14104=ORIENTED_EDGE('',*,*,#12945,.F.);
#14105=ORIENTED_EDGE('',*,*,#14086,.F.);
#14106=EDGE_LOOP('',(#14098,#14103,#14104,#14105));
#14107=FACE_OUTER_BOUND('',#14106,.T.);
#14108=CARTESIAN_POINT('',(85.94108,95.,180.));
#14109=DIRECTION('',(0.,-1.,0.));
#14110=DIRECTION('',(1.,0.,0.));
#14111=AXIS2_PLACEMENT_3D('',#14108,#14109,#14110);
#14112=PLANE('',#14111);
#14113=ADVANCED_FACE('',(#14107),#14112,.T.);
#14114=ORIENTED_EDGE('',*,*,#9923,.T.);
#14115=DIRECTION('',(-0.48564,0.,0.87416));
#14116=VECTOR('',#14115,65.49596);
#14117=LINE('',#9913,#14116);
#14118=EDGE_CURVE('',#9914,#12963,#14117,.T.);
#14119=ORIENTED_EDGE('',*,*,#14118,.T.);
#14120=ORIENTED_EDGE('',*,*,#12967,.F.);
#14121=ORIENTED_EDGE('',*,*,#14102,.F.);
#14122=EDGE_LOOP('',(#14114,#14119,#14120,#14121));
#14123=FACE_OUTER_BOUND('',#14122,.T.);
#14124=CARTESIAN_POINT('',(98.50124,95.,180.));
#14125=DIRECTION('',(0.,-1.,0.));
#14126=DIRECTION('',(1.,0.,0.));
#14127=AXIS2_PLACEMENT_3D('',#14124,#14125,#14126);
#14128=PLANE('',#14127);
#14129=ADVANCED_FACE('',(#14123),#14128,.T.);
#14130=ORIENTED_EDGE('',*,*,#9951,.T.);
#14131=DIRECTION('',(-0.5,0.,0.86603));
#14132=VECTOR('',#14131,61.91927);
#14133=LINE('',#9941,#14132);
#14134=EDGE_CURVE('',#9942,#12985,#14133,.T.);
#14135=ORIENTED_EDGE('',*,*,#14134,.T.);
#14136=ORIENTED_EDGE('',*,*,#12989,.F.);
#14137=ORIENTED_EDGE('',*,*,#14118,.F.);
#14138=EDGE_LOOP('',(#14130,#14135,#14136,#14137));
#14139=FACE_OUTER_BOUND('',#14138,.T.);
#14140=CARTESIAN_POINT('',(100.,95.,180.));
#14141=DIRECTION('',(0.,-1.,0.));
#14142=DIRECTION('',(0.,0.,1.));
#14143=AXIS2_PLACEMENT_3D('',#14140,#14141,#14142);
#14144=PLANE('',#14143);
#14145=ADVANCED_FACE('',(#14139),#14144,.T.);
#14146=ORIENTED_EDGE('',*,*,#9979,.T.);
#14147=DIRECTION('',(-0.51666,0.,0.85619));
#14148=VECTOR('',#14147,58.06471);
#14149=LINE('',#9969,#14148);
#14150=EDGE_CURVE('',#9970,#13007,#14149,.T.);
#14151=ORIENTED_EDGE('',*,*,#14150,.T.);
#14152=ORIENTED_EDGE('',*,*,#13011,.F.);
#14153=ORIENTED_EDGE('',*,*,#14134,.F.);
#14154=EDGE_LOOP('',(#14146,#14151,#14152,#14153));
#14155=FACE_OUTER_BOUND('',#14154,.T.);
#14156=CARTESIAN_POINT('',(100.,95.,186.79492));
#14157=DIRECTION('',(0.,-1.,0.));
#14158=DIRECTION('',(0.,0.,1.));
#14159=AXIS2_PLACEMENT_3D('',#14156,#14157,#14158);
#14160=PLANE('',#14159);
#14161=ADVANCED_FACE('',(#14155),#14160,.T.);
#14162=ORIENTED_EDGE('',*,*,#10007,.T.);
#14163=DIRECTION('',(-0.60876,0.,0.79335));
#14164=VECTOR('',#14163,49.28039);
#14165=LINE('',#9997,#14164);
#14166=EDGE_CURVE('',#9998,#13029,#14165,.T.);
#14167=ORIENTED_EDGE('',*,*,#14166,.T.);
#14168=ORIENTED_EDGE('',*,*,#13033,.F.);
#14169=ORIENTED_EDGE('',*,*,#14150,.F.);
#14170=EDGE_LOOP('',(#14162,#14167,#14168,#14169));
#14171=FACE_OUTER_BOUND('',#14170,.T.);
#14172=CARTESIAN_POINT('',(100.,95.,194.28571));
#14173=DIRECTION('',(0.,-1.,0.));
#14174=DIRECTION('',(0.,0.,1.));
#14175=AXIS2_PLACEMENT_3D('',#14172,#14173,#14174);
#14176=PLANE('',#14175);
#14177=ADVANCED_FACE('',(#14171),#14176,.T.);
#14178=ORIENTED_EDGE('',*,*,#10035,.T.);
#14179=DIRECTION('',(-0.70711,0.,0.70711));
#14180=VECTOR('',#14179,42.42641);
#14181=LINE('',#10025,#14180);
#14182=EDGE_CURVE('',#10026,#13051,#14181,.T.);
#14183=ORIENTED_EDGE('',*,*,#14182,.T.);
#14184=ORIENTED_EDGE('',*,*,#13055,.F.);
#14185=ORIENTED_EDGE('',*,*,#14166,.F.);
#14186=EDGE_LOOP('',(#14178,#14183,#14184,#14185));
#14187=FACE_OUTER_BOUND('',#14186,.T.);
#14188=CARTESIAN_POINT('',(100.,95.,229.67746));
#14189=DIRECTION('',(0.,-1.,0.));
#14190=DIRECTION('',(0.,0.,1.));
#14191=AXIS2_PLACEMENT_3D('',#14188,#14189,#14190);
#14192=PLANE('',#14191);
#14193=ADVANCED_FACE('',(#14187),#14192,.T.);
#14194=ORIENTED_EDGE('',*,*,#10063,.T.);
#14195=DIRECTION('',(-0.79335,0.,0.60876));
#14196=VECTOR('',#14195,37.81417);
#14197=LINE('',#10053,#14196);
#14198=EDGE_CURVE('',#10054,#13073,#14197,.T.);
#14199=ORIENTED_EDGE('',*,*,#14198,.T.);
#14200=ORIENTED_EDGE('',*,*,#13077,.F.);
#14201=ORIENTED_EDGE('',*,*,#14182,.F.);
#14202=EDGE_LOOP('',(#14194,#14199,#14200,#14201));
#14203=FACE_OUTER_BOUND('',#14202,.T.);
#14204=CARTESIAN_POINT('',(100.,95.,260.));
#14205=DIRECTION('',(0.,-1.,0.));
#14206=DIRECTION('',(0.,0.,1.));
#14207=AXIS2_PLACEMENT_3D('',#14204,#14205,#14206);
#14208=PLANE('',#14207);
#14209=ADVANCED_FACE('',(#14203),#14208,.T.);
#14210=ORIENTED_EDGE('',*,*,#10091,.T.);
#14211=DIRECTION('',(-0.86603,0.,0.5));
#14212=VECTOR('',#14211,34.64102);
#14213=LINE('',#10081,#14212);
#14214=EDGE_CURVE('',#10082,#13095,#14213,.T.);
#14215=ORIENTED_EDGE('',*,*,#14214,.T.);
#14216=ORIENTED_EDGE('',*,*,#13099,.F.);
#14217=ORIENTED_EDGE('',*,*,#14198,.F.);
#14218=EDGE_LOOP('',(#14210,#14215,#14216,#14217));
#14219=FACE_OUTER_BOUND('',#14218,.T.);
#14220=CARTESIAN_POINT('',(100.,95.,283.2673));
#14221=DIRECTION('',(0.,-1.,0.));
#14222=DIRECTION('',(0.,0.,1.));
#14223=AXIS2_PLACEMENT_3D('',#14220,#14221,#14222);
#14224=PLANE('',#14223);
#14225=ADVANCED_FACE('',(#14219),#14224,.T.);
#14226=ORIENTED_EDGE('',*,*,#10119,.T.);
#14227=DIRECTION('',(-0.92388,0.,0.38268));
#14228=VECTOR('',#14227,32.47177);
#14229=LINE('',#10109,#14228);
#14230=EDGE_CURVE('',#10110,#13117,#14229,.T.);
#14231=ORIENTED_EDGE('',*,*,#14230,.T.);
#14232=ORIENTED_EDGE('',*,*,#13121,.F.);
#14233=ORIENTED_EDGE('',*,*,#14214,.F.);
#14234=EDGE_LOOP('',(#14226,#14231,#14232,#14233));
#14235=FACE_OUTER_BOUND('',#14234,.T.);
#14236=CARTESIAN_POINT('',(100.,95.,302.26497));
#14237=DIRECTION('',(0.,-1.,0.));
#14238=DIRECTION('',(0.,0.,1.));
#14239=AXIS2_PLACEMENT_3D('',#14236,#14237,#14238);
#14240=PLANE('',#14239);
#14241=ADVANCED_FACE('',(#14235),#14240,.T.);
#14242=ORIENTED_EDGE('',*,*,#10147,.T.);
#14243=DIRECTION('',(-0.96593,0.,0.25882));
#14244=VECTOR('',#14243,31.05829);
#14245=LINE('',#10137,#14244);
#14246=EDGE_CURVE('',#10138,#13139,#14245,.T.);
#14247=ORIENTED_EDGE('',*,*,#14246,.T.);
#14248=ORIENTED_EDGE('',*,*,#13143,.F.);
#14249=ORIENTED_EDGE('',*,*,#14230,.F.);
#14250=EDGE_LOOP('',(#14242,#14247,#14248,#14249));
#14251=FACE_OUTER_BOUND('',#14250,.T.);
#14252=CARTESIAN_POINT('',(100.,95.,318.57864));
#14253=DIRECTION('',(0.,-1.,0.));
#14254=DIRECTION('',(0.,0.,1.));
#14255=AXIS2_PLACEMENT_3D('',#14252,#14253,#14254);
#14256=PLANE('',#14255);
#14257=ADVANCED_FACE('',(#14251),#14256,.T.);
#14258=ORIENTED_EDGE('',*,*,#10175,.T.);
#14259=DIRECTION('',(-0.99144,0.,0.13053));
#14260=VECTOR('',#14259,30.25887);
#14261=LINE('',#10165,#14260);
#14262=EDGE_CURVE('',#10166,#13161,#14261,.T.);
#14263=ORIENTED_EDGE('',*,*,#14262,.T.);
#14264=ORIENTED_EDGE('',*,*,#13165,.F.);
#14265=ORIENTED_EDGE('',*,*,#14246,.F.);
#14266=EDGE_LOOP('',(#14258,#14263,#14264,#14265));
#14267=FACE_OUTER_BOUND('',#14266,.T.);
#14268=CARTESIAN_POINT('',(100.,95.,333.20508));
#14269=DIRECTION('',(0.,-1.,0.));
#14270=DIRECTION('',(0.,0.,1.));
#14271=AXIS2_PLACEMENT_3D('',#14268,#14269,#14270);
#14272=PLANE('',#14271);
#14273=ADVANCED_FACE('',(#14267),#14272,.T.);
#14274=ORIENTED_EDGE('',*,*,#10195,.F.);
#14275=ORIENTED_EDGE('',*,*,#13208,.T.);
#14276=ORIENTED_EDGE('',*,*,#13185,.T.);
#14277=ORIENTED_EDGE('',*,*,#14262,.F.);
#14278=EDGE_LOOP('',(#14274,#14275,#14276,#14277));
#14279=FACE_OUTER_BOUND('',#14278,.T.);
#14280=CARTESIAN_POINT('',(100.,95.,346.83475));
#14281=DIRECTION('',(0.,-1.,0.));
#14282=DIRECTION('',(0.,0.,1.));
#14283=AXIS2_PLACEMENT_3D('',#14280,#14281,#14282);
#14284=PLANE('',#14283);
#14285=ADVANCED_FACE('',(#14279),#14284,.T.);
#14286=CLOSED_SHELL('',(#8337,#8365,#8393,#8421,#8449,#8477,#8505,#8533,#8561,#8589,#8617,#8645,#8673,#8701,#8729,#8757,#8785,#8813,#8841,#8869,#8897,#8925,#8953,#8981,#9009,#9037,#9065,#9093,#9121,#9149,#9177,#9205,#9233,#9261,#9289,#9317,#9345,#9373,#9401,#9429,#9457,#9485,#9513,#9541,#9569,#9597,#9625,#9653,#9681,#9709,#9737,#9765,#9793,#9821,#9849,#9877,#9905,#9933,#9961,#9989,#10017,#10045,#10073,#10101,#10129,#10157,#10185,#10205,#10233,#10255,#10277,#10299,#10321,#10343,#10365,#10387,#10409,#10431,#10453,#10475,#10497,#10519,#10541,#10563,#10585,#10607,#10629,#10651,#10673,#10695,#10717,#10739,#10761,#10783,#10805,#10827,#10849,#10871,#10893,#10915,#10937,#10959,#10981,#11003,#11025,#11047,#11069,#11091,#11113,#11135,#11157,#11179,#11201,#11223,#11245,#11267,#11289,#11311,#11333,#11355,#11377,#11399,#11421,#11443,#11465,#11487,#11509,#11531,#11553,#11575,#11597,#11619,#11641,#11663,#11685,#11701,#11729,#11751,#11773,#11795,#11817,#11839,#11861,#11883,#11905,#11927,#11949,#11971,#11993,#12015,#12037,#12059,#12081,#12103,#12125,#12147,#12169,#12191,#12213,#12235,#12257,#12279,#12301,#12323,#12345,#12367,#12389,#12411,#12433,#12455,#12477,#12499,#12521,#12543,#12565,#12587,#12609,#12631,#12653,#12675,#12697,#12719,#12741,#12763,#12785,#12807,#12829,#12851,#12873,#12895,#12917,#12939,#12961,#12983,#13005,#13027,#13049,#13071,#13093,#13115,#13137,#13159,#13181,#13197,#13217,#13233,#13249,#13265,#13281,#13297,#13313,#13329,#13345,#13361,#13377,#13393,#13409,#13425,#13441,#13457,#13473,#13489,#13505,#13521,#13537,#13553,#13569,#13585,#13601,#13617,#13633,#13649,#13665,#13681,#13697,#13713,#13729,#13745,#13761,#13777,#13793,#13809,#13825,#13841,#13857,#13873,#13889,#13905,#13921,#13937,#13953,#13969,#13985,#14001,#14017,#14033,#14049,#14065,#14081,#14097,#14113,#14129,#14145,#14161,#14177,#14193,#14209,#14225,#14241,#14257,#14273,#14285));
#14287=MANIFOLD_SOLID_BREP('',#14286);
#14288=STYLED_ITEM('color',(#612),#14287);
#14289=CARTESIAN_POINT('',(95.,-95.,360.));
#14290=VERTEX_POINT('',#14289);
#14291=CARTESIAN_POINT('',(95.,-95.,366.18767));
#14292=VERTEX_POINT('',#14291);
#14293=DIRECTION('',(0.,0.,1.));
#14294=VECTOR('',#14293,6.18767);
#14295=LINE('',#14289,#14294);
#14296=EDGE_CURVE('',#14290,#14292,#14295,.T.);
#14297=ORIENTED_EDGE('',*,*,#14296,.T.);
#14298=CARTESIAN_POINT('',(95.,-100.,366.18767));
#14299=VERTEX_POINT('',#14298);
#14300=DIRECTION('',(0.,1.,0.));
#14301=VECTOR('',#14300,5.);
#14302=LINE('',#14298,#14301);
#14303=EDGE_CURVE('',#14299,#14292,#14302,.T.);
#14304=ORIENTED_EDGE('',*,*,#14303,.F.);
#14305=CARTESIAN_POINT('',(95.,-100.,360.));
#14306=VERTEX_POINT('',#14305);
#14307=DIRECTION('',(0.,0.,1.));
#14308=VECTOR('',#14307,6.18767);
#14309=LINE('',#14305,#14308);
#14310=EDGE_CURVE('',#14306,#14299,#14309,.T.);
#14311=ORIENTED_EDGE('',*,*,#14310,.F.);
#14312=DIRECTION('',(0.,1.,0.));
#14313=VECTOR('',#14312,5.);
#14314=LINE('',#14305,#14313);
#14315=EDGE_CURVE('',#14306,#14290,#14314,.T.);
#14316=ORIENTED_EDGE('',*,*,#14315,.T.);
#14317=EDGE_LOOP('',(#14297,#14304,#14311,#14316));
#14318=FACE_OUTER_BOUND('',#14317,.T.);
#14319=CARTESIAN_POINT('',(95.,-95.,360.));
#14320=DIRECTION('',(1.,0.,0.));
#14321=DIRECTION('',(0.,0.,1.));
#14322=AXIS2_PLACEMENT_3D('',#14319,#14320,#14321);
#14323=PLANE('',#14322);
#14324=ADVANCED_FACE('',(#14318),#14323,.T.);
#14325=CARTESIAN_POINT('',(95.,-95.,372.59361));
#14326=VERTEX_POINT('',#14325);
#14327=DIRECTION('',(0.,0.,1.));
#14328=VECTOR('',#14327,6.40594);
#14329=LINE('',#14291,#14328);
#14330=EDGE_CURVE('',#14292,#14326,#14329,.T.);
#14331=ORIENTED_EDGE('',*,*,#14330,.T.);
#14332=CARTESIAN_POINT('',(95.,-100.,372.59361));
#14333=VERTEX_POINT('',#14332);
#14334=DIRECTION('',(0.,1.,0.));
#14335=VECTOR('',#14334,5.);
#14336=LINE('',#14332,#14335);
#14337=EDGE_CURVE('',#14333,#14326,#14336,.T.);
#14338=ORIENTED_EDGE('',*,*,#14337,.F.);
#14339=DIRECTION('',(0.,0.,1.));
#14340=VECTOR('',#14339,6.40594);
#14341=LINE('',#14298,#14340);
#14342=EDGE_CURVE('',#14299,#14333,#14341,.T.);
#14343=ORIENTED_EDGE('',*,*,#14342,.F.);
#14344=ORIENTED_EDGE('',*,*,#14303,.T.);
#14345=EDGE_LOOP('',(#14331,#14338,#14343,#14344));
#14346=FACE_OUTER_BOUND('',#14345,.T.);
#14347=CARTESIAN_POINT('',(95.,-95.,366.18767));
#14348=DIRECTION('',(1.,0.,0.));
#14349=DIRECTION('',(0.,0.,1.));
#14350=AXIS2_PLACEMENT_3D('',#14347,#14348,#14349);
#14351=PLANE('',#14350);
#14352=ADVANCED_FACE('',(#14346),#14351,.T.);
#14353=CARTESIAN_POINT('',(95.,-95.,379.46804));
#14354=VERTEX_POINT('',#14353);
#14355=DIRECTION('',(0.,0.,1.));
#14356=VECTOR('',#14355,6.87443);
#14357=LINE('',#14325,#14356);
#14358=EDGE_CURVE('',#14326,#14354,#14357,.T.);
#14359=ORIENTED_EDGE('',*,*,#14358,.T.);
#14360=CARTESIAN_POINT('',(95.,-100.,379.46804));
#14361=VERTEX_POINT('',#14360);
#14362=DIRECTION('',(0.,1.,0.));
#14363=VECTOR('',#14362,5.);
#14364=LINE('',#14360,#14363);
#14365=EDGE_CURVE('',#14361,#14354,#14364,.T.);
#14366=ORIENTED_EDGE('',*,*,#14365,.F.);
#14367=DIRECTION('',(0.,0.,1.));
#14368=VECTOR('',#14367,6.87443);
#14369=LINE('',#14332,#14368);
#14370=EDGE_CURVE('',#14333,#14361,#14369,.T.);
#14371=ORIENTED_EDGE('',*,*,#14370,.F.);
#14372=ORIENTED_EDGE('',*,*,#14337,.T.);
#14373=EDGE_LOOP('',(#14359,#14366,#14371,#14372));
#14374=FACE_OUTER_BOUND('',#14373,.T.);
#14375=CARTESIAN_POINT('',(95.,-95.,372.59361));
#14376=DIRECTION('',(1.,0.,0.));
#14377=DIRECTION('',(0.,0.,1.));
#14378=AXIS2_PLACEMENT_3D('',#14375,#14376,#14377);
#14379=PLANE('',#14378);
#14380=ADVANCED_FACE('',(#14374),#14379,.T.);
#14381=CARTESIAN_POINT('',(95.,-95.,387.13546));
#14382=VERTEX_POINT('',#14381);
#14383=DIRECTION('',(0.,0.,1.));
#14384=VECTOR('',#14383,7.66743);
#14385=LINE('',#14353,#14384);
#14386=EDGE_CURVE('',#14354,#14382,#14385,.T.);
#14387=ORIENTED_EDGE('',*,*,#14386,.T.);
#14388=CARTESIAN_POINT('',(95.,-100.,387.13546));
#14389=VERTEX_POINT('',#14388);
#14390=DIRECTION('',(0.,1.,0.));
#14391=VECTOR('',#14390,5.);
#14392=LINE('',#14388,#14391);
#14393=EDGE_CURVE('',#14389,#14382,#14392,.T.);
#14394=ORIENTED_EDGE('',*,*,#14393,.F.);
#14395=DIRECTION('',(0.,0.,1.));
#14396=VECTOR('',#14395,7.66743);
#14397=LINE('',#14360,#14396);
#14398=EDGE_CURVE('',#14361,#14389,#14397,.T.);
#14399=ORIENTED_EDGE('',*,*,#14398,.F.);
#14400=ORIENTED_EDGE('',*,*,#14365,.T.);
#14401=EDGE_LOOP('',(#14387,#14394,#14399,#14400));
#14402=FACE_OUTER_BOUND('',#14401,.T.);
#14403=CARTESIAN_POINT('',(95.,-95.,379.46804));
#14404=DIRECTION('',(1.,0.,0.));
#14405=DIRECTION('',(0.,0.,1.));
#14406=AXIS2_PLACEMENT_3D('',#14403,#14404,#14405);
#14407=PLANE('',#14406);
#14408=ADVANCED_FACE('',(#14402),#14407,.T.);
#14409=CARTESIAN_POINT('',(95.,-95.,396.06437));
#14410=VERTEX_POINT('',#14409);
#14411=DIRECTION('',(0.,0.,1.));
#14412=VECTOR('',#14411,8.92891);
#14413=LINE('',#14381,#14412);
#14414=EDGE_CURVE('',#14382,#14410,#14413,.T.);
#14415=ORIENTED_EDGE('',*,*,#14414,.T.);
#14416=CARTESIAN_POINT('',(95.,-100.,396.06437));
#14417=VERTEX_POINT('',#14416);
#14418=DIRECTION('',(0.,1.,0.));
#14419=VECTOR('',#14418,5.);
#14420=LINE('',#14416,#14419);
#14421=EDGE_CURVE('',#14417,#14410,#14420,.T.);
#14422=ORIENTED_EDGE('',*,*,#14421,.F.);
#14423=DIRECTION('',(0.,0.,1.));
#14424=VECTOR('',#14423,8.92891);
#14425=LINE('',#14388,#14424);
#14426=EDGE_CURVE('',#14389,#14417,#14425,.T.);
#14427=ORIENTED_EDGE('',*,*,#14426,.F.);
#14428=ORIENTED_EDGE('',*,*,#14393,.T.);
#14429=EDGE_LOOP('',(#14415,#14422,#14427,#14428));
#14430=FACE_OUTER_BOUND('',#14429,.T.);
#14431=CARTESIAN_POINT('',(95.,-95.,387.13546));
#14432=DIRECTION('',(1.,0.,0.));
#14433=DIRECTION('',(0.,0.,1.));
#14434=AXIS2_PLACEMENT_3D('',#14431,#14432,#14433);
#14435=PLANE('',#14434);
#14436=ADVANCED_FACE('',(#14430),#14435,.T.);
#14437=CARTESIAN_POINT('',(95.,-95.,407.));
#14438=VERTEX_POINT('',#14437);
#14439=DIRECTION('',(0.,0.,1.));
#14440=VECTOR('',#14439,10.93563);
#14441=LINE('',#14409,#14440);
#14442=EDGE_CURVE('',#14410,#14438,#14441,.T.);
#14443=ORIENTED_EDGE('',*,*,#14442,.T.);
#14444=CARTESIAN_POINT('',(95.,-100.,407.));
#14445=VERTEX_POINT('',#14444);
#14446=DIRECTION('',(0.,1.,0.));
#14447=VECTOR('',#14446,5.);
#14448=LINE('',#14444,#14447);
#14449=EDGE_CURVE('',#14445,#14438,#14448,.T.);
#14450=ORIENTED_EDGE('',*,*,#14449,.F.);
#14451=DIRECTION('',(0.,0.,1.));
#14452=VECTOR('',#14451,10.93563);
#14453=LINE('',#14416,#14452);
#14454=EDGE_CURVE('',#14417,#14445,#14453,.T.);
#14455=ORIENTED_EDGE('',*,*,#14454,.F.);
#14456=ORIENTED_EDGE('',*,*,#14421,.T.);
#14457=EDGE_LOOP('',(#14443,#14450,#14455,#14456));
#14458=FACE_OUTER_BOUND('',#14457,.T.);
#14459=CARTESIAN_POINT('',(95.,-95.,396.06437));
#14460=DIRECTION('',(1.,0.,0.));
#14461=DIRECTION('',(0.,0.,1.));
#14462=AXIS2_PLACEMENT_3D('',#14459,#14460,#14461);
#14463=PLANE('',#14462);
#14464=ADVANCED_FACE('',(#14458),#14463,.T.);
#14465=CARTESIAN_POINT('',(95.,-95.,421.25159));
#14466=VERTEX_POINT('',#14465);
#14467=DIRECTION('',(0.,0.,1.));
#14468=VECTOR('',#14467,14.25159);
#14469=LINE('',#14437,#14468);
#14470=EDGE_CURVE('',#14438,#14466,#14469,.T.);
#14471=ORIENTED_EDGE('',*,*,#14470,.T.);
#14472=CARTESIAN_POINT('',(95.,-100.,421.25159));
#14473=VERTEX_POINT('',#14472);
#14474=DIRECTION('',(0.,1.,0.));
#14475=VECTOR('',#14474,5.);
#14476=LINE('',#14472,#14475);
#14477=EDGE_CURVE('',#14473,#14466,#14476,.T.);
#14478=ORIENTED_EDGE('',*,*,#14477,.F.);
#14479=DIRECTION('',(0.,0.,1.));
#14480=VECTOR('',#14479,14.25159);
#14481=LINE('',#14444,#14480);
#14482=EDGE_CURVE('',#14445,#14473,#14481,.T.);
#14483=ORIENTED_EDGE('',*,*,#14482,.F.);
#14484=ORIENTED_EDGE('',*,*,#14449,.T.);
#14485=EDGE_LOOP('',(#14471,#14478,#14483,#14484));
#14486=FACE_OUTER_BOUND('',#14485,.T.);
#14487=CARTESIAN_POINT('',(95.,-95.,407.));
#14488=DIRECTION('',(1.,0.,0.));
#14489=DIRECTION('',(0.,0.,1.));
#14490=AXIS2_PLACEMENT_3D('',#14487,#14488,#14489);
#14491=PLANE('',#14490);
#14492=ADVANCED_FACE('',(#14486),#14491,.T.);
#14493=CARTESIAN_POINT('',(95.,-95.,441.40639));
#14494=VERTEX_POINT('',#14493);
#14495=DIRECTION('',(0.,0.,1.));
#14496=VECTOR('',#14495,20.1548);
#14497=LINE('',#14465,#14496);
#14498=EDGE_CURVE('',#14466,#14494,#14497,.T.);
#14499=ORIENTED_EDGE('',*,*,#14498,.T.);
#14500=CARTESIAN_POINT('',(95.,-100.,441.40639));
#14501=VERTEX_POINT('',#14500);
#14502=DIRECTION('',(0.,1.,0.));
#14503=VECTOR('',#14502,5.);
#14504=LINE('',#14500,#14503);
#14505=EDGE_CURVE('',#14501,#14494,#14504,.T.);
#14506=ORIENTED_EDGE('',*,*,#14505,.F.);
#14507=DIRECTION('',(0.,0.,1.));
#14508=VECTOR('',#14507,20.1548);
#14509=LINE('',#14472,#14508);
#14510=EDGE_CURVE('',#14473,#14501,#14509,.T.);
#14511=ORIENTED_EDGE('',*,*,#14510,.F.);
#14512=ORIENTED_EDGE('',*,*,#14477,.T.);
#14513=EDGE_LOOP('',(#14499,#14506,#14511,#14512));
#14514=FACE_OUTER_BOUND('',#14513,.T.);
#14515=CARTESIAN_POINT('',(95.,-95.,421.25159));
#14516=DIRECTION('',(1.,0.,0.));
#14517=DIRECTION('',(0.,0.,1.));
#14518=AXIS2_PLACEMENT_3D('',#14515,#14516,#14517);
#14519=PLANE('',#14518);
#14520=ADVANCED_FACE('',(#14514),#14519,.T.);
#14521=CARTESIAN_POINT('',(95.,-95.,473.46804));
#14522=VERTEX_POINT('',#14521);
#14523=DIRECTION('',(0.,0.,1.));
#14524=VECTOR('',#14523,32.06165);
#14525=LINE('',#14493,#14524);
#14526=EDGE_CURVE('',#14494,#14522,#14525,.T.);
#14527=ORIENTED_EDGE('',*,*,#14526,.T.);
#14528=CARTESIAN_POINT('',(95.,-100.,473.46804));
#14529=VERTEX_POINT('',#14528);
#14530=DIRECTION('',(0.,1.,0.));
#14531=VECTOR('',#14530,5.);
#14532=LINE('',#14528,#14531);
#14533=EDGE_CURVE('',#14529,#14522,#14532,.T.);
#14534=ORIENTED_EDGE('',*,*,#14533,.F.);
#14535=DIRECTION('',(0.,0.,1.));
#14536=VECTOR('',#14535,32.06165);
#14537=LINE('',#14500,#14536);
#14538=EDGE_CURVE('',#14501,#14529,#14537,.T.);
#14539=ORIENTED_EDGE('',*,*,#14538,.F.);
#14540=ORIENTED_EDGE('',*,*,#14505,.T.);
#14541=EDGE_LOOP('',(#14527,#14534,#14539,#14540));
#14542=FACE_OUTER_BOUND('',#14541,.T.);
#14543=CARTESIAN_POINT('',(95.,-95.,441.40639));
#14544=DIRECTION('',(1.,0.,0.));
#14545=DIRECTION('',(0.,0.,1.));
#14546=AXIS2_PLACEMENT_3D('',#14543,#14544,#14545);
#14547=PLANE('',#14546);
#14548=ADVANCED_FACE('',(#14542),#14547,.T.);
#14549=CARTESIAN_POINT('',(95.,-95.,535.40639));
#14550=VERTEX_POINT('',#14549);
#14551=DIRECTION('',(0.,0.,1.));
#14552=VECTOR('',#14551,61.93835);
#14553=LINE('',#14521,#14552);
#14554=EDGE_CURVE('',#14522,#14550,#14553,.T.);
#14555=ORIENTED_EDGE('',*,*,#14554,.T.);
#14556=CARTESIAN_POINT('',(95.,-100.,535.40639));
#14557=VERTEX_POINT('',#14556);
#14558=DIRECTION('',(0.,1.,0.));
#14559=VECTOR('',#14558,5.);
#14560=LINE('',#14556,#14559);
#14561=EDGE_CURVE('',#14557,#14550,#14560,.T.);
#14562=ORIENTED_EDGE('',*,*,#14561,.F.);
#14563=DIRECTION('',(0.,0.,1.));
#14564=VECTOR('',#14563,61.93835);
#14565=LINE('',#14528,#14564);
#14566=EDGE_CURVE('',#14529,#14557,#14565,.T.);
#14567=ORIENTED_EDGE('',*,*,#14566,.F.);
#14568=ORIENTED_EDGE('',*,*,#14533,.T.);
#14569=EDGE_LOOP('',(#14555,#14562,#14567,#14568));
#14570=FACE_OUTER_BOUND('',#14569,.T.);
#14571=CARTESIAN_POINT('',(95.,-95.,473.46804));
#14572=DIRECTION('',(1.,0.,0.));
#14573=DIRECTION('',(0.,0.,1.));
#14574=AXIS2_PLACEMENT_3D('',#14571,#14572,#14573);
#14575=PLANE('',#14574);
#14576=ADVANCED_FACE('',(#14570),#14575,.T.);
#14577=CARTESIAN_POINT('',(95.,-95.,558.07143));
#14578=VERTEX_POINT('',#14577);
#14579=DIRECTION('',(0.,0.,1.));
#14580=VECTOR('',#14579,22.66504);
#14581=LINE('',#14549,#14580);
#14582=EDGE_CURVE('',#14550,#14578,#14581,.T.);
#14583=ORIENTED_EDGE('',*,*,#14582,.T.);
#14584=CARTESIAN_POINT('',(95.,-100.,558.07143));
#14585=VERTEX_POINT('',#14584);
#14586=DIRECTION('',(0.,1.,0.));
#14587=VECTOR('',#14586,5.);
#14588=LINE('',#14584,#14587);
#14589=EDGE_CURVE('',#14585,#14578,#14588,.T.);
#14590=ORIENTED_EDGE('',*,*,#14589,.F.);
#14591=DIRECTION('',(0.,0.,1.));
#14592=VECTOR('',#14591,22.66504);
#14593=LINE('',#14556,#14592);
#14594=EDGE_CURVE('',#14557,#14585,#14593,.T.);
#14595=ORIENTED_EDGE('',*,*,#14594,.F.);
#14596=ORIENTED_EDGE('',*,*,#14561,.T.);
#14597=EDGE_LOOP('',(#14583,#14590,#14595,#14596));
#14598=FACE_OUTER_BOUND('',#14597,.T.);
#14599=CARTESIAN_POINT('',(95.,-95.,535.40639));
#14600=DIRECTION('',(1.,0.,0.));
#14601=DIRECTION('',(0.,0.,1.));
#14602=AXIS2_PLACEMENT_3D('',#14599,#14600,#14601);
#14603=PLANE('',#14602);
#14604=ADVANCED_FACE('',(#14598),#14603,.T.);
#14605=CARTESIAN_POINT('',(95.,-95.,584.88593));
#14606=VERTEX_POINT('',#14605);
#14607=DIRECTION('',(0.,0.,1.));
#14608=VECTOR('',#14607,26.8145);
#14609=LINE('',#14577,#14608);
#14610=EDGE_CURVE('',#14578,#14606,#14609,.T.);
#14611=ORIENTED_EDGE('',*,*,#14610,.T.);
#14612=CARTESIAN_POINT('',(95.,-100.,584.88593));
#14613=VERTEX_POINT('',#14612);
#14614=DIRECTION('',(0.,1.,0.));
#14615=VECTOR('',#14614,5.);
#14616=LINE('',#14612,#14615);
#14617=EDGE_CURVE('',#14613,#14606,#14616,.T.);
#14618=ORIENTED_EDGE('',*,*,#14617,.F.);
#14619=DIRECTION('',(0.,0.,1.));
#14620=VECTOR('',#14619,26.8145);
#14621=LINE('',#14584,#14620);
#14622=EDGE_CURVE('',#14585,#14613,#14621,.T.);
#14623=ORIENTED_EDGE('',*,*,#14622,.F.);
#14624=ORIENTED_EDGE('',*,*,#14589,.T.);
#14625=EDGE_LOOP('',(#14611,#14618,#14623,#14624));
#14626=FACE_OUTER_BOUND('',#14625,.T.);
#14627=CARTESIAN_POINT('',(95.,-95.,558.07143));
#14628=DIRECTION('',(1.,0.,0.));
#14629=DIRECTION('',(0.,0.,1.));
#14630=AXIS2_PLACEMENT_3D('',#14627,#14628,#14629);
#14631=PLANE('',#14630);
#14632=ADVANCED_FACE('',(#14626),#14631,.T.);
#14633=CARTESIAN_POINT('',(95.,-95.,592.));
#14634=VERTEX_POINT('',#14633);
#14635=DIRECTION('',(0.,0.,1.));
#14636=VECTOR('',#14635,7.11407);
#14637=LINE('',#14605,#14636);
#14638=EDGE_CURVE('',#14606,#14634,#14637,.T.);
#14639=ORIENTED_EDGE('',*,*,#14638,.T.);
#14640=CARTESIAN_POINT('',(95.,-100.,592.));
#14641=VERTEX_POINT('',#14640);
#14642=DIRECTION('',(0.,1.,0.));
#14643=VECTOR('',#14642,5.);
#14644=LINE('',#14640,#14643);
#14645=EDGE_CURVE('',#14641,#14634,#14644,.T.);
#14646=ORIENTED_EDGE('',*,*,#14645,.F.);
#14647=DIRECTION('',(0.,0.,1.));
#14648=VECTOR('',#14647,7.11407);
#14649=LINE('',#14612,#14648);
#14650=EDGE_CURVE('',#14613,#14641,#14649,.T.);
#14651=ORIENTED_EDGE('',*,*,#14650,.F.);
#14652=ORIENTED_EDGE('',*,*,#14617,.T.);
#14653=EDGE_LOOP('',(#14639,#14646,#14651,#14652));
#14654=FACE_OUTER_BOUND('',#14653,.T.);
#14655=CARTESIAN_POINT('',(95.,-95.,584.88593));
#14656=DIRECTION('',(1.,0.,0.));
#14657=DIRECTION('',(0.,0.,1.));
#14658=AXIS2_PLACEMENT_3D('',#14655,#14656,#14657);
#14659=PLANE('',#14658);
#14660=ADVANCED_FACE('',(#14654),#14659,.T.);
#14661=CARTESIAN_POINT('',(85.44111,-95.,592.));
#14662=VERTEX_POINT('',#14661);
#14663=DIRECTION('',(-1.,0.,0.));
#14664=VECTOR('',#14663,9.55889);
#14665=LINE('',#14633,#14664);
#14666=EDGE_CURVE('',#14634,#14662,#14665,.T.);
#14667=ORIENTED_EDGE('',*,*,#14666,.T.);
#14668=CARTESIAN_POINT('',(85.44111,-100.,592.));
#14669=VERTEX_POINT('',#14668);
#14670=DIRECTION('',(0.,1.,0.));
#14671=VECTOR('',#14670,5.);
#14672=LINE('',#14668,#14671);
#14673=EDGE_CURVE('',#14669,#14662,#14672,.T.);
#14674=ORIENTED_EDGE('',*,*,#14673,.F.);
#14675=DIRECTION('',(-1.,0.,0.));
#14676=VECTOR('',#14675,9.55889);
#14677=LINE('',#14640,#14676);
#14678=EDGE_CURVE('',#14641,#14669,#14677,.T.);
#14679=ORIENTED_EDGE('',*,*,#14678,.F.);
#14680=ORIENTED_EDGE('',*,*,#14645,.T.);
#14681=EDGE_LOOP('',(#14667,#14674,#14679,#14680));
#14682=FACE_OUTER_BOUND('',#14681,.T.);
#14683=CARTESIAN_POINT('',(95.,-95.,592.));
#14684=DIRECTION('',(0.,0.,1.));
#14685=DIRECTION('',(-1.,0.,0.));
#14686=AXIS2_PLACEMENT_3D('',#14683,#14684,#14685);
#14687=PLANE('',#14686);
#14688=ADVANCED_FACE('',(#14682),#14687,.T.);
#14689=CARTESIAN_POINT('',(78.54338,-95.,592.));
#14690=VERTEX_POINT('',#14689);
#14691=DIRECTION('',(-1.,0.,0.));
#14692=VECTOR('',#14691,6.89773);
#14693=LINE('',#14661,#14692);
#14694=EDGE_CURVE('',#14662,#14690,#14693,.T.);
#14695=ORIENTED_EDGE('',*,*,#14694,.T.);
#14696=CARTESIAN_POINT('',(78.54338,-100.,592.));
#14697=VERTEX_POINT('',#14696);
#14698=DIRECTION('',(0.,1.,0.));
#14699=VECTOR('',#14698,5.);
#14700=LINE('',#14696,#14699);
#14701=EDGE_CURVE('',#14697,#14690,#14700,.T.);
#14702=ORIENTED_EDGE('',*,*,#14701,.F.);
#14703=DIRECTION('',(-1.,0.,0.));
#14704=VECTOR('',#14703,6.89773);
#14705=LINE('',#14668,#14704);
#14706=EDGE_CURVE('',#14669,#14697,#14705,.T.);
#14707=ORIENTED_EDGE('',*,*,#14706,.F.);
#14708=ORIENTED_EDGE('',*,*,#14673,.T.);
#14709=EDGE_LOOP('',(#14695,#14702,#14707,#14708));
#14710=FACE_OUTER_BOUND('',#14709,.T.);
#14711=CARTESIAN_POINT('',(85.44111,-95.,592.));
#14712=DIRECTION('',(0.,0.,1.));
#14713=DIRECTION('',(-1.,0.,0.));
#14714=AXIS2_PLACEMENT_3D('',#14711,#14712,#14713);
#14715=PLANE('',#14714);
#14716=ADVANCED_FACE('',(#14710),#14715,.T.);
#14717=CARTESIAN_POINT('',(72.60606,-95.,592.));
#14718=VERTEX_POINT('',#14717);
#14719=DIRECTION('',(-1.,0.,0.));
#14720=VECTOR('',#14719,5.93732);
#14721=LINE('',#14689,#14720);
#14722=EDGE_CURVE('',#14690,#14718,#14721,.T.);
#14723=ORIENTED_EDGE('',*,*,#14722,.T.);
#14724=CARTESIAN_POINT('',(72.60606,-100.,592.));
#14725=VERTEX_POINT('',#14724);
#14726=DIRECTION('',(0.,1.,0.));
#14727=VECTOR('',#14726,5.);
#14728=LINE('',#14724,#14727);
#14729=EDGE_CURVE('',#14725,#14718,#14728,.T.);
#14730=ORIENTED_EDGE('',*,*,#14729,.F.);
#14731=DIRECTION('',(-1.,0.,0.));
#14732=VECTOR('',#14731,5.93732);
#14733=LINE('',#14696,#14732);
#14734=EDGE_CURVE('',#14697,#14725,#14733,.T.);
#14735=ORIENTED_EDGE('',*,*,#14734,.F.);
#14736=ORIENTED_EDGE('',*,*,#14701,.T.);
#14737=EDGE_LOOP('',(#14723,#14730,#14735,#14736));
#14738=FACE_OUTER_BOUND('',#14737,.T.);
#14739=CARTESIAN_POINT('',(78.54338,-95.,592.));
#14740=DIRECTION('',(0.,0.,1.));
#14741=DIRECTION('',(-1.,0.,0.));
#14742=AXIS2_PLACEMENT_3D('',#14739,#14740,#14741);
#14743=PLANE('',#14742);
#14744=ADVANCED_FACE('',(#14738),#14743,.T.);
#14745=CARTESIAN_POINT('',(48.,-95.,592.));
#14746=VERTEX_POINT('',#14745);
#14747=DIRECTION('',(-1.,0.,0.));
#14748=VECTOR('',#14747,24.60606);
#14749=LINE('',#14717,#14748);
#14750=EDGE_CURVE('',#14718,#14746,#14749,.T.);
#14751=ORIENTED_EDGE('',*,*,#14750,.T.);
#14752=CARTESIAN_POINT('',(48.,-100.,592.));
#14753=VERTEX_POINT('',#14752);
#14754=DIRECTION('',(0.,1.,0.));
#14755=VECTOR('',#14754,5.);
#14756=LINE('',#14752,#14755);
#14757=EDGE_CURVE('',#14753,#14746,#14756,.T.);
#14758=ORIENTED_EDGE('',*,*,#14757,.F.);
#14759=DIRECTION('',(-1.,0.,0.));
#14760=VECTOR('',#14759,24.60606);
#14761=LINE('',#14724,#14760);
#14762=EDGE_CURVE('',#14725,#14753,#14761,.T.);
#14763=ORIENTED_EDGE('',*,*,#14762,.F.);
#14764=ORIENTED_EDGE('',*,*,#14729,.T.);
#14765=EDGE_LOOP('',(#14751,#14758,#14763,#14764));
#14766=FACE_OUTER_BOUND('',#14765,.T.);
#14767=CARTESIAN_POINT('',(72.60606,-95.,592.));
#14768=DIRECTION('',(0.,0.,1.));
#14769=DIRECTION('',(-1.,0.,0.));
#14770=AXIS2_PLACEMENT_3D('',#14767,#14768,#14769);
#14771=PLANE('',#14770);
#14772=ADVANCED_FACE('',(#14766),#14771,.T.);
#14773=CARTESIAN_POINT('',(23.39394,-95.,592.));
#14774=VERTEX_POINT('',#14773);
#14775=DIRECTION('',(-1.,0.,0.));
#14776=VECTOR('',#14775,24.60606);
#14777=LINE('',#14745,#14776);
#14778=EDGE_CURVE('',#14746,#14774,#14777,.T.);
#14779=ORIENTED_EDGE('',*,*,#14778,.T.);
#14780=CARTESIAN_POINT('',(23.39394,-100.,592.));
#14781=VERTEX_POINT('',#14780);
#14782=DIRECTION('',(0.,1.,0.));
#14783=VECTOR('',#14782,5.);
#14784=LINE('',#14780,#14783);
#14785=EDGE_CURVE('',#14781,#14774,#14784,.T.);
#14786=ORIENTED_EDGE('',*,*,#14785,.F.);
#14787=DIRECTION('',(-1.,0.,0.));
#14788=VECTOR('',#14787,24.60606);
#14789=LINE('',#14752,#14788);
#14790=EDGE_CURVE('',#14753,#14781,#14789,.T.);
#14791=ORIENTED_EDGE('',*,*,#14790,.F.);
#14792=ORIENTED_EDGE('',*,*,#14757,.T.);
#14793=EDGE_LOOP('',(#14779,#14786,#14791,#14792));
#14794=FACE_OUTER_BOUND('',#14793,.T.);
#14795=CARTESIAN_POINT('',(48.,-95.,592.));
#14796=DIRECTION('',(0.,0.,1.));
#14797=DIRECTION('',(-1.,0.,0.));
#14798=AXIS2_PLACEMENT_3D('',#14795,#14796,#14797);
#14799=PLANE('',#14798);
#14800=ADVANCED_FACE('',(#14794),#14799,.T.);
#14801=CARTESIAN_POINT('',(17.45662,-95.,592.));
#14802=VERTEX_POINT('',#14801);
#14803=DIRECTION('',(-1.,0.,0.));
#14804=VECTOR('',#14803,5.93732);
#14805=LINE('',#14773,#14804);
#14806=EDGE_CURVE('',#14774,#14802,#14805,.T.);
#14807=ORIENTED_EDGE('',*,*,#14806,.T.);
#14808=CARTESIAN_POINT('',(17.45662,-100.,592.));
#14809=VERTEX_POINT('',#14808);
#14810=DIRECTION('',(0.,1.,0.));
#14811=VECTOR('',#14810,5.);
#14812=LINE('',#14808,#14811);
#14813=EDGE_CURVE('',#14809,#14802,#14812,.T.);
#14814=ORIENTED_EDGE('',*,*,#14813,.F.);
#14815=DIRECTION('',(-1.,0.,0.));
#14816=VECTOR('',#14815,5.93732);
#14817=LINE('',#14780,#14816);
#14818=EDGE_CURVE('',#14781,#14809,#14817,.T.);
#14819=ORIENTED_EDGE('',*,*,#14818,.F.);
#14820=ORIENTED_EDGE('',*,*,#14785,.T.);
#14821=EDGE_LOOP('',(#14807,#14814,#14819,#14820));
#14822=FACE_OUTER_BOUND('',#14821,.T.);
#14823=CARTESIAN_POINT('',(23.39394,-95.,592.));
#14824=DIRECTION('',(0.,0.,1.));
#14825=DIRECTION('',(-1.,0.,0.));
#14826=AXIS2_PLACEMENT_3D('',#14823,#14824,#14825);
#14827=PLANE('',#14826);
#14828=ADVANCED_FACE('',(#14822),#14827,.T.);
#14829=CARTESIAN_POINT('',(10.55889,-95.,592.));
#14830=VERTEX_POINT('',#14829);
#14831=DIRECTION('',(-1.,0.,0.));
#14832=VECTOR('',#14831,6.89773);
#14833=LINE('',#14801,#14832);
#14834=EDGE_CURVE('',#14802,#14830,#14833,.T.);
#14835=ORIENTED_EDGE('',*,*,#14834,.T.);
#14836=CARTESIAN_POINT('',(10.55889,-100.,592.));
#14837=VERTEX_POINT('',#14836);
#14838=DIRECTION('',(0.,1.,0.));
#14839=VECTOR('',#14838,5.);
#14840=LINE('',#14836,#14839);
#14841=EDGE_CURVE('',#14837,#14830,#14840,.T.);
#14842=ORIENTED_EDGE('',*,*,#14841,.F.);
#14843=DIRECTION('',(-1.,0.,0.));
#14844=VECTOR('',#14843,6.89773);
#14845=LINE('',#14808,#14844);
#14846=EDGE_CURVE('',#14809,#14837,#14845,.T.);
#14847=ORIENTED_EDGE('',*,*,#14846,.F.);
#14848=ORIENTED_EDGE('',*,*,#14813,.T.);
#14849=EDGE_LOOP('',(#14835,#14842,#14847,#14848));
#14850=FACE_OUTER_BOUND('',#14849,.T.);
#14851=CARTESIAN_POINT('',(17.45662,-95.,592.));
#14852=DIRECTION('',(0.,0.,1.));
#14853=DIRECTION('',(-1.,0.,0.));
#14854=AXIS2_PLACEMENT_3D('',#14851,#14852,#14853);
#14855=PLANE('',#14854);
#14856=ADVANCED_FACE('',(#14850),#14855,.T.);
#14857=CARTESIAN_POINT('',(0.5,-95.,592.));
#14858=VERTEX_POINT('',#14857);
#14859=DIRECTION('',(-1.,0.,0.));
#14860=VECTOR('',#14859,10.05889);
#14861=LINE('',#14829,#14860);
#14862=EDGE_CURVE('',#14830,#14858,#14861,.T.);
#14863=ORIENTED_EDGE('',*,*,#14862,.T.);
#14864=CARTESIAN_POINT('',(0.5,-100.,592.));
#14865=VERTEX_POINT('',#14864);
#14866=DIRECTION('',(0.,1.,0.));
#14867=VECTOR('',#14866,5.);
#14868=LINE('',#14864,#14867);
#14869=EDGE_CURVE('',#14865,#14858,#14868,.T.);
#14870=ORIENTED_EDGE('',*,*,#14869,.F.);
#14871=DIRECTION('',(-1.,0.,0.));
#14872=VECTOR('',#14871,10.05889);
#14873=LINE('',#14836,#14872);
#14874=EDGE_CURVE('',#14837,#14865,#14873,.T.);
#14875=ORIENTED_EDGE('',*,*,#14874,.F.);
#14876=ORIENTED_EDGE('',*,*,#14841,.T.);
#14877=EDGE_LOOP('',(#14863,#14870,#14875,#14876));
#14878=FACE_OUTER_BOUND('',#14877,.T.);
#14879=CARTESIAN_POINT('',(10.55889,-95.,592.));
#14880=DIRECTION('',(0.,0.,1.));
#14881=DIRECTION('',(-1.,0.,0.));
#14882=AXIS2_PLACEMENT_3D('',#14879,#14880,#14881);
#14883=PLANE('',#14882);
#14884=ADVANCED_FACE('',(#14878),#14883,.T.);
#14885=CARTESIAN_POINT('',(0.5,-95.,587.27833));
#14886=VERTEX_POINT('',#14885);
#14887=DIRECTION('',(0.,0.,-1.));
#14888=VECTOR('',#14887,4.72167);
#14889=LINE('',#14857,#14888);
#14890=EDGE_CURVE('',#14858,#14886,#14889,.T.);
#14891=ORIENTED_EDGE('',*,*,#14890,.T.);
#14892=CARTESIAN_POINT('',(0.5,-100.,587.27833));
#14893=VERTEX_POINT('',#14892);
#14894=DIRECTION('',(0.,1.,0.));
#14895=VECTOR('',#14894,5.);
#14896=LINE('',#14892,#14895);
#14897=EDGE_CURVE('',#14893,#14886,#14896,.T.);
#14898=ORIENTED_EDGE('',*,*,#14897,.F.);
#14899=DIRECTION('',(0.,0.,-1.));
#14900=VECTOR('',#14899,4.72167);
#14901=LINE('',#14864,#14900);
#14902=EDGE_CURVE('',#14865,#14893,#14901,.T.);
#14903=ORIENTED_EDGE('',*,*,#14902,.F.);
#14904=ORIENTED_EDGE('',*,*,#14869,.T.);
#14905=EDGE_LOOP('',(#14891,#14898,#14903,#14904));
#14906=FACE_OUTER_BOUND('',#14905,.T.);
#14907=CARTESIAN_POINT('',(0.5,-95.,592.));
#14908=DIRECTION('',(-1.,0.,0.));
#14909=DIRECTION('',(0.,0.,-1.));
#14910=AXIS2_PLACEMENT_3D('',#14907,#14908,#14909);
#14911=PLANE('',#14910);
#14912=ADVANCED_FACE('',(#14906),#14911,.T.);
#14913=CARTESIAN_POINT('',(0.5,-95.,560.17857));
#14914=VERTEX_POINT('',#14913);
#14915=DIRECTION('',(0.,0.,-1.));
#14916=VECTOR('',#14915,27.09976);
#14917=LINE('',#14885,#14916);
#14918=EDGE_CURVE('',#14886,#14914,#14917,.T.);
#14919=ORIENTED_EDGE('',*,*,#14918,.T.);
#14920=CARTESIAN_POINT('',(0.5,-100.,560.17857));
#14921=VERTEX_POINT('',#14920);
#14922=DIRECTION('',(0.,1.,0.));
#14923=VECTOR('',#14922,5.);
#14924=LINE('',#14920,#14923);
#14925=EDGE_CURVE('',#14921,#14914,#14924,.T.);
#14926=ORIENTED_EDGE('',*,*,#14925,.F.);
#14927=DIRECTION('',(0.,0.,-1.));
#14928=VECTOR('',#14927,27.09976);
#14929=LINE('',#14892,#14928);
#14930=EDGE_CURVE('',#14893,#14921,#14929,.T.);
#14931=ORIENTED_EDGE('',*,*,#14930,.F.);
#14932=ORIENTED_EDGE('',*,*,#14897,.T.);
#14933=EDGE_LOOP('',(#14919,#14926,#14931,#14932));
#14934=FACE_OUTER_BOUND('',#14933,.T.);
#14935=CARTESIAN_POINT('',(0.5,-95.,587.27833));
#14936=DIRECTION('',(-1.,0.,0.));
#14937=DIRECTION('',(0.,0.,-1.));
#14938=AXIS2_PLACEMENT_3D('',#14935,#14936,#14937);
#14939=PLANE('',#14938);
#14940=ADVANCED_FACE('',(#14934),#14939,.T.);
#14941=CARTESIAN_POINT('',(0.5,-95.,537.27241));
#14942=VERTEX_POINT('',#14941);
#14943=DIRECTION('',(0.,0.,-1.));
#14944=VECTOR('',#14943,22.90616);
#14945=LINE('',#14913,#14944);
#14946=EDGE_CURVE('',#14914,#14942,#14945,.T.);
#14947=ORIENTED_EDGE('',*,*,#14946,.T.);
#14948=CARTESIAN_POINT('',(0.5,-100.,537.27241));
#14949=VERTEX_POINT('',#14948);
#14950=DIRECTION('',(0.,1.,0.));
#14951=VECTOR('',#14950,5.);
#14952=LINE('',#14948,#14951);
#14953=EDGE_CURVE('',#14949,#14942,#14952,.T.);
#14954=ORIENTED_EDGE('',*,*,#14953,.F.);
#14955=DIRECTION('',(0.,0.,-1.));
#14956=VECTOR('',#14955,22.90616);
#14957=LINE('',#14920,#14956);
#14958=EDGE_CURVE('',#14921,#14949,#14957,.T.);
#14959=ORIENTED_EDGE('',*,*,#14958,.F.);
#14960=ORIENTED_EDGE('',*,*,#14925,.T.);
#14961=EDGE_LOOP('',(#14947,#14954,#14959,#14960));
#14962=FACE_OUTER_BOUND('',#14961,.T.);
#14963=CARTESIAN_POINT('',(0.5,-95.,560.17857));
#14964=DIRECTION('',(-1.,0.,0.));
#14965=DIRECTION('',(0.,0.,-1.));
#14966=AXIS2_PLACEMENT_3D('',#14963,#14964,#14965);
#14967=PLANE('',#14966);
#14968=ADVANCED_FACE('',(#14962),#14967,.T.);
#14969=CARTESIAN_POINT('',(0.5,-95.,474.67514));
#14970=VERTEX_POINT('',#14969);
#14971=DIRECTION('',(0.,0.,-1.));
#14972=VECTOR('',#14971,62.59727);
#14973=LINE('',#14941,#14972);
#14974=EDGE_CURVE('',#14942,#14970,#14973,.T.);
#14975=ORIENTED_EDGE('',*,*,#14974,.T.);
#14976=CARTESIAN_POINT('',(0.5,-100.,474.67514));
#14977=VERTEX_POINT('',#14976);
#14978=DIRECTION('',(0.,1.,0.));
#14979=VECTOR('',#14978,5.);
#14980=LINE('',#14976,#14979);
#14981=EDGE_CURVE('',#14977,#14970,#14980,.T.);
#14982=ORIENTED_EDGE('',*,*,#14981,.F.);
#14983=DIRECTION('',(0.,0.,-1.));
#14984=VECTOR('',#14983,62.59727);
#14985=LINE('',#14948,#14984);
#14986=EDGE_CURVE('',#14949,#14977,#14985,.T.);
#14987=ORIENTED_EDGE('',*,*,#14986,.F.);
#14988=ORIENTED_EDGE('',*,*,#14953,.T.);
#14989=EDGE_LOOP('',(#14975,#14982,#14987,#14988));
#14990=FACE_OUTER_BOUND('',#14989,.T.);
#14991=CARTESIAN_POINT('',(0.5,-95.,537.27241));
#14992=DIRECTION('',(-1.,0.,0.));
#14993=DIRECTION('',(0.,0.,-1.));
#14994=AXIS2_PLACEMENT_3D('',#14991,#14992,#14993);
#14995=PLANE('',#14994);
#14996=ADVANCED_FACE('',(#14990),#14995,.T.);
#14997=CARTESIAN_POINT('',(0.5,-95.,442.27241));
#14998=VERTEX_POINT('',#14997);
#14999=DIRECTION('',(0.,0.,-1.));
#15000=VECTOR('',#14999,32.40273);
#15001=LINE('',#14969,#15000);
#15002=EDGE_CURVE('',#14970,#14998,#15001,.T.);
#15003=ORIENTED_EDGE('',*,*,#15002,.T.);
#15004=CARTESIAN_POINT('',(0.5,-100.,442.27241));
#15005=VERTEX_POINT('',#15004);
#15006=DIRECTION('',(0.,1.,0.));
#15007=VECTOR('',#15006,5.);
#15008=LINE('',#15004,#15007);
#15009=EDGE_CURVE('',#15005,#14998,#15008,.T.);
#15010=ORIENTED_EDGE('',*,*,#15009,.F.);
#15011=DIRECTION('',(0.,0.,-1.));
#15012=VECTOR('',#15011,32.40273);
#15013=LINE('',#14976,#15012);
#15014=EDGE_CURVE('',#14977,#15005,#15013,.T.);
#15015=ORIENTED_EDGE('',*,*,#15014,.F.);
#15016=ORIENTED_EDGE('',*,*,#14981,.T.);
#15017=EDGE_LOOP('',(#15003,#15010,#15015,#15016));
#15018=FACE_OUTER_BOUND('',#15017,.T.);
#15019=CARTESIAN_POINT('',(0.5,-95.,474.67514));
#15020=DIRECTION('',(-1.,0.,0.));
#15021=DIRECTION('',(0.,0.,-1.));
#15022=AXIS2_PLACEMENT_3D('',#15019,#15020,#15021);
#15023=PLANE('',#15022);
#15024=ADVANCED_FACE('',(#15018),#15023,.T.);
#15025=CARTESIAN_POINT('',(0.5,-95.,421.90321));
#15026=VERTEX_POINT('',#15025);
#15027=DIRECTION('',(0.,0.,-1.));
#15028=VECTOR('',#15027,20.36921);
#15029=LINE('',#14997,#15028);
#15030=EDGE_CURVE('',#14998,#15026,#15029,.T.);
#15031=ORIENTED_EDGE('',*,*,#15030,.T.);
#15032=CARTESIAN_POINT('',(0.5,-100.,421.90321));
#15033=VERTEX_POINT('',#15032);
#15034=DIRECTION('',(0.,1.,0.));
#15035=VECTOR('',#15034,5.);
#15036=LINE('',#15032,#15035);
#15037=EDGE_CURVE('',#15033,#15026,#15036,.T.);
#15038=ORIENTED_EDGE('',*,*,#15037,.F.);
#15039=DIRECTION('',(0.,0.,-1.));
#15040=VECTOR('',#15039,20.36921);
#15041=LINE('',#15004,#15040);
#15042=EDGE_CURVE('',#15005,#15033,#15041,.T.);
#15043=ORIENTED_EDGE('',*,*,#15042,.F.);
#15044=ORIENTED_EDGE('',*,*,#15009,.T.);
#15045=EDGE_LOOP('',(#15031,#15038,#15043,#15044));
#15046=FACE_OUTER_BOUND('',#15045,.T.);
#15047=CARTESIAN_POINT('',(0.5,-95.,442.27241));
#15048=DIRECTION('',(-1.,0.,0.));
#15049=DIRECTION('',(0.,0.,-1.));
#15050=AXIS2_PLACEMENT_3D('',#15047,#15048,#15049);
#15051=PLANE('',#15050);
#15052=ADVANCED_FACE('',(#15046),#15051,.T.);
#15053=CARTESIAN_POINT('',(0.5,-95.,407.5));
#15054=VERTEX_POINT('',#15053);
#15055=DIRECTION('',(0.,0.,-1.));
#15056=VECTOR('',#15055,14.40321);
#15057=LINE('',#15025,#15056);
#15058=EDGE_CURVE('',#15026,#15054,#15057,.T.);
#15059=ORIENTED_EDGE('',*,*,#15058,.T.);
#15060=CARTESIAN_POINT('',(0.5,-100.,407.5));
#15061=VERTEX_POINT('',#15060);
#15062=DIRECTION('',(0.,1.,0.));
#15063=VECTOR('',#15062,5.);
#15064=LINE('',#15060,#15063);
#15065=EDGE_CURVE('',#15061,#15054,#15064,.T.);
#15066=ORIENTED_EDGE('',*,*,#15065,.F.);
#15067=DIRECTION('',(0.,0.,-1.));
#15068=VECTOR('',#15067,14.40321);
#15069=LINE('',#15032,#15068);
#15070=EDGE_CURVE('',#15033,#15061,#15069,.T.);
#15071=ORIENTED_EDGE('',*,*,#15070,.F.);
#15072=ORIENTED_EDGE('',*,*,#15037,.T.);
#15073=EDGE_LOOP('',(#15059,#15066,#15071,#15072));
#15074=FACE_OUTER_BOUND('',#15073,.T.);
#15075=CARTESIAN_POINT('',(0.5,-95.,421.90321));
#15076=DIRECTION('',(-1.,0.,0.));
#15077=DIRECTION('',(0.,0.,-1.));
#15078=AXIS2_PLACEMENT_3D('',#15075,#15076,#15077);
#15079=PLANE('',#15078);
#15080=ADVANCED_FACE('',(#15074),#15079,.T.);
#15081=CARTESIAN_POINT('',(0.5,-95.,396.44803));
#15082=VERTEX_POINT('',#15081);
#15083=DIRECTION('',(0.,0.,-1.));
#15084=VECTOR('',#15083,11.05197);
#15085=LINE('',#15053,#15084);
#15086=EDGE_CURVE('',#15054,#15082,#15085,.T.);
#15087=ORIENTED_EDGE('',*,*,#15086,.T.);
#15088=CARTESIAN_POINT('',(0.5,-100.,396.44803));
#15089=VERTEX_POINT('',#15088);
#15090=DIRECTION('',(0.,1.,0.));
#15091=VECTOR('',#15090,5.);
#15092=LINE('',#15088,#15091);
#15093=EDGE_CURVE('',#15089,#15082,#15092,.T.);
#15094=ORIENTED_EDGE('',*,*,#15093,.F.);
#15095=DIRECTION('',(0.,0.,-1.));
#15096=VECTOR('',#15095,11.05197);
#15097=LINE('',#15060,#15096);
#15098=EDGE_CURVE('',#15061,#15089,#15097,.T.);
#15099=ORIENTED_EDGE('',*,*,#15098,.F.);
#15100=ORIENTED_EDGE('',*,*,#15065,.T.);
#15101=EDGE_LOOP('',(#15087,#15094,#15099,#15100));
#15102=FACE_OUTER_BOUND('',#15101,.T.);
#15103=CARTESIAN_POINT('',(0.5,-95.,407.5));
#15104=DIRECTION('',(-1.,0.,0.));
#15105=DIRECTION('',(0.,0.,-1.));
#15106=AXIS2_PLACEMENT_3D('',#15103,#15104,#15105);
#15107=PLANE('',#15106);
#15108=ADVANCED_FACE('',(#15102),#15107,.T.);
#15109=CARTESIAN_POINT('',(0.5,-95.,387.42414));
#15110=VERTEX_POINT('',#15109);
#15111=DIRECTION('',(0.,0.,-1.));
#15112=VECTOR('',#15111,9.02389);
#15113=LINE('',#15081,#15112);
#15114=EDGE_CURVE('',#15082,#15110,#15113,.T.);
#15115=ORIENTED_EDGE('',*,*,#15114,.T.);
#15116=CARTESIAN_POINT('',(0.5,-100.,387.42414));
#15117=VERTEX_POINT('',#15116);
#15118=DIRECTION('',(0.,1.,0.));
#15119=VECTOR('',#15118,5.);
#15120=LINE('',#15116,#15119);
#15121=EDGE_CURVE('',#15117,#15110,#15120,.T.);
#15122=ORIENTED_EDGE('',*,*,#15121,.F.);
#15123=DIRECTION('',(0.,0.,-1.));
#15124=VECTOR('',#15123,9.02389);
#15125=LINE('',#15088,#15124);
#15126=EDGE_CURVE('',#15089,#15117,#15125,.T.);
#15127=ORIENTED_EDGE('',*,*,#15126,.F.);
#15128=ORIENTED_EDGE('',*,*,#15093,.T.);
#15129=EDGE_LOOP('',(#15115,#15122,#15127,#15128));
#15130=FACE_OUTER_BOUND('',#15129,.T.);
#15131=CARTESIAN_POINT('',(0.5,-95.,396.44803));
#15132=DIRECTION('',(-1.,0.,0.));
#15133=DIRECTION('',(0.,0.,-1.));
#15134=AXIS2_PLACEMENT_3D('',#15131,#15132,#15133);
#15135=PLANE('',#15134);
#15136=ADVANCED_FACE('',(#15130),#15135,.T.);
#15137=CARTESIAN_POINT('',(0.5,-95.,379.67514));
#15138=VERTEX_POINT('',#15137);
#15139=DIRECTION('',(0.,0.,-1.));
#15140=VECTOR('',#15139,7.74899);
#15141=LINE('',#15109,#15140);
#15142=EDGE_CURVE('',#15110,#15138,#15141,.T.);
#15143=ORIENTED_EDGE('',*,*,#15142,.T.);
#15144=CARTESIAN_POINT('',(0.5,-100.,379.67514));
#15145=VERTEX_POINT('',#15144);
#15146=DIRECTION('',(0.,1.,0.));
#15147=VECTOR('',#15146,5.);
#15148=LINE('',#15144,#15147);
#15149=EDGE_CURVE('',#15145,#15138,#15148,.T.);
#15150=ORIENTED_EDGE('',*,*,#15149,.F.);
#15151=DIRECTION('',(0.,0.,-1.));
#15152=VECTOR('',#15151,7.74899);
#15153=LINE('',#15116,#15152);
#15154=EDGE_CURVE('',#15117,#15145,#15153,.T.);
#15155=ORIENTED_EDGE('',*,*,#15154,.F.);
#15156=ORIENTED_EDGE('',*,*,#15121,.T.);
#15157=EDGE_LOOP('',(#15143,#15150,#15155,#15156));
#15158=FACE_OUTER_BOUND('',#15157,.T.);
#15159=CARTESIAN_POINT('',(0.5,-95.,387.42414));
#15160=DIRECTION('',(-1.,0.,0.));
#15161=DIRECTION('',(0.,0.,-1.));
#15162=AXIS2_PLACEMENT_3D('',#15159,#15160,#15161);
#15163=PLANE('',#15162);
#15164=ADVANCED_FACE('',(#15158),#15163,.T.);
#15165=CARTESIAN_POINT('',(0.5,-95.,372.72759));
#15166=VERTEX_POINT('',#15165);
#15167=DIRECTION('',(0.,0.,-1.));
#15168=VECTOR('',#15167,6.94756);
#15169=LINE('',#15137,#15168);
#15170=EDGE_CURVE('',#15138,#15166,#15169,.T.);
#15171=ORIENTED_EDGE('',*,*,#15170,.T.);
#15172=CARTESIAN_POINT('',(0.5,-100.,372.72759));
#15173=VERTEX_POINT('',#15172);
#15174=DIRECTION('',(0.,1.,0.));
#15175=VECTOR('',#15174,5.);
#15176=LINE('',#15172,#15175);
#15177=EDGE_CURVE('',#15173,#15166,#15176,.T.);
#15178=ORIENTED_EDGE('',*,*,#15177,.F.);
#15179=DIRECTION('',(0.,0.,-1.));
#15180=VECTOR('',#15179,6.94756);
#15181=LINE('',#15144,#15180);
#15182=EDGE_CURVE('',#15145,#15173,#15181,.T.);
#15183=ORIENTED_EDGE('',*,*,#15182,.F.);
#15184=ORIENTED_EDGE('',*,*,#15149,.T.);
#15185=EDGE_LOOP('',(#15171,#15178,#15183,#15184));
#15186=FACE_OUTER_BOUND('',#15185,.T.);
#15187=CARTESIAN_POINT('',(0.5,-95.,379.67514));
#15188=DIRECTION('',(-1.,0.,0.));
#15189=DIRECTION('',(0.,0.,-1.));
#15190=AXIS2_PLACEMENT_3D('',#15187,#15188,#15189);
#15191=PLANE('',#15190);
#15192=ADVANCED_FACE('',(#15186),#15191,.T.);
#15193=CARTESIAN_POINT('',(0.5,-95.,366.25349));
#15194=VERTEX_POINT('',#15193);
#15195=DIRECTION('',(0.,0.,-1.));
#15196=VECTOR('',#15195,6.47409);
#15197=LINE('',#15165,#15196);
#15198=EDGE_CURVE('',#15166,#15194,#15197,.T.);
#15199=ORIENTED_EDGE('',*,*,#15198,.T.);
#15200=CARTESIAN_POINT('',(0.5,-100.,366.25349));
#15201=VERTEX_POINT('',#15200);
#15202=DIRECTION('',(0.,1.,0.));
#15203=VECTOR('',#15202,5.);
#15204=LINE('',#15200,#15203);
#15205=EDGE_CURVE('',#15201,#15194,#15204,.T.);
#15206=ORIENTED_EDGE('',*,*,#15205,.F.);
#15207=DIRECTION('',(0.,0.,-1.));
#15208=VECTOR('',#15207,6.47409);
#15209=LINE('',#15172,#15208);
#15210=EDGE_CURVE('',#15173,#15201,#15209,.T.);
#15211=ORIENTED_EDGE('',*,*,#15210,.F.);
#15212=ORIENTED_EDGE('',*,*,#15177,.T.);
#15213=EDGE_LOOP('',(#15199,#15206,#15211,#15212));
#15214=FACE_OUTER_BOUND('',#15213,.T.);
#15215=CARTESIAN_POINT('',(0.5,-95.,372.72759));
#15216=DIRECTION('',(-1.,0.,0.));
#15217=DIRECTION('',(0.,0.,-1.));
#15218=AXIS2_PLACEMENT_3D('',#15215,#15216,#15217);
#15219=PLANE('',#15218);
#15220=ADVANCED_FACE('',(#15214),#15219,.T.);
#15221=CARTESIAN_POINT('',(0.5,-95.,360.));
#15222=VERTEX_POINT('',#15221);
#15223=DIRECTION('',(0.,0.,-1.));
#15224=VECTOR('',#15223,6.25349);
#15225=LINE('',#15193,#15224);
#15226=EDGE_CURVE('',#15194,#15222,#15225,.T.);
#15227=ORIENTED_EDGE('',*,*,#15226,.T.);
#15228=CARTESIAN_POINT('',(0.5,-100.,360.));
#15229=VERTEX_POINT('',#15228);
#15230=DIRECTION('',(0.,1.,0.));
#15231=VECTOR('',#15230,5.);
#15232=LINE('',#15228,#15231);
#15233=EDGE_CURVE('',#15229,#15222,#15232,.T.);
#15234=ORIENTED_EDGE('',*,*,#15233,.F.);
#15235=DIRECTION('',(0.,0.,-1.));
#15236=VECTOR('',#15235,6.25349);
#15237=LINE('',#15200,#15236);
#15238=EDGE_CURVE('',#15201,#15229,#15237,.T.);
#15239=ORIENTED_EDGE('',*,*,#15238,.F.);
#15240=ORIENTED_EDGE('',*,*,#15205,.T.);
#15241=EDGE_LOOP('',(#15227,#15234,#15239,#15240));
#15242=FACE_OUTER_BOUND('',#15241,.T.);
#15243=CARTESIAN_POINT('',(0.5,-95.,366.25349));
#15244=DIRECTION('',(-1.,0.,0.));
#15245=DIRECTION('',(0.,0.,-1.));
#15246=AXIS2_PLACEMENT_3D('',#15243,#15244,#15245);
#15247=PLANE('',#15246);
#15248=ADVANCED_FACE('',(#15242),#15247,.T.);
#15249=CARTESIAN_POINT('',(0.5,-95.,353.74651));
#15250=VERTEX_POINT('',#15249);
#15251=DIRECTION('',(0.,0.,-1.));
#15252=VECTOR('',#15251,6.25349);
#15253=LINE('',#15221,#15252);
#15254=EDGE_CURVE('',#15222,#15250,#15253,.T.);
#15255=ORIENTED_EDGE('',*,*,#15254,.T.);
#15256=CARTESIAN_POINT('',(0.5,-100.,353.74651));
#15257=VERTEX_POINT('',#15256);
#15258=DIRECTION('',(0.,1.,0.));
#15259=VECTOR('',#15258,5.);
#15260=LINE('',#15256,#15259);
#15261=EDGE_CURVE('',#15257,#15250,#15260,.T.);
#15262=ORIENTED_EDGE('',*,*,#15261,.F.);
#15263=DIRECTION('',(0.,0.,-1.));
#15264=VECTOR('',#15263,6.25349);
#15265=LINE('',#15228,#15264);
#15266=EDGE_CURVE('',#15229,#15257,#15265,.T.);
#15267=ORIENTED_EDGE('',*,*,#15266,.F.);
#15268=ORIENTED_EDGE('',*,*,#15233,.T.);
#15269=EDGE_LOOP('',(#15255,#15262,#15267,#15268));
#15270=FACE_OUTER_BOUND('',#15269,.T.);
#15271=CARTESIAN_POINT('',(0.5,-95.,360.));
#15272=DIRECTION('',(-1.,0.,0.));
#15273=DIRECTION('',(0.,0.,-1.));
#15274=AXIS2_PLACEMENT_3D('',#15271,#15272,#15273);
#15275=PLANE('',#15274);
#15276=ADVANCED_FACE('',(#15270),#15275,.T.);
#15277=CARTESIAN_POINT('',(0.5,-95.,347.27241));
#15278=VERTEX_POINT('',#15277);
#15279=DIRECTION('',(0.,0.,-1.));
#15280=VECTOR('',#15279,6.47409);
#15281=LINE('',#15249,#15280);
#15282=EDGE_CURVE('',#15250,#15278,#15281,.T.);
#15283=ORIENTED_EDGE('',*,*,#15282,.T.);
#15284=CARTESIAN_POINT('',(0.5,-100.,347.27241));
#15285=VERTEX_POINT('',#15284);
#15286=DIRECTION('',(0.,1.,0.));
#15287=VECTOR('',#15286,5.);
#15288=LINE('',#15284,#15287);
#15289=EDGE_CURVE('',#15285,#15278,#15288,.T.);
#15290=ORIENTED_EDGE('',*,*,#15289,.F.);
#15291=DIRECTION('',(0.,0.,-1.));
#15292=VECTOR('',#15291,6.47409);
#15293=LINE('',#15256,#15292);
#15294=EDGE_CURVE('',#15257,#15285,#15293,.T.);
#15295=ORIENTED_EDGE('',*,*,#15294,.F.);
#15296=ORIENTED_EDGE('',*,*,#15261,.T.);
#15297=EDGE_LOOP('',(#15283,#15290,#15295,#15296));
#15298=FACE_OUTER_BOUND('',#15297,.T.);
#15299=CARTESIAN_POINT('',(0.5,-95.,353.74651));
#15300=DIRECTION('',(-1.,0.,0.));
#15301=DIRECTION('',(0.,0.,-1.));
#15302=AXIS2_PLACEMENT_3D('',#15299,#15300,#15301);
#15303=PLANE('',#15302);
#15304=ADVANCED_FACE('',(#15298),#15303,.T.);
#15305=CARTESIAN_POINT('',(0.5,-95.,340.32486));
#15306=VERTEX_POINT('',#15305);
#15307=DIRECTION('',(0.,0.,-1.));
#15308=VECTOR('',#15307,6.94756);
#15309=LINE('',#15277,#15308);
#15310=EDGE_CURVE('',#15278,#15306,#15309,.T.);
#15311=ORIENTED_EDGE('',*,*,#15310,.T.);
#15312=CARTESIAN_POINT('',(0.5,-100.,340.32486));
#15313=VERTEX_POINT('',#15312);
#15314=DIRECTION('',(0.,1.,0.));
#15315=VECTOR('',#15314,5.);
#15316=LINE('',#15312,#15315);
#15317=EDGE_CURVE('',#15313,#15306,#15316,.T.);
#15318=ORIENTED_EDGE('',*,*,#15317,.F.);
#15319=DIRECTION('',(0.,0.,-1.));
#15320=VECTOR('',#15319,6.94756);
#15321=LINE('',#15284,#15320);
#15322=EDGE_CURVE('',#15285,#15313,#15321,.T.);
#15323=ORIENTED_EDGE('',*,*,#15322,.F.);
#15324=ORIENTED_EDGE('',*,*,#15289,.T.);
#15325=EDGE_LOOP('',(#15311,#15318,#15323,#15324));
#15326=FACE_OUTER_BOUND('',#15325,.T.);
#15327=CARTESIAN_POINT('',(0.5,-95.,347.27241));
#15328=DIRECTION('',(-1.,0.,0.));
#15329=DIRECTION('',(0.,0.,-1.));
#15330=AXIS2_PLACEMENT_3D('',#15327,#15328,#15329);
#15331=PLANE('',#15330);
#15332=ADVANCED_FACE('',(#15326),#15331,.T.);
#15333=CARTESIAN_POINT('',(0.5,-95.,332.57586));
#15334=VERTEX_POINT('',#15333);
#15335=DIRECTION('',(0.,0.,-1.));
#15336=VECTOR('',#15335,7.74899);
#15337=LINE('',#15305,#15336);
#15338=EDGE_CURVE('',#15306,#15334,#15337,.T.);
#15339=ORIENTED_EDGE('',*,*,#15338,.T.);
#15340=CARTESIAN_POINT('',(0.5,-100.,332.57586));
#15341=VERTEX_POINT('',#15340);
#15342=DIRECTION('',(0.,1.,0.));
#15343=VECTOR('',#15342,5.);
#15344=LINE('',#15340,#15343);
#15345=EDGE_CURVE('',#15341,#15334,#15344,.T.);
#15346=ORIENTED_EDGE('',*,*,#15345,.F.);
#15347=DIRECTION('',(0.,0.,-1.));
#15348=VECTOR('',#15347,7.74899);
#15349=LINE('',#15312,#15348);
#15350=EDGE_CURVE('',#15313,#15341,#15349,.T.);
#15351=ORIENTED_EDGE('',*,*,#15350,.F.);
#15352=ORIENTED_EDGE('',*,*,#15317,.T.);
#15353=EDGE_LOOP('',(#15339,#15346,#15351,#15352));
#15354=FACE_OUTER_BOUND('',#15353,.T.);
#15355=CARTESIAN_POINT('',(0.5,-95.,340.32486));
#15356=DIRECTION('',(-1.,0.,0.));
#15357=DIRECTION('',(0.,0.,-1.));
#15358=AXIS2_PLACEMENT_3D('',#15355,#15356,#15357);
#15359=PLANE('',#15358);
#15360=ADVANCED_FACE('',(#15354),#15359,.T.);
#15361=CARTESIAN_POINT('',(0.5,-95.,323.55197));
#15362=VERTEX_POINT('',#15361);
#15363=DIRECTION('',(0.,0.,-1.));
#15364=VECTOR('',#15363,9.02389);
#15365=LINE('',#15333,#15364);
#15366=EDGE_CURVE('',#15334,#15362,#15365,.T.);
#15367=ORIENTED_EDGE('',*,*,#15366,.T.);
#15368=CARTESIAN_POINT('',(0.5,-100.,323.55197));
#15369=VERTEX_POINT('',#15368);
#15370=DIRECTION('',(0.,1.,0.));
#15371=VECTOR('',#15370,5.);
#15372=LINE('',#15368,#15371);
#15373=EDGE_CURVE('',#15369,#15362,#15372,.T.);
#15374=ORIENTED_EDGE('',*,*,#15373,.F.);
#15375=DIRECTION('',(0.,0.,-1.));
#15376=VECTOR('',#15375,9.02389);
#15377=LINE('',#15340,#15376);
#15378=EDGE_CURVE('',#15341,#15369,#15377,.T.);
#15379=ORIENTED_EDGE('',*,*,#15378,.F.);
#15380=ORIENTED_EDGE('',*,*,#15345,.T.);
#15381=EDGE_LOOP('',(#15367,#15374,#15379,#15380));
#15382=FACE_OUTER_BOUND('',#15381,.T.);
#15383=CARTESIAN_POINT('',(0.5,-95.,332.57586));
#15384=DIRECTION('',(-1.,0.,0.));
#15385=DIRECTION('',(0.,0.,-1.));
#15386=AXIS2_PLACEMENT_3D('',#15383,#15384,#15385);
#15387=PLANE('',#15386);
#15388=ADVANCED_FACE('',(#15382),#15387,.T.);
#15389=CARTESIAN_POINT('',(0.5,-95.,312.5));
#15390=VERTEX_POINT('',#15389);
#15391=DIRECTION('',(0.,0.,-1.));
#15392=VECTOR('',#15391,11.05197);
#15393=LINE('',#15361,#15392);
#15394=EDGE_CURVE('',#15362,#15390,#15393,.T.);
#15395=ORIENTED_EDGE('',*,*,#15394,.T.);
#15396=CARTESIAN_POINT('',(0.5,-100.,312.5));
#15397=VERTEX_POINT('',#15396);
#15398=DIRECTION('',(0.,1.,0.));
#15399=VECTOR('',#15398,5.);
#15400=LINE('',#15396,#15399);
#15401=EDGE_CURVE('',#15397,#15390,#15400,.T.);
#15402=ORIENTED_EDGE('',*,*,#15401,.F.);
#15403=DIRECTION('',(0.,0.,-1.));
#15404=VECTOR('',#15403,11.05197);
#15405=LINE('',#15368,#15404);
#15406=EDGE_CURVE('',#15369,#15397,#15405,.T.);
#15407=ORIENTED_EDGE('',*,*,#15406,.F.);
#15408=ORIENTED_EDGE('',*,*,#15373,.T.);
#15409=EDGE_LOOP('',(#15395,#15402,#15407,#15408));
#15410=FACE_OUTER_BOUND('',#15409,.T.);
#15411=CARTESIAN_POINT('',(0.5,-95.,323.55197));
#15412=DIRECTION('',(-1.,0.,0.));
#15413=DIRECTION('',(0.,0.,-1.));
#15414=AXIS2_PLACEMENT_3D('',#15411,#15412,#15413);
#15415=PLANE('',#15414);
#15416=ADVANCED_FACE('',(#15410),#15415,.T.);
#15417=CARTESIAN_POINT('',(0.5,-95.,298.09679));
#15418=VERTEX_POINT('',#15417);
#15419=DIRECTION('',(0.,0.,-1.));
#15420=VECTOR('',#15419,14.40321);
#15421=LINE('',#15389,#15420);
#15422=EDGE_CURVE('',#15390,#15418,#15421,.T.);
#15423=ORIENTED_EDGE('',*,*,#15422,.T.);
#15424=CARTESIAN_POINT('',(0.5,-100.,298.09679));
#15425=VERTEX_POINT('',#15424);
#15426=DIRECTION('',(0.,1.,0.));
#15427=VECTOR('',#15426,5.);
#15428=LINE('',#15424,#15427);
#15429=EDGE_CURVE('',#15425,#15418,#15428,.T.);
#15430=ORIENTED_EDGE('',*,*,#15429,.F.);
#15431=DIRECTION('',(0.,0.,-1.));
#15432=VECTOR('',#15431,14.40321);
#15433=LINE('',#15396,#15432);
#15434=EDGE_CURVE('',#15397,#15425,#15433,.T.);
#15435=ORIENTED_EDGE('',*,*,#15434,.F.);
#15436=ORIENTED_EDGE('',*,*,#15401,.T.);
#15437=EDGE_LOOP('',(#15423,#15430,#15435,#15436));
#15438=FACE_OUTER_BOUND('',#15437,.T.);
#15439=CARTESIAN_POINT('',(0.5,-95.,312.5));
#15440=DIRECTION('',(-1.,0.,0.));
#15441=DIRECTION('',(0.,0.,-1.));
#15442=AXIS2_PLACEMENT_3D('',#15439,#15440,#15441);
#15443=PLANE('',#15442);
#15444=ADVANCED_FACE('',(#15438),#15443,.T.);
#15445=CARTESIAN_POINT('',(0.5,-95.,277.72759));
#15446=VERTEX_POINT('',#15445);
#15447=DIRECTION('',(0.,0.,-1.));
#15448=VECTOR('',#15447,20.36921);
#15449=LINE('',#15417,#15448);
#15450=EDGE_CURVE('',#15418,#15446,#15449,.T.);
#15451=ORIENTED_EDGE('',*,*,#15450,.T.);
#15452=CARTESIAN_POINT('',(0.5,-100.,277.72759));
#15453=VERTEX_POINT('',#15452);
#15454=DIRECTION('',(0.,1.,0.));
#15455=VECTOR('',#15454,5.);
#15456=LINE('',#15452,#15455);
#15457=EDGE_CURVE('',#15453,#15446,#15456,.T.);
#15458=ORIENTED_EDGE('',*,*,#15457,.F.);
#15459=DIRECTION('',(0.,0.,-1.));
#15460=VECTOR('',#15459,20.36921);
#15461=LINE('',#15424,#15460);
#15462=EDGE_CURVE('',#15425,#15453,#15461,.T.);
#15463=ORIENTED_EDGE('',*,*,#15462,.F.);
#15464=ORIENTED_EDGE('',*,*,#15429,.T.);
#15465=EDGE_LOOP('',(#15451,#15458,#15463,#15464));
#15466=FACE_OUTER_BOUND('',#15465,.T.);
#15467=CARTESIAN_POINT('',(0.5,-95.,298.09679));
#15468=DIRECTION('',(-1.,0.,0.));
#15469=DIRECTION('',(0.,0.,-1.));
#15470=AXIS2_PLACEMENT_3D('',#15467,#15468,#15469);
#15471=PLANE('',#15470);
#15472=ADVANCED_FACE('',(#15466),#15471,.T.);
#15473=CARTESIAN_POINT('',(0.5,-95.,245.32486));
#15474=VERTEX_POINT('',#15473);
#15475=DIRECTION('',(0.,0.,-1.));
#15476=VECTOR('',#15475,32.40273);
#15477=LINE('',#15445,#15476);
#15478=EDGE_CURVE('',#15446,#15474,#15477,.T.);
#15479=ORIENTED_EDGE('',*,*,#15478,.T.);
#15480=CARTESIAN_POINT('',(0.5,-100.,245.32486));
#15481=VERTEX_POINT('',#15480);
#15482=DIRECTION('',(0.,1.,0.));
#15483=VECTOR('',#15482,5.);
#15484=LINE('',#15480,#15483);
#15485=EDGE_CURVE('',#15481,#15474,#15484,.T.);
#15486=ORIENTED_EDGE('',*,*,#15485,.F.);
#15487=DIRECTION('',(0.,0.,-1.));
#15488=VECTOR('',#15487,32.40273);
#15489=LINE('',#15452,#15488);
#15490=EDGE_CURVE('',#15453,#15481,#15489,.T.);
#15491=ORIENTED_EDGE('',*,*,#15490,.F.);
#15492=ORIENTED_EDGE('',*,*,#15457,.T.);
#15493=EDGE_LOOP('',(#15479,#15486,#15491,#15492));
#15494=FACE_OUTER_BOUND('',#15493,.T.);
#15495=CARTESIAN_POINT('',(0.5,-95.,277.72759));
#15496=DIRECTION('',(-1.,0.,0.));
#15497=DIRECTION('',(0.,0.,-1.));
#15498=AXIS2_PLACEMENT_3D('',#15495,#15496,#15497);
#15499=PLANE('',#15498);
#15500=ADVANCED_FACE('',(#15494),#15499,.T.);
#15501=CARTESIAN_POINT('',(0.5,-95.,182.72759));
#15502=VERTEX_POINT('',#15501);
#15503=DIRECTION('',(0.,0.,-1.));
#15504=VECTOR('',#15503,62.59727);
#15505=LINE('',#15473,#15504);
#15506=EDGE_CURVE('',#15474,#15502,#15505,.T.);
#15507=ORIENTED_EDGE('',*,*,#15506,.T.);
#15508=CARTESIAN_POINT('',(0.5,-100.,182.72759));
#15509=VERTEX_POINT('',#15508);
#15510=DIRECTION('',(0.,1.,0.));
#15511=VECTOR('',#15510,5.);
#15512=LINE('',#15508,#15511);
#15513=EDGE_CURVE('',#15509,#15502,#15512,.T.);
#15514=ORIENTED_EDGE('',*,*,#15513,.F.);
#15515=DIRECTION('',(0.,0.,-1.));
#15516=VECTOR('',#15515,62.59727);
#15517=LINE('',#15480,#15516);
#15518=EDGE_CURVE('',#15481,#15509,#15517,.T.);
#15519=ORIENTED_EDGE('',*,*,#15518,.F.);
#15520=ORIENTED_EDGE('',*,*,#15485,.T.);
#15521=EDGE_LOOP('',(#15507,#15514,#15519,#15520));
#15522=FACE_OUTER_BOUND('',#15521,.T.);
#15523=CARTESIAN_POINT('',(0.5,-95.,245.32486));
#15524=DIRECTION('',(-1.,0.,0.));
#15525=DIRECTION('',(0.,0.,-1.));
#15526=AXIS2_PLACEMENT_3D('',#15523,#15524,#15525);
#15527=PLANE('',#15526);
#15528=ADVANCED_FACE('',(#15522),#15527,.T.);
#15529=CARTESIAN_POINT('',(0.5,-95.,180.));
#15530=VERTEX_POINT('',#15529);
#15531=DIRECTION('',(0.,0.,-1.));
#15532=VECTOR('',#15531,2.72759);
#15533=LINE('',#15501,#15532);
#15534=EDGE_CURVE('',#15502,#15530,#15533,.T.);
#15535=ORIENTED_EDGE('',*,*,#15534,.T.);
#15536=CARTESIAN_POINT('',(0.5,-100.,180.));
#15537=VERTEX_POINT('',#15536);
#15538=DIRECTION('',(0.,1.,0.));
#15539=VECTOR('',#15538,5.);
#15540=LINE('',#15536,#15539);
#15541=EDGE_CURVE('',#15537,#15530,#15540,.T.);
#15542=ORIENTED_EDGE('',*,*,#15541,.F.);
#15543=DIRECTION('',(0.,0.,-1.));
#15544=VECTOR('',#15543,2.72759);
#15545=LINE('',#15508,#15544);
#15546=EDGE_CURVE('',#15509,#15537,#15545,.T.);
#15547=ORIENTED_EDGE('',*,*,#15546,.F.);
#15548=ORIENTED_EDGE('',*,*,#15513,.T.);
#15549=EDGE_LOOP('',(#15535,#15542,#15547,#15548));
#15550=FACE_OUTER_BOUND('',#15549,.T.);
#15551=CARTESIAN_POINT('',(0.5,-95.,182.72759));
#15552=DIRECTION('',(-1.,0.,0.));
#15553=DIRECTION('',(0.,0.,-1.));
#15554=AXIS2_PLACEMENT_3D('',#15551,#15552,#15553);
#15555=PLANE('',#15554);
#15556=ADVANCED_FACE('',(#15550),#15555,.T.);
#15557=CARTESIAN_POINT('',(5.28814,-95.,180.));
#15558=VERTEX_POINT('',#15557);
#15559=DIRECTION('',(1.,0.,0.));
#15560=VECTOR('',#15559,4.78814);
#15561=LINE('',#15529,#15560);
#15562=EDGE_CURVE('',#15530,#15558,#15561,.T.);
#15563=ORIENTED_EDGE('',*,*,#15562,.T.);
#15564=CARTESIAN_POINT('',(5.28814,-100.,180.));
#15565=VERTEX_POINT('',#15564);
#15566=DIRECTION('',(0.,1.,0.));
#15567=VECTOR('',#15566,5.);
#15568=LINE('',#15564,#15567);
#15569=EDGE_CURVE('',#15565,#15558,#15568,.T.);
#15570=ORIENTED_EDGE('',*,*,#15569,.F.);
#15571=DIRECTION('',(1.,0.,0.));
#15572=VECTOR('',#15571,4.78814);
#15573=LINE('',#15536,#15572);
#15574=EDGE_CURVE('',#15537,#15565,#15573,.T.);
#15575=ORIENTED_EDGE('',*,*,#15574,.F.);
#15576=ORIENTED_EDGE('',*,*,#15541,.T.);
#15577=EDGE_LOOP('',(#15563,#15570,#15575,#15576));
#15578=FACE_OUTER_BOUND('',#15577,.T.);
#15579=CARTESIAN_POINT('',(0.5,-95.,180.));
#15580=DIRECTION('',(0.,0.,-1.));
#15581=DIRECTION('',(1.,0.,0.));
#15582=AXIS2_PLACEMENT_3D('',#15579,#15580,#15581);
#15583=PLANE('',#15582);
#15584=ADVANCED_FACE('',(#15578),#15583,.T.);
#15585=CARTESIAN_POINT('',(10.38093,-95.,180.));
#15586=VERTEX_POINT('',#15585);
#15587=DIRECTION('',(1.,0.,0.));
#15588=VECTOR('',#15587,5.09279);
#15589=LINE('',#15557,#15588);
#15590=EDGE_CURVE('',#15558,#15586,#15589,.T.);
#15591=ORIENTED_EDGE('',*,*,#15590,.T.);
#15592=CARTESIAN_POINT('',(10.38093,-100.,180.));
#15593=VERTEX_POINT('',#15592);
#15594=DIRECTION('',(0.,1.,0.));
#15595=VECTOR('',#15594,5.);
#15596=LINE('',#15592,#15595);
#15597=EDGE_CURVE('',#15593,#15586,#15596,.T.);
#15598=ORIENTED_EDGE('',*,*,#15597,.F.);
#15599=DIRECTION('',(1.,0.,0.));
#15600=VECTOR('',#15599,5.09279);
#15601=LINE('',#15564,#15600);
#15602=EDGE_CURVE('',#15565,#15593,#15601,.T.);
#15603=ORIENTED_EDGE('',*,*,#15602,.F.);
#15604=ORIENTED_EDGE('',*,*,#15569,.T.);
#15605=EDGE_LOOP('',(#15591,#15598,#15603,#15604));
#15606=FACE_OUTER_BOUND('',#15605,.T.);
#15607=CARTESIAN_POINT('',(5.28814,-95.,180.));
#15608=DIRECTION('',(0.,0.,-1.));
#15609=DIRECTION('',(1.,0.,0.));
#15610=AXIS2_PLACEMENT_3D('',#15607,#15608,#15609);
#15611=PLANE('',#15610);
#15612=ADVANCED_FACE('',(#15606),#15611,.T.);
#15613=CARTESIAN_POINT('',(18.95086,-95.,180.));
#15614=VERTEX_POINT('',#15613);
#15615=DIRECTION('',(1.,0.,0.));
#15616=VECTOR('',#15615,8.56994);
#15617=LINE('',#15585,#15616);
#15618=EDGE_CURVE('',#15586,#15614,#15617,.T.);
#15619=ORIENTED_EDGE('',*,*,#15618,.T.);
#15620=CARTESIAN_POINT('',(18.95086,-100.,180.));
#15621=VERTEX_POINT('',#15620);
#15622=DIRECTION('',(0.,1.,0.));
#15623=VECTOR('',#15622,5.);
#15624=LINE('',#15620,#15623);
#15625=EDGE_CURVE('',#15621,#15614,#15624,.T.);
#15626=ORIENTED_EDGE('',*,*,#15625,.F.);
#15627=DIRECTION('',(1.,0.,0.));
#15628=VECTOR('',#15627,8.56994);
#15629=LINE('',#15592,#15628);
#15630=EDGE_CURVE('',#15593,#15621,#15629,.T.);
#15631=ORIENTED_EDGE('',*,*,#15630,.F.);
#15632=ORIENTED_EDGE('',*,*,#15597,.T.);
#15633=EDGE_LOOP('',(#15619,#15626,#15631,#15632));
#15634=FACE_OUTER_BOUND('',#15633,.T.);
#15635=CARTESIAN_POINT('',(10.38093,-95.,180.));
#15636=DIRECTION('',(0.,0.,-1.));
#15637=DIRECTION('',(1.,0.,0.));
#15638=AXIS2_PLACEMENT_3D('',#15635,#15636,#15637);
#15639=PLANE('',#15638);
#15640=ADVANCED_FACE('',(#15634),#15639,.T.);
#15641=CARTESIAN_POINT('',(24.30255,-95.,180.));
#15642=VERTEX_POINT('',#15641);
#15643=DIRECTION('',(1.,0.,0.));
#15644=VECTOR('',#15643,5.35169);
#15645=LINE('',#15613,#15644);
#15646=EDGE_CURVE('',#15614,#15642,#15645,.T.);
#15647=ORIENTED_EDGE('',*,*,#15646,.T.);
#15648=CARTESIAN_POINT('',(24.30255,-100.,180.));
#15649=VERTEX_POINT('',#15648);
#15650=DIRECTION('',(0.,1.,0.));
#15651=VECTOR('',#15650,5.);
#15652=LINE('',#15648,#15651);
#15653=EDGE_CURVE('',#15649,#15642,#15652,.T.);
#15654=ORIENTED_EDGE('',*,*,#15653,.F.);
#15655=DIRECTION('',(1.,0.,0.));
#15656=VECTOR('',#15655,5.35169);
#15657=LINE('',#15620,#15656);
#15658=EDGE_CURVE('',#15621,#15649,#15657,.T.);
#15659=ORIENTED_EDGE('',*,*,#15658,.F.);
#15660=ORIENTED_EDGE('',*,*,#15625,.T.);
#15661=EDGE_LOOP('',(#15647,#15654,#15659,#15660));
#15662=FACE_OUTER_BOUND('',#15661,.T.);
#15663=CARTESIAN_POINT('',(18.95086,-95.,180.));
#15664=DIRECTION('',(0.,0.,-1.));
#15665=DIRECTION('',(1.,0.,0.));
#15666=AXIS2_PLACEMENT_3D('',#15663,#15664,#15665);
#15667=PLANE('',#15666);
#15668=ADVANCED_FACE('',(#15662),#15667,.T.);
#15669=CARTESIAN_POINT('',(28.90909,-95.,180.));
#15670=VERTEX_POINT('',#15669);
#15671=DIRECTION('',(1.,0.,0.));
#15672=VECTOR('',#15671,4.60654);
#15673=LINE('',#15641,#15672);
#15674=EDGE_CURVE('',#15642,#15670,#15673,.T.);
#15675=ORIENTED_EDGE('',*,*,#15674,.T.);
#15676=CARTESIAN_POINT('',(28.90909,-100.,180.));
#15677=VERTEX_POINT('',#15676);
#15678=DIRECTION('',(0.,1.,0.));
#15679=VECTOR('',#15678,5.);
#15680=LINE('',#15676,#15679);
#15681=EDGE_CURVE('',#15677,#15670,#15680,.T.);
#15682=ORIENTED_EDGE('',*,*,#15681,.F.);
#15683=DIRECTION('',(1.,0.,0.));
#15684=VECTOR('',#15683,4.60654);
#15685=LINE('',#15648,#15684);
#15686=EDGE_CURVE('',#15649,#15677,#15685,.T.);
#15687=ORIENTED_EDGE('',*,*,#15686,.F.);
#15688=ORIENTED_EDGE('',*,*,#15653,.T.);
#15689=EDGE_LOOP('',(#15675,#15682,#15687,#15688));
#15690=FACE_OUTER_BOUND('',#15689,.T.);
#15691=CARTESIAN_POINT('',(24.30255,-95.,180.));
#15692=DIRECTION('',(0.,0.,-1.));
#15693=DIRECTION('',(1.,0.,0.));
#15694=AXIS2_PLACEMENT_3D('',#15691,#15692,#15693);
#15695=PLANE('',#15694);
#15696=ADVANCED_FACE('',(#15690),#15695,.T.);
#15697=CARTESIAN_POINT('',(48.,-95.,180.));
#15698=VERTEX_POINT('',#15697);
#15699=DIRECTION('',(1.,0.,0.));
#15700=VECTOR('',#15699,19.09091);
#15701=LINE('',#15669,#15700);
#15702=EDGE_CURVE('',#15670,#15698,#15701,.T.);
#15703=ORIENTED_EDGE('',*,*,#15702,.T.);
#15704=CARTESIAN_POINT('',(48.,-100.,180.));
#15705=VERTEX_POINT('',#15704);
#15706=DIRECTION('',(0.,1.,0.));
#15707=VECTOR('',#15706,5.);
#15708=LINE('',#15704,#15707);
#15709=EDGE_CURVE('',#15705,#15698,#15708,.T.);
#15710=ORIENTED_EDGE('',*,*,#15709,.F.);
#15711=DIRECTION('',(1.,0.,0.));
#15712=VECTOR('',#15711,19.09091);
#15713=LINE('',#15676,#15712);
#15714=EDGE_CURVE('',#15677,#15705,#15713,.T.);
#15715=ORIENTED_EDGE('',*,*,#15714,.F.);
#15716=ORIENTED_EDGE('',*,*,#15681,.T.);
#15717=EDGE_LOOP('',(#15703,#15710,#15715,#15716));
#15718=FACE_OUTER_BOUND('',#15717,.T.);
#15719=CARTESIAN_POINT('',(28.90909,-95.,180.));
#15720=DIRECTION('',(0.,0.,-1.));
#15721=DIRECTION('',(1.,0.,0.));
#15722=AXIS2_PLACEMENT_3D('',#15719,#15720,#15721);
#15723=PLANE('',#15722);
#15724=ADVANCED_FACE('',(#15718),#15723,.T.);
#15725=CARTESIAN_POINT('',(67.09091,-95.,180.));
#15726=VERTEX_POINT('',#15725);
#15727=DIRECTION('',(1.,0.,0.));
#15728=VECTOR('',#15727,19.09091);
#15729=LINE('',#15697,#15728);
#15730=EDGE_CURVE('',#15698,#15726,#15729,.T.);
#15731=ORIENTED_EDGE('',*,*,#15730,.T.);
#15732=CARTESIAN_POINT('',(67.09091,-100.,180.));
#15733=VERTEX_POINT('',#15732);
#15734=DIRECTION('',(0.,1.,0.));
#15735=VECTOR('',#15734,5.);
#15736=LINE('',#15732,#15735);
#15737=EDGE_CURVE('',#15733,#15726,#15736,.T.);
#15738=ORIENTED_EDGE('',*,*,#15737,.F.);
#15739=DIRECTION('',(1.,0.,0.));
#15740=VECTOR('',#15739,19.09091);
#15741=LINE('',#15704,#15740);
#15742=EDGE_CURVE('',#15705,#15733,#15741,.T.);
#15743=ORIENTED_EDGE('',*,*,#15742,.F.);
#15744=ORIENTED_EDGE('',*,*,#15709,.T.);
#15745=EDGE_LOOP('',(#15731,#15738,#15743,#15744));
#15746=FACE_OUTER_BOUND('',#15745,.T.);
#15747=CARTESIAN_POINT('',(48.,-95.,180.));
#15748=DIRECTION('',(0.,0.,-1.));
#15749=DIRECTION('',(1.,0.,0.));
#15750=AXIS2_PLACEMENT_3D('',#15747,#15748,#15749);
#15751=PLANE('',#15750);
#15752=ADVANCED_FACE('',(#15746),#15751,.T.);
#15753=CARTESIAN_POINT('',(71.69745,-95.,180.));
#15754=VERTEX_POINT('',#15753);
#15755=DIRECTION('',(1.,0.,0.));
#15756=VECTOR('',#15755,4.60654);
#15757=LINE('',#15725,#15756);
#15758=EDGE_CURVE('',#15726,#15754,#15757,.T.);
#15759=ORIENTED_EDGE('',*,*,#15758,.T.);
#15760=CARTESIAN_POINT('',(71.69745,-100.,180.));
#15761=VERTEX_POINT('',#15760);
#15762=DIRECTION('',(0.,1.,0.));
#15763=VECTOR('',#15762,5.);
#15764=LINE('',#15760,#15763);
#15765=EDGE_CURVE('',#15761,#15754,#15764,.T.);
#15766=ORIENTED_EDGE('',*,*,#15765,.F.);
#15767=DIRECTION('',(1.,0.,0.));
#15768=VECTOR('',#15767,4.60654);
#15769=LINE('',#15732,#15768);
#15770=EDGE_CURVE('',#15733,#15761,#15769,.T.);
#15771=ORIENTED_EDGE('',*,*,#15770,.F.);
#15772=ORIENTED_EDGE('',*,*,#15737,.T.);
#15773=EDGE_LOOP('',(#15759,#15766,#15771,#15772));
#15774=FACE_OUTER_BOUND('',#15773,.T.);
#15775=CARTESIAN_POINT('',(67.09091,-95.,180.));
#15776=DIRECTION('',(0.,0.,-1.));
#15777=DIRECTION('',(1.,0.,0.));
#15778=AXIS2_PLACEMENT_3D('',#15775,#15776,#15777);
#15779=PLANE('',#15778);
#15780=ADVANCED_FACE('',(#15774),#15779,.T.);
#15781=CARTESIAN_POINT('',(77.04914,-95.,180.));
#15782=VERTEX_POINT('',#15781);
#15783=DIRECTION('',(1.,0.,0.));
#15784=VECTOR('',#15783,5.35169);
#15785=LINE('',#15753,#15784);
#15786=EDGE_CURVE('',#15754,#15782,#15785,.T.);
#15787=ORIENTED_EDGE('',*,*,#15786,.T.);
#15788=CARTESIAN_POINT('',(77.04914,-100.,180.));
#15789=VERTEX_POINT('',#15788);
#15790=DIRECTION('',(0.,1.,0.));
#15791=VECTOR('',#15790,5.);
#15792=LINE('',#15788,#15791);
#15793=EDGE_CURVE('',#15789,#15782,#15792,.T.);
#15794=ORIENTED_EDGE('',*,*,#15793,.F.);
#15795=DIRECTION('',(1.,0.,0.));
#15796=VECTOR('',#15795,5.35169);
#15797=LINE('',#15760,#15796);
#15798=EDGE_CURVE('',#15761,#15789,#15797,.T.);
#15799=ORIENTED_EDGE('',*,*,#15798,.F.);
#15800=ORIENTED_EDGE('',*,*,#15765,.T.);
#15801=EDGE_LOOP('',(#15787,#15794,#15799,#15800));
#15802=FACE_OUTER_BOUND('',#15801,.T.);
#15803=CARTESIAN_POINT('',(71.69745,-95.,180.));
#15804=DIRECTION('',(0.,0.,-1.));
#15805=DIRECTION('',(1.,0.,0.));
#15806=AXIS2_PLACEMENT_3D('',#15803,#15804,#15805);
#15807=PLANE('',#15806);
#15808=ADVANCED_FACE('',(#15802),#15807,.T.);
#15809=CARTESIAN_POINT('',(85.61907,-95.,180.));
#15810=VERTEX_POINT('',#15809);
#15811=DIRECTION('',(1.,0.,0.));
#15812=VECTOR('',#15811,8.56994);
#15813=LINE('',#15781,#15812);
#15814=EDGE_CURVE('',#15782,#15810,#15813,.T.);
#15815=ORIENTED_EDGE('',*,*,#15814,.T.);
#15816=CARTESIAN_POINT('',(85.61907,-100.,180.));
#15817=VERTEX_POINT('',#15816);
#15818=DIRECTION('',(0.,1.,0.));
#15819=VECTOR('',#15818,5.);
#15820=LINE('',#15816,#15819);
#15821=EDGE_CURVE('',#15817,#15810,#15820,.T.);
#15822=ORIENTED_EDGE('',*,*,#15821,.F.);
#15823=DIRECTION('',(1.,0.,0.));
#15824=VECTOR('',#15823,8.56994);
#15825=LINE('',#15788,#15824);
#15826=EDGE_CURVE('',#15789,#15817,#15825,.T.);
#15827=ORIENTED_EDGE('',*,*,#15826,.F.);
#15828=ORIENTED_EDGE('',*,*,#15793,.T.);
#15829=EDGE_LOOP('',(#15815,#15822,#15827,#15828));
#15830=FACE_OUTER_BOUND('',#15829,.T.);
#15831=CARTESIAN_POINT('',(77.04914,-95.,180.));
#15832=DIRECTION('',(0.,0.,-1.));
#15833=DIRECTION('',(1.,0.,0.));
#15834=AXIS2_PLACEMENT_3D('',#15831,#15832,#15833);
#15835=PLANE('',#15834);
#15836=ADVANCED_FACE('',(#15830),#15835,.T.);
#15837=CARTESIAN_POINT('',(90.71186,-95.,180.));
#15838=VERTEX_POINT('',#15837);
#15839=DIRECTION('',(1.,0.,0.));
#15840=VECTOR('',#15839,5.09279);
#15841=LINE('',#15809,#15840);
#15842=EDGE_CURVE('',#15810,#15838,#15841,.T.);
#15843=ORIENTED_EDGE('',*,*,#15842,.T.);
#15844=CARTESIAN_POINT('',(90.71186,-100.,180.));
#15845=VERTEX_POINT('',#15844);
#15846=DIRECTION('',(0.,1.,0.));
#15847=VECTOR('',#15846,5.);
#15848=LINE('',#15844,#15847);
#15849=EDGE_CURVE('',#15845,#15838,#15848,.T.);
#15850=ORIENTED_EDGE('',*,*,#15849,.F.);
#15851=DIRECTION('',(1.,0.,0.));
#15852=VECTOR('',#15851,5.09279);
#15853=LINE('',#15816,#15852);
#15854=EDGE_CURVE('',#15817,#15845,#15853,.T.);
#15855=ORIENTED_EDGE('',*,*,#15854,.F.);
#15856=ORIENTED_EDGE('',*,*,#15821,.T.);
#15857=EDGE_LOOP('',(#15843,#15850,#15855,#15856));
#15858=FACE_OUTER_BOUND('',#15857,.T.);
#15859=CARTESIAN_POINT('',(85.61907,-95.,180.));
#15860=DIRECTION('',(0.,0.,-1.));
#15861=DIRECTION('',(1.,0.,0.));
#15862=AXIS2_PLACEMENT_3D('',#15859,#15860,#15861);
#15863=PLANE('',#15862);
#15864=ADVANCED_FACE('',(#15858),#15863,.T.);
#15865=CARTESIAN_POINT('',(95.,-95.,180.));
#15866=VERTEX_POINT('',#15865);
#15867=DIRECTION('',(1.,0.,0.));
#15868=VECTOR('',#15867,4.28814);
#15869=LINE('',#15837,#15868);
#15870=EDGE_CURVE('',#15838,#15866,#15869,.T.);
#15871=ORIENTED_EDGE('',*,*,#15870,.T.);
#15872=CARTESIAN_POINT('',(95.,-100.,180.));
#15873=VERTEX_POINT('',#15872);
#15874=DIRECTION('',(0.,1.,0.));
#15875=VECTOR('',#15874,5.);
#15876=LINE('',#15872,#15875);
#15877=EDGE_CURVE('',#15873,#15866,#15876,.T.);
#15878=ORIENTED_EDGE('',*,*,#15877,.F.);
#15879=DIRECTION('',(1.,0.,0.));
#15880=VECTOR('',#15879,4.28814);
#15881=LINE('',#15844,#15880);
#15882=EDGE_CURVE('',#15845,#15873,#15881,.T.);
#15883=ORIENTED_EDGE('',*,*,#15882,.F.);
#15884=ORIENTED_EDGE('',*,*,#15849,.T.);
#15885=EDGE_LOOP('',(#15871,#15878,#15883,#15884));
#15886=FACE_OUTER_BOUND('',#15885,.T.);
#15887=CARTESIAN_POINT('',(90.71186,-95.,180.));
#15888=DIRECTION('',(0.,0.,-1.));
#15889=DIRECTION('',(1.,0.,0.));
#15890=AXIS2_PLACEMENT_3D('',#15887,#15888,#15889);
#15891=PLANE('',#15890);
#15892=ADVANCED_FACE('',(#15886),#15891,.T.);
#15893=CARTESIAN_POINT('',(95.,-95.,184.59361));
#15894=VERTEX_POINT('',#15893);
#15895=DIRECTION('',(0.,0.,1.));
#15896=VECTOR('',#15895,4.59361);
#15897=LINE('',#15865,#15896);
#15898=EDGE_CURVE('',#15866,#15894,#15897,.T.);
#15899=ORIENTED_EDGE('',*,*,#15898,.T.);
#15900=CARTESIAN_POINT('',(95.,-100.,184.59361));
#15901=VERTEX_POINT('',#15900);
#15902=DIRECTION('',(0.,1.,0.));
#15903=VECTOR('',#15902,5.);
#15904=LINE('',#15900,#15903);
#15905=EDGE_CURVE('',#15901,#15894,#15904,.T.);
#15906=ORIENTED_EDGE('',*,*,#15905,.F.);
#15907=DIRECTION('',(0.,0.,1.));
#15908=VECTOR('',#15907,4.59361);
#15909=LINE('',#15872,#15908);
#15910=EDGE_CURVE('',#15873,#15901,#15909,.T.);
#15911=ORIENTED_EDGE('',*,*,#15910,.F.);
#15912=ORIENTED_EDGE('',*,*,#15877,.T.);
#15913=EDGE_LOOP('',(#15899,#15906,#15911,#15912));
#15914=FACE_OUTER_BOUND('',#15913,.T.);
#15915=CARTESIAN_POINT('',(95.,-95.,180.));
#15916=DIRECTION('',(1.,0.,0.));
#15917=DIRECTION('',(0.,0.,1.));
#15918=AXIS2_PLACEMENT_3D('',#15915,#15916,#15917);
#15919=PLANE('',#15918);
#15920=ADVANCED_FACE('',(#15914),#15919,.T.);
#15921=CARTESIAN_POINT('',(95.,-95.,246.53196));
#15922=VERTEX_POINT('',#15921);
#15923=DIRECTION('',(0.,0.,1.));
#15924=VECTOR('',#15923,61.93835);
#15925=LINE('',#15893,#15924);
#15926=EDGE_CURVE('',#15894,#15922,#15925,.T.);
#15927=ORIENTED_EDGE('',*,*,#15926,.T.);
#15928=CARTESIAN_POINT('',(95.,-100.,246.53196));
#15929=VERTEX_POINT('',#15928);
#15930=DIRECTION('',(0.,1.,0.));
#15931=VECTOR('',#15930,5.);
#15932=LINE('',#15928,#15931);
#15933=EDGE_CURVE('',#15929,#15922,#15932,.T.);
#15934=ORIENTED_EDGE('',*,*,#15933,.F.);
#15935=DIRECTION('',(0.,0.,1.));
#15936=VECTOR('',#15935,61.93835);
#15937=LINE('',#15900,#15936);
#15938=EDGE_CURVE('',#15901,#15929,#15937,.T.);
#15939=ORIENTED_EDGE('',*,*,#15938,.F.);
#15940=ORIENTED_EDGE('',*,*,#15905,.T.);
#15941=EDGE_LOOP('',(#15927,#15934,#15939,#15940));
#15942=FACE_OUTER_BOUND('',#15941,.T.);
#15943=CARTESIAN_POINT('',(95.,-95.,184.59361));
#15944=DIRECTION('',(1.,0.,0.));
#15945=DIRECTION('',(0.,0.,1.));
#15946=AXIS2_PLACEMENT_3D('',#15943,#15944,#15945);
#15947=PLANE('',#15946);
#15948=ADVANCED_FACE('',(#15942),#15947,.T.);
#15949=CARTESIAN_POINT('',(95.,-95.,278.59361));
#15950=VERTEX_POINT('',#15949);
#15951=DIRECTION('',(0.,0.,1.));
#15952=VECTOR('',#15951,32.06165);
#15953=LINE('',#15921,#15952);
#15954=EDGE_CURVE('',#15922,#15950,#15953,.T.);
#15955=ORIENTED_EDGE('',*,*,#15954,.T.);
#15956=CARTESIAN_POINT('',(95.,-100.,278.59361));
#15957=VERTEX_POINT('',#15956);
#15958=DIRECTION('',(0.,1.,0.));
#15959=VECTOR('',#15958,5.);
#15960=LINE('',#15956,#15959);
#15961=EDGE_CURVE('',#15957,#15950,#15960,.T.);
#15962=ORIENTED_EDGE('',*,*,#15961,.F.);
#15963=DIRECTION('',(0.,0.,1.));
#15964=VECTOR('',#15963,32.06165);
#15965=LINE('',#15928,#15964);
#15966=EDGE_CURVE('',#15929,#15957,#15965,.T.);
#15967=ORIENTED_EDGE('',*,*,#15966,.F.);
#15968=ORIENTED_EDGE('',*,*,#15933,.T.);
#15969=EDGE_LOOP('',(#15955,#15962,#15967,#15968));
#15970=FACE_OUTER_BOUND('',#15969,.T.);
#15971=CARTESIAN_POINT('',(95.,-95.,246.53196));
#15972=DIRECTION('',(1.,0.,0.));
#15973=DIRECTION('',(0.,0.,1.));
#15974=AXIS2_PLACEMENT_3D('',#15971,#15972,#15973);
#15975=PLANE('',#15974);
#15976=ADVANCED_FACE('',(#15970),#15975,.T.);
#15977=CARTESIAN_POINT('',(95.,-95.,298.74841));
#15978=VERTEX_POINT('',#15977);
#15979=DIRECTION('',(0.,0.,1.));
#15980=VECTOR('',#15979,20.1548);
#15981=LINE('',#15949,#15980);
#15982=EDGE_CURVE('',#15950,#15978,#15981,.T.);
#15983=ORIENTED_EDGE('',*,*,#15982,.T.);
#15984=CARTESIAN_POINT('',(95.,-100.,298.74841));
#15985=VERTEX_POINT('',#15984);
#15986=DIRECTION('',(0.,1.,0.));
#15987=VECTOR('',#15986,5.);
#15988=LINE('',#15984,#15987);
#15989=EDGE_CURVE('',#15985,#15978,#15988,.T.);
#15990=ORIENTED_EDGE('',*,*,#15989,.F.);
#15991=DIRECTION('',(0.,0.,1.));
#15992=VECTOR('',#15991,20.1548);
#15993=LINE('',#15956,#15992);
#15994=EDGE_CURVE('',#15957,#15985,#15993,.T.);
#15995=ORIENTED_EDGE('',*,*,#15994,.F.);
#15996=ORIENTED_EDGE('',*,*,#15961,.T.);
#15997=EDGE_LOOP('',(#15983,#15990,#15995,#15996));
#15998=FACE_OUTER_BOUND('',#15997,.T.);
#15999=CARTESIAN_POINT('',(95.,-95.,278.59361));
#16000=DIRECTION('',(1.,0.,0.));
#16001=DIRECTION('',(0.,0.,1.));
#16002=AXIS2_PLACEMENT_3D('',#15999,#16000,#16001);
#16003=PLANE('',#16002);
#16004=ADVANCED_FACE('',(#15998),#16003,.T.);
#16005=CARTESIAN_POINT('',(95.,-95.,313.));
#16006=VERTEX_POINT('',#16005);
#16007=DIRECTION('',(0.,0.,1.));
#16008=VECTOR('',#16007,14.25159);
#16009=LINE('',#15977,#16008);
#16010=EDGE_CURVE('',#15978,#16006,#16009,.T.);
#16011=ORIENTED_EDGE('',*,*,#16010,.T.);
#16012=CARTESIAN_POINT('',(95.,-100.,313.));
#16013=VERTEX_POINT('',#16012);
#16014=DIRECTION('',(0.,1.,0.));
#16015=VECTOR('',#16014,5.);
#16016=LINE('',#16012,#16015);
#16017=EDGE_CURVE('',#16013,#16006,#16016,.T.);
#16018=ORIENTED_EDGE('',*,*,#16017,.F.);
#16019=DIRECTION('',(0.,0.,1.));
#16020=VECTOR('',#16019,14.25159);
#16021=LINE('',#15984,#16020);
#16022=EDGE_CURVE('',#15985,#16013,#16021,.T.);
#16023=ORIENTED_EDGE('',*,*,#16022,.F.);
#16024=ORIENTED_EDGE('',*,*,#15989,.T.);
#16025=EDGE_LOOP('',(#16011,#16018,#16023,#16024));
#16026=FACE_OUTER_BOUND('',#16025,.T.);
#16027=CARTESIAN_POINT('',(95.,-95.,298.74841));
#16028=DIRECTION('',(1.,0.,0.));
#16029=DIRECTION('',(0.,0.,1.));
#16030=AXIS2_PLACEMENT_3D('',#16027,#16028,#16029);
#16031=PLANE('',#16030);
#16032=ADVANCED_FACE('',(#16026),#16031,.T.);
#16033=CARTESIAN_POINT('',(95.,-95.,323.93563));
#16034=VERTEX_POINT('',#16033);
#16035=DIRECTION('',(0.,0.,1.));
#16036=VECTOR('',#16035,10.93563);
#16037=LINE('',#16005,#16036);
#16038=EDGE_CURVE('',#16006,#16034,#16037,.T.);
#16039=ORIENTED_EDGE('',*,*,#16038,.T.);
#16040=CARTESIAN_POINT('',(95.,-100.,323.93563));
#16041=VERTEX_POINT('',#16040);
#16042=DIRECTION('',(0.,1.,0.));
#16043=VECTOR('',#16042,5.);
#16044=LINE('',#16040,#16043);
#16045=EDGE_CURVE('',#16041,#16034,#16044,.T.);
#16046=ORIENTED_EDGE('',*,*,#16045,.F.);
#16047=DIRECTION('',(0.,0.,1.));
#16048=VECTOR('',#16047,10.93563);
#16049=LINE('',#16012,#16048);
#16050=EDGE_CURVE('',#16013,#16041,#16049,.T.);
#16051=ORIENTED_EDGE('',*,*,#16050,.F.);
#16052=ORIENTED_EDGE('',*,*,#16017,.T.);
#16053=EDGE_LOOP('',(#16039,#16046,#16051,#16052));
#16054=FACE_OUTER_BOUND('',#16053,.T.);
#16055=CARTESIAN_POINT('',(95.,-95.,313.));
#16056=DIRECTION('',(1.,0.,0.));
#16057=DIRECTION('',(0.,0.,1.));
#16058=AXIS2_PLACEMENT_3D('',#16055,#16056,#16057);
#16059=PLANE('',#16058);
#16060=ADVANCED_FACE('',(#16054),#16059,.T.);
#16061=CARTESIAN_POINT('',(95.,-95.,332.86454));
#16062=VERTEX_POINT('',#16061);
#16063=DIRECTION('',(0.,0.,1.));
#16064=VECTOR('',#16063,8.92891);
#16065=LINE('',#16033,#16064);
#16066=EDGE_CURVE('',#16034,#16062,#16065,.T.);
#16067=ORIENTED_EDGE('',*,*,#16066,.T.);
#16068=CARTESIAN_POINT('',(95.,-100.,332.86454));
#16069=VERTEX_POINT('',#16068);
#16070=DIRECTION('',(0.,1.,0.));
#16071=VECTOR('',#16070,5.);
#16072=LINE('',#16068,#16071);
#16073=EDGE_CURVE('',#16069,#16062,#16072,.T.);
#16074=ORIENTED_EDGE('',*,*,#16073,.F.);
#16075=DIRECTION('',(0.,0.,1.));
#16076=VECTOR('',#16075,8.92891);
#16077=LINE('',#16040,#16076);
#16078=EDGE_CURVE('',#16041,#16069,#16077,.T.);
#16079=ORIENTED_EDGE('',*,*,#16078,.F.);
#16080=ORIENTED_EDGE('',*,*,#16045,.T.);
#16081=EDGE_LOOP('',(#16067,#16074,#16079,#16080));
#16082=FACE_OUTER_BOUND('',#16081,.T.);
#16083=CARTESIAN_POINT('',(95.,-95.,323.93563));
#16084=DIRECTION('',(1.,0.,0.));
#16085=DIRECTION('',(0.,0.,1.));
#16086=AXIS2_PLACEMENT_3D('',#16083,#16084,#16085);
#16087=PLANE('',#16086);
#16088=ADVANCED_FACE('',(#16082),#16087,.T.);
#16089=CARTESIAN_POINT('',(95.,-95.,340.53196));
#16090=VERTEX_POINT('',#16089);
#16091=DIRECTION('',(0.,0.,1.));
#16092=VECTOR('',#16091,7.66743);
#16093=LINE('',#16061,#16092);
#16094=EDGE_CURVE('',#16062,#16090,#16093,.T.);
#16095=ORIENTED_EDGE('',*,*,#16094,.T.);
#16096=CARTESIAN_POINT('',(95.,-100.,340.53196));
#16097=VERTEX_POINT('',#16096);
#16098=DIRECTION('',(0.,1.,0.));
#16099=VECTOR('',#16098,5.);
#16100=LINE('',#16096,#16099);
#16101=EDGE_CURVE('',#16097,#16090,#16100,.T.);
#16102=ORIENTED_EDGE('',*,*,#16101,.F.);
#16103=DIRECTION('',(0.,0.,1.));
#16104=VECTOR('',#16103,7.66743);
#16105=LINE('',#16068,#16104);
#16106=EDGE_CURVE('',#16069,#16097,#16105,.T.);
#16107=ORIENTED_EDGE('',*,*,#16106,.F.);
#16108=ORIENTED_EDGE('',*,*,#16073,.T.);
#16109=EDGE_LOOP('',(#16095,#16102,#16107,#16108));
#16110=FACE_OUTER_BOUND('',#16109,.T.);
#16111=CARTESIAN_POINT('',(95.,-95.,332.86454));
#16112=DIRECTION('',(1.,0.,0.));
#16113=DIRECTION('',(0.,0.,1.));
#16114=AXIS2_PLACEMENT_3D('',#16111,#16112,#16113);
#16115=PLANE('',#16114);
#16116=ADVANCED_FACE('',(#16110),#16115,.T.);
#16117=CARTESIAN_POINT('',(95.,-95.,347.40639));
#16118=VERTEX_POINT('',#16117);
#16119=DIRECTION('',(0.,0.,1.));
#16120=VECTOR('',#16119,6.87443);
#16121=LINE('',#16089,#16120);
#16122=EDGE_CURVE('',#16090,#16118,#16121,.T.);
#16123=ORIENTED_EDGE('',*,*,#16122,.T.);
#16124=CARTESIAN_POINT('',(95.,-100.,347.40639));
#16125=VERTEX_POINT('',#16124);
#16126=DIRECTION('',(0.,1.,0.));
#16127=VECTOR('',#16126,5.);
#16128=LINE('',#16124,#16127);
#16129=EDGE_CURVE('',#16125,#16118,#16128,.T.);
#16130=ORIENTED_EDGE('',*,*,#16129,.F.);
#16131=DIRECTION('',(0.,0.,1.));
#16132=VECTOR('',#16131,6.87443);
#16133=LINE('',#16096,#16132);
#16134=EDGE_CURVE('',#16097,#16125,#16133,.T.);
#16135=ORIENTED_EDGE('',*,*,#16134,.F.);
#16136=ORIENTED_EDGE('',*,*,#16101,.T.);
#16137=EDGE_LOOP('',(#16123,#16130,#16135,#16136));
#16138=FACE_OUTER_BOUND('',#16137,.T.);
#16139=CARTESIAN_POINT('',(95.,-95.,340.53196));
#16140=DIRECTION('',(1.,0.,0.));
#16141=DIRECTION('',(0.,0.,1.));
#16142=AXIS2_PLACEMENT_3D('',#16139,#16140,#16141);
#16143=PLANE('',#16142);
#16144=ADVANCED_FACE('',(#16138),#16143,.T.);
#16145=CARTESIAN_POINT('',(95.,-95.,353.81233));
#16146=VERTEX_POINT('',#16145);
#16147=DIRECTION('',(0.,0.,1.));
#16148=VECTOR('',#16147,6.40594);
#16149=LINE('',#16117,#16148);
#16150=EDGE_CURVE('',#16118,#16146,#16149,.T.);
#16151=ORIENTED_EDGE('',*,*,#16150,.T.);
#16152=CARTESIAN_POINT('',(95.,-100.,353.81233));
#16153=VERTEX_POINT('',#16152);
#16154=DIRECTION('',(0.,1.,0.));
#16155=VECTOR('',#16154,5.);
#16156=LINE('',#16152,#16155);
#16157=EDGE_CURVE('',#16153,#16146,#16156,.T.);
#16158=ORIENTED_EDGE('',*,*,#16157,.F.);
#16159=DIRECTION('',(0.,0.,1.));
#16160=VECTOR('',#16159,6.40594);
#16161=LINE('',#16124,#16160);
#16162=EDGE_CURVE('',#16125,#16153,#16161,.T.);
#16163=ORIENTED_EDGE('',*,*,#16162,.F.);
#16164=ORIENTED_EDGE('',*,*,#16129,.T.);
#16165=EDGE_LOOP('',(#16151,#16158,#16163,#16164));
#16166=FACE_OUTER_BOUND('',#16165,.T.);
#16167=CARTESIAN_POINT('',(95.,-95.,347.40639));
#16168=DIRECTION('',(1.,0.,0.));
#16169=DIRECTION('',(0.,0.,1.));
#16170=AXIS2_PLACEMENT_3D('',#16167,#16168,#16169);
#16171=PLANE('',#16170);
#16172=ADVANCED_FACE('',(#16166),#16171,.T.);
#16173=DIRECTION('',(0.,0.,-1.));
#16174=VECTOR('',#16173,6.18767);
#16175=LINE('',#14289,#16174);
#16176=EDGE_CURVE('',#14290,#16146,#16175,.T.);
#16177=ORIENTED_EDGE('',*,*,#16176,.F.);
#16178=ORIENTED_EDGE('',*,*,#14315,.F.);
#16179=DIRECTION('',(0.,0.,-1.));
#16180=VECTOR('',#16179,6.18767);
#16181=LINE('',#14305,#16180);
#16182=EDGE_CURVE('',#14306,#16153,#16181,.T.);
#16183=ORIENTED_EDGE('',*,*,#16182,.T.);
#16184=ORIENTED_EDGE('',*,*,#16157,.T.);
#16185=EDGE_LOOP('',(#16177,#16178,#16183,#16184));
#16186=FACE_OUTER_BOUND('',#16185,.T.);
#16187=CARTESIAN_POINT('',(95.,-95.,353.81233));
#16188=DIRECTION('',(1.,0.,0.));
#16189=DIRECTION('',(0.,0.,1.));
#16190=AXIS2_PLACEMENT_3D('',#16187,#16188,#16189);
#16191=PLANE('',#16190);
#16192=ADVANCED_FACE('',(#16186),#16191,.T.);
#16193=CARTESIAN_POINT('',(76.,-95.,360.));
#16194=VERTEX_POINT('',#16193);
#16195=CARTESIAN_POINT('',(76.,-95.,363.68627));
#16196=VERTEX_POINT('',#16195);
#16197=DIRECTION('',(0.,0.,1.));
#16198=VECTOR('',#16197,3.68627);
#16199=LINE('',#16193,#16198);
#16200=EDGE_CURVE('',#16194,#16196,#16199,.T.);
#16201=ORIENTED_EDGE('',*,*,#16200,.T.);
#16202=DIRECTION('',(-0.99144,0.,-0.13053));
#16203=VECTOR('',#16202,19.16395);
#16204=LINE('',#14291,#16203);
#16205=EDGE_CURVE('',#14292,#16196,#16204,.T.);
#16206=ORIENTED_EDGE('',*,*,#16205,.F.);
#16207=ORIENTED_EDGE('',*,*,#14296,.F.);
#16208=DIRECTION('',(-1.,0.,0.));
#16209=VECTOR('',#16208,19.);
#16210=LINE('',#14289,#16209);
#16211=EDGE_CURVE('',#14290,#16194,#16210,.T.);
#16212=ORIENTED_EDGE('',*,*,#16211,.T.);
#16213=EDGE_LOOP('',(#16201,#16206,#16207,#16212));
#16214=FACE_OUTER_BOUND('',#16213,.T.);
#16215=CARTESIAN_POINT('',(76.,-95.,360.));
#16216=DIRECTION('',(0.,1.,0.));
#16217=DIRECTION('',(0.,0.,1.));
#16218=AXIS2_PLACEMENT_3D('',#16215,#16216,#16217);
#16219=PLANE('',#16218);
#16220=ADVANCED_FACE('',(#16214),#16219,.T.);
#16221=CARTESIAN_POINT('',(76.,-95.,367.50258));
#16222=VERTEX_POINT('',#16221);
#16223=DIRECTION('',(0.,0.,1.));
#16224=VECTOR('',#16223,3.81631);
#16225=LINE('',#16195,#16224);
#16226=EDGE_CURVE('',#16196,#16222,#16225,.T.);
#16227=ORIENTED_EDGE('',*,*,#16226,.T.);
#16228=DIRECTION('',(-0.96593,0.,-0.25882));
#16229=VECTOR('',#16228,19.67025);
#16230=LINE('',#14325,#16229);
#16231=EDGE_CURVE('',#14326,#16222,#16230,.T.);
#16232=ORIENTED_EDGE('',*,*,#16231,.F.);
#16233=ORIENTED_EDGE('',*,*,#14330,.F.);
#16234=ORIENTED_EDGE('',*,*,#16205,.T.);
#16235=EDGE_LOOP('',(#16227,#16232,#16233,#16234));
#16236=FACE_OUTER_BOUND('',#16235,.T.);
#16237=CARTESIAN_POINT('',(76.,-95.,363.68627));
#16238=DIRECTION('',(0.,1.,0.));
#16239=DIRECTION('',(0.,0.,1.));
#16240=AXIS2_PLACEMENT_3D('',#16237,#16238,#16239);
#16241=PLANE('',#16240);
#16242=ADVANCED_FACE('',(#16236),#16241,.T.);
#16243=CARTESIAN_POINT('',(76.,-95.,371.59798));
#16244=VERTEX_POINT('',#16243);
#16245=DIRECTION('',(0.,0.,1.));
#16246=VECTOR('',#16245,4.0954);
#16247=LINE('',#16221,#16246);
#16248=EDGE_CURVE('',#16222,#16244,#16247,.T.);
#16249=ORIENTED_EDGE('',*,*,#16248,.T.);
#16250=DIRECTION('',(-0.92388,0.,-0.38268));
#16251=VECTOR('',#16250,20.56545);
#16252=LINE('',#14353,#16251);
#16253=EDGE_CURVE('',#14354,#16244,#16252,.T.);
#16254=ORIENTED_EDGE('',*,*,#16253,.F.);
#16255=ORIENTED_EDGE('',*,*,#14358,.F.);
#16256=ORIENTED_EDGE('',*,*,#16231,.T.);
#16257=EDGE_LOOP('',(#16249,#16254,#16255,#16256));
#16258=FACE_OUTER_BOUND('',#16257,.T.);
#16259=CARTESIAN_POINT('',(76.,-95.,367.50258));
#16260=DIRECTION('',(0.,1.,0.));
#16261=DIRECTION('',(0.,0.,1.));
#16262=AXIS2_PLACEMENT_3D('',#16259,#16260,#16261);
#16263=PLANE('',#16262);
#16264=ADVANCED_FACE('',(#16258),#16263,.T.);
#16265=CARTESIAN_POINT('',(76.,-95.,376.16581));
#16266=VERTEX_POINT('',#16265);
#16267=DIRECTION('',(0.,0.,1.));
#16268=VECTOR('',#16267,4.56783);
#16269=LINE('',#16243,#16268);
#16270=EDGE_CURVE('',#16244,#16266,#16269,.T.);
#16271=ORIENTED_EDGE('',*,*,#16270,.T.);
#16272=DIRECTION('',(-0.86603,0.,-0.5));
#16273=VECTOR('',#16272,21.93931);
#16274=LINE('',#14381,#16273);
#16275=EDGE_CURVE('',#14382,#16266,#16274,.T.);
#16276=ORIENTED_EDGE('',*,*,#16275,.F.);
#16277=ORIENTED_EDGE('',*,*,#14386,.F.);
#16278=ORIENTED_EDGE('',*,*,#16253,.T.);
#16279=EDGE_LOOP('',(#16271,#16276,#16277,#16278));
#16280=FACE_OUTER_BOUND('',#16279,.T.);
#16281=CARTESIAN_POINT('',(76.,-95.,371.59798));
#16282=DIRECTION('',(0.,1.,0.));
#16283=DIRECTION('',(0.,0.,1.));
#16284=AXIS2_PLACEMENT_3D('',#16281,#16282,#16283);
#16285=PLANE('',#16284);
#16286=ADVANCED_FACE('',(#16280),#16285,.T.);
#16287=CARTESIAN_POINT('',(76.,-95.,381.48516));
#16288=VERTEX_POINT('',#16287);
#16289=DIRECTION('',(0.,0.,1.));
#16290=VECTOR('',#16289,5.31935);
#16291=LINE('',#16265,#16290);
#16292=EDGE_CURVE('',#16266,#16288,#16291,.T.);
#16293=ORIENTED_EDGE('',*,*,#16292,.T.);
#16294=DIRECTION('',(-0.79335,0.,-0.60876));
#16295=VECTOR('',#16294,23.94898);
#16296=LINE('',#14409,#16295);
#16297=EDGE_CURVE('',#14410,#16288,#16296,.T.);
#16298=ORIENTED_EDGE('',*,*,#16297,.F.);
#16299=ORIENTED_EDGE('',*,*,#14414,.F.);
#16300=ORIENTED_EDGE('',*,*,#16275,.T.);
#16301=EDGE_LOOP('',(#16293,#16298,#16299,#16300));
#16302=FACE_OUTER_BOUND('',#16301,.T.);
#16303=CARTESIAN_POINT('',(76.,-95.,376.16581));
#16304=DIRECTION('',(0.,1.,0.));
#16305=DIRECTION('',(0.,0.,1.));
#16306=AXIS2_PLACEMENT_3D('',#16303,#16304,#16305);
#16307=PLANE('',#16306);
#16308=ADVANCED_FACE('',(#16302),#16307,.T.);
#16309=CARTESIAN_POINT('',(76.,-95.,388.));
#16310=VERTEX_POINT('',#16309);
#16311=DIRECTION('',(0.,0.,1.));
#16312=VECTOR('',#16311,6.51484);
#16313=LINE('',#16287,#16312);
#16314=EDGE_CURVE('',#16288,#16310,#16313,.T.);
#16315=ORIENTED_EDGE('',*,*,#16314,.T.);
#16316=DIRECTION('',(-0.70711,0.,-0.70711));
#16317=VECTOR('',#16316,26.87006);
#16318=LINE('',#14437,#16317);
#16319=EDGE_CURVE('',#14438,#16310,#16318,.T.);
#16320=ORIENTED_EDGE('',*,*,#16319,.F.);
#16321=ORIENTED_EDGE('',*,*,#14442,.F.);
#16322=ORIENTED_EDGE('',*,*,#16297,.T.);
#16323=EDGE_LOOP('',(#16315,#16320,#16321,#16322));
#16324=FACE_OUTER_BOUND('',#16323,.T.);
#16325=CARTESIAN_POINT('',(76.,-95.,381.48516));
#16326=DIRECTION('',(0.,1.,0.));
#16327=DIRECTION('',(0.,0.,1.));
#16328=AXIS2_PLACEMENT_3D('',#16325,#16326,#16327);
#16329=PLANE('',#16328);
#16330=ADVANCED_FACE('',(#16324),#16329,.T.);
#16331=CARTESIAN_POINT('',(76.,-95.,396.49031));
#16332=VERTEX_POINT('',#16331);
#16333=DIRECTION('',(0.,0.,1.));
#16334=VECTOR('',#16333,8.49031);
#16335=LINE('',#16309,#16334);
#16336=EDGE_CURVE('',#16310,#16332,#16335,.T.);
#16337=ORIENTED_EDGE('',*,*,#16336,.T.);
#16338=DIRECTION('',(-0.60876,0.,-0.79335));
#16339=VECTOR('',#16338,31.21091);
#16340=LINE('',#14465,#16339);
#16341=EDGE_CURVE('',#14466,#16332,#16340,.T.);
#16342=ORIENTED_EDGE('',*,*,#16341,.F.);
#16343=ORIENTED_EDGE('',*,*,#14470,.F.);
#16344=ORIENTED_EDGE('',*,*,#16319,.T.);
#16345=EDGE_LOOP('',(#16337,#16342,#16343,#16344));
#16346=FACE_OUTER_BOUND('',#16345,.T.);
#16347=CARTESIAN_POINT('',(76.,-95.,388.));
#16348=DIRECTION('',(0.,1.,0.));
#16349=DIRECTION('',(0.,0.,1.));
#16350=AXIS2_PLACEMENT_3D('',#16347,#16348,#16349);
#16351=PLANE('',#16350);
#16352=ADVANCED_FACE('',(#16346),#16351,.T.);
#16353=CARTESIAN_POINT('',(76.,-95.,408.49742));
#16354=VERTEX_POINT('',#16353);
#16355=DIRECTION('',(0.,0.,1.));
#16356=VECTOR('',#16355,12.00711);
#16357=LINE('',#16331,#16356);
#16358=EDGE_CURVE('',#16332,#16354,#16357,.T.);
#16359=ORIENTED_EDGE('',*,*,#16358,.T.);
#16360=DIRECTION('',(-0.5,0.,-0.86603));
#16361=VECTOR('',#16360,38.);
#16362=LINE('',#14493,#16361);
#16363=EDGE_CURVE('',#14494,#16354,#16362,.T.);
#16364=ORIENTED_EDGE('',*,*,#16363,.F.);
#16365=ORIENTED_EDGE('',*,*,#14498,.F.);
#16366=ORIENTED_EDGE('',*,*,#16341,.T.);
#16367=EDGE_LOOP('',(#16359,#16364,#16365,#16366));
#16368=FACE_OUTER_BOUND('',#16367,.T.);
#16369=CARTESIAN_POINT('',(76.,-95.,396.49031));
#16370=DIRECTION('',(0.,1.,0.));
#16371=DIRECTION('',(0.,0.,1.));
#16372=AXIS2_PLACEMENT_3D('',#16369,#16370,#16371);
#16373=PLANE('',#16372);
#16374=ADVANCED_FACE('',(#16368),#16373,.T.);
#16375=CARTESIAN_POINT('',(76.,-95.,427.59798));
#16376=VERTEX_POINT('',#16375);
#16377=DIRECTION('',(0.,0.,1.));
#16378=VECTOR('',#16377,19.10056);
#16379=LINE('',#16353,#16378);
#16380=EDGE_CURVE('',#16354,#16376,#16379,.T.);
#16381=ORIENTED_EDGE('',*,*,#16380,.T.);
#16382=DIRECTION('',(-0.38268,0.,-0.92388));
#16383=VECTOR('',#16382,49.64939);
#16384=LINE('',#14521,#16383);
#16385=EDGE_CURVE('',#14522,#16376,#16384,.T.);
#16386=ORIENTED_EDGE('',*,*,#16385,.F.);
#16387=ORIENTED_EDGE('',*,*,#14526,.F.);
#16388=ORIENTED_EDGE('',*,*,#16363,.T.);
#16389=EDGE_LOOP('',(#16381,#16386,#16387,#16388));
#16390=FACE_OUTER_BOUND('',#16389,.T.);
#16391=CARTESIAN_POINT('',(76.,-95.,408.49742));
#16392=DIRECTION('',(0.,1.,0.));
#16393=DIRECTION('',(0.,0.,1.));
#16394=AXIS2_PLACEMENT_3D('',#16391,#16392,#16393);
#16395=PLANE('',#16394);
#16396=ADVANCED_FACE('',(#16390),#16395,.T.);
#16397=CARTESIAN_POINT('',(76.,-95.,464.49742));
#16398=VERTEX_POINT('',#16397);
#16399=DIRECTION('',(0.,0.,1.));
#16400=VECTOR('',#16399,36.89944);
#16401=LINE('',#16375,#16400);
#16402=EDGE_CURVE('',#16376,#16398,#16401,.T.);
#16403=ORIENTED_EDGE('',*,*,#16402,.T.);
#16404=DIRECTION('',(-0.25882,0.,-0.96593));
#16405=VECTOR('',#16404,73.41036);
#16406=LINE('',#14549,#16405);
#16407=EDGE_CURVE('',#14550,#16398,#16406,.T.);
#16408=ORIENTED_EDGE('',*,*,#16407,.F.);
#16409=ORIENTED_EDGE('',*,*,#14554,.F.);
#16410=ORIENTED_EDGE('',*,*,#16385,.T.);
#16411=EDGE_LOOP('',(#16403,#16408,#16409,#16410));
#16412=FACE_OUTER_BOUND('',#16411,.T.);
#16413=CARTESIAN_POINT('',(76.,-95.,427.59798));
#16414=DIRECTION('',(0.,1.,0.));
#16415=DIRECTION('',(0.,0.,1.));
#16416=AXIS2_PLACEMENT_3D('',#16413,#16414,#16415);
#16417=PLANE('',#16416);
#16418=ADVANCED_FACE('',(#16412),#16417,.T.);
#16419=CARTESIAN_POINT('',(76.,-95.,478.));
#16420=VERTEX_POINT('',#16419);
#16421=DIRECTION('',(0.,0.,1.));
#16422=VECTOR('',#16421,13.50258);
#16423=LINE('',#16397,#16422);
#16424=EDGE_CURVE('',#16398,#16420,#16423,.T.);
#16425=ORIENTED_EDGE('',*,*,#16424,.T.);
#16426=DIRECTION('',(-0.23088,0.,-0.97298));
#16427=VECTOR('',#16426,82.2948);
#16428=LINE('',#14577,#16427);
#16429=EDGE_CURVE('',#14578,#16420,#16428,.T.);
#16430=ORIENTED_EDGE('',*,*,#16429,.F.);
#16431=ORIENTED_EDGE('',*,*,#14582,.F.);
#16432=ORIENTED_EDGE('',*,*,#16407,.T.);
#16433=EDGE_LOOP('',(#16425,#16430,#16431,#16432));
#16434=FACE_OUTER_BOUND('',#16433,.T.);
#16435=CARTESIAN_POINT('',(76.,-95.,464.49742));
#16436=DIRECTION('',(0.,1.,0.));
#16437=DIRECTION('',(0.,0.,1.));
#16438=AXIS2_PLACEMENT_3D('',#16435,#16436,#16437);
#16439=PLANE('',#16438);
#16440=ADVANCED_FACE('',(#16434),#16439,.T.);
#16441=CARTESIAN_POINT('',(74.12436,-95.,485.));
#16442=VERTEX_POINT('',#16441);
#16443=DIRECTION('',(-0.25882,0.,0.96593));
#16444=VECTOR('',#16443,7.24693);
#16445=LINE('',#16419,#16444);
#16446=EDGE_CURVE('',#16420,#16442,#16445,.T.);
#16447=ORIENTED_EDGE('',*,*,#16446,.T.);
#16448=DIRECTION('',(-0.20457,0.,-0.97885));
#16449=VECTOR('',#16448,102.04407);
#16450=LINE('',#14605,#16449);
#16451=EDGE_CURVE('',#14606,#16442,#16450,.T.);
#16452=ORIENTED_EDGE('',*,*,#16451,.F.);
#16453=ORIENTED_EDGE('',*,*,#14610,.F.);
#16454=ORIENTED_EDGE('',*,*,#16429,.T.);
#16455=EDGE_LOOP('',(#16447,#16452,#16453,#16454));
#16456=FACE_OUTER_BOUND('',#16455,.T.);
#16457=CARTESIAN_POINT('',(76.,-95.,478.));
#16458=DIRECTION('',(0.,1.,0.));
#16459=DIRECTION('',(-0.25882,0.,0.96593));
#16460=AXIS2_PLACEMENT_3D('',#16457,#16458,#16459);
#16461=PLANE('',#16460);
#16462=ADVANCED_FACE('',(#16456),#16461,.T.);
#16463=CARTESIAN_POINT('',(73.45822,-95.,485.66613));
#16464=VERTEX_POINT('',#16463);
#16465=DIRECTION('',(-0.70711,0.,0.70711));
#16466=VECTOR('',#16465,0.94205);
#16467=LINE('',#16441,#16466);
#16468=EDGE_CURVE('',#16442,#16464,#16467,.T.);
#16469=ORIENTED_EDGE('',*,*,#16468,.T.);
#16470=DIRECTION('',(-0.19855,0.,-0.98009));
#16471=VECTOR('',#16470,108.49396);
#16472=LINE('',#14633,#16471);
#16473=EDGE_CURVE('',#14634,#16464,#16472,.T.);
#16474=ORIENTED_EDGE('',*,*,#16473,.F.);
#16475=ORIENTED_EDGE('',*,*,#14638,.F.);
#16476=ORIENTED_EDGE('',*,*,#16451,.T.);
#16477=EDGE_LOOP('',(#16469,#16474,#16475,#16476));
#16478=FACE_OUTER_BOUND('',#16477,.T.);
#16479=CARTESIAN_POINT('',(74.12436,-95.,485.));
#16480=DIRECTION('',(0.,1.,0.));
#16481=DIRECTION('',(-0.70711,0.,0.70711));
#16482=AXIS2_PLACEMENT_3D('',#16479,#16480,#16481);
#16483=PLANE('',#16482);
#16484=ADVANCED_FACE('',(#16478),#16483,.T.);
#16485=CARTESIAN_POINT('',(69.,-95.,490.12436));
#16486=VERTEX_POINT('',#16485);
#16487=DIRECTION('',(-0.70711,0.,0.70711));
#16488=VECTOR('',#16487,6.30488);
#16489=LINE('',#16463,#16488);
#16490=EDGE_CURVE('',#16464,#16486,#16489,.T.);
#16491=ORIENTED_EDGE('',*,*,#16490,.T.);
#16492=DIRECTION('',(-0.15932,0.,-0.98723));
#16493=VECTOR('',#16492,103.19378);
#16494=LINE('',#14661,#16493);
#16495=EDGE_CURVE('',#14662,#16486,#16494,.T.);
#16496=ORIENTED_EDGE('',*,*,#16495,.F.);
#16497=ORIENTED_EDGE('',*,*,#14666,.F.);
#16498=ORIENTED_EDGE('',*,*,#16473,.T.);
#16499=EDGE_LOOP('',(#16491,#16496,#16497,#16498));
#16500=FACE_OUTER_BOUND('',#16499,.T.);
#16501=CARTESIAN_POINT('',(73.45822,-95.,485.66613));
#16502=DIRECTION('',(0.,1.,0.));
#16503=DIRECTION('',(-0.70711,0.,0.70711));
#16504=AXIS2_PLACEMENT_3D('',#16501,#16502,#16503);
#16505=PLANE('',#16504);
#16506=ADVANCED_FACE('',(#16500),#16505,.T.);
#16507=CARTESIAN_POINT('',(65.26302,-95.,491.12568));
#16508=VERTEX_POINT('',#16507);
#16509=DIRECTION('',(-0.96593,0.,0.25882));
#16510=VECTOR('',#16509,3.8688);
#16511=LINE('',#16485,#16510);
#16512=EDGE_CURVE('',#16486,#16508,#16511,.T.);
#16513=ORIENTED_EDGE('',*,*,#16512,.T.);
#16514=DIRECTION('',(-0.13053,0.,-0.99144));
#16515=VECTOR('',#16514,101.74476);
#16516=LINE('',#14689,#16515);
#16517=EDGE_CURVE('',#14690,#16508,#16516,.T.);
#16518=ORIENTED_EDGE('',*,*,#16517,.F.);
#16519=ORIENTED_EDGE('',*,*,#14694,.F.);
#16520=ORIENTED_EDGE('',*,*,#16495,.T.);
#16521=EDGE_LOOP('',(#16513,#16518,#16519,#16520));
#16522=FACE_OUTER_BOUND('',#16521,.T.);
#16523=CARTESIAN_POINT('',(69.,-95.,490.12436));
#16524=DIRECTION('',(0.,1.,0.));
#16525=DIRECTION('',(-0.96593,0.,0.25882));
#16526=AXIS2_PLACEMENT_3D('',#16523,#16524,#16525);
#16527=PLANE('',#16526);
#16528=ADVANCED_FACE('',(#16522),#16527,.T.);
#16529=CARTESIAN_POINT('',(62.,-95.,492.));
#16530=VERTEX_POINT('',#16529);
#16531=DIRECTION('',(-0.96593,0.,0.25882));
#16532=VECTOR('',#16531,3.37813);
#16533=LINE('',#16507,#16532);
#16534=EDGE_CURVE('',#16508,#16530,#16533,.T.);
#16535=ORIENTED_EDGE('',*,*,#16534,.T.);
#16536=DIRECTION('',(-0.10547,0.,-0.99442));
#16537=VECTOR('',#16536,100.56087);
#16538=LINE('',#14717,#16537);
#16539=EDGE_CURVE('',#14718,#16530,#16538,.T.);
#16540=ORIENTED_EDGE('',*,*,#16539,.F.);
#16541=ORIENTED_EDGE('',*,*,#14722,.F.);
#16542=ORIENTED_EDGE('',*,*,#16517,.T.);
#16543=EDGE_LOOP('',(#16535,#16540,#16541,#16542));
#16544=FACE_OUTER_BOUND('',#16543,.T.);
#16545=CARTESIAN_POINT('',(65.26302,-95.,491.12568));
#16546=DIRECTION('',(0.,1.,0.));
#16547=DIRECTION('',(-0.96593,0.,0.25882));
#16548=AXIS2_PLACEMENT_3D('',#16545,#16546,#16547);
#16549=PLANE('',#16548);
#16550=ADVANCED_FACE('',(#16544),#16549,.T.);
#16551=CARTESIAN_POINT('',(48.,-95.,492.));
#16552=VERTEX_POINT('',#16551);
#16553=DIRECTION('',(-1.,0.,0.));
#16554=VECTOR('',#16553,14.);
#16555=LINE('',#16529,#16554);
#16556=EDGE_CURVE('',#16530,#16552,#16555,.T.);
#16557=ORIENTED_EDGE('',*,*,#16556,.T.);
#16558=DIRECTION('',(0.,0.,-1.));
#16559=VECTOR('',#16558,100.);
#16560=LINE('',#14745,#16559);
#16561=EDGE_CURVE('',#14746,#16552,#16560,.T.);
#16562=ORIENTED_EDGE('',*,*,#16561,.F.);
#16563=ORIENTED_EDGE('',*,*,#14750,.F.);
#16564=ORIENTED_EDGE('',*,*,#16539,.T.);
#16565=EDGE_LOOP('',(#16557,#16562,#16563,#16564));
#16566=FACE_OUTER_BOUND('',#16565,.T.);
#16567=CARTESIAN_POINT('',(62.,-95.,492.));
#16568=DIRECTION('',(0.,1.,0.));
#16569=DIRECTION('',(-1.,0.,0.));
#16570=AXIS2_PLACEMENT_3D('',#16567,#16568,#16569);
#16571=PLANE('',#16570);
#16572=ADVANCED_FACE('',(#16566),#16571,.T.);
#16573=CARTESIAN_POINT('',(34.,-95.,492.));
#16574=VERTEX_POINT('',#16573);
#16575=DIRECTION('',(-1.,0.,0.));
#16576=VECTOR('',#16575,14.);
#16577=LINE('',#16551,#16576);
#16578=EDGE_CURVE('',#16552,#16574,#16577,.T.);
#16579=ORIENTED_EDGE('',*,*,#16578,.T.);
#16580=DIRECTION('',(0.10547,0.,-0.99442));
#16581=VECTOR('',#16580,100.56087);
#16582=LINE('',#14773,#16581);
#16583=EDGE_CURVE('',#14774,#16574,#16582,.T.);
#16584=ORIENTED_EDGE('',*,*,#16583,.F.);
#16585=ORIENTED_EDGE('',*,*,#14778,.F.);
#16586=ORIENTED_EDGE('',*,*,#16561,.T.);
#16587=EDGE_LOOP('',(#16579,#16584,#16585,#16586));
#16588=FACE_OUTER_BOUND('',#16587,.T.);
#16589=CARTESIAN_POINT('',(48.,-95.,492.));
#16590=DIRECTION('',(0.,1.,0.));
#16591=DIRECTION('',(-1.,0.,0.));
#16592=AXIS2_PLACEMENT_3D('',#16589,#16590,#16591);
#16593=PLANE('',#16592);
#16594=ADVANCED_FACE('',(#16588),#16593,.T.);
#16595=CARTESIAN_POINT('',(30.73698,-95.,491.12568));
#16596=VERTEX_POINT('',#16595);
#16597=DIRECTION('',(-0.96593,0.,-0.25882));
#16598=VECTOR('',#16597,3.37813);
#16599=LINE('',#16573,#16598);
#16600=EDGE_CURVE('',#16574,#16596,#16599,.T.);
#16601=ORIENTED_EDGE('',*,*,#16600,.T.);
#16602=DIRECTION('',(0.13053,0.,-0.99144));
#16603=VECTOR('',#16602,101.74476);
#16604=LINE('',#14801,#16603);
#16605=EDGE_CURVE('',#14802,#16596,#16604,.T.);
#16606=ORIENTED_EDGE('',*,*,#16605,.F.);
#16607=ORIENTED_EDGE('',*,*,#14806,.F.);
#16608=ORIENTED_EDGE('',*,*,#16583,.T.);
#16609=EDGE_LOOP('',(#16601,#16606,#16607,#16608));
#16610=FACE_OUTER_BOUND('',#16609,.T.);
#16611=CARTESIAN_POINT('',(34.,-95.,492.));
#16612=DIRECTION('',(0.,1.,0.));
#16613=DIRECTION('',(-0.96593,0.,-0.25882));
#16614=AXIS2_PLACEMENT_3D('',#16611,#16612,#16613);
#16615=PLANE('',#16614);
#16616=ADVANCED_FACE('',(#16610),#16615,.T.);
#16617=CARTESIAN_POINT('',(27.,-95.,490.12436));
#16618=VERTEX_POINT('',#16617);
#16619=DIRECTION('',(-0.96593,0.,-0.25882));
#16620=VECTOR('',#16619,3.8688);
#16621=LINE('',#16595,#16620);
#16622=EDGE_CURVE('',#16596,#16618,#16621,.T.);
#16623=ORIENTED_EDGE('',*,*,#16622,.T.);
#16624=DIRECTION('',(0.15932,0.,-0.98723));
#16625=VECTOR('',#16624,103.19378);
#16626=LINE('',#14829,#16625);
#16627=EDGE_CURVE('',#14830,#16618,#16626,.T.);
#16628=ORIENTED_EDGE('',*,*,#16627,.F.);
#16629=ORIENTED_EDGE('',*,*,#14834,.F.);
#16630=ORIENTED_EDGE('',*,*,#16605,.T.);
#16631=EDGE_LOOP('',(#16623,#16628,#16629,#16630));
#16632=FACE_OUTER_BOUND('',#16631,.T.);
#16633=CARTESIAN_POINT('',(30.73698,-95.,491.12568));
#16634=DIRECTION('',(0.,1.,0.));
#16635=DIRECTION('',(-0.96593,0.,-0.25882));
#16636=AXIS2_PLACEMENT_3D('',#16633,#16634,#16635);
#16637=PLANE('',#16636);
#16638=ADVANCED_FACE('',(#16632),#16637,.T.);
#16639=CARTESIAN_POINT('',(22.31697,-95.,485.44133));
#16640=VERTEX_POINT('',#16639);
#16641=DIRECTION('',(-0.70711,0.,-0.70711));
#16642=VECTOR('',#16641,6.6228);
#16643=LINE('',#16617,#16642);
#16644=EDGE_CURVE('',#16618,#16640,#16643,.T.);
#16645=ORIENTED_EDGE('',*,*,#16644,.T.);
#16646=DIRECTION('',(0.20058,0.,-0.97968));
#16647=VECTOR('',#16646,108.76916);
#16648=LINE('',#14857,#16647);
#16649=EDGE_CURVE('',#14858,#16640,#16648,.T.);
#16650=ORIENTED_EDGE('',*,*,#16649,.F.);
#16651=ORIENTED_EDGE('',*,*,#14862,.F.);
#16652=ORIENTED_EDGE('',*,*,#16627,.T.);
#16653=EDGE_LOOP('',(#16645,#16650,#16651,#16652));
#16654=FACE_OUTER_BOUND('',#16653,.T.);
#16655=CARTESIAN_POINT('',(27.,-95.,490.12436));
#16656=DIRECTION('',(0.,1.,0.));
#16657=DIRECTION('',(-0.70711,0.,-0.70711));
#16658=AXIS2_PLACEMENT_3D('',#16655,#16656,#16657);
#16659=PLANE('',#16658);
#16660=ADVANCED_FACE('',(#16654),#16659,.T.);
#16661=CARTESIAN_POINT('',(21.87564,-95.,485.));
#16662=VERTEX_POINT('',#16661);
#16663=DIRECTION('',(-0.70711,0.,-0.70711));
#16664=VECTOR('',#16663,0.62413);
#16665=LINE('',#16639,#16664);
#16666=EDGE_CURVE('',#16640,#16662,#16665,.T.);
#16667=ORIENTED_EDGE('',*,*,#16666,.T.);
#16668=DIRECTION('',(0.20457,0.,-0.97885));
#16669=VECTOR('',#16668,104.48816);
#16670=LINE('',#14885,#16669);
#16671=EDGE_CURVE('',#14886,#16662,#16670,.T.);
#16672=ORIENTED_EDGE('',*,*,#16671,.F.);
#16673=ORIENTED_EDGE('',*,*,#14890,.F.);
#16674=ORIENTED_EDGE('',*,*,#16649,.T.);
#16675=EDGE_LOOP('',(#16667,#16672,#16673,#16674));
#16676=FACE_OUTER_BOUND('',#16675,.T.);
#16677=CARTESIAN_POINT('',(22.31697,-95.,485.44133));
#16678=DIRECTION('',(0.,1.,0.));
#16679=DIRECTION('',(-0.70711,0.,-0.70711));
#16680=AXIS2_PLACEMENT_3D('',#16677,#16678,#16679);
#16681=PLANE('',#16680);
#16682=ADVANCED_FACE('',(#16676),#16681,.T.);
#16683=CARTESIAN_POINT('',(20.,-95.,478.));
#16684=VERTEX_POINT('',#16683);
#16685=DIRECTION('',(-0.25882,0.,-0.96593));
#16686=VECTOR('',#16685,7.24693);
#16687=LINE('',#16661,#16686);
#16688=EDGE_CURVE('',#16662,#16684,#16687,.T.);
#16689=ORIENTED_EDGE('',*,*,#16688,.T.);
#16690=DIRECTION('',(0.23088,0.,-0.97298));
#16691=VECTOR('',#16690,84.46045);
#16692=LINE('',#14913,#16691);
#16693=EDGE_CURVE('',#14914,#16684,#16692,.T.);
#16694=ORIENTED_EDGE('',*,*,#16693,.F.);
#16695=ORIENTED_EDGE('',*,*,#14918,.F.);
#16696=ORIENTED_EDGE('',*,*,#16671,.T.);
#16697=EDGE_LOOP('',(#16689,#16694,#16695,#16696));
#16698=FACE_OUTER_BOUND('',#16697,.T.);
#16699=CARTESIAN_POINT('',(21.87564,-95.,485.));
#16700=DIRECTION('',(0.,1.,0.));
#16701=DIRECTION('',(-0.25882,0.,-0.96593));
#16702=AXIS2_PLACEMENT_3D('',#16699,#16700,#16701);
#16703=PLANE('',#16702);
#16704=ADVANCED_FACE('',(#16698),#16703,.T.);
#16705=CARTESIAN_POINT('',(20.,-95.,464.49742));
#16706=VERTEX_POINT('',#16705);
#16707=DIRECTION('',(0.,0.,-1.));
#16708=VECTOR('',#16707,13.50258);
#16709=LINE('',#16683,#16708);
#16710=EDGE_CURVE('',#16684,#16706,#16709,.T.);
#16711=ORIENTED_EDGE('',*,*,#16710,.T.);
#16712=DIRECTION('',(0.25882,0.,-0.96593));
#16713=VECTOR('',#16712,75.34221);
#16714=LINE('',#14941,#16713);
#16715=EDGE_CURVE('',#14942,#16706,#16714,.T.);
#16716=ORIENTED_EDGE('',*,*,#16715,.F.);
#16717=ORIENTED_EDGE('',*,*,#14946,.F.);
#16718=ORIENTED_EDGE('',*,*,#16693,.T.);
#16719=EDGE_LOOP('',(#16711,#16716,#16717,#16718));
#16720=FACE_OUTER_BOUND('',#16719,.T.);
#16721=CARTESIAN_POINT('',(20.,-95.,478.));
#16722=DIRECTION('',(0.,1.,0.));
#16723=DIRECTION('',(0.,0.,-1.));
#16724=AXIS2_PLACEMENT_3D('',#16721,#16722,#16723);
#16725=PLANE('',#16724);
#16726=ADVANCED_FACE('',(#16720),#16725,.T.);
#16727=CARTESIAN_POINT('',(20.,-95.,427.59798));
#16728=VERTEX_POINT('',#16727);
#16729=DIRECTION('',(0.,0.,-1.));
#16730=VECTOR('',#16729,36.89944);
#16731=LINE('',#16705,#16730);
#16732=EDGE_CURVE('',#16706,#16728,#16731,.T.);
#16733=ORIENTED_EDGE('',*,*,#16732,.T.);
#16734=DIRECTION('',(0.38268,0.,-0.92388));
#16735=VECTOR('',#16734,50.95596);
#16736=LINE('',#14969,#16735);
#16737=EDGE_CURVE('',#14970,#16728,#16736,.T.);
#16738=ORIENTED_EDGE('',*,*,#16737,.F.);
#16739=ORIENTED_EDGE('',*,*,#14974,.F.);
#16740=ORIENTED_EDGE('',*,*,#16715,.T.);
#16741=EDGE_LOOP('',(#16733,#16738,#16739,#16740));
#16742=FACE_OUTER_BOUND('',#16741,.T.);
#16743=CARTESIAN_POINT('',(20.,-95.,464.49742));
#16744=DIRECTION('',(0.,1.,0.));
#16745=DIRECTION('',(0.,0.,-1.));
#16746=AXIS2_PLACEMENT_3D('',#16743,#16744,#16745);
#16747=PLANE('',#16746);
#16748=ADVANCED_FACE('',(#16742),#16747,.T.);
#16749=CARTESIAN_POINT('',(20.,-95.,408.49742));
#16750=VERTEX_POINT('',#16749);
#16751=DIRECTION('',(0.,0.,-1.));
#16752=VECTOR('',#16751,19.10056);
#16753=LINE('',#16727,#16752);
#16754=EDGE_CURVE('',#16728,#16750,#16753,.T.);
#16755=ORIENTED_EDGE('',*,*,#16754,.T.);
#16756=DIRECTION('',(0.5,0.,-0.86603));
#16757=VECTOR('',#16756,39.);
#16758=LINE('',#14997,#16757);
#16759=EDGE_CURVE('',#14998,#16750,#16758,.T.);
#16760=ORIENTED_EDGE('',*,*,#16759,.F.);
#16761=ORIENTED_EDGE('',*,*,#15002,.F.);
#16762=ORIENTED_EDGE('',*,*,#16737,.T.);
#16763=EDGE_LOOP('',(#16755,#16760,#16761,#16762));
#16764=FACE_OUTER_BOUND('',#16763,.T.);
#16765=CARTESIAN_POINT('',(20.,-95.,427.59798));
#16766=DIRECTION('',(0.,1.,0.));
#16767=DIRECTION('',(0.,0.,-1.));
#16768=AXIS2_PLACEMENT_3D('',#16765,#16766,#16767);
#16769=PLANE('',#16768);
#16770=ADVANCED_FACE('',(#16764),#16769,.T.);
#16771=CARTESIAN_POINT('',(20.,-95.,396.49031));
#16772=VERTEX_POINT('',#16771);
#16773=DIRECTION('',(0.,0.,-1.));
#16774=VECTOR('',#16773,12.00711);
#16775=LINE('',#16749,#16774);
#16776=EDGE_CURVE('',#16750,#16772,#16775,.T.);
#16777=ORIENTED_EDGE('',*,*,#16776,.T.);
#16778=DIRECTION('',(0.60876,0.,-0.79335));
#16779=VECTOR('',#16778,32.03225);
#16780=LINE('',#15025,#16779);
#16781=EDGE_CURVE('',#15026,#16772,#16780,.T.);
#16782=ORIENTED_EDGE('',*,*,#16781,.F.);
#16783=ORIENTED_EDGE('',*,*,#15030,.F.);
#16784=ORIENTED_EDGE('',*,*,#16759,.T.);
#16785=EDGE_LOOP('',(#16777,#16782,#16783,#16784));
#16786=FACE_OUTER_BOUND('',#16785,.T.);
#16787=CARTESIAN_POINT('',(20.,-95.,408.49742));
#16788=DIRECTION('',(0.,1.,0.));
#16789=DIRECTION('',(0.,0.,-1.));
#16790=AXIS2_PLACEMENT_3D('',#16787,#16788,#16789);
#16791=PLANE('',#16790);
#16792=ADVANCED_FACE('',(#16786),#16791,.T.);
#16793=CARTESIAN_POINT('',(20.,-95.,388.));
#16794=VERTEX_POINT('',#16793);
#16795=DIRECTION('',(0.,0.,-1.));
#16796=VECTOR('',#16795,8.49031);
#16797=LINE('',#16771,#16796);
#16798=EDGE_CURVE('',#16772,#16794,#16797,.T.);
#16799=ORIENTED_EDGE('',*,*,#16798,.T.);
#16800=DIRECTION('',(0.70711,0.,-0.70711));
#16801=VECTOR('',#16800,27.57716);
#16802=LINE('',#15053,#16801);
#16803=EDGE_CURVE('',#15054,#16794,#16802,.T.);
#16804=ORIENTED_EDGE('',*,*,#16803,.F.);
#16805=ORIENTED_EDGE('',*,*,#15058,.F.);
#16806=ORIENTED_EDGE('',*,*,#16781,.T.);
#16807=EDGE_LOOP('',(#16799,#16804,#16805,#16806));
#16808=FACE_OUTER_BOUND('',#16807,.T.);
#16809=CARTESIAN_POINT('',(20.,-95.,396.49031));
#16810=DIRECTION('',(0.,1.,0.));
#16811=DIRECTION('',(0.,0.,-1.));
#16812=AXIS2_PLACEMENT_3D('',#16809,#16810,#16811);
#16813=PLANE('',#16812);
#16814=ADVANCED_FACE('',(#16808),#16813,.T.);
#16815=CARTESIAN_POINT('',(20.,-95.,381.48516));
#16816=VERTEX_POINT('',#16815);
#16817=DIRECTION('',(0.,0.,-1.));
#16818=VECTOR('',#16817,6.51484);
#16819=LINE('',#16793,#16818);
#16820=EDGE_CURVE('',#16794,#16816,#16819,.T.);
#16821=ORIENTED_EDGE('',*,*,#16820,.T.);
#16822=DIRECTION('',(0.79335,0.,-0.60876));
#16823=VECTOR('',#16822,24.57921);
#16824=LINE('',#15081,#16823);
#16825=EDGE_CURVE('',#15082,#16816,#16824,.T.);
#16826=ORIENTED_EDGE('',*,*,#16825,.F.);
#16827=ORIENTED_EDGE('',*,*,#15086,.F.);
#16828=ORIENTED_EDGE('',*,*,#16803,.T.);
#16829=EDGE_LOOP('',(#16821,#16826,#16827,#16828));
#16830=FACE_OUTER_BOUND('',#16829,.T.);
#16831=CARTESIAN_POINT('',(20.,-95.,388.));
#16832=DIRECTION('',(0.,1.,0.));
#16833=DIRECTION('',(0.,0.,-1.));
#16834=AXIS2_PLACEMENT_3D('',#16831,#16832,#16833);
#16835=PLANE('',#16834);
#16836=ADVANCED_FACE('',(#16830),#16835,.T.);
#16837=CARTESIAN_POINT('',(20.,-95.,376.16581));
#16838=VERTEX_POINT('',#16837);
#16839=DIRECTION('',(0.,0.,-1.));
#16840=VECTOR('',#16839,5.31935);
#16841=LINE('',#16815,#16840);
#16842=EDGE_CURVE('',#16816,#16838,#16841,.T.);
#16843=ORIENTED_EDGE('',*,*,#16842,.T.);
#16844=DIRECTION('',(0.86603,0.,-0.5));
#16845=VECTOR('',#16844,22.51666);
#16846=LINE('',#15109,#16845);
#16847=EDGE_CURVE('',#15110,#16838,#16846,.T.);
#16848=ORIENTED_EDGE('',*,*,#16847,.F.);
#16849=ORIENTED_EDGE('',*,*,#15114,.F.);
#16850=ORIENTED_EDGE('',*,*,#16825,.T.);
#16851=EDGE_LOOP('',(#16843,#16848,#16849,#16850));
#16852=FACE_OUTER_BOUND('',#16851,.T.);
#16853=CARTESIAN_POINT('',(20.,-95.,381.48516));
#16854=DIRECTION('',(0.,1.,0.));
#16855=DIRECTION('',(0.,0.,-1.));
#16856=AXIS2_PLACEMENT_3D('',#16853,#16854,#16855);
#16857=PLANE('',#16856);
#16858=ADVANCED_FACE('',(#16852),#16857,.T.);
#16859=CARTESIAN_POINT('',(20.,-95.,371.59798));
#16860=VERTEX_POINT('',#16859);
#16861=DIRECTION('',(0.,0.,-1.));
#16862=VECTOR('',#16861,4.56783);
#16863=LINE('',#16837,#16862);
#16864=EDGE_CURVE('',#16838,#16860,#16863,.T.);
#16865=ORIENTED_EDGE('',*,*,#16864,.T.);
#16866=DIRECTION('',(0.92388,0.,-0.38268));
#16867=VECTOR('',#16866,21.10665);
#16868=LINE('',#15137,#16867);
#16869=EDGE_CURVE('',#15138,#16860,#16868,.T.);
#16870=ORIENTED_EDGE('',*,*,#16869,.F.);
#16871=ORIENTED_EDGE('',*,*,#15142,.F.);
#16872=ORIENTED_EDGE('',*,*,#16847,.T.);
#16873=EDGE_LOOP('',(#16865,#16870,#16871,#16872));
#16874=FACE_OUTER_BOUND('',#16873,.T.);
#16875=CARTESIAN_POINT('',(20.,-95.,376.16581));
#16876=DIRECTION('',(0.,1.,0.));
#16877=DIRECTION('',(0.,0.,-1.));
#16878=AXIS2_PLACEMENT_3D('',#16875,#16876,#16877);
#16879=PLANE('',#16878);
#16880=ADVANCED_FACE('',(#16874),#16879,.T.);
#16881=CARTESIAN_POINT('',(20.,-95.,367.50258));
#16882=VERTEX_POINT('',#16881);
#16883=DIRECTION('',(0.,0.,-1.));
#16884=VECTOR('',#16883,4.0954);
#16885=LINE('',#16859,#16884);
#16886=EDGE_CURVE('',#16860,#16882,#16885,.T.);
#16887=ORIENTED_EDGE('',*,*,#16886,.T.);
#16888=DIRECTION('',(0.96593,0.,-0.25882));
#16889=VECTOR('',#16888,20.18789);
#16890=LINE('',#15165,#16889);
#16891=EDGE_CURVE('',#15166,#16882,#16890,.T.);
#16892=ORIENTED_EDGE('',*,*,#16891,.F.);
#16893=ORIENTED_EDGE('',*,*,#15170,.F.);
#16894=ORIENTED_EDGE('',*,*,#16869,.T.);
#16895=EDGE_LOOP('',(#16887,#16892,#16893,#16894));
#16896=FACE_OUTER_BOUND('',#16895,.T.);
#16897=CARTESIAN_POINT('',(20.,-95.,371.59798));
#16898=DIRECTION('',(0.,1.,0.));
#16899=DIRECTION('',(0.,0.,-1.));
#16900=AXIS2_PLACEMENT_3D('',#16897,#16898,#16899);
#16901=PLANE('',#16900);
#16902=ADVANCED_FACE('',(#16896),#16901,.T.);
#16903=CARTESIAN_POINT('',(20.,-95.,363.68627));
#16904=VERTEX_POINT('',#16903);
#16905=DIRECTION('',(0.,0.,-1.));
#16906=VECTOR('',#16905,3.81631);
#16907=LINE('',#16881,#16906);
#16908=EDGE_CURVE('',#16882,#16904,#16907,.T.);
#16909=ORIENTED_EDGE('',*,*,#16908,.T.);
#16910=DIRECTION('',(0.99144,0.,-0.13053));
#16911=VECTOR('',#16910,19.66826);
#16912=LINE('',#15193,#16911);
#16913=EDGE_CURVE('',#15194,#16904,#16912,.T.);
#16914=ORIENTED_EDGE('',*,*,#16913,.F.);
#16915=ORIENTED_EDGE('',*,*,#15198,.F.);
#16916=ORIENTED_EDGE('',*,*,#16891,.T.);
#16917=EDGE_LOOP('',(#16909,#16914,#16915,#16916));
#16918=FACE_OUTER_BOUND('',#16917,.T.);
#16919=CARTESIAN_POINT('',(20.,-95.,367.50258));
#16920=DIRECTION('',(0.,1.,0.));
#16921=DIRECTION('',(0.,0.,-1.));
#16922=AXIS2_PLACEMENT_3D('',#16919,#16920,#16921);
#16923=PLANE('',#16922);
#16924=ADVANCED_FACE('',(#16918),#16923,.T.);
#16925=CARTESIAN_POINT('',(20.,-95.,360.));
#16926=VERTEX_POINT('',#16925);
#16927=DIRECTION('',(0.,0.,-1.));
#16928=VECTOR('',#16927,3.68627);
#16929=LINE('',#16903,#16928);
#16930=EDGE_CURVE('',#16904,#16926,#16929,.T.);
#16931=ORIENTED_EDGE('',*,*,#16930,.T.);
#16932=DIRECTION('',(1.,0.,0.));
#16933=VECTOR('',#16932,19.5);
#16934=LINE('',#15221,#16933);
#16935=EDGE_CURVE('',#15222,#16926,#16934,.T.);
#16936=ORIENTED_EDGE('',*,*,#16935,.F.);
#16937=ORIENTED_EDGE('',*,*,#15226,.F.);
#16938=ORIENTED_EDGE('',*,*,#16913,.T.);
#16939=EDGE_LOOP('',(#16931,#16936,#16937,#16938));
#16940=FACE_OUTER_BOUND('',#16939,.T.);
#16941=CARTESIAN_POINT('',(20.,-95.,363.68627));
#16942=DIRECTION('',(0.,1.,0.));
#16943=DIRECTION('',(0.,0.,-1.));
#16944=AXIS2_PLACEMENT_3D('',#16941,#16942,#16943);
#16945=PLANE('',#16944);
#16946=ADVANCED_FACE('',(#16940),#16945,.T.);
#16947=CARTESIAN_POINT('',(20.,-95.,356.31373));
#16948=VERTEX_POINT('',#16947);
#16949=DIRECTION('',(0.,0.,-1.));
#16950=VECTOR('',#16949,3.68627);
#16951=LINE('',#16925,#16950);
#16952=EDGE_CURVE('',#16926,#16948,#16951,.T.);
#16953=ORIENTED_EDGE('',*,*,#16952,.T.);
#16954=DIRECTION('',(0.99144,0.,0.13053));
#16955=VECTOR('',#16954,19.66826);
#16956=LINE('',#15249,#16955);
#16957=EDGE_CURVE('',#15250,#16948,#16956,.T.);
#16958=ORIENTED_EDGE('',*,*,#16957,.F.);
#16959=ORIENTED_EDGE('',*,*,#15254,.F.);
#16960=ORIENTED_EDGE('',*,*,#16935,.T.);
#16961=EDGE_LOOP('',(#16953,#16958,#16959,#16960));
#16962=FACE_OUTER_BOUND('',#16961,.T.);
#16963=CARTESIAN_POINT('',(20.,-95.,360.));
#16964=DIRECTION('',(0.,1.,0.));
#16965=DIRECTION('',(0.,0.,-1.));
#16966=AXIS2_PLACEMENT_3D('',#16963,#16964,#16965);
#16967=PLANE('',#16966);
#16968=ADVANCED_FACE('',(#16962),#16967,.T.);
#16969=CARTESIAN_POINT('',(20.,-95.,352.49742));
#16970=VERTEX_POINT('',#16969);
#16971=DIRECTION('',(0.,0.,-1.));
#16972=VECTOR('',#16971,3.81631);
#16973=LINE('',#16947,#16972);
#16974=EDGE_CURVE('',#16948,#16970,#16973,.T.);
#16975=ORIENTED_EDGE('',*,*,#16974,.T.);
#16976=DIRECTION('',(0.96593,0.,0.25882));
#16977=VECTOR('',#16976,20.18789);
#16978=LINE('',#15277,#16977);
#16979=EDGE_CURVE('',#15278,#16970,#16978,.T.);
#16980=ORIENTED_EDGE('',*,*,#16979,.F.);
#16981=ORIENTED_EDGE('',*,*,#15282,.F.);
#16982=ORIENTED_EDGE('',*,*,#16957,.T.);
#16983=EDGE_LOOP('',(#16975,#16980,#16981,#16982));
#16984=FACE_OUTER_BOUND('',#16983,.T.);
#16985=CARTESIAN_POINT('',(20.,-95.,356.31373));
#16986=DIRECTION('',(0.,1.,0.));
#16987=DIRECTION('',(0.,0.,-1.));
#16988=AXIS2_PLACEMENT_3D('',#16985,#16986,#16987);
#16989=PLANE('',#16988);
#16990=ADVANCED_FACE('',(#16984),#16989,.T.);
#16991=CARTESIAN_POINT('',(20.,-95.,348.40202));
#16992=VERTEX_POINT('',#16991);
#16993=DIRECTION('',(0.,0.,-1.));
#16994=VECTOR('',#16993,4.0954);
#16995=LINE('',#16969,#16994);
#16996=EDGE_CURVE('',#16970,#16992,#16995,.T.);
#16997=ORIENTED_EDGE('',*,*,#16996,.T.);
#16998=DIRECTION('',(0.92388,0.,0.38268));
#16999=VECTOR('',#16998,21.10665);
#17000=LINE('',#15305,#16999);
#17001=EDGE_CURVE('',#15306,#16992,#17000,.T.);
#17002=ORIENTED_EDGE('',*,*,#17001,.F.);
#17003=ORIENTED_EDGE('',*,*,#15310,.F.);
#17004=ORIENTED_EDGE('',*,*,#16979,.T.);
#17005=EDGE_LOOP('',(#16997,#17002,#17003,#17004));
#17006=FACE_OUTER_BOUND('',#17005,.T.);
#17007=CARTESIAN_POINT('',(20.,-95.,352.49742));
#17008=DIRECTION('',(0.,1.,0.));
#17009=DIRECTION('',(0.,0.,-1.));
#17010=AXIS2_PLACEMENT_3D('',#17007,#17008,#17009);
#17011=PLANE('',#17010);
#17012=ADVANCED_FACE('',(#17006),#17011,.T.);
#17013=CARTESIAN_POINT('',(20.,-95.,343.83419));
#17014=VERTEX_POINT('',#17013);
#17015=DIRECTION('',(0.,0.,-1.));
#17016=VECTOR('',#17015,4.56783);
#17017=LINE('',#16991,#17016);
#17018=EDGE_CURVE('',#16992,#17014,#17017,.T.);
#17019=ORIENTED_EDGE('',*,*,#17018,.T.);
#17020=DIRECTION('',(0.86603,0.,0.5));
#17021=VECTOR('',#17020,22.51666);
#17022=LINE('',#15333,#17021);
#17023=EDGE_CURVE('',#15334,#17014,#17022,.T.);
#17024=ORIENTED_EDGE('',*,*,#17023,.F.);
#17025=ORIENTED_EDGE('',*,*,#15338,.F.);
#17026=ORIENTED_EDGE('',*,*,#17001,.T.);
#17027=EDGE_LOOP('',(#17019,#17024,#17025,#17026));
#17028=FACE_OUTER_BOUND('',#17027,.T.);
#17029=CARTESIAN_POINT('',(20.,-95.,348.40202));
#17030=DIRECTION('',(0.,1.,0.));
#17031=DIRECTION('',(0.,0.,-1.));
#17032=AXIS2_PLACEMENT_3D('',#17029,#17030,#17031);
#17033=PLANE('',#17032);
#17034=ADVANCED_FACE('',(#17028),#17033,.T.);
#17035=CARTESIAN_POINT('',(20.,-95.,338.51484));
#17036=VERTEX_POINT('',#17035);
#17037=DIRECTION('',(0.,0.,-1.));
#17038=VECTOR('',#17037,5.31935);
#17039=LINE('',#17013,#17038);
#17040=EDGE_CURVE('',#17014,#17036,#17039,.T.);
#17041=ORIENTED_EDGE('',*,*,#17040,.T.);
#17042=DIRECTION('',(0.79335,0.,0.60876));
#17043=VECTOR('',#17042,24.57921);
#17044=LINE('',#15361,#17043);
#17045=EDGE_CURVE('',#15362,#17036,#17044,.T.);
#17046=ORIENTED_EDGE('',*,*,#17045,.F.);
#17047=ORIENTED_EDGE('',*,*,#15366,.F.);
#17048=ORIENTED_EDGE('',*,*,#17023,.T.);
#17049=EDGE_LOOP('',(#17041,#17046,#17047,#17048));
#17050=FACE_OUTER_BOUND('',#17049,.T.);
#17051=CARTESIAN_POINT('',(20.,-95.,343.83419));
#17052=DIRECTION('',(0.,1.,0.));
#17053=DIRECTION('',(0.,0.,-1.));
#17054=AXIS2_PLACEMENT_3D('',#17051,#17052,#17053);
#17055=PLANE('',#17054);
#17056=ADVANCED_FACE('',(#17050),#17055,.T.);
#17057=CARTESIAN_POINT('',(20.,-95.,332.));
#17058=VERTEX_POINT('',#17057);
#17059=DIRECTION('',(0.,0.,-1.));
#17060=VECTOR('',#17059,6.51484);
#17061=LINE('',#17035,#17060);
#17062=EDGE_CURVE('',#17036,#17058,#17061,.T.);
#17063=ORIENTED_EDGE('',*,*,#17062,.T.);
#17064=DIRECTION('',(0.70711,0.,0.70711));
#17065=VECTOR('',#17064,27.57716);
#17066=LINE('',#15389,#17065);
#17067=EDGE_CURVE('',#15390,#17058,#17066,.T.);
#17068=ORIENTED_EDGE('',*,*,#17067,.F.);
#17069=ORIENTED_EDGE('',*,*,#15394,.F.);
#17070=ORIENTED_EDGE('',*,*,#17045,.T.);
#17071=EDGE_LOOP('',(#17063,#17068,#17069,#17070));
#17072=FACE_OUTER_BOUND('',#17071,.T.);
#17073=CARTESIAN_POINT('',(20.,-95.,338.51484));
#17074=DIRECTION('',(0.,1.,0.));
#17075=DIRECTION('',(0.,0.,-1.));
#17076=AXIS2_PLACEMENT_3D('',#17073,#17074,#17075);
#17077=PLANE('',#17076);
#17078=ADVANCED_FACE('',(#17072),#17077,.T.);
#17079=CARTESIAN_POINT('',(20.,-95.,323.50969));
#17080=VERTEX_POINT('',#17079);
#17081=DIRECTION('',(0.,0.,-1.));
#17082=VECTOR('',#17081,8.49031);
#17083=LINE('',#17057,#17082);
#17084=EDGE_CURVE('',#17058,#17080,#17083,.T.);
#17085=ORIENTED_EDGE('',*,*,#17084,.T.);
#17086=DIRECTION('',(0.60876,0.,0.79335));
#17087=VECTOR('',#17086,32.03225);
#17088=LINE('',#15417,#17087);
#17089=EDGE_CURVE('',#15418,#17080,#17088,.T.);
#17090=ORIENTED_EDGE('',*,*,#17089,.F.);
#17091=ORIENTED_EDGE('',*,*,#15422,.F.);
#17092=ORIENTED_EDGE('',*,*,#17067,.T.);
#17093=EDGE_LOOP('',(#17085,#17090,#17091,#17092));
#17094=FACE_OUTER_BOUND('',#17093,.T.);
#17095=CARTESIAN_POINT('',(20.,-95.,332.));
#17096=DIRECTION('',(0.,1.,0.));
#17097=DIRECTION('',(0.,0.,-1.));
#17098=AXIS2_PLACEMENT_3D('',#17095,#17096,#17097);
#17099=PLANE('',#17098);
#17100=ADVANCED_FACE('',(#17094),#17099,.T.);
#17101=CARTESIAN_POINT('',(20.,-95.,311.50258));
#17102=VERTEX_POINT('',#17101);
#17103=DIRECTION('',(0.,0.,-1.));
#17104=VECTOR('',#17103,12.00711);
#17105=LINE('',#17079,#17104);
#17106=EDGE_CURVE('',#17080,#17102,#17105,.T.);
#17107=ORIENTED_EDGE('',*,*,#17106,.T.);
#17108=DIRECTION('',(0.5,0.,0.86603));
#17109=VECTOR('',#17108,39.);
#17110=LINE('',#15445,#17109);
#17111=EDGE_CURVE('',#15446,#17102,#17110,.T.);
#17112=ORIENTED_EDGE('',*,*,#17111,.F.);
#17113=ORIENTED_EDGE('',*,*,#15450,.F.);
#17114=ORIENTED_EDGE('',*,*,#17089,.T.);
#17115=EDGE_LOOP('',(#17107,#17112,#17113,#17114));
#17116=FACE_OUTER_BOUND('',#17115,.T.);
#17117=CARTESIAN_POINT('',(20.,-95.,323.50969));
#17118=DIRECTION('',(0.,1.,0.));
#17119=DIRECTION('',(0.,0.,-1.));
#17120=AXIS2_PLACEMENT_3D('',#17117,#17118,#17119);
#17121=PLANE('',#17120);
#17122=ADVANCED_FACE('',(#17116),#17121,.T.);
#17123=CARTESIAN_POINT('',(20.,-95.,292.40202));
#17124=VERTEX_POINT('',#17123);
#17125=DIRECTION('',(0.,0.,-1.));
#17126=VECTOR('',#17125,19.10056);
#17127=LINE('',#17101,#17126);
#17128=EDGE_CURVE('',#17102,#17124,#17127,.T.);
#17129=ORIENTED_EDGE('',*,*,#17128,.T.);
#17130=DIRECTION('',(0.38268,0.,0.92388));
#17131=VECTOR('',#17130,50.95596);
#17132=LINE('',#15473,#17131);
#17133=EDGE_CURVE('',#15474,#17124,#17132,.T.);
#17134=ORIENTED_EDGE('',*,*,#17133,.F.);
#17135=ORIENTED_EDGE('',*,*,#15478,.F.);
#17136=ORIENTED_EDGE('',*,*,#17111,.T.);
#17137=EDGE_LOOP('',(#17129,#17134,#17135,#17136));
#17138=FACE_OUTER_BOUND('',#17137,.T.);
#17139=CARTESIAN_POINT('',(20.,-95.,311.50258));
#17140=DIRECTION('',(0.,1.,0.));
#17141=DIRECTION('',(0.,0.,-1.));
#17142=AXIS2_PLACEMENT_3D('',#17139,#17140,#17141);
#17143=PLANE('',#17142);
#17144=ADVANCED_FACE('',(#17138),#17143,.T.);
#17145=CARTESIAN_POINT('',(20.,-95.,255.50258));
#17146=VERTEX_POINT('',#17145);
#17147=DIRECTION('',(0.,0.,-1.));
#17148=VECTOR('',#17147,36.89944);
#17149=LINE('',#17123,#17148);
#17150=EDGE_CURVE('',#17124,#17146,#17149,.T.);
#17151=ORIENTED_EDGE('',*,*,#17150,.T.);
#17152=DIRECTION('',(0.25882,0.,0.96593));
#17153=VECTOR('',#17152,75.34221);
#17154=LINE('',#15501,#17153);
#17155=EDGE_CURVE('',#15502,#17146,#17154,.T.);
#17156=ORIENTED_EDGE('',*,*,#17155,.F.);
#17157=ORIENTED_EDGE('',*,*,#15506,.F.);
#17158=ORIENTED_EDGE('',*,*,#17133,.T.);
#17159=EDGE_LOOP('',(#17151,#17156,#17157,#17158));
#17160=FACE_OUTER_BOUND('',#17159,.T.);
#17161=CARTESIAN_POINT('',(20.,-95.,292.40202));
#17162=DIRECTION('',(0.,1.,0.));
#17163=DIRECTION('',(0.,0.,-1.));
#17164=AXIS2_PLACEMENT_3D('',#17161,#17162,#17163);
#17165=PLANE('',#17164);
#17166=ADVANCED_FACE('',(#17160),#17165,.T.);
#17167=CARTESIAN_POINT('',(20.,-95.,253.89474));
#17168=VERTEX_POINT('',#17167);
#17169=DIRECTION('',(0.,0.,-1.));
#17170=VECTOR('',#17169,1.60784);
#17171=LINE('',#17145,#17170);
#17172=EDGE_CURVE('',#17146,#17168,#17171,.T.);
#17173=ORIENTED_EDGE('',*,*,#17172,.T.);
#17174=DIRECTION('',(0.25515,0.,0.9669));
#17175=VECTOR('',#17174,76.42436);
#17176=LINE('',#15529,#17175);
#17177=EDGE_CURVE('',#15530,#17168,#17176,.T.);
#17178=ORIENTED_EDGE('',*,*,#17177,.F.);
#17179=ORIENTED_EDGE('',*,*,#15534,.F.);
#17180=ORIENTED_EDGE('',*,*,#17155,.T.);
#17181=EDGE_LOOP('',(#17173,#17178,#17179,#17180));
#17182=FACE_OUTER_BOUND('',#17181,.T.);
#17183=CARTESIAN_POINT('',(20.,-95.,255.50258));
#17184=DIRECTION('',(0.,1.,0.));
#17185=DIRECTION('',(0.,0.,-1.));
#17186=AXIS2_PLACEMENT_3D('',#17183,#17184,#17185);
#17187=PLANE('',#17186);
#17188=ADVANCED_FACE('',(#17182),#17187,.T.);
#17189=CARTESIAN_POINT('',(20.,-95.,242.));
#17190=VERTEX_POINT('',#17189);
#17191=DIRECTION('',(0.,0.,-1.));
#17192=VECTOR('',#17191,11.89474);
#17193=LINE('',#17167,#17192);
#17194=EDGE_CURVE('',#17168,#17190,#17193,.T.);
#17195=ORIENTED_EDGE('',*,*,#17194,.T.);
#17196=DIRECTION('',(0.23088,0.,0.97298));
#17197=VECTOR('',#17196,63.72157);
#17198=LINE('',#15557,#17197);
#17199=EDGE_CURVE('',#15558,#17190,#17198,.T.);
#17200=ORIENTED_EDGE('',*,*,#17199,.F.);
#17201=ORIENTED_EDGE('',*,*,#15562,.F.);
#17202=ORIENTED_EDGE('',*,*,#17177,.T.);
#17203=EDGE_LOOP('',(#17195,#17200,#17201,#17202));
#17204=FACE_OUTER_BOUND('',#17203,.T.);
#17205=CARTESIAN_POINT('',(20.,-95.,253.89474));
#17206=DIRECTION('',(0.,1.,0.));
#17207=DIRECTION('',(0.,0.,-1.));
#17208=AXIS2_PLACEMENT_3D('',#17205,#17206,#17207);
#17209=PLANE('',#17208);
#17210=ADVANCED_FACE('',(#17204),#17209,.T.);
#17211=CARTESIAN_POINT('',(21.87564,-95.,235.));
#17212=VERTEX_POINT('',#17211);
#17213=DIRECTION('',(0.25882,0.,-0.96593));
#17214=VECTOR('',#17213,7.24693);
#17215=LINE('',#17189,#17214);
#17216=EDGE_CURVE('',#17190,#17212,#17215,.T.);
#17217=ORIENTED_EDGE('',*,*,#17216,.T.);
#17218=DIRECTION('',(0.20457,0.,0.97885));
#17219=VECTOR('',#17218,56.18833);
#17220=LINE('',#15585,#17219);
#17221=EDGE_CURVE('',#15586,#17212,#17220,.T.);
#17222=ORIENTED_EDGE('',*,*,#17221,.F.);
#17223=ORIENTED_EDGE('',*,*,#15590,.F.);
#17224=ORIENTED_EDGE('',*,*,#17199,.T.);
#17225=EDGE_LOOP('',(#17217,#17222,#17223,#17224));
#17226=FACE_OUTER_BOUND('',#17225,.T.);
#17227=CARTESIAN_POINT('',(20.,-95.,242.));
#17228=DIRECTION('',(0.,1.,0.));
#17229=DIRECTION('',(0.25882,0.,-0.96593));
#17230=AXIS2_PLACEMENT_3D('',#17227,#17228,#17229);
#17231=PLANE('',#17230);
#17232=ADVANCED_FACE('',(#17226),#17231,.T.);
#17233=CARTESIAN_POINT('',(27.,-95.,229.87564));
#17234=VERTEX_POINT('',#17233);
#17235=DIRECTION('',(0.70711,0.,-0.70711));
#17236=VECTOR('',#17235,7.24693);
#17237=LINE('',#17211,#17236);
#17238=EDGE_CURVE('',#17212,#17234,#17237,.T.);
#17239=ORIENTED_EDGE('',*,*,#17238,.T.);
#17240=DIRECTION('',(0.15932,0.,0.98723));
#17241=VECTOR('',#17240,50.52097);
#17242=LINE('',#15613,#17241);
#17243=EDGE_CURVE('',#15614,#17234,#17242,.T.);
#17244=ORIENTED_EDGE('',*,*,#17243,.F.);
#17245=ORIENTED_EDGE('',*,*,#15618,.F.);
#17246=ORIENTED_EDGE('',*,*,#17221,.T.);
#17247=EDGE_LOOP('',(#17239,#17244,#17245,#17246));
#17248=FACE_OUTER_BOUND('',#17247,.T.);
#17249=CARTESIAN_POINT('',(21.87564,-95.,235.));
#17250=DIRECTION('',(0.,1.,0.));
#17251=DIRECTION('',(0.70711,0.,-0.70711));
#17252=AXIS2_PLACEMENT_3D('',#17249,#17250,#17251);
#17253=PLANE('',#17252);
#17254=ADVANCED_FACE('',(#17248),#17253,.T.);
#17255=CARTESIAN_POINT('',(30.73698,-95.,228.87432));
#17256=VERTEX_POINT('',#17255);
#17257=DIRECTION('',(0.96593,0.,-0.25882));
#17258=VECTOR('',#17257,3.8688);
#17259=LINE('',#17233,#17258);
#17260=EDGE_CURVE('',#17234,#17256,#17259,.T.);
#17261=ORIENTED_EDGE('',*,*,#17260,.T.);
#17262=DIRECTION('',(0.13053,0.,0.99144));
#17263=VECTOR('',#17262,49.29606);
#17264=LINE('',#15641,#17263);
#17265=EDGE_CURVE('',#15642,#17256,#17264,.T.);
#17266=ORIENTED_EDGE('',*,*,#17265,.F.);
#17267=ORIENTED_EDGE('',*,*,#15646,.F.);
#17268=ORIENTED_EDGE('',*,*,#17243,.T.);
#17269=EDGE_LOOP('',(#17261,#17266,#17267,#17268));
#17270=FACE_OUTER_BOUND('',#17269,.T.);
#17271=CARTESIAN_POINT('',(27.,-95.,229.87564));
#17272=DIRECTION('',(0.,1.,0.));
#17273=DIRECTION('',(0.96593,0.,-0.25882));
#17274=AXIS2_PLACEMENT_3D('',#17271,#17272,#17273);
#17275=PLANE('',#17274);
#17276=ADVANCED_FACE('',(#17270),#17275,.T.);
#17277=CARTESIAN_POINT('',(34.,-95.,228.));
#17278=VERTEX_POINT('',#17277);
#17279=DIRECTION('',(0.96593,0.,-0.25882));
#17280=VECTOR('',#17279,3.37813);
#17281=LINE('',#17255,#17280);
#17282=EDGE_CURVE('',#17256,#17278,#17281,.T.);
#17283=ORIENTED_EDGE('',*,*,#17282,.T.);
#17284=DIRECTION('',(0.10547,0.,0.99442));
#17285=VECTOR('',#17284,48.26922);
#17286=LINE('',#15669,#17285);
#17287=EDGE_CURVE('',#15670,#17278,#17286,.T.);
#17288=ORIENTED_EDGE('',*,*,#17287,.F.);
#17289=ORIENTED_EDGE('',*,*,#15674,.F.);
#17290=ORIENTED_EDGE('',*,*,#17265,.T.);
#17291=EDGE_LOOP('',(#17283,#17288,#17289,#17290));
#17292=FACE_OUTER_BOUND('',#17291,.T.);
#17293=CARTESIAN_POINT('',(30.73698,-95.,228.87432));
#17294=DIRECTION('',(0.,1.,0.));
#17295=DIRECTION('',(0.96593,0.,-0.25882));
#17296=AXIS2_PLACEMENT_3D('',#17293,#17294,#17295);
#17297=PLANE('',#17296);
#17298=ADVANCED_FACE('',(#17292),#17297,.T.);
#17299=CARTESIAN_POINT('',(48.,-95.,228.));
#17300=VERTEX_POINT('',#17299);
#17301=DIRECTION('',(1.,0.,0.));
#17302=VECTOR('',#17301,14.);
#17303=LINE('',#17277,#17302);
#17304=EDGE_CURVE('',#17278,#17300,#17303,.T.);
#17305=ORIENTED_EDGE('',*,*,#17304,.T.);
#17306=DIRECTION('',(0.,0.,1.));
#17307=VECTOR('',#17306,48.);
#17308=LINE('',#15697,#17307);
#17309=EDGE_CURVE('',#15698,#17300,#17308,.T.);
#17310=ORIENTED_EDGE('',*,*,#17309,.F.);
#17311=ORIENTED_EDGE('',*,*,#15702,.F.);
#17312=ORIENTED_EDGE('',*,*,#17287,.T.);
#17313=EDGE_LOOP('',(#17305,#17310,#17311,#17312));
#17314=FACE_OUTER_BOUND('',#17313,.T.);
#17315=CARTESIAN_POINT('',(34.,-95.,228.));
#17316=DIRECTION('',(0.,1.,0.));
#17317=DIRECTION('',(1.,0.,0.));
#17318=AXIS2_PLACEMENT_3D('',#17315,#17316,#17317);
#17319=PLANE('',#17318);
#17320=ADVANCED_FACE('',(#17314),#17319,.T.);
#17321=CARTESIAN_POINT('',(62.,-95.,228.));
#17322=VERTEX_POINT('',#17321);
#17323=DIRECTION('',(1.,0.,0.));
#17324=VECTOR('',#17323,14.);
#17325=LINE('',#17299,#17324);
#17326=EDGE_CURVE('',#17300,#17322,#17325,.T.);
#17327=ORIENTED_EDGE('',*,*,#17326,.T.);
#17328=DIRECTION('',(-0.10547,0.,0.99442));
#17329=VECTOR('',#17328,48.26922);
#17330=LINE('',#15725,#17329);
#17331=EDGE_CURVE('',#15726,#17322,#17330,.T.);
#17332=ORIENTED_EDGE('',*,*,#17331,.F.);
#17333=ORIENTED_EDGE('',*,*,#15730,.F.);
#17334=ORIENTED_EDGE('',*,*,#17309,.T.);
#17335=EDGE_LOOP('',(#17327,#17332,#17333,#17334));
#17336=FACE_OUTER_BOUND('',#17335,.T.);
#17337=CARTESIAN_POINT('',(48.,-95.,228.));
#17338=DIRECTION('',(0.,1.,0.));
#17339=DIRECTION('',(1.,0.,0.));
#17340=AXIS2_PLACEMENT_3D('',#17337,#17338,#17339);
#17341=PLANE('',#17340);
#17342=ADVANCED_FACE('',(#17336),#17341,.T.);
#17343=CARTESIAN_POINT('',(65.26302,-95.,228.87432));
#17344=VERTEX_POINT('',#17343);
#17345=DIRECTION('',(0.96593,0.,0.25882));
#17346=VECTOR('',#17345,3.37813);
#17347=LINE('',#17321,#17346);
#17348=EDGE_CURVE('',#17322,#17344,#17347,.T.);
#17349=ORIENTED_EDGE('',*,*,#17348,.T.);
#17350=DIRECTION('',(-0.13053,0.,0.99144));
#17351=VECTOR('',#17350,49.29606);
#17352=LINE('',#15753,#17351);
#17353=EDGE_CURVE('',#15754,#17344,#17352,.T.);
#17354=ORIENTED_EDGE('',*,*,#17353,.F.);
#17355=ORIENTED_EDGE('',*,*,#15758,.F.);
#17356=ORIENTED_EDGE('',*,*,#17331,.T.);
#17357=EDGE_LOOP('',(#17349,#17354,#17355,#17356));
#17358=FACE_OUTER_BOUND('',#17357,.T.);
#17359=CARTESIAN_POINT('',(62.,-95.,228.));
#17360=DIRECTION('',(0.,1.,0.));
#17361=DIRECTION('',(0.96593,0.,0.25882));
#17362=AXIS2_PLACEMENT_3D('',#17359,#17360,#17361);
#17363=PLANE('',#17362);
#17364=ADVANCED_FACE('',(#17358),#17363,.T.);
#17365=CARTESIAN_POINT('',(69.,-95.,229.87564));
#17366=VERTEX_POINT('',#17365);
#17367=DIRECTION('',(0.96593,0.,0.25882));
#17368=VECTOR('',#17367,3.8688);
#17369=LINE('',#17343,#17368);
#17370=EDGE_CURVE('',#17344,#17366,#17369,.T.);
#17371=ORIENTED_EDGE('',*,*,#17370,.T.);
#17372=DIRECTION('',(-0.15932,0.,0.98723));
#17373=VECTOR('',#17372,50.52097);
#17374=LINE('',#15781,#17373);
#17375=EDGE_CURVE('',#15782,#17366,#17374,.T.);
#17376=ORIENTED_EDGE('',*,*,#17375,.F.);
#17377=ORIENTED_EDGE('',*,*,#15786,.F.);
#17378=ORIENTED_EDGE('',*,*,#17353,.T.);
#17379=EDGE_LOOP('',(#17371,#17376,#17377,#17378));
#17380=FACE_OUTER_BOUND('',#17379,.T.);
#17381=CARTESIAN_POINT('',(65.26302,-95.,228.87432));
#17382=DIRECTION('',(0.,1.,0.));
#17383=DIRECTION('',(0.96593,0.,0.25882));
#17384=AXIS2_PLACEMENT_3D('',#17381,#17382,#17383);
#17385=PLANE('',#17384);
#17386=ADVANCED_FACE('',(#17380),#17385,.T.);
#17387=CARTESIAN_POINT('',(74.12436,-95.,235.));
#17388=VERTEX_POINT('',#17387);
#17389=DIRECTION('',(0.70711,0.,0.70711));
#17390=VECTOR('',#17389,7.24693);
#17391=LINE('',#17365,#17390);
#17392=EDGE_CURVE('',#17366,#17388,#17391,.T.);
#17393=ORIENTED_EDGE('',*,*,#17392,.T.);
#17394=DIRECTION('',(-0.20457,0.,0.97885));
#17395=VECTOR('',#17394,56.18833);
#17396=LINE('',#15809,#17395);
#17397=EDGE_CURVE('',#15810,#17388,#17396,.T.);
#17398=ORIENTED_EDGE('',*,*,#17397,.F.);
#17399=ORIENTED_EDGE('',*,*,#15814,.F.);
#17400=ORIENTED_EDGE('',*,*,#17375,.T.);
#17401=EDGE_LOOP('',(#17393,#17398,#17399,#17400));
#17402=FACE_OUTER_BOUND('',#17401,.T.);
#17403=CARTESIAN_POINT('',(69.,-95.,229.87564));
#17404=DIRECTION('',(0.,1.,0.));
#17405=DIRECTION('',(0.70711,0.,0.70711));
#17406=AXIS2_PLACEMENT_3D('',#17403,#17404,#17405);
#17407=PLANE('',#17406);
#17408=ADVANCED_FACE('',(#17402),#17407,.T.);
#17409=CARTESIAN_POINT('',(76.,-95.,242.));
#17410=VERTEX_POINT('',#17409);
#17411=DIRECTION('',(0.25882,0.,0.96593));
#17412=VECTOR('',#17411,7.24693);
#17413=LINE('',#17387,#17412);
#17414=EDGE_CURVE('',#17388,#17410,#17413,.T.);
#17415=ORIENTED_EDGE('',*,*,#17414,.T.);
#17416=DIRECTION('',(-0.23088,0.,0.97298));
#17417=VECTOR('',#17416,63.72157);
#17418=LINE('',#15837,#17417);
#17419=EDGE_CURVE('',#15838,#17410,#17418,.T.);
#17420=ORIENTED_EDGE('',*,*,#17419,.F.);
#17421=ORIENTED_EDGE('',*,*,#15842,.F.);
#17422=ORIENTED_EDGE('',*,*,#17397,.T.);
#17423=EDGE_LOOP('',(#17415,#17420,#17421,#17422));
#17424=FACE_OUTER_BOUND('',#17423,.T.);
#17425=CARTESIAN_POINT('',(74.12436,-95.,235.));
#17426=DIRECTION('',(0.,1.,0.));
#17427=DIRECTION('',(0.25882,0.,0.96593));
#17428=AXIS2_PLACEMENT_3D('',#17425,#17426,#17427);
#17429=PLANE('',#17428);
#17430=ADVANCED_FACE('',(#17424),#17429,.T.);
#17431=CARTESIAN_POINT('',(76.,-95.,252.76596));
#17432=VERTEX_POINT('',#17431);
#17433=DIRECTION('',(0.,0.,1.));
#17434=VECTOR('',#17433,10.76596);
#17435=LINE('',#17409,#17434);
#17436=EDGE_CURVE('',#17410,#17432,#17435,.T.);
#17437=ORIENTED_EDGE('',*,*,#17436,.T.);
#17438=DIRECTION('',(-0.25264,0.,0.96756));
#17439=VECTOR('',#17438,75.20562);
#17440=LINE('',#15865,#17439);
#17441=EDGE_CURVE('',#15866,#17432,#17440,.T.);
#17442=ORIENTED_EDGE('',*,*,#17441,.F.);
#17443=ORIENTED_EDGE('',*,*,#15870,.F.);
#17444=ORIENTED_EDGE('',*,*,#17419,.T.);
#17445=EDGE_LOOP('',(#17437,#17442,#17443,#17444));
#17446=FACE_OUTER_BOUND('',#17445,.T.);
#17447=CARTESIAN_POINT('',(76.,-95.,242.));
#17448=DIRECTION('',(0.,1.,0.));
#17449=DIRECTION('',(0.,0.,1.));
#17450=AXIS2_PLACEMENT_3D('',#17447,#17448,#17449);
#17451=PLANE('',#17450);
#17452=ADVANCED_FACE('',(#17446),#17451,.T.);
#17453=CARTESIAN_POINT('',(76.,-95.,255.50258));
#17454=VERTEX_POINT('',#17453);
#17455=DIRECTION('',(0.,0.,1.));
#17456=VECTOR('',#17455,2.73662);
#17457=LINE('',#17431,#17456);
#17458=EDGE_CURVE('',#17432,#17454,#17457,.T.);
#17459=ORIENTED_EDGE('',*,*,#17458,.T.);
#17460=DIRECTION('',(-0.25882,0.,0.96593));
#17461=VECTOR('',#17460,73.41036);
#17462=LINE('',#15893,#17461);
#17463=EDGE_CURVE('',#15894,#17454,#17462,.T.);
#17464=ORIENTED_EDGE('',*,*,#17463,.F.);
#17465=ORIENTED_EDGE('',*,*,#15898,.F.);
#17466=ORIENTED_EDGE('',*,*,#17441,.T.);
#17467=EDGE_LOOP('',(#17459,#17464,#17465,#17466));
#17468=FACE_OUTER_BOUND('',#17467,.T.);
#17469=CARTESIAN_POINT('',(76.,-95.,252.76596));
#17470=DIRECTION('',(0.,1.,0.));
#17471=DIRECTION('',(0.,0.,1.));
#17472=AXIS2_PLACEMENT_3D('',#17469,#17470,#17471);
#17473=PLANE('',#17472);
#17474=ADVANCED_FACE('',(#17468),#17473,.T.);
#17475=CARTESIAN_POINT('',(76.,-95.,292.40202));
#17476=VERTEX_POINT('',#17475);
#17477=DIRECTION('',(0.,0.,1.));
#17478=VECTOR('',#17477,36.89944);
#17479=LINE('',#17453,#17478);
#17480=EDGE_CURVE('',#17454,#17476,#17479,.T.);
#17481=ORIENTED_EDGE('',*,*,#17480,.T.);
#17482=DIRECTION('',(-0.38268,0.,0.92388));
#17483=VECTOR('',#17482,49.64939);
#17484=LINE('',#15921,#17483);
#17485=EDGE_CURVE('',#15922,#17476,#17484,.T.);
#17486=ORIENTED_EDGE('',*,*,#17485,.F.);
#17487=ORIENTED_EDGE('',*,*,#15926,.F.);
#17488=ORIENTED_EDGE('',*,*,#17463,.T.);
#17489=EDGE_LOOP('',(#17481,#17486,#17487,#17488));
#17490=FACE_OUTER_BOUND('',#17489,.T.);
#17491=CARTESIAN_POINT('',(76.,-95.,255.50258));
#17492=DIRECTION('',(0.,1.,0.));
#17493=DIRECTION('',(0.,0.,1.));
#17494=AXIS2_PLACEMENT_3D('',#17491,#17492,#17493);
#17495=PLANE('',#17494);
#17496=ADVANCED_FACE('',(#17490),#17495,.T.);
#17497=CARTESIAN_POINT('',(76.,-95.,311.50258));
#17498=VERTEX_POINT('',#17497);
#17499=DIRECTION('',(0.,0.,1.));
#17500=VECTOR('',#17499,19.10056);
#17501=LINE('',#17475,#17500);
#17502=EDGE_CURVE('',#17476,#17498,#17501,.T.);
#17503=ORIENTED_EDGE('',*,*,#17502,.T.);
#17504=DIRECTION('',(-0.5,0.,0.86603));
#17505=VECTOR('',#17504,38.);
#17506=LINE('',#15949,#17505);
#17507=EDGE_CURVE('',#15950,#17498,#17506,.T.);
#17508=ORIENTED_EDGE('',*,*,#17507,.F.);
#17509=ORIENTED_EDGE('',*,*,#15954,.F.);
#17510=ORIENTED_EDGE('',*,*,#17485,.T.);
#17511=EDGE_LOOP('',(#17503,#17508,#17509,#17510));
#17512=FACE_OUTER_BOUND('',#17511,.T.);
#17513=CARTESIAN_POINT('',(76.,-95.,292.40202));
#17514=DIRECTION('',(0.,1.,0.));
#17515=DIRECTION('',(0.,0.,1.));
#17516=AXIS2_PLACEMENT_3D('',#17513,#17514,#17515);
#17517=PLANE('',#17516);
#17518=ADVANCED_FACE('',(#17512),#17517,.T.);
#17519=CARTESIAN_POINT('',(76.,-95.,323.50969));
#17520=VERTEX_POINT('',#17519);
#17521=DIRECTION('',(0.,0.,1.));
#17522=VECTOR('',#17521,12.00711);
#17523=LINE('',#17497,#17522);
#17524=EDGE_CURVE('',#17498,#17520,#17523,.T.);
#17525=ORIENTED_EDGE('',*,*,#17524,.T.);
#17526=DIRECTION('',(-0.60876,0.,0.79335));
#17527=VECTOR('',#17526,31.21091);
#17528=LINE('',#15977,#17527);
#17529=EDGE_CURVE('',#15978,#17520,#17528,.T.);
#17530=ORIENTED_EDGE('',*,*,#17529,.F.);
#17531=ORIENTED_EDGE('',*,*,#15982,.F.);
#17532=ORIENTED_EDGE('',*,*,#17507,.T.);
#17533=EDGE_LOOP('',(#17525,#17530,#17531,#17532));
#17534=FACE_OUTER_BOUND('',#17533,.T.);
#17535=CARTESIAN_POINT('',(76.,-95.,311.50258));
#17536=DIRECTION('',(0.,1.,0.));
#17537=DIRECTION('',(0.,0.,1.));
#17538=AXIS2_PLACEMENT_3D('',#17535,#17536,#17537);
#17539=PLANE('',#17538);
#17540=ADVANCED_FACE('',(#17534),#17539,.T.);
#17541=CARTESIAN_POINT('',(76.,-95.,332.));
#17542=VERTEX_POINT('',#17541);
#17543=DIRECTION('',(0.,0.,1.));
#17544=VECTOR('',#17543,8.49031);
#17545=LINE('',#17519,#17544);
#17546=EDGE_CURVE('',#17520,#17542,#17545,.T.);
#17547=ORIENTED_EDGE('',*,*,#17546,.T.);
#17548=DIRECTION('',(-0.70711,0.,0.70711));
#17549=VECTOR('',#17548,26.87006);
#17550=LINE('',#16005,#17549);
#17551=EDGE_CURVE('',#16006,#17542,#17550,.T.);
#17552=ORIENTED_EDGE('',*,*,#17551,.F.);
#17553=ORIENTED_EDGE('',*,*,#16010,.F.);
#17554=ORIENTED_EDGE('',*,*,#17529,.T.);
#17555=EDGE_LOOP('',(#17547,#17552,#17553,#17554));
#17556=FACE_OUTER_BOUND('',#17555,.T.);
#17557=CARTESIAN_POINT('',(76.,-95.,323.50969));
#17558=DIRECTION('',(0.,1.,0.));
#17559=DIRECTION('',(0.,0.,1.));
#17560=AXIS2_PLACEMENT_3D('',#17557,#17558,#17559);
#17561=PLANE('',#17560);
#17562=ADVANCED_FACE('',(#17556),#17561,.T.);
#17563=CARTESIAN_POINT('',(76.,-95.,338.51484));
#17564=VERTEX_POINT('',#17563);
#17565=DIRECTION('',(0.,0.,1.));
#17566=VECTOR('',#17565,6.51484);
#17567=LINE('',#17541,#17566);
#17568=EDGE_CURVE('',#17542,#17564,#17567,.T.);
#17569=ORIENTED_EDGE('',*,*,#17568,.T.);
#17570=DIRECTION('',(-0.79335,0.,0.60876));
#17571=VECTOR('',#17570,23.94898);
#17572=LINE('',#16033,#17571);
#17573=EDGE_CURVE('',#16034,#17564,#17572,.T.);
#17574=ORIENTED_EDGE('',*,*,#17573,.F.);
#17575=ORIENTED_EDGE('',*,*,#16038,.F.);
#17576=ORIENTED_EDGE('',*,*,#17551,.T.);
#17577=EDGE_LOOP('',(#17569,#17574,#17575,#17576));
#17578=FACE_OUTER_BOUND('',#17577,.T.);
#17579=CARTESIAN_POINT('',(76.,-95.,332.));
#17580=DIRECTION('',(0.,1.,0.));
#17581=DIRECTION('',(0.,0.,1.));
#17582=AXIS2_PLACEMENT_3D('',#17579,#17580,#17581);
#17583=PLANE('',#17582);
#17584=ADVANCED_FACE('',(#17578),#17583,.T.);
#17585=CARTESIAN_POINT('',(76.,-95.,343.83419));
#17586=VERTEX_POINT('',#17585);
#17587=DIRECTION('',(0.,0.,1.));
#17588=VECTOR('',#17587,5.31935);
#17589=LINE('',#17563,#17588);
#17590=EDGE_CURVE('',#17564,#17586,#17589,.T.);
#17591=ORIENTED_EDGE('',*,*,#17590,.T.);
#17592=DIRECTION('',(-0.86603,0.,0.5));
#17593=VECTOR('',#17592,21.93931);
#17594=LINE('',#16061,#17593);
#17595=EDGE_CURVE('',#16062,#17586,#17594,.T.);
#17596=ORIENTED_EDGE('',*,*,#17595,.F.);
#17597=ORIENTED_EDGE('',*,*,#16066,.F.);
#17598=ORIENTED_EDGE('',*,*,#17573,.T.);
#17599=EDGE_LOOP('',(#17591,#17596,#17597,#17598));
#17600=FACE_OUTER_BOUND('',#17599,.T.);
#17601=CARTESIAN_POINT('',(76.,-95.,338.51484));
#17602=DIRECTION('',(0.,1.,0.));
#17603=DIRECTION('',(0.,0.,1.));
#17604=AXIS2_PLACEMENT_3D('',#17601,#17602,#17603);
#17605=PLANE('',#17604);
#17606=ADVANCED_FACE('',(#17600),#17605,.T.);
#17607=CARTESIAN_POINT('',(76.,-95.,348.40202));
#17608=VERTEX_POINT('',#17607);
#17609=DIRECTION('',(0.,0.,1.));
#17610=VECTOR('',#17609,4.56783);
#17611=LINE('',#17585,#17610);
#17612=EDGE_CURVE('',#17586,#17608,#17611,.T.);
#17613=ORIENTED_EDGE('',*,*,#17612,.T.);
#17614=DIRECTION('',(-0.92388,0.,0.38268));
#17615=VECTOR('',#17614,20.56545);
#17616=LINE('',#16089,#17615);
#17617=EDGE_CURVE('',#16090,#17608,#17616,.T.);
#17618=ORIENTED_EDGE('',*,*,#17617,.F.);
#17619=ORIENTED_EDGE('',*,*,#16094,.F.);
#17620=ORIENTED_EDGE('',*,*,#17595,.T.);
#17621=EDGE_LOOP('',(#17613,#17618,#17619,#17620));
#17622=FACE_OUTER_BOUND('',#17621,.T.);
#17623=CARTESIAN_POINT('',(76.,-95.,343.83419));
#17624=DIRECTION('',(0.,1.,0.));
#17625=DIRECTION('',(0.,0.,1.));
#17626=AXIS2_PLACEMENT_3D('',#17623,#17624,#17625);
#17627=PLANE('',#17626);
#17628=ADVANCED_FACE('',(#17622),#17627,.T.);
#17629=CARTESIAN_POINT('',(76.,-95.,352.49742));
#17630=VERTEX_POINT('',#17629);
#17631=DIRECTION('',(0.,0.,1.));
#17632=VECTOR('',#17631,4.0954);
#17633=LINE('',#17607,#17632);
#17634=EDGE_CURVE('',#17608,#17630,#17633,.T.);
#17635=ORIENTED_EDGE('',*,*,#17634,.T.);
#17636=DIRECTION('',(-0.96593,0.,0.25882));
#17637=VECTOR('',#17636,19.67025);
#17638=LINE('',#16117,#17637);
#17639=EDGE_CURVE('',#16118,#17630,#17638,.T.);
#17640=ORIENTED_EDGE('',*,*,#17639,.F.);
#17641=ORIENTED_EDGE('',*,*,#16122,.F.);
#17642=ORIENTED_EDGE('',*,*,#17617,.T.);
#17643=EDGE_LOOP('',(#17635,#17640,#17641,#17642));
#17644=FACE_OUTER_BOUND('',#17643,.T.);
#17645=CARTESIAN_POINT('',(76.,-95.,348.40202));
#17646=DIRECTION('',(0.,1.,0.));
#17647=DIRECTION('',(0.,0.,1.));
#17648=AXIS2_PLACEMENT_3D('',#17645,#17646,#17647);
#17649=PLANE('',#17648);
#17650=ADVANCED_FACE('',(#17644),#17649,.T.);
#17651=CARTESIAN_POINT('',(76.,-95.,356.31373));
#17652=VERTEX_POINT('',#17651);
#17653=DIRECTION('',(0.,0.,1.));
#17654=VECTOR('',#17653,3.81631);
#17655=LINE('',#17629,#17654);
#17656=EDGE_CURVE('',#17630,#17652,#17655,.T.);
#17657=ORIENTED_EDGE('',*,*,#17656,.T.);
#17658=DIRECTION('',(-0.99144,0.,0.13053));
#17659=VECTOR('',#17658,19.16395);
#17660=LINE('',#16145,#17659);
#17661=EDGE_CURVE('',#16146,#17652,#17660,.T.);
#17662=ORIENTED_EDGE('',*,*,#17661,.F.);
#17663=ORIENTED_EDGE('',*,*,#16150,.F.);
#17664=ORIENTED_EDGE('',*,*,#17639,.T.);
#17665=EDGE_LOOP('',(#17657,#17662,#17663,#17664));
#17666=FACE_OUTER_BOUND('',#17665,.T.);
#17667=CARTESIAN_POINT('',(76.,-95.,352.49742));
#17668=DIRECTION('',(0.,1.,0.));
#17669=DIRECTION('',(0.,0.,1.));
#17670=AXIS2_PLACEMENT_3D('',#17667,#17668,#17669);
#17671=PLANE('',#17670);
#17672=ADVANCED_FACE('',(#17666),#17671,.T.);
#17673=DIRECTION('',(0.,0.,-1.));
#17674=VECTOR('',#17673,3.68627);
#17675=LINE('',#16193,#17674);
#17676=EDGE_CURVE('',#16194,#17652,#17675,.T.);
#17677=ORIENTED_EDGE('',*,*,#17676,.F.);
#17678=ORIENTED_EDGE('',*,*,#16211,.F.);
#17679=ORIENTED_EDGE('',*,*,#16176,.T.);
#17680=ORIENTED_EDGE('',*,*,#17661,.T.);
#17681=EDGE_LOOP('',(#17677,#17678,#17679,#17680));
#17682=FACE_OUTER_BOUND('',#17681,.T.);
#17683=CARTESIAN_POINT('',(76.,-95.,356.31373));
#17684=DIRECTION('',(0.,1.,0.));
#17685=DIRECTION('',(0.,0.,1.));
#17686=AXIS2_PLACEMENT_3D('',#17683,#17684,#17685);
#17687=PLANE('',#17686);
#17688=ADVANCED_FACE('',(#17682),#17687,.T.);
#17689=CARTESIAN_POINT('',(76.,-100.,360.));
#17690=VERTEX_POINT('',#17689);
#17691=CARTESIAN_POINT('',(76.,-100.,363.68627));
#17692=VERTEX_POINT('',#17691);
#17693=DIRECTION('',(0.,0.,1.));
#17694=VECTOR('',#17693,3.68627);
#17695=LINE('',#17689,#17694);
#17696=EDGE_CURVE('',#17690,#17692,#17695,.T.);
#17697=ORIENTED_EDGE('',*,*,#17696,.T.);
#17698=DIRECTION('',(0.,-1.,0.));
#17699=VECTOR('',#17698,5.);
#17700=LINE('',#16195,#17699);
#17701=EDGE_CURVE('',#16196,#17692,#17700,.T.);
#17702=ORIENTED_EDGE('',*,*,#17701,.F.);
#17703=ORIENTED_EDGE('',*,*,#16200,.F.);
#17704=DIRECTION('',(0.,-1.,0.));
#17705=VECTOR('',#17704,5.);
#17706=LINE('',#16193,#17705);
#17707=EDGE_CURVE('',#16194,#17690,#17706,.T.);
#17708=ORIENTED_EDGE('',*,*,#17707,.T.);
#17709=EDGE_LOOP('',(#17697,#17702,#17703,#17708));
#17710=FACE_OUTER_BOUND('',#17709,.T.);
#17711=CARTESIAN_POINT('',(76.,-100.,360.));
#17712=DIRECTION('',(-1.,0.,0.));
#17713=DIRECTION('',(0.,0.,1.));
#17714=AXIS2_PLACEMENT_3D('',#17711,#17712,#17713);
#17715=PLANE('',#17714);
#17716=ADVANCED_FACE('',(#17710),#17715,.T.);
#17717=CARTESIAN_POINT('',(76.,-100.,367.50258));
#17718=VERTEX_POINT('',#17717);
#17719=DIRECTION('',(0.,0.,1.));
#17720=VECTOR('',#17719,3.81631);
#17721=LINE('',#17691,#17720);
#17722=EDGE_CURVE('',#17692,#17718,#17721,.T.);
#17723=ORIENTED_EDGE('',*,*,#17722,.T.);
#17724=DIRECTION('',(0.,-1.,0.));
#17725=VECTOR('',#17724,5.);
#17726=LINE('',#16221,#17725);
#17727=EDGE_CURVE('',#16222,#17718,#17726,.T.);
#17728=ORIENTED_EDGE('',*,*,#17727,.F.);
#17729=ORIENTED_EDGE('',*,*,#16226,.F.);
#17730=ORIENTED_EDGE('',*,*,#17701,.T.);
#17731=EDGE_LOOP('',(#17723,#17728,#17729,#17730));
#17732=FACE_OUTER_BOUND('',#17731,.T.);
#17733=CARTESIAN_POINT('',(76.,-100.,363.68627));
#17734=DIRECTION('',(-1.,0.,0.));
#17735=DIRECTION('',(0.,0.,1.));
#17736=AXIS2_PLACEMENT_3D('',#17733,#17734,#17735);
#17737=PLANE('',#17736);
#17738=ADVANCED_FACE('',(#17732),#17737,.T.);
#17739=CARTESIAN_POINT('',(76.,-100.,371.59798));
#17740=VERTEX_POINT('',#17739);
#17741=DIRECTION('',(0.,0.,1.));
#17742=VECTOR('',#17741,4.0954);
#17743=LINE('',#17717,#17742);
#17744=EDGE_CURVE('',#17718,#17740,#17743,.T.);
#17745=ORIENTED_EDGE('',*,*,#17744,.T.);
#17746=DIRECTION('',(0.,-1.,0.));
#17747=VECTOR('',#17746,5.);
#17748=LINE('',#16243,#17747);
#17749=EDGE_CURVE('',#16244,#17740,#17748,.T.);
#17750=ORIENTED_EDGE('',*,*,#17749,.F.);
#17751=ORIENTED_EDGE('',*,*,#16248,.F.);
#17752=ORIENTED_EDGE('',*,*,#17727,.T.);
#17753=EDGE_LOOP('',(#17745,#17750,#17751,#17752));
#17754=FACE_OUTER_BOUND('',#17753,.T.);
#17755=CARTESIAN_POINT('',(76.,-100.,367.50258));
#17756=DIRECTION('',(-1.,0.,0.));
#17757=DIRECTION('',(0.,0.,1.));
#17758=AXIS2_PLACEMENT_3D('',#17755,#17756,#17757);
#17759=PLANE('',#17758);
#17760=ADVANCED_FACE('',(#17754),#17759,.T.);
#17761=CARTESIAN_POINT('',(76.,-100.,376.16581));
#17762=VERTEX_POINT('',#17761);
#17763=DIRECTION('',(0.,0.,1.));
#17764=VECTOR('',#17763,4.56783);
#17765=LINE('',#17739,#17764);
#17766=EDGE_CURVE('',#17740,#17762,#17765,.T.);
#17767=ORIENTED_EDGE('',*,*,#17766,.T.);
#17768=DIRECTION('',(0.,-1.,0.));
#17769=VECTOR('',#17768,5.);
#17770=LINE('',#16265,#17769);
#17771=EDGE_CURVE('',#16266,#17762,#17770,.T.);
#17772=ORIENTED_EDGE('',*,*,#17771,.F.);
#17773=ORIENTED_EDGE('',*,*,#16270,.F.);
#17774=ORIENTED_EDGE('',*,*,#17749,.T.);
#17775=EDGE_LOOP('',(#17767,#17772,#17773,#17774));
#17776=FACE_OUTER_BOUND('',#17775,.T.);
#17777=CARTESIAN_POINT('',(76.,-100.,371.59798));
#17778=DIRECTION('',(-1.,0.,0.));
#17779=DIRECTION('',(0.,0.,1.));
#17780=AXIS2_PLACEMENT_3D('',#17777,#17778,#17779);
#17781=PLANE('',#17780);
#17782=ADVANCED_FACE('',(#17776),#17781,.T.);
#17783=CARTESIAN_POINT('',(76.,-100.,381.48516));
#17784=VERTEX_POINT('',#17783);
#17785=DIRECTION('',(0.,0.,1.));
#17786=VECTOR('',#17785,5.31935);
#17787=LINE('',#17761,#17786);
#17788=EDGE_CURVE('',#17762,#17784,#17787,.T.);
#17789=ORIENTED_EDGE('',*,*,#17788,.T.);
#17790=DIRECTION('',(0.,-1.,0.));
#17791=VECTOR('',#17790,5.);
#17792=LINE('',#16287,#17791);
#17793=EDGE_CURVE('',#16288,#17784,#17792,.T.);
#17794=ORIENTED_EDGE('',*,*,#17793,.F.);
#17795=ORIENTED_EDGE('',*,*,#16292,.F.);
#17796=ORIENTED_EDGE('',*,*,#17771,.T.);
#17797=EDGE_LOOP('',(#17789,#17794,#17795,#17796));
#17798=FACE_OUTER_BOUND('',#17797,.T.);
#17799=CARTESIAN_POINT('',(76.,-100.,376.16581));
#17800=DIRECTION('',(-1.,0.,0.));
#17801=DIRECTION('',(0.,0.,1.));
#17802=AXIS2_PLACEMENT_3D('',#17799,#17800,#17801);
#17803=PLANE('',#17802);
#17804=ADVANCED_FACE('',(#17798),#17803,.T.);
#17805=CARTESIAN_POINT('',(76.,-100.,388.));
#17806=VERTEX_POINT('',#17805);
#17807=DIRECTION('',(0.,0.,1.));
#17808=VECTOR('',#17807,6.51484);
#17809=LINE('',#17783,#17808);
#17810=EDGE_CURVE('',#17784,#17806,#17809,.T.);
#17811=ORIENTED_EDGE('',*,*,#17810,.T.);
#17812=DIRECTION('',(0.,-1.,0.));
#17813=VECTOR('',#17812,5.);
#17814=LINE('',#16309,#17813);
#17815=EDGE_CURVE('',#16310,#17806,#17814,.T.);
#17816=ORIENTED_EDGE('',*,*,#17815,.F.);
#17817=ORIENTED_EDGE('',*,*,#16314,.F.);
#17818=ORIENTED_EDGE('',*,*,#17793,.T.);
#17819=EDGE_LOOP('',(#17811,#17816,#17817,#17818));
#17820=FACE_OUTER_BOUND('',#17819,.T.);
#17821=CARTESIAN_POINT('',(76.,-100.,381.48516));
#17822=DIRECTION('',(-1.,0.,0.));
#17823=DIRECTION('',(0.,0.,1.));
#17824=AXIS2_PLACEMENT_3D('',#17821,#17822,#17823);
#17825=PLANE('',#17824);
#17826=ADVANCED_FACE('',(#17820),#17825,.T.);
#17827=CARTESIAN_POINT('',(76.,-100.,396.49031));
#17828=VERTEX_POINT('',#17827);
#17829=DIRECTION('',(0.,0.,1.));
#17830=VECTOR('',#17829,8.49031);
#17831=LINE('',#17805,#17830);
#17832=EDGE_CURVE('',#17806,#17828,#17831,.T.);
#17833=ORIENTED_EDGE('',*,*,#17832,.T.);
#17834=DIRECTION('',(0.,-1.,0.));
#17835=VECTOR('',#17834,5.);
#17836=LINE('',#16331,#17835);
#17837=EDGE_CURVE('',#16332,#17828,#17836,.T.);
#17838=ORIENTED_EDGE('',*,*,#17837,.F.);
#17839=ORIENTED_EDGE('',*,*,#16336,.F.);
#17840=ORIENTED_EDGE('',*,*,#17815,.T.);
#17841=EDGE_LOOP('',(#17833,#17838,#17839,#17840));
#17842=FACE_OUTER_BOUND('',#17841,.T.);
#17843=CARTESIAN_POINT('',(76.,-100.,388.));
#17844=DIRECTION('',(-1.,0.,0.));
#17845=DIRECTION('',(0.,0.,1.));
#17846=AXIS2_PLACEMENT_3D('',#17843,#17844,#17845);
#17847=PLANE('',#17846);
#17848=ADVANCED_FACE('',(#17842),#17847,.T.);
#17849=CARTESIAN_POINT('',(76.,-100.,408.49742));
#17850=VERTEX_POINT('',#17849);
#17851=DIRECTION('',(0.,0.,1.));
#17852=VECTOR('',#17851,12.00711);
#17853=LINE('',#17827,#17852);
#17854=EDGE_CURVE('',#17828,#17850,#17853,.T.);
#17855=ORIENTED_EDGE('',*,*,#17854,.T.);
#17856=DIRECTION('',(0.,-1.,0.));
#17857=VECTOR('',#17856,5.);
#17858=LINE('',#16353,#17857);
#17859=EDGE_CURVE('',#16354,#17850,#17858,.T.);
#17860=ORIENTED_EDGE('',*,*,#17859,.F.);
#17861=ORIENTED_EDGE('',*,*,#16358,.F.);
#17862=ORIENTED_EDGE('',*,*,#17837,.T.);
#17863=EDGE_LOOP('',(#17855,#17860,#17861,#17862));
#17864=FACE_OUTER_BOUND('',#17863,.T.);
#17865=CARTESIAN_POINT('',(76.,-100.,396.49031));
#17866=DIRECTION('',(-1.,0.,0.));
#17867=DIRECTION('',(0.,0.,1.));
#17868=AXIS2_PLACEMENT_3D('',#17865,#17866,#17867);
#17869=PLANE('',#17868);
#17870=ADVANCED_FACE('',(#17864),#17869,.T.);
#17871=CARTESIAN_POINT('',(76.,-100.,427.59798));
#17872=VERTEX_POINT('',#17871);
#17873=DIRECTION('',(0.,0.,1.));
#17874=VECTOR('',#17873,19.10056);
#17875=LINE('',#17849,#17874);
#17876=EDGE_CURVE('',#17850,#17872,#17875,.T.);
#17877=ORIENTED_EDGE('',*,*,#17876,.T.);
#17878=DIRECTION('',(0.,-1.,0.));
#17879=VECTOR('',#17878,5.);
#17880=LINE('',#16375,#17879);
#17881=EDGE_CURVE('',#16376,#17872,#17880,.T.);
#17882=ORIENTED_EDGE('',*,*,#17881,.F.);
#17883=ORIENTED_EDGE('',*,*,#16380,.F.);
#17884=ORIENTED_EDGE('',*,*,#17859,.T.);
#17885=EDGE_LOOP('',(#17877,#17882,#17883,#17884));
#17886=FACE_OUTER_BOUND('',#17885,.T.);
#17887=CARTESIAN_POINT('',(76.,-100.,408.49742));
#17888=DIRECTION('',(-1.,0.,0.));
#17889=DIRECTION('',(0.,0.,1.));
#17890=AXIS2_PLACEMENT_3D('',#17887,#17888,#17889);
#17891=PLANE('',#17890);
#17892=ADVANCED_FACE('',(#17886),#17891,.T.);
#17893=CARTESIAN_POINT('',(76.,-100.,464.49742));
#17894=VERTEX_POINT('',#17893);
#17895=DIRECTION('',(0.,0.,1.));
#17896=VECTOR('',#17895,36.89944);
#17897=LINE('',#17871,#17896);
#17898=EDGE_CURVE('',#17872,#17894,#17897,.T.);
#17899=ORIENTED_EDGE('',*,*,#17898,.T.);
#17900=DIRECTION('',(0.,-1.,0.));
#17901=VECTOR('',#17900,5.);
#17902=LINE('',#16397,#17901);
#17903=EDGE_CURVE('',#16398,#17894,#17902,.T.);
#17904=ORIENTED_EDGE('',*,*,#17903,.F.);
#17905=ORIENTED_EDGE('',*,*,#16402,.F.);
#17906=ORIENTED_EDGE('',*,*,#17881,.T.);
#17907=EDGE_LOOP('',(#17899,#17904,#17905,#17906));
#17908=FACE_OUTER_BOUND('',#17907,.T.);
#17909=CARTESIAN_POINT('',(76.,-100.,427.59798));
#17910=DIRECTION('',(-1.,0.,0.));
#17911=DIRECTION('',(0.,0.,1.));
#17912=AXIS2_PLACEMENT_3D('',#17909,#17910,#17911);
#17913=PLANE('',#17912);
#17914=ADVANCED_FACE('',(#17908),#17913,.T.);
#17915=CARTESIAN_POINT('',(76.,-100.,478.));
#17916=VERTEX_POINT('',#17915);
#17917=DIRECTION('',(0.,0.,1.));
#17918=VECTOR('',#17917,13.50258);
#17919=LINE('',#17893,#17918);
#17920=EDGE_CURVE('',#17894,#17916,#17919,.T.);
#17921=ORIENTED_EDGE('',*,*,#17920,.T.);
#17922=DIRECTION('',(0.,-1.,0.));
#17923=VECTOR('',#17922,5.);
#17924=LINE('',#16419,#17923);
#17925=EDGE_CURVE('',#16420,#17916,#17924,.T.);
#17926=ORIENTED_EDGE('',*,*,#17925,.F.);
#17927=ORIENTED_EDGE('',*,*,#16424,.F.);
#17928=ORIENTED_EDGE('',*,*,#17903,.T.);
#17929=EDGE_LOOP('',(#17921,#17926,#17927,#17928));
#17930=FACE_OUTER_BOUND('',#17929,.T.);
#17931=CARTESIAN_POINT('',(76.,-100.,464.49742));
#17932=DIRECTION('',(-1.,0.,0.));
#17933=DIRECTION('',(0.,0.,1.));
#17934=AXIS2_PLACEMENT_3D('',#17931,#17932,#17933);
#17935=PLANE('',#17934);
#17936=ADVANCED_FACE('',(#17930),#17935,.T.);
#17937=CARTESIAN_POINT('',(74.12436,-100.,485.));
#17938=VERTEX_POINT('',#17937);
#17939=DIRECTION('',(-0.25882,0.,0.96593));
#17940=VECTOR('',#17939,7.24693);
#17941=LINE('',#17915,#17940);
#17942=EDGE_CURVE('',#17916,#17938,#17941,.T.);
#17943=ORIENTED_EDGE('',*,*,#17942,.T.);
#17944=DIRECTION('',(0.,-1.,0.));
#17945=VECTOR('',#17944,5.);
#17946=LINE('',#16441,#17945);
#17947=EDGE_CURVE('',#16442,#17938,#17946,.T.);
#17948=ORIENTED_EDGE('',*,*,#17947,.F.);
#17949=ORIENTED_EDGE('',*,*,#16446,.F.);
#17950=ORIENTED_EDGE('',*,*,#17925,.T.);
#17951=EDGE_LOOP('',(#17943,#17948,#17949,#17950));
#17952=FACE_OUTER_BOUND('',#17951,.T.);
#17953=CARTESIAN_POINT('',(76.,-100.,478.));
#17954=DIRECTION('',(-0.96593,0.,-0.25882));
#17955=DIRECTION('',(-0.25882,0.,0.96593));
#17956=AXIS2_PLACEMENT_3D('',#17953,#17954,#17955);
#17957=PLANE('',#17956);
#17958=ADVANCED_FACE('',(#17952),#17957,.T.);
#17959=CARTESIAN_POINT('',(73.45822,-100.,485.66613));
#17960=VERTEX_POINT('',#17959);
#17961=DIRECTION('',(-0.70711,0.,0.70711));
#17962=VECTOR('',#17961,0.94205);
#17963=LINE('',#17937,#17962);
#17964=EDGE_CURVE('',#17938,#17960,#17963,.T.);
#17965=ORIENTED_EDGE('',*,*,#17964,.T.);
#17966=DIRECTION('',(0.,-1.,0.));
#17967=VECTOR('',#17966,5.);
#17968=LINE('',#16463,#17967);
#17969=EDGE_CURVE('',#16464,#17960,#17968,.T.);
#17970=ORIENTED_EDGE('',*,*,#17969,.F.);
#17971=ORIENTED_EDGE('',*,*,#16468,.F.);
#17972=ORIENTED_EDGE('',*,*,#17947,.T.);
#17973=EDGE_LOOP('',(#17965,#17970,#17971,#17972));
#17974=FACE_OUTER_BOUND('',#17973,.T.);
#17975=CARTESIAN_POINT('',(74.12436,-100.,485.));
#17976=DIRECTION('',(-0.70711,0.,-0.70711));
#17977=DIRECTION('',(-0.70711,0.,0.70711));
#17978=AXIS2_PLACEMENT_3D('',#17975,#17976,#17977);
#17979=PLANE('',#17978);
#17980=ADVANCED_FACE('',(#17974),#17979,.T.);
#17981=CARTESIAN_POINT('',(69.,-100.,490.12436));
#17982=VERTEX_POINT('',#17981);
#17983=DIRECTION('',(-0.70711,0.,0.70711));
#17984=VECTOR('',#17983,6.30488);
#17985=LINE('',#17959,#17984);
#17986=EDGE_CURVE('',#17960,#17982,#17985,.T.);
#17987=ORIENTED_EDGE('',*,*,#17986,.T.);
#17988=DIRECTION('',(0.,-1.,0.));
#17989=VECTOR('',#17988,5.);
#17990=LINE('',#16485,#17989);
#17991=EDGE_CURVE('',#16486,#17982,#17990,.T.);
#17992=ORIENTED_EDGE('',*,*,#17991,.F.);
#17993=ORIENTED_EDGE('',*,*,#16490,.F.);
#17994=ORIENTED_EDGE('',*,*,#17969,.T.);
#17995=EDGE_LOOP('',(#17987,#17992,#17993,#17994));
#17996=FACE_OUTER_BOUND('',#17995,.T.);
#17997=CARTESIAN_POINT('',(73.45822,-100.,485.66613));
#17998=DIRECTION('',(-0.70711,0.,-0.70711));
#17999=DIRECTION('',(-0.70711,0.,0.70711));
#18000=AXIS2_PLACEMENT_3D('',#17997,#17998,#17999);
#18001=PLANE('',#18000);
#18002=ADVANCED_FACE('',(#17996),#18001,.T.);
#18003=CARTESIAN_POINT('',(65.26302,-100.,491.12568));
#18004=VERTEX_POINT('',#18003);
#18005=DIRECTION('',(-0.96593,0.,0.25882));
#18006=VECTOR('',#18005,3.8688);
#18007=LINE('',#17981,#18006);
#18008=EDGE_CURVE('',#17982,#18004,#18007,.T.);
#18009=ORIENTED_EDGE('',*,*,#18008,.T.);
#18010=DIRECTION('',(0.,-1.,0.));
#18011=VECTOR('',#18010,5.);
#18012=LINE('',#16507,#18011);
#18013=EDGE_CURVE('',#16508,#18004,#18012,.T.);
#18014=ORIENTED_EDGE('',*,*,#18013,.F.);
#18015=ORIENTED_EDGE('',*,*,#16512,.F.);
#18016=ORIENTED_EDGE('',*,*,#17991,.T.);
#18017=EDGE_LOOP('',(#18009,#18014,#18015,#18016));
#18018=FACE_OUTER_BOUND('',#18017,.T.);
#18019=CARTESIAN_POINT('',(69.,-100.,490.12436));
#18020=DIRECTION('',(-0.25882,0.,-0.96593));
#18021=DIRECTION('',(-0.96593,0.,0.25882));
#18022=AXIS2_PLACEMENT_3D('',#18019,#18020,#18021);
#18023=PLANE('',#18022);
#18024=ADVANCED_FACE('',(#18018),#18023,.T.);
#18025=CARTESIAN_POINT('',(62.,-100.,492.));
#18026=VERTEX_POINT('',#18025);
#18027=DIRECTION('',(-0.96593,0.,0.25882));
#18028=VECTOR('',#18027,3.37813);
#18029=LINE('',#18003,#18028);
#18030=EDGE_CURVE('',#18004,#18026,#18029,.T.);
#18031=ORIENTED_EDGE('',*,*,#18030,.T.);
#18032=DIRECTION('',(0.,-1.,0.));
#18033=VECTOR('',#18032,5.);
#18034=LINE('',#16529,#18033);
#18035=EDGE_CURVE('',#16530,#18026,#18034,.T.);
#18036=ORIENTED_EDGE('',*,*,#18035,.F.);
#18037=ORIENTED_EDGE('',*,*,#16534,.F.);
#18038=ORIENTED_EDGE('',*,*,#18013,.T.);
#18039=EDGE_LOOP('',(#18031,#18036,#18037,#18038));
#18040=FACE_OUTER_BOUND('',#18039,.T.);
#18041=CARTESIAN_POINT('',(65.26302,-100.,491.12568));
#18042=DIRECTION('',(-0.25882,0.,-0.96593));
#18043=DIRECTION('',(-0.96593,0.,0.25882));
#18044=AXIS2_PLACEMENT_3D('',#18041,#18042,#18043);
#18045=PLANE('',#18044);
#18046=ADVANCED_FACE('',(#18040),#18045,.T.);
#18047=CARTESIAN_POINT('',(48.,-100.,492.));
#18048=VERTEX_POINT('',#18047);
#18049=DIRECTION('',(-1.,0.,0.));
#18050=VECTOR('',#18049,14.);
#18051=LINE('',#18025,#18050);
#18052=EDGE_CURVE('',#18026,#18048,#18051,.T.);
#18053=ORIENTED_EDGE('',*,*,#18052,.T.);
#18054=DIRECTION('',(0.,-1.,0.));
#18055=VECTOR('',#18054,5.);
#18056=LINE('',#16551,#18055);
#18057=EDGE_CURVE('',#16552,#18048,#18056,.T.);
#18058=ORIENTED_EDGE('',*,*,#18057,.F.);
#18059=ORIENTED_EDGE('',*,*,#16556,.F.);
#18060=ORIENTED_EDGE('',*,*,#18035,.T.);
#18061=EDGE_LOOP('',(#18053,#18058,#18059,#18060));
#18062=FACE_OUTER_BOUND('',#18061,.T.);
#18063=CARTESIAN_POINT('',(62.,-100.,492.));
#18064=DIRECTION('',(0.,0.,-1.));
#18065=DIRECTION('',(-1.,0.,0.));
#18066=AXIS2_PLACEMENT_3D('',#18063,#18064,#18065);
#18067=PLANE('',#18066);
#18068=ADVANCED_FACE('',(#18062),#18067,.T.);
#18069=CARTESIAN_POINT('',(34.,-100.,492.));
#18070=VERTEX_POINT('',#18069);
#18071=DIRECTION('',(-1.,0.,0.));
#18072=VECTOR('',#18071,14.);
#18073=LINE('',#18047,#18072);
#18074=EDGE_CURVE('',#18048,#18070,#18073,.T.);
#18075=ORIENTED_EDGE('',*,*,#18074,.T.);
#18076=DIRECTION('',(0.,-1.,0.));
#18077=VECTOR('',#18076,5.);
#18078=LINE('',#16573,#18077);
#18079=EDGE_CURVE('',#16574,#18070,#18078,.T.);
#18080=ORIENTED_EDGE('',*,*,#18079,.F.);
#18081=ORIENTED_EDGE('',*,*,#16578,.F.);
#18082=ORIENTED_EDGE('',*,*,#18057,.T.);
#18083=EDGE_LOOP('',(#18075,#18080,#18081,#18082));
#18084=FACE_OUTER_BOUND('',#18083,.T.);
#18085=CARTESIAN_POINT('',(48.,-100.,492.));
#18086=DIRECTION('',(0.,0.,-1.));
#18087=DIRECTION('',(-1.,0.,0.));
#18088=AXIS2_PLACEMENT_3D('',#18085,#18086,#18087);
#18089=PLANE('',#18088);
#18090=ADVANCED_FACE('',(#18084),#18089,.T.);
#18091=CARTESIAN_POINT('',(30.73698,-100.,491.12568));
#18092=VERTEX_POINT('',#18091);
#18093=DIRECTION('',(-0.96593,0.,-0.25882));
#18094=VECTOR('',#18093,3.37813);
#18095=LINE('',#18069,#18094);
#18096=EDGE_CURVE('',#18070,#18092,#18095,.T.);
#18097=ORIENTED_EDGE('',*,*,#18096,.T.);
#18098=DIRECTION('',(0.,-1.,0.));
#18099=VECTOR('',#18098,5.);
#18100=LINE('',#16595,#18099);
#18101=EDGE_CURVE('',#16596,#18092,#18100,.T.);
#18102=ORIENTED_EDGE('',*,*,#18101,.F.);
#18103=ORIENTED_EDGE('',*,*,#16600,.F.);
#18104=ORIENTED_EDGE('',*,*,#18079,.T.);
#18105=EDGE_LOOP('',(#18097,#18102,#18103,#18104));
#18106=FACE_OUTER_BOUND('',#18105,.T.);
#18107=CARTESIAN_POINT('',(34.,-100.,492.));
#18108=DIRECTION('',(0.25882,0.,-0.96593));
#18109=DIRECTION('',(-0.96593,0.,-0.25882));
#18110=AXIS2_PLACEMENT_3D('',#18107,#18108,#18109);
#18111=PLANE('',#18110);
#18112=ADVANCED_FACE('',(#18106),#18111,.T.);
#18113=CARTESIAN_POINT('',(27.,-100.,490.12436));
#18114=VERTEX_POINT('',#18113);
#18115=DIRECTION('',(-0.96593,0.,-0.25882));
#18116=VECTOR('',#18115,3.8688);
#18117=LINE('',#18091,#18116);
#18118=EDGE_CURVE('',#18092,#18114,#18117,.T.);
#18119=ORIENTED_EDGE('',*,*,#18118,.T.);
#18120=DIRECTION('',(0.,-1.,0.));
#18121=VECTOR('',#18120,5.);
#18122=LINE('',#16617,#18121);
#18123=EDGE_CURVE('',#16618,#18114,#18122,.T.);
#18124=ORIENTED_EDGE('',*,*,#18123,.F.);
#18125=ORIENTED_EDGE('',*,*,#16622,.F.);
#18126=ORIENTED_EDGE('',*,*,#18101,.T.);
#18127=EDGE_LOOP('',(#18119,#18124,#18125,#18126));
#18128=FACE_OUTER_BOUND('',#18127,.T.);
#18129=CARTESIAN_POINT('',(30.73698,-100.,491.12568));
#18130=DIRECTION('',(0.25882,0.,-0.96593));
#18131=DIRECTION('',(-0.96593,0.,-0.25882));
#18132=AXIS2_PLACEMENT_3D('',#18129,#18130,#18131);
#18133=PLANE('',#18132);
#18134=ADVANCED_FACE('',(#18128),#18133,.T.);
#18135=CARTESIAN_POINT('',(22.31697,-100.,485.44133));
#18136=VERTEX_POINT('',#18135);
#18137=DIRECTION('',(-0.70711,0.,-0.70711));
#18138=VECTOR('',#18137,6.6228);
#18139=LINE('',#18113,#18138);
#18140=EDGE_CURVE('',#18114,#18136,#18139,.T.);
#18141=ORIENTED_EDGE('',*,*,#18140,.T.);
#18142=DIRECTION('',(0.,-1.,0.));
#18143=VECTOR('',#18142,5.);
#18144=LINE('',#16639,#18143);
#18145=EDGE_CURVE('',#16640,#18136,#18144,.T.);
#18146=ORIENTED_EDGE('',*,*,#18145,.F.);
#18147=ORIENTED_EDGE('',*,*,#16644,.F.);
#18148=ORIENTED_EDGE('',*,*,#18123,.T.);
#18149=EDGE_LOOP('',(#18141,#18146,#18147,#18148));
#18150=FACE_OUTER_BOUND('',#18149,.T.);
#18151=CARTESIAN_POINT('',(27.,-100.,490.12436));
#18152=DIRECTION('',(0.70711,0.,-0.70711));
#18153=DIRECTION('',(-0.70711,0.,-0.70711));
#18154=AXIS2_PLACEMENT_3D('',#18151,#18152,#18153);
#18155=PLANE('',#18154);
#18156=ADVANCED_FACE('',(#18150),#18155,.T.);
#18157=CARTESIAN_POINT('',(21.87564,-100.,485.));
#18158=VERTEX_POINT('',#18157);
#18159=DIRECTION('',(-0.70711,0.,-0.70711));
#18160=VECTOR('',#18159,0.62413);
#18161=LINE('',#18135,#18160);
#18162=EDGE_CURVE('',#18136,#18158,#18161,.T.);
#18163=ORIENTED_EDGE('',*,*,#18162,.T.);
#18164=DIRECTION('',(0.,-1.,0.));
#18165=VECTOR('',#18164,5.);
#18166=LINE('',#16661,#18165);
#18167=EDGE_CURVE('',#16662,#18158,#18166,.T.);
#18168=ORIENTED_EDGE('',*,*,#18167,.F.);
#18169=ORIENTED_EDGE('',*,*,#16666,.F.);
#18170=ORIENTED_EDGE('',*,*,#18145,.T.);
#18171=EDGE_LOOP('',(#18163,#18168,#18169,#18170));
#18172=FACE_OUTER_BOUND('',#18171,.T.);
#18173=CARTESIAN_POINT('',(22.31697,-100.,485.44133));
#18174=DIRECTION('',(0.70711,0.,-0.70711));
#18175=DIRECTION('',(-0.70711,0.,-0.70711));
#18176=AXIS2_PLACEMENT_3D('',#18173,#18174,#18175);
#18177=PLANE('',#18176);
#18178=ADVANCED_FACE('',(#18172),#18177,.T.);
#18179=CARTESIAN_POINT('',(20.,-100.,478.));
#18180=VERTEX_POINT('',#18179);
#18181=DIRECTION('',(-0.25882,0.,-0.96593));
#18182=VECTOR('',#18181,7.24693);
#18183=LINE('',#18157,#18182);
#18184=EDGE_CURVE('',#18158,#18180,#18183,.T.);
#18185=ORIENTED_EDGE('',*,*,#18184,.T.);
#18186=DIRECTION('',(0.,-1.,0.));
#18187=VECTOR('',#18186,5.);
#18188=LINE('',#16683,#18187);
#18189=EDGE_CURVE('',#16684,#18180,#18188,.T.);
#18190=ORIENTED_EDGE('',*,*,#18189,.F.);
#18191=ORIENTED_EDGE('',*,*,#16688,.F.);
#18192=ORIENTED_EDGE('',*,*,#18167,.T.);
#18193=EDGE_LOOP('',(#18185,#18190,#18191,#18192));
#18194=FACE_OUTER_BOUND('',#18193,.T.);
#18195=CARTESIAN_POINT('',(21.87564,-100.,485.));
#18196=DIRECTION('',(0.96593,0.,-0.25882));
#18197=DIRECTION('',(-0.25882,0.,-0.96593));
#18198=AXIS2_PLACEMENT_3D('',#18195,#18196,#18197);
#18199=PLANE('',#18198);
#18200=ADVANCED_FACE('',(#18194),#18199,.T.);
#18201=CARTESIAN_POINT('',(20.,-100.,464.49742));
#18202=VERTEX_POINT('',#18201);
#18203=DIRECTION('',(0.,0.,-1.));
#18204=VECTOR('',#18203,13.50258);
#18205=LINE('',#18179,#18204);
#18206=EDGE_CURVE('',#18180,#18202,#18205,.T.);
#18207=ORIENTED_EDGE('',*,*,#18206,.T.);
#18208=DIRECTION('',(0.,-1.,0.));
#18209=VECTOR('',#18208,5.);
#18210=LINE('',#16705,#18209);
#18211=EDGE_CURVE('',#16706,#18202,#18210,.T.);
#18212=ORIENTED_EDGE('',*,*,#18211,.F.);
#18213=ORIENTED_EDGE('',*,*,#16710,.F.);
#18214=ORIENTED_EDGE('',*,*,#18189,.T.);
#18215=EDGE_LOOP('',(#18207,#18212,#18213,#18214));
#18216=FACE_OUTER_BOUND('',#18215,.T.);
#18217=CARTESIAN_POINT('',(20.,-100.,478.));
#18218=DIRECTION('',(1.,0.,0.));
#18219=DIRECTION('',(0.,0.,-1.));
#18220=AXIS2_PLACEMENT_3D('',#18217,#18218,#18219);
#18221=PLANE('',#18220);
#18222=ADVANCED_FACE('',(#18216),#18221,.T.);
#18223=CARTESIAN_POINT('',(20.,-100.,427.59798));
#18224=VERTEX_POINT('',#18223);
#18225=DIRECTION('',(0.,0.,-1.));
#18226=VECTOR('',#18225,36.89944);
#18227=LINE('',#18201,#18226);
#18228=EDGE_CURVE('',#18202,#18224,#18227,.T.);
#18229=ORIENTED_EDGE('',*,*,#18228,.T.);
#18230=DIRECTION('',(0.,-1.,0.));
#18231=VECTOR('',#18230,5.);
#18232=LINE('',#16727,#18231);
#18233=EDGE_CURVE('',#16728,#18224,#18232,.T.);
#18234=ORIENTED_EDGE('',*,*,#18233,.F.);
#18235=ORIENTED_EDGE('',*,*,#16732,.F.);
#18236=ORIENTED_EDGE('',*,*,#18211,.T.);
#18237=EDGE_LOOP('',(#18229,#18234,#18235,#18236));
#18238=FACE_OUTER_BOUND('',#18237,.T.);
#18239=CARTESIAN_POINT('',(20.,-100.,464.49742));
#18240=DIRECTION('',(1.,0.,0.));
#18241=DIRECTION('',(0.,0.,-1.));
#18242=AXIS2_PLACEMENT_3D('',#18239,#18240,#18241);
#18243=PLANE('',#18242);
#18244=ADVANCED_FACE('',(#18238),#18243,.T.);
#18245=CARTESIAN_POINT('',(20.,-100.,408.49742));
#18246=VERTEX_POINT('',#18245);
#18247=DIRECTION('',(0.,0.,-1.));
#18248=VECTOR('',#18247,19.10056);
#18249=LINE('',#18223,#18248);
#18250=EDGE_CURVE('',#18224,#18246,#18249,.T.);
#18251=ORIENTED_EDGE('',*,*,#18250,.T.);
#18252=DIRECTION('',(0.,-1.,0.));
#18253=VECTOR('',#18252,5.);
#18254=LINE('',#16749,#18253);
#18255=EDGE_CURVE('',#16750,#18246,#18254,.T.);
#18256=ORIENTED_EDGE('',*,*,#18255,.F.);
#18257=ORIENTED_EDGE('',*,*,#16754,.F.);
#18258=ORIENTED_EDGE('',*,*,#18233,.T.);
#18259=EDGE_LOOP('',(#18251,#18256,#18257,#18258));
#18260=FACE_OUTER_BOUND('',#18259,.T.);
#18261=CARTESIAN_POINT('',(20.,-100.,427.59798));
#18262=DIRECTION('',(1.,0.,0.));
#18263=DIRECTION('',(0.,0.,-1.));
#18264=AXIS2_PLACEMENT_3D('',#18261,#18262,#18263);
#18265=PLANE('',#18264);
#18266=ADVANCED_FACE('',(#18260),#18265,.T.);
#18267=CARTESIAN_POINT('',(20.,-100.,396.49031));
#18268=VERTEX_POINT('',#18267);
#18269=DIRECTION('',(0.,0.,-1.));
#18270=VECTOR('',#18269,12.00711);
#18271=LINE('',#18245,#18270);
#18272=EDGE_CURVE('',#18246,#18268,#18271,.T.);
#18273=ORIENTED_EDGE('',*,*,#18272,.T.);
#18274=DIRECTION('',(0.,-1.,0.));
#18275=VECTOR('',#18274,5.);
#18276=LINE('',#16771,#18275);
#18277=EDGE_CURVE('',#16772,#18268,#18276,.T.);
#18278=ORIENTED_EDGE('',*,*,#18277,.F.);
#18279=ORIENTED_EDGE('',*,*,#16776,.F.);
#18280=ORIENTED_EDGE('',*,*,#18255,.T.);
#18281=EDGE_LOOP('',(#18273,#18278,#18279,#18280));
#18282=FACE_OUTER_BOUND('',#18281,.T.);
#18283=CARTESIAN_POINT('',(20.,-100.,408.49742));
#18284=DIRECTION('',(1.,0.,0.));
#18285=DIRECTION('',(0.,0.,-1.));
#18286=AXIS2_PLACEMENT_3D('',#18283,#18284,#18285);
#18287=PLANE('',#18286);
#18288=ADVANCED_FACE('',(#18282),#18287,.T.);
#18289=CARTESIAN_POINT('',(20.,-100.,388.));
#18290=VERTEX_POINT('',#18289);
#18291=DIRECTION('',(0.,0.,-1.));
#18292=VECTOR('',#18291,8.49031);
#18293=LINE('',#18267,#18292);
#18294=EDGE_CURVE('',#18268,#18290,#18293,.T.);
#18295=ORIENTED_EDGE('',*,*,#18294,.T.);
#18296=DIRECTION('',(0.,-1.,0.));
#18297=VECTOR('',#18296,5.);
#18298=LINE('',#16793,#18297);
#18299=EDGE_CURVE('',#16794,#18290,#18298,.T.);
#18300=ORIENTED_EDGE('',*,*,#18299,.F.);
#18301=ORIENTED_EDGE('',*,*,#16798,.F.);
#18302=ORIENTED_EDGE('',*,*,#18277,.T.);
#18303=EDGE_LOOP('',(#18295,#18300,#18301,#18302));
#18304=FACE_OUTER_BOUND('',#18303,.T.);
#18305=CARTESIAN_POINT('',(20.,-100.,396.49031));
#18306=DIRECTION('',(1.,0.,0.));
#18307=DIRECTION('',(0.,0.,-1.));
#18308=AXIS2_PLACEMENT_3D('',#18305,#18306,#18307);
#18309=PLANE('',#18308);
#18310=ADVANCED_FACE('',(#18304),#18309,.T.);
#18311=CARTESIAN_POINT('',(20.,-100.,381.48516));
#18312=VERTEX_POINT('',#18311);
#18313=DIRECTION('',(0.,0.,-1.));
#18314=VECTOR('',#18313,6.51484);
#18315=LINE('',#18289,#18314);
#18316=EDGE_CURVE('',#18290,#18312,#18315,.T.);
#18317=ORIENTED_EDGE('',*,*,#18316,.T.);
#18318=DIRECTION('',(0.,-1.,0.));
#18319=VECTOR('',#18318,5.);
#18320=LINE('',#16815,#18319);
#18321=EDGE_CURVE('',#16816,#18312,#18320,.T.);
#18322=ORIENTED_EDGE('',*,*,#18321,.F.);
#18323=ORIENTED_EDGE('',*,*,#16820,.F.);
#18324=ORIENTED_EDGE('',*,*,#18299,.T.);
#18325=EDGE_LOOP('',(#18317,#18322,#18323,#18324));
#18326=FACE_OUTER_BOUND('',#18325,.T.);
#18327=CARTESIAN_POINT('',(20.,-100.,388.));
#18328=DIRECTION('',(1.,0.,0.));
#18329=DIRECTION('',(0.,0.,-1.));
#18330=AXIS2_PLACEMENT_3D('',#18327,#18328,#18329);
#18331=PLANE('',#18330);
#18332=ADVANCED_FACE('',(#18326),#18331,.T.);
#18333=CARTESIAN_POINT('',(20.,-100.,376.16581));
#18334=VERTEX_POINT('',#18333);
#18335=DIRECTION('',(0.,0.,-1.));
#18336=VECTOR('',#18335,5.31935);
#18337=LINE('',#18311,#18336);
#18338=EDGE_CURVE('',#18312,#18334,#18337,.T.);
#18339=ORIENTED_EDGE('',*,*,#18338,.T.);
#18340=DIRECTION('',(0.,-1.,0.));
#18341=VECTOR('',#18340,5.);
#18342=LINE('',#16837,#18341);
#18343=EDGE_CURVE('',#16838,#18334,#18342,.T.);
#18344=ORIENTED_EDGE('',*,*,#18343,.F.);
#18345=ORIENTED_EDGE('',*,*,#16842,.F.);
#18346=ORIENTED_EDGE('',*,*,#18321,.T.);
#18347=EDGE_LOOP('',(#18339,#18344,#18345,#18346));
#18348=FACE_OUTER_BOUND('',#18347,.T.);
#18349=CARTESIAN_POINT('',(20.,-100.,381.48516));
#18350=DIRECTION('',(1.,0.,0.));
#18351=DIRECTION('',(0.,0.,-1.));
#18352=AXIS2_PLACEMENT_3D('',#18349,#18350,#18351);
#18353=PLANE('',#18352);
#18354=ADVANCED_FACE('',(#18348),#18353,.T.);
#18355=CARTESIAN_POINT('',(20.,-100.,371.59798));
#18356=VERTEX_POINT('',#18355);
#18357=DIRECTION('',(0.,0.,-1.));
#18358=VECTOR('',#18357,4.56783);
#18359=LINE('',#18333,#18358);
#18360=EDGE_CURVE('',#18334,#18356,#18359,.T.);
#18361=ORIENTED_EDGE('',*,*,#18360,.T.);
#18362=DIRECTION('',(0.,-1.,0.));
#18363=VECTOR('',#18362,5.);
#18364=LINE('',#16859,#18363);
#18365=EDGE_CURVE('',#16860,#18356,#18364,.T.);
#18366=ORIENTED_EDGE('',*,*,#18365,.F.);
#18367=ORIENTED_EDGE('',*,*,#16864,.F.);
#18368=ORIENTED_EDGE('',*,*,#18343,.T.);
#18369=EDGE_LOOP('',(#18361,#18366,#18367,#18368));
#18370=FACE_OUTER_BOUND('',#18369,.T.);
#18371=CARTESIAN_POINT('',(20.,-100.,376.16581));
#18372=DIRECTION('',(1.,0.,0.));
#18373=DIRECTION('',(0.,0.,-1.));
#18374=AXIS2_PLACEMENT_3D('',#18371,#18372,#18373);
#18375=PLANE('',#18374);
#18376=ADVANCED_FACE('',(#18370),#18375,.T.);
#18377=CARTESIAN_POINT('',(20.,-100.,367.50258));
#18378=VERTEX_POINT('',#18377);
#18379=DIRECTION('',(0.,0.,-1.));
#18380=VECTOR('',#18379,4.0954);
#18381=LINE('',#18355,#18380);
#18382=EDGE_CURVE('',#18356,#18378,#18381,.T.);
#18383=ORIENTED_EDGE('',*,*,#18382,.T.);
#18384=DIRECTION('',(0.,-1.,0.));
#18385=VECTOR('',#18384,5.);
#18386=LINE('',#16881,#18385);
#18387=EDGE_CURVE('',#16882,#18378,#18386,.T.);
#18388=ORIENTED_EDGE('',*,*,#18387,.F.);
#18389=ORIENTED_EDGE('',*,*,#16886,.F.);
#18390=ORIENTED_EDGE('',*,*,#18365,.T.);
#18391=EDGE_LOOP('',(#18383,#18388,#18389,#18390));
#18392=FACE_OUTER_BOUND('',#18391,.T.);
#18393=CARTESIAN_POINT('',(20.,-100.,371.59798));
#18394=DIRECTION('',(1.,0.,0.));
#18395=DIRECTION('',(0.,0.,-1.));
#18396=AXIS2_PLACEMENT_3D('',#18393,#18394,#18395);
#18397=PLANE('',#18396);
#18398=ADVANCED_FACE('',(#18392),#18397,.T.);
#18399=CARTESIAN_POINT('',(20.,-100.,363.68627));
#18400=VERTEX_POINT('',#18399);
#18401=DIRECTION('',(0.,0.,-1.));
#18402=VECTOR('',#18401,3.81631);
#18403=LINE('',#18377,#18402);
#18404=EDGE_CURVE('',#18378,#18400,#18403,.T.);
#18405=ORIENTED_EDGE('',*,*,#18404,.T.);
#18406=DIRECTION('',(0.,-1.,0.));
#18407=VECTOR('',#18406,5.);
#18408=LINE('',#16903,#18407);
#18409=EDGE_CURVE('',#16904,#18400,#18408,.T.);
#18410=ORIENTED_EDGE('',*,*,#18409,.F.);
#18411=ORIENTED_EDGE('',*,*,#16908,.F.);
#18412=ORIENTED_EDGE('',*,*,#18387,.T.);
#18413=EDGE_LOOP('',(#18405,#18410,#18411,#18412));
#18414=FACE_OUTER_BOUND('',#18413,.T.);
#18415=CARTESIAN_POINT('',(20.,-100.,367.50258));
#18416=DIRECTION('',(1.,0.,0.));
#18417=DIRECTION('',(0.,0.,-1.));
#18418=AXIS2_PLACEMENT_3D('',#18415,#18416,#18417);
#18419=PLANE('',#18418);
#18420=ADVANCED_FACE('',(#18414),#18419,.T.);
#18421=CARTESIAN_POINT('',(20.,-100.,360.));
#18422=VERTEX_POINT('',#18421);
#18423=DIRECTION('',(0.,0.,-1.));
#18424=VECTOR('',#18423,3.68627);
#18425=LINE('',#18399,#18424);
#18426=EDGE_CURVE('',#18400,#18422,#18425,.T.);
#18427=ORIENTED_EDGE('',*,*,#18426,.T.);
#18428=DIRECTION('',(0.,-1.,0.));
#18429=VECTOR('',#18428,5.);
#18430=LINE('',#16925,#18429);
#18431=EDGE_CURVE('',#16926,#18422,#18430,.T.);
#18432=ORIENTED_EDGE('',*,*,#18431,.F.);
#18433=ORIENTED_EDGE('',*,*,#16930,.F.);
#18434=ORIENTED_EDGE('',*,*,#18409,.T.);
#18435=EDGE_LOOP('',(#18427,#18432,#18433,#18434));
#18436=FACE_OUTER_BOUND('',#18435,.T.);
#18437=CARTESIAN_POINT('',(20.,-100.,363.68627));
#18438=DIRECTION('',(1.,0.,0.));
#18439=DIRECTION('',(0.,0.,-1.));
#18440=AXIS2_PLACEMENT_3D('',#18437,#18438,#18439);
#18441=PLANE('',#18440);
#18442=ADVANCED_FACE('',(#18436),#18441,.T.);
#18443=CARTESIAN_POINT('',(20.,-100.,356.31373));
#18444=VERTEX_POINT('',#18443);
#18445=DIRECTION('',(0.,0.,-1.));
#18446=VECTOR('',#18445,3.68627);
#18447=LINE('',#18421,#18446);
#18448=EDGE_CURVE('',#18422,#18444,#18447,.T.);
#18449=ORIENTED_EDGE('',*,*,#18448,.T.);
#18450=DIRECTION('',(0.,-1.,0.));
#18451=VECTOR('',#18450,5.);
#18452=LINE('',#16947,#18451);
#18453=EDGE_CURVE('',#16948,#18444,#18452,.T.);
#18454=ORIENTED_EDGE('',*,*,#18453,.F.);
#18455=ORIENTED_EDGE('',*,*,#16952,.F.);
#18456=ORIENTED_EDGE('',*,*,#18431,.T.);
#18457=EDGE_LOOP('',(#18449,#18454,#18455,#18456));
#18458=FACE_OUTER_BOUND('',#18457,.T.);
#18459=CARTESIAN_POINT('',(20.,-100.,360.));
#18460=DIRECTION('',(1.,0.,0.));
#18461=DIRECTION('',(0.,0.,-1.));
#18462=AXIS2_PLACEMENT_3D('',#18459,#18460,#18461);
#18463=PLANE('',#18462);
#18464=ADVANCED_FACE('',(#18458),#18463,.T.);
#18465=CARTESIAN_POINT('',(20.,-100.,352.49742));
#18466=VERTEX_POINT('',#18465);
#18467=DIRECTION('',(0.,0.,-1.));
#18468=VECTOR('',#18467,3.81631);
#18469=LINE('',#18443,#18468);
#18470=EDGE_CURVE('',#18444,#18466,#18469,.T.);
#18471=ORIENTED_EDGE('',*,*,#18470,.T.);
#18472=DIRECTION('',(0.,-1.,0.));
#18473=VECTOR('',#18472,5.);
#18474=LINE('',#16969,#18473);
#18475=EDGE_CURVE('',#16970,#18466,#18474,.T.);
#18476=ORIENTED_EDGE('',*,*,#18475,.F.);
#18477=ORIENTED_EDGE('',*,*,#16974,.F.);
#18478=ORIENTED_EDGE('',*,*,#18453,.T.);
#18479=EDGE_LOOP('',(#18471,#18476,#18477,#18478));
#18480=FACE_OUTER_BOUND('',#18479,.T.);
#18481=CARTESIAN_POINT('',(20.,-100.,356.31373));
#18482=DIRECTION('',(1.,0.,0.));
#18483=DIRECTION('',(0.,0.,-1.));
#18484=AXIS2_PLACEMENT_3D('',#18481,#18482,#18483);
#18485=PLANE('',#18484);
#18486=ADVANCED_FACE('',(#18480),#18485,.T.);
#18487=CARTESIAN_POINT('',(20.,-100.,348.40202));
#18488=VERTEX_POINT('',#18487);
#18489=DIRECTION('',(0.,0.,-1.));
#18490=VECTOR('',#18489,4.0954);
#18491=LINE('',#18465,#18490);
#18492=EDGE_CURVE('',#18466,#18488,#18491,.T.);
#18493=ORIENTED_EDGE('',*,*,#18492,.T.);
#18494=DIRECTION('',(0.,-1.,0.));
#18495=VECTOR('',#18494,5.);
#18496=LINE('',#16991,#18495);
#18497=EDGE_CURVE('',#16992,#18488,#18496,.T.);
#18498=ORIENTED_EDGE('',*,*,#18497,.F.);
#18499=ORIENTED_EDGE('',*,*,#16996,.F.);
#18500=ORIENTED_EDGE('',*,*,#18475,.T.);
#18501=EDGE_LOOP('',(#18493,#18498,#18499,#18500));
#18502=FACE_OUTER_BOUND('',#18501,.T.);
#18503=CARTESIAN_POINT('',(20.,-100.,352.49742));
#18504=DIRECTION('',(1.,0.,0.));
#18505=DIRECTION('',(0.,0.,-1.));
#18506=AXIS2_PLACEMENT_3D('',#18503,#18504,#18505);
#18507=PLANE('',#18506);
#18508=ADVANCED_FACE('',(#18502),#18507,.T.);
#18509=CARTESIAN_POINT('',(20.,-100.,343.83419));
#18510=VERTEX_POINT('',#18509);
#18511=DIRECTION('',(0.,0.,-1.));
#18512=VECTOR('',#18511,4.56783);
#18513=LINE('',#18487,#18512);
#18514=EDGE_CURVE('',#18488,#18510,#18513,.T.);
#18515=ORIENTED_EDGE('',*,*,#18514,.T.);
#18516=DIRECTION('',(0.,-1.,0.));
#18517=VECTOR('',#18516,5.);
#18518=LINE('',#17013,#18517);
#18519=EDGE_CURVE('',#17014,#18510,#18518,.T.);
#18520=ORIENTED_EDGE('',*,*,#18519,.F.);
#18521=ORIENTED_EDGE('',*,*,#17018,.F.);
#18522=ORIENTED_EDGE('',*,*,#18497,.T.);
#18523=EDGE_LOOP('',(#18515,#18520,#18521,#18522));
#18524=FACE_OUTER_BOUND('',#18523,.T.);
#18525=CARTESIAN_POINT('',(20.,-100.,348.40202));
#18526=DIRECTION('',(1.,0.,0.));
#18527=DIRECTION('',(0.,0.,-1.));
#18528=AXIS2_PLACEMENT_3D('',#18525,#18526,#18527);
#18529=PLANE('',#18528);
#18530=ADVANCED_FACE('',(#18524),#18529,.T.);
#18531=CARTESIAN_POINT('',(20.,-100.,338.51484));
#18532=VERTEX_POINT('',#18531);
#18533=DIRECTION('',(0.,0.,-1.));
#18534=VECTOR('',#18533,5.31935);
#18535=LINE('',#18509,#18534);
#18536=EDGE_CURVE('',#18510,#18532,#18535,.T.);
#18537=ORIENTED_EDGE('',*,*,#18536,.T.);
#18538=DIRECTION('',(0.,-1.,0.));
#18539=VECTOR('',#18538,5.);
#18540=LINE('',#17035,#18539);
#18541=EDGE_CURVE('',#17036,#18532,#18540,.T.);
#18542=ORIENTED_EDGE('',*,*,#18541,.F.);
#18543=ORIENTED_EDGE('',*,*,#17040,.F.);
#18544=ORIENTED_EDGE('',*,*,#18519,.T.);
#18545=EDGE_LOOP('',(#18537,#18542,#18543,#18544));
#18546=FACE_OUTER_BOUND('',#18545,.T.);
#18547=CARTESIAN_POINT('',(20.,-100.,343.83419));
#18548=DIRECTION('',(1.,0.,0.));
#18549=DIRECTION('',(0.,0.,-1.));
#18550=AXIS2_PLACEMENT_3D('',#18547,#18548,#18549);
#18551=PLANE('',#18550);
#18552=ADVANCED_FACE('',(#18546),#18551,.T.);
#18553=CARTESIAN_POINT('',(20.,-100.,332.));
#18554=VERTEX_POINT('',#18553);
#18555=DIRECTION('',(0.,0.,-1.));
#18556=VECTOR('',#18555,6.51484);
#18557=LINE('',#18531,#18556);
#18558=EDGE_CURVE('',#18532,#18554,#18557,.T.);
#18559=ORIENTED_EDGE('',*,*,#18558,.T.);
#18560=DIRECTION('',(0.,-1.,0.));
#18561=VECTOR('',#18560,5.);
#18562=LINE('',#17057,#18561);
#18563=EDGE_CURVE('',#17058,#18554,#18562,.T.);
#18564=ORIENTED_EDGE('',*,*,#18563,.F.);
#18565=ORIENTED_EDGE('',*,*,#17062,.F.);
#18566=ORIENTED_EDGE('',*,*,#18541,.T.);
#18567=EDGE_LOOP('',(#18559,#18564,#18565,#18566));
#18568=FACE_OUTER_BOUND('',#18567,.T.);
#18569=CARTESIAN_POINT('',(20.,-100.,338.51484));
#18570=DIRECTION('',(1.,0.,0.));
#18571=DIRECTION('',(0.,0.,-1.));
#18572=AXIS2_PLACEMENT_3D('',#18569,#18570,#18571);
#18573=PLANE('',#18572);
#18574=ADVANCED_FACE('',(#18568),#18573,.T.);
#18575=CARTESIAN_POINT('',(20.,-100.,323.50969));
#18576=VERTEX_POINT('',#18575);
#18577=DIRECTION('',(0.,0.,-1.));
#18578=VECTOR('',#18577,8.49031);
#18579=LINE('',#18553,#18578);
#18580=EDGE_CURVE('',#18554,#18576,#18579,.T.);
#18581=ORIENTED_EDGE('',*,*,#18580,.T.);
#18582=DIRECTION('',(0.,-1.,0.));
#18583=VECTOR('',#18582,5.);
#18584=LINE('',#17079,#18583);
#18585=EDGE_CURVE('',#17080,#18576,#18584,.T.);
#18586=ORIENTED_EDGE('',*,*,#18585,.F.);
#18587=ORIENTED_EDGE('',*,*,#17084,.F.);
#18588=ORIENTED_EDGE('',*,*,#18563,.T.);
#18589=EDGE_LOOP('',(#18581,#18586,#18587,#18588));
#18590=FACE_OUTER_BOUND('',#18589,.T.);
#18591=CARTESIAN_POINT('',(20.,-100.,332.));
#18592=DIRECTION('',(1.,0.,0.));
#18593=DIRECTION('',(0.,0.,-1.));
#18594=AXIS2_PLACEMENT_3D('',#18591,#18592,#18593);
#18595=PLANE('',#18594);
#18596=ADVANCED_FACE('',(#18590),#18595,.T.);
#18597=CARTESIAN_POINT('',(20.,-100.,311.50258));
#18598=VERTEX_POINT('',#18597);
#18599=DIRECTION('',(0.,0.,-1.));
#18600=VECTOR('',#18599,12.00711);
#18601=LINE('',#18575,#18600);
#18602=EDGE_CURVE('',#18576,#18598,#18601,.T.);
#18603=ORIENTED_EDGE('',*,*,#18602,.T.);
#18604=DIRECTION('',(0.,-1.,0.));
#18605=VECTOR('',#18604,5.);
#18606=LINE('',#17101,#18605);
#18607=EDGE_CURVE('',#17102,#18598,#18606,.T.);
#18608=ORIENTED_EDGE('',*,*,#18607,.F.);
#18609=ORIENTED_EDGE('',*,*,#17106,.F.);
#18610=ORIENTED_EDGE('',*,*,#18585,.T.);
#18611=EDGE_LOOP('',(#18603,#18608,#18609,#18610));
#18612=FACE_OUTER_BOUND('',#18611,.T.);
#18613=CARTESIAN_POINT('',(20.,-100.,323.50969));
#18614=DIRECTION('',(1.,0.,0.));
#18615=DIRECTION('',(0.,0.,-1.));
#18616=AXIS2_PLACEMENT_3D('',#18613,#18614,#18615);
#18617=PLANE('',#18616);
#18618=ADVANCED_FACE('',(#18612),#18617,.T.);
#18619=CARTESIAN_POINT('',(20.,-100.,292.40202));
#18620=VERTEX_POINT('',#18619);
#18621=DIRECTION('',(0.,0.,-1.));
#18622=VECTOR('',#18621,19.10056);
#18623=LINE('',#18597,#18622);
#18624=EDGE_CURVE('',#18598,#18620,#18623,.T.);
#18625=ORIENTED_EDGE('',*,*,#18624,.T.);
#18626=DIRECTION('',(0.,-1.,0.));
#18627=VECTOR('',#18626,5.);
#18628=LINE('',#17123,#18627);
#18629=EDGE_CURVE('',#17124,#18620,#18628,.T.);
#18630=ORIENTED_EDGE('',*,*,#18629,.F.);
#18631=ORIENTED_EDGE('',*,*,#17128,.F.);
#18632=ORIENTED_EDGE('',*,*,#18607,.T.);
#18633=EDGE_LOOP('',(#18625,#18630,#18631,#18632));
#18634=FACE_OUTER_BOUND('',#18633,.T.);
#18635=CARTESIAN_POINT('',(20.,-100.,311.50258));
#18636=DIRECTION('',(1.,0.,0.));
#18637=DIRECTION('',(0.,0.,-1.));
#18638=AXIS2_PLACEMENT_3D('',#18635,#18636,#18637);
#18639=PLANE('',#18638);
#18640=ADVANCED_FACE('',(#18634),#18639,.T.);
#18641=CARTESIAN_POINT('',(20.,-100.,255.50258));
#18642=VERTEX_POINT('',#18641);
#18643=DIRECTION('',(0.,0.,-1.));
#18644=VECTOR('',#18643,36.89944);
#18645=LINE('',#18619,#18644);
#18646=EDGE_CURVE('',#18620,#18642,#18645,.T.);
#18647=ORIENTED_EDGE('',*,*,#18646,.T.);
#18648=DIRECTION('',(0.,-1.,0.));
#18649=VECTOR('',#18648,5.);
#18650=LINE('',#17145,#18649);
#18651=EDGE_CURVE('',#17146,#18642,#18650,.T.);
#18652=ORIENTED_EDGE('',*,*,#18651,.F.);
#18653=ORIENTED_EDGE('',*,*,#17150,.F.);
#18654=ORIENTED_EDGE('',*,*,#18629,.T.);
#18655=EDGE_LOOP('',(#18647,#18652,#18653,#18654));
#18656=FACE_OUTER_BOUND('',#18655,.T.);
#18657=CARTESIAN_POINT('',(20.,-100.,292.40202));
#18658=DIRECTION('',(1.,0.,0.));
#18659=DIRECTION('',(0.,0.,-1.));
#18660=AXIS2_PLACEMENT_3D('',#18657,#18658,#18659);
#18661=PLANE('',#18660);
#18662=ADVANCED_FACE('',(#18656),#18661,.T.);
#18663=CARTESIAN_POINT('',(20.,-100.,253.89474));
#18664=VERTEX_POINT('',#18663);
#18665=DIRECTION('',(0.,0.,-1.));
#18666=VECTOR('',#18665,1.60784);
#18667=LINE('',#18641,#18666);
#18668=EDGE_CURVE('',#18642,#18664,#18667,.T.);
#18669=ORIENTED_EDGE('',*,*,#18668,.T.);
#18670=DIRECTION('',(0.,-1.,0.));
#18671=VECTOR('',#18670,5.);
#18672=LINE('',#17167,#18671);
#18673=EDGE_CURVE('',#17168,#18664,#18672,.T.);
#18674=ORIENTED_EDGE('',*,*,#18673,.F.);
#18675=ORIENTED_EDGE('',*,*,#17172,.F.);
#18676=ORIENTED_EDGE('',*,*,#18651,.T.);
#18677=EDGE_LOOP('',(#18669,#18674,#18675,#18676));
#18678=FACE_OUTER_BOUND('',#18677,.T.);
#18679=CARTESIAN_POINT('',(20.,-100.,255.50258));
#18680=DIRECTION('',(1.,0.,0.));
#18681=DIRECTION('',(0.,0.,-1.));
#18682=AXIS2_PLACEMENT_3D('',#18679,#18680,#18681);
#18683=PLANE('',#18682);
#18684=ADVANCED_FACE('',(#18678),#18683,.T.);
#18685=CARTESIAN_POINT('',(20.,-100.,242.));
#18686=VERTEX_POINT('',#18685);
#18687=DIRECTION('',(0.,0.,-1.));
#18688=VECTOR('',#18687,11.89474);
#18689=LINE('',#18663,#18688);
#18690=EDGE_CURVE('',#18664,#18686,#18689,.T.);
#18691=ORIENTED_EDGE('',*,*,#18690,.T.);
#18692=DIRECTION('',(0.,-1.,0.));
#18693=VECTOR('',#18692,5.);
#18694=LINE('',#17189,#18693);
#18695=EDGE_CURVE('',#17190,#18686,#18694,.T.);
#18696=ORIENTED_EDGE('',*,*,#18695,.F.);
#18697=ORIENTED_EDGE('',*,*,#17194,.F.);
#18698=ORIENTED_EDGE('',*,*,#18673,.T.);
#18699=EDGE_LOOP('',(#18691,#18696,#18697,#18698));
#18700=FACE_OUTER_BOUND('',#18699,.T.);
#18701=CARTESIAN_POINT('',(20.,-100.,253.89474));
#18702=DIRECTION('',(1.,0.,0.));
#18703=DIRECTION('',(0.,0.,-1.));
#18704=AXIS2_PLACEMENT_3D('',#18701,#18702,#18703);
#18705=PLANE('',#18704);
#18706=ADVANCED_FACE('',(#18700),#18705,.T.);
#18707=CARTESIAN_POINT('',(21.87564,-100.,235.));
#18708=VERTEX_POINT('',#18707);
#18709=DIRECTION('',(0.25882,0.,-0.96593));
#18710=VECTOR('',#18709,7.24693);
#18711=LINE('',#18685,#18710);
#18712=EDGE_CURVE('',#18686,#18708,#18711,.T.);
#18713=ORIENTED_EDGE('',*,*,#18712,.T.);
#18714=DIRECTION('',(0.,-1.,0.));
#18715=VECTOR('',#18714,5.);
#18716=LINE('',#17211,#18715);
#18717=EDGE_CURVE('',#17212,#18708,#18716,.T.);
#18718=ORIENTED_EDGE('',*,*,#18717,.F.);
#18719=ORIENTED_EDGE('',*,*,#17216,.F.);
#18720=ORIENTED_EDGE('',*,*,#18695,.T.);
#18721=EDGE_LOOP('',(#18713,#18718,#18719,#18720));
#18722=FACE_OUTER_BOUND('',#18721,.T.);
#18723=CARTESIAN_POINT('',(20.,-100.,242.));
#18724=DIRECTION('',(0.96593,0.,0.25882));
#18725=DIRECTION('',(0.25882,0.,-0.96593));
#18726=AXIS2_PLACEMENT_3D('',#18723,#18724,#18725);
#18727=PLANE('',#18726);
#18728=ADVANCED_FACE('',(#18722),#18727,.T.);
#18729=CARTESIAN_POINT('',(27.,-100.,229.87564));
#18730=VERTEX_POINT('',#18729);
#18731=DIRECTION('',(0.70711,0.,-0.70711));
#18732=VECTOR('',#18731,7.24693);
#18733=LINE('',#18707,#18732);
#18734=EDGE_CURVE('',#18708,#18730,#18733,.T.);
#18735=ORIENTED_EDGE('',*,*,#18734,.T.);
#18736=DIRECTION('',(0.,-1.,0.));
#18737=VECTOR('',#18736,5.);
#18738=LINE('',#17233,#18737);
#18739=EDGE_CURVE('',#17234,#18730,#18738,.T.);
#18740=ORIENTED_EDGE('',*,*,#18739,.F.);
#18741=ORIENTED_EDGE('',*,*,#17238,.F.);
#18742=ORIENTED_EDGE('',*,*,#18717,.T.);
#18743=EDGE_LOOP('',(#18735,#18740,#18741,#18742));
#18744=FACE_OUTER_BOUND('',#18743,.T.);
#18745=CARTESIAN_POINT('',(21.87564,-100.,235.));
#18746=DIRECTION('',(0.70711,0.,0.70711));
#18747=DIRECTION('',(0.70711,0.,-0.70711));
#18748=AXIS2_PLACEMENT_3D('',#18745,#18746,#18747);
#18749=PLANE('',#18748);
#18750=ADVANCED_FACE('',(#18744),#18749,.T.);
#18751=CARTESIAN_POINT('',(30.73698,-100.,228.87432));
#18752=VERTEX_POINT('',#18751);
#18753=DIRECTION('',(0.96593,0.,-0.25882));
#18754=VECTOR('',#18753,3.8688);
#18755=LINE('',#18729,#18754);
#18756=EDGE_CURVE('',#18730,#18752,#18755,.T.);
#18757=ORIENTED_EDGE('',*,*,#18756,.T.);
#18758=DIRECTION('',(0.,-1.,0.));
#18759=VECTOR('',#18758,5.);
#18760=LINE('',#17255,#18759);
#18761=EDGE_CURVE('',#17256,#18752,#18760,.T.);
#18762=ORIENTED_EDGE('',*,*,#18761,.F.);
#18763=ORIENTED_EDGE('',*,*,#17260,.F.);
#18764=ORIENTED_EDGE('',*,*,#18739,.T.);
#18765=EDGE_LOOP('',(#18757,#18762,#18763,#18764));
#18766=FACE_OUTER_BOUND('',#18765,.T.);
#18767=CARTESIAN_POINT('',(27.,-100.,229.87564));
#18768=DIRECTION('',(0.25882,0.,0.96593));
#18769=DIRECTION('',(0.96593,0.,-0.25882));
#18770=AXIS2_PLACEMENT_3D('',#18767,#18768,#18769);
#18771=PLANE('',#18770);
#18772=ADVANCED_FACE('',(#18766),#18771,.T.);
#18773=CARTESIAN_POINT('',(34.,-100.,228.));
#18774=VERTEX_POINT('',#18773);
#18775=DIRECTION('',(0.96593,0.,-0.25882));
#18776=VECTOR('',#18775,3.37813);
#18777=LINE('',#18751,#18776);
#18778=EDGE_CURVE('',#18752,#18774,#18777,.T.);
#18779=ORIENTED_EDGE('',*,*,#18778,.T.);
#18780=DIRECTION('',(0.,-1.,0.));
#18781=VECTOR('',#18780,5.);
#18782=LINE('',#17277,#18781);
#18783=EDGE_CURVE('',#17278,#18774,#18782,.T.);
#18784=ORIENTED_EDGE('',*,*,#18783,.F.);
#18785=ORIENTED_EDGE('',*,*,#17282,.F.);
#18786=ORIENTED_EDGE('',*,*,#18761,.T.);
#18787=EDGE_LOOP('',(#18779,#18784,#18785,#18786));
#18788=FACE_OUTER_BOUND('',#18787,.T.);
#18789=CARTESIAN_POINT('',(30.73698,-100.,228.87432));
#18790=DIRECTION('',(0.25882,0.,0.96593));
#18791=DIRECTION('',(0.96593,0.,-0.25882));
#18792=AXIS2_PLACEMENT_3D('',#18789,#18790,#18791);
#18793=PLANE('',#18792);
#18794=ADVANCED_FACE('',(#18788),#18793,.T.);
#18795=CARTESIAN_POINT('',(48.,-100.,228.));
#18796=VERTEX_POINT('',#18795);
#18797=DIRECTION('',(1.,0.,0.));
#18798=VECTOR('',#18797,14.);
#18799=LINE('',#18773,#18798);
#18800=EDGE_CURVE('',#18774,#18796,#18799,.T.);
#18801=ORIENTED_EDGE('',*,*,#18800,.T.);
#18802=DIRECTION('',(0.,-1.,0.));
#18803=VECTOR('',#18802,5.);
#18804=LINE('',#17299,#18803);
#18805=EDGE_CURVE('',#17300,#18796,#18804,.T.);
#18806=ORIENTED_EDGE('',*,*,#18805,.F.);
#18807=ORIENTED_EDGE('',*,*,#17304,.F.);
#18808=ORIENTED_EDGE('',*,*,#18783,.T.);
#18809=EDGE_LOOP('',(#18801,#18806,#18807,#18808));
#18810=FACE_OUTER_BOUND('',#18809,.T.);
#18811=CARTESIAN_POINT('',(34.,-100.,228.));
#18812=DIRECTION('',(0.,0.,1.));
#18813=DIRECTION('',(1.,0.,0.));
#18814=AXIS2_PLACEMENT_3D('',#18811,#18812,#18813);
#18815=PLANE('',#18814);
#18816=ADVANCED_FACE('',(#18810),#18815,.T.);
#18817=CARTESIAN_POINT('',(62.,-100.,228.));
#18818=VERTEX_POINT('',#18817);
#18819=DIRECTION('',(1.,0.,0.));
#18820=VECTOR('',#18819,14.);
#18821=LINE('',#18795,#18820);
#18822=EDGE_CURVE('',#18796,#18818,#18821,.T.);
#18823=ORIENTED_EDGE('',*,*,#18822,.T.);
#18824=DIRECTION('',(0.,-1.,0.));
#18825=VECTOR('',#18824,5.);
#18826=LINE('',#17321,#18825);
#18827=EDGE_CURVE('',#17322,#18818,#18826,.T.);
#18828=ORIENTED_EDGE('',*,*,#18827,.F.);
#18829=ORIENTED_EDGE('',*,*,#17326,.F.);
#18830=ORIENTED_EDGE('',*,*,#18805,.T.);
#18831=EDGE_LOOP('',(#18823,#18828,#18829,#18830));
#18832=FACE_OUTER_BOUND('',#18831,.T.);
#18833=CARTESIAN_POINT('',(48.,-100.,228.));
#18834=DIRECTION('',(0.,0.,1.));
#18835=DIRECTION('',(1.,0.,0.));
#18836=AXIS2_PLACEMENT_3D('',#18833,#18834,#18835);
#18837=PLANE('',#18836);
#18838=ADVANCED_FACE('',(#18832),#18837,.T.);
#18839=CARTESIAN_POINT('',(65.26302,-100.,228.87432));
#18840=VERTEX_POINT('',#18839);
#18841=DIRECTION('',(0.96593,0.,0.25882));
#18842=VECTOR('',#18841,3.37813);
#18843=LINE('',#18817,#18842);
#18844=EDGE_CURVE('',#18818,#18840,#18843,.T.);
#18845=ORIENTED_EDGE('',*,*,#18844,.T.);
#18846=DIRECTION('',(0.,-1.,0.));
#18847=VECTOR('',#18846,5.);
#18848=LINE('',#17343,#18847);
#18849=EDGE_CURVE('',#17344,#18840,#18848,.T.);
#18850=ORIENTED_EDGE('',*,*,#18849,.F.);
#18851=ORIENTED_EDGE('',*,*,#17348,.F.);
#18852=ORIENTED_EDGE('',*,*,#18827,.T.);
#18853=EDGE_LOOP('',(#18845,#18850,#18851,#18852));
#18854=FACE_OUTER_BOUND('',#18853,.T.);
#18855=CARTESIAN_POINT('',(62.,-100.,228.));
#18856=DIRECTION('',(-0.25882,0.,0.96593));
#18857=DIRECTION('',(0.96593,0.,0.25882));
#18858=AXIS2_PLACEMENT_3D('',#18855,#18856,#18857);
#18859=PLANE('',#18858);
#18860=ADVANCED_FACE('',(#18854),#18859,.T.);
#18861=CARTESIAN_POINT('',(69.,-100.,229.87564));
#18862=VERTEX_POINT('',#18861);
#18863=DIRECTION('',(0.96593,0.,0.25882));
#18864=VECTOR('',#18863,3.8688);
#18865=LINE('',#18839,#18864);
#18866=EDGE_CURVE('',#18840,#18862,#18865,.T.);
#18867=ORIENTED_EDGE('',*,*,#18866,.T.);
#18868=DIRECTION('',(0.,-1.,0.));
#18869=VECTOR('',#18868,5.);
#18870=LINE('',#17365,#18869);
#18871=EDGE_CURVE('',#17366,#18862,#18870,.T.);
#18872=ORIENTED_EDGE('',*,*,#18871,.F.);
#18873=ORIENTED_EDGE('',*,*,#17370,.F.);
#18874=ORIENTED_EDGE('',*,*,#18849,.T.);
#18875=EDGE_LOOP('',(#18867,#18872,#18873,#18874));
#18876=FACE_OUTER_BOUND('',#18875,.T.);
#18877=CARTESIAN_POINT('',(65.26302,-100.,228.87432));
#18878=DIRECTION('',(-0.25882,0.,0.96593));
#18879=DIRECTION('',(0.96593,0.,0.25882));
#18880=AXIS2_PLACEMENT_3D('',#18877,#18878,#18879);
#18881=PLANE('',#18880);
#18882=ADVANCED_FACE('',(#18876),#18881,.T.);
#18883=CARTESIAN_POINT('',(74.12436,-100.,235.));
#18884=VERTEX_POINT('',#18883);
#18885=DIRECTION('',(0.70711,0.,0.70711));
#18886=VECTOR('',#18885,7.24693);
#18887=LINE('',#18861,#18886);
#18888=EDGE_CURVE('',#18862,#18884,#18887,.T.);
#18889=ORIENTED_EDGE('',*,*,#18888,.T.);
#18890=DIRECTION('',(0.,-1.,0.));
#18891=VECTOR('',#18890,5.);
#18892=LINE('',#17387,#18891);
#18893=EDGE_CURVE('',#17388,#18884,#18892,.T.);
#18894=ORIENTED_EDGE('',*,*,#18893,.F.);
#18895=ORIENTED_EDGE('',*,*,#17392,.F.);
#18896=ORIENTED_EDGE('',*,*,#18871,.T.);
#18897=EDGE_LOOP('',(#18889,#18894,#18895,#18896));
#18898=FACE_OUTER_BOUND('',#18897,.T.);
#18899=CARTESIAN_POINT('',(69.,-100.,229.87564));
#18900=DIRECTION('',(-0.70711,0.,0.70711));
#18901=DIRECTION('',(0.70711,0.,0.70711));
#18902=AXIS2_PLACEMENT_3D('',#18899,#18900,#18901);
#18903=PLANE('',#18902);
#18904=ADVANCED_FACE('',(#18898),#18903,.T.);
#18905=CARTESIAN_POINT('',(76.,-100.,242.));
#18906=VERTEX_POINT('',#18905);
#18907=DIRECTION('',(0.25882,0.,0.96593));
#18908=VECTOR('',#18907,7.24693);
#18909=LINE('',#18883,#18908);
#18910=EDGE_CURVE('',#18884,#18906,#18909,.T.);
#18911=ORIENTED_EDGE('',*,*,#18910,.T.);
#18912=DIRECTION('',(0.,-1.,0.));
#18913=VECTOR('',#18912,5.);
#18914=LINE('',#17409,#18913);
#18915=EDGE_CURVE('',#17410,#18906,#18914,.T.);
#18916=ORIENTED_EDGE('',*,*,#18915,.F.);
#18917=ORIENTED_EDGE('',*,*,#17414,.F.);
#18918=ORIENTED_EDGE('',*,*,#18893,.T.);
#18919=EDGE_LOOP('',(#18911,#18916,#18917,#18918));
#18920=FACE_OUTER_BOUND('',#18919,.T.);
#18921=CARTESIAN_POINT('',(74.12436,-100.,235.));
#18922=DIRECTION('',(-0.96593,0.,0.25882));
#18923=DIRECTION('',(0.25882,0.,0.96593));
#18924=AXIS2_PLACEMENT_3D('',#18921,#18922,#18923);
#18925=PLANE('',#18924);
#18926=ADVANCED_FACE('',(#18920),#18925,.T.);
#18927=CARTESIAN_POINT('',(76.,-100.,252.76596));
#18928=VERTEX_POINT('',#18927);
#18929=DIRECTION('',(0.,0.,1.));
#18930=VECTOR('',#18929,10.76596);
#18931=LINE('',#18905,#18930);
#18932=EDGE_CURVE('',#18906,#18928,#18931,.T.);
#18933=ORIENTED_EDGE('',*,*,#18932,.T.);
#18934=DIRECTION('',(0.,-1.,0.));
#18935=VECTOR('',#18934,5.);
#18936=LINE('',#17431,#18935);
#18937=EDGE_CURVE('',#17432,#18928,#18936,.T.);
#18938=ORIENTED_EDGE('',*,*,#18937,.F.);
#18939=ORIENTED_EDGE('',*,*,#17436,.F.);
#18940=ORIENTED_EDGE('',*,*,#18915,.T.);
#18941=EDGE_LOOP('',(#18933,#18938,#18939,#18940));
#18942=FACE_OUTER_BOUND('',#18941,.T.);
#18943=CARTESIAN_POINT('',(76.,-100.,242.));
#18944=DIRECTION('',(-1.,0.,0.));
#18945=DIRECTION('',(0.,0.,1.));
#18946=AXIS2_PLACEMENT_3D('',#18943,#18944,#18945);
#18947=PLANE('',#18946);
#18948=ADVANCED_FACE('',(#18942),#18947,.T.);
#18949=CARTESIAN_POINT('',(76.,-100.,255.50258));
#18950=VERTEX_POINT('',#18949);
#18951=DIRECTION('',(0.,0.,1.));
#18952=VECTOR('',#18951,2.73662);
#18953=LINE('',#18927,#18952);
#18954=EDGE_CURVE('',#18928,#18950,#18953,.T.);
#18955=ORIENTED_EDGE('',*,*,#18954,.T.);
#18956=DIRECTION('',(0.,-1.,0.));
#18957=VECTOR('',#18956,5.);
#18958=LINE('',#17453,#18957);
#18959=EDGE_CURVE('',#17454,#18950,#18958,.T.);
#18960=ORIENTED_EDGE('',*,*,#18959,.F.);
#18961=ORIENTED_EDGE('',*,*,#17458,.F.);
#18962=ORIENTED_EDGE('',*,*,#18937,.T.);
#18963=EDGE_LOOP('',(#18955,#18960,#18961,#18962));
#18964=FACE_OUTER_BOUND('',#18963,.T.);
#18965=CARTESIAN_POINT('',(76.,-100.,252.76596));
#18966=DIRECTION('',(-1.,0.,0.));
#18967=DIRECTION('',(0.,0.,1.));
#18968=AXIS2_PLACEMENT_3D('',#18965,#18966,#18967);
#18969=PLANE('',#18968);
#18970=ADVANCED_FACE('',(#18964),#18969,.T.);
#18971=CARTESIAN_POINT('',(76.,-100.,292.40202));
#18972=VERTEX_POINT('',#18971);
#18973=DIRECTION('',(0.,0.,1.));
#18974=VECTOR('',#18973,36.89944);
#18975=LINE('',#18949,#18974);
#18976=EDGE_CURVE('',#18950,#18972,#18975,.T.);
#18977=ORIENTED_EDGE('',*,*,#18976,.T.);
#18978=DIRECTION('',(0.,-1.,0.));
#18979=VECTOR('',#18978,5.);
#18980=LINE('',#17475,#18979);
#18981=EDGE_CURVE('',#17476,#18972,#18980,.T.);
#18982=ORIENTED_EDGE('',*,*,#18981,.F.);
#18983=ORIENTED_EDGE('',*,*,#17480,.F.);
#18984=ORIENTED_EDGE('',*,*,#18959,.T.);
#18985=EDGE_LOOP('',(#18977,#18982,#18983,#18984));
#18986=FACE_OUTER_BOUND('',#18985,.T.);
#18987=CARTESIAN_POINT('',(76.,-100.,255.50258));
#18988=DIRECTION('',(-1.,0.,0.));
#18989=DIRECTION('',(0.,0.,1.));
#18990=AXIS2_PLACEMENT_3D('',#18987,#18988,#18989);
#18991=PLANE('',#18990);
#18992=ADVANCED_FACE('',(#18986),#18991,.T.);
#18993=CARTESIAN_POINT('',(76.,-100.,311.50258));
#18994=VERTEX_POINT('',#18993);
#18995=DIRECTION('',(0.,0.,1.));
#18996=VECTOR('',#18995,19.10056);
#18997=LINE('',#18971,#18996);
#18998=EDGE_CURVE('',#18972,#18994,#18997,.T.);
#18999=ORIENTED_EDGE('',*,*,#18998,.T.);
#19000=DIRECTION('',(0.,-1.,0.));
#19001=VECTOR('',#19000,5.);
#19002=LINE('',#17497,#19001);
#19003=EDGE_CURVE('',#17498,#18994,#19002,.T.);
#19004=ORIENTED_EDGE('',*,*,#19003,.F.);
#19005=ORIENTED_EDGE('',*,*,#17502,.F.);
#19006=ORIENTED_EDGE('',*,*,#18981,.T.);
#19007=EDGE_LOOP('',(#18999,#19004,#19005,#19006));
#19008=FACE_OUTER_BOUND('',#19007,.T.);
#19009=CARTESIAN_POINT('',(76.,-100.,292.40202));
#19010=DIRECTION('',(-1.,0.,0.));
#19011=DIRECTION('',(0.,0.,1.));
#19012=AXIS2_PLACEMENT_3D('',#19009,#19010,#19011);
#19013=PLANE('',#19012);
#19014=ADVANCED_FACE('',(#19008),#19013,.T.);
#19015=CARTESIAN_POINT('',(76.,-100.,323.50969));
#19016=VERTEX_POINT('',#19015);
#19017=DIRECTION('',(0.,0.,1.));
#19018=VECTOR('',#19017,12.00711);
#19019=LINE('',#18993,#19018);
#19020=EDGE_CURVE('',#18994,#19016,#19019,.T.);
#19021=ORIENTED_EDGE('',*,*,#19020,.T.);
#19022=DIRECTION('',(0.,-1.,0.));
#19023=VECTOR('',#19022,5.);
#19024=LINE('',#17519,#19023);
#19025=EDGE_CURVE('',#17520,#19016,#19024,.T.);
#19026=ORIENTED_EDGE('',*,*,#19025,.F.);
#19027=ORIENTED_EDGE('',*,*,#17524,.F.);
#19028=ORIENTED_EDGE('',*,*,#19003,.T.);
#19029=EDGE_LOOP('',(#19021,#19026,#19027,#19028));
#19030=FACE_OUTER_BOUND('',#19029,.T.);
#19031=CARTESIAN_POINT('',(76.,-100.,311.50258));
#19032=DIRECTION('',(-1.,0.,0.));
#19033=DIRECTION('',(0.,0.,1.));
#19034=AXIS2_PLACEMENT_3D('',#19031,#19032,#19033);
#19035=PLANE('',#19034);
#19036=ADVANCED_FACE('',(#19030),#19035,.T.);
#19037=CARTESIAN_POINT('',(76.,-100.,332.));
#19038=VERTEX_POINT('',#19037);
#19039=DIRECTION('',(0.,0.,1.));
#19040=VECTOR('',#19039,8.49031);
#19041=LINE('',#19015,#19040);
#19042=EDGE_CURVE('',#19016,#19038,#19041,.T.);
#19043=ORIENTED_EDGE('',*,*,#19042,.T.);
#19044=DIRECTION('',(0.,-1.,0.));
#19045=VECTOR('',#19044,5.);
#19046=LINE('',#17541,#19045);
#19047=EDGE_CURVE('',#17542,#19038,#19046,.T.);
#19048=ORIENTED_EDGE('',*,*,#19047,.F.);
#19049=ORIENTED_EDGE('',*,*,#17546,.F.);
#19050=ORIENTED_EDGE('',*,*,#19025,.T.);
#19051=EDGE_LOOP('',(#19043,#19048,#19049,#19050));
#19052=FACE_OUTER_BOUND('',#19051,.T.);
#19053=CARTESIAN_POINT('',(76.,-100.,323.50969));
#19054=DIRECTION('',(-1.,0.,0.));
#19055=DIRECTION('',(0.,0.,1.));
#19056=AXIS2_PLACEMENT_3D('',#19053,#19054,#19055);
#19057=PLANE('',#19056);
#19058=ADVANCED_FACE('',(#19052),#19057,.T.);
#19059=CARTESIAN_POINT('',(76.,-100.,338.51484));
#19060=VERTEX_POINT('',#19059);
#19061=DIRECTION('',(0.,0.,1.));
#19062=VECTOR('',#19061,6.51484);
#19063=LINE('',#19037,#19062);
#19064=EDGE_CURVE('',#19038,#19060,#19063,.T.);
#19065=ORIENTED_EDGE('',*,*,#19064,.T.);
#19066=DIRECTION('',(0.,-1.,0.));
#19067=VECTOR('',#19066,5.);
#19068=LINE('',#17563,#19067);
#19069=EDGE_CURVE('',#17564,#19060,#19068,.T.);
#19070=ORIENTED_EDGE('',*,*,#19069,.F.);
#19071=ORIENTED_EDGE('',*,*,#17568,.F.);
#19072=ORIENTED_EDGE('',*,*,#19047,.T.);
#19073=EDGE_LOOP('',(#19065,#19070,#19071,#19072));
#19074=FACE_OUTER_BOUND('',#19073,.T.);
#19075=CARTESIAN_POINT('',(76.,-100.,332.));
#19076=DIRECTION('',(-1.,0.,0.));
#19077=DIRECTION('',(0.,0.,1.));
#19078=AXIS2_PLACEMENT_3D('',#19075,#19076,#19077);
#19079=PLANE('',#19078);
#19080=ADVANCED_FACE('',(#19074),#19079,.T.);
#19081=CARTESIAN_POINT('',(76.,-100.,343.83419));
#19082=VERTEX_POINT('',#19081);
#19083=DIRECTION('',(0.,0.,1.));
#19084=VECTOR('',#19083,5.31935);
#19085=LINE('',#19059,#19084);
#19086=EDGE_CURVE('',#19060,#19082,#19085,.T.);
#19087=ORIENTED_EDGE('',*,*,#19086,.T.);
#19088=DIRECTION('',(0.,-1.,0.));
#19089=VECTOR('',#19088,5.);
#19090=LINE('',#17585,#19089);
#19091=EDGE_CURVE('',#17586,#19082,#19090,.T.);
#19092=ORIENTED_EDGE('',*,*,#19091,.F.);
#19093=ORIENTED_EDGE('',*,*,#17590,.F.);
#19094=ORIENTED_EDGE('',*,*,#19069,.T.);
#19095=EDGE_LOOP('',(#19087,#19092,#19093,#19094));
#19096=FACE_OUTER_BOUND('',#19095,.T.);
#19097=CARTESIAN_POINT('',(76.,-100.,338.51484));
#19098=DIRECTION('',(-1.,0.,0.));
#19099=DIRECTION('',(0.,0.,1.));
#19100=AXIS2_PLACEMENT_3D('',#19097,#19098,#19099);
#19101=PLANE('',#19100);
#19102=ADVANCED_FACE('',(#19096),#19101,.T.);
#19103=CARTESIAN_POINT('',(76.,-100.,348.40202));
#19104=VERTEX_POINT('',#19103);
#19105=DIRECTION('',(0.,0.,1.));
#19106=VECTOR('',#19105,4.56783);
#19107=LINE('',#19081,#19106);
#19108=EDGE_CURVE('',#19082,#19104,#19107,.T.);
#19109=ORIENTED_EDGE('',*,*,#19108,.T.);
#19110=DIRECTION('',(0.,-1.,0.));
#19111=VECTOR('',#19110,5.);
#19112=LINE('',#17607,#19111);
#19113=EDGE_CURVE('',#17608,#19104,#19112,.T.);
#19114=ORIENTED_EDGE('',*,*,#19113,.F.);
#19115=ORIENTED_EDGE('',*,*,#17612,.F.);
#19116=ORIENTED_EDGE('',*,*,#19091,.T.);
#19117=EDGE_LOOP('',(#19109,#19114,#19115,#19116));
#19118=FACE_OUTER_BOUND('',#19117,.T.);
#19119=CARTESIAN_POINT('',(76.,-100.,343.83419));
#19120=DIRECTION('',(-1.,0.,0.));
#19121=DIRECTION('',(0.,0.,1.));
#19122=AXIS2_PLACEMENT_3D('',#19119,#19120,#19121);
#19123=PLANE('',#19122);
#19124=ADVANCED_FACE('',(#19118),#19123,.T.);
#19125=CARTESIAN_POINT('',(76.,-100.,352.49742));
#19126=VERTEX_POINT('',#19125);
#19127=DIRECTION('',(0.,0.,1.));
#19128=VECTOR('',#19127,4.0954);
#19129=LINE('',#19103,#19128);
#19130=EDGE_CURVE('',#19104,#19126,#19129,.T.);
#19131=ORIENTED_EDGE('',*,*,#19130,.T.);
#19132=DIRECTION('',(0.,-1.,0.));
#19133=VECTOR('',#19132,5.);
#19134=LINE('',#17629,#19133);
#19135=EDGE_CURVE('',#17630,#19126,#19134,.T.);
#19136=ORIENTED_EDGE('',*,*,#19135,.F.);
#19137=ORIENTED_EDGE('',*,*,#17634,.F.);
#19138=ORIENTED_EDGE('',*,*,#19113,.T.);
#19139=EDGE_LOOP('',(#19131,#19136,#19137,#19138));
#19140=FACE_OUTER_BOUND('',#19139,.T.);
#19141=CARTESIAN_POINT('',(76.,-100.,348.40202));
#19142=DIRECTION('',(-1.,0.,0.));
#19143=DIRECTION('',(0.,0.,1.));
#19144=AXIS2_PLACEMENT_3D('',#19141,#19142,#19143);
#19145=PLANE('',#19144);
#19146=ADVANCED_FACE('',(#19140),#19145,.T.);
#19147=CARTESIAN_POINT('',(76.,-100.,356.31373));
#19148=VERTEX_POINT('',#19147);
#19149=DIRECTION('',(0.,0.,1.));
#19150=VECTOR('',#19149,3.81631);
#19151=LINE('',#19125,#19150);
#19152=EDGE_CURVE('',#19126,#19148,#19151,.T.);
#19153=ORIENTED_EDGE('',*,*,#19152,.T.);
#19154=DIRECTION('',(0.,-1.,0.));
#19155=VECTOR('',#19154,5.);
#19156=LINE('',#17651,#19155);
#19157=EDGE_CURVE('',#17652,#19148,#19156,.T.);
#19158=ORIENTED_EDGE('',*,*,#19157,.F.);
#19159=ORIENTED_EDGE('',*,*,#17656,.F.);
#19160=ORIENTED_EDGE('',*,*,#19135,.T.);
#19161=EDGE_LOOP('',(#19153,#19158,#19159,#19160));
#19162=FACE_OUTER_BOUND('',#19161,.T.);
#19163=CARTESIAN_POINT('',(76.,-100.,352.49742));
#19164=DIRECTION('',(-1.,0.,0.));
#19165=DIRECTION('',(0.,0.,1.));
#19166=AXIS2_PLACEMENT_3D('',#19163,#19164,#19165);
#19167=PLANE('',#19166);
#19168=ADVANCED_FACE('',(#19162),#19167,.T.);
#19169=DIRECTION('',(0.,0.,-1.));
#19170=VECTOR('',#19169,3.68627);
#19171=LINE('',#17689,#19170);
#19172=EDGE_CURVE('',#17690,#19148,#19171,.T.);
#19173=ORIENTED_EDGE('',*,*,#19172,.F.);
#19174=ORIENTED_EDGE('',*,*,#17707,.F.);
#19175=ORIENTED_EDGE('',*,*,#17676,.T.);
#19176=ORIENTED_EDGE('',*,*,#19157,.T.);
#19177=EDGE_LOOP('',(#19173,#19174,#19175,#19176));
#19178=FACE_OUTER_BOUND('',#19177,.T.);
#19179=CARTESIAN_POINT('',(76.,-100.,356.31373));
#19180=DIRECTION('',(-1.,0.,0.));
#19181=DIRECTION('',(0.,0.,1.));
#19182=AXIS2_PLACEMENT_3D('',#19179,#19180,#19181);
#19183=PLANE('',#19182);
#19184=ADVANCED_FACE('',(#19178),#19183,.T.);
#19185=ORIENTED_EDGE('',*,*,#14310,.T.);
#19186=DIRECTION('',(-0.99144,0.,-0.13053));
#19187=VECTOR('',#19186,19.16395);
#19188=LINE('',#14298,#19187);
#19189=EDGE_CURVE('',#14299,#17692,#19188,.T.);
#19190=ORIENTED_EDGE('',*,*,#19189,.T.);
#19191=ORIENTED_EDGE('',*,*,#17696,.F.);
#19192=DIRECTION('',(-1.,0.,0.));
#19193=VECTOR('',#19192,19.);
#19194=LINE('',#14305,#19193);
#19195=EDGE_CURVE('',#14306,#17690,#19194,.T.);
#19196=ORIENTED_EDGE('',*,*,#19195,.F.);
#19197=EDGE_LOOP('',(#19185,#19190,#19191,#19196));
#19198=FACE_OUTER_BOUND('',#19197,.T.);
#19199=CARTESIAN_POINT('',(95.,-100.,360.));
#19200=DIRECTION('',(0.,-1.,0.));
#19201=DIRECTION('',(0.,0.,1.));
#19202=AXIS2_PLACEMENT_3D('',#19199,#19200,#19201);
#19203=PLANE('',#19202);
#19204=ADVANCED_FACE('',(#19198),#19203,.T.);
#19205=ORIENTED_EDGE('',*,*,#14342,.T.);
#19206=DIRECTION('',(-0.96593,0.,-0.25882));
#19207=VECTOR('',#19206,19.67025);
#19208=LINE('',#14332,#19207);
#19209=EDGE_CURVE('',#14333,#17718,#19208,.T.);
#19210=ORIENTED_EDGE('',*,*,#19209,.T.);
#19211=ORIENTED_EDGE('',*,*,#17722,.F.);
#19212=ORIENTED_EDGE('',*,*,#19189,.F.);
#19213=EDGE_LOOP('',(#19205,#19210,#19211,#19212));
#19214=FACE_OUTER_BOUND('',#19213,.T.);
#19215=CARTESIAN_POINT('',(95.,-100.,366.18767));
#19216=DIRECTION('',(0.,-1.,0.));
#19217=DIRECTION('',(0.,0.,1.));
#19218=AXIS2_PLACEMENT_3D('',#19215,#19216,#19217);
#19219=PLANE('',#19218);
#19220=ADVANCED_FACE('',(#19214),#19219,.T.);
#19221=ORIENTED_EDGE('',*,*,#14370,.T.);
#19222=DIRECTION('',(-0.92388,0.,-0.38268));
#19223=VECTOR('',#19222,20.56545);
#19224=LINE('',#14360,#19223);
#19225=EDGE_CURVE('',#14361,#17740,#19224,.T.);
#19226=ORIENTED_EDGE('',*,*,#19225,.T.);
#19227=ORIENTED_EDGE('',*,*,#17744,.F.);
#19228=ORIENTED_EDGE('',*,*,#19209,.F.);
#19229=EDGE_LOOP('',(#19221,#19226,#19227,#19228));
#19230=FACE_OUTER_BOUND('',#19229,.T.);
#19231=CARTESIAN_POINT('',(95.,-100.,372.59361));
#19232=DIRECTION('',(0.,-1.,0.));
#19233=DIRECTION('',(0.,0.,1.));
#19234=AXIS2_PLACEMENT_3D('',#19231,#19232,#19233);
#19235=PLANE('',#19234);
#19236=ADVANCED_FACE('',(#19230),#19235,.T.);
#19237=ORIENTED_EDGE('',*,*,#14398,.T.);
#19238=DIRECTION('',(-0.86603,0.,-0.5));
#19239=VECTOR('',#19238,21.93931);
#19240=LINE('',#14388,#19239);
#19241=EDGE_CURVE('',#14389,#17762,#19240,.T.);
#19242=ORIENTED_EDGE('',*,*,#19241,.T.);
#19243=ORIENTED_EDGE('',*,*,#17766,.F.);
#19244=ORIENTED_EDGE('',*,*,#19225,.F.);
#19245=EDGE_LOOP('',(#19237,#19242,#19243,#19244));
#19246=FACE_OUTER_BOUND('',#19245,.T.);
#19247=CARTESIAN_POINT('',(95.,-100.,379.46804));
#19248=DIRECTION('',(0.,-1.,0.));
#19249=DIRECTION('',(0.,0.,1.));
#19250=AXIS2_PLACEMENT_3D('',#19247,#19248,#19249);
#19251=PLANE('',#19250);
#19252=ADVANCED_FACE('',(#19246),#19251,.T.);
#19253=ORIENTED_EDGE('',*,*,#14426,.T.);
#19254=DIRECTION('',(-0.79335,0.,-0.60876));
#19255=VECTOR('',#19254,23.94898);
#19256=LINE('',#14416,#19255);
#19257=EDGE_CURVE('',#14417,#17784,#19256,.T.);
#19258=ORIENTED_EDGE('',*,*,#19257,.T.);
#19259=ORIENTED_EDGE('',*,*,#17788,.F.);
#19260=ORIENTED_EDGE('',*,*,#19241,.F.);
#19261=EDGE_LOOP('',(#19253,#19258,#19259,#19260));
#19262=FACE_OUTER_BOUND('',#19261,.T.);
#19263=CARTESIAN_POINT('',(95.,-100.,387.13546));
#19264=DIRECTION('',(0.,-1.,0.));
#19265=DIRECTION('',(0.,0.,1.));
#19266=AXIS2_PLACEMENT_3D('',#19263,#19264,#19265);
#19267=PLANE('',#19266);
#19268=ADVANCED_FACE('',(#19262),#19267,.T.);
#19269=ORIENTED_EDGE('',*,*,#14454,.T.);
#19270=DIRECTION('',(-0.70711,0.,-0.70711));
#19271=VECTOR('',#19270,26.87006);
#19272=LINE('',#14444,#19271);
#19273=EDGE_CURVE('',#14445,#17806,#19272,.T.);
#19274=ORIENTED_EDGE('',*,*,#19273,.T.);
#19275=ORIENTED_EDGE('',*,*,#17810,.F.);
#19276=ORIENTED_EDGE('',*,*,#19257,.F.);
#19277=EDGE_LOOP('',(#19269,#19274,#19275,#19276));
#19278=FACE_OUTER_BOUND('',#19277,.T.);
#19279=CARTESIAN_POINT('',(95.,-100.,396.06437));
#19280=DIRECTION('',(0.,-1.,0.));
#19281=DIRECTION('',(0.,0.,1.));
#19282=AXIS2_PLACEMENT_3D('',#19279,#19280,#19281);
#19283=PLANE('',#19282);
#19284=ADVANCED_FACE('',(#19278),#19283,.T.);
#19285=ORIENTED_EDGE('',*,*,#14482,.T.);
#19286=DIRECTION('',(-0.60876,0.,-0.79335));
#19287=VECTOR('',#19286,31.21091);
#19288=LINE('',#14472,#19287);
#19289=EDGE_CURVE('',#14473,#17828,#19288,.T.);
#19290=ORIENTED_EDGE('',*,*,#19289,.T.);
#19291=ORIENTED_EDGE('',*,*,#17832,.F.);
#19292=ORIENTED_EDGE('',*,*,#19273,.F.);
#19293=EDGE_LOOP('',(#19285,#19290,#19291,#19292));
#19294=FACE_OUTER_BOUND('',#19293,.T.);
#19295=CARTESIAN_POINT('',(95.,-100.,407.));
#19296=DIRECTION('',(0.,-1.,0.));
#19297=DIRECTION('',(0.,0.,1.));
#19298=AXIS2_PLACEMENT_3D('',#19295,#19296,#19297);
#19299=PLANE('',#19298);
#19300=ADVANCED_FACE('',(#19294),#19299,.T.);
#19301=ORIENTED_EDGE('',*,*,#14510,.T.);
#19302=DIRECTION('',(-0.5,0.,-0.86603));
#19303=VECTOR('',#19302,38.);
#19304=LINE('',#14500,#19303);
#19305=EDGE_CURVE('',#14501,#17850,#19304,.T.);
#19306=ORIENTED_EDGE('',*,*,#19305,.T.);
#19307=ORIENTED_EDGE('',*,*,#17854,.F.);
#19308=ORIENTED_EDGE('',*,*,#19289,.F.);
#19309=EDGE_LOOP('',(#19301,#19306,#19307,#19308));
#19310=FACE_OUTER_BOUND('',#19309,.T.);
#19311=CARTESIAN_POINT('',(95.,-100.,421.25159));
#19312=DIRECTION('',(0.,-1.,0.));
#19313=DIRECTION('',(0.,0.,1.));
#19314=AXIS2_PLACEMENT_3D('',#19311,#19312,#19313);
#19315=PLANE('',#19314);
#19316=ADVANCED_FACE('',(#19310),#19315,.T.);
#19317=ORIENTED_EDGE('',*,*,#14538,.T.);
#19318=DIRECTION('',(-0.38268,0.,-0.92388));
#19319=VECTOR('',#19318,49.64939);
#19320=LINE('',#14528,#19319);
#19321=EDGE_CURVE('',#14529,#17872,#19320,.T.);
#19322=ORIENTED_EDGE('',*,*,#19321,.T.);
#19323=ORIENTED_EDGE('',*,*,#17876,.F.);
#19324=ORIENTED_EDGE('',*,*,#19305,.F.);
#19325=EDGE_LOOP('',(#19317,#19322,#19323,#19324));
#19326=FACE_OUTER_BOUND('',#19325,.T.);
#19327=CARTESIAN_POINT('',(95.,-100.,441.40639));
#19328=DIRECTION('',(0.,-1.,0.));
#19329=DIRECTION('',(0.,0.,1.));
#19330=AXIS2_PLACEMENT_3D('',#19327,#19328,#19329);
#19331=PLANE('',#19330);
#19332=ADVANCED_FACE('',(#19326),#19331,.T.);
#19333=ORIENTED_EDGE('',*,*,#14566,.T.);
#19334=DIRECTION('',(-0.25882,0.,-0.96593));
#19335=VECTOR('',#19334,73.41036);
#19336=LINE('',#14556,#19335);
#19337=EDGE_CURVE('',#14557,#17894,#19336,.T.);
#19338=ORIENTED_EDGE('',*,*,#19337,.T.);
#19339=ORIENTED_EDGE('',*,*,#17898,.F.);
#19340=ORIENTED_EDGE('',*,*,#19321,.F.);
#19341=EDGE_LOOP('',(#19333,#19338,#19339,#19340));
#19342=FACE_OUTER_BOUND('',#19341,.T.);
#19343=CARTESIAN_POINT('',(95.,-100.,473.46804));
#19344=DIRECTION('',(0.,-1.,0.));
#19345=DIRECTION('',(0.,0.,1.));
#19346=AXIS2_PLACEMENT_3D('',#19343,#19344,#19345);
#19347=PLANE('',#19346);
#19348=ADVANCED_FACE('',(#19342),#19347,.T.);
#19349=ORIENTED_EDGE('',*,*,#14594,.T.);
#19350=DIRECTION('',(-0.23088,0.,-0.97298));
#19351=VECTOR('',#19350,82.2948);
#19352=LINE('',#14584,#19351);
#19353=EDGE_CURVE('',#14585,#17916,#19352,.T.);
#19354=ORIENTED_EDGE('',*,*,#19353,.T.);
#19355=ORIENTED_EDGE('',*,*,#17920,.F.);
#19356=ORIENTED_EDGE('',*,*,#19337,.F.);
#19357=EDGE_LOOP('',(#19349,#19354,#19355,#19356));
#19358=FACE_OUTER_BOUND('',#19357,.T.);
#19359=CARTESIAN_POINT('',(95.,-100.,535.40639));
#19360=DIRECTION('',(0.,-1.,0.));
#19361=DIRECTION('',(0.,0.,1.));
#19362=AXIS2_PLACEMENT_3D('',#19359,#19360,#19361);
#19363=PLANE('',#19362);
#19364=ADVANCED_FACE('',(#19358),#19363,.T.);
#19365=ORIENTED_EDGE('',*,*,#14622,.T.);
#19366=DIRECTION('',(-0.20457,0.,-0.97885));
#19367=VECTOR('',#19366,102.04407);
#19368=LINE('',#14612,#19367);
#19369=EDGE_CURVE('',#14613,#17938,#19368,.T.);
#19370=ORIENTED_EDGE('',*,*,#19369,.T.);
#19371=ORIENTED_EDGE('',*,*,#17942,.F.);
#19372=ORIENTED_EDGE('',*,*,#19353,.F.);
#19373=EDGE_LOOP('',(#19365,#19370,#19371,#19372));
#19374=FACE_OUTER_BOUND('',#19373,.T.);
#19375=CARTESIAN_POINT('',(95.,-100.,558.07143));
#19376=DIRECTION('',(0.,-1.,0.));
#19377=DIRECTION('',(0.,0.,1.));
#19378=AXIS2_PLACEMENT_3D('',#19375,#19376,#19377);
#19379=PLANE('',#19378);
#19380=ADVANCED_FACE('',(#19374),#19379,.T.);
#19381=ORIENTED_EDGE('',*,*,#14650,.T.);
#19382=DIRECTION('',(-0.19855,0.,-0.98009));
#19383=VECTOR('',#19382,108.49396);
#19384=LINE('',#14640,#19383);
#19385=EDGE_CURVE('',#14641,#17960,#19384,.T.);
#19386=ORIENTED_EDGE('',*,*,#19385,.T.);
#19387=ORIENTED_EDGE('',*,*,#17964,.F.);
#19388=ORIENTED_EDGE('',*,*,#19369,.F.);
#19389=EDGE_LOOP('',(#19381,#19386,#19387,#19388));
#19390=FACE_OUTER_BOUND('',#19389,.T.);
#19391=CARTESIAN_POINT('',(95.,-100.,584.88593));
#19392=DIRECTION('',(0.,-1.,0.));
#19393=DIRECTION('',(0.,0.,1.));
#19394=AXIS2_PLACEMENT_3D('',#19391,#19392,#19393);
#19395=PLANE('',#19394);
#19396=ADVANCED_FACE('',(#19390),#19395,.T.);
#19397=ORIENTED_EDGE('',*,*,#14678,.T.);
#19398=DIRECTION('',(-0.15932,0.,-0.98723));
#19399=VECTOR('',#19398,103.19378);
#19400=LINE('',#14668,#19399);
#19401=EDGE_CURVE('',#14669,#17982,#19400,.T.);
#19402=ORIENTED_EDGE('',*,*,#19401,.T.);
#19403=ORIENTED_EDGE('',*,*,#17986,.F.);
#19404=ORIENTED_EDGE('',*,*,#19385,.F.);
#19405=EDGE_LOOP('',(#19397,#19402,#19403,#19404));
#19406=FACE_OUTER_BOUND('',#19405,.T.);
#19407=CARTESIAN_POINT('',(95.,-100.,592.));
#19408=DIRECTION('',(0.,-1.,0.));
#19409=DIRECTION('',(-1.,0.,0.));
#19410=AXIS2_PLACEMENT_3D('',#19407,#19408,#19409);
#19411=PLANE('',#19410);
#19412=ADVANCED_FACE('',(#19406),#19411,.T.);
#19413=ORIENTED_EDGE('',*,*,#14706,.T.);
#19414=DIRECTION('',(-0.13053,0.,-0.99144));
#19415=VECTOR('',#19414,101.74476);
#19416=LINE('',#14696,#19415);
#19417=EDGE_CURVE('',#14697,#18004,#19416,.T.);
#19418=ORIENTED_EDGE('',*,*,#19417,.T.);
#19419=ORIENTED_EDGE('',*,*,#18008,.F.);
#19420=ORIENTED_EDGE('',*,*,#19401,.F.);
#19421=EDGE_LOOP('',(#19413,#19418,#19419,#19420));
#19422=FACE_OUTER_BOUND('',#19421,.T.);
#19423=CARTESIAN_POINT('',(85.44111,-100.,592.));
#19424=DIRECTION('',(0.,-1.,0.));
#19425=DIRECTION('',(-1.,0.,0.));
#19426=AXIS2_PLACEMENT_3D('',#19423,#19424,#19425);
#19427=PLANE('',#19426);
#19428=ADVANCED_FACE('',(#19422),#19427,.T.);
#19429=ORIENTED_EDGE('',*,*,#14734,.T.);
#19430=DIRECTION('',(-0.10547,0.,-0.99442));
#19431=VECTOR('',#19430,100.56087);
#19432=LINE('',#14724,#19431);
#19433=EDGE_CURVE('',#14725,#18026,#19432,.T.);
#19434=ORIENTED_EDGE('',*,*,#19433,.T.);
#19435=ORIENTED_EDGE('',*,*,#18030,.F.);
#19436=ORIENTED_EDGE('',*,*,#19417,.F.);
#19437=EDGE_LOOP('',(#19429,#19434,#19435,#19436));
#19438=FACE_OUTER_BOUND('',#19437,.T.);
#19439=CARTESIAN_POINT('',(78.54338,-100.,592.));
#19440=DIRECTION('',(0.,-1.,0.));
#19441=DIRECTION('',(-1.,0.,0.));
#19442=AXIS2_PLACEMENT_3D('',#19439,#19440,#19441);
#19443=PLANE('',#19442);
#19444=ADVANCED_FACE('',(#19438),#19443,.T.);
#19445=ORIENTED_EDGE('',*,*,#14762,.T.);
#19446=DIRECTION('',(0.,0.,-1.));
#19447=VECTOR('',#19446,100.);
#19448=LINE('',#14752,#19447);
#19449=EDGE_CURVE('',#14753,#18048,#19448,.T.);
#19450=ORIENTED_EDGE('',*,*,#19449,.T.);
#19451=ORIENTED_EDGE('',*,*,#18052,.F.);
#19452=ORIENTED_EDGE('',*,*,#19433,.F.);
#19453=EDGE_LOOP('',(#19445,#19450,#19451,#19452));
#19454=FACE_OUTER_BOUND('',#19453,.T.);
#19455=CARTESIAN_POINT('',(72.60606,-100.,592.));
#19456=DIRECTION('',(0.,-1.,0.));
#19457=DIRECTION('',(-1.,0.,0.));
#19458=AXIS2_PLACEMENT_3D('',#19455,#19456,#19457);
#19459=PLANE('',#19458);
#19460=ADVANCED_FACE('',(#19454),#19459,.T.);
#19461=ORIENTED_EDGE('',*,*,#14790,.T.);
#19462=DIRECTION('',(0.10547,0.,-0.99442));
#19463=VECTOR('',#19462,100.56087);
#19464=LINE('',#14780,#19463);
#19465=EDGE_CURVE('',#14781,#18070,#19464,.T.);
#19466=ORIENTED_EDGE('',*,*,#19465,.T.);
#19467=ORIENTED_EDGE('',*,*,#18074,.F.);
#19468=ORIENTED_EDGE('',*,*,#19449,.F.);
#19469=EDGE_LOOP('',(#19461,#19466,#19467,#19468));
#19470=FACE_OUTER_BOUND('',#19469,.T.);
#19471=CARTESIAN_POINT('',(48.,-100.,592.));
#19472=DIRECTION('',(0.,-1.,0.));
#19473=DIRECTION('',(-1.,0.,0.));
#19474=AXIS2_PLACEMENT_3D('',#19471,#19472,#19473);
#19475=PLANE('',#19474);
#19476=ADVANCED_FACE('',(#19470),#19475,.T.);
#19477=ORIENTED_EDGE('',*,*,#14818,.T.);
#19478=DIRECTION('',(0.13053,0.,-0.99144));
#19479=VECTOR('',#19478,101.74476);
#19480=LINE('',#14808,#19479);
#19481=EDGE_CURVE('',#14809,#18092,#19480,.T.);
#19482=ORIENTED_EDGE('',*,*,#19481,.T.);
#19483=ORIENTED_EDGE('',*,*,#18096,.F.);
#19484=ORIENTED_EDGE('',*,*,#19465,.F.);
#19485=EDGE_LOOP('',(#19477,#19482,#19483,#19484));
#19486=FACE_OUTER_BOUND('',#19485,.T.);
#19487=CARTESIAN_POINT('',(23.39394,-100.,592.));
#19488=DIRECTION('',(0.,-1.,0.));
#19489=DIRECTION('',(-1.,0.,0.));
#19490=AXIS2_PLACEMENT_3D('',#19487,#19488,#19489);
#19491=PLANE('',#19490);
#19492=ADVANCED_FACE('',(#19486),#19491,.T.);
#19493=ORIENTED_EDGE('',*,*,#14846,.T.);
#19494=DIRECTION('',(0.15932,0.,-0.98723));
#19495=VECTOR('',#19494,103.19378);
#19496=LINE('',#14836,#19495);
#19497=EDGE_CURVE('',#14837,#18114,#19496,.T.);
#19498=ORIENTED_EDGE('',*,*,#19497,.T.);
#19499=ORIENTED_EDGE('',*,*,#18118,.F.);
#19500=ORIENTED_EDGE('',*,*,#19481,.F.);
#19501=EDGE_LOOP('',(#19493,#19498,#19499,#19500));
#19502=FACE_OUTER_BOUND('',#19501,.T.);
#19503=CARTESIAN_POINT('',(17.45662,-100.,592.));
#19504=DIRECTION('',(0.,-1.,0.));
#19505=DIRECTION('',(-1.,0.,0.));
#19506=AXIS2_PLACEMENT_3D('',#19503,#19504,#19505);
#19507=PLANE('',#19506);
#19508=ADVANCED_FACE('',(#19502),#19507,.T.);
#19509=ORIENTED_EDGE('',*,*,#14874,.T.);
#19510=DIRECTION('',(0.20058,0.,-0.97968));
#19511=VECTOR('',#19510,108.76916);
#19512=LINE('',#14864,#19511);
#19513=EDGE_CURVE('',#14865,#18136,#19512,.T.);
#19514=ORIENTED_EDGE('',*,*,#19513,.T.);
#19515=ORIENTED_EDGE('',*,*,#18140,.F.);
#19516=ORIENTED_EDGE('',*,*,#19497,.F.);
#19517=EDGE_LOOP('',(#19509,#19514,#19515,#19516));
#19518=FACE_OUTER_BOUND('',#19517,.T.);
#19519=CARTESIAN_POINT('',(10.55889,-100.,592.));
#19520=DIRECTION('',(0.,-1.,0.));
#19521=DIRECTION('',(-1.,0.,0.));
#19522=AXIS2_PLACEMENT_3D('',#19519,#19520,#19521);
#19523=PLANE('',#19522);
#19524=ADVANCED_FACE('',(#19518),#19523,.T.);
#19525=ORIENTED_EDGE('',*,*,#14902,.T.);
#19526=DIRECTION('',(0.20457,0.,-0.97885));
#19527=VECTOR('',#19526,104.48816);
#19528=LINE('',#14892,#19527);
#19529=EDGE_CURVE('',#14893,#18158,#19528,.T.);
#19530=ORIENTED_EDGE('',*,*,#19529,.T.);
#19531=ORIENTED_EDGE('',*,*,#18162,.F.);
#19532=ORIENTED_EDGE('',*,*,#19513,.F.);
#19533=EDGE_LOOP('',(#19525,#19530,#19531,#19532));
#19534=FACE_OUTER_BOUND('',#19533,.T.);
#19535=CARTESIAN_POINT('',(0.5,-100.,592.));
#19536=DIRECTION('',(0.,-1.,0.));
#19537=DIRECTION('',(0.,0.,-1.));
#19538=AXIS2_PLACEMENT_3D('',#19535,#19536,#19537);
#19539=PLANE('',#19538);
#19540=ADVANCED_FACE('',(#19534),#19539,.T.);
#19541=ORIENTED_EDGE('',*,*,#14930,.T.);
#19542=DIRECTION('',(0.23088,0.,-0.97298));
#19543=VECTOR('',#19542,84.46045);
#19544=LINE('',#14920,#19543);
#19545=EDGE_CURVE('',#14921,#18180,#19544,.T.);
#19546=ORIENTED_EDGE('',*,*,#19545,.T.);
#19547=ORIENTED_EDGE('',*,*,#18184,.F.);
#19548=ORIENTED_EDGE('',*,*,#19529,.F.);
#19549=EDGE_LOOP('',(#19541,#19546,#19547,#19548));
#19550=FACE_OUTER_BOUND('',#19549,.T.);
#19551=CARTESIAN_POINT('',(0.5,-100.,587.27833));
#19552=DIRECTION('',(0.,-1.,0.));
#19553=DIRECTION('',(0.,0.,-1.));
#19554=AXIS2_PLACEMENT_3D('',#19551,#19552,#19553);
#19555=PLANE('',#19554);
#19556=ADVANCED_FACE('',(#19550),#19555,.T.);
#19557=ORIENTED_EDGE('',*,*,#14958,.T.);
#19558=DIRECTION('',(0.25882,0.,-0.96593));
#19559=VECTOR('',#19558,75.34221);
#19560=LINE('',#14948,#19559);
#19561=EDGE_CURVE('',#14949,#18202,#19560,.T.);
#19562=ORIENTED_EDGE('',*,*,#19561,.T.);
#19563=ORIENTED_EDGE('',*,*,#18206,.F.);
#19564=ORIENTED_EDGE('',*,*,#19545,.F.);
#19565=EDGE_LOOP('',(#19557,#19562,#19563,#19564));
#19566=FACE_OUTER_BOUND('',#19565,.T.);
#19567=CARTESIAN_POINT('',(0.5,-100.,560.17857));
#19568=DIRECTION('',(0.,-1.,0.));
#19569=DIRECTION('',(0.,0.,-1.));
#19570=AXIS2_PLACEMENT_3D('',#19567,#19568,#19569);
#19571=PLANE('',#19570);
#19572=ADVANCED_FACE('',(#19566),#19571,.T.);
#19573=ORIENTED_EDGE('',*,*,#14986,.T.);
#19574=DIRECTION('',(0.38268,0.,-0.92388));
#19575=VECTOR('',#19574,50.95596);
#19576=LINE('',#14976,#19575);
#19577=EDGE_CURVE('',#14977,#18224,#19576,.T.);
#19578=ORIENTED_EDGE('',*,*,#19577,.T.);
#19579=ORIENTED_EDGE('',*,*,#18228,.F.);
#19580=ORIENTED_EDGE('',*,*,#19561,.F.);
#19581=EDGE_LOOP('',(#19573,#19578,#19579,#19580));
#19582=FACE_OUTER_BOUND('',#19581,.T.);
#19583=CARTESIAN_POINT('',(0.5,-100.,537.27241));
#19584=DIRECTION('',(0.,-1.,0.));
#19585=DIRECTION('',(0.,0.,-1.));
#19586=AXIS2_PLACEMENT_3D('',#19583,#19584,#19585);
#19587=PLANE('',#19586);
#19588=ADVANCED_FACE('',(#19582),#19587,.T.);
#19589=ORIENTED_EDGE('',*,*,#15014,.T.);
#19590=DIRECTION('',(0.5,0.,-0.86603));
#19591=VECTOR('',#19590,39.);
#19592=LINE('',#15004,#19591);
#19593=EDGE_CURVE('',#15005,#18246,#19592,.T.);
#19594=ORIENTED_EDGE('',*,*,#19593,.T.);
#19595=ORIENTED_EDGE('',*,*,#18250,.F.);
#19596=ORIENTED_EDGE('',*,*,#19577,.F.);
#19597=EDGE_LOOP('',(#19589,#19594,#19595,#19596));
#19598=FACE_OUTER_BOUND('',#19597,.T.);
#19599=CARTESIAN_POINT('',(0.5,-100.,474.67514));
#19600=DIRECTION('',(0.,-1.,0.));
#19601=DIRECTION('',(0.,0.,-1.));
#19602=AXIS2_PLACEMENT_3D('',#19599,#19600,#19601);
#19603=PLANE('',#19602);
#19604=ADVANCED_FACE('',(#19598),#19603,.T.);
#19605=ORIENTED_EDGE('',*,*,#15042,.T.);
#19606=DIRECTION('',(0.60876,0.,-0.79335));
#19607=VECTOR('',#19606,32.03225);
#19608=LINE('',#15032,#19607);
#19609=EDGE_CURVE('',#15033,#18268,#19608,.T.);
#19610=ORIENTED_EDGE('',*,*,#19609,.T.);
#19611=ORIENTED_EDGE('',*,*,#18272,.F.);
#19612=ORIENTED_EDGE('',*,*,#19593,.F.);
#19613=EDGE_LOOP('',(#19605,#19610,#19611,#19612));
#19614=FACE_OUTER_BOUND('',#19613,.T.);
#19615=CARTESIAN_POINT('',(0.5,-100.,442.27241));
#19616=DIRECTION('',(0.,-1.,0.));
#19617=DIRECTION('',(0.,0.,-1.));
#19618=AXIS2_PLACEMENT_3D('',#19615,#19616,#19617);
#19619=PLANE('',#19618);
#19620=ADVANCED_FACE('',(#19614),#19619,.T.);
#19621=ORIENTED_EDGE('',*,*,#15070,.T.);
#19622=DIRECTION('',(0.70711,0.,-0.70711));
#19623=VECTOR('',#19622,27.57716);
#19624=LINE('',#15060,#19623);
#19625=EDGE_CURVE('',#15061,#18290,#19624,.T.);
#19626=ORIENTED_EDGE('',*,*,#19625,.T.);
#19627=ORIENTED_EDGE('',*,*,#18294,.F.);
#19628=ORIENTED_EDGE('',*,*,#19609,.F.);
#19629=EDGE_LOOP('',(#19621,#19626,#19627,#19628));
#19630=FACE_OUTER_BOUND('',#19629,.T.);
#19631=CARTESIAN_POINT('',(0.5,-100.,421.90321));
#19632=DIRECTION('',(0.,-1.,0.));
#19633=DIRECTION('',(0.,0.,-1.));
#19634=AXIS2_PLACEMENT_3D('',#19631,#19632,#19633);
#19635=PLANE('',#19634);
#19636=ADVANCED_FACE('',(#19630),#19635,.T.);
#19637=ORIENTED_EDGE('',*,*,#15098,.T.);
#19638=DIRECTION('',(0.79335,0.,-0.60876));
#19639=VECTOR('',#19638,24.57921);
#19640=LINE('',#15088,#19639);
#19641=EDGE_CURVE('',#15089,#18312,#19640,.T.);
#19642=ORIENTED_EDGE('',*,*,#19641,.T.);
#19643=ORIENTED_EDGE('',*,*,#18316,.F.);
#19644=ORIENTED_EDGE('',*,*,#19625,.F.);
#19645=EDGE_LOOP('',(#19637,#19642,#19643,#19644));
#19646=FACE_OUTER_BOUND('',#19645,.T.);
#19647=CARTESIAN_POINT('',(0.5,-100.,407.5));
#19648=DIRECTION('',(0.,-1.,0.));
#19649=DIRECTION('',(0.,0.,-1.));
#19650=AXIS2_PLACEMENT_3D('',#19647,#19648,#19649);
#19651=PLANE('',#19650);
#19652=ADVANCED_FACE('',(#19646),#19651,.T.);
#19653=ORIENTED_EDGE('',*,*,#15126,.T.);
#19654=DIRECTION('',(0.86603,0.,-0.5));
#19655=VECTOR('',#19654,22.51666);
#19656=LINE('',#15116,#19655);
#19657=EDGE_CURVE('',#15117,#18334,#19656,.T.);
#19658=ORIENTED_EDGE('',*,*,#19657,.T.);
#19659=ORIENTED_EDGE('',*,*,#18338,.F.);
#19660=ORIENTED_EDGE('',*,*,#19641,.F.);
#19661=EDGE_LOOP('',(#19653,#19658,#19659,#19660));
#19662=FACE_OUTER_BOUND('',#19661,.T.);
#19663=CARTESIAN_POINT('',(0.5,-100.,396.44803));
#19664=DIRECTION('',(0.,-1.,0.));
#19665=DIRECTION('',(0.,0.,-1.));
#19666=AXIS2_PLACEMENT_3D('',#19663,#19664,#19665);
#19667=PLANE('',#19666);
#19668=ADVANCED_FACE('',(#19662),#19667,.T.);
#19669=ORIENTED_EDGE('',*,*,#15154,.T.);
#19670=DIRECTION('',(0.92388,0.,-0.38268));
#19671=VECTOR('',#19670,21.10665);
#19672=LINE('',#15144,#19671);
#19673=EDGE_CURVE('',#15145,#18356,#19672,.T.);
#19674=ORIENTED_EDGE('',*,*,#19673,.T.);
#19675=ORIENTED_EDGE('',*,*,#18360,.F.);
#19676=ORIENTED_EDGE('',*,*,#19657,.F.);
#19677=EDGE_LOOP('',(#19669,#19674,#19675,#19676));
#19678=FACE_OUTER_BOUND('',#19677,.T.);
#19679=CARTESIAN_POINT('',(0.5,-100.,387.42414));
#19680=DIRECTION('',(0.,-1.,0.));
#19681=DIRECTION('',(0.,0.,-1.));
#19682=AXIS2_PLACEMENT_3D('',#19679,#19680,#19681);
#19683=PLANE('',#19682);
#19684=ADVANCED_FACE('',(#19678),#19683,.T.);
#19685=ORIENTED_EDGE('',*,*,#15182,.T.);
#19686=DIRECTION('',(0.96593,0.,-0.25882));
#19687=VECTOR('',#19686,20.18789);
#19688=LINE('',#15172,#19687);
#19689=EDGE_CURVE('',#15173,#18378,#19688,.T.);
#19690=ORIENTED_EDGE('',*,*,#19689,.T.);
#19691=ORIENTED_EDGE('',*,*,#18382,.F.);
#19692=ORIENTED_EDGE('',*,*,#19673,.F.);
#19693=EDGE_LOOP('',(#19685,#19690,#19691,#19692));
#19694=FACE_OUTER_BOUND('',#19693,.T.);
#19695=CARTESIAN_POINT('',(0.5,-100.,379.67514));
#19696=DIRECTION('',(0.,-1.,0.));
#19697=DIRECTION('',(0.,0.,-1.));
#19698=AXIS2_PLACEMENT_3D('',#19695,#19696,#19697);
#19699=PLANE('',#19698);
#19700=ADVANCED_FACE('',(#19694),#19699,.T.);
#19701=ORIENTED_EDGE('',*,*,#15210,.T.);
#19702=DIRECTION('',(0.99144,0.,-0.13053));
#19703=VECTOR('',#19702,19.66826);
#19704=LINE('',#15200,#19703);
#19705=EDGE_CURVE('',#15201,#18400,#19704,.T.);
#19706=ORIENTED_EDGE('',*,*,#19705,.T.);
#19707=ORIENTED_EDGE('',*,*,#18404,.F.);
#19708=ORIENTED_EDGE('',*,*,#19689,.F.);
#19709=EDGE_LOOP('',(#19701,#19706,#19707,#19708));
#19710=FACE_OUTER_BOUND('',#19709,.T.);
#19711=CARTESIAN_POINT('',(0.5,-100.,372.72759));
#19712=DIRECTION('',(0.,-1.,0.));
#19713=DIRECTION('',(0.,0.,-1.));
#19714=AXIS2_PLACEMENT_3D('',#19711,#19712,#19713);
#19715=PLANE('',#19714);
#19716=ADVANCED_FACE('',(#19710),#19715,.T.);
#19717=ORIENTED_EDGE('',*,*,#15238,.T.);
#19718=DIRECTION('',(1.,0.,0.));
#19719=VECTOR('',#19718,19.5);
#19720=LINE('',#15228,#19719);
#19721=EDGE_CURVE('',#15229,#18422,#19720,.T.);
#19722=ORIENTED_EDGE('',*,*,#19721,.T.);
#19723=ORIENTED_EDGE('',*,*,#18426,.F.);
#19724=ORIENTED_EDGE('',*,*,#19705,.F.);
#19725=EDGE_LOOP('',(#19717,#19722,#19723,#19724));
#19726=FACE_OUTER_BOUND('',#19725,.T.);
#19727=CARTESIAN_POINT('',(0.5,-100.,366.25349));
#19728=DIRECTION('',(0.,-1.,0.));
#19729=DIRECTION('',(0.,0.,-1.));
#19730=AXIS2_PLACEMENT_3D('',#19727,#19728,#19729);
#19731=PLANE('',#19730);
#19732=ADVANCED_FACE('',(#19726),#19731,.T.);
#19733=ORIENTED_EDGE('',*,*,#15266,.T.);
#19734=DIRECTION('',(0.99144,0.,0.13053));
#19735=VECTOR('',#19734,19.66826);
#19736=LINE('',#15256,#19735);
#19737=EDGE_CURVE('',#15257,#18444,#19736,.T.);
#19738=ORIENTED_EDGE('',*,*,#19737,.T.);
#19739=ORIENTED_EDGE('',*,*,#18448,.F.);
#19740=ORIENTED_EDGE('',*,*,#19721,.F.);
#19741=EDGE_LOOP('',(#19733,#19738,#19739,#19740));
#19742=FACE_OUTER_BOUND('',#19741,.T.);
#19743=CARTESIAN_POINT('',(0.5,-100.,360.));
#19744=DIRECTION('',(0.,-1.,0.));
#19745=DIRECTION('',(0.,0.,-1.));
#19746=AXIS2_PLACEMENT_3D('',#19743,#19744,#19745);
#19747=PLANE('',#19746);
#19748=ADVANCED_FACE('',(#19742),#19747,.T.);
#19749=ORIENTED_EDGE('',*,*,#15294,.T.);
#19750=DIRECTION('',(0.96593,0.,0.25882));
#19751=VECTOR('',#19750,20.18789);
#19752=LINE('',#15284,#19751);
#19753=EDGE_CURVE('',#15285,#18466,#19752,.T.);
#19754=ORIENTED_EDGE('',*,*,#19753,.T.);
#19755=ORIENTED_EDGE('',*,*,#18470,.F.);
#19756=ORIENTED_EDGE('',*,*,#19737,.F.);
#19757=EDGE_LOOP('',(#19749,#19754,#19755,#19756));
#19758=FACE_OUTER_BOUND('',#19757,.T.);
#19759=CARTESIAN_POINT('',(0.5,-100.,353.74651));
#19760=DIRECTION('',(0.,-1.,0.));
#19761=DIRECTION('',(0.,0.,-1.));
#19762=AXIS2_PLACEMENT_3D('',#19759,#19760,#19761);
#19763=PLANE('',#19762);
#19764=ADVANCED_FACE('',(#19758),#19763,.T.);
#19765=ORIENTED_EDGE('',*,*,#15322,.T.);
#19766=DIRECTION('',(0.92388,0.,0.38268));
#19767=VECTOR('',#19766,21.10665);
#19768=LINE('',#15312,#19767);
#19769=EDGE_CURVE('',#15313,#18488,#19768,.T.);
#19770=ORIENTED_EDGE('',*,*,#19769,.T.);
#19771=ORIENTED_EDGE('',*,*,#18492,.F.);
#19772=ORIENTED_EDGE('',*,*,#19753,.F.);
#19773=EDGE_LOOP('',(#19765,#19770,#19771,#19772));
#19774=FACE_OUTER_BOUND('',#19773,.T.);
#19775=CARTESIAN_POINT('',(0.5,-100.,347.27241));
#19776=DIRECTION('',(0.,-1.,0.));
#19777=DIRECTION('',(0.,0.,-1.));
#19778=AXIS2_PLACEMENT_3D('',#19775,#19776,#19777);
#19779=PLANE('',#19778);
#19780=ADVANCED_FACE('',(#19774),#19779,.T.);
#19781=ORIENTED_EDGE('',*,*,#15350,.T.);
#19782=DIRECTION('',(0.86603,0.,0.5));
#19783=VECTOR('',#19782,22.51666);
#19784=LINE('',#15340,#19783);
#19785=EDGE_CURVE('',#15341,#18510,#19784,.T.);
#19786=ORIENTED_EDGE('',*,*,#19785,.T.);
#19787=ORIENTED_EDGE('',*,*,#18514,.F.);
#19788=ORIENTED_EDGE('',*,*,#19769,.F.);
#19789=EDGE_LOOP('',(#19781,#19786,#19787,#19788));
#19790=FACE_OUTER_BOUND('',#19789,.T.);
#19791=CARTESIAN_POINT('',(0.5,-100.,340.32486));
#19792=DIRECTION('',(0.,-1.,0.));
#19793=DIRECTION('',(0.,0.,-1.));
#19794=AXIS2_PLACEMENT_3D('',#19791,#19792,#19793);
#19795=PLANE('',#19794);
#19796=ADVANCED_FACE('',(#19790),#19795,.T.);
#19797=ORIENTED_EDGE('',*,*,#15378,.T.);
#19798=DIRECTION('',(0.79335,0.,0.60876));
#19799=VECTOR('',#19798,24.57921);
#19800=LINE('',#15368,#19799);
#19801=EDGE_CURVE('',#15369,#18532,#19800,.T.);
#19802=ORIENTED_EDGE('',*,*,#19801,.T.);
#19803=ORIENTED_EDGE('',*,*,#18536,.F.);
#19804=ORIENTED_EDGE('',*,*,#19785,.F.);
#19805=EDGE_LOOP('',(#19797,#19802,#19803,#19804));
#19806=FACE_OUTER_BOUND('',#19805,.T.);
#19807=CARTESIAN_POINT('',(0.5,-100.,332.57586));
#19808=DIRECTION('',(0.,-1.,0.));
#19809=DIRECTION('',(0.,0.,-1.));
#19810=AXIS2_PLACEMENT_3D('',#19807,#19808,#19809);
#19811=PLANE('',#19810);
#19812=ADVANCED_FACE('',(#19806),#19811,.T.);
#19813=ORIENTED_EDGE('',*,*,#15406,.T.);
#19814=DIRECTION('',(0.70711,0.,0.70711));
#19815=VECTOR('',#19814,27.57716);
#19816=LINE('',#15396,#19815);
#19817=EDGE_CURVE('',#15397,#18554,#19816,.T.);
#19818=ORIENTED_EDGE('',*,*,#19817,.T.);
#19819=ORIENTED_EDGE('',*,*,#18558,.F.);
#19820=ORIENTED_EDGE('',*,*,#19801,.F.);
#19821=EDGE_LOOP('',(#19813,#19818,#19819,#19820));
#19822=FACE_OUTER_BOUND('',#19821,.T.);
#19823=CARTESIAN_POINT('',(0.5,-100.,323.55197));
#19824=DIRECTION('',(0.,-1.,0.));
#19825=DIRECTION('',(0.,0.,-1.));
#19826=AXIS2_PLACEMENT_3D('',#19823,#19824,#19825);
#19827=PLANE('',#19826);
#19828=ADVANCED_FACE('',(#19822),#19827,.T.);
#19829=ORIENTED_EDGE('',*,*,#15434,.T.);
#19830=DIRECTION('',(0.60876,0.,0.79335));
#19831=VECTOR('',#19830,32.03225);
#19832=LINE('',#15424,#19831);
#19833=EDGE_CURVE('',#15425,#18576,#19832,.T.);
#19834=ORIENTED_EDGE('',*,*,#19833,.T.);
#19835=ORIENTED_EDGE('',*,*,#18580,.F.);
#19836=ORIENTED_EDGE('',*,*,#19817,.F.);
#19837=EDGE_LOOP('',(#19829,#19834,#19835,#19836));
#19838=FACE_OUTER_BOUND('',#19837,.T.);
#19839=CARTESIAN_POINT('',(0.5,-100.,312.5));
#19840=DIRECTION('',(0.,-1.,0.));
#19841=DIRECTION('',(0.,0.,-1.));
#19842=AXIS2_PLACEMENT_3D('',#19839,#19840,#19841);
#19843=PLANE('',#19842);
#19844=ADVANCED_FACE('',(#19838),#19843,.T.);
#19845=ORIENTED_EDGE('',*,*,#15462,.T.);
#19846=DIRECTION('',(0.5,0.,0.86603));
#19847=VECTOR('',#19846,39.);
#19848=LINE('',#15452,#19847);
#19849=EDGE_CURVE('',#15453,#18598,#19848,.T.);
#19850=ORIENTED_EDGE('',*,*,#19849,.T.);
#19851=ORIENTED_EDGE('',*,*,#18602,.F.);
#19852=ORIENTED_EDGE('',*,*,#19833,.F.);
#19853=EDGE_LOOP('',(#19845,#19850,#19851,#19852));
#19854=FACE_OUTER_BOUND('',#19853,.T.);
#19855=CARTESIAN_POINT('',(0.5,-100.,298.09679));
#19856=DIRECTION('',(0.,-1.,0.));
#19857=DIRECTION('',(0.,0.,-1.));
#19858=AXIS2_PLACEMENT_3D('',#19855,#19856,#19857);
#19859=PLANE('',#19858);
#19860=ADVANCED_FACE('',(#19854),#19859,.T.);
#19861=ORIENTED_EDGE('',*,*,#15490,.T.);
#19862=DIRECTION('',(0.38268,0.,0.92388));
#19863=VECTOR('',#19862,50.95596);
#19864=LINE('',#15480,#19863);
#19865=EDGE_CURVE('',#15481,#18620,#19864,.T.);
#19866=ORIENTED_EDGE('',*,*,#19865,.T.);
#19867=ORIENTED_EDGE('',*,*,#18624,.F.);
#19868=ORIENTED_EDGE('',*,*,#19849,.F.);
#19869=EDGE_LOOP('',(#19861,#19866,#19867,#19868));
#19870=FACE_OUTER_BOUND('',#19869,.T.);
#19871=CARTESIAN_POINT('',(0.5,-100.,277.72759));
#19872=DIRECTION('',(0.,-1.,0.));
#19873=DIRECTION('',(0.,0.,-1.));
#19874=AXIS2_PLACEMENT_3D('',#19871,#19872,#19873);
#19875=PLANE('',#19874);
#19876=ADVANCED_FACE('',(#19870),#19875,.T.);
#19877=ORIENTED_EDGE('',*,*,#15518,.T.);
#19878=DIRECTION('',(0.25882,0.,0.96593));
#19879=VECTOR('',#19878,75.34221);
#19880=LINE('',#15508,#19879);
#19881=EDGE_CURVE('',#15509,#18642,#19880,.T.);
#19882=ORIENTED_EDGE('',*,*,#19881,.T.);
#19883=ORIENTED_EDGE('',*,*,#18646,.F.);
#19884=ORIENTED_EDGE('',*,*,#19865,.F.);
#19885=EDGE_LOOP('',(#19877,#19882,#19883,#19884));
#19886=FACE_OUTER_BOUND('',#19885,.T.);
#19887=CARTESIAN_POINT('',(0.5,-100.,245.32486));
#19888=DIRECTION('',(0.,-1.,0.));
#19889=DIRECTION('',(0.,0.,-1.));
#19890=AXIS2_PLACEMENT_3D('',#19887,#19888,#19889);
#19891=PLANE('',#19890);
#19892=ADVANCED_FACE('',(#19886),#19891,.T.);
#19893=ORIENTED_EDGE('',*,*,#15546,.T.);
#19894=DIRECTION('',(0.25515,0.,0.9669));
#19895=VECTOR('',#19894,76.42436);
#19896=LINE('',#15536,#19895);
#19897=EDGE_CURVE('',#15537,#18664,#19896,.T.);
#19898=ORIENTED_EDGE('',*,*,#19897,.T.);
#19899=ORIENTED_EDGE('',*,*,#18668,.F.);
#19900=ORIENTED_EDGE('',*,*,#19881,.F.);
#19901=EDGE_LOOP('',(#19893,#19898,#19899,#19900));
#19902=FACE_OUTER_BOUND('',#19901,.T.);
#19903=CARTESIAN_POINT('',(0.5,-100.,182.72759));
#19904=DIRECTION('',(0.,-1.,0.));
#19905=DIRECTION('',(0.,0.,-1.));
#19906=AXIS2_PLACEMENT_3D('',#19903,#19904,#19905);
#19907=PLANE('',#19906);
#19908=ADVANCED_FACE('',(#19902),#19907,.T.);
#19909=ORIENTED_EDGE('',*,*,#15574,.T.);
#19910=DIRECTION('',(0.23088,0.,0.97298));
#19911=VECTOR('',#19910,63.72157);
#19912=LINE('',#15564,#19911);
#19913=EDGE_CURVE('',#15565,#18686,#19912,.T.);
#19914=ORIENTED_EDGE('',*,*,#19913,.T.);
#19915=ORIENTED_EDGE('',*,*,#18690,.F.);
#19916=ORIENTED_EDGE('',*,*,#19897,.F.);
#19917=EDGE_LOOP('',(#19909,#19914,#19915,#19916));
#19918=FACE_OUTER_BOUND('',#19917,.T.);
#19919=CARTESIAN_POINT('',(0.5,-100.,180.));
#19920=DIRECTION('',(0.,-1.,0.));
#19921=DIRECTION('',(1.,0.,0.));
#19922=AXIS2_PLACEMENT_3D('',#19919,#19920,#19921);
#19923=PLANE('',#19922);
#19924=ADVANCED_FACE('',(#19918),#19923,.T.);
#19925=ORIENTED_EDGE('',*,*,#15602,.T.);
#19926=DIRECTION('',(0.20457,0.,0.97885));
#19927=VECTOR('',#19926,56.18833);
#19928=LINE('',#15592,#19927);
#19929=EDGE_CURVE('',#15593,#18708,#19928,.T.);
#19930=ORIENTED_EDGE('',*,*,#19929,.T.);
#19931=ORIENTED_EDGE('',*,*,#18712,.F.);
#19932=ORIENTED_EDGE('',*,*,#19913,.F.);
#19933=EDGE_LOOP('',(#19925,#19930,#19931,#19932));
#19934=FACE_OUTER_BOUND('',#19933,.T.);
#19935=CARTESIAN_POINT('',(5.28814,-100.,180.));
#19936=DIRECTION('',(0.,-1.,0.));
#19937=DIRECTION('',(1.,0.,0.));
#19938=AXIS2_PLACEMENT_3D('',#19935,#19936,#19937);
#19939=PLANE('',#19938);
#19940=ADVANCED_FACE('',(#19934),#19939,.T.);
#19941=ORIENTED_EDGE('',*,*,#15630,.T.);
#19942=DIRECTION('',(0.15932,0.,0.98723));
#19943=VECTOR('',#19942,50.52097);
#19944=LINE('',#15620,#19943);
#19945=EDGE_CURVE('',#15621,#18730,#19944,.T.);
#19946=ORIENTED_EDGE('',*,*,#19945,.T.);
#19947=ORIENTED_EDGE('',*,*,#18734,.F.);
#19948=ORIENTED_EDGE('',*,*,#19929,.F.);
#19949=EDGE_LOOP('',(#19941,#19946,#19947,#19948));
#19950=FACE_OUTER_BOUND('',#19949,.T.);
#19951=CARTESIAN_POINT('',(10.38093,-100.,180.));
#19952=DIRECTION('',(0.,-1.,0.));
#19953=DIRECTION('',(1.,0.,0.));
#19954=AXIS2_PLACEMENT_3D('',#19951,#19952,#19953);
#19955=PLANE('',#19954);
#19956=ADVANCED_FACE('',(#19950),#19955,.T.);
#19957=ORIENTED_EDGE('',*,*,#15658,.T.);
#19958=DIRECTION('',(0.13053,0.,0.99144));
#19959=VECTOR('',#19958,49.29606);
#19960=LINE('',#15648,#19959);
#19961=EDGE_CURVE('',#15649,#18752,#19960,.T.);
#19962=ORIENTED_EDGE('',*,*,#19961,.T.);
#19963=ORIENTED_EDGE('',*,*,#18756,.F.);
#19964=ORIENTED_EDGE('',*,*,#19945,.F.);
#19965=EDGE_LOOP('',(#19957,#19962,#19963,#19964));
#19966=FACE_OUTER_BOUND('',#19965,.T.);
#19967=CARTESIAN_POINT('',(18.95086,-100.,180.));
#19968=DIRECTION('',(0.,-1.,0.));
#19969=DIRECTION('',(1.,0.,0.));
#19970=AXIS2_PLACEMENT_3D('',#19967,#19968,#19969);
#19971=PLANE('',#19970);
#19972=ADVANCED_FACE('',(#19966),#19971,.T.);
#19973=ORIENTED_EDGE('',*,*,#15686,.T.);
#19974=DIRECTION('',(0.10547,0.,0.99442));
#19975=VECTOR('',#19974,48.26922);
#19976=LINE('',#15676,#19975);
#19977=EDGE_CURVE('',#15677,#18774,#19976,.T.);
#19978=ORIENTED_EDGE('',*,*,#19977,.T.);
#19979=ORIENTED_EDGE('',*,*,#18778,.F.);
#19980=ORIENTED_EDGE('',*,*,#19961,.F.);
#19981=EDGE_LOOP('',(#19973,#19978,#19979,#19980));
#19982=FACE_OUTER_BOUND('',#19981,.T.);
#19983=CARTESIAN_POINT('',(24.30255,-100.,180.));
#19984=DIRECTION('',(0.,-1.,0.));
#19985=DIRECTION('',(1.,0.,0.));
#19986=AXIS2_PLACEMENT_3D('',#19983,#19984,#19985);
#19987=PLANE('',#19986);
#19988=ADVANCED_FACE('',(#19982),#19987,.T.);
#19989=ORIENTED_EDGE('',*,*,#15714,.T.);
#19990=DIRECTION('',(0.,0.,1.));
#19991=VECTOR('',#19990,48.);
#19992=LINE('',#15704,#19991);
#19993=EDGE_CURVE('',#15705,#18796,#19992,.T.);
#19994=ORIENTED_EDGE('',*,*,#19993,.T.);
#19995=ORIENTED_EDGE('',*,*,#18800,.F.);
#19996=ORIENTED_EDGE('',*,*,#19977,.F.);
#19997=EDGE_LOOP('',(#19989,#19994,#19995,#19996));
#19998=FACE_OUTER_BOUND('',#19997,.T.);
#19999=CARTESIAN_POINT('',(28.90909,-100.,180.));
#20000=DIRECTION('',(0.,-1.,0.));
#20001=DIRECTION('',(1.,0.,0.));
#20002=AXIS2_PLACEMENT_3D('',#19999,#20000,#20001);
#20003=PLANE('',#20002);
#20004=ADVANCED_FACE('',(#19998),#20003,.T.);
#20005=ORIENTED_EDGE('',*,*,#15742,.T.);
#20006=DIRECTION('',(-0.10547,0.,0.99442));
#20007=VECTOR('',#20006,48.26922);
#20008=LINE('',#15732,#20007);
#20009=EDGE_CURVE('',#15733,#18818,#20008,.T.);
#20010=ORIENTED_EDGE('',*,*,#20009,.T.);
#20011=ORIENTED_EDGE('',*,*,#18822,.F.);
#20012=ORIENTED_EDGE('',*,*,#19993,.F.);
#20013=EDGE_LOOP('',(#20005,#20010,#20011,#20012));
#20014=FACE_OUTER_BOUND('',#20013,.T.);
#20015=CARTESIAN_POINT('',(48.,-100.,180.));
#20016=DIRECTION('',(0.,-1.,0.));
#20017=DIRECTION('',(1.,0.,0.));
#20018=AXIS2_PLACEMENT_3D('',#20015,#20016,#20017);
#20019=PLANE('',#20018);
#20020=ADVANCED_FACE('',(#20014),#20019,.T.);
#20021=ORIENTED_EDGE('',*,*,#15770,.T.);
#20022=DIRECTION('',(-0.13053,0.,0.99144));
#20023=VECTOR('',#20022,49.29606);
#20024=LINE('',#15760,#20023);
#20025=EDGE_CURVE('',#15761,#18840,#20024,.T.);
#20026=ORIENTED_EDGE('',*,*,#20025,.T.);
#20027=ORIENTED_EDGE('',*,*,#18844,.F.);
#20028=ORIENTED_EDGE('',*,*,#20009,.F.);
#20029=EDGE_LOOP('',(#20021,#20026,#20027,#20028));
#20030=FACE_OUTER_BOUND('',#20029,.T.);
#20031=CARTESIAN_POINT('',(67.09091,-100.,180.));
#20032=DIRECTION('',(0.,-1.,0.));
#20033=DIRECTION('',(1.,0.,0.));
#20034=AXIS2_PLACEMENT_3D('',#20031,#20032,#20033);
#20035=PLANE('',#20034);
#20036=ADVANCED_FACE('',(#20030),#20035,.T.);
#20037=ORIENTED_EDGE('',*,*,#15798,.T.);
#20038=DIRECTION('',(-0.15932,0.,0.98723));
#20039=VECTOR('',#20038,50.52097);
#20040=LINE('',#15788,#20039);
#20041=EDGE_CURVE('',#15789,#18862,#20040,.T.);
#20042=ORIENTED_EDGE('',*,*,#20041,.T.);
#20043=ORIENTED_EDGE('',*,*,#18866,.F.);
#20044=ORIENTED_EDGE('',*,*,#20025,.F.);
#20045=EDGE_LOOP('',(#20037,#20042,#20043,#20044));
#20046=FACE_OUTER_BOUND('',#20045,.T.);
#20047=CARTESIAN_POINT('',(71.69745,-100.,180.));
#20048=DIRECTION('',(0.,-1.,0.));
#20049=DIRECTION('',(1.,0.,0.));
#20050=AXIS2_PLACEMENT_3D('',#20047,#20048,#20049);
#20051=PLANE('',#20050);
#20052=ADVANCED_FACE('',(#20046),#20051,.T.);
#20053=ORIENTED_EDGE('',*,*,#15826,.T.);
#20054=DIRECTION('',(-0.20457,0.,0.97885));
#20055=VECTOR('',#20054,56.18833);
#20056=LINE('',#15816,#20055);
#20057=EDGE_CURVE('',#15817,#18884,#20056,.T.);
#20058=ORIENTED_EDGE('',*,*,#20057,.T.);
#20059=ORIENTED_EDGE('',*,*,#18888,.F.);
#20060=ORIENTED_EDGE('',*,*,#20041,.F.);
#20061=EDGE_LOOP('',(#20053,#20058,#20059,#20060));
#20062=FACE_OUTER_BOUND('',#20061,.T.);
#20063=CARTESIAN_POINT('',(77.04914,-100.,180.));
#20064=DIRECTION('',(0.,-1.,0.));
#20065=DIRECTION('',(1.,0.,0.));
#20066=AXIS2_PLACEMENT_3D('',#20063,#20064,#20065);
#20067=PLANE('',#20066);
#20068=ADVANCED_FACE('',(#20062),#20067,.T.);
#20069=ORIENTED_EDGE('',*,*,#15854,.T.);
#20070=DIRECTION('',(-0.23088,0.,0.97298));
#20071=VECTOR('',#20070,63.72157);
#20072=LINE('',#15844,#20071);
#20073=EDGE_CURVE('',#15845,#18906,#20072,.T.);
#20074=ORIENTED_EDGE('',*,*,#20073,.T.);
#20075=ORIENTED_EDGE('',*,*,#18910,.F.);
#20076=ORIENTED_EDGE('',*,*,#20057,.F.);
#20077=EDGE_LOOP('',(#20069,#20074,#20075,#20076));
#20078=FACE_OUTER_BOUND('',#20077,.T.);
#20079=CARTESIAN_POINT('',(85.61907,-100.,180.));
#20080=DIRECTION('',(0.,-1.,0.));
#20081=DIRECTION('',(1.,0.,0.));
#20082=AXIS2_PLACEMENT_3D('',#20079,#20080,#20081);
#20083=PLANE('',#20082);
#20084=ADVANCED_FACE('',(#20078),#20083,.T.);
#20085=ORIENTED_EDGE('',*,*,#15882,.T.);
#20086=DIRECTION('',(-0.25264,0.,0.96756));
#20087=VECTOR('',#20086,75.20562);
#20088=LINE('',#15872,#20087);
#20089=EDGE_CURVE('',#15873,#18928,#20088,.T.);
#20090=ORIENTED_EDGE('',*,*,#20089,.T.);
#20091=ORIENTED_EDGE('',*,*,#18932,.F.);
#20092=ORIENTED_EDGE('',*,*,#20073,.F.);
#20093=EDGE_LOOP('',(#20085,#20090,#20091,#20092));
#20094=FACE_OUTER_BOUND('',#20093,.T.);
#20095=CARTESIAN_POINT('',(90.71186,-100.,180.));
#20096=DIRECTION('',(0.,-1.,0.));
#20097=DIRECTION('',(1.,0.,0.));
#20098=AXIS2_PLACEMENT_3D('',#20095,#20096,#20097);
#20099=PLANE('',#20098);
#20100=ADVANCED_FACE('',(#20094),#20099,.T.);
#20101=ORIENTED_EDGE('',*,*,#15910,.T.);
#20102=DIRECTION('',(-0.25882,0.,0.96593));
#20103=VECTOR('',#20102,73.41036);
#20104=LINE('',#15900,#20103);
#20105=EDGE_CURVE('',#15901,#18950,#20104,.T.);
#20106=ORIENTED_EDGE('',*,*,#20105,.T.);
#20107=ORIENTED_EDGE('',*,*,#18954,.F.);
#20108=ORIENTED_EDGE('',*,*,#20089,.F.);
#20109=EDGE_LOOP('',(#20101,#20106,#20107,#20108));
#20110=FACE_OUTER_BOUND('',#20109,.T.);
#20111=CARTESIAN_POINT('',(95.,-100.,180.));
#20112=DIRECTION('',(0.,-1.,0.));
#20113=DIRECTION('',(0.,0.,1.));
#20114=AXIS2_PLACEMENT_3D('',#20111,#20112,#20113);
#20115=PLANE('',#20114);
#20116=ADVANCED_FACE('',(#20110),#20115,.T.);
#20117=ORIENTED_EDGE('',*,*,#15938,.T.);
#20118=DIRECTION('',(-0.38268,0.,0.92388));
#20119=VECTOR('',#20118,49.64939);
#20120=LINE('',#15928,#20119);
#20121=EDGE_CURVE('',#15929,#18972,#20120,.T.);
#20122=ORIENTED_EDGE('',*,*,#20121,.T.);
#20123=ORIENTED_EDGE('',*,*,#18976,.F.);
#20124=ORIENTED_EDGE('',*,*,#20105,.F.);
#20125=EDGE_LOOP('',(#20117,#20122,#20123,#20124));
#20126=FACE_OUTER_BOUND('',#20125,.T.);
#20127=CARTESIAN_POINT('',(95.,-100.,184.59361));
#20128=DIRECTION('',(0.,-1.,0.));
#20129=DIRECTION('',(0.,0.,1.));
#20130=AXIS2_PLACEMENT_3D('',#20127,#20128,#20129);
#20131=PLANE('',#20130);
#20132=ADVANCED_FACE('',(#20126),#20131,.T.);
#20133=ORIENTED_EDGE('',*,*,#15966,.T.);
#20134=DIRECTION('',(-0.5,0.,0.86603));
#20135=VECTOR('',#20134,38.);
#20136=LINE('',#15956,#20135);
#20137=EDGE_CURVE('',#15957,#18994,#20136,.T.);
#20138=ORIENTED_EDGE('',*,*,#20137,.T.);
#20139=ORIENTED_EDGE('',*,*,#18998,.F.);
#20140=ORIENTED_EDGE('',*,*,#20121,.F.);
#20141=EDGE_LOOP('',(#20133,#20138,#20139,#20140));
#20142=FACE_OUTER_BOUND('',#20141,.T.);
#20143=CARTESIAN_POINT('',(95.,-100.,246.53196));
#20144=DIRECTION('',(0.,-1.,0.));
#20145=DIRECTION('',(0.,0.,1.));
#20146=AXIS2_PLACEMENT_3D('',#20143,#20144,#20145);
#20147=PLANE('',#20146);
#20148=ADVANCED_FACE('',(#20142),#20147,.T.);
#20149=ORIENTED_EDGE('',*,*,#15994,.T.);
#20150=DIRECTION('',(-0.60876,0.,0.79335));
#20151=VECTOR('',#20150,31.21091);
#20152=LINE('',#15984,#20151);
#20153=EDGE_CURVE('',#15985,#19016,#20152,.T.);
#20154=ORIENTED_EDGE('',*,*,#20153,.T.);
#20155=ORIENTED_EDGE('',*,*,#19020,.F.);
#20156=ORIENTED_EDGE('',*,*,#20137,.F.);
#20157=EDGE_LOOP('',(#20149,#20154,#20155,#20156));
#20158=FACE_OUTER_BOUND('',#20157,.T.);
#20159=CARTESIAN_POINT('',(95.,-100.,278.59361));
#20160=DIRECTION('',(0.,-1.,0.));
#20161=DIRECTION('',(0.,0.,1.));
#20162=AXIS2_PLACEMENT_3D('',#20159,#20160,#20161);
#20163=PLANE('',#20162);
#20164=ADVANCED_FACE('',(#20158),#20163,.T.);
#20165=ORIENTED_EDGE('',*,*,#16022,.T.);
#20166=DIRECTION('',(-0.70711,0.,0.70711));
#20167=VECTOR('',#20166,26.87006);
#20168=LINE('',#16012,#20167);
#20169=EDGE_CURVE('',#16013,#19038,#20168,.T.);
#20170=ORIENTED_EDGE('',*,*,#20169,.T.);
#20171=ORIENTED_EDGE('',*,*,#19042,.F.);
#20172=ORIENTED_EDGE('',*,*,#20153,.F.);
#20173=EDGE_LOOP('',(#20165,#20170,#20171,#20172));
#20174=FACE_OUTER_BOUND('',#20173,.T.);
#20175=CARTESIAN_POINT('',(95.,-100.,298.74841));
#20176=DIRECTION('',(0.,-1.,0.));
#20177=DIRECTION('',(0.,0.,1.));
#20178=AXIS2_PLACEMENT_3D('',#20175,#20176,#20177);
#20179=PLANE('',#20178);
#20180=ADVANCED_FACE('',(#20174),#20179,.T.);
#20181=ORIENTED_EDGE('',*,*,#16050,.T.);
#20182=DIRECTION('',(-0.79335,0.,0.60876));
#20183=VECTOR('',#20182,23.94898);
#20184=LINE('',#16040,#20183);
#20185=EDGE_CURVE('',#16041,#19060,#20184,.T.);
#20186=ORIENTED_EDGE('',*,*,#20185,.T.);
#20187=ORIENTED_EDGE('',*,*,#19064,.F.);
#20188=ORIENTED_EDGE('',*,*,#20169,.F.);
#20189=EDGE_LOOP('',(#20181,#20186,#20187,#20188));
#20190=FACE_OUTER_BOUND('',#20189,.T.);
#20191=CARTESIAN_POINT('',(95.,-100.,313.));
#20192=DIRECTION('',(0.,-1.,0.));
#20193=DIRECTION('',(0.,0.,1.));
#20194=AXIS2_PLACEMENT_3D('',#20191,#20192,#20193);
#20195=PLANE('',#20194);
#20196=ADVANCED_FACE('',(#20190),#20195,.T.);
#20197=ORIENTED_EDGE('',*,*,#16078,.T.);
#20198=DIRECTION('',(-0.86603,0.,0.5));
#20199=VECTOR('',#20198,21.93931);
#20200=LINE('',#16068,#20199);
#20201=EDGE_CURVE('',#16069,#19082,#20200,.T.);
#20202=ORIENTED_EDGE('',*,*,#20201,.T.);
#20203=ORIENTED_EDGE('',*,*,#19086,.F.);
#20204=ORIENTED_EDGE('',*,*,#20185,.F.);
#20205=EDGE_LOOP('',(#20197,#20202,#20203,#20204));
#20206=FACE_OUTER_BOUND('',#20205,.T.);
#20207=CARTESIAN_POINT('',(95.,-100.,323.93563));
#20208=DIRECTION('',(0.,-1.,0.));
#20209=DIRECTION('',(0.,0.,1.));
#20210=AXIS2_PLACEMENT_3D('',#20207,#20208,#20209);
#20211=PLANE('',#20210);
#20212=ADVANCED_FACE('',(#20206),#20211,.T.);
#20213=ORIENTED_EDGE('',*,*,#16106,.T.);
#20214=DIRECTION('',(-0.92388,0.,0.38268));
#20215=VECTOR('',#20214,20.56545);
#20216=LINE('',#16096,#20215);
#20217=EDGE_CURVE('',#16097,#19104,#20216,.T.);
#20218=ORIENTED_EDGE('',*,*,#20217,.T.);
#20219=ORIENTED_EDGE('',*,*,#19108,.F.);
#20220=ORIENTED_EDGE('',*,*,#20201,.F.);
#20221=EDGE_LOOP('',(#20213,#20218,#20219,#20220));
#20222=FACE_OUTER_BOUND('',#20221,.T.);
#20223=CARTESIAN_POINT('',(95.,-100.,332.86454));
#20224=DIRECTION('',(0.,-1.,0.));
#20225=DIRECTION('',(0.,0.,1.));
#20226=AXIS2_PLACEMENT_3D('',#20223,#20224,#20225);
#20227=PLANE('',#20226);
#20228=ADVANCED_FACE('',(#20222),#20227,.T.);
#20229=ORIENTED_EDGE('',*,*,#16134,.T.);
#20230=DIRECTION('',(-0.96593,0.,0.25882));
#20231=VECTOR('',#20230,19.67025);
#20232=LINE('',#16124,#20231);
#20233=EDGE_CURVE('',#16125,#19126,#20232,.T.);
#20234=ORIENTED_EDGE('',*,*,#20233,.T.);
#20235=ORIENTED_EDGE('',*,*,#19130,.F.);
#20236=ORIENTED_EDGE('',*,*,#20217,.F.);
#20237=EDGE_LOOP('',(#20229,#20234,#20235,#20236));
#20238=FACE_OUTER_BOUND('',#20237,.T.);
#20239=CARTESIAN_POINT('',(95.,-100.,340.53196));
#20240=DIRECTION('',(0.,-1.,0.));
#20241=DIRECTION('',(0.,0.,1.));
#20242=AXIS2_PLACEMENT_3D('',#20239,#20240,#20241);
#20243=PLANE('',#20242);
#20244=ADVANCED_FACE('',(#20238),#20243,.T.);
#20245=ORIENTED_EDGE('',*,*,#16162,.T.);
#20246=DIRECTION('',(-0.99144,0.,0.13053));
#20247=VECTOR('',#20246,19.16395);
#20248=LINE('',#16152,#20247);
#20249=EDGE_CURVE('',#16153,#19148,#20248,.T.);
#20250=ORIENTED_EDGE('',*,*,#20249,.T.);
#20251=ORIENTED_EDGE('',*,*,#19152,.F.);
#20252=ORIENTED_EDGE('',*,*,#20233,.F.);
#20253=EDGE_LOOP('',(#20245,#20250,#20251,#20252));
#20254=FACE_OUTER_BOUND('',#20253,.T.);
#20255=CARTESIAN_POINT('',(95.,-100.,347.40639));
#20256=DIRECTION('',(0.,-1.,0.));
#20257=DIRECTION('',(0.,0.,1.));
#20258=AXIS2_PLACEMENT_3D('',#20255,#20256,#20257);
#20259=PLANE('',#20258);
#20260=ADVANCED_FACE('',(#20254),#20259,.T.);
#20261=ORIENTED_EDGE('',*,*,#16182,.F.);
#20262=ORIENTED_EDGE('',*,*,#19195,.T.);
#20263=ORIENTED_EDGE('',*,*,#19172,.T.);
#20264=ORIENTED_EDGE('',*,*,#20249,.F.);
#20265=EDGE_LOOP('',(#20261,#20262,#20263,#20264));
#20266=FACE_OUTER_BOUND('',#20265,.T.);
#20267=CARTESIAN_POINT('',(95.,-100.,353.81233));
#20268=DIRECTION('',(0.,-1.,0.));
#20269=DIRECTION('',(0.,0.,1.));
#20270=AXIS2_PLACEMENT_3D('',#20267,#20268,#20269);
#20271=PLANE('',#20270);
#20272=ADVANCED_FACE('',(#20266),#20271,.T.);
#20273=CLOSED_SHELL('',(#14324,#14352,#14380,#14408,#14436,#14464,#14492,#14520,#14548,#14576,#14604,#14632,#14660,#14688,#14716,#14744,#14772,#14800,#14828,#14856,#14884,#14912,#14940,#14968,#14996,#15024,#15052,#15080,#15108,#15136,#15164,#15192,#15220,#15248,#15276,#15304,#15332,#15360,#15388,#15416,#15444,#15472,#15500,#15528,#15556,#15584,#15612,#15640,#15668,#15696,#15724,#15752,#15780,#15808,#15836,#15864,#15892,#15920,#15948,#15976,#16004,#16032,#16060,#16088,#16116,#16144,#16172,#16192,#16220,#16242,#16264,#16286,#16308,#16330,#16352,#16374,#16396,#16418,#16440,#16462,#16484,#16506,#16528,#16550,#16572,#16594,#16616,#16638,#16660,#16682,#16704,#16726,#16748,#16770,#16792,#16814,#16836,#16858,#16880,#16902,#16924,#16946,#16968,#16990,#17012,#17034,#17056,#17078,#17100,#17122,#17144,#17166,#17188,#17210,#17232,#17254,#17276,#17298,#17320,#17342,#17364,#17386,#17408,#17430,#17452,#17474,#17496,#17518,#17540,#17562,#17584,#17606,#17628,#17650,#17672,#17688,#17716,#17738,#17760,#17782,#17804,#17826,#17848,#17870,#17892,#17914,#17936,#17958,#17980,#18002,#18024,#18046,#18068,#18090,#18112,#18134,#18156,#18178,#18200,#18222,#18244,#18266,#18288,#18310,#18332,#18354,#18376,#18398,#18420,#18442,#18464,#18486,#18508,#18530,#18552,#18574,#18596,#18618,#18640,#18662,#18684,#18706,#18728,#18750,#18772,#18794,#18816,#18838,#18860,#18882,#18904,#18926,#18948,#18970,#18992,#19014,#19036,#19058,#19080,#19102,#19124,#19146,#19168,#19184,#19204,#19220,#19236,#19252,#19268,#19284,#19300,#19316,#19332,#19348,#19364,#19380,#19396,#19412,#19428,#19444,#19460,#19476,#19492,#19508,#19524,#19540,#19556,#19572,#19588,#19604,#19620,#19636,#19652,#19668,#19684,#19700,#19716,#19732,#19748,#19764,#19780,#19796,#19812,#19828,#19844,#19860,#19876,#19892,#19908,#19924,#19940,#19956,#19972,#19988,#20004,#20020,#20036,#20052,#20068,#20084,#20100,#20116,#20132,#20148,#20164,#20180,#20196,#20212,#20228,#20244,#20260,#20272));
#20274=MANIFOLD_SOLID_BREP('',#20273);
#20275=STYLED_ITEM('color',(#612),#20274);
#20276=CARTESIAN_POINT('',(-101.,111.,230.));
#20277=VERTEX_POINT('',#20276);
#20278=CARTESIAN_POINT('',(-101.34074,113.58819,230.));
#20279=VERTEX_POINT('',#20278);
#20280=DIRECTION('',(-0.13053,0.99144,0.));
#20281=VECTOR('',#20280,2.61052);
#20282=LINE('',#20276,#20281);
#20283=EDGE_CURVE('',#20277,#20279,#20282,.T.);
#20284=ORIENTED_EDGE('',*,*,#20283,.T.);
#20285=CARTESIAN_POINT('',(-101.34074,113.58819,270.));
#20286=VERTEX_POINT('',#20285);
#20287=DIRECTION('',(0.,0.,1.));
#20288=VECTOR('',#20287,40.);
#20289=LINE('',#20278,#20288);
#20290=EDGE_CURVE('',#20279,#20286,#20289,.T.);
#20291=ORIENTED_EDGE('',*,*,#20290,.T.);
#20292=CARTESIAN_POINT('',(-101.,111.,270.));
#20293=VERTEX_POINT('',#20292);
#20294=DIRECTION('',(-0.13053,0.99144,0.));
#20295=VECTOR('',#20294,2.61052);
#20296=LINE('',#20292,#20295);
#20297=EDGE_CURVE('',#20293,#20286,#20296,.T.);
#20298=ORIENTED_EDGE('',*,*,#20297,.F.);
#20299=DIRECTION('',(0.,0.,1.));
#20300=VECTOR('',#20299,40.);
#20301=LINE('',#20276,#20300);
#20302=EDGE_CURVE('',#20277,#20293,#20301,.T.);
#20303=ORIENTED_EDGE('',*,*,#20302,.F.);
#20304=EDGE_LOOP('',(#20284,#20291,#20298,#20303));
#20305=FACE_OUTER_BOUND('',#20304,.T.);
#20306=CARTESIAN_POINT('',(-101.,111.,230.));
#20307=DIRECTION('',(0.99144,0.13053,0.));
#20308=DIRECTION('',(-0.13053,0.99144,0.));
#20309=AXIS2_PLACEMENT_3D('',#20306,#20307,#20308);
#20310=PLANE('',#20309);
#20311=ADVANCED_FACE('',(#20305),#20310,.T.);
#20312=CARTESIAN_POINT('',(-102.33975,116.,230.));
#20313=VERTEX_POINT('',#20312);
#20314=DIRECTION('',(-0.38268,0.92388,0.));
#20315=VECTOR('',#20314,2.61052);
#20316=LINE('',#20278,#20315);
#20317=EDGE_CURVE('',#20279,#20313,#20316,.T.);
#20318=ORIENTED_EDGE('',*,*,#20317,.T.);
#20319=CARTESIAN_POINT('',(-102.33975,116.,270.));
#20320=VERTEX_POINT('',#20319);
#20321=DIRECTION('',(0.,0.,1.));
#20322=VECTOR('',#20321,40.);
#20323=LINE('',#20312,#20322);
#20324=EDGE_CURVE('',#20313,#20320,#20323,.T.);
#20325=ORIENTED_EDGE('',*,*,#20324,.T.);
#20326=DIRECTION('',(-0.38268,0.92388,0.));
#20327=VECTOR('',#20326,2.61052);
#20328=LINE('',#20285,#20327);
#20329=EDGE_CURVE('',#20286,#20320,#20328,.T.);
#20330=ORIENTED_EDGE('',*,*,#20329,.F.);
#20331=ORIENTED_EDGE('',*,*,#20290,.F.);
#20332=EDGE_LOOP('',(#20318,#20325,#20330,#20331));
#20333=FACE_OUTER_BOUND('',#20332,.T.);
#20334=CARTESIAN_POINT('',(-101.34074,113.58819,230.));
#20335=DIRECTION('',(0.92388,0.38268,0.));
#20336=DIRECTION('',(-0.38268,0.92388,0.));
#20337=AXIS2_PLACEMENT_3D('',#20334,#20335,#20336);
#20338=PLANE('',#20337);
#20339=ADVANCED_FACE('',(#20333),#20338,.T.);
#20340=CARTESIAN_POINT('',(-103.92893,118.07107,230.));
#20341=VERTEX_POINT('',#20340);
#20342=DIRECTION('',(-0.60876,0.79335,0.));
#20343=VECTOR('',#20342,2.61052);
#20344=LINE('',#20312,#20343);
#20345=EDGE_CURVE('',#20313,#20341,#20344,.T.);
#20346=ORIENTED_EDGE('',*,*,#20345,.T.);
#20347=CARTESIAN_POINT('',(-103.92893,118.07107,270.));
#20348=VERTEX_POINT('',#20347);
#20349=DIRECTION('',(0.,0.,1.));
#20350=VECTOR('',#20349,40.);
#20351=LINE('',#20340,#20350);
#20352=EDGE_CURVE('',#20341,#20348,#20351,.T.);
#20353=ORIENTED_EDGE('',*,*,#20352,.T.);
#20354=DIRECTION('',(-0.60876,0.79335,0.));
#20355=VECTOR('',#20354,2.61052);
#20356=LINE('',#20319,#20355);
#20357=EDGE_CURVE('',#20320,#20348,#20356,.T.);
#20358=ORIENTED_EDGE('',*,*,#20357,.F.);
#20359=ORIENTED_EDGE('',*,*,#20324,.F.);
#20360=EDGE_LOOP('',(#20346,#20353,#20358,#20359));
#20361=FACE_OUTER_BOUND('',#20360,.T.);
#20362=CARTESIAN_POINT('',(-102.33975,116.,230.));
#20363=DIRECTION('',(0.79335,0.60876,0.));
#20364=DIRECTION('',(-0.60876,0.79335,0.));
#20365=AXIS2_PLACEMENT_3D('',#20362,#20363,#20364);
#20366=PLANE('',#20365);
#20367=ADVANCED_FACE('',(#20361),#20366,.T.);
#20368=CARTESIAN_POINT('',(-106.,119.66025,230.));
#20369=VERTEX_POINT('',#20368);
#20370=DIRECTION('',(-0.79335,0.60876,0.));
#20371=VECTOR('',#20370,2.61052);
#20372=LINE('',#20340,#20371);
#20373=EDGE_CURVE('',#20341,#20369,#20372,.T.);
#20374=ORIENTED_EDGE('',*,*,#20373,.T.);
#20375=CARTESIAN_POINT('',(-106.,119.66025,270.));
#20376=VERTEX_POINT('',#20375);
#20377=DIRECTION('',(0.,0.,1.));
#20378=VECTOR('',#20377,40.);
#20379=LINE('',#20368,#20378);
#20380=EDGE_CURVE('',#20369,#20376,#20379,.T.);
#20381=ORIENTED_EDGE('',*,*,#20380,.T.);
#20382=DIRECTION('',(-0.79335,0.60876,0.));
#20383=VECTOR('',#20382,2.61052);
#20384=LINE('',#20347,#20383);
#20385=EDGE_CURVE('',#20348,#20376,#20384,.T.);
#20386=ORIENTED_EDGE('',*,*,#20385,.F.);
#20387=ORIENTED_EDGE('',*,*,#20352,.F.);
#20388=EDGE_LOOP('',(#20374,#20381,#20386,#20387));
#20389=FACE_OUTER_BOUND('',#20388,.T.);
#20390=CARTESIAN_POINT('',(-103.92893,118.07107,230.));
#20391=DIRECTION('',(0.60876,0.79335,0.));
#20392=DIRECTION('',(-0.79335,0.60876,0.));
#20393=AXIS2_PLACEMENT_3D('',#20390,#20391,#20392);
#20394=PLANE('',#20393);
#20395=ADVANCED_FACE('',(#20389),#20394,.T.);
#20396=CARTESIAN_POINT('',(-108.41181,120.65926,230.));
#20397=VERTEX_POINT('',#20396);
#20398=DIRECTION('',(-0.92388,0.38268,0.));
#20399=VECTOR('',#20398,2.61052);
#20400=LINE('',#20368,#20399);
#20401=EDGE_CURVE('',#20369,#20397,#20400,.T.);
#20402=ORIENTED_EDGE('',*,*,#20401,.T.);
#20403=CARTESIAN_POINT('',(-108.41181,120.65926,270.));
#20404=VERTEX_POINT('',#20403);
#20405=DIRECTION('',(0.,0.,1.));
#20406=VECTOR('',#20405,40.);
#20407=LINE('',#20396,#20406);
#20408=EDGE_CURVE('',#20397,#20404,#20407,.T.);
#20409=ORIENTED_EDGE('',*,*,#20408,.T.);
#20410=DIRECTION('',(-0.92388,0.38268,0.));
#20411=VECTOR('',#20410,2.61052);
#20412=LINE('',#20375,#20411);
#20413=EDGE_CURVE('',#20376,#20404,#20412,.T.);
#20414=ORIENTED_EDGE('',*,*,#20413,.F.);
#20415=ORIENTED_EDGE('',*,*,#20380,.F.);
#20416=EDGE_LOOP('',(#20402,#20409,#20414,#20415));
#20417=FACE_OUTER_BOUND('',#20416,.T.);
#20418=CARTESIAN_POINT('',(-106.,119.66025,230.));
#20419=DIRECTION('',(0.38268,0.92388,0.));
#20420=DIRECTION('',(-0.92388,0.38268,0.));
#20421=AXIS2_PLACEMENT_3D('',#20418,#20419,#20420);
#20422=PLANE('',#20421);
#20423=ADVANCED_FACE('',(#20417),#20422,.T.);
#20424=CARTESIAN_POINT('',(-111.,121.,230.));
#20425=VERTEX_POINT('',#20424);
#20426=DIRECTION('',(-0.99144,0.13053,0.));
#20427=VECTOR('',#20426,2.61052);
#20428=LINE('',#20396,#20427);
#20429=EDGE_CURVE('',#20397,#20425,#20428,.T.);
#20430=ORIENTED_EDGE('',*,*,#20429,.T.);
#20431=CARTESIAN_POINT('',(-111.,121.,270.));
#20432=VERTEX_POINT('',#20431);
#20433=DIRECTION('',(0.,0.,1.));
#20434=VECTOR('',#20433,40.);
#20435=LINE('',#20424,#20434);
#20436=EDGE_CURVE('',#20425,#20432,#20435,.T.);
#20437=ORIENTED_EDGE('',*,*,#20436,.T.);
#20438=DIRECTION('',(-0.99144,0.13053,0.));
#20439=VECTOR('',#20438,2.61052);
#20440=LINE('',#20403,#20439);
#20441=EDGE_CURVE('',#20404,#20432,#20440,.T.);
#20442=ORIENTED_EDGE('',*,*,#20441,.F.);
#20443=ORIENTED_EDGE('',*,*,#20408,.F.);
#20444=EDGE_LOOP('',(#20430,#20437,#20442,#20443));
#20445=FACE_OUTER_BOUND('',#20444,.T.);
#20446=CARTESIAN_POINT('',(-108.41181,120.65926,230.));
#20447=DIRECTION('',(0.13053,0.99144,0.));
#20448=DIRECTION('',(-0.99144,0.13053,0.));
#20449=AXIS2_PLACEMENT_3D('',#20446,#20447,#20448);
#20450=PLANE('',#20449);
#20451=ADVANCED_FACE('',(#20445),#20450,.T.);
#20452=CARTESIAN_POINT('',(-113.58819,120.65926,230.));
#20453=VERTEX_POINT('',#20452);
#20454=DIRECTION('',(-0.99144,-0.13053,0.));
#20455=VECTOR('',#20454,2.61052);
#20456=LINE('',#20424,#20455);
#20457=EDGE_CURVE('',#20425,#20453,#20456,.T.);
#20458=ORIENTED_EDGE('',*,*,#20457,.T.);
#20459=CARTESIAN_POINT('',(-113.58819,120.65926,270.));
#20460=VERTEX_POINT('',#20459);
#20461=DIRECTION('',(0.,0.,1.));
#20462=VECTOR('',#20461,40.);
#20463=LINE('',#20452,#20462);
#20464=EDGE_CURVE('',#20453,#20460,#20463,.T.);
#20465=ORIENTED_EDGE('',*,*,#20464,.T.);
#20466=DIRECTION('',(-0.99144,-0.13053,0.));
#20467=VECTOR('',#20466,2.61052);
#20468=LINE('',#20431,#20467);
#20469=EDGE_CURVE('',#20432,#20460,#20468,.T.);
#20470=ORIENTED_EDGE('',*,*,#20469,.F.);
#20471=ORIENTED_EDGE('',*,*,#20436,.F.);
#20472=EDGE_LOOP('',(#20458,#20465,#20470,#20471));
#20473=FACE_OUTER_BOUND('',#20472,.T.);
#20474=CARTESIAN_POINT('',(-111.,121.,230.));
#20475=DIRECTION('',(-0.13053,0.99144,0.));
#20476=DIRECTION('',(-0.99144,-0.13053,0.));
#20477=AXIS2_PLACEMENT_3D('',#20474,#20475,#20476);
#20478=PLANE('',#20477);
#20479=ADVANCED_FACE('',(#20473),#20478,.T.);
#20480=CARTESIAN_POINT('',(-116.,119.66025,230.));
#20481=VERTEX_POINT('',#20480);
#20482=DIRECTION('',(-0.92388,-0.38268,0.));
#20483=VECTOR('',#20482,2.61052);
#20484=LINE('',#20452,#20483);
#20485=EDGE_CURVE('',#20453,#20481,#20484,.T.);
#20486=ORIENTED_EDGE('',*,*,#20485,.T.);
#20487=CARTESIAN_POINT('',(-116.,119.66025,270.));
#20488=VERTEX_POINT('',#20487);
#20489=DIRECTION('',(0.,0.,1.));
#20490=VECTOR('',#20489,40.);
#20491=LINE('',#20480,#20490);
#20492=EDGE_CURVE('',#20481,#20488,#20491,.T.);
#20493=ORIENTED_EDGE('',*,*,#20492,.T.);
#20494=DIRECTION('',(-0.92388,-0.38268,0.));
#20495=VECTOR('',#20494,2.61052);
#20496=LINE('',#20459,#20495);
#20497=EDGE_CURVE('',#20460,#20488,#20496,.T.);
#20498=ORIENTED_EDGE('',*,*,#20497,.F.);
#20499=ORIENTED_EDGE('',*,*,#20464,.F.);
#20500=EDGE_LOOP('',(#20486,#20493,#20498,#20499));
#20501=FACE_OUTER_BOUND('',#20500,.T.);
#20502=CARTESIAN_POINT('',(-113.58819,120.65926,230.));
#20503=DIRECTION('',(-0.38268,0.92388,0.));
#20504=DIRECTION('',(-0.92388,-0.38268,0.));
#20505=AXIS2_PLACEMENT_3D('',#20502,#20503,#20504);
#20506=PLANE('',#20505);
#20507=ADVANCED_FACE('',(#20501),#20506,.T.);
#20508=CARTESIAN_POINT('',(-118.07107,118.07107,230.));
#20509=VERTEX_POINT('',#20508);
#20510=DIRECTION('',(-0.79335,-0.60876,0.));
#20511=VECTOR('',#20510,2.61052);
#20512=LINE('',#20480,#20511);
#20513=EDGE_CURVE('',#20481,#20509,#20512,.T.);
#20514=ORIENTED_EDGE('',*,*,#20513,.T.);
#20515=CARTESIAN_POINT('',(-118.07107,118.07107,270.));
#20516=VERTEX_POINT('',#20515);
#20517=DIRECTION('',(0.,0.,1.));
#20518=VECTOR('',#20517,40.);
#20519=LINE('',#20508,#20518);
#20520=EDGE_CURVE('',#20509,#20516,#20519,.T.);
#20521=ORIENTED_EDGE('',*,*,#20520,.T.);
#20522=DIRECTION('',(-0.79335,-0.60876,0.));
#20523=VECTOR('',#20522,2.61052);
#20524=LINE('',#20487,#20523);
#20525=EDGE_CURVE('',#20488,#20516,#20524,.T.);
#20526=ORIENTED_EDGE('',*,*,#20525,.F.);
#20527=ORIENTED_EDGE('',*,*,#20492,.F.);
#20528=EDGE_LOOP('',(#20514,#20521,#20526,#20527));
#20529=FACE_OUTER_BOUND('',#20528,.T.);
#20530=CARTESIAN_POINT('',(-116.,119.66025,230.));
#20531=DIRECTION('',(-0.60876,0.79335,0.));
#20532=DIRECTION('',(-0.79335,-0.60876,0.));
#20533=AXIS2_PLACEMENT_3D('',#20530,#20531,#20532);
#20534=PLANE('',#20533);
#20535=ADVANCED_FACE('',(#20529),#20534,.T.);
#20536=CARTESIAN_POINT('',(-119.66025,116.,230.));
#20537=VERTEX_POINT('',#20536);
#20538=DIRECTION('',(-0.60876,-0.79335,0.));
#20539=VECTOR('',#20538,2.61052);
#20540=LINE('',#20508,#20539);
#20541=EDGE_CURVE('',#20509,#20537,#20540,.T.);
#20542=ORIENTED_EDGE('',*,*,#20541,.T.);
#20543=CARTESIAN_POINT('',(-119.66025,116.,270.));
#20544=VERTEX_POINT('',#20543);
#20545=DIRECTION('',(0.,0.,1.));
#20546=VECTOR('',#20545,40.);
#20547=LINE('',#20536,#20546);
#20548=EDGE_CURVE('',#20537,#20544,#20547,.T.);
#20549=ORIENTED_EDGE('',*,*,#20548,.T.);
#20550=DIRECTION('',(-0.60876,-0.79335,0.));
#20551=VECTOR('',#20550,2.61052);
#20552=LINE('',#20515,#20551);
#20553=EDGE_CURVE('',#20516,#20544,#20552,.T.);
#20554=ORIENTED_EDGE('',*,*,#20553,.F.);
#20555=ORIENTED_EDGE('',*,*,#20520,.F.);
#20556=EDGE_LOOP('',(#20542,#20549,#20554,#20555));
#20557=FACE_OUTER_BOUND('',#20556,.T.);
#20558=CARTESIAN_POINT('',(-118.07107,118.07107,230.));
#20559=DIRECTION('',(-0.79335,0.60876,0.));
#20560=DIRECTION('',(-0.60876,-0.79335,0.));
#20561=AXIS2_PLACEMENT_3D('',#20558,#20559,#20560);
#20562=PLANE('',#20561);
#20563=ADVANCED_FACE('',(#20557),#20562,.T.);
#20564=CARTESIAN_POINT('',(-120.65926,113.58819,230.));
#20565=VERTEX_POINT('',#20564);
#20566=DIRECTION('',(-0.38268,-0.92388,0.));
#20567=VECTOR('',#20566,2.61052);
#20568=LINE('',#20536,#20567);
#20569=EDGE_CURVE('',#20537,#20565,#20568,.T.);
#20570=ORIENTED_EDGE('',*,*,#20569,.T.);
#20571=CARTESIAN_POINT('',(-120.65926,113.58819,270.));
#20572=VERTEX_POINT('',#20571);
#20573=DIRECTION('',(0.,0.,1.));
#20574=VECTOR('',#20573,40.);
#20575=LINE('',#20564,#20574);
#20576=EDGE_CURVE('',#20565,#20572,#20575,.T.);
#20577=ORIENTED_EDGE('',*,*,#20576,.T.);
#20578=DIRECTION('',(-0.38268,-0.92388,0.));
#20579=VECTOR('',#20578,2.61052);
#20580=LINE('',#20543,#20579);
#20581=EDGE_CURVE('',#20544,#20572,#20580,.T.);
#20582=ORIENTED_EDGE('',*,*,#20581,.F.);
#20583=ORIENTED_EDGE('',*,*,#20548,.F.);
#20584=EDGE_LOOP('',(#20570,#20577,#20582,#20583));
#20585=FACE_OUTER_BOUND('',#20584,.T.);
#20586=CARTESIAN_POINT('',(-119.66025,116.,230.));
#20587=DIRECTION('',(-0.92388,0.38268,0.));
#20588=DIRECTION('',(-0.38268,-0.92388,0.));
#20589=AXIS2_PLACEMENT_3D('',#20586,#20587,#20588);
#20590=PLANE('',#20589);
#20591=ADVANCED_FACE('',(#20585),#20590,.T.);
#20592=CARTESIAN_POINT('',(-121.,111.,230.));
#20593=VERTEX_POINT('',#20592);
#20594=DIRECTION('',(-0.13053,-0.99144,0.));
#20595=VECTOR('',#20594,2.61052);
#20596=LINE('',#20564,#20595);
#20597=EDGE_CURVE('',#20565,#20593,#20596,.T.);
#20598=ORIENTED_EDGE('',*,*,#20597,.T.);
#20599=CARTESIAN_POINT('',(-121.,111.,270.));
#20600=VERTEX_POINT('',#20599);
#20601=DIRECTION('',(0.,0.,1.));
#20602=VECTOR('',#20601,40.);
#20603=LINE('',#20592,#20602);
#20604=EDGE_CURVE('',#20593,#20600,#20603,.T.);
#20605=ORIENTED_EDGE('',*,*,#20604,.T.);
#20606=DIRECTION('',(-0.13053,-0.99144,0.));
#20607=VECTOR('',#20606,2.61052);
#20608=LINE('',#20571,#20607);
#20609=EDGE_CURVE('',#20572,#20600,#20608,.T.);
#20610=ORIENTED_EDGE('',*,*,#20609,.F.);
#20611=ORIENTED_EDGE('',*,*,#20576,.F.);
#20612=EDGE_LOOP('',(#20598,#20605,#20610,#20611));
#20613=FACE_OUTER_BOUND('',#20612,.T.);
#20614=CARTESIAN_POINT('',(-120.65926,113.58819,230.));
#20615=DIRECTION('',(-0.99144,0.13053,0.));
#20616=DIRECTION('',(-0.13053,-0.99144,0.));
#20617=AXIS2_PLACEMENT_3D('',#20614,#20615,#20616);
#20618=PLANE('',#20617);
#20619=ADVANCED_FACE('',(#20613),#20618,.T.);
#20620=CARTESIAN_POINT('',(-120.65926,108.41181,230.));
#20621=VERTEX_POINT('',#20620);
#20622=DIRECTION('',(0.13053,-0.99144,0.));
#20623=VECTOR('',#20622,2.61052);
#20624=LINE('',#20592,#20623);
#20625=EDGE_CURVE('',#20593,#20621,#20624,.T.);
#20626=ORIENTED_EDGE('',*,*,#20625,.T.);
#20627=CARTESIAN_POINT('',(-120.65926,108.41181,270.));
#20628=VERTEX_POINT('',#20627);
#20629=DIRECTION('',(0.,0.,1.));
#20630=VECTOR('',#20629,40.);
#20631=LINE('',#20620,#20630);
#20632=EDGE_CURVE('',#20621,#20628,#20631,.T.);
#20633=ORIENTED_EDGE('',*,*,#20632,.T.);
#20634=DIRECTION('',(0.13053,-0.99144,0.));
#20635=VECTOR('',#20634,2.61052);
#20636=LINE('',#20599,#20635);
#20637=EDGE_CURVE('',#20600,#20628,#20636,.T.);
#20638=ORIENTED_EDGE('',*,*,#20637,.F.);
#20639=ORIENTED_EDGE('',*,*,#20604,.F.);
#20640=EDGE_LOOP('',(#20626,#20633,#20638,#20639));
#20641=FACE_OUTER_BOUND('',#20640,.T.);
#20642=CARTESIAN_POINT('',(-121.,111.,230.));
#20643=DIRECTION('',(-0.99144,-0.13053,0.));
#20644=DIRECTION('',(0.13053,-0.99144,0.));
#20645=AXIS2_PLACEMENT_3D('',#20642,#20643,#20644);
#20646=PLANE('',#20645);
#20647=ADVANCED_FACE('',(#20641),#20646,.T.);
#20648=CARTESIAN_POINT('',(-119.66025,106.,230.));
#20649=VERTEX_POINT('',#20648);
#20650=DIRECTION('',(0.38268,-0.92388,0.));
#20651=VECTOR('',#20650,2.61052);
#20652=LINE('',#20620,#20651);
#20653=EDGE_CURVE('',#20621,#20649,#20652,.T.);
#20654=ORIENTED_EDGE('',*,*,#20653,.T.);
#20655=CARTESIAN_POINT('',(-119.66025,106.,270.));
#20656=VERTEX_POINT('',#20655);
#20657=DIRECTION('',(0.,0.,1.));
#20658=VECTOR('',#20657,40.);
#20659=LINE('',#20648,#20658);
#20660=EDGE_CURVE('',#20649,#20656,#20659,.T.);
#20661=ORIENTED_EDGE('',*,*,#20660,.T.);
#20662=DIRECTION('',(0.38268,-0.92388,0.));
#20663=VECTOR('',#20662,2.61052);
#20664=LINE('',#20627,#20663);
#20665=EDGE_CURVE('',#20628,#20656,#20664,.T.);
#20666=ORIENTED_EDGE('',*,*,#20665,.F.);
#20667=ORIENTED_EDGE('',*,*,#20632,.F.);
#20668=EDGE_LOOP('',(#20654,#20661,#20666,#20667));
#20669=FACE_OUTER_BOUND('',#20668,.T.);
#20670=CARTESIAN_POINT('',(-120.65926,108.41181,230.));
#20671=DIRECTION('',(-0.92388,-0.38268,0.));
#20672=DIRECTION('',(0.38268,-0.92388,0.));
#20673=AXIS2_PLACEMENT_3D('',#20670,#20671,#20672);
#20674=PLANE('',#20673);
#20675=ADVANCED_FACE('',(#20669),#20674,.T.);
#20676=CARTESIAN_POINT('',(-118.07107,103.92893,230.));
#20677=VERTEX_POINT('',#20676);
#20678=DIRECTION('',(0.60876,-0.79335,0.));
#20679=VECTOR('',#20678,2.61052);
#20680=LINE('',#20648,#20679);
#20681=EDGE_CURVE('',#20649,#20677,#20680,.T.);
#20682=ORIENTED_EDGE('',*,*,#20681,.T.);
#20683=CARTESIAN_POINT('',(-118.07107,103.92893,270.));
#20684=VERTEX_POINT('',#20683);
#20685=DIRECTION('',(0.,0.,1.));
#20686=VECTOR('',#20685,40.);
#20687=LINE('',#20676,#20686);
#20688=EDGE_CURVE('',#20677,#20684,#20687,.T.);
#20689=ORIENTED_EDGE('',*,*,#20688,.T.);
#20690=DIRECTION('',(0.60876,-0.79335,0.));
#20691=VECTOR('',#20690,2.61052);
#20692=LINE('',#20655,#20691);
#20693=EDGE_CURVE('',#20656,#20684,#20692,.T.);
#20694=ORIENTED_EDGE('',*,*,#20693,.F.);
#20695=ORIENTED_EDGE('',*,*,#20660,.F.);
#20696=EDGE_LOOP('',(#20682,#20689,#20694,#20695));
#20697=FACE_OUTER_BOUND('',#20696,.T.);
#20698=CARTESIAN_POINT('',(-119.66025,106.,230.));
#20699=DIRECTION('',(-0.79335,-0.60876,0.));
#20700=DIRECTION('',(0.60876,-0.79335,0.));
#20701=AXIS2_PLACEMENT_3D('',#20698,#20699,#20700);
#20702=PLANE('',#20701);
#20703=ADVANCED_FACE('',(#20697),#20702,.T.);
#20704=CARTESIAN_POINT('',(-116.,102.33975,230.));
#20705=VERTEX_POINT('',#20704);
#20706=DIRECTION('',(0.79335,-0.60876,0.));
#20707=VECTOR('',#20706,2.61052);
#20708=LINE('',#20676,#20707);
#20709=EDGE_CURVE('',#20677,#20705,#20708,.T.);
#20710=ORIENTED_EDGE('',*,*,#20709,.T.);
#20711=CARTESIAN_POINT('',(-116.,102.33975,270.));
#20712=VERTEX_POINT('',#20711);
#20713=DIRECTION('',(0.,0.,1.));
#20714=VECTOR('',#20713,40.);
#20715=LINE('',#20704,#20714);
#20716=EDGE_CURVE('',#20705,#20712,#20715,.T.);
#20717=ORIENTED_EDGE('',*,*,#20716,.T.);
#20718=DIRECTION('',(0.79335,-0.60876,0.));
#20719=VECTOR('',#20718,2.61052);
#20720=LINE('',#20683,#20719);
#20721=EDGE_CURVE('',#20684,#20712,#20720,.T.);
#20722=ORIENTED_EDGE('',*,*,#20721,.F.);
#20723=ORIENTED_EDGE('',*,*,#20688,.F.);
#20724=EDGE_LOOP('',(#20710,#20717,#20722,#20723));
#20725=FACE_OUTER_BOUND('',#20724,.T.);
#20726=CARTESIAN_POINT('',(-118.07107,103.92893,230.));
#20727=DIRECTION('',(-0.60876,-0.79335,0.));
#20728=DIRECTION('',(0.79335,-0.60876,0.));
#20729=AXIS2_PLACEMENT_3D('',#20726,#20727,#20728);
#20730=PLANE('',#20729);
#20731=ADVANCED_FACE('',(#20725),#20730,.T.);
#20732=CARTESIAN_POINT('',(-113.58819,101.34074,230.));
#20733=VERTEX_POINT('',#20732);
#20734=DIRECTION('',(0.92388,-0.38268,0.));
#20735=VECTOR('',#20734,2.61052);
#20736=LINE('',#20704,#20735);
#20737=EDGE_CURVE('',#20705,#20733,#20736,.T.);
#20738=ORIENTED_EDGE('',*,*,#20737,.T.);
#20739=CARTESIAN_POINT('',(-113.58819,101.34074,270.));
#20740=VERTEX_POINT('',#20739);
#20741=DIRECTION('',(0.,0.,1.));
#20742=VECTOR('',#20741,40.);
#20743=LINE('',#20732,#20742);
#20744=EDGE_CURVE('',#20733,#20740,#20743,.T.);
#20745=ORIENTED_EDGE('',*,*,#20744,.T.);
#20746=DIRECTION('',(0.92388,-0.38268,0.));
#20747=VECTOR('',#20746,2.61052);
#20748=LINE('',#20711,#20747);
#20749=EDGE_CURVE('',#20712,#20740,#20748,.T.);
#20750=ORIENTED_EDGE('',*,*,#20749,.F.);
#20751=ORIENTED_EDGE('',*,*,#20716,.F.);
#20752=EDGE_LOOP('',(#20738,#20745,#20750,#20751));
#20753=FACE_OUTER_BOUND('',#20752,.T.);
#20754=CARTESIAN_POINT('',(-116.,102.33975,230.));
#20755=DIRECTION('',(-0.38268,-0.92388,0.));
#20756=DIRECTION('',(0.92388,-0.38268,0.));
#20757=AXIS2_PLACEMENT_3D('',#20754,#20755,#20756);
#20758=PLANE('',#20757);
#20759=ADVANCED_FACE('',(#20753),#20758,.T.);
#20760=CARTESIAN_POINT('',(-111.,101.,230.));
#20761=VERTEX_POINT('',#20760);
#20762=DIRECTION('',(0.99144,-0.13053,0.));
#20763=VECTOR('',#20762,2.61052);
#20764=LINE('',#20732,#20763);
#20765=EDGE_CURVE('',#20733,#20761,#20764,.T.);
#20766=ORIENTED_EDGE('',*,*,#20765,.T.);
#20767=CARTESIAN_POINT('',(-111.,101.,270.));
#20768=VERTEX_POINT('',#20767);
#20769=DIRECTION('',(0.,0.,1.));
#20770=VECTOR('',#20769,40.);
#20771=LINE('',#20760,#20770);
#20772=EDGE_CURVE('',#20761,#20768,#20771,.T.);
#20773=ORIENTED_EDGE('',*,*,#20772,.T.);
#20774=DIRECTION('',(0.99144,-0.13053,0.));
#20775=VECTOR('',#20774,2.61052);
#20776=LINE('',#20739,#20775);
#20777=EDGE_CURVE('',#20740,#20768,#20776,.T.);
#20778=ORIENTED_EDGE('',*,*,#20777,.F.);
#20779=ORIENTED_EDGE('',*,*,#20744,.F.);
#20780=EDGE_LOOP('',(#20766,#20773,#20778,#20779));
#20781=FACE_OUTER_BOUND('',#20780,.T.);
#20782=CARTESIAN_POINT('',(-113.58819,101.34074,230.));
#20783=DIRECTION('',(-0.13053,-0.99144,0.));
#20784=DIRECTION('',(0.99144,-0.13053,0.));
#20785=AXIS2_PLACEMENT_3D('',#20782,#20783,#20784);
#20786=PLANE('',#20785);
#20787=ADVANCED_FACE('',(#20781),#20786,.T.);
#20788=CARTESIAN_POINT('',(-108.41181,101.34074,230.));
#20789=VERTEX_POINT('',#20788);
#20790=DIRECTION('',(0.99144,0.13053,0.));
#20791=VECTOR('',#20790,2.61052);
#20792=LINE('',#20760,#20791);
#20793=EDGE_CURVE('',#20761,#20789,#20792,.T.);
#20794=ORIENTED_EDGE('',*,*,#20793,.T.);
#20795=CARTESIAN_POINT('',(-108.41181,101.34074,270.));
#20796=VERTEX_POINT('',#20795);
#20797=DIRECTION('',(0.,0.,1.));
#20798=VECTOR('',#20797,40.);
#20799=LINE('',#20788,#20798);
#20800=EDGE_CURVE('',#20789,#20796,#20799,.T.);
#20801=ORIENTED_EDGE('',*,*,#20800,.T.);
#20802=DIRECTION('',(0.99144,0.13053,0.));
#20803=VECTOR('',#20802,2.61052);
#20804=LINE('',#20767,#20803);
#20805=EDGE_CURVE('',#20768,#20796,#20804,.T.);
#20806=ORIENTED_EDGE('',*,*,#20805,.F.);
#20807=ORIENTED_EDGE('',*,*,#20772,.F.);
#20808=EDGE_LOOP('',(#20794,#20801,#20806,#20807));
#20809=FACE_OUTER_BOUND('',#20808,.T.);
#20810=CARTESIAN_POINT('',(-111.,101.,230.));
#20811=DIRECTION('',(0.13053,-0.99144,0.));
#20812=DIRECTION('',(0.99144,0.13053,0.));
#20813=AXIS2_PLACEMENT_3D('',#20810,#20811,#20812);
#20814=PLANE('',#20813);
#20815=ADVANCED_FACE('',(#20809),#20814,.T.);
#20816=CARTESIAN_POINT('',(-106.,102.33975,230.));
#20817=VERTEX_POINT('',#20816);
#20818=DIRECTION('',(0.92388,0.38268,0.));
#20819=VECTOR('',#20818,2.61052);
#20820=LINE('',#20788,#20819);
#20821=EDGE_CURVE('',#20789,#20817,#20820,.T.);
#20822=ORIENTED_EDGE('',*,*,#20821,.T.);
#20823=CARTESIAN_POINT('',(-106.,102.33975,270.));
#20824=VERTEX_POINT('',#20823);
#20825=DIRECTION('',(0.,0.,1.));
#20826=VECTOR('',#20825,40.);
#20827=LINE('',#20816,#20826);
#20828=EDGE_CURVE('',#20817,#20824,#20827,.T.);
#20829=ORIENTED_EDGE('',*,*,#20828,.T.);
#20830=DIRECTION('',(0.92388,0.38268,0.));
#20831=VECTOR('',#20830,2.61052);
#20832=LINE('',#20795,#20831);
#20833=EDGE_CURVE('',#20796,#20824,#20832,.T.);
#20834=ORIENTED_EDGE('',*,*,#20833,.F.);
#20835=ORIENTED_EDGE('',*,*,#20800,.F.);
#20836=EDGE_LOOP('',(#20822,#20829,#20834,#20835));
#20837=FACE_OUTER_BOUND('',#20836,.T.);
#20838=CARTESIAN_POINT('',(-108.41181,101.34074,230.));
#20839=DIRECTION('',(0.38268,-0.92388,0.));
#20840=DIRECTION('',(0.92388,0.38268,0.));
#20841=AXIS2_PLACEMENT_3D('',#20838,#20839,#20840);
#20842=PLANE('',#20841);
#20843=ADVANCED_FACE('',(#20837),#20842,.T.);
#20844=CARTESIAN_POINT('',(-103.92893,103.92893,230.));
#20845=VERTEX_POINT('',#20844);
#20846=DIRECTION('',(0.79335,0.60876,0.));
#20847=VECTOR('',#20846,2.61052);
#20848=LINE('',#20816,#20847);
#20849=EDGE_CURVE('',#20817,#20845,#20848,.T.);
#20850=ORIENTED_EDGE('',*,*,#20849,.T.);
#20851=CARTESIAN_POINT('',(-103.92893,103.92893,270.));
#20852=VERTEX_POINT('',#20851);
#20853=DIRECTION('',(0.,0.,1.));
#20854=VECTOR('',#20853,40.);
#20855=LINE('',#20844,#20854);
#20856=EDGE_CURVE('',#20845,#20852,#20855,.T.);
#20857=ORIENTED_EDGE('',*,*,#20856,.T.);
#20858=DIRECTION('',(0.79335,0.60876,0.));
#20859=VECTOR('',#20858,2.61052);
#20860=LINE('',#20823,#20859);
#20861=EDGE_CURVE('',#20824,#20852,#20860,.T.);
#20862=ORIENTED_EDGE('',*,*,#20861,.F.);
#20863=ORIENTED_EDGE('',*,*,#20828,.F.);
#20864=EDGE_LOOP('',(#20850,#20857,#20862,#20863));
#20865=FACE_OUTER_BOUND('',#20864,.T.);
#20866=CARTESIAN_POINT('',(-106.,102.33975,230.));
#20867=DIRECTION('',(0.60876,-0.79335,0.));
#20868=DIRECTION('',(0.79335,0.60876,0.));
#20869=AXIS2_PLACEMENT_3D('',#20866,#20867,#20868);
#20870=PLANE('',#20869);
#20871=ADVANCED_FACE('',(#20865),#20870,.T.);
#20872=CARTESIAN_POINT('',(-102.33975,106.,230.));
#20873=VERTEX_POINT('',#20872);
#20874=DIRECTION('',(0.60876,0.79335,0.));
#20875=VECTOR('',#20874,2.61052);
#20876=LINE('',#20844,#20875);
#20877=EDGE_CURVE('',#20845,#20873,#20876,.T.);
#20878=ORIENTED_EDGE('',*,*,#20877,.T.);
#20879=CARTESIAN_POINT('',(-102.33975,106.,270.));
#20880=VERTEX_POINT('',#20879);
#20881=DIRECTION('',(0.,0.,1.));
#20882=VECTOR('',#20881,40.);
#20883=LINE('',#20872,#20882);
#20884=EDGE_CURVE('',#20873,#20880,#20883,.T.);
#20885=ORIENTED_EDGE('',*,*,#20884,.T.);
#20886=DIRECTION('',(0.60876,0.79335,0.));
#20887=VECTOR('',#20886,2.61052);
#20888=LINE('',#20851,#20887);
#20889=EDGE_CURVE('',#20852,#20880,#20888,.T.);
#20890=ORIENTED_EDGE('',*,*,#20889,.F.);
#20891=ORIENTED_EDGE('',*,*,#20856,.F.);
#20892=EDGE_LOOP('',(#20878,#20885,#20890,#20891));
#20893=FACE_OUTER_BOUND('',#20892,.T.);
#20894=CARTESIAN_POINT('',(-103.92893,103.92893,230.));
#20895=DIRECTION('',(0.79335,-0.60876,0.));
#20896=DIRECTION('',(0.60876,0.79335,0.));
#20897=AXIS2_PLACEMENT_3D('',#20894,#20895,#20896);
#20898=PLANE('',#20897);
#20899=ADVANCED_FACE('',(#20893),#20898,.T.);
#20900=CARTESIAN_POINT('',(-101.34074,108.41181,230.));
#20901=VERTEX_POINT('',#20900);
#20902=DIRECTION('',(0.38268,0.92388,0.));
#20903=VECTOR('',#20902,2.61052);
#20904=LINE('',#20872,#20903);
#20905=EDGE_CURVE('',#20873,#20901,#20904,.T.);
#20906=ORIENTED_EDGE('',*,*,#20905,.T.);
#20907=CARTESIAN_POINT('',(-101.34074,108.41181,270.));
#20908=VERTEX_POINT('',#20907);
#20909=DIRECTION('',(0.,0.,1.));
#20910=VECTOR('',#20909,40.);
#20911=LINE('',#20900,#20910);
#20912=EDGE_CURVE('',#20901,#20908,#20911,.T.);
#20913=ORIENTED_EDGE('',*,*,#20912,.T.);
#20914=DIRECTION('',(0.38268,0.92388,0.));
#20915=VECTOR('',#20914,2.61052);
#20916=LINE('',#20879,#20915);
#20917=EDGE_CURVE('',#20880,#20908,#20916,.T.);
#20918=ORIENTED_EDGE('',*,*,#20917,.F.);
#20919=ORIENTED_EDGE('',*,*,#20884,.F.);
#20920=EDGE_LOOP('',(#20906,#20913,#20918,#20919));
#20921=FACE_OUTER_BOUND('',#20920,.T.);
#20922=CARTESIAN_POINT('',(-102.33975,106.,230.));
#20923=DIRECTION('',(0.92388,-0.38268,0.));
#20924=DIRECTION('',(0.38268,0.92388,0.));
#20925=AXIS2_PLACEMENT_3D('',#20922,#20923,#20924);
#20926=PLANE('',#20925);
#20927=ADVANCED_FACE('',(#20921),#20926,.T.);
#20928=DIRECTION('',(-0.13053,-0.99144,0.));
#20929=VECTOR('',#20928,2.61052);
#20930=LINE('',#20276,#20929);
#20931=EDGE_CURVE('',#20277,#20901,#20930,.T.);
#20932=ORIENTED_EDGE('',*,*,#20931,.F.);
#20933=ORIENTED_EDGE('',*,*,#20302,.T.);
#20934=DIRECTION('',(-0.13053,-0.99144,0.));
#20935=VECTOR('',#20934,2.61052);
#20936=LINE('',#20292,#20935);
#20937=EDGE_CURVE('',#20293,#20908,#20936,.T.);
#20938=ORIENTED_EDGE('',*,*,#20937,.T.);
#20939=ORIENTED_EDGE('',*,*,#20912,.F.);
#20940=EDGE_LOOP('',(#20932,#20933,#20938,#20939));
#20941=FACE_OUTER_BOUND('',#20940,.T.);
#20942=CARTESIAN_POINT('',(-101.34074,108.41181,230.));
#20943=DIRECTION('',(0.99144,-0.13053,0.));
#20944=DIRECTION('',(0.13053,0.99144,0.));
#20945=AXIS2_PLACEMENT_3D('',#20942,#20943,#20944);
#20946=PLANE('',#20945);
#20947=ADVANCED_FACE('',(#20941),#20946,.T.);
#20948=ORIENTED_EDGE('',*,*,#20905,.F.);
#20949=ORIENTED_EDGE('',*,*,#20877,.F.);
#20950=ORIENTED_EDGE('',*,*,#20849,.F.);
#20951=ORIENTED_EDGE('',*,*,#20821,.F.);
#20952=ORIENTED_EDGE('',*,*,#20793,.F.);
#20953=ORIENTED_EDGE('',*,*,#20765,.F.);
#20954=ORIENTED_EDGE('',*,*,#20737,.F.);
#20955=ORIENTED_EDGE('',*,*,#20709,.F.);
#20956=ORIENTED_EDGE('',*,*,#20681,.F.);
#20957=ORIENTED_EDGE('',*,*,#20653,.F.);
#20958=ORIENTED_EDGE('',*,*,#20625,.F.);
#20959=ORIENTED_EDGE('',*,*,#20597,.F.);
#20960=ORIENTED_EDGE('',*,*,#20569,.F.);
#20961=ORIENTED_EDGE('',*,*,#20541,.F.);
#20962=ORIENTED_EDGE('',*,*,#20513,.F.);
#20963=ORIENTED_EDGE('',*,*,#20485,.F.);
#20964=ORIENTED_EDGE('',*,*,#20457,.F.);
#20965=ORIENTED_EDGE('',*,*,#20429,.F.);
#20966=ORIENTED_EDGE('',*,*,#20401,.F.);
#20967=ORIENTED_EDGE('',*,*,#20373,.F.);
#20968=ORIENTED_EDGE('',*,*,#20345,.F.);
#20969=ORIENTED_EDGE('',*,*,#20317,.F.);
#20970=ORIENTED_EDGE('',*,*,#20283,.F.);
#20971=ORIENTED_EDGE('',*,*,#20931,.T.);
#20972=EDGE_LOOP('',(#20948,#20949,#20950,#20951,#20952,#20953,#20954,#20955,#20956,#20957,#20958,#20959,#20960,#20961,#20962,#20963,#20964,#20965,#20966,#20967,#20968,#20969,#20970,#20971));
#20973=FACE_OUTER_BOUND('',#20972,.T.);
#20974=CARTESIAN_POINT('',(-101.34074,108.41181,230.));
#20975=DIRECTION('',(0.,0.,-1.));
#20976=DIRECTION('',(-0.38268,-0.92388,0.));
#20977=AXIS2_PLACEMENT_3D('',#20974,#20975,#20976);
#20978=PLANE('',#20977);
#20979=ADVANCED_FACE('',(#20973),#20978,.T.);
#20980=ORIENTED_EDGE('',*,*,#20297,.T.);
#20981=ORIENTED_EDGE('',*,*,#20329,.T.);
#20982=ORIENTED_EDGE('',*,*,#20357,.T.);
#20983=ORIENTED_EDGE('',*,*,#20385,.T.);
#20984=ORIENTED_EDGE('',*,*,#20413,.T.);
#20985=ORIENTED_EDGE('',*,*,#20441,.T.);
#20986=ORIENTED_EDGE('',*,*,#20469,.T.);
#20987=ORIENTED_EDGE('',*,*,#20497,.T.);
#20988=ORIENTED_EDGE('',*,*,#20525,.T.);
#20989=ORIENTED_EDGE('',*,*,#20553,.T.);
#20990=ORIENTED_EDGE('',*,*,#20581,.T.);
#20991=ORIENTED_EDGE('',*,*,#20609,.T.);
#20992=ORIENTED_EDGE('',*,*,#20637,.T.);
#20993=ORIENTED_EDGE('',*,*,#20665,.T.);
#20994=ORIENTED_EDGE('',*,*,#20693,.T.);
#20995=ORIENTED_EDGE('',*,*,#20721,.T.);
#20996=ORIENTED_EDGE('',*,*,#20749,.T.);
#20997=ORIENTED_EDGE('',*,*,#20777,.T.);
#20998=ORIENTED_EDGE('',*,*,#20805,.T.);
#20999=ORIENTED_EDGE('',*,*,#20833,.T.);
#21000=ORIENTED_EDGE('',*,*,#20861,.T.);
#21001=ORIENTED_EDGE('',*,*,#20889,.T.);
#21002=ORIENTED_EDGE('',*,*,#20917,.T.);
#21003=ORIENTED_EDGE('',*,*,#20937,.F.);
#21004=EDGE_LOOP('',(#20980,#20981,#20982,#20983,#20984,#20985,#20986,#20987,#20988,#20989,#20990,#20991,#20992,#20993,#20994,#20995,#20996,#20997,#20998,#20999,#21000,#21001,#21002,#21003));
#21005=FACE_OUTER_BOUND('',#21004,.T.);
#21006=CARTESIAN_POINT('',(-101.,111.,270.));
#21007=DIRECTION('',(0.,0.,1.));
#21008=DIRECTION('',(-0.13053,0.99144,0.));
#21009=AXIS2_PLACEMENT_3D('',#21006,#21007,#21008);
#21010=PLANE('',#21009);
#21011=ADVANCED_FACE('',(#21005),#21010,.T.);
#21012=CLOSED_SHELL('',(#20311,#20339,#20367,#20395,#20423,#20451,#20479,#20507,#20535,#20563,#20591,#20619,#20647,#20675,#20703,#20731,#20759,#20787,#20815,#20843,#20871,#20899,#20927,#20947,#20979,#21011));
#21013=MANIFOLD_SOLID_BREP('',#21012);
#21014=STYLED_ITEM('color',(#612),#21013);
#21015=CARTESIAN_POINT('',(-111.,99.5,230.));
#21016=VERTEX_POINT('',#21015);
#21017=CARTESIAN_POINT('',(-111.,111.,230.));
#21018=VERTEX_POINT('',#21017);
#21019=DIRECTION('',(0.,1.,0.));
#21020=VECTOR('',#21019,11.5);
#21021=LINE('',#21015,#21020);
#21022=EDGE_CURVE('',#21016,#21018,#21021,.T.);
#21023=ORIENTED_EDGE('',*,*,#21022,.T.);
#21024=CARTESIAN_POINT('',(-99.5,111.,230.));
#21025=VERTEX_POINT('',#21024);
#21026=DIRECTION('',(-1.,0.,0.));
#21027=VECTOR('',#21026,11.5);
#21028=LINE('',#21024,#21027);
#21029=EDGE_CURVE('',#21025,#21018,#21028,.T.);
#21030=ORIENTED_EDGE('',*,*,#21029,.F.);
#21031=CARTESIAN_POINT('',(-99.5,99.5,230.));
#21032=VERTEX_POINT('',#21031);
#21033=DIRECTION('',(0.,1.,0.));
#21034=VECTOR('',#21033,11.5);
#21035=LINE('',#21031,#21034);
#21036=EDGE_CURVE('',#21032,#21025,#21035,.T.);
#21037=ORIENTED_EDGE('',*,*,#21036,.F.);
#21038=DIRECTION('',(1.,0.,0.));
#21039=VECTOR('',#21038,11.5);
#21040=LINE('',#21015,#21039);
#21041=EDGE_CURVE('',#21016,#21032,#21040,.T.);
#21042=ORIENTED_EDGE('',*,*,#21041,.F.);
#21043=EDGE_LOOP('',(#21023,#21030,#21037,#21042));
#21044=FACE_OUTER_BOUND('',#21043,.T.);
#21045=CARTESIAN_POINT('',(-111.,99.5,230.));
#21046=DIRECTION('',(0.,0.,-1.));
#21047=DIRECTION('',(0.,1.,0.));
#21048=AXIS2_PLACEMENT_3D('',#21045,#21046,#21047);
#21049=PLANE('',#21048);
#21050=ADVANCED_FACE('',(#21044),#21049,.T.);
#21051=CARTESIAN_POINT('',(-111.,99.5,270.));
#21052=VERTEX_POINT('',#21051);
#21053=CARTESIAN_POINT('',(-99.5,99.5,270.));
#21054=VERTEX_POINT('',#21053);
#21055=DIRECTION('',(1.,0.,0.));
#21056=VECTOR('',#21055,11.5);
#21057=LINE('',#21051,#21056);
#21058=EDGE_CURVE('',#21052,#21054,#21057,.T.);
#21059=ORIENTED_EDGE('',*,*,#21058,.T.);
#21060=CARTESIAN_POINT('',(-99.5,111.,270.));
#21061=VERTEX_POINT('',#21060);
#21062=DIRECTION('',(0.,1.,0.));
#21063=VECTOR('',#21062,11.5);
#21064=LINE('',#21053,#21063);
#21065=EDGE_CURVE('',#21054,#21061,#21064,.T.);
#21066=ORIENTED_EDGE('',*,*,#21065,.T.);
#21067=CARTESIAN_POINT('',(-111.,111.,270.));
#21068=VERTEX_POINT('',#21067);
#21069=DIRECTION('',(-1.,0.,0.));
#21070=VECTOR('',#21069,11.5);
#21071=LINE('',#21060,#21070);
#21072=EDGE_CURVE('',#21061,#21068,#21071,.T.);
#21073=ORIENTED_EDGE('',*,*,#21072,.T.);
#21074=DIRECTION('',(0.,1.,0.));
#21075=VECTOR('',#21074,11.5);
#21076=LINE('',#21051,#21075);
#21077=EDGE_CURVE('',#21052,#21068,#21076,.T.);
#21078=ORIENTED_EDGE('',*,*,#21077,.F.);
#21079=EDGE_LOOP('',(#21059,#21066,#21073,#21078));
#21080=FACE_OUTER_BOUND('',#21079,.T.);
#21081=CARTESIAN_POINT('',(-111.,99.5,270.));
#21082=DIRECTION('',(0.,0.,1.));
#21083=DIRECTION('',(1.,0.,0.));
#21084=AXIS2_PLACEMENT_3D('',#21081,#21082,#21083);
#21085=PLANE('',#21084);
#21086=ADVANCED_FACE('',(#21080),#21085,.T.);
#21087=ORIENTED_EDGE('',*,*,#21041,.T.);
#21088=DIRECTION('',(0.,0.,1.));
#21089=VECTOR('',#21088,40.);
#21090=LINE('',#21031,#21089);
#21091=EDGE_CURVE('',#21032,#21054,#21090,.T.);
#21092=ORIENTED_EDGE('',*,*,#21091,.T.);
#21093=ORIENTED_EDGE('',*,*,#21058,.F.);
#21094=DIRECTION('',(0.,0.,1.));
#21095=VECTOR('',#21094,40.);
#21096=LINE('',#21015,#21095);
#21097=EDGE_CURVE('',#21016,#21052,#21096,.T.);
#21098=ORIENTED_EDGE('',*,*,#21097,.F.);
#21099=EDGE_LOOP('',(#21087,#21092,#21093,#21098));
#21100=FACE_OUTER_BOUND('',#21099,.T.);
#21101=CARTESIAN_POINT('',(-111.,99.5,230.));
#21102=DIRECTION('',(0.,-1.,0.));
#21103=DIRECTION('',(1.,0.,0.));
#21104=AXIS2_PLACEMENT_3D('',#21101,#21102,#21103);
#21105=PLANE('',#21104);
#21106=ADVANCED_FACE('',(#21100),#21105,.T.);
#21107=ORIENTED_EDGE('',*,*,#21036,.T.);
#21108=DIRECTION('',(0.,0.,1.));
#21109=VECTOR('',#21108,40.);
#21110=LINE('',#21024,#21109);
#21111=EDGE_CURVE('',#21025,#21061,#21110,.T.);
#21112=ORIENTED_EDGE('',*,*,#21111,.T.);
#21113=ORIENTED_EDGE('',*,*,#21065,.F.);
#21114=ORIENTED_EDGE('',*,*,#21091,.F.);
#21115=EDGE_LOOP('',(#21107,#21112,#21113,#21114));
#21116=FACE_OUTER_BOUND('',#21115,.T.);
#21117=CARTESIAN_POINT('',(-99.5,99.5,230.));
#21118=DIRECTION('',(1.,0.,0.));
#21119=DIRECTION('',(0.,1.,0.));
#21120=AXIS2_PLACEMENT_3D('',#21117,#21118,#21119);
#21121=PLANE('',#21120);
#21122=ADVANCED_FACE('',(#21116),#21121,.T.);
#21123=ORIENTED_EDGE('',*,*,#21029,.T.);
#21124=DIRECTION('',(0.,0.,1.));
#21125=VECTOR('',#21124,40.);
#21126=LINE('',#21017,#21125);
#21127=EDGE_CURVE('',#21018,#21068,#21126,.T.);
#21128=ORIENTED_EDGE('',*,*,#21127,.T.);
#21129=ORIENTED_EDGE('',*,*,#21072,.F.);
#21130=ORIENTED_EDGE('',*,*,#21111,.F.);
#21131=EDGE_LOOP('',(#21123,#21128,#21129,#21130));
#21132=FACE_OUTER_BOUND('',#21131,.T.);
#21133=CARTESIAN_POINT('',(-99.5,111.,230.));
#21134=DIRECTION('',(0.,1.,0.));
#21135=DIRECTION('',(-1.,0.,0.));
#21136=AXIS2_PLACEMENT_3D('',#21133,#21134,#21135);
#21137=PLANE('',#21136);
#21138=ADVANCED_FACE('',(#21132),#21137,.T.);
#21139=ORIENTED_EDGE('',*,*,#21022,.F.);
#21140=ORIENTED_EDGE('',*,*,#21097,.T.);
#21141=ORIENTED_EDGE('',*,*,#21077,.T.);
#21142=ORIENTED_EDGE('',*,*,#21127,.F.);
#21143=EDGE_LOOP('',(#21139,#21140,#21141,#21142));
#21144=FACE_OUTER_BOUND('',#21143,.T.);
#21145=CARTESIAN_POINT('',(-111.,111.,230.));
#21146=DIRECTION('',(-1.,0.,0.));
#21147=DIRECTION('',(0.,-1.,0.));
#21148=AXIS2_PLACEMENT_3D('',#21145,#21146,#21147);
#21149=PLANE('',#21148);
#21150=ADVANCED_FACE('',(#21144),#21149,.T.);
#21151=CLOSED_SHELL('',(#21050,#21086,#21106,#21122,#21138,#21150));
#21152=MANIFOLD_SOLID_BREP('',#21151);
#21153=STYLED_ITEM('color',(#612),#21152);
#21154=CARTESIAN_POINT('',(-101.,111.,460.));
#21155=VERTEX_POINT('',#21154);
#21156=CARTESIAN_POINT('',(-101.34074,113.58819,460.));
#21157=VERTEX_POINT('',#21156);
#21158=DIRECTION('',(-0.13053,0.99144,0.));
#21159=VECTOR('',#21158,2.61052);
#21160=LINE('',#21154,#21159);
#21161=EDGE_CURVE('',#21155,#21157,#21160,.T.);
#21162=ORIENTED_EDGE('',*,*,#21161,.T.);
#21163=CARTESIAN_POINT('',(-101.34074,113.58819,500.));
#21164=VERTEX_POINT('',#21163);
#21165=DIRECTION('',(0.,0.,1.));
#21166=VECTOR('',#21165,40.);
#21167=LINE('',#21156,#21166);
#21168=EDGE_CURVE('',#21157,#21164,#21167,.T.);
#21169=ORIENTED_EDGE('',*,*,#21168,.T.);
#21170=CARTESIAN_POINT('',(-101.,111.,500.));
#21171=VERTEX_POINT('',#21170);
#21172=DIRECTION('',(-0.13053,0.99144,0.));
#21173=VECTOR('',#21172,2.61052);
#21174=LINE('',#21170,#21173);
#21175=EDGE_CURVE('',#21171,#21164,#21174,.T.);
#21176=ORIENTED_EDGE('',*,*,#21175,.F.);
#21177=DIRECTION('',(0.,0.,1.));
#21178=VECTOR('',#21177,40.);
#21179=LINE('',#21154,#21178);
#21180=EDGE_CURVE('',#21155,#21171,#21179,.T.);
#21181=ORIENTED_EDGE('',*,*,#21180,.F.);
#21182=EDGE_LOOP('',(#21162,#21169,#21176,#21181));
#21183=FACE_OUTER_BOUND('',#21182,.T.);
#21184=CARTESIAN_POINT('',(-101.,111.,460.));
#21185=DIRECTION('',(0.99144,0.13053,0.));
#21186=DIRECTION('',(-0.13053,0.99144,0.));
#21187=AXIS2_PLACEMENT_3D('',#21184,#21185,#21186);
#21188=PLANE('',#21187);
#21189=ADVANCED_FACE('',(#21183),#21188,.T.);
#21190=CARTESIAN_POINT('',(-102.33975,116.,460.));
#21191=VERTEX_POINT('',#21190);
#21192=DIRECTION('',(-0.38268,0.92388,0.));
#21193=VECTOR('',#21192,2.61052);
#21194=LINE('',#21156,#21193);
#21195=EDGE_CURVE('',#21157,#21191,#21194,.T.);
#21196=ORIENTED_EDGE('',*,*,#21195,.T.);
#21197=CARTESIAN_POINT('',(-102.33975,116.,500.));
#21198=VERTEX_POINT('',#21197);
#21199=DIRECTION('',(0.,0.,1.));
#21200=VECTOR('',#21199,40.);
#21201=LINE('',#21190,#21200);
#21202=EDGE_CURVE('',#21191,#21198,#21201,.T.);
#21203=ORIENTED_EDGE('',*,*,#21202,.T.);
#21204=DIRECTION('',(-0.38268,0.92388,0.));
#21205=VECTOR('',#21204,2.61052);
#21206=LINE('',#21163,#21205);
#21207=EDGE_CURVE('',#21164,#21198,#21206,.T.);
#21208=ORIENTED_EDGE('',*,*,#21207,.F.);
#21209=ORIENTED_EDGE('',*,*,#21168,.F.);
#21210=EDGE_LOOP('',(#21196,#21203,#21208,#21209));
#21211=FACE_OUTER_BOUND('',#21210,.T.);
#21212=CARTESIAN_POINT('',(-101.34074,113.58819,460.));
#21213=DIRECTION('',(0.92388,0.38268,0.));
#21214=DIRECTION('',(-0.38268,0.92388,0.));
#21215=AXIS2_PLACEMENT_3D('',#21212,#21213,#21214);
#21216=PLANE('',#21215);
#21217=ADVANCED_FACE('',(#21211),#21216,.T.);
#21218=CARTESIAN_POINT('',(-103.92893,118.07107,460.));
#21219=VERTEX_POINT('',#21218);
#21220=DIRECTION('',(-0.60876,0.79335,0.));
#21221=VECTOR('',#21220,2.61052);
#21222=LINE('',#21190,#21221);
#21223=EDGE_CURVE('',#21191,#21219,#21222,.T.);
#21224=ORIENTED_EDGE('',*,*,#21223,.T.);
#21225=CARTESIAN_POINT('',(-103.92893,118.07107,500.));
#21226=VERTEX_POINT('',#21225);
#21227=DIRECTION('',(0.,0.,1.));
#21228=VECTOR('',#21227,40.);
#21229=LINE('',#21218,#21228);
#21230=EDGE_CURVE('',#21219,#21226,#21229,.T.);
#21231=ORIENTED_EDGE('',*,*,#21230,.T.);
#21232=DIRECTION('',(-0.60876,0.79335,0.));
#21233=VECTOR('',#21232,2.61052);
#21234=LINE('',#21197,#21233);
#21235=EDGE_CURVE('',#21198,#21226,#21234,.T.);
#21236=ORIENTED_EDGE('',*,*,#21235,.F.);
#21237=ORIENTED_EDGE('',*,*,#21202,.F.);
#21238=EDGE_LOOP('',(#21224,#21231,#21236,#21237));
#21239=FACE_OUTER_BOUND('',#21238,.T.);
#21240=CARTESIAN_POINT('',(-102.33975,116.,460.));
#21241=DIRECTION('',(0.79335,0.60876,0.));
#21242=DIRECTION('',(-0.60876,0.79335,0.));
#21243=AXIS2_PLACEMENT_3D('',#21240,#21241,#21242);
#21244=PLANE('',#21243);
#21245=ADVANCED_FACE('',(#21239),#21244,.T.);
#21246=CARTESIAN_POINT('',(-106.,119.66025,460.));
#21247=VERTEX_POINT('',#21246);
#21248=DIRECTION('',(-0.79335,0.60876,0.));
#21249=VECTOR('',#21248,2.61052);
#21250=LINE('',#21218,#21249);
#21251=EDGE_CURVE('',#21219,#21247,#21250,.T.);
#21252=ORIENTED_EDGE('',*,*,#21251,.T.);
#21253=CARTESIAN_POINT('',(-106.,119.66025,500.));
#21254=VERTEX_POINT('',#21253);
#21255=DIRECTION('',(0.,0.,1.));
#21256=VECTOR('',#21255,40.);
#21257=LINE('',#21246,#21256);
#21258=EDGE_CURVE('',#21247,#21254,#21257,.T.);
#21259=ORIENTED_EDGE('',*,*,#21258,.T.);
#21260=DIRECTION('',(-0.79335,0.60876,0.));
#21261=VECTOR('',#21260,2.61052);
#21262=LINE('',#21225,#21261);
#21263=EDGE_CURVE('',#21226,#21254,#21262,.T.);
#21264=ORIENTED_EDGE('',*,*,#21263,.F.);
#21265=ORIENTED_EDGE('',*,*,#21230,.F.);
#21266=EDGE_LOOP('',(#21252,#21259,#21264,#21265));
#21267=FACE_OUTER_BOUND('',#21266,.T.);
#21268=CARTESIAN_POINT('',(-103.92893,118.07107,460.));
#21269=DIRECTION('',(0.60876,0.79335,0.));
#21270=DIRECTION('',(-0.79335,0.60876,0.));
#21271=AXIS2_PLACEMENT_3D('',#21268,#21269,#21270);
#21272=PLANE('',#21271);
#21273=ADVANCED_FACE('',(#21267),#21272,.T.);
#21274=CARTESIAN_POINT('',(-108.41181,120.65926,460.));
#21275=VERTEX_POINT('',#21274);
#21276=DIRECTION('',(-0.92388,0.38268,0.));
#21277=VECTOR('',#21276,2.61052);
#21278=LINE('',#21246,#21277);
#21279=EDGE_CURVE('',#21247,#21275,#21278,.T.);
#21280=ORIENTED_EDGE('',*,*,#21279,.T.);
#21281=CARTESIAN_POINT('',(-108.41181,120.65926,500.));
#21282=VERTEX_POINT('',#21281);
#21283=DIRECTION('',(0.,0.,1.));
#21284=VECTOR('',#21283,40.);
#21285=LINE('',#21274,#21284);
#21286=EDGE_CURVE('',#21275,#21282,#21285,.T.);
#21287=ORIENTED_EDGE('',*,*,#21286,.T.);
#21288=DIRECTION('',(-0.92388,0.38268,0.));
#21289=VECTOR('',#21288,2.61052);
#21290=LINE('',#21253,#21289);
#21291=EDGE_CURVE('',#21254,#21282,#21290,.T.);
#21292=ORIENTED_EDGE('',*,*,#21291,.F.);
#21293=ORIENTED_EDGE('',*,*,#21258,.F.);
#21294=EDGE_LOOP('',(#21280,#21287,#21292,#21293));
#21295=FACE_OUTER_BOUND('',#21294,.T.);
#21296=CARTESIAN_POINT('',(-106.,119.66025,460.));
#21297=DIRECTION('',(0.38268,0.92388,0.));
#21298=DIRECTION('',(-0.92388,0.38268,0.));
#21299=AXIS2_PLACEMENT_3D('',#21296,#21297,#21298);
#21300=PLANE('',#21299);
#21301=ADVANCED_FACE('',(#21295),#21300,.T.);
#21302=CARTESIAN_POINT('',(-111.,121.,460.));
#21303=VERTEX_POINT('',#21302);
#21304=DIRECTION('',(-0.99144,0.13053,0.));
#21305=VECTOR('',#21304,2.61052);
#21306=LINE('',#21274,#21305);
#21307=EDGE_CURVE('',#21275,#21303,#21306,.T.);
#21308=ORIENTED_EDGE('',*,*,#21307,.T.);
#21309=CARTESIAN_POINT('',(-111.,121.,500.));
#21310=VERTEX_POINT('',#21309);
#21311=DIRECTION('',(0.,0.,1.));
#21312=VECTOR('',#21311,40.);
#21313=LINE('',#21302,#21312);
#21314=EDGE_CURVE('',#21303,#21310,#21313,.T.);
#21315=ORIENTED_EDGE('',*,*,#21314,.T.);
#21316=DIRECTION('',(-0.99144,0.13053,0.));
#21317=VECTOR('',#21316,2.61052);
#21318=LINE('',#21281,#21317);
#21319=EDGE_CURVE('',#21282,#21310,#21318,.T.);
#21320=ORIENTED_EDGE('',*,*,#21319,.F.);
#21321=ORIENTED_EDGE('',*,*,#21286,.F.);
#21322=EDGE_LOOP('',(#21308,#21315,#21320,#21321));
#21323=FACE_OUTER_BOUND('',#21322,.T.);
#21324=CARTESIAN_POINT('',(-108.41181,120.65926,460.));
#21325=DIRECTION('',(0.13053,0.99144,0.));
#21326=DIRECTION('',(-0.99144,0.13053,0.));
#21327=AXIS2_PLACEMENT_3D('',#21324,#21325,#21326);
#21328=PLANE('',#21327);
#21329=ADVANCED_FACE('',(#21323),#21328,.T.);
#21330=CARTESIAN_POINT('',(-113.58819,120.65926,460.));
#21331=VERTEX_POINT('',#21330);
#21332=DIRECTION('',(-0.99144,-0.13053,0.));
#21333=VECTOR('',#21332,2.61052);
#21334=LINE('',#21302,#21333);
#21335=EDGE_CURVE('',#21303,#21331,#21334,.T.);
#21336=ORIENTED_EDGE('',*,*,#21335,.T.);
#21337=CARTESIAN_POINT('',(-113.58819,120.65926,500.));
#21338=VERTEX_POINT('',#21337);
#21339=DIRECTION('',(0.,0.,1.));
#21340=VECTOR('',#21339,40.);
#21341=LINE('',#21330,#21340);
#21342=EDGE_CURVE('',#21331,#21338,#21341,.T.);
#21343=ORIENTED_EDGE('',*,*,#21342,.T.);
#21344=DIRECTION('',(-0.99144,-0.13053,0.));
#21345=VECTOR('',#21344,2.61052);
#21346=LINE('',#21309,#21345);
#21347=EDGE_CURVE('',#21310,#21338,#21346,.T.);
#21348=ORIENTED_EDGE('',*,*,#21347,.F.);
#21349=ORIENTED_EDGE('',*,*,#21314,.F.);
#21350=EDGE_LOOP('',(#21336,#21343,#21348,#21349));
#21351=FACE_OUTER_BOUND('',#21350,.T.);
#21352=CARTESIAN_POINT('',(-111.,121.,460.));
#21353=DIRECTION('',(-0.13053,0.99144,0.));
#21354=DIRECTION('',(-0.99144,-0.13053,0.));
#21355=AXIS2_PLACEMENT_3D('',#21352,#21353,#21354);
#21356=PLANE('',#21355);
#21357=ADVANCED_FACE('',(#21351),#21356,.T.);
#21358=CARTESIAN_POINT('',(-116.,119.66025,460.));
#21359=VERTEX_POINT('',#21358);
#21360=DIRECTION('',(-0.92388,-0.38268,0.));
#21361=VECTOR('',#21360,2.61052);
#21362=LINE('',#21330,#21361);
#21363=EDGE_CURVE('',#21331,#21359,#21362,.T.);
#21364=ORIENTED_EDGE('',*,*,#21363,.T.);
#21365=CARTESIAN_POINT('',(-116.,119.66025,500.));
#21366=VERTEX_POINT('',#21365);
#21367=DIRECTION('',(0.,0.,1.));
#21368=VECTOR('',#21367,40.);
#21369=LINE('',#21358,#21368);
#21370=EDGE_CURVE('',#21359,#21366,#21369,.T.);
#21371=ORIENTED_EDGE('',*,*,#21370,.T.);
#21372=DIRECTION('',(-0.92388,-0.38268,0.));
#21373=VECTOR('',#21372,2.61052);
#21374=LINE('',#21337,#21373);
#21375=EDGE_CURVE('',#21338,#21366,#21374,.T.);
#21376=ORIENTED_EDGE('',*,*,#21375,.F.);
#21377=ORIENTED_EDGE('',*,*,#21342,.F.);
#21378=EDGE_LOOP('',(#21364,#21371,#21376,#21377));
#21379=FACE_OUTER_BOUND('',#21378,.T.);
#21380=CARTESIAN_POINT('',(-113.58819,120.65926,460.));
#21381=DIRECTION('',(-0.38268,0.92388,0.));
#21382=DIRECTION('',(-0.92388,-0.38268,0.));
#21383=AXIS2_PLACEMENT_3D('',#21380,#21381,#21382);
#21384=PLANE('',#21383);
#21385=ADVANCED_FACE('',(#21379),#21384,.T.);
#21386=CARTESIAN_POINT('',(-118.07107,118.07107,460.));
#21387=VERTEX_POINT('',#21386);
#21388=DIRECTION('',(-0.79335,-0.60876,0.));
#21389=VECTOR('',#21388,2.61052);
#21390=LINE('',#21358,#21389);
#21391=EDGE_CURVE('',#21359,#21387,#21390,.T.);
#21392=ORIENTED_EDGE('',*,*,#21391,.T.);
#21393=CARTESIAN_POINT('',(-118.07107,118.07107,500.));
#21394=VERTEX_POINT('',#21393);
#21395=DIRECTION('',(0.,0.,1.));
#21396=VECTOR('',#21395,40.);
#21397=LINE('',#21386,#21396);
#21398=EDGE_CURVE('',#21387,#21394,#21397,.T.);
#21399=ORIENTED_EDGE('',*,*,#21398,.T.);
#21400=DIRECTION('',(-0.79335,-0.60876,0.));
#21401=VECTOR('',#21400,2.61052);
#21402=LINE('',#21365,#21401);
#21403=EDGE_CURVE('',#21366,#21394,#21402,.T.);
#21404=ORIENTED_EDGE('',*,*,#21403,.F.);
#21405=ORIENTED_EDGE('',*,*,#21370,.F.);
#21406=EDGE_LOOP('',(#21392,#21399,#21404,#21405));
#21407=FACE_OUTER_BOUND('',#21406,.T.);
#21408=CARTESIAN_POINT('',(-116.,119.66025,460.));
#21409=DIRECTION('',(-0.60876,0.79335,0.));
#21410=DIRECTION('',(-0.79335,-0.60876,0.));
#21411=AXIS2_PLACEMENT_3D('',#21408,#21409,#21410);
#21412=PLANE('',#21411);
#21413=ADVANCED_FACE('',(#21407),#21412,.T.);
#21414=CARTESIAN_POINT('',(-119.66025,116.,460.));
#21415=VERTEX_POINT('',#21414);
#21416=DIRECTION('',(-0.60876,-0.79335,0.));
#21417=VECTOR('',#21416,2.61052);
#21418=LINE('',#21386,#21417);
#21419=EDGE_CURVE('',#21387,#21415,#21418,.T.);
#21420=ORIENTED_EDGE('',*,*,#21419,.T.);
#21421=CARTESIAN_POINT('',(-119.66025,116.,500.));
#21422=VERTEX_POINT('',#21421);
#21423=DIRECTION('',(0.,0.,1.));
#21424=VECTOR('',#21423,40.);
#21425=LINE('',#21414,#21424);
#21426=EDGE_CURVE('',#21415,#21422,#21425,.T.);
#21427=ORIENTED_EDGE('',*,*,#21426,.T.);
#21428=DIRECTION('',(-0.60876,-0.79335,0.));
#21429=VECTOR('',#21428,2.61052);
#21430=LINE('',#21393,#21429);
#21431=EDGE_CURVE('',#21394,#21422,#21430,.T.);
#21432=ORIENTED_EDGE('',*,*,#21431,.F.);
#21433=ORIENTED_EDGE('',*,*,#21398,.F.);
#21434=EDGE_LOOP('',(#21420,#21427,#21432,#21433));
#21435=FACE_OUTER_BOUND('',#21434,.T.);
#21436=CARTESIAN_POINT('',(-118.07107,118.07107,460.));
#21437=DIRECTION('',(-0.79335,0.60876,0.));
#21438=DIRECTION('',(-0.60876,-0.79335,0.));
#21439=AXIS2_PLACEMENT_3D('',#21436,#21437,#21438);
#21440=PLANE('',#21439);
#21441=ADVANCED_FACE('',(#21435),#21440,.T.);
#21442=CARTESIAN_POINT('',(-120.65926,113.58819,460.));
#21443=VERTEX_POINT('',#21442);
#21444=DIRECTION('',(-0.38268,-0.92388,0.));
#21445=VECTOR('',#21444,2.61052);
#21446=LINE('',#21414,#21445);
#21447=EDGE_CURVE('',#21415,#21443,#21446,.T.);
#21448=ORIENTED_EDGE('',*,*,#21447,.T.);
#21449=CARTESIAN_POINT('',(-120.65926,113.58819,500.));
#21450=VERTEX_POINT('',#21449);
#21451=DIRECTION('',(0.,0.,1.));
#21452=VECTOR('',#21451,40.);
#21453=LINE('',#21442,#21452);
#21454=EDGE_CURVE('',#21443,#21450,#21453,.T.);
#21455=ORIENTED_EDGE('',*,*,#21454,.T.);
#21456=DIRECTION('',(-0.38268,-0.92388,0.));
#21457=VECTOR('',#21456,2.61052);
#21458=LINE('',#21421,#21457);
#21459=EDGE_CURVE('',#21422,#21450,#21458,.T.);
#21460=ORIENTED_EDGE('',*,*,#21459,.F.);
#21461=ORIENTED_EDGE('',*,*,#21426,.F.);
#21462=EDGE_LOOP('',(#21448,#21455,#21460,#21461));
#21463=FACE_OUTER_BOUND('',#21462,.T.);
#21464=CARTESIAN_POINT('',(-119.66025,116.,460.));
#21465=DIRECTION('',(-0.92388,0.38268,0.));
#21466=DIRECTION('',(-0.38268,-0.92388,0.));
#21467=AXIS2_PLACEMENT_3D('',#21464,#21465,#21466);
#21468=PLANE('',#21467);
#21469=ADVANCED_FACE('',(#21463),#21468,.T.);
#21470=CARTESIAN_POINT('',(-121.,111.,460.));
#21471=VERTEX_POINT('',#21470);
#21472=DIRECTION('',(-0.13053,-0.99144,0.));
#21473=VECTOR('',#21472,2.61052);
#21474=LINE('',#21442,#21473);
#21475=EDGE_CURVE('',#21443,#21471,#21474,.T.);
#21476=ORIENTED_EDGE('',*,*,#21475,.T.);
#21477=CARTESIAN_POINT('',(-121.,111.,500.));
#21478=VERTEX_POINT('',#21477);
#21479=DIRECTION('',(0.,0.,1.));
#21480=VECTOR('',#21479,40.);
#21481=LINE('',#21470,#21480);
#21482=EDGE_CURVE('',#21471,#21478,#21481,.T.);
#21483=ORIENTED_EDGE('',*,*,#21482,.T.);
#21484=DIRECTION('',(-0.13053,-0.99144,0.));
#21485=VECTOR('',#21484,2.61052);
#21486=LINE('',#21449,#21485);
#21487=EDGE_CURVE('',#21450,#21478,#21486,.T.);
#21488=ORIENTED_EDGE('',*,*,#21487,.F.);
#21489=ORIENTED_EDGE('',*,*,#21454,.F.);
#21490=EDGE_LOOP('',(#21476,#21483,#21488,#21489));
#21491=FACE_OUTER_BOUND('',#21490,.T.);
#21492=CARTESIAN_POINT('',(-120.65926,113.58819,460.));
#21493=DIRECTION('',(-0.99144,0.13053,0.));
#21494=DIRECTION('',(-0.13053,-0.99144,0.));
#21495=AXIS2_PLACEMENT_3D('',#21492,#21493,#21494);
#21496=PLANE('',#21495);
#21497=ADVANCED_FACE('',(#21491),#21496,.T.);
#21498=CARTESIAN_POINT('',(-120.65926,108.41181,460.));
#21499=VERTEX_POINT('',#21498);
#21500=DIRECTION('',(0.13053,-0.99144,0.));
#21501=VECTOR('',#21500,2.61052);
#21502=LINE('',#21470,#21501);
#21503=EDGE_CURVE('',#21471,#21499,#21502,.T.);
#21504=ORIENTED_EDGE('',*,*,#21503,.T.);
#21505=CARTESIAN_POINT('',(-120.65926,108.41181,500.));
#21506=VERTEX_POINT('',#21505);
#21507=DIRECTION('',(0.,0.,1.));
#21508=VECTOR('',#21507,40.);
#21509=LINE('',#21498,#21508);
#21510=EDGE_CURVE('',#21499,#21506,#21509,.T.);
#21511=ORIENTED_EDGE('',*,*,#21510,.T.);
#21512=DIRECTION('',(0.13053,-0.99144,0.));
#21513=VECTOR('',#21512,2.61052);
#21514=LINE('',#21477,#21513);
#21515=EDGE_CURVE('',#21478,#21506,#21514,.T.);
#21516=ORIENTED_EDGE('',*,*,#21515,.F.);
#21517=ORIENTED_EDGE('',*,*,#21482,.F.);
#21518=EDGE_LOOP('',(#21504,#21511,#21516,#21517));
#21519=FACE_OUTER_BOUND('',#21518,.T.);
#21520=CARTESIAN_POINT('',(-121.,111.,460.));
#21521=DIRECTION('',(-0.99144,-0.13053,0.));
#21522=DIRECTION('',(0.13053,-0.99144,0.));
#21523=AXIS2_PLACEMENT_3D('',#21520,#21521,#21522);
#21524=PLANE('',#21523);
#21525=ADVANCED_FACE('',(#21519),#21524,.T.);
#21526=CARTESIAN_POINT('',(-119.66025,106.,460.));
#21527=VERTEX_POINT('',#21526);
#21528=DIRECTION('',(0.38268,-0.92388,0.));
#21529=VECTOR('',#21528,2.61052);
#21530=LINE('',#21498,#21529);
#21531=EDGE_CURVE('',#21499,#21527,#21530,.T.);
#21532=ORIENTED_EDGE('',*,*,#21531,.T.);
#21533=CARTESIAN_POINT('',(-119.66025,106.,500.));
#21534=VERTEX_POINT('',#21533);
#21535=DIRECTION('',(0.,0.,1.));
#21536=VECTOR('',#21535,40.);
#21537=LINE('',#21526,#21536);
#21538=EDGE_CURVE('',#21527,#21534,#21537,.T.);
#21539=ORIENTED_EDGE('',*,*,#21538,.T.);
#21540=DIRECTION('',(0.38268,-0.92388,0.));
#21541=VECTOR('',#21540,2.61052);
#21542=LINE('',#21505,#21541);
#21543=EDGE_CURVE('',#21506,#21534,#21542,.T.);
#21544=ORIENTED_EDGE('',*,*,#21543,.F.);
#21545=ORIENTED_EDGE('',*,*,#21510,.F.);
#21546=EDGE_LOOP('',(#21532,#21539,#21544,#21545));
#21547=FACE_OUTER_BOUND('',#21546,.T.);
#21548=CARTESIAN_POINT('',(-120.65926,108.41181,460.));
#21549=DIRECTION('',(-0.92388,-0.38268,0.));
#21550=DIRECTION('',(0.38268,-0.92388,0.));
#21551=AXIS2_PLACEMENT_3D('',#21548,#21549,#21550);
#21552=PLANE('',#21551);
#21553=ADVANCED_FACE('',(#21547),#21552,.T.);
#21554=CARTESIAN_POINT('',(-118.07107,103.92893,460.));
#21555=VERTEX_POINT('',#21554);
#21556=DIRECTION('',(0.60876,-0.79335,0.));
#21557=VECTOR('',#21556,2.61052);
#21558=LINE('',#21526,#21557);
#21559=EDGE_CURVE('',#21527,#21555,#21558,.T.);
#21560=ORIENTED_EDGE('',*,*,#21559,.T.);
#21561=CARTESIAN_POINT('',(-118.07107,103.92893,500.));
#21562=VERTEX_POINT('',#21561);
#21563=DIRECTION('',(0.,0.,1.));
#21564=VECTOR('',#21563,40.);
#21565=LINE('',#21554,#21564);
#21566=EDGE_CURVE('',#21555,#21562,#21565,.T.);
#21567=ORIENTED_EDGE('',*,*,#21566,.T.);
#21568=DIRECTION('',(0.60876,-0.79335,0.));
#21569=VECTOR('',#21568,2.61052);
#21570=LINE('',#21533,#21569);
#21571=EDGE_CURVE('',#21534,#21562,#21570,.T.);
#21572=ORIENTED_EDGE('',*,*,#21571,.F.);
#21573=ORIENTED_EDGE('',*,*,#21538,.F.);
#21574=EDGE_LOOP('',(#21560,#21567,#21572,#21573));
#21575=FACE_OUTER_BOUND('',#21574,.T.);
#21576=CARTESIAN_POINT('',(-119.66025,106.,460.));
#21577=DIRECTION('',(-0.79335,-0.60876,0.));
#21578=DIRECTION('',(0.60876,-0.79335,0.));
#21579=AXIS2_PLACEMENT_3D('',#21576,#21577,#21578);
#21580=PLANE('',#21579);
#21581=ADVANCED_FACE('',(#21575),#21580,.T.);
#21582=CARTESIAN_POINT('',(-116.,102.33975,460.));
#21583=VERTEX_POINT('',#21582);
#21584=DIRECTION('',(0.79335,-0.60876,0.));
#21585=VECTOR('',#21584,2.61052);
#21586=LINE('',#21554,#21585);
#21587=EDGE_CURVE('',#21555,#21583,#21586,.T.);
#21588=ORIENTED_EDGE('',*,*,#21587,.T.);
#21589=CARTESIAN_POINT('',(-116.,102.33975,500.));
#21590=VERTEX_POINT('',#21589);
#21591=DIRECTION('',(0.,0.,1.));
#21592=VECTOR('',#21591,40.);
#21593=LINE('',#21582,#21592);
#21594=EDGE_CURVE('',#21583,#21590,#21593,.T.);
#21595=ORIENTED_EDGE('',*,*,#21594,.T.);
#21596=DIRECTION('',(0.79335,-0.60876,0.));
#21597=VECTOR('',#21596,2.61052);
#21598=LINE('',#21561,#21597);
#21599=EDGE_CURVE('',#21562,#21590,#21598,.T.);
#21600=ORIENTED_EDGE('',*,*,#21599,.F.);
#21601=ORIENTED_EDGE('',*,*,#21566,.F.);
#21602=EDGE_LOOP('',(#21588,#21595,#21600,#21601));
#21603=FACE_OUTER_BOUND('',#21602,.T.);
#21604=CARTESIAN_POINT('',(-118.07107,103.92893,460.));
#21605=DIRECTION('',(-0.60876,-0.79335,0.));
#21606=DIRECTION('',(0.79335,-0.60876,0.));
#21607=AXIS2_PLACEMENT_3D('',#21604,#21605,#21606);
#21608=PLANE('',#21607);
#21609=ADVANCED_FACE('',(#21603),#21608,.T.);
#21610=CARTESIAN_POINT('',(-113.58819,101.34074,460.));
#21611=VERTEX_POINT('',#21610);
#21612=DIRECTION('',(0.92388,-0.38268,0.));
#21613=VECTOR('',#21612,2.61052);
#21614=LINE('',#21582,#21613);
#21615=EDGE_CURVE('',#21583,#21611,#21614,.T.);
#21616=ORIENTED_EDGE('',*,*,#21615,.T.);
#21617=CARTESIAN_POINT('',(-113.58819,101.34074,500.));
#21618=VERTEX_POINT('',#21617);
#21619=DIRECTION('',(0.,0.,1.));
#21620=VECTOR('',#21619,40.);
#21621=LINE('',#21610,#21620);
#21622=EDGE_CURVE('',#21611,#21618,#21621,.T.);
#21623=ORIENTED_EDGE('',*,*,#21622,.T.);
#21624=DIRECTION('',(0.92388,-0.38268,0.));
#21625=VECTOR('',#21624,2.61052);
#21626=LINE('',#21589,#21625);
#21627=EDGE_CURVE('',#21590,#21618,#21626,.T.);
#21628=ORIENTED_EDGE('',*,*,#21627,.F.);
#21629=ORIENTED_EDGE('',*,*,#21594,.F.);
#21630=EDGE_LOOP('',(#21616,#21623,#21628,#21629));
#21631=FACE_OUTER_BOUND('',#21630,.T.);
#21632=CARTESIAN_POINT('',(-116.,102.33975,460.));
#21633=DIRECTION('',(-0.38268,-0.92388,0.));
#21634=DIRECTION('',(0.92388,-0.38268,0.));
#21635=AXIS2_PLACEMENT_3D('',#21632,#21633,#21634);
#21636=PLANE('',#21635);
#21637=ADVANCED_FACE('',(#21631),#21636,.T.);
#21638=CARTESIAN_POINT('',(-111.,101.,460.));
#21639=VERTEX_POINT('',#21638);
#21640=DIRECTION('',(0.99144,-0.13053,0.));
#21641=VECTOR('',#21640,2.61052);
#21642=LINE('',#21610,#21641);
#21643=EDGE_CURVE('',#21611,#21639,#21642,.T.);
#21644=ORIENTED_EDGE('',*,*,#21643,.T.);
#21645=CARTESIAN_POINT('',(-111.,101.,500.));
#21646=VERTEX_POINT('',#21645);
#21647=DIRECTION('',(0.,0.,1.));
#21648=VECTOR('',#21647,40.);
#21649=LINE('',#21638,#21648);
#21650=EDGE_CURVE('',#21639,#21646,#21649,.T.);
#21651=ORIENTED_EDGE('',*,*,#21650,.T.);
#21652=DIRECTION('',(0.99144,-0.13053,0.));
#21653=VECTOR('',#21652,2.61052);
#21654=LINE('',#21617,#21653);
#21655=EDGE_CURVE('',#21618,#21646,#21654,.T.);
#21656=ORIENTED_EDGE('',*,*,#21655,.F.);
#21657=ORIENTED_EDGE('',*,*,#21622,.F.);
#21658=EDGE_LOOP('',(#21644,#21651,#21656,#21657));
#21659=FACE_OUTER_BOUND('',#21658,.T.);
#21660=CARTESIAN_POINT('',(-113.58819,101.34074,460.));
#21661=DIRECTION('',(-0.13053,-0.99144,0.));
#21662=DIRECTION('',(0.99144,-0.13053,0.));
#21663=AXIS2_PLACEMENT_3D('',#21660,#21661,#21662);
#21664=PLANE('',#21663);
#21665=ADVANCED_FACE('',(#21659),#21664,.T.);
#21666=CARTESIAN_POINT('',(-108.41181,101.34074,460.));
#21667=VERTEX_POINT('',#21666);
#21668=DIRECTION('',(0.99144,0.13053,0.));
#21669=VECTOR('',#21668,2.61052);
#21670=LINE('',#21638,#21669);
#21671=EDGE_CURVE('',#21639,#21667,#21670,.T.);
#21672=ORIENTED_EDGE('',*,*,#21671,.T.);
#21673=CARTESIAN_POINT('',(-108.41181,101.34074,500.));
#21674=VERTEX_POINT('',#21673);
#21675=DIRECTION('',(0.,0.,1.));
#21676=VECTOR('',#21675,40.);
#21677=LINE('',#21666,#21676);
#21678=EDGE_CURVE('',#21667,#21674,#21677,.T.);
#21679=ORIENTED_EDGE('',*,*,#21678,.T.);
#21680=DIRECTION('',(0.99144,0.13053,0.));
#21681=VECTOR('',#21680,2.61052);
#21682=LINE('',#21645,#21681);
#21683=EDGE_CURVE('',#21646,#21674,#21682,.T.);
#21684=ORIENTED_EDGE('',*,*,#21683,.F.);
#21685=ORIENTED_EDGE('',*,*,#21650,.F.);
#21686=EDGE_LOOP('',(#21672,#21679,#21684,#21685));
#21687=FACE_OUTER_BOUND('',#21686,.T.);
#21688=CARTESIAN_POINT('',(-111.,101.,460.));
#21689=DIRECTION('',(0.13053,-0.99144,0.));
#21690=DIRECTION('',(0.99144,0.13053,0.));
#21691=AXIS2_PLACEMENT_3D('',#21688,#21689,#21690);
#21692=PLANE('',#21691);
#21693=ADVANCED_FACE('',(#21687),#21692,.T.);
#21694=CARTESIAN_POINT('',(-106.,102.33975,460.));
#21695=VERTEX_POINT('',#21694);
#21696=DIRECTION('',(0.92388,0.38268,0.));
#21697=VECTOR('',#21696,2.61052);
#21698=LINE('',#21666,#21697);
#21699=EDGE_CURVE('',#21667,#21695,#21698,.T.);
#21700=ORIENTED_EDGE('',*,*,#21699,.T.);
#21701=CARTESIAN_POINT('',(-106.,102.33975,500.));
#21702=VERTEX_POINT('',#21701);
#21703=DIRECTION('',(0.,0.,1.));
#21704=VECTOR('',#21703,40.);
#21705=LINE('',#21694,#21704);
#21706=EDGE_CURVE('',#21695,#21702,#21705,.T.);
#21707=ORIENTED_EDGE('',*,*,#21706,.T.);
#21708=DIRECTION('',(0.92388,0.38268,0.));
#21709=VECTOR('',#21708,2.61052);
#21710=LINE('',#21673,#21709);
#21711=EDGE_CURVE('',#21674,#21702,#21710,.T.);
#21712=ORIENTED_EDGE('',*,*,#21711,.F.);
#21713=ORIENTED_EDGE('',*,*,#21678,.F.);
#21714=EDGE_LOOP('',(#21700,#21707,#21712,#21713));
#21715=FACE_OUTER_BOUND('',#21714,.T.);
#21716=CARTESIAN_POINT('',(-108.41181,101.34074,460.));
#21717=DIRECTION('',(0.38268,-0.92388,0.));
#21718=DIRECTION('',(0.92388,0.38268,0.));
#21719=AXIS2_PLACEMENT_3D('',#21716,#21717,#21718);
#21720=PLANE('',#21719);
#21721=ADVANCED_FACE('',(#21715),#21720,.T.);
#21722=CARTESIAN_POINT('',(-103.92893,103.92893,460.));
#21723=VERTEX_POINT('',#21722);
#21724=DIRECTION('',(0.79335,0.60876,0.));
#21725=VECTOR('',#21724,2.61052);
#21726=LINE('',#21694,#21725);
#21727=EDGE_CURVE('',#21695,#21723,#21726,.T.);
#21728=ORIENTED_EDGE('',*,*,#21727,.T.);
#21729=CARTESIAN_POINT('',(-103.92893,103.92893,500.));
#21730=VERTEX_POINT('',#21729);
#21731=DIRECTION('',(0.,0.,1.));
#21732=VECTOR('',#21731,40.);
#21733=LINE('',#21722,#21732);
#21734=EDGE_CURVE('',#21723,#21730,#21733,.T.);
#21735=ORIENTED_EDGE('',*,*,#21734,.T.);
#21736=DIRECTION('',(0.79335,0.60876,0.));
#21737=VECTOR('',#21736,2.61052);
#21738=LINE('',#21701,#21737);
#21739=EDGE_CURVE('',#21702,#21730,#21738,.T.);
#21740=ORIENTED_EDGE('',*,*,#21739,.F.);
#21741=ORIENTED_EDGE('',*,*,#21706,.F.);
#21742=EDGE_LOOP('',(#21728,#21735,#21740,#21741));
#21743=FACE_OUTER_BOUND('',#21742,.T.);
#21744=CARTESIAN_POINT('',(-106.,102.33975,460.));
#21745=DIRECTION('',(0.60876,-0.79335,0.));
#21746=DIRECTION('',(0.79335,0.60876,0.));
#21747=AXIS2_PLACEMENT_3D('',#21744,#21745,#21746);
#21748=PLANE('',#21747);
#21749=ADVANCED_FACE('',(#21743),#21748,.T.);
#21750=CARTESIAN_POINT('',(-102.33975,106.,460.));
#21751=VERTEX_POINT('',#21750);
#21752=DIRECTION('',(0.60876,0.79335,0.));
#21753=VECTOR('',#21752,2.61052);
#21754=LINE('',#21722,#21753);
#21755=EDGE_CURVE('',#21723,#21751,#21754,.T.);
#21756=ORIENTED_EDGE('',*,*,#21755,.T.);
#21757=CARTESIAN_POINT('',(-102.33975,106.,500.));
#21758=VERTEX_POINT('',#21757);
#21759=DIRECTION('',(0.,0.,1.));
#21760=VECTOR('',#21759,40.);
#21761=LINE('',#21750,#21760);
#21762=EDGE_CURVE('',#21751,#21758,#21761,.T.);
#21763=ORIENTED_EDGE('',*,*,#21762,.T.);
#21764=DIRECTION('',(0.60876,0.79335,0.));
#21765=VECTOR('',#21764,2.61052);
#21766=LINE('',#21729,#21765);
#21767=EDGE_CURVE('',#21730,#21758,#21766,.T.);
#21768=ORIENTED_EDGE('',*,*,#21767,.F.);
#21769=ORIENTED_EDGE('',*,*,#21734,.F.);
#21770=EDGE_LOOP('',(#21756,#21763,#21768,#21769));
#21771=FACE_OUTER_BOUND('',#21770,.T.);
#21772=CARTESIAN_POINT('',(-103.92893,103.92893,460.));
#21773=DIRECTION('',(0.79335,-0.60876,0.));
#21774=DIRECTION('',(0.60876,0.79335,0.));
#21775=AXIS2_PLACEMENT_3D('',#21772,#21773,#21774);
#21776=PLANE('',#21775);
#21777=ADVANCED_FACE('',(#21771),#21776,.T.);
#21778=CARTESIAN_POINT('',(-101.34074,108.41181,460.));
#21779=VERTEX_POINT('',#21778);
#21780=DIRECTION('',(0.38268,0.92388,0.));
#21781=VECTOR('',#21780,2.61052);
#21782=LINE('',#21750,#21781);
#21783=EDGE_CURVE('',#21751,#21779,#21782,.T.);
#21784=ORIENTED_EDGE('',*,*,#21783,.T.);
#21785=CARTESIAN_POINT('',(-101.34074,108.41181,500.));
#21786=VERTEX_POINT('',#21785);
#21787=DIRECTION('',(0.,0.,1.));
#21788=VECTOR('',#21787,40.);
#21789=LINE('',#21778,#21788);
#21790=EDGE_CURVE('',#21779,#21786,#21789,.T.);
#21791=ORIENTED_EDGE('',*,*,#21790,.T.);
#21792=DIRECTION('',(0.38268,0.92388,0.));
#21793=VECTOR('',#21792,2.61052);
#21794=LINE('',#21757,#21793);
#21795=EDGE_CURVE('',#21758,#21786,#21794,.T.);
#21796=ORIENTED_EDGE('',*,*,#21795,.F.);
#21797=ORIENTED_EDGE('',*,*,#21762,.F.);
#21798=EDGE_LOOP('',(#21784,#21791,#21796,#21797));
#21799=FACE_OUTER_BOUND('',#21798,.T.);
#21800=CARTESIAN_POINT('',(-102.33975,106.,460.));
#21801=DIRECTION('',(0.92388,-0.38268,0.));
#21802=DIRECTION('',(0.38268,0.92388,0.));
#21803=AXIS2_PLACEMENT_3D('',#21800,#21801,#21802);
#21804=PLANE('',#21803);
#21805=ADVANCED_FACE('',(#21799),#21804,.T.);
#21806=DIRECTION('',(-0.13053,-0.99144,0.));
#21807=VECTOR('',#21806,2.61052);
#21808=LINE('',#21154,#21807);
#21809=EDGE_CURVE('',#21155,#21779,#21808,.T.);
#21810=ORIENTED_EDGE('',*,*,#21809,.F.);
#21811=ORIENTED_EDGE('',*,*,#21180,.T.);
#21812=DIRECTION('',(-0.13053,-0.99144,0.));
#21813=VECTOR('',#21812,2.61052);
#21814=LINE('',#21170,#21813);
#21815=EDGE_CURVE('',#21171,#21786,#21814,.T.);
#21816=ORIENTED_EDGE('',*,*,#21815,.T.);
#21817=ORIENTED_EDGE('',*,*,#21790,.F.);
#21818=EDGE_LOOP('',(#21810,#21811,#21816,#21817));
#21819=FACE_OUTER_BOUND('',#21818,.T.);
#21820=CARTESIAN_POINT('',(-101.34074,108.41181,460.));
#21821=DIRECTION('',(0.99144,-0.13053,0.));
#21822=DIRECTION('',(0.13053,0.99144,0.));
#21823=AXIS2_PLACEMENT_3D('',#21820,#21821,#21822);
#21824=PLANE('',#21823);
#21825=ADVANCED_FACE('',(#21819),#21824,.T.);
#21826=ORIENTED_EDGE('',*,*,#21783,.F.);
#21827=ORIENTED_EDGE('',*,*,#21755,.F.);
#21828=ORIENTED_EDGE('',*,*,#21727,.F.);
#21829=ORIENTED_EDGE('',*,*,#21699,.F.);
#21830=ORIENTED_EDGE('',*,*,#21671,.F.);
#21831=ORIENTED_EDGE('',*,*,#21643,.F.);
#21832=ORIENTED_EDGE('',*,*,#21615,.F.);
#21833=ORIENTED_EDGE('',*,*,#21587,.F.);
#21834=ORIENTED_EDGE('',*,*,#21559,.F.);
#21835=ORIENTED_EDGE('',*,*,#21531,.F.);
#21836=ORIENTED_EDGE('',*,*,#21503,.F.);
#21837=ORIENTED_EDGE('',*,*,#21475,.F.);
#21838=ORIENTED_EDGE('',*,*,#21447,.F.);
#21839=ORIENTED_EDGE('',*,*,#21419,.F.);
#21840=ORIENTED_EDGE('',*,*,#21391,.F.);
#21841=ORIENTED_EDGE('',*,*,#21363,.F.);
#21842=ORIENTED_EDGE('',*,*,#21335,.F.);
#21843=ORIENTED_EDGE('',*,*,#21307,.F.);
#21844=ORIENTED_EDGE('',*,*,#21279,.F.);
#21845=ORIENTED_EDGE('',*,*,#21251,.F.);
#21846=ORIENTED_EDGE('',*,*,#21223,.F.);
#21847=ORIENTED_EDGE('',*,*,#21195,.F.);
#21848=ORIENTED_EDGE('',*,*,#21161,.F.);
#21849=ORIENTED_EDGE('',*,*,#21809,.T.);
#21850=EDGE_LOOP('',(#21826,#21827,#21828,#21829,#21830,#21831,#21832,#21833,#21834,#21835,#21836,#21837,#21838,#21839,#21840,#21841,#21842,#21843,#21844,#21845,#21846,#21847,#21848,#21849));
#21851=FACE_OUTER_BOUND('',#21850,.T.);
#21852=CARTESIAN_POINT('',(-101.34074,108.41181,460.));
#21853=DIRECTION('',(0.,0.,-1.));
#21854=DIRECTION('',(-0.38268,-0.92388,0.));
#21855=AXIS2_PLACEMENT_3D('',#21852,#21853,#21854);
#21856=PLANE('',#21855);
#21857=ADVANCED_FACE('',(#21851),#21856,.T.);
#21858=ORIENTED_EDGE('',*,*,#21175,.T.);
#21859=ORIENTED_EDGE('',*,*,#21207,.T.);
#21860=ORIENTED_EDGE('',*,*,#21235,.T.);
#21861=ORIENTED_EDGE('',*,*,#21263,.T.);
#21862=ORIENTED_EDGE('',*,*,#21291,.T.);
#21863=ORIENTED_EDGE('',*,*,#21319,.T.);
#21864=ORIENTED_EDGE('',*,*,#21347,.T.);
#21865=ORIENTED_EDGE('',*,*,#21375,.T.);
#21866=ORIENTED_EDGE('',*,*,#21403,.T.);
#21867=ORIENTED_EDGE('',*,*,#21431,.T.);
#21868=ORIENTED_EDGE('',*,*,#21459,.T.);
#21869=ORIENTED_EDGE('',*,*,#21487,.T.);
#21870=ORIENTED_EDGE('',*,*,#21515,.T.);
#21871=ORIENTED_EDGE('',*,*,#21543,.T.);
#21872=ORIENTED_EDGE('',*,*,#21571,.T.);
#21873=ORIENTED_EDGE('',*,*,#21599,.T.);
#21874=ORIENTED_EDGE('',*,*,#21627,.T.);
#21875=ORIENTED_EDGE('',*,*,#21655,.T.);
#21876=ORIENTED_EDGE('',*,*,#21683,.T.);
#21877=ORIENTED_EDGE('',*,*,#21711,.T.);
#21878=ORIENTED_EDGE('',*,*,#21739,.T.);
#21879=ORIENTED_EDGE('',*,*,#21767,.T.);
#21880=ORIENTED_EDGE('',*,*,#21795,.T.);
#21881=ORIENTED_EDGE('',*,*,#21815,.F.);
#21882=EDGE_LOOP('',(#21858,#21859,#21860,#21861,#21862,#21863,#21864,#21865,#21866,#21867,#21868,#21869,#21870,#21871,#21872,#21873,#21874,#21875,#21876,#21877,#21878,#21879,#21880,#21881));
#21883=FACE_OUTER_BOUND('',#21882,.T.);
#21884=CARTESIAN_POINT('',(-101.,111.,500.));
#21885=DIRECTION('',(0.,0.,1.));
#21886=DIRECTION('',(-0.13053,0.99144,0.));
#21887=AXIS2_PLACEMENT_3D('',#21884,#21885,#21886);
#21888=PLANE('',#21887);
#21889=ADVANCED_FACE('',(#21883),#21888,.T.);
#21890=CLOSED_SHELL('',(#21189,#21217,#21245,#21273,#21301,#21329,#21357,#21385,#21413,#21441,#21469,#21497,#21525,#21553,#21581,#21609,#21637,#21665,#21693,#21721,#21749,#21777,#21805,#21825,#21857,#21889));
#21891=MANIFOLD_SOLID_BREP('',#21890);
#21892=STYLED_ITEM('color',(#612),#21891);
#21893=CARTESIAN_POINT('',(-111.,99.5,460.));
#21894=VERTEX_POINT('',#21893);
#21895=CARTESIAN_POINT('',(-111.,111.,460.));
#21896=VERTEX_POINT('',#21895);
#21897=DIRECTION('',(0.,1.,0.));
#21898=VECTOR('',#21897,11.5);
#21899=LINE('',#21893,#21898);
#21900=EDGE_CURVE('',#21894,#21896,#21899,.T.);
#21901=ORIENTED_EDGE('',*,*,#21900,.T.);
#21902=CARTESIAN_POINT('',(-99.5,111.,460.));
#21903=VERTEX_POINT('',#21902);
#21904=DIRECTION('',(-1.,0.,0.));
#21905=VECTOR('',#21904,11.5);
#21906=LINE('',#21902,#21905);
#21907=EDGE_CURVE('',#21903,#21896,#21906,.T.);
#21908=ORIENTED_EDGE('',*,*,#21907,.F.);
#21909=CARTESIAN_POINT('',(-99.5,99.5,460.));
#21910=VERTEX_POINT('',#21909);
#21911=DIRECTION('',(0.,1.,0.));
#21912=VECTOR('',#21911,11.5);
#21913=LINE('',#21909,#21912);
#21914=EDGE_CURVE('',#21910,#21903,#21913,.T.);
#21915=ORIENTED_EDGE('',*,*,#21914,.F.);
#21916=DIRECTION('',(1.,0.,0.));
#21917=VECTOR('',#21916,11.5);
#21918=LINE('',#21893,#21917);
#21919=EDGE_CURVE('',#21894,#21910,#21918,.T.);
#21920=ORIENTED_EDGE('',*,*,#21919,.F.);
#21921=EDGE_LOOP('',(#21901,#21908,#21915,#21920));
#21922=FACE_OUTER_BOUND('',#21921,.T.);
#21923=CARTESIAN_POINT('',(-111.,99.5,460.));
#21924=DIRECTION('',(0.,0.,-1.));
#21925=DIRECTION('',(0.,1.,0.));
#21926=AXIS2_PLACEMENT_3D('',#21923,#21924,#21925);
#21927=PLANE('',#21926);
#21928=ADVANCED_FACE('',(#21922),#21927,.T.);
#21929=CARTESIAN_POINT('',(-111.,99.5,500.));
#21930=VERTEX_POINT('',#21929);
#21931=CARTESIAN_POINT('',(-99.5,99.5,500.));
#21932=VERTEX_POINT('',#21931);
#21933=DIRECTION('',(1.,0.,0.));
#21934=VECTOR('',#21933,11.5);
#21935=LINE('',#21929,#21934);
#21936=EDGE_CURVE('',#21930,#21932,#21935,.T.);
#21937=ORIENTED_EDGE('',*,*,#21936,.T.);
#21938=CARTESIAN_POINT('',(-99.5,111.,500.));
#21939=VERTEX_POINT('',#21938);
#21940=DIRECTION('',(0.,1.,0.));
#21941=VECTOR('',#21940,11.5);
#21942=LINE('',#21931,#21941);
#21943=EDGE_CURVE('',#21932,#21939,#21942,.T.);
#21944=ORIENTED_EDGE('',*,*,#21943,.T.);
#21945=CARTESIAN_POINT('',(-111.,111.,500.));
#21946=VERTEX_POINT('',#21945);
#21947=DIRECTION('',(-1.,0.,0.));
#21948=VECTOR('',#21947,11.5);
#21949=LINE('',#21938,#21948);
#21950=EDGE_CURVE('',#21939,#21946,#21949,.T.);
#21951=ORIENTED_EDGE('',*,*,#21950,.T.);
#21952=DIRECTION('',(0.,1.,0.));
#21953=VECTOR('',#21952,11.5);
#21954=LINE('',#21929,#21953);
#21955=EDGE_CURVE('',#21930,#21946,#21954,.T.);
#21956=ORIENTED_EDGE('',*,*,#21955,.F.);
#21957=EDGE_LOOP('',(#21937,#21944,#21951,#21956));
#21958=FACE_OUTER_BOUND('',#21957,.T.);
#21959=CARTESIAN_POINT('',(-111.,99.5,500.));
#21960=DIRECTION('',(0.,0.,1.));
#21961=DIRECTION('',(1.,0.,0.));
#21962=AXIS2_PLACEMENT_3D('',#21959,#21960,#21961);
#21963=PLANE('',#21962);
#21964=ADVANCED_FACE('',(#21958),#21963,.T.);
#21965=ORIENTED_EDGE('',*,*,#21919,.T.);
#21966=DIRECTION('',(0.,0.,1.));
#21967=VECTOR('',#21966,40.);
#21968=LINE('',#21909,#21967);
#21969=EDGE_CURVE('',#21910,#21932,#21968,.T.);
#21970=ORIENTED_EDGE('',*,*,#21969,.T.);
#21971=ORIENTED_EDGE('',*,*,#21936,.F.);
#21972=DIRECTION('',(0.,0.,1.));
#21973=VECTOR('',#21972,40.);
#21974=LINE('',#21893,#21973);
#21975=EDGE_CURVE('',#21894,#21930,#21974,.T.);
#21976=ORIENTED_EDGE('',*,*,#21975,.F.);
#21977=EDGE_LOOP('',(#21965,#21970,#21971,#21976));
#21978=FACE_OUTER_BOUND('',#21977,.T.);
#21979=CARTESIAN_POINT('',(-111.,99.5,460.));
#21980=DIRECTION('',(0.,-1.,0.));
#21981=DIRECTION('',(1.,0.,0.));
#21982=AXIS2_PLACEMENT_3D('',#21979,#21980,#21981);
#21983=PLANE('',#21982);
#21984=ADVANCED_FACE('',(#21978),#21983,.T.);
#21985=ORIENTED_EDGE('',*,*,#21914,.T.);
#21986=DIRECTION('',(0.,0.,1.));
#21987=VECTOR('',#21986,40.);
#21988=LINE('',#21902,#21987);
#21989=EDGE_CURVE('',#21903,#21939,#21988,.T.);
#21990=ORIENTED_EDGE('',*,*,#21989,.T.);
#21991=ORIENTED_EDGE('',*,*,#21943,.F.);
#21992=ORIENTED_EDGE('',*,*,#21969,.F.);
#21993=EDGE_LOOP('',(#21985,#21990,#21991,#21992));
#21994=FACE_OUTER_BOUND('',#21993,.T.);
#21995=CARTESIAN_POINT('',(-99.5,99.5,460.));
#21996=DIRECTION('',(1.,0.,0.));
#21997=DIRECTION('',(0.,1.,0.));
#21998=AXIS2_PLACEMENT_3D('',#21995,#21996,#21997);
#21999=PLANE('',#21998);
#22000=ADVANCED_FACE('',(#21994),#21999,.T.);
#22001=ORIENTED_EDGE('',*,*,#21907,.T.);
#22002=DIRECTION('',(0.,0.,1.));
#22003=VECTOR('',#22002,40.);
#22004=LINE('',#21895,#22003);
#22005=EDGE_CURVE('',#21896,#21946,#22004,.T.);
#22006=ORIENTED_EDGE('',*,*,#22005,.T.);
#22007=ORIENTED_EDGE('',*,*,#21950,.F.);
#22008=ORIENTED_EDGE('',*,*,#21989,.F.);
#22009=EDGE_LOOP('',(#22001,#22006,#22007,#22008));
#22010=FACE_OUTER_BOUND('',#22009,.T.);
#22011=CARTESIAN_POINT('',(-99.5,111.,460.));
#22012=DIRECTION('',(0.,1.,0.));
#22013=DIRECTION('',(-1.,0.,0.));
#22014=AXIS2_PLACEMENT_3D('',#22011,#22012,#22013);
#22015=PLANE('',#22014);
#22016=ADVANCED_FACE('',(#22010),#22015,.T.);
#22017=ORIENTED_EDGE('',*,*,#21900,.F.);
#22018=ORIENTED_EDGE('',*,*,#21975,.T.);
#22019=ORIENTED_EDGE('',*,*,#21955,.T.);
#22020=ORIENTED_EDGE('',*,*,#22005,.F.);
#22021=EDGE_LOOP('',(#22017,#22018,#22019,#22020));
#22022=FACE_OUTER_BOUND('',#22021,.T.);
#22023=CARTESIAN_POINT('',(-111.,111.,460.));
#22024=DIRECTION('',(-1.,0.,0.));
#22025=DIRECTION('',(0.,-1.,0.));
#22026=AXIS2_PLACEMENT_3D('',#22023,#22024,#22025);
#22027=PLANE('',#22026);
#22028=ADVANCED_FACE('',(#22022),#22027,.T.);
#22029=CLOSED_SHELL('',(#21928,#21964,#21984,#22000,#22016,#22028));
#22030=MANIFOLD_SOLID_BREP('',#22029);
#22031=STYLED_ITEM('color',(#612),#22030);
#22032=CARTESIAN_POINT('',(-16.,-118.,290.));
#22033=VERTEX_POINT('',#22032);
#22034=CARTESIAN_POINT('',(-16.,-100.,290.));
#22035=VERTEX_POINT('',#22034);
#22036=DIRECTION('',(0.,1.,0.));
#22037=VECTOR('',#22036,18.);
#22038=LINE('',#22032,#22037);
#22039=EDGE_CURVE('',#22033,#22035,#22038,.T.);
#22040=ORIENTED_EDGE('',*,*,#22039,.T.);
#22041=CARTESIAN_POINT('',(16.,-100.,290.));
#22042=VERTEX_POINT('',#22041);
#22043=DIRECTION('',(-1.,0.,0.));
#22044=VECTOR('',#22043,32.);
#22045=LINE('',#22041,#22044);
#22046=EDGE_CURVE('',#22042,#22035,#22045,.T.);
#22047=ORIENTED_EDGE('',*,*,#22046,.F.);
#22048=CARTESIAN_POINT('',(16.,-118.,290.));
#22049=VERTEX_POINT('',#22048);
#22050=DIRECTION('',(0.,1.,0.));
#22051=VECTOR('',#22050,18.);
#22052=LINE('',#22048,#22051);
#22053=EDGE_CURVE('',#22049,#22042,#22052,.T.);
#22054=ORIENTED_EDGE('',*,*,#22053,.F.);
#22055=DIRECTION('',(1.,0.,0.));
#22056=VECTOR('',#22055,32.);
#22057=LINE('',#22032,#22056);
#22058=EDGE_CURVE('',#22033,#22049,#22057,.T.);
#22059=ORIENTED_EDGE('',*,*,#22058,.F.);
#22060=EDGE_LOOP('',(#22040,#22047,#22054,#22059));
#22061=FACE_OUTER_BOUND('',#22060,.T.);
#22062=CARTESIAN_POINT('',(-16.,-118.,290.));
#22063=DIRECTION('',(0.,0.,-1.));
#22064=DIRECTION('',(0.,1.,0.));
#22065=AXIS2_PLACEMENT_3D('',#22062,#22063,#22064);
#22066=PLANE('',#22065);
#22067=ADVANCED_FACE('',(#22061),#22066,.T.);
#22068=CARTESIAN_POINT('',(-16.,-118.,302.));
#22069=VERTEX_POINT('',#22068);
#22070=CARTESIAN_POINT('',(16.,-118.,302.));
#22071=VERTEX_POINT('',#22070);
#22072=DIRECTION('',(1.,0.,0.));
#22073=VECTOR('',#22072,32.);
#22074=LINE('',#22068,#22073);
#22075=EDGE_CURVE('',#22069,#22071,#22074,.T.);
#22076=ORIENTED_EDGE('',*,*,#22075,.T.);
#22077=CARTESIAN_POINT('',(16.,-100.,302.));
#22078=VERTEX_POINT('',#22077);
#22079=DIRECTION('',(0.,1.,0.));
#22080=VECTOR('',#22079,18.);
#22081=LINE('',#22070,#22080);
#22082=EDGE_CURVE('',#22071,#22078,#22081,.T.);
#22083=ORIENTED_EDGE('',*,*,#22082,.T.);
#22084=CARTESIAN_POINT('',(-16.,-100.,302.));
#22085=VERTEX_POINT('',#22084);
#22086=DIRECTION('',(-1.,0.,0.));
#22087=VECTOR('',#22086,32.);
#22088=LINE('',#22077,#22087);
#22089=EDGE_CURVE('',#22078,#22085,#22088,.T.);
#22090=ORIENTED_EDGE('',*,*,#22089,.T.);
#22091=DIRECTION('',(0.,1.,0.));
#22092=VECTOR('',#22091,18.);
#22093=LINE('',#22068,#22092);
#22094=EDGE_CURVE('',#22069,#22085,#22093,.T.);
#22095=ORIENTED_EDGE('',*,*,#22094,.F.);
#22096=EDGE_LOOP('',(#22076,#22083,#22090,#22095));
#22097=FACE_OUTER_BOUND('',#22096,.T.);
#22098=CARTESIAN_POINT('',(-16.,-118.,302.));
#22099=DIRECTION('',(0.,0.,1.));
#22100=DIRECTION('',(1.,0.,0.));
#22101=AXIS2_PLACEMENT_3D('',#22098,#22099,#22100);
#22102=PLANE('',#22101);
#22103=ADVANCED_FACE('',(#22097),#22102,.T.);
#22104=ORIENTED_EDGE('',*,*,#22058,.T.);
#22105=DIRECTION('',(0.,0.,1.));
#22106=VECTOR('',#22105,12.);
#22107=LINE('',#22048,#22106);
#22108=EDGE_CURVE('',#22049,#22071,#22107,.T.);
#22109=ORIENTED_EDGE('',*,*,#22108,.T.);
#22110=ORIENTED_EDGE('',*,*,#22075,.F.);
#22111=DIRECTION('',(0.,0.,1.));
#22112=VECTOR('',#22111,12.);
#22113=LINE('',#22032,#22112);
#22114=EDGE_CURVE('',#22033,#22069,#22113,.T.);
#22115=ORIENTED_EDGE('',*,*,#22114,.F.);
#22116=EDGE_LOOP('',(#22104,#22109,#22110,#22115));
#22117=FACE_OUTER_BOUND('',#22116,.T.);
#22118=CARTESIAN_POINT('',(-16.,-118.,290.));
#22119=DIRECTION('',(0.,-1.,0.));
#22120=DIRECTION('',(1.,0.,0.));
#22121=AXIS2_PLACEMENT_3D('',#22118,#22119,#22120);
#22122=PLANE('',#22121);
#22123=ADVANCED_FACE('',(#22117),#22122,.T.);
#22124=ORIENTED_EDGE('',*,*,#22053,.T.);
#22125=DIRECTION('',(0.,0.,1.));
#22126=VECTOR('',#22125,12.);
#22127=LINE('',#22041,#22126);
#22128=EDGE_CURVE('',#22042,#22078,#22127,.T.);
#22129=ORIENTED_EDGE('',*,*,#22128,.T.);
#22130=ORIENTED_EDGE('',*,*,#22082,.F.);
#22131=ORIENTED_EDGE('',*,*,#22108,.F.);
#22132=EDGE_LOOP('',(#22124,#22129,#22130,#22131));
#22133=FACE_OUTER_BOUND('',#22132,.T.);
#22134=CARTESIAN_POINT('',(16.,-118.,290.));
#22135=DIRECTION('',(1.,0.,0.));
#22136=DIRECTION('',(0.,1.,0.));
#22137=AXIS2_PLACEMENT_3D('',#22134,#22135,#22136);
#22138=PLANE('',#22137);
#22139=ADVANCED_FACE('',(#22133),#22138,.T.);
#22140=ORIENTED_EDGE('',*,*,#22046,.T.);
#22141=DIRECTION('',(0.,0.,1.));
#22142=VECTOR('',#22141,12.);
#22143=LINE('',#22034,#22142);
#22144=EDGE_CURVE('',#22035,#22085,#22143,.T.);
#22145=ORIENTED_EDGE('',*,*,#22144,.T.);
#22146=ORIENTED_EDGE('',*,*,#22089,.F.);
#22147=ORIENTED_EDGE('',*,*,#22128,.F.);
#22148=EDGE_LOOP('',(#22140,#22145,#22146,#22147));
#22149=FACE_OUTER_BOUND('',#22148,.T.);
#22150=CARTESIAN_POINT('',(16.,-100.,290.));
#22151=DIRECTION('',(0.,1.,0.));
#22152=DIRECTION('',(-1.,0.,0.));
#22153=AXIS2_PLACEMENT_3D('',#22150,#22151,#22152);
#22154=PLANE('',#22153);
#22155=ADVANCED_FACE('',(#22149),#22154,.T.);
#22156=ORIENTED_EDGE('',*,*,#22039,.F.);
#22157=ORIENTED_EDGE('',*,*,#22114,.T.);
#22158=ORIENTED_EDGE('',*,*,#22094,.T.);
#22159=ORIENTED_EDGE('',*,*,#22144,.F.);
#22160=EDGE_LOOP('',(#22156,#22157,#22158,#22159));
#22161=FACE_OUTER_BOUND('',#22160,.T.);
#22162=CARTESIAN_POINT('',(-16.,-100.,290.));
#22163=DIRECTION('',(-1.,0.,0.));
#22164=DIRECTION('',(0.,-1.,0.));
#22165=AXIS2_PLACEMENT_3D('',#22162,#22163,#22164);
#22166=PLANE('',#22165);
#22167=ADVANCED_FACE('',(#22161),#22166,.T.);
#22168=CLOSED_SHELL('',(#22067,#22103,#22123,#22139,#22155,#22167));
#22169=MANIFOLD_SOLID_BREP('',#22168);
#22170=STYLED_ITEM('color',(#612),#22169);
#22171=CARTESIAN_POINT('',(-16.,-118.,450.));
#22172=VERTEX_POINT('',#22171);
#22173=CARTESIAN_POINT('',(-16.,-100.,450.));
#22174=VERTEX_POINT('',#22173);
#22175=DIRECTION('',(0.,1.,0.));
#22176=VECTOR('',#22175,18.);
#22177=LINE('',#22171,#22176);
#22178=EDGE_CURVE('',#22172,#22174,#22177,.T.);
#22179=ORIENTED_EDGE('',*,*,#22178,.T.);
#22180=CARTESIAN_POINT('',(16.,-100.,450.));
#22181=VERTEX_POINT('',#22180);
#22182=DIRECTION('',(-1.,0.,0.));
#22183=VECTOR('',#22182,32.);
#22184=LINE('',#22180,#22183);
#22185=EDGE_CURVE('',#22181,#22174,#22184,.T.);
#22186=ORIENTED_EDGE('',*,*,#22185,.F.);
#22187=CARTESIAN_POINT('',(16.,-118.,450.));
#22188=VERTEX_POINT('',#22187);
#22189=DIRECTION('',(0.,1.,0.));
#22190=VECTOR('',#22189,18.);
#22191=LINE('',#22187,#22190);
#22192=EDGE_CURVE('',#22188,#22181,#22191,.T.);
#22193=ORIENTED_EDGE('',*,*,#22192,.F.);
#22194=DIRECTION('',(1.,0.,0.));
#22195=VECTOR('',#22194,32.);
#22196=LINE('',#22171,#22195);
#22197=EDGE_CURVE('',#22172,#22188,#22196,.T.);
#22198=ORIENTED_EDGE('',*,*,#22197,.F.);
#22199=EDGE_LOOP('',(#22179,#22186,#22193,#22198));
#22200=FACE_OUTER_BOUND('',#22199,.T.);
#22201=CARTESIAN_POINT('',(-16.,-118.,450.));
#22202=DIRECTION('',(0.,0.,-1.));
#22203=DIRECTION('',(0.,1.,0.));
#22204=AXIS2_PLACEMENT_3D('',#22201,#22202,#22203);
#22205=PLANE('',#22204);
#22206=ADVANCED_FACE('',(#22200),#22205,.T.);
#22207=CARTESIAN_POINT('',(-16.,-118.,462.));
#22208=VERTEX_POINT('',#22207);
#22209=CARTESIAN_POINT('',(16.,-118.,462.));
#22210=VERTEX_POINT('',#22209);
#22211=DIRECTION('',(1.,0.,0.));
#22212=VECTOR('',#22211,32.);
#22213=LINE('',#22207,#22212);
#22214=EDGE_CURVE('',#22208,#22210,#22213,.T.);
#22215=ORIENTED_EDGE('',*,*,#22214,.T.);
#22216=CARTESIAN_POINT('',(16.,-100.,462.));
#22217=VERTEX_POINT('',#22216);
#22218=DIRECTION('',(0.,1.,0.));
#22219=VECTOR('',#22218,18.);
#22220=LINE('',#22209,#22219);
#22221=EDGE_CURVE('',#22210,#22217,#22220,.T.);
#22222=ORIENTED_EDGE('',*,*,#22221,.T.);
#22223=CARTESIAN_POINT('',(-16.,-100.,462.));
#22224=VERTEX_POINT('',#22223);
#22225=DIRECTION('',(-1.,0.,0.));
#22226=VECTOR('',#22225,32.);
#22227=LINE('',#22216,#22226);
#22228=EDGE_CURVE('',#22217,#22224,#22227,.T.);
#22229=ORIENTED_EDGE('',*,*,#22228,.T.);
#22230=DIRECTION('',(0.,1.,0.));
#22231=VECTOR('',#22230,18.);
#22232=LINE('',#22207,#22231);
#22233=EDGE_CURVE('',#22208,#22224,#22232,.T.);
#22234=ORIENTED_EDGE('',*,*,#22233,.F.);
#22235=EDGE_LOOP('',(#22215,#22222,#22229,#22234));
#22236=FACE_OUTER_BOUND('',#22235,.T.);
#22237=CARTESIAN_POINT('',(-16.,-118.,462.));
#22238=DIRECTION('',(0.,0.,1.));
#22239=DIRECTION('',(1.,0.,0.));
#22240=AXIS2_PLACEMENT_3D('',#22237,#22238,#22239);
#22241=PLANE('',#22240);
#22242=ADVANCED_FACE('',(#22236),#22241,.T.);
#22243=ORIENTED_EDGE('',*,*,#22197,.T.);
#22244=DIRECTION('',(0.,0.,1.));
#22245=VECTOR('',#22244,12.);
#22246=LINE('',#22187,#22245);
#22247=EDGE_CURVE('',#22188,#22210,#22246,.T.);
#22248=ORIENTED_EDGE('',*,*,#22247,.T.);
#22249=ORIENTED_EDGE('',*,*,#22214,.F.);
#22250=DIRECTION('',(0.,0.,1.));
#22251=VECTOR('',#22250,12.);
#22252=LINE('',#22171,#22251);
#22253=EDGE_CURVE('',#22172,#22208,#22252,.T.);
#22254=ORIENTED_EDGE('',*,*,#22253,.F.);
#22255=EDGE_LOOP('',(#22243,#22248,#22249,#22254));
#22256=FACE_OUTER_BOUND('',#22255,.T.);
#22257=CARTESIAN_POINT('',(-16.,-118.,450.));
#22258=DIRECTION('',(0.,-1.,0.));
#22259=DIRECTION('',(1.,0.,0.));
#22260=AXIS2_PLACEMENT_3D('',#22257,#22258,#22259);
#22261=PLANE('',#22260);
#22262=ADVANCED_FACE('',(#22256),#22261,.T.);
#22263=ORIENTED_EDGE('',*,*,#22192,.T.);
#22264=DIRECTION('',(0.,0.,1.));
#22265=VECTOR('',#22264,12.);
#22266=LINE('',#22180,#22265);
#22267=EDGE_CURVE('',#22181,#22217,#22266,.T.);
#22268=ORIENTED_EDGE('',*,*,#22267,.T.);
#22269=ORIENTED_EDGE('',*,*,#22221,.F.);
#22270=ORIENTED_EDGE('',*,*,#22247,.F.);
#22271=EDGE_LOOP('',(#22263,#22268,#22269,#22270));
#22272=FACE_OUTER_BOUND('',#22271,.T.);
#22273=CARTESIAN_POINT('',(16.,-118.,450.));
#22274=DIRECTION('',(1.,0.,0.));
#22275=DIRECTION('',(0.,1.,0.));
#22276=AXIS2_PLACEMENT_3D('',#22273,#22274,#22275);
#22277=PLANE('',#22276);
#22278=ADVANCED_FACE('',(#22272),#22277,.T.);
#22279=ORIENTED_EDGE('',*,*,#22185,.T.);
#22280=DIRECTION('',(0.,0.,1.));
#22281=VECTOR('',#22280,12.);
#22282=LINE('',#22173,#22281);
#22283=EDGE_CURVE('',#22174,#22224,#22282,.T.);
#22284=ORIENTED_EDGE('',*,*,#22283,.T.);
#22285=ORIENTED_EDGE('',*,*,#22228,.F.);
#22286=ORIENTED_EDGE('',*,*,#22267,.F.);
#22287=EDGE_LOOP('',(#22279,#22284,#22285,#22286));
#22288=FACE_OUTER_BOUND('',#22287,.T.);
#22289=CARTESIAN_POINT('',(16.,-100.,450.));
#22290=DIRECTION('',(0.,1.,0.));
#22291=DIRECTION('',(-1.,0.,0.));
#22292=AXIS2_PLACEMENT_3D('',#22289,#22290,#22291);
#22293=PLANE('',#22292);
#22294=ADVANCED_FACE('',(#22288),#22293,.T.);
#22295=ORIENTED_EDGE('',*,*,#22178,.F.);
#22296=ORIENTED_EDGE('',*,*,#22253,.T.);
#22297=ORIENTED_EDGE('',*,*,#22233,.T.);
#22298=ORIENTED_EDGE('',*,*,#22283,.F.);
#22299=EDGE_LOOP('',(#22295,#22296,#22297,#22298));
#22300=FACE_OUTER_BOUND('',#22299,.T.);
#22301=CARTESIAN_POINT('',(-16.,-100.,450.));
#22302=DIRECTION('',(-1.,0.,0.));
#22303=DIRECTION('',(0.,-1.,0.));
#22304=AXIS2_PLACEMENT_3D('',#22301,#22302,#22303);
#22305=PLANE('',#22304);
#22306=ADVANCED_FACE('',(#22300),#22305,.T.);
#22307=CLOSED_SHELL('',(#22206,#22242,#22262,#22278,#22294,#22306));
#22308=MANIFOLD_SOLID_BREP('',#22307);
#22309=STYLED_ITEM('color',(#612),#22308);
#22310=CARTESIAN_POINT('',(100.,-26.,586.));
#22311=VERTEX_POINT('',#22310);
#22312=CARTESIAN_POINT('',(100.,26.,586.));
#22313=VERTEX_POINT('',#22312);
#22314=DIRECTION('',(0.,1.,0.));
#22315=VECTOR('',#22314,52.);
#22316=LINE('',#22310,#22315);
#22317=EDGE_CURVE('',#22311,#22313,#22316,.T.);
#22318=ORIENTED_EDGE('',*,*,#22317,.T.);
#22319=CARTESIAN_POINT('',(140.,26.,586.));
#22320=VERTEX_POINT('',#22319);
#22321=DIRECTION('',(-1.,0.,0.));
#22322=VECTOR('',#22321,40.);
#22323=LINE('',#22319,#22322);
#22324=EDGE_CURVE('',#22320,#22313,#22323,.T.);
#22325=ORIENTED_EDGE('',*,*,#22324,.F.);
#22326=CARTESIAN_POINT('',(140.,-26.,586.));
#22327=VERTEX_POINT('',#22326);
#22328=DIRECTION('',(0.,1.,0.));
#22329=VECTOR('',#22328,52.);
#22330=LINE('',#22326,#22329);
#22331=EDGE_CURVE('',#22327,#22320,#22330,.T.);
#22332=ORIENTED_EDGE('',*,*,#22331,.F.);
#22333=DIRECTION('',(1.,0.,0.));
#22334=VECTOR('',#22333,40.);
#22335=LINE('',#22310,#22334);
#22336=EDGE_CURVE('',#22311,#22327,#22335,.T.);
#22337=ORIENTED_EDGE('',*,*,#22336,.F.);
#22338=EDGE_LOOP('',(#22318,#22325,#22332,#22337));
#22339=FACE_OUTER_BOUND('',#22338,.T.);
#22340=CARTESIAN_POINT('',(100.,-26.,586.));
#22341=DIRECTION('',(0.,0.,-1.));
#22342=DIRECTION('',(0.,1.,0.));
#22343=AXIS2_PLACEMENT_3D('',#22340,#22341,#22342);
#22344=PLANE('',#22343);
#22345=ADVANCED_FACE('',(#22339),#22344,.T.);
#22346=CARTESIAN_POINT('',(100.,-26.,592.));
#22347=VERTEX_POINT('',#22346);
#22348=CARTESIAN_POINT('',(140.,-26.,592.));
#22349=VERTEX_POINT('',#22348);
#22350=DIRECTION('',(1.,0.,0.));
#22351=VECTOR('',#22350,40.);
#22352=LINE('',#22346,#22351);
#22353=EDGE_CURVE('',#22347,#22349,#22352,.T.);
#22354=ORIENTED_EDGE('',*,*,#22353,.T.);
#22355=CARTESIAN_POINT('',(140.,26.,592.));
#22356=VERTEX_POINT('',#22355);
#22357=DIRECTION('',(0.,1.,0.));
#22358=VECTOR('',#22357,52.);
#22359=LINE('',#22348,#22358);
#22360=EDGE_CURVE('',#22349,#22356,#22359,.T.);
#22361=ORIENTED_EDGE('',*,*,#22360,.T.);
#22362=CARTESIAN_POINT('',(100.,26.,592.));
#22363=VERTEX_POINT('',#22362);
#22364=DIRECTION('',(-1.,0.,0.));
#22365=VECTOR('',#22364,40.);
#22366=LINE('',#22355,#22365);
#22367=EDGE_CURVE('',#22356,#22363,#22366,.T.);
#22368=ORIENTED_EDGE('',*,*,#22367,.T.);
#22369=DIRECTION('',(0.,1.,0.));
#22370=VECTOR('',#22369,52.);
#22371=LINE('',#22346,#22370);
#22372=EDGE_CURVE('',#22347,#22363,#22371,.T.);
#22373=ORIENTED_EDGE('',*,*,#22372,.F.);
#22374=EDGE_LOOP('',(#22354,#22361,#22368,#22373));
#22375=FACE_OUTER_BOUND('',#22374,.T.);
#22376=CARTESIAN_POINT('',(100.,-26.,592.));
#22377=DIRECTION('',(0.,0.,1.));
#22378=DIRECTION('',(1.,0.,0.));
#22379=AXIS2_PLACEMENT_3D('',#22376,#22377,#22378);
#22380=PLANE('',#22379);
#22381=ADVANCED_FACE('',(#22375),#22380,.T.);
#22382=ORIENTED_EDGE('',*,*,#22336,.T.);
#22383=DIRECTION('',(0.,0.,1.));
#22384=VECTOR('',#22383,6.);
#22385=LINE('',#22326,#22384);
#22386=EDGE_CURVE('',#22327,#22349,#22385,.T.);
#22387=ORIENTED_EDGE('',*,*,#22386,.T.);
#22388=ORIENTED_EDGE('',*,*,#22353,.F.);
#22389=DIRECTION('',(0.,0.,1.));
#22390=VECTOR('',#22389,6.);
#22391=LINE('',#22310,#22390);
#22392=EDGE_CURVE('',#22311,#22347,#22391,.T.);
#22393=ORIENTED_EDGE('',*,*,#22392,.F.);
#22394=EDGE_LOOP('',(#22382,#22387,#22388,#22393));
#22395=FACE_OUTER_BOUND('',#22394,.T.);
#22396=CARTESIAN_POINT('',(100.,-26.,586.));
#22397=DIRECTION('',(0.,-1.,0.));
#22398=DIRECTION('',(1.,0.,0.));
#22399=AXIS2_PLACEMENT_3D('',#22396,#22397,#22398);
#22400=PLANE('',#22399);
#22401=ADVANCED_FACE('',(#22395),#22400,.T.);
#22402=ORIENTED_EDGE('',*,*,#22331,.T.);
#22403=DIRECTION('',(0.,0.,1.));
#22404=VECTOR('',#22403,6.);
#22405=LINE('',#22319,#22404);
#22406=EDGE_CURVE('',#22320,#22356,#22405,.T.);
#22407=ORIENTED_EDGE('',*,*,#22406,.T.);
#22408=ORIENTED_EDGE('',*,*,#22360,.F.);
#22409=ORIENTED_EDGE('',*,*,#22386,.F.);
#22410=EDGE_LOOP('',(#22402,#22407,#22408,#22409));
#22411=FACE_OUTER_BOUND('',#22410,.T.);
#22412=CARTESIAN_POINT('',(140.,-26.,586.));
#22413=DIRECTION('',(1.,0.,0.));
#22414=DIRECTION('',(0.,1.,0.));
#22415=AXIS2_PLACEMENT_3D('',#22412,#22413,#22414);
#22416=PLANE('',#22415);
#22417=ADVANCED_FACE('',(#22411),#22416,.T.);
#22418=ORIENTED_EDGE('',*,*,#22324,.T.);
#22419=DIRECTION('',(0.,0.,1.));
#22420=VECTOR('',#22419,6.);
#22421=LINE('',#22312,#22420);
#22422=EDGE_CURVE('',#22313,#22363,#22421,.T.);
#22423=ORIENTED_EDGE('',*,*,#22422,.T.);
#22424=ORIENTED_EDGE('',*,*,#22367,.F.);
#22425=ORIENTED_EDGE('',*,*,#22406,.F.);
#22426=EDGE_LOOP('',(#22418,#22423,#22424,#22425));
#22427=FACE_OUTER_BOUND('',#22426,.T.);
#22428=CARTESIAN_POINT('',(140.,26.,586.));
#22429=DIRECTION('',(0.,1.,0.));
#22430=DIRECTION('',(-1.,0.,0.));
#22431=AXIS2_PLACEMENT_3D('',#22428,#22429,#22430);
#22432=PLANE('',#22431);
#22433=ADVANCED_FACE('',(#22427),#22432,.T.);
#22434=ORIENTED_EDGE('',*,*,#22317,.F.);
#22435=ORIENTED_EDGE('',*,*,#22392,.T.);
#22436=ORIENTED_EDGE('',*,*,#22372,.T.);
#22437=ORIENTED_EDGE('',*,*,#22422,.F.);
#22438=EDGE_LOOP('',(#22434,#22435,#22436,#22437));
#22439=FACE_OUTER_BOUND('',#22438,.T.);
#22440=CARTESIAN_POINT('',(100.,26.,586.));
#22441=DIRECTION('',(-1.,0.,0.));
#22442=DIRECTION('',(0.,-1.,0.));
#22443=AXIS2_PLACEMENT_3D('',#22440,#22441,#22442);
#22444=PLANE('',#22443);
#22445=ADVANCED_FACE('',(#22439),#22444,.T.);
#22446=CLOSED_SHELL('',(#22345,#22381,#22401,#22417,#22433,#22445));
#22447=MANIFOLD_SOLID_BREP('',#22446);
#22448=STYLED_ITEM('color',(#612),#22447);
#22449=CARTESIAN_POINT('',(100.,78.,552.));
#22450=VERTEX_POINT('',#22449);
#22451=CARTESIAN_POINT('',(100.,94.,552.));
#22452=VERTEX_POINT('',#22451);
#22453=DIRECTION('',(0.,1.,0.));
#22454=VECTOR('',#22453,16.);
#22455=LINE('',#22449,#22454);
#22456=EDGE_CURVE('',#22450,#22452,#22455,.T.);
#22457=ORIENTED_EDGE('',*,*,#22456,.T.);
#22458=CARTESIAN_POINT('',(118.,94.,552.));
#22459=VERTEX_POINT('',#22458);
#22460=DIRECTION('',(-1.,0.,0.));
#22461=VECTOR('',#22460,18.);
#22462=LINE('',#22458,#22461);
#22463=EDGE_CURVE('',#22459,#22452,#22462,.T.);
#22464=ORIENTED_EDGE('',*,*,#22463,.F.);
#22465=CARTESIAN_POINT('',(118.,78.,552.));
#22466=VERTEX_POINT('',#22465);
#22467=DIRECTION('',(0.,1.,0.));
#22468=VECTOR('',#22467,16.);
#22469=LINE('',#22465,#22468);
#22470=EDGE_CURVE('',#22466,#22459,#22469,.T.);
#22471=ORIENTED_EDGE('',*,*,#22470,.F.);
#22472=DIRECTION('',(1.,0.,0.));
#22473=VECTOR('',#22472,18.);
#22474=LINE('',#22449,#22473);
#22475=EDGE_CURVE('',#22450,#22466,#22474,.T.);
#22476=ORIENTED_EDGE('',*,*,#22475,.F.);
#22477=EDGE_LOOP('',(#22457,#22464,#22471,#22476));
#22478=FACE_OUTER_BOUND('',#22477,.T.);
#22479=CARTESIAN_POINT('',(100.,78.,552.));
#22480=DIRECTION('',(0.,0.,-1.));
#22481=DIRECTION('',(0.,1.,0.));
#22482=AXIS2_PLACEMENT_3D('',#22479,#22480,#22481);
#22483=PLANE('',#22482);
#22484=ADVANCED_FACE('',(#22478),#22483,.T.);
#22485=CARTESIAN_POINT('',(100.,78.,584.));
#22486=VERTEX_POINT('',#22485);
#22487=CARTESIAN_POINT('',(118.,78.,584.));
#22488=VERTEX_POINT('',#22487);
#22489=DIRECTION('',(1.,0.,0.));
#22490=VECTOR('',#22489,18.);
#22491=LINE('',#22485,#22490);
#22492=EDGE_CURVE('',#22486,#22488,#22491,.T.);
#22493=ORIENTED_EDGE('',*,*,#22492,.T.);
#22494=CARTESIAN_POINT('',(118.,94.,584.));
#22495=VERTEX_POINT('',#22494);
#22496=DIRECTION('',(0.,1.,0.));
#22497=VECTOR('',#22496,16.);
#22498=LINE('',#22487,#22497);
#22499=EDGE_CURVE('',#22488,#22495,#22498,.T.);
#22500=ORIENTED_EDGE('',*,*,#22499,.T.);
#22501=CARTESIAN_POINT('',(100.,94.,584.));
#22502=VERTEX_POINT('',#22501);
#22503=DIRECTION('',(-1.,0.,0.));
#22504=VECTOR('',#22503,18.);
#22505=LINE('',#22494,#22504);
#22506=EDGE_CURVE('',#22495,#22502,#22505,.T.);
#22507=ORIENTED_EDGE('',*,*,#22506,.T.);
#22508=DIRECTION('',(0.,1.,0.));
#22509=VECTOR('',#22508,16.);
#22510=LINE('',#22485,#22509);
#22511=EDGE_CURVE('',#22486,#22502,#22510,.T.);
#22512=ORIENTED_EDGE('',*,*,#22511,.F.);
#22513=EDGE_LOOP('',(#22493,#22500,#22507,#22512));
#22514=FACE_OUTER_BOUND('',#22513,.T.);
#22515=CARTESIAN_POINT('',(100.,78.,584.));
#22516=DIRECTION('',(0.,0.,1.));
#22517=DIRECTION('',(1.,0.,0.));
#22518=AXIS2_PLACEMENT_3D('',#22515,#22516,#22517);
#22519=PLANE('',#22518);
#22520=ADVANCED_FACE('',(#22514),#22519,.T.);
#22521=ORIENTED_EDGE('',*,*,#22475,.T.);
#22522=DIRECTION('',(0.,0.,1.));
#22523=VECTOR('',#22522,32.);
#22524=LINE('',#22465,#22523);
#22525=EDGE_CURVE('',#22466,#22488,#22524,.T.);
#22526=ORIENTED_EDGE('',*,*,#22525,.T.);
#22527=ORIENTED_EDGE('',*,*,#22492,.F.);
#22528=DIRECTION('',(0.,0.,1.));
#22529=VECTOR('',#22528,32.);
#22530=LINE('',#22449,#22529);
#22531=EDGE_CURVE('',#22450,#22486,#22530,.T.);
#22532=ORIENTED_EDGE('',*,*,#22531,.F.);
#22533=EDGE_LOOP('',(#22521,#22526,#22527,#22532));
#22534=FACE_OUTER_BOUND('',#22533,.T.);
#22535=CARTESIAN_POINT('',(100.,78.,552.));
#22536=DIRECTION('',(0.,-1.,0.));
#22537=DIRECTION('',(1.,0.,0.));
#22538=AXIS2_PLACEMENT_3D('',#22535,#22536,#22537);
#22539=PLANE('',#22538);
#22540=ADVANCED_FACE('',(#22534),#22539,.T.);
#22541=ORIENTED_EDGE('',*,*,#22470,.T.);
#22542=DIRECTION('',(0.,0.,1.));
#22543=VECTOR('',#22542,32.);
#22544=LINE('',#22458,#22543);
#22545=EDGE_CURVE('',#22459,#22495,#22544,.T.);
#22546=ORIENTED_EDGE('',*,*,#22545,.T.);
#22547=ORIENTED_EDGE('',*,*,#22499,.F.);
#22548=ORIENTED_EDGE('',*,*,#22525,.F.);
#22549=EDGE_LOOP('',(#22541,#22546,#22547,#22548));
#22550=FACE_OUTER_BOUND('',#22549,.T.);
#22551=CARTESIAN_POINT('',(118.,78.,552.));
#22552=DIRECTION('',(1.,0.,0.));
#22553=DIRECTION('',(0.,1.,0.));
#22554=AXIS2_PLACEMENT_3D('',#22551,#22552,#22553);
#22555=PLANE('',#22554);
#22556=ADVANCED_FACE('',(#22550),#22555,.T.);
#22557=ORIENTED_EDGE('',*,*,#22463,.T.);
#22558=DIRECTION('',(0.,0.,1.));
#22559=VECTOR('',#22558,32.);
#22560=LINE('',#22451,#22559);
#22561=EDGE_CURVE('',#22452,#22502,#22560,.T.);
#22562=ORIENTED_EDGE('',*,*,#22561,.T.);
#22563=ORIENTED_EDGE('',*,*,#22506,.F.);
#22564=ORIENTED_EDGE('',*,*,#22545,.F.);
#22565=EDGE_LOOP('',(#22557,#22562,#22563,#22564));
#22566=FACE_OUTER_BOUND('',#22565,.T.);
#22567=CARTESIAN_POINT('',(118.,94.,552.));
#22568=DIRECTION('',(0.,1.,0.));
#22569=DIRECTION('',(-1.,0.,0.));
#22570=AXIS2_PLACEMENT_3D('',#22567,#22568,#22569);
#22571=PLANE('',#22570);
#22572=ADVANCED_FACE('',(#22566),#22571,.T.);
#22573=ORIENTED_EDGE('',*,*,#22456,.F.);
#22574=ORIENTED_EDGE('',*,*,#22531,.T.);
#22575=ORIENTED_EDGE('',*,*,#22511,.T.);
#22576=ORIENTED_EDGE('',*,*,#22561,.F.);
#22577=EDGE_LOOP('',(#22573,#22574,#22575,#22576));
#22578=FACE_OUTER_BOUND('',#22577,.T.);
#22579=CARTESIAN_POINT('',(100.,94.,552.));
#22580=DIRECTION('',(-1.,0.,0.));
#22581=DIRECTION('',(0.,-1.,0.));
#22582=AXIS2_PLACEMENT_3D('',#22579,#22580,#22581);
#22583=PLANE('',#22582);
#22584=ADVANCED_FACE('',(#22578),#22583,.T.);
#22585=CLOSED_SHELL('',(#22484,#22520,#22540,#22556,#22572,#22584));
#22586=MANIFOLD_SOLID_BREP('',#22585);
#22587=STYLED_ITEM('color',(#612),#22586);
#22588=CARTESIAN_POINT('',(100.,-94.,552.));
#22589=VERTEX_POINT('',#22588);
#22590=CARTESIAN_POINT('',(100.,-78.,552.));
#22591=VERTEX_POINT('',#22590);
#22592=DIRECTION('',(0.,1.,0.));
#22593=VECTOR('',#22592,16.);
#22594=LINE('',#22588,#22593);
#22595=EDGE_CURVE('',#22589,#22591,#22594,.T.);
#22596=ORIENTED_EDGE('',*,*,#22595,.T.);
#22597=CARTESIAN_POINT('',(118.,-78.,552.));
#22598=VERTEX_POINT('',#22597);
#22599=DIRECTION('',(-1.,0.,0.));
#22600=VECTOR('',#22599,18.);
#22601=LINE('',#22597,#22600);
#22602=EDGE_CURVE('',#22598,#22591,#22601,.T.);
#22603=ORIENTED_EDGE('',*,*,#22602,.F.);
#22604=CARTESIAN_POINT('',(118.,-94.,552.));
#22605=VERTEX_POINT('',#22604);
#22606=DIRECTION('',(0.,1.,0.));
#22607=VECTOR('',#22606,16.);
#22608=LINE('',#22604,#22607);
#22609=EDGE_CURVE('',#22605,#22598,#22608,.T.);
#22610=ORIENTED_EDGE('',*,*,#22609,.F.);
#22611=DIRECTION('',(1.,0.,0.));
#22612=VECTOR('',#22611,18.);
#22613=LINE('',#22588,#22612);
#22614=EDGE_CURVE('',#22589,#22605,#22613,.T.);
#22615=ORIENTED_EDGE('',*,*,#22614,.F.);
#22616=EDGE_LOOP('',(#22596,#22603,#22610,#22615));
#22617=FACE_OUTER_BOUND('',#22616,.T.);
#22618=CARTESIAN_POINT('',(100.,-94.,552.));
#22619=DIRECTION('',(0.,0.,-1.));
#22620=DIRECTION('',(0.,1.,0.));
#22621=AXIS2_PLACEMENT_3D('',#22618,#22619,#22620);
#22622=PLANE('',#22621);
#22623=ADVANCED_FACE('',(#22617),#22622,.T.);
#22624=CARTESIAN_POINT('',(100.,-94.,584.));
#22625=VERTEX_POINT('',#22624);
#22626=CARTESIAN_POINT('',(118.,-94.,584.));
#22627=VERTEX_POINT('',#22626);
#22628=DIRECTION('',(1.,0.,0.));
#22629=VECTOR('',#22628,18.);
#22630=LINE('',#22624,#22629);
#22631=EDGE_CURVE('',#22625,#22627,#22630,.T.);
#22632=ORIENTED_EDGE('',*,*,#22631,.T.);
#22633=CARTESIAN_POINT('',(118.,-78.,584.));
#22634=VERTEX_POINT('',#22633);
#22635=DIRECTION('',(0.,1.,0.));
#22636=VECTOR('',#22635,16.);
#22637=LINE('',#22626,#22636);
#22638=EDGE_CURVE('',#22627,#22634,#22637,.T.);
#22639=ORIENTED_EDGE('',*,*,#22638,.T.);
#22640=CARTESIAN_POINT('',(100.,-78.,584.));
#22641=VERTEX_POINT('',#22640);
#22642=DIRECTION('',(-1.,0.,0.));
#22643=VECTOR('',#22642,18.);
#22644=LINE('',#22633,#22643);
#22645=EDGE_CURVE('',#22634,#22641,#22644,.T.);
#22646=ORIENTED_EDGE('',*,*,#22645,.T.);
#22647=DIRECTION('',(0.,1.,0.));
#22648=VECTOR('',#22647,16.);
#22649=LINE('',#22624,#22648);
#22650=EDGE_CURVE('',#22625,#22641,#22649,.T.);
#22651=ORIENTED_EDGE('',*,*,#22650,.F.);
#22652=EDGE_LOOP('',(#22632,#22639,#22646,#22651));
#22653=FACE_OUTER_BOUND('',#22652,.T.);
#22654=CARTESIAN_POINT('',(100.,-94.,584.));
#22655=DIRECTION('',(0.,0.,1.));
#22656=DIRECTION('',(1.,0.,0.));
#22657=AXIS2_PLACEMENT_3D('',#22654,#22655,#22656);
#22658=PLANE('',#22657);
#22659=ADVANCED_FACE('',(#22653),#22658,.T.);
#22660=ORIENTED_EDGE('',*,*,#22614,.T.);
#22661=DIRECTION('',(0.,0.,1.));
#22662=VECTOR('',#22661,32.);
#22663=LINE('',#22604,#22662);
#22664=EDGE_CURVE('',#22605,#22627,#22663,.T.);
#22665=ORIENTED_EDGE('',*,*,#22664,.T.);
#22666=ORIENTED_EDGE('',*,*,#22631,.F.);
#22667=DIRECTION('',(0.,0.,1.));
#22668=VECTOR('',#22667,32.);
#22669=LINE('',#22588,#22668);
#22670=EDGE_CURVE('',#22589,#22625,#22669,.T.);
#22671=ORIENTED_EDGE('',*,*,#22670,.F.);
#22672=EDGE_LOOP('',(#22660,#22665,#22666,#22671));
#22673=FACE_OUTER_BOUND('',#22672,.T.);
#22674=CARTESIAN_POINT('',(100.,-94.,552.));
#22675=DIRECTION('',(0.,-1.,0.));
#22676=DIRECTION('',(1.,0.,0.));
#22677=AXIS2_PLACEMENT_3D('',#22674,#22675,#22676);
#22678=PLANE('',#22677);
#22679=ADVANCED_FACE('',(#22673),#22678,.T.);
#22680=ORIENTED_EDGE('',*,*,#22609,.T.);
#22681=DIRECTION('',(0.,0.,1.));
#22682=VECTOR('',#22681,32.);
#22683=LINE('',#22597,#22682);
#22684=EDGE_CURVE('',#22598,#22634,#22683,.T.);
#22685=ORIENTED_EDGE('',*,*,#22684,.T.);
#22686=ORIENTED_EDGE('',*,*,#22638,.F.);
#22687=ORIENTED_EDGE('',*,*,#22664,.F.);
#22688=EDGE_LOOP('',(#22680,#22685,#22686,#22687));
#22689=FACE_OUTER_BOUND('',#22688,.T.);
#22690=CARTESIAN_POINT('',(118.,-94.,552.));
#22691=DIRECTION('',(1.,0.,0.));
#22692=DIRECTION('',(0.,1.,0.));
#22693=AXIS2_PLACEMENT_3D('',#22690,#22691,#22692);
#22694=PLANE('',#22693);
#22695=ADVANCED_FACE('',(#22689),#22694,.T.);
#22696=ORIENTED_EDGE('',*,*,#22602,.T.);
#22697=DIRECTION('',(0.,0.,1.));
#22698=VECTOR('',#22697,32.);
#22699=LINE('',#22590,#22698);
#22700=EDGE_CURVE('',#22591,#22641,#22699,.T.);
#22701=ORIENTED_EDGE('',*,*,#22700,.T.);
#22702=ORIENTED_EDGE('',*,*,#22645,.F.);
#22703=ORIENTED_EDGE('',*,*,#22684,.F.);
#22704=EDGE_LOOP('',(#22696,#22701,#22702,#22703));
#22705=FACE_OUTER_BOUND('',#22704,.T.);
#22706=CARTESIAN_POINT('',(118.,-78.,552.));
#22707=DIRECTION('',(0.,1.,0.));
#22708=DIRECTION('',(-1.,0.,0.));
#22709=AXIS2_PLACEMENT_3D('',#22706,#22707,#22708);
#22710=PLANE('',#22709);
#22711=ADVANCED_FACE('',(#22705),#22710,.T.);
#22712=ORIENTED_EDGE('',*,*,#22595,.F.);
#22713=ORIENTED_EDGE('',*,*,#22670,.T.);
#22714=ORIENTED_EDGE('',*,*,#22650,.T.);
#22715=ORIENTED_EDGE('',*,*,#22700,.F.);
#22716=EDGE_LOOP('',(#22712,#22713,#22714,#22715));
#22717=FACE_OUTER_BOUND('',#22716,.T.);
#22718=CARTESIAN_POINT('',(100.,-78.,552.));
#22719=DIRECTION('',(-1.,0.,0.));
#22720=DIRECTION('',(0.,-1.,0.));
#22721=AXIS2_PLACEMENT_3D('',#22718,#22719,#22720);
#22722=PLANE('',#22721);
#22723=ADVANCED_FACE('',(#22717),#22722,.T.);
#22724=CLOSED_SHELL('',(#22623,#22659,#22679,#22695,#22711,#22723));
#22725=MANIFOLD_SOLID_BREP('',#22724);
#22726=STYLED_ITEM('color',(#612),#22725);
#22727=ADVANCED_BREP_SHAPE_REPRESENTATION('',(#17,#605,#751,#890,#1029,#1168,#1757,#1896,#2035,#2174,#2313,#8300,#14287,#20274,#21013,#21152,#21891,#22030,#22169,#22308,#22447,#22586,#22725),#9);
#22728=SHAPE_DEFINITION_REPRESENTATION(#13,#22727);
#22729=MECHANICAL_DESIGN_GEOMETRIC_PRESENTATION_REPRESENTATION('',(#613,#752,#891,#1030,#1169,#1758,#1897,#2036,#2175,#2314,#8301,#14288,#20275,#21014,#21153,#21892,#22031,#22170,#22309,#22448,#22587,#22726),#9);
#22730=PRODUCT_RELATED_PRODUCT_CATEGORY('part',$,(#10));
ENDSEC;
END-ISO-10303-21;
