ISO-10303-21;
HEADER;
FILE_DESCRIPTION(('AquaSentinel R3 - planar B-rep export'),'2;1');
FILE_NAME('PV module 20 W (cells + glass)','2026-10-04T21:49:43',('AquaSentinel team'),('Sanjivani University'),'AquaSentinel R3 python build','AquaSentinel R3','');
FILE_SCHEMA(('AUTOMOTIVE_DESIGN { 1 0 10303 214 1 1 1 1 }'));
ENDSEC;
DATA;
#1=APPLICATION_CONTEXT('core data for automotive mechanical design processes');
#2=APPLICATION_PROTOCOL_DEFINITION('international standard','automotive_design',2000,#1);
#3=PRODUCT_CONTEXT('',#1,'mechanical');
#4=PRODUCT_DEFINITION_CONTEXT('part definition',#1,'design');
#5=(LENGTH_UNIT()NAMED_UNIT(*)SI_UNIT(.MILLI.,.METRE.));
#6=(NAMED_UNIT(*)PLANE_ANGLE_UNIT()SI_UNIT($,.RADIAN.));
#7=(NAMED_UNIT(*)SI_UNIT($,.STERADIAN.)SOLID_ANGLE_UNIT());
#8=UNCERTAINTY_MEASURE_WITH_UNIT(LENGTH_MEASURE(1.E-04),#5,'distance_accuracy_value','confusion accuracy');
#9=(GEOMETRIC_REPRESENTATION_CONTEXT(3)GLOBAL_UNCERTAINTY_ASSIGNED_CONTEXT((#8))GLOBAL_UNIT_ASSIGNED_CONTEXT((#5,#6,#7))REPRESENTATION_CONTEXT('Context','3D Context with UNIT and UNCERTAINTY'));
#10=PRODUCT('AS3-522','PV module 20 W (cells + glass)','',(#3));
#11=PRODUCT_DEFINITION_FORMATION('','',#10);
#12=PRODUCT_DEFINITION('design','',#11,#4);
#13=PRODUCT_DEFINITION_SHAPE('','',#12);
#14=CARTESIAN_POINT('',(0.,0.,0.));
#15=DIRECTION('',(0.,0.,1.));
#16=DIRECTION('',(1.,0.,0.));
#17=AXIS2_PLACEMENT_3D('',#14,#15,#16);
#18=CARTESIAN_POINT('',(390.68464,-151.5,660.94517));
#19=VERTEX_POINT('',#18);
#20=CARTESIAN_POINT('',(390.68464,-78.,660.94517));
#21=VERTEX_POINT('',#20);
#22=DIRECTION('',(0.,1.,0.));
#23=VECTOR('',#22,73.5);
#24=LINE('',#18,#23);
#25=EDGE_CURVE('',#19,#21,#24,.T.);
#26=ORIENTED_EDGE('',*,*,#25,.T.);
#27=CARTESIAN_POINT('',(454.72198,-78.,651.94531));
#28=VERTEX_POINT('',#27);
#29=DIRECTION('',(-0.99027,0.,0.13917));
#30=VECTOR('',#29,64.66667);
#31=LINE('',#27,#30);
#32=EDGE_CURVE('',#28,#21,#31,.T.);
#33=ORIENTED_EDGE('',*,*,#32,.F.);
#34=CARTESIAN_POINT('',(454.72198,-151.5,651.94531));
#35=VERTEX_POINT('',#34);
#36=DIRECTION('',(0.,1.,0.));
#37=VECTOR('',#36,73.5);
#38=LINE('',#34,#37);
#39=EDGE_CURVE('',#35,#28,#38,.T.);
#40=ORIENTED_EDGE('',*,*,#39,.F.);
#41=DIRECTION('',(0.99027,0.,-0.13917));
#42=VECTOR('',#41,64.66667);
#43=LINE('',#18,#42);
#44=EDGE_CURVE('',#19,#35,#43,.T.);
#45=ORIENTED_EDGE('',*,*,#44,.F.);
#46=EDGE_LOOP('',(#26,#33,#40,#45));
#47=FACE_OUTER_BOUND('',#46,.T.);
#48=CARTESIAN_POINT('',(390.68464,-151.5,660.94517));
#49=DIRECTION('',(-0.13917,0.,-0.99027));
#50=DIRECTION('',(0.,1.,0.));
#51=AXIS2_PLACEMENT_3D('',#48,#49,#50);
#52=PLANE('',#51);
#53=ADVANCED_FACE('',(#47),#52,.T.);
#54=CARTESIAN_POINT('',(390.99082,-151.5,663.12376));
#55=VERTEX_POINT('',#54);
#56=CARTESIAN_POINT('',(455.02816,-151.5,654.1239));
#57=VERTEX_POINT('',#56);
#58=DIRECTION('',(0.99027,0.,-0.13917));
#59=VECTOR('',#58,64.66667);
#60=LINE('',#54,#59);
#61=EDGE_CURVE('',#55,#57,#60,.T.);
#62=ORIENTED_EDGE('',*,*,#61,.T.);
#63=CARTESIAN_POINT('',(455.02816,-78.,654.1239));
#64=VERTEX_POINT('',#63);
#65=DIRECTION('',(0.,1.,0.));
#66=VECTOR('',#65,73.5);
#67=LINE('',#56,#66);
#68=EDGE_CURVE('',#57,#64,#67,.T.);
#69=ORIENTED_EDGE('',*,*,#68,.T.);
#70=CARTESIAN_POINT('',(390.99082,-78.,663.12376));
#71=VERTEX_POINT('',#70);
#72=DIRECTION('',(-0.99027,0.,0.13917));
#73=VECTOR('',#72,64.66667);
#74=LINE('',#63,#73);
#75=EDGE_CURVE('',#64,#71,#74,.T.);
#76=ORIENTED_EDGE('',*,*,#75,.T.);
#77=DIRECTION('',(0.,1.,0.));
#78=VECTOR('',#77,73.5);
#79=LINE('',#54,#78);
#80=EDGE_CURVE('',#55,#71,#79,.T.);
#81=ORIENTED_EDGE('',*,*,#80,.F.);
#82=EDGE_LOOP('',(#62,#69,#76,#81));
#83=FACE_OUTER_BOUND('',#82,.T.);
#84=CARTESIAN_POINT('',(390.99082,-151.5,663.12376));
#85=DIRECTION('',(0.13917,0.,0.99027));
#86=DIRECTION('',(0.99027,0.,-0.13917));
#87=AXIS2_PLACEMENT_3D('',#84,#85,#86);
#88=PLANE('',#87);
#89=ADVANCED_FACE('',(#83),#88,.T.);
#90=ORIENTED_EDGE('',*,*,#44,.T.);
#91=DIRECTION('',(0.13917,0.,0.99027));
#92=VECTOR('',#91,2.2);
#93=LINE('',#34,#92);
#94=EDGE_CURVE('',#35,#57,#93,.T.);
#95=ORIENTED_EDGE('',*,*,#94,.T.);
#96=ORIENTED_EDGE('',*,*,#61,.F.);
#97=DIRECTION('',(0.13917,0.,0.99027));
#98=VECTOR('',#97,2.2);
#99=LINE('',#18,#98);
#100=EDGE_CURVE('',#19,#55,#99,.T.);
#101=ORIENTED_EDGE('',*,*,#100,.F.);
#102=EDGE_LOOP('',(#90,#95,#96,#101));
#103=FACE_OUTER_BOUND('',#102,.T.);
#104=CARTESIAN_POINT('',(390.68464,-151.5,660.94517));
#105=DIRECTION('',(0.,-1.,0.));
#106=DIRECTION('',(0.99027,0.,-0.13917));
#107=AXIS2_PLACEMENT_3D('',#104,#105,#106);
#108=PLANE('',#107);
#109=ADVANCED_FACE('',(#103),#108,.T.);
#110=ORIENTED_EDGE('',*,*,#39,.T.);
#111=DIRECTION('',(0.13917,0.,0.99027));
#112=VECTOR('',#111,2.2);
#113=LINE('',#27,#112);
#114=EDGE_CURVE('',#28,#64,#113,.T.);
#115=ORIENTED_EDGE('',*,*,#114,.T.);
#116=ORIENTED_EDGE('',*,*,#68,.F.);
#117=ORIENTED_EDGE('',*,*,#94,.F.);
#118=EDGE_LOOP('',(#110,#115,#116,#117));
#119=FACE_OUTER_BOUND('',#118,.T.);
#120=CARTESIAN_POINT('',(454.72198,-151.5,651.94531));
#121=DIRECTION('',(0.99027,0.,-0.13917));
#122=DIRECTION('',(0.,1.,0.));
#123=AXIS2_PLACEMENT_3D('',#120,#121,#122);
#124=PLANE('',#123);
#125=ADVANCED_FACE('',(#119),#124,.T.);
#126=ORIENTED_EDGE('',*,*,#32,.T.);
#127=DIRECTION('',(0.13917,0.,0.99027));
#128=VECTOR('',#127,2.2);
#129=LINE('',#20,#128);
#130=EDGE_CURVE('',#21,#71,#129,.T.);
#131=ORIENTED_EDGE('',*,*,#130,.T.);
#132=ORIENTED_EDGE('',*,*,#75,.F.);
#133=ORIENTED_EDGE('',*,*,#114,.F.);
#134=EDGE_LOOP('',(#126,#131,#132,#133));
#135=FACE_OUTER_BOUND('',#134,.T.);
#136=CARTESIAN_POINT('',(454.72198,-78.,651.94531));
#137=DIRECTION('',(0.,1.,0.));
#138=DIRECTION('',(-0.99027,0.,0.13917));
#139=AXIS2_PLACEMENT_3D('',#136,#137,#138);
#140=PLANE('',#139);
#141=ADVANCED_FACE('',(#135),#140,.T.);
#142=ORIENTED_EDGE('',*,*,#25,.F.);
#143=ORIENTED_EDGE('',*,*,#100,.T.);
#144=ORIENTED_EDGE('',*,*,#80,.T.);
#145=ORIENTED_EDGE('',*,*,#130,.F.);
#146=EDGE_LOOP('',(#142,#143,#144,#145));
#147=FACE_OUTER_BOUND('',#146,.T.);
#148=CARTESIAN_POINT('',(390.68464,-78.,660.94517));
#149=DIRECTION('',(-0.99027,0.,0.13917));
#150=DIRECTION('',(0.,-1.,0.));
#151=AXIS2_PLACEMENT_3D('',#148,#149,#150);
#152=PLANE('',#151);
#153=ADVANCED_FACE('',(#147),#152,.T.);
#154=CLOSED_SHELL('',(#53,#89,#109,#125,#141,#153));
#155=MANIFOLD_SOLID_BREP('',#154);
#156=COLOUR_RGB('',0.05,0.09,0.2);
#157=FILL_AREA_STYLE_COLOUR('',#156);
#158=FILL_AREA_STYLE('',(#157));
#159=SURFACE_STYLE_FILL_AREA(#158);
#160=SURFACE_SIDE_STYLE('',(#159));
#161=SURFACE_STYLE_USAGE(.BOTH.,#160);
#162=PRESENTATION_STYLE_ASSIGNMENT((#161));
#163=STYLED_ITEM('color',(#162),#155);
#164=CARTESIAN_POINT('',(390.68464,-75.,660.94517));
#165=VERTEX_POINT('',#164);
#166=CARTESIAN_POINT('',(390.68464,-1.5,660.94517));
#167=VERTEX_POINT('',#166);
#168=DIRECTION('',(0.,1.,0.));
#169=VECTOR('',#168,73.5);
#170=LINE('',#164,#169);
#171=EDGE_CURVE('',#165,#167,#170,.T.);
#172=ORIENTED_EDGE('',*,*,#171,.T.);
#173=CARTESIAN_POINT('',(454.72198,-1.5,651.94531));
#174=VERTEX_POINT('',#173);
#175=DIRECTION('',(-0.99027,0.,0.13917));
#176=VECTOR('',#175,64.66667);
#177=LINE('',#173,#176);
#178=EDGE_CURVE('',#174,#167,#177,.T.);
#179=ORIENTED_EDGE('',*,*,#178,.F.);
#180=CARTESIAN_POINT('',(454.72198,-75.,651.94531));
#181=VERTEX_POINT('',#180);
#182=DIRECTION('',(0.,1.,0.));
#183=VECTOR('',#182,73.5);
#184=LINE('',#180,#183);
#185=EDGE_CURVE('',#181,#174,#184,.T.);
#186=ORIENTED_EDGE('',*,*,#185,.F.);
#187=DIRECTION('',(0.99027,0.,-0.13917));
#188=VECTOR('',#187,64.66667);
#189=LINE('',#164,#188);
#190=EDGE_CURVE('',#165,#181,#189,.T.);
#191=ORIENTED_EDGE('',*,*,#190,.F.);
#192=EDGE_LOOP('',(#172,#179,#186,#191));
#193=FACE_OUTER_BOUND('',#192,.T.);
#194=CARTESIAN_POINT('',(390.68464,-75.,660.94517));
#195=DIRECTION('',(-0.13917,0.,-0.99027));
#196=DIRECTION('',(0.,1.,0.));
#197=AXIS2_PLACEMENT_3D('',#194,#195,#196);
#198=PLANE('',#197);
#199=ADVANCED_FACE('',(#193),#198,.T.);
#200=CARTESIAN_POINT('',(390.99082,-75.,663.12376));
#201=VERTEX_POINT('',#200);
#202=CARTESIAN_POINT('',(455.02816,-75.,654.1239));
#203=VERTEX_POINT('',#202);
#204=DIRECTION('',(0.99027,0.,-0.13917));
#205=VECTOR('',#204,64.66667);
#206=LINE('',#200,#205);
#207=EDGE_CURVE('',#201,#203,#206,.T.);
#208=ORIENTED_EDGE('',*,*,#207,.T.);
#209=CARTESIAN_POINT('',(455.02816,-1.5,654.1239));
#210=VERTEX_POINT('',#209);
#211=DIRECTION('',(0.,1.,0.));
#212=VECTOR('',#211,73.5);
#213=LINE('',#202,#212);
#214=EDGE_CURVE('',#203,#210,#213,.T.);
#215=ORIENTED_EDGE('',*,*,#214,.T.);
#216=CARTESIAN_POINT('',(390.99082,-1.5,663.12376));
#217=VERTEX_POINT('',#216);
#218=DIRECTION('',(-0.99027,0.,0.13917));
#219=VECTOR('',#218,64.66667);
#220=LINE('',#209,#219);
#221=EDGE_CURVE('',#210,#217,#220,.T.);
#222=ORIENTED_EDGE('',*,*,#221,.T.);
#223=DIRECTION('',(0.,1.,0.));
#224=VECTOR('',#223,73.5);
#225=LINE('',#200,#224);
#226=EDGE_CURVE('',#201,#217,#225,.T.);
#227=ORIENTED_EDGE('',*,*,#226,.F.);
#228=EDGE_LOOP('',(#208,#215,#222,#227));
#229=FACE_OUTER_BOUND('',#228,.T.);
#230=CARTESIAN_POINT('',(390.99082,-75.,663.12376));
#231=DIRECTION('',(0.13917,0.,0.99027));
#232=DIRECTION('',(0.99027,0.,-0.13917));
#233=AXIS2_PLACEMENT_3D('',#230,#231,#232);
#234=PLANE('',#233);
#235=ADVANCED_FACE('',(#229),#234,.T.);
#236=ORIENTED_EDGE('',*,*,#190,.T.);
#237=DIRECTION('',(0.13917,0.,0.99027));
#238=VECTOR('',#237,2.2);
#239=LINE('',#180,#238);
#240=EDGE_CURVE('',#181,#203,#239,.T.);
#241=ORIENTED_EDGE('',*,*,#240,.T.);
#242=ORIENTED_EDGE('',*,*,#207,.F.);
#243=DIRECTION('',(0.13917,0.,0.99027));
#244=VECTOR('',#243,2.2);
#245=LINE('',#164,#244);
#246=EDGE_CURVE('',#165,#201,#245,.T.);
#247=ORIENTED_EDGE('',*,*,#246,.F.);
#248=EDGE_LOOP('',(#236,#241,#242,#247));
#249=FACE_OUTER_BOUND('',#248,.T.);
#250=CARTESIAN_POINT('',(390.68464,-75.,660.94517));
#251=DIRECTION('',(0.,-1.,0.));
#252=DIRECTION('',(0.99027,0.,-0.13917));
#253=AXIS2_PLACEMENT_3D('',#250,#251,#252);
#254=PLANE('',#253);
#255=ADVANCED_FACE('',(#249),#254,.T.);
#256=ORIENTED_EDGE('',*,*,#185,.T.);
#257=DIRECTION('',(0.13917,0.,0.99027));
#258=VECTOR('',#257,2.2);
#259=LINE('',#173,#258);
#260=EDGE_CURVE('',#174,#210,#259,.T.);
#261=ORIENTED_EDGE('',*,*,#260,.T.);
#262=ORIENTED_EDGE('',*,*,#214,.F.);
#263=ORIENTED_EDGE('',*,*,#240,.F.);
#264=EDGE_LOOP('',(#256,#261,#262,#263));
#265=FACE_OUTER_BOUND('',#264,.T.);
#266=CARTESIAN_POINT('',(454.72198,-75.,651.94531));
#267=DIRECTION('',(0.99027,0.,-0.13917));
#268=DIRECTION('',(0.,1.,0.));
#269=AXIS2_PLACEMENT_3D('',#266,#267,#268);
#270=PLANE('',#269);
#271=ADVANCED_FACE('',(#265),#270,.T.);
#272=ORIENTED_EDGE('',*,*,#178,.T.);
#273=DIRECTION('',(0.13917,0.,0.99027));
#274=VECTOR('',#273,2.2);
#275=LINE('',#166,#274);
#276=EDGE_CURVE('',#167,#217,#275,.T.);
#277=ORIENTED_EDGE('',*,*,#276,.T.);
#278=ORIENTED_EDGE('',*,*,#221,.F.);
#279=ORIENTED_EDGE('',*,*,#260,.F.);
#280=EDGE_LOOP('',(#272,#277,#278,#279));
#281=FACE_OUTER_BOUND('',#280,.T.);
#282=CARTESIAN_POINT('',(454.72198,-1.5,651.94531));
#283=DIRECTION('',(0.,1.,0.));
#284=DIRECTION('',(-0.99027,0.,0.13917));
#285=AXIS2_PLACEMENT_3D('',#282,#283,#284);
#286=PLANE('',#285);
#287=ADVANCED_FACE('',(#281),#286,.T.);
#288=ORIENTED_EDGE('',*,*,#171,.F.);
#289=ORIENTED_EDGE('',*,*,#246,.T.);
#290=ORIENTED_EDGE('',*,*,#226,.T.);
#291=ORIENTED_EDGE('',*,*,#276,.F.);
#292=EDGE_LOOP('',(#288,#289,#290,#291));
#293=FACE_OUTER_BOUND('',#292,.T.);
#294=CARTESIAN_POINT('',(390.68464,-1.5,660.94517));
#295=DIRECTION('',(-0.99027,0.,0.13917));
#296=DIRECTION('',(0.,-1.,0.));
#297=AXIS2_PLACEMENT_3D('',#294,#295,#296);
#298=PLANE('',#297);
#299=ADVANCED_FACE('',(#293),#298,.T.);
#300=CLOSED_SHELL('',(#199,#235,#255,#271,#287,#299));
#301=MANIFOLD_SOLID_BREP('',#300);
#302=STYLED_ITEM('color',(#162),#301);
#303=CARTESIAN_POINT('',(390.68464,1.5,660.94517));
#304=VERTEX_POINT('',#303);
#305=CARTESIAN_POINT('',(390.68464,75.,660.94517));
#306=VERTEX_POINT('',#305);
#307=DIRECTION('',(0.,1.,0.));
#308=VECTOR('',#307,73.5);
#309=LINE('',#303,#308);
#310=EDGE_CURVE('',#304,#306,#309,.T.);
#311=ORIENTED_EDGE('',*,*,#310,.T.);
#312=CARTESIAN_POINT('',(454.72198,75.,651.94531));
#313=VERTEX_POINT('',#312);
#314=DIRECTION('',(-0.99027,0.,0.13917));
#315=VECTOR('',#314,64.66667);
#316=LINE('',#312,#315);
#317=EDGE_CURVE('',#313,#306,#316,.T.);
#318=ORIENTED_EDGE('',*,*,#317,.F.);
#319=CARTESIAN_POINT('',(454.72198,1.5,651.94531));
#320=VERTEX_POINT('',#319);
#321=DIRECTION('',(0.,1.,0.));
#322=VECTOR('',#321,73.5);
#323=LINE('',#319,#322);
#324=EDGE_CURVE('',#320,#313,#323,.T.);
#325=ORIENTED_EDGE('',*,*,#324,.F.);
#326=DIRECTION('',(0.99027,0.,-0.13917));
#327=VECTOR('',#326,64.66667);
#328=LINE('',#303,#327);
#329=EDGE_CURVE('',#304,#320,#328,.T.);
#330=ORIENTED_EDGE('',*,*,#329,.F.);
#331=EDGE_LOOP('',(#311,#318,#325,#330));
#332=FACE_OUTER_BOUND('',#331,.T.);
#333=CARTESIAN_POINT('',(390.68464,1.5,660.94517));
#334=DIRECTION('',(-0.13917,0.,-0.99027));
#335=DIRECTION('',(0.,1.,0.));
#336=AXIS2_PLACEMENT_3D('',#333,#334,#335);
#337=PLANE('',#336);
#338=ADVANCED_FACE('',(#332),#337,.T.);
#339=CARTESIAN_POINT('',(390.99082,1.5,663.12376));
#340=VERTEX_POINT('',#339);
#341=CARTESIAN_POINT('',(455.02816,1.5,654.1239));
#342=VERTEX_POINT('',#341);
#343=DIRECTION('',(0.99027,0.,-0.13917));
#344=VECTOR('',#343,64.66667);
#345=LINE('',#339,#344);
#346=EDGE_CURVE('',#340,#342,#345,.T.);
#347=ORIENTED_EDGE('',*,*,#346,.T.);
#348=CARTESIAN_POINT('',(455.02816,75.,654.1239));
#349=VERTEX_POINT('',#348);
#350=DIRECTION('',(0.,1.,0.));
#351=VECTOR('',#350,73.5);
#352=LINE('',#341,#351);
#353=EDGE_CURVE('',#342,#349,#352,.T.);
#354=ORIENTED_EDGE('',*,*,#353,.T.);
#355=CARTESIAN_POINT('',(390.99082,75.,663.12376));
#356=VERTEX_POINT('',#355);
#357=DIRECTION('',(-0.99027,0.,0.13917));
#358=VECTOR('',#357,64.66667);
#359=LINE('',#348,#358);
#360=EDGE_CURVE('',#349,#356,#359,.T.);
#361=ORIENTED_EDGE('',*,*,#360,.T.);
#362=DIRECTION('',(0.,1.,0.));
#363=VECTOR('',#362,73.5);
#364=LINE('',#339,#363);
#365=EDGE_CURVE('',#340,#356,#364,.T.);
#366=ORIENTED_EDGE('',*,*,#365,.F.);
#367=EDGE_LOOP('',(#347,#354,#361,#366));
#368=FACE_OUTER_BOUND('',#367,.T.);
#369=CARTESIAN_POINT('',(390.99082,1.5,663.12376));
#370=DIRECTION('',(0.13917,0.,0.99027));
#371=DIRECTION('',(0.99027,0.,-0.13917));
#372=AXIS2_PLACEMENT_3D('',#369,#370,#371);
#373=PLANE('',#372);
#374=ADVANCED_FACE('',(#368),#373,.T.);
#375=ORIENTED_EDGE('',*,*,#329,.T.);
#376=DIRECTION('',(0.13917,0.,0.99027));
#377=VECTOR('',#376,2.2);
#378=LINE('',#319,#377);
#379=EDGE_CURVE('',#320,#342,#378,.T.);
#380=ORIENTED_EDGE('',*,*,#379,.T.);
#381=ORIENTED_EDGE('',*,*,#346,.F.);
#382=DIRECTION('',(0.13917,0.,0.99027));
#383=VECTOR('',#382,2.2);
#384=LINE('',#303,#383);
#385=EDGE_CURVE('',#304,#340,#384,.T.);
#386=ORIENTED_EDGE('',*,*,#385,.F.);
#387=EDGE_LOOP('',(#375,#380,#381,#386));
#388=FACE_OUTER_BOUND('',#387,.T.);
#389=CARTESIAN_POINT('',(390.68464,1.5,660.94517));
#390=DIRECTION('',(0.,-1.,0.));
#391=DIRECTION('',(0.99027,0.,-0.13917));
#392=AXIS2_PLACEMENT_3D('',#389,#390,#391);
#393=PLANE('',#392);
#394=ADVANCED_FACE('',(#388),#393,.T.);
#395=ORIENTED_EDGE('',*,*,#324,.T.);
#396=DIRECTION('',(0.13917,0.,0.99027));
#397=VECTOR('',#396,2.2);
#398=LINE('',#312,#397);
#399=EDGE_CURVE('',#313,#349,#398,.T.);
#400=ORIENTED_EDGE('',*,*,#399,.T.);
#401=ORIENTED_EDGE('',*,*,#353,.F.);
#402=ORIENTED_EDGE('',*,*,#379,.F.);
#403=EDGE_LOOP('',(#395,#400,#401,#402));
#404=FACE_OUTER_BOUND('',#403,.T.);
#405=CARTESIAN_POINT('',(454.72198,1.5,651.94531));
#406=DIRECTION('',(0.99027,0.,-0.13917));
#407=DIRECTION('',(0.,1.,0.));
#408=AXIS2_PLACEMENT_3D('',#405,#406,#407);
#409=PLANE('',#408);
#410=ADVANCED_FACE('',(#404),#409,.T.);
#411=ORIENTED_EDGE('',*,*,#317,.T.);
#412=DIRECTION('',(0.13917,0.,0.99027));
#413=VECTOR('',#412,2.2);
#414=LINE('',#305,#413);
#415=EDGE_CURVE('',#306,#356,#414,.T.);
#416=ORIENTED_EDGE('',*,*,#415,.T.);
#417=ORIENTED_EDGE('',*,*,#360,.F.);
#418=ORIENTED_EDGE('',*,*,#399,.F.);
#419=EDGE_LOOP('',(#411,#416,#417,#418));
#420=FACE_OUTER_BOUND('',#419,.T.);
#421=CARTESIAN_POINT('',(454.72198,75.,651.94531));
#422=DIRECTION('',(0.,1.,0.));
#423=DIRECTION('',(-0.99027,0.,0.13917));
#424=AXIS2_PLACEMENT_3D('',#421,#422,#423);
#425=PLANE('',#424);
#426=ADVANCED_FACE('',(#420),#425,.T.);
#427=ORIENTED_EDGE('',*,*,#310,.F.);
#428=ORIENTED_EDGE('',*,*,#385,.T.);
#429=ORIENTED_EDGE('',*,*,#365,.T.);
#430=ORIENTED_EDGE('',*,*,#415,.F.);
#431=EDGE_LOOP('',(#427,#428,#429,#430));
#432=FACE_OUTER_BOUND('',#431,.T.);
#433=CARTESIAN_POINT('',(390.68464,75.,660.94517));
#434=DIRECTION('',(-0.99027,0.,0.13917));
#435=DIRECTION('',(0.,-1.,0.));
#436=AXIS2_PLACEMENT_3D('',#433,#434,#435);
#437=PLANE('',#436);
#438=ADVANCED_FACE('',(#432),#437,.T.);
#439=CLOSED_SHELL('',(#338,#374,#394,#410,#426,#438));
#440=MANIFOLD_SOLID_BREP('',#439);
#441=STYLED_ITEM('color',(#162),#440);
#442=CARTESIAN_POINT('',(390.68464,78.,660.94517));
#443=VERTEX_POINT('',#442);
#444=CARTESIAN_POINT('',(390.68464,151.5,660.94517));
#445=VERTEX_POINT('',#444);
#446=DIRECTION('',(0.,1.,0.));
#447=VECTOR('',#446,73.5);
#448=LINE('',#442,#447);
#449=EDGE_CURVE('',#443,#445,#448,.T.);
#450=ORIENTED_EDGE('',*,*,#449,.T.);
#451=CARTESIAN_POINT('',(454.72198,151.5,651.94531));
#452=VERTEX_POINT('',#451);
#453=DIRECTION('',(-0.99027,0.,0.13917));
#454=VECTOR('',#453,64.66667);
#455=LINE('',#451,#454);
#456=EDGE_CURVE('',#452,#445,#455,.T.);
#457=ORIENTED_EDGE('',*,*,#456,.F.);
#458=CARTESIAN_POINT('',(454.72198,78.,651.94531));
#459=VERTEX_POINT('',#458);
#460=DIRECTION('',(0.,1.,0.));
#461=VECTOR('',#460,73.5);
#462=LINE('',#458,#461);
#463=EDGE_CURVE('',#459,#452,#462,.T.);
#464=ORIENTED_EDGE('',*,*,#463,.F.);
#465=DIRECTION('',(0.99027,0.,-0.13917));
#466=VECTOR('',#465,64.66667);
#467=LINE('',#442,#466);
#468=EDGE_CURVE('',#443,#459,#467,.T.);
#469=ORIENTED_EDGE('',*,*,#468,.F.);
#470=EDGE_LOOP('',(#450,#457,#464,#469));
#471=FACE_OUTER_BOUND('',#470,.T.);
#472=CARTESIAN_POINT('',(390.68464,78.,660.94517));
#473=DIRECTION('',(-0.13917,0.,-0.99027));
#474=DIRECTION('',(0.,1.,0.));
#475=AXIS2_PLACEMENT_3D('',#472,#473,#474);
#476=PLANE('',#475);
#477=ADVANCED_FACE('',(#471),#476,.T.);
#478=CARTESIAN_POINT('',(390.99082,78.,663.12376));
#479=VERTEX_POINT('',#478);
#480=CARTESIAN_POINT('',(455.02816,78.,654.1239));
#481=VERTEX_POINT('',#480);
#482=DIRECTION('',(0.99027,0.,-0.13917));
#483=VECTOR('',#482,64.66667);
#484=LINE('',#478,#483);
#485=EDGE_CURVE('',#479,#481,#484,.T.);
#486=ORIENTED_EDGE('',*,*,#485,.T.);
#487=CARTESIAN_POINT('',(455.02816,151.5,654.1239));
#488=VERTEX_POINT('',#487);
#489=DIRECTION('',(0.,1.,0.));
#490=VECTOR('',#489,73.5);
#491=LINE('',#480,#490);
#492=EDGE_CURVE('',#481,#488,#491,.T.);
#493=ORIENTED_EDGE('',*,*,#492,.T.);
#494=CARTESIAN_POINT('',(390.99082,151.5,663.12376));
#495=VERTEX_POINT('',#494);
#496=DIRECTION('',(-0.99027,0.,0.13917));
#497=VECTOR('',#496,64.66667);
#498=LINE('',#487,#497);
#499=EDGE_CURVE('',#488,#495,#498,.T.);
#500=ORIENTED_EDGE('',*,*,#499,.T.);
#501=DIRECTION('',(0.,1.,0.));
#502=VECTOR('',#501,73.5);
#503=LINE('',#478,#502);
#504=EDGE_CURVE('',#479,#495,#503,.T.);
#505=ORIENTED_EDGE('',*,*,#504,.F.);
#506=EDGE_LOOP('',(#486,#493,#500,#505));
#507=FACE_OUTER_BOUND('',#506,.T.);
#508=CARTESIAN_POINT('',(390.99082,78.,663.12376));
#509=DIRECTION('',(0.13917,0.,0.99027));
#510=DIRECTION('',(0.99027,0.,-0.13917));
#511=AXIS2_PLACEMENT_3D('',#508,#509,#510);
#512=PLANE('',#511);
#513=ADVANCED_FACE('',(#507),#512,.T.);
#514=ORIENTED_EDGE('',*,*,#468,.T.);
#515=DIRECTION('',(0.13917,0.,0.99027));
#516=VECTOR('',#515,2.2);
#517=LINE('',#458,#516);
#518=EDGE_CURVE('',#459,#481,#517,.T.);
#519=ORIENTED_EDGE('',*,*,#518,.T.);
#520=ORIENTED_EDGE('',*,*,#485,.F.);
#521=DIRECTION('',(0.13917,0.,0.99027));
#522=VECTOR('',#521,2.2);
#523=LINE('',#442,#522);
#524=EDGE_CURVE('',#443,#479,#523,.T.);
#525=ORIENTED_EDGE('',*,*,#524,.F.);
#526=EDGE_LOOP('',(#514,#519,#520,#525));
#527=FACE_OUTER_BOUND('',#526,.T.);
#528=CARTESIAN_POINT('',(390.68464,78.,660.94517));
#529=DIRECTION('',(0.,-1.,0.));
#530=DIRECTION('',(0.99027,0.,-0.13917));
#531=AXIS2_PLACEMENT_3D('',#528,#529,#530);
#532=PLANE('',#531);
#533=ADVANCED_FACE('',(#527),#532,.T.);
#534=ORIENTED_EDGE('',*,*,#463,.T.);
#535=DIRECTION('',(0.13917,0.,0.99027));
#536=VECTOR('',#535,2.2);
#537=LINE('',#451,#536);
#538=EDGE_CURVE('',#452,#488,#537,.T.);
#539=ORIENTED_EDGE('',*,*,#538,.T.);
#540=ORIENTED_EDGE('',*,*,#492,.F.);
#541=ORIENTED_EDGE('',*,*,#518,.F.);
#542=EDGE_LOOP('',(#534,#539,#540,#541));
#543=FACE_OUTER_BOUND('',#542,.T.);
#544=CARTESIAN_POINT('',(454.72198,78.,651.94531));
#545=DIRECTION('',(0.99027,0.,-0.13917));
#546=DIRECTION('',(0.,1.,0.));
#547=AXIS2_PLACEMENT_3D('',#544,#545,#546);
#548=PLANE('',#547);
#549=ADVANCED_FACE('',(#543),#548,.T.);
#550=ORIENTED_EDGE('',*,*,#456,.T.);
#551=DIRECTION('',(0.13917,0.,0.99027));
#552=VECTOR('',#551,2.2);
#553=LINE('',#444,#552);
#554=EDGE_CURVE('',#445,#495,#553,.T.);
#555=ORIENTED_EDGE('',*,*,#554,.T.);
#556=ORIENTED_EDGE('',*,*,#499,.F.);
#557=ORIENTED_EDGE('',*,*,#538,.F.);
#558=EDGE_LOOP('',(#550,#555,#556,#557));
#559=FACE_OUTER_BOUND('',#558,.T.);
#560=CARTESIAN_POINT('',(454.72198,151.5,651.94531));
#561=DIRECTION('',(0.,1.,0.));
#562=DIRECTION('',(-0.99027,0.,0.13917));
#563=AXIS2_PLACEMENT_3D('',#560,#561,#562);
#564=PLANE('',#563);
#565=ADVANCED_FACE('',(#559),#564,.T.);
#566=ORIENTED_EDGE('',*,*,#449,.F.);
#567=ORIENTED_EDGE('',*,*,#524,.T.);
#568=ORIENTED_EDGE('',*,*,#504,.T.);
#569=ORIENTED_EDGE('',*,*,#554,.F.);
#570=EDGE_LOOP('',(#566,#567,#568,#569));
#571=FACE_OUTER_BOUND('',#570,.T.);
#572=CARTESIAN_POINT('',(390.68464,151.5,660.94517));
#573=DIRECTION('',(-0.99027,0.,0.13917));
#574=DIRECTION('',(0.,-1.,0.));
#575=AXIS2_PLACEMENT_3D('',#572,#573,#574);
#576=PLANE('',#575);
#577=ADVANCED_FACE('',(#571),#576,.T.);
#578=CLOSED_SHELL('',(#477,#513,#533,#549,#565,#577));
#579=MANIFOLD_SOLID_BREP('',#578);
#580=STYLED_ITEM('color',(#162),#579);
#581=CARTESIAN_POINT('',(457.69278,-151.5,651.52779));
#582=VERTEX_POINT('',#581);
#583=CARTESIAN_POINT('',(457.69278,-78.,651.52779));
#584=VERTEX_POINT('',#583);
#585=DIRECTION('',(0.,1.,0.));
#586=VECTOR('',#585,73.5);
#587=LINE('',#581,#586);
#588=EDGE_CURVE('',#582,#584,#587,.T.);
#589=ORIENTED_EDGE('',*,*,#588,.T.);
#590=CARTESIAN_POINT('',(521.73012,-78.,642.52793));
#591=VERTEX_POINT('',#590);
#592=DIRECTION('',(-0.99027,0.,0.13917));
#593=VECTOR('',#592,64.66667);
#594=LINE('',#590,#593);
#595=EDGE_CURVE('',#591,#584,#594,.T.);
#596=ORIENTED_EDGE('',*,*,#595,.F.);
#597=CARTESIAN_POINT('',(521.73012,-151.5,642.52793));
#598=VERTEX_POINT('',#597);
#599=DIRECTION('',(0.,1.,0.));
#600=VECTOR('',#599,73.5);
#601=LINE('',#597,#600);
#602=EDGE_CURVE('',#598,#591,#601,.T.);
#603=ORIENTED_EDGE('',*,*,#602,.F.);
#604=DIRECTION('',(0.99027,0.,-0.13917));
#605=VECTOR('',#604,64.66667);
#606=LINE('',#581,#605);
#607=EDGE_CURVE('',#582,#598,#606,.T.);
#608=ORIENTED_EDGE('',*,*,#607,.F.);
#609=EDGE_LOOP('',(#589,#596,#603,#608));
#610=FACE_OUTER_BOUND('',#609,.T.);
#611=CARTESIAN_POINT('',(457.69278,-151.5,651.52779));
#612=DIRECTION('',(-0.13917,0.,-0.99027));
#613=DIRECTION('',(0.,1.,0.));
#614=AXIS2_PLACEMENT_3D('',#611,#612,#613);
#615=PLANE('',#614);
#616=ADVANCED_FACE('',(#610),#615,.T.);
#617=CARTESIAN_POINT('',(457.99896,-151.5,653.70638));
#618=VERTEX_POINT('',#617);
#619=CARTESIAN_POINT('',(522.0363,-151.5,644.70652));
#620=VERTEX_POINT('',#619);
#621=DIRECTION('',(0.99027,0.,-0.13917));
#622=VECTOR('',#621,64.66667);
#623=LINE('',#617,#622);
#624=EDGE_CURVE('',#618,#620,#623,.T.);
#625=ORIENTED_EDGE('',*,*,#624,.T.);
#626=CARTESIAN_POINT('',(522.0363,-78.,644.70652));
#627=VERTEX_POINT('',#626);
#628=DIRECTION('',(0.,1.,0.));
#629=VECTOR('',#628,73.5);
#630=LINE('',#619,#629);
#631=EDGE_CURVE('',#620,#627,#630,.T.);
#632=ORIENTED_EDGE('',*,*,#631,.T.);
#633=CARTESIAN_POINT('',(457.99896,-78.,653.70638));
#634=VERTEX_POINT('',#633);
#635=DIRECTION('',(-0.99027,0.,0.13917));
#636=VECTOR('',#635,64.66667);
#637=LINE('',#626,#636);
#638=EDGE_CURVE('',#627,#634,#637,.T.);
#639=ORIENTED_EDGE('',*,*,#638,.T.);
#640=DIRECTION('',(0.,1.,0.));
#641=VECTOR('',#640,73.5);
#642=LINE('',#617,#641);
#643=EDGE_CURVE('',#618,#634,#642,.T.);
#644=ORIENTED_EDGE('',*,*,#643,.F.);
#645=EDGE_LOOP('',(#625,#632,#639,#644));
#646=FACE_OUTER_BOUND('',#645,.T.);
#647=CARTESIAN_POINT('',(457.99896,-151.5,653.70638));
#648=DIRECTION('',(0.13917,0.,0.99027));
#649=DIRECTION('',(0.99027,0.,-0.13917));
#650=AXIS2_PLACEMENT_3D('',#647,#648,#649);
#651=PLANE('',#650);
#652=ADVANCED_FACE('',(#646),#651,.T.);
#653=ORIENTED_EDGE('',*,*,#607,.T.);
#654=DIRECTION('',(0.13917,0.,0.99027));
#655=VECTOR('',#654,2.2);
#656=LINE('',#597,#655);
#657=EDGE_CURVE('',#598,#620,#656,.T.);
#658=ORIENTED_EDGE('',*,*,#657,.T.);
#659=ORIENTED_EDGE('',*,*,#624,.F.);
#660=DIRECTION('',(0.13917,0.,0.99027));
#661=VECTOR('',#660,2.2);
#662=LINE('',#581,#661);
#663=EDGE_CURVE('',#582,#618,#662,.T.);
#664=ORIENTED_EDGE('',*,*,#663,.F.);
#665=EDGE_LOOP('',(#653,#658,#659,#664));
#666=FACE_OUTER_BOUND('',#665,.T.);
#667=CARTESIAN_POINT('',(457.69278,-151.5,651.52779));
#668=DIRECTION('',(0.,-1.,0.));
#669=DIRECTION('',(0.99027,0.,-0.13917));
#670=AXIS2_PLACEMENT_3D('',#667,#668,#669);
#671=PLANE('',#670);
#672=ADVANCED_FACE('',(#666),#671,.T.);
#673=ORIENTED_EDGE('',*,*,#602,.T.);
#674=DIRECTION('',(0.13917,0.,0.99027));
#675=VECTOR('',#674,2.2);
#676=LINE('',#590,#675);
#677=EDGE_CURVE('',#591,#627,#676,.T.);
#678=ORIENTED_EDGE('',*,*,#677,.T.);
#679=ORIENTED_EDGE('',*,*,#631,.F.);
#680=ORIENTED_EDGE('',*,*,#657,.F.);
#681=EDGE_LOOP('',(#673,#678,#679,#680));
#682=FACE_OUTER_BOUND('',#681,.T.);
#683=CARTESIAN_POINT('',(521.73012,-151.5,642.52793));
#684=DIRECTION('',(0.99027,0.,-0.13917));
#685=DIRECTION('',(0.,1.,0.));
#686=AXIS2_PLACEMENT_3D('',#683,#684,#685);
#687=PLANE('',#686);
#688=ADVANCED_FACE('',(#682),#687,.T.);
#689=ORIENTED_EDGE('',*,*,#595,.T.);
#690=DIRECTION('',(0.13917,0.,0.99027));
#691=VECTOR('',#690,2.2);
#692=LINE('',#583,#691);
#693=EDGE_CURVE('',#584,#634,#692,.T.);
#694=ORIENTED_EDGE('',*,*,#693,.T.);
#695=ORIENTED_EDGE('',*,*,#638,.F.);
#696=ORIENTED_EDGE('',*,*,#677,.F.);
#697=EDGE_LOOP('',(#689,#694,#695,#696));
#698=FACE_OUTER_BOUND('',#697,.T.);
#699=CARTESIAN_POINT('',(521.73012,-78.,642.52793));
#700=DIRECTION('',(0.,1.,0.));
#701=DIRECTION('',(-0.99027,0.,0.13917));
#702=AXIS2_PLACEMENT_3D('',#699,#700,#701);
#703=PLANE('',#702);
#704=ADVANCED_FACE('',(#698),#703,.T.);
#705=ORIENTED_EDGE('',*,*,#588,.F.);
#706=ORIENTED_EDGE('',*,*,#663,.T.);
#707=ORIENTED_EDGE('',*,*,#643,.T.);
#708=ORIENTED_EDGE('',*,*,#693,.F.);
#709=EDGE_LOOP('',(#705,#706,#707,#708));
#710=FACE_OUTER_BOUND('',#709,.T.);
#711=CARTESIAN_POINT('',(457.69278,-78.,651.52779));
#712=DIRECTION('',(-0.99027,0.,0.13917));
#713=DIRECTION('',(0.,-1.,0.));
#714=AXIS2_PLACEMENT_3D('',#711,#712,#713);
#715=PLANE('',#714);
#716=ADVANCED_FACE('',(#710),#715,.T.);
#717=CLOSED_SHELL('',(#616,#652,#672,#688,#704,#716));
#718=MANIFOLD_SOLID_BREP('',#717);
#719=STYLED_ITEM('color',(#162),#718);
#720=CARTESIAN_POINT('',(457.69278,-75.,651.52779));
#721=VERTEX_POINT('',#720);
#722=CARTESIAN_POINT('',(457.69278,-1.5,651.52779));
#723=VERTEX_POINT('',#722);
#724=DIRECTION('',(0.,1.,0.));
#725=VECTOR('',#724,73.5);
#726=LINE('',#720,#725);
#727=EDGE_CURVE('',#721,#723,#726,.T.);
#728=ORIENTED_EDGE('',*,*,#727,.T.);
#729=CARTESIAN_POINT('',(521.73012,-1.5,642.52793));
#730=VERTEX_POINT('',#729);
#731=DIRECTION('',(-0.99027,0.,0.13917));
#732=VECTOR('',#731,64.66667);
#733=LINE('',#729,#732);
#734=EDGE_CURVE('',#730,#723,#733,.T.);
#735=ORIENTED_EDGE('',*,*,#734,.F.);
#736=CARTESIAN_POINT('',(521.73012,-75.,642.52793));
#737=VERTEX_POINT('',#736);
#738=DIRECTION('',(0.,1.,0.));
#739=VECTOR('',#738,73.5);
#740=LINE('',#736,#739);
#741=EDGE_CURVE('',#737,#730,#740,.T.);
#742=ORIENTED_EDGE('',*,*,#741,.F.);
#743=DIRECTION('',(0.99027,0.,-0.13917));
#744=VECTOR('',#743,64.66667);
#745=LINE('',#720,#744);
#746=EDGE_CURVE('',#721,#737,#745,.T.);
#747=ORIENTED_EDGE('',*,*,#746,.F.);
#748=EDGE_LOOP('',(#728,#735,#742,#747));
#749=FACE_OUTER_BOUND('',#748,.T.);
#750=CARTESIAN_POINT('',(457.69278,-75.,651.52779));
#751=DIRECTION('',(-0.13917,0.,-0.99027));
#752=DIRECTION('',(0.,1.,0.));
#753=AXIS2_PLACEMENT_3D('',#750,#751,#752);
#754=PLANE('',#753);
#755=ADVANCED_FACE('',(#749),#754,.T.);
#756=CARTESIAN_POINT('',(457.99896,-75.,653.70638));
#757=VERTEX_POINT('',#756);
#758=CARTESIAN_POINT('',(522.0363,-75.,644.70652));
#759=VERTEX_POINT('',#758);
#760=DIRECTION('',(0.99027,0.,-0.13917));
#761=VECTOR('',#760,64.66667);
#762=LINE('',#756,#761);
#763=EDGE_CURVE('',#757,#759,#762,.T.);
#764=ORIENTED_EDGE('',*,*,#763,.T.);
#765=CARTESIAN_POINT('',(522.0363,-1.5,644.70652));
#766=VERTEX_POINT('',#765);
#767=DIRECTION('',(0.,1.,0.));
#768=VECTOR('',#767,73.5);
#769=LINE('',#758,#768);
#770=EDGE_CURVE('',#759,#766,#769,.T.);
#771=ORIENTED_EDGE('',*,*,#770,.T.);
#772=CARTESIAN_POINT('',(457.99896,-1.5,653.70638));
#773=VERTEX_POINT('',#772);
#774=DIRECTION('',(-0.99027,0.,0.13917));
#775=VECTOR('',#774,64.66667);
#776=LINE('',#765,#775);
#777=EDGE_CURVE('',#766,#773,#776,.T.);
#778=ORIENTED_EDGE('',*,*,#777,.T.);
#779=DIRECTION('',(0.,1.,0.));
#780=VECTOR('',#779,73.5);
#781=LINE('',#756,#780);
#782=EDGE_CURVE('',#757,#773,#781,.T.);
#783=ORIENTED_EDGE('',*,*,#782,.F.);
#784=EDGE_LOOP('',(#764,#771,#778,#783));
#785=FACE_OUTER_BOUND('',#784,.T.);
#786=CARTESIAN_POINT('',(457.99896,-75.,653.70638));
#787=DIRECTION('',(0.13917,0.,0.99027));
#788=DIRECTION('',(0.99027,0.,-0.13917));
#789=AXIS2_PLACEMENT_3D('',#786,#787,#788);
#790=PLANE('',#789);
#791=ADVANCED_FACE('',(#785),#790,.T.);
#792=ORIENTED_EDGE('',*,*,#746,.T.);
#793=DIRECTION('',(0.13917,0.,0.99027));
#794=VECTOR('',#793,2.2);
#795=LINE('',#736,#794);
#796=EDGE_CURVE('',#737,#759,#795,.T.);
#797=ORIENTED_EDGE('',*,*,#796,.T.);
#798=ORIENTED_EDGE('',*,*,#763,.F.);
#799=DIRECTION('',(0.13917,0.,0.99027));
#800=VECTOR('',#799,2.2);
#801=LINE('',#720,#800);
#802=EDGE_CURVE('',#721,#757,#801,.T.);
#803=ORIENTED_EDGE('',*,*,#802,.F.);
#804=EDGE_LOOP('',(#792,#797,#798,#803));
#805=FACE_OUTER_BOUND('',#804,.T.);
#806=CARTESIAN_POINT('',(457.69278,-75.,651.52779));
#807=DIRECTION('',(0.,-1.,0.));
#808=DIRECTION('',(0.99027,0.,-0.13917));
#809=AXIS2_PLACEMENT_3D('',#806,#807,#808);
#810=PLANE('',#809);
#811=ADVANCED_FACE('',(#805),#810,.T.);
#812=ORIENTED_EDGE('',*,*,#741,.T.);
#813=DIRECTION('',(0.13917,0.,0.99027));
#814=VECTOR('',#813,2.2);
#815=LINE('',#729,#814);
#816=EDGE_CURVE('',#730,#766,#815,.T.);
#817=ORIENTED_EDGE('',*,*,#816,.T.);
#818=ORIENTED_EDGE('',*,*,#770,.F.);
#819=ORIENTED_EDGE('',*,*,#796,.F.);
#820=EDGE_LOOP('',(#812,#817,#818,#819));
#821=FACE_OUTER_BOUND('',#820,.T.);
#822=CARTESIAN_POINT('',(521.73012,-75.,642.52793));
#823=DIRECTION('',(0.99027,0.,-0.13917));
#824=DIRECTION('',(0.,1.,0.));
#825=AXIS2_PLACEMENT_3D('',#822,#823,#824);
#826=PLANE('',#825);
#827=ADVANCED_FACE('',(#821),#826,.T.);
#828=ORIENTED_EDGE('',*,*,#734,.T.);
#829=DIRECTION('',(0.13917,0.,0.99027));
#830=VECTOR('',#829,2.2);
#831=LINE('',#722,#830);
#832=EDGE_CURVE('',#723,#773,#831,.T.);
#833=ORIENTED_EDGE('',*,*,#832,.T.);
#834=ORIENTED_EDGE('',*,*,#777,.F.);
#835=ORIENTED_EDGE('',*,*,#816,.F.);
#836=EDGE_LOOP('',(#828,#833,#834,#835));
#837=FACE_OUTER_BOUND('',#836,.T.);
#838=CARTESIAN_POINT('',(521.73012,-1.5,642.52793));
#839=DIRECTION('',(0.,1.,0.));
#840=DIRECTION('',(-0.99027,0.,0.13917));
#841=AXIS2_PLACEMENT_3D('',#838,#839,#840);
#842=PLANE('',#841);
#843=ADVANCED_FACE('',(#837),#842,.T.);
#844=ORIENTED_EDGE('',*,*,#727,.F.);
#845=ORIENTED_EDGE('',*,*,#802,.T.);
#846=ORIENTED_EDGE('',*,*,#782,.T.);
#847=ORIENTED_EDGE('',*,*,#832,.F.);
#848=EDGE_LOOP('',(#844,#845,#846,#847));
#849=FACE_OUTER_BOUND('',#848,.T.);
#850=CARTESIAN_POINT('',(457.69278,-1.5,651.52779));
#851=DIRECTION('',(-0.99027,0.,0.13917));
#852=DIRECTION('',(0.,-1.,0.));
#853=AXIS2_PLACEMENT_3D('',#850,#851,#852);
#854=PLANE('',#853);
#855=ADVANCED_FACE('',(#849),#854,.T.);
#856=CLOSED_SHELL('',(#755,#791,#811,#827,#843,#855));
#857=MANIFOLD_SOLID_BREP('',#856);
#858=STYLED_ITEM('color',(#162),#857);
#859=CARTESIAN_POINT('',(457.69278,1.5,651.52779));
#860=VERTEX_POINT('',#859);
#861=CARTESIAN_POINT('',(457.69278,75.,651.52779));
#862=VERTEX_POINT('',#861);
#863=DIRECTION('',(0.,1.,0.));
#864=VECTOR('',#863,73.5);
#865=LINE('',#859,#864);
#866=EDGE_CURVE('',#860,#862,#865,.T.);
#867=ORIENTED_EDGE('',*,*,#866,.T.);
#868=CARTESIAN_POINT('',(521.73012,75.,642.52793));
#869=VERTEX_POINT('',#868);
#870=DIRECTION('',(-0.99027,0.,0.13917));
#871=VECTOR('',#870,64.66667);
#872=LINE('',#868,#871);
#873=EDGE_CURVE('',#869,#862,#872,.T.);
#874=ORIENTED_EDGE('',*,*,#873,.F.);
#875=CARTESIAN_POINT('',(521.73012,1.5,642.52793));
#876=VERTEX_POINT('',#875);
#877=DIRECTION('',(0.,1.,0.));
#878=VECTOR('',#877,73.5);
#879=LINE('',#875,#878);
#880=EDGE_CURVE('',#876,#869,#879,.T.);
#881=ORIENTED_EDGE('',*,*,#880,.F.);
#882=DIRECTION('',(0.99027,0.,-0.13917));
#883=VECTOR('',#882,64.66667);
#884=LINE('',#859,#883);
#885=EDGE_CURVE('',#860,#876,#884,.T.);
#886=ORIENTED_EDGE('',*,*,#885,.F.);
#887=EDGE_LOOP('',(#867,#874,#881,#886));
#888=FACE_OUTER_BOUND('',#887,.T.);
#889=CARTESIAN_POINT('',(457.69278,1.5,651.52779));
#890=DIRECTION('',(-0.13917,0.,-0.99027));
#891=DIRECTION('',(0.,1.,0.));
#892=AXIS2_PLACEMENT_3D('',#889,#890,#891);
#893=PLANE('',#892);
#894=ADVANCED_FACE('',(#888),#893,.T.);
#895=CARTESIAN_POINT('',(457.99896,1.5,653.70638));
#896=VERTEX_POINT('',#895);
#897=CARTESIAN_POINT('',(522.0363,1.5,644.70652));
#898=VERTEX_POINT('',#897);
#899=DIRECTION('',(0.99027,0.,-0.13917));
#900=VECTOR('',#899,64.66667);
#901=LINE('',#895,#900);
#902=EDGE_CURVE('',#896,#898,#901,.T.);
#903=ORIENTED_EDGE('',*,*,#902,.T.);
#904=CARTESIAN_POINT('',(522.0363,75.,644.70652));
#905=VERTEX_POINT('',#904);
#906=DIRECTION('',(0.,1.,0.));
#907=VECTOR('',#906,73.5);
#908=LINE('',#897,#907);
#909=EDGE_CURVE('',#898,#905,#908,.T.);
#910=ORIENTED_EDGE('',*,*,#909,.T.);
#911=CARTESIAN_POINT('',(457.99896,75.,653.70638));
#912=VERTEX_POINT('',#911);
#913=DIRECTION('',(-0.99027,0.,0.13917));
#914=VECTOR('',#913,64.66667);
#915=LINE('',#904,#914);
#916=EDGE_CURVE('',#905,#912,#915,.T.);
#917=ORIENTED_EDGE('',*,*,#916,.T.);
#918=DIRECTION('',(0.,1.,0.));
#919=VECTOR('',#918,73.5);
#920=LINE('',#895,#919);
#921=EDGE_CURVE('',#896,#912,#920,.T.);
#922=ORIENTED_EDGE('',*,*,#921,.F.);
#923=EDGE_LOOP('',(#903,#910,#917,#922));
#924=FACE_OUTER_BOUND('',#923,.T.);
#925=CARTESIAN_POINT('',(457.99896,1.5,653.70638));
#926=DIRECTION('',(0.13917,0.,0.99027));
#927=DIRECTION('',(0.99027,0.,-0.13917));
#928=AXIS2_PLACEMENT_3D('',#925,#926,#927);
#929=PLANE('',#928);
#930=ADVANCED_FACE('',(#924),#929,.T.);
#931=ORIENTED_EDGE('',*,*,#885,.T.);
#932=DIRECTION('',(0.13917,0.,0.99027));
#933=VECTOR('',#932,2.2);
#934=LINE('',#875,#933);
#935=EDGE_CURVE('',#876,#898,#934,.T.);
#936=ORIENTED_EDGE('',*,*,#935,.T.);
#937=ORIENTED_EDGE('',*,*,#902,.F.);
#938=DIRECTION('',(0.13917,0.,0.99027));
#939=VECTOR('',#938,2.2);
#940=LINE('',#859,#939);
#941=EDGE_CURVE('',#860,#896,#940,.T.);
#942=ORIENTED_EDGE('',*,*,#941,.F.);
#943=EDGE_LOOP('',(#931,#936,#937,#942));
#944=FACE_OUTER_BOUND('',#943,.T.);
#945=CARTESIAN_POINT('',(457.69278,1.5,651.52779));
#946=DIRECTION('',(0.,-1.,0.));
#947=DIRECTION('',(0.99027,0.,-0.13917));
#948=AXIS2_PLACEMENT_3D('',#945,#946,#947);
#949=PLANE('',#948);
#950=ADVANCED_FACE('',(#944),#949,.T.);
#951=ORIENTED_EDGE('',*,*,#880,.T.);
#952=DIRECTION('',(0.13917,0.,0.99027));
#953=VECTOR('',#952,2.2);
#954=LINE('',#868,#953);
#955=EDGE_CURVE('',#869,#905,#954,.T.);
#956=ORIENTED_EDGE('',*,*,#955,.T.);
#957=ORIENTED_EDGE('',*,*,#909,.F.);
#958=ORIENTED_EDGE('',*,*,#935,.F.);
#959=EDGE_LOOP('',(#951,#956,#957,#958));
#960=FACE_OUTER_BOUND('',#959,.T.);
#961=CARTESIAN_POINT('',(521.73012,1.5,642.52793));
#962=DIRECTION('',(0.99027,0.,-0.13917));
#963=DIRECTION('',(0.,1.,0.));
#964=AXIS2_PLACEMENT_3D('',#961,#962,#963);
#965=PLANE('',#964);
#966=ADVANCED_FACE('',(#960),#965,.T.);
#967=ORIENTED_EDGE('',*,*,#873,.T.);
#968=DIRECTION('',(0.13917,0.,0.99027));
#969=VECTOR('',#968,2.2);
#970=LINE('',#861,#969);
#971=EDGE_CURVE('',#862,#912,#970,.T.);
#972=ORIENTED_EDGE('',*,*,#971,.T.);
#973=ORIENTED_EDGE('',*,*,#916,.F.);
#974=ORIENTED_EDGE('',*,*,#955,.F.);
#975=EDGE_LOOP('',(#967,#972,#973,#974));
#976=FACE_OUTER_BOUND('',#975,.T.);
#977=CARTESIAN_POINT('',(521.73012,75.,642.52793));
#978=DIRECTION('',(0.,1.,0.));
#979=DIRECTION('',(-0.99027,0.,0.13917));
#980=AXIS2_PLACEMENT_3D('',#977,#978,#979);
#981=PLANE('',#980);
#982=ADVANCED_FACE('',(#976),#981,.T.);
#983=ORIENTED_EDGE('',*,*,#866,.F.);
#984=ORIENTED_EDGE('',*,*,#941,.T.);
#985=ORIENTED_EDGE('',*,*,#921,.T.);
#986=ORIENTED_EDGE('',*,*,#971,.F.);
#987=EDGE_LOOP('',(#983,#984,#985,#986));
#988=FACE_OUTER_BOUND('',#987,.T.);
#989=CARTESIAN_POINT('',(457.69278,75.,651.52779));
#990=DIRECTION('',(-0.99027,0.,0.13917));
#991=DIRECTION('',(0.,-1.,0.));
#992=AXIS2_PLACEMENT_3D('',#989,#990,#991);
#993=PLANE('',#992);
#994=ADVANCED_FACE('',(#988),#993,.T.);
#995=CLOSED_SHELL('',(#894,#930,#950,#966,#982,#994));
#996=MANIFOLD_SOLID_BREP('',#995);
#997=STYLED_ITEM('color',(#162),#996);
#998=CARTESIAN_POINT('',(457.69278,78.,651.52779));
#999=VERTEX_POINT('',#998);
#1000=CARTESIAN_POINT('',(457.69278,151.5,651.52779));
#1001=VERTEX_POINT('',#1000);
#1002=DIRECTION('',(0.,1.,0.));
#1003=VECTOR('',#1002,73.5);
#1004=LINE('',#998,#1003);
#1005=EDGE_CURVE('',#999,#1001,#1004,.T.);
#1006=ORIENTED_EDGE('',*,*,#1005,.T.);
#1007=CARTESIAN_POINT('',(521.73012,151.5,642.52793));
#1008=VERTEX_POINT('',#1007);
#1009=DIRECTION('',(-0.99027,0.,0.13917));
#1010=VECTOR('',#1009,64.66667);
#1011=LINE('',#1007,#1010);
#1012=EDGE_CURVE('',#1008,#1001,#1011,.T.);
#1013=ORIENTED_EDGE('',*,*,#1012,.F.);
#1014=CARTESIAN_POINT('',(521.73012,78.,642.52793));
#1015=VERTEX_POINT('',#1014);
#1016=DIRECTION('',(0.,1.,0.));
#1017=VECTOR('',#1016,73.5);
#1018=LINE('',#1014,#1017);
#1019=EDGE_CURVE('',#1015,#1008,#1018,.T.);
#1020=ORIENTED_EDGE('',*,*,#1019,.F.);
#1021=DIRECTION('',(0.99027,0.,-0.13917));
#1022=VECTOR('',#1021,64.66667);
#1023=LINE('',#998,#1022);
#1024=EDGE_CURVE('',#999,#1015,#1023,.T.);
#1025=ORIENTED_EDGE('',*,*,#1024,.F.);
#1026=EDGE_LOOP('',(#1006,#1013,#1020,#1025));
#1027=FACE_OUTER_BOUND('',#1026,.T.);
#1028=CARTESIAN_POINT('',(457.69278,78.,651.52779));
#1029=DIRECTION('',(-0.13917,0.,-0.99027));
#1030=DIRECTION('',(0.,1.,0.));
#1031=AXIS2_PLACEMENT_3D('',#1028,#1029,#1030);
#1032=PLANE('',#1031);
#1033=ADVANCED_FACE('',(#1027),#1032,.T.);
#1034=CARTESIAN_POINT('',(457.99896,78.,653.70638));
#1035=VERTEX_POINT('',#1034);
#1036=CARTESIAN_POINT('',(522.0363,78.,644.70652));
#1037=VERTEX_POINT('',#1036);
#1038=DIRECTION('',(0.99027,0.,-0.13917));
#1039=VECTOR('',#1038,64.66667);
#1040=LINE('',#1034,#1039);
#1041=EDGE_CURVE('',#1035,#1037,#1040,.T.);
#1042=ORIENTED_EDGE('',*,*,#1041,.T.);
#1043=CARTESIAN_POINT('',(522.0363,151.5,644.70652));
#1044=VERTEX_POINT('',#1043);
#1045=DIRECTION('',(0.,1.,0.));
#1046=VECTOR('',#1045,73.5);
#1047=LINE('',#1036,#1046);
#1048=EDGE_CURVE('',#1037,#1044,#1047,.T.);
#1049=ORIENTED_EDGE('',*,*,#1048,.T.);
#1050=CARTESIAN_POINT('',(457.99896,151.5,653.70638));
#1051=VERTEX_POINT('',#1050);
#1052=DIRECTION('',(-0.99027,0.,0.13917));
#1053=VECTOR('',#1052,64.66667);
#1054=LINE('',#1043,#1053);
#1055=EDGE_CURVE('',#1044,#1051,#1054,.T.);
#1056=ORIENTED_EDGE('',*,*,#1055,.T.);
#1057=DIRECTION('',(0.,1.,0.));
#1058=VECTOR('',#1057,73.5);
#1059=LINE('',#1034,#1058);
#1060=EDGE_CURVE('',#1035,#1051,#1059,.T.);
#1061=ORIENTED_EDGE('',*,*,#1060,.F.);
#1062=EDGE_LOOP('',(#1042,#1049,#1056,#1061));
#1063=FACE_OUTER_BOUND('',#1062,.T.);
#1064=CARTESIAN_POINT('',(457.99896,78.,653.70638));
#1065=DIRECTION('',(0.13917,0.,0.99027));
#1066=DIRECTION('',(0.99027,0.,-0.13917));
#1067=AXIS2_PLACEMENT_3D('',#1064,#1065,#1066);
#1068=PLANE('',#1067);
#1069=ADVANCED_FACE('',(#1063),#1068,.T.);
#1070=ORIENTED_EDGE('',*,*,#1024,.T.);
#1071=DIRECTION('',(0.13917,0.,0.99027));
#1072=VECTOR('',#1071,2.2);
#1073=LINE('',#1014,#1072);
#1074=EDGE_CURVE('',#1015,#1037,#1073,.T.);
#1075=ORIENTED_EDGE('',*,*,#1074,.T.);
#1076=ORIENTED_EDGE('',*,*,#1041,.F.);
#1077=DIRECTION('',(0.13917,0.,0.99027));
#1078=VECTOR('',#1077,2.2);
#1079=LINE('',#998,#1078);
#1080=EDGE_CURVE('',#999,#1035,#1079,.T.);
#1081=ORIENTED_EDGE('',*,*,#1080,.F.);
#1082=EDGE_LOOP('',(#1070,#1075,#1076,#1081));
#1083=FACE_OUTER_BOUND('',#1082,.T.);
#1084=CARTESIAN_POINT('',(457.69278,78.,651.52779));
#1085=DIRECTION('',(0.,-1.,0.));
#1086=DIRECTION('',(0.99027,0.,-0.13917));
#1087=AXIS2_PLACEMENT_3D('',#1084,#1085,#1086);
#1088=PLANE('',#1087);
#1089=ADVANCED_FACE('',(#1083),#1088,.T.);
#1090=ORIENTED_EDGE('',*,*,#1019,.T.);
#1091=DIRECTION('',(0.13917,0.,0.99027));
#1092=VECTOR('',#1091,2.2);
#1093=LINE('',#1007,#1092);
#1094=EDGE_CURVE('',#1008,#1044,#1093,.T.);
#1095=ORIENTED_EDGE('',*,*,#1094,.T.);
#1096=ORIENTED_EDGE('',*,*,#1048,.F.);
#1097=ORIENTED_EDGE('',*,*,#1074,.F.);
#1098=EDGE_LOOP('',(#1090,#1095,#1096,#1097));
#1099=FACE_OUTER_BOUND('',#1098,.T.);
#1100=CARTESIAN_POINT('',(521.73012,78.,642.52793));
#1101=DIRECTION('',(0.99027,0.,-0.13917));
#1102=DIRECTION('',(0.,1.,0.));
#1103=AXIS2_PLACEMENT_3D('',#1100,#1101,#1102);
#1104=PLANE('',#1103);
#1105=ADVANCED_FACE('',(#1099),#1104,.T.);
#1106=ORIENTED_EDGE('',*,*,#1012,.T.);
#1107=DIRECTION('',(0.13917,0.,0.99027));
#1108=VECTOR('',#1107,2.2);
#1109=LINE('',#1000,#1108);
#1110=EDGE_CURVE('',#1001,#1051,#1109,.T.);
#1111=ORIENTED_EDGE('',*,*,#1110,.T.);
#1112=ORIENTED_EDGE('',*,*,#1055,.F.);
#1113=ORIENTED_EDGE('',*,*,#1094,.F.);
#1114=EDGE_LOOP('',(#1106,#1111,#1112,#1113));
#1115=FACE_OUTER_BOUND('',#1114,.T.);
#1116=CARTESIAN_POINT('',(521.73012,151.5,642.52793));
#1117=DIRECTION('',(0.,1.,0.));
#1118=DIRECTION('',(-0.99027,0.,0.13917));
#1119=AXIS2_PLACEMENT_3D('',#1116,#1117,#1118);
#1120=PLANE('',#1119);
#1121=ADVANCED_FACE('',(#1115),#1120,.T.);
#1122=ORIENTED_EDGE('',*,*,#1005,.F.);
#1123=ORIENTED_EDGE('',*,*,#1080,.T.);
#1124=ORIENTED_EDGE('',*,*,#1060,.T.);
#1125=ORIENTED_EDGE('',*,*,#1110,.F.);
#1126=EDGE_LOOP('',(#1122,#1123,#1124,#1125));
#1127=FACE_OUTER_BOUND('',#1126,.T.);
#1128=CARTESIAN_POINT('',(457.69278,151.5,651.52779));
#1129=DIRECTION('',(-0.99027,0.,0.13917));
#1130=DIRECTION('',(0.,-1.,0.));
#1131=AXIS2_PLACEMENT_3D('',#1128,#1129,#1130);
#1132=PLANE('',#1131);
#1133=ADVANCED_FACE('',(#1127),#1132,.T.);
#1134=CLOSED_SHELL('',(#1033,#1069,#1089,#1105,#1121,#1133));
#1135=MANIFOLD_SOLID_BREP('',#1134);
#1136=STYLED_ITEM('color',(#162),#1135);
#1137=CARTESIAN_POINT('',(524.70092,-151.5,642.11041));
#1138=VERTEX_POINT('',#1137);
#1139=CARTESIAN_POINT('',(524.70092,-78.,642.11041));
#1140=VERTEX_POINT('',#1139);
#1141=DIRECTION('',(0.,1.,0.));
#1142=VECTOR('',#1141,73.5);
#1143=LINE('',#1137,#1142);
#1144=EDGE_CURVE('',#1138,#1140,#1143,.T.);
#1145=ORIENTED_EDGE('',*,*,#1144,.T.);
#1146=CARTESIAN_POINT('',(588.73826,-78.,633.11055));
#1147=VERTEX_POINT('',#1146);
#1148=DIRECTION('',(-0.99027,0.,0.13917));
#1149=VECTOR('',#1148,64.66667);
#1150=LINE('',#1146,#1149);
#1151=EDGE_CURVE('',#1147,#1140,#1150,.T.);
#1152=ORIENTED_EDGE('',*,*,#1151,.F.);
#1153=CARTESIAN_POINT('',(588.73826,-151.5,633.11055));
#1154=VERTEX_POINT('',#1153);
#1155=DIRECTION('',(0.,1.,0.));
#1156=VECTOR('',#1155,73.5);
#1157=LINE('',#1153,#1156);
#1158=EDGE_CURVE('',#1154,#1147,#1157,.T.);
#1159=ORIENTED_EDGE('',*,*,#1158,.F.);
#1160=DIRECTION('',(0.99027,0.,-0.13917));
#1161=VECTOR('',#1160,64.66667);
#1162=LINE('',#1137,#1161);
#1163=EDGE_CURVE('',#1138,#1154,#1162,.T.);
#1164=ORIENTED_EDGE('',*,*,#1163,.F.);
#1165=EDGE_LOOP('',(#1145,#1152,#1159,#1164));
#1166=FACE_OUTER_BOUND('',#1165,.T.);
#1167=CARTESIAN_POINT('',(524.70092,-151.5,642.11041));
#1168=DIRECTION('',(-0.13917,0.,-0.99027));
#1169=DIRECTION('',(0.,1.,0.));
#1170=AXIS2_PLACEMENT_3D('',#1167,#1168,#1169);
#1171=PLANE('',#1170);
#1172=ADVANCED_FACE('',(#1166),#1171,.T.);
#1173=CARTESIAN_POINT('',(525.0071,-151.5,644.289));
#1174=VERTEX_POINT('',#1173);
#1175=CARTESIAN_POINT('',(589.04444,-151.5,635.28914));
#1176=VERTEX_POINT('',#1175);
#1177=DIRECTION('',(0.99027,0.,-0.13917));
#1178=VECTOR('',#1177,64.66667);
#1179=LINE('',#1173,#1178);
#1180=EDGE_CURVE('',#1174,#1176,#1179,.T.);
#1181=ORIENTED_EDGE('',*,*,#1180,.T.);
#1182=CARTESIAN_POINT('',(589.04444,-78.,635.28914));
#1183=VERTEX_POINT('',#1182);
#1184=DIRECTION('',(0.,1.,0.));
#1185=VECTOR('',#1184,73.5);
#1186=LINE('',#1175,#1185);
#1187=EDGE_CURVE('',#1176,#1183,#1186,.T.);
#1188=ORIENTED_EDGE('',*,*,#1187,.T.);
#1189=CARTESIAN_POINT('',(525.0071,-78.,644.289));
#1190=VERTEX_POINT('',#1189);
#1191=DIRECTION('',(-0.99027,0.,0.13917));
#1192=VECTOR('',#1191,64.66667);
#1193=LINE('',#1182,#1192);
#1194=EDGE_CURVE('',#1183,#1190,#1193,.T.);
#1195=ORIENTED_EDGE('',*,*,#1194,.T.);
#1196=DIRECTION('',(0.,1.,0.));
#1197=VECTOR('',#1196,73.5);
#1198=LINE('',#1173,#1197);
#1199=EDGE_CURVE('',#1174,#1190,#1198,.T.);
#1200=ORIENTED_EDGE('',*,*,#1199,.F.);
#1201=EDGE_LOOP('',(#1181,#1188,#1195,#1200));
#1202=FACE_OUTER_BOUND('',#1201,.T.);
#1203=CARTESIAN_POINT('',(525.0071,-151.5,644.289));
#1204=DIRECTION('',(0.13917,0.,0.99027));
#1205=DIRECTION('',(0.99027,0.,-0.13917));
#1206=AXIS2_PLACEMENT_3D('',#1203,#1204,#1205);
#1207=PLANE('',#1206);
#1208=ADVANCED_FACE('',(#1202),#1207,.T.);
#1209=ORIENTED_EDGE('',*,*,#1163,.T.);
#1210=DIRECTION('',(0.13917,0.,0.99027));
#1211=VECTOR('',#1210,2.2);
#1212=LINE('',#1153,#1211);
#1213=EDGE_CURVE('',#1154,#1176,#1212,.T.);
#1214=ORIENTED_EDGE('',*,*,#1213,.T.);
#1215=ORIENTED_EDGE('',*,*,#1180,.F.);
#1216=DIRECTION('',(0.13917,0.,0.99027));
#1217=VECTOR('',#1216,2.2);
#1218=LINE('',#1137,#1217);
#1219=EDGE_CURVE('',#1138,#1174,#1218,.T.);
#1220=ORIENTED_EDGE('',*,*,#1219,.F.);
#1221=EDGE_LOOP('',(#1209,#1214,#1215,#1220));
#1222=FACE_OUTER_BOUND('',#1221,.T.);
#1223=CARTESIAN_POINT('',(524.70092,-151.5,642.11041));
#1224=DIRECTION('',(0.,-1.,0.));
#1225=DIRECTION('',(0.99027,0.,-0.13917));
#1226=AXIS2_PLACEMENT_3D('',#1223,#1224,#1225);
#1227=PLANE('',#1226);
#1228=ADVANCED_FACE('',(#1222),#1227,.T.);
#1229=ORIENTED_EDGE('',*,*,#1158,.T.);
#1230=DIRECTION('',(0.13917,0.,0.99027));
#1231=VECTOR('',#1230,2.2);
#1232=LINE('',#1146,#1231);
#1233=EDGE_CURVE('',#1147,#1183,#1232,.T.);
#1234=ORIENTED_EDGE('',*,*,#1233,.T.);
#1235=ORIENTED_EDGE('',*,*,#1187,.F.);
#1236=ORIENTED_EDGE('',*,*,#1213,.F.);
#1237=EDGE_LOOP('',(#1229,#1234,#1235,#1236));
#1238=FACE_OUTER_BOUND('',#1237,.T.);
#1239=CARTESIAN_POINT('',(588.73826,-151.5,633.11055));
#1240=DIRECTION('',(0.99027,0.,-0.13917));
#1241=DIRECTION('',(0.,1.,0.));
#1242=AXIS2_PLACEMENT_3D('',#1239,#1240,#1241);
#1243=PLANE('',#1242);
#1244=ADVANCED_FACE('',(#1238),#1243,.T.);
#1245=ORIENTED_EDGE('',*,*,#1151,.T.);
#1246=DIRECTION('',(0.13917,0.,0.99027));
#1247=VECTOR('',#1246,2.2);
#1248=LINE('',#1139,#1247);
#1249=EDGE_CURVE('',#1140,#1190,#1248,.T.);
#1250=ORIENTED_EDGE('',*,*,#1249,.T.);
#1251=ORIENTED_EDGE('',*,*,#1194,.F.);
#1252=ORIENTED_EDGE('',*,*,#1233,.F.);
#1253=EDGE_LOOP('',(#1245,#1250,#1251,#1252));
#1254=FACE_OUTER_BOUND('',#1253,.T.);
#1255=CARTESIAN_POINT('',(588.73826,-78.,633.11055));
#1256=DIRECTION('',(0.,1.,0.));
#1257=DIRECTION('',(-0.99027,0.,0.13917));
#1258=AXIS2_PLACEMENT_3D('',#1255,#1256,#1257);
#1259=PLANE('',#1258);
#1260=ADVANCED_FACE('',(#1254),#1259,.T.);
#1261=ORIENTED_EDGE('',*,*,#1144,.F.);
#1262=ORIENTED_EDGE('',*,*,#1219,.T.);
#1263=ORIENTED_EDGE('',*,*,#1199,.T.);
#1264=ORIENTED_EDGE('',*,*,#1249,.F.);
#1265=EDGE_LOOP('',(#1261,#1262,#1263,#1264));
#1266=FACE_OUTER_BOUND('',#1265,.T.);
#1267=CARTESIAN_POINT('',(524.70092,-78.,642.11041));
#1268=DIRECTION('',(-0.99027,0.,0.13917));
#1269=DIRECTION('',(0.,-1.,0.));
#1270=AXIS2_PLACEMENT_3D('',#1267,#1268,#1269);
#1271=PLANE('',#1270);
#1272=ADVANCED_FACE('',(#1266),#1271,.T.);
#1273=CLOSED_SHELL('',(#1172,#1208,#1228,#1244,#1260,#1272));
#1274=MANIFOLD_SOLID_BREP('',#1273);
#1275=STYLED_ITEM('color',(#162),#1274);
#1276=CARTESIAN_POINT('',(524.70092,-75.,642.11041));
#1277=VERTEX_POINT('',#1276);
#1278=CARTESIAN_POINT('',(524.70092,-1.5,642.11041));
#1279=VERTEX_POINT('',#1278);
#1280=DIRECTION('',(0.,1.,0.));
#1281=VECTOR('',#1280,73.5);
#1282=LINE('',#1276,#1281);
#1283=EDGE_CURVE('',#1277,#1279,#1282,.T.);
#1284=ORIENTED_EDGE('',*,*,#1283,.T.);
#1285=CARTESIAN_POINT('',(588.73826,-1.5,633.11055));
#1286=VERTEX_POINT('',#1285);
#1287=DIRECTION('',(-0.99027,0.,0.13917));
#1288=VECTOR('',#1287,64.66667);
#1289=LINE('',#1285,#1288);
#1290=EDGE_CURVE('',#1286,#1279,#1289,.T.);
#1291=ORIENTED_EDGE('',*,*,#1290,.F.);
#1292=CARTESIAN_POINT('',(588.73826,-75.,633.11055));
#1293=VERTEX_POINT('',#1292);
#1294=DIRECTION('',(0.,1.,0.));
#1295=VECTOR('',#1294,73.5);
#1296=LINE('',#1292,#1295);
#1297=EDGE_CURVE('',#1293,#1286,#1296,.T.);
#1298=ORIENTED_EDGE('',*,*,#1297,.F.);
#1299=DIRECTION('',(0.99027,0.,-0.13917));
#1300=VECTOR('',#1299,64.66667);
#1301=LINE('',#1276,#1300);
#1302=EDGE_CURVE('',#1277,#1293,#1301,.T.);
#1303=ORIENTED_EDGE('',*,*,#1302,.F.);
#1304=EDGE_LOOP('',(#1284,#1291,#1298,#1303));
#1305=FACE_OUTER_BOUND('',#1304,.T.);
#1306=CARTESIAN_POINT('',(524.70092,-75.,642.11041));
#1307=DIRECTION('',(-0.13917,0.,-0.99027));
#1308=DIRECTION('',(0.,1.,0.));
#1309=AXIS2_PLACEMENT_3D('',#1306,#1307,#1308);
#1310=PLANE('',#1309);
#1311=ADVANCED_FACE('',(#1305),#1310,.T.);
#1312=CARTESIAN_POINT('',(525.0071,-75.,644.289));
#1313=VERTEX_POINT('',#1312);
#1314=CARTESIAN_POINT('',(589.04444,-75.,635.28914));
#1315=VERTEX_POINT('',#1314);
#1316=DIRECTION('',(0.99027,0.,-0.13917));
#1317=VECTOR('',#1316,64.66667);
#1318=LINE('',#1312,#1317);
#1319=EDGE_CURVE('',#1313,#1315,#1318,.T.);
#1320=ORIENTED_EDGE('',*,*,#1319,.T.);
#1321=CARTESIAN_POINT('',(589.04444,-1.5,635.28914));
#1322=VERTEX_POINT('',#1321);
#1323=DIRECTION('',(0.,1.,0.));
#1324=VECTOR('',#1323,73.5);
#1325=LINE('',#1314,#1324);
#1326=EDGE_CURVE('',#1315,#1322,#1325,.T.);
#1327=ORIENTED_EDGE('',*,*,#1326,.T.);
#1328=CARTESIAN_POINT('',(525.0071,-1.5,644.289));
#1329=VERTEX_POINT('',#1328);
#1330=DIRECTION('',(-0.99027,0.,0.13917));
#1331=VECTOR('',#1330,64.66667);
#1332=LINE('',#1321,#1331);
#1333=EDGE_CURVE('',#1322,#1329,#1332,.T.);
#1334=ORIENTED_EDGE('',*,*,#1333,.T.);
#1335=DIRECTION('',(0.,1.,0.));
#1336=VECTOR('',#1335,73.5);
#1337=LINE('',#1312,#1336);
#1338=EDGE_CURVE('',#1313,#1329,#1337,.T.);
#1339=ORIENTED_EDGE('',*,*,#1338,.F.);
#1340=EDGE_LOOP('',(#1320,#1327,#1334,#1339));
#1341=FACE_OUTER_BOUND('',#1340,.T.);
#1342=CARTESIAN_POINT('',(525.0071,-75.,644.289));
#1343=DIRECTION('',(0.13917,0.,0.99027));
#1344=DIRECTION('',(0.99027,0.,-0.13917));
#1345=AXIS2_PLACEMENT_3D('',#1342,#1343,#1344);
#1346=PLANE('',#1345);
#1347=ADVANCED_FACE('',(#1341),#1346,.T.);
#1348=ORIENTED_EDGE('',*,*,#1302,.T.);
#1349=DIRECTION('',(0.13917,0.,0.99027));
#1350=VECTOR('',#1349,2.2);
#1351=LINE('',#1292,#1350);
#1352=EDGE_CURVE('',#1293,#1315,#1351,.T.);
#1353=ORIENTED_EDGE('',*,*,#1352,.T.);
#1354=ORIENTED_EDGE('',*,*,#1319,.F.);
#1355=DIRECTION('',(0.13917,0.,0.99027));
#1356=VECTOR('',#1355,2.2);
#1357=LINE('',#1276,#1356);
#1358=EDGE_CURVE('',#1277,#1313,#1357,.T.);
#1359=ORIENTED_EDGE('',*,*,#1358,.F.);
#1360=EDGE_LOOP('',(#1348,#1353,#1354,#1359));
#1361=FACE_OUTER_BOUND('',#1360,.T.);
#1362=CARTESIAN_POINT('',(524.70092,-75.,642.11041));
#1363=DIRECTION('',(0.,-1.,0.));
#1364=DIRECTION('',(0.99027,0.,-0.13917));
#1365=AXIS2_PLACEMENT_3D('',#1362,#1363,#1364);
#1366=PLANE('',#1365);
#1367=ADVANCED_FACE('',(#1361),#1366,.T.);
#1368=ORIENTED_EDGE('',*,*,#1297,.T.);
#1369=DIRECTION('',(0.13917,0.,0.99027));
#1370=VECTOR('',#1369,2.2);
#1371=LINE('',#1285,#1370);
#1372=EDGE_CURVE('',#1286,#1322,#1371,.T.);
#1373=ORIENTED_EDGE('',*,*,#1372,.T.);
#1374=ORIENTED_EDGE('',*,*,#1326,.F.);
#1375=ORIENTED_EDGE('',*,*,#1352,.F.);
#1376=EDGE_LOOP('',(#1368,#1373,#1374,#1375));
#1377=FACE_OUTER_BOUND('',#1376,.T.);
#1378=CARTESIAN_POINT('',(588.73826,-75.,633.11055));
#1379=DIRECTION('',(0.99027,0.,-0.13917));
#1380=DIRECTION('',(0.,1.,0.));
#1381=AXIS2_PLACEMENT_3D('',#1378,#1379,#1380);
#1382=PLANE('',#1381);
#1383=ADVANCED_FACE('',(#1377),#1382,.T.);
#1384=ORIENTED_EDGE('',*,*,#1290,.T.);
#1385=DIRECTION('',(0.13917,0.,0.99027));
#1386=VECTOR('',#1385,2.2);
#1387=LINE('',#1278,#1386);
#1388=EDGE_CURVE('',#1279,#1329,#1387,.T.);
#1389=ORIENTED_EDGE('',*,*,#1388,.T.);
#1390=ORIENTED_EDGE('',*,*,#1333,.F.);
#1391=ORIENTED_EDGE('',*,*,#1372,.F.);
#1392=EDGE_LOOP('',(#1384,#1389,#1390,#1391));
#1393=FACE_OUTER_BOUND('',#1392,.T.);
#1394=CARTESIAN_POINT('',(588.73826,-1.5,633.11055));
#1395=DIRECTION('',(0.,1.,0.));
#1396=DIRECTION('',(-0.99027,0.,0.13917));
#1397=AXIS2_PLACEMENT_3D('',#1394,#1395,#1396);
#1398=PLANE('',#1397);
#1399=ADVANCED_FACE('',(#1393),#1398,.T.);
#1400=ORIENTED_EDGE('',*,*,#1283,.F.);
#1401=ORIENTED_EDGE('',*,*,#1358,.T.);
#1402=ORIENTED_EDGE('',*,*,#1338,.T.);
#1403=ORIENTED_EDGE('',*,*,#1388,.F.);
#1404=EDGE_LOOP('',(#1400,#1401,#1402,#1403));
#1405=FACE_OUTER_BOUND('',#1404,.T.);
#1406=CARTESIAN_POINT('',(524.70092,-1.5,642.11041));
#1407=DIRECTION('',(-0.99027,0.,0.13917));
#1408=DIRECTION('',(0.,-1.,0.));
#1409=AXIS2_PLACEMENT_3D('',#1406,#1407,#1408);
#1410=PLANE('',#1409);
#1411=ADVANCED_FACE('',(#1405),#1410,.T.);
#1412=CLOSED_SHELL('',(#1311,#1347,#1367,#1383,#1399,#1411));
#1413=MANIFOLD_SOLID_BREP('',#1412);
#1414=STYLED_ITEM('color',(#162),#1413);
#1415=CARTESIAN_POINT('',(524.70092,1.5,642.11041));
#1416=VERTEX_POINT('',#1415);
#1417=CARTESIAN_POINT('',(524.70092,75.,642.11041));
#1418=VERTEX_POINT('',#1417);
#1419=DIRECTION('',(0.,1.,0.));
#1420=VECTOR('',#1419,73.5);
#1421=LINE('',#1415,#1420);
#1422=EDGE_CURVE('',#1416,#1418,#1421,.T.);
#1423=ORIENTED_EDGE('',*,*,#1422,.T.);
#1424=CARTESIAN_POINT('',(588.73826,75.,633.11055));
#1425=VERTEX_POINT('',#1424);
#1426=DIRECTION('',(-0.99027,0.,0.13917));
#1427=VECTOR('',#1426,64.66667);
#1428=LINE('',#1424,#1427);
#1429=EDGE_CURVE('',#1425,#1418,#1428,.T.);
#1430=ORIENTED_EDGE('',*,*,#1429,.F.);
#1431=CARTESIAN_POINT('',(588.73826,1.5,633.11055));
#1432=VERTEX_POINT('',#1431);
#1433=DIRECTION('',(0.,1.,0.));
#1434=VECTOR('',#1433,73.5);
#1435=LINE('',#1431,#1434);
#1436=EDGE_CURVE('',#1432,#1425,#1435,.T.);
#1437=ORIENTED_EDGE('',*,*,#1436,.F.);
#1438=DIRECTION('',(0.99027,0.,-0.13917));
#1439=VECTOR('',#1438,64.66667);
#1440=LINE('',#1415,#1439);
#1441=EDGE_CURVE('',#1416,#1432,#1440,.T.);
#1442=ORIENTED_EDGE('',*,*,#1441,.F.);
#1443=EDGE_LOOP('',(#1423,#1430,#1437,#1442));
#1444=FACE_OUTER_BOUND('',#1443,.T.);
#1445=CARTESIAN_POINT('',(524.70092,1.5,642.11041));
#1446=DIRECTION('',(-0.13917,0.,-0.99027));
#1447=DIRECTION('',(0.,1.,0.));
#1448=AXIS2_PLACEMENT_3D('',#1445,#1446,#1447);
#1449=PLANE('',#1448);
#1450=ADVANCED_FACE('',(#1444),#1449,.T.);
#1451=CARTESIAN_POINT('',(525.0071,1.5,644.289));
#1452=VERTEX_POINT('',#1451);
#1453=CARTESIAN_POINT('',(589.04444,1.5,635.28914));
#1454=VERTEX_POINT('',#1453);
#1455=DIRECTION('',(0.99027,0.,-0.13917));
#1456=VECTOR('',#1455,64.66667);
#1457=LINE('',#1451,#1456);
#1458=EDGE_CURVE('',#1452,#1454,#1457,.T.);
#1459=ORIENTED_EDGE('',*,*,#1458,.T.);
#1460=CARTESIAN_POINT('',(589.04444,75.,635.28914));
#1461=VERTEX_POINT('',#1460);
#1462=DIRECTION('',(0.,1.,0.));
#1463=VECTOR('',#1462,73.5);
#1464=LINE('',#1453,#1463);
#1465=EDGE_CURVE('',#1454,#1461,#1464,.T.);
#1466=ORIENTED_EDGE('',*,*,#1465,.T.);
#1467=CARTESIAN_POINT('',(525.0071,75.,644.289));
#1468=VERTEX_POINT('',#1467);
#1469=DIRECTION('',(-0.99027,0.,0.13917));
#1470=VECTOR('',#1469,64.66667);
#1471=LINE('',#1460,#1470);
#1472=EDGE_CURVE('',#1461,#1468,#1471,.T.);
#1473=ORIENTED_EDGE('',*,*,#1472,.T.);
#1474=DIRECTION('',(0.,1.,0.));
#1475=VECTOR('',#1474,73.5);
#1476=LINE('',#1451,#1475);
#1477=EDGE_CURVE('',#1452,#1468,#1476,.T.);
#1478=ORIENTED_EDGE('',*,*,#1477,.F.);
#1479=EDGE_LOOP('',(#1459,#1466,#1473,#1478));
#1480=FACE_OUTER_BOUND('',#1479,.T.);
#1481=CARTESIAN_POINT('',(525.0071,1.5,644.289));
#1482=DIRECTION('',(0.13917,0.,0.99027));
#1483=DIRECTION('',(0.99027,0.,-0.13917));
#1484=AXIS2_PLACEMENT_3D('',#1481,#1482,#1483);
#1485=PLANE('',#1484);
#1486=ADVANCED_FACE('',(#1480),#1485,.T.);
#1487=ORIENTED_EDGE('',*,*,#1441,.T.);
#1488=DIRECTION('',(0.13917,0.,0.99027));
#1489=VECTOR('',#1488,2.2);
#1490=LINE('',#1431,#1489);
#1491=EDGE_CURVE('',#1432,#1454,#1490,.T.);
#1492=ORIENTED_EDGE('',*,*,#1491,.T.);
#1493=ORIENTED_EDGE('',*,*,#1458,.F.);
#1494=DIRECTION('',(0.13917,0.,0.99027));
#1495=VECTOR('',#1494,2.2);
#1496=LINE('',#1415,#1495);
#1497=EDGE_CURVE('',#1416,#1452,#1496,.T.);
#1498=ORIENTED_EDGE('',*,*,#1497,.F.);
#1499=EDGE_LOOP('',(#1487,#1492,#1493,#1498));
#1500=FACE_OUTER_BOUND('',#1499,.T.);
#1501=CARTESIAN_POINT('',(524.70092,1.5,642.11041));
#1502=DIRECTION('',(0.,-1.,0.));
#1503=DIRECTION('',(0.99027,0.,-0.13917));
#1504=AXIS2_PLACEMENT_3D('',#1501,#1502,#1503);
#1505=PLANE('',#1504);
#1506=ADVANCED_FACE('',(#1500),#1505,.T.);
#1507=ORIENTED_EDGE('',*,*,#1436,.T.);
#1508=DIRECTION('',(0.13917,0.,0.99027));
#1509=VECTOR('',#1508,2.2);
#1510=LINE('',#1424,#1509);
#1511=EDGE_CURVE('',#1425,#1461,#1510,.T.);
#1512=ORIENTED_EDGE('',*,*,#1511,.T.);
#1513=ORIENTED_EDGE('',*,*,#1465,.F.);
#1514=ORIENTED_EDGE('',*,*,#1491,.F.);
#1515=EDGE_LOOP('',(#1507,#1512,#1513,#1514));
#1516=FACE_OUTER_BOUND('',#1515,.T.);
#1517=CARTESIAN_POINT('',(588.73826,1.5,633.11055));
#1518=DIRECTION('',(0.99027,0.,-0.13917));
#1519=DIRECTION('',(0.,1.,0.));
#1520=AXIS2_PLACEMENT_3D('',#1517,#1518,#1519);
#1521=PLANE('',#1520);
#1522=ADVANCED_FACE('',(#1516),#1521,.T.);
#1523=ORIENTED_EDGE('',*,*,#1429,.T.);
#1524=DIRECTION('',(0.13917,0.,0.99027));
#1525=VECTOR('',#1524,2.2);
#1526=LINE('',#1417,#1525);
#1527=EDGE_CURVE('',#1418,#1468,#1526,.T.);
#1528=ORIENTED_EDGE('',*,*,#1527,.T.);
#1529=ORIENTED_EDGE('',*,*,#1472,.F.);
#1530=ORIENTED_EDGE('',*,*,#1511,.F.);
#1531=EDGE_LOOP('',(#1523,#1528,#1529,#1530));
#1532=FACE_OUTER_BOUND('',#1531,.T.);
#1533=CARTESIAN_POINT('',(588.73826,75.,633.11055));
#1534=DIRECTION('',(0.,1.,0.));
#1535=DIRECTION('',(-0.99027,0.,0.13917));
#1536=AXIS2_PLACEMENT_3D('',#1533,#1534,#1535);
#1537=PLANE('',#1536);
#1538=ADVANCED_FACE('',(#1532),#1537,.T.);
#1539=ORIENTED_EDGE('',*,*,#1422,.F.);
#1540=ORIENTED_EDGE('',*,*,#1497,.T.);
#1541=ORIENTED_EDGE('',*,*,#1477,.T.);
#1542=ORIENTED_EDGE('',*,*,#1527,.F.);
#1543=EDGE_LOOP('',(#1539,#1540,#1541,#1542));
#1544=FACE_OUTER_BOUND('',#1543,.T.);
#1545=CARTESIAN_POINT('',(524.70092,75.,642.11041));
#1546=DIRECTION('',(-0.99027,0.,0.13917));
#1547=DIRECTION('',(0.,-1.,0.));
#1548=AXIS2_PLACEMENT_3D('',#1545,#1546,#1547);
#1549=PLANE('',#1548);
#1550=ADVANCED_FACE('',(#1544),#1549,.T.);
#1551=CLOSED_SHELL('',(#1450,#1486,#1506,#1522,#1538,#1550));
#1552=MANIFOLD_SOLID_BREP('',#1551);
#1553=STYLED_ITEM('color',(#162),#1552);
#1554=CARTESIAN_POINT('',(524.70092,78.,642.11041));
#1555=VERTEX_POINT('',#1554);
#1556=CARTESIAN_POINT('',(524.70092,151.5,642.11041));
#1557=VERTEX_POINT('',#1556);
#1558=DIRECTION('',(0.,1.,0.));
#1559=VECTOR('',#1558,73.5);
#1560=LINE('',#1554,#1559);
#1561=EDGE_CURVE('',#1555,#1557,#1560,.T.);
#1562=ORIENTED_EDGE('',*,*,#1561,.T.);
#1563=CARTESIAN_POINT('',(588.73826,151.5,633.11055));
#1564=VERTEX_POINT('',#1563);
#1565=DIRECTION('',(-0.99027,0.,0.13917));
#1566=VECTOR('',#1565,64.66667);
#1567=LINE('',#1563,#1566);
#1568=EDGE_CURVE('',#1564,#1557,#1567,.T.);
#1569=ORIENTED_EDGE('',*,*,#1568,.F.);
#1570=CARTESIAN_POINT('',(588.73826,78.,633.11055));
#1571=VERTEX_POINT('',#1570);
#1572=DIRECTION('',(0.,1.,0.));
#1573=VECTOR('',#1572,73.5);
#1574=LINE('',#1570,#1573);
#1575=EDGE_CURVE('',#1571,#1564,#1574,.T.);
#1576=ORIENTED_EDGE('',*,*,#1575,.F.);
#1577=DIRECTION('',(0.99027,0.,-0.13917));
#1578=VECTOR('',#1577,64.66667);
#1579=LINE('',#1554,#1578);
#1580=EDGE_CURVE('',#1555,#1571,#1579,.T.);
#1581=ORIENTED_EDGE('',*,*,#1580,.F.);
#1582=EDGE_LOOP('',(#1562,#1569,#1576,#1581));
#1583=FACE_OUTER_BOUND('',#1582,.T.);
#1584=CARTESIAN_POINT('',(524.70092,78.,642.11041));
#1585=DIRECTION('',(-0.13917,0.,-0.99027));
#1586=DIRECTION('',(0.,1.,0.));
#1587=AXIS2_PLACEMENT_3D('',#1584,#1585,#1586);
#1588=PLANE('',#1587);
#1589=ADVANCED_FACE('',(#1583),#1588,.T.);
#1590=CARTESIAN_POINT('',(525.0071,78.,644.289));
#1591=VERTEX_POINT('',#1590);
#1592=CARTESIAN_POINT('',(589.04444,78.,635.28914));
#1593=VERTEX_POINT('',#1592);
#1594=DIRECTION('',(0.99027,0.,-0.13917));
#1595=VECTOR('',#1594,64.66667);
#1596=LINE('',#1590,#1595);
#1597=EDGE_CURVE('',#1591,#1593,#1596,.T.);
#1598=ORIENTED_EDGE('',*,*,#1597,.T.);
#1599=CARTESIAN_POINT('',(589.04444,151.5,635.28914));
#1600=VERTEX_POINT('',#1599);
#1601=DIRECTION('',(0.,1.,0.));
#1602=VECTOR('',#1601,73.5);
#1603=LINE('',#1592,#1602);
#1604=EDGE_CURVE('',#1593,#1600,#1603,.T.);
#1605=ORIENTED_EDGE('',*,*,#1604,.T.);
#1606=CARTESIAN_POINT('',(525.0071,151.5,644.289));
#1607=VERTEX_POINT('',#1606);
#1608=DIRECTION('',(-0.99027,0.,0.13917));
#1609=VECTOR('',#1608,64.66667);
#1610=LINE('',#1599,#1609);
#1611=EDGE_CURVE('',#1600,#1607,#1610,.T.);
#1612=ORIENTED_EDGE('',*,*,#1611,.T.);
#1613=DIRECTION('',(0.,1.,0.));
#1614=VECTOR('',#1613,73.5);
#1615=LINE('',#1590,#1614);
#1616=EDGE_CURVE('',#1591,#1607,#1615,.T.);
#1617=ORIENTED_EDGE('',*,*,#1616,.F.);
#1618=EDGE_LOOP('',(#1598,#1605,#1612,#1617));
#1619=FACE_OUTER_BOUND('',#1618,.T.);
#1620=CARTESIAN_POINT('',(525.0071,78.,644.289));
#1621=DIRECTION('',(0.13917,0.,0.99027));
#1622=DIRECTION('',(0.99027,0.,-0.13917));
#1623=AXIS2_PLACEMENT_3D('',#1620,#1621,#1622);
#1624=PLANE('',#1623);
#1625=ADVANCED_FACE('',(#1619),#1624,.T.);
#1626=ORIENTED_EDGE('',*,*,#1580,.T.);
#1627=DIRECTION('',(0.13917,0.,0.99027));
#1628=VECTOR('',#1627,2.2);
#1629=LINE('',#1570,#1628);
#1630=EDGE_CURVE('',#1571,#1593,#1629,.T.);
#1631=ORIENTED_EDGE('',*,*,#1630,.T.);
#1632=ORIENTED_EDGE('',*,*,#1597,.F.);
#1633=DIRECTION('',(0.13917,0.,0.99027));
#1634=VECTOR('',#1633,2.2);
#1635=LINE('',#1554,#1634);
#1636=EDGE_CURVE('',#1555,#1591,#1635,.T.);
#1637=ORIENTED_EDGE('',*,*,#1636,.F.);
#1638=EDGE_LOOP('',(#1626,#1631,#1632,#1637));
#1639=FACE_OUTER_BOUND('',#1638,.T.);
#1640=CARTESIAN_POINT('',(524.70092,78.,642.11041));
#1641=DIRECTION('',(0.,-1.,0.));
#1642=DIRECTION('',(0.99027,0.,-0.13917));
#1643=AXIS2_PLACEMENT_3D('',#1640,#1641,#1642);
#1644=PLANE('',#1643);
#1645=ADVANCED_FACE('',(#1639),#1644,.T.);
#1646=ORIENTED_EDGE('',*,*,#1575,.T.);
#1647=DIRECTION('',(0.13917,0.,0.99027));
#1648=VECTOR('',#1647,2.2);
#1649=LINE('',#1563,#1648);
#1650=EDGE_CURVE('',#1564,#1600,#1649,.T.);
#1651=ORIENTED_EDGE('',*,*,#1650,.T.);
#1652=ORIENTED_EDGE('',*,*,#1604,.F.);
#1653=ORIENTED_EDGE('',*,*,#1630,.F.);
#1654=EDGE_LOOP('',(#1646,#1651,#1652,#1653));
#1655=FACE_OUTER_BOUND('',#1654,.T.);
#1656=CARTESIAN_POINT('',(588.73826,78.,633.11055));
#1657=DIRECTION('',(0.99027,0.,-0.13917));
#1658=DIRECTION('',(0.,1.,0.));
#1659=AXIS2_PLACEMENT_3D('',#1656,#1657,#1658);
#1660=PLANE('',#1659);
#1661=ADVANCED_FACE('',(#1655),#1660,.T.);
#1662=ORIENTED_EDGE('',*,*,#1568,.T.);
#1663=DIRECTION('',(0.13917,0.,0.99027));
#1664=VECTOR('',#1663,2.2);
#1665=LINE('',#1556,#1664);
#1666=EDGE_CURVE('',#1557,#1607,#1665,.T.);
#1667=ORIENTED_EDGE('',*,*,#1666,.T.);
#1668=ORIENTED_EDGE('',*,*,#1611,.F.);
#1669=ORIENTED_EDGE('',*,*,#1650,.F.);
#1670=EDGE_LOOP('',(#1662,#1667,#1668,#1669));
#1671=FACE_OUTER_BOUND('',#1670,.T.);
#1672=CARTESIAN_POINT('',(588.73826,151.5,633.11055));
#1673=DIRECTION('',(0.,1.,0.));
#1674=DIRECTION('',(-0.99027,0.,0.13917));
#1675=AXIS2_PLACEMENT_3D('',#1672,#1673,#1674);
#1676=PLANE('',#1675);
#1677=ADVANCED_FACE('',(#1671),#1676,.T.);
#1678=ORIENTED_EDGE('',*,*,#1561,.F.);
#1679=ORIENTED_EDGE('',*,*,#1636,.T.);
#1680=ORIENTED_EDGE('',*,*,#1616,.T.);
#1681=ORIENTED_EDGE('',*,*,#1666,.F.);
#1682=EDGE_LOOP('',(#1678,#1679,#1680,#1681));
#1683=FACE_OUTER_BOUND('',#1682,.T.);
#1684=CARTESIAN_POINT('',(524.70092,151.5,642.11041));
#1685=DIRECTION('',(-0.99027,0.,0.13917));
#1686=DIRECTION('',(0.,-1.,0.));
#1687=AXIS2_PLACEMENT_3D('',#1684,#1685,#1686);
#1688=PLANE('',#1687);
#1689=ADVANCED_FACE('',(#1683),#1688,.T.);
#1690=CLOSED_SHELL('',(#1589,#1625,#1645,#1661,#1677,#1689));
#1691=MANIFOLD_SOLID_BREP('',#1690);
#1692=STYLED_ITEM('color',(#162),#1691);
#1693=CARTESIAN_POINT('',(591.70906,-151.5,632.69303));
#1694=VERTEX_POINT('',#1693);
#1695=CARTESIAN_POINT('',(591.70906,-78.,632.69303));
#1696=VERTEX_POINT('',#1695);
#1697=DIRECTION('',(0.,1.,0.));
#1698=VECTOR('',#1697,73.5);
#1699=LINE('',#1693,#1698);
#1700=EDGE_CURVE('',#1694,#1696,#1699,.T.);
#1701=ORIENTED_EDGE('',*,*,#1700,.T.);
#1702=CARTESIAN_POINT('',(655.7464,-78.,623.69317));
#1703=VERTEX_POINT('',#1702);
#1704=DIRECTION('',(-0.99027,0.,0.13917));
#1705=VECTOR('',#1704,64.66667);
#1706=LINE('',#1702,#1705);
#1707=EDGE_CURVE('',#1703,#1696,#1706,.T.);
#1708=ORIENTED_EDGE('',*,*,#1707,.F.);
#1709=CARTESIAN_POINT('',(655.7464,-151.5,623.69317));
#1710=VERTEX_POINT('',#1709);
#1711=DIRECTION('',(0.,1.,0.));
#1712=VECTOR('',#1711,73.5);
#1713=LINE('',#1709,#1712);
#1714=EDGE_CURVE('',#1710,#1703,#1713,.T.);
#1715=ORIENTED_EDGE('',*,*,#1714,.F.);
#1716=DIRECTION('',(0.99027,0.,-0.13917));
#1717=VECTOR('',#1716,64.66667);
#1718=LINE('',#1693,#1717);
#1719=EDGE_CURVE('',#1694,#1710,#1718,.T.);
#1720=ORIENTED_EDGE('',*,*,#1719,.F.);
#1721=EDGE_LOOP('',(#1701,#1708,#1715,#1720));
#1722=FACE_OUTER_BOUND('',#1721,.T.);
#1723=CARTESIAN_POINT('',(591.70906,-151.5,632.69303));
#1724=DIRECTION('',(-0.13917,0.,-0.99027));
#1725=DIRECTION('',(0.,1.,0.));
#1726=AXIS2_PLACEMENT_3D('',#1723,#1724,#1725);
#1727=PLANE('',#1726);
#1728=ADVANCED_FACE('',(#1722),#1727,.T.);
#1729=CARTESIAN_POINT('',(592.01524,-151.5,634.87162));
#1730=VERTEX_POINT('',#1729);
#1731=CARTESIAN_POINT('',(656.05258,-151.5,625.87176));
#1732=VERTEX_POINT('',#1731);
#1733=DIRECTION('',(0.99027,0.,-0.13917));
#1734=VECTOR('',#1733,64.66667);
#1735=LINE('',#1729,#1734);
#1736=EDGE_CURVE('',#1730,#1732,#1735,.T.);
#1737=ORIENTED_EDGE('',*,*,#1736,.T.);
#1738=CARTESIAN_POINT('',(656.05258,-78.,625.87176));
#1739=VERTEX_POINT('',#1738);
#1740=DIRECTION('',(0.,1.,0.));
#1741=VECTOR('',#1740,73.5);
#1742=LINE('',#1731,#1741);
#1743=EDGE_CURVE('',#1732,#1739,#1742,.T.);
#1744=ORIENTED_EDGE('',*,*,#1743,.T.);
#1745=CARTESIAN_POINT('',(592.01524,-78.,634.87162));
#1746=VERTEX_POINT('',#1745);
#1747=DIRECTION('',(-0.99027,0.,0.13917));
#1748=VECTOR('',#1747,64.66667);
#1749=LINE('',#1738,#1748);
#1750=EDGE_CURVE('',#1739,#1746,#1749,.T.);
#1751=ORIENTED_EDGE('',*,*,#1750,.T.);
#1752=DIRECTION('',(0.,1.,0.));
#1753=VECTOR('',#1752,73.5);
#1754=LINE('',#1729,#1753);
#1755=EDGE_CURVE('',#1730,#1746,#1754,.T.);
#1756=ORIENTED_EDGE('',*,*,#1755,.F.);
#1757=EDGE_LOOP('',(#1737,#1744,#1751,#1756));
#1758=FACE_OUTER_BOUND('',#1757,.T.);
#1759=CARTESIAN_POINT('',(592.01524,-151.5,634.87162));
#1760=DIRECTION('',(0.13917,0.,0.99027));
#1761=DIRECTION('',(0.99027,0.,-0.13917));
#1762=AXIS2_PLACEMENT_3D('',#1759,#1760,#1761);
#1763=PLANE('',#1762);
#1764=ADVANCED_FACE('',(#1758),#1763,.T.);
#1765=ORIENTED_EDGE('',*,*,#1719,.T.);
#1766=DIRECTION('',(0.13917,0.,0.99027));
#1767=VECTOR('',#1766,2.2);
#1768=LINE('',#1709,#1767);
#1769=EDGE_CURVE('',#1710,#1732,#1768,.T.);
#1770=ORIENTED_EDGE('',*,*,#1769,.T.);
#1771=ORIENTED_EDGE('',*,*,#1736,.F.);
#1772=DIRECTION('',(0.13917,0.,0.99027));
#1773=VECTOR('',#1772,2.2);
#1774=LINE('',#1693,#1773);
#1775=EDGE_CURVE('',#1694,#1730,#1774,.T.);
#1776=ORIENTED_EDGE('',*,*,#1775,.F.);
#1777=EDGE_LOOP('',(#1765,#1770,#1771,#1776));
#1778=FACE_OUTER_BOUND('',#1777,.T.);
#1779=CARTESIAN_POINT('',(591.70906,-151.5,632.69303));
#1780=DIRECTION('',(0.,-1.,0.));
#1781=DIRECTION('',(0.99027,0.,-0.13917));
#1782=AXIS2_PLACEMENT_3D('',#1779,#1780,#1781);
#1783=PLANE('',#1782);
#1784=ADVANCED_FACE('',(#1778),#1783,.T.);
#1785=ORIENTED_EDGE('',*,*,#1714,.T.);
#1786=DIRECTION('',(0.13917,0.,0.99027));
#1787=VECTOR('',#1786,2.2);
#1788=LINE('',#1702,#1787);
#1789=EDGE_CURVE('',#1703,#1739,#1788,.T.);
#1790=ORIENTED_EDGE('',*,*,#1789,.T.);
#1791=ORIENTED_EDGE('',*,*,#1743,.F.);
#1792=ORIENTED_EDGE('',*,*,#1769,.F.);
#1793=EDGE_LOOP('',(#1785,#1790,#1791,#1792));
#1794=FACE_OUTER_BOUND('',#1793,.T.);
#1795=CARTESIAN_POINT('',(655.7464,-151.5,623.69317));
#1796=DIRECTION('',(0.99027,0.,-0.13917));
#1797=DIRECTION('',(0.,1.,0.));
#1798=AXIS2_PLACEMENT_3D('',#1795,#1796,#1797);
#1799=PLANE('',#1798);
#1800=ADVANCED_FACE('',(#1794),#1799,.T.);
#1801=ORIENTED_EDGE('',*,*,#1707,.T.);
#1802=DIRECTION('',(0.13917,0.,0.99027));
#1803=VECTOR('',#1802,2.2);
#1804=LINE('',#1695,#1803);
#1805=EDGE_CURVE('',#1696,#1746,#1804,.T.);
#1806=ORIENTED_EDGE('',*,*,#1805,.T.);
#1807=ORIENTED_EDGE('',*,*,#1750,.F.);
#1808=ORIENTED_EDGE('',*,*,#1789,.F.);
#1809=EDGE_LOOP('',(#1801,#1806,#1807,#1808));
#1810=FACE_OUTER_BOUND('',#1809,.T.);
#1811=CARTESIAN_POINT('',(655.7464,-78.,623.69317));
#1812=DIRECTION('',(0.,1.,0.));
#1813=DIRECTION('',(-0.99027,0.,0.13917));
#1814=AXIS2_PLACEMENT_3D('',#1811,#1812,#1813);
#1815=PLANE('',#1814);
#1816=ADVANCED_FACE('',(#1810),#1815,.T.);
#1817=ORIENTED_EDGE('',*,*,#1700,.F.);
#1818=ORIENTED_EDGE('',*,*,#1775,.T.);
#1819=ORIENTED_EDGE('',*,*,#1755,.T.);
#1820=ORIENTED_EDGE('',*,*,#1805,.F.);
#1821=EDGE_LOOP('',(#1817,#1818,#1819,#1820));
#1822=FACE_OUTER_BOUND('',#1821,.T.);
#1823=CARTESIAN_POINT('',(591.70906,-78.,632.69303));
#1824=DIRECTION('',(-0.99027,0.,0.13917));
#1825=DIRECTION('',(0.,-1.,0.));
#1826=AXIS2_PLACEMENT_3D('',#1823,#1824,#1825);
#1827=PLANE('',#1826);
#1828=ADVANCED_FACE('',(#1822),#1827,.T.);
#1829=CLOSED_SHELL('',(#1728,#1764,#1784,#1800,#1816,#1828));
#1830=MANIFOLD_SOLID_BREP('',#1829);
#1831=STYLED_ITEM('color',(#162),#1830);
#1832=CARTESIAN_POINT('',(591.70906,-75.,632.69303));
#1833=VERTEX_POINT('',#1832);
#1834=CARTESIAN_POINT('',(591.70906,-1.5,632.69303));
#1835=VERTEX_POINT('',#1834);
#1836=DIRECTION('',(0.,1.,0.));
#1837=VECTOR('',#1836,73.5);
#1838=LINE('',#1832,#1837);
#1839=EDGE_CURVE('',#1833,#1835,#1838,.T.);
#1840=ORIENTED_EDGE('',*,*,#1839,.T.);
#1841=CARTESIAN_POINT('',(655.7464,-1.5,623.69317));
#1842=VERTEX_POINT('',#1841);
#1843=DIRECTION('',(-0.99027,0.,0.13917));
#1844=VECTOR('',#1843,64.66667);
#1845=LINE('',#1841,#1844);
#1846=EDGE_CURVE('',#1842,#1835,#1845,.T.);
#1847=ORIENTED_EDGE('',*,*,#1846,.F.);
#1848=CARTESIAN_POINT('',(655.7464,-75.,623.69317));
#1849=VERTEX_POINT('',#1848);
#1850=DIRECTION('',(0.,1.,0.));
#1851=VECTOR('',#1850,73.5);
#1852=LINE('',#1848,#1851);
#1853=EDGE_CURVE('',#1849,#1842,#1852,.T.);
#1854=ORIENTED_EDGE('',*,*,#1853,.F.);
#1855=DIRECTION('',(0.99027,0.,-0.13917));
#1856=VECTOR('',#1855,64.66667);
#1857=LINE('',#1832,#1856);
#1858=EDGE_CURVE('',#1833,#1849,#1857,.T.);
#1859=ORIENTED_EDGE('',*,*,#1858,.F.);
#1860=EDGE_LOOP('',(#1840,#1847,#1854,#1859));
#1861=FACE_OUTER_BOUND('',#1860,.T.);
#1862=CARTESIAN_POINT('',(591.70906,-75.,632.69303));
#1863=DIRECTION('',(-0.13917,0.,-0.99027));
#1864=DIRECTION('',(0.,1.,0.));
#1865=AXIS2_PLACEMENT_3D('',#1862,#1863,#1864);
#1866=PLANE('',#1865);
#1867=ADVANCED_FACE('',(#1861),#1866,.T.);
#1868=CARTESIAN_POINT('',(592.01524,-75.,634.87162));
#1869=VERTEX_POINT('',#1868);
#1870=CARTESIAN_POINT('',(656.05258,-75.,625.87176));
#1871=VERTEX_POINT('',#1870);
#1872=DIRECTION('',(0.99027,0.,-0.13917));
#1873=VECTOR('',#1872,64.66667);
#1874=LINE('',#1868,#1873);
#1875=EDGE_CURVE('',#1869,#1871,#1874,.T.);
#1876=ORIENTED_EDGE('',*,*,#1875,.T.);
#1877=CARTESIAN_POINT('',(656.05258,-1.5,625.87176));
#1878=VERTEX_POINT('',#1877);
#1879=DIRECTION('',(0.,1.,0.));
#1880=VECTOR('',#1879,73.5);
#1881=LINE('',#1870,#1880);
#1882=EDGE_CURVE('',#1871,#1878,#1881,.T.);
#1883=ORIENTED_EDGE('',*,*,#1882,.T.);
#1884=CARTESIAN_POINT('',(592.01524,-1.5,634.87162));
#1885=VERTEX_POINT('',#1884);
#1886=DIRECTION('',(-0.99027,0.,0.13917));
#1887=VECTOR('',#1886,64.66667);
#1888=LINE('',#1877,#1887);
#1889=EDGE_CURVE('',#1878,#1885,#1888,.T.);
#1890=ORIENTED_EDGE('',*,*,#1889,.T.);
#1891=DIRECTION('',(0.,1.,0.));
#1892=VECTOR('',#1891,73.5);
#1893=LINE('',#1868,#1892);
#1894=EDGE_CURVE('',#1869,#1885,#1893,.T.);
#1895=ORIENTED_EDGE('',*,*,#1894,.F.);
#1896=EDGE_LOOP('',(#1876,#1883,#1890,#1895));
#1897=FACE_OUTER_BOUND('',#1896,.T.);
#1898=CARTESIAN_POINT('',(592.01524,-75.,634.87162));
#1899=DIRECTION('',(0.13917,0.,0.99027));
#1900=DIRECTION('',(0.99027,0.,-0.13917));
#1901=AXIS2_PLACEMENT_3D('',#1898,#1899,#1900);
#1902=PLANE('',#1901);
#1903=ADVANCED_FACE('',(#1897),#1902,.T.);
#1904=ORIENTED_EDGE('',*,*,#1858,.T.);
#1905=DIRECTION('',(0.13917,0.,0.99027));
#1906=VECTOR('',#1905,2.2);
#1907=LINE('',#1848,#1906);
#1908=EDGE_CURVE('',#1849,#1871,#1907,.T.);
#1909=ORIENTED_EDGE('',*,*,#1908,.T.);
#1910=ORIENTED_EDGE('',*,*,#1875,.F.);
#1911=DIRECTION('',(0.13917,0.,0.99027));
#1912=VECTOR('',#1911,2.2);
#1913=LINE('',#1832,#1912);
#1914=EDGE_CURVE('',#1833,#1869,#1913,.T.);
#1915=ORIENTED_EDGE('',*,*,#1914,.F.);
#1916=EDGE_LOOP('',(#1904,#1909,#1910,#1915));
#1917=FACE_OUTER_BOUND('',#1916,.T.);
#1918=CARTESIAN_POINT('',(591.70906,-75.,632.69303));
#1919=DIRECTION('',(0.,-1.,0.));
#1920=DIRECTION('',(0.99027,0.,-0.13917));
#1921=AXIS2_PLACEMENT_3D('',#1918,#1919,#1920);
#1922=PLANE('',#1921);
#1923=ADVANCED_FACE('',(#1917),#1922,.T.);
#1924=ORIENTED_EDGE('',*,*,#1853,.T.);
#1925=DIRECTION('',(0.13917,0.,0.99027));
#1926=VECTOR('',#1925,2.2);
#1927=LINE('',#1841,#1926);
#1928=EDGE_CURVE('',#1842,#1878,#1927,.T.);
#1929=ORIENTED_EDGE('',*,*,#1928,.T.);
#1930=ORIENTED_EDGE('',*,*,#1882,.F.);
#1931=ORIENTED_EDGE('',*,*,#1908,.F.);
#1932=EDGE_LOOP('',(#1924,#1929,#1930,#1931));
#1933=FACE_OUTER_BOUND('',#1932,.T.);
#1934=CARTESIAN_POINT('',(655.7464,-75.,623.69317));
#1935=DIRECTION('',(0.99027,0.,-0.13917));
#1936=DIRECTION('',(0.,1.,0.));
#1937=AXIS2_PLACEMENT_3D('',#1934,#1935,#1936);
#1938=PLANE('',#1937);
#1939=ADVANCED_FACE('',(#1933),#1938,.T.);
#1940=ORIENTED_EDGE('',*,*,#1846,.T.);
#1941=DIRECTION('',(0.13917,0.,0.99027));
#1942=VECTOR('',#1941,2.2);
#1943=LINE('',#1834,#1942);
#1944=EDGE_CURVE('',#1835,#1885,#1943,.T.);
#1945=ORIENTED_EDGE('',*,*,#1944,.T.);
#1946=ORIENTED_EDGE('',*,*,#1889,.F.);
#1947=ORIENTED_EDGE('',*,*,#1928,.F.);
#1948=EDGE_LOOP('',(#1940,#1945,#1946,#1947));
#1949=FACE_OUTER_BOUND('',#1948,.T.);
#1950=CARTESIAN_POINT('',(655.7464,-1.5,623.69317));
#1951=DIRECTION('',(0.,1.,0.));
#1952=DIRECTION('',(-0.99027,0.,0.13917));
#1953=AXIS2_PLACEMENT_3D('',#1950,#1951,#1952);
#1954=PLANE('',#1953);
#1955=ADVANCED_FACE('',(#1949),#1954,.T.);
#1956=ORIENTED_EDGE('',*,*,#1839,.F.);
#1957=ORIENTED_EDGE('',*,*,#1914,.T.);
#1958=ORIENTED_EDGE('',*,*,#1894,.T.);
#1959=ORIENTED_EDGE('',*,*,#1944,.F.);
#1960=EDGE_LOOP('',(#1956,#1957,#1958,#1959));
#1961=FACE_OUTER_BOUND('',#1960,.T.);
#1962=CARTESIAN_POINT('',(591.70906,-1.5,632.69303));
#1963=DIRECTION('',(-0.99027,0.,0.13917));
#1964=DIRECTION('',(0.,-1.,0.));
#1965=AXIS2_PLACEMENT_3D('',#1962,#1963,#1964);
#1966=PLANE('',#1965);
#1967=ADVANCED_FACE('',(#1961),#1966,.T.);
#1968=CLOSED_SHELL('',(#1867,#1903,#1923,#1939,#1955,#1967));
#1969=MANIFOLD_SOLID_BREP('',#1968);
#1970=STYLED_ITEM('color',(#162),#1969);
#1971=CARTESIAN_POINT('',(591.70906,1.5,632.69303));
#1972=VERTEX_POINT('',#1971);
#1973=CARTESIAN_POINT('',(591.70906,75.,632.69303));
#1974=VERTEX_POINT('',#1973);
#1975=DIRECTION('',(0.,1.,0.));
#1976=VECTOR('',#1975,73.5);
#1977=LINE('',#1971,#1976);
#1978=EDGE_CURVE('',#1972,#1974,#1977,.T.);
#1979=ORIENTED_EDGE('',*,*,#1978,.T.);
#1980=CARTESIAN_POINT('',(655.7464,75.,623.69317));
#1981=VERTEX_POINT('',#1980);
#1982=DIRECTION('',(-0.99027,0.,0.13917));
#1983=VECTOR('',#1982,64.66667);
#1984=LINE('',#1980,#1983);
#1985=EDGE_CURVE('',#1981,#1974,#1984,.T.);
#1986=ORIENTED_EDGE('',*,*,#1985,.F.);
#1987=CARTESIAN_POINT('',(655.7464,1.5,623.69317));
#1988=VERTEX_POINT('',#1987);
#1989=DIRECTION('',(0.,1.,0.));
#1990=VECTOR('',#1989,73.5);
#1991=LINE('',#1987,#1990);
#1992=EDGE_CURVE('',#1988,#1981,#1991,.T.);
#1993=ORIENTED_EDGE('',*,*,#1992,.F.);
#1994=DIRECTION('',(0.99027,0.,-0.13917));
#1995=VECTOR('',#1994,64.66667);
#1996=LINE('',#1971,#1995);
#1997=EDGE_CURVE('',#1972,#1988,#1996,.T.);
#1998=ORIENTED_EDGE('',*,*,#1997,.F.);
#1999=EDGE_LOOP('',(#1979,#1986,#1993,#1998));
#2000=FACE_OUTER_BOUND('',#1999,.T.);
#2001=CARTESIAN_POINT('',(591.70906,1.5,632.69303));
#2002=DIRECTION('',(-0.13917,0.,-0.99027));
#2003=DIRECTION('',(0.,1.,0.));
#2004=AXIS2_PLACEMENT_3D('',#2001,#2002,#2003);
#2005=PLANE('',#2004);
#2006=ADVANCED_FACE('',(#2000),#2005,.T.);
#2007=CARTESIAN_POINT('',(592.01524,1.5,634.87162));
#2008=VERTEX_POINT('',#2007);
#2009=CARTESIAN_POINT('',(656.05258,1.5,625.87176));
#2010=VERTEX_POINT('',#2009);
#2011=DIRECTION('',(0.99027,0.,-0.13917));
#2012=VECTOR('',#2011,64.66667);
#2013=LINE('',#2007,#2012);
#2014=EDGE_CURVE('',#2008,#2010,#2013,.T.);
#2015=ORIENTED_EDGE('',*,*,#2014,.T.);
#2016=CARTESIAN_POINT('',(656.05258,75.,625.87176));
#2017=VERTEX_POINT('',#2016);
#2018=DIRECTION('',(0.,1.,0.));
#2019=VECTOR('',#2018,73.5);
#2020=LINE('',#2009,#2019);
#2021=EDGE_CURVE('',#2010,#2017,#2020,.T.);
#2022=ORIENTED_EDGE('',*,*,#2021,.T.);
#2023=CARTESIAN_POINT('',(592.01524,75.,634.87162));
#2024=VERTEX_POINT('',#2023);
#2025=DIRECTION('',(-0.99027,0.,0.13917));
#2026=VECTOR('',#2025,64.66667);
#2027=LINE('',#2016,#2026);
#2028=EDGE_CURVE('',#2017,#2024,#2027,.T.);
#2029=ORIENTED_EDGE('',*,*,#2028,.T.);
#2030=DIRECTION('',(0.,1.,0.));
#2031=VECTOR('',#2030,73.5);
#2032=LINE('',#2007,#2031);
#2033=EDGE_CURVE('',#2008,#2024,#2032,.T.);
#2034=ORIENTED_EDGE('',*,*,#2033,.F.);
#2035=EDGE_LOOP('',(#2015,#2022,#2029,#2034));
#2036=FACE_OUTER_BOUND('',#2035,.T.);
#2037=CARTESIAN_POINT('',(592.01524,1.5,634.87162));
#2038=DIRECTION('',(0.13917,0.,0.99027));
#2039=DIRECTION('',(0.99027,0.,-0.13917));
#2040=AXIS2_PLACEMENT_3D('',#2037,#2038,#2039);
#2041=PLANE('',#2040);
#2042=ADVANCED_FACE('',(#2036),#2041,.T.);
#2043=ORIENTED_EDGE('',*,*,#1997,.T.);
#2044=DIRECTION('',(0.13917,0.,0.99027));
#2045=VECTOR('',#2044,2.2);
#2046=LINE('',#1987,#2045);
#2047=EDGE_CURVE('',#1988,#2010,#2046,.T.);
#2048=ORIENTED_EDGE('',*,*,#2047,.T.);
#2049=ORIENTED_EDGE('',*,*,#2014,.F.);
#2050=DIRECTION('',(0.13917,0.,0.99027));
#2051=VECTOR('',#2050,2.2);
#2052=LINE('',#1971,#2051);
#2053=EDGE_CURVE('',#1972,#2008,#2052,.T.);
#2054=ORIENTED_EDGE('',*,*,#2053,.F.);
#2055=EDGE_LOOP('',(#2043,#2048,#2049,#2054));
#2056=FACE_OUTER_BOUND('',#2055,.T.);
#2057=CARTESIAN_POINT('',(591.70906,1.5,632.69303));
#2058=DIRECTION('',(0.,-1.,0.));
#2059=DIRECTION('',(0.99027,0.,-0.13917));
#2060=AXIS2_PLACEMENT_3D('',#2057,#2058,#2059);
#2061=PLANE('',#2060);
#2062=ADVANCED_FACE('',(#2056),#2061,.T.);
#2063=ORIENTED_EDGE('',*,*,#1992,.T.);
#2064=DIRECTION('',(0.13917,0.,0.99027));
#2065=VECTOR('',#2064,2.2);
#2066=LINE('',#1980,#2065);
#2067=EDGE_CURVE('',#1981,#2017,#2066,.T.);
#2068=ORIENTED_EDGE('',*,*,#2067,.T.);
#2069=ORIENTED_EDGE('',*,*,#2021,.F.);
#2070=ORIENTED_EDGE('',*,*,#2047,.F.);
#2071=EDGE_LOOP('',(#2063,#2068,#2069,#2070));
#2072=FACE_OUTER_BOUND('',#2071,.T.);
#2073=CARTESIAN_POINT('',(655.7464,1.5,623.69317));
#2074=DIRECTION('',(0.99027,0.,-0.13917));
#2075=DIRECTION('',(0.,1.,0.));
#2076=AXIS2_PLACEMENT_3D('',#2073,#2074,#2075);
#2077=PLANE('',#2076);
#2078=ADVANCED_FACE('',(#2072),#2077,.T.);
#2079=ORIENTED_EDGE('',*,*,#1985,.T.);
#2080=DIRECTION('',(0.13917,0.,0.99027));
#2081=VECTOR('',#2080,2.2);
#2082=LINE('',#1973,#2081);
#2083=EDGE_CURVE('',#1974,#2024,#2082,.T.);
#2084=ORIENTED_EDGE('',*,*,#2083,.T.);
#2085=ORIENTED_EDGE('',*,*,#2028,.F.);
#2086=ORIENTED_EDGE('',*,*,#2067,.F.);
#2087=EDGE_LOOP('',(#2079,#2084,#2085,#2086));
#2088=FACE_OUTER_BOUND('',#2087,.T.);
#2089=CARTESIAN_POINT('',(655.7464,75.,623.69317));
#2090=DIRECTION('',(0.,1.,0.));
#2091=DIRECTION('',(-0.99027,0.,0.13917));
#2092=AXIS2_PLACEMENT_3D('',#2089,#2090,#2091);
#2093=PLANE('',#2092);
#2094=ADVANCED_FACE('',(#2088),#2093,.T.);
#2095=ORIENTED_EDGE('',*,*,#1978,.F.);
#2096=ORIENTED_EDGE('',*,*,#2053,.T.);
#2097=ORIENTED_EDGE('',*,*,#2033,.T.);
#2098=ORIENTED_EDGE('',*,*,#2083,.F.);
#2099=EDGE_LOOP('',(#2095,#2096,#2097,#2098));
#2100=FACE_OUTER_BOUND('',#2099,.T.);
#2101=CARTESIAN_POINT('',(591.70906,75.,632.69303));
#2102=DIRECTION('',(-0.99027,0.,0.13917));
#2103=DIRECTION('',(0.,-1.,0.));
#2104=AXIS2_PLACEMENT_3D('',#2101,#2102,#2103);
#2105=PLANE('',#2104);
#2106=ADVANCED_FACE('',(#2100),#2105,.T.);
#2107=CLOSED_SHELL('',(#2006,#2042,#2062,#2078,#2094,#2106));
#2108=MANIFOLD_SOLID_BREP('',#2107);
#2109=STYLED_ITEM('color',(#162),#2108);
#2110=CARTESIAN_POINT('',(591.70906,78.,632.69303));
#2111=VERTEX_POINT('',#2110);
#2112=CARTESIAN_POINT('',(591.70906,151.5,632.69303));
#2113=VERTEX_POINT('',#2112);
#2114=DIRECTION('',(0.,1.,0.));
#2115=VECTOR('',#2114,73.5);
#2116=LINE('',#2110,#2115);
#2117=EDGE_CURVE('',#2111,#2113,#2116,.T.);
#2118=ORIENTED_EDGE('',*,*,#2117,.T.);
#2119=CARTESIAN_POINT('',(655.7464,151.5,623.69317));
#2120=VERTEX_POINT('',#2119);
#2121=DIRECTION('',(-0.99027,0.,0.13917));
#2122=VECTOR('',#2121,64.66667);
#2123=LINE('',#2119,#2122);
#2124=EDGE_CURVE('',#2120,#2113,#2123,.T.);
#2125=ORIENTED_EDGE('',*,*,#2124,.F.);
#2126=CARTESIAN_POINT('',(655.7464,78.,623.69317));
#2127=VERTEX_POINT('',#2126);
#2128=DIRECTION('',(0.,1.,0.));
#2129=VECTOR('',#2128,73.5);
#2130=LINE('',#2126,#2129);
#2131=EDGE_CURVE('',#2127,#2120,#2130,.T.);
#2132=ORIENTED_EDGE('',*,*,#2131,.F.);
#2133=DIRECTION('',(0.99027,0.,-0.13917));
#2134=VECTOR('',#2133,64.66667);
#2135=LINE('',#2110,#2134);
#2136=EDGE_CURVE('',#2111,#2127,#2135,.T.);
#2137=ORIENTED_EDGE('',*,*,#2136,.F.);
#2138=EDGE_LOOP('',(#2118,#2125,#2132,#2137));
#2139=FACE_OUTER_BOUND('',#2138,.T.);
#2140=CARTESIAN_POINT('',(591.70906,78.,632.69303));
#2141=DIRECTION('',(-0.13917,0.,-0.99027));
#2142=DIRECTION('',(0.,1.,0.));
#2143=AXIS2_PLACEMENT_3D('',#2140,#2141,#2142);
#2144=PLANE('',#2143);
#2145=ADVANCED_FACE('',(#2139),#2144,.T.);
#2146=CARTESIAN_POINT('',(592.01524,78.,634.87162));
#2147=VERTEX_POINT('',#2146);
#2148=CARTESIAN_POINT('',(656.05258,78.,625.87176));
#2149=VERTEX_POINT('',#2148);
#2150=DIRECTION('',(0.99027,0.,-0.13917));
#2151=VECTOR('',#2150,64.66667);
#2152=LINE('',#2146,#2151);
#2153=EDGE_CURVE('',#2147,#2149,#2152,.T.);
#2154=ORIENTED_EDGE('',*,*,#2153,.T.);
#2155=CARTESIAN_POINT('',(656.05258,151.5,625.87176));
#2156=VERTEX_POINT('',#2155);
#2157=DIRECTION('',(0.,1.,0.));
#2158=VECTOR('',#2157,73.5);
#2159=LINE('',#2148,#2158);
#2160=EDGE_CURVE('',#2149,#2156,#2159,.T.);
#2161=ORIENTED_EDGE('',*,*,#2160,.T.);
#2162=CARTESIAN_POINT('',(592.01524,151.5,634.87162));
#2163=VERTEX_POINT('',#2162);
#2164=DIRECTION('',(-0.99027,0.,0.13917));
#2165=VECTOR('',#2164,64.66667);
#2166=LINE('',#2155,#2165);
#2167=EDGE_CURVE('',#2156,#2163,#2166,.T.);
#2168=ORIENTED_EDGE('',*,*,#2167,.T.);
#2169=DIRECTION('',(0.,1.,0.));
#2170=VECTOR('',#2169,73.5);
#2171=LINE('',#2146,#2170);
#2172=EDGE_CURVE('',#2147,#2163,#2171,.T.);
#2173=ORIENTED_EDGE('',*,*,#2172,.F.);
#2174=EDGE_LOOP('',(#2154,#2161,#2168,#2173));
#2175=FACE_OUTER_BOUND('',#2174,.T.);
#2176=CARTESIAN_POINT('',(592.01524,78.,634.87162));
#2177=DIRECTION('',(0.13917,0.,0.99027));
#2178=DIRECTION('',(0.99027,0.,-0.13917));
#2179=AXIS2_PLACEMENT_3D('',#2176,#2177,#2178);
#2180=PLANE('',#2179);
#2181=ADVANCED_FACE('',(#2175),#2180,.T.);
#2182=ORIENTED_EDGE('',*,*,#2136,.T.);
#2183=DIRECTION('',(0.13917,0.,0.99027));
#2184=VECTOR('',#2183,2.2);
#2185=LINE('',#2126,#2184);
#2186=EDGE_CURVE('',#2127,#2149,#2185,.T.);
#2187=ORIENTED_EDGE('',*,*,#2186,.T.);
#2188=ORIENTED_EDGE('',*,*,#2153,.F.);
#2189=DIRECTION('',(0.13917,0.,0.99027));
#2190=VECTOR('',#2189,2.2);
#2191=LINE('',#2110,#2190);
#2192=EDGE_CURVE('',#2111,#2147,#2191,.T.);
#2193=ORIENTED_EDGE('',*,*,#2192,.F.);
#2194=EDGE_LOOP('',(#2182,#2187,#2188,#2193));
#2195=FACE_OUTER_BOUND('',#2194,.T.);
#2196=CARTESIAN_POINT('',(591.70906,78.,632.69303));
#2197=DIRECTION('',(0.,-1.,0.));
#2198=DIRECTION('',(0.99027,0.,-0.13917));
#2199=AXIS2_PLACEMENT_3D('',#2196,#2197,#2198);
#2200=PLANE('',#2199);
#2201=ADVANCED_FACE('',(#2195),#2200,.T.);
#2202=ORIENTED_EDGE('',*,*,#2131,.T.);
#2203=DIRECTION('',(0.13917,0.,0.99027));
#2204=VECTOR('',#2203,2.2);
#2205=LINE('',#2119,#2204);
#2206=EDGE_CURVE('',#2120,#2156,#2205,.T.);
#2207=ORIENTED_EDGE('',*,*,#2206,.T.);
#2208=ORIENTED_EDGE('',*,*,#2160,.F.);
#2209=ORIENTED_EDGE('',*,*,#2186,.F.);
#2210=EDGE_LOOP('',(#2202,#2207,#2208,#2209));
#2211=FACE_OUTER_BOUND('',#2210,.T.);
#2212=CARTESIAN_POINT('',(655.7464,78.,623.69317));
#2213=DIRECTION('',(0.99027,0.,-0.13917));
#2214=DIRECTION('',(0.,1.,0.));
#2215=AXIS2_PLACEMENT_3D('',#2212,#2213,#2214);
#2216=PLANE('',#2215);
#2217=ADVANCED_FACE('',(#2211),#2216,.T.);
#2218=ORIENTED_EDGE('',*,*,#2124,.T.);
#2219=DIRECTION('',(0.13917,0.,0.99027));
#2220=VECTOR('',#2219,2.2);
#2221=LINE('',#2112,#2220);
#2222=EDGE_CURVE('',#2113,#2163,#2221,.T.);
#2223=ORIENTED_EDGE('',*,*,#2222,.T.);
#2224=ORIENTED_EDGE('',*,*,#2167,.F.);
#2225=ORIENTED_EDGE('',*,*,#2206,.F.);
#2226=EDGE_LOOP('',(#2218,#2223,#2224,#2225));
#2227=FACE_OUTER_BOUND('',#2226,.T.);
#2228=CARTESIAN_POINT('',(655.7464,151.5,623.69317));
#2229=DIRECTION('',(0.,1.,0.));
#2230=DIRECTION('',(-0.99027,0.,0.13917));
#2231=AXIS2_PLACEMENT_3D('',#2228,#2229,#2230);
#2232=PLANE('',#2231);
#2233=ADVANCED_FACE('',(#2227),#2232,.T.);
#2234=ORIENTED_EDGE('',*,*,#2117,.F.);
#2235=ORIENTED_EDGE('',*,*,#2192,.T.);
#2236=ORIENTED_EDGE('',*,*,#2172,.T.);
#2237=ORIENTED_EDGE('',*,*,#2222,.F.);
#2238=EDGE_LOOP('',(#2234,#2235,#2236,#2237));
#2239=FACE_OUTER_BOUND('',#2238,.T.);
#2240=CARTESIAN_POINT('',(591.70906,151.5,632.69303));
#2241=DIRECTION('',(-0.99027,0.,0.13917));
#2242=DIRECTION('',(0.,-1.,0.));
#2243=AXIS2_PLACEMENT_3D('',#2240,#2241,#2242);
#2244=PLANE('',#2243);
#2245=ADVANCED_FACE('',(#2239),#2244,.T.);
#2246=CLOSED_SHELL('',(#2145,#2181,#2201,#2217,#2233,#2245));
#2247=MANIFOLD_SOLID_BREP('',#2246);
#2248=STYLED_ITEM('color',(#162),#2247);
#2249=CARTESIAN_POINT('',(658.7172,-151.5,623.27565));
#2250=VERTEX_POINT('',#2249);
#2251=CARTESIAN_POINT('',(658.7172,-78.,623.27565));
#2252=VERTEX_POINT('',#2251);
#2253=DIRECTION('',(0.,1.,0.));
#2254=VECTOR('',#2253,73.5);
#2255=LINE('',#2249,#2254);
#2256=EDGE_CURVE('',#2250,#2252,#2255,.T.);
#2257=ORIENTED_EDGE('',*,*,#2256,.T.);
#2258=CARTESIAN_POINT('',(722.75453,-78.,614.27579));
#2259=VERTEX_POINT('',#2258);
#2260=DIRECTION('',(-0.99027,0.,0.13917));
#2261=VECTOR('',#2260,64.66667);
#2262=LINE('',#2258,#2261);
#2263=EDGE_CURVE('',#2259,#2252,#2262,.T.);
#2264=ORIENTED_EDGE('',*,*,#2263,.F.);
#2265=CARTESIAN_POINT('',(722.75453,-151.5,614.27579));
#2266=VERTEX_POINT('',#2265);
#2267=DIRECTION('',(0.,1.,0.));
#2268=VECTOR('',#2267,73.5);
#2269=LINE('',#2265,#2268);
#2270=EDGE_CURVE('',#2266,#2259,#2269,.T.);
#2271=ORIENTED_EDGE('',*,*,#2270,.F.);
#2272=DIRECTION('',(0.99027,0.,-0.13917));
#2273=VECTOR('',#2272,64.66667);
#2274=LINE('',#2249,#2273);
#2275=EDGE_CURVE('',#2250,#2266,#2274,.T.);
#2276=ORIENTED_EDGE('',*,*,#2275,.F.);
#2277=EDGE_LOOP('',(#2257,#2264,#2271,#2276));
#2278=FACE_OUTER_BOUND('',#2277,.T.);
#2279=CARTESIAN_POINT('',(658.7172,-151.5,623.27565));
#2280=DIRECTION('',(-0.13917,0.,-0.99027));
#2281=DIRECTION('',(0.,1.,0.));
#2282=AXIS2_PLACEMENT_3D('',#2279,#2280,#2281);
#2283=PLANE('',#2282);
#2284=ADVANCED_FACE('',(#2278),#2283,.T.);
#2285=CARTESIAN_POINT('',(659.02338,-151.5,625.45424));
#2286=VERTEX_POINT('',#2285);
#2287=CARTESIAN_POINT('',(723.06072,-151.5,616.45438));
#2288=VERTEX_POINT('',#2287);
#2289=DIRECTION('',(0.99027,0.,-0.13917));
#2290=VECTOR('',#2289,64.66667);
#2291=LINE('',#2285,#2290);
#2292=EDGE_CURVE('',#2286,#2288,#2291,.T.);
#2293=ORIENTED_EDGE('',*,*,#2292,.T.);
#2294=CARTESIAN_POINT('',(723.06072,-78.,616.45438));
#2295=VERTEX_POINT('',#2294);
#2296=DIRECTION('',(0.,1.,0.));
#2297=VECTOR('',#2296,73.5);
#2298=LINE('',#2287,#2297);
#2299=EDGE_CURVE('',#2288,#2295,#2298,.T.);
#2300=ORIENTED_EDGE('',*,*,#2299,.T.);
#2301=CARTESIAN_POINT('',(659.02338,-78.,625.45424));
#2302=VERTEX_POINT('',#2301);
#2303=DIRECTION('',(-0.99027,0.,0.13917));
#2304=VECTOR('',#2303,64.66667);
#2305=LINE('',#2294,#2304);
#2306=EDGE_CURVE('',#2295,#2302,#2305,.T.);
#2307=ORIENTED_EDGE('',*,*,#2306,.T.);
#2308=DIRECTION('',(0.,1.,0.));
#2309=VECTOR('',#2308,73.5);
#2310=LINE('',#2285,#2309);
#2311=EDGE_CURVE('',#2286,#2302,#2310,.T.);
#2312=ORIENTED_EDGE('',*,*,#2311,.F.);
#2313=EDGE_LOOP('',(#2293,#2300,#2307,#2312));
#2314=FACE_OUTER_BOUND('',#2313,.T.);
#2315=CARTESIAN_POINT('',(659.02338,-151.5,625.45424));
#2316=DIRECTION('',(0.13917,0.,0.99027));
#2317=DIRECTION('',(0.99027,0.,-0.13917));
#2318=AXIS2_PLACEMENT_3D('',#2315,#2316,#2317);
#2319=PLANE('',#2318);
#2320=ADVANCED_FACE('',(#2314),#2319,.T.);
#2321=ORIENTED_EDGE('',*,*,#2275,.T.);
#2322=DIRECTION('',(0.13917,0.,0.99027));
#2323=VECTOR('',#2322,2.2);
#2324=LINE('',#2265,#2323);
#2325=EDGE_CURVE('',#2266,#2288,#2324,.T.);
#2326=ORIENTED_EDGE('',*,*,#2325,.T.);
#2327=ORIENTED_EDGE('',*,*,#2292,.F.);
#2328=DIRECTION('',(0.13917,0.,0.99027));
#2329=VECTOR('',#2328,2.2);
#2330=LINE('',#2249,#2329);
#2331=EDGE_CURVE('',#2250,#2286,#2330,.T.);
#2332=ORIENTED_EDGE('',*,*,#2331,.F.);
#2333=EDGE_LOOP('',(#2321,#2326,#2327,#2332));
#2334=FACE_OUTER_BOUND('',#2333,.T.);
#2335=CARTESIAN_POINT('',(658.7172,-151.5,623.27565));
#2336=DIRECTION('',(0.,-1.,0.));
#2337=DIRECTION('',(0.99027,0.,-0.13917));
#2338=AXIS2_PLACEMENT_3D('',#2335,#2336,#2337);
#2339=PLANE('',#2338);
#2340=ADVANCED_FACE('',(#2334),#2339,.T.);
#2341=ORIENTED_EDGE('',*,*,#2270,.T.);
#2342=DIRECTION('',(0.13917,0.,0.99027));
#2343=VECTOR('',#2342,2.2);
#2344=LINE('',#2258,#2343);
#2345=EDGE_CURVE('',#2259,#2295,#2344,.T.);
#2346=ORIENTED_EDGE('',*,*,#2345,.T.);
#2347=ORIENTED_EDGE('',*,*,#2299,.F.);
#2348=ORIENTED_EDGE('',*,*,#2325,.F.);
#2349=EDGE_LOOP('',(#2341,#2346,#2347,#2348));
#2350=FACE_OUTER_BOUND('',#2349,.T.);
#2351=CARTESIAN_POINT('',(722.75453,-151.5,614.27579));
#2352=DIRECTION('',(0.99027,0.,-0.13917));
#2353=DIRECTION('',(0.,1.,0.));
#2354=AXIS2_PLACEMENT_3D('',#2351,#2352,#2353);
#2355=PLANE('',#2354);
#2356=ADVANCED_FACE('',(#2350),#2355,.T.);
#2357=ORIENTED_EDGE('',*,*,#2263,.T.);
#2358=DIRECTION('',(0.13917,0.,0.99027));
#2359=VECTOR('',#2358,2.2);
#2360=LINE('',#2251,#2359);
#2361=EDGE_CURVE('',#2252,#2302,#2360,.T.);
#2362=ORIENTED_EDGE('',*,*,#2361,.T.);
#2363=ORIENTED_EDGE('',*,*,#2306,.F.);
#2364=ORIENTED_EDGE('',*,*,#2345,.F.);
#2365=EDGE_LOOP('',(#2357,#2362,#2363,#2364));
#2366=FACE_OUTER_BOUND('',#2365,.T.);
#2367=CARTESIAN_POINT('',(722.75453,-78.,614.27579));
#2368=DIRECTION('',(0.,1.,0.));
#2369=DIRECTION('',(-0.99027,0.,0.13917));
#2370=AXIS2_PLACEMENT_3D('',#2367,#2368,#2369);
#2371=PLANE('',#2370);
#2372=ADVANCED_FACE('',(#2366),#2371,.T.);
#2373=ORIENTED_EDGE('',*,*,#2256,.F.);
#2374=ORIENTED_EDGE('',*,*,#2331,.T.);
#2375=ORIENTED_EDGE('',*,*,#2311,.T.);
#2376=ORIENTED_EDGE('',*,*,#2361,.F.);
#2377=EDGE_LOOP('',(#2373,#2374,#2375,#2376));
#2378=FACE_OUTER_BOUND('',#2377,.T.);
#2379=CARTESIAN_POINT('',(658.7172,-78.,623.27565));
#2380=DIRECTION('',(-0.99027,0.,0.13917));
#2381=DIRECTION('',(0.,-1.,0.));
#2382=AXIS2_PLACEMENT_3D('',#2379,#2380,#2381);
#2383=PLANE('',#2382);
#2384=ADVANCED_FACE('',(#2378),#2383,.T.);
#2385=CLOSED_SHELL('',(#2284,#2320,#2340,#2356,#2372,#2384));
#2386=MANIFOLD_SOLID_BREP('',#2385);
#2387=STYLED_ITEM('color',(#162),#2386);
#2388=CARTESIAN_POINT('',(658.7172,-75.,623.27565));
#2389=VERTEX_POINT('',#2388);
#2390=CARTESIAN_POINT('',(658.7172,-1.5,623.27565));
#2391=VERTEX_POINT('',#2390);
#2392=DIRECTION('',(0.,1.,0.));
#2393=VECTOR('',#2392,73.5);
#2394=LINE('',#2388,#2393);
#2395=EDGE_CURVE('',#2389,#2391,#2394,.T.);
#2396=ORIENTED_EDGE('',*,*,#2395,.T.);
#2397=CARTESIAN_POINT('',(722.75453,-1.5,614.27579));
#2398=VERTEX_POINT('',#2397);
#2399=DIRECTION('',(-0.99027,0.,0.13917));
#2400=VECTOR('',#2399,64.66667);
#2401=LINE('',#2397,#2400);
#2402=EDGE_CURVE('',#2398,#2391,#2401,.T.);
#2403=ORIENTED_EDGE('',*,*,#2402,.F.);
#2404=CARTESIAN_POINT('',(722.75453,-75.,614.27579));
#2405=VERTEX_POINT('',#2404);
#2406=DIRECTION('',(0.,1.,0.));
#2407=VECTOR('',#2406,73.5);
#2408=LINE('',#2404,#2407);
#2409=EDGE_CURVE('',#2405,#2398,#2408,.T.);
#2410=ORIENTED_EDGE('',*,*,#2409,.F.);
#2411=DIRECTION('',(0.99027,0.,-0.13917));
#2412=VECTOR('',#2411,64.66667);
#2413=LINE('',#2388,#2412);
#2414=EDGE_CURVE('',#2389,#2405,#2413,.T.);
#2415=ORIENTED_EDGE('',*,*,#2414,.F.);
#2416=EDGE_LOOP('',(#2396,#2403,#2410,#2415));
#2417=FACE_OUTER_BOUND('',#2416,.T.);
#2418=CARTESIAN_POINT('',(658.7172,-75.,623.27565));
#2419=DIRECTION('',(-0.13917,0.,-0.99027));
#2420=DIRECTION('',(0.,1.,0.));
#2421=AXIS2_PLACEMENT_3D('',#2418,#2419,#2420);
#2422=PLANE('',#2421);
#2423=ADVANCED_FACE('',(#2417),#2422,.T.);
#2424=CARTESIAN_POINT('',(659.02338,-75.,625.45424));
#2425=VERTEX_POINT('',#2424);
#2426=CARTESIAN_POINT('',(723.06072,-75.,616.45438));
#2427=VERTEX_POINT('',#2426);
#2428=DIRECTION('',(0.99027,0.,-0.13917));
#2429=VECTOR('',#2428,64.66667);
#2430=LINE('',#2424,#2429);
#2431=EDGE_CURVE('',#2425,#2427,#2430,.T.);
#2432=ORIENTED_EDGE('',*,*,#2431,.T.);
#2433=CARTESIAN_POINT('',(723.06072,-1.5,616.45438));
#2434=VERTEX_POINT('',#2433);
#2435=DIRECTION('',(0.,1.,0.));
#2436=VECTOR('',#2435,73.5);
#2437=LINE('',#2426,#2436);
#2438=EDGE_CURVE('',#2427,#2434,#2437,.T.);
#2439=ORIENTED_EDGE('',*,*,#2438,.T.);
#2440=CARTESIAN_POINT('',(659.02338,-1.5,625.45424));
#2441=VERTEX_POINT('',#2440);
#2442=DIRECTION('',(-0.99027,0.,0.13917));
#2443=VECTOR('',#2442,64.66667);
#2444=LINE('',#2433,#2443);
#2445=EDGE_CURVE('',#2434,#2441,#2444,.T.);
#2446=ORIENTED_EDGE('',*,*,#2445,.T.);
#2447=DIRECTION('',(0.,1.,0.));
#2448=VECTOR('',#2447,73.5);
#2449=LINE('',#2424,#2448);
#2450=EDGE_CURVE('',#2425,#2441,#2449,.T.);
#2451=ORIENTED_EDGE('',*,*,#2450,.F.);
#2452=EDGE_LOOP('',(#2432,#2439,#2446,#2451));
#2453=FACE_OUTER_BOUND('',#2452,.T.);
#2454=CARTESIAN_POINT('',(659.02338,-75.,625.45424));
#2455=DIRECTION('',(0.13917,0.,0.99027));
#2456=DIRECTION('',(0.99027,0.,-0.13917));
#2457=AXIS2_PLACEMENT_3D('',#2454,#2455,#2456);
#2458=PLANE('',#2457);
#2459=ADVANCED_FACE('',(#2453),#2458,.T.);
#2460=ORIENTED_EDGE('',*,*,#2414,.T.);
#2461=DIRECTION('',(0.13917,0.,0.99027));
#2462=VECTOR('',#2461,2.2);
#2463=LINE('',#2404,#2462);
#2464=EDGE_CURVE('',#2405,#2427,#2463,.T.);
#2465=ORIENTED_EDGE('',*,*,#2464,.T.);
#2466=ORIENTED_EDGE('',*,*,#2431,.F.);
#2467=DIRECTION('',(0.13917,0.,0.99027));
#2468=VECTOR('',#2467,2.2);
#2469=LINE('',#2388,#2468);
#2470=EDGE_CURVE('',#2389,#2425,#2469,.T.);
#2471=ORIENTED_EDGE('',*,*,#2470,.F.);
#2472=EDGE_LOOP('',(#2460,#2465,#2466,#2471));
#2473=FACE_OUTER_BOUND('',#2472,.T.);
#2474=CARTESIAN_POINT('',(658.7172,-75.,623.27565));
#2475=DIRECTION('',(0.,-1.,0.));
#2476=DIRECTION('',(0.99027,0.,-0.13917));
#2477=AXIS2_PLACEMENT_3D('',#2474,#2475,#2476);
#2478=PLANE('',#2477);
#2479=ADVANCED_FACE('',(#2473),#2478,.T.);
#2480=ORIENTED_EDGE('',*,*,#2409,.T.);
#2481=DIRECTION('',(0.13917,0.,0.99027));
#2482=VECTOR('',#2481,2.2);
#2483=LINE('',#2397,#2482);
#2484=EDGE_CURVE('',#2398,#2434,#2483,.T.);
#2485=ORIENTED_EDGE('',*,*,#2484,.T.);
#2486=ORIENTED_EDGE('',*,*,#2438,.F.);
#2487=ORIENTED_EDGE('',*,*,#2464,.F.);
#2488=EDGE_LOOP('',(#2480,#2485,#2486,#2487));
#2489=FACE_OUTER_BOUND('',#2488,.T.);
#2490=CARTESIAN_POINT('',(722.75453,-75.,614.27579));
#2491=DIRECTION('',(0.99027,0.,-0.13917));
#2492=DIRECTION('',(0.,1.,0.));
#2493=AXIS2_PLACEMENT_3D('',#2490,#2491,#2492);
#2494=PLANE('',#2493);
#2495=ADVANCED_FACE('',(#2489),#2494,.T.);
#2496=ORIENTED_EDGE('',*,*,#2402,.T.);
#2497=DIRECTION('',(0.13917,0.,0.99027));
#2498=VECTOR('',#2497,2.2);
#2499=LINE('',#2390,#2498);
#2500=EDGE_CURVE('',#2391,#2441,#2499,.T.);
#2501=ORIENTED_EDGE('',*,*,#2500,.T.);
#2502=ORIENTED_EDGE('',*,*,#2445,.F.);
#2503=ORIENTED_EDGE('',*,*,#2484,.F.);
#2504=EDGE_LOOP('',(#2496,#2501,#2502,#2503));
#2505=FACE_OUTER_BOUND('',#2504,.T.);
#2506=CARTESIAN_POINT('',(722.75453,-1.5,614.27579));
#2507=DIRECTION('',(0.,1.,0.));
#2508=DIRECTION('',(-0.99027,0.,0.13917));
#2509=AXIS2_PLACEMENT_3D('',#2506,#2507,#2508);
#2510=PLANE('',#2509);
#2511=ADVANCED_FACE('',(#2505),#2510,.T.);
#2512=ORIENTED_EDGE('',*,*,#2395,.F.);
#2513=ORIENTED_EDGE('',*,*,#2470,.T.);
#2514=ORIENTED_EDGE('',*,*,#2450,.T.);
#2515=ORIENTED_EDGE('',*,*,#2500,.F.);
#2516=EDGE_LOOP('',(#2512,#2513,#2514,#2515));
#2517=FACE_OUTER_BOUND('',#2516,.T.);
#2518=CARTESIAN_POINT('',(658.7172,-1.5,623.27565));
#2519=DIRECTION('',(-0.99027,0.,0.13917));
#2520=DIRECTION('',(0.,-1.,0.));
#2521=AXIS2_PLACEMENT_3D('',#2518,#2519,#2520);
#2522=PLANE('',#2521);
#2523=ADVANCED_FACE('',(#2517),#2522,.T.);
#2524=CLOSED_SHELL('',(#2423,#2459,#2479,#2495,#2511,#2523));
#2525=MANIFOLD_SOLID_BREP('',#2524);
#2526=STYLED_ITEM('color',(#162),#2525);
#2527=CARTESIAN_POINT('',(658.7172,1.5,623.27565));
#2528=VERTEX_POINT('',#2527);
#2529=CARTESIAN_POINT('',(658.7172,75.,623.27565));
#2530=VERTEX_POINT('',#2529);
#2531=DIRECTION('',(0.,1.,0.));
#2532=VECTOR('',#2531,73.5);
#2533=LINE('',#2527,#2532);
#2534=EDGE_CURVE('',#2528,#2530,#2533,.T.);
#2535=ORIENTED_EDGE('',*,*,#2534,.T.);
#2536=CARTESIAN_POINT('',(722.75453,75.,614.27579));
#2537=VERTEX_POINT('',#2536);
#2538=DIRECTION('',(-0.99027,0.,0.13917));
#2539=VECTOR('',#2538,64.66667);
#2540=LINE('',#2536,#2539);
#2541=EDGE_CURVE('',#2537,#2530,#2540,.T.);
#2542=ORIENTED_EDGE('',*,*,#2541,.F.);
#2543=CARTESIAN_POINT('',(722.75453,1.5,614.27579));
#2544=VERTEX_POINT('',#2543);
#2545=DIRECTION('',(0.,1.,0.));
#2546=VECTOR('',#2545,73.5);
#2547=LINE('',#2543,#2546);
#2548=EDGE_CURVE('',#2544,#2537,#2547,.T.);
#2549=ORIENTED_EDGE('',*,*,#2548,.F.);
#2550=DIRECTION('',(0.99027,0.,-0.13917));
#2551=VECTOR('',#2550,64.66667);
#2552=LINE('',#2527,#2551);
#2553=EDGE_CURVE('',#2528,#2544,#2552,.T.);
#2554=ORIENTED_EDGE('',*,*,#2553,.F.);
#2555=EDGE_LOOP('',(#2535,#2542,#2549,#2554));
#2556=FACE_OUTER_BOUND('',#2555,.T.);
#2557=CARTESIAN_POINT('',(658.7172,1.5,623.27565));
#2558=DIRECTION('',(-0.13917,0.,-0.99027));
#2559=DIRECTION('',(0.,1.,0.));
#2560=AXIS2_PLACEMENT_3D('',#2557,#2558,#2559);
#2561=PLANE('',#2560);
#2562=ADVANCED_FACE('',(#2556),#2561,.T.);
#2563=CARTESIAN_POINT('',(659.02338,1.5,625.45424));
#2564=VERTEX_POINT('',#2563);
#2565=CARTESIAN_POINT('',(723.06072,1.5,616.45438));
#2566=VERTEX_POINT('',#2565);
#2567=DIRECTION('',(0.99027,0.,-0.13917));
#2568=VECTOR('',#2567,64.66667);
#2569=LINE('',#2563,#2568);
#2570=EDGE_CURVE('',#2564,#2566,#2569,.T.);
#2571=ORIENTED_EDGE('',*,*,#2570,.T.);
#2572=CARTESIAN_POINT('',(723.06072,75.,616.45438));
#2573=VERTEX_POINT('',#2572);
#2574=DIRECTION('',(0.,1.,0.));
#2575=VECTOR('',#2574,73.5);
#2576=LINE('',#2565,#2575);
#2577=EDGE_CURVE('',#2566,#2573,#2576,.T.);
#2578=ORIENTED_EDGE('',*,*,#2577,.T.);
#2579=CARTESIAN_POINT('',(659.02338,75.,625.45424));
#2580=VERTEX_POINT('',#2579);
#2581=DIRECTION('',(-0.99027,0.,0.13917));
#2582=VECTOR('',#2581,64.66667);
#2583=LINE('',#2572,#2582);
#2584=EDGE_CURVE('',#2573,#2580,#2583,.T.);
#2585=ORIENTED_EDGE('',*,*,#2584,.T.);
#2586=DIRECTION('',(0.,1.,0.));
#2587=VECTOR('',#2586,73.5);
#2588=LINE('',#2563,#2587);
#2589=EDGE_CURVE('',#2564,#2580,#2588,.T.);
#2590=ORIENTED_EDGE('',*,*,#2589,.F.);
#2591=EDGE_LOOP('',(#2571,#2578,#2585,#2590));
#2592=FACE_OUTER_BOUND('',#2591,.T.);
#2593=CARTESIAN_POINT('',(659.02338,1.5,625.45424));
#2594=DIRECTION('',(0.13917,0.,0.99027));
#2595=DIRECTION('',(0.99027,0.,-0.13917));
#2596=AXIS2_PLACEMENT_3D('',#2593,#2594,#2595);
#2597=PLANE('',#2596);
#2598=ADVANCED_FACE('',(#2592),#2597,.T.);
#2599=ORIENTED_EDGE('',*,*,#2553,.T.);
#2600=DIRECTION('',(0.13917,0.,0.99027));
#2601=VECTOR('',#2600,2.2);
#2602=LINE('',#2543,#2601);
#2603=EDGE_CURVE('',#2544,#2566,#2602,.T.);
#2604=ORIENTED_EDGE('',*,*,#2603,.T.);
#2605=ORIENTED_EDGE('',*,*,#2570,.F.);
#2606=DIRECTION('',(0.13917,0.,0.99027));
#2607=VECTOR('',#2606,2.2);
#2608=LINE('',#2527,#2607);
#2609=EDGE_CURVE('',#2528,#2564,#2608,.T.);
#2610=ORIENTED_EDGE('',*,*,#2609,.F.);
#2611=EDGE_LOOP('',(#2599,#2604,#2605,#2610));
#2612=FACE_OUTER_BOUND('',#2611,.T.);
#2613=CARTESIAN_POINT('',(658.7172,1.5,623.27565));
#2614=DIRECTION('',(0.,-1.,0.));
#2615=DIRECTION('',(0.99027,0.,-0.13917));
#2616=AXIS2_PLACEMENT_3D('',#2613,#2614,#2615);
#2617=PLANE('',#2616);
#2618=ADVANCED_FACE('',(#2612),#2617,.T.);
#2619=ORIENTED_EDGE('',*,*,#2548,.T.);
#2620=DIRECTION('',(0.13917,0.,0.99027));
#2621=VECTOR('',#2620,2.2);
#2622=LINE('',#2536,#2621);
#2623=EDGE_CURVE('',#2537,#2573,#2622,.T.);
#2624=ORIENTED_EDGE('',*,*,#2623,.T.);
#2625=ORIENTED_EDGE('',*,*,#2577,.F.);
#2626=ORIENTED_EDGE('',*,*,#2603,.F.);
#2627=EDGE_LOOP('',(#2619,#2624,#2625,#2626));
#2628=FACE_OUTER_BOUND('',#2627,.T.);
#2629=CARTESIAN_POINT('',(722.75453,1.5,614.27579));
#2630=DIRECTION('',(0.99027,0.,-0.13917));
#2631=DIRECTION('',(0.,1.,0.));
#2632=AXIS2_PLACEMENT_3D('',#2629,#2630,#2631);
#2633=PLANE('',#2632);
#2634=ADVANCED_FACE('',(#2628),#2633,.T.);
#2635=ORIENTED_EDGE('',*,*,#2541,.T.);
#2636=DIRECTION('',(0.13917,0.,0.99027));
#2637=VECTOR('',#2636,2.2);
#2638=LINE('',#2529,#2637);
#2639=EDGE_CURVE('',#2530,#2580,#2638,.T.);
#2640=ORIENTED_EDGE('',*,*,#2639,.T.);
#2641=ORIENTED_EDGE('',*,*,#2584,.F.);
#2642=ORIENTED_EDGE('',*,*,#2623,.F.);
#2643=EDGE_LOOP('',(#2635,#2640,#2641,#2642));
#2644=FACE_OUTER_BOUND('',#2643,.T.);
#2645=CARTESIAN_POINT('',(722.75453,75.,614.27579));
#2646=DIRECTION('',(0.,1.,0.));
#2647=DIRECTION('',(-0.99027,0.,0.13917));
#2648=AXIS2_PLACEMENT_3D('',#2645,#2646,#2647);
#2649=PLANE('',#2648);
#2650=ADVANCED_FACE('',(#2644),#2649,.T.);
#2651=ORIENTED_EDGE('',*,*,#2534,.F.);
#2652=ORIENTED_EDGE('',*,*,#2609,.T.);
#2653=ORIENTED_EDGE('',*,*,#2589,.T.);
#2654=ORIENTED_EDGE('',*,*,#2639,.F.);
#2655=EDGE_LOOP('',(#2651,#2652,#2653,#2654));
#2656=FACE_OUTER_BOUND('',#2655,.T.);
#2657=CARTESIAN_POINT('',(658.7172,75.,623.27565));
#2658=DIRECTION('',(-0.99027,0.,0.13917));
#2659=DIRECTION('',(0.,-1.,0.));
#2660=AXIS2_PLACEMENT_3D('',#2657,#2658,#2659);
#2661=PLANE('',#2660);
#2662=ADVANCED_FACE('',(#2656),#2661,.T.);
#2663=CLOSED_SHELL('',(#2562,#2598,#2618,#2634,#2650,#2662));
#2664=MANIFOLD_SOLID_BREP('',#2663);
#2665=STYLED_ITEM('color',(#162),#2664);
#2666=CARTESIAN_POINT('',(658.7172,78.,623.27565));
#2667=VERTEX_POINT('',#2666);
#2668=CARTESIAN_POINT('',(658.7172,151.5,623.27565));
#2669=VERTEX_POINT('',#2668);
#2670=DIRECTION('',(0.,1.,0.));
#2671=VECTOR('',#2670,73.5);
#2672=LINE('',#2666,#2671);
#2673=EDGE_CURVE('',#2667,#2669,#2672,.T.);
#2674=ORIENTED_EDGE('',*,*,#2673,.T.);
#2675=CARTESIAN_POINT('',(722.75453,151.5,614.27579));
#2676=VERTEX_POINT('',#2675);
#2677=DIRECTION('',(-0.99027,0.,0.13917));
#2678=VECTOR('',#2677,64.66667);
#2679=LINE('',#2675,#2678);
#2680=EDGE_CURVE('',#2676,#2669,#2679,.T.);
#2681=ORIENTED_EDGE('',*,*,#2680,.F.);
#2682=CARTESIAN_POINT('',(722.75453,78.,614.27579));
#2683=VERTEX_POINT('',#2682);
#2684=DIRECTION('',(0.,1.,0.));
#2685=VECTOR('',#2684,73.5);
#2686=LINE('',#2682,#2685);
#2687=EDGE_CURVE('',#2683,#2676,#2686,.T.);
#2688=ORIENTED_EDGE('',*,*,#2687,.F.);
#2689=DIRECTION('',(0.99027,0.,-0.13917));
#2690=VECTOR('',#2689,64.66667);
#2691=LINE('',#2666,#2690);
#2692=EDGE_CURVE('',#2667,#2683,#2691,.T.);
#2693=ORIENTED_EDGE('',*,*,#2692,.F.);
#2694=EDGE_LOOP('',(#2674,#2681,#2688,#2693));
#2695=FACE_OUTER_BOUND('',#2694,.T.);
#2696=CARTESIAN_POINT('',(658.7172,78.,623.27565));
#2697=DIRECTION('',(-0.13917,0.,-0.99027));
#2698=DIRECTION('',(0.,1.,0.));
#2699=AXIS2_PLACEMENT_3D('',#2696,#2697,#2698);
#2700=PLANE('',#2699);
#2701=ADVANCED_FACE('',(#2695),#2700,.T.);
#2702=CARTESIAN_POINT('',(659.02338,78.,625.45424));
#2703=VERTEX_POINT('',#2702);
#2704=CARTESIAN_POINT('',(723.06072,78.,616.45438));
#2705=VERTEX_POINT('',#2704);
#2706=DIRECTION('',(0.99027,0.,-0.13917));
#2707=VECTOR('',#2706,64.66667);
#2708=LINE('',#2702,#2707);
#2709=EDGE_CURVE('',#2703,#2705,#2708,.T.);
#2710=ORIENTED_EDGE('',*,*,#2709,.T.);
#2711=CARTESIAN_POINT('',(723.06072,151.5,616.45438));
#2712=VERTEX_POINT('',#2711);
#2713=DIRECTION('',(0.,1.,0.));
#2714=VECTOR('',#2713,73.5);
#2715=LINE('',#2704,#2714);
#2716=EDGE_CURVE('',#2705,#2712,#2715,.T.);
#2717=ORIENTED_EDGE('',*,*,#2716,.T.);
#2718=CARTESIAN_POINT('',(659.02338,151.5,625.45424));
#2719=VERTEX_POINT('',#2718);
#2720=DIRECTION('',(-0.99027,0.,0.13917));
#2721=VECTOR('',#2720,64.66667);
#2722=LINE('',#2711,#2721);
#2723=EDGE_CURVE('',#2712,#2719,#2722,.T.);
#2724=ORIENTED_EDGE('',*,*,#2723,.T.);
#2725=DIRECTION('',(0.,1.,0.));
#2726=VECTOR('',#2725,73.5);
#2727=LINE('',#2702,#2726);
#2728=EDGE_CURVE('',#2703,#2719,#2727,.T.);
#2729=ORIENTED_EDGE('',*,*,#2728,.F.);
#2730=EDGE_LOOP('',(#2710,#2717,#2724,#2729));
#2731=FACE_OUTER_BOUND('',#2730,.T.);
#2732=CARTESIAN_POINT('',(659.02338,78.,625.45424));
#2733=DIRECTION('',(0.13917,0.,0.99027));
#2734=DIRECTION('',(0.99027,0.,-0.13917));
#2735=AXIS2_PLACEMENT_3D('',#2732,#2733,#2734);
#2736=PLANE('',#2735);
#2737=ADVANCED_FACE('',(#2731),#2736,.T.);
#2738=ORIENTED_EDGE('',*,*,#2692,.T.);
#2739=DIRECTION('',(0.13917,0.,0.99027));
#2740=VECTOR('',#2739,2.2);
#2741=LINE('',#2682,#2740);
#2742=EDGE_CURVE('',#2683,#2705,#2741,.T.);
#2743=ORIENTED_EDGE('',*,*,#2742,.T.);
#2744=ORIENTED_EDGE('',*,*,#2709,.F.);
#2745=DIRECTION('',(0.13917,0.,0.99027));
#2746=VECTOR('',#2745,2.2);
#2747=LINE('',#2666,#2746);
#2748=EDGE_CURVE('',#2667,#2703,#2747,.T.);
#2749=ORIENTED_EDGE('',*,*,#2748,.F.);
#2750=EDGE_LOOP('',(#2738,#2743,#2744,#2749));
#2751=FACE_OUTER_BOUND('',#2750,.T.);
#2752=CARTESIAN_POINT('',(658.7172,78.,623.27565));
#2753=DIRECTION('',(0.,-1.,0.));
#2754=DIRECTION('',(0.99027,0.,-0.13917));
#2755=AXIS2_PLACEMENT_3D('',#2752,#2753,#2754);
#2756=PLANE('',#2755);
#2757=ADVANCED_FACE('',(#2751),#2756,.T.);
#2758=ORIENTED_EDGE('',*,*,#2687,.T.);
#2759=DIRECTION('',(0.13917,0.,0.99027));
#2760=VECTOR('',#2759,2.2);
#2761=LINE('',#2675,#2760);
#2762=EDGE_CURVE('',#2676,#2712,#2761,.T.);
#2763=ORIENTED_EDGE('',*,*,#2762,.T.);
#2764=ORIENTED_EDGE('',*,*,#2716,.F.);
#2765=ORIENTED_EDGE('',*,*,#2742,.F.);
#2766=EDGE_LOOP('',(#2758,#2763,#2764,#2765));
#2767=FACE_OUTER_BOUND('',#2766,.T.);
#2768=CARTESIAN_POINT('',(722.75453,78.,614.27579));
#2769=DIRECTION('',(0.99027,0.,-0.13917));
#2770=DIRECTION('',(0.,1.,0.));
#2771=AXIS2_PLACEMENT_3D('',#2768,#2769,#2770);
#2772=PLANE('',#2771);
#2773=ADVANCED_FACE('',(#2767),#2772,.T.);
#2774=ORIENTED_EDGE('',*,*,#2680,.T.);
#2775=DIRECTION('',(0.13917,0.,0.99027));
#2776=VECTOR('',#2775,2.2);
#2777=LINE('',#2668,#2776);
#2778=EDGE_CURVE('',#2669,#2719,#2777,.T.);
#2779=ORIENTED_EDGE('',*,*,#2778,.T.);
#2780=ORIENTED_EDGE('',*,*,#2723,.F.);
#2781=ORIENTED_EDGE('',*,*,#2762,.F.);
#2782=EDGE_LOOP('',(#2774,#2779,#2780,#2781));
#2783=FACE_OUTER_BOUND('',#2782,.T.);
#2784=CARTESIAN_POINT('',(722.75453,151.5,614.27579));
#2785=DIRECTION('',(0.,1.,0.));
#2786=DIRECTION('',(-0.99027,0.,0.13917));
#2787=AXIS2_PLACEMENT_3D('',#2784,#2785,#2786);
#2788=PLANE('',#2787);
#2789=ADVANCED_FACE('',(#2783),#2788,.T.);
#2790=ORIENTED_EDGE('',*,*,#2673,.F.);
#2791=ORIENTED_EDGE('',*,*,#2748,.T.);
#2792=ORIENTED_EDGE('',*,*,#2728,.T.);
#2793=ORIENTED_EDGE('',*,*,#2778,.F.);
#2794=EDGE_LOOP('',(#2790,#2791,#2792,#2793));
#2795=FACE_OUTER_BOUND('',#2794,.T.);
#2796=CARTESIAN_POINT('',(658.7172,151.5,623.27565));
#2797=DIRECTION('',(-0.99027,0.,0.13917));
#2798=DIRECTION('',(0.,-1.,0.));
#2799=AXIS2_PLACEMENT_3D('',#2796,#2797,#2798);
#2800=PLANE('',#2799);
#2801=ADVANCED_FACE('',(#2795),#2800,.T.);
#2802=CLOSED_SHELL('',(#2701,#2737,#2757,#2773,#2789,#2801));
#2803=MANIFOLD_SOLID_BREP('',#2802);
#2804=STYLED_ITEM('color',(#162),#2803);
#2805=CARTESIAN_POINT('',(725.72534,-151.5,613.85827));
#2806=VERTEX_POINT('',#2805);
#2807=CARTESIAN_POINT('',(725.72534,-78.,613.85827));
#2808=VERTEX_POINT('',#2807);
#2809=DIRECTION('',(0.,1.,0.));
#2810=VECTOR('',#2809,73.5);
#2811=LINE('',#2805,#2810);
#2812=EDGE_CURVE('',#2806,#2808,#2811,.T.);
#2813=ORIENTED_EDGE('',*,*,#2812,.T.);
#2814=CARTESIAN_POINT('',(789.76267,-78.,604.85841));
#2815=VERTEX_POINT('',#2814);
#2816=DIRECTION('',(-0.99027,0.,0.13917));
#2817=VECTOR('',#2816,64.66667);
#2818=LINE('',#2814,#2817);
#2819=EDGE_CURVE('',#2815,#2808,#2818,.T.);
#2820=ORIENTED_EDGE('',*,*,#2819,.F.);
#2821=CARTESIAN_POINT('',(789.76267,-151.5,604.85841));
#2822=VERTEX_POINT('',#2821);
#2823=DIRECTION('',(0.,1.,0.));
#2824=VECTOR('',#2823,73.5);
#2825=LINE('',#2821,#2824);
#2826=EDGE_CURVE('',#2822,#2815,#2825,.T.);
#2827=ORIENTED_EDGE('',*,*,#2826,.F.);
#2828=DIRECTION('',(0.99027,0.,-0.13917));
#2829=VECTOR('',#2828,64.66667);
#2830=LINE('',#2805,#2829);
#2831=EDGE_CURVE('',#2806,#2822,#2830,.T.);
#2832=ORIENTED_EDGE('',*,*,#2831,.F.);
#2833=EDGE_LOOP('',(#2813,#2820,#2827,#2832));
#2834=FACE_OUTER_BOUND('',#2833,.T.);
#2835=CARTESIAN_POINT('',(725.72534,-151.5,613.85827));
#2836=DIRECTION('',(-0.13917,0.,-0.99027));
#2837=DIRECTION('',(0.,1.,0.));
#2838=AXIS2_PLACEMENT_3D('',#2835,#2836,#2837);
#2839=PLANE('',#2838);
#2840=ADVANCED_FACE('',(#2834),#2839,.T.);
#2841=CARTESIAN_POINT('',(726.03152,-151.5,616.03686));
#2842=VERTEX_POINT('',#2841);
#2843=CARTESIAN_POINT('',(790.06885,-151.5,607.037));
#2844=VERTEX_POINT('',#2843);
#2845=DIRECTION('',(0.99027,0.,-0.13917));
#2846=VECTOR('',#2845,64.66667);
#2847=LINE('',#2841,#2846);
#2848=EDGE_CURVE('',#2842,#2844,#2847,.T.);
#2849=ORIENTED_EDGE('',*,*,#2848,.T.);
#2850=CARTESIAN_POINT('',(790.06885,-78.,607.037));
#2851=VERTEX_POINT('',#2850);
#2852=DIRECTION('',(0.,1.,0.));
#2853=VECTOR('',#2852,73.5);
#2854=LINE('',#2843,#2853);
#2855=EDGE_CURVE('',#2844,#2851,#2854,.T.);
#2856=ORIENTED_EDGE('',*,*,#2855,.T.);
#2857=CARTESIAN_POINT('',(726.03152,-78.,616.03686));
#2858=VERTEX_POINT('',#2857);
#2859=DIRECTION('',(-0.99027,0.,0.13917));
#2860=VECTOR('',#2859,64.66667);
#2861=LINE('',#2850,#2860);
#2862=EDGE_CURVE('',#2851,#2858,#2861,.T.);
#2863=ORIENTED_EDGE('',*,*,#2862,.T.);
#2864=DIRECTION('',(0.,1.,0.));
#2865=VECTOR('',#2864,73.5);
#2866=LINE('',#2841,#2865);
#2867=EDGE_CURVE('',#2842,#2858,#2866,.T.);
#2868=ORIENTED_EDGE('',*,*,#2867,.F.);
#2869=EDGE_LOOP('',(#2849,#2856,#2863,#2868));
#2870=FACE_OUTER_BOUND('',#2869,.T.);
#2871=CARTESIAN_POINT('',(726.03152,-151.5,616.03686));
#2872=DIRECTION('',(0.13917,0.,0.99027));
#2873=DIRECTION('',(0.99027,0.,-0.13917));
#2874=AXIS2_PLACEMENT_3D('',#2871,#2872,#2873);
#2875=PLANE('',#2874);
#2876=ADVANCED_FACE('',(#2870),#2875,.T.);
#2877=ORIENTED_EDGE('',*,*,#2831,.T.);
#2878=DIRECTION('',(0.13917,0.,0.99027));
#2879=VECTOR('',#2878,2.2);
#2880=LINE('',#2821,#2879);
#2881=EDGE_CURVE('',#2822,#2844,#2880,.T.);
#2882=ORIENTED_EDGE('',*,*,#2881,.T.);
#2883=ORIENTED_EDGE('',*,*,#2848,.F.);
#2884=DIRECTION('',(0.13917,0.,0.99027));
#2885=VECTOR('',#2884,2.2);
#2886=LINE('',#2805,#2885);
#2887=EDGE_CURVE('',#2806,#2842,#2886,.T.);
#2888=ORIENTED_EDGE('',*,*,#2887,.F.);
#2889=EDGE_LOOP('',(#2877,#2882,#2883,#2888));
#2890=FACE_OUTER_BOUND('',#2889,.T.);
#2891=CARTESIAN_POINT('',(725.72534,-151.5,613.85827));
#2892=DIRECTION('',(0.,-1.,0.));
#2893=DIRECTION('',(0.99027,0.,-0.13917));
#2894=AXIS2_PLACEMENT_3D('',#2891,#2892,#2893);
#2895=PLANE('',#2894);
#2896=ADVANCED_FACE('',(#2890),#2895,.T.);
#2897=ORIENTED_EDGE('',*,*,#2826,.T.);
#2898=DIRECTION('',(0.13917,0.,0.99027));
#2899=VECTOR('',#2898,2.2);
#2900=LINE('',#2814,#2899);
#2901=EDGE_CURVE('',#2815,#2851,#2900,.T.);
#2902=ORIENTED_EDGE('',*,*,#2901,.T.);
#2903=ORIENTED_EDGE('',*,*,#2855,.F.);
#2904=ORIENTED_EDGE('',*,*,#2881,.F.);
#2905=EDGE_LOOP('',(#2897,#2902,#2903,#2904));
#2906=FACE_OUTER_BOUND('',#2905,.T.);
#2907=CARTESIAN_POINT('',(789.76267,-151.5,604.85841));
#2908=DIRECTION('',(0.99027,0.,-0.13917));
#2909=DIRECTION('',(0.,1.,0.));
#2910=AXIS2_PLACEMENT_3D('',#2907,#2908,#2909);
#2911=PLANE('',#2910);
#2912=ADVANCED_FACE('',(#2906),#2911,.T.);
#2913=ORIENTED_EDGE('',*,*,#2819,.T.);
#2914=DIRECTION('',(0.13917,0.,0.99027));
#2915=VECTOR('',#2914,2.2);
#2916=LINE('',#2807,#2915);
#2917=EDGE_CURVE('',#2808,#2858,#2916,.T.);
#2918=ORIENTED_EDGE('',*,*,#2917,.T.);
#2919=ORIENTED_EDGE('',*,*,#2862,.F.);
#2920=ORIENTED_EDGE('',*,*,#2901,.F.);
#2921=EDGE_LOOP('',(#2913,#2918,#2919,#2920));
#2922=FACE_OUTER_BOUND('',#2921,.T.);
#2923=CARTESIAN_POINT('',(789.76267,-78.,604.85841));
#2924=DIRECTION('',(0.,1.,0.));
#2925=DIRECTION('',(-0.99027,0.,0.13917));
#2926=AXIS2_PLACEMENT_3D('',#2923,#2924,#2925);
#2927=PLANE('',#2926);
#2928=ADVANCED_FACE('',(#2922),#2927,.T.);
#2929=ORIENTED_EDGE('',*,*,#2812,.F.);
#2930=ORIENTED_EDGE('',*,*,#2887,.T.);
#2931=ORIENTED_EDGE('',*,*,#2867,.T.);
#2932=ORIENTED_EDGE('',*,*,#2917,.F.);
#2933=EDGE_LOOP('',(#2929,#2930,#2931,#2932));
#2934=FACE_OUTER_BOUND('',#2933,.T.);
#2935=CARTESIAN_POINT('',(725.72534,-78.,613.85827));
#2936=DIRECTION('',(-0.99027,0.,0.13917));
#2937=DIRECTION('',(0.,-1.,0.));
#2938=AXIS2_PLACEMENT_3D('',#2935,#2936,#2937);
#2939=PLANE('',#2938);
#2940=ADVANCED_FACE('',(#2934),#2939,.T.);
#2941=CLOSED_SHELL('',(#2840,#2876,#2896,#2912,#2928,#2940));
#2942=MANIFOLD_SOLID_BREP('',#2941);
#2943=STYLED_ITEM('color',(#162),#2942);
#2944=CARTESIAN_POINT('',(725.72534,-75.,613.85827));
#2945=VERTEX_POINT('',#2944);
#2946=CARTESIAN_POINT('',(725.72534,-1.5,613.85827));
#2947=VERTEX_POINT('',#2946);
#2948=DIRECTION('',(0.,1.,0.));
#2949=VECTOR('',#2948,73.5);
#2950=LINE('',#2944,#2949);
#2951=EDGE_CURVE('',#2945,#2947,#2950,.T.);
#2952=ORIENTED_EDGE('',*,*,#2951,.T.);
#2953=CARTESIAN_POINT('',(789.76267,-1.5,604.85841));
#2954=VERTEX_POINT('',#2953);
#2955=DIRECTION('',(-0.99027,0.,0.13917));
#2956=VECTOR('',#2955,64.66667);
#2957=LINE('',#2953,#2956);
#2958=EDGE_CURVE('',#2954,#2947,#2957,.T.);
#2959=ORIENTED_EDGE('',*,*,#2958,.F.);
#2960=CARTESIAN_POINT('',(789.76267,-75.,604.85841));
#2961=VERTEX_POINT('',#2960);
#2962=DIRECTION('',(0.,1.,0.));
#2963=VECTOR('',#2962,73.5);
#2964=LINE('',#2960,#2963);
#2965=EDGE_CURVE('',#2961,#2954,#2964,.T.);
#2966=ORIENTED_EDGE('',*,*,#2965,.F.);
#2967=DIRECTION('',(0.99027,0.,-0.13917));
#2968=VECTOR('',#2967,64.66667);
#2969=LINE('',#2944,#2968);
#2970=EDGE_CURVE('',#2945,#2961,#2969,.T.);
#2971=ORIENTED_EDGE('',*,*,#2970,.F.);
#2972=EDGE_LOOP('',(#2952,#2959,#2966,#2971));
#2973=FACE_OUTER_BOUND('',#2972,.T.);
#2974=CARTESIAN_POINT('',(725.72534,-75.,613.85827));
#2975=DIRECTION('',(-0.13917,0.,-0.99027));
#2976=DIRECTION('',(0.,1.,0.));
#2977=AXIS2_PLACEMENT_3D('',#2974,#2975,#2976);
#2978=PLANE('',#2977);
#2979=ADVANCED_FACE('',(#2973),#2978,.T.);
#2980=CARTESIAN_POINT('',(726.03152,-75.,616.03686));
#2981=VERTEX_POINT('',#2980);
#2982=CARTESIAN_POINT('',(790.06885,-75.,607.037));
#2983=VERTEX_POINT('',#2982);
#2984=DIRECTION('',(0.99027,0.,-0.13917));
#2985=VECTOR('',#2984,64.66667);
#2986=LINE('',#2980,#2985);
#2987=EDGE_CURVE('',#2981,#2983,#2986,.T.);
#2988=ORIENTED_EDGE('',*,*,#2987,.T.);
#2989=CARTESIAN_POINT('',(790.06885,-1.5,607.037));
#2990=VERTEX_POINT('',#2989);
#2991=DIRECTION('',(0.,1.,0.));
#2992=VECTOR('',#2991,73.5);
#2993=LINE('',#2982,#2992);
#2994=EDGE_CURVE('',#2983,#2990,#2993,.T.);
#2995=ORIENTED_EDGE('',*,*,#2994,.T.);
#2996=CARTESIAN_POINT('',(726.03152,-1.5,616.03686));
#2997=VERTEX_POINT('',#2996);
#2998=DIRECTION('',(-0.99027,0.,0.13917));
#2999=VECTOR('',#2998,64.66667);
#3000=LINE('',#2989,#2999);
#3001=EDGE_CURVE('',#2990,#2997,#3000,.T.);
#3002=ORIENTED_EDGE('',*,*,#3001,.T.);
#3003=DIRECTION('',(0.,1.,0.));
#3004=VECTOR('',#3003,73.5);
#3005=LINE('',#2980,#3004);
#3006=EDGE_CURVE('',#2981,#2997,#3005,.T.);
#3007=ORIENTED_EDGE('',*,*,#3006,.F.);
#3008=EDGE_LOOP('',(#2988,#2995,#3002,#3007));
#3009=FACE_OUTER_BOUND('',#3008,.T.);
#3010=CARTESIAN_POINT('',(726.03152,-75.,616.03686));
#3011=DIRECTION('',(0.13917,0.,0.99027));
#3012=DIRECTION('',(0.99027,0.,-0.13917));
#3013=AXIS2_PLACEMENT_3D('',#3010,#3011,#3012);
#3014=PLANE('',#3013);
#3015=ADVANCED_FACE('',(#3009),#3014,.T.);
#3016=ORIENTED_EDGE('',*,*,#2970,.T.);
#3017=DIRECTION('',(0.13917,0.,0.99027));
#3018=VECTOR('',#3017,2.2);
#3019=LINE('',#2960,#3018);
#3020=EDGE_CURVE('',#2961,#2983,#3019,.T.);
#3021=ORIENTED_EDGE('',*,*,#3020,.T.);
#3022=ORIENTED_EDGE('',*,*,#2987,.F.);
#3023=DIRECTION('',(0.13917,0.,0.99027));
#3024=VECTOR('',#3023,2.2);
#3025=LINE('',#2944,#3024);
#3026=EDGE_CURVE('',#2945,#2981,#3025,.T.);
#3027=ORIENTED_EDGE('',*,*,#3026,.F.);
#3028=EDGE_LOOP('',(#3016,#3021,#3022,#3027));
#3029=FACE_OUTER_BOUND('',#3028,.T.);
#3030=CARTESIAN_POINT('',(725.72534,-75.,613.85827));
#3031=DIRECTION('',(0.,-1.,0.));
#3032=DIRECTION('',(0.99027,0.,-0.13917));
#3033=AXIS2_PLACEMENT_3D('',#3030,#3031,#3032);
#3034=PLANE('',#3033);
#3035=ADVANCED_FACE('',(#3029),#3034,.T.);
#3036=ORIENTED_EDGE('',*,*,#2965,.T.);
#3037=DIRECTION('',(0.13917,0.,0.99027));
#3038=VECTOR('',#3037,2.2);
#3039=LINE('',#2953,#3038);
#3040=EDGE_CURVE('',#2954,#2990,#3039,.T.);
#3041=ORIENTED_EDGE('',*,*,#3040,.T.);
#3042=ORIENTED_EDGE('',*,*,#2994,.F.);
#3043=ORIENTED_EDGE('',*,*,#3020,.F.);
#3044=EDGE_LOOP('',(#3036,#3041,#3042,#3043));
#3045=FACE_OUTER_BOUND('',#3044,.T.);
#3046=CARTESIAN_POINT('',(789.76267,-75.,604.85841));
#3047=DIRECTION('',(0.99027,0.,-0.13917));
#3048=DIRECTION('',(0.,1.,0.));
#3049=AXIS2_PLACEMENT_3D('',#3046,#3047,#3048);
#3050=PLANE('',#3049);
#3051=ADVANCED_FACE('',(#3045),#3050,.T.);
#3052=ORIENTED_EDGE('',*,*,#2958,.T.);
#3053=DIRECTION('',(0.13917,0.,0.99027));
#3054=VECTOR('',#3053,2.2);
#3055=LINE('',#2946,#3054);
#3056=EDGE_CURVE('',#2947,#2997,#3055,.T.);
#3057=ORIENTED_EDGE('',*,*,#3056,.T.);
#3058=ORIENTED_EDGE('',*,*,#3001,.F.);
#3059=ORIENTED_EDGE('',*,*,#3040,.F.);
#3060=EDGE_LOOP('',(#3052,#3057,#3058,#3059));
#3061=FACE_OUTER_BOUND('',#3060,.T.);
#3062=CARTESIAN_POINT('',(789.76267,-1.5,604.85841));
#3063=DIRECTION('',(0.,1.,0.));
#3064=DIRECTION('',(-0.99027,0.,0.13917));
#3065=AXIS2_PLACEMENT_3D('',#3062,#3063,#3064);
#3066=PLANE('',#3065);
#3067=ADVANCED_FACE('',(#3061),#3066,.T.);
#3068=ORIENTED_EDGE('',*,*,#2951,.F.);
#3069=ORIENTED_EDGE('',*,*,#3026,.T.);
#3070=ORIENTED_EDGE('',*,*,#3006,.T.);
#3071=ORIENTED_EDGE('',*,*,#3056,.F.);
#3072=EDGE_LOOP('',(#3068,#3069,#3070,#3071));
#3073=FACE_OUTER_BOUND('',#3072,.T.);
#3074=CARTESIAN_POINT('',(725.72534,-1.5,613.85827));
#3075=DIRECTION('',(-0.99027,0.,0.13917));
#3076=DIRECTION('',(0.,-1.,0.));
#3077=AXIS2_PLACEMENT_3D('',#3074,#3075,#3076);
#3078=PLANE('',#3077);
#3079=ADVANCED_FACE('',(#3073),#3078,.T.);
#3080=CLOSED_SHELL('',(#2979,#3015,#3035,#3051,#3067,#3079));
#3081=MANIFOLD_SOLID_BREP('',#3080);
#3082=STYLED_ITEM('color',(#162),#3081);
#3083=CARTESIAN_POINT('',(725.72534,1.5,613.85827));
#3084=VERTEX_POINT('',#3083);
#3085=CARTESIAN_POINT('',(725.72534,75.,613.85827));
#3086=VERTEX_POINT('',#3085);
#3087=DIRECTION('',(0.,1.,0.));
#3088=VECTOR('',#3087,73.5);
#3089=LINE('',#3083,#3088);
#3090=EDGE_CURVE('',#3084,#3086,#3089,.T.);
#3091=ORIENTED_EDGE('',*,*,#3090,.T.);
#3092=CARTESIAN_POINT('',(789.76267,75.,604.85841));
#3093=VERTEX_POINT('',#3092);
#3094=DIRECTION('',(-0.99027,0.,0.13917));
#3095=VECTOR('',#3094,64.66667);
#3096=LINE('',#3092,#3095);
#3097=EDGE_CURVE('',#3093,#3086,#3096,.T.);
#3098=ORIENTED_EDGE('',*,*,#3097,.F.);
#3099=CARTESIAN_POINT('',(789.76267,1.5,604.85841));
#3100=VERTEX_POINT('',#3099);
#3101=DIRECTION('',(0.,1.,0.));
#3102=VECTOR('',#3101,73.5);
#3103=LINE('',#3099,#3102);
#3104=EDGE_CURVE('',#3100,#3093,#3103,.T.);
#3105=ORIENTED_EDGE('',*,*,#3104,.F.);
#3106=DIRECTION('',(0.99027,0.,-0.13917));
#3107=VECTOR('',#3106,64.66667);
#3108=LINE('',#3083,#3107);
#3109=EDGE_CURVE('',#3084,#3100,#3108,.T.);
#3110=ORIENTED_EDGE('',*,*,#3109,.F.);
#3111=EDGE_LOOP('',(#3091,#3098,#3105,#3110));
#3112=FACE_OUTER_BOUND('',#3111,.T.);
#3113=CARTESIAN_POINT('',(725.72534,1.5,613.85827));
#3114=DIRECTION('',(-0.13917,0.,-0.99027));
#3115=DIRECTION('',(0.,1.,0.));
#3116=AXIS2_PLACEMENT_3D('',#3113,#3114,#3115);
#3117=PLANE('',#3116);
#3118=ADVANCED_FACE('',(#3112),#3117,.T.);
#3119=CARTESIAN_POINT('',(726.03152,1.5,616.03686));
#3120=VERTEX_POINT('',#3119);
#3121=CARTESIAN_POINT('',(790.06885,1.5,607.037));
#3122=VERTEX_POINT('',#3121);
#3123=DIRECTION('',(0.99027,0.,-0.13917));
#3124=VECTOR('',#3123,64.66667);
#3125=LINE('',#3119,#3124);
#3126=EDGE_CURVE('',#3120,#3122,#3125,.T.);
#3127=ORIENTED_EDGE('',*,*,#3126,.T.);
#3128=CARTESIAN_POINT('',(790.06885,75.,607.037));
#3129=VERTEX_POINT('',#3128);
#3130=DIRECTION('',(0.,1.,0.));
#3131=VECTOR('',#3130,73.5);
#3132=LINE('',#3121,#3131);
#3133=EDGE_CURVE('',#3122,#3129,#3132,.T.);
#3134=ORIENTED_EDGE('',*,*,#3133,.T.);
#3135=CARTESIAN_POINT('',(726.03152,75.,616.03686));
#3136=VERTEX_POINT('',#3135);
#3137=DIRECTION('',(-0.99027,0.,0.13917));
#3138=VECTOR('',#3137,64.66667);
#3139=LINE('',#3128,#3138);
#3140=EDGE_CURVE('',#3129,#3136,#3139,.T.);
#3141=ORIENTED_EDGE('',*,*,#3140,.T.);
#3142=DIRECTION('',(0.,1.,0.));
#3143=VECTOR('',#3142,73.5);
#3144=LINE('',#3119,#3143);
#3145=EDGE_CURVE('',#3120,#3136,#3144,.T.);
#3146=ORIENTED_EDGE('',*,*,#3145,.F.);
#3147=EDGE_LOOP('',(#3127,#3134,#3141,#3146));
#3148=FACE_OUTER_BOUND('',#3147,.T.);
#3149=CARTESIAN_POINT('',(726.03152,1.5,616.03686));
#3150=DIRECTION('',(0.13917,0.,0.99027));
#3151=DIRECTION('',(0.99027,0.,-0.13917));
#3152=AXIS2_PLACEMENT_3D('',#3149,#3150,#3151);
#3153=PLANE('',#3152);
#3154=ADVANCED_FACE('',(#3148),#3153,.T.);
#3155=ORIENTED_EDGE('',*,*,#3109,.T.);
#3156=DIRECTION('',(0.13917,0.,0.99027));
#3157=VECTOR('',#3156,2.2);
#3158=LINE('',#3099,#3157);
#3159=EDGE_CURVE('',#3100,#3122,#3158,.T.);
#3160=ORIENTED_EDGE('',*,*,#3159,.T.);
#3161=ORIENTED_EDGE('',*,*,#3126,.F.);
#3162=DIRECTION('',(0.13917,0.,0.99027));
#3163=VECTOR('',#3162,2.2);
#3164=LINE('',#3083,#3163);
#3165=EDGE_CURVE('',#3084,#3120,#3164,.T.);
#3166=ORIENTED_EDGE('',*,*,#3165,.F.);
#3167=EDGE_LOOP('',(#3155,#3160,#3161,#3166));
#3168=FACE_OUTER_BOUND('',#3167,.T.);
#3169=CARTESIAN_POINT('',(725.72534,1.5,613.85827));
#3170=DIRECTION('',(0.,-1.,0.));
#3171=DIRECTION('',(0.99027,0.,-0.13917));
#3172=AXIS2_PLACEMENT_3D('',#3169,#3170,#3171);
#3173=PLANE('',#3172);
#3174=ADVANCED_FACE('',(#3168),#3173,.T.);
#3175=ORIENTED_EDGE('',*,*,#3104,.T.);
#3176=DIRECTION('',(0.13917,0.,0.99027));
#3177=VECTOR('',#3176,2.2);
#3178=LINE('',#3092,#3177);
#3179=EDGE_CURVE('',#3093,#3129,#3178,.T.);
#3180=ORIENTED_EDGE('',*,*,#3179,.T.);
#3181=ORIENTED_EDGE('',*,*,#3133,.F.);
#3182=ORIENTED_EDGE('',*,*,#3159,.F.);
#3183=EDGE_LOOP('',(#3175,#3180,#3181,#3182));
#3184=FACE_OUTER_BOUND('',#3183,.T.);
#3185=CARTESIAN_POINT('',(789.76267,1.5,604.85841));
#3186=DIRECTION('',(0.99027,0.,-0.13917));
#3187=DIRECTION('',(0.,1.,0.));
#3188=AXIS2_PLACEMENT_3D('',#3185,#3186,#3187);
#3189=PLANE('',#3188);
#3190=ADVANCED_FACE('',(#3184),#3189,.T.);
#3191=ORIENTED_EDGE('',*,*,#3097,.T.);
#3192=DIRECTION('',(0.13917,0.,0.99027));
#3193=VECTOR('',#3192,2.2);
#3194=LINE('',#3085,#3193);
#3195=EDGE_CURVE('',#3086,#3136,#3194,.T.);
#3196=ORIENTED_EDGE('',*,*,#3195,.T.);
#3197=ORIENTED_EDGE('',*,*,#3140,.F.);
#3198=ORIENTED_EDGE('',*,*,#3179,.F.);
#3199=EDGE_LOOP('',(#3191,#3196,#3197,#3198));
#3200=FACE_OUTER_BOUND('',#3199,.T.);
#3201=CARTESIAN_POINT('',(789.76267,75.,604.85841));
#3202=DIRECTION('',(0.,1.,0.));
#3203=DIRECTION('',(-0.99027,0.,0.13917));
#3204=AXIS2_PLACEMENT_3D('',#3201,#3202,#3203);
#3205=PLANE('',#3204);
#3206=ADVANCED_FACE('',(#3200),#3205,.T.);
#3207=ORIENTED_EDGE('',*,*,#3090,.F.);
#3208=ORIENTED_EDGE('',*,*,#3165,.T.);
#3209=ORIENTED_EDGE('',*,*,#3145,.T.);
#3210=ORIENTED_EDGE('',*,*,#3195,.F.);
#3211=EDGE_LOOP('',(#3207,#3208,#3209,#3210));
#3212=FACE_OUTER_BOUND('',#3211,.T.);
#3213=CARTESIAN_POINT('',(725.72534,75.,613.85827));
#3214=DIRECTION('',(-0.99027,0.,0.13917));
#3215=DIRECTION('',(0.,-1.,0.));
#3216=AXIS2_PLACEMENT_3D('',#3213,#3214,#3215);
#3217=PLANE('',#3216);
#3218=ADVANCED_FACE('',(#3212),#3217,.T.);
#3219=CLOSED_SHELL('',(#3118,#3154,#3174,#3190,#3206,#3218));
#3220=MANIFOLD_SOLID_BREP('',#3219);
#3221=STYLED_ITEM('color',(#162),#3220);
#3222=CARTESIAN_POINT('',(725.72534,78.,613.85827));
#3223=VERTEX_POINT('',#3222);
#3224=CARTESIAN_POINT('',(725.72534,151.5,613.85827));
#3225=VERTEX_POINT('',#3224);
#3226=DIRECTION('',(0.,1.,0.));
#3227=VECTOR('',#3226,73.5);
#3228=LINE('',#3222,#3227);
#3229=EDGE_CURVE('',#3223,#3225,#3228,.T.);
#3230=ORIENTED_EDGE('',*,*,#3229,.T.);
#3231=CARTESIAN_POINT('',(789.76267,151.5,604.85841));
#3232=VERTEX_POINT('',#3231);
#3233=DIRECTION('',(-0.99027,0.,0.13917));
#3234=VECTOR('',#3233,64.66667);
#3235=LINE('',#3231,#3234);
#3236=EDGE_CURVE('',#3232,#3225,#3235,.T.);
#3237=ORIENTED_EDGE('',*,*,#3236,.F.);
#3238=CARTESIAN_POINT('',(789.76267,78.,604.85841));
#3239=VERTEX_POINT('',#3238);
#3240=DIRECTION('',(0.,1.,0.));
#3241=VECTOR('',#3240,73.5);
#3242=LINE('',#3238,#3241);
#3243=EDGE_CURVE('',#3239,#3232,#3242,.T.);
#3244=ORIENTED_EDGE('',*,*,#3243,.F.);
#3245=DIRECTION('',(0.99027,0.,-0.13917));
#3246=VECTOR('',#3245,64.66667);
#3247=LINE('',#3222,#3246);
#3248=EDGE_CURVE('',#3223,#3239,#3247,.T.);
#3249=ORIENTED_EDGE('',*,*,#3248,.F.);
#3250=EDGE_LOOP('',(#3230,#3237,#3244,#3249));
#3251=FACE_OUTER_BOUND('',#3250,.T.);
#3252=CARTESIAN_POINT('',(725.72534,78.,613.85827));
#3253=DIRECTION('',(-0.13917,0.,-0.99027));
#3254=DIRECTION('',(0.,1.,0.));
#3255=AXIS2_PLACEMENT_3D('',#3252,#3253,#3254);
#3256=PLANE('',#3255);
#3257=ADVANCED_FACE('',(#3251),#3256,.T.);
#3258=CARTESIAN_POINT('',(726.03152,78.,616.03686));
#3259=VERTEX_POINT('',#3258);
#3260=CARTESIAN_POINT('',(790.06885,78.,607.037));
#3261=VERTEX_POINT('',#3260);
#3262=DIRECTION('',(0.99027,0.,-0.13917));
#3263=VECTOR('',#3262,64.66667);
#3264=LINE('',#3258,#3263);
#3265=EDGE_CURVE('',#3259,#3261,#3264,.T.);
#3266=ORIENTED_EDGE('',*,*,#3265,.T.);
#3267=CARTESIAN_POINT('',(790.06885,151.5,607.037));
#3268=VERTEX_POINT('',#3267);
#3269=DIRECTION('',(0.,1.,0.));
#3270=VECTOR('',#3269,73.5);
#3271=LINE('',#3260,#3270);
#3272=EDGE_CURVE('',#3261,#3268,#3271,.T.);
#3273=ORIENTED_EDGE('',*,*,#3272,.T.);
#3274=CARTESIAN_POINT('',(726.03152,151.5,616.03686));
#3275=VERTEX_POINT('',#3274);
#3276=DIRECTION('',(-0.99027,0.,0.13917));
#3277=VECTOR('',#3276,64.66667);
#3278=LINE('',#3267,#3277);
#3279=EDGE_CURVE('',#3268,#3275,#3278,.T.);
#3280=ORIENTED_EDGE('',*,*,#3279,.T.);
#3281=DIRECTION('',(0.,1.,0.));
#3282=VECTOR('',#3281,73.5);
#3283=LINE('',#3258,#3282);
#3284=EDGE_CURVE('',#3259,#3275,#3283,.T.);
#3285=ORIENTED_EDGE('',*,*,#3284,.F.);
#3286=EDGE_LOOP('',(#3266,#3273,#3280,#3285));
#3287=FACE_OUTER_BOUND('',#3286,.T.);
#3288=CARTESIAN_POINT('',(726.03152,78.,616.03686));
#3289=DIRECTION('',(0.13917,0.,0.99027));
#3290=DIRECTION('',(0.99027,0.,-0.13917));
#3291=AXIS2_PLACEMENT_3D('',#3288,#3289,#3290);
#3292=PLANE('',#3291);
#3293=ADVANCED_FACE('',(#3287),#3292,.T.);
#3294=ORIENTED_EDGE('',*,*,#3248,.T.);
#3295=DIRECTION('',(0.13917,0.,0.99027));
#3296=VECTOR('',#3295,2.2);
#3297=LINE('',#3238,#3296);
#3298=EDGE_CURVE('',#3239,#3261,#3297,.T.);
#3299=ORIENTED_EDGE('',*,*,#3298,.T.);
#3300=ORIENTED_EDGE('',*,*,#3265,.F.);
#3301=DIRECTION('',(0.13917,0.,0.99027));
#3302=VECTOR('',#3301,2.2);
#3303=LINE('',#3222,#3302);
#3304=EDGE_CURVE('',#3223,#3259,#3303,.T.);
#3305=ORIENTED_EDGE('',*,*,#3304,.F.);
#3306=EDGE_LOOP('',(#3294,#3299,#3300,#3305));
#3307=FACE_OUTER_BOUND('',#3306,.T.);
#3308=CARTESIAN_POINT('',(725.72534,78.,613.85827));
#3309=DIRECTION('',(0.,-1.,0.));
#3310=DIRECTION('',(0.99027,0.,-0.13917));
#3311=AXIS2_PLACEMENT_3D('',#3308,#3309,#3310);
#3312=PLANE('',#3311);
#3313=ADVANCED_FACE('',(#3307),#3312,.T.);
#3314=ORIENTED_EDGE('',*,*,#3243,.T.);
#3315=DIRECTION('',(0.13917,0.,0.99027));
#3316=VECTOR('',#3315,2.2);
#3317=LINE('',#3231,#3316);
#3318=EDGE_CURVE('',#3232,#3268,#3317,.T.);
#3319=ORIENTED_EDGE('',*,*,#3318,.T.);
#3320=ORIENTED_EDGE('',*,*,#3272,.F.);
#3321=ORIENTED_EDGE('',*,*,#3298,.F.);
#3322=EDGE_LOOP('',(#3314,#3319,#3320,#3321));
#3323=FACE_OUTER_BOUND('',#3322,.T.);
#3324=CARTESIAN_POINT('',(789.76267,78.,604.85841));
#3325=DIRECTION('',(0.99027,0.,-0.13917));
#3326=DIRECTION('',(0.,1.,0.));
#3327=AXIS2_PLACEMENT_3D('',#3324,#3325,#3326);
#3328=PLANE('',#3327);
#3329=ADVANCED_FACE('',(#3323),#3328,.T.);
#3330=ORIENTED_EDGE('',*,*,#3236,.T.);
#3331=DIRECTION('',(0.13917,0.,0.99027));
#3332=VECTOR('',#3331,2.2);
#3333=LINE('',#3224,#3332);
#3334=EDGE_CURVE('',#3225,#3275,#3333,.T.);
#3335=ORIENTED_EDGE('',*,*,#3334,.T.);
#3336=ORIENTED_EDGE('',*,*,#3279,.F.);
#3337=ORIENTED_EDGE('',*,*,#3318,.F.);
#3338=EDGE_LOOP('',(#3330,#3335,#3336,#3337));
#3339=FACE_OUTER_BOUND('',#3338,.T.);
#3340=CARTESIAN_POINT('',(789.76267,151.5,604.85841));
#3341=DIRECTION('',(0.,1.,0.));
#3342=DIRECTION('',(-0.99027,0.,0.13917));
#3343=AXIS2_PLACEMENT_3D('',#3340,#3341,#3342);
#3344=PLANE('',#3343);
#3345=ADVANCED_FACE('',(#3339),#3344,.T.);
#3346=ORIENTED_EDGE('',*,*,#3229,.F.);
#3347=ORIENTED_EDGE('',*,*,#3304,.T.);
#3348=ORIENTED_EDGE('',*,*,#3284,.T.);
#3349=ORIENTED_EDGE('',*,*,#3334,.F.);
#3350=EDGE_LOOP('',(#3346,#3347,#3348,#3349));
#3351=FACE_OUTER_BOUND('',#3350,.T.);
#3352=CARTESIAN_POINT('',(725.72534,151.5,613.85827));
#3353=DIRECTION('',(-0.99027,0.,0.13917));
#3354=DIRECTION('',(0.,-1.,0.));
#3355=AXIS2_PLACEMENT_3D('',#3352,#3353,#3354);
#3356=PLANE('',#3355);
#3357=ADVANCED_FACE('',(#3351),#3356,.T.);
#3358=CLOSED_SHELL('',(#3257,#3293,#3313,#3329,#3345,#3357));
#3359=MANIFOLD_SOLID_BREP('',#3358);
#3360=STYLED_ITEM('color',(#162),#3359);
#3361=ADVANCED_BREP_SHAPE_REPRESENTATION('',(#17,#155,#301,#440,#579,#718,#857,#996,#1135,#1274,#1413,#1552,#1691,#1830,#1969,#2108,#2247,#2386,#2525,#2664,#2803,#2942,#3081,#3220,#3359),#9);
#3362=SHAPE_DEFINITION_REPRESENTATION(#13,#3361);
#3363=MECHANICAL_DESIGN_GEOMETRIC_PRESENTATION_REPRESENTATION('',(#163,#302,#441,#580,#719,#858,#997,#1136,#1275,#1414,#1553,#1692,#1831,#1970,#2109,#2248,#2387,#2526,#2665,#2804,#2943,#3082,#3221,#3360),#9);
#3364=PRODUCT_RELATED_PRODUCT_CATEGORY('part',$,(#10));
ENDSEC;
END-ISO-10303-21;
