ISO-10303-21;
HEADER;
FILE_DESCRIPTION(('AquaSentinel R3 - planar B-rep export'),'2;1');
FILE_NAME('Power & control pod IP67 (body)','2026-10-04T21:49:43',('AquaSentinel team'),('Sanjivani University'),'AquaSentinel R3 python build','AquaSentinel R3','');
FILE_SCHEMA(('AUTOMOTIVE_DESIGN { 1 0 10303 214 1 1 1 1 }'));
ENDSEC;
DATA;
#1=APPLICATION_CONTEXT('core data for automotive mechanical design processes');
#2=APPLICATION_PROTOCOL_DEFINITION('international standard','automotive_design',2000,#1);
#3=PRODUCT_CONTEXT('',#1,'mechanical');
#4=PRODUCT_DEFINITION_CONTEXT('part definition',#1,'design');
#5=(LENGTH_UNIT()NAMED_UNIT(*)SI_UNIT(.MILLI.,.METRE.));
#6=(NAMED_UNIT(*)PLANE_ANGLE_UNIT()SI_UNIT($,.RADIAN.));
#7=(NAMED_UNIT(*)SI_UNIT($,.STERADIAN.)SOLID_ANGLE_UNIT());
#8=UNCERTAINTY_MEASURE_WITH_UNIT(LENGTH_MEASURE(1.E-04),#5,'distance_accuracy_value','confusion accuracy');
#9=(GEOMETRIC_REPRESENTATION_CONTEXT(3)GLOBAL_UNCERTAINTY_ASSIGNED_CONTEXT((#8))GLOBAL_UNIT_ASSIGNED_CONTEXT((#5,#6,#7))REPRESENTATION_CONTEXT('Context','3D Context with UNIT and UNCERTAINTY'));
#10=PRODUCT('AS3-511','Power & control pod IP67 (body)','ESP32 controller, LTE modem, MPPT and LiFePO4 battery; shaded by the PV canopy',(#3));
#11=PRODUCT_DEFINITION_FORMATION('','',#10);
#12=PRODUCT_DEFINITION('design','',#11,#4);
#13=PRODUCT_DEFINITION_SHAPE('','',#12);
#14=CARTESIAN_POINT('',(0.,0.,0.));
#15=DIRECTION('',(0.,0.,1.));
#16=DIRECTION('',(1.,0.,0.));
#17=AXIS2_PLACEMENT_3D('',#14,#15,#16);
#18=CARTESIAN_POINT('',(631.,-125.,315.));
#19=VERTEX_POINT('',#18);
#20=CARTESIAN_POINT('',(633.78115,-124.55951,315.));
#21=VERTEX_POINT('',#20);
#22=DIRECTION('',(0.98769,0.15643,0.));
#23=VECTOR('',#22,2.81582);
#24=LINE('',#18,#23);
#25=EDGE_CURVE('',#19,#21,#24,.T.);
#26=ORIENTED_EDGE('',*,*,#25,.T.);
#27=CARTESIAN_POINT('',(634.5537,-126.93715,315.66987));
#28=VERTEX_POINT('',#27);
#29=DIRECTION('',(0.29849,-0.91865,0.25882));
#30=VECTOR('',#29,2.58819);
#31=LINE('',#20,#30);
#32=EDGE_CURVE('',#21,#28,#31,.T.);
#33=ORIENTED_EDGE('',*,*,#32,.T.);
#34=CARTESIAN_POINT('',(631.,-127.5,315.66987));
#35=VERTEX_POINT('',#34);
#36=DIRECTION('',(0.98769,0.15643,0.));
#37=VECTOR('',#36,3.59799);
#38=LINE('',#34,#37);
#39=EDGE_CURVE('',#35,#28,#38,.T.);
#40=ORIENTED_EDGE('',*,*,#39,.F.);
#41=DIRECTION('',(0.,-0.96593,0.25882));
#42=VECTOR('',#41,2.58819);
#43=LINE('',#18,#42);
#44=EDGE_CURVE('',#19,#35,#43,.T.);
#45=ORIENTED_EDGE('',*,*,#44,.F.);
#46=EDGE_LOOP('',(#26,#33,#40,#45));
#47=FACE_OUTER_BOUND('',#46,.T.);
#48=CARTESIAN_POINT('',(631.,-125.,315.));
#49=DIRECTION('',(0.04096,-0.2586,-0.96512));
#50=DIRECTION('',(0.98769,0.15643,0.));
#51=AXIS2_PLACEMENT_3D('',#48,#49,#50);
#52=PLANE('',#51);
#53=ADVANCED_FACE('',(#47),#52,.T.);
#54=CARTESIAN_POINT('',(636.29007,-123.28115,315.));
#55=VERTEX_POINT('',#54);
#56=DIRECTION('',(0.89101,0.45399,0.));
#57=VECTOR('',#56,2.81582);
#58=LINE('',#20,#57);
#59=EDGE_CURVE('',#21,#55,#58,.T.);
#60=ORIENTED_EDGE('',*,*,#59,.T.);
#61=CARTESIAN_POINT('',(637.75953,-125.3037,315.66987));
#62=VERTEX_POINT('',#61);
#63=DIRECTION('',(0.56776,-0.78145,0.25882));
#64=VECTOR('',#63,2.58819);
#65=LINE('',#54,#64);
#66=EDGE_CURVE('',#55,#62,#65,.T.);
#67=ORIENTED_EDGE('',*,*,#66,.T.);
#68=DIRECTION('',(0.89101,0.45399,0.));
#69=VECTOR('',#68,3.59799);
#70=LINE('',#27,#69);
#71=EDGE_CURVE('',#28,#62,#70,.T.);
#72=ORIENTED_EDGE('',*,*,#71,.F.);
#73=ORIENTED_EDGE('',*,*,#32,.F.);
#74=EDGE_LOOP('',(#60,#67,#72,#73));
#75=FACE_OUTER_BOUND('',#74,.T.);
#76=CARTESIAN_POINT('',(633.78115,-124.55951,315.));
#77=DIRECTION('',(0.11887,-0.23329,-0.96512));
#78=DIRECTION('',(0.89101,0.45399,0.));
#79=AXIS2_PLACEMENT_3D('',#76,#77,#78);
#80=PLANE('',#79);
#81=ADVANCED_FACE('',(#75),#80,.T.);
#82=CARTESIAN_POINT('',(638.28115,-121.29007,315.));
#83=VERTEX_POINT('',#82);
#84=DIRECTION('',(0.70711,0.70711,0.));
#85=VECTOR('',#84,2.81582);
#86=LINE('',#54,#85);
#87=EDGE_CURVE('',#55,#83,#86,.T.);
#88=ORIENTED_EDGE('',*,*,#87,.T.);
#89=CARTESIAN_POINT('',(640.3037,-122.75953,315.66987));
#90=VERTEX_POINT('',#89);
#91=DIRECTION('',(0.78145,-0.56776,0.25882));
#92=VECTOR('',#91,2.58819);
#93=LINE('',#82,#92);
#94=EDGE_CURVE('',#83,#90,#93,.T.);
#95=ORIENTED_EDGE('',*,*,#94,.T.);
#96=DIRECTION('',(0.70711,0.70711,0.));
#97=VECTOR('',#96,3.59799);
#98=LINE('',#61,#97);
#99=EDGE_CURVE('',#62,#90,#98,.T.);
#100=ORIENTED_EDGE('',*,*,#99,.F.);
#101=ORIENTED_EDGE('',*,*,#66,.F.);
#102=EDGE_LOOP('',(#88,#95,#100,#101));
#103=FACE_OUTER_BOUND('',#102,.T.);
#104=CARTESIAN_POINT('',(636.29007,-123.28115,315.));
#105=DIRECTION('',(0.18514,-0.18514,-0.96512));
#106=DIRECTION('',(0.70711,0.70711,0.));
#107=AXIS2_PLACEMENT_3D('',#104,#105,#106);
#108=PLANE('',#107);
#109=ADVANCED_FACE('',(#103),#108,.T.);
#110=CARTESIAN_POINT('',(639.55951,-118.78115,315.));
#111=VERTEX_POINT('',#110);
#112=DIRECTION('',(0.45399,0.89101,0.));
#113=VECTOR('',#112,2.81582);
#114=LINE('',#82,#113);
#115=EDGE_CURVE('',#83,#111,#114,.T.);
#116=ORIENTED_EDGE('',*,*,#115,.T.);
#117=CARTESIAN_POINT('',(641.93715,-119.5537,315.66987));
#118=VERTEX_POINT('',#117);
#119=DIRECTION('',(0.91865,-0.29849,0.25882));
#120=VECTOR('',#119,2.58819);
#121=LINE('',#110,#120);
#122=EDGE_CURVE('',#111,#118,#121,.T.);
#123=ORIENTED_EDGE('',*,*,#122,.T.);
#124=DIRECTION('',(0.45399,0.89101,0.));
#125=VECTOR('',#124,3.59799);
#126=LINE('',#89,#125);
#127=EDGE_CURVE('',#90,#118,#126,.T.);
#128=ORIENTED_EDGE('',*,*,#127,.F.);
#129=ORIENTED_EDGE('',*,*,#94,.F.);
#130=EDGE_LOOP('',(#116,#123,#128,#129));
#131=FACE_OUTER_BOUND('',#130,.T.);
#132=CARTESIAN_POINT('',(638.28115,-121.29007,315.));
#133=DIRECTION('',(0.23329,-0.11887,-0.96512));
#134=DIRECTION('',(0.45399,0.89101,0.));
#135=AXIS2_PLACEMENT_3D('',#132,#133,#134);
#136=PLANE('',#135);
#137=ADVANCED_FACE('',(#131),#136,.T.);
#138=CARTESIAN_POINT('',(640.,-116.,315.));
#139=VERTEX_POINT('',#138);
#140=DIRECTION('',(0.15643,0.98769,0.));
#141=VECTOR('',#140,2.81582);
#142=LINE('',#110,#141);
#143=EDGE_CURVE('',#111,#139,#142,.T.);
#144=ORIENTED_EDGE('',*,*,#143,.T.);
#145=CARTESIAN_POINT('',(642.5,-116.,315.66987));
#146=VERTEX_POINT('',#145);
#147=DIRECTION('',(0.96593,0.,0.25882));
#148=VECTOR('',#147,2.58819);
#149=LINE('',#138,#148);
#150=EDGE_CURVE('',#139,#146,#149,.T.);
#151=ORIENTED_EDGE('',*,*,#150,.T.);
#152=DIRECTION('',(0.15643,0.98769,0.));
#153=VECTOR('',#152,3.59799);
#154=LINE('',#117,#153);
#155=EDGE_CURVE('',#118,#146,#154,.T.);
#156=ORIENTED_EDGE('',*,*,#155,.F.);
#157=ORIENTED_EDGE('',*,*,#122,.F.);
#158=EDGE_LOOP('',(#144,#151,#156,#157));
#159=FACE_OUTER_BOUND('',#158,.T.);
#160=CARTESIAN_POINT('',(639.55951,-118.78115,315.));
#161=DIRECTION('',(0.2586,-0.04096,-0.96512));
#162=DIRECTION('',(0.15643,0.98769,0.));
#163=AXIS2_PLACEMENT_3D('',#160,#161,#162);
#164=PLANE('',#163);
#165=ADVANCED_FACE('',(#159),#164,.T.);
#166=CARTESIAN_POINT('',(640.,116.,315.));
#167=VERTEX_POINT('',#166);
#168=DIRECTION('',(0.,1.,0.));
#169=VECTOR('',#168,232.);
#170=LINE('',#138,#169);
#171=EDGE_CURVE('',#139,#167,#170,.T.);
#172=ORIENTED_EDGE('',*,*,#171,.T.);
#173=CARTESIAN_POINT('',(642.5,116.,315.66987));
#174=VERTEX_POINT('',#173);
#175=DIRECTION('',(0.96593,0.,0.25882));
#176=VECTOR('',#175,2.58819);
#177=LINE('',#166,#176);
#178=EDGE_CURVE('',#167,#174,#177,.T.);
#179=ORIENTED_EDGE('',*,*,#178,.T.);
#180=DIRECTION('',(0.,1.,0.));
#181=VECTOR('',#180,232.);
#182=LINE('',#145,#181);
#183=EDGE_CURVE('',#146,#174,#182,.T.);
#184=ORIENTED_EDGE('',*,*,#183,.F.);
#185=ORIENTED_EDGE('',*,*,#150,.F.);
#186=EDGE_LOOP('',(#172,#179,#184,#185));
#187=FACE_OUTER_BOUND('',#186,.T.);
#188=CARTESIAN_POINT('',(640.,-116.,315.));
#189=DIRECTION('',(0.25882,0.,-0.96593));
#190=DIRECTION('',(0.,1.,0.));
#191=AXIS2_PLACEMENT_3D('',#188,#189,#190);
#192=PLANE('',#191);
#193=ADVANCED_FACE('',(#187),#192,.T.);
#194=CARTESIAN_POINT('',(639.55951,118.78115,315.));
#195=VERTEX_POINT('',#194);
#196=DIRECTION('',(-0.15643,0.98769,0.));
#197=VECTOR('',#196,2.81582);
#198=LINE('',#166,#197);
#199=EDGE_CURVE('',#167,#195,#198,.T.);
#200=ORIENTED_EDGE('',*,*,#199,.T.);
#201=CARTESIAN_POINT('',(641.93715,119.5537,315.66987));
#202=VERTEX_POINT('',#201);
#203=DIRECTION('',(0.91865,0.29849,0.25882));
#204=VECTOR('',#203,2.58819);
#205=LINE('',#194,#204);
#206=EDGE_CURVE('',#195,#202,#205,.T.);
#207=ORIENTED_EDGE('',*,*,#206,.T.);
#208=DIRECTION('',(-0.15643,0.98769,0.));
#209=VECTOR('',#208,3.59799);
#210=LINE('',#173,#209);
#211=EDGE_CURVE('',#174,#202,#210,.T.);
#212=ORIENTED_EDGE('',*,*,#211,.F.);
#213=ORIENTED_EDGE('',*,*,#178,.F.);
#214=EDGE_LOOP('',(#200,#207,#212,#213));
#215=FACE_OUTER_BOUND('',#214,.T.);
#216=CARTESIAN_POINT('',(640.,116.,315.));
#217=DIRECTION('',(0.2586,0.04096,-0.96512));
#218=DIRECTION('',(-0.15643,0.98769,0.));
#219=AXIS2_PLACEMENT_3D('',#216,#217,#218);
#220=PLANE('',#219);
#221=ADVANCED_FACE('',(#215),#220,.T.);
#222=CARTESIAN_POINT('',(638.28115,121.29007,315.));
#223=VERTEX_POINT('',#222);
#224=DIRECTION('',(-0.45399,0.89101,0.));
#225=VECTOR('',#224,2.81582);
#226=LINE('',#194,#225);
#227=EDGE_CURVE('',#195,#223,#226,.T.);
#228=ORIENTED_EDGE('',*,*,#227,.T.);
#229=CARTESIAN_POINT('',(640.3037,122.75953,315.66987));
#230=VERTEX_POINT('',#229);
#231=DIRECTION('',(0.78145,0.56776,0.25882));
#232=VECTOR('',#231,2.58819);
#233=LINE('',#222,#232);
#234=EDGE_CURVE('',#223,#230,#233,.T.);
#235=ORIENTED_EDGE('',*,*,#234,.T.);
#236=DIRECTION('',(-0.45399,0.89101,0.));
#237=VECTOR('',#236,3.59799);
#238=LINE('',#201,#237);
#239=EDGE_CURVE('',#202,#230,#238,.T.);
#240=ORIENTED_EDGE('',*,*,#239,.F.);
#241=ORIENTED_EDGE('',*,*,#206,.F.);
#242=EDGE_LOOP('',(#228,#235,#240,#241));
#243=FACE_OUTER_BOUND('',#242,.T.);
#244=CARTESIAN_POINT('',(639.55951,118.78115,315.));
#245=DIRECTION('',(0.23329,0.11887,-0.96512));
#246=DIRECTION('',(-0.45399,0.89101,0.));
#247=AXIS2_PLACEMENT_3D('',#244,#245,#246);
#248=PLANE('',#247);
#249=ADVANCED_FACE('',(#243),#248,.T.);
#250=CARTESIAN_POINT('',(636.29007,123.28115,315.));
#251=VERTEX_POINT('',#250);
#252=DIRECTION('',(-0.70711,0.70711,0.));
#253=VECTOR('',#252,2.81582);
#254=LINE('',#222,#253);
#255=EDGE_CURVE('',#223,#251,#254,.T.);
#256=ORIENTED_EDGE('',*,*,#255,.T.);
#257=CARTESIAN_POINT('',(637.75953,125.3037,315.66987));
#258=VERTEX_POINT('',#257);
#259=DIRECTION('',(0.56776,0.78145,0.25882));
#260=VECTOR('',#259,2.58819);
#261=LINE('',#250,#260);
#262=EDGE_CURVE('',#251,#258,#261,.T.);
#263=ORIENTED_EDGE('',*,*,#262,.T.);
#264=DIRECTION('',(-0.70711,0.70711,0.));
#265=VECTOR('',#264,3.59799);
#266=LINE('',#229,#265);
#267=EDGE_CURVE('',#230,#258,#266,.T.);
#268=ORIENTED_EDGE('',*,*,#267,.F.);
#269=ORIENTED_EDGE('',*,*,#234,.F.);
#270=EDGE_LOOP('',(#256,#263,#268,#269));
#271=FACE_OUTER_BOUND('',#270,.T.);
#272=CARTESIAN_POINT('',(638.28115,121.29007,315.));
#273=DIRECTION('',(0.18514,0.18514,-0.96512));
#274=DIRECTION('',(-0.70711,0.70711,0.));
#275=AXIS2_PLACEMENT_3D('',#272,#273,#274);
#276=PLANE('',#275);
#277=ADVANCED_FACE('',(#271),#276,.T.);
#278=CARTESIAN_POINT('',(633.78115,124.55951,315.));
#279=VERTEX_POINT('',#278);
#280=DIRECTION('',(-0.89101,0.45399,0.));
#281=VECTOR('',#280,2.81582);
#282=LINE('',#250,#281);
#283=EDGE_CURVE('',#251,#279,#282,.T.);
#284=ORIENTED_EDGE('',*,*,#283,.T.);
#285=CARTESIAN_POINT('',(634.5537,126.93715,315.66987));
#286=VERTEX_POINT('',#285);
#287=DIRECTION('',(0.29849,0.91865,0.25882));
#288=VECTOR('',#287,2.58819);
#289=LINE('',#278,#288);
#290=EDGE_CURVE('',#279,#286,#289,.T.);
#291=ORIENTED_EDGE('',*,*,#290,.T.);
#292=DIRECTION('',(-0.89101,0.45399,0.));
#293=VECTOR('',#292,3.59799);
#294=LINE('',#257,#293);
#295=EDGE_CURVE('',#258,#286,#294,.T.);
#296=ORIENTED_EDGE('',*,*,#295,.F.);
#297=ORIENTED_EDGE('',*,*,#262,.F.);
#298=EDGE_LOOP('',(#284,#291,#296,#297));
#299=FACE_OUTER_BOUND('',#298,.T.);
#300=CARTESIAN_POINT('',(636.29007,123.28115,315.));
#301=DIRECTION('',(0.11887,0.23329,-0.96512));
#302=DIRECTION('',(-0.89101,0.45399,0.));
#303=AXIS2_PLACEMENT_3D('',#300,#301,#302);
#304=PLANE('',#303);
#305=ADVANCED_FACE('',(#299),#304,.T.);
#306=CARTESIAN_POINT('',(631.,125.,315.));
#307=VERTEX_POINT('',#306);
#308=DIRECTION('',(-0.98769,0.15643,0.));
#309=VECTOR('',#308,2.81582);
#310=LINE('',#278,#309);
#311=EDGE_CURVE('',#279,#307,#310,.T.);
#312=ORIENTED_EDGE('',*,*,#311,.T.);
#313=CARTESIAN_POINT('',(631.,127.5,315.66987));
#314=VERTEX_POINT('',#313);
#315=DIRECTION('',(0.,0.96593,0.25882));
#316=VECTOR('',#315,2.58819);
#317=LINE('',#306,#316);
#318=EDGE_CURVE('',#307,#314,#317,.T.);
#319=ORIENTED_EDGE('',*,*,#318,.T.);
#320=DIRECTION('',(-0.98769,0.15643,0.));
#321=VECTOR('',#320,3.59799);
#322=LINE('',#285,#321);
#323=EDGE_CURVE('',#286,#314,#322,.T.);
#324=ORIENTED_EDGE('',*,*,#323,.F.);
#325=ORIENTED_EDGE('',*,*,#290,.F.);
#326=EDGE_LOOP('',(#312,#319,#324,#325));
#327=FACE_OUTER_BOUND('',#326,.T.);
#328=CARTESIAN_POINT('',(633.78115,124.55951,315.));
#329=DIRECTION('',(0.04096,0.2586,-0.96512));
#330=DIRECTION('',(-0.98769,0.15643,0.));
#331=AXIS2_PLACEMENT_3D('',#328,#329,#330);
#332=PLANE('',#331);
#333=ADVANCED_FACE('',(#327),#332,.T.);
#334=CARTESIAN_POINT('',(359.,125.,315.));
#335=VERTEX_POINT('',#334);
#336=DIRECTION('',(-1.,0.,0.));
#337=VECTOR('',#336,272.);
#338=LINE('',#306,#337);
#339=EDGE_CURVE('',#307,#335,#338,.T.);
#340=ORIENTED_EDGE('',*,*,#339,.T.);
#341=CARTESIAN_POINT('',(359.,127.5,315.66987));
#342=VERTEX_POINT('',#341);
#343=DIRECTION('',(0.,0.96593,0.25882));
#344=VECTOR('',#343,2.58819);
#345=LINE('',#334,#344);
#346=EDGE_CURVE('',#335,#342,#345,.T.);
#347=ORIENTED_EDGE('',*,*,#346,.T.);
#348=DIRECTION('',(-1.,0.,0.));
#349=VECTOR('',#348,272.);
#350=LINE('',#313,#349);
#351=EDGE_CURVE('',#314,#342,#350,.T.);
#352=ORIENTED_EDGE('',*,*,#351,.F.);
#353=ORIENTED_EDGE('',*,*,#318,.F.);
#354=EDGE_LOOP('',(#340,#347,#352,#353));
#355=FACE_OUTER_BOUND('',#354,.T.);
#356=CARTESIAN_POINT('',(631.,125.,315.));
#357=DIRECTION('',(0.,0.25882,-0.96593));
#358=DIRECTION('',(-1.,0.,0.));
#359=AXIS2_PLACEMENT_3D('',#356,#357,#358);
#360=PLANE('',#359);
#361=ADVANCED_FACE('',(#355),#360,.T.);
#362=CARTESIAN_POINT('',(356.21885,124.55951,315.));
#363=VERTEX_POINT('',#362);
#364=DIRECTION('',(-0.98769,-0.15643,0.));
#365=VECTOR('',#364,2.81582);
#366=LINE('',#334,#365);
#367=EDGE_CURVE('',#335,#363,#366,.T.);
#368=ORIENTED_EDGE('',*,*,#367,.T.);
#369=CARTESIAN_POINT('',(355.4463,126.93715,315.66987));
#370=VERTEX_POINT('',#369);
#371=DIRECTION('',(-0.29849,0.91865,0.25882));
#372=VECTOR('',#371,2.58819);
#373=LINE('',#362,#372);
#374=EDGE_CURVE('',#363,#370,#373,.T.);
#375=ORIENTED_EDGE('',*,*,#374,.T.);
#376=DIRECTION('',(-0.98769,-0.15643,0.));
#377=VECTOR('',#376,3.59799);
#378=LINE('',#341,#377);
#379=EDGE_CURVE('',#342,#370,#378,.T.);
#380=ORIENTED_EDGE('',*,*,#379,.F.);
#381=ORIENTED_EDGE('',*,*,#346,.F.);
#382=EDGE_LOOP('',(#368,#375,#380,#381));
#383=FACE_OUTER_BOUND('',#382,.T.);
#384=CARTESIAN_POINT('',(359.,125.,315.));
#385=DIRECTION('',(-0.04096,0.2586,-0.96512));
#386=DIRECTION('',(-0.98769,-0.15643,0.));
#387=AXIS2_PLACEMENT_3D('',#384,#385,#386);
#388=PLANE('',#387);
#389=ADVANCED_FACE('',(#383),#388,.T.);
#390=CARTESIAN_POINT('',(353.70993,123.28115,315.));
#391=VERTEX_POINT('',#390);
#392=DIRECTION('',(-0.89101,-0.45399,0.));
#393=VECTOR('',#392,2.81582);
#394=LINE('',#362,#393);
#395=EDGE_CURVE('',#363,#391,#394,.T.);
#396=ORIENTED_EDGE('',*,*,#395,.T.);
#397=CARTESIAN_POINT('',(352.24047,125.3037,315.66987));
#398=VERTEX_POINT('',#397);
#399=DIRECTION('',(-0.56776,0.78145,0.25882));
#400=VECTOR('',#399,2.58819);
#401=LINE('',#390,#400);
#402=EDGE_CURVE('',#391,#398,#401,.T.);
#403=ORIENTED_EDGE('',*,*,#402,.T.);
#404=DIRECTION('',(-0.89101,-0.45399,0.));
#405=VECTOR('',#404,3.59799);
#406=LINE('',#369,#405);
#407=EDGE_CURVE('',#370,#398,#406,.T.);
#408=ORIENTED_EDGE('',*,*,#407,.F.);
#409=ORIENTED_EDGE('',*,*,#374,.F.);
#410=EDGE_LOOP('',(#396,#403,#408,#409));
#411=FACE_OUTER_BOUND('',#410,.T.);
#412=CARTESIAN_POINT('',(356.21885,124.55951,315.));
#413=DIRECTION('',(-0.11887,0.23329,-0.96512));
#414=DIRECTION('',(-0.89101,-0.45399,0.));
#415=AXIS2_PLACEMENT_3D('',#412,#413,#414);
#416=PLANE('',#415);
#417=ADVANCED_FACE('',(#411),#416,.T.);
#418=CARTESIAN_POINT('',(351.71885,121.29007,315.));
#419=VERTEX_POINT('',#418);
#420=DIRECTION('',(-0.70711,-0.70711,0.));
#421=VECTOR('',#420,2.81582);
#422=LINE('',#390,#421);
#423=EDGE_CURVE('',#391,#419,#422,.T.);
#424=ORIENTED_EDGE('',*,*,#423,.T.);
#425=CARTESIAN_POINT('',(349.6963,122.75953,315.66987));
#426=VERTEX_POINT('',#425);
#427=DIRECTION('',(-0.78145,0.56776,0.25882));
#428=VECTOR('',#427,2.58819);
#429=LINE('',#418,#428);
#430=EDGE_CURVE('',#419,#426,#429,.T.);
#431=ORIENTED_EDGE('',*,*,#430,.T.);
#432=DIRECTION('',(-0.70711,-0.70711,0.));
#433=VECTOR('',#432,3.59799);
#434=LINE('',#397,#433);
#435=EDGE_CURVE('',#398,#426,#434,.T.);
#436=ORIENTED_EDGE('',*,*,#435,.F.);
#437=ORIENTED_EDGE('',*,*,#402,.F.);
#438=EDGE_LOOP('',(#424,#431,#436,#437));
#439=FACE_OUTER_BOUND('',#438,.T.);
#440=CARTESIAN_POINT('',(353.70993,123.28115,315.));
#441=DIRECTION('',(-0.18514,0.18514,-0.96512));
#442=DIRECTION('',(-0.70711,-0.70711,0.));
#443=AXIS2_PLACEMENT_3D('',#440,#441,#442);
#444=PLANE('',#443);
#445=ADVANCED_FACE('',(#439),#444,.T.);
#446=CARTESIAN_POINT('',(350.44049,118.78115,315.));
#447=VERTEX_POINT('',#446);
#448=DIRECTION('',(-0.45399,-0.89101,0.));
#449=VECTOR('',#448,2.81582);
#450=LINE('',#418,#449);
#451=EDGE_CURVE('',#419,#447,#450,.T.);
#452=ORIENTED_EDGE('',*,*,#451,.T.);
#453=CARTESIAN_POINT('',(348.06285,119.5537,315.66987));
#454=VERTEX_POINT('',#453);
#455=DIRECTION('',(-0.91865,0.29849,0.25882));
#456=VECTOR('',#455,2.58819);
#457=LINE('',#446,#456);
#458=EDGE_CURVE('',#447,#454,#457,.T.);
#459=ORIENTED_EDGE('',*,*,#458,.T.);
#460=DIRECTION('',(-0.45399,-0.89101,0.));
#461=VECTOR('',#460,3.59799);
#462=LINE('',#425,#461);
#463=EDGE_CURVE('',#426,#454,#462,.T.);
#464=ORIENTED_EDGE('',*,*,#463,.F.);
#465=ORIENTED_EDGE('',*,*,#430,.F.);
#466=EDGE_LOOP('',(#452,#459,#464,#465));
#467=FACE_OUTER_BOUND('',#466,.T.);
#468=CARTESIAN_POINT('',(351.71885,121.29007,315.));
#469=DIRECTION('',(-0.23329,0.11887,-0.96512));
#470=DIRECTION('',(-0.45399,-0.89101,0.));
#471=AXIS2_PLACEMENT_3D('',#468,#469,#470);
#472=PLANE('',#471);
#473=ADVANCED_FACE('',(#467),#472,.T.);
#474=CARTESIAN_POINT('',(350.,116.,315.));
#475=VERTEX_POINT('',#474);
#476=DIRECTION('',(-0.15643,-0.98769,0.));
#477=VECTOR('',#476,2.81582);
#478=LINE('',#446,#477);
#479=EDGE_CURVE('',#447,#475,#478,.T.);
#480=ORIENTED_EDGE('',*,*,#479,.T.);
#481=CARTESIAN_POINT('',(347.5,116.,315.66987));
#482=VERTEX_POINT('',#481);
#483=DIRECTION('',(-0.96593,0.,0.25882));
#484=VECTOR('',#483,2.58819);
#485=LINE('',#474,#484);
#486=EDGE_CURVE('',#475,#482,#485,.T.);
#487=ORIENTED_EDGE('',*,*,#486,.T.);
#488=DIRECTION('',(-0.15643,-0.98769,0.));
#489=VECTOR('',#488,3.59799);
#490=LINE('',#453,#489);
#491=EDGE_CURVE('',#454,#482,#490,.T.);
#492=ORIENTED_EDGE('',*,*,#491,.F.);
#493=ORIENTED_EDGE('',*,*,#458,.F.);
#494=EDGE_LOOP('',(#480,#487,#492,#493));
#495=FACE_OUTER_BOUND('',#494,.T.);
#496=CARTESIAN_POINT('',(350.44049,118.78115,315.));
#497=DIRECTION('',(-0.2586,0.04096,-0.96512));
#498=DIRECTION('',(-0.15643,-0.98769,0.));
#499=AXIS2_PLACEMENT_3D('',#496,#497,#498);
#500=PLANE('',#499);
#501=ADVANCED_FACE('',(#495),#500,.T.);
#502=CARTESIAN_POINT('',(350.,-116.,315.));
#503=VERTEX_POINT('',#502);
#504=DIRECTION('',(0.,-1.,0.));
#505=VECTOR('',#504,232.);
#506=LINE('',#474,#505);
#507=EDGE_CURVE('',#475,#503,#506,.T.);
#508=ORIENTED_EDGE('',*,*,#507,.T.);
#509=CARTESIAN_POINT('',(347.5,-116.,315.66987));
#510=VERTEX_POINT('',#509);
#511=DIRECTION('',(-0.96593,0.,0.25882));
#512=VECTOR('',#511,2.58819);
#513=LINE('',#502,#512);
#514=EDGE_CURVE('',#503,#510,#513,.T.);
#515=ORIENTED_EDGE('',*,*,#514,.T.);
#516=DIRECTION('',(0.,-1.,0.));
#517=VECTOR('',#516,232.);
#518=LINE('',#481,#517);
#519=EDGE_CURVE('',#482,#510,#518,.T.);
#520=ORIENTED_EDGE('',*,*,#519,.F.);
#521=ORIENTED_EDGE('',*,*,#486,.F.);
#522=EDGE_LOOP('',(#508,#515,#520,#521));
#523=FACE_OUTER_BOUND('',#522,.T.);
#524=CARTESIAN_POINT('',(350.,116.,315.));
#525=DIRECTION('',(-0.25882,0.,-0.96593));
#526=DIRECTION('',(0.,-1.,0.));
#527=AXIS2_PLACEMENT_3D('',#524,#525,#526);
#528=PLANE('',#527);
#529=ADVANCED_FACE('',(#523),#528,.T.);
#530=CARTESIAN_POINT('',(350.44049,-118.78115,315.));
#531=VERTEX_POINT('',#530);
#532=DIRECTION('',(0.15643,-0.98769,0.));
#533=VECTOR('',#532,2.81582);
#534=LINE('',#502,#533);
#535=EDGE_CURVE('',#503,#531,#534,.T.);
#536=ORIENTED_EDGE('',*,*,#535,.T.);
#537=CARTESIAN_POINT('',(348.06285,-119.5537,315.66987));
#538=VERTEX_POINT('',#537);
#539=DIRECTION('',(-0.91865,-0.29849,0.25882));
#540=VECTOR('',#539,2.58819);
#541=LINE('',#530,#540);
#542=EDGE_CURVE('',#531,#538,#541,.T.);
#543=ORIENTED_EDGE('',*,*,#542,.T.);
#544=DIRECTION('',(0.15643,-0.98769,0.));
#545=VECTOR('',#544,3.59799);
#546=LINE('',#509,#545);
#547=EDGE_CURVE('',#510,#538,#546,.T.);
#548=ORIENTED_EDGE('',*,*,#547,.F.);
#549=ORIENTED_EDGE('',*,*,#514,.F.);
#550=EDGE_LOOP('',(#536,#543,#548,#549));
#551=FACE_OUTER_BOUND('',#550,.T.);
#552=CARTESIAN_POINT('',(350.,-116.,315.));
#553=DIRECTION('',(-0.2586,-0.04096,-0.96512));
#554=DIRECTION('',(0.15643,-0.98769,0.));
#555=AXIS2_PLACEMENT_3D('',#552,#553,#554);
#556=PLANE('',#555);
#557=ADVANCED_FACE('',(#551),#556,.T.);
#558=CARTESIAN_POINT('',(351.71885,-121.29007,315.));
#559=VERTEX_POINT('',#558);
#560=DIRECTION('',(0.45399,-0.89101,0.));
#561=VECTOR('',#560,2.81582);
#562=LINE('',#530,#561);
#563=EDGE_CURVE('',#531,#559,#562,.T.);
#564=ORIENTED_EDGE('',*,*,#563,.T.);
#565=CARTESIAN_POINT('',(349.6963,-122.75953,315.66987));
#566=VERTEX_POINT('',#565);
#567=DIRECTION('',(-0.78145,-0.56776,0.25882));
#568=VECTOR('',#567,2.58819);
#569=LINE('',#558,#568);
#570=EDGE_CURVE('',#559,#566,#569,.T.);
#571=ORIENTED_EDGE('',*,*,#570,.T.);
#572=DIRECTION('',(0.45399,-0.89101,0.));
#573=VECTOR('',#572,3.59799);
#574=LINE('',#537,#573);
#575=EDGE_CURVE('',#538,#566,#574,.T.);
#576=ORIENTED_EDGE('',*,*,#575,.F.);
#577=ORIENTED_EDGE('',*,*,#542,.F.);
#578=EDGE_LOOP('',(#564,#571,#576,#577));
#579=FACE_OUTER_BOUND('',#578,.T.);
#580=CARTESIAN_POINT('',(350.44049,-118.78115,315.));
#581=DIRECTION('',(-0.23329,-0.11887,-0.96512));
#582=DIRECTION('',(0.45399,-0.89101,0.));
#583=AXIS2_PLACEMENT_3D('',#580,#581,#582);
#584=PLANE('',#583);
#585=ADVANCED_FACE('',(#579),#584,.T.);
#586=CARTESIAN_POINT('',(353.70993,-123.28115,315.));
#587=VERTEX_POINT('',#586);
#588=DIRECTION('',(0.70711,-0.70711,0.));
#589=VECTOR('',#588,2.81582);
#590=LINE('',#558,#589);
#591=EDGE_CURVE('',#559,#587,#590,.T.);
#592=ORIENTED_EDGE('',*,*,#591,.T.);
#593=CARTESIAN_POINT('',(352.24047,-125.3037,315.66987));
#594=VERTEX_POINT('',#593);
#595=DIRECTION('',(-0.56776,-0.78145,0.25882));
#596=VECTOR('',#595,2.58819);
#597=LINE('',#586,#596);
#598=EDGE_CURVE('',#587,#594,#597,.T.);
#599=ORIENTED_EDGE('',*,*,#598,.T.);
#600=DIRECTION('',(0.70711,-0.70711,0.));
#601=VECTOR('',#600,3.59799);
#602=LINE('',#565,#601);
#603=EDGE_CURVE('',#566,#594,#602,.T.);
#604=ORIENTED_EDGE('',*,*,#603,.F.);
#605=ORIENTED_EDGE('',*,*,#570,.F.);
#606=EDGE_LOOP('',(#592,#599,#604,#605));
#607=FACE_OUTER_BOUND('',#606,.T.);
#608=CARTESIAN_POINT('',(351.71885,-121.29007,315.));
#609=DIRECTION('',(-0.18514,-0.18514,-0.96512));
#610=DIRECTION('',(0.70711,-0.70711,0.));
#611=AXIS2_PLACEMENT_3D('',#608,#609,#610);
#612=PLANE('',#611);
#613=ADVANCED_FACE('',(#607),#612,.T.);
#614=CARTESIAN_POINT('',(356.21885,-124.55951,315.));
#615=VERTEX_POINT('',#614);
#616=DIRECTION('',(0.89101,-0.45399,0.));
#617=VECTOR('',#616,2.81582);
#618=LINE('',#586,#617);
#619=EDGE_CURVE('',#587,#615,#618,.T.);
#620=ORIENTED_EDGE('',*,*,#619,.T.);
#621=CARTESIAN_POINT('',(355.4463,-126.93715,315.66987));
#622=VERTEX_POINT('',#621);
#623=DIRECTION('',(-0.29849,-0.91865,0.25882));
#624=VECTOR('',#623,2.58819);
#625=LINE('',#614,#624);
#626=EDGE_CURVE('',#615,#622,#625,.T.);
#627=ORIENTED_EDGE('',*,*,#626,.T.);
#628=DIRECTION('',(0.89101,-0.45399,0.));
#629=VECTOR('',#628,3.59799);
#630=LINE('',#593,#629);
#631=EDGE_CURVE('',#594,#622,#630,.T.);
#632=ORIENTED_EDGE('',*,*,#631,.F.);
#633=ORIENTED_EDGE('',*,*,#598,.F.);
#634=EDGE_LOOP('',(#620,#627,#632,#633));
#635=FACE_OUTER_BOUND('',#634,.T.);
#636=CARTESIAN_POINT('',(353.70993,-123.28115,315.));
#637=DIRECTION('',(-0.11887,-0.23329,-0.96512));
#638=DIRECTION('',(0.89101,-0.45399,0.));
#639=AXIS2_PLACEMENT_3D('',#636,#637,#638);
#640=PLANE('',#639);
#641=ADVANCED_FACE('',(#635),#640,.T.);
#642=CARTESIAN_POINT('',(359.,-125.,315.));
#643=VERTEX_POINT('',#642);
#644=DIRECTION('',(0.98769,-0.15643,0.));
#645=VECTOR('',#644,2.81582);
#646=LINE('',#614,#645);
#647=EDGE_CURVE('',#615,#643,#646,.T.);
#648=ORIENTED_EDGE('',*,*,#647,.T.);
#649=CARTESIAN_POINT('',(359.,-127.5,315.66987));
#650=VERTEX_POINT('',#649);
#651=DIRECTION('',(0.,-0.96593,0.25882));
#652=VECTOR('',#651,2.58819);
#653=LINE('',#642,#652);
#654=EDGE_CURVE('',#643,#650,#653,.T.);
#655=ORIENTED_EDGE('',*,*,#654,.T.);
#656=DIRECTION('',(0.98769,-0.15643,0.));
#657=VECTOR('',#656,3.59799);
#658=LINE('',#621,#657);
#659=EDGE_CURVE('',#622,#650,#658,.T.);
#660=ORIENTED_EDGE('',*,*,#659,.F.);
#661=ORIENTED_EDGE('',*,*,#626,.F.);
#662=EDGE_LOOP('',(#648,#655,#660,#661));
#663=FACE_OUTER_BOUND('',#662,.T.);
#664=CARTESIAN_POINT('',(356.21885,-124.55951,315.));
#665=DIRECTION('',(-0.04096,-0.2586,-0.96512));
#666=DIRECTION('',(0.98769,-0.15643,0.));
#667=AXIS2_PLACEMENT_3D('',#664,#665,#666);
#668=PLANE('',#667);
#669=ADVANCED_FACE('',(#663),#668,.T.);
#670=DIRECTION('',(-1.,0.,0.));
#671=VECTOR('',#670,272.);
#672=LINE('',#18,#671);
#673=EDGE_CURVE('',#19,#643,#672,.T.);
#674=ORIENTED_EDGE('',*,*,#673,.F.);
#675=ORIENTED_EDGE('',*,*,#44,.T.);
#676=DIRECTION('',(-1.,0.,0.));
#677=VECTOR('',#676,272.);
#678=LINE('',#34,#677);
#679=EDGE_CURVE('',#35,#650,#678,.T.);
#680=ORIENTED_EDGE('',*,*,#679,.T.);
#681=ORIENTED_EDGE('',*,*,#654,.F.);
#682=EDGE_LOOP('',(#674,#675,#680,#681));
#683=FACE_OUTER_BOUND('',#682,.T.);
#684=CARTESIAN_POINT('',(359.,-125.,315.));
#685=DIRECTION('',(0.,-0.25882,-0.96593));
#686=DIRECTION('',(1.,0.,0.));
#687=AXIS2_PLACEMENT_3D('',#684,#685,#686);
#688=PLANE('',#687);
#689=ADVANCED_FACE('',(#683),#688,.T.);
#690=ORIENTED_EDGE('',*,*,#39,.T.);
#691=CARTESIAN_POINT('',(635.11924,-128.6777,317.5));
#692=VERTEX_POINT('',#691);
#693=DIRECTION('',(0.21851,-0.6725,0.70711));
#694=VECTOR('',#693,2.58819);
#695=LINE('',#27,#694);
#696=EDGE_CURVE('',#28,#692,#695,.T.);
#697=ORIENTED_EDGE('',*,*,#696,.T.);
#698=CARTESIAN_POINT('',(631.,-129.33013,317.5));
#699=VERTEX_POINT('',#698);
#700=DIRECTION('',(0.98769,0.15643,0.));
#701=VECTOR('',#700,4.17058);
#702=LINE('',#698,#701);
#703=EDGE_CURVE('',#699,#692,#702,.T.);
#704=ORIENTED_EDGE('',*,*,#703,.F.);
#705=DIRECTION('',(0.,-0.70711,0.70711));
#706=VECTOR('',#705,2.58819);
#707=LINE('',#34,#706);
#708=EDGE_CURVE('',#35,#699,#707,.T.);
#709=ORIENTED_EDGE('',*,*,#708,.F.);
#710=EDGE_LOOP('',(#690,#697,#704,#709));
#711=FACE_OUTER_BOUND('',#710,.T.);
#712=CARTESIAN_POINT('',(631.,-127.5,315.66987));
#713=DIRECTION('',(0.1113,-0.70271,-0.70271));
#714=DIRECTION('',(0.98769,0.15643,0.));
#715=AXIS2_PLACEMENT_3D('',#712,#713,#714);
#716=PLANE('',#715);
#717=ADVANCED_FACE('',(#711),#716,.T.);
#718=ORIENTED_EDGE('',*,*,#71,.T.);
#719=CARTESIAN_POINT('',(638.83525,-126.7843,317.5));
#720=VERTEX_POINT('',#719);
#721=DIRECTION('',(0.41563,-0.57206,0.70711));
#722=VECTOR('',#721,2.58819);
#723=LINE('',#61,#722);
#724=EDGE_CURVE('',#62,#720,#723,.T.);
#725=ORIENTED_EDGE('',*,*,#724,.T.);
#726=DIRECTION('',(0.89101,0.45399,0.));
#727=VECTOR('',#726,4.17058);
#728=LINE('',#691,#727);
#729=EDGE_CURVE('',#692,#720,#728,.T.);
#730=ORIENTED_EDGE('',*,*,#729,.F.);
#731=ORIENTED_EDGE('',*,*,#696,.F.);
#732=EDGE_LOOP('',(#718,#725,#730,#731));
#733=FACE_OUTER_BOUND('',#732,.T.);
#734=CARTESIAN_POINT('',(634.5537,-126.93715,315.66987));
#735=DIRECTION('',(0.323,-0.63393,-0.70271));
#736=DIRECTION('',(0.89101,0.45399,0.));
#737=AXIS2_PLACEMENT_3D('',#734,#735,#736);
#738=PLANE('',#737);
#739=ADVANCED_FACE('',(#733),#738,.T.);
#740=ORIENTED_EDGE('',*,*,#99,.T.);
#741=CARTESIAN_POINT('',(641.7843,-123.83525,317.5));
#742=VERTEX_POINT('',#741);
#743=DIRECTION('',(0.57206,-0.41563,0.70711));
#744=VECTOR('',#743,2.58819);
#745=LINE('',#89,#744);
#746=EDGE_CURVE('',#90,#742,#745,.T.);
#747=ORIENTED_EDGE('',*,*,#746,.T.);
#748=DIRECTION('',(0.70711,0.70711,0.));
#749=VECTOR('',#748,4.17058);
#750=LINE('',#719,#749);
#751=EDGE_CURVE('',#720,#742,#750,.T.);
#752=ORIENTED_EDGE('',*,*,#751,.F.);
#753=ORIENTED_EDGE('',*,*,#724,.F.);
#754=EDGE_LOOP('',(#740,#747,#752,#753));
#755=FACE_OUTER_BOUND('',#754,.T.);
#756=CARTESIAN_POINT('',(637.75953,-125.3037,315.66987));
#757=DIRECTION('',(0.50309,-0.50309,-0.70271));
#758=DIRECTION('',(0.70711,0.70711,0.));
#759=AXIS2_PLACEMENT_3D('',#756,#757,#758);
#760=PLANE('',#759);
#761=ADVANCED_FACE('',(#755),#760,.T.);
#762=ORIENTED_EDGE('',*,*,#127,.T.);
#763=CARTESIAN_POINT('',(643.6777,-120.11924,317.5));
#764=VERTEX_POINT('',#763);
#765=DIRECTION('',(0.6725,-0.21851,0.70711));
#766=VECTOR('',#765,2.58819);
#767=LINE('',#117,#766);
#768=EDGE_CURVE('',#118,#764,#767,.T.);
#769=ORIENTED_EDGE('',*,*,#768,.T.);
#770=DIRECTION('',(0.45399,0.89101,0.));
#771=VECTOR('',#770,4.17058);
#772=LINE('',#741,#771);
#773=EDGE_CURVE('',#742,#764,#772,.T.);
#774=ORIENTED_EDGE('',*,*,#773,.F.);
#775=ORIENTED_EDGE('',*,*,#746,.F.);
#776=EDGE_LOOP('',(#762,#769,#774,#775));
#777=FACE_OUTER_BOUND('',#776,.T.);
#778=CARTESIAN_POINT('',(640.3037,-122.75953,315.66987));
#779=DIRECTION('',(0.63393,-0.323,-0.70271));
#780=DIRECTION('',(0.45399,0.89101,0.));
#781=AXIS2_PLACEMENT_3D('',#778,#779,#780);
#782=PLANE('',#781);
#783=ADVANCED_FACE('',(#777),#782,.T.);
#784=ORIENTED_EDGE('',*,*,#155,.T.);
#785=CARTESIAN_POINT('',(644.33013,-116.,317.5));
#786=VERTEX_POINT('',#785);
#787=DIRECTION('',(0.70711,0.,0.70711));
#788=VECTOR('',#787,2.58819);
#789=LINE('',#145,#788);
#790=EDGE_CURVE('',#146,#786,#789,.T.);
#791=ORIENTED_EDGE('',*,*,#790,.T.);
#792=DIRECTION('',(0.15643,0.98769,0.));
#793=VECTOR('',#792,4.17058);
#794=LINE('',#763,#793);
#795=EDGE_CURVE('',#764,#786,#794,.T.);
#796=ORIENTED_EDGE('',*,*,#795,.F.);
#797=ORIENTED_EDGE('',*,*,#768,.F.);
#798=EDGE_LOOP('',(#784,#791,#796,#797));
#799=FACE_OUTER_BOUND('',#798,.T.);
#800=CARTESIAN_POINT('',(641.93715,-119.5537,315.66987));
#801=DIRECTION('',(0.70271,-0.1113,-0.70271));
#802=DIRECTION('',(0.15643,0.98769,0.));
#803=AXIS2_PLACEMENT_3D('',#800,#801,#802);
#804=PLANE('',#803);
#805=ADVANCED_FACE('',(#799),#804,.T.);
#806=ORIENTED_EDGE('',*,*,#183,.T.);
#807=CARTESIAN_POINT('',(644.33013,116.,317.5));
#808=VERTEX_POINT('',#807);
#809=DIRECTION('',(0.70711,0.,0.70711));
#810=VECTOR('',#809,2.58819);
#811=LINE('',#173,#810);
#812=EDGE_CURVE('',#174,#808,#811,.T.);
#813=ORIENTED_EDGE('',*,*,#812,.T.);
#814=DIRECTION('',(0.,1.,0.));
#815=VECTOR('',#814,232.);
#816=LINE('',#785,#815);
#817=EDGE_CURVE('',#786,#808,#816,.T.);
#818=ORIENTED_EDGE('',*,*,#817,.F.);
#819=ORIENTED_EDGE('',*,*,#790,.F.);
#820=EDGE_LOOP('',(#806,#813,#818,#819));
#821=FACE_OUTER_BOUND('',#820,.T.);
#822=CARTESIAN_POINT('',(642.5,-116.,315.66987));
#823=DIRECTION('',(0.70711,0.,-0.70711));
#824=DIRECTION('',(0.,1.,0.));
#825=AXIS2_PLACEMENT_3D('',#822,#823,#824);
#826=PLANE('',#825);
#827=ADVANCED_FACE('',(#821),#826,.T.);
#828=ORIENTED_EDGE('',*,*,#211,.T.);
#829=CARTESIAN_POINT('',(643.6777,120.11924,317.5));
#830=VERTEX_POINT('',#829);
#831=DIRECTION('',(0.6725,0.21851,0.70711));
#832=VECTOR('',#831,2.58819);
#833=LINE('',#201,#832);
#834=EDGE_CURVE('',#202,#830,#833,.T.);
#835=ORIENTED_EDGE('',*,*,#834,.T.);
#836=DIRECTION('',(-0.15643,0.98769,0.));
#837=VECTOR('',#836,4.17058);
#838=LINE('',#807,#837);
#839=EDGE_CURVE('',#808,#830,#838,.T.);
#840=ORIENTED_EDGE('',*,*,#839,.F.);
#841=ORIENTED_EDGE('',*,*,#812,.F.);
#842=EDGE_LOOP('',(#828,#835,#840,#841));
#843=FACE_OUTER_BOUND('',#842,.T.);
#844=CARTESIAN_POINT('',(642.5,116.,315.66987));
#845=DIRECTION('',(0.70271,0.1113,-0.70271));
#846=DIRECTION('',(-0.15643,0.98769,0.));
#847=AXIS2_PLACEMENT_3D('',#844,#845,#846);
#848=PLANE('',#847);
#849=ADVANCED_FACE('',(#843),#848,.T.);
#850=ORIENTED_EDGE('',*,*,#239,.T.);
#851=CARTESIAN_POINT('',(641.7843,123.83525,317.5));
#852=VERTEX_POINT('',#851);
#853=DIRECTION('',(0.57206,0.41563,0.70711));
#854=VECTOR('',#853,2.58819);
#855=LINE('',#229,#854);
#856=EDGE_CURVE('',#230,#852,#855,.T.);
#857=ORIENTED_EDGE('',*,*,#856,.T.);
#858=DIRECTION('',(-0.45399,0.89101,0.));
#859=VECTOR('',#858,4.17058);
#860=LINE('',#829,#859);
#861=EDGE_CURVE('',#830,#852,#860,.T.);
#862=ORIENTED_EDGE('',*,*,#861,.F.);
#863=ORIENTED_EDGE('',*,*,#834,.F.);
#864=EDGE_LOOP('',(#850,#857,#862,#863));
#865=FACE_OUTER_BOUND('',#864,.T.);
#866=CARTESIAN_POINT('',(641.93715,119.5537,315.66987));
#867=DIRECTION('',(0.63393,0.323,-0.70271));
#868=DIRECTION('',(-0.45399,0.89101,0.));
#869=AXIS2_PLACEMENT_3D('',#866,#867,#868);
#870=PLANE('',#869);
#871=ADVANCED_FACE('',(#865),#870,.T.);
#872=ORIENTED_EDGE('',*,*,#267,.T.);
#873=CARTESIAN_POINT('',(638.83525,126.7843,317.5));
#874=VERTEX_POINT('',#873);
#875=DIRECTION('',(0.41563,0.57206,0.70711));
#876=VECTOR('',#875,2.58819);
#877=LINE('',#257,#876);
#878=EDGE_CURVE('',#258,#874,#877,.T.);
#879=ORIENTED_EDGE('',*,*,#878,.T.);
#880=DIRECTION('',(-0.70711,0.70711,0.));
#881=VECTOR('',#880,4.17058);
#882=LINE('',#851,#881);
#883=EDGE_CURVE('',#852,#874,#882,.T.);
#884=ORIENTED_EDGE('',*,*,#883,.F.);
#885=ORIENTED_EDGE('',*,*,#856,.F.);
#886=EDGE_LOOP('',(#872,#879,#884,#885));
#887=FACE_OUTER_BOUND('',#886,.T.);
#888=CARTESIAN_POINT('',(640.3037,122.75953,315.66987));
#889=DIRECTION('',(0.50309,0.50309,-0.70271));
#890=DIRECTION('',(-0.70711,0.70711,0.));
#891=AXIS2_PLACEMENT_3D('',#888,#889,#890);
#892=PLANE('',#891);
#893=ADVANCED_FACE('',(#887),#892,.T.);
#894=ORIENTED_EDGE('',*,*,#295,.T.);
#895=CARTESIAN_POINT('',(635.11924,128.6777,317.5));
#896=VERTEX_POINT('',#895);
#897=DIRECTION('',(0.21851,0.6725,0.70711));
#898=VECTOR('',#897,2.58819);
#899=LINE('',#285,#898);
#900=EDGE_CURVE('',#286,#896,#899,.T.);
#901=ORIENTED_EDGE('',*,*,#900,.T.);
#902=DIRECTION('',(-0.89101,0.45399,0.));
#903=VECTOR('',#902,4.17058);
#904=LINE('',#873,#903);
#905=EDGE_CURVE('',#874,#896,#904,.T.);
#906=ORIENTED_EDGE('',*,*,#905,.F.);
#907=ORIENTED_EDGE('',*,*,#878,.F.);
#908=EDGE_LOOP('',(#894,#901,#906,#907));
#909=FACE_OUTER_BOUND('',#908,.T.);
#910=CARTESIAN_POINT('',(637.75953,125.3037,315.66987));
#911=DIRECTION('',(0.323,0.63393,-0.70271));
#912=DIRECTION('',(-0.89101,0.45399,0.));
#913=AXIS2_PLACEMENT_3D('',#910,#911,#912);
#914=PLANE('',#913);
#915=ADVANCED_FACE('',(#909),#914,.T.);
#916=ORIENTED_EDGE('',*,*,#323,.T.);
#917=CARTESIAN_POINT('',(631.,129.33013,317.5));
#918=VERTEX_POINT('',#917);
#919=DIRECTION('',(0.,0.70711,0.70711));
#920=VECTOR('',#919,2.58819);
#921=LINE('',#313,#920);
#922=EDGE_CURVE('',#314,#918,#921,.T.);
#923=ORIENTED_EDGE('',*,*,#922,.T.);
#924=DIRECTION('',(-0.98769,0.15643,0.));
#925=VECTOR('',#924,4.17058);
#926=LINE('',#895,#925);
#927=EDGE_CURVE('',#896,#918,#926,.T.);
#928=ORIENTED_EDGE('',*,*,#927,.F.);
#929=ORIENTED_EDGE('',*,*,#900,.F.);
#930=EDGE_LOOP('',(#916,#923,#928,#929));
#931=FACE_OUTER_BOUND('',#930,.T.);
#932=CARTESIAN_POINT('',(634.5537,126.93715,315.66987));
#933=DIRECTION('',(0.1113,0.70271,-0.70271));
#934=DIRECTION('',(-0.98769,0.15643,0.));
#935=AXIS2_PLACEMENT_3D('',#932,#933,#934);
#936=PLANE('',#935);
#937=ADVANCED_FACE('',(#931),#936,.T.);
#938=ORIENTED_EDGE('',*,*,#351,.T.);
#939=CARTESIAN_POINT('',(359.,129.33013,317.5));
#940=VERTEX_POINT('',#939);
#941=DIRECTION('',(0.,0.70711,0.70711));
#942=VECTOR('',#941,2.58819);
#943=LINE('',#341,#942);
#944=EDGE_CURVE('',#342,#940,#943,.T.);
#945=ORIENTED_EDGE('',*,*,#944,.T.);
#946=DIRECTION('',(-1.,0.,0.));
#947=VECTOR('',#946,272.);
#948=LINE('',#917,#947);
#949=EDGE_CURVE('',#918,#940,#948,.T.);
#950=ORIENTED_EDGE('',*,*,#949,.F.);
#951=ORIENTED_EDGE('',*,*,#922,.F.);
#952=EDGE_LOOP('',(#938,#945,#950,#951));
#953=FACE_OUTER_BOUND('',#952,.T.);
#954=CARTESIAN_POINT('',(631.,127.5,315.66987));
#955=DIRECTION('',(0.,0.70711,-0.70711));
#956=DIRECTION('',(-1.,0.,0.));
#957=AXIS2_PLACEMENT_3D('',#954,#955,#956);
#958=PLANE('',#957);
#959=ADVANCED_FACE('',(#953),#958,.T.);
#960=ORIENTED_EDGE('',*,*,#379,.T.);
#961=CARTESIAN_POINT('',(354.88076,128.6777,317.5));
#962=VERTEX_POINT('',#961);
#963=DIRECTION('',(-0.21851,0.6725,0.70711));
#964=VECTOR('',#963,2.58819);
#965=LINE('',#369,#964);
#966=EDGE_CURVE('',#370,#962,#965,.T.);
#967=ORIENTED_EDGE('',*,*,#966,.T.);
#968=DIRECTION('',(-0.98769,-0.15643,0.));
#969=VECTOR('',#968,4.17058);
#970=LINE('',#939,#969);
#971=EDGE_CURVE('',#940,#962,#970,.T.);
#972=ORIENTED_EDGE('',*,*,#971,.F.);
#973=ORIENTED_EDGE('',*,*,#944,.F.);
#974=EDGE_LOOP('',(#960,#967,#972,#973));
#975=FACE_OUTER_BOUND('',#974,.T.);
#976=CARTESIAN_POINT('',(359.,127.5,315.66987));
#977=DIRECTION('',(-0.1113,0.70271,-0.70271));
#978=DIRECTION('',(-0.98769,-0.15643,0.));
#979=AXIS2_PLACEMENT_3D('',#976,#977,#978);
#980=PLANE('',#979);
#981=ADVANCED_FACE('',(#975),#980,.T.);
#982=ORIENTED_EDGE('',*,*,#407,.T.);
#983=CARTESIAN_POINT('',(351.16475,126.7843,317.5));
#984=VERTEX_POINT('',#983);
#985=DIRECTION('',(-0.41563,0.57206,0.70711));
#986=VECTOR('',#985,2.58819);
#987=LINE('',#397,#986);
#988=EDGE_CURVE('',#398,#984,#987,.T.);
#989=ORIENTED_EDGE('',*,*,#988,.T.);
#990=DIRECTION('',(-0.89101,-0.45399,0.));
#991=VECTOR('',#990,4.17058);
#992=LINE('',#961,#991);
#993=EDGE_CURVE('',#962,#984,#992,.T.);
#994=ORIENTED_EDGE('',*,*,#993,.F.);
#995=ORIENTED_EDGE('',*,*,#966,.F.);
#996=EDGE_LOOP('',(#982,#989,#994,#995));
#997=FACE_OUTER_BOUND('',#996,.T.);
#998=CARTESIAN_POINT('',(355.4463,126.93715,315.66987));
#999=DIRECTION('',(-0.323,0.63393,-0.70271));
#1000=DIRECTION('',(-0.89101,-0.45399,0.));
#1001=AXIS2_PLACEMENT_3D('',#998,#999,#1000);
#1002=PLANE('',#1001);
#1003=ADVANCED_FACE('',(#997),#1002,.T.);
#1004=ORIENTED_EDGE('',*,*,#435,.T.);
#1005=CARTESIAN_POINT('',(348.2157,123.83525,317.5));
#1006=VERTEX_POINT('',#1005);
#1007=DIRECTION('',(-0.57206,0.41563,0.70711));
#1008=VECTOR('',#1007,2.58819);
#1009=LINE('',#425,#1008);
#1010=EDGE_CURVE('',#426,#1006,#1009,.T.);
#1011=ORIENTED_EDGE('',*,*,#1010,.T.);
#1012=DIRECTION('',(-0.70711,-0.70711,0.));
#1013=VECTOR('',#1012,4.17058);
#1014=LINE('',#983,#1013);
#1015=EDGE_CURVE('',#984,#1006,#1014,.T.);
#1016=ORIENTED_EDGE('',*,*,#1015,.F.);
#1017=ORIENTED_EDGE('',*,*,#988,.F.);
#1018=EDGE_LOOP('',(#1004,#1011,#1016,#1017));
#1019=FACE_OUTER_BOUND('',#1018,.T.);
#1020=CARTESIAN_POINT('',(352.24047,125.3037,315.66987));
#1021=DIRECTION('',(-0.50309,0.50309,-0.70271));
#1022=DIRECTION('',(-0.70711,-0.70711,0.));
#1023=AXIS2_PLACEMENT_3D('',#1020,#1021,#1022);
#1024=PLANE('',#1023);
#1025=ADVANCED_FACE('',(#1019),#1024,.T.);
#1026=ORIENTED_EDGE('',*,*,#463,.T.);
#1027=CARTESIAN_POINT('',(346.3223,120.11924,317.5));
#1028=VERTEX_POINT('',#1027);
#1029=DIRECTION('',(-0.6725,0.21851,0.70711));
#1030=VECTOR('',#1029,2.58819);
#1031=LINE('',#453,#1030);
#1032=EDGE_CURVE('',#454,#1028,#1031,.T.);
#1033=ORIENTED_EDGE('',*,*,#1032,.T.);
#1034=DIRECTION('',(-0.45399,-0.89101,0.));
#1035=VECTOR('',#1034,4.17058);
#1036=LINE('',#1005,#1035);
#1037=EDGE_CURVE('',#1006,#1028,#1036,.T.);
#1038=ORIENTED_EDGE('',*,*,#1037,.F.);
#1039=ORIENTED_EDGE('',*,*,#1010,.F.);
#1040=EDGE_LOOP('',(#1026,#1033,#1038,#1039));
#1041=FACE_OUTER_BOUND('',#1040,.T.);
#1042=CARTESIAN_POINT('',(349.6963,122.75953,315.66987));
#1043=DIRECTION('',(-0.63393,0.323,-0.70271));
#1044=DIRECTION('',(-0.45399,-0.89101,0.));
#1045=AXIS2_PLACEMENT_3D('',#1042,#1043,#1044);
#1046=PLANE('',#1045);
#1047=ADVANCED_FACE('',(#1041),#1046,.T.);
#1048=ORIENTED_EDGE('',*,*,#491,.T.);
#1049=CARTESIAN_POINT('',(345.66987,116.,317.5));
#1050=VERTEX_POINT('',#1049);
#1051=DIRECTION('',(-0.70711,0.,0.70711));
#1052=VECTOR('',#1051,2.58819);
#1053=LINE('',#481,#1052);
#1054=EDGE_CURVE('',#482,#1050,#1053,.T.);
#1055=ORIENTED_EDGE('',*,*,#1054,.T.);
#1056=DIRECTION('',(-0.15643,-0.98769,0.));
#1057=VECTOR('',#1056,4.17058);
#1058=LINE('',#1027,#1057);
#1059=EDGE_CURVE('',#1028,#1050,#1058,.T.);
#1060=ORIENTED_EDGE('',*,*,#1059,.F.);
#1061=ORIENTED_EDGE('',*,*,#1032,.F.);
#1062=EDGE_LOOP('',(#1048,#1055,#1060,#1061));
#1063=FACE_OUTER_BOUND('',#1062,.T.);
#1064=CARTESIAN_POINT('',(348.06285,119.5537,315.66987));
#1065=DIRECTION('',(-0.70271,0.1113,-0.70271));
#1066=DIRECTION('',(-0.15643,-0.98769,0.));
#1067=AXIS2_PLACEMENT_3D('',#1064,#1065,#1066);
#1068=PLANE('',#1067);
#1069=ADVANCED_FACE('',(#1063),#1068,.T.);
#1070=ORIENTED_EDGE('',*,*,#519,.T.);
#1071=CARTESIAN_POINT('',(345.66987,-116.,317.5));
#1072=VERTEX_POINT('',#1071);
#1073=DIRECTION('',(-0.70711,0.,0.70711));
#1074=VECTOR('',#1073,2.58819);
#1075=LINE('',#509,#1074);
#1076=EDGE_CURVE('',#510,#1072,#1075,.T.);
#1077=ORIENTED_EDGE('',*,*,#1076,.T.);
#1078=DIRECTION('',(0.,-1.,0.));
#1079=VECTOR('',#1078,232.);
#1080=LINE('',#1049,#1079);
#1081=EDGE_CURVE('',#1050,#1072,#1080,.T.);
#1082=ORIENTED_EDGE('',*,*,#1081,.F.);
#1083=ORIENTED_EDGE('',*,*,#1054,.F.);
#1084=EDGE_LOOP('',(#1070,#1077,#1082,#1083));
#1085=FACE_OUTER_BOUND('',#1084,.T.);
#1086=CARTESIAN_POINT('',(347.5,116.,315.66987));
#1087=DIRECTION('',(-0.70711,0.,-0.70711));
#1088=DIRECTION('',(0.,-1.,0.));
#1089=AXIS2_PLACEMENT_3D('',#1086,#1087,#1088);
#1090=PLANE('',#1089);
#1091=ADVANCED_FACE('',(#1085),#1090,.T.);
#1092=ORIENTED_EDGE('',*,*,#547,.T.);
#1093=CARTESIAN_POINT('',(346.3223,-120.11924,317.5));
#1094=VERTEX_POINT('',#1093);
#1095=DIRECTION('',(-0.6725,-0.21851,0.70711));
#1096=VECTOR('',#1095,2.58819);
#1097=LINE('',#537,#1096);
#1098=EDGE_CURVE('',#538,#1094,#1097,.T.);
#1099=ORIENTED_EDGE('',*,*,#1098,.T.);
#1100=DIRECTION('',(0.15643,-0.98769,0.));
#1101=VECTOR('',#1100,4.17058);
#1102=LINE('',#1071,#1101);
#1103=EDGE_CURVE('',#1072,#1094,#1102,.T.);
#1104=ORIENTED_EDGE('',*,*,#1103,.F.);
#1105=ORIENTED_EDGE('',*,*,#1076,.F.);
#1106=EDGE_LOOP('',(#1092,#1099,#1104,#1105));
#1107=FACE_OUTER_BOUND('',#1106,.T.);
#1108=CARTESIAN_POINT('',(347.5,-116.,315.66987));
#1109=DIRECTION('',(-0.70271,-0.1113,-0.70271));
#1110=DIRECTION('',(0.15643,-0.98769,0.));
#1111=AXIS2_PLACEMENT_3D('',#1108,#1109,#1110);
#1112=PLANE('',#1111);
#1113=ADVANCED_FACE('',(#1107),#1112,.T.);
#1114=ORIENTED_EDGE('',*,*,#575,.T.);
#1115=CARTESIAN_POINT('',(348.2157,-123.83525,317.5));
#1116=VERTEX_POINT('',#1115);
#1117=DIRECTION('',(-0.57206,-0.41563,0.70711));
#1118=VECTOR('',#1117,2.58819);
#1119=LINE('',#565,#1118);
#1120=EDGE_CURVE('',#566,#1116,#1119,.T.);
#1121=ORIENTED_EDGE('',*,*,#1120,.T.);
#1122=DIRECTION('',(0.45399,-0.89101,0.));
#1123=VECTOR('',#1122,4.17058);
#1124=LINE('',#1093,#1123);
#1125=EDGE_CURVE('',#1094,#1116,#1124,.T.);
#1126=ORIENTED_EDGE('',*,*,#1125,.F.);
#1127=ORIENTED_EDGE('',*,*,#1098,.F.);
#1128=EDGE_LOOP('',(#1114,#1121,#1126,#1127));
#1129=FACE_OUTER_BOUND('',#1128,.T.);
#1130=CARTESIAN_POINT('',(348.06285,-119.5537,315.66987));
#1131=DIRECTION('',(-0.63393,-0.323,-0.70271));
#1132=DIRECTION('',(0.45399,-0.89101,0.));
#1133=AXIS2_PLACEMENT_3D('',#1130,#1131,#1132);
#1134=PLANE('',#1133);
#1135=ADVANCED_FACE('',(#1129),#1134,.T.);
#1136=ORIENTED_EDGE('',*,*,#603,.T.);
#1137=CARTESIAN_POINT('',(351.16475,-126.7843,317.5));
#1138=VERTEX_POINT('',#1137);
#1139=DIRECTION('',(-0.41563,-0.57206,0.70711));
#1140=VECTOR('',#1139,2.58819);
#1141=LINE('',#593,#1140);
#1142=EDGE_CURVE('',#594,#1138,#1141,.T.);
#1143=ORIENTED_EDGE('',*,*,#1142,.T.);
#1144=DIRECTION('',(0.70711,-0.70711,0.));
#1145=VECTOR('',#1144,4.17058);
#1146=LINE('',#1115,#1145);
#1147=EDGE_CURVE('',#1116,#1138,#1146,.T.);
#1148=ORIENTED_EDGE('',*,*,#1147,.F.);
#1149=ORIENTED_EDGE('',*,*,#1120,.F.);
#1150=EDGE_LOOP('',(#1136,#1143,#1148,#1149));
#1151=FACE_OUTER_BOUND('',#1150,.T.);
#1152=CARTESIAN_POINT('',(349.6963,-122.75953,315.66987));
#1153=DIRECTION('',(-0.50309,-0.50309,-0.70271));
#1154=DIRECTION('',(0.70711,-0.70711,0.));
#1155=AXIS2_PLACEMENT_3D('',#1152,#1153,#1154);
#1156=PLANE('',#1155);
#1157=ADVANCED_FACE('',(#1151),#1156,.T.);
#1158=ORIENTED_EDGE('',*,*,#631,.T.);
#1159=CARTESIAN_POINT('',(354.88076,-128.6777,317.5));
#1160=VERTEX_POINT('',#1159);
#1161=DIRECTION('',(-0.21851,-0.6725,0.70711));
#1162=VECTOR('',#1161,2.58819);
#1163=LINE('',#621,#1162);
#1164=EDGE_CURVE('',#622,#1160,#1163,.T.);
#1165=ORIENTED_EDGE('',*,*,#1164,.T.);
#1166=DIRECTION('',(0.89101,-0.45399,0.));
#1167=VECTOR('',#1166,4.17058);
#1168=LINE('',#1137,#1167);
#1169=EDGE_CURVE('',#1138,#1160,#1168,.T.);
#1170=ORIENTED_EDGE('',*,*,#1169,.F.);
#1171=ORIENTED_EDGE('',*,*,#1142,.F.);
#1172=EDGE_LOOP('',(#1158,#1165,#1170,#1171));
#1173=FACE_OUTER_BOUND('',#1172,.T.);
#1174=CARTESIAN_POINT('',(352.24047,-125.3037,315.66987));
#1175=DIRECTION('',(-0.323,-0.63393,-0.70271));
#1176=DIRECTION('',(0.89101,-0.45399,0.));
#1177=AXIS2_PLACEMENT_3D('',#1174,#1175,#1176);
#1178=PLANE('',#1177);
#1179=ADVANCED_FACE('',(#1173),#1178,.T.);
#1180=ORIENTED_EDGE('',*,*,#659,.T.);
#1181=CARTESIAN_POINT('',(359.,-129.33013,317.5));
#1182=VERTEX_POINT('',#1181);
#1183=DIRECTION('',(0.,-0.70711,0.70711));
#1184=VECTOR('',#1183,2.58819);
#1185=LINE('',#649,#1184);
#1186=EDGE_CURVE('',#650,#1182,#1185,.T.);
#1187=ORIENTED_EDGE('',*,*,#1186,.T.);
#1188=DIRECTION('',(0.98769,-0.15643,0.));
#1189=VECTOR('',#1188,4.17058);
#1190=LINE('',#1159,#1189);
#1191=EDGE_CURVE('',#1160,#1182,#1190,.T.);
#1192=ORIENTED_EDGE('',*,*,#1191,.F.);
#1193=ORIENTED_EDGE('',*,*,#1164,.F.);
#1194=EDGE_LOOP('',(#1180,#1187,#1192,#1193));
#1195=FACE_OUTER_BOUND('',#1194,.T.);
#1196=CARTESIAN_POINT('',(355.4463,-126.93715,315.66987));
#1197=DIRECTION('',(-0.1113,-0.70271,-0.70271));
#1198=DIRECTION('',(0.98769,-0.15643,0.));
#1199=AXIS2_PLACEMENT_3D('',#1196,#1197,#1198);
#1200=PLANE('',#1199);
#1201=ADVANCED_FACE('',(#1195),#1200,.T.);
#1202=ORIENTED_EDGE('',*,*,#679,.F.);
#1203=ORIENTED_EDGE('',*,*,#708,.T.);
#1204=DIRECTION('',(-1.,0.,0.));
#1205=VECTOR('',#1204,272.);
#1206=LINE('',#698,#1205);
#1207=EDGE_CURVE('',#699,#1182,#1206,.T.);
#1208=ORIENTED_EDGE('',*,*,#1207,.T.);
#1209=ORIENTED_EDGE('',*,*,#1186,.F.);
#1210=EDGE_LOOP('',(#1202,#1203,#1208,#1209));
#1211=FACE_OUTER_BOUND('',#1210,.T.);
#1212=CARTESIAN_POINT('',(359.,-127.5,315.66987));
#1213=DIRECTION('',(0.,-0.70711,-0.70711));
#1214=DIRECTION('',(1.,0.,0.));
#1215=AXIS2_PLACEMENT_3D('',#1212,#1213,#1214);
#1216=PLANE('',#1215);
#1217=ADVANCED_FACE('',(#1211),#1216,.T.);
#1218=ORIENTED_EDGE('',*,*,#703,.T.);
#1219=CARTESIAN_POINT('',(635.32624,-129.31479,320.));
#1220=VERTEX_POINT('',#1219);
#1221=DIRECTION('',(0.07998,-0.24615,0.96593));
#1222=VECTOR('',#1221,2.58819);
#1223=LINE('',#691,#1222);
#1224=EDGE_CURVE('',#692,#1220,#1223,.T.);
#1225=ORIENTED_EDGE('',*,*,#1224,.T.);
#1226=CARTESIAN_POINT('',(631.,-130.,320.));
#1227=VERTEX_POINT('',#1226);
#1228=DIRECTION('',(0.98769,0.15643,0.));
#1229=VECTOR('',#1228,4.38017);
#1230=LINE('',#1226,#1229);
#1231=EDGE_CURVE('',#1227,#1220,#1230,.T.);
#1232=ORIENTED_EDGE('',*,*,#1231,.F.);
#1233=DIRECTION('',(0.,-0.25882,0.96593));
#1234=VECTOR('',#1233,2.58819);
#1235=LINE('',#698,#1234);
#1236=EDGE_CURVE('',#699,#1227,#1235,.T.);
#1237=ORIENTED_EDGE('',*,*,#1236,.F.);
#1238=EDGE_LOOP('',(#1218,#1225,#1232,#1237));
#1239=FACE_OUTER_BOUND('',#1238,.T.);
#1240=CARTESIAN_POINT('',(631.,-129.33013,317.5));
#1241=DIRECTION('',(0.15123,-0.95482,-0.25584));
#1242=DIRECTION('',(0.98769,0.15643,0.));
#1243=AXIS2_PLACEMENT_3D('',#1240,#1241,#1242);
#1244=PLANE('',#1243);
#1245=ADVANCED_FACE('',(#1239),#1244,.T.);
#1246=ORIENTED_EDGE('',*,*,#729,.T.);
#1247=CARTESIAN_POINT('',(639.22899,-127.32624,320.));
#1248=VERTEX_POINT('',#1247);
#1249=DIRECTION('',(0.15213,-0.20939,0.96593));
#1250=VECTOR('',#1249,2.58819);
#1251=LINE('',#719,#1250);
#1252=EDGE_CURVE('',#720,#1248,#1251,.T.);
#1253=ORIENTED_EDGE('',*,*,#1252,.T.);
#1254=DIRECTION('',(0.89101,0.45399,0.));
#1255=VECTOR('',#1254,4.38017);
#1256=LINE('',#1219,#1255);
#1257=EDGE_CURVE('',#1220,#1248,#1256,.T.);
#1258=ORIENTED_EDGE('',*,*,#1257,.F.);
#1259=ORIENTED_EDGE('',*,*,#1224,.F.);
#1260=EDGE_LOOP('',(#1246,#1253,#1258,#1259));
#1261=FACE_OUTER_BOUND('',#1260,.T.);
#1262=CARTESIAN_POINT('',(635.11924,-128.6777,317.5));
#1263=DIRECTION('',(0.43888,-0.86135,-0.25584));
#1264=DIRECTION('',(0.89101,0.45399,0.));
#1265=AXIS2_PLACEMENT_3D('',#1262,#1263,#1264);
#1266=PLANE('',#1265);
#1267=ADVANCED_FACE('',(#1261),#1266,.T.);
#1268=ORIENTED_EDGE('',*,*,#751,.T.);
#1269=CARTESIAN_POINT('',(642.32624,-124.22899,320.));
#1270=VERTEX_POINT('',#1269);
#1271=DIRECTION('',(0.20939,-0.15213,0.96593));
#1272=VECTOR('',#1271,2.58819);
#1273=LINE('',#741,#1272);
#1274=EDGE_CURVE('',#742,#1270,#1273,.T.);
#1275=ORIENTED_EDGE('',*,*,#1274,.T.);
#1276=DIRECTION('',(0.70711,0.70711,0.));
#1277=VECTOR('',#1276,4.38017);
#1278=LINE('',#1247,#1277);
#1279=EDGE_CURVE('',#1248,#1270,#1278,.T.);
#1280=ORIENTED_EDGE('',*,*,#1279,.F.);
#1281=ORIENTED_EDGE('',*,*,#1252,.F.);
#1282=EDGE_LOOP('',(#1268,#1275,#1280,#1281));
#1283=FACE_OUTER_BOUND('',#1282,.T.);
#1284=CARTESIAN_POINT('',(638.83525,-126.7843,317.5));
#1285=DIRECTION('',(0.68357,-0.68357,-0.25584));
#1286=DIRECTION('',(0.70711,0.70711,0.));
#1287=AXIS2_PLACEMENT_3D('',#1284,#1285,#1286);
#1288=PLANE('',#1287);
#1289=ADVANCED_FACE('',(#1283),#1288,.T.);
#1290=ORIENTED_EDGE('',*,*,#773,.T.);
#1291=CARTESIAN_POINT('',(644.31479,-120.32624,320.));
#1292=VERTEX_POINT('',#1291);
#1293=DIRECTION('',(0.24615,-0.07998,0.96593));
#1294=VECTOR('',#1293,2.58819);
#1295=LINE('',#763,#1294);
#1296=EDGE_CURVE('',#764,#1292,#1295,.T.);
#1297=ORIENTED_EDGE('',*,*,#1296,.T.);
#1298=DIRECTION('',(0.45399,0.89101,0.));
#1299=VECTOR('',#1298,4.38017);
#1300=LINE('',#1269,#1299);
#1301=EDGE_CURVE('',#1270,#1292,#1300,.T.);
#1302=ORIENTED_EDGE('',*,*,#1301,.F.);
#1303=ORIENTED_EDGE('',*,*,#1274,.F.);
#1304=EDGE_LOOP('',(#1290,#1297,#1302,#1303));
#1305=FACE_OUTER_BOUND('',#1304,.T.);
#1306=CARTESIAN_POINT('',(641.7843,-123.83525,317.5));
#1307=DIRECTION('',(0.86135,-0.43888,-0.25584));
#1308=DIRECTION('',(0.45399,0.89101,0.));
#1309=AXIS2_PLACEMENT_3D('',#1306,#1307,#1308);
#1310=PLANE('',#1309);
#1311=ADVANCED_FACE('',(#1305),#1310,.T.);
#1312=ORIENTED_EDGE('',*,*,#795,.T.);
#1313=CARTESIAN_POINT('',(645.,-116.,320.));
#1314=VERTEX_POINT('',#1313);
#1315=DIRECTION('',(0.25882,0.,0.96593));
#1316=VECTOR('',#1315,2.58819);
#1317=LINE('',#785,#1316);
#1318=EDGE_CURVE('',#786,#1314,#1317,.T.);
#1319=ORIENTED_EDGE('',*,*,#1318,.T.);
#1320=DIRECTION('',(0.15643,0.98769,0.));
#1321=VECTOR('',#1320,4.38017);
#1322=LINE('',#1291,#1321);
#1323=EDGE_CURVE('',#1292,#1314,#1322,.T.);
#1324=ORIENTED_EDGE('',*,*,#1323,.F.);
#1325=ORIENTED_EDGE('',*,*,#1296,.F.);
#1326=EDGE_LOOP('',(#1312,#1319,#1324,#1325));
#1327=FACE_OUTER_BOUND('',#1326,.T.);
#1328=CARTESIAN_POINT('',(643.6777,-120.11924,317.5));
#1329=DIRECTION('',(0.95482,-0.15123,-0.25584));
#1330=DIRECTION('',(0.15643,0.98769,0.));
#1331=AXIS2_PLACEMENT_3D('',#1328,#1329,#1330);
#1332=PLANE('',#1331);
#1333=ADVANCED_FACE('',(#1327),#1332,.T.);
#1334=ORIENTED_EDGE('',*,*,#817,.T.);
#1335=CARTESIAN_POINT('',(645.,116.,320.));
#1336=VERTEX_POINT('',#1335);
#1337=DIRECTION('',(0.25882,0.,0.96593));
#1338=VECTOR('',#1337,2.58819);
#1339=LINE('',#807,#1338);
#1340=EDGE_CURVE('',#808,#1336,#1339,.T.);
#1341=ORIENTED_EDGE('',*,*,#1340,.T.);
#1342=DIRECTION('',(0.,1.,0.));
#1343=VECTOR('',#1342,232.);
#1344=LINE('',#1313,#1343);
#1345=EDGE_CURVE('',#1314,#1336,#1344,.T.);
#1346=ORIENTED_EDGE('',*,*,#1345,.F.);
#1347=ORIENTED_EDGE('',*,*,#1318,.F.);
#1348=EDGE_LOOP('',(#1334,#1341,#1346,#1347));
#1349=FACE_OUTER_BOUND('',#1348,.T.);
#1350=CARTESIAN_POINT('',(644.33013,-116.,317.5));
#1351=DIRECTION('',(0.96593,0.,-0.25882));
#1352=DIRECTION('',(0.,1.,0.));
#1353=AXIS2_PLACEMENT_3D('',#1350,#1351,#1352);
#1354=PLANE('',#1353);
#1355=ADVANCED_FACE('',(#1349),#1354,.T.);
#1356=ORIENTED_EDGE('',*,*,#839,.T.);
#1357=CARTESIAN_POINT('',(644.31479,120.32624,320.));
#1358=VERTEX_POINT('',#1357);
#1359=DIRECTION('',(0.24615,0.07998,0.96593));
#1360=VECTOR('',#1359,2.58819);
#1361=LINE('',#829,#1360);
#1362=EDGE_CURVE('',#830,#1358,#1361,.T.);
#1363=ORIENTED_EDGE('',*,*,#1362,.T.);
#1364=DIRECTION('',(-0.15643,0.98769,0.));
#1365=VECTOR('',#1364,4.38017);
#1366=LINE('',#1335,#1365);
#1367=EDGE_CURVE('',#1336,#1358,#1366,.T.);
#1368=ORIENTED_EDGE('',*,*,#1367,.F.);
#1369=ORIENTED_EDGE('',*,*,#1340,.F.);
#1370=EDGE_LOOP('',(#1356,#1363,#1368,#1369));
#1371=FACE_OUTER_BOUND('',#1370,.T.);
#1372=CARTESIAN_POINT('',(644.33013,116.,317.5));
#1373=DIRECTION('',(0.95482,0.15123,-0.25584));
#1374=DIRECTION('',(-0.15643,0.98769,0.));
#1375=AXIS2_PLACEMENT_3D('',#1372,#1373,#1374);
#1376=PLANE('',#1375);
#1377=ADVANCED_FACE('',(#1371),#1376,.T.);
#1378=ORIENTED_EDGE('',*,*,#861,.T.);
#1379=CARTESIAN_POINT('',(642.32624,124.22899,320.));
#1380=VERTEX_POINT('',#1379);
#1381=DIRECTION('',(0.20939,0.15213,0.96593));
#1382=VECTOR('',#1381,2.58819);
#1383=LINE('',#851,#1382);
#1384=EDGE_CURVE('',#852,#1380,#1383,.T.);
#1385=ORIENTED_EDGE('',*,*,#1384,.T.);
#1386=DIRECTION('',(-0.45399,0.89101,0.));
#1387=VECTOR('',#1386,4.38017);
#1388=LINE('',#1357,#1387);
#1389=EDGE_CURVE('',#1358,#1380,#1388,.T.);
#1390=ORIENTED_EDGE('',*,*,#1389,.F.);
#1391=ORIENTED_EDGE('',*,*,#1362,.F.);
#1392=EDGE_LOOP('',(#1378,#1385,#1390,#1391));
#1393=FACE_OUTER_BOUND('',#1392,.T.);
#1394=CARTESIAN_POINT('',(643.6777,120.11924,317.5));
#1395=DIRECTION('',(0.86135,0.43888,-0.25584));
#1396=DIRECTION('',(-0.45399,0.89101,0.));
#1397=AXIS2_PLACEMENT_3D('',#1394,#1395,#1396);
#1398=PLANE('',#1397);
#1399=ADVANCED_FACE('',(#1393),#1398,.T.);
#1400=ORIENTED_EDGE('',*,*,#883,.T.);
#1401=CARTESIAN_POINT('',(639.22899,127.32624,320.));
#1402=VERTEX_POINT('',#1401);
#1403=DIRECTION('',(0.15213,0.20939,0.96593));
#1404=VECTOR('',#1403,2.58819);
#1405=LINE('',#873,#1404);
#1406=EDGE_CURVE('',#874,#1402,#1405,.T.);
#1407=ORIENTED_EDGE('',*,*,#1406,.T.);
#1408=DIRECTION('',(-0.70711,0.70711,0.));
#1409=VECTOR('',#1408,4.38017);
#1410=LINE('',#1379,#1409);
#1411=EDGE_CURVE('',#1380,#1402,#1410,.T.);
#1412=ORIENTED_EDGE('',*,*,#1411,.F.);
#1413=ORIENTED_EDGE('',*,*,#1384,.F.);
#1414=EDGE_LOOP('',(#1400,#1407,#1412,#1413));
#1415=FACE_OUTER_BOUND('',#1414,.T.);
#1416=CARTESIAN_POINT('',(641.7843,123.83525,317.5));
#1417=DIRECTION('',(0.68357,0.68357,-0.25584));
#1418=DIRECTION('',(-0.70711,0.70711,0.));
#1419=AXIS2_PLACEMENT_3D('',#1416,#1417,#1418);
#1420=PLANE('',#1419);
#1421=ADVANCED_FACE('',(#1415),#1420,.T.);
#1422=ORIENTED_EDGE('',*,*,#905,.T.);
#1423=CARTESIAN_POINT('',(635.32624,129.31479,320.));
#1424=VERTEX_POINT('',#1423);
#1425=DIRECTION('',(0.07998,0.24615,0.96593));
#1426=VECTOR('',#1425,2.58819);
#1427=LINE('',#895,#1426);
#1428=EDGE_CURVE('',#896,#1424,#1427,.T.);
#1429=ORIENTED_EDGE('',*,*,#1428,.T.);
#1430=DIRECTION('',(-0.89101,0.45399,0.));
#1431=VECTOR('',#1430,4.38017);
#1432=LINE('',#1401,#1431);
#1433=EDGE_CURVE('',#1402,#1424,#1432,.T.);
#1434=ORIENTED_EDGE('',*,*,#1433,.F.);
#1435=ORIENTED_EDGE('',*,*,#1406,.F.);
#1436=EDGE_LOOP('',(#1422,#1429,#1434,#1435));
#1437=FACE_OUTER_BOUND('',#1436,.T.);
#1438=CARTESIAN_POINT('',(638.83525,126.7843,317.5));
#1439=DIRECTION('',(0.43888,0.86135,-0.25584));
#1440=DIRECTION('',(-0.89101,0.45399,0.));
#1441=AXIS2_PLACEMENT_3D('',#1438,#1439,#1440);
#1442=PLANE('',#1441);
#1443=ADVANCED_FACE('',(#1437),#1442,.T.);
#1444=ORIENTED_EDGE('',*,*,#927,.T.);
#1445=CARTESIAN_POINT('',(631.,130.,320.));
#1446=VERTEX_POINT('',#1445);
#1447=DIRECTION('',(0.,0.25882,0.96593));
#1448=VECTOR('',#1447,2.58819);
#1449=LINE('',#917,#1448);
#1450=EDGE_CURVE('',#918,#1446,#1449,.T.);
#1451=ORIENTED_EDGE('',*,*,#1450,.T.);
#1452=DIRECTION('',(-0.98769,0.15643,0.));
#1453=VECTOR('',#1452,4.38017);
#1454=LINE('',#1423,#1453);
#1455=EDGE_CURVE('',#1424,#1446,#1454,.T.);
#1456=ORIENTED_EDGE('',*,*,#1455,.F.);
#1457=ORIENTED_EDGE('',*,*,#1428,.F.);
#1458=EDGE_LOOP('',(#1444,#1451,#1456,#1457));
#1459=FACE_OUTER_BOUND('',#1458,.T.);
#1460=CARTESIAN_POINT('',(635.11924,128.6777,317.5));
#1461=DIRECTION('',(0.15123,0.95482,-0.25584));
#1462=DIRECTION('',(-0.98769,0.15643,0.));
#1463=AXIS2_PLACEMENT_3D('',#1460,#1461,#1462);
#1464=PLANE('',#1463);
#1465=ADVANCED_FACE('',(#1459),#1464,.T.);
#1466=ORIENTED_EDGE('',*,*,#949,.T.);
#1467=CARTESIAN_POINT('',(359.,130.,320.));
#1468=VERTEX_POINT('',#1467);
#1469=DIRECTION('',(0.,0.25882,0.96593));
#1470=VECTOR('',#1469,2.58819);
#1471=LINE('',#939,#1470);
#1472=EDGE_CURVE('',#940,#1468,#1471,.T.);
#1473=ORIENTED_EDGE('',*,*,#1472,.T.);
#1474=DIRECTION('',(-1.,0.,0.));
#1475=VECTOR('',#1474,272.);
#1476=LINE('',#1445,#1475);
#1477=EDGE_CURVE('',#1446,#1468,#1476,.T.);
#1478=ORIENTED_EDGE('',*,*,#1477,.F.);
#1479=ORIENTED_EDGE('',*,*,#1450,.F.);
#1480=EDGE_LOOP('',(#1466,#1473,#1478,#1479));
#1481=FACE_OUTER_BOUND('',#1480,.T.);
#1482=CARTESIAN_POINT('',(631.,129.33013,317.5));
#1483=DIRECTION('',(0.,0.96593,-0.25882));
#1484=DIRECTION('',(-1.,0.,0.));
#1485=AXIS2_PLACEMENT_3D('',#1482,#1483,#1484);
#1486=PLANE('',#1485);
#1487=ADVANCED_FACE('',(#1481),#1486,.T.);
#1488=ORIENTED_EDGE('',*,*,#971,.T.);
#1489=CARTESIAN_POINT('',(354.67376,129.31479,320.));
#1490=VERTEX_POINT('',#1489);
#1491=DIRECTION('',(-0.07998,0.24615,0.96593));
#1492=VECTOR('',#1491,2.58819);
#1493=LINE('',#961,#1492);
#1494=EDGE_CURVE('',#962,#1490,#1493,.T.);
#1495=ORIENTED_EDGE('',*,*,#1494,.T.);
#1496=DIRECTION('',(-0.98769,-0.15643,0.));
#1497=VECTOR('',#1496,4.38017);
#1498=LINE('',#1467,#1497);
#1499=EDGE_CURVE('',#1468,#1490,#1498,.T.);
#1500=ORIENTED_EDGE('',*,*,#1499,.F.);
#1501=ORIENTED_EDGE('',*,*,#1472,.F.);
#1502=EDGE_LOOP('',(#1488,#1495,#1500,#1501));
#1503=FACE_OUTER_BOUND('',#1502,.T.);
#1504=CARTESIAN_POINT('',(359.,129.33013,317.5));
#1505=DIRECTION('',(-0.15123,0.95482,-0.25584));
#1506=DIRECTION('',(-0.98769,-0.15643,0.));
#1507=AXIS2_PLACEMENT_3D('',#1504,#1505,#1506);
#1508=PLANE('',#1507);
#1509=ADVANCED_FACE('',(#1503),#1508,.T.);
#1510=ORIENTED_EDGE('',*,*,#993,.T.);
#1511=CARTESIAN_POINT('',(350.77101,127.32624,320.));
#1512=VERTEX_POINT('',#1511);
#1513=DIRECTION('',(-0.15213,0.20939,0.96593));
#1514=VECTOR('',#1513,2.58819);
#1515=LINE('',#983,#1514);
#1516=EDGE_CURVE('',#984,#1512,#1515,.T.);
#1517=ORIENTED_EDGE('',*,*,#1516,.T.);
#1518=DIRECTION('',(-0.89101,-0.45399,0.));
#1519=VECTOR('',#1518,4.38017);
#1520=LINE('',#1489,#1519);
#1521=EDGE_CURVE('',#1490,#1512,#1520,.T.);
#1522=ORIENTED_EDGE('',*,*,#1521,.F.);
#1523=ORIENTED_EDGE('',*,*,#1494,.F.);
#1524=EDGE_LOOP('',(#1510,#1517,#1522,#1523));
#1525=FACE_OUTER_BOUND('',#1524,.T.);
#1526=CARTESIAN_POINT('',(354.88076,128.6777,317.5));
#1527=DIRECTION('',(-0.43888,0.86135,-0.25584));
#1528=DIRECTION('',(-0.89101,-0.45399,0.));
#1529=AXIS2_PLACEMENT_3D('',#1526,#1527,#1528);
#1530=PLANE('',#1529);
#1531=ADVANCED_FACE('',(#1525),#1530,.T.);
#1532=ORIENTED_EDGE('',*,*,#1015,.T.);
#1533=CARTESIAN_POINT('',(347.67376,124.22899,320.));
#1534=VERTEX_POINT('',#1533);
#1535=DIRECTION('',(-0.20939,0.15213,0.96593));
#1536=VECTOR('',#1535,2.58819);
#1537=LINE('',#1005,#1536);
#1538=EDGE_CURVE('',#1006,#1534,#1537,.T.);
#1539=ORIENTED_EDGE('',*,*,#1538,.T.);
#1540=DIRECTION('',(-0.70711,-0.70711,0.));
#1541=VECTOR('',#1540,4.38017);
#1542=LINE('',#1511,#1541);
#1543=EDGE_CURVE('',#1512,#1534,#1542,.T.);
#1544=ORIENTED_EDGE('',*,*,#1543,.F.);
#1545=ORIENTED_EDGE('',*,*,#1516,.F.);
#1546=EDGE_LOOP('',(#1532,#1539,#1544,#1545));
#1547=FACE_OUTER_BOUND('',#1546,.T.);
#1548=CARTESIAN_POINT('',(351.16475,126.7843,317.5));
#1549=DIRECTION('',(-0.68357,0.68357,-0.25584));
#1550=DIRECTION('',(-0.70711,-0.70711,0.));
#1551=AXIS2_PLACEMENT_3D('',#1548,#1549,#1550);
#1552=PLANE('',#1551);
#1553=ADVANCED_FACE('',(#1547),#1552,.T.);
#1554=ORIENTED_EDGE('',*,*,#1037,.T.);
#1555=CARTESIAN_POINT('',(345.68521,120.32624,320.));
#1556=VERTEX_POINT('',#1555);
#1557=DIRECTION('',(-0.24615,0.07998,0.96593));
#1558=VECTOR('',#1557,2.58819);
#1559=LINE('',#1027,#1558);
#1560=EDGE_CURVE('',#1028,#1556,#1559,.T.);
#1561=ORIENTED_EDGE('',*,*,#1560,.T.);
#1562=DIRECTION('',(-0.45399,-0.89101,0.));
#1563=VECTOR('',#1562,4.38017);
#1564=LINE('',#1533,#1563);
#1565=EDGE_CURVE('',#1534,#1556,#1564,.T.);
#1566=ORIENTED_EDGE('',*,*,#1565,.F.);
#1567=ORIENTED_EDGE('',*,*,#1538,.F.);
#1568=EDGE_LOOP('',(#1554,#1561,#1566,#1567));
#1569=FACE_OUTER_BOUND('',#1568,.T.);
#1570=CARTESIAN_POINT('',(348.2157,123.83525,317.5));
#1571=DIRECTION('',(-0.86135,0.43888,-0.25584));
#1572=DIRECTION('',(-0.45399,-0.89101,0.));
#1573=AXIS2_PLACEMENT_3D('',#1570,#1571,#1572);
#1574=PLANE('',#1573);
#1575=ADVANCED_FACE('',(#1569),#1574,.T.);
#1576=ORIENTED_EDGE('',*,*,#1059,.T.);
#1577=CARTESIAN_POINT('',(345.,116.,320.));
#1578=VERTEX_POINT('',#1577);
#1579=DIRECTION('',(-0.25882,0.,0.96593));
#1580=VECTOR('',#1579,2.58819);
#1581=LINE('',#1049,#1580);
#1582=EDGE_CURVE('',#1050,#1578,#1581,.T.);
#1583=ORIENTED_EDGE('',*,*,#1582,.T.);
#1584=DIRECTION('',(-0.15643,-0.98769,0.));
#1585=VECTOR('',#1584,4.38017);
#1586=LINE('',#1555,#1585);
#1587=EDGE_CURVE('',#1556,#1578,#1586,.T.);
#1588=ORIENTED_EDGE('',*,*,#1587,.F.);
#1589=ORIENTED_EDGE('',*,*,#1560,.F.);
#1590=EDGE_LOOP('',(#1576,#1583,#1588,#1589));
#1591=FACE_OUTER_BOUND('',#1590,.T.);
#1592=CARTESIAN_POINT('',(346.3223,120.11924,317.5));
#1593=DIRECTION('',(-0.95482,0.15123,-0.25584));
#1594=DIRECTION('',(-0.15643,-0.98769,0.));
#1595=AXIS2_PLACEMENT_3D('',#1592,#1593,#1594);
#1596=PLANE('',#1595);
#1597=ADVANCED_FACE('',(#1591),#1596,.T.);
#1598=ORIENTED_EDGE('',*,*,#1081,.T.);
#1599=CARTESIAN_POINT('',(345.,-116.,320.));
#1600=VERTEX_POINT('',#1599);
#1601=DIRECTION('',(-0.25882,0.,0.96593));
#1602=VECTOR('',#1601,2.58819);
#1603=LINE('',#1071,#1602);
#1604=EDGE_CURVE('',#1072,#1600,#1603,.T.);
#1605=ORIENTED_EDGE('',*,*,#1604,.T.);
#1606=DIRECTION('',(0.,-1.,0.));
#1607=VECTOR('',#1606,232.);
#1608=LINE('',#1577,#1607);
#1609=EDGE_CURVE('',#1578,#1600,#1608,.T.);
#1610=ORIENTED_EDGE('',*,*,#1609,.F.);
#1611=ORIENTED_EDGE('',*,*,#1582,.F.);
#1612=EDGE_LOOP('',(#1598,#1605,#1610,#1611));
#1613=FACE_OUTER_BOUND('',#1612,.T.);
#1614=CARTESIAN_POINT('',(345.66987,116.,317.5));
#1615=DIRECTION('',(-0.96593,0.,-0.25882));
#1616=DIRECTION('',(0.,-1.,0.));
#1617=AXIS2_PLACEMENT_3D('',#1614,#1615,#1616);
#1618=PLANE('',#1617);
#1619=ADVANCED_FACE('',(#1613),#1618,.T.);
#1620=ORIENTED_EDGE('',*,*,#1103,.T.);
#1621=CARTESIAN_POINT('',(345.68521,-120.32624,320.));
#1622=VERTEX_POINT('',#1621);
#1623=DIRECTION('',(-0.24615,-0.07998,0.96593));
#1624=VECTOR('',#1623,2.58819);
#1625=LINE('',#1093,#1624);
#1626=EDGE_CURVE('',#1094,#1622,#1625,.T.);
#1627=ORIENTED_EDGE('',*,*,#1626,.T.);
#1628=DIRECTION('',(0.15643,-0.98769,0.));
#1629=VECTOR('',#1628,4.38017);
#1630=LINE('',#1599,#1629);
#1631=EDGE_CURVE('',#1600,#1622,#1630,.T.);
#1632=ORIENTED_EDGE('',*,*,#1631,.F.);
#1633=ORIENTED_EDGE('',*,*,#1604,.F.);
#1634=EDGE_LOOP('',(#1620,#1627,#1632,#1633));
#1635=FACE_OUTER_BOUND('',#1634,.T.);
#1636=CARTESIAN_POINT('',(345.66987,-116.,317.5));
#1637=DIRECTION('',(-0.95482,-0.15123,-0.25584));
#1638=DIRECTION('',(0.15643,-0.98769,0.));
#1639=AXIS2_PLACEMENT_3D('',#1636,#1637,#1638);
#1640=PLANE('',#1639);
#1641=ADVANCED_FACE('',(#1635),#1640,.T.);
#1642=ORIENTED_EDGE('',*,*,#1125,.T.);
#1643=CARTESIAN_POINT('',(347.67376,-124.22899,320.));
#1644=VERTEX_POINT('',#1643);
#1645=DIRECTION('',(-0.20939,-0.15213,0.96593));
#1646=VECTOR('',#1645,2.58819);
#1647=LINE('',#1115,#1646);
#1648=EDGE_CURVE('',#1116,#1644,#1647,.T.);
#1649=ORIENTED_EDGE('',*,*,#1648,.T.);
#1650=DIRECTION('',(0.45399,-0.89101,0.));
#1651=VECTOR('',#1650,4.38017);
#1652=LINE('',#1621,#1651);
#1653=EDGE_CURVE('',#1622,#1644,#1652,.T.);
#1654=ORIENTED_EDGE('',*,*,#1653,.F.);
#1655=ORIENTED_EDGE('',*,*,#1626,.F.);
#1656=EDGE_LOOP('',(#1642,#1649,#1654,#1655));
#1657=FACE_OUTER_BOUND('',#1656,.T.);
#1658=CARTESIAN_POINT('',(346.3223,-120.11924,317.5));
#1659=DIRECTION('',(-0.86135,-0.43888,-0.25584));
#1660=DIRECTION('',(0.45399,-0.89101,0.));
#1661=AXIS2_PLACEMENT_3D('',#1658,#1659,#1660);
#1662=PLANE('',#1661);
#1663=ADVANCED_FACE('',(#1657),#1662,.T.);
#1664=ORIENTED_EDGE('',*,*,#1147,.T.);
#1665=CARTESIAN_POINT('',(350.77101,-127.32624,320.));
#1666=VERTEX_POINT('',#1665);
#1667=DIRECTION('',(-0.15213,-0.20939,0.96593));
#1668=VECTOR('',#1667,2.58819);
#1669=LINE('',#1137,#1668);
#1670=EDGE_CURVE('',#1138,#1666,#1669,.T.);
#1671=ORIENTED_EDGE('',*,*,#1670,.T.);
#1672=DIRECTION('',(0.70711,-0.70711,0.));
#1673=VECTOR('',#1672,4.38017);
#1674=LINE('',#1643,#1673);
#1675=EDGE_CURVE('',#1644,#1666,#1674,.T.);
#1676=ORIENTED_EDGE('',*,*,#1675,.F.);
#1677=ORIENTED_EDGE('',*,*,#1648,.F.);
#1678=EDGE_LOOP('',(#1664,#1671,#1676,#1677));
#1679=FACE_OUTER_BOUND('',#1678,.T.);
#1680=CARTESIAN_POINT('',(348.2157,-123.83525,317.5));
#1681=DIRECTION('',(-0.68357,-0.68357,-0.25584));
#1682=DIRECTION('',(0.70711,-0.70711,0.));
#1683=AXIS2_PLACEMENT_3D('',#1680,#1681,#1682);
#1684=PLANE('',#1683);
#1685=ADVANCED_FACE('',(#1679),#1684,.T.);
#1686=ORIENTED_EDGE('',*,*,#1169,.T.);
#1687=CARTESIAN_POINT('',(354.67376,-129.31479,320.));
#1688=VERTEX_POINT('',#1687);
#1689=DIRECTION('',(-0.07998,-0.24615,0.96593));
#1690=VECTOR('',#1689,2.58819);
#1691=LINE('',#1159,#1690);
#1692=EDGE_CURVE('',#1160,#1688,#1691,.T.);
#1693=ORIENTED_EDGE('',*,*,#1692,.T.);
#1694=DIRECTION('',(0.89101,-0.45399,0.));
#1695=VECTOR('',#1694,4.38017);
#1696=LINE('',#1665,#1695);
#1697=EDGE_CURVE('',#1666,#1688,#1696,.T.);
#1698=ORIENTED_EDGE('',*,*,#1697,.F.);
#1699=ORIENTED_EDGE('',*,*,#1670,.F.);
#1700=EDGE_LOOP('',(#1686,#1693,#1698,#1699));
#1701=FACE_OUTER_BOUND('',#1700,.T.);
#1702=CARTESIAN_POINT('',(351.16475,-126.7843,317.5));
#1703=DIRECTION('',(-0.43888,-0.86135,-0.25584));
#1704=DIRECTION('',(0.89101,-0.45399,0.));
#1705=AXIS2_PLACEMENT_3D('',#1702,#1703,#1704);
#1706=PLANE('',#1705);
#1707=ADVANCED_FACE('',(#1701),#1706,.T.);
#1708=ORIENTED_EDGE('',*,*,#1191,.T.);
#1709=CARTESIAN_POINT('',(359.,-130.,320.));
#1710=VERTEX_POINT('',#1709);
#1711=DIRECTION('',(0.,-0.25882,0.96593));
#1712=VECTOR('',#1711,2.58819);
#1713=LINE('',#1181,#1712);
#1714=EDGE_CURVE('',#1182,#1710,#1713,.T.);
#1715=ORIENTED_EDGE('',*,*,#1714,.T.);
#1716=DIRECTION('',(0.98769,-0.15643,0.));
#1717=VECTOR('',#1716,4.38017);
#1718=LINE('',#1687,#1717);
#1719=EDGE_CURVE('',#1688,#1710,#1718,.T.);
#1720=ORIENTED_EDGE('',*,*,#1719,.F.);
#1721=ORIENTED_EDGE('',*,*,#1692,.F.);
#1722=EDGE_LOOP('',(#1708,#1715,#1720,#1721));
#1723=FACE_OUTER_BOUND('',#1722,.T.);
#1724=CARTESIAN_POINT('',(354.88076,-128.6777,317.5));
#1725=DIRECTION('',(-0.15123,-0.95482,-0.25584));
#1726=DIRECTION('',(0.98769,-0.15643,0.));
#1727=AXIS2_PLACEMENT_3D('',#1724,#1725,#1726);
#1728=PLANE('',#1727);
#1729=ADVANCED_FACE('',(#1723),#1728,.T.);
#1730=ORIENTED_EDGE('',*,*,#1207,.F.);
#1731=ORIENTED_EDGE('',*,*,#1236,.T.);
#1732=DIRECTION('',(-1.,0.,0.));
#1733=VECTOR('',#1732,272.);
#1734=LINE('',#1226,#1733);
#1735=EDGE_CURVE('',#1227,#1710,#1734,.T.);
#1736=ORIENTED_EDGE('',*,*,#1735,.T.);
#1737=ORIENTED_EDGE('',*,*,#1714,.F.);
#1738=EDGE_LOOP('',(#1730,#1731,#1736,#1737));
#1739=FACE_OUTER_BOUND('',#1738,.T.);
#1740=CARTESIAN_POINT('',(359.,-129.33013,317.5));
#1741=DIRECTION('',(0.,-0.96593,-0.25882));
#1742=DIRECTION('',(1.,0.,0.));
#1743=AXIS2_PLACEMENT_3D('',#1740,#1741,#1742);
#1744=PLANE('',#1743);
#1745=ADVANCED_FACE('',(#1739),#1744,.T.);
#1746=ORIENTED_EDGE('',*,*,#1231,.T.);
#1747=CARTESIAN_POINT('',(635.32624,-129.31479,460.));
#1748=VERTEX_POINT('',#1747);
#1749=DIRECTION('',(0.,0.,1.));
#1750=VECTOR('',#1749,140.);
#1751=LINE('',#1219,#1750);
#1752=EDGE_CURVE('',#1220,#1748,#1751,.T.);
#1753=ORIENTED_EDGE('',*,*,#1752,.T.);
#1754=CARTESIAN_POINT('',(631.,-130.,460.));
#1755=VERTEX_POINT('',#1754);
#1756=DIRECTION('',(0.98769,0.15643,0.));
#1757=VECTOR('',#1756,4.38017);
#1758=LINE('',#1754,#1757);
#1759=EDGE_CURVE('',#1755,#1748,#1758,.T.);
#1760=ORIENTED_EDGE('',*,*,#1759,.F.);
#1761=DIRECTION('',(0.,0.,1.));
#1762=VECTOR('',#1761,140.);
#1763=LINE('',#1226,#1762);
#1764=EDGE_CURVE('',#1227,#1755,#1763,.T.);
#1765=ORIENTED_EDGE('',*,*,#1764,.F.);
#1766=EDGE_LOOP('',(#1746,#1753,#1760,#1765));
#1767=FACE_OUTER_BOUND('',#1766,.T.);
#1768=CARTESIAN_POINT('',(631.,-130.,320.));
#1769=DIRECTION('',(0.15643,-0.98769,0.));
#1770=DIRECTION('',(0.98769,0.15643,0.));
#1771=AXIS2_PLACEMENT_3D('',#1768,#1769,#1770);
#1772=PLANE('',#1771);
#1773=ADVANCED_FACE('',(#1767),#1772,.T.);
#1774=ORIENTED_EDGE('',*,*,#1257,.T.);
#1775=CARTESIAN_POINT('',(639.22899,-127.32624,460.));
#1776=VERTEX_POINT('',#1775);
#1777=DIRECTION('',(0.,0.,1.));
#1778=VECTOR('',#1777,140.);
#1779=LINE('',#1247,#1778);
#1780=EDGE_CURVE('',#1248,#1776,#1779,.T.);
#1781=ORIENTED_EDGE('',*,*,#1780,.T.);
#1782=DIRECTION('',(0.89101,0.45399,0.));
#1783=VECTOR('',#1782,4.38017);
#1784=LINE('',#1747,#1783);
#1785=EDGE_CURVE('',#1748,#1776,#1784,.T.);
#1786=ORIENTED_EDGE('',*,*,#1785,.F.);
#1787=ORIENTED_EDGE('',*,*,#1752,.F.);
#1788=EDGE_LOOP('',(#1774,#1781,#1786,#1787));
#1789=FACE_OUTER_BOUND('',#1788,.T.);
#1790=CARTESIAN_POINT('',(635.32624,-129.31479,320.));
#1791=DIRECTION('',(0.45399,-0.89101,0.));
#1792=DIRECTION('',(0.89101,0.45399,0.));
#1793=AXIS2_PLACEMENT_3D('',#1790,#1791,#1792);
#1794=PLANE('',#1793);
#1795=ADVANCED_FACE('',(#1789),#1794,.T.);
#1796=ORIENTED_EDGE('',*,*,#1279,.T.);
#1797=CARTESIAN_POINT('',(642.32624,-124.22899,460.));
#1798=VERTEX_POINT('',#1797);
#1799=DIRECTION('',(0.,0.,1.));
#1800=VECTOR('',#1799,140.);
#1801=LINE('',#1269,#1800);
#1802=EDGE_CURVE('',#1270,#1798,#1801,.T.);
#1803=ORIENTED_EDGE('',*,*,#1802,.T.);
#1804=DIRECTION('',(0.70711,0.70711,0.));
#1805=VECTOR('',#1804,4.38017);
#1806=LINE('',#1775,#1805);
#1807=EDGE_CURVE('',#1776,#1798,#1806,.T.);
#1808=ORIENTED_EDGE('',*,*,#1807,.F.);
#1809=ORIENTED_EDGE('',*,*,#1780,.F.);
#1810=EDGE_LOOP('',(#1796,#1803,#1808,#1809));
#1811=FACE_OUTER_BOUND('',#1810,.T.);
#1812=CARTESIAN_POINT('',(639.22899,-127.32624,320.));
#1813=DIRECTION('',(0.70711,-0.70711,0.));
#1814=DIRECTION('',(0.70711,0.70711,0.));
#1815=AXIS2_PLACEMENT_3D('',#1812,#1813,#1814);
#1816=PLANE('',#1815);
#1817=ADVANCED_FACE('',(#1811),#1816,.T.);
#1818=ORIENTED_EDGE('',*,*,#1301,.T.);
#1819=CARTESIAN_POINT('',(644.31479,-120.32624,460.));
#1820=VERTEX_POINT('',#1819);
#1821=DIRECTION('',(0.,0.,1.));
#1822=VECTOR('',#1821,140.);
#1823=LINE('',#1291,#1822);
#1824=EDGE_CURVE('',#1292,#1820,#1823,.T.);
#1825=ORIENTED_EDGE('',*,*,#1824,.T.);
#1826=DIRECTION('',(0.45399,0.89101,0.));
#1827=VECTOR('',#1826,4.38017);
#1828=LINE('',#1797,#1827);
#1829=EDGE_CURVE('',#1798,#1820,#1828,.T.);
#1830=ORIENTED_EDGE('',*,*,#1829,.F.);
#1831=ORIENTED_EDGE('',*,*,#1802,.F.);
#1832=EDGE_LOOP('',(#1818,#1825,#1830,#1831));
#1833=FACE_OUTER_BOUND('',#1832,.T.);
#1834=CARTESIAN_POINT('',(642.32624,-124.22899,320.));
#1835=DIRECTION('',(0.89101,-0.45399,0.));
#1836=DIRECTION('',(0.45399,0.89101,0.));
#1837=AXIS2_PLACEMENT_3D('',#1834,#1835,#1836);
#1838=PLANE('',#1837);
#1839=ADVANCED_FACE('',(#1833),#1838,.T.);
#1840=ORIENTED_EDGE('',*,*,#1323,.T.);
#1841=CARTESIAN_POINT('',(645.,-116.,460.));
#1842=VERTEX_POINT('',#1841);
#1843=DIRECTION('',(0.,0.,1.));
#1844=VECTOR('',#1843,140.);
#1845=LINE('',#1313,#1844);
#1846=EDGE_CURVE('',#1314,#1842,#1845,.T.);
#1847=ORIENTED_EDGE('',*,*,#1846,.T.);
#1848=DIRECTION('',(0.15643,0.98769,0.));
#1849=VECTOR('',#1848,4.38017);
#1850=LINE('',#1819,#1849);
#1851=EDGE_CURVE('',#1820,#1842,#1850,.T.);
#1852=ORIENTED_EDGE('',*,*,#1851,.F.);
#1853=ORIENTED_EDGE('',*,*,#1824,.F.);
#1854=EDGE_LOOP('',(#1840,#1847,#1852,#1853));
#1855=FACE_OUTER_BOUND('',#1854,.T.);
#1856=CARTESIAN_POINT('',(644.31479,-120.32624,320.));
#1857=DIRECTION('',(0.98769,-0.15643,0.));
#1858=DIRECTION('',(0.15643,0.98769,0.));
#1859=AXIS2_PLACEMENT_3D('',#1856,#1857,#1858);
#1860=PLANE('',#1859);
#1861=ADVANCED_FACE('',(#1855),#1860,.T.);
#1862=ORIENTED_EDGE('',*,*,#1345,.T.);
#1863=CARTESIAN_POINT('',(645.,116.,460.));
#1864=VERTEX_POINT('',#1863);
#1865=DIRECTION('',(0.,0.,1.));
#1866=VECTOR('',#1865,140.);
#1867=LINE('',#1335,#1866);
#1868=EDGE_CURVE('',#1336,#1864,#1867,.T.);
#1869=ORIENTED_EDGE('',*,*,#1868,.T.);
#1870=DIRECTION('',(0.,1.,0.));
#1871=VECTOR('',#1870,232.);
#1872=LINE('',#1841,#1871);
#1873=EDGE_CURVE('',#1842,#1864,#1872,.T.);
#1874=ORIENTED_EDGE('',*,*,#1873,.F.);
#1875=ORIENTED_EDGE('',*,*,#1846,.F.);
#1876=EDGE_LOOP('',(#1862,#1869,#1874,#1875));
#1877=FACE_OUTER_BOUND('',#1876,.T.);
#1878=CARTESIAN_POINT('',(645.,-116.,320.));
#1879=DIRECTION('',(1.,0.,0.));
#1880=DIRECTION('',(0.,1.,0.));
#1881=AXIS2_PLACEMENT_3D('',#1878,#1879,#1880);
#1882=PLANE('',#1881);
#1883=ADVANCED_FACE('',(#1877),#1882,.T.);
#1884=ORIENTED_EDGE('',*,*,#1367,.T.);
#1885=CARTESIAN_POINT('',(644.31479,120.32624,460.));
#1886=VERTEX_POINT('',#1885);
#1887=DIRECTION('',(0.,0.,1.));
#1888=VECTOR('',#1887,140.);
#1889=LINE('',#1357,#1888);
#1890=EDGE_CURVE('',#1358,#1886,#1889,.T.);
#1891=ORIENTED_EDGE('',*,*,#1890,.T.);
#1892=DIRECTION('',(-0.15643,0.98769,0.));
#1893=VECTOR('',#1892,4.38017);
#1894=LINE('',#1863,#1893);
#1895=EDGE_CURVE('',#1864,#1886,#1894,.T.);
#1896=ORIENTED_EDGE('',*,*,#1895,.F.);
#1897=ORIENTED_EDGE('',*,*,#1868,.F.);
#1898=EDGE_LOOP('',(#1884,#1891,#1896,#1897));
#1899=FACE_OUTER_BOUND('',#1898,.T.);
#1900=CARTESIAN_POINT('',(645.,116.,320.));
#1901=DIRECTION('',(0.98769,0.15643,0.));
#1902=DIRECTION('',(-0.15643,0.98769,0.));
#1903=AXIS2_PLACEMENT_3D('',#1900,#1901,#1902);
#1904=PLANE('',#1903);
#1905=ADVANCED_FACE('',(#1899),#1904,.T.);
#1906=ORIENTED_EDGE('',*,*,#1389,.T.);
#1907=CARTESIAN_POINT('',(642.32624,124.22899,460.));
#1908=VERTEX_POINT('',#1907);
#1909=DIRECTION('',(0.,0.,1.));
#1910=VECTOR('',#1909,140.);
#1911=LINE('',#1379,#1910);
#1912=EDGE_CURVE('',#1380,#1908,#1911,.T.);
#1913=ORIENTED_EDGE('',*,*,#1912,.T.);
#1914=DIRECTION('',(-0.45399,0.89101,0.));
#1915=VECTOR('',#1914,4.38017);
#1916=LINE('',#1885,#1915);
#1917=EDGE_CURVE('',#1886,#1908,#1916,.T.);
#1918=ORIENTED_EDGE('',*,*,#1917,.F.);
#1919=ORIENTED_EDGE('',*,*,#1890,.F.);
#1920=EDGE_LOOP('',(#1906,#1913,#1918,#1919));
#1921=FACE_OUTER_BOUND('',#1920,.T.);
#1922=CARTESIAN_POINT('',(644.31479,120.32624,320.));
#1923=DIRECTION('',(0.89101,0.45399,0.));
#1924=DIRECTION('',(-0.45399,0.89101,0.));
#1925=AXIS2_PLACEMENT_3D('',#1922,#1923,#1924);
#1926=PLANE('',#1925);
#1927=ADVANCED_FACE('',(#1921),#1926,.T.);
#1928=ORIENTED_EDGE('',*,*,#1411,.T.);
#1929=CARTESIAN_POINT('',(639.22899,127.32624,460.));
#1930=VERTEX_POINT('',#1929);
#1931=DIRECTION('',(0.,0.,1.));
#1932=VECTOR('',#1931,140.);
#1933=LINE('',#1401,#1932);
#1934=EDGE_CURVE('',#1402,#1930,#1933,.T.);
#1935=ORIENTED_EDGE('',*,*,#1934,.T.);
#1936=DIRECTION('',(-0.70711,0.70711,0.));
#1937=VECTOR('',#1936,4.38017);
#1938=LINE('',#1907,#1937);
#1939=EDGE_CURVE('',#1908,#1930,#1938,.T.);
#1940=ORIENTED_EDGE('',*,*,#1939,.F.);
#1941=ORIENTED_EDGE('',*,*,#1912,.F.);
#1942=EDGE_LOOP('',(#1928,#1935,#1940,#1941));
#1943=FACE_OUTER_BOUND('',#1942,.T.);
#1944=CARTESIAN_POINT('',(642.32624,124.22899,320.));
#1945=DIRECTION('',(0.70711,0.70711,0.));
#1946=DIRECTION('',(-0.70711,0.70711,0.));
#1947=AXIS2_PLACEMENT_3D('',#1944,#1945,#1946);
#1948=PLANE('',#1947);
#1949=ADVANCED_FACE('',(#1943),#1948,.T.);
#1950=ORIENTED_EDGE('',*,*,#1433,.T.);
#1951=CARTESIAN_POINT('',(635.32624,129.31479,460.));
#1952=VERTEX_POINT('',#1951);
#1953=DIRECTION('',(0.,0.,1.));
#1954=VECTOR('',#1953,140.);
#1955=LINE('',#1423,#1954);
#1956=EDGE_CURVE('',#1424,#1952,#1955,.T.);
#1957=ORIENTED_EDGE('',*,*,#1956,.T.);
#1958=DIRECTION('',(-0.89101,0.45399,0.));
#1959=VECTOR('',#1958,4.38017);
#1960=LINE('',#1929,#1959);
#1961=EDGE_CURVE('',#1930,#1952,#1960,.T.);
#1962=ORIENTED_EDGE('',*,*,#1961,.F.);
#1963=ORIENTED_EDGE('',*,*,#1934,.F.);
#1964=EDGE_LOOP('',(#1950,#1957,#1962,#1963));
#1965=FACE_OUTER_BOUND('',#1964,.T.);
#1966=CARTESIAN_POINT('',(639.22899,127.32624,320.));
#1967=DIRECTION('',(0.45399,0.89101,0.));
#1968=DIRECTION('',(-0.89101,0.45399,0.));
#1969=AXIS2_PLACEMENT_3D('',#1966,#1967,#1968);
#1970=PLANE('',#1969);
#1971=ADVANCED_FACE('',(#1965),#1970,.T.);
#1972=ORIENTED_EDGE('',*,*,#1455,.T.);
#1973=CARTESIAN_POINT('',(631.,130.,460.));
#1974=VERTEX_POINT('',#1973);
#1975=DIRECTION('',(0.,0.,1.));
#1976=VECTOR('',#1975,140.);
#1977=LINE('',#1445,#1976);
#1978=EDGE_CURVE('',#1446,#1974,#1977,.T.);
#1979=ORIENTED_EDGE('',*,*,#1978,.T.);
#1980=DIRECTION('',(-0.98769,0.15643,0.));
#1981=VECTOR('',#1980,4.38017);
#1982=LINE('',#1951,#1981);
#1983=EDGE_CURVE('',#1952,#1974,#1982,.T.);
#1984=ORIENTED_EDGE('',*,*,#1983,.F.);
#1985=ORIENTED_EDGE('',*,*,#1956,.F.);
#1986=EDGE_LOOP('',(#1972,#1979,#1984,#1985));
#1987=FACE_OUTER_BOUND('',#1986,.T.);
#1988=CARTESIAN_POINT('',(635.32624,129.31479,320.));
#1989=DIRECTION('',(0.15643,0.98769,0.));
#1990=DIRECTION('',(-0.98769,0.15643,0.));
#1991=AXIS2_PLACEMENT_3D('',#1988,#1989,#1990);
#1992=PLANE('',#1991);
#1993=ADVANCED_FACE('',(#1987),#1992,.T.);
#1994=ORIENTED_EDGE('',*,*,#1477,.T.);
#1995=CARTESIAN_POINT('',(359.,130.,460.));
#1996=VERTEX_POINT('',#1995);
#1997=DIRECTION('',(0.,0.,1.));
#1998=VECTOR('',#1997,140.);
#1999=LINE('',#1467,#1998);
#2000=EDGE_CURVE('',#1468,#1996,#1999,.T.);
#2001=ORIENTED_EDGE('',*,*,#2000,.T.);
#2002=DIRECTION('',(-1.,0.,0.));
#2003=VECTOR('',#2002,272.);
#2004=LINE('',#1973,#2003);
#2005=EDGE_CURVE('',#1974,#1996,#2004,.T.);
#2006=ORIENTED_EDGE('',*,*,#2005,.F.);
#2007=ORIENTED_EDGE('',*,*,#1978,.F.);
#2008=EDGE_LOOP('',(#1994,#2001,#2006,#2007));
#2009=FACE_OUTER_BOUND('',#2008,.T.);
#2010=CARTESIAN_POINT('',(631.,130.,320.));
#2011=DIRECTION('',(0.,1.,0.));
#2012=DIRECTION('',(-1.,0.,0.));
#2013=AXIS2_PLACEMENT_3D('',#2010,#2011,#2012);
#2014=PLANE('',#2013);
#2015=ADVANCED_FACE('',(#2009),#2014,.T.);
#2016=ORIENTED_EDGE('',*,*,#1499,.T.);
#2017=CARTESIAN_POINT('',(354.67376,129.31479,460.));
#2018=VERTEX_POINT('',#2017);
#2019=DIRECTION('',(0.,0.,1.));
#2020=VECTOR('',#2019,140.);
#2021=LINE('',#1489,#2020);
#2022=EDGE_CURVE('',#1490,#2018,#2021,.T.);
#2023=ORIENTED_EDGE('',*,*,#2022,.T.);
#2024=DIRECTION('',(-0.98769,-0.15643,0.));
#2025=VECTOR('',#2024,4.38017);
#2026=LINE('',#1995,#2025);
#2027=EDGE_CURVE('',#1996,#2018,#2026,.T.);
#2028=ORIENTED_EDGE('',*,*,#2027,.F.);
#2029=ORIENTED_EDGE('',*,*,#2000,.F.);
#2030=EDGE_LOOP('',(#2016,#2023,#2028,#2029));
#2031=FACE_OUTER_BOUND('',#2030,.T.);
#2032=CARTESIAN_POINT('',(359.,130.,320.));
#2033=DIRECTION('',(-0.15643,0.98769,0.));
#2034=DIRECTION('',(-0.98769,-0.15643,0.));
#2035=AXIS2_PLACEMENT_3D('',#2032,#2033,#2034);
#2036=PLANE('',#2035);
#2037=ADVANCED_FACE('',(#2031),#2036,.T.);
#2038=ORIENTED_EDGE('',*,*,#1521,.T.);
#2039=CARTESIAN_POINT('',(350.77101,127.32624,460.));
#2040=VERTEX_POINT('',#2039);
#2041=DIRECTION('',(0.,0.,1.));
#2042=VECTOR('',#2041,140.);
#2043=LINE('',#1511,#2042);
#2044=EDGE_CURVE('',#1512,#2040,#2043,.T.);
#2045=ORIENTED_EDGE('',*,*,#2044,.T.);
#2046=DIRECTION('',(-0.89101,-0.45399,0.));
#2047=VECTOR('',#2046,4.38017);
#2048=LINE('',#2017,#2047);
#2049=EDGE_CURVE('',#2018,#2040,#2048,.T.);
#2050=ORIENTED_EDGE('',*,*,#2049,.F.);
#2051=ORIENTED_EDGE('',*,*,#2022,.F.);
#2052=EDGE_LOOP('',(#2038,#2045,#2050,#2051));
#2053=FACE_OUTER_BOUND('',#2052,.T.);
#2054=CARTESIAN_POINT('',(354.67376,129.31479,320.));
#2055=DIRECTION('',(-0.45399,0.89101,0.));
#2056=DIRECTION('',(-0.89101,-0.45399,0.));
#2057=AXIS2_PLACEMENT_3D('',#2054,#2055,#2056);
#2058=PLANE('',#2057);
#2059=ADVANCED_FACE('',(#2053),#2058,.T.);
#2060=ORIENTED_EDGE('',*,*,#1543,.T.);
#2061=CARTESIAN_POINT('',(347.67376,124.22899,460.));
#2062=VERTEX_POINT('',#2061);
#2063=DIRECTION('',(0.,0.,1.));
#2064=VECTOR('',#2063,140.);
#2065=LINE('',#1533,#2064);
#2066=EDGE_CURVE('',#1534,#2062,#2065,.T.);
#2067=ORIENTED_EDGE('',*,*,#2066,.T.);
#2068=DIRECTION('',(-0.70711,-0.70711,0.));
#2069=VECTOR('',#2068,4.38017);
#2070=LINE('',#2039,#2069);
#2071=EDGE_CURVE('',#2040,#2062,#2070,.T.);
#2072=ORIENTED_EDGE('',*,*,#2071,.F.);
#2073=ORIENTED_EDGE('',*,*,#2044,.F.);
#2074=EDGE_LOOP('',(#2060,#2067,#2072,#2073));
#2075=FACE_OUTER_BOUND('',#2074,.T.);
#2076=CARTESIAN_POINT('',(350.77101,127.32624,320.));
#2077=DIRECTION('',(-0.70711,0.70711,0.));
#2078=DIRECTION('',(-0.70711,-0.70711,0.));
#2079=AXIS2_PLACEMENT_3D('',#2076,#2077,#2078);
#2080=PLANE('',#2079);
#2081=ADVANCED_FACE('',(#2075),#2080,.T.);
#2082=ORIENTED_EDGE('',*,*,#1565,.T.);
#2083=CARTESIAN_POINT('',(345.68521,120.32624,460.));
#2084=VERTEX_POINT('',#2083);
#2085=DIRECTION('',(0.,0.,1.));
#2086=VECTOR('',#2085,140.);
#2087=LINE('',#1555,#2086);
#2088=EDGE_CURVE('',#1556,#2084,#2087,.T.);
#2089=ORIENTED_EDGE('',*,*,#2088,.T.);
#2090=DIRECTION('',(-0.45399,-0.89101,0.));
#2091=VECTOR('',#2090,4.38017);
#2092=LINE('',#2061,#2091);
#2093=EDGE_CURVE('',#2062,#2084,#2092,.T.);
#2094=ORIENTED_EDGE('',*,*,#2093,.F.);
#2095=ORIENTED_EDGE('',*,*,#2066,.F.);
#2096=EDGE_LOOP('',(#2082,#2089,#2094,#2095));
#2097=FACE_OUTER_BOUND('',#2096,.T.);
#2098=CARTESIAN_POINT('',(347.67376,124.22899,320.));
#2099=DIRECTION('',(-0.89101,0.45399,0.));
#2100=DIRECTION('',(-0.45399,-0.89101,0.));
#2101=AXIS2_PLACEMENT_3D('',#2098,#2099,#2100);
#2102=PLANE('',#2101);
#2103=ADVANCED_FACE('',(#2097),#2102,.T.);
#2104=ORIENTED_EDGE('',*,*,#1587,.T.);
#2105=CARTESIAN_POINT('',(345.,116.,460.));
#2106=VERTEX_POINT('',#2105);
#2107=DIRECTION('',(0.,0.,1.));
#2108=VECTOR('',#2107,140.);
#2109=LINE('',#1577,#2108);
#2110=EDGE_CURVE('',#1578,#2106,#2109,.T.);
#2111=ORIENTED_EDGE('',*,*,#2110,.T.);
#2112=DIRECTION('',(-0.15643,-0.98769,0.));
#2113=VECTOR('',#2112,4.38017);
#2114=LINE('',#2083,#2113);
#2115=EDGE_CURVE('',#2084,#2106,#2114,.T.);
#2116=ORIENTED_EDGE('',*,*,#2115,.F.);
#2117=ORIENTED_EDGE('',*,*,#2088,.F.);
#2118=EDGE_LOOP('',(#2104,#2111,#2116,#2117));
#2119=FACE_OUTER_BOUND('',#2118,.T.);
#2120=CARTESIAN_POINT('',(345.68521,120.32624,320.));
#2121=DIRECTION('',(-0.98769,0.15643,0.));
#2122=DIRECTION('',(-0.15643,-0.98769,0.));
#2123=AXIS2_PLACEMENT_3D('',#2120,#2121,#2122);
#2124=PLANE('',#2123);
#2125=ADVANCED_FACE('',(#2119),#2124,.T.);
#2126=ORIENTED_EDGE('',*,*,#1609,.T.);
#2127=CARTESIAN_POINT('',(345.,-116.,460.));
#2128=VERTEX_POINT('',#2127);
#2129=DIRECTION('',(0.,0.,1.));
#2130=VECTOR('',#2129,140.);
#2131=LINE('',#1599,#2130);
#2132=EDGE_CURVE('',#1600,#2128,#2131,.T.);
#2133=ORIENTED_EDGE('',*,*,#2132,.T.);
#2134=DIRECTION('',(0.,-1.,0.));
#2135=VECTOR('',#2134,232.);
#2136=LINE('',#2105,#2135);
#2137=EDGE_CURVE('',#2106,#2128,#2136,.T.);
#2138=ORIENTED_EDGE('',*,*,#2137,.F.);
#2139=ORIENTED_EDGE('',*,*,#2110,.F.);
#2140=EDGE_LOOP('',(#2126,#2133,#2138,#2139));
#2141=FACE_OUTER_BOUND('',#2140,.T.);
#2142=CARTESIAN_POINT('',(345.,116.,320.));
#2143=DIRECTION('',(-1.,0.,0.));
#2144=DIRECTION('',(0.,-1.,0.));
#2145=AXIS2_PLACEMENT_3D('',#2142,#2143,#2144);
#2146=PLANE('',#2145);
#2147=ADVANCED_FACE('',(#2141),#2146,.T.);
#2148=ORIENTED_EDGE('',*,*,#1631,.T.);
#2149=CARTESIAN_POINT('',(345.68521,-120.32624,460.));
#2150=VERTEX_POINT('',#2149);
#2151=DIRECTION('',(0.,0.,1.));
#2152=VECTOR('',#2151,140.);
#2153=LINE('',#1621,#2152);
#2154=EDGE_CURVE('',#1622,#2150,#2153,.T.);
#2155=ORIENTED_EDGE('',*,*,#2154,.T.);
#2156=DIRECTION('',(0.15643,-0.98769,0.));
#2157=VECTOR('',#2156,4.38017);
#2158=LINE('',#2127,#2157);
#2159=EDGE_CURVE('',#2128,#2150,#2158,.T.);
#2160=ORIENTED_EDGE('',*,*,#2159,.F.);
#2161=ORIENTED_EDGE('',*,*,#2132,.F.);
#2162=EDGE_LOOP('',(#2148,#2155,#2160,#2161));
#2163=FACE_OUTER_BOUND('',#2162,.T.);
#2164=CARTESIAN_POINT('',(345.,-116.,320.));
#2165=DIRECTION('',(-0.98769,-0.15643,0.));
#2166=DIRECTION('',(0.15643,-0.98769,0.));
#2167=AXIS2_PLACEMENT_3D('',#2164,#2165,#2166);
#2168=PLANE('',#2167);
#2169=ADVANCED_FACE('',(#2163),#2168,.T.);
#2170=ORIENTED_EDGE('',*,*,#1653,.T.);
#2171=CARTESIAN_POINT('',(347.67376,-124.22899,460.));
#2172=VERTEX_POINT('',#2171);
#2173=DIRECTION('',(0.,0.,1.));
#2174=VECTOR('',#2173,140.);
#2175=LINE('',#1643,#2174);
#2176=EDGE_CURVE('',#1644,#2172,#2175,.T.);
#2177=ORIENTED_EDGE('',*,*,#2176,.T.);
#2178=DIRECTION('',(0.45399,-0.89101,0.));
#2179=VECTOR('',#2178,4.38017);
#2180=LINE('',#2149,#2179);
#2181=EDGE_CURVE('',#2150,#2172,#2180,.T.);
#2182=ORIENTED_EDGE('',*,*,#2181,.F.);
#2183=ORIENTED_EDGE('',*,*,#2154,.F.);
#2184=EDGE_LOOP('',(#2170,#2177,#2182,#2183));
#2185=FACE_OUTER_BOUND('',#2184,.T.);
#2186=CARTESIAN_POINT('',(345.68521,-120.32624,320.));
#2187=DIRECTION('',(-0.89101,-0.45399,0.));
#2188=DIRECTION('',(0.45399,-0.89101,0.));
#2189=AXIS2_PLACEMENT_3D('',#2186,#2187,#2188);
#2190=PLANE('',#2189);
#2191=ADVANCED_FACE('',(#2185),#2190,.T.);
#2192=ORIENTED_EDGE('',*,*,#1675,.T.);
#2193=CARTESIAN_POINT('',(350.77101,-127.32624,460.));
#2194=VERTEX_POINT('',#2193);
#2195=DIRECTION('',(0.,0.,1.));
#2196=VECTOR('',#2195,140.);
#2197=LINE('',#1665,#2196);
#2198=EDGE_CURVE('',#1666,#2194,#2197,.T.);
#2199=ORIENTED_EDGE('',*,*,#2198,.T.);
#2200=DIRECTION('',(0.70711,-0.70711,0.));
#2201=VECTOR('',#2200,4.38017);
#2202=LINE('',#2171,#2201);
#2203=EDGE_CURVE('',#2172,#2194,#2202,.T.);
#2204=ORIENTED_EDGE('',*,*,#2203,.F.);
#2205=ORIENTED_EDGE('',*,*,#2176,.F.);
#2206=EDGE_LOOP('',(#2192,#2199,#2204,#2205));
#2207=FACE_OUTER_BOUND('',#2206,.T.);
#2208=CARTESIAN_POINT('',(347.67376,-124.22899,320.));
#2209=DIRECTION('',(-0.70711,-0.70711,0.));
#2210=DIRECTION('',(0.70711,-0.70711,0.));
#2211=AXIS2_PLACEMENT_3D('',#2208,#2209,#2210);
#2212=PLANE('',#2211);
#2213=ADVANCED_FACE('',(#2207),#2212,.T.);
#2214=ORIENTED_EDGE('',*,*,#1697,.T.);
#2215=CARTESIAN_POINT('',(354.67376,-129.31479,460.));
#2216=VERTEX_POINT('',#2215);
#2217=DIRECTION('',(0.,0.,1.));
#2218=VECTOR('',#2217,140.);
#2219=LINE('',#1687,#2218);
#2220=EDGE_CURVE('',#1688,#2216,#2219,.T.);
#2221=ORIENTED_EDGE('',*,*,#2220,.T.);
#2222=DIRECTION('',(0.89101,-0.45399,0.));
#2223=VECTOR('',#2222,4.38017);
#2224=LINE('',#2193,#2223);
#2225=EDGE_CURVE('',#2194,#2216,#2224,.T.);
#2226=ORIENTED_EDGE('',*,*,#2225,.F.);
#2227=ORIENTED_EDGE('',*,*,#2198,.F.);
#2228=EDGE_LOOP('',(#2214,#2221,#2226,#2227));
#2229=FACE_OUTER_BOUND('',#2228,.T.);
#2230=CARTESIAN_POINT('',(350.77101,-127.32624,320.));
#2231=DIRECTION('',(-0.45399,-0.89101,0.));
#2232=DIRECTION('',(0.89101,-0.45399,0.));
#2233=AXIS2_PLACEMENT_3D('',#2230,#2231,#2232);
#2234=PLANE('',#2233);
#2235=ADVANCED_FACE('',(#2229),#2234,.T.);
#2236=ORIENTED_EDGE('',*,*,#1719,.T.);
#2237=CARTESIAN_POINT('',(359.,-130.,460.));
#2238=VERTEX_POINT('',#2237);
#2239=DIRECTION('',(0.,0.,1.));
#2240=VECTOR('',#2239,140.);
#2241=LINE('',#1709,#2240);
#2242=EDGE_CURVE('',#1710,#2238,#2241,.T.);
#2243=ORIENTED_EDGE('',*,*,#2242,.T.);
#2244=DIRECTION('',(0.98769,-0.15643,0.));
#2245=VECTOR('',#2244,4.38017);
#2246=LINE('',#2215,#2245);
#2247=EDGE_CURVE('',#2216,#2238,#2246,.T.);
#2248=ORIENTED_EDGE('',*,*,#2247,.F.);
#2249=ORIENTED_EDGE('',*,*,#2220,.F.);
#2250=EDGE_LOOP('',(#2236,#2243,#2248,#2249));
#2251=FACE_OUTER_BOUND('',#2250,.T.);
#2252=CARTESIAN_POINT('',(354.67376,-129.31479,320.));
#2253=DIRECTION('',(-0.15643,-0.98769,0.));
#2254=DIRECTION('',(0.98769,-0.15643,0.));
#2255=AXIS2_PLACEMENT_3D('',#2252,#2253,#2254);
#2256=PLANE('',#2255);
#2257=ADVANCED_FACE('',(#2251),#2256,.T.);
#2258=ORIENTED_EDGE('',*,*,#1735,.F.);
#2259=ORIENTED_EDGE('',*,*,#1764,.T.);
#2260=DIRECTION('',(-1.,0.,0.));
#2261=VECTOR('',#2260,272.);
#2262=LINE('',#1754,#2261);
#2263=EDGE_CURVE('',#1755,#2238,#2262,.T.);
#2264=ORIENTED_EDGE('',*,*,#2263,.T.);
#2265=ORIENTED_EDGE('',*,*,#2242,.F.);
#2266=EDGE_LOOP('',(#2258,#2259,#2264,#2265));
#2267=FACE_OUTER_BOUND('',#2266,.T.);
#2268=CARTESIAN_POINT('',(359.,-130.,320.));
#2269=DIRECTION('',(0.,-1.,0.));
#2270=DIRECTION('',(1.,0.,0.));
#2271=AXIS2_PLACEMENT_3D('',#2268,#2269,#2270);
#2272=PLANE('',#2271);
#2273=ADVANCED_FACE('',(#2267),#2272,.T.);
#2274=ORIENTED_EDGE('',*,*,#1759,.T.);
#2275=CARTESIAN_POINT('',(635.11924,-128.6777,462.5));
#2276=VERTEX_POINT('',#2275);
#2277=DIRECTION('',(-0.07998,0.24615,0.96593));
#2278=VECTOR('',#2277,2.58819);
#2279=LINE('',#1747,#2278);
#2280=EDGE_CURVE('',#1748,#2276,#2279,.T.);
#2281=ORIENTED_EDGE('',*,*,#2280,.T.);
#2282=CARTESIAN_POINT('',(631.,-129.33013,462.5));
#2283=VERTEX_POINT('',#2282);
#2284=DIRECTION('',(0.98769,0.15643,0.));
#2285=VECTOR('',#2284,4.17058);
#2286=LINE('',#2282,#2285);
#2287=EDGE_CURVE('',#2283,#2276,#2286,.T.);
#2288=ORIENTED_EDGE('',*,*,#2287,.F.);
#2289=DIRECTION('',(0.,0.25882,0.96593));
#2290=VECTOR('',#2289,2.58819);
#2291=LINE('',#1754,#2290);
#2292=EDGE_CURVE('',#1755,#2283,#2291,.T.);
#2293=ORIENTED_EDGE('',*,*,#2292,.F.);
#2294=EDGE_LOOP('',(#2274,#2281,#2288,#2293));
#2295=FACE_OUTER_BOUND('',#2294,.T.);
#2296=CARTESIAN_POINT('',(631.,-130.,460.));
#2297=DIRECTION('',(0.15123,-0.95482,0.25584));
#2298=DIRECTION('',(0.98769,0.15643,0.));
#2299=AXIS2_PLACEMENT_3D('',#2296,#2297,#2298);
#2300=PLANE('',#2299);
#2301=ADVANCED_FACE('',(#2295),#2300,.T.);
#2302=ORIENTED_EDGE('',*,*,#1785,.T.);
#2303=CARTESIAN_POINT('',(638.83525,-126.7843,462.5));
#2304=VERTEX_POINT('',#2303);
#2305=DIRECTION('',(-0.15213,0.20939,0.96593));
#2306=VECTOR('',#2305,2.58819);
#2307=LINE('',#1775,#2306);
#2308=EDGE_CURVE('',#1776,#2304,#2307,.T.);
#2309=ORIENTED_EDGE('',*,*,#2308,.T.);
#2310=DIRECTION('',(0.89101,0.45399,0.));
#2311=VECTOR('',#2310,4.17058);
#2312=LINE('',#2275,#2311);
#2313=EDGE_CURVE('',#2276,#2304,#2312,.T.);
#2314=ORIENTED_EDGE('',*,*,#2313,.F.);
#2315=ORIENTED_EDGE('',*,*,#2280,.F.);
#2316=EDGE_LOOP('',(#2302,#2309,#2314,#2315));
#2317=FACE_OUTER_BOUND('',#2316,.T.);
#2318=CARTESIAN_POINT('',(635.32624,-129.31479,460.));
#2319=DIRECTION('',(0.43888,-0.86135,0.25584));
#2320=DIRECTION('',(0.89101,0.45399,0.));
#2321=AXIS2_PLACEMENT_3D('',#2318,#2319,#2320);
#2322=PLANE('',#2321);
#2323=ADVANCED_FACE('',(#2317),#2322,.T.);
#2324=ORIENTED_EDGE('',*,*,#1807,.T.);
#2325=CARTESIAN_POINT('',(641.7843,-123.83525,462.5));
#2326=VERTEX_POINT('',#2325);
#2327=DIRECTION('',(-0.20939,0.15213,0.96593));
#2328=VECTOR('',#2327,2.58819);
#2329=LINE('',#1797,#2328);
#2330=EDGE_CURVE('',#1798,#2326,#2329,.T.);
#2331=ORIENTED_EDGE('',*,*,#2330,.T.);
#2332=DIRECTION('',(0.70711,0.70711,0.));
#2333=VECTOR('',#2332,4.17058);
#2334=LINE('',#2303,#2333);
#2335=EDGE_CURVE('',#2304,#2326,#2334,.T.);
#2336=ORIENTED_EDGE('',*,*,#2335,.F.);
#2337=ORIENTED_EDGE('',*,*,#2308,.F.);
#2338=EDGE_LOOP('',(#2324,#2331,#2336,#2337));
#2339=FACE_OUTER_BOUND('',#2338,.T.);
#2340=CARTESIAN_POINT('',(639.22899,-127.32624,460.));
#2341=DIRECTION('',(0.68357,-0.68357,0.25584));
#2342=DIRECTION('',(0.70711,0.70711,0.));
#2343=AXIS2_PLACEMENT_3D('',#2340,#2341,#2342);
#2344=PLANE('',#2343);
#2345=ADVANCED_FACE('',(#2339),#2344,.T.);
#2346=ORIENTED_EDGE('',*,*,#1829,.T.);
#2347=CARTESIAN_POINT('',(643.6777,-120.11924,462.5));
#2348=VERTEX_POINT('',#2347);
#2349=DIRECTION('',(-0.24615,0.07998,0.96593));
#2350=VECTOR('',#2349,2.58819);
#2351=LINE('',#1819,#2350);
#2352=EDGE_CURVE('',#1820,#2348,#2351,.T.);
#2353=ORIENTED_EDGE('',*,*,#2352,.T.);
#2354=DIRECTION('',(0.45399,0.89101,0.));
#2355=VECTOR('',#2354,4.17058);
#2356=LINE('',#2325,#2355);
#2357=EDGE_CURVE('',#2326,#2348,#2356,.T.);
#2358=ORIENTED_EDGE('',*,*,#2357,.F.);
#2359=ORIENTED_EDGE('',*,*,#2330,.F.);
#2360=EDGE_LOOP('',(#2346,#2353,#2358,#2359));
#2361=FACE_OUTER_BOUND('',#2360,.T.);
#2362=CARTESIAN_POINT('',(642.32624,-124.22899,460.));
#2363=DIRECTION('',(0.86135,-0.43888,0.25584));
#2364=DIRECTION('',(0.45399,0.89101,0.));
#2365=AXIS2_PLACEMENT_3D('',#2362,#2363,#2364);
#2366=PLANE('',#2365);
#2367=ADVANCED_FACE('',(#2361),#2366,.T.);
#2368=ORIENTED_EDGE('',*,*,#1851,.T.);
#2369=CARTESIAN_POINT('',(644.33013,-116.,462.5));
#2370=VERTEX_POINT('',#2369);
#2371=DIRECTION('',(-0.25882,0.,0.96593));
#2372=VECTOR('',#2371,2.58819);
#2373=LINE('',#1841,#2372);
#2374=EDGE_CURVE('',#1842,#2370,#2373,.T.);
#2375=ORIENTED_EDGE('',*,*,#2374,.T.);
#2376=DIRECTION('',(0.15643,0.98769,0.));
#2377=VECTOR('',#2376,4.17058);
#2378=LINE('',#2347,#2377);
#2379=EDGE_CURVE('',#2348,#2370,#2378,.T.);
#2380=ORIENTED_EDGE('',*,*,#2379,.F.);
#2381=ORIENTED_EDGE('',*,*,#2352,.F.);
#2382=EDGE_LOOP('',(#2368,#2375,#2380,#2381));
#2383=FACE_OUTER_BOUND('',#2382,.T.);
#2384=CARTESIAN_POINT('',(644.31479,-120.32624,460.));
#2385=DIRECTION('',(0.95482,-0.15123,0.25584));
#2386=DIRECTION('',(0.15643,0.98769,0.));
#2387=AXIS2_PLACEMENT_3D('',#2384,#2385,#2386);
#2388=PLANE('',#2387);
#2389=ADVANCED_FACE('',(#2383),#2388,.T.);
#2390=ORIENTED_EDGE('',*,*,#1873,.T.);
#2391=CARTESIAN_POINT('',(644.33013,116.,462.5));
#2392=VERTEX_POINT('',#2391);
#2393=DIRECTION('',(-0.25882,0.,0.96593));
#2394=VECTOR('',#2393,2.58819);
#2395=LINE('',#1863,#2394);
#2396=EDGE_CURVE('',#1864,#2392,#2395,.T.);
#2397=ORIENTED_EDGE('',*,*,#2396,.T.);
#2398=DIRECTION('',(0.,1.,0.));
#2399=VECTOR('',#2398,232.);
#2400=LINE('',#2369,#2399);
#2401=EDGE_CURVE('',#2370,#2392,#2400,.T.);
#2402=ORIENTED_EDGE('',*,*,#2401,.F.);
#2403=ORIENTED_EDGE('',*,*,#2374,.F.);
#2404=EDGE_LOOP('',(#2390,#2397,#2402,#2403));
#2405=FACE_OUTER_BOUND('',#2404,.T.);
#2406=CARTESIAN_POINT('',(645.,-116.,460.));
#2407=DIRECTION('',(0.96593,0.,0.25882));
#2408=DIRECTION('',(0.,1.,0.));
#2409=AXIS2_PLACEMENT_3D('',#2406,#2407,#2408);
#2410=PLANE('',#2409);
#2411=ADVANCED_FACE('',(#2405),#2410,.T.);
#2412=ORIENTED_EDGE('',*,*,#1895,.T.);
#2413=CARTESIAN_POINT('',(643.6777,120.11924,462.5));
#2414=VERTEX_POINT('',#2413);
#2415=DIRECTION('',(-0.24615,-0.07998,0.96593));
#2416=VECTOR('',#2415,2.58819);
#2417=LINE('',#1885,#2416);
#2418=EDGE_CURVE('',#1886,#2414,#2417,.T.);
#2419=ORIENTED_EDGE('',*,*,#2418,.T.);
#2420=DIRECTION('',(-0.15643,0.98769,0.));
#2421=VECTOR('',#2420,4.17058);
#2422=LINE('',#2391,#2421);
#2423=EDGE_CURVE('',#2392,#2414,#2422,.T.);
#2424=ORIENTED_EDGE('',*,*,#2423,.F.);
#2425=ORIENTED_EDGE('',*,*,#2396,.F.);
#2426=EDGE_LOOP('',(#2412,#2419,#2424,#2425));
#2427=FACE_OUTER_BOUND('',#2426,.T.);
#2428=CARTESIAN_POINT('',(645.,116.,460.));
#2429=DIRECTION('',(0.95482,0.15123,0.25584));
#2430=DIRECTION('',(-0.15643,0.98769,0.));
#2431=AXIS2_PLACEMENT_3D('',#2428,#2429,#2430);
#2432=PLANE('',#2431);
#2433=ADVANCED_FACE('',(#2427),#2432,.T.);
#2434=ORIENTED_EDGE('',*,*,#1917,.T.);
#2435=CARTESIAN_POINT('',(641.7843,123.83525,462.5));
#2436=VERTEX_POINT('',#2435);
#2437=DIRECTION('',(-0.20939,-0.15213,0.96593));
#2438=VECTOR('',#2437,2.58819);
#2439=LINE('',#1907,#2438);
#2440=EDGE_CURVE('',#1908,#2436,#2439,.T.);
#2441=ORIENTED_EDGE('',*,*,#2440,.T.);
#2442=DIRECTION('',(-0.45399,0.89101,0.));
#2443=VECTOR('',#2442,4.17058);
#2444=LINE('',#2413,#2443);
#2445=EDGE_CURVE('',#2414,#2436,#2444,.T.);
#2446=ORIENTED_EDGE('',*,*,#2445,.F.);
#2447=ORIENTED_EDGE('',*,*,#2418,.F.);
#2448=EDGE_LOOP('',(#2434,#2441,#2446,#2447));
#2449=FACE_OUTER_BOUND('',#2448,.T.);
#2450=CARTESIAN_POINT('',(644.31479,120.32624,460.));
#2451=DIRECTION('',(0.86135,0.43888,0.25584));
#2452=DIRECTION('',(-0.45399,0.89101,0.));
#2453=AXIS2_PLACEMENT_3D('',#2450,#2451,#2452);
#2454=PLANE('',#2453);
#2455=ADVANCED_FACE('',(#2449),#2454,.T.);
#2456=ORIENTED_EDGE('',*,*,#1939,.T.);
#2457=CARTESIAN_POINT('',(638.83525,126.7843,462.5));
#2458=VERTEX_POINT('',#2457);
#2459=DIRECTION('',(-0.15213,-0.20939,0.96593));
#2460=VECTOR('',#2459,2.58819);
#2461=LINE('',#1929,#2460);
#2462=EDGE_CURVE('',#1930,#2458,#2461,.T.);
#2463=ORIENTED_EDGE('',*,*,#2462,.T.);
#2464=DIRECTION('',(-0.70711,0.70711,0.));
#2465=VECTOR('',#2464,4.17058);
#2466=LINE('',#2435,#2465);
#2467=EDGE_CURVE('',#2436,#2458,#2466,.T.);
#2468=ORIENTED_EDGE('',*,*,#2467,.F.);
#2469=ORIENTED_EDGE('',*,*,#2440,.F.);
#2470=EDGE_LOOP('',(#2456,#2463,#2468,#2469));
#2471=FACE_OUTER_BOUND('',#2470,.T.);
#2472=CARTESIAN_POINT('',(642.32624,124.22899,460.));
#2473=DIRECTION('',(0.68357,0.68357,0.25584));
#2474=DIRECTION('',(-0.70711,0.70711,0.));
#2475=AXIS2_PLACEMENT_3D('',#2472,#2473,#2474);
#2476=PLANE('',#2475);
#2477=ADVANCED_FACE('',(#2471),#2476,.T.);
#2478=ORIENTED_EDGE('',*,*,#1961,.T.);
#2479=CARTESIAN_POINT('',(635.11924,128.6777,462.5));
#2480=VERTEX_POINT('',#2479);
#2481=DIRECTION('',(-0.07998,-0.24615,0.96593));
#2482=VECTOR('',#2481,2.58819);
#2483=LINE('',#1951,#2482);
#2484=EDGE_CURVE('',#1952,#2480,#2483,.T.);
#2485=ORIENTED_EDGE('',*,*,#2484,.T.);
#2486=DIRECTION('',(-0.89101,0.45399,0.));
#2487=VECTOR('',#2486,4.17058);
#2488=LINE('',#2457,#2487);
#2489=EDGE_CURVE('',#2458,#2480,#2488,.T.);
#2490=ORIENTED_EDGE('',*,*,#2489,.F.);
#2491=ORIENTED_EDGE('',*,*,#2462,.F.);
#2492=EDGE_LOOP('',(#2478,#2485,#2490,#2491));
#2493=FACE_OUTER_BOUND('',#2492,.T.);
#2494=CARTESIAN_POINT('',(639.22899,127.32624,460.));
#2495=DIRECTION('',(0.43888,0.86135,0.25584));
#2496=DIRECTION('',(-0.89101,0.45399,0.));
#2497=AXIS2_PLACEMENT_3D('',#2494,#2495,#2496);
#2498=PLANE('',#2497);
#2499=ADVANCED_FACE('',(#2493),#2498,.T.);
#2500=ORIENTED_EDGE('',*,*,#1983,.T.);
#2501=CARTESIAN_POINT('',(631.,129.33013,462.5));
#2502=VERTEX_POINT('',#2501);
#2503=DIRECTION('',(0.,-0.25882,0.96593));
#2504=VECTOR('',#2503,2.58819);
#2505=LINE('',#1973,#2504);
#2506=EDGE_CURVE('',#1974,#2502,#2505,.T.);
#2507=ORIENTED_EDGE('',*,*,#2506,.T.);
#2508=DIRECTION('',(-0.98769,0.15643,0.));
#2509=VECTOR('',#2508,4.17058);
#2510=LINE('',#2479,#2509);
#2511=EDGE_CURVE('',#2480,#2502,#2510,.T.);
#2512=ORIENTED_EDGE('',*,*,#2511,.F.);
#2513=ORIENTED_EDGE('',*,*,#2484,.F.);
#2514=EDGE_LOOP('',(#2500,#2507,#2512,#2513));
#2515=FACE_OUTER_BOUND('',#2514,.T.);
#2516=CARTESIAN_POINT('',(635.32624,129.31479,460.));
#2517=DIRECTION('',(0.15123,0.95482,0.25584));
#2518=DIRECTION('',(-0.98769,0.15643,0.));
#2519=AXIS2_PLACEMENT_3D('',#2516,#2517,#2518);
#2520=PLANE('',#2519);
#2521=ADVANCED_FACE('',(#2515),#2520,.T.);
#2522=ORIENTED_EDGE('',*,*,#2005,.T.);
#2523=CARTESIAN_POINT('',(359.,129.33013,462.5));
#2524=VERTEX_POINT('',#2523);
#2525=DIRECTION('',(0.,-0.25882,0.96593));
#2526=VECTOR('',#2525,2.58819);
#2527=LINE('',#1995,#2526);
#2528=EDGE_CURVE('',#1996,#2524,#2527,.T.);
#2529=ORIENTED_EDGE('',*,*,#2528,.T.);
#2530=DIRECTION('',(-1.,0.,0.));
#2531=VECTOR('',#2530,272.);
#2532=LINE('',#2501,#2531);
#2533=EDGE_CURVE('',#2502,#2524,#2532,.T.);
#2534=ORIENTED_EDGE('',*,*,#2533,.F.);
#2535=ORIENTED_EDGE('',*,*,#2506,.F.);
#2536=EDGE_LOOP('',(#2522,#2529,#2534,#2535));
#2537=FACE_OUTER_BOUND('',#2536,.T.);
#2538=CARTESIAN_POINT('',(631.,130.,460.));
#2539=DIRECTION('',(0.,0.96593,0.25882));
#2540=DIRECTION('',(-1.,0.,0.));
#2541=AXIS2_PLACEMENT_3D('',#2538,#2539,#2540);
#2542=PLANE('',#2541);
#2543=ADVANCED_FACE('',(#2537),#2542,.T.);
#2544=ORIENTED_EDGE('',*,*,#2027,.T.);
#2545=CARTESIAN_POINT('',(354.88076,128.6777,462.5));
#2546=VERTEX_POINT('',#2545);
#2547=DIRECTION('',(0.07998,-0.24615,0.96593));
#2548=VECTOR('',#2547,2.58819);
#2549=LINE('',#2017,#2548);
#2550=EDGE_CURVE('',#2018,#2546,#2549,.T.);
#2551=ORIENTED_EDGE('',*,*,#2550,.T.);
#2552=DIRECTION('',(-0.98769,-0.15643,0.));
#2553=VECTOR('',#2552,4.17058);
#2554=LINE('',#2523,#2553);
#2555=EDGE_CURVE('',#2524,#2546,#2554,.T.);
#2556=ORIENTED_EDGE('',*,*,#2555,.F.);
#2557=ORIENTED_EDGE('',*,*,#2528,.F.);
#2558=EDGE_LOOP('',(#2544,#2551,#2556,#2557));
#2559=FACE_OUTER_BOUND('',#2558,.T.);
#2560=CARTESIAN_POINT('',(359.,130.,460.));
#2561=DIRECTION('',(-0.15123,0.95482,0.25584));
#2562=DIRECTION('',(-0.98769,-0.15643,0.));
#2563=AXIS2_PLACEMENT_3D('',#2560,#2561,#2562);
#2564=PLANE('',#2563);
#2565=ADVANCED_FACE('',(#2559),#2564,.T.);
#2566=ORIENTED_EDGE('',*,*,#2049,.T.);
#2567=CARTESIAN_POINT('',(351.16475,126.7843,462.5));
#2568=VERTEX_POINT('',#2567);
#2569=DIRECTION('',(0.15213,-0.20939,0.96593));
#2570=VECTOR('',#2569,2.58819);
#2571=LINE('',#2039,#2570);
#2572=EDGE_CURVE('',#2040,#2568,#2571,.T.);
#2573=ORIENTED_EDGE('',*,*,#2572,.T.);
#2574=DIRECTION('',(-0.89101,-0.45399,0.));
#2575=VECTOR('',#2574,4.17058);
#2576=LINE('',#2545,#2575);
#2577=EDGE_CURVE('',#2546,#2568,#2576,.T.);
#2578=ORIENTED_EDGE('',*,*,#2577,.F.);
#2579=ORIENTED_EDGE('',*,*,#2550,.F.);
#2580=EDGE_LOOP('',(#2566,#2573,#2578,#2579));
#2581=FACE_OUTER_BOUND('',#2580,.T.);
#2582=CARTESIAN_POINT('',(354.67376,129.31479,460.));
#2583=DIRECTION('',(-0.43888,0.86135,0.25584));
#2584=DIRECTION('',(-0.89101,-0.45399,0.));
#2585=AXIS2_PLACEMENT_3D('',#2582,#2583,#2584);
#2586=PLANE('',#2585);
#2587=ADVANCED_FACE('',(#2581),#2586,.T.);
#2588=ORIENTED_EDGE('',*,*,#2071,.T.);
#2589=CARTESIAN_POINT('',(348.2157,123.83525,462.5));
#2590=VERTEX_POINT('',#2589);
#2591=DIRECTION('',(0.20939,-0.15213,0.96593));
#2592=VECTOR('',#2591,2.58819);
#2593=LINE('',#2061,#2592);
#2594=EDGE_CURVE('',#2062,#2590,#2593,.T.);
#2595=ORIENTED_EDGE('',*,*,#2594,.T.);
#2596=DIRECTION('',(-0.70711,-0.70711,0.));
#2597=VECTOR('',#2596,4.17058);
#2598=LINE('',#2567,#2597);
#2599=EDGE_CURVE('',#2568,#2590,#2598,.T.);
#2600=ORIENTED_EDGE('',*,*,#2599,.F.);
#2601=ORIENTED_EDGE('',*,*,#2572,.F.);
#2602=EDGE_LOOP('',(#2588,#2595,#2600,#2601));
#2603=FACE_OUTER_BOUND('',#2602,.T.);
#2604=CARTESIAN_POINT('',(350.77101,127.32624,460.));
#2605=DIRECTION('',(-0.68357,0.68357,0.25584));
#2606=DIRECTION('',(-0.70711,-0.70711,0.));
#2607=AXIS2_PLACEMENT_3D('',#2604,#2605,#2606);
#2608=PLANE('',#2607);
#2609=ADVANCED_FACE('',(#2603),#2608,.T.);
#2610=ORIENTED_EDGE('',*,*,#2093,.T.);
#2611=CARTESIAN_POINT('',(346.3223,120.11924,462.5));
#2612=VERTEX_POINT('',#2611);
#2613=DIRECTION('',(0.24615,-0.07998,0.96593));
#2614=VECTOR('',#2613,2.58819);
#2615=LINE('',#2083,#2614);
#2616=EDGE_CURVE('',#2084,#2612,#2615,.T.);
#2617=ORIENTED_EDGE('',*,*,#2616,.T.);
#2618=DIRECTION('',(-0.45399,-0.89101,0.));
#2619=VECTOR('',#2618,4.17058);
#2620=LINE('',#2589,#2619);
#2621=EDGE_CURVE('',#2590,#2612,#2620,.T.);
#2622=ORIENTED_EDGE('',*,*,#2621,.F.);
#2623=ORIENTED_EDGE('',*,*,#2594,.F.);
#2624=EDGE_LOOP('',(#2610,#2617,#2622,#2623));
#2625=FACE_OUTER_BOUND('',#2624,.T.);
#2626=CARTESIAN_POINT('',(347.67376,124.22899,460.));
#2627=DIRECTION('',(-0.86135,0.43888,0.25584));
#2628=DIRECTION('',(-0.45399,-0.89101,0.));
#2629=AXIS2_PLACEMENT_3D('',#2626,#2627,#2628);
#2630=PLANE('',#2629);
#2631=ADVANCED_FACE('',(#2625),#2630,.T.);
#2632=ORIENTED_EDGE('',*,*,#2115,.T.);
#2633=CARTESIAN_POINT('',(345.66987,116.,462.5));
#2634=VERTEX_POINT('',#2633);
#2635=DIRECTION('',(0.25882,0.,0.96593));
#2636=VECTOR('',#2635,2.58819);
#2637=LINE('',#2105,#2636);
#2638=EDGE_CURVE('',#2106,#2634,#2637,.T.);
#2639=ORIENTED_EDGE('',*,*,#2638,.T.);
#2640=DIRECTION('',(-0.15643,-0.98769,0.));
#2641=VECTOR('',#2640,4.17058);
#2642=LINE('',#2611,#2641);
#2643=EDGE_CURVE('',#2612,#2634,#2642,.T.);
#2644=ORIENTED_EDGE('',*,*,#2643,.F.);
#2645=ORIENTED_EDGE('',*,*,#2616,.F.);
#2646=EDGE_LOOP('',(#2632,#2639,#2644,#2645));
#2647=FACE_OUTER_BOUND('',#2646,.T.);
#2648=CARTESIAN_POINT('',(345.68521,120.32624,460.));
#2649=DIRECTION('',(-0.95482,0.15123,0.25584));
#2650=DIRECTION('',(-0.15643,-0.98769,0.));
#2651=AXIS2_PLACEMENT_3D('',#2648,#2649,#2650);
#2652=PLANE('',#2651);
#2653=ADVANCED_FACE('',(#2647),#2652,.T.);
#2654=ORIENTED_EDGE('',*,*,#2137,.T.);
#2655=CARTESIAN_POINT('',(345.66987,-116.,462.5));
#2656=VERTEX_POINT('',#2655);
#2657=DIRECTION('',(0.25882,0.,0.96593));
#2658=VECTOR('',#2657,2.58819);
#2659=LINE('',#2127,#2658);
#2660=EDGE_CURVE('',#2128,#2656,#2659,.T.);
#2661=ORIENTED_EDGE('',*,*,#2660,.T.);
#2662=DIRECTION('',(0.,-1.,0.));
#2663=VECTOR('',#2662,232.);
#2664=LINE('',#2633,#2663);
#2665=EDGE_CURVE('',#2634,#2656,#2664,.T.);
#2666=ORIENTED_EDGE('',*,*,#2665,.F.);
#2667=ORIENTED_EDGE('',*,*,#2638,.F.);
#2668=EDGE_LOOP('',(#2654,#2661,#2666,#2667));
#2669=FACE_OUTER_BOUND('',#2668,.T.);
#2670=CARTESIAN_POINT('',(345.,116.,460.));
#2671=DIRECTION('',(-0.96593,0.,0.25882));
#2672=DIRECTION('',(0.,-1.,0.));
#2673=AXIS2_PLACEMENT_3D('',#2670,#2671,#2672);
#2674=PLANE('',#2673);
#2675=ADVANCED_FACE('',(#2669),#2674,.T.);
#2676=ORIENTED_EDGE('',*,*,#2159,.T.);
#2677=CARTESIAN_POINT('',(346.3223,-120.11924,462.5));
#2678=VERTEX_POINT('',#2677);
#2679=DIRECTION('',(0.24615,0.07998,0.96593));
#2680=VECTOR('',#2679,2.58819);
#2681=LINE('',#2149,#2680);
#2682=EDGE_CURVE('',#2150,#2678,#2681,.T.);
#2683=ORIENTED_EDGE('',*,*,#2682,.T.);
#2684=DIRECTION('',(0.15643,-0.98769,0.));
#2685=VECTOR('',#2684,4.17058);
#2686=LINE('',#2655,#2685);
#2687=EDGE_CURVE('',#2656,#2678,#2686,.T.);
#2688=ORIENTED_EDGE('',*,*,#2687,.F.);
#2689=ORIENTED_EDGE('',*,*,#2660,.F.);
#2690=EDGE_LOOP('',(#2676,#2683,#2688,#2689));
#2691=FACE_OUTER_BOUND('',#2690,.T.);
#2692=CARTESIAN_POINT('',(345.,-116.,460.));
#2693=DIRECTION('',(-0.95482,-0.15123,0.25584));
#2694=DIRECTION('',(0.15643,-0.98769,0.));
#2695=AXIS2_PLACEMENT_3D('',#2692,#2693,#2694);
#2696=PLANE('',#2695);
#2697=ADVANCED_FACE('',(#2691),#2696,.T.);
#2698=ORIENTED_EDGE('',*,*,#2181,.T.);
#2699=CARTESIAN_POINT('',(348.2157,-123.83525,462.5));
#2700=VERTEX_POINT('',#2699);
#2701=DIRECTION('',(0.20939,0.15213,0.96593));
#2702=VECTOR('',#2701,2.58819);
#2703=LINE('',#2171,#2702);
#2704=EDGE_CURVE('',#2172,#2700,#2703,.T.);
#2705=ORIENTED_EDGE('',*,*,#2704,.T.);
#2706=DIRECTION('',(0.45399,-0.89101,0.));
#2707=VECTOR('',#2706,4.17058);
#2708=LINE('',#2677,#2707);
#2709=EDGE_CURVE('',#2678,#2700,#2708,.T.);
#2710=ORIENTED_EDGE('',*,*,#2709,.F.);
#2711=ORIENTED_EDGE('',*,*,#2682,.F.);
#2712=EDGE_LOOP('',(#2698,#2705,#2710,#2711));
#2713=FACE_OUTER_BOUND('',#2712,.T.);
#2714=CARTESIAN_POINT('',(345.68521,-120.32624,460.));
#2715=DIRECTION('',(-0.86135,-0.43888,0.25584));
#2716=DIRECTION('',(0.45399,-0.89101,0.));
#2717=AXIS2_PLACEMENT_3D('',#2714,#2715,#2716);
#2718=PLANE('',#2717);
#2719=ADVANCED_FACE('',(#2713),#2718,.T.);
#2720=ORIENTED_EDGE('',*,*,#2203,.T.);
#2721=CARTESIAN_POINT('',(351.16475,-126.7843,462.5));
#2722=VERTEX_POINT('',#2721);
#2723=DIRECTION('',(0.15213,0.20939,0.96593));
#2724=VECTOR('',#2723,2.58819);
#2725=LINE('',#2193,#2724);
#2726=EDGE_CURVE('',#2194,#2722,#2725,.T.);
#2727=ORIENTED_EDGE('',*,*,#2726,.T.);
#2728=DIRECTION('',(0.70711,-0.70711,0.));
#2729=VECTOR('',#2728,4.17058);
#2730=LINE('',#2699,#2729);
#2731=EDGE_CURVE('',#2700,#2722,#2730,.T.);
#2732=ORIENTED_EDGE('',*,*,#2731,.F.);
#2733=ORIENTED_EDGE('',*,*,#2704,.F.);
#2734=EDGE_LOOP('',(#2720,#2727,#2732,#2733));
#2735=FACE_OUTER_BOUND('',#2734,.T.);
#2736=CARTESIAN_POINT('',(347.67376,-124.22899,460.));
#2737=DIRECTION('',(-0.68357,-0.68357,0.25584));
#2738=DIRECTION('',(0.70711,-0.70711,0.));
#2739=AXIS2_PLACEMENT_3D('',#2736,#2737,#2738);
#2740=PLANE('',#2739);
#2741=ADVANCED_FACE('',(#2735),#2740,.T.);
#2742=ORIENTED_EDGE('',*,*,#2225,.T.);
#2743=CARTESIAN_POINT('',(354.88076,-128.6777,462.5));
#2744=VERTEX_POINT('',#2743);
#2745=DIRECTION('',(0.07998,0.24615,0.96593));
#2746=VECTOR('',#2745,2.58819);
#2747=LINE('',#2215,#2746);
#2748=EDGE_CURVE('',#2216,#2744,#2747,.T.);
#2749=ORIENTED_EDGE('',*,*,#2748,.T.);
#2750=DIRECTION('',(0.89101,-0.45399,0.));
#2751=VECTOR('',#2750,4.17058);
#2752=LINE('',#2721,#2751);
#2753=EDGE_CURVE('',#2722,#2744,#2752,.T.);
#2754=ORIENTED_EDGE('',*,*,#2753,.F.);
#2755=ORIENTED_EDGE('',*,*,#2726,.F.);
#2756=EDGE_LOOP('',(#2742,#2749,#2754,#2755));
#2757=FACE_OUTER_BOUND('',#2756,.T.);
#2758=CARTESIAN_POINT('',(350.77101,-127.32624,460.));
#2759=DIRECTION('',(-0.43888,-0.86135,0.25584));
#2760=DIRECTION('',(0.89101,-0.45399,0.));
#2761=AXIS2_PLACEMENT_3D('',#2758,#2759,#2760);
#2762=PLANE('',#2761);
#2763=ADVANCED_FACE('',(#2757),#2762,.T.);
#2764=ORIENTED_EDGE('',*,*,#2247,.T.);
#2765=CARTESIAN_POINT('',(359.,-129.33013,462.5));
#2766=VERTEX_POINT('',#2765);
#2767=DIRECTION('',(0.,0.25882,0.96593));
#2768=VECTOR('',#2767,2.58819);
#2769=LINE('',#2237,#2768);
#2770=EDGE_CURVE('',#2238,#2766,#2769,.T.);
#2771=ORIENTED_EDGE('',*,*,#2770,.T.);
#2772=DIRECTION('',(0.98769,-0.15643,0.));
#2773=VECTOR('',#2772,4.17058);
#2774=LINE('',#2743,#2773);
#2775=EDGE_CURVE('',#2744,#2766,#2774,.T.);
#2776=ORIENTED_EDGE('',*,*,#2775,.F.);
#2777=ORIENTED_EDGE('',*,*,#2748,.F.);
#2778=EDGE_LOOP('',(#2764,#2771,#2776,#2777));
#2779=FACE_OUTER_BOUND('',#2778,.T.);
#2780=CARTESIAN_POINT('',(354.67376,-129.31479,460.));
#2781=DIRECTION('',(-0.15123,-0.95482,0.25584));
#2782=DIRECTION('',(0.98769,-0.15643,0.));
#2783=AXIS2_PLACEMENT_3D('',#2780,#2781,#2782);
#2784=PLANE('',#2783);
#2785=ADVANCED_FACE('',(#2779),#2784,.T.);
#2786=ORIENTED_EDGE('',*,*,#2263,.F.);
#2787=ORIENTED_EDGE('',*,*,#2292,.T.);
#2788=DIRECTION('',(-1.,0.,0.));
#2789=VECTOR('',#2788,272.);
#2790=LINE('',#2282,#2789);
#2791=EDGE_CURVE('',#2283,#2766,#2790,.T.);
#2792=ORIENTED_EDGE('',*,*,#2791,.T.);
#2793=ORIENTED_EDGE('',*,*,#2770,.F.);
#2794=EDGE_LOOP('',(#2786,#2787,#2792,#2793));
#2795=FACE_OUTER_BOUND('',#2794,.T.);
#2796=CARTESIAN_POINT('',(359.,-130.,460.));
#2797=DIRECTION('',(0.,-0.96593,0.25882));
#2798=DIRECTION('',(1.,0.,0.));
#2799=AXIS2_PLACEMENT_3D('',#2796,#2797,#2798);
#2800=PLANE('',#2799);
#2801=ADVANCED_FACE('',(#2795),#2800,.T.);
#2802=ORIENTED_EDGE('',*,*,#2287,.T.);
#2803=CARTESIAN_POINT('',(634.5537,-126.93715,464.33013));
#2804=VERTEX_POINT('',#2803);
#2805=DIRECTION('',(-0.21851,0.6725,0.70711));
#2806=VECTOR('',#2805,2.58819);
#2807=LINE('',#2275,#2806);
#2808=EDGE_CURVE('',#2276,#2804,#2807,.T.);
#2809=ORIENTED_EDGE('',*,*,#2808,.T.);
#2810=CARTESIAN_POINT('',(631.,-127.5,464.33013));
#2811=VERTEX_POINT('',#2810);
#2812=DIRECTION('',(0.98769,0.15643,0.));
#2813=VECTOR('',#2812,3.59799);
#2814=LINE('',#2810,#2813);
#2815=EDGE_CURVE('',#2811,#2804,#2814,.T.);
#2816=ORIENTED_EDGE('',*,*,#2815,.F.);
#2817=DIRECTION('',(0.,0.70711,0.70711));
#2818=VECTOR('',#2817,2.58819);
#2819=LINE('',#2282,#2818);
#2820=EDGE_CURVE('',#2283,#2811,#2819,.T.);
#2821=ORIENTED_EDGE('',*,*,#2820,.F.);
#2822=EDGE_LOOP('',(#2802,#2809,#2816,#2821));
#2823=FACE_OUTER_BOUND('',#2822,.T.);
#2824=CARTESIAN_POINT('',(631.,-129.33013,462.5));
#2825=DIRECTION('',(0.1113,-0.70271,0.70271));
#2826=DIRECTION('',(0.98769,0.15643,0.));
#2827=AXIS2_PLACEMENT_3D('',#2824,#2825,#2826);
#2828=PLANE('',#2827);
#2829=ADVANCED_FACE('',(#2823),#2828,.T.);
#2830=ORIENTED_EDGE('',*,*,#2313,.T.);
#2831=CARTESIAN_POINT('',(637.75953,-125.3037,464.33013));
#2832=VERTEX_POINT('',#2831);
#2833=DIRECTION('',(-0.41563,0.57206,0.70711));
#2834=VECTOR('',#2833,2.58819);
#2835=LINE('',#2303,#2834);
#2836=EDGE_CURVE('',#2304,#2832,#2835,.T.);
#2837=ORIENTED_EDGE('',*,*,#2836,.T.);
#2838=DIRECTION('',(0.89101,0.45399,0.));
#2839=VECTOR('',#2838,3.59799);
#2840=LINE('',#2803,#2839);
#2841=EDGE_CURVE('',#2804,#2832,#2840,.T.);
#2842=ORIENTED_EDGE('',*,*,#2841,.F.);
#2843=ORIENTED_EDGE('',*,*,#2808,.F.);
#2844=EDGE_LOOP('',(#2830,#2837,#2842,#2843));
#2845=FACE_OUTER_BOUND('',#2844,.T.);
#2846=CARTESIAN_POINT('',(635.11924,-128.6777,462.5));
#2847=DIRECTION('',(0.323,-0.63393,0.70271));
#2848=DIRECTION('',(0.89101,0.45399,0.));
#2849=AXIS2_PLACEMENT_3D('',#2846,#2847,#2848);
#2850=PLANE('',#2849);
#2851=ADVANCED_FACE('',(#2845),#2850,.T.);
#2852=ORIENTED_EDGE('',*,*,#2335,.T.);
#2853=CARTESIAN_POINT('',(640.3037,-122.75953,464.33013));
#2854=VERTEX_POINT('',#2853);
#2855=DIRECTION('',(-0.57206,0.41563,0.70711));
#2856=VECTOR('',#2855,2.58819);
#2857=LINE('',#2325,#2856);
#2858=EDGE_CURVE('',#2326,#2854,#2857,.T.);
#2859=ORIENTED_EDGE('',*,*,#2858,.T.);
#2860=DIRECTION('',(0.70711,0.70711,0.));
#2861=VECTOR('',#2860,3.59799);
#2862=LINE('',#2831,#2861);
#2863=EDGE_CURVE('',#2832,#2854,#2862,.T.);
#2864=ORIENTED_EDGE('',*,*,#2863,.F.);
#2865=ORIENTED_EDGE('',*,*,#2836,.F.);
#2866=EDGE_LOOP('',(#2852,#2859,#2864,#2865));
#2867=FACE_OUTER_BOUND('',#2866,.T.);
#2868=CARTESIAN_POINT('',(638.83525,-126.7843,462.5));
#2869=DIRECTION('',(0.50309,-0.50309,0.70271));
#2870=DIRECTION('',(0.70711,0.70711,0.));
#2871=AXIS2_PLACEMENT_3D('',#2868,#2869,#2870);
#2872=PLANE('',#2871);
#2873=ADVANCED_FACE('',(#2867),#2872,.T.);
#2874=ORIENTED_EDGE('',*,*,#2357,.T.);
#2875=CARTESIAN_POINT('',(641.93715,-119.5537,464.33013));
#2876=VERTEX_POINT('',#2875);
#2877=DIRECTION('',(-0.6725,0.21851,0.70711));
#2878=VECTOR('',#2877,2.58819);
#2879=LINE('',#2347,#2878);
#2880=EDGE_CURVE('',#2348,#2876,#2879,.T.);
#2881=ORIENTED_EDGE('',*,*,#2880,.T.);
#2882=DIRECTION('',(0.45399,0.89101,0.));
#2883=VECTOR('',#2882,3.59799);
#2884=LINE('',#2853,#2883);
#2885=EDGE_CURVE('',#2854,#2876,#2884,.T.);
#2886=ORIENTED_EDGE('',*,*,#2885,.F.);
#2887=ORIENTED_EDGE('',*,*,#2858,.F.);
#2888=EDGE_LOOP('',(#2874,#2881,#2886,#2887));
#2889=FACE_OUTER_BOUND('',#2888,.T.);
#2890=CARTESIAN_POINT('',(641.7843,-123.83525,462.5));
#2891=DIRECTION('',(0.63393,-0.323,0.70271));
#2892=DIRECTION('',(0.45399,0.89101,0.));
#2893=AXIS2_PLACEMENT_3D('',#2890,#2891,#2892);
#2894=PLANE('',#2893);
#2895=ADVANCED_FACE('',(#2889),#2894,.T.);
#2896=ORIENTED_EDGE('',*,*,#2379,.T.);
#2897=CARTESIAN_POINT('',(642.5,-116.,464.33013));
#2898=VERTEX_POINT('',#2897);
#2899=DIRECTION('',(-0.70711,0.,0.70711));
#2900=VECTOR('',#2899,2.58819);
#2901=LINE('',#2369,#2900);
#2902=EDGE_CURVE('',#2370,#2898,#2901,.T.);
#2903=ORIENTED_EDGE('',*,*,#2902,.T.);
#2904=DIRECTION('',(0.15643,0.98769,0.));
#2905=VECTOR('',#2904,3.59799);
#2906=LINE('',#2875,#2905);
#2907=EDGE_CURVE('',#2876,#2898,#2906,.T.);
#2908=ORIENTED_EDGE('',*,*,#2907,.F.);
#2909=ORIENTED_EDGE('',*,*,#2880,.F.);
#2910=EDGE_LOOP('',(#2896,#2903,#2908,#2909));
#2911=FACE_OUTER_BOUND('',#2910,.T.);
#2912=CARTESIAN_POINT('',(643.6777,-120.11924,462.5));
#2913=DIRECTION('',(0.70271,-0.1113,0.70271));
#2914=DIRECTION('',(0.15643,0.98769,0.));
#2915=AXIS2_PLACEMENT_3D('',#2912,#2913,#2914);
#2916=PLANE('',#2915);
#2917=ADVANCED_FACE('',(#2911),#2916,.T.);
#2918=ORIENTED_EDGE('',*,*,#2401,.T.);
#2919=CARTESIAN_POINT('',(642.5,116.,464.33013));
#2920=VERTEX_POINT('',#2919);
#2921=DIRECTION('',(-0.70711,0.,0.70711));
#2922=VECTOR('',#2921,2.58819);
#2923=LINE('',#2391,#2922);
#2924=EDGE_CURVE('',#2392,#2920,#2923,.T.);
#2925=ORIENTED_EDGE('',*,*,#2924,.T.);
#2926=DIRECTION('',(0.,1.,0.));
#2927=VECTOR('',#2926,232.);
#2928=LINE('',#2897,#2927);
#2929=EDGE_CURVE('',#2898,#2920,#2928,.T.);
#2930=ORIENTED_EDGE('',*,*,#2929,.F.);
#2931=ORIENTED_EDGE('',*,*,#2902,.F.);
#2932=EDGE_LOOP('',(#2918,#2925,#2930,#2931));
#2933=FACE_OUTER_BOUND('',#2932,.T.);
#2934=CARTESIAN_POINT('',(644.33013,-116.,462.5));
#2935=DIRECTION('',(0.70711,0.,0.70711));
#2936=DIRECTION('',(0.,1.,0.));
#2937=AXIS2_PLACEMENT_3D('',#2934,#2935,#2936);
#2938=PLANE('',#2937);
#2939=ADVANCED_FACE('',(#2933),#2938,.T.);
#2940=ORIENTED_EDGE('',*,*,#2423,.T.);
#2941=CARTESIAN_POINT('',(641.93715,119.5537,464.33013));
#2942=VERTEX_POINT('',#2941);
#2943=DIRECTION('',(-0.6725,-0.21851,0.70711));
#2944=VECTOR('',#2943,2.58819);
#2945=LINE('',#2413,#2944);
#2946=EDGE_CURVE('',#2414,#2942,#2945,.T.);
#2947=ORIENTED_EDGE('',*,*,#2946,.T.);
#2948=DIRECTION('',(-0.15643,0.98769,0.));
#2949=VECTOR('',#2948,3.59799);
#2950=LINE('',#2919,#2949);
#2951=EDGE_CURVE('',#2920,#2942,#2950,.T.);
#2952=ORIENTED_EDGE('',*,*,#2951,.F.);
#2953=ORIENTED_EDGE('',*,*,#2924,.F.);
#2954=EDGE_LOOP('',(#2940,#2947,#2952,#2953));
#2955=FACE_OUTER_BOUND('',#2954,.T.);
#2956=CARTESIAN_POINT('',(644.33013,116.,462.5));
#2957=DIRECTION('',(0.70271,0.1113,0.70271));
#2958=DIRECTION('',(-0.15643,0.98769,0.));
#2959=AXIS2_PLACEMENT_3D('',#2956,#2957,#2958);
#2960=PLANE('',#2959);
#2961=ADVANCED_FACE('',(#2955),#2960,.T.);
#2962=ORIENTED_EDGE('',*,*,#2445,.T.);
#2963=CARTESIAN_POINT('',(640.3037,122.75953,464.33013));
#2964=VERTEX_POINT('',#2963);
#2965=DIRECTION('',(-0.57206,-0.41563,0.70711));
#2966=VECTOR('',#2965,2.58819);
#2967=LINE('',#2435,#2966);
#2968=EDGE_CURVE('',#2436,#2964,#2967,.T.);
#2969=ORIENTED_EDGE('',*,*,#2968,.T.);
#2970=DIRECTION('',(-0.45399,0.89101,0.));
#2971=VECTOR('',#2970,3.59799);
#2972=LINE('',#2941,#2971);
#2973=EDGE_CURVE('',#2942,#2964,#2972,.T.);
#2974=ORIENTED_EDGE('',*,*,#2973,.F.);
#2975=ORIENTED_EDGE('',*,*,#2946,.F.);
#2976=EDGE_LOOP('',(#2962,#2969,#2974,#2975));
#2977=FACE_OUTER_BOUND('',#2976,.T.);
#2978=CARTESIAN_POINT('',(643.6777,120.11924,462.5));
#2979=DIRECTION('',(0.63393,0.323,0.70271));
#2980=DIRECTION('',(-0.45399,0.89101,0.));
#2981=AXIS2_PLACEMENT_3D('',#2978,#2979,#2980);
#2982=PLANE('',#2981);
#2983=ADVANCED_FACE('',(#2977),#2982,.T.);
#2984=ORIENTED_EDGE('',*,*,#2467,.T.);
#2985=CARTESIAN_POINT('',(637.75953,125.3037,464.33013));
#2986=VERTEX_POINT('',#2985);
#2987=DIRECTION('',(-0.41563,-0.57206,0.70711));
#2988=VECTOR('',#2987,2.58819);
#2989=LINE('',#2457,#2988);
#2990=EDGE_CURVE('',#2458,#2986,#2989,.T.);
#2991=ORIENTED_EDGE('',*,*,#2990,.T.);
#2992=DIRECTION('',(-0.70711,0.70711,0.));
#2993=VECTOR('',#2992,3.59799);
#2994=LINE('',#2963,#2993);
#2995=EDGE_CURVE('',#2964,#2986,#2994,.T.);
#2996=ORIENTED_EDGE('',*,*,#2995,.F.);
#2997=ORIENTED_EDGE('',*,*,#2968,.F.);
#2998=EDGE_LOOP('',(#2984,#2991,#2996,#2997));
#2999=FACE_OUTER_BOUND('',#2998,.T.);
#3000=CARTESIAN_POINT('',(641.7843,123.83525,462.5));
#3001=DIRECTION('',(0.50309,0.50309,0.70271));
#3002=DIRECTION('',(-0.70711,0.70711,0.));
#3003=AXIS2_PLACEMENT_3D('',#3000,#3001,#3002);
#3004=PLANE('',#3003);
#3005=ADVANCED_FACE('',(#2999),#3004,.T.);
#3006=ORIENTED_EDGE('',*,*,#2489,.T.);
#3007=CARTESIAN_POINT('',(634.5537,126.93715,464.33013));
#3008=VERTEX_POINT('',#3007);
#3009=DIRECTION('',(-0.21851,-0.6725,0.70711));
#3010=VECTOR('',#3009,2.58819);
#3011=LINE('',#2479,#3010);
#3012=EDGE_CURVE('',#2480,#3008,#3011,.T.);
#3013=ORIENTED_EDGE('',*,*,#3012,.T.);
#3014=DIRECTION('',(-0.89101,0.45399,0.));
#3015=VECTOR('',#3014,3.59799);
#3016=LINE('',#2985,#3015);
#3017=EDGE_CURVE('',#2986,#3008,#3016,.T.);
#3018=ORIENTED_EDGE('',*,*,#3017,.F.);
#3019=ORIENTED_EDGE('',*,*,#2990,.F.);
#3020=EDGE_LOOP('',(#3006,#3013,#3018,#3019));
#3021=FACE_OUTER_BOUND('',#3020,.T.);
#3022=CARTESIAN_POINT('',(638.83525,126.7843,462.5));
#3023=DIRECTION('',(0.323,0.63393,0.70271));
#3024=DIRECTION('',(-0.89101,0.45399,0.));
#3025=AXIS2_PLACEMENT_3D('',#3022,#3023,#3024);
#3026=PLANE('',#3025);
#3027=ADVANCED_FACE('',(#3021),#3026,.T.);
#3028=ORIENTED_EDGE('',*,*,#2511,.T.);
#3029=CARTESIAN_POINT('',(631.,127.5,464.33013));
#3030=VERTEX_POINT('',#3029);
#3031=DIRECTION('',(0.,-0.70711,0.70711));
#3032=VECTOR('',#3031,2.58819);
#3033=LINE('',#2501,#3032);
#3034=EDGE_CURVE('',#2502,#3030,#3033,.T.);
#3035=ORIENTED_EDGE('',*,*,#3034,.T.);
#3036=DIRECTION('',(-0.98769,0.15643,0.));
#3037=VECTOR('',#3036,3.59799);
#3038=LINE('',#3007,#3037);
#3039=EDGE_CURVE('',#3008,#3030,#3038,.T.);
#3040=ORIENTED_EDGE('',*,*,#3039,.F.);
#3041=ORIENTED_EDGE('',*,*,#3012,.F.);
#3042=EDGE_LOOP('',(#3028,#3035,#3040,#3041));
#3043=FACE_OUTER_BOUND('',#3042,.T.);
#3044=CARTESIAN_POINT('',(635.11924,128.6777,462.5));
#3045=DIRECTION('',(0.1113,0.70271,0.70271));
#3046=DIRECTION('',(-0.98769,0.15643,0.));
#3047=AXIS2_PLACEMENT_3D('',#3044,#3045,#3046);
#3048=PLANE('',#3047);
#3049=ADVANCED_FACE('',(#3043),#3048,.T.);
#3050=ORIENTED_EDGE('',*,*,#2533,.T.);
#3051=CARTESIAN_POINT('',(359.,127.5,464.33013));
#3052=VERTEX_POINT('',#3051);
#3053=DIRECTION('',(0.,-0.70711,0.70711));
#3054=VECTOR('',#3053,2.58819);
#3055=LINE('',#2523,#3054);
#3056=EDGE_CURVE('',#2524,#3052,#3055,.T.);
#3057=ORIENTED_EDGE('',*,*,#3056,.T.);
#3058=DIRECTION('',(-1.,0.,0.));
#3059=VECTOR('',#3058,272.);
#3060=LINE('',#3029,#3059);
#3061=EDGE_CURVE('',#3030,#3052,#3060,.T.);
#3062=ORIENTED_EDGE('',*,*,#3061,.F.);
#3063=ORIENTED_EDGE('',*,*,#3034,.F.);
#3064=EDGE_LOOP('',(#3050,#3057,#3062,#3063));
#3065=FACE_OUTER_BOUND('',#3064,.T.);
#3066=CARTESIAN_POINT('',(631.,129.33013,462.5));
#3067=DIRECTION('',(0.,0.70711,0.70711));
#3068=DIRECTION('',(-1.,0.,0.));
#3069=AXIS2_PLACEMENT_3D('',#3066,#3067,#3068);
#3070=PLANE('',#3069);
#3071=ADVANCED_FACE('',(#3065),#3070,.T.);
#3072=ORIENTED_EDGE('',*,*,#2555,.T.);
#3073=CARTESIAN_POINT('',(355.4463,126.93715,464.33013));
#3074=VERTEX_POINT('',#3073);
#3075=DIRECTION('',(0.21851,-0.6725,0.70711));
#3076=VECTOR('',#3075,2.58819);
#3077=LINE('',#2545,#3076);
#3078=EDGE_CURVE('',#2546,#3074,#3077,.T.);
#3079=ORIENTED_EDGE('',*,*,#3078,.T.);
#3080=DIRECTION('',(-0.98769,-0.15643,0.));
#3081=VECTOR('',#3080,3.59799);
#3082=LINE('',#3051,#3081);
#3083=EDGE_CURVE('',#3052,#3074,#3082,.T.);
#3084=ORIENTED_EDGE('',*,*,#3083,.F.);
#3085=ORIENTED_EDGE('',*,*,#3056,.F.);
#3086=EDGE_LOOP('',(#3072,#3079,#3084,#3085));
#3087=FACE_OUTER_BOUND('',#3086,.T.);
#3088=CARTESIAN_POINT('',(359.,129.33013,462.5));
#3089=DIRECTION('',(-0.1113,0.70271,0.70271));
#3090=DIRECTION('',(-0.98769,-0.15643,0.));
#3091=AXIS2_PLACEMENT_3D('',#3088,#3089,#3090);
#3092=PLANE('',#3091);
#3093=ADVANCED_FACE('',(#3087),#3092,.T.);
#3094=ORIENTED_EDGE('',*,*,#2577,.T.);
#3095=CARTESIAN_POINT('',(352.24047,125.3037,464.33013));
#3096=VERTEX_POINT('',#3095);
#3097=DIRECTION('',(0.41563,-0.57206,0.70711));
#3098=VECTOR('',#3097,2.58819);
#3099=LINE('',#2567,#3098);
#3100=EDGE_CURVE('',#2568,#3096,#3099,.T.);
#3101=ORIENTED_EDGE('',*,*,#3100,.T.);
#3102=DIRECTION('',(-0.89101,-0.45399,0.));
#3103=VECTOR('',#3102,3.59799);
#3104=LINE('',#3073,#3103);
#3105=EDGE_CURVE('',#3074,#3096,#3104,.T.);
#3106=ORIENTED_EDGE('',*,*,#3105,.F.);
#3107=ORIENTED_EDGE('',*,*,#3078,.F.);
#3108=EDGE_LOOP('',(#3094,#3101,#3106,#3107));
#3109=FACE_OUTER_BOUND('',#3108,.T.);
#3110=CARTESIAN_POINT('',(354.88076,128.6777,462.5));
#3111=DIRECTION('',(-0.323,0.63393,0.70271));
#3112=DIRECTION('',(-0.89101,-0.45399,0.));
#3113=AXIS2_PLACEMENT_3D('',#3110,#3111,#3112);
#3114=PLANE('',#3113);
#3115=ADVANCED_FACE('',(#3109),#3114,.T.);
#3116=ORIENTED_EDGE('',*,*,#2599,.T.);
#3117=CARTESIAN_POINT('',(349.6963,122.75953,464.33013));
#3118=VERTEX_POINT('',#3117);
#3119=DIRECTION('',(0.57206,-0.41563,0.70711));
#3120=VECTOR('',#3119,2.58819);
#3121=LINE('',#2589,#3120);
#3122=EDGE_CURVE('',#2590,#3118,#3121,.T.);
#3123=ORIENTED_EDGE('',*,*,#3122,.T.);
#3124=DIRECTION('',(-0.70711,-0.70711,0.));
#3125=VECTOR('',#3124,3.59799);
#3126=LINE('',#3095,#3125);
#3127=EDGE_CURVE('',#3096,#3118,#3126,.T.);
#3128=ORIENTED_EDGE('',*,*,#3127,.F.);
#3129=ORIENTED_EDGE('',*,*,#3100,.F.);
#3130=EDGE_LOOP('',(#3116,#3123,#3128,#3129));
#3131=FACE_OUTER_BOUND('',#3130,.T.);
#3132=CARTESIAN_POINT('',(351.16475,126.7843,462.5));
#3133=DIRECTION('',(-0.50309,0.50309,0.70271));
#3134=DIRECTION('',(-0.70711,-0.70711,0.));
#3135=AXIS2_PLACEMENT_3D('',#3132,#3133,#3134);
#3136=PLANE('',#3135);
#3137=ADVANCED_FACE('',(#3131),#3136,.T.);
#3138=ORIENTED_EDGE('',*,*,#2621,.T.);
#3139=CARTESIAN_POINT('',(348.06285,119.5537,464.33013));
#3140=VERTEX_POINT('',#3139);
#3141=DIRECTION('',(0.6725,-0.21851,0.70711));
#3142=VECTOR('',#3141,2.58819);
#3143=LINE('',#2611,#3142);
#3144=EDGE_CURVE('',#2612,#3140,#3143,.T.);
#3145=ORIENTED_EDGE('',*,*,#3144,.T.);
#3146=DIRECTION('',(-0.45399,-0.89101,0.));
#3147=VECTOR('',#3146,3.59799);
#3148=LINE('',#3117,#3147);
#3149=EDGE_CURVE('',#3118,#3140,#3148,.T.);
#3150=ORIENTED_EDGE('',*,*,#3149,.F.);
#3151=ORIENTED_EDGE('',*,*,#3122,.F.);
#3152=EDGE_LOOP('',(#3138,#3145,#3150,#3151));
#3153=FACE_OUTER_BOUND('',#3152,.T.);
#3154=CARTESIAN_POINT('',(348.2157,123.83525,462.5));
#3155=DIRECTION('',(-0.63393,0.323,0.70271));
#3156=DIRECTION('',(-0.45399,-0.89101,0.));
#3157=AXIS2_PLACEMENT_3D('',#3154,#3155,#3156);
#3158=PLANE('',#3157);
#3159=ADVANCED_FACE('',(#3153),#3158,.T.);
#3160=ORIENTED_EDGE('',*,*,#2643,.T.);
#3161=CARTESIAN_POINT('',(347.5,116.,464.33013));
#3162=VERTEX_POINT('',#3161);
#3163=DIRECTION('',(0.70711,0.,0.70711));
#3164=VECTOR('',#3163,2.58819);
#3165=LINE('',#2633,#3164);
#3166=EDGE_CURVE('',#2634,#3162,#3165,.T.);
#3167=ORIENTED_EDGE('',*,*,#3166,.T.);
#3168=DIRECTION('',(-0.15643,-0.98769,0.));
#3169=VECTOR('',#3168,3.59799);
#3170=LINE('',#3139,#3169);
#3171=EDGE_CURVE('',#3140,#3162,#3170,.T.);
#3172=ORIENTED_EDGE('',*,*,#3171,.F.);
#3173=ORIENTED_EDGE('',*,*,#3144,.F.);
#3174=EDGE_LOOP('',(#3160,#3167,#3172,#3173));
#3175=FACE_OUTER_BOUND('',#3174,.T.);
#3176=CARTESIAN_POINT('',(346.3223,120.11924,462.5));
#3177=DIRECTION('',(-0.70271,0.1113,0.70271));
#3178=DIRECTION('',(-0.15643,-0.98769,0.));
#3179=AXIS2_PLACEMENT_3D('',#3176,#3177,#3178);
#3180=PLANE('',#3179);
#3181=ADVANCED_FACE('',(#3175),#3180,.T.);
#3182=ORIENTED_EDGE('',*,*,#2665,.T.);
#3183=CARTESIAN_POINT('',(347.5,-116.,464.33013));
#3184=VERTEX_POINT('',#3183);
#3185=DIRECTION('',(0.70711,0.,0.70711));
#3186=VECTOR('',#3185,2.58819);
#3187=LINE('',#2655,#3186);
#3188=EDGE_CURVE('',#2656,#3184,#3187,.T.);
#3189=ORIENTED_EDGE('',*,*,#3188,.T.);
#3190=DIRECTION('',(0.,-1.,0.));
#3191=VECTOR('',#3190,232.);
#3192=LINE('',#3161,#3191);
#3193=EDGE_CURVE('',#3162,#3184,#3192,.T.);
#3194=ORIENTED_EDGE('',*,*,#3193,.F.);
#3195=ORIENTED_EDGE('',*,*,#3166,.F.);
#3196=EDGE_LOOP('',(#3182,#3189,#3194,#3195));
#3197=FACE_OUTER_BOUND('',#3196,.T.);
#3198=CARTESIAN_POINT('',(345.66987,116.,462.5));
#3199=DIRECTION('',(-0.70711,0.,0.70711));
#3200=DIRECTION('',(0.,-1.,0.));
#3201=AXIS2_PLACEMENT_3D('',#3198,#3199,#3200);
#3202=PLANE('',#3201);
#3203=ADVANCED_FACE('',(#3197),#3202,.T.);
#3204=ORIENTED_EDGE('',*,*,#2687,.T.);
#3205=CARTESIAN_POINT('',(348.06285,-119.5537,464.33013));
#3206=VERTEX_POINT('',#3205);
#3207=DIRECTION('',(0.6725,0.21851,0.70711));
#3208=VECTOR('',#3207,2.58819);
#3209=LINE('',#2677,#3208);
#3210=EDGE_CURVE('',#2678,#3206,#3209,.T.);
#3211=ORIENTED_EDGE('',*,*,#3210,.T.);
#3212=DIRECTION('',(0.15643,-0.98769,0.));
#3213=VECTOR('',#3212,3.59799);
#3214=LINE('',#3183,#3213);
#3215=EDGE_CURVE('',#3184,#3206,#3214,.T.);
#3216=ORIENTED_EDGE('',*,*,#3215,.F.);
#3217=ORIENTED_EDGE('',*,*,#3188,.F.);
#3218=EDGE_LOOP('',(#3204,#3211,#3216,#3217));
#3219=FACE_OUTER_BOUND('',#3218,.T.);
#3220=CARTESIAN_POINT('',(345.66987,-116.,462.5));
#3221=DIRECTION('',(-0.70271,-0.1113,0.70271));
#3222=DIRECTION('',(0.15643,-0.98769,0.));
#3223=AXIS2_PLACEMENT_3D('',#3220,#3221,#3222);
#3224=PLANE('',#3223);
#3225=ADVANCED_FACE('',(#3219),#3224,.T.);
#3226=ORIENTED_EDGE('',*,*,#2709,.T.);
#3227=CARTESIAN_POINT('',(349.6963,-122.75953,464.33013));
#3228=VERTEX_POINT('',#3227);
#3229=DIRECTION('',(0.57206,0.41563,0.70711));
#3230=VECTOR('',#3229,2.58819);
#3231=LINE('',#2699,#3230);
#3232=EDGE_CURVE('',#2700,#3228,#3231,.T.);
#3233=ORIENTED_EDGE('',*,*,#3232,.T.);
#3234=DIRECTION('',(0.45399,-0.89101,0.));
#3235=VECTOR('',#3234,3.59799);
#3236=LINE('',#3205,#3235);
#3237=EDGE_CURVE('',#3206,#3228,#3236,.T.);
#3238=ORIENTED_EDGE('',*,*,#3237,.F.);
#3239=ORIENTED_EDGE('',*,*,#3210,.F.);
#3240=EDGE_LOOP('',(#3226,#3233,#3238,#3239));
#3241=FACE_OUTER_BOUND('',#3240,.T.);
#3242=CARTESIAN_POINT('',(346.3223,-120.11924,462.5));
#3243=DIRECTION('',(-0.63393,-0.323,0.70271));
#3244=DIRECTION('',(0.45399,-0.89101,0.));
#3245=AXIS2_PLACEMENT_3D('',#3242,#3243,#3244);
#3246=PLANE('',#3245);
#3247=ADVANCED_FACE('',(#3241),#3246,.T.);
#3248=ORIENTED_EDGE('',*,*,#2731,.T.);
#3249=CARTESIAN_POINT('',(352.24047,-125.3037,464.33013));
#3250=VERTEX_POINT('',#3249);
#3251=DIRECTION('',(0.41563,0.57206,0.70711));
#3252=VECTOR('',#3251,2.58819);
#3253=LINE('',#2721,#3252);
#3254=EDGE_CURVE('',#2722,#3250,#3253,.T.);
#3255=ORIENTED_EDGE('',*,*,#3254,.T.);
#3256=DIRECTION('',(0.70711,-0.70711,0.));
#3257=VECTOR('',#3256,3.59799);
#3258=LINE('',#3227,#3257);
#3259=EDGE_CURVE('',#3228,#3250,#3258,.T.);
#3260=ORIENTED_EDGE('',*,*,#3259,.F.);
#3261=ORIENTED_EDGE('',*,*,#3232,.F.);
#3262=EDGE_LOOP('',(#3248,#3255,#3260,#3261));
#3263=FACE_OUTER_BOUND('',#3262,.T.);
#3264=CARTESIAN_POINT('',(348.2157,-123.83525,462.5));
#3265=DIRECTION('',(-0.50309,-0.50309,0.70271));
#3266=DIRECTION('',(0.70711,-0.70711,0.));
#3267=AXIS2_PLACEMENT_3D('',#3264,#3265,#3266);
#3268=PLANE('',#3267);
#3269=ADVANCED_FACE('',(#3263),#3268,.T.);
#3270=ORIENTED_EDGE('',*,*,#2753,.T.);
#3271=CARTESIAN_POINT('',(355.4463,-126.93715,464.33013));
#3272=VERTEX_POINT('',#3271);
#3273=DIRECTION('',(0.21851,0.6725,0.70711));
#3274=VECTOR('',#3273,2.58819);
#3275=LINE('',#2743,#3274);
#3276=EDGE_CURVE('',#2744,#3272,#3275,.T.);
#3277=ORIENTED_EDGE('',*,*,#3276,.T.);
#3278=DIRECTION('',(0.89101,-0.45399,0.));
#3279=VECTOR('',#3278,3.59799);
#3280=LINE('',#3249,#3279);
#3281=EDGE_CURVE('',#3250,#3272,#3280,.T.);
#3282=ORIENTED_EDGE('',*,*,#3281,.F.);
#3283=ORIENTED_EDGE('',*,*,#3254,.F.);
#3284=EDGE_LOOP('',(#3270,#3277,#3282,#3283));
#3285=FACE_OUTER_BOUND('',#3284,.T.);
#3286=CARTESIAN_POINT('',(351.16475,-126.7843,462.5));
#3287=DIRECTION('',(-0.323,-0.63393,0.70271));
#3288=DIRECTION('',(0.89101,-0.45399,0.));
#3289=AXIS2_PLACEMENT_3D('',#3286,#3287,#3288);
#3290=PLANE('',#3289);
#3291=ADVANCED_FACE('',(#3285),#3290,.T.);
#3292=ORIENTED_EDGE('',*,*,#2775,.T.);
#3293=CARTESIAN_POINT('',(359.,-127.5,464.33013));
#3294=VERTEX_POINT('',#3293);
#3295=DIRECTION('',(0.,0.70711,0.70711));
#3296=VECTOR('',#3295,2.58819);
#3297=LINE('',#2765,#3296);
#3298=EDGE_CURVE('',#2766,#3294,#3297,.T.);
#3299=ORIENTED_EDGE('',*,*,#3298,.T.);
#3300=DIRECTION('',(0.98769,-0.15643,0.));
#3301=VECTOR('',#3300,3.59799);
#3302=LINE('',#3271,#3301);
#3303=EDGE_CURVE('',#3272,#3294,#3302,.T.);
#3304=ORIENTED_EDGE('',*,*,#3303,.F.);
#3305=ORIENTED_EDGE('',*,*,#3276,.F.);
#3306=EDGE_LOOP('',(#3292,#3299,#3304,#3305));
#3307=FACE_OUTER_BOUND('',#3306,.T.);
#3308=CARTESIAN_POINT('',(354.88076,-128.6777,462.5));
#3309=DIRECTION('',(-0.1113,-0.70271,0.70271));
#3310=DIRECTION('',(0.98769,-0.15643,0.));
#3311=AXIS2_PLACEMENT_3D('',#3308,#3309,#3310);
#3312=PLANE('',#3311);
#3313=ADVANCED_FACE('',(#3307),#3312,.T.);
#3314=ORIENTED_EDGE('',*,*,#2791,.F.);
#3315=ORIENTED_EDGE('',*,*,#2820,.T.);
#3316=DIRECTION('',(-1.,0.,0.));
#3317=VECTOR('',#3316,272.);
#3318=LINE('',#2810,#3317);
#3319=EDGE_CURVE('',#2811,#3294,#3318,.T.);
#3320=ORIENTED_EDGE('',*,*,#3319,.T.);
#3321=ORIENTED_EDGE('',*,*,#3298,.F.);
#3322=EDGE_LOOP('',(#3314,#3315,#3320,#3321));
#3323=FACE_OUTER_BOUND('',#3322,.T.);
#3324=CARTESIAN_POINT('',(359.,-129.33013,462.5));
#3325=DIRECTION('',(0.,-0.70711,0.70711));
#3326=DIRECTION('',(1.,0.,0.));
#3327=AXIS2_PLACEMENT_3D('',#3324,#3325,#3326);
#3328=PLANE('',#3327);
#3329=ADVANCED_FACE('',(#3323),#3328,.T.);
#3330=ORIENTED_EDGE('',*,*,#2815,.T.);
#3331=CARTESIAN_POINT('',(633.78115,-124.55951,465.));
#3332=VERTEX_POINT('',#3331);
#3333=DIRECTION('',(-0.29849,0.91865,0.25882));
#3334=VECTOR('',#3333,2.58819);
#3335=LINE('',#2803,#3334);
#3336=EDGE_CURVE('',#2804,#3332,#3335,.T.);
#3337=ORIENTED_EDGE('',*,*,#3336,.T.);
#3338=CARTESIAN_POINT('',(631.,-125.,465.));
#3339=VERTEX_POINT('',#3338);
#3340=DIRECTION('',(0.98769,0.15643,0.));
#3341=VECTOR('',#3340,2.81582);
#3342=LINE('',#3338,#3341);
#3343=EDGE_CURVE('',#3339,#3332,#3342,.T.);
#3344=ORIENTED_EDGE('',*,*,#3343,.F.);
#3345=DIRECTION('',(0.,0.96593,0.25882));
#3346=VECTOR('',#3345,2.58819);
#3347=LINE('',#2810,#3346);
#3348=EDGE_CURVE('',#2811,#3339,#3347,.T.);
#3349=ORIENTED_EDGE('',*,*,#3348,.F.);
#3350=EDGE_LOOP('',(#3330,#3337,#3344,#3349));
#3351=FACE_OUTER_BOUND('',#3350,.T.);
#3352=CARTESIAN_POINT('',(631.,-127.5,464.33013));
#3353=DIRECTION('',(0.04096,-0.2586,0.96512));
#3354=DIRECTION('',(0.98769,0.15643,0.));
#3355=AXIS2_PLACEMENT_3D('',#3352,#3353,#3354);
#3356=PLANE('',#3355);
#3357=ADVANCED_FACE('',(#3351),#3356,.T.);
#3358=ORIENTED_EDGE('',*,*,#2841,.T.);
#3359=CARTESIAN_POINT('',(636.29007,-123.28115,465.));
#3360=VERTEX_POINT('',#3359);
#3361=DIRECTION('',(-0.56776,0.78145,0.25882));
#3362=VECTOR('',#3361,2.58819);
#3363=LINE('',#2831,#3362);
#3364=EDGE_CURVE('',#2832,#3360,#3363,.T.);
#3365=ORIENTED_EDGE('',*,*,#3364,.T.);
#3366=DIRECTION('',(0.89101,0.45399,0.));
#3367=VECTOR('',#3366,2.81582);
#3368=LINE('',#3331,#3367);
#3369=EDGE_CURVE('',#3332,#3360,#3368,.T.);
#3370=ORIENTED_EDGE('',*,*,#3369,.F.);
#3371=ORIENTED_EDGE('',*,*,#3336,.F.);
#3372=EDGE_LOOP('',(#3358,#3365,#3370,#3371));
#3373=FACE_OUTER_BOUND('',#3372,.T.);
#3374=CARTESIAN_POINT('',(634.5537,-126.93715,464.33013));
#3375=DIRECTION('',(0.11887,-0.23329,0.96512));
#3376=DIRECTION('',(0.89101,0.45399,0.));
#3377=AXIS2_PLACEMENT_3D('',#3374,#3375,#3376);
#3378=PLANE('',#3377);
#3379=ADVANCED_FACE('',(#3373),#3378,.T.);
#3380=ORIENTED_EDGE('',*,*,#2863,.T.);
#3381=CARTESIAN_POINT('',(638.28115,-121.29007,465.));
#3382=VERTEX_POINT('',#3381);
#3383=DIRECTION('',(-0.78145,0.56776,0.25882));
#3384=VECTOR('',#3383,2.58819);
#3385=LINE('',#2853,#3384);
#3386=EDGE_CURVE('',#2854,#3382,#3385,.T.);
#3387=ORIENTED_EDGE('',*,*,#3386,.T.);
#3388=DIRECTION('',(0.70711,0.70711,0.));
#3389=VECTOR('',#3388,2.81582);
#3390=LINE('',#3359,#3389);
#3391=EDGE_CURVE('',#3360,#3382,#3390,.T.);
#3392=ORIENTED_EDGE('',*,*,#3391,.F.);
#3393=ORIENTED_EDGE('',*,*,#3364,.F.);
#3394=EDGE_LOOP('',(#3380,#3387,#3392,#3393));
#3395=FACE_OUTER_BOUND('',#3394,.T.);
#3396=CARTESIAN_POINT('',(637.75953,-125.3037,464.33013));
#3397=DIRECTION('',(0.18514,-0.18514,0.96512));
#3398=DIRECTION('',(0.70711,0.70711,0.));
#3399=AXIS2_PLACEMENT_3D('',#3396,#3397,#3398);
#3400=PLANE('',#3399);
#3401=ADVANCED_FACE('',(#3395),#3400,.T.);
#3402=ORIENTED_EDGE('',*,*,#2885,.T.);
#3403=CARTESIAN_POINT('',(639.55951,-118.78115,465.));
#3404=VERTEX_POINT('',#3403);
#3405=DIRECTION('',(-0.91865,0.29849,0.25882));
#3406=VECTOR('',#3405,2.58819);
#3407=LINE('',#2875,#3406);
#3408=EDGE_CURVE('',#2876,#3404,#3407,.T.);
#3409=ORIENTED_EDGE('',*,*,#3408,.T.);
#3410=DIRECTION('',(0.45399,0.89101,0.));
#3411=VECTOR('',#3410,2.81582);
#3412=LINE('',#3381,#3411);
#3413=EDGE_CURVE('',#3382,#3404,#3412,.T.);
#3414=ORIENTED_EDGE('',*,*,#3413,.F.);
#3415=ORIENTED_EDGE('',*,*,#3386,.F.);
#3416=EDGE_LOOP('',(#3402,#3409,#3414,#3415));
#3417=FACE_OUTER_BOUND('',#3416,.T.);
#3418=CARTESIAN_POINT('',(640.3037,-122.75953,464.33013));
#3419=DIRECTION('',(0.23329,-0.11887,0.96512));
#3420=DIRECTION('',(0.45399,0.89101,0.));
#3421=AXIS2_PLACEMENT_3D('',#3418,#3419,#3420);
#3422=PLANE('',#3421);
#3423=ADVANCED_FACE('',(#3417),#3422,.T.);
#3424=ORIENTED_EDGE('',*,*,#2907,.T.);
#3425=CARTESIAN_POINT('',(640.,-116.,465.));
#3426=VERTEX_POINT('',#3425);
#3427=DIRECTION('',(-0.96593,0.,0.25882));
#3428=VECTOR('',#3427,2.58819);
#3429=LINE('',#2897,#3428);
#3430=EDGE_CURVE('',#2898,#3426,#3429,.T.);
#3431=ORIENTED_EDGE('',*,*,#3430,.T.);
#3432=DIRECTION('',(0.15643,0.98769,0.));
#3433=VECTOR('',#3432,2.81582);
#3434=LINE('',#3403,#3433);
#3435=EDGE_CURVE('',#3404,#3426,#3434,.T.);
#3436=ORIENTED_EDGE('',*,*,#3435,.F.);
#3437=ORIENTED_EDGE('',*,*,#3408,.F.);
#3438=EDGE_LOOP('',(#3424,#3431,#3436,#3437));
#3439=FACE_OUTER_BOUND('',#3438,.T.);
#3440=CARTESIAN_POINT('',(641.93715,-119.5537,464.33013));
#3441=DIRECTION('',(0.2586,-0.04096,0.96512));
#3442=DIRECTION('',(0.15643,0.98769,0.));
#3443=AXIS2_PLACEMENT_3D('',#3440,#3441,#3442);
#3444=PLANE('',#3443);
#3445=ADVANCED_FACE('',(#3439),#3444,.T.);
#3446=ORIENTED_EDGE('',*,*,#2929,.T.);
#3447=CARTESIAN_POINT('',(640.,116.,465.));
#3448=VERTEX_POINT('',#3447);
#3449=DIRECTION('',(-0.96593,0.,0.25882));
#3450=VECTOR('',#3449,2.58819);
#3451=LINE('',#2919,#3450);
#3452=EDGE_CURVE('',#2920,#3448,#3451,.T.);
#3453=ORIENTED_EDGE('',*,*,#3452,.T.);
#3454=DIRECTION('',(0.,1.,0.));
#3455=VECTOR('',#3454,232.);
#3456=LINE('',#3425,#3455);
#3457=EDGE_CURVE('',#3426,#3448,#3456,.T.);
#3458=ORIENTED_EDGE('',*,*,#3457,.F.);
#3459=ORIENTED_EDGE('',*,*,#3430,.F.);
#3460=EDGE_LOOP('',(#3446,#3453,#3458,#3459));
#3461=FACE_OUTER_BOUND('',#3460,.T.);
#3462=CARTESIAN_POINT('',(642.5,-116.,464.33013));
#3463=DIRECTION('',(0.25882,0.,0.96593));
#3464=DIRECTION('',(0.,1.,0.));
#3465=AXIS2_PLACEMENT_3D('',#3462,#3463,#3464);
#3466=PLANE('',#3465);
#3467=ADVANCED_FACE('',(#3461),#3466,.T.);
#3468=ORIENTED_EDGE('',*,*,#2951,.T.);
#3469=CARTESIAN_POINT('',(639.55951,118.78115,465.));
#3470=VERTEX_POINT('',#3469);
#3471=DIRECTION('',(-0.91865,-0.29849,0.25882));
#3472=VECTOR('',#3471,2.58819);
#3473=LINE('',#2941,#3472);
#3474=EDGE_CURVE('',#2942,#3470,#3473,.T.);
#3475=ORIENTED_EDGE('',*,*,#3474,.T.);
#3476=DIRECTION('',(-0.15643,0.98769,0.));
#3477=VECTOR('',#3476,2.81582);
#3478=LINE('',#3447,#3477);
#3479=EDGE_CURVE('',#3448,#3470,#3478,.T.);
#3480=ORIENTED_EDGE('',*,*,#3479,.F.);
#3481=ORIENTED_EDGE('',*,*,#3452,.F.);
#3482=EDGE_LOOP('',(#3468,#3475,#3480,#3481));
#3483=FACE_OUTER_BOUND('',#3482,.T.);
#3484=CARTESIAN_POINT('',(642.5,116.,464.33013));
#3485=DIRECTION('',(0.2586,0.04096,0.96512));
#3486=DIRECTION('',(-0.15643,0.98769,0.));
#3487=AXIS2_PLACEMENT_3D('',#3484,#3485,#3486);
#3488=PLANE('',#3487);
#3489=ADVANCED_FACE('',(#3483),#3488,.T.);
#3490=ORIENTED_EDGE('',*,*,#2973,.T.);
#3491=CARTESIAN_POINT('',(638.28115,121.29007,465.));
#3492=VERTEX_POINT('',#3491);
#3493=DIRECTION('',(-0.78145,-0.56776,0.25882));
#3494=VECTOR('',#3493,2.58819);
#3495=LINE('',#2963,#3494);
#3496=EDGE_CURVE('',#2964,#3492,#3495,.T.);
#3497=ORIENTED_EDGE('',*,*,#3496,.T.);
#3498=DIRECTION('',(-0.45399,0.89101,0.));
#3499=VECTOR('',#3498,2.81582);
#3500=LINE('',#3469,#3499);
#3501=EDGE_CURVE('',#3470,#3492,#3500,.T.);
#3502=ORIENTED_EDGE('',*,*,#3501,.F.);
#3503=ORIENTED_EDGE('',*,*,#3474,.F.);
#3504=EDGE_LOOP('',(#3490,#3497,#3502,#3503));
#3505=FACE_OUTER_BOUND('',#3504,.T.);
#3506=CARTESIAN_POINT('',(641.93715,119.5537,464.33013));
#3507=DIRECTION('',(0.23329,0.11887,0.96512));
#3508=DIRECTION('',(-0.45399,0.89101,0.));
#3509=AXIS2_PLACEMENT_3D('',#3506,#3507,#3508);
#3510=PLANE('',#3509);
#3511=ADVANCED_FACE('',(#3505),#3510,.T.);
#3512=ORIENTED_EDGE('',*,*,#2995,.T.);
#3513=CARTESIAN_POINT('',(636.29007,123.28115,465.));
#3514=VERTEX_POINT('',#3513);
#3515=DIRECTION('',(-0.56776,-0.78145,0.25882));
#3516=VECTOR('',#3515,2.58819);
#3517=LINE('',#2985,#3516);
#3518=EDGE_CURVE('',#2986,#3514,#3517,.T.);
#3519=ORIENTED_EDGE('',*,*,#3518,.T.);
#3520=DIRECTION('',(-0.70711,0.70711,0.));
#3521=VECTOR('',#3520,2.81582);
#3522=LINE('',#3491,#3521);
#3523=EDGE_CURVE('',#3492,#3514,#3522,.T.);
#3524=ORIENTED_EDGE('',*,*,#3523,.F.);
#3525=ORIENTED_EDGE('',*,*,#3496,.F.);
#3526=EDGE_LOOP('',(#3512,#3519,#3524,#3525));
#3527=FACE_OUTER_BOUND('',#3526,.T.);
#3528=CARTESIAN_POINT('',(640.3037,122.75953,464.33013));
#3529=DIRECTION('',(0.18514,0.18514,0.96512));
#3530=DIRECTION('',(-0.70711,0.70711,0.));
#3531=AXIS2_PLACEMENT_3D('',#3528,#3529,#3530);
#3532=PLANE('',#3531);
#3533=ADVANCED_FACE('',(#3527),#3532,.T.);
#3534=ORIENTED_EDGE('',*,*,#3017,.T.);
#3535=CARTESIAN_POINT('',(633.78115,124.55951,465.));
#3536=VERTEX_POINT('',#3535);
#3537=DIRECTION('',(-0.29849,-0.91865,0.25882));
#3538=VECTOR('',#3537,2.58819);
#3539=LINE('',#3007,#3538);
#3540=EDGE_CURVE('',#3008,#3536,#3539,.T.);
#3541=ORIENTED_EDGE('',*,*,#3540,.T.);
#3542=DIRECTION('',(-0.89101,0.45399,0.));
#3543=VECTOR('',#3542,2.81582);
#3544=LINE('',#3513,#3543);
#3545=EDGE_CURVE('',#3514,#3536,#3544,.T.);
#3546=ORIENTED_EDGE('',*,*,#3545,.F.);
#3547=ORIENTED_EDGE('',*,*,#3518,.F.);
#3548=EDGE_LOOP('',(#3534,#3541,#3546,#3547));
#3549=FACE_OUTER_BOUND('',#3548,.T.);
#3550=CARTESIAN_POINT('',(637.75953,125.3037,464.33013));
#3551=DIRECTION('',(0.11887,0.23329,0.96512));
#3552=DIRECTION('',(-0.89101,0.45399,0.));
#3553=AXIS2_PLACEMENT_3D('',#3550,#3551,#3552);
#3554=PLANE('',#3553);
#3555=ADVANCED_FACE('',(#3549),#3554,.T.);
#3556=ORIENTED_EDGE('',*,*,#3039,.T.);
#3557=CARTESIAN_POINT('',(631.,125.,465.));
#3558=VERTEX_POINT('',#3557);
#3559=DIRECTION('',(0.,-0.96593,0.25882));
#3560=VECTOR('',#3559,2.58819);
#3561=LINE('',#3029,#3560);
#3562=EDGE_CURVE('',#3030,#3558,#3561,.T.);
#3563=ORIENTED_EDGE('',*,*,#3562,.T.);
#3564=DIRECTION('',(-0.98769,0.15643,0.));
#3565=VECTOR('',#3564,2.81582);
#3566=LINE('',#3535,#3565);
#3567=EDGE_CURVE('',#3536,#3558,#3566,.T.);
#3568=ORIENTED_EDGE('',*,*,#3567,.F.);
#3569=ORIENTED_EDGE('',*,*,#3540,.F.);
#3570=EDGE_LOOP('',(#3556,#3563,#3568,#3569));
#3571=FACE_OUTER_BOUND('',#3570,.T.);
#3572=CARTESIAN_POINT('',(634.5537,126.93715,464.33013));
#3573=DIRECTION('',(0.04096,0.2586,0.96512));
#3574=DIRECTION('',(-0.98769,0.15643,0.));
#3575=AXIS2_PLACEMENT_3D('',#3572,#3573,#3574);
#3576=PLANE('',#3575);
#3577=ADVANCED_FACE('',(#3571),#3576,.T.);
#3578=ORIENTED_EDGE('',*,*,#3061,.T.);
#3579=CARTESIAN_POINT('',(359.,125.,465.));
#3580=VERTEX_POINT('',#3579);
#3581=DIRECTION('',(0.,-0.96593,0.25882));
#3582=VECTOR('',#3581,2.58819);
#3583=LINE('',#3051,#3582);
#3584=EDGE_CURVE('',#3052,#3580,#3583,.T.);
#3585=ORIENTED_EDGE('',*,*,#3584,.T.);
#3586=DIRECTION('',(-1.,0.,0.));
#3587=VECTOR('',#3586,272.);
#3588=LINE('',#3557,#3587);
#3589=EDGE_CURVE('',#3558,#3580,#3588,.T.);
#3590=ORIENTED_EDGE('',*,*,#3589,.F.);
#3591=ORIENTED_EDGE('',*,*,#3562,.F.);
#3592=EDGE_LOOP('',(#3578,#3585,#3590,#3591));
#3593=FACE_OUTER_BOUND('',#3592,.T.);
#3594=CARTESIAN_POINT('',(631.,127.5,464.33013));
#3595=DIRECTION('',(0.,0.25882,0.96593));
#3596=DIRECTION('',(-1.,0.,0.));
#3597=AXIS2_PLACEMENT_3D('',#3594,#3595,#3596);
#3598=PLANE('',#3597);
#3599=ADVANCED_FACE('',(#3593),#3598,.T.);
#3600=ORIENTED_EDGE('',*,*,#3083,.T.);
#3601=CARTESIAN_POINT('',(356.21885,124.55951,465.));
#3602=VERTEX_POINT('',#3601);
#3603=DIRECTION('',(0.29849,-0.91865,0.25882));
#3604=VECTOR('',#3603,2.58819);
#3605=LINE('',#3073,#3604);
#3606=EDGE_CURVE('',#3074,#3602,#3605,.T.);
#3607=ORIENTED_EDGE('',*,*,#3606,.T.);
#3608=DIRECTION('',(-0.98769,-0.15643,0.));
#3609=VECTOR('',#3608,2.81582);
#3610=LINE('',#3579,#3609);
#3611=EDGE_CURVE('',#3580,#3602,#3610,.T.);
#3612=ORIENTED_EDGE('',*,*,#3611,.F.);
#3613=ORIENTED_EDGE('',*,*,#3584,.F.);
#3614=EDGE_LOOP('',(#3600,#3607,#3612,#3613));
#3615=FACE_OUTER_BOUND('',#3614,.T.);
#3616=CARTESIAN_POINT('',(359.,127.5,464.33013));
#3617=DIRECTION('',(-0.04096,0.2586,0.96512));
#3618=DIRECTION('',(-0.98769,-0.15643,0.));
#3619=AXIS2_PLACEMENT_3D('',#3616,#3617,#3618);
#3620=PLANE('',#3619);
#3621=ADVANCED_FACE('',(#3615),#3620,.T.);
#3622=ORIENTED_EDGE('',*,*,#3105,.T.);
#3623=CARTESIAN_POINT('',(353.70993,123.28115,465.));
#3624=VERTEX_POINT('',#3623);
#3625=DIRECTION('',(0.56776,-0.78145,0.25882));
#3626=VECTOR('',#3625,2.58819);
#3627=LINE('',#3095,#3626);
#3628=EDGE_CURVE('',#3096,#3624,#3627,.T.);
#3629=ORIENTED_EDGE('',*,*,#3628,.T.);
#3630=DIRECTION('',(-0.89101,-0.45399,0.));
#3631=VECTOR('',#3630,2.81582);
#3632=LINE('',#3601,#3631);
#3633=EDGE_CURVE('',#3602,#3624,#3632,.T.);
#3634=ORIENTED_EDGE('',*,*,#3633,.F.);
#3635=ORIENTED_EDGE('',*,*,#3606,.F.);
#3636=EDGE_LOOP('',(#3622,#3629,#3634,#3635));
#3637=FACE_OUTER_BOUND('',#3636,.T.);
#3638=CARTESIAN_POINT('',(355.4463,126.93715,464.33013));
#3639=DIRECTION('',(-0.11887,0.23329,0.96512));
#3640=DIRECTION('',(-0.89101,-0.45399,0.));
#3641=AXIS2_PLACEMENT_3D('',#3638,#3639,#3640);
#3642=PLANE('',#3641);
#3643=ADVANCED_FACE('',(#3637),#3642,.T.);
#3644=ORIENTED_EDGE('',*,*,#3127,.T.);
#3645=CARTESIAN_POINT('',(351.71885,121.29007,465.));
#3646=VERTEX_POINT('',#3645);
#3647=DIRECTION('',(0.78145,-0.56776,0.25882));
#3648=VECTOR('',#3647,2.58819);
#3649=LINE('',#3117,#3648);
#3650=EDGE_CURVE('',#3118,#3646,#3649,.T.);
#3651=ORIENTED_EDGE('',*,*,#3650,.T.);
#3652=DIRECTION('',(-0.70711,-0.70711,0.));
#3653=VECTOR('',#3652,2.81582);
#3654=LINE('',#3623,#3653);
#3655=EDGE_CURVE('',#3624,#3646,#3654,.T.);
#3656=ORIENTED_EDGE('',*,*,#3655,.F.);
#3657=ORIENTED_EDGE('',*,*,#3628,.F.);
#3658=EDGE_LOOP('',(#3644,#3651,#3656,#3657));
#3659=FACE_OUTER_BOUND('',#3658,.T.);
#3660=CARTESIAN_POINT('',(352.24047,125.3037,464.33013));
#3661=DIRECTION('',(-0.18514,0.18514,0.96512));
#3662=DIRECTION('',(-0.70711,-0.70711,0.));
#3663=AXIS2_PLACEMENT_3D('',#3660,#3661,#3662);
#3664=PLANE('',#3663);
#3665=ADVANCED_FACE('',(#3659),#3664,.T.);
#3666=ORIENTED_EDGE('',*,*,#3149,.T.);
#3667=CARTESIAN_POINT('',(350.44049,118.78115,465.));
#3668=VERTEX_POINT('',#3667);
#3669=DIRECTION('',(0.91865,-0.29849,0.25882));
#3670=VECTOR('',#3669,2.58819);
#3671=LINE('',#3139,#3670);
#3672=EDGE_CURVE('',#3140,#3668,#3671,.T.);
#3673=ORIENTED_EDGE('',*,*,#3672,.T.);
#3674=DIRECTION('',(-0.45399,-0.89101,0.));
#3675=VECTOR('',#3674,2.81582);
#3676=LINE('',#3645,#3675);
#3677=EDGE_CURVE('',#3646,#3668,#3676,.T.);
#3678=ORIENTED_EDGE('',*,*,#3677,.F.);
#3679=ORIENTED_EDGE('',*,*,#3650,.F.);
#3680=EDGE_LOOP('',(#3666,#3673,#3678,#3679));
#3681=FACE_OUTER_BOUND('',#3680,.T.);
#3682=CARTESIAN_POINT('',(349.6963,122.75953,464.33013));
#3683=DIRECTION('',(-0.23329,0.11887,0.96512));
#3684=DIRECTION('',(-0.45399,-0.89101,0.));
#3685=AXIS2_PLACEMENT_3D('',#3682,#3683,#3684);
#3686=PLANE('',#3685);
#3687=ADVANCED_FACE('',(#3681),#3686,.T.);
#3688=ORIENTED_EDGE('',*,*,#3171,.T.);
#3689=CARTESIAN_POINT('',(350.,116.,465.));
#3690=VERTEX_POINT('',#3689);
#3691=DIRECTION('',(0.96593,0.,0.25882));
#3692=VECTOR('',#3691,2.58819);
#3693=LINE('',#3161,#3692);
#3694=EDGE_CURVE('',#3162,#3690,#3693,.T.);
#3695=ORIENTED_EDGE('',*,*,#3694,.T.);
#3696=DIRECTION('',(-0.15643,-0.98769,0.));
#3697=VECTOR('',#3696,2.81582);
#3698=LINE('',#3667,#3697);
#3699=EDGE_CURVE('',#3668,#3690,#3698,.T.);
#3700=ORIENTED_EDGE('',*,*,#3699,.F.);
#3701=ORIENTED_EDGE('',*,*,#3672,.F.);
#3702=EDGE_LOOP('',(#3688,#3695,#3700,#3701));
#3703=FACE_OUTER_BOUND('',#3702,.T.);
#3704=CARTESIAN_POINT('',(348.06285,119.5537,464.33013));
#3705=DIRECTION('',(-0.2586,0.04096,0.96512));
#3706=DIRECTION('',(-0.15643,-0.98769,0.));
#3707=AXIS2_PLACEMENT_3D('',#3704,#3705,#3706);
#3708=PLANE('',#3707);
#3709=ADVANCED_FACE('',(#3703),#3708,.T.);
#3710=ORIENTED_EDGE('',*,*,#3193,.T.);
#3711=CARTESIAN_POINT('',(350.,-116.,465.));
#3712=VERTEX_POINT('',#3711);
#3713=DIRECTION('',(0.96593,0.,0.25882));
#3714=VECTOR('',#3713,2.58819);
#3715=LINE('',#3183,#3714);
#3716=EDGE_CURVE('',#3184,#3712,#3715,.T.);
#3717=ORIENTED_EDGE('',*,*,#3716,.T.);
#3718=DIRECTION('',(0.,-1.,0.));
#3719=VECTOR('',#3718,232.);
#3720=LINE('',#3689,#3719);
#3721=EDGE_CURVE('',#3690,#3712,#3720,.T.);
#3722=ORIENTED_EDGE('',*,*,#3721,.F.);
#3723=ORIENTED_EDGE('',*,*,#3694,.F.);
#3724=EDGE_LOOP('',(#3710,#3717,#3722,#3723));
#3725=FACE_OUTER_BOUND('',#3724,.T.);
#3726=CARTESIAN_POINT('',(347.5,116.,464.33013));
#3727=DIRECTION('',(-0.25882,0.,0.96593));
#3728=DIRECTION('',(0.,-1.,0.));
#3729=AXIS2_PLACEMENT_3D('',#3726,#3727,#3728);
#3730=PLANE('',#3729);
#3731=ADVANCED_FACE('',(#3725),#3730,.T.);
#3732=ORIENTED_EDGE('',*,*,#3215,.T.);
#3733=CARTESIAN_POINT('',(350.44049,-118.78115,465.));
#3734=VERTEX_POINT('',#3733);
#3735=DIRECTION('',(0.91865,0.29849,0.25882));
#3736=VECTOR('',#3735,2.58819);
#3737=LINE('',#3205,#3736);
#3738=EDGE_CURVE('',#3206,#3734,#3737,.T.);
#3739=ORIENTED_EDGE('',*,*,#3738,.T.);
#3740=DIRECTION('',(0.15643,-0.98769,0.));
#3741=VECTOR('',#3740,2.81582);
#3742=LINE('',#3711,#3741);
#3743=EDGE_CURVE('',#3712,#3734,#3742,.T.);
#3744=ORIENTED_EDGE('',*,*,#3743,.F.);
#3745=ORIENTED_EDGE('',*,*,#3716,.F.);
#3746=EDGE_LOOP('',(#3732,#3739,#3744,#3745));
#3747=FACE_OUTER_BOUND('',#3746,.T.);
#3748=CARTESIAN_POINT('',(347.5,-116.,464.33013));
#3749=DIRECTION('',(-0.2586,-0.04096,0.96512));
#3750=DIRECTION('',(0.15643,-0.98769,0.));
#3751=AXIS2_PLACEMENT_3D('',#3748,#3749,#3750);
#3752=PLANE('',#3751);
#3753=ADVANCED_FACE('',(#3747),#3752,.T.);
#3754=ORIENTED_EDGE('',*,*,#3237,.T.);
#3755=CARTESIAN_POINT('',(351.71885,-121.29007,465.));
#3756=VERTEX_POINT('',#3755);
#3757=DIRECTION('',(0.78145,0.56776,0.25882));
#3758=VECTOR('',#3757,2.58819);
#3759=LINE('',#3227,#3758);
#3760=EDGE_CURVE('',#3228,#3756,#3759,.T.);
#3761=ORIENTED_EDGE('',*,*,#3760,.T.);
#3762=DIRECTION('',(0.45399,-0.89101,0.));
#3763=VECTOR('',#3762,2.81582);
#3764=LINE('',#3733,#3763);
#3765=EDGE_CURVE('',#3734,#3756,#3764,.T.);
#3766=ORIENTED_EDGE('',*,*,#3765,.F.);
#3767=ORIENTED_EDGE('',*,*,#3738,.F.);
#3768=EDGE_LOOP('',(#3754,#3761,#3766,#3767));
#3769=FACE_OUTER_BOUND('',#3768,.T.);
#3770=CARTESIAN_POINT('',(348.06285,-119.5537,464.33013));
#3771=DIRECTION('',(-0.23329,-0.11887,0.96512));
#3772=DIRECTION('',(0.45399,-0.89101,0.));
#3773=AXIS2_PLACEMENT_3D('',#3770,#3771,#3772);
#3774=PLANE('',#3773);
#3775=ADVANCED_FACE('',(#3769),#3774,.T.);
#3776=ORIENTED_EDGE('',*,*,#3259,.T.);
#3777=CARTESIAN_POINT('',(353.70993,-123.28115,465.));
#3778=VERTEX_POINT('',#3777);
#3779=DIRECTION('',(0.56776,0.78145,0.25882));
#3780=VECTOR('',#3779,2.58819);
#3781=LINE('',#3249,#3780);
#3782=EDGE_CURVE('',#3250,#3778,#3781,.T.);
#3783=ORIENTED_EDGE('',*,*,#3782,.T.);
#3784=DIRECTION('',(0.70711,-0.70711,0.));
#3785=VECTOR('',#3784,2.81582);
#3786=LINE('',#3755,#3785);
#3787=EDGE_CURVE('',#3756,#3778,#3786,.T.);
#3788=ORIENTED_EDGE('',*,*,#3787,.F.);
#3789=ORIENTED_EDGE('',*,*,#3760,.F.);
#3790=EDGE_LOOP('',(#3776,#3783,#3788,#3789));
#3791=FACE_OUTER_BOUND('',#3790,.T.);
#3792=CARTESIAN_POINT('',(349.6963,-122.75953,464.33013));
#3793=DIRECTION('',(-0.18514,-0.18514,0.96512));
#3794=DIRECTION('',(0.70711,-0.70711,0.));
#3795=AXIS2_PLACEMENT_3D('',#3792,#3793,#3794);
#3796=PLANE('',#3795);
#3797=ADVANCED_FACE('',(#3791),#3796,.T.);
#3798=ORIENTED_EDGE('',*,*,#3281,.T.);
#3799=CARTESIAN_POINT('',(356.21885,-124.55951,465.));
#3800=VERTEX_POINT('',#3799);
#3801=DIRECTION('',(0.29849,0.91865,0.25882));
#3802=VECTOR('',#3801,2.58819);
#3803=LINE('',#3271,#3802);
#3804=EDGE_CURVE('',#3272,#3800,#3803,.T.);
#3805=ORIENTED_EDGE('',*,*,#3804,.T.);
#3806=DIRECTION('',(0.89101,-0.45399,0.));
#3807=VECTOR('',#3806,2.81582);
#3808=LINE('',#3777,#3807);
#3809=EDGE_CURVE('',#3778,#3800,#3808,.T.);
#3810=ORIENTED_EDGE('',*,*,#3809,.F.);
#3811=ORIENTED_EDGE('',*,*,#3782,.F.);
#3812=EDGE_LOOP('',(#3798,#3805,#3810,#3811));
#3813=FACE_OUTER_BOUND('',#3812,.T.);
#3814=CARTESIAN_POINT('',(352.24047,-125.3037,464.33013));
#3815=DIRECTION('',(-0.11887,-0.23329,0.96512));
#3816=DIRECTION('',(0.89101,-0.45399,0.));
#3817=AXIS2_PLACEMENT_3D('',#3814,#3815,#3816);
#3818=PLANE('',#3817);
#3819=ADVANCED_FACE('',(#3813),#3818,.T.);
#3820=ORIENTED_EDGE('',*,*,#3303,.T.);
#3821=CARTESIAN_POINT('',(359.,-125.,465.));
#3822=VERTEX_POINT('',#3821);
#3823=DIRECTION('',(0.,0.96593,0.25882));
#3824=VECTOR('',#3823,2.58819);
#3825=LINE('',#3293,#3824);
#3826=EDGE_CURVE('',#3294,#3822,#3825,.T.);
#3827=ORIENTED_EDGE('',*,*,#3826,.T.);
#3828=DIRECTION('',(0.98769,-0.15643,0.));
#3829=VECTOR('',#3828,2.81582);
#3830=LINE('',#3799,#3829);
#3831=EDGE_CURVE('',#3800,#3822,#3830,.T.);
#3832=ORIENTED_EDGE('',*,*,#3831,.F.);
#3833=ORIENTED_EDGE('',*,*,#3804,.F.);
#3834=EDGE_LOOP('',(#3820,#3827,#3832,#3833));
#3835=FACE_OUTER_BOUND('',#3834,.T.);
#3836=CARTESIAN_POINT('',(355.4463,-126.93715,464.33013));
#3837=DIRECTION('',(-0.04096,-0.2586,0.96512));
#3838=DIRECTION('',(0.98769,-0.15643,0.));
#3839=AXIS2_PLACEMENT_3D('',#3836,#3837,#3838);
#3840=PLANE('',#3839);
#3841=ADVANCED_FACE('',(#3835),#3840,.T.);
#3842=ORIENTED_EDGE('',*,*,#3319,.F.);
#3843=ORIENTED_EDGE('',*,*,#3348,.T.);
#3844=DIRECTION('',(-1.,0.,0.));
#3845=VECTOR('',#3844,272.);
#3846=LINE('',#3338,#3845);
#3847=EDGE_CURVE('',#3339,#3822,#3846,.T.);
#3848=ORIENTED_EDGE('',*,*,#3847,.T.);
#3849=ORIENTED_EDGE('',*,*,#3826,.F.);
#3850=EDGE_LOOP('',(#3842,#3843,#3848,#3849));
#3851=FACE_OUTER_BOUND('',#3850,.T.);
#3852=CARTESIAN_POINT('',(359.,-127.5,464.33013));
#3853=DIRECTION('',(0.,-0.25882,0.96593));
#3854=DIRECTION('',(1.,0.,0.));
#3855=AXIS2_PLACEMENT_3D('',#3852,#3853,#3854);
#3856=PLANE('',#3855);
#3857=ADVANCED_FACE('',(#3851),#3856,.T.);
#3858=ORIENTED_EDGE('',*,*,#647,.F.);
#3859=ORIENTED_EDGE('',*,*,#619,.F.);
#3860=ORIENTED_EDGE('',*,*,#591,.F.);
#3861=ORIENTED_EDGE('',*,*,#563,.F.);
#3862=ORIENTED_EDGE('',*,*,#535,.F.);
#3863=ORIENTED_EDGE('',*,*,#507,.F.);
#3864=ORIENTED_EDGE('',*,*,#479,.F.);
#3865=ORIENTED_EDGE('',*,*,#451,.F.);
#3866=ORIENTED_EDGE('',*,*,#423,.F.);
#3867=ORIENTED_EDGE('',*,*,#395,.F.);
#3868=ORIENTED_EDGE('',*,*,#367,.F.);
#3869=ORIENTED_EDGE('',*,*,#339,.F.);
#3870=ORIENTED_EDGE('',*,*,#311,.F.);
#3871=ORIENTED_EDGE('',*,*,#283,.F.);
#3872=ORIENTED_EDGE('',*,*,#255,.F.);
#3873=ORIENTED_EDGE('',*,*,#227,.F.);
#3874=ORIENTED_EDGE('',*,*,#199,.F.);
#3875=ORIENTED_EDGE('',*,*,#171,.F.);
#3876=ORIENTED_EDGE('',*,*,#143,.F.);
#3877=ORIENTED_EDGE('',*,*,#115,.F.);
#3878=ORIENTED_EDGE('',*,*,#87,.F.);
#3879=ORIENTED_EDGE('',*,*,#59,.F.);
#3880=ORIENTED_EDGE('',*,*,#25,.F.);
#3881=ORIENTED_EDGE('',*,*,#673,.T.);
#3882=EDGE_LOOP('',(#3858,#3859,#3860,#3861,#3862,#3863,#3864,#3865,#3866,#3867,#3868,#3869,#3870,#3871,#3872,#3873,#3874,#3875,#3876,#3877,#3878,#3879,#3880,#3881));
#3883=FACE_OUTER_BOUND('',#3882,.T.);
#3884=CARTESIAN_POINT('',(359.,-125.,315.));
#3885=DIRECTION('',(0.,0.,-1.));
#3886=DIRECTION('',(-0.98769,0.15643,0.));
#3887=AXIS2_PLACEMENT_3D('',#3884,#3885,#3886);
#3888=PLANE('',#3887);
#3889=ADVANCED_FACE('',(#3883),#3888,.T.);
#3890=ORIENTED_EDGE('',*,*,#3343,.T.);
#3891=ORIENTED_EDGE('',*,*,#3369,.T.);
#3892=ORIENTED_EDGE('',*,*,#3391,.T.);
#3893=ORIENTED_EDGE('',*,*,#3413,.T.);
#3894=ORIENTED_EDGE('',*,*,#3435,.T.);
#3895=ORIENTED_EDGE('',*,*,#3457,.T.);
#3896=ORIENTED_EDGE('',*,*,#3479,.T.);
#3897=ORIENTED_EDGE('',*,*,#3501,.T.);
#3898=ORIENTED_EDGE('',*,*,#3523,.T.);
#3899=ORIENTED_EDGE('',*,*,#3545,.T.);
#3900=ORIENTED_EDGE('',*,*,#3567,.T.);
#3901=ORIENTED_EDGE('',*,*,#3589,.T.);
#3902=ORIENTED_EDGE('',*,*,#3611,.T.);
#3903=ORIENTED_EDGE('',*,*,#3633,.T.);
#3904=ORIENTED_EDGE('',*,*,#3655,.T.);
#3905=ORIENTED_EDGE('',*,*,#3677,.T.);
#3906=ORIENTED_EDGE('',*,*,#3699,.T.);
#3907=ORIENTED_EDGE('',*,*,#3721,.T.);
#3908=ORIENTED_EDGE('',*,*,#3743,.T.);
#3909=ORIENTED_EDGE('',*,*,#3765,.T.);
#3910=ORIENTED_EDGE('',*,*,#3787,.T.);
#3911=ORIENTED_EDGE('',*,*,#3809,.T.);
#3912=ORIENTED_EDGE('',*,*,#3831,.T.);
#3913=ORIENTED_EDGE('',*,*,#3847,.F.);
#3914=EDGE_LOOP('',(#3890,#3891,#3892,#3893,#3894,#3895,#3896,#3897,#3898,#3899,#3900,#3901,#3902,#3903,#3904,#3905,#3906,#3907,#3908,#3909,#3910,#3911,#3912,#3913));
#3915=FACE_OUTER_BOUND('',#3914,.T.);
#3916=CARTESIAN_POINT('',(631.,-125.,465.));
#3917=DIRECTION('',(0.,0.,1.));
#3918=DIRECTION('',(0.98769,0.15643,0.));
#3919=AXIS2_PLACEMENT_3D('',#3916,#3917,#3918);
#3920=PLANE('',#3919);
#3921=ADVANCED_FACE('',(#3915),#3920,.T.);
#3922=CLOSED_SHELL('',(#53,#81,#109,#137,#165,#193,#221,#249,#277,#305,#333,#361,#389,#417,#445,#473,#501,#529,#557,#585,#613,#641,#669,#689,#717,#739,#761,#783,#805,#827,#849,#871,#893,#915,#937,#959,#981,#1003,#1025,#1047,#1069,#1091,#1113,#1135,#1157,#1179,#1201,#1217,#1245,#1267,#1289,#1311,#1333,#1355,#1377,#1399,#1421,#1443,#1465,#1487,#1509,#1531,#1553,#1575,#1597,#1619,#1641,#1663,#1685,#1707,#1729,#1745,#1773,#1795,#1817,#1839,#1861,#1883,#1905,#1927,#1949,#1971,#1993,#2015,#2037,#2059,#2081,#2103,#2125,#2147,#2169,#2191,#2213,#2235,#2257,#2273,#2301,#2323,#2345,#2367,#2389,#2411,#2433,#2455,#2477,#2499,#2521,#2543,#2565,#2587,#2609,#2631,#2653,#2675,#2697,#2719,#2741,#2763,#2785,#2801,#2829,#2851,#2873,#2895,#2917,#2939,#2961,#2983,#3005,#3027,#3049,#3071,#3093,#3115,#3137,#3159,#3181,#3203,#3225,#3247,#3269,#3291,#3313,#3329,#3357,#3379,#3401,#3423,#3445,#3467,#3489,#3511,#3533,#3555,#3577,#3599,#3621,#3643,#3665,#3687,#3709,#3731,#3753,#3775,#3797,#3819,#3841,#3857,#3889,#3921));
#3923=MANIFOLD_SOLID_BREP('',#3922);
#3924=COLOUR_RGB('',0.82,0.83,0.8);
#3925=FILL_AREA_STYLE_COLOUR('',#3924);
#3926=FILL_AREA_STYLE('',(#3925));
#3927=SURFACE_STYLE_FILL_AREA(#3926);
#3928=SURFACE_SIDE_STYLE('',(#3927));
#3929=SURFACE_STYLE_USAGE(.BOTH.,#3928);
#3930=PRESENTATION_STYLE_ASSIGNMENT((#3929));
#3931=STYLED_ITEM('color',(#3930),#3923);
#3932=CARTESIAN_POINT('',(345.,-73.64915,356.));
#3933=VERTEX_POINT('',#3932);
#3934=CARTESIAN_POINT('',(345.,-67.29829,345.));
#3935=VERTEX_POINT('',#3934);
#3936=DIRECTION('',(0.,0.5,-0.86603));
#3937=VECTOR('',#3936,12.70171);
#3938=LINE('',#3932,#3937);
#3939=EDGE_CURVE('',#3933,#3935,#3938,.T.);
#3940=ORIENTED_EDGE('',*,*,#3939,.T.);
#3941=CARTESIAN_POINT('',(337.,-67.29829,345.));
#3942=VERTEX_POINT('',#3941);
#3943=DIRECTION('',(-1.,0.,0.));
#3944=VECTOR('',#3943,8.);
#3945=LINE('',#3934,#3944);
#3946=EDGE_CURVE('',#3935,#3942,#3945,.T.);
#3947=ORIENTED_EDGE('',*,*,#3946,.T.);
#3948=CARTESIAN_POINT('',(337.,-73.64915,356.));
#3949=VERTEX_POINT('',#3948);
#3950=DIRECTION('',(0.,0.5,-0.86603));
#3951=VECTOR('',#3950,12.70171);
#3952=LINE('',#3948,#3951);
#3953=EDGE_CURVE('',#3949,#3942,#3952,.T.);
#3954=ORIENTED_EDGE('',*,*,#3953,.F.);
#3955=DIRECTION('',(-1.,0.,0.));
#3956=VECTOR('',#3955,8.);
#3957=LINE('',#3932,#3956);
#3958=EDGE_CURVE('',#3933,#3949,#3957,.T.);
#3959=ORIENTED_EDGE('',*,*,#3958,.F.);
#3960=EDGE_LOOP('',(#3940,#3947,#3954,#3959));
#3961=FACE_OUTER_BOUND('',#3960,.T.);
#3962=CARTESIAN_POINT('',(345.,-73.64915,356.));
#3963=DIRECTION('',(0.,0.86603,0.5));
#3964=DIRECTION('',(0.,0.5,-0.86603));
#3965=AXIS2_PLACEMENT_3D('',#3962,#3963,#3964);
#3966=PLANE('',#3965);
#3967=ADVANCED_FACE('',(#3961),#3966,.T.);
#3968=CARTESIAN_POINT('',(345.,-73.64915,334.));
#3969=VERTEX_POINT('',#3968);
#3970=DIRECTION('',(0.,-0.5,-0.86603));
#3971=VECTOR('',#3970,12.70171);
#3972=LINE('',#3934,#3971);
#3973=EDGE_CURVE('',#3935,#3969,#3972,.T.);
#3974=ORIENTED_EDGE('',*,*,#3973,.T.);
#3975=CARTESIAN_POINT('',(337.,-73.64915,334.));
#3976=VERTEX_POINT('',#3975);
#3977=DIRECTION('',(-1.,0.,0.));
#3978=VECTOR('',#3977,8.);
#3979=LINE('',#3968,#3978);
#3980=EDGE_CURVE('',#3969,#3976,#3979,.T.);
#3981=ORIENTED_EDGE('',*,*,#3980,.T.);
#3982=DIRECTION('',(0.,-0.5,-0.86603));
#3983=VECTOR('',#3982,12.70171);
#3984=LINE('',#3941,#3983);
#3985=EDGE_CURVE('',#3942,#3976,#3984,.T.);
#3986=ORIENTED_EDGE('',*,*,#3985,.F.);
#3987=ORIENTED_EDGE('',*,*,#3946,.F.);
#3988=EDGE_LOOP('',(#3974,#3981,#3986,#3987));
#3989=FACE_OUTER_BOUND('',#3988,.T.);
#3990=CARTESIAN_POINT('',(345.,-67.29829,345.));
#3991=DIRECTION('',(0.,0.86603,-0.5));
#3992=DIRECTION('',(0.,-0.5,-0.86603));
#3993=AXIS2_PLACEMENT_3D('',#3990,#3991,#3992);
#3994=PLANE('',#3993);
#3995=ADVANCED_FACE('',(#3989),#3994,.T.);
#3996=CARTESIAN_POINT('',(345.,-86.35085,334.));
#3997=VERTEX_POINT('',#3996);
#3998=DIRECTION('',(0.,-1.,0.));
#3999=VECTOR('',#3998,12.70171);
#4000=LINE('',#3968,#3999);
#4001=EDGE_CURVE('',#3969,#3997,#4000,.T.);
#4002=ORIENTED_EDGE('',*,*,#4001,.T.);
#4003=CARTESIAN_POINT('',(337.,-86.35085,334.));
#4004=VERTEX_POINT('',#4003);
#4005=DIRECTION('',(-1.,0.,0.));
#4006=VECTOR('',#4005,8.);
#4007=LINE('',#3996,#4006);
#4008=EDGE_CURVE('',#3997,#4004,#4007,.T.);
#4009=ORIENTED_EDGE('',*,*,#4008,.T.);
#4010=DIRECTION('',(0.,-1.,0.));
#4011=VECTOR('',#4010,12.70171);
#4012=LINE('',#3975,#4011);
#4013=EDGE_CURVE('',#3976,#4004,#4012,.T.);
#4014=ORIENTED_EDGE('',*,*,#4013,.F.);
#4015=ORIENTED_EDGE('',*,*,#3980,.F.);
#4016=EDGE_LOOP('',(#4002,#4009,#4014,#4015));
#4017=FACE_OUTER_BOUND('',#4016,.T.);
#4018=CARTESIAN_POINT('',(345.,-73.64915,334.));
#4019=DIRECTION('',(0.,0.,-1.));
#4020=DIRECTION('',(0.,-1.,0.));
#4021=AXIS2_PLACEMENT_3D('',#4018,#4019,#4020);
#4022=PLANE('',#4021);
#4023=ADVANCED_FACE('',(#4017),#4022,.T.);
#4024=CARTESIAN_POINT('',(345.,-92.70171,345.));
#4025=VERTEX_POINT('',#4024);
#4026=DIRECTION('',(0.,-0.5,0.86603));
#4027=VECTOR('',#4026,12.70171);
#4028=LINE('',#3996,#4027);
#4029=EDGE_CURVE('',#3997,#4025,#4028,.T.);
#4030=ORIENTED_EDGE('',*,*,#4029,.T.);
#4031=CARTESIAN_POINT('',(337.,-92.70171,345.));
#4032=VERTEX_POINT('',#4031);
#4033=DIRECTION('',(-1.,0.,0.));
#4034=VECTOR('',#4033,8.);
#4035=LINE('',#4024,#4034);
#4036=EDGE_CURVE('',#4025,#4032,#4035,.T.);
#4037=ORIENTED_EDGE('',*,*,#4036,.T.);
#4038=DIRECTION('',(0.,-0.5,0.86603));
#4039=VECTOR('',#4038,12.70171);
#4040=LINE('',#4003,#4039);
#4041=EDGE_CURVE('',#4004,#4032,#4040,.T.);
#4042=ORIENTED_EDGE('',*,*,#4041,.F.);
#4043=ORIENTED_EDGE('',*,*,#4008,.F.);
#4044=EDGE_LOOP('',(#4030,#4037,#4042,#4043));
#4045=FACE_OUTER_BOUND('',#4044,.T.);
#4046=CARTESIAN_POINT('',(345.,-86.35085,334.));
#4047=DIRECTION('',(0.,-0.86603,-0.5));
#4048=DIRECTION('',(0.,-0.5,0.86603));
#4049=AXIS2_PLACEMENT_3D('',#4046,#4047,#4048);
#4050=PLANE('',#4049);
#4051=ADVANCED_FACE('',(#4045),#4050,.T.);
#4052=CARTESIAN_POINT('',(345.,-86.35085,356.));
#4053=VERTEX_POINT('',#4052);
#4054=DIRECTION('',(0.,0.5,0.86603));
#4055=VECTOR('',#4054,12.70171);
#4056=LINE('',#4024,#4055);
#4057=EDGE_CURVE('',#4025,#4053,#4056,.T.);
#4058=ORIENTED_EDGE('',*,*,#4057,.T.);
#4059=CARTESIAN_POINT('',(337.,-86.35085,356.));
#4060=VERTEX_POINT('',#4059);
#4061=DIRECTION('',(-1.,0.,0.));
#4062=VECTOR('',#4061,8.);
#4063=LINE('',#4052,#4062);
#4064=EDGE_CURVE('',#4053,#4060,#4063,.T.);
#4065=ORIENTED_EDGE('',*,*,#4064,.T.);
#4066=DIRECTION('',(0.,0.5,0.86603));
#4067=VECTOR('',#4066,12.70171);
#4068=LINE('',#4031,#4067);
#4069=EDGE_CURVE('',#4032,#4060,#4068,.T.);
#4070=ORIENTED_EDGE('',*,*,#4069,.F.);
#4071=ORIENTED_EDGE('',*,*,#4036,.F.);
#4072=EDGE_LOOP('',(#4058,#4065,#4070,#4071));
#4073=FACE_OUTER_BOUND('',#4072,.T.);
#4074=CARTESIAN_POINT('',(345.,-92.70171,345.));
#4075=DIRECTION('',(0.,-0.86603,0.5));
#4076=DIRECTION('',(0.,0.5,0.86603));
#4077=AXIS2_PLACEMENT_3D('',#4074,#4075,#4076);
#4078=PLANE('',#4077);
#4079=ADVANCED_FACE('',(#4073),#4078,.T.);
#4080=DIRECTION('',(0.,-1.,0.));
#4081=VECTOR('',#4080,12.70171);
#4082=LINE('',#3932,#4081);
#4083=EDGE_CURVE('',#3933,#4053,#4082,.T.);
#4084=ORIENTED_EDGE('',*,*,#4083,.F.);
#4085=ORIENTED_EDGE('',*,*,#3958,.T.);
#4086=DIRECTION('',(0.,-1.,0.));
#4087=VECTOR('',#4086,12.70171);
#4088=LINE('',#3948,#4087);
#4089=EDGE_CURVE('',#3949,#4060,#4088,.T.);
#4090=ORIENTED_EDGE('',*,*,#4089,.T.);
#4091=ORIENTED_EDGE('',*,*,#4064,.F.);
#4092=EDGE_LOOP('',(#4084,#4085,#4090,#4091));
#4093=FACE_OUTER_BOUND('',#4092,.T.);
#4094=CARTESIAN_POINT('',(345.,-86.35085,356.));
#4095=DIRECTION('',(0.,0.,1.));
#4096=DIRECTION('',(0.,1.,0.));
#4097=AXIS2_PLACEMENT_3D('',#4094,#4095,#4096);
#4098=PLANE('',#4097);
#4099=ADVANCED_FACE('',(#4093),#4098,.T.);
#4100=ORIENTED_EDGE('',*,*,#4057,.F.);
#4101=ORIENTED_EDGE('',*,*,#4029,.F.);
#4102=ORIENTED_EDGE('',*,*,#4001,.F.);
#4103=ORIENTED_EDGE('',*,*,#3973,.F.);
#4104=ORIENTED_EDGE('',*,*,#3939,.F.);
#4105=ORIENTED_EDGE('',*,*,#4083,.T.);
#4106=EDGE_LOOP('',(#4100,#4101,#4102,#4103,#4104,#4105));
#4107=FACE_OUTER_BOUND('',#4106,.T.);
#4108=CARTESIAN_POINT('',(345.,-86.35085,356.));
#4109=DIRECTION('',(1.,0.,0.));
#4110=DIRECTION('',(0.,-0.5,-0.86603));
#4111=AXIS2_PLACEMENT_3D('',#4108,#4109,#4110);
#4112=PLANE('',#4111);
#4113=ADVANCED_FACE('',(#4107),#4112,.T.);
#4114=ORIENTED_EDGE('',*,*,#3953,.T.);
#4115=ORIENTED_EDGE('',*,*,#3985,.T.);
#4116=ORIENTED_EDGE('',*,*,#4013,.T.);
#4117=ORIENTED_EDGE('',*,*,#4041,.T.);
#4118=ORIENTED_EDGE('',*,*,#4069,.T.);
#4119=ORIENTED_EDGE('',*,*,#4089,.F.);
#4120=EDGE_LOOP('',(#4114,#4115,#4116,#4117,#4118,#4119));
#4121=FACE_OUTER_BOUND('',#4120,.T.);
#4122=CARTESIAN_POINT('',(337.,-73.64915,356.));
#4123=DIRECTION('',(-1.,0.,0.));
#4124=DIRECTION('',(0.,0.5,-0.86603));
#4125=AXIS2_PLACEMENT_3D('',#4122,#4123,#4124);
#4126=PLANE('',#4125);
#4127=ADVANCED_FACE('',(#4121),#4126,.T.);
#4128=CLOSED_SHELL('',(#3967,#3995,#4023,#4051,#4079,#4099,#4113,#4127));
#4129=MANIFOLD_SOLID_BREP('',#4128);
#4130=STYLED_ITEM('color',(#3930),#4129);
#4131=CARTESIAN_POINT('',(337.,-80.,353.5));
#4132=VERTEX_POINT('',#4131);
#4133=CARTESIAN_POINT('',(337.,-77.37336,353.08398));
#4134=VERTEX_POINT('',#4133);
#4135=DIRECTION('',(0.,0.98769,-0.15643));
#4136=VECTOR('',#4135,2.65939);
#4137=LINE('',#4131,#4136);
#4138=EDGE_CURVE('',#4132,#4134,#4137,.T.);
#4139=ORIENTED_EDGE('',*,*,#4138,.T.);
#4140=CARTESIAN_POINT('',(330.,-77.37336,353.08398));
#4141=VERTEX_POINT('',#4140);
#4142=DIRECTION('',(-1.,0.,0.));
#4143=VECTOR('',#4142,7.);
#4144=LINE('',#4133,#4143);
#4145=EDGE_CURVE('',#4134,#4141,#4144,.T.);
#4146=ORIENTED_EDGE('',*,*,#4145,.T.);
#4147=CARTESIAN_POINT('',(330.,-80.,353.5));
#4148=VERTEX_POINT('',#4147);
#4149=DIRECTION('',(0.,0.98769,-0.15643));
#4150=VECTOR('',#4149,2.65939);
#4151=LINE('',#4147,#4150);
#4152=EDGE_CURVE('',#4148,#4141,#4151,.T.);
#4153=ORIENTED_EDGE('',*,*,#4152,.F.);
#4154=DIRECTION('',(-1.,0.,0.));
#4155=VECTOR('',#4154,7.);
#4156=LINE('',#4131,#4155);
#4157=EDGE_CURVE('',#4132,#4148,#4156,.T.);
#4158=ORIENTED_EDGE('',*,*,#4157,.F.);
#4159=EDGE_LOOP('',(#4139,#4146,#4153,#4158));
#4160=FACE_OUTER_BOUND('',#4159,.T.);
#4161=CARTESIAN_POINT('',(337.,-80.,353.5));
#4162=DIRECTION('',(0.,0.15643,0.98769));
#4163=DIRECTION('',(0.,0.98769,-0.15643));
#4164=AXIS2_PLACEMENT_3D('',#4161,#4162,#4163);
#4165=PLANE('',#4164);
#4166=ADVANCED_FACE('',(#4160),#4165,.T.);
#4167=CARTESIAN_POINT('',(337.,-75.00383,351.87664));
#4168=VERTEX_POINT('',#4167);
#4169=DIRECTION('',(0.,0.89101,-0.45399));
#4170=VECTOR('',#4169,2.65939);
#4171=LINE('',#4133,#4170);
#4172=EDGE_CURVE('',#4134,#4168,#4171,.T.);
#4173=ORIENTED_EDGE('',*,*,#4172,.T.);
#4174=CARTESIAN_POINT('',(330.,-75.00383,351.87664));
#4175=VERTEX_POINT('',#4174);
#4176=DIRECTION('',(-1.,0.,0.));
#4177=VECTOR('',#4176,7.);
#4178=LINE('',#4167,#4177);
#4179=EDGE_CURVE('',#4168,#4175,#4178,.T.);
#4180=ORIENTED_EDGE('',*,*,#4179,.T.);
#4181=DIRECTION('',(0.,0.89101,-0.45399));
#4182=VECTOR('',#4181,2.65939);
#4183=LINE('',#4140,#4182);
#4184=EDGE_CURVE('',#4141,#4175,#4183,.T.);
#4185=ORIENTED_EDGE('',*,*,#4184,.F.);
#4186=ORIENTED_EDGE('',*,*,#4145,.F.);
#4187=EDGE_LOOP('',(#4173,#4180,#4185,#4186));
#4188=FACE_OUTER_BOUND('',#4187,.T.);
#4189=CARTESIAN_POINT('',(337.,-77.37336,353.08398));
#4190=DIRECTION('',(0.,0.45399,0.89101));
#4191=DIRECTION('',(0.,0.89101,-0.45399));
#4192=AXIS2_PLACEMENT_3D('',#4189,#4190,#4191);
#4193=PLANE('',#4192);
#4194=ADVANCED_FACE('',(#4188),#4193,.T.);
#4195=CARTESIAN_POINT('',(337.,-73.12336,349.99617));
#4196=VERTEX_POINT('',#4195);
#4197=DIRECTION('',(0.,0.70711,-0.70711));
#4198=VECTOR('',#4197,2.65939);
#4199=LINE('',#4167,#4198);
#4200=EDGE_CURVE('',#4168,#4196,#4199,.T.);
#4201=ORIENTED_EDGE('',*,*,#4200,.T.);
#4202=CARTESIAN_POINT('',(330.,-73.12336,349.99617));
#4203=VERTEX_POINT('',#4202);
#4204=DIRECTION('',(-1.,0.,0.));
#4205=VECTOR('',#4204,7.);
#4206=LINE('',#4195,#4205);
#4207=EDGE_CURVE('',#4196,#4203,#4206,.T.);
#4208=ORIENTED_EDGE('',*,*,#4207,.T.);
#4209=DIRECTION('',(0.,0.70711,-0.70711));
#4210=VECTOR('',#4209,2.65939);
#4211=LINE('',#4174,#4210);
#4212=EDGE_CURVE('',#4175,#4203,#4211,.T.);
#4213=ORIENTED_EDGE('',*,*,#4212,.F.);
#4214=ORIENTED_EDGE('',*,*,#4179,.F.);
#4215=EDGE_LOOP('',(#4201,#4208,#4213,#4214));
#4216=FACE_OUTER_BOUND('',#4215,.T.);
#4217=CARTESIAN_POINT('',(337.,-75.00383,351.87664));
#4218=DIRECTION('',(0.,0.70711,0.70711));
#4219=DIRECTION('',(0.,0.70711,-0.70711));
#4220=AXIS2_PLACEMENT_3D('',#4217,#4218,#4219);
#4221=PLANE('',#4220);
#4222=ADVANCED_FACE('',(#4216),#4221,.T.);
#4223=CARTESIAN_POINT('',(337.,-71.91602,347.62664));
#4224=VERTEX_POINT('',#4223);
#4225=DIRECTION('',(0.,0.45399,-0.89101));
#4226=VECTOR('',#4225,2.65939);
#4227=LINE('',#4195,#4226);
#4228=EDGE_CURVE('',#4196,#4224,#4227,.T.);
#4229=ORIENTED_EDGE('',*,*,#4228,.T.);
#4230=CARTESIAN_POINT('',(330.,-71.91602,347.62664));
#4231=VERTEX_POINT('',#4230);
#4232=DIRECTION('',(-1.,0.,0.));
#4233=VECTOR('',#4232,7.);
#4234=LINE('',#4223,#4233);
#4235=EDGE_CURVE('',#4224,#4231,#4234,.T.);
#4236=ORIENTED_EDGE('',*,*,#4235,.T.);
#4237=DIRECTION('',(0.,0.45399,-0.89101));
#4238=VECTOR('',#4237,2.65939);
#4239=LINE('',#4202,#4238);
#4240=EDGE_CURVE('',#4203,#4231,#4239,.T.);
#4241=ORIENTED_EDGE('',*,*,#4240,.F.);
#4242=ORIENTED_EDGE('',*,*,#4207,.F.);
#4243=EDGE_LOOP('',(#4229,#4236,#4241,#4242));
#4244=FACE_OUTER_BOUND('',#4243,.T.);
#4245=CARTESIAN_POINT('',(337.,-73.12336,349.99617));
#4246=DIRECTION('',(0.,0.89101,0.45399));
#4247=DIRECTION('',(0.,0.45399,-0.89101));
#4248=AXIS2_PLACEMENT_3D('',#4245,#4246,#4247);
#4249=PLANE('',#4248);
#4250=ADVANCED_FACE('',(#4244),#4249,.T.);
#4251=CARTESIAN_POINT('',(337.,-71.5,345.));
#4252=VERTEX_POINT('',#4251);
#4253=DIRECTION('',(0.,0.15643,-0.98769));
#4254=VECTOR('',#4253,2.65939);
#4255=LINE('',#4223,#4254);
#4256=EDGE_CURVE('',#4224,#4252,#4255,.T.);
#4257=ORIENTED_EDGE('',*,*,#4256,.T.);
#4258=CARTESIAN_POINT('',(330.,-71.5,345.));
#4259=VERTEX_POINT('',#4258);
#4260=DIRECTION('',(-1.,0.,0.));
#4261=VECTOR('',#4260,7.);
#4262=LINE('',#4251,#4261);
#4263=EDGE_CURVE('',#4252,#4259,#4262,.T.);
#4264=ORIENTED_EDGE('',*,*,#4263,.T.);
#4265=DIRECTION('',(0.,0.15643,-0.98769));
#4266=VECTOR('',#4265,2.65939);
#4267=LINE('',#4230,#4266);
#4268=EDGE_CURVE('',#4231,#4259,#4267,.T.);
#4269=ORIENTED_EDGE('',*,*,#4268,.F.);
#4270=ORIENTED_EDGE('',*,*,#4235,.F.);
#4271=EDGE_LOOP('',(#4257,#4264,#4269,#4270));
#4272=FACE_OUTER_BOUND('',#4271,.T.);
#4273=CARTESIAN_POINT('',(337.,-71.91602,347.62664));
#4274=DIRECTION('',(0.,0.98769,0.15643));
#4275=DIRECTION('',(0.,0.15643,-0.98769));
#4276=AXIS2_PLACEMENT_3D('',#4273,#4274,#4275);
#4277=PLANE('',#4276);
#4278=ADVANCED_FACE('',(#4272),#4277,.T.);
#4279=CARTESIAN_POINT('',(337.,-71.91602,342.37336));
#4280=VERTEX_POINT('',#4279);
#4281=DIRECTION('',(0.,-0.15643,-0.98769));
#4282=VECTOR('',#4281,2.65939);
#4283=LINE('',#4251,#4282);
#4284=EDGE_CURVE('',#4252,#4280,#4283,.T.);
#4285=ORIENTED_EDGE('',*,*,#4284,.T.);
#4286=CARTESIAN_POINT('',(330.,-71.91602,342.37336));
#4287=VERTEX_POINT('',#4286);
#4288=DIRECTION('',(-1.,0.,0.));
#4289=VECTOR('',#4288,7.);
#4290=LINE('',#4279,#4289);
#4291=EDGE_CURVE('',#4280,#4287,#4290,.T.);
#4292=ORIENTED_EDGE('',*,*,#4291,.T.);
#4293=DIRECTION('',(0.,-0.15643,-0.98769));
#4294=VECTOR('',#4293,2.65939);
#4295=LINE('',#4258,#4294);
#4296=EDGE_CURVE('',#4259,#4287,#4295,.T.);
#4297=ORIENTED_EDGE('',*,*,#4296,.F.);
#4298=ORIENTED_EDGE('',*,*,#4263,.F.);
#4299=EDGE_LOOP('',(#4285,#4292,#4297,#4298));
#4300=FACE_OUTER_BOUND('',#4299,.T.);
#4301=CARTESIAN_POINT('',(337.,-71.5,345.));
#4302=DIRECTION('',(0.,0.98769,-0.15643));
#4303=DIRECTION('',(0.,-0.15643,-0.98769));
#4304=AXIS2_PLACEMENT_3D('',#4301,#4302,#4303);
#4305=PLANE('',#4304);
#4306=ADVANCED_FACE('',(#4300),#4305,.T.);
#4307=CARTESIAN_POINT('',(337.,-73.12336,340.00383));
#4308=VERTEX_POINT('',#4307);
#4309=DIRECTION('',(0.,-0.45399,-0.89101));
#4310=VECTOR('',#4309,2.65939);
#4311=LINE('',#4279,#4310);
#4312=EDGE_CURVE('',#4280,#4308,#4311,.T.);
#4313=ORIENTED_EDGE('',*,*,#4312,.T.);
#4314=CARTESIAN_POINT('',(330.,-73.12336,340.00383));
#4315=VERTEX_POINT('',#4314);
#4316=DIRECTION('',(-1.,0.,0.));
#4317=VECTOR('',#4316,7.);
#4318=LINE('',#4307,#4317);
#4319=EDGE_CURVE('',#4308,#4315,#4318,.T.);
#4320=ORIENTED_EDGE('',*,*,#4319,.T.);
#4321=DIRECTION('',(0.,-0.45399,-0.89101));
#4322=VECTOR('',#4321,2.65939);
#4323=LINE('',#4286,#4322);
#4324=EDGE_CURVE('',#4287,#4315,#4323,.T.);
#4325=ORIENTED_EDGE('',*,*,#4324,.F.);
#4326=ORIENTED_EDGE('',*,*,#4291,.F.);
#4327=EDGE_LOOP('',(#4313,#4320,#4325,#4326));
#4328=FACE_OUTER_BOUND('',#4327,.T.);
#4329=CARTESIAN_POINT('',(337.,-71.91602,342.37336));
#4330=DIRECTION('',(0.,0.89101,-0.45399));
#4331=DIRECTION('',(0.,-0.45399,-0.89101));
#4332=AXIS2_PLACEMENT_3D('',#4329,#4330,#4331);
#4333=PLANE('',#4332);
#4334=ADVANCED_FACE('',(#4328),#4333,.T.);
#4335=CARTESIAN_POINT('',(337.,-75.00383,338.12336));
#4336=VERTEX_POINT('',#4335);
#4337=DIRECTION('',(0.,-0.70711,-0.70711));
#4338=VECTOR('',#4337,2.65939);
#4339=LINE('',#4307,#4338);
#4340=EDGE_CURVE('',#4308,#4336,#4339,.T.);
#4341=ORIENTED_EDGE('',*,*,#4340,.T.);
#4342=CARTESIAN_POINT('',(330.,-75.00383,338.12336));
#4343=VERTEX_POINT('',#4342);
#4344=DIRECTION('',(-1.,0.,0.));
#4345=VECTOR('',#4344,7.);
#4346=LINE('',#4335,#4345);
#4347=EDGE_CURVE('',#4336,#4343,#4346,.T.);
#4348=ORIENTED_EDGE('',*,*,#4347,.T.);
#4349=DIRECTION('',(0.,-0.70711,-0.70711));
#4350=VECTOR('',#4349,2.65939);
#4351=LINE('',#4314,#4350);
#4352=EDGE_CURVE('',#4315,#4343,#4351,.T.);
#4353=ORIENTED_EDGE('',*,*,#4352,.F.);
#4354=ORIENTED_EDGE('',*,*,#4319,.F.);
#4355=EDGE_LOOP('',(#4341,#4348,#4353,#4354));
#4356=FACE_OUTER_BOUND('',#4355,.T.);
#4357=CARTESIAN_POINT('',(337.,-73.12336,340.00383));
#4358=DIRECTION('',(0.,0.70711,-0.70711));
#4359=DIRECTION('',(0.,-0.70711,-0.70711));
#4360=AXIS2_PLACEMENT_3D('',#4357,#4358,#4359);
#4361=PLANE('',#4360);
#4362=ADVANCED_FACE('',(#4356),#4361,.T.);
#4363=CARTESIAN_POINT('',(337.,-77.37336,336.91602));
#4364=VERTEX_POINT('',#4363);
#4365=DIRECTION('',(0.,-0.89101,-0.45399));
#4366=VECTOR('',#4365,2.65939);
#4367=LINE('',#4335,#4366);
#4368=EDGE_CURVE('',#4336,#4364,#4367,.T.);
#4369=ORIENTED_EDGE('',*,*,#4368,.T.);
#4370=CARTESIAN_POINT('',(330.,-77.37336,336.91602));
#4371=VERTEX_POINT('',#4370);
#4372=DIRECTION('',(-1.,0.,0.));
#4373=VECTOR('',#4372,7.);
#4374=LINE('',#4363,#4373);
#4375=EDGE_CURVE('',#4364,#4371,#4374,.T.);
#4376=ORIENTED_EDGE('',*,*,#4375,.T.);
#4377=DIRECTION('',(0.,-0.89101,-0.45399));
#4378=VECTOR('',#4377,2.65939);
#4379=LINE('',#4342,#4378);
#4380=EDGE_CURVE('',#4343,#4371,#4379,.T.);
#4381=ORIENTED_EDGE('',*,*,#4380,.F.);
#4382=ORIENTED_EDGE('',*,*,#4347,.F.);
#4383=EDGE_LOOP('',(#4369,#4376,#4381,#4382));
#4384=FACE_OUTER_BOUND('',#4383,.T.);
#4385=CARTESIAN_POINT('',(337.,-75.00383,338.12336));
#4386=DIRECTION('',(0.,0.45399,-0.89101));
#4387=DIRECTION('',(0.,-0.89101,-0.45399));
#4388=AXIS2_PLACEMENT_3D('',#4385,#4386,#4387);
#4389=PLANE('',#4388);
#4390=ADVANCED_FACE('',(#4384),#4389,.T.);
#4391=CARTESIAN_POINT('',(337.,-80.,336.5));
#4392=VERTEX_POINT('',#4391);
#4393=DIRECTION('',(0.,-0.98769,-0.15643));
#4394=VECTOR('',#4393,2.65939);
#4395=LINE('',#4363,#4394);
#4396=EDGE_CURVE('',#4364,#4392,#4395,.T.);
#4397=ORIENTED_EDGE('',*,*,#4396,.T.);
#4398=CARTESIAN_POINT('',(330.,-80.,336.5));
#4399=VERTEX_POINT('',#4398);
#4400=DIRECTION('',(-1.,0.,0.));
#4401=VECTOR('',#4400,7.);
#4402=LINE('',#4391,#4401);
#4403=EDGE_CURVE('',#4392,#4399,#4402,.T.);
#4404=ORIENTED_EDGE('',*,*,#4403,.T.);
#4405=DIRECTION('',(0.,-0.98769,-0.15643));
#4406=VECTOR('',#4405,2.65939);
#4407=LINE('',#4370,#4406);
#4408=EDGE_CURVE('',#4371,#4399,#4407,.T.);
#4409=ORIENTED_EDGE('',*,*,#4408,.F.);
#4410=ORIENTED_EDGE('',*,*,#4375,.F.);
#4411=EDGE_LOOP('',(#4397,#4404,#4409,#4410));
#4412=FACE_OUTER_BOUND('',#4411,.T.);
#4413=CARTESIAN_POINT('',(337.,-77.37336,336.91602));
#4414=DIRECTION('',(0.,0.15643,-0.98769));
#4415=DIRECTION('',(0.,-0.98769,-0.15643));
#4416=AXIS2_PLACEMENT_3D('',#4413,#4414,#4415);
#4417=PLANE('',#4416);
#4418=ADVANCED_FACE('',(#4412),#4417,.T.);
#4419=CARTESIAN_POINT('',(337.,-82.62664,336.91602));
#4420=VERTEX_POINT('',#4419);
#4421=DIRECTION('',(0.,-0.98769,0.15643));
#4422=VECTOR('',#4421,2.65939);
#4423=LINE('',#4391,#4422);
#4424=EDGE_CURVE('',#4392,#4420,#4423,.T.);
#4425=ORIENTED_EDGE('',*,*,#4424,.T.);
#4426=CARTESIAN_POINT('',(330.,-82.62664,336.91602));
#4427=VERTEX_POINT('',#4426);
#4428=DIRECTION('',(-1.,0.,0.));
#4429=VECTOR('',#4428,7.);
#4430=LINE('',#4419,#4429);
#4431=EDGE_CURVE('',#4420,#4427,#4430,.T.);
#4432=ORIENTED_EDGE('',*,*,#4431,.T.);
#4433=DIRECTION('',(0.,-0.98769,0.15643));
#4434=VECTOR('',#4433,2.65939);
#4435=LINE('',#4398,#4434);
#4436=EDGE_CURVE('',#4399,#4427,#4435,.T.);
#4437=ORIENTED_EDGE('',*,*,#4436,.F.);
#4438=ORIENTED_EDGE('',*,*,#4403,.F.);
#4439=EDGE_LOOP('',(#4425,#4432,#4437,#4438));
#4440=FACE_OUTER_BOUND('',#4439,.T.);
#4441=CARTESIAN_POINT('',(337.,-80.,336.5));
#4442=DIRECTION('',(0.,-0.15643,-0.98769));
#4443=DIRECTION('',(0.,-0.98769,0.15643));
#4444=AXIS2_PLACEMENT_3D('',#4441,#4442,#4443);
#4445=PLANE('',#4444);
#4446=ADVANCED_FACE('',(#4440),#4445,.T.);
#4447=CARTESIAN_POINT('',(337.,-84.99617,338.12336));
#4448=VERTEX_POINT('',#4447);
#4449=DIRECTION('',(0.,-0.89101,0.45399));
#4450=VECTOR('',#4449,2.65939);
#4451=LINE('',#4419,#4450);
#4452=EDGE_CURVE('',#4420,#4448,#4451,.T.);
#4453=ORIENTED_EDGE('',*,*,#4452,.T.);
#4454=CARTESIAN_POINT('',(330.,-84.99617,338.12336));
#4455=VERTEX_POINT('',#4454);
#4456=DIRECTION('',(-1.,0.,0.));
#4457=VECTOR('',#4456,7.);
#4458=LINE('',#4447,#4457);
#4459=EDGE_CURVE('',#4448,#4455,#4458,.T.);
#4460=ORIENTED_EDGE('',*,*,#4459,.T.);
#4461=DIRECTION('',(0.,-0.89101,0.45399));
#4462=VECTOR('',#4461,2.65939);
#4463=LINE('',#4426,#4462);
#4464=EDGE_CURVE('',#4427,#4455,#4463,.T.);
#4465=ORIENTED_EDGE('',*,*,#4464,.F.);
#4466=ORIENTED_EDGE('',*,*,#4431,.F.);
#4467=EDGE_LOOP('',(#4453,#4460,#4465,#4466));
#4468=FACE_OUTER_BOUND('',#4467,.T.);
#4469=CARTESIAN_POINT('',(337.,-82.62664,336.91602));
#4470=DIRECTION('',(0.,-0.45399,-0.89101));
#4471=DIRECTION('',(0.,-0.89101,0.45399));
#4472=AXIS2_PLACEMENT_3D('',#4469,#4470,#4471);
#4473=PLANE('',#4472);
#4474=ADVANCED_FACE('',(#4468),#4473,.T.);
#4475=CARTESIAN_POINT('',(337.,-86.87664,340.00383));
#4476=VERTEX_POINT('',#4475);
#4477=DIRECTION('',(0.,-0.70711,0.70711));
#4478=VECTOR('',#4477,2.65939);
#4479=LINE('',#4447,#4478);
#4480=EDGE_CURVE('',#4448,#4476,#4479,.T.);
#4481=ORIENTED_EDGE('',*,*,#4480,.T.);
#4482=CARTESIAN_POINT('',(330.,-86.87664,340.00383));
#4483=VERTEX_POINT('',#4482);
#4484=DIRECTION('',(-1.,0.,0.));
#4485=VECTOR('',#4484,7.);
#4486=LINE('',#4475,#4485);
#4487=EDGE_CURVE('',#4476,#4483,#4486,.T.);
#4488=ORIENTED_EDGE('',*,*,#4487,.T.);
#4489=DIRECTION('',(0.,-0.70711,0.70711));
#4490=VECTOR('',#4489,2.65939);
#4491=LINE('',#4454,#4490);
#4492=EDGE_CURVE('',#4455,#4483,#4491,.T.);
#4493=ORIENTED_EDGE('',*,*,#4492,.F.);
#4494=ORIENTED_EDGE('',*,*,#4459,.F.);
#4495=EDGE_LOOP('',(#4481,#4488,#4493,#4494));
#4496=FACE_OUTER_BOUND('',#4495,.T.);
#4497=CARTESIAN_POINT('',(337.,-84.99617,338.12336));
#4498=DIRECTION('',(0.,-0.70711,-0.70711));
#4499=DIRECTION('',(0.,-0.70711,0.70711));
#4500=AXIS2_PLACEMENT_3D('',#4497,#4498,#4499);
#4501=PLANE('',#4500);
#4502=ADVANCED_FACE('',(#4496),#4501,.T.);
#4503=CARTESIAN_POINT('',(337.,-88.08398,342.37336));
#4504=VERTEX_POINT('',#4503);
#4505=DIRECTION('',(0.,-0.45399,0.89101));
#4506=VECTOR('',#4505,2.65939);
#4507=LINE('',#4475,#4506);
#4508=EDGE_CURVE('',#4476,#4504,#4507,.T.);
#4509=ORIENTED_EDGE('',*,*,#4508,.T.);
#4510=CARTESIAN_POINT('',(330.,-88.08398,342.37336));
#4511=VERTEX_POINT('',#4510);
#4512=DIRECTION('',(-1.,0.,0.));
#4513=VECTOR('',#4512,7.);
#4514=LINE('',#4503,#4513);
#4515=EDGE_CURVE('',#4504,#4511,#4514,.T.);
#4516=ORIENTED_EDGE('',*,*,#4515,.T.);
#4517=DIRECTION('',(0.,-0.45399,0.89101));
#4518=VECTOR('',#4517,2.65939);
#4519=LINE('',#4482,#4518);
#4520=EDGE_CURVE('',#4483,#4511,#4519,.T.);
#4521=ORIENTED_EDGE('',*,*,#4520,.F.);
#4522=ORIENTED_EDGE('',*,*,#4487,.F.);
#4523=EDGE_LOOP('',(#4509,#4516,#4521,#4522));
#4524=FACE_OUTER_BOUND('',#4523,.T.);
#4525=CARTESIAN_POINT('',(337.,-86.87664,340.00383));
#4526=DIRECTION('',(0.,-0.89101,-0.45399));
#4527=DIRECTION('',(0.,-0.45399,0.89101));
#4528=AXIS2_PLACEMENT_3D('',#4525,#4526,#4527);
#4529=PLANE('',#4528);
#4530=ADVANCED_FACE('',(#4524),#4529,.T.);
#4531=CARTESIAN_POINT('',(337.,-88.5,345.));
#4532=VERTEX_POINT('',#4531);
#4533=DIRECTION('',(0.,-0.15643,0.98769));
#4534=VECTOR('',#4533,2.65939);
#4535=LINE('',#4503,#4534);
#4536=EDGE_CURVE('',#4504,#4532,#4535,.T.);
#4537=ORIENTED_EDGE('',*,*,#4536,.T.);
#4538=CARTESIAN_POINT('',(330.,-88.5,345.));
#4539=VERTEX_POINT('',#4538);
#4540=DIRECTION('',(-1.,0.,0.));
#4541=VECTOR('',#4540,7.);
#4542=LINE('',#4531,#4541);
#4543=EDGE_CURVE('',#4532,#4539,#4542,.T.);
#4544=ORIENTED_EDGE('',*,*,#4543,.T.);
#4545=DIRECTION('',(0.,-0.15643,0.98769));
#4546=VECTOR('',#4545,2.65939);
#4547=LINE('',#4510,#4546);
#4548=EDGE_CURVE('',#4511,#4539,#4547,.T.);
#4549=ORIENTED_EDGE('',*,*,#4548,.F.);
#4550=ORIENTED_EDGE('',*,*,#4515,.F.);
#4551=EDGE_LOOP('',(#4537,#4544,#4549,#4550));
#4552=FACE_OUTER_BOUND('',#4551,.T.);
#4553=CARTESIAN_POINT('',(337.,-88.08398,342.37336));
#4554=DIRECTION('',(0.,-0.98769,-0.15643));
#4555=DIRECTION('',(0.,-0.15643,0.98769));
#4556=AXIS2_PLACEMENT_3D('',#4553,#4554,#4555);
#4557=PLANE('',#4556);
#4558=ADVANCED_FACE('',(#4552),#4557,.T.);
#4559=CARTESIAN_POINT('',(337.,-88.08398,347.62664));
#4560=VERTEX_POINT('',#4559);
#4561=DIRECTION('',(0.,0.15643,0.98769));
#4562=VECTOR('',#4561,2.65939);
#4563=LINE('',#4531,#4562);
#4564=EDGE_CURVE('',#4532,#4560,#4563,.T.);
#4565=ORIENTED_EDGE('',*,*,#4564,.T.);
#4566=CARTESIAN_POINT('',(330.,-88.08398,347.62664));
#4567=VERTEX_POINT('',#4566);
#4568=DIRECTION('',(-1.,0.,0.));
#4569=VECTOR('',#4568,7.);
#4570=LINE('',#4559,#4569);
#4571=EDGE_CURVE('',#4560,#4567,#4570,.T.);
#4572=ORIENTED_EDGE('',*,*,#4571,.T.);
#4573=DIRECTION('',(0.,0.15643,0.98769));
#4574=VECTOR('',#4573,2.65939);
#4575=LINE('',#4538,#4574);
#4576=EDGE_CURVE('',#4539,#4567,#4575,.T.);
#4577=ORIENTED_EDGE('',*,*,#4576,.F.);
#4578=ORIENTED_EDGE('',*,*,#4543,.F.);
#4579=EDGE_LOOP('',(#4565,#4572,#4577,#4578));
#4580=FACE_OUTER_BOUND('',#4579,.T.);
#4581=CARTESIAN_POINT('',(337.,-88.5,345.));
#4582=DIRECTION('',(0.,-0.98769,0.15643));
#4583=DIRECTION('',(0.,0.15643,0.98769));
#4584=AXIS2_PLACEMENT_3D('',#4581,#4582,#4583);
#4585=PLANE('',#4584);
#4586=ADVANCED_FACE('',(#4580),#4585,.T.);
#4587=CARTESIAN_POINT('',(337.,-86.87664,349.99617));
#4588=VERTEX_POINT('',#4587);
#4589=DIRECTION('',(0.,0.45399,0.89101));
#4590=VECTOR('',#4589,2.65939);
#4591=LINE('',#4559,#4590);
#4592=EDGE_CURVE('',#4560,#4588,#4591,.T.);
#4593=ORIENTED_EDGE('',*,*,#4592,.T.);
#4594=CARTESIAN_POINT('',(330.,-86.87664,349.99617));
#4595=VERTEX_POINT('',#4594);
#4596=DIRECTION('',(-1.,0.,0.));
#4597=VECTOR('',#4596,7.);
#4598=LINE('',#4587,#4597);
#4599=EDGE_CURVE('',#4588,#4595,#4598,.T.);
#4600=ORIENTED_EDGE('',*,*,#4599,.T.);
#4601=DIRECTION('',(0.,0.45399,0.89101));
#4602=VECTOR('',#4601,2.65939);
#4603=LINE('',#4566,#4602);
#4604=EDGE_CURVE('',#4567,#4595,#4603,.T.);
#4605=ORIENTED_EDGE('',*,*,#4604,.F.);
#4606=ORIENTED_EDGE('',*,*,#4571,.F.);
#4607=EDGE_LOOP('',(#4593,#4600,#4605,#4606));
#4608=FACE_OUTER_BOUND('',#4607,.T.);
#4609=CARTESIAN_POINT('',(337.,-88.08398,347.62664));
#4610=DIRECTION('',(0.,-0.89101,0.45399));
#4611=DIRECTION('',(0.,0.45399,0.89101));
#4612=AXIS2_PLACEMENT_3D('',#4609,#4610,#4611);
#4613=PLANE('',#4612);
#4614=ADVANCED_FACE('',(#4608),#4613,.T.);
#4615=CARTESIAN_POINT('',(337.,-84.99617,351.87664));
#4616=VERTEX_POINT('',#4615);
#4617=DIRECTION('',(0.,0.70711,0.70711));
#4618=VECTOR('',#4617,2.65939);
#4619=LINE('',#4587,#4618);
#4620=EDGE_CURVE('',#4588,#4616,#4619,.T.);
#4621=ORIENTED_EDGE('',*,*,#4620,.T.);
#4622=CARTESIAN_POINT('',(330.,-84.99617,351.87664));
#4623=VERTEX_POINT('',#4622);
#4624=DIRECTION('',(-1.,0.,0.));
#4625=VECTOR('',#4624,7.);
#4626=LINE('',#4615,#4625);
#4627=EDGE_CURVE('',#4616,#4623,#4626,.T.);
#4628=ORIENTED_EDGE('',*,*,#4627,.T.);
#4629=DIRECTION('',(0.,0.70711,0.70711));
#4630=VECTOR('',#4629,2.65939);
#4631=LINE('',#4594,#4630);
#4632=EDGE_CURVE('',#4595,#4623,#4631,.T.);
#4633=ORIENTED_EDGE('',*,*,#4632,.F.);
#4634=ORIENTED_EDGE('',*,*,#4599,.F.);
#4635=EDGE_LOOP('',(#4621,#4628,#4633,#4634));
#4636=FACE_OUTER_BOUND('',#4635,.T.);
#4637=CARTESIAN_POINT('',(337.,-86.87664,349.99617));
#4638=DIRECTION('',(0.,-0.70711,0.70711));
#4639=DIRECTION('',(0.,0.70711,0.70711));
#4640=AXIS2_PLACEMENT_3D('',#4637,#4638,#4639);
#4641=PLANE('',#4640);
#4642=ADVANCED_FACE('',(#4636),#4641,.T.);
#4643=CARTESIAN_POINT('',(337.,-82.62664,353.08398));
#4644=VERTEX_POINT('',#4643);
#4645=DIRECTION('',(0.,0.89101,0.45399));
#4646=VECTOR('',#4645,2.65939);
#4647=LINE('',#4615,#4646);
#4648=EDGE_CURVE('',#4616,#4644,#4647,.T.);
#4649=ORIENTED_EDGE('',*,*,#4648,.T.);
#4650=CARTESIAN_POINT('',(330.,-82.62664,353.08398));
#4651=VERTEX_POINT('',#4650);
#4652=DIRECTION('',(-1.,0.,0.));
#4653=VECTOR('',#4652,7.);
#4654=LINE('',#4643,#4653);
#4655=EDGE_CURVE('',#4644,#4651,#4654,.T.);
#4656=ORIENTED_EDGE('',*,*,#4655,.T.);
#4657=DIRECTION('',(0.,0.89101,0.45399));
#4658=VECTOR('',#4657,2.65939);
#4659=LINE('',#4622,#4658);
#4660=EDGE_CURVE('',#4623,#4651,#4659,.T.);
#4661=ORIENTED_EDGE('',*,*,#4660,.F.);
#4662=ORIENTED_EDGE('',*,*,#4627,.F.);
#4663=EDGE_LOOP('',(#4649,#4656,#4661,#4662));
#4664=FACE_OUTER_BOUND('',#4663,.T.);
#4665=CARTESIAN_POINT('',(337.,-84.99617,351.87664));
#4666=DIRECTION('',(0.,-0.45399,0.89101));
#4667=DIRECTION('',(0.,0.89101,0.45399));
#4668=AXIS2_PLACEMENT_3D('',#4665,#4666,#4667);
#4669=PLANE('',#4668);
#4670=ADVANCED_FACE('',(#4664),#4669,.T.);
#4671=DIRECTION('',(0.,-0.98769,-0.15643));
#4672=VECTOR('',#4671,2.65939);
#4673=LINE('',#4131,#4672);
#4674=EDGE_CURVE('',#4132,#4644,#4673,.T.);
#4675=ORIENTED_EDGE('',*,*,#4674,.F.);
#4676=ORIENTED_EDGE('',*,*,#4157,.T.);
#4677=DIRECTION('',(0.,-0.98769,-0.15643));
#4678=VECTOR('',#4677,2.65939);
#4679=LINE('',#4147,#4678);
#4680=EDGE_CURVE('',#4148,#4651,#4679,.T.);
#4681=ORIENTED_EDGE('',*,*,#4680,.T.);
#4682=ORIENTED_EDGE('',*,*,#4655,.F.);
#4683=EDGE_LOOP('',(#4675,#4676,#4681,#4682));
#4684=FACE_OUTER_BOUND('',#4683,.T.);
#4685=CARTESIAN_POINT('',(337.,-82.62664,353.08398));
#4686=DIRECTION('',(0.,-0.15643,0.98769));
#4687=DIRECTION('',(0.,0.98769,0.15643));
#4688=AXIS2_PLACEMENT_3D('',#4685,#4686,#4687);
#4689=PLANE('',#4688);
#4690=ADVANCED_FACE('',(#4684),#4689,.T.);
#4691=ORIENTED_EDGE('',*,*,#4648,.F.);
#4692=ORIENTED_EDGE('',*,*,#4620,.F.);
#4693=ORIENTED_EDGE('',*,*,#4592,.F.);
#4694=ORIENTED_EDGE('',*,*,#4564,.F.);
#4695=ORIENTED_EDGE('',*,*,#4536,.F.);
#4696=ORIENTED_EDGE('',*,*,#4508,.F.);
#4697=ORIENTED_EDGE('',*,*,#4480,.F.);
#4698=ORIENTED_EDGE('',*,*,#4452,.F.);
#4699=ORIENTED_EDGE('',*,*,#4424,.F.);
#4700=ORIENTED_EDGE('',*,*,#4396,.F.);
#4701=ORIENTED_EDGE('',*,*,#4368,.F.);
#4702=ORIENTED_EDGE('',*,*,#4340,.F.);
#4703=ORIENTED_EDGE('',*,*,#4312,.F.);
#4704=ORIENTED_EDGE('',*,*,#4284,.F.);
#4705=ORIENTED_EDGE('',*,*,#4256,.F.);
#4706=ORIENTED_EDGE('',*,*,#4228,.F.);
#4707=ORIENTED_EDGE('',*,*,#4200,.F.);
#4708=ORIENTED_EDGE('',*,*,#4172,.F.);
#4709=ORIENTED_EDGE('',*,*,#4138,.F.);
#4710=ORIENTED_EDGE('',*,*,#4674,.T.);
#4711=EDGE_LOOP('',(#4691,#4692,#4693,#4694,#4695,#4696,#4697,#4698,#4699,#4700,#4701,#4702,#4703,#4704,#4705,#4706,#4707,#4708,#4709,#4710));
#4712=FACE_OUTER_BOUND('',#4711,.T.);
#4713=CARTESIAN_POINT('',(337.,-82.62664,353.08398));
#4714=DIRECTION('',(1.,0.,0.));
#4715=DIRECTION('',(0.,-0.89101,-0.45399));
#4716=AXIS2_PLACEMENT_3D('',#4713,#4714,#4715);
#4717=PLANE('',#4716);
#4718=ADVANCED_FACE('',(#4712),#4717,.T.);
#4719=ORIENTED_EDGE('',*,*,#4152,.T.);
#4720=ORIENTED_EDGE('',*,*,#4184,.T.);
#4721=ORIENTED_EDGE('',*,*,#4212,.T.);
#4722=ORIENTED_EDGE('',*,*,#4240,.T.);
#4723=ORIENTED_EDGE('',*,*,#4268,.T.);
#4724=ORIENTED_EDGE('',*,*,#4296,.T.);
#4725=ORIENTED_EDGE('',*,*,#4324,.T.);
#4726=ORIENTED_EDGE('',*,*,#4352,.T.);
#4727=ORIENTED_EDGE('',*,*,#4380,.T.);
#4728=ORIENTED_EDGE('',*,*,#4408,.T.);
#4729=ORIENTED_EDGE('',*,*,#4436,.T.);
#4730=ORIENTED_EDGE('',*,*,#4464,.T.);
#4731=ORIENTED_EDGE('',*,*,#4492,.T.);
#4732=ORIENTED_EDGE('',*,*,#4520,.T.);
#4733=ORIENTED_EDGE('',*,*,#4548,.T.);
#4734=ORIENTED_EDGE('',*,*,#4576,.T.);
#4735=ORIENTED_EDGE('',*,*,#4604,.T.);
#4736=ORIENTED_EDGE('',*,*,#4632,.T.);
#4737=ORIENTED_EDGE('',*,*,#4660,.T.);
#4738=ORIENTED_EDGE('',*,*,#4680,.F.);
#4739=EDGE_LOOP('',(#4719,#4720,#4721,#4722,#4723,#4724,#4725,#4726,#4727,#4728,#4729,#4730,#4731,#4732,#4733,#4734,#4735,#4736,#4737,#4738));
#4740=FACE_OUTER_BOUND('',#4739,.T.);
#4741=CARTESIAN_POINT('',(330.,-80.,353.5));
#4742=DIRECTION('',(-1.,0.,0.));
#4743=DIRECTION('',(0.,0.98769,-0.15643));
#4744=AXIS2_PLACEMENT_3D('',#4741,#4742,#4743);
#4745=PLANE('',#4744);
#4746=ADVANCED_FACE('',(#4740),#4745,.T.);
#4747=CLOSED_SHELL('',(#4166,#4194,#4222,#4250,#4278,#4306,#4334,#4362,#4390,#4418,#4446,#4474,#4502,#4530,#4558,#4586,#4614,#4642,#4670,#4690,#4718,#4746));
#4748=MANIFOLD_SOLID_BREP('',#4747);
#4749=STYLED_ITEM('color',(#3930),#4748);
#4750=CARTESIAN_POINT('',(345.,-33.64915,356.));
#4751=VERTEX_POINT('',#4750);
#4752=CARTESIAN_POINT('',(345.,-27.29829,345.));
#4753=VERTEX_POINT('',#4752);
#4754=DIRECTION('',(0.,0.5,-0.86603));
#4755=VECTOR('',#4754,12.70171);
#4756=LINE('',#4750,#4755);
#4757=EDGE_CURVE('',#4751,#4753,#4756,.T.);
#4758=ORIENTED_EDGE('',*,*,#4757,.T.);
#4759=CARTESIAN_POINT('',(337.,-27.29829,345.));
#4760=VERTEX_POINT('',#4759);
#4761=DIRECTION('',(-1.,0.,0.));
#4762=VECTOR('',#4761,8.);
#4763=LINE('',#4752,#4762);
#4764=EDGE_CURVE('',#4753,#4760,#4763,.T.);
#4765=ORIENTED_EDGE('',*,*,#4764,.T.);
#4766=CARTESIAN_POINT('',(337.,-33.64915,356.));
#4767=VERTEX_POINT('',#4766);
#4768=DIRECTION('',(0.,0.5,-0.86603));
#4769=VECTOR('',#4768,12.70171);
#4770=LINE('',#4766,#4769);
#4771=EDGE_CURVE('',#4767,#4760,#4770,.T.);
#4772=ORIENTED_EDGE('',*,*,#4771,.F.);
#4773=DIRECTION('',(-1.,0.,0.));
#4774=VECTOR('',#4773,8.);
#4775=LINE('',#4750,#4774);
#4776=EDGE_CURVE('',#4751,#4767,#4775,.T.);
#4777=ORIENTED_EDGE('',*,*,#4776,.F.);
#4778=EDGE_LOOP('',(#4758,#4765,#4772,#4777));
#4779=FACE_OUTER_BOUND('',#4778,.T.);
#4780=CARTESIAN_POINT('',(345.,-33.64915,356.));
#4781=DIRECTION('',(0.,0.86603,0.5));
#4782=DIRECTION('',(0.,0.5,-0.86603));
#4783=AXIS2_PLACEMENT_3D('',#4780,#4781,#4782);
#4784=PLANE('',#4783);
#4785=ADVANCED_FACE('',(#4779),#4784,.T.);
#4786=CARTESIAN_POINT('',(345.,-33.64915,334.));
#4787=VERTEX_POINT('',#4786);
#4788=DIRECTION('',(0.,-0.5,-0.86603));
#4789=VECTOR('',#4788,12.70171);
#4790=LINE('',#4752,#4789);
#4791=EDGE_CURVE('',#4753,#4787,#4790,.T.);
#4792=ORIENTED_EDGE('',*,*,#4791,.T.);
#4793=CARTESIAN_POINT('',(337.,-33.64915,334.));
#4794=VERTEX_POINT('',#4793);
#4795=DIRECTION('',(-1.,0.,0.));
#4796=VECTOR('',#4795,8.);
#4797=LINE('',#4786,#4796);
#4798=EDGE_CURVE('',#4787,#4794,#4797,.T.);
#4799=ORIENTED_EDGE('',*,*,#4798,.T.);
#4800=DIRECTION('',(0.,-0.5,-0.86603));
#4801=VECTOR('',#4800,12.70171);
#4802=LINE('',#4759,#4801);
#4803=EDGE_CURVE('',#4760,#4794,#4802,.T.);
#4804=ORIENTED_EDGE('',*,*,#4803,.F.);
#4805=ORIENTED_EDGE('',*,*,#4764,.F.);
#4806=EDGE_LOOP('',(#4792,#4799,#4804,#4805));
#4807=FACE_OUTER_BOUND('',#4806,.T.);
#4808=CARTESIAN_POINT('',(345.,-27.29829,345.));
#4809=DIRECTION('',(0.,0.86603,-0.5));
#4810=DIRECTION('',(0.,-0.5,-0.86603));
#4811=AXIS2_PLACEMENT_3D('',#4808,#4809,#4810);
#4812=PLANE('',#4811);
#4813=ADVANCED_FACE('',(#4807),#4812,.T.);
#4814=CARTESIAN_POINT('',(345.,-46.35085,334.));
#4815=VERTEX_POINT('',#4814);
#4816=DIRECTION('',(0.,-1.,0.));
#4817=VECTOR('',#4816,12.70171);
#4818=LINE('',#4786,#4817);
#4819=EDGE_CURVE('',#4787,#4815,#4818,.T.);
#4820=ORIENTED_EDGE('',*,*,#4819,.T.);
#4821=CARTESIAN_POINT('',(337.,-46.35085,334.));
#4822=VERTEX_POINT('',#4821);
#4823=DIRECTION('',(-1.,0.,0.));
#4824=VECTOR('',#4823,8.);
#4825=LINE('',#4814,#4824);
#4826=EDGE_CURVE('',#4815,#4822,#4825,.T.);
#4827=ORIENTED_EDGE('',*,*,#4826,.T.);
#4828=DIRECTION('',(0.,-1.,0.));
#4829=VECTOR('',#4828,12.70171);
#4830=LINE('',#4793,#4829);
#4831=EDGE_CURVE('',#4794,#4822,#4830,.T.);
#4832=ORIENTED_EDGE('',*,*,#4831,.F.);
#4833=ORIENTED_EDGE('',*,*,#4798,.F.);
#4834=EDGE_LOOP('',(#4820,#4827,#4832,#4833));
#4835=FACE_OUTER_BOUND('',#4834,.T.);
#4836=CARTESIAN_POINT('',(345.,-33.64915,334.));
#4837=DIRECTION('',(0.,0.,-1.));
#4838=DIRECTION('',(0.,-1.,0.));
#4839=AXIS2_PLACEMENT_3D('',#4836,#4837,#4838);
#4840=PLANE('',#4839);
#4841=ADVANCED_FACE('',(#4835),#4840,.T.);
#4842=CARTESIAN_POINT('',(345.,-52.70171,345.));
#4843=VERTEX_POINT('',#4842);
#4844=DIRECTION('',(0.,-0.5,0.86603));
#4845=VECTOR('',#4844,12.70171);
#4846=LINE('',#4814,#4845);
#4847=EDGE_CURVE('',#4815,#4843,#4846,.T.);
#4848=ORIENTED_EDGE('',*,*,#4847,.T.);
#4849=CARTESIAN_POINT('',(337.,-52.70171,345.));
#4850=VERTEX_POINT('',#4849);
#4851=DIRECTION('',(-1.,0.,0.));
#4852=VECTOR('',#4851,8.);
#4853=LINE('',#4842,#4852);
#4854=EDGE_CURVE('',#4843,#4850,#4853,.T.);
#4855=ORIENTED_EDGE('',*,*,#4854,.T.);
#4856=DIRECTION('',(0.,-0.5,0.86603));
#4857=VECTOR('',#4856,12.70171);
#4858=LINE('',#4821,#4857);
#4859=EDGE_CURVE('',#4822,#4850,#4858,.T.);
#4860=ORIENTED_EDGE('',*,*,#4859,.F.);
#4861=ORIENTED_EDGE('',*,*,#4826,.F.);
#4862=EDGE_LOOP('',(#4848,#4855,#4860,#4861));
#4863=FACE_OUTER_BOUND('',#4862,.T.);
#4864=CARTESIAN_POINT('',(345.,-46.35085,334.));
#4865=DIRECTION('',(0.,-0.86603,-0.5));
#4866=DIRECTION('',(0.,-0.5,0.86603));
#4867=AXIS2_PLACEMENT_3D('',#4864,#4865,#4866);
#4868=PLANE('',#4867);
#4869=ADVANCED_FACE('',(#4863),#4868,.T.);
#4870=CARTESIAN_POINT('',(345.,-46.35085,356.));
#4871=VERTEX_POINT('',#4870);
#4872=DIRECTION('',(0.,0.5,0.86603));
#4873=VECTOR('',#4872,12.70171);
#4874=LINE('',#4842,#4873);
#4875=EDGE_CURVE('',#4843,#4871,#4874,.T.);
#4876=ORIENTED_EDGE('',*,*,#4875,.T.);
#4877=CARTESIAN_POINT('',(337.,-46.35085,356.));
#4878=VERTEX_POINT('',#4877);
#4879=DIRECTION('',(-1.,0.,0.));
#4880=VECTOR('',#4879,8.);
#4881=LINE('',#4870,#4880);
#4882=EDGE_CURVE('',#4871,#4878,#4881,.T.);
#4883=ORIENTED_EDGE('',*,*,#4882,.T.);
#4884=DIRECTION('',(0.,0.5,0.86603));
#4885=VECTOR('',#4884,12.70171);
#4886=LINE('',#4849,#4885);
#4887=EDGE_CURVE('',#4850,#4878,#4886,.T.);
#4888=ORIENTED_EDGE('',*,*,#4887,.F.);
#4889=ORIENTED_EDGE('',*,*,#4854,.F.);
#4890=EDGE_LOOP('',(#4876,#4883,#4888,#4889));
#4891=FACE_OUTER_BOUND('',#4890,.T.);
#4892=CARTESIAN_POINT('',(345.,-52.70171,345.));
#4893=DIRECTION('',(0.,-0.86603,0.5));
#4894=DIRECTION('',(0.,0.5,0.86603));
#4895=AXIS2_PLACEMENT_3D('',#4892,#4893,#4894);
#4896=PLANE('',#4895);
#4897=ADVANCED_FACE('',(#4891),#4896,.T.);
#4898=DIRECTION('',(0.,-1.,0.));
#4899=VECTOR('',#4898,12.70171);
#4900=LINE('',#4750,#4899);
#4901=EDGE_CURVE('',#4751,#4871,#4900,.T.);
#4902=ORIENTED_EDGE('',*,*,#4901,.F.);
#4903=ORIENTED_EDGE('',*,*,#4776,.T.);
#4904=DIRECTION('',(0.,-1.,0.));
#4905=VECTOR('',#4904,12.70171);
#4906=LINE('',#4766,#4905);
#4907=EDGE_CURVE('',#4767,#4878,#4906,.T.);
#4908=ORIENTED_EDGE('',*,*,#4907,.T.);
#4909=ORIENTED_EDGE('',*,*,#4882,.F.);
#4910=EDGE_LOOP('',(#4902,#4903,#4908,#4909));
#4911=FACE_OUTER_BOUND('',#4910,.T.);
#4912=CARTESIAN_POINT('',(345.,-46.35085,356.));
#4913=DIRECTION('',(0.,0.,1.));
#4914=DIRECTION('',(0.,1.,0.));
#4915=AXIS2_PLACEMENT_3D('',#4912,#4913,#4914);
#4916=PLANE('',#4915);
#4917=ADVANCED_FACE('',(#4911),#4916,.T.);
#4918=ORIENTED_EDGE('',*,*,#4875,.F.);
#4919=ORIENTED_EDGE('',*,*,#4847,.F.);
#4920=ORIENTED_EDGE('',*,*,#4819,.F.);
#4921=ORIENTED_EDGE('',*,*,#4791,.F.);
#4922=ORIENTED_EDGE('',*,*,#4757,.F.);
#4923=ORIENTED_EDGE('',*,*,#4901,.T.);
#4924=EDGE_LOOP('',(#4918,#4919,#4920,#4921,#4922,#4923));
#4925=FACE_OUTER_BOUND('',#4924,.T.);
#4926=CARTESIAN_POINT('',(345.,-46.35085,356.));
#4927=DIRECTION('',(1.,0.,0.));
#4928=DIRECTION('',(0.,-0.5,-0.86603));
#4929=AXIS2_PLACEMENT_3D('',#4926,#4927,#4928);
#4930=PLANE('',#4929);
#4931=ADVANCED_FACE('',(#4925),#4930,.T.);
#4932=ORIENTED_EDGE('',*,*,#4771,.T.);
#4933=ORIENTED_EDGE('',*,*,#4803,.T.);
#4934=ORIENTED_EDGE('',*,*,#4831,.T.);
#4935=ORIENTED_EDGE('',*,*,#4859,.T.);
#4936=ORIENTED_EDGE('',*,*,#4887,.T.);
#4937=ORIENTED_EDGE('',*,*,#4907,.F.);
#4938=EDGE_LOOP('',(#4932,#4933,#4934,#4935,#4936,#4937));
#4939=FACE_OUTER_BOUND('',#4938,.T.);
#4940=CARTESIAN_POINT('',(337.,-33.64915,356.));
#4941=DIRECTION('',(-1.,0.,0.));
#4942=DIRECTION('',(0.,0.5,-0.86603));
#4943=AXIS2_PLACEMENT_3D('',#4940,#4941,#4942);
#4944=PLANE('',#4943);
#4945=ADVANCED_FACE('',(#4939),#4944,.T.);
#4946=CLOSED_SHELL('',(#4785,#4813,#4841,#4869,#4897,#4917,#4931,#4945));
#4947=MANIFOLD_SOLID_BREP('',#4946);
#4948=STYLED_ITEM('color',(#3930),#4947);
#4949=CARTESIAN_POINT('',(337.,-40.,353.5));
#4950=VERTEX_POINT('',#4949);
#4951=CARTESIAN_POINT('',(337.,-37.37336,353.08398));
#4952=VERTEX_POINT('',#4951);
#4953=DIRECTION('',(0.,0.98769,-0.15643));
#4954=VECTOR('',#4953,2.65939);
#4955=LINE('',#4949,#4954);
#4956=EDGE_CURVE('',#4950,#4952,#4955,.T.);
#4957=ORIENTED_EDGE('',*,*,#4956,.T.);
#4958=CARTESIAN_POINT('',(330.,-37.37336,353.08398));
#4959=VERTEX_POINT('',#4958);
#4960=DIRECTION('',(-1.,0.,0.));
#4961=VECTOR('',#4960,7.);
#4962=LINE('',#4951,#4961);
#4963=EDGE_CURVE('',#4952,#4959,#4962,.T.);
#4964=ORIENTED_EDGE('',*,*,#4963,.T.);
#4965=CARTESIAN_POINT('',(330.,-40.,353.5));
#4966=VERTEX_POINT('',#4965);
#4967=DIRECTION('',(0.,0.98769,-0.15643));
#4968=VECTOR('',#4967,2.65939);
#4969=LINE('',#4965,#4968);
#4970=EDGE_CURVE('',#4966,#4959,#4969,.T.);
#4971=ORIENTED_EDGE('',*,*,#4970,.F.);
#4972=DIRECTION('',(-1.,0.,0.));
#4973=VECTOR('',#4972,7.);
#4974=LINE('',#4949,#4973);
#4975=EDGE_CURVE('',#4950,#4966,#4974,.T.);
#4976=ORIENTED_EDGE('',*,*,#4975,.F.);
#4977=EDGE_LOOP('',(#4957,#4964,#4971,#4976));
#4978=FACE_OUTER_BOUND('',#4977,.T.);
#4979=CARTESIAN_POINT('',(337.,-40.,353.5));
#4980=DIRECTION('',(0.,0.15643,0.98769));
#4981=DIRECTION('',(0.,0.98769,-0.15643));
#4982=AXIS2_PLACEMENT_3D('',#4979,#4980,#4981);
#4983=PLANE('',#4982);
#4984=ADVANCED_FACE('',(#4978),#4983,.T.);
#4985=CARTESIAN_POINT('',(337.,-35.00383,351.87664));
#4986=VERTEX_POINT('',#4985);
#4987=DIRECTION('',(0.,0.89101,-0.45399));
#4988=VECTOR('',#4987,2.65939);
#4989=LINE('',#4951,#4988);
#4990=EDGE_CURVE('',#4952,#4986,#4989,.T.);
#4991=ORIENTED_EDGE('',*,*,#4990,.T.);
#4992=CARTESIAN_POINT('',(330.,-35.00383,351.87664));
#4993=VERTEX_POINT('',#4992);
#4994=DIRECTION('',(-1.,0.,0.));
#4995=VECTOR('',#4994,7.);
#4996=LINE('',#4985,#4995);
#4997=EDGE_CURVE('',#4986,#4993,#4996,.T.);
#4998=ORIENTED_EDGE('',*,*,#4997,.T.);
#4999=DIRECTION('',(0.,0.89101,-0.45399));
#5000=VECTOR('',#4999,2.65939);
#5001=LINE('',#4958,#5000);
#5002=EDGE_CURVE('',#4959,#4993,#5001,.T.);
#5003=ORIENTED_EDGE('',*,*,#5002,.F.);
#5004=ORIENTED_EDGE('',*,*,#4963,.F.);
#5005=EDGE_LOOP('',(#4991,#4998,#5003,#5004));
#5006=FACE_OUTER_BOUND('',#5005,.T.);
#5007=CARTESIAN_POINT('',(337.,-37.37336,353.08398));
#5008=DIRECTION('',(0.,0.45399,0.89101));
#5009=DIRECTION('',(0.,0.89101,-0.45399));
#5010=AXIS2_PLACEMENT_3D('',#5007,#5008,#5009);
#5011=PLANE('',#5010);
#5012=ADVANCED_FACE('',(#5006),#5011,.T.);
#5013=CARTESIAN_POINT('',(337.,-33.12336,349.99617));
#5014=VERTEX_POINT('',#5013);
#5015=DIRECTION('',(0.,0.70711,-0.70711));
#5016=VECTOR('',#5015,2.65939);
#5017=LINE('',#4985,#5016);
#5018=EDGE_CURVE('',#4986,#5014,#5017,.T.);
#5019=ORIENTED_EDGE('',*,*,#5018,.T.);
#5020=CARTESIAN_POINT('',(330.,-33.12336,349.99617));
#5021=VERTEX_POINT('',#5020);
#5022=DIRECTION('',(-1.,0.,0.));
#5023=VECTOR('',#5022,7.);
#5024=LINE('',#5013,#5023);
#5025=EDGE_CURVE('',#5014,#5021,#5024,.T.);
#5026=ORIENTED_EDGE('',*,*,#5025,.T.);
#5027=DIRECTION('',(0.,0.70711,-0.70711));
#5028=VECTOR('',#5027,2.65939);
#5029=LINE('',#4992,#5028);
#5030=EDGE_CURVE('',#4993,#5021,#5029,.T.);
#5031=ORIENTED_EDGE('',*,*,#5030,.F.);
#5032=ORIENTED_EDGE('',*,*,#4997,.F.);
#5033=EDGE_LOOP('',(#5019,#5026,#5031,#5032));
#5034=FACE_OUTER_BOUND('',#5033,.T.);
#5035=CARTESIAN_POINT('',(337.,-35.00383,351.87664));
#5036=DIRECTION('',(0.,0.70711,0.70711));
#5037=DIRECTION('',(0.,0.70711,-0.70711));
#5038=AXIS2_PLACEMENT_3D('',#5035,#5036,#5037);
#5039=PLANE('',#5038);
#5040=ADVANCED_FACE('',(#5034),#5039,.T.);
#5041=CARTESIAN_POINT('',(337.,-31.91602,347.62664));
#5042=VERTEX_POINT('',#5041);
#5043=DIRECTION('',(0.,0.45399,-0.89101));
#5044=VECTOR('',#5043,2.65939);
#5045=LINE('',#5013,#5044);
#5046=EDGE_CURVE('',#5014,#5042,#5045,.T.);
#5047=ORIENTED_EDGE('',*,*,#5046,.T.);
#5048=CARTESIAN_POINT('',(330.,-31.91602,347.62664));
#5049=VERTEX_POINT('',#5048);
#5050=DIRECTION('',(-1.,0.,0.));
#5051=VECTOR('',#5050,7.);
#5052=LINE('',#5041,#5051);
#5053=EDGE_CURVE('',#5042,#5049,#5052,.T.);
#5054=ORIENTED_EDGE('',*,*,#5053,.T.);
#5055=DIRECTION('',(0.,0.45399,-0.89101));
#5056=VECTOR('',#5055,2.65939);
#5057=LINE('',#5020,#5056);
#5058=EDGE_CURVE('',#5021,#5049,#5057,.T.);
#5059=ORIENTED_EDGE('',*,*,#5058,.F.);
#5060=ORIENTED_EDGE('',*,*,#5025,.F.);
#5061=EDGE_LOOP('',(#5047,#5054,#5059,#5060));
#5062=FACE_OUTER_BOUND('',#5061,.T.);
#5063=CARTESIAN_POINT('',(337.,-33.12336,349.99617));
#5064=DIRECTION('',(0.,0.89101,0.45399));
#5065=DIRECTION('',(0.,0.45399,-0.89101));
#5066=AXIS2_PLACEMENT_3D('',#5063,#5064,#5065);
#5067=PLANE('',#5066);
#5068=ADVANCED_FACE('',(#5062),#5067,.T.);
#5069=CARTESIAN_POINT('',(337.,-31.5,345.));
#5070=VERTEX_POINT('',#5069);
#5071=DIRECTION('',(0.,0.15643,-0.98769));
#5072=VECTOR('',#5071,2.65939);
#5073=LINE('',#5041,#5072);
#5074=EDGE_CURVE('',#5042,#5070,#5073,.T.);
#5075=ORIENTED_EDGE('',*,*,#5074,.T.);
#5076=CARTESIAN_POINT('',(330.,-31.5,345.));
#5077=VERTEX_POINT('',#5076);
#5078=DIRECTION('',(-1.,0.,0.));
#5079=VECTOR('',#5078,7.);
#5080=LINE('',#5069,#5079);
#5081=EDGE_CURVE('',#5070,#5077,#5080,.T.);
#5082=ORIENTED_EDGE('',*,*,#5081,.T.);
#5083=DIRECTION('',(0.,0.15643,-0.98769));
#5084=VECTOR('',#5083,2.65939);
#5085=LINE('',#5048,#5084);
#5086=EDGE_CURVE('',#5049,#5077,#5085,.T.);
#5087=ORIENTED_EDGE('',*,*,#5086,.F.);
#5088=ORIENTED_EDGE('',*,*,#5053,.F.);
#5089=EDGE_LOOP('',(#5075,#5082,#5087,#5088));
#5090=FACE_OUTER_BOUND('',#5089,.T.);
#5091=CARTESIAN_POINT('',(337.,-31.91602,347.62664));
#5092=DIRECTION('',(0.,0.98769,0.15643));
#5093=DIRECTION('',(0.,0.15643,-0.98769));
#5094=AXIS2_PLACEMENT_3D('',#5091,#5092,#5093);
#5095=PLANE('',#5094);
#5096=ADVANCED_FACE('',(#5090),#5095,.T.);
#5097=CARTESIAN_POINT('',(337.,-31.91602,342.37336));
#5098=VERTEX_POINT('',#5097);
#5099=DIRECTION('',(0.,-0.15643,-0.98769));
#5100=VECTOR('',#5099,2.65939);
#5101=LINE('',#5069,#5100);
#5102=EDGE_CURVE('',#5070,#5098,#5101,.T.);
#5103=ORIENTED_EDGE('',*,*,#5102,.T.);
#5104=CARTESIAN_POINT('',(330.,-31.91602,342.37336));
#5105=VERTEX_POINT('',#5104);
#5106=DIRECTION('',(-1.,0.,0.));
#5107=VECTOR('',#5106,7.);
#5108=LINE('',#5097,#5107);
#5109=EDGE_CURVE('',#5098,#5105,#5108,.T.);
#5110=ORIENTED_EDGE('',*,*,#5109,.T.);
#5111=DIRECTION('',(0.,-0.15643,-0.98769));
#5112=VECTOR('',#5111,2.65939);
#5113=LINE('',#5076,#5112);
#5114=EDGE_CURVE('',#5077,#5105,#5113,.T.);
#5115=ORIENTED_EDGE('',*,*,#5114,.F.);
#5116=ORIENTED_EDGE('',*,*,#5081,.F.);
#5117=EDGE_LOOP('',(#5103,#5110,#5115,#5116));
#5118=FACE_OUTER_BOUND('',#5117,.T.);
#5119=CARTESIAN_POINT('',(337.,-31.5,345.));
#5120=DIRECTION('',(0.,0.98769,-0.15643));
#5121=DIRECTION('',(0.,-0.15643,-0.98769));
#5122=AXIS2_PLACEMENT_3D('',#5119,#5120,#5121);
#5123=PLANE('',#5122);
#5124=ADVANCED_FACE('',(#5118),#5123,.T.);
#5125=CARTESIAN_POINT('',(337.,-33.12336,340.00383));
#5126=VERTEX_POINT('',#5125);
#5127=DIRECTION('',(0.,-0.45399,-0.89101));
#5128=VECTOR('',#5127,2.65939);
#5129=LINE('',#5097,#5128);
#5130=EDGE_CURVE('',#5098,#5126,#5129,.T.);
#5131=ORIENTED_EDGE('',*,*,#5130,.T.);
#5132=CARTESIAN_POINT('',(330.,-33.12336,340.00383));
#5133=VERTEX_POINT('',#5132);
#5134=DIRECTION('',(-1.,0.,0.));
#5135=VECTOR('',#5134,7.);
#5136=LINE('',#5125,#5135);
#5137=EDGE_CURVE('',#5126,#5133,#5136,.T.);
#5138=ORIENTED_EDGE('',*,*,#5137,.T.);
#5139=DIRECTION('',(0.,-0.45399,-0.89101));
#5140=VECTOR('',#5139,2.65939);
#5141=LINE('',#5104,#5140);
#5142=EDGE_CURVE('',#5105,#5133,#5141,.T.);
#5143=ORIENTED_EDGE('',*,*,#5142,.F.);
#5144=ORIENTED_EDGE('',*,*,#5109,.F.);
#5145=EDGE_LOOP('',(#5131,#5138,#5143,#5144));
#5146=FACE_OUTER_BOUND('',#5145,.T.);
#5147=CARTESIAN_POINT('',(337.,-31.91602,342.37336));
#5148=DIRECTION('',(0.,0.89101,-0.45399));
#5149=DIRECTION('',(0.,-0.45399,-0.89101));
#5150=AXIS2_PLACEMENT_3D('',#5147,#5148,#5149);
#5151=PLANE('',#5150);
#5152=ADVANCED_FACE('',(#5146),#5151,.T.);
#5153=CARTESIAN_POINT('',(337.,-35.00383,338.12336));
#5154=VERTEX_POINT('',#5153);
#5155=DIRECTION('',(0.,-0.70711,-0.70711));
#5156=VECTOR('',#5155,2.65939);
#5157=LINE('',#5125,#5156);
#5158=EDGE_CURVE('',#5126,#5154,#5157,.T.);
#5159=ORIENTED_EDGE('',*,*,#5158,.T.);
#5160=CARTESIAN_POINT('',(330.,-35.00383,338.12336));
#5161=VERTEX_POINT('',#5160);
#5162=DIRECTION('',(-1.,0.,0.));
#5163=VECTOR('',#5162,7.);
#5164=LINE('',#5153,#5163);
#5165=EDGE_CURVE('',#5154,#5161,#5164,.T.);
#5166=ORIENTED_EDGE('',*,*,#5165,.T.);
#5167=DIRECTION('',(0.,-0.70711,-0.70711));
#5168=VECTOR('',#5167,2.65939);
#5169=LINE('',#5132,#5168);
#5170=EDGE_CURVE('',#5133,#5161,#5169,.T.);
#5171=ORIENTED_EDGE('',*,*,#5170,.F.);
#5172=ORIENTED_EDGE('',*,*,#5137,.F.);
#5173=EDGE_LOOP('',(#5159,#5166,#5171,#5172));
#5174=FACE_OUTER_BOUND('',#5173,.T.);
#5175=CARTESIAN_POINT('',(337.,-33.12336,340.00383));
#5176=DIRECTION('',(0.,0.70711,-0.70711));
#5177=DIRECTION('',(0.,-0.70711,-0.70711));
#5178=AXIS2_PLACEMENT_3D('',#5175,#5176,#5177);
#5179=PLANE('',#5178);
#5180=ADVANCED_FACE('',(#5174),#5179,.T.);
#5181=CARTESIAN_POINT('',(337.,-37.37336,336.91602));
#5182=VERTEX_POINT('',#5181);
#5183=DIRECTION('',(0.,-0.89101,-0.45399));
#5184=VECTOR('',#5183,2.65939);
#5185=LINE('',#5153,#5184);
#5186=EDGE_CURVE('',#5154,#5182,#5185,.T.);
#5187=ORIENTED_EDGE('',*,*,#5186,.T.);
#5188=CARTESIAN_POINT('',(330.,-37.37336,336.91602));
#5189=VERTEX_POINT('',#5188);
#5190=DIRECTION('',(-1.,0.,0.));
#5191=VECTOR('',#5190,7.);
#5192=LINE('',#5181,#5191);
#5193=EDGE_CURVE('',#5182,#5189,#5192,.T.);
#5194=ORIENTED_EDGE('',*,*,#5193,.T.);
#5195=DIRECTION('',(0.,-0.89101,-0.45399));
#5196=VECTOR('',#5195,2.65939);
#5197=LINE('',#5160,#5196);
#5198=EDGE_CURVE('',#5161,#5189,#5197,.T.);
#5199=ORIENTED_EDGE('',*,*,#5198,.F.);
#5200=ORIENTED_EDGE('',*,*,#5165,.F.);
#5201=EDGE_LOOP('',(#5187,#5194,#5199,#5200));
#5202=FACE_OUTER_BOUND('',#5201,.T.);
#5203=CARTESIAN_POINT('',(337.,-35.00383,338.12336));
#5204=DIRECTION('',(0.,0.45399,-0.89101));
#5205=DIRECTION('',(0.,-0.89101,-0.45399));
#5206=AXIS2_PLACEMENT_3D('',#5203,#5204,#5205);
#5207=PLANE('',#5206);
#5208=ADVANCED_FACE('',(#5202),#5207,.T.);
#5209=CARTESIAN_POINT('',(337.,-40.,336.5));
#5210=VERTEX_POINT('',#5209);
#5211=DIRECTION('',(0.,-0.98769,-0.15643));
#5212=VECTOR('',#5211,2.65939);
#5213=LINE('',#5181,#5212);
#5214=EDGE_CURVE('',#5182,#5210,#5213,.T.);
#5215=ORIENTED_EDGE('',*,*,#5214,.T.);
#5216=CARTESIAN_POINT('',(330.,-40.,336.5));
#5217=VERTEX_POINT('',#5216);
#5218=DIRECTION('',(-1.,0.,0.));
#5219=VECTOR('',#5218,7.);
#5220=LINE('',#5209,#5219);
#5221=EDGE_CURVE('',#5210,#5217,#5220,.T.);
#5222=ORIENTED_EDGE('',*,*,#5221,.T.);
#5223=DIRECTION('',(0.,-0.98769,-0.15643));
#5224=VECTOR('',#5223,2.65939);
#5225=LINE('',#5188,#5224);
#5226=EDGE_CURVE('',#5189,#5217,#5225,.T.);
#5227=ORIENTED_EDGE('',*,*,#5226,.F.);
#5228=ORIENTED_EDGE('',*,*,#5193,.F.);
#5229=EDGE_LOOP('',(#5215,#5222,#5227,#5228));
#5230=FACE_OUTER_BOUND('',#5229,.T.);
#5231=CARTESIAN_POINT('',(337.,-37.37336,336.91602));
#5232=DIRECTION('',(0.,0.15643,-0.98769));
#5233=DIRECTION('',(0.,-0.98769,-0.15643));
#5234=AXIS2_PLACEMENT_3D('',#5231,#5232,#5233);
#5235=PLANE('',#5234);
#5236=ADVANCED_FACE('',(#5230),#5235,.T.);
#5237=CARTESIAN_POINT('',(337.,-42.62664,336.91602));
#5238=VERTEX_POINT('',#5237);
#5239=DIRECTION('',(0.,-0.98769,0.15643));
#5240=VECTOR('',#5239,2.65939);
#5241=LINE('',#5209,#5240);
#5242=EDGE_CURVE('',#5210,#5238,#5241,.T.);
#5243=ORIENTED_EDGE('',*,*,#5242,.T.);
#5244=CARTESIAN_POINT('',(330.,-42.62664,336.91602));
#5245=VERTEX_POINT('',#5244);
#5246=DIRECTION('',(-1.,0.,0.));
#5247=VECTOR('',#5246,7.);
#5248=LINE('',#5237,#5247);
#5249=EDGE_CURVE('',#5238,#5245,#5248,.T.);
#5250=ORIENTED_EDGE('',*,*,#5249,.T.);
#5251=DIRECTION('',(0.,-0.98769,0.15643));
#5252=VECTOR('',#5251,2.65939);
#5253=LINE('',#5216,#5252);
#5254=EDGE_CURVE('',#5217,#5245,#5253,.T.);
#5255=ORIENTED_EDGE('',*,*,#5254,.F.);
#5256=ORIENTED_EDGE('',*,*,#5221,.F.);
#5257=EDGE_LOOP('',(#5243,#5250,#5255,#5256));
#5258=FACE_OUTER_BOUND('',#5257,.T.);
#5259=CARTESIAN_POINT('',(337.,-40.,336.5));
#5260=DIRECTION('',(0.,-0.15643,-0.98769));
#5261=DIRECTION('',(0.,-0.98769,0.15643));
#5262=AXIS2_PLACEMENT_3D('',#5259,#5260,#5261);
#5263=PLANE('',#5262);
#5264=ADVANCED_FACE('',(#5258),#5263,.T.);
#5265=CARTESIAN_POINT('',(337.,-44.99617,338.12336));
#5266=VERTEX_POINT('',#5265);
#5267=DIRECTION('',(0.,-0.89101,0.45399));
#5268=VECTOR('',#5267,2.65939);
#5269=LINE('',#5237,#5268);
#5270=EDGE_CURVE('',#5238,#5266,#5269,.T.);
#5271=ORIENTED_EDGE('',*,*,#5270,.T.);
#5272=CARTESIAN_POINT('',(330.,-44.99617,338.12336));
#5273=VERTEX_POINT('',#5272);
#5274=DIRECTION('',(-1.,0.,0.));
#5275=VECTOR('',#5274,7.);
#5276=LINE('',#5265,#5275);
#5277=EDGE_CURVE('',#5266,#5273,#5276,.T.);
#5278=ORIENTED_EDGE('',*,*,#5277,.T.);
#5279=DIRECTION('',(0.,-0.89101,0.45399));
#5280=VECTOR('',#5279,2.65939);
#5281=LINE('',#5244,#5280);
#5282=EDGE_CURVE('',#5245,#5273,#5281,.T.);
#5283=ORIENTED_EDGE('',*,*,#5282,.F.);
#5284=ORIENTED_EDGE('',*,*,#5249,.F.);
#5285=EDGE_LOOP('',(#5271,#5278,#5283,#5284));
#5286=FACE_OUTER_BOUND('',#5285,.T.);
#5287=CARTESIAN_POINT('',(337.,-42.62664,336.91602));
#5288=DIRECTION('',(0.,-0.45399,-0.89101));
#5289=DIRECTION('',(0.,-0.89101,0.45399));
#5290=AXIS2_PLACEMENT_3D('',#5287,#5288,#5289);
#5291=PLANE('',#5290);
#5292=ADVANCED_FACE('',(#5286),#5291,.T.);
#5293=CARTESIAN_POINT('',(337.,-46.87664,340.00383));
#5294=VERTEX_POINT('',#5293);
#5295=DIRECTION('',(0.,-0.70711,0.70711));
#5296=VECTOR('',#5295,2.65939);
#5297=LINE('',#5265,#5296);
#5298=EDGE_CURVE('',#5266,#5294,#5297,.T.);
#5299=ORIENTED_EDGE('',*,*,#5298,.T.);
#5300=CARTESIAN_POINT('',(330.,-46.87664,340.00383));
#5301=VERTEX_POINT('',#5300);
#5302=DIRECTION('',(-1.,0.,0.));
#5303=VECTOR('',#5302,7.);
#5304=LINE('',#5293,#5303);
#5305=EDGE_CURVE('',#5294,#5301,#5304,.T.);
#5306=ORIENTED_EDGE('',*,*,#5305,.T.);
#5307=DIRECTION('',(0.,-0.70711,0.70711));
#5308=VECTOR('',#5307,2.65939);
#5309=LINE('',#5272,#5308);
#5310=EDGE_CURVE('',#5273,#5301,#5309,.T.);
#5311=ORIENTED_EDGE('',*,*,#5310,.F.);
#5312=ORIENTED_EDGE('',*,*,#5277,.F.);
#5313=EDGE_LOOP('',(#5299,#5306,#5311,#5312));
#5314=FACE_OUTER_BOUND('',#5313,.T.);
#5315=CARTESIAN_POINT('',(337.,-44.99617,338.12336));
#5316=DIRECTION('',(0.,-0.70711,-0.70711));
#5317=DIRECTION('',(0.,-0.70711,0.70711));
#5318=AXIS2_PLACEMENT_3D('',#5315,#5316,#5317);
#5319=PLANE('',#5318);
#5320=ADVANCED_FACE('',(#5314),#5319,.T.);
#5321=CARTESIAN_POINT('',(337.,-48.08398,342.37336));
#5322=VERTEX_POINT('',#5321);
#5323=DIRECTION('',(0.,-0.45399,0.89101));
#5324=VECTOR('',#5323,2.65939);
#5325=LINE('',#5293,#5324);
#5326=EDGE_CURVE('',#5294,#5322,#5325,.T.);
#5327=ORIENTED_EDGE('',*,*,#5326,.T.);
#5328=CARTESIAN_POINT('',(330.,-48.08398,342.37336));
#5329=VERTEX_POINT('',#5328);
#5330=DIRECTION('',(-1.,0.,0.));
#5331=VECTOR('',#5330,7.);
#5332=LINE('',#5321,#5331);
#5333=EDGE_CURVE('',#5322,#5329,#5332,.T.);
#5334=ORIENTED_EDGE('',*,*,#5333,.T.);
#5335=DIRECTION('',(0.,-0.45399,0.89101));
#5336=VECTOR('',#5335,2.65939);
#5337=LINE('',#5300,#5336);
#5338=EDGE_CURVE('',#5301,#5329,#5337,.T.);
#5339=ORIENTED_EDGE('',*,*,#5338,.F.);
#5340=ORIENTED_EDGE('',*,*,#5305,.F.);
#5341=EDGE_LOOP('',(#5327,#5334,#5339,#5340));
#5342=FACE_OUTER_BOUND('',#5341,.T.);
#5343=CARTESIAN_POINT('',(337.,-46.87664,340.00383));
#5344=DIRECTION('',(0.,-0.89101,-0.45399));
#5345=DIRECTION('',(0.,-0.45399,0.89101));
#5346=AXIS2_PLACEMENT_3D('',#5343,#5344,#5345);
#5347=PLANE('',#5346);
#5348=ADVANCED_FACE('',(#5342),#5347,.T.);
#5349=CARTESIAN_POINT('',(337.,-48.5,345.));
#5350=VERTEX_POINT('',#5349);
#5351=DIRECTION('',(0.,-0.15643,0.98769));
#5352=VECTOR('',#5351,2.65939);
#5353=LINE('',#5321,#5352);
#5354=EDGE_CURVE('',#5322,#5350,#5353,.T.);
#5355=ORIENTED_EDGE('',*,*,#5354,.T.);
#5356=CARTESIAN_POINT('',(330.,-48.5,345.));
#5357=VERTEX_POINT('',#5356);
#5358=DIRECTION('',(-1.,0.,0.));
#5359=VECTOR('',#5358,7.);
#5360=LINE('',#5349,#5359);
#5361=EDGE_CURVE('',#5350,#5357,#5360,.T.);
#5362=ORIENTED_EDGE('',*,*,#5361,.T.);
#5363=DIRECTION('',(0.,-0.15643,0.98769));
#5364=VECTOR('',#5363,2.65939);
#5365=LINE('',#5328,#5364);
#5366=EDGE_CURVE('',#5329,#5357,#5365,.T.);
#5367=ORIENTED_EDGE('',*,*,#5366,.F.);
#5368=ORIENTED_EDGE('',*,*,#5333,.F.);
#5369=EDGE_LOOP('',(#5355,#5362,#5367,#5368));
#5370=FACE_OUTER_BOUND('',#5369,.T.);
#5371=CARTESIAN_POINT('',(337.,-48.08398,342.37336));
#5372=DIRECTION('',(0.,-0.98769,-0.15643));
#5373=DIRECTION('',(0.,-0.15643,0.98769));
#5374=AXIS2_PLACEMENT_3D('',#5371,#5372,#5373);
#5375=PLANE('',#5374);
#5376=ADVANCED_FACE('',(#5370),#5375,.T.);
#5377=CARTESIAN_POINT('',(337.,-48.08398,347.62664));
#5378=VERTEX_POINT('',#5377);
#5379=DIRECTION('',(0.,0.15643,0.98769));
#5380=VECTOR('',#5379,2.65939);
#5381=LINE('',#5349,#5380);
#5382=EDGE_CURVE('',#5350,#5378,#5381,.T.);
#5383=ORIENTED_EDGE('',*,*,#5382,.T.);
#5384=CARTESIAN_POINT('',(330.,-48.08398,347.62664));
#5385=VERTEX_POINT('',#5384);
#5386=DIRECTION('',(-1.,0.,0.));
#5387=VECTOR('',#5386,7.);
#5388=LINE('',#5377,#5387);
#5389=EDGE_CURVE('',#5378,#5385,#5388,.T.);
#5390=ORIENTED_EDGE('',*,*,#5389,.T.);
#5391=DIRECTION('',(0.,0.15643,0.98769));
#5392=VECTOR('',#5391,2.65939);
#5393=LINE('',#5356,#5392);
#5394=EDGE_CURVE('',#5357,#5385,#5393,.T.);
#5395=ORIENTED_EDGE('',*,*,#5394,.F.);
#5396=ORIENTED_EDGE('',*,*,#5361,.F.);
#5397=EDGE_LOOP('',(#5383,#5390,#5395,#5396));
#5398=FACE_OUTER_BOUND('',#5397,.T.);
#5399=CARTESIAN_POINT('',(337.,-48.5,345.));
#5400=DIRECTION('',(0.,-0.98769,0.15643));
#5401=DIRECTION('',(0.,0.15643,0.98769));
#5402=AXIS2_PLACEMENT_3D('',#5399,#5400,#5401);
#5403=PLANE('',#5402);
#5404=ADVANCED_FACE('',(#5398),#5403,.T.);
#5405=CARTESIAN_POINT('',(337.,-46.87664,349.99617));
#5406=VERTEX_POINT('',#5405);
#5407=DIRECTION('',(0.,0.45399,0.89101));
#5408=VECTOR('',#5407,2.65939);
#5409=LINE('',#5377,#5408);
#5410=EDGE_CURVE('',#5378,#5406,#5409,.T.);
#5411=ORIENTED_EDGE('',*,*,#5410,.T.);
#5412=CARTESIAN_POINT('',(330.,-46.87664,349.99617));
#5413=VERTEX_POINT('',#5412);
#5414=DIRECTION('',(-1.,0.,0.));
#5415=VECTOR('',#5414,7.);
#5416=LINE('',#5405,#5415);
#5417=EDGE_CURVE('',#5406,#5413,#5416,.T.);
#5418=ORIENTED_EDGE('',*,*,#5417,.T.);
#5419=DIRECTION('',(0.,0.45399,0.89101));
#5420=VECTOR('',#5419,2.65939);
#5421=LINE('',#5384,#5420);
#5422=EDGE_CURVE('',#5385,#5413,#5421,.T.);
#5423=ORIENTED_EDGE('',*,*,#5422,.F.);
#5424=ORIENTED_EDGE('',*,*,#5389,.F.);
#5425=EDGE_LOOP('',(#5411,#5418,#5423,#5424));
#5426=FACE_OUTER_BOUND('',#5425,.T.);
#5427=CARTESIAN_POINT('',(337.,-48.08398,347.62664));
#5428=DIRECTION('',(0.,-0.89101,0.45399));
#5429=DIRECTION('',(0.,0.45399,0.89101));
#5430=AXIS2_PLACEMENT_3D('',#5427,#5428,#5429);
#5431=PLANE('',#5430);
#5432=ADVANCED_FACE('',(#5426),#5431,.T.);
#5433=CARTESIAN_POINT('',(337.,-44.99617,351.87664));
#5434=VERTEX_POINT('',#5433);
#5435=DIRECTION('',(0.,0.70711,0.70711));
#5436=VECTOR('',#5435,2.65939);
#5437=LINE('',#5405,#5436);
#5438=EDGE_CURVE('',#5406,#5434,#5437,.T.);
#5439=ORIENTED_EDGE('',*,*,#5438,.T.);
#5440=CARTESIAN_POINT('',(330.,-44.99617,351.87664));
#5441=VERTEX_POINT('',#5440);
#5442=DIRECTION('',(-1.,0.,0.));
#5443=VECTOR('',#5442,7.);
#5444=LINE('',#5433,#5443);
#5445=EDGE_CURVE('',#5434,#5441,#5444,.T.);
#5446=ORIENTED_EDGE('',*,*,#5445,.T.);
#5447=DIRECTION('',(0.,0.70711,0.70711));
#5448=VECTOR('',#5447,2.65939);
#5449=LINE('',#5412,#5448);
#5450=EDGE_CURVE('',#5413,#5441,#5449,.T.);
#5451=ORIENTED_EDGE('',*,*,#5450,.F.);
#5452=ORIENTED_EDGE('',*,*,#5417,.F.);
#5453=EDGE_LOOP('',(#5439,#5446,#5451,#5452));
#5454=FACE_OUTER_BOUND('',#5453,.T.);
#5455=CARTESIAN_POINT('',(337.,-46.87664,349.99617));
#5456=DIRECTION('',(0.,-0.70711,0.70711));
#5457=DIRECTION('',(0.,0.70711,0.70711));
#5458=AXIS2_PLACEMENT_3D('',#5455,#5456,#5457);
#5459=PLANE('',#5458);
#5460=ADVANCED_FACE('',(#5454),#5459,.T.);
#5461=CARTESIAN_POINT('',(337.,-42.62664,353.08398));
#5462=VERTEX_POINT('',#5461);
#5463=DIRECTION('',(0.,0.89101,0.45399));
#5464=VECTOR('',#5463,2.65939);
#5465=LINE('',#5433,#5464);
#5466=EDGE_CURVE('',#5434,#5462,#5465,.T.);
#5467=ORIENTED_EDGE('',*,*,#5466,.T.);
#5468=CARTESIAN_POINT('',(330.,-42.62664,353.08398));
#5469=VERTEX_POINT('',#5468);
#5470=DIRECTION('',(-1.,0.,0.));
#5471=VECTOR('',#5470,7.);
#5472=LINE('',#5461,#5471);
#5473=EDGE_CURVE('',#5462,#5469,#5472,.T.);
#5474=ORIENTED_EDGE('',*,*,#5473,.T.);
#5475=DIRECTION('',(0.,0.89101,0.45399));
#5476=VECTOR('',#5475,2.65939);
#5477=LINE('',#5440,#5476);
#5478=EDGE_CURVE('',#5441,#5469,#5477,.T.);
#5479=ORIENTED_EDGE('',*,*,#5478,.F.);
#5480=ORIENTED_EDGE('',*,*,#5445,.F.);
#5481=EDGE_LOOP('',(#5467,#5474,#5479,#5480));
#5482=FACE_OUTER_BOUND('',#5481,.T.);
#5483=CARTESIAN_POINT('',(337.,-44.99617,351.87664));
#5484=DIRECTION('',(0.,-0.45399,0.89101));
#5485=DIRECTION('',(0.,0.89101,0.45399));
#5486=AXIS2_PLACEMENT_3D('',#5483,#5484,#5485);
#5487=PLANE('',#5486);
#5488=ADVANCED_FACE('',(#5482),#5487,.T.);
#5489=DIRECTION('',(0.,-0.98769,-0.15643));
#5490=VECTOR('',#5489,2.65939);
#5491=LINE('',#4949,#5490);
#5492=EDGE_CURVE('',#4950,#5462,#5491,.T.);
#5493=ORIENTED_EDGE('',*,*,#5492,.F.);
#5494=ORIENTED_EDGE('',*,*,#4975,.T.);
#5495=DIRECTION('',(0.,-0.98769,-0.15643));
#5496=VECTOR('',#5495,2.65939);
#5497=LINE('',#4965,#5496);
#5498=EDGE_CURVE('',#4966,#5469,#5497,.T.);
#5499=ORIENTED_EDGE('',*,*,#5498,.T.);
#5500=ORIENTED_EDGE('',*,*,#5473,.F.);
#5501=EDGE_LOOP('',(#5493,#5494,#5499,#5500));
#5502=FACE_OUTER_BOUND('',#5501,.T.);
#5503=CARTESIAN_POINT('',(337.,-42.62664,353.08398));
#5504=DIRECTION('',(0.,-0.15643,0.98769));
#5505=DIRECTION('',(0.,0.98769,0.15643));
#5506=AXIS2_PLACEMENT_3D('',#5503,#5504,#5505);
#5507=PLANE('',#5506);
#5508=ADVANCED_FACE('',(#5502),#5507,.T.);
#5509=ORIENTED_EDGE('',*,*,#5466,.F.);
#5510=ORIENTED_EDGE('',*,*,#5438,.F.);
#5511=ORIENTED_EDGE('',*,*,#5410,.F.);
#5512=ORIENTED_EDGE('',*,*,#5382,.F.);
#5513=ORIENTED_EDGE('',*,*,#5354,.F.);
#5514=ORIENTED_EDGE('',*,*,#5326,.F.);
#5515=ORIENTED_EDGE('',*,*,#5298,.F.);
#5516=ORIENTED_EDGE('',*,*,#5270,.F.);
#5517=ORIENTED_EDGE('',*,*,#5242,.F.);
#5518=ORIENTED_EDGE('',*,*,#5214,.F.);
#5519=ORIENTED_EDGE('',*,*,#5186,.F.);
#5520=ORIENTED_EDGE('',*,*,#5158,.F.);
#5521=ORIENTED_EDGE('',*,*,#5130,.F.);
#5522=ORIENTED_EDGE('',*,*,#5102,.F.);
#5523=ORIENTED_EDGE('',*,*,#5074,.F.);
#5524=ORIENTED_EDGE('',*,*,#5046,.F.);
#5525=ORIENTED_EDGE('',*,*,#5018,.F.);
#5526=ORIENTED_EDGE('',*,*,#4990,.F.);
#5527=ORIENTED_EDGE('',*,*,#4956,.F.);
#5528=ORIENTED_EDGE('',*,*,#5492,.T.);
#5529=EDGE_LOOP('',(#5509,#5510,#5511,#5512,#5513,#5514,#5515,#5516,#5517,#5518,#5519,#5520,#5521,#5522,#5523,#5524,#5525,#5526,#5527,#5528));
#5530=FACE_OUTER_BOUND('',#5529,.T.);
#5531=CARTESIAN_POINT('',(337.,-42.62664,353.08398));
#5532=DIRECTION('',(1.,0.,0.));
#5533=DIRECTION('',(0.,-0.89101,-0.45399));
#5534=AXIS2_PLACEMENT_3D('',#5531,#5532,#5533);
#5535=PLANE('',#5534);
#5536=ADVANCED_FACE('',(#5530),#5535,.T.);
#5537=ORIENTED_EDGE('',*,*,#4970,.T.);
#5538=ORIENTED_EDGE('',*,*,#5002,.T.);
#5539=ORIENTED_EDGE('',*,*,#5030,.T.);
#5540=ORIENTED_EDGE('',*,*,#5058,.T.);
#5541=ORIENTED_EDGE('',*,*,#5086,.T.);
#5542=ORIENTED_EDGE('',*,*,#5114,.T.);
#5543=ORIENTED_EDGE('',*,*,#5142,.T.);
#5544=ORIENTED_EDGE('',*,*,#5170,.T.);
#5545=ORIENTED_EDGE('',*,*,#5198,.T.);
#5546=ORIENTED_EDGE('',*,*,#5226,.T.);
#5547=ORIENTED_EDGE('',*,*,#5254,.T.);
#5548=ORIENTED_EDGE('',*,*,#5282,.T.);
#5549=ORIENTED_EDGE('',*,*,#5310,.T.);
#5550=ORIENTED_EDGE('',*,*,#5338,.T.);
#5551=ORIENTED_EDGE('',*,*,#5366,.T.);
#5552=ORIENTED_EDGE('',*,*,#5394,.T.);
#5553=ORIENTED_EDGE('',*,*,#5422,.T.);
#5554=ORIENTED_EDGE('',*,*,#5450,.T.);
#5555=ORIENTED_EDGE('',*,*,#5478,.T.);
#5556=ORIENTED_EDGE('',*,*,#5498,.F.);
#5557=EDGE_LOOP('',(#5537,#5538,#5539,#5540,#5541,#5542,#5543,#5544,#5545,#5546,#5547,#5548,#5549,#5550,#5551,#5552,#5553,#5554,#5555,#5556));
#5558=FACE_OUTER_BOUND('',#5557,.T.);
#5559=CARTESIAN_POINT('',(330.,-40.,353.5));
#5560=DIRECTION('',(-1.,0.,0.));
#5561=DIRECTION('',(0.,0.98769,-0.15643));
#5562=AXIS2_PLACEMENT_3D('',#5559,#5560,#5561);
#5563=PLANE('',#5562);
#5564=ADVANCED_FACE('',(#5558),#5563,.T.);
#5565=CLOSED_SHELL('',(#4984,#5012,#5040,#5068,#5096,#5124,#5152,#5180,#5208,#5236,#5264,#5292,#5320,#5348,#5376,#5404,#5432,#5460,#5488,#5508,#5536,#5564));
#5566=MANIFOLD_SOLID_BREP('',#5565);
#5567=STYLED_ITEM('color',(#3930),#5566);
#5568=CARTESIAN_POINT('',(345.,6.35085,356.));
#5569=VERTEX_POINT('',#5568);
#5570=CARTESIAN_POINT('',(345.,12.70171,345.));
#5571=VERTEX_POINT('',#5570);
#5572=DIRECTION('',(0.,0.5,-0.86603));
#5573=VECTOR('',#5572,12.70171);
#5574=LINE('',#5568,#5573);
#5575=EDGE_CURVE('',#5569,#5571,#5574,.T.);
#5576=ORIENTED_EDGE('',*,*,#5575,.T.);
#5577=CARTESIAN_POINT('',(337.,12.70171,345.));
#5578=VERTEX_POINT('',#5577);
#5579=DIRECTION('',(-1.,0.,0.));
#5580=VECTOR('',#5579,8.);
#5581=LINE('',#5570,#5580);
#5582=EDGE_CURVE('',#5571,#5578,#5581,.T.);
#5583=ORIENTED_EDGE('',*,*,#5582,.T.);
#5584=CARTESIAN_POINT('',(337.,6.35085,356.));
#5585=VERTEX_POINT('',#5584);
#5586=DIRECTION('',(0.,0.5,-0.86603));
#5587=VECTOR('',#5586,12.70171);
#5588=LINE('',#5584,#5587);
#5589=EDGE_CURVE('',#5585,#5578,#5588,.T.);
#5590=ORIENTED_EDGE('',*,*,#5589,.F.);
#5591=DIRECTION('',(-1.,0.,0.));
#5592=VECTOR('',#5591,8.);
#5593=LINE('',#5568,#5592);
#5594=EDGE_CURVE('',#5569,#5585,#5593,.T.);
#5595=ORIENTED_EDGE('',*,*,#5594,.F.);
#5596=EDGE_LOOP('',(#5576,#5583,#5590,#5595));
#5597=FACE_OUTER_BOUND('',#5596,.T.);
#5598=CARTESIAN_POINT('',(345.,6.35085,356.));
#5599=DIRECTION('',(0.,0.86603,0.5));
#5600=DIRECTION('',(0.,0.5,-0.86603));
#5601=AXIS2_PLACEMENT_3D('',#5598,#5599,#5600);
#5602=PLANE('',#5601);
#5603=ADVANCED_FACE('',(#5597),#5602,.T.);
#5604=CARTESIAN_POINT('',(345.,6.35085,334.));
#5605=VERTEX_POINT('',#5604);
#5606=DIRECTION('',(0.,-0.5,-0.86603));
#5607=VECTOR('',#5606,12.70171);
#5608=LINE('',#5570,#5607);
#5609=EDGE_CURVE('',#5571,#5605,#5608,.T.);
#5610=ORIENTED_EDGE('',*,*,#5609,.T.);
#5611=CARTESIAN_POINT('',(337.,6.35085,334.));
#5612=VERTEX_POINT('',#5611);
#5613=DIRECTION('',(-1.,0.,0.));
#5614=VECTOR('',#5613,8.);
#5615=LINE('',#5604,#5614);
#5616=EDGE_CURVE('',#5605,#5612,#5615,.T.);
#5617=ORIENTED_EDGE('',*,*,#5616,.T.);
#5618=DIRECTION('',(0.,-0.5,-0.86603));
#5619=VECTOR('',#5618,12.70171);
#5620=LINE('',#5577,#5619);
#5621=EDGE_CURVE('',#5578,#5612,#5620,.T.);
#5622=ORIENTED_EDGE('',*,*,#5621,.F.);
#5623=ORIENTED_EDGE('',*,*,#5582,.F.);
#5624=EDGE_LOOP('',(#5610,#5617,#5622,#5623));
#5625=FACE_OUTER_BOUND('',#5624,.T.);
#5626=CARTESIAN_POINT('',(345.,12.70171,345.));
#5627=DIRECTION('',(0.,0.86603,-0.5));
#5628=DIRECTION('',(0.,-0.5,-0.86603));
#5629=AXIS2_PLACEMENT_3D('',#5626,#5627,#5628);
#5630=PLANE('',#5629);
#5631=ADVANCED_FACE('',(#5625),#5630,.T.);
#5632=CARTESIAN_POINT('',(345.,-6.35085,334.));
#5633=VERTEX_POINT('',#5632);
#5634=DIRECTION('',(0.,-1.,0.));
#5635=VECTOR('',#5634,12.70171);
#5636=LINE('',#5604,#5635);
#5637=EDGE_CURVE('',#5605,#5633,#5636,.T.);
#5638=ORIENTED_EDGE('',*,*,#5637,.T.);
#5639=CARTESIAN_POINT('',(337.,-6.35085,334.));
#5640=VERTEX_POINT('',#5639);
#5641=DIRECTION('',(-1.,0.,0.));
#5642=VECTOR('',#5641,8.);
#5643=LINE('',#5632,#5642);
#5644=EDGE_CURVE('',#5633,#5640,#5643,.T.);
#5645=ORIENTED_EDGE('',*,*,#5644,.T.);
#5646=DIRECTION('',(0.,-1.,0.));
#5647=VECTOR('',#5646,12.70171);
#5648=LINE('',#5611,#5647);
#5649=EDGE_CURVE('',#5612,#5640,#5648,.T.);
#5650=ORIENTED_EDGE('',*,*,#5649,.F.);
#5651=ORIENTED_EDGE('',*,*,#5616,.F.);
#5652=EDGE_LOOP('',(#5638,#5645,#5650,#5651));
#5653=FACE_OUTER_BOUND('',#5652,.T.);
#5654=CARTESIAN_POINT('',(345.,6.35085,334.));
#5655=DIRECTION('',(0.,0.,-1.));
#5656=DIRECTION('',(0.,-1.,0.));
#5657=AXIS2_PLACEMENT_3D('',#5654,#5655,#5656);
#5658=PLANE('',#5657);
#5659=ADVANCED_FACE('',(#5653),#5658,.T.);
#5660=CARTESIAN_POINT('',(345.,-12.70171,345.));
#5661=VERTEX_POINT('',#5660);
#5662=DIRECTION('',(0.,-0.5,0.86603));
#5663=VECTOR('',#5662,12.70171);
#5664=LINE('',#5632,#5663);
#5665=EDGE_CURVE('',#5633,#5661,#5664,.T.);
#5666=ORIENTED_EDGE('',*,*,#5665,.T.);
#5667=CARTESIAN_POINT('',(337.,-12.70171,345.));
#5668=VERTEX_POINT('',#5667);
#5669=DIRECTION('',(-1.,0.,0.));
#5670=VECTOR('',#5669,8.);
#5671=LINE('',#5660,#5670);
#5672=EDGE_CURVE('',#5661,#5668,#5671,.T.);
#5673=ORIENTED_EDGE('',*,*,#5672,.T.);
#5674=DIRECTION('',(0.,-0.5,0.86603));
#5675=VECTOR('',#5674,12.70171);
#5676=LINE('',#5639,#5675);
#5677=EDGE_CURVE('',#5640,#5668,#5676,.T.);
#5678=ORIENTED_EDGE('',*,*,#5677,.F.);
#5679=ORIENTED_EDGE('',*,*,#5644,.F.);
#5680=EDGE_LOOP('',(#5666,#5673,#5678,#5679));
#5681=FACE_OUTER_BOUND('',#5680,.T.);
#5682=CARTESIAN_POINT('',(345.,-6.35085,334.));
#5683=DIRECTION('',(0.,-0.86603,-0.5));
#5684=DIRECTION('',(0.,-0.5,0.86603));
#5685=AXIS2_PLACEMENT_3D('',#5682,#5683,#5684);
#5686=PLANE('',#5685);
#5687=ADVANCED_FACE('',(#5681),#5686,.T.);
#5688=CARTESIAN_POINT('',(345.,-6.35085,356.));
#5689=VERTEX_POINT('',#5688);
#5690=DIRECTION('',(0.,0.5,0.86603));
#5691=VECTOR('',#5690,12.70171);
#5692=LINE('',#5660,#5691);
#5693=EDGE_CURVE('',#5661,#5689,#5692,.T.);
#5694=ORIENTED_EDGE('',*,*,#5693,.T.);
#5695=CARTESIAN_POINT('',(337.,-6.35085,356.));
#5696=VERTEX_POINT('',#5695);
#5697=DIRECTION('',(-1.,0.,0.));
#5698=VECTOR('',#5697,8.);
#5699=LINE('',#5688,#5698);
#5700=EDGE_CURVE('',#5689,#5696,#5699,.T.);
#5701=ORIENTED_EDGE('',*,*,#5700,.T.);
#5702=DIRECTION('',(0.,0.5,0.86603));
#5703=VECTOR('',#5702,12.70171);
#5704=LINE('',#5667,#5703);
#5705=EDGE_CURVE('',#5668,#5696,#5704,.T.);
#5706=ORIENTED_EDGE('',*,*,#5705,.F.);
#5707=ORIENTED_EDGE('',*,*,#5672,.F.);
#5708=EDGE_LOOP('',(#5694,#5701,#5706,#5707));
#5709=FACE_OUTER_BOUND('',#5708,.T.);
#5710=CARTESIAN_POINT('',(345.,-12.70171,345.));
#5711=DIRECTION('',(0.,-0.86603,0.5));
#5712=DIRECTION('',(0.,0.5,0.86603));
#5713=AXIS2_PLACEMENT_3D('',#5710,#5711,#5712);
#5714=PLANE('',#5713);
#5715=ADVANCED_FACE('',(#5709),#5714,.T.);
#5716=DIRECTION('',(0.,-1.,0.));
#5717=VECTOR('',#5716,12.70171);
#5718=LINE('',#5568,#5717);
#5719=EDGE_CURVE('',#5569,#5689,#5718,.T.);
#5720=ORIENTED_EDGE('',*,*,#5719,.F.);
#5721=ORIENTED_EDGE('',*,*,#5594,.T.);
#5722=DIRECTION('',(0.,-1.,0.));
#5723=VECTOR('',#5722,12.70171);
#5724=LINE('',#5584,#5723);
#5725=EDGE_CURVE('',#5585,#5696,#5724,.T.);
#5726=ORIENTED_EDGE('',*,*,#5725,.T.);
#5727=ORIENTED_EDGE('',*,*,#5700,.F.);
#5728=EDGE_LOOP('',(#5720,#5721,#5726,#5727));
#5729=FACE_OUTER_BOUND('',#5728,.T.);
#5730=CARTESIAN_POINT('',(345.,-6.35085,356.));
#5731=DIRECTION('',(0.,0.,1.));
#5732=DIRECTION('',(0.,1.,0.));
#5733=AXIS2_PLACEMENT_3D('',#5730,#5731,#5732);
#5734=PLANE('',#5733);
#5735=ADVANCED_FACE('',(#5729),#5734,.T.);
#5736=ORIENTED_EDGE('',*,*,#5693,.F.);
#5737=ORIENTED_EDGE('',*,*,#5665,.F.);
#5738=ORIENTED_EDGE('',*,*,#5637,.F.);
#5739=ORIENTED_EDGE('',*,*,#5609,.F.);
#5740=ORIENTED_EDGE('',*,*,#5575,.F.);
#5741=ORIENTED_EDGE('',*,*,#5719,.T.);
#5742=EDGE_LOOP('',(#5736,#5737,#5738,#5739,#5740,#5741));
#5743=FACE_OUTER_BOUND('',#5742,.T.);
#5744=CARTESIAN_POINT('',(345.,-6.35085,356.));
#5745=DIRECTION('',(1.,0.,0.));
#5746=DIRECTION('',(0.,-0.5,-0.86603));
#5747=AXIS2_PLACEMENT_3D('',#5744,#5745,#5746);
#5748=PLANE('',#5747);
#5749=ADVANCED_FACE('',(#5743),#5748,.T.);
#5750=ORIENTED_EDGE('',*,*,#5589,.T.);
#5751=ORIENTED_EDGE('',*,*,#5621,.T.);
#5752=ORIENTED_EDGE('',*,*,#5649,.T.);
#5753=ORIENTED_EDGE('',*,*,#5677,.T.);
#5754=ORIENTED_EDGE('',*,*,#5705,.T.);
#5755=ORIENTED_EDGE('',*,*,#5725,.F.);
#5756=EDGE_LOOP('',(#5750,#5751,#5752,#5753,#5754,#5755));
#5757=FACE_OUTER_BOUND('',#5756,.T.);
#5758=CARTESIAN_POINT('',(337.,6.35085,356.));
#5759=DIRECTION('',(-1.,0.,0.));
#5760=DIRECTION('',(0.,0.5,-0.86603));
#5761=AXIS2_PLACEMENT_3D('',#5758,#5759,#5760);
#5762=PLANE('',#5761);
#5763=ADVANCED_FACE('',(#5757),#5762,.T.);
#5764=CLOSED_SHELL('',(#5603,#5631,#5659,#5687,#5715,#5735,#5749,#5763));
#5765=MANIFOLD_SOLID_BREP('',#5764);
#5766=STYLED_ITEM('color',(#3930),#5765);
#5767=CARTESIAN_POINT('',(337.,0.,353.5));
#5768=VERTEX_POINT('',#5767);
#5769=CARTESIAN_POINT('',(337.,2.62664,353.08398));
#5770=VERTEX_POINT('',#5769);
#5771=DIRECTION('',(0.,0.98769,-0.15643));
#5772=VECTOR('',#5771,2.65939);
#5773=LINE('',#5767,#5772);
#5774=EDGE_CURVE('',#5768,#5770,#5773,.T.);
#5775=ORIENTED_EDGE('',*,*,#5774,.T.);
#5776=CARTESIAN_POINT('',(330.,2.62664,353.08398));
#5777=VERTEX_POINT('',#5776);
#5778=DIRECTION('',(-1.,0.,0.));
#5779=VECTOR('',#5778,7.);
#5780=LINE('',#5769,#5779);
#5781=EDGE_CURVE('',#5770,#5777,#5780,.T.);
#5782=ORIENTED_EDGE('',*,*,#5781,.T.);
#5783=CARTESIAN_POINT('',(330.,0.,353.5));
#5784=VERTEX_POINT('',#5783);
#5785=DIRECTION('',(0.,0.98769,-0.15643));
#5786=VECTOR('',#5785,2.65939);
#5787=LINE('',#5783,#5786);
#5788=EDGE_CURVE('',#5784,#5777,#5787,.T.);
#5789=ORIENTED_EDGE('',*,*,#5788,.F.);
#5790=DIRECTION('',(-1.,0.,0.));
#5791=VECTOR('',#5790,7.);
#5792=LINE('',#5767,#5791);
#5793=EDGE_CURVE('',#5768,#5784,#5792,.T.);
#5794=ORIENTED_EDGE('',*,*,#5793,.F.);
#5795=EDGE_LOOP('',(#5775,#5782,#5789,#5794));
#5796=FACE_OUTER_BOUND('',#5795,.T.);
#5797=CARTESIAN_POINT('',(337.,0.,353.5));
#5798=DIRECTION('',(0.,0.15643,0.98769));
#5799=DIRECTION('',(0.,0.98769,-0.15643));
#5800=AXIS2_PLACEMENT_3D('',#5797,#5798,#5799);
#5801=PLANE('',#5800);
#5802=ADVANCED_FACE('',(#5796),#5801,.T.);
#5803=CARTESIAN_POINT('',(337.,4.99617,351.87664));
#5804=VERTEX_POINT('',#5803);
#5805=DIRECTION('',(0.,0.89101,-0.45399));
#5806=VECTOR('',#5805,2.65939);
#5807=LINE('',#5769,#5806);
#5808=EDGE_CURVE('',#5770,#5804,#5807,.T.);
#5809=ORIENTED_EDGE('',*,*,#5808,.T.);
#5810=CARTESIAN_POINT('',(330.,4.99617,351.87664));
#5811=VERTEX_POINT('',#5810);
#5812=DIRECTION('',(-1.,0.,0.));
#5813=VECTOR('',#5812,7.);
#5814=LINE('',#5803,#5813);
#5815=EDGE_CURVE('',#5804,#5811,#5814,.T.);
#5816=ORIENTED_EDGE('',*,*,#5815,.T.);
#5817=DIRECTION('',(0.,0.89101,-0.45399));
#5818=VECTOR('',#5817,2.65939);
#5819=LINE('',#5776,#5818);
#5820=EDGE_CURVE('',#5777,#5811,#5819,.T.);
#5821=ORIENTED_EDGE('',*,*,#5820,.F.);
#5822=ORIENTED_EDGE('',*,*,#5781,.F.);
#5823=EDGE_LOOP('',(#5809,#5816,#5821,#5822));
#5824=FACE_OUTER_BOUND('',#5823,.T.);
#5825=CARTESIAN_POINT('',(337.,2.62664,353.08398));
#5826=DIRECTION('',(0.,0.45399,0.89101));
#5827=DIRECTION('',(0.,0.89101,-0.45399));
#5828=AXIS2_PLACEMENT_3D('',#5825,#5826,#5827);
#5829=PLANE('',#5828);
#5830=ADVANCED_FACE('',(#5824),#5829,.T.);
#5831=CARTESIAN_POINT('',(337.,6.87664,349.99617));
#5832=VERTEX_POINT('',#5831);
#5833=DIRECTION('',(0.,0.70711,-0.70711));
#5834=VECTOR('',#5833,2.65939);
#5835=LINE('',#5803,#5834);
#5836=EDGE_CURVE('',#5804,#5832,#5835,.T.);
#5837=ORIENTED_EDGE('',*,*,#5836,.T.);
#5838=CARTESIAN_POINT('',(330.,6.87664,349.99617));
#5839=VERTEX_POINT('',#5838);
#5840=DIRECTION('',(-1.,0.,0.));
#5841=VECTOR('',#5840,7.);
#5842=LINE('',#5831,#5841);
#5843=EDGE_CURVE('',#5832,#5839,#5842,.T.);
#5844=ORIENTED_EDGE('',*,*,#5843,.T.);
#5845=DIRECTION('',(0.,0.70711,-0.70711));
#5846=VECTOR('',#5845,2.65939);
#5847=LINE('',#5810,#5846);
#5848=EDGE_CURVE('',#5811,#5839,#5847,.T.);
#5849=ORIENTED_EDGE('',*,*,#5848,.F.);
#5850=ORIENTED_EDGE('',*,*,#5815,.F.);
#5851=EDGE_LOOP('',(#5837,#5844,#5849,#5850));
#5852=FACE_OUTER_BOUND('',#5851,.T.);
#5853=CARTESIAN_POINT('',(337.,4.99617,351.87664));
#5854=DIRECTION('',(0.,0.70711,0.70711));
#5855=DIRECTION('',(0.,0.70711,-0.70711));
#5856=AXIS2_PLACEMENT_3D('',#5853,#5854,#5855);
#5857=PLANE('',#5856);
#5858=ADVANCED_FACE('',(#5852),#5857,.T.);
#5859=CARTESIAN_POINT('',(337.,8.08398,347.62664));
#5860=VERTEX_POINT('',#5859);
#5861=DIRECTION('',(0.,0.45399,-0.89101));
#5862=VECTOR('',#5861,2.65939);
#5863=LINE('',#5831,#5862);
#5864=EDGE_CURVE('',#5832,#5860,#5863,.T.);
#5865=ORIENTED_EDGE('',*,*,#5864,.T.);
#5866=CARTESIAN_POINT('',(330.,8.08398,347.62664));
#5867=VERTEX_POINT('',#5866);
#5868=DIRECTION('',(-1.,0.,0.));
#5869=VECTOR('',#5868,7.);
#5870=LINE('',#5859,#5869);
#5871=EDGE_CURVE('',#5860,#5867,#5870,.T.);
#5872=ORIENTED_EDGE('',*,*,#5871,.T.);
#5873=DIRECTION('',(0.,0.45399,-0.89101));
#5874=VECTOR('',#5873,2.65939);
#5875=LINE('',#5838,#5874);
#5876=EDGE_CURVE('',#5839,#5867,#5875,.T.);
#5877=ORIENTED_EDGE('',*,*,#5876,.F.);
#5878=ORIENTED_EDGE('',*,*,#5843,.F.);
#5879=EDGE_LOOP('',(#5865,#5872,#5877,#5878));
#5880=FACE_OUTER_BOUND('',#5879,.T.);
#5881=CARTESIAN_POINT('',(337.,6.87664,349.99617));
#5882=DIRECTION('',(0.,0.89101,0.45399));
#5883=DIRECTION('',(0.,0.45399,-0.89101));
#5884=AXIS2_PLACEMENT_3D('',#5881,#5882,#5883);
#5885=PLANE('',#5884);
#5886=ADVANCED_FACE('',(#5880),#5885,.T.);
#5887=CARTESIAN_POINT('',(337.,8.5,345.));
#5888=VERTEX_POINT('',#5887);
#5889=DIRECTION('',(0.,0.15643,-0.98769));
#5890=VECTOR('',#5889,2.65939);
#5891=LINE('',#5859,#5890);
#5892=EDGE_CURVE('',#5860,#5888,#5891,.T.);
#5893=ORIENTED_EDGE('',*,*,#5892,.T.);
#5894=CARTESIAN_POINT('',(330.,8.5,345.));
#5895=VERTEX_POINT('',#5894);
#5896=DIRECTION('',(-1.,0.,0.));
#5897=VECTOR('',#5896,7.);
#5898=LINE('',#5887,#5897);
#5899=EDGE_CURVE('',#5888,#5895,#5898,.T.);
#5900=ORIENTED_EDGE('',*,*,#5899,.T.);
#5901=DIRECTION('',(0.,0.15643,-0.98769));
#5902=VECTOR('',#5901,2.65939);
#5903=LINE('',#5866,#5902);
#5904=EDGE_CURVE('',#5867,#5895,#5903,.T.);
#5905=ORIENTED_EDGE('',*,*,#5904,.F.);
#5906=ORIENTED_EDGE('',*,*,#5871,.F.);
#5907=EDGE_LOOP('',(#5893,#5900,#5905,#5906));
#5908=FACE_OUTER_BOUND('',#5907,.T.);
#5909=CARTESIAN_POINT('',(337.,8.08398,347.62664));
#5910=DIRECTION('',(0.,0.98769,0.15643));
#5911=DIRECTION('',(0.,0.15643,-0.98769));
#5912=AXIS2_PLACEMENT_3D('',#5909,#5910,#5911);
#5913=PLANE('',#5912);
#5914=ADVANCED_FACE('',(#5908),#5913,.T.);
#5915=CARTESIAN_POINT('',(337.,8.08398,342.37336));
#5916=VERTEX_POINT('',#5915);
#5917=DIRECTION('',(0.,-0.15643,-0.98769));
#5918=VECTOR('',#5917,2.65939);
#5919=LINE('',#5887,#5918);
#5920=EDGE_CURVE('',#5888,#5916,#5919,.T.);
#5921=ORIENTED_EDGE('',*,*,#5920,.T.);
#5922=CARTESIAN_POINT('',(330.,8.08398,342.37336));
#5923=VERTEX_POINT('',#5922);
#5924=DIRECTION('',(-1.,0.,0.));
#5925=VECTOR('',#5924,7.);
#5926=LINE('',#5915,#5925);
#5927=EDGE_CURVE('',#5916,#5923,#5926,.T.);
#5928=ORIENTED_EDGE('',*,*,#5927,.T.);
#5929=DIRECTION('',(0.,-0.15643,-0.98769));
#5930=VECTOR('',#5929,2.65939);
#5931=LINE('',#5894,#5930);
#5932=EDGE_CURVE('',#5895,#5923,#5931,.T.);
#5933=ORIENTED_EDGE('',*,*,#5932,.F.);
#5934=ORIENTED_EDGE('',*,*,#5899,.F.);
#5935=EDGE_LOOP('',(#5921,#5928,#5933,#5934));
#5936=FACE_OUTER_BOUND('',#5935,.T.);
#5937=CARTESIAN_POINT('',(337.,8.5,345.));
#5938=DIRECTION('',(0.,0.98769,-0.15643));
#5939=DIRECTION('',(0.,-0.15643,-0.98769));
#5940=AXIS2_PLACEMENT_3D('',#5937,#5938,#5939);
#5941=PLANE('',#5940);
#5942=ADVANCED_FACE('',(#5936),#5941,.T.);
#5943=CARTESIAN_POINT('',(337.,6.87664,340.00383));
#5944=VERTEX_POINT('',#5943);
#5945=DIRECTION('',(0.,-0.45399,-0.89101));
#5946=VECTOR('',#5945,2.65939);
#5947=LINE('',#5915,#5946);
#5948=EDGE_CURVE('',#5916,#5944,#5947,.T.);
#5949=ORIENTED_EDGE('',*,*,#5948,.T.);
#5950=CARTESIAN_POINT('',(330.,6.87664,340.00383));
#5951=VERTEX_POINT('',#5950);
#5952=DIRECTION('',(-1.,0.,0.));
#5953=VECTOR('',#5952,7.);
#5954=LINE('',#5943,#5953);
#5955=EDGE_CURVE('',#5944,#5951,#5954,.T.);
#5956=ORIENTED_EDGE('',*,*,#5955,.T.);
#5957=DIRECTION('',(0.,-0.45399,-0.89101));
#5958=VECTOR('',#5957,2.65939);
#5959=LINE('',#5922,#5958);
#5960=EDGE_CURVE('',#5923,#5951,#5959,.T.);
#5961=ORIENTED_EDGE('',*,*,#5960,.F.);
#5962=ORIENTED_EDGE('',*,*,#5927,.F.);
#5963=EDGE_LOOP('',(#5949,#5956,#5961,#5962));
#5964=FACE_OUTER_BOUND('',#5963,.T.);
#5965=CARTESIAN_POINT('',(337.,8.08398,342.37336));
#5966=DIRECTION('',(0.,0.89101,-0.45399));
#5967=DIRECTION('',(0.,-0.45399,-0.89101));
#5968=AXIS2_PLACEMENT_3D('',#5965,#5966,#5967);
#5969=PLANE('',#5968);
#5970=ADVANCED_FACE('',(#5964),#5969,.T.);
#5971=CARTESIAN_POINT('',(337.,4.99617,338.12336));
#5972=VERTEX_POINT('',#5971);
#5973=DIRECTION('',(0.,-0.70711,-0.70711));
#5974=VECTOR('',#5973,2.65939);
#5975=LINE('',#5943,#5974);
#5976=EDGE_CURVE('',#5944,#5972,#5975,.T.);
#5977=ORIENTED_EDGE('',*,*,#5976,.T.);
#5978=CARTESIAN_POINT('',(330.,4.99617,338.12336));
#5979=VERTEX_POINT('',#5978);
#5980=DIRECTION('',(-1.,0.,0.));
#5981=VECTOR('',#5980,7.);
#5982=LINE('',#5971,#5981);
#5983=EDGE_CURVE('',#5972,#5979,#5982,.T.);
#5984=ORIENTED_EDGE('',*,*,#5983,.T.);
#5985=DIRECTION('',(0.,-0.70711,-0.70711));
#5986=VECTOR('',#5985,2.65939);
#5987=LINE('',#5950,#5986);
#5988=EDGE_CURVE('',#5951,#5979,#5987,.T.);
#5989=ORIENTED_EDGE('',*,*,#5988,.F.);
#5990=ORIENTED_EDGE('',*,*,#5955,.F.);
#5991=EDGE_LOOP('',(#5977,#5984,#5989,#5990));
#5992=FACE_OUTER_BOUND('',#5991,.T.);
#5993=CARTESIAN_POINT('',(337.,6.87664,340.00383));
#5994=DIRECTION('',(0.,0.70711,-0.70711));
#5995=DIRECTION('',(0.,-0.70711,-0.70711));
#5996=AXIS2_PLACEMENT_3D('',#5993,#5994,#5995);
#5997=PLANE('',#5996);
#5998=ADVANCED_FACE('',(#5992),#5997,.T.);
#5999=CARTESIAN_POINT('',(337.,2.62664,336.91602));
#6000=VERTEX_POINT('',#5999);
#6001=DIRECTION('',(0.,-0.89101,-0.45399));
#6002=VECTOR('',#6001,2.65939);
#6003=LINE('',#5971,#6002);
#6004=EDGE_CURVE('',#5972,#6000,#6003,.T.);
#6005=ORIENTED_EDGE('',*,*,#6004,.T.);
#6006=CARTESIAN_POINT('',(330.,2.62664,336.91602));
#6007=VERTEX_POINT('',#6006);
#6008=DIRECTION('',(-1.,0.,0.));
#6009=VECTOR('',#6008,7.);
#6010=LINE('',#5999,#6009);
#6011=EDGE_CURVE('',#6000,#6007,#6010,.T.);
#6012=ORIENTED_EDGE('',*,*,#6011,.T.);
#6013=DIRECTION('',(0.,-0.89101,-0.45399));
#6014=VECTOR('',#6013,2.65939);
#6015=LINE('',#5978,#6014);
#6016=EDGE_CURVE('',#5979,#6007,#6015,.T.);
#6017=ORIENTED_EDGE('',*,*,#6016,.F.);
#6018=ORIENTED_EDGE('',*,*,#5983,.F.);
#6019=EDGE_LOOP('',(#6005,#6012,#6017,#6018));
#6020=FACE_OUTER_BOUND('',#6019,.T.);
#6021=CARTESIAN_POINT('',(337.,4.99617,338.12336));
#6022=DIRECTION('',(0.,0.45399,-0.89101));
#6023=DIRECTION('',(0.,-0.89101,-0.45399));
#6024=AXIS2_PLACEMENT_3D('',#6021,#6022,#6023);
#6025=PLANE('',#6024);
#6026=ADVANCED_FACE('',(#6020),#6025,.T.);
#6027=CARTESIAN_POINT('',(337.,0.,336.5));
#6028=VERTEX_POINT('',#6027);
#6029=DIRECTION('',(0.,-0.98769,-0.15643));
#6030=VECTOR('',#6029,2.65939);
#6031=LINE('',#5999,#6030);
#6032=EDGE_CURVE('',#6000,#6028,#6031,.T.);
#6033=ORIENTED_EDGE('',*,*,#6032,.T.);
#6034=CARTESIAN_POINT('',(330.,0.,336.5));
#6035=VERTEX_POINT('',#6034);
#6036=DIRECTION('',(-1.,0.,0.));
#6037=VECTOR('',#6036,7.);
#6038=LINE('',#6027,#6037);
#6039=EDGE_CURVE('',#6028,#6035,#6038,.T.);
#6040=ORIENTED_EDGE('',*,*,#6039,.T.);
#6041=DIRECTION('',(0.,-0.98769,-0.15643));
#6042=VECTOR('',#6041,2.65939);
#6043=LINE('',#6006,#6042);
#6044=EDGE_CURVE('',#6007,#6035,#6043,.T.);
#6045=ORIENTED_EDGE('',*,*,#6044,.F.);
#6046=ORIENTED_EDGE('',*,*,#6011,.F.);
#6047=EDGE_LOOP('',(#6033,#6040,#6045,#6046));
#6048=FACE_OUTER_BOUND('',#6047,.T.);
#6049=CARTESIAN_POINT('',(337.,2.62664,336.91602));
#6050=DIRECTION('',(0.,0.15643,-0.98769));
#6051=DIRECTION('',(0.,-0.98769,-0.15643));
#6052=AXIS2_PLACEMENT_3D('',#6049,#6050,#6051);
#6053=PLANE('',#6052);
#6054=ADVANCED_FACE('',(#6048),#6053,.T.);
#6055=CARTESIAN_POINT('',(337.,-2.62664,336.91602));
#6056=VERTEX_POINT('',#6055);
#6057=DIRECTION('',(0.,-0.98769,0.15643));
#6058=VECTOR('',#6057,2.65939);
#6059=LINE('',#6027,#6058);
#6060=EDGE_CURVE('',#6028,#6056,#6059,.T.);
#6061=ORIENTED_EDGE('',*,*,#6060,.T.);
#6062=CARTESIAN_POINT('',(330.,-2.62664,336.91602));
#6063=VERTEX_POINT('',#6062);
#6064=DIRECTION('',(-1.,0.,0.));
#6065=VECTOR('',#6064,7.);
#6066=LINE('',#6055,#6065);
#6067=EDGE_CURVE('',#6056,#6063,#6066,.T.);
#6068=ORIENTED_EDGE('',*,*,#6067,.T.);
#6069=DIRECTION('',(0.,-0.98769,0.15643));
#6070=VECTOR('',#6069,2.65939);
#6071=LINE('',#6034,#6070);
#6072=EDGE_CURVE('',#6035,#6063,#6071,.T.);
#6073=ORIENTED_EDGE('',*,*,#6072,.F.);
#6074=ORIENTED_EDGE('',*,*,#6039,.F.);
#6075=EDGE_LOOP('',(#6061,#6068,#6073,#6074));
#6076=FACE_OUTER_BOUND('',#6075,.T.);
#6077=CARTESIAN_POINT('',(337.,0.,336.5));
#6078=DIRECTION('',(0.,-0.15643,-0.98769));
#6079=DIRECTION('',(0.,-0.98769,0.15643));
#6080=AXIS2_PLACEMENT_3D('',#6077,#6078,#6079);
#6081=PLANE('',#6080);
#6082=ADVANCED_FACE('',(#6076),#6081,.T.);
#6083=CARTESIAN_POINT('',(337.,-4.99617,338.12336));
#6084=VERTEX_POINT('',#6083);
#6085=DIRECTION('',(0.,-0.89101,0.45399));
#6086=VECTOR('',#6085,2.65939);
#6087=LINE('',#6055,#6086);
#6088=EDGE_CURVE('',#6056,#6084,#6087,.T.);
#6089=ORIENTED_EDGE('',*,*,#6088,.T.);
#6090=CARTESIAN_POINT('',(330.,-4.99617,338.12336));
#6091=VERTEX_POINT('',#6090);
#6092=DIRECTION('',(-1.,0.,0.));
#6093=VECTOR('',#6092,7.);
#6094=LINE('',#6083,#6093);
#6095=EDGE_CURVE('',#6084,#6091,#6094,.T.);
#6096=ORIENTED_EDGE('',*,*,#6095,.T.);
#6097=DIRECTION('',(0.,-0.89101,0.45399));
#6098=VECTOR('',#6097,2.65939);
#6099=LINE('',#6062,#6098);
#6100=EDGE_CURVE('',#6063,#6091,#6099,.T.);
#6101=ORIENTED_EDGE('',*,*,#6100,.F.);
#6102=ORIENTED_EDGE('',*,*,#6067,.F.);
#6103=EDGE_LOOP('',(#6089,#6096,#6101,#6102));
#6104=FACE_OUTER_BOUND('',#6103,.T.);
#6105=CARTESIAN_POINT('',(337.,-2.62664,336.91602));
#6106=DIRECTION('',(0.,-0.45399,-0.89101));
#6107=DIRECTION('',(0.,-0.89101,0.45399));
#6108=AXIS2_PLACEMENT_3D('',#6105,#6106,#6107);
#6109=PLANE('',#6108);
#6110=ADVANCED_FACE('',(#6104),#6109,.T.);
#6111=CARTESIAN_POINT('',(337.,-6.87664,340.00383));
#6112=VERTEX_POINT('',#6111);
#6113=DIRECTION('',(0.,-0.70711,0.70711));
#6114=VECTOR('',#6113,2.65939);
#6115=LINE('',#6083,#6114);
#6116=EDGE_CURVE('',#6084,#6112,#6115,.T.);
#6117=ORIENTED_EDGE('',*,*,#6116,.T.);
#6118=CARTESIAN_POINT('',(330.,-6.87664,340.00383));
#6119=VERTEX_POINT('',#6118);
#6120=DIRECTION('',(-1.,0.,0.));
#6121=VECTOR('',#6120,7.);
#6122=LINE('',#6111,#6121);
#6123=EDGE_CURVE('',#6112,#6119,#6122,.T.);
#6124=ORIENTED_EDGE('',*,*,#6123,.T.);
#6125=DIRECTION('',(0.,-0.70711,0.70711));
#6126=VECTOR('',#6125,2.65939);
#6127=LINE('',#6090,#6126);
#6128=EDGE_CURVE('',#6091,#6119,#6127,.T.);
#6129=ORIENTED_EDGE('',*,*,#6128,.F.);
#6130=ORIENTED_EDGE('',*,*,#6095,.F.);
#6131=EDGE_LOOP('',(#6117,#6124,#6129,#6130));
#6132=FACE_OUTER_BOUND('',#6131,.T.);
#6133=CARTESIAN_POINT('',(337.,-4.99617,338.12336));
#6134=DIRECTION('',(0.,-0.70711,-0.70711));
#6135=DIRECTION('',(0.,-0.70711,0.70711));
#6136=AXIS2_PLACEMENT_3D('',#6133,#6134,#6135);
#6137=PLANE('',#6136);
#6138=ADVANCED_FACE('',(#6132),#6137,.T.);
#6139=CARTESIAN_POINT('',(337.,-8.08398,342.37336));
#6140=VERTEX_POINT('',#6139);
#6141=DIRECTION('',(0.,-0.45399,0.89101));
#6142=VECTOR('',#6141,2.65939);
#6143=LINE('',#6111,#6142);
#6144=EDGE_CURVE('',#6112,#6140,#6143,.T.);
#6145=ORIENTED_EDGE('',*,*,#6144,.T.);
#6146=CARTESIAN_POINT('',(330.,-8.08398,342.37336));
#6147=VERTEX_POINT('',#6146);
#6148=DIRECTION('',(-1.,0.,0.));
#6149=VECTOR('',#6148,7.);
#6150=LINE('',#6139,#6149);
#6151=EDGE_CURVE('',#6140,#6147,#6150,.T.);
#6152=ORIENTED_EDGE('',*,*,#6151,.T.);
#6153=DIRECTION('',(0.,-0.45399,0.89101));
#6154=VECTOR('',#6153,2.65939);
#6155=LINE('',#6118,#6154);
#6156=EDGE_CURVE('',#6119,#6147,#6155,.T.);
#6157=ORIENTED_EDGE('',*,*,#6156,.F.);
#6158=ORIENTED_EDGE('',*,*,#6123,.F.);
#6159=EDGE_LOOP('',(#6145,#6152,#6157,#6158));
#6160=FACE_OUTER_BOUND('',#6159,.T.);
#6161=CARTESIAN_POINT('',(337.,-6.87664,340.00383));
#6162=DIRECTION('',(0.,-0.89101,-0.45399));
#6163=DIRECTION('',(0.,-0.45399,0.89101));
#6164=AXIS2_PLACEMENT_3D('',#6161,#6162,#6163);
#6165=PLANE('',#6164);
#6166=ADVANCED_FACE('',(#6160),#6165,.T.);
#6167=CARTESIAN_POINT('',(337.,-8.5,345.));
#6168=VERTEX_POINT('',#6167);
#6169=DIRECTION('',(0.,-0.15643,0.98769));
#6170=VECTOR('',#6169,2.65939);
#6171=LINE('',#6139,#6170);
#6172=EDGE_CURVE('',#6140,#6168,#6171,.T.);
#6173=ORIENTED_EDGE('',*,*,#6172,.T.);
#6174=CARTESIAN_POINT('',(330.,-8.5,345.));
#6175=VERTEX_POINT('',#6174);
#6176=DIRECTION('',(-1.,0.,0.));
#6177=VECTOR('',#6176,7.);
#6178=LINE('',#6167,#6177);
#6179=EDGE_CURVE('',#6168,#6175,#6178,.T.);
#6180=ORIENTED_EDGE('',*,*,#6179,.T.);
#6181=DIRECTION('',(0.,-0.15643,0.98769));
#6182=VECTOR('',#6181,2.65939);
#6183=LINE('',#6146,#6182);
#6184=EDGE_CURVE('',#6147,#6175,#6183,.T.);
#6185=ORIENTED_EDGE('',*,*,#6184,.F.);
#6186=ORIENTED_EDGE('',*,*,#6151,.F.);
#6187=EDGE_LOOP('',(#6173,#6180,#6185,#6186));
#6188=FACE_OUTER_BOUND('',#6187,.T.);
#6189=CARTESIAN_POINT('',(337.,-8.08398,342.37336));
#6190=DIRECTION('',(0.,-0.98769,-0.15643));
#6191=DIRECTION('',(0.,-0.15643,0.98769));
#6192=AXIS2_PLACEMENT_3D('',#6189,#6190,#6191);
#6193=PLANE('',#6192);
#6194=ADVANCED_FACE('',(#6188),#6193,.T.);
#6195=CARTESIAN_POINT('',(337.,-8.08398,347.62664));
#6196=VERTEX_POINT('',#6195);
#6197=DIRECTION('',(0.,0.15643,0.98769));
#6198=VECTOR('',#6197,2.65939);
#6199=LINE('',#6167,#6198);
#6200=EDGE_CURVE('',#6168,#6196,#6199,.T.);
#6201=ORIENTED_EDGE('',*,*,#6200,.T.);
#6202=CARTESIAN_POINT('',(330.,-8.08398,347.62664));
#6203=VERTEX_POINT('',#6202);
#6204=DIRECTION('',(-1.,0.,0.));
#6205=VECTOR('',#6204,7.);
#6206=LINE('',#6195,#6205);
#6207=EDGE_CURVE('',#6196,#6203,#6206,.T.);
#6208=ORIENTED_EDGE('',*,*,#6207,.T.);
#6209=DIRECTION('',(0.,0.15643,0.98769));
#6210=VECTOR('',#6209,2.65939);
#6211=LINE('',#6174,#6210);
#6212=EDGE_CURVE('',#6175,#6203,#6211,.T.);
#6213=ORIENTED_EDGE('',*,*,#6212,.F.);
#6214=ORIENTED_EDGE('',*,*,#6179,.F.);
#6215=EDGE_LOOP('',(#6201,#6208,#6213,#6214));
#6216=FACE_OUTER_BOUND('',#6215,.T.);
#6217=CARTESIAN_POINT('',(337.,-8.5,345.));
#6218=DIRECTION('',(0.,-0.98769,0.15643));
#6219=DIRECTION('',(0.,0.15643,0.98769));
#6220=AXIS2_PLACEMENT_3D('',#6217,#6218,#6219);
#6221=PLANE('',#6220);
#6222=ADVANCED_FACE('',(#6216),#6221,.T.);
#6223=CARTESIAN_POINT('',(337.,-6.87664,349.99617));
#6224=VERTEX_POINT('',#6223);
#6225=DIRECTION('',(0.,0.45399,0.89101));
#6226=VECTOR('',#6225,2.65939);
#6227=LINE('',#6195,#6226);
#6228=EDGE_CURVE('',#6196,#6224,#6227,.T.);
#6229=ORIENTED_EDGE('',*,*,#6228,.T.);
#6230=CARTESIAN_POINT('',(330.,-6.87664,349.99617));
#6231=VERTEX_POINT('',#6230);
#6232=DIRECTION('',(-1.,0.,0.));
#6233=VECTOR('',#6232,7.);
#6234=LINE('',#6223,#6233);
#6235=EDGE_CURVE('',#6224,#6231,#6234,.T.);
#6236=ORIENTED_EDGE('',*,*,#6235,.T.);
#6237=DIRECTION('',(0.,0.45399,0.89101));
#6238=VECTOR('',#6237,2.65939);
#6239=LINE('',#6202,#6238);
#6240=EDGE_CURVE('',#6203,#6231,#6239,.T.);
#6241=ORIENTED_EDGE('',*,*,#6240,.F.);
#6242=ORIENTED_EDGE('',*,*,#6207,.F.);
#6243=EDGE_LOOP('',(#6229,#6236,#6241,#6242));
#6244=FACE_OUTER_BOUND('',#6243,.T.);
#6245=CARTESIAN_POINT('',(337.,-8.08398,347.62664));
#6246=DIRECTION('',(0.,-0.89101,0.45399));
#6247=DIRECTION('',(0.,0.45399,0.89101));
#6248=AXIS2_PLACEMENT_3D('',#6245,#6246,#6247);
#6249=PLANE('',#6248);
#6250=ADVANCED_FACE('',(#6244),#6249,.T.);
#6251=CARTESIAN_POINT('',(337.,-4.99617,351.87664));
#6252=VERTEX_POINT('',#6251);
#6253=DIRECTION('',(0.,0.70711,0.70711));
#6254=VECTOR('',#6253,2.65939);
#6255=LINE('',#6223,#6254);
#6256=EDGE_CURVE('',#6224,#6252,#6255,.T.);
#6257=ORIENTED_EDGE('',*,*,#6256,.T.);
#6258=CARTESIAN_POINT('',(330.,-4.99617,351.87664));
#6259=VERTEX_POINT('',#6258);
#6260=DIRECTION('',(-1.,0.,0.));
#6261=VECTOR('',#6260,7.);
#6262=LINE('',#6251,#6261);
#6263=EDGE_CURVE('',#6252,#6259,#6262,.T.);
#6264=ORIENTED_EDGE('',*,*,#6263,.T.);
#6265=DIRECTION('',(0.,0.70711,0.70711));
#6266=VECTOR('',#6265,2.65939);
#6267=LINE('',#6230,#6266);
#6268=EDGE_CURVE('',#6231,#6259,#6267,.T.);
#6269=ORIENTED_EDGE('',*,*,#6268,.F.);
#6270=ORIENTED_EDGE('',*,*,#6235,.F.);
#6271=EDGE_LOOP('',(#6257,#6264,#6269,#6270));
#6272=FACE_OUTER_BOUND('',#6271,.T.);
#6273=CARTESIAN_POINT('',(337.,-6.87664,349.99617));
#6274=DIRECTION('',(0.,-0.70711,0.70711));
#6275=DIRECTION('',(0.,0.70711,0.70711));
#6276=AXIS2_PLACEMENT_3D('',#6273,#6274,#6275);
#6277=PLANE('',#6276);
#6278=ADVANCED_FACE('',(#6272),#6277,.T.);
#6279=CARTESIAN_POINT('',(337.,-2.62664,353.08398));
#6280=VERTEX_POINT('',#6279);
#6281=DIRECTION('',(0.,0.89101,0.45399));
#6282=VECTOR('',#6281,2.65939);
#6283=LINE('',#6251,#6282);
#6284=EDGE_CURVE('',#6252,#6280,#6283,.T.);
#6285=ORIENTED_EDGE('',*,*,#6284,.T.);
#6286=CARTESIAN_POINT('',(330.,-2.62664,353.08398));
#6287=VERTEX_POINT('',#6286);
#6288=DIRECTION('',(-1.,0.,0.));
#6289=VECTOR('',#6288,7.);
#6290=LINE('',#6279,#6289);
#6291=EDGE_CURVE('',#6280,#6287,#6290,.T.);
#6292=ORIENTED_EDGE('',*,*,#6291,.T.);
#6293=DIRECTION('',(0.,0.89101,0.45399));
#6294=VECTOR('',#6293,2.65939);
#6295=LINE('',#6258,#6294);
#6296=EDGE_CURVE('',#6259,#6287,#6295,.T.);
#6297=ORIENTED_EDGE('',*,*,#6296,.F.);
#6298=ORIENTED_EDGE('',*,*,#6263,.F.);
#6299=EDGE_LOOP('',(#6285,#6292,#6297,#6298));
#6300=FACE_OUTER_BOUND('',#6299,.T.);
#6301=CARTESIAN_POINT('',(337.,-4.99617,351.87664));
#6302=DIRECTION('',(0.,-0.45399,0.89101));
#6303=DIRECTION('',(0.,0.89101,0.45399));
#6304=AXIS2_PLACEMENT_3D('',#6301,#6302,#6303);
#6305=PLANE('',#6304);
#6306=ADVANCED_FACE('',(#6300),#6305,.T.);
#6307=DIRECTION('',(0.,-0.98769,-0.15643));
#6308=VECTOR('',#6307,2.65939);
#6309=LINE('',#5767,#6308);
#6310=EDGE_CURVE('',#5768,#6280,#6309,.T.);
#6311=ORIENTED_EDGE('',*,*,#6310,.F.);
#6312=ORIENTED_EDGE('',*,*,#5793,.T.);
#6313=DIRECTION('',(0.,-0.98769,-0.15643));
#6314=VECTOR('',#6313,2.65939);
#6315=LINE('',#5783,#6314);
#6316=EDGE_CURVE('',#5784,#6287,#6315,.T.);
#6317=ORIENTED_EDGE('',*,*,#6316,.T.);
#6318=ORIENTED_EDGE('',*,*,#6291,.F.);
#6319=EDGE_LOOP('',(#6311,#6312,#6317,#6318));
#6320=FACE_OUTER_BOUND('',#6319,.T.);
#6321=CARTESIAN_POINT('',(337.,-2.62664,353.08398));
#6322=DIRECTION('',(0.,-0.15643,0.98769));
#6323=DIRECTION('',(0.,0.98769,0.15643));
#6324=AXIS2_PLACEMENT_3D('',#6321,#6322,#6323);
#6325=PLANE('',#6324);
#6326=ADVANCED_FACE('',(#6320),#6325,.T.);
#6327=ORIENTED_EDGE('',*,*,#6284,.F.);
#6328=ORIENTED_EDGE('',*,*,#6256,.F.);
#6329=ORIENTED_EDGE('',*,*,#6228,.F.);
#6330=ORIENTED_EDGE('',*,*,#6200,.F.);
#6331=ORIENTED_EDGE('',*,*,#6172,.F.);
#6332=ORIENTED_EDGE('',*,*,#6144,.F.);
#6333=ORIENTED_EDGE('',*,*,#6116,.F.);
#6334=ORIENTED_EDGE('',*,*,#6088,.F.);
#6335=ORIENTED_EDGE('',*,*,#6060,.F.);
#6336=ORIENTED_EDGE('',*,*,#6032,.F.);
#6337=ORIENTED_EDGE('',*,*,#6004,.F.);
#6338=ORIENTED_EDGE('',*,*,#5976,.F.);
#6339=ORIENTED_EDGE('',*,*,#5948,.F.);
#6340=ORIENTED_EDGE('',*,*,#5920,.F.);
#6341=ORIENTED_EDGE('',*,*,#5892,.F.);
#6342=ORIENTED_EDGE('',*,*,#5864,.F.);
#6343=ORIENTED_EDGE('',*,*,#5836,.F.);
#6344=ORIENTED_EDGE('',*,*,#5808,.F.);
#6345=ORIENTED_EDGE('',*,*,#5774,.F.);
#6346=ORIENTED_EDGE('',*,*,#6310,.T.);
#6347=EDGE_LOOP('',(#6327,#6328,#6329,#6330,#6331,#6332,#6333,#6334,#6335,#6336,#6337,#6338,#6339,#6340,#6341,#6342,#6343,#6344,#6345,#6346));
#6348=FACE_OUTER_BOUND('',#6347,.T.);
#6349=CARTESIAN_POINT('',(337.,-2.62664,353.08398));
#6350=DIRECTION('',(1.,0.,0.));
#6351=DIRECTION('',(0.,-0.89101,-0.45399));
#6352=AXIS2_PLACEMENT_3D('',#6349,#6350,#6351);
#6353=PLANE('',#6352);
#6354=ADVANCED_FACE('',(#6348),#6353,.T.);
#6355=ORIENTED_EDGE('',*,*,#5788,.T.);
#6356=ORIENTED_EDGE('',*,*,#5820,.T.);
#6357=ORIENTED_EDGE('',*,*,#5848,.T.);
#6358=ORIENTED_EDGE('',*,*,#5876,.T.);
#6359=ORIENTED_EDGE('',*,*,#5904,.T.);
#6360=ORIENTED_EDGE('',*,*,#5932,.T.);
#6361=ORIENTED_EDGE('',*,*,#5960,.T.);
#6362=ORIENTED_EDGE('',*,*,#5988,.T.);
#6363=ORIENTED_EDGE('',*,*,#6016,.T.);
#6364=ORIENTED_EDGE('',*,*,#6044,.T.);
#6365=ORIENTED_EDGE('',*,*,#6072,.T.);
#6366=ORIENTED_EDGE('',*,*,#6100,.T.);
#6367=ORIENTED_EDGE('',*,*,#6128,.T.);
#6368=ORIENTED_EDGE('',*,*,#6156,.T.);
#6369=ORIENTED_EDGE('',*,*,#6184,.T.);
#6370=ORIENTED_EDGE('',*,*,#6212,.T.);
#6371=ORIENTED_EDGE('',*,*,#6240,.T.);
#6372=ORIENTED_EDGE('',*,*,#6268,.T.);
#6373=ORIENTED_EDGE('',*,*,#6296,.T.);
#6374=ORIENTED_EDGE('',*,*,#6316,.F.);
#6375=EDGE_LOOP('',(#6355,#6356,#6357,#6358,#6359,#6360,#6361,#6362,#6363,#6364,#6365,#6366,#6367,#6368,#6369,#6370,#6371,#6372,#6373,#6374));
#6376=FACE_OUTER_BOUND('',#6375,.T.);
#6377=CARTESIAN_POINT('',(330.,0.,353.5));
#6378=DIRECTION('',(-1.,0.,0.));
#6379=DIRECTION('',(0.,0.98769,-0.15643));
#6380=AXIS2_PLACEMENT_3D('',#6377,#6378,#6379);
#6381=PLANE('',#6380);
#6382=ADVANCED_FACE('',(#6376),#6381,.T.);
#6383=CLOSED_SHELL('',(#5802,#5830,#5858,#5886,#5914,#5942,#5970,#5998,#6026,#6054,#6082,#6110,#6138,#6166,#6194,#6222,#6250,#6278,#6306,#6326,#6354,#6382));
#6384=MANIFOLD_SOLID_BREP('',#6383);
#6385=STYLED_ITEM('color',(#3930),#6384);
#6386=CARTESIAN_POINT('',(345.,46.35085,356.));
#6387=VERTEX_POINT('',#6386);
#6388=CARTESIAN_POINT('',(345.,52.70171,345.));
#6389=VERTEX_POINT('',#6388);
#6390=DIRECTION('',(0.,0.5,-0.86603));
#6391=VECTOR('',#6390,12.70171);
#6392=LINE('',#6386,#6391);
#6393=EDGE_CURVE('',#6387,#6389,#6392,.T.);
#6394=ORIENTED_EDGE('',*,*,#6393,.T.);
#6395=CARTESIAN_POINT('',(337.,52.70171,345.));
#6396=VERTEX_POINT('',#6395);
#6397=DIRECTION('',(-1.,0.,0.));
#6398=VECTOR('',#6397,8.);
#6399=LINE('',#6388,#6398);
#6400=EDGE_CURVE('',#6389,#6396,#6399,.T.);
#6401=ORIENTED_EDGE('',*,*,#6400,.T.);
#6402=CARTESIAN_POINT('',(337.,46.35085,356.));
#6403=VERTEX_POINT('',#6402);
#6404=DIRECTION('',(0.,0.5,-0.86603));
#6405=VECTOR('',#6404,12.70171);
#6406=LINE('',#6402,#6405);
#6407=EDGE_CURVE('',#6403,#6396,#6406,.T.);
#6408=ORIENTED_EDGE('',*,*,#6407,.F.);
#6409=DIRECTION('',(-1.,0.,0.));
#6410=VECTOR('',#6409,8.);
#6411=LINE('',#6386,#6410);
#6412=EDGE_CURVE('',#6387,#6403,#6411,.T.);
#6413=ORIENTED_EDGE('',*,*,#6412,.F.);
#6414=EDGE_LOOP('',(#6394,#6401,#6408,#6413));
#6415=FACE_OUTER_BOUND('',#6414,.T.);
#6416=CARTESIAN_POINT('',(345.,46.35085,356.));
#6417=DIRECTION('',(0.,0.86603,0.5));
#6418=DIRECTION('',(0.,0.5,-0.86603));
#6419=AXIS2_PLACEMENT_3D('',#6416,#6417,#6418);
#6420=PLANE('',#6419);
#6421=ADVANCED_FACE('',(#6415),#6420,.T.);
#6422=CARTESIAN_POINT('',(345.,46.35085,334.));
#6423=VERTEX_POINT('',#6422);
#6424=DIRECTION('',(0.,-0.5,-0.86603));
#6425=VECTOR('',#6424,12.70171);
#6426=LINE('',#6388,#6425);
#6427=EDGE_CURVE('',#6389,#6423,#6426,.T.);
#6428=ORIENTED_EDGE('',*,*,#6427,.T.);
#6429=CARTESIAN_POINT('',(337.,46.35085,334.));
#6430=VERTEX_POINT('',#6429);
#6431=DIRECTION('',(-1.,0.,0.));
#6432=VECTOR('',#6431,8.);
#6433=LINE('',#6422,#6432);
#6434=EDGE_CURVE('',#6423,#6430,#6433,.T.);
#6435=ORIENTED_EDGE('',*,*,#6434,.T.);
#6436=DIRECTION('',(0.,-0.5,-0.86603));
#6437=VECTOR('',#6436,12.70171);
#6438=LINE('',#6395,#6437);
#6439=EDGE_CURVE('',#6396,#6430,#6438,.T.);
#6440=ORIENTED_EDGE('',*,*,#6439,.F.);
#6441=ORIENTED_EDGE('',*,*,#6400,.F.);
#6442=EDGE_LOOP('',(#6428,#6435,#6440,#6441));
#6443=FACE_OUTER_BOUND('',#6442,.T.);
#6444=CARTESIAN_POINT('',(345.,52.70171,345.));
#6445=DIRECTION('',(0.,0.86603,-0.5));
#6446=DIRECTION('',(0.,-0.5,-0.86603));
#6447=AXIS2_PLACEMENT_3D('',#6444,#6445,#6446);
#6448=PLANE('',#6447);
#6449=ADVANCED_FACE('',(#6443),#6448,.T.);
#6450=CARTESIAN_POINT('',(345.,33.64915,334.));
#6451=VERTEX_POINT('',#6450);
#6452=DIRECTION('',(0.,-1.,0.));
#6453=VECTOR('',#6452,12.70171);
#6454=LINE('',#6422,#6453);
#6455=EDGE_CURVE('',#6423,#6451,#6454,.T.);
#6456=ORIENTED_EDGE('',*,*,#6455,.T.);
#6457=CARTESIAN_POINT('',(337.,33.64915,334.));
#6458=VERTEX_POINT('',#6457);
#6459=DIRECTION('',(-1.,0.,0.));
#6460=VECTOR('',#6459,8.);
#6461=LINE('',#6450,#6460);
#6462=EDGE_CURVE('',#6451,#6458,#6461,.T.);
#6463=ORIENTED_EDGE('',*,*,#6462,.T.);
#6464=DIRECTION('',(0.,-1.,0.));
#6465=VECTOR('',#6464,12.70171);
#6466=LINE('',#6429,#6465);
#6467=EDGE_CURVE('',#6430,#6458,#6466,.T.);
#6468=ORIENTED_EDGE('',*,*,#6467,.F.);
#6469=ORIENTED_EDGE('',*,*,#6434,.F.);
#6470=EDGE_LOOP('',(#6456,#6463,#6468,#6469));
#6471=FACE_OUTER_BOUND('',#6470,.T.);
#6472=CARTESIAN_POINT('',(345.,46.35085,334.));
#6473=DIRECTION('',(0.,0.,-1.));
#6474=DIRECTION('',(0.,-1.,0.));
#6475=AXIS2_PLACEMENT_3D('',#6472,#6473,#6474);
#6476=PLANE('',#6475);
#6477=ADVANCED_FACE('',(#6471),#6476,.T.);
#6478=CARTESIAN_POINT('',(345.,27.29829,345.));
#6479=VERTEX_POINT('',#6478);
#6480=DIRECTION('',(0.,-0.5,0.86603));
#6481=VECTOR('',#6480,12.70171);
#6482=LINE('',#6450,#6481);
#6483=EDGE_CURVE('',#6451,#6479,#6482,.T.);
#6484=ORIENTED_EDGE('',*,*,#6483,.T.);
#6485=CARTESIAN_POINT('',(337.,27.29829,345.));
#6486=VERTEX_POINT('',#6485);
#6487=DIRECTION('',(-1.,0.,0.));
#6488=VECTOR('',#6487,8.);
#6489=LINE('',#6478,#6488);
#6490=EDGE_CURVE('',#6479,#6486,#6489,.T.);
#6491=ORIENTED_EDGE('',*,*,#6490,.T.);
#6492=DIRECTION('',(0.,-0.5,0.86603));
#6493=VECTOR('',#6492,12.70171);
#6494=LINE('',#6457,#6493);
#6495=EDGE_CURVE('',#6458,#6486,#6494,.T.);
#6496=ORIENTED_EDGE('',*,*,#6495,.F.);
#6497=ORIENTED_EDGE('',*,*,#6462,.F.);
#6498=EDGE_LOOP('',(#6484,#6491,#6496,#6497));
#6499=FACE_OUTER_BOUND('',#6498,.T.);
#6500=CARTESIAN_POINT('',(345.,33.64915,334.));
#6501=DIRECTION('',(0.,-0.86603,-0.5));
#6502=DIRECTION('',(0.,-0.5,0.86603));
#6503=AXIS2_PLACEMENT_3D('',#6500,#6501,#6502);
#6504=PLANE('',#6503);
#6505=ADVANCED_FACE('',(#6499),#6504,.T.);
#6506=CARTESIAN_POINT('',(345.,33.64915,356.));
#6507=VERTEX_POINT('',#6506);
#6508=DIRECTION('',(0.,0.5,0.86603));
#6509=VECTOR('',#6508,12.70171);
#6510=LINE('',#6478,#6509);
#6511=EDGE_CURVE('',#6479,#6507,#6510,.T.);
#6512=ORIENTED_EDGE('',*,*,#6511,.T.);
#6513=CARTESIAN_POINT('',(337.,33.64915,356.));
#6514=VERTEX_POINT('',#6513);
#6515=DIRECTION('',(-1.,0.,0.));
#6516=VECTOR('',#6515,8.);
#6517=LINE('',#6506,#6516);
#6518=EDGE_CURVE('',#6507,#6514,#6517,.T.);
#6519=ORIENTED_EDGE('',*,*,#6518,.T.);
#6520=DIRECTION('',(0.,0.5,0.86603));
#6521=VECTOR('',#6520,12.70171);
#6522=LINE('',#6485,#6521);
#6523=EDGE_CURVE('',#6486,#6514,#6522,.T.);
#6524=ORIENTED_EDGE('',*,*,#6523,.F.);
#6525=ORIENTED_EDGE('',*,*,#6490,.F.);
#6526=EDGE_LOOP('',(#6512,#6519,#6524,#6525));
#6527=FACE_OUTER_BOUND('',#6526,.T.);
#6528=CARTESIAN_POINT('',(345.,27.29829,345.));
#6529=DIRECTION('',(0.,-0.86603,0.5));
#6530=DIRECTION('',(0.,0.5,0.86603));
#6531=AXIS2_PLACEMENT_3D('',#6528,#6529,#6530);
#6532=PLANE('',#6531);
#6533=ADVANCED_FACE('',(#6527),#6532,.T.);
#6534=DIRECTION('',(0.,-1.,0.));
#6535=VECTOR('',#6534,12.70171);
#6536=LINE('',#6386,#6535);
#6537=EDGE_CURVE('',#6387,#6507,#6536,.T.);
#6538=ORIENTED_EDGE('',*,*,#6537,.F.);
#6539=ORIENTED_EDGE('',*,*,#6412,.T.);
#6540=DIRECTION('',(0.,-1.,0.));
#6541=VECTOR('',#6540,12.70171);
#6542=LINE('',#6402,#6541);
#6543=EDGE_CURVE('',#6403,#6514,#6542,.T.);
#6544=ORIENTED_EDGE('',*,*,#6543,.T.);
#6545=ORIENTED_EDGE('',*,*,#6518,.F.);
#6546=EDGE_LOOP('',(#6538,#6539,#6544,#6545));
#6547=FACE_OUTER_BOUND('',#6546,.T.);
#6548=CARTESIAN_POINT('',(345.,33.64915,356.));
#6549=DIRECTION('',(0.,0.,1.));
#6550=DIRECTION('',(0.,1.,0.));
#6551=AXIS2_PLACEMENT_3D('',#6548,#6549,#6550);
#6552=PLANE('',#6551);
#6553=ADVANCED_FACE('',(#6547),#6552,.T.);
#6554=ORIENTED_EDGE('',*,*,#6511,.F.);
#6555=ORIENTED_EDGE('',*,*,#6483,.F.);
#6556=ORIENTED_EDGE('',*,*,#6455,.F.);
#6557=ORIENTED_EDGE('',*,*,#6427,.F.);
#6558=ORIENTED_EDGE('',*,*,#6393,.F.);
#6559=ORIENTED_EDGE('',*,*,#6537,.T.);
#6560=EDGE_LOOP('',(#6554,#6555,#6556,#6557,#6558,#6559));
#6561=FACE_OUTER_BOUND('',#6560,.T.);
#6562=CARTESIAN_POINT('',(345.,33.64915,356.));
#6563=DIRECTION('',(1.,0.,0.));
#6564=DIRECTION('',(0.,-0.5,-0.86603));
#6565=AXIS2_PLACEMENT_3D('',#6562,#6563,#6564);
#6566=PLANE('',#6565);
#6567=ADVANCED_FACE('',(#6561),#6566,.T.);
#6568=ORIENTED_EDGE('',*,*,#6407,.T.);
#6569=ORIENTED_EDGE('',*,*,#6439,.T.);
#6570=ORIENTED_EDGE('',*,*,#6467,.T.);
#6571=ORIENTED_EDGE('',*,*,#6495,.T.);
#6572=ORIENTED_EDGE('',*,*,#6523,.T.);
#6573=ORIENTED_EDGE('',*,*,#6543,.F.);
#6574=EDGE_LOOP('',(#6568,#6569,#6570,#6571,#6572,#6573));
#6575=FACE_OUTER_BOUND('',#6574,.T.);
#6576=CARTESIAN_POINT('',(337.,46.35085,356.));
#6577=DIRECTION('',(-1.,0.,0.));
#6578=DIRECTION('',(0.,0.5,-0.86603));
#6579=AXIS2_PLACEMENT_3D('',#6576,#6577,#6578);
#6580=PLANE('',#6579);
#6581=ADVANCED_FACE('',(#6575),#6580,.T.);
#6582=CLOSED_SHELL('',(#6421,#6449,#6477,#6505,#6533,#6553,#6567,#6581));
#6583=MANIFOLD_SOLID_BREP('',#6582);
#6584=STYLED_ITEM('color',(#3930),#6583);
#6585=CARTESIAN_POINT('',(337.,40.,353.5));
#6586=VERTEX_POINT('',#6585);
#6587=CARTESIAN_POINT('',(337.,42.62664,353.08398));
#6588=VERTEX_POINT('',#6587);
#6589=DIRECTION('',(0.,0.98769,-0.15643));
#6590=VECTOR('',#6589,2.65939);
#6591=LINE('',#6585,#6590);
#6592=EDGE_CURVE('',#6586,#6588,#6591,.T.);
#6593=ORIENTED_EDGE('',*,*,#6592,.T.);
#6594=CARTESIAN_POINT('',(330.,42.62664,353.08398));
#6595=VERTEX_POINT('',#6594);
#6596=DIRECTION('',(-1.,0.,0.));
#6597=VECTOR('',#6596,7.);
#6598=LINE('',#6587,#6597);
#6599=EDGE_CURVE('',#6588,#6595,#6598,.T.);
#6600=ORIENTED_EDGE('',*,*,#6599,.T.);
#6601=CARTESIAN_POINT('',(330.,40.,353.5));
#6602=VERTEX_POINT('',#6601);
#6603=DIRECTION('',(0.,0.98769,-0.15643));
#6604=VECTOR('',#6603,2.65939);
#6605=LINE('',#6601,#6604);
#6606=EDGE_CURVE('',#6602,#6595,#6605,.T.);
#6607=ORIENTED_EDGE('',*,*,#6606,.F.);
#6608=DIRECTION('',(-1.,0.,0.));
#6609=VECTOR('',#6608,7.);
#6610=LINE('',#6585,#6609);
#6611=EDGE_CURVE('',#6586,#6602,#6610,.T.);
#6612=ORIENTED_EDGE('',*,*,#6611,.F.);
#6613=EDGE_LOOP('',(#6593,#6600,#6607,#6612));
#6614=FACE_OUTER_BOUND('',#6613,.T.);
#6615=CARTESIAN_POINT('',(337.,40.,353.5));
#6616=DIRECTION('',(0.,0.15643,0.98769));
#6617=DIRECTION('',(0.,0.98769,-0.15643));
#6618=AXIS2_PLACEMENT_3D('',#6615,#6616,#6617);
#6619=PLANE('',#6618);
#6620=ADVANCED_FACE('',(#6614),#6619,.T.);
#6621=CARTESIAN_POINT('',(337.,44.99617,351.87664));
#6622=VERTEX_POINT('',#6621);
#6623=DIRECTION('',(0.,0.89101,-0.45399));
#6624=VECTOR('',#6623,2.65939);
#6625=LINE('',#6587,#6624);
#6626=EDGE_CURVE('',#6588,#6622,#6625,.T.);
#6627=ORIENTED_EDGE('',*,*,#6626,.T.);
#6628=CARTESIAN_POINT('',(330.,44.99617,351.87664));
#6629=VERTEX_POINT('',#6628);
#6630=DIRECTION('',(-1.,0.,0.));
#6631=VECTOR('',#6630,7.);
#6632=LINE('',#6621,#6631);
#6633=EDGE_CURVE('',#6622,#6629,#6632,.T.);
#6634=ORIENTED_EDGE('',*,*,#6633,.T.);
#6635=DIRECTION('',(0.,0.89101,-0.45399));
#6636=VECTOR('',#6635,2.65939);
#6637=LINE('',#6594,#6636);
#6638=EDGE_CURVE('',#6595,#6629,#6637,.T.);
#6639=ORIENTED_EDGE('',*,*,#6638,.F.);
#6640=ORIENTED_EDGE('',*,*,#6599,.F.);
#6641=EDGE_LOOP('',(#6627,#6634,#6639,#6640));
#6642=FACE_OUTER_BOUND('',#6641,.T.);
#6643=CARTESIAN_POINT('',(337.,42.62664,353.08398));
#6644=DIRECTION('',(0.,0.45399,0.89101));
#6645=DIRECTION('',(0.,0.89101,-0.45399));
#6646=AXIS2_PLACEMENT_3D('',#6643,#6644,#6645);
#6647=PLANE('',#6646);
#6648=ADVANCED_FACE('',(#6642),#6647,.T.);
#6649=CARTESIAN_POINT('',(337.,46.87664,349.99617));
#6650=VERTEX_POINT('',#6649);
#6651=DIRECTION('',(0.,0.70711,-0.70711));
#6652=VECTOR('',#6651,2.65939);
#6653=LINE('',#6621,#6652);
#6654=EDGE_CURVE('',#6622,#6650,#6653,.T.);
#6655=ORIENTED_EDGE('',*,*,#6654,.T.);
#6656=CARTESIAN_POINT('',(330.,46.87664,349.99617));
#6657=VERTEX_POINT('',#6656);
#6658=DIRECTION('',(-1.,0.,0.));
#6659=VECTOR('',#6658,7.);
#6660=LINE('',#6649,#6659);
#6661=EDGE_CURVE('',#6650,#6657,#6660,.T.);
#6662=ORIENTED_EDGE('',*,*,#6661,.T.);
#6663=DIRECTION('',(0.,0.70711,-0.70711));
#6664=VECTOR('',#6663,2.65939);
#6665=LINE('',#6628,#6664);
#6666=EDGE_CURVE('',#6629,#6657,#6665,.T.);
#6667=ORIENTED_EDGE('',*,*,#6666,.F.);
#6668=ORIENTED_EDGE('',*,*,#6633,.F.);
#6669=EDGE_LOOP('',(#6655,#6662,#6667,#6668));
#6670=FACE_OUTER_BOUND('',#6669,.T.);
#6671=CARTESIAN_POINT('',(337.,44.99617,351.87664));
#6672=DIRECTION('',(0.,0.70711,0.70711));
#6673=DIRECTION('',(0.,0.70711,-0.70711));
#6674=AXIS2_PLACEMENT_3D('',#6671,#6672,#6673);
#6675=PLANE('',#6674);
#6676=ADVANCED_FACE('',(#6670),#6675,.T.);
#6677=CARTESIAN_POINT('',(337.,48.08398,347.62664));
#6678=VERTEX_POINT('',#6677);
#6679=DIRECTION('',(0.,0.45399,-0.89101));
#6680=VECTOR('',#6679,2.65939);
#6681=LINE('',#6649,#6680);
#6682=EDGE_CURVE('',#6650,#6678,#6681,.T.);
#6683=ORIENTED_EDGE('',*,*,#6682,.T.);
#6684=CARTESIAN_POINT('',(330.,48.08398,347.62664));
#6685=VERTEX_POINT('',#6684);
#6686=DIRECTION('',(-1.,0.,0.));
#6687=VECTOR('',#6686,7.);
#6688=LINE('',#6677,#6687);
#6689=EDGE_CURVE('',#6678,#6685,#6688,.T.);
#6690=ORIENTED_EDGE('',*,*,#6689,.T.);
#6691=DIRECTION('',(0.,0.45399,-0.89101));
#6692=VECTOR('',#6691,2.65939);
#6693=LINE('',#6656,#6692);
#6694=EDGE_CURVE('',#6657,#6685,#6693,.T.);
#6695=ORIENTED_EDGE('',*,*,#6694,.F.);
#6696=ORIENTED_EDGE('',*,*,#6661,.F.);
#6697=EDGE_LOOP('',(#6683,#6690,#6695,#6696));
#6698=FACE_OUTER_BOUND('',#6697,.T.);
#6699=CARTESIAN_POINT('',(337.,46.87664,349.99617));
#6700=DIRECTION('',(0.,0.89101,0.45399));
#6701=DIRECTION('',(0.,0.45399,-0.89101));
#6702=AXIS2_PLACEMENT_3D('',#6699,#6700,#6701);
#6703=PLANE('',#6702);
#6704=ADVANCED_FACE('',(#6698),#6703,.T.);
#6705=CARTESIAN_POINT('',(337.,48.5,345.));
#6706=VERTEX_POINT('',#6705);
#6707=DIRECTION('',(0.,0.15643,-0.98769));
#6708=VECTOR('',#6707,2.65939);
#6709=LINE('',#6677,#6708);
#6710=EDGE_CURVE('',#6678,#6706,#6709,.T.);
#6711=ORIENTED_EDGE('',*,*,#6710,.T.);
#6712=CARTESIAN_POINT('',(330.,48.5,345.));
#6713=VERTEX_POINT('',#6712);
#6714=DIRECTION('',(-1.,0.,0.));
#6715=VECTOR('',#6714,7.);
#6716=LINE('',#6705,#6715);
#6717=EDGE_CURVE('',#6706,#6713,#6716,.T.);
#6718=ORIENTED_EDGE('',*,*,#6717,.T.);
#6719=DIRECTION('',(0.,0.15643,-0.98769));
#6720=VECTOR('',#6719,2.65939);
#6721=LINE('',#6684,#6720);
#6722=EDGE_CURVE('',#6685,#6713,#6721,.T.);
#6723=ORIENTED_EDGE('',*,*,#6722,.F.);
#6724=ORIENTED_EDGE('',*,*,#6689,.F.);
#6725=EDGE_LOOP('',(#6711,#6718,#6723,#6724));
#6726=FACE_OUTER_BOUND('',#6725,.T.);
#6727=CARTESIAN_POINT('',(337.,48.08398,347.62664));
#6728=DIRECTION('',(0.,0.98769,0.15643));
#6729=DIRECTION('',(0.,0.15643,-0.98769));
#6730=AXIS2_PLACEMENT_3D('',#6727,#6728,#6729);
#6731=PLANE('',#6730);
#6732=ADVANCED_FACE('',(#6726),#6731,.T.);
#6733=CARTESIAN_POINT('',(337.,48.08398,342.37336));
#6734=VERTEX_POINT('',#6733);
#6735=DIRECTION('',(0.,-0.15643,-0.98769));
#6736=VECTOR('',#6735,2.65939);
#6737=LINE('',#6705,#6736);
#6738=EDGE_CURVE('',#6706,#6734,#6737,.T.);
#6739=ORIENTED_EDGE('',*,*,#6738,.T.);
#6740=CARTESIAN_POINT('',(330.,48.08398,342.37336));
#6741=VERTEX_POINT('',#6740);
#6742=DIRECTION('',(-1.,0.,0.));
#6743=VECTOR('',#6742,7.);
#6744=LINE('',#6733,#6743);
#6745=EDGE_CURVE('',#6734,#6741,#6744,.T.);
#6746=ORIENTED_EDGE('',*,*,#6745,.T.);
#6747=DIRECTION('',(0.,-0.15643,-0.98769));
#6748=VECTOR('',#6747,2.65939);
#6749=LINE('',#6712,#6748);
#6750=EDGE_CURVE('',#6713,#6741,#6749,.T.);
#6751=ORIENTED_EDGE('',*,*,#6750,.F.);
#6752=ORIENTED_EDGE('',*,*,#6717,.F.);
#6753=EDGE_LOOP('',(#6739,#6746,#6751,#6752));
#6754=FACE_OUTER_BOUND('',#6753,.T.);
#6755=CARTESIAN_POINT('',(337.,48.5,345.));
#6756=DIRECTION('',(0.,0.98769,-0.15643));
#6757=DIRECTION('',(0.,-0.15643,-0.98769));
#6758=AXIS2_PLACEMENT_3D('',#6755,#6756,#6757);
#6759=PLANE('',#6758);
#6760=ADVANCED_FACE('',(#6754),#6759,.T.);
#6761=CARTESIAN_POINT('',(337.,46.87664,340.00383));
#6762=VERTEX_POINT('',#6761);
#6763=DIRECTION('',(0.,-0.45399,-0.89101));
#6764=VECTOR('',#6763,2.65939);
#6765=LINE('',#6733,#6764);
#6766=EDGE_CURVE('',#6734,#6762,#6765,.T.);
#6767=ORIENTED_EDGE('',*,*,#6766,.T.);
#6768=CARTESIAN_POINT('',(330.,46.87664,340.00383));
#6769=VERTEX_POINT('',#6768);
#6770=DIRECTION('',(-1.,0.,0.));
#6771=VECTOR('',#6770,7.);
#6772=LINE('',#6761,#6771);
#6773=EDGE_CURVE('',#6762,#6769,#6772,.T.);
#6774=ORIENTED_EDGE('',*,*,#6773,.T.);
#6775=DIRECTION('',(0.,-0.45399,-0.89101));
#6776=VECTOR('',#6775,2.65939);
#6777=LINE('',#6740,#6776);
#6778=EDGE_CURVE('',#6741,#6769,#6777,.T.);
#6779=ORIENTED_EDGE('',*,*,#6778,.F.);
#6780=ORIENTED_EDGE('',*,*,#6745,.F.);
#6781=EDGE_LOOP('',(#6767,#6774,#6779,#6780));
#6782=FACE_OUTER_BOUND('',#6781,.T.);
#6783=CARTESIAN_POINT('',(337.,48.08398,342.37336));
#6784=DIRECTION('',(0.,0.89101,-0.45399));
#6785=DIRECTION('',(0.,-0.45399,-0.89101));
#6786=AXIS2_PLACEMENT_3D('',#6783,#6784,#6785);
#6787=PLANE('',#6786);
#6788=ADVANCED_FACE('',(#6782),#6787,.T.);
#6789=CARTESIAN_POINT('',(337.,44.99617,338.12336));
#6790=VERTEX_POINT('',#6789);
#6791=DIRECTION('',(0.,-0.70711,-0.70711));
#6792=VECTOR('',#6791,2.65939);
#6793=LINE('',#6761,#6792);
#6794=EDGE_CURVE('',#6762,#6790,#6793,.T.);
#6795=ORIENTED_EDGE('',*,*,#6794,.T.);
#6796=CARTESIAN_POINT('',(330.,44.99617,338.12336));
#6797=VERTEX_POINT('',#6796);
#6798=DIRECTION('',(-1.,0.,0.));
#6799=VECTOR('',#6798,7.);
#6800=LINE('',#6789,#6799);
#6801=EDGE_CURVE('',#6790,#6797,#6800,.T.);
#6802=ORIENTED_EDGE('',*,*,#6801,.T.);
#6803=DIRECTION('',(0.,-0.70711,-0.70711));
#6804=VECTOR('',#6803,2.65939);
#6805=LINE('',#6768,#6804);
#6806=EDGE_CURVE('',#6769,#6797,#6805,.T.);
#6807=ORIENTED_EDGE('',*,*,#6806,.F.);
#6808=ORIENTED_EDGE('',*,*,#6773,.F.);
#6809=EDGE_LOOP('',(#6795,#6802,#6807,#6808));
#6810=FACE_OUTER_BOUND('',#6809,.T.);
#6811=CARTESIAN_POINT('',(337.,46.87664,340.00383));
#6812=DIRECTION('',(0.,0.70711,-0.70711));
#6813=DIRECTION('',(0.,-0.70711,-0.70711));
#6814=AXIS2_PLACEMENT_3D('',#6811,#6812,#6813);
#6815=PLANE('',#6814);
#6816=ADVANCED_FACE('',(#6810),#6815,.T.);
#6817=CARTESIAN_POINT('',(337.,42.62664,336.91602));
#6818=VERTEX_POINT('',#6817);
#6819=DIRECTION('',(0.,-0.89101,-0.45399));
#6820=VECTOR('',#6819,2.65939);
#6821=LINE('',#6789,#6820);
#6822=EDGE_CURVE('',#6790,#6818,#6821,.T.);
#6823=ORIENTED_EDGE('',*,*,#6822,.T.);
#6824=CARTESIAN_POINT('',(330.,42.62664,336.91602));
#6825=VERTEX_POINT('',#6824);
#6826=DIRECTION('',(-1.,0.,0.));
#6827=VECTOR('',#6826,7.);
#6828=LINE('',#6817,#6827);
#6829=EDGE_CURVE('',#6818,#6825,#6828,.T.);
#6830=ORIENTED_EDGE('',*,*,#6829,.T.);
#6831=DIRECTION('',(0.,-0.89101,-0.45399));
#6832=VECTOR('',#6831,2.65939);
#6833=LINE('',#6796,#6832);
#6834=EDGE_CURVE('',#6797,#6825,#6833,.T.);
#6835=ORIENTED_EDGE('',*,*,#6834,.F.);
#6836=ORIENTED_EDGE('',*,*,#6801,.F.);
#6837=EDGE_LOOP('',(#6823,#6830,#6835,#6836));
#6838=FACE_OUTER_BOUND('',#6837,.T.);
#6839=CARTESIAN_POINT('',(337.,44.99617,338.12336));
#6840=DIRECTION('',(0.,0.45399,-0.89101));
#6841=DIRECTION('',(0.,-0.89101,-0.45399));
#6842=AXIS2_PLACEMENT_3D('',#6839,#6840,#6841);
#6843=PLANE('',#6842);
#6844=ADVANCED_FACE('',(#6838),#6843,.T.);
#6845=CARTESIAN_POINT('',(337.,40.,336.5));
#6846=VERTEX_POINT('',#6845);
#6847=DIRECTION('',(0.,-0.98769,-0.15643));
#6848=VECTOR('',#6847,2.65939);
#6849=LINE('',#6817,#6848);
#6850=EDGE_CURVE('',#6818,#6846,#6849,.T.);
#6851=ORIENTED_EDGE('',*,*,#6850,.T.);
#6852=CARTESIAN_POINT('',(330.,40.,336.5));
#6853=VERTEX_POINT('',#6852);
#6854=DIRECTION('',(-1.,0.,0.));
#6855=VECTOR('',#6854,7.);
#6856=LINE('',#6845,#6855);
#6857=EDGE_CURVE('',#6846,#6853,#6856,.T.);
#6858=ORIENTED_EDGE('',*,*,#6857,.T.);
#6859=DIRECTION('',(0.,-0.98769,-0.15643));
#6860=VECTOR('',#6859,2.65939);
#6861=LINE('',#6824,#6860);
#6862=EDGE_CURVE('',#6825,#6853,#6861,.T.);
#6863=ORIENTED_EDGE('',*,*,#6862,.F.);
#6864=ORIENTED_EDGE('',*,*,#6829,.F.);
#6865=EDGE_LOOP('',(#6851,#6858,#6863,#6864));
#6866=FACE_OUTER_BOUND('',#6865,.T.);
#6867=CARTESIAN_POINT('',(337.,42.62664,336.91602));
#6868=DIRECTION('',(0.,0.15643,-0.98769));
#6869=DIRECTION('',(0.,-0.98769,-0.15643));
#6870=AXIS2_PLACEMENT_3D('',#6867,#6868,#6869);
#6871=PLANE('',#6870);
#6872=ADVANCED_FACE('',(#6866),#6871,.T.);
#6873=CARTESIAN_POINT('',(337.,37.37336,336.91602));
#6874=VERTEX_POINT('',#6873);
#6875=DIRECTION('',(0.,-0.98769,0.15643));
#6876=VECTOR('',#6875,2.65939);
#6877=LINE('',#6845,#6876);
#6878=EDGE_CURVE('',#6846,#6874,#6877,.T.);
#6879=ORIENTED_EDGE('',*,*,#6878,.T.);
#6880=CARTESIAN_POINT('',(330.,37.37336,336.91602));
#6881=VERTEX_POINT('',#6880);
#6882=DIRECTION('',(-1.,0.,0.));
#6883=VECTOR('',#6882,7.);
#6884=LINE('',#6873,#6883);
#6885=EDGE_CURVE('',#6874,#6881,#6884,.T.);
#6886=ORIENTED_EDGE('',*,*,#6885,.T.);
#6887=DIRECTION('',(0.,-0.98769,0.15643));
#6888=VECTOR('',#6887,2.65939);
#6889=LINE('',#6852,#6888);
#6890=EDGE_CURVE('',#6853,#6881,#6889,.T.);
#6891=ORIENTED_EDGE('',*,*,#6890,.F.);
#6892=ORIENTED_EDGE('',*,*,#6857,.F.);
#6893=EDGE_LOOP('',(#6879,#6886,#6891,#6892));
#6894=FACE_OUTER_BOUND('',#6893,.T.);
#6895=CARTESIAN_POINT('',(337.,40.,336.5));
#6896=DIRECTION('',(0.,-0.15643,-0.98769));
#6897=DIRECTION('',(0.,-0.98769,0.15643));
#6898=AXIS2_PLACEMENT_3D('',#6895,#6896,#6897);
#6899=PLANE('',#6898);
#6900=ADVANCED_FACE('',(#6894),#6899,.T.);
#6901=CARTESIAN_POINT('',(337.,35.00383,338.12336));
#6902=VERTEX_POINT('',#6901);
#6903=DIRECTION('',(0.,-0.89101,0.45399));
#6904=VECTOR('',#6903,2.65939);
#6905=LINE('',#6873,#6904);
#6906=EDGE_CURVE('',#6874,#6902,#6905,.T.);
#6907=ORIENTED_EDGE('',*,*,#6906,.T.);
#6908=CARTESIAN_POINT('',(330.,35.00383,338.12336));
#6909=VERTEX_POINT('',#6908);
#6910=DIRECTION('',(-1.,0.,0.));
#6911=VECTOR('',#6910,7.);
#6912=LINE('',#6901,#6911);
#6913=EDGE_CURVE('',#6902,#6909,#6912,.T.);
#6914=ORIENTED_EDGE('',*,*,#6913,.T.);
#6915=DIRECTION('',(0.,-0.89101,0.45399));
#6916=VECTOR('',#6915,2.65939);
#6917=LINE('',#6880,#6916);
#6918=EDGE_CURVE('',#6881,#6909,#6917,.T.);
#6919=ORIENTED_EDGE('',*,*,#6918,.F.);
#6920=ORIENTED_EDGE('',*,*,#6885,.F.);
#6921=EDGE_LOOP('',(#6907,#6914,#6919,#6920));
#6922=FACE_OUTER_BOUND('',#6921,.T.);
#6923=CARTESIAN_POINT('',(337.,37.37336,336.91602));
#6924=DIRECTION('',(0.,-0.45399,-0.89101));
#6925=DIRECTION('',(0.,-0.89101,0.45399));
#6926=AXIS2_PLACEMENT_3D('',#6923,#6924,#6925);
#6927=PLANE('',#6926);
#6928=ADVANCED_FACE('',(#6922),#6927,.T.);
#6929=CARTESIAN_POINT('',(337.,33.12336,340.00383));
#6930=VERTEX_POINT('',#6929);
#6931=DIRECTION('',(0.,-0.70711,0.70711));
#6932=VECTOR('',#6931,2.65939);
#6933=LINE('',#6901,#6932);
#6934=EDGE_CURVE('',#6902,#6930,#6933,.T.);
#6935=ORIENTED_EDGE('',*,*,#6934,.T.);
#6936=CARTESIAN_POINT('',(330.,33.12336,340.00383));
#6937=VERTEX_POINT('',#6936);
#6938=DIRECTION('',(-1.,0.,0.));
#6939=VECTOR('',#6938,7.);
#6940=LINE('',#6929,#6939);
#6941=EDGE_CURVE('',#6930,#6937,#6940,.T.);
#6942=ORIENTED_EDGE('',*,*,#6941,.T.);
#6943=DIRECTION('',(0.,-0.70711,0.70711));
#6944=VECTOR('',#6943,2.65939);
#6945=LINE('',#6908,#6944);
#6946=EDGE_CURVE('',#6909,#6937,#6945,.T.);
#6947=ORIENTED_EDGE('',*,*,#6946,.F.);
#6948=ORIENTED_EDGE('',*,*,#6913,.F.);
#6949=EDGE_LOOP('',(#6935,#6942,#6947,#6948));
#6950=FACE_OUTER_BOUND('',#6949,.T.);
#6951=CARTESIAN_POINT('',(337.,35.00383,338.12336));
#6952=DIRECTION('',(0.,-0.70711,-0.70711));
#6953=DIRECTION('',(0.,-0.70711,0.70711));
#6954=AXIS2_PLACEMENT_3D('',#6951,#6952,#6953);
#6955=PLANE('',#6954);
#6956=ADVANCED_FACE('',(#6950),#6955,.T.);
#6957=CARTESIAN_POINT('',(337.,31.91602,342.37336));
#6958=VERTEX_POINT('',#6957);
#6959=DIRECTION('',(0.,-0.45399,0.89101));
#6960=VECTOR('',#6959,2.65939);
#6961=LINE('',#6929,#6960);
#6962=EDGE_CURVE('',#6930,#6958,#6961,.T.);
#6963=ORIENTED_EDGE('',*,*,#6962,.T.);
#6964=CARTESIAN_POINT('',(330.,31.91602,342.37336));
#6965=VERTEX_POINT('',#6964);
#6966=DIRECTION('',(-1.,0.,0.));
#6967=VECTOR('',#6966,7.);
#6968=LINE('',#6957,#6967);
#6969=EDGE_CURVE('',#6958,#6965,#6968,.T.);
#6970=ORIENTED_EDGE('',*,*,#6969,.T.);
#6971=DIRECTION('',(0.,-0.45399,0.89101));
#6972=VECTOR('',#6971,2.65939);
#6973=LINE('',#6936,#6972);
#6974=EDGE_CURVE('',#6937,#6965,#6973,.T.);
#6975=ORIENTED_EDGE('',*,*,#6974,.F.);
#6976=ORIENTED_EDGE('',*,*,#6941,.F.);
#6977=EDGE_LOOP('',(#6963,#6970,#6975,#6976));
#6978=FACE_OUTER_BOUND('',#6977,.T.);
#6979=CARTESIAN_POINT('',(337.,33.12336,340.00383));
#6980=DIRECTION('',(0.,-0.89101,-0.45399));
#6981=DIRECTION('',(0.,-0.45399,0.89101));
#6982=AXIS2_PLACEMENT_3D('',#6979,#6980,#6981);
#6983=PLANE('',#6982);
#6984=ADVANCED_FACE('',(#6978),#6983,.T.);
#6985=CARTESIAN_POINT('',(337.,31.5,345.));
#6986=VERTEX_POINT('',#6985);
#6987=DIRECTION('',(0.,-0.15643,0.98769));
#6988=VECTOR('',#6987,2.65939);
#6989=LINE('',#6957,#6988);
#6990=EDGE_CURVE('',#6958,#6986,#6989,.T.);
#6991=ORIENTED_EDGE('',*,*,#6990,.T.);
#6992=CARTESIAN_POINT('',(330.,31.5,345.));
#6993=VERTEX_POINT('',#6992);
#6994=DIRECTION('',(-1.,0.,0.));
#6995=VECTOR('',#6994,7.);
#6996=LINE('',#6985,#6995);
#6997=EDGE_CURVE('',#6986,#6993,#6996,.T.);
#6998=ORIENTED_EDGE('',*,*,#6997,.T.);
#6999=DIRECTION('',(0.,-0.15643,0.98769));
#7000=VECTOR('',#6999,2.65939);
#7001=LINE('',#6964,#7000);
#7002=EDGE_CURVE('',#6965,#6993,#7001,.T.);
#7003=ORIENTED_EDGE('',*,*,#7002,.F.);
#7004=ORIENTED_EDGE('',*,*,#6969,.F.);
#7005=EDGE_LOOP('',(#6991,#6998,#7003,#7004));
#7006=FACE_OUTER_BOUND('',#7005,.T.);
#7007=CARTESIAN_POINT('',(337.,31.91602,342.37336));
#7008=DIRECTION('',(0.,-0.98769,-0.15643));
#7009=DIRECTION('',(0.,-0.15643,0.98769));
#7010=AXIS2_PLACEMENT_3D('',#7007,#7008,#7009);
#7011=PLANE('',#7010);
#7012=ADVANCED_FACE('',(#7006),#7011,.T.);
#7013=CARTESIAN_POINT('',(337.,31.91602,347.62664));
#7014=VERTEX_POINT('',#7013);
#7015=DIRECTION('',(0.,0.15643,0.98769));
#7016=VECTOR('',#7015,2.65939);
#7017=LINE('',#6985,#7016);
#7018=EDGE_CURVE('',#6986,#7014,#7017,.T.);
#7019=ORIENTED_EDGE('',*,*,#7018,.T.);
#7020=CARTESIAN_POINT('',(330.,31.91602,347.62664));
#7021=VERTEX_POINT('',#7020);
#7022=DIRECTION('',(-1.,0.,0.));
#7023=VECTOR('',#7022,7.);
#7024=LINE('',#7013,#7023);
#7025=EDGE_CURVE('',#7014,#7021,#7024,.T.);
#7026=ORIENTED_EDGE('',*,*,#7025,.T.);
#7027=DIRECTION('',(0.,0.15643,0.98769));
#7028=VECTOR('',#7027,2.65939);
#7029=LINE('',#6992,#7028);
#7030=EDGE_CURVE('',#6993,#7021,#7029,.T.);
#7031=ORIENTED_EDGE('',*,*,#7030,.F.);
#7032=ORIENTED_EDGE('',*,*,#6997,.F.);
#7033=EDGE_LOOP('',(#7019,#7026,#7031,#7032));
#7034=FACE_OUTER_BOUND('',#7033,.T.);
#7035=CARTESIAN_POINT('',(337.,31.5,345.));
#7036=DIRECTION('',(0.,-0.98769,0.15643));
#7037=DIRECTION('',(0.,0.15643,0.98769));
#7038=AXIS2_PLACEMENT_3D('',#7035,#7036,#7037);
#7039=PLANE('',#7038);
#7040=ADVANCED_FACE('',(#7034),#7039,.T.);
#7041=CARTESIAN_POINT('',(337.,33.12336,349.99617));
#7042=VERTEX_POINT('',#7041);
#7043=DIRECTION('',(0.,0.45399,0.89101));
#7044=VECTOR('',#7043,2.65939);
#7045=LINE('',#7013,#7044);
#7046=EDGE_CURVE('',#7014,#7042,#7045,.T.);
#7047=ORIENTED_EDGE('',*,*,#7046,.T.);
#7048=CARTESIAN_POINT('',(330.,33.12336,349.99617));
#7049=VERTEX_POINT('',#7048);
#7050=DIRECTION('',(-1.,0.,0.));
#7051=VECTOR('',#7050,7.);
#7052=LINE('',#7041,#7051);
#7053=EDGE_CURVE('',#7042,#7049,#7052,.T.);
#7054=ORIENTED_EDGE('',*,*,#7053,.T.);
#7055=DIRECTION('',(0.,0.45399,0.89101));
#7056=VECTOR('',#7055,2.65939);
#7057=LINE('',#7020,#7056);
#7058=EDGE_CURVE('',#7021,#7049,#7057,.T.);
#7059=ORIENTED_EDGE('',*,*,#7058,.F.);
#7060=ORIENTED_EDGE('',*,*,#7025,.F.);
#7061=EDGE_LOOP('',(#7047,#7054,#7059,#7060));
#7062=FACE_OUTER_BOUND('',#7061,.T.);
#7063=CARTESIAN_POINT('',(337.,31.91602,347.62664));
#7064=DIRECTION('',(0.,-0.89101,0.45399));
#7065=DIRECTION('',(0.,0.45399,0.89101));
#7066=AXIS2_PLACEMENT_3D('',#7063,#7064,#7065);
#7067=PLANE('',#7066);
#7068=ADVANCED_FACE('',(#7062),#7067,.T.);
#7069=CARTESIAN_POINT('',(337.,35.00383,351.87664));
#7070=VERTEX_POINT('',#7069);
#7071=DIRECTION('',(0.,0.70711,0.70711));
#7072=VECTOR('',#7071,2.65939);
#7073=LINE('',#7041,#7072);
#7074=EDGE_CURVE('',#7042,#7070,#7073,.T.);
#7075=ORIENTED_EDGE('',*,*,#7074,.T.);
#7076=CARTESIAN_POINT('',(330.,35.00383,351.87664));
#7077=VERTEX_POINT('',#7076);
#7078=DIRECTION('',(-1.,0.,0.));
#7079=VECTOR('',#7078,7.);
#7080=LINE('',#7069,#7079);
#7081=EDGE_CURVE('',#7070,#7077,#7080,.T.);
#7082=ORIENTED_EDGE('',*,*,#7081,.T.);
#7083=DIRECTION('',(0.,0.70711,0.70711));
#7084=VECTOR('',#7083,2.65939);
#7085=LINE('',#7048,#7084);
#7086=EDGE_CURVE('',#7049,#7077,#7085,.T.);
#7087=ORIENTED_EDGE('',*,*,#7086,.F.);
#7088=ORIENTED_EDGE('',*,*,#7053,.F.);
#7089=EDGE_LOOP('',(#7075,#7082,#7087,#7088));
#7090=FACE_OUTER_BOUND('',#7089,.T.);
#7091=CARTESIAN_POINT('',(337.,33.12336,349.99617));
#7092=DIRECTION('',(0.,-0.70711,0.70711));
#7093=DIRECTION('',(0.,0.70711,0.70711));
#7094=AXIS2_PLACEMENT_3D('',#7091,#7092,#7093);
#7095=PLANE('',#7094);
#7096=ADVANCED_FACE('',(#7090),#7095,.T.);
#7097=CARTESIAN_POINT('',(337.,37.37336,353.08398));
#7098=VERTEX_POINT('',#7097);
#7099=DIRECTION('',(0.,0.89101,0.45399));
#7100=VECTOR('',#7099,2.65939);
#7101=LINE('',#7069,#7100);
#7102=EDGE_CURVE('',#7070,#7098,#7101,.T.);
#7103=ORIENTED_EDGE('',*,*,#7102,.T.);
#7104=CARTESIAN_POINT('',(330.,37.37336,353.08398));
#7105=VERTEX_POINT('',#7104);
#7106=DIRECTION('',(-1.,0.,0.));
#7107=VECTOR('',#7106,7.);
#7108=LINE('',#7097,#7107);
#7109=EDGE_CURVE('',#7098,#7105,#7108,.T.);
#7110=ORIENTED_EDGE('',*,*,#7109,.T.);
#7111=DIRECTION('',(0.,0.89101,0.45399));
#7112=VECTOR('',#7111,2.65939);
#7113=LINE('',#7076,#7112);
#7114=EDGE_CURVE('',#7077,#7105,#7113,.T.);
#7115=ORIENTED_EDGE('',*,*,#7114,.F.);
#7116=ORIENTED_EDGE('',*,*,#7081,.F.);
#7117=EDGE_LOOP('',(#7103,#7110,#7115,#7116));
#7118=FACE_OUTER_BOUND('',#7117,.T.);
#7119=CARTESIAN_POINT('',(337.,35.00383,351.87664));
#7120=DIRECTION('',(0.,-0.45399,0.89101));
#7121=DIRECTION('',(0.,0.89101,0.45399));
#7122=AXIS2_PLACEMENT_3D('',#7119,#7120,#7121);
#7123=PLANE('',#7122);
#7124=ADVANCED_FACE('',(#7118),#7123,.T.);
#7125=DIRECTION('',(0.,-0.98769,-0.15643));
#7126=VECTOR('',#7125,2.65939);
#7127=LINE('',#6585,#7126);
#7128=EDGE_CURVE('',#6586,#7098,#7127,.T.);
#7129=ORIENTED_EDGE('',*,*,#7128,.F.);
#7130=ORIENTED_EDGE('',*,*,#6611,.T.);
#7131=DIRECTION('',(0.,-0.98769,-0.15643));
#7132=VECTOR('',#7131,2.65939);
#7133=LINE('',#6601,#7132);
#7134=EDGE_CURVE('',#6602,#7105,#7133,.T.);
#7135=ORIENTED_EDGE('',*,*,#7134,.T.);
#7136=ORIENTED_EDGE('',*,*,#7109,.F.);
#7137=EDGE_LOOP('',(#7129,#7130,#7135,#7136));
#7138=FACE_OUTER_BOUND('',#7137,.T.);
#7139=CARTESIAN_POINT('',(337.,37.37336,353.08398));
#7140=DIRECTION('',(0.,-0.15643,0.98769));
#7141=DIRECTION('',(0.,0.98769,0.15643));
#7142=AXIS2_PLACEMENT_3D('',#7139,#7140,#7141);
#7143=PLANE('',#7142);
#7144=ADVANCED_FACE('',(#7138),#7143,.T.);
#7145=ORIENTED_EDGE('',*,*,#7102,.F.);
#7146=ORIENTED_EDGE('',*,*,#7074,.F.);
#7147=ORIENTED_EDGE('',*,*,#7046,.F.);
#7148=ORIENTED_EDGE('',*,*,#7018,.F.);
#7149=ORIENTED_EDGE('',*,*,#6990,.F.);
#7150=ORIENTED_EDGE('',*,*,#6962,.F.);
#7151=ORIENTED_EDGE('',*,*,#6934,.F.);
#7152=ORIENTED_EDGE('',*,*,#6906,.F.);
#7153=ORIENTED_EDGE('',*,*,#6878,.F.);
#7154=ORIENTED_EDGE('',*,*,#6850,.F.);
#7155=ORIENTED_EDGE('',*,*,#6822,.F.);
#7156=ORIENTED_EDGE('',*,*,#6794,.F.);
#7157=ORIENTED_EDGE('',*,*,#6766,.F.);
#7158=ORIENTED_EDGE('',*,*,#6738,.F.);
#7159=ORIENTED_EDGE('',*,*,#6710,.F.);
#7160=ORIENTED_EDGE('',*,*,#6682,.F.);
#7161=ORIENTED_EDGE('',*,*,#6654,.F.);
#7162=ORIENTED_EDGE('',*,*,#6626,.F.);
#7163=ORIENTED_EDGE('',*,*,#6592,.F.);
#7164=ORIENTED_EDGE('',*,*,#7128,.T.);
#7165=EDGE_LOOP('',(#7145,#7146,#7147,#7148,#7149,#7150,#7151,#7152,#7153,#7154,#7155,#7156,#7157,#7158,#7159,#7160,#7161,#7162,#7163,#7164));
#7166=FACE_OUTER_BOUND('',#7165,.T.);
#7167=CARTESIAN_POINT('',(337.,37.37336,353.08398));
#7168=DIRECTION('',(1.,0.,0.));
#7169=DIRECTION('',(0.,-0.89101,-0.45399));
#7170=AXIS2_PLACEMENT_3D('',#7167,#7168,#7169);
#7171=PLANE('',#7170);
#7172=ADVANCED_FACE('',(#7166),#7171,.T.);
#7173=ORIENTED_EDGE('',*,*,#6606,.T.);
#7174=ORIENTED_EDGE('',*,*,#6638,.T.);
#7175=ORIENTED_EDGE('',*,*,#6666,.T.);
#7176=ORIENTED_EDGE('',*,*,#6694,.T.);
#7177=ORIENTED_EDGE('',*,*,#6722,.T.);
#7178=ORIENTED_EDGE('',*,*,#6750,.T.);
#7179=ORIENTED_EDGE('',*,*,#6778,.T.);
#7180=ORIENTED_EDGE('',*,*,#6806,.T.);
#7181=ORIENTED_EDGE('',*,*,#6834,.T.);
#7182=ORIENTED_EDGE('',*,*,#6862,.T.);
#7183=ORIENTED_EDGE('',*,*,#6890,.T.);
#7184=ORIENTED_EDGE('',*,*,#6918,.T.);
#7185=ORIENTED_EDGE('',*,*,#6946,.T.);
#7186=ORIENTED_EDGE('',*,*,#6974,.T.);
#7187=ORIENTED_EDGE('',*,*,#7002,.T.);
#7188=ORIENTED_EDGE('',*,*,#7030,.T.);
#7189=ORIENTED_EDGE('',*,*,#7058,.T.);
#7190=ORIENTED_EDGE('',*,*,#7086,.T.);
#7191=ORIENTED_EDGE('',*,*,#7114,.T.);
#7192=ORIENTED_EDGE('',*,*,#7134,.F.);
#7193=EDGE_LOOP('',(#7173,#7174,#7175,#7176,#7177,#7178,#7179,#7180,#7181,#7182,#7183,#7184,#7185,#7186,#7187,#7188,#7189,#7190,#7191,#7192));
#7194=FACE_OUTER_BOUND('',#7193,.T.);
#7195=CARTESIAN_POINT('',(330.,40.,353.5));
#7196=DIRECTION('',(-1.,0.,0.));
#7197=DIRECTION('',(0.,0.98769,-0.15643));
#7198=AXIS2_PLACEMENT_3D('',#7195,#7196,#7197);
#7199=PLANE('',#7198);
#7200=ADVANCED_FACE('',(#7194),#7199,.T.);
#7201=CLOSED_SHELL('',(#6620,#6648,#6676,#6704,#6732,#6760,#6788,#6816,#6844,#6872,#6900,#6928,#6956,#6984,#7012,#7040,#7068,#7096,#7124,#7144,#7172,#7200));
#7202=MANIFOLD_SOLID_BREP('',#7201);
#7203=STYLED_ITEM('color',(#3930),#7202);
#7204=CARTESIAN_POINT('',(345.,86.35085,356.));
#7205=VERTEX_POINT('',#7204);
#7206=CARTESIAN_POINT('',(345.,92.70171,345.));
#7207=VERTEX_POINT('',#7206);
#7208=DIRECTION('',(0.,0.5,-0.86603));
#7209=VECTOR('',#7208,12.70171);
#7210=LINE('',#7204,#7209);
#7211=EDGE_CURVE('',#7205,#7207,#7210,.T.);
#7212=ORIENTED_EDGE('',*,*,#7211,.T.);
#7213=CARTESIAN_POINT('',(337.,92.70171,345.));
#7214=VERTEX_POINT('',#7213);
#7215=DIRECTION('',(-1.,0.,0.));
#7216=VECTOR('',#7215,8.);
#7217=LINE('',#7206,#7216);
#7218=EDGE_CURVE('',#7207,#7214,#7217,.T.);
#7219=ORIENTED_EDGE('',*,*,#7218,.T.);
#7220=CARTESIAN_POINT('',(337.,86.35085,356.));
#7221=VERTEX_POINT('',#7220);
#7222=DIRECTION('',(0.,0.5,-0.86603));
#7223=VECTOR('',#7222,12.70171);
#7224=LINE('',#7220,#7223);
#7225=EDGE_CURVE('',#7221,#7214,#7224,.T.);
#7226=ORIENTED_EDGE('',*,*,#7225,.F.);
#7227=DIRECTION('',(-1.,0.,0.));
#7228=VECTOR('',#7227,8.);
#7229=LINE('',#7204,#7228);
#7230=EDGE_CURVE('',#7205,#7221,#7229,.T.);
#7231=ORIENTED_EDGE('',*,*,#7230,.F.);
#7232=EDGE_LOOP('',(#7212,#7219,#7226,#7231));
#7233=FACE_OUTER_BOUND('',#7232,.T.);
#7234=CARTESIAN_POINT('',(345.,86.35085,356.));
#7235=DIRECTION('',(0.,0.86603,0.5));
#7236=DIRECTION('',(0.,0.5,-0.86603));
#7237=AXIS2_PLACEMENT_3D('',#7234,#7235,#7236);
#7238=PLANE('',#7237);
#7239=ADVANCED_FACE('',(#7233),#7238,.T.);
#7240=CARTESIAN_POINT('',(345.,86.35085,334.));
#7241=VERTEX_POINT('',#7240);
#7242=DIRECTION('',(0.,-0.5,-0.86603));
#7243=VECTOR('',#7242,12.70171);
#7244=LINE('',#7206,#7243);
#7245=EDGE_CURVE('',#7207,#7241,#7244,.T.);
#7246=ORIENTED_EDGE('',*,*,#7245,.T.);
#7247=CARTESIAN_POINT('',(337.,86.35085,334.));
#7248=VERTEX_POINT('',#7247);
#7249=DIRECTION('',(-1.,0.,0.));
#7250=VECTOR('',#7249,8.);
#7251=LINE('',#7240,#7250);
#7252=EDGE_CURVE('',#7241,#7248,#7251,.T.);
#7253=ORIENTED_EDGE('',*,*,#7252,.T.);
#7254=DIRECTION('',(0.,-0.5,-0.86603));
#7255=VECTOR('',#7254,12.70171);
#7256=LINE('',#7213,#7255);
#7257=EDGE_CURVE('',#7214,#7248,#7256,.T.);
#7258=ORIENTED_EDGE('',*,*,#7257,.F.);
#7259=ORIENTED_EDGE('',*,*,#7218,.F.);
#7260=EDGE_LOOP('',(#7246,#7253,#7258,#7259));
#7261=FACE_OUTER_BOUND('',#7260,.T.);
#7262=CARTESIAN_POINT('',(345.,92.70171,345.));
#7263=DIRECTION('',(0.,0.86603,-0.5));
#7264=DIRECTION('',(0.,-0.5,-0.86603));
#7265=AXIS2_PLACEMENT_3D('',#7262,#7263,#7264);
#7266=PLANE('',#7265);
#7267=ADVANCED_FACE('',(#7261),#7266,.T.);
#7268=CARTESIAN_POINT('',(345.,73.64915,334.));
#7269=VERTEX_POINT('',#7268);
#7270=DIRECTION('',(0.,-1.,0.));
#7271=VECTOR('',#7270,12.70171);
#7272=LINE('',#7240,#7271);
#7273=EDGE_CURVE('',#7241,#7269,#7272,.T.);
#7274=ORIENTED_EDGE('',*,*,#7273,.T.);
#7275=CARTESIAN_POINT('',(337.,73.64915,334.));
#7276=VERTEX_POINT('',#7275);
#7277=DIRECTION('',(-1.,0.,0.));
#7278=VECTOR('',#7277,8.);
#7279=LINE('',#7268,#7278);
#7280=EDGE_CURVE('',#7269,#7276,#7279,.T.);
#7281=ORIENTED_EDGE('',*,*,#7280,.T.);
#7282=DIRECTION('',(0.,-1.,0.));
#7283=VECTOR('',#7282,12.70171);
#7284=LINE('',#7247,#7283);
#7285=EDGE_CURVE('',#7248,#7276,#7284,.T.);
#7286=ORIENTED_EDGE('',*,*,#7285,.F.);
#7287=ORIENTED_EDGE('',*,*,#7252,.F.);
#7288=EDGE_LOOP('',(#7274,#7281,#7286,#7287));
#7289=FACE_OUTER_BOUND('',#7288,.T.);
#7290=CARTESIAN_POINT('',(345.,86.35085,334.));
#7291=DIRECTION('',(0.,0.,-1.));
#7292=DIRECTION('',(0.,-1.,0.));
#7293=AXIS2_PLACEMENT_3D('',#7290,#7291,#7292);
#7294=PLANE('',#7293);
#7295=ADVANCED_FACE('',(#7289),#7294,.T.);
#7296=CARTESIAN_POINT('',(345.,67.29829,345.));
#7297=VERTEX_POINT('',#7296);
#7298=DIRECTION('',(0.,-0.5,0.86603));
#7299=VECTOR('',#7298,12.70171);
#7300=LINE('',#7268,#7299);
#7301=EDGE_CURVE('',#7269,#7297,#7300,.T.);
#7302=ORIENTED_EDGE('',*,*,#7301,.T.);
#7303=CARTESIAN_POINT('',(337.,67.29829,345.));
#7304=VERTEX_POINT('',#7303);
#7305=DIRECTION('',(-1.,0.,0.));
#7306=VECTOR('',#7305,8.);
#7307=LINE('',#7296,#7306);
#7308=EDGE_CURVE('',#7297,#7304,#7307,.T.);
#7309=ORIENTED_EDGE('',*,*,#7308,.T.);
#7310=DIRECTION('',(0.,-0.5,0.86603));
#7311=VECTOR('',#7310,12.70171);
#7312=LINE('',#7275,#7311);
#7313=EDGE_CURVE('',#7276,#7304,#7312,.T.);
#7314=ORIENTED_EDGE('',*,*,#7313,.F.);
#7315=ORIENTED_EDGE('',*,*,#7280,.F.);
#7316=EDGE_LOOP('',(#7302,#7309,#7314,#7315));
#7317=FACE_OUTER_BOUND('',#7316,.T.);
#7318=CARTESIAN_POINT('',(345.,73.64915,334.));
#7319=DIRECTION('',(0.,-0.86603,-0.5));
#7320=DIRECTION('',(0.,-0.5,0.86603));
#7321=AXIS2_PLACEMENT_3D('',#7318,#7319,#7320);
#7322=PLANE('',#7321);
#7323=ADVANCED_FACE('',(#7317),#7322,.T.);
#7324=CARTESIAN_POINT('',(345.,73.64915,356.));
#7325=VERTEX_POINT('',#7324);
#7326=DIRECTION('',(0.,0.5,0.86603));
#7327=VECTOR('',#7326,12.70171);
#7328=LINE('',#7296,#7327);
#7329=EDGE_CURVE('',#7297,#7325,#7328,.T.);
#7330=ORIENTED_EDGE('',*,*,#7329,.T.);
#7331=CARTESIAN_POINT('',(337.,73.64915,356.));
#7332=VERTEX_POINT('',#7331);
#7333=DIRECTION('',(-1.,0.,0.));
#7334=VECTOR('',#7333,8.);
#7335=LINE('',#7324,#7334);
#7336=EDGE_CURVE('',#7325,#7332,#7335,.T.);
#7337=ORIENTED_EDGE('',*,*,#7336,.T.);
#7338=DIRECTION('',(0.,0.5,0.86603));
#7339=VECTOR('',#7338,12.70171);
#7340=LINE('',#7303,#7339);
#7341=EDGE_CURVE('',#7304,#7332,#7340,.T.);
#7342=ORIENTED_EDGE('',*,*,#7341,.F.);
#7343=ORIENTED_EDGE('',*,*,#7308,.F.);
#7344=EDGE_LOOP('',(#7330,#7337,#7342,#7343));
#7345=FACE_OUTER_BOUND('',#7344,.T.);
#7346=CARTESIAN_POINT('',(345.,67.29829,345.));
#7347=DIRECTION('',(0.,-0.86603,0.5));
#7348=DIRECTION('',(0.,0.5,0.86603));
#7349=AXIS2_PLACEMENT_3D('',#7346,#7347,#7348);
#7350=PLANE('',#7349);
#7351=ADVANCED_FACE('',(#7345),#7350,.T.);
#7352=DIRECTION('',(0.,-1.,0.));
#7353=VECTOR('',#7352,12.70171);
#7354=LINE('',#7204,#7353);
#7355=EDGE_CURVE('',#7205,#7325,#7354,.T.);
#7356=ORIENTED_EDGE('',*,*,#7355,.F.);
#7357=ORIENTED_EDGE('',*,*,#7230,.T.);
#7358=DIRECTION('',(0.,-1.,0.));
#7359=VECTOR('',#7358,12.70171);
#7360=LINE('',#7220,#7359);
#7361=EDGE_CURVE('',#7221,#7332,#7360,.T.);
#7362=ORIENTED_EDGE('',*,*,#7361,.T.);
#7363=ORIENTED_EDGE('',*,*,#7336,.F.);
#7364=EDGE_LOOP('',(#7356,#7357,#7362,#7363));
#7365=FACE_OUTER_BOUND('',#7364,.T.);
#7366=CARTESIAN_POINT('',(345.,73.64915,356.));
#7367=DIRECTION('',(0.,0.,1.));
#7368=DIRECTION('',(0.,1.,0.));
#7369=AXIS2_PLACEMENT_3D('',#7366,#7367,#7368);
#7370=PLANE('',#7369);
#7371=ADVANCED_FACE('',(#7365),#7370,.T.);
#7372=ORIENTED_EDGE('',*,*,#7329,.F.);
#7373=ORIENTED_EDGE('',*,*,#7301,.F.);
#7374=ORIENTED_EDGE('',*,*,#7273,.F.);
#7375=ORIENTED_EDGE('',*,*,#7245,.F.);
#7376=ORIENTED_EDGE('',*,*,#7211,.F.);
#7377=ORIENTED_EDGE('',*,*,#7355,.T.);
#7378=EDGE_LOOP('',(#7372,#7373,#7374,#7375,#7376,#7377));
#7379=FACE_OUTER_BOUND('',#7378,.T.);
#7380=CARTESIAN_POINT('',(345.,73.64915,356.));
#7381=DIRECTION('',(1.,0.,0.));
#7382=DIRECTION('',(0.,-0.5,-0.86603));
#7383=AXIS2_PLACEMENT_3D('',#7380,#7381,#7382);
#7384=PLANE('',#7383);
#7385=ADVANCED_FACE('',(#7379),#7384,.T.);
#7386=ORIENTED_EDGE('',*,*,#7225,.T.);
#7387=ORIENTED_EDGE('',*,*,#7257,.T.);
#7388=ORIENTED_EDGE('',*,*,#7285,.T.);
#7389=ORIENTED_EDGE('',*,*,#7313,.T.);
#7390=ORIENTED_EDGE('',*,*,#7341,.T.);
#7391=ORIENTED_EDGE('',*,*,#7361,.F.);
#7392=EDGE_LOOP('',(#7386,#7387,#7388,#7389,#7390,#7391));
#7393=FACE_OUTER_BOUND('',#7392,.T.);
#7394=CARTESIAN_POINT('',(337.,86.35085,356.));
#7395=DIRECTION('',(-1.,0.,0.));
#7396=DIRECTION('',(0.,0.5,-0.86603));
#7397=AXIS2_PLACEMENT_3D('',#7394,#7395,#7396);
#7398=PLANE('',#7397);
#7399=ADVANCED_FACE('',(#7393),#7398,.T.);
#7400=CLOSED_SHELL('',(#7239,#7267,#7295,#7323,#7351,#7371,#7385,#7399));
#7401=MANIFOLD_SOLID_BREP('',#7400);
#7402=STYLED_ITEM('color',(#3930),#7401);
#7403=CARTESIAN_POINT('',(337.,80.,353.5));
#7404=VERTEX_POINT('',#7403);
#7405=CARTESIAN_POINT('',(337.,82.62664,353.08398));
#7406=VERTEX_POINT('',#7405);
#7407=DIRECTION('',(0.,0.98769,-0.15643));
#7408=VECTOR('',#7407,2.65939);
#7409=LINE('',#7403,#7408);
#7410=EDGE_CURVE('',#7404,#7406,#7409,.T.);
#7411=ORIENTED_EDGE('',*,*,#7410,.T.);
#7412=CARTESIAN_POINT('',(330.,82.62664,353.08398));
#7413=VERTEX_POINT('',#7412);
#7414=DIRECTION('',(-1.,0.,0.));
#7415=VECTOR('',#7414,7.);
#7416=LINE('',#7405,#7415);
#7417=EDGE_CURVE('',#7406,#7413,#7416,.T.);
#7418=ORIENTED_EDGE('',*,*,#7417,.T.);
#7419=CARTESIAN_POINT('',(330.,80.,353.5));
#7420=VERTEX_POINT('',#7419);
#7421=DIRECTION('',(0.,0.98769,-0.15643));
#7422=VECTOR('',#7421,2.65939);
#7423=LINE('',#7419,#7422);
#7424=EDGE_CURVE('',#7420,#7413,#7423,.T.);
#7425=ORIENTED_EDGE('',*,*,#7424,.F.);
#7426=DIRECTION('',(-1.,0.,0.));
#7427=VECTOR('',#7426,7.);
#7428=LINE('',#7403,#7427);
#7429=EDGE_CURVE('',#7404,#7420,#7428,.T.);
#7430=ORIENTED_EDGE('',*,*,#7429,.F.);
#7431=EDGE_LOOP('',(#7411,#7418,#7425,#7430));
#7432=FACE_OUTER_BOUND('',#7431,.T.);
#7433=CARTESIAN_POINT('',(337.,80.,353.5));
#7434=DIRECTION('',(0.,0.15643,0.98769));
#7435=DIRECTION('',(0.,0.98769,-0.15643));
#7436=AXIS2_PLACEMENT_3D('',#7433,#7434,#7435);
#7437=PLANE('',#7436);
#7438=ADVANCED_FACE('',(#7432),#7437,.T.);
#7439=CARTESIAN_POINT('',(337.,84.99617,351.87664));
#7440=VERTEX_POINT('',#7439);
#7441=DIRECTION('',(0.,0.89101,-0.45399));
#7442=VECTOR('',#7441,2.65939);
#7443=LINE('',#7405,#7442);
#7444=EDGE_CURVE('',#7406,#7440,#7443,.T.);
#7445=ORIENTED_EDGE('',*,*,#7444,.T.);
#7446=CARTESIAN_POINT('',(330.,84.99617,351.87664));
#7447=VERTEX_POINT('',#7446);
#7448=DIRECTION('',(-1.,0.,0.));
#7449=VECTOR('',#7448,7.);
#7450=LINE('',#7439,#7449);
#7451=EDGE_CURVE('',#7440,#7447,#7450,.T.);
#7452=ORIENTED_EDGE('',*,*,#7451,.T.);
#7453=DIRECTION('',(0.,0.89101,-0.45399));
#7454=VECTOR('',#7453,2.65939);
#7455=LINE('',#7412,#7454);
#7456=EDGE_CURVE('',#7413,#7447,#7455,.T.);
#7457=ORIENTED_EDGE('',*,*,#7456,.F.);
#7458=ORIENTED_EDGE('',*,*,#7417,.F.);
#7459=EDGE_LOOP('',(#7445,#7452,#7457,#7458));
#7460=FACE_OUTER_BOUND('',#7459,.T.);
#7461=CARTESIAN_POINT('',(337.,82.62664,353.08398));
#7462=DIRECTION('',(0.,0.45399,0.89101));
#7463=DIRECTION('',(0.,0.89101,-0.45399));
#7464=AXIS2_PLACEMENT_3D('',#7461,#7462,#7463);
#7465=PLANE('',#7464);
#7466=ADVANCED_FACE('',(#7460),#7465,.T.);
#7467=CARTESIAN_POINT('',(337.,86.87664,349.99617));
#7468=VERTEX_POINT('',#7467);
#7469=DIRECTION('',(0.,0.70711,-0.70711));
#7470=VECTOR('',#7469,2.65939);
#7471=LINE('',#7439,#7470);
#7472=EDGE_CURVE('',#7440,#7468,#7471,.T.);
#7473=ORIENTED_EDGE('',*,*,#7472,.T.);
#7474=CARTESIAN_POINT('',(330.,86.87664,349.99617));
#7475=VERTEX_POINT('',#7474);
#7476=DIRECTION('',(-1.,0.,0.));
#7477=VECTOR('',#7476,7.);
#7478=LINE('',#7467,#7477);
#7479=EDGE_CURVE('',#7468,#7475,#7478,.T.);
#7480=ORIENTED_EDGE('',*,*,#7479,.T.);
#7481=DIRECTION('',(0.,0.70711,-0.70711));
#7482=VECTOR('',#7481,2.65939);
#7483=LINE('',#7446,#7482);
#7484=EDGE_CURVE('',#7447,#7475,#7483,.T.);
#7485=ORIENTED_EDGE('',*,*,#7484,.F.);
#7486=ORIENTED_EDGE('',*,*,#7451,.F.);
#7487=EDGE_LOOP('',(#7473,#7480,#7485,#7486));
#7488=FACE_OUTER_BOUND('',#7487,.T.);
#7489=CARTESIAN_POINT('',(337.,84.99617,351.87664));
#7490=DIRECTION('',(0.,0.70711,0.70711));
#7491=DIRECTION('',(0.,0.70711,-0.70711));
#7492=AXIS2_PLACEMENT_3D('',#7489,#7490,#7491);
#7493=PLANE('',#7492);
#7494=ADVANCED_FACE('',(#7488),#7493,.T.);
#7495=CARTESIAN_POINT('',(337.,88.08398,347.62664));
#7496=VERTEX_POINT('',#7495);
#7497=DIRECTION('',(0.,0.45399,-0.89101));
#7498=VECTOR('',#7497,2.65939);
#7499=LINE('',#7467,#7498);
#7500=EDGE_CURVE('',#7468,#7496,#7499,.T.);
#7501=ORIENTED_EDGE('',*,*,#7500,.T.);
#7502=CARTESIAN_POINT('',(330.,88.08398,347.62664));
#7503=VERTEX_POINT('',#7502);
#7504=DIRECTION('',(-1.,0.,0.));
#7505=VECTOR('',#7504,7.);
#7506=LINE('',#7495,#7505);
#7507=EDGE_CURVE('',#7496,#7503,#7506,.T.);
#7508=ORIENTED_EDGE('',*,*,#7507,.T.);
#7509=DIRECTION('',(0.,0.45399,-0.89101));
#7510=VECTOR('',#7509,2.65939);
#7511=LINE('',#7474,#7510);
#7512=EDGE_CURVE('',#7475,#7503,#7511,.T.);
#7513=ORIENTED_EDGE('',*,*,#7512,.F.);
#7514=ORIENTED_EDGE('',*,*,#7479,.F.);
#7515=EDGE_LOOP('',(#7501,#7508,#7513,#7514));
#7516=FACE_OUTER_BOUND('',#7515,.T.);
#7517=CARTESIAN_POINT('',(337.,86.87664,349.99617));
#7518=DIRECTION('',(0.,0.89101,0.45399));
#7519=DIRECTION('',(0.,0.45399,-0.89101));
#7520=AXIS2_PLACEMENT_3D('',#7517,#7518,#7519);
#7521=PLANE('',#7520);
#7522=ADVANCED_FACE('',(#7516),#7521,.T.);
#7523=CARTESIAN_POINT('',(337.,88.5,345.));
#7524=VERTEX_POINT('',#7523);
#7525=DIRECTION('',(0.,0.15643,-0.98769));
#7526=VECTOR('',#7525,2.65939);
#7527=LINE('',#7495,#7526);
#7528=EDGE_CURVE('',#7496,#7524,#7527,.T.);
#7529=ORIENTED_EDGE('',*,*,#7528,.T.);
#7530=CARTESIAN_POINT('',(330.,88.5,345.));
#7531=VERTEX_POINT('',#7530);
#7532=DIRECTION('',(-1.,0.,0.));
#7533=VECTOR('',#7532,7.);
#7534=LINE('',#7523,#7533);
#7535=EDGE_CURVE('',#7524,#7531,#7534,.T.);
#7536=ORIENTED_EDGE('',*,*,#7535,.T.);
#7537=DIRECTION('',(0.,0.15643,-0.98769));
#7538=VECTOR('',#7537,2.65939);
#7539=LINE('',#7502,#7538);
#7540=EDGE_CURVE('',#7503,#7531,#7539,.T.);
#7541=ORIENTED_EDGE('',*,*,#7540,.F.);
#7542=ORIENTED_EDGE('',*,*,#7507,.F.);
#7543=EDGE_LOOP('',(#7529,#7536,#7541,#7542));
#7544=FACE_OUTER_BOUND('',#7543,.T.);
#7545=CARTESIAN_POINT('',(337.,88.08398,347.62664));
#7546=DIRECTION('',(0.,0.98769,0.15643));
#7547=DIRECTION('',(0.,0.15643,-0.98769));
#7548=AXIS2_PLACEMENT_3D('',#7545,#7546,#7547);
#7549=PLANE('',#7548);
#7550=ADVANCED_FACE('',(#7544),#7549,.T.);
#7551=CARTESIAN_POINT('',(337.,88.08398,342.37336));
#7552=VERTEX_POINT('',#7551);
#7553=DIRECTION('',(0.,-0.15643,-0.98769));
#7554=VECTOR('',#7553,2.65939);
#7555=LINE('',#7523,#7554);
#7556=EDGE_CURVE('',#7524,#7552,#7555,.T.);
#7557=ORIENTED_EDGE('',*,*,#7556,.T.);
#7558=CARTESIAN_POINT('',(330.,88.08398,342.37336));
#7559=VERTEX_POINT('',#7558);
#7560=DIRECTION('',(-1.,0.,0.));
#7561=VECTOR('',#7560,7.);
#7562=LINE('',#7551,#7561);
#7563=EDGE_CURVE('',#7552,#7559,#7562,.T.);
#7564=ORIENTED_EDGE('',*,*,#7563,.T.);
#7565=DIRECTION('',(0.,-0.15643,-0.98769));
#7566=VECTOR('',#7565,2.65939);
#7567=LINE('',#7530,#7566);
#7568=EDGE_CURVE('',#7531,#7559,#7567,.T.);
#7569=ORIENTED_EDGE('',*,*,#7568,.F.);
#7570=ORIENTED_EDGE('',*,*,#7535,.F.);
#7571=EDGE_LOOP('',(#7557,#7564,#7569,#7570));
#7572=FACE_OUTER_BOUND('',#7571,.T.);
#7573=CARTESIAN_POINT('',(337.,88.5,345.));
#7574=DIRECTION('',(0.,0.98769,-0.15643));
#7575=DIRECTION('',(0.,-0.15643,-0.98769));
#7576=AXIS2_PLACEMENT_3D('',#7573,#7574,#7575);
#7577=PLANE('',#7576);
#7578=ADVANCED_FACE('',(#7572),#7577,.T.);
#7579=CARTESIAN_POINT('',(337.,86.87664,340.00383));
#7580=VERTEX_POINT('',#7579);
#7581=DIRECTION('',(0.,-0.45399,-0.89101));
#7582=VECTOR('',#7581,2.65939);
#7583=LINE('',#7551,#7582);
#7584=EDGE_CURVE('',#7552,#7580,#7583,.T.);
#7585=ORIENTED_EDGE('',*,*,#7584,.T.);
#7586=CARTESIAN_POINT('',(330.,86.87664,340.00383));
#7587=VERTEX_POINT('',#7586);
#7588=DIRECTION('',(-1.,0.,0.));
#7589=VECTOR('',#7588,7.);
#7590=LINE('',#7579,#7589);
#7591=EDGE_CURVE('',#7580,#7587,#7590,.T.);
#7592=ORIENTED_EDGE('',*,*,#7591,.T.);
#7593=DIRECTION('',(0.,-0.45399,-0.89101));
#7594=VECTOR('',#7593,2.65939);
#7595=LINE('',#7558,#7594);
#7596=EDGE_CURVE('',#7559,#7587,#7595,.T.);
#7597=ORIENTED_EDGE('',*,*,#7596,.F.);
#7598=ORIENTED_EDGE('',*,*,#7563,.F.);
#7599=EDGE_LOOP('',(#7585,#7592,#7597,#7598));
#7600=FACE_OUTER_BOUND('',#7599,.T.);
#7601=CARTESIAN_POINT('',(337.,88.08398,342.37336));
#7602=DIRECTION('',(0.,0.89101,-0.45399));
#7603=DIRECTION('',(0.,-0.45399,-0.89101));
#7604=AXIS2_PLACEMENT_3D('',#7601,#7602,#7603);
#7605=PLANE('',#7604);
#7606=ADVANCED_FACE('',(#7600),#7605,.T.);
#7607=CARTESIAN_POINT('',(337.,84.99617,338.12336));
#7608=VERTEX_POINT('',#7607);
#7609=DIRECTION('',(0.,-0.70711,-0.70711));
#7610=VECTOR('',#7609,2.65939);
#7611=LINE('',#7579,#7610);
#7612=EDGE_CURVE('',#7580,#7608,#7611,.T.);
#7613=ORIENTED_EDGE('',*,*,#7612,.T.);
#7614=CARTESIAN_POINT('',(330.,84.99617,338.12336));
#7615=VERTEX_POINT('',#7614);
#7616=DIRECTION('',(-1.,0.,0.));
#7617=VECTOR('',#7616,7.);
#7618=LINE('',#7607,#7617);
#7619=EDGE_CURVE('',#7608,#7615,#7618,.T.);
#7620=ORIENTED_EDGE('',*,*,#7619,.T.);
#7621=DIRECTION('',(0.,-0.70711,-0.70711));
#7622=VECTOR('',#7621,2.65939);
#7623=LINE('',#7586,#7622);
#7624=EDGE_CURVE('',#7587,#7615,#7623,.T.);
#7625=ORIENTED_EDGE('',*,*,#7624,.F.);
#7626=ORIENTED_EDGE('',*,*,#7591,.F.);
#7627=EDGE_LOOP('',(#7613,#7620,#7625,#7626));
#7628=FACE_OUTER_BOUND('',#7627,.T.);
#7629=CARTESIAN_POINT('',(337.,86.87664,340.00383));
#7630=DIRECTION('',(0.,0.70711,-0.70711));
#7631=DIRECTION('',(0.,-0.70711,-0.70711));
#7632=AXIS2_PLACEMENT_3D('',#7629,#7630,#7631);
#7633=PLANE('',#7632);
#7634=ADVANCED_FACE('',(#7628),#7633,.T.);
#7635=CARTESIAN_POINT('',(337.,82.62664,336.91602));
#7636=VERTEX_POINT('',#7635);
#7637=DIRECTION('',(0.,-0.89101,-0.45399));
#7638=VECTOR('',#7637,2.65939);
#7639=LINE('',#7607,#7638);
#7640=EDGE_CURVE('',#7608,#7636,#7639,.T.);
#7641=ORIENTED_EDGE('',*,*,#7640,.T.);
#7642=CARTESIAN_POINT('',(330.,82.62664,336.91602));
#7643=VERTEX_POINT('',#7642);
#7644=DIRECTION('',(-1.,0.,0.));
#7645=VECTOR('',#7644,7.);
#7646=LINE('',#7635,#7645);
#7647=EDGE_CURVE('',#7636,#7643,#7646,.T.);
#7648=ORIENTED_EDGE('',*,*,#7647,.T.);
#7649=DIRECTION('',(0.,-0.89101,-0.45399));
#7650=VECTOR('',#7649,2.65939);
#7651=LINE('',#7614,#7650);
#7652=EDGE_CURVE('',#7615,#7643,#7651,.T.);
#7653=ORIENTED_EDGE('',*,*,#7652,.F.);
#7654=ORIENTED_EDGE('',*,*,#7619,.F.);
#7655=EDGE_LOOP('',(#7641,#7648,#7653,#7654));
#7656=FACE_OUTER_BOUND('',#7655,.T.);
#7657=CARTESIAN_POINT('',(337.,84.99617,338.12336));
#7658=DIRECTION('',(0.,0.45399,-0.89101));
#7659=DIRECTION('',(0.,-0.89101,-0.45399));
#7660=AXIS2_PLACEMENT_3D('',#7657,#7658,#7659);
#7661=PLANE('',#7660);
#7662=ADVANCED_FACE('',(#7656),#7661,.T.);
#7663=CARTESIAN_POINT('',(337.,80.,336.5));
#7664=VERTEX_POINT('',#7663);
#7665=DIRECTION('',(0.,-0.98769,-0.15643));
#7666=VECTOR('',#7665,2.65939);
#7667=LINE('',#7635,#7666);
#7668=EDGE_CURVE('',#7636,#7664,#7667,.T.);
#7669=ORIENTED_EDGE('',*,*,#7668,.T.);
#7670=CARTESIAN_POINT('',(330.,80.,336.5));
#7671=VERTEX_POINT('',#7670);
#7672=DIRECTION('',(-1.,0.,0.));
#7673=VECTOR('',#7672,7.);
#7674=LINE('',#7663,#7673);
#7675=EDGE_CURVE('',#7664,#7671,#7674,.T.);
#7676=ORIENTED_EDGE('',*,*,#7675,.T.);
#7677=DIRECTION('',(0.,-0.98769,-0.15643));
#7678=VECTOR('',#7677,2.65939);
#7679=LINE('',#7642,#7678);
#7680=EDGE_CURVE('',#7643,#7671,#7679,.T.);
#7681=ORIENTED_EDGE('',*,*,#7680,.F.);
#7682=ORIENTED_EDGE('',*,*,#7647,.F.);
#7683=EDGE_LOOP('',(#7669,#7676,#7681,#7682));
#7684=FACE_OUTER_BOUND('',#7683,.T.);
#7685=CARTESIAN_POINT('',(337.,82.62664,336.91602));
#7686=DIRECTION('',(0.,0.15643,-0.98769));
#7687=DIRECTION('',(0.,-0.98769,-0.15643));
#7688=AXIS2_PLACEMENT_3D('',#7685,#7686,#7687);
#7689=PLANE('',#7688);
#7690=ADVANCED_FACE('',(#7684),#7689,.T.);
#7691=CARTESIAN_POINT('',(337.,77.37336,336.91602));
#7692=VERTEX_POINT('',#7691);
#7693=DIRECTION('',(0.,-0.98769,0.15643));
#7694=VECTOR('',#7693,2.65939);
#7695=LINE('',#7663,#7694);
#7696=EDGE_CURVE('',#7664,#7692,#7695,.T.);
#7697=ORIENTED_EDGE('',*,*,#7696,.T.);
#7698=CARTESIAN_POINT('',(330.,77.37336,336.91602));
#7699=VERTEX_POINT('',#7698);
#7700=DIRECTION('',(-1.,0.,0.));
#7701=VECTOR('',#7700,7.);
#7702=LINE('',#7691,#7701);
#7703=EDGE_CURVE('',#7692,#7699,#7702,.T.);
#7704=ORIENTED_EDGE('',*,*,#7703,.T.);
#7705=DIRECTION('',(0.,-0.98769,0.15643));
#7706=VECTOR('',#7705,2.65939);
#7707=LINE('',#7670,#7706);
#7708=EDGE_CURVE('',#7671,#7699,#7707,.T.);
#7709=ORIENTED_EDGE('',*,*,#7708,.F.);
#7710=ORIENTED_EDGE('',*,*,#7675,.F.);
#7711=EDGE_LOOP('',(#7697,#7704,#7709,#7710));
#7712=FACE_OUTER_BOUND('',#7711,.T.);
#7713=CARTESIAN_POINT('',(337.,80.,336.5));
#7714=DIRECTION('',(0.,-0.15643,-0.98769));
#7715=DIRECTION('',(0.,-0.98769,0.15643));
#7716=AXIS2_PLACEMENT_3D('',#7713,#7714,#7715);
#7717=PLANE('',#7716);
#7718=ADVANCED_FACE('',(#7712),#7717,.T.);
#7719=CARTESIAN_POINT('',(337.,75.00383,338.12336));
#7720=VERTEX_POINT('',#7719);
#7721=DIRECTION('',(0.,-0.89101,0.45399));
#7722=VECTOR('',#7721,2.65939);
#7723=LINE('',#7691,#7722);
#7724=EDGE_CURVE('',#7692,#7720,#7723,.T.);
#7725=ORIENTED_EDGE('',*,*,#7724,.T.);
#7726=CARTESIAN_POINT('',(330.,75.00383,338.12336));
#7727=VERTEX_POINT('',#7726);
#7728=DIRECTION('',(-1.,0.,0.));
#7729=VECTOR('',#7728,7.);
#7730=LINE('',#7719,#7729);
#7731=EDGE_CURVE('',#7720,#7727,#7730,.T.);
#7732=ORIENTED_EDGE('',*,*,#7731,.T.);
#7733=DIRECTION('',(0.,-0.89101,0.45399));
#7734=VECTOR('',#7733,2.65939);
#7735=LINE('',#7698,#7734);
#7736=EDGE_CURVE('',#7699,#7727,#7735,.T.);
#7737=ORIENTED_EDGE('',*,*,#7736,.F.);
#7738=ORIENTED_EDGE('',*,*,#7703,.F.);
#7739=EDGE_LOOP('',(#7725,#7732,#7737,#7738));
#7740=FACE_OUTER_BOUND('',#7739,.T.);
#7741=CARTESIAN_POINT('',(337.,77.37336,336.91602));
#7742=DIRECTION('',(0.,-0.45399,-0.89101));
#7743=DIRECTION('',(0.,-0.89101,0.45399));
#7744=AXIS2_PLACEMENT_3D('',#7741,#7742,#7743);
#7745=PLANE('',#7744);
#7746=ADVANCED_FACE('',(#7740),#7745,.T.);
#7747=CARTESIAN_POINT('',(337.,73.12336,340.00383));
#7748=VERTEX_POINT('',#7747);
#7749=DIRECTION('',(0.,-0.70711,0.70711));
#7750=VECTOR('',#7749,2.65939);
#7751=LINE('',#7719,#7750);
#7752=EDGE_CURVE('',#7720,#7748,#7751,.T.);
#7753=ORIENTED_EDGE('',*,*,#7752,.T.);
#7754=CARTESIAN_POINT('',(330.,73.12336,340.00383));
#7755=VERTEX_POINT('',#7754);
#7756=DIRECTION('',(-1.,0.,0.));
#7757=VECTOR('',#7756,7.);
#7758=LINE('',#7747,#7757);
#7759=EDGE_CURVE('',#7748,#7755,#7758,.T.);
#7760=ORIENTED_EDGE('',*,*,#7759,.T.);
#7761=DIRECTION('',(0.,-0.70711,0.70711));
#7762=VECTOR('',#7761,2.65939);
#7763=LINE('',#7726,#7762);
#7764=EDGE_CURVE('',#7727,#7755,#7763,.T.);
#7765=ORIENTED_EDGE('',*,*,#7764,.F.);
#7766=ORIENTED_EDGE('',*,*,#7731,.F.);
#7767=EDGE_LOOP('',(#7753,#7760,#7765,#7766));
#7768=FACE_OUTER_BOUND('',#7767,.T.);
#7769=CARTESIAN_POINT('',(337.,75.00383,338.12336));
#7770=DIRECTION('',(0.,-0.70711,-0.70711));
#7771=DIRECTION('',(0.,-0.70711,0.70711));
#7772=AXIS2_PLACEMENT_3D('',#7769,#7770,#7771);
#7773=PLANE('',#7772);
#7774=ADVANCED_FACE('',(#7768),#7773,.T.);
#7775=CARTESIAN_POINT('',(337.,71.91602,342.37336));
#7776=VERTEX_POINT('',#7775);
#7777=DIRECTION('',(0.,-0.45399,0.89101));
#7778=VECTOR('',#7777,2.65939);
#7779=LINE('',#7747,#7778);
#7780=EDGE_CURVE('',#7748,#7776,#7779,.T.);
#7781=ORIENTED_EDGE('',*,*,#7780,.T.);
#7782=CARTESIAN_POINT('',(330.,71.91602,342.37336));
#7783=VERTEX_POINT('',#7782);
#7784=DIRECTION('',(-1.,0.,0.));
#7785=VECTOR('',#7784,7.);
#7786=LINE('',#7775,#7785);
#7787=EDGE_CURVE('',#7776,#7783,#7786,.T.);
#7788=ORIENTED_EDGE('',*,*,#7787,.T.);
#7789=DIRECTION('',(0.,-0.45399,0.89101));
#7790=VECTOR('',#7789,2.65939);
#7791=LINE('',#7754,#7790);
#7792=EDGE_CURVE('',#7755,#7783,#7791,.T.);
#7793=ORIENTED_EDGE('',*,*,#7792,.F.);
#7794=ORIENTED_EDGE('',*,*,#7759,.F.);
#7795=EDGE_LOOP('',(#7781,#7788,#7793,#7794));
#7796=FACE_OUTER_BOUND('',#7795,.T.);
#7797=CARTESIAN_POINT('',(337.,73.12336,340.00383));
#7798=DIRECTION('',(0.,-0.89101,-0.45399));
#7799=DIRECTION('',(0.,-0.45399,0.89101));
#7800=AXIS2_PLACEMENT_3D('',#7797,#7798,#7799);
#7801=PLANE('',#7800);
#7802=ADVANCED_FACE('',(#7796),#7801,.T.);
#7803=CARTESIAN_POINT('',(337.,71.5,345.));
#7804=VERTEX_POINT('',#7803);
#7805=DIRECTION('',(0.,-0.15643,0.98769));
#7806=VECTOR('',#7805,2.65939);
#7807=LINE('',#7775,#7806);
#7808=EDGE_CURVE('',#7776,#7804,#7807,.T.);
#7809=ORIENTED_EDGE('',*,*,#7808,.T.);
#7810=CARTESIAN_POINT('',(330.,71.5,345.));
#7811=VERTEX_POINT('',#7810);
#7812=DIRECTION('',(-1.,0.,0.));
#7813=VECTOR('',#7812,7.);
#7814=LINE('',#7803,#7813);
#7815=EDGE_CURVE('',#7804,#7811,#7814,.T.);
#7816=ORIENTED_EDGE('',*,*,#7815,.T.);
#7817=DIRECTION('',(0.,-0.15643,0.98769));
#7818=VECTOR('',#7817,2.65939);
#7819=LINE('',#7782,#7818);
#7820=EDGE_CURVE('',#7783,#7811,#7819,.T.);
#7821=ORIENTED_EDGE('',*,*,#7820,.F.);
#7822=ORIENTED_EDGE('',*,*,#7787,.F.);
#7823=EDGE_LOOP('',(#7809,#7816,#7821,#7822));
#7824=FACE_OUTER_BOUND('',#7823,.T.);
#7825=CARTESIAN_POINT('',(337.,71.91602,342.37336));
#7826=DIRECTION('',(0.,-0.98769,-0.15643));
#7827=DIRECTION('',(0.,-0.15643,0.98769));
#7828=AXIS2_PLACEMENT_3D('',#7825,#7826,#7827);
#7829=PLANE('',#7828);
#7830=ADVANCED_FACE('',(#7824),#7829,.T.);
#7831=CARTESIAN_POINT('',(337.,71.91602,347.62664));
#7832=VERTEX_POINT('',#7831);
#7833=DIRECTION('',(0.,0.15643,0.98769));
#7834=VECTOR('',#7833,2.65939);
#7835=LINE('',#7803,#7834);
#7836=EDGE_CURVE('',#7804,#7832,#7835,.T.);
#7837=ORIENTED_EDGE('',*,*,#7836,.T.);
#7838=CARTESIAN_POINT('',(330.,71.91602,347.62664));
#7839=VERTEX_POINT('',#7838);
#7840=DIRECTION('',(-1.,0.,0.));
#7841=VECTOR('',#7840,7.);
#7842=LINE('',#7831,#7841);
#7843=EDGE_CURVE('',#7832,#7839,#7842,.T.);
#7844=ORIENTED_EDGE('',*,*,#7843,.T.);
#7845=DIRECTION('',(0.,0.15643,0.98769));
#7846=VECTOR('',#7845,2.65939);
#7847=LINE('',#7810,#7846);
#7848=EDGE_CURVE('',#7811,#7839,#7847,.T.);
#7849=ORIENTED_EDGE('',*,*,#7848,.F.);
#7850=ORIENTED_EDGE('',*,*,#7815,.F.);
#7851=EDGE_LOOP('',(#7837,#7844,#7849,#7850));
#7852=FACE_OUTER_BOUND('',#7851,.T.);
#7853=CARTESIAN_POINT('',(337.,71.5,345.));
#7854=DIRECTION('',(0.,-0.98769,0.15643));
#7855=DIRECTION('',(0.,0.15643,0.98769));
#7856=AXIS2_PLACEMENT_3D('',#7853,#7854,#7855);
#7857=PLANE('',#7856);
#7858=ADVANCED_FACE('',(#7852),#7857,.T.);
#7859=CARTESIAN_POINT('',(337.,73.12336,349.99617));
#7860=VERTEX_POINT('',#7859);
#7861=DIRECTION('',(0.,0.45399,0.89101));
#7862=VECTOR('',#7861,2.65939);
#7863=LINE('',#7831,#7862);
#7864=EDGE_CURVE('',#7832,#7860,#7863,.T.);
#7865=ORIENTED_EDGE('',*,*,#7864,.T.);
#7866=CARTESIAN_POINT('',(330.,73.12336,349.99617));
#7867=VERTEX_POINT('',#7866);
#7868=DIRECTION('',(-1.,0.,0.));
#7869=VECTOR('',#7868,7.);
#7870=LINE('',#7859,#7869);
#7871=EDGE_CURVE('',#7860,#7867,#7870,.T.);
#7872=ORIENTED_EDGE('',*,*,#7871,.T.);
#7873=DIRECTION('',(0.,0.45399,0.89101));
#7874=VECTOR('',#7873,2.65939);
#7875=LINE('',#7838,#7874);
#7876=EDGE_CURVE('',#7839,#7867,#7875,.T.);
#7877=ORIENTED_EDGE('',*,*,#7876,.F.);
#7878=ORIENTED_EDGE('',*,*,#7843,.F.);
#7879=EDGE_LOOP('',(#7865,#7872,#7877,#7878));
#7880=FACE_OUTER_BOUND('',#7879,.T.);
#7881=CARTESIAN_POINT('',(337.,71.91602,347.62664));
#7882=DIRECTION('',(0.,-0.89101,0.45399));
#7883=DIRECTION('',(0.,0.45399,0.89101));
#7884=AXIS2_PLACEMENT_3D('',#7881,#7882,#7883);
#7885=PLANE('',#7884);
#7886=ADVANCED_FACE('',(#7880),#7885,.T.);
#7887=CARTESIAN_POINT('',(337.,75.00383,351.87664));
#7888=VERTEX_POINT('',#7887);
#7889=DIRECTION('',(0.,0.70711,0.70711));
#7890=VECTOR('',#7889,2.65939);
#7891=LINE('',#7859,#7890);
#7892=EDGE_CURVE('',#7860,#7888,#7891,.T.);
#7893=ORIENTED_EDGE('',*,*,#7892,.T.);
#7894=CARTESIAN_POINT('',(330.,75.00383,351.87664));
#7895=VERTEX_POINT('',#7894);
#7896=DIRECTION('',(-1.,0.,0.));
#7897=VECTOR('',#7896,7.);
#7898=LINE('',#7887,#7897);
#7899=EDGE_CURVE('',#7888,#7895,#7898,.T.);
#7900=ORIENTED_EDGE('',*,*,#7899,.T.);
#7901=DIRECTION('',(0.,0.70711,0.70711));
#7902=VECTOR('',#7901,2.65939);
#7903=LINE('',#7866,#7902);
#7904=EDGE_CURVE('',#7867,#7895,#7903,.T.);
#7905=ORIENTED_EDGE('',*,*,#7904,.F.);
#7906=ORIENTED_EDGE('',*,*,#7871,.F.);
#7907=EDGE_LOOP('',(#7893,#7900,#7905,#7906));
#7908=FACE_OUTER_BOUND('',#7907,.T.);
#7909=CARTESIAN_POINT('',(337.,73.12336,349.99617));
#7910=DIRECTION('',(0.,-0.70711,0.70711));
#7911=DIRECTION('',(0.,0.70711,0.70711));
#7912=AXIS2_PLACEMENT_3D('',#7909,#7910,#7911);
#7913=PLANE('',#7912);
#7914=ADVANCED_FACE('',(#7908),#7913,.T.);
#7915=CARTESIAN_POINT('',(337.,77.37336,353.08398));
#7916=VERTEX_POINT('',#7915);
#7917=DIRECTION('',(0.,0.89101,0.45399));
#7918=VECTOR('',#7917,2.65939);
#7919=LINE('',#7887,#7918);
#7920=EDGE_CURVE('',#7888,#7916,#7919,.T.);
#7921=ORIENTED_EDGE('',*,*,#7920,.T.);
#7922=CARTESIAN_POINT('',(330.,77.37336,353.08398));
#7923=VERTEX_POINT('',#7922);
#7924=DIRECTION('',(-1.,0.,0.));
#7925=VECTOR('',#7924,7.);
#7926=LINE('',#7915,#7925);
#7927=EDGE_CURVE('',#7916,#7923,#7926,.T.);
#7928=ORIENTED_EDGE('',*,*,#7927,.T.);
#7929=DIRECTION('',(0.,0.89101,0.45399));
#7930=VECTOR('',#7929,2.65939);
#7931=LINE('',#7894,#7930);
#7932=EDGE_CURVE('',#7895,#7923,#7931,.T.);
#7933=ORIENTED_EDGE('',*,*,#7932,.F.);
#7934=ORIENTED_EDGE('',*,*,#7899,.F.);
#7935=EDGE_LOOP('',(#7921,#7928,#7933,#7934));
#7936=FACE_OUTER_BOUND('',#7935,.T.);
#7937=CARTESIAN_POINT('',(337.,75.00383,351.87664));
#7938=DIRECTION('',(0.,-0.45399,0.89101));
#7939=DIRECTION('',(0.,0.89101,0.45399));
#7940=AXIS2_PLACEMENT_3D('',#7937,#7938,#7939);
#7941=PLANE('',#7940);
#7942=ADVANCED_FACE('',(#7936),#7941,.T.);
#7943=DIRECTION('',(0.,-0.98769,-0.15643));
#7944=VECTOR('',#7943,2.65939);
#7945=LINE('',#7403,#7944);
#7946=EDGE_CURVE('',#7404,#7916,#7945,.T.);
#7947=ORIENTED_EDGE('',*,*,#7946,.F.);
#7948=ORIENTED_EDGE('',*,*,#7429,.T.);
#7949=DIRECTION('',(0.,-0.98769,-0.15643));
#7950=VECTOR('',#7949,2.65939);
#7951=LINE('',#7419,#7950);
#7952=EDGE_CURVE('',#7420,#7923,#7951,.T.);
#7953=ORIENTED_EDGE('',*,*,#7952,.T.);
#7954=ORIENTED_EDGE('',*,*,#7927,.F.);
#7955=EDGE_LOOP('',(#7947,#7948,#7953,#7954));
#7956=FACE_OUTER_BOUND('',#7955,.T.);
#7957=CARTESIAN_POINT('',(337.,77.37336,353.08398));
#7958=DIRECTION('',(0.,-0.15643,0.98769));
#7959=DIRECTION('',(0.,0.98769,0.15643));
#7960=AXIS2_PLACEMENT_3D('',#7957,#7958,#7959);
#7961=PLANE('',#7960);
#7962=ADVANCED_FACE('',(#7956),#7961,.T.);
#7963=ORIENTED_EDGE('',*,*,#7920,.F.);
#7964=ORIENTED_EDGE('',*,*,#7892,.F.);
#7965=ORIENTED_EDGE('',*,*,#7864,.F.);
#7966=ORIENTED_EDGE('',*,*,#7836,.F.);
#7967=ORIENTED_EDGE('',*,*,#7808,.F.);
#7968=ORIENTED_EDGE('',*,*,#7780,.F.);
#7969=ORIENTED_EDGE('',*,*,#7752,.F.);
#7970=ORIENTED_EDGE('',*,*,#7724,.F.);
#7971=ORIENTED_EDGE('',*,*,#7696,.F.);
#7972=ORIENTED_EDGE('',*,*,#7668,.F.);
#7973=ORIENTED_EDGE('',*,*,#7640,.F.);
#7974=ORIENTED_EDGE('',*,*,#7612,.F.);
#7975=ORIENTED_EDGE('',*,*,#7584,.F.);
#7976=ORIENTED_EDGE('',*,*,#7556,.F.);
#7977=ORIENTED_EDGE('',*,*,#7528,.F.);
#7978=ORIENTED_EDGE('',*,*,#7500,.F.);
#7979=ORIENTED_EDGE('',*,*,#7472,.F.);
#7980=ORIENTED_EDGE('',*,*,#7444,.F.);
#7981=ORIENTED_EDGE('',*,*,#7410,.F.);
#7982=ORIENTED_EDGE('',*,*,#7946,.T.);
#7983=EDGE_LOOP('',(#7963,#7964,#7965,#7966,#7967,#7968,#7969,#7970,#7971,#7972,#7973,#7974,#7975,#7976,#7977,#7978,#7979,#7980,#7981,#7982));
#7984=FACE_OUTER_BOUND('',#7983,.T.);
#7985=CARTESIAN_POINT('',(337.,77.37336,353.08398));
#7986=DIRECTION('',(1.,0.,0.));
#7987=DIRECTION('',(0.,-0.89101,-0.45399));
#7988=AXIS2_PLACEMENT_3D('',#7985,#7986,#7987);
#7989=PLANE('',#7988);
#7990=ADVANCED_FACE('',(#7984),#7989,.T.);
#7991=ORIENTED_EDGE('',*,*,#7424,.T.);
#7992=ORIENTED_EDGE('',*,*,#7456,.T.);
#7993=ORIENTED_EDGE('',*,*,#7484,.T.);
#7994=ORIENTED_EDGE('',*,*,#7512,.T.);
#7995=ORIENTED_EDGE('',*,*,#7540,.T.);
#7996=ORIENTED_EDGE('',*,*,#7568,.T.);
#7997=ORIENTED_EDGE('',*,*,#7596,.T.);
#7998=ORIENTED_EDGE('',*,*,#7624,.T.);
#7999=ORIENTED_EDGE('',*,*,#7652,.T.);
#8000=ORIENTED_EDGE('',*,*,#7680,.T.);
#8001=ORIENTED_EDGE('',*,*,#7708,.T.);
#8002=ORIENTED_EDGE('',*,*,#7736,.T.);
#8003=ORIENTED_EDGE('',*,*,#7764,.T.);
#8004=ORIENTED_EDGE('',*,*,#7792,.T.);
#8005=ORIENTED_EDGE('',*,*,#7820,.T.);
#8006=ORIENTED_EDGE('',*,*,#7848,.T.);
#8007=ORIENTED_EDGE('',*,*,#7876,.T.);
#8008=ORIENTED_EDGE('',*,*,#7904,.T.);
#8009=ORIENTED_EDGE('',*,*,#7932,.T.);
#8010=ORIENTED_EDGE('',*,*,#7952,.F.);
#8011=EDGE_LOOP('',(#7991,#7992,#7993,#7994,#7995,#7996,#7997,#7998,#7999,#8000,#8001,#8002,#8003,#8004,#8005,#8006,#8007,#8008,#8009,#8010));
#8012=FACE_OUTER_BOUND('',#8011,.T.);
#8013=CARTESIAN_POINT('',(330.,80.,353.5));
#8014=DIRECTION('',(-1.,0.,0.));
#8015=DIRECTION('',(0.,0.98769,-0.15643));
#8016=AXIS2_PLACEMENT_3D('',#8013,#8014,#8015);
#8017=PLANE('',#8016);
#8018=ADVANCED_FACE('',(#8012),#8017,.T.);
#8019=CLOSED_SHELL('',(#7438,#7466,#7494,#7522,#7550,#7578,#7606,#7634,#7662,#7690,#7718,#7746,#7774,#7802,#7830,#7858,#7886,#7914,#7942,#7962,#7990,#8018));
#8020=MANIFOLD_SOLID_BREP('',#8019);
#8021=STYLED_ITEM('color',(#3930),#8020);
#8022=CARTESIAN_POINT('',(645.,-93.64915,359.));
#8023=VERTEX_POINT('',#8022);
#8024=CARTESIAN_POINT('',(645.,-87.29829,370.));
#8025=VERTEX_POINT('',#8024);
#8026=DIRECTION('',(0.,0.5,0.86603));
#8027=VECTOR('',#8026,12.70171);
#8028=LINE('',#8022,#8027);
#8029=EDGE_CURVE('',#8023,#8025,#8028,.T.);
#8030=ORIENTED_EDGE('',*,*,#8029,.T.);
#8031=CARTESIAN_POINT('',(653.,-87.29829,370.));
#8032=VERTEX_POINT('',#8031);
#8033=DIRECTION('',(1.,0.,0.));
#8034=VECTOR('',#8033,8.);
#8035=LINE('',#8024,#8034);
#8036=EDGE_CURVE('',#8025,#8032,#8035,.T.);
#8037=ORIENTED_EDGE('',*,*,#8036,.T.);
#8038=CARTESIAN_POINT('',(653.,-93.64915,359.));
#8039=VERTEX_POINT('',#8038);
#8040=DIRECTION('',(0.,0.5,0.86603));
#8041=VECTOR('',#8040,12.70171);
#8042=LINE('',#8038,#8041);
#8043=EDGE_CURVE('',#8039,#8032,#8042,.T.);
#8044=ORIENTED_EDGE('',*,*,#8043,.F.);
#8045=DIRECTION('',(1.,0.,0.));
#8046=VECTOR('',#8045,8.);
#8047=LINE('',#8022,#8046);
#8048=EDGE_CURVE('',#8023,#8039,#8047,.T.);
#8049=ORIENTED_EDGE('',*,*,#8048,.F.);
#8050=EDGE_LOOP('',(#8030,#8037,#8044,#8049));
#8051=FACE_OUTER_BOUND('',#8050,.T.);
#8052=CARTESIAN_POINT('',(645.,-93.64915,359.));
#8053=DIRECTION('',(0.,0.86603,-0.5));
#8054=DIRECTION('',(0.,0.5,0.86603));
#8055=AXIS2_PLACEMENT_3D('',#8052,#8053,#8054);
#8056=PLANE('',#8055);
#8057=ADVANCED_FACE('',(#8051),#8056,.T.);
#8058=CARTESIAN_POINT('',(645.,-93.64915,381.));
#8059=VERTEX_POINT('',#8058);
#8060=DIRECTION('',(0.,-0.5,0.86603));
#8061=VECTOR('',#8060,12.70171);
#8062=LINE('',#8024,#8061);
#8063=EDGE_CURVE('',#8025,#8059,#8062,.T.);
#8064=ORIENTED_EDGE('',*,*,#8063,.T.);
#8065=CARTESIAN_POINT('',(653.,-93.64915,381.));
#8066=VERTEX_POINT('',#8065);
#8067=DIRECTION('',(1.,0.,0.));
#8068=VECTOR('',#8067,8.);
#8069=LINE('',#8058,#8068);
#8070=EDGE_CURVE('',#8059,#8066,#8069,.T.);
#8071=ORIENTED_EDGE('',*,*,#8070,.T.);
#8072=DIRECTION('',(0.,-0.5,0.86603));
#8073=VECTOR('',#8072,12.70171);
#8074=LINE('',#8031,#8073);
#8075=EDGE_CURVE('',#8032,#8066,#8074,.T.);
#8076=ORIENTED_EDGE('',*,*,#8075,.F.);
#8077=ORIENTED_EDGE('',*,*,#8036,.F.);
#8078=EDGE_LOOP('',(#8064,#8071,#8076,#8077));
#8079=FACE_OUTER_BOUND('',#8078,.T.);
#8080=CARTESIAN_POINT('',(645.,-87.29829,370.));
#8081=DIRECTION('',(0.,0.86603,0.5));
#8082=DIRECTION('',(0.,-0.5,0.86603));
#8083=AXIS2_PLACEMENT_3D('',#8080,#8081,#8082);
#8084=PLANE('',#8083);
#8085=ADVANCED_FACE('',(#8079),#8084,.T.);
#8086=CARTESIAN_POINT('',(645.,-106.35085,381.));
#8087=VERTEX_POINT('',#8086);
#8088=DIRECTION('',(0.,-1.,0.));
#8089=VECTOR('',#8088,12.70171);
#8090=LINE('',#8058,#8089);
#8091=EDGE_CURVE('',#8059,#8087,#8090,.T.);
#8092=ORIENTED_EDGE('',*,*,#8091,.T.);
#8093=CARTESIAN_POINT('',(653.,-106.35085,381.));
#8094=VERTEX_POINT('',#8093);
#8095=DIRECTION('',(1.,0.,0.));
#8096=VECTOR('',#8095,8.);
#8097=LINE('',#8086,#8096);
#8098=EDGE_CURVE('',#8087,#8094,#8097,.T.);
#8099=ORIENTED_EDGE('',*,*,#8098,.T.);
#8100=DIRECTION('',(0.,-1.,0.));
#8101=VECTOR('',#8100,12.70171);
#8102=LINE('',#8065,#8101);
#8103=EDGE_CURVE('',#8066,#8094,#8102,.T.);
#8104=ORIENTED_EDGE('',*,*,#8103,.F.);
#8105=ORIENTED_EDGE('',*,*,#8070,.F.);
#8106=EDGE_LOOP('',(#8092,#8099,#8104,#8105));
#8107=FACE_OUTER_BOUND('',#8106,.T.);
#8108=CARTESIAN_POINT('',(645.,-93.64915,381.));
#8109=DIRECTION('',(0.,0.,1.));
#8110=DIRECTION('',(0.,-1.,0.));
#8111=AXIS2_PLACEMENT_3D('',#8108,#8109,#8110);
#8112=PLANE('',#8111);
#8113=ADVANCED_FACE('',(#8107),#8112,.T.);
#8114=CARTESIAN_POINT('',(645.,-112.70171,370.));
#8115=VERTEX_POINT('',#8114);
#8116=DIRECTION('',(0.,-0.5,-0.86603));
#8117=VECTOR('',#8116,12.70171);
#8118=LINE('',#8086,#8117);
#8119=EDGE_CURVE('',#8087,#8115,#8118,.T.);
#8120=ORIENTED_EDGE('',*,*,#8119,.T.);
#8121=CARTESIAN_POINT('',(653.,-112.70171,370.));
#8122=VERTEX_POINT('',#8121);
#8123=DIRECTION('',(1.,0.,0.));
#8124=VECTOR('',#8123,8.);
#8125=LINE('',#8114,#8124);
#8126=EDGE_CURVE('',#8115,#8122,#8125,.T.);
#8127=ORIENTED_EDGE('',*,*,#8126,.T.);
#8128=DIRECTION('',(0.,-0.5,-0.86603));
#8129=VECTOR('',#8128,12.70171);
#8130=LINE('',#8093,#8129);
#8131=EDGE_CURVE('',#8094,#8122,#8130,.T.);
#8132=ORIENTED_EDGE('',*,*,#8131,.F.);
#8133=ORIENTED_EDGE('',*,*,#8098,.F.);
#8134=EDGE_LOOP('',(#8120,#8127,#8132,#8133));
#8135=FACE_OUTER_BOUND('',#8134,.T.);
#8136=CARTESIAN_POINT('',(645.,-106.35085,381.));
#8137=DIRECTION('',(0.,-0.86603,0.5));
#8138=DIRECTION('',(0.,-0.5,-0.86603));
#8139=AXIS2_PLACEMENT_3D('',#8136,#8137,#8138);
#8140=PLANE('',#8139);
#8141=ADVANCED_FACE('',(#8135),#8140,.T.);
#8142=CARTESIAN_POINT('',(645.,-106.35085,359.));
#8143=VERTEX_POINT('',#8142);
#8144=DIRECTION('',(0.,0.5,-0.86603));
#8145=VECTOR('',#8144,12.70171);
#8146=LINE('',#8114,#8145);
#8147=EDGE_CURVE('',#8115,#8143,#8146,.T.);
#8148=ORIENTED_EDGE('',*,*,#8147,.T.);
#8149=CARTESIAN_POINT('',(653.,-106.35085,359.));
#8150=VERTEX_POINT('',#8149);
#8151=DIRECTION('',(1.,0.,0.));
#8152=VECTOR('',#8151,8.);
#8153=LINE('',#8142,#8152);
#8154=EDGE_CURVE('',#8143,#8150,#8153,.T.);
#8155=ORIENTED_EDGE('',*,*,#8154,.T.);
#8156=DIRECTION('',(0.,0.5,-0.86603));
#8157=VECTOR('',#8156,12.70171);
#8158=LINE('',#8121,#8157);
#8159=EDGE_CURVE('',#8122,#8150,#8158,.T.);
#8160=ORIENTED_EDGE('',*,*,#8159,.F.);
#8161=ORIENTED_EDGE('',*,*,#8126,.F.);
#8162=EDGE_LOOP('',(#8148,#8155,#8160,#8161));
#8163=FACE_OUTER_BOUND('',#8162,.T.);
#8164=CARTESIAN_POINT('',(645.,-112.70171,370.));
#8165=DIRECTION('',(0.,-0.86603,-0.5));
#8166=DIRECTION('',(0.,0.5,-0.86603));
#8167=AXIS2_PLACEMENT_3D('',#8164,#8165,#8166);
#8168=PLANE('',#8167);
#8169=ADVANCED_FACE('',(#8163),#8168,.T.);
#8170=DIRECTION('',(0.,-1.,0.));
#8171=VECTOR('',#8170,12.70171);
#8172=LINE('',#8022,#8171);
#8173=EDGE_CURVE('',#8023,#8143,#8172,.T.);
#8174=ORIENTED_EDGE('',*,*,#8173,.F.);
#8175=ORIENTED_EDGE('',*,*,#8048,.T.);
#8176=DIRECTION('',(0.,-1.,0.));
#8177=VECTOR('',#8176,12.70171);
#8178=LINE('',#8038,#8177);
#8179=EDGE_CURVE('',#8039,#8150,#8178,.T.);
#8180=ORIENTED_EDGE('',*,*,#8179,.T.);
#8181=ORIENTED_EDGE('',*,*,#8154,.F.);
#8182=EDGE_LOOP('',(#8174,#8175,#8180,#8181));
#8183=FACE_OUTER_BOUND('',#8182,.T.);
#8184=CARTESIAN_POINT('',(645.,-106.35085,359.));
#8185=DIRECTION('',(0.,0.,-1.));
#8186=DIRECTION('',(0.,1.,0.));
#8187=AXIS2_PLACEMENT_3D('',#8184,#8185,#8186);
#8188=PLANE('',#8187);
#8189=ADVANCED_FACE('',(#8183),#8188,.T.);
#8190=ORIENTED_EDGE('',*,*,#8147,.F.);
#8191=ORIENTED_EDGE('',*,*,#8119,.F.);
#8192=ORIENTED_EDGE('',*,*,#8091,.F.);
#8193=ORIENTED_EDGE('',*,*,#8063,.F.);
#8194=ORIENTED_EDGE('',*,*,#8029,.F.);
#8195=ORIENTED_EDGE('',*,*,#8173,.T.);
#8196=EDGE_LOOP('',(#8190,#8191,#8192,#8193,#8194,#8195));
#8197=FACE_OUTER_BOUND('',#8196,.T.);
#8198=CARTESIAN_POINT('',(645.,-106.35085,359.));
#8199=DIRECTION('',(-1.,0.,0.));
#8200=DIRECTION('',(0.,-0.5,0.86603));
#8201=AXIS2_PLACEMENT_3D('',#8198,#8199,#8200);
#8202=PLANE('',#8201);
#8203=ADVANCED_FACE('',(#8197),#8202,.T.);
#8204=ORIENTED_EDGE('',*,*,#8043,.T.);
#8205=ORIENTED_EDGE('',*,*,#8075,.T.);
#8206=ORIENTED_EDGE('',*,*,#8103,.T.);
#8207=ORIENTED_EDGE('',*,*,#8131,.T.);
#8208=ORIENTED_EDGE('',*,*,#8159,.T.);
#8209=ORIENTED_EDGE('',*,*,#8179,.F.);
#8210=EDGE_LOOP('',(#8204,#8205,#8206,#8207,#8208,#8209));
#8211=FACE_OUTER_BOUND('',#8210,.T.);
#8212=CARTESIAN_POINT('',(653.,-93.64915,359.));
#8213=DIRECTION('',(1.,0.,0.));
#8214=DIRECTION('',(0.,0.5,0.86603));
#8215=AXIS2_PLACEMENT_3D('',#8212,#8213,#8214);
#8216=PLANE('',#8215);
#8217=ADVANCED_FACE('',(#8211),#8216,.T.);
#8218=CLOSED_SHELL('',(#8057,#8085,#8113,#8141,#8169,#8189,#8203,#8217));
#8219=MANIFOLD_SOLID_BREP('',#8218);
#8220=STYLED_ITEM('color',(#3930),#8219);
#8221=CARTESIAN_POINT('',(653.,-100.,361.5));
#8222=VERTEX_POINT('',#8221);
#8223=CARTESIAN_POINT('',(653.,-97.37336,361.91602));
#8224=VERTEX_POINT('',#8223);
#8225=DIRECTION('',(0.,0.98769,0.15643));
#8226=VECTOR('',#8225,2.65939);
#8227=LINE('',#8221,#8226);
#8228=EDGE_CURVE('',#8222,#8224,#8227,.T.);
#8229=ORIENTED_EDGE('',*,*,#8228,.T.);
#8230=CARTESIAN_POINT('',(660.,-97.37336,361.91602));
#8231=VERTEX_POINT('',#8230);
#8232=DIRECTION('',(1.,0.,0.));
#8233=VECTOR('',#8232,7.);
#8234=LINE('',#8223,#8233);
#8235=EDGE_CURVE('',#8224,#8231,#8234,.T.);
#8236=ORIENTED_EDGE('',*,*,#8235,.T.);
#8237=CARTESIAN_POINT('',(660.,-100.,361.5));
#8238=VERTEX_POINT('',#8237);
#8239=DIRECTION('',(0.,0.98769,0.15643));
#8240=VECTOR('',#8239,2.65939);
#8241=LINE('',#8237,#8240);
#8242=EDGE_CURVE('',#8238,#8231,#8241,.T.);
#8243=ORIENTED_EDGE('',*,*,#8242,.F.);
#8244=DIRECTION('',(1.,0.,0.));
#8245=VECTOR('',#8244,7.);
#8246=LINE('',#8221,#8245);
#8247=EDGE_CURVE('',#8222,#8238,#8246,.T.);
#8248=ORIENTED_EDGE('',*,*,#8247,.F.);
#8249=EDGE_LOOP('',(#8229,#8236,#8243,#8248));
#8250=FACE_OUTER_BOUND('',#8249,.T.);
#8251=CARTESIAN_POINT('',(653.,-100.,361.5));
#8252=DIRECTION('',(0.,0.15643,-0.98769));
#8253=DIRECTION('',(0.,0.98769,0.15643));
#8254=AXIS2_PLACEMENT_3D('',#8251,#8252,#8253);
#8255=PLANE('',#8254);
#8256=ADVANCED_FACE('',(#8250),#8255,.T.);
#8257=CARTESIAN_POINT('',(653.,-95.00383,363.12336));
#8258=VERTEX_POINT('',#8257);
#8259=DIRECTION('',(0.,0.89101,0.45399));
#8260=VECTOR('',#8259,2.65939);
#8261=LINE('',#8223,#8260);
#8262=EDGE_CURVE('',#8224,#8258,#8261,.T.);
#8263=ORIENTED_EDGE('',*,*,#8262,.T.);
#8264=CARTESIAN_POINT('',(660.,-95.00383,363.12336));
#8265=VERTEX_POINT('',#8264);
#8266=DIRECTION('',(1.,0.,0.));
#8267=VECTOR('',#8266,7.);
#8268=LINE('',#8257,#8267);
#8269=EDGE_CURVE('',#8258,#8265,#8268,.T.);
#8270=ORIENTED_EDGE('',*,*,#8269,.T.);
#8271=DIRECTION('',(0.,0.89101,0.45399));
#8272=VECTOR('',#8271,2.65939);
#8273=LINE('',#8230,#8272);
#8274=EDGE_CURVE('',#8231,#8265,#8273,.T.);
#8275=ORIENTED_EDGE('',*,*,#8274,.F.);
#8276=ORIENTED_EDGE('',*,*,#8235,.F.);
#8277=EDGE_LOOP('',(#8263,#8270,#8275,#8276));
#8278=FACE_OUTER_BOUND('',#8277,.T.);
#8279=CARTESIAN_POINT('',(653.,-97.37336,361.91602));
#8280=DIRECTION('',(0.,0.45399,-0.89101));
#8281=DIRECTION('',(0.,0.89101,0.45399));
#8282=AXIS2_PLACEMENT_3D('',#8279,#8280,#8281);
#8283=PLANE('',#8282);
#8284=ADVANCED_FACE('',(#8278),#8283,.T.);
#8285=CARTESIAN_POINT('',(653.,-93.12336,365.00383));
#8286=VERTEX_POINT('',#8285);
#8287=DIRECTION('',(0.,0.70711,0.70711));
#8288=VECTOR('',#8287,2.65939);
#8289=LINE('',#8257,#8288);
#8290=EDGE_CURVE('',#8258,#8286,#8289,.T.);
#8291=ORIENTED_EDGE('',*,*,#8290,.T.);
#8292=CARTESIAN_POINT('',(660.,-93.12336,365.00383));
#8293=VERTEX_POINT('',#8292);
#8294=DIRECTION('',(1.,0.,0.));
#8295=VECTOR('',#8294,7.);
#8296=LINE('',#8285,#8295);
#8297=EDGE_CURVE('',#8286,#8293,#8296,.T.);
#8298=ORIENTED_EDGE('',*,*,#8297,.T.);
#8299=DIRECTION('',(0.,0.70711,0.70711));
#8300=VECTOR('',#8299,2.65939);
#8301=LINE('',#8264,#8300);
#8302=EDGE_CURVE('',#8265,#8293,#8301,.T.);
#8303=ORIENTED_EDGE('',*,*,#8302,.F.);
#8304=ORIENTED_EDGE('',*,*,#8269,.F.);
#8305=EDGE_LOOP('',(#8291,#8298,#8303,#8304));
#8306=FACE_OUTER_BOUND('',#8305,.T.);
#8307=CARTESIAN_POINT('',(653.,-95.00383,363.12336));
#8308=DIRECTION('',(0.,0.70711,-0.70711));
#8309=DIRECTION('',(0.,0.70711,0.70711));
#8310=AXIS2_PLACEMENT_3D('',#8307,#8308,#8309);
#8311=PLANE('',#8310);
#8312=ADVANCED_FACE('',(#8306),#8311,.T.);
#8313=CARTESIAN_POINT('',(653.,-91.91602,367.37336));
#8314=VERTEX_POINT('',#8313);
#8315=DIRECTION('',(0.,0.45399,0.89101));
#8316=VECTOR('',#8315,2.65939);
#8317=LINE('',#8285,#8316);
#8318=EDGE_CURVE('',#8286,#8314,#8317,.T.);
#8319=ORIENTED_EDGE('',*,*,#8318,.T.);
#8320=CARTESIAN_POINT('',(660.,-91.91602,367.37336));
#8321=VERTEX_POINT('',#8320);
#8322=DIRECTION('',(1.,0.,0.));
#8323=VECTOR('',#8322,7.);
#8324=LINE('',#8313,#8323);
#8325=EDGE_CURVE('',#8314,#8321,#8324,.T.);
#8326=ORIENTED_EDGE('',*,*,#8325,.T.);
#8327=DIRECTION('',(0.,0.45399,0.89101));
#8328=VECTOR('',#8327,2.65939);
#8329=LINE('',#8292,#8328);
#8330=EDGE_CURVE('',#8293,#8321,#8329,.T.);
#8331=ORIENTED_EDGE('',*,*,#8330,.F.);
#8332=ORIENTED_EDGE('',*,*,#8297,.F.);
#8333=EDGE_LOOP('',(#8319,#8326,#8331,#8332));
#8334=FACE_OUTER_BOUND('',#8333,.T.);
#8335=CARTESIAN_POINT('',(653.,-93.12336,365.00383));
#8336=DIRECTION('',(0.,0.89101,-0.45399));
#8337=DIRECTION('',(0.,0.45399,0.89101));
#8338=AXIS2_PLACEMENT_3D('',#8335,#8336,#8337);
#8339=PLANE('',#8338);
#8340=ADVANCED_FACE('',(#8334),#8339,.T.);
#8341=CARTESIAN_POINT('',(653.,-91.5,370.));
#8342=VERTEX_POINT('',#8341);
#8343=DIRECTION('',(0.,0.15643,0.98769));
#8344=VECTOR('',#8343,2.65939);
#8345=LINE('',#8313,#8344);
#8346=EDGE_CURVE('',#8314,#8342,#8345,.T.);
#8347=ORIENTED_EDGE('',*,*,#8346,.T.);
#8348=CARTESIAN_POINT('',(660.,-91.5,370.));
#8349=VERTEX_POINT('',#8348);
#8350=DIRECTION('',(1.,0.,0.));
#8351=VECTOR('',#8350,7.);
#8352=LINE('',#8341,#8351);
#8353=EDGE_CURVE('',#8342,#8349,#8352,.T.);
#8354=ORIENTED_EDGE('',*,*,#8353,.T.);
#8355=DIRECTION('',(0.,0.15643,0.98769));
#8356=VECTOR('',#8355,2.65939);
#8357=LINE('',#8320,#8356);
#8358=EDGE_CURVE('',#8321,#8349,#8357,.T.);
#8359=ORIENTED_EDGE('',*,*,#8358,.F.);
#8360=ORIENTED_EDGE('',*,*,#8325,.F.);
#8361=EDGE_LOOP('',(#8347,#8354,#8359,#8360));
#8362=FACE_OUTER_BOUND('',#8361,.T.);
#8363=CARTESIAN_POINT('',(653.,-91.91602,367.37336));
#8364=DIRECTION('',(0.,0.98769,-0.15643));
#8365=DIRECTION('',(0.,0.15643,0.98769));
#8366=AXIS2_PLACEMENT_3D('',#8363,#8364,#8365);
#8367=PLANE('',#8366);
#8368=ADVANCED_FACE('',(#8362),#8367,.T.);
#8369=CARTESIAN_POINT('',(653.,-91.91602,372.62664));
#8370=VERTEX_POINT('',#8369);
#8371=DIRECTION('',(0.,-0.15643,0.98769));
#8372=VECTOR('',#8371,2.65939);
#8373=LINE('',#8341,#8372);
#8374=EDGE_CURVE('',#8342,#8370,#8373,.T.);
#8375=ORIENTED_EDGE('',*,*,#8374,.T.);
#8376=CARTESIAN_POINT('',(660.,-91.91602,372.62664));
#8377=VERTEX_POINT('',#8376);
#8378=DIRECTION('',(1.,0.,0.));
#8379=VECTOR('',#8378,7.);
#8380=LINE('',#8369,#8379);
#8381=EDGE_CURVE('',#8370,#8377,#8380,.T.);
#8382=ORIENTED_EDGE('',*,*,#8381,.T.);
#8383=DIRECTION('',(0.,-0.15643,0.98769));
#8384=VECTOR('',#8383,2.65939);
#8385=LINE('',#8348,#8384);
#8386=EDGE_CURVE('',#8349,#8377,#8385,.T.);
#8387=ORIENTED_EDGE('',*,*,#8386,.F.);
#8388=ORIENTED_EDGE('',*,*,#8353,.F.);
#8389=EDGE_LOOP('',(#8375,#8382,#8387,#8388));
#8390=FACE_OUTER_BOUND('',#8389,.T.);
#8391=CARTESIAN_POINT('',(653.,-91.5,370.));
#8392=DIRECTION('',(0.,0.98769,0.15643));
#8393=DIRECTION('',(0.,-0.15643,0.98769));
#8394=AXIS2_PLACEMENT_3D('',#8391,#8392,#8393);
#8395=PLANE('',#8394);
#8396=ADVANCED_FACE('',(#8390),#8395,.T.);
#8397=CARTESIAN_POINT('',(653.,-93.12336,374.99617));
#8398=VERTEX_POINT('',#8397);
#8399=DIRECTION('',(0.,-0.45399,0.89101));
#8400=VECTOR('',#8399,2.65939);
#8401=LINE('',#8369,#8400);
#8402=EDGE_CURVE('',#8370,#8398,#8401,.T.);
#8403=ORIENTED_EDGE('',*,*,#8402,.T.);
#8404=CARTESIAN_POINT('',(660.,-93.12336,374.99617));
#8405=VERTEX_POINT('',#8404);
#8406=DIRECTION('',(1.,0.,0.));
#8407=VECTOR('',#8406,7.);
#8408=LINE('',#8397,#8407);
#8409=EDGE_CURVE('',#8398,#8405,#8408,.T.);
#8410=ORIENTED_EDGE('',*,*,#8409,.T.);
#8411=DIRECTION('',(0.,-0.45399,0.89101));
#8412=VECTOR('',#8411,2.65939);
#8413=LINE('',#8376,#8412);
#8414=EDGE_CURVE('',#8377,#8405,#8413,.T.);
#8415=ORIENTED_EDGE('',*,*,#8414,.F.);
#8416=ORIENTED_EDGE('',*,*,#8381,.F.);
#8417=EDGE_LOOP('',(#8403,#8410,#8415,#8416));
#8418=FACE_OUTER_BOUND('',#8417,.T.);
#8419=CARTESIAN_POINT('',(653.,-91.91602,372.62664));
#8420=DIRECTION('',(0.,0.89101,0.45399));
#8421=DIRECTION('',(0.,-0.45399,0.89101));
#8422=AXIS2_PLACEMENT_3D('',#8419,#8420,#8421);
#8423=PLANE('',#8422);
#8424=ADVANCED_FACE('',(#8418),#8423,.T.);
#8425=CARTESIAN_POINT('',(653.,-95.00383,376.87664));
#8426=VERTEX_POINT('',#8425);
#8427=DIRECTION('',(0.,-0.70711,0.70711));
#8428=VECTOR('',#8427,2.65939);
#8429=LINE('',#8397,#8428);
#8430=EDGE_CURVE('',#8398,#8426,#8429,.T.);
#8431=ORIENTED_EDGE('',*,*,#8430,.T.);
#8432=CARTESIAN_POINT('',(660.,-95.00383,376.87664));
#8433=VERTEX_POINT('',#8432);
#8434=DIRECTION('',(1.,0.,0.));
#8435=VECTOR('',#8434,7.);
#8436=LINE('',#8425,#8435);
#8437=EDGE_CURVE('',#8426,#8433,#8436,.T.);
#8438=ORIENTED_EDGE('',*,*,#8437,.T.);
#8439=DIRECTION('',(0.,-0.70711,0.70711));
#8440=VECTOR('',#8439,2.65939);
#8441=LINE('',#8404,#8440);
#8442=EDGE_CURVE('',#8405,#8433,#8441,.T.);
#8443=ORIENTED_EDGE('',*,*,#8442,.F.);
#8444=ORIENTED_EDGE('',*,*,#8409,.F.);
#8445=EDGE_LOOP('',(#8431,#8438,#8443,#8444));
#8446=FACE_OUTER_BOUND('',#8445,.T.);
#8447=CARTESIAN_POINT('',(653.,-93.12336,374.99617));
#8448=DIRECTION('',(0.,0.70711,0.70711));
#8449=DIRECTION('',(0.,-0.70711,0.70711));
#8450=AXIS2_PLACEMENT_3D('',#8447,#8448,#8449);
#8451=PLANE('',#8450);
#8452=ADVANCED_FACE('',(#8446),#8451,.T.);
#8453=CARTESIAN_POINT('',(653.,-97.37336,378.08398));
#8454=VERTEX_POINT('',#8453);
#8455=DIRECTION('',(0.,-0.89101,0.45399));
#8456=VECTOR('',#8455,2.65939);
#8457=LINE('',#8425,#8456);
#8458=EDGE_CURVE('',#8426,#8454,#8457,.T.);
#8459=ORIENTED_EDGE('',*,*,#8458,.T.);
#8460=CARTESIAN_POINT('',(660.,-97.37336,378.08398));
#8461=VERTEX_POINT('',#8460);
#8462=DIRECTION('',(1.,0.,0.));
#8463=VECTOR('',#8462,7.);
#8464=LINE('',#8453,#8463);
#8465=EDGE_CURVE('',#8454,#8461,#8464,.T.);
#8466=ORIENTED_EDGE('',*,*,#8465,.T.);
#8467=DIRECTION('',(0.,-0.89101,0.45399));
#8468=VECTOR('',#8467,2.65939);
#8469=LINE('',#8432,#8468);
#8470=EDGE_CURVE('',#8433,#8461,#8469,.T.);
#8471=ORIENTED_EDGE('',*,*,#8470,.F.);
#8472=ORIENTED_EDGE('',*,*,#8437,.F.);
#8473=EDGE_LOOP('',(#8459,#8466,#8471,#8472));
#8474=FACE_OUTER_BOUND('',#8473,.T.);
#8475=CARTESIAN_POINT('',(653.,-95.00383,376.87664));
#8476=DIRECTION('',(0.,0.45399,0.89101));
#8477=DIRECTION('',(0.,-0.89101,0.45399));
#8478=AXIS2_PLACEMENT_3D('',#8475,#8476,#8477);
#8479=PLANE('',#8478);
#8480=ADVANCED_FACE('',(#8474),#8479,.T.);
#8481=CARTESIAN_POINT('',(653.,-100.,378.5));
#8482=VERTEX_POINT('',#8481);
#8483=DIRECTION('',(0.,-0.98769,0.15643));
#8484=VECTOR('',#8483,2.65939);
#8485=LINE('',#8453,#8484);
#8486=EDGE_CURVE('',#8454,#8482,#8485,.T.);
#8487=ORIENTED_EDGE('',*,*,#8486,.T.);
#8488=CARTESIAN_POINT('',(660.,-100.,378.5));
#8489=VERTEX_POINT('',#8488);
#8490=DIRECTION('',(1.,0.,0.));
#8491=VECTOR('',#8490,7.);
#8492=LINE('',#8481,#8491);
#8493=EDGE_CURVE('',#8482,#8489,#8492,.T.);
#8494=ORIENTED_EDGE('',*,*,#8493,.T.);
#8495=DIRECTION('',(0.,-0.98769,0.15643));
#8496=VECTOR('',#8495,2.65939);
#8497=LINE('',#8460,#8496);
#8498=EDGE_CURVE('',#8461,#8489,#8497,.T.);
#8499=ORIENTED_EDGE('',*,*,#8498,.F.);
#8500=ORIENTED_EDGE('',*,*,#8465,.F.);
#8501=EDGE_LOOP('',(#8487,#8494,#8499,#8500));
#8502=FACE_OUTER_BOUND('',#8501,.T.);
#8503=CARTESIAN_POINT('',(653.,-97.37336,378.08398));
#8504=DIRECTION('',(0.,0.15643,0.98769));
#8505=DIRECTION('',(0.,-0.98769,0.15643));
#8506=AXIS2_PLACEMENT_3D('',#8503,#8504,#8505);
#8507=PLANE('',#8506);
#8508=ADVANCED_FACE('',(#8502),#8507,.T.);
#8509=CARTESIAN_POINT('',(653.,-102.62664,378.08398));
#8510=VERTEX_POINT('',#8509);
#8511=DIRECTION('',(0.,-0.98769,-0.15643));
#8512=VECTOR('',#8511,2.65939);
#8513=LINE('',#8481,#8512);
#8514=EDGE_CURVE('',#8482,#8510,#8513,.T.);
#8515=ORIENTED_EDGE('',*,*,#8514,.T.);
#8516=CARTESIAN_POINT('',(660.,-102.62664,378.08398));
#8517=VERTEX_POINT('',#8516);
#8518=DIRECTION('',(1.,0.,0.));
#8519=VECTOR('',#8518,7.);
#8520=LINE('',#8509,#8519);
#8521=EDGE_CURVE('',#8510,#8517,#8520,.T.);
#8522=ORIENTED_EDGE('',*,*,#8521,.T.);
#8523=DIRECTION('',(0.,-0.98769,-0.15643));
#8524=VECTOR('',#8523,2.65939);
#8525=LINE('',#8488,#8524);
#8526=EDGE_CURVE('',#8489,#8517,#8525,.T.);
#8527=ORIENTED_EDGE('',*,*,#8526,.F.);
#8528=ORIENTED_EDGE('',*,*,#8493,.F.);
#8529=EDGE_LOOP('',(#8515,#8522,#8527,#8528));
#8530=FACE_OUTER_BOUND('',#8529,.T.);
#8531=CARTESIAN_POINT('',(653.,-100.,378.5));
#8532=DIRECTION('',(0.,-0.15643,0.98769));
#8533=DIRECTION('',(0.,-0.98769,-0.15643));
#8534=AXIS2_PLACEMENT_3D('',#8531,#8532,#8533);
#8535=PLANE('',#8534);
#8536=ADVANCED_FACE('',(#8530),#8535,.T.);
#8537=CARTESIAN_POINT('',(653.,-104.99617,376.87664));
#8538=VERTEX_POINT('',#8537);
#8539=DIRECTION('',(0.,-0.89101,-0.45399));
#8540=VECTOR('',#8539,2.65939);
#8541=LINE('',#8509,#8540);
#8542=EDGE_CURVE('',#8510,#8538,#8541,.T.);
#8543=ORIENTED_EDGE('',*,*,#8542,.T.);
#8544=CARTESIAN_POINT('',(660.,-104.99617,376.87664));
#8545=VERTEX_POINT('',#8544);
#8546=DIRECTION('',(1.,0.,0.));
#8547=VECTOR('',#8546,7.);
#8548=LINE('',#8537,#8547);
#8549=EDGE_CURVE('',#8538,#8545,#8548,.T.);
#8550=ORIENTED_EDGE('',*,*,#8549,.T.);
#8551=DIRECTION('',(0.,-0.89101,-0.45399));
#8552=VECTOR('',#8551,2.65939);
#8553=LINE('',#8516,#8552);
#8554=EDGE_CURVE('',#8517,#8545,#8553,.T.);
#8555=ORIENTED_EDGE('',*,*,#8554,.F.);
#8556=ORIENTED_EDGE('',*,*,#8521,.F.);
#8557=EDGE_LOOP('',(#8543,#8550,#8555,#8556));
#8558=FACE_OUTER_BOUND('',#8557,.T.);
#8559=CARTESIAN_POINT('',(653.,-102.62664,378.08398));
#8560=DIRECTION('',(0.,-0.45399,0.89101));
#8561=DIRECTION('',(0.,-0.89101,-0.45399));
#8562=AXIS2_PLACEMENT_3D('',#8559,#8560,#8561);
#8563=PLANE('',#8562);
#8564=ADVANCED_FACE('',(#8558),#8563,.T.);
#8565=CARTESIAN_POINT('',(653.,-106.87664,374.99617));
#8566=VERTEX_POINT('',#8565);
#8567=DIRECTION('',(0.,-0.70711,-0.70711));
#8568=VECTOR('',#8567,2.65939);
#8569=LINE('',#8537,#8568);
#8570=EDGE_CURVE('',#8538,#8566,#8569,.T.);
#8571=ORIENTED_EDGE('',*,*,#8570,.T.);
#8572=CARTESIAN_POINT('',(660.,-106.87664,374.99617));
#8573=VERTEX_POINT('',#8572);
#8574=DIRECTION('',(1.,0.,0.));
#8575=VECTOR('',#8574,7.);
#8576=LINE('',#8565,#8575);
#8577=EDGE_CURVE('',#8566,#8573,#8576,.T.);
#8578=ORIENTED_EDGE('',*,*,#8577,.T.);
#8579=DIRECTION('',(0.,-0.70711,-0.70711));
#8580=VECTOR('',#8579,2.65939);
#8581=LINE('',#8544,#8580);
#8582=EDGE_CURVE('',#8545,#8573,#8581,.T.);
#8583=ORIENTED_EDGE('',*,*,#8582,.F.);
#8584=ORIENTED_EDGE('',*,*,#8549,.F.);
#8585=EDGE_LOOP('',(#8571,#8578,#8583,#8584));
#8586=FACE_OUTER_BOUND('',#8585,.T.);
#8587=CARTESIAN_POINT('',(653.,-104.99617,376.87664));
#8588=DIRECTION('',(0.,-0.70711,0.70711));
#8589=DIRECTION('',(0.,-0.70711,-0.70711));
#8590=AXIS2_PLACEMENT_3D('',#8587,#8588,#8589);
#8591=PLANE('',#8590);
#8592=ADVANCED_FACE('',(#8586),#8591,.T.);
#8593=CARTESIAN_POINT('',(653.,-108.08398,372.62664));
#8594=VERTEX_POINT('',#8593);
#8595=DIRECTION('',(0.,-0.45399,-0.89101));
#8596=VECTOR('',#8595,2.65939);
#8597=LINE('',#8565,#8596);
#8598=EDGE_CURVE('',#8566,#8594,#8597,.T.);
#8599=ORIENTED_EDGE('',*,*,#8598,.T.);
#8600=CARTESIAN_POINT('',(660.,-108.08398,372.62664));
#8601=VERTEX_POINT('',#8600);
#8602=DIRECTION('',(1.,0.,0.));
#8603=VECTOR('',#8602,7.);
#8604=LINE('',#8593,#8603);
#8605=EDGE_CURVE('',#8594,#8601,#8604,.T.);
#8606=ORIENTED_EDGE('',*,*,#8605,.T.);
#8607=DIRECTION('',(0.,-0.45399,-0.89101));
#8608=VECTOR('',#8607,2.65939);
#8609=LINE('',#8572,#8608);
#8610=EDGE_CURVE('',#8573,#8601,#8609,.T.);
#8611=ORIENTED_EDGE('',*,*,#8610,.F.);
#8612=ORIENTED_EDGE('',*,*,#8577,.F.);
#8613=EDGE_LOOP('',(#8599,#8606,#8611,#8612));
#8614=FACE_OUTER_BOUND('',#8613,.T.);
#8615=CARTESIAN_POINT('',(653.,-106.87664,374.99617));
#8616=DIRECTION('',(0.,-0.89101,0.45399));
#8617=DIRECTION('',(0.,-0.45399,-0.89101));
#8618=AXIS2_PLACEMENT_3D('',#8615,#8616,#8617);
#8619=PLANE('',#8618);
#8620=ADVANCED_FACE('',(#8614),#8619,.T.);
#8621=CARTESIAN_POINT('',(653.,-108.5,370.));
#8622=VERTEX_POINT('',#8621);
#8623=DIRECTION('',(0.,-0.15643,-0.98769));
#8624=VECTOR('',#8623,2.65939);
#8625=LINE('',#8593,#8624);
#8626=EDGE_CURVE('',#8594,#8622,#8625,.T.);
#8627=ORIENTED_EDGE('',*,*,#8626,.T.);
#8628=CARTESIAN_POINT('',(660.,-108.5,370.));
#8629=VERTEX_POINT('',#8628);
#8630=DIRECTION('',(1.,0.,0.));
#8631=VECTOR('',#8630,7.);
#8632=LINE('',#8621,#8631);
#8633=EDGE_CURVE('',#8622,#8629,#8632,.T.);
#8634=ORIENTED_EDGE('',*,*,#8633,.T.);
#8635=DIRECTION('',(0.,-0.15643,-0.98769));
#8636=VECTOR('',#8635,2.65939);
#8637=LINE('',#8600,#8636);
#8638=EDGE_CURVE('',#8601,#8629,#8637,.T.);
#8639=ORIENTED_EDGE('',*,*,#8638,.F.);
#8640=ORIENTED_EDGE('',*,*,#8605,.F.);
#8641=EDGE_LOOP('',(#8627,#8634,#8639,#8640));
#8642=FACE_OUTER_BOUND('',#8641,.T.);
#8643=CARTESIAN_POINT('',(653.,-108.08398,372.62664));
#8644=DIRECTION('',(0.,-0.98769,0.15643));
#8645=DIRECTION('',(0.,-0.15643,-0.98769));
#8646=AXIS2_PLACEMENT_3D('',#8643,#8644,#8645);
#8647=PLANE('',#8646);
#8648=ADVANCED_FACE('',(#8642),#8647,.T.);
#8649=CARTESIAN_POINT('',(653.,-108.08398,367.37336));
#8650=VERTEX_POINT('',#8649);
#8651=DIRECTION('',(0.,0.15643,-0.98769));
#8652=VECTOR('',#8651,2.65939);
#8653=LINE('',#8621,#8652);
#8654=EDGE_CURVE('',#8622,#8650,#8653,.T.);
#8655=ORIENTED_EDGE('',*,*,#8654,.T.);
#8656=CARTESIAN_POINT('',(660.,-108.08398,367.37336));
#8657=VERTEX_POINT('',#8656);
#8658=DIRECTION('',(1.,0.,0.));
#8659=VECTOR('',#8658,7.);
#8660=LINE('',#8649,#8659);
#8661=EDGE_CURVE('',#8650,#8657,#8660,.T.);
#8662=ORIENTED_EDGE('',*,*,#8661,.T.);
#8663=DIRECTION('',(0.,0.15643,-0.98769));
#8664=VECTOR('',#8663,2.65939);
#8665=LINE('',#8628,#8664);
#8666=EDGE_CURVE('',#8629,#8657,#8665,.T.);
#8667=ORIENTED_EDGE('',*,*,#8666,.F.);
#8668=ORIENTED_EDGE('',*,*,#8633,.F.);
#8669=EDGE_LOOP('',(#8655,#8662,#8667,#8668));
#8670=FACE_OUTER_BOUND('',#8669,.T.);
#8671=CARTESIAN_POINT('',(653.,-108.5,370.));
#8672=DIRECTION('',(0.,-0.98769,-0.15643));
#8673=DIRECTION('',(0.,0.15643,-0.98769));
#8674=AXIS2_PLACEMENT_3D('',#8671,#8672,#8673);
#8675=PLANE('',#8674);
#8676=ADVANCED_FACE('',(#8670),#8675,.T.);
#8677=CARTESIAN_POINT('',(653.,-106.87664,365.00383));
#8678=VERTEX_POINT('',#8677);
#8679=DIRECTION('',(0.,0.45399,-0.89101));
#8680=VECTOR('',#8679,2.65939);
#8681=LINE('',#8649,#8680);
#8682=EDGE_CURVE('',#8650,#8678,#8681,.T.);
#8683=ORIENTED_EDGE('',*,*,#8682,.T.);
#8684=CARTESIAN_POINT('',(660.,-106.87664,365.00383));
#8685=VERTEX_POINT('',#8684);
#8686=DIRECTION('',(1.,0.,0.));
#8687=VECTOR('',#8686,7.);
#8688=LINE('',#8677,#8687);
#8689=EDGE_CURVE('',#8678,#8685,#8688,.T.);
#8690=ORIENTED_EDGE('',*,*,#8689,.T.);
#8691=DIRECTION('',(0.,0.45399,-0.89101));
#8692=VECTOR('',#8691,2.65939);
#8693=LINE('',#8656,#8692);
#8694=EDGE_CURVE('',#8657,#8685,#8693,.T.);
#8695=ORIENTED_EDGE('',*,*,#8694,.F.);
#8696=ORIENTED_EDGE('',*,*,#8661,.F.);
#8697=EDGE_LOOP('',(#8683,#8690,#8695,#8696));
#8698=FACE_OUTER_BOUND('',#8697,.T.);
#8699=CARTESIAN_POINT('',(653.,-108.08398,367.37336));
#8700=DIRECTION('',(0.,-0.89101,-0.45399));
#8701=DIRECTION('',(0.,0.45399,-0.89101));
#8702=AXIS2_PLACEMENT_3D('',#8699,#8700,#8701);
#8703=PLANE('',#8702);
#8704=ADVANCED_FACE('',(#8698),#8703,.T.);
#8705=CARTESIAN_POINT('',(653.,-104.99617,363.12336));
#8706=VERTEX_POINT('',#8705);
#8707=DIRECTION('',(0.,0.70711,-0.70711));
#8708=VECTOR('',#8707,2.65939);
#8709=LINE('',#8677,#8708);
#8710=EDGE_CURVE('',#8678,#8706,#8709,.T.);
#8711=ORIENTED_EDGE('',*,*,#8710,.T.);
#8712=CARTESIAN_POINT('',(660.,-104.99617,363.12336));
#8713=VERTEX_POINT('',#8712);
#8714=DIRECTION('',(1.,0.,0.));
#8715=VECTOR('',#8714,7.);
#8716=LINE('',#8705,#8715);
#8717=EDGE_CURVE('',#8706,#8713,#8716,.T.);
#8718=ORIENTED_EDGE('',*,*,#8717,.T.);
#8719=DIRECTION('',(0.,0.70711,-0.70711));
#8720=VECTOR('',#8719,2.65939);
#8721=LINE('',#8684,#8720);
#8722=EDGE_CURVE('',#8685,#8713,#8721,.T.);
#8723=ORIENTED_EDGE('',*,*,#8722,.F.);
#8724=ORIENTED_EDGE('',*,*,#8689,.F.);
#8725=EDGE_LOOP('',(#8711,#8718,#8723,#8724));
#8726=FACE_OUTER_BOUND('',#8725,.T.);
#8727=CARTESIAN_POINT('',(653.,-106.87664,365.00383));
#8728=DIRECTION('',(0.,-0.70711,-0.70711));
#8729=DIRECTION('',(0.,0.70711,-0.70711));
#8730=AXIS2_PLACEMENT_3D('',#8727,#8728,#8729);
#8731=PLANE('',#8730);
#8732=ADVANCED_FACE('',(#8726),#8731,.T.);
#8733=CARTESIAN_POINT('',(653.,-102.62664,361.91602));
#8734=VERTEX_POINT('',#8733);
#8735=DIRECTION('',(0.,0.89101,-0.45399));
#8736=VECTOR('',#8735,2.65939);
#8737=LINE('',#8705,#8736);
#8738=EDGE_CURVE('',#8706,#8734,#8737,.T.);
#8739=ORIENTED_EDGE('',*,*,#8738,.T.);
#8740=CARTESIAN_POINT('',(660.,-102.62664,361.91602));
#8741=VERTEX_POINT('',#8740);
#8742=DIRECTION('',(1.,0.,0.));
#8743=VECTOR('',#8742,7.);
#8744=LINE('',#8733,#8743);
#8745=EDGE_CURVE('',#8734,#8741,#8744,.T.);
#8746=ORIENTED_EDGE('',*,*,#8745,.T.);
#8747=DIRECTION('',(0.,0.89101,-0.45399));
#8748=VECTOR('',#8747,2.65939);
#8749=LINE('',#8712,#8748);
#8750=EDGE_CURVE('',#8713,#8741,#8749,.T.);
#8751=ORIENTED_EDGE('',*,*,#8750,.F.);
#8752=ORIENTED_EDGE('',*,*,#8717,.F.);
#8753=EDGE_LOOP('',(#8739,#8746,#8751,#8752));
#8754=FACE_OUTER_BOUND('',#8753,.T.);
#8755=CARTESIAN_POINT('',(653.,-104.99617,363.12336));
#8756=DIRECTION('',(0.,-0.45399,-0.89101));
#8757=DIRECTION('',(0.,0.89101,-0.45399));
#8758=AXIS2_PLACEMENT_3D('',#8755,#8756,#8757);
#8759=PLANE('',#8758);
#8760=ADVANCED_FACE('',(#8754),#8759,.T.);
#8761=DIRECTION('',(0.,-0.98769,0.15643));
#8762=VECTOR('',#8761,2.65939);
#8763=LINE('',#8221,#8762);
#8764=EDGE_CURVE('',#8222,#8734,#8763,.T.);
#8765=ORIENTED_EDGE('',*,*,#8764,.F.);
#8766=ORIENTED_EDGE('',*,*,#8247,.T.);
#8767=DIRECTION('',(0.,-0.98769,0.15643));
#8768=VECTOR('',#8767,2.65939);
#8769=LINE('',#8237,#8768);
#8770=EDGE_CURVE('',#8238,#8741,#8769,.T.);
#8771=ORIENTED_EDGE('',*,*,#8770,.T.);
#8772=ORIENTED_EDGE('',*,*,#8745,.F.);
#8773=EDGE_LOOP('',(#8765,#8766,#8771,#8772));
#8774=FACE_OUTER_BOUND('',#8773,.T.);
#8775=CARTESIAN_POINT('',(653.,-102.62664,361.91602));
#8776=DIRECTION('',(0.,-0.15643,-0.98769));
#8777=DIRECTION('',(0.,0.98769,-0.15643));
#8778=AXIS2_PLACEMENT_3D('',#8775,#8776,#8777);
#8779=PLANE('',#8778);
#8780=ADVANCED_FACE('',(#8774),#8779,.T.);
#8781=ORIENTED_EDGE('',*,*,#8738,.F.);
#8782=ORIENTED_EDGE('',*,*,#8710,.F.);
#8783=ORIENTED_EDGE('',*,*,#8682,.F.);
#8784=ORIENTED_EDGE('',*,*,#8654,.F.);
#8785=ORIENTED_EDGE('',*,*,#8626,.F.);
#8786=ORIENTED_EDGE('',*,*,#8598,.F.);
#8787=ORIENTED_EDGE('',*,*,#8570,.F.);
#8788=ORIENTED_EDGE('',*,*,#8542,.F.);
#8789=ORIENTED_EDGE('',*,*,#8514,.F.);
#8790=ORIENTED_EDGE('',*,*,#8486,.F.);
#8791=ORIENTED_EDGE('',*,*,#8458,.F.);
#8792=ORIENTED_EDGE('',*,*,#8430,.F.);
#8793=ORIENTED_EDGE('',*,*,#8402,.F.);
#8794=ORIENTED_EDGE('',*,*,#8374,.F.);
#8795=ORIENTED_EDGE('',*,*,#8346,.F.);
#8796=ORIENTED_EDGE('',*,*,#8318,.F.);
#8797=ORIENTED_EDGE('',*,*,#8290,.F.);
#8798=ORIENTED_EDGE('',*,*,#8262,.F.);
#8799=ORIENTED_EDGE('',*,*,#8228,.F.);
#8800=ORIENTED_EDGE('',*,*,#8764,.T.);
#8801=EDGE_LOOP('',(#8781,#8782,#8783,#8784,#8785,#8786,#8787,#8788,#8789,#8790,#8791,#8792,#8793,#8794,#8795,#8796,#8797,#8798,#8799,#8800));
#8802=FACE_OUTER_BOUND('',#8801,.T.);
#8803=CARTESIAN_POINT('',(653.,-102.62664,361.91602));
#8804=DIRECTION('',(-1.,0.,0.));
#8805=DIRECTION('',(0.,-0.89101,0.45399));
#8806=AXIS2_PLACEMENT_3D('',#8803,#8804,#8805);
#8807=PLANE('',#8806);
#8808=ADVANCED_FACE('',(#8802),#8807,.T.);
#8809=ORIENTED_EDGE('',*,*,#8242,.T.);
#8810=ORIENTED_EDGE('',*,*,#8274,.T.);
#8811=ORIENTED_EDGE('',*,*,#8302,.T.);
#8812=ORIENTED_EDGE('',*,*,#8330,.T.);
#8813=ORIENTED_EDGE('',*,*,#8358,.T.);
#8814=ORIENTED_EDGE('',*,*,#8386,.T.);
#8815=ORIENTED_EDGE('',*,*,#8414,.T.);
#8816=ORIENTED_EDGE('',*,*,#8442,.T.);
#8817=ORIENTED_EDGE('',*,*,#8470,.T.);
#8818=ORIENTED_EDGE('',*,*,#8498,.T.);
#8819=ORIENTED_EDGE('',*,*,#8526,.T.);
#8820=ORIENTED_EDGE('',*,*,#8554,.T.);
#8821=ORIENTED_EDGE('',*,*,#8582,.T.);
#8822=ORIENTED_EDGE('',*,*,#8610,.T.);
#8823=ORIENTED_EDGE('',*,*,#8638,.T.);
#8824=ORIENTED_EDGE('',*,*,#8666,.T.);
#8825=ORIENTED_EDGE('',*,*,#8694,.T.);
#8826=ORIENTED_EDGE('',*,*,#8722,.T.);
#8827=ORIENTED_EDGE('',*,*,#8750,.T.);
#8828=ORIENTED_EDGE('',*,*,#8770,.F.);
#8829=EDGE_LOOP('',(#8809,#8810,#8811,#8812,#8813,#8814,#8815,#8816,#8817,#8818,#8819,#8820,#8821,#8822,#8823,#8824,#8825,#8826,#8827,#8828));
#8830=FACE_OUTER_BOUND('',#8829,.T.);
#8831=CARTESIAN_POINT('',(660.,-100.,361.5));
#8832=DIRECTION('',(1.,0.,0.));
#8833=DIRECTION('',(0.,0.98769,0.15643));
#8834=AXIS2_PLACEMENT_3D('',#8831,#8832,#8833);
#8835=PLANE('',#8834);
#8836=ADVANCED_FACE('',(#8830),#8835,.T.);
#8837=CLOSED_SHELL('',(#8256,#8284,#8312,#8340,#8368,#8396,#8424,#8452,#8480,#8508,#8536,#8564,#8592,#8620,#8648,#8676,#8704,#8732,#8760,#8780,#8808,#8836));
#8838=MANIFOLD_SOLID_BREP('',#8837);
#8839=STYLED_ITEM('color',(#3930),#8838);
#8840=CARTESIAN_POINT('',(645.,106.35085,359.));
#8841=VERTEX_POINT('',#8840);
#8842=CARTESIAN_POINT('',(645.,112.70171,370.));
#8843=VERTEX_POINT('',#8842);
#8844=DIRECTION('',(0.,0.5,0.86603));
#8845=VECTOR('',#8844,12.70171);
#8846=LINE('',#8840,#8845);
#8847=EDGE_CURVE('',#8841,#8843,#8846,.T.);
#8848=ORIENTED_EDGE('',*,*,#8847,.T.);
#8849=CARTESIAN_POINT('',(653.,112.70171,370.));
#8850=VERTEX_POINT('',#8849);
#8851=DIRECTION('',(1.,0.,0.));
#8852=VECTOR('',#8851,8.);
#8853=LINE('',#8842,#8852);
#8854=EDGE_CURVE('',#8843,#8850,#8853,.T.);
#8855=ORIENTED_EDGE('',*,*,#8854,.T.);
#8856=CARTESIAN_POINT('',(653.,106.35085,359.));
#8857=VERTEX_POINT('',#8856);
#8858=DIRECTION('',(0.,0.5,0.86603));
#8859=VECTOR('',#8858,12.70171);
#8860=LINE('',#8856,#8859);
#8861=EDGE_CURVE('',#8857,#8850,#8860,.T.);
#8862=ORIENTED_EDGE('',*,*,#8861,.F.);
#8863=DIRECTION('',(1.,0.,0.));
#8864=VECTOR('',#8863,8.);
#8865=LINE('',#8840,#8864);
#8866=EDGE_CURVE('',#8841,#8857,#8865,.T.);
#8867=ORIENTED_EDGE('',*,*,#8866,.F.);
#8868=EDGE_LOOP('',(#8848,#8855,#8862,#8867));
#8869=FACE_OUTER_BOUND('',#8868,.T.);
#8870=CARTESIAN_POINT('',(645.,106.35085,359.));
#8871=DIRECTION('',(0.,0.86603,-0.5));
#8872=DIRECTION('',(0.,0.5,0.86603));
#8873=AXIS2_PLACEMENT_3D('',#8870,#8871,#8872);
#8874=PLANE('',#8873);
#8875=ADVANCED_FACE('',(#8869),#8874,.T.);
#8876=CARTESIAN_POINT('',(645.,106.35085,381.));
#8877=VERTEX_POINT('',#8876);
#8878=DIRECTION('',(0.,-0.5,0.86603));
#8879=VECTOR('',#8878,12.70171);
#8880=LINE('',#8842,#8879);
#8881=EDGE_CURVE('',#8843,#8877,#8880,.T.);
#8882=ORIENTED_EDGE('',*,*,#8881,.T.);
#8883=CARTESIAN_POINT('',(653.,106.35085,381.));
#8884=VERTEX_POINT('',#8883);
#8885=DIRECTION('',(1.,0.,0.));
#8886=VECTOR('',#8885,8.);
#8887=LINE('',#8876,#8886);
#8888=EDGE_CURVE('',#8877,#8884,#8887,.T.);
#8889=ORIENTED_EDGE('',*,*,#8888,.T.);
#8890=DIRECTION('',(0.,-0.5,0.86603));
#8891=VECTOR('',#8890,12.70171);
#8892=LINE('',#8849,#8891);
#8893=EDGE_CURVE('',#8850,#8884,#8892,.T.);
#8894=ORIENTED_EDGE('',*,*,#8893,.F.);
#8895=ORIENTED_EDGE('',*,*,#8854,.F.);
#8896=EDGE_LOOP('',(#8882,#8889,#8894,#8895));
#8897=FACE_OUTER_BOUND('',#8896,.T.);
#8898=CARTESIAN_POINT('',(645.,112.70171,370.));
#8899=DIRECTION('',(0.,0.86603,0.5));
#8900=DIRECTION('',(0.,-0.5,0.86603));
#8901=AXIS2_PLACEMENT_3D('',#8898,#8899,#8900);
#8902=PLANE('',#8901);
#8903=ADVANCED_FACE('',(#8897),#8902,.T.);
#8904=CARTESIAN_POINT('',(645.,93.64915,381.));
#8905=VERTEX_POINT('',#8904);
#8906=DIRECTION('',(0.,-1.,0.));
#8907=VECTOR('',#8906,12.70171);
#8908=LINE('',#8876,#8907);
#8909=EDGE_CURVE('',#8877,#8905,#8908,.T.);
#8910=ORIENTED_EDGE('',*,*,#8909,.T.);
#8911=CARTESIAN_POINT('',(653.,93.64915,381.));
#8912=VERTEX_POINT('',#8911);
#8913=DIRECTION('',(1.,0.,0.));
#8914=VECTOR('',#8913,8.);
#8915=LINE('',#8904,#8914);
#8916=EDGE_CURVE('',#8905,#8912,#8915,.T.);
#8917=ORIENTED_EDGE('',*,*,#8916,.T.);
#8918=DIRECTION('',(0.,-1.,0.));
#8919=VECTOR('',#8918,12.70171);
#8920=LINE('',#8883,#8919);
#8921=EDGE_CURVE('',#8884,#8912,#8920,.T.);
#8922=ORIENTED_EDGE('',*,*,#8921,.F.);
#8923=ORIENTED_EDGE('',*,*,#8888,.F.);
#8924=EDGE_LOOP('',(#8910,#8917,#8922,#8923));
#8925=FACE_OUTER_BOUND('',#8924,.T.);
#8926=CARTESIAN_POINT('',(645.,106.35085,381.));
#8927=DIRECTION('',(0.,0.,1.));
#8928=DIRECTION('',(0.,-1.,0.));
#8929=AXIS2_PLACEMENT_3D('',#8926,#8927,#8928);
#8930=PLANE('',#8929);
#8931=ADVANCED_FACE('',(#8925),#8930,.T.);
#8932=CARTESIAN_POINT('',(645.,87.29829,370.));
#8933=VERTEX_POINT('',#8932);
#8934=DIRECTION('',(0.,-0.5,-0.86603));
#8935=VECTOR('',#8934,12.70171);
#8936=LINE('',#8904,#8935);
#8937=EDGE_CURVE('',#8905,#8933,#8936,.T.);
#8938=ORIENTED_EDGE('',*,*,#8937,.T.);
#8939=CARTESIAN_POINT('',(653.,87.29829,370.));
#8940=VERTEX_POINT('',#8939);
#8941=DIRECTION('',(1.,0.,0.));
#8942=VECTOR('',#8941,8.);
#8943=LINE('',#8932,#8942);
#8944=EDGE_CURVE('',#8933,#8940,#8943,.T.);
#8945=ORIENTED_EDGE('',*,*,#8944,.T.);
#8946=DIRECTION('',(0.,-0.5,-0.86603));
#8947=VECTOR('',#8946,12.70171);
#8948=LINE('',#8911,#8947);
#8949=EDGE_CURVE('',#8912,#8940,#8948,.T.);
#8950=ORIENTED_EDGE('',*,*,#8949,.F.);
#8951=ORIENTED_EDGE('',*,*,#8916,.F.);
#8952=EDGE_LOOP('',(#8938,#8945,#8950,#8951));
#8953=FACE_OUTER_BOUND('',#8952,.T.);
#8954=CARTESIAN_POINT('',(645.,93.64915,381.));
#8955=DIRECTION('',(0.,-0.86603,0.5));
#8956=DIRECTION('',(0.,-0.5,-0.86603));
#8957=AXIS2_PLACEMENT_3D('',#8954,#8955,#8956);
#8958=PLANE('',#8957);
#8959=ADVANCED_FACE('',(#8953),#8958,.T.);
#8960=CARTESIAN_POINT('',(645.,93.64915,359.));
#8961=VERTEX_POINT('',#8960);
#8962=DIRECTION('',(0.,0.5,-0.86603));
#8963=VECTOR('',#8962,12.70171);
#8964=LINE('',#8932,#8963);
#8965=EDGE_CURVE('',#8933,#8961,#8964,.T.);
#8966=ORIENTED_EDGE('',*,*,#8965,.T.);
#8967=CARTESIAN_POINT('',(653.,93.64915,359.));
#8968=VERTEX_POINT('',#8967);
#8969=DIRECTION('',(1.,0.,0.));
#8970=VECTOR('',#8969,8.);
#8971=LINE('',#8960,#8970);
#8972=EDGE_CURVE('',#8961,#8968,#8971,.T.);
#8973=ORIENTED_EDGE('',*,*,#8972,.T.);
#8974=DIRECTION('',(0.,0.5,-0.86603));
#8975=VECTOR('',#8974,12.70171);
#8976=LINE('',#8939,#8975);
#8977=EDGE_CURVE('',#8940,#8968,#8976,.T.);
#8978=ORIENTED_EDGE('',*,*,#8977,.F.);
#8979=ORIENTED_EDGE('',*,*,#8944,.F.);
#8980=EDGE_LOOP('',(#8966,#8973,#8978,#8979));
#8981=FACE_OUTER_BOUND('',#8980,.T.);
#8982=CARTESIAN_POINT('',(645.,87.29829,370.));
#8983=DIRECTION('',(0.,-0.86603,-0.5));
#8984=DIRECTION('',(0.,0.5,-0.86603));
#8985=AXIS2_PLACEMENT_3D('',#8982,#8983,#8984);
#8986=PLANE('',#8985);
#8987=ADVANCED_FACE('',(#8981),#8986,.T.);
#8988=DIRECTION('',(0.,-1.,0.));
#8989=VECTOR('',#8988,12.70171);
#8990=LINE('',#8840,#8989);
#8991=EDGE_CURVE('',#8841,#8961,#8990,.T.);
#8992=ORIENTED_EDGE('',*,*,#8991,.F.);
#8993=ORIENTED_EDGE('',*,*,#8866,.T.);
#8994=DIRECTION('',(0.,-1.,0.));
#8995=VECTOR('',#8994,12.70171);
#8996=LINE('',#8856,#8995);
#8997=EDGE_CURVE('',#8857,#8968,#8996,.T.);
#8998=ORIENTED_EDGE('',*,*,#8997,.T.);
#8999=ORIENTED_EDGE('',*,*,#8972,.F.);
#9000=EDGE_LOOP('',(#8992,#8993,#8998,#8999));
#9001=FACE_OUTER_BOUND('',#9000,.T.);
#9002=CARTESIAN_POINT('',(645.,93.64915,359.));
#9003=DIRECTION('',(0.,0.,-1.));
#9004=DIRECTION('',(0.,1.,0.));
#9005=AXIS2_PLACEMENT_3D('',#9002,#9003,#9004);
#9006=PLANE('',#9005);
#9007=ADVANCED_FACE('',(#9001),#9006,.T.);
#9008=ORIENTED_EDGE('',*,*,#8965,.F.);
#9009=ORIENTED_EDGE('',*,*,#8937,.F.);
#9010=ORIENTED_EDGE('',*,*,#8909,.F.);
#9011=ORIENTED_EDGE('',*,*,#8881,.F.);
#9012=ORIENTED_EDGE('',*,*,#8847,.F.);
#9013=ORIENTED_EDGE('',*,*,#8991,.T.);
#9014=EDGE_LOOP('',(#9008,#9009,#9010,#9011,#9012,#9013));
#9015=FACE_OUTER_BOUND('',#9014,.T.);
#9016=CARTESIAN_POINT('',(645.,93.64915,359.));
#9017=DIRECTION('',(-1.,0.,0.));
#9018=DIRECTION('',(0.,-0.5,0.86603));
#9019=AXIS2_PLACEMENT_3D('',#9016,#9017,#9018);
#9020=PLANE('',#9019);
#9021=ADVANCED_FACE('',(#9015),#9020,.T.);
#9022=ORIENTED_EDGE('',*,*,#8861,.T.);
#9023=ORIENTED_EDGE('',*,*,#8893,.T.);
#9024=ORIENTED_EDGE('',*,*,#8921,.T.);
#9025=ORIENTED_EDGE('',*,*,#8949,.T.);
#9026=ORIENTED_EDGE('',*,*,#8977,.T.);
#9027=ORIENTED_EDGE('',*,*,#8997,.F.);
#9028=EDGE_LOOP('',(#9022,#9023,#9024,#9025,#9026,#9027));
#9029=FACE_OUTER_BOUND('',#9028,.T.);
#9030=CARTESIAN_POINT('',(653.,106.35085,359.));
#9031=DIRECTION('',(1.,0.,0.));
#9032=DIRECTION('',(0.,0.5,0.86603));
#9033=AXIS2_PLACEMENT_3D('',#9030,#9031,#9032);
#9034=PLANE('',#9033);
#9035=ADVANCED_FACE('',(#9029),#9034,.T.);
#9036=CLOSED_SHELL('',(#8875,#8903,#8931,#8959,#8987,#9007,#9021,#9035));
#9037=MANIFOLD_SOLID_BREP('',#9036);
#9038=STYLED_ITEM('color',(#3930),#9037);
#9039=CARTESIAN_POINT('',(653.,100.,361.5));
#9040=VERTEX_POINT('',#9039);
#9041=CARTESIAN_POINT('',(653.,102.62664,361.91602));
#9042=VERTEX_POINT('',#9041);
#9043=DIRECTION('',(0.,0.98769,0.15643));
#9044=VECTOR('',#9043,2.65939);
#9045=LINE('',#9039,#9044);
#9046=EDGE_CURVE('',#9040,#9042,#9045,.T.);
#9047=ORIENTED_EDGE('',*,*,#9046,.T.);
#9048=CARTESIAN_POINT('',(660.,102.62664,361.91602));
#9049=VERTEX_POINT('',#9048);
#9050=DIRECTION('',(1.,0.,0.));
#9051=VECTOR('',#9050,7.);
#9052=LINE('',#9041,#9051);
#9053=EDGE_CURVE('',#9042,#9049,#9052,.T.);
#9054=ORIENTED_EDGE('',*,*,#9053,.T.);
#9055=CARTESIAN_POINT('',(660.,100.,361.5));
#9056=VERTEX_POINT('',#9055);
#9057=DIRECTION('',(0.,0.98769,0.15643));
#9058=VECTOR('',#9057,2.65939);
#9059=LINE('',#9055,#9058);
#9060=EDGE_CURVE('',#9056,#9049,#9059,.T.);
#9061=ORIENTED_EDGE('',*,*,#9060,.F.);
#9062=DIRECTION('',(1.,0.,0.));
#9063=VECTOR('',#9062,7.);
#9064=LINE('',#9039,#9063);
#9065=EDGE_CURVE('',#9040,#9056,#9064,.T.);
#9066=ORIENTED_EDGE('',*,*,#9065,.F.);
#9067=EDGE_LOOP('',(#9047,#9054,#9061,#9066));
#9068=FACE_OUTER_BOUND('',#9067,.T.);
#9069=CARTESIAN_POINT('',(653.,100.,361.5));
#9070=DIRECTION('',(0.,0.15643,-0.98769));
#9071=DIRECTION('',(0.,0.98769,0.15643));
#9072=AXIS2_PLACEMENT_3D('',#9069,#9070,#9071);
#9073=PLANE('',#9072);
#9074=ADVANCED_FACE('',(#9068),#9073,.T.);
#9075=CARTESIAN_POINT('',(653.,104.99617,363.12336));
#9076=VERTEX_POINT('',#9075);
#9077=DIRECTION('',(0.,0.89101,0.45399));
#9078=VECTOR('',#9077,2.65939);
#9079=LINE('',#9041,#9078);
#9080=EDGE_CURVE('',#9042,#9076,#9079,.T.);
#9081=ORIENTED_EDGE('',*,*,#9080,.T.);
#9082=CARTESIAN_POINT('',(660.,104.99617,363.12336));
#9083=VERTEX_POINT('',#9082);
#9084=DIRECTION('',(1.,0.,0.));
#9085=VECTOR('',#9084,7.);
#9086=LINE('',#9075,#9085);
#9087=EDGE_CURVE('',#9076,#9083,#9086,.T.);
#9088=ORIENTED_EDGE('',*,*,#9087,.T.);
#9089=DIRECTION('',(0.,0.89101,0.45399));
#9090=VECTOR('',#9089,2.65939);
#9091=LINE('',#9048,#9090);
#9092=EDGE_CURVE('',#9049,#9083,#9091,.T.);
#9093=ORIENTED_EDGE('',*,*,#9092,.F.);
#9094=ORIENTED_EDGE('',*,*,#9053,.F.);
#9095=EDGE_LOOP('',(#9081,#9088,#9093,#9094));
#9096=FACE_OUTER_BOUND('',#9095,.T.);
#9097=CARTESIAN_POINT('',(653.,102.62664,361.91602));
#9098=DIRECTION('',(0.,0.45399,-0.89101));
#9099=DIRECTION('',(0.,0.89101,0.45399));
#9100=AXIS2_PLACEMENT_3D('',#9097,#9098,#9099);
#9101=PLANE('',#9100);
#9102=ADVANCED_FACE('',(#9096),#9101,.T.);
#9103=CARTESIAN_POINT('',(653.,106.87664,365.00383));
#9104=VERTEX_POINT('',#9103);
#9105=DIRECTION('',(0.,0.70711,0.70711));
#9106=VECTOR('',#9105,2.65939);
#9107=LINE('',#9075,#9106);
#9108=EDGE_CURVE('',#9076,#9104,#9107,.T.);
#9109=ORIENTED_EDGE('',*,*,#9108,.T.);
#9110=CARTESIAN_POINT('',(660.,106.87664,365.00383));
#9111=VERTEX_POINT('',#9110);
#9112=DIRECTION('',(1.,0.,0.));
#9113=VECTOR('',#9112,7.);
#9114=LINE('',#9103,#9113);
#9115=EDGE_CURVE('',#9104,#9111,#9114,.T.);
#9116=ORIENTED_EDGE('',*,*,#9115,.T.);
#9117=DIRECTION('',(0.,0.70711,0.70711));
#9118=VECTOR('',#9117,2.65939);
#9119=LINE('',#9082,#9118);
#9120=EDGE_CURVE('',#9083,#9111,#9119,.T.);
#9121=ORIENTED_EDGE('',*,*,#9120,.F.);
#9122=ORIENTED_EDGE('',*,*,#9087,.F.);
#9123=EDGE_LOOP('',(#9109,#9116,#9121,#9122));
#9124=FACE_OUTER_BOUND('',#9123,.T.);
#9125=CARTESIAN_POINT('',(653.,104.99617,363.12336));
#9126=DIRECTION('',(0.,0.70711,-0.70711));
#9127=DIRECTION('',(0.,0.70711,0.70711));
#9128=AXIS2_PLACEMENT_3D('',#9125,#9126,#9127);
#9129=PLANE('',#9128);
#9130=ADVANCED_FACE('',(#9124),#9129,.T.);
#9131=CARTESIAN_POINT('',(653.,108.08398,367.37336));
#9132=VERTEX_POINT('',#9131);
#9133=DIRECTION('',(0.,0.45399,0.89101));
#9134=VECTOR('',#9133,2.65939);
#9135=LINE('',#9103,#9134);
#9136=EDGE_CURVE('',#9104,#9132,#9135,.T.);
#9137=ORIENTED_EDGE('',*,*,#9136,.T.);
#9138=CARTESIAN_POINT('',(660.,108.08398,367.37336));
#9139=VERTEX_POINT('',#9138);
#9140=DIRECTION('',(1.,0.,0.));
#9141=VECTOR('',#9140,7.);
#9142=LINE('',#9131,#9141);
#9143=EDGE_CURVE('',#9132,#9139,#9142,.T.);
#9144=ORIENTED_EDGE('',*,*,#9143,.T.);
#9145=DIRECTION('',(0.,0.45399,0.89101));
#9146=VECTOR('',#9145,2.65939);
#9147=LINE('',#9110,#9146);
#9148=EDGE_CURVE('',#9111,#9139,#9147,.T.);
#9149=ORIENTED_EDGE('',*,*,#9148,.F.);
#9150=ORIENTED_EDGE('',*,*,#9115,.F.);
#9151=EDGE_LOOP('',(#9137,#9144,#9149,#9150));
#9152=FACE_OUTER_BOUND('',#9151,.T.);
#9153=CARTESIAN_POINT('',(653.,106.87664,365.00383));
#9154=DIRECTION('',(0.,0.89101,-0.45399));
#9155=DIRECTION('',(0.,0.45399,0.89101));
#9156=AXIS2_PLACEMENT_3D('',#9153,#9154,#9155);
#9157=PLANE('',#9156);
#9158=ADVANCED_FACE('',(#9152),#9157,.T.);
#9159=CARTESIAN_POINT('',(653.,108.5,370.));
#9160=VERTEX_POINT('',#9159);
#9161=DIRECTION('',(0.,0.15643,0.98769));
#9162=VECTOR('',#9161,2.65939);
#9163=LINE('',#9131,#9162);
#9164=EDGE_CURVE('',#9132,#9160,#9163,.T.);
#9165=ORIENTED_EDGE('',*,*,#9164,.T.);
#9166=CARTESIAN_POINT('',(660.,108.5,370.));
#9167=VERTEX_POINT('',#9166);
#9168=DIRECTION('',(1.,0.,0.));
#9169=VECTOR('',#9168,7.);
#9170=LINE('',#9159,#9169);
#9171=EDGE_CURVE('',#9160,#9167,#9170,.T.);
#9172=ORIENTED_EDGE('',*,*,#9171,.T.);
#9173=DIRECTION('',(0.,0.15643,0.98769));
#9174=VECTOR('',#9173,2.65939);
#9175=LINE('',#9138,#9174);
#9176=EDGE_CURVE('',#9139,#9167,#9175,.T.);
#9177=ORIENTED_EDGE('',*,*,#9176,.F.);
#9178=ORIENTED_EDGE('',*,*,#9143,.F.);
#9179=EDGE_LOOP('',(#9165,#9172,#9177,#9178));
#9180=FACE_OUTER_BOUND('',#9179,.T.);
#9181=CARTESIAN_POINT('',(653.,108.08398,367.37336));
#9182=DIRECTION('',(0.,0.98769,-0.15643));
#9183=DIRECTION('',(0.,0.15643,0.98769));
#9184=AXIS2_PLACEMENT_3D('',#9181,#9182,#9183);
#9185=PLANE('',#9184);
#9186=ADVANCED_FACE('',(#9180),#9185,.T.);
#9187=CARTESIAN_POINT('',(653.,108.08398,372.62664));
#9188=VERTEX_POINT('',#9187);
#9189=DIRECTION('',(0.,-0.15643,0.98769));
#9190=VECTOR('',#9189,2.65939);
#9191=LINE('',#9159,#9190);
#9192=EDGE_CURVE('',#9160,#9188,#9191,.T.);
#9193=ORIENTED_EDGE('',*,*,#9192,.T.);
#9194=CARTESIAN_POINT('',(660.,108.08398,372.62664));
#9195=VERTEX_POINT('',#9194);
#9196=DIRECTION('',(1.,0.,0.));
#9197=VECTOR('',#9196,7.);
#9198=LINE('',#9187,#9197);
#9199=EDGE_CURVE('',#9188,#9195,#9198,.T.);
#9200=ORIENTED_EDGE('',*,*,#9199,.T.);
#9201=DIRECTION('',(0.,-0.15643,0.98769));
#9202=VECTOR('',#9201,2.65939);
#9203=LINE('',#9166,#9202);
#9204=EDGE_CURVE('',#9167,#9195,#9203,.T.);
#9205=ORIENTED_EDGE('',*,*,#9204,.F.);
#9206=ORIENTED_EDGE('',*,*,#9171,.F.);
#9207=EDGE_LOOP('',(#9193,#9200,#9205,#9206));
#9208=FACE_OUTER_BOUND('',#9207,.T.);
#9209=CARTESIAN_POINT('',(653.,108.5,370.));
#9210=DIRECTION('',(0.,0.98769,0.15643));
#9211=DIRECTION('',(0.,-0.15643,0.98769));
#9212=AXIS2_PLACEMENT_3D('',#9209,#9210,#9211);
#9213=PLANE('',#9212);
#9214=ADVANCED_FACE('',(#9208),#9213,.T.);
#9215=CARTESIAN_POINT('',(653.,106.87664,374.99617));
#9216=VERTEX_POINT('',#9215);
#9217=DIRECTION('',(0.,-0.45399,0.89101));
#9218=VECTOR('',#9217,2.65939);
#9219=LINE('',#9187,#9218);
#9220=EDGE_CURVE('',#9188,#9216,#9219,.T.);
#9221=ORIENTED_EDGE('',*,*,#9220,.T.);
#9222=CARTESIAN_POINT('',(660.,106.87664,374.99617));
#9223=VERTEX_POINT('',#9222);
#9224=DIRECTION('',(1.,0.,0.));
#9225=VECTOR('',#9224,7.);
#9226=LINE('',#9215,#9225);
#9227=EDGE_CURVE('',#9216,#9223,#9226,.T.);
#9228=ORIENTED_EDGE('',*,*,#9227,.T.);
#9229=DIRECTION('',(0.,-0.45399,0.89101));
#9230=VECTOR('',#9229,2.65939);
#9231=LINE('',#9194,#9230);
#9232=EDGE_CURVE('',#9195,#9223,#9231,.T.);
#9233=ORIENTED_EDGE('',*,*,#9232,.F.);
#9234=ORIENTED_EDGE('',*,*,#9199,.F.);
#9235=EDGE_LOOP('',(#9221,#9228,#9233,#9234));
#9236=FACE_OUTER_BOUND('',#9235,.T.);
#9237=CARTESIAN_POINT('',(653.,108.08398,372.62664));
#9238=DIRECTION('',(0.,0.89101,0.45399));
#9239=DIRECTION('',(0.,-0.45399,0.89101));
#9240=AXIS2_PLACEMENT_3D('',#9237,#9238,#9239);
#9241=PLANE('',#9240);
#9242=ADVANCED_FACE('',(#9236),#9241,.T.);
#9243=CARTESIAN_POINT('',(653.,104.99617,376.87664));
#9244=VERTEX_POINT('',#9243);
#9245=DIRECTION('',(0.,-0.70711,0.70711));
#9246=VECTOR('',#9245,2.65939);
#9247=LINE('',#9215,#9246);
#9248=EDGE_CURVE('',#9216,#9244,#9247,.T.);
#9249=ORIENTED_EDGE('',*,*,#9248,.T.);
#9250=CARTESIAN_POINT('',(660.,104.99617,376.87664));
#9251=VERTEX_POINT('',#9250);
#9252=DIRECTION('',(1.,0.,0.));
#9253=VECTOR('',#9252,7.);
#9254=LINE('',#9243,#9253);
#9255=EDGE_CURVE('',#9244,#9251,#9254,.T.);
#9256=ORIENTED_EDGE('',*,*,#9255,.T.);
#9257=DIRECTION('',(0.,-0.70711,0.70711));
#9258=VECTOR('',#9257,2.65939);
#9259=LINE('',#9222,#9258);
#9260=EDGE_CURVE('',#9223,#9251,#9259,.T.);
#9261=ORIENTED_EDGE('',*,*,#9260,.F.);
#9262=ORIENTED_EDGE('',*,*,#9227,.F.);
#9263=EDGE_LOOP('',(#9249,#9256,#9261,#9262));
#9264=FACE_OUTER_BOUND('',#9263,.T.);
#9265=CARTESIAN_POINT('',(653.,106.87664,374.99617));
#9266=DIRECTION('',(0.,0.70711,0.70711));
#9267=DIRECTION('',(0.,-0.70711,0.70711));
#9268=AXIS2_PLACEMENT_3D('',#9265,#9266,#9267);
#9269=PLANE('',#9268);
#9270=ADVANCED_FACE('',(#9264),#9269,.T.);
#9271=CARTESIAN_POINT('',(653.,102.62664,378.08398));
#9272=VERTEX_POINT('',#9271);
#9273=DIRECTION('',(0.,-0.89101,0.45399));
#9274=VECTOR('',#9273,2.65939);
#9275=LINE('',#9243,#9274);
#9276=EDGE_CURVE('',#9244,#9272,#9275,.T.);
#9277=ORIENTED_EDGE('',*,*,#9276,.T.);
#9278=CARTESIAN_POINT('',(660.,102.62664,378.08398));
#9279=VERTEX_POINT('',#9278);
#9280=DIRECTION('',(1.,0.,0.));
#9281=VECTOR('',#9280,7.);
#9282=LINE('',#9271,#9281);
#9283=EDGE_CURVE('',#9272,#9279,#9282,.T.);
#9284=ORIENTED_EDGE('',*,*,#9283,.T.);
#9285=DIRECTION('',(0.,-0.89101,0.45399));
#9286=VECTOR('',#9285,2.65939);
#9287=LINE('',#9250,#9286);
#9288=EDGE_CURVE('',#9251,#9279,#9287,.T.);
#9289=ORIENTED_EDGE('',*,*,#9288,.F.);
#9290=ORIENTED_EDGE('',*,*,#9255,.F.);
#9291=EDGE_LOOP('',(#9277,#9284,#9289,#9290));
#9292=FACE_OUTER_BOUND('',#9291,.T.);
#9293=CARTESIAN_POINT('',(653.,104.99617,376.87664));
#9294=DIRECTION('',(0.,0.45399,0.89101));
#9295=DIRECTION('',(0.,-0.89101,0.45399));
#9296=AXIS2_PLACEMENT_3D('',#9293,#9294,#9295);
#9297=PLANE('',#9296);
#9298=ADVANCED_FACE('',(#9292),#9297,.T.);
#9299=CARTESIAN_POINT('',(653.,100.,378.5));
#9300=VERTEX_POINT('',#9299);
#9301=DIRECTION('',(0.,-0.98769,0.15643));
#9302=VECTOR('',#9301,2.65939);
#9303=LINE('',#9271,#9302);
#9304=EDGE_CURVE('',#9272,#9300,#9303,.T.);
#9305=ORIENTED_EDGE('',*,*,#9304,.T.);
#9306=CARTESIAN_POINT('',(660.,100.,378.5));
#9307=VERTEX_POINT('',#9306);
#9308=DIRECTION('',(1.,0.,0.));
#9309=VECTOR('',#9308,7.);
#9310=LINE('',#9299,#9309);
#9311=EDGE_CURVE('',#9300,#9307,#9310,.T.);
#9312=ORIENTED_EDGE('',*,*,#9311,.T.);
#9313=DIRECTION('',(0.,-0.98769,0.15643));
#9314=VECTOR('',#9313,2.65939);
#9315=LINE('',#9278,#9314);
#9316=EDGE_CURVE('',#9279,#9307,#9315,.T.);
#9317=ORIENTED_EDGE('',*,*,#9316,.F.);
#9318=ORIENTED_EDGE('',*,*,#9283,.F.);
#9319=EDGE_LOOP('',(#9305,#9312,#9317,#9318));
#9320=FACE_OUTER_BOUND('',#9319,.T.);
#9321=CARTESIAN_POINT('',(653.,102.62664,378.08398));
#9322=DIRECTION('',(0.,0.15643,0.98769));
#9323=DIRECTION('',(0.,-0.98769,0.15643));
#9324=AXIS2_PLACEMENT_3D('',#9321,#9322,#9323);
#9325=PLANE('',#9324);
#9326=ADVANCED_FACE('',(#9320),#9325,.T.);
#9327=CARTESIAN_POINT('',(653.,97.37336,378.08398));
#9328=VERTEX_POINT('',#9327);
#9329=DIRECTION('',(0.,-0.98769,-0.15643));
#9330=VECTOR('',#9329,2.65939);
#9331=LINE('',#9299,#9330);
#9332=EDGE_CURVE('',#9300,#9328,#9331,.T.);
#9333=ORIENTED_EDGE('',*,*,#9332,.T.);
#9334=CARTESIAN_POINT('',(660.,97.37336,378.08398));
#9335=VERTEX_POINT('',#9334);
#9336=DIRECTION('',(1.,0.,0.));
#9337=VECTOR('',#9336,7.);
#9338=LINE('',#9327,#9337);
#9339=EDGE_CURVE('',#9328,#9335,#9338,.T.);
#9340=ORIENTED_EDGE('',*,*,#9339,.T.);
#9341=DIRECTION('',(0.,-0.98769,-0.15643));
#9342=VECTOR('',#9341,2.65939);
#9343=LINE('',#9306,#9342);
#9344=EDGE_CURVE('',#9307,#9335,#9343,.T.);
#9345=ORIENTED_EDGE('',*,*,#9344,.F.);
#9346=ORIENTED_EDGE('',*,*,#9311,.F.);
#9347=EDGE_LOOP('',(#9333,#9340,#9345,#9346));
#9348=FACE_OUTER_BOUND('',#9347,.T.);
#9349=CARTESIAN_POINT('',(653.,100.,378.5));
#9350=DIRECTION('',(0.,-0.15643,0.98769));
#9351=DIRECTION('',(0.,-0.98769,-0.15643));
#9352=AXIS2_PLACEMENT_3D('',#9349,#9350,#9351);
#9353=PLANE('',#9352);
#9354=ADVANCED_FACE('',(#9348),#9353,.T.);
#9355=CARTESIAN_POINT('',(653.,95.00383,376.87664));
#9356=VERTEX_POINT('',#9355);
#9357=DIRECTION('',(0.,-0.89101,-0.45399));
#9358=VECTOR('',#9357,2.65939);
#9359=LINE('',#9327,#9358);
#9360=EDGE_CURVE('',#9328,#9356,#9359,.T.);
#9361=ORIENTED_EDGE('',*,*,#9360,.T.);
#9362=CARTESIAN_POINT('',(660.,95.00383,376.87664));
#9363=VERTEX_POINT('',#9362);
#9364=DIRECTION('',(1.,0.,0.));
#9365=VECTOR('',#9364,7.);
#9366=LINE('',#9355,#9365);
#9367=EDGE_CURVE('',#9356,#9363,#9366,.T.);
#9368=ORIENTED_EDGE('',*,*,#9367,.T.);
#9369=DIRECTION('',(0.,-0.89101,-0.45399));
#9370=VECTOR('',#9369,2.65939);
#9371=LINE('',#9334,#9370);
#9372=EDGE_CURVE('',#9335,#9363,#9371,.T.);
#9373=ORIENTED_EDGE('',*,*,#9372,.F.);
#9374=ORIENTED_EDGE('',*,*,#9339,.F.);
#9375=EDGE_LOOP('',(#9361,#9368,#9373,#9374));
#9376=FACE_OUTER_BOUND('',#9375,.T.);
#9377=CARTESIAN_POINT('',(653.,97.37336,378.08398));
#9378=DIRECTION('',(0.,-0.45399,0.89101));
#9379=DIRECTION('',(0.,-0.89101,-0.45399));
#9380=AXIS2_PLACEMENT_3D('',#9377,#9378,#9379);
#9381=PLANE('',#9380);
#9382=ADVANCED_FACE('',(#9376),#9381,.T.);
#9383=CARTESIAN_POINT('',(653.,93.12336,374.99617));
#9384=VERTEX_POINT('',#9383);
#9385=DIRECTION('',(0.,-0.70711,-0.70711));
#9386=VECTOR('',#9385,2.65939);
#9387=LINE('',#9355,#9386);
#9388=EDGE_CURVE('',#9356,#9384,#9387,.T.);
#9389=ORIENTED_EDGE('',*,*,#9388,.T.);
#9390=CARTESIAN_POINT('',(660.,93.12336,374.99617));
#9391=VERTEX_POINT('',#9390);
#9392=DIRECTION('',(1.,0.,0.));
#9393=VECTOR('',#9392,7.);
#9394=LINE('',#9383,#9393);
#9395=EDGE_CURVE('',#9384,#9391,#9394,.T.);
#9396=ORIENTED_EDGE('',*,*,#9395,.T.);
#9397=DIRECTION('',(0.,-0.70711,-0.70711));
#9398=VECTOR('',#9397,2.65939);
#9399=LINE('',#9362,#9398);
#9400=EDGE_CURVE('',#9363,#9391,#9399,.T.);
#9401=ORIENTED_EDGE('',*,*,#9400,.F.);
#9402=ORIENTED_EDGE('',*,*,#9367,.F.);
#9403=EDGE_LOOP('',(#9389,#9396,#9401,#9402));
#9404=FACE_OUTER_BOUND('',#9403,.T.);
#9405=CARTESIAN_POINT('',(653.,95.00383,376.87664));
#9406=DIRECTION('',(0.,-0.70711,0.70711));
#9407=DIRECTION('',(0.,-0.70711,-0.70711));
#9408=AXIS2_PLACEMENT_3D('',#9405,#9406,#9407);
#9409=PLANE('',#9408);
#9410=ADVANCED_FACE('',(#9404),#9409,.T.);
#9411=CARTESIAN_POINT('',(653.,91.91602,372.62664));
#9412=VERTEX_POINT('',#9411);
#9413=DIRECTION('',(0.,-0.45399,-0.89101));
#9414=VECTOR('',#9413,2.65939);
#9415=LINE('',#9383,#9414);
#9416=EDGE_CURVE('',#9384,#9412,#9415,.T.);
#9417=ORIENTED_EDGE('',*,*,#9416,.T.);
#9418=CARTESIAN_POINT('',(660.,91.91602,372.62664));
#9419=VERTEX_POINT('',#9418);
#9420=DIRECTION('',(1.,0.,0.));
#9421=VECTOR('',#9420,7.);
#9422=LINE('',#9411,#9421);
#9423=EDGE_CURVE('',#9412,#9419,#9422,.T.);
#9424=ORIENTED_EDGE('',*,*,#9423,.T.);
#9425=DIRECTION('',(0.,-0.45399,-0.89101));
#9426=VECTOR('',#9425,2.65939);
#9427=LINE('',#9390,#9426);
#9428=EDGE_CURVE('',#9391,#9419,#9427,.T.);
#9429=ORIENTED_EDGE('',*,*,#9428,.F.);
#9430=ORIENTED_EDGE('',*,*,#9395,.F.);
#9431=EDGE_LOOP('',(#9417,#9424,#9429,#9430));
#9432=FACE_OUTER_BOUND('',#9431,.T.);
#9433=CARTESIAN_POINT('',(653.,93.12336,374.99617));
#9434=DIRECTION('',(0.,-0.89101,0.45399));
#9435=DIRECTION('',(0.,-0.45399,-0.89101));
#9436=AXIS2_PLACEMENT_3D('',#9433,#9434,#9435);
#9437=PLANE('',#9436);
#9438=ADVANCED_FACE('',(#9432),#9437,.T.);
#9439=CARTESIAN_POINT('',(653.,91.5,370.));
#9440=VERTEX_POINT('',#9439);
#9441=DIRECTION('',(0.,-0.15643,-0.98769));
#9442=VECTOR('',#9441,2.65939);
#9443=LINE('',#9411,#9442);
#9444=EDGE_CURVE('',#9412,#9440,#9443,.T.);
#9445=ORIENTED_EDGE('',*,*,#9444,.T.);
#9446=CARTESIAN_POINT('',(660.,91.5,370.));
#9447=VERTEX_POINT('',#9446);
#9448=DIRECTION('',(1.,0.,0.));
#9449=VECTOR('',#9448,7.);
#9450=LINE('',#9439,#9449);
#9451=EDGE_CURVE('',#9440,#9447,#9450,.T.);
#9452=ORIENTED_EDGE('',*,*,#9451,.T.);
#9453=DIRECTION('',(0.,-0.15643,-0.98769));
#9454=VECTOR('',#9453,2.65939);
#9455=LINE('',#9418,#9454);
#9456=EDGE_CURVE('',#9419,#9447,#9455,.T.);
#9457=ORIENTED_EDGE('',*,*,#9456,.F.);
#9458=ORIENTED_EDGE('',*,*,#9423,.F.);
#9459=EDGE_LOOP('',(#9445,#9452,#9457,#9458));
#9460=FACE_OUTER_BOUND('',#9459,.T.);
#9461=CARTESIAN_POINT('',(653.,91.91602,372.62664));
#9462=DIRECTION('',(0.,-0.98769,0.15643));
#9463=DIRECTION('',(0.,-0.15643,-0.98769));
#9464=AXIS2_PLACEMENT_3D('',#9461,#9462,#9463);
#9465=PLANE('',#9464);
#9466=ADVANCED_FACE('',(#9460),#9465,.T.);
#9467=CARTESIAN_POINT('',(653.,91.91602,367.37336));
#9468=VERTEX_POINT('',#9467);
#9469=DIRECTION('',(0.,0.15643,-0.98769));
#9470=VECTOR('',#9469,2.65939);
#9471=LINE('',#9439,#9470);
#9472=EDGE_CURVE('',#9440,#9468,#9471,.T.);
#9473=ORIENTED_EDGE('',*,*,#9472,.T.);
#9474=CARTESIAN_POINT('',(660.,91.91602,367.37336));
#9475=VERTEX_POINT('',#9474);
#9476=DIRECTION('',(1.,0.,0.));
#9477=VECTOR('',#9476,7.);
#9478=LINE('',#9467,#9477);
#9479=EDGE_CURVE('',#9468,#9475,#9478,.T.);
#9480=ORIENTED_EDGE('',*,*,#9479,.T.);
#9481=DIRECTION('',(0.,0.15643,-0.98769));
#9482=VECTOR('',#9481,2.65939);
#9483=LINE('',#9446,#9482);
#9484=EDGE_CURVE('',#9447,#9475,#9483,.T.);
#9485=ORIENTED_EDGE('',*,*,#9484,.F.);
#9486=ORIENTED_EDGE('',*,*,#9451,.F.);
#9487=EDGE_LOOP('',(#9473,#9480,#9485,#9486));
#9488=FACE_OUTER_BOUND('',#9487,.T.);
#9489=CARTESIAN_POINT('',(653.,91.5,370.));
#9490=DIRECTION('',(0.,-0.98769,-0.15643));
#9491=DIRECTION('',(0.,0.15643,-0.98769));
#9492=AXIS2_PLACEMENT_3D('',#9489,#9490,#9491);
#9493=PLANE('',#9492);
#9494=ADVANCED_FACE('',(#9488),#9493,.T.);
#9495=CARTESIAN_POINT('',(653.,93.12336,365.00383));
#9496=VERTEX_POINT('',#9495);
#9497=DIRECTION('',(0.,0.45399,-0.89101));
#9498=VECTOR('',#9497,2.65939);
#9499=LINE('',#9467,#9498);
#9500=EDGE_CURVE('',#9468,#9496,#9499,.T.);
#9501=ORIENTED_EDGE('',*,*,#9500,.T.);
#9502=CARTESIAN_POINT('',(660.,93.12336,365.00383));
#9503=VERTEX_POINT('',#9502);
#9504=DIRECTION('',(1.,0.,0.));
#9505=VECTOR('',#9504,7.);
#9506=LINE('',#9495,#9505);
#9507=EDGE_CURVE('',#9496,#9503,#9506,.T.);
#9508=ORIENTED_EDGE('',*,*,#9507,.T.);
#9509=DIRECTION('',(0.,0.45399,-0.89101));
#9510=VECTOR('',#9509,2.65939);
#9511=LINE('',#9474,#9510);
#9512=EDGE_CURVE('',#9475,#9503,#9511,.T.);
#9513=ORIENTED_EDGE('',*,*,#9512,.F.);
#9514=ORIENTED_EDGE('',*,*,#9479,.F.);
#9515=EDGE_LOOP('',(#9501,#9508,#9513,#9514));
#9516=FACE_OUTER_BOUND('',#9515,.T.);
#9517=CARTESIAN_POINT('',(653.,91.91602,367.37336));
#9518=DIRECTION('',(0.,-0.89101,-0.45399));
#9519=DIRECTION('',(0.,0.45399,-0.89101));
#9520=AXIS2_PLACEMENT_3D('',#9517,#9518,#9519);
#9521=PLANE('',#9520);
#9522=ADVANCED_FACE('',(#9516),#9521,.T.);
#9523=CARTESIAN_POINT('',(653.,95.00383,363.12336));
#9524=VERTEX_POINT('',#9523);
#9525=DIRECTION('',(0.,0.70711,-0.70711));
#9526=VECTOR('',#9525,2.65939);
#9527=LINE('',#9495,#9526);
#9528=EDGE_CURVE('',#9496,#9524,#9527,.T.);
#9529=ORIENTED_EDGE('',*,*,#9528,.T.);
#9530=CARTESIAN_POINT('',(660.,95.00383,363.12336));
#9531=VERTEX_POINT('',#9530);
#9532=DIRECTION('',(1.,0.,0.));
#9533=VECTOR('',#9532,7.);
#9534=LINE('',#9523,#9533);
#9535=EDGE_CURVE('',#9524,#9531,#9534,.T.);
#9536=ORIENTED_EDGE('',*,*,#9535,.T.);
#9537=DIRECTION('',(0.,0.70711,-0.70711));
#9538=VECTOR('',#9537,2.65939);
#9539=LINE('',#9502,#9538);
#9540=EDGE_CURVE('',#9503,#9531,#9539,.T.);
#9541=ORIENTED_EDGE('',*,*,#9540,.F.);
#9542=ORIENTED_EDGE('',*,*,#9507,.F.);
#9543=EDGE_LOOP('',(#9529,#9536,#9541,#9542));
#9544=FACE_OUTER_BOUND('',#9543,.T.);
#9545=CARTESIAN_POINT('',(653.,93.12336,365.00383));
#9546=DIRECTION('',(0.,-0.70711,-0.70711));
#9547=DIRECTION('',(0.,0.70711,-0.70711));
#9548=AXIS2_PLACEMENT_3D('',#9545,#9546,#9547);
#9549=PLANE('',#9548);
#9550=ADVANCED_FACE('',(#9544),#9549,.T.);
#9551=CARTESIAN_POINT('',(653.,97.37336,361.91602));
#9552=VERTEX_POINT('',#9551);
#9553=DIRECTION('',(0.,0.89101,-0.45399));
#9554=VECTOR('',#9553,2.65939);
#9555=LINE('',#9523,#9554);
#9556=EDGE_CURVE('',#9524,#9552,#9555,.T.);
#9557=ORIENTED_EDGE('',*,*,#9556,.T.);
#9558=CARTESIAN_POINT('',(660.,97.37336,361.91602));
#9559=VERTEX_POINT('',#9558);
#9560=DIRECTION('',(1.,0.,0.));
#9561=VECTOR('',#9560,7.);
#9562=LINE('',#9551,#9561);
#9563=EDGE_CURVE('',#9552,#9559,#9562,.T.);
#9564=ORIENTED_EDGE('',*,*,#9563,.T.);
#9565=DIRECTION('',(0.,0.89101,-0.45399));
#9566=VECTOR('',#9565,2.65939);
#9567=LINE('',#9530,#9566);
#9568=EDGE_CURVE('',#9531,#9559,#9567,.T.);
#9569=ORIENTED_EDGE('',*,*,#9568,.F.);
#9570=ORIENTED_EDGE('',*,*,#9535,.F.);
#9571=EDGE_LOOP('',(#9557,#9564,#9569,#9570));
#9572=FACE_OUTER_BOUND('',#9571,.T.);
#9573=CARTESIAN_POINT('',(653.,95.00383,363.12336));
#9574=DIRECTION('',(0.,-0.45399,-0.89101));
#9575=DIRECTION('',(0.,0.89101,-0.45399));
#9576=AXIS2_PLACEMENT_3D('',#9573,#9574,#9575);
#9577=PLANE('',#9576);
#9578=ADVANCED_FACE('',(#9572),#9577,.T.);
#9579=DIRECTION('',(0.,-0.98769,0.15643));
#9580=VECTOR('',#9579,2.65939);
#9581=LINE('',#9039,#9580);
#9582=EDGE_CURVE('',#9040,#9552,#9581,.T.);
#9583=ORIENTED_EDGE('',*,*,#9582,.F.);
#9584=ORIENTED_EDGE('',*,*,#9065,.T.);
#9585=DIRECTION('',(0.,-0.98769,0.15643));
#9586=VECTOR('',#9585,2.65939);
#9587=LINE('',#9055,#9586);
#9588=EDGE_CURVE('',#9056,#9559,#9587,.T.);
#9589=ORIENTED_EDGE('',*,*,#9588,.T.);
#9590=ORIENTED_EDGE('',*,*,#9563,.F.);
#9591=EDGE_LOOP('',(#9583,#9584,#9589,#9590));
#9592=FACE_OUTER_BOUND('',#9591,.T.);
#9593=CARTESIAN_POINT('',(653.,97.37336,361.91602));
#9594=DIRECTION('',(0.,-0.15643,-0.98769));
#9595=DIRECTION('',(0.,0.98769,-0.15643));
#9596=AXIS2_PLACEMENT_3D('',#9593,#9594,#9595);
#9597=PLANE('',#9596);
#9598=ADVANCED_FACE('',(#9592),#9597,.T.);
#9599=ORIENTED_EDGE('',*,*,#9556,.F.);
#9600=ORIENTED_EDGE('',*,*,#9528,.F.);
#9601=ORIENTED_EDGE('',*,*,#9500,.F.);
#9602=ORIENTED_EDGE('',*,*,#9472,.F.);
#9603=ORIENTED_EDGE('',*,*,#9444,.F.);
#9604=ORIENTED_EDGE('',*,*,#9416,.F.);
#9605=ORIENTED_EDGE('',*,*,#9388,.F.);
#9606=ORIENTED_EDGE('',*,*,#9360,.F.);
#9607=ORIENTED_EDGE('',*,*,#9332,.F.);
#9608=ORIENTED_EDGE('',*,*,#9304,.F.);
#9609=ORIENTED_EDGE('',*,*,#9276,.F.);
#9610=ORIENTED_EDGE('',*,*,#9248,.F.);
#9611=ORIENTED_EDGE('',*,*,#9220,.F.);
#9612=ORIENTED_EDGE('',*,*,#9192,.F.);
#9613=ORIENTED_EDGE('',*,*,#9164,.F.);
#9614=ORIENTED_EDGE('',*,*,#9136,.F.);
#9615=ORIENTED_EDGE('',*,*,#9108,.F.);
#9616=ORIENTED_EDGE('',*,*,#9080,.F.);
#9617=ORIENTED_EDGE('',*,*,#9046,.F.);
#9618=ORIENTED_EDGE('',*,*,#9582,.T.);
#9619=EDGE_LOOP('',(#9599,#9600,#9601,#9602,#9603,#9604,#9605,#9606,#9607,#9608,#9609,#9610,#9611,#9612,#9613,#9614,#9615,#9616,#9617,#9618));
#9620=FACE_OUTER_BOUND('',#9619,.T.);
#9621=CARTESIAN_POINT('',(653.,97.37336,361.91602));
#9622=DIRECTION('',(-1.,0.,0.));
#9623=DIRECTION('',(0.,-0.89101,0.45399));
#9624=AXIS2_PLACEMENT_3D('',#9621,#9622,#9623);
#9625=PLANE('',#9624);
#9626=ADVANCED_FACE('',(#9620),#9625,.T.);
#9627=ORIENTED_EDGE('',*,*,#9060,.T.);
#9628=ORIENTED_EDGE('',*,*,#9092,.T.);
#9629=ORIENTED_EDGE('',*,*,#9120,.T.);
#9630=ORIENTED_EDGE('',*,*,#9148,.T.);
#9631=ORIENTED_EDGE('',*,*,#9176,.T.);
#9632=ORIENTED_EDGE('',*,*,#9204,.T.);
#9633=ORIENTED_EDGE('',*,*,#9232,.T.);
#9634=ORIENTED_EDGE('',*,*,#9260,.T.);
#9635=ORIENTED_EDGE('',*,*,#9288,.T.);
#9636=ORIENTED_EDGE('',*,*,#9316,.T.);
#9637=ORIENTED_EDGE('',*,*,#9344,.T.);
#9638=ORIENTED_EDGE('',*,*,#9372,.T.);
#9639=ORIENTED_EDGE('',*,*,#9400,.T.);
#9640=ORIENTED_EDGE('',*,*,#9428,.T.);
#9641=ORIENTED_EDGE('',*,*,#9456,.T.);
#9642=ORIENTED_EDGE('',*,*,#9484,.T.);
#9643=ORIENTED_EDGE('',*,*,#9512,.T.);
#9644=ORIENTED_EDGE('',*,*,#9540,.T.);
#9645=ORIENTED_EDGE('',*,*,#9568,.T.);
#9646=ORIENTED_EDGE('',*,*,#9588,.F.);
#9647=EDGE_LOOP('',(#9627,#9628,#9629,#9630,#9631,#9632,#9633,#9634,#9635,#9636,#9637,#9638,#9639,#9640,#9641,#9642,#9643,#9644,#9645,#9646));
#9648=FACE_OUTER_BOUND('',#9647,.T.);
#9649=CARTESIAN_POINT('',(660.,100.,361.5));
#9650=DIRECTION('',(1.,0.,0.));
#9651=DIRECTION('',(0.,0.98769,0.15643));
#9652=AXIS2_PLACEMENT_3D('',#9649,#9650,#9651);
#9653=PLANE('',#9652);
#9654=ADVANCED_FACE('',(#9648),#9653,.T.);
#9655=CLOSED_SHELL('',(#9074,#9102,#9130,#9158,#9186,#9214,#9242,#9270,#9298,#9326,#9354,#9382,#9410,#9438,#9466,#9494,#9522,#9550,#9578,#9598,#9626,#9654));
#9656=MANIFOLD_SOLID_BREP('',#9655);
#9657=STYLED_ITEM('color',(#3930),#9656);
#9658=CARTESIAN_POINT('',(596.,-130.,425.));
#9659=VERTEX_POINT('',#9658);
#9660=CARTESIAN_POINT('',(595.62518,-130.,427.84701));
#9661=VERTEX_POINT('',#9660);
#9662=DIRECTION('',(-0.13053,0.,0.99144));
#9663=VECTOR('',#9662,2.87158);
#9664=LINE('',#9658,#9663);
#9665=EDGE_CURVE('',#9659,#9661,#9664,.T.);
#9666=ORIENTED_EDGE('',*,*,#9665,.T.);
#9667=CARTESIAN_POINT('',(595.62518,-139.,427.84701));
#9668=VERTEX_POINT('',#9667);
#9669=DIRECTION('',(0.,-1.,0.));
#9670=VECTOR('',#9669,9.);
#9671=LINE('',#9660,#9670);
#9672=EDGE_CURVE('',#9661,#9668,#9671,.T.);
#9673=ORIENTED_EDGE('',*,*,#9672,.T.);
#9674=CARTESIAN_POINT('',(596.,-139.,425.));
#9675=VERTEX_POINT('',#9674);
#9676=DIRECTION('',(-0.13053,0.,0.99144));
#9677=VECTOR('',#9676,2.87158);
#9678=LINE('',#9674,#9677);
#9679=EDGE_CURVE('',#9675,#9668,#9678,.T.);
#9680=ORIENTED_EDGE('',*,*,#9679,.F.);
#9681=DIRECTION('',(0.,-1.,0.));
#9682=VECTOR('',#9681,9.);
#9683=LINE('',#9658,#9682);
#9684=EDGE_CURVE('',#9659,#9675,#9683,.T.);
#9685=ORIENTED_EDGE('',*,*,#9684,.F.);
#9686=EDGE_LOOP('',(#9666,#9673,#9680,#9685));
#9687=FACE_OUTER_BOUND('',#9686,.T.);
#9688=CARTESIAN_POINT('',(596.,-130.,425.));
#9689=DIRECTION('',(0.99144,0.,0.13053));
#9690=DIRECTION('',(-0.13053,0.,0.99144));
#9691=AXIS2_PLACEMENT_3D('',#9688,#9689,#9690);
#9692=PLANE('',#9691);
#9693=ADVANCED_FACE('',(#9687),#9692,.T.);
#9694=CARTESIAN_POINT('',(594.52628,-130.,430.5));
#9695=VERTEX_POINT('',#9694);
#9696=DIRECTION('',(-0.38268,0.,0.92388));
#9697=VECTOR('',#9696,2.87158);
#9698=LINE('',#9660,#9697);
#9699=EDGE_CURVE('',#9661,#9695,#9698,.T.);
#9700=ORIENTED_EDGE('',*,*,#9699,.T.);
#9701=CARTESIAN_POINT('',(594.52628,-139.,430.5));
#9702=VERTEX_POINT('',#9701);
#9703=DIRECTION('',(0.,-1.,0.));
#9704=VECTOR('',#9703,9.);
#9705=LINE('',#9694,#9704);
#9706=EDGE_CURVE('',#9695,#9702,#9705,.T.);
#9707=ORIENTED_EDGE('',*,*,#9706,.T.);
#9708=DIRECTION('',(-0.38268,0.,0.92388));
#9709=VECTOR('',#9708,2.87158);
#9710=LINE('',#9667,#9709);
#9711=EDGE_CURVE('',#9668,#9702,#9710,.T.);
#9712=ORIENTED_EDGE('',*,*,#9711,.F.);
#9713=ORIENTED_EDGE('',*,*,#9672,.F.);
#9714=EDGE_LOOP('',(#9700,#9707,#9712,#9713));
#9715=FACE_OUTER_BOUND('',#9714,.T.);
#9716=CARTESIAN_POINT('',(595.62518,-130.,427.84701));
#9717=DIRECTION('',(0.92388,0.,0.38268));
#9718=DIRECTION('',(-0.38268,0.,0.92388));
#9719=AXIS2_PLACEMENT_3D('',#9716,#9717,#9718);
#9720=PLANE('',#9719);
#9721=ADVANCED_FACE('',(#9715),#9720,.T.);
#9722=CARTESIAN_POINT('',(592.77817,-130.,432.77817));
#9723=VERTEX_POINT('',#9722);
#9724=DIRECTION('',(-0.60876,0.,0.79335));
#9725=VECTOR('',#9724,2.87158);
#9726=LINE('',#9694,#9725);
#9727=EDGE_CURVE('',#9695,#9723,#9726,.T.);
#9728=ORIENTED_EDGE('',*,*,#9727,.T.);
#9729=CARTESIAN_POINT('',(592.77817,-139.,432.77817));
#9730=VERTEX_POINT('',#9729);
#9731=DIRECTION('',(0.,-1.,0.));
#9732=VECTOR('',#9731,9.);
#9733=LINE('',#9722,#9732);
#9734=EDGE_CURVE('',#9723,#9730,#9733,.T.);
#9735=ORIENTED_EDGE('',*,*,#9734,.T.);
#9736=DIRECTION('',(-0.60876,0.,0.79335));
#9737=VECTOR('',#9736,2.87158);
#9738=LINE('',#9701,#9737);
#9739=EDGE_CURVE('',#9702,#9730,#9738,.T.);
#9740=ORIENTED_EDGE('',*,*,#9739,.F.);
#9741=ORIENTED_EDGE('',*,*,#9706,.F.);
#9742=EDGE_LOOP('',(#9728,#9735,#9740,#9741));
#9743=FACE_OUTER_BOUND('',#9742,.T.);
#9744=CARTESIAN_POINT('',(594.52628,-130.,430.5));
#9745=DIRECTION('',(0.79335,0.,0.60876));
#9746=DIRECTION('',(-0.60876,0.,0.79335));
#9747=AXIS2_PLACEMENT_3D('',#9744,#9745,#9746);
#9748=PLANE('',#9747);
#9749=ADVANCED_FACE('',(#9743),#9748,.T.);
#9750=CARTESIAN_POINT('',(590.5,-130.,434.52628));
#9751=VERTEX_POINT('',#9750);
#9752=DIRECTION('',(-0.79335,0.,0.60876));
#9753=VECTOR('',#9752,2.87158);
#9754=LINE('',#9722,#9753);
#9755=EDGE_CURVE('',#9723,#9751,#9754,.T.);
#9756=ORIENTED_EDGE('',*,*,#9755,.T.);
#9757=CARTESIAN_POINT('',(590.5,-139.,434.52628));
#9758=VERTEX_POINT('',#9757);
#9759=DIRECTION('',(0.,-1.,0.));
#9760=VECTOR('',#9759,9.);
#9761=LINE('',#9750,#9760);
#9762=EDGE_CURVE('',#9751,#9758,#9761,.T.);
#9763=ORIENTED_EDGE('',*,*,#9762,.T.);
#9764=DIRECTION('',(-0.79335,0.,0.60876));
#9765=VECTOR('',#9764,2.87158);
#9766=LINE('',#9729,#9765);
#9767=EDGE_CURVE('',#9730,#9758,#9766,.T.);
#9768=ORIENTED_EDGE('',*,*,#9767,.F.);
#9769=ORIENTED_EDGE('',*,*,#9734,.F.);
#9770=EDGE_LOOP('',(#9756,#9763,#9768,#9769));
#9771=FACE_OUTER_BOUND('',#9770,.T.);
#9772=CARTESIAN_POINT('',(592.77817,-130.,432.77817));
#9773=DIRECTION('',(0.60876,0.,0.79335));
#9774=DIRECTION('',(-0.79335,0.,0.60876));
#9775=AXIS2_PLACEMENT_3D('',#9772,#9773,#9774);
#9776=PLANE('',#9775);
#9777=ADVANCED_FACE('',(#9771),#9776,.T.);
#9778=CARTESIAN_POINT('',(587.84701,-130.,435.62518));
#9779=VERTEX_POINT('',#9778);
#9780=DIRECTION('',(-0.92388,0.,0.38268));
#9781=VECTOR('',#9780,2.87158);
#9782=LINE('',#9750,#9781);
#9783=EDGE_CURVE('',#9751,#9779,#9782,.T.);
#9784=ORIENTED_EDGE('',*,*,#9783,.T.);
#9785=CARTESIAN_POINT('',(587.84701,-139.,435.62518));
#9786=VERTEX_POINT('',#9785);
#9787=DIRECTION('',(0.,-1.,0.));
#9788=VECTOR('',#9787,9.);
#9789=LINE('',#9778,#9788);
#9790=EDGE_CURVE('',#9779,#9786,#9789,.T.);
#9791=ORIENTED_EDGE('',*,*,#9790,.T.);
#9792=DIRECTION('',(-0.92388,0.,0.38268));
#9793=VECTOR('',#9792,2.87158);
#9794=LINE('',#9757,#9793);
#9795=EDGE_CURVE('',#9758,#9786,#9794,.T.);
#9796=ORIENTED_EDGE('',*,*,#9795,.F.);
#9797=ORIENTED_EDGE('',*,*,#9762,.F.);
#9798=EDGE_LOOP('',(#9784,#9791,#9796,#9797));
#9799=FACE_OUTER_BOUND('',#9798,.T.);
#9800=CARTESIAN_POINT('',(590.5,-130.,434.52628));
#9801=DIRECTION('',(0.38268,0.,0.92388));
#9802=DIRECTION('',(-0.92388,0.,0.38268));
#9803=AXIS2_PLACEMENT_3D('',#9800,#9801,#9802);
#9804=PLANE('',#9803);
#9805=ADVANCED_FACE('',(#9799),#9804,.T.);
#9806=CARTESIAN_POINT('',(585.,-130.,436.));
#9807=VERTEX_POINT('',#9806);
#9808=DIRECTION('',(-0.99144,0.,0.13053));
#9809=VECTOR('',#9808,2.87158);
#9810=LINE('',#9778,#9809);
#9811=EDGE_CURVE('',#9779,#9807,#9810,.T.);
#9812=ORIENTED_EDGE('',*,*,#9811,.T.);
#9813=CARTESIAN_POINT('',(585.,-139.,436.));
#9814=VERTEX_POINT('',#9813);
#9815=DIRECTION('',(0.,-1.,0.));
#9816=VECTOR('',#9815,9.);
#9817=LINE('',#9806,#9816);
#9818=EDGE_CURVE('',#9807,#9814,#9817,.T.);
#9819=ORIENTED_EDGE('',*,*,#9818,.T.);
#9820=DIRECTION('',(-0.99144,0.,0.13053));
#9821=VECTOR('',#9820,2.87158);
#9822=LINE('',#9785,#9821);
#9823=EDGE_CURVE('',#9786,#9814,#9822,.T.);
#9824=ORIENTED_EDGE('',*,*,#9823,.F.);
#9825=ORIENTED_EDGE('',*,*,#9790,.F.);
#9826=EDGE_LOOP('',(#9812,#9819,#9824,#9825));
#9827=FACE_OUTER_BOUND('',#9826,.T.);
#9828=CARTESIAN_POINT('',(587.84701,-130.,435.62518));
#9829=DIRECTION('',(0.13053,0.,0.99144));
#9830=DIRECTION('',(-0.99144,0.,0.13053));
#9831=AXIS2_PLACEMENT_3D('',#9828,#9829,#9830);
#9832=PLANE('',#9831);
#9833=ADVANCED_FACE('',(#9827),#9832,.T.);
#9834=CARTESIAN_POINT('',(582.15299,-130.,435.62518));
#9835=VERTEX_POINT('',#9834);
#9836=DIRECTION('',(-0.99144,0.,-0.13053));
#9837=VECTOR('',#9836,2.87158);
#9838=LINE('',#9806,#9837);
#9839=EDGE_CURVE('',#9807,#9835,#9838,.T.);
#9840=ORIENTED_EDGE('',*,*,#9839,.T.);
#9841=CARTESIAN_POINT('',(582.15299,-139.,435.62518));
#9842=VERTEX_POINT('',#9841);
#9843=DIRECTION('',(0.,-1.,0.));
#9844=VECTOR('',#9843,9.);
#9845=LINE('',#9834,#9844);
#9846=EDGE_CURVE('',#9835,#9842,#9845,.T.);
#9847=ORIENTED_EDGE('',*,*,#9846,.T.);
#9848=DIRECTION('',(-0.99144,0.,-0.13053));
#9849=VECTOR('',#9848,2.87158);
#9850=LINE('',#9813,#9849);
#9851=EDGE_CURVE('',#9814,#9842,#9850,.T.);
#9852=ORIENTED_EDGE('',*,*,#9851,.F.);
#9853=ORIENTED_EDGE('',*,*,#9818,.F.);
#9854=EDGE_LOOP('',(#9840,#9847,#9852,#9853));
#9855=FACE_OUTER_BOUND('',#9854,.T.);
#9856=CARTESIAN_POINT('',(585.,-130.,436.));
#9857=DIRECTION('',(-0.13053,0.,0.99144));
#9858=DIRECTION('',(-0.99144,0.,-0.13053));
#9859=AXIS2_PLACEMENT_3D('',#9856,#9857,#9858);
#9860=PLANE('',#9859);
#9861=ADVANCED_FACE('',(#9855),#9860,.T.);
#9862=CARTESIAN_POINT('',(579.5,-130.,434.52628));
#9863=VERTEX_POINT('',#9862);
#9864=DIRECTION('',(-0.92388,0.,-0.38268));
#9865=VECTOR('',#9864,2.87158);
#9866=LINE('',#9834,#9865);
#9867=EDGE_CURVE('',#9835,#9863,#9866,.T.);
#9868=ORIENTED_EDGE('',*,*,#9867,.T.);
#9869=CARTESIAN_POINT('',(579.5,-139.,434.52628));
#9870=VERTEX_POINT('',#9869);
#9871=DIRECTION('',(0.,-1.,0.));
#9872=VECTOR('',#9871,9.);
#9873=LINE('',#9862,#9872);
#9874=EDGE_CURVE('',#9863,#9870,#9873,.T.);
#9875=ORIENTED_EDGE('',*,*,#9874,.T.);
#9876=DIRECTION('',(-0.92388,0.,-0.38268));
#9877=VECTOR('',#9876,2.87158);
#9878=LINE('',#9841,#9877);
#9879=EDGE_CURVE('',#9842,#9870,#9878,.T.);
#9880=ORIENTED_EDGE('',*,*,#9879,.F.);
#9881=ORIENTED_EDGE('',*,*,#9846,.F.);
#9882=EDGE_LOOP('',(#9868,#9875,#9880,#9881));
#9883=FACE_OUTER_BOUND('',#9882,.T.);
#9884=CARTESIAN_POINT('',(582.15299,-130.,435.62518));
#9885=DIRECTION('',(-0.38268,0.,0.92388));
#9886=DIRECTION('',(-0.92388,0.,-0.38268));
#9887=AXIS2_PLACEMENT_3D('',#9884,#9885,#9886);
#9888=PLANE('',#9887);
#9889=ADVANCED_FACE('',(#9883),#9888,.T.);
#9890=CARTESIAN_POINT('',(577.22183,-130.,432.77817));
#9891=VERTEX_POINT('',#9890);
#9892=DIRECTION('',(-0.79335,0.,-0.60876));
#9893=VECTOR('',#9892,2.87158);
#9894=LINE('',#9862,#9893);
#9895=EDGE_CURVE('',#9863,#9891,#9894,.T.);
#9896=ORIENTED_EDGE('',*,*,#9895,.T.);
#9897=CARTESIAN_POINT('',(577.22183,-139.,432.77817));
#9898=VERTEX_POINT('',#9897);
#9899=DIRECTION('',(0.,-1.,0.));
#9900=VECTOR('',#9899,9.);
#9901=LINE('',#9890,#9900);
#9902=EDGE_CURVE('',#9891,#9898,#9901,.T.);
#9903=ORIENTED_EDGE('',*,*,#9902,.T.);
#9904=DIRECTION('',(-0.79335,0.,-0.60876));
#9905=VECTOR('',#9904,2.87158);
#9906=LINE('',#9869,#9905);
#9907=EDGE_CURVE('',#9870,#9898,#9906,.T.);
#9908=ORIENTED_EDGE('',*,*,#9907,.F.);
#9909=ORIENTED_EDGE('',*,*,#9874,.F.);
#9910=EDGE_LOOP('',(#9896,#9903,#9908,#9909));
#9911=FACE_OUTER_BOUND('',#9910,.T.);
#9912=CARTESIAN_POINT('',(579.5,-130.,434.52628));
#9913=DIRECTION('',(-0.60876,0.,0.79335));
#9914=DIRECTION('',(-0.79335,0.,-0.60876));
#9915=AXIS2_PLACEMENT_3D('',#9912,#9913,#9914);
#9916=PLANE('',#9915);
#9917=ADVANCED_FACE('',(#9911),#9916,.T.);
#9918=CARTESIAN_POINT('',(575.47372,-130.,430.5));
#9919=VERTEX_POINT('',#9918);
#9920=DIRECTION('',(-0.60876,0.,-0.79335));
#9921=VECTOR('',#9920,2.87158);
#9922=LINE('',#9890,#9921);
#9923=EDGE_CURVE('',#9891,#9919,#9922,.T.);
#9924=ORIENTED_EDGE('',*,*,#9923,.T.);
#9925=CARTESIAN_POINT('',(575.47372,-139.,430.5));
#9926=VERTEX_POINT('',#9925);
#9927=DIRECTION('',(0.,-1.,0.));
#9928=VECTOR('',#9927,9.);
#9929=LINE('',#9918,#9928);
#9930=EDGE_CURVE('',#9919,#9926,#9929,.T.);
#9931=ORIENTED_EDGE('',*,*,#9930,.T.);
#9932=DIRECTION('',(-0.60876,0.,-0.79335));
#9933=VECTOR('',#9932,2.87158);
#9934=LINE('',#9897,#9933);
#9935=EDGE_CURVE('',#9898,#9926,#9934,.T.);
#9936=ORIENTED_EDGE('',*,*,#9935,.F.);
#9937=ORIENTED_EDGE('',*,*,#9902,.F.);
#9938=EDGE_LOOP('',(#9924,#9931,#9936,#9937));
#9939=FACE_OUTER_BOUND('',#9938,.T.);
#9940=CARTESIAN_POINT('',(577.22183,-130.,432.77817));
#9941=DIRECTION('',(-0.79335,0.,0.60876));
#9942=DIRECTION('',(-0.60876,0.,-0.79335));
#9943=AXIS2_PLACEMENT_3D('',#9940,#9941,#9942);
#9944=PLANE('',#9943);
#9945=ADVANCED_FACE('',(#9939),#9944,.T.);
#9946=CARTESIAN_POINT('',(574.37482,-130.,427.84701));
#9947=VERTEX_POINT('',#9946);
#9948=DIRECTION('',(-0.38268,0.,-0.92388));
#9949=VECTOR('',#9948,2.87158);
#9950=LINE('',#9918,#9949);
#9951=EDGE_CURVE('',#9919,#9947,#9950,.T.);
#9952=ORIENTED_EDGE('',*,*,#9951,.T.);
#9953=CARTESIAN_POINT('',(574.37482,-139.,427.84701));
#9954=VERTEX_POINT('',#9953);
#9955=DIRECTION('',(0.,-1.,0.));
#9956=VECTOR('',#9955,9.);
#9957=LINE('',#9946,#9956);
#9958=EDGE_CURVE('',#9947,#9954,#9957,.T.);
#9959=ORIENTED_EDGE('',*,*,#9958,.T.);
#9960=DIRECTION('',(-0.38268,0.,-0.92388));
#9961=VECTOR('',#9960,2.87158);
#9962=LINE('',#9925,#9961);
#9963=EDGE_CURVE('',#9926,#9954,#9962,.T.);
#9964=ORIENTED_EDGE('',*,*,#9963,.F.);
#9965=ORIENTED_EDGE('',*,*,#9930,.F.);
#9966=EDGE_LOOP('',(#9952,#9959,#9964,#9965));
#9967=FACE_OUTER_BOUND('',#9966,.T.);
#9968=CARTESIAN_POINT('',(575.47372,-130.,430.5));
#9969=DIRECTION('',(-0.92388,0.,0.38268));
#9970=DIRECTION('',(-0.38268,0.,-0.92388));
#9971=AXIS2_PLACEMENT_3D('',#9968,#9969,#9970);
#9972=PLANE('',#9971);
#9973=ADVANCED_FACE('',(#9967),#9972,.T.);
#9974=CARTESIAN_POINT('',(574.,-130.,425.));
#9975=VERTEX_POINT('',#9974);
#9976=DIRECTION('',(-0.13053,0.,-0.99144));
#9977=VECTOR('',#9976,2.87158);
#9978=LINE('',#9946,#9977);
#9979=EDGE_CURVE('',#9947,#9975,#9978,.T.);
#9980=ORIENTED_EDGE('',*,*,#9979,.T.);
#9981=CARTESIAN_POINT('',(574.,-139.,425.));
#9982=VERTEX_POINT('',#9981);
#9983=DIRECTION('',(0.,-1.,0.));
#9984=VECTOR('',#9983,9.);
#9985=LINE('',#9974,#9984);
#9986=EDGE_CURVE('',#9975,#9982,#9985,.T.);
#9987=ORIENTED_EDGE('',*,*,#9986,.T.);
#9988=DIRECTION('',(-0.13053,0.,-0.99144));
#9989=VECTOR('',#9988,2.87158);
#9990=LINE('',#9953,#9989);
#9991=EDGE_CURVE('',#9954,#9982,#9990,.T.);
#9992=ORIENTED_EDGE('',*,*,#9991,.F.);
#9993=ORIENTED_EDGE('',*,*,#9958,.F.);
#9994=EDGE_LOOP('',(#9980,#9987,#9992,#9993));
#9995=FACE_OUTER_BOUND('',#9994,.T.);
#9996=CARTESIAN_POINT('',(574.37482,-130.,427.84701));
#9997=DIRECTION('',(-0.99144,0.,0.13053));
#9998=DIRECTION('',(-0.13053,0.,-0.99144));
#9999=AXIS2_PLACEMENT_3D('',#9996,#9997,#9998);
#10000=PLANE('',#9999);
#10001=ADVANCED_FACE('',(#9995),#10000,.T.);
#10002=CARTESIAN_POINT('',(574.37482,-130.,422.15299));
#10003=VERTEX_POINT('',#10002);
#10004=DIRECTION('',(0.13053,0.,-0.99144));
#10005=VECTOR('',#10004,2.87158);
#10006=LINE('',#9974,#10005);
#10007=EDGE_CURVE('',#9975,#10003,#10006,.T.);
#10008=ORIENTED_EDGE('',*,*,#10007,.T.);
#10009=CARTESIAN_POINT('',(574.37482,-139.,422.15299));
#10010=VERTEX_POINT('',#10009);
#10011=DIRECTION('',(0.,-1.,0.));
#10012=VECTOR('',#10011,9.);
#10013=LINE('',#10002,#10012);
#10014=EDGE_CURVE('',#10003,#10010,#10013,.T.);
#10015=ORIENTED_EDGE('',*,*,#10014,.T.);
#10016=DIRECTION('',(0.13053,0.,-0.99144));
#10017=VECTOR('',#10016,2.87158);
#10018=LINE('',#9981,#10017);
#10019=EDGE_CURVE('',#9982,#10010,#10018,.T.);
#10020=ORIENTED_EDGE('',*,*,#10019,.F.);
#10021=ORIENTED_EDGE('',*,*,#9986,.F.);
#10022=EDGE_LOOP('',(#10008,#10015,#10020,#10021));
#10023=FACE_OUTER_BOUND('',#10022,.T.);
#10024=CARTESIAN_POINT('',(574.,-130.,425.));
#10025=DIRECTION('',(-0.99144,0.,-0.13053));
#10026=DIRECTION('',(0.13053,0.,-0.99144));
#10027=AXIS2_PLACEMENT_3D('',#10024,#10025,#10026);
#10028=PLANE('',#10027);
#10029=ADVANCED_FACE('',(#10023),#10028,.T.);
#10030=CARTESIAN_POINT('',(575.47372,-130.,419.5));
#10031=VERTEX_POINT('',#10030);
#10032=DIRECTION('',(0.38268,0.,-0.92388));
#10033=VECTOR('',#10032,2.87158);
#10034=LINE('',#10002,#10033);
#10035=EDGE_CURVE('',#10003,#10031,#10034,.T.);
#10036=ORIENTED_EDGE('',*,*,#10035,.T.);
#10037=CARTESIAN_POINT('',(575.47372,-139.,419.5));
#10038=VERTEX_POINT('',#10037);
#10039=DIRECTION('',(0.,-1.,0.));
#10040=VECTOR('',#10039,9.);
#10041=LINE('',#10030,#10040);
#10042=EDGE_CURVE('',#10031,#10038,#10041,.T.);
#10043=ORIENTED_EDGE('',*,*,#10042,.T.);
#10044=DIRECTION('',(0.38268,0.,-0.92388));
#10045=VECTOR('',#10044,2.87158);
#10046=LINE('',#10009,#10045);
#10047=EDGE_CURVE('',#10010,#10038,#10046,.T.);
#10048=ORIENTED_EDGE('',*,*,#10047,.F.);
#10049=ORIENTED_EDGE('',*,*,#10014,.F.);
#10050=EDGE_LOOP('',(#10036,#10043,#10048,#10049));
#10051=FACE_OUTER_BOUND('',#10050,.T.);
#10052=CARTESIAN_POINT('',(574.37482,-130.,422.15299));
#10053=DIRECTION('',(-0.92388,0.,-0.38268));
#10054=DIRECTION('',(0.38268,0.,-0.92388));
#10055=AXIS2_PLACEMENT_3D('',#10052,#10053,#10054);
#10056=PLANE('',#10055);
#10057=ADVANCED_FACE('',(#10051),#10056,.T.);
#10058=CARTESIAN_POINT('',(577.22183,-130.,417.22183));
#10059=VERTEX_POINT('',#10058);
#10060=DIRECTION('',(0.60876,0.,-0.79335));
#10061=VECTOR('',#10060,2.87158);
#10062=LINE('',#10030,#10061);
#10063=EDGE_CURVE('',#10031,#10059,#10062,.T.);
#10064=ORIENTED_EDGE('',*,*,#10063,.T.);
#10065=CARTESIAN_POINT('',(577.22183,-139.,417.22183));
#10066=VERTEX_POINT('',#10065);
#10067=DIRECTION('',(0.,-1.,0.));
#10068=VECTOR('',#10067,9.);
#10069=LINE('',#10058,#10068);
#10070=EDGE_CURVE('',#10059,#10066,#10069,.T.);
#10071=ORIENTED_EDGE('',*,*,#10070,.T.);
#10072=DIRECTION('',(0.60876,0.,-0.79335));
#10073=VECTOR('',#10072,2.87158);
#10074=LINE('',#10037,#10073);
#10075=EDGE_CURVE('',#10038,#10066,#10074,.T.);
#10076=ORIENTED_EDGE('',*,*,#10075,.F.);
#10077=ORIENTED_EDGE('',*,*,#10042,.F.);
#10078=EDGE_LOOP('',(#10064,#10071,#10076,#10077));
#10079=FACE_OUTER_BOUND('',#10078,.T.);
#10080=CARTESIAN_POINT('',(575.47372,-130.,419.5));
#10081=DIRECTION('',(-0.79335,0.,-0.60876));
#10082=DIRECTION('',(0.60876,0.,-0.79335));
#10083=AXIS2_PLACEMENT_3D('',#10080,#10081,#10082);
#10084=PLANE('',#10083);
#10085=ADVANCED_FACE('',(#10079),#10084,.T.);
#10086=CARTESIAN_POINT('',(579.5,-130.,415.47372));
#10087=VERTEX_POINT('',#10086);
#10088=DIRECTION('',(0.79335,0.,-0.60876));
#10089=VECTOR('',#10088,2.87158);
#10090=LINE('',#10058,#10089);
#10091=EDGE_CURVE('',#10059,#10087,#10090,.T.);
#10092=ORIENTED_EDGE('',*,*,#10091,.T.);
#10093=CARTESIAN_POINT('',(579.5,-139.,415.47372));
#10094=VERTEX_POINT('',#10093);
#10095=DIRECTION('',(0.,-1.,0.));
#10096=VECTOR('',#10095,9.);
#10097=LINE('',#10086,#10096);
#10098=EDGE_CURVE('',#10087,#10094,#10097,.T.);
#10099=ORIENTED_EDGE('',*,*,#10098,.T.);
#10100=DIRECTION('',(0.79335,0.,-0.60876));
#10101=VECTOR('',#10100,2.87158);
#10102=LINE('',#10065,#10101);
#10103=EDGE_CURVE('',#10066,#10094,#10102,.T.);
#10104=ORIENTED_EDGE('',*,*,#10103,.F.);
#10105=ORIENTED_EDGE('',*,*,#10070,.F.);
#10106=EDGE_LOOP('',(#10092,#10099,#10104,#10105));
#10107=FACE_OUTER_BOUND('',#10106,.T.);
#10108=CARTESIAN_POINT('',(577.22183,-130.,417.22183));
#10109=DIRECTION('',(-0.60876,0.,-0.79335));
#10110=DIRECTION('',(0.79335,0.,-0.60876));
#10111=AXIS2_PLACEMENT_3D('',#10108,#10109,#10110);
#10112=PLANE('',#10111);
#10113=ADVANCED_FACE('',(#10107),#10112,.T.);
#10114=CARTESIAN_POINT('',(582.15299,-130.,414.37482));
#10115=VERTEX_POINT('',#10114);
#10116=DIRECTION('',(0.92388,0.,-0.38268));
#10117=VECTOR('',#10116,2.87158);
#10118=LINE('',#10086,#10117);
#10119=EDGE_CURVE('',#10087,#10115,#10118,.T.);
#10120=ORIENTED_EDGE('',*,*,#10119,.T.);
#10121=CARTESIAN_POINT('',(582.15299,-139.,414.37482));
#10122=VERTEX_POINT('',#10121);
#10123=DIRECTION('',(0.,-1.,0.));
#10124=VECTOR('',#10123,9.);
#10125=LINE('',#10114,#10124);
#10126=EDGE_CURVE('',#10115,#10122,#10125,.T.);
#10127=ORIENTED_EDGE('',*,*,#10126,.T.);
#10128=DIRECTION('',(0.92388,0.,-0.38268));
#10129=VECTOR('',#10128,2.87158);
#10130=LINE('',#10093,#10129);
#10131=EDGE_CURVE('',#10094,#10122,#10130,.T.);
#10132=ORIENTED_EDGE('',*,*,#10131,.F.);
#10133=ORIENTED_EDGE('',*,*,#10098,.F.);
#10134=EDGE_LOOP('',(#10120,#10127,#10132,#10133));
#10135=FACE_OUTER_BOUND('',#10134,.T.);
#10136=CARTESIAN_POINT('',(579.5,-130.,415.47372));
#10137=DIRECTION('',(-0.38268,0.,-0.92388));
#10138=DIRECTION('',(0.92388,0.,-0.38268));
#10139=AXIS2_PLACEMENT_3D('',#10136,#10137,#10138);
#10140=PLANE('',#10139);
#10141=ADVANCED_FACE('',(#10135),#10140,.T.);
#10142=CARTESIAN_POINT('',(585.,-130.,414.));
#10143=VERTEX_POINT('',#10142);
#10144=DIRECTION('',(0.99144,0.,-0.13053));
#10145=VECTOR('',#10144,2.87158);
#10146=LINE('',#10114,#10145);
#10147=EDGE_CURVE('',#10115,#10143,#10146,.T.);
#10148=ORIENTED_EDGE('',*,*,#10147,.T.);
#10149=CARTESIAN_POINT('',(585.,-139.,414.));
#10150=VERTEX_POINT('',#10149);
#10151=DIRECTION('',(0.,-1.,0.));
#10152=VECTOR('',#10151,9.);
#10153=LINE('',#10142,#10152);
#10154=EDGE_CURVE('',#10143,#10150,#10153,.T.);
#10155=ORIENTED_EDGE('',*,*,#10154,.T.);
#10156=DIRECTION('',(0.99144,0.,-0.13053));
#10157=VECTOR('',#10156,2.87158);
#10158=LINE('',#10121,#10157);
#10159=EDGE_CURVE('',#10122,#10150,#10158,.T.);
#10160=ORIENTED_EDGE('',*,*,#10159,.F.);
#10161=ORIENTED_EDGE('',*,*,#10126,.F.);
#10162=EDGE_LOOP('',(#10148,#10155,#10160,#10161));
#10163=FACE_OUTER_BOUND('',#10162,.T.);
#10164=CARTESIAN_POINT('',(582.15299,-130.,414.37482));
#10165=DIRECTION('',(-0.13053,0.,-0.99144));
#10166=DIRECTION('',(0.99144,0.,-0.13053));
#10167=AXIS2_PLACEMENT_3D('',#10164,#10165,#10166);
#10168=PLANE('',#10167);
#10169=ADVANCED_FACE('',(#10163),#10168,.T.);
#10170=CARTESIAN_POINT('',(587.84701,-130.,414.37482));
#10171=VERTEX_POINT('',#10170);
#10172=DIRECTION('',(0.99144,0.,0.13053));
#10173=VECTOR('',#10172,2.87158);
#10174=LINE('',#10142,#10173);
#10175=EDGE_CURVE('',#10143,#10171,#10174,.T.);
#10176=ORIENTED_EDGE('',*,*,#10175,.T.);
#10177=CARTESIAN_POINT('',(587.84701,-139.,414.37482));
#10178=VERTEX_POINT('',#10177);
#10179=DIRECTION('',(0.,-1.,0.));
#10180=VECTOR('',#10179,9.);
#10181=LINE('',#10170,#10180);
#10182=EDGE_CURVE('',#10171,#10178,#10181,.T.);
#10183=ORIENTED_EDGE('',*,*,#10182,.T.);
#10184=DIRECTION('',(0.99144,0.,0.13053));
#10185=VECTOR('',#10184,2.87158);
#10186=LINE('',#10149,#10185);
#10187=EDGE_CURVE('',#10150,#10178,#10186,.T.);
#10188=ORIENTED_EDGE('',*,*,#10187,.F.);
#10189=ORIENTED_EDGE('',*,*,#10154,.F.);
#10190=EDGE_LOOP('',(#10176,#10183,#10188,#10189));
#10191=FACE_OUTER_BOUND('',#10190,.T.);
#10192=CARTESIAN_POINT('',(585.,-130.,414.));
#10193=DIRECTION('',(0.13053,0.,-0.99144));
#10194=DIRECTION('',(0.99144,0.,0.13053));
#10195=AXIS2_PLACEMENT_3D('',#10192,#10193,#10194);
#10196=PLANE('',#10195);
#10197=ADVANCED_FACE('',(#10191),#10196,.T.);
#10198=CARTESIAN_POINT('',(590.5,-130.,415.47372));
#10199=VERTEX_POINT('',#10198);
#10200=DIRECTION('',(0.92388,0.,0.38268));
#10201=VECTOR('',#10200,2.87158);
#10202=LINE('',#10170,#10201);
#10203=EDGE_CURVE('',#10171,#10199,#10202,.T.);
#10204=ORIENTED_EDGE('',*,*,#10203,.T.);
#10205=CARTESIAN_POINT('',(590.5,-139.,415.47372));
#10206=VERTEX_POINT('',#10205);
#10207=DIRECTION('',(0.,-1.,0.));
#10208=VECTOR('',#10207,9.);
#10209=LINE('',#10198,#10208);
#10210=EDGE_CURVE('',#10199,#10206,#10209,.T.);
#10211=ORIENTED_EDGE('',*,*,#10210,.T.);
#10212=DIRECTION('',(0.92388,0.,0.38268));
#10213=VECTOR('',#10212,2.87158);
#10214=LINE('',#10177,#10213);
#10215=EDGE_CURVE('',#10178,#10206,#10214,.T.);
#10216=ORIENTED_EDGE('',*,*,#10215,.F.);
#10217=ORIENTED_EDGE('',*,*,#10182,.F.);
#10218=EDGE_LOOP('',(#10204,#10211,#10216,#10217));
#10219=FACE_OUTER_BOUND('',#10218,.T.);
#10220=CARTESIAN_POINT('',(587.84701,-130.,414.37482));
#10221=DIRECTION('',(0.38268,0.,-0.92388));
#10222=DIRECTION('',(0.92388,0.,0.38268));
#10223=AXIS2_PLACEMENT_3D('',#10220,#10221,#10222);
#10224=PLANE('',#10223);
#10225=ADVANCED_FACE('',(#10219),#10224,.T.);
#10226=CARTESIAN_POINT('',(592.77817,-130.,417.22183));
#10227=VERTEX_POINT('',#10226);
#10228=DIRECTION('',(0.79335,0.,0.60876));
#10229=VECTOR('',#10228,2.87158);
#10230=LINE('',#10198,#10229);
#10231=EDGE_CURVE('',#10199,#10227,#10230,.T.);
#10232=ORIENTED_EDGE('',*,*,#10231,.T.);
#10233=CARTESIAN_POINT('',(592.77817,-139.,417.22183));
#10234=VERTEX_POINT('',#10233);
#10235=DIRECTION('',(0.,-1.,0.));
#10236=VECTOR('',#10235,9.);
#10237=LINE('',#10226,#10236);
#10238=EDGE_CURVE('',#10227,#10234,#10237,.T.);
#10239=ORIENTED_EDGE('',*,*,#10238,.T.);
#10240=DIRECTION('',(0.79335,0.,0.60876));
#10241=VECTOR('',#10240,2.87158);
#10242=LINE('',#10205,#10241);
#10243=EDGE_CURVE('',#10206,#10234,#10242,.T.);
#10244=ORIENTED_EDGE('',*,*,#10243,.F.);
#10245=ORIENTED_EDGE('',*,*,#10210,.F.);
#10246=EDGE_LOOP('',(#10232,#10239,#10244,#10245));
#10247=FACE_OUTER_BOUND('',#10246,.T.);
#10248=CARTESIAN_POINT('',(590.5,-130.,415.47372));
#10249=DIRECTION('',(0.60876,0.,-0.79335));
#10250=DIRECTION('',(0.79335,0.,0.60876));
#10251=AXIS2_PLACEMENT_3D('',#10248,#10249,#10250);
#10252=PLANE('',#10251);
#10253=ADVANCED_FACE('',(#10247),#10252,.T.);
#10254=CARTESIAN_POINT('',(594.52628,-130.,419.5));
#10255=VERTEX_POINT('',#10254);
#10256=DIRECTION('',(0.60876,0.,0.79335));
#10257=VECTOR('',#10256,2.87158);
#10258=LINE('',#10226,#10257);
#10259=EDGE_CURVE('',#10227,#10255,#10258,.T.);
#10260=ORIENTED_EDGE('',*,*,#10259,.T.);
#10261=CARTESIAN_POINT('',(594.52628,-139.,419.5));
#10262=VERTEX_POINT('',#10261);
#10263=DIRECTION('',(0.,-1.,0.));
#10264=VECTOR('',#10263,9.);
#10265=LINE('',#10254,#10264);
#10266=EDGE_CURVE('',#10255,#10262,#10265,.T.);
#10267=ORIENTED_EDGE('',*,*,#10266,.T.);
#10268=DIRECTION('',(0.60876,0.,0.79335));
#10269=VECTOR('',#10268,2.87158);
#10270=LINE('',#10233,#10269);
#10271=EDGE_CURVE('',#10234,#10262,#10270,.T.);
#10272=ORIENTED_EDGE('',*,*,#10271,.F.);
#10273=ORIENTED_EDGE('',*,*,#10238,.F.);
#10274=EDGE_LOOP('',(#10260,#10267,#10272,#10273));
#10275=FACE_OUTER_BOUND('',#10274,.T.);
#10276=CARTESIAN_POINT('',(592.77817,-130.,417.22183));
#10277=DIRECTION('',(0.79335,0.,-0.60876));
#10278=DIRECTION('',(0.60876,0.,0.79335));
#10279=AXIS2_PLACEMENT_3D('',#10276,#10277,#10278);
#10280=PLANE('',#10279);
#10281=ADVANCED_FACE('',(#10275),#10280,.T.);
#10282=CARTESIAN_POINT('',(595.62518,-130.,422.15299));
#10283=VERTEX_POINT('',#10282);
#10284=DIRECTION('',(0.38268,0.,0.92388));
#10285=VECTOR('',#10284,2.87158);
#10286=LINE('',#10254,#10285);
#10287=EDGE_CURVE('',#10255,#10283,#10286,.T.);
#10288=ORIENTED_EDGE('',*,*,#10287,.T.);
#10289=CARTESIAN_POINT('',(595.62518,-139.,422.15299));
#10290=VERTEX_POINT('',#10289);
#10291=DIRECTION('',(0.,-1.,0.));
#10292=VECTOR('',#10291,9.);
#10293=LINE('',#10282,#10292);
#10294=EDGE_CURVE('',#10283,#10290,#10293,.T.);
#10295=ORIENTED_EDGE('',*,*,#10294,.T.);
#10296=DIRECTION('',(0.38268,0.,0.92388));
#10297=VECTOR('',#10296,2.87158);
#10298=LINE('',#10261,#10297);
#10299=EDGE_CURVE('',#10262,#10290,#10298,.T.);
#10300=ORIENTED_EDGE('',*,*,#10299,.F.);
#10301=ORIENTED_EDGE('',*,*,#10266,.F.);
#10302=EDGE_LOOP('',(#10288,#10295,#10300,#10301));
#10303=FACE_OUTER_BOUND('',#10302,.T.);
#10304=CARTESIAN_POINT('',(594.52628,-130.,419.5));
#10305=DIRECTION('',(0.92388,0.,-0.38268));
#10306=DIRECTION('',(0.38268,0.,0.92388));
#10307=AXIS2_PLACEMENT_3D('',#10304,#10305,#10306);
#10308=PLANE('',#10307);
#10309=ADVANCED_FACE('',(#10303),#10308,.T.);
#10310=DIRECTION('',(-0.13053,0.,-0.99144));
#10311=VECTOR('',#10310,2.87158);
#10312=LINE('',#9658,#10311);
#10313=EDGE_CURVE('',#9659,#10283,#10312,.T.);
#10314=ORIENTED_EDGE('',*,*,#10313,.F.);
#10315=ORIENTED_EDGE('',*,*,#9684,.T.);
#10316=DIRECTION('',(-0.13053,0.,-0.99144));
#10317=VECTOR('',#10316,2.87158);
#10318=LINE('',#9674,#10317);
#10319=EDGE_CURVE('',#9675,#10290,#10318,.T.);
#10320=ORIENTED_EDGE('',*,*,#10319,.T.);
#10321=ORIENTED_EDGE('',*,*,#10294,.F.);
#10322=EDGE_LOOP('',(#10314,#10315,#10320,#10321));
#10323=FACE_OUTER_BOUND('',#10322,.T.);
#10324=CARTESIAN_POINT('',(595.62518,-130.,422.15299));
#10325=DIRECTION('',(0.99144,0.,-0.13053));
#10326=DIRECTION('',(0.13053,0.,0.99144));
#10327=AXIS2_PLACEMENT_3D('',#10324,#10325,#10326);
#10328=PLANE('',#10327);
#10329=ADVANCED_FACE('',(#10323),#10328,.T.);
#10330=ORIENTED_EDGE('',*,*,#10287,.F.);
#10331=ORIENTED_EDGE('',*,*,#10259,.F.);
#10332=ORIENTED_EDGE('',*,*,#10231,.F.);
#10333=ORIENTED_EDGE('',*,*,#10203,.F.);
#10334=ORIENTED_EDGE('',*,*,#10175,.F.);
#10335=ORIENTED_EDGE('',*,*,#10147,.F.);
#10336=ORIENTED_EDGE('',*,*,#10119,.F.);
#10337=ORIENTED_EDGE('',*,*,#10091,.F.);
#10338=ORIENTED_EDGE('',*,*,#10063,.F.);
#10339=ORIENTED_EDGE('',*,*,#10035,.F.);
#10340=ORIENTED_EDGE('',*,*,#10007,.F.);
#10341=ORIENTED_EDGE('',*,*,#9979,.F.);
#10342=ORIENTED_EDGE('',*,*,#9951,.F.);
#10343=ORIENTED_EDGE('',*,*,#9923,.F.);
#10344=ORIENTED_EDGE('',*,*,#9895,.F.);
#10345=ORIENTED_EDGE('',*,*,#9867,.F.);
#10346=ORIENTED_EDGE('',*,*,#9839,.F.);
#10347=ORIENTED_EDGE('',*,*,#9811,.F.);
#10348=ORIENTED_EDGE('',*,*,#9783,.F.);
#10349=ORIENTED_EDGE('',*,*,#9755,.F.);
#10350=ORIENTED_EDGE('',*,*,#9727,.F.);
#10351=ORIENTED_EDGE('',*,*,#9699,.F.);
#10352=ORIENTED_EDGE('',*,*,#9665,.F.);
#10353=ORIENTED_EDGE('',*,*,#10313,.T.);
#10354=EDGE_LOOP('',(#10330,#10331,#10332,#10333,#10334,#10335,#10336,#10337,#10338,#10339,#10340,#10341,#10342,#10343,#10344,#10345,#10346,#10347,#10348,#10349,#10350,#10351,#10352,#10353));
#10355=FACE_OUTER_BOUND('',#10354,.T.);
#10356=CARTESIAN_POINT('',(595.62518,-130.,422.15299));
#10357=DIRECTION('',(0.,1.,0.));
#10358=DIRECTION('',(-0.38268,0.,-0.92388));
#10359=AXIS2_PLACEMENT_3D('',#10356,#10357,#10358);
#10360=PLANE('',#10359);
#10361=ADVANCED_FACE('',(#10355),#10360,.T.);
#10362=ORIENTED_EDGE('',*,*,#9679,.T.);
#10363=ORIENTED_EDGE('',*,*,#9711,.T.);
#10364=ORIENTED_EDGE('',*,*,#9739,.T.);
#10365=ORIENTED_EDGE('',*,*,#9767,.T.);
#10366=ORIENTED_EDGE('',*,*,#9795,.T.);
#10367=ORIENTED_EDGE('',*,*,#9823,.T.);
#10368=ORIENTED_EDGE('',*,*,#9851,.T.);
#10369=ORIENTED_EDGE('',*,*,#9879,.T.);
#10370=ORIENTED_EDGE('',*,*,#9907,.T.);
#10371=ORIENTED_EDGE('',*,*,#9935,.T.);
#10372=ORIENTED_EDGE('',*,*,#9963,.T.);
#10373=ORIENTED_EDGE('',*,*,#9991,.T.);
#10374=ORIENTED_EDGE('',*,*,#10019,.T.);
#10375=ORIENTED_EDGE('',*,*,#10047,.T.);
#10376=ORIENTED_EDGE('',*,*,#10075,.T.);
#10377=ORIENTED_EDGE('',*,*,#10103,.T.);
#10378=ORIENTED_EDGE('',*,*,#10131,.T.);
#10379=ORIENTED_EDGE('',*,*,#10159,.T.);
#10380=ORIENTED_EDGE('',*,*,#10187,.T.);
#10381=ORIENTED_EDGE('',*,*,#10215,.T.);
#10382=ORIENTED_EDGE('',*,*,#10243,.T.);
#10383=ORIENTED_EDGE('',*,*,#10271,.T.);
#10384=ORIENTED_EDGE('',*,*,#10299,.T.);
#10385=ORIENTED_EDGE('',*,*,#10319,.F.);
#10386=EDGE_LOOP('',(#10362,#10363,#10364,#10365,#10366,#10367,#10368,#10369,#10370,#10371,#10372,#10373,#10374,#10375,#10376,#10377,#10378,#10379,#10380,#10381,#10382,#10383,#10384,#10385));
#10387=FACE_OUTER_BOUND('',#10386,.T.);
#10388=CARTESIAN_POINT('',(596.,-139.,425.));
#10389=DIRECTION('',(0.,-1.,0.));
#10390=DIRECTION('',(-0.13053,0.,0.99144));
#10391=AXIS2_PLACEMENT_3D('',#10388,#10389,#10390);
#10392=PLANE('',#10391);
#10393=ADVANCED_FACE('',(#10387),#10392,.T.);
#10394=CLOSED_SHELL('',(#9693,#9721,#9749,#9777,#9805,#9833,#9861,#9889,#9917,#9945,#9973,#10001,#10029,#10057,#10085,#10113,#10141,#10169,#10197,#10225,#10253,#10281,#10309,#10329,#10361,#10393));
#10395=MANIFOLD_SOLID_BREP('',#10394);
#10396=STYLED_ITEM('color',(#3930),#10395);
#10397=CARTESIAN_POINT('',(384.,129.5,443.));
#10398=VERTEX_POINT('',#10397);
#10399=CARTESIAN_POINT('',(384.,139.,443.));
#10400=VERTEX_POINT('',#10399);
#10401=DIRECTION('',(0.,1.,0.));
#10402=VECTOR('',#10401,9.5);
#10403=LINE('',#10397,#10402);
#10404=EDGE_CURVE('',#10398,#10400,#10403,.T.);
#10405=ORIENTED_EDGE('',*,*,#10404,.T.);
#10406=CARTESIAN_POINT('',(396.,139.,443.));
#10407=VERTEX_POINT('',#10406);
#10408=DIRECTION('',(-1.,0.,0.));
#10409=VECTOR('',#10408,12.);
#10410=LINE('',#10406,#10409);
#10411=EDGE_CURVE('',#10407,#10400,#10410,.T.);
#10412=ORIENTED_EDGE('',*,*,#10411,.F.);
#10413=CARTESIAN_POINT('',(396.,129.5,443.));
#10414=VERTEX_POINT('',#10413);
#10415=DIRECTION('',(0.,1.,0.));
#10416=VECTOR('',#10415,9.5);
#10417=LINE('',#10413,#10416);
#10418=EDGE_CURVE('',#10414,#10407,#10417,.T.);
#10419=ORIENTED_EDGE('',*,*,#10418,.F.);
#10420=DIRECTION('',(1.,0.,0.));
#10421=VECTOR('',#10420,12.);
#10422=LINE('',#10397,#10421);
#10423=EDGE_CURVE('',#10398,#10414,#10422,.T.);
#10424=ORIENTED_EDGE('',*,*,#10423,.F.);
#10425=EDGE_LOOP('',(#10405,#10412,#10419,#10424));
#10426=FACE_OUTER_BOUND('',#10425,.T.);
#10427=CARTESIAN_POINT('',(384.,129.5,443.));
#10428=DIRECTION('',(0.,0.,-1.));
#10429=DIRECTION('',(0.,1.,0.));
#10430=AXIS2_PLACEMENT_3D('',#10427,#10428,#10429);
#10431=PLANE('',#10430);
#10432=ADVANCED_FACE('',(#10426),#10431,.T.);
#10433=CARTESIAN_POINT('',(384.,129.5,457.5));
#10434=VERTEX_POINT('',#10433);
#10435=CARTESIAN_POINT('',(396.,129.5,457.5));
#10436=VERTEX_POINT('',#10435);
#10437=DIRECTION('',(1.,0.,0.));
#10438=VECTOR('',#10437,12.);
#10439=LINE('',#10433,#10438);
#10440=EDGE_CURVE('',#10434,#10436,#10439,.T.);
#10441=ORIENTED_EDGE('',*,*,#10440,.T.);
#10442=CARTESIAN_POINT('',(396.,139.,457.5));
#10443=VERTEX_POINT('',#10442);
#10444=DIRECTION('',(0.,1.,0.));
#10445=VECTOR('',#10444,9.5);
#10446=LINE('',#10435,#10445);
#10447=EDGE_CURVE('',#10436,#10443,#10446,.T.);
#10448=ORIENTED_EDGE('',*,*,#10447,.T.);
#10449=CARTESIAN_POINT('',(384.,139.,457.5));
#10450=VERTEX_POINT('',#10449);
#10451=DIRECTION('',(-1.,0.,0.));
#10452=VECTOR('',#10451,12.);
#10453=LINE('',#10442,#10452);
#10454=EDGE_CURVE('',#10443,#10450,#10453,.T.);
#10455=ORIENTED_EDGE('',*,*,#10454,.T.);
#10456=DIRECTION('',(0.,1.,0.));
#10457=VECTOR('',#10456,9.5);
#10458=LINE('',#10433,#10457);
#10459=EDGE_CURVE('',#10434,#10450,#10458,.T.);
#10460=ORIENTED_EDGE('',*,*,#10459,.F.);
#10461=EDGE_LOOP('',(#10441,#10448,#10455,#10460));
#10462=FACE_OUTER_BOUND('',#10461,.T.);
#10463=CARTESIAN_POINT('',(384.,129.5,457.5));
#10464=DIRECTION('',(0.,0.,1.));
#10465=DIRECTION('',(1.,0.,0.));
#10466=AXIS2_PLACEMENT_3D('',#10463,#10464,#10465);
#10467=PLANE('',#10466);
#10468=ADVANCED_FACE('',(#10462),#10467,.T.);
#10469=ORIENTED_EDGE('',*,*,#10423,.T.);
#10470=DIRECTION('',(0.,0.,1.));
#10471=VECTOR('',#10470,14.5);
#10472=LINE('',#10413,#10471);
#10473=EDGE_CURVE('',#10414,#10436,#10472,.T.);
#10474=ORIENTED_EDGE('',*,*,#10473,.T.);
#10475=ORIENTED_EDGE('',*,*,#10440,.F.);
#10476=DIRECTION('',(0.,0.,1.));
#10477=VECTOR('',#10476,14.5);
#10478=LINE('',#10397,#10477);
#10479=EDGE_CURVE('',#10398,#10434,#10478,.T.);
#10480=ORIENTED_EDGE('',*,*,#10479,.F.);
#10481=EDGE_LOOP('',(#10469,#10474,#10475,#10480));
#10482=FACE_OUTER_BOUND('',#10481,.T.);
#10483=CARTESIAN_POINT('',(384.,129.5,443.));
#10484=DIRECTION('',(0.,-1.,0.));
#10485=DIRECTION('',(1.,0.,0.));
#10486=AXIS2_PLACEMENT_3D('',#10483,#10484,#10485);
#10487=PLANE('',#10486);
#10488=ADVANCED_FACE('',(#10482),#10487,.T.);
#10489=ORIENTED_EDGE('',*,*,#10418,.T.);
#10490=DIRECTION('',(0.,0.,1.));
#10491=VECTOR('',#10490,14.5);
#10492=LINE('',#10406,#10491);
#10493=EDGE_CURVE('',#10407,#10443,#10492,.T.);
#10494=ORIENTED_EDGE('',*,*,#10493,.T.);
#10495=ORIENTED_EDGE('',*,*,#10447,.F.);
#10496=ORIENTED_EDGE('',*,*,#10473,.F.);
#10497=EDGE_LOOP('',(#10489,#10494,#10495,#10496));
#10498=FACE_OUTER_BOUND('',#10497,.T.);
#10499=CARTESIAN_POINT('',(396.,129.5,443.));
#10500=DIRECTION('',(1.,0.,0.));
#10501=DIRECTION('',(0.,1.,0.));
#10502=AXIS2_PLACEMENT_3D('',#10499,#10500,#10501);
#10503=PLANE('',#10502);
#10504=ADVANCED_FACE('',(#10498),#10503,.T.);
#10505=ORIENTED_EDGE('',*,*,#10411,.T.);
#10506=DIRECTION('',(0.,0.,1.));
#10507=VECTOR('',#10506,14.5);
#10508=LINE('',#10399,#10507);
#10509=EDGE_CURVE('',#10400,#10450,#10508,.T.);
#10510=ORIENTED_EDGE('',*,*,#10509,.T.);
#10511=ORIENTED_EDGE('',*,*,#10454,.F.);
#10512=ORIENTED_EDGE('',*,*,#10493,.F.);
#10513=EDGE_LOOP('',(#10505,#10510,#10511,#10512));
#10514=FACE_OUTER_BOUND('',#10513,.T.);
#10515=CARTESIAN_POINT('',(396.,139.,443.));
#10516=DIRECTION('',(0.,1.,0.));
#10517=DIRECTION('',(-1.,0.,0.));
#10518=AXIS2_PLACEMENT_3D('',#10515,#10516,#10517);
#10519=PLANE('',#10518);
#10520=ADVANCED_FACE('',(#10514),#10519,.T.);
#10521=ORIENTED_EDGE('',*,*,#10404,.F.);
#10522=ORIENTED_EDGE('',*,*,#10479,.T.);
#10523=ORIENTED_EDGE('',*,*,#10459,.T.);
#10524=ORIENTED_EDGE('',*,*,#10509,.F.);
#10525=EDGE_LOOP('',(#10521,#10522,#10523,#10524));
#10526=FACE_OUTER_BOUND('',#10525,.T.);
#10527=CARTESIAN_POINT('',(384.,139.,443.));
#10528=DIRECTION('',(-1.,0.,0.));
#10529=DIRECTION('',(0.,-1.,0.));
#10530=AXIS2_PLACEMENT_3D('',#10527,#10528,#10529);
#10531=PLANE('',#10530);
#10532=ADVANCED_FACE('',(#10526),#10531,.T.);
#10533=CLOSED_SHELL('',(#10432,#10468,#10488,#10504,#10520,#10532));
#10534=MANIFOLD_SOLID_BREP('',#10533);
#10535=STYLED_ITEM('color',(#3930),#10534);
#10536=CARTESIAN_POINT('',(434.,129.5,443.));
#10537=VERTEX_POINT('',#10536);
#10538=CARTESIAN_POINT('',(434.,139.,443.));
#10539=VERTEX_POINT('',#10538);
#10540=DIRECTION('',(0.,1.,0.));
#10541=VECTOR('',#10540,9.5);
#10542=LINE('',#10536,#10541);
#10543=EDGE_CURVE('',#10537,#10539,#10542,.T.);
#10544=ORIENTED_EDGE('',*,*,#10543,.T.);
#10545=CARTESIAN_POINT('',(446.,139.,443.));
#10546=VERTEX_POINT('',#10545);
#10547=DIRECTION('',(-1.,0.,0.));
#10548=VECTOR('',#10547,12.);
#10549=LINE('',#10545,#10548);
#10550=EDGE_CURVE('',#10546,#10539,#10549,.T.);
#10551=ORIENTED_EDGE('',*,*,#10550,.F.);
#10552=CARTESIAN_POINT('',(446.,129.5,443.));
#10553=VERTEX_POINT('',#10552);
#10554=DIRECTION('',(0.,1.,0.));
#10555=VECTOR('',#10554,9.5);
#10556=LINE('',#10552,#10555);
#10557=EDGE_CURVE('',#10553,#10546,#10556,.T.);
#10558=ORIENTED_EDGE('',*,*,#10557,.F.);
#10559=DIRECTION('',(1.,0.,0.));
#10560=VECTOR('',#10559,12.);
#10561=LINE('',#10536,#10560);
#10562=EDGE_CURVE('',#10537,#10553,#10561,.T.);
#10563=ORIENTED_EDGE('',*,*,#10562,.F.);
#10564=EDGE_LOOP('',(#10544,#10551,#10558,#10563));
#10565=FACE_OUTER_BOUND('',#10564,.T.);
#10566=CARTESIAN_POINT('',(434.,129.5,443.));
#10567=DIRECTION('',(0.,0.,-1.));
#10568=DIRECTION('',(0.,1.,0.));
#10569=AXIS2_PLACEMENT_3D('',#10566,#10567,#10568);
#10570=PLANE('',#10569);
#10571=ADVANCED_FACE('',(#10565),#10570,.T.);
#10572=CARTESIAN_POINT('',(434.,129.5,457.5));
#10573=VERTEX_POINT('',#10572);
#10574=CARTESIAN_POINT('',(446.,129.5,457.5));
#10575=VERTEX_POINT('',#10574);
#10576=DIRECTION('',(1.,0.,0.));
#10577=VECTOR('',#10576,12.);
#10578=LINE('',#10572,#10577);
#10579=EDGE_CURVE('',#10573,#10575,#10578,.T.);
#10580=ORIENTED_EDGE('',*,*,#10579,.T.);
#10581=CARTESIAN_POINT('',(446.,139.,457.5));
#10582=VERTEX_POINT('',#10581);
#10583=DIRECTION('',(0.,1.,0.));
#10584=VECTOR('',#10583,9.5);
#10585=LINE('',#10574,#10584);
#10586=EDGE_CURVE('',#10575,#10582,#10585,.T.);
#10587=ORIENTED_EDGE('',*,*,#10586,.T.);
#10588=CARTESIAN_POINT('',(434.,139.,457.5));
#10589=VERTEX_POINT('',#10588);
#10590=DIRECTION('',(-1.,0.,0.));
#10591=VECTOR('',#10590,12.);
#10592=LINE('',#10581,#10591);
#10593=EDGE_CURVE('',#10582,#10589,#10592,.T.);
#10594=ORIENTED_EDGE('',*,*,#10593,.T.);
#10595=DIRECTION('',(0.,1.,0.));
#10596=VECTOR('',#10595,9.5);
#10597=LINE('',#10572,#10596);
#10598=EDGE_CURVE('',#10573,#10589,#10597,.T.);
#10599=ORIENTED_EDGE('',*,*,#10598,.F.);
#10600=EDGE_LOOP('',(#10580,#10587,#10594,#10599));
#10601=FACE_OUTER_BOUND('',#10600,.T.);
#10602=CARTESIAN_POINT('',(434.,129.5,457.5));
#10603=DIRECTION('',(0.,0.,1.));
#10604=DIRECTION('',(1.,0.,0.));
#10605=AXIS2_PLACEMENT_3D('',#10602,#10603,#10604);
#10606=PLANE('',#10605);
#10607=ADVANCED_FACE('',(#10601),#10606,.T.);
#10608=ORIENTED_EDGE('',*,*,#10562,.T.);
#10609=DIRECTION('',(0.,0.,1.));
#10610=VECTOR('',#10609,14.5);
#10611=LINE('',#10552,#10610);
#10612=EDGE_CURVE('',#10553,#10575,#10611,.T.);
#10613=ORIENTED_EDGE('',*,*,#10612,.T.);
#10614=ORIENTED_EDGE('',*,*,#10579,.F.);
#10615=DIRECTION('',(0.,0.,1.));
#10616=VECTOR('',#10615,14.5);
#10617=LINE('',#10536,#10616);
#10618=EDGE_CURVE('',#10537,#10573,#10617,.T.);
#10619=ORIENTED_EDGE('',*,*,#10618,.F.);
#10620=EDGE_LOOP('',(#10608,#10613,#10614,#10619));
#10621=FACE_OUTER_BOUND('',#10620,.T.);
#10622=CARTESIAN_POINT('',(434.,129.5,443.));
#10623=DIRECTION('',(0.,-1.,0.));
#10624=DIRECTION('',(1.,0.,0.));
#10625=AXIS2_PLACEMENT_3D('',#10622,#10623,#10624);
#10626=PLANE('',#10625);
#10627=ADVANCED_FACE('',(#10621),#10626,.T.);
#10628=ORIENTED_EDGE('',*,*,#10557,.T.);
#10629=DIRECTION('',(0.,0.,1.));
#10630=VECTOR('',#10629,14.5);
#10631=LINE('',#10545,#10630);
#10632=EDGE_CURVE('',#10546,#10582,#10631,.T.);
#10633=ORIENTED_EDGE('',*,*,#10632,.T.);
#10634=ORIENTED_EDGE('',*,*,#10586,.F.);
#10635=ORIENTED_EDGE('',*,*,#10612,.F.);
#10636=EDGE_LOOP('',(#10628,#10633,#10634,#10635));
#10637=FACE_OUTER_BOUND('',#10636,.T.);
#10638=CARTESIAN_POINT('',(446.,129.5,443.));
#10639=DIRECTION('',(1.,0.,0.));
#10640=DIRECTION('',(0.,1.,0.));
#10641=AXIS2_PLACEMENT_3D('',#10638,#10639,#10640);
#10642=PLANE('',#10641);
#10643=ADVANCED_FACE('',(#10637),#10642,.T.);
#10644=ORIENTED_EDGE('',*,*,#10550,.T.);
#10645=DIRECTION('',(0.,0.,1.));
#10646=VECTOR('',#10645,14.5);
#10647=LINE('',#10538,#10646);
#10648=EDGE_CURVE('',#10539,#10589,#10647,.T.);
#10649=ORIENTED_EDGE('',*,*,#10648,.T.);
#10650=ORIENTED_EDGE('',*,*,#10593,.F.);
#10651=ORIENTED_EDGE('',*,*,#10632,.F.);
#10652=EDGE_LOOP('',(#10644,#10649,#10650,#10651));
#10653=FACE_OUTER_BOUND('',#10652,.T.);
#10654=CARTESIAN_POINT('',(446.,139.,443.));
#10655=DIRECTION('',(0.,1.,0.));
#10656=DIRECTION('',(-1.,0.,0.));
#10657=AXIS2_PLACEMENT_3D('',#10654,#10655,#10656);
#10658=PLANE('',#10657);
#10659=ADVANCED_FACE('',(#10653),#10658,.T.);
#10660=ORIENTED_EDGE('',*,*,#10543,.F.);
#10661=ORIENTED_EDGE('',*,*,#10618,.T.);
#10662=ORIENTED_EDGE('',*,*,#10598,.T.);
#10663=ORIENTED_EDGE('',*,*,#10648,.F.);
#10664=EDGE_LOOP('',(#10660,#10661,#10662,#10663));
#10665=FACE_OUTER_BOUND('',#10664,.T.);
#10666=CARTESIAN_POINT('',(434.,139.,443.));
#10667=DIRECTION('',(-1.,0.,0.));
#10668=DIRECTION('',(0.,-1.,0.));
#10669=AXIS2_PLACEMENT_3D('',#10666,#10667,#10668);
#10670=PLANE('',#10669);
#10671=ADVANCED_FACE('',(#10665),#10670,.T.);
#10672=CLOSED_SHELL('',(#10571,#10607,#10627,#10643,#10659,#10671));
#10673=MANIFOLD_SOLID_BREP('',#10672);
#10674=STYLED_ITEM('color',(#3930),#10673);
#10675=CARTESIAN_POINT('',(401.,-140.,431.));
#10676=VERTEX_POINT('',#10675);
#10677=CARTESIAN_POINT('',(401.,-129.5,431.));
#10678=VERTEX_POINT('',#10677);
#10679=DIRECTION('',(0.,1.,0.));
#10680=VECTOR('',#10679,10.5);
#10681=LINE('',#10675,#10680);
#10682=EDGE_CURVE('',#10676,#10678,#10681,.T.);
#10683=ORIENTED_EDGE('',*,*,#10682,.T.);
#10684=CARTESIAN_POINT('',(429.,-129.5,431.));
#10685=VERTEX_POINT('',#10684);
#10686=DIRECTION('',(-1.,0.,0.));
#10687=VECTOR('',#10686,28.);
#10688=LINE('',#10684,#10687);
#10689=EDGE_CURVE('',#10685,#10678,#10688,.T.);
#10690=ORIENTED_EDGE('',*,*,#10689,.F.);
#10691=CARTESIAN_POINT('',(429.,-140.,431.));
#10692=VERTEX_POINT('',#10691);
#10693=DIRECTION('',(0.,1.,0.));
#10694=VECTOR('',#10693,10.5);
#10695=LINE('',#10691,#10694);
#10696=EDGE_CURVE('',#10692,#10685,#10695,.T.);
#10697=ORIENTED_EDGE('',*,*,#10696,.F.);
#10698=DIRECTION('',(1.,0.,0.));
#10699=VECTOR('',#10698,28.);
#10700=LINE('',#10675,#10699);
#10701=EDGE_CURVE('',#10676,#10692,#10700,.T.);
#10702=ORIENTED_EDGE('',*,*,#10701,.F.);
#10703=EDGE_LOOP('',(#10683,#10690,#10697,#10702));
#10704=FACE_OUTER_BOUND('',#10703,.T.);
#10705=CARTESIAN_POINT('',(401.,-140.,431.));
#10706=DIRECTION('',(0.,0.,-1.));
#10707=DIRECTION('',(0.,1.,0.));
#10708=AXIS2_PLACEMENT_3D('',#10705,#10706,#10707);
#10709=PLANE('',#10708);
#10710=ADVANCED_FACE('',(#10704),#10709,.T.);
#10711=CARTESIAN_POINT('',(401.,-140.,459.));
#10712=VERTEX_POINT('',#10711);
#10713=CARTESIAN_POINT('',(429.,-140.,459.));
#10714=VERTEX_POINT('',#10713);
#10715=DIRECTION('',(1.,0.,0.));
#10716=VECTOR('',#10715,28.);
#10717=LINE('',#10711,#10716);
#10718=EDGE_CURVE('',#10712,#10714,#10717,.T.);
#10719=ORIENTED_EDGE('',*,*,#10718,.T.);
#10720=CARTESIAN_POINT('',(429.,-129.5,459.));
#10721=VERTEX_POINT('',#10720);
#10722=DIRECTION('',(0.,1.,0.));
#10723=VECTOR('',#10722,10.5);
#10724=LINE('',#10713,#10723);
#10725=EDGE_CURVE('',#10714,#10721,#10724,.T.);
#10726=ORIENTED_EDGE('',*,*,#10725,.T.);
#10727=CARTESIAN_POINT('',(401.,-129.5,459.));
#10728=VERTEX_POINT('',#10727);
#10729=DIRECTION('',(-1.,0.,0.));
#10730=VECTOR('',#10729,28.);
#10731=LINE('',#10720,#10730);
#10732=EDGE_CURVE('',#10721,#10728,#10731,.T.);
#10733=ORIENTED_EDGE('',*,*,#10732,.T.);
#10734=DIRECTION('',(0.,1.,0.));
#10735=VECTOR('',#10734,10.5);
#10736=LINE('',#10711,#10735);
#10737=EDGE_CURVE('',#10712,#10728,#10736,.T.);
#10738=ORIENTED_EDGE('',*,*,#10737,.F.);
#10739=EDGE_LOOP('',(#10719,#10726,#10733,#10738));
#10740=FACE_OUTER_BOUND('',#10739,.T.);
#10741=CARTESIAN_POINT('',(401.,-140.,459.));
#10742=DIRECTION('',(0.,0.,1.));
#10743=DIRECTION('',(1.,0.,0.));
#10744=AXIS2_PLACEMENT_3D('',#10741,#10742,#10743);
#10745=PLANE('',#10744);
#10746=ADVANCED_FACE('',(#10740),#10745,.T.);
#10747=ORIENTED_EDGE('',*,*,#10701,.T.);
#10748=DIRECTION('',(0.,0.,1.));
#10749=VECTOR('',#10748,28.);
#10750=LINE('',#10691,#10749);
#10751=EDGE_CURVE('',#10692,#10714,#10750,.T.);
#10752=ORIENTED_EDGE('',*,*,#10751,.T.);
#10753=ORIENTED_EDGE('',*,*,#10718,.F.);
#10754=DIRECTION('',(0.,0.,1.));
#10755=VECTOR('',#10754,28.);
#10756=LINE('',#10675,#10755);
#10757=EDGE_CURVE('',#10676,#10712,#10756,.T.);
#10758=ORIENTED_EDGE('',*,*,#10757,.F.);
#10759=EDGE_LOOP('',(#10747,#10752,#10753,#10758));
#10760=FACE_OUTER_BOUND('',#10759,.T.);
#10761=CARTESIAN_POINT('',(401.,-140.,431.));
#10762=DIRECTION('',(0.,-1.,0.));
#10763=DIRECTION('',(1.,0.,0.));
#10764=AXIS2_PLACEMENT_3D('',#10761,#10762,#10763);
#10765=PLANE('',#10764);
#10766=ADVANCED_FACE('',(#10760),#10765,.T.);
#10767=ORIENTED_EDGE('',*,*,#10696,.T.);
#10768=DIRECTION('',(0.,0.,1.));
#10769=VECTOR('',#10768,28.);
#10770=LINE('',#10684,#10769);
#10771=EDGE_CURVE('',#10685,#10721,#10770,.T.);
#10772=ORIENTED_EDGE('',*,*,#10771,.T.);
#10773=ORIENTED_EDGE('',*,*,#10725,.F.);
#10774=ORIENTED_EDGE('',*,*,#10751,.F.);
#10775=EDGE_LOOP('',(#10767,#10772,#10773,#10774));
#10776=FACE_OUTER_BOUND('',#10775,.T.);
#10777=CARTESIAN_POINT('',(429.,-140.,431.));
#10778=DIRECTION('',(1.,0.,0.));
#10779=DIRECTION('',(0.,1.,0.));
#10780=AXIS2_PLACEMENT_3D('',#10777,#10778,#10779);
#10781=PLANE('',#10780);
#10782=ADVANCED_FACE('',(#10776),#10781,.T.);
#10783=ORIENTED_EDGE('',*,*,#10689,.T.);
#10784=DIRECTION('',(0.,0.,1.));
#10785=VECTOR('',#10784,28.);
#10786=LINE('',#10677,#10785);
#10787=EDGE_CURVE('',#10678,#10728,#10786,.T.);
#10788=ORIENTED_EDGE('',*,*,#10787,.T.);
#10789=ORIENTED_EDGE('',*,*,#10732,.F.);
#10790=ORIENTED_EDGE('',*,*,#10771,.F.);
#10791=EDGE_LOOP('',(#10783,#10788,#10789,#10790));
#10792=FACE_OUTER_BOUND('',#10791,.T.);
#10793=CARTESIAN_POINT('',(429.,-129.5,431.));
#10794=DIRECTION('',(0.,1.,0.));
#10795=DIRECTION('',(-1.,0.,0.));
#10796=AXIS2_PLACEMENT_3D('',#10793,#10794,#10795);
#10797=PLANE('',#10796);
#10798=ADVANCED_FACE('',(#10792),#10797,.T.);
#10799=ORIENTED_EDGE('',*,*,#10682,.F.);
#10800=ORIENTED_EDGE('',*,*,#10757,.T.);
#10801=ORIENTED_EDGE('',*,*,#10737,.T.);
#10802=ORIENTED_EDGE('',*,*,#10787,.F.);
#10803=EDGE_LOOP('',(#10799,#10800,#10801,#10802));
#10804=FACE_OUTER_BOUND('',#10803,.T.);
#10805=CARTESIAN_POINT('',(401.,-129.5,431.));
#10806=DIRECTION('',(-1.,0.,0.));
#10807=DIRECTION('',(0.,-1.,0.));
#10808=AXIS2_PLACEMENT_3D('',#10805,#10806,#10807);
#10809=PLANE('',#10808);
#10810=ADVANCED_FACE('',(#10804),#10809,.T.);
#10811=CLOSED_SHELL('',(#10710,#10746,#10766,#10782,#10798,#10810));
#10812=MANIFOLD_SOLID_BREP('',#10811);
#10813=STYLED_ITEM('color',(#3930),#10812);
#10814=CARTESIAN_POINT('',(544.,129.5,443.));
#10815=VERTEX_POINT('',#10814);
#10816=CARTESIAN_POINT('',(544.,139.,443.));
#10817=VERTEX_POINT('',#10816);
#10818=DIRECTION('',(0.,1.,0.));
#10819=VECTOR('',#10818,9.5);
#10820=LINE('',#10814,#10819);
#10821=EDGE_CURVE('',#10815,#10817,#10820,.T.);
#10822=ORIENTED_EDGE('',*,*,#10821,.T.);
#10823=CARTESIAN_POINT('',(556.,139.,443.));
#10824=VERTEX_POINT('',#10823);
#10825=DIRECTION('',(-1.,0.,0.));
#10826=VECTOR('',#10825,12.);
#10827=LINE('',#10823,#10826);
#10828=EDGE_CURVE('',#10824,#10817,#10827,.T.);
#10829=ORIENTED_EDGE('',*,*,#10828,.F.);
#10830=CARTESIAN_POINT('',(556.,129.5,443.));
#10831=VERTEX_POINT('',#10830);
#10832=DIRECTION('',(0.,1.,0.));
#10833=VECTOR('',#10832,9.5);
#10834=LINE('',#10830,#10833);
#10835=EDGE_CURVE('',#10831,#10824,#10834,.T.);
#10836=ORIENTED_EDGE('',*,*,#10835,.F.);
#10837=DIRECTION('',(1.,0.,0.));
#10838=VECTOR('',#10837,12.);
#10839=LINE('',#10814,#10838);
#10840=EDGE_CURVE('',#10815,#10831,#10839,.T.);
#10841=ORIENTED_EDGE('',*,*,#10840,.F.);
#10842=EDGE_LOOP('',(#10822,#10829,#10836,#10841));
#10843=FACE_OUTER_BOUND('',#10842,.T.);
#10844=CARTESIAN_POINT('',(544.,129.5,443.));
#10845=DIRECTION('',(0.,0.,-1.));
#10846=DIRECTION('',(0.,1.,0.));
#10847=AXIS2_PLACEMENT_3D('',#10844,#10845,#10846);
#10848=PLANE('',#10847);
#10849=ADVANCED_FACE('',(#10843),#10848,.T.);
#10850=CARTESIAN_POINT('',(544.,129.5,457.5));
#10851=VERTEX_POINT('',#10850);
#10852=CARTESIAN_POINT('',(556.,129.5,457.5));
#10853=VERTEX_POINT('',#10852);
#10854=DIRECTION('',(1.,0.,0.));
#10855=VECTOR('',#10854,12.);
#10856=LINE('',#10850,#10855);
#10857=EDGE_CURVE('',#10851,#10853,#10856,.T.);
#10858=ORIENTED_EDGE('',*,*,#10857,.T.);
#10859=CARTESIAN_POINT('',(556.,139.,457.5));
#10860=VERTEX_POINT('',#10859);
#10861=DIRECTION('',(0.,1.,0.));
#10862=VECTOR('',#10861,9.5);
#10863=LINE('',#10852,#10862);
#10864=EDGE_CURVE('',#10853,#10860,#10863,.T.);
#10865=ORIENTED_EDGE('',*,*,#10864,.T.);
#10866=CARTESIAN_POINT('',(544.,139.,457.5));
#10867=VERTEX_POINT('',#10866);
#10868=DIRECTION('',(-1.,0.,0.));
#10869=VECTOR('',#10868,12.);
#10870=LINE('',#10859,#10869);
#10871=EDGE_CURVE('',#10860,#10867,#10870,.T.);
#10872=ORIENTED_EDGE('',*,*,#10871,.T.);
#10873=DIRECTION('',(0.,1.,0.));
#10874=VECTOR('',#10873,9.5);
#10875=LINE('',#10850,#10874);
#10876=EDGE_CURVE('',#10851,#10867,#10875,.T.);
#10877=ORIENTED_EDGE('',*,*,#10876,.F.);
#10878=EDGE_LOOP('',(#10858,#10865,#10872,#10877));
#10879=FACE_OUTER_BOUND('',#10878,.T.);
#10880=CARTESIAN_POINT('',(544.,129.5,457.5));
#10881=DIRECTION('',(0.,0.,1.));
#10882=DIRECTION('',(1.,0.,0.));
#10883=AXIS2_PLACEMENT_3D('',#10880,#10881,#10882);
#10884=PLANE('',#10883);
#10885=ADVANCED_FACE('',(#10879),#10884,.T.);
#10886=ORIENTED_EDGE('',*,*,#10840,.T.);
#10887=DIRECTION('',(0.,0.,1.));
#10888=VECTOR('',#10887,14.5);
#10889=LINE('',#10830,#10888);
#10890=EDGE_CURVE('',#10831,#10853,#10889,.T.);
#10891=ORIENTED_EDGE('',*,*,#10890,.T.);
#10892=ORIENTED_EDGE('',*,*,#10857,.F.);
#10893=DIRECTION('',(0.,0.,1.));
#10894=VECTOR('',#10893,14.5);
#10895=LINE('',#10814,#10894);
#10896=EDGE_CURVE('',#10815,#10851,#10895,.T.);
#10897=ORIENTED_EDGE('',*,*,#10896,.F.);
#10898=EDGE_LOOP('',(#10886,#10891,#10892,#10897));
#10899=FACE_OUTER_BOUND('',#10898,.T.);
#10900=CARTESIAN_POINT('',(544.,129.5,443.));
#10901=DIRECTION('',(0.,-1.,0.));
#10902=DIRECTION('',(1.,0.,0.));
#10903=AXIS2_PLACEMENT_3D('',#10900,#10901,#10902);
#10904=PLANE('',#10903);
#10905=ADVANCED_FACE('',(#10899),#10904,.T.);
#10906=ORIENTED_EDGE('',*,*,#10835,.T.);
#10907=DIRECTION('',(0.,0.,1.));
#10908=VECTOR('',#10907,14.5);
#10909=LINE('',#10823,#10908);
#10910=EDGE_CURVE('',#10824,#10860,#10909,.T.);
#10911=ORIENTED_EDGE('',*,*,#10910,.T.);
#10912=ORIENTED_EDGE('',*,*,#10864,.F.);
#10913=ORIENTED_EDGE('',*,*,#10890,.F.);
#10914=EDGE_LOOP('',(#10906,#10911,#10912,#10913));
#10915=FACE_OUTER_BOUND('',#10914,.T.);
#10916=CARTESIAN_POINT('',(556.,129.5,443.));
#10917=DIRECTION('',(1.,0.,0.));
#10918=DIRECTION('',(0.,1.,0.));
#10919=AXIS2_PLACEMENT_3D('',#10916,#10917,#10918);
#10920=PLANE('',#10919);
#10921=ADVANCED_FACE('',(#10915),#10920,.T.);
#10922=ORIENTED_EDGE('',*,*,#10828,.T.);
#10923=DIRECTION('',(0.,0.,1.));
#10924=VECTOR('',#10923,14.5);
#10925=LINE('',#10816,#10924);
#10926=EDGE_CURVE('',#10817,#10867,#10925,.T.);
#10927=ORIENTED_EDGE('',*,*,#10926,.T.);
#10928=ORIENTED_EDGE('',*,*,#10871,.F.);
#10929=ORIENTED_EDGE('',*,*,#10910,.F.);
#10930=EDGE_LOOP('',(#10922,#10927,#10928,#10929));
#10931=FACE_OUTER_BOUND('',#10930,.T.);
#10932=CARTESIAN_POINT('',(556.,139.,443.));
#10933=DIRECTION('',(0.,1.,0.));
#10934=DIRECTION('',(-1.,0.,0.));
#10935=AXIS2_PLACEMENT_3D('',#10932,#10933,#10934);
#10936=PLANE('',#10935);
#10937=ADVANCED_FACE('',(#10931),#10936,.T.);
#10938=ORIENTED_EDGE('',*,*,#10821,.F.);
#10939=ORIENTED_EDGE('',*,*,#10896,.T.);
#10940=ORIENTED_EDGE('',*,*,#10876,.T.);
#10941=ORIENTED_EDGE('',*,*,#10926,.F.);
#10942=EDGE_LOOP('',(#10938,#10939,#10940,#10941));
#10943=FACE_OUTER_BOUND('',#10942,.T.);
#10944=CARTESIAN_POINT('',(544.,139.,443.));
#10945=DIRECTION('',(-1.,0.,0.));
#10946=DIRECTION('',(0.,-1.,0.));
#10947=AXIS2_PLACEMENT_3D('',#10944,#10945,#10946);
#10948=PLANE('',#10947);
#10949=ADVANCED_FACE('',(#10943),#10948,.T.);
#10950=CLOSED_SHELL('',(#10849,#10885,#10905,#10921,#10937,#10949));
#10951=MANIFOLD_SOLID_BREP('',#10950);
#10952=STYLED_ITEM('color',(#3930),#10951);
#10953=CARTESIAN_POINT('',(594.,129.5,443.));
#10954=VERTEX_POINT('',#10953);
#10955=CARTESIAN_POINT('',(594.,139.,443.));
#10956=VERTEX_POINT('',#10955);
#10957=DIRECTION('',(0.,1.,0.));
#10958=VECTOR('',#10957,9.5);
#10959=LINE('',#10953,#10958);
#10960=EDGE_CURVE('',#10954,#10956,#10959,.T.);
#10961=ORIENTED_EDGE('',*,*,#10960,.T.);
#10962=CARTESIAN_POINT('',(606.,139.,443.));
#10963=VERTEX_POINT('',#10962);
#10964=DIRECTION('',(-1.,0.,0.));
#10965=VECTOR('',#10964,12.);
#10966=LINE('',#10962,#10965);
#10967=EDGE_CURVE('',#10963,#10956,#10966,.T.);
#10968=ORIENTED_EDGE('',*,*,#10967,.F.);
#10969=CARTESIAN_POINT('',(606.,129.5,443.));
#10970=VERTEX_POINT('',#10969);
#10971=DIRECTION('',(0.,1.,0.));
#10972=VECTOR('',#10971,9.5);
#10973=LINE('',#10969,#10972);
#10974=EDGE_CURVE('',#10970,#10963,#10973,.T.);
#10975=ORIENTED_EDGE('',*,*,#10974,.F.);
#10976=DIRECTION('',(1.,0.,0.));
#10977=VECTOR('',#10976,12.);
#10978=LINE('',#10953,#10977);
#10979=EDGE_CURVE('',#10954,#10970,#10978,.T.);
#10980=ORIENTED_EDGE('',*,*,#10979,.F.);
#10981=EDGE_LOOP('',(#10961,#10968,#10975,#10980));
#10982=FACE_OUTER_BOUND('',#10981,.T.);
#10983=CARTESIAN_POINT('',(594.,129.5,443.));
#10984=DIRECTION('',(0.,0.,-1.));
#10985=DIRECTION('',(0.,1.,0.));
#10986=AXIS2_PLACEMENT_3D('',#10983,#10984,#10985);
#10987=PLANE('',#10986);
#10988=ADVANCED_FACE('',(#10982),#10987,.T.);
#10989=CARTESIAN_POINT('',(594.,129.5,457.5));
#10990=VERTEX_POINT('',#10989);
#10991=CARTESIAN_POINT('',(606.,129.5,457.5));
#10992=VERTEX_POINT('',#10991);
#10993=DIRECTION('',(1.,0.,0.));
#10994=VECTOR('',#10993,12.);
#10995=LINE('',#10989,#10994);
#10996=EDGE_CURVE('',#10990,#10992,#10995,.T.);
#10997=ORIENTED_EDGE('',*,*,#10996,.T.);
#10998=CARTESIAN_POINT('',(606.,139.,457.5));
#10999=VERTEX_POINT('',#10998);
#11000=DIRECTION('',(0.,1.,0.));
#11001=VECTOR('',#11000,9.5);
#11002=LINE('',#10991,#11001);
#11003=EDGE_CURVE('',#10992,#10999,#11002,.T.);
#11004=ORIENTED_EDGE('',*,*,#11003,.T.);
#11005=CARTESIAN_POINT('',(594.,139.,457.5));
#11006=VERTEX_POINT('',#11005);
#11007=DIRECTION('',(-1.,0.,0.));
#11008=VECTOR('',#11007,12.);
#11009=LINE('',#10998,#11008);
#11010=EDGE_CURVE('',#10999,#11006,#11009,.T.);
#11011=ORIENTED_EDGE('',*,*,#11010,.T.);
#11012=DIRECTION('',(0.,1.,0.));
#11013=VECTOR('',#11012,9.5);
#11014=LINE('',#10989,#11013);
#11015=EDGE_CURVE('',#10990,#11006,#11014,.T.);
#11016=ORIENTED_EDGE('',*,*,#11015,.F.);
#11017=EDGE_LOOP('',(#10997,#11004,#11011,#11016));
#11018=FACE_OUTER_BOUND('',#11017,.T.);
#11019=CARTESIAN_POINT('',(594.,129.5,457.5));
#11020=DIRECTION('',(0.,0.,1.));
#11021=DIRECTION('',(1.,0.,0.));
#11022=AXIS2_PLACEMENT_3D('',#11019,#11020,#11021);
#11023=PLANE('',#11022);
#11024=ADVANCED_FACE('',(#11018),#11023,.T.);
#11025=ORIENTED_EDGE('',*,*,#10979,.T.);
#11026=DIRECTION('',(0.,0.,1.));
#11027=VECTOR('',#11026,14.5);
#11028=LINE('',#10969,#11027);
#11029=EDGE_CURVE('',#10970,#10992,#11028,.T.);
#11030=ORIENTED_EDGE('',*,*,#11029,.T.);
#11031=ORIENTED_EDGE('',*,*,#10996,.F.);
#11032=DIRECTION('',(0.,0.,1.));
#11033=VECTOR('',#11032,14.5);
#11034=LINE('',#10953,#11033);
#11035=EDGE_CURVE('',#10954,#10990,#11034,.T.);
#11036=ORIENTED_EDGE('',*,*,#11035,.F.);
#11037=EDGE_LOOP('',(#11025,#11030,#11031,#11036));
#11038=FACE_OUTER_BOUND('',#11037,.T.);
#11039=CARTESIAN_POINT('',(594.,129.5,443.));
#11040=DIRECTION('',(0.,-1.,0.));
#11041=DIRECTION('',(1.,0.,0.));
#11042=AXIS2_PLACEMENT_3D('',#11039,#11040,#11041);
#11043=PLANE('',#11042);
#11044=ADVANCED_FACE('',(#11038),#11043,.T.);
#11045=ORIENTED_EDGE('',*,*,#10974,.T.);
#11046=DIRECTION('',(0.,0.,1.));
#11047=VECTOR('',#11046,14.5);
#11048=LINE('',#10962,#11047);
#11049=EDGE_CURVE('',#10963,#10999,#11048,.T.);
#11050=ORIENTED_EDGE('',*,*,#11049,.T.);
#11051=ORIENTED_EDGE('',*,*,#11003,.F.);
#11052=ORIENTED_EDGE('',*,*,#11029,.F.);
#11053=EDGE_LOOP('',(#11045,#11050,#11051,#11052));
#11054=FACE_OUTER_BOUND('',#11053,.T.);
#11055=CARTESIAN_POINT('',(606.,129.5,443.));
#11056=DIRECTION('',(1.,0.,0.));
#11057=DIRECTION('',(0.,1.,0.));
#11058=AXIS2_PLACEMENT_3D('',#11055,#11056,#11057);
#11059=PLANE('',#11058);
#11060=ADVANCED_FACE('',(#11054),#11059,.T.);
#11061=ORIENTED_EDGE('',*,*,#10967,.T.);
#11062=DIRECTION('',(0.,0.,1.));
#11063=VECTOR('',#11062,14.5);
#11064=LINE('',#10955,#11063);
#11065=EDGE_CURVE('',#10956,#11006,#11064,.T.);
#11066=ORIENTED_EDGE('',*,*,#11065,.T.);
#11067=ORIENTED_EDGE('',*,*,#11010,.F.);
#11068=ORIENTED_EDGE('',*,*,#11049,.F.);
#11069=EDGE_LOOP('',(#11061,#11066,#11067,#11068));
#11070=FACE_OUTER_BOUND('',#11069,.T.);
#11071=CARTESIAN_POINT('',(606.,139.,443.));
#11072=DIRECTION('',(0.,1.,0.));
#11073=DIRECTION('',(-1.,0.,0.));
#11074=AXIS2_PLACEMENT_3D('',#11071,#11072,#11073);
#11075=PLANE('',#11074);
#11076=ADVANCED_FACE('',(#11070),#11075,.T.);
#11077=ORIENTED_EDGE('',*,*,#10960,.F.);
#11078=ORIENTED_EDGE('',*,*,#11035,.T.);
#11079=ORIENTED_EDGE('',*,*,#11015,.T.);
#11080=ORIENTED_EDGE('',*,*,#11065,.F.);
#11081=EDGE_LOOP('',(#11077,#11078,#11079,#11080));
#11082=FACE_OUTER_BOUND('',#11081,.T.);
#11083=CARTESIAN_POINT('',(594.,139.,443.));
#11084=DIRECTION('',(-1.,0.,0.));
#11085=DIRECTION('',(0.,-1.,0.));
#11086=AXIS2_PLACEMENT_3D('',#11083,#11084,#11085);
#11087=PLANE('',#11086);
#11088=ADVANCED_FACE('',(#11082),#11087,.T.);
#11089=CLOSED_SHELL('',(#10988,#11024,#11044,#11060,#11076,#11088));
#11090=MANIFOLD_SOLID_BREP('',#11089);
#11091=STYLED_ITEM('color',(#3930),#11090);
#11092=CARTESIAN_POINT('',(561.,-140.,431.));
#11093=VERTEX_POINT('',#11092);
#11094=CARTESIAN_POINT('',(561.,-129.5,431.));
#11095=VERTEX_POINT('',#11094);
#11096=DIRECTION('',(0.,1.,0.));
#11097=VECTOR('',#11096,10.5);
#11098=LINE('',#11092,#11097);
#11099=EDGE_CURVE('',#11093,#11095,#11098,.T.);
#11100=ORIENTED_EDGE('',*,*,#11099,.T.);
#11101=CARTESIAN_POINT('',(589.,-129.5,431.));
#11102=VERTEX_POINT('',#11101);
#11103=DIRECTION('',(-1.,0.,0.));
#11104=VECTOR('',#11103,28.);
#11105=LINE('',#11101,#11104);
#11106=EDGE_CURVE('',#11102,#11095,#11105,.T.);
#11107=ORIENTED_EDGE('',*,*,#11106,.F.);
#11108=CARTESIAN_POINT('',(589.,-140.,431.));
#11109=VERTEX_POINT('',#11108);
#11110=DIRECTION('',(0.,1.,0.));
#11111=VECTOR('',#11110,10.5);
#11112=LINE('',#11108,#11111);
#11113=EDGE_CURVE('',#11109,#11102,#11112,.T.);
#11114=ORIENTED_EDGE('',*,*,#11113,.F.);
#11115=DIRECTION('',(1.,0.,0.));
#11116=VECTOR('',#11115,28.);
#11117=LINE('',#11092,#11116);
#11118=EDGE_CURVE('',#11093,#11109,#11117,.T.);
#11119=ORIENTED_EDGE('',*,*,#11118,.F.);
#11120=EDGE_LOOP('',(#11100,#11107,#11114,#11119));
#11121=FACE_OUTER_BOUND('',#11120,.T.);
#11122=CARTESIAN_POINT('',(561.,-140.,431.));
#11123=DIRECTION('',(0.,0.,-1.));
#11124=DIRECTION('',(0.,1.,0.));
#11125=AXIS2_PLACEMENT_3D('',#11122,#11123,#11124);
#11126=PLANE('',#11125);
#11127=ADVANCED_FACE('',(#11121),#11126,.T.);
#11128=CARTESIAN_POINT('',(561.,-140.,459.));
#11129=VERTEX_POINT('',#11128);
#11130=CARTESIAN_POINT('',(589.,-140.,459.));
#11131=VERTEX_POINT('',#11130);
#11132=DIRECTION('',(1.,0.,0.));
#11133=VECTOR('',#11132,28.);
#11134=LINE('',#11128,#11133);
#11135=EDGE_CURVE('',#11129,#11131,#11134,.T.);
#11136=ORIENTED_EDGE('',*,*,#11135,.T.);
#11137=CARTESIAN_POINT('',(589.,-129.5,459.));
#11138=VERTEX_POINT('',#11137);
#11139=DIRECTION('',(0.,1.,0.));
#11140=VECTOR('',#11139,10.5);
#11141=LINE('',#11130,#11140);
#11142=EDGE_CURVE('',#11131,#11138,#11141,.T.);
#11143=ORIENTED_EDGE('',*,*,#11142,.T.);
#11144=CARTESIAN_POINT('',(561.,-129.5,459.));
#11145=VERTEX_POINT('',#11144);
#11146=DIRECTION('',(-1.,0.,0.));
#11147=VECTOR('',#11146,28.);
#11148=LINE('',#11137,#11147);
#11149=EDGE_CURVE('',#11138,#11145,#11148,.T.);
#11150=ORIENTED_EDGE('',*,*,#11149,.T.);
#11151=DIRECTION('',(0.,1.,0.));
#11152=VECTOR('',#11151,10.5);
#11153=LINE('',#11128,#11152);
#11154=EDGE_CURVE('',#11129,#11145,#11153,.T.);
#11155=ORIENTED_EDGE('',*,*,#11154,.F.);
#11156=EDGE_LOOP('',(#11136,#11143,#11150,#11155));
#11157=FACE_OUTER_BOUND('',#11156,.T.);
#11158=CARTESIAN_POINT('',(561.,-140.,459.));
#11159=DIRECTION('',(0.,0.,1.));
#11160=DIRECTION('',(1.,0.,0.));
#11161=AXIS2_PLACEMENT_3D('',#11158,#11159,#11160);
#11162=PLANE('',#11161);
#11163=ADVANCED_FACE('',(#11157),#11162,.T.);
#11164=ORIENTED_EDGE('',*,*,#11118,.T.);
#11165=DIRECTION('',(0.,0.,1.));
#11166=VECTOR('',#11165,28.);
#11167=LINE('',#11108,#11166);
#11168=EDGE_CURVE('',#11109,#11131,#11167,.T.);
#11169=ORIENTED_EDGE('',*,*,#11168,.T.);
#11170=ORIENTED_EDGE('',*,*,#11135,.F.);
#11171=DIRECTION('',(0.,0.,1.));
#11172=VECTOR('',#11171,28.);
#11173=LINE('',#11092,#11172);
#11174=EDGE_CURVE('',#11093,#11129,#11173,.T.);
#11175=ORIENTED_EDGE('',*,*,#11174,.F.);
#11176=EDGE_LOOP('',(#11164,#11169,#11170,#11175));
#11177=FACE_OUTER_BOUND('',#11176,.T.);
#11178=CARTESIAN_POINT('',(561.,-140.,431.));
#11179=DIRECTION('',(0.,-1.,0.));
#11180=DIRECTION('',(1.,0.,0.));
#11181=AXIS2_PLACEMENT_3D('',#11178,#11179,#11180);
#11182=PLANE('',#11181);
#11183=ADVANCED_FACE('',(#11177),#11182,.T.);
#11184=ORIENTED_EDGE('',*,*,#11113,.T.);
#11185=DIRECTION('',(0.,0.,1.));
#11186=VECTOR('',#11185,28.);
#11187=LINE('',#11101,#11186);
#11188=EDGE_CURVE('',#11102,#11138,#11187,.T.);
#11189=ORIENTED_EDGE('',*,*,#11188,.T.);
#11190=ORIENTED_EDGE('',*,*,#11142,.F.);
#11191=ORIENTED_EDGE('',*,*,#11168,.F.);
#11192=EDGE_LOOP('',(#11184,#11189,#11190,#11191));
#11193=FACE_OUTER_BOUND('',#11192,.T.);
#11194=CARTESIAN_POINT('',(589.,-140.,431.));
#11195=DIRECTION('',(1.,0.,0.));
#11196=DIRECTION('',(0.,1.,0.));
#11197=AXIS2_PLACEMENT_3D('',#11194,#11195,#11196);
#11198=PLANE('',#11197);
#11199=ADVANCED_FACE('',(#11193),#11198,.T.);
#11200=ORIENTED_EDGE('',*,*,#11106,.T.);
#11201=DIRECTION('',(0.,0.,1.));
#11202=VECTOR('',#11201,28.);
#11203=LINE('',#11094,#11202);
#11204=EDGE_CURVE('',#11095,#11145,#11203,.T.);
#11205=ORIENTED_EDGE('',*,*,#11204,.T.);
#11206=ORIENTED_EDGE('',*,*,#11149,.F.);
#11207=ORIENTED_EDGE('',*,*,#11188,.F.);
#11208=EDGE_LOOP('',(#11200,#11205,#11206,#11207));
#11209=FACE_OUTER_BOUND('',#11208,.T.);
#11210=CARTESIAN_POINT('',(589.,-129.5,431.));
#11211=DIRECTION('',(0.,1.,0.));
#11212=DIRECTION('',(-1.,0.,0.));
#11213=AXIS2_PLACEMENT_3D('',#11210,#11211,#11212);
#11214=PLANE('',#11213);
#11215=ADVANCED_FACE('',(#11209),#11214,.T.);
#11216=ORIENTED_EDGE('',*,*,#11099,.F.);
#11217=ORIENTED_EDGE('',*,*,#11174,.T.);
#11218=ORIENTED_EDGE('',*,*,#11154,.T.);
#11219=ORIENTED_EDGE('',*,*,#11204,.F.);
#11220=EDGE_LOOP('',(#11216,#11217,#11218,#11219));
#11221=FACE_OUTER_BOUND('',#11220,.T.);
#11222=CARTESIAN_POINT('',(561.,-129.5,431.));
#11223=DIRECTION('',(-1.,0.,0.));
#11224=DIRECTION('',(0.,-1.,0.));
#11225=AXIS2_PLACEMENT_3D('',#11222,#11223,#11224);
#11226=PLANE('',#11225);
#11227=ADVANCED_FACE('',(#11221),#11226,.T.);
#11228=CLOSED_SHELL('',(#11127,#11163,#11183,#11199,#11215,#11227));
#11229=MANIFOLD_SOLID_BREP('',#11228);
#11230=STYLED_ITEM('color',(#3930),#11229);
#11231=ADVANCED_BREP_SHAPE_REPRESENTATION('',(#17,#3923,#4129,#4748,#4947,#5566,#5765,#6384,#6583,#7202,#7401,#8020,#8219,#8838,#9037,#9656,#10395,#10534,#10673,#10812,#10951,#11090,#11229),#9);
#11232=SHAPE_DEFINITION_REPRESENTATION(#13,#11231);
#11233=MECHANICAL_DESIGN_GEOMETRIC_PRESENTATION_REPRESENTATION('',(#3931,#4130,#4749,#4948,#5567,#5766,#6385,#6584,#7203,#7402,#8021,#8220,#8839,#9038,#9657,#10396,#10535,#10674,#10813,#10952,#11091,#11230),#9);
#11234=PRODUCT_RELATED_PRODUCT_CATEGORY('part',$,(#10));
ENDSEC;
END-ISO-10303-21;
