ISO-10303-21;
HEADER;
FILE_DESCRIPTION(('AquaSentinel R3 - planar B-rep export'),'2;1');
FILE_NAME('Sample bottle 250 mL HDPE (lab-supplied)','2026-10-04T21:49:43',('AquaSentinel team'),('Sanjivani University'),'AquaSentinel R3 python build','AquaSentinel R3','');
FILE_SCHEMA(('AUTOMOTIVE_DESIGN { 1 0 10303 214 1 1 1 1 }'));
ENDSEC;
DATA;
#1=APPLICATION_CONTEXT('core data for automotive mechanical design processes');
#2=APPLICATION_PROTOCOL_DEFINITION('international standard','automotive_design',2000,#1);
#3=PRODUCT_CONTEXT('',#1,'mechanical');
#4=PRODUCT_DEFINITION_CONTEXT('part definition',#1,'design');
#5=(LENGTH_UNIT()NAMED_UNIT(*)SI_UNIT(.MILLI.,.METRE.));
#6=(NAMED_UNIT(*)PLANE_ANGLE_UNIT()SI_UNIT($,.RADIAN.));
#7=(NAMED_UNIT(*)SI_UNIT($,.STERADIAN.)SOLID_ANGLE_UNIT());
#8=UNCERTAINTY_MEASURE_WITH_UNIT(LENGTH_MEASURE(1.E-04),#5,'distance_accuracy_value','confusion accuracy');
#9=(GEOMETRIC_REPRESENTATION_CONTEXT(3)GLOBAL_UNCERTAINTY_ASSIGNED_CONTEXT((#8))GLOBAL_UNIT_ASSIGNED_CONTEXT((#5,#6,#7))REPRESENTATION_CONTEXT('Context','3D Context with UNIT and UNCERTAINTY'));
#10=PRODUCT('AS3-604','Sample bottle 250 mL HDPE (lab-supplied)','',(#3));
#11=PRODUCT_DEFINITION_FORMATION('','',#10);
#12=PRODUCT_DEFINITION('design','',#11,#4);
#13=PRODUCT_DEFINITION_SHAPE('','',#12);
#14=CARTESIAN_POINT('',(0.,0.,0.));
#15=DIRECTION('',(0.,0.,1.));
#16=DIRECTION('',(1.,0.,0.));
#17=AXIS2_PLACEMENT_3D('',#14,#15,#16);
#18=CARTESIAN_POINT('',(29.,0.,0.));
#19=VERTEX_POINT('',#18);
#20=CARTESIAN_POINT('',(28.55942,5.0358,0.));
#21=VERTEX_POINT('',#20);
#22=DIRECTION('',(-0.08716,0.99619,0.));
#23=VECTOR('',#22,5.05503);
#24=LINE('',#18,#23);
#25=EDGE_CURVE('',#19,#21,#24,.T.);
#26=ORIENTED_EDGE('',*,*,#25,.T.);
#27=CARTESIAN_POINT('',(30.52904,5.38309,3.));
#28=VERTEX_POINT('',#27);
#29=DIRECTION('',(0.54627,0.09632,0.83205));
#30=VECTOR('',#29,3.60555);
#31=LINE('',#20,#30);
#32=EDGE_CURVE('',#21,#28,#31,.T.);
#33=ORIENTED_EDGE('',*,*,#32,.T.);
#34=CARTESIAN_POINT('',(31.,0.,3.));
#35=VERTEX_POINT('',#34);
#36=DIRECTION('',(-0.08716,0.99619,0.));
#37=VECTOR('',#36,5.40366);
#38=LINE('',#34,#37);
#39=EDGE_CURVE('',#35,#28,#38,.T.);
#40=ORIENTED_EDGE('',*,*,#39,.F.);
#41=DIRECTION('',(0.5547,0.,0.83205));
#42=VECTOR('',#41,3.60555);
#43=LINE('',#18,#42);
#44=EDGE_CURVE('',#19,#35,#43,.T.);
#45=ORIENTED_EDGE('',*,*,#44,.F.);
#46=EDGE_LOOP('',(#26,#33,#40,#45));
#47=FACE_OUTER_BOUND('',#46,.T.);
#48=CARTESIAN_POINT('',(29.,0.,0.));
#49=DIRECTION('',(0.82985,0.0726,-0.55324));
#50=DIRECTION('',(-0.08716,0.99619,0.));
#51=AXIS2_PLACEMENT_3D('',#48,#49,#50);
#52=PLANE('',#51);
#53=ADVANCED_FACE('',(#47),#52,.T.);
#54=CARTESIAN_POINT('',(27.25109,9.91858,0.));
#55=VERTEX_POINT('',#54);
#56=DIRECTION('',(-0.25882,0.96593,0.));
#57=VECTOR('',#56,5.05503);
#58=LINE('',#20,#57);
#59=EDGE_CURVE('',#21,#55,#58,.T.);
#60=ORIENTED_EDGE('',*,*,#59,.T.);
#61=CARTESIAN_POINT('',(29.13047,10.60262,3.));
#62=VERTEX_POINT('',#61);
#63=DIRECTION('',(0.52125,0.18972,0.83205));
#64=VECTOR('',#63,3.60555);
#65=LINE('',#54,#64);
#66=EDGE_CURVE('',#55,#62,#65,.T.);
#67=ORIENTED_EDGE('',*,*,#66,.T.);
#68=DIRECTION('',(-0.25882,0.96593,0.));
#69=VECTOR('',#68,5.40366);
#70=LINE('',#27,#69);
#71=EDGE_CURVE('',#28,#62,#70,.T.);
#72=ORIENTED_EDGE('',*,*,#71,.F.);
#73=ORIENTED_EDGE('',*,*,#32,.F.);
#74=EDGE_LOOP('',(#60,#67,#72,#73));
#75=FACE_OUTER_BOUND('',#74,.T.);
#76=CARTESIAN_POINT('',(28.55942,5.0358,0.));
#77=DIRECTION('',(0.80464,0.2156,-0.55324));
#78=DIRECTION('',(-0.25882,0.96593,0.));
#79=AXIS2_PLACEMENT_3D('',#76,#77,#78);
#80=PLANE('',#79);
#81=ADVANCED_FACE('',(#75),#80,.T.);
#82=CARTESIAN_POINT('',(25.11474,14.5,0.));
#83=VERTEX_POINT('',#82);
#84=DIRECTION('',(-0.42262,0.90631,0.));
#85=VECTOR('',#84,5.05503);
#86=LINE('',#54,#85);
#87=EDGE_CURVE('',#55,#83,#86,.T.);
#88=ORIENTED_EDGE('',*,*,#87,.T.);
#89=CARTESIAN_POINT('',(26.84679,15.5,3.));
#90=VERTEX_POINT('',#89);
#91=DIRECTION('',(0.48038,0.27735,0.83205));
#92=VECTOR('',#91,3.60555);
#93=LINE('',#82,#92);
#94=EDGE_CURVE('',#83,#90,#93,.T.);
#95=ORIENTED_EDGE('',*,*,#94,.T.);
#96=DIRECTION('',(-0.42262,0.90631,0.));
#97=VECTOR('',#96,5.40366);
#98=LINE('',#61,#97);
#99=EDGE_CURVE('',#62,#90,#98,.T.);
#100=ORIENTED_EDGE('',*,*,#99,.F.);
#101=ORIENTED_EDGE('',*,*,#66,.F.);
#102=EDGE_LOOP('',(#88,#95,#100,#101));
#103=FACE_OUTER_BOUND('',#102,.T.);
#104=CARTESIAN_POINT('',(27.25109,9.91858,0.));
#105=DIRECTION('',(0.75498,0.35205,-0.55324));
#106=DIRECTION('',(-0.42262,0.90631,0.));
#107=AXIS2_PLACEMENT_3D('',#104,#105,#106);
#108=PLANE('',#107);
#109=ADVANCED_FACE('',(#103),#108,.T.);
#110=CARTESIAN_POINT('',(22.21529,18.64084,0.));
#111=VERTEX_POINT('',#110);
#112=DIRECTION('',(-0.57358,0.81915,0.));
#113=VECTOR('',#112,5.05503);
#114=LINE('',#82,#113);
#115=EDGE_CURVE('',#83,#111,#114,.T.);
#116=ORIENTED_EDGE('',*,*,#115,.T.);
#117=CARTESIAN_POINT('',(23.74738,19.92642,3.));
#118=VERTEX_POINT('',#117);
#119=DIRECTION('',(0.42493,0.35655,0.83205));
#120=VECTOR('',#119,3.60555);
#121=LINE('',#110,#120);
#122=EDGE_CURVE('',#111,#118,#121,.T.);
#123=ORIENTED_EDGE('',*,*,#122,.T.);
#124=DIRECTION('',(-0.57358,0.81915,0.));
#125=VECTOR('',#124,5.40366);
#126=LINE('',#89,#125);
#127=EDGE_CURVE('',#90,#118,#126,.T.);
#128=ORIENTED_EDGE('',*,*,#127,.F.);
#129=ORIENTED_EDGE('',*,*,#94,.F.);
#130=EDGE_LOOP('',(#116,#123,#128,#129));
#131=FACE_OUTER_BOUND('',#130,.T.);
#132=CARTESIAN_POINT('',(25.11474,14.5,0.));
#133=DIRECTION('',(0.68237,0.4778,-0.55324));
#134=DIRECTION('',(-0.57358,0.81915,0.));
#135=AXIS2_PLACEMENT_3D('',#132,#133,#134);
#136=PLANE('',#135);
#137=ADVANCED_FACE('',(#131),#136,.T.);
#138=CARTESIAN_POINT('',(18.64084,22.21529,0.));
#139=VERTEX_POINT('',#138);
#140=DIRECTION('',(-0.70711,0.70711,0.));
#141=VECTOR('',#140,5.05503);
#142=LINE('',#110,#141);
#143=EDGE_CURVE('',#111,#139,#142,.T.);
#144=ORIENTED_EDGE('',*,*,#143,.T.);
#145=CARTESIAN_POINT('',(19.92642,23.74738,3.));
#146=VERTEX_POINT('',#145);
#147=DIRECTION('',(0.35655,0.42493,0.83205));
#148=VECTOR('',#147,3.60555);
#149=LINE('',#138,#148);
#150=EDGE_CURVE('',#139,#146,#149,.T.);
#151=ORIENTED_EDGE('',*,*,#150,.T.);
#152=DIRECTION('',(-0.70711,0.70711,0.));
#153=VECTOR('',#152,5.40366);
#154=LINE('',#117,#153);
#155=EDGE_CURVE('',#118,#146,#154,.T.);
#156=ORIENTED_EDGE('',*,*,#155,.F.);
#157=ORIENTED_EDGE('',*,*,#122,.F.);
#158=EDGE_LOOP('',(#144,#151,#156,#157));
#159=FACE_OUTER_BOUND('',#158,.T.);
#160=CARTESIAN_POINT('',(22.21529,18.64084,0.));
#161=DIRECTION('',(0.58904,0.58904,-0.55324));
#162=DIRECTION('',(-0.70711,0.70711,0.));
#163=AXIS2_PLACEMENT_3D('',#160,#161,#162);
#164=PLANE('',#163);
#165=ADVANCED_FACE('',(#159),#164,.T.);
#166=CARTESIAN_POINT('',(14.5,25.11474,0.));
#167=VERTEX_POINT('',#166);
#168=DIRECTION('',(-0.81915,0.57358,0.));
#169=VECTOR('',#168,5.05503);
#170=LINE('',#138,#169);
#171=EDGE_CURVE('',#139,#167,#170,.T.);
#172=ORIENTED_EDGE('',*,*,#171,.T.);
#173=CARTESIAN_POINT('',(15.5,26.84679,3.));
#174=VERTEX_POINT('',#173);
#175=DIRECTION('',(0.27735,0.48038,0.83205));
#176=VECTOR('',#175,3.60555);
#177=LINE('',#166,#176);
#178=EDGE_CURVE('',#167,#174,#177,.T.);
#179=ORIENTED_EDGE('',*,*,#178,.T.);
#180=DIRECTION('',(-0.81915,0.57358,0.));
#181=VECTOR('',#180,5.40366);
#182=LINE('',#145,#181);
#183=EDGE_CURVE('',#146,#174,#182,.T.);
#184=ORIENTED_EDGE('',*,*,#183,.F.);
#185=ORIENTED_EDGE('',*,*,#150,.F.);
#186=EDGE_LOOP('',(#172,#179,#184,#185));
#187=FACE_OUTER_BOUND('',#186,.T.);
#188=CARTESIAN_POINT('',(18.64084,22.21529,0.));
#189=DIRECTION('',(0.4778,0.68237,-0.55324));
#190=DIRECTION('',(-0.81915,0.57358,0.));
#191=AXIS2_PLACEMENT_3D('',#188,#189,#190);
#192=PLANE('',#191);
#193=ADVANCED_FACE('',(#187),#192,.T.);
#194=CARTESIAN_POINT('',(9.91858,27.25109,0.));
#195=VERTEX_POINT('',#194);
#196=DIRECTION('',(-0.90631,0.42262,0.));
#197=VECTOR('',#196,5.05503);
#198=LINE('',#166,#197);
#199=EDGE_CURVE('',#167,#195,#198,.T.);
#200=ORIENTED_EDGE('',*,*,#199,.T.);
#201=CARTESIAN_POINT('',(10.60262,29.13047,3.));
#202=VERTEX_POINT('',#201);
#203=DIRECTION('',(0.18972,0.52125,0.83205));
#204=VECTOR('',#203,3.60555);
#205=LINE('',#194,#204);
#206=EDGE_CURVE('',#195,#202,#205,.T.);
#207=ORIENTED_EDGE('',*,*,#206,.T.);
#208=DIRECTION('',(-0.90631,0.42262,0.));
#209=VECTOR('',#208,5.40366);
#210=LINE('',#173,#209);
#211=EDGE_CURVE('',#174,#202,#210,.T.);
#212=ORIENTED_EDGE('',*,*,#211,.F.);
#213=ORIENTED_EDGE('',*,*,#178,.F.);
#214=EDGE_LOOP('',(#200,#207,#212,#213));
#215=FACE_OUTER_BOUND('',#214,.T.);
#216=CARTESIAN_POINT('',(14.5,25.11474,0.));
#217=DIRECTION('',(0.35205,0.75498,-0.55324));
#218=DIRECTION('',(-0.90631,0.42262,0.));
#219=AXIS2_PLACEMENT_3D('',#216,#217,#218);
#220=PLANE('',#219);
#221=ADVANCED_FACE('',(#215),#220,.T.);
#222=CARTESIAN_POINT('',(5.0358,28.55942,0.));
#223=VERTEX_POINT('',#222);
#224=DIRECTION('',(-0.96593,0.25882,0.));
#225=VECTOR('',#224,5.05503);
#226=LINE('',#194,#225);
#227=EDGE_CURVE('',#195,#223,#226,.T.);
#228=ORIENTED_EDGE('',*,*,#227,.T.);
#229=CARTESIAN_POINT('',(5.38309,30.52904,3.));
#230=VERTEX_POINT('',#229);
#231=DIRECTION('',(0.09632,0.54627,0.83205));
#232=VECTOR('',#231,3.60555);
#233=LINE('',#222,#232);
#234=EDGE_CURVE('',#223,#230,#233,.T.);
#235=ORIENTED_EDGE('',*,*,#234,.T.);
#236=DIRECTION('',(-0.96593,0.25882,0.));
#237=VECTOR('',#236,5.40366);
#238=LINE('',#201,#237);
#239=EDGE_CURVE('',#202,#230,#238,.T.);
#240=ORIENTED_EDGE('',*,*,#239,.F.);
#241=ORIENTED_EDGE('',*,*,#206,.F.);
#242=EDGE_LOOP('',(#228,#235,#240,#241));
#243=FACE_OUTER_BOUND('',#242,.T.);
#244=CARTESIAN_POINT('',(9.91858,27.25109,0.));
#245=DIRECTION('',(0.2156,0.80464,-0.55324));
#246=DIRECTION('',(-0.96593,0.25882,0.));
#247=AXIS2_PLACEMENT_3D('',#244,#245,#246);
#248=PLANE('',#247);
#249=ADVANCED_FACE('',(#243),#248,.T.);
#250=CARTESIAN_POINT('',(0.,29.,0.));
#251=VERTEX_POINT('',#250);
#252=DIRECTION('',(-0.99619,0.08716,0.));
#253=VECTOR('',#252,5.05503);
#254=LINE('',#222,#253);
#255=EDGE_CURVE('',#223,#251,#254,.T.);
#256=ORIENTED_EDGE('',*,*,#255,.T.);
#257=CARTESIAN_POINT('',(0.,31.,3.));
#258=VERTEX_POINT('',#257);
#259=DIRECTION('',(0.,0.5547,0.83205));
#260=VECTOR('',#259,3.60555);
#261=LINE('',#250,#260);
#262=EDGE_CURVE('',#251,#258,#261,.T.);
#263=ORIENTED_EDGE('',*,*,#262,.T.);
#264=DIRECTION('',(-0.99619,0.08716,0.));
#265=VECTOR('',#264,5.40366);
#266=LINE('',#229,#265);
#267=EDGE_CURVE('',#230,#258,#266,.T.);
#268=ORIENTED_EDGE('',*,*,#267,.F.);
#269=ORIENTED_EDGE('',*,*,#234,.F.);
#270=EDGE_LOOP('',(#256,#263,#268,#269));
#271=FACE_OUTER_BOUND('',#270,.T.);
#272=CARTESIAN_POINT('',(5.0358,28.55942,0.));
#273=DIRECTION('',(0.0726,0.82985,-0.55324));
#274=DIRECTION('',(-0.99619,0.08716,0.));
#275=AXIS2_PLACEMENT_3D('',#272,#273,#274);
#276=PLANE('',#275);
#277=ADVANCED_FACE('',(#271),#276,.T.);
#278=CARTESIAN_POINT('',(-5.0358,28.55942,0.));
#279=VERTEX_POINT('',#278);
#280=DIRECTION('',(-0.99619,-0.08716,0.));
#281=VECTOR('',#280,5.05503);
#282=LINE('',#250,#281);
#283=EDGE_CURVE('',#251,#279,#282,.T.);
#284=ORIENTED_EDGE('',*,*,#283,.T.);
#285=CARTESIAN_POINT('',(-5.38309,30.52904,3.));
#286=VERTEX_POINT('',#285);
#287=DIRECTION('',(-0.09632,0.54627,0.83205));
#288=VECTOR('',#287,3.60555);
#289=LINE('',#278,#288);
#290=EDGE_CURVE('',#279,#286,#289,.T.);
#291=ORIENTED_EDGE('',*,*,#290,.T.);
#292=DIRECTION('',(-0.99619,-0.08716,0.));
#293=VECTOR('',#292,5.40366);
#294=LINE('',#257,#293);
#295=EDGE_CURVE('',#258,#286,#294,.T.);
#296=ORIENTED_EDGE('',*,*,#295,.F.);
#297=ORIENTED_EDGE('',*,*,#262,.F.);
#298=EDGE_LOOP('',(#284,#291,#296,#297));
#299=FACE_OUTER_BOUND('',#298,.T.);
#300=CARTESIAN_POINT('',(0.,29.,0.));
#301=DIRECTION('',(-0.0726,0.82985,-0.55324));
#302=DIRECTION('',(-0.99619,-0.08716,0.));
#303=AXIS2_PLACEMENT_3D('',#300,#301,#302);
#304=PLANE('',#303);
#305=ADVANCED_FACE('',(#299),#304,.T.);
#306=CARTESIAN_POINT('',(-9.91858,27.25109,0.));
#307=VERTEX_POINT('',#306);
#308=DIRECTION('',(-0.96593,-0.25882,0.));
#309=VECTOR('',#308,5.05503);
#310=LINE('',#278,#309);
#311=EDGE_CURVE('',#279,#307,#310,.T.);
#312=ORIENTED_EDGE('',*,*,#311,.T.);
#313=CARTESIAN_POINT('',(-10.60262,29.13047,3.));
#314=VERTEX_POINT('',#313);
#315=DIRECTION('',(-0.18972,0.52125,0.83205));
#316=VECTOR('',#315,3.60555);
#317=LINE('',#306,#316);
#318=EDGE_CURVE('',#307,#314,#317,.T.);
#319=ORIENTED_EDGE('',*,*,#318,.T.);
#320=DIRECTION('',(-0.96593,-0.25882,0.));
#321=VECTOR('',#320,5.40366);
#322=LINE('',#285,#321);
#323=EDGE_CURVE('',#286,#314,#322,.T.);
#324=ORIENTED_EDGE('',*,*,#323,.F.);
#325=ORIENTED_EDGE('',*,*,#290,.F.);
#326=EDGE_LOOP('',(#312,#319,#324,#325));
#327=FACE_OUTER_BOUND('',#326,.T.);
#328=CARTESIAN_POINT('',(-5.0358,28.55942,0.));
#329=DIRECTION('',(-0.2156,0.80464,-0.55324));
#330=DIRECTION('',(-0.96593,-0.25882,0.));
#331=AXIS2_PLACEMENT_3D('',#328,#329,#330);
#332=PLANE('',#331);
#333=ADVANCED_FACE('',(#327),#332,.T.);
#334=CARTESIAN_POINT('',(-14.5,25.11474,0.));
#335=VERTEX_POINT('',#334);
#336=DIRECTION('',(-0.90631,-0.42262,0.));
#337=VECTOR('',#336,5.05503);
#338=LINE('',#306,#337);
#339=EDGE_CURVE('',#307,#335,#338,.T.);
#340=ORIENTED_EDGE('',*,*,#339,.T.);
#341=CARTESIAN_POINT('',(-15.5,26.84679,3.));
#342=VERTEX_POINT('',#341);
#343=DIRECTION('',(-0.27735,0.48038,0.83205));
#344=VECTOR('',#343,3.60555);
#345=LINE('',#334,#344);
#346=EDGE_CURVE('',#335,#342,#345,.T.);
#347=ORIENTED_EDGE('',*,*,#346,.T.);
#348=DIRECTION('',(-0.90631,-0.42262,0.));
#349=VECTOR('',#348,5.40366);
#350=LINE('',#313,#349);
#351=EDGE_CURVE('',#314,#342,#350,.T.);
#352=ORIENTED_EDGE('',*,*,#351,.F.);
#353=ORIENTED_EDGE('',*,*,#318,.F.);
#354=EDGE_LOOP('',(#340,#347,#352,#353));
#355=FACE_OUTER_BOUND('',#354,.T.);
#356=CARTESIAN_POINT('',(-9.91858,27.25109,0.));
#357=DIRECTION('',(-0.35205,0.75498,-0.55324));
#358=DIRECTION('',(-0.90631,-0.42262,0.));
#359=AXIS2_PLACEMENT_3D('',#356,#357,#358);
#360=PLANE('',#359);
#361=ADVANCED_FACE('',(#355),#360,.T.);
#362=CARTESIAN_POINT('',(-18.64084,22.21529,0.));
#363=VERTEX_POINT('',#362);
#364=DIRECTION('',(-0.81915,-0.57358,0.));
#365=VECTOR('',#364,5.05503);
#366=LINE('',#334,#365);
#367=EDGE_CURVE('',#335,#363,#366,.T.);
#368=ORIENTED_EDGE('',*,*,#367,.T.);
#369=CARTESIAN_POINT('',(-19.92642,23.74738,3.));
#370=VERTEX_POINT('',#369);
#371=DIRECTION('',(-0.35655,0.42493,0.83205));
#372=VECTOR('',#371,3.60555);
#373=LINE('',#362,#372);
#374=EDGE_CURVE('',#363,#370,#373,.T.);
#375=ORIENTED_EDGE('',*,*,#374,.T.);
#376=DIRECTION('',(-0.81915,-0.57358,0.));
#377=VECTOR('',#376,5.40366);
#378=LINE('',#341,#377);
#379=EDGE_CURVE('',#342,#370,#378,.T.);
#380=ORIENTED_EDGE('',*,*,#379,.F.);
#381=ORIENTED_EDGE('',*,*,#346,.F.);
#382=EDGE_LOOP('',(#368,#375,#380,#381));
#383=FACE_OUTER_BOUND('',#382,.T.);
#384=CARTESIAN_POINT('',(-14.5,25.11474,0.));
#385=DIRECTION('',(-0.4778,0.68237,-0.55324));
#386=DIRECTION('',(-0.81915,-0.57358,0.));
#387=AXIS2_PLACEMENT_3D('',#384,#385,#386);
#388=PLANE('',#387);
#389=ADVANCED_FACE('',(#383),#388,.T.);
#390=CARTESIAN_POINT('',(-22.21529,18.64084,0.));
#391=VERTEX_POINT('',#390);
#392=DIRECTION('',(-0.70711,-0.70711,0.));
#393=VECTOR('',#392,5.05503);
#394=LINE('',#362,#393);
#395=EDGE_CURVE('',#363,#391,#394,.T.);
#396=ORIENTED_EDGE('',*,*,#395,.T.);
#397=CARTESIAN_POINT('',(-23.74738,19.92642,3.));
#398=VERTEX_POINT('',#397);
#399=DIRECTION('',(-0.42493,0.35655,0.83205));
#400=VECTOR('',#399,3.60555);
#401=LINE('',#390,#400);
#402=EDGE_CURVE('',#391,#398,#401,.T.);
#403=ORIENTED_EDGE('',*,*,#402,.T.);
#404=DIRECTION('',(-0.70711,-0.70711,0.));
#405=VECTOR('',#404,5.40366);
#406=LINE('',#369,#405);
#407=EDGE_CURVE('',#370,#398,#406,.T.);
#408=ORIENTED_EDGE('',*,*,#407,.F.);
#409=ORIENTED_EDGE('',*,*,#374,.F.);
#410=EDGE_LOOP('',(#396,#403,#408,#409));
#411=FACE_OUTER_BOUND('',#410,.T.);
#412=CARTESIAN_POINT('',(-18.64084,22.21529,0.));
#413=DIRECTION('',(-0.58904,0.58904,-0.55324));
#414=DIRECTION('',(-0.70711,-0.70711,0.));
#415=AXIS2_PLACEMENT_3D('',#412,#413,#414);
#416=PLANE('',#415);
#417=ADVANCED_FACE('',(#411),#416,.T.);
#418=CARTESIAN_POINT('',(-25.11474,14.5,0.));
#419=VERTEX_POINT('',#418);
#420=DIRECTION('',(-0.57358,-0.81915,0.));
#421=VECTOR('',#420,5.05503);
#422=LINE('',#390,#421);
#423=EDGE_CURVE('',#391,#419,#422,.T.);
#424=ORIENTED_EDGE('',*,*,#423,.T.);
#425=CARTESIAN_POINT('',(-26.84679,15.5,3.));
#426=VERTEX_POINT('',#425);
#427=DIRECTION('',(-0.48038,0.27735,0.83205));
#428=VECTOR('',#427,3.60555);
#429=LINE('',#418,#428);
#430=EDGE_CURVE('',#419,#426,#429,.T.);
#431=ORIENTED_EDGE('',*,*,#430,.T.);
#432=DIRECTION('',(-0.57358,-0.81915,0.));
#433=VECTOR('',#432,5.40366);
#434=LINE('',#397,#433);
#435=EDGE_CURVE('',#398,#426,#434,.T.);
#436=ORIENTED_EDGE('',*,*,#435,.F.);
#437=ORIENTED_EDGE('',*,*,#402,.F.);
#438=EDGE_LOOP('',(#424,#431,#436,#437));
#439=FACE_OUTER_BOUND('',#438,.T.);
#440=CARTESIAN_POINT('',(-22.21529,18.64084,0.));
#441=DIRECTION('',(-0.68237,0.4778,-0.55324));
#442=DIRECTION('',(-0.57358,-0.81915,0.));
#443=AXIS2_PLACEMENT_3D('',#440,#441,#442);
#444=PLANE('',#443);
#445=ADVANCED_FACE('',(#439),#444,.T.);
#446=CARTESIAN_POINT('',(-27.25109,9.91858,0.));
#447=VERTEX_POINT('',#446);
#448=DIRECTION('',(-0.42262,-0.90631,0.));
#449=VECTOR('',#448,5.05503);
#450=LINE('',#418,#449);
#451=EDGE_CURVE('',#419,#447,#450,.T.);
#452=ORIENTED_EDGE('',*,*,#451,.T.);
#453=CARTESIAN_POINT('',(-29.13047,10.60262,3.));
#454=VERTEX_POINT('',#453);
#455=DIRECTION('',(-0.52125,0.18972,0.83205));
#456=VECTOR('',#455,3.60555);
#457=LINE('',#446,#456);
#458=EDGE_CURVE('',#447,#454,#457,.T.);
#459=ORIENTED_EDGE('',*,*,#458,.T.);
#460=DIRECTION('',(-0.42262,-0.90631,0.));
#461=VECTOR('',#460,5.40366);
#462=LINE('',#425,#461);
#463=EDGE_CURVE('',#426,#454,#462,.T.);
#464=ORIENTED_EDGE('',*,*,#463,.F.);
#465=ORIENTED_EDGE('',*,*,#430,.F.);
#466=EDGE_LOOP('',(#452,#459,#464,#465));
#467=FACE_OUTER_BOUND('',#466,.T.);
#468=CARTESIAN_POINT('',(-25.11474,14.5,0.));
#469=DIRECTION('',(-0.75498,0.35205,-0.55324));
#470=DIRECTION('',(-0.42262,-0.90631,0.));
#471=AXIS2_PLACEMENT_3D('',#468,#469,#470);
#472=PLANE('',#471);
#473=ADVANCED_FACE('',(#467),#472,.T.);
#474=CARTESIAN_POINT('',(-28.55942,5.0358,0.));
#475=VERTEX_POINT('',#474);
#476=DIRECTION('',(-0.25882,-0.96593,0.));
#477=VECTOR('',#476,5.05503);
#478=LINE('',#446,#477);
#479=EDGE_CURVE('',#447,#475,#478,.T.);
#480=ORIENTED_EDGE('',*,*,#479,.T.);
#481=CARTESIAN_POINT('',(-30.52904,5.38309,3.));
#482=VERTEX_POINT('',#481);
#483=DIRECTION('',(-0.54627,0.09632,0.83205));
#484=VECTOR('',#483,3.60555);
#485=LINE('',#474,#484);
#486=EDGE_CURVE('',#475,#482,#485,.T.);
#487=ORIENTED_EDGE('',*,*,#486,.T.);
#488=DIRECTION('',(-0.25882,-0.96593,0.));
#489=VECTOR('',#488,5.40366);
#490=LINE('',#453,#489);
#491=EDGE_CURVE('',#454,#482,#490,.T.);
#492=ORIENTED_EDGE('',*,*,#491,.F.);
#493=ORIENTED_EDGE('',*,*,#458,.F.);
#494=EDGE_LOOP('',(#480,#487,#492,#493));
#495=FACE_OUTER_BOUND('',#494,.T.);
#496=CARTESIAN_POINT('',(-27.25109,9.91858,0.));
#497=DIRECTION('',(-0.80464,0.2156,-0.55324));
#498=DIRECTION('',(-0.25882,-0.96593,0.));
#499=AXIS2_PLACEMENT_3D('',#496,#497,#498);
#500=PLANE('',#499);
#501=ADVANCED_FACE('',(#495),#500,.T.);
#502=CARTESIAN_POINT('',(-29.,0.,0.));
#503=VERTEX_POINT('',#502);
#504=DIRECTION('',(-0.08716,-0.99619,0.));
#505=VECTOR('',#504,5.05503);
#506=LINE('',#474,#505);
#507=EDGE_CURVE('',#475,#503,#506,.T.);
#508=ORIENTED_EDGE('',*,*,#507,.T.);
#509=CARTESIAN_POINT('',(-31.,0.,3.));
#510=VERTEX_POINT('',#509);
#511=DIRECTION('',(-0.5547,0.,0.83205));
#512=VECTOR('',#511,3.60555);
#513=LINE('',#502,#512);
#514=EDGE_CURVE('',#503,#510,#513,.T.);
#515=ORIENTED_EDGE('',*,*,#514,.T.);
#516=DIRECTION('',(-0.08716,-0.99619,0.));
#517=VECTOR('',#516,5.40366);
#518=LINE('',#481,#517);
#519=EDGE_CURVE('',#482,#510,#518,.T.);
#520=ORIENTED_EDGE('',*,*,#519,.F.);
#521=ORIENTED_EDGE('',*,*,#486,.F.);
#522=EDGE_LOOP('',(#508,#515,#520,#521));
#523=FACE_OUTER_BOUND('',#522,.T.);
#524=CARTESIAN_POINT('',(-28.55942,5.0358,0.));
#525=DIRECTION('',(-0.82985,0.0726,-0.55324));
#526=DIRECTION('',(-0.08716,-0.99619,0.));
#527=AXIS2_PLACEMENT_3D('',#524,#525,#526);
#528=PLANE('',#527);
#529=ADVANCED_FACE('',(#523),#528,.T.);
#530=CARTESIAN_POINT('',(-28.55942,-5.0358,0.));
#531=VERTEX_POINT('',#530);
#532=DIRECTION('',(0.08716,-0.99619,0.));
#533=VECTOR('',#532,5.05503);
#534=LINE('',#502,#533);
#535=EDGE_CURVE('',#503,#531,#534,.T.);
#536=ORIENTED_EDGE('',*,*,#535,.T.);
#537=CARTESIAN_POINT('',(-30.52904,-5.38309,3.));
#538=VERTEX_POINT('',#537);
#539=DIRECTION('',(-0.54627,-0.09632,0.83205));
#540=VECTOR('',#539,3.60555);
#541=LINE('',#530,#540);
#542=EDGE_CURVE('',#531,#538,#541,.T.);
#543=ORIENTED_EDGE('',*,*,#542,.T.);
#544=DIRECTION('',(0.08716,-0.99619,0.));
#545=VECTOR('',#544,5.40366);
#546=LINE('',#509,#545);
#547=EDGE_CURVE('',#510,#538,#546,.T.);
#548=ORIENTED_EDGE('',*,*,#547,.F.);
#549=ORIENTED_EDGE('',*,*,#514,.F.);
#550=EDGE_LOOP('',(#536,#543,#548,#549));
#551=FACE_OUTER_BOUND('',#550,.T.);
#552=CARTESIAN_POINT('',(-29.,0.,0.));
#553=DIRECTION('',(-0.82985,-0.0726,-0.55324));
#554=DIRECTION('',(0.08716,-0.99619,0.));
#555=AXIS2_PLACEMENT_3D('',#552,#553,#554);
#556=PLANE('',#555);
#557=ADVANCED_FACE('',(#551),#556,.T.);
#558=CARTESIAN_POINT('',(-27.25109,-9.91858,0.));
#559=VERTEX_POINT('',#558);
#560=DIRECTION('',(0.25882,-0.96593,0.));
#561=VECTOR('',#560,5.05503);
#562=LINE('',#530,#561);
#563=EDGE_CURVE('',#531,#559,#562,.T.);
#564=ORIENTED_EDGE('',*,*,#563,.T.);
#565=CARTESIAN_POINT('',(-29.13047,-10.60262,3.));
#566=VERTEX_POINT('',#565);
#567=DIRECTION('',(-0.52125,-0.18972,0.83205));
#568=VECTOR('',#567,3.60555);
#569=LINE('',#558,#568);
#570=EDGE_CURVE('',#559,#566,#569,.T.);
#571=ORIENTED_EDGE('',*,*,#570,.T.);
#572=DIRECTION('',(0.25882,-0.96593,0.));
#573=VECTOR('',#572,5.40366);
#574=LINE('',#537,#573);
#575=EDGE_CURVE('',#538,#566,#574,.T.);
#576=ORIENTED_EDGE('',*,*,#575,.F.);
#577=ORIENTED_EDGE('',*,*,#542,.F.);
#578=EDGE_LOOP('',(#564,#571,#576,#577));
#579=FACE_OUTER_BOUND('',#578,.T.);
#580=CARTESIAN_POINT('',(-28.55942,-5.0358,0.));
#581=DIRECTION('',(-0.80464,-0.2156,-0.55324));
#582=DIRECTION('',(0.25882,-0.96593,0.));
#583=AXIS2_PLACEMENT_3D('',#580,#581,#582);
#584=PLANE('',#583);
#585=ADVANCED_FACE('',(#579),#584,.T.);
#586=CARTESIAN_POINT('',(-25.11474,-14.5,0.));
#587=VERTEX_POINT('',#586);
#588=DIRECTION('',(0.42262,-0.90631,0.));
#589=VECTOR('',#588,5.05503);
#590=LINE('',#558,#589);
#591=EDGE_CURVE('',#559,#587,#590,.T.);
#592=ORIENTED_EDGE('',*,*,#591,.T.);
#593=CARTESIAN_POINT('',(-26.84679,-15.5,3.));
#594=VERTEX_POINT('',#593);
#595=DIRECTION('',(-0.48038,-0.27735,0.83205));
#596=VECTOR('',#595,3.60555);
#597=LINE('',#586,#596);
#598=EDGE_CURVE('',#587,#594,#597,.T.);
#599=ORIENTED_EDGE('',*,*,#598,.T.);
#600=DIRECTION('',(0.42262,-0.90631,0.));
#601=VECTOR('',#600,5.40366);
#602=LINE('',#565,#601);
#603=EDGE_CURVE('',#566,#594,#602,.T.);
#604=ORIENTED_EDGE('',*,*,#603,.F.);
#605=ORIENTED_EDGE('',*,*,#570,.F.);
#606=EDGE_LOOP('',(#592,#599,#604,#605));
#607=FACE_OUTER_BOUND('',#606,.T.);
#608=CARTESIAN_POINT('',(-27.25109,-9.91858,0.));
#609=DIRECTION('',(-0.75498,-0.35205,-0.55324));
#610=DIRECTION('',(0.42262,-0.90631,0.));
#611=AXIS2_PLACEMENT_3D('',#608,#609,#610);
#612=PLANE('',#611);
#613=ADVANCED_FACE('',(#607),#612,.T.);
#614=CARTESIAN_POINT('',(-22.21529,-18.64084,0.));
#615=VERTEX_POINT('',#614);
#616=DIRECTION('',(0.57358,-0.81915,0.));
#617=VECTOR('',#616,5.05503);
#618=LINE('',#586,#617);
#619=EDGE_CURVE('',#587,#615,#618,.T.);
#620=ORIENTED_EDGE('',*,*,#619,.T.);
#621=CARTESIAN_POINT('',(-23.74738,-19.92642,3.));
#622=VERTEX_POINT('',#621);
#623=DIRECTION('',(-0.42493,-0.35655,0.83205));
#624=VECTOR('',#623,3.60555);
#625=LINE('',#614,#624);
#626=EDGE_CURVE('',#615,#622,#625,.T.);
#627=ORIENTED_EDGE('',*,*,#626,.T.);
#628=DIRECTION('',(0.57358,-0.81915,0.));
#629=VECTOR('',#628,5.40366);
#630=LINE('',#593,#629);
#631=EDGE_CURVE('',#594,#622,#630,.T.);
#632=ORIENTED_EDGE('',*,*,#631,.F.);
#633=ORIENTED_EDGE('',*,*,#598,.F.);
#634=EDGE_LOOP('',(#620,#627,#632,#633));
#635=FACE_OUTER_BOUND('',#634,.T.);
#636=CARTESIAN_POINT('',(-25.11474,-14.5,0.));
#637=DIRECTION('',(-0.68237,-0.4778,-0.55324));
#638=DIRECTION('',(0.57358,-0.81915,0.));
#639=AXIS2_PLACEMENT_3D('',#636,#637,#638);
#640=PLANE('',#639);
#641=ADVANCED_FACE('',(#635),#640,.T.);
#642=CARTESIAN_POINT('',(-18.64084,-22.21529,0.));
#643=VERTEX_POINT('',#642);
#644=DIRECTION('',(0.70711,-0.70711,0.));
#645=VECTOR('',#644,5.05503);
#646=LINE('',#614,#645);
#647=EDGE_CURVE('',#615,#643,#646,.T.);
#648=ORIENTED_EDGE('',*,*,#647,.T.);
#649=CARTESIAN_POINT('',(-19.92642,-23.74738,3.));
#650=VERTEX_POINT('',#649);
#651=DIRECTION('',(-0.35655,-0.42493,0.83205));
#652=VECTOR('',#651,3.60555);
#653=LINE('',#642,#652);
#654=EDGE_CURVE('',#643,#650,#653,.T.);
#655=ORIENTED_EDGE('',*,*,#654,.T.);
#656=DIRECTION('',(0.70711,-0.70711,0.));
#657=VECTOR('',#656,5.40366);
#658=LINE('',#621,#657);
#659=EDGE_CURVE('',#622,#650,#658,.T.);
#660=ORIENTED_EDGE('',*,*,#659,.F.);
#661=ORIENTED_EDGE('',*,*,#626,.F.);
#662=EDGE_LOOP('',(#648,#655,#660,#661));
#663=FACE_OUTER_BOUND('',#662,.T.);
#664=CARTESIAN_POINT('',(-22.21529,-18.64084,0.));
#665=DIRECTION('',(-0.58904,-0.58904,-0.55324));
#666=DIRECTION('',(0.70711,-0.70711,0.));
#667=AXIS2_PLACEMENT_3D('',#664,#665,#666);
#668=PLANE('',#667);
#669=ADVANCED_FACE('',(#663),#668,.T.);
#670=CARTESIAN_POINT('',(-14.5,-25.11474,0.));
#671=VERTEX_POINT('',#670);
#672=DIRECTION('',(0.81915,-0.57358,0.));
#673=VECTOR('',#672,5.05503);
#674=LINE('',#642,#673);
#675=EDGE_CURVE('',#643,#671,#674,.T.);
#676=ORIENTED_EDGE('',*,*,#675,.T.);
#677=CARTESIAN_POINT('',(-15.5,-26.84679,3.));
#678=VERTEX_POINT('',#677);
#679=DIRECTION('',(-0.27735,-0.48038,0.83205));
#680=VECTOR('',#679,3.60555);
#681=LINE('',#670,#680);
#682=EDGE_CURVE('',#671,#678,#681,.T.);
#683=ORIENTED_EDGE('',*,*,#682,.T.);
#684=DIRECTION('',(0.81915,-0.57358,0.));
#685=VECTOR('',#684,5.40366);
#686=LINE('',#649,#685);
#687=EDGE_CURVE('',#650,#678,#686,.T.);
#688=ORIENTED_EDGE('',*,*,#687,.F.);
#689=ORIENTED_EDGE('',*,*,#654,.F.);
#690=EDGE_LOOP('',(#676,#683,#688,#689));
#691=FACE_OUTER_BOUND('',#690,.T.);
#692=CARTESIAN_POINT('',(-18.64084,-22.21529,0.));
#693=DIRECTION('',(-0.4778,-0.68237,-0.55324));
#694=DIRECTION('',(0.81915,-0.57358,0.));
#695=AXIS2_PLACEMENT_3D('',#692,#693,#694);
#696=PLANE('',#695);
#697=ADVANCED_FACE('',(#691),#696,.T.);
#698=CARTESIAN_POINT('',(-9.91858,-27.25109,0.));
#699=VERTEX_POINT('',#698);
#700=DIRECTION('',(0.90631,-0.42262,0.));
#701=VECTOR('',#700,5.05503);
#702=LINE('',#670,#701);
#703=EDGE_CURVE('',#671,#699,#702,.T.);
#704=ORIENTED_EDGE('',*,*,#703,.T.);
#705=CARTESIAN_POINT('',(-10.60262,-29.13047,3.));
#706=VERTEX_POINT('',#705);
#707=DIRECTION('',(-0.18972,-0.52125,0.83205));
#708=VECTOR('',#707,3.60555);
#709=LINE('',#698,#708);
#710=EDGE_CURVE('',#699,#706,#709,.T.);
#711=ORIENTED_EDGE('',*,*,#710,.T.);
#712=DIRECTION('',(0.90631,-0.42262,0.));
#713=VECTOR('',#712,5.40366);
#714=LINE('',#677,#713);
#715=EDGE_CURVE('',#678,#706,#714,.T.);
#716=ORIENTED_EDGE('',*,*,#715,.F.);
#717=ORIENTED_EDGE('',*,*,#682,.F.);
#718=EDGE_LOOP('',(#704,#711,#716,#717));
#719=FACE_OUTER_BOUND('',#718,.T.);
#720=CARTESIAN_POINT('',(-14.5,-25.11474,0.));
#721=DIRECTION('',(-0.35205,-0.75498,-0.55324));
#722=DIRECTION('',(0.90631,-0.42262,0.));
#723=AXIS2_PLACEMENT_3D('',#720,#721,#722);
#724=PLANE('',#723);
#725=ADVANCED_FACE('',(#719),#724,.T.);
#726=CARTESIAN_POINT('',(-5.0358,-28.55942,0.));
#727=VERTEX_POINT('',#726);
#728=DIRECTION('',(0.96593,-0.25882,0.));
#729=VECTOR('',#728,5.05503);
#730=LINE('',#698,#729);
#731=EDGE_CURVE('',#699,#727,#730,.T.);
#732=ORIENTED_EDGE('',*,*,#731,.T.);
#733=CARTESIAN_POINT('',(-5.38309,-30.52904,3.));
#734=VERTEX_POINT('',#733);
#735=DIRECTION('',(-0.09632,-0.54627,0.83205));
#736=VECTOR('',#735,3.60555);
#737=LINE('',#726,#736);
#738=EDGE_CURVE('',#727,#734,#737,.T.);
#739=ORIENTED_EDGE('',*,*,#738,.T.);
#740=DIRECTION('',(0.96593,-0.25882,0.));
#741=VECTOR('',#740,5.40366);
#742=LINE('',#705,#741);
#743=EDGE_CURVE('',#706,#734,#742,.T.);
#744=ORIENTED_EDGE('',*,*,#743,.F.);
#745=ORIENTED_EDGE('',*,*,#710,.F.);
#746=EDGE_LOOP('',(#732,#739,#744,#745));
#747=FACE_OUTER_BOUND('',#746,.T.);
#748=CARTESIAN_POINT('',(-9.91858,-27.25109,0.));
#749=DIRECTION('',(-0.2156,-0.80464,-0.55324));
#750=DIRECTION('',(0.96593,-0.25882,0.));
#751=AXIS2_PLACEMENT_3D('',#748,#749,#750);
#752=PLANE('',#751);
#753=ADVANCED_FACE('',(#747),#752,.T.);
#754=CARTESIAN_POINT('',(0.,-29.,0.));
#755=VERTEX_POINT('',#754);
#756=DIRECTION('',(0.99619,-0.08716,0.));
#757=VECTOR('',#756,5.05503);
#758=LINE('',#726,#757);
#759=EDGE_CURVE('',#727,#755,#758,.T.);
#760=ORIENTED_EDGE('',*,*,#759,.T.);
#761=CARTESIAN_POINT('',(0.,-31.,3.));
#762=VERTEX_POINT('',#761);
#763=DIRECTION('',(0.,-0.5547,0.83205));
#764=VECTOR('',#763,3.60555);
#765=LINE('',#754,#764);
#766=EDGE_CURVE('',#755,#762,#765,.T.);
#767=ORIENTED_EDGE('',*,*,#766,.T.);
#768=DIRECTION('',(0.99619,-0.08716,0.));
#769=VECTOR('',#768,5.40366);
#770=LINE('',#733,#769);
#771=EDGE_CURVE('',#734,#762,#770,.T.);
#772=ORIENTED_EDGE('',*,*,#771,.F.);
#773=ORIENTED_EDGE('',*,*,#738,.F.);
#774=EDGE_LOOP('',(#760,#767,#772,#773));
#775=FACE_OUTER_BOUND('',#774,.T.);
#776=CARTESIAN_POINT('',(-5.0358,-28.55942,0.));
#777=DIRECTION('',(-0.0726,-0.82985,-0.55324));
#778=DIRECTION('',(0.99619,-0.08716,0.));
#779=AXIS2_PLACEMENT_3D('',#776,#777,#778);
#780=PLANE('',#779);
#781=ADVANCED_FACE('',(#775),#780,.T.);
#782=CARTESIAN_POINT('',(5.0358,-28.55942,0.));
#783=VERTEX_POINT('',#782);
#784=DIRECTION('',(0.99619,0.08716,0.));
#785=VECTOR('',#784,5.05503);
#786=LINE('',#754,#785);
#787=EDGE_CURVE('',#755,#783,#786,.T.);
#788=ORIENTED_EDGE('',*,*,#787,.T.);
#789=CARTESIAN_POINT('',(5.38309,-30.52904,3.));
#790=VERTEX_POINT('',#789);
#791=DIRECTION('',(0.09632,-0.54627,0.83205));
#792=VECTOR('',#791,3.60555);
#793=LINE('',#782,#792);
#794=EDGE_CURVE('',#783,#790,#793,.T.);
#795=ORIENTED_EDGE('',*,*,#794,.T.);
#796=DIRECTION('',(0.99619,0.08716,0.));
#797=VECTOR('',#796,5.40366);
#798=LINE('',#761,#797);
#799=EDGE_CURVE('',#762,#790,#798,.T.);
#800=ORIENTED_EDGE('',*,*,#799,.F.);
#801=ORIENTED_EDGE('',*,*,#766,.F.);
#802=EDGE_LOOP('',(#788,#795,#800,#801));
#803=FACE_OUTER_BOUND('',#802,.T.);
#804=CARTESIAN_POINT('',(0.,-29.,0.));
#805=DIRECTION('',(0.0726,-0.82985,-0.55324));
#806=DIRECTION('',(0.99619,0.08716,0.));
#807=AXIS2_PLACEMENT_3D('',#804,#805,#806);
#808=PLANE('',#807);
#809=ADVANCED_FACE('',(#803),#808,.T.);
#810=CARTESIAN_POINT('',(9.91858,-27.25109,0.));
#811=VERTEX_POINT('',#810);
#812=DIRECTION('',(0.96593,0.25882,0.));
#813=VECTOR('',#812,5.05503);
#814=LINE('',#782,#813);
#815=EDGE_CURVE('',#783,#811,#814,.T.);
#816=ORIENTED_EDGE('',*,*,#815,.T.);
#817=CARTESIAN_POINT('',(10.60262,-29.13047,3.));
#818=VERTEX_POINT('',#817);
#819=DIRECTION('',(0.18972,-0.52125,0.83205));
#820=VECTOR('',#819,3.60555);
#821=LINE('',#810,#820);
#822=EDGE_CURVE('',#811,#818,#821,.T.);
#823=ORIENTED_EDGE('',*,*,#822,.T.);
#824=DIRECTION('',(0.96593,0.25882,0.));
#825=VECTOR('',#824,5.40366);
#826=LINE('',#789,#825);
#827=EDGE_CURVE('',#790,#818,#826,.T.);
#828=ORIENTED_EDGE('',*,*,#827,.F.);
#829=ORIENTED_EDGE('',*,*,#794,.F.);
#830=EDGE_LOOP('',(#816,#823,#828,#829));
#831=FACE_OUTER_BOUND('',#830,.T.);
#832=CARTESIAN_POINT('',(5.0358,-28.55942,0.));
#833=DIRECTION('',(0.2156,-0.80464,-0.55324));
#834=DIRECTION('',(0.96593,0.25882,0.));
#835=AXIS2_PLACEMENT_3D('',#832,#833,#834);
#836=PLANE('',#835);
#837=ADVANCED_FACE('',(#831),#836,.T.);
#838=CARTESIAN_POINT('',(14.5,-25.11474,0.));
#839=VERTEX_POINT('',#838);
#840=DIRECTION('',(0.90631,0.42262,0.));
#841=VECTOR('',#840,5.05503);
#842=LINE('',#810,#841);
#843=EDGE_CURVE('',#811,#839,#842,.T.);
#844=ORIENTED_EDGE('',*,*,#843,.T.);
#845=CARTESIAN_POINT('',(15.5,-26.84679,3.));
#846=VERTEX_POINT('',#845);
#847=DIRECTION('',(0.27735,-0.48038,0.83205));
#848=VECTOR('',#847,3.60555);
#849=LINE('',#838,#848);
#850=EDGE_CURVE('',#839,#846,#849,.T.);
#851=ORIENTED_EDGE('',*,*,#850,.T.);
#852=DIRECTION('',(0.90631,0.42262,0.));
#853=VECTOR('',#852,5.40366);
#854=LINE('',#817,#853);
#855=EDGE_CURVE('',#818,#846,#854,.T.);
#856=ORIENTED_EDGE('',*,*,#855,.F.);
#857=ORIENTED_EDGE('',*,*,#822,.F.);
#858=EDGE_LOOP('',(#844,#851,#856,#857));
#859=FACE_OUTER_BOUND('',#858,.T.);
#860=CARTESIAN_POINT('',(9.91858,-27.25109,0.));
#861=DIRECTION('',(0.35205,-0.75498,-0.55324));
#862=DIRECTION('',(0.90631,0.42262,0.));
#863=AXIS2_PLACEMENT_3D('',#860,#861,#862);
#864=PLANE('',#863);
#865=ADVANCED_FACE('',(#859),#864,.T.);
#866=CARTESIAN_POINT('',(18.64084,-22.21529,0.));
#867=VERTEX_POINT('',#866);
#868=DIRECTION('',(0.81915,0.57358,0.));
#869=VECTOR('',#868,5.05503);
#870=LINE('',#838,#869);
#871=EDGE_CURVE('',#839,#867,#870,.T.);
#872=ORIENTED_EDGE('',*,*,#871,.T.);
#873=CARTESIAN_POINT('',(19.92642,-23.74738,3.));
#874=VERTEX_POINT('',#873);
#875=DIRECTION('',(0.35655,-0.42493,0.83205));
#876=VECTOR('',#875,3.60555);
#877=LINE('',#866,#876);
#878=EDGE_CURVE('',#867,#874,#877,.T.);
#879=ORIENTED_EDGE('',*,*,#878,.T.);
#880=DIRECTION('',(0.81915,0.57358,0.));
#881=VECTOR('',#880,5.40366);
#882=LINE('',#845,#881);
#883=EDGE_CURVE('',#846,#874,#882,.T.);
#884=ORIENTED_EDGE('',*,*,#883,.F.);
#885=ORIENTED_EDGE('',*,*,#850,.F.);
#886=EDGE_LOOP('',(#872,#879,#884,#885));
#887=FACE_OUTER_BOUND('',#886,.T.);
#888=CARTESIAN_POINT('',(14.5,-25.11474,0.));
#889=DIRECTION('',(0.4778,-0.68237,-0.55324));
#890=DIRECTION('',(0.81915,0.57358,0.));
#891=AXIS2_PLACEMENT_3D('',#888,#889,#890);
#892=PLANE('',#891);
#893=ADVANCED_FACE('',(#887),#892,.T.);
#894=CARTESIAN_POINT('',(22.21529,-18.64084,0.));
#895=VERTEX_POINT('',#894);
#896=DIRECTION('',(0.70711,0.70711,0.));
#897=VECTOR('',#896,5.05503);
#898=LINE('',#866,#897);
#899=EDGE_CURVE('',#867,#895,#898,.T.);
#900=ORIENTED_EDGE('',*,*,#899,.T.);
#901=CARTESIAN_POINT('',(23.74738,-19.92642,3.));
#902=VERTEX_POINT('',#901);
#903=DIRECTION('',(0.42493,-0.35655,0.83205));
#904=VECTOR('',#903,3.60555);
#905=LINE('',#894,#904);
#906=EDGE_CURVE('',#895,#902,#905,.T.);
#907=ORIENTED_EDGE('',*,*,#906,.T.);
#908=DIRECTION('',(0.70711,0.70711,0.));
#909=VECTOR('',#908,5.40366);
#910=LINE('',#873,#909);
#911=EDGE_CURVE('',#874,#902,#910,.T.);
#912=ORIENTED_EDGE('',*,*,#911,.F.);
#913=ORIENTED_EDGE('',*,*,#878,.F.);
#914=EDGE_LOOP('',(#900,#907,#912,#913));
#915=FACE_OUTER_BOUND('',#914,.T.);
#916=CARTESIAN_POINT('',(18.64084,-22.21529,0.));
#917=DIRECTION('',(0.58904,-0.58904,-0.55324));
#918=DIRECTION('',(0.70711,0.70711,0.));
#919=AXIS2_PLACEMENT_3D('',#916,#917,#918);
#920=PLANE('',#919);
#921=ADVANCED_FACE('',(#915),#920,.T.);
#922=CARTESIAN_POINT('',(25.11474,-14.5,0.));
#923=VERTEX_POINT('',#922);
#924=DIRECTION('',(0.57358,0.81915,0.));
#925=VECTOR('',#924,5.05503);
#926=LINE('',#894,#925);
#927=EDGE_CURVE('',#895,#923,#926,.T.);
#928=ORIENTED_EDGE('',*,*,#927,.T.);
#929=CARTESIAN_POINT('',(26.84679,-15.5,3.));
#930=VERTEX_POINT('',#929);
#931=DIRECTION('',(0.48038,-0.27735,0.83205));
#932=VECTOR('',#931,3.60555);
#933=LINE('',#922,#932);
#934=EDGE_CURVE('',#923,#930,#933,.T.);
#935=ORIENTED_EDGE('',*,*,#934,.T.);
#936=DIRECTION('',(0.57358,0.81915,0.));
#937=VECTOR('',#936,5.40366);
#938=LINE('',#901,#937);
#939=EDGE_CURVE('',#902,#930,#938,.T.);
#940=ORIENTED_EDGE('',*,*,#939,.F.);
#941=ORIENTED_EDGE('',*,*,#906,.F.);
#942=EDGE_LOOP('',(#928,#935,#940,#941));
#943=FACE_OUTER_BOUND('',#942,.T.);
#944=CARTESIAN_POINT('',(22.21529,-18.64084,0.));
#945=DIRECTION('',(0.68237,-0.4778,-0.55324));
#946=DIRECTION('',(0.57358,0.81915,0.));
#947=AXIS2_PLACEMENT_3D('',#944,#945,#946);
#948=PLANE('',#947);
#949=ADVANCED_FACE('',(#943),#948,.T.);
#950=CARTESIAN_POINT('',(27.25109,-9.91858,0.));
#951=VERTEX_POINT('',#950);
#952=DIRECTION('',(0.42262,0.90631,0.));
#953=VECTOR('',#952,5.05503);
#954=LINE('',#922,#953);
#955=EDGE_CURVE('',#923,#951,#954,.T.);
#956=ORIENTED_EDGE('',*,*,#955,.T.);
#957=CARTESIAN_POINT('',(29.13047,-10.60262,3.));
#958=VERTEX_POINT('',#957);
#959=DIRECTION('',(0.52125,-0.18972,0.83205));
#960=VECTOR('',#959,3.60555);
#961=LINE('',#950,#960);
#962=EDGE_CURVE('',#951,#958,#961,.T.);
#963=ORIENTED_EDGE('',*,*,#962,.T.);
#964=DIRECTION('',(0.42262,0.90631,0.));
#965=VECTOR('',#964,5.40366);
#966=LINE('',#929,#965);
#967=EDGE_CURVE('',#930,#958,#966,.T.);
#968=ORIENTED_EDGE('',*,*,#967,.F.);
#969=ORIENTED_EDGE('',*,*,#934,.F.);
#970=EDGE_LOOP('',(#956,#963,#968,#969));
#971=FACE_OUTER_BOUND('',#970,.T.);
#972=CARTESIAN_POINT('',(25.11474,-14.5,0.));
#973=DIRECTION('',(0.75498,-0.35205,-0.55324));
#974=DIRECTION('',(0.42262,0.90631,0.));
#975=AXIS2_PLACEMENT_3D('',#972,#973,#974);
#976=PLANE('',#975);
#977=ADVANCED_FACE('',(#971),#976,.T.);
#978=CARTESIAN_POINT('',(28.55942,-5.0358,0.));
#979=VERTEX_POINT('',#978);
#980=DIRECTION('',(0.25882,0.96593,0.));
#981=VECTOR('',#980,5.05503);
#982=LINE('',#950,#981);
#983=EDGE_CURVE('',#951,#979,#982,.T.);
#984=ORIENTED_EDGE('',*,*,#983,.T.);
#985=CARTESIAN_POINT('',(30.52904,-5.38309,3.));
#986=VERTEX_POINT('',#985);
#987=DIRECTION('',(0.54627,-0.09632,0.83205));
#988=VECTOR('',#987,3.60555);
#989=LINE('',#978,#988);
#990=EDGE_CURVE('',#979,#986,#989,.T.);
#991=ORIENTED_EDGE('',*,*,#990,.T.);
#992=DIRECTION('',(0.25882,0.96593,0.));
#993=VECTOR('',#992,5.40366);
#994=LINE('',#957,#993);
#995=EDGE_CURVE('',#958,#986,#994,.T.);
#996=ORIENTED_EDGE('',*,*,#995,.F.);
#997=ORIENTED_EDGE('',*,*,#962,.F.);
#998=EDGE_LOOP('',(#984,#991,#996,#997));
#999=FACE_OUTER_BOUND('',#998,.T.);
#1000=CARTESIAN_POINT('',(27.25109,-9.91858,0.));
#1001=DIRECTION('',(0.80464,-0.2156,-0.55324));
#1002=DIRECTION('',(0.25882,0.96593,0.));
#1003=AXIS2_PLACEMENT_3D('',#1000,#1001,#1002);
#1004=PLANE('',#1003);
#1005=ADVANCED_FACE('',(#999),#1004,.T.);
#1006=DIRECTION('',(-0.08716,-0.99619,0.));
#1007=VECTOR('',#1006,5.05503);
#1008=LINE('',#18,#1007);
#1009=EDGE_CURVE('',#19,#979,#1008,.T.);
#1010=ORIENTED_EDGE('',*,*,#1009,.F.);
#1011=ORIENTED_EDGE('',*,*,#44,.T.);
#1012=DIRECTION('',(-0.08716,-0.99619,0.));
#1013=VECTOR('',#1012,5.40366);
#1014=LINE('',#34,#1013);
#1015=EDGE_CURVE('',#35,#986,#1014,.T.);
#1016=ORIENTED_EDGE('',*,*,#1015,.T.);
#1017=ORIENTED_EDGE('',*,*,#990,.F.);
#1018=EDGE_LOOP('',(#1010,#1011,#1016,#1017));
#1019=FACE_OUTER_BOUND('',#1018,.T.);
#1020=CARTESIAN_POINT('',(28.55942,-5.0358,0.));
#1021=DIRECTION('',(0.82985,-0.0726,-0.55324));
#1022=DIRECTION('',(0.08716,0.99619,0.));
#1023=AXIS2_PLACEMENT_3D('',#1020,#1021,#1022);
#1024=PLANE('',#1023);
#1025=ADVANCED_FACE('',(#1019),#1024,.T.);
#1026=ORIENTED_EDGE('',*,*,#39,.T.);
#1027=CARTESIAN_POINT('',(30.52904,5.38309,112.));
#1028=VERTEX_POINT('',#1027);
#1029=DIRECTION('',(0.,0.,1.));
#1030=VECTOR('',#1029,109.);
#1031=LINE('',#27,#1030);
#1032=EDGE_CURVE('',#28,#1028,#1031,.T.);
#1033=ORIENTED_EDGE('',*,*,#1032,.T.);
#1034=CARTESIAN_POINT('',(31.,0.,112.));
#1035=VERTEX_POINT('',#1034);
#1036=DIRECTION('',(-0.08716,0.99619,0.));
#1037=VECTOR('',#1036,5.40366);
#1038=LINE('',#1034,#1037);
#1039=EDGE_CURVE('',#1035,#1028,#1038,.T.);
#1040=ORIENTED_EDGE('',*,*,#1039,.F.);
#1041=DIRECTION('',(0.,0.,1.));
#1042=VECTOR('',#1041,109.);
#1043=LINE('',#34,#1042);
#1044=EDGE_CURVE('',#35,#1035,#1043,.T.);
#1045=ORIENTED_EDGE('',*,*,#1044,.F.);
#1046=EDGE_LOOP('',(#1026,#1033,#1040,#1045));
#1047=FACE_OUTER_BOUND('',#1046,.T.);
#1048=CARTESIAN_POINT('',(31.,0.,3.));
#1049=DIRECTION('',(0.99619,0.08716,0.));
#1050=DIRECTION('',(-0.08716,0.99619,0.));
#1051=AXIS2_PLACEMENT_3D('',#1048,#1049,#1050);
#1052=PLANE('',#1051);
#1053=ADVANCED_FACE('',(#1047),#1052,.T.);
#1054=ORIENTED_EDGE('',*,*,#71,.T.);
#1055=CARTESIAN_POINT('',(29.13047,10.60262,112.));
#1056=VERTEX_POINT('',#1055);
#1057=DIRECTION('',(0.,0.,1.));
#1058=VECTOR('',#1057,109.);
#1059=LINE('',#61,#1058);
#1060=EDGE_CURVE('',#62,#1056,#1059,.T.);
#1061=ORIENTED_EDGE('',*,*,#1060,.T.);
#1062=DIRECTION('',(-0.25882,0.96593,0.));
#1063=VECTOR('',#1062,5.40366);
#1064=LINE('',#1027,#1063);
#1065=EDGE_CURVE('',#1028,#1056,#1064,.T.);
#1066=ORIENTED_EDGE('',*,*,#1065,.F.);
#1067=ORIENTED_EDGE('',*,*,#1032,.F.);
#1068=EDGE_LOOP('',(#1054,#1061,#1066,#1067));
#1069=FACE_OUTER_BOUND('',#1068,.T.);
#1070=CARTESIAN_POINT('',(30.52904,5.38309,3.));
#1071=DIRECTION('',(0.96593,0.25882,0.));
#1072=DIRECTION('',(-0.25882,0.96593,0.));
#1073=AXIS2_PLACEMENT_3D('',#1070,#1071,#1072);
#1074=PLANE('',#1073);
#1075=ADVANCED_FACE('',(#1069),#1074,.T.);
#1076=ORIENTED_EDGE('',*,*,#99,.T.);
#1077=CARTESIAN_POINT('',(26.84679,15.5,112.));
#1078=VERTEX_POINT('',#1077);
#1079=DIRECTION('',(0.,0.,1.));
#1080=VECTOR('',#1079,109.);
#1081=LINE('',#89,#1080);
#1082=EDGE_CURVE('',#90,#1078,#1081,.T.);
#1083=ORIENTED_EDGE('',*,*,#1082,.T.);
#1084=DIRECTION('',(-0.42262,0.90631,0.));
#1085=VECTOR('',#1084,5.40366);
#1086=LINE('',#1055,#1085);
#1087=EDGE_CURVE('',#1056,#1078,#1086,.T.);
#1088=ORIENTED_EDGE('',*,*,#1087,.F.);
#1089=ORIENTED_EDGE('',*,*,#1060,.F.);
#1090=EDGE_LOOP('',(#1076,#1083,#1088,#1089));
#1091=FACE_OUTER_BOUND('',#1090,.T.);
#1092=CARTESIAN_POINT('',(29.13047,10.60262,3.));
#1093=DIRECTION('',(0.90631,0.42262,0.));
#1094=DIRECTION('',(-0.42262,0.90631,0.));
#1095=AXIS2_PLACEMENT_3D('',#1092,#1093,#1094);
#1096=PLANE('',#1095);
#1097=ADVANCED_FACE('',(#1091),#1096,.T.);
#1098=ORIENTED_EDGE('',*,*,#127,.T.);
#1099=CARTESIAN_POINT('',(23.74738,19.92642,112.));
#1100=VERTEX_POINT('',#1099);
#1101=DIRECTION('',(0.,0.,1.));
#1102=VECTOR('',#1101,109.);
#1103=LINE('',#117,#1102);
#1104=EDGE_CURVE('',#118,#1100,#1103,.T.);
#1105=ORIENTED_EDGE('',*,*,#1104,.T.);
#1106=DIRECTION('',(-0.57358,0.81915,0.));
#1107=VECTOR('',#1106,5.40366);
#1108=LINE('',#1077,#1107);
#1109=EDGE_CURVE('',#1078,#1100,#1108,.T.);
#1110=ORIENTED_EDGE('',*,*,#1109,.F.);
#1111=ORIENTED_EDGE('',*,*,#1082,.F.);
#1112=EDGE_LOOP('',(#1098,#1105,#1110,#1111));
#1113=FACE_OUTER_BOUND('',#1112,.T.);
#1114=CARTESIAN_POINT('',(26.84679,15.5,3.));
#1115=DIRECTION('',(0.81915,0.57358,0.));
#1116=DIRECTION('',(-0.57358,0.81915,0.));
#1117=AXIS2_PLACEMENT_3D('',#1114,#1115,#1116);
#1118=PLANE('',#1117);
#1119=ADVANCED_FACE('',(#1113),#1118,.T.);
#1120=ORIENTED_EDGE('',*,*,#155,.T.);
#1121=CARTESIAN_POINT('',(19.92642,23.74738,112.));
#1122=VERTEX_POINT('',#1121);
#1123=DIRECTION('',(0.,0.,1.));
#1124=VECTOR('',#1123,109.);
#1125=LINE('',#145,#1124);
#1126=EDGE_CURVE('',#146,#1122,#1125,.T.);
#1127=ORIENTED_EDGE('',*,*,#1126,.T.);
#1128=DIRECTION('',(-0.70711,0.70711,0.));
#1129=VECTOR('',#1128,5.40366);
#1130=LINE('',#1099,#1129);
#1131=EDGE_CURVE('',#1100,#1122,#1130,.T.);
#1132=ORIENTED_EDGE('',*,*,#1131,.F.);
#1133=ORIENTED_EDGE('',*,*,#1104,.F.);
#1134=EDGE_LOOP('',(#1120,#1127,#1132,#1133));
#1135=FACE_OUTER_BOUND('',#1134,.T.);
#1136=CARTESIAN_POINT('',(23.74738,19.92642,3.));
#1137=DIRECTION('',(0.70711,0.70711,0.));
#1138=DIRECTION('',(-0.70711,0.70711,0.));
#1139=AXIS2_PLACEMENT_3D('',#1136,#1137,#1138);
#1140=PLANE('',#1139);
#1141=ADVANCED_FACE('',(#1135),#1140,.T.);
#1142=ORIENTED_EDGE('',*,*,#183,.T.);
#1143=CARTESIAN_POINT('',(15.5,26.84679,112.));
#1144=VERTEX_POINT('',#1143);
#1145=DIRECTION('',(0.,0.,1.));
#1146=VECTOR('',#1145,109.);
#1147=LINE('',#173,#1146);
#1148=EDGE_CURVE('',#174,#1144,#1147,.T.);
#1149=ORIENTED_EDGE('',*,*,#1148,.T.);
#1150=DIRECTION('',(-0.81915,0.57358,0.));
#1151=VECTOR('',#1150,5.40366);
#1152=LINE('',#1121,#1151);
#1153=EDGE_CURVE('',#1122,#1144,#1152,.T.);
#1154=ORIENTED_EDGE('',*,*,#1153,.F.);
#1155=ORIENTED_EDGE('',*,*,#1126,.F.);
#1156=EDGE_LOOP('',(#1142,#1149,#1154,#1155));
#1157=FACE_OUTER_BOUND('',#1156,.T.);
#1158=CARTESIAN_POINT('',(19.92642,23.74738,3.));
#1159=DIRECTION('',(0.57358,0.81915,0.));
#1160=DIRECTION('',(-0.81915,0.57358,0.));
#1161=AXIS2_PLACEMENT_3D('',#1158,#1159,#1160);
#1162=PLANE('',#1161);
#1163=ADVANCED_FACE('',(#1157),#1162,.T.);
#1164=ORIENTED_EDGE('',*,*,#211,.T.);
#1165=CARTESIAN_POINT('',(10.60262,29.13047,112.));
#1166=VERTEX_POINT('',#1165);
#1167=DIRECTION('',(0.,0.,1.));
#1168=VECTOR('',#1167,109.);
#1169=LINE('',#201,#1168);
#1170=EDGE_CURVE('',#202,#1166,#1169,.T.);
#1171=ORIENTED_EDGE('',*,*,#1170,.T.);
#1172=DIRECTION('',(-0.90631,0.42262,0.));
#1173=VECTOR('',#1172,5.40366);
#1174=LINE('',#1143,#1173);
#1175=EDGE_CURVE('',#1144,#1166,#1174,.T.);
#1176=ORIENTED_EDGE('',*,*,#1175,.F.);
#1177=ORIENTED_EDGE('',*,*,#1148,.F.);
#1178=EDGE_LOOP('',(#1164,#1171,#1176,#1177));
#1179=FACE_OUTER_BOUND('',#1178,.T.);
#1180=CARTESIAN_POINT('',(15.5,26.84679,3.));
#1181=DIRECTION('',(0.42262,0.90631,0.));
#1182=DIRECTION('',(-0.90631,0.42262,0.));
#1183=AXIS2_PLACEMENT_3D('',#1180,#1181,#1182);
#1184=PLANE('',#1183);
#1185=ADVANCED_FACE('',(#1179),#1184,.T.);
#1186=ORIENTED_EDGE('',*,*,#239,.T.);
#1187=CARTESIAN_POINT('',(5.38309,30.52904,112.));
#1188=VERTEX_POINT('',#1187);
#1189=DIRECTION('',(0.,0.,1.));
#1190=VECTOR('',#1189,109.);
#1191=LINE('',#229,#1190);
#1192=EDGE_CURVE('',#230,#1188,#1191,.T.);
#1193=ORIENTED_EDGE('',*,*,#1192,.T.);
#1194=DIRECTION('',(-0.96593,0.25882,0.));
#1195=VECTOR('',#1194,5.40366);
#1196=LINE('',#1165,#1195);
#1197=EDGE_CURVE('',#1166,#1188,#1196,.T.);
#1198=ORIENTED_EDGE('',*,*,#1197,.F.);
#1199=ORIENTED_EDGE('',*,*,#1170,.F.);
#1200=EDGE_LOOP('',(#1186,#1193,#1198,#1199));
#1201=FACE_OUTER_BOUND('',#1200,.T.);
#1202=CARTESIAN_POINT('',(10.60262,29.13047,3.));
#1203=DIRECTION('',(0.25882,0.96593,0.));
#1204=DIRECTION('',(-0.96593,0.25882,0.));
#1205=AXIS2_PLACEMENT_3D('',#1202,#1203,#1204);
#1206=PLANE('',#1205);
#1207=ADVANCED_FACE('',(#1201),#1206,.T.);
#1208=ORIENTED_EDGE('',*,*,#267,.T.);
#1209=CARTESIAN_POINT('',(0.,31.,112.));
#1210=VERTEX_POINT('',#1209);
#1211=DIRECTION('',(0.,0.,1.));
#1212=VECTOR('',#1211,109.);
#1213=LINE('',#257,#1212);
#1214=EDGE_CURVE('',#258,#1210,#1213,.T.);
#1215=ORIENTED_EDGE('',*,*,#1214,.T.);
#1216=DIRECTION('',(-0.99619,0.08716,0.));
#1217=VECTOR('',#1216,5.40366);
#1218=LINE('',#1187,#1217);
#1219=EDGE_CURVE('',#1188,#1210,#1218,.T.);
#1220=ORIENTED_EDGE('',*,*,#1219,.F.);
#1221=ORIENTED_EDGE('',*,*,#1192,.F.);
#1222=EDGE_LOOP('',(#1208,#1215,#1220,#1221));
#1223=FACE_OUTER_BOUND('',#1222,.T.);
#1224=CARTESIAN_POINT('',(5.38309,30.52904,3.));
#1225=DIRECTION('',(0.08716,0.99619,0.));
#1226=DIRECTION('',(-0.99619,0.08716,0.));
#1227=AXIS2_PLACEMENT_3D('',#1224,#1225,#1226);
#1228=PLANE('',#1227);
#1229=ADVANCED_FACE('',(#1223),#1228,.T.);
#1230=ORIENTED_EDGE('',*,*,#295,.T.);
#1231=CARTESIAN_POINT('',(-5.38309,30.52904,112.));
#1232=VERTEX_POINT('',#1231);
#1233=DIRECTION('',(0.,0.,1.));
#1234=VECTOR('',#1233,109.);
#1235=LINE('',#285,#1234);
#1236=EDGE_CURVE('',#286,#1232,#1235,.T.);
#1237=ORIENTED_EDGE('',*,*,#1236,.T.);
#1238=DIRECTION('',(-0.99619,-0.08716,0.));
#1239=VECTOR('',#1238,5.40366);
#1240=LINE('',#1209,#1239);
#1241=EDGE_CURVE('',#1210,#1232,#1240,.T.);
#1242=ORIENTED_EDGE('',*,*,#1241,.F.);
#1243=ORIENTED_EDGE('',*,*,#1214,.F.);
#1244=EDGE_LOOP('',(#1230,#1237,#1242,#1243));
#1245=FACE_OUTER_BOUND('',#1244,.T.);
#1246=CARTESIAN_POINT('',(0.,31.,3.));
#1247=DIRECTION('',(-0.08716,0.99619,0.));
#1248=DIRECTION('',(-0.99619,-0.08716,0.));
#1249=AXIS2_PLACEMENT_3D('',#1246,#1247,#1248);
#1250=PLANE('',#1249);
#1251=ADVANCED_FACE('',(#1245),#1250,.T.);
#1252=ORIENTED_EDGE('',*,*,#323,.T.);
#1253=CARTESIAN_POINT('',(-10.60262,29.13047,112.));
#1254=VERTEX_POINT('',#1253);
#1255=DIRECTION('',(0.,0.,1.));
#1256=VECTOR('',#1255,109.);
#1257=LINE('',#313,#1256);
#1258=EDGE_CURVE('',#314,#1254,#1257,.T.);
#1259=ORIENTED_EDGE('',*,*,#1258,.T.);
#1260=DIRECTION('',(-0.96593,-0.25882,0.));
#1261=VECTOR('',#1260,5.40366);
#1262=LINE('',#1231,#1261);
#1263=EDGE_CURVE('',#1232,#1254,#1262,.T.);
#1264=ORIENTED_EDGE('',*,*,#1263,.F.);
#1265=ORIENTED_EDGE('',*,*,#1236,.F.);
#1266=EDGE_LOOP('',(#1252,#1259,#1264,#1265));
#1267=FACE_OUTER_BOUND('',#1266,.T.);
#1268=CARTESIAN_POINT('',(-5.38309,30.52904,3.));
#1269=DIRECTION('',(-0.25882,0.96593,0.));
#1270=DIRECTION('',(-0.96593,-0.25882,0.));
#1271=AXIS2_PLACEMENT_3D('',#1268,#1269,#1270);
#1272=PLANE('',#1271);
#1273=ADVANCED_FACE('',(#1267),#1272,.T.);
#1274=ORIENTED_EDGE('',*,*,#351,.T.);
#1275=CARTESIAN_POINT('',(-15.5,26.84679,112.));
#1276=VERTEX_POINT('',#1275);
#1277=DIRECTION('',(0.,0.,1.));
#1278=VECTOR('',#1277,109.);
#1279=LINE('',#341,#1278);
#1280=EDGE_CURVE('',#342,#1276,#1279,.T.);
#1281=ORIENTED_EDGE('',*,*,#1280,.T.);
#1282=DIRECTION('',(-0.90631,-0.42262,0.));
#1283=VECTOR('',#1282,5.40366);
#1284=LINE('',#1253,#1283);
#1285=EDGE_CURVE('',#1254,#1276,#1284,.T.);
#1286=ORIENTED_EDGE('',*,*,#1285,.F.);
#1287=ORIENTED_EDGE('',*,*,#1258,.F.);
#1288=EDGE_LOOP('',(#1274,#1281,#1286,#1287));
#1289=FACE_OUTER_BOUND('',#1288,.T.);
#1290=CARTESIAN_POINT('',(-10.60262,29.13047,3.));
#1291=DIRECTION('',(-0.42262,0.90631,0.));
#1292=DIRECTION('',(-0.90631,-0.42262,0.));
#1293=AXIS2_PLACEMENT_3D('',#1290,#1291,#1292);
#1294=PLANE('',#1293);
#1295=ADVANCED_FACE('',(#1289),#1294,.T.);
#1296=ORIENTED_EDGE('',*,*,#379,.T.);
#1297=CARTESIAN_POINT('',(-19.92642,23.74738,112.));
#1298=VERTEX_POINT('',#1297);
#1299=DIRECTION('',(0.,0.,1.));
#1300=VECTOR('',#1299,109.);
#1301=LINE('',#369,#1300);
#1302=EDGE_CURVE('',#370,#1298,#1301,.T.);
#1303=ORIENTED_EDGE('',*,*,#1302,.T.);
#1304=DIRECTION('',(-0.81915,-0.57358,0.));
#1305=VECTOR('',#1304,5.40366);
#1306=LINE('',#1275,#1305);
#1307=EDGE_CURVE('',#1276,#1298,#1306,.T.);
#1308=ORIENTED_EDGE('',*,*,#1307,.F.);
#1309=ORIENTED_EDGE('',*,*,#1280,.F.);
#1310=EDGE_LOOP('',(#1296,#1303,#1308,#1309));
#1311=FACE_OUTER_BOUND('',#1310,.T.);
#1312=CARTESIAN_POINT('',(-15.5,26.84679,3.));
#1313=DIRECTION('',(-0.57358,0.81915,0.));
#1314=DIRECTION('',(-0.81915,-0.57358,0.));
#1315=AXIS2_PLACEMENT_3D('',#1312,#1313,#1314);
#1316=PLANE('',#1315);
#1317=ADVANCED_FACE('',(#1311),#1316,.T.);
#1318=ORIENTED_EDGE('',*,*,#407,.T.);
#1319=CARTESIAN_POINT('',(-23.74738,19.92642,112.));
#1320=VERTEX_POINT('',#1319);
#1321=DIRECTION('',(0.,0.,1.));
#1322=VECTOR('',#1321,109.);
#1323=LINE('',#397,#1322);
#1324=EDGE_CURVE('',#398,#1320,#1323,.T.);
#1325=ORIENTED_EDGE('',*,*,#1324,.T.);
#1326=DIRECTION('',(-0.70711,-0.70711,0.));
#1327=VECTOR('',#1326,5.40366);
#1328=LINE('',#1297,#1327);
#1329=EDGE_CURVE('',#1298,#1320,#1328,.T.);
#1330=ORIENTED_EDGE('',*,*,#1329,.F.);
#1331=ORIENTED_EDGE('',*,*,#1302,.F.);
#1332=EDGE_LOOP('',(#1318,#1325,#1330,#1331));
#1333=FACE_OUTER_BOUND('',#1332,.T.);
#1334=CARTESIAN_POINT('',(-19.92642,23.74738,3.));
#1335=DIRECTION('',(-0.70711,0.70711,0.));
#1336=DIRECTION('',(-0.70711,-0.70711,0.));
#1337=AXIS2_PLACEMENT_3D('',#1334,#1335,#1336);
#1338=PLANE('',#1337);
#1339=ADVANCED_FACE('',(#1333),#1338,.T.);
#1340=ORIENTED_EDGE('',*,*,#435,.T.);
#1341=CARTESIAN_POINT('',(-26.84679,15.5,112.));
#1342=VERTEX_POINT('',#1341);
#1343=DIRECTION('',(0.,0.,1.));
#1344=VECTOR('',#1343,109.);
#1345=LINE('',#425,#1344);
#1346=EDGE_CURVE('',#426,#1342,#1345,.T.);
#1347=ORIENTED_EDGE('',*,*,#1346,.T.);
#1348=DIRECTION('',(-0.57358,-0.81915,0.));
#1349=VECTOR('',#1348,5.40366);
#1350=LINE('',#1319,#1349);
#1351=EDGE_CURVE('',#1320,#1342,#1350,.T.);
#1352=ORIENTED_EDGE('',*,*,#1351,.F.);
#1353=ORIENTED_EDGE('',*,*,#1324,.F.);
#1354=EDGE_LOOP('',(#1340,#1347,#1352,#1353));
#1355=FACE_OUTER_BOUND('',#1354,.T.);
#1356=CARTESIAN_POINT('',(-23.74738,19.92642,3.));
#1357=DIRECTION('',(-0.81915,0.57358,0.));
#1358=DIRECTION('',(-0.57358,-0.81915,0.));
#1359=AXIS2_PLACEMENT_3D('',#1356,#1357,#1358);
#1360=PLANE('',#1359);
#1361=ADVANCED_FACE('',(#1355),#1360,.T.);
#1362=ORIENTED_EDGE('',*,*,#463,.T.);
#1363=CARTESIAN_POINT('',(-29.13047,10.60262,112.));
#1364=VERTEX_POINT('',#1363);
#1365=DIRECTION('',(0.,0.,1.));
#1366=VECTOR('',#1365,109.);
#1367=LINE('',#453,#1366);
#1368=EDGE_CURVE('',#454,#1364,#1367,.T.);
#1369=ORIENTED_EDGE('',*,*,#1368,.T.);
#1370=DIRECTION('',(-0.42262,-0.90631,0.));
#1371=VECTOR('',#1370,5.40366);
#1372=LINE('',#1341,#1371);
#1373=EDGE_CURVE('',#1342,#1364,#1372,.T.);
#1374=ORIENTED_EDGE('',*,*,#1373,.F.);
#1375=ORIENTED_EDGE('',*,*,#1346,.F.);
#1376=EDGE_LOOP('',(#1362,#1369,#1374,#1375));
#1377=FACE_OUTER_BOUND('',#1376,.T.);
#1378=CARTESIAN_POINT('',(-26.84679,15.5,3.));
#1379=DIRECTION('',(-0.90631,0.42262,0.));
#1380=DIRECTION('',(-0.42262,-0.90631,0.));
#1381=AXIS2_PLACEMENT_3D('',#1378,#1379,#1380);
#1382=PLANE('',#1381);
#1383=ADVANCED_FACE('',(#1377),#1382,.T.);
#1384=ORIENTED_EDGE('',*,*,#491,.T.);
#1385=CARTESIAN_POINT('',(-30.52904,5.38309,112.));
#1386=VERTEX_POINT('',#1385);
#1387=DIRECTION('',(0.,0.,1.));
#1388=VECTOR('',#1387,109.);
#1389=LINE('',#481,#1388);
#1390=EDGE_CURVE('',#482,#1386,#1389,.T.);
#1391=ORIENTED_EDGE('',*,*,#1390,.T.);
#1392=DIRECTION('',(-0.25882,-0.96593,0.));
#1393=VECTOR('',#1392,5.40366);
#1394=LINE('',#1363,#1393);
#1395=EDGE_CURVE('',#1364,#1386,#1394,.T.);
#1396=ORIENTED_EDGE('',*,*,#1395,.F.);
#1397=ORIENTED_EDGE('',*,*,#1368,.F.);
#1398=EDGE_LOOP('',(#1384,#1391,#1396,#1397));
#1399=FACE_OUTER_BOUND('',#1398,.T.);
#1400=CARTESIAN_POINT('',(-29.13047,10.60262,3.));
#1401=DIRECTION('',(-0.96593,0.25882,0.));
#1402=DIRECTION('',(-0.25882,-0.96593,0.));
#1403=AXIS2_PLACEMENT_3D('',#1400,#1401,#1402);
#1404=PLANE('',#1403);
#1405=ADVANCED_FACE('',(#1399),#1404,.T.);
#1406=ORIENTED_EDGE('',*,*,#519,.T.);
#1407=CARTESIAN_POINT('',(-31.,0.,112.));
#1408=VERTEX_POINT('',#1407);
#1409=DIRECTION('',(0.,0.,1.));
#1410=VECTOR('',#1409,109.);
#1411=LINE('',#509,#1410);
#1412=EDGE_CURVE('',#510,#1408,#1411,.T.);
#1413=ORIENTED_EDGE('',*,*,#1412,.T.);
#1414=DIRECTION('',(-0.08716,-0.99619,0.));
#1415=VECTOR('',#1414,5.40366);
#1416=LINE('',#1385,#1415);
#1417=EDGE_CURVE('',#1386,#1408,#1416,.T.);
#1418=ORIENTED_EDGE('',*,*,#1417,.F.);
#1419=ORIENTED_EDGE('',*,*,#1390,.F.);
#1420=EDGE_LOOP('',(#1406,#1413,#1418,#1419));
#1421=FACE_OUTER_BOUND('',#1420,.T.);
#1422=CARTESIAN_POINT('',(-30.52904,5.38309,3.));
#1423=DIRECTION('',(-0.99619,0.08716,0.));
#1424=DIRECTION('',(-0.08716,-0.99619,0.));
#1425=AXIS2_PLACEMENT_3D('',#1422,#1423,#1424);
#1426=PLANE('',#1425);
#1427=ADVANCED_FACE('',(#1421),#1426,.T.);
#1428=ORIENTED_EDGE('',*,*,#547,.T.);
#1429=CARTESIAN_POINT('',(-30.52904,-5.38309,112.));
#1430=VERTEX_POINT('',#1429);
#1431=DIRECTION('',(0.,0.,1.));
#1432=VECTOR('',#1431,109.);
#1433=LINE('',#537,#1432);
#1434=EDGE_CURVE('',#538,#1430,#1433,.T.);
#1435=ORIENTED_EDGE('',*,*,#1434,.T.);
#1436=DIRECTION('',(0.08716,-0.99619,0.));
#1437=VECTOR('',#1436,5.40366);
#1438=LINE('',#1407,#1437);
#1439=EDGE_CURVE('',#1408,#1430,#1438,.T.);
#1440=ORIENTED_EDGE('',*,*,#1439,.F.);
#1441=ORIENTED_EDGE('',*,*,#1412,.F.);
#1442=EDGE_LOOP('',(#1428,#1435,#1440,#1441));
#1443=FACE_OUTER_BOUND('',#1442,.T.);
#1444=CARTESIAN_POINT('',(-31.,0.,3.));
#1445=DIRECTION('',(-0.99619,-0.08716,0.));
#1446=DIRECTION('',(0.08716,-0.99619,0.));
#1447=AXIS2_PLACEMENT_3D('',#1444,#1445,#1446);
#1448=PLANE('',#1447);
#1449=ADVANCED_FACE('',(#1443),#1448,.T.);
#1450=ORIENTED_EDGE('',*,*,#575,.T.);
#1451=CARTESIAN_POINT('',(-29.13047,-10.60262,112.));
#1452=VERTEX_POINT('',#1451);
#1453=DIRECTION('',(0.,0.,1.));
#1454=VECTOR('',#1453,109.);
#1455=LINE('',#565,#1454);
#1456=EDGE_CURVE('',#566,#1452,#1455,.T.);
#1457=ORIENTED_EDGE('',*,*,#1456,.T.);
#1458=DIRECTION('',(0.25882,-0.96593,0.));
#1459=VECTOR('',#1458,5.40366);
#1460=LINE('',#1429,#1459);
#1461=EDGE_CURVE('',#1430,#1452,#1460,.T.);
#1462=ORIENTED_EDGE('',*,*,#1461,.F.);
#1463=ORIENTED_EDGE('',*,*,#1434,.F.);
#1464=EDGE_LOOP('',(#1450,#1457,#1462,#1463));
#1465=FACE_OUTER_BOUND('',#1464,.T.);
#1466=CARTESIAN_POINT('',(-30.52904,-5.38309,3.));
#1467=DIRECTION('',(-0.96593,-0.25882,0.));
#1468=DIRECTION('',(0.25882,-0.96593,0.));
#1469=AXIS2_PLACEMENT_3D('',#1466,#1467,#1468);
#1470=PLANE('',#1469);
#1471=ADVANCED_FACE('',(#1465),#1470,.T.);
#1472=ORIENTED_EDGE('',*,*,#603,.T.);
#1473=CARTESIAN_POINT('',(-26.84679,-15.5,112.));
#1474=VERTEX_POINT('',#1473);
#1475=DIRECTION('',(0.,0.,1.));
#1476=VECTOR('',#1475,109.);
#1477=LINE('',#593,#1476);
#1478=EDGE_CURVE('',#594,#1474,#1477,.T.);
#1479=ORIENTED_EDGE('',*,*,#1478,.T.);
#1480=DIRECTION('',(0.42262,-0.90631,0.));
#1481=VECTOR('',#1480,5.40366);
#1482=LINE('',#1451,#1481);
#1483=EDGE_CURVE('',#1452,#1474,#1482,.T.);
#1484=ORIENTED_EDGE('',*,*,#1483,.F.);
#1485=ORIENTED_EDGE('',*,*,#1456,.F.);
#1486=EDGE_LOOP('',(#1472,#1479,#1484,#1485));
#1487=FACE_OUTER_BOUND('',#1486,.T.);
#1488=CARTESIAN_POINT('',(-29.13047,-10.60262,3.));
#1489=DIRECTION('',(-0.90631,-0.42262,0.));
#1490=DIRECTION('',(0.42262,-0.90631,0.));
#1491=AXIS2_PLACEMENT_3D('',#1488,#1489,#1490);
#1492=PLANE('',#1491);
#1493=ADVANCED_FACE('',(#1487),#1492,.T.);
#1494=ORIENTED_EDGE('',*,*,#631,.T.);
#1495=CARTESIAN_POINT('',(-23.74738,-19.92642,112.));
#1496=VERTEX_POINT('',#1495);
#1497=DIRECTION('',(0.,0.,1.));
#1498=VECTOR('',#1497,109.);
#1499=LINE('',#621,#1498);
#1500=EDGE_CURVE('',#622,#1496,#1499,.T.);
#1501=ORIENTED_EDGE('',*,*,#1500,.T.);
#1502=DIRECTION('',(0.57358,-0.81915,0.));
#1503=VECTOR('',#1502,5.40366);
#1504=LINE('',#1473,#1503);
#1505=EDGE_CURVE('',#1474,#1496,#1504,.T.);
#1506=ORIENTED_EDGE('',*,*,#1505,.F.);
#1507=ORIENTED_EDGE('',*,*,#1478,.F.);
#1508=EDGE_LOOP('',(#1494,#1501,#1506,#1507));
#1509=FACE_OUTER_BOUND('',#1508,.T.);
#1510=CARTESIAN_POINT('',(-26.84679,-15.5,3.));
#1511=DIRECTION('',(-0.81915,-0.57358,0.));
#1512=DIRECTION('',(0.57358,-0.81915,0.));
#1513=AXIS2_PLACEMENT_3D('',#1510,#1511,#1512);
#1514=PLANE('',#1513);
#1515=ADVANCED_FACE('',(#1509),#1514,.T.);
#1516=ORIENTED_EDGE('',*,*,#659,.T.);
#1517=CARTESIAN_POINT('',(-19.92642,-23.74738,112.));
#1518=VERTEX_POINT('',#1517);
#1519=DIRECTION('',(0.,0.,1.));
#1520=VECTOR('',#1519,109.);
#1521=LINE('',#649,#1520);
#1522=EDGE_CURVE('',#650,#1518,#1521,.T.);
#1523=ORIENTED_EDGE('',*,*,#1522,.T.);
#1524=DIRECTION('',(0.70711,-0.70711,0.));
#1525=VECTOR('',#1524,5.40366);
#1526=LINE('',#1495,#1525);
#1527=EDGE_CURVE('',#1496,#1518,#1526,.T.);
#1528=ORIENTED_EDGE('',*,*,#1527,.F.);
#1529=ORIENTED_EDGE('',*,*,#1500,.F.);
#1530=EDGE_LOOP('',(#1516,#1523,#1528,#1529));
#1531=FACE_OUTER_BOUND('',#1530,.T.);
#1532=CARTESIAN_POINT('',(-23.74738,-19.92642,3.));
#1533=DIRECTION('',(-0.70711,-0.70711,0.));
#1534=DIRECTION('',(0.70711,-0.70711,0.));
#1535=AXIS2_PLACEMENT_3D('',#1532,#1533,#1534);
#1536=PLANE('',#1535);
#1537=ADVANCED_FACE('',(#1531),#1536,.T.);
#1538=ORIENTED_EDGE('',*,*,#687,.T.);
#1539=CARTESIAN_POINT('',(-15.5,-26.84679,112.));
#1540=VERTEX_POINT('',#1539);
#1541=DIRECTION('',(0.,0.,1.));
#1542=VECTOR('',#1541,109.);
#1543=LINE('',#677,#1542);
#1544=EDGE_CURVE('',#678,#1540,#1543,.T.);
#1545=ORIENTED_EDGE('',*,*,#1544,.T.);
#1546=DIRECTION('',(0.81915,-0.57358,0.));
#1547=VECTOR('',#1546,5.40366);
#1548=LINE('',#1517,#1547);
#1549=EDGE_CURVE('',#1518,#1540,#1548,.T.);
#1550=ORIENTED_EDGE('',*,*,#1549,.F.);
#1551=ORIENTED_EDGE('',*,*,#1522,.F.);
#1552=EDGE_LOOP('',(#1538,#1545,#1550,#1551));
#1553=FACE_OUTER_BOUND('',#1552,.T.);
#1554=CARTESIAN_POINT('',(-19.92642,-23.74738,3.));
#1555=DIRECTION('',(-0.57358,-0.81915,0.));
#1556=DIRECTION('',(0.81915,-0.57358,0.));
#1557=AXIS2_PLACEMENT_3D('',#1554,#1555,#1556);
#1558=PLANE('',#1557);
#1559=ADVANCED_FACE('',(#1553),#1558,.T.);
#1560=ORIENTED_EDGE('',*,*,#715,.T.);
#1561=CARTESIAN_POINT('',(-10.60262,-29.13047,112.));
#1562=VERTEX_POINT('',#1561);
#1563=DIRECTION('',(0.,0.,1.));
#1564=VECTOR('',#1563,109.);
#1565=LINE('',#705,#1564);
#1566=EDGE_CURVE('',#706,#1562,#1565,.T.);
#1567=ORIENTED_EDGE('',*,*,#1566,.T.);
#1568=DIRECTION('',(0.90631,-0.42262,0.));
#1569=VECTOR('',#1568,5.40366);
#1570=LINE('',#1539,#1569);
#1571=EDGE_CURVE('',#1540,#1562,#1570,.T.);
#1572=ORIENTED_EDGE('',*,*,#1571,.F.);
#1573=ORIENTED_EDGE('',*,*,#1544,.F.);
#1574=EDGE_LOOP('',(#1560,#1567,#1572,#1573));
#1575=FACE_OUTER_BOUND('',#1574,.T.);
#1576=CARTESIAN_POINT('',(-15.5,-26.84679,3.));
#1577=DIRECTION('',(-0.42262,-0.90631,0.));
#1578=DIRECTION('',(0.90631,-0.42262,0.));
#1579=AXIS2_PLACEMENT_3D('',#1576,#1577,#1578);
#1580=PLANE('',#1579);
#1581=ADVANCED_FACE('',(#1575),#1580,.T.);
#1582=ORIENTED_EDGE('',*,*,#743,.T.);
#1583=CARTESIAN_POINT('',(-5.38309,-30.52904,112.));
#1584=VERTEX_POINT('',#1583);
#1585=DIRECTION('',(0.,0.,1.));
#1586=VECTOR('',#1585,109.);
#1587=LINE('',#733,#1586);
#1588=EDGE_CURVE('',#734,#1584,#1587,.T.);
#1589=ORIENTED_EDGE('',*,*,#1588,.T.);
#1590=DIRECTION('',(0.96593,-0.25882,0.));
#1591=VECTOR('',#1590,5.40366);
#1592=LINE('',#1561,#1591);
#1593=EDGE_CURVE('',#1562,#1584,#1592,.T.);
#1594=ORIENTED_EDGE('',*,*,#1593,.F.);
#1595=ORIENTED_EDGE('',*,*,#1566,.F.);
#1596=EDGE_LOOP('',(#1582,#1589,#1594,#1595));
#1597=FACE_OUTER_BOUND('',#1596,.T.);
#1598=CARTESIAN_POINT('',(-10.60262,-29.13047,3.));
#1599=DIRECTION('',(-0.25882,-0.96593,0.));
#1600=DIRECTION('',(0.96593,-0.25882,0.));
#1601=AXIS2_PLACEMENT_3D('',#1598,#1599,#1600);
#1602=PLANE('',#1601);
#1603=ADVANCED_FACE('',(#1597),#1602,.T.);
#1604=ORIENTED_EDGE('',*,*,#771,.T.);
#1605=CARTESIAN_POINT('',(0.,-31.,112.));
#1606=VERTEX_POINT('',#1605);
#1607=DIRECTION('',(0.,0.,1.));
#1608=VECTOR('',#1607,109.);
#1609=LINE('',#761,#1608);
#1610=EDGE_CURVE('',#762,#1606,#1609,.T.);
#1611=ORIENTED_EDGE('',*,*,#1610,.T.);
#1612=DIRECTION('',(0.99619,-0.08716,0.));
#1613=VECTOR('',#1612,5.40366);
#1614=LINE('',#1583,#1613);
#1615=EDGE_CURVE('',#1584,#1606,#1614,.T.);
#1616=ORIENTED_EDGE('',*,*,#1615,.F.);
#1617=ORIENTED_EDGE('',*,*,#1588,.F.);
#1618=EDGE_LOOP('',(#1604,#1611,#1616,#1617));
#1619=FACE_OUTER_BOUND('',#1618,.T.);
#1620=CARTESIAN_POINT('',(-5.38309,-30.52904,3.));
#1621=DIRECTION('',(-0.08716,-0.99619,0.));
#1622=DIRECTION('',(0.99619,-0.08716,0.));
#1623=AXIS2_PLACEMENT_3D('',#1620,#1621,#1622);
#1624=PLANE('',#1623);
#1625=ADVANCED_FACE('',(#1619),#1624,.T.);
#1626=ORIENTED_EDGE('',*,*,#799,.T.);
#1627=CARTESIAN_POINT('',(5.38309,-30.52904,112.));
#1628=VERTEX_POINT('',#1627);
#1629=DIRECTION('',(0.,0.,1.));
#1630=VECTOR('',#1629,109.);
#1631=LINE('',#789,#1630);
#1632=EDGE_CURVE('',#790,#1628,#1631,.T.);
#1633=ORIENTED_EDGE('',*,*,#1632,.T.);
#1634=DIRECTION('',(0.99619,0.08716,0.));
#1635=VECTOR('',#1634,5.40366);
#1636=LINE('',#1605,#1635);
#1637=EDGE_CURVE('',#1606,#1628,#1636,.T.);
#1638=ORIENTED_EDGE('',*,*,#1637,.F.);
#1639=ORIENTED_EDGE('',*,*,#1610,.F.);
#1640=EDGE_LOOP('',(#1626,#1633,#1638,#1639));
#1641=FACE_OUTER_BOUND('',#1640,.T.);
#1642=CARTESIAN_POINT('',(0.,-31.,3.));
#1643=DIRECTION('',(0.08716,-0.99619,0.));
#1644=DIRECTION('',(0.99619,0.08716,0.));
#1645=AXIS2_PLACEMENT_3D('',#1642,#1643,#1644);
#1646=PLANE('',#1645);
#1647=ADVANCED_FACE('',(#1641),#1646,.T.);
#1648=ORIENTED_EDGE('',*,*,#827,.T.);
#1649=CARTESIAN_POINT('',(10.60262,-29.13047,112.));
#1650=VERTEX_POINT('',#1649);
#1651=DIRECTION('',(0.,0.,1.));
#1652=VECTOR('',#1651,109.);
#1653=LINE('',#817,#1652);
#1654=EDGE_CURVE('',#818,#1650,#1653,.T.);
#1655=ORIENTED_EDGE('',*,*,#1654,.T.);
#1656=DIRECTION('',(0.96593,0.25882,0.));
#1657=VECTOR('',#1656,5.40366);
#1658=LINE('',#1627,#1657);
#1659=EDGE_CURVE('',#1628,#1650,#1658,.T.);
#1660=ORIENTED_EDGE('',*,*,#1659,.F.);
#1661=ORIENTED_EDGE('',*,*,#1632,.F.);
#1662=EDGE_LOOP('',(#1648,#1655,#1660,#1661));
#1663=FACE_OUTER_BOUND('',#1662,.T.);
#1664=CARTESIAN_POINT('',(5.38309,-30.52904,3.));
#1665=DIRECTION('',(0.25882,-0.96593,0.));
#1666=DIRECTION('',(0.96593,0.25882,0.));
#1667=AXIS2_PLACEMENT_3D('',#1664,#1665,#1666);
#1668=PLANE('',#1667);
#1669=ADVANCED_FACE('',(#1663),#1668,.T.);
#1670=ORIENTED_EDGE('',*,*,#855,.T.);
#1671=CARTESIAN_POINT('',(15.5,-26.84679,112.));
#1672=VERTEX_POINT('',#1671);
#1673=DIRECTION('',(0.,0.,1.));
#1674=VECTOR('',#1673,109.);
#1675=LINE('',#845,#1674);
#1676=EDGE_CURVE('',#846,#1672,#1675,.T.);
#1677=ORIENTED_EDGE('',*,*,#1676,.T.);
#1678=DIRECTION('',(0.90631,0.42262,0.));
#1679=VECTOR('',#1678,5.40366);
#1680=LINE('',#1649,#1679);
#1681=EDGE_CURVE('',#1650,#1672,#1680,.T.);
#1682=ORIENTED_EDGE('',*,*,#1681,.F.);
#1683=ORIENTED_EDGE('',*,*,#1654,.F.);
#1684=EDGE_LOOP('',(#1670,#1677,#1682,#1683));
#1685=FACE_OUTER_BOUND('',#1684,.T.);
#1686=CARTESIAN_POINT('',(10.60262,-29.13047,3.));
#1687=DIRECTION('',(0.42262,-0.90631,0.));
#1688=DIRECTION('',(0.90631,0.42262,0.));
#1689=AXIS2_PLACEMENT_3D('',#1686,#1687,#1688);
#1690=PLANE('',#1689);
#1691=ADVANCED_FACE('',(#1685),#1690,.T.);
#1692=ORIENTED_EDGE('',*,*,#883,.T.);
#1693=CARTESIAN_POINT('',(19.92642,-23.74738,112.));
#1694=VERTEX_POINT('',#1693);
#1695=DIRECTION('',(0.,0.,1.));
#1696=VECTOR('',#1695,109.);
#1697=LINE('',#873,#1696);
#1698=EDGE_CURVE('',#874,#1694,#1697,.T.);
#1699=ORIENTED_EDGE('',*,*,#1698,.T.);
#1700=DIRECTION('',(0.81915,0.57358,0.));
#1701=VECTOR('',#1700,5.40366);
#1702=LINE('',#1671,#1701);
#1703=EDGE_CURVE('',#1672,#1694,#1702,.T.);
#1704=ORIENTED_EDGE('',*,*,#1703,.F.);
#1705=ORIENTED_EDGE('',*,*,#1676,.F.);
#1706=EDGE_LOOP('',(#1692,#1699,#1704,#1705));
#1707=FACE_OUTER_BOUND('',#1706,.T.);
#1708=CARTESIAN_POINT('',(15.5,-26.84679,3.));
#1709=DIRECTION('',(0.57358,-0.81915,0.));
#1710=DIRECTION('',(0.81915,0.57358,0.));
#1711=AXIS2_PLACEMENT_3D('',#1708,#1709,#1710);
#1712=PLANE('',#1711);
#1713=ADVANCED_FACE('',(#1707),#1712,.T.);
#1714=ORIENTED_EDGE('',*,*,#911,.T.);
#1715=CARTESIAN_POINT('',(23.74738,-19.92642,112.));
#1716=VERTEX_POINT('',#1715);
#1717=DIRECTION('',(0.,0.,1.));
#1718=VECTOR('',#1717,109.);
#1719=LINE('',#901,#1718);
#1720=EDGE_CURVE('',#902,#1716,#1719,.T.);
#1721=ORIENTED_EDGE('',*,*,#1720,.T.);
#1722=DIRECTION('',(0.70711,0.70711,0.));
#1723=VECTOR('',#1722,5.40366);
#1724=LINE('',#1693,#1723);
#1725=EDGE_CURVE('',#1694,#1716,#1724,.T.);
#1726=ORIENTED_EDGE('',*,*,#1725,.F.);
#1727=ORIENTED_EDGE('',*,*,#1698,.F.);
#1728=EDGE_LOOP('',(#1714,#1721,#1726,#1727));
#1729=FACE_OUTER_BOUND('',#1728,.T.);
#1730=CARTESIAN_POINT('',(19.92642,-23.74738,3.));
#1731=DIRECTION('',(0.70711,-0.70711,0.));
#1732=DIRECTION('',(0.70711,0.70711,0.));
#1733=AXIS2_PLACEMENT_3D('',#1730,#1731,#1732);
#1734=PLANE('',#1733);
#1735=ADVANCED_FACE('',(#1729),#1734,.T.);
#1736=ORIENTED_EDGE('',*,*,#939,.T.);
#1737=CARTESIAN_POINT('',(26.84679,-15.5,112.));
#1738=VERTEX_POINT('',#1737);
#1739=DIRECTION('',(0.,0.,1.));
#1740=VECTOR('',#1739,109.);
#1741=LINE('',#929,#1740);
#1742=EDGE_CURVE('',#930,#1738,#1741,.T.);
#1743=ORIENTED_EDGE('',*,*,#1742,.T.);
#1744=DIRECTION('',(0.57358,0.81915,0.));
#1745=VECTOR('',#1744,5.40366);
#1746=LINE('',#1715,#1745);
#1747=EDGE_CURVE('',#1716,#1738,#1746,.T.);
#1748=ORIENTED_EDGE('',*,*,#1747,.F.);
#1749=ORIENTED_EDGE('',*,*,#1720,.F.);
#1750=EDGE_LOOP('',(#1736,#1743,#1748,#1749));
#1751=FACE_OUTER_BOUND('',#1750,.T.);
#1752=CARTESIAN_POINT('',(23.74738,-19.92642,3.));
#1753=DIRECTION('',(0.81915,-0.57358,0.));
#1754=DIRECTION('',(0.57358,0.81915,0.));
#1755=AXIS2_PLACEMENT_3D('',#1752,#1753,#1754);
#1756=PLANE('',#1755);
#1757=ADVANCED_FACE('',(#1751),#1756,.T.);
#1758=ORIENTED_EDGE('',*,*,#967,.T.);
#1759=CARTESIAN_POINT('',(29.13047,-10.60262,112.));
#1760=VERTEX_POINT('',#1759);
#1761=DIRECTION('',(0.,0.,1.));
#1762=VECTOR('',#1761,109.);
#1763=LINE('',#957,#1762);
#1764=EDGE_CURVE('',#958,#1760,#1763,.T.);
#1765=ORIENTED_EDGE('',*,*,#1764,.T.);
#1766=DIRECTION('',(0.42262,0.90631,0.));
#1767=VECTOR('',#1766,5.40366);
#1768=LINE('',#1737,#1767);
#1769=EDGE_CURVE('',#1738,#1760,#1768,.T.);
#1770=ORIENTED_EDGE('',*,*,#1769,.F.);
#1771=ORIENTED_EDGE('',*,*,#1742,.F.);
#1772=EDGE_LOOP('',(#1758,#1765,#1770,#1771));
#1773=FACE_OUTER_BOUND('',#1772,.T.);
#1774=CARTESIAN_POINT('',(26.84679,-15.5,3.));
#1775=DIRECTION('',(0.90631,-0.42262,0.));
#1776=DIRECTION('',(0.42262,0.90631,0.));
#1777=AXIS2_PLACEMENT_3D('',#1774,#1775,#1776);
#1778=PLANE('',#1777);
#1779=ADVANCED_FACE('',(#1773),#1778,.T.);
#1780=ORIENTED_EDGE('',*,*,#995,.T.);
#1781=CARTESIAN_POINT('',(30.52904,-5.38309,112.));
#1782=VERTEX_POINT('',#1781);
#1783=DIRECTION('',(0.,0.,1.));
#1784=VECTOR('',#1783,109.);
#1785=LINE('',#985,#1784);
#1786=EDGE_CURVE('',#986,#1782,#1785,.T.);
#1787=ORIENTED_EDGE('',*,*,#1786,.T.);
#1788=DIRECTION('',(0.25882,0.96593,0.));
#1789=VECTOR('',#1788,5.40366);
#1790=LINE('',#1759,#1789);
#1791=EDGE_CURVE('',#1760,#1782,#1790,.T.);
#1792=ORIENTED_EDGE('',*,*,#1791,.F.);
#1793=ORIENTED_EDGE('',*,*,#1764,.F.);
#1794=EDGE_LOOP('',(#1780,#1787,#1792,#1793));
#1795=FACE_OUTER_BOUND('',#1794,.T.);
#1796=CARTESIAN_POINT('',(29.13047,-10.60262,3.));
#1797=DIRECTION('',(0.96593,-0.25882,0.));
#1798=DIRECTION('',(0.25882,0.96593,0.));
#1799=AXIS2_PLACEMENT_3D('',#1796,#1797,#1798);
#1800=PLANE('',#1799);
#1801=ADVANCED_FACE('',(#1795),#1800,.T.);
#1802=ORIENTED_EDGE('',*,*,#1015,.F.);
#1803=ORIENTED_EDGE('',*,*,#1044,.T.);
#1804=DIRECTION('',(-0.08716,-0.99619,0.));
#1805=VECTOR('',#1804,5.40366);
#1806=LINE('',#1034,#1805);
#1807=EDGE_CURVE('',#1035,#1782,#1806,.T.);
#1808=ORIENTED_EDGE('',*,*,#1807,.T.);
#1809=ORIENTED_EDGE('',*,*,#1786,.F.);
#1810=EDGE_LOOP('',(#1802,#1803,#1808,#1809));
#1811=FACE_OUTER_BOUND('',#1810,.T.);
#1812=CARTESIAN_POINT('',(30.52904,-5.38309,3.));
#1813=DIRECTION('',(0.99619,-0.08716,0.));
#1814=DIRECTION('',(0.08716,0.99619,0.));
#1815=AXIS2_PLACEMENT_3D('',#1812,#1813,#1814);
#1816=PLANE('',#1815);
#1817=ADVANCED_FACE('',(#1811),#1816,.T.);
#1818=ORIENTED_EDGE('',*,*,#1039,.T.);
#1819=CARTESIAN_POINT('',(25.605,4.51485,124.));
#1820=VERTEX_POINT('',#1819);
#1821=DIRECTION('',(-0.37877,-0.06679,0.92308));
#1822=VECTOR('',#1821,13.);
#1823=LINE('',#1027,#1822);
#1824=EDGE_CURVE('',#1028,#1820,#1823,.T.);
#1825=ORIENTED_EDGE('',*,*,#1824,.T.);
#1826=CARTESIAN_POINT('',(26.,0.,124.));
#1827=VERTEX_POINT('',#1826);
#1828=DIRECTION('',(-0.08716,0.99619,0.));
#1829=VECTOR('',#1828,4.5321);
#1830=LINE('',#1826,#1829);
#1831=EDGE_CURVE('',#1827,#1820,#1830,.T.);
#1832=ORIENTED_EDGE('',*,*,#1831,.F.);
#1833=DIRECTION('',(-0.38462,0.,0.92308));
#1834=VECTOR('',#1833,13.);
#1835=LINE('',#1034,#1834);
#1836=EDGE_CURVE('',#1035,#1827,#1835,.T.);
#1837=ORIENTED_EDGE('',*,*,#1836,.F.);
#1838=EDGE_LOOP('',(#1818,#1825,#1832,#1837));
#1839=FACE_OUTER_BOUND('',#1838,.T.);
#1840=CARTESIAN_POINT('',(31.,0.,112.));
#1841=DIRECTION('',(0.92008,0.0805,0.38337));
#1842=DIRECTION('',(-0.08716,0.99619,0.));
#1843=AXIS2_PLACEMENT_3D('',#1840,#1841,#1842);
#1844=PLANE('',#1843);
#1845=ADVANCED_FACE('',(#1839),#1844,.T.);
#1846=ORIENTED_EDGE('',*,*,#1065,.T.);
#1847=CARTESIAN_POINT('',(24.43201,8.89252,124.));
#1848=VERTEX_POINT('',#1847);
#1849=DIRECTION('',(-0.36142,-0.13155,0.92308));
#1850=VECTOR('',#1849,13.);
#1851=LINE('',#1055,#1850);
#1852=EDGE_CURVE('',#1056,#1848,#1851,.T.);
#1853=ORIENTED_EDGE('',*,*,#1852,.T.);
#1854=DIRECTION('',(-0.25882,0.96593,0.));
#1855=VECTOR('',#1854,4.5321);
#1856=LINE('',#1819,#1855);
#1857=EDGE_CURVE('',#1820,#1848,#1856,.T.);
#1858=ORIENTED_EDGE('',*,*,#1857,.F.);
#1859=ORIENTED_EDGE('',*,*,#1824,.F.);
#1860=EDGE_LOOP('',(#1846,#1853,#1858,#1859));
#1861=FACE_OUTER_BOUND('',#1860,.T.);
#1862=CARTESIAN_POINT('',(30.52904,5.38309,112.));
#1863=DIRECTION('',(0.89213,0.23904,0.38337));
#1864=DIRECTION('',(-0.25882,0.96593,0.));
#1865=AXIS2_PLACEMENT_3D('',#1862,#1863,#1864);
#1866=PLANE('',#1865);
#1867=ADVANCED_FACE('',(#1861),#1866,.T.);
#1868=ORIENTED_EDGE('',*,*,#1087,.T.);
#1869=CARTESIAN_POINT('',(22.51666,13.,124.));
#1870=VERTEX_POINT('',#1869);
#1871=DIRECTION('',(-0.33309,-0.19231,0.92308));
#1872=VECTOR('',#1871,13.);
#1873=LINE('',#1077,#1872);
#1874=EDGE_CURVE('',#1078,#1870,#1873,.T.);
#1875=ORIENTED_EDGE('',*,*,#1874,.T.);
#1876=DIRECTION('',(-0.42262,0.90631,0.));
#1877=VECTOR('',#1876,4.5321);
#1878=LINE('',#1847,#1877);
#1879=EDGE_CURVE('',#1848,#1870,#1878,.T.);
#1880=ORIENTED_EDGE('',*,*,#1879,.F.);
#1881=ORIENTED_EDGE('',*,*,#1852,.F.);
#1882=EDGE_LOOP('',(#1868,#1875,#1880,#1881));
#1883=FACE_OUTER_BOUND('',#1882,.T.);
#1884=CARTESIAN_POINT('',(29.13047,10.60262,112.));
#1885=DIRECTION('',(0.83706,0.39033,0.38337));
#1886=DIRECTION('',(-0.42262,0.90631,0.));
#1887=AXIS2_PLACEMENT_3D('',#1884,#1885,#1886);
#1888=PLANE('',#1887);
#1889=ADVANCED_FACE('',(#1883),#1888,.T.);
#1890=ORIENTED_EDGE('',*,*,#1109,.T.);
#1891=CARTESIAN_POINT('',(19.91716,16.71248,124.));
#1892=VERTEX_POINT('',#1891);
#1893=DIRECTION('',(-0.29463,-0.24723,0.92308));
#1894=VECTOR('',#1893,13.);
#1895=LINE('',#1099,#1894);
#1896=EDGE_CURVE('',#1100,#1892,#1895,.T.);
#1897=ORIENTED_EDGE('',*,*,#1896,.T.);
#1898=DIRECTION('',(-0.57358,0.81915,0.));
#1899=VECTOR('',#1898,4.5321);
#1900=LINE('',#1869,#1899);
#1901=EDGE_CURVE('',#1870,#1892,#1900,.T.);
#1902=ORIENTED_EDGE('',*,*,#1901,.F.);
#1903=ORIENTED_EDGE('',*,*,#1874,.F.);
#1904=EDGE_LOOP('',(#1890,#1897,#1902,#1903));
#1905=FACE_OUTER_BOUND('',#1904,.T.);
#1906=CARTESIAN_POINT('',(26.84679,15.5,112.));
#1907=DIRECTION('',(0.75657,0.52975,0.38337));
#1908=DIRECTION('',(-0.57358,0.81915,0.));
#1909=AXIS2_PLACEMENT_3D('',#1906,#1907,#1908);
#1910=PLANE('',#1909);
#1911=ADVANCED_FACE('',(#1905),#1910,.T.);
#1912=ORIENTED_EDGE('',*,*,#1131,.T.);
#1913=CARTESIAN_POINT('',(16.71248,19.91716,124.));
#1914=VERTEX_POINT('',#1913);
#1915=DIRECTION('',(-0.24723,-0.29463,0.92308));
#1916=VECTOR('',#1915,13.);
#1917=LINE('',#1121,#1916);
#1918=EDGE_CURVE('',#1122,#1914,#1917,.T.);
#1919=ORIENTED_EDGE('',*,*,#1918,.T.);
#1920=DIRECTION('',(-0.70711,0.70711,0.));
#1921=VECTOR('',#1920,4.5321);
#1922=LINE('',#1891,#1921);
#1923=EDGE_CURVE('',#1892,#1914,#1922,.T.);
#1924=ORIENTED_EDGE('',*,*,#1923,.F.);
#1925=ORIENTED_EDGE('',*,*,#1896,.F.);
#1926=EDGE_LOOP('',(#1912,#1919,#1924,#1925));
#1927=FACE_OUTER_BOUND('',#1926,.T.);
#1928=CARTESIAN_POINT('',(23.74738,19.92642,112.));
#1929=DIRECTION('',(0.65308,0.65308,0.38337));
#1930=DIRECTION('',(-0.70711,0.70711,0.));
#1931=AXIS2_PLACEMENT_3D('',#1928,#1929,#1930);
#1932=PLANE('',#1931);
#1933=ADVANCED_FACE('',(#1927),#1932,.T.);
#1934=ORIENTED_EDGE('',*,*,#1153,.T.);
#1935=CARTESIAN_POINT('',(13.,22.51666,124.));
#1936=VERTEX_POINT('',#1935);
#1937=DIRECTION('',(-0.19231,-0.33309,0.92308));
#1938=VECTOR('',#1937,13.);
#1939=LINE('',#1143,#1938);
#1940=EDGE_CURVE('',#1144,#1936,#1939,.T.);
#1941=ORIENTED_EDGE('',*,*,#1940,.T.);
#1942=DIRECTION('',(-0.81915,0.57358,0.));
#1943=VECTOR('',#1942,4.5321);
#1944=LINE('',#1913,#1943);
#1945=EDGE_CURVE('',#1914,#1936,#1944,.T.);
#1946=ORIENTED_EDGE('',*,*,#1945,.F.);
#1947=ORIENTED_EDGE('',*,*,#1918,.F.);
#1948=EDGE_LOOP('',(#1934,#1941,#1946,#1947));
#1949=FACE_OUTER_BOUND('',#1948,.T.);
#1950=CARTESIAN_POINT('',(19.92642,23.74738,112.));
#1951=DIRECTION('',(0.52975,0.75657,0.38337));
#1952=DIRECTION('',(-0.81915,0.57358,0.));
#1953=AXIS2_PLACEMENT_3D('',#1950,#1951,#1952);
#1954=PLANE('',#1953);
#1955=ADVANCED_FACE('',(#1949),#1954,.T.);
#1956=ORIENTED_EDGE('',*,*,#1175,.T.);
#1957=CARTESIAN_POINT('',(8.89252,24.43201,124.));
#1958=VERTEX_POINT('',#1957);
#1959=DIRECTION('',(-0.13155,-0.36142,0.92308));
#1960=VECTOR('',#1959,13.);
#1961=LINE('',#1165,#1960);
#1962=EDGE_CURVE('',#1166,#1958,#1961,.T.);
#1963=ORIENTED_EDGE('',*,*,#1962,.T.);
#1964=DIRECTION('',(-0.90631,0.42262,0.));
#1965=VECTOR('',#1964,4.5321);
#1966=LINE('',#1935,#1965);
#1967=EDGE_CURVE('',#1936,#1958,#1966,.T.);
#1968=ORIENTED_EDGE('',*,*,#1967,.F.);
#1969=ORIENTED_EDGE('',*,*,#1940,.F.);
#1970=EDGE_LOOP('',(#1956,#1963,#1968,#1969));
#1971=FACE_OUTER_BOUND('',#1970,.T.);
#1972=CARTESIAN_POINT('',(15.5,26.84679,112.));
#1973=DIRECTION('',(0.39033,0.83706,0.38337));
#1974=DIRECTION('',(-0.90631,0.42262,0.));
#1975=AXIS2_PLACEMENT_3D('',#1972,#1973,#1974);
#1976=PLANE('',#1975);
#1977=ADVANCED_FACE('',(#1971),#1976,.T.);
#1978=ORIENTED_EDGE('',*,*,#1197,.T.);
#1979=CARTESIAN_POINT('',(4.51485,25.605,124.));
#1980=VERTEX_POINT('',#1979);
#1981=DIRECTION('',(-0.06679,-0.37877,0.92308));
#1982=VECTOR('',#1981,13.);
#1983=LINE('',#1187,#1982);
#1984=EDGE_CURVE('',#1188,#1980,#1983,.T.);
#1985=ORIENTED_EDGE('',*,*,#1984,.T.);
#1986=DIRECTION('',(-0.96593,0.25882,0.));
#1987=VECTOR('',#1986,4.5321);
#1988=LINE('',#1957,#1987);
#1989=EDGE_CURVE('',#1958,#1980,#1988,.T.);
#1990=ORIENTED_EDGE('',*,*,#1989,.F.);
#1991=ORIENTED_EDGE('',*,*,#1962,.F.);
#1992=EDGE_LOOP('',(#1978,#1985,#1990,#1991));
#1993=FACE_OUTER_BOUND('',#1992,.T.);
#1994=CARTESIAN_POINT('',(10.60262,29.13047,112.));
#1995=DIRECTION('',(0.23904,0.89213,0.38337));
#1996=DIRECTION('',(-0.96593,0.25882,0.));
#1997=AXIS2_PLACEMENT_3D('',#1994,#1995,#1996);
#1998=PLANE('',#1997);
#1999=ADVANCED_FACE('',(#1993),#1998,.T.);
#2000=ORIENTED_EDGE('',*,*,#1219,.T.);
#2001=CARTESIAN_POINT('',(0.,26.,124.));
#2002=VERTEX_POINT('',#2001);
#2003=DIRECTION('',(0.,-0.38462,0.92308));
#2004=VECTOR('',#2003,13.);
#2005=LINE('',#1209,#2004);
#2006=EDGE_CURVE('',#1210,#2002,#2005,.T.);
#2007=ORIENTED_EDGE('',*,*,#2006,.T.);
#2008=DIRECTION('',(-0.99619,0.08716,0.));
#2009=VECTOR('',#2008,4.5321);
#2010=LINE('',#1979,#2009);
#2011=EDGE_CURVE('',#1980,#2002,#2010,.T.);
#2012=ORIENTED_EDGE('',*,*,#2011,.F.);
#2013=ORIENTED_EDGE('',*,*,#1984,.F.);
#2014=EDGE_LOOP('',(#2000,#2007,#2012,#2013));
#2015=FACE_OUTER_BOUND('',#2014,.T.);
#2016=CARTESIAN_POINT('',(5.38309,30.52904,112.));
#2017=DIRECTION('',(0.0805,0.92008,0.38337));
#2018=DIRECTION('',(-0.99619,0.08716,0.));
#2019=AXIS2_PLACEMENT_3D('',#2016,#2017,#2018);
#2020=PLANE('',#2019);
#2021=ADVANCED_FACE('',(#2015),#2020,.T.);
#2022=ORIENTED_EDGE('',*,*,#1241,.T.);
#2023=CARTESIAN_POINT('',(-4.51485,25.605,124.));
#2024=VERTEX_POINT('',#2023);
#2025=DIRECTION('',(0.06679,-0.37877,0.92308));
#2026=VECTOR('',#2025,13.);
#2027=LINE('',#1231,#2026);
#2028=EDGE_CURVE('',#1232,#2024,#2027,.T.);
#2029=ORIENTED_EDGE('',*,*,#2028,.T.);
#2030=DIRECTION('',(-0.99619,-0.08716,0.));
#2031=VECTOR('',#2030,4.5321);
#2032=LINE('',#2001,#2031);
#2033=EDGE_CURVE('',#2002,#2024,#2032,.T.);
#2034=ORIENTED_EDGE('',*,*,#2033,.F.);
#2035=ORIENTED_EDGE('',*,*,#2006,.F.);
#2036=EDGE_LOOP('',(#2022,#2029,#2034,#2035));
#2037=FACE_OUTER_BOUND('',#2036,.T.);
#2038=CARTESIAN_POINT('',(0.,31.,112.));
#2039=DIRECTION('',(-0.0805,0.92008,0.38337));
#2040=DIRECTION('',(-0.99619,-0.08716,0.));
#2041=AXIS2_PLACEMENT_3D('',#2038,#2039,#2040);
#2042=PLANE('',#2041);
#2043=ADVANCED_FACE('',(#2037),#2042,.T.);
#2044=ORIENTED_EDGE('',*,*,#1263,.T.);
#2045=CARTESIAN_POINT('',(-8.89252,24.43201,124.));
#2046=VERTEX_POINT('',#2045);
#2047=DIRECTION('',(0.13155,-0.36142,0.92308));
#2048=VECTOR('',#2047,13.);
#2049=LINE('',#1253,#2048);
#2050=EDGE_CURVE('',#1254,#2046,#2049,.T.);
#2051=ORIENTED_EDGE('',*,*,#2050,.T.);
#2052=DIRECTION('',(-0.96593,-0.25882,0.));
#2053=VECTOR('',#2052,4.5321);
#2054=LINE('',#2023,#2053);
#2055=EDGE_CURVE('',#2024,#2046,#2054,.T.);
#2056=ORIENTED_EDGE('',*,*,#2055,.F.);
#2057=ORIENTED_EDGE('',*,*,#2028,.F.);
#2058=EDGE_LOOP('',(#2044,#2051,#2056,#2057));
#2059=FACE_OUTER_BOUND('',#2058,.T.);
#2060=CARTESIAN_POINT('',(-5.38309,30.52904,112.));
#2061=DIRECTION('',(-0.23904,0.89213,0.38337));
#2062=DIRECTION('',(-0.96593,-0.25882,0.));
#2063=AXIS2_PLACEMENT_3D('',#2060,#2061,#2062);
#2064=PLANE('',#2063);
#2065=ADVANCED_FACE('',(#2059),#2064,.T.);
#2066=ORIENTED_EDGE('',*,*,#1285,.T.);
#2067=CARTESIAN_POINT('',(-13.,22.51666,124.));
#2068=VERTEX_POINT('',#2067);
#2069=DIRECTION('',(0.19231,-0.33309,0.92308));
#2070=VECTOR('',#2069,13.);
#2071=LINE('',#1275,#2070);
#2072=EDGE_CURVE('',#1276,#2068,#2071,.T.);
#2073=ORIENTED_EDGE('',*,*,#2072,.T.);
#2074=DIRECTION('',(-0.90631,-0.42262,0.));
#2075=VECTOR('',#2074,4.5321);
#2076=LINE('',#2045,#2075);
#2077=EDGE_CURVE('',#2046,#2068,#2076,.T.);
#2078=ORIENTED_EDGE('',*,*,#2077,.F.);
#2079=ORIENTED_EDGE('',*,*,#2050,.F.);
#2080=EDGE_LOOP('',(#2066,#2073,#2078,#2079));
#2081=FACE_OUTER_BOUND('',#2080,.T.);
#2082=CARTESIAN_POINT('',(-10.60262,29.13047,112.));
#2083=DIRECTION('',(-0.39033,0.83706,0.38337));
#2084=DIRECTION('',(-0.90631,-0.42262,0.));
#2085=AXIS2_PLACEMENT_3D('',#2082,#2083,#2084);
#2086=PLANE('',#2085);
#2087=ADVANCED_FACE('',(#2081),#2086,.T.);
#2088=ORIENTED_EDGE('',*,*,#1307,.T.);
#2089=CARTESIAN_POINT('',(-16.71248,19.91716,124.));
#2090=VERTEX_POINT('',#2089);
#2091=DIRECTION('',(0.24723,-0.29463,0.92308));
#2092=VECTOR('',#2091,13.);
#2093=LINE('',#1297,#2092);
#2094=EDGE_CURVE('',#1298,#2090,#2093,.T.);
#2095=ORIENTED_EDGE('',*,*,#2094,.T.);
#2096=DIRECTION('',(-0.81915,-0.57358,0.));
#2097=VECTOR('',#2096,4.5321);
#2098=LINE('',#2067,#2097);
#2099=EDGE_CURVE('',#2068,#2090,#2098,.T.);
#2100=ORIENTED_EDGE('',*,*,#2099,.F.);
#2101=ORIENTED_EDGE('',*,*,#2072,.F.);
#2102=EDGE_LOOP('',(#2088,#2095,#2100,#2101));
#2103=FACE_OUTER_BOUND('',#2102,.T.);
#2104=CARTESIAN_POINT('',(-15.5,26.84679,112.));
#2105=DIRECTION('',(-0.52975,0.75657,0.38337));
#2106=DIRECTION('',(-0.81915,-0.57358,0.));
#2107=AXIS2_PLACEMENT_3D('',#2104,#2105,#2106);
#2108=PLANE('',#2107);
#2109=ADVANCED_FACE('',(#2103),#2108,.T.);
#2110=ORIENTED_EDGE('',*,*,#1329,.T.);
#2111=CARTESIAN_POINT('',(-19.91716,16.71248,124.));
#2112=VERTEX_POINT('',#2111);
#2113=DIRECTION('',(0.29463,-0.24723,0.92308));
#2114=VECTOR('',#2113,13.);
#2115=LINE('',#1319,#2114);
#2116=EDGE_CURVE('',#1320,#2112,#2115,.T.);
#2117=ORIENTED_EDGE('',*,*,#2116,.T.);
#2118=DIRECTION('',(-0.70711,-0.70711,0.));
#2119=VECTOR('',#2118,4.5321);
#2120=LINE('',#2089,#2119);
#2121=EDGE_CURVE('',#2090,#2112,#2120,.T.);
#2122=ORIENTED_EDGE('',*,*,#2121,.F.);
#2123=ORIENTED_EDGE('',*,*,#2094,.F.);
#2124=EDGE_LOOP('',(#2110,#2117,#2122,#2123));
#2125=FACE_OUTER_BOUND('',#2124,.T.);
#2126=CARTESIAN_POINT('',(-19.92642,23.74738,112.));
#2127=DIRECTION('',(-0.65308,0.65308,0.38337));
#2128=DIRECTION('',(-0.70711,-0.70711,0.));
#2129=AXIS2_PLACEMENT_3D('',#2126,#2127,#2128);
#2130=PLANE('',#2129);
#2131=ADVANCED_FACE('',(#2125),#2130,.T.);
#2132=ORIENTED_EDGE('',*,*,#1351,.T.);
#2133=CARTESIAN_POINT('',(-22.51666,13.,124.));
#2134=VERTEX_POINT('',#2133);
#2135=DIRECTION('',(0.33309,-0.19231,0.92308));
#2136=VECTOR('',#2135,13.);
#2137=LINE('',#1341,#2136);
#2138=EDGE_CURVE('',#1342,#2134,#2137,.T.);
#2139=ORIENTED_EDGE('',*,*,#2138,.T.);
#2140=DIRECTION('',(-0.57358,-0.81915,0.));
#2141=VECTOR('',#2140,4.5321);
#2142=LINE('',#2111,#2141);
#2143=EDGE_CURVE('',#2112,#2134,#2142,.T.);
#2144=ORIENTED_EDGE('',*,*,#2143,.F.);
#2145=ORIENTED_EDGE('',*,*,#2116,.F.);
#2146=EDGE_LOOP('',(#2132,#2139,#2144,#2145));
#2147=FACE_OUTER_BOUND('',#2146,.T.);
#2148=CARTESIAN_POINT('',(-23.74738,19.92642,112.));
#2149=DIRECTION('',(-0.75657,0.52975,0.38337));
#2150=DIRECTION('',(-0.57358,-0.81915,0.));
#2151=AXIS2_PLACEMENT_3D('',#2148,#2149,#2150);
#2152=PLANE('',#2151);
#2153=ADVANCED_FACE('',(#2147),#2152,.T.);
#2154=ORIENTED_EDGE('',*,*,#1373,.T.);
#2155=CARTESIAN_POINT('',(-24.43201,8.89252,124.));
#2156=VERTEX_POINT('',#2155);
#2157=DIRECTION('',(0.36142,-0.13155,0.92308));
#2158=VECTOR('',#2157,13.);
#2159=LINE('',#1363,#2158);
#2160=EDGE_CURVE('',#1364,#2156,#2159,.T.);
#2161=ORIENTED_EDGE('',*,*,#2160,.T.);
#2162=DIRECTION('',(-0.42262,-0.90631,0.));
#2163=VECTOR('',#2162,4.5321);
#2164=LINE('',#2133,#2163);
#2165=EDGE_CURVE('',#2134,#2156,#2164,.T.);
#2166=ORIENTED_EDGE('',*,*,#2165,.F.);
#2167=ORIENTED_EDGE('',*,*,#2138,.F.);
#2168=EDGE_LOOP('',(#2154,#2161,#2166,#2167));
#2169=FACE_OUTER_BOUND('',#2168,.T.);
#2170=CARTESIAN_POINT('',(-26.84679,15.5,112.));
#2171=DIRECTION('',(-0.83706,0.39033,0.38337));
#2172=DIRECTION('',(-0.42262,-0.90631,0.));
#2173=AXIS2_PLACEMENT_3D('',#2170,#2171,#2172);
#2174=PLANE('',#2173);
#2175=ADVANCED_FACE('',(#2169),#2174,.T.);
#2176=ORIENTED_EDGE('',*,*,#1395,.T.);
#2177=CARTESIAN_POINT('',(-25.605,4.51485,124.));
#2178=VERTEX_POINT('',#2177);
#2179=DIRECTION('',(0.37877,-0.06679,0.92308));
#2180=VECTOR('',#2179,13.);
#2181=LINE('',#1385,#2180);
#2182=EDGE_CURVE('',#1386,#2178,#2181,.T.);
#2183=ORIENTED_EDGE('',*,*,#2182,.T.);
#2184=DIRECTION('',(-0.25882,-0.96593,0.));
#2185=VECTOR('',#2184,4.5321);
#2186=LINE('',#2155,#2185);
#2187=EDGE_CURVE('',#2156,#2178,#2186,.T.);
#2188=ORIENTED_EDGE('',*,*,#2187,.F.);
#2189=ORIENTED_EDGE('',*,*,#2160,.F.);
#2190=EDGE_LOOP('',(#2176,#2183,#2188,#2189));
#2191=FACE_OUTER_BOUND('',#2190,.T.);
#2192=CARTESIAN_POINT('',(-29.13047,10.60262,112.));
#2193=DIRECTION('',(-0.89213,0.23904,0.38337));
#2194=DIRECTION('',(-0.25882,-0.96593,0.));
#2195=AXIS2_PLACEMENT_3D('',#2192,#2193,#2194);
#2196=PLANE('',#2195);
#2197=ADVANCED_FACE('',(#2191),#2196,.T.);
#2198=ORIENTED_EDGE('',*,*,#1417,.T.);
#2199=CARTESIAN_POINT('',(-26.,0.,124.));
#2200=VERTEX_POINT('',#2199);
#2201=DIRECTION('',(0.38462,0.,0.92308));
#2202=VECTOR('',#2201,13.);
#2203=LINE('',#1407,#2202);
#2204=EDGE_CURVE('',#1408,#2200,#2203,.T.);
#2205=ORIENTED_EDGE('',*,*,#2204,.T.);
#2206=DIRECTION('',(-0.08716,-0.99619,0.));
#2207=VECTOR('',#2206,4.5321);
#2208=LINE('',#2177,#2207);
#2209=EDGE_CURVE('',#2178,#2200,#2208,.T.);
#2210=ORIENTED_EDGE('',*,*,#2209,.F.);
#2211=ORIENTED_EDGE('',*,*,#2182,.F.);
#2212=EDGE_LOOP('',(#2198,#2205,#2210,#2211));
#2213=FACE_OUTER_BOUND('',#2212,.T.);
#2214=CARTESIAN_POINT('',(-30.52904,5.38309,112.));
#2215=DIRECTION('',(-0.92008,0.0805,0.38337));
#2216=DIRECTION('',(-0.08716,-0.99619,0.));
#2217=AXIS2_PLACEMENT_3D('',#2214,#2215,#2216);
#2218=PLANE('',#2217);
#2219=ADVANCED_FACE('',(#2213),#2218,.T.);
#2220=ORIENTED_EDGE('',*,*,#1439,.T.);
#2221=CARTESIAN_POINT('',(-25.605,-4.51485,124.));
#2222=VERTEX_POINT('',#2221);
#2223=DIRECTION('',(0.37877,0.06679,0.92308));
#2224=VECTOR('',#2223,13.);
#2225=LINE('',#1429,#2224);
#2226=EDGE_CURVE('',#1430,#2222,#2225,.T.);
#2227=ORIENTED_EDGE('',*,*,#2226,.T.);
#2228=DIRECTION('',(0.08716,-0.99619,0.));
#2229=VECTOR('',#2228,4.5321);
#2230=LINE('',#2199,#2229);
#2231=EDGE_CURVE('',#2200,#2222,#2230,.T.);
#2232=ORIENTED_EDGE('',*,*,#2231,.F.);
#2233=ORIENTED_EDGE('',*,*,#2204,.F.);
#2234=EDGE_LOOP('',(#2220,#2227,#2232,#2233));
#2235=FACE_OUTER_BOUND('',#2234,.T.);
#2236=CARTESIAN_POINT('',(-31.,0.,112.));
#2237=DIRECTION('',(-0.92008,-0.0805,0.38337));
#2238=DIRECTION('',(0.08716,-0.99619,0.));
#2239=AXIS2_PLACEMENT_3D('',#2236,#2237,#2238);
#2240=PLANE('',#2239);
#2241=ADVANCED_FACE('',(#2235),#2240,.T.);
#2242=ORIENTED_EDGE('',*,*,#1461,.T.);
#2243=CARTESIAN_POINT('',(-24.43201,-8.89252,124.));
#2244=VERTEX_POINT('',#2243);
#2245=DIRECTION('',(0.36142,0.13155,0.92308));
#2246=VECTOR('',#2245,13.);
#2247=LINE('',#1451,#2246);
#2248=EDGE_CURVE('',#1452,#2244,#2247,.T.);
#2249=ORIENTED_EDGE('',*,*,#2248,.T.);
#2250=DIRECTION('',(0.25882,-0.96593,0.));
#2251=VECTOR('',#2250,4.5321);
#2252=LINE('',#2221,#2251);
#2253=EDGE_CURVE('',#2222,#2244,#2252,.T.);
#2254=ORIENTED_EDGE('',*,*,#2253,.F.);
#2255=ORIENTED_EDGE('',*,*,#2226,.F.);
#2256=EDGE_LOOP('',(#2242,#2249,#2254,#2255));
#2257=FACE_OUTER_BOUND('',#2256,.T.);
#2258=CARTESIAN_POINT('',(-30.52904,-5.38309,112.));
#2259=DIRECTION('',(-0.89213,-0.23904,0.38337));
#2260=DIRECTION('',(0.25882,-0.96593,0.));
#2261=AXIS2_PLACEMENT_3D('',#2258,#2259,#2260);
#2262=PLANE('',#2261);
#2263=ADVANCED_FACE('',(#2257),#2262,.T.);
#2264=ORIENTED_EDGE('',*,*,#1483,.T.);
#2265=CARTESIAN_POINT('',(-22.51666,-13.,124.));
#2266=VERTEX_POINT('',#2265);
#2267=DIRECTION('',(0.33309,0.19231,0.92308));
#2268=VECTOR('',#2267,13.);
#2269=LINE('',#1473,#2268);
#2270=EDGE_CURVE('',#1474,#2266,#2269,.T.);
#2271=ORIENTED_EDGE('',*,*,#2270,.T.);
#2272=DIRECTION('',(0.42262,-0.90631,0.));
#2273=VECTOR('',#2272,4.5321);
#2274=LINE('',#2243,#2273);
#2275=EDGE_CURVE('',#2244,#2266,#2274,.T.);
#2276=ORIENTED_EDGE('',*,*,#2275,.F.);
#2277=ORIENTED_EDGE('',*,*,#2248,.F.);
#2278=EDGE_LOOP('',(#2264,#2271,#2276,#2277));
#2279=FACE_OUTER_BOUND('',#2278,.T.);
#2280=CARTESIAN_POINT('',(-29.13047,-10.60262,112.));
#2281=DIRECTION('',(-0.83706,-0.39033,0.38337));
#2282=DIRECTION('',(0.42262,-0.90631,0.));
#2283=AXIS2_PLACEMENT_3D('',#2280,#2281,#2282);
#2284=PLANE('',#2283);
#2285=ADVANCED_FACE('',(#2279),#2284,.T.);
#2286=ORIENTED_EDGE('',*,*,#1505,.T.);
#2287=CARTESIAN_POINT('',(-19.91716,-16.71248,124.));
#2288=VERTEX_POINT('',#2287);
#2289=DIRECTION('',(0.29463,0.24723,0.92308));
#2290=VECTOR('',#2289,13.);
#2291=LINE('',#1495,#2290);
#2292=EDGE_CURVE('',#1496,#2288,#2291,.T.);
#2293=ORIENTED_EDGE('',*,*,#2292,.T.);
#2294=DIRECTION('',(0.57358,-0.81915,0.));
#2295=VECTOR('',#2294,4.5321);
#2296=LINE('',#2265,#2295);
#2297=EDGE_CURVE('',#2266,#2288,#2296,.T.);
#2298=ORIENTED_EDGE('',*,*,#2297,.F.);
#2299=ORIENTED_EDGE('',*,*,#2270,.F.);
#2300=EDGE_LOOP('',(#2286,#2293,#2298,#2299));
#2301=FACE_OUTER_BOUND('',#2300,.T.);
#2302=CARTESIAN_POINT('',(-26.84679,-15.5,112.));
#2303=DIRECTION('',(-0.75657,-0.52975,0.38337));
#2304=DIRECTION('',(0.57358,-0.81915,0.));
#2305=AXIS2_PLACEMENT_3D('',#2302,#2303,#2304);
#2306=PLANE('',#2305);
#2307=ADVANCED_FACE('',(#2301),#2306,.T.);
#2308=ORIENTED_EDGE('',*,*,#1527,.T.);
#2309=CARTESIAN_POINT('',(-16.71248,-19.91716,124.));
#2310=VERTEX_POINT('',#2309);
#2311=DIRECTION('',(0.24723,0.29463,0.92308));
#2312=VECTOR('',#2311,13.);
#2313=LINE('',#1517,#2312);
#2314=EDGE_CURVE('',#1518,#2310,#2313,.T.);
#2315=ORIENTED_EDGE('',*,*,#2314,.T.);
#2316=DIRECTION('',(0.70711,-0.70711,0.));
#2317=VECTOR('',#2316,4.5321);
#2318=LINE('',#2287,#2317);
#2319=EDGE_CURVE('',#2288,#2310,#2318,.T.);
#2320=ORIENTED_EDGE('',*,*,#2319,.F.);
#2321=ORIENTED_EDGE('',*,*,#2292,.F.);
#2322=EDGE_LOOP('',(#2308,#2315,#2320,#2321));
#2323=FACE_OUTER_BOUND('',#2322,.T.);
#2324=CARTESIAN_POINT('',(-23.74738,-19.92642,112.));
#2325=DIRECTION('',(-0.65308,-0.65308,0.38337));
#2326=DIRECTION('',(0.70711,-0.70711,0.));
#2327=AXIS2_PLACEMENT_3D('',#2324,#2325,#2326);
#2328=PLANE('',#2327);
#2329=ADVANCED_FACE('',(#2323),#2328,.T.);
#2330=ORIENTED_EDGE('',*,*,#1549,.T.);
#2331=CARTESIAN_POINT('',(-13.,-22.51666,124.));
#2332=VERTEX_POINT('',#2331);
#2333=DIRECTION('',(0.19231,0.33309,0.92308));
#2334=VECTOR('',#2333,13.);
#2335=LINE('',#1539,#2334);
#2336=EDGE_CURVE('',#1540,#2332,#2335,.T.);
#2337=ORIENTED_EDGE('',*,*,#2336,.T.);
#2338=DIRECTION('',(0.81915,-0.57358,0.));
#2339=VECTOR('',#2338,4.5321);
#2340=LINE('',#2309,#2339);
#2341=EDGE_CURVE('',#2310,#2332,#2340,.T.);
#2342=ORIENTED_EDGE('',*,*,#2341,.F.);
#2343=ORIENTED_EDGE('',*,*,#2314,.F.);
#2344=EDGE_LOOP('',(#2330,#2337,#2342,#2343));
#2345=FACE_OUTER_BOUND('',#2344,.T.);
#2346=CARTESIAN_POINT('',(-19.92642,-23.74738,112.));
#2347=DIRECTION('',(-0.52975,-0.75657,0.38337));
#2348=DIRECTION('',(0.81915,-0.57358,0.));
#2349=AXIS2_PLACEMENT_3D('',#2346,#2347,#2348);
#2350=PLANE('',#2349);
#2351=ADVANCED_FACE('',(#2345),#2350,.T.);
#2352=ORIENTED_EDGE('',*,*,#1571,.T.);
#2353=CARTESIAN_POINT('',(-8.89252,-24.43201,124.));
#2354=VERTEX_POINT('',#2353);
#2355=DIRECTION('',(0.13155,0.36142,0.92308));
#2356=VECTOR('',#2355,13.);
#2357=LINE('',#1561,#2356);
#2358=EDGE_CURVE('',#1562,#2354,#2357,.T.);
#2359=ORIENTED_EDGE('',*,*,#2358,.T.);
#2360=DIRECTION('',(0.90631,-0.42262,0.));
#2361=VECTOR('',#2360,4.5321);
#2362=LINE('',#2331,#2361);
#2363=EDGE_CURVE('',#2332,#2354,#2362,.T.);
#2364=ORIENTED_EDGE('',*,*,#2363,.F.);
#2365=ORIENTED_EDGE('',*,*,#2336,.F.);
#2366=EDGE_LOOP('',(#2352,#2359,#2364,#2365));
#2367=FACE_OUTER_BOUND('',#2366,.T.);
#2368=CARTESIAN_POINT('',(-15.5,-26.84679,112.));
#2369=DIRECTION('',(-0.39033,-0.83706,0.38337));
#2370=DIRECTION('',(0.90631,-0.42262,0.));
#2371=AXIS2_PLACEMENT_3D('',#2368,#2369,#2370);
#2372=PLANE('',#2371);
#2373=ADVANCED_FACE('',(#2367),#2372,.T.);
#2374=ORIENTED_EDGE('',*,*,#1593,.T.);
#2375=CARTESIAN_POINT('',(-4.51485,-25.605,124.));
#2376=VERTEX_POINT('',#2375);
#2377=DIRECTION('',(0.06679,0.37877,0.92308));
#2378=VECTOR('',#2377,13.);
#2379=LINE('',#1583,#2378);
#2380=EDGE_CURVE('',#1584,#2376,#2379,.T.);
#2381=ORIENTED_EDGE('',*,*,#2380,.T.);
#2382=DIRECTION('',(0.96593,-0.25882,0.));
#2383=VECTOR('',#2382,4.5321);
#2384=LINE('',#2353,#2383);
#2385=EDGE_CURVE('',#2354,#2376,#2384,.T.);
#2386=ORIENTED_EDGE('',*,*,#2385,.F.);
#2387=ORIENTED_EDGE('',*,*,#2358,.F.);
#2388=EDGE_LOOP('',(#2374,#2381,#2386,#2387));
#2389=FACE_OUTER_BOUND('',#2388,.T.);
#2390=CARTESIAN_POINT('',(-10.60262,-29.13047,112.));
#2391=DIRECTION('',(-0.23904,-0.89213,0.38337));
#2392=DIRECTION('',(0.96593,-0.25882,0.));
#2393=AXIS2_PLACEMENT_3D('',#2390,#2391,#2392);
#2394=PLANE('',#2393);
#2395=ADVANCED_FACE('',(#2389),#2394,.T.);
#2396=ORIENTED_EDGE('',*,*,#1615,.T.);
#2397=CARTESIAN_POINT('',(0.,-26.,124.));
#2398=VERTEX_POINT('',#2397);
#2399=DIRECTION('',(0.,0.38462,0.92308));
#2400=VECTOR('',#2399,13.);
#2401=LINE('',#1605,#2400);
#2402=EDGE_CURVE('',#1606,#2398,#2401,.T.);
#2403=ORIENTED_EDGE('',*,*,#2402,.T.);
#2404=DIRECTION('',(0.99619,-0.08716,0.));
#2405=VECTOR('',#2404,4.5321);
#2406=LINE('',#2375,#2405);
#2407=EDGE_CURVE('',#2376,#2398,#2406,.T.);
#2408=ORIENTED_EDGE('',*,*,#2407,.F.);
#2409=ORIENTED_EDGE('',*,*,#2380,.F.);
#2410=EDGE_LOOP('',(#2396,#2403,#2408,#2409));
#2411=FACE_OUTER_BOUND('',#2410,.T.);
#2412=CARTESIAN_POINT('',(-5.38309,-30.52904,112.));
#2413=DIRECTION('',(-0.0805,-0.92008,0.38337));
#2414=DIRECTION('',(0.99619,-0.08716,0.));
#2415=AXIS2_PLACEMENT_3D('',#2412,#2413,#2414);
#2416=PLANE('',#2415);
#2417=ADVANCED_FACE('',(#2411),#2416,.T.);
#2418=ORIENTED_EDGE('',*,*,#1637,.T.);
#2419=CARTESIAN_POINT('',(4.51485,-25.605,124.));
#2420=VERTEX_POINT('',#2419);
#2421=DIRECTION('',(-0.06679,0.37877,0.92308));
#2422=VECTOR('',#2421,13.);
#2423=LINE('',#1627,#2422);
#2424=EDGE_CURVE('',#1628,#2420,#2423,.T.);
#2425=ORIENTED_EDGE('',*,*,#2424,.T.);
#2426=DIRECTION('',(0.99619,0.08716,0.));
#2427=VECTOR('',#2426,4.5321);
#2428=LINE('',#2397,#2427);
#2429=EDGE_CURVE('',#2398,#2420,#2428,.T.);
#2430=ORIENTED_EDGE('',*,*,#2429,.F.);
#2431=ORIENTED_EDGE('',*,*,#2402,.F.);
#2432=EDGE_LOOP('',(#2418,#2425,#2430,#2431));
#2433=FACE_OUTER_BOUND('',#2432,.T.);
#2434=CARTESIAN_POINT('',(0.,-31.,112.));
#2435=DIRECTION('',(0.0805,-0.92008,0.38337));
#2436=DIRECTION('',(0.99619,0.08716,0.));
#2437=AXIS2_PLACEMENT_3D('',#2434,#2435,#2436);
#2438=PLANE('',#2437);
#2439=ADVANCED_FACE('',(#2433),#2438,.T.);
#2440=ORIENTED_EDGE('',*,*,#1659,.T.);
#2441=CARTESIAN_POINT('',(8.89252,-24.43201,124.));
#2442=VERTEX_POINT('',#2441);
#2443=DIRECTION('',(-0.13155,0.36142,0.92308));
#2444=VECTOR('',#2443,13.);
#2445=LINE('',#1649,#2444);
#2446=EDGE_CURVE('',#1650,#2442,#2445,.T.);
#2447=ORIENTED_EDGE('',*,*,#2446,.T.);
#2448=DIRECTION('',(0.96593,0.25882,0.));
#2449=VECTOR('',#2448,4.5321);
#2450=LINE('',#2419,#2449);
#2451=EDGE_CURVE('',#2420,#2442,#2450,.T.);
#2452=ORIENTED_EDGE('',*,*,#2451,.F.);
#2453=ORIENTED_EDGE('',*,*,#2424,.F.);
#2454=EDGE_LOOP('',(#2440,#2447,#2452,#2453));
#2455=FACE_OUTER_BOUND('',#2454,.T.);
#2456=CARTESIAN_POINT('',(5.38309,-30.52904,112.));
#2457=DIRECTION('',(0.23904,-0.89213,0.38337));
#2458=DIRECTION('',(0.96593,0.25882,0.));
#2459=AXIS2_PLACEMENT_3D('',#2456,#2457,#2458);
#2460=PLANE('',#2459);
#2461=ADVANCED_FACE('',(#2455),#2460,.T.);
#2462=ORIENTED_EDGE('',*,*,#1681,.T.);
#2463=CARTESIAN_POINT('',(13.,-22.51666,124.));
#2464=VERTEX_POINT('',#2463);
#2465=DIRECTION('',(-0.19231,0.33309,0.92308));
#2466=VECTOR('',#2465,13.);
#2467=LINE('',#1671,#2466);
#2468=EDGE_CURVE('',#1672,#2464,#2467,.T.);
#2469=ORIENTED_EDGE('',*,*,#2468,.T.);
#2470=DIRECTION('',(0.90631,0.42262,0.));
#2471=VECTOR('',#2470,4.5321);
#2472=LINE('',#2441,#2471);
#2473=EDGE_CURVE('',#2442,#2464,#2472,.T.);
#2474=ORIENTED_EDGE('',*,*,#2473,.F.);
#2475=ORIENTED_EDGE('',*,*,#2446,.F.);
#2476=EDGE_LOOP('',(#2462,#2469,#2474,#2475));
#2477=FACE_OUTER_BOUND('',#2476,.T.);
#2478=CARTESIAN_POINT('',(10.60262,-29.13047,112.));
#2479=DIRECTION('',(0.39033,-0.83706,0.38337));
#2480=DIRECTION('',(0.90631,0.42262,0.));
#2481=AXIS2_PLACEMENT_3D('',#2478,#2479,#2480);
#2482=PLANE('',#2481);
#2483=ADVANCED_FACE('',(#2477),#2482,.T.);
#2484=ORIENTED_EDGE('',*,*,#1703,.T.);
#2485=CARTESIAN_POINT('',(16.71248,-19.91716,124.));
#2486=VERTEX_POINT('',#2485);
#2487=DIRECTION('',(-0.24723,0.29463,0.92308));
#2488=VECTOR('',#2487,13.);
#2489=LINE('',#1693,#2488);
#2490=EDGE_CURVE('',#1694,#2486,#2489,.T.);
#2491=ORIENTED_EDGE('',*,*,#2490,.T.);
#2492=DIRECTION('',(0.81915,0.57358,0.));
#2493=VECTOR('',#2492,4.5321);
#2494=LINE('',#2463,#2493);
#2495=EDGE_CURVE('',#2464,#2486,#2494,.T.);
#2496=ORIENTED_EDGE('',*,*,#2495,.F.);
#2497=ORIENTED_EDGE('',*,*,#2468,.F.);
#2498=EDGE_LOOP('',(#2484,#2491,#2496,#2497));
#2499=FACE_OUTER_BOUND('',#2498,.T.);
#2500=CARTESIAN_POINT('',(15.5,-26.84679,112.));
#2501=DIRECTION('',(0.52975,-0.75657,0.38337));
#2502=DIRECTION('',(0.81915,0.57358,0.));
#2503=AXIS2_PLACEMENT_3D('',#2500,#2501,#2502);
#2504=PLANE('',#2503);
#2505=ADVANCED_FACE('',(#2499),#2504,.T.);
#2506=ORIENTED_EDGE('',*,*,#1725,.T.);
#2507=CARTESIAN_POINT('',(19.91716,-16.71248,124.));
#2508=VERTEX_POINT('',#2507);
#2509=DIRECTION('',(-0.29463,0.24723,0.92308));
#2510=VECTOR('',#2509,13.);
#2511=LINE('',#1715,#2510);
#2512=EDGE_CURVE('',#1716,#2508,#2511,.T.);
#2513=ORIENTED_EDGE('',*,*,#2512,.T.);
#2514=DIRECTION('',(0.70711,0.70711,0.));
#2515=VECTOR('',#2514,4.5321);
#2516=LINE('',#2485,#2515);
#2517=EDGE_CURVE('',#2486,#2508,#2516,.T.);
#2518=ORIENTED_EDGE('',*,*,#2517,.F.);
#2519=ORIENTED_EDGE('',*,*,#2490,.F.);
#2520=EDGE_LOOP('',(#2506,#2513,#2518,#2519));
#2521=FACE_OUTER_BOUND('',#2520,.T.);
#2522=CARTESIAN_POINT('',(19.92642,-23.74738,112.));
#2523=DIRECTION('',(0.65308,-0.65308,0.38337));
#2524=DIRECTION('',(0.70711,0.70711,0.));
#2525=AXIS2_PLACEMENT_3D('',#2522,#2523,#2524);
#2526=PLANE('',#2525);
#2527=ADVANCED_FACE('',(#2521),#2526,.T.);
#2528=ORIENTED_EDGE('',*,*,#1747,.T.);
#2529=CARTESIAN_POINT('',(22.51666,-13.,124.));
#2530=VERTEX_POINT('',#2529);
#2531=DIRECTION('',(-0.33309,0.19231,0.92308));
#2532=VECTOR('',#2531,13.);
#2533=LINE('',#1737,#2532);
#2534=EDGE_CURVE('',#1738,#2530,#2533,.T.);
#2535=ORIENTED_EDGE('',*,*,#2534,.T.);
#2536=DIRECTION('',(0.57358,0.81915,0.));
#2537=VECTOR('',#2536,4.5321);
#2538=LINE('',#2507,#2537);
#2539=EDGE_CURVE('',#2508,#2530,#2538,.T.);
#2540=ORIENTED_EDGE('',*,*,#2539,.F.);
#2541=ORIENTED_EDGE('',*,*,#2512,.F.);
#2542=EDGE_LOOP('',(#2528,#2535,#2540,#2541));
#2543=FACE_OUTER_BOUND('',#2542,.T.);
#2544=CARTESIAN_POINT('',(23.74738,-19.92642,112.));
#2545=DIRECTION('',(0.75657,-0.52975,0.38337));
#2546=DIRECTION('',(0.57358,0.81915,0.));
#2547=AXIS2_PLACEMENT_3D('',#2544,#2545,#2546);
#2548=PLANE('',#2547);
#2549=ADVANCED_FACE('',(#2543),#2548,.T.);
#2550=ORIENTED_EDGE('',*,*,#1769,.T.);
#2551=CARTESIAN_POINT('',(24.43201,-8.89252,124.));
#2552=VERTEX_POINT('',#2551);
#2553=DIRECTION('',(-0.36142,0.13155,0.92308));
#2554=VECTOR('',#2553,13.);
#2555=LINE('',#1759,#2554);
#2556=EDGE_CURVE('',#1760,#2552,#2555,.T.);
#2557=ORIENTED_EDGE('',*,*,#2556,.T.);
#2558=DIRECTION('',(0.42262,0.90631,0.));
#2559=VECTOR('',#2558,4.5321);
#2560=LINE('',#2529,#2559);
#2561=EDGE_CURVE('',#2530,#2552,#2560,.T.);
#2562=ORIENTED_EDGE('',*,*,#2561,.F.);
#2563=ORIENTED_EDGE('',*,*,#2534,.F.);
#2564=EDGE_LOOP('',(#2550,#2557,#2562,#2563));
#2565=FACE_OUTER_BOUND('',#2564,.T.);
#2566=CARTESIAN_POINT('',(26.84679,-15.5,112.));
#2567=DIRECTION('',(0.83706,-0.39033,0.38337));
#2568=DIRECTION('',(0.42262,0.90631,0.));
#2569=AXIS2_PLACEMENT_3D('',#2566,#2567,#2568);
#2570=PLANE('',#2569);
#2571=ADVANCED_FACE('',(#2565),#2570,.T.);
#2572=ORIENTED_EDGE('',*,*,#1791,.T.);
#2573=CARTESIAN_POINT('',(25.605,-4.51485,124.));
#2574=VERTEX_POINT('',#2573);
#2575=DIRECTION('',(-0.37877,0.06679,0.92308));
#2576=VECTOR('',#2575,13.);
#2577=LINE('',#1781,#2576);
#2578=EDGE_CURVE('',#1782,#2574,#2577,.T.);
#2579=ORIENTED_EDGE('',*,*,#2578,.T.);
#2580=DIRECTION('',(0.25882,0.96593,0.));
#2581=VECTOR('',#2580,4.5321);
#2582=LINE('',#2551,#2581);
#2583=EDGE_CURVE('',#2552,#2574,#2582,.T.);
#2584=ORIENTED_EDGE('',*,*,#2583,.F.);
#2585=ORIENTED_EDGE('',*,*,#2556,.F.);
#2586=EDGE_LOOP('',(#2572,#2579,#2584,#2585));
#2587=FACE_OUTER_BOUND('',#2586,.T.);
#2588=CARTESIAN_POINT('',(29.13047,-10.60262,112.));
#2589=DIRECTION('',(0.89213,-0.23904,0.38337));
#2590=DIRECTION('',(0.25882,0.96593,0.));
#2591=AXIS2_PLACEMENT_3D('',#2588,#2589,#2590);
#2592=PLANE('',#2591);
#2593=ADVANCED_FACE('',(#2587),#2592,.T.);
#2594=ORIENTED_EDGE('',*,*,#1807,.F.);
#2595=ORIENTED_EDGE('',*,*,#1836,.T.);
#2596=DIRECTION('',(-0.08716,-0.99619,0.));
#2597=VECTOR('',#2596,4.5321);
#2598=LINE('',#1826,#2597);
#2599=EDGE_CURVE('',#1827,#2574,#2598,.T.);
#2600=ORIENTED_EDGE('',*,*,#2599,.T.);
#2601=ORIENTED_EDGE('',*,*,#2578,.F.);
#2602=EDGE_LOOP('',(#2594,#2595,#2600,#2601));
#2603=FACE_OUTER_BOUND('',#2602,.T.);
#2604=CARTESIAN_POINT('',(30.52904,-5.38309,112.));
#2605=DIRECTION('',(0.92008,-0.0805,0.38337));
#2606=DIRECTION('',(0.08716,0.99619,0.));
#2607=AXIS2_PLACEMENT_3D('',#2604,#2605,#2606);
#2608=PLANE('',#2607);
#2609=ADVANCED_FACE('',(#2603),#2608,.T.);
#2610=ORIENTED_EDGE('',*,*,#1831,.T.);
#2611=CARTESIAN_POINT('',(14.77212,2.60472,132.));
#2612=VERTEX_POINT('',#2611);
#2613=DIRECTION('',(-0.79645,-0.14044,0.58817));
#2614=VECTOR('',#2613,13.60147);
#2615=LINE('',#1819,#2614);
#2616=EDGE_CURVE('',#1820,#2612,#2615,.T.);
#2617=ORIENTED_EDGE('',*,*,#2616,.T.);
#2618=CARTESIAN_POINT('',(15.,0.,132.));
#2619=VERTEX_POINT('',#2618);
#2620=DIRECTION('',(-0.08716,0.99619,0.));
#2621=VECTOR('',#2620,2.61467);
#2622=LINE('',#2618,#2621);
#2623=EDGE_CURVE('',#2619,#2612,#2622,.T.);
#2624=ORIENTED_EDGE('',*,*,#2623,.F.);
#2625=DIRECTION('',(-0.80874,0.,0.58817));
#2626=VECTOR('',#2625,13.60147);
#2627=LINE('',#1826,#2626);
#2628=EDGE_CURVE('',#1827,#2619,#2627,.T.);
#2629=ORIENTED_EDGE('',*,*,#2628,.F.);
#2630=EDGE_LOOP('',(#2610,#2617,#2624,#2629));
#2631=FACE_OUTER_BOUND('',#2630,.T.);
#2632=CARTESIAN_POINT('',(26.,0.,124.));
#2633=DIRECTION('',(0.58739,0.05139,0.80767));
#2634=DIRECTION('',(-0.08716,0.99619,0.));
#2635=AXIS2_PLACEMENT_3D('',#2632,#2633,#2634);
#2636=PLANE('',#2635);
#2637=ADVANCED_FACE('',(#2631),#2636,.T.);
#2638=ORIENTED_EDGE('',*,*,#1857,.T.);
#2639=CARTESIAN_POINT('',(14.09539,5.1303,132.));
#2640=VERTEX_POINT('',#2639);
#2641=DIRECTION('',(-0.75996,-0.2766,0.58817));
#2642=VECTOR('',#2641,13.60147);
#2643=LINE('',#1847,#2642);
#2644=EDGE_CURVE('',#1848,#2640,#2643,.T.);
#2645=ORIENTED_EDGE('',*,*,#2644,.T.);
#2646=DIRECTION('',(-0.25882,0.96593,0.));
#2647=VECTOR('',#2646,2.61467);
#2648=LINE('',#2611,#2647);
#2649=EDGE_CURVE('',#2612,#2640,#2648,.T.);
#2650=ORIENTED_EDGE('',*,*,#2649,.F.);
#2651=ORIENTED_EDGE('',*,*,#2616,.F.);
#2652=EDGE_LOOP('',(#2638,#2645,#2650,#2651));
#2653=FACE_OUTER_BOUND('',#2652,.T.);
#2654=CARTESIAN_POINT('',(25.605,4.51485,124.));
#2655=DIRECTION('',(0.56955,0.15261,0.80767));
#2656=DIRECTION('',(-0.25882,0.96593,0.));
#2657=AXIS2_PLACEMENT_3D('',#2654,#2655,#2656);
#2658=PLANE('',#2657);
#2659=ADVANCED_FACE('',(#2653),#2658,.T.);
#2660=ORIENTED_EDGE('',*,*,#1879,.T.);
#2661=CARTESIAN_POINT('',(12.99038,7.5,132.));
#2662=VERTEX_POINT('',#2661);
#2663=DIRECTION('',(-0.70039,-0.40437,0.58817));
#2664=VECTOR('',#2663,13.60147);
#2665=LINE('',#1869,#2664);
#2666=EDGE_CURVE('',#1870,#2662,#2665,.T.);
#2667=ORIENTED_EDGE('',*,*,#2666,.T.);
#2668=DIRECTION('',(-0.42262,0.90631,0.));
#2669=VECTOR('',#2668,2.61467);
#2670=LINE('',#2639,#2669);
#2671=EDGE_CURVE('',#2640,#2662,#2670,.T.);
#2672=ORIENTED_EDGE('',*,*,#2671,.F.);
#2673=ORIENTED_EDGE('',*,*,#2644,.F.);
#2674=EDGE_LOOP('',(#2660,#2667,#2672,#2673));
#2675=FACE_OUTER_BOUND('',#2674,.T.);
#2676=CARTESIAN_POINT('',(24.43201,8.89252,124.));
#2677=DIRECTION('',(0.53439,0.24919,0.80767));
#2678=DIRECTION('',(-0.42262,0.90631,0.));
#2679=AXIS2_PLACEMENT_3D('',#2676,#2677,#2678);
#2680=PLANE('',#2679);
#2681=ADVANCED_FACE('',(#2675),#2680,.T.);
#2682=ORIENTED_EDGE('',*,*,#1901,.T.);
#2683=CARTESIAN_POINT('',(11.49067,9.64181,132.));
#2684=VERTEX_POINT('',#2683);
#2685=DIRECTION('',(-0.61953,-0.51985,0.58817));
#2686=VECTOR('',#2685,13.60147);
#2687=LINE('',#1891,#2686);
#2688=EDGE_CURVE('',#1892,#2684,#2687,.T.);
#2689=ORIENTED_EDGE('',*,*,#2688,.T.);
#2690=DIRECTION('',(-0.57358,0.81915,0.));
#2691=VECTOR('',#2690,2.61467);
#2692=LINE('',#2661,#2691);
#2693=EDGE_CURVE('',#2662,#2684,#2692,.T.);
#2694=ORIENTED_EDGE('',*,*,#2693,.F.);
#2695=ORIENTED_EDGE('',*,*,#2666,.F.);
#2696=EDGE_LOOP('',(#2682,#2689,#2694,#2695));
#2697=FACE_OUTER_BOUND('',#2696,.T.);
#2698=CARTESIAN_POINT('',(22.51666,13.,124.));
#2699=DIRECTION('',(0.483,0.3382,0.80767));
#2700=DIRECTION('',(-0.57358,0.81915,0.));
#2701=AXIS2_PLACEMENT_3D('',#2698,#2699,#2700);
#2702=PLANE('',#2701);
#2703=ADVANCED_FACE('',(#2697),#2702,.T.);
#2704=ORIENTED_EDGE('',*,*,#1923,.T.);
#2705=CARTESIAN_POINT('',(9.64181,11.49067,132.));
#2706=VERTEX_POINT('',#2705);
#2707=DIRECTION('',(-0.51985,-0.61953,0.58817));
#2708=VECTOR('',#2707,13.60147);
#2709=LINE('',#1913,#2708);
#2710=EDGE_CURVE('',#1914,#2706,#2709,.T.);
#2711=ORIENTED_EDGE('',*,*,#2710,.T.);
#2712=DIRECTION('',(-0.70711,0.70711,0.));
#2713=VECTOR('',#2712,2.61467);
#2714=LINE('',#2683,#2713);
#2715=EDGE_CURVE('',#2684,#2706,#2714,.T.);
#2716=ORIENTED_EDGE('',*,*,#2715,.F.);
#2717=ORIENTED_EDGE('',*,*,#2688,.F.);
#2718=EDGE_LOOP('',(#2704,#2711,#2716,#2717));
#2719=FACE_OUTER_BOUND('',#2718,.T.);
#2720=CARTESIAN_POINT('',(19.91716,16.71248,124.));
#2721=DIRECTION('',(0.41694,0.41694,0.80767));
#2722=DIRECTION('',(-0.70711,0.70711,0.));
#2723=AXIS2_PLACEMENT_3D('',#2720,#2721,#2722);
#2724=PLANE('',#2723);
#2725=ADVANCED_FACE('',(#2719),#2724,.T.);
#2726=ORIENTED_EDGE('',*,*,#1945,.T.);
#2727=CARTESIAN_POINT('',(7.5,12.99038,132.));
#2728=VERTEX_POINT('',#2727);
#2729=DIRECTION('',(-0.40437,-0.70039,0.58817));
#2730=VECTOR('',#2729,13.60147);
#2731=LINE('',#1935,#2730);
#2732=EDGE_CURVE('',#1936,#2728,#2731,.T.);
#2733=ORIENTED_EDGE('',*,*,#2732,.T.);
#2734=DIRECTION('',(-0.81915,0.57358,0.));
#2735=VECTOR('',#2734,2.61467);
#2736=LINE('',#2705,#2735);
#2737=EDGE_CURVE('',#2706,#2728,#2736,.T.);
#2738=ORIENTED_EDGE('',*,*,#2737,.F.);
#2739=ORIENTED_EDGE('',*,*,#2710,.F.);
#2740=EDGE_LOOP('',(#2726,#2733,#2738,#2739));
#2741=FACE_OUTER_BOUND('',#2740,.T.);
#2742=CARTESIAN_POINT('',(16.71248,19.91716,124.));
#2743=DIRECTION('',(0.3382,0.483,0.80767));
#2744=DIRECTION('',(-0.81915,0.57358,0.));
#2745=AXIS2_PLACEMENT_3D('',#2742,#2743,#2744);
#2746=PLANE('',#2745);
#2747=ADVANCED_FACE('',(#2741),#2746,.T.);
#2748=ORIENTED_EDGE('',*,*,#1967,.T.);
#2749=CARTESIAN_POINT('',(5.1303,14.09539,132.));
#2750=VERTEX_POINT('',#2749);
#2751=DIRECTION('',(-0.2766,-0.75996,0.58817));
#2752=VECTOR('',#2751,13.60147);
#2753=LINE('',#1957,#2752);
#2754=EDGE_CURVE('',#1958,#2750,#2753,.T.);
#2755=ORIENTED_EDGE('',*,*,#2754,.T.);
#2756=DIRECTION('',(-0.90631,0.42262,0.));
#2757=VECTOR('',#2756,2.61467);
#2758=LINE('',#2727,#2757);
#2759=EDGE_CURVE('',#2728,#2750,#2758,.T.);
#2760=ORIENTED_EDGE('',*,*,#2759,.F.);
#2761=ORIENTED_EDGE('',*,*,#2732,.F.);
#2762=EDGE_LOOP('',(#2748,#2755,#2760,#2761));
#2763=FACE_OUTER_BOUND('',#2762,.T.);
#2764=CARTESIAN_POINT('',(13.,22.51666,124.));
#2765=DIRECTION('',(0.24919,0.53439,0.80767));
#2766=DIRECTION('',(-0.90631,0.42262,0.));
#2767=AXIS2_PLACEMENT_3D('',#2764,#2765,#2766);
#2768=PLANE('',#2767);
#2769=ADVANCED_FACE('',(#2763),#2768,.T.);
#2770=ORIENTED_EDGE('',*,*,#1989,.T.);
#2771=CARTESIAN_POINT('',(2.60472,14.77212,132.));
#2772=VERTEX_POINT('',#2771);
#2773=DIRECTION('',(-0.14044,-0.79645,0.58817));
#2774=VECTOR('',#2773,13.60147);
#2775=LINE('',#1979,#2774);
#2776=EDGE_CURVE('',#1980,#2772,#2775,.T.);
#2777=ORIENTED_EDGE('',*,*,#2776,.T.);
#2778=DIRECTION('',(-0.96593,0.25882,0.));
#2779=VECTOR('',#2778,2.61467);
#2780=LINE('',#2749,#2779);
#2781=EDGE_CURVE('',#2750,#2772,#2780,.T.);
#2782=ORIENTED_EDGE('',*,*,#2781,.F.);
#2783=ORIENTED_EDGE('',*,*,#2754,.F.);
#2784=EDGE_LOOP('',(#2770,#2777,#2782,#2783));
#2785=FACE_OUTER_BOUND('',#2784,.T.);
#2786=CARTESIAN_POINT('',(8.89252,24.43201,124.));
#2787=DIRECTION('',(0.15261,0.56955,0.80767));
#2788=DIRECTION('',(-0.96593,0.25882,0.));
#2789=AXIS2_PLACEMENT_3D('',#2786,#2787,#2788);
#2790=PLANE('',#2789);
#2791=ADVANCED_FACE('',(#2785),#2790,.T.);
#2792=ORIENTED_EDGE('',*,*,#2011,.T.);
#2793=CARTESIAN_POINT('',(0.,15.,132.));
#2794=VERTEX_POINT('',#2793);
#2795=DIRECTION('',(0.,-0.80874,0.58817));
#2796=VECTOR('',#2795,13.60147);
#2797=LINE('',#2001,#2796);
#2798=EDGE_CURVE('',#2002,#2794,#2797,.T.);
#2799=ORIENTED_EDGE('',*,*,#2798,.T.);
#2800=DIRECTION('',(-0.99619,0.08716,0.));
#2801=VECTOR('',#2800,2.61467);
#2802=LINE('',#2771,#2801);
#2803=EDGE_CURVE('',#2772,#2794,#2802,.T.);
#2804=ORIENTED_EDGE('',*,*,#2803,.F.);
#2805=ORIENTED_EDGE('',*,*,#2776,.F.);
#2806=EDGE_LOOP('',(#2792,#2799,#2804,#2805));
#2807=FACE_OUTER_BOUND('',#2806,.T.);
#2808=CARTESIAN_POINT('',(4.51485,25.605,124.));
#2809=DIRECTION('',(0.05139,0.58739,0.80767));
#2810=DIRECTION('',(-0.99619,0.08716,0.));
#2811=AXIS2_PLACEMENT_3D('',#2808,#2809,#2810);
#2812=PLANE('',#2811);
#2813=ADVANCED_FACE('',(#2807),#2812,.T.);
#2814=ORIENTED_EDGE('',*,*,#2033,.T.);
#2815=CARTESIAN_POINT('',(-2.60472,14.77212,132.));
#2816=VERTEX_POINT('',#2815);
#2817=DIRECTION('',(0.14044,-0.79645,0.58817));
#2818=VECTOR('',#2817,13.60147);
#2819=LINE('',#2023,#2818);
#2820=EDGE_CURVE('',#2024,#2816,#2819,.T.);
#2821=ORIENTED_EDGE('',*,*,#2820,.T.);
#2822=DIRECTION('',(-0.99619,-0.08716,0.));
#2823=VECTOR('',#2822,2.61467);
#2824=LINE('',#2793,#2823);
#2825=EDGE_CURVE('',#2794,#2816,#2824,.T.);
#2826=ORIENTED_EDGE('',*,*,#2825,.F.);
#2827=ORIENTED_EDGE('',*,*,#2798,.F.);
#2828=EDGE_LOOP('',(#2814,#2821,#2826,#2827));
#2829=FACE_OUTER_BOUND('',#2828,.T.);
#2830=CARTESIAN_POINT('',(0.,26.,124.));
#2831=DIRECTION('',(-0.05139,0.58739,0.80767));
#2832=DIRECTION('',(-0.99619,-0.08716,0.));
#2833=AXIS2_PLACEMENT_3D('',#2830,#2831,#2832);
#2834=PLANE('',#2833);
#2835=ADVANCED_FACE('',(#2829),#2834,.T.);
#2836=ORIENTED_EDGE('',*,*,#2055,.T.);
#2837=CARTESIAN_POINT('',(-5.1303,14.09539,132.));
#2838=VERTEX_POINT('',#2837);
#2839=DIRECTION('',(0.2766,-0.75996,0.58817));
#2840=VECTOR('',#2839,13.60147);
#2841=LINE('',#2045,#2840);
#2842=EDGE_CURVE('',#2046,#2838,#2841,.T.);
#2843=ORIENTED_EDGE('',*,*,#2842,.T.);
#2844=DIRECTION('',(-0.96593,-0.25882,0.));
#2845=VECTOR('',#2844,2.61467);
#2846=LINE('',#2815,#2845);
#2847=EDGE_CURVE('',#2816,#2838,#2846,.T.);
#2848=ORIENTED_EDGE('',*,*,#2847,.F.);
#2849=ORIENTED_EDGE('',*,*,#2820,.F.);
#2850=EDGE_LOOP('',(#2836,#2843,#2848,#2849));
#2851=FACE_OUTER_BOUND('',#2850,.T.);
#2852=CARTESIAN_POINT('',(-4.51485,25.605,124.));
#2853=DIRECTION('',(-0.15261,0.56955,0.80767));
#2854=DIRECTION('',(-0.96593,-0.25882,0.));
#2855=AXIS2_PLACEMENT_3D('',#2852,#2853,#2854);
#2856=PLANE('',#2855);
#2857=ADVANCED_FACE('',(#2851),#2856,.T.);
#2858=ORIENTED_EDGE('',*,*,#2077,.T.);
#2859=CARTESIAN_POINT('',(-7.5,12.99038,132.));
#2860=VERTEX_POINT('',#2859);
#2861=DIRECTION('',(0.40437,-0.70039,0.58817));
#2862=VECTOR('',#2861,13.60147);
#2863=LINE('',#2067,#2862);
#2864=EDGE_CURVE('',#2068,#2860,#2863,.T.);
#2865=ORIENTED_EDGE('',*,*,#2864,.T.);
#2866=DIRECTION('',(-0.90631,-0.42262,0.));
#2867=VECTOR('',#2866,2.61467);
#2868=LINE('',#2837,#2867);
#2869=EDGE_CURVE('',#2838,#2860,#2868,.T.);
#2870=ORIENTED_EDGE('',*,*,#2869,.F.);
#2871=ORIENTED_EDGE('',*,*,#2842,.F.);
#2872=EDGE_LOOP('',(#2858,#2865,#2870,#2871));
#2873=FACE_OUTER_BOUND('',#2872,.T.);
#2874=CARTESIAN_POINT('',(-8.89252,24.43201,124.));
#2875=DIRECTION('',(-0.24919,0.53439,0.80767));
#2876=DIRECTION('',(-0.90631,-0.42262,0.));
#2877=AXIS2_PLACEMENT_3D('',#2874,#2875,#2876);
#2878=PLANE('',#2877);
#2879=ADVANCED_FACE('',(#2873),#2878,.T.);
#2880=ORIENTED_EDGE('',*,*,#2099,.T.);
#2881=CARTESIAN_POINT('',(-9.64181,11.49067,132.));
#2882=VERTEX_POINT('',#2881);
#2883=DIRECTION('',(0.51985,-0.61953,0.58817));
#2884=VECTOR('',#2883,13.60147);
#2885=LINE('',#2089,#2884);
#2886=EDGE_CURVE('',#2090,#2882,#2885,.T.);
#2887=ORIENTED_EDGE('',*,*,#2886,.T.);
#2888=DIRECTION('',(-0.81915,-0.57358,0.));
#2889=VECTOR('',#2888,2.61467);
#2890=LINE('',#2859,#2889);
#2891=EDGE_CURVE('',#2860,#2882,#2890,.T.);
#2892=ORIENTED_EDGE('',*,*,#2891,.F.);
#2893=ORIENTED_EDGE('',*,*,#2864,.F.);
#2894=EDGE_LOOP('',(#2880,#2887,#2892,#2893));
#2895=FACE_OUTER_BOUND('',#2894,.T.);
#2896=CARTESIAN_POINT('',(-13.,22.51666,124.));
#2897=DIRECTION('',(-0.3382,0.483,0.80767));
#2898=DIRECTION('',(-0.81915,-0.57358,0.));
#2899=AXIS2_PLACEMENT_3D('',#2896,#2897,#2898);
#2900=PLANE('',#2899);
#2901=ADVANCED_FACE('',(#2895),#2900,.T.);
#2902=ORIENTED_EDGE('',*,*,#2121,.T.);
#2903=CARTESIAN_POINT('',(-11.49067,9.64181,132.));
#2904=VERTEX_POINT('',#2903);
#2905=DIRECTION('',(0.61953,-0.51985,0.58817));
#2906=VECTOR('',#2905,13.60147);
#2907=LINE('',#2111,#2906);
#2908=EDGE_CURVE('',#2112,#2904,#2907,.T.);
#2909=ORIENTED_EDGE('',*,*,#2908,.T.);
#2910=DIRECTION('',(-0.70711,-0.70711,0.));
#2911=VECTOR('',#2910,2.61467);
#2912=LINE('',#2881,#2911);
#2913=EDGE_CURVE('',#2882,#2904,#2912,.T.);
#2914=ORIENTED_EDGE('',*,*,#2913,.F.);
#2915=ORIENTED_EDGE('',*,*,#2886,.F.);
#2916=EDGE_LOOP('',(#2902,#2909,#2914,#2915));
#2917=FACE_OUTER_BOUND('',#2916,.T.);
#2918=CARTESIAN_POINT('',(-16.71248,19.91716,124.));
#2919=DIRECTION('',(-0.41694,0.41694,0.80767));
#2920=DIRECTION('',(-0.70711,-0.70711,0.));
#2921=AXIS2_PLACEMENT_3D('',#2918,#2919,#2920);
#2922=PLANE('',#2921);
#2923=ADVANCED_FACE('',(#2917),#2922,.T.);
#2924=ORIENTED_EDGE('',*,*,#2143,.T.);
#2925=CARTESIAN_POINT('',(-12.99038,7.5,132.));
#2926=VERTEX_POINT('',#2925);
#2927=DIRECTION('',(0.70039,-0.40437,0.58817));
#2928=VECTOR('',#2927,13.60147);
#2929=LINE('',#2133,#2928);
#2930=EDGE_CURVE('',#2134,#2926,#2929,.T.);
#2931=ORIENTED_EDGE('',*,*,#2930,.T.);
#2932=DIRECTION('',(-0.57358,-0.81915,0.));
#2933=VECTOR('',#2932,2.61467);
#2934=LINE('',#2903,#2933);
#2935=EDGE_CURVE('',#2904,#2926,#2934,.T.);
#2936=ORIENTED_EDGE('',*,*,#2935,.F.);
#2937=ORIENTED_EDGE('',*,*,#2908,.F.);
#2938=EDGE_LOOP('',(#2924,#2931,#2936,#2937));
#2939=FACE_OUTER_BOUND('',#2938,.T.);
#2940=CARTESIAN_POINT('',(-19.91716,16.71248,124.));
#2941=DIRECTION('',(-0.483,0.3382,0.80767));
#2942=DIRECTION('',(-0.57358,-0.81915,0.));
#2943=AXIS2_PLACEMENT_3D('',#2940,#2941,#2942);
#2944=PLANE('',#2943);
#2945=ADVANCED_FACE('',(#2939),#2944,.T.);
#2946=ORIENTED_EDGE('',*,*,#2165,.T.);
#2947=CARTESIAN_POINT('',(-14.09539,5.1303,132.));
#2948=VERTEX_POINT('',#2947);
#2949=DIRECTION('',(0.75996,-0.2766,0.58817));
#2950=VECTOR('',#2949,13.60147);
#2951=LINE('',#2155,#2950);
#2952=EDGE_CURVE('',#2156,#2948,#2951,.T.);
#2953=ORIENTED_EDGE('',*,*,#2952,.T.);
#2954=DIRECTION('',(-0.42262,-0.90631,0.));
#2955=VECTOR('',#2954,2.61467);
#2956=LINE('',#2925,#2955);
#2957=EDGE_CURVE('',#2926,#2948,#2956,.T.);
#2958=ORIENTED_EDGE('',*,*,#2957,.F.);
#2959=ORIENTED_EDGE('',*,*,#2930,.F.);
#2960=EDGE_LOOP('',(#2946,#2953,#2958,#2959));
#2961=FACE_OUTER_BOUND('',#2960,.T.);
#2962=CARTESIAN_POINT('',(-22.51666,13.,124.));
#2963=DIRECTION('',(-0.53439,0.24919,0.80767));
#2964=DIRECTION('',(-0.42262,-0.90631,0.));
#2965=AXIS2_PLACEMENT_3D('',#2962,#2963,#2964);
#2966=PLANE('',#2965);
#2967=ADVANCED_FACE('',(#2961),#2966,.T.);
#2968=ORIENTED_EDGE('',*,*,#2187,.T.);
#2969=CARTESIAN_POINT('',(-14.77212,2.60472,132.));
#2970=VERTEX_POINT('',#2969);
#2971=DIRECTION('',(0.79645,-0.14044,0.58817));
#2972=VECTOR('',#2971,13.60147);
#2973=LINE('',#2177,#2972);
#2974=EDGE_CURVE('',#2178,#2970,#2973,.T.);
#2975=ORIENTED_EDGE('',*,*,#2974,.T.);
#2976=DIRECTION('',(-0.25882,-0.96593,0.));
#2977=VECTOR('',#2976,2.61467);
#2978=LINE('',#2947,#2977);
#2979=EDGE_CURVE('',#2948,#2970,#2978,.T.);
#2980=ORIENTED_EDGE('',*,*,#2979,.F.);
#2981=ORIENTED_EDGE('',*,*,#2952,.F.);
#2982=EDGE_LOOP('',(#2968,#2975,#2980,#2981));
#2983=FACE_OUTER_BOUND('',#2982,.T.);
#2984=CARTESIAN_POINT('',(-24.43201,8.89252,124.));
#2985=DIRECTION('',(-0.56955,0.15261,0.80767));
#2986=DIRECTION('',(-0.25882,-0.96593,0.));
#2987=AXIS2_PLACEMENT_3D('',#2984,#2985,#2986);
#2988=PLANE('',#2987);
#2989=ADVANCED_FACE('',(#2983),#2988,.T.);
#2990=ORIENTED_EDGE('',*,*,#2209,.T.);
#2991=CARTESIAN_POINT('',(-15.,0.,132.));
#2992=VERTEX_POINT('',#2991);
#2993=DIRECTION('',(0.80874,0.,0.58817));
#2994=VECTOR('',#2993,13.60147);
#2995=LINE('',#2199,#2994);
#2996=EDGE_CURVE('',#2200,#2992,#2995,.T.);
#2997=ORIENTED_EDGE('',*,*,#2996,.T.);
#2998=DIRECTION('',(-0.08716,-0.99619,0.));
#2999=VECTOR('',#2998,2.61467);
#3000=LINE('',#2969,#2999);
#3001=EDGE_CURVE('',#2970,#2992,#3000,.T.);
#3002=ORIENTED_EDGE('',*,*,#3001,.F.);
#3003=ORIENTED_EDGE('',*,*,#2974,.F.);
#3004=EDGE_LOOP('',(#2990,#2997,#3002,#3003));
#3005=FACE_OUTER_BOUND('',#3004,.T.);
#3006=CARTESIAN_POINT('',(-25.605,4.51485,124.));
#3007=DIRECTION('',(-0.58739,0.05139,0.80767));
#3008=DIRECTION('',(-0.08716,-0.99619,0.));
#3009=AXIS2_PLACEMENT_3D('',#3006,#3007,#3008);
#3010=PLANE('',#3009);
#3011=ADVANCED_FACE('',(#3005),#3010,.T.);
#3012=ORIENTED_EDGE('',*,*,#2231,.T.);
#3013=CARTESIAN_POINT('',(-14.77212,-2.60472,132.));
#3014=VERTEX_POINT('',#3013);
#3015=DIRECTION('',(0.79645,0.14044,0.58817));
#3016=VECTOR('',#3015,13.60147);
#3017=LINE('',#2221,#3016);
#3018=EDGE_CURVE('',#2222,#3014,#3017,.T.);
#3019=ORIENTED_EDGE('',*,*,#3018,.T.);
#3020=DIRECTION('',(0.08716,-0.99619,0.));
#3021=VECTOR('',#3020,2.61467);
#3022=LINE('',#2991,#3021);
#3023=EDGE_CURVE('',#2992,#3014,#3022,.T.);
#3024=ORIENTED_EDGE('',*,*,#3023,.F.);
#3025=ORIENTED_EDGE('',*,*,#2996,.F.);
#3026=EDGE_LOOP('',(#3012,#3019,#3024,#3025));
#3027=FACE_OUTER_BOUND('',#3026,.T.);
#3028=CARTESIAN_POINT('',(-26.,0.,124.));
#3029=DIRECTION('',(-0.58739,-0.05139,0.80767));
#3030=DIRECTION('',(0.08716,-0.99619,0.));
#3031=AXIS2_PLACEMENT_3D('',#3028,#3029,#3030);
#3032=PLANE('',#3031);
#3033=ADVANCED_FACE('',(#3027),#3032,.T.);
#3034=ORIENTED_EDGE('',*,*,#2253,.T.);
#3035=CARTESIAN_POINT('',(-14.09539,-5.1303,132.));
#3036=VERTEX_POINT('',#3035);
#3037=DIRECTION('',(0.75996,0.2766,0.58817));
#3038=VECTOR('',#3037,13.60147);
#3039=LINE('',#2243,#3038);
#3040=EDGE_CURVE('',#2244,#3036,#3039,.T.);
#3041=ORIENTED_EDGE('',*,*,#3040,.T.);
#3042=DIRECTION('',(0.25882,-0.96593,0.));
#3043=VECTOR('',#3042,2.61467);
#3044=LINE('',#3013,#3043);
#3045=EDGE_CURVE('',#3014,#3036,#3044,.T.);
#3046=ORIENTED_EDGE('',*,*,#3045,.F.);
#3047=ORIENTED_EDGE('',*,*,#3018,.F.);
#3048=EDGE_LOOP('',(#3034,#3041,#3046,#3047));
#3049=FACE_OUTER_BOUND('',#3048,.T.);
#3050=CARTESIAN_POINT('',(-25.605,-4.51485,124.));
#3051=DIRECTION('',(-0.56955,-0.15261,0.80767));
#3052=DIRECTION('',(0.25882,-0.96593,0.));
#3053=AXIS2_PLACEMENT_3D('',#3050,#3051,#3052);
#3054=PLANE('',#3053);
#3055=ADVANCED_FACE('',(#3049),#3054,.T.);
#3056=ORIENTED_EDGE('',*,*,#2275,.T.);
#3057=CARTESIAN_POINT('',(-12.99038,-7.5,132.));
#3058=VERTEX_POINT('',#3057);
#3059=DIRECTION('',(0.70039,0.40437,0.58817));
#3060=VECTOR('',#3059,13.60147);
#3061=LINE('',#2265,#3060);
#3062=EDGE_CURVE('',#2266,#3058,#3061,.T.);
#3063=ORIENTED_EDGE('',*,*,#3062,.T.);
#3064=DIRECTION('',(0.42262,-0.90631,0.));
#3065=VECTOR('',#3064,2.61467);
#3066=LINE('',#3035,#3065);
#3067=EDGE_CURVE('',#3036,#3058,#3066,.T.);
#3068=ORIENTED_EDGE('',*,*,#3067,.F.);
#3069=ORIENTED_EDGE('',*,*,#3040,.F.);
#3070=EDGE_LOOP('',(#3056,#3063,#3068,#3069));
#3071=FACE_OUTER_BOUND('',#3070,.T.);
#3072=CARTESIAN_POINT('',(-24.43201,-8.89252,124.));
#3073=DIRECTION('',(-0.53439,-0.24919,0.80767));
#3074=DIRECTION('',(0.42262,-0.90631,0.));
#3075=AXIS2_PLACEMENT_3D('',#3072,#3073,#3074);
#3076=PLANE('',#3075);
#3077=ADVANCED_FACE('',(#3071),#3076,.T.);
#3078=ORIENTED_EDGE('',*,*,#2297,.T.);
#3079=CARTESIAN_POINT('',(-11.49067,-9.64181,132.));
#3080=VERTEX_POINT('',#3079);
#3081=DIRECTION('',(0.61953,0.51985,0.58817));
#3082=VECTOR('',#3081,13.60147);
#3083=LINE('',#2287,#3082);
#3084=EDGE_CURVE('',#2288,#3080,#3083,.T.);
#3085=ORIENTED_EDGE('',*,*,#3084,.T.);
#3086=DIRECTION('',(0.57358,-0.81915,0.));
#3087=VECTOR('',#3086,2.61467);
#3088=LINE('',#3057,#3087);
#3089=EDGE_CURVE('',#3058,#3080,#3088,.T.);
#3090=ORIENTED_EDGE('',*,*,#3089,.F.);
#3091=ORIENTED_EDGE('',*,*,#3062,.F.);
#3092=EDGE_LOOP('',(#3078,#3085,#3090,#3091));
#3093=FACE_OUTER_BOUND('',#3092,.T.);
#3094=CARTESIAN_POINT('',(-22.51666,-13.,124.));
#3095=DIRECTION('',(-0.483,-0.3382,0.80767));
#3096=DIRECTION('',(0.57358,-0.81915,0.));
#3097=AXIS2_PLACEMENT_3D('',#3094,#3095,#3096);
#3098=PLANE('',#3097);
#3099=ADVANCED_FACE('',(#3093),#3098,.T.);
#3100=ORIENTED_EDGE('',*,*,#2319,.T.);
#3101=CARTESIAN_POINT('',(-9.64181,-11.49067,132.));
#3102=VERTEX_POINT('',#3101);
#3103=DIRECTION('',(0.51985,0.61953,0.58817));
#3104=VECTOR('',#3103,13.60147);
#3105=LINE('',#2309,#3104);
#3106=EDGE_CURVE('',#2310,#3102,#3105,.T.);
#3107=ORIENTED_EDGE('',*,*,#3106,.T.);
#3108=DIRECTION('',(0.70711,-0.70711,0.));
#3109=VECTOR('',#3108,2.61467);
#3110=LINE('',#3079,#3109);
#3111=EDGE_CURVE('',#3080,#3102,#3110,.T.);
#3112=ORIENTED_EDGE('',*,*,#3111,.F.);
#3113=ORIENTED_EDGE('',*,*,#3084,.F.);
#3114=EDGE_LOOP('',(#3100,#3107,#3112,#3113));
#3115=FACE_OUTER_BOUND('',#3114,.T.);
#3116=CARTESIAN_POINT('',(-19.91716,-16.71248,124.));
#3117=DIRECTION('',(-0.41694,-0.41694,0.80767));
#3118=DIRECTION('',(0.70711,-0.70711,0.));
#3119=AXIS2_PLACEMENT_3D('',#3116,#3117,#3118);
#3120=PLANE('',#3119);
#3121=ADVANCED_FACE('',(#3115),#3120,.T.);
#3122=ORIENTED_EDGE('',*,*,#2341,.T.);
#3123=CARTESIAN_POINT('',(-7.5,-12.99038,132.));
#3124=VERTEX_POINT('',#3123);
#3125=DIRECTION('',(0.40437,0.70039,0.58817));
#3126=VECTOR('',#3125,13.60147);
#3127=LINE('',#2331,#3126);
#3128=EDGE_CURVE('',#2332,#3124,#3127,.T.);
#3129=ORIENTED_EDGE('',*,*,#3128,.T.);
#3130=DIRECTION('',(0.81915,-0.57358,0.));
#3131=VECTOR('',#3130,2.61467);
#3132=LINE('',#3101,#3131);
#3133=EDGE_CURVE('',#3102,#3124,#3132,.T.);
#3134=ORIENTED_EDGE('',*,*,#3133,.F.);
#3135=ORIENTED_EDGE('',*,*,#3106,.F.);
#3136=EDGE_LOOP('',(#3122,#3129,#3134,#3135));
#3137=FACE_OUTER_BOUND('',#3136,.T.);
#3138=CARTESIAN_POINT('',(-16.71248,-19.91716,124.));
#3139=DIRECTION('',(-0.3382,-0.483,0.80767));
#3140=DIRECTION('',(0.81915,-0.57358,0.));
#3141=AXIS2_PLACEMENT_3D('',#3138,#3139,#3140);
#3142=PLANE('',#3141);
#3143=ADVANCED_FACE('',(#3137),#3142,.T.);
#3144=ORIENTED_EDGE('',*,*,#2363,.T.);
#3145=CARTESIAN_POINT('',(-5.1303,-14.09539,132.));
#3146=VERTEX_POINT('',#3145);
#3147=DIRECTION('',(0.2766,0.75996,0.58817));
#3148=VECTOR('',#3147,13.60147);
#3149=LINE('',#2353,#3148);
#3150=EDGE_CURVE('',#2354,#3146,#3149,.T.);
#3151=ORIENTED_EDGE('',*,*,#3150,.T.);
#3152=DIRECTION('',(0.90631,-0.42262,0.));
#3153=VECTOR('',#3152,2.61467);
#3154=LINE('',#3123,#3153);
#3155=EDGE_CURVE('',#3124,#3146,#3154,.T.);
#3156=ORIENTED_EDGE('',*,*,#3155,.F.);
#3157=ORIENTED_EDGE('',*,*,#3128,.F.);
#3158=EDGE_LOOP('',(#3144,#3151,#3156,#3157));
#3159=FACE_OUTER_BOUND('',#3158,.T.);
#3160=CARTESIAN_POINT('',(-13.,-22.51666,124.));
#3161=DIRECTION('',(-0.24919,-0.53439,0.80767));
#3162=DIRECTION('',(0.90631,-0.42262,0.));
#3163=AXIS2_PLACEMENT_3D('',#3160,#3161,#3162);
#3164=PLANE('',#3163);
#3165=ADVANCED_FACE('',(#3159),#3164,.T.);
#3166=ORIENTED_EDGE('',*,*,#2385,.T.);
#3167=CARTESIAN_POINT('',(-2.60472,-14.77212,132.));
#3168=VERTEX_POINT('',#3167);
#3169=DIRECTION('',(0.14044,0.79645,0.58817));
#3170=VECTOR('',#3169,13.60147);
#3171=LINE('',#2375,#3170);
#3172=EDGE_CURVE('',#2376,#3168,#3171,.T.);
#3173=ORIENTED_EDGE('',*,*,#3172,.T.);
#3174=DIRECTION('',(0.96593,-0.25882,0.));
#3175=VECTOR('',#3174,2.61467);
#3176=LINE('',#3145,#3175);
#3177=EDGE_CURVE('',#3146,#3168,#3176,.T.);
#3178=ORIENTED_EDGE('',*,*,#3177,.F.);
#3179=ORIENTED_EDGE('',*,*,#3150,.F.);
#3180=EDGE_LOOP('',(#3166,#3173,#3178,#3179));
#3181=FACE_OUTER_BOUND('',#3180,.T.);
#3182=CARTESIAN_POINT('',(-8.89252,-24.43201,124.));
#3183=DIRECTION('',(-0.15261,-0.56955,0.80767));
#3184=DIRECTION('',(0.96593,-0.25882,0.));
#3185=AXIS2_PLACEMENT_3D('',#3182,#3183,#3184);
#3186=PLANE('',#3185);
#3187=ADVANCED_FACE('',(#3181),#3186,.T.);
#3188=ORIENTED_EDGE('',*,*,#2407,.T.);
#3189=CARTESIAN_POINT('',(0.,-15.,132.));
#3190=VERTEX_POINT('',#3189);
#3191=DIRECTION('',(0.,0.80874,0.58817));
#3192=VECTOR('',#3191,13.60147);
#3193=LINE('',#2397,#3192);
#3194=EDGE_CURVE('',#2398,#3190,#3193,.T.);
#3195=ORIENTED_EDGE('',*,*,#3194,.T.);
#3196=DIRECTION('',(0.99619,-0.08716,0.));
#3197=VECTOR('',#3196,2.61467);
#3198=LINE('',#3167,#3197);
#3199=EDGE_CURVE('',#3168,#3190,#3198,.T.);
#3200=ORIENTED_EDGE('',*,*,#3199,.F.);
#3201=ORIENTED_EDGE('',*,*,#3172,.F.);
#3202=EDGE_LOOP('',(#3188,#3195,#3200,#3201));
#3203=FACE_OUTER_BOUND('',#3202,.T.);
#3204=CARTESIAN_POINT('',(-4.51485,-25.605,124.));
#3205=DIRECTION('',(-0.05139,-0.58739,0.80767));
#3206=DIRECTION('',(0.99619,-0.08716,0.));
#3207=AXIS2_PLACEMENT_3D('',#3204,#3205,#3206);
#3208=PLANE('',#3207);
#3209=ADVANCED_FACE('',(#3203),#3208,.T.);
#3210=ORIENTED_EDGE('',*,*,#2429,.T.);
#3211=CARTESIAN_POINT('',(2.60472,-14.77212,132.));
#3212=VERTEX_POINT('',#3211);
#3213=DIRECTION('',(-0.14044,0.79645,0.58817));
#3214=VECTOR('',#3213,13.60147);
#3215=LINE('',#2419,#3214);
#3216=EDGE_CURVE('',#2420,#3212,#3215,.T.);
#3217=ORIENTED_EDGE('',*,*,#3216,.T.);
#3218=DIRECTION('',(0.99619,0.08716,0.));
#3219=VECTOR('',#3218,2.61467);
#3220=LINE('',#3189,#3219);
#3221=EDGE_CURVE('',#3190,#3212,#3220,.T.);
#3222=ORIENTED_EDGE('',*,*,#3221,.F.);
#3223=ORIENTED_EDGE('',*,*,#3194,.F.);
#3224=EDGE_LOOP('',(#3210,#3217,#3222,#3223));
#3225=FACE_OUTER_BOUND('',#3224,.T.);
#3226=CARTESIAN_POINT('',(0.,-26.,124.));
#3227=DIRECTION('',(0.05139,-0.58739,0.80767));
#3228=DIRECTION('',(0.99619,0.08716,0.));
#3229=AXIS2_PLACEMENT_3D('',#3226,#3227,#3228);
#3230=PLANE('',#3229);
#3231=ADVANCED_FACE('',(#3225),#3230,.T.);
#3232=ORIENTED_EDGE('',*,*,#2451,.T.);
#3233=CARTESIAN_POINT('',(5.1303,-14.09539,132.));
#3234=VERTEX_POINT('',#3233);
#3235=DIRECTION('',(-0.2766,0.75996,0.58817));
#3236=VECTOR('',#3235,13.60147);
#3237=LINE('',#2441,#3236);
#3238=EDGE_CURVE('',#2442,#3234,#3237,.T.);
#3239=ORIENTED_EDGE('',*,*,#3238,.T.);
#3240=DIRECTION('',(0.96593,0.25882,0.));
#3241=VECTOR('',#3240,2.61467);
#3242=LINE('',#3211,#3241);
#3243=EDGE_CURVE('',#3212,#3234,#3242,.T.);
#3244=ORIENTED_EDGE('',*,*,#3243,.F.);
#3245=ORIENTED_EDGE('',*,*,#3216,.F.);
#3246=EDGE_LOOP('',(#3232,#3239,#3244,#3245));
#3247=FACE_OUTER_BOUND('',#3246,.T.);
#3248=CARTESIAN_POINT('',(4.51485,-25.605,124.));
#3249=DIRECTION('',(0.15261,-0.56955,0.80767));
#3250=DIRECTION('',(0.96593,0.25882,0.));
#3251=AXIS2_PLACEMENT_3D('',#3248,#3249,#3250);
#3252=PLANE('',#3251);
#3253=ADVANCED_FACE('',(#3247),#3252,.T.);
#3254=ORIENTED_EDGE('',*,*,#2473,.T.);
#3255=CARTESIAN_POINT('',(7.5,-12.99038,132.));
#3256=VERTEX_POINT('',#3255);
#3257=DIRECTION('',(-0.40437,0.70039,0.58817));
#3258=VECTOR('',#3257,13.60147);
#3259=LINE('',#2463,#3258);
#3260=EDGE_CURVE('',#2464,#3256,#3259,.T.);
#3261=ORIENTED_EDGE('',*,*,#3260,.T.);
#3262=DIRECTION('',(0.90631,0.42262,0.));
#3263=VECTOR('',#3262,2.61467);
#3264=LINE('',#3233,#3263);
#3265=EDGE_CURVE('',#3234,#3256,#3264,.T.);
#3266=ORIENTED_EDGE('',*,*,#3265,.F.);
#3267=ORIENTED_EDGE('',*,*,#3238,.F.);
#3268=EDGE_LOOP('',(#3254,#3261,#3266,#3267));
#3269=FACE_OUTER_BOUND('',#3268,.T.);
#3270=CARTESIAN_POINT('',(8.89252,-24.43201,124.));
#3271=DIRECTION('',(0.24919,-0.53439,0.80767));
#3272=DIRECTION('',(0.90631,0.42262,0.));
#3273=AXIS2_PLACEMENT_3D('',#3270,#3271,#3272);
#3274=PLANE('',#3273);
#3275=ADVANCED_FACE('',(#3269),#3274,.T.);
#3276=ORIENTED_EDGE('',*,*,#2495,.T.);
#3277=CARTESIAN_POINT('',(9.64181,-11.49067,132.));
#3278=VERTEX_POINT('',#3277);
#3279=DIRECTION('',(-0.51985,0.61953,0.58817));
#3280=VECTOR('',#3279,13.60147);
#3281=LINE('',#2485,#3280);
#3282=EDGE_CURVE('',#2486,#3278,#3281,.T.);
#3283=ORIENTED_EDGE('',*,*,#3282,.T.);
#3284=DIRECTION('',(0.81915,0.57358,0.));
#3285=VECTOR('',#3284,2.61467);
#3286=LINE('',#3255,#3285);
#3287=EDGE_CURVE('',#3256,#3278,#3286,.T.);
#3288=ORIENTED_EDGE('',*,*,#3287,.F.);
#3289=ORIENTED_EDGE('',*,*,#3260,.F.);
#3290=EDGE_LOOP('',(#3276,#3283,#3288,#3289));
#3291=FACE_OUTER_BOUND('',#3290,.T.);
#3292=CARTESIAN_POINT('',(13.,-22.51666,124.));
#3293=DIRECTION('',(0.3382,-0.483,0.80767));
#3294=DIRECTION('',(0.81915,0.57358,0.));
#3295=AXIS2_PLACEMENT_3D('',#3292,#3293,#3294);
#3296=PLANE('',#3295);
#3297=ADVANCED_FACE('',(#3291),#3296,.T.);
#3298=ORIENTED_EDGE('',*,*,#2517,.T.);
#3299=CARTESIAN_POINT('',(11.49067,-9.64181,132.));
#3300=VERTEX_POINT('',#3299);
#3301=DIRECTION('',(-0.61953,0.51985,0.58817));
#3302=VECTOR('',#3301,13.60147);
#3303=LINE('',#2507,#3302);
#3304=EDGE_CURVE('',#2508,#3300,#3303,.T.);
#3305=ORIENTED_EDGE('',*,*,#3304,.T.);
#3306=DIRECTION('',(0.70711,0.70711,0.));
#3307=VECTOR('',#3306,2.61467);
#3308=LINE('',#3277,#3307);
#3309=EDGE_CURVE('',#3278,#3300,#3308,.T.);
#3310=ORIENTED_EDGE('',*,*,#3309,.F.);
#3311=ORIENTED_EDGE('',*,*,#3282,.F.);
#3312=EDGE_LOOP('',(#3298,#3305,#3310,#3311));
#3313=FACE_OUTER_BOUND('',#3312,.T.);
#3314=CARTESIAN_POINT('',(16.71248,-19.91716,124.));
#3315=DIRECTION('',(0.41694,-0.41694,0.80767));
#3316=DIRECTION('',(0.70711,0.70711,0.));
#3317=AXIS2_PLACEMENT_3D('',#3314,#3315,#3316);
#3318=PLANE('',#3317);
#3319=ADVANCED_FACE('',(#3313),#3318,.T.);
#3320=ORIENTED_EDGE('',*,*,#2539,.T.);
#3321=CARTESIAN_POINT('',(12.99038,-7.5,132.));
#3322=VERTEX_POINT('',#3321);
#3323=DIRECTION('',(-0.70039,0.40437,0.58817));
#3324=VECTOR('',#3323,13.60147);
#3325=LINE('',#2529,#3324);
#3326=EDGE_CURVE('',#2530,#3322,#3325,.T.);
#3327=ORIENTED_EDGE('',*,*,#3326,.T.);
#3328=DIRECTION('',(0.57358,0.81915,0.));
#3329=VECTOR('',#3328,2.61467);
#3330=LINE('',#3299,#3329);
#3331=EDGE_CURVE('',#3300,#3322,#3330,.T.);
#3332=ORIENTED_EDGE('',*,*,#3331,.F.);
#3333=ORIENTED_EDGE('',*,*,#3304,.F.);
#3334=EDGE_LOOP('',(#3320,#3327,#3332,#3333));
#3335=FACE_OUTER_BOUND('',#3334,.T.);
#3336=CARTESIAN_POINT('',(19.91716,-16.71248,124.));
#3337=DIRECTION('',(0.483,-0.3382,0.80767));
#3338=DIRECTION('',(0.57358,0.81915,0.));
#3339=AXIS2_PLACEMENT_3D('',#3336,#3337,#3338);
#3340=PLANE('',#3339);
#3341=ADVANCED_FACE('',(#3335),#3340,.T.);
#3342=ORIENTED_EDGE('',*,*,#2561,.T.);
#3343=CARTESIAN_POINT('',(14.09539,-5.1303,132.));
#3344=VERTEX_POINT('',#3343);
#3345=DIRECTION('',(-0.75996,0.2766,0.58817));
#3346=VECTOR('',#3345,13.60147);
#3347=LINE('',#2551,#3346);
#3348=EDGE_CURVE('',#2552,#3344,#3347,.T.);
#3349=ORIENTED_EDGE('',*,*,#3348,.T.);
#3350=DIRECTION('',(0.42262,0.90631,0.));
#3351=VECTOR('',#3350,2.61467);
#3352=LINE('',#3321,#3351);
#3353=EDGE_CURVE('',#3322,#3344,#3352,.T.);
#3354=ORIENTED_EDGE('',*,*,#3353,.F.);
#3355=ORIENTED_EDGE('',*,*,#3326,.F.);
#3356=EDGE_LOOP('',(#3342,#3349,#3354,#3355));
#3357=FACE_OUTER_BOUND('',#3356,.T.);
#3358=CARTESIAN_POINT('',(22.51666,-13.,124.));
#3359=DIRECTION('',(0.53439,-0.24919,0.80767));
#3360=DIRECTION('',(0.42262,0.90631,0.));
#3361=AXIS2_PLACEMENT_3D('',#3358,#3359,#3360);
#3362=PLANE('',#3361);
#3363=ADVANCED_FACE('',(#3357),#3362,.T.);
#3364=ORIENTED_EDGE('',*,*,#2583,.T.);
#3365=CARTESIAN_POINT('',(14.77212,-2.60472,132.));
#3366=VERTEX_POINT('',#3365);
#3367=DIRECTION('',(-0.79645,0.14044,0.58817));
#3368=VECTOR('',#3367,13.60147);
#3369=LINE('',#2573,#3368);
#3370=EDGE_CURVE('',#2574,#3366,#3369,.T.);
#3371=ORIENTED_EDGE('',*,*,#3370,.T.);
#3372=DIRECTION('',(0.25882,0.96593,0.));
#3373=VECTOR('',#3372,2.61467);
#3374=LINE('',#3343,#3373);
#3375=EDGE_CURVE('',#3344,#3366,#3374,.T.);
#3376=ORIENTED_EDGE('',*,*,#3375,.F.);
#3377=ORIENTED_EDGE('',*,*,#3348,.F.);
#3378=EDGE_LOOP('',(#3364,#3371,#3376,#3377));
#3379=FACE_OUTER_BOUND('',#3378,.T.);
#3380=CARTESIAN_POINT('',(24.43201,-8.89252,124.));
#3381=DIRECTION('',(0.56955,-0.15261,0.80767));
#3382=DIRECTION('',(0.25882,0.96593,0.));
#3383=AXIS2_PLACEMENT_3D('',#3380,#3381,#3382);
#3384=PLANE('',#3383);
#3385=ADVANCED_FACE('',(#3379),#3384,.T.);
#3386=ORIENTED_EDGE('',*,*,#2599,.F.);
#3387=ORIENTED_EDGE('',*,*,#2628,.T.);
#3388=DIRECTION('',(-0.08716,-0.99619,0.));
#3389=VECTOR('',#3388,2.61467);
#3390=LINE('',#2618,#3389);
#3391=EDGE_CURVE('',#2619,#3366,#3390,.T.);
#3392=ORIENTED_EDGE('',*,*,#3391,.T.);
#3393=ORIENTED_EDGE('',*,*,#3370,.F.);
#3394=EDGE_LOOP('',(#3386,#3387,#3392,#3393));
#3395=FACE_OUTER_BOUND('',#3394,.T.);
#3396=CARTESIAN_POINT('',(25.605,-4.51485,124.));
#3397=DIRECTION('',(0.58739,-0.05139,0.80767));
#3398=DIRECTION('',(0.08716,0.99619,0.));
#3399=AXIS2_PLACEMENT_3D('',#3396,#3397,#3398);
#3400=PLANE('',#3399);
#3401=ADVANCED_FACE('',(#3395),#3400,.T.);
#3402=ORIENTED_EDGE('',*,*,#2623,.T.);
#3403=CARTESIAN_POINT('',(14.77212,2.60472,140.));
#3404=VERTEX_POINT('',#3403);
#3405=DIRECTION('',(0.,0.,1.));
#3406=VECTOR('',#3405,8.);
#3407=LINE('',#2611,#3406);
#3408=EDGE_CURVE('',#2612,#3404,#3407,.T.);
#3409=ORIENTED_EDGE('',*,*,#3408,.T.);
#3410=CARTESIAN_POINT('',(15.,0.,140.));
#3411=VERTEX_POINT('',#3410);
#3412=DIRECTION('',(-0.08716,0.99619,0.));
#3413=VECTOR('',#3412,2.61467);
#3414=LINE('',#3410,#3413);
#3415=EDGE_CURVE('',#3411,#3404,#3414,.T.);
#3416=ORIENTED_EDGE('',*,*,#3415,.F.);
#3417=DIRECTION('',(0.,0.,1.));
#3418=VECTOR('',#3417,8.);
#3419=LINE('',#2618,#3418);
#3420=EDGE_CURVE('',#2619,#3411,#3419,.T.);
#3421=ORIENTED_EDGE('',*,*,#3420,.F.);
#3422=EDGE_LOOP('',(#3402,#3409,#3416,#3421));
#3423=FACE_OUTER_BOUND('',#3422,.T.);
#3424=CARTESIAN_POINT('',(15.,0.,132.));
#3425=DIRECTION('',(0.99619,0.08716,0.));
#3426=DIRECTION('',(-0.08716,0.99619,0.));
#3427=AXIS2_PLACEMENT_3D('',#3424,#3425,#3426);
#3428=PLANE('',#3427);
#3429=ADVANCED_FACE('',(#3423),#3428,.T.);
#3430=ORIENTED_EDGE('',*,*,#2649,.T.);
#3431=CARTESIAN_POINT('',(14.09539,5.1303,140.));
#3432=VERTEX_POINT('',#3431);
#3433=DIRECTION('',(0.,0.,1.));
#3434=VECTOR('',#3433,8.);
#3435=LINE('',#2639,#3434);
#3436=EDGE_CURVE('',#2640,#3432,#3435,.T.);
#3437=ORIENTED_EDGE('',*,*,#3436,.T.);
#3438=DIRECTION('',(-0.25882,0.96593,0.));
#3439=VECTOR('',#3438,2.61467);
#3440=LINE('',#3403,#3439);
#3441=EDGE_CURVE('',#3404,#3432,#3440,.T.);
#3442=ORIENTED_EDGE('',*,*,#3441,.F.);
#3443=ORIENTED_EDGE('',*,*,#3408,.F.);
#3444=EDGE_LOOP('',(#3430,#3437,#3442,#3443));
#3445=FACE_OUTER_BOUND('',#3444,.T.);
#3446=CARTESIAN_POINT('',(14.77212,2.60472,132.));
#3447=DIRECTION('',(0.96593,0.25882,0.));
#3448=DIRECTION('',(-0.25882,0.96593,0.));
#3449=AXIS2_PLACEMENT_3D('',#3446,#3447,#3448);
#3450=PLANE('',#3449);
#3451=ADVANCED_FACE('',(#3445),#3450,.T.);
#3452=ORIENTED_EDGE('',*,*,#2671,.T.);
#3453=CARTESIAN_POINT('',(12.99038,7.5,140.));
#3454=VERTEX_POINT('',#3453);
#3455=DIRECTION('',(0.,0.,1.));
#3456=VECTOR('',#3455,8.);
#3457=LINE('',#2661,#3456);
#3458=EDGE_CURVE('',#2662,#3454,#3457,.T.);
#3459=ORIENTED_EDGE('',*,*,#3458,.T.);
#3460=DIRECTION('',(-0.42262,0.90631,0.));
#3461=VECTOR('',#3460,2.61467);
#3462=LINE('',#3431,#3461);
#3463=EDGE_CURVE('',#3432,#3454,#3462,.T.);
#3464=ORIENTED_EDGE('',*,*,#3463,.F.);
#3465=ORIENTED_EDGE('',*,*,#3436,.F.);
#3466=EDGE_LOOP('',(#3452,#3459,#3464,#3465));
#3467=FACE_OUTER_BOUND('',#3466,.T.);
#3468=CARTESIAN_POINT('',(14.09539,5.1303,132.));
#3469=DIRECTION('',(0.90631,0.42262,0.));
#3470=DIRECTION('',(-0.42262,0.90631,0.));
#3471=AXIS2_PLACEMENT_3D('',#3468,#3469,#3470);
#3472=PLANE('',#3471);
#3473=ADVANCED_FACE('',(#3467),#3472,.T.);
#3474=ORIENTED_EDGE('',*,*,#2693,.T.);
#3475=CARTESIAN_POINT('',(11.49067,9.64181,140.));
#3476=VERTEX_POINT('',#3475);
#3477=DIRECTION('',(0.,0.,1.));
#3478=VECTOR('',#3477,8.);
#3479=LINE('',#2683,#3478);
#3480=EDGE_CURVE('',#2684,#3476,#3479,.T.);
#3481=ORIENTED_EDGE('',*,*,#3480,.T.);
#3482=DIRECTION('',(-0.57358,0.81915,0.));
#3483=VECTOR('',#3482,2.61467);
#3484=LINE('',#3453,#3483);
#3485=EDGE_CURVE('',#3454,#3476,#3484,.T.);
#3486=ORIENTED_EDGE('',*,*,#3485,.F.);
#3487=ORIENTED_EDGE('',*,*,#3458,.F.);
#3488=EDGE_LOOP('',(#3474,#3481,#3486,#3487));
#3489=FACE_OUTER_BOUND('',#3488,.T.);
#3490=CARTESIAN_POINT('',(12.99038,7.5,132.));
#3491=DIRECTION('',(0.81915,0.57358,0.));
#3492=DIRECTION('',(-0.57358,0.81915,0.));
#3493=AXIS2_PLACEMENT_3D('',#3490,#3491,#3492);
#3494=PLANE('',#3493);
#3495=ADVANCED_FACE('',(#3489),#3494,.T.);
#3496=ORIENTED_EDGE('',*,*,#2715,.T.);
#3497=CARTESIAN_POINT('',(9.64181,11.49067,140.));
#3498=VERTEX_POINT('',#3497);
#3499=DIRECTION('',(0.,0.,1.));
#3500=VECTOR('',#3499,8.);
#3501=LINE('',#2705,#3500);
#3502=EDGE_CURVE('',#2706,#3498,#3501,.T.);
#3503=ORIENTED_EDGE('',*,*,#3502,.T.);
#3504=DIRECTION('',(-0.70711,0.70711,0.));
#3505=VECTOR('',#3504,2.61467);
#3506=LINE('',#3475,#3505);
#3507=EDGE_CURVE('',#3476,#3498,#3506,.T.);
#3508=ORIENTED_EDGE('',*,*,#3507,.F.);
#3509=ORIENTED_EDGE('',*,*,#3480,.F.);
#3510=EDGE_LOOP('',(#3496,#3503,#3508,#3509));
#3511=FACE_OUTER_BOUND('',#3510,.T.);
#3512=CARTESIAN_POINT('',(11.49067,9.64181,132.));
#3513=DIRECTION('',(0.70711,0.70711,0.));
#3514=DIRECTION('',(-0.70711,0.70711,0.));
#3515=AXIS2_PLACEMENT_3D('',#3512,#3513,#3514);
#3516=PLANE('',#3515);
#3517=ADVANCED_FACE('',(#3511),#3516,.T.);
#3518=ORIENTED_EDGE('',*,*,#2737,.T.);
#3519=CARTESIAN_POINT('',(7.5,12.99038,140.));
#3520=VERTEX_POINT('',#3519);
#3521=DIRECTION('',(0.,0.,1.));
#3522=VECTOR('',#3521,8.);
#3523=LINE('',#2727,#3522);
#3524=EDGE_CURVE('',#2728,#3520,#3523,.T.);
#3525=ORIENTED_EDGE('',*,*,#3524,.T.);
#3526=DIRECTION('',(-0.81915,0.57358,0.));
#3527=VECTOR('',#3526,2.61467);
#3528=LINE('',#3497,#3527);
#3529=EDGE_CURVE('',#3498,#3520,#3528,.T.);
#3530=ORIENTED_EDGE('',*,*,#3529,.F.);
#3531=ORIENTED_EDGE('',*,*,#3502,.F.);
#3532=EDGE_LOOP('',(#3518,#3525,#3530,#3531));
#3533=FACE_OUTER_BOUND('',#3532,.T.);
#3534=CARTESIAN_POINT('',(9.64181,11.49067,132.));
#3535=DIRECTION('',(0.57358,0.81915,0.));
#3536=DIRECTION('',(-0.81915,0.57358,0.));
#3537=AXIS2_PLACEMENT_3D('',#3534,#3535,#3536);
#3538=PLANE('',#3537);
#3539=ADVANCED_FACE('',(#3533),#3538,.T.);
#3540=ORIENTED_EDGE('',*,*,#2759,.T.);
#3541=CARTESIAN_POINT('',(5.1303,14.09539,140.));
#3542=VERTEX_POINT('',#3541);
#3543=DIRECTION('',(0.,0.,1.));
#3544=VECTOR('',#3543,8.);
#3545=LINE('',#2749,#3544);
#3546=EDGE_CURVE('',#2750,#3542,#3545,.T.);
#3547=ORIENTED_EDGE('',*,*,#3546,.T.);
#3548=DIRECTION('',(-0.90631,0.42262,0.));
#3549=VECTOR('',#3548,2.61467);
#3550=LINE('',#3519,#3549);
#3551=EDGE_CURVE('',#3520,#3542,#3550,.T.);
#3552=ORIENTED_EDGE('',*,*,#3551,.F.);
#3553=ORIENTED_EDGE('',*,*,#3524,.F.);
#3554=EDGE_LOOP('',(#3540,#3547,#3552,#3553));
#3555=FACE_OUTER_BOUND('',#3554,.T.);
#3556=CARTESIAN_POINT('',(7.5,12.99038,132.));
#3557=DIRECTION('',(0.42262,0.90631,0.));
#3558=DIRECTION('',(-0.90631,0.42262,0.));
#3559=AXIS2_PLACEMENT_3D('',#3556,#3557,#3558);
#3560=PLANE('',#3559);
#3561=ADVANCED_FACE('',(#3555),#3560,.T.);
#3562=ORIENTED_EDGE('',*,*,#2781,.T.);
#3563=CARTESIAN_POINT('',(2.60472,14.77212,140.));
#3564=VERTEX_POINT('',#3563);
#3565=DIRECTION('',(0.,0.,1.));
#3566=VECTOR('',#3565,8.);
#3567=LINE('',#2771,#3566);
#3568=EDGE_CURVE('',#2772,#3564,#3567,.T.);
#3569=ORIENTED_EDGE('',*,*,#3568,.T.);
#3570=DIRECTION('',(-0.96593,0.25882,0.));
#3571=VECTOR('',#3570,2.61467);
#3572=LINE('',#3541,#3571);
#3573=EDGE_CURVE('',#3542,#3564,#3572,.T.);
#3574=ORIENTED_EDGE('',*,*,#3573,.F.);
#3575=ORIENTED_EDGE('',*,*,#3546,.F.);
#3576=EDGE_LOOP('',(#3562,#3569,#3574,#3575));
#3577=FACE_OUTER_BOUND('',#3576,.T.);
#3578=CARTESIAN_POINT('',(5.1303,14.09539,132.));
#3579=DIRECTION('',(0.25882,0.96593,0.));
#3580=DIRECTION('',(-0.96593,0.25882,0.));
#3581=AXIS2_PLACEMENT_3D('',#3578,#3579,#3580);
#3582=PLANE('',#3581);
#3583=ADVANCED_FACE('',(#3577),#3582,.T.);
#3584=ORIENTED_EDGE('',*,*,#2803,.T.);
#3585=CARTESIAN_POINT('',(0.,15.,140.));
#3586=VERTEX_POINT('',#3585);
#3587=DIRECTION('',(0.,0.,1.));
#3588=VECTOR('',#3587,8.);
#3589=LINE('',#2793,#3588);
#3590=EDGE_CURVE('',#2794,#3586,#3589,.T.);
#3591=ORIENTED_EDGE('',*,*,#3590,.T.);
#3592=DIRECTION('',(-0.99619,0.08716,0.));
#3593=VECTOR('',#3592,2.61467);
#3594=LINE('',#3563,#3593);
#3595=EDGE_CURVE('',#3564,#3586,#3594,.T.);
#3596=ORIENTED_EDGE('',*,*,#3595,.F.);
#3597=ORIENTED_EDGE('',*,*,#3568,.F.);
#3598=EDGE_LOOP('',(#3584,#3591,#3596,#3597));
#3599=FACE_OUTER_BOUND('',#3598,.T.);
#3600=CARTESIAN_POINT('',(2.60472,14.77212,132.));
#3601=DIRECTION('',(0.08716,0.99619,0.));
#3602=DIRECTION('',(-0.99619,0.08716,0.));
#3603=AXIS2_PLACEMENT_3D('',#3600,#3601,#3602);
#3604=PLANE('',#3603);
#3605=ADVANCED_FACE('',(#3599),#3604,.T.);
#3606=ORIENTED_EDGE('',*,*,#2825,.T.);
#3607=CARTESIAN_POINT('',(-2.60472,14.77212,140.));
#3608=VERTEX_POINT('',#3607);
#3609=DIRECTION('',(0.,0.,1.));
#3610=VECTOR('',#3609,8.);
#3611=LINE('',#2815,#3610);
#3612=EDGE_CURVE('',#2816,#3608,#3611,.T.);
#3613=ORIENTED_EDGE('',*,*,#3612,.T.);
#3614=DIRECTION('',(-0.99619,-0.08716,0.));
#3615=VECTOR('',#3614,2.61467);
#3616=LINE('',#3585,#3615);
#3617=EDGE_CURVE('',#3586,#3608,#3616,.T.);
#3618=ORIENTED_EDGE('',*,*,#3617,.F.);
#3619=ORIENTED_EDGE('',*,*,#3590,.F.);
#3620=EDGE_LOOP('',(#3606,#3613,#3618,#3619));
#3621=FACE_OUTER_BOUND('',#3620,.T.);
#3622=CARTESIAN_POINT('',(0.,15.,132.));
#3623=DIRECTION('',(-0.08716,0.99619,0.));
#3624=DIRECTION('',(-0.99619,-0.08716,0.));
#3625=AXIS2_PLACEMENT_3D('',#3622,#3623,#3624);
#3626=PLANE('',#3625);
#3627=ADVANCED_FACE('',(#3621),#3626,.T.);
#3628=ORIENTED_EDGE('',*,*,#2847,.T.);
#3629=CARTESIAN_POINT('',(-5.1303,14.09539,140.));
#3630=VERTEX_POINT('',#3629);
#3631=DIRECTION('',(0.,0.,1.));
#3632=VECTOR('',#3631,8.);
#3633=LINE('',#2837,#3632);
#3634=EDGE_CURVE('',#2838,#3630,#3633,.T.);
#3635=ORIENTED_EDGE('',*,*,#3634,.T.);
#3636=DIRECTION('',(-0.96593,-0.25882,0.));
#3637=VECTOR('',#3636,2.61467);
#3638=LINE('',#3607,#3637);
#3639=EDGE_CURVE('',#3608,#3630,#3638,.T.);
#3640=ORIENTED_EDGE('',*,*,#3639,.F.);
#3641=ORIENTED_EDGE('',*,*,#3612,.F.);
#3642=EDGE_LOOP('',(#3628,#3635,#3640,#3641));
#3643=FACE_OUTER_BOUND('',#3642,.T.);
#3644=CARTESIAN_POINT('',(-2.60472,14.77212,132.));
#3645=DIRECTION('',(-0.25882,0.96593,0.));
#3646=DIRECTION('',(-0.96593,-0.25882,0.));
#3647=AXIS2_PLACEMENT_3D('',#3644,#3645,#3646);
#3648=PLANE('',#3647);
#3649=ADVANCED_FACE('',(#3643),#3648,.T.);
#3650=ORIENTED_EDGE('',*,*,#2869,.T.);
#3651=CARTESIAN_POINT('',(-7.5,12.99038,140.));
#3652=VERTEX_POINT('',#3651);
#3653=DIRECTION('',(0.,0.,1.));
#3654=VECTOR('',#3653,8.);
#3655=LINE('',#2859,#3654);
#3656=EDGE_CURVE('',#2860,#3652,#3655,.T.);
#3657=ORIENTED_EDGE('',*,*,#3656,.T.);
#3658=DIRECTION('',(-0.90631,-0.42262,0.));
#3659=VECTOR('',#3658,2.61467);
#3660=LINE('',#3629,#3659);
#3661=EDGE_CURVE('',#3630,#3652,#3660,.T.);
#3662=ORIENTED_EDGE('',*,*,#3661,.F.);
#3663=ORIENTED_EDGE('',*,*,#3634,.F.);
#3664=EDGE_LOOP('',(#3650,#3657,#3662,#3663));
#3665=FACE_OUTER_BOUND('',#3664,.T.);
#3666=CARTESIAN_POINT('',(-5.1303,14.09539,132.));
#3667=DIRECTION('',(-0.42262,0.90631,0.));
#3668=DIRECTION('',(-0.90631,-0.42262,0.));
#3669=AXIS2_PLACEMENT_3D('',#3666,#3667,#3668);
#3670=PLANE('',#3669);
#3671=ADVANCED_FACE('',(#3665),#3670,.T.);
#3672=ORIENTED_EDGE('',*,*,#2891,.T.);
#3673=CARTESIAN_POINT('',(-9.64181,11.49067,140.));
#3674=VERTEX_POINT('',#3673);
#3675=DIRECTION('',(0.,0.,1.));
#3676=VECTOR('',#3675,8.);
#3677=LINE('',#2881,#3676);
#3678=EDGE_CURVE('',#2882,#3674,#3677,.T.);
#3679=ORIENTED_EDGE('',*,*,#3678,.T.);
#3680=DIRECTION('',(-0.81915,-0.57358,0.));
#3681=VECTOR('',#3680,2.61467);
#3682=LINE('',#3651,#3681);
#3683=EDGE_CURVE('',#3652,#3674,#3682,.T.);
#3684=ORIENTED_EDGE('',*,*,#3683,.F.);
#3685=ORIENTED_EDGE('',*,*,#3656,.F.);
#3686=EDGE_LOOP('',(#3672,#3679,#3684,#3685));
#3687=FACE_OUTER_BOUND('',#3686,.T.);
#3688=CARTESIAN_POINT('',(-7.5,12.99038,132.));
#3689=DIRECTION('',(-0.57358,0.81915,0.));
#3690=DIRECTION('',(-0.81915,-0.57358,0.));
#3691=AXIS2_PLACEMENT_3D('',#3688,#3689,#3690);
#3692=PLANE('',#3691);
#3693=ADVANCED_FACE('',(#3687),#3692,.T.);
#3694=ORIENTED_EDGE('',*,*,#2913,.T.);
#3695=CARTESIAN_POINT('',(-11.49067,9.64181,140.));
#3696=VERTEX_POINT('',#3695);
#3697=DIRECTION('',(0.,0.,1.));
#3698=VECTOR('',#3697,8.);
#3699=LINE('',#2903,#3698);
#3700=EDGE_CURVE('',#2904,#3696,#3699,.T.);
#3701=ORIENTED_EDGE('',*,*,#3700,.T.);
#3702=DIRECTION('',(-0.70711,-0.70711,0.));
#3703=VECTOR('',#3702,2.61467);
#3704=LINE('',#3673,#3703);
#3705=EDGE_CURVE('',#3674,#3696,#3704,.T.);
#3706=ORIENTED_EDGE('',*,*,#3705,.F.);
#3707=ORIENTED_EDGE('',*,*,#3678,.F.);
#3708=EDGE_LOOP('',(#3694,#3701,#3706,#3707));
#3709=FACE_OUTER_BOUND('',#3708,.T.);
#3710=CARTESIAN_POINT('',(-9.64181,11.49067,132.));
#3711=DIRECTION('',(-0.70711,0.70711,0.));
#3712=DIRECTION('',(-0.70711,-0.70711,0.));
#3713=AXIS2_PLACEMENT_3D('',#3710,#3711,#3712);
#3714=PLANE('',#3713);
#3715=ADVANCED_FACE('',(#3709),#3714,.T.);
#3716=ORIENTED_EDGE('',*,*,#2935,.T.);
#3717=CARTESIAN_POINT('',(-12.99038,7.5,140.));
#3718=VERTEX_POINT('',#3717);
#3719=DIRECTION('',(0.,0.,1.));
#3720=VECTOR('',#3719,8.);
#3721=LINE('',#2925,#3720);
#3722=EDGE_CURVE('',#2926,#3718,#3721,.T.);
#3723=ORIENTED_EDGE('',*,*,#3722,.T.);
#3724=DIRECTION('',(-0.57358,-0.81915,0.));
#3725=VECTOR('',#3724,2.61467);
#3726=LINE('',#3695,#3725);
#3727=EDGE_CURVE('',#3696,#3718,#3726,.T.);
#3728=ORIENTED_EDGE('',*,*,#3727,.F.);
#3729=ORIENTED_EDGE('',*,*,#3700,.F.);
#3730=EDGE_LOOP('',(#3716,#3723,#3728,#3729));
#3731=FACE_OUTER_BOUND('',#3730,.T.);
#3732=CARTESIAN_POINT('',(-11.49067,9.64181,132.));
#3733=DIRECTION('',(-0.81915,0.57358,0.));
#3734=DIRECTION('',(-0.57358,-0.81915,0.));
#3735=AXIS2_PLACEMENT_3D('',#3732,#3733,#3734);
#3736=PLANE('',#3735);
#3737=ADVANCED_FACE('',(#3731),#3736,.T.);
#3738=ORIENTED_EDGE('',*,*,#2957,.T.);
#3739=CARTESIAN_POINT('',(-14.09539,5.1303,140.));
#3740=VERTEX_POINT('',#3739);
#3741=DIRECTION('',(0.,0.,1.));
#3742=VECTOR('',#3741,8.);
#3743=LINE('',#2947,#3742);
#3744=EDGE_CURVE('',#2948,#3740,#3743,.T.);
#3745=ORIENTED_EDGE('',*,*,#3744,.T.);
#3746=DIRECTION('',(-0.42262,-0.90631,0.));
#3747=VECTOR('',#3746,2.61467);
#3748=LINE('',#3717,#3747);
#3749=EDGE_CURVE('',#3718,#3740,#3748,.T.);
#3750=ORIENTED_EDGE('',*,*,#3749,.F.);
#3751=ORIENTED_EDGE('',*,*,#3722,.F.);
#3752=EDGE_LOOP('',(#3738,#3745,#3750,#3751));
#3753=FACE_OUTER_BOUND('',#3752,.T.);
#3754=CARTESIAN_POINT('',(-12.99038,7.5,132.));
#3755=DIRECTION('',(-0.90631,0.42262,0.));
#3756=DIRECTION('',(-0.42262,-0.90631,0.));
#3757=AXIS2_PLACEMENT_3D('',#3754,#3755,#3756);
#3758=PLANE('',#3757);
#3759=ADVANCED_FACE('',(#3753),#3758,.T.);
#3760=ORIENTED_EDGE('',*,*,#2979,.T.);
#3761=CARTESIAN_POINT('',(-14.77212,2.60472,140.));
#3762=VERTEX_POINT('',#3761);
#3763=DIRECTION('',(0.,0.,1.));
#3764=VECTOR('',#3763,8.);
#3765=LINE('',#2969,#3764);
#3766=EDGE_CURVE('',#2970,#3762,#3765,.T.);
#3767=ORIENTED_EDGE('',*,*,#3766,.T.);
#3768=DIRECTION('',(-0.25882,-0.96593,0.));
#3769=VECTOR('',#3768,2.61467);
#3770=LINE('',#3739,#3769);
#3771=EDGE_CURVE('',#3740,#3762,#3770,.T.);
#3772=ORIENTED_EDGE('',*,*,#3771,.F.);
#3773=ORIENTED_EDGE('',*,*,#3744,.F.);
#3774=EDGE_LOOP('',(#3760,#3767,#3772,#3773));
#3775=FACE_OUTER_BOUND('',#3774,.T.);
#3776=CARTESIAN_POINT('',(-14.09539,5.1303,132.));
#3777=DIRECTION('',(-0.96593,0.25882,0.));
#3778=DIRECTION('',(-0.25882,-0.96593,0.));
#3779=AXIS2_PLACEMENT_3D('',#3776,#3777,#3778);
#3780=PLANE('',#3779);
#3781=ADVANCED_FACE('',(#3775),#3780,.T.);
#3782=ORIENTED_EDGE('',*,*,#3001,.T.);
#3783=CARTESIAN_POINT('',(-15.,0.,140.));
#3784=VERTEX_POINT('',#3783);
#3785=DIRECTION('',(0.,0.,1.));
#3786=VECTOR('',#3785,8.);
#3787=LINE('',#2991,#3786);
#3788=EDGE_CURVE('',#2992,#3784,#3787,.T.);
#3789=ORIENTED_EDGE('',*,*,#3788,.T.);
#3790=DIRECTION('',(-0.08716,-0.99619,0.));
#3791=VECTOR('',#3790,2.61467);
#3792=LINE('',#3761,#3791);
#3793=EDGE_CURVE('',#3762,#3784,#3792,.T.);
#3794=ORIENTED_EDGE('',*,*,#3793,.F.);
#3795=ORIENTED_EDGE('',*,*,#3766,.F.);
#3796=EDGE_LOOP('',(#3782,#3789,#3794,#3795));
#3797=FACE_OUTER_BOUND('',#3796,.T.);
#3798=CARTESIAN_POINT('',(-14.77212,2.60472,132.));
#3799=DIRECTION('',(-0.99619,0.08716,0.));
#3800=DIRECTION('',(-0.08716,-0.99619,0.));
#3801=AXIS2_PLACEMENT_3D('',#3798,#3799,#3800);
#3802=PLANE('',#3801);
#3803=ADVANCED_FACE('',(#3797),#3802,.T.);
#3804=ORIENTED_EDGE('',*,*,#3023,.T.);
#3805=CARTESIAN_POINT('',(-14.77212,-2.60472,140.));
#3806=VERTEX_POINT('',#3805);
#3807=DIRECTION('',(0.,0.,1.));
#3808=VECTOR('',#3807,8.);
#3809=LINE('',#3013,#3808);
#3810=EDGE_CURVE('',#3014,#3806,#3809,.T.);
#3811=ORIENTED_EDGE('',*,*,#3810,.T.);
#3812=DIRECTION('',(0.08716,-0.99619,0.));
#3813=VECTOR('',#3812,2.61467);
#3814=LINE('',#3783,#3813);
#3815=EDGE_CURVE('',#3784,#3806,#3814,.T.);
#3816=ORIENTED_EDGE('',*,*,#3815,.F.);
#3817=ORIENTED_EDGE('',*,*,#3788,.F.);
#3818=EDGE_LOOP('',(#3804,#3811,#3816,#3817));
#3819=FACE_OUTER_BOUND('',#3818,.T.);
#3820=CARTESIAN_POINT('',(-15.,0.,132.));
#3821=DIRECTION('',(-0.99619,-0.08716,0.));
#3822=DIRECTION('',(0.08716,-0.99619,0.));
#3823=AXIS2_PLACEMENT_3D('',#3820,#3821,#3822);
#3824=PLANE('',#3823);
#3825=ADVANCED_FACE('',(#3819),#3824,.T.);
#3826=ORIENTED_EDGE('',*,*,#3045,.T.);
#3827=CARTESIAN_POINT('',(-14.09539,-5.1303,140.));
#3828=VERTEX_POINT('',#3827);
#3829=DIRECTION('',(0.,0.,1.));
#3830=VECTOR('',#3829,8.);
#3831=LINE('',#3035,#3830);
#3832=EDGE_CURVE('',#3036,#3828,#3831,.T.);
#3833=ORIENTED_EDGE('',*,*,#3832,.T.);
#3834=DIRECTION('',(0.25882,-0.96593,0.));
#3835=VECTOR('',#3834,2.61467);
#3836=LINE('',#3805,#3835);
#3837=EDGE_CURVE('',#3806,#3828,#3836,.T.);
#3838=ORIENTED_EDGE('',*,*,#3837,.F.);
#3839=ORIENTED_EDGE('',*,*,#3810,.F.);
#3840=EDGE_LOOP('',(#3826,#3833,#3838,#3839));
#3841=FACE_OUTER_BOUND('',#3840,.T.);
#3842=CARTESIAN_POINT('',(-14.77212,-2.60472,132.));
#3843=DIRECTION('',(-0.96593,-0.25882,0.));
#3844=DIRECTION('',(0.25882,-0.96593,0.));
#3845=AXIS2_PLACEMENT_3D('',#3842,#3843,#3844);
#3846=PLANE('',#3845);
#3847=ADVANCED_FACE('',(#3841),#3846,.T.);
#3848=ORIENTED_EDGE('',*,*,#3067,.T.);
#3849=CARTESIAN_POINT('',(-12.99038,-7.5,140.));
#3850=VERTEX_POINT('',#3849);
#3851=DIRECTION('',(0.,0.,1.));
#3852=VECTOR('',#3851,8.);
#3853=LINE('',#3057,#3852);
#3854=EDGE_CURVE('',#3058,#3850,#3853,.T.);
#3855=ORIENTED_EDGE('',*,*,#3854,.T.);
#3856=DIRECTION('',(0.42262,-0.90631,0.));
#3857=VECTOR('',#3856,2.61467);
#3858=LINE('',#3827,#3857);
#3859=EDGE_CURVE('',#3828,#3850,#3858,.T.);
#3860=ORIENTED_EDGE('',*,*,#3859,.F.);
#3861=ORIENTED_EDGE('',*,*,#3832,.F.);
#3862=EDGE_LOOP('',(#3848,#3855,#3860,#3861));
#3863=FACE_OUTER_BOUND('',#3862,.T.);
#3864=CARTESIAN_POINT('',(-14.09539,-5.1303,132.));
#3865=DIRECTION('',(-0.90631,-0.42262,0.));
#3866=DIRECTION('',(0.42262,-0.90631,0.));
#3867=AXIS2_PLACEMENT_3D('',#3864,#3865,#3866);
#3868=PLANE('',#3867);
#3869=ADVANCED_FACE('',(#3863),#3868,.T.);
#3870=ORIENTED_EDGE('',*,*,#3089,.T.);
#3871=CARTESIAN_POINT('',(-11.49067,-9.64181,140.));
#3872=VERTEX_POINT('',#3871);
#3873=DIRECTION('',(0.,0.,1.));
#3874=VECTOR('',#3873,8.);
#3875=LINE('',#3079,#3874);
#3876=EDGE_CURVE('',#3080,#3872,#3875,.T.);
#3877=ORIENTED_EDGE('',*,*,#3876,.T.);
#3878=DIRECTION('',(0.57358,-0.81915,0.));
#3879=VECTOR('',#3878,2.61467);
#3880=LINE('',#3849,#3879);
#3881=EDGE_CURVE('',#3850,#3872,#3880,.T.);
#3882=ORIENTED_EDGE('',*,*,#3881,.F.);
#3883=ORIENTED_EDGE('',*,*,#3854,.F.);
#3884=EDGE_LOOP('',(#3870,#3877,#3882,#3883));
#3885=FACE_OUTER_BOUND('',#3884,.T.);
#3886=CARTESIAN_POINT('',(-12.99038,-7.5,132.));
#3887=DIRECTION('',(-0.81915,-0.57358,0.));
#3888=DIRECTION('',(0.57358,-0.81915,0.));
#3889=AXIS2_PLACEMENT_3D('',#3886,#3887,#3888);
#3890=PLANE('',#3889);
#3891=ADVANCED_FACE('',(#3885),#3890,.T.);
#3892=ORIENTED_EDGE('',*,*,#3111,.T.);
#3893=CARTESIAN_POINT('',(-9.64181,-11.49067,140.));
#3894=VERTEX_POINT('',#3893);
#3895=DIRECTION('',(0.,0.,1.));
#3896=VECTOR('',#3895,8.);
#3897=LINE('',#3101,#3896);
#3898=EDGE_CURVE('',#3102,#3894,#3897,.T.);
#3899=ORIENTED_EDGE('',*,*,#3898,.T.);
#3900=DIRECTION('',(0.70711,-0.70711,0.));
#3901=VECTOR('',#3900,2.61467);
#3902=LINE('',#3871,#3901);
#3903=EDGE_CURVE('',#3872,#3894,#3902,.T.);
#3904=ORIENTED_EDGE('',*,*,#3903,.F.);
#3905=ORIENTED_EDGE('',*,*,#3876,.F.);
#3906=EDGE_LOOP('',(#3892,#3899,#3904,#3905));
#3907=FACE_OUTER_BOUND('',#3906,.T.);
#3908=CARTESIAN_POINT('',(-11.49067,-9.64181,132.));
#3909=DIRECTION('',(-0.70711,-0.70711,0.));
#3910=DIRECTION('',(0.70711,-0.70711,0.));
#3911=AXIS2_PLACEMENT_3D('',#3908,#3909,#3910);
#3912=PLANE('',#3911);
#3913=ADVANCED_FACE('',(#3907),#3912,.T.);
#3914=ORIENTED_EDGE('',*,*,#3133,.T.);
#3915=CARTESIAN_POINT('',(-7.5,-12.99038,140.));
#3916=VERTEX_POINT('',#3915);
#3917=DIRECTION('',(0.,0.,1.));
#3918=VECTOR('',#3917,8.);
#3919=LINE('',#3123,#3918);
#3920=EDGE_CURVE('',#3124,#3916,#3919,.T.);
#3921=ORIENTED_EDGE('',*,*,#3920,.T.);
#3922=DIRECTION('',(0.81915,-0.57358,0.));
#3923=VECTOR('',#3922,2.61467);
#3924=LINE('',#3893,#3923);
#3925=EDGE_CURVE('',#3894,#3916,#3924,.T.);
#3926=ORIENTED_EDGE('',*,*,#3925,.F.);
#3927=ORIENTED_EDGE('',*,*,#3898,.F.);
#3928=EDGE_LOOP('',(#3914,#3921,#3926,#3927));
#3929=FACE_OUTER_BOUND('',#3928,.T.);
#3930=CARTESIAN_POINT('',(-9.64181,-11.49067,132.));
#3931=DIRECTION('',(-0.57358,-0.81915,0.));
#3932=DIRECTION('',(0.81915,-0.57358,0.));
#3933=AXIS2_PLACEMENT_3D('',#3930,#3931,#3932);
#3934=PLANE('',#3933);
#3935=ADVANCED_FACE('',(#3929),#3934,.T.);
#3936=ORIENTED_EDGE('',*,*,#3155,.T.);
#3937=CARTESIAN_POINT('',(-5.1303,-14.09539,140.));
#3938=VERTEX_POINT('',#3937);
#3939=DIRECTION('',(0.,0.,1.));
#3940=VECTOR('',#3939,8.);
#3941=LINE('',#3145,#3940);
#3942=EDGE_CURVE('',#3146,#3938,#3941,.T.);
#3943=ORIENTED_EDGE('',*,*,#3942,.T.);
#3944=DIRECTION('',(0.90631,-0.42262,0.));
#3945=VECTOR('',#3944,2.61467);
#3946=LINE('',#3915,#3945);
#3947=EDGE_CURVE('',#3916,#3938,#3946,.T.);
#3948=ORIENTED_EDGE('',*,*,#3947,.F.);
#3949=ORIENTED_EDGE('',*,*,#3920,.F.);
#3950=EDGE_LOOP('',(#3936,#3943,#3948,#3949));
#3951=FACE_OUTER_BOUND('',#3950,.T.);
#3952=CARTESIAN_POINT('',(-7.5,-12.99038,132.));
#3953=DIRECTION('',(-0.42262,-0.90631,0.));
#3954=DIRECTION('',(0.90631,-0.42262,0.));
#3955=AXIS2_PLACEMENT_3D('',#3952,#3953,#3954);
#3956=PLANE('',#3955);
#3957=ADVANCED_FACE('',(#3951),#3956,.T.);
#3958=ORIENTED_EDGE('',*,*,#3177,.T.);
#3959=CARTESIAN_POINT('',(-2.60472,-14.77212,140.));
#3960=VERTEX_POINT('',#3959);
#3961=DIRECTION('',(0.,0.,1.));
#3962=VECTOR('',#3961,8.);
#3963=LINE('',#3167,#3962);
#3964=EDGE_CURVE('',#3168,#3960,#3963,.T.);
#3965=ORIENTED_EDGE('',*,*,#3964,.T.);
#3966=DIRECTION('',(0.96593,-0.25882,0.));
#3967=VECTOR('',#3966,2.61467);
#3968=LINE('',#3937,#3967);
#3969=EDGE_CURVE('',#3938,#3960,#3968,.T.);
#3970=ORIENTED_EDGE('',*,*,#3969,.F.);
#3971=ORIENTED_EDGE('',*,*,#3942,.F.);
#3972=EDGE_LOOP('',(#3958,#3965,#3970,#3971));
#3973=FACE_OUTER_BOUND('',#3972,.T.);
#3974=CARTESIAN_POINT('',(-5.1303,-14.09539,132.));
#3975=DIRECTION('',(-0.25882,-0.96593,0.));
#3976=DIRECTION('',(0.96593,-0.25882,0.));
#3977=AXIS2_PLACEMENT_3D('',#3974,#3975,#3976);
#3978=PLANE('',#3977);
#3979=ADVANCED_FACE('',(#3973),#3978,.T.);
#3980=ORIENTED_EDGE('',*,*,#3199,.T.);
#3981=CARTESIAN_POINT('',(0.,-15.,140.));
#3982=VERTEX_POINT('',#3981);
#3983=DIRECTION('',(0.,0.,1.));
#3984=VECTOR('',#3983,8.);
#3985=LINE('',#3189,#3984);
#3986=EDGE_CURVE('',#3190,#3982,#3985,.T.);
#3987=ORIENTED_EDGE('',*,*,#3986,.T.);
#3988=DIRECTION('',(0.99619,-0.08716,0.));
#3989=VECTOR('',#3988,2.61467);
#3990=LINE('',#3959,#3989);
#3991=EDGE_CURVE('',#3960,#3982,#3990,.T.);
#3992=ORIENTED_EDGE('',*,*,#3991,.F.);
#3993=ORIENTED_EDGE('',*,*,#3964,.F.);
#3994=EDGE_LOOP('',(#3980,#3987,#3992,#3993));
#3995=FACE_OUTER_BOUND('',#3994,.T.);
#3996=CARTESIAN_POINT('',(-2.60472,-14.77212,132.));
#3997=DIRECTION('',(-0.08716,-0.99619,0.));
#3998=DIRECTION('',(0.99619,-0.08716,0.));
#3999=AXIS2_PLACEMENT_3D('',#3996,#3997,#3998);
#4000=PLANE('',#3999);
#4001=ADVANCED_FACE('',(#3995),#4000,.T.);
#4002=ORIENTED_EDGE('',*,*,#3221,.T.);
#4003=CARTESIAN_POINT('',(2.60472,-14.77212,140.));
#4004=VERTEX_POINT('',#4003);
#4005=DIRECTION('',(0.,0.,1.));
#4006=VECTOR('',#4005,8.);
#4007=LINE('',#3211,#4006);
#4008=EDGE_CURVE('',#3212,#4004,#4007,.T.);
#4009=ORIENTED_EDGE('',*,*,#4008,.T.);
#4010=DIRECTION('',(0.99619,0.08716,0.));
#4011=VECTOR('',#4010,2.61467);
#4012=LINE('',#3981,#4011);
#4013=EDGE_CURVE('',#3982,#4004,#4012,.T.);
#4014=ORIENTED_EDGE('',*,*,#4013,.F.);
#4015=ORIENTED_EDGE('',*,*,#3986,.F.);
#4016=EDGE_LOOP('',(#4002,#4009,#4014,#4015));
#4017=FACE_OUTER_BOUND('',#4016,.T.);
#4018=CARTESIAN_POINT('',(0.,-15.,132.));
#4019=DIRECTION('',(0.08716,-0.99619,0.));
#4020=DIRECTION('',(0.99619,0.08716,0.));
#4021=AXIS2_PLACEMENT_3D('',#4018,#4019,#4020);
#4022=PLANE('',#4021);
#4023=ADVANCED_FACE('',(#4017),#4022,.T.);
#4024=ORIENTED_EDGE('',*,*,#3243,.T.);
#4025=CARTESIAN_POINT('',(5.1303,-14.09539,140.));
#4026=VERTEX_POINT('',#4025);
#4027=DIRECTION('',(0.,0.,1.));
#4028=VECTOR('',#4027,8.);
#4029=LINE('',#3233,#4028);
#4030=EDGE_CURVE('',#3234,#4026,#4029,.T.);
#4031=ORIENTED_EDGE('',*,*,#4030,.T.);
#4032=DIRECTION('',(0.96593,0.25882,0.));
#4033=VECTOR('',#4032,2.61467);
#4034=LINE('',#4003,#4033);
#4035=EDGE_CURVE('',#4004,#4026,#4034,.T.);
#4036=ORIENTED_EDGE('',*,*,#4035,.F.);
#4037=ORIENTED_EDGE('',*,*,#4008,.F.);
#4038=EDGE_LOOP('',(#4024,#4031,#4036,#4037));
#4039=FACE_OUTER_BOUND('',#4038,.T.);
#4040=CARTESIAN_POINT('',(2.60472,-14.77212,132.));
#4041=DIRECTION('',(0.25882,-0.96593,0.));
#4042=DIRECTION('',(0.96593,0.25882,0.));
#4043=AXIS2_PLACEMENT_3D('',#4040,#4041,#4042);
#4044=PLANE('',#4043);
#4045=ADVANCED_FACE('',(#4039),#4044,.T.);
#4046=ORIENTED_EDGE('',*,*,#3265,.T.);
#4047=CARTESIAN_POINT('',(7.5,-12.99038,140.));
#4048=VERTEX_POINT('',#4047);
#4049=DIRECTION('',(0.,0.,1.));
#4050=VECTOR('',#4049,8.);
#4051=LINE('',#3255,#4050);
#4052=EDGE_CURVE('',#3256,#4048,#4051,.T.);
#4053=ORIENTED_EDGE('',*,*,#4052,.T.);
#4054=DIRECTION('',(0.90631,0.42262,0.));
#4055=VECTOR('',#4054,2.61467);
#4056=LINE('',#4025,#4055);
#4057=EDGE_CURVE('',#4026,#4048,#4056,.T.);
#4058=ORIENTED_EDGE('',*,*,#4057,.F.);
#4059=ORIENTED_EDGE('',*,*,#4030,.F.);
#4060=EDGE_LOOP('',(#4046,#4053,#4058,#4059));
#4061=FACE_OUTER_BOUND('',#4060,.T.);
#4062=CARTESIAN_POINT('',(5.1303,-14.09539,132.));
#4063=DIRECTION('',(0.42262,-0.90631,0.));
#4064=DIRECTION('',(0.90631,0.42262,0.));
#4065=AXIS2_PLACEMENT_3D('',#4062,#4063,#4064);
#4066=PLANE('',#4065);
#4067=ADVANCED_FACE('',(#4061),#4066,.T.);
#4068=ORIENTED_EDGE('',*,*,#3287,.T.);
#4069=CARTESIAN_POINT('',(9.64181,-11.49067,140.));
#4070=VERTEX_POINT('',#4069);
#4071=DIRECTION('',(0.,0.,1.));
#4072=VECTOR('',#4071,8.);
#4073=LINE('',#3277,#4072);
#4074=EDGE_CURVE('',#3278,#4070,#4073,.T.);
#4075=ORIENTED_EDGE('',*,*,#4074,.T.);
#4076=DIRECTION('',(0.81915,0.57358,0.));
#4077=VECTOR('',#4076,2.61467);
#4078=LINE('',#4047,#4077);
#4079=EDGE_CURVE('',#4048,#4070,#4078,.T.);
#4080=ORIENTED_EDGE('',*,*,#4079,.F.);
#4081=ORIENTED_EDGE('',*,*,#4052,.F.);
#4082=EDGE_LOOP('',(#4068,#4075,#4080,#4081));
#4083=FACE_OUTER_BOUND('',#4082,.T.);
#4084=CARTESIAN_POINT('',(7.5,-12.99038,132.));
#4085=DIRECTION('',(0.57358,-0.81915,0.));
#4086=DIRECTION('',(0.81915,0.57358,0.));
#4087=AXIS2_PLACEMENT_3D('',#4084,#4085,#4086);
#4088=PLANE('',#4087);
#4089=ADVANCED_FACE('',(#4083),#4088,.T.);
#4090=ORIENTED_EDGE('',*,*,#3309,.T.);
#4091=CARTESIAN_POINT('',(11.49067,-9.64181,140.));
#4092=VERTEX_POINT('',#4091);
#4093=DIRECTION('',(0.,0.,1.));
#4094=VECTOR('',#4093,8.);
#4095=LINE('',#3299,#4094);
#4096=EDGE_CURVE('',#3300,#4092,#4095,.T.);
#4097=ORIENTED_EDGE('',*,*,#4096,.T.);
#4098=DIRECTION('',(0.70711,0.70711,0.));
#4099=VECTOR('',#4098,2.61467);
#4100=LINE('',#4069,#4099);
#4101=EDGE_CURVE('',#4070,#4092,#4100,.T.);
#4102=ORIENTED_EDGE('',*,*,#4101,.F.);
#4103=ORIENTED_EDGE('',*,*,#4074,.F.);
#4104=EDGE_LOOP('',(#4090,#4097,#4102,#4103));
#4105=FACE_OUTER_BOUND('',#4104,.T.);
#4106=CARTESIAN_POINT('',(9.64181,-11.49067,132.));
#4107=DIRECTION('',(0.70711,-0.70711,0.));
#4108=DIRECTION('',(0.70711,0.70711,0.));
#4109=AXIS2_PLACEMENT_3D('',#4106,#4107,#4108);
#4110=PLANE('',#4109);
#4111=ADVANCED_FACE('',(#4105),#4110,.T.);
#4112=ORIENTED_EDGE('',*,*,#3331,.T.);
#4113=CARTESIAN_POINT('',(12.99038,-7.5,140.));
#4114=VERTEX_POINT('',#4113);
#4115=DIRECTION('',(0.,0.,1.));
#4116=VECTOR('',#4115,8.);
#4117=LINE('',#3321,#4116);
#4118=EDGE_CURVE('',#3322,#4114,#4117,.T.);
#4119=ORIENTED_EDGE('',*,*,#4118,.T.);
#4120=DIRECTION('',(0.57358,0.81915,0.));
#4121=VECTOR('',#4120,2.61467);
#4122=LINE('',#4091,#4121);
#4123=EDGE_CURVE('',#4092,#4114,#4122,.T.);
#4124=ORIENTED_EDGE('',*,*,#4123,.F.);
#4125=ORIENTED_EDGE('',*,*,#4096,.F.);
#4126=EDGE_LOOP('',(#4112,#4119,#4124,#4125));
#4127=FACE_OUTER_BOUND('',#4126,.T.);
#4128=CARTESIAN_POINT('',(11.49067,-9.64181,132.));
#4129=DIRECTION('',(0.81915,-0.57358,0.));
#4130=DIRECTION('',(0.57358,0.81915,0.));
#4131=AXIS2_PLACEMENT_3D('',#4128,#4129,#4130);
#4132=PLANE('',#4131);
#4133=ADVANCED_FACE('',(#4127),#4132,.T.);
#4134=ORIENTED_EDGE('',*,*,#3353,.T.);
#4135=CARTESIAN_POINT('',(14.09539,-5.1303,140.));
#4136=VERTEX_POINT('',#4135);
#4137=DIRECTION('',(0.,0.,1.));
#4138=VECTOR('',#4137,8.);
#4139=LINE('',#3343,#4138);
#4140=EDGE_CURVE('',#3344,#4136,#4139,.T.);
#4141=ORIENTED_EDGE('',*,*,#4140,.T.);
#4142=DIRECTION('',(0.42262,0.90631,0.));
#4143=VECTOR('',#4142,2.61467);
#4144=LINE('',#4113,#4143);
#4145=EDGE_CURVE('',#4114,#4136,#4144,.T.);
#4146=ORIENTED_EDGE('',*,*,#4145,.F.);
#4147=ORIENTED_EDGE('',*,*,#4118,.F.);
#4148=EDGE_LOOP('',(#4134,#4141,#4146,#4147));
#4149=FACE_OUTER_BOUND('',#4148,.T.);
#4150=CARTESIAN_POINT('',(12.99038,-7.5,132.));
#4151=DIRECTION('',(0.90631,-0.42262,0.));
#4152=DIRECTION('',(0.42262,0.90631,0.));
#4153=AXIS2_PLACEMENT_3D('',#4150,#4151,#4152);
#4154=PLANE('',#4153);
#4155=ADVANCED_FACE('',(#4149),#4154,.T.);
#4156=ORIENTED_EDGE('',*,*,#3375,.T.);
#4157=CARTESIAN_POINT('',(14.77212,-2.60472,140.));
#4158=VERTEX_POINT('',#4157);
#4159=DIRECTION('',(0.,0.,1.));
#4160=VECTOR('',#4159,8.);
#4161=LINE('',#3365,#4160);
#4162=EDGE_CURVE('',#3366,#4158,#4161,.T.);
#4163=ORIENTED_EDGE('',*,*,#4162,.T.);
#4164=DIRECTION('',(0.25882,0.96593,0.));
#4165=VECTOR('',#4164,2.61467);
#4166=LINE('',#4135,#4165);
#4167=EDGE_CURVE('',#4136,#4158,#4166,.T.);
#4168=ORIENTED_EDGE('',*,*,#4167,.F.);
#4169=ORIENTED_EDGE('',*,*,#4140,.F.);
#4170=EDGE_LOOP('',(#4156,#4163,#4168,#4169));
#4171=FACE_OUTER_BOUND('',#4170,.T.);
#4172=CARTESIAN_POINT('',(14.09539,-5.1303,132.));
#4173=DIRECTION('',(0.96593,-0.25882,0.));
#4174=DIRECTION('',(0.25882,0.96593,0.));
#4175=AXIS2_PLACEMENT_3D('',#4172,#4173,#4174);
#4176=PLANE('',#4175);
#4177=ADVANCED_FACE('',(#4171),#4176,.T.);
#4178=ORIENTED_EDGE('',*,*,#3391,.F.);
#4179=ORIENTED_EDGE('',*,*,#3420,.T.);
#4180=DIRECTION('',(-0.08716,-0.99619,0.));
#4181=VECTOR('',#4180,2.61467);
#4182=LINE('',#3410,#4181);
#4183=EDGE_CURVE('',#3411,#4158,#4182,.T.);
#4184=ORIENTED_EDGE('',*,*,#4183,.T.);
#4185=ORIENTED_EDGE('',*,*,#4162,.F.);
#4186=EDGE_LOOP('',(#4178,#4179,#4184,#4185));
#4187=FACE_OUTER_BOUND('',#4186,.T.);
#4188=CARTESIAN_POINT('',(14.77212,-2.60472,132.));
#4189=DIRECTION('',(0.99619,-0.08716,0.));
#4190=DIRECTION('',(0.08716,0.99619,0.));
#4191=AXIS2_PLACEMENT_3D('',#4188,#4189,#4190);
#4192=PLANE('',#4191);
#4193=ADVANCED_FACE('',(#4187),#4192,.T.);
#4194=ORIENTED_EDGE('',*,*,#983,.F.);
#4195=ORIENTED_EDGE('',*,*,#955,.F.);
#4196=ORIENTED_EDGE('',*,*,#927,.F.);
#4197=ORIENTED_EDGE('',*,*,#899,.F.);
#4198=ORIENTED_EDGE('',*,*,#871,.F.);
#4199=ORIENTED_EDGE('',*,*,#843,.F.);
#4200=ORIENTED_EDGE('',*,*,#815,.F.);
#4201=ORIENTED_EDGE('',*,*,#787,.F.);
#4202=ORIENTED_EDGE('',*,*,#759,.F.);
#4203=ORIENTED_EDGE('',*,*,#731,.F.);
#4204=ORIENTED_EDGE('',*,*,#703,.F.);
#4205=ORIENTED_EDGE('',*,*,#675,.F.);
#4206=ORIENTED_EDGE('',*,*,#647,.F.);
#4207=ORIENTED_EDGE('',*,*,#619,.F.);
#4208=ORIENTED_EDGE('',*,*,#591,.F.);
#4209=ORIENTED_EDGE('',*,*,#563,.F.);
#4210=ORIENTED_EDGE('',*,*,#535,.F.);
#4211=ORIENTED_EDGE('',*,*,#507,.F.);
#4212=ORIENTED_EDGE('',*,*,#479,.F.);
#4213=ORIENTED_EDGE('',*,*,#451,.F.);
#4214=ORIENTED_EDGE('',*,*,#423,.F.);
#4215=ORIENTED_EDGE('',*,*,#395,.F.);
#4216=ORIENTED_EDGE('',*,*,#367,.F.);
#4217=ORIENTED_EDGE('',*,*,#339,.F.);
#4218=ORIENTED_EDGE('',*,*,#311,.F.);
#4219=ORIENTED_EDGE('',*,*,#283,.F.);
#4220=ORIENTED_EDGE('',*,*,#255,.F.);
#4221=ORIENTED_EDGE('',*,*,#227,.F.);
#4222=ORIENTED_EDGE('',*,*,#199,.F.);
#4223=ORIENTED_EDGE('',*,*,#171,.F.);
#4224=ORIENTED_EDGE('',*,*,#143,.F.);
#4225=ORIENTED_EDGE('',*,*,#115,.F.);
#4226=ORIENTED_EDGE('',*,*,#87,.F.);
#4227=ORIENTED_EDGE('',*,*,#59,.F.);
#4228=ORIENTED_EDGE('',*,*,#25,.F.);
#4229=ORIENTED_EDGE('',*,*,#1009,.T.);
#4230=EDGE_LOOP('',(#4194,#4195,#4196,#4197,#4198,#4199,#4200,#4201,#4202,#4203,#4204,#4205,#4206,#4207,#4208,#4209,#4210,#4211,#4212,#4213,#4214,#4215,#4216,#4217,#4218,#4219,#4220,#4221,#4222,#4223,#4224,#4225,#4226,#4227,#4228,#4229));
#4231=FACE_OUTER_BOUND('',#4230,.T.);
#4232=CARTESIAN_POINT('',(28.55942,-5.0358,0.));
#4233=DIRECTION('',(0.,0.,-1.));
#4234=DIRECTION('',(-0.25882,-0.96593,0.));
#4235=AXIS2_PLACEMENT_3D('',#4232,#4233,#4234);
#4236=PLANE('',#4235);
#4237=ADVANCED_FACE('',(#4231),#4236,.T.);
#4238=ORIENTED_EDGE('',*,*,#3415,.T.);
#4239=ORIENTED_EDGE('',*,*,#3441,.T.);
#4240=ORIENTED_EDGE('',*,*,#3463,.T.);
#4241=ORIENTED_EDGE('',*,*,#3485,.T.);
#4242=ORIENTED_EDGE('',*,*,#3507,.T.);
#4243=ORIENTED_EDGE('',*,*,#3529,.T.);
#4244=ORIENTED_EDGE('',*,*,#3551,.T.);
#4245=ORIENTED_EDGE('',*,*,#3573,.T.);
#4246=ORIENTED_EDGE('',*,*,#3595,.T.);
#4247=ORIENTED_EDGE('',*,*,#3617,.T.);
#4248=ORIENTED_EDGE('',*,*,#3639,.T.);
#4249=ORIENTED_EDGE('',*,*,#3661,.T.);
#4250=ORIENTED_EDGE('',*,*,#3683,.T.);
#4251=ORIENTED_EDGE('',*,*,#3705,.T.);
#4252=ORIENTED_EDGE('',*,*,#3727,.T.);
#4253=ORIENTED_EDGE('',*,*,#3749,.T.);
#4254=ORIENTED_EDGE('',*,*,#3771,.T.);
#4255=ORIENTED_EDGE('',*,*,#3793,.T.);
#4256=ORIENTED_EDGE('',*,*,#3815,.T.);
#4257=ORIENTED_EDGE('',*,*,#3837,.T.);
#4258=ORIENTED_EDGE('',*,*,#3859,.T.);
#4259=ORIENTED_EDGE('',*,*,#3881,.T.);
#4260=ORIENTED_EDGE('',*,*,#3903,.T.);
#4261=ORIENTED_EDGE('',*,*,#3925,.T.);
#4262=ORIENTED_EDGE('',*,*,#3947,.T.);
#4263=ORIENTED_EDGE('',*,*,#3969,.T.);
#4264=ORIENTED_EDGE('',*,*,#3991,.T.);
#4265=ORIENTED_EDGE('',*,*,#4013,.T.);
#4266=ORIENTED_EDGE('',*,*,#4035,.T.);
#4267=ORIENTED_EDGE('',*,*,#4057,.T.);
#4268=ORIENTED_EDGE('',*,*,#4079,.T.);
#4269=ORIENTED_EDGE('',*,*,#4101,.T.);
#4270=ORIENTED_EDGE('',*,*,#4123,.T.);
#4271=ORIENTED_EDGE('',*,*,#4145,.T.);
#4272=ORIENTED_EDGE('',*,*,#4167,.T.);
#4273=ORIENTED_EDGE('',*,*,#4183,.F.);
#4274=EDGE_LOOP('',(#4238,#4239,#4240,#4241,#4242,#4243,#4244,#4245,#4246,#4247,#4248,#4249,#4250,#4251,#4252,#4253,#4254,#4255,#4256,#4257,#4258,#4259,#4260,#4261,#4262,#4263,#4264,#4265,#4266,#4267,#4268,#4269,#4270,#4271,#4272,#4273));
#4275=FACE_OUTER_BOUND('',#4274,.T.);
#4276=CARTESIAN_POINT('',(15.,0.,140.));
#4277=DIRECTION('',(0.,0.,1.));
#4278=DIRECTION('',(-0.08716,0.99619,0.));
#4279=AXIS2_PLACEMENT_3D('',#4276,#4277,#4278);
#4280=PLANE('',#4279);
#4281=ADVANCED_FACE('',(#4275),#4280,.T.);
#4282=CLOSED_SHELL('',(#53,#81,#109,#137,#165,#193,#221,#249,#277,#305,#333,#361,#389,#417,#445,#473,#501,#529,#557,#585,#613,#641,#669,#697,#725,#753,#781,#809,#837,#865,#893,#921,#949,#977,#1005,#1025,#1053,#1075,#1097,#1119,#1141,#1163,#1185,#1207,#1229,#1251,#1273,#1295,#1317,#1339,#1361,#1383,#1405,#1427,#1449,#1471,#1493,#1515,#1537,#1559,#1581,#1603,#1625,#1647,#1669,#1691,#1713,#1735,#1757,#1779,#1801,#1817,#1845,#1867,#1889,#1911,#1933,#1955,#1977,#1999,#2021,#2043,#2065,#2087,#2109,#2131,#2153,#2175,#2197,#2219,#2241,#2263,#2285,#2307,#2329,#2351,#2373,#2395,#2417,#2439,#2461,#2483,#2505,#2527,#2549,#2571,#2593,#2609,#2637,#2659,#2681,#2703,#2725,#2747,#2769,#2791,#2813,#2835,#2857,#2879,#2901,#2923,#2945,#2967,#2989,#3011,#3033,#3055,#3077,#3099,#3121,#3143,#3165,#3187,#3209,#3231,#3253,#3275,#3297,#3319,#3341,#3363,#3385,#3401,#3429,#3451,#3473,#3495,#3517,#3539,#3561,#3583,#3605,#3627,#3649,#3671,#3693,#3715,#3737,#3759,#3781,#3803,#3825,#3847,#3869,#3891,#3913,#3935,#3957,#3979,#4001,#4023,#4045,#4067,#4089,#4111,#4133,#4155,#4177,#4193,#4237,#4281));
#4283=MANIFOLD_SOLID_BREP('',#4282);
#4284=COLOUR_RGB('',0.95,0.95,0.93);
#4285=FILL_AREA_STYLE_COLOUR('',#4284);
#4286=FILL_AREA_STYLE('',(#4285));
#4287=SURFACE_STYLE_FILL_AREA(#4286);
#4288=SURFACE_SIDE_STYLE('',(#4287));
#4289=SURFACE_STYLE_USAGE(.BOTH.,#4288);
#4290=PRESENTATION_STYLE_ASSIGNMENT((#4289));
#4291=STYLED_ITEM('color',(#4290),#4283);
#4292=ADVANCED_BREP_SHAPE_REPRESENTATION('',(#17,#4283),#9);
#4293=SHAPE_DEFINITION_REPRESENTATION(#13,#4292);
#4294=MECHANICAL_DESIGN_GEOMETRIC_PRESENTATION_REPRESENTATION('',(#4291),#9);
#4295=PRODUCT_RELATED_PRODUCT_CATEGORY('part',$,(#10));
ENDSEC;
END-ISO-10303-21;
