ISO-10303-21;
HEADER;
FILE_DESCRIPTION(('AquaSentinel R3 - planar B-rep export'),'2;1');
FILE_NAME('Cartridge cap + wiper drive housing','2026-10-04T21:49:42',('AquaSentinel team'),('Sanjivani University'),'AquaSentinel R3 python build','AquaSentinel R3','');
FILE_SCHEMA(('AUTOMOTIVE_DESIGN { 1 0 10303 214 1 1 1 1 }'));
ENDSEC;
DATA;
#1=APPLICATION_CONTEXT('core data for automotive mechanical design processes');
#2=APPLICATION_PROTOCOL_DEFINITION('international standard','automotive_design',2000,#1);
#3=PRODUCT_CONTEXT('',#1,'mechanical');
#4=PRODUCT_DEFINITION_CONTEXT('part definition',#1,'design');
#5=(LENGTH_UNIT()NAMED_UNIT(*)SI_UNIT(.MILLI.,.METRE.));
#6=(NAMED_UNIT(*)PLANE_ANGLE_UNIT()SI_UNIT($,.RADIAN.));
#7=(NAMED_UNIT(*)SI_UNIT($,.STERADIAN.)SOLID_ANGLE_UNIT());
#8=UNCERTAINTY_MEASURE_WITH_UNIT(LENGTH_MEASURE(1.E-04),#5,'distance_accuracy_value','confusion accuracy');
#9=(GEOMETRIC_REPRESENTATION_CONTEXT(3)GLOBAL_UNCERTAINTY_ASSIGNED_CONTEXT((#8))GLOBAL_UNIT_ASSIGNED_CONTEXT((#5,#6,#7))REPRESENTATION_CONTEXT('Context','3D Context with UNIT and UNCERTAINTY'));
#10=PRODUCT('AS3-411','Cartridge cap + wiper drive housing','Quarter-turn seat on the hatch flange; houses the wiper servo',(#3));
#11=PRODUCT_DEFINITION_FORMATION('','',#10);
#12=PRODUCT_DEFINITION('design','',#11,#4);
#13=PRODUCT_DEFINITION_SHAPE('','',#12);
#14=CARTESIAN_POINT('',(0.,0.,0.));
#15=DIRECTION('',(0.,0.,1.));
#16=DIRECTION('',(1.,0.,0.));
#17=AXIS2_PLACEMENT_3D('',#14,#15,#16);
#18=CARTESIAN_POINT('',(333.,0.,309.));
#19=VERTEX_POINT('',#18);
#20=CARTESIAN_POINT('',(332.55218,9.11559,309.));
#21=VERTEX_POINT('',#20);
#22=DIRECTION('',(-0.04907,0.9988,0.));
#23=VECTOR('',#22,9.12659);
#24=LINE('',#18,#23);
#25=EDGE_CURVE('',#19,#21,#24,.T.);
#26=ORIENTED_EDGE('',*,*,#25,.T.);
#27=CARTESIAN_POINT('',(332.55218,9.11559,323.));
#28=VERTEX_POINT('',#27);
#29=DIRECTION('',(0.,0.,1.));
#30=VECTOR('',#29,14.);
#31=LINE('',#20,#30);
#32=EDGE_CURVE('',#21,#28,#31,.T.);
#33=ORIENTED_EDGE('',*,*,#32,.T.);
#34=CARTESIAN_POINT('',(333.,0.,323.));
#35=VERTEX_POINT('',#34);
#36=DIRECTION('',(-0.04907,0.9988,0.));
#37=VECTOR('',#36,9.12659);
#38=LINE('',#34,#37);
#39=EDGE_CURVE('',#35,#28,#38,.T.);
#40=ORIENTED_EDGE('',*,*,#39,.F.);
#41=DIRECTION('',(0.,0.,1.));
#42=VECTOR('',#41,14.);
#43=LINE('',#18,#42);
#44=EDGE_CURVE('',#19,#35,#43,.T.);
#45=ORIENTED_EDGE('',*,*,#44,.F.);
#46=EDGE_LOOP('',(#26,#33,#40,#45));
#47=FACE_OUTER_BOUND('',#46,.T.);
#48=CARTESIAN_POINT('',(333.,0.,309.));
#49=DIRECTION('',(0.9988,0.04907,0.));
#50=DIRECTION('',(-0.04907,0.9988,0.));
#51=AXIS2_PLACEMENT_3D('',#48,#49,#50);
#52=PLANE('',#51);
#53=ADVANCED_FACE('',(#47),#52,.T.);
#54=CARTESIAN_POINT('',(331.21303,18.1434,309.));
#55=VERTEX_POINT('',#54);
#56=DIRECTION('',(-0.14673,0.98918,0.));
#57=VECTOR('',#56,9.12659);
#58=LINE('',#20,#57);
#59=EDGE_CURVE('',#21,#55,#58,.T.);
#60=ORIENTED_EDGE('',*,*,#59,.T.);
#61=CARTESIAN_POINT('',(331.21303,18.1434,323.));
#62=VERTEX_POINT('',#61);
#63=DIRECTION('',(0.,0.,1.));
#64=VECTOR('',#63,14.);
#65=LINE('',#54,#64);
#66=EDGE_CURVE('',#55,#62,#65,.T.);
#67=ORIENTED_EDGE('',*,*,#66,.T.);
#68=DIRECTION('',(-0.14673,0.98918,0.));
#69=VECTOR('',#68,9.12659);
#70=LINE('',#27,#69);
#71=EDGE_CURVE('',#28,#62,#70,.T.);
#72=ORIENTED_EDGE('',*,*,#71,.F.);
#73=ORIENTED_EDGE('',*,*,#32,.F.);
#74=EDGE_LOOP('',(#60,#67,#72,#73));
#75=FACE_OUTER_BOUND('',#74,.T.);
#76=CARTESIAN_POINT('',(332.55218,9.11559,309.));
#77=DIRECTION('',(0.98918,0.14673,0.));
#78=DIRECTION('',(-0.14673,0.98918,0.));
#79=AXIS2_PLACEMENT_3D('',#76,#77,#78);
#80=PLANE('',#79);
#81=ADVANCED_FACE('',(#75),#80,.T.);
#82=CARTESIAN_POINT('',(328.99545,26.99647,309.));
#83=VERTEX_POINT('',#82);
#84=DIRECTION('',(-0.24298,0.97003,0.));
#85=VECTOR('',#84,9.12659);
#86=LINE('',#54,#85);
#87=EDGE_CURVE('',#55,#83,#86,.T.);
#88=ORIENTED_EDGE('',*,*,#87,.T.);
#89=CARTESIAN_POINT('',(328.99545,26.99647,323.));
#90=VERTEX_POINT('',#89);
#91=DIRECTION('',(0.,0.,1.));
#92=VECTOR('',#91,14.);
#93=LINE('',#82,#92);
#94=EDGE_CURVE('',#83,#90,#93,.T.);
#95=ORIENTED_EDGE('',*,*,#94,.T.);
#96=DIRECTION('',(-0.24298,0.97003,0.));
#97=VECTOR('',#96,9.12659);
#98=LINE('',#61,#97);
#99=EDGE_CURVE('',#62,#90,#98,.T.);
#100=ORIENTED_EDGE('',*,*,#99,.F.);
#101=ORIENTED_EDGE('',*,*,#66,.F.);
#102=EDGE_LOOP('',(#88,#95,#100,#101));
#103=FACE_OUTER_BOUND('',#102,.T.);
#104=CARTESIAN_POINT('',(331.21303,18.1434,309.));
#105=DIRECTION('',(0.97003,0.24298,0.));
#106=DIRECTION('',(-0.24298,0.97003,0.));
#107=AXIS2_PLACEMENT_3D('',#104,#105,#106);
#108=PLANE('',#107);
#109=ADVANCED_FACE('',(#103),#108,.T.);
#110=CARTESIAN_POINT('',(325.9208,35.58956,309.));
#111=VERTEX_POINT('',#110);
#112=DIRECTION('',(-0.33689,0.94154,0.));
#113=VECTOR('',#112,9.12659);
#114=LINE('',#82,#113);
#115=EDGE_CURVE('',#83,#111,#114,.T.);
#116=ORIENTED_EDGE('',*,*,#115,.T.);
#117=CARTESIAN_POINT('',(325.9208,35.58956,323.));
#118=VERTEX_POINT('',#117);
#119=DIRECTION('',(0.,0.,1.));
#120=VECTOR('',#119,14.);
#121=LINE('',#110,#120);
#122=EDGE_CURVE('',#111,#118,#121,.T.);
#123=ORIENTED_EDGE('',*,*,#122,.T.);
#124=DIRECTION('',(-0.33689,0.94154,0.));
#125=VECTOR('',#124,9.12659);
#126=LINE('',#89,#125);
#127=EDGE_CURVE('',#90,#118,#126,.T.);
#128=ORIENTED_EDGE('',*,*,#127,.F.);
#129=ORIENTED_EDGE('',*,*,#94,.F.);
#130=EDGE_LOOP('',(#116,#123,#128,#129));
#131=FACE_OUTER_BOUND('',#130,.T.);
#132=CARTESIAN_POINT('',(328.99545,26.99647,309.));
#133=DIRECTION('',(0.94154,0.33689,0.));
#134=DIRECTION('',(-0.33689,0.94154,0.));
#135=AXIS2_PLACEMENT_3D('',#132,#133,#134);
#136=PLANE('',#135);
#137=ADVANCED_FACE('',(#131),#136,.T.);
#138=CARTESIAN_POINT('',(322.01868,43.8399,309.));
#139=VERTEX_POINT('',#138);
#140=DIRECTION('',(-0.42756,0.90399,0.));
#141=VECTOR('',#140,9.12659);
#142=LINE('',#110,#141);
#143=EDGE_CURVE('',#111,#139,#142,.T.);
#144=ORIENTED_EDGE('',*,*,#143,.T.);
#145=CARTESIAN_POINT('',(322.01868,43.8399,323.));
#146=VERTEX_POINT('',#145);
#147=DIRECTION('',(0.,0.,1.));
#148=VECTOR('',#147,14.);
#149=LINE('',#138,#148);
#150=EDGE_CURVE('',#139,#146,#149,.T.);
#151=ORIENTED_EDGE('',*,*,#150,.T.);
#152=DIRECTION('',(-0.42756,0.90399,0.));
#153=VECTOR('',#152,9.12659);
#154=LINE('',#117,#153);
#155=EDGE_CURVE('',#118,#146,#154,.T.);
#156=ORIENTED_EDGE('',*,*,#155,.F.);
#157=ORIENTED_EDGE('',*,*,#122,.F.);
#158=EDGE_LOOP('',(#144,#151,#156,#157));
#159=FACE_OUTER_BOUND('',#158,.T.);
#160=CARTESIAN_POINT('',(325.9208,35.58956,309.));
#161=DIRECTION('',(0.90399,0.42756,0.));
#162=DIRECTION('',(-0.42756,0.90399,0.));
#163=AXIS2_PLACEMENT_3D('',#160,#161,#162);
#164=PLANE('',#163);
#165=ADVANCED_FACE('',(#159),#164,.T.);
#166=CARTESIAN_POINT('',(317.32667,51.66803,309.));
#167=VERTEX_POINT('',#166);
#168=DIRECTION('',(-0.5141,0.85773,0.));
#169=VECTOR('',#168,9.12659);
#170=LINE('',#138,#169);
#171=EDGE_CURVE('',#139,#167,#170,.T.);
#172=ORIENTED_EDGE('',*,*,#171,.T.);
#173=CARTESIAN_POINT('',(317.32667,51.66803,323.));
#174=VERTEX_POINT('',#173);
#175=DIRECTION('',(0.,0.,1.));
#176=VECTOR('',#175,14.);
#177=LINE('',#166,#176);
#178=EDGE_CURVE('',#167,#174,#177,.T.);
#179=ORIENTED_EDGE('',*,*,#178,.T.);
#180=DIRECTION('',(-0.5141,0.85773,0.));
#181=VECTOR('',#180,9.12659);
#182=LINE('',#145,#181);
#183=EDGE_CURVE('',#146,#174,#182,.T.);
#184=ORIENTED_EDGE('',*,*,#183,.F.);
#185=ORIENTED_EDGE('',*,*,#150,.F.);
#186=EDGE_LOOP('',(#172,#179,#184,#185));
#187=FACE_OUTER_BOUND('',#186,.T.);
#188=CARTESIAN_POINT('',(322.01868,43.8399,309.));
#189=DIRECTION('',(0.85773,0.5141,0.));
#190=DIRECTION('',(-0.5141,0.85773,0.));
#191=AXIS2_PLACEMENT_3D('',#188,#189,#190);
#192=PLANE('',#191);
#193=ADVANCED_FACE('',(#187),#192,.T.);
#194=CARTESIAN_POINT('',(311.88997,58.99858,309.));
#195=VERTEX_POINT('',#194);
#196=DIRECTION('',(-0.5957,0.80321,0.));
#197=VECTOR('',#196,9.12659);
#198=LINE('',#166,#197);
#199=EDGE_CURVE('',#167,#195,#198,.T.);
#200=ORIENTED_EDGE('',*,*,#199,.T.);
#201=CARTESIAN_POINT('',(311.88997,58.99858,323.));
#202=VERTEX_POINT('',#201);
#203=DIRECTION('',(0.,0.,1.));
#204=VECTOR('',#203,14.);
#205=LINE('',#194,#204);
#206=EDGE_CURVE('',#195,#202,#205,.T.);
#207=ORIENTED_EDGE('',*,*,#206,.T.);
#208=DIRECTION('',(-0.5957,0.80321,0.));
#209=VECTOR('',#208,9.12659);
#210=LINE('',#173,#209);
#211=EDGE_CURVE('',#174,#202,#210,.T.);
#212=ORIENTED_EDGE('',*,*,#211,.F.);
#213=ORIENTED_EDGE('',*,*,#178,.F.);
#214=EDGE_LOOP('',(#200,#207,#212,#213));
#215=FACE_OUTER_BOUND('',#214,.T.);
#216=CARTESIAN_POINT('',(317.32667,51.66803,309.));
#217=DIRECTION('',(0.80321,0.5957,0.));
#218=DIRECTION('',(-0.5957,0.80321,0.));
#219=AXIS2_PLACEMENT_3D('',#216,#217,#218);
#220=PLANE('',#219);
#221=ADVANCED_FACE('',(#215),#220,.T.);
#222=CARTESIAN_POINT('',(305.76093,65.76093,309.));
#223=VERTEX_POINT('',#222);
#224=DIRECTION('',(-0.67156,0.74095,0.));
#225=VECTOR('',#224,9.12659);
#226=LINE('',#194,#225);
#227=EDGE_CURVE('',#195,#223,#226,.T.);
#228=ORIENTED_EDGE('',*,*,#227,.T.);
#229=CARTESIAN_POINT('',(305.76093,65.76093,323.));
#230=VERTEX_POINT('',#229);
#231=DIRECTION('',(0.,0.,1.));
#232=VECTOR('',#231,14.);
#233=LINE('',#222,#232);
#234=EDGE_CURVE('',#223,#230,#233,.T.);
#235=ORIENTED_EDGE('',*,*,#234,.T.);
#236=DIRECTION('',(-0.67156,0.74095,0.));
#237=VECTOR('',#236,9.12659);
#238=LINE('',#201,#237);
#239=EDGE_CURVE('',#202,#230,#238,.T.);
#240=ORIENTED_EDGE('',*,*,#239,.F.);
#241=ORIENTED_EDGE('',*,*,#206,.F.);
#242=EDGE_LOOP('',(#228,#235,#240,#241));
#243=FACE_OUTER_BOUND('',#242,.T.);
#244=CARTESIAN_POINT('',(311.88997,58.99858,309.));
#245=DIRECTION('',(0.74095,0.67156,0.));
#246=DIRECTION('',(-0.67156,0.74095,0.));
#247=AXIS2_PLACEMENT_3D('',#244,#245,#246);
#248=PLANE('',#247);
#249=ADVANCED_FACE('',(#243),#248,.T.);
#250=CARTESIAN_POINT('',(298.99858,71.88997,309.));
#251=VERTEX_POINT('',#250);
#252=DIRECTION('',(-0.74095,0.67156,0.));
#253=VECTOR('',#252,9.12659);
#254=LINE('',#222,#253);
#255=EDGE_CURVE('',#223,#251,#254,.T.);
#256=ORIENTED_EDGE('',*,*,#255,.T.);
#257=CARTESIAN_POINT('',(298.99858,71.88997,323.));
#258=VERTEX_POINT('',#257);
#259=DIRECTION('',(0.,0.,1.));
#260=VECTOR('',#259,14.);
#261=LINE('',#250,#260);
#262=EDGE_CURVE('',#251,#258,#261,.T.);
#263=ORIENTED_EDGE('',*,*,#262,.T.);
#264=DIRECTION('',(-0.74095,0.67156,0.));
#265=VECTOR('',#264,9.12659);
#266=LINE('',#229,#265);
#267=EDGE_CURVE('',#230,#258,#266,.T.);
#268=ORIENTED_EDGE('',*,*,#267,.F.);
#269=ORIENTED_EDGE('',*,*,#234,.F.);
#270=EDGE_LOOP('',(#256,#263,#268,#269));
#271=FACE_OUTER_BOUND('',#270,.T.);
#272=CARTESIAN_POINT('',(305.76093,65.76093,309.));
#273=DIRECTION('',(0.67156,0.74095,0.));
#274=DIRECTION('',(-0.74095,0.67156,0.));
#275=AXIS2_PLACEMENT_3D('',#272,#273,#274);
#276=PLANE('',#275);
#277=ADVANCED_FACE('',(#271),#276,.T.);
#278=CARTESIAN_POINT('',(291.66803,77.32667,309.));
#279=VERTEX_POINT('',#278);
#280=DIRECTION('',(-0.80321,0.5957,0.));
#281=VECTOR('',#280,9.12659);
#282=LINE('',#250,#281);
#283=EDGE_CURVE('',#251,#279,#282,.T.);
#284=ORIENTED_EDGE('',*,*,#283,.T.);
#285=CARTESIAN_POINT('',(291.66803,77.32667,323.));
#286=VERTEX_POINT('',#285);
#287=DIRECTION('',(0.,0.,1.));
#288=VECTOR('',#287,14.);
#289=LINE('',#278,#288);
#290=EDGE_CURVE('',#279,#286,#289,.T.);
#291=ORIENTED_EDGE('',*,*,#290,.T.);
#292=DIRECTION('',(-0.80321,0.5957,0.));
#293=VECTOR('',#292,9.12659);
#294=LINE('',#257,#293);
#295=EDGE_CURVE('',#258,#286,#294,.T.);
#296=ORIENTED_EDGE('',*,*,#295,.F.);
#297=ORIENTED_EDGE('',*,*,#262,.F.);
#298=EDGE_LOOP('',(#284,#291,#296,#297));
#299=FACE_OUTER_BOUND('',#298,.T.);
#300=CARTESIAN_POINT('',(298.99858,71.88997,309.));
#301=DIRECTION('',(0.5957,0.80321,0.));
#302=DIRECTION('',(-0.80321,0.5957,0.));
#303=AXIS2_PLACEMENT_3D('',#300,#301,#302);
#304=PLANE('',#303);
#305=ADVANCED_FACE('',(#299),#304,.T.);
#306=CARTESIAN_POINT('',(283.8399,82.01868,309.));
#307=VERTEX_POINT('',#306);
#308=DIRECTION('',(-0.85773,0.5141,0.));
#309=VECTOR('',#308,9.12659);
#310=LINE('',#278,#309);
#311=EDGE_CURVE('',#279,#307,#310,.T.);
#312=ORIENTED_EDGE('',*,*,#311,.T.);
#313=CARTESIAN_POINT('',(283.8399,82.01868,323.));
#314=VERTEX_POINT('',#313);
#315=DIRECTION('',(0.,0.,1.));
#316=VECTOR('',#315,14.);
#317=LINE('',#306,#316);
#318=EDGE_CURVE('',#307,#314,#317,.T.);
#319=ORIENTED_EDGE('',*,*,#318,.T.);
#320=DIRECTION('',(-0.85773,0.5141,0.));
#321=VECTOR('',#320,9.12659);
#322=LINE('',#285,#321);
#323=EDGE_CURVE('',#286,#314,#322,.T.);
#324=ORIENTED_EDGE('',*,*,#323,.F.);
#325=ORIENTED_EDGE('',*,*,#290,.F.);
#326=EDGE_LOOP('',(#312,#319,#324,#325));
#327=FACE_OUTER_BOUND('',#326,.T.);
#328=CARTESIAN_POINT('',(291.66803,77.32667,309.));
#329=DIRECTION('',(0.5141,0.85773,0.));
#330=DIRECTION('',(-0.85773,0.5141,0.));
#331=AXIS2_PLACEMENT_3D('',#328,#329,#330);
#332=PLANE('',#331);
#333=ADVANCED_FACE('',(#327),#332,.T.);
#334=CARTESIAN_POINT('',(275.58956,85.9208,309.));
#335=VERTEX_POINT('',#334);
#336=DIRECTION('',(-0.90399,0.42756,0.));
#337=VECTOR('',#336,9.12659);
#338=LINE('',#306,#337);
#339=EDGE_CURVE('',#307,#335,#338,.T.);
#340=ORIENTED_EDGE('',*,*,#339,.T.);
#341=CARTESIAN_POINT('',(275.58956,85.9208,323.));
#342=VERTEX_POINT('',#341);
#343=DIRECTION('',(0.,0.,1.));
#344=VECTOR('',#343,14.);
#345=LINE('',#334,#344);
#346=EDGE_CURVE('',#335,#342,#345,.T.);
#347=ORIENTED_EDGE('',*,*,#346,.T.);
#348=DIRECTION('',(-0.90399,0.42756,0.));
#349=VECTOR('',#348,9.12659);
#350=LINE('',#313,#349);
#351=EDGE_CURVE('',#314,#342,#350,.T.);
#352=ORIENTED_EDGE('',*,*,#351,.F.);
#353=ORIENTED_EDGE('',*,*,#318,.F.);
#354=EDGE_LOOP('',(#340,#347,#352,#353));
#355=FACE_OUTER_BOUND('',#354,.T.);
#356=CARTESIAN_POINT('',(283.8399,82.01868,309.));
#357=DIRECTION('',(0.42756,0.90399,0.));
#358=DIRECTION('',(-0.90399,0.42756,0.));
#359=AXIS2_PLACEMENT_3D('',#356,#357,#358);
#360=PLANE('',#359);
#361=ADVANCED_FACE('',(#355),#360,.T.);
#362=CARTESIAN_POINT('',(266.99647,88.99545,309.));
#363=VERTEX_POINT('',#362);
#364=DIRECTION('',(-0.94154,0.33689,0.));
#365=VECTOR('',#364,9.12659);
#366=LINE('',#334,#365);
#367=EDGE_CURVE('',#335,#363,#366,.T.);
#368=ORIENTED_EDGE('',*,*,#367,.T.);
#369=CARTESIAN_POINT('',(266.99647,88.99545,323.));
#370=VERTEX_POINT('',#369);
#371=DIRECTION('',(0.,0.,1.));
#372=VECTOR('',#371,14.);
#373=LINE('',#362,#372);
#374=EDGE_CURVE('',#363,#370,#373,.T.);
#375=ORIENTED_EDGE('',*,*,#374,.T.);
#376=DIRECTION('',(-0.94154,0.33689,0.));
#377=VECTOR('',#376,9.12659);
#378=LINE('',#341,#377);
#379=EDGE_CURVE('',#342,#370,#378,.T.);
#380=ORIENTED_EDGE('',*,*,#379,.F.);
#381=ORIENTED_EDGE('',*,*,#346,.F.);
#382=EDGE_LOOP('',(#368,#375,#380,#381));
#383=FACE_OUTER_BOUND('',#382,.T.);
#384=CARTESIAN_POINT('',(275.58956,85.9208,309.));
#385=DIRECTION('',(0.33689,0.94154,0.));
#386=DIRECTION('',(-0.94154,0.33689,0.));
#387=AXIS2_PLACEMENT_3D('',#384,#385,#386);
#388=PLANE('',#387);
#389=ADVANCED_FACE('',(#383),#388,.T.);
#390=CARTESIAN_POINT('',(258.1434,91.21303,309.));
#391=VERTEX_POINT('',#390);
#392=DIRECTION('',(-0.97003,0.24298,0.));
#393=VECTOR('',#392,9.12659);
#394=LINE('',#362,#393);
#395=EDGE_CURVE('',#363,#391,#394,.T.);
#396=ORIENTED_EDGE('',*,*,#395,.T.);
#397=CARTESIAN_POINT('',(258.1434,91.21303,323.));
#398=VERTEX_POINT('',#397);
#399=DIRECTION('',(0.,0.,1.));
#400=VECTOR('',#399,14.);
#401=LINE('',#390,#400);
#402=EDGE_CURVE('',#391,#398,#401,.T.);
#403=ORIENTED_EDGE('',*,*,#402,.T.);
#404=DIRECTION('',(-0.97003,0.24298,0.));
#405=VECTOR('',#404,9.12659);
#406=LINE('',#369,#405);
#407=EDGE_CURVE('',#370,#398,#406,.T.);
#408=ORIENTED_EDGE('',*,*,#407,.F.);
#409=ORIENTED_EDGE('',*,*,#374,.F.);
#410=EDGE_LOOP('',(#396,#403,#408,#409));
#411=FACE_OUTER_BOUND('',#410,.T.);
#412=CARTESIAN_POINT('',(266.99647,88.99545,309.));
#413=DIRECTION('',(0.24298,0.97003,0.));
#414=DIRECTION('',(-0.97003,0.24298,0.));
#415=AXIS2_PLACEMENT_3D('',#412,#413,#414);
#416=PLANE('',#415);
#417=ADVANCED_FACE('',(#411),#416,.T.);
#418=CARTESIAN_POINT('',(249.11559,92.55218,309.));
#419=VERTEX_POINT('',#418);
#420=DIRECTION('',(-0.98918,0.14673,0.));
#421=VECTOR('',#420,9.12659);
#422=LINE('',#390,#421);
#423=EDGE_CURVE('',#391,#419,#422,.T.);
#424=ORIENTED_EDGE('',*,*,#423,.T.);
#425=CARTESIAN_POINT('',(249.11559,92.55218,323.));
#426=VERTEX_POINT('',#425);
#427=DIRECTION('',(0.,0.,1.));
#428=VECTOR('',#427,14.);
#429=LINE('',#418,#428);
#430=EDGE_CURVE('',#419,#426,#429,.T.);
#431=ORIENTED_EDGE('',*,*,#430,.T.);
#432=DIRECTION('',(-0.98918,0.14673,0.));
#433=VECTOR('',#432,9.12659);
#434=LINE('',#397,#433);
#435=EDGE_CURVE('',#398,#426,#434,.T.);
#436=ORIENTED_EDGE('',*,*,#435,.F.);
#437=ORIENTED_EDGE('',*,*,#402,.F.);
#438=EDGE_LOOP('',(#424,#431,#436,#437));
#439=FACE_OUTER_BOUND('',#438,.T.);
#440=CARTESIAN_POINT('',(258.1434,91.21303,309.));
#441=DIRECTION('',(0.14673,0.98918,0.));
#442=DIRECTION('',(-0.98918,0.14673,0.));
#443=AXIS2_PLACEMENT_3D('',#440,#441,#442);
#444=PLANE('',#443);
#445=ADVANCED_FACE('',(#439),#444,.T.);
#446=CARTESIAN_POINT('',(240.,93.,309.));
#447=VERTEX_POINT('',#446);
#448=DIRECTION('',(-0.9988,0.04907,0.));
#449=VECTOR('',#448,9.12659);
#450=LINE('',#418,#449);
#451=EDGE_CURVE('',#419,#447,#450,.T.);
#452=ORIENTED_EDGE('',*,*,#451,.T.);
#453=CARTESIAN_POINT('',(240.,93.,323.));
#454=VERTEX_POINT('',#453);
#455=DIRECTION('',(0.,0.,1.));
#456=VECTOR('',#455,14.);
#457=LINE('',#446,#456);
#458=EDGE_CURVE('',#447,#454,#457,.T.);
#459=ORIENTED_EDGE('',*,*,#458,.T.);
#460=DIRECTION('',(-0.9988,0.04907,0.));
#461=VECTOR('',#460,9.12659);
#462=LINE('',#425,#461);
#463=EDGE_CURVE('',#426,#454,#462,.T.);
#464=ORIENTED_EDGE('',*,*,#463,.F.);
#465=ORIENTED_EDGE('',*,*,#430,.F.);
#466=EDGE_LOOP('',(#452,#459,#464,#465));
#467=FACE_OUTER_BOUND('',#466,.T.);
#468=CARTESIAN_POINT('',(249.11559,92.55218,309.));
#469=DIRECTION('',(0.04907,0.9988,0.));
#470=DIRECTION('',(-0.9988,0.04907,0.));
#471=AXIS2_PLACEMENT_3D('',#468,#469,#470);
#472=PLANE('',#471);
#473=ADVANCED_FACE('',(#467),#472,.T.);
#474=CARTESIAN_POINT('',(230.88441,92.55218,309.));
#475=VERTEX_POINT('',#474);
#476=DIRECTION('',(-0.9988,-0.04907,0.));
#477=VECTOR('',#476,9.12659);
#478=LINE('',#446,#477);
#479=EDGE_CURVE('',#447,#475,#478,.T.);
#480=ORIENTED_EDGE('',*,*,#479,.T.);
#481=CARTESIAN_POINT('',(230.88441,92.55218,323.));
#482=VERTEX_POINT('',#481);
#483=DIRECTION('',(0.,0.,1.));
#484=VECTOR('',#483,14.);
#485=LINE('',#474,#484);
#486=EDGE_CURVE('',#475,#482,#485,.T.);
#487=ORIENTED_EDGE('',*,*,#486,.T.);
#488=DIRECTION('',(-0.9988,-0.04907,0.));
#489=VECTOR('',#488,9.12659);
#490=LINE('',#453,#489);
#491=EDGE_CURVE('',#454,#482,#490,.T.);
#492=ORIENTED_EDGE('',*,*,#491,.F.);
#493=ORIENTED_EDGE('',*,*,#458,.F.);
#494=EDGE_LOOP('',(#480,#487,#492,#493));
#495=FACE_OUTER_BOUND('',#494,.T.);
#496=CARTESIAN_POINT('',(240.,93.,309.));
#497=DIRECTION('',(-0.04907,0.9988,0.));
#498=DIRECTION('',(-0.9988,-0.04907,0.));
#499=AXIS2_PLACEMENT_3D('',#496,#497,#498);
#500=PLANE('',#499);
#501=ADVANCED_FACE('',(#495),#500,.T.);
#502=CARTESIAN_POINT('',(221.8566,91.21303,309.));
#503=VERTEX_POINT('',#502);
#504=DIRECTION('',(-0.98918,-0.14673,0.));
#505=VECTOR('',#504,9.12659);
#506=LINE('',#474,#505);
#507=EDGE_CURVE('',#475,#503,#506,.T.);
#508=ORIENTED_EDGE('',*,*,#507,.T.);
#509=CARTESIAN_POINT('',(221.8566,91.21303,323.));
#510=VERTEX_POINT('',#509);
#511=DIRECTION('',(0.,0.,1.));
#512=VECTOR('',#511,14.);
#513=LINE('',#502,#512);
#514=EDGE_CURVE('',#503,#510,#513,.T.);
#515=ORIENTED_EDGE('',*,*,#514,.T.);
#516=DIRECTION('',(-0.98918,-0.14673,0.));
#517=VECTOR('',#516,9.12659);
#518=LINE('',#481,#517);
#519=EDGE_CURVE('',#482,#510,#518,.T.);
#520=ORIENTED_EDGE('',*,*,#519,.F.);
#521=ORIENTED_EDGE('',*,*,#486,.F.);
#522=EDGE_LOOP('',(#508,#515,#520,#521));
#523=FACE_OUTER_BOUND('',#522,.T.);
#524=CARTESIAN_POINT('',(230.88441,92.55218,309.));
#525=DIRECTION('',(-0.14673,0.98918,0.));
#526=DIRECTION('',(-0.98918,-0.14673,0.));
#527=AXIS2_PLACEMENT_3D('',#524,#525,#526);
#528=PLANE('',#527);
#529=ADVANCED_FACE('',(#523),#528,.T.);
#530=CARTESIAN_POINT('',(213.00353,88.99545,309.));
#531=VERTEX_POINT('',#530);
#532=DIRECTION('',(-0.97003,-0.24298,0.));
#533=VECTOR('',#532,9.12659);
#534=LINE('',#502,#533);
#535=EDGE_CURVE('',#503,#531,#534,.T.);
#536=ORIENTED_EDGE('',*,*,#535,.T.);
#537=CARTESIAN_POINT('',(213.00353,88.99545,323.));
#538=VERTEX_POINT('',#537);
#539=DIRECTION('',(0.,0.,1.));
#540=VECTOR('',#539,14.);
#541=LINE('',#530,#540);
#542=EDGE_CURVE('',#531,#538,#541,.T.);
#543=ORIENTED_EDGE('',*,*,#542,.T.);
#544=DIRECTION('',(-0.97003,-0.24298,0.));
#545=VECTOR('',#544,9.12659);
#546=LINE('',#509,#545);
#547=EDGE_CURVE('',#510,#538,#546,.T.);
#548=ORIENTED_EDGE('',*,*,#547,.F.);
#549=ORIENTED_EDGE('',*,*,#514,.F.);
#550=EDGE_LOOP('',(#536,#543,#548,#549));
#551=FACE_OUTER_BOUND('',#550,.T.);
#552=CARTESIAN_POINT('',(221.8566,91.21303,309.));
#553=DIRECTION('',(-0.24298,0.97003,0.));
#554=DIRECTION('',(-0.97003,-0.24298,0.));
#555=AXIS2_PLACEMENT_3D('',#552,#553,#554);
#556=PLANE('',#555);
#557=ADVANCED_FACE('',(#551),#556,.T.);
#558=CARTESIAN_POINT('',(204.41044,85.9208,309.));
#559=VERTEX_POINT('',#558);
#560=DIRECTION('',(-0.94154,-0.33689,0.));
#561=VECTOR('',#560,9.12659);
#562=LINE('',#530,#561);
#563=EDGE_CURVE('',#531,#559,#562,.T.);
#564=ORIENTED_EDGE('',*,*,#563,.T.);
#565=CARTESIAN_POINT('',(204.41044,85.9208,323.));
#566=VERTEX_POINT('',#565);
#567=DIRECTION('',(0.,0.,1.));
#568=VECTOR('',#567,14.);
#569=LINE('',#558,#568);
#570=EDGE_CURVE('',#559,#566,#569,.T.);
#571=ORIENTED_EDGE('',*,*,#570,.T.);
#572=DIRECTION('',(-0.94154,-0.33689,0.));
#573=VECTOR('',#572,9.12659);
#574=LINE('',#537,#573);
#575=EDGE_CURVE('',#538,#566,#574,.T.);
#576=ORIENTED_EDGE('',*,*,#575,.F.);
#577=ORIENTED_EDGE('',*,*,#542,.F.);
#578=EDGE_LOOP('',(#564,#571,#576,#577));
#579=FACE_OUTER_BOUND('',#578,.T.);
#580=CARTESIAN_POINT('',(213.00353,88.99545,309.));
#581=DIRECTION('',(-0.33689,0.94154,0.));
#582=DIRECTION('',(-0.94154,-0.33689,0.));
#583=AXIS2_PLACEMENT_3D('',#580,#581,#582);
#584=PLANE('',#583);
#585=ADVANCED_FACE('',(#579),#584,.T.);
#586=CARTESIAN_POINT('',(196.1601,82.01868,309.));
#587=VERTEX_POINT('',#586);
#588=DIRECTION('',(-0.90399,-0.42756,0.));
#589=VECTOR('',#588,9.12659);
#590=LINE('',#558,#589);
#591=EDGE_CURVE('',#559,#587,#590,.T.);
#592=ORIENTED_EDGE('',*,*,#591,.T.);
#593=CARTESIAN_POINT('',(196.1601,82.01868,323.));
#594=VERTEX_POINT('',#593);
#595=DIRECTION('',(0.,0.,1.));
#596=VECTOR('',#595,14.);
#597=LINE('',#586,#596);
#598=EDGE_CURVE('',#587,#594,#597,.T.);
#599=ORIENTED_EDGE('',*,*,#598,.T.);
#600=DIRECTION('',(-0.90399,-0.42756,0.));
#601=VECTOR('',#600,9.12659);
#602=LINE('',#565,#601);
#603=EDGE_CURVE('',#566,#594,#602,.T.);
#604=ORIENTED_EDGE('',*,*,#603,.F.);
#605=ORIENTED_EDGE('',*,*,#570,.F.);
#606=EDGE_LOOP('',(#592,#599,#604,#605));
#607=FACE_OUTER_BOUND('',#606,.T.);
#608=CARTESIAN_POINT('',(204.41044,85.9208,309.));
#609=DIRECTION('',(-0.42756,0.90399,0.));
#610=DIRECTION('',(-0.90399,-0.42756,0.));
#611=AXIS2_PLACEMENT_3D('',#608,#609,#610);
#612=PLANE('',#611);
#613=ADVANCED_FACE('',(#607),#612,.T.);
#614=CARTESIAN_POINT('',(188.33197,77.32667,309.));
#615=VERTEX_POINT('',#614);
#616=DIRECTION('',(-0.85773,-0.5141,0.));
#617=VECTOR('',#616,9.12659);
#618=LINE('',#586,#617);
#619=EDGE_CURVE('',#587,#615,#618,.T.);
#620=ORIENTED_EDGE('',*,*,#619,.T.);
#621=CARTESIAN_POINT('',(188.33197,77.32667,323.));
#622=VERTEX_POINT('',#621);
#623=DIRECTION('',(0.,0.,1.));
#624=VECTOR('',#623,14.);
#625=LINE('',#614,#624);
#626=EDGE_CURVE('',#615,#622,#625,.T.);
#627=ORIENTED_EDGE('',*,*,#626,.T.);
#628=DIRECTION('',(-0.85773,-0.5141,0.));
#629=VECTOR('',#628,9.12659);
#630=LINE('',#593,#629);
#631=EDGE_CURVE('',#594,#622,#630,.T.);
#632=ORIENTED_EDGE('',*,*,#631,.F.);
#633=ORIENTED_EDGE('',*,*,#598,.F.);
#634=EDGE_LOOP('',(#620,#627,#632,#633));
#635=FACE_OUTER_BOUND('',#634,.T.);
#636=CARTESIAN_POINT('',(196.1601,82.01868,309.));
#637=DIRECTION('',(-0.5141,0.85773,0.));
#638=DIRECTION('',(-0.85773,-0.5141,0.));
#639=AXIS2_PLACEMENT_3D('',#636,#637,#638);
#640=PLANE('',#639);
#641=ADVANCED_FACE('',(#635),#640,.T.);
#642=CARTESIAN_POINT('',(181.00142,71.88997,309.));
#643=VERTEX_POINT('',#642);
#644=DIRECTION('',(-0.80321,-0.5957,0.));
#645=VECTOR('',#644,9.12659);
#646=LINE('',#614,#645);
#647=EDGE_CURVE('',#615,#643,#646,.T.);
#648=ORIENTED_EDGE('',*,*,#647,.T.);
#649=CARTESIAN_POINT('',(181.00142,71.88997,323.));
#650=VERTEX_POINT('',#649);
#651=DIRECTION('',(0.,0.,1.));
#652=VECTOR('',#651,14.);
#653=LINE('',#642,#652);
#654=EDGE_CURVE('',#643,#650,#653,.T.);
#655=ORIENTED_EDGE('',*,*,#654,.T.);
#656=DIRECTION('',(-0.80321,-0.5957,0.));
#657=VECTOR('',#656,9.12659);
#658=LINE('',#621,#657);
#659=EDGE_CURVE('',#622,#650,#658,.T.);
#660=ORIENTED_EDGE('',*,*,#659,.F.);
#661=ORIENTED_EDGE('',*,*,#626,.F.);
#662=EDGE_LOOP('',(#648,#655,#660,#661));
#663=FACE_OUTER_BOUND('',#662,.T.);
#664=CARTESIAN_POINT('',(188.33197,77.32667,309.));
#665=DIRECTION('',(-0.5957,0.80321,0.));
#666=DIRECTION('',(-0.80321,-0.5957,0.));
#667=AXIS2_PLACEMENT_3D('',#664,#665,#666);
#668=PLANE('',#667);
#669=ADVANCED_FACE('',(#663),#668,.T.);
#670=CARTESIAN_POINT('',(174.23907,65.76093,309.));
#671=VERTEX_POINT('',#670);
#672=DIRECTION('',(-0.74095,-0.67156,0.));
#673=VECTOR('',#672,9.12659);
#674=LINE('',#642,#673);
#675=EDGE_CURVE('',#643,#671,#674,.T.);
#676=ORIENTED_EDGE('',*,*,#675,.T.);
#677=CARTESIAN_POINT('',(174.23907,65.76093,323.));
#678=VERTEX_POINT('',#677);
#679=DIRECTION('',(0.,0.,1.));
#680=VECTOR('',#679,14.);
#681=LINE('',#670,#680);
#682=EDGE_CURVE('',#671,#678,#681,.T.);
#683=ORIENTED_EDGE('',*,*,#682,.T.);
#684=DIRECTION('',(-0.74095,-0.67156,0.));
#685=VECTOR('',#684,9.12659);
#686=LINE('',#649,#685);
#687=EDGE_CURVE('',#650,#678,#686,.T.);
#688=ORIENTED_EDGE('',*,*,#687,.F.);
#689=ORIENTED_EDGE('',*,*,#654,.F.);
#690=EDGE_LOOP('',(#676,#683,#688,#689));
#691=FACE_OUTER_BOUND('',#690,.T.);
#692=CARTESIAN_POINT('',(181.00142,71.88997,309.));
#693=DIRECTION('',(-0.67156,0.74095,0.));
#694=DIRECTION('',(-0.74095,-0.67156,0.));
#695=AXIS2_PLACEMENT_3D('',#692,#693,#694);
#696=PLANE('',#695);
#697=ADVANCED_FACE('',(#691),#696,.T.);
#698=CARTESIAN_POINT('',(168.11003,58.99858,309.));
#699=VERTEX_POINT('',#698);
#700=DIRECTION('',(-0.67156,-0.74095,0.));
#701=VECTOR('',#700,9.12659);
#702=LINE('',#670,#701);
#703=EDGE_CURVE('',#671,#699,#702,.T.);
#704=ORIENTED_EDGE('',*,*,#703,.T.);
#705=CARTESIAN_POINT('',(168.11003,58.99858,323.));
#706=VERTEX_POINT('',#705);
#707=DIRECTION('',(0.,0.,1.));
#708=VECTOR('',#707,14.);
#709=LINE('',#698,#708);
#710=EDGE_CURVE('',#699,#706,#709,.T.);
#711=ORIENTED_EDGE('',*,*,#710,.T.);
#712=DIRECTION('',(-0.67156,-0.74095,0.));
#713=VECTOR('',#712,9.12659);
#714=LINE('',#677,#713);
#715=EDGE_CURVE('',#678,#706,#714,.T.);
#716=ORIENTED_EDGE('',*,*,#715,.F.);
#717=ORIENTED_EDGE('',*,*,#682,.F.);
#718=EDGE_LOOP('',(#704,#711,#716,#717));
#719=FACE_OUTER_BOUND('',#718,.T.);
#720=CARTESIAN_POINT('',(174.23907,65.76093,309.));
#721=DIRECTION('',(-0.74095,0.67156,0.));
#722=DIRECTION('',(-0.67156,-0.74095,0.));
#723=AXIS2_PLACEMENT_3D('',#720,#721,#722);
#724=PLANE('',#723);
#725=ADVANCED_FACE('',(#719),#724,.T.);
#726=CARTESIAN_POINT('',(162.67333,51.66803,309.));
#727=VERTEX_POINT('',#726);
#728=DIRECTION('',(-0.5957,-0.80321,0.));
#729=VECTOR('',#728,9.12659);
#730=LINE('',#698,#729);
#731=EDGE_CURVE('',#699,#727,#730,.T.);
#732=ORIENTED_EDGE('',*,*,#731,.T.);
#733=CARTESIAN_POINT('',(162.67333,51.66803,323.));
#734=VERTEX_POINT('',#733);
#735=DIRECTION('',(0.,0.,1.));
#736=VECTOR('',#735,14.);
#737=LINE('',#726,#736);
#738=EDGE_CURVE('',#727,#734,#737,.T.);
#739=ORIENTED_EDGE('',*,*,#738,.T.);
#740=DIRECTION('',(-0.5957,-0.80321,0.));
#741=VECTOR('',#740,9.12659);
#742=LINE('',#705,#741);
#743=EDGE_CURVE('',#706,#734,#742,.T.);
#744=ORIENTED_EDGE('',*,*,#743,.F.);
#745=ORIENTED_EDGE('',*,*,#710,.F.);
#746=EDGE_LOOP('',(#732,#739,#744,#745));
#747=FACE_OUTER_BOUND('',#746,.T.);
#748=CARTESIAN_POINT('',(168.11003,58.99858,309.));
#749=DIRECTION('',(-0.80321,0.5957,0.));
#750=DIRECTION('',(-0.5957,-0.80321,0.));
#751=AXIS2_PLACEMENT_3D('',#748,#749,#750);
#752=PLANE('',#751);
#753=ADVANCED_FACE('',(#747),#752,.T.);
#754=CARTESIAN_POINT('',(157.98132,43.8399,309.));
#755=VERTEX_POINT('',#754);
#756=DIRECTION('',(-0.5141,-0.85773,0.));
#757=VECTOR('',#756,9.12659);
#758=LINE('',#726,#757);
#759=EDGE_CURVE('',#727,#755,#758,.T.);
#760=ORIENTED_EDGE('',*,*,#759,.T.);
#761=CARTESIAN_POINT('',(157.98132,43.8399,323.));
#762=VERTEX_POINT('',#761);
#763=DIRECTION('',(0.,0.,1.));
#764=VECTOR('',#763,14.);
#765=LINE('',#754,#764);
#766=EDGE_CURVE('',#755,#762,#765,.T.);
#767=ORIENTED_EDGE('',*,*,#766,.T.);
#768=DIRECTION('',(-0.5141,-0.85773,0.));
#769=VECTOR('',#768,9.12659);
#770=LINE('',#733,#769);
#771=EDGE_CURVE('',#734,#762,#770,.T.);
#772=ORIENTED_EDGE('',*,*,#771,.F.);
#773=ORIENTED_EDGE('',*,*,#738,.F.);
#774=EDGE_LOOP('',(#760,#767,#772,#773));
#775=FACE_OUTER_BOUND('',#774,.T.);
#776=CARTESIAN_POINT('',(162.67333,51.66803,309.));
#777=DIRECTION('',(-0.85773,0.5141,0.));
#778=DIRECTION('',(-0.5141,-0.85773,0.));
#779=AXIS2_PLACEMENT_3D('',#776,#777,#778);
#780=PLANE('',#779);
#781=ADVANCED_FACE('',(#775),#780,.T.);
#782=CARTESIAN_POINT('',(154.0792,35.58956,309.));
#783=VERTEX_POINT('',#782);
#784=DIRECTION('',(-0.42756,-0.90399,0.));
#785=VECTOR('',#784,9.12659);
#786=LINE('',#754,#785);
#787=EDGE_CURVE('',#755,#783,#786,.T.);
#788=ORIENTED_EDGE('',*,*,#787,.T.);
#789=CARTESIAN_POINT('',(154.0792,35.58956,323.));
#790=VERTEX_POINT('',#789);
#791=DIRECTION('',(0.,0.,1.));
#792=VECTOR('',#791,14.);
#793=LINE('',#782,#792);
#794=EDGE_CURVE('',#783,#790,#793,.T.);
#795=ORIENTED_EDGE('',*,*,#794,.T.);
#796=DIRECTION('',(-0.42756,-0.90399,0.));
#797=VECTOR('',#796,9.12659);
#798=LINE('',#761,#797);
#799=EDGE_CURVE('',#762,#790,#798,.T.);
#800=ORIENTED_EDGE('',*,*,#799,.F.);
#801=ORIENTED_EDGE('',*,*,#766,.F.);
#802=EDGE_LOOP('',(#788,#795,#800,#801));
#803=FACE_OUTER_BOUND('',#802,.T.);
#804=CARTESIAN_POINT('',(157.98132,43.8399,309.));
#805=DIRECTION('',(-0.90399,0.42756,0.));
#806=DIRECTION('',(-0.42756,-0.90399,0.));
#807=AXIS2_PLACEMENT_3D('',#804,#805,#806);
#808=PLANE('',#807);
#809=ADVANCED_FACE('',(#803),#808,.T.);
#810=CARTESIAN_POINT('',(151.00455,26.99647,309.));
#811=VERTEX_POINT('',#810);
#812=DIRECTION('',(-0.33689,-0.94154,0.));
#813=VECTOR('',#812,9.12659);
#814=LINE('',#782,#813);
#815=EDGE_CURVE('',#783,#811,#814,.T.);
#816=ORIENTED_EDGE('',*,*,#815,.T.);
#817=CARTESIAN_POINT('',(151.00455,26.99647,323.));
#818=VERTEX_POINT('',#817);
#819=DIRECTION('',(0.,0.,1.));
#820=VECTOR('',#819,14.);
#821=LINE('',#810,#820);
#822=EDGE_CURVE('',#811,#818,#821,.T.);
#823=ORIENTED_EDGE('',*,*,#822,.T.);
#824=DIRECTION('',(-0.33689,-0.94154,0.));
#825=VECTOR('',#824,9.12659);
#826=LINE('',#789,#825);
#827=EDGE_CURVE('',#790,#818,#826,.T.);
#828=ORIENTED_EDGE('',*,*,#827,.F.);
#829=ORIENTED_EDGE('',*,*,#794,.F.);
#830=EDGE_LOOP('',(#816,#823,#828,#829));
#831=FACE_OUTER_BOUND('',#830,.T.);
#832=CARTESIAN_POINT('',(154.0792,35.58956,309.));
#833=DIRECTION('',(-0.94154,0.33689,0.));
#834=DIRECTION('',(-0.33689,-0.94154,0.));
#835=AXIS2_PLACEMENT_3D('',#832,#833,#834);
#836=PLANE('',#835);
#837=ADVANCED_FACE('',(#831),#836,.T.);
#838=CARTESIAN_POINT('',(148.78697,18.1434,309.));
#839=VERTEX_POINT('',#838);
#840=DIRECTION('',(-0.24298,-0.97003,0.));
#841=VECTOR('',#840,9.12659);
#842=LINE('',#810,#841);
#843=EDGE_CURVE('',#811,#839,#842,.T.);
#844=ORIENTED_EDGE('',*,*,#843,.T.);
#845=CARTESIAN_POINT('',(148.78697,18.1434,323.));
#846=VERTEX_POINT('',#845);
#847=DIRECTION('',(0.,0.,1.));
#848=VECTOR('',#847,14.);
#849=LINE('',#838,#848);
#850=EDGE_CURVE('',#839,#846,#849,.T.);
#851=ORIENTED_EDGE('',*,*,#850,.T.);
#852=DIRECTION('',(-0.24298,-0.97003,0.));
#853=VECTOR('',#852,9.12659);
#854=LINE('',#817,#853);
#855=EDGE_CURVE('',#818,#846,#854,.T.);
#856=ORIENTED_EDGE('',*,*,#855,.F.);
#857=ORIENTED_EDGE('',*,*,#822,.F.);
#858=EDGE_LOOP('',(#844,#851,#856,#857));
#859=FACE_OUTER_BOUND('',#858,.T.);
#860=CARTESIAN_POINT('',(151.00455,26.99647,309.));
#861=DIRECTION('',(-0.97003,0.24298,0.));
#862=DIRECTION('',(-0.24298,-0.97003,0.));
#863=AXIS2_PLACEMENT_3D('',#860,#861,#862);
#864=PLANE('',#863);
#865=ADVANCED_FACE('',(#859),#864,.T.);
#866=CARTESIAN_POINT('',(147.44782,9.11559,309.));
#867=VERTEX_POINT('',#866);
#868=DIRECTION('',(-0.14673,-0.98918,0.));
#869=VECTOR('',#868,9.12659);
#870=LINE('',#838,#869);
#871=EDGE_CURVE('',#839,#867,#870,.T.);
#872=ORIENTED_EDGE('',*,*,#871,.T.);
#873=CARTESIAN_POINT('',(147.44782,9.11559,323.));
#874=VERTEX_POINT('',#873);
#875=DIRECTION('',(0.,0.,1.));
#876=VECTOR('',#875,14.);
#877=LINE('',#866,#876);
#878=EDGE_CURVE('',#867,#874,#877,.T.);
#879=ORIENTED_EDGE('',*,*,#878,.T.);
#880=DIRECTION('',(-0.14673,-0.98918,0.));
#881=VECTOR('',#880,9.12659);
#882=LINE('',#845,#881);
#883=EDGE_CURVE('',#846,#874,#882,.T.);
#884=ORIENTED_EDGE('',*,*,#883,.F.);
#885=ORIENTED_EDGE('',*,*,#850,.F.);
#886=EDGE_LOOP('',(#872,#879,#884,#885));
#887=FACE_OUTER_BOUND('',#886,.T.);
#888=CARTESIAN_POINT('',(148.78697,18.1434,309.));
#889=DIRECTION('',(-0.98918,0.14673,0.));
#890=DIRECTION('',(-0.14673,-0.98918,0.));
#891=AXIS2_PLACEMENT_3D('',#888,#889,#890);
#892=PLANE('',#891);
#893=ADVANCED_FACE('',(#887),#892,.T.);
#894=CARTESIAN_POINT('',(147.,0.,309.));
#895=VERTEX_POINT('',#894);
#896=DIRECTION('',(-0.04907,-0.9988,0.));
#897=VECTOR('',#896,9.12659);
#898=LINE('',#866,#897);
#899=EDGE_CURVE('',#867,#895,#898,.T.);
#900=ORIENTED_EDGE('',*,*,#899,.T.);
#901=CARTESIAN_POINT('',(147.,0.,323.));
#902=VERTEX_POINT('',#901);
#903=DIRECTION('',(0.,0.,1.));
#904=VECTOR('',#903,14.);
#905=LINE('',#894,#904);
#906=EDGE_CURVE('',#895,#902,#905,.T.);
#907=ORIENTED_EDGE('',*,*,#906,.T.);
#908=DIRECTION('',(-0.04907,-0.9988,0.));
#909=VECTOR('',#908,9.12659);
#910=LINE('',#873,#909);
#911=EDGE_CURVE('',#874,#902,#910,.T.);
#912=ORIENTED_EDGE('',*,*,#911,.F.);
#913=ORIENTED_EDGE('',*,*,#878,.F.);
#914=EDGE_LOOP('',(#900,#907,#912,#913));
#915=FACE_OUTER_BOUND('',#914,.T.);
#916=CARTESIAN_POINT('',(147.44782,9.11559,309.));
#917=DIRECTION('',(-0.9988,0.04907,0.));
#918=DIRECTION('',(-0.04907,-0.9988,0.));
#919=AXIS2_PLACEMENT_3D('',#916,#917,#918);
#920=PLANE('',#919);
#921=ADVANCED_FACE('',(#915),#920,.T.);
#922=CARTESIAN_POINT('',(147.44782,-9.11559,309.));
#923=VERTEX_POINT('',#922);
#924=DIRECTION('',(0.04907,-0.9988,0.));
#925=VECTOR('',#924,9.12659);
#926=LINE('',#894,#925);
#927=EDGE_CURVE('',#895,#923,#926,.T.);
#928=ORIENTED_EDGE('',*,*,#927,.T.);
#929=CARTESIAN_POINT('',(147.44782,-9.11559,323.));
#930=VERTEX_POINT('',#929);
#931=DIRECTION('',(0.,0.,1.));
#932=VECTOR('',#931,14.);
#933=LINE('',#922,#932);
#934=EDGE_CURVE('',#923,#930,#933,.T.);
#935=ORIENTED_EDGE('',*,*,#934,.T.);
#936=DIRECTION('',(0.04907,-0.9988,0.));
#937=VECTOR('',#936,9.12659);
#938=LINE('',#901,#937);
#939=EDGE_CURVE('',#902,#930,#938,.T.);
#940=ORIENTED_EDGE('',*,*,#939,.F.);
#941=ORIENTED_EDGE('',*,*,#906,.F.);
#942=EDGE_LOOP('',(#928,#935,#940,#941));
#943=FACE_OUTER_BOUND('',#942,.T.);
#944=CARTESIAN_POINT('',(147.,0.,309.));
#945=DIRECTION('',(-0.9988,-0.04907,0.));
#946=DIRECTION('',(0.04907,-0.9988,0.));
#947=AXIS2_PLACEMENT_3D('',#944,#945,#946);
#948=PLANE('',#947);
#949=ADVANCED_FACE('',(#943),#948,.T.);
#950=CARTESIAN_POINT('',(148.78697,-18.1434,309.));
#951=VERTEX_POINT('',#950);
#952=DIRECTION('',(0.14673,-0.98918,0.));
#953=VECTOR('',#952,9.12659);
#954=LINE('',#922,#953);
#955=EDGE_CURVE('',#923,#951,#954,.T.);
#956=ORIENTED_EDGE('',*,*,#955,.T.);
#957=CARTESIAN_POINT('',(148.78697,-18.1434,323.));
#958=VERTEX_POINT('',#957);
#959=DIRECTION('',(0.,0.,1.));
#960=VECTOR('',#959,14.);
#961=LINE('',#950,#960);
#962=EDGE_CURVE('',#951,#958,#961,.T.);
#963=ORIENTED_EDGE('',*,*,#962,.T.);
#964=DIRECTION('',(0.14673,-0.98918,0.));
#965=VECTOR('',#964,9.12659);
#966=LINE('',#929,#965);
#967=EDGE_CURVE('',#930,#958,#966,.T.);
#968=ORIENTED_EDGE('',*,*,#967,.F.);
#969=ORIENTED_EDGE('',*,*,#934,.F.);
#970=EDGE_LOOP('',(#956,#963,#968,#969));
#971=FACE_OUTER_BOUND('',#970,.T.);
#972=CARTESIAN_POINT('',(147.44782,-9.11559,309.));
#973=DIRECTION('',(-0.98918,-0.14673,0.));
#974=DIRECTION('',(0.14673,-0.98918,0.));
#975=AXIS2_PLACEMENT_3D('',#972,#973,#974);
#976=PLANE('',#975);
#977=ADVANCED_FACE('',(#971),#976,.T.);
#978=CARTESIAN_POINT('',(151.00455,-26.99647,309.));
#979=VERTEX_POINT('',#978);
#980=DIRECTION('',(0.24298,-0.97003,0.));
#981=VECTOR('',#980,9.12659);
#982=LINE('',#950,#981);
#983=EDGE_CURVE('',#951,#979,#982,.T.);
#984=ORIENTED_EDGE('',*,*,#983,.T.);
#985=CARTESIAN_POINT('',(151.00455,-26.99647,323.));
#986=VERTEX_POINT('',#985);
#987=DIRECTION('',(0.,0.,1.));
#988=VECTOR('',#987,14.);
#989=LINE('',#978,#988);
#990=EDGE_CURVE('',#979,#986,#989,.T.);
#991=ORIENTED_EDGE('',*,*,#990,.T.);
#992=DIRECTION('',(0.24298,-0.97003,0.));
#993=VECTOR('',#992,9.12659);
#994=LINE('',#957,#993);
#995=EDGE_CURVE('',#958,#986,#994,.T.);
#996=ORIENTED_EDGE('',*,*,#995,.F.);
#997=ORIENTED_EDGE('',*,*,#962,.F.);
#998=EDGE_LOOP('',(#984,#991,#996,#997));
#999=FACE_OUTER_BOUND('',#998,.T.);
#1000=CARTESIAN_POINT('',(148.78697,-18.1434,309.));
#1001=DIRECTION('',(-0.97003,-0.24298,0.));
#1002=DIRECTION('',(0.24298,-0.97003,0.));
#1003=AXIS2_PLACEMENT_3D('',#1000,#1001,#1002);
#1004=PLANE('',#1003);
#1005=ADVANCED_FACE('',(#999),#1004,.T.);
#1006=CARTESIAN_POINT('',(154.0792,-35.58956,309.));
#1007=VERTEX_POINT('',#1006);
#1008=DIRECTION('',(0.33689,-0.94154,0.));
#1009=VECTOR('',#1008,9.12659);
#1010=LINE('',#978,#1009);
#1011=EDGE_CURVE('',#979,#1007,#1010,.T.);
#1012=ORIENTED_EDGE('',*,*,#1011,.T.);
#1013=CARTESIAN_POINT('',(154.0792,-35.58956,323.));
#1014=VERTEX_POINT('',#1013);
#1015=DIRECTION('',(0.,0.,1.));
#1016=VECTOR('',#1015,14.);
#1017=LINE('',#1006,#1016);
#1018=EDGE_CURVE('',#1007,#1014,#1017,.T.);
#1019=ORIENTED_EDGE('',*,*,#1018,.T.);
#1020=DIRECTION('',(0.33689,-0.94154,0.));
#1021=VECTOR('',#1020,9.12659);
#1022=LINE('',#985,#1021);
#1023=EDGE_CURVE('',#986,#1014,#1022,.T.);
#1024=ORIENTED_EDGE('',*,*,#1023,.F.);
#1025=ORIENTED_EDGE('',*,*,#990,.F.);
#1026=EDGE_LOOP('',(#1012,#1019,#1024,#1025));
#1027=FACE_OUTER_BOUND('',#1026,.T.);
#1028=CARTESIAN_POINT('',(151.00455,-26.99647,309.));
#1029=DIRECTION('',(-0.94154,-0.33689,0.));
#1030=DIRECTION('',(0.33689,-0.94154,0.));
#1031=AXIS2_PLACEMENT_3D('',#1028,#1029,#1030);
#1032=PLANE('',#1031);
#1033=ADVANCED_FACE('',(#1027),#1032,.T.);
#1034=CARTESIAN_POINT('',(157.98132,-43.8399,309.));
#1035=VERTEX_POINT('',#1034);
#1036=DIRECTION('',(0.42756,-0.90399,0.));
#1037=VECTOR('',#1036,9.12659);
#1038=LINE('',#1006,#1037);
#1039=EDGE_CURVE('',#1007,#1035,#1038,.T.);
#1040=ORIENTED_EDGE('',*,*,#1039,.T.);
#1041=CARTESIAN_POINT('',(157.98132,-43.8399,323.));
#1042=VERTEX_POINT('',#1041);
#1043=DIRECTION('',(0.,0.,1.));
#1044=VECTOR('',#1043,14.);
#1045=LINE('',#1034,#1044);
#1046=EDGE_CURVE('',#1035,#1042,#1045,.T.);
#1047=ORIENTED_EDGE('',*,*,#1046,.T.);
#1048=DIRECTION('',(0.42756,-0.90399,0.));
#1049=VECTOR('',#1048,9.12659);
#1050=LINE('',#1013,#1049);
#1051=EDGE_CURVE('',#1014,#1042,#1050,.T.);
#1052=ORIENTED_EDGE('',*,*,#1051,.F.);
#1053=ORIENTED_EDGE('',*,*,#1018,.F.);
#1054=EDGE_LOOP('',(#1040,#1047,#1052,#1053));
#1055=FACE_OUTER_BOUND('',#1054,.T.);
#1056=CARTESIAN_POINT('',(154.0792,-35.58956,309.));
#1057=DIRECTION('',(-0.90399,-0.42756,0.));
#1058=DIRECTION('',(0.42756,-0.90399,0.));
#1059=AXIS2_PLACEMENT_3D('',#1056,#1057,#1058);
#1060=PLANE('',#1059);
#1061=ADVANCED_FACE('',(#1055),#1060,.T.);
#1062=CARTESIAN_POINT('',(162.67333,-51.66803,309.));
#1063=VERTEX_POINT('',#1062);
#1064=DIRECTION('',(0.5141,-0.85773,0.));
#1065=VECTOR('',#1064,9.12659);
#1066=LINE('',#1034,#1065);
#1067=EDGE_CURVE('',#1035,#1063,#1066,.T.);
#1068=ORIENTED_EDGE('',*,*,#1067,.T.);
#1069=CARTESIAN_POINT('',(162.67333,-51.66803,323.));
#1070=VERTEX_POINT('',#1069);
#1071=DIRECTION('',(0.,0.,1.));
#1072=VECTOR('',#1071,14.);
#1073=LINE('',#1062,#1072);
#1074=EDGE_CURVE('',#1063,#1070,#1073,.T.);
#1075=ORIENTED_EDGE('',*,*,#1074,.T.);
#1076=DIRECTION('',(0.5141,-0.85773,0.));
#1077=VECTOR('',#1076,9.12659);
#1078=LINE('',#1041,#1077);
#1079=EDGE_CURVE('',#1042,#1070,#1078,.T.);
#1080=ORIENTED_EDGE('',*,*,#1079,.F.);
#1081=ORIENTED_EDGE('',*,*,#1046,.F.);
#1082=EDGE_LOOP('',(#1068,#1075,#1080,#1081));
#1083=FACE_OUTER_BOUND('',#1082,.T.);
#1084=CARTESIAN_POINT('',(157.98132,-43.8399,309.));
#1085=DIRECTION('',(-0.85773,-0.5141,0.));
#1086=DIRECTION('',(0.5141,-0.85773,0.));
#1087=AXIS2_PLACEMENT_3D('',#1084,#1085,#1086);
#1088=PLANE('',#1087);
#1089=ADVANCED_FACE('',(#1083),#1088,.T.);
#1090=CARTESIAN_POINT('',(168.11003,-58.99858,309.));
#1091=VERTEX_POINT('',#1090);
#1092=DIRECTION('',(0.5957,-0.80321,0.));
#1093=VECTOR('',#1092,9.12659);
#1094=LINE('',#1062,#1093);
#1095=EDGE_CURVE('',#1063,#1091,#1094,.T.);
#1096=ORIENTED_EDGE('',*,*,#1095,.T.);
#1097=CARTESIAN_POINT('',(168.11003,-58.99858,323.));
#1098=VERTEX_POINT('',#1097);
#1099=DIRECTION('',(0.,0.,1.));
#1100=VECTOR('',#1099,14.);
#1101=LINE('',#1090,#1100);
#1102=EDGE_CURVE('',#1091,#1098,#1101,.T.);
#1103=ORIENTED_EDGE('',*,*,#1102,.T.);
#1104=DIRECTION('',(0.5957,-0.80321,0.));
#1105=VECTOR('',#1104,9.12659);
#1106=LINE('',#1069,#1105);
#1107=EDGE_CURVE('',#1070,#1098,#1106,.T.);
#1108=ORIENTED_EDGE('',*,*,#1107,.F.);
#1109=ORIENTED_EDGE('',*,*,#1074,.F.);
#1110=EDGE_LOOP('',(#1096,#1103,#1108,#1109));
#1111=FACE_OUTER_BOUND('',#1110,.T.);
#1112=CARTESIAN_POINT('',(162.67333,-51.66803,309.));
#1113=DIRECTION('',(-0.80321,-0.5957,0.));
#1114=DIRECTION('',(0.5957,-0.80321,0.));
#1115=AXIS2_PLACEMENT_3D('',#1112,#1113,#1114);
#1116=PLANE('',#1115);
#1117=ADVANCED_FACE('',(#1111),#1116,.T.);
#1118=CARTESIAN_POINT('',(174.23907,-65.76093,309.));
#1119=VERTEX_POINT('',#1118);
#1120=DIRECTION('',(0.67156,-0.74095,0.));
#1121=VECTOR('',#1120,9.12659);
#1122=LINE('',#1090,#1121);
#1123=EDGE_CURVE('',#1091,#1119,#1122,.T.);
#1124=ORIENTED_EDGE('',*,*,#1123,.T.);
#1125=CARTESIAN_POINT('',(174.23907,-65.76093,323.));
#1126=VERTEX_POINT('',#1125);
#1127=DIRECTION('',(0.,0.,1.));
#1128=VECTOR('',#1127,14.);
#1129=LINE('',#1118,#1128);
#1130=EDGE_CURVE('',#1119,#1126,#1129,.T.);
#1131=ORIENTED_EDGE('',*,*,#1130,.T.);
#1132=DIRECTION('',(0.67156,-0.74095,0.));
#1133=VECTOR('',#1132,9.12659);
#1134=LINE('',#1097,#1133);
#1135=EDGE_CURVE('',#1098,#1126,#1134,.T.);
#1136=ORIENTED_EDGE('',*,*,#1135,.F.);
#1137=ORIENTED_EDGE('',*,*,#1102,.F.);
#1138=EDGE_LOOP('',(#1124,#1131,#1136,#1137));
#1139=FACE_OUTER_BOUND('',#1138,.T.);
#1140=CARTESIAN_POINT('',(168.11003,-58.99858,309.));
#1141=DIRECTION('',(-0.74095,-0.67156,0.));
#1142=DIRECTION('',(0.67156,-0.74095,0.));
#1143=AXIS2_PLACEMENT_3D('',#1140,#1141,#1142);
#1144=PLANE('',#1143);
#1145=ADVANCED_FACE('',(#1139),#1144,.T.);
#1146=CARTESIAN_POINT('',(181.00142,-71.88997,309.));
#1147=VERTEX_POINT('',#1146);
#1148=DIRECTION('',(0.74095,-0.67156,0.));
#1149=VECTOR('',#1148,9.12659);
#1150=LINE('',#1118,#1149);
#1151=EDGE_CURVE('',#1119,#1147,#1150,.T.);
#1152=ORIENTED_EDGE('',*,*,#1151,.T.);
#1153=CARTESIAN_POINT('',(181.00142,-71.88997,323.));
#1154=VERTEX_POINT('',#1153);
#1155=DIRECTION('',(0.,0.,1.));
#1156=VECTOR('',#1155,14.);
#1157=LINE('',#1146,#1156);
#1158=EDGE_CURVE('',#1147,#1154,#1157,.T.);
#1159=ORIENTED_EDGE('',*,*,#1158,.T.);
#1160=DIRECTION('',(0.74095,-0.67156,0.));
#1161=VECTOR('',#1160,9.12659);
#1162=LINE('',#1125,#1161);
#1163=EDGE_CURVE('',#1126,#1154,#1162,.T.);
#1164=ORIENTED_EDGE('',*,*,#1163,.F.);
#1165=ORIENTED_EDGE('',*,*,#1130,.F.);
#1166=EDGE_LOOP('',(#1152,#1159,#1164,#1165));
#1167=FACE_OUTER_BOUND('',#1166,.T.);
#1168=CARTESIAN_POINT('',(174.23907,-65.76093,309.));
#1169=DIRECTION('',(-0.67156,-0.74095,0.));
#1170=DIRECTION('',(0.74095,-0.67156,0.));
#1171=AXIS2_PLACEMENT_3D('',#1168,#1169,#1170);
#1172=PLANE('',#1171);
#1173=ADVANCED_FACE('',(#1167),#1172,.T.);
#1174=CARTESIAN_POINT('',(188.33197,-77.32667,309.));
#1175=VERTEX_POINT('',#1174);
#1176=DIRECTION('',(0.80321,-0.5957,0.));
#1177=VECTOR('',#1176,9.12659);
#1178=LINE('',#1146,#1177);
#1179=EDGE_CURVE('',#1147,#1175,#1178,.T.);
#1180=ORIENTED_EDGE('',*,*,#1179,.T.);
#1181=CARTESIAN_POINT('',(188.33197,-77.32667,323.));
#1182=VERTEX_POINT('',#1181);
#1183=DIRECTION('',(0.,0.,1.));
#1184=VECTOR('',#1183,14.);
#1185=LINE('',#1174,#1184);
#1186=EDGE_CURVE('',#1175,#1182,#1185,.T.);
#1187=ORIENTED_EDGE('',*,*,#1186,.T.);
#1188=DIRECTION('',(0.80321,-0.5957,0.));
#1189=VECTOR('',#1188,9.12659);
#1190=LINE('',#1153,#1189);
#1191=EDGE_CURVE('',#1154,#1182,#1190,.T.);
#1192=ORIENTED_EDGE('',*,*,#1191,.F.);
#1193=ORIENTED_EDGE('',*,*,#1158,.F.);
#1194=EDGE_LOOP('',(#1180,#1187,#1192,#1193));
#1195=FACE_OUTER_BOUND('',#1194,.T.);
#1196=CARTESIAN_POINT('',(181.00142,-71.88997,309.));
#1197=DIRECTION('',(-0.5957,-0.80321,0.));
#1198=DIRECTION('',(0.80321,-0.5957,0.));
#1199=AXIS2_PLACEMENT_3D('',#1196,#1197,#1198);
#1200=PLANE('',#1199);
#1201=ADVANCED_FACE('',(#1195),#1200,.T.);
#1202=CARTESIAN_POINT('',(196.1601,-82.01868,309.));
#1203=VERTEX_POINT('',#1202);
#1204=DIRECTION('',(0.85773,-0.5141,0.));
#1205=VECTOR('',#1204,9.12659);
#1206=LINE('',#1174,#1205);
#1207=EDGE_CURVE('',#1175,#1203,#1206,.T.);
#1208=ORIENTED_EDGE('',*,*,#1207,.T.);
#1209=CARTESIAN_POINT('',(196.1601,-82.01868,323.));
#1210=VERTEX_POINT('',#1209);
#1211=DIRECTION('',(0.,0.,1.));
#1212=VECTOR('',#1211,14.);
#1213=LINE('',#1202,#1212);
#1214=EDGE_CURVE('',#1203,#1210,#1213,.T.);
#1215=ORIENTED_EDGE('',*,*,#1214,.T.);
#1216=DIRECTION('',(0.85773,-0.5141,0.));
#1217=VECTOR('',#1216,9.12659);
#1218=LINE('',#1181,#1217);
#1219=EDGE_CURVE('',#1182,#1210,#1218,.T.);
#1220=ORIENTED_EDGE('',*,*,#1219,.F.);
#1221=ORIENTED_EDGE('',*,*,#1186,.F.);
#1222=EDGE_LOOP('',(#1208,#1215,#1220,#1221));
#1223=FACE_OUTER_BOUND('',#1222,.T.);
#1224=CARTESIAN_POINT('',(188.33197,-77.32667,309.));
#1225=DIRECTION('',(-0.5141,-0.85773,0.));
#1226=DIRECTION('',(0.85773,-0.5141,0.));
#1227=AXIS2_PLACEMENT_3D('',#1224,#1225,#1226);
#1228=PLANE('',#1227);
#1229=ADVANCED_FACE('',(#1223),#1228,.T.);
#1230=CARTESIAN_POINT('',(204.41044,-85.9208,309.));
#1231=VERTEX_POINT('',#1230);
#1232=DIRECTION('',(0.90399,-0.42756,0.));
#1233=VECTOR('',#1232,9.12659);
#1234=LINE('',#1202,#1233);
#1235=EDGE_CURVE('',#1203,#1231,#1234,.T.);
#1236=ORIENTED_EDGE('',*,*,#1235,.T.);
#1237=CARTESIAN_POINT('',(204.41044,-85.9208,323.));
#1238=VERTEX_POINT('',#1237);
#1239=DIRECTION('',(0.,0.,1.));
#1240=VECTOR('',#1239,14.);
#1241=LINE('',#1230,#1240);
#1242=EDGE_CURVE('',#1231,#1238,#1241,.T.);
#1243=ORIENTED_EDGE('',*,*,#1242,.T.);
#1244=DIRECTION('',(0.90399,-0.42756,0.));
#1245=VECTOR('',#1244,9.12659);
#1246=LINE('',#1209,#1245);
#1247=EDGE_CURVE('',#1210,#1238,#1246,.T.);
#1248=ORIENTED_EDGE('',*,*,#1247,.F.);
#1249=ORIENTED_EDGE('',*,*,#1214,.F.);
#1250=EDGE_LOOP('',(#1236,#1243,#1248,#1249));
#1251=FACE_OUTER_BOUND('',#1250,.T.);
#1252=CARTESIAN_POINT('',(196.1601,-82.01868,309.));
#1253=DIRECTION('',(-0.42756,-0.90399,0.));
#1254=DIRECTION('',(0.90399,-0.42756,0.));
#1255=AXIS2_PLACEMENT_3D('',#1252,#1253,#1254);
#1256=PLANE('',#1255);
#1257=ADVANCED_FACE('',(#1251),#1256,.T.);
#1258=CARTESIAN_POINT('',(213.00353,-88.99545,309.));
#1259=VERTEX_POINT('',#1258);
#1260=DIRECTION('',(0.94154,-0.33689,0.));
#1261=VECTOR('',#1260,9.12659);
#1262=LINE('',#1230,#1261);
#1263=EDGE_CURVE('',#1231,#1259,#1262,.T.);
#1264=ORIENTED_EDGE('',*,*,#1263,.T.);
#1265=CARTESIAN_POINT('',(213.00353,-88.99545,323.));
#1266=VERTEX_POINT('',#1265);
#1267=DIRECTION('',(0.,0.,1.));
#1268=VECTOR('',#1267,14.);
#1269=LINE('',#1258,#1268);
#1270=EDGE_CURVE('',#1259,#1266,#1269,.T.);
#1271=ORIENTED_EDGE('',*,*,#1270,.T.);
#1272=DIRECTION('',(0.94154,-0.33689,0.));
#1273=VECTOR('',#1272,9.12659);
#1274=LINE('',#1237,#1273);
#1275=EDGE_CURVE('',#1238,#1266,#1274,.T.);
#1276=ORIENTED_EDGE('',*,*,#1275,.F.);
#1277=ORIENTED_EDGE('',*,*,#1242,.F.);
#1278=EDGE_LOOP('',(#1264,#1271,#1276,#1277));
#1279=FACE_OUTER_BOUND('',#1278,.T.);
#1280=CARTESIAN_POINT('',(204.41044,-85.9208,309.));
#1281=DIRECTION('',(-0.33689,-0.94154,0.));
#1282=DIRECTION('',(0.94154,-0.33689,0.));
#1283=AXIS2_PLACEMENT_3D('',#1280,#1281,#1282);
#1284=PLANE('',#1283);
#1285=ADVANCED_FACE('',(#1279),#1284,.T.);
#1286=CARTESIAN_POINT('',(221.8566,-91.21303,309.));
#1287=VERTEX_POINT('',#1286);
#1288=DIRECTION('',(0.97003,-0.24298,0.));
#1289=VECTOR('',#1288,9.12659);
#1290=LINE('',#1258,#1289);
#1291=EDGE_CURVE('',#1259,#1287,#1290,.T.);
#1292=ORIENTED_EDGE('',*,*,#1291,.T.);
#1293=CARTESIAN_POINT('',(221.8566,-91.21303,323.));
#1294=VERTEX_POINT('',#1293);
#1295=DIRECTION('',(0.,0.,1.));
#1296=VECTOR('',#1295,14.);
#1297=LINE('',#1286,#1296);
#1298=EDGE_CURVE('',#1287,#1294,#1297,.T.);
#1299=ORIENTED_EDGE('',*,*,#1298,.T.);
#1300=DIRECTION('',(0.97003,-0.24298,0.));
#1301=VECTOR('',#1300,9.12659);
#1302=LINE('',#1265,#1301);
#1303=EDGE_CURVE('',#1266,#1294,#1302,.T.);
#1304=ORIENTED_EDGE('',*,*,#1303,.F.);
#1305=ORIENTED_EDGE('',*,*,#1270,.F.);
#1306=EDGE_LOOP('',(#1292,#1299,#1304,#1305));
#1307=FACE_OUTER_BOUND('',#1306,.T.);
#1308=CARTESIAN_POINT('',(213.00353,-88.99545,309.));
#1309=DIRECTION('',(-0.24298,-0.97003,0.));
#1310=DIRECTION('',(0.97003,-0.24298,0.));
#1311=AXIS2_PLACEMENT_3D('',#1308,#1309,#1310);
#1312=PLANE('',#1311);
#1313=ADVANCED_FACE('',(#1307),#1312,.T.);
#1314=CARTESIAN_POINT('',(230.88441,-92.55218,309.));
#1315=VERTEX_POINT('',#1314);
#1316=DIRECTION('',(0.98918,-0.14673,0.));
#1317=VECTOR('',#1316,9.12659);
#1318=LINE('',#1286,#1317);
#1319=EDGE_CURVE('',#1287,#1315,#1318,.T.);
#1320=ORIENTED_EDGE('',*,*,#1319,.T.);
#1321=CARTESIAN_POINT('',(230.88441,-92.55218,323.));
#1322=VERTEX_POINT('',#1321);
#1323=DIRECTION('',(0.,0.,1.));
#1324=VECTOR('',#1323,14.);
#1325=LINE('',#1314,#1324);
#1326=EDGE_CURVE('',#1315,#1322,#1325,.T.);
#1327=ORIENTED_EDGE('',*,*,#1326,.T.);
#1328=DIRECTION('',(0.98918,-0.14673,0.));
#1329=VECTOR('',#1328,9.12659);
#1330=LINE('',#1293,#1329);
#1331=EDGE_CURVE('',#1294,#1322,#1330,.T.);
#1332=ORIENTED_EDGE('',*,*,#1331,.F.);
#1333=ORIENTED_EDGE('',*,*,#1298,.F.);
#1334=EDGE_LOOP('',(#1320,#1327,#1332,#1333));
#1335=FACE_OUTER_BOUND('',#1334,.T.);
#1336=CARTESIAN_POINT('',(221.8566,-91.21303,309.));
#1337=DIRECTION('',(-0.14673,-0.98918,0.));
#1338=DIRECTION('',(0.98918,-0.14673,0.));
#1339=AXIS2_PLACEMENT_3D('',#1336,#1337,#1338);
#1340=PLANE('',#1339);
#1341=ADVANCED_FACE('',(#1335),#1340,.T.);
#1342=CARTESIAN_POINT('',(240.,-93.,309.));
#1343=VERTEX_POINT('',#1342);
#1344=DIRECTION('',(0.9988,-0.04907,0.));
#1345=VECTOR('',#1344,9.12659);
#1346=LINE('',#1314,#1345);
#1347=EDGE_CURVE('',#1315,#1343,#1346,.T.);
#1348=ORIENTED_EDGE('',*,*,#1347,.T.);
#1349=CARTESIAN_POINT('',(240.,-93.,323.));
#1350=VERTEX_POINT('',#1349);
#1351=DIRECTION('',(0.,0.,1.));
#1352=VECTOR('',#1351,14.);
#1353=LINE('',#1342,#1352);
#1354=EDGE_CURVE('',#1343,#1350,#1353,.T.);
#1355=ORIENTED_EDGE('',*,*,#1354,.T.);
#1356=DIRECTION('',(0.9988,-0.04907,0.));
#1357=VECTOR('',#1356,9.12659);
#1358=LINE('',#1321,#1357);
#1359=EDGE_CURVE('',#1322,#1350,#1358,.T.);
#1360=ORIENTED_EDGE('',*,*,#1359,.F.);
#1361=ORIENTED_EDGE('',*,*,#1326,.F.);
#1362=EDGE_LOOP('',(#1348,#1355,#1360,#1361));
#1363=FACE_OUTER_BOUND('',#1362,.T.);
#1364=CARTESIAN_POINT('',(230.88441,-92.55218,309.));
#1365=DIRECTION('',(-0.04907,-0.9988,0.));
#1366=DIRECTION('',(0.9988,-0.04907,0.));
#1367=AXIS2_PLACEMENT_3D('',#1364,#1365,#1366);
#1368=PLANE('',#1367);
#1369=ADVANCED_FACE('',(#1363),#1368,.T.);
#1370=CARTESIAN_POINT('',(249.11559,-92.55218,309.));
#1371=VERTEX_POINT('',#1370);
#1372=DIRECTION('',(0.9988,0.04907,0.));
#1373=VECTOR('',#1372,9.12659);
#1374=LINE('',#1342,#1373);
#1375=EDGE_CURVE('',#1343,#1371,#1374,.T.);
#1376=ORIENTED_EDGE('',*,*,#1375,.T.);
#1377=CARTESIAN_POINT('',(249.11559,-92.55218,323.));
#1378=VERTEX_POINT('',#1377);
#1379=DIRECTION('',(0.,0.,1.));
#1380=VECTOR('',#1379,14.);
#1381=LINE('',#1370,#1380);
#1382=EDGE_CURVE('',#1371,#1378,#1381,.T.);
#1383=ORIENTED_EDGE('',*,*,#1382,.T.);
#1384=DIRECTION('',(0.9988,0.04907,0.));
#1385=VECTOR('',#1384,9.12659);
#1386=LINE('',#1349,#1385);
#1387=EDGE_CURVE('',#1350,#1378,#1386,.T.);
#1388=ORIENTED_EDGE('',*,*,#1387,.F.);
#1389=ORIENTED_EDGE('',*,*,#1354,.F.);
#1390=EDGE_LOOP('',(#1376,#1383,#1388,#1389));
#1391=FACE_OUTER_BOUND('',#1390,.T.);
#1392=CARTESIAN_POINT('',(240.,-93.,309.));
#1393=DIRECTION('',(0.04907,-0.9988,0.));
#1394=DIRECTION('',(0.9988,0.04907,0.));
#1395=AXIS2_PLACEMENT_3D('',#1392,#1393,#1394);
#1396=PLANE('',#1395);
#1397=ADVANCED_FACE('',(#1391),#1396,.T.);
#1398=CARTESIAN_POINT('',(258.1434,-91.21303,309.));
#1399=VERTEX_POINT('',#1398);
#1400=DIRECTION('',(0.98918,0.14673,0.));
#1401=VECTOR('',#1400,9.12659);
#1402=LINE('',#1370,#1401);
#1403=EDGE_CURVE('',#1371,#1399,#1402,.T.);
#1404=ORIENTED_EDGE('',*,*,#1403,.T.);
#1405=CARTESIAN_POINT('',(258.1434,-91.21303,323.));
#1406=VERTEX_POINT('',#1405);
#1407=DIRECTION('',(0.,0.,1.));
#1408=VECTOR('',#1407,14.);
#1409=LINE('',#1398,#1408);
#1410=EDGE_CURVE('',#1399,#1406,#1409,.T.);
#1411=ORIENTED_EDGE('',*,*,#1410,.T.);
#1412=DIRECTION('',(0.98918,0.14673,0.));
#1413=VECTOR('',#1412,9.12659);
#1414=LINE('',#1377,#1413);
#1415=EDGE_CURVE('',#1378,#1406,#1414,.T.);
#1416=ORIENTED_EDGE('',*,*,#1415,.F.);
#1417=ORIENTED_EDGE('',*,*,#1382,.F.);
#1418=EDGE_LOOP('',(#1404,#1411,#1416,#1417));
#1419=FACE_OUTER_BOUND('',#1418,.T.);
#1420=CARTESIAN_POINT('',(249.11559,-92.55218,309.));
#1421=DIRECTION('',(0.14673,-0.98918,0.));
#1422=DIRECTION('',(0.98918,0.14673,0.));
#1423=AXIS2_PLACEMENT_3D('',#1420,#1421,#1422);
#1424=PLANE('',#1423);
#1425=ADVANCED_FACE('',(#1419),#1424,.T.);
#1426=CARTESIAN_POINT('',(266.99647,-88.99545,309.));
#1427=VERTEX_POINT('',#1426);
#1428=DIRECTION('',(0.97003,0.24298,0.));
#1429=VECTOR('',#1428,9.12659);
#1430=LINE('',#1398,#1429);
#1431=EDGE_CURVE('',#1399,#1427,#1430,.T.);
#1432=ORIENTED_EDGE('',*,*,#1431,.T.);
#1433=CARTESIAN_POINT('',(266.99647,-88.99545,323.));
#1434=VERTEX_POINT('',#1433);
#1435=DIRECTION('',(0.,0.,1.));
#1436=VECTOR('',#1435,14.);
#1437=LINE('',#1426,#1436);
#1438=EDGE_CURVE('',#1427,#1434,#1437,.T.);
#1439=ORIENTED_EDGE('',*,*,#1438,.T.);
#1440=DIRECTION('',(0.97003,0.24298,0.));
#1441=VECTOR('',#1440,9.12659);
#1442=LINE('',#1405,#1441);
#1443=EDGE_CURVE('',#1406,#1434,#1442,.T.);
#1444=ORIENTED_EDGE('',*,*,#1443,.F.);
#1445=ORIENTED_EDGE('',*,*,#1410,.F.);
#1446=EDGE_LOOP('',(#1432,#1439,#1444,#1445));
#1447=FACE_OUTER_BOUND('',#1446,.T.);
#1448=CARTESIAN_POINT('',(258.1434,-91.21303,309.));
#1449=DIRECTION('',(0.24298,-0.97003,0.));
#1450=DIRECTION('',(0.97003,0.24298,0.));
#1451=AXIS2_PLACEMENT_3D('',#1448,#1449,#1450);
#1452=PLANE('',#1451);
#1453=ADVANCED_FACE('',(#1447),#1452,.T.);
#1454=CARTESIAN_POINT('',(275.58956,-85.9208,309.));
#1455=VERTEX_POINT('',#1454);
#1456=DIRECTION('',(0.94154,0.33689,0.));
#1457=VECTOR('',#1456,9.12659);
#1458=LINE('',#1426,#1457);
#1459=EDGE_CURVE('',#1427,#1455,#1458,.T.);
#1460=ORIENTED_EDGE('',*,*,#1459,.T.);
#1461=CARTESIAN_POINT('',(275.58956,-85.9208,323.));
#1462=VERTEX_POINT('',#1461);
#1463=DIRECTION('',(0.,0.,1.));
#1464=VECTOR('',#1463,14.);
#1465=LINE('',#1454,#1464);
#1466=EDGE_CURVE('',#1455,#1462,#1465,.T.);
#1467=ORIENTED_EDGE('',*,*,#1466,.T.);
#1468=DIRECTION('',(0.94154,0.33689,0.));
#1469=VECTOR('',#1468,9.12659);
#1470=LINE('',#1433,#1469);
#1471=EDGE_CURVE('',#1434,#1462,#1470,.T.);
#1472=ORIENTED_EDGE('',*,*,#1471,.F.);
#1473=ORIENTED_EDGE('',*,*,#1438,.F.);
#1474=EDGE_LOOP('',(#1460,#1467,#1472,#1473));
#1475=FACE_OUTER_BOUND('',#1474,.T.);
#1476=CARTESIAN_POINT('',(266.99647,-88.99545,309.));
#1477=DIRECTION('',(0.33689,-0.94154,0.));
#1478=DIRECTION('',(0.94154,0.33689,0.));
#1479=AXIS2_PLACEMENT_3D('',#1476,#1477,#1478);
#1480=PLANE('',#1479);
#1481=ADVANCED_FACE('',(#1475),#1480,.T.);
#1482=CARTESIAN_POINT('',(283.8399,-82.01868,309.));
#1483=VERTEX_POINT('',#1482);
#1484=DIRECTION('',(0.90399,0.42756,0.));
#1485=VECTOR('',#1484,9.12659);
#1486=LINE('',#1454,#1485);
#1487=EDGE_CURVE('',#1455,#1483,#1486,.T.);
#1488=ORIENTED_EDGE('',*,*,#1487,.T.);
#1489=CARTESIAN_POINT('',(283.8399,-82.01868,323.));
#1490=VERTEX_POINT('',#1489);
#1491=DIRECTION('',(0.,0.,1.));
#1492=VECTOR('',#1491,14.);
#1493=LINE('',#1482,#1492);
#1494=EDGE_CURVE('',#1483,#1490,#1493,.T.);
#1495=ORIENTED_EDGE('',*,*,#1494,.T.);
#1496=DIRECTION('',(0.90399,0.42756,0.));
#1497=VECTOR('',#1496,9.12659);
#1498=LINE('',#1461,#1497);
#1499=EDGE_CURVE('',#1462,#1490,#1498,.T.);
#1500=ORIENTED_EDGE('',*,*,#1499,.F.);
#1501=ORIENTED_EDGE('',*,*,#1466,.F.);
#1502=EDGE_LOOP('',(#1488,#1495,#1500,#1501));
#1503=FACE_OUTER_BOUND('',#1502,.T.);
#1504=CARTESIAN_POINT('',(275.58956,-85.9208,309.));
#1505=DIRECTION('',(0.42756,-0.90399,0.));
#1506=DIRECTION('',(0.90399,0.42756,0.));
#1507=AXIS2_PLACEMENT_3D('',#1504,#1505,#1506);
#1508=PLANE('',#1507);
#1509=ADVANCED_FACE('',(#1503),#1508,.T.);
#1510=CARTESIAN_POINT('',(291.66803,-77.32667,309.));
#1511=VERTEX_POINT('',#1510);
#1512=DIRECTION('',(0.85773,0.5141,0.));
#1513=VECTOR('',#1512,9.12659);
#1514=LINE('',#1482,#1513);
#1515=EDGE_CURVE('',#1483,#1511,#1514,.T.);
#1516=ORIENTED_EDGE('',*,*,#1515,.T.);
#1517=CARTESIAN_POINT('',(291.66803,-77.32667,323.));
#1518=VERTEX_POINT('',#1517);
#1519=DIRECTION('',(0.,0.,1.));
#1520=VECTOR('',#1519,14.);
#1521=LINE('',#1510,#1520);
#1522=EDGE_CURVE('',#1511,#1518,#1521,.T.);
#1523=ORIENTED_EDGE('',*,*,#1522,.T.);
#1524=DIRECTION('',(0.85773,0.5141,0.));
#1525=VECTOR('',#1524,9.12659);
#1526=LINE('',#1489,#1525);
#1527=EDGE_CURVE('',#1490,#1518,#1526,.T.);
#1528=ORIENTED_EDGE('',*,*,#1527,.F.);
#1529=ORIENTED_EDGE('',*,*,#1494,.F.);
#1530=EDGE_LOOP('',(#1516,#1523,#1528,#1529));
#1531=FACE_OUTER_BOUND('',#1530,.T.);
#1532=CARTESIAN_POINT('',(283.8399,-82.01868,309.));
#1533=DIRECTION('',(0.5141,-0.85773,0.));
#1534=DIRECTION('',(0.85773,0.5141,0.));
#1535=AXIS2_PLACEMENT_3D('',#1532,#1533,#1534);
#1536=PLANE('',#1535);
#1537=ADVANCED_FACE('',(#1531),#1536,.T.);
#1538=CARTESIAN_POINT('',(298.99858,-71.88997,309.));
#1539=VERTEX_POINT('',#1538);
#1540=DIRECTION('',(0.80321,0.5957,0.));
#1541=VECTOR('',#1540,9.12659);
#1542=LINE('',#1510,#1541);
#1543=EDGE_CURVE('',#1511,#1539,#1542,.T.);
#1544=ORIENTED_EDGE('',*,*,#1543,.T.);
#1545=CARTESIAN_POINT('',(298.99858,-71.88997,323.));
#1546=VERTEX_POINT('',#1545);
#1547=DIRECTION('',(0.,0.,1.));
#1548=VECTOR('',#1547,14.);
#1549=LINE('',#1538,#1548);
#1550=EDGE_CURVE('',#1539,#1546,#1549,.T.);
#1551=ORIENTED_EDGE('',*,*,#1550,.T.);
#1552=DIRECTION('',(0.80321,0.5957,0.));
#1553=VECTOR('',#1552,9.12659);
#1554=LINE('',#1517,#1553);
#1555=EDGE_CURVE('',#1518,#1546,#1554,.T.);
#1556=ORIENTED_EDGE('',*,*,#1555,.F.);
#1557=ORIENTED_EDGE('',*,*,#1522,.F.);
#1558=EDGE_LOOP('',(#1544,#1551,#1556,#1557));
#1559=FACE_OUTER_BOUND('',#1558,.T.);
#1560=CARTESIAN_POINT('',(291.66803,-77.32667,309.));
#1561=DIRECTION('',(0.5957,-0.80321,0.));
#1562=DIRECTION('',(0.80321,0.5957,0.));
#1563=AXIS2_PLACEMENT_3D('',#1560,#1561,#1562);
#1564=PLANE('',#1563);
#1565=ADVANCED_FACE('',(#1559),#1564,.T.);
#1566=CARTESIAN_POINT('',(305.76093,-65.76093,309.));
#1567=VERTEX_POINT('',#1566);
#1568=DIRECTION('',(0.74095,0.67156,0.));
#1569=VECTOR('',#1568,9.12659);
#1570=LINE('',#1538,#1569);
#1571=EDGE_CURVE('',#1539,#1567,#1570,.T.);
#1572=ORIENTED_EDGE('',*,*,#1571,.T.);
#1573=CARTESIAN_POINT('',(305.76093,-65.76093,323.));
#1574=VERTEX_POINT('',#1573);
#1575=DIRECTION('',(0.,0.,1.));
#1576=VECTOR('',#1575,14.);
#1577=LINE('',#1566,#1576);
#1578=EDGE_CURVE('',#1567,#1574,#1577,.T.);
#1579=ORIENTED_EDGE('',*,*,#1578,.T.);
#1580=DIRECTION('',(0.74095,0.67156,0.));
#1581=VECTOR('',#1580,9.12659);
#1582=LINE('',#1545,#1581);
#1583=EDGE_CURVE('',#1546,#1574,#1582,.T.);
#1584=ORIENTED_EDGE('',*,*,#1583,.F.);
#1585=ORIENTED_EDGE('',*,*,#1550,.F.);
#1586=EDGE_LOOP('',(#1572,#1579,#1584,#1585));
#1587=FACE_OUTER_BOUND('',#1586,.T.);
#1588=CARTESIAN_POINT('',(298.99858,-71.88997,309.));
#1589=DIRECTION('',(0.67156,-0.74095,0.));
#1590=DIRECTION('',(0.74095,0.67156,0.));
#1591=AXIS2_PLACEMENT_3D('',#1588,#1589,#1590);
#1592=PLANE('',#1591);
#1593=ADVANCED_FACE('',(#1587),#1592,.T.);
#1594=CARTESIAN_POINT('',(311.88997,-58.99858,309.));
#1595=VERTEX_POINT('',#1594);
#1596=DIRECTION('',(0.67156,0.74095,0.));
#1597=VECTOR('',#1596,9.12659);
#1598=LINE('',#1566,#1597);
#1599=EDGE_CURVE('',#1567,#1595,#1598,.T.);
#1600=ORIENTED_EDGE('',*,*,#1599,.T.);
#1601=CARTESIAN_POINT('',(311.88997,-58.99858,323.));
#1602=VERTEX_POINT('',#1601);
#1603=DIRECTION('',(0.,0.,1.));
#1604=VECTOR('',#1603,14.);
#1605=LINE('',#1594,#1604);
#1606=EDGE_CURVE('',#1595,#1602,#1605,.T.);
#1607=ORIENTED_EDGE('',*,*,#1606,.T.);
#1608=DIRECTION('',(0.67156,0.74095,0.));
#1609=VECTOR('',#1608,9.12659);
#1610=LINE('',#1573,#1609);
#1611=EDGE_CURVE('',#1574,#1602,#1610,.T.);
#1612=ORIENTED_EDGE('',*,*,#1611,.F.);
#1613=ORIENTED_EDGE('',*,*,#1578,.F.);
#1614=EDGE_LOOP('',(#1600,#1607,#1612,#1613));
#1615=FACE_OUTER_BOUND('',#1614,.T.);
#1616=CARTESIAN_POINT('',(305.76093,-65.76093,309.));
#1617=DIRECTION('',(0.74095,-0.67156,0.));
#1618=DIRECTION('',(0.67156,0.74095,0.));
#1619=AXIS2_PLACEMENT_3D('',#1616,#1617,#1618);
#1620=PLANE('',#1619);
#1621=ADVANCED_FACE('',(#1615),#1620,.T.);
#1622=CARTESIAN_POINT('',(317.32667,-51.66803,309.));
#1623=VERTEX_POINT('',#1622);
#1624=DIRECTION('',(0.5957,0.80321,0.));
#1625=VECTOR('',#1624,9.12659);
#1626=LINE('',#1594,#1625);
#1627=EDGE_CURVE('',#1595,#1623,#1626,.T.);
#1628=ORIENTED_EDGE('',*,*,#1627,.T.);
#1629=CARTESIAN_POINT('',(317.32667,-51.66803,323.));
#1630=VERTEX_POINT('',#1629);
#1631=DIRECTION('',(0.,0.,1.));
#1632=VECTOR('',#1631,14.);
#1633=LINE('',#1622,#1632);
#1634=EDGE_CURVE('',#1623,#1630,#1633,.T.);
#1635=ORIENTED_EDGE('',*,*,#1634,.T.);
#1636=DIRECTION('',(0.5957,0.80321,0.));
#1637=VECTOR('',#1636,9.12659);
#1638=LINE('',#1601,#1637);
#1639=EDGE_CURVE('',#1602,#1630,#1638,.T.);
#1640=ORIENTED_EDGE('',*,*,#1639,.F.);
#1641=ORIENTED_EDGE('',*,*,#1606,.F.);
#1642=EDGE_LOOP('',(#1628,#1635,#1640,#1641));
#1643=FACE_OUTER_BOUND('',#1642,.T.);
#1644=CARTESIAN_POINT('',(311.88997,-58.99858,309.));
#1645=DIRECTION('',(0.80321,-0.5957,0.));
#1646=DIRECTION('',(0.5957,0.80321,0.));
#1647=AXIS2_PLACEMENT_3D('',#1644,#1645,#1646);
#1648=PLANE('',#1647);
#1649=ADVANCED_FACE('',(#1643),#1648,.T.);
#1650=CARTESIAN_POINT('',(322.01868,-43.8399,309.));
#1651=VERTEX_POINT('',#1650);
#1652=DIRECTION('',(0.5141,0.85773,0.));
#1653=VECTOR('',#1652,9.12659);
#1654=LINE('',#1622,#1653);
#1655=EDGE_CURVE('',#1623,#1651,#1654,.T.);
#1656=ORIENTED_EDGE('',*,*,#1655,.T.);
#1657=CARTESIAN_POINT('',(322.01868,-43.8399,323.));
#1658=VERTEX_POINT('',#1657);
#1659=DIRECTION('',(0.,0.,1.));
#1660=VECTOR('',#1659,14.);
#1661=LINE('',#1650,#1660);
#1662=EDGE_CURVE('',#1651,#1658,#1661,.T.);
#1663=ORIENTED_EDGE('',*,*,#1662,.T.);
#1664=DIRECTION('',(0.5141,0.85773,0.));
#1665=VECTOR('',#1664,9.12659);
#1666=LINE('',#1629,#1665);
#1667=EDGE_CURVE('',#1630,#1658,#1666,.T.);
#1668=ORIENTED_EDGE('',*,*,#1667,.F.);
#1669=ORIENTED_EDGE('',*,*,#1634,.F.);
#1670=EDGE_LOOP('',(#1656,#1663,#1668,#1669));
#1671=FACE_OUTER_BOUND('',#1670,.T.);
#1672=CARTESIAN_POINT('',(317.32667,-51.66803,309.));
#1673=DIRECTION('',(0.85773,-0.5141,0.));
#1674=DIRECTION('',(0.5141,0.85773,0.));
#1675=AXIS2_PLACEMENT_3D('',#1672,#1673,#1674);
#1676=PLANE('',#1675);
#1677=ADVANCED_FACE('',(#1671),#1676,.T.);
#1678=CARTESIAN_POINT('',(325.9208,-35.58956,309.));
#1679=VERTEX_POINT('',#1678);
#1680=DIRECTION('',(0.42756,0.90399,0.));
#1681=VECTOR('',#1680,9.12659);
#1682=LINE('',#1650,#1681);
#1683=EDGE_CURVE('',#1651,#1679,#1682,.T.);
#1684=ORIENTED_EDGE('',*,*,#1683,.T.);
#1685=CARTESIAN_POINT('',(325.9208,-35.58956,323.));
#1686=VERTEX_POINT('',#1685);
#1687=DIRECTION('',(0.,0.,1.));
#1688=VECTOR('',#1687,14.);
#1689=LINE('',#1678,#1688);
#1690=EDGE_CURVE('',#1679,#1686,#1689,.T.);
#1691=ORIENTED_EDGE('',*,*,#1690,.T.);
#1692=DIRECTION('',(0.42756,0.90399,0.));
#1693=VECTOR('',#1692,9.12659);
#1694=LINE('',#1657,#1693);
#1695=EDGE_CURVE('',#1658,#1686,#1694,.T.);
#1696=ORIENTED_EDGE('',*,*,#1695,.F.);
#1697=ORIENTED_EDGE('',*,*,#1662,.F.);
#1698=EDGE_LOOP('',(#1684,#1691,#1696,#1697));
#1699=FACE_OUTER_BOUND('',#1698,.T.);
#1700=CARTESIAN_POINT('',(322.01868,-43.8399,309.));
#1701=DIRECTION('',(0.90399,-0.42756,0.));
#1702=DIRECTION('',(0.42756,0.90399,0.));
#1703=AXIS2_PLACEMENT_3D('',#1700,#1701,#1702);
#1704=PLANE('',#1703);
#1705=ADVANCED_FACE('',(#1699),#1704,.T.);
#1706=CARTESIAN_POINT('',(328.99545,-26.99647,309.));
#1707=VERTEX_POINT('',#1706);
#1708=DIRECTION('',(0.33689,0.94154,0.));
#1709=VECTOR('',#1708,9.12659);
#1710=LINE('',#1678,#1709);
#1711=EDGE_CURVE('',#1679,#1707,#1710,.T.);
#1712=ORIENTED_EDGE('',*,*,#1711,.T.);
#1713=CARTESIAN_POINT('',(328.99545,-26.99647,323.));
#1714=VERTEX_POINT('',#1713);
#1715=DIRECTION('',(0.,0.,1.));
#1716=VECTOR('',#1715,14.);
#1717=LINE('',#1706,#1716);
#1718=EDGE_CURVE('',#1707,#1714,#1717,.T.);
#1719=ORIENTED_EDGE('',*,*,#1718,.T.);
#1720=DIRECTION('',(0.33689,0.94154,0.));
#1721=VECTOR('',#1720,9.12659);
#1722=LINE('',#1685,#1721);
#1723=EDGE_CURVE('',#1686,#1714,#1722,.T.);
#1724=ORIENTED_EDGE('',*,*,#1723,.F.);
#1725=ORIENTED_EDGE('',*,*,#1690,.F.);
#1726=EDGE_LOOP('',(#1712,#1719,#1724,#1725));
#1727=FACE_OUTER_BOUND('',#1726,.T.);
#1728=CARTESIAN_POINT('',(325.9208,-35.58956,309.));
#1729=DIRECTION('',(0.94154,-0.33689,0.));
#1730=DIRECTION('',(0.33689,0.94154,0.));
#1731=AXIS2_PLACEMENT_3D('',#1728,#1729,#1730);
#1732=PLANE('',#1731);
#1733=ADVANCED_FACE('',(#1727),#1732,.T.);
#1734=CARTESIAN_POINT('',(331.21303,-18.1434,309.));
#1735=VERTEX_POINT('',#1734);
#1736=DIRECTION('',(0.24298,0.97003,0.));
#1737=VECTOR('',#1736,9.12659);
#1738=LINE('',#1706,#1737);
#1739=EDGE_CURVE('',#1707,#1735,#1738,.T.);
#1740=ORIENTED_EDGE('',*,*,#1739,.T.);
#1741=CARTESIAN_POINT('',(331.21303,-18.1434,323.));
#1742=VERTEX_POINT('',#1741);
#1743=DIRECTION('',(0.,0.,1.));
#1744=VECTOR('',#1743,14.);
#1745=LINE('',#1734,#1744);
#1746=EDGE_CURVE('',#1735,#1742,#1745,.T.);
#1747=ORIENTED_EDGE('',*,*,#1746,.T.);
#1748=DIRECTION('',(0.24298,0.97003,0.));
#1749=VECTOR('',#1748,9.12659);
#1750=LINE('',#1713,#1749);
#1751=EDGE_CURVE('',#1714,#1742,#1750,.T.);
#1752=ORIENTED_EDGE('',*,*,#1751,.F.);
#1753=ORIENTED_EDGE('',*,*,#1718,.F.);
#1754=EDGE_LOOP('',(#1740,#1747,#1752,#1753));
#1755=FACE_OUTER_BOUND('',#1754,.T.);
#1756=CARTESIAN_POINT('',(328.99545,-26.99647,309.));
#1757=DIRECTION('',(0.97003,-0.24298,0.));
#1758=DIRECTION('',(0.24298,0.97003,0.));
#1759=AXIS2_PLACEMENT_3D('',#1756,#1757,#1758);
#1760=PLANE('',#1759);
#1761=ADVANCED_FACE('',(#1755),#1760,.T.);
#1762=CARTESIAN_POINT('',(332.55218,-9.11559,309.));
#1763=VERTEX_POINT('',#1762);
#1764=DIRECTION('',(0.14673,0.98918,0.));
#1765=VECTOR('',#1764,9.12659);
#1766=LINE('',#1734,#1765);
#1767=EDGE_CURVE('',#1735,#1763,#1766,.T.);
#1768=ORIENTED_EDGE('',*,*,#1767,.T.);
#1769=CARTESIAN_POINT('',(332.55218,-9.11559,323.));
#1770=VERTEX_POINT('',#1769);
#1771=DIRECTION('',(0.,0.,1.));
#1772=VECTOR('',#1771,14.);
#1773=LINE('',#1762,#1772);
#1774=EDGE_CURVE('',#1763,#1770,#1773,.T.);
#1775=ORIENTED_EDGE('',*,*,#1774,.T.);
#1776=DIRECTION('',(0.14673,0.98918,0.));
#1777=VECTOR('',#1776,9.12659);
#1778=LINE('',#1741,#1777);
#1779=EDGE_CURVE('',#1742,#1770,#1778,.T.);
#1780=ORIENTED_EDGE('',*,*,#1779,.F.);
#1781=ORIENTED_EDGE('',*,*,#1746,.F.);
#1782=EDGE_LOOP('',(#1768,#1775,#1780,#1781));
#1783=FACE_OUTER_BOUND('',#1782,.T.);
#1784=CARTESIAN_POINT('',(331.21303,-18.1434,309.));
#1785=DIRECTION('',(0.98918,-0.14673,0.));
#1786=DIRECTION('',(0.14673,0.98918,0.));
#1787=AXIS2_PLACEMENT_3D('',#1784,#1785,#1786);
#1788=PLANE('',#1787);
#1789=ADVANCED_FACE('',(#1783),#1788,.T.);
#1790=DIRECTION('',(-0.04907,-0.9988,0.));
#1791=VECTOR('',#1790,9.12659);
#1792=LINE('',#18,#1791);
#1793=EDGE_CURVE('',#19,#1763,#1792,.T.);
#1794=ORIENTED_EDGE('',*,*,#1793,.F.);
#1795=ORIENTED_EDGE('',*,*,#44,.T.);
#1796=DIRECTION('',(-0.04907,-0.9988,0.));
#1797=VECTOR('',#1796,9.12659);
#1798=LINE('',#34,#1797);
#1799=EDGE_CURVE('',#35,#1770,#1798,.T.);
#1800=ORIENTED_EDGE('',*,*,#1799,.T.);
#1801=ORIENTED_EDGE('',*,*,#1774,.F.);
#1802=EDGE_LOOP('',(#1794,#1795,#1800,#1801));
#1803=FACE_OUTER_BOUND('',#1802,.T.);
#1804=CARTESIAN_POINT('',(332.55218,-9.11559,309.));
#1805=DIRECTION('',(0.9988,-0.04907,0.));
#1806=DIRECTION('',(0.04907,0.9988,0.));
#1807=AXIS2_PLACEMENT_3D('',#1804,#1805,#1806);
#1808=PLANE('',#1807);
#1809=ADVANCED_FACE('',(#1803),#1808,.T.);
#1810=ORIENTED_EDGE('',*,*,#1767,.F.);
#1811=ORIENTED_EDGE('',*,*,#1739,.F.);
#1812=ORIENTED_EDGE('',*,*,#1711,.F.);
#1813=ORIENTED_EDGE('',*,*,#1683,.F.);
#1814=ORIENTED_EDGE('',*,*,#1655,.F.);
#1815=ORIENTED_EDGE('',*,*,#1627,.F.);
#1816=ORIENTED_EDGE('',*,*,#1599,.F.);
#1817=ORIENTED_EDGE('',*,*,#1571,.F.);
#1818=ORIENTED_EDGE('',*,*,#1543,.F.);
#1819=ORIENTED_EDGE('',*,*,#1515,.F.);
#1820=ORIENTED_EDGE('',*,*,#1487,.F.);
#1821=ORIENTED_EDGE('',*,*,#1459,.F.);
#1822=ORIENTED_EDGE('',*,*,#1431,.F.);
#1823=ORIENTED_EDGE('',*,*,#1403,.F.);
#1824=ORIENTED_EDGE('',*,*,#1375,.F.);
#1825=ORIENTED_EDGE('',*,*,#1347,.F.);
#1826=ORIENTED_EDGE('',*,*,#1319,.F.);
#1827=ORIENTED_EDGE('',*,*,#1291,.F.);
#1828=ORIENTED_EDGE('',*,*,#1263,.F.);
#1829=ORIENTED_EDGE('',*,*,#1235,.F.);
#1830=ORIENTED_EDGE('',*,*,#1207,.F.);
#1831=ORIENTED_EDGE('',*,*,#1179,.F.);
#1832=ORIENTED_EDGE('',*,*,#1151,.F.);
#1833=ORIENTED_EDGE('',*,*,#1123,.F.);
#1834=ORIENTED_EDGE('',*,*,#1095,.F.);
#1835=ORIENTED_EDGE('',*,*,#1067,.F.);
#1836=ORIENTED_EDGE('',*,*,#1039,.F.);
#1837=ORIENTED_EDGE('',*,*,#1011,.F.);
#1838=ORIENTED_EDGE('',*,*,#983,.F.);
#1839=ORIENTED_EDGE('',*,*,#955,.F.);
#1840=ORIENTED_EDGE('',*,*,#927,.F.);
#1841=ORIENTED_EDGE('',*,*,#899,.F.);
#1842=ORIENTED_EDGE('',*,*,#871,.F.);
#1843=ORIENTED_EDGE('',*,*,#843,.F.);
#1844=ORIENTED_EDGE('',*,*,#815,.F.);
#1845=ORIENTED_EDGE('',*,*,#787,.F.);
#1846=ORIENTED_EDGE('',*,*,#759,.F.);
#1847=ORIENTED_EDGE('',*,*,#731,.F.);
#1848=ORIENTED_EDGE('',*,*,#703,.F.);
#1849=ORIENTED_EDGE('',*,*,#675,.F.);
#1850=ORIENTED_EDGE('',*,*,#647,.F.);
#1851=ORIENTED_EDGE('',*,*,#619,.F.);
#1852=ORIENTED_EDGE('',*,*,#591,.F.);
#1853=ORIENTED_EDGE('',*,*,#563,.F.);
#1854=ORIENTED_EDGE('',*,*,#535,.F.);
#1855=ORIENTED_EDGE('',*,*,#507,.F.);
#1856=ORIENTED_EDGE('',*,*,#479,.F.);
#1857=ORIENTED_EDGE('',*,*,#451,.F.);
#1858=ORIENTED_EDGE('',*,*,#423,.F.);
#1859=ORIENTED_EDGE('',*,*,#395,.F.);
#1860=ORIENTED_EDGE('',*,*,#367,.F.);
#1861=ORIENTED_EDGE('',*,*,#339,.F.);
#1862=ORIENTED_EDGE('',*,*,#311,.F.);
#1863=ORIENTED_EDGE('',*,*,#283,.F.);
#1864=ORIENTED_EDGE('',*,*,#255,.F.);
#1865=ORIENTED_EDGE('',*,*,#227,.F.);
#1866=ORIENTED_EDGE('',*,*,#199,.F.);
#1867=ORIENTED_EDGE('',*,*,#171,.F.);
#1868=ORIENTED_EDGE('',*,*,#143,.F.);
#1869=ORIENTED_EDGE('',*,*,#115,.F.);
#1870=ORIENTED_EDGE('',*,*,#87,.F.);
#1871=ORIENTED_EDGE('',*,*,#59,.F.);
#1872=ORIENTED_EDGE('',*,*,#25,.F.);
#1873=ORIENTED_EDGE('',*,*,#1793,.T.);
#1874=EDGE_LOOP('',(#1810,#1811,#1812,#1813,#1814,#1815,#1816,#1817,#1818,#1819,#1820,#1821,#1822,#1823,#1824,#1825,#1826,#1827,#1828,#1829,#1830,#1831,#1832,#1833,#1834,#1835,#1836,#1837,#1838,#1839,#1840,#1841,#1842,#1843,#1844,#1845,#1846,#1847,#1848,#1849,#1850,#1851,#1852,#1853,#1854,#1855,#1856,#1857,#1858,#1859,#1860,#1861,#1862,#1863,#1864,#1865,#1866,#1867,#1868,#1869,#1870,#1871,#1872,#1873));
#1875=FACE_OUTER_BOUND('',#1874,.T.);
#1876=CARTESIAN_POINT('',(332.55218,-9.11559,309.));
#1877=DIRECTION('',(0.,0.,-1.));
#1878=DIRECTION('',(-0.14673,-0.98918,0.));
#1879=AXIS2_PLACEMENT_3D('',#1876,#1877,#1878);
#1880=PLANE('',#1879);
#1881=ADVANCED_FACE('',(#1875),#1880,.T.);
#1882=ORIENTED_EDGE('',*,*,#39,.T.);
#1883=ORIENTED_EDGE('',*,*,#71,.T.);
#1884=ORIENTED_EDGE('',*,*,#99,.T.);
#1885=ORIENTED_EDGE('',*,*,#127,.T.);
#1886=ORIENTED_EDGE('',*,*,#155,.T.);
#1887=ORIENTED_EDGE('',*,*,#183,.T.);
#1888=ORIENTED_EDGE('',*,*,#211,.T.);
#1889=ORIENTED_EDGE('',*,*,#239,.T.);
#1890=ORIENTED_EDGE('',*,*,#267,.T.);
#1891=ORIENTED_EDGE('',*,*,#295,.T.);
#1892=ORIENTED_EDGE('',*,*,#323,.T.);
#1893=ORIENTED_EDGE('',*,*,#351,.T.);
#1894=ORIENTED_EDGE('',*,*,#379,.T.);
#1895=ORIENTED_EDGE('',*,*,#407,.T.);
#1896=ORIENTED_EDGE('',*,*,#435,.T.);
#1897=ORIENTED_EDGE('',*,*,#463,.T.);
#1898=ORIENTED_EDGE('',*,*,#491,.T.);
#1899=ORIENTED_EDGE('',*,*,#519,.T.);
#1900=ORIENTED_EDGE('',*,*,#547,.T.);
#1901=ORIENTED_EDGE('',*,*,#575,.T.);
#1902=ORIENTED_EDGE('',*,*,#603,.T.);
#1903=ORIENTED_EDGE('',*,*,#631,.T.);
#1904=ORIENTED_EDGE('',*,*,#659,.T.);
#1905=ORIENTED_EDGE('',*,*,#687,.T.);
#1906=ORIENTED_EDGE('',*,*,#715,.T.);
#1907=ORIENTED_EDGE('',*,*,#743,.T.);
#1908=ORIENTED_EDGE('',*,*,#771,.T.);
#1909=ORIENTED_EDGE('',*,*,#799,.T.);
#1910=ORIENTED_EDGE('',*,*,#827,.T.);
#1911=ORIENTED_EDGE('',*,*,#855,.T.);
#1912=ORIENTED_EDGE('',*,*,#883,.T.);
#1913=ORIENTED_EDGE('',*,*,#911,.T.);
#1914=ORIENTED_EDGE('',*,*,#939,.T.);
#1915=ORIENTED_EDGE('',*,*,#967,.T.);
#1916=ORIENTED_EDGE('',*,*,#995,.T.);
#1917=ORIENTED_EDGE('',*,*,#1023,.T.);
#1918=ORIENTED_EDGE('',*,*,#1051,.T.);
#1919=ORIENTED_EDGE('',*,*,#1079,.T.);
#1920=ORIENTED_EDGE('',*,*,#1107,.T.);
#1921=ORIENTED_EDGE('',*,*,#1135,.T.);
#1922=ORIENTED_EDGE('',*,*,#1163,.T.);
#1923=ORIENTED_EDGE('',*,*,#1191,.T.);
#1924=ORIENTED_EDGE('',*,*,#1219,.T.);
#1925=ORIENTED_EDGE('',*,*,#1247,.T.);
#1926=ORIENTED_EDGE('',*,*,#1275,.T.);
#1927=ORIENTED_EDGE('',*,*,#1303,.T.);
#1928=ORIENTED_EDGE('',*,*,#1331,.T.);
#1929=ORIENTED_EDGE('',*,*,#1359,.T.);
#1930=ORIENTED_EDGE('',*,*,#1387,.T.);
#1931=ORIENTED_EDGE('',*,*,#1415,.T.);
#1932=ORIENTED_EDGE('',*,*,#1443,.T.);
#1933=ORIENTED_EDGE('',*,*,#1471,.T.);
#1934=ORIENTED_EDGE('',*,*,#1499,.T.);
#1935=ORIENTED_EDGE('',*,*,#1527,.T.);
#1936=ORIENTED_EDGE('',*,*,#1555,.T.);
#1937=ORIENTED_EDGE('',*,*,#1583,.T.);
#1938=ORIENTED_EDGE('',*,*,#1611,.T.);
#1939=ORIENTED_EDGE('',*,*,#1639,.T.);
#1940=ORIENTED_EDGE('',*,*,#1667,.T.);
#1941=ORIENTED_EDGE('',*,*,#1695,.T.);
#1942=ORIENTED_EDGE('',*,*,#1723,.T.);
#1943=ORIENTED_EDGE('',*,*,#1751,.T.);
#1944=ORIENTED_EDGE('',*,*,#1779,.T.);
#1945=ORIENTED_EDGE('',*,*,#1799,.F.);
#1946=EDGE_LOOP('',(#1882,#1883,#1884,#1885,#1886,#1887,#1888,#1889,#1890,#1891,#1892,#1893,#1894,#1895,#1896,#1897,#1898,#1899,#1900,#1901,#1902,#1903,#1904,#1905,#1906,#1907,#1908,#1909,#1910,#1911,#1912,#1913,#1914,#1915,#1916,#1917,#1918,#1919,#1920,#1921,#1922,#1923,#1924,#1925,#1926,#1927,#1928,#1929,#1930,#1931,#1932,#1933,#1934,#1935,#1936,#1937,#1938,#1939,#1940,#1941,#1942,#1943,#1944,#1945));
#1947=FACE_OUTER_BOUND('',#1946,.T.);
#1948=CARTESIAN_POINT('',(333.,0.,323.));
#1949=DIRECTION('',(0.,0.,1.));
#1950=DIRECTION('',(-0.04907,0.9988,0.));
#1951=AXIS2_PLACEMENT_3D('',#1948,#1949,#1950);
#1952=PLANE('',#1951);
#1953=ADVANCED_FACE('',(#1947),#1952,.T.);
#1954=CLOSED_SHELL('',(#53,#81,#109,#137,#165,#193,#221,#249,#277,#305,#333,#361,#389,#417,#445,#473,#501,#529,#557,#585,#613,#641,#669,#697,#725,#753,#781,#809,#837,#865,#893,#921,#949,#977,#1005,#1033,#1061,#1089,#1117,#1145,#1173,#1201,#1229,#1257,#1285,#1313,#1341,#1369,#1397,#1425,#1453,#1481,#1509,#1537,#1565,#1593,#1621,#1649,#1677,#1705,#1733,#1761,#1789,#1809,#1881,#1953));
#1955=MANIFOLD_SOLID_BREP('',#1954);
#1956=COLOUR_RGB('',0.1,0.1,0.11);
#1957=FILL_AREA_STYLE_COLOUR('',#1956);
#1958=FILL_AREA_STYLE('',(#1957));
#1959=SURFACE_STYLE_FILL_AREA(#1958);
#1960=SURFACE_SIDE_STYLE('',(#1959));
#1961=SURFACE_STYLE_USAGE(.BOTH.,#1960);
#1962=PRESENTATION_STYLE_ASSIGNMENT((#1961));
#1963=STYLED_ITEM('color',(#1962),#1955);
#1964=CARTESIAN_POINT('',(268.,0.,323.));
#1965=VERTEX_POINT('',#1964);
#1966=CARTESIAN_POINT('',(267.46199,5.46253,323.));
#1967=VERTEX_POINT('',#1966);
#1968=DIRECTION('',(-0.09802,0.99518,0.));
#1969=VECTOR('',#1968,5.48896);
#1970=LINE('',#1964,#1969);
#1971=EDGE_CURVE('',#1965,#1967,#1970,.T.);
#1972=ORIENTED_EDGE('',*,*,#1971,.T.);
#1973=CARTESIAN_POINT('',(267.46199,5.46253,369.));
#1974=VERTEX_POINT('',#1973);
#1975=DIRECTION('',(0.,0.,1.));
#1976=VECTOR('',#1975,46.);
#1977=LINE('',#1966,#1976);
#1978=EDGE_CURVE('',#1967,#1974,#1977,.T.);
#1979=ORIENTED_EDGE('',*,*,#1978,.T.);
#1980=CARTESIAN_POINT('',(268.,0.,369.));
#1981=VERTEX_POINT('',#1980);
#1982=DIRECTION('',(-0.09802,0.99518,0.));
#1983=VECTOR('',#1982,5.48896);
#1984=LINE('',#1980,#1983);
#1985=EDGE_CURVE('',#1981,#1974,#1984,.T.);
#1986=ORIENTED_EDGE('',*,*,#1985,.F.);
#1987=DIRECTION('',(0.,0.,1.));
#1988=VECTOR('',#1987,46.);
#1989=LINE('',#1964,#1988);
#1990=EDGE_CURVE('',#1965,#1981,#1989,.T.);
#1991=ORIENTED_EDGE('',*,*,#1990,.F.);
#1992=EDGE_LOOP('',(#1972,#1979,#1986,#1991));
#1993=FACE_OUTER_BOUND('',#1992,.T.);
#1994=CARTESIAN_POINT('',(268.,0.,323.));
#1995=DIRECTION('',(0.99518,0.09802,0.));
#1996=DIRECTION('',(-0.09802,0.99518,0.));
#1997=AXIS2_PLACEMENT_3D('',#1994,#1995,#1996);
#1998=PLANE('',#1997);
#1999=ADVANCED_FACE('',(#1993),#1998,.T.);
#2000=CARTESIAN_POINT('',(265.86863,10.71514,323.));
#2001=VERTEX_POINT('',#2000);
#2002=DIRECTION('',(-0.29028,0.95694,0.));
#2003=VECTOR('',#2002,5.48896);
#2004=LINE('',#1966,#2003);
#2005=EDGE_CURVE('',#1967,#2001,#2004,.T.);
#2006=ORIENTED_EDGE('',*,*,#2005,.T.);
#2007=CARTESIAN_POINT('',(265.86863,10.71514,369.));
#2008=VERTEX_POINT('',#2007);
#2009=DIRECTION('',(0.,0.,1.));
#2010=VECTOR('',#2009,46.);
#2011=LINE('',#2000,#2010);
#2012=EDGE_CURVE('',#2001,#2008,#2011,.T.);
#2013=ORIENTED_EDGE('',*,*,#2012,.T.);
#2014=DIRECTION('',(-0.29028,0.95694,0.));
#2015=VECTOR('',#2014,5.48896);
#2016=LINE('',#1973,#2015);
#2017=EDGE_CURVE('',#1974,#2008,#2016,.T.);
#2018=ORIENTED_EDGE('',*,*,#2017,.F.);
#2019=ORIENTED_EDGE('',*,*,#1978,.F.);
#2020=EDGE_LOOP('',(#2006,#2013,#2018,#2019));
#2021=FACE_OUTER_BOUND('',#2020,.T.);
#2022=CARTESIAN_POINT('',(267.46199,5.46253,323.));
#2023=DIRECTION('',(0.95694,0.29028,0.));
#2024=DIRECTION('',(-0.29028,0.95694,0.));
#2025=AXIS2_PLACEMENT_3D('',#2022,#2023,#2024);
#2026=PLANE('',#2025);
#2027=ADVANCED_FACE('',(#2021),#2026,.T.);
#2028=CARTESIAN_POINT('',(263.28115,15.55597,323.));
#2029=VERTEX_POINT('',#2028);
#2030=DIRECTION('',(-0.4714,0.88192,0.));
#2031=VECTOR('',#2030,5.48896);
#2032=LINE('',#2000,#2031);
#2033=EDGE_CURVE('',#2001,#2029,#2032,.T.);
#2034=ORIENTED_EDGE('',*,*,#2033,.T.);
#2035=CARTESIAN_POINT('',(263.28115,15.55597,369.));
#2036=VERTEX_POINT('',#2035);
#2037=DIRECTION('',(0.,0.,1.));
#2038=VECTOR('',#2037,46.);
#2039=LINE('',#2028,#2038);
#2040=EDGE_CURVE('',#2029,#2036,#2039,.T.);
#2041=ORIENTED_EDGE('',*,*,#2040,.T.);
#2042=DIRECTION('',(-0.4714,0.88192,0.));
#2043=VECTOR('',#2042,5.48896);
#2044=LINE('',#2007,#2043);
#2045=EDGE_CURVE('',#2008,#2036,#2044,.T.);
#2046=ORIENTED_EDGE('',*,*,#2045,.F.);
#2047=ORIENTED_EDGE('',*,*,#2012,.F.);
#2048=EDGE_LOOP('',(#2034,#2041,#2046,#2047));
#2049=FACE_OUTER_BOUND('',#2048,.T.);
#2050=CARTESIAN_POINT('',(265.86863,10.71514,323.));
#2051=DIRECTION('',(0.88192,0.4714,0.));
#2052=DIRECTION('',(-0.4714,0.88192,0.));
#2053=AXIS2_PLACEMENT_3D('',#2050,#2051,#2052);
#2054=PLANE('',#2053);
#2055=ADVANCED_FACE('',(#2049),#2054,.T.);
#2056=CARTESIAN_POINT('',(259.79899,19.79899,323.));
#2057=VERTEX_POINT('',#2056);
#2058=DIRECTION('',(-0.63439,0.77301,0.));
#2059=VECTOR('',#2058,5.48896);
#2060=LINE('',#2028,#2059);
#2061=EDGE_CURVE('',#2029,#2057,#2060,.T.);
#2062=ORIENTED_EDGE('',*,*,#2061,.T.);
#2063=CARTESIAN_POINT('',(259.79899,19.79899,369.));
#2064=VERTEX_POINT('',#2063);
#2065=DIRECTION('',(0.,0.,1.));
#2066=VECTOR('',#2065,46.);
#2067=LINE('',#2056,#2066);
#2068=EDGE_CURVE('',#2057,#2064,#2067,.T.);
#2069=ORIENTED_EDGE('',*,*,#2068,.T.);
#2070=DIRECTION('',(-0.63439,0.77301,0.));
#2071=VECTOR('',#2070,5.48896);
#2072=LINE('',#2035,#2071);
#2073=EDGE_CURVE('',#2036,#2064,#2072,.T.);
#2074=ORIENTED_EDGE('',*,*,#2073,.F.);
#2075=ORIENTED_EDGE('',*,*,#2040,.F.);
#2076=EDGE_LOOP('',(#2062,#2069,#2074,#2075));
#2077=FACE_OUTER_BOUND('',#2076,.T.);
#2078=CARTESIAN_POINT('',(263.28115,15.55597,323.));
#2079=DIRECTION('',(0.77301,0.63439,0.));
#2080=DIRECTION('',(-0.63439,0.77301,0.));
#2081=AXIS2_PLACEMENT_3D('',#2078,#2079,#2080);
#2082=PLANE('',#2081);
#2083=ADVANCED_FACE('',(#2077),#2082,.T.);
#2084=CARTESIAN_POINT('',(255.55597,23.28115,323.));
#2085=VERTEX_POINT('',#2084);
#2086=DIRECTION('',(-0.77301,0.63439,0.));
#2087=VECTOR('',#2086,5.48896);
#2088=LINE('',#2056,#2087);
#2089=EDGE_CURVE('',#2057,#2085,#2088,.T.);
#2090=ORIENTED_EDGE('',*,*,#2089,.T.);
#2091=CARTESIAN_POINT('',(255.55597,23.28115,369.));
#2092=VERTEX_POINT('',#2091);
#2093=DIRECTION('',(0.,0.,1.));
#2094=VECTOR('',#2093,46.);
#2095=LINE('',#2084,#2094);
#2096=EDGE_CURVE('',#2085,#2092,#2095,.T.);
#2097=ORIENTED_EDGE('',*,*,#2096,.T.);
#2098=DIRECTION('',(-0.77301,0.63439,0.));
#2099=VECTOR('',#2098,5.48896);
#2100=LINE('',#2063,#2099);
#2101=EDGE_CURVE('',#2064,#2092,#2100,.T.);
#2102=ORIENTED_EDGE('',*,*,#2101,.F.);
#2103=ORIENTED_EDGE('',*,*,#2068,.F.);
#2104=EDGE_LOOP('',(#2090,#2097,#2102,#2103));
#2105=FACE_OUTER_BOUND('',#2104,.T.);
#2106=CARTESIAN_POINT('',(259.79899,19.79899,323.));
#2107=DIRECTION('',(0.63439,0.77301,0.));
#2108=DIRECTION('',(-0.77301,0.63439,0.));
#2109=AXIS2_PLACEMENT_3D('',#2106,#2107,#2108);
#2110=PLANE('',#2109);
#2111=ADVANCED_FACE('',(#2105),#2110,.T.);
#2112=CARTESIAN_POINT('',(250.71514,25.86863,323.));
#2113=VERTEX_POINT('',#2112);
#2114=DIRECTION('',(-0.88192,0.4714,0.));
#2115=VECTOR('',#2114,5.48896);
#2116=LINE('',#2084,#2115);
#2117=EDGE_CURVE('',#2085,#2113,#2116,.T.);
#2118=ORIENTED_EDGE('',*,*,#2117,.T.);
#2119=CARTESIAN_POINT('',(250.71514,25.86863,369.));
#2120=VERTEX_POINT('',#2119);
#2121=DIRECTION('',(0.,0.,1.));
#2122=VECTOR('',#2121,46.);
#2123=LINE('',#2112,#2122);
#2124=EDGE_CURVE('',#2113,#2120,#2123,.T.);
#2125=ORIENTED_EDGE('',*,*,#2124,.T.);
#2126=DIRECTION('',(-0.88192,0.4714,0.));
#2127=VECTOR('',#2126,5.48896);
#2128=LINE('',#2091,#2127);
#2129=EDGE_CURVE('',#2092,#2120,#2128,.T.);
#2130=ORIENTED_EDGE('',*,*,#2129,.F.);
#2131=ORIENTED_EDGE('',*,*,#2096,.F.);
#2132=EDGE_LOOP('',(#2118,#2125,#2130,#2131));
#2133=FACE_OUTER_BOUND('',#2132,.T.);
#2134=CARTESIAN_POINT('',(255.55597,23.28115,323.));
#2135=DIRECTION('',(0.4714,0.88192,0.));
#2136=DIRECTION('',(-0.88192,0.4714,0.));
#2137=AXIS2_PLACEMENT_3D('',#2134,#2135,#2136);
#2138=PLANE('',#2137);
#2139=ADVANCED_FACE('',(#2133),#2138,.T.);
#2140=CARTESIAN_POINT('',(245.46253,27.46199,323.));
#2141=VERTEX_POINT('',#2140);
#2142=DIRECTION('',(-0.95694,0.29028,0.));
#2143=VECTOR('',#2142,5.48896);
#2144=LINE('',#2112,#2143);
#2145=EDGE_CURVE('',#2113,#2141,#2144,.T.);
#2146=ORIENTED_EDGE('',*,*,#2145,.T.);
#2147=CARTESIAN_POINT('',(245.46253,27.46199,369.));
#2148=VERTEX_POINT('',#2147);
#2149=DIRECTION('',(0.,0.,1.));
#2150=VECTOR('',#2149,46.);
#2151=LINE('',#2140,#2150);
#2152=EDGE_CURVE('',#2141,#2148,#2151,.T.);
#2153=ORIENTED_EDGE('',*,*,#2152,.T.);
#2154=DIRECTION('',(-0.95694,0.29028,0.));
#2155=VECTOR('',#2154,5.48896);
#2156=LINE('',#2119,#2155);
#2157=EDGE_CURVE('',#2120,#2148,#2156,.T.);
#2158=ORIENTED_EDGE('',*,*,#2157,.F.);
#2159=ORIENTED_EDGE('',*,*,#2124,.F.);
#2160=EDGE_LOOP('',(#2146,#2153,#2158,#2159));
#2161=FACE_OUTER_BOUND('',#2160,.T.);
#2162=CARTESIAN_POINT('',(250.71514,25.86863,323.));
#2163=DIRECTION('',(0.29028,0.95694,0.));
#2164=DIRECTION('',(-0.95694,0.29028,0.));
#2165=AXIS2_PLACEMENT_3D('',#2162,#2163,#2164);
#2166=PLANE('',#2165);
#2167=ADVANCED_FACE('',(#2161),#2166,.T.);
#2168=CARTESIAN_POINT('',(240.,28.,323.));
#2169=VERTEX_POINT('',#2168);
#2170=DIRECTION('',(-0.99518,0.09802,0.));
#2171=VECTOR('',#2170,5.48896);
#2172=LINE('',#2140,#2171);
#2173=EDGE_CURVE('',#2141,#2169,#2172,.T.);
#2174=ORIENTED_EDGE('',*,*,#2173,.T.);
#2175=CARTESIAN_POINT('',(240.,28.,369.));
#2176=VERTEX_POINT('',#2175);
#2177=DIRECTION('',(0.,0.,1.));
#2178=VECTOR('',#2177,46.);
#2179=LINE('',#2168,#2178);
#2180=EDGE_CURVE('',#2169,#2176,#2179,.T.);
#2181=ORIENTED_EDGE('',*,*,#2180,.T.);
#2182=DIRECTION('',(-0.99518,0.09802,0.));
#2183=VECTOR('',#2182,5.48896);
#2184=LINE('',#2147,#2183);
#2185=EDGE_CURVE('',#2148,#2176,#2184,.T.);
#2186=ORIENTED_EDGE('',*,*,#2185,.F.);
#2187=ORIENTED_EDGE('',*,*,#2152,.F.);
#2188=EDGE_LOOP('',(#2174,#2181,#2186,#2187));
#2189=FACE_OUTER_BOUND('',#2188,.T.);
#2190=CARTESIAN_POINT('',(245.46253,27.46199,323.));
#2191=DIRECTION('',(0.09802,0.99518,0.));
#2192=DIRECTION('',(-0.99518,0.09802,0.));
#2193=AXIS2_PLACEMENT_3D('',#2190,#2191,#2192);
#2194=PLANE('',#2193);
#2195=ADVANCED_FACE('',(#2189),#2194,.T.);
#2196=CARTESIAN_POINT('',(234.53747,27.46199,323.));
#2197=VERTEX_POINT('',#2196);
#2198=DIRECTION('',(-0.99518,-0.09802,0.));
#2199=VECTOR('',#2198,5.48896);
#2200=LINE('',#2168,#2199);
#2201=EDGE_CURVE('',#2169,#2197,#2200,.T.);
#2202=ORIENTED_EDGE('',*,*,#2201,.T.);
#2203=CARTESIAN_POINT('',(234.53747,27.46199,369.));
#2204=VERTEX_POINT('',#2203);
#2205=DIRECTION('',(0.,0.,1.));
#2206=VECTOR('',#2205,46.);
#2207=LINE('',#2196,#2206);
#2208=EDGE_CURVE('',#2197,#2204,#2207,.T.);
#2209=ORIENTED_EDGE('',*,*,#2208,.T.);
#2210=DIRECTION('',(-0.99518,-0.09802,0.));
#2211=VECTOR('',#2210,5.48896);
#2212=LINE('',#2175,#2211);
#2213=EDGE_CURVE('',#2176,#2204,#2212,.T.);
#2214=ORIENTED_EDGE('',*,*,#2213,.F.);
#2215=ORIENTED_EDGE('',*,*,#2180,.F.);
#2216=EDGE_LOOP('',(#2202,#2209,#2214,#2215));
#2217=FACE_OUTER_BOUND('',#2216,.T.);
#2218=CARTESIAN_POINT('',(240.,28.,323.));
#2219=DIRECTION('',(-0.09802,0.99518,0.));
#2220=DIRECTION('',(-0.99518,-0.09802,0.));
#2221=AXIS2_PLACEMENT_3D('',#2218,#2219,#2220);
#2222=PLANE('',#2221);
#2223=ADVANCED_FACE('',(#2217),#2222,.T.);
#2224=CARTESIAN_POINT('',(229.28486,25.86863,323.));
#2225=VERTEX_POINT('',#2224);
#2226=DIRECTION('',(-0.95694,-0.29028,0.));
#2227=VECTOR('',#2226,5.48896);
#2228=LINE('',#2196,#2227);
#2229=EDGE_CURVE('',#2197,#2225,#2228,.T.);
#2230=ORIENTED_EDGE('',*,*,#2229,.T.);
#2231=CARTESIAN_POINT('',(229.28486,25.86863,369.));
#2232=VERTEX_POINT('',#2231);
#2233=DIRECTION('',(0.,0.,1.));
#2234=VECTOR('',#2233,46.);
#2235=LINE('',#2224,#2234);
#2236=EDGE_CURVE('',#2225,#2232,#2235,.T.);
#2237=ORIENTED_EDGE('',*,*,#2236,.T.);
#2238=DIRECTION('',(-0.95694,-0.29028,0.));
#2239=VECTOR('',#2238,5.48896);
#2240=LINE('',#2203,#2239);
#2241=EDGE_CURVE('',#2204,#2232,#2240,.T.);
#2242=ORIENTED_EDGE('',*,*,#2241,.F.);
#2243=ORIENTED_EDGE('',*,*,#2208,.F.);
#2244=EDGE_LOOP('',(#2230,#2237,#2242,#2243));
#2245=FACE_OUTER_BOUND('',#2244,.T.);
#2246=CARTESIAN_POINT('',(234.53747,27.46199,323.));
#2247=DIRECTION('',(-0.29028,0.95694,0.));
#2248=DIRECTION('',(-0.95694,-0.29028,0.));
#2249=AXIS2_PLACEMENT_3D('',#2246,#2247,#2248);
#2250=PLANE('',#2249);
#2251=ADVANCED_FACE('',(#2245),#2250,.T.);
#2252=CARTESIAN_POINT('',(224.44403,23.28115,323.));
#2253=VERTEX_POINT('',#2252);
#2254=DIRECTION('',(-0.88192,-0.4714,0.));
#2255=VECTOR('',#2254,5.48896);
#2256=LINE('',#2224,#2255);
#2257=EDGE_CURVE('',#2225,#2253,#2256,.T.);
#2258=ORIENTED_EDGE('',*,*,#2257,.T.);
#2259=CARTESIAN_POINT('',(224.44403,23.28115,369.));
#2260=VERTEX_POINT('',#2259);
#2261=DIRECTION('',(0.,0.,1.));
#2262=VECTOR('',#2261,46.);
#2263=LINE('',#2252,#2262);
#2264=EDGE_CURVE('',#2253,#2260,#2263,.T.);
#2265=ORIENTED_EDGE('',*,*,#2264,.T.);
#2266=DIRECTION('',(-0.88192,-0.4714,0.));
#2267=VECTOR('',#2266,5.48896);
#2268=LINE('',#2231,#2267);
#2269=EDGE_CURVE('',#2232,#2260,#2268,.T.);
#2270=ORIENTED_EDGE('',*,*,#2269,.F.);
#2271=ORIENTED_EDGE('',*,*,#2236,.F.);
#2272=EDGE_LOOP('',(#2258,#2265,#2270,#2271));
#2273=FACE_OUTER_BOUND('',#2272,.T.);
#2274=CARTESIAN_POINT('',(229.28486,25.86863,323.));
#2275=DIRECTION('',(-0.4714,0.88192,0.));
#2276=DIRECTION('',(-0.88192,-0.4714,0.));
#2277=AXIS2_PLACEMENT_3D('',#2274,#2275,#2276);
#2278=PLANE('',#2277);
#2279=ADVANCED_FACE('',(#2273),#2278,.T.);
#2280=CARTESIAN_POINT('',(220.20101,19.79899,323.));
#2281=VERTEX_POINT('',#2280);
#2282=DIRECTION('',(-0.77301,-0.63439,0.));
#2283=VECTOR('',#2282,5.48896);
#2284=LINE('',#2252,#2283);
#2285=EDGE_CURVE('',#2253,#2281,#2284,.T.);
#2286=ORIENTED_EDGE('',*,*,#2285,.T.);
#2287=CARTESIAN_POINT('',(220.20101,19.79899,369.));
#2288=VERTEX_POINT('',#2287);
#2289=DIRECTION('',(0.,0.,1.));
#2290=VECTOR('',#2289,46.);
#2291=LINE('',#2280,#2290);
#2292=EDGE_CURVE('',#2281,#2288,#2291,.T.);
#2293=ORIENTED_EDGE('',*,*,#2292,.T.);
#2294=DIRECTION('',(-0.77301,-0.63439,0.));
#2295=VECTOR('',#2294,5.48896);
#2296=LINE('',#2259,#2295);
#2297=EDGE_CURVE('',#2260,#2288,#2296,.T.);
#2298=ORIENTED_EDGE('',*,*,#2297,.F.);
#2299=ORIENTED_EDGE('',*,*,#2264,.F.);
#2300=EDGE_LOOP('',(#2286,#2293,#2298,#2299));
#2301=FACE_OUTER_BOUND('',#2300,.T.);
#2302=CARTESIAN_POINT('',(224.44403,23.28115,323.));
#2303=DIRECTION('',(-0.63439,0.77301,0.));
#2304=DIRECTION('',(-0.77301,-0.63439,0.));
#2305=AXIS2_PLACEMENT_3D('',#2302,#2303,#2304);
#2306=PLANE('',#2305);
#2307=ADVANCED_FACE('',(#2301),#2306,.T.);
#2308=CARTESIAN_POINT('',(216.71885,15.55597,323.));
#2309=VERTEX_POINT('',#2308);
#2310=DIRECTION('',(-0.63439,-0.77301,0.));
#2311=VECTOR('',#2310,5.48896);
#2312=LINE('',#2280,#2311);
#2313=EDGE_CURVE('',#2281,#2309,#2312,.T.);
#2314=ORIENTED_EDGE('',*,*,#2313,.T.);
#2315=CARTESIAN_POINT('',(216.71885,15.55597,369.));
#2316=VERTEX_POINT('',#2315);
#2317=DIRECTION('',(0.,0.,1.));
#2318=VECTOR('',#2317,46.);
#2319=LINE('',#2308,#2318);
#2320=EDGE_CURVE('',#2309,#2316,#2319,.T.);
#2321=ORIENTED_EDGE('',*,*,#2320,.T.);
#2322=DIRECTION('',(-0.63439,-0.77301,0.));
#2323=VECTOR('',#2322,5.48896);
#2324=LINE('',#2287,#2323);
#2325=EDGE_CURVE('',#2288,#2316,#2324,.T.);
#2326=ORIENTED_EDGE('',*,*,#2325,.F.);
#2327=ORIENTED_EDGE('',*,*,#2292,.F.);
#2328=EDGE_LOOP('',(#2314,#2321,#2326,#2327));
#2329=FACE_OUTER_BOUND('',#2328,.T.);
#2330=CARTESIAN_POINT('',(220.20101,19.79899,323.));
#2331=DIRECTION('',(-0.77301,0.63439,0.));
#2332=DIRECTION('',(-0.63439,-0.77301,0.));
#2333=AXIS2_PLACEMENT_3D('',#2330,#2331,#2332);
#2334=PLANE('',#2333);
#2335=ADVANCED_FACE('',(#2329),#2334,.T.);
#2336=CARTESIAN_POINT('',(214.13137,10.71514,323.));
#2337=VERTEX_POINT('',#2336);
#2338=DIRECTION('',(-0.4714,-0.88192,0.));
#2339=VECTOR('',#2338,5.48896);
#2340=LINE('',#2308,#2339);
#2341=EDGE_CURVE('',#2309,#2337,#2340,.T.);
#2342=ORIENTED_EDGE('',*,*,#2341,.T.);
#2343=CARTESIAN_POINT('',(214.13137,10.71514,369.));
#2344=VERTEX_POINT('',#2343);
#2345=DIRECTION('',(0.,0.,1.));
#2346=VECTOR('',#2345,46.);
#2347=LINE('',#2336,#2346);
#2348=EDGE_CURVE('',#2337,#2344,#2347,.T.);
#2349=ORIENTED_EDGE('',*,*,#2348,.T.);
#2350=DIRECTION('',(-0.4714,-0.88192,0.));
#2351=VECTOR('',#2350,5.48896);
#2352=LINE('',#2315,#2351);
#2353=EDGE_CURVE('',#2316,#2344,#2352,.T.);
#2354=ORIENTED_EDGE('',*,*,#2353,.F.);
#2355=ORIENTED_EDGE('',*,*,#2320,.F.);
#2356=EDGE_LOOP('',(#2342,#2349,#2354,#2355));
#2357=FACE_OUTER_BOUND('',#2356,.T.);
#2358=CARTESIAN_POINT('',(216.71885,15.55597,323.));
#2359=DIRECTION('',(-0.88192,0.4714,0.));
#2360=DIRECTION('',(-0.4714,-0.88192,0.));
#2361=AXIS2_PLACEMENT_3D('',#2358,#2359,#2360);
#2362=PLANE('',#2361);
#2363=ADVANCED_FACE('',(#2357),#2362,.T.);
#2364=CARTESIAN_POINT('',(212.53801,5.46253,323.));
#2365=VERTEX_POINT('',#2364);
#2366=DIRECTION('',(-0.29028,-0.95694,0.));
#2367=VECTOR('',#2366,5.48896);
#2368=LINE('',#2336,#2367);
#2369=EDGE_CURVE('',#2337,#2365,#2368,.T.);
#2370=ORIENTED_EDGE('',*,*,#2369,.T.);
#2371=CARTESIAN_POINT('',(212.53801,5.46253,369.));
#2372=VERTEX_POINT('',#2371);
#2373=DIRECTION('',(0.,0.,1.));
#2374=VECTOR('',#2373,46.);
#2375=LINE('',#2364,#2374);
#2376=EDGE_CURVE('',#2365,#2372,#2375,.T.);
#2377=ORIENTED_EDGE('',*,*,#2376,.T.);
#2378=DIRECTION('',(-0.29028,-0.95694,0.));
#2379=VECTOR('',#2378,5.48896);
#2380=LINE('',#2343,#2379);
#2381=EDGE_CURVE('',#2344,#2372,#2380,.T.);
#2382=ORIENTED_EDGE('',*,*,#2381,.F.);
#2383=ORIENTED_EDGE('',*,*,#2348,.F.);
#2384=EDGE_LOOP('',(#2370,#2377,#2382,#2383));
#2385=FACE_OUTER_BOUND('',#2384,.T.);
#2386=CARTESIAN_POINT('',(214.13137,10.71514,323.));
#2387=DIRECTION('',(-0.95694,0.29028,0.));
#2388=DIRECTION('',(-0.29028,-0.95694,0.));
#2389=AXIS2_PLACEMENT_3D('',#2386,#2387,#2388);
#2390=PLANE('',#2389);
#2391=ADVANCED_FACE('',(#2385),#2390,.T.);
#2392=CARTESIAN_POINT('',(212.,0.,323.));
#2393=VERTEX_POINT('',#2392);
#2394=DIRECTION('',(-0.09802,-0.99518,0.));
#2395=VECTOR('',#2394,5.48896);
#2396=LINE('',#2364,#2395);
#2397=EDGE_CURVE('',#2365,#2393,#2396,.T.);
#2398=ORIENTED_EDGE('',*,*,#2397,.T.);
#2399=CARTESIAN_POINT('',(212.,0.,369.));
#2400=VERTEX_POINT('',#2399);
#2401=DIRECTION('',(0.,0.,1.));
#2402=VECTOR('',#2401,46.);
#2403=LINE('',#2392,#2402);
#2404=EDGE_CURVE('',#2393,#2400,#2403,.T.);
#2405=ORIENTED_EDGE('',*,*,#2404,.T.);
#2406=DIRECTION('',(-0.09802,-0.99518,0.));
#2407=VECTOR('',#2406,5.48896);
#2408=LINE('',#2371,#2407);
#2409=EDGE_CURVE('',#2372,#2400,#2408,.T.);
#2410=ORIENTED_EDGE('',*,*,#2409,.F.);
#2411=ORIENTED_EDGE('',*,*,#2376,.F.);
#2412=EDGE_LOOP('',(#2398,#2405,#2410,#2411));
#2413=FACE_OUTER_BOUND('',#2412,.T.);
#2414=CARTESIAN_POINT('',(212.53801,5.46253,323.));
#2415=DIRECTION('',(-0.99518,0.09802,0.));
#2416=DIRECTION('',(-0.09802,-0.99518,0.));
#2417=AXIS2_PLACEMENT_3D('',#2414,#2415,#2416);
#2418=PLANE('',#2417);
#2419=ADVANCED_FACE('',(#2413),#2418,.T.);
#2420=CARTESIAN_POINT('',(212.53801,-5.46253,323.));
#2421=VERTEX_POINT('',#2420);
#2422=DIRECTION('',(0.09802,-0.99518,0.));
#2423=VECTOR('',#2422,5.48896);
#2424=LINE('',#2392,#2423);
#2425=EDGE_CURVE('',#2393,#2421,#2424,.T.);
#2426=ORIENTED_EDGE('',*,*,#2425,.T.);
#2427=CARTESIAN_POINT('',(212.53801,-5.46253,369.));
#2428=VERTEX_POINT('',#2427);
#2429=DIRECTION('',(0.,0.,1.));
#2430=VECTOR('',#2429,46.);
#2431=LINE('',#2420,#2430);
#2432=EDGE_CURVE('',#2421,#2428,#2431,.T.);
#2433=ORIENTED_EDGE('',*,*,#2432,.T.);
#2434=DIRECTION('',(0.09802,-0.99518,0.));
#2435=VECTOR('',#2434,5.48896);
#2436=LINE('',#2399,#2435);
#2437=EDGE_CURVE('',#2400,#2428,#2436,.T.);
#2438=ORIENTED_EDGE('',*,*,#2437,.F.);
#2439=ORIENTED_EDGE('',*,*,#2404,.F.);
#2440=EDGE_LOOP('',(#2426,#2433,#2438,#2439));
#2441=FACE_OUTER_BOUND('',#2440,.T.);
#2442=CARTESIAN_POINT('',(212.,0.,323.));
#2443=DIRECTION('',(-0.99518,-0.09802,0.));
#2444=DIRECTION('',(0.09802,-0.99518,0.));
#2445=AXIS2_PLACEMENT_3D('',#2442,#2443,#2444);
#2446=PLANE('',#2445);
#2447=ADVANCED_FACE('',(#2441),#2446,.T.);
#2448=CARTESIAN_POINT('',(214.13137,-10.71514,323.));
#2449=VERTEX_POINT('',#2448);
#2450=DIRECTION('',(0.29028,-0.95694,0.));
#2451=VECTOR('',#2450,5.48896);
#2452=LINE('',#2420,#2451);
#2453=EDGE_CURVE('',#2421,#2449,#2452,.T.);
#2454=ORIENTED_EDGE('',*,*,#2453,.T.);
#2455=CARTESIAN_POINT('',(214.13137,-10.71514,369.));
#2456=VERTEX_POINT('',#2455);
#2457=DIRECTION('',(0.,0.,1.));
#2458=VECTOR('',#2457,46.);
#2459=LINE('',#2448,#2458);
#2460=EDGE_CURVE('',#2449,#2456,#2459,.T.);
#2461=ORIENTED_EDGE('',*,*,#2460,.T.);
#2462=DIRECTION('',(0.29028,-0.95694,0.));
#2463=VECTOR('',#2462,5.48896);
#2464=LINE('',#2427,#2463);
#2465=EDGE_CURVE('',#2428,#2456,#2464,.T.);
#2466=ORIENTED_EDGE('',*,*,#2465,.F.);
#2467=ORIENTED_EDGE('',*,*,#2432,.F.);
#2468=EDGE_LOOP('',(#2454,#2461,#2466,#2467));
#2469=FACE_OUTER_BOUND('',#2468,.T.);
#2470=CARTESIAN_POINT('',(212.53801,-5.46253,323.));
#2471=DIRECTION('',(-0.95694,-0.29028,0.));
#2472=DIRECTION('',(0.29028,-0.95694,0.));
#2473=AXIS2_PLACEMENT_3D('',#2470,#2471,#2472);
#2474=PLANE('',#2473);
#2475=ADVANCED_FACE('',(#2469),#2474,.T.);
#2476=CARTESIAN_POINT('',(216.71885,-15.55597,323.));
#2477=VERTEX_POINT('',#2476);
#2478=DIRECTION('',(0.4714,-0.88192,0.));
#2479=VECTOR('',#2478,5.48896);
#2480=LINE('',#2448,#2479);
#2481=EDGE_CURVE('',#2449,#2477,#2480,.T.);
#2482=ORIENTED_EDGE('',*,*,#2481,.T.);
#2483=CARTESIAN_POINT('',(216.71885,-15.55597,369.));
#2484=VERTEX_POINT('',#2483);
#2485=DIRECTION('',(0.,0.,1.));
#2486=VECTOR('',#2485,46.);
#2487=LINE('',#2476,#2486);
#2488=EDGE_CURVE('',#2477,#2484,#2487,.T.);
#2489=ORIENTED_EDGE('',*,*,#2488,.T.);
#2490=DIRECTION('',(0.4714,-0.88192,0.));
#2491=VECTOR('',#2490,5.48896);
#2492=LINE('',#2455,#2491);
#2493=EDGE_CURVE('',#2456,#2484,#2492,.T.);
#2494=ORIENTED_EDGE('',*,*,#2493,.F.);
#2495=ORIENTED_EDGE('',*,*,#2460,.F.);
#2496=EDGE_LOOP('',(#2482,#2489,#2494,#2495));
#2497=FACE_OUTER_BOUND('',#2496,.T.);
#2498=CARTESIAN_POINT('',(214.13137,-10.71514,323.));
#2499=DIRECTION('',(-0.88192,-0.4714,0.));
#2500=DIRECTION('',(0.4714,-0.88192,0.));
#2501=AXIS2_PLACEMENT_3D('',#2498,#2499,#2500);
#2502=PLANE('',#2501);
#2503=ADVANCED_FACE('',(#2497),#2502,.T.);
#2504=CARTESIAN_POINT('',(220.20101,-19.79899,323.));
#2505=VERTEX_POINT('',#2504);
#2506=DIRECTION('',(0.63439,-0.77301,0.));
#2507=VECTOR('',#2506,5.48896);
#2508=LINE('',#2476,#2507);
#2509=EDGE_CURVE('',#2477,#2505,#2508,.T.);
#2510=ORIENTED_EDGE('',*,*,#2509,.T.);
#2511=CARTESIAN_POINT('',(220.20101,-19.79899,369.));
#2512=VERTEX_POINT('',#2511);
#2513=DIRECTION('',(0.,0.,1.));
#2514=VECTOR('',#2513,46.);
#2515=LINE('',#2504,#2514);
#2516=EDGE_CURVE('',#2505,#2512,#2515,.T.);
#2517=ORIENTED_EDGE('',*,*,#2516,.T.);
#2518=DIRECTION('',(0.63439,-0.77301,0.));
#2519=VECTOR('',#2518,5.48896);
#2520=LINE('',#2483,#2519);
#2521=EDGE_CURVE('',#2484,#2512,#2520,.T.);
#2522=ORIENTED_EDGE('',*,*,#2521,.F.);
#2523=ORIENTED_EDGE('',*,*,#2488,.F.);
#2524=EDGE_LOOP('',(#2510,#2517,#2522,#2523));
#2525=FACE_OUTER_BOUND('',#2524,.T.);
#2526=CARTESIAN_POINT('',(216.71885,-15.55597,323.));
#2527=DIRECTION('',(-0.77301,-0.63439,0.));
#2528=DIRECTION('',(0.63439,-0.77301,0.));
#2529=AXIS2_PLACEMENT_3D('',#2526,#2527,#2528);
#2530=PLANE('',#2529);
#2531=ADVANCED_FACE('',(#2525),#2530,.T.);
#2532=CARTESIAN_POINT('',(224.44403,-23.28115,323.));
#2533=VERTEX_POINT('',#2532);
#2534=DIRECTION('',(0.77301,-0.63439,0.));
#2535=VECTOR('',#2534,5.48896);
#2536=LINE('',#2504,#2535);
#2537=EDGE_CURVE('',#2505,#2533,#2536,.T.);
#2538=ORIENTED_EDGE('',*,*,#2537,.T.);
#2539=CARTESIAN_POINT('',(224.44403,-23.28115,369.));
#2540=VERTEX_POINT('',#2539);
#2541=DIRECTION('',(0.,0.,1.));
#2542=VECTOR('',#2541,46.);
#2543=LINE('',#2532,#2542);
#2544=EDGE_CURVE('',#2533,#2540,#2543,.T.);
#2545=ORIENTED_EDGE('',*,*,#2544,.T.);
#2546=DIRECTION('',(0.77301,-0.63439,0.));
#2547=VECTOR('',#2546,5.48896);
#2548=LINE('',#2511,#2547);
#2549=EDGE_CURVE('',#2512,#2540,#2548,.T.);
#2550=ORIENTED_EDGE('',*,*,#2549,.F.);
#2551=ORIENTED_EDGE('',*,*,#2516,.F.);
#2552=EDGE_LOOP('',(#2538,#2545,#2550,#2551));
#2553=FACE_OUTER_BOUND('',#2552,.T.);
#2554=CARTESIAN_POINT('',(220.20101,-19.79899,323.));
#2555=DIRECTION('',(-0.63439,-0.77301,0.));
#2556=DIRECTION('',(0.77301,-0.63439,0.));
#2557=AXIS2_PLACEMENT_3D('',#2554,#2555,#2556);
#2558=PLANE('',#2557);
#2559=ADVANCED_FACE('',(#2553),#2558,.T.);
#2560=CARTESIAN_POINT('',(229.28486,-25.86863,323.));
#2561=VERTEX_POINT('',#2560);
#2562=DIRECTION('',(0.88192,-0.4714,0.));
#2563=VECTOR('',#2562,5.48896);
#2564=LINE('',#2532,#2563);
#2565=EDGE_CURVE('',#2533,#2561,#2564,.T.);
#2566=ORIENTED_EDGE('',*,*,#2565,.T.);
#2567=CARTESIAN_POINT('',(229.28486,-25.86863,369.));
#2568=VERTEX_POINT('',#2567);
#2569=DIRECTION('',(0.,0.,1.));
#2570=VECTOR('',#2569,46.);
#2571=LINE('',#2560,#2570);
#2572=EDGE_CURVE('',#2561,#2568,#2571,.T.);
#2573=ORIENTED_EDGE('',*,*,#2572,.T.);
#2574=DIRECTION('',(0.88192,-0.4714,0.));
#2575=VECTOR('',#2574,5.48896);
#2576=LINE('',#2539,#2575);
#2577=EDGE_CURVE('',#2540,#2568,#2576,.T.);
#2578=ORIENTED_EDGE('',*,*,#2577,.F.);
#2579=ORIENTED_EDGE('',*,*,#2544,.F.);
#2580=EDGE_LOOP('',(#2566,#2573,#2578,#2579));
#2581=FACE_OUTER_BOUND('',#2580,.T.);
#2582=CARTESIAN_POINT('',(224.44403,-23.28115,323.));
#2583=DIRECTION('',(-0.4714,-0.88192,0.));
#2584=DIRECTION('',(0.88192,-0.4714,0.));
#2585=AXIS2_PLACEMENT_3D('',#2582,#2583,#2584);
#2586=PLANE('',#2585);
#2587=ADVANCED_FACE('',(#2581),#2586,.T.);
#2588=CARTESIAN_POINT('',(234.53747,-27.46199,323.));
#2589=VERTEX_POINT('',#2588);
#2590=DIRECTION('',(0.95694,-0.29028,0.));
#2591=VECTOR('',#2590,5.48896);
#2592=LINE('',#2560,#2591);
#2593=EDGE_CURVE('',#2561,#2589,#2592,.T.);
#2594=ORIENTED_EDGE('',*,*,#2593,.T.);
#2595=CARTESIAN_POINT('',(234.53747,-27.46199,369.));
#2596=VERTEX_POINT('',#2595);
#2597=DIRECTION('',(0.,0.,1.));
#2598=VECTOR('',#2597,46.);
#2599=LINE('',#2588,#2598);
#2600=EDGE_CURVE('',#2589,#2596,#2599,.T.);
#2601=ORIENTED_EDGE('',*,*,#2600,.T.);
#2602=DIRECTION('',(0.95694,-0.29028,0.));
#2603=VECTOR('',#2602,5.48896);
#2604=LINE('',#2567,#2603);
#2605=EDGE_CURVE('',#2568,#2596,#2604,.T.);
#2606=ORIENTED_EDGE('',*,*,#2605,.F.);
#2607=ORIENTED_EDGE('',*,*,#2572,.F.);
#2608=EDGE_LOOP('',(#2594,#2601,#2606,#2607));
#2609=FACE_OUTER_BOUND('',#2608,.T.);
#2610=CARTESIAN_POINT('',(229.28486,-25.86863,323.));
#2611=DIRECTION('',(-0.29028,-0.95694,0.));
#2612=DIRECTION('',(0.95694,-0.29028,0.));
#2613=AXIS2_PLACEMENT_3D('',#2610,#2611,#2612);
#2614=PLANE('',#2613);
#2615=ADVANCED_FACE('',(#2609),#2614,.T.);
#2616=CARTESIAN_POINT('',(240.,-28.,323.));
#2617=VERTEX_POINT('',#2616);
#2618=DIRECTION('',(0.99518,-0.09802,0.));
#2619=VECTOR('',#2618,5.48896);
#2620=LINE('',#2588,#2619);
#2621=EDGE_CURVE('',#2589,#2617,#2620,.T.);
#2622=ORIENTED_EDGE('',*,*,#2621,.T.);
#2623=CARTESIAN_POINT('',(240.,-28.,369.));
#2624=VERTEX_POINT('',#2623);
#2625=DIRECTION('',(0.,0.,1.));
#2626=VECTOR('',#2625,46.);
#2627=LINE('',#2616,#2626);
#2628=EDGE_CURVE('',#2617,#2624,#2627,.T.);
#2629=ORIENTED_EDGE('',*,*,#2628,.T.);
#2630=DIRECTION('',(0.99518,-0.09802,0.));
#2631=VECTOR('',#2630,5.48896);
#2632=LINE('',#2595,#2631);
#2633=EDGE_CURVE('',#2596,#2624,#2632,.T.);
#2634=ORIENTED_EDGE('',*,*,#2633,.F.);
#2635=ORIENTED_EDGE('',*,*,#2600,.F.);
#2636=EDGE_LOOP('',(#2622,#2629,#2634,#2635));
#2637=FACE_OUTER_BOUND('',#2636,.T.);
#2638=CARTESIAN_POINT('',(234.53747,-27.46199,323.));
#2639=DIRECTION('',(-0.09802,-0.99518,0.));
#2640=DIRECTION('',(0.99518,-0.09802,0.));
#2641=AXIS2_PLACEMENT_3D('',#2638,#2639,#2640);
#2642=PLANE('',#2641);
#2643=ADVANCED_FACE('',(#2637),#2642,.T.);
#2644=CARTESIAN_POINT('',(245.46253,-27.46199,323.));
#2645=VERTEX_POINT('',#2644);
#2646=DIRECTION('',(0.99518,0.09802,0.));
#2647=VECTOR('',#2646,5.48896);
#2648=LINE('',#2616,#2647);
#2649=EDGE_CURVE('',#2617,#2645,#2648,.T.);
#2650=ORIENTED_EDGE('',*,*,#2649,.T.);
#2651=CARTESIAN_POINT('',(245.46253,-27.46199,369.));
#2652=VERTEX_POINT('',#2651);
#2653=DIRECTION('',(0.,0.,1.));
#2654=VECTOR('',#2653,46.);
#2655=LINE('',#2644,#2654);
#2656=EDGE_CURVE('',#2645,#2652,#2655,.T.);
#2657=ORIENTED_EDGE('',*,*,#2656,.T.);
#2658=DIRECTION('',(0.99518,0.09802,0.));
#2659=VECTOR('',#2658,5.48896);
#2660=LINE('',#2623,#2659);
#2661=EDGE_CURVE('',#2624,#2652,#2660,.T.);
#2662=ORIENTED_EDGE('',*,*,#2661,.F.);
#2663=ORIENTED_EDGE('',*,*,#2628,.F.);
#2664=EDGE_LOOP('',(#2650,#2657,#2662,#2663));
#2665=FACE_OUTER_BOUND('',#2664,.T.);
#2666=CARTESIAN_POINT('',(240.,-28.,323.));
#2667=DIRECTION('',(0.09802,-0.99518,0.));
#2668=DIRECTION('',(0.99518,0.09802,0.));
#2669=AXIS2_PLACEMENT_3D('',#2666,#2667,#2668);
#2670=PLANE('',#2669);
#2671=ADVANCED_FACE('',(#2665),#2670,.T.);
#2672=CARTESIAN_POINT('',(250.71514,-25.86863,323.));
#2673=VERTEX_POINT('',#2672);
#2674=DIRECTION('',(0.95694,0.29028,0.));
#2675=VECTOR('',#2674,5.48896);
#2676=LINE('',#2644,#2675);
#2677=EDGE_CURVE('',#2645,#2673,#2676,.T.);
#2678=ORIENTED_EDGE('',*,*,#2677,.T.);
#2679=CARTESIAN_POINT('',(250.71514,-25.86863,369.));
#2680=VERTEX_POINT('',#2679);
#2681=DIRECTION('',(0.,0.,1.));
#2682=VECTOR('',#2681,46.);
#2683=LINE('',#2672,#2682);
#2684=EDGE_CURVE('',#2673,#2680,#2683,.T.);
#2685=ORIENTED_EDGE('',*,*,#2684,.T.);
#2686=DIRECTION('',(0.95694,0.29028,0.));
#2687=VECTOR('',#2686,5.48896);
#2688=LINE('',#2651,#2687);
#2689=EDGE_CURVE('',#2652,#2680,#2688,.T.);
#2690=ORIENTED_EDGE('',*,*,#2689,.F.);
#2691=ORIENTED_EDGE('',*,*,#2656,.F.);
#2692=EDGE_LOOP('',(#2678,#2685,#2690,#2691));
#2693=FACE_OUTER_BOUND('',#2692,.T.);
#2694=CARTESIAN_POINT('',(245.46253,-27.46199,323.));
#2695=DIRECTION('',(0.29028,-0.95694,0.));
#2696=DIRECTION('',(0.95694,0.29028,0.));
#2697=AXIS2_PLACEMENT_3D('',#2694,#2695,#2696);
#2698=PLANE('',#2697);
#2699=ADVANCED_FACE('',(#2693),#2698,.T.);
#2700=CARTESIAN_POINT('',(255.55597,-23.28115,323.));
#2701=VERTEX_POINT('',#2700);
#2702=DIRECTION('',(0.88192,0.4714,0.));
#2703=VECTOR('',#2702,5.48896);
#2704=LINE('',#2672,#2703);
#2705=EDGE_CURVE('',#2673,#2701,#2704,.T.);
#2706=ORIENTED_EDGE('',*,*,#2705,.T.);
#2707=CARTESIAN_POINT('',(255.55597,-23.28115,369.));
#2708=VERTEX_POINT('',#2707);
#2709=DIRECTION('',(0.,0.,1.));
#2710=VECTOR('',#2709,46.);
#2711=LINE('',#2700,#2710);
#2712=EDGE_CURVE('',#2701,#2708,#2711,.T.);
#2713=ORIENTED_EDGE('',*,*,#2712,.T.);
#2714=DIRECTION('',(0.88192,0.4714,0.));
#2715=VECTOR('',#2714,5.48896);
#2716=LINE('',#2679,#2715);
#2717=EDGE_CURVE('',#2680,#2708,#2716,.T.);
#2718=ORIENTED_EDGE('',*,*,#2717,.F.);
#2719=ORIENTED_EDGE('',*,*,#2684,.F.);
#2720=EDGE_LOOP('',(#2706,#2713,#2718,#2719));
#2721=FACE_OUTER_BOUND('',#2720,.T.);
#2722=CARTESIAN_POINT('',(250.71514,-25.86863,323.));
#2723=DIRECTION('',(0.4714,-0.88192,0.));
#2724=DIRECTION('',(0.88192,0.4714,0.));
#2725=AXIS2_PLACEMENT_3D('',#2722,#2723,#2724);
#2726=PLANE('',#2725);
#2727=ADVANCED_FACE('',(#2721),#2726,.T.);
#2728=CARTESIAN_POINT('',(259.79899,-19.79899,323.));
#2729=VERTEX_POINT('',#2728);
#2730=DIRECTION('',(0.77301,0.63439,0.));
#2731=VECTOR('',#2730,5.48896);
#2732=LINE('',#2700,#2731);
#2733=EDGE_CURVE('',#2701,#2729,#2732,.T.);
#2734=ORIENTED_EDGE('',*,*,#2733,.T.);
#2735=CARTESIAN_POINT('',(259.79899,-19.79899,369.));
#2736=VERTEX_POINT('',#2735);
#2737=DIRECTION('',(0.,0.,1.));
#2738=VECTOR('',#2737,46.);
#2739=LINE('',#2728,#2738);
#2740=EDGE_CURVE('',#2729,#2736,#2739,.T.);
#2741=ORIENTED_EDGE('',*,*,#2740,.T.);
#2742=DIRECTION('',(0.77301,0.63439,0.));
#2743=VECTOR('',#2742,5.48896);
#2744=LINE('',#2707,#2743);
#2745=EDGE_CURVE('',#2708,#2736,#2744,.T.);
#2746=ORIENTED_EDGE('',*,*,#2745,.F.);
#2747=ORIENTED_EDGE('',*,*,#2712,.F.);
#2748=EDGE_LOOP('',(#2734,#2741,#2746,#2747));
#2749=FACE_OUTER_BOUND('',#2748,.T.);
#2750=CARTESIAN_POINT('',(255.55597,-23.28115,323.));
#2751=DIRECTION('',(0.63439,-0.77301,0.));
#2752=DIRECTION('',(0.77301,0.63439,0.));
#2753=AXIS2_PLACEMENT_3D('',#2750,#2751,#2752);
#2754=PLANE('',#2753);
#2755=ADVANCED_FACE('',(#2749),#2754,.T.);
#2756=CARTESIAN_POINT('',(263.28115,-15.55597,323.));
#2757=VERTEX_POINT('',#2756);
#2758=DIRECTION('',(0.63439,0.77301,0.));
#2759=VECTOR('',#2758,5.48896);
#2760=LINE('',#2728,#2759);
#2761=EDGE_CURVE('',#2729,#2757,#2760,.T.);
#2762=ORIENTED_EDGE('',*,*,#2761,.T.);
#2763=CARTESIAN_POINT('',(263.28115,-15.55597,369.));
#2764=VERTEX_POINT('',#2763);
#2765=DIRECTION('',(0.,0.,1.));
#2766=VECTOR('',#2765,46.);
#2767=LINE('',#2756,#2766);
#2768=EDGE_CURVE('',#2757,#2764,#2767,.T.);
#2769=ORIENTED_EDGE('',*,*,#2768,.T.);
#2770=DIRECTION('',(0.63439,0.77301,0.));
#2771=VECTOR('',#2770,5.48896);
#2772=LINE('',#2735,#2771);
#2773=EDGE_CURVE('',#2736,#2764,#2772,.T.);
#2774=ORIENTED_EDGE('',*,*,#2773,.F.);
#2775=ORIENTED_EDGE('',*,*,#2740,.F.);
#2776=EDGE_LOOP('',(#2762,#2769,#2774,#2775));
#2777=FACE_OUTER_BOUND('',#2776,.T.);
#2778=CARTESIAN_POINT('',(259.79899,-19.79899,323.));
#2779=DIRECTION('',(0.77301,-0.63439,0.));
#2780=DIRECTION('',(0.63439,0.77301,0.));
#2781=AXIS2_PLACEMENT_3D('',#2778,#2779,#2780);
#2782=PLANE('',#2781);
#2783=ADVANCED_FACE('',(#2777),#2782,.T.);
#2784=CARTESIAN_POINT('',(265.86863,-10.71514,323.));
#2785=VERTEX_POINT('',#2784);
#2786=DIRECTION('',(0.4714,0.88192,0.));
#2787=VECTOR('',#2786,5.48896);
#2788=LINE('',#2756,#2787);
#2789=EDGE_CURVE('',#2757,#2785,#2788,.T.);
#2790=ORIENTED_EDGE('',*,*,#2789,.T.);
#2791=CARTESIAN_POINT('',(265.86863,-10.71514,369.));
#2792=VERTEX_POINT('',#2791);
#2793=DIRECTION('',(0.,0.,1.));
#2794=VECTOR('',#2793,46.);
#2795=LINE('',#2784,#2794);
#2796=EDGE_CURVE('',#2785,#2792,#2795,.T.);
#2797=ORIENTED_EDGE('',*,*,#2796,.T.);
#2798=DIRECTION('',(0.4714,0.88192,0.));
#2799=VECTOR('',#2798,5.48896);
#2800=LINE('',#2763,#2799);
#2801=EDGE_CURVE('',#2764,#2792,#2800,.T.);
#2802=ORIENTED_EDGE('',*,*,#2801,.F.);
#2803=ORIENTED_EDGE('',*,*,#2768,.F.);
#2804=EDGE_LOOP('',(#2790,#2797,#2802,#2803));
#2805=FACE_OUTER_BOUND('',#2804,.T.);
#2806=CARTESIAN_POINT('',(263.28115,-15.55597,323.));
#2807=DIRECTION('',(0.88192,-0.4714,0.));
#2808=DIRECTION('',(0.4714,0.88192,0.));
#2809=AXIS2_PLACEMENT_3D('',#2806,#2807,#2808);
#2810=PLANE('',#2809);
#2811=ADVANCED_FACE('',(#2805),#2810,.T.);
#2812=CARTESIAN_POINT('',(267.46199,-5.46253,323.));
#2813=VERTEX_POINT('',#2812);
#2814=DIRECTION('',(0.29028,0.95694,0.));
#2815=VECTOR('',#2814,5.48896);
#2816=LINE('',#2784,#2815);
#2817=EDGE_CURVE('',#2785,#2813,#2816,.T.);
#2818=ORIENTED_EDGE('',*,*,#2817,.T.);
#2819=CARTESIAN_POINT('',(267.46199,-5.46253,369.));
#2820=VERTEX_POINT('',#2819);
#2821=DIRECTION('',(0.,0.,1.));
#2822=VECTOR('',#2821,46.);
#2823=LINE('',#2812,#2822);
#2824=EDGE_CURVE('',#2813,#2820,#2823,.T.);
#2825=ORIENTED_EDGE('',*,*,#2824,.T.);
#2826=DIRECTION('',(0.29028,0.95694,0.));
#2827=VECTOR('',#2826,5.48896);
#2828=LINE('',#2791,#2827);
#2829=EDGE_CURVE('',#2792,#2820,#2828,.T.);
#2830=ORIENTED_EDGE('',*,*,#2829,.F.);
#2831=ORIENTED_EDGE('',*,*,#2796,.F.);
#2832=EDGE_LOOP('',(#2818,#2825,#2830,#2831));
#2833=FACE_OUTER_BOUND('',#2832,.T.);
#2834=CARTESIAN_POINT('',(265.86863,-10.71514,323.));
#2835=DIRECTION('',(0.95694,-0.29028,0.));
#2836=DIRECTION('',(0.29028,0.95694,0.));
#2837=AXIS2_PLACEMENT_3D('',#2834,#2835,#2836);
#2838=PLANE('',#2837);
#2839=ADVANCED_FACE('',(#2833),#2838,.T.);
#2840=DIRECTION('',(-0.09802,-0.99518,0.));
#2841=VECTOR('',#2840,5.48896);
#2842=LINE('',#1964,#2841);
#2843=EDGE_CURVE('',#1965,#2813,#2842,.T.);
#2844=ORIENTED_EDGE('',*,*,#2843,.F.);
#2845=ORIENTED_EDGE('',*,*,#1990,.T.);
#2846=DIRECTION('',(-0.09802,-0.99518,0.));
#2847=VECTOR('',#2846,5.48896);
#2848=LINE('',#1980,#2847);
#2849=EDGE_CURVE('',#1981,#2820,#2848,.T.);
#2850=ORIENTED_EDGE('',*,*,#2849,.T.);
#2851=ORIENTED_EDGE('',*,*,#2824,.F.);
#2852=EDGE_LOOP('',(#2844,#2845,#2850,#2851));
#2853=FACE_OUTER_BOUND('',#2852,.T.);
#2854=CARTESIAN_POINT('',(267.46199,-5.46253,323.));
#2855=DIRECTION('',(0.99518,-0.09802,0.));
#2856=DIRECTION('',(0.09802,0.99518,0.));
#2857=AXIS2_PLACEMENT_3D('',#2854,#2855,#2856);
#2858=PLANE('',#2857);
#2859=ADVANCED_FACE('',(#2853),#2858,.T.);
#2860=ORIENTED_EDGE('',*,*,#2817,.F.);
#2861=ORIENTED_EDGE('',*,*,#2789,.F.);
#2862=ORIENTED_EDGE('',*,*,#2761,.F.);
#2863=ORIENTED_EDGE('',*,*,#2733,.F.);
#2864=ORIENTED_EDGE('',*,*,#2705,.F.);
#2865=ORIENTED_EDGE('',*,*,#2677,.F.);
#2866=ORIENTED_EDGE('',*,*,#2649,.F.);
#2867=ORIENTED_EDGE('',*,*,#2621,.F.);
#2868=ORIENTED_EDGE('',*,*,#2593,.F.);
#2869=ORIENTED_EDGE('',*,*,#2565,.F.);
#2870=ORIENTED_EDGE('',*,*,#2537,.F.);
#2871=ORIENTED_EDGE('',*,*,#2509,.F.);
#2872=ORIENTED_EDGE('',*,*,#2481,.F.);
#2873=ORIENTED_EDGE('',*,*,#2453,.F.);
#2874=ORIENTED_EDGE('',*,*,#2425,.F.);
#2875=ORIENTED_EDGE('',*,*,#2397,.F.);
#2876=ORIENTED_EDGE('',*,*,#2369,.F.);
#2877=ORIENTED_EDGE('',*,*,#2341,.F.);
#2878=ORIENTED_EDGE('',*,*,#2313,.F.);
#2879=ORIENTED_EDGE('',*,*,#2285,.F.);
#2880=ORIENTED_EDGE('',*,*,#2257,.F.);
#2881=ORIENTED_EDGE('',*,*,#2229,.F.);
#2882=ORIENTED_EDGE('',*,*,#2201,.F.);
#2883=ORIENTED_EDGE('',*,*,#2173,.F.);
#2884=ORIENTED_EDGE('',*,*,#2145,.F.);
#2885=ORIENTED_EDGE('',*,*,#2117,.F.);
#2886=ORIENTED_EDGE('',*,*,#2089,.F.);
#2887=ORIENTED_EDGE('',*,*,#2061,.F.);
#2888=ORIENTED_EDGE('',*,*,#2033,.F.);
#2889=ORIENTED_EDGE('',*,*,#2005,.F.);
#2890=ORIENTED_EDGE('',*,*,#1971,.F.);
#2891=ORIENTED_EDGE('',*,*,#2843,.T.);
#2892=EDGE_LOOP('',(#2860,#2861,#2862,#2863,#2864,#2865,#2866,#2867,#2868,#2869,#2870,#2871,#2872,#2873,#2874,#2875,#2876,#2877,#2878,#2879,#2880,#2881,#2882,#2883,#2884,#2885,#2886,#2887,#2888,#2889,#2890,#2891));
#2893=FACE_OUTER_BOUND('',#2892,.T.);
#2894=CARTESIAN_POINT('',(267.46199,-5.46253,323.));
#2895=DIRECTION('',(0.,0.,-1.));
#2896=DIRECTION('',(-0.29028,-0.95694,0.));
#2897=AXIS2_PLACEMENT_3D('',#2894,#2895,#2896);
#2898=PLANE('',#2897);
#2899=ADVANCED_FACE('',(#2893),#2898,.T.);
#2900=ORIENTED_EDGE('',*,*,#1985,.T.);
#2901=ORIENTED_EDGE('',*,*,#2017,.T.);
#2902=ORIENTED_EDGE('',*,*,#2045,.T.);
#2903=ORIENTED_EDGE('',*,*,#2073,.T.);
#2904=ORIENTED_EDGE('',*,*,#2101,.T.);
#2905=ORIENTED_EDGE('',*,*,#2129,.T.);
#2906=ORIENTED_EDGE('',*,*,#2157,.T.);
#2907=ORIENTED_EDGE('',*,*,#2185,.T.);
#2908=ORIENTED_EDGE('',*,*,#2213,.T.);
#2909=ORIENTED_EDGE('',*,*,#2241,.T.);
#2910=ORIENTED_EDGE('',*,*,#2269,.T.);
#2911=ORIENTED_EDGE('',*,*,#2297,.T.);
#2912=ORIENTED_EDGE('',*,*,#2325,.T.);
#2913=ORIENTED_EDGE('',*,*,#2353,.T.);
#2914=ORIENTED_EDGE('',*,*,#2381,.T.);
#2915=ORIENTED_EDGE('',*,*,#2409,.T.);
#2916=ORIENTED_EDGE('',*,*,#2437,.T.);
#2917=ORIENTED_EDGE('',*,*,#2465,.T.);
#2918=ORIENTED_EDGE('',*,*,#2493,.T.);
#2919=ORIENTED_EDGE('',*,*,#2521,.T.);
#2920=ORIENTED_EDGE('',*,*,#2549,.T.);
#2921=ORIENTED_EDGE('',*,*,#2577,.T.);
#2922=ORIENTED_EDGE('',*,*,#2605,.T.);
#2923=ORIENTED_EDGE('',*,*,#2633,.T.);
#2924=ORIENTED_EDGE('',*,*,#2661,.T.);
#2925=ORIENTED_EDGE('',*,*,#2689,.T.);
#2926=ORIENTED_EDGE('',*,*,#2717,.T.);
#2927=ORIENTED_EDGE('',*,*,#2745,.T.);
#2928=ORIENTED_EDGE('',*,*,#2773,.T.);
#2929=ORIENTED_EDGE('',*,*,#2801,.T.);
#2930=ORIENTED_EDGE('',*,*,#2829,.T.);
#2931=ORIENTED_EDGE('',*,*,#2849,.F.);
#2932=EDGE_LOOP('',(#2900,#2901,#2902,#2903,#2904,#2905,#2906,#2907,#2908,#2909,#2910,#2911,#2912,#2913,#2914,#2915,#2916,#2917,#2918,#2919,#2920,#2921,#2922,#2923,#2924,#2925,#2926,#2927,#2928,#2929,#2930,#2931));
#2933=FACE_OUTER_BOUND('',#2932,.T.);
#2934=CARTESIAN_POINT('',(268.,0.,369.));
#2935=DIRECTION('',(0.,0.,1.));
#2936=DIRECTION('',(-0.09802,0.99518,0.));
#2937=AXIS2_PLACEMENT_3D('',#2934,#2935,#2936);
#2938=PLANE('',#2937);
#2939=ADVANCED_FACE('',(#2933),#2938,.T.);
#2940=CLOSED_SHELL('',(#1999,#2027,#2055,#2083,#2111,#2139,#2167,#2195,#2223,#2251,#2279,#2307,#2335,#2363,#2391,#2419,#2447,#2475,#2503,#2531,#2559,#2587,#2615,#2643,#2671,#2699,#2727,#2755,#2783,#2811,#2839,#2859,#2899,#2939));
#2941=MANIFOLD_SOLID_BREP('',#2940);
#2942=STYLED_ITEM('color',(#1962),#2941);
#2943=CARTESIAN_POINT('',(268.,0.,369.));
#2944=VERTEX_POINT('',#2943);
#2945=CARTESIAN_POINT('',(267.46199,5.46253,369.));
#2946=VERTEX_POINT('',#2945);
#2947=DIRECTION('',(-0.09802,0.99518,0.));
#2948=VECTOR('',#2947,5.48896);
#2949=LINE('',#2943,#2948);
#2950=EDGE_CURVE('',#2944,#2946,#2949,.T.);
#2951=ORIENTED_EDGE('',*,*,#2950,.T.);
#2952=CARTESIAN_POINT('',(263.53885,4.68217,377.));
#2953=VERTEX_POINT('',#2952);
#2954=DIRECTION('',(-0.43862,-0.08725,0.89443));
#2955=VECTOR('',#2954,8.94427);
#2956=LINE('',#2945,#2955);
#2957=EDGE_CURVE('',#2946,#2953,#2956,.T.);
#2958=ORIENTED_EDGE('',*,*,#2957,.T.);
#2959=CARTESIAN_POINT('',(264.,0.,377.));
#2960=VERTEX_POINT('',#2959);
#2961=DIRECTION('',(-0.09802,0.99518,0.));
#2962=VECTOR('',#2961,4.70482);
#2963=LINE('',#2959,#2962);
#2964=EDGE_CURVE('',#2960,#2953,#2963,.T.);
#2965=ORIENTED_EDGE('',*,*,#2964,.F.);
#2966=DIRECTION('',(-0.44721,0.,0.89443));
#2967=VECTOR('',#2966,8.94427);
#2968=LINE('',#2943,#2967);
#2969=EDGE_CURVE('',#2944,#2960,#2968,.T.);
#2970=ORIENTED_EDGE('',*,*,#2969,.F.);
#2971=EDGE_LOOP('',(#2951,#2958,#2965,#2970));
#2972=FACE_OUTER_BOUND('',#2971,.T.);
#2973=CARTESIAN_POINT('',(268.,0.,369.));
#2974=DIRECTION('',(0.89098,0.08775,0.44549));
#2975=DIRECTION('',(-0.09802,0.99518,0.));
#2976=AXIS2_PLACEMENT_3D('',#2973,#2974,#2975);
#2977=PLANE('',#2976);
#2978=ADVANCED_FACE('',(#2972),#2977,.T.);
#2979=CARTESIAN_POINT('',(265.86863,10.71514,369.));
#2980=VERTEX_POINT('',#2979);
#2981=DIRECTION('',(-0.29028,0.95694,0.));
#2982=VECTOR('',#2981,5.48896);
#2983=LINE('',#2945,#2982);
#2984=EDGE_CURVE('',#2946,#2980,#2983,.T.);
#2985=ORIENTED_EDGE('',*,*,#2984,.T.);
#2986=CARTESIAN_POINT('',(262.17311,9.1844,377.));
#2987=VERTEX_POINT('',#2986);
#2988=DIRECTION('',(-0.41317,-0.17114,0.89443));
#2989=VECTOR('',#2988,8.94427);
#2990=LINE('',#2979,#2989);
#2991=EDGE_CURVE('',#2980,#2987,#2990,.T.);
#2992=ORIENTED_EDGE('',*,*,#2991,.T.);
#2993=DIRECTION('',(-0.29028,0.95694,0.));
#2994=VECTOR('',#2993,4.70482);
#2995=LINE('',#2952,#2994);
#2996=EDGE_CURVE('',#2953,#2987,#2995,.T.);
#2997=ORIENTED_EDGE('',*,*,#2996,.F.);
#2998=ORIENTED_EDGE('',*,*,#2957,.F.);
#2999=EDGE_LOOP('',(#2985,#2992,#2997,#2998));
#3000=FACE_OUTER_BOUND('',#2999,.T.);
#3001=CARTESIAN_POINT('',(267.46199,5.46253,369.));
#3002=DIRECTION('',(0.85674,0.25989,0.44549));
#3003=DIRECTION('',(-0.29028,0.95694,0.));
#3004=AXIS2_PLACEMENT_3D('',#3001,#3002,#3003);
#3005=PLANE('',#3004);
#3006=ADVANCED_FACE('',(#3000),#3005,.T.);
#3007=CARTESIAN_POINT('',(263.28115,15.55597,369.));
#3008=VERTEX_POINT('',#3007);
#3009=DIRECTION('',(-0.4714,0.88192,0.));
#3010=VECTOR('',#3009,5.48896);
#3011=LINE('',#2979,#3010);
#3012=EDGE_CURVE('',#2980,#3008,#3011,.T.);
#3013=ORIENTED_EDGE('',*,*,#3012,.T.);
#3014=CARTESIAN_POINT('',(259.95527,13.33369,377.));
#3015=VERTEX_POINT('',#3014);
#3016=DIRECTION('',(-0.37184,-0.24846,0.89443));
#3017=VECTOR('',#3016,8.94427);
#3018=LINE('',#3007,#3017);
#3019=EDGE_CURVE('',#3008,#3015,#3018,.T.);
#3020=ORIENTED_EDGE('',*,*,#3019,.T.);
#3021=DIRECTION('',(-0.4714,0.88192,0.));
#3022=VECTOR('',#3021,4.70482);
#3023=LINE('',#2986,#3022);
#3024=EDGE_CURVE('',#2987,#3015,#3023,.T.);
#3025=ORIENTED_EDGE('',*,*,#3024,.F.);
#3026=ORIENTED_EDGE('',*,*,#2991,.F.);
#3027=EDGE_LOOP('',(#3013,#3020,#3025,#3026));
#3028=FACE_OUTER_BOUND('',#3027,.T.);
#3029=CARTESIAN_POINT('',(265.86863,10.71514,369.));
#3030=DIRECTION('',(0.78957,0.42204,0.44549));
#3031=DIRECTION('',(-0.4714,0.88192,0.));
#3032=AXIS2_PLACEMENT_3D('',#3029,#3030,#3031);
#3033=PLANE('',#3032);
#3034=ADVANCED_FACE('',(#3028),#3033,.T.);
#3035=CARTESIAN_POINT('',(259.79899,19.79899,369.));
#3036=VERTEX_POINT('',#3035);
#3037=DIRECTION('',(-0.63439,0.77301,0.));
#3038=VECTOR('',#3037,5.48896);
#3039=LINE('',#3007,#3038);
#3040=EDGE_CURVE('',#3008,#3036,#3039,.T.);
#3041=ORIENTED_EDGE('',*,*,#3040,.T.);
#3042=CARTESIAN_POINT('',(256.97056,16.97056,377.));
#3043=VERTEX_POINT('',#3042);
#3044=DIRECTION('',(-0.31623,-0.31623,0.89443));
#3045=VECTOR('',#3044,8.94427);
#3046=LINE('',#3035,#3045);
#3047=EDGE_CURVE('',#3036,#3043,#3046,.T.);
#3048=ORIENTED_EDGE('',*,*,#3047,.T.);
#3049=DIRECTION('',(-0.63439,0.77301,0.));
#3050=VECTOR('',#3049,4.70482);
#3051=LINE('',#3014,#3050);
#3052=EDGE_CURVE('',#3015,#3043,#3051,.T.);
#3053=ORIENTED_EDGE('',*,*,#3052,.F.);
#3054=ORIENTED_EDGE('',*,*,#3019,.F.);
#3055=EDGE_LOOP('',(#3041,#3048,#3053,#3054));
#3056=FACE_OUTER_BOUND('',#3055,.T.);
#3057=CARTESIAN_POINT('',(263.28115,15.55597,369.));
#3058=DIRECTION('',(0.69207,0.56796,0.44549));
#3059=DIRECTION('',(-0.63439,0.77301,0.));
#3060=AXIS2_PLACEMENT_3D('',#3057,#3058,#3059);
#3061=PLANE('',#3060);
#3062=ADVANCED_FACE('',(#3056),#3061,.T.);
#3063=CARTESIAN_POINT('',(255.55597,23.28115,369.));
#3064=VERTEX_POINT('',#3063);
#3065=DIRECTION('',(-0.77301,0.63439,0.));
#3066=VECTOR('',#3065,5.48896);
#3067=LINE('',#3035,#3066);
#3068=EDGE_CURVE('',#3036,#3064,#3067,.T.);
#3069=ORIENTED_EDGE('',*,*,#3068,.T.);
#3070=CARTESIAN_POINT('',(253.33369,19.95527,377.));
#3071=VERTEX_POINT('',#3070);
#3072=DIRECTION('',(-0.24846,-0.37184,0.89443));
#3073=VECTOR('',#3072,8.94427);
#3074=LINE('',#3063,#3073);
#3075=EDGE_CURVE('',#3064,#3071,#3074,.T.);
#3076=ORIENTED_EDGE('',*,*,#3075,.T.);
#3077=DIRECTION('',(-0.77301,0.63439,0.));
#3078=VECTOR('',#3077,4.70482);
#3079=LINE('',#3042,#3078);
#3080=EDGE_CURVE('',#3043,#3071,#3079,.T.);
#3081=ORIENTED_EDGE('',*,*,#3080,.F.);
#3082=ORIENTED_EDGE('',*,*,#3047,.F.);
#3083=EDGE_LOOP('',(#3069,#3076,#3081,#3082));
#3084=FACE_OUTER_BOUND('',#3083,.T.);
#3085=CARTESIAN_POINT('',(259.79899,19.79899,369.));
#3086=DIRECTION('',(0.56796,0.69207,0.44549));
#3087=DIRECTION('',(-0.77301,0.63439,0.));
#3088=AXIS2_PLACEMENT_3D('',#3085,#3086,#3087);
#3089=PLANE('',#3088);
#3090=ADVANCED_FACE('',(#3084),#3089,.T.);
#3091=CARTESIAN_POINT('',(250.71514,25.86863,369.));
#3092=VERTEX_POINT('',#3091);
#3093=DIRECTION('',(-0.88192,0.4714,0.));
#3094=VECTOR('',#3093,5.48896);
#3095=LINE('',#3063,#3094);
#3096=EDGE_CURVE('',#3064,#3092,#3095,.T.);
#3097=ORIENTED_EDGE('',*,*,#3096,.T.);
#3098=CARTESIAN_POINT('',(249.1844,22.17311,377.));
#3099=VERTEX_POINT('',#3098);
#3100=DIRECTION('',(-0.17114,-0.41317,0.89443));
#3101=VECTOR('',#3100,8.94427);
#3102=LINE('',#3091,#3101);
#3103=EDGE_CURVE('',#3092,#3099,#3102,.T.);
#3104=ORIENTED_EDGE('',*,*,#3103,.T.);
#3105=DIRECTION('',(-0.88192,0.4714,0.));
#3106=VECTOR('',#3105,4.70482);
#3107=LINE('',#3070,#3106);
#3108=EDGE_CURVE('',#3071,#3099,#3107,.T.);
#3109=ORIENTED_EDGE('',*,*,#3108,.F.);
#3110=ORIENTED_EDGE('',*,*,#3075,.F.);
#3111=EDGE_LOOP('',(#3097,#3104,#3109,#3110));
#3112=FACE_OUTER_BOUND('',#3111,.T.);
#3113=CARTESIAN_POINT('',(255.55597,23.28115,369.));
#3114=DIRECTION('',(0.42204,0.78957,0.44549));
#3115=DIRECTION('',(-0.88192,0.4714,0.));
#3116=AXIS2_PLACEMENT_3D('',#3113,#3114,#3115);
#3117=PLANE('',#3116);
#3118=ADVANCED_FACE('',(#3112),#3117,.T.);
#3119=CARTESIAN_POINT('',(245.46253,27.46199,369.));
#3120=VERTEX_POINT('',#3119);
#3121=DIRECTION('',(-0.95694,0.29028,0.));
#3122=VECTOR('',#3121,5.48896);
#3123=LINE('',#3091,#3122);
#3124=EDGE_CURVE('',#3092,#3120,#3123,.T.);
#3125=ORIENTED_EDGE('',*,*,#3124,.T.);
#3126=CARTESIAN_POINT('',(244.68217,23.53885,377.));
#3127=VERTEX_POINT('',#3126);
#3128=DIRECTION('',(-0.08725,-0.43862,0.89443));
#3129=VECTOR('',#3128,8.94427);
#3130=LINE('',#3119,#3129);
#3131=EDGE_CURVE('',#3120,#3127,#3130,.T.);
#3132=ORIENTED_EDGE('',*,*,#3131,.T.);
#3133=DIRECTION('',(-0.95694,0.29028,0.));
#3134=VECTOR('',#3133,4.70482);
#3135=LINE('',#3098,#3134);
#3136=EDGE_CURVE('',#3099,#3127,#3135,.T.);
#3137=ORIENTED_EDGE('',*,*,#3136,.F.);
#3138=ORIENTED_EDGE('',*,*,#3103,.F.);
#3139=EDGE_LOOP('',(#3125,#3132,#3137,#3138));
#3140=FACE_OUTER_BOUND('',#3139,.T.);
#3141=CARTESIAN_POINT('',(250.71514,25.86863,369.));
#3142=DIRECTION('',(0.25989,0.85674,0.44549));
#3143=DIRECTION('',(-0.95694,0.29028,0.));
#3144=AXIS2_PLACEMENT_3D('',#3141,#3142,#3143);
#3145=PLANE('',#3144);
#3146=ADVANCED_FACE('',(#3140),#3145,.T.);
#3147=CARTESIAN_POINT('',(240.,28.,369.));
#3148=VERTEX_POINT('',#3147);
#3149=DIRECTION('',(-0.99518,0.09802,0.));
#3150=VECTOR('',#3149,5.48896);
#3151=LINE('',#3119,#3150);
#3152=EDGE_CURVE('',#3120,#3148,#3151,.T.);
#3153=ORIENTED_EDGE('',*,*,#3152,.T.);
#3154=CARTESIAN_POINT('',(240.,24.,377.));
#3155=VERTEX_POINT('',#3154);
#3156=DIRECTION('',(0.,-0.44721,0.89443));
#3157=VECTOR('',#3156,8.94427);
#3158=LINE('',#3147,#3157);
#3159=EDGE_CURVE('',#3148,#3155,#3158,.T.);
#3160=ORIENTED_EDGE('',*,*,#3159,.T.);
#3161=DIRECTION('',(-0.99518,0.09802,0.));
#3162=VECTOR('',#3161,4.70482);
#3163=LINE('',#3126,#3162);
#3164=EDGE_CURVE('',#3127,#3155,#3163,.T.);
#3165=ORIENTED_EDGE('',*,*,#3164,.F.);
#3166=ORIENTED_EDGE('',*,*,#3131,.F.);
#3167=EDGE_LOOP('',(#3153,#3160,#3165,#3166));
#3168=FACE_OUTER_BOUND('',#3167,.T.);
#3169=CARTESIAN_POINT('',(245.46253,27.46199,369.));
#3170=DIRECTION('',(0.08775,0.89098,0.44549));
#3171=DIRECTION('',(-0.99518,0.09802,0.));
#3172=AXIS2_PLACEMENT_3D('',#3169,#3170,#3171);
#3173=PLANE('',#3172);
#3174=ADVANCED_FACE('',(#3168),#3173,.T.);
#3175=CARTESIAN_POINT('',(234.53747,27.46199,369.));
#3176=VERTEX_POINT('',#3175);
#3177=DIRECTION('',(-0.99518,-0.09802,0.));
#3178=VECTOR('',#3177,5.48896);
#3179=LINE('',#3147,#3178);
#3180=EDGE_CURVE('',#3148,#3176,#3179,.T.);
#3181=ORIENTED_EDGE('',*,*,#3180,.T.);
#3182=CARTESIAN_POINT('',(235.31783,23.53885,377.));
#3183=VERTEX_POINT('',#3182);
#3184=DIRECTION('',(0.08725,-0.43862,0.89443));
#3185=VECTOR('',#3184,8.94427);
#3186=LINE('',#3175,#3185);
#3187=EDGE_CURVE('',#3176,#3183,#3186,.T.);
#3188=ORIENTED_EDGE('',*,*,#3187,.T.);
#3189=DIRECTION('',(-0.99518,-0.09802,0.));
#3190=VECTOR('',#3189,4.70482);
#3191=LINE('',#3154,#3190);
#3192=EDGE_CURVE('',#3155,#3183,#3191,.T.);
#3193=ORIENTED_EDGE('',*,*,#3192,.F.);
#3194=ORIENTED_EDGE('',*,*,#3159,.F.);
#3195=EDGE_LOOP('',(#3181,#3188,#3193,#3194));
#3196=FACE_OUTER_BOUND('',#3195,.T.);
#3197=CARTESIAN_POINT('',(240.,28.,369.));
#3198=DIRECTION('',(-0.08775,0.89098,0.44549));
#3199=DIRECTION('',(-0.99518,-0.09802,0.));
#3200=AXIS2_PLACEMENT_3D('',#3197,#3198,#3199);
#3201=PLANE('',#3200);
#3202=ADVANCED_FACE('',(#3196),#3201,.T.);
#3203=CARTESIAN_POINT('',(229.28486,25.86863,369.));
#3204=VERTEX_POINT('',#3203);
#3205=DIRECTION('',(-0.95694,-0.29028,0.));
#3206=VECTOR('',#3205,5.48896);
#3207=LINE('',#3175,#3206);
#3208=EDGE_CURVE('',#3176,#3204,#3207,.T.);
#3209=ORIENTED_EDGE('',*,*,#3208,.T.);
#3210=CARTESIAN_POINT('',(230.8156,22.17311,377.));
#3211=VERTEX_POINT('',#3210);
#3212=DIRECTION('',(0.17114,-0.41317,0.89443));
#3213=VECTOR('',#3212,8.94427);
#3214=LINE('',#3203,#3213);
#3215=EDGE_CURVE('',#3204,#3211,#3214,.T.);
#3216=ORIENTED_EDGE('',*,*,#3215,.T.);
#3217=DIRECTION('',(-0.95694,-0.29028,0.));
#3218=VECTOR('',#3217,4.70482);
#3219=LINE('',#3182,#3218);
#3220=EDGE_CURVE('',#3183,#3211,#3219,.T.);
#3221=ORIENTED_EDGE('',*,*,#3220,.F.);
#3222=ORIENTED_EDGE('',*,*,#3187,.F.);
#3223=EDGE_LOOP('',(#3209,#3216,#3221,#3222));
#3224=FACE_OUTER_BOUND('',#3223,.T.);
#3225=CARTESIAN_POINT('',(234.53747,27.46199,369.));
#3226=DIRECTION('',(-0.25989,0.85674,0.44549));
#3227=DIRECTION('',(-0.95694,-0.29028,0.));
#3228=AXIS2_PLACEMENT_3D('',#3225,#3226,#3227);
#3229=PLANE('',#3228);
#3230=ADVANCED_FACE('',(#3224),#3229,.T.);
#3231=CARTESIAN_POINT('',(224.44403,23.28115,369.));
#3232=VERTEX_POINT('',#3231);
#3233=DIRECTION('',(-0.88192,-0.4714,0.));
#3234=VECTOR('',#3233,5.48896);
#3235=LINE('',#3203,#3234);
#3236=EDGE_CURVE('',#3204,#3232,#3235,.T.);
#3237=ORIENTED_EDGE('',*,*,#3236,.T.);
#3238=CARTESIAN_POINT('',(226.66631,19.95527,377.));
#3239=VERTEX_POINT('',#3238);
#3240=DIRECTION('',(0.24846,-0.37184,0.89443));
#3241=VECTOR('',#3240,8.94427);
#3242=LINE('',#3231,#3241);
#3243=EDGE_CURVE('',#3232,#3239,#3242,.T.);
#3244=ORIENTED_EDGE('',*,*,#3243,.T.);
#3245=DIRECTION('',(-0.88192,-0.4714,0.));
#3246=VECTOR('',#3245,4.70482);
#3247=LINE('',#3210,#3246);
#3248=EDGE_CURVE('',#3211,#3239,#3247,.T.);
#3249=ORIENTED_EDGE('',*,*,#3248,.F.);
#3250=ORIENTED_EDGE('',*,*,#3215,.F.);
#3251=EDGE_LOOP('',(#3237,#3244,#3249,#3250));
#3252=FACE_OUTER_BOUND('',#3251,.T.);
#3253=CARTESIAN_POINT('',(229.28486,25.86863,369.));
#3254=DIRECTION('',(-0.42204,0.78957,0.44549));
#3255=DIRECTION('',(-0.88192,-0.4714,0.));
#3256=AXIS2_PLACEMENT_3D('',#3253,#3254,#3255);
#3257=PLANE('',#3256);
#3258=ADVANCED_FACE('',(#3252),#3257,.T.);
#3259=CARTESIAN_POINT('',(220.20101,19.79899,369.));
#3260=VERTEX_POINT('',#3259);
#3261=DIRECTION('',(-0.77301,-0.63439,0.));
#3262=VECTOR('',#3261,5.48896);
#3263=LINE('',#3231,#3262);
#3264=EDGE_CURVE('',#3232,#3260,#3263,.T.);
#3265=ORIENTED_EDGE('',*,*,#3264,.T.);
#3266=CARTESIAN_POINT('',(223.02944,16.97056,377.));
#3267=VERTEX_POINT('',#3266);
#3268=DIRECTION('',(0.31623,-0.31623,0.89443));
#3269=VECTOR('',#3268,8.94427);
#3270=LINE('',#3259,#3269);
#3271=EDGE_CURVE('',#3260,#3267,#3270,.T.);
#3272=ORIENTED_EDGE('',*,*,#3271,.T.);
#3273=DIRECTION('',(-0.77301,-0.63439,0.));
#3274=VECTOR('',#3273,4.70482);
#3275=LINE('',#3238,#3274);
#3276=EDGE_CURVE('',#3239,#3267,#3275,.T.);
#3277=ORIENTED_EDGE('',*,*,#3276,.F.);
#3278=ORIENTED_EDGE('',*,*,#3243,.F.);
#3279=EDGE_LOOP('',(#3265,#3272,#3277,#3278));
#3280=FACE_OUTER_BOUND('',#3279,.T.);
#3281=CARTESIAN_POINT('',(224.44403,23.28115,369.));
#3282=DIRECTION('',(-0.56796,0.69207,0.44549));
#3283=DIRECTION('',(-0.77301,-0.63439,0.));
#3284=AXIS2_PLACEMENT_3D('',#3281,#3282,#3283);
#3285=PLANE('',#3284);
#3286=ADVANCED_FACE('',(#3280),#3285,.T.);
#3287=CARTESIAN_POINT('',(216.71885,15.55597,369.));
#3288=VERTEX_POINT('',#3287);
#3289=DIRECTION('',(-0.63439,-0.77301,0.));
#3290=VECTOR('',#3289,5.48896);
#3291=LINE('',#3259,#3290);
#3292=EDGE_CURVE('',#3260,#3288,#3291,.T.);
#3293=ORIENTED_EDGE('',*,*,#3292,.T.);
#3294=CARTESIAN_POINT('',(220.04473,13.33369,377.));
#3295=VERTEX_POINT('',#3294);
#3296=DIRECTION('',(0.37184,-0.24846,0.89443));
#3297=VECTOR('',#3296,8.94427);
#3298=LINE('',#3287,#3297);
#3299=EDGE_CURVE('',#3288,#3295,#3298,.T.);
#3300=ORIENTED_EDGE('',*,*,#3299,.T.);
#3301=DIRECTION('',(-0.63439,-0.77301,0.));
#3302=VECTOR('',#3301,4.70482);
#3303=LINE('',#3266,#3302);
#3304=EDGE_CURVE('',#3267,#3295,#3303,.T.);
#3305=ORIENTED_EDGE('',*,*,#3304,.F.);
#3306=ORIENTED_EDGE('',*,*,#3271,.F.);
#3307=EDGE_LOOP('',(#3293,#3300,#3305,#3306));
#3308=FACE_OUTER_BOUND('',#3307,.T.);
#3309=CARTESIAN_POINT('',(220.20101,19.79899,369.));
#3310=DIRECTION('',(-0.69207,0.56796,0.44549));
#3311=DIRECTION('',(-0.63439,-0.77301,0.));
#3312=AXIS2_PLACEMENT_3D('',#3309,#3310,#3311);
#3313=PLANE('',#3312);
#3314=ADVANCED_FACE('',(#3308),#3313,.T.);
#3315=CARTESIAN_POINT('',(214.13137,10.71514,369.));
#3316=VERTEX_POINT('',#3315);
#3317=DIRECTION('',(-0.4714,-0.88192,0.));
#3318=VECTOR('',#3317,5.48896);
#3319=LINE('',#3287,#3318);
#3320=EDGE_CURVE('',#3288,#3316,#3319,.T.);
#3321=ORIENTED_EDGE('',*,*,#3320,.T.);
#3322=CARTESIAN_POINT('',(217.82689,9.1844,377.));
#3323=VERTEX_POINT('',#3322);
#3324=DIRECTION('',(0.41317,-0.17114,0.89443));
#3325=VECTOR('',#3324,8.94427);
#3326=LINE('',#3315,#3325);
#3327=EDGE_CURVE('',#3316,#3323,#3326,.T.);
#3328=ORIENTED_EDGE('',*,*,#3327,.T.);
#3329=DIRECTION('',(-0.4714,-0.88192,0.));
#3330=VECTOR('',#3329,4.70482);
#3331=LINE('',#3294,#3330);
#3332=EDGE_CURVE('',#3295,#3323,#3331,.T.);
#3333=ORIENTED_EDGE('',*,*,#3332,.F.);
#3334=ORIENTED_EDGE('',*,*,#3299,.F.);
#3335=EDGE_LOOP('',(#3321,#3328,#3333,#3334));
#3336=FACE_OUTER_BOUND('',#3335,.T.);
#3337=CARTESIAN_POINT('',(216.71885,15.55597,369.));
#3338=DIRECTION('',(-0.78957,0.42204,0.44549));
#3339=DIRECTION('',(-0.4714,-0.88192,0.));
#3340=AXIS2_PLACEMENT_3D('',#3337,#3338,#3339);
#3341=PLANE('',#3340);
#3342=ADVANCED_FACE('',(#3336),#3341,.T.);
#3343=CARTESIAN_POINT('',(212.53801,5.46253,369.));
#3344=VERTEX_POINT('',#3343);
#3345=DIRECTION('',(-0.29028,-0.95694,0.));
#3346=VECTOR('',#3345,5.48896);
#3347=LINE('',#3315,#3346);
#3348=EDGE_CURVE('',#3316,#3344,#3347,.T.);
#3349=ORIENTED_EDGE('',*,*,#3348,.T.);
#3350=CARTESIAN_POINT('',(216.46115,4.68217,377.));
#3351=VERTEX_POINT('',#3350);
#3352=DIRECTION('',(0.43862,-0.08725,0.89443));
#3353=VECTOR('',#3352,8.94427);
#3354=LINE('',#3343,#3353);
#3355=EDGE_CURVE('',#3344,#3351,#3354,.T.);
#3356=ORIENTED_EDGE('',*,*,#3355,.T.);
#3357=DIRECTION('',(-0.29028,-0.95694,0.));
#3358=VECTOR('',#3357,4.70482);
#3359=LINE('',#3322,#3358);
#3360=EDGE_CURVE('',#3323,#3351,#3359,.T.);
#3361=ORIENTED_EDGE('',*,*,#3360,.F.);
#3362=ORIENTED_EDGE('',*,*,#3327,.F.);
#3363=EDGE_LOOP('',(#3349,#3356,#3361,#3362));
#3364=FACE_OUTER_BOUND('',#3363,.T.);
#3365=CARTESIAN_POINT('',(214.13137,10.71514,369.));
#3366=DIRECTION('',(-0.85674,0.25989,0.44549));
#3367=DIRECTION('',(-0.29028,-0.95694,0.));
#3368=AXIS2_PLACEMENT_3D('',#3365,#3366,#3367);
#3369=PLANE('',#3368);
#3370=ADVANCED_FACE('',(#3364),#3369,.T.);
#3371=CARTESIAN_POINT('',(212.,0.,369.));
#3372=VERTEX_POINT('',#3371);
#3373=DIRECTION('',(-0.09802,-0.99518,0.));
#3374=VECTOR('',#3373,5.48896);
#3375=LINE('',#3343,#3374);
#3376=EDGE_CURVE('',#3344,#3372,#3375,.T.);
#3377=ORIENTED_EDGE('',*,*,#3376,.T.);
#3378=CARTESIAN_POINT('',(216.,0.,377.));
#3379=VERTEX_POINT('',#3378);
#3380=DIRECTION('',(0.44721,0.,0.89443));
#3381=VECTOR('',#3380,8.94427);
#3382=LINE('',#3371,#3381);
#3383=EDGE_CURVE('',#3372,#3379,#3382,.T.);
#3384=ORIENTED_EDGE('',*,*,#3383,.T.);
#3385=DIRECTION('',(-0.09802,-0.99518,0.));
#3386=VECTOR('',#3385,4.70482);
#3387=LINE('',#3350,#3386);
#3388=EDGE_CURVE('',#3351,#3379,#3387,.T.);
#3389=ORIENTED_EDGE('',*,*,#3388,.F.);
#3390=ORIENTED_EDGE('',*,*,#3355,.F.);
#3391=EDGE_LOOP('',(#3377,#3384,#3389,#3390));
#3392=FACE_OUTER_BOUND('',#3391,.T.);
#3393=CARTESIAN_POINT('',(212.53801,5.46253,369.));
#3394=DIRECTION('',(-0.89098,0.08775,0.44549));
#3395=DIRECTION('',(-0.09802,-0.99518,0.));
#3396=AXIS2_PLACEMENT_3D('',#3393,#3394,#3395);
#3397=PLANE('',#3396);
#3398=ADVANCED_FACE('',(#3392),#3397,.T.);
#3399=CARTESIAN_POINT('',(212.53801,-5.46253,369.));
#3400=VERTEX_POINT('',#3399);
#3401=DIRECTION('',(0.09802,-0.99518,0.));
#3402=VECTOR('',#3401,5.48896);
#3403=LINE('',#3371,#3402);
#3404=EDGE_CURVE('',#3372,#3400,#3403,.T.);
#3405=ORIENTED_EDGE('',*,*,#3404,.T.);
#3406=CARTESIAN_POINT('',(216.46115,-4.68217,377.));
#3407=VERTEX_POINT('',#3406);
#3408=DIRECTION('',(0.43862,0.08725,0.89443));
#3409=VECTOR('',#3408,8.94427);
#3410=LINE('',#3399,#3409);
#3411=EDGE_CURVE('',#3400,#3407,#3410,.T.);
#3412=ORIENTED_EDGE('',*,*,#3411,.T.);
#3413=DIRECTION('',(0.09802,-0.99518,0.));
#3414=VECTOR('',#3413,4.70482);
#3415=LINE('',#3378,#3414);
#3416=EDGE_CURVE('',#3379,#3407,#3415,.T.);
#3417=ORIENTED_EDGE('',*,*,#3416,.F.);
#3418=ORIENTED_EDGE('',*,*,#3383,.F.);
#3419=EDGE_LOOP('',(#3405,#3412,#3417,#3418));
#3420=FACE_OUTER_BOUND('',#3419,.T.);
#3421=CARTESIAN_POINT('',(212.,0.,369.));
#3422=DIRECTION('',(-0.89098,-0.08775,0.44549));
#3423=DIRECTION('',(0.09802,-0.99518,0.));
#3424=AXIS2_PLACEMENT_3D('',#3421,#3422,#3423);
#3425=PLANE('',#3424);
#3426=ADVANCED_FACE('',(#3420),#3425,.T.);
#3427=CARTESIAN_POINT('',(214.13137,-10.71514,369.));
#3428=VERTEX_POINT('',#3427);
#3429=DIRECTION('',(0.29028,-0.95694,0.));
#3430=VECTOR('',#3429,5.48896);
#3431=LINE('',#3399,#3430);
#3432=EDGE_CURVE('',#3400,#3428,#3431,.T.);
#3433=ORIENTED_EDGE('',*,*,#3432,.T.);
#3434=CARTESIAN_POINT('',(217.82689,-9.1844,377.));
#3435=VERTEX_POINT('',#3434);
#3436=DIRECTION('',(0.41317,0.17114,0.89443));
#3437=VECTOR('',#3436,8.94427);
#3438=LINE('',#3427,#3437);
#3439=EDGE_CURVE('',#3428,#3435,#3438,.T.);
#3440=ORIENTED_EDGE('',*,*,#3439,.T.);
#3441=DIRECTION('',(0.29028,-0.95694,0.));
#3442=VECTOR('',#3441,4.70482);
#3443=LINE('',#3406,#3442);
#3444=EDGE_CURVE('',#3407,#3435,#3443,.T.);
#3445=ORIENTED_EDGE('',*,*,#3444,.F.);
#3446=ORIENTED_EDGE('',*,*,#3411,.F.);
#3447=EDGE_LOOP('',(#3433,#3440,#3445,#3446));
#3448=FACE_OUTER_BOUND('',#3447,.T.);
#3449=CARTESIAN_POINT('',(212.53801,-5.46253,369.));
#3450=DIRECTION('',(-0.85674,-0.25989,0.44549));
#3451=DIRECTION('',(0.29028,-0.95694,0.));
#3452=AXIS2_PLACEMENT_3D('',#3449,#3450,#3451);
#3453=PLANE('',#3452);
#3454=ADVANCED_FACE('',(#3448),#3453,.T.);
#3455=CARTESIAN_POINT('',(216.71885,-15.55597,369.));
#3456=VERTEX_POINT('',#3455);
#3457=DIRECTION('',(0.4714,-0.88192,0.));
#3458=VECTOR('',#3457,5.48896);
#3459=LINE('',#3427,#3458);
#3460=EDGE_CURVE('',#3428,#3456,#3459,.T.);
#3461=ORIENTED_EDGE('',*,*,#3460,.T.);
#3462=CARTESIAN_POINT('',(220.04473,-13.33369,377.));
#3463=VERTEX_POINT('',#3462);
#3464=DIRECTION('',(0.37184,0.24846,0.89443));
#3465=VECTOR('',#3464,8.94427);
#3466=LINE('',#3455,#3465);
#3467=EDGE_CURVE('',#3456,#3463,#3466,.T.);
#3468=ORIENTED_EDGE('',*,*,#3467,.T.);
#3469=DIRECTION('',(0.4714,-0.88192,0.));
#3470=VECTOR('',#3469,4.70482);
#3471=LINE('',#3434,#3470);
#3472=EDGE_CURVE('',#3435,#3463,#3471,.T.);
#3473=ORIENTED_EDGE('',*,*,#3472,.F.);
#3474=ORIENTED_EDGE('',*,*,#3439,.F.);
#3475=EDGE_LOOP('',(#3461,#3468,#3473,#3474));
#3476=FACE_OUTER_BOUND('',#3475,.T.);
#3477=CARTESIAN_POINT('',(214.13137,-10.71514,369.));
#3478=DIRECTION('',(-0.78957,-0.42204,0.44549));
#3479=DIRECTION('',(0.4714,-0.88192,0.));
#3480=AXIS2_PLACEMENT_3D('',#3477,#3478,#3479);
#3481=PLANE('',#3480);
#3482=ADVANCED_FACE('',(#3476),#3481,.T.);
#3483=CARTESIAN_POINT('',(220.20101,-19.79899,369.));
#3484=VERTEX_POINT('',#3483);
#3485=DIRECTION('',(0.63439,-0.77301,0.));
#3486=VECTOR('',#3485,5.48896);
#3487=LINE('',#3455,#3486);
#3488=EDGE_CURVE('',#3456,#3484,#3487,.T.);
#3489=ORIENTED_EDGE('',*,*,#3488,.T.);
#3490=CARTESIAN_POINT('',(223.02944,-16.97056,377.));
#3491=VERTEX_POINT('',#3490);
#3492=DIRECTION('',(0.31623,0.31623,0.89443));
#3493=VECTOR('',#3492,8.94427);
#3494=LINE('',#3483,#3493);
#3495=EDGE_CURVE('',#3484,#3491,#3494,.T.);
#3496=ORIENTED_EDGE('',*,*,#3495,.T.);
#3497=DIRECTION('',(0.63439,-0.77301,0.));
#3498=VECTOR('',#3497,4.70482);
#3499=LINE('',#3462,#3498);
#3500=EDGE_CURVE('',#3463,#3491,#3499,.T.);
#3501=ORIENTED_EDGE('',*,*,#3500,.F.);
#3502=ORIENTED_EDGE('',*,*,#3467,.F.);
#3503=EDGE_LOOP('',(#3489,#3496,#3501,#3502));
#3504=FACE_OUTER_BOUND('',#3503,.T.);
#3505=CARTESIAN_POINT('',(216.71885,-15.55597,369.));
#3506=DIRECTION('',(-0.69207,-0.56796,0.44549));
#3507=DIRECTION('',(0.63439,-0.77301,0.));
#3508=AXIS2_PLACEMENT_3D('',#3505,#3506,#3507);
#3509=PLANE('',#3508);
#3510=ADVANCED_FACE('',(#3504),#3509,.T.);
#3511=CARTESIAN_POINT('',(224.44403,-23.28115,369.));
#3512=VERTEX_POINT('',#3511);
#3513=DIRECTION('',(0.77301,-0.63439,0.));
#3514=VECTOR('',#3513,5.48896);
#3515=LINE('',#3483,#3514);
#3516=EDGE_CURVE('',#3484,#3512,#3515,.T.);
#3517=ORIENTED_EDGE('',*,*,#3516,.T.);
#3518=CARTESIAN_POINT('',(226.66631,-19.95527,377.));
#3519=VERTEX_POINT('',#3518);
#3520=DIRECTION('',(0.24846,0.37184,0.89443));
#3521=VECTOR('',#3520,8.94427);
#3522=LINE('',#3511,#3521);
#3523=EDGE_CURVE('',#3512,#3519,#3522,.T.);
#3524=ORIENTED_EDGE('',*,*,#3523,.T.);
#3525=DIRECTION('',(0.77301,-0.63439,0.));
#3526=VECTOR('',#3525,4.70482);
#3527=LINE('',#3490,#3526);
#3528=EDGE_CURVE('',#3491,#3519,#3527,.T.);
#3529=ORIENTED_EDGE('',*,*,#3528,.F.);
#3530=ORIENTED_EDGE('',*,*,#3495,.F.);
#3531=EDGE_LOOP('',(#3517,#3524,#3529,#3530));
#3532=FACE_OUTER_BOUND('',#3531,.T.);
#3533=CARTESIAN_POINT('',(220.20101,-19.79899,369.));
#3534=DIRECTION('',(-0.56796,-0.69207,0.44549));
#3535=DIRECTION('',(0.77301,-0.63439,0.));
#3536=AXIS2_PLACEMENT_3D('',#3533,#3534,#3535);
#3537=PLANE('',#3536);
#3538=ADVANCED_FACE('',(#3532),#3537,.T.);
#3539=CARTESIAN_POINT('',(229.28486,-25.86863,369.));
#3540=VERTEX_POINT('',#3539);
#3541=DIRECTION('',(0.88192,-0.4714,0.));
#3542=VECTOR('',#3541,5.48896);
#3543=LINE('',#3511,#3542);
#3544=EDGE_CURVE('',#3512,#3540,#3543,.T.);
#3545=ORIENTED_EDGE('',*,*,#3544,.T.);
#3546=CARTESIAN_POINT('',(230.8156,-22.17311,377.));
#3547=VERTEX_POINT('',#3546);
#3548=DIRECTION('',(0.17114,0.41317,0.89443));
#3549=VECTOR('',#3548,8.94427);
#3550=LINE('',#3539,#3549);
#3551=EDGE_CURVE('',#3540,#3547,#3550,.T.);
#3552=ORIENTED_EDGE('',*,*,#3551,.T.);
#3553=DIRECTION('',(0.88192,-0.4714,0.));
#3554=VECTOR('',#3553,4.70482);
#3555=LINE('',#3518,#3554);
#3556=EDGE_CURVE('',#3519,#3547,#3555,.T.);
#3557=ORIENTED_EDGE('',*,*,#3556,.F.);
#3558=ORIENTED_EDGE('',*,*,#3523,.F.);
#3559=EDGE_LOOP('',(#3545,#3552,#3557,#3558));
#3560=FACE_OUTER_BOUND('',#3559,.T.);
#3561=CARTESIAN_POINT('',(224.44403,-23.28115,369.));
#3562=DIRECTION('',(-0.42204,-0.78957,0.44549));
#3563=DIRECTION('',(0.88192,-0.4714,0.));
#3564=AXIS2_PLACEMENT_3D('',#3561,#3562,#3563);
#3565=PLANE('',#3564);
#3566=ADVANCED_FACE('',(#3560),#3565,.T.);
#3567=CARTESIAN_POINT('',(234.53747,-27.46199,369.));
#3568=VERTEX_POINT('',#3567);
#3569=DIRECTION('',(0.95694,-0.29028,0.));
#3570=VECTOR('',#3569,5.48896);
#3571=LINE('',#3539,#3570);
#3572=EDGE_CURVE('',#3540,#3568,#3571,.T.);
#3573=ORIENTED_EDGE('',*,*,#3572,.T.);
#3574=CARTESIAN_POINT('',(235.31783,-23.53885,377.));
#3575=VERTEX_POINT('',#3574);
#3576=DIRECTION('',(0.08725,0.43862,0.89443));
#3577=VECTOR('',#3576,8.94427);
#3578=LINE('',#3567,#3577);
#3579=EDGE_CURVE('',#3568,#3575,#3578,.T.);
#3580=ORIENTED_EDGE('',*,*,#3579,.T.);
#3581=DIRECTION('',(0.95694,-0.29028,0.));
#3582=VECTOR('',#3581,4.70482);
#3583=LINE('',#3546,#3582);
#3584=EDGE_CURVE('',#3547,#3575,#3583,.T.);
#3585=ORIENTED_EDGE('',*,*,#3584,.F.);
#3586=ORIENTED_EDGE('',*,*,#3551,.F.);
#3587=EDGE_LOOP('',(#3573,#3580,#3585,#3586));
#3588=FACE_OUTER_BOUND('',#3587,.T.);
#3589=CARTESIAN_POINT('',(229.28486,-25.86863,369.));
#3590=DIRECTION('',(-0.25989,-0.85674,0.44549));
#3591=DIRECTION('',(0.95694,-0.29028,0.));
#3592=AXIS2_PLACEMENT_3D('',#3589,#3590,#3591);
#3593=PLANE('',#3592);
#3594=ADVANCED_FACE('',(#3588),#3593,.T.);
#3595=CARTESIAN_POINT('',(240.,-28.,369.));
#3596=VERTEX_POINT('',#3595);
#3597=DIRECTION('',(0.99518,-0.09802,0.));
#3598=VECTOR('',#3597,5.48896);
#3599=LINE('',#3567,#3598);
#3600=EDGE_CURVE('',#3568,#3596,#3599,.T.);
#3601=ORIENTED_EDGE('',*,*,#3600,.T.);
#3602=CARTESIAN_POINT('',(240.,-24.,377.));
#3603=VERTEX_POINT('',#3602);
#3604=DIRECTION('',(0.,0.44721,0.89443));
#3605=VECTOR('',#3604,8.94427);
#3606=LINE('',#3595,#3605);
#3607=EDGE_CURVE('',#3596,#3603,#3606,.T.);
#3608=ORIENTED_EDGE('',*,*,#3607,.T.);
#3609=DIRECTION('',(0.99518,-0.09802,0.));
#3610=VECTOR('',#3609,4.70482);
#3611=LINE('',#3574,#3610);
#3612=EDGE_CURVE('',#3575,#3603,#3611,.T.);
#3613=ORIENTED_EDGE('',*,*,#3612,.F.);
#3614=ORIENTED_EDGE('',*,*,#3579,.F.);
#3615=EDGE_LOOP('',(#3601,#3608,#3613,#3614));
#3616=FACE_OUTER_BOUND('',#3615,.T.);
#3617=CARTESIAN_POINT('',(234.53747,-27.46199,369.));
#3618=DIRECTION('',(-0.08775,-0.89098,0.44549));
#3619=DIRECTION('',(0.99518,-0.09802,0.));
#3620=AXIS2_PLACEMENT_3D('',#3617,#3618,#3619);
#3621=PLANE('',#3620);
#3622=ADVANCED_FACE('',(#3616),#3621,.T.);
#3623=CARTESIAN_POINT('',(245.46253,-27.46199,369.));
#3624=VERTEX_POINT('',#3623);
#3625=DIRECTION('',(0.99518,0.09802,0.));
#3626=VECTOR('',#3625,5.48896);
#3627=LINE('',#3595,#3626);
#3628=EDGE_CURVE('',#3596,#3624,#3627,.T.);
#3629=ORIENTED_EDGE('',*,*,#3628,.T.);
#3630=CARTESIAN_POINT('',(244.68217,-23.53885,377.));
#3631=VERTEX_POINT('',#3630);
#3632=DIRECTION('',(-0.08725,0.43862,0.89443));
#3633=VECTOR('',#3632,8.94427);
#3634=LINE('',#3623,#3633);
#3635=EDGE_CURVE('',#3624,#3631,#3634,.T.);
#3636=ORIENTED_EDGE('',*,*,#3635,.T.);
#3637=DIRECTION('',(0.99518,0.09802,0.));
#3638=VECTOR('',#3637,4.70482);
#3639=LINE('',#3602,#3638);
#3640=EDGE_CURVE('',#3603,#3631,#3639,.T.);
#3641=ORIENTED_EDGE('',*,*,#3640,.F.);
#3642=ORIENTED_EDGE('',*,*,#3607,.F.);
#3643=EDGE_LOOP('',(#3629,#3636,#3641,#3642));
#3644=FACE_OUTER_BOUND('',#3643,.T.);
#3645=CARTESIAN_POINT('',(240.,-28.,369.));
#3646=DIRECTION('',(0.08775,-0.89098,0.44549));
#3647=DIRECTION('',(0.99518,0.09802,0.));
#3648=AXIS2_PLACEMENT_3D('',#3645,#3646,#3647);
#3649=PLANE('',#3648);
#3650=ADVANCED_FACE('',(#3644),#3649,.T.);
#3651=CARTESIAN_POINT('',(250.71514,-25.86863,369.));
#3652=VERTEX_POINT('',#3651);
#3653=DIRECTION('',(0.95694,0.29028,0.));
#3654=VECTOR('',#3653,5.48896);
#3655=LINE('',#3623,#3654);
#3656=EDGE_CURVE('',#3624,#3652,#3655,.T.);
#3657=ORIENTED_EDGE('',*,*,#3656,.T.);
#3658=CARTESIAN_POINT('',(249.1844,-22.17311,377.));
#3659=VERTEX_POINT('',#3658);
#3660=DIRECTION('',(-0.17114,0.41317,0.89443));
#3661=VECTOR('',#3660,8.94427);
#3662=LINE('',#3651,#3661);
#3663=EDGE_CURVE('',#3652,#3659,#3662,.T.);
#3664=ORIENTED_EDGE('',*,*,#3663,.T.);
#3665=DIRECTION('',(0.95694,0.29028,0.));
#3666=VECTOR('',#3665,4.70482);
#3667=LINE('',#3630,#3666);
#3668=EDGE_CURVE('',#3631,#3659,#3667,.T.);
#3669=ORIENTED_EDGE('',*,*,#3668,.F.);
#3670=ORIENTED_EDGE('',*,*,#3635,.F.);
#3671=EDGE_LOOP('',(#3657,#3664,#3669,#3670));
#3672=FACE_OUTER_BOUND('',#3671,.T.);
#3673=CARTESIAN_POINT('',(245.46253,-27.46199,369.));
#3674=DIRECTION('',(0.25989,-0.85674,0.44549));
#3675=DIRECTION('',(0.95694,0.29028,0.));
#3676=AXIS2_PLACEMENT_3D('',#3673,#3674,#3675);
#3677=PLANE('',#3676);
#3678=ADVANCED_FACE('',(#3672),#3677,.T.);
#3679=CARTESIAN_POINT('',(255.55597,-23.28115,369.));
#3680=VERTEX_POINT('',#3679);
#3681=DIRECTION('',(0.88192,0.4714,0.));
#3682=VECTOR('',#3681,5.48896);
#3683=LINE('',#3651,#3682);
#3684=EDGE_CURVE('',#3652,#3680,#3683,.T.);
#3685=ORIENTED_EDGE('',*,*,#3684,.T.);
#3686=CARTESIAN_POINT('',(253.33369,-19.95527,377.));
#3687=VERTEX_POINT('',#3686);
#3688=DIRECTION('',(-0.24846,0.37184,0.89443));
#3689=VECTOR('',#3688,8.94427);
#3690=LINE('',#3679,#3689);
#3691=EDGE_CURVE('',#3680,#3687,#3690,.T.);
#3692=ORIENTED_EDGE('',*,*,#3691,.T.);
#3693=DIRECTION('',(0.88192,0.4714,0.));
#3694=VECTOR('',#3693,4.70482);
#3695=LINE('',#3658,#3694);
#3696=EDGE_CURVE('',#3659,#3687,#3695,.T.);
#3697=ORIENTED_EDGE('',*,*,#3696,.F.);
#3698=ORIENTED_EDGE('',*,*,#3663,.F.);
#3699=EDGE_LOOP('',(#3685,#3692,#3697,#3698));
#3700=FACE_OUTER_BOUND('',#3699,.T.);
#3701=CARTESIAN_POINT('',(250.71514,-25.86863,369.));
#3702=DIRECTION('',(0.42204,-0.78957,0.44549));
#3703=DIRECTION('',(0.88192,0.4714,0.));
#3704=AXIS2_PLACEMENT_3D('',#3701,#3702,#3703);
#3705=PLANE('',#3704);
#3706=ADVANCED_FACE('',(#3700),#3705,.T.);
#3707=CARTESIAN_POINT('',(259.79899,-19.79899,369.));
#3708=VERTEX_POINT('',#3707);
#3709=DIRECTION('',(0.77301,0.63439,0.));
#3710=VECTOR('',#3709,5.48896);
#3711=LINE('',#3679,#3710);
#3712=EDGE_CURVE('',#3680,#3708,#3711,.T.);
#3713=ORIENTED_EDGE('',*,*,#3712,.T.);
#3714=CARTESIAN_POINT('',(256.97056,-16.97056,377.));
#3715=VERTEX_POINT('',#3714);
#3716=DIRECTION('',(-0.31623,0.31623,0.89443));
#3717=VECTOR('',#3716,8.94427);
#3718=LINE('',#3707,#3717);
#3719=EDGE_CURVE('',#3708,#3715,#3718,.T.);
#3720=ORIENTED_EDGE('',*,*,#3719,.T.);
#3721=DIRECTION('',(0.77301,0.63439,0.));
#3722=VECTOR('',#3721,4.70482);
#3723=LINE('',#3686,#3722);
#3724=EDGE_CURVE('',#3687,#3715,#3723,.T.);
#3725=ORIENTED_EDGE('',*,*,#3724,.F.);
#3726=ORIENTED_EDGE('',*,*,#3691,.F.);
#3727=EDGE_LOOP('',(#3713,#3720,#3725,#3726));
#3728=FACE_OUTER_BOUND('',#3727,.T.);
#3729=CARTESIAN_POINT('',(255.55597,-23.28115,369.));
#3730=DIRECTION('',(0.56796,-0.69207,0.44549));
#3731=DIRECTION('',(0.77301,0.63439,0.));
#3732=AXIS2_PLACEMENT_3D('',#3729,#3730,#3731);
#3733=PLANE('',#3732);
#3734=ADVANCED_FACE('',(#3728),#3733,.T.);
#3735=CARTESIAN_POINT('',(263.28115,-15.55597,369.));
#3736=VERTEX_POINT('',#3735);
#3737=DIRECTION('',(0.63439,0.77301,0.));
#3738=VECTOR('',#3737,5.48896);
#3739=LINE('',#3707,#3738);
#3740=EDGE_CURVE('',#3708,#3736,#3739,.T.);
#3741=ORIENTED_EDGE('',*,*,#3740,.T.);
#3742=CARTESIAN_POINT('',(259.95527,-13.33369,377.));
#3743=VERTEX_POINT('',#3742);
#3744=DIRECTION('',(-0.37184,0.24846,0.89443));
#3745=VECTOR('',#3744,8.94427);
#3746=LINE('',#3735,#3745);
#3747=EDGE_CURVE('',#3736,#3743,#3746,.T.);
#3748=ORIENTED_EDGE('',*,*,#3747,.T.);
#3749=DIRECTION('',(0.63439,0.77301,0.));
#3750=VECTOR('',#3749,4.70482);
#3751=LINE('',#3714,#3750);
#3752=EDGE_CURVE('',#3715,#3743,#3751,.T.);
#3753=ORIENTED_EDGE('',*,*,#3752,.F.);
#3754=ORIENTED_EDGE('',*,*,#3719,.F.);
#3755=EDGE_LOOP('',(#3741,#3748,#3753,#3754));
#3756=FACE_OUTER_BOUND('',#3755,.T.);
#3757=CARTESIAN_POINT('',(259.79899,-19.79899,369.));
#3758=DIRECTION('',(0.69207,-0.56796,0.44549));
#3759=DIRECTION('',(0.63439,0.77301,0.));
#3760=AXIS2_PLACEMENT_3D('',#3757,#3758,#3759);
#3761=PLANE('',#3760);
#3762=ADVANCED_FACE('',(#3756),#3761,.T.);
#3763=CARTESIAN_POINT('',(265.86863,-10.71514,369.));
#3764=VERTEX_POINT('',#3763);
#3765=DIRECTION('',(0.4714,0.88192,0.));
#3766=VECTOR('',#3765,5.48896);
#3767=LINE('',#3735,#3766);
#3768=EDGE_CURVE('',#3736,#3764,#3767,.T.);
#3769=ORIENTED_EDGE('',*,*,#3768,.T.);
#3770=CARTESIAN_POINT('',(262.17311,-9.1844,377.));
#3771=VERTEX_POINT('',#3770);
#3772=DIRECTION('',(-0.41317,0.17114,0.89443));
#3773=VECTOR('',#3772,8.94427);
#3774=LINE('',#3763,#3773);
#3775=EDGE_CURVE('',#3764,#3771,#3774,.T.);
#3776=ORIENTED_EDGE('',*,*,#3775,.T.);
#3777=DIRECTION('',(0.4714,0.88192,0.));
#3778=VECTOR('',#3777,4.70482);
#3779=LINE('',#3742,#3778);
#3780=EDGE_CURVE('',#3743,#3771,#3779,.T.);
#3781=ORIENTED_EDGE('',*,*,#3780,.F.);
#3782=ORIENTED_EDGE('',*,*,#3747,.F.);
#3783=EDGE_LOOP('',(#3769,#3776,#3781,#3782));
#3784=FACE_OUTER_BOUND('',#3783,.T.);
#3785=CARTESIAN_POINT('',(263.28115,-15.55597,369.));
#3786=DIRECTION('',(0.78957,-0.42204,0.44549));
#3787=DIRECTION('',(0.4714,0.88192,0.));
#3788=AXIS2_PLACEMENT_3D('',#3785,#3786,#3787);
#3789=PLANE('',#3788);
#3790=ADVANCED_FACE('',(#3784),#3789,.T.);
#3791=CARTESIAN_POINT('',(267.46199,-5.46253,369.));
#3792=VERTEX_POINT('',#3791);
#3793=DIRECTION('',(0.29028,0.95694,0.));
#3794=VECTOR('',#3793,5.48896);
#3795=LINE('',#3763,#3794);
#3796=EDGE_CURVE('',#3764,#3792,#3795,.T.);
#3797=ORIENTED_EDGE('',*,*,#3796,.T.);
#3798=CARTESIAN_POINT('',(263.53885,-4.68217,377.));
#3799=VERTEX_POINT('',#3798);
#3800=DIRECTION('',(-0.43862,0.08725,0.89443));
#3801=VECTOR('',#3800,8.94427);
#3802=LINE('',#3791,#3801);
#3803=EDGE_CURVE('',#3792,#3799,#3802,.T.);
#3804=ORIENTED_EDGE('',*,*,#3803,.T.);
#3805=DIRECTION('',(0.29028,0.95694,0.));
#3806=VECTOR('',#3805,4.70482);
#3807=LINE('',#3770,#3806);
#3808=EDGE_CURVE('',#3771,#3799,#3807,.T.);
#3809=ORIENTED_EDGE('',*,*,#3808,.F.);
#3810=ORIENTED_EDGE('',*,*,#3775,.F.);
#3811=EDGE_LOOP('',(#3797,#3804,#3809,#3810));
#3812=FACE_OUTER_BOUND('',#3811,.T.);
#3813=CARTESIAN_POINT('',(265.86863,-10.71514,369.));
#3814=DIRECTION('',(0.85674,-0.25989,0.44549));
#3815=DIRECTION('',(0.29028,0.95694,0.));
#3816=AXIS2_PLACEMENT_3D('',#3813,#3814,#3815);
#3817=PLANE('',#3816);
#3818=ADVANCED_FACE('',(#3812),#3817,.T.);
#3819=DIRECTION('',(-0.09802,-0.99518,0.));
#3820=VECTOR('',#3819,5.48896);
#3821=LINE('',#2943,#3820);
#3822=EDGE_CURVE('',#2944,#3792,#3821,.T.);
#3823=ORIENTED_EDGE('',*,*,#3822,.F.);
#3824=ORIENTED_EDGE('',*,*,#2969,.T.);
#3825=DIRECTION('',(-0.09802,-0.99518,0.));
#3826=VECTOR('',#3825,4.70482);
#3827=LINE('',#2959,#3826);
#3828=EDGE_CURVE('',#2960,#3799,#3827,.T.);
#3829=ORIENTED_EDGE('',*,*,#3828,.T.);
#3830=ORIENTED_EDGE('',*,*,#3803,.F.);
#3831=EDGE_LOOP('',(#3823,#3824,#3829,#3830));
#3832=FACE_OUTER_BOUND('',#3831,.T.);
#3833=CARTESIAN_POINT('',(267.46199,-5.46253,369.));
#3834=DIRECTION('',(0.89098,-0.08775,0.44549));
#3835=DIRECTION('',(0.09802,0.99518,0.));
#3836=AXIS2_PLACEMENT_3D('',#3833,#3834,#3835);
#3837=PLANE('',#3836);
#3838=ADVANCED_FACE('',(#3832),#3837,.T.);
#3839=ORIENTED_EDGE('',*,*,#3796,.F.);
#3840=ORIENTED_EDGE('',*,*,#3768,.F.);
#3841=ORIENTED_EDGE('',*,*,#3740,.F.);
#3842=ORIENTED_EDGE('',*,*,#3712,.F.);
#3843=ORIENTED_EDGE('',*,*,#3684,.F.);
#3844=ORIENTED_EDGE('',*,*,#3656,.F.);
#3845=ORIENTED_EDGE('',*,*,#3628,.F.);
#3846=ORIENTED_EDGE('',*,*,#3600,.F.);
#3847=ORIENTED_EDGE('',*,*,#3572,.F.);
#3848=ORIENTED_EDGE('',*,*,#3544,.F.);
#3849=ORIENTED_EDGE('',*,*,#3516,.F.);
#3850=ORIENTED_EDGE('',*,*,#3488,.F.);
#3851=ORIENTED_EDGE('',*,*,#3460,.F.);
#3852=ORIENTED_EDGE('',*,*,#3432,.F.);
#3853=ORIENTED_EDGE('',*,*,#3404,.F.);
#3854=ORIENTED_EDGE('',*,*,#3376,.F.);
#3855=ORIENTED_EDGE('',*,*,#3348,.F.);
#3856=ORIENTED_EDGE('',*,*,#3320,.F.);
#3857=ORIENTED_EDGE('',*,*,#3292,.F.);
#3858=ORIENTED_EDGE('',*,*,#3264,.F.);
#3859=ORIENTED_EDGE('',*,*,#3236,.F.);
#3860=ORIENTED_EDGE('',*,*,#3208,.F.);
#3861=ORIENTED_EDGE('',*,*,#3180,.F.);
#3862=ORIENTED_EDGE('',*,*,#3152,.F.);
#3863=ORIENTED_EDGE('',*,*,#3124,.F.);
#3864=ORIENTED_EDGE('',*,*,#3096,.F.);
#3865=ORIENTED_EDGE('',*,*,#3068,.F.);
#3866=ORIENTED_EDGE('',*,*,#3040,.F.);
#3867=ORIENTED_EDGE('',*,*,#3012,.F.);
#3868=ORIENTED_EDGE('',*,*,#2984,.F.);
#3869=ORIENTED_EDGE('',*,*,#2950,.F.);
#3870=ORIENTED_EDGE('',*,*,#3822,.T.);
#3871=EDGE_LOOP('',(#3839,#3840,#3841,#3842,#3843,#3844,#3845,#3846,#3847,#3848,#3849,#3850,#3851,#3852,#3853,#3854,#3855,#3856,#3857,#3858,#3859,#3860,#3861,#3862,#3863,#3864,#3865,#3866,#3867,#3868,#3869,#3870));
#3872=FACE_OUTER_BOUND('',#3871,.T.);
#3873=CARTESIAN_POINT('',(267.46199,-5.46253,369.));
#3874=DIRECTION('',(0.,0.,-1.));
#3875=DIRECTION('',(-0.29028,-0.95694,0.));
#3876=AXIS2_PLACEMENT_3D('',#3873,#3874,#3875);
#3877=PLANE('',#3876);
#3878=ADVANCED_FACE('',(#3872),#3877,.T.);
#3879=ORIENTED_EDGE('',*,*,#2964,.T.);
#3880=ORIENTED_EDGE('',*,*,#2996,.T.);
#3881=ORIENTED_EDGE('',*,*,#3024,.T.);
#3882=ORIENTED_EDGE('',*,*,#3052,.T.);
#3883=ORIENTED_EDGE('',*,*,#3080,.T.);
#3884=ORIENTED_EDGE('',*,*,#3108,.T.);
#3885=ORIENTED_EDGE('',*,*,#3136,.T.);
#3886=ORIENTED_EDGE('',*,*,#3164,.T.);
#3887=ORIENTED_EDGE('',*,*,#3192,.T.);
#3888=ORIENTED_EDGE('',*,*,#3220,.T.);
#3889=ORIENTED_EDGE('',*,*,#3248,.T.);
#3890=ORIENTED_EDGE('',*,*,#3276,.T.);
#3891=ORIENTED_EDGE('',*,*,#3304,.T.);
#3892=ORIENTED_EDGE('',*,*,#3332,.T.);
#3893=ORIENTED_EDGE('',*,*,#3360,.T.);
#3894=ORIENTED_EDGE('',*,*,#3388,.T.);
#3895=ORIENTED_EDGE('',*,*,#3416,.T.);
#3896=ORIENTED_EDGE('',*,*,#3444,.T.);
#3897=ORIENTED_EDGE('',*,*,#3472,.T.);
#3898=ORIENTED_EDGE('',*,*,#3500,.T.);
#3899=ORIENTED_EDGE('',*,*,#3528,.T.);
#3900=ORIENTED_EDGE('',*,*,#3556,.T.);
#3901=ORIENTED_EDGE('',*,*,#3584,.T.);
#3902=ORIENTED_EDGE('',*,*,#3612,.T.);
#3903=ORIENTED_EDGE('',*,*,#3640,.T.);
#3904=ORIENTED_EDGE('',*,*,#3668,.T.);
#3905=ORIENTED_EDGE('',*,*,#3696,.T.);
#3906=ORIENTED_EDGE('',*,*,#3724,.T.);
#3907=ORIENTED_EDGE('',*,*,#3752,.T.);
#3908=ORIENTED_EDGE('',*,*,#3780,.T.);
#3909=ORIENTED_EDGE('',*,*,#3808,.T.);
#3910=ORIENTED_EDGE('',*,*,#3828,.F.);
#3911=EDGE_LOOP('',(#3879,#3880,#3881,#3882,#3883,#3884,#3885,#3886,#3887,#3888,#3889,#3890,#3891,#3892,#3893,#3894,#3895,#3896,#3897,#3898,#3899,#3900,#3901,#3902,#3903,#3904,#3905,#3906,#3907,#3908,#3909,#3910));
#3912=FACE_OUTER_BOUND('',#3911,.T.);
#3913=CARTESIAN_POINT('',(264.,0.,377.));
#3914=DIRECTION('',(0.,0.,1.));
#3915=DIRECTION('',(-0.09802,0.99518,0.));
#3916=AXIS2_PLACEMENT_3D('',#3913,#3914,#3915);
#3917=PLANE('',#3916);
#3918=ADVANCED_FACE('',(#3912),#3917,.T.);
#3919=CLOSED_SHELL('',(#2978,#3006,#3034,#3062,#3090,#3118,#3146,#3174,#3202,#3230,#3258,#3286,#3314,#3342,#3370,#3398,#3426,#3454,#3482,#3510,#3538,#3566,#3594,#3622,#3650,#3678,#3706,#3734,#3762,#3790,#3818,#3838,#3878,#3918));
#3920=MANIFOLD_SOLID_BREP('',#3919);
#3921=STYLED_ITEM('color',(#1962),#3920);
#3922=CARTESIAN_POINT('',(310.,30.7735,323.));
#3923=VERTEX_POINT('',#3922);
#3924=CARTESIAN_POINT('',(300.,36.54701,323.));
#3925=VERTEX_POINT('',#3924);
#3926=DIRECTION('',(-0.86603,0.5,0.));
#3927=VECTOR('',#3926,11.54701);
#3928=LINE('',#3922,#3927);
#3929=EDGE_CURVE('',#3923,#3925,#3928,.T.);
#3930=ORIENTED_EDGE('',*,*,#3929,.T.);
#3931=CARTESIAN_POINT('',(300.,36.54701,332.));
#3932=VERTEX_POINT('',#3931);
#3933=DIRECTION('',(0.,0.,1.));
#3934=VECTOR('',#3933,9.);
#3935=LINE('',#3924,#3934);
#3936=EDGE_CURVE('',#3925,#3932,#3935,.T.);
#3937=ORIENTED_EDGE('',*,*,#3936,.T.);
#3938=CARTESIAN_POINT('',(310.,30.7735,332.));
#3939=VERTEX_POINT('',#3938);
#3940=DIRECTION('',(-0.86603,0.5,0.));
#3941=VECTOR('',#3940,11.54701);
#3942=LINE('',#3938,#3941);
#3943=EDGE_CURVE('',#3939,#3932,#3942,.T.);
#3944=ORIENTED_EDGE('',*,*,#3943,.F.);
#3945=DIRECTION('',(0.,0.,1.));
#3946=VECTOR('',#3945,9.);
#3947=LINE('',#3922,#3946);
#3948=EDGE_CURVE('',#3923,#3939,#3947,.T.);
#3949=ORIENTED_EDGE('',*,*,#3948,.F.);
#3950=EDGE_LOOP('',(#3930,#3937,#3944,#3949));
#3951=FACE_OUTER_BOUND('',#3950,.T.);
#3952=CARTESIAN_POINT('',(310.,30.7735,323.));
#3953=DIRECTION('',(0.5,0.86603,0.));
#3954=DIRECTION('',(-0.86603,0.5,0.));
#3955=AXIS2_PLACEMENT_3D('',#3952,#3953,#3954);
#3956=PLANE('',#3955);
#3957=ADVANCED_FACE('',(#3951),#3956,.T.);
#3958=CARTESIAN_POINT('',(290.,30.7735,323.));
#3959=VERTEX_POINT('',#3958);
#3960=DIRECTION('',(-0.86603,-0.5,0.));
#3961=VECTOR('',#3960,11.54701);
#3962=LINE('',#3924,#3961);
#3963=EDGE_CURVE('',#3925,#3959,#3962,.T.);
#3964=ORIENTED_EDGE('',*,*,#3963,.T.);
#3965=CARTESIAN_POINT('',(290.,30.7735,332.));
#3966=VERTEX_POINT('',#3965);
#3967=DIRECTION('',(0.,0.,1.));
#3968=VECTOR('',#3967,9.);
#3969=LINE('',#3958,#3968);
#3970=EDGE_CURVE('',#3959,#3966,#3969,.T.);
#3971=ORIENTED_EDGE('',*,*,#3970,.T.);
#3972=DIRECTION('',(-0.86603,-0.5,0.));
#3973=VECTOR('',#3972,11.54701);
#3974=LINE('',#3931,#3973);
#3975=EDGE_CURVE('',#3932,#3966,#3974,.T.);
#3976=ORIENTED_EDGE('',*,*,#3975,.F.);
#3977=ORIENTED_EDGE('',*,*,#3936,.F.);
#3978=EDGE_LOOP('',(#3964,#3971,#3976,#3977));
#3979=FACE_OUTER_BOUND('',#3978,.T.);
#3980=CARTESIAN_POINT('',(300.,36.54701,323.));
#3981=DIRECTION('',(-0.5,0.86603,0.));
#3982=DIRECTION('',(-0.86603,-0.5,0.));
#3983=AXIS2_PLACEMENT_3D('',#3980,#3981,#3982);
#3984=PLANE('',#3983);
#3985=ADVANCED_FACE('',(#3979),#3984,.T.);
#3986=CARTESIAN_POINT('',(290.,19.2265,323.));
#3987=VERTEX_POINT('',#3986);
#3988=DIRECTION('',(0.,-1.,0.));
#3989=VECTOR('',#3988,11.54701);
#3990=LINE('',#3958,#3989);
#3991=EDGE_CURVE('',#3959,#3987,#3990,.T.);
#3992=ORIENTED_EDGE('',*,*,#3991,.T.);
#3993=CARTESIAN_POINT('',(290.,19.2265,332.));
#3994=VERTEX_POINT('',#3993);
#3995=DIRECTION('',(0.,0.,1.));
#3996=VECTOR('',#3995,9.);
#3997=LINE('',#3986,#3996);
#3998=EDGE_CURVE('',#3987,#3994,#3997,.T.);
#3999=ORIENTED_EDGE('',*,*,#3998,.T.);
#4000=DIRECTION('',(0.,-1.,0.));
#4001=VECTOR('',#4000,11.54701);
#4002=LINE('',#3965,#4001);
#4003=EDGE_CURVE('',#3966,#3994,#4002,.T.);
#4004=ORIENTED_EDGE('',*,*,#4003,.F.);
#4005=ORIENTED_EDGE('',*,*,#3970,.F.);
#4006=EDGE_LOOP('',(#3992,#3999,#4004,#4005));
#4007=FACE_OUTER_BOUND('',#4006,.T.);
#4008=CARTESIAN_POINT('',(290.,30.7735,323.));
#4009=DIRECTION('',(-1.,0.,0.));
#4010=DIRECTION('',(0.,-1.,0.));
#4011=AXIS2_PLACEMENT_3D('',#4008,#4009,#4010);
#4012=PLANE('',#4011);
#4013=ADVANCED_FACE('',(#4007),#4012,.T.);
#4014=CARTESIAN_POINT('',(300.,13.45299,323.));
#4015=VERTEX_POINT('',#4014);
#4016=DIRECTION('',(0.86603,-0.5,0.));
#4017=VECTOR('',#4016,11.54701);
#4018=LINE('',#3986,#4017);
#4019=EDGE_CURVE('',#3987,#4015,#4018,.T.);
#4020=ORIENTED_EDGE('',*,*,#4019,.T.);
#4021=CARTESIAN_POINT('',(300.,13.45299,332.));
#4022=VERTEX_POINT('',#4021);
#4023=DIRECTION('',(0.,0.,1.));
#4024=VECTOR('',#4023,9.);
#4025=LINE('',#4014,#4024);
#4026=EDGE_CURVE('',#4015,#4022,#4025,.T.);
#4027=ORIENTED_EDGE('',*,*,#4026,.T.);
#4028=DIRECTION('',(0.86603,-0.5,0.));
#4029=VECTOR('',#4028,11.54701);
#4030=LINE('',#3993,#4029);
#4031=EDGE_CURVE('',#3994,#4022,#4030,.T.);
#4032=ORIENTED_EDGE('',*,*,#4031,.F.);
#4033=ORIENTED_EDGE('',*,*,#3998,.F.);
#4034=EDGE_LOOP('',(#4020,#4027,#4032,#4033));
#4035=FACE_OUTER_BOUND('',#4034,.T.);
#4036=CARTESIAN_POINT('',(290.,19.2265,323.));
#4037=DIRECTION('',(-0.5,-0.86603,0.));
#4038=DIRECTION('',(0.86603,-0.5,0.));
#4039=AXIS2_PLACEMENT_3D('',#4036,#4037,#4038);
#4040=PLANE('',#4039);
#4041=ADVANCED_FACE('',(#4035),#4040,.T.);
#4042=CARTESIAN_POINT('',(310.,19.2265,323.));
#4043=VERTEX_POINT('',#4042);
#4044=DIRECTION('',(0.86603,0.5,0.));
#4045=VECTOR('',#4044,11.54701);
#4046=LINE('',#4014,#4045);
#4047=EDGE_CURVE('',#4015,#4043,#4046,.T.);
#4048=ORIENTED_EDGE('',*,*,#4047,.T.);
#4049=CARTESIAN_POINT('',(310.,19.2265,332.));
#4050=VERTEX_POINT('',#4049);
#4051=DIRECTION('',(0.,0.,1.));
#4052=VECTOR('',#4051,9.);
#4053=LINE('',#4042,#4052);
#4054=EDGE_CURVE('',#4043,#4050,#4053,.T.);
#4055=ORIENTED_EDGE('',*,*,#4054,.T.);
#4056=DIRECTION('',(0.86603,0.5,0.));
#4057=VECTOR('',#4056,11.54701);
#4058=LINE('',#4021,#4057);
#4059=EDGE_CURVE('',#4022,#4050,#4058,.T.);
#4060=ORIENTED_EDGE('',*,*,#4059,.F.);
#4061=ORIENTED_EDGE('',*,*,#4026,.F.);
#4062=EDGE_LOOP('',(#4048,#4055,#4060,#4061));
#4063=FACE_OUTER_BOUND('',#4062,.T.);
#4064=CARTESIAN_POINT('',(300.,13.45299,323.));
#4065=DIRECTION('',(0.5,-0.86603,0.));
#4066=DIRECTION('',(0.86603,0.5,0.));
#4067=AXIS2_PLACEMENT_3D('',#4064,#4065,#4066);
#4068=PLANE('',#4067);
#4069=ADVANCED_FACE('',(#4063),#4068,.T.);
#4070=DIRECTION('',(0.,-1.,0.));
#4071=VECTOR('',#4070,11.54701);
#4072=LINE('',#3922,#4071);
#4073=EDGE_CURVE('',#3923,#4043,#4072,.T.);
#4074=ORIENTED_EDGE('',*,*,#4073,.F.);
#4075=ORIENTED_EDGE('',*,*,#3948,.T.);
#4076=DIRECTION('',(0.,-1.,0.));
#4077=VECTOR('',#4076,11.54701);
#4078=LINE('',#3938,#4077);
#4079=EDGE_CURVE('',#3939,#4050,#4078,.T.);
#4080=ORIENTED_EDGE('',*,*,#4079,.T.);
#4081=ORIENTED_EDGE('',*,*,#4054,.F.);
#4082=EDGE_LOOP('',(#4074,#4075,#4080,#4081));
#4083=FACE_OUTER_BOUND('',#4082,.T.);
#4084=CARTESIAN_POINT('',(310.,19.2265,323.));
#4085=DIRECTION('',(1.,0.,0.));
#4086=DIRECTION('',(0.,1.,0.));
#4087=AXIS2_PLACEMENT_3D('',#4084,#4085,#4086);
#4088=PLANE('',#4087);
#4089=ADVANCED_FACE('',(#4083),#4088,.T.);
#4090=ORIENTED_EDGE('',*,*,#4047,.F.);
#4091=ORIENTED_EDGE('',*,*,#4019,.F.);
#4092=ORIENTED_EDGE('',*,*,#3991,.F.);
#4093=ORIENTED_EDGE('',*,*,#3963,.F.);
#4094=ORIENTED_EDGE('',*,*,#3929,.F.);
#4095=ORIENTED_EDGE('',*,*,#4073,.T.);
#4096=EDGE_LOOP('',(#4090,#4091,#4092,#4093,#4094,#4095));
#4097=FACE_OUTER_BOUND('',#4096,.T.);
#4098=CARTESIAN_POINT('',(310.,19.2265,323.));
#4099=DIRECTION('',(0.,0.,-1.));
#4100=DIRECTION('',(-0.86603,-0.5,0.));
#4101=AXIS2_PLACEMENT_3D('',#4098,#4099,#4100);
#4102=PLANE('',#4101);
#4103=ADVANCED_FACE('',(#4097),#4102,.T.);
#4104=ORIENTED_EDGE('',*,*,#3943,.T.);
#4105=ORIENTED_EDGE('',*,*,#3975,.T.);
#4106=ORIENTED_EDGE('',*,*,#4003,.T.);
#4107=ORIENTED_EDGE('',*,*,#4031,.T.);
#4108=ORIENTED_EDGE('',*,*,#4059,.T.);
#4109=ORIENTED_EDGE('',*,*,#4079,.F.);
#4110=EDGE_LOOP('',(#4104,#4105,#4106,#4107,#4108,#4109));
#4111=FACE_OUTER_BOUND('',#4110,.T.);
#4112=CARTESIAN_POINT('',(310.,30.7735,332.));
#4113=DIRECTION('',(0.,0.,1.));
#4114=DIRECTION('',(-0.86603,0.5,0.));
#4115=AXIS2_PLACEMENT_3D('',#4112,#4113,#4114);
#4116=PLANE('',#4115);
#4117=ADVANCED_FACE('',(#4111),#4116,.T.);
#4118=CLOSED_SHELL('',(#3957,#3985,#4013,#4041,#4069,#4089,#4103,#4117));
#4119=MANIFOLD_SOLID_BREP('',#4118);
#4120=STYLED_ITEM('color',(#1962),#4119);
#4121=CARTESIAN_POINT('',(308.,25.,332.));
#4122=VERTEX_POINT('',#4121);
#4123=CARTESIAN_POINT('',(307.39104,28.06147,332.));
#4124=VERTEX_POINT('',#4123);
#4125=DIRECTION('',(-0.19509,0.98079,0.));
#4126=VECTOR('',#4125,3.12145);
#4127=LINE('',#4121,#4126);
#4128=EDGE_CURVE('',#4122,#4124,#4127,.T.);
#4129=ORIENTED_EDGE('',*,*,#4128,.T.);
#4130=CARTESIAN_POINT('',(307.39104,28.06147,338.));
#4131=VERTEX_POINT('',#4130);
#4132=DIRECTION('',(0.,0.,1.));
#4133=VECTOR('',#4132,6.);
#4134=LINE('',#4123,#4133);
#4135=EDGE_CURVE('',#4124,#4131,#4134,.T.);
#4136=ORIENTED_EDGE('',*,*,#4135,.T.);
#4137=CARTESIAN_POINT('',(308.,25.,338.));
#4138=VERTEX_POINT('',#4137);
#4139=DIRECTION('',(-0.19509,0.98079,0.));
#4140=VECTOR('',#4139,3.12145);
#4141=LINE('',#4137,#4140);
#4142=EDGE_CURVE('',#4138,#4131,#4141,.T.);
#4143=ORIENTED_EDGE('',*,*,#4142,.F.);
#4144=DIRECTION('',(0.,0.,1.));
#4145=VECTOR('',#4144,6.);
#4146=LINE('',#4121,#4145);
#4147=EDGE_CURVE('',#4122,#4138,#4146,.T.);
#4148=ORIENTED_EDGE('',*,*,#4147,.F.);
#4149=EDGE_LOOP('',(#4129,#4136,#4143,#4148));
#4150=FACE_OUTER_BOUND('',#4149,.T.);
#4151=CARTESIAN_POINT('',(308.,25.,332.));
#4152=DIRECTION('',(0.98079,0.19509,0.));
#4153=DIRECTION('',(-0.19509,0.98079,0.));
#4154=AXIS2_PLACEMENT_3D('',#4151,#4152,#4153);
#4155=PLANE('',#4154);
#4156=ADVANCED_FACE('',(#4150),#4155,.T.);
#4157=CARTESIAN_POINT('',(305.65685,30.65685,332.));
#4158=VERTEX_POINT('',#4157);
#4159=DIRECTION('',(-0.55557,0.83147,0.));
#4160=VECTOR('',#4159,3.12145);
#4161=LINE('',#4123,#4160);
#4162=EDGE_CURVE('',#4124,#4158,#4161,.T.);
#4163=ORIENTED_EDGE('',*,*,#4162,.T.);
#4164=CARTESIAN_POINT('',(305.65685,30.65685,338.));
#4165=VERTEX_POINT('',#4164);
#4166=DIRECTION('',(0.,0.,1.));
#4167=VECTOR('',#4166,6.);
#4168=LINE('',#4157,#4167);
#4169=EDGE_CURVE('',#4158,#4165,#4168,.T.);
#4170=ORIENTED_EDGE('',*,*,#4169,.T.);
#4171=DIRECTION('',(-0.55557,0.83147,0.));
#4172=VECTOR('',#4171,3.12145);
#4173=LINE('',#4130,#4172);
#4174=EDGE_CURVE('',#4131,#4165,#4173,.T.);
#4175=ORIENTED_EDGE('',*,*,#4174,.F.);
#4176=ORIENTED_EDGE('',*,*,#4135,.F.);
#4177=EDGE_LOOP('',(#4163,#4170,#4175,#4176));
#4178=FACE_OUTER_BOUND('',#4177,.T.);
#4179=CARTESIAN_POINT('',(307.39104,28.06147,332.));
#4180=DIRECTION('',(0.83147,0.55557,0.));
#4181=DIRECTION('',(-0.55557,0.83147,0.));
#4182=AXIS2_PLACEMENT_3D('',#4179,#4180,#4181);
#4183=PLANE('',#4182);
#4184=ADVANCED_FACE('',(#4178),#4183,.T.);
#4185=CARTESIAN_POINT('',(303.06147,32.39104,332.));
#4186=VERTEX_POINT('',#4185);
#4187=DIRECTION('',(-0.83147,0.55557,0.));
#4188=VECTOR('',#4187,3.12145);
#4189=LINE('',#4157,#4188);
#4190=EDGE_CURVE('',#4158,#4186,#4189,.T.);
#4191=ORIENTED_EDGE('',*,*,#4190,.T.);
#4192=CARTESIAN_POINT('',(303.06147,32.39104,338.));
#4193=VERTEX_POINT('',#4192);
#4194=DIRECTION('',(0.,0.,1.));
#4195=VECTOR('',#4194,6.);
#4196=LINE('',#4185,#4195);
#4197=EDGE_CURVE('',#4186,#4193,#4196,.T.);
#4198=ORIENTED_EDGE('',*,*,#4197,.T.);
#4199=DIRECTION('',(-0.83147,0.55557,0.));
#4200=VECTOR('',#4199,3.12145);
#4201=LINE('',#4164,#4200);
#4202=EDGE_CURVE('',#4165,#4193,#4201,.T.);
#4203=ORIENTED_EDGE('',*,*,#4202,.F.);
#4204=ORIENTED_EDGE('',*,*,#4169,.F.);
#4205=EDGE_LOOP('',(#4191,#4198,#4203,#4204));
#4206=FACE_OUTER_BOUND('',#4205,.T.);
#4207=CARTESIAN_POINT('',(305.65685,30.65685,332.));
#4208=DIRECTION('',(0.55557,0.83147,0.));
#4209=DIRECTION('',(-0.83147,0.55557,0.));
#4210=AXIS2_PLACEMENT_3D('',#4207,#4208,#4209);
#4211=PLANE('',#4210);
#4212=ADVANCED_FACE('',(#4206),#4211,.T.);
#4213=CARTESIAN_POINT('',(300.,33.,332.));
#4214=VERTEX_POINT('',#4213);
#4215=DIRECTION('',(-0.98079,0.19509,0.));
#4216=VECTOR('',#4215,3.12145);
#4217=LINE('',#4185,#4216);
#4218=EDGE_CURVE('',#4186,#4214,#4217,.T.);
#4219=ORIENTED_EDGE('',*,*,#4218,.T.);
#4220=CARTESIAN_POINT('',(300.,33.,338.));
#4221=VERTEX_POINT('',#4220);
#4222=DIRECTION('',(0.,0.,1.));
#4223=VECTOR('',#4222,6.);
#4224=LINE('',#4213,#4223);
#4225=EDGE_CURVE('',#4214,#4221,#4224,.T.);
#4226=ORIENTED_EDGE('',*,*,#4225,.T.);
#4227=DIRECTION('',(-0.98079,0.19509,0.));
#4228=VECTOR('',#4227,3.12145);
#4229=LINE('',#4192,#4228);
#4230=EDGE_CURVE('',#4193,#4221,#4229,.T.);
#4231=ORIENTED_EDGE('',*,*,#4230,.F.);
#4232=ORIENTED_EDGE('',*,*,#4197,.F.);
#4233=EDGE_LOOP('',(#4219,#4226,#4231,#4232));
#4234=FACE_OUTER_BOUND('',#4233,.T.);
#4235=CARTESIAN_POINT('',(303.06147,32.39104,332.));
#4236=DIRECTION('',(0.19509,0.98079,0.));
#4237=DIRECTION('',(-0.98079,0.19509,0.));
#4238=AXIS2_PLACEMENT_3D('',#4235,#4236,#4237);
#4239=PLANE('',#4238);
#4240=ADVANCED_FACE('',(#4234),#4239,.T.);
#4241=CARTESIAN_POINT('',(296.93853,32.39104,332.));
#4242=VERTEX_POINT('',#4241);
#4243=DIRECTION('',(-0.98079,-0.19509,0.));
#4244=VECTOR('',#4243,3.12145);
#4245=LINE('',#4213,#4244);
#4246=EDGE_CURVE('',#4214,#4242,#4245,.T.);
#4247=ORIENTED_EDGE('',*,*,#4246,.T.);
#4248=CARTESIAN_POINT('',(296.93853,32.39104,338.));
#4249=VERTEX_POINT('',#4248);
#4250=DIRECTION('',(0.,0.,1.));
#4251=VECTOR('',#4250,6.);
#4252=LINE('',#4241,#4251);
#4253=EDGE_CURVE('',#4242,#4249,#4252,.T.);
#4254=ORIENTED_EDGE('',*,*,#4253,.T.);
#4255=DIRECTION('',(-0.98079,-0.19509,0.));
#4256=VECTOR('',#4255,3.12145);
#4257=LINE('',#4220,#4256);
#4258=EDGE_CURVE('',#4221,#4249,#4257,.T.);
#4259=ORIENTED_EDGE('',*,*,#4258,.F.);
#4260=ORIENTED_EDGE('',*,*,#4225,.F.);
#4261=EDGE_LOOP('',(#4247,#4254,#4259,#4260));
#4262=FACE_OUTER_BOUND('',#4261,.T.);
#4263=CARTESIAN_POINT('',(300.,33.,332.));
#4264=DIRECTION('',(-0.19509,0.98079,0.));
#4265=DIRECTION('',(-0.98079,-0.19509,0.));
#4266=AXIS2_PLACEMENT_3D('',#4263,#4264,#4265);
#4267=PLANE('',#4266);
#4268=ADVANCED_FACE('',(#4262),#4267,.T.);
#4269=CARTESIAN_POINT('',(294.34315,30.65685,332.));
#4270=VERTEX_POINT('',#4269);
#4271=DIRECTION('',(-0.83147,-0.55557,0.));
#4272=VECTOR('',#4271,3.12145);
#4273=LINE('',#4241,#4272);
#4274=EDGE_CURVE('',#4242,#4270,#4273,.T.);
#4275=ORIENTED_EDGE('',*,*,#4274,.T.);
#4276=CARTESIAN_POINT('',(294.34315,30.65685,338.));
#4277=VERTEX_POINT('',#4276);
#4278=DIRECTION('',(0.,0.,1.));
#4279=VECTOR('',#4278,6.);
#4280=LINE('',#4269,#4279);
#4281=EDGE_CURVE('',#4270,#4277,#4280,.T.);
#4282=ORIENTED_EDGE('',*,*,#4281,.T.);
#4283=DIRECTION('',(-0.83147,-0.55557,0.));
#4284=VECTOR('',#4283,3.12145);
#4285=LINE('',#4248,#4284);
#4286=EDGE_CURVE('',#4249,#4277,#4285,.T.);
#4287=ORIENTED_EDGE('',*,*,#4286,.F.);
#4288=ORIENTED_EDGE('',*,*,#4253,.F.);
#4289=EDGE_LOOP('',(#4275,#4282,#4287,#4288));
#4290=FACE_OUTER_BOUND('',#4289,.T.);
#4291=CARTESIAN_POINT('',(296.93853,32.39104,332.));
#4292=DIRECTION('',(-0.55557,0.83147,0.));
#4293=DIRECTION('',(-0.83147,-0.55557,0.));
#4294=AXIS2_PLACEMENT_3D('',#4291,#4292,#4293);
#4295=PLANE('',#4294);
#4296=ADVANCED_FACE('',(#4290),#4295,.T.);
#4297=CARTESIAN_POINT('',(292.60896,28.06147,332.));
#4298=VERTEX_POINT('',#4297);
#4299=DIRECTION('',(-0.55557,-0.83147,0.));
#4300=VECTOR('',#4299,3.12145);
#4301=LINE('',#4269,#4300);
#4302=EDGE_CURVE('',#4270,#4298,#4301,.T.);
#4303=ORIENTED_EDGE('',*,*,#4302,.T.);
#4304=CARTESIAN_POINT('',(292.60896,28.06147,338.));
#4305=VERTEX_POINT('',#4304);
#4306=DIRECTION('',(0.,0.,1.));
#4307=VECTOR('',#4306,6.);
#4308=LINE('',#4297,#4307);
#4309=EDGE_CURVE('',#4298,#4305,#4308,.T.);
#4310=ORIENTED_EDGE('',*,*,#4309,.T.);
#4311=DIRECTION('',(-0.55557,-0.83147,0.));
#4312=VECTOR('',#4311,3.12145);
#4313=LINE('',#4276,#4312);
#4314=EDGE_CURVE('',#4277,#4305,#4313,.T.);
#4315=ORIENTED_EDGE('',*,*,#4314,.F.);
#4316=ORIENTED_EDGE('',*,*,#4281,.F.);
#4317=EDGE_LOOP('',(#4303,#4310,#4315,#4316));
#4318=FACE_OUTER_BOUND('',#4317,.T.);
#4319=CARTESIAN_POINT('',(294.34315,30.65685,332.));
#4320=DIRECTION('',(-0.83147,0.55557,0.));
#4321=DIRECTION('',(-0.55557,-0.83147,0.));
#4322=AXIS2_PLACEMENT_3D('',#4319,#4320,#4321);
#4323=PLANE('',#4322);
#4324=ADVANCED_FACE('',(#4318),#4323,.T.);
#4325=CARTESIAN_POINT('',(292.,25.,332.));
#4326=VERTEX_POINT('',#4325);
#4327=DIRECTION('',(-0.19509,-0.98079,0.));
#4328=VECTOR('',#4327,3.12145);
#4329=LINE('',#4297,#4328);
#4330=EDGE_CURVE('',#4298,#4326,#4329,.T.);
#4331=ORIENTED_EDGE('',*,*,#4330,.T.);
#4332=CARTESIAN_POINT('',(292.,25.,338.));
#4333=VERTEX_POINT('',#4332);
#4334=DIRECTION('',(0.,0.,1.));
#4335=VECTOR('',#4334,6.);
#4336=LINE('',#4325,#4335);
#4337=EDGE_CURVE('',#4326,#4333,#4336,.T.);
#4338=ORIENTED_EDGE('',*,*,#4337,.T.);
#4339=DIRECTION('',(-0.19509,-0.98079,0.));
#4340=VECTOR('',#4339,3.12145);
#4341=LINE('',#4304,#4340);
#4342=EDGE_CURVE('',#4305,#4333,#4341,.T.);
#4343=ORIENTED_EDGE('',*,*,#4342,.F.);
#4344=ORIENTED_EDGE('',*,*,#4309,.F.);
#4345=EDGE_LOOP('',(#4331,#4338,#4343,#4344));
#4346=FACE_OUTER_BOUND('',#4345,.T.);
#4347=CARTESIAN_POINT('',(292.60896,28.06147,332.));
#4348=DIRECTION('',(-0.98079,0.19509,0.));
#4349=DIRECTION('',(-0.19509,-0.98079,0.));
#4350=AXIS2_PLACEMENT_3D('',#4347,#4348,#4349);
#4351=PLANE('',#4350);
#4352=ADVANCED_FACE('',(#4346),#4351,.T.);
#4353=CARTESIAN_POINT('',(292.60896,21.93853,332.));
#4354=VERTEX_POINT('',#4353);
#4355=DIRECTION('',(0.19509,-0.98079,0.));
#4356=VECTOR('',#4355,3.12145);
#4357=LINE('',#4325,#4356);
#4358=EDGE_CURVE('',#4326,#4354,#4357,.T.);
#4359=ORIENTED_EDGE('',*,*,#4358,.T.);
#4360=CARTESIAN_POINT('',(292.60896,21.93853,338.));
#4361=VERTEX_POINT('',#4360);
#4362=DIRECTION('',(0.,0.,1.));
#4363=VECTOR('',#4362,6.);
#4364=LINE('',#4353,#4363);
#4365=EDGE_CURVE('',#4354,#4361,#4364,.T.);
#4366=ORIENTED_EDGE('',*,*,#4365,.T.);
#4367=DIRECTION('',(0.19509,-0.98079,0.));
#4368=VECTOR('',#4367,3.12145);
#4369=LINE('',#4332,#4368);
#4370=EDGE_CURVE('',#4333,#4361,#4369,.T.);
#4371=ORIENTED_EDGE('',*,*,#4370,.F.);
#4372=ORIENTED_EDGE('',*,*,#4337,.F.);
#4373=EDGE_LOOP('',(#4359,#4366,#4371,#4372));
#4374=FACE_OUTER_BOUND('',#4373,.T.);
#4375=CARTESIAN_POINT('',(292.,25.,332.));
#4376=DIRECTION('',(-0.98079,-0.19509,0.));
#4377=DIRECTION('',(0.19509,-0.98079,0.));
#4378=AXIS2_PLACEMENT_3D('',#4375,#4376,#4377);
#4379=PLANE('',#4378);
#4380=ADVANCED_FACE('',(#4374),#4379,.T.);
#4381=CARTESIAN_POINT('',(294.34315,19.34315,332.));
#4382=VERTEX_POINT('',#4381);
#4383=DIRECTION('',(0.55557,-0.83147,0.));
#4384=VECTOR('',#4383,3.12145);
#4385=LINE('',#4353,#4384);
#4386=EDGE_CURVE('',#4354,#4382,#4385,.T.);
#4387=ORIENTED_EDGE('',*,*,#4386,.T.);
#4388=CARTESIAN_POINT('',(294.34315,19.34315,338.));
#4389=VERTEX_POINT('',#4388);
#4390=DIRECTION('',(0.,0.,1.));
#4391=VECTOR('',#4390,6.);
#4392=LINE('',#4381,#4391);
#4393=EDGE_CURVE('',#4382,#4389,#4392,.T.);
#4394=ORIENTED_EDGE('',*,*,#4393,.T.);
#4395=DIRECTION('',(0.55557,-0.83147,0.));
#4396=VECTOR('',#4395,3.12145);
#4397=LINE('',#4360,#4396);
#4398=EDGE_CURVE('',#4361,#4389,#4397,.T.);
#4399=ORIENTED_EDGE('',*,*,#4398,.F.);
#4400=ORIENTED_EDGE('',*,*,#4365,.F.);
#4401=EDGE_LOOP('',(#4387,#4394,#4399,#4400));
#4402=FACE_OUTER_BOUND('',#4401,.T.);
#4403=CARTESIAN_POINT('',(292.60896,21.93853,332.));
#4404=DIRECTION('',(-0.83147,-0.55557,0.));
#4405=DIRECTION('',(0.55557,-0.83147,0.));
#4406=AXIS2_PLACEMENT_3D('',#4403,#4404,#4405);
#4407=PLANE('',#4406);
#4408=ADVANCED_FACE('',(#4402),#4407,.T.);
#4409=CARTESIAN_POINT('',(296.93853,17.60896,332.));
#4410=VERTEX_POINT('',#4409);
#4411=DIRECTION('',(0.83147,-0.55557,0.));
#4412=VECTOR('',#4411,3.12145);
#4413=LINE('',#4381,#4412);
#4414=EDGE_CURVE('',#4382,#4410,#4413,.T.);
#4415=ORIENTED_EDGE('',*,*,#4414,.T.);
#4416=CARTESIAN_POINT('',(296.93853,17.60896,338.));
#4417=VERTEX_POINT('',#4416);
#4418=DIRECTION('',(0.,0.,1.));
#4419=VECTOR('',#4418,6.);
#4420=LINE('',#4409,#4419);
#4421=EDGE_CURVE('',#4410,#4417,#4420,.T.);
#4422=ORIENTED_EDGE('',*,*,#4421,.T.);
#4423=DIRECTION('',(0.83147,-0.55557,0.));
#4424=VECTOR('',#4423,3.12145);
#4425=LINE('',#4388,#4424);
#4426=EDGE_CURVE('',#4389,#4417,#4425,.T.);
#4427=ORIENTED_EDGE('',*,*,#4426,.F.);
#4428=ORIENTED_EDGE('',*,*,#4393,.F.);
#4429=EDGE_LOOP('',(#4415,#4422,#4427,#4428));
#4430=FACE_OUTER_BOUND('',#4429,.T.);
#4431=CARTESIAN_POINT('',(294.34315,19.34315,332.));
#4432=DIRECTION('',(-0.55557,-0.83147,0.));
#4433=DIRECTION('',(0.83147,-0.55557,0.));
#4434=AXIS2_PLACEMENT_3D('',#4431,#4432,#4433);
#4435=PLANE('',#4434);
#4436=ADVANCED_FACE('',(#4430),#4435,.T.);
#4437=CARTESIAN_POINT('',(300.,17.,332.));
#4438=VERTEX_POINT('',#4437);
#4439=DIRECTION('',(0.98079,-0.19509,0.));
#4440=VECTOR('',#4439,3.12145);
#4441=LINE('',#4409,#4440);
#4442=EDGE_CURVE('',#4410,#4438,#4441,.T.);
#4443=ORIENTED_EDGE('',*,*,#4442,.T.);
#4444=CARTESIAN_POINT('',(300.,17.,338.));
#4445=VERTEX_POINT('',#4444);
#4446=DIRECTION('',(0.,0.,1.));
#4447=VECTOR('',#4446,6.);
#4448=LINE('',#4437,#4447);
#4449=EDGE_CURVE('',#4438,#4445,#4448,.T.);
#4450=ORIENTED_EDGE('',*,*,#4449,.T.);
#4451=DIRECTION('',(0.98079,-0.19509,0.));
#4452=VECTOR('',#4451,3.12145);
#4453=LINE('',#4416,#4452);
#4454=EDGE_CURVE('',#4417,#4445,#4453,.T.);
#4455=ORIENTED_EDGE('',*,*,#4454,.F.);
#4456=ORIENTED_EDGE('',*,*,#4421,.F.);
#4457=EDGE_LOOP('',(#4443,#4450,#4455,#4456));
#4458=FACE_OUTER_BOUND('',#4457,.T.);
#4459=CARTESIAN_POINT('',(296.93853,17.60896,332.));
#4460=DIRECTION('',(-0.19509,-0.98079,0.));
#4461=DIRECTION('',(0.98079,-0.19509,0.));
#4462=AXIS2_PLACEMENT_3D('',#4459,#4460,#4461);
#4463=PLANE('',#4462);
#4464=ADVANCED_FACE('',(#4458),#4463,.T.);
#4465=CARTESIAN_POINT('',(303.06147,17.60896,332.));
#4466=VERTEX_POINT('',#4465);
#4467=DIRECTION('',(0.98079,0.19509,0.));
#4468=VECTOR('',#4467,3.12145);
#4469=LINE('',#4437,#4468);
#4470=EDGE_CURVE('',#4438,#4466,#4469,.T.);
#4471=ORIENTED_EDGE('',*,*,#4470,.T.);
#4472=CARTESIAN_POINT('',(303.06147,17.60896,338.));
#4473=VERTEX_POINT('',#4472);
#4474=DIRECTION('',(0.,0.,1.));
#4475=VECTOR('',#4474,6.);
#4476=LINE('',#4465,#4475);
#4477=EDGE_CURVE('',#4466,#4473,#4476,.T.);
#4478=ORIENTED_EDGE('',*,*,#4477,.T.);
#4479=DIRECTION('',(0.98079,0.19509,0.));
#4480=VECTOR('',#4479,3.12145);
#4481=LINE('',#4444,#4480);
#4482=EDGE_CURVE('',#4445,#4473,#4481,.T.);
#4483=ORIENTED_EDGE('',*,*,#4482,.F.);
#4484=ORIENTED_EDGE('',*,*,#4449,.F.);
#4485=EDGE_LOOP('',(#4471,#4478,#4483,#4484));
#4486=FACE_OUTER_BOUND('',#4485,.T.);
#4487=CARTESIAN_POINT('',(300.,17.,332.));
#4488=DIRECTION('',(0.19509,-0.98079,0.));
#4489=DIRECTION('',(0.98079,0.19509,0.));
#4490=AXIS2_PLACEMENT_3D('',#4487,#4488,#4489);
#4491=PLANE('',#4490);
#4492=ADVANCED_FACE('',(#4486),#4491,.T.);
#4493=CARTESIAN_POINT('',(305.65685,19.34315,332.));
#4494=VERTEX_POINT('',#4493);
#4495=DIRECTION('',(0.83147,0.55557,0.));
#4496=VECTOR('',#4495,3.12145);
#4497=LINE('',#4465,#4496);
#4498=EDGE_CURVE('',#4466,#4494,#4497,.T.);
#4499=ORIENTED_EDGE('',*,*,#4498,.T.);
#4500=CARTESIAN_POINT('',(305.65685,19.34315,338.));
#4501=VERTEX_POINT('',#4500);
#4502=DIRECTION('',(0.,0.,1.));
#4503=VECTOR('',#4502,6.);
#4504=LINE('',#4493,#4503);
#4505=EDGE_CURVE('',#4494,#4501,#4504,.T.);
#4506=ORIENTED_EDGE('',*,*,#4505,.T.);
#4507=DIRECTION('',(0.83147,0.55557,0.));
#4508=VECTOR('',#4507,3.12145);
#4509=LINE('',#4472,#4508);
#4510=EDGE_CURVE('',#4473,#4501,#4509,.T.);
#4511=ORIENTED_EDGE('',*,*,#4510,.F.);
#4512=ORIENTED_EDGE('',*,*,#4477,.F.);
#4513=EDGE_LOOP('',(#4499,#4506,#4511,#4512));
#4514=FACE_OUTER_BOUND('',#4513,.T.);
#4515=CARTESIAN_POINT('',(303.06147,17.60896,332.));
#4516=DIRECTION('',(0.55557,-0.83147,0.));
#4517=DIRECTION('',(0.83147,0.55557,0.));
#4518=AXIS2_PLACEMENT_3D('',#4515,#4516,#4517);
#4519=PLANE('',#4518);
#4520=ADVANCED_FACE('',(#4514),#4519,.T.);
#4521=CARTESIAN_POINT('',(307.39104,21.93853,332.));
#4522=VERTEX_POINT('',#4521);
#4523=DIRECTION('',(0.55557,0.83147,0.));
#4524=VECTOR('',#4523,3.12145);
#4525=LINE('',#4493,#4524);
#4526=EDGE_CURVE('',#4494,#4522,#4525,.T.);
#4527=ORIENTED_EDGE('',*,*,#4526,.T.);
#4528=CARTESIAN_POINT('',(307.39104,21.93853,338.));
#4529=VERTEX_POINT('',#4528);
#4530=DIRECTION('',(0.,0.,1.));
#4531=VECTOR('',#4530,6.);
#4532=LINE('',#4521,#4531);
#4533=EDGE_CURVE('',#4522,#4529,#4532,.T.);
#4534=ORIENTED_EDGE('',*,*,#4533,.T.);
#4535=DIRECTION('',(0.55557,0.83147,0.));
#4536=VECTOR('',#4535,3.12145);
#4537=LINE('',#4500,#4536);
#4538=EDGE_CURVE('',#4501,#4529,#4537,.T.);
#4539=ORIENTED_EDGE('',*,*,#4538,.F.);
#4540=ORIENTED_EDGE('',*,*,#4505,.F.);
#4541=EDGE_LOOP('',(#4527,#4534,#4539,#4540));
#4542=FACE_OUTER_BOUND('',#4541,.T.);
#4543=CARTESIAN_POINT('',(305.65685,19.34315,332.));
#4544=DIRECTION('',(0.83147,-0.55557,0.));
#4545=DIRECTION('',(0.55557,0.83147,0.));
#4546=AXIS2_PLACEMENT_3D('',#4543,#4544,#4545);
#4547=PLANE('',#4546);
#4548=ADVANCED_FACE('',(#4542),#4547,.T.);
#4549=DIRECTION('',(-0.19509,-0.98079,0.));
#4550=VECTOR('',#4549,3.12145);
#4551=LINE('',#4121,#4550);
#4552=EDGE_CURVE('',#4122,#4522,#4551,.T.);
#4553=ORIENTED_EDGE('',*,*,#4552,.F.);
#4554=ORIENTED_EDGE('',*,*,#4147,.T.);
#4555=DIRECTION('',(-0.19509,-0.98079,0.));
#4556=VECTOR('',#4555,3.12145);
#4557=LINE('',#4137,#4556);
#4558=EDGE_CURVE('',#4138,#4529,#4557,.T.);
#4559=ORIENTED_EDGE('',*,*,#4558,.T.);
#4560=ORIENTED_EDGE('',*,*,#4533,.F.);
#4561=EDGE_LOOP('',(#4553,#4554,#4559,#4560));
#4562=FACE_OUTER_BOUND('',#4561,.T.);
#4563=CARTESIAN_POINT('',(307.39104,21.93853,332.));
#4564=DIRECTION('',(0.98079,-0.19509,0.));
#4565=DIRECTION('',(0.19509,0.98079,0.));
#4566=AXIS2_PLACEMENT_3D('',#4563,#4564,#4565);
#4567=PLANE('',#4566);
#4568=ADVANCED_FACE('',(#4562),#4567,.T.);
#4569=ORIENTED_EDGE('',*,*,#4526,.F.);
#4570=ORIENTED_EDGE('',*,*,#4498,.F.);
#4571=ORIENTED_EDGE('',*,*,#4470,.F.);
#4572=ORIENTED_EDGE('',*,*,#4442,.F.);
#4573=ORIENTED_EDGE('',*,*,#4414,.F.);
#4574=ORIENTED_EDGE('',*,*,#4386,.F.);
#4575=ORIENTED_EDGE('',*,*,#4358,.F.);
#4576=ORIENTED_EDGE('',*,*,#4330,.F.);
#4577=ORIENTED_EDGE('',*,*,#4302,.F.);
#4578=ORIENTED_EDGE('',*,*,#4274,.F.);
#4579=ORIENTED_EDGE('',*,*,#4246,.F.);
#4580=ORIENTED_EDGE('',*,*,#4218,.F.);
#4581=ORIENTED_EDGE('',*,*,#4190,.F.);
#4582=ORIENTED_EDGE('',*,*,#4162,.F.);
#4583=ORIENTED_EDGE('',*,*,#4128,.F.);
#4584=ORIENTED_EDGE('',*,*,#4552,.T.);
#4585=EDGE_LOOP('',(#4569,#4570,#4571,#4572,#4573,#4574,#4575,#4576,#4577,#4578,#4579,#4580,#4581,#4582,#4583,#4584));
#4586=FACE_OUTER_BOUND('',#4585,.T.);
#4587=CARTESIAN_POINT('',(307.39104,21.93853,332.));
#4588=DIRECTION('',(0.,0.,-1.));
#4589=DIRECTION('',(-0.55557,-0.83147,0.));
#4590=AXIS2_PLACEMENT_3D('',#4587,#4588,#4589);
#4591=PLANE('',#4590);
#4592=ADVANCED_FACE('',(#4586),#4591,.T.);
#4593=ORIENTED_EDGE('',*,*,#4142,.T.);
#4594=ORIENTED_EDGE('',*,*,#4174,.T.);
#4595=ORIENTED_EDGE('',*,*,#4202,.T.);
#4596=ORIENTED_EDGE('',*,*,#4230,.T.);
#4597=ORIENTED_EDGE('',*,*,#4258,.T.);
#4598=ORIENTED_EDGE('',*,*,#4286,.T.);
#4599=ORIENTED_EDGE('',*,*,#4314,.T.);
#4600=ORIENTED_EDGE('',*,*,#4342,.T.);
#4601=ORIENTED_EDGE('',*,*,#4370,.T.);
#4602=ORIENTED_EDGE('',*,*,#4398,.T.);
#4603=ORIENTED_EDGE('',*,*,#4426,.T.);
#4604=ORIENTED_EDGE('',*,*,#4454,.T.);
#4605=ORIENTED_EDGE('',*,*,#4482,.T.);
#4606=ORIENTED_EDGE('',*,*,#4510,.T.);
#4607=ORIENTED_EDGE('',*,*,#4538,.T.);
#4608=ORIENTED_EDGE('',*,*,#4558,.F.);
#4609=EDGE_LOOP('',(#4593,#4594,#4595,#4596,#4597,#4598,#4599,#4600,#4601,#4602,#4603,#4604,#4605,#4606,#4607,#4608));
#4610=FACE_OUTER_BOUND('',#4609,.T.);
#4611=CARTESIAN_POINT('',(308.,25.,338.));
#4612=DIRECTION('',(0.,0.,1.));
#4613=DIRECTION('',(-0.19509,0.98079,0.));
#4614=AXIS2_PLACEMENT_3D('',#4611,#4612,#4613);
#4615=PLANE('',#4614);
#4616=ADVANCED_FACE('',(#4610),#4615,.T.);
#4617=CLOSED_SHELL('',(#4156,#4184,#4212,#4240,#4268,#4296,#4324,#4352,#4380,#4408,#4436,#4464,#4492,#4520,#4548,#4568,#4592,#4616));
#4618=MANIFOLD_SOLID_BREP('',#4617);
#4619=STYLED_ITEM('color',(#1962),#4618);
#4620=CARTESIAN_POINT('',(310.,-19.2265,323.));
#4621=VERTEX_POINT('',#4620);
#4622=CARTESIAN_POINT('',(300.,-13.45299,323.));
#4623=VERTEX_POINT('',#4622);
#4624=DIRECTION('',(-0.86603,0.5,0.));
#4625=VECTOR('',#4624,11.54701);
#4626=LINE('',#4620,#4625);
#4627=EDGE_CURVE('',#4621,#4623,#4626,.T.);
#4628=ORIENTED_EDGE('',*,*,#4627,.T.);
#4629=CARTESIAN_POINT('',(300.,-13.45299,332.));
#4630=VERTEX_POINT('',#4629);
#4631=DIRECTION('',(0.,0.,1.));
#4632=VECTOR('',#4631,9.);
#4633=LINE('',#4622,#4632);
#4634=EDGE_CURVE('',#4623,#4630,#4633,.T.);
#4635=ORIENTED_EDGE('',*,*,#4634,.T.);
#4636=CARTESIAN_POINT('',(310.,-19.2265,332.));
#4637=VERTEX_POINT('',#4636);
#4638=DIRECTION('',(-0.86603,0.5,0.));
#4639=VECTOR('',#4638,11.54701);
#4640=LINE('',#4636,#4639);
#4641=EDGE_CURVE('',#4637,#4630,#4640,.T.);
#4642=ORIENTED_EDGE('',*,*,#4641,.F.);
#4643=DIRECTION('',(0.,0.,1.));
#4644=VECTOR('',#4643,9.);
#4645=LINE('',#4620,#4644);
#4646=EDGE_CURVE('',#4621,#4637,#4645,.T.);
#4647=ORIENTED_EDGE('',*,*,#4646,.F.);
#4648=EDGE_LOOP('',(#4628,#4635,#4642,#4647));
#4649=FACE_OUTER_BOUND('',#4648,.T.);
#4650=CARTESIAN_POINT('',(310.,-19.2265,323.));
#4651=DIRECTION('',(0.5,0.86603,0.));
#4652=DIRECTION('',(-0.86603,0.5,0.));
#4653=AXIS2_PLACEMENT_3D('',#4650,#4651,#4652);
#4654=PLANE('',#4653);
#4655=ADVANCED_FACE('',(#4649),#4654,.T.);
#4656=CARTESIAN_POINT('',(290.,-19.2265,323.));
#4657=VERTEX_POINT('',#4656);
#4658=DIRECTION('',(-0.86603,-0.5,0.));
#4659=VECTOR('',#4658,11.54701);
#4660=LINE('',#4622,#4659);
#4661=EDGE_CURVE('',#4623,#4657,#4660,.T.);
#4662=ORIENTED_EDGE('',*,*,#4661,.T.);
#4663=CARTESIAN_POINT('',(290.,-19.2265,332.));
#4664=VERTEX_POINT('',#4663);
#4665=DIRECTION('',(0.,0.,1.));
#4666=VECTOR('',#4665,9.);
#4667=LINE('',#4656,#4666);
#4668=EDGE_CURVE('',#4657,#4664,#4667,.T.);
#4669=ORIENTED_EDGE('',*,*,#4668,.T.);
#4670=DIRECTION('',(-0.86603,-0.5,0.));
#4671=VECTOR('',#4670,11.54701);
#4672=LINE('',#4629,#4671);
#4673=EDGE_CURVE('',#4630,#4664,#4672,.T.);
#4674=ORIENTED_EDGE('',*,*,#4673,.F.);
#4675=ORIENTED_EDGE('',*,*,#4634,.F.);
#4676=EDGE_LOOP('',(#4662,#4669,#4674,#4675));
#4677=FACE_OUTER_BOUND('',#4676,.T.);
#4678=CARTESIAN_POINT('',(300.,-13.45299,323.));
#4679=DIRECTION('',(-0.5,0.86603,0.));
#4680=DIRECTION('',(-0.86603,-0.5,0.));
#4681=AXIS2_PLACEMENT_3D('',#4678,#4679,#4680);
#4682=PLANE('',#4681);
#4683=ADVANCED_FACE('',(#4677),#4682,.T.);
#4684=CARTESIAN_POINT('',(290.,-30.7735,323.));
#4685=VERTEX_POINT('',#4684);
#4686=DIRECTION('',(0.,-1.,0.));
#4687=VECTOR('',#4686,11.54701);
#4688=LINE('',#4656,#4687);
#4689=EDGE_CURVE('',#4657,#4685,#4688,.T.);
#4690=ORIENTED_EDGE('',*,*,#4689,.T.);
#4691=CARTESIAN_POINT('',(290.,-30.7735,332.));
#4692=VERTEX_POINT('',#4691);
#4693=DIRECTION('',(0.,0.,1.));
#4694=VECTOR('',#4693,9.);
#4695=LINE('',#4684,#4694);
#4696=EDGE_CURVE('',#4685,#4692,#4695,.T.);
#4697=ORIENTED_EDGE('',*,*,#4696,.T.);
#4698=DIRECTION('',(0.,-1.,0.));
#4699=VECTOR('',#4698,11.54701);
#4700=LINE('',#4663,#4699);
#4701=EDGE_CURVE('',#4664,#4692,#4700,.T.);
#4702=ORIENTED_EDGE('',*,*,#4701,.F.);
#4703=ORIENTED_EDGE('',*,*,#4668,.F.);
#4704=EDGE_LOOP('',(#4690,#4697,#4702,#4703));
#4705=FACE_OUTER_BOUND('',#4704,.T.);
#4706=CARTESIAN_POINT('',(290.,-19.2265,323.));
#4707=DIRECTION('',(-1.,0.,0.));
#4708=DIRECTION('',(0.,-1.,0.));
#4709=AXIS2_PLACEMENT_3D('',#4706,#4707,#4708);
#4710=PLANE('',#4709);
#4711=ADVANCED_FACE('',(#4705),#4710,.T.);
#4712=CARTESIAN_POINT('',(300.,-36.54701,323.));
#4713=VERTEX_POINT('',#4712);
#4714=DIRECTION('',(0.86603,-0.5,0.));
#4715=VECTOR('',#4714,11.54701);
#4716=LINE('',#4684,#4715);
#4717=EDGE_CURVE('',#4685,#4713,#4716,.T.);
#4718=ORIENTED_EDGE('',*,*,#4717,.T.);
#4719=CARTESIAN_POINT('',(300.,-36.54701,332.));
#4720=VERTEX_POINT('',#4719);
#4721=DIRECTION('',(0.,0.,1.));
#4722=VECTOR('',#4721,9.);
#4723=LINE('',#4712,#4722);
#4724=EDGE_CURVE('',#4713,#4720,#4723,.T.);
#4725=ORIENTED_EDGE('',*,*,#4724,.T.);
#4726=DIRECTION('',(0.86603,-0.5,0.));
#4727=VECTOR('',#4726,11.54701);
#4728=LINE('',#4691,#4727);
#4729=EDGE_CURVE('',#4692,#4720,#4728,.T.);
#4730=ORIENTED_EDGE('',*,*,#4729,.F.);
#4731=ORIENTED_EDGE('',*,*,#4696,.F.);
#4732=EDGE_LOOP('',(#4718,#4725,#4730,#4731));
#4733=FACE_OUTER_BOUND('',#4732,.T.);
#4734=CARTESIAN_POINT('',(290.,-30.7735,323.));
#4735=DIRECTION('',(-0.5,-0.86603,0.));
#4736=DIRECTION('',(0.86603,-0.5,0.));
#4737=AXIS2_PLACEMENT_3D('',#4734,#4735,#4736);
#4738=PLANE('',#4737);
#4739=ADVANCED_FACE('',(#4733),#4738,.T.);
#4740=CARTESIAN_POINT('',(310.,-30.7735,323.));
#4741=VERTEX_POINT('',#4740);
#4742=DIRECTION('',(0.86603,0.5,0.));
#4743=VECTOR('',#4742,11.54701);
#4744=LINE('',#4712,#4743);
#4745=EDGE_CURVE('',#4713,#4741,#4744,.T.);
#4746=ORIENTED_EDGE('',*,*,#4745,.T.);
#4747=CARTESIAN_POINT('',(310.,-30.7735,332.));
#4748=VERTEX_POINT('',#4747);
#4749=DIRECTION('',(0.,0.,1.));
#4750=VECTOR('',#4749,9.);
#4751=LINE('',#4740,#4750);
#4752=EDGE_CURVE('',#4741,#4748,#4751,.T.);
#4753=ORIENTED_EDGE('',*,*,#4752,.T.);
#4754=DIRECTION('',(0.86603,0.5,0.));
#4755=VECTOR('',#4754,11.54701);
#4756=LINE('',#4719,#4755);
#4757=EDGE_CURVE('',#4720,#4748,#4756,.T.);
#4758=ORIENTED_EDGE('',*,*,#4757,.F.);
#4759=ORIENTED_EDGE('',*,*,#4724,.F.);
#4760=EDGE_LOOP('',(#4746,#4753,#4758,#4759));
#4761=FACE_OUTER_BOUND('',#4760,.T.);
#4762=CARTESIAN_POINT('',(300.,-36.54701,323.));
#4763=DIRECTION('',(0.5,-0.86603,0.));
#4764=DIRECTION('',(0.86603,0.5,0.));
#4765=AXIS2_PLACEMENT_3D('',#4762,#4763,#4764);
#4766=PLANE('',#4765);
#4767=ADVANCED_FACE('',(#4761),#4766,.T.);
#4768=DIRECTION('',(0.,-1.,0.));
#4769=VECTOR('',#4768,11.54701);
#4770=LINE('',#4620,#4769);
#4771=EDGE_CURVE('',#4621,#4741,#4770,.T.);
#4772=ORIENTED_EDGE('',*,*,#4771,.F.);
#4773=ORIENTED_EDGE('',*,*,#4646,.T.);
#4774=DIRECTION('',(0.,-1.,0.));
#4775=VECTOR('',#4774,11.54701);
#4776=LINE('',#4636,#4775);
#4777=EDGE_CURVE('',#4637,#4748,#4776,.T.);
#4778=ORIENTED_EDGE('',*,*,#4777,.T.);
#4779=ORIENTED_EDGE('',*,*,#4752,.F.);
#4780=EDGE_LOOP('',(#4772,#4773,#4778,#4779));
#4781=FACE_OUTER_BOUND('',#4780,.T.);
#4782=CARTESIAN_POINT('',(310.,-30.7735,323.));
#4783=DIRECTION('',(1.,0.,0.));
#4784=DIRECTION('',(0.,1.,0.));
#4785=AXIS2_PLACEMENT_3D('',#4782,#4783,#4784);
#4786=PLANE('',#4785);
#4787=ADVANCED_FACE('',(#4781),#4786,.T.);
#4788=ORIENTED_EDGE('',*,*,#4745,.F.);
#4789=ORIENTED_EDGE('',*,*,#4717,.F.);
#4790=ORIENTED_EDGE('',*,*,#4689,.F.);
#4791=ORIENTED_EDGE('',*,*,#4661,.F.);
#4792=ORIENTED_EDGE('',*,*,#4627,.F.);
#4793=ORIENTED_EDGE('',*,*,#4771,.T.);
#4794=EDGE_LOOP('',(#4788,#4789,#4790,#4791,#4792,#4793));
#4795=FACE_OUTER_BOUND('',#4794,.T.);
#4796=CARTESIAN_POINT('',(310.,-30.7735,323.));
#4797=DIRECTION('',(0.,0.,-1.));
#4798=DIRECTION('',(-0.86603,-0.5,0.));
#4799=AXIS2_PLACEMENT_3D('',#4796,#4797,#4798);
#4800=PLANE('',#4799);
#4801=ADVANCED_FACE('',(#4795),#4800,.T.);
#4802=ORIENTED_EDGE('',*,*,#4641,.T.);
#4803=ORIENTED_EDGE('',*,*,#4673,.T.);
#4804=ORIENTED_EDGE('',*,*,#4701,.T.);
#4805=ORIENTED_EDGE('',*,*,#4729,.T.);
#4806=ORIENTED_EDGE('',*,*,#4757,.T.);
#4807=ORIENTED_EDGE('',*,*,#4777,.F.);
#4808=EDGE_LOOP('',(#4802,#4803,#4804,#4805,#4806,#4807));
#4809=FACE_OUTER_BOUND('',#4808,.T.);
#4810=CARTESIAN_POINT('',(310.,-19.2265,332.));
#4811=DIRECTION('',(0.,0.,1.));
#4812=DIRECTION('',(-0.86603,0.5,0.));
#4813=AXIS2_PLACEMENT_3D('',#4810,#4811,#4812);
#4814=PLANE('',#4813);
#4815=ADVANCED_FACE('',(#4809),#4814,.T.);
#4816=CLOSED_SHELL('',(#4655,#4683,#4711,#4739,#4767,#4787,#4801,#4815));
#4817=MANIFOLD_SOLID_BREP('',#4816);
#4818=STYLED_ITEM('color',(#1962),#4817);
#4819=CARTESIAN_POINT('',(308.,-25.,332.));
#4820=VERTEX_POINT('',#4819);
#4821=CARTESIAN_POINT('',(307.39104,-21.93853,332.));
#4822=VERTEX_POINT('',#4821);
#4823=DIRECTION('',(-0.19509,0.98079,0.));
#4824=VECTOR('',#4823,3.12145);
#4825=LINE('',#4819,#4824);
#4826=EDGE_CURVE('',#4820,#4822,#4825,.T.);
#4827=ORIENTED_EDGE('',*,*,#4826,.T.);
#4828=CARTESIAN_POINT('',(307.39104,-21.93853,338.));
#4829=VERTEX_POINT('',#4828);
#4830=DIRECTION('',(0.,0.,1.));
#4831=VECTOR('',#4830,6.);
#4832=LINE('',#4821,#4831);
#4833=EDGE_CURVE('',#4822,#4829,#4832,.T.);
#4834=ORIENTED_EDGE('',*,*,#4833,.T.);
#4835=CARTESIAN_POINT('',(308.,-25.,338.));
#4836=VERTEX_POINT('',#4835);
#4837=DIRECTION('',(-0.19509,0.98079,0.));
#4838=VECTOR('',#4837,3.12145);
#4839=LINE('',#4835,#4838);
#4840=EDGE_CURVE('',#4836,#4829,#4839,.T.);
#4841=ORIENTED_EDGE('',*,*,#4840,.F.);
#4842=DIRECTION('',(0.,0.,1.));
#4843=VECTOR('',#4842,6.);
#4844=LINE('',#4819,#4843);
#4845=EDGE_CURVE('',#4820,#4836,#4844,.T.);
#4846=ORIENTED_EDGE('',*,*,#4845,.F.);
#4847=EDGE_LOOP('',(#4827,#4834,#4841,#4846));
#4848=FACE_OUTER_BOUND('',#4847,.T.);
#4849=CARTESIAN_POINT('',(308.,-25.,332.));
#4850=DIRECTION('',(0.98079,0.19509,0.));
#4851=DIRECTION('',(-0.19509,0.98079,0.));
#4852=AXIS2_PLACEMENT_3D('',#4849,#4850,#4851);
#4853=PLANE('',#4852);
#4854=ADVANCED_FACE('',(#4848),#4853,.T.);
#4855=CARTESIAN_POINT('',(305.65685,-19.34315,332.));
#4856=VERTEX_POINT('',#4855);
#4857=DIRECTION('',(-0.55557,0.83147,0.));
#4858=VECTOR('',#4857,3.12145);
#4859=LINE('',#4821,#4858);
#4860=EDGE_CURVE('',#4822,#4856,#4859,.T.);
#4861=ORIENTED_EDGE('',*,*,#4860,.T.);
#4862=CARTESIAN_POINT('',(305.65685,-19.34315,338.));
#4863=VERTEX_POINT('',#4862);
#4864=DIRECTION('',(0.,0.,1.));
#4865=VECTOR('',#4864,6.);
#4866=LINE('',#4855,#4865);
#4867=EDGE_CURVE('',#4856,#4863,#4866,.T.);
#4868=ORIENTED_EDGE('',*,*,#4867,.T.);
#4869=DIRECTION('',(-0.55557,0.83147,0.));
#4870=VECTOR('',#4869,3.12145);
#4871=LINE('',#4828,#4870);
#4872=EDGE_CURVE('',#4829,#4863,#4871,.T.);
#4873=ORIENTED_EDGE('',*,*,#4872,.F.);
#4874=ORIENTED_EDGE('',*,*,#4833,.F.);
#4875=EDGE_LOOP('',(#4861,#4868,#4873,#4874));
#4876=FACE_OUTER_BOUND('',#4875,.T.);
#4877=CARTESIAN_POINT('',(307.39104,-21.93853,332.));
#4878=DIRECTION('',(0.83147,0.55557,0.));
#4879=DIRECTION('',(-0.55557,0.83147,0.));
#4880=AXIS2_PLACEMENT_3D('',#4877,#4878,#4879);
#4881=PLANE('',#4880);
#4882=ADVANCED_FACE('',(#4876),#4881,.T.);
#4883=CARTESIAN_POINT('',(303.06147,-17.60896,332.));
#4884=VERTEX_POINT('',#4883);
#4885=DIRECTION('',(-0.83147,0.55557,0.));
#4886=VECTOR('',#4885,3.12145);
#4887=LINE('',#4855,#4886);
#4888=EDGE_CURVE('',#4856,#4884,#4887,.T.);
#4889=ORIENTED_EDGE('',*,*,#4888,.T.);
#4890=CARTESIAN_POINT('',(303.06147,-17.60896,338.));
#4891=VERTEX_POINT('',#4890);
#4892=DIRECTION('',(0.,0.,1.));
#4893=VECTOR('',#4892,6.);
#4894=LINE('',#4883,#4893);
#4895=EDGE_CURVE('',#4884,#4891,#4894,.T.);
#4896=ORIENTED_EDGE('',*,*,#4895,.T.);
#4897=DIRECTION('',(-0.83147,0.55557,0.));
#4898=VECTOR('',#4897,3.12145);
#4899=LINE('',#4862,#4898);
#4900=EDGE_CURVE('',#4863,#4891,#4899,.T.);
#4901=ORIENTED_EDGE('',*,*,#4900,.F.);
#4902=ORIENTED_EDGE('',*,*,#4867,.F.);
#4903=EDGE_LOOP('',(#4889,#4896,#4901,#4902));
#4904=FACE_OUTER_BOUND('',#4903,.T.);
#4905=CARTESIAN_POINT('',(305.65685,-19.34315,332.));
#4906=DIRECTION('',(0.55557,0.83147,0.));
#4907=DIRECTION('',(-0.83147,0.55557,0.));
#4908=AXIS2_PLACEMENT_3D('',#4905,#4906,#4907);
#4909=PLANE('',#4908);
#4910=ADVANCED_FACE('',(#4904),#4909,.T.);
#4911=CARTESIAN_POINT('',(300.,-17.,332.));
#4912=VERTEX_POINT('',#4911);
#4913=DIRECTION('',(-0.98079,0.19509,0.));
#4914=VECTOR('',#4913,3.12145);
#4915=LINE('',#4883,#4914);
#4916=EDGE_CURVE('',#4884,#4912,#4915,.T.);
#4917=ORIENTED_EDGE('',*,*,#4916,.T.);
#4918=CARTESIAN_POINT('',(300.,-17.,338.));
#4919=VERTEX_POINT('',#4918);
#4920=DIRECTION('',(0.,0.,1.));
#4921=VECTOR('',#4920,6.);
#4922=LINE('',#4911,#4921);
#4923=EDGE_CURVE('',#4912,#4919,#4922,.T.);
#4924=ORIENTED_EDGE('',*,*,#4923,.T.);
#4925=DIRECTION('',(-0.98079,0.19509,0.));
#4926=VECTOR('',#4925,3.12145);
#4927=LINE('',#4890,#4926);
#4928=EDGE_CURVE('',#4891,#4919,#4927,.T.);
#4929=ORIENTED_EDGE('',*,*,#4928,.F.);
#4930=ORIENTED_EDGE('',*,*,#4895,.F.);
#4931=EDGE_LOOP('',(#4917,#4924,#4929,#4930));
#4932=FACE_OUTER_BOUND('',#4931,.T.);
#4933=CARTESIAN_POINT('',(303.06147,-17.60896,332.));
#4934=DIRECTION('',(0.19509,0.98079,0.));
#4935=DIRECTION('',(-0.98079,0.19509,0.));
#4936=AXIS2_PLACEMENT_3D('',#4933,#4934,#4935);
#4937=PLANE('',#4936);
#4938=ADVANCED_FACE('',(#4932),#4937,.T.);
#4939=CARTESIAN_POINT('',(296.93853,-17.60896,332.));
#4940=VERTEX_POINT('',#4939);
#4941=DIRECTION('',(-0.98079,-0.19509,0.));
#4942=VECTOR('',#4941,3.12145);
#4943=LINE('',#4911,#4942);
#4944=EDGE_CURVE('',#4912,#4940,#4943,.T.);
#4945=ORIENTED_EDGE('',*,*,#4944,.T.);
#4946=CARTESIAN_POINT('',(296.93853,-17.60896,338.));
#4947=VERTEX_POINT('',#4946);
#4948=DIRECTION('',(0.,0.,1.));
#4949=VECTOR('',#4948,6.);
#4950=LINE('',#4939,#4949);
#4951=EDGE_CURVE('',#4940,#4947,#4950,.T.);
#4952=ORIENTED_EDGE('',*,*,#4951,.T.);
#4953=DIRECTION('',(-0.98079,-0.19509,0.));
#4954=VECTOR('',#4953,3.12145);
#4955=LINE('',#4918,#4954);
#4956=EDGE_CURVE('',#4919,#4947,#4955,.T.);
#4957=ORIENTED_EDGE('',*,*,#4956,.F.);
#4958=ORIENTED_EDGE('',*,*,#4923,.F.);
#4959=EDGE_LOOP('',(#4945,#4952,#4957,#4958));
#4960=FACE_OUTER_BOUND('',#4959,.T.);
#4961=CARTESIAN_POINT('',(300.,-17.,332.));
#4962=DIRECTION('',(-0.19509,0.98079,0.));
#4963=DIRECTION('',(-0.98079,-0.19509,0.));
#4964=AXIS2_PLACEMENT_3D('',#4961,#4962,#4963);
#4965=PLANE('',#4964);
#4966=ADVANCED_FACE('',(#4960),#4965,.T.);
#4967=CARTESIAN_POINT('',(294.34315,-19.34315,332.));
#4968=VERTEX_POINT('',#4967);
#4969=DIRECTION('',(-0.83147,-0.55557,0.));
#4970=VECTOR('',#4969,3.12145);
#4971=LINE('',#4939,#4970);
#4972=EDGE_CURVE('',#4940,#4968,#4971,.T.);
#4973=ORIENTED_EDGE('',*,*,#4972,.T.);
#4974=CARTESIAN_POINT('',(294.34315,-19.34315,338.));
#4975=VERTEX_POINT('',#4974);
#4976=DIRECTION('',(0.,0.,1.));
#4977=VECTOR('',#4976,6.);
#4978=LINE('',#4967,#4977);
#4979=EDGE_CURVE('',#4968,#4975,#4978,.T.);
#4980=ORIENTED_EDGE('',*,*,#4979,.T.);
#4981=DIRECTION('',(-0.83147,-0.55557,0.));
#4982=VECTOR('',#4981,3.12145);
#4983=LINE('',#4946,#4982);
#4984=EDGE_CURVE('',#4947,#4975,#4983,.T.);
#4985=ORIENTED_EDGE('',*,*,#4984,.F.);
#4986=ORIENTED_EDGE('',*,*,#4951,.F.);
#4987=EDGE_LOOP('',(#4973,#4980,#4985,#4986));
#4988=FACE_OUTER_BOUND('',#4987,.T.);
#4989=CARTESIAN_POINT('',(296.93853,-17.60896,332.));
#4990=DIRECTION('',(-0.55557,0.83147,0.));
#4991=DIRECTION('',(-0.83147,-0.55557,0.));
#4992=AXIS2_PLACEMENT_3D('',#4989,#4990,#4991);
#4993=PLANE('',#4992);
#4994=ADVANCED_FACE('',(#4988),#4993,.T.);
#4995=CARTESIAN_POINT('',(292.60896,-21.93853,332.));
#4996=VERTEX_POINT('',#4995);
#4997=DIRECTION('',(-0.55557,-0.83147,0.));
#4998=VECTOR('',#4997,3.12145);
#4999=LINE('',#4967,#4998);
#5000=EDGE_CURVE('',#4968,#4996,#4999,.T.);
#5001=ORIENTED_EDGE('',*,*,#5000,.T.);
#5002=CARTESIAN_POINT('',(292.60896,-21.93853,338.));
#5003=VERTEX_POINT('',#5002);
#5004=DIRECTION('',(0.,0.,1.));
#5005=VECTOR('',#5004,6.);
#5006=LINE('',#4995,#5005);
#5007=EDGE_CURVE('',#4996,#5003,#5006,.T.);
#5008=ORIENTED_EDGE('',*,*,#5007,.T.);
#5009=DIRECTION('',(-0.55557,-0.83147,0.));
#5010=VECTOR('',#5009,3.12145);
#5011=LINE('',#4974,#5010);
#5012=EDGE_CURVE('',#4975,#5003,#5011,.T.);
#5013=ORIENTED_EDGE('',*,*,#5012,.F.);
#5014=ORIENTED_EDGE('',*,*,#4979,.F.);
#5015=EDGE_LOOP('',(#5001,#5008,#5013,#5014));
#5016=FACE_OUTER_BOUND('',#5015,.T.);
#5017=CARTESIAN_POINT('',(294.34315,-19.34315,332.));
#5018=DIRECTION('',(-0.83147,0.55557,0.));
#5019=DIRECTION('',(-0.55557,-0.83147,0.));
#5020=AXIS2_PLACEMENT_3D('',#5017,#5018,#5019);
#5021=PLANE('',#5020);
#5022=ADVANCED_FACE('',(#5016),#5021,.T.);
#5023=CARTESIAN_POINT('',(292.,-25.,332.));
#5024=VERTEX_POINT('',#5023);
#5025=DIRECTION('',(-0.19509,-0.98079,0.));
#5026=VECTOR('',#5025,3.12145);
#5027=LINE('',#4995,#5026);
#5028=EDGE_CURVE('',#4996,#5024,#5027,.T.);
#5029=ORIENTED_EDGE('',*,*,#5028,.T.);
#5030=CARTESIAN_POINT('',(292.,-25.,338.));
#5031=VERTEX_POINT('',#5030);
#5032=DIRECTION('',(0.,0.,1.));
#5033=VECTOR('',#5032,6.);
#5034=LINE('',#5023,#5033);
#5035=EDGE_CURVE('',#5024,#5031,#5034,.T.);
#5036=ORIENTED_EDGE('',*,*,#5035,.T.);
#5037=DIRECTION('',(-0.19509,-0.98079,0.));
#5038=VECTOR('',#5037,3.12145);
#5039=LINE('',#5002,#5038);
#5040=EDGE_CURVE('',#5003,#5031,#5039,.T.);
#5041=ORIENTED_EDGE('',*,*,#5040,.F.);
#5042=ORIENTED_EDGE('',*,*,#5007,.F.);
#5043=EDGE_LOOP('',(#5029,#5036,#5041,#5042));
#5044=FACE_OUTER_BOUND('',#5043,.T.);
#5045=CARTESIAN_POINT('',(292.60896,-21.93853,332.));
#5046=DIRECTION('',(-0.98079,0.19509,0.));
#5047=DIRECTION('',(-0.19509,-0.98079,0.));
#5048=AXIS2_PLACEMENT_3D('',#5045,#5046,#5047);
#5049=PLANE('',#5048);
#5050=ADVANCED_FACE('',(#5044),#5049,.T.);
#5051=CARTESIAN_POINT('',(292.60896,-28.06147,332.));
#5052=VERTEX_POINT('',#5051);
#5053=DIRECTION('',(0.19509,-0.98079,0.));
#5054=VECTOR('',#5053,3.12145);
#5055=LINE('',#5023,#5054);
#5056=EDGE_CURVE('',#5024,#5052,#5055,.T.);
#5057=ORIENTED_EDGE('',*,*,#5056,.T.);
#5058=CARTESIAN_POINT('',(292.60896,-28.06147,338.));
#5059=VERTEX_POINT('',#5058);
#5060=DIRECTION('',(0.,0.,1.));
#5061=VECTOR('',#5060,6.);
#5062=LINE('',#5051,#5061);
#5063=EDGE_CURVE('',#5052,#5059,#5062,.T.);
#5064=ORIENTED_EDGE('',*,*,#5063,.T.);
#5065=DIRECTION('',(0.19509,-0.98079,0.));
#5066=VECTOR('',#5065,3.12145);
#5067=LINE('',#5030,#5066);
#5068=EDGE_CURVE('',#5031,#5059,#5067,.T.);
#5069=ORIENTED_EDGE('',*,*,#5068,.F.);
#5070=ORIENTED_EDGE('',*,*,#5035,.F.);
#5071=EDGE_LOOP('',(#5057,#5064,#5069,#5070));
#5072=FACE_OUTER_BOUND('',#5071,.T.);
#5073=CARTESIAN_POINT('',(292.,-25.,332.));
#5074=DIRECTION('',(-0.98079,-0.19509,0.));
#5075=DIRECTION('',(0.19509,-0.98079,0.));
#5076=AXIS2_PLACEMENT_3D('',#5073,#5074,#5075);
#5077=PLANE('',#5076);
#5078=ADVANCED_FACE('',(#5072),#5077,.T.);
#5079=CARTESIAN_POINT('',(294.34315,-30.65685,332.));
#5080=VERTEX_POINT('',#5079);
#5081=DIRECTION('',(0.55557,-0.83147,0.));
#5082=VECTOR('',#5081,3.12145);
#5083=LINE('',#5051,#5082);
#5084=EDGE_CURVE('',#5052,#5080,#5083,.T.);
#5085=ORIENTED_EDGE('',*,*,#5084,.T.);
#5086=CARTESIAN_POINT('',(294.34315,-30.65685,338.));
#5087=VERTEX_POINT('',#5086);
#5088=DIRECTION('',(0.,0.,1.));
#5089=VECTOR('',#5088,6.);
#5090=LINE('',#5079,#5089);
#5091=EDGE_CURVE('',#5080,#5087,#5090,.T.);
#5092=ORIENTED_EDGE('',*,*,#5091,.T.);
#5093=DIRECTION('',(0.55557,-0.83147,0.));
#5094=VECTOR('',#5093,3.12145);
#5095=LINE('',#5058,#5094);
#5096=EDGE_CURVE('',#5059,#5087,#5095,.T.);
#5097=ORIENTED_EDGE('',*,*,#5096,.F.);
#5098=ORIENTED_EDGE('',*,*,#5063,.F.);
#5099=EDGE_LOOP('',(#5085,#5092,#5097,#5098));
#5100=FACE_OUTER_BOUND('',#5099,.T.);
#5101=CARTESIAN_POINT('',(292.60896,-28.06147,332.));
#5102=DIRECTION('',(-0.83147,-0.55557,0.));
#5103=DIRECTION('',(0.55557,-0.83147,0.));
#5104=AXIS2_PLACEMENT_3D('',#5101,#5102,#5103);
#5105=PLANE('',#5104);
#5106=ADVANCED_FACE('',(#5100),#5105,.T.);
#5107=CARTESIAN_POINT('',(296.93853,-32.39104,332.));
#5108=VERTEX_POINT('',#5107);
#5109=DIRECTION('',(0.83147,-0.55557,0.));
#5110=VECTOR('',#5109,3.12145);
#5111=LINE('',#5079,#5110);
#5112=EDGE_CURVE('',#5080,#5108,#5111,.T.);
#5113=ORIENTED_EDGE('',*,*,#5112,.T.);
#5114=CARTESIAN_POINT('',(296.93853,-32.39104,338.));
#5115=VERTEX_POINT('',#5114);
#5116=DIRECTION('',(0.,0.,1.));
#5117=VECTOR('',#5116,6.);
#5118=LINE('',#5107,#5117);
#5119=EDGE_CURVE('',#5108,#5115,#5118,.T.);
#5120=ORIENTED_EDGE('',*,*,#5119,.T.);
#5121=DIRECTION('',(0.83147,-0.55557,0.));
#5122=VECTOR('',#5121,3.12145);
#5123=LINE('',#5086,#5122);
#5124=EDGE_CURVE('',#5087,#5115,#5123,.T.);
#5125=ORIENTED_EDGE('',*,*,#5124,.F.);
#5126=ORIENTED_EDGE('',*,*,#5091,.F.);
#5127=EDGE_LOOP('',(#5113,#5120,#5125,#5126));
#5128=FACE_OUTER_BOUND('',#5127,.T.);
#5129=CARTESIAN_POINT('',(294.34315,-30.65685,332.));
#5130=DIRECTION('',(-0.55557,-0.83147,0.));
#5131=DIRECTION('',(0.83147,-0.55557,0.));
#5132=AXIS2_PLACEMENT_3D('',#5129,#5130,#5131);
#5133=PLANE('',#5132);
#5134=ADVANCED_FACE('',(#5128),#5133,.T.);
#5135=CARTESIAN_POINT('',(300.,-33.,332.));
#5136=VERTEX_POINT('',#5135);
#5137=DIRECTION('',(0.98079,-0.19509,0.));
#5138=VECTOR('',#5137,3.12145);
#5139=LINE('',#5107,#5138);
#5140=EDGE_CURVE('',#5108,#5136,#5139,.T.);
#5141=ORIENTED_EDGE('',*,*,#5140,.T.);
#5142=CARTESIAN_POINT('',(300.,-33.,338.));
#5143=VERTEX_POINT('',#5142);
#5144=DIRECTION('',(0.,0.,1.));
#5145=VECTOR('',#5144,6.);
#5146=LINE('',#5135,#5145);
#5147=EDGE_CURVE('',#5136,#5143,#5146,.T.);
#5148=ORIENTED_EDGE('',*,*,#5147,.T.);
#5149=DIRECTION('',(0.98079,-0.19509,0.));
#5150=VECTOR('',#5149,3.12145);
#5151=LINE('',#5114,#5150);
#5152=EDGE_CURVE('',#5115,#5143,#5151,.T.);
#5153=ORIENTED_EDGE('',*,*,#5152,.F.);
#5154=ORIENTED_EDGE('',*,*,#5119,.F.);
#5155=EDGE_LOOP('',(#5141,#5148,#5153,#5154));
#5156=FACE_OUTER_BOUND('',#5155,.T.);
#5157=CARTESIAN_POINT('',(296.93853,-32.39104,332.));
#5158=DIRECTION('',(-0.19509,-0.98079,0.));
#5159=DIRECTION('',(0.98079,-0.19509,0.));
#5160=AXIS2_PLACEMENT_3D('',#5157,#5158,#5159);
#5161=PLANE('',#5160);
#5162=ADVANCED_FACE('',(#5156),#5161,.T.);
#5163=CARTESIAN_POINT('',(303.06147,-32.39104,332.));
#5164=VERTEX_POINT('',#5163);
#5165=DIRECTION('',(0.98079,0.19509,0.));
#5166=VECTOR('',#5165,3.12145);
#5167=LINE('',#5135,#5166);
#5168=EDGE_CURVE('',#5136,#5164,#5167,.T.);
#5169=ORIENTED_EDGE('',*,*,#5168,.T.);
#5170=CARTESIAN_POINT('',(303.06147,-32.39104,338.));
#5171=VERTEX_POINT('',#5170);
#5172=DIRECTION('',(0.,0.,1.));
#5173=VECTOR('',#5172,6.);
#5174=LINE('',#5163,#5173);
#5175=EDGE_CURVE('',#5164,#5171,#5174,.T.);
#5176=ORIENTED_EDGE('',*,*,#5175,.T.);
#5177=DIRECTION('',(0.98079,0.19509,0.));
#5178=VECTOR('',#5177,3.12145);
#5179=LINE('',#5142,#5178);
#5180=EDGE_CURVE('',#5143,#5171,#5179,.T.);
#5181=ORIENTED_EDGE('',*,*,#5180,.F.);
#5182=ORIENTED_EDGE('',*,*,#5147,.F.);
#5183=EDGE_LOOP('',(#5169,#5176,#5181,#5182));
#5184=FACE_OUTER_BOUND('',#5183,.T.);
#5185=CARTESIAN_POINT('',(300.,-33.,332.));
#5186=DIRECTION('',(0.19509,-0.98079,0.));
#5187=DIRECTION('',(0.98079,0.19509,0.));
#5188=AXIS2_PLACEMENT_3D('',#5185,#5186,#5187);
#5189=PLANE('',#5188);
#5190=ADVANCED_FACE('',(#5184),#5189,.T.);
#5191=CARTESIAN_POINT('',(305.65685,-30.65685,332.));
#5192=VERTEX_POINT('',#5191);
#5193=DIRECTION('',(0.83147,0.55557,0.));
#5194=VECTOR('',#5193,3.12145);
#5195=LINE('',#5163,#5194);
#5196=EDGE_CURVE('',#5164,#5192,#5195,.T.);
#5197=ORIENTED_EDGE('',*,*,#5196,.T.);
#5198=CARTESIAN_POINT('',(305.65685,-30.65685,338.));
#5199=VERTEX_POINT('',#5198);
#5200=DIRECTION('',(0.,0.,1.));
#5201=VECTOR('',#5200,6.);
#5202=LINE('',#5191,#5201);
#5203=EDGE_CURVE('',#5192,#5199,#5202,.T.);
#5204=ORIENTED_EDGE('',*,*,#5203,.T.);
#5205=DIRECTION('',(0.83147,0.55557,0.));
#5206=VECTOR('',#5205,3.12145);
#5207=LINE('',#5170,#5206);
#5208=EDGE_CURVE('',#5171,#5199,#5207,.T.);
#5209=ORIENTED_EDGE('',*,*,#5208,.F.);
#5210=ORIENTED_EDGE('',*,*,#5175,.F.);
#5211=EDGE_LOOP('',(#5197,#5204,#5209,#5210));
#5212=FACE_OUTER_BOUND('',#5211,.T.);
#5213=CARTESIAN_POINT('',(303.06147,-32.39104,332.));
#5214=DIRECTION('',(0.55557,-0.83147,0.));
#5215=DIRECTION('',(0.83147,0.55557,0.));
#5216=AXIS2_PLACEMENT_3D('',#5213,#5214,#5215);
#5217=PLANE('',#5216);
#5218=ADVANCED_FACE('',(#5212),#5217,.T.);
#5219=CARTESIAN_POINT('',(307.39104,-28.06147,332.));
#5220=VERTEX_POINT('',#5219);
#5221=DIRECTION('',(0.55557,0.83147,0.));
#5222=VECTOR('',#5221,3.12145);
#5223=LINE('',#5191,#5222);
#5224=EDGE_CURVE('',#5192,#5220,#5223,.T.);
#5225=ORIENTED_EDGE('',*,*,#5224,.T.);
#5226=CARTESIAN_POINT('',(307.39104,-28.06147,338.));
#5227=VERTEX_POINT('',#5226);
#5228=DIRECTION('',(0.,0.,1.));
#5229=VECTOR('',#5228,6.);
#5230=LINE('',#5219,#5229);
#5231=EDGE_CURVE('',#5220,#5227,#5230,.T.);
#5232=ORIENTED_EDGE('',*,*,#5231,.T.);
#5233=DIRECTION('',(0.55557,0.83147,0.));
#5234=VECTOR('',#5233,3.12145);
#5235=LINE('',#5198,#5234);
#5236=EDGE_CURVE('',#5199,#5227,#5235,.T.);
#5237=ORIENTED_EDGE('',*,*,#5236,.F.);
#5238=ORIENTED_EDGE('',*,*,#5203,.F.);
#5239=EDGE_LOOP('',(#5225,#5232,#5237,#5238));
#5240=FACE_OUTER_BOUND('',#5239,.T.);
#5241=CARTESIAN_POINT('',(305.65685,-30.65685,332.));
#5242=DIRECTION('',(0.83147,-0.55557,0.));
#5243=DIRECTION('',(0.55557,0.83147,0.));
#5244=AXIS2_PLACEMENT_3D('',#5241,#5242,#5243);
#5245=PLANE('',#5244);
#5246=ADVANCED_FACE('',(#5240),#5245,.T.);
#5247=DIRECTION('',(-0.19509,-0.98079,0.));
#5248=VECTOR('',#5247,3.12145);
#5249=LINE('',#4819,#5248);
#5250=EDGE_CURVE('',#4820,#5220,#5249,.T.);
#5251=ORIENTED_EDGE('',*,*,#5250,.F.);
#5252=ORIENTED_EDGE('',*,*,#4845,.T.);
#5253=DIRECTION('',(-0.19509,-0.98079,0.));
#5254=VECTOR('',#5253,3.12145);
#5255=LINE('',#4835,#5254);
#5256=EDGE_CURVE('',#4836,#5227,#5255,.T.);
#5257=ORIENTED_EDGE('',*,*,#5256,.T.);
#5258=ORIENTED_EDGE('',*,*,#5231,.F.);
#5259=EDGE_LOOP('',(#5251,#5252,#5257,#5258));
#5260=FACE_OUTER_BOUND('',#5259,.T.);
#5261=CARTESIAN_POINT('',(307.39104,-28.06147,332.));
#5262=DIRECTION('',(0.98079,-0.19509,0.));
#5263=DIRECTION('',(0.19509,0.98079,0.));
#5264=AXIS2_PLACEMENT_3D('',#5261,#5262,#5263);
#5265=PLANE('',#5264);
#5266=ADVANCED_FACE('',(#5260),#5265,.T.);
#5267=ORIENTED_EDGE('',*,*,#5224,.F.);
#5268=ORIENTED_EDGE('',*,*,#5196,.F.);
#5269=ORIENTED_EDGE('',*,*,#5168,.F.);
#5270=ORIENTED_EDGE('',*,*,#5140,.F.);
#5271=ORIENTED_EDGE('',*,*,#5112,.F.);
#5272=ORIENTED_EDGE('',*,*,#5084,.F.);
#5273=ORIENTED_EDGE('',*,*,#5056,.F.);
#5274=ORIENTED_EDGE('',*,*,#5028,.F.);
#5275=ORIENTED_EDGE('',*,*,#5000,.F.);
#5276=ORIENTED_EDGE('',*,*,#4972,.F.);
#5277=ORIENTED_EDGE('',*,*,#4944,.F.);
#5278=ORIENTED_EDGE('',*,*,#4916,.F.);
#5279=ORIENTED_EDGE('',*,*,#4888,.F.);
#5280=ORIENTED_EDGE('',*,*,#4860,.F.);
#5281=ORIENTED_EDGE('',*,*,#4826,.F.);
#5282=ORIENTED_EDGE('',*,*,#5250,.T.);
#5283=EDGE_LOOP('',(#5267,#5268,#5269,#5270,#5271,#5272,#5273,#5274,#5275,#5276,#5277,#5278,#5279,#5280,#5281,#5282));
#5284=FACE_OUTER_BOUND('',#5283,.T.);
#5285=CARTESIAN_POINT('',(307.39104,-28.06147,332.));
#5286=DIRECTION('',(0.,0.,-1.));
#5287=DIRECTION('',(-0.55557,-0.83147,0.));
#5288=AXIS2_PLACEMENT_3D('',#5285,#5286,#5287);
#5289=PLANE('',#5288);
#5290=ADVANCED_FACE('',(#5284),#5289,.T.);
#5291=ORIENTED_EDGE('',*,*,#4840,.T.);
#5292=ORIENTED_EDGE('',*,*,#4872,.T.);
#5293=ORIENTED_EDGE('',*,*,#4900,.T.);
#5294=ORIENTED_EDGE('',*,*,#4928,.T.);
#5295=ORIENTED_EDGE('',*,*,#4956,.T.);
#5296=ORIENTED_EDGE('',*,*,#4984,.T.);
#5297=ORIENTED_EDGE('',*,*,#5012,.T.);
#5298=ORIENTED_EDGE('',*,*,#5040,.T.);
#5299=ORIENTED_EDGE('',*,*,#5068,.T.);
#5300=ORIENTED_EDGE('',*,*,#5096,.T.);
#5301=ORIENTED_EDGE('',*,*,#5124,.T.);
#5302=ORIENTED_EDGE('',*,*,#5152,.T.);
#5303=ORIENTED_EDGE('',*,*,#5180,.T.);
#5304=ORIENTED_EDGE('',*,*,#5208,.T.);
#5305=ORIENTED_EDGE('',*,*,#5236,.T.);
#5306=ORIENTED_EDGE('',*,*,#5256,.F.);
#5307=EDGE_LOOP('',(#5291,#5292,#5293,#5294,#5295,#5296,#5297,#5298,#5299,#5300,#5301,#5302,#5303,#5304,#5305,#5306));
#5308=FACE_OUTER_BOUND('',#5307,.T.);
#5309=CARTESIAN_POINT('',(308.,-25.,338.));
#5310=DIRECTION('',(0.,0.,1.));
#5311=DIRECTION('',(-0.19509,0.98079,0.));
#5312=AXIS2_PLACEMENT_3D('',#5309,#5310,#5311);
#5313=PLANE('',#5312);
#5314=ADVANCED_FACE('',(#5308),#5313,.T.);
#5315=CLOSED_SHELL('',(#4854,#4882,#4910,#4938,#4966,#4994,#5022,#5050,#5078,#5106,#5134,#5162,#5190,#5218,#5246,#5266,#5290,#5314));
#5316=MANIFOLD_SOLID_BREP('',#5315);
#5317=STYLED_ITEM('color',(#1962),#5316);
#5318=CARTESIAN_POINT('',(190.,30.7735,323.));
#5319=VERTEX_POINT('',#5318);
#5320=CARTESIAN_POINT('',(180.,36.54701,323.));
#5321=VERTEX_POINT('',#5320);
#5322=DIRECTION('',(-0.86603,0.5,0.));
#5323=VECTOR('',#5322,11.54701);
#5324=LINE('',#5318,#5323);
#5325=EDGE_CURVE('',#5319,#5321,#5324,.T.);
#5326=ORIENTED_EDGE('',*,*,#5325,.T.);
#5327=CARTESIAN_POINT('',(180.,36.54701,332.));
#5328=VERTEX_POINT('',#5327);
#5329=DIRECTION('',(0.,0.,1.));
#5330=VECTOR('',#5329,9.);
#5331=LINE('',#5320,#5330);
#5332=EDGE_CURVE('',#5321,#5328,#5331,.T.);
#5333=ORIENTED_EDGE('',*,*,#5332,.T.);
#5334=CARTESIAN_POINT('',(190.,30.7735,332.));
#5335=VERTEX_POINT('',#5334);
#5336=DIRECTION('',(-0.86603,0.5,0.));
#5337=VECTOR('',#5336,11.54701);
#5338=LINE('',#5334,#5337);
#5339=EDGE_CURVE('',#5335,#5328,#5338,.T.);
#5340=ORIENTED_EDGE('',*,*,#5339,.F.);
#5341=DIRECTION('',(0.,0.,1.));
#5342=VECTOR('',#5341,9.);
#5343=LINE('',#5318,#5342);
#5344=EDGE_CURVE('',#5319,#5335,#5343,.T.);
#5345=ORIENTED_EDGE('',*,*,#5344,.F.);
#5346=EDGE_LOOP('',(#5326,#5333,#5340,#5345));
#5347=FACE_OUTER_BOUND('',#5346,.T.);
#5348=CARTESIAN_POINT('',(190.,30.7735,323.));
#5349=DIRECTION('',(0.5,0.86603,0.));
#5350=DIRECTION('',(-0.86603,0.5,0.));
#5351=AXIS2_PLACEMENT_3D('',#5348,#5349,#5350);
#5352=PLANE('',#5351);
#5353=ADVANCED_FACE('',(#5347),#5352,.T.);
#5354=CARTESIAN_POINT('',(170.,30.7735,323.));
#5355=VERTEX_POINT('',#5354);
#5356=DIRECTION('',(-0.86603,-0.5,0.));
#5357=VECTOR('',#5356,11.54701);
#5358=LINE('',#5320,#5357);
#5359=EDGE_CURVE('',#5321,#5355,#5358,.T.);
#5360=ORIENTED_EDGE('',*,*,#5359,.T.);
#5361=CARTESIAN_POINT('',(170.,30.7735,332.));
#5362=VERTEX_POINT('',#5361);
#5363=DIRECTION('',(0.,0.,1.));
#5364=VECTOR('',#5363,9.);
#5365=LINE('',#5354,#5364);
#5366=EDGE_CURVE('',#5355,#5362,#5365,.T.);
#5367=ORIENTED_EDGE('',*,*,#5366,.T.);
#5368=DIRECTION('',(-0.86603,-0.5,0.));
#5369=VECTOR('',#5368,11.54701);
#5370=LINE('',#5327,#5369);
#5371=EDGE_CURVE('',#5328,#5362,#5370,.T.);
#5372=ORIENTED_EDGE('',*,*,#5371,.F.);
#5373=ORIENTED_EDGE('',*,*,#5332,.F.);
#5374=EDGE_LOOP('',(#5360,#5367,#5372,#5373));
#5375=FACE_OUTER_BOUND('',#5374,.T.);
#5376=CARTESIAN_POINT('',(180.,36.54701,323.));
#5377=DIRECTION('',(-0.5,0.86603,0.));
#5378=DIRECTION('',(-0.86603,-0.5,0.));
#5379=AXIS2_PLACEMENT_3D('',#5376,#5377,#5378);
#5380=PLANE('',#5379);
#5381=ADVANCED_FACE('',(#5375),#5380,.T.);
#5382=CARTESIAN_POINT('',(170.,19.2265,323.));
#5383=VERTEX_POINT('',#5382);
#5384=DIRECTION('',(0.,-1.,0.));
#5385=VECTOR('',#5384,11.54701);
#5386=LINE('',#5354,#5385);
#5387=EDGE_CURVE('',#5355,#5383,#5386,.T.);
#5388=ORIENTED_EDGE('',*,*,#5387,.T.);
#5389=CARTESIAN_POINT('',(170.,19.2265,332.));
#5390=VERTEX_POINT('',#5389);
#5391=DIRECTION('',(0.,0.,1.));
#5392=VECTOR('',#5391,9.);
#5393=LINE('',#5382,#5392);
#5394=EDGE_CURVE('',#5383,#5390,#5393,.T.);
#5395=ORIENTED_EDGE('',*,*,#5394,.T.);
#5396=DIRECTION('',(0.,-1.,0.));
#5397=VECTOR('',#5396,11.54701);
#5398=LINE('',#5361,#5397);
#5399=EDGE_CURVE('',#5362,#5390,#5398,.T.);
#5400=ORIENTED_EDGE('',*,*,#5399,.F.);
#5401=ORIENTED_EDGE('',*,*,#5366,.F.);
#5402=EDGE_LOOP('',(#5388,#5395,#5400,#5401));
#5403=FACE_OUTER_BOUND('',#5402,.T.);
#5404=CARTESIAN_POINT('',(170.,30.7735,323.));
#5405=DIRECTION('',(-1.,0.,0.));
#5406=DIRECTION('',(0.,-1.,0.));
#5407=AXIS2_PLACEMENT_3D('',#5404,#5405,#5406);
#5408=PLANE('',#5407);
#5409=ADVANCED_FACE('',(#5403),#5408,.T.);
#5410=CARTESIAN_POINT('',(180.,13.45299,323.));
#5411=VERTEX_POINT('',#5410);
#5412=DIRECTION('',(0.86603,-0.5,0.));
#5413=VECTOR('',#5412,11.54701);
#5414=LINE('',#5382,#5413);
#5415=EDGE_CURVE('',#5383,#5411,#5414,.T.);
#5416=ORIENTED_EDGE('',*,*,#5415,.T.);
#5417=CARTESIAN_POINT('',(180.,13.45299,332.));
#5418=VERTEX_POINT('',#5417);
#5419=DIRECTION('',(0.,0.,1.));
#5420=VECTOR('',#5419,9.);
#5421=LINE('',#5410,#5420);
#5422=EDGE_CURVE('',#5411,#5418,#5421,.T.);
#5423=ORIENTED_EDGE('',*,*,#5422,.T.);
#5424=DIRECTION('',(0.86603,-0.5,0.));
#5425=VECTOR('',#5424,11.54701);
#5426=LINE('',#5389,#5425);
#5427=EDGE_CURVE('',#5390,#5418,#5426,.T.);
#5428=ORIENTED_EDGE('',*,*,#5427,.F.);
#5429=ORIENTED_EDGE('',*,*,#5394,.F.);
#5430=EDGE_LOOP('',(#5416,#5423,#5428,#5429));
#5431=FACE_OUTER_BOUND('',#5430,.T.);
#5432=CARTESIAN_POINT('',(170.,19.2265,323.));
#5433=DIRECTION('',(-0.5,-0.86603,0.));
#5434=DIRECTION('',(0.86603,-0.5,0.));
#5435=AXIS2_PLACEMENT_3D('',#5432,#5433,#5434);
#5436=PLANE('',#5435);
#5437=ADVANCED_FACE('',(#5431),#5436,.T.);
#5438=CARTESIAN_POINT('',(190.,19.2265,323.));
#5439=VERTEX_POINT('',#5438);
#5440=DIRECTION('',(0.86603,0.5,0.));
#5441=VECTOR('',#5440,11.54701);
#5442=LINE('',#5410,#5441);
#5443=EDGE_CURVE('',#5411,#5439,#5442,.T.);
#5444=ORIENTED_EDGE('',*,*,#5443,.T.);
#5445=CARTESIAN_POINT('',(190.,19.2265,332.));
#5446=VERTEX_POINT('',#5445);
#5447=DIRECTION('',(0.,0.,1.));
#5448=VECTOR('',#5447,9.);
#5449=LINE('',#5438,#5448);
#5450=EDGE_CURVE('',#5439,#5446,#5449,.T.);
#5451=ORIENTED_EDGE('',*,*,#5450,.T.);
#5452=DIRECTION('',(0.86603,0.5,0.));
#5453=VECTOR('',#5452,11.54701);
#5454=LINE('',#5417,#5453);
#5455=EDGE_CURVE('',#5418,#5446,#5454,.T.);
#5456=ORIENTED_EDGE('',*,*,#5455,.F.);
#5457=ORIENTED_EDGE('',*,*,#5422,.F.);
#5458=EDGE_LOOP('',(#5444,#5451,#5456,#5457));
#5459=FACE_OUTER_BOUND('',#5458,.T.);
#5460=CARTESIAN_POINT('',(180.,13.45299,323.));
#5461=DIRECTION('',(0.5,-0.86603,0.));
#5462=DIRECTION('',(0.86603,0.5,0.));
#5463=AXIS2_PLACEMENT_3D('',#5460,#5461,#5462);
#5464=PLANE('',#5463);
#5465=ADVANCED_FACE('',(#5459),#5464,.T.);
#5466=DIRECTION('',(0.,-1.,0.));
#5467=VECTOR('',#5466,11.54701);
#5468=LINE('',#5318,#5467);
#5469=EDGE_CURVE('',#5319,#5439,#5468,.T.);
#5470=ORIENTED_EDGE('',*,*,#5469,.F.);
#5471=ORIENTED_EDGE('',*,*,#5344,.T.);
#5472=DIRECTION('',(0.,-1.,0.));
#5473=VECTOR('',#5472,11.54701);
#5474=LINE('',#5334,#5473);
#5475=EDGE_CURVE('',#5335,#5446,#5474,.T.);
#5476=ORIENTED_EDGE('',*,*,#5475,.T.);
#5477=ORIENTED_EDGE('',*,*,#5450,.F.);
#5478=EDGE_LOOP('',(#5470,#5471,#5476,#5477));
#5479=FACE_OUTER_BOUND('',#5478,.T.);
#5480=CARTESIAN_POINT('',(190.,19.2265,323.));
#5481=DIRECTION('',(1.,0.,0.));
#5482=DIRECTION('',(0.,1.,0.));
#5483=AXIS2_PLACEMENT_3D('',#5480,#5481,#5482);
#5484=PLANE('',#5483);
#5485=ADVANCED_FACE('',(#5479),#5484,.T.);
#5486=ORIENTED_EDGE('',*,*,#5443,.F.);
#5487=ORIENTED_EDGE('',*,*,#5415,.F.);
#5488=ORIENTED_EDGE('',*,*,#5387,.F.);
#5489=ORIENTED_EDGE('',*,*,#5359,.F.);
#5490=ORIENTED_EDGE('',*,*,#5325,.F.);
#5491=ORIENTED_EDGE('',*,*,#5469,.T.);
#5492=EDGE_LOOP('',(#5486,#5487,#5488,#5489,#5490,#5491));
#5493=FACE_OUTER_BOUND('',#5492,.T.);
#5494=CARTESIAN_POINT('',(190.,19.2265,323.));
#5495=DIRECTION('',(0.,0.,-1.));
#5496=DIRECTION('',(-0.86603,-0.5,0.));
#5497=AXIS2_PLACEMENT_3D('',#5494,#5495,#5496);
#5498=PLANE('',#5497);
#5499=ADVANCED_FACE('',(#5493),#5498,.T.);
#5500=ORIENTED_EDGE('',*,*,#5339,.T.);
#5501=ORIENTED_EDGE('',*,*,#5371,.T.);
#5502=ORIENTED_EDGE('',*,*,#5399,.T.);
#5503=ORIENTED_EDGE('',*,*,#5427,.T.);
#5504=ORIENTED_EDGE('',*,*,#5455,.T.);
#5505=ORIENTED_EDGE('',*,*,#5475,.F.);
#5506=EDGE_LOOP('',(#5500,#5501,#5502,#5503,#5504,#5505));
#5507=FACE_OUTER_BOUND('',#5506,.T.);
#5508=CARTESIAN_POINT('',(190.,30.7735,332.));
#5509=DIRECTION('',(0.,0.,1.));
#5510=DIRECTION('',(-0.86603,0.5,0.));
#5511=AXIS2_PLACEMENT_3D('',#5508,#5509,#5510);
#5512=PLANE('',#5511);
#5513=ADVANCED_FACE('',(#5507),#5512,.T.);
#5514=CLOSED_SHELL('',(#5353,#5381,#5409,#5437,#5465,#5485,#5499,#5513));
#5515=MANIFOLD_SOLID_BREP('',#5514);
#5516=STYLED_ITEM('color',(#1962),#5515);
#5517=CARTESIAN_POINT('',(188.,25.,332.));
#5518=VERTEX_POINT('',#5517);
#5519=CARTESIAN_POINT('',(187.39104,28.06147,332.));
#5520=VERTEX_POINT('',#5519);
#5521=DIRECTION('',(-0.19509,0.98079,0.));
#5522=VECTOR('',#5521,3.12145);
#5523=LINE('',#5517,#5522);
#5524=EDGE_CURVE('',#5518,#5520,#5523,.T.);
#5525=ORIENTED_EDGE('',*,*,#5524,.T.);
#5526=CARTESIAN_POINT('',(187.39104,28.06147,338.));
#5527=VERTEX_POINT('',#5526);
#5528=DIRECTION('',(0.,0.,1.));
#5529=VECTOR('',#5528,6.);
#5530=LINE('',#5519,#5529);
#5531=EDGE_CURVE('',#5520,#5527,#5530,.T.);
#5532=ORIENTED_EDGE('',*,*,#5531,.T.);
#5533=CARTESIAN_POINT('',(188.,25.,338.));
#5534=VERTEX_POINT('',#5533);
#5535=DIRECTION('',(-0.19509,0.98079,0.));
#5536=VECTOR('',#5535,3.12145);
#5537=LINE('',#5533,#5536);
#5538=EDGE_CURVE('',#5534,#5527,#5537,.T.);
#5539=ORIENTED_EDGE('',*,*,#5538,.F.);
#5540=DIRECTION('',(0.,0.,1.));
#5541=VECTOR('',#5540,6.);
#5542=LINE('',#5517,#5541);
#5543=EDGE_CURVE('',#5518,#5534,#5542,.T.);
#5544=ORIENTED_EDGE('',*,*,#5543,.F.);
#5545=EDGE_LOOP('',(#5525,#5532,#5539,#5544));
#5546=FACE_OUTER_BOUND('',#5545,.T.);
#5547=CARTESIAN_POINT('',(188.,25.,332.));
#5548=DIRECTION('',(0.98079,0.19509,0.));
#5549=DIRECTION('',(-0.19509,0.98079,0.));
#5550=AXIS2_PLACEMENT_3D('',#5547,#5548,#5549);
#5551=PLANE('',#5550);
#5552=ADVANCED_FACE('',(#5546),#5551,.T.);
#5553=CARTESIAN_POINT('',(185.65685,30.65685,332.));
#5554=VERTEX_POINT('',#5553);
#5555=DIRECTION('',(-0.55557,0.83147,0.));
#5556=VECTOR('',#5555,3.12145);
#5557=LINE('',#5519,#5556);
#5558=EDGE_CURVE('',#5520,#5554,#5557,.T.);
#5559=ORIENTED_EDGE('',*,*,#5558,.T.);
#5560=CARTESIAN_POINT('',(185.65685,30.65685,338.));
#5561=VERTEX_POINT('',#5560);
#5562=DIRECTION('',(0.,0.,1.));
#5563=VECTOR('',#5562,6.);
#5564=LINE('',#5553,#5563);
#5565=EDGE_CURVE('',#5554,#5561,#5564,.T.);
#5566=ORIENTED_EDGE('',*,*,#5565,.T.);
#5567=DIRECTION('',(-0.55557,0.83147,0.));
#5568=VECTOR('',#5567,3.12145);
#5569=LINE('',#5526,#5568);
#5570=EDGE_CURVE('',#5527,#5561,#5569,.T.);
#5571=ORIENTED_EDGE('',*,*,#5570,.F.);
#5572=ORIENTED_EDGE('',*,*,#5531,.F.);
#5573=EDGE_LOOP('',(#5559,#5566,#5571,#5572));
#5574=FACE_OUTER_BOUND('',#5573,.T.);
#5575=CARTESIAN_POINT('',(187.39104,28.06147,332.));
#5576=DIRECTION('',(0.83147,0.55557,0.));
#5577=DIRECTION('',(-0.55557,0.83147,0.));
#5578=AXIS2_PLACEMENT_3D('',#5575,#5576,#5577);
#5579=PLANE('',#5578);
#5580=ADVANCED_FACE('',(#5574),#5579,.T.);
#5581=CARTESIAN_POINT('',(183.06147,32.39104,332.));
#5582=VERTEX_POINT('',#5581);
#5583=DIRECTION('',(-0.83147,0.55557,0.));
#5584=VECTOR('',#5583,3.12145);
#5585=LINE('',#5553,#5584);
#5586=EDGE_CURVE('',#5554,#5582,#5585,.T.);
#5587=ORIENTED_EDGE('',*,*,#5586,.T.);
#5588=CARTESIAN_POINT('',(183.06147,32.39104,338.));
#5589=VERTEX_POINT('',#5588);
#5590=DIRECTION('',(0.,0.,1.));
#5591=VECTOR('',#5590,6.);
#5592=LINE('',#5581,#5591);
#5593=EDGE_CURVE('',#5582,#5589,#5592,.T.);
#5594=ORIENTED_EDGE('',*,*,#5593,.T.);
#5595=DIRECTION('',(-0.83147,0.55557,0.));
#5596=VECTOR('',#5595,3.12145);
#5597=LINE('',#5560,#5596);
#5598=EDGE_CURVE('',#5561,#5589,#5597,.T.);
#5599=ORIENTED_EDGE('',*,*,#5598,.F.);
#5600=ORIENTED_EDGE('',*,*,#5565,.F.);
#5601=EDGE_LOOP('',(#5587,#5594,#5599,#5600));
#5602=FACE_OUTER_BOUND('',#5601,.T.);
#5603=CARTESIAN_POINT('',(185.65685,30.65685,332.));
#5604=DIRECTION('',(0.55557,0.83147,0.));
#5605=DIRECTION('',(-0.83147,0.55557,0.));
#5606=AXIS2_PLACEMENT_3D('',#5603,#5604,#5605);
#5607=PLANE('',#5606);
#5608=ADVANCED_FACE('',(#5602),#5607,.T.);
#5609=CARTESIAN_POINT('',(180.,33.,332.));
#5610=VERTEX_POINT('',#5609);
#5611=DIRECTION('',(-0.98079,0.19509,0.));
#5612=VECTOR('',#5611,3.12145);
#5613=LINE('',#5581,#5612);
#5614=EDGE_CURVE('',#5582,#5610,#5613,.T.);
#5615=ORIENTED_EDGE('',*,*,#5614,.T.);
#5616=CARTESIAN_POINT('',(180.,33.,338.));
#5617=VERTEX_POINT('',#5616);
#5618=DIRECTION('',(0.,0.,1.));
#5619=VECTOR('',#5618,6.);
#5620=LINE('',#5609,#5619);
#5621=EDGE_CURVE('',#5610,#5617,#5620,.T.);
#5622=ORIENTED_EDGE('',*,*,#5621,.T.);
#5623=DIRECTION('',(-0.98079,0.19509,0.));
#5624=VECTOR('',#5623,3.12145);
#5625=LINE('',#5588,#5624);
#5626=EDGE_CURVE('',#5589,#5617,#5625,.T.);
#5627=ORIENTED_EDGE('',*,*,#5626,.F.);
#5628=ORIENTED_EDGE('',*,*,#5593,.F.);
#5629=EDGE_LOOP('',(#5615,#5622,#5627,#5628));
#5630=FACE_OUTER_BOUND('',#5629,.T.);
#5631=CARTESIAN_POINT('',(183.06147,32.39104,332.));
#5632=DIRECTION('',(0.19509,0.98079,0.));
#5633=DIRECTION('',(-0.98079,0.19509,0.));
#5634=AXIS2_PLACEMENT_3D('',#5631,#5632,#5633);
#5635=PLANE('',#5634);
#5636=ADVANCED_FACE('',(#5630),#5635,.T.);
#5637=CARTESIAN_POINT('',(176.93853,32.39104,332.));
#5638=VERTEX_POINT('',#5637);
#5639=DIRECTION('',(-0.98079,-0.19509,0.));
#5640=VECTOR('',#5639,3.12145);
#5641=LINE('',#5609,#5640);
#5642=EDGE_CURVE('',#5610,#5638,#5641,.T.);
#5643=ORIENTED_EDGE('',*,*,#5642,.T.);
#5644=CARTESIAN_POINT('',(176.93853,32.39104,338.));
#5645=VERTEX_POINT('',#5644);
#5646=DIRECTION('',(0.,0.,1.));
#5647=VECTOR('',#5646,6.);
#5648=LINE('',#5637,#5647);
#5649=EDGE_CURVE('',#5638,#5645,#5648,.T.);
#5650=ORIENTED_EDGE('',*,*,#5649,.T.);
#5651=DIRECTION('',(-0.98079,-0.19509,0.));
#5652=VECTOR('',#5651,3.12145);
#5653=LINE('',#5616,#5652);
#5654=EDGE_CURVE('',#5617,#5645,#5653,.T.);
#5655=ORIENTED_EDGE('',*,*,#5654,.F.);
#5656=ORIENTED_EDGE('',*,*,#5621,.F.);
#5657=EDGE_LOOP('',(#5643,#5650,#5655,#5656));
#5658=FACE_OUTER_BOUND('',#5657,.T.);
#5659=CARTESIAN_POINT('',(180.,33.,332.));
#5660=DIRECTION('',(-0.19509,0.98079,0.));
#5661=DIRECTION('',(-0.98079,-0.19509,0.));
#5662=AXIS2_PLACEMENT_3D('',#5659,#5660,#5661);
#5663=PLANE('',#5662);
#5664=ADVANCED_FACE('',(#5658),#5663,.T.);
#5665=CARTESIAN_POINT('',(174.34315,30.65685,332.));
#5666=VERTEX_POINT('',#5665);
#5667=DIRECTION('',(-0.83147,-0.55557,0.));
#5668=VECTOR('',#5667,3.12145);
#5669=LINE('',#5637,#5668);
#5670=EDGE_CURVE('',#5638,#5666,#5669,.T.);
#5671=ORIENTED_EDGE('',*,*,#5670,.T.);
#5672=CARTESIAN_POINT('',(174.34315,30.65685,338.));
#5673=VERTEX_POINT('',#5672);
#5674=DIRECTION('',(0.,0.,1.));
#5675=VECTOR('',#5674,6.);
#5676=LINE('',#5665,#5675);
#5677=EDGE_CURVE('',#5666,#5673,#5676,.T.);
#5678=ORIENTED_EDGE('',*,*,#5677,.T.);
#5679=DIRECTION('',(-0.83147,-0.55557,0.));
#5680=VECTOR('',#5679,3.12145);
#5681=LINE('',#5644,#5680);
#5682=EDGE_CURVE('',#5645,#5673,#5681,.T.);
#5683=ORIENTED_EDGE('',*,*,#5682,.F.);
#5684=ORIENTED_EDGE('',*,*,#5649,.F.);
#5685=EDGE_LOOP('',(#5671,#5678,#5683,#5684));
#5686=FACE_OUTER_BOUND('',#5685,.T.);
#5687=CARTESIAN_POINT('',(176.93853,32.39104,332.));
#5688=DIRECTION('',(-0.55557,0.83147,0.));
#5689=DIRECTION('',(-0.83147,-0.55557,0.));
#5690=AXIS2_PLACEMENT_3D('',#5687,#5688,#5689);
#5691=PLANE('',#5690);
#5692=ADVANCED_FACE('',(#5686),#5691,.T.);
#5693=CARTESIAN_POINT('',(172.60896,28.06147,332.));
#5694=VERTEX_POINT('',#5693);
#5695=DIRECTION('',(-0.55557,-0.83147,0.));
#5696=VECTOR('',#5695,3.12145);
#5697=LINE('',#5665,#5696);
#5698=EDGE_CURVE('',#5666,#5694,#5697,.T.);
#5699=ORIENTED_EDGE('',*,*,#5698,.T.);
#5700=CARTESIAN_POINT('',(172.60896,28.06147,338.));
#5701=VERTEX_POINT('',#5700);
#5702=DIRECTION('',(0.,0.,1.));
#5703=VECTOR('',#5702,6.);
#5704=LINE('',#5693,#5703);
#5705=EDGE_CURVE('',#5694,#5701,#5704,.T.);
#5706=ORIENTED_EDGE('',*,*,#5705,.T.);
#5707=DIRECTION('',(-0.55557,-0.83147,0.));
#5708=VECTOR('',#5707,3.12145);
#5709=LINE('',#5672,#5708);
#5710=EDGE_CURVE('',#5673,#5701,#5709,.T.);
#5711=ORIENTED_EDGE('',*,*,#5710,.F.);
#5712=ORIENTED_EDGE('',*,*,#5677,.F.);
#5713=EDGE_LOOP('',(#5699,#5706,#5711,#5712));
#5714=FACE_OUTER_BOUND('',#5713,.T.);
#5715=CARTESIAN_POINT('',(174.34315,30.65685,332.));
#5716=DIRECTION('',(-0.83147,0.55557,0.));
#5717=DIRECTION('',(-0.55557,-0.83147,0.));
#5718=AXIS2_PLACEMENT_3D('',#5715,#5716,#5717);
#5719=PLANE('',#5718);
#5720=ADVANCED_FACE('',(#5714),#5719,.T.);
#5721=CARTESIAN_POINT('',(172.,25.,332.));
#5722=VERTEX_POINT('',#5721);
#5723=DIRECTION('',(-0.19509,-0.98079,0.));
#5724=VECTOR('',#5723,3.12145);
#5725=LINE('',#5693,#5724);
#5726=EDGE_CURVE('',#5694,#5722,#5725,.T.);
#5727=ORIENTED_EDGE('',*,*,#5726,.T.);
#5728=CARTESIAN_POINT('',(172.,25.,338.));
#5729=VERTEX_POINT('',#5728);
#5730=DIRECTION('',(0.,0.,1.));
#5731=VECTOR('',#5730,6.);
#5732=LINE('',#5721,#5731);
#5733=EDGE_CURVE('',#5722,#5729,#5732,.T.);
#5734=ORIENTED_EDGE('',*,*,#5733,.T.);
#5735=DIRECTION('',(-0.19509,-0.98079,0.));
#5736=VECTOR('',#5735,3.12145);
#5737=LINE('',#5700,#5736);
#5738=EDGE_CURVE('',#5701,#5729,#5737,.T.);
#5739=ORIENTED_EDGE('',*,*,#5738,.F.);
#5740=ORIENTED_EDGE('',*,*,#5705,.F.);
#5741=EDGE_LOOP('',(#5727,#5734,#5739,#5740));
#5742=FACE_OUTER_BOUND('',#5741,.T.);
#5743=CARTESIAN_POINT('',(172.60896,28.06147,332.));
#5744=DIRECTION('',(-0.98079,0.19509,0.));
#5745=DIRECTION('',(-0.19509,-0.98079,0.));
#5746=AXIS2_PLACEMENT_3D('',#5743,#5744,#5745);
#5747=PLANE('',#5746);
#5748=ADVANCED_FACE('',(#5742),#5747,.T.);
#5749=CARTESIAN_POINT('',(172.60896,21.93853,332.));
#5750=VERTEX_POINT('',#5749);
#5751=DIRECTION('',(0.19509,-0.98079,0.));
#5752=VECTOR('',#5751,3.12145);
#5753=LINE('',#5721,#5752);
#5754=EDGE_CURVE('',#5722,#5750,#5753,.T.);
#5755=ORIENTED_EDGE('',*,*,#5754,.T.);
#5756=CARTESIAN_POINT('',(172.60896,21.93853,338.));
#5757=VERTEX_POINT('',#5756);
#5758=DIRECTION('',(0.,0.,1.));
#5759=VECTOR('',#5758,6.);
#5760=LINE('',#5749,#5759);
#5761=EDGE_CURVE('',#5750,#5757,#5760,.T.);
#5762=ORIENTED_EDGE('',*,*,#5761,.T.);
#5763=DIRECTION('',(0.19509,-0.98079,0.));
#5764=VECTOR('',#5763,3.12145);
#5765=LINE('',#5728,#5764);
#5766=EDGE_CURVE('',#5729,#5757,#5765,.T.);
#5767=ORIENTED_EDGE('',*,*,#5766,.F.);
#5768=ORIENTED_EDGE('',*,*,#5733,.F.);
#5769=EDGE_LOOP('',(#5755,#5762,#5767,#5768));
#5770=FACE_OUTER_BOUND('',#5769,.T.);
#5771=CARTESIAN_POINT('',(172.,25.,332.));
#5772=DIRECTION('',(-0.98079,-0.19509,0.));
#5773=DIRECTION('',(0.19509,-0.98079,0.));
#5774=AXIS2_PLACEMENT_3D('',#5771,#5772,#5773);
#5775=PLANE('',#5774);
#5776=ADVANCED_FACE('',(#5770),#5775,.T.);
#5777=CARTESIAN_POINT('',(174.34315,19.34315,332.));
#5778=VERTEX_POINT('',#5777);
#5779=DIRECTION('',(0.55557,-0.83147,0.));
#5780=VECTOR('',#5779,3.12145);
#5781=LINE('',#5749,#5780);
#5782=EDGE_CURVE('',#5750,#5778,#5781,.T.);
#5783=ORIENTED_EDGE('',*,*,#5782,.T.);
#5784=CARTESIAN_POINT('',(174.34315,19.34315,338.));
#5785=VERTEX_POINT('',#5784);
#5786=DIRECTION('',(0.,0.,1.));
#5787=VECTOR('',#5786,6.);
#5788=LINE('',#5777,#5787);
#5789=EDGE_CURVE('',#5778,#5785,#5788,.T.);
#5790=ORIENTED_EDGE('',*,*,#5789,.T.);
#5791=DIRECTION('',(0.55557,-0.83147,0.));
#5792=VECTOR('',#5791,3.12145);
#5793=LINE('',#5756,#5792);
#5794=EDGE_CURVE('',#5757,#5785,#5793,.T.);
#5795=ORIENTED_EDGE('',*,*,#5794,.F.);
#5796=ORIENTED_EDGE('',*,*,#5761,.F.);
#5797=EDGE_LOOP('',(#5783,#5790,#5795,#5796));
#5798=FACE_OUTER_BOUND('',#5797,.T.);
#5799=CARTESIAN_POINT('',(172.60896,21.93853,332.));
#5800=DIRECTION('',(-0.83147,-0.55557,0.));
#5801=DIRECTION('',(0.55557,-0.83147,0.));
#5802=AXIS2_PLACEMENT_3D('',#5799,#5800,#5801);
#5803=PLANE('',#5802);
#5804=ADVANCED_FACE('',(#5798),#5803,.T.);
#5805=CARTESIAN_POINT('',(176.93853,17.60896,332.));
#5806=VERTEX_POINT('',#5805);
#5807=DIRECTION('',(0.83147,-0.55557,0.));
#5808=VECTOR('',#5807,3.12145);
#5809=LINE('',#5777,#5808);
#5810=EDGE_CURVE('',#5778,#5806,#5809,.T.);
#5811=ORIENTED_EDGE('',*,*,#5810,.T.);
#5812=CARTESIAN_POINT('',(176.93853,17.60896,338.));
#5813=VERTEX_POINT('',#5812);
#5814=DIRECTION('',(0.,0.,1.));
#5815=VECTOR('',#5814,6.);
#5816=LINE('',#5805,#5815);
#5817=EDGE_CURVE('',#5806,#5813,#5816,.T.);
#5818=ORIENTED_EDGE('',*,*,#5817,.T.);
#5819=DIRECTION('',(0.83147,-0.55557,0.));
#5820=VECTOR('',#5819,3.12145);
#5821=LINE('',#5784,#5820);
#5822=EDGE_CURVE('',#5785,#5813,#5821,.T.);
#5823=ORIENTED_EDGE('',*,*,#5822,.F.);
#5824=ORIENTED_EDGE('',*,*,#5789,.F.);
#5825=EDGE_LOOP('',(#5811,#5818,#5823,#5824));
#5826=FACE_OUTER_BOUND('',#5825,.T.);
#5827=CARTESIAN_POINT('',(174.34315,19.34315,332.));
#5828=DIRECTION('',(-0.55557,-0.83147,0.));
#5829=DIRECTION('',(0.83147,-0.55557,0.));
#5830=AXIS2_PLACEMENT_3D('',#5827,#5828,#5829);
#5831=PLANE('',#5830);
#5832=ADVANCED_FACE('',(#5826),#5831,.T.);
#5833=CARTESIAN_POINT('',(180.,17.,332.));
#5834=VERTEX_POINT('',#5833);
#5835=DIRECTION('',(0.98079,-0.19509,0.));
#5836=VECTOR('',#5835,3.12145);
#5837=LINE('',#5805,#5836);
#5838=EDGE_CURVE('',#5806,#5834,#5837,.T.);
#5839=ORIENTED_EDGE('',*,*,#5838,.T.);
#5840=CARTESIAN_POINT('',(180.,17.,338.));
#5841=VERTEX_POINT('',#5840);
#5842=DIRECTION('',(0.,0.,1.));
#5843=VECTOR('',#5842,6.);
#5844=LINE('',#5833,#5843);
#5845=EDGE_CURVE('',#5834,#5841,#5844,.T.);
#5846=ORIENTED_EDGE('',*,*,#5845,.T.);
#5847=DIRECTION('',(0.98079,-0.19509,0.));
#5848=VECTOR('',#5847,3.12145);
#5849=LINE('',#5812,#5848);
#5850=EDGE_CURVE('',#5813,#5841,#5849,.T.);
#5851=ORIENTED_EDGE('',*,*,#5850,.F.);
#5852=ORIENTED_EDGE('',*,*,#5817,.F.);
#5853=EDGE_LOOP('',(#5839,#5846,#5851,#5852));
#5854=FACE_OUTER_BOUND('',#5853,.T.);
#5855=CARTESIAN_POINT('',(176.93853,17.60896,332.));
#5856=DIRECTION('',(-0.19509,-0.98079,0.));
#5857=DIRECTION('',(0.98079,-0.19509,0.));
#5858=AXIS2_PLACEMENT_3D('',#5855,#5856,#5857);
#5859=PLANE('',#5858);
#5860=ADVANCED_FACE('',(#5854),#5859,.T.);
#5861=CARTESIAN_POINT('',(183.06147,17.60896,332.));
#5862=VERTEX_POINT('',#5861);
#5863=DIRECTION('',(0.98079,0.19509,0.));
#5864=VECTOR('',#5863,3.12145);
#5865=LINE('',#5833,#5864);
#5866=EDGE_CURVE('',#5834,#5862,#5865,.T.);
#5867=ORIENTED_EDGE('',*,*,#5866,.T.);
#5868=CARTESIAN_POINT('',(183.06147,17.60896,338.));
#5869=VERTEX_POINT('',#5868);
#5870=DIRECTION('',(0.,0.,1.));
#5871=VECTOR('',#5870,6.);
#5872=LINE('',#5861,#5871);
#5873=EDGE_CURVE('',#5862,#5869,#5872,.T.);
#5874=ORIENTED_EDGE('',*,*,#5873,.T.);
#5875=DIRECTION('',(0.98079,0.19509,0.));
#5876=VECTOR('',#5875,3.12145);
#5877=LINE('',#5840,#5876);
#5878=EDGE_CURVE('',#5841,#5869,#5877,.T.);
#5879=ORIENTED_EDGE('',*,*,#5878,.F.);
#5880=ORIENTED_EDGE('',*,*,#5845,.F.);
#5881=EDGE_LOOP('',(#5867,#5874,#5879,#5880));
#5882=FACE_OUTER_BOUND('',#5881,.T.);
#5883=CARTESIAN_POINT('',(180.,17.,332.));
#5884=DIRECTION('',(0.19509,-0.98079,0.));
#5885=DIRECTION('',(0.98079,0.19509,0.));
#5886=AXIS2_PLACEMENT_3D('',#5883,#5884,#5885);
#5887=PLANE('',#5886);
#5888=ADVANCED_FACE('',(#5882),#5887,.T.);
#5889=CARTESIAN_POINT('',(185.65685,19.34315,332.));
#5890=VERTEX_POINT('',#5889);
#5891=DIRECTION('',(0.83147,0.55557,0.));
#5892=VECTOR('',#5891,3.12145);
#5893=LINE('',#5861,#5892);
#5894=EDGE_CURVE('',#5862,#5890,#5893,.T.);
#5895=ORIENTED_EDGE('',*,*,#5894,.T.);
#5896=CARTESIAN_POINT('',(185.65685,19.34315,338.));
#5897=VERTEX_POINT('',#5896);
#5898=DIRECTION('',(0.,0.,1.));
#5899=VECTOR('',#5898,6.);
#5900=LINE('',#5889,#5899);
#5901=EDGE_CURVE('',#5890,#5897,#5900,.T.);
#5902=ORIENTED_EDGE('',*,*,#5901,.T.);
#5903=DIRECTION('',(0.83147,0.55557,0.));
#5904=VECTOR('',#5903,3.12145);
#5905=LINE('',#5868,#5904);
#5906=EDGE_CURVE('',#5869,#5897,#5905,.T.);
#5907=ORIENTED_EDGE('',*,*,#5906,.F.);
#5908=ORIENTED_EDGE('',*,*,#5873,.F.);
#5909=EDGE_LOOP('',(#5895,#5902,#5907,#5908));
#5910=FACE_OUTER_BOUND('',#5909,.T.);
#5911=CARTESIAN_POINT('',(183.06147,17.60896,332.));
#5912=DIRECTION('',(0.55557,-0.83147,0.));
#5913=DIRECTION('',(0.83147,0.55557,0.));
#5914=AXIS2_PLACEMENT_3D('',#5911,#5912,#5913);
#5915=PLANE('',#5914);
#5916=ADVANCED_FACE('',(#5910),#5915,.T.);
#5917=CARTESIAN_POINT('',(187.39104,21.93853,332.));
#5918=VERTEX_POINT('',#5917);
#5919=DIRECTION('',(0.55557,0.83147,0.));
#5920=VECTOR('',#5919,3.12145);
#5921=LINE('',#5889,#5920);
#5922=EDGE_CURVE('',#5890,#5918,#5921,.T.);
#5923=ORIENTED_EDGE('',*,*,#5922,.T.);
#5924=CARTESIAN_POINT('',(187.39104,21.93853,338.));
#5925=VERTEX_POINT('',#5924);
#5926=DIRECTION('',(0.,0.,1.));
#5927=VECTOR('',#5926,6.);
#5928=LINE('',#5917,#5927);
#5929=EDGE_CURVE('',#5918,#5925,#5928,.T.);
#5930=ORIENTED_EDGE('',*,*,#5929,.T.);
#5931=DIRECTION('',(0.55557,0.83147,0.));
#5932=VECTOR('',#5931,3.12145);
#5933=LINE('',#5896,#5932);
#5934=EDGE_CURVE('',#5897,#5925,#5933,.T.);
#5935=ORIENTED_EDGE('',*,*,#5934,.F.);
#5936=ORIENTED_EDGE('',*,*,#5901,.F.);
#5937=EDGE_LOOP('',(#5923,#5930,#5935,#5936));
#5938=FACE_OUTER_BOUND('',#5937,.T.);
#5939=CARTESIAN_POINT('',(185.65685,19.34315,332.));
#5940=DIRECTION('',(0.83147,-0.55557,0.));
#5941=DIRECTION('',(0.55557,0.83147,0.));
#5942=AXIS2_PLACEMENT_3D('',#5939,#5940,#5941);
#5943=PLANE('',#5942);
#5944=ADVANCED_FACE('',(#5938),#5943,.T.);
#5945=DIRECTION('',(-0.19509,-0.98079,0.));
#5946=VECTOR('',#5945,3.12145);
#5947=LINE('',#5517,#5946);
#5948=EDGE_CURVE('',#5518,#5918,#5947,.T.);
#5949=ORIENTED_EDGE('',*,*,#5948,.F.);
#5950=ORIENTED_EDGE('',*,*,#5543,.T.);
#5951=DIRECTION('',(-0.19509,-0.98079,0.));
#5952=VECTOR('',#5951,3.12145);
#5953=LINE('',#5533,#5952);
#5954=EDGE_CURVE('',#5534,#5925,#5953,.T.);
#5955=ORIENTED_EDGE('',*,*,#5954,.T.);
#5956=ORIENTED_EDGE('',*,*,#5929,.F.);
#5957=EDGE_LOOP('',(#5949,#5950,#5955,#5956));
#5958=FACE_OUTER_BOUND('',#5957,.T.);
#5959=CARTESIAN_POINT('',(187.39104,21.93853,332.));
#5960=DIRECTION('',(0.98079,-0.19509,0.));
#5961=DIRECTION('',(0.19509,0.98079,0.));
#5962=AXIS2_PLACEMENT_3D('',#5959,#5960,#5961);
#5963=PLANE('',#5962);
#5964=ADVANCED_FACE('',(#5958),#5963,.T.);
#5965=ORIENTED_EDGE('',*,*,#5922,.F.);
#5966=ORIENTED_EDGE('',*,*,#5894,.F.);
#5967=ORIENTED_EDGE('',*,*,#5866,.F.);
#5968=ORIENTED_EDGE('',*,*,#5838,.F.);
#5969=ORIENTED_EDGE('',*,*,#5810,.F.);
#5970=ORIENTED_EDGE('',*,*,#5782,.F.);
#5971=ORIENTED_EDGE('',*,*,#5754,.F.);
#5972=ORIENTED_EDGE('',*,*,#5726,.F.);
#5973=ORIENTED_EDGE('',*,*,#5698,.F.);
#5974=ORIENTED_EDGE('',*,*,#5670,.F.);
#5975=ORIENTED_EDGE('',*,*,#5642,.F.);
#5976=ORIENTED_EDGE('',*,*,#5614,.F.);
#5977=ORIENTED_EDGE('',*,*,#5586,.F.);
#5978=ORIENTED_EDGE('',*,*,#5558,.F.);
#5979=ORIENTED_EDGE('',*,*,#5524,.F.);
#5980=ORIENTED_EDGE('',*,*,#5948,.T.);
#5981=EDGE_LOOP('',(#5965,#5966,#5967,#5968,#5969,#5970,#5971,#5972,#5973,#5974,#5975,#5976,#5977,#5978,#5979,#5980));
#5982=FACE_OUTER_BOUND('',#5981,.T.);
#5983=CARTESIAN_POINT('',(187.39104,21.93853,332.));
#5984=DIRECTION('',(0.,0.,-1.));
#5985=DIRECTION('',(-0.55557,-0.83147,0.));
#5986=AXIS2_PLACEMENT_3D('',#5983,#5984,#5985);
#5987=PLANE('',#5986);
#5988=ADVANCED_FACE('',(#5982),#5987,.T.);
#5989=ORIENTED_EDGE('',*,*,#5538,.T.);
#5990=ORIENTED_EDGE('',*,*,#5570,.T.);
#5991=ORIENTED_EDGE('',*,*,#5598,.T.);
#5992=ORIENTED_EDGE('',*,*,#5626,.T.);
#5993=ORIENTED_EDGE('',*,*,#5654,.T.);
#5994=ORIENTED_EDGE('',*,*,#5682,.T.);
#5995=ORIENTED_EDGE('',*,*,#5710,.T.);
#5996=ORIENTED_EDGE('',*,*,#5738,.T.);
#5997=ORIENTED_EDGE('',*,*,#5766,.T.);
#5998=ORIENTED_EDGE('',*,*,#5794,.T.);
#5999=ORIENTED_EDGE('',*,*,#5822,.T.);
#6000=ORIENTED_EDGE('',*,*,#5850,.T.);
#6001=ORIENTED_EDGE('',*,*,#5878,.T.);
#6002=ORIENTED_EDGE('',*,*,#5906,.T.);
#6003=ORIENTED_EDGE('',*,*,#5934,.T.);
#6004=ORIENTED_EDGE('',*,*,#5954,.F.);
#6005=EDGE_LOOP('',(#5989,#5990,#5991,#5992,#5993,#5994,#5995,#5996,#5997,#5998,#5999,#6000,#6001,#6002,#6003,#6004));
#6006=FACE_OUTER_BOUND('',#6005,.T.);
#6007=CARTESIAN_POINT('',(188.,25.,338.));
#6008=DIRECTION('',(0.,0.,1.));
#6009=DIRECTION('',(-0.19509,0.98079,0.));
#6010=AXIS2_PLACEMENT_3D('',#6007,#6008,#6009);
#6011=PLANE('',#6010);
#6012=ADVANCED_FACE('',(#6006),#6011,.T.);
#6013=CLOSED_SHELL('',(#5552,#5580,#5608,#5636,#5664,#5692,#5720,#5748,#5776,#5804,#5832,#5860,#5888,#5916,#5944,#5964,#5988,#6012));
#6014=MANIFOLD_SOLID_BREP('',#6013);
#6015=STYLED_ITEM('color',(#1962),#6014);
#6016=CARTESIAN_POINT('',(190.,-19.2265,323.));
#6017=VERTEX_POINT('',#6016);
#6018=CARTESIAN_POINT('',(180.,-13.45299,323.));
#6019=VERTEX_POINT('',#6018);
#6020=DIRECTION('',(-0.86603,0.5,0.));
#6021=VECTOR('',#6020,11.54701);
#6022=LINE('',#6016,#6021);
#6023=EDGE_CURVE('',#6017,#6019,#6022,.T.);
#6024=ORIENTED_EDGE('',*,*,#6023,.T.);
#6025=CARTESIAN_POINT('',(180.,-13.45299,332.));
#6026=VERTEX_POINT('',#6025);
#6027=DIRECTION('',(0.,0.,1.));
#6028=VECTOR('',#6027,9.);
#6029=LINE('',#6018,#6028);
#6030=EDGE_CURVE('',#6019,#6026,#6029,.T.);
#6031=ORIENTED_EDGE('',*,*,#6030,.T.);
#6032=CARTESIAN_POINT('',(190.,-19.2265,332.));
#6033=VERTEX_POINT('',#6032);
#6034=DIRECTION('',(-0.86603,0.5,0.));
#6035=VECTOR('',#6034,11.54701);
#6036=LINE('',#6032,#6035);
#6037=EDGE_CURVE('',#6033,#6026,#6036,.T.);
#6038=ORIENTED_EDGE('',*,*,#6037,.F.);
#6039=DIRECTION('',(0.,0.,1.));
#6040=VECTOR('',#6039,9.);
#6041=LINE('',#6016,#6040);
#6042=EDGE_CURVE('',#6017,#6033,#6041,.T.);
#6043=ORIENTED_EDGE('',*,*,#6042,.F.);
#6044=EDGE_LOOP('',(#6024,#6031,#6038,#6043));
#6045=FACE_OUTER_BOUND('',#6044,.T.);
#6046=CARTESIAN_POINT('',(190.,-19.2265,323.));
#6047=DIRECTION('',(0.5,0.86603,0.));
#6048=DIRECTION('',(-0.86603,0.5,0.));
#6049=AXIS2_PLACEMENT_3D('',#6046,#6047,#6048);
#6050=PLANE('',#6049);
#6051=ADVANCED_FACE('',(#6045),#6050,.T.);
#6052=CARTESIAN_POINT('',(170.,-19.2265,323.));
#6053=VERTEX_POINT('',#6052);
#6054=DIRECTION('',(-0.86603,-0.5,0.));
#6055=VECTOR('',#6054,11.54701);
#6056=LINE('',#6018,#6055);
#6057=EDGE_CURVE('',#6019,#6053,#6056,.T.);
#6058=ORIENTED_EDGE('',*,*,#6057,.T.);
#6059=CARTESIAN_POINT('',(170.,-19.2265,332.));
#6060=VERTEX_POINT('',#6059);
#6061=DIRECTION('',(0.,0.,1.));
#6062=VECTOR('',#6061,9.);
#6063=LINE('',#6052,#6062);
#6064=EDGE_CURVE('',#6053,#6060,#6063,.T.);
#6065=ORIENTED_EDGE('',*,*,#6064,.T.);
#6066=DIRECTION('',(-0.86603,-0.5,0.));
#6067=VECTOR('',#6066,11.54701);
#6068=LINE('',#6025,#6067);
#6069=EDGE_CURVE('',#6026,#6060,#6068,.T.);
#6070=ORIENTED_EDGE('',*,*,#6069,.F.);
#6071=ORIENTED_EDGE('',*,*,#6030,.F.);
#6072=EDGE_LOOP('',(#6058,#6065,#6070,#6071));
#6073=FACE_OUTER_BOUND('',#6072,.T.);
#6074=CARTESIAN_POINT('',(180.,-13.45299,323.));
#6075=DIRECTION('',(-0.5,0.86603,0.));
#6076=DIRECTION('',(-0.86603,-0.5,0.));
#6077=AXIS2_PLACEMENT_3D('',#6074,#6075,#6076);
#6078=PLANE('',#6077);
#6079=ADVANCED_FACE('',(#6073),#6078,.T.);
#6080=CARTESIAN_POINT('',(170.,-30.7735,323.));
#6081=VERTEX_POINT('',#6080);
#6082=DIRECTION('',(0.,-1.,0.));
#6083=VECTOR('',#6082,11.54701);
#6084=LINE('',#6052,#6083);
#6085=EDGE_CURVE('',#6053,#6081,#6084,.T.);
#6086=ORIENTED_EDGE('',*,*,#6085,.T.);
#6087=CARTESIAN_POINT('',(170.,-30.7735,332.));
#6088=VERTEX_POINT('',#6087);
#6089=DIRECTION('',(0.,0.,1.));
#6090=VECTOR('',#6089,9.);
#6091=LINE('',#6080,#6090);
#6092=EDGE_CURVE('',#6081,#6088,#6091,.T.);
#6093=ORIENTED_EDGE('',*,*,#6092,.T.);
#6094=DIRECTION('',(0.,-1.,0.));
#6095=VECTOR('',#6094,11.54701);
#6096=LINE('',#6059,#6095);
#6097=EDGE_CURVE('',#6060,#6088,#6096,.T.);
#6098=ORIENTED_EDGE('',*,*,#6097,.F.);
#6099=ORIENTED_EDGE('',*,*,#6064,.F.);
#6100=EDGE_LOOP('',(#6086,#6093,#6098,#6099));
#6101=FACE_OUTER_BOUND('',#6100,.T.);
#6102=CARTESIAN_POINT('',(170.,-19.2265,323.));
#6103=DIRECTION('',(-1.,0.,0.));
#6104=DIRECTION('',(0.,-1.,0.));
#6105=AXIS2_PLACEMENT_3D('',#6102,#6103,#6104);
#6106=PLANE('',#6105);
#6107=ADVANCED_FACE('',(#6101),#6106,.T.);
#6108=CARTESIAN_POINT('',(180.,-36.54701,323.));
#6109=VERTEX_POINT('',#6108);
#6110=DIRECTION('',(0.86603,-0.5,0.));
#6111=VECTOR('',#6110,11.54701);
#6112=LINE('',#6080,#6111);
#6113=EDGE_CURVE('',#6081,#6109,#6112,.T.);
#6114=ORIENTED_EDGE('',*,*,#6113,.T.);
#6115=CARTESIAN_POINT('',(180.,-36.54701,332.));
#6116=VERTEX_POINT('',#6115);
#6117=DIRECTION('',(0.,0.,1.));
#6118=VECTOR('',#6117,9.);
#6119=LINE('',#6108,#6118);
#6120=EDGE_CURVE('',#6109,#6116,#6119,.T.);
#6121=ORIENTED_EDGE('',*,*,#6120,.T.);
#6122=DIRECTION('',(0.86603,-0.5,0.));
#6123=VECTOR('',#6122,11.54701);
#6124=LINE('',#6087,#6123);
#6125=EDGE_CURVE('',#6088,#6116,#6124,.T.);
#6126=ORIENTED_EDGE('',*,*,#6125,.F.);
#6127=ORIENTED_EDGE('',*,*,#6092,.F.);
#6128=EDGE_LOOP('',(#6114,#6121,#6126,#6127));
#6129=FACE_OUTER_BOUND('',#6128,.T.);
#6130=CARTESIAN_POINT('',(170.,-30.7735,323.));
#6131=DIRECTION('',(-0.5,-0.86603,0.));
#6132=DIRECTION('',(0.86603,-0.5,0.));
#6133=AXIS2_PLACEMENT_3D('',#6130,#6131,#6132);
#6134=PLANE('',#6133);
#6135=ADVANCED_FACE('',(#6129),#6134,.T.);
#6136=CARTESIAN_POINT('',(190.,-30.7735,323.));
#6137=VERTEX_POINT('',#6136);
#6138=DIRECTION('',(0.86603,0.5,0.));
#6139=VECTOR('',#6138,11.54701);
#6140=LINE('',#6108,#6139);
#6141=EDGE_CURVE('',#6109,#6137,#6140,.T.);
#6142=ORIENTED_EDGE('',*,*,#6141,.T.);
#6143=CARTESIAN_POINT('',(190.,-30.7735,332.));
#6144=VERTEX_POINT('',#6143);
#6145=DIRECTION('',(0.,0.,1.));
#6146=VECTOR('',#6145,9.);
#6147=LINE('',#6136,#6146);
#6148=EDGE_CURVE('',#6137,#6144,#6147,.T.);
#6149=ORIENTED_EDGE('',*,*,#6148,.T.);
#6150=DIRECTION('',(0.86603,0.5,0.));
#6151=VECTOR('',#6150,11.54701);
#6152=LINE('',#6115,#6151);
#6153=EDGE_CURVE('',#6116,#6144,#6152,.T.);
#6154=ORIENTED_EDGE('',*,*,#6153,.F.);
#6155=ORIENTED_EDGE('',*,*,#6120,.F.);
#6156=EDGE_LOOP('',(#6142,#6149,#6154,#6155));
#6157=FACE_OUTER_BOUND('',#6156,.T.);
#6158=CARTESIAN_POINT('',(180.,-36.54701,323.));
#6159=DIRECTION('',(0.5,-0.86603,0.));
#6160=DIRECTION('',(0.86603,0.5,0.));
#6161=AXIS2_PLACEMENT_3D('',#6158,#6159,#6160);
#6162=PLANE('',#6161);
#6163=ADVANCED_FACE('',(#6157),#6162,.T.);
#6164=DIRECTION('',(0.,-1.,0.));
#6165=VECTOR('',#6164,11.54701);
#6166=LINE('',#6016,#6165);
#6167=EDGE_CURVE('',#6017,#6137,#6166,.T.);
#6168=ORIENTED_EDGE('',*,*,#6167,.F.);
#6169=ORIENTED_EDGE('',*,*,#6042,.T.);
#6170=DIRECTION('',(0.,-1.,0.));
#6171=VECTOR('',#6170,11.54701);
#6172=LINE('',#6032,#6171);
#6173=EDGE_CURVE('',#6033,#6144,#6172,.T.);
#6174=ORIENTED_EDGE('',*,*,#6173,.T.);
#6175=ORIENTED_EDGE('',*,*,#6148,.F.);
#6176=EDGE_LOOP('',(#6168,#6169,#6174,#6175));
#6177=FACE_OUTER_BOUND('',#6176,.T.);
#6178=CARTESIAN_POINT('',(190.,-30.7735,323.));
#6179=DIRECTION('',(1.,0.,0.));
#6180=DIRECTION('',(0.,1.,0.));
#6181=AXIS2_PLACEMENT_3D('',#6178,#6179,#6180);
#6182=PLANE('',#6181);
#6183=ADVANCED_FACE('',(#6177),#6182,.T.);
#6184=ORIENTED_EDGE('',*,*,#6141,.F.);
#6185=ORIENTED_EDGE('',*,*,#6113,.F.);
#6186=ORIENTED_EDGE('',*,*,#6085,.F.);
#6187=ORIENTED_EDGE('',*,*,#6057,.F.);
#6188=ORIENTED_EDGE('',*,*,#6023,.F.);
#6189=ORIENTED_EDGE('',*,*,#6167,.T.);
#6190=EDGE_LOOP('',(#6184,#6185,#6186,#6187,#6188,#6189));
#6191=FACE_OUTER_BOUND('',#6190,.T.);
#6192=CARTESIAN_POINT('',(190.,-30.7735,323.));
#6193=DIRECTION('',(0.,0.,-1.));
#6194=DIRECTION('',(-0.86603,-0.5,0.));
#6195=AXIS2_PLACEMENT_3D('',#6192,#6193,#6194);
#6196=PLANE('',#6195);
#6197=ADVANCED_FACE('',(#6191),#6196,.T.);
#6198=ORIENTED_EDGE('',*,*,#6037,.T.);
#6199=ORIENTED_EDGE('',*,*,#6069,.T.);
#6200=ORIENTED_EDGE('',*,*,#6097,.T.);
#6201=ORIENTED_EDGE('',*,*,#6125,.T.);
#6202=ORIENTED_EDGE('',*,*,#6153,.T.);
#6203=ORIENTED_EDGE('',*,*,#6173,.F.);
#6204=EDGE_LOOP('',(#6198,#6199,#6200,#6201,#6202,#6203));
#6205=FACE_OUTER_BOUND('',#6204,.T.);
#6206=CARTESIAN_POINT('',(190.,-19.2265,332.));
#6207=DIRECTION('',(0.,0.,1.));
#6208=DIRECTION('',(-0.86603,0.5,0.));
#6209=AXIS2_PLACEMENT_3D('',#6206,#6207,#6208);
#6210=PLANE('',#6209);
#6211=ADVANCED_FACE('',(#6205),#6210,.T.);
#6212=CLOSED_SHELL('',(#6051,#6079,#6107,#6135,#6163,#6183,#6197,#6211));
#6213=MANIFOLD_SOLID_BREP('',#6212);
#6214=STYLED_ITEM('color',(#1962),#6213);
#6215=CARTESIAN_POINT('',(188.,-25.,332.));
#6216=VERTEX_POINT('',#6215);
#6217=CARTESIAN_POINT('',(187.39104,-21.93853,332.));
#6218=VERTEX_POINT('',#6217);
#6219=DIRECTION('',(-0.19509,0.98079,0.));
#6220=VECTOR('',#6219,3.12145);
#6221=LINE('',#6215,#6220);
#6222=EDGE_CURVE('',#6216,#6218,#6221,.T.);
#6223=ORIENTED_EDGE('',*,*,#6222,.T.);
#6224=CARTESIAN_POINT('',(187.39104,-21.93853,338.));
#6225=VERTEX_POINT('',#6224);
#6226=DIRECTION('',(0.,0.,1.));
#6227=VECTOR('',#6226,6.);
#6228=LINE('',#6217,#6227);
#6229=EDGE_CURVE('',#6218,#6225,#6228,.T.);
#6230=ORIENTED_EDGE('',*,*,#6229,.T.);
#6231=CARTESIAN_POINT('',(188.,-25.,338.));
#6232=VERTEX_POINT('',#6231);
#6233=DIRECTION('',(-0.19509,0.98079,0.));
#6234=VECTOR('',#6233,3.12145);
#6235=LINE('',#6231,#6234);
#6236=EDGE_CURVE('',#6232,#6225,#6235,.T.);
#6237=ORIENTED_EDGE('',*,*,#6236,.F.);
#6238=DIRECTION('',(0.,0.,1.));
#6239=VECTOR('',#6238,6.);
#6240=LINE('',#6215,#6239);
#6241=EDGE_CURVE('',#6216,#6232,#6240,.T.);
#6242=ORIENTED_EDGE('',*,*,#6241,.F.);
#6243=EDGE_LOOP('',(#6223,#6230,#6237,#6242));
#6244=FACE_OUTER_BOUND('',#6243,.T.);
#6245=CARTESIAN_POINT('',(188.,-25.,332.));
#6246=DIRECTION('',(0.98079,0.19509,0.));
#6247=DIRECTION('',(-0.19509,0.98079,0.));
#6248=AXIS2_PLACEMENT_3D('',#6245,#6246,#6247);
#6249=PLANE('',#6248);
#6250=ADVANCED_FACE('',(#6244),#6249,.T.);
#6251=CARTESIAN_POINT('',(185.65685,-19.34315,332.));
#6252=VERTEX_POINT('',#6251);
#6253=DIRECTION('',(-0.55557,0.83147,0.));
#6254=VECTOR('',#6253,3.12145);
#6255=LINE('',#6217,#6254);
#6256=EDGE_CURVE('',#6218,#6252,#6255,.T.);
#6257=ORIENTED_EDGE('',*,*,#6256,.T.);
#6258=CARTESIAN_POINT('',(185.65685,-19.34315,338.));
#6259=VERTEX_POINT('',#6258);
#6260=DIRECTION('',(0.,0.,1.));
#6261=VECTOR('',#6260,6.);
#6262=LINE('',#6251,#6261);
#6263=EDGE_CURVE('',#6252,#6259,#6262,.T.);
#6264=ORIENTED_EDGE('',*,*,#6263,.T.);
#6265=DIRECTION('',(-0.55557,0.83147,0.));
#6266=VECTOR('',#6265,3.12145);
#6267=LINE('',#6224,#6266);
#6268=EDGE_CURVE('',#6225,#6259,#6267,.T.);
#6269=ORIENTED_EDGE('',*,*,#6268,.F.);
#6270=ORIENTED_EDGE('',*,*,#6229,.F.);
#6271=EDGE_LOOP('',(#6257,#6264,#6269,#6270));
#6272=FACE_OUTER_BOUND('',#6271,.T.);
#6273=CARTESIAN_POINT('',(187.39104,-21.93853,332.));
#6274=DIRECTION('',(0.83147,0.55557,0.));
#6275=DIRECTION('',(-0.55557,0.83147,0.));
#6276=AXIS2_PLACEMENT_3D('',#6273,#6274,#6275);
#6277=PLANE('',#6276);
#6278=ADVANCED_FACE('',(#6272),#6277,.T.);
#6279=CARTESIAN_POINT('',(183.06147,-17.60896,332.));
#6280=VERTEX_POINT('',#6279);
#6281=DIRECTION('',(-0.83147,0.55557,0.));
#6282=VECTOR('',#6281,3.12145);
#6283=LINE('',#6251,#6282);
#6284=EDGE_CURVE('',#6252,#6280,#6283,.T.);
#6285=ORIENTED_EDGE('',*,*,#6284,.T.);
#6286=CARTESIAN_POINT('',(183.06147,-17.60896,338.));
#6287=VERTEX_POINT('',#6286);
#6288=DIRECTION('',(0.,0.,1.));
#6289=VECTOR('',#6288,6.);
#6290=LINE('',#6279,#6289);
#6291=EDGE_CURVE('',#6280,#6287,#6290,.T.);
#6292=ORIENTED_EDGE('',*,*,#6291,.T.);
#6293=DIRECTION('',(-0.83147,0.55557,0.));
#6294=VECTOR('',#6293,3.12145);
#6295=LINE('',#6258,#6294);
#6296=EDGE_CURVE('',#6259,#6287,#6295,.T.);
#6297=ORIENTED_EDGE('',*,*,#6296,.F.);
#6298=ORIENTED_EDGE('',*,*,#6263,.F.);
#6299=EDGE_LOOP('',(#6285,#6292,#6297,#6298));
#6300=FACE_OUTER_BOUND('',#6299,.T.);
#6301=CARTESIAN_POINT('',(185.65685,-19.34315,332.));
#6302=DIRECTION('',(0.55557,0.83147,0.));
#6303=DIRECTION('',(-0.83147,0.55557,0.));
#6304=AXIS2_PLACEMENT_3D('',#6301,#6302,#6303);
#6305=PLANE('',#6304);
#6306=ADVANCED_FACE('',(#6300),#6305,.T.);
#6307=CARTESIAN_POINT('',(180.,-17.,332.));
#6308=VERTEX_POINT('',#6307);
#6309=DIRECTION('',(-0.98079,0.19509,0.));
#6310=VECTOR('',#6309,3.12145);
#6311=LINE('',#6279,#6310);
#6312=EDGE_CURVE('',#6280,#6308,#6311,.T.);
#6313=ORIENTED_EDGE('',*,*,#6312,.T.);
#6314=CARTESIAN_POINT('',(180.,-17.,338.));
#6315=VERTEX_POINT('',#6314);
#6316=DIRECTION('',(0.,0.,1.));
#6317=VECTOR('',#6316,6.);
#6318=LINE('',#6307,#6317);
#6319=EDGE_CURVE('',#6308,#6315,#6318,.T.);
#6320=ORIENTED_EDGE('',*,*,#6319,.T.);
#6321=DIRECTION('',(-0.98079,0.19509,0.));
#6322=VECTOR('',#6321,3.12145);
#6323=LINE('',#6286,#6322);
#6324=EDGE_CURVE('',#6287,#6315,#6323,.T.);
#6325=ORIENTED_EDGE('',*,*,#6324,.F.);
#6326=ORIENTED_EDGE('',*,*,#6291,.F.);
#6327=EDGE_LOOP('',(#6313,#6320,#6325,#6326));
#6328=FACE_OUTER_BOUND('',#6327,.T.);
#6329=CARTESIAN_POINT('',(183.06147,-17.60896,332.));
#6330=DIRECTION('',(0.19509,0.98079,0.));
#6331=DIRECTION('',(-0.98079,0.19509,0.));
#6332=AXIS2_PLACEMENT_3D('',#6329,#6330,#6331);
#6333=PLANE('',#6332);
#6334=ADVANCED_FACE('',(#6328),#6333,.T.);
#6335=CARTESIAN_POINT('',(176.93853,-17.60896,332.));
#6336=VERTEX_POINT('',#6335);
#6337=DIRECTION('',(-0.98079,-0.19509,0.));
#6338=VECTOR('',#6337,3.12145);
#6339=LINE('',#6307,#6338);
#6340=EDGE_CURVE('',#6308,#6336,#6339,.T.);
#6341=ORIENTED_EDGE('',*,*,#6340,.T.);
#6342=CARTESIAN_POINT('',(176.93853,-17.60896,338.));
#6343=VERTEX_POINT('',#6342);
#6344=DIRECTION('',(0.,0.,1.));
#6345=VECTOR('',#6344,6.);
#6346=LINE('',#6335,#6345);
#6347=EDGE_CURVE('',#6336,#6343,#6346,.T.);
#6348=ORIENTED_EDGE('',*,*,#6347,.T.);
#6349=DIRECTION('',(-0.98079,-0.19509,0.));
#6350=VECTOR('',#6349,3.12145);
#6351=LINE('',#6314,#6350);
#6352=EDGE_CURVE('',#6315,#6343,#6351,.T.);
#6353=ORIENTED_EDGE('',*,*,#6352,.F.);
#6354=ORIENTED_EDGE('',*,*,#6319,.F.);
#6355=EDGE_LOOP('',(#6341,#6348,#6353,#6354));
#6356=FACE_OUTER_BOUND('',#6355,.T.);
#6357=CARTESIAN_POINT('',(180.,-17.,332.));
#6358=DIRECTION('',(-0.19509,0.98079,0.));
#6359=DIRECTION('',(-0.98079,-0.19509,0.));
#6360=AXIS2_PLACEMENT_3D('',#6357,#6358,#6359);
#6361=PLANE('',#6360);
#6362=ADVANCED_FACE('',(#6356),#6361,.T.);
#6363=CARTESIAN_POINT('',(174.34315,-19.34315,332.));
#6364=VERTEX_POINT('',#6363);
#6365=DIRECTION('',(-0.83147,-0.55557,0.));
#6366=VECTOR('',#6365,3.12145);
#6367=LINE('',#6335,#6366);
#6368=EDGE_CURVE('',#6336,#6364,#6367,.T.);
#6369=ORIENTED_EDGE('',*,*,#6368,.T.);
#6370=CARTESIAN_POINT('',(174.34315,-19.34315,338.));
#6371=VERTEX_POINT('',#6370);
#6372=DIRECTION('',(0.,0.,1.));
#6373=VECTOR('',#6372,6.);
#6374=LINE('',#6363,#6373);
#6375=EDGE_CURVE('',#6364,#6371,#6374,.T.);
#6376=ORIENTED_EDGE('',*,*,#6375,.T.);
#6377=DIRECTION('',(-0.83147,-0.55557,0.));
#6378=VECTOR('',#6377,3.12145);
#6379=LINE('',#6342,#6378);
#6380=EDGE_CURVE('',#6343,#6371,#6379,.T.);
#6381=ORIENTED_EDGE('',*,*,#6380,.F.);
#6382=ORIENTED_EDGE('',*,*,#6347,.F.);
#6383=EDGE_LOOP('',(#6369,#6376,#6381,#6382));
#6384=FACE_OUTER_BOUND('',#6383,.T.);
#6385=CARTESIAN_POINT('',(176.93853,-17.60896,332.));
#6386=DIRECTION('',(-0.55557,0.83147,0.));
#6387=DIRECTION('',(-0.83147,-0.55557,0.));
#6388=AXIS2_PLACEMENT_3D('',#6385,#6386,#6387);
#6389=PLANE('',#6388);
#6390=ADVANCED_FACE('',(#6384),#6389,.T.);
#6391=CARTESIAN_POINT('',(172.60896,-21.93853,332.));
#6392=VERTEX_POINT('',#6391);
#6393=DIRECTION('',(-0.55557,-0.83147,0.));
#6394=VECTOR('',#6393,3.12145);
#6395=LINE('',#6363,#6394);
#6396=EDGE_CURVE('',#6364,#6392,#6395,.T.);
#6397=ORIENTED_EDGE('',*,*,#6396,.T.);
#6398=CARTESIAN_POINT('',(172.60896,-21.93853,338.));
#6399=VERTEX_POINT('',#6398);
#6400=DIRECTION('',(0.,0.,1.));
#6401=VECTOR('',#6400,6.);
#6402=LINE('',#6391,#6401);
#6403=EDGE_CURVE('',#6392,#6399,#6402,.T.);
#6404=ORIENTED_EDGE('',*,*,#6403,.T.);
#6405=DIRECTION('',(-0.55557,-0.83147,0.));
#6406=VECTOR('',#6405,3.12145);
#6407=LINE('',#6370,#6406);
#6408=EDGE_CURVE('',#6371,#6399,#6407,.T.);
#6409=ORIENTED_EDGE('',*,*,#6408,.F.);
#6410=ORIENTED_EDGE('',*,*,#6375,.F.);
#6411=EDGE_LOOP('',(#6397,#6404,#6409,#6410));
#6412=FACE_OUTER_BOUND('',#6411,.T.);
#6413=CARTESIAN_POINT('',(174.34315,-19.34315,332.));
#6414=DIRECTION('',(-0.83147,0.55557,0.));
#6415=DIRECTION('',(-0.55557,-0.83147,0.));
#6416=AXIS2_PLACEMENT_3D('',#6413,#6414,#6415);
#6417=PLANE('',#6416);
#6418=ADVANCED_FACE('',(#6412),#6417,.T.);
#6419=CARTESIAN_POINT('',(172.,-25.,332.));
#6420=VERTEX_POINT('',#6419);
#6421=DIRECTION('',(-0.19509,-0.98079,0.));
#6422=VECTOR('',#6421,3.12145);
#6423=LINE('',#6391,#6422);
#6424=EDGE_CURVE('',#6392,#6420,#6423,.T.);
#6425=ORIENTED_EDGE('',*,*,#6424,.T.);
#6426=CARTESIAN_POINT('',(172.,-25.,338.));
#6427=VERTEX_POINT('',#6426);
#6428=DIRECTION('',(0.,0.,1.));
#6429=VECTOR('',#6428,6.);
#6430=LINE('',#6419,#6429);
#6431=EDGE_CURVE('',#6420,#6427,#6430,.T.);
#6432=ORIENTED_EDGE('',*,*,#6431,.T.);
#6433=DIRECTION('',(-0.19509,-0.98079,0.));
#6434=VECTOR('',#6433,3.12145);
#6435=LINE('',#6398,#6434);
#6436=EDGE_CURVE('',#6399,#6427,#6435,.T.);
#6437=ORIENTED_EDGE('',*,*,#6436,.F.);
#6438=ORIENTED_EDGE('',*,*,#6403,.F.);
#6439=EDGE_LOOP('',(#6425,#6432,#6437,#6438));
#6440=FACE_OUTER_BOUND('',#6439,.T.);
#6441=CARTESIAN_POINT('',(172.60896,-21.93853,332.));
#6442=DIRECTION('',(-0.98079,0.19509,0.));
#6443=DIRECTION('',(-0.19509,-0.98079,0.));
#6444=AXIS2_PLACEMENT_3D('',#6441,#6442,#6443);
#6445=PLANE('',#6444);
#6446=ADVANCED_FACE('',(#6440),#6445,.T.);
#6447=CARTESIAN_POINT('',(172.60896,-28.06147,332.));
#6448=VERTEX_POINT('',#6447);
#6449=DIRECTION('',(0.19509,-0.98079,0.));
#6450=VECTOR('',#6449,3.12145);
#6451=LINE('',#6419,#6450);
#6452=EDGE_CURVE('',#6420,#6448,#6451,.T.);
#6453=ORIENTED_EDGE('',*,*,#6452,.T.);
#6454=CARTESIAN_POINT('',(172.60896,-28.06147,338.));
#6455=VERTEX_POINT('',#6454);
#6456=DIRECTION('',(0.,0.,1.));
#6457=VECTOR('',#6456,6.);
#6458=LINE('',#6447,#6457);
#6459=EDGE_CURVE('',#6448,#6455,#6458,.T.);
#6460=ORIENTED_EDGE('',*,*,#6459,.T.);
#6461=DIRECTION('',(0.19509,-0.98079,0.));
#6462=VECTOR('',#6461,3.12145);
#6463=LINE('',#6426,#6462);
#6464=EDGE_CURVE('',#6427,#6455,#6463,.T.);
#6465=ORIENTED_EDGE('',*,*,#6464,.F.);
#6466=ORIENTED_EDGE('',*,*,#6431,.F.);
#6467=EDGE_LOOP('',(#6453,#6460,#6465,#6466));
#6468=FACE_OUTER_BOUND('',#6467,.T.);
#6469=CARTESIAN_POINT('',(172.,-25.,332.));
#6470=DIRECTION('',(-0.98079,-0.19509,0.));
#6471=DIRECTION('',(0.19509,-0.98079,0.));
#6472=AXIS2_PLACEMENT_3D('',#6469,#6470,#6471);
#6473=PLANE('',#6472);
#6474=ADVANCED_FACE('',(#6468),#6473,.T.);
#6475=CARTESIAN_POINT('',(174.34315,-30.65685,332.));
#6476=VERTEX_POINT('',#6475);
#6477=DIRECTION('',(0.55557,-0.83147,0.));
#6478=VECTOR('',#6477,3.12145);
#6479=LINE('',#6447,#6478);
#6480=EDGE_CURVE('',#6448,#6476,#6479,.T.);
#6481=ORIENTED_EDGE('',*,*,#6480,.T.);
#6482=CARTESIAN_POINT('',(174.34315,-30.65685,338.));
#6483=VERTEX_POINT('',#6482);
#6484=DIRECTION('',(0.,0.,1.));
#6485=VECTOR('',#6484,6.);
#6486=LINE('',#6475,#6485);
#6487=EDGE_CURVE('',#6476,#6483,#6486,.T.);
#6488=ORIENTED_EDGE('',*,*,#6487,.T.);
#6489=DIRECTION('',(0.55557,-0.83147,0.));
#6490=VECTOR('',#6489,3.12145);
#6491=LINE('',#6454,#6490);
#6492=EDGE_CURVE('',#6455,#6483,#6491,.T.);
#6493=ORIENTED_EDGE('',*,*,#6492,.F.);
#6494=ORIENTED_EDGE('',*,*,#6459,.F.);
#6495=EDGE_LOOP('',(#6481,#6488,#6493,#6494));
#6496=FACE_OUTER_BOUND('',#6495,.T.);
#6497=CARTESIAN_POINT('',(172.60896,-28.06147,332.));
#6498=DIRECTION('',(-0.83147,-0.55557,0.));
#6499=DIRECTION('',(0.55557,-0.83147,0.));
#6500=AXIS2_PLACEMENT_3D('',#6497,#6498,#6499);
#6501=PLANE('',#6500);
#6502=ADVANCED_FACE('',(#6496),#6501,.T.);
#6503=CARTESIAN_POINT('',(176.93853,-32.39104,332.));
#6504=VERTEX_POINT('',#6503);
#6505=DIRECTION('',(0.83147,-0.55557,0.));
#6506=VECTOR('',#6505,3.12145);
#6507=LINE('',#6475,#6506);
#6508=EDGE_CURVE('',#6476,#6504,#6507,.T.);
#6509=ORIENTED_EDGE('',*,*,#6508,.T.);
#6510=CARTESIAN_POINT('',(176.93853,-32.39104,338.));
#6511=VERTEX_POINT('',#6510);
#6512=DIRECTION('',(0.,0.,1.));
#6513=VECTOR('',#6512,6.);
#6514=LINE('',#6503,#6513);
#6515=EDGE_CURVE('',#6504,#6511,#6514,.T.);
#6516=ORIENTED_EDGE('',*,*,#6515,.T.);
#6517=DIRECTION('',(0.83147,-0.55557,0.));
#6518=VECTOR('',#6517,3.12145);
#6519=LINE('',#6482,#6518);
#6520=EDGE_CURVE('',#6483,#6511,#6519,.T.);
#6521=ORIENTED_EDGE('',*,*,#6520,.F.);
#6522=ORIENTED_EDGE('',*,*,#6487,.F.);
#6523=EDGE_LOOP('',(#6509,#6516,#6521,#6522));
#6524=FACE_OUTER_BOUND('',#6523,.T.);
#6525=CARTESIAN_POINT('',(174.34315,-30.65685,332.));
#6526=DIRECTION('',(-0.55557,-0.83147,0.));
#6527=DIRECTION('',(0.83147,-0.55557,0.));
#6528=AXIS2_PLACEMENT_3D('',#6525,#6526,#6527);
#6529=PLANE('',#6528);
#6530=ADVANCED_FACE('',(#6524),#6529,.T.);
#6531=CARTESIAN_POINT('',(180.,-33.,332.));
#6532=VERTEX_POINT('',#6531);
#6533=DIRECTION('',(0.98079,-0.19509,0.));
#6534=VECTOR('',#6533,3.12145);
#6535=LINE('',#6503,#6534);
#6536=EDGE_CURVE('',#6504,#6532,#6535,.T.);
#6537=ORIENTED_EDGE('',*,*,#6536,.T.);
#6538=CARTESIAN_POINT('',(180.,-33.,338.));
#6539=VERTEX_POINT('',#6538);
#6540=DIRECTION('',(0.,0.,1.));
#6541=VECTOR('',#6540,6.);
#6542=LINE('',#6531,#6541);
#6543=EDGE_CURVE('',#6532,#6539,#6542,.T.);
#6544=ORIENTED_EDGE('',*,*,#6543,.T.);
#6545=DIRECTION('',(0.98079,-0.19509,0.));
#6546=VECTOR('',#6545,3.12145);
#6547=LINE('',#6510,#6546);
#6548=EDGE_CURVE('',#6511,#6539,#6547,.T.);
#6549=ORIENTED_EDGE('',*,*,#6548,.F.);
#6550=ORIENTED_EDGE('',*,*,#6515,.F.);
#6551=EDGE_LOOP('',(#6537,#6544,#6549,#6550));
#6552=FACE_OUTER_BOUND('',#6551,.T.);
#6553=CARTESIAN_POINT('',(176.93853,-32.39104,332.));
#6554=DIRECTION('',(-0.19509,-0.98079,0.));
#6555=DIRECTION('',(0.98079,-0.19509,0.));
#6556=AXIS2_PLACEMENT_3D('',#6553,#6554,#6555);
#6557=PLANE('',#6556);
#6558=ADVANCED_FACE('',(#6552),#6557,.T.);
#6559=CARTESIAN_POINT('',(183.06147,-32.39104,332.));
#6560=VERTEX_POINT('',#6559);
#6561=DIRECTION('',(0.98079,0.19509,0.));
#6562=VECTOR('',#6561,3.12145);
#6563=LINE('',#6531,#6562);
#6564=EDGE_CURVE('',#6532,#6560,#6563,.T.);
#6565=ORIENTED_EDGE('',*,*,#6564,.T.);
#6566=CARTESIAN_POINT('',(183.06147,-32.39104,338.));
#6567=VERTEX_POINT('',#6566);
#6568=DIRECTION('',(0.,0.,1.));
#6569=VECTOR('',#6568,6.);
#6570=LINE('',#6559,#6569);
#6571=EDGE_CURVE('',#6560,#6567,#6570,.T.);
#6572=ORIENTED_EDGE('',*,*,#6571,.T.);
#6573=DIRECTION('',(0.98079,0.19509,0.));
#6574=VECTOR('',#6573,3.12145);
#6575=LINE('',#6538,#6574);
#6576=EDGE_CURVE('',#6539,#6567,#6575,.T.);
#6577=ORIENTED_EDGE('',*,*,#6576,.F.);
#6578=ORIENTED_EDGE('',*,*,#6543,.F.);
#6579=EDGE_LOOP('',(#6565,#6572,#6577,#6578));
#6580=FACE_OUTER_BOUND('',#6579,.T.);
#6581=CARTESIAN_POINT('',(180.,-33.,332.));
#6582=DIRECTION('',(0.19509,-0.98079,0.));
#6583=DIRECTION('',(0.98079,0.19509,0.));
#6584=AXIS2_PLACEMENT_3D('',#6581,#6582,#6583);
#6585=PLANE('',#6584);
#6586=ADVANCED_FACE('',(#6580),#6585,.T.);
#6587=CARTESIAN_POINT('',(185.65685,-30.65685,332.));
#6588=VERTEX_POINT('',#6587);
#6589=DIRECTION('',(0.83147,0.55557,0.));
#6590=VECTOR('',#6589,3.12145);
#6591=LINE('',#6559,#6590);
#6592=EDGE_CURVE('',#6560,#6588,#6591,.T.);
#6593=ORIENTED_EDGE('',*,*,#6592,.T.);
#6594=CARTESIAN_POINT('',(185.65685,-30.65685,338.));
#6595=VERTEX_POINT('',#6594);
#6596=DIRECTION('',(0.,0.,1.));
#6597=VECTOR('',#6596,6.);
#6598=LINE('',#6587,#6597);
#6599=EDGE_CURVE('',#6588,#6595,#6598,.T.);
#6600=ORIENTED_EDGE('',*,*,#6599,.T.);
#6601=DIRECTION('',(0.83147,0.55557,0.));
#6602=VECTOR('',#6601,3.12145);
#6603=LINE('',#6566,#6602);
#6604=EDGE_CURVE('',#6567,#6595,#6603,.T.);
#6605=ORIENTED_EDGE('',*,*,#6604,.F.);
#6606=ORIENTED_EDGE('',*,*,#6571,.F.);
#6607=EDGE_LOOP('',(#6593,#6600,#6605,#6606));
#6608=FACE_OUTER_BOUND('',#6607,.T.);
#6609=CARTESIAN_POINT('',(183.06147,-32.39104,332.));
#6610=DIRECTION('',(0.55557,-0.83147,0.));
#6611=DIRECTION('',(0.83147,0.55557,0.));
#6612=AXIS2_PLACEMENT_3D('',#6609,#6610,#6611);
#6613=PLANE('',#6612);
#6614=ADVANCED_FACE('',(#6608),#6613,.T.);
#6615=CARTESIAN_POINT('',(187.39104,-28.06147,332.));
#6616=VERTEX_POINT('',#6615);
#6617=DIRECTION('',(0.55557,0.83147,0.));
#6618=VECTOR('',#6617,3.12145);
#6619=LINE('',#6587,#6618);
#6620=EDGE_CURVE('',#6588,#6616,#6619,.T.);
#6621=ORIENTED_EDGE('',*,*,#6620,.T.);
#6622=CARTESIAN_POINT('',(187.39104,-28.06147,338.));
#6623=VERTEX_POINT('',#6622);
#6624=DIRECTION('',(0.,0.,1.));
#6625=VECTOR('',#6624,6.);
#6626=LINE('',#6615,#6625);
#6627=EDGE_CURVE('',#6616,#6623,#6626,.T.);
#6628=ORIENTED_EDGE('',*,*,#6627,.T.);
#6629=DIRECTION('',(0.55557,0.83147,0.));
#6630=VECTOR('',#6629,3.12145);
#6631=LINE('',#6594,#6630);
#6632=EDGE_CURVE('',#6595,#6623,#6631,.T.);
#6633=ORIENTED_EDGE('',*,*,#6632,.F.);
#6634=ORIENTED_EDGE('',*,*,#6599,.F.);
#6635=EDGE_LOOP('',(#6621,#6628,#6633,#6634));
#6636=FACE_OUTER_BOUND('',#6635,.T.);
#6637=CARTESIAN_POINT('',(185.65685,-30.65685,332.));
#6638=DIRECTION('',(0.83147,-0.55557,0.));
#6639=DIRECTION('',(0.55557,0.83147,0.));
#6640=AXIS2_PLACEMENT_3D('',#6637,#6638,#6639);
#6641=PLANE('',#6640);
#6642=ADVANCED_FACE('',(#6636),#6641,.T.);
#6643=DIRECTION('',(-0.19509,-0.98079,0.));
#6644=VECTOR('',#6643,3.12145);
#6645=LINE('',#6215,#6644);
#6646=EDGE_CURVE('',#6216,#6616,#6645,.T.);
#6647=ORIENTED_EDGE('',*,*,#6646,.F.);
#6648=ORIENTED_EDGE('',*,*,#6241,.T.);
#6649=DIRECTION('',(-0.19509,-0.98079,0.));
#6650=VECTOR('',#6649,3.12145);
#6651=LINE('',#6231,#6650);
#6652=EDGE_CURVE('',#6232,#6623,#6651,.T.);
#6653=ORIENTED_EDGE('',*,*,#6652,.T.);
#6654=ORIENTED_EDGE('',*,*,#6627,.F.);
#6655=EDGE_LOOP('',(#6647,#6648,#6653,#6654));
#6656=FACE_OUTER_BOUND('',#6655,.T.);
#6657=CARTESIAN_POINT('',(187.39104,-28.06147,332.));
#6658=DIRECTION('',(0.98079,-0.19509,0.));
#6659=DIRECTION('',(0.19509,0.98079,0.));
#6660=AXIS2_PLACEMENT_3D('',#6657,#6658,#6659);
#6661=PLANE('',#6660);
#6662=ADVANCED_FACE('',(#6656),#6661,.T.);
#6663=ORIENTED_EDGE('',*,*,#6620,.F.);
#6664=ORIENTED_EDGE('',*,*,#6592,.F.);
#6665=ORIENTED_EDGE('',*,*,#6564,.F.);
#6666=ORIENTED_EDGE('',*,*,#6536,.F.);
#6667=ORIENTED_EDGE('',*,*,#6508,.F.);
#6668=ORIENTED_EDGE('',*,*,#6480,.F.);
#6669=ORIENTED_EDGE('',*,*,#6452,.F.);
#6670=ORIENTED_EDGE('',*,*,#6424,.F.);
#6671=ORIENTED_EDGE('',*,*,#6396,.F.);
#6672=ORIENTED_EDGE('',*,*,#6368,.F.);
#6673=ORIENTED_EDGE('',*,*,#6340,.F.);
#6674=ORIENTED_EDGE('',*,*,#6312,.F.);
#6675=ORIENTED_EDGE('',*,*,#6284,.F.);
#6676=ORIENTED_EDGE('',*,*,#6256,.F.);
#6677=ORIENTED_EDGE('',*,*,#6222,.F.);
#6678=ORIENTED_EDGE('',*,*,#6646,.T.);
#6679=EDGE_LOOP('',(#6663,#6664,#6665,#6666,#6667,#6668,#6669,#6670,#6671,#6672,#6673,#6674,#6675,#6676,#6677,#6678));
#6680=FACE_OUTER_BOUND('',#6679,.T.);
#6681=CARTESIAN_POINT('',(187.39104,-28.06147,332.));
#6682=DIRECTION('',(0.,0.,-1.));
#6683=DIRECTION('',(-0.55557,-0.83147,0.));
#6684=AXIS2_PLACEMENT_3D('',#6681,#6682,#6683);
#6685=PLANE('',#6684);
#6686=ADVANCED_FACE('',(#6680),#6685,.T.);
#6687=ORIENTED_EDGE('',*,*,#6236,.T.);
#6688=ORIENTED_EDGE('',*,*,#6268,.T.);
#6689=ORIENTED_EDGE('',*,*,#6296,.T.);
#6690=ORIENTED_EDGE('',*,*,#6324,.T.);
#6691=ORIENTED_EDGE('',*,*,#6352,.T.);
#6692=ORIENTED_EDGE('',*,*,#6380,.T.);
#6693=ORIENTED_EDGE('',*,*,#6408,.T.);
#6694=ORIENTED_EDGE('',*,*,#6436,.T.);
#6695=ORIENTED_EDGE('',*,*,#6464,.T.);
#6696=ORIENTED_EDGE('',*,*,#6492,.T.);
#6697=ORIENTED_EDGE('',*,*,#6520,.T.);
#6698=ORIENTED_EDGE('',*,*,#6548,.T.);
#6699=ORIENTED_EDGE('',*,*,#6576,.T.);
#6700=ORIENTED_EDGE('',*,*,#6604,.T.);
#6701=ORIENTED_EDGE('',*,*,#6632,.T.);
#6702=ORIENTED_EDGE('',*,*,#6652,.F.);
#6703=EDGE_LOOP('',(#6687,#6688,#6689,#6690,#6691,#6692,#6693,#6694,#6695,#6696,#6697,#6698,#6699,#6700,#6701,#6702));
#6704=FACE_OUTER_BOUND('',#6703,.T.);
#6705=CARTESIAN_POINT('',(188.,-25.,338.));
#6706=DIRECTION('',(0.,0.,1.));
#6707=DIRECTION('',(-0.19509,0.98079,0.));
#6708=AXIS2_PLACEMENT_3D('',#6705,#6706,#6707);
#6709=PLANE('',#6708);
#6710=ADVANCED_FACE('',(#6704),#6709,.T.);
#6711=CLOSED_SHELL('',(#6250,#6278,#6306,#6334,#6362,#6390,#6418,#6446,#6474,#6502,#6530,#6558,#6586,#6614,#6642,#6662,#6686,#6710));
#6712=MANIFOLD_SOLID_BREP('',#6711);
#6713=STYLED_ITEM('color',(#1962),#6712);
#6714=CARTESIAN_POINT('',(249.,75.,323.));
#6715=VERTEX_POINT('',#6714);
#6716=CARTESIAN_POINT('',(248.55951,77.78115,323.));
#6717=VERTEX_POINT('',#6716);
#6718=DIRECTION('',(-0.15643,0.98769,0.));
#6719=VECTOR('',#6718,2.81582);
#6720=LINE('',#6714,#6719);
#6721=EDGE_CURVE('',#6715,#6717,#6720,.T.);
#6722=ORIENTED_EDGE('',*,*,#6721,.T.);
#6723=CARTESIAN_POINT('',(248.55951,77.78115,337.));
#6724=VERTEX_POINT('',#6723);
#6725=DIRECTION('',(0.,0.,1.));
#6726=VECTOR('',#6725,14.);
#6727=LINE('',#6716,#6726);
#6728=EDGE_CURVE('',#6717,#6724,#6727,.T.);
#6729=ORIENTED_EDGE('',*,*,#6728,.T.);
#6730=CARTESIAN_POINT('',(249.,75.,337.));
#6731=VERTEX_POINT('',#6730);
#6732=DIRECTION('',(-0.15643,0.98769,0.));
#6733=VECTOR('',#6732,2.81582);
#6734=LINE('',#6730,#6733);
#6735=EDGE_CURVE('',#6731,#6724,#6734,.T.);
#6736=ORIENTED_EDGE('',*,*,#6735,.F.);
#6737=DIRECTION('',(0.,0.,1.));
#6738=VECTOR('',#6737,14.);
#6739=LINE('',#6714,#6738);
#6740=EDGE_CURVE('',#6715,#6731,#6739,.T.);
#6741=ORIENTED_EDGE('',*,*,#6740,.F.);
#6742=EDGE_LOOP('',(#6722,#6729,#6736,#6741));
#6743=FACE_OUTER_BOUND('',#6742,.T.);
#6744=CARTESIAN_POINT('',(249.,75.,323.));
#6745=DIRECTION('',(0.98769,0.15643,0.));
#6746=DIRECTION('',(-0.15643,0.98769,0.));
#6747=AXIS2_PLACEMENT_3D('',#6744,#6745,#6746);
#6748=PLANE('',#6747);
#6749=ADVANCED_FACE('',(#6743),#6748,.T.);
#6750=CARTESIAN_POINT('',(247.28115,80.29007,323.));
#6751=VERTEX_POINT('',#6750);
#6752=DIRECTION('',(-0.45399,0.89101,0.));
#6753=VECTOR('',#6752,2.81582);
#6754=LINE('',#6716,#6753);
#6755=EDGE_CURVE('',#6717,#6751,#6754,.T.);
#6756=ORIENTED_EDGE('',*,*,#6755,.T.);
#6757=CARTESIAN_POINT('',(247.28115,80.29007,337.));
#6758=VERTEX_POINT('',#6757);
#6759=DIRECTION('',(0.,0.,1.));
#6760=VECTOR('',#6759,14.);
#6761=LINE('',#6750,#6760);
#6762=EDGE_CURVE('',#6751,#6758,#6761,.T.);
#6763=ORIENTED_EDGE('',*,*,#6762,.T.);
#6764=DIRECTION('',(-0.45399,0.89101,0.));
#6765=VECTOR('',#6764,2.81582);
#6766=LINE('',#6723,#6765);
#6767=EDGE_CURVE('',#6724,#6758,#6766,.T.);
#6768=ORIENTED_EDGE('',*,*,#6767,.F.);
#6769=ORIENTED_EDGE('',*,*,#6728,.F.);
#6770=EDGE_LOOP('',(#6756,#6763,#6768,#6769));
#6771=FACE_OUTER_BOUND('',#6770,.T.);
#6772=CARTESIAN_POINT('',(248.55951,77.78115,323.));
#6773=DIRECTION('',(0.89101,0.45399,0.));
#6774=DIRECTION('',(-0.45399,0.89101,0.));
#6775=AXIS2_PLACEMENT_3D('',#6772,#6773,#6774);
#6776=PLANE('',#6775);
#6777=ADVANCED_FACE('',(#6771),#6776,.T.);
#6778=CARTESIAN_POINT('',(245.29007,82.28115,323.));
#6779=VERTEX_POINT('',#6778);
#6780=DIRECTION('',(-0.70711,0.70711,0.));
#6781=VECTOR('',#6780,2.81582);
#6782=LINE('',#6750,#6781);
#6783=EDGE_CURVE('',#6751,#6779,#6782,.T.);
#6784=ORIENTED_EDGE('',*,*,#6783,.T.);
#6785=CARTESIAN_POINT('',(245.29007,82.28115,337.));
#6786=VERTEX_POINT('',#6785);
#6787=DIRECTION('',(0.,0.,1.));
#6788=VECTOR('',#6787,14.);
#6789=LINE('',#6778,#6788);
#6790=EDGE_CURVE('',#6779,#6786,#6789,.T.);
#6791=ORIENTED_EDGE('',*,*,#6790,.T.);
#6792=DIRECTION('',(-0.70711,0.70711,0.));
#6793=VECTOR('',#6792,2.81582);
#6794=LINE('',#6757,#6793);
#6795=EDGE_CURVE('',#6758,#6786,#6794,.T.);
#6796=ORIENTED_EDGE('',*,*,#6795,.F.);
#6797=ORIENTED_EDGE('',*,*,#6762,.F.);
#6798=EDGE_LOOP('',(#6784,#6791,#6796,#6797));
#6799=FACE_OUTER_BOUND('',#6798,.T.);
#6800=CARTESIAN_POINT('',(247.28115,80.29007,323.));
#6801=DIRECTION('',(0.70711,0.70711,0.));
#6802=DIRECTION('',(-0.70711,0.70711,0.));
#6803=AXIS2_PLACEMENT_3D('',#6800,#6801,#6802);
#6804=PLANE('',#6803);
#6805=ADVANCED_FACE('',(#6799),#6804,.T.);
#6806=CARTESIAN_POINT('',(242.78115,83.55951,323.));
#6807=VERTEX_POINT('',#6806);
#6808=DIRECTION('',(-0.89101,0.45399,0.));
#6809=VECTOR('',#6808,2.81582);
#6810=LINE('',#6778,#6809);
#6811=EDGE_CURVE('',#6779,#6807,#6810,.T.);
#6812=ORIENTED_EDGE('',*,*,#6811,.T.);
#6813=CARTESIAN_POINT('',(242.78115,83.55951,337.));
#6814=VERTEX_POINT('',#6813);
#6815=DIRECTION('',(0.,0.,1.));
#6816=VECTOR('',#6815,14.);
#6817=LINE('',#6806,#6816);
#6818=EDGE_CURVE('',#6807,#6814,#6817,.T.);
#6819=ORIENTED_EDGE('',*,*,#6818,.T.);
#6820=DIRECTION('',(-0.89101,0.45399,0.));
#6821=VECTOR('',#6820,2.81582);
#6822=LINE('',#6785,#6821);
#6823=EDGE_CURVE('',#6786,#6814,#6822,.T.);
#6824=ORIENTED_EDGE('',*,*,#6823,.F.);
#6825=ORIENTED_EDGE('',*,*,#6790,.F.);
#6826=EDGE_LOOP('',(#6812,#6819,#6824,#6825));
#6827=FACE_OUTER_BOUND('',#6826,.T.);
#6828=CARTESIAN_POINT('',(245.29007,82.28115,323.));
#6829=DIRECTION('',(0.45399,0.89101,0.));
#6830=DIRECTION('',(-0.89101,0.45399,0.));
#6831=AXIS2_PLACEMENT_3D('',#6828,#6829,#6830);
#6832=PLANE('',#6831);
#6833=ADVANCED_FACE('',(#6827),#6832,.T.);
#6834=CARTESIAN_POINT('',(240.,84.,323.));
#6835=VERTEX_POINT('',#6834);
#6836=DIRECTION('',(-0.98769,0.15643,0.));
#6837=VECTOR('',#6836,2.81582);
#6838=LINE('',#6806,#6837);
#6839=EDGE_CURVE('',#6807,#6835,#6838,.T.);
#6840=ORIENTED_EDGE('',*,*,#6839,.T.);
#6841=CARTESIAN_POINT('',(240.,84.,337.));
#6842=VERTEX_POINT('',#6841);
#6843=DIRECTION('',(0.,0.,1.));
#6844=VECTOR('',#6843,14.);
#6845=LINE('',#6834,#6844);
#6846=EDGE_CURVE('',#6835,#6842,#6845,.T.);
#6847=ORIENTED_EDGE('',*,*,#6846,.T.);
#6848=DIRECTION('',(-0.98769,0.15643,0.));
#6849=VECTOR('',#6848,2.81582);
#6850=LINE('',#6813,#6849);
#6851=EDGE_CURVE('',#6814,#6842,#6850,.T.);
#6852=ORIENTED_EDGE('',*,*,#6851,.F.);
#6853=ORIENTED_EDGE('',*,*,#6818,.F.);
#6854=EDGE_LOOP('',(#6840,#6847,#6852,#6853));
#6855=FACE_OUTER_BOUND('',#6854,.T.);
#6856=CARTESIAN_POINT('',(242.78115,83.55951,323.));
#6857=DIRECTION('',(0.15643,0.98769,0.));
#6858=DIRECTION('',(-0.98769,0.15643,0.));
#6859=AXIS2_PLACEMENT_3D('',#6856,#6857,#6858);
#6860=PLANE('',#6859);
#6861=ADVANCED_FACE('',(#6855),#6860,.T.);
#6862=CARTESIAN_POINT('',(237.21885,83.55951,323.));
#6863=VERTEX_POINT('',#6862);
#6864=DIRECTION('',(-0.98769,-0.15643,0.));
#6865=VECTOR('',#6864,2.81582);
#6866=LINE('',#6834,#6865);
#6867=EDGE_CURVE('',#6835,#6863,#6866,.T.);
#6868=ORIENTED_EDGE('',*,*,#6867,.T.);
#6869=CARTESIAN_POINT('',(237.21885,83.55951,337.));
#6870=VERTEX_POINT('',#6869);
#6871=DIRECTION('',(0.,0.,1.));
#6872=VECTOR('',#6871,14.);
#6873=LINE('',#6862,#6872);
#6874=EDGE_CURVE('',#6863,#6870,#6873,.T.);
#6875=ORIENTED_EDGE('',*,*,#6874,.T.);
#6876=DIRECTION('',(-0.98769,-0.15643,0.));
#6877=VECTOR('',#6876,2.81582);
#6878=LINE('',#6841,#6877);
#6879=EDGE_CURVE('',#6842,#6870,#6878,.T.);
#6880=ORIENTED_EDGE('',*,*,#6879,.F.);
#6881=ORIENTED_EDGE('',*,*,#6846,.F.);
#6882=EDGE_LOOP('',(#6868,#6875,#6880,#6881));
#6883=FACE_OUTER_BOUND('',#6882,.T.);
#6884=CARTESIAN_POINT('',(240.,84.,323.));
#6885=DIRECTION('',(-0.15643,0.98769,0.));
#6886=DIRECTION('',(-0.98769,-0.15643,0.));
#6887=AXIS2_PLACEMENT_3D('',#6884,#6885,#6886);
#6888=PLANE('',#6887);
#6889=ADVANCED_FACE('',(#6883),#6888,.T.);
#6890=CARTESIAN_POINT('',(234.70993,82.28115,323.));
#6891=VERTEX_POINT('',#6890);
#6892=DIRECTION('',(-0.89101,-0.45399,0.));
#6893=VECTOR('',#6892,2.81582);
#6894=LINE('',#6862,#6893);
#6895=EDGE_CURVE('',#6863,#6891,#6894,.T.);
#6896=ORIENTED_EDGE('',*,*,#6895,.T.);
#6897=CARTESIAN_POINT('',(234.70993,82.28115,337.));
#6898=VERTEX_POINT('',#6897);
#6899=DIRECTION('',(0.,0.,1.));
#6900=VECTOR('',#6899,14.);
#6901=LINE('',#6890,#6900);
#6902=EDGE_CURVE('',#6891,#6898,#6901,.T.);
#6903=ORIENTED_EDGE('',*,*,#6902,.T.);
#6904=DIRECTION('',(-0.89101,-0.45399,0.));
#6905=VECTOR('',#6904,2.81582);
#6906=LINE('',#6869,#6905);
#6907=EDGE_CURVE('',#6870,#6898,#6906,.T.);
#6908=ORIENTED_EDGE('',*,*,#6907,.F.);
#6909=ORIENTED_EDGE('',*,*,#6874,.F.);
#6910=EDGE_LOOP('',(#6896,#6903,#6908,#6909));
#6911=FACE_OUTER_BOUND('',#6910,.T.);
#6912=CARTESIAN_POINT('',(237.21885,83.55951,323.));
#6913=DIRECTION('',(-0.45399,0.89101,0.));
#6914=DIRECTION('',(-0.89101,-0.45399,0.));
#6915=AXIS2_PLACEMENT_3D('',#6912,#6913,#6914);
#6916=PLANE('',#6915);
#6917=ADVANCED_FACE('',(#6911),#6916,.T.);
#6918=CARTESIAN_POINT('',(232.71885,80.29007,323.));
#6919=VERTEX_POINT('',#6918);
#6920=DIRECTION('',(-0.70711,-0.70711,0.));
#6921=VECTOR('',#6920,2.81582);
#6922=LINE('',#6890,#6921);
#6923=EDGE_CURVE('',#6891,#6919,#6922,.T.);
#6924=ORIENTED_EDGE('',*,*,#6923,.T.);
#6925=CARTESIAN_POINT('',(232.71885,80.29007,337.));
#6926=VERTEX_POINT('',#6925);
#6927=DIRECTION('',(0.,0.,1.));
#6928=VECTOR('',#6927,14.);
#6929=LINE('',#6918,#6928);
#6930=EDGE_CURVE('',#6919,#6926,#6929,.T.);
#6931=ORIENTED_EDGE('',*,*,#6930,.T.);
#6932=DIRECTION('',(-0.70711,-0.70711,0.));
#6933=VECTOR('',#6932,2.81582);
#6934=LINE('',#6897,#6933);
#6935=EDGE_CURVE('',#6898,#6926,#6934,.T.);
#6936=ORIENTED_EDGE('',*,*,#6935,.F.);
#6937=ORIENTED_EDGE('',*,*,#6902,.F.);
#6938=EDGE_LOOP('',(#6924,#6931,#6936,#6937));
#6939=FACE_OUTER_BOUND('',#6938,.T.);
#6940=CARTESIAN_POINT('',(234.70993,82.28115,323.));
#6941=DIRECTION('',(-0.70711,0.70711,0.));
#6942=DIRECTION('',(-0.70711,-0.70711,0.));
#6943=AXIS2_PLACEMENT_3D('',#6940,#6941,#6942);
#6944=PLANE('',#6943);
#6945=ADVANCED_FACE('',(#6939),#6944,.T.);
#6946=CARTESIAN_POINT('',(231.44049,77.78115,323.));
#6947=VERTEX_POINT('',#6946);
#6948=DIRECTION('',(-0.45399,-0.89101,0.));
#6949=VECTOR('',#6948,2.81582);
#6950=LINE('',#6918,#6949);
#6951=EDGE_CURVE('',#6919,#6947,#6950,.T.);
#6952=ORIENTED_EDGE('',*,*,#6951,.T.);
#6953=CARTESIAN_POINT('',(231.44049,77.78115,337.));
#6954=VERTEX_POINT('',#6953);
#6955=DIRECTION('',(0.,0.,1.));
#6956=VECTOR('',#6955,14.);
#6957=LINE('',#6946,#6956);
#6958=EDGE_CURVE('',#6947,#6954,#6957,.T.);
#6959=ORIENTED_EDGE('',*,*,#6958,.T.);
#6960=DIRECTION('',(-0.45399,-0.89101,0.));
#6961=VECTOR('',#6960,2.81582);
#6962=LINE('',#6925,#6961);
#6963=EDGE_CURVE('',#6926,#6954,#6962,.T.);
#6964=ORIENTED_EDGE('',*,*,#6963,.F.);
#6965=ORIENTED_EDGE('',*,*,#6930,.F.);
#6966=EDGE_LOOP('',(#6952,#6959,#6964,#6965));
#6967=FACE_OUTER_BOUND('',#6966,.T.);
#6968=CARTESIAN_POINT('',(232.71885,80.29007,323.));
#6969=DIRECTION('',(-0.89101,0.45399,0.));
#6970=DIRECTION('',(-0.45399,-0.89101,0.));
#6971=AXIS2_PLACEMENT_3D('',#6968,#6969,#6970);
#6972=PLANE('',#6971);
#6973=ADVANCED_FACE('',(#6967),#6972,.T.);
#6974=CARTESIAN_POINT('',(231.,75.,323.));
#6975=VERTEX_POINT('',#6974);
#6976=DIRECTION('',(-0.15643,-0.98769,0.));
#6977=VECTOR('',#6976,2.81582);
#6978=LINE('',#6946,#6977);
#6979=EDGE_CURVE('',#6947,#6975,#6978,.T.);
#6980=ORIENTED_EDGE('',*,*,#6979,.T.);
#6981=CARTESIAN_POINT('',(231.,75.,337.));
#6982=VERTEX_POINT('',#6981);
#6983=DIRECTION('',(0.,0.,1.));
#6984=VECTOR('',#6983,14.);
#6985=LINE('',#6974,#6984);
#6986=EDGE_CURVE('',#6975,#6982,#6985,.T.);
#6987=ORIENTED_EDGE('',*,*,#6986,.T.);
#6988=DIRECTION('',(-0.15643,-0.98769,0.));
#6989=VECTOR('',#6988,2.81582);
#6990=LINE('',#6953,#6989);
#6991=EDGE_CURVE('',#6954,#6982,#6990,.T.);
#6992=ORIENTED_EDGE('',*,*,#6991,.F.);
#6993=ORIENTED_EDGE('',*,*,#6958,.F.);
#6994=EDGE_LOOP('',(#6980,#6987,#6992,#6993));
#6995=FACE_OUTER_BOUND('',#6994,.T.);
#6996=CARTESIAN_POINT('',(231.44049,77.78115,323.));
#6997=DIRECTION('',(-0.98769,0.15643,0.));
#6998=DIRECTION('',(-0.15643,-0.98769,0.));
#6999=AXIS2_PLACEMENT_3D('',#6996,#6997,#6998);
#7000=PLANE('',#6999);
#7001=ADVANCED_FACE('',(#6995),#7000,.T.);
#7002=CARTESIAN_POINT('',(231.44049,72.21885,323.));
#7003=VERTEX_POINT('',#7002);
#7004=DIRECTION('',(0.15643,-0.98769,0.));
#7005=VECTOR('',#7004,2.81582);
#7006=LINE('',#6974,#7005);
#7007=EDGE_CURVE('',#6975,#7003,#7006,.T.);
#7008=ORIENTED_EDGE('',*,*,#7007,.T.);
#7009=CARTESIAN_POINT('',(231.44049,72.21885,337.));
#7010=VERTEX_POINT('',#7009);
#7011=DIRECTION('',(0.,0.,1.));
#7012=VECTOR('',#7011,14.);
#7013=LINE('',#7002,#7012);
#7014=EDGE_CURVE('',#7003,#7010,#7013,.T.);
#7015=ORIENTED_EDGE('',*,*,#7014,.T.);
#7016=DIRECTION('',(0.15643,-0.98769,0.));
#7017=VECTOR('',#7016,2.81582);
#7018=LINE('',#6981,#7017);
#7019=EDGE_CURVE('',#6982,#7010,#7018,.T.);
#7020=ORIENTED_EDGE('',*,*,#7019,.F.);
#7021=ORIENTED_EDGE('',*,*,#6986,.F.);
#7022=EDGE_LOOP('',(#7008,#7015,#7020,#7021));
#7023=FACE_OUTER_BOUND('',#7022,.T.);
#7024=CARTESIAN_POINT('',(231.,75.,323.));
#7025=DIRECTION('',(-0.98769,-0.15643,0.));
#7026=DIRECTION('',(0.15643,-0.98769,0.));
#7027=AXIS2_PLACEMENT_3D('',#7024,#7025,#7026);
#7028=PLANE('',#7027);
#7029=ADVANCED_FACE('',(#7023),#7028,.T.);
#7030=CARTESIAN_POINT('',(232.71885,69.70993,323.));
#7031=VERTEX_POINT('',#7030);
#7032=DIRECTION('',(0.45399,-0.89101,0.));
#7033=VECTOR('',#7032,2.81582);
#7034=LINE('',#7002,#7033);
#7035=EDGE_CURVE('',#7003,#7031,#7034,.T.);
#7036=ORIENTED_EDGE('',*,*,#7035,.T.);
#7037=CARTESIAN_POINT('',(232.71885,69.70993,337.));
#7038=VERTEX_POINT('',#7037);
#7039=DIRECTION('',(0.,0.,1.));
#7040=VECTOR('',#7039,14.);
#7041=LINE('',#7030,#7040);
#7042=EDGE_CURVE('',#7031,#7038,#7041,.T.);
#7043=ORIENTED_EDGE('',*,*,#7042,.T.);
#7044=DIRECTION('',(0.45399,-0.89101,0.));
#7045=VECTOR('',#7044,2.81582);
#7046=LINE('',#7009,#7045);
#7047=EDGE_CURVE('',#7010,#7038,#7046,.T.);
#7048=ORIENTED_EDGE('',*,*,#7047,.F.);
#7049=ORIENTED_EDGE('',*,*,#7014,.F.);
#7050=EDGE_LOOP('',(#7036,#7043,#7048,#7049));
#7051=FACE_OUTER_BOUND('',#7050,.T.);
#7052=CARTESIAN_POINT('',(231.44049,72.21885,323.));
#7053=DIRECTION('',(-0.89101,-0.45399,0.));
#7054=DIRECTION('',(0.45399,-0.89101,0.));
#7055=AXIS2_PLACEMENT_3D('',#7052,#7053,#7054);
#7056=PLANE('',#7055);
#7057=ADVANCED_FACE('',(#7051),#7056,.T.);
#7058=CARTESIAN_POINT('',(234.70993,67.71885,323.));
#7059=VERTEX_POINT('',#7058);
#7060=DIRECTION('',(0.70711,-0.70711,0.));
#7061=VECTOR('',#7060,2.81582);
#7062=LINE('',#7030,#7061);
#7063=EDGE_CURVE('',#7031,#7059,#7062,.T.);
#7064=ORIENTED_EDGE('',*,*,#7063,.T.);
#7065=CARTESIAN_POINT('',(234.70993,67.71885,337.));
#7066=VERTEX_POINT('',#7065);
#7067=DIRECTION('',(0.,0.,1.));
#7068=VECTOR('',#7067,14.);
#7069=LINE('',#7058,#7068);
#7070=EDGE_CURVE('',#7059,#7066,#7069,.T.);
#7071=ORIENTED_EDGE('',*,*,#7070,.T.);
#7072=DIRECTION('',(0.70711,-0.70711,0.));
#7073=VECTOR('',#7072,2.81582);
#7074=LINE('',#7037,#7073);
#7075=EDGE_CURVE('',#7038,#7066,#7074,.T.);
#7076=ORIENTED_EDGE('',*,*,#7075,.F.);
#7077=ORIENTED_EDGE('',*,*,#7042,.F.);
#7078=EDGE_LOOP('',(#7064,#7071,#7076,#7077));
#7079=FACE_OUTER_BOUND('',#7078,.T.);
#7080=CARTESIAN_POINT('',(232.71885,69.70993,323.));
#7081=DIRECTION('',(-0.70711,-0.70711,0.));
#7082=DIRECTION('',(0.70711,-0.70711,0.));
#7083=AXIS2_PLACEMENT_3D('',#7080,#7081,#7082);
#7084=PLANE('',#7083);
#7085=ADVANCED_FACE('',(#7079),#7084,.T.);
#7086=CARTESIAN_POINT('',(237.21885,66.44049,323.));
#7087=VERTEX_POINT('',#7086);
#7088=DIRECTION('',(0.89101,-0.45399,0.));
#7089=VECTOR('',#7088,2.81582);
#7090=LINE('',#7058,#7089);
#7091=EDGE_CURVE('',#7059,#7087,#7090,.T.);
#7092=ORIENTED_EDGE('',*,*,#7091,.T.);
#7093=CARTESIAN_POINT('',(237.21885,66.44049,337.));
#7094=VERTEX_POINT('',#7093);
#7095=DIRECTION('',(0.,0.,1.));
#7096=VECTOR('',#7095,14.);
#7097=LINE('',#7086,#7096);
#7098=EDGE_CURVE('',#7087,#7094,#7097,.T.);
#7099=ORIENTED_EDGE('',*,*,#7098,.T.);
#7100=DIRECTION('',(0.89101,-0.45399,0.));
#7101=VECTOR('',#7100,2.81582);
#7102=LINE('',#7065,#7101);
#7103=EDGE_CURVE('',#7066,#7094,#7102,.T.);
#7104=ORIENTED_EDGE('',*,*,#7103,.F.);
#7105=ORIENTED_EDGE('',*,*,#7070,.F.);
#7106=EDGE_LOOP('',(#7092,#7099,#7104,#7105));
#7107=FACE_OUTER_BOUND('',#7106,.T.);
#7108=CARTESIAN_POINT('',(234.70993,67.71885,323.));
#7109=DIRECTION('',(-0.45399,-0.89101,0.));
#7110=DIRECTION('',(0.89101,-0.45399,0.));
#7111=AXIS2_PLACEMENT_3D('',#7108,#7109,#7110);
#7112=PLANE('',#7111);
#7113=ADVANCED_FACE('',(#7107),#7112,.T.);
#7114=CARTESIAN_POINT('',(240.,66.,323.));
#7115=VERTEX_POINT('',#7114);
#7116=DIRECTION('',(0.98769,-0.15643,0.));
#7117=VECTOR('',#7116,2.81582);
#7118=LINE('',#7086,#7117);
#7119=EDGE_CURVE('',#7087,#7115,#7118,.T.);
#7120=ORIENTED_EDGE('',*,*,#7119,.T.);
#7121=CARTESIAN_POINT('',(240.,66.,337.));
#7122=VERTEX_POINT('',#7121);
#7123=DIRECTION('',(0.,0.,1.));
#7124=VECTOR('',#7123,14.);
#7125=LINE('',#7114,#7124);
#7126=EDGE_CURVE('',#7115,#7122,#7125,.T.);
#7127=ORIENTED_EDGE('',*,*,#7126,.T.);
#7128=DIRECTION('',(0.98769,-0.15643,0.));
#7129=VECTOR('',#7128,2.81582);
#7130=LINE('',#7093,#7129);
#7131=EDGE_CURVE('',#7094,#7122,#7130,.T.);
#7132=ORIENTED_EDGE('',*,*,#7131,.F.);
#7133=ORIENTED_EDGE('',*,*,#7098,.F.);
#7134=EDGE_LOOP('',(#7120,#7127,#7132,#7133));
#7135=FACE_OUTER_BOUND('',#7134,.T.);
#7136=CARTESIAN_POINT('',(237.21885,66.44049,323.));
#7137=DIRECTION('',(-0.15643,-0.98769,0.));
#7138=DIRECTION('',(0.98769,-0.15643,0.));
#7139=AXIS2_PLACEMENT_3D('',#7136,#7137,#7138);
#7140=PLANE('',#7139);
#7141=ADVANCED_FACE('',(#7135),#7140,.T.);
#7142=CARTESIAN_POINT('',(242.78115,66.44049,323.));
#7143=VERTEX_POINT('',#7142);
#7144=DIRECTION('',(0.98769,0.15643,0.));
#7145=VECTOR('',#7144,2.81582);
#7146=LINE('',#7114,#7145);
#7147=EDGE_CURVE('',#7115,#7143,#7146,.T.);
#7148=ORIENTED_EDGE('',*,*,#7147,.T.);
#7149=CARTESIAN_POINT('',(242.78115,66.44049,337.));
#7150=VERTEX_POINT('',#7149);
#7151=DIRECTION('',(0.,0.,1.));
#7152=VECTOR('',#7151,14.);
#7153=LINE('',#7142,#7152);
#7154=EDGE_CURVE('',#7143,#7150,#7153,.T.);
#7155=ORIENTED_EDGE('',*,*,#7154,.T.);
#7156=DIRECTION('',(0.98769,0.15643,0.));
#7157=VECTOR('',#7156,2.81582);
#7158=LINE('',#7121,#7157);
#7159=EDGE_CURVE('',#7122,#7150,#7158,.T.);
#7160=ORIENTED_EDGE('',*,*,#7159,.F.);
#7161=ORIENTED_EDGE('',*,*,#7126,.F.);
#7162=EDGE_LOOP('',(#7148,#7155,#7160,#7161));
#7163=FACE_OUTER_BOUND('',#7162,.T.);
#7164=CARTESIAN_POINT('',(240.,66.,323.));
#7165=DIRECTION('',(0.15643,-0.98769,0.));
#7166=DIRECTION('',(0.98769,0.15643,0.));
#7167=AXIS2_PLACEMENT_3D('',#7164,#7165,#7166);
#7168=PLANE('',#7167);
#7169=ADVANCED_FACE('',(#7163),#7168,.T.);
#7170=CARTESIAN_POINT('',(245.29007,67.71885,323.));
#7171=VERTEX_POINT('',#7170);
#7172=DIRECTION('',(0.89101,0.45399,0.));
#7173=VECTOR('',#7172,2.81582);
#7174=LINE('',#7142,#7173);
#7175=EDGE_CURVE('',#7143,#7171,#7174,.T.);
#7176=ORIENTED_EDGE('',*,*,#7175,.T.);
#7177=CARTESIAN_POINT('',(245.29007,67.71885,337.));
#7178=VERTEX_POINT('',#7177);
#7179=DIRECTION('',(0.,0.,1.));
#7180=VECTOR('',#7179,14.);
#7181=LINE('',#7170,#7180);
#7182=EDGE_CURVE('',#7171,#7178,#7181,.T.);
#7183=ORIENTED_EDGE('',*,*,#7182,.T.);
#7184=DIRECTION('',(0.89101,0.45399,0.));
#7185=VECTOR('',#7184,2.81582);
#7186=LINE('',#7149,#7185);
#7187=EDGE_CURVE('',#7150,#7178,#7186,.T.);
#7188=ORIENTED_EDGE('',*,*,#7187,.F.);
#7189=ORIENTED_EDGE('',*,*,#7154,.F.);
#7190=EDGE_LOOP('',(#7176,#7183,#7188,#7189));
#7191=FACE_OUTER_BOUND('',#7190,.T.);
#7192=CARTESIAN_POINT('',(242.78115,66.44049,323.));
#7193=DIRECTION('',(0.45399,-0.89101,0.));
#7194=DIRECTION('',(0.89101,0.45399,0.));
#7195=AXIS2_PLACEMENT_3D('',#7192,#7193,#7194);
#7196=PLANE('',#7195);
#7197=ADVANCED_FACE('',(#7191),#7196,.T.);
#7198=CARTESIAN_POINT('',(247.28115,69.70993,323.));
#7199=VERTEX_POINT('',#7198);
#7200=DIRECTION('',(0.70711,0.70711,0.));
#7201=VECTOR('',#7200,2.81582);
#7202=LINE('',#7170,#7201);
#7203=EDGE_CURVE('',#7171,#7199,#7202,.T.);
#7204=ORIENTED_EDGE('',*,*,#7203,.T.);
#7205=CARTESIAN_POINT('',(247.28115,69.70993,337.));
#7206=VERTEX_POINT('',#7205);
#7207=DIRECTION('',(0.,0.,1.));
#7208=VECTOR('',#7207,14.);
#7209=LINE('',#7198,#7208);
#7210=EDGE_CURVE('',#7199,#7206,#7209,.T.);
#7211=ORIENTED_EDGE('',*,*,#7210,.T.);
#7212=DIRECTION('',(0.70711,0.70711,0.));
#7213=VECTOR('',#7212,2.81582);
#7214=LINE('',#7177,#7213);
#7215=EDGE_CURVE('',#7178,#7206,#7214,.T.);
#7216=ORIENTED_EDGE('',*,*,#7215,.F.);
#7217=ORIENTED_EDGE('',*,*,#7182,.F.);
#7218=EDGE_LOOP('',(#7204,#7211,#7216,#7217));
#7219=FACE_OUTER_BOUND('',#7218,.T.);
#7220=CARTESIAN_POINT('',(245.29007,67.71885,323.));
#7221=DIRECTION('',(0.70711,-0.70711,0.));
#7222=DIRECTION('',(0.70711,0.70711,0.));
#7223=AXIS2_PLACEMENT_3D('',#7220,#7221,#7222);
#7224=PLANE('',#7223);
#7225=ADVANCED_FACE('',(#7219),#7224,.T.);
#7226=CARTESIAN_POINT('',(248.55951,72.21885,323.));
#7227=VERTEX_POINT('',#7226);
#7228=DIRECTION('',(0.45399,0.89101,0.));
#7229=VECTOR('',#7228,2.81582);
#7230=LINE('',#7198,#7229);
#7231=EDGE_CURVE('',#7199,#7227,#7230,.T.);
#7232=ORIENTED_EDGE('',*,*,#7231,.T.);
#7233=CARTESIAN_POINT('',(248.55951,72.21885,337.));
#7234=VERTEX_POINT('',#7233);
#7235=DIRECTION('',(0.,0.,1.));
#7236=VECTOR('',#7235,14.);
#7237=LINE('',#7226,#7236);
#7238=EDGE_CURVE('',#7227,#7234,#7237,.T.);
#7239=ORIENTED_EDGE('',*,*,#7238,.T.);
#7240=DIRECTION('',(0.45399,0.89101,0.));
#7241=VECTOR('',#7240,2.81582);
#7242=LINE('',#7205,#7241);
#7243=EDGE_CURVE('',#7206,#7234,#7242,.T.);
#7244=ORIENTED_EDGE('',*,*,#7243,.F.);
#7245=ORIENTED_EDGE('',*,*,#7210,.F.);
#7246=EDGE_LOOP('',(#7232,#7239,#7244,#7245));
#7247=FACE_OUTER_BOUND('',#7246,.T.);
#7248=CARTESIAN_POINT('',(247.28115,69.70993,323.));
#7249=DIRECTION('',(0.89101,-0.45399,0.));
#7250=DIRECTION('',(0.45399,0.89101,0.));
#7251=AXIS2_PLACEMENT_3D('',#7248,#7249,#7250);
#7252=PLANE('',#7251);
#7253=ADVANCED_FACE('',(#7247),#7252,.T.);
#7254=DIRECTION('',(-0.15643,-0.98769,0.));
#7255=VECTOR('',#7254,2.81582);
#7256=LINE('',#6714,#7255);
#7257=EDGE_CURVE('',#6715,#7227,#7256,.T.);
#7258=ORIENTED_EDGE('',*,*,#7257,.F.);
#7259=ORIENTED_EDGE('',*,*,#6740,.T.);
#7260=DIRECTION('',(-0.15643,-0.98769,0.));
#7261=VECTOR('',#7260,2.81582);
#7262=LINE('',#6730,#7261);
#7263=EDGE_CURVE('',#6731,#7234,#7262,.T.);
#7264=ORIENTED_EDGE('',*,*,#7263,.T.);
#7265=ORIENTED_EDGE('',*,*,#7238,.F.);
#7266=EDGE_LOOP('',(#7258,#7259,#7264,#7265));
#7267=FACE_OUTER_BOUND('',#7266,.T.);
#7268=CARTESIAN_POINT('',(248.55951,72.21885,323.));
#7269=DIRECTION('',(0.98769,-0.15643,0.));
#7270=DIRECTION('',(0.15643,0.98769,0.));
#7271=AXIS2_PLACEMENT_3D('',#7268,#7269,#7270);
#7272=PLANE('',#7271);
#7273=ADVANCED_FACE('',(#7267),#7272,.T.);
#7274=ORIENTED_EDGE('',*,*,#7231,.F.);
#7275=ORIENTED_EDGE('',*,*,#7203,.F.);
#7276=ORIENTED_EDGE('',*,*,#7175,.F.);
#7277=ORIENTED_EDGE('',*,*,#7147,.F.);
#7278=ORIENTED_EDGE('',*,*,#7119,.F.);
#7279=ORIENTED_EDGE('',*,*,#7091,.F.);
#7280=ORIENTED_EDGE('',*,*,#7063,.F.);
#7281=ORIENTED_EDGE('',*,*,#7035,.F.);
#7282=ORIENTED_EDGE('',*,*,#7007,.F.);
#7283=ORIENTED_EDGE('',*,*,#6979,.F.);
#7284=ORIENTED_EDGE('',*,*,#6951,.F.);
#7285=ORIENTED_EDGE('',*,*,#6923,.F.);
#7286=ORIENTED_EDGE('',*,*,#6895,.F.);
#7287=ORIENTED_EDGE('',*,*,#6867,.F.);
#7288=ORIENTED_EDGE('',*,*,#6839,.F.);
#7289=ORIENTED_EDGE('',*,*,#6811,.F.);
#7290=ORIENTED_EDGE('',*,*,#6783,.F.);
#7291=ORIENTED_EDGE('',*,*,#6755,.F.);
#7292=ORIENTED_EDGE('',*,*,#6721,.F.);
#7293=ORIENTED_EDGE('',*,*,#7257,.T.);
#7294=EDGE_LOOP('',(#7274,#7275,#7276,#7277,#7278,#7279,#7280,#7281,#7282,#7283,#7284,#7285,#7286,#7287,#7288,#7289,#7290,#7291,#7292,#7293));
#7295=FACE_OUTER_BOUND('',#7294,.T.);
#7296=CARTESIAN_POINT('',(248.55951,72.21885,323.));
#7297=DIRECTION('',(0.,0.,-1.));
#7298=DIRECTION('',(-0.45399,-0.89101,0.));
#7299=AXIS2_PLACEMENT_3D('',#7296,#7297,#7298);
#7300=PLANE('',#7299);
#7301=ADVANCED_FACE('',(#7295),#7300,.T.);
#7302=ORIENTED_EDGE('',*,*,#6735,.T.);
#7303=ORIENTED_EDGE('',*,*,#6767,.T.);
#7304=ORIENTED_EDGE('',*,*,#6795,.T.);
#7305=ORIENTED_EDGE('',*,*,#6823,.T.);
#7306=ORIENTED_EDGE('',*,*,#6851,.T.);
#7307=ORIENTED_EDGE('',*,*,#6879,.T.);
#7308=ORIENTED_EDGE('',*,*,#6907,.T.);
#7309=ORIENTED_EDGE('',*,*,#6935,.T.);
#7310=ORIENTED_EDGE('',*,*,#6963,.T.);
#7311=ORIENTED_EDGE('',*,*,#6991,.T.);
#7312=ORIENTED_EDGE('',*,*,#7019,.T.);
#7313=ORIENTED_EDGE('',*,*,#7047,.T.);
#7314=ORIENTED_EDGE('',*,*,#7075,.T.);
#7315=ORIENTED_EDGE('',*,*,#7103,.T.);
#7316=ORIENTED_EDGE('',*,*,#7131,.T.);
#7317=ORIENTED_EDGE('',*,*,#7159,.T.);
#7318=ORIENTED_EDGE('',*,*,#7187,.T.);
#7319=ORIENTED_EDGE('',*,*,#7215,.T.);
#7320=ORIENTED_EDGE('',*,*,#7243,.T.);
#7321=ORIENTED_EDGE('',*,*,#7263,.F.);
#7322=EDGE_LOOP('',(#7302,#7303,#7304,#7305,#7306,#7307,#7308,#7309,#7310,#7311,#7312,#7313,#7314,#7315,#7316,#7317,#7318,#7319,#7320,#7321));
#7323=FACE_OUTER_BOUND('',#7322,.T.);
#7324=CARTESIAN_POINT('',(249.,75.,337.));
#7325=DIRECTION('',(0.,0.,1.));
#7326=DIRECTION('',(-0.15643,0.98769,0.));
#7327=AXIS2_PLACEMENT_3D('',#7324,#7325,#7326);
#7328=PLANE('',#7327);
#7329=ADVANCED_FACE('',(#7323),#7328,.T.);
#7330=CLOSED_SHELL('',(#6749,#6777,#6805,#6833,#6861,#6889,#6917,#6945,#6973,#7001,#7029,#7057,#7085,#7113,#7141,#7169,#7197,#7225,#7253,#7273,#7301,#7329));
#7331=MANIFOLD_SOLID_BREP('',#7330);
#7332=STYLED_ITEM('color',(#1962),#7331);
#7333=CARTESIAN_POINT('',(249.,-75.,323.));
#7334=VERTEX_POINT('',#7333);
#7335=CARTESIAN_POINT('',(248.55951,-72.21885,323.));
#7336=VERTEX_POINT('',#7335);
#7337=DIRECTION('',(-0.15643,0.98769,0.));
#7338=VECTOR('',#7337,2.81582);
#7339=LINE('',#7333,#7338);
#7340=EDGE_CURVE('',#7334,#7336,#7339,.T.);
#7341=ORIENTED_EDGE('',*,*,#7340,.T.);
#7342=CARTESIAN_POINT('',(248.55951,-72.21885,337.));
#7343=VERTEX_POINT('',#7342);
#7344=DIRECTION('',(0.,0.,1.));
#7345=VECTOR('',#7344,14.);
#7346=LINE('',#7335,#7345);
#7347=EDGE_CURVE('',#7336,#7343,#7346,.T.);
#7348=ORIENTED_EDGE('',*,*,#7347,.T.);
#7349=CARTESIAN_POINT('',(249.,-75.,337.));
#7350=VERTEX_POINT('',#7349);
#7351=DIRECTION('',(-0.15643,0.98769,0.));
#7352=VECTOR('',#7351,2.81582);
#7353=LINE('',#7349,#7352);
#7354=EDGE_CURVE('',#7350,#7343,#7353,.T.);
#7355=ORIENTED_EDGE('',*,*,#7354,.F.);
#7356=DIRECTION('',(0.,0.,1.));
#7357=VECTOR('',#7356,14.);
#7358=LINE('',#7333,#7357);
#7359=EDGE_CURVE('',#7334,#7350,#7358,.T.);
#7360=ORIENTED_EDGE('',*,*,#7359,.F.);
#7361=EDGE_LOOP('',(#7341,#7348,#7355,#7360));
#7362=FACE_OUTER_BOUND('',#7361,.T.);
#7363=CARTESIAN_POINT('',(249.,-75.,323.));
#7364=DIRECTION('',(0.98769,0.15643,0.));
#7365=DIRECTION('',(-0.15643,0.98769,0.));
#7366=AXIS2_PLACEMENT_3D('',#7363,#7364,#7365);
#7367=PLANE('',#7366);
#7368=ADVANCED_FACE('',(#7362),#7367,.T.);
#7369=CARTESIAN_POINT('',(247.28115,-69.70993,323.));
#7370=VERTEX_POINT('',#7369);
#7371=DIRECTION('',(-0.45399,0.89101,0.));
#7372=VECTOR('',#7371,2.81582);
#7373=LINE('',#7335,#7372);
#7374=EDGE_CURVE('',#7336,#7370,#7373,.T.);
#7375=ORIENTED_EDGE('',*,*,#7374,.T.);
#7376=CARTESIAN_POINT('',(247.28115,-69.70993,337.));
#7377=VERTEX_POINT('',#7376);
#7378=DIRECTION('',(0.,0.,1.));
#7379=VECTOR('',#7378,14.);
#7380=LINE('',#7369,#7379);
#7381=EDGE_CURVE('',#7370,#7377,#7380,.T.);
#7382=ORIENTED_EDGE('',*,*,#7381,.T.);
#7383=DIRECTION('',(-0.45399,0.89101,0.));
#7384=VECTOR('',#7383,2.81582);
#7385=LINE('',#7342,#7384);
#7386=EDGE_CURVE('',#7343,#7377,#7385,.T.);
#7387=ORIENTED_EDGE('',*,*,#7386,.F.);
#7388=ORIENTED_EDGE('',*,*,#7347,.F.);
#7389=EDGE_LOOP('',(#7375,#7382,#7387,#7388));
#7390=FACE_OUTER_BOUND('',#7389,.T.);
#7391=CARTESIAN_POINT('',(248.55951,-72.21885,323.));
#7392=DIRECTION('',(0.89101,0.45399,0.));
#7393=DIRECTION('',(-0.45399,0.89101,0.));
#7394=AXIS2_PLACEMENT_3D('',#7391,#7392,#7393);
#7395=PLANE('',#7394);
#7396=ADVANCED_FACE('',(#7390),#7395,.T.);
#7397=CARTESIAN_POINT('',(245.29007,-67.71885,323.));
#7398=VERTEX_POINT('',#7397);
#7399=DIRECTION('',(-0.70711,0.70711,0.));
#7400=VECTOR('',#7399,2.81582);
#7401=LINE('',#7369,#7400);
#7402=EDGE_CURVE('',#7370,#7398,#7401,.T.);
#7403=ORIENTED_EDGE('',*,*,#7402,.T.);
#7404=CARTESIAN_POINT('',(245.29007,-67.71885,337.));
#7405=VERTEX_POINT('',#7404);
#7406=DIRECTION('',(0.,0.,1.));
#7407=VECTOR('',#7406,14.);
#7408=LINE('',#7397,#7407);
#7409=EDGE_CURVE('',#7398,#7405,#7408,.T.);
#7410=ORIENTED_EDGE('',*,*,#7409,.T.);
#7411=DIRECTION('',(-0.70711,0.70711,0.));
#7412=VECTOR('',#7411,2.81582);
#7413=LINE('',#7376,#7412);
#7414=EDGE_CURVE('',#7377,#7405,#7413,.T.);
#7415=ORIENTED_EDGE('',*,*,#7414,.F.);
#7416=ORIENTED_EDGE('',*,*,#7381,.F.);
#7417=EDGE_LOOP('',(#7403,#7410,#7415,#7416));
#7418=FACE_OUTER_BOUND('',#7417,.T.);
#7419=CARTESIAN_POINT('',(247.28115,-69.70993,323.));
#7420=DIRECTION('',(0.70711,0.70711,0.));
#7421=DIRECTION('',(-0.70711,0.70711,0.));
#7422=AXIS2_PLACEMENT_3D('',#7419,#7420,#7421);
#7423=PLANE('',#7422);
#7424=ADVANCED_FACE('',(#7418),#7423,.T.);
#7425=CARTESIAN_POINT('',(242.78115,-66.44049,323.));
#7426=VERTEX_POINT('',#7425);
#7427=DIRECTION('',(-0.89101,0.45399,0.));
#7428=VECTOR('',#7427,2.81582);
#7429=LINE('',#7397,#7428);
#7430=EDGE_CURVE('',#7398,#7426,#7429,.T.);
#7431=ORIENTED_EDGE('',*,*,#7430,.T.);
#7432=CARTESIAN_POINT('',(242.78115,-66.44049,337.));
#7433=VERTEX_POINT('',#7432);
#7434=DIRECTION('',(0.,0.,1.));
#7435=VECTOR('',#7434,14.);
#7436=LINE('',#7425,#7435);
#7437=EDGE_CURVE('',#7426,#7433,#7436,.T.);
#7438=ORIENTED_EDGE('',*,*,#7437,.T.);
#7439=DIRECTION('',(-0.89101,0.45399,0.));
#7440=VECTOR('',#7439,2.81582);
#7441=LINE('',#7404,#7440);
#7442=EDGE_CURVE('',#7405,#7433,#7441,.T.);
#7443=ORIENTED_EDGE('',*,*,#7442,.F.);
#7444=ORIENTED_EDGE('',*,*,#7409,.F.);
#7445=EDGE_LOOP('',(#7431,#7438,#7443,#7444));
#7446=FACE_OUTER_BOUND('',#7445,.T.);
#7447=CARTESIAN_POINT('',(245.29007,-67.71885,323.));
#7448=DIRECTION('',(0.45399,0.89101,0.));
#7449=DIRECTION('',(-0.89101,0.45399,0.));
#7450=AXIS2_PLACEMENT_3D('',#7447,#7448,#7449);
#7451=PLANE('',#7450);
#7452=ADVANCED_FACE('',(#7446),#7451,.T.);
#7453=CARTESIAN_POINT('',(240.,-66.,323.));
#7454=VERTEX_POINT('',#7453);
#7455=DIRECTION('',(-0.98769,0.15643,0.));
#7456=VECTOR('',#7455,2.81582);
#7457=LINE('',#7425,#7456);
#7458=EDGE_CURVE('',#7426,#7454,#7457,.T.);
#7459=ORIENTED_EDGE('',*,*,#7458,.T.);
#7460=CARTESIAN_POINT('',(240.,-66.,337.));
#7461=VERTEX_POINT('',#7460);
#7462=DIRECTION('',(0.,0.,1.));
#7463=VECTOR('',#7462,14.);
#7464=LINE('',#7453,#7463);
#7465=EDGE_CURVE('',#7454,#7461,#7464,.T.);
#7466=ORIENTED_EDGE('',*,*,#7465,.T.);
#7467=DIRECTION('',(-0.98769,0.15643,0.));
#7468=VECTOR('',#7467,2.81582);
#7469=LINE('',#7432,#7468);
#7470=EDGE_CURVE('',#7433,#7461,#7469,.T.);
#7471=ORIENTED_EDGE('',*,*,#7470,.F.);
#7472=ORIENTED_EDGE('',*,*,#7437,.F.);
#7473=EDGE_LOOP('',(#7459,#7466,#7471,#7472));
#7474=FACE_OUTER_BOUND('',#7473,.T.);
#7475=CARTESIAN_POINT('',(242.78115,-66.44049,323.));
#7476=DIRECTION('',(0.15643,0.98769,0.));
#7477=DIRECTION('',(-0.98769,0.15643,0.));
#7478=AXIS2_PLACEMENT_3D('',#7475,#7476,#7477);
#7479=PLANE('',#7478);
#7480=ADVANCED_FACE('',(#7474),#7479,.T.);
#7481=CARTESIAN_POINT('',(237.21885,-66.44049,323.));
#7482=VERTEX_POINT('',#7481);
#7483=DIRECTION('',(-0.98769,-0.15643,0.));
#7484=VECTOR('',#7483,2.81582);
#7485=LINE('',#7453,#7484);
#7486=EDGE_CURVE('',#7454,#7482,#7485,.T.);
#7487=ORIENTED_EDGE('',*,*,#7486,.T.);
#7488=CARTESIAN_POINT('',(237.21885,-66.44049,337.));
#7489=VERTEX_POINT('',#7488);
#7490=DIRECTION('',(0.,0.,1.));
#7491=VECTOR('',#7490,14.);
#7492=LINE('',#7481,#7491);
#7493=EDGE_CURVE('',#7482,#7489,#7492,.T.);
#7494=ORIENTED_EDGE('',*,*,#7493,.T.);
#7495=DIRECTION('',(-0.98769,-0.15643,0.));
#7496=VECTOR('',#7495,2.81582);
#7497=LINE('',#7460,#7496);
#7498=EDGE_CURVE('',#7461,#7489,#7497,.T.);
#7499=ORIENTED_EDGE('',*,*,#7498,.F.);
#7500=ORIENTED_EDGE('',*,*,#7465,.F.);
#7501=EDGE_LOOP('',(#7487,#7494,#7499,#7500));
#7502=FACE_OUTER_BOUND('',#7501,.T.);
#7503=CARTESIAN_POINT('',(240.,-66.,323.));
#7504=DIRECTION('',(-0.15643,0.98769,0.));
#7505=DIRECTION('',(-0.98769,-0.15643,0.));
#7506=AXIS2_PLACEMENT_3D('',#7503,#7504,#7505);
#7507=PLANE('',#7506);
#7508=ADVANCED_FACE('',(#7502),#7507,.T.);
#7509=CARTESIAN_POINT('',(234.70993,-67.71885,323.));
#7510=VERTEX_POINT('',#7509);
#7511=DIRECTION('',(-0.89101,-0.45399,0.));
#7512=VECTOR('',#7511,2.81582);
#7513=LINE('',#7481,#7512);
#7514=EDGE_CURVE('',#7482,#7510,#7513,.T.);
#7515=ORIENTED_EDGE('',*,*,#7514,.T.);
#7516=CARTESIAN_POINT('',(234.70993,-67.71885,337.));
#7517=VERTEX_POINT('',#7516);
#7518=DIRECTION('',(0.,0.,1.));
#7519=VECTOR('',#7518,14.);
#7520=LINE('',#7509,#7519);
#7521=EDGE_CURVE('',#7510,#7517,#7520,.T.);
#7522=ORIENTED_EDGE('',*,*,#7521,.T.);
#7523=DIRECTION('',(-0.89101,-0.45399,0.));
#7524=VECTOR('',#7523,2.81582);
#7525=LINE('',#7488,#7524);
#7526=EDGE_CURVE('',#7489,#7517,#7525,.T.);
#7527=ORIENTED_EDGE('',*,*,#7526,.F.);
#7528=ORIENTED_EDGE('',*,*,#7493,.F.);
#7529=EDGE_LOOP('',(#7515,#7522,#7527,#7528));
#7530=FACE_OUTER_BOUND('',#7529,.T.);
#7531=CARTESIAN_POINT('',(237.21885,-66.44049,323.));
#7532=DIRECTION('',(-0.45399,0.89101,0.));
#7533=DIRECTION('',(-0.89101,-0.45399,0.));
#7534=AXIS2_PLACEMENT_3D('',#7531,#7532,#7533);
#7535=PLANE('',#7534);
#7536=ADVANCED_FACE('',(#7530),#7535,.T.);
#7537=CARTESIAN_POINT('',(232.71885,-69.70993,323.));
#7538=VERTEX_POINT('',#7537);
#7539=DIRECTION('',(-0.70711,-0.70711,0.));
#7540=VECTOR('',#7539,2.81582);
#7541=LINE('',#7509,#7540);
#7542=EDGE_CURVE('',#7510,#7538,#7541,.T.);
#7543=ORIENTED_EDGE('',*,*,#7542,.T.);
#7544=CARTESIAN_POINT('',(232.71885,-69.70993,337.));
#7545=VERTEX_POINT('',#7544);
#7546=DIRECTION('',(0.,0.,1.));
#7547=VECTOR('',#7546,14.);
#7548=LINE('',#7537,#7547);
#7549=EDGE_CURVE('',#7538,#7545,#7548,.T.);
#7550=ORIENTED_EDGE('',*,*,#7549,.T.);
#7551=DIRECTION('',(-0.70711,-0.70711,0.));
#7552=VECTOR('',#7551,2.81582);
#7553=LINE('',#7516,#7552);
#7554=EDGE_CURVE('',#7517,#7545,#7553,.T.);
#7555=ORIENTED_EDGE('',*,*,#7554,.F.);
#7556=ORIENTED_EDGE('',*,*,#7521,.F.);
#7557=EDGE_LOOP('',(#7543,#7550,#7555,#7556));
#7558=FACE_OUTER_BOUND('',#7557,.T.);
#7559=CARTESIAN_POINT('',(234.70993,-67.71885,323.));
#7560=DIRECTION('',(-0.70711,0.70711,0.));
#7561=DIRECTION('',(-0.70711,-0.70711,0.));
#7562=AXIS2_PLACEMENT_3D('',#7559,#7560,#7561);
#7563=PLANE('',#7562);
#7564=ADVANCED_FACE('',(#7558),#7563,.T.);
#7565=CARTESIAN_POINT('',(231.44049,-72.21885,323.));
#7566=VERTEX_POINT('',#7565);
#7567=DIRECTION('',(-0.45399,-0.89101,0.));
#7568=VECTOR('',#7567,2.81582);
#7569=LINE('',#7537,#7568);
#7570=EDGE_CURVE('',#7538,#7566,#7569,.T.);
#7571=ORIENTED_EDGE('',*,*,#7570,.T.);
#7572=CARTESIAN_POINT('',(231.44049,-72.21885,337.));
#7573=VERTEX_POINT('',#7572);
#7574=DIRECTION('',(0.,0.,1.));
#7575=VECTOR('',#7574,14.);
#7576=LINE('',#7565,#7575);
#7577=EDGE_CURVE('',#7566,#7573,#7576,.T.);
#7578=ORIENTED_EDGE('',*,*,#7577,.T.);
#7579=DIRECTION('',(-0.45399,-0.89101,0.));
#7580=VECTOR('',#7579,2.81582);
#7581=LINE('',#7544,#7580);
#7582=EDGE_CURVE('',#7545,#7573,#7581,.T.);
#7583=ORIENTED_EDGE('',*,*,#7582,.F.);
#7584=ORIENTED_EDGE('',*,*,#7549,.F.);
#7585=EDGE_LOOP('',(#7571,#7578,#7583,#7584));
#7586=FACE_OUTER_BOUND('',#7585,.T.);
#7587=CARTESIAN_POINT('',(232.71885,-69.70993,323.));
#7588=DIRECTION('',(-0.89101,0.45399,0.));
#7589=DIRECTION('',(-0.45399,-0.89101,0.));
#7590=AXIS2_PLACEMENT_3D('',#7587,#7588,#7589);
#7591=PLANE('',#7590);
#7592=ADVANCED_FACE('',(#7586),#7591,.T.);
#7593=CARTESIAN_POINT('',(231.,-75.,323.));
#7594=VERTEX_POINT('',#7593);
#7595=DIRECTION('',(-0.15643,-0.98769,0.));
#7596=VECTOR('',#7595,2.81582);
#7597=LINE('',#7565,#7596);
#7598=EDGE_CURVE('',#7566,#7594,#7597,.T.);
#7599=ORIENTED_EDGE('',*,*,#7598,.T.);
#7600=CARTESIAN_POINT('',(231.,-75.,337.));
#7601=VERTEX_POINT('',#7600);
#7602=DIRECTION('',(0.,0.,1.));
#7603=VECTOR('',#7602,14.);
#7604=LINE('',#7593,#7603);
#7605=EDGE_CURVE('',#7594,#7601,#7604,.T.);
#7606=ORIENTED_EDGE('',*,*,#7605,.T.);
#7607=DIRECTION('',(-0.15643,-0.98769,0.));
#7608=VECTOR('',#7607,2.81582);
#7609=LINE('',#7572,#7608);
#7610=EDGE_CURVE('',#7573,#7601,#7609,.T.);
#7611=ORIENTED_EDGE('',*,*,#7610,.F.);
#7612=ORIENTED_EDGE('',*,*,#7577,.F.);
#7613=EDGE_LOOP('',(#7599,#7606,#7611,#7612));
#7614=FACE_OUTER_BOUND('',#7613,.T.);
#7615=CARTESIAN_POINT('',(231.44049,-72.21885,323.));
#7616=DIRECTION('',(-0.98769,0.15643,0.));
#7617=DIRECTION('',(-0.15643,-0.98769,0.));
#7618=AXIS2_PLACEMENT_3D('',#7615,#7616,#7617);
#7619=PLANE('',#7618);
#7620=ADVANCED_FACE('',(#7614),#7619,.T.);
#7621=CARTESIAN_POINT('',(231.44049,-77.78115,323.));
#7622=VERTEX_POINT('',#7621);
#7623=DIRECTION('',(0.15643,-0.98769,0.));
#7624=VECTOR('',#7623,2.81582);
#7625=LINE('',#7593,#7624);
#7626=EDGE_CURVE('',#7594,#7622,#7625,.T.);
#7627=ORIENTED_EDGE('',*,*,#7626,.T.);
#7628=CARTESIAN_POINT('',(231.44049,-77.78115,337.));
#7629=VERTEX_POINT('',#7628);
#7630=DIRECTION('',(0.,0.,1.));
#7631=VECTOR('',#7630,14.);
#7632=LINE('',#7621,#7631);
#7633=EDGE_CURVE('',#7622,#7629,#7632,.T.);
#7634=ORIENTED_EDGE('',*,*,#7633,.T.);
#7635=DIRECTION('',(0.15643,-0.98769,0.));
#7636=VECTOR('',#7635,2.81582);
#7637=LINE('',#7600,#7636);
#7638=EDGE_CURVE('',#7601,#7629,#7637,.T.);
#7639=ORIENTED_EDGE('',*,*,#7638,.F.);
#7640=ORIENTED_EDGE('',*,*,#7605,.F.);
#7641=EDGE_LOOP('',(#7627,#7634,#7639,#7640));
#7642=FACE_OUTER_BOUND('',#7641,.T.);
#7643=CARTESIAN_POINT('',(231.,-75.,323.));
#7644=DIRECTION('',(-0.98769,-0.15643,0.));
#7645=DIRECTION('',(0.15643,-0.98769,0.));
#7646=AXIS2_PLACEMENT_3D('',#7643,#7644,#7645);
#7647=PLANE('',#7646);
#7648=ADVANCED_FACE('',(#7642),#7647,.T.);
#7649=CARTESIAN_POINT('',(232.71885,-80.29007,323.));
#7650=VERTEX_POINT('',#7649);
#7651=DIRECTION('',(0.45399,-0.89101,0.));
#7652=VECTOR('',#7651,2.81582);
#7653=LINE('',#7621,#7652);
#7654=EDGE_CURVE('',#7622,#7650,#7653,.T.);
#7655=ORIENTED_EDGE('',*,*,#7654,.T.);
#7656=CARTESIAN_POINT('',(232.71885,-80.29007,337.));
#7657=VERTEX_POINT('',#7656);
#7658=DIRECTION('',(0.,0.,1.));
#7659=VECTOR('',#7658,14.);
#7660=LINE('',#7649,#7659);
#7661=EDGE_CURVE('',#7650,#7657,#7660,.T.);
#7662=ORIENTED_EDGE('',*,*,#7661,.T.);
#7663=DIRECTION('',(0.45399,-0.89101,0.));
#7664=VECTOR('',#7663,2.81582);
#7665=LINE('',#7628,#7664);
#7666=EDGE_CURVE('',#7629,#7657,#7665,.T.);
#7667=ORIENTED_EDGE('',*,*,#7666,.F.);
#7668=ORIENTED_EDGE('',*,*,#7633,.F.);
#7669=EDGE_LOOP('',(#7655,#7662,#7667,#7668));
#7670=FACE_OUTER_BOUND('',#7669,.T.);
#7671=CARTESIAN_POINT('',(231.44049,-77.78115,323.));
#7672=DIRECTION('',(-0.89101,-0.45399,0.));
#7673=DIRECTION('',(0.45399,-0.89101,0.));
#7674=AXIS2_PLACEMENT_3D('',#7671,#7672,#7673);
#7675=PLANE('',#7674);
#7676=ADVANCED_FACE('',(#7670),#7675,.T.);
#7677=CARTESIAN_POINT('',(234.70993,-82.28115,323.));
#7678=VERTEX_POINT('',#7677);
#7679=DIRECTION('',(0.70711,-0.70711,0.));
#7680=VECTOR('',#7679,2.81582);
#7681=LINE('',#7649,#7680);
#7682=EDGE_CURVE('',#7650,#7678,#7681,.T.);
#7683=ORIENTED_EDGE('',*,*,#7682,.T.);
#7684=CARTESIAN_POINT('',(234.70993,-82.28115,337.));
#7685=VERTEX_POINT('',#7684);
#7686=DIRECTION('',(0.,0.,1.));
#7687=VECTOR('',#7686,14.);
#7688=LINE('',#7677,#7687);
#7689=EDGE_CURVE('',#7678,#7685,#7688,.T.);
#7690=ORIENTED_EDGE('',*,*,#7689,.T.);
#7691=DIRECTION('',(0.70711,-0.70711,0.));
#7692=VECTOR('',#7691,2.81582);
#7693=LINE('',#7656,#7692);
#7694=EDGE_CURVE('',#7657,#7685,#7693,.T.);
#7695=ORIENTED_EDGE('',*,*,#7694,.F.);
#7696=ORIENTED_EDGE('',*,*,#7661,.F.);
#7697=EDGE_LOOP('',(#7683,#7690,#7695,#7696));
#7698=FACE_OUTER_BOUND('',#7697,.T.);
#7699=CARTESIAN_POINT('',(232.71885,-80.29007,323.));
#7700=DIRECTION('',(-0.70711,-0.70711,0.));
#7701=DIRECTION('',(0.70711,-0.70711,0.));
#7702=AXIS2_PLACEMENT_3D('',#7699,#7700,#7701);
#7703=PLANE('',#7702);
#7704=ADVANCED_FACE('',(#7698),#7703,.T.);
#7705=CARTESIAN_POINT('',(237.21885,-83.55951,323.));
#7706=VERTEX_POINT('',#7705);
#7707=DIRECTION('',(0.89101,-0.45399,0.));
#7708=VECTOR('',#7707,2.81582);
#7709=LINE('',#7677,#7708);
#7710=EDGE_CURVE('',#7678,#7706,#7709,.T.);
#7711=ORIENTED_EDGE('',*,*,#7710,.T.);
#7712=CARTESIAN_POINT('',(237.21885,-83.55951,337.));
#7713=VERTEX_POINT('',#7712);
#7714=DIRECTION('',(0.,0.,1.));
#7715=VECTOR('',#7714,14.);
#7716=LINE('',#7705,#7715);
#7717=EDGE_CURVE('',#7706,#7713,#7716,.T.);
#7718=ORIENTED_EDGE('',*,*,#7717,.T.);
#7719=DIRECTION('',(0.89101,-0.45399,0.));
#7720=VECTOR('',#7719,2.81582);
#7721=LINE('',#7684,#7720);
#7722=EDGE_CURVE('',#7685,#7713,#7721,.T.);
#7723=ORIENTED_EDGE('',*,*,#7722,.F.);
#7724=ORIENTED_EDGE('',*,*,#7689,.F.);
#7725=EDGE_LOOP('',(#7711,#7718,#7723,#7724));
#7726=FACE_OUTER_BOUND('',#7725,.T.);
#7727=CARTESIAN_POINT('',(234.70993,-82.28115,323.));
#7728=DIRECTION('',(-0.45399,-0.89101,0.));
#7729=DIRECTION('',(0.89101,-0.45399,0.));
#7730=AXIS2_PLACEMENT_3D('',#7727,#7728,#7729);
#7731=PLANE('',#7730);
#7732=ADVANCED_FACE('',(#7726),#7731,.T.);
#7733=CARTESIAN_POINT('',(240.,-84.,323.));
#7734=VERTEX_POINT('',#7733);
#7735=DIRECTION('',(0.98769,-0.15643,0.));
#7736=VECTOR('',#7735,2.81582);
#7737=LINE('',#7705,#7736);
#7738=EDGE_CURVE('',#7706,#7734,#7737,.T.);
#7739=ORIENTED_EDGE('',*,*,#7738,.T.);
#7740=CARTESIAN_POINT('',(240.,-84.,337.));
#7741=VERTEX_POINT('',#7740);
#7742=DIRECTION('',(0.,0.,1.));
#7743=VECTOR('',#7742,14.);
#7744=LINE('',#7733,#7743);
#7745=EDGE_CURVE('',#7734,#7741,#7744,.T.);
#7746=ORIENTED_EDGE('',*,*,#7745,.T.);
#7747=DIRECTION('',(0.98769,-0.15643,0.));
#7748=VECTOR('',#7747,2.81582);
#7749=LINE('',#7712,#7748);
#7750=EDGE_CURVE('',#7713,#7741,#7749,.T.);
#7751=ORIENTED_EDGE('',*,*,#7750,.F.);
#7752=ORIENTED_EDGE('',*,*,#7717,.F.);
#7753=EDGE_LOOP('',(#7739,#7746,#7751,#7752));
#7754=FACE_OUTER_BOUND('',#7753,.T.);
#7755=CARTESIAN_POINT('',(237.21885,-83.55951,323.));
#7756=DIRECTION('',(-0.15643,-0.98769,0.));
#7757=DIRECTION('',(0.98769,-0.15643,0.));
#7758=AXIS2_PLACEMENT_3D('',#7755,#7756,#7757);
#7759=PLANE('',#7758);
#7760=ADVANCED_FACE('',(#7754),#7759,.T.);
#7761=CARTESIAN_POINT('',(242.78115,-83.55951,323.));
#7762=VERTEX_POINT('',#7761);
#7763=DIRECTION('',(0.98769,0.15643,0.));
#7764=VECTOR('',#7763,2.81582);
#7765=LINE('',#7733,#7764);
#7766=EDGE_CURVE('',#7734,#7762,#7765,.T.);
#7767=ORIENTED_EDGE('',*,*,#7766,.T.);
#7768=CARTESIAN_POINT('',(242.78115,-83.55951,337.));
#7769=VERTEX_POINT('',#7768);
#7770=DIRECTION('',(0.,0.,1.));
#7771=VECTOR('',#7770,14.);
#7772=LINE('',#7761,#7771);
#7773=EDGE_CURVE('',#7762,#7769,#7772,.T.);
#7774=ORIENTED_EDGE('',*,*,#7773,.T.);
#7775=DIRECTION('',(0.98769,0.15643,0.));
#7776=VECTOR('',#7775,2.81582);
#7777=LINE('',#7740,#7776);
#7778=EDGE_CURVE('',#7741,#7769,#7777,.T.);
#7779=ORIENTED_EDGE('',*,*,#7778,.F.);
#7780=ORIENTED_EDGE('',*,*,#7745,.F.);
#7781=EDGE_LOOP('',(#7767,#7774,#7779,#7780));
#7782=FACE_OUTER_BOUND('',#7781,.T.);
#7783=CARTESIAN_POINT('',(240.,-84.,323.));
#7784=DIRECTION('',(0.15643,-0.98769,0.));
#7785=DIRECTION('',(0.98769,0.15643,0.));
#7786=AXIS2_PLACEMENT_3D('',#7783,#7784,#7785);
#7787=PLANE('',#7786);
#7788=ADVANCED_FACE('',(#7782),#7787,.T.);
#7789=CARTESIAN_POINT('',(245.29007,-82.28115,323.));
#7790=VERTEX_POINT('',#7789);
#7791=DIRECTION('',(0.89101,0.45399,0.));
#7792=VECTOR('',#7791,2.81582);
#7793=LINE('',#7761,#7792);
#7794=EDGE_CURVE('',#7762,#7790,#7793,.T.);
#7795=ORIENTED_EDGE('',*,*,#7794,.T.);
#7796=CARTESIAN_POINT('',(245.29007,-82.28115,337.));
#7797=VERTEX_POINT('',#7796);
#7798=DIRECTION('',(0.,0.,1.));
#7799=VECTOR('',#7798,14.);
#7800=LINE('',#7789,#7799);
#7801=EDGE_CURVE('',#7790,#7797,#7800,.T.);
#7802=ORIENTED_EDGE('',*,*,#7801,.T.);
#7803=DIRECTION('',(0.89101,0.45399,0.));
#7804=VECTOR('',#7803,2.81582);
#7805=LINE('',#7768,#7804);
#7806=EDGE_CURVE('',#7769,#7797,#7805,.T.);
#7807=ORIENTED_EDGE('',*,*,#7806,.F.);
#7808=ORIENTED_EDGE('',*,*,#7773,.F.);
#7809=EDGE_LOOP('',(#7795,#7802,#7807,#7808));
#7810=FACE_OUTER_BOUND('',#7809,.T.);
#7811=CARTESIAN_POINT('',(242.78115,-83.55951,323.));
#7812=DIRECTION('',(0.45399,-0.89101,0.));
#7813=DIRECTION('',(0.89101,0.45399,0.));
#7814=AXIS2_PLACEMENT_3D('',#7811,#7812,#7813);
#7815=PLANE('',#7814);
#7816=ADVANCED_FACE('',(#7810),#7815,.T.);
#7817=CARTESIAN_POINT('',(247.28115,-80.29007,323.));
#7818=VERTEX_POINT('',#7817);
#7819=DIRECTION('',(0.70711,0.70711,0.));
#7820=VECTOR('',#7819,2.81582);
#7821=LINE('',#7789,#7820);
#7822=EDGE_CURVE('',#7790,#7818,#7821,.T.);
#7823=ORIENTED_EDGE('',*,*,#7822,.T.);
#7824=CARTESIAN_POINT('',(247.28115,-80.29007,337.));
#7825=VERTEX_POINT('',#7824);
#7826=DIRECTION('',(0.,0.,1.));
#7827=VECTOR('',#7826,14.);
#7828=LINE('',#7817,#7827);
#7829=EDGE_CURVE('',#7818,#7825,#7828,.T.);
#7830=ORIENTED_EDGE('',*,*,#7829,.T.);
#7831=DIRECTION('',(0.70711,0.70711,0.));
#7832=VECTOR('',#7831,2.81582);
#7833=LINE('',#7796,#7832);
#7834=EDGE_CURVE('',#7797,#7825,#7833,.T.);
#7835=ORIENTED_EDGE('',*,*,#7834,.F.);
#7836=ORIENTED_EDGE('',*,*,#7801,.F.);
#7837=EDGE_LOOP('',(#7823,#7830,#7835,#7836));
#7838=FACE_OUTER_BOUND('',#7837,.T.);
#7839=CARTESIAN_POINT('',(245.29007,-82.28115,323.));
#7840=DIRECTION('',(0.70711,-0.70711,0.));
#7841=DIRECTION('',(0.70711,0.70711,0.));
#7842=AXIS2_PLACEMENT_3D('',#7839,#7840,#7841);
#7843=PLANE('',#7842);
#7844=ADVANCED_FACE('',(#7838),#7843,.T.);
#7845=CARTESIAN_POINT('',(248.55951,-77.78115,323.));
#7846=VERTEX_POINT('',#7845);
#7847=DIRECTION('',(0.45399,0.89101,0.));
#7848=VECTOR('',#7847,2.81582);
#7849=LINE('',#7817,#7848);
#7850=EDGE_CURVE('',#7818,#7846,#7849,.T.);
#7851=ORIENTED_EDGE('',*,*,#7850,.T.);
#7852=CARTESIAN_POINT('',(248.55951,-77.78115,337.));
#7853=VERTEX_POINT('',#7852);
#7854=DIRECTION('',(0.,0.,1.));
#7855=VECTOR('',#7854,14.);
#7856=LINE('',#7845,#7855);
#7857=EDGE_CURVE('',#7846,#7853,#7856,.T.);
#7858=ORIENTED_EDGE('',*,*,#7857,.T.);
#7859=DIRECTION('',(0.45399,0.89101,0.));
#7860=VECTOR('',#7859,2.81582);
#7861=LINE('',#7824,#7860);
#7862=EDGE_CURVE('',#7825,#7853,#7861,.T.);
#7863=ORIENTED_EDGE('',*,*,#7862,.F.);
#7864=ORIENTED_EDGE('',*,*,#7829,.F.);
#7865=EDGE_LOOP('',(#7851,#7858,#7863,#7864));
#7866=FACE_OUTER_BOUND('',#7865,.T.);
#7867=CARTESIAN_POINT('',(247.28115,-80.29007,323.));
#7868=DIRECTION('',(0.89101,-0.45399,0.));
#7869=DIRECTION('',(0.45399,0.89101,0.));
#7870=AXIS2_PLACEMENT_3D('',#7867,#7868,#7869);
#7871=PLANE('',#7870);
#7872=ADVANCED_FACE('',(#7866),#7871,.T.);
#7873=DIRECTION('',(-0.15643,-0.98769,0.));
#7874=VECTOR('',#7873,2.81582);
#7875=LINE('',#7333,#7874);
#7876=EDGE_CURVE('',#7334,#7846,#7875,.T.);
#7877=ORIENTED_EDGE('',*,*,#7876,.F.);
#7878=ORIENTED_EDGE('',*,*,#7359,.T.);
#7879=DIRECTION('',(-0.15643,-0.98769,0.));
#7880=VECTOR('',#7879,2.81582);
#7881=LINE('',#7349,#7880);
#7882=EDGE_CURVE('',#7350,#7853,#7881,.T.);
#7883=ORIENTED_EDGE('',*,*,#7882,.T.);
#7884=ORIENTED_EDGE('',*,*,#7857,.F.);
#7885=EDGE_LOOP('',(#7877,#7878,#7883,#7884));
#7886=FACE_OUTER_BOUND('',#7885,.T.);
#7887=CARTESIAN_POINT('',(248.55951,-77.78115,323.));
#7888=DIRECTION('',(0.98769,-0.15643,0.));
#7889=DIRECTION('',(0.15643,0.98769,0.));
#7890=AXIS2_PLACEMENT_3D('',#7887,#7888,#7889);
#7891=PLANE('',#7890);
#7892=ADVANCED_FACE('',(#7886),#7891,.T.);
#7893=ORIENTED_EDGE('',*,*,#7850,.F.);
#7894=ORIENTED_EDGE('',*,*,#7822,.F.);
#7895=ORIENTED_EDGE('',*,*,#7794,.F.);
#7896=ORIENTED_EDGE('',*,*,#7766,.F.);
#7897=ORIENTED_EDGE('',*,*,#7738,.F.);
#7898=ORIENTED_EDGE('',*,*,#7710,.F.);
#7899=ORIENTED_EDGE('',*,*,#7682,.F.);
#7900=ORIENTED_EDGE('',*,*,#7654,.F.);
#7901=ORIENTED_EDGE('',*,*,#7626,.F.);
#7902=ORIENTED_EDGE('',*,*,#7598,.F.);
#7903=ORIENTED_EDGE('',*,*,#7570,.F.);
#7904=ORIENTED_EDGE('',*,*,#7542,.F.);
#7905=ORIENTED_EDGE('',*,*,#7514,.F.);
#7906=ORIENTED_EDGE('',*,*,#7486,.F.);
#7907=ORIENTED_EDGE('',*,*,#7458,.F.);
#7908=ORIENTED_EDGE('',*,*,#7430,.F.);
#7909=ORIENTED_EDGE('',*,*,#7402,.F.);
#7910=ORIENTED_EDGE('',*,*,#7374,.F.);
#7911=ORIENTED_EDGE('',*,*,#7340,.F.);
#7912=ORIENTED_EDGE('',*,*,#7876,.T.);
#7913=EDGE_LOOP('',(#7893,#7894,#7895,#7896,#7897,#7898,#7899,#7900,#7901,#7902,#7903,#7904,#7905,#7906,#7907,#7908,#7909,#7910,#7911,#7912));
#7914=FACE_OUTER_BOUND('',#7913,.T.);
#7915=CARTESIAN_POINT('',(248.55951,-77.78115,323.));
#7916=DIRECTION('',(0.,0.,-1.));
#7917=DIRECTION('',(-0.45399,-0.89101,0.));
#7918=AXIS2_PLACEMENT_3D('',#7915,#7916,#7917);
#7919=PLANE('',#7918);
#7920=ADVANCED_FACE('',(#7914),#7919,.T.);
#7921=ORIENTED_EDGE('',*,*,#7354,.T.);
#7922=ORIENTED_EDGE('',*,*,#7386,.T.);
#7923=ORIENTED_EDGE('',*,*,#7414,.T.);
#7924=ORIENTED_EDGE('',*,*,#7442,.T.);
#7925=ORIENTED_EDGE('',*,*,#7470,.T.);
#7926=ORIENTED_EDGE('',*,*,#7498,.T.);
#7927=ORIENTED_EDGE('',*,*,#7526,.T.);
#7928=ORIENTED_EDGE('',*,*,#7554,.T.);
#7929=ORIENTED_EDGE('',*,*,#7582,.T.);
#7930=ORIENTED_EDGE('',*,*,#7610,.T.);
#7931=ORIENTED_EDGE('',*,*,#7638,.T.);
#7932=ORIENTED_EDGE('',*,*,#7666,.T.);
#7933=ORIENTED_EDGE('',*,*,#7694,.T.);
#7934=ORIENTED_EDGE('',*,*,#7722,.T.);
#7935=ORIENTED_EDGE('',*,*,#7750,.T.);
#7936=ORIENTED_EDGE('',*,*,#7778,.T.);
#7937=ORIENTED_EDGE('',*,*,#7806,.T.);
#7938=ORIENTED_EDGE('',*,*,#7834,.T.);
#7939=ORIENTED_EDGE('',*,*,#7862,.T.);
#7940=ORIENTED_EDGE('',*,*,#7882,.F.);
#7941=EDGE_LOOP('',(#7921,#7922,#7923,#7924,#7925,#7926,#7927,#7928,#7929,#7930,#7931,#7932,#7933,#7934,#7935,#7936,#7937,#7938,#7939,#7940));
#7942=FACE_OUTER_BOUND('',#7941,.T.);
#7943=CARTESIAN_POINT('',(249.,-75.,337.));
#7944=DIRECTION('',(0.,0.,1.));
#7945=DIRECTION('',(-0.15643,0.98769,0.));
#7946=AXIS2_PLACEMENT_3D('',#7943,#7944,#7945);
#7947=PLANE('',#7946);
#7948=ADVANCED_FACE('',(#7942),#7947,.T.);
#7949=CLOSED_SHELL('',(#7368,#7396,#7424,#7452,#7480,#7508,#7536,#7564,#7592,#7620,#7648,#7676,#7704,#7732,#7760,#7788,#7816,#7844,#7872,#7892,#7920,#7948));
#7950=MANIFOLD_SOLID_BREP('',#7949);
#7951=STYLED_ITEM('color',(#1962),#7950);
#7952=ADVANCED_BREP_SHAPE_REPRESENTATION('',(#17,#1955,#2941,#3920,#4119,#4618,#4817,#5316,#5515,#6014,#6213,#6712,#7331,#7950),#9);
#7953=SHAPE_DEFINITION_REPRESENTATION(#13,#7952);
#7954=MECHANICAL_DESIGN_GEOMETRIC_PRESENTATION_REPRESENTATION('',(#1963,#2942,#3921,#4120,#4619,#4818,#5317,#5516,#6015,#6214,#6713,#7332,#7951),#9);
#7955=PRODUCT_RELATED_PRODUCT_CATEGORY('part',$,(#10));
ENDSEC;
END-ISO-10303-21;
