ISO-10303-21;
HEADER;
FILE_DESCRIPTION(('AquaSentinel R3 - planar B-rep export'),'2;1');
FILE_NAME('Canopy stanchions + hinge / pin blocks','2026-10-04T21:49:43',('AquaSentinel team'),('Sanjivani University'),'AquaSentinel R3 python build','AquaSentinel R3','');
FILE_SCHEMA(('AUTOMOTIVE_DESIGN { 1 0 10303 214 1 1 1 1 }'));
ENDSEC;
DATA;
#1=APPLICATION_CONTEXT('core data for automotive mechanical design processes');
#2=APPLICATION_PROTOCOL_DEFINITION('international standard','automotive_design',2000,#1);
#3=PRODUCT_CONTEXT('',#1,'mechanical');
#4=PRODUCT_DEFINITION_CONTEXT('part definition',#1,'design');
#5=(LENGTH_UNIT()NAMED_UNIT(*)SI_UNIT(.MILLI.,.METRE.));
#6=(NAMED_UNIT(*)PLANE_ANGLE_UNIT()SI_UNIT($,.RADIAN.));
#7=(NAMED_UNIT(*)SI_UNIT($,.STERADIAN.)SOLID_ANGLE_UNIT());
#8=UNCERTAINTY_MEASURE_WITH_UNIT(LENGTH_MEASURE(1.E-04),#5,'distance_accuracy_value','confusion accuracy');
#9=(GEOMETRIC_REPRESENTATION_CONTEXT(3)GLOBAL_UNCERTAINTY_ASSIGNED_CONTEXT((#8))GLOBAL_UNIT_ASSIGNED_CONTEXT((#5,#6,#7))REPRESENTATION_CONTEXT('Context','3D Context with UNIT and UNCERTAINTY'));
#10=PRODUCT('AS3-523','Canopy stanchions + hinge / pin blocks','Canopy hinges up on the aft pair for pod and sampler access',(#3));
#11=PRODUCT_DEFINITION_FORMATION('','',#10);
#12=PRODUCT_DEFINITION('design','',#11,#4);
#13=PRODUCT_DEFINITION_SHAPE('','',#12);
#14=CARTESIAN_POINT('',(0.,0.,0.));
#15=DIRECTION('',(0.,0.,1.));
#16=DIRECTION('',(1.,0.,0.));
#17=AXIS2_PLACEMENT_3D('',#14,#15,#16);
#18=CARTESIAN_POINT('',(434.,146.5,303.));
#19=VERTEX_POINT('',#18);
#20=CARTESIAN_POINT('',(437.18198,147.81802,303.));
#21=VERTEX_POINT('',#20);
#22=DIRECTION('',(0.92388,0.38268,0.));
#23=VECTOR('',#22,3.44415);
#24=LINE('',#18,#23);
#25=EDGE_CURVE('',#19,#21,#24,.T.);
#26=ORIENTED_EDGE('',*,*,#25,.T.);
#27=CARTESIAN_POINT('',(437.93198,147.06802,303.43934));
#28=VERTEX_POINT('',#27);
#29=DIRECTION('',(0.65328,-0.65328,0.38268));
#30=VECTOR('',#29,1.14805);
#31=LINE('',#20,#30);
#32=EDGE_CURVE('',#21,#28,#31,.T.);
#33=ORIENTED_EDGE('',*,*,#32,.T.);
#34=CARTESIAN_POINT('',(434.,145.43934,303.43934));
#35=VERTEX_POINT('',#34);
#36=DIRECTION('',(0.92388,0.38268,0.));
#37=VECTOR('',#36,4.25595);
#38=LINE('',#34,#37);
#39=EDGE_CURVE('',#35,#28,#38,.T.);
#40=ORIENTED_EDGE('',*,*,#39,.F.);
#41=DIRECTION('',(0.,-0.92388,0.38268));
#42=VECTOR('',#41,1.14805);
#43=LINE('',#18,#42);
#44=EDGE_CURVE('',#19,#35,#43,.T.);
#45=ORIENTED_EDGE('',*,*,#44,.F.);
#46=EDGE_LOOP('',(#26,#33,#40,#45));
#47=FACE_OUTER_BOUND('',#46,.T.);
#48=CARTESIAN_POINT('',(434.,146.5,303.));
#49=DIRECTION('',(0.15656,-0.37796,-0.91249));
#50=DIRECTION('',(0.92388,0.38268,0.));
#51=AXIS2_PLACEMENT_3D('',#48,#49,#50);
#52=PLANE('',#51);
#53=ADVANCED_FACE('',(#47),#52,.T.);
#54=CARTESIAN_POINT('',(438.5,151.,303.));
#55=VERTEX_POINT('',#54);
#56=DIRECTION('',(0.38268,0.92388,0.));
#57=VECTOR('',#56,3.44415);
#58=LINE('',#20,#57);
#59=EDGE_CURVE('',#21,#55,#58,.T.);
#60=ORIENTED_EDGE('',*,*,#59,.T.);
#61=CARTESIAN_POINT('',(439.56066,151.,303.43934));
#62=VERTEX_POINT('',#61);
#63=DIRECTION('',(0.92388,0.,0.38268));
#64=VECTOR('',#63,1.14805);
#65=LINE('',#54,#64);
#66=EDGE_CURVE('',#55,#62,#65,.T.);
#67=ORIENTED_EDGE('',*,*,#66,.T.);
#68=DIRECTION('',(0.38268,0.92388,0.));
#69=VECTOR('',#68,4.25595);
#70=LINE('',#27,#69);
#71=EDGE_CURVE('',#28,#62,#70,.T.);
#72=ORIENTED_EDGE('',*,*,#71,.F.);
#73=ORIENTED_EDGE('',*,*,#32,.F.);
#74=EDGE_LOOP('',(#60,#67,#72,#73));
#75=FACE_OUTER_BOUND('',#74,.T.);
#76=CARTESIAN_POINT('',(437.18198,147.81802,303.));
#77=DIRECTION('',(0.37796,-0.15656,-0.91249));
#78=DIRECTION('',(0.38268,0.92388,0.));
#79=AXIS2_PLACEMENT_3D('',#76,#77,#78);
#80=PLANE('',#79);
#81=ADVANCED_FACE('',(#75),#80,.T.);
#82=CARTESIAN_POINT('',(438.5,179.,303.));
#83=VERTEX_POINT('',#82);
#84=DIRECTION('',(0.,1.,0.));
#85=VECTOR('',#84,28.);
#86=LINE('',#54,#85);
#87=EDGE_CURVE('',#55,#83,#86,.T.);
#88=ORIENTED_EDGE('',*,*,#87,.T.);
#89=CARTESIAN_POINT('',(439.56066,179.,303.43934));
#90=VERTEX_POINT('',#89);
#91=DIRECTION('',(0.92388,0.,0.38268));
#92=VECTOR('',#91,1.14805);
#93=LINE('',#82,#92);
#94=EDGE_CURVE('',#83,#90,#93,.T.);
#95=ORIENTED_EDGE('',*,*,#94,.T.);
#96=DIRECTION('',(0.,1.,0.));
#97=VECTOR('',#96,28.);
#98=LINE('',#61,#97);
#99=EDGE_CURVE('',#62,#90,#98,.T.);
#100=ORIENTED_EDGE('',*,*,#99,.F.);
#101=ORIENTED_EDGE('',*,*,#66,.F.);
#102=EDGE_LOOP('',(#88,#95,#100,#101));
#103=FACE_OUTER_BOUND('',#102,.T.);
#104=CARTESIAN_POINT('',(438.5,151.,303.));
#105=DIRECTION('',(0.38268,0.,-0.92388));
#106=DIRECTION('',(0.,1.,0.));
#107=AXIS2_PLACEMENT_3D('',#104,#105,#106);
#108=PLANE('',#107);
#109=ADVANCED_FACE('',(#103),#108,.T.);
#110=CARTESIAN_POINT('',(437.18198,182.18198,303.));
#111=VERTEX_POINT('',#110);
#112=DIRECTION('',(-0.38268,0.92388,0.));
#113=VECTOR('',#112,3.44415);
#114=LINE('',#82,#113);
#115=EDGE_CURVE('',#83,#111,#114,.T.);
#116=ORIENTED_EDGE('',*,*,#115,.T.);
#117=CARTESIAN_POINT('',(437.93198,182.93198,303.43934));
#118=VERTEX_POINT('',#117);
#119=DIRECTION('',(0.65328,0.65328,0.38268));
#120=VECTOR('',#119,1.14805);
#121=LINE('',#110,#120);
#122=EDGE_CURVE('',#111,#118,#121,.T.);
#123=ORIENTED_EDGE('',*,*,#122,.T.);
#124=DIRECTION('',(-0.38268,0.92388,0.));
#125=VECTOR('',#124,4.25595);
#126=LINE('',#89,#125);
#127=EDGE_CURVE('',#90,#118,#126,.T.);
#128=ORIENTED_EDGE('',*,*,#127,.F.);
#129=ORIENTED_EDGE('',*,*,#94,.F.);
#130=EDGE_LOOP('',(#116,#123,#128,#129));
#131=FACE_OUTER_BOUND('',#130,.T.);
#132=CARTESIAN_POINT('',(438.5,179.,303.));
#133=DIRECTION('',(0.37796,0.15656,-0.91249));
#134=DIRECTION('',(-0.38268,0.92388,0.));
#135=AXIS2_PLACEMENT_3D('',#132,#133,#134);
#136=PLANE('',#135);
#137=ADVANCED_FACE('',(#131),#136,.T.);
#138=CARTESIAN_POINT('',(434.,183.5,303.));
#139=VERTEX_POINT('',#138);
#140=DIRECTION('',(-0.92388,0.38268,0.));
#141=VECTOR('',#140,3.44415);
#142=LINE('',#110,#141);
#143=EDGE_CURVE('',#111,#139,#142,.T.);
#144=ORIENTED_EDGE('',*,*,#143,.T.);
#145=CARTESIAN_POINT('',(434.,184.56066,303.43934));
#146=VERTEX_POINT('',#145);
#147=DIRECTION('',(0.,0.92388,0.38268));
#148=VECTOR('',#147,1.14805);
#149=LINE('',#138,#148);
#150=EDGE_CURVE('',#139,#146,#149,.T.);
#151=ORIENTED_EDGE('',*,*,#150,.T.);
#152=DIRECTION('',(-0.92388,0.38268,0.));
#153=VECTOR('',#152,4.25595);
#154=LINE('',#117,#153);
#155=EDGE_CURVE('',#118,#146,#154,.T.);
#156=ORIENTED_EDGE('',*,*,#155,.F.);
#157=ORIENTED_EDGE('',*,*,#122,.F.);
#158=EDGE_LOOP('',(#144,#151,#156,#157));
#159=FACE_OUTER_BOUND('',#158,.T.);
#160=CARTESIAN_POINT('',(437.18198,182.18198,303.));
#161=DIRECTION('',(0.15656,0.37796,-0.91249));
#162=DIRECTION('',(-0.92388,0.38268,0.));
#163=AXIS2_PLACEMENT_3D('',#160,#161,#162);
#164=PLANE('',#163);
#165=ADVANCED_FACE('',(#159),#164,.T.);
#166=CARTESIAN_POINT('',(406.,183.5,303.));
#167=VERTEX_POINT('',#166);
#168=DIRECTION('',(-1.,0.,0.));
#169=VECTOR('',#168,28.);
#170=LINE('',#138,#169);
#171=EDGE_CURVE('',#139,#167,#170,.T.);
#172=ORIENTED_EDGE('',*,*,#171,.T.);
#173=CARTESIAN_POINT('',(406.,184.56066,303.43934));
#174=VERTEX_POINT('',#173);
#175=DIRECTION('',(0.,0.92388,0.38268));
#176=VECTOR('',#175,1.14805);
#177=LINE('',#166,#176);
#178=EDGE_CURVE('',#167,#174,#177,.T.);
#179=ORIENTED_EDGE('',*,*,#178,.T.);
#180=DIRECTION('',(-1.,0.,0.));
#181=VECTOR('',#180,28.);
#182=LINE('',#145,#181);
#183=EDGE_CURVE('',#146,#174,#182,.T.);
#184=ORIENTED_EDGE('',*,*,#183,.F.);
#185=ORIENTED_EDGE('',*,*,#150,.F.);
#186=EDGE_LOOP('',(#172,#179,#184,#185));
#187=FACE_OUTER_BOUND('',#186,.T.);
#188=CARTESIAN_POINT('',(434.,183.5,303.));
#189=DIRECTION('',(0.,0.38268,-0.92388));
#190=DIRECTION('',(-1.,0.,0.));
#191=AXIS2_PLACEMENT_3D('',#188,#189,#190);
#192=PLANE('',#191);
#193=ADVANCED_FACE('',(#187),#192,.T.);
#194=CARTESIAN_POINT('',(402.81802,182.18198,303.));
#195=VERTEX_POINT('',#194);
#196=DIRECTION('',(-0.92388,-0.38268,0.));
#197=VECTOR('',#196,3.44415);
#198=LINE('',#166,#197);
#199=EDGE_CURVE('',#167,#195,#198,.T.);
#200=ORIENTED_EDGE('',*,*,#199,.T.);
#201=CARTESIAN_POINT('',(402.06802,182.93198,303.43934));
#202=VERTEX_POINT('',#201);
#203=DIRECTION('',(-0.65328,0.65328,0.38268));
#204=VECTOR('',#203,1.14805);
#205=LINE('',#194,#204);
#206=EDGE_CURVE('',#195,#202,#205,.T.);
#207=ORIENTED_EDGE('',*,*,#206,.T.);
#208=DIRECTION('',(-0.92388,-0.38268,0.));
#209=VECTOR('',#208,4.25595);
#210=LINE('',#173,#209);
#211=EDGE_CURVE('',#174,#202,#210,.T.);
#212=ORIENTED_EDGE('',*,*,#211,.F.);
#213=ORIENTED_EDGE('',*,*,#178,.F.);
#214=EDGE_LOOP('',(#200,#207,#212,#213));
#215=FACE_OUTER_BOUND('',#214,.T.);
#216=CARTESIAN_POINT('',(406.,183.5,303.));
#217=DIRECTION('',(-0.15656,0.37796,-0.91249));
#218=DIRECTION('',(-0.92388,-0.38268,0.));
#219=AXIS2_PLACEMENT_3D('',#216,#217,#218);
#220=PLANE('',#219);
#221=ADVANCED_FACE('',(#215),#220,.T.);
#222=CARTESIAN_POINT('',(401.5,179.,303.));
#223=VERTEX_POINT('',#222);
#224=DIRECTION('',(-0.38268,-0.92388,0.));
#225=VECTOR('',#224,3.44415);
#226=LINE('',#194,#225);
#227=EDGE_CURVE('',#195,#223,#226,.T.);
#228=ORIENTED_EDGE('',*,*,#227,.T.);
#229=CARTESIAN_POINT('',(400.43934,179.,303.43934));
#230=VERTEX_POINT('',#229);
#231=DIRECTION('',(-0.92388,0.,0.38268));
#232=VECTOR('',#231,1.14805);
#233=LINE('',#222,#232);
#234=EDGE_CURVE('',#223,#230,#233,.T.);
#235=ORIENTED_EDGE('',*,*,#234,.T.);
#236=DIRECTION('',(-0.38268,-0.92388,0.));
#237=VECTOR('',#236,4.25595);
#238=LINE('',#201,#237);
#239=EDGE_CURVE('',#202,#230,#238,.T.);
#240=ORIENTED_EDGE('',*,*,#239,.F.);
#241=ORIENTED_EDGE('',*,*,#206,.F.);
#242=EDGE_LOOP('',(#228,#235,#240,#241));
#243=FACE_OUTER_BOUND('',#242,.T.);
#244=CARTESIAN_POINT('',(402.81802,182.18198,303.));
#245=DIRECTION('',(-0.37796,0.15656,-0.91249));
#246=DIRECTION('',(-0.38268,-0.92388,0.));
#247=AXIS2_PLACEMENT_3D('',#244,#245,#246);
#248=PLANE('',#247);
#249=ADVANCED_FACE('',(#243),#248,.T.);
#250=CARTESIAN_POINT('',(401.5,151.,303.));
#251=VERTEX_POINT('',#250);
#252=DIRECTION('',(0.,-1.,0.));
#253=VECTOR('',#252,28.);
#254=LINE('',#222,#253);
#255=EDGE_CURVE('',#223,#251,#254,.T.);
#256=ORIENTED_EDGE('',*,*,#255,.T.);
#257=CARTESIAN_POINT('',(400.43934,151.,303.43934));
#258=VERTEX_POINT('',#257);
#259=DIRECTION('',(-0.92388,0.,0.38268));
#260=VECTOR('',#259,1.14805);
#261=LINE('',#250,#260);
#262=EDGE_CURVE('',#251,#258,#261,.T.);
#263=ORIENTED_EDGE('',*,*,#262,.T.);
#264=DIRECTION('',(0.,-1.,0.));
#265=VECTOR('',#264,28.);
#266=LINE('',#229,#265);
#267=EDGE_CURVE('',#230,#258,#266,.T.);
#268=ORIENTED_EDGE('',*,*,#267,.F.);
#269=ORIENTED_EDGE('',*,*,#234,.F.);
#270=EDGE_LOOP('',(#256,#263,#268,#269));
#271=FACE_OUTER_BOUND('',#270,.T.);
#272=CARTESIAN_POINT('',(401.5,179.,303.));
#273=DIRECTION('',(-0.38268,0.,-0.92388));
#274=DIRECTION('',(0.,-1.,0.));
#275=AXIS2_PLACEMENT_3D('',#272,#273,#274);
#276=PLANE('',#275);
#277=ADVANCED_FACE('',(#271),#276,.T.);
#278=CARTESIAN_POINT('',(402.81802,147.81802,303.));
#279=VERTEX_POINT('',#278);
#280=DIRECTION('',(0.38268,-0.92388,0.));
#281=VECTOR('',#280,3.44415);
#282=LINE('',#250,#281);
#283=EDGE_CURVE('',#251,#279,#282,.T.);
#284=ORIENTED_EDGE('',*,*,#283,.T.);
#285=CARTESIAN_POINT('',(402.06802,147.06802,303.43934));
#286=VERTEX_POINT('',#285);
#287=DIRECTION('',(-0.65328,-0.65328,0.38268));
#288=VECTOR('',#287,1.14805);
#289=LINE('',#278,#288);
#290=EDGE_CURVE('',#279,#286,#289,.T.);
#291=ORIENTED_EDGE('',*,*,#290,.T.);
#292=DIRECTION('',(0.38268,-0.92388,0.));
#293=VECTOR('',#292,4.25595);
#294=LINE('',#257,#293);
#295=EDGE_CURVE('',#258,#286,#294,.T.);
#296=ORIENTED_EDGE('',*,*,#295,.F.);
#297=ORIENTED_EDGE('',*,*,#262,.F.);
#298=EDGE_LOOP('',(#284,#291,#296,#297));
#299=FACE_OUTER_BOUND('',#298,.T.);
#300=CARTESIAN_POINT('',(401.5,151.,303.));
#301=DIRECTION('',(-0.37796,-0.15656,-0.91249));
#302=DIRECTION('',(0.38268,-0.92388,0.));
#303=AXIS2_PLACEMENT_3D('',#300,#301,#302);
#304=PLANE('',#303);
#305=ADVANCED_FACE('',(#299),#304,.T.);
#306=CARTESIAN_POINT('',(406.,146.5,303.));
#307=VERTEX_POINT('',#306);
#308=DIRECTION('',(0.92388,-0.38268,0.));
#309=VECTOR('',#308,3.44415);
#310=LINE('',#278,#309);
#311=EDGE_CURVE('',#279,#307,#310,.T.);
#312=ORIENTED_EDGE('',*,*,#311,.T.);
#313=CARTESIAN_POINT('',(406.,145.43934,303.43934));
#314=VERTEX_POINT('',#313);
#315=DIRECTION('',(0.,-0.92388,0.38268));
#316=VECTOR('',#315,1.14805);
#317=LINE('',#306,#316);
#318=EDGE_CURVE('',#307,#314,#317,.T.);
#319=ORIENTED_EDGE('',*,*,#318,.T.);
#320=DIRECTION('',(0.92388,-0.38268,0.));
#321=VECTOR('',#320,4.25595);
#322=LINE('',#285,#321);
#323=EDGE_CURVE('',#286,#314,#322,.T.);
#324=ORIENTED_EDGE('',*,*,#323,.F.);
#325=ORIENTED_EDGE('',*,*,#290,.F.);
#326=EDGE_LOOP('',(#312,#319,#324,#325));
#327=FACE_OUTER_BOUND('',#326,.T.);
#328=CARTESIAN_POINT('',(402.81802,147.81802,303.));
#329=DIRECTION('',(-0.15656,-0.37796,-0.91249));
#330=DIRECTION('',(0.92388,-0.38268,0.));
#331=AXIS2_PLACEMENT_3D('',#328,#329,#330);
#332=PLANE('',#331);
#333=ADVANCED_FACE('',(#327),#332,.T.);
#334=DIRECTION('',(-1.,0.,0.));
#335=VECTOR('',#334,28.);
#336=LINE('',#18,#335);
#337=EDGE_CURVE('',#19,#307,#336,.T.);
#338=ORIENTED_EDGE('',*,*,#337,.F.);
#339=ORIENTED_EDGE('',*,*,#44,.T.);
#340=DIRECTION('',(-1.,0.,0.));
#341=VECTOR('',#340,28.);
#342=LINE('',#34,#341);
#343=EDGE_CURVE('',#35,#314,#342,.T.);
#344=ORIENTED_EDGE('',*,*,#343,.T.);
#345=ORIENTED_EDGE('',*,*,#318,.F.);
#346=EDGE_LOOP('',(#338,#339,#344,#345));
#347=FACE_OUTER_BOUND('',#346,.T.);
#348=CARTESIAN_POINT('',(406.,146.5,303.));
#349=DIRECTION('',(0.,-0.38268,-0.92388));
#350=DIRECTION('',(1.,0.,0.));
#351=AXIS2_PLACEMENT_3D('',#348,#349,#350);
#352=PLANE('',#351);
#353=ADVANCED_FACE('',(#347),#352,.T.);
#354=ORIENTED_EDGE('',*,*,#39,.T.);
#355=CARTESIAN_POINT('',(438.24264,146.75736,304.5));
#356=VERTEX_POINT('',#355);
#357=DIRECTION('',(0.2706,-0.2706,0.92388));
#358=VECTOR('',#357,1.14805);
#359=LINE('',#27,#358);
#360=EDGE_CURVE('',#28,#356,#359,.T.);
#361=ORIENTED_EDGE('',*,*,#360,.T.);
#362=CARTESIAN_POINT('',(434.,145.,304.5));
#363=VERTEX_POINT('',#362);
#364=DIRECTION('',(0.92388,0.38268,0.));
#365=VECTOR('',#364,4.5922);
#366=LINE('',#362,#365);
#367=EDGE_CURVE('',#363,#356,#366,.T.);
#368=ORIENTED_EDGE('',*,*,#367,.F.);
#369=DIRECTION('',(0.,-0.38268,0.92388));
#370=VECTOR('',#369,1.14805);
#371=LINE('',#34,#370);
#372=EDGE_CURVE('',#35,#363,#371,.T.);
#373=ORIENTED_EDGE('',*,*,#372,.F.);
#374=EDGE_LOOP('',(#354,#361,#368,#373));
#375=FACE_OUTER_BOUND('',#374,.T.);
#376=CARTESIAN_POINT('',(434.,145.43934,303.43934));
#377=DIRECTION('',(0.35741,-0.86286,-0.35741));
#378=DIRECTION('',(0.92388,0.38268,0.));
#379=AXIS2_PLACEMENT_3D('',#376,#377,#378);
#380=PLANE('',#379);
#381=ADVANCED_FACE('',(#375),#380,.T.);
#382=ORIENTED_EDGE('',*,*,#71,.T.);
#383=CARTESIAN_POINT('',(440.,151.,304.5));
#384=VERTEX_POINT('',#383);
#385=DIRECTION('',(0.38268,0.,0.92388));
#386=VECTOR('',#385,1.14805);
#387=LINE('',#61,#386);
#388=EDGE_CURVE('',#62,#384,#387,.T.);
#389=ORIENTED_EDGE('',*,*,#388,.T.);
#390=DIRECTION('',(0.38268,0.92388,0.));
#391=VECTOR('',#390,4.5922);
#392=LINE('',#355,#391);
#393=EDGE_CURVE('',#356,#384,#392,.T.);
#394=ORIENTED_EDGE('',*,*,#393,.F.);
#395=ORIENTED_EDGE('',*,*,#360,.F.);
#396=EDGE_LOOP('',(#382,#389,#394,#395));
#397=FACE_OUTER_BOUND('',#396,.T.);
#398=CARTESIAN_POINT('',(437.93198,147.06802,303.43934));
#399=DIRECTION('',(0.86286,-0.35741,-0.35741));
#400=DIRECTION('',(0.38268,0.92388,0.));
#401=AXIS2_PLACEMENT_3D('',#398,#399,#400);
#402=PLANE('',#401);
#403=ADVANCED_FACE('',(#397),#402,.T.);
#404=ORIENTED_EDGE('',*,*,#99,.T.);
#405=CARTESIAN_POINT('',(440.,179.,304.5));
#406=VERTEX_POINT('',#405);
#407=DIRECTION('',(0.38268,0.,0.92388));
#408=VECTOR('',#407,1.14805);
#409=LINE('',#89,#408);
#410=EDGE_CURVE('',#90,#406,#409,.T.);
#411=ORIENTED_EDGE('',*,*,#410,.T.);
#412=DIRECTION('',(0.,1.,0.));
#413=VECTOR('',#412,28.);
#414=LINE('',#383,#413);
#415=EDGE_CURVE('',#384,#406,#414,.T.);
#416=ORIENTED_EDGE('',*,*,#415,.F.);
#417=ORIENTED_EDGE('',*,*,#388,.F.);
#418=EDGE_LOOP('',(#404,#411,#416,#417));
#419=FACE_OUTER_BOUND('',#418,.T.);
#420=CARTESIAN_POINT('',(439.56066,151.,303.43934));
#421=DIRECTION('',(0.92388,0.,-0.38268));
#422=DIRECTION('',(0.,1.,0.));
#423=AXIS2_PLACEMENT_3D('',#420,#421,#422);
#424=PLANE('',#423);
#425=ADVANCED_FACE('',(#419),#424,.T.);
#426=ORIENTED_EDGE('',*,*,#127,.T.);
#427=CARTESIAN_POINT('',(438.24264,183.24264,304.5));
#428=VERTEX_POINT('',#427);
#429=DIRECTION('',(0.2706,0.2706,0.92388));
#430=VECTOR('',#429,1.14805);
#431=LINE('',#117,#430);
#432=EDGE_CURVE('',#118,#428,#431,.T.);
#433=ORIENTED_EDGE('',*,*,#432,.T.);
#434=DIRECTION('',(-0.38268,0.92388,0.));
#435=VECTOR('',#434,4.5922);
#436=LINE('',#405,#435);
#437=EDGE_CURVE('',#406,#428,#436,.T.);
#438=ORIENTED_EDGE('',*,*,#437,.F.);
#439=ORIENTED_EDGE('',*,*,#410,.F.);
#440=EDGE_LOOP('',(#426,#433,#438,#439));
#441=FACE_OUTER_BOUND('',#440,.T.);
#442=CARTESIAN_POINT('',(439.56066,179.,303.43934));
#443=DIRECTION('',(0.86286,0.35741,-0.35741));
#444=DIRECTION('',(-0.38268,0.92388,0.));
#445=AXIS2_PLACEMENT_3D('',#442,#443,#444);
#446=PLANE('',#445);
#447=ADVANCED_FACE('',(#441),#446,.T.);
#448=ORIENTED_EDGE('',*,*,#155,.T.);
#449=CARTESIAN_POINT('',(434.,185.,304.5));
#450=VERTEX_POINT('',#449);
#451=DIRECTION('',(0.,0.38268,0.92388));
#452=VECTOR('',#451,1.14805);
#453=LINE('',#145,#452);
#454=EDGE_CURVE('',#146,#450,#453,.T.);
#455=ORIENTED_EDGE('',*,*,#454,.T.);
#456=DIRECTION('',(-0.92388,0.38268,0.));
#457=VECTOR('',#456,4.5922);
#458=LINE('',#427,#457);
#459=EDGE_CURVE('',#428,#450,#458,.T.);
#460=ORIENTED_EDGE('',*,*,#459,.F.);
#461=ORIENTED_EDGE('',*,*,#432,.F.);
#462=EDGE_LOOP('',(#448,#455,#460,#461));
#463=FACE_OUTER_BOUND('',#462,.T.);
#464=CARTESIAN_POINT('',(437.93198,182.93198,303.43934));
#465=DIRECTION('',(0.35741,0.86286,-0.35741));
#466=DIRECTION('',(-0.92388,0.38268,0.));
#467=AXIS2_PLACEMENT_3D('',#464,#465,#466);
#468=PLANE('',#467);
#469=ADVANCED_FACE('',(#463),#468,.T.);
#470=ORIENTED_EDGE('',*,*,#183,.T.);
#471=CARTESIAN_POINT('',(406.,185.,304.5));
#472=VERTEX_POINT('',#471);
#473=DIRECTION('',(0.,0.38268,0.92388));
#474=VECTOR('',#473,1.14805);
#475=LINE('',#173,#474);
#476=EDGE_CURVE('',#174,#472,#475,.T.);
#477=ORIENTED_EDGE('',*,*,#476,.T.);
#478=DIRECTION('',(-1.,0.,0.));
#479=VECTOR('',#478,28.);
#480=LINE('',#449,#479);
#481=EDGE_CURVE('',#450,#472,#480,.T.);
#482=ORIENTED_EDGE('',*,*,#481,.F.);
#483=ORIENTED_EDGE('',*,*,#454,.F.);
#484=EDGE_LOOP('',(#470,#477,#482,#483));
#485=FACE_OUTER_BOUND('',#484,.T.);
#486=CARTESIAN_POINT('',(434.,184.56066,303.43934));
#487=DIRECTION('',(0.,0.92388,-0.38268));
#488=DIRECTION('',(-1.,0.,0.));
#489=AXIS2_PLACEMENT_3D('',#486,#487,#488);
#490=PLANE('',#489);
#491=ADVANCED_FACE('',(#485),#490,.T.);
#492=ORIENTED_EDGE('',*,*,#211,.T.);
#493=CARTESIAN_POINT('',(401.75736,183.24264,304.5));
#494=VERTEX_POINT('',#493);
#495=DIRECTION('',(-0.2706,0.2706,0.92388));
#496=VECTOR('',#495,1.14805);
#497=LINE('',#201,#496);
#498=EDGE_CURVE('',#202,#494,#497,.T.);
#499=ORIENTED_EDGE('',*,*,#498,.T.);
#500=DIRECTION('',(-0.92388,-0.38268,0.));
#501=VECTOR('',#500,4.5922);
#502=LINE('',#471,#501);
#503=EDGE_CURVE('',#472,#494,#502,.T.);
#504=ORIENTED_EDGE('',*,*,#503,.F.);
#505=ORIENTED_EDGE('',*,*,#476,.F.);
#506=EDGE_LOOP('',(#492,#499,#504,#505));
#507=FACE_OUTER_BOUND('',#506,.T.);
#508=CARTESIAN_POINT('',(406.,184.56066,303.43934));
#509=DIRECTION('',(-0.35741,0.86286,-0.35741));
#510=DIRECTION('',(-0.92388,-0.38268,0.));
#511=AXIS2_PLACEMENT_3D('',#508,#509,#510);
#512=PLANE('',#511);
#513=ADVANCED_FACE('',(#507),#512,.T.);
#514=ORIENTED_EDGE('',*,*,#239,.T.);
#515=CARTESIAN_POINT('',(400.,179.,304.5));
#516=VERTEX_POINT('',#515);
#517=DIRECTION('',(-0.38268,0.,0.92388));
#518=VECTOR('',#517,1.14805);
#519=LINE('',#229,#518);
#520=EDGE_CURVE('',#230,#516,#519,.T.);
#521=ORIENTED_EDGE('',*,*,#520,.T.);
#522=DIRECTION('',(-0.38268,-0.92388,0.));
#523=VECTOR('',#522,4.5922);
#524=LINE('',#493,#523);
#525=EDGE_CURVE('',#494,#516,#524,.T.);
#526=ORIENTED_EDGE('',*,*,#525,.F.);
#527=ORIENTED_EDGE('',*,*,#498,.F.);
#528=EDGE_LOOP('',(#514,#521,#526,#527));
#529=FACE_OUTER_BOUND('',#528,.T.);
#530=CARTESIAN_POINT('',(402.06802,182.93198,303.43934));
#531=DIRECTION('',(-0.86286,0.35741,-0.35741));
#532=DIRECTION('',(-0.38268,-0.92388,0.));
#533=AXIS2_PLACEMENT_3D('',#530,#531,#532);
#534=PLANE('',#533);
#535=ADVANCED_FACE('',(#529),#534,.T.);
#536=ORIENTED_EDGE('',*,*,#267,.T.);
#537=CARTESIAN_POINT('',(400.,151.,304.5));
#538=VERTEX_POINT('',#537);
#539=DIRECTION('',(-0.38268,0.,0.92388));
#540=VECTOR('',#539,1.14805);
#541=LINE('',#257,#540);
#542=EDGE_CURVE('',#258,#538,#541,.T.);
#543=ORIENTED_EDGE('',*,*,#542,.T.);
#544=DIRECTION('',(0.,-1.,0.));
#545=VECTOR('',#544,28.);
#546=LINE('',#515,#545);
#547=EDGE_CURVE('',#516,#538,#546,.T.);
#548=ORIENTED_EDGE('',*,*,#547,.F.);
#549=ORIENTED_EDGE('',*,*,#520,.F.);
#550=EDGE_LOOP('',(#536,#543,#548,#549));
#551=FACE_OUTER_BOUND('',#550,.T.);
#552=CARTESIAN_POINT('',(400.43934,179.,303.43934));
#553=DIRECTION('',(-0.92388,0.,-0.38268));
#554=DIRECTION('',(0.,-1.,0.));
#555=AXIS2_PLACEMENT_3D('',#552,#553,#554);
#556=PLANE('',#555);
#557=ADVANCED_FACE('',(#551),#556,.T.);
#558=ORIENTED_EDGE('',*,*,#295,.T.);
#559=CARTESIAN_POINT('',(401.75736,146.75736,304.5));
#560=VERTEX_POINT('',#559);
#561=DIRECTION('',(-0.2706,-0.2706,0.92388));
#562=VECTOR('',#561,1.14805);
#563=LINE('',#285,#562);
#564=EDGE_CURVE('',#286,#560,#563,.T.);
#565=ORIENTED_EDGE('',*,*,#564,.T.);
#566=DIRECTION('',(0.38268,-0.92388,0.));
#567=VECTOR('',#566,4.5922);
#568=LINE('',#537,#567);
#569=EDGE_CURVE('',#538,#560,#568,.T.);
#570=ORIENTED_EDGE('',*,*,#569,.F.);
#571=ORIENTED_EDGE('',*,*,#542,.F.);
#572=EDGE_LOOP('',(#558,#565,#570,#571));
#573=FACE_OUTER_BOUND('',#572,.T.);
#574=CARTESIAN_POINT('',(400.43934,151.,303.43934));
#575=DIRECTION('',(-0.86286,-0.35741,-0.35741));
#576=DIRECTION('',(0.38268,-0.92388,0.));
#577=AXIS2_PLACEMENT_3D('',#574,#575,#576);
#578=PLANE('',#577);
#579=ADVANCED_FACE('',(#573),#578,.T.);
#580=ORIENTED_EDGE('',*,*,#323,.T.);
#581=CARTESIAN_POINT('',(406.,145.,304.5));
#582=VERTEX_POINT('',#581);
#583=DIRECTION('',(0.,-0.38268,0.92388));
#584=VECTOR('',#583,1.14805);
#585=LINE('',#313,#584);
#586=EDGE_CURVE('',#314,#582,#585,.T.);
#587=ORIENTED_EDGE('',*,*,#586,.T.);
#588=DIRECTION('',(0.92388,-0.38268,0.));
#589=VECTOR('',#588,4.5922);
#590=LINE('',#559,#589);
#591=EDGE_CURVE('',#560,#582,#590,.T.);
#592=ORIENTED_EDGE('',*,*,#591,.F.);
#593=ORIENTED_EDGE('',*,*,#564,.F.);
#594=EDGE_LOOP('',(#580,#587,#592,#593));
#595=FACE_OUTER_BOUND('',#594,.T.);
#596=CARTESIAN_POINT('',(402.06802,147.06802,303.43934));
#597=DIRECTION('',(-0.35741,-0.86286,-0.35741));
#598=DIRECTION('',(0.92388,-0.38268,0.));
#599=AXIS2_PLACEMENT_3D('',#596,#597,#598);
#600=PLANE('',#599);
#601=ADVANCED_FACE('',(#595),#600,.T.);
#602=ORIENTED_EDGE('',*,*,#343,.F.);
#603=ORIENTED_EDGE('',*,*,#372,.T.);
#604=DIRECTION('',(-1.,0.,0.));
#605=VECTOR('',#604,28.);
#606=LINE('',#362,#605);
#607=EDGE_CURVE('',#363,#582,#606,.T.);
#608=ORIENTED_EDGE('',*,*,#607,.T.);
#609=ORIENTED_EDGE('',*,*,#586,.F.);
#610=EDGE_LOOP('',(#602,#603,#608,#609));
#611=FACE_OUTER_BOUND('',#610,.T.);
#612=CARTESIAN_POINT('',(406.,145.43934,303.43934));
#613=DIRECTION('',(0.,-0.92388,-0.38268));
#614=DIRECTION('',(1.,0.,0.));
#615=AXIS2_PLACEMENT_3D('',#612,#613,#614);
#616=PLANE('',#615);
#617=ADVANCED_FACE('',(#611),#616,.T.);
#618=ORIENTED_EDGE('',*,*,#367,.T.);
#619=CARTESIAN_POINT('',(438.24264,146.75736,307.5));
#620=VERTEX_POINT('',#619);
#621=DIRECTION('',(0.,0.,1.));
#622=VECTOR('',#621,3.);
#623=LINE('',#355,#622);
#624=EDGE_CURVE('',#356,#620,#623,.T.);
#625=ORIENTED_EDGE('',*,*,#624,.T.);
#626=CARTESIAN_POINT('',(434.,145.,307.5));
#627=VERTEX_POINT('',#626);
#628=DIRECTION('',(0.92388,0.38268,0.));
#629=VECTOR('',#628,4.5922);
#630=LINE('',#626,#629);
#631=EDGE_CURVE('',#627,#620,#630,.T.);
#632=ORIENTED_EDGE('',*,*,#631,.F.);
#633=DIRECTION('',(0.,0.,1.));
#634=VECTOR('',#633,3.);
#635=LINE('',#362,#634);
#636=EDGE_CURVE('',#363,#627,#635,.T.);
#637=ORIENTED_EDGE('',*,*,#636,.F.);
#638=EDGE_LOOP('',(#618,#625,#632,#637));
#639=FACE_OUTER_BOUND('',#638,.T.);
#640=CARTESIAN_POINT('',(434.,145.,304.5));
#641=DIRECTION('',(0.38268,-0.92388,0.));
#642=DIRECTION('',(0.92388,0.38268,0.));
#643=AXIS2_PLACEMENT_3D('',#640,#641,#642);
#644=PLANE('',#643);
#645=ADVANCED_FACE('',(#639),#644,.T.);
#646=ORIENTED_EDGE('',*,*,#393,.T.);
#647=CARTESIAN_POINT('',(440.,151.,307.5));
#648=VERTEX_POINT('',#647);
#649=DIRECTION('',(0.,0.,1.));
#650=VECTOR('',#649,3.);
#651=LINE('',#383,#650);
#652=EDGE_CURVE('',#384,#648,#651,.T.);
#653=ORIENTED_EDGE('',*,*,#652,.T.);
#654=DIRECTION('',(0.38268,0.92388,0.));
#655=VECTOR('',#654,4.5922);
#656=LINE('',#619,#655);
#657=EDGE_CURVE('',#620,#648,#656,.T.);
#658=ORIENTED_EDGE('',*,*,#657,.F.);
#659=ORIENTED_EDGE('',*,*,#624,.F.);
#660=EDGE_LOOP('',(#646,#653,#658,#659));
#661=FACE_OUTER_BOUND('',#660,.T.);
#662=CARTESIAN_POINT('',(438.24264,146.75736,304.5));
#663=DIRECTION('',(0.92388,-0.38268,0.));
#664=DIRECTION('',(0.38268,0.92388,0.));
#665=AXIS2_PLACEMENT_3D('',#662,#663,#664);
#666=PLANE('',#665);
#667=ADVANCED_FACE('',(#661),#666,.T.);
#668=ORIENTED_EDGE('',*,*,#415,.T.);
#669=CARTESIAN_POINT('',(440.,179.,307.5));
#670=VERTEX_POINT('',#669);
#671=DIRECTION('',(0.,0.,1.));
#672=VECTOR('',#671,3.);
#673=LINE('',#405,#672);
#674=EDGE_CURVE('',#406,#670,#673,.T.);
#675=ORIENTED_EDGE('',*,*,#674,.T.);
#676=DIRECTION('',(0.,1.,0.));
#677=VECTOR('',#676,28.);
#678=LINE('',#647,#677);
#679=EDGE_CURVE('',#648,#670,#678,.T.);
#680=ORIENTED_EDGE('',*,*,#679,.F.);
#681=ORIENTED_EDGE('',*,*,#652,.F.);
#682=EDGE_LOOP('',(#668,#675,#680,#681));
#683=FACE_OUTER_BOUND('',#682,.T.);
#684=CARTESIAN_POINT('',(440.,151.,304.5));
#685=DIRECTION('',(1.,0.,0.));
#686=DIRECTION('',(0.,1.,0.));
#687=AXIS2_PLACEMENT_3D('',#684,#685,#686);
#688=PLANE('',#687);
#689=ADVANCED_FACE('',(#683),#688,.T.);
#690=ORIENTED_EDGE('',*,*,#437,.T.);
#691=CARTESIAN_POINT('',(438.24264,183.24264,307.5));
#692=VERTEX_POINT('',#691);
#693=DIRECTION('',(0.,0.,1.));
#694=VECTOR('',#693,3.);
#695=LINE('',#427,#694);
#696=EDGE_CURVE('',#428,#692,#695,.T.);
#697=ORIENTED_EDGE('',*,*,#696,.T.);
#698=DIRECTION('',(-0.38268,0.92388,0.));
#699=VECTOR('',#698,4.5922);
#700=LINE('',#669,#699);
#701=EDGE_CURVE('',#670,#692,#700,.T.);
#702=ORIENTED_EDGE('',*,*,#701,.F.);
#703=ORIENTED_EDGE('',*,*,#674,.F.);
#704=EDGE_LOOP('',(#690,#697,#702,#703));
#705=FACE_OUTER_BOUND('',#704,.T.);
#706=CARTESIAN_POINT('',(440.,179.,304.5));
#707=DIRECTION('',(0.92388,0.38268,0.));
#708=DIRECTION('',(-0.38268,0.92388,0.));
#709=AXIS2_PLACEMENT_3D('',#706,#707,#708);
#710=PLANE('',#709);
#711=ADVANCED_FACE('',(#705),#710,.T.);
#712=ORIENTED_EDGE('',*,*,#459,.T.);
#713=CARTESIAN_POINT('',(434.,185.,307.5));
#714=VERTEX_POINT('',#713);
#715=DIRECTION('',(0.,0.,1.));
#716=VECTOR('',#715,3.);
#717=LINE('',#449,#716);
#718=EDGE_CURVE('',#450,#714,#717,.T.);
#719=ORIENTED_EDGE('',*,*,#718,.T.);
#720=DIRECTION('',(-0.92388,0.38268,0.));
#721=VECTOR('',#720,4.5922);
#722=LINE('',#691,#721);
#723=EDGE_CURVE('',#692,#714,#722,.T.);
#724=ORIENTED_EDGE('',*,*,#723,.F.);
#725=ORIENTED_EDGE('',*,*,#696,.F.);
#726=EDGE_LOOP('',(#712,#719,#724,#725));
#727=FACE_OUTER_BOUND('',#726,.T.);
#728=CARTESIAN_POINT('',(438.24264,183.24264,304.5));
#729=DIRECTION('',(0.38268,0.92388,0.));
#730=DIRECTION('',(-0.92388,0.38268,0.));
#731=AXIS2_PLACEMENT_3D('',#728,#729,#730);
#732=PLANE('',#731);
#733=ADVANCED_FACE('',(#727),#732,.T.);
#734=ORIENTED_EDGE('',*,*,#481,.T.);
#735=CARTESIAN_POINT('',(406.,185.,307.5));
#736=VERTEX_POINT('',#735);
#737=DIRECTION('',(0.,0.,1.));
#738=VECTOR('',#737,3.);
#739=LINE('',#471,#738);
#740=EDGE_CURVE('',#472,#736,#739,.T.);
#741=ORIENTED_EDGE('',*,*,#740,.T.);
#742=DIRECTION('',(-1.,0.,0.));
#743=VECTOR('',#742,28.);
#744=LINE('',#713,#743);
#745=EDGE_CURVE('',#714,#736,#744,.T.);
#746=ORIENTED_EDGE('',*,*,#745,.F.);
#747=ORIENTED_EDGE('',*,*,#718,.F.);
#748=EDGE_LOOP('',(#734,#741,#746,#747));
#749=FACE_OUTER_BOUND('',#748,.T.);
#750=CARTESIAN_POINT('',(434.,185.,304.5));
#751=DIRECTION('',(0.,1.,0.));
#752=DIRECTION('',(-1.,0.,0.));
#753=AXIS2_PLACEMENT_3D('',#750,#751,#752);
#754=PLANE('',#753);
#755=ADVANCED_FACE('',(#749),#754,.T.);
#756=ORIENTED_EDGE('',*,*,#503,.T.);
#757=CARTESIAN_POINT('',(401.75736,183.24264,307.5));
#758=VERTEX_POINT('',#757);
#759=DIRECTION('',(0.,0.,1.));
#760=VECTOR('',#759,3.);
#761=LINE('',#493,#760);
#762=EDGE_CURVE('',#494,#758,#761,.T.);
#763=ORIENTED_EDGE('',*,*,#762,.T.);
#764=DIRECTION('',(-0.92388,-0.38268,0.));
#765=VECTOR('',#764,4.5922);
#766=LINE('',#735,#765);
#767=EDGE_CURVE('',#736,#758,#766,.T.);
#768=ORIENTED_EDGE('',*,*,#767,.F.);
#769=ORIENTED_EDGE('',*,*,#740,.F.);
#770=EDGE_LOOP('',(#756,#763,#768,#769));
#771=FACE_OUTER_BOUND('',#770,.T.);
#772=CARTESIAN_POINT('',(406.,185.,304.5));
#773=DIRECTION('',(-0.38268,0.92388,0.));
#774=DIRECTION('',(-0.92388,-0.38268,0.));
#775=AXIS2_PLACEMENT_3D('',#772,#773,#774);
#776=PLANE('',#775);
#777=ADVANCED_FACE('',(#771),#776,.T.);
#778=ORIENTED_EDGE('',*,*,#525,.T.);
#779=CARTESIAN_POINT('',(400.,179.,307.5));
#780=VERTEX_POINT('',#779);
#781=DIRECTION('',(0.,0.,1.));
#782=VECTOR('',#781,3.);
#783=LINE('',#515,#782);
#784=EDGE_CURVE('',#516,#780,#783,.T.);
#785=ORIENTED_EDGE('',*,*,#784,.T.);
#786=DIRECTION('',(-0.38268,-0.92388,0.));
#787=VECTOR('',#786,4.5922);
#788=LINE('',#757,#787);
#789=EDGE_CURVE('',#758,#780,#788,.T.);
#790=ORIENTED_EDGE('',*,*,#789,.F.);
#791=ORIENTED_EDGE('',*,*,#762,.F.);
#792=EDGE_LOOP('',(#778,#785,#790,#791));
#793=FACE_OUTER_BOUND('',#792,.T.);
#794=CARTESIAN_POINT('',(401.75736,183.24264,304.5));
#795=DIRECTION('',(-0.92388,0.38268,0.));
#796=DIRECTION('',(-0.38268,-0.92388,0.));
#797=AXIS2_PLACEMENT_3D('',#794,#795,#796);
#798=PLANE('',#797);
#799=ADVANCED_FACE('',(#793),#798,.T.);
#800=ORIENTED_EDGE('',*,*,#547,.T.);
#801=CARTESIAN_POINT('',(400.,151.,307.5));
#802=VERTEX_POINT('',#801);
#803=DIRECTION('',(0.,0.,1.));
#804=VECTOR('',#803,3.);
#805=LINE('',#537,#804);
#806=EDGE_CURVE('',#538,#802,#805,.T.);
#807=ORIENTED_EDGE('',*,*,#806,.T.);
#808=DIRECTION('',(0.,-1.,0.));
#809=VECTOR('',#808,28.);
#810=LINE('',#779,#809);
#811=EDGE_CURVE('',#780,#802,#810,.T.);
#812=ORIENTED_EDGE('',*,*,#811,.F.);
#813=ORIENTED_EDGE('',*,*,#784,.F.);
#814=EDGE_LOOP('',(#800,#807,#812,#813));
#815=FACE_OUTER_BOUND('',#814,.T.);
#816=CARTESIAN_POINT('',(400.,179.,304.5));
#817=DIRECTION('',(-1.,0.,0.));
#818=DIRECTION('',(0.,-1.,0.));
#819=AXIS2_PLACEMENT_3D('',#816,#817,#818);
#820=PLANE('',#819);
#821=ADVANCED_FACE('',(#815),#820,.T.);
#822=ORIENTED_EDGE('',*,*,#569,.T.);
#823=CARTESIAN_POINT('',(401.75736,146.75736,307.5));
#824=VERTEX_POINT('',#823);
#825=DIRECTION('',(0.,0.,1.));
#826=VECTOR('',#825,3.);
#827=LINE('',#559,#826);
#828=EDGE_CURVE('',#560,#824,#827,.T.);
#829=ORIENTED_EDGE('',*,*,#828,.T.);
#830=DIRECTION('',(0.38268,-0.92388,0.));
#831=VECTOR('',#830,4.5922);
#832=LINE('',#801,#831);
#833=EDGE_CURVE('',#802,#824,#832,.T.);
#834=ORIENTED_EDGE('',*,*,#833,.F.);
#835=ORIENTED_EDGE('',*,*,#806,.F.);
#836=EDGE_LOOP('',(#822,#829,#834,#835));
#837=FACE_OUTER_BOUND('',#836,.T.);
#838=CARTESIAN_POINT('',(400.,151.,304.5));
#839=DIRECTION('',(-0.92388,-0.38268,0.));
#840=DIRECTION('',(0.38268,-0.92388,0.));
#841=AXIS2_PLACEMENT_3D('',#838,#839,#840);
#842=PLANE('',#841);
#843=ADVANCED_FACE('',(#837),#842,.T.);
#844=ORIENTED_EDGE('',*,*,#591,.T.);
#845=CARTESIAN_POINT('',(406.,145.,307.5));
#846=VERTEX_POINT('',#845);
#847=DIRECTION('',(0.,0.,1.));
#848=VECTOR('',#847,3.);
#849=LINE('',#581,#848);
#850=EDGE_CURVE('',#582,#846,#849,.T.);
#851=ORIENTED_EDGE('',*,*,#850,.T.);
#852=DIRECTION('',(0.92388,-0.38268,0.));
#853=VECTOR('',#852,4.5922);
#854=LINE('',#823,#853);
#855=EDGE_CURVE('',#824,#846,#854,.T.);
#856=ORIENTED_EDGE('',*,*,#855,.F.);
#857=ORIENTED_EDGE('',*,*,#828,.F.);
#858=EDGE_LOOP('',(#844,#851,#856,#857));
#859=FACE_OUTER_BOUND('',#858,.T.);
#860=CARTESIAN_POINT('',(401.75736,146.75736,304.5));
#861=DIRECTION('',(-0.38268,-0.92388,0.));
#862=DIRECTION('',(0.92388,-0.38268,0.));
#863=AXIS2_PLACEMENT_3D('',#860,#861,#862);
#864=PLANE('',#863);
#865=ADVANCED_FACE('',(#859),#864,.T.);
#866=ORIENTED_EDGE('',*,*,#607,.F.);
#867=ORIENTED_EDGE('',*,*,#636,.T.);
#868=DIRECTION('',(-1.,0.,0.));
#869=VECTOR('',#868,28.);
#870=LINE('',#626,#869);
#871=EDGE_CURVE('',#627,#846,#870,.T.);
#872=ORIENTED_EDGE('',*,*,#871,.T.);
#873=ORIENTED_EDGE('',*,*,#850,.F.);
#874=EDGE_LOOP('',(#866,#867,#872,#873));
#875=FACE_OUTER_BOUND('',#874,.T.);
#876=CARTESIAN_POINT('',(406.,145.,304.5));
#877=DIRECTION('',(0.,-1.,0.));
#878=DIRECTION('',(1.,0.,0.));
#879=AXIS2_PLACEMENT_3D('',#876,#877,#878);
#880=PLANE('',#879);
#881=ADVANCED_FACE('',(#875),#880,.T.);
#882=ORIENTED_EDGE('',*,*,#631,.T.);
#883=CARTESIAN_POINT('',(437.93198,147.06802,308.56066));
#884=VERTEX_POINT('',#883);
#885=DIRECTION('',(-0.2706,0.2706,0.92388));
#886=VECTOR('',#885,1.14805);
#887=LINE('',#619,#886);
#888=EDGE_CURVE('',#620,#884,#887,.T.);
#889=ORIENTED_EDGE('',*,*,#888,.T.);
#890=CARTESIAN_POINT('',(434.,145.43934,308.56066));
#891=VERTEX_POINT('',#890);
#892=DIRECTION('',(0.92388,0.38268,0.));
#893=VECTOR('',#892,4.25595);
#894=LINE('',#890,#893);
#895=EDGE_CURVE('',#891,#884,#894,.T.);
#896=ORIENTED_EDGE('',*,*,#895,.F.);
#897=DIRECTION('',(0.,0.38268,0.92388));
#898=VECTOR('',#897,1.14805);
#899=LINE('',#626,#898);
#900=EDGE_CURVE('',#627,#891,#899,.T.);
#901=ORIENTED_EDGE('',*,*,#900,.F.);
#902=EDGE_LOOP('',(#882,#889,#896,#901));
#903=FACE_OUTER_BOUND('',#902,.T.);
#904=CARTESIAN_POINT('',(434.,145.,307.5));
#905=DIRECTION('',(0.35741,-0.86286,0.35741));
#906=DIRECTION('',(0.92388,0.38268,0.));
#907=AXIS2_PLACEMENT_3D('',#904,#905,#906);
#908=PLANE('',#907);
#909=ADVANCED_FACE('',(#903),#908,.T.);
#910=ORIENTED_EDGE('',*,*,#657,.T.);
#911=CARTESIAN_POINT('',(439.56066,151.,308.56066));
#912=VERTEX_POINT('',#911);
#913=DIRECTION('',(-0.38268,0.,0.92388));
#914=VECTOR('',#913,1.14805);
#915=LINE('',#647,#914);
#916=EDGE_CURVE('',#648,#912,#915,.T.);
#917=ORIENTED_EDGE('',*,*,#916,.T.);
#918=DIRECTION('',(0.38268,0.92388,0.));
#919=VECTOR('',#918,4.25595);
#920=LINE('',#883,#919);
#921=EDGE_CURVE('',#884,#912,#920,.T.);
#922=ORIENTED_EDGE('',*,*,#921,.F.);
#923=ORIENTED_EDGE('',*,*,#888,.F.);
#924=EDGE_LOOP('',(#910,#917,#922,#923));
#925=FACE_OUTER_BOUND('',#924,.T.);
#926=CARTESIAN_POINT('',(438.24264,146.75736,307.5));
#927=DIRECTION('',(0.86286,-0.35741,0.35741));
#928=DIRECTION('',(0.38268,0.92388,0.));
#929=AXIS2_PLACEMENT_3D('',#926,#927,#928);
#930=PLANE('',#929);
#931=ADVANCED_FACE('',(#925),#930,.T.);
#932=ORIENTED_EDGE('',*,*,#679,.T.);
#933=CARTESIAN_POINT('',(439.56066,179.,308.56066));
#934=VERTEX_POINT('',#933);
#935=DIRECTION('',(-0.38268,0.,0.92388));
#936=VECTOR('',#935,1.14805);
#937=LINE('',#669,#936);
#938=EDGE_CURVE('',#670,#934,#937,.T.);
#939=ORIENTED_EDGE('',*,*,#938,.T.);
#940=DIRECTION('',(0.,1.,0.));
#941=VECTOR('',#940,28.);
#942=LINE('',#911,#941);
#943=EDGE_CURVE('',#912,#934,#942,.T.);
#944=ORIENTED_EDGE('',*,*,#943,.F.);
#945=ORIENTED_EDGE('',*,*,#916,.F.);
#946=EDGE_LOOP('',(#932,#939,#944,#945));
#947=FACE_OUTER_BOUND('',#946,.T.);
#948=CARTESIAN_POINT('',(440.,151.,307.5));
#949=DIRECTION('',(0.92388,0.,0.38268));
#950=DIRECTION('',(0.,1.,0.));
#951=AXIS2_PLACEMENT_3D('',#948,#949,#950);
#952=PLANE('',#951);
#953=ADVANCED_FACE('',(#947),#952,.T.);
#954=ORIENTED_EDGE('',*,*,#701,.T.);
#955=CARTESIAN_POINT('',(437.93198,182.93198,308.56066));
#956=VERTEX_POINT('',#955);
#957=DIRECTION('',(-0.2706,-0.2706,0.92388));
#958=VECTOR('',#957,1.14805);
#959=LINE('',#691,#958);
#960=EDGE_CURVE('',#692,#956,#959,.T.);
#961=ORIENTED_EDGE('',*,*,#960,.T.);
#962=DIRECTION('',(-0.38268,0.92388,0.));
#963=VECTOR('',#962,4.25595);
#964=LINE('',#933,#963);
#965=EDGE_CURVE('',#934,#956,#964,.T.);
#966=ORIENTED_EDGE('',*,*,#965,.F.);
#967=ORIENTED_EDGE('',*,*,#938,.F.);
#968=EDGE_LOOP('',(#954,#961,#966,#967));
#969=FACE_OUTER_BOUND('',#968,.T.);
#970=CARTESIAN_POINT('',(440.,179.,307.5));
#971=DIRECTION('',(0.86286,0.35741,0.35741));
#972=DIRECTION('',(-0.38268,0.92388,0.));
#973=AXIS2_PLACEMENT_3D('',#970,#971,#972);
#974=PLANE('',#973);
#975=ADVANCED_FACE('',(#969),#974,.T.);
#976=ORIENTED_EDGE('',*,*,#723,.T.);
#977=CARTESIAN_POINT('',(434.,184.56066,308.56066));
#978=VERTEX_POINT('',#977);
#979=DIRECTION('',(0.,-0.38268,0.92388));
#980=VECTOR('',#979,1.14805);
#981=LINE('',#713,#980);
#982=EDGE_CURVE('',#714,#978,#981,.T.);
#983=ORIENTED_EDGE('',*,*,#982,.T.);
#984=DIRECTION('',(-0.92388,0.38268,0.));
#985=VECTOR('',#984,4.25595);
#986=LINE('',#955,#985);
#987=EDGE_CURVE('',#956,#978,#986,.T.);
#988=ORIENTED_EDGE('',*,*,#987,.F.);
#989=ORIENTED_EDGE('',*,*,#960,.F.);
#990=EDGE_LOOP('',(#976,#983,#988,#989));
#991=FACE_OUTER_BOUND('',#990,.T.);
#992=CARTESIAN_POINT('',(438.24264,183.24264,307.5));
#993=DIRECTION('',(0.35741,0.86286,0.35741));
#994=DIRECTION('',(-0.92388,0.38268,0.));
#995=AXIS2_PLACEMENT_3D('',#992,#993,#994);
#996=PLANE('',#995);
#997=ADVANCED_FACE('',(#991),#996,.T.);
#998=ORIENTED_EDGE('',*,*,#745,.T.);
#999=CARTESIAN_POINT('',(406.,184.56066,308.56066));
#1000=VERTEX_POINT('',#999);
#1001=DIRECTION('',(0.,-0.38268,0.92388));
#1002=VECTOR('',#1001,1.14805);
#1003=LINE('',#735,#1002);
#1004=EDGE_CURVE('',#736,#1000,#1003,.T.);
#1005=ORIENTED_EDGE('',*,*,#1004,.T.);
#1006=DIRECTION('',(-1.,0.,0.));
#1007=VECTOR('',#1006,28.);
#1008=LINE('',#977,#1007);
#1009=EDGE_CURVE('',#978,#1000,#1008,.T.);
#1010=ORIENTED_EDGE('',*,*,#1009,.F.);
#1011=ORIENTED_EDGE('',*,*,#982,.F.);
#1012=EDGE_LOOP('',(#998,#1005,#1010,#1011));
#1013=FACE_OUTER_BOUND('',#1012,.T.);
#1014=CARTESIAN_POINT('',(434.,185.,307.5));
#1015=DIRECTION('',(0.,0.92388,0.38268));
#1016=DIRECTION('',(-1.,0.,0.));
#1017=AXIS2_PLACEMENT_3D('',#1014,#1015,#1016);
#1018=PLANE('',#1017);
#1019=ADVANCED_FACE('',(#1013),#1018,.T.);
#1020=ORIENTED_EDGE('',*,*,#767,.T.);
#1021=CARTESIAN_POINT('',(402.06802,182.93198,308.56066));
#1022=VERTEX_POINT('',#1021);
#1023=DIRECTION('',(0.2706,-0.2706,0.92388));
#1024=VECTOR('',#1023,1.14805);
#1025=LINE('',#757,#1024);
#1026=EDGE_CURVE('',#758,#1022,#1025,.T.);
#1027=ORIENTED_EDGE('',*,*,#1026,.T.);
#1028=DIRECTION('',(-0.92388,-0.38268,0.));
#1029=VECTOR('',#1028,4.25595);
#1030=LINE('',#999,#1029);
#1031=EDGE_CURVE('',#1000,#1022,#1030,.T.);
#1032=ORIENTED_EDGE('',*,*,#1031,.F.);
#1033=ORIENTED_EDGE('',*,*,#1004,.F.);
#1034=EDGE_LOOP('',(#1020,#1027,#1032,#1033));
#1035=FACE_OUTER_BOUND('',#1034,.T.);
#1036=CARTESIAN_POINT('',(406.,185.,307.5));
#1037=DIRECTION('',(-0.35741,0.86286,0.35741));
#1038=DIRECTION('',(-0.92388,-0.38268,0.));
#1039=AXIS2_PLACEMENT_3D('',#1036,#1037,#1038);
#1040=PLANE('',#1039);
#1041=ADVANCED_FACE('',(#1035),#1040,.T.);
#1042=ORIENTED_EDGE('',*,*,#789,.T.);
#1043=CARTESIAN_POINT('',(400.43934,179.,308.56066));
#1044=VERTEX_POINT('',#1043);
#1045=DIRECTION('',(0.38268,0.,0.92388));
#1046=VECTOR('',#1045,1.14805);
#1047=LINE('',#779,#1046);
#1048=EDGE_CURVE('',#780,#1044,#1047,.T.);
#1049=ORIENTED_EDGE('',*,*,#1048,.T.);
#1050=DIRECTION('',(-0.38268,-0.92388,0.));
#1051=VECTOR('',#1050,4.25595);
#1052=LINE('',#1021,#1051);
#1053=EDGE_CURVE('',#1022,#1044,#1052,.T.);
#1054=ORIENTED_EDGE('',*,*,#1053,.F.);
#1055=ORIENTED_EDGE('',*,*,#1026,.F.);
#1056=EDGE_LOOP('',(#1042,#1049,#1054,#1055));
#1057=FACE_OUTER_BOUND('',#1056,.T.);
#1058=CARTESIAN_POINT('',(401.75736,183.24264,307.5));
#1059=DIRECTION('',(-0.86286,0.35741,0.35741));
#1060=DIRECTION('',(-0.38268,-0.92388,0.));
#1061=AXIS2_PLACEMENT_3D('',#1058,#1059,#1060);
#1062=PLANE('',#1061);
#1063=ADVANCED_FACE('',(#1057),#1062,.T.);
#1064=ORIENTED_EDGE('',*,*,#811,.T.);
#1065=CARTESIAN_POINT('',(400.43934,151.,308.56066));
#1066=VERTEX_POINT('',#1065);
#1067=DIRECTION('',(0.38268,0.,0.92388));
#1068=VECTOR('',#1067,1.14805);
#1069=LINE('',#801,#1068);
#1070=EDGE_CURVE('',#802,#1066,#1069,.T.);
#1071=ORIENTED_EDGE('',*,*,#1070,.T.);
#1072=DIRECTION('',(0.,-1.,0.));
#1073=VECTOR('',#1072,28.);
#1074=LINE('',#1043,#1073);
#1075=EDGE_CURVE('',#1044,#1066,#1074,.T.);
#1076=ORIENTED_EDGE('',*,*,#1075,.F.);
#1077=ORIENTED_EDGE('',*,*,#1048,.F.);
#1078=EDGE_LOOP('',(#1064,#1071,#1076,#1077));
#1079=FACE_OUTER_BOUND('',#1078,.T.);
#1080=CARTESIAN_POINT('',(400.,179.,307.5));
#1081=DIRECTION('',(-0.92388,0.,0.38268));
#1082=DIRECTION('',(0.,-1.,0.));
#1083=AXIS2_PLACEMENT_3D('',#1080,#1081,#1082);
#1084=PLANE('',#1083);
#1085=ADVANCED_FACE('',(#1079),#1084,.T.);
#1086=ORIENTED_EDGE('',*,*,#833,.T.);
#1087=CARTESIAN_POINT('',(402.06802,147.06802,308.56066));
#1088=VERTEX_POINT('',#1087);
#1089=DIRECTION('',(0.2706,0.2706,0.92388));
#1090=VECTOR('',#1089,1.14805);
#1091=LINE('',#823,#1090);
#1092=EDGE_CURVE('',#824,#1088,#1091,.T.);
#1093=ORIENTED_EDGE('',*,*,#1092,.T.);
#1094=DIRECTION('',(0.38268,-0.92388,0.));
#1095=VECTOR('',#1094,4.25595);
#1096=LINE('',#1065,#1095);
#1097=EDGE_CURVE('',#1066,#1088,#1096,.T.);
#1098=ORIENTED_EDGE('',*,*,#1097,.F.);
#1099=ORIENTED_EDGE('',*,*,#1070,.F.);
#1100=EDGE_LOOP('',(#1086,#1093,#1098,#1099));
#1101=FACE_OUTER_BOUND('',#1100,.T.);
#1102=CARTESIAN_POINT('',(400.,151.,307.5));
#1103=DIRECTION('',(-0.86286,-0.35741,0.35741));
#1104=DIRECTION('',(0.38268,-0.92388,0.));
#1105=AXIS2_PLACEMENT_3D('',#1102,#1103,#1104);
#1106=PLANE('',#1105);
#1107=ADVANCED_FACE('',(#1101),#1106,.T.);
#1108=ORIENTED_EDGE('',*,*,#855,.T.);
#1109=CARTESIAN_POINT('',(406.,145.43934,308.56066));
#1110=VERTEX_POINT('',#1109);
#1111=DIRECTION('',(0.,0.38268,0.92388));
#1112=VECTOR('',#1111,1.14805);
#1113=LINE('',#845,#1112);
#1114=EDGE_CURVE('',#846,#1110,#1113,.T.);
#1115=ORIENTED_EDGE('',*,*,#1114,.T.);
#1116=DIRECTION('',(0.92388,-0.38268,0.));
#1117=VECTOR('',#1116,4.25595);
#1118=LINE('',#1087,#1117);
#1119=EDGE_CURVE('',#1088,#1110,#1118,.T.);
#1120=ORIENTED_EDGE('',*,*,#1119,.F.);
#1121=ORIENTED_EDGE('',*,*,#1092,.F.);
#1122=EDGE_LOOP('',(#1108,#1115,#1120,#1121));
#1123=FACE_OUTER_BOUND('',#1122,.T.);
#1124=CARTESIAN_POINT('',(401.75736,146.75736,307.5));
#1125=DIRECTION('',(-0.35741,-0.86286,0.35741));
#1126=DIRECTION('',(0.92388,-0.38268,0.));
#1127=AXIS2_PLACEMENT_3D('',#1124,#1125,#1126);
#1128=PLANE('',#1127);
#1129=ADVANCED_FACE('',(#1123),#1128,.T.);
#1130=ORIENTED_EDGE('',*,*,#871,.F.);
#1131=ORIENTED_EDGE('',*,*,#900,.T.);
#1132=DIRECTION('',(-1.,0.,0.));
#1133=VECTOR('',#1132,28.);
#1134=LINE('',#890,#1133);
#1135=EDGE_CURVE('',#891,#1110,#1134,.T.);
#1136=ORIENTED_EDGE('',*,*,#1135,.T.);
#1137=ORIENTED_EDGE('',*,*,#1114,.F.);
#1138=EDGE_LOOP('',(#1130,#1131,#1136,#1137));
#1139=FACE_OUTER_BOUND('',#1138,.T.);
#1140=CARTESIAN_POINT('',(406.,145.,307.5));
#1141=DIRECTION('',(0.,-0.92388,0.38268));
#1142=DIRECTION('',(1.,0.,0.));
#1143=AXIS2_PLACEMENT_3D('',#1140,#1141,#1142);
#1144=PLANE('',#1143);
#1145=ADVANCED_FACE('',(#1139),#1144,.T.);
#1146=ORIENTED_EDGE('',*,*,#895,.T.);
#1147=CARTESIAN_POINT('',(437.18198,147.81802,309.));
#1148=VERTEX_POINT('',#1147);
#1149=DIRECTION('',(-0.65328,0.65328,0.38268));
#1150=VECTOR('',#1149,1.14805);
#1151=LINE('',#883,#1150);
#1152=EDGE_CURVE('',#884,#1148,#1151,.T.);
#1153=ORIENTED_EDGE('',*,*,#1152,.T.);
#1154=CARTESIAN_POINT('',(434.,146.5,309.));
#1155=VERTEX_POINT('',#1154);
#1156=DIRECTION('',(0.92388,0.38268,0.));
#1157=VECTOR('',#1156,3.44415);
#1158=LINE('',#1154,#1157);
#1159=EDGE_CURVE('',#1155,#1148,#1158,.T.);
#1160=ORIENTED_EDGE('',*,*,#1159,.F.);
#1161=DIRECTION('',(0.,0.92388,0.38268));
#1162=VECTOR('',#1161,1.14805);
#1163=LINE('',#890,#1162);
#1164=EDGE_CURVE('',#891,#1155,#1163,.T.);
#1165=ORIENTED_EDGE('',*,*,#1164,.F.);
#1166=EDGE_LOOP('',(#1146,#1153,#1160,#1165));
#1167=FACE_OUTER_BOUND('',#1166,.T.);
#1168=CARTESIAN_POINT('',(434.,145.43934,308.56066));
#1169=DIRECTION('',(0.15656,-0.37796,0.91249));
#1170=DIRECTION('',(0.92388,0.38268,0.));
#1171=AXIS2_PLACEMENT_3D('',#1168,#1169,#1170);
#1172=PLANE('',#1171);
#1173=ADVANCED_FACE('',(#1167),#1172,.T.);
#1174=ORIENTED_EDGE('',*,*,#921,.T.);
#1175=CARTESIAN_POINT('',(438.5,151.,309.));
#1176=VERTEX_POINT('',#1175);
#1177=DIRECTION('',(-0.92388,0.,0.38268));
#1178=VECTOR('',#1177,1.14805);
#1179=LINE('',#911,#1178);
#1180=EDGE_CURVE('',#912,#1176,#1179,.T.);
#1181=ORIENTED_EDGE('',*,*,#1180,.T.);
#1182=DIRECTION('',(0.38268,0.92388,0.));
#1183=VECTOR('',#1182,3.44415);
#1184=LINE('',#1147,#1183);
#1185=EDGE_CURVE('',#1148,#1176,#1184,.T.);
#1186=ORIENTED_EDGE('',*,*,#1185,.F.);
#1187=ORIENTED_EDGE('',*,*,#1152,.F.);
#1188=EDGE_LOOP('',(#1174,#1181,#1186,#1187));
#1189=FACE_OUTER_BOUND('',#1188,.T.);
#1190=CARTESIAN_POINT('',(437.93198,147.06802,308.56066));
#1191=DIRECTION('',(0.37796,-0.15656,0.91249));
#1192=DIRECTION('',(0.38268,0.92388,0.));
#1193=AXIS2_PLACEMENT_3D('',#1190,#1191,#1192);
#1194=PLANE('',#1193);
#1195=ADVANCED_FACE('',(#1189),#1194,.T.);
#1196=ORIENTED_EDGE('',*,*,#943,.T.);
#1197=CARTESIAN_POINT('',(438.5,179.,309.));
#1198=VERTEX_POINT('',#1197);
#1199=DIRECTION('',(-0.92388,0.,0.38268));
#1200=VECTOR('',#1199,1.14805);
#1201=LINE('',#933,#1200);
#1202=EDGE_CURVE('',#934,#1198,#1201,.T.);
#1203=ORIENTED_EDGE('',*,*,#1202,.T.);
#1204=DIRECTION('',(0.,1.,0.));
#1205=VECTOR('',#1204,28.);
#1206=LINE('',#1175,#1205);
#1207=EDGE_CURVE('',#1176,#1198,#1206,.T.);
#1208=ORIENTED_EDGE('',*,*,#1207,.F.);
#1209=ORIENTED_EDGE('',*,*,#1180,.F.);
#1210=EDGE_LOOP('',(#1196,#1203,#1208,#1209));
#1211=FACE_OUTER_BOUND('',#1210,.T.);
#1212=CARTESIAN_POINT('',(439.56066,151.,308.56066));
#1213=DIRECTION('',(0.38268,0.,0.92388));
#1214=DIRECTION('',(0.,1.,0.));
#1215=AXIS2_PLACEMENT_3D('',#1212,#1213,#1214);
#1216=PLANE('',#1215);
#1217=ADVANCED_FACE('',(#1211),#1216,.T.);
#1218=ORIENTED_EDGE('',*,*,#965,.T.);
#1219=CARTESIAN_POINT('',(437.18198,182.18198,309.));
#1220=VERTEX_POINT('',#1219);
#1221=DIRECTION('',(-0.65328,-0.65328,0.38268));
#1222=VECTOR('',#1221,1.14805);
#1223=LINE('',#955,#1222);
#1224=EDGE_CURVE('',#956,#1220,#1223,.T.);
#1225=ORIENTED_EDGE('',*,*,#1224,.T.);
#1226=DIRECTION('',(-0.38268,0.92388,0.));
#1227=VECTOR('',#1226,3.44415);
#1228=LINE('',#1197,#1227);
#1229=EDGE_CURVE('',#1198,#1220,#1228,.T.);
#1230=ORIENTED_EDGE('',*,*,#1229,.F.);
#1231=ORIENTED_EDGE('',*,*,#1202,.F.);
#1232=EDGE_LOOP('',(#1218,#1225,#1230,#1231));
#1233=FACE_OUTER_BOUND('',#1232,.T.);
#1234=CARTESIAN_POINT('',(439.56066,179.,308.56066));
#1235=DIRECTION('',(0.37796,0.15656,0.91249));
#1236=DIRECTION('',(-0.38268,0.92388,0.));
#1237=AXIS2_PLACEMENT_3D('',#1234,#1235,#1236);
#1238=PLANE('',#1237);
#1239=ADVANCED_FACE('',(#1233),#1238,.T.);
#1240=ORIENTED_EDGE('',*,*,#987,.T.);
#1241=CARTESIAN_POINT('',(434.,183.5,309.));
#1242=VERTEX_POINT('',#1241);
#1243=DIRECTION('',(0.,-0.92388,0.38268));
#1244=VECTOR('',#1243,1.14805);
#1245=LINE('',#977,#1244);
#1246=EDGE_CURVE('',#978,#1242,#1245,.T.);
#1247=ORIENTED_EDGE('',*,*,#1246,.T.);
#1248=DIRECTION('',(-0.92388,0.38268,0.));
#1249=VECTOR('',#1248,3.44415);
#1250=LINE('',#1219,#1249);
#1251=EDGE_CURVE('',#1220,#1242,#1250,.T.);
#1252=ORIENTED_EDGE('',*,*,#1251,.F.);
#1253=ORIENTED_EDGE('',*,*,#1224,.F.);
#1254=EDGE_LOOP('',(#1240,#1247,#1252,#1253));
#1255=FACE_OUTER_BOUND('',#1254,.T.);
#1256=CARTESIAN_POINT('',(437.93198,182.93198,308.56066));
#1257=DIRECTION('',(0.15656,0.37796,0.91249));
#1258=DIRECTION('',(-0.92388,0.38268,0.));
#1259=AXIS2_PLACEMENT_3D('',#1256,#1257,#1258);
#1260=PLANE('',#1259);
#1261=ADVANCED_FACE('',(#1255),#1260,.T.);
#1262=ORIENTED_EDGE('',*,*,#1009,.T.);
#1263=CARTESIAN_POINT('',(406.,183.5,309.));
#1264=VERTEX_POINT('',#1263);
#1265=DIRECTION('',(0.,-0.92388,0.38268));
#1266=VECTOR('',#1265,1.14805);
#1267=LINE('',#999,#1266);
#1268=EDGE_CURVE('',#1000,#1264,#1267,.T.);
#1269=ORIENTED_EDGE('',*,*,#1268,.T.);
#1270=DIRECTION('',(-1.,0.,0.));
#1271=VECTOR('',#1270,28.);
#1272=LINE('',#1241,#1271);
#1273=EDGE_CURVE('',#1242,#1264,#1272,.T.);
#1274=ORIENTED_EDGE('',*,*,#1273,.F.);
#1275=ORIENTED_EDGE('',*,*,#1246,.F.);
#1276=EDGE_LOOP('',(#1262,#1269,#1274,#1275));
#1277=FACE_OUTER_BOUND('',#1276,.T.);
#1278=CARTESIAN_POINT('',(434.,184.56066,308.56066));
#1279=DIRECTION('',(0.,0.38268,0.92388));
#1280=DIRECTION('',(-1.,0.,0.));
#1281=AXIS2_PLACEMENT_3D('',#1278,#1279,#1280);
#1282=PLANE('',#1281);
#1283=ADVANCED_FACE('',(#1277),#1282,.T.);
#1284=ORIENTED_EDGE('',*,*,#1031,.T.);
#1285=CARTESIAN_POINT('',(402.81802,182.18198,309.));
#1286=VERTEX_POINT('',#1285);
#1287=DIRECTION('',(0.65328,-0.65328,0.38268));
#1288=VECTOR('',#1287,1.14805);
#1289=LINE('',#1021,#1288);
#1290=EDGE_CURVE('',#1022,#1286,#1289,.T.);
#1291=ORIENTED_EDGE('',*,*,#1290,.T.);
#1292=DIRECTION('',(-0.92388,-0.38268,0.));
#1293=VECTOR('',#1292,3.44415);
#1294=LINE('',#1263,#1293);
#1295=EDGE_CURVE('',#1264,#1286,#1294,.T.);
#1296=ORIENTED_EDGE('',*,*,#1295,.F.);
#1297=ORIENTED_EDGE('',*,*,#1268,.F.);
#1298=EDGE_LOOP('',(#1284,#1291,#1296,#1297));
#1299=FACE_OUTER_BOUND('',#1298,.T.);
#1300=CARTESIAN_POINT('',(406.,184.56066,308.56066));
#1301=DIRECTION('',(-0.15656,0.37796,0.91249));
#1302=DIRECTION('',(-0.92388,-0.38268,0.));
#1303=AXIS2_PLACEMENT_3D('',#1300,#1301,#1302);
#1304=PLANE('',#1303);
#1305=ADVANCED_FACE('',(#1299),#1304,.T.);
#1306=ORIENTED_EDGE('',*,*,#1053,.T.);
#1307=CARTESIAN_POINT('',(401.5,179.,309.));
#1308=VERTEX_POINT('',#1307);
#1309=DIRECTION('',(0.92388,0.,0.38268));
#1310=VECTOR('',#1309,1.14805);
#1311=LINE('',#1043,#1310);
#1312=EDGE_CURVE('',#1044,#1308,#1311,.T.);
#1313=ORIENTED_EDGE('',*,*,#1312,.T.);
#1314=DIRECTION('',(-0.38268,-0.92388,0.));
#1315=VECTOR('',#1314,3.44415);
#1316=LINE('',#1285,#1315);
#1317=EDGE_CURVE('',#1286,#1308,#1316,.T.);
#1318=ORIENTED_EDGE('',*,*,#1317,.F.);
#1319=ORIENTED_EDGE('',*,*,#1290,.F.);
#1320=EDGE_LOOP('',(#1306,#1313,#1318,#1319));
#1321=FACE_OUTER_BOUND('',#1320,.T.);
#1322=CARTESIAN_POINT('',(402.06802,182.93198,308.56066));
#1323=DIRECTION('',(-0.37796,0.15656,0.91249));
#1324=DIRECTION('',(-0.38268,-0.92388,0.));
#1325=AXIS2_PLACEMENT_3D('',#1322,#1323,#1324);
#1326=PLANE('',#1325);
#1327=ADVANCED_FACE('',(#1321),#1326,.T.);
#1328=ORIENTED_EDGE('',*,*,#1075,.T.);
#1329=CARTESIAN_POINT('',(401.5,151.,309.));
#1330=VERTEX_POINT('',#1329);
#1331=DIRECTION('',(0.92388,0.,0.38268));
#1332=VECTOR('',#1331,1.14805);
#1333=LINE('',#1065,#1332);
#1334=EDGE_CURVE('',#1066,#1330,#1333,.T.);
#1335=ORIENTED_EDGE('',*,*,#1334,.T.);
#1336=DIRECTION('',(0.,-1.,0.));
#1337=VECTOR('',#1336,28.);
#1338=LINE('',#1307,#1337);
#1339=EDGE_CURVE('',#1308,#1330,#1338,.T.);
#1340=ORIENTED_EDGE('',*,*,#1339,.F.);
#1341=ORIENTED_EDGE('',*,*,#1312,.F.);
#1342=EDGE_LOOP('',(#1328,#1335,#1340,#1341));
#1343=FACE_OUTER_BOUND('',#1342,.T.);
#1344=CARTESIAN_POINT('',(400.43934,179.,308.56066));
#1345=DIRECTION('',(-0.38268,0.,0.92388));
#1346=DIRECTION('',(0.,-1.,0.));
#1347=AXIS2_PLACEMENT_3D('',#1344,#1345,#1346);
#1348=PLANE('',#1347);
#1349=ADVANCED_FACE('',(#1343),#1348,.T.);
#1350=ORIENTED_EDGE('',*,*,#1097,.T.);
#1351=CARTESIAN_POINT('',(402.81802,147.81802,309.));
#1352=VERTEX_POINT('',#1351);
#1353=DIRECTION('',(0.65328,0.65328,0.38268));
#1354=VECTOR('',#1353,1.14805);
#1355=LINE('',#1087,#1354);
#1356=EDGE_CURVE('',#1088,#1352,#1355,.T.);
#1357=ORIENTED_EDGE('',*,*,#1356,.T.);
#1358=DIRECTION('',(0.38268,-0.92388,0.));
#1359=VECTOR('',#1358,3.44415);
#1360=LINE('',#1329,#1359);
#1361=EDGE_CURVE('',#1330,#1352,#1360,.T.);
#1362=ORIENTED_EDGE('',*,*,#1361,.F.);
#1363=ORIENTED_EDGE('',*,*,#1334,.F.);
#1364=EDGE_LOOP('',(#1350,#1357,#1362,#1363));
#1365=FACE_OUTER_BOUND('',#1364,.T.);
#1366=CARTESIAN_POINT('',(400.43934,151.,308.56066));
#1367=DIRECTION('',(-0.37796,-0.15656,0.91249));
#1368=DIRECTION('',(0.38268,-0.92388,0.));
#1369=AXIS2_PLACEMENT_3D('',#1366,#1367,#1368);
#1370=PLANE('',#1369);
#1371=ADVANCED_FACE('',(#1365),#1370,.T.);
#1372=ORIENTED_EDGE('',*,*,#1119,.T.);
#1373=CARTESIAN_POINT('',(406.,146.5,309.));
#1374=VERTEX_POINT('',#1373);
#1375=DIRECTION('',(0.,0.92388,0.38268));
#1376=VECTOR('',#1375,1.14805);
#1377=LINE('',#1109,#1376);
#1378=EDGE_CURVE('',#1110,#1374,#1377,.T.);
#1379=ORIENTED_EDGE('',*,*,#1378,.T.);
#1380=DIRECTION('',(0.92388,-0.38268,0.));
#1381=VECTOR('',#1380,3.44415);
#1382=LINE('',#1351,#1381);
#1383=EDGE_CURVE('',#1352,#1374,#1382,.T.);
#1384=ORIENTED_EDGE('',*,*,#1383,.F.);
#1385=ORIENTED_EDGE('',*,*,#1356,.F.);
#1386=EDGE_LOOP('',(#1372,#1379,#1384,#1385));
#1387=FACE_OUTER_BOUND('',#1386,.T.);
#1388=CARTESIAN_POINT('',(402.06802,147.06802,308.56066));
#1389=DIRECTION('',(-0.15656,-0.37796,0.91249));
#1390=DIRECTION('',(0.92388,-0.38268,0.));
#1391=AXIS2_PLACEMENT_3D('',#1388,#1389,#1390);
#1392=PLANE('',#1391);
#1393=ADVANCED_FACE('',(#1387),#1392,.T.);
#1394=ORIENTED_EDGE('',*,*,#1135,.F.);
#1395=ORIENTED_EDGE('',*,*,#1164,.T.);
#1396=DIRECTION('',(-1.,0.,0.));
#1397=VECTOR('',#1396,28.);
#1398=LINE('',#1154,#1397);
#1399=EDGE_CURVE('',#1155,#1374,#1398,.T.);
#1400=ORIENTED_EDGE('',*,*,#1399,.T.);
#1401=ORIENTED_EDGE('',*,*,#1378,.F.);
#1402=EDGE_LOOP('',(#1394,#1395,#1400,#1401));
#1403=FACE_OUTER_BOUND('',#1402,.T.);
#1404=CARTESIAN_POINT('',(406.,145.43934,308.56066));
#1405=DIRECTION('',(0.,-0.38268,0.92388));
#1406=DIRECTION('',(1.,0.,0.));
#1407=AXIS2_PLACEMENT_3D('',#1404,#1405,#1406);
#1408=PLANE('',#1407);
#1409=ADVANCED_FACE('',(#1403),#1408,.T.);
#1410=ORIENTED_EDGE('',*,*,#311,.F.);
#1411=ORIENTED_EDGE('',*,*,#283,.F.);
#1412=ORIENTED_EDGE('',*,*,#255,.F.);
#1413=ORIENTED_EDGE('',*,*,#227,.F.);
#1414=ORIENTED_EDGE('',*,*,#199,.F.);
#1415=ORIENTED_EDGE('',*,*,#171,.F.);
#1416=ORIENTED_EDGE('',*,*,#143,.F.);
#1417=ORIENTED_EDGE('',*,*,#115,.F.);
#1418=ORIENTED_EDGE('',*,*,#87,.F.);
#1419=ORIENTED_EDGE('',*,*,#59,.F.);
#1420=ORIENTED_EDGE('',*,*,#25,.F.);
#1421=ORIENTED_EDGE('',*,*,#337,.T.);
#1422=EDGE_LOOP('',(#1410,#1411,#1412,#1413,#1414,#1415,#1416,#1417,#1418,#1419,#1420,#1421));
#1423=FACE_OUTER_BOUND('',#1422,.T.);
#1424=CARTESIAN_POINT('',(406.,146.5,303.));
#1425=DIRECTION('',(0.,0.,-1.));
#1426=DIRECTION('',(-0.92388,0.38268,0.));
#1427=AXIS2_PLACEMENT_3D('',#1424,#1425,#1426);
#1428=PLANE('',#1427);
#1429=ADVANCED_FACE('',(#1423),#1428,.T.);
#1430=ORIENTED_EDGE('',*,*,#1159,.T.);
#1431=ORIENTED_EDGE('',*,*,#1185,.T.);
#1432=ORIENTED_EDGE('',*,*,#1207,.T.);
#1433=ORIENTED_EDGE('',*,*,#1229,.T.);
#1434=ORIENTED_EDGE('',*,*,#1251,.T.);
#1435=ORIENTED_EDGE('',*,*,#1273,.T.);
#1436=ORIENTED_EDGE('',*,*,#1295,.T.);
#1437=ORIENTED_EDGE('',*,*,#1317,.T.);
#1438=ORIENTED_EDGE('',*,*,#1339,.T.);
#1439=ORIENTED_EDGE('',*,*,#1361,.T.);
#1440=ORIENTED_EDGE('',*,*,#1383,.T.);
#1441=ORIENTED_EDGE('',*,*,#1399,.F.);
#1442=EDGE_LOOP('',(#1430,#1431,#1432,#1433,#1434,#1435,#1436,#1437,#1438,#1439,#1440,#1441));
#1443=FACE_OUTER_BOUND('',#1442,.T.);
#1444=CARTESIAN_POINT('',(434.,146.5,309.));
#1445=DIRECTION('',(0.,0.,1.));
#1446=DIRECTION('',(0.92388,0.38268,0.));
#1447=AXIS2_PLACEMENT_3D('',#1444,#1445,#1446);
#1448=PLANE('',#1447);
#1449=ADVANCED_FACE('',(#1443),#1448,.T.);
#1450=CLOSED_SHELL('',(#53,#81,#109,#137,#165,#193,#221,#249,#277,#305,#333,#353,#381,#403,#425,#447,#469,#491,#513,#535,#557,#579,#601,#617,#645,#667,#689,#711,#733,#755,#777,#799,#821,#843,#865,#881,#909,#931,#953,#975,#997,#1019,#1041,#1063,#1085,#1107,#1129,#1145,#1173,#1195,#1217,#1239,#1261,#1283,#1305,#1327,#1349,#1371,#1393,#1409,#1429,#1449));
#1451=MANIFOLD_SOLID_BREP('',#1450);
#1452=COLOUR_RGB('',0.8,0.82,0.84);
#1453=FILL_AREA_STYLE_COLOUR('',#1452);
#1454=FILL_AREA_STYLE('',(#1453));
#1455=SURFACE_STYLE_FILL_AREA(#1454);
#1456=SURFACE_SIDE_STYLE('',(#1455));
#1457=SURFACE_STYLE_USAGE(.BOTH.,#1456);
#1458=PRESENTATION_STYLE_ASSIGNMENT((#1457));
#1459=STYLED_ITEM('color',(#1458),#1451);
#1460=CARTESIAN_POINT('',(430.,165.,309.));
#1461=VERTEX_POINT('',#1460);
#1462=CARTESIAN_POINT('',(429.65926,167.58819,309.));
#1463=VERTEX_POINT('',#1462);
#1464=DIRECTION('',(-0.13053,0.99144,0.));
#1465=VECTOR('',#1464,2.61052);
#1466=LINE('',#1460,#1465);
#1467=EDGE_CURVE('',#1461,#1463,#1466,.T.);
#1468=ORIENTED_EDGE('',*,*,#1467,.T.);
#1469=CARTESIAN_POINT('',(429.65926,167.58819,624.84335));
#1470=VERTEX_POINT('',#1469);
#1471=DIRECTION('',(0.,0.,1.));
#1472=VECTOR('',#1471,315.84335);
#1473=LINE('',#1462,#1472);
#1474=EDGE_CURVE('',#1463,#1470,#1473,.T.);
#1475=ORIENTED_EDGE('',*,*,#1474,.T.);
#1476=CARTESIAN_POINT('',(430.,165.,624.84335));
#1477=VERTEX_POINT('',#1476);
#1478=DIRECTION('',(-0.13053,0.99144,0.));
#1479=VECTOR('',#1478,2.61052);
#1480=LINE('',#1476,#1479);
#1481=EDGE_CURVE('',#1477,#1470,#1480,.T.);
#1482=ORIENTED_EDGE('',*,*,#1481,.F.);
#1483=DIRECTION('',(0.,0.,1.));
#1484=VECTOR('',#1483,315.84335);
#1485=LINE('',#1460,#1484);
#1486=EDGE_CURVE('',#1461,#1477,#1485,.T.);
#1487=ORIENTED_EDGE('',*,*,#1486,.F.);
#1488=EDGE_LOOP('',(#1468,#1475,#1482,#1487));
#1489=FACE_OUTER_BOUND('',#1488,.T.);
#1490=CARTESIAN_POINT('',(430.,165.,309.));
#1491=DIRECTION('',(0.99144,0.13053,0.));
#1492=DIRECTION('',(-0.13053,0.99144,0.));
#1493=AXIS2_PLACEMENT_3D('',#1490,#1491,#1492);
#1494=PLANE('',#1493);
#1495=ADVANCED_FACE('',(#1489),#1494,.T.);
#1496=CARTESIAN_POINT('',(428.66025,170.,309.));
#1497=VERTEX_POINT('',#1496);
#1498=DIRECTION('',(-0.38268,0.92388,0.));
#1499=VECTOR('',#1498,2.61052);
#1500=LINE('',#1462,#1499);
#1501=EDGE_CURVE('',#1463,#1497,#1500,.T.);
#1502=ORIENTED_EDGE('',*,*,#1501,.T.);
#1503=CARTESIAN_POINT('',(428.66025,170.,624.84335));
#1504=VERTEX_POINT('',#1503);
#1505=DIRECTION('',(0.,0.,1.));
#1506=VECTOR('',#1505,315.84335);
#1507=LINE('',#1496,#1506);
#1508=EDGE_CURVE('',#1497,#1504,#1507,.T.);
#1509=ORIENTED_EDGE('',*,*,#1508,.T.);
#1510=DIRECTION('',(-0.38268,0.92388,0.));
#1511=VECTOR('',#1510,2.61052);
#1512=LINE('',#1469,#1511);
#1513=EDGE_CURVE('',#1470,#1504,#1512,.T.);
#1514=ORIENTED_EDGE('',*,*,#1513,.F.);
#1515=ORIENTED_EDGE('',*,*,#1474,.F.);
#1516=EDGE_LOOP('',(#1502,#1509,#1514,#1515));
#1517=FACE_OUTER_BOUND('',#1516,.T.);
#1518=CARTESIAN_POINT('',(429.65926,167.58819,309.));
#1519=DIRECTION('',(0.92388,0.38268,0.));
#1520=DIRECTION('',(-0.38268,0.92388,0.));
#1521=AXIS2_PLACEMENT_3D('',#1518,#1519,#1520);
#1522=PLANE('',#1521);
#1523=ADVANCED_FACE('',(#1517),#1522,.T.);
#1524=CARTESIAN_POINT('',(427.07107,172.07107,309.));
#1525=VERTEX_POINT('',#1524);
#1526=DIRECTION('',(-0.60876,0.79335,0.));
#1527=VECTOR('',#1526,2.61052);
#1528=LINE('',#1496,#1527);
#1529=EDGE_CURVE('',#1497,#1525,#1528,.T.);
#1530=ORIENTED_EDGE('',*,*,#1529,.T.);
#1531=CARTESIAN_POINT('',(427.07107,172.07107,624.84335));
#1532=VERTEX_POINT('',#1531);
#1533=DIRECTION('',(0.,0.,1.));
#1534=VECTOR('',#1533,315.84335);
#1535=LINE('',#1524,#1534);
#1536=EDGE_CURVE('',#1525,#1532,#1535,.T.);
#1537=ORIENTED_EDGE('',*,*,#1536,.T.);
#1538=DIRECTION('',(-0.60876,0.79335,0.));
#1539=VECTOR('',#1538,2.61052);
#1540=LINE('',#1503,#1539);
#1541=EDGE_CURVE('',#1504,#1532,#1540,.T.);
#1542=ORIENTED_EDGE('',*,*,#1541,.F.);
#1543=ORIENTED_EDGE('',*,*,#1508,.F.);
#1544=EDGE_LOOP('',(#1530,#1537,#1542,#1543));
#1545=FACE_OUTER_BOUND('',#1544,.T.);
#1546=CARTESIAN_POINT('',(428.66025,170.,309.));
#1547=DIRECTION('',(0.79335,0.60876,0.));
#1548=DIRECTION('',(-0.60876,0.79335,0.));
#1549=AXIS2_PLACEMENT_3D('',#1546,#1547,#1548);
#1550=PLANE('',#1549);
#1551=ADVANCED_FACE('',(#1545),#1550,.T.);
#1552=CARTESIAN_POINT('',(425.,173.66025,309.));
#1553=VERTEX_POINT('',#1552);
#1554=DIRECTION('',(-0.79335,0.60876,0.));
#1555=VECTOR('',#1554,2.61052);
#1556=LINE('',#1524,#1555);
#1557=EDGE_CURVE('',#1525,#1553,#1556,.T.);
#1558=ORIENTED_EDGE('',*,*,#1557,.T.);
#1559=CARTESIAN_POINT('',(425.,173.66025,624.84335));
#1560=VERTEX_POINT('',#1559);
#1561=DIRECTION('',(0.,0.,1.));
#1562=VECTOR('',#1561,315.84335);
#1563=LINE('',#1552,#1562);
#1564=EDGE_CURVE('',#1553,#1560,#1563,.T.);
#1565=ORIENTED_EDGE('',*,*,#1564,.T.);
#1566=DIRECTION('',(-0.79335,0.60876,0.));
#1567=VECTOR('',#1566,2.61052);
#1568=LINE('',#1531,#1567);
#1569=EDGE_CURVE('',#1532,#1560,#1568,.T.);
#1570=ORIENTED_EDGE('',*,*,#1569,.F.);
#1571=ORIENTED_EDGE('',*,*,#1536,.F.);
#1572=EDGE_LOOP('',(#1558,#1565,#1570,#1571));
#1573=FACE_OUTER_BOUND('',#1572,.T.);
#1574=CARTESIAN_POINT('',(427.07107,172.07107,309.));
#1575=DIRECTION('',(0.60876,0.79335,0.));
#1576=DIRECTION('',(-0.79335,0.60876,0.));
#1577=AXIS2_PLACEMENT_3D('',#1574,#1575,#1576);
#1578=PLANE('',#1577);
#1579=ADVANCED_FACE('',(#1573),#1578,.T.);
#1580=CARTESIAN_POINT('',(422.58819,174.65926,309.));
#1581=VERTEX_POINT('',#1580);
#1582=DIRECTION('',(-0.92388,0.38268,0.));
#1583=VECTOR('',#1582,2.61052);
#1584=LINE('',#1552,#1583);
#1585=EDGE_CURVE('',#1553,#1581,#1584,.T.);
#1586=ORIENTED_EDGE('',*,*,#1585,.T.);
#1587=CARTESIAN_POINT('',(422.58819,174.65926,624.84335));
#1588=VERTEX_POINT('',#1587);
#1589=DIRECTION('',(0.,0.,1.));
#1590=VECTOR('',#1589,315.84335);
#1591=LINE('',#1580,#1590);
#1592=EDGE_CURVE('',#1581,#1588,#1591,.T.);
#1593=ORIENTED_EDGE('',*,*,#1592,.T.);
#1594=DIRECTION('',(-0.92388,0.38268,0.));
#1595=VECTOR('',#1594,2.61052);
#1596=LINE('',#1559,#1595);
#1597=EDGE_CURVE('',#1560,#1588,#1596,.T.);
#1598=ORIENTED_EDGE('',*,*,#1597,.F.);
#1599=ORIENTED_EDGE('',*,*,#1564,.F.);
#1600=EDGE_LOOP('',(#1586,#1593,#1598,#1599));
#1601=FACE_OUTER_BOUND('',#1600,.T.);
#1602=CARTESIAN_POINT('',(425.,173.66025,309.));
#1603=DIRECTION('',(0.38268,0.92388,0.));
#1604=DIRECTION('',(-0.92388,0.38268,0.));
#1605=AXIS2_PLACEMENT_3D('',#1602,#1603,#1604);
#1606=PLANE('',#1605);
#1607=ADVANCED_FACE('',(#1601),#1606,.T.);
#1608=CARTESIAN_POINT('',(420.,175.,309.));
#1609=VERTEX_POINT('',#1608);
#1610=DIRECTION('',(-0.99144,0.13053,0.));
#1611=VECTOR('',#1610,2.61052);
#1612=LINE('',#1580,#1611);
#1613=EDGE_CURVE('',#1581,#1609,#1612,.T.);
#1614=ORIENTED_EDGE('',*,*,#1613,.T.);
#1615=CARTESIAN_POINT('',(420.,175.,624.84335));
#1616=VERTEX_POINT('',#1615);
#1617=DIRECTION('',(0.,0.,1.));
#1618=VECTOR('',#1617,315.84335);
#1619=LINE('',#1608,#1618);
#1620=EDGE_CURVE('',#1609,#1616,#1619,.T.);
#1621=ORIENTED_EDGE('',*,*,#1620,.T.);
#1622=DIRECTION('',(-0.99144,0.13053,0.));
#1623=VECTOR('',#1622,2.61052);
#1624=LINE('',#1587,#1623);
#1625=EDGE_CURVE('',#1588,#1616,#1624,.T.);
#1626=ORIENTED_EDGE('',*,*,#1625,.F.);
#1627=ORIENTED_EDGE('',*,*,#1592,.F.);
#1628=EDGE_LOOP('',(#1614,#1621,#1626,#1627));
#1629=FACE_OUTER_BOUND('',#1628,.T.);
#1630=CARTESIAN_POINT('',(422.58819,174.65926,309.));
#1631=DIRECTION('',(0.13053,0.99144,0.));
#1632=DIRECTION('',(-0.99144,0.13053,0.));
#1633=AXIS2_PLACEMENT_3D('',#1630,#1631,#1632);
#1634=PLANE('',#1633);
#1635=ADVANCED_FACE('',(#1629),#1634,.T.);
#1636=CARTESIAN_POINT('',(417.41181,174.65926,309.));
#1637=VERTEX_POINT('',#1636);
#1638=DIRECTION('',(-0.99144,-0.13053,0.));
#1639=VECTOR('',#1638,2.61052);
#1640=LINE('',#1608,#1639);
#1641=EDGE_CURVE('',#1609,#1637,#1640,.T.);
#1642=ORIENTED_EDGE('',*,*,#1641,.T.);
#1643=CARTESIAN_POINT('',(417.41181,174.65926,624.84335));
#1644=VERTEX_POINT('',#1643);
#1645=DIRECTION('',(0.,0.,1.));
#1646=VECTOR('',#1645,315.84335);
#1647=LINE('',#1636,#1646);
#1648=EDGE_CURVE('',#1637,#1644,#1647,.T.);
#1649=ORIENTED_EDGE('',*,*,#1648,.T.);
#1650=DIRECTION('',(-0.99144,-0.13053,0.));
#1651=VECTOR('',#1650,2.61052);
#1652=LINE('',#1615,#1651);
#1653=EDGE_CURVE('',#1616,#1644,#1652,.T.);
#1654=ORIENTED_EDGE('',*,*,#1653,.F.);
#1655=ORIENTED_EDGE('',*,*,#1620,.F.);
#1656=EDGE_LOOP('',(#1642,#1649,#1654,#1655));
#1657=FACE_OUTER_BOUND('',#1656,.T.);
#1658=CARTESIAN_POINT('',(420.,175.,309.));
#1659=DIRECTION('',(-0.13053,0.99144,0.));
#1660=DIRECTION('',(-0.99144,-0.13053,0.));
#1661=AXIS2_PLACEMENT_3D('',#1658,#1659,#1660);
#1662=PLANE('',#1661);
#1663=ADVANCED_FACE('',(#1657),#1662,.T.);
#1664=CARTESIAN_POINT('',(415.,173.66025,309.));
#1665=VERTEX_POINT('',#1664);
#1666=DIRECTION('',(-0.92388,-0.38268,0.));
#1667=VECTOR('',#1666,2.61052);
#1668=LINE('',#1636,#1667);
#1669=EDGE_CURVE('',#1637,#1665,#1668,.T.);
#1670=ORIENTED_EDGE('',*,*,#1669,.T.);
#1671=CARTESIAN_POINT('',(415.,173.66025,624.84335));
#1672=VERTEX_POINT('',#1671);
#1673=DIRECTION('',(0.,0.,1.));
#1674=VECTOR('',#1673,315.84335);
#1675=LINE('',#1664,#1674);
#1676=EDGE_CURVE('',#1665,#1672,#1675,.T.);
#1677=ORIENTED_EDGE('',*,*,#1676,.T.);
#1678=DIRECTION('',(-0.92388,-0.38268,0.));
#1679=VECTOR('',#1678,2.61052);
#1680=LINE('',#1643,#1679);
#1681=EDGE_CURVE('',#1644,#1672,#1680,.T.);
#1682=ORIENTED_EDGE('',*,*,#1681,.F.);
#1683=ORIENTED_EDGE('',*,*,#1648,.F.);
#1684=EDGE_LOOP('',(#1670,#1677,#1682,#1683));
#1685=FACE_OUTER_BOUND('',#1684,.T.);
#1686=CARTESIAN_POINT('',(417.41181,174.65926,309.));
#1687=DIRECTION('',(-0.38268,0.92388,0.));
#1688=DIRECTION('',(-0.92388,-0.38268,0.));
#1689=AXIS2_PLACEMENT_3D('',#1686,#1687,#1688);
#1690=PLANE('',#1689);
#1691=ADVANCED_FACE('',(#1685),#1690,.T.);
#1692=CARTESIAN_POINT('',(412.92893,172.07107,309.));
#1693=VERTEX_POINT('',#1692);
#1694=DIRECTION('',(-0.79335,-0.60876,0.));
#1695=VECTOR('',#1694,2.61052);
#1696=LINE('',#1664,#1695);
#1697=EDGE_CURVE('',#1665,#1693,#1696,.T.);
#1698=ORIENTED_EDGE('',*,*,#1697,.T.);
#1699=CARTESIAN_POINT('',(412.92893,172.07107,624.84335));
#1700=VERTEX_POINT('',#1699);
#1701=DIRECTION('',(0.,0.,1.));
#1702=VECTOR('',#1701,315.84335);
#1703=LINE('',#1692,#1702);
#1704=EDGE_CURVE('',#1693,#1700,#1703,.T.);
#1705=ORIENTED_EDGE('',*,*,#1704,.T.);
#1706=DIRECTION('',(-0.79335,-0.60876,0.));
#1707=VECTOR('',#1706,2.61052);
#1708=LINE('',#1671,#1707);
#1709=EDGE_CURVE('',#1672,#1700,#1708,.T.);
#1710=ORIENTED_EDGE('',*,*,#1709,.F.);
#1711=ORIENTED_EDGE('',*,*,#1676,.F.);
#1712=EDGE_LOOP('',(#1698,#1705,#1710,#1711));
#1713=FACE_OUTER_BOUND('',#1712,.T.);
#1714=CARTESIAN_POINT('',(415.,173.66025,309.));
#1715=DIRECTION('',(-0.60876,0.79335,0.));
#1716=DIRECTION('',(-0.79335,-0.60876,0.));
#1717=AXIS2_PLACEMENT_3D('',#1714,#1715,#1716);
#1718=PLANE('',#1717);
#1719=ADVANCED_FACE('',(#1713),#1718,.T.);
#1720=CARTESIAN_POINT('',(411.33975,170.,309.));
#1721=VERTEX_POINT('',#1720);
#1722=DIRECTION('',(-0.60876,-0.79335,0.));
#1723=VECTOR('',#1722,2.61052);
#1724=LINE('',#1692,#1723);
#1725=EDGE_CURVE('',#1693,#1721,#1724,.T.);
#1726=ORIENTED_EDGE('',*,*,#1725,.T.);
#1727=CARTESIAN_POINT('',(411.33975,170.,624.84335));
#1728=VERTEX_POINT('',#1727);
#1729=DIRECTION('',(0.,0.,1.));
#1730=VECTOR('',#1729,315.84335);
#1731=LINE('',#1720,#1730);
#1732=EDGE_CURVE('',#1721,#1728,#1731,.T.);
#1733=ORIENTED_EDGE('',*,*,#1732,.T.);
#1734=DIRECTION('',(-0.60876,-0.79335,0.));
#1735=VECTOR('',#1734,2.61052);
#1736=LINE('',#1699,#1735);
#1737=EDGE_CURVE('',#1700,#1728,#1736,.T.);
#1738=ORIENTED_EDGE('',*,*,#1737,.F.);
#1739=ORIENTED_EDGE('',*,*,#1704,.F.);
#1740=EDGE_LOOP('',(#1726,#1733,#1738,#1739));
#1741=FACE_OUTER_BOUND('',#1740,.T.);
#1742=CARTESIAN_POINT('',(412.92893,172.07107,309.));
#1743=DIRECTION('',(-0.79335,0.60876,0.));
#1744=DIRECTION('',(-0.60876,-0.79335,0.));
#1745=AXIS2_PLACEMENT_3D('',#1742,#1743,#1744);
#1746=PLANE('',#1745);
#1747=ADVANCED_FACE('',(#1741),#1746,.T.);
#1748=CARTESIAN_POINT('',(410.34074,167.58819,309.));
#1749=VERTEX_POINT('',#1748);
#1750=DIRECTION('',(-0.38268,-0.92388,0.));
#1751=VECTOR('',#1750,2.61052);
#1752=LINE('',#1720,#1751);
#1753=EDGE_CURVE('',#1721,#1749,#1752,.T.);
#1754=ORIENTED_EDGE('',*,*,#1753,.T.);
#1755=CARTESIAN_POINT('',(410.34074,167.58819,624.84335));
#1756=VERTEX_POINT('',#1755);
#1757=DIRECTION('',(0.,0.,1.));
#1758=VECTOR('',#1757,315.84335);
#1759=LINE('',#1748,#1758);
#1760=EDGE_CURVE('',#1749,#1756,#1759,.T.);
#1761=ORIENTED_EDGE('',*,*,#1760,.T.);
#1762=DIRECTION('',(-0.38268,-0.92388,0.));
#1763=VECTOR('',#1762,2.61052);
#1764=LINE('',#1727,#1763);
#1765=EDGE_CURVE('',#1728,#1756,#1764,.T.);
#1766=ORIENTED_EDGE('',*,*,#1765,.F.);
#1767=ORIENTED_EDGE('',*,*,#1732,.F.);
#1768=EDGE_LOOP('',(#1754,#1761,#1766,#1767));
#1769=FACE_OUTER_BOUND('',#1768,.T.);
#1770=CARTESIAN_POINT('',(411.33975,170.,309.));
#1771=DIRECTION('',(-0.92388,0.38268,0.));
#1772=DIRECTION('',(-0.38268,-0.92388,0.));
#1773=AXIS2_PLACEMENT_3D('',#1770,#1771,#1772);
#1774=PLANE('',#1773);
#1775=ADVANCED_FACE('',(#1769),#1774,.T.);
#1776=CARTESIAN_POINT('',(410.,165.,309.));
#1777=VERTEX_POINT('',#1776);
#1778=DIRECTION('',(-0.13053,-0.99144,0.));
#1779=VECTOR('',#1778,2.61052);
#1780=LINE('',#1748,#1779);
#1781=EDGE_CURVE('',#1749,#1777,#1780,.T.);
#1782=ORIENTED_EDGE('',*,*,#1781,.T.);
#1783=CARTESIAN_POINT('',(410.,165.,624.84335));
#1784=VERTEX_POINT('',#1783);
#1785=DIRECTION('',(0.,0.,1.));
#1786=VECTOR('',#1785,315.84335);
#1787=LINE('',#1776,#1786);
#1788=EDGE_CURVE('',#1777,#1784,#1787,.T.);
#1789=ORIENTED_EDGE('',*,*,#1788,.T.);
#1790=DIRECTION('',(-0.13053,-0.99144,0.));
#1791=VECTOR('',#1790,2.61052);
#1792=LINE('',#1755,#1791);
#1793=EDGE_CURVE('',#1756,#1784,#1792,.T.);
#1794=ORIENTED_EDGE('',*,*,#1793,.F.);
#1795=ORIENTED_EDGE('',*,*,#1760,.F.);
#1796=EDGE_LOOP('',(#1782,#1789,#1794,#1795));
#1797=FACE_OUTER_BOUND('',#1796,.T.);
#1798=CARTESIAN_POINT('',(410.34074,167.58819,309.));
#1799=DIRECTION('',(-0.99144,0.13053,0.));
#1800=DIRECTION('',(-0.13053,-0.99144,0.));
#1801=AXIS2_PLACEMENT_3D('',#1798,#1799,#1800);
#1802=PLANE('',#1801);
#1803=ADVANCED_FACE('',(#1797),#1802,.T.);
#1804=CARTESIAN_POINT('',(410.34074,162.41181,309.));
#1805=VERTEX_POINT('',#1804);
#1806=DIRECTION('',(0.13053,-0.99144,0.));
#1807=VECTOR('',#1806,2.61052);
#1808=LINE('',#1776,#1807);
#1809=EDGE_CURVE('',#1777,#1805,#1808,.T.);
#1810=ORIENTED_EDGE('',*,*,#1809,.T.);
#1811=CARTESIAN_POINT('',(410.34074,162.41181,624.84335));
#1812=VERTEX_POINT('',#1811);
#1813=DIRECTION('',(0.,0.,1.));
#1814=VECTOR('',#1813,315.84335);
#1815=LINE('',#1804,#1814);
#1816=EDGE_CURVE('',#1805,#1812,#1815,.T.);
#1817=ORIENTED_EDGE('',*,*,#1816,.T.);
#1818=DIRECTION('',(0.13053,-0.99144,0.));
#1819=VECTOR('',#1818,2.61052);
#1820=LINE('',#1783,#1819);
#1821=EDGE_CURVE('',#1784,#1812,#1820,.T.);
#1822=ORIENTED_EDGE('',*,*,#1821,.F.);
#1823=ORIENTED_EDGE('',*,*,#1788,.F.);
#1824=EDGE_LOOP('',(#1810,#1817,#1822,#1823));
#1825=FACE_OUTER_BOUND('',#1824,.T.);
#1826=CARTESIAN_POINT('',(410.,165.,309.));
#1827=DIRECTION('',(-0.99144,-0.13053,0.));
#1828=DIRECTION('',(0.13053,-0.99144,0.));
#1829=AXIS2_PLACEMENT_3D('',#1826,#1827,#1828);
#1830=PLANE('',#1829);
#1831=ADVANCED_FACE('',(#1825),#1830,.T.);
#1832=CARTESIAN_POINT('',(411.33975,160.,309.));
#1833=VERTEX_POINT('',#1832);
#1834=DIRECTION('',(0.38268,-0.92388,0.));
#1835=VECTOR('',#1834,2.61052);
#1836=LINE('',#1804,#1835);
#1837=EDGE_CURVE('',#1805,#1833,#1836,.T.);
#1838=ORIENTED_EDGE('',*,*,#1837,.T.);
#1839=CARTESIAN_POINT('',(411.33975,160.,624.84335));
#1840=VERTEX_POINT('',#1839);
#1841=DIRECTION('',(0.,0.,1.));
#1842=VECTOR('',#1841,315.84335);
#1843=LINE('',#1832,#1842);
#1844=EDGE_CURVE('',#1833,#1840,#1843,.T.);
#1845=ORIENTED_EDGE('',*,*,#1844,.T.);
#1846=DIRECTION('',(0.38268,-0.92388,0.));
#1847=VECTOR('',#1846,2.61052);
#1848=LINE('',#1811,#1847);
#1849=EDGE_CURVE('',#1812,#1840,#1848,.T.);
#1850=ORIENTED_EDGE('',*,*,#1849,.F.);
#1851=ORIENTED_EDGE('',*,*,#1816,.F.);
#1852=EDGE_LOOP('',(#1838,#1845,#1850,#1851));
#1853=FACE_OUTER_BOUND('',#1852,.T.);
#1854=CARTESIAN_POINT('',(410.34074,162.41181,309.));
#1855=DIRECTION('',(-0.92388,-0.38268,0.));
#1856=DIRECTION('',(0.38268,-0.92388,0.));
#1857=AXIS2_PLACEMENT_3D('',#1854,#1855,#1856);
#1858=PLANE('',#1857);
#1859=ADVANCED_FACE('',(#1853),#1858,.T.);
#1860=CARTESIAN_POINT('',(412.92893,157.92893,309.));
#1861=VERTEX_POINT('',#1860);
#1862=DIRECTION('',(0.60876,-0.79335,0.));
#1863=VECTOR('',#1862,2.61052);
#1864=LINE('',#1832,#1863);
#1865=EDGE_CURVE('',#1833,#1861,#1864,.T.);
#1866=ORIENTED_EDGE('',*,*,#1865,.T.);
#1867=CARTESIAN_POINT('',(412.92893,157.92893,624.84335));
#1868=VERTEX_POINT('',#1867);
#1869=DIRECTION('',(0.,0.,1.));
#1870=VECTOR('',#1869,315.84335);
#1871=LINE('',#1860,#1870);
#1872=EDGE_CURVE('',#1861,#1868,#1871,.T.);
#1873=ORIENTED_EDGE('',*,*,#1872,.T.);
#1874=DIRECTION('',(0.60876,-0.79335,0.));
#1875=VECTOR('',#1874,2.61052);
#1876=LINE('',#1839,#1875);
#1877=EDGE_CURVE('',#1840,#1868,#1876,.T.);
#1878=ORIENTED_EDGE('',*,*,#1877,.F.);
#1879=ORIENTED_EDGE('',*,*,#1844,.F.);
#1880=EDGE_LOOP('',(#1866,#1873,#1878,#1879));
#1881=FACE_OUTER_BOUND('',#1880,.T.);
#1882=CARTESIAN_POINT('',(411.33975,160.,309.));
#1883=DIRECTION('',(-0.79335,-0.60876,0.));
#1884=DIRECTION('',(0.60876,-0.79335,0.));
#1885=AXIS2_PLACEMENT_3D('',#1882,#1883,#1884);
#1886=PLANE('',#1885);
#1887=ADVANCED_FACE('',(#1881),#1886,.T.);
#1888=CARTESIAN_POINT('',(415.,156.33975,309.));
#1889=VERTEX_POINT('',#1888);
#1890=DIRECTION('',(0.79335,-0.60876,0.));
#1891=VECTOR('',#1890,2.61052);
#1892=LINE('',#1860,#1891);
#1893=EDGE_CURVE('',#1861,#1889,#1892,.T.);
#1894=ORIENTED_EDGE('',*,*,#1893,.T.);
#1895=CARTESIAN_POINT('',(415.,156.33975,624.84335));
#1896=VERTEX_POINT('',#1895);
#1897=DIRECTION('',(0.,0.,1.));
#1898=VECTOR('',#1897,315.84335);
#1899=LINE('',#1888,#1898);
#1900=EDGE_CURVE('',#1889,#1896,#1899,.T.);
#1901=ORIENTED_EDGE('',*,*,#1900,.T.);
#1902=DIRECTION('',(0.79335,-0.60876,0.));
#1903=VECTOR('',#1902,2.61052);
#1904=LINE('',#1867,#1903);
#1905=EDGE_CURVE('',#1868,#1896,#1904,.T.);
#1906=ORIENTED_EDGE('',*,*,#1905,.F.);
#1907=ORIENTED_EDGE('',*,*,#1872,.F.);
#1908=EDGE_LOOP('',(#1894,#1901,#1906,#1907));
#1909=FACE_OUTER_BOUND('',#1908,.T.);
#1910=CARTESIAN_POINT('',(412.92893,157.92893,309.));
#1911=DIRECTION('',(-0.60876,-0.79335,0.));
#1912=DIRECTION('',(0.79335,-0.60876,0.));
#1913=AXIS2_PLACEMENT_3D('',#1910,#1911,#1912);
#1914=PLANE('',#1913);
#1915=ADVANCED_FACE('',(#1909),#1914,.T.);
#1916=CARTESIAN_POINT('',(417.41181,155.34074,309.));
#1917=VERTEX_POINT('',#1916);
#1918=DIRECTION('',(0.92388,-0.38268,0.));
#1919=VECTOR('',#1918,2.61052);
#1920=LINE('',#1888,#1919);
#1921=EDGE_CURVE('',#1889,#1917,#1920,.T.);
#1922=ORIENTED_EDGE('',*,*,#1921,.T.);
#1923=CARTESIAN_POINT('',(417.41181,155.34074,624.84335));
#1924=VERTEX_POINT('',#1923);
#1925=DIRECTION('',(0.,0.,1.));
#1926=VECTOR('',#1925,315.84335);
#1927=LINE('',#1916,#1926);
#1928=EDGE_CURVE('',#1917,#1924,#1927,.T.);
#1929=ORIENTED_EDGE('',*,*,#1928,.T.);
#1930=DIRECTION('',(0.92388,-0.38268,0.));
#1931=VECTOR('',#1930,2.61052);
#1932=LINE('',#1895,#1931);
#1933=EDGE_CURVE('',#1896,#1924,#1932,.T.);
#1934=ORIENTED_EDGE('',*,*,#1933,.F.);
#1935=ORIENTED_EDGE('',*,*,#1900,.F.);
#1936=EDGE_LOOP('',(#1922,#1929,#1934,#1935));
#1937=FACE_OUTER_BOUND('',#1936,.T.);
#1938=CARTESIAN_POINT('',(415.,156.33975,309.));
#1939=DIRECTION('',(-0.38268,-0.92388,0.));
#1940=DIRECTION('',(0.92388,-0.38268,0.));
#1941=AXIS2_PLACEMENT_3D('',#1938,#1939,#1940);
#1942=PLANE('',#1941);
#1943=ADVANCED_FACE('',(#1937),#1942,.T.);
#1944=CARTESIAN_POINT('',(420.,155.,309.));
#1945=VERTEX_POINT('',#1944);
#1946=DIRECTION('',(0.99144,-0.13053,0.));
#1947=VECTOR('',#1946,2.61052);
#1948=LINE('',#1916,#1947);
#1949=EDGE_CURVE('',#1917,#1945,#1948,.T.);
#1950=ORIENTED_EDGE('',*,*,#1949,.T.);
#1951=CARTESIAN_POINT('',(420.,155.,624.84335));
#1952=VERTEX_POINT('',#1951);
#1953=DIRECTION('',(0.,0.,1.));
#1954=VECTOR('',#1953,315.84335);
#1955=LINE('',#1944,#1954);
#1956=EDGE_CURVE('',#1945,#1952,#1955,.T.);
#1957=ORIENTED_EDGE('',*,*,#1956,.T.);
#1958=DIRECTION('',(0.99144,-0.13053,0.));
#1959=VECTOR('',#1958,2.61052);
#1960=LINE('',#1923,#1959);
#1961=EDGE_CURVE('',#1924,#1952,#1960,.T.);
#1962=ORIENTED_EDGE('',*,*,#1961,.F.);
#1963=ORIENTED_EDGE('',*,*,#1928,.F.);
#1964=EDGE_LOOP('',(#1950,#1957,#1962,#1963));
#1965=FACE_OUTER_BOUND('',#1964,.T.);
#1966=CARTESIAN_POINT('',(417.41181,155.34074,309.));
#1967=DIRECTION('',(-0.13053,-0.99144,0.));
#1968=DIRECTION('',(0.99144,-0.13053,0.));
#1969=AXIS2_PLACEMENT_3D('',#1966,#1967,#1968);
#1970=PLANE('',#1969);
#1971=ADVANCED_FACE('',(#1965),#1970,.T.);
#1972=CARTESIAN_POINT('',(422.58819,155.34074,309.));
#1973=VERTEX_POINT('',#1972);
#1974=DIRECTION('',(0.99144,0.13053,0.));
#1975=VECTOR('',#1974,2.61052);
#1976=LINE('',#1944,#1975);
#1977=EDGE_CURVE('',#1945,#1973,#1976,.T.);
#1978=ORIENTED_EDGE('',*,*,#1977,.T.);
#1979=CARTESIAN_POINT('',(422.58819,155.34074,624.84335));
#1980=VERTEX_POINT('',#1979);
#1981=DIRECTION('',(0.,0.,1.));
#1982=VECTOR('',#1981,315.84335);
#1983=LINE('',#1972,#1982);
#1984=EDGE_CURVE('',#1973,#1980,#1983,.T.);
#1985=ORIENTED_EDGE('',*,*,#1984,.T.);
#1986=DIRECTION('',(0.99144,0.13053,0.));
#1987=VECTOR('',#1986,2.61052);
#1988=LINE('',#1951,#1987);
#1989=EDGE_CURVE('',#1952,#1980,#1988,.T.);
#1990=ORIENTED_EDGE('',*,*,#1989,.F.);
#1991=ORIENTED_EDGE('',*,*,#1956,.F.);
#1992=EDGE_LOOP('',(#1978,#1985,#1990,#1991));
#1993=FACE_OUTER_BOUND('',#1992,.T.);
#1994=CARTESIAN_POINT('',(420.,155.,309.));
#1995=DIRECTION('',(0.13053,-0.99144,0.));
#1996=DIRECTION('',(0.99144,0.13053,0.));
#1997=AXIS2_PLACEMENT_3D('',#1994,#1995,#1996);
#1998=PLANE('',#1997);
#1999=ADVANCED_FACE('',(#1993),#1998,.T.);
#2000=CARTESIAN_POINT('',(425.,156.33975,309.));
#2001=VERTEX_POINT('',#2000);
#2002=DIRECTION('',(0.92388,0.38268,0.));
#2003=VECTOR('',#2002,2.61052);
#2004=LINE('',#1972,#2003);
#2005=EDGE_CURVE('',#1973,#2001,#2004,.T.);
#2006=ORIENTED_EDGE('',*,*,#2005,.T.);
#2007=CARTESIAN_POINT('',(425.,156.33975,624.84335));
#2008=VERTEX_POINT('',#2007);
#2009=DIRECTION('',(0.,0.,1.));
#2010=VECTOR('',#2009,315.84335);
#2011=LINE('',#2000,#2010);
#2012=EDGE_CURVE('',#2001,#2008,#2011,.T.);
#2013=ORIENTED_EDGE('',*,*,#2012,.T.);
#2014=DIRECTION('',(0.92388,0.38268,0.));
#2015=VECTOR('',#2014,2.61052);
#2016=LINE('',#1979,#2015);
#2017=EDGE_CURVE('',#1980,#2008,#2016,.T.);
#2018=ORIENTED_EDGE('',*,*,#2017,.F.);
#2019=ORIENTED_EDGE('',*,*,#1984,.F.);
#2020=EDGE_LOOP('',(#2006,#2013,#2018,#2019));
#2021=FACE_OUTER_BOUND('',#2020,.T.);
#2022=CARTESIAN_POINT('',(422.58819,155.34074,309.));
#2023=DIRECTION('',(0.38268,-0.92388,0.));
#2024=DIRECTION('',(0.92388,0.38268,0.));
#2025=AXIS2_PLACEMENT_3D('',#2022,#2023,#2024);
#2026=PLANE('',#2025);
#2027=ADVANCED_FACE('',(#2021),#2026,.T.);
#2028=CARTESIAN_POINT('',(427.07107,157.92893,309.));
#2029=VERTEX_POINT('',#2028);
#2030=DIRECTION('',(0.79335,0.60876,0.));
#2031=VECTOR('',#2030,2.61052);
#2032=LINE('',#2000,#2031);
#2033=EDGE_CURVE('',#2001,#2029,#2032,.T.);
#2034=ORIENTED_EDGE('',*,*,#2033,.T.);
#2035=CARTESIAN_POINT('',(427.07107,157.92893,624.84335));
#2036=VERTEX_POINT('',#2035);
#2037=DIRECTION('',(0.,0.,1.));
#2038=VECTOR('',#2037,315.84335);
#2039=LINE('',#2028,#2038);
#2040=EDGE_CURVE('',#2029,#2036,#2039,.T.);
#2041=ORIENTED_EDGE('',*,*,#2040,.T.);
#2042=DIRECTION('',(0.79335,0.60876,0.));
#2043=VECTOR('',#2042,2.61052);
#2044=LINE('',#2007,#2043);
#2045=EDGE_CURVE('',#2008,#2036,#2044,.T.);
#2046=ORIENTED_EDGE('',*,*,#2045,.F.);
#2047=ORIENTED_EDGE('',*,*,#2012,.F.);
#2048=EDGE_LOOP('',(#2034,#2041,#2046,#2047));
#2049=FACE_OUTER_BOUND('',#2048,.T.);
#2050=CARTESIAN_POINT('',(425.,156.33975,309.));
#2051=DIRECTION('',(0.60876,-0.79335,0.));
#2052=DIRECTION('',(0.79335,0.60876,0.));
#2053=AXIS2_PLACEMENT_3D('',#2050,#2051,#2052);
#2054=PLANE('',#2053);
#2055=ADVANCED_FACE('',(#2049),#2054,.T.);
#2056=CARTESIAN_POINT('',(428.66025,160.,309.));
#2057=VERTEX_POINT('',#2056);
#2058=DIRECTION('',(0.60876,0.79335,0.));
#2059=VECTOR('',#2058,2.61052);
#2060=LINE('',#2028,#2059);
#2061=EDGE_CURVE('',#2029,#2057,#2060,.T.);
#2062=ORIENTED_EDGE('',*,*,#2061,.T.);
#2063=CARTESIAN_POINT('',(428.66025,160.,624.84335));
#2064=VERTEX_POINT('',#2063);
#2065=DIRECTION('',(0.,0.,1.));
#2066=VECTOR('',#2065,315.84335);
#2067=LINE('',#2056,#2066);
#2068=EDGE_CURVE('',#2057,#2064,#2067,.T.);
#2069=ORIENTED_EDGE('',*,*,#2068,.T.);
#2070=DIRECTION('',(0.60876,0.79335,0.));
#2071=VECTOR('',#2070,2.61052);
#2072=LINE('',#2035,#2071);
#2073=EDGE_CURVE('',#2036,#2064,#2072,.T.);
#2074=ORIENTED_EDGE('',*,*,#2073,.F.);
#2075=ORIENTED_EDGE('',*,*,#2040,.F.);
#2076=EDGE_LOOP('',(#2062,#2069,#2074,#2075));
#2077=FACE_OUTER_BOUND('',#2076,.T.);
#2078=CARTESIAN_POINT('',(427.07107,157.92893,309.));
#2079=DIRECTION('',(0.79335,-0.60876,0.));
#2080=DIRECTION('',(0.60876,0.79335,0.));
#2081=AXIS2_PLACEMENT_3D('',#2078,#2079,#2080);
#2082=PLANE('',#2081);
#2083=ADVANCED_FACE('',(#2077),#2082,.T.);
#2084=CARTESIAN_POINT('',(429.65926,162.41181,309.));
#2085=VERTEX_POINT('',#2084);
#2086=DIRECTION('',(0.38268,0.92388,0.));
#2087=VECTOR('',#2086,2.61052);
#2088=LINE('',#2056,#2087);
#2089=EDGE_CURVE('',#2057,#2085,#2088,.T.);
#2090=ORIENTED_EDGE('',*,*,#2089,.T.);
#2091=CARTESIAN_POINT('',(429.65926,162.41181,624.84335));
#2092=VERTEX_POINT('',#2091);
#2093=DIRECTION('',(0.,0.,1.));
#2094=VECTOR('',#2093,315.84335);
#2095=LINE('',#2084,#2094);
#2096=EDGE_CURVE('',#2085,#2092,#2095,.T.);
#2097=ORIENTED_EDGE('',*,*,#2096,.T.);
#2098=DIRECTION('',(0.38268,0.92388,0.));
#2099=VECTOR('',#2098,2.61052);
#2100=LINE('',#2063,#2099);
#2101=EDGE_CURVE('',#2064,#2092,#2100,.T.);
#2102=ORIENTED_EDGE('',*,*,#2101,.F.);
#2103=ORIENTED_EDGE('',*,*,#2068,.F.);
#2104=EDGE_LOOP('',(#2090,#2097,#2102,#2103));
#2105=FACE_OUTER_BOUND('',#2104,.T.);
#2106=CARTESIAN_POINT('',(428.66025,160.,309.));
#2107=DIRECTION('',(0.92388,-0.38268,0.));
#2108=DIRECTION('',(0.38268,0.92388,0.));
#2109=AXIS2_PLACEMENT_3D('',#2106,#2107,#2108);
#2110=PLANE('',#2109);
#2111=ADVANCED_FACE('',(#2105),#2110,.T.);
#2112=DIRECTION('',(-0.13053,-0.99144,0.));
#2113=VECTOR('',#2112,2.61052);
#2114=LINE('',#1460,#2113);
#2115=EDGE_CURVE('',#1461,#2085,#2114,.T.);
#2116=ORIENTED_EDGE('',*,*,#2115,.F.);
#2117=ORIENTED_EDGE('',*,*,#1486,.T.);
#2118=DIRECTION('',(-0.13053,-0.99144,0.));
#2119=VECTOR('',#2118,2.61052);
#2120=LINE('',#1476,#2119);
#2121=EDGE_CURVE('',#1477,#2092,#2120,.T.);
#2122=ORIENTED_EDGE('',*,*,#2121,.T.);
#2123=ORIENTED_EDGE('',*,*,#2096,.F.);
#2124=EDGE_LOOP('',(#2116,#2117,#2122,#2123));
#2125=FACE_OUTER_BOUND('',#2124,.T.);
#2126=CARTESIAN_POINT('',(429.65926,162.41181,309.));
#2127=DIRECTION('',(0.99144,-0.13053,0.));
#2128=DIRECTION('',(0.13053,0.99144,0.));
#2129=AXIS2_PLACEMENT_3D('',#2126,#2127,#2128);
#2130=PLANE('',#2129);
#2131=ADVANCED_FACE('',(#2125),#2130,.T.);
#2132=ORIENTED_EDGE('',*,*,#1481,.T.);
#2133=CARTESIAN_POINT('',(427.72741,167.07055,624.84335));
#2134=VERTEX_POINT('',#2133);
#2135=DIRECTION('',(-0.96593,-0.25882,0.));
#2136=VECTOR('',#2135,2.);
#2137=LINE('',#1469,#2136);
#2138=EDGE_CURVE('',#1470,#2134,#2137,.T.);
#2139=ORIENTED_EDGE('',*,*,#2138,.T.);
#2140=CARTESIAN_POINT('',(428.,165.,624.84335));
#2141=VERTEX_POINT('',#2140);
#2142=DIRECTION('',(-0.13053,0.99144,0.));
#2143=VECTOR('',#2142,2.08842);
#2144=LINE('',#2140,#2143);
#2145=EDGE_CURVE('',#2141,#2134,#2144,.T.);
#2146=ORIENTED_EDGE('',*,*,#2145,.F.);
#2147=DIRECTION('',(-1.,0.,0.));
#2148=VECTOR('',#2147,2.);
#2149=LINE('',#1476,#2148);
#2150=EDGE_CURVE('',#1477,#2141,#2149,.T.);
#2151=ORIENTED_EDGE('',*,*,#2150,.F.);
#2152=EDGE_LOOP('',(#2132,#2139,#2146,#2151));
#2153=FACE_OUTER_BOUND('',#2152,.T.);
#2154=CARTESIAN_POINT('',(430.,165.,624.84335));
#2155=DIRECTION('',(0.,0.,1.));
#2156=DIRECTION('',(-0.13053,0.99144,0.));
#2157=AXIS2_PLACEMENT_3D('',#2154,#2155,#2156);
#2158=PLANE('',#2157);
#2159=ADVANCED_FACE('',(#2153),#2158,.T.);
#2160=ORIENTED_EDGE('',*,*,#1513,.T.);
#2161=CARTESIAN_POINT('',(426.9282,169.,624.84335));
#2162=VERTEX_POINT('',#2161);
#2163=DIRECTION('',(-0.86603,-0.5,0.));
#2164=VECTOR('',#2163,2.);
#2165=LINE('',#1503,#2164);
#2166=EDGE_CURVE('',#1504,#2162,#2165,.T.);
#2167=ORIENTED_EDGE('',*,*,#2166,.T.);
#2168=DIRECTION('',(-0.38268,0.92388,0.));
#2169=VECTOR('',#2168,2.08842);
#2170=LINE('',#2133,#2169);
#2171=EDGE_CURVE('',#2134,#2162,#2170,.T.);
#2172=ORIENTED_EDGE('',*,*,#2171,.F.);
#2173=ORIENTED_EDGE('',*,*,#2138,.F.);
#2174=EDGE_LOOP('',(#2160,#2167,#2172,#2173));
#2175=FACE_OUTER_BOUND('',#2174,.T.);
#2176=CARTESIAN_POINT('',(429.65926,167.58819,624.84335));
#2177=DIRECTION('',(0.,0.,1.));
#2178=DIRECTION('',(-0.38268,0.92388,0.));
#2179=AXIS2_PLACEMENT_3D('',#2176,#2177,#2178);
#2180=PLANE('',#2179);
#2181=ADVANCED_FACE('',(#2175),#2180,.T.);
#2182=ORIENTED_EDGE('',*,*,#1541,.T.);
#2183=CARTESIAN_POINT('',(425.65685,170.65685,624.84335));
#2184=VERTEX_POINT('',#2183);
#2185=DIRECTION('',(-0.70711,-0.70711,0.));
#2186=VECTOR('',#2185,2.);
#2187=LINE('',#1531,#2186);
#2188=EDGE_CURVE('',#1532,#2184,#2187,.T.);
#2189=ORIENTED_EDGE('',*,*,#2188,.T.);
#2190=DIRECTION('',(-0.60876,0.79335,0.));
#2191=VECTOR('',#2190,2.08842);
#2192=LINE('',#2161,#2191);
#2193=EDGE_CURVE('',#2162,#2184,#2192,.T.);
#2194=ORIENTED_EDGE('',*,*,#2193,.F.);
#2195=ORIENTED_EDGE('',*,*,#2166,.F.);
#2196=EDGE_LOOP('',(#2182,#2189,#2194,#2195));
#2197=FACE_OUTER_BOUND('',#2196,.T.);
#2198=CARTESIAN_POINT('',(428.66025,170.,624.84335));
#2199=DIRECTION('',(0.,0.,1.));
#2200=DIRECTION('',(-0.60876,0.79335,0.));
#2201=AXIS2_PLACEMENT_3D('',#2198,#2199,#2200);
#2202=PLANE('',#2201);
#2203=ADVANCED_FACE('',(#2197),#2202,.T.);
#2204=ORIENTED_EDGE('',*,*,#1569,.T.);
#2205=CARTESIAN_POINT('',(424.,171.9282,624.84335));
#2206=VERTEX_POINT('',#2205);
#2207=DIRECTION('',(-0.5,-0.86603,0.));
#2208=VECTOR('',#2207,2.);
#2209=LINE('',#1559,#2208);
#2210=EDGE_CURVE('',#1560,#2206,#2209,.T.);
#2211=ORIENTED_EDGE('',*,*,#2210,.T.);
#2212=DIRECTION('',(-0.79335,0.60876,0.));
#2213=VECTOR('',#2212,2.08842);
#2214=LINE('',#2183,#2213);
#2215=EDGE_CURVE('',#2184,#2206,#2214,.T.);
#2216=ORIENTED_EDGE('',*,*,#2215,.F.);
#2217=ORIENTED_EDGE('',*,*,#2188,.F.);
#2218=EDGE_LOOP('',(#2204,#2211,#2216,#2217));
#2219=FACE_OUTER_BOUND('',#2218,.T.);
#2220=CARTESIAN_POINT('',(427.07107,172.07107,624.84335));
#2221=DIRECTION('',(0.,0.,1.));
#2222=DIRECTION('',(-0.79335,0.60876,0.));
#2223=AXIS2_PLACEMENT_3D('',#2220,#2221,#2222);
#2224=PLANE('',#2223);
#2225=ADVANCED_FACE('',(#2219),#2224,.T.);
#2226=ORIENTED_EDGE('',*,*,#1597,.T.);
#2227=CARTESIAN_POINT('',(422.07055,172.72741,624.84335));
#2228=VERTEX_POINT('',#2227);
#2229=DIRECTION('',(-0.25882,-0.96593,0.));
#2230=VECTOR('',#2229,2.);
#2231=LINE('',#1587,#2230);
#2232=EDGE_CURVE('',#1588,#2228,#2231,.T.);
#2233=ORIENTED_EDGE('',*,*,#2232,.T.);
#2234=DIRECTION('',(-0.92388,0.38268,0.));
#2235=VECTOR('',#2234,2.08842);
#2236=LINE('',#2205,#2235);
#2237=EDGE_CURVE('',#2206,#2228,#2236,.T.);
#2238=ORIENTED_EDGE('',*,*,#2237,.F.);
#2239=ORIENTED_EDGE('',*,*,#2210,.F.);
#2240=EDGE_LOOP('',(#2226,#2233,#2238,#2239));
#2241=FACE_OUTER_BOUND('',#2240,.T.);
#2242=CARTESIAN_POINT('',(425.,173.66025,624.84335));
#2243=DIRECTION('',(0.,0.,1.));
#2244=DIRECTION('',(-0.92388,0.38268,0.));
#2245=AXIS2_PLACEMENT_3D('',#2242,#2243,#2244);
#2246=PLANE('',#2245);
#2247=ADVANCED_FACE('',(#2241),#2246,.T.);
#2248=ORIENTED_EDGE('',*,*,#1625,.T.);
#2249=CARTESIAN_POINT('',(420.,173.,624.84335));
#2250=VERTEX_POINT('',#2249);
#2251=DIRECTION('',(0.,-1.,0.));
#2252=VECTOR('',#2251,2.);
#2253=LINE('',#1615,#2252);
#2254=EDGE_CURVE('',#1616,#2250,#2253,.T.);
#2255=ORIENTED_EDGE('',*,*,#2254,.T.);
#2256=DIRECTION('',(-0.99144,0.13053,0.));
#2257=VECTOR('',#2256,2.08842);
#2258=LINE('',#2227,#2257);
#2259=EDGE_CURVE('',#2228,#2250,#2258,.T.);
#2260=ORIENTED_EDGE('',*,*,#2259,.F.);
#2261=ORIENTED_EDGE('',*,*,#2232,.F.);
#2262=EDGE_LOOP('',(#2248,#2255,#2260,#2261));
#2263=FACE_OUTER_BOUND('',#2262,.T.);
#2264=CARTESIAN_POINT('',(422.58819,174.65926,624.84335));
#2265=DIRECTION('',(0.,0.,1.));
#2266=DIRECTION('',(-0.99144,0.13053,0.));
#2267=AXIS2_PLACEMENT_3D('',#2264,#2265,#2266);
#2268=PLANE('',#2267);
#2269=ADVANCED_FACE('',(#2263),#2268,.T.);
#2270=ORIENTED_EDGE('',*,*,#1653,.T.);
#2271=CARTESIAN_POINT('',(417.92945,172.72741,624.84335));
#2272=VERTEX_POINT('',#2271);
#2273=DIRECTION('',(0.25882,-0.96593,0.));
#2274=VECTOR('',#2273,2.);
#2275=LINE('',#1643,#2274);
#2276=EDGE_CURVE('',#1644,#2272,#2275,.T.);
#2277=ORIENTED_EDGE('',*,*,#2276,.T.);
#2278=DIRECTION('',(-0.99144,-0.13053,0.));
#2279=VECTOR('',#2278,2.08842);
#2280=LINE('',#2249,#2279);
#2281=EDGE_CURVE('',#2250,#2272,#2280,.T.);
#2282=ORIENTED_EDGE('',*,*,#2281,.F.);
#2283=ORIENTED_EDGE('',*,*,#2254,.F.);
#2284=EDGE_LOOP('',(#2270,#2277,#2282,#2283));
#2285=FACE_OUTER_BOUND('',#2284,.T.);
#2286=CARTESIAN_POINT('',(420.,175.,624.84335));
#2287=DIRECTION('',(0.,0.,1.));
#2288=DIRECTION('',(-0.99144,-0.13053,0.));
#2289=AXIS2_PLACEMENT_3D('',#2286,#2287,#2288);
#2290=PLANE('',#2289);
#2291=ADVANCED_FACE('',(#2285),#2290,.T.);
#2292=ORIENTED_EDGE('',*,*,#1681,.T.);
#2293=CARTESIAN_POINT('',(416.,171.9282,624.84335));
#2294=VERTEX_POINT('',#2293);
#2295=DIRECTION('',(0.5,-0.86603,0.));
#2296=VECTOR('',#2295,2.);
#2297=LINE('',#1671,#2296);
#2298=EDGE_CURVE('',#1672,#2294,#2297,.T.);
#2299=ORIENTED_EDGE('',*,*,#2298,.T.);
#2300=DIRECTION('',(-0.92388,-0.38268,0.));
#2301=VECTOR('',#2300,2.08842);
#2302=LINE('',#2271,#2301);
#2303=EDGE_CURVE('',#2272,#2294,#2302,.T.);
#2304=ORIENTED_EDGE('',*,*,#2303,.F.);
#2305=ORIENTED_EDGE('',*,*,#2276,.F.);
#2306=EDGE_LOOP('',(#2292,#2299,#2304,#2305));
#2307=FACE_OUTER_BOUND('',#2306,.T.);
#2308=CARTESIAN_POINT('',(417.41181,174.65926,624.84335));
#2309=DIRECTION('',(0.,0.,1.));
#2310=DIRECTION('',(-0.92388,-0.38268,0.));
#2311=AXIS2_PLACEMENT_3D('',#2308,#2309,#2310);
#2312=PLANE('',#2311);
#2313=ADVANCED_FACE('',(#2307),#2312,.T.);
#2314=ORIENTED_EDGE('',*,*,#1709,.T.);
#2315=CARTESIAN_POINT('',(414.34315,170.65685,624.84335));
#2316=VERTEX_POINT('',#2315);
#2317=DIRECTION('',(0.70711,-0.70711,0.));
#2318=VECTOR('',#2317,2.);
#2319=LINE('',#1699,#2318);
#2320=EDGE_CURVE('',#1700,#2316,#2319,.T.);
#2321=ORIENTED_EDGE('',*,*,#2320,.T.);
#2322=DIRECTION('',(-0.79335,-0.60876,0.));
#2323=VECTOR('',#2322,2.08842);
#2324=LINE('',#2293,#2323);
#2325=EDGE_CURVE('',#2294,#2316,#2324,.T.);
#2326=ORIENTED_EDGE('',*,*,#2325,.F.);
#2327=ORIENTED_EDGE('',*,*,#2298,.F.);
#2328=EDGE_LOOP('',(#2314,#2321,#2326,#2327));
#2329=FACE_OUTER_BOUND('',#2328,.T.);
#2330=CARTESIAN_POINT('',(415.,173.66025,624.84335));
#2331=DIRECTION('',(0.,0.,1.));
#2332=DIRECTION('',(-0.79335,-0.60876,0.));
#2333=AXIS2_PLACEMENT_3D('',#2330,#2331,#2332);
#2334=PLANE('',#2333);
#2335=ADVANCED_FACE('',(#2329),#2334,.T.);
#2336=ORIENTED_EDGE('',*,*,#1737,.T.);
#2337=CARTESIAN_POINT('',(413.0718,169.,624.84335));
#2338=VERTEX_POINT('',#2337);
#2339=DIRECTION('',(0.86603,-0.5,0.));
#2340=VECTOR('',#2339,2.);
#2341=LINE('',#1727,#2340);
#2342=EDGE_CURVE('',#1728,#2338,#2341,.T.);
#2343=ORIENTED_EDGE('',*,*,#2342,.T.);
#2344=DIRECTION('',(-0.60876,-0.79335,0.));
#2345=VECTOR('',#2344,2.08842);
#2346=LINE('',#2315,#2345);
#2347=EDGE_CURVE('',#2316,#2338,#2346,.T.);
#2348=ORIENTED_EDGE('',*,*,#2347,.F.);
#2349=ORIENTED_EDGE('',*,*,#2320,.F.);
#2350=EDGE_LOOP('',(#2336,#2343,#2348,#2349));
#2351=FACE_OUTER_BOUND('',#2350,.T.);
#2352=CARTESIAN_POINT('',(412.92893,172.07107,624.84335));
#2353=DIRECTION('',(0.,0.,1.));
#2354=DIRECTION('',(-0.60876,-0.79335,0.));
#2355=AXIS2_PLACEMENT_3D('',#2352,#2353,#2354);
#2356=PLANE('',#2355);
#2357=ADVANCED_FACE('',(#2351),#2356,.T.);
#2358=ORIENTED_EDGE('',*,*,#1765,.T.);
#2359=CARTESIAN_POINT('',(412.27259,167.07055,624.84335));
#2360=VERTEX_POINT('',#2359);
#2361=DIRECTION('',(0.96593,-0.25882,0.));
#2362=VECTOR('',#2361,2.);
#2363=LINE('',#1755,#2362);
#2364=EDGE_CURVE('',#1756,#2360,#2363,.T.);
#2365=ORIENTED_EDGE('',*,*,#2364,.T.);
#2366=DIRECTION('',(-0.38268,-0.92388,0.));
#2367=VECTOR('',#2366,2.08842);
#2368=LINE('',#2337,#2367);
#2369=EDGE_CURVE('',#2338,#2360,#2368,.T.);
#2370=ORIENTED_EDGE('',*,*,#2369,.F.);
#2371=ORIENTED_EDGE('',*,*,#2342,.F.);
#2372=EDGE_LOOP('',(#2358,#2365,#2370,#2371));
#2373=FACE_OUTER_BOUND('',#2372,.T.);
#2374=CARTESIAN_POINT('',(411.33975,170.,624.84335));
#2375=DIRECTION('',(0.,0.,1.));
#2376=DIRECTION('',(-0.38268,-0.92388,0.));
#2377=AXIS2_PLACEMENT_3D('',#2374,#2375,#2376);
#2378=PLANE('',#2377);
#2379=ADVANCED_FACE('',(#2373),#2378,.T.);
#2380=ORIENTED_EDGE('',*,*,#1793,.T.);
#2381=CARTESIAN_POINT('',(412.,165.,624.84335));
#2382=VERTEX_POINT('',#2381);
#2383=DIRECTION('',(1.,0.,0.));
#2384=VECTOR('',#2383,2.);
#2385=LINE('',#1783,#2384);
#2386=EDGE_CURVE('',#1784,#2382,#2385,.T.);
#2387=ORIENTED_EDGE('',*,*,#2386,.T.);
#2388=DIRECTION('',(-0.13053,-0.99144,0.));
#2389=VECTOR('',#2388,2.08842);
#2390=LINE('',#2359,#2389);
#2391=EDGE_CURVE('',#2360,#2382,#2390,.T.);
#2392=ORIENTED_EDGE('',*,*,#2391,.F.);
#2393=ORIENTED_EDGE('',*,*,#2364,.F.);
#2394=EDGE_LOOP('',(#2380,#2387,#2392,#2393));
#2395=FACE_OUTER_BOUND('',#2394,.T.);
#2396=CARTESIAN_POINT('',(410.34074,167.58819,624.84335));
#2397=DIRECTION('',(0.,0.,1.));
#2398=DIRECTION('',(-0.13053,-0.99144,0.));
#2399=AXIS2_PLACEMENT_3D('',#2396,#2397,#2398);
#2400=PLANE('',#2399);
#2401=ADVANCED_FACE('',(#2395),#2400,.T.);
#2402=ORIENTED_EDGE('',*,*,#1821,.T.);
#2403=CARTESIAN_POINT('',(412.27259,162.92945,624.84335));
#2404=VERTEX_POINT('',#2403);
#2405=DIRECTION('',(0.96593,0.25882,0.));
#2406=VECTOR('',#2405,2.);
#2407=LINE('',#1811,#2406);
#2408=EDGE_CURVE('',#1812,#2404,#2407,.T.);
#2409=ORIENTED_EDGE('',*,*,#2408,.T.);
#2410=DIRECTION('',(0.13053,-0.99144,0.));
#2411=VECTOR('',#2410,2.08842);
#2412=LINE('',#2381,#2411);
#2413=EDGE_CURVE('',#2382,#2404,#2412,.T.);
#2414=ORIENTED_EDGE('',*,*,#2413,.F.);
#2415=ORIENTED_EDGE('',*,*,#2386,.F.);
#2416=EDGE_LOOP('',(#2402,#2409,#2414,#2415));
#2417=FACE_OUTER_BOUND('',#2416,.T.);
#2418=CARTESIAN_POINT('',(410.,165.,624.84335));
#2419=DIRECTION('',(0.,0.,1.));
#2420=DIRECTION('',(0.13053,-0.99144,0.));
#2421=AXIS2_PLACEMENT_3D('',#2418,#2419,#2420);
#2422=PLANE('',#2421);
#2423=ADVANCED_FACE('',(#2417),#2422,.T.);
#2424=ORIENTED_EDGE('',*,*,#1849,.T.);
#2425=CARTESIAN_POINT('',(413.0718,161.,624.84335));
#2426=VERTEX_POINT('',#2425);
#2427=DIRECTION('',(0.86603,0.5,0.));
#2428=VECTOR('',#2427,2.);
#2429=LINE('',#1839,#2428);
#2430=EDGE_CURVE('',#1840,#2426,#2429,.T.);
#2431=ORIENTED_EDGE('',*,*,#2430,.T.);
#2432=DIRECTION('',(0.38268,-0.92388,0.));
#2433=VECTOR('',#2432,2.08842);
#2434=LINE('',#2403,#2433);
#2435=EDGE_CURVE('',#2404,#2426,#2434,.T.);
#2436=ORIENTED_EDGE('',*,*,#2435,.F.);
#2437=ORIENTED_EDGE('',*,*,#2408,.F.);
#2438=EDGE_LOOP('',(#2424,#2431,#2436,#2437));
#2439=FACE_OUTER_BOUND('',#2438,.T.);
#2440=CARTESIAN_POINT('',(410.34074,162.41181,624.84335));
#2441=DIRECTION('',(0.,0.,1.));
#2442=DIRECTION('',(0.38268,-0.92388,0.));
#2443=AXIS2_PLACEMENT_3D('',#2440,#2441,#2442);
#2444=PLANE('',#2443);
#2445=ADVANCED_FACE('',(#2439),#2444,.T.);
#2446=ORIENTED_EDGE('',*,*,#1877,.T.);
#2447=CARTESIAN_POINT('',(414.34315,159.34315,624.84335));
#2448=VERTEX_POINT('',#2447);
#2449=DIRECTION('',(0.70711,0.70711,0.));
#2450=VECTOR('',#2449,2.);
#2451=LINE('',#1867,#2450);
#2452=EDGE_CURVE('',#1868,#2448,#2451,.T.);
#2453=ORIENTED_EDGE('',*,*,#2452,.T.);
#2454=DIRECTION('',(0.60876,-0.79335,0.));
#2455=VECTOR('',#2454,2.08842);
#2456=LINE('',#2425,#2455);
#2457=EDGE_CURVE('',#2426,#2448,#2456,.T.);
#2458=ORIENTED_EDGE('',*,*,#2457,.F.);
#2459=ORIENTED_EDGE('',*,*,#2430,.F.);
#2460=EDGE_LOOP('',(#2446,#2453,#2458,#2459));
#2461=FACE_OUTER_BOUND('',#2460,.T.);
#2462=CARTESIAN_POINT('',(411.33975,160.,624.84335));
#2463=DIRECTION('',(0.,0.,1.));
#2464=DIRECTION('',(0.60876,-0.79335,0.));
#2465=AXIS2_PLACEMENT_3D('',#2462,#2463,#2464);
#2466=PLANE('',#2465);
#2467=ADVANCED_FACE('',(#2461),#2466,.T.);
#2468=ORIENTED_EDGE('',*,*,#1905,.T.);
#2469=CARTESIAN_POINT('',(416.,158.0718,624.84335));
#2470=VERTEX_POINT('',#2469);
#2471=DIRECTION('',(0.5,0.86603,0.));
#2472=VECTOR('',#2471,2.);
#2473=LINE('',#1895,#2472);
#2474=EDGE_CURVE('',#1896,#2470,#2473,.T.);
#2475=ORIENTED_EDGE('',*,*,#2474,.T.);
#2476=DIRECTION('',(0.79335,-0.60876,0.));
#2477=VECTOR('',#2476,2.08842);
#2478=LINE('',#2447,#2477);
#2479=EDGE_CURVE('',#2448,#2470,#2478,.T.);
#2480=ORIENTED_EDGE('',*,*,#2479,.F.);
#2481=ORIENTED_EDGE('',*,*,#2452,.F.);
#2482=EDGE_LOOP('',(#2468,#2475,#2480,#2481));
#2483=FACE_OUTER_BOUND('',#2482,.T.);
#2484=CARTESIAN_POINT('',(412.92893,157.92893,624.84335));
#2485=DIRECTION('',(0.,0.,1.));
#2486=DIRECTION('',(0.79335,-0.60876,0.));
#2487=AXIS2_PLACEMENT_3D('',#2484,#2485,#2486);
#2488=PLANE('',#2487);
#2489=ADVANCED_FACE('',(#2483),#2488,.T.);
#2490=ORIENTED_EDGE('',*,*,#1933,.T.);
#2491=CARTESIAN_POINT('',(417.92945,157.27259,624.84335));
#2492=VERTEX_POINT('',#2491);
#2493=DIRECTION('',(0.25882,0.96593,0.));
#2494=VECTOR('',#2493,2.);
#2495=LINE('',#1923,#2494);
#2496=EDGE_CURVE('',#1924,#2492,#2495,.T.);
#2497=ORIENTED_EDGE('',*,*,#2496,.T.);
#2498=DIRECTION('',(0.92388,-0.38268,0.));
#2499=VECTOR('',#2498,2.08842);
#2500=LINE('',#2469,#2499);
#2501=EDGE_CURVE('',#2470,#2492,#2500,.T.);
#2502=ORIENTED_EDGE('',*,*,#2501,.F.);
#2503=ORIENTED_EDGE('',*,*,#2474,.F.);
#2504=EDGE_LOOP('',(#2490,#2497,#2502,#2503));
#2505=FACE_OUTER_BOUND('',#2504,.T.);
#2506=CARTESIAN_POINT('',(415.,156.33975,624.84335));
#2507=DIRECTION('',(0.,0.,1.));
#2508=DIRECTION('',(0.92388,-0.38268,0.));
#2509=AXIS2_PLACEMENT_3D('',#2506,#2507,#2508);
#2510=PLANE('',#2509);
#2511=ADVANCED_FACE('',(#2505),#2510,.T.);
#2512=ORIENTED_EDGE('',*,*,#1961,.T.);
#2513=CARTESIAN_POINT('',(420.,157.,624.84335));
#2514=VERTEX_POINT('',#2513);
#2515=DIRECTION('',(0.,1.,0.));
#2516=VECTOR('',#2515,2.);
#2517=LINE('',#1951,#2516);
#2518=EDGE_CURVE('',#1952,#2514,#2517,.T.);
#2519=ORIENTED_EDGE('',*,*,#2518,.T.);
#2520=DIRECTION('',(0.99144,-0.13053,0.));
#2521=VECTOR('',#2520,2.08842);
#2522=LINE('',#2491,#2521);
#2523=EDGE_CURVE('',#2492,#2514,#2522,.T.);
#2524=ORIENTED_EDGE('',*,*,#2523,.F.);
#2525=ORIENTED_EDGE('',*,*,#2496,.F.);
#2526=EDGE_LOOP('',(#2512,#2519,#2524,#2525));
#2527=FACE_OUTER_BOUND('',#2526,.T.);
#2528=CARTESIAN_POINT('',(417.41181,155.34074,624.84335));
#2529=DIRECTION('',(0.,0.,1.));
#2530=DIRECTION('',(0.99144,-0.13053,0.));
#2531=AXIS2_PLACEMENT_3D('',#2528,#2529,#2530);
#2532=PLANE('',#2531);
#2533=ADVANCED_FACE('',(#2527),#2532,.T.);
#2534=ORIENTED_EDGE('',*,*,#1989,.T.);
#2535=CARTESIAN_POINT('',(422.07055,157.27259,624.84335));
#2536=VERTEX_POINT('',#2535);
#2537=DIRECTION('',(-0.25882,0.96593,0.));
#2538=VECTOR('',#2537,2.);
#2539=LINE('',#1979,#2538);
#2540=EDGE_CURVE('',#1980,#2536,#2539,.T.);
#2541=ORIENTED_EDGE('',*,*,#2540,.T.);
#2542=DIRECTION('',(0.99144,0.13053,0.));
#2543=VECTOR('',#2542,2.08842);
#2544=LINE('',#2513,#2543);
#2545=EDGE_CURVE('',#2514,#2536,#2544,.T.);
#2546=ORIENTED_EDGE('',*,*,#2545,.F.);
#2547=ORIENTED_EDGE('',*,*,#2518,.F.);
#2548=EDGE_LOOP('',(#2534,#2541,#2546,#2547));
#2549=FACE_OUTER_BOUND('',#2548,.T.);
#2550=CARTESIAN_POINT('',(420.,155.,624.84335));
#2551=DIRECTION('',(0.,0.,1.));
#2552=DIRECTION('',(0.99144,0.13053,0.));
#2553=AXIS2_PLACEMENT_3D('',#2550,#2551,#2552);
#2554=PLANE('',#2553);
#2555=ADVANCED_FACE('',(#2549),#2554,.T.);
#2556=ORIENTED_EDGE('',*,*,#2017,.T.);
#2557=CARTESIAN_POINT('',(424.,158.0718,624.84335));
#2558=VERTEX_POINT('',#2557);
#2559=DIRECTION('',(-0.5,0.86603,0.));
#2560=VECTOR('',#2559,2.);
#2561=LINE('',#2007,#2560);
#2562=EDGE_CURVE('',#2008,#2558,#2561,.T.);
#2563=ORIENTED_EDGE('',*,*,#2562,.T.);
#2564=DIRECTION('',(0.92388,0.38268,0.));
#2565=VECTOR('',#2564,2.08842);
#2566=LINE('',#2535,#2565);
#2567=EDGE_CURVE('',#2536,#2558,#2566,.T.);
#2568=ORIENTED_EDGE('',*,*,#2567,.F.);
#2569=ORIENTED_EDGE('',*,*,#2540,.F.);
#2570=EDGE_LOOP('',(#2556,#2563,#2568,#2569));
#2571=FACE_OUTER_BOUND('',#2570,.T.);
#2572=CARTESIAN_POINT('',(422.58819,155.34074,624.84335));
#2573=DIRECTION('',(0.,0.,1.));
#2574=DIRECTION('',(0.92388,0.38268,0.));
#2575=AXIS2_PLACEMENT_3D('',#2572,#2573,#2574);
#2576=PLANE('',#2575);
#2577=ADVANCED_FACE('',(#2571),#2576,.T.);
#2578=ORIENTED_EDGE('',*,*,#2045,.T.);
#2579=CARTESIAN_POINT('',(425.65685,159.34315,624.84335));
#2580=VERTEX_POINT('',#2579);
#2581=DIRECTION('',(-0.70711,0.70711,0.));
#2582=VECTOR('',#2581,2.);
#2583=LINE('',#2035,#2582);
#2584=EDGE_CURVE('',#2036,#2580,#2583,.T.);
#2585=ORIENTED_EDGE('',*,*,#2584,.T.);
#2586=DIRECTION('',(0.79335,0.60876,0.));
#2587=VECTOR('',#2586,2.08842);
#2588=LINE('',#2557,#2587);
#2589=EDGE_CURVE('',#2558,#2580,#2588,.T.);
#2590=ORIENTED_EDGE('',*,*,#2589,.F.);
#2591=ORIENTED_EDGE('',*,*,#2562,.F.);
#2592=EDGE_LOOP('',(#2578,#2585,#2590,#2591));
#2593=FACE_OUTER_BOUND('',#2592,.T.);
#2594=CARTESIAN_POINT('',(425.,156.33975,624.84335));
#2595=DIRECTION('',(0.,0.,1.));
#2596=DIRECTION('',(0.79335,0.60876,0.));
#2597=AXIS2_PLACEMENT_3D('',#2594,#2595,#2596);
#2598=PLANE('',#2597);
#2599=ADVANCED_FACE('',(#2593),#2598,.T.);
#2600=ORIENTED_EDGE('',*,*,#2073,.T.);
#2601=CARTESIAN_POINT('',(426.9282,161.,624.84335));
#2602=VERTEX_POINT('',#2601);
#2603=DIRECTION('',(-0.86603,0.5,0.));
#2604=VECTOR('',#2603,2.);
#2605=LINE('',#2063,#2604);
#2606=EDGE_CURVE('',#2064,#2602,#2605,.T.);
#2607=ORIENTED_EDGE('',*,*,#2606,.T.);
#2608=DIRECTION('',(0.60876,0.79335,0.));
#2609=VECTOR('',#2608,2.08842);
#2610=LINE('',#2579,#2609);
#2611=EDGE_CURVE('',#2580,#2602,#2610,.T.);
#2612=ORIENTED_EDGE('',*,*,#2611,.F.);
#2613=ORIENTED_EDGE('',*,*,#2584,.F.);
#2614=EDGE_LOOP('',(#2600,#2607,#2612,#2613));
#2615=FACE_OUTER_BOUND('',#2614,.T.);
#2616=CARTESIAN_POINT('',(427.07107,157.92893,624.84335));
#2617=DIRECTION('',(0.,0.,1.));
#2618=DIRECTION('',(0.60876,0.79335,0.));
#2619=AXIS2_PLACEMENT_3D('',#2616,#2617,#2618);
#2620=PLANE('',#2619);
#2621=ADVANCED_FACE('',(#2615),#2620,.T.);
#2622=ORIENTED_EDGE('',*,*,#2101,.T.);
#2623=CARTESIAN_POINT('',(427.72741,162.92945,624.84335));
#2624=VERTEX_POINT('',#2623);
#2625=DIRECTION('',(-0.96593,0.25882,0.));
#2626=VECTOR('',#2625,2.);
#2627=LINE('',#2091,#2626);
#2628=EDGE_CURVE('',#2092,#2624,#2627,.T.);
#2629=ORIENTED_EDGE('',*,*,#2628,.T.);
#2630=DIRECTION('',(0.38268,0.92388,0.));
#2631=VECTOR('',#2630,2.08842);
#2632=LINE('',#2601,#2631);
#2633=EDGE_CURVE('',#2602,#2624,#2632,.T.);
#2634=ORIENTED_EDGE('',*,*,#2633,.F.);
#2635=ORIENTED_EDGE('',*,*,#2606,.F.);
#2636=EDGE_LOOP('',(#2622,#2629,#2634,#2635));
#2637=FACE_OUTER_BOUND('',#2636,.T.);
#2638=CARTESIAN_POINT('',(428.66025,160.,624.84335));
#2639=DIRECTION('',(0.,0.,1.));
#2640=DIRECTION('',(0.38268,0.92388,0.));
#2641=AXIS2_PLACEMENT_3D('',#2638,#2639,#2640);
#2642=PLANE('',#2641);
#2643=ADVANCED_FACE('',(#2637),#2642,.T.);
#2644=ORIENTED_EDGE('',*,*,#2121,.F.);
#2645=ORIENTED_EDGE('',*,*,#2150,.T.);
#2646=DIRECTION('',(-0.13053,-0.99144,0.));
#2647=VECTOR('',#2646,2.08842);
#2648=LINE('',#2140,#2647);
#2649=EDGE_CURVE('',#2141,#2624,#2648,.T.);
#2650=ORIENTED_EDGE('',*,*,#2649,.T.);
#2651=ORIENTED_EDGE('',*,*,#2628,.F.);
#2652=EDGE_LOOP('',(#2644,#2645,#2650,#2651));
#2653=FACE_OUTER_BOUND('',#2652,.T.);
#2654=CARTESIAN_POINT('',(429.65926,162.41181,624.84335));
#2655=DIRECTION('',(0.,0.,1.));
#2656=DIRECTION('',(0.13053,0.99144,0.));
#2657=AXIS2_PLACEMENT_3D('',#2654,#2655,#2656);
#2658=PLANE('',#2657);
#2659=ADVANCED_FACE('',(#2653),#2658,.T.);
#2660=ORIENTED_EDGE('',*,*,#2145,.T.);
#2661=CARTESIAN_POINT('',(427.72741,167.07055,309.));
#2662=VERTEX_POINT('',#2661);
#2663=DIRECTION('',(0.,0.,-1.));
#2664=VECTOR('',#2663,315.84335);
#2665=LINE('',#2133,#2664);
#2666=EDGE_CURVE('',#2134,#2662,#2665,.T.);
#2667=ORIENTED_EDGE('',*,*,#2666,.T.);
#2668=CARTESIAN_POINT('',(428.,165.,309.));
#2669=VERTEX_POINT('',#2668);
#2670=DIRECTION('',(-0.13053,0.99144,0.));
#2671=VECTOR('',#2670,2.08842);
#2672=LINE('',#2668,#2671);
#2673=EDGE_CURVE('',#2669,#2662,#2672,.T.);
#2674=ORIENTED_EDGE('',*,*,#2673,.F.);
#2675=DIRECTION('',(0.,0.,-1.));
#2676=VECTOR('',#2675,315.84335);
#2677=LINE('',#2140,#2676);
#2678=EDGE_CURVE('',#2141,#2669,#2677,.T.);
#2679=ORIENTED_EDGE('',*,*,#2678,.F.);
#2680=EDGE_LOOP('',(#2660,#2667,#2674,#2679));
#2681=FACE_OUTER_BOUND('',#2680,.T.);
#2682=CARTESIAN_POINT('',(428.,165.,624.84335));
#2683=DIRECTION('',(-0.99144,-0.13053,0.));
#2684=DIRECTION('',(-0.13053,0.99144,0.));
#2685=AXIS2_PLACEMENT_3D('',#2682,#2683,#2684);
#2686=PLANE('',#2685);
#2687=ADVANCED_FACE('',(#2681),#2686,.T.);
#2688=ORIENTED_EDGE('',*,*,#2171,.T.);
#2689=CARTESIAN_POINT('',(426.9282,169.,309.));
#2690=VERTEX_POINT('',#2689);
#2691=DIRECTION('',(0.,0.,-1.));
#2692=VECTOR('',#2691,315.84335);
#2693=LINE('',#2161,#2692);
#2694=EDGE_CURVE('',#2162,#2690,#2693,.T.);
#2695=ORIENTED_EDGE('',*,*,#2694,.T.);
#2696=DIRECTION('',(-0.38268,0.92388,0.));
#2697=VECTOR('',#2696,2.08842);
#2698=LINE('',#2661,#2697);
#2699=EDGE_CURVE('',#2662,#2690,#2698,.T.);
#2700=ORIENTED_EDGE('',*,*,#2699,.F.);
#2701=ORIENTED_EDGE('',*,*,#2666,.F.);
#2702=EDGE_LOOP('',(#2688,#2695,#2700,#2701));
#2703=FACE_OUTER_BOUND('',#2702,.T.);
#2704=CARTESIAN_POINT('',(427.72741,167.07055,624.84335));
#2705=DIRECTION('',(-0.92388,-0.38268,0.));
#2706=DIRECTION('',(-0.38268,0.92388,0.));
#2707=AXIS2_PLACEMENT_3D('',#2704,#2705,#2706);
#2708=PLANE('',#2707);
#2709=ADVANCED_FACE('',(#2703),#2708,.T.);
#2710=ORIENTED_EDGE('',*,*,#2193,.T.);
#2711=CARTESIAN_POINT('',(425.65685,170.65685,309.));
#2712=VERTEX_POINT('',#2711);
#2713=DIRECTION('',(0.,0.,-1.));
#2714=VECTOR('',#2713,315.84335);
#2715=LINE('',#2183,#2714);
#2716=EDGE_CURVE('',#2184,#2712,#2715,.T.);
#2717=ORIENTED_EDGE('',*,*,#2716,.T.);
#2718=DIRECTION('',(-0.60876,0.79335,0.));
#2719=VECTOR('',#2718,2.08842);
#2720=LINE('',#2689,#2719);
#2721=EDGE_CURVE('',#2690,#2712,#2720,.T.);
#2722=ORIENTED_EDGE('',*,*,#2721,.F.);
#2723=ORIENTED_EDGE('',*,*,#2694,.F.);
#2724=EDGE_LOOP('',(#2710,#2717,#2722,#2723));
#2725=FACE_OUTER_BOUND('',#2724,.T.);
#2726=CARTESIAN_POINT('',(426.9282,169.,624.84335));
#2727=DIRECTION('',(-0.79335,-0.60876,0.));
#2728=DIRECTION('',(-0.60876,0.79335,0.));
#2729=AXIS2_PLACEMENT_3D('',#2726,#2727,#2728);
#2730=PLANE('',#2729);
#2731=ADVANCED_FACE('',(#2725),#2730,.T.);
#2732=ORIENTED_EDGE('',*,*,#2215,.T.);
#2733=CARTESIAN_POINT('',(424.,171.9282,309.));
#2734=VERTEX_POINT('',#2733);
#2735=DIRECTION('',(0.,0.,-1.));
#2736=VECTOR('',#2735,315.84335);
#2737=LINE('',#2205,#2736);
#2738=EDGE_CURVE('',#2206,#2734,#2737,.T.);
#2739=ORIENTED_EDGE('',*,*,#2738,.T.);
#2740=DIRECTION('',(-0.79335,0.60876,0.));
#2741=VECTOR('',#2740,2.08842);
#2742=LINE('',#2711,#2741);
#2743=EDGE_CURVE('',#2712,#2734,#2742,.T.);
#2744=ORIENTED_EDGE('',*,*,#2743,.F.);
#2745=ORIENTED_EDGE('',*,*,#2716,.F.);
#2746=EDGE_LOOP('',(#2732,#2739,#2744,#2745));
#2747=FACE_OUTER_BOUND('',#2746,.T.);
#2748=CARTESIAN_POINT('',(425.65685,170.65685,624.84335));
#2749=DIRECTION('',(-0.60876,-0.79335,0.));
#2750=DIRECTION('',(-0.79335,0.60876,0.));
#2751=AXIS2_PLACEMENT_3D('',#2748,#2749,#2750);
#2752=PLANE('',#2751);
#2753=ADVANCED_FACE('',(#2747),#2752,.T.);
#2754=ORIENTED_EDGE('',*,*,#2237,.T.);
#2755=CARTESIAN_POINT('',(422.07055,172.72741,309.));
#2756=VERTEX_POINT('',#2755);
#2757=DIRECTION('',(0.,0.,-1.));
#2758=VECTOR('',#2757,315.84335);
#2759=LINE('',#2227,#2758);
#2760=EDGE_CURVE('',#2228,#2756,#2759,.T.);
#2761=ORIENTED_EDGE('',*,*,#2760,.T.);
#2762=DIRECTION('',(-0.92388,0.38268,0.));
#2763=VECTOR('',#2762,2.08842);
#2764=LINE('',#2733,#2763);
#2765=EDGE_CURVE('',#2734,#2756,#2764,.T.);
#2766=ORIENTED_EDGE('',*,*,#2765,.F.);
#2767=ORIENTED_EDGE('',*,*,#2738,.F.);
#2768=EDGE_LOOP('',(#2754,#2761,#2766,#2767));
#2769=FACE_OUTER_BOUND('',#2768,.T.);
#2770=CARTESIAN_POINT('',(424.,171.9282,624.84335));
#2771=DIRECTION('',(-0.38268,-0.92388,0.));
#2772=DIRECTION('',(-0.92388,0.38268,0.));
#2773=AXIS2_PLACEMENT_3D('',#2770,#2771,#2772);
#2774=PLANE('',#2773);
#2775=ADVANCED_FACE('',(#2769),#2774,.T.);
#2776=ORIENTED_EDGE('',*,*,#2259,.T.);
#2777=CARTESIAN_POINT('',(420.,173.,309.));
#2778=VERTEX_POINT('',#2777);
#2779=DIRECTION('',(0.,0.,-1.));
#2780=VECTOR('',#2779,315.84335);
#2781=LINE('',#2249,#2780);
#2782=EDGE_CURVE('',#2250,#2778,#2781,.T.);
#2783=ORIENTED_EDGE('',*,*,#2782,.T.);
#2784=DIRECTION('',(-0.99144,0.13053,0.));
#2785=VECTOR('',#2784,2.08842);
#2786=LINE('',#2755,#2785);
#2787=EDGE_CURVE('',#2756,#2778,#2786,.T.);
#2788=ORIENTED_EDGE('',*,*,#2787,.F.);
#2789=ORIENTED_EDGE('',*,*,#2760,.F.);
#2790=EDGE_LOOP('',(#2776,#2783,#2788,#2789));
#2791=FACE_OUTER_BOUND('',#2790,.T.);
#2792=CARTESIAN_POINT('',(422.07055,172.72741,624.84335));
#2793=DIRECTION('',(-0.13053,-0.99144,0.));
#2794=DIRECTION('',(-0.99144,0.13053,0.));
#2795=AXIS2_PLACEMENT_3D('',#2792,#2793,#2794);
#2796=PLANE('',#2795);
#2797=ADVANCED_FACE('',(#2791),#2796,.T.);
#2798=ORIENTED_EDGE('',*,*,#2281,.T.);
#2799=CARTESIAN_POINT('',(417.92945,172.72741,309.));
#2800=VERTEX_POINT('',#2799);
#2801=DIRECTION('',(0.,0.,-1.));
#2802=VECTOR('',#2801,315.84335);
#2803=LINE('',#2271,#2802);
#2804=EDGE_CURVE('',#2272,#2800,#2803,.T.);
#2805=ORIENTED_EDGE('',*,*,#2804,.T.);
#2806=DIRECTION('',(-0.99144,-0.13053,0.));
#2807=VECTOR('',#2806,2.08842);
#2808=LINE('',#2777,#2807);
#2809=EDGE_CURVE('',#2778,#2800,#2808,.T.);
#2810=ORIENTED_EDGE('',*,*,#2809,.F.);
#2811=ORIENTED_EDGE('',*,*,#2782,.F.);
#2812=EDGE_LOOP('',(#2798,#2805,#2810,#2811));
#2813=FACE_OUTER_BOUND('',#2812,.T.);
#2814=CARTESIAN_POINT('',(420.,173.,624.84335));
#2815=DIRECTION('',(0.13053,-0.99144,0.));
#2816=DIRECTION('',(-0.99144,-0.13053,0.));
#2817=AXIS2_PLACEMENT_3D('',#2814,#2815,#2816);
#2818=PLANE('',#2817);
#2819=ADVANCED_FACE('',(#2813),#2818,.T.);
#2820=ORIENTED_EDGE('',*,*,#2303,.T.);
#2821=CARTESIAN_POINT('',(416.,171.9282,309.));
#2822=VERTEX_POINT('',#2821);
#2823=DIRECTION('',(0.,0.,-1.));
#2824=VECTOR('',#2823,315.84335);
#2825=LINE('',#2293,#2824);
#2826=EDGE_CURVE('',#2294,#2822,#2825,.T.);
#2827=ORIENTED_EDGE('',*,*,#2826,.T.);
#2828=DIRECTION('',(-0.92388,-0.38268,0.));
#2829=VECTOR('',#2828,2.08842);
#2830=LINE('',#2799,#2829);
#2831=EDGE_CURVE('',#2800,#2822,#2830,.T.);
#2832=ORIENTED_EDGE('',*,*,#2831,.F.);
#2833=ORIENTED_EDGE('',*,*,#2804,.F.);
#2834=EDGE_LOOP('',(#2820,#2827,#2832,#2833));
#2835=FACE_OUTER_BOUND('',#2834,.T.);
#2836=CARTESIAN_POINT('',(417.92945,172.72741,624.84335));
#2837=DIRECTION('',(0.38268,-0.92388,0.));
#2838=DIRECTION('',(-0.92388,-0.38268,0.));
#2839=AXIS2_PLACEMENT_3D('',#2836,#2837,#2838);
#2840=PLANE('',#2839);
#2841=ADVANCED_FACE('',(#2835),#2840,.T.);
#2842=ORIENTED_EDGE('',*,*,#2325,.T.);
#2843=CARTESIAN_POINT('',(414.34315,170.65685,309.));
#2844=VERTEX_POINT('',#2843);
#2845=DIRECTION('',(0.,0.,-1.));
#2846=VECTOR('',#2845,315.84335);
#2847=LINE('',#2315,#2846);
#2848=EDGE_CURVE('',#2316,#2844,#2847,.T.);
#2849=ORIENTED_EDGE('',*,*,#2848,.T.);
#2850=DIRECTION('',(-0.79335,-0.60876,0.));
#2851=VECTOR('',#2850,2.08842);
#2852=LINE('',#2821,#2851);
#2853=EDGE_CURVE('',#2822,#2844,#2852,.T.);
#2854=ORIENTED_EDGE('',*,*,#2853,.F.);
#2855=ORIENTED_EDGE('',*,*,#2826,.F.);
#2856=EDGE_LOOP('',(#2842,#2849,#2854,#2855));
#2857=FACE_OUTER_BOUND('',#2856,.T.);
#2858=CARTESIAN_POINT('',(416.,171.9282,624.84335));
#2859=DIRECTION('',(0.60876,-0.79335,0.));
#2860=DIRECTION('',(-0.79335,-0.60876,0.));
#2861=AXIS2_PLACEMENT_3D('',#2858,#2859,#2860);
#2862=PLANE('',#2861);
#2863=ADVANCED_FACE('',(#2857),#2862,.T.);
#2864=ORIENTED_EDGE('',*,*,#2347,.T.);
#2865=CARTESIAN_POINT('',(413.0718,169.,309.));
#2866=VERTEX_POINT('',#2865);
#2867=DIRECTION('',(0.,0.,-1.));
#2868=VECTOR('',#2867,315.84335);
#2869=LINE('',#2337,#2868);
#2870=EDGE_CURVE('',#2338,#2866,#2869,.T.);
#2871=ORIENTED_EDGE('',*,*,#2870,.T.);
#2872=DIRECTION('',(-0.60876,-0.79335,0.));
#2873=VECTOR('',#2872,2.08842);
#2874=LINE('',#2843,#2873);
#2875=EDGE_CURVE('',#2844,#2866,#2874,.T.);
#2876=ORIENTED_EDGE('',*,*,#2875,.F.);
#2877=ORIENTED_EDGE('',*,*,#2848,.F.);
#2878=EDGE_LOOP('',(#2864,#2871,#2876,#2877));
#2879=FACE_OUTER_BOUND('',#2878,.T.);
#2880=CARTESIAN_POINT('',(414.34315,170.65685,624.84335));
#2881=DIRECTION('',(0.79335,-0.60876,0.));
#2882=DIRECTION('',(-0.60876,-0.79335,0.));
#2883=AXIS2_PLACEMENT_3D('',#2880,#2881,#2882);
#2884=PLANE('',#2883);
#2885=ADVANCED_FACE('',(#2879),#2884,.T.);
#2886=ORIENTED_EDGE('',*,*,#2369,.T.);
#2887=CARTESIAN_POINT('',(412.27259,167.07055,309.));
#2888=VERTEX_POINT('',#2887);
#2889=DIRECTION('',(0.,0.,-1.));
#2890=VECTOR('',#2889,315.84335);
#2891=LINE('',#2359,#2890);
#2892=EDGE_CURVE('',#2360,#2888,#2891,.T.);
#2893=ORIENTED_EDGE('',*,*,#2892,.T.);
#2894=DIRECTION('',(-0.38268,-0.92388,0.));
#2895=VECTOR('',#2894,2.08842);
#2896=LINE('',#2865,#2895);
#2897=EDGE_CURVE('',#2866,#2888,#2896,.T.);
#2898=ORIENTED_EDGE('',*,*,#2897,.F.);
#2899=ORIENTED_EDGE('',*,*,#2870,.F.);
#2900=EDGE_LOOP('',(#2886,#2893,#2898,#2899));
#2901=FACE_OUTER_BOUND('',#2900,.T.);
#2902=CARTESIAN_POINT('',(413.0718,169.,624.84335));
#2903=DIRECTION('',(0.92388,-0.38268,0.));
#2904=DIRECTION('',(-0.38268,-0.92388,0.));
#2905=AXIS2_PLACEMENT_3D('',#2902,#2903,#2904);
#2906=PLANE('',#2905);
#2907=ADVANCED_FACE('',(#2901),#2906,.T.);
#2908=ORIENTED_EDGE('',*,*,#2391,.T.);
#2909=CARTESIAN_POINT('',(412.,165.,309.));
#2910=VERTEX_POINT('',#2909);
#2911=DIRECTION('',(0.,0.,-1.));
#2912=VECTOR('',#2911,315.84335);
#2913=LINE('',#2381,#2912);
#2914=EDGE_CURVE('',#2382,#2910,#2913,.T.);
#2915=ORIENTED_EDGE('',*,*,#2914,.T.);
#2916=DIRECTION('',(-0.13053,-0.99144,0.));
#2917=VECTOR('',#2916,2.08842);
#2918=LINE('',#2887,#2917);
#2919=EDGE_CURVE('',#2888,#2910,#2918,.T.);
#2920=ORIENTED_EDGE('',*,*,#2919,.F.);
#2921=ORIENTED_EDGE('',*,*,#2892,.F.);
#2922=EDGE_LOOP('',(#2908,#2915,#2920,#2921));
#2923=FACE_OUTER_BOUND('',#2922,.T.);
#2924=CARTESIAN_POINT('',(412.27259,167.07055,624.84335));
#2925=DIRECTION('',(0.99144,-0.13053,0.));
#2926=DIRECTION('',(-0.13053,-0.99144,0.));
#2927=AXIS2_PLACEMENT_3D('',#2924,#2925,#2926);
#2928=PLANE('',#2927);
#2929=ADVANCED_FACE('',(#2923),#2928,.T.);
#2930=ORIENTED_EDGE('',*,*,#2413,.T.);
#2931=CARTESIAN_POINT('',(412.27259,162.92945,309.));
#2932=VERTEX_POINT('',#2931);
#2933=DIRECTION('',(0.,0.,-1.));
#2934=VECTOR('',#2933,315.84335);
#2935=LINE('',#2403,#2934);
#2936=EDGE_CURVE('',#2404,#2932,#2935,.T.);
#2937=ORIENTED_EDGE('',*,*,#2936,.T.);
#2938=DIRECTION('',(0.13053,-0.99144,0.));
#2939=VECTOR('',#2938,2.08842);
#2940=LINE('',#2909,#2939);
#2941=EDGE_CURVE('',#2910,#2932,#2940,.T.);
#2942=ORIENTED_EDGE('',*,*,#2941,.F.);
#2943=ORIENTED_EDGE('',*,*,#2914,.F.);
#2944=EDGE_LOOP('',(#2930,#2937,#2942,#2943));
#2945=FACE_OUTER_BOUND('',#2944,.T.);
#2946=CARTESIAN_POINT('',(412.,165.,624.84335));
#2947=DIRECTION('',(0.99144,0.13053,0.));
#2948=DIRECTION('',(0.13053,-0.99144,0.));
#2949=AXIS2_PLACEMENT_3D('',#2946,#2947,#2948);
#2950=PLANE('',#2949);
#2951=ADVANCED_FACE('',(#2945),#2950,.T.);
#2952=ORIENTED_EDGE('',*,*,#2435,.T.);
#2953=CARTESIAN_POINT('',(413.0718,161.,309.));
#2954=VERTEX_POINT('',#2953);
#2955=DIRECTION('',(0.,0.,-1.));
#2956=VECTOR('',#2955,315.84335);
#2957=LINE('',#2425,#2956);
#2958=EDGE_CURVE('',#2426,#2954,#2957,.T.);
#2959=ORIENTED_EDGE('',*,*,#2958,.T.);
#2960=DIRECTION('',(0.38268,-0.92388,0.));
#2961=VECTOR('',#2960,2.08842);
#2962=LINE('',#2931,#2961);
#2963=EDGE_CURVE('',#2932,#2954,#2962,.T.);
#2964=ORIENTED_EDGE('',*,*,#2963,.F.);
#2965=ORIENTED_EDGE('',*,*,#2936,.F.);
#2966=EDGE_LOOP('',(#2952,#2959,#2964,#2965));
#2967=FACE_OUTER_BOUND('',#2966,.T.);
#2968=CARTESIAN_POINT('',(412.27259,162.92945,624.84335));
#2969=DIRECTION('',(0.92388,0.38268,0.));
#2970=DIRECTION('',(0.38268,-0.92388,0.));
#2971=AXIS2_PLACEMENT_3D('',#2968,#2969,#2970);
#2972=PLANE('',#2971);
#2973=ADVANCED_FACE('',(#2967),#2972,.T.);
#2974=ORIENTED_EDGE('',*,*,#2457,.T.);
#2975=CARTESIAN_POINT('',(414.34315,159.34315,309.));
#2976=VERTEX_POINT('',#2975);
#2977=DIRECTION('',(0.,0.,-1.));
#2978=VECTOR('',#2977,315.84335);
#2979=LINE('',#2447,#2978);
#2980=EDGE_CURVE('',#2448,#2976,#2979,.T.);
#2981=ORIENTED_EDGE('',*,*,#2980,.T.);
#2982=DIRECTION('',(0.60876,-0.79335,0.));
#2983=VECTOR('',#2982,2.08842);
#2984=LINE('',#2953,#2983);
#2985=EDGE_CURVE('',#2954,#2976,#2984,.T.);
#2986=ORIENTED_EDGE('',*,*,#2985,.F.);
#2987=ORIENTED_EDGE('',*,*,#2958,.F.);
#2988=EDGE_LOOP('',(#2974,#2981,#2986,#2987));
#2989=FACE_OUTER_BOUND('',#2988,.T.);
#2990=CARTESIAN_POINT('',(413.0718,161.,624.84335));
#2991=DIRECTION('',(0.79335,0.60876,0.));
#2992=DIRECTION('',(0.60876,-0.79335,0.));
#2993=AXIS2_PLACEMENT_3D('',#2990,#2991,#2992);
#2994=PLANE('',#2993);
#2995=ADVANCED_FACE('',(#2989),#2994,.T.);
#2996=ORIENTED_EDGE('',*,*,#2479,.T.);
#2997=CARTESIAN_POINT('',(416.,158.0718,309.));
#2998=VERTEX_POINT('',#2997);
#2999=DIRECTION('',(0.,0.,-1.));
#3000=VECTOR('',#2999,315.84335);
#3001=LINE('',#2469,#3000);
#3002=EDGE_CURVE('',#2470,#2998,#3001,.T.);
#3003=ORIENTED_EDGE('',*,*,#3002,.T.);
#3004=DIRECTION('',(0.79335,-0.60876,0.));
#3005=VECTOR('',#3004,2.08842);
#3006=LINE('',#2975,#3005);
#3007=EDGE_CURVE('',#2976,#2998,#3006,.T.);
#3008=ORIENTED_EDGE('',*,*,#3007,.F.);
#3009=ORIENTED_EDGE('',*,*,#2980,.F.);
#3010=EDGE_LOOP('',(#2996,#3003,#3008,#3009));
#3011=FACE_OUTER_BOUND('',#3010,.T.);
#3012=CARTESIAN_POINT('',(414.34315,159.34315,624.84335));
#3013=DIRECTION('',(0.60876,0.79335,0.));
#3014=DIRECTION('',(0.79335,-0.60876,0.));
#3015=AXIS2_PLACEMENT_3D('',#3012,#3013,#3014);
#3016=PLANE('',#3015);
#3017=ADVANCED_FACE('',(#3011),#3016,.T.);
#3018=ORIENTED_EDGE('',*,*,#2501,.T.);
#3019=CARTESIAN_POINT('',(417.92945,157.27259,309.));
#3020=VERTEX_POINT('',#3019);
#3021=DIRECTION('',(0.,0.,-1.));
#3022=VECTOR('',#3021,315.84335);
#3023=LINE('',#2491,#3022);
#3024=EDGE_CURVE('',#2492,#3020,#3023,.T.);
#3025=ORIENTED_EDGE('',*,*,#3024,.T.);
#3026=DIRECTION('',(0.92388,-0.38268,0.));
#3027=VECTOR('',#3026,2.08842);
#3028=LINE('',#2997,#3027);
#3029=EDGE_CURVE('',#2998,#3020,#3028,.T.);
#3030=ORIENTED_EDGE('',*,*,#3029,.F.);
#3031=ORIENTED_EDGE('',*,*,#3002,.F.);
#3032=EDGE_LOOP('',(#3018,#3025,#3030,#3031));
#3033=FACE_OUTER_BOUND('',#3032,.T.);
#3034=CARTESIAN_POINT('',(416.,158.0718,624.84335));
#3035=DIRECTION('',(0.38268,0.92388,0.));
#3036=DIRECTION('',(0.92388,-0.38268,0.));
#3037=AXIS2_PLACEMENT_3D('',#3034,#3035,#3036);
#3038=PLANE('',#3037);
#3039=ADVANCED_FACE('',(#3033),#3038,.T.);
#3040=ORIENTED_EDGE('',*,*,#2523,.T.);
#3041=CARTESIAN_POINT('',(420.,157.,309.));
#3042=VERTEX_POINT('',#3041);
#3043=DIRECTION('',(0.,0.,-1.));
#3044=VECTOR('',#3043,315.84335);
#3045=LINE('',#2513,#3044);
#3046=EDGE_CURVE('',#2514,#3042,#3045,.T.);
#3047=ORIENTED_EDGE('',*,*,#3046,.T.);
#3048=DIRECTION('',(0.99144,-0.13053,0.));
#3049=VECTOR('',#3048,2.08842);
#3050=LINE('',#3019,#3049);
#3051=EDGE_CURVE('',#3020,#3042,#3050,.T.);
#3052=ORIENTED_EDGE('',*,*,#3051,.F.);
#3053=ORIENTED_EDGE('',*,*,#3024,.F.);
#3054=EDGE_LOOP('',(#3040,#3047,#3052,#3053));
#3055=FACE_OUTER_BOUND('',#3054,.T.);
#3056=CARTESIAN_POINT('',(417.92945,157.27259,624.84335));
#3057=DIRECTION('',(0.13053,0.99144,0.));
#3058=DIRECTION('',(0.99144,-0.13053,0.));
#3059=AXIS2_PLACEMENT_3D('',#3056,#3057,#3058);
#3060=PLANE('',#3059);
#3061=ADVANCED_FACE('',(#3055),#3060,.T.);
#3062=ORIENTED_EDGE('',*,*,#2545,.T.);
#3063=CARTESIAN_POINT('',(422.07055,157.27259,309.));
#3064=VERTEX_POINT('',#3063);
#3065=DIRECTION('',(0.,0.,-1.));
#3066=VECTOR('',#3065,315.84335);
#3067=LINE('',#2535,#3066);
#3068=EDGE_CURVE('',#2536,#3064,#3067,.T.);
#3069=ORIENTED_EDGE('',*,*,#3068,.T.);
#3070=DIRECTION('',(0.99144,0.13053,0.));
#3071=VECTOR('',#3070,2.08842);
#3072=LINE('',#3041,#3071);
#3073=EDGE_CURVE('',#3042,#3064,#3072,.T.);
#3074=ORIENTED_EDGE('',*,*,#3073,.F.);
#3075=ORIENTED_EDGE('',*,*,#3046,.F.);
#3076=EDGE_LOOP('',(#3062,#3069,#3074,#3075));
#3077=FACE_OUTER_BOUND('',#3076,.T.);
#3078=CARTESIAN_POINT('',(420.,157.,624.84335));
#3079=DIRECTION('',(-0.13053,0.99144,0.));
#3080=DIRECTION('',(0.99144,0.13053,0.));
#3081=AXIS2_PLACEMENT_3D('',#3078,#3079,#3080);
#3082=PLANE('',#3081);
#3083=ADVANCED_FACE('',(#3077),#3082,.T.);
#3084=ORIENTED_EDGE('',*,*,#2567,.T.);
#3085=CARTESIAN_POINT('',(424.,158.0718,309.));
#3086=VERTEX_POINT('',#3085);
#3087=DIRECTION('',(0.,0.,-1.));
#3088=VECTOR('',#3087,315.84335);
#3089=LINE('',#2557,#3088);
#3090=EDGE_CURVE('',#2558,#3086,#3089,.T.);
#3091=ORIENTED_EDGE('',*,*,#3090,.T.);
#3092=DIRECTION('',(0.92388,0.38268,0.));
#3093=VECTOR('',#3092,2.08842);
#3094=LINE('',#3063,#3093);
#3095=EDGE_CURVE('',#3064,#3086,#3094,.T.);
#3096=ORIENTED_EDGE('',*,*,#3095,.F.);
#3097=ORIENTED_EDGE('',*,*,#3068,.F.);
#3098=EDGE_LOOP('',(#3084,#3091,#3096,#3097));
#3099=FACE_OUTER_BOUND('',#3098,.T.);
#3100=CARTESIAN_POINT('',(422.07055,157.27259,624.84335));
#3101=DIRECTION('',(-0.38268,0.92388,0.));
#3102=DIRECTION('',(0.92388,0.38268,0.));
#3103=AXIS2_PLACEMENT_3D('',#3100,#3101,#3102);
#3104=PLANE('',#3103);
#3105=ADVANCED_FACE('',(#3099),#3104,.T.);
#3106=ORIENTED_EDGE('',*,*,#2589,.T.);
#3107=CARTESIAN_POINT('',(425.65685,159.34315,309.));
#3108=VERTEX_POINT('',#3107);
#3109=DIRECTION('',(0.,0.,-1.));
#3110=VECTOR('',#3109,315.84335);
#3111=LINE('',#2579,#3110);
#3112=EDGE_CURVE('',#2580,#3108,#3111,.T.);
#3113=ORIENTED_EDGE('',*,*,#3112,.T.);
#3114=DIRECTION('',(0.79335,0.60876,0.));
#3115=VECTOR('',#3114,2.08842);
#3116=LINE('',#3085,#3115);
#3117=EDGE_CURVE('',#3086,#3108,#3116,.T.);
#3118=ORIENTED_EDGE('',*,*,#3117,.F.);
#3119=ORIENTED_EDGE('',*,*,#3090,.F.);
#3120=EDGE_LOOP('',(#3106,#3113,#3118,#3119));
#3121=FACE_OUTER_BOUND('',#3120,.T.);
#3122=CARTESIAN_POINT('',(424.,158.0718,624.84335));
#3123=DIRECTION('',(-0.60876,0.79335,0.));
#3124=DIRECTION('',(0.79335,0.60876,0.));
#3125=AXIS2_PLACEMENT_3D('',#3122,#3123,#3124);
#3126=PLANE('',#3125);
#3127=ADVANCED_FACE('',(#3121),#3126,.T.);
#3128=ORIENTED_EDGE('',*,*,#2611,.T.);
#3129=CARTESIAN_POINT('',(426.9282,161.,309.));
#3130=VERTEX_POINT('',#3129);
#3131=DIRECTION('',(0.,0.,-1.));
#3132=VECTOR('',#3131,315.84335);
#3133=LINE('',#2601,#3132);
#3134=EDGE_CURVE('',#2602,#3130,#3133,.T.);
#3135=ORIENTED_EDGE('',*,*,#3134,.T.);
#3136=DIRECTION('',(0.60876,0.79335,0.));
#3137=VECTOR('',#3136,2.08842);
#3138=LINE('',#3107,#3137);
#3139=EDGE_CURVE('',#3108,#3130,#3138,.T.);
#3140=ORIENTED_EDGE('',*,*,#3139,.F.);
#3141=ORIENTED_EDGE('',*,*,#3112,.F.);
#3142=EDGE_LOOP('',(#3128,#3135,#3140,#3141));
#3143=FACE_OUTER_BOUND('',#3142,.T.);
#3144=CARTESIAN_POINT('',(425.65685,159.34315,624.84335));
#3145=DIRECTION('',(-0.79335,0.60876,0.));
#3146=DIRECTION('',(0.60876,0.79335,0.));
#3147=AXIS2_PLACEMENT_3D('',#3144,#3145,#3146);
#3148=PLANE('',#3147);
#3149=ADVANCED_FACE('',(#3143),#3148,.T.);
#3150=ORIENTED_EDGE('',*,*,#2633,.T.);
#3151=CARTESIAN_POINT('',(427.72741,162.92945,309.));
#3152=VERTEX_POINT('',#3151);
#3153=DIRECTION('',(0.,0.,-1.));
#3154=VECTOR('',#3153,315.84335);
#3155=LINE('',#2623,#3154);
#3156=EDGE_CURVE('',#2624,#3152,#3155,.T.);
#3157=ORIENTED_EDGE('',*,*,#3156,.T.);
#3158=DIRECTION('',(0.38268,0.92388,0.));
#3159=VECTOR('',#3158,2.08842);
#3160=LINE('',#3129,#3159);
#3161=EDGE_CURVE('',#3130,#3152,#3160,.T.);
#3162=ORIENTED_EDGE('',*,*,#3161,.F.);
#3163=ORIENTED_EDGE('',*,*,#3134,.F.);
#3164=EDGE_LOOP('',(#3150,#3157,#3162,#3163));
#3165=FACE_OUTER_BOUND('',#3164,.T.);
#3166=CARTESIAN_POINT('',(426.9282,161.,624.84335));
#3167=DIRECTION('',(-0.92388,0.38268,0.));
#3168=DIRECTION('',(0.38268,0.92388,0.));
#3169=AXIS2_PLACEMENT_3D('',#3166,#3167,#3168);
#3170=PLANE('',#3169);
#3171=ADVANCED_FACE('',(#3165),#3170,.T.);
#3172=ORIENTED_EDGE('',*,*,#2649,.F.);
#3173=ORIENTED_EDGE('',*,*,#2678,.T.);
#3174=DIRECTION('',(-0.13053,-0.99144,0.));
#3175=VECTOR('',#3174,2.08842);
#3176=LINE('',#2668,#3175);
#3177=EDGE_CURVE('',#2669,#3152,#3176,.T.);
#3178=ORIENTED_EDGE('',*,*,#3177,.T.);
#3179=ORIENTED_EDGE('',*,*,#3156,.F.);
#3180=EDGE_LOOP('',(#3172,#3173,#3178,#3179));
#3181=FACE_OUTER_BOUND('',#3180,.T.);
#3182=CARTESIAN_POINT('',(427.72741,162.92945,624.84335));
#3183=DIRECTION('',(-0.99144,0.13053,0.));
#3184=DIRECTION('',(0.13053,0.99144,0.));
#3185=AXIS2_PLACEMENT_3D('',#3182,#3183,#3184);
#3186=PLANE('',#3185);
#3187=ADVANCED_FACE('',(#3181),#3186,.T.);
#3188=ORIENTED_EDGE('',*,*,#2673,.T.);
#3189=DIRECTION('',(-0.96593,-0.25882,0.));
#3190=VECTOR('',#3189,2.);
#3191=LINE('',#1462,#3190);
#3192=EDGE_CURVE('',#1463,#2662,#3191,.T.);
#3193=ORIENTED_EDGE('',*,*,#3192,.F.);
#3194=ORIENTED_EDGE('',*,*,#1467,.F.);
#3195=DIRECTION('',(-1.,0.,0.));
#3196=VECTOR('',#3195,2.);
#3197=LINE('',#1460,#3196);
#3198=EDGE_CURVE('',#1461,#2669,#3197,.T.);
#3199=ORIENTED_EDGE('',*,*,#3198,.T.);
#3200=EDGE_LOOP('',(#3188,#3193,#3194,#3199));
#3201=FACE_OUTER_BOUND('',#3200,.T.);
#3202=CARTESIAN_POINT('',(428.,165.,309.));
#3203=DIRECTION('',(0.,0.,-1.));
#3204=DIRECTION('',(-0.13053,0.99144,0.));
#3205=AXIS2_PLACEMENT_3D('',#3202,#3203,#3204);
#3206=PLANE('',#3205);
#3207=ADVANCED_FACE('',(#3201),#3206,.T.);
#3208=ORIENTED_EDGE('',*,*,#2699,.T.);
#3209=DIRECTION('',(-0.86603,-0.5,0.));
#3210=VECTOR('',#3209,2.);
#3211=LINE('',#1496,#3210);
#3212=EDGE_CURVE('',#1497,#2690,#3211,.T.);
#3213=ORIENTED_EDGE('',*,*,#3212,.F.);
#3214=ORIENTED_EDGE('',*,*,#1501,.F.);
#3215=ORIENTED_EDGE('',*,*,#3192,.T.);
#3216=EDGE_LOOP('',(#3208,#3213,#3214,#3215));
#3217=FACE_OUTER_BOUND('',#3216,.T.);
#3218=CARTESIAN_POINT('',(427.72741,167.07055,309.));
#3219=DIRECTION('',(0.,0.,-1.));
#3220=DIRECTION('',(-0.38268,0.92388,0.));
#3221=AXIS2_PLACEMENT_3D('',#3218,#3219,#3220);
#3222=PLANE('',#3221);
#3223=ADVANCED_FACE('',(#3217),#3222,.T.);
#3224=ORIENTED_EDGE('',*,*,#2721,.T.);
#3225=DIRECTION('',(-0.70711,-0.70711,0.));
#3226=VECTOR('',#3225,2.);
#3227=LINE('',#1524,#3226);
#3228=EDGE_CURVE('',#1525,#2712,#3227,.T.);
#3229=ORIENTED_EDGE('',*,*,#3228,.F.);
#3230=ORIENTED_EDGE('',*,*,#1529,.F.);
#3231=ORIENTED_EDGE('',*,*,#3212,.T.);
#3232=EDGE_LOOP('',(#3224,#3229,#3230,#3231));
#3233=FACE_OUTER_BOUND('',#3232,.T.);
#3234=CARTESIAN_POINT('',(426.9282,169.,309.));
#3235=DIRECTION('',(0.,0.,-1.));
#3236=DIRECTION('',(-0.60876,0.79335,0.));
#3237=AXIS2_PLACEMENT_3D('',#3234,#3235,#3236);
#3238=PLANE('',#3237);
#3239=ADVANCED_FACE('',(#3233),#3238,.T.);
#3240=ORIENTED_EDGE('',*,*,#2743,.T.);
#3241=DIRECTION('',(-0.5,-0.86603,0.));
#3242=VECTOR('',#3241,2.);
#3243=LINE('',#1552,#3242);
#3244=EDGE_CURVE('',#1553,#2734,#3243,.T.);
#3245=ORIENTED_EDGE('',*,*,#3244,.F.);
#3246=ORIENTED_EDGE('',*,*,#1557,.F.);
#3247=ORIENTED_EDGE('',*,*,#3228,.T.);
#3248=EDGE_LOOP('',(#3240,#3245,#3246,#3247));
#3249=FACE_OUTER_BOUND('',#3248,.T.);
#3250=CARTESIAN_POINT('',(425.65685,170.65685,309.));
#3251=DIRECTION('',(0.,0.,-1.));
#3252=DIRECTION('',(-0.79335,0.60876,0.));
#3253=AXIS2_PLACEMENT_3D('',#3250,#3251,#3252);
#3254=PLANE('',#3253);
#3255=ADVANCED_FACE('',(#3249),#3254,.T.);
#3256=ORIENTED_EDGE('',*,*,#2765,.T.);
#3257=DIRECTION('',(-0.25882,-0.96593,0.));
#3258=VECTOR('',#3257,2.);
#3259=LINE('',#1580,#3258);
#3260=EDGE_CURVE('',#1581,#2756,#3259,.T.);
#3261=ORIENTED_EDGE('',*,*,#3260,.F.);
#3262=ORIENTED_EDGE('',*,*,#1585,.F.);
#3263=ORIENTED_EDGE('',*,*,#3244,.T.);
#3264=EDGE_LOOP('',(#3256,#3261,#3262,#3263));
#3265=FACE_OUTER_BOUND('',#3264,.T.);
#3266=CARTESIAN_POINT('',(424.,171.9282,309.));
#3267=DIRECTION('',(0.,0.,-1.));
#3268=DIRECTION('',(-0.92388,0.38268,0.));
#3269=AXIS2_PLACEMENT_3D('',#3266,#3267,#3268);
#3270=PLANE('',#3269);
#3271=ADVANCED_FACE('',(#3265),#3270,.T.);
#3272=ORIENTED_EDGE('',*,*,#2787,.T.);
#3273=DIRECTION('',(0.,-1.,0.));
#3274=VECTOR('',#3273,2.);
#3275=LINE('',#1608,#3274);
#3276=EDGE_CURVE('',#1609,#2778,#3275,.T.);
#3277=ORIENTED_EDGE('',*,*,#3276,.F.);
#3278=ORIENTED_EDGE('',*,*,#1613,.F.);
#3279=ORIENTED_EDGE('',*,*,#3260,.T.);
#3280=EDGE_LOOP('',(#3272,#3277,#3278,#3279));
#3281=FACE_OUTER_BOUND('',#3280,.T.);
#3282=CARTESIAN_POINT('',(422.07055,172.72741,309.));
#3283=DIRECTION('',(0.,0.,-1.));
#3284=DIRECTION('',(-0.99144,0.13053,0.));
#3285=AXIS2_PLACEMENT_3D('',#3282,#3283,#3284);
#3286=PLANE('',#3285);
#3287=ADVANCED_FACE('',(#3281),#3286,.T.);
#3288=ORIENTED_EDGE('',*,*,#2809,.T.);
#3289=DIRECTION('',(0.25882,-0.96593,0.));
#3290=VECTOR('',#3289,2.);
#3291=LINE('',#1636,#3290);
#3292=EDGE_CURVE('',#1637,#2800,#3291,.T.);
#3293=ORIENTED_EDGE('',*,*,#3292,.F.);
#3294=ORIENTED_EDGE('',*,*,#1641,.F.);
#3295=ORIENTED_EDGE('',*,*,#3276,.T.);
#3296=EDGE_LOOP('',(#3288,#3293,#3294,#3295));
#3297=FACE_OUTER_BOUND('',#3296,.T.);
#3298=CARTESIAN_POINT('',(420.,173.,309.));
#3299=DIRECTION('',(0.,0.,-1.));
#3300=DIRECTION('',(-0.99144,-0.13053,0.));
#3301=AXIS2_PLACEMENT_3D('',#3298,#3299,#3300);
#3302=PLANE('',#3301);
#3303=ADVANCED_FACE('',(#3297),#3302,.T.);
#3304=ORIENTED_EDGE('',*,*,#2831,.T.);
#3305=DIRECTION('',(0.5,-0.86603,0.));
#3306=VECTOR('',#3305,2.);
#3307=LINE('',#1664,#3306);
#3308=EDGE_CURVE('',#1665,#2822,#3307,.T.);
#3309=ORIENTED_EDGE('',*,*,#3308,.F.);
#3310=ORIENTED_EDGE('',*,*,#1669,.F.);
#3311=ORIENTED_EDGE('',*,*,#3292,.T.);
#3312=EDGE_LOOP('',(#3304,#3309,#3310,#3311));
#3313=FACE_OUTER_BOUND('',#3312,.T.);
#3314=CARTESIAN_POINT('',(417.92945,172.72741,309.));
#3315=DIRECTION('',(0.,0.,-1.));
#3316=DIRECTION('',(-0.92388,-0.38268,0.));
#3317=AXIS2_PLACEMENT_3D('',#3314,#3315,#3316);
#3318=PLANE('',#3317);
#3319=ADVANCED_FACE('',(#3313),#3318,.T.);
#3320=ORIENTED_EDGE('',*,*,#2853,.T.);
#3321=DIRECTION('',(0.70711,-0.70711,0.));
#3322=VECTOR('',#3321,2.);
#3323=LINE('',#1692,#3322);
#3324=EDGE_CURVE('',#1693,#2844,#3323,.T.);
#3325=ORIENTED_EDGE('',*,*,#3324,.F.);
#3326=ORIENTED_EDGE('',*,*,#1697,.F.);
#3327=ORIENTED_EDGE('',*,*,#3308,.T.);
#3328=EDGE_LOOP('',(#3320,#3325,#3326,#3327));
#3329=FACE_OUTER_BOUND('',#3328,.T.);
#3330=CARTESIAN_POINT('',(416.,171.9282,309.));
#3331=DIRECTION('',(0.,0.,-1.));
#3332=DIRECTION('',(-0.79335,-0.60876,0.));
#3333=AXIS2_PLACEMENT_3D('',#3330,#3331,#3332);
#3334=PLANE('',#3333);
#3335=ADVANCED_FACE('',(#3329),#3334,.T.);
#3336=ORIENTED_EDGE('',*,*,#2875,.T.);
#3337=DIRECTION('',(0.86603,-0.5,0.));
#3338=VECTOR('',#3337,2.);
#3339=LINE('',#1720,#3338);
#3340=EDGE_CURVE('',#1721,#2866,#3339,.T.);
#3341=ORIENTED_EDGE('',*,*,#3340,.F.);
#3342=ORIENTED_EDGE('',*,*,#1725,.F.);
#3343=ORIENTED_EDGE('',*,*,#3324,.T.);
#3344=EDGE_LOOP('',(#3336,#3341,#3342,#3343));
#3345=FACE_OUTER_BOUND('',#3344,.T.);
#3346=CARTESIAN_POINT('',(414.34315,170.65685,309.));
#3347=DIRECTION('',(0.,0.,-1.));
#3348=DIRECTION('',(-0.60876,-0.79335,0.));
#3349=AXIS2_PLACEMENT_3D('',#3346,#3347,#3348);
#3350=PLANE('',#3349);
#3351=ADVANCED_FACE('',(#3345),#3350,.T.);
#3352=ORIENTED_EDGE('',*,*,#2897,.T.);
#3353=DIRECTION('',(0.96593,-0.25882,0.));
#3354=VECTOR('',#3353,2.);
#3355=LINE('',#1748,#3354);
#3356=EDGE_CURVE('',#1749,#2888,#3355,.T.);
#3357=ORIENTED_EDGE('',*,*,#3356,.F.);
#3358=ORIENTED_EDGE('',*,*,#1753,.F.);
#3359=ORIENTED_EDGE('',*,*,#3340,.T.);
#3360=EDGE_LOOP('',(#3352,#3357,#3358,#3359));
#3361=FACE_OUTER_BOUND('',#3360,.T.);
#3362=CARTESIAN_POINT('',(413.0718,169.,309.));
#3363=DIRECTION('',(0.,0.,-1.));
#3364=DIRECTION('',(-0.38268,-0.92388,0.));
#3365=AXIS2_PLACEMENT_3D('',#3362,#3363,#3364);
#3366=PLANE('',#3365);
#3367=ADVANCED_FACE('',(#3361),#3366,.T.);
#3368=ORIENTED_EDGE('',*,*,#2919,.T.);
#3369=DIRECTION('',(1.,0.,0.));
#3370=VECTOR('',#3369,2.);
#3371=LINE('',#1776,#3370);
#3372=EDGE_CURVE('',#1777,#2910,#3371,.T.);
#3373=ORIENTED_EDGE('',*,*,#3372,.F.);
#3374=ORIENTED_EDGE('',*,*,#1781,.F.);
#3375=ORIENTED_EDGE('',*,*,#3356,.T.);
#3376=EDGE_LOOP('',(#3368,#3373,#3374,#3375));
#3377=FACE_OUTER_BOUND('',#3376,.T.);
#3378=CARTESIAN_POINT('',(412.27259,167.07055,309.));
#3379=DIRECTION('',(0.,0.,-1.));
#3380=DIRECTION('',(-0.13053,-0.99144,0.));
#3381=AXIS2_PLACEMENT_3D('',#3378,#3379,#3380);
#3382=PLANE('',#3381);
#3383=ADVANCED_FACE('',(#3377),#3382,.T.);
#3384=ORIENTED_EDGE('',*,*,#2941,.T.);
#3385=DIRECTION('',(0.96593,0.25882,0.));
#3386=VECTOR('',#3385,2.);
#3387=LINE('',#1804,#3386);
#3388=EDGE_CURVE('',#1805,#2932,#3387,.T.);
#3389=ORIENTED_EDGE('',*,*,#3388,.F.);
#3390=ORIENTED_EDGE('',*,*,#1809,.F.);
#3391=ORIENTED_EDGE('',*,*,#3372,.T.);
#3392=EDGE_LOOP('',(#3384,#3389,#3390,#3391));
#3393=FACE_OUTER_BOUND('',#3392,.T.);
#3394=CARTESIAN_POINT('',(412.,165.,309.));
#3395=DIRECTION('',(0.,0.,-1.));
#3396=DIRECTION('',(0.13053,-0.99144,0.));
#3397=AXIS2_PLACEMENT_3D('',#3394,#3395,#3396);
#3398=PLANE('',#3397);
#3399=ADVANCED_FACE('',(#3393),#3398,.T.);
#3400=ORIENTED_EDGE('',*,*,#2963,.T.);
#3401=DIRECTION('',(0.86603,0.5,0.));
#3402=VECTOR('',#3401,2.);
#3403=LINE('',#1832,#3402);
#3404=EDGE_CURVE('',#1833,#2954,#3403,.T.);
#3405=ORIENTED_EDGE('',*,*,#3404,.F.);
#3406=ORIENTED_EDGE('',*,*,#1837,.F.);
#3407=ORIENTED_EDGE('',*,*,#3388,.T.);
#3408=EDGE_LOOP('',(#3400,#3405,#3406,#3407));
#3409=FACE_OUTER_BOUND('',#3408,.T.);
#3410=CARTESIAN_POINT('',(412.27259,162.92945,309.));
#3411=DIRECTION('',(0.,0.,-1.));
#3412=DIRECTION('',(0.38268,-0.92388,0.));
#3413=AXIS2_PLACEMENT_3D('',#3410,#3411,#3412);
#3414=PLANE('',#3413);
#3415=ADVANCED_FACE('',(#3409),#3414,.T.);
#3416=ORIENTED_EDGE('',*,*,#2985,.T.);
#3417=DIRECTION('',(0.70711,0.70711,0.));
#3418=VECTOR('',#3417,2.);
#3419=LINE('',#1860,#3418);
#3420=EDGE_CURVE('',#1861,#2976,#3419,.T.);
#3421=ORIENTED_EDGE('',*,*,#3420,.F.);
#3422=ORIENTED_EDGE('',*,*,#1865,.F.);
#3423=ORIENTED_EDGE('',*,*,#3404,.T.);
#3424=EDGE_LOOP('',(#3416,#3421,#3422,#3423));
#3425=FACE_OUTER_BOUND('',#3424,.T.);
#3426=CARTESIAN_POINT('',(413.0718,161.,309.));
#3427=DIRECTION('',(0.,0.,-1.));
#3428=DIRECTION('',(0.60876,-0.79335,0.));
#3429=AXIS2_PLACEMENT_3D('',#3426,#3427,#3428);
#3430=PLANE('',#3429);
#3431=ADVANCED_FACE('',(#3425),#3430,.T.);
#3432=ORIENTED_EDGE('',*,*,#3007,.T.);
#3433=DIRECTION('',(0.5,0.86603,0.));
#3434=VECTOR('',#3433,2.);
#3435=LINE('',#1888,#3434);
#3436=EDGE_CURVE('',#1889,#2998,#3435,.T.);
#3437=ORIENTED_EDGE('',*,*,#3436,.F.);
#3438=ORIENTED_EDGE('',*,*,#1893,.F.);
#3439=ORIENTED_EDGE('',*,*,#3420,.T.);
#3440=EDGE_LOOP('',(#3432,#3437,#3438,#3439));
#3441=FACE_OUTER_BOUND('',#3440,.T.);
#3442=CARTESIAN_POINT('',(414.34315,159.34315,309.));
#3443=DIRECTION('',(0.,0.,-1.));
#3444=DIRECTION('',(0.79335,-0.60876,0.));
#3445=AXIS2_PLACEMENT_3D('',#3442,#3443,#3444);
#3446=PLANE('',#3445);
#3447=ADVANCED_FACE('',(#3441),#3446,.T.);
#3448=ORIENTED_EDGE('',*,*,#3029,.T.);
#3449=DIRECTION('',(0.25882,0.96593,0.));
#3450=VECTOR('',#3449,2.);
#3451=LINE('',#1916,#3450);
#3452=EDGE_CURVE('',#1917,#3020,#3451,.T.);
#3453=ORIENTED_EDGE('',*,*,#3452,.F.);
#3454=ORIENTED_EDGE('',*,*,#1921,.F.);
#3455=ORIENTED_EDGE('',*,*,#3436,.T.);
#3456=EDGE_LOOP('',(#3448,#3453,#3454,#3455));
#3457=FACE_OUTER_BOUND('',#3456,.T.);
#3458=CARTESIAN_POINT('',(416.,158.0718,309.));
#3459=DIRECTION('',(0.,0.,-1.));
#3460=DIRECTION('',(0.92388,-0.38268,0.));
#3461=AXIS2_PLACEMENT_3D('',#3458,#3459,#3460);
#3462=PLANE('',#3461);
#3463=ADVANCED_FACE('',(#3457),#3462,.T.);
#3464=ORIENTED_EDGE('',*,*,#3051,.T.);
#3465=DIRECTION('',(0.,1.,0.));
#3466=VECTOR('',#3465,2.);
#3467=LINE('',#1944,#3466);
#3468=EDGE_CURVE('',#1945,#3042,#3467,.T.);
#3469=ORIENTED_EDGE('',*,*,#3468,.F.);
#3470=ORIENTED_EDGE('',*,*,#1949,.F.);
#3471=ORIENTED_EDGE('',*,*,#3452,.T.);
#3472=EDGE_LOOP('',(#3464,#3469,#3470,#3471));
#3473=FACE_OUTER_BOUND('',#3472,.T.);
#3474=CARTESIAN_POINT('',(417.92945,157.27259,309.));
#3475=DIRECTION('',(0.,0.,-1.));
#3476=DIRECTION('',(0.99144,-0.13053,0.));
#3477=AXIS2_PLACEMENT_3D('',#3474,#3475,#3476);
#3478=PLANE('',#3477);
#3479=ADVANCED_FACE('',(#3473),#3478,.T.);
#3480=ORIENTED_EDGE('',*,*,#3073,.T.);
#3481=DIRECTION('',(-0.25882,0.96593,0.));
#3482=VECTOR('',#3481,2.);
#3483=LINE('',#1972,#3482);
#3484=EDGE_CURVE('',#1973,#3064,#3483,.T.);
#3485=ORIENTED_EDGE('',*,*,#3484,.F.);
#3486=ORIENTED_EDGE('',*,*,#1977,.F.);
#3487=ORIENTED_EDGE('',*,*,#3468,.T.);
#3488=EDGE_LOOP('',(#3480,#3485,#3486,#3487));
#3489=FACE_OUTER_BOUND('',#3488,.T.);
#3490=CARTESIAN_POINT('',(420.,157.,309.));
#3491=DIRECTION('',(0.,0.,-1.));
#3492=DIRECTION('',(0.99144,0.13053,0.));
#3493=AXIS2_PLACEMENT_3D('',#3490,#3491,#3492);
#3494=PLANE('',#3493);
#3495=ADVANCED_FACE('',(#3489),#3494,.T.);
#3496=ORIENTED_EDGE('',*,*,#3095,.T.);
#3497=DIRECTION('',(-0.5,0.86603,0.));
#3498=VECTOR('',#3497,2.);
#3499=LINE('',#2000,#3498);
#3500=EDGE_CURVE('',#2001,#3086,#3499,.T.);
#3501=ORIENTED_EDGE('',*,*,#3500,.F.);
#3502=ORIENTED_EDGE('',*,*,#2005,.F.);
#3503=ORIENTED_EDGE('',*,*,#3484,.T.);
#3504=EDGE_LOOP('',(#3496,#3501,#3502,#3503));
#3505=FACE_OUTER_BOUND('',#3504,.T.);
#3506=CARTESIAN_POINT('',(422.07055,157.27259,309.));
#3507=DIRECTION('',(0.,0.,-1.));
#3508=DIRECTION('',(0.92388,0.38268,0.));
#3509=AXIS2_PLACEMENT_3D('',#3506,#3507,#3508);
#3510=PLANE('',#3509);
#3511=ADVANCED_FACE('',(#3505),#3510,.T.);
#3512=ORIENTED_EDGE('',*,*,#3117,.T.);
#3513=DIRECTION('',(-0.70711,0.70711,0.));
#3514=VECTOR('',#3513,2.);
#3515=LINE('',#2028,#3514);
#3516=EDGE_CURVE('',#2029,#3108,#3515,.T.);
#3517=ORIENTED_EDGE('',*,*,#3516,.F.);
#3518=ORIENTED_EDGE('',*,*,#2033,.F.);
#3519=ORIENTED_EDGE('',*,*,#3500,.T.);
#3520=EDGE_LOOP('',(#3512,#3517,#3518,#3519));
#3521=FACE_OUTER_BOUND('',#3520,.T.);
#3522=CARTESIAN_POINT('',(424.,158.0718,309.));
#3523=DIRECTION('',(0.,0.,-1.));
#3524=DIRECTION('',(0.79335,0.60876,0.));
#3525=AXIS2_PLACEMENT_3D('',#3522,#3523,#3524);
#3526=PLANE('',#3525);
#3527=ADVANCED_FACE('',(#3521),#3526,.T.);
#3528=ORIENTED_EDGE('',*,*,#3139,.T.);
#3529=DIRECTION('',(-0.86603,0.5,0.));
#3530=VECTOR('',#3529,2.);
#3531=LINE('',#2056,#3530);
#3532=EDGE_CURVE('',#2057,#3130,#3531,.T.);
#3533=ORIENTED_EDGE('',*,*,#3532,.F.);
#3534=ORIENTED_EDGE('',*,*,#2061,.F.);
#3535=ORIENTED_EDGE('',*,*,#3516,.T.);
#3536=EDGE_LOOP('',(#3528,#3533,#3534,#3535));
#3537=FACE_OUTER_BOUND('',#3536,.T.);
#3538=CARTESIAN_POINT('',(425.65685,159.34315,309.));
#3539=DIRECTION('',(0.,0.,-1.));
#3540=DIRECTION('',(0.60876,0.79335,0.));
#3541=AXIS2_PLACEMENT_3D('',#3538,#3539,#3540);
#3542=PLANE('',#3541);
#3543=ADVANCED_FACE('',(#3537),#3542,.T.);
#3544=ORIENTED_EDGE('',*,*,#3161,.T.);
#3545=DIRECTION('',(-0.96593,0.25882,0.));
#3546=VECTOR('',#3545,2.);
#3547=LINE('',#2084,#3546);
#3548=EDGE_CURVE('',#2085,#3152,#3547,.T.);
#3549=ORIENTED_EDGE('',*,*,#3548,.F.);
#3550=ORIENTED_EDGE('',*,*,#2089,.F.);
#3551=ORIENTED_EDGE('',*,*,#3532,.T.);
#3552=EDGE_LOOP('',(#3544,#3549,#3550,#3551));
#3553=FACE_OUTER_BOUND('',#3552,.T.);
#3554=CARTESIAN_POINT('',(426.9282,161.,309.));
#3555=DIRECTION('',(0.,0.,-1.));
#3556=DIRECTION('',(0.38268,0.92388,0.));
#3557=AXIS2_PLACEMENT_3D('',#3554,#3555,#3556);
#3558=PLANE('',#3557);
#3559=ADVANCED_FACE('',(#3553),#3558,.T.);
#3560=ORIENTED_EDGE('',*,*,#3177,.F.);
#3561=ORIENTED_EDGE('',*,*,#3198,.F.);
#3562=ORIENTED_EDGE('',*,*,#2115,.T.);
#3563=ORIENTED_EDGE('',*,*,#3548,.T.);
#3564=EDGE_LOOP('',(#3560,#3561,#3562,#3563));
#3565=FACE_OUTER_BOUND('',#3564,.T.);
#3566=CARTESIAN_POINT('',(427.72741,162.92945,309.));
#3567=DIRECTION('',(0.,0.,-1.));
#3568=DIRECTION('',(0.13053,0.99144,0.));
#3569=AXIS2_PLACEMENT_3D('',#3566,#3567,#3568);
#3570=PLANE('',#3569);
#3571=ADVANCED_FACE('',(#3565),#3570,.T.);
#3572=CLOSED_SHELL('',(#1495,#1523,#1551,#1579,#1607,#1635,#1663,#1691,#1719,#1747,#1775,#1803,#1831,#1859,#1887,#1915,#1943,#1971,#1999,#2027,#2055,#2083,#2111,#2131,#2159,#2181,#2203,#2225,#2247,#2269,#2291,#2313,#2335,#2357,#2379,#2401,#2423,#2445,#2467,#2489,#2511,#2533,#2555,#2577,#2599,#2621,#2643,#2659,#2687,#2709,#2731,#2753,#2775,#2797,#2819,#2841,#2863,#2885,#2907,#2929,#2951,#2973,#2995,#3017,#3039,#3061,#3083,#3105,#3127,#3149,#3171,#3187,#3207,#3223,#3239,#3255,#3271,#3287,#3303,#3319,#3335,#3351,#3367,#3383,#3399,#3415,#3431,#3447,#3463,#3479,#3495,#3511,#3527,#3543,#3559,#3571));
#3573=MANIFOLD_SOLID_BREP('',#3572);
#3574=STYLED_ITEM('color',(#1458),#3573);
#3575=CARTESIAN_POINT('',(406.,151.,624.84335));
#3576=VERTEX_POINT('',#3575);
#3577=CARTESIAN_POINT('',(406.,179.,624.84335));
#3578=VERTEX_POINT('',#3577);
#3579=DIRECTION('',(0.,1.,0.));
#3580=VECTOR('',#3579,28.);
#3581=LINE('',#3575,#3580);
#3582=EDGE_CURVE('',#3576,#3578,#3581,.T.);
#3583=ORIENTED_EDGE('',*,*,#3582,.T.);
#3584=CARTESIAN_POINT('',(434.,179.,624.84335));
#3585=VERTEX_POINT('',#3584);
#3586=DIRECTION('',(-1.,0.,0.));
#3587=VECTOR('',#3586,28.);
#3588=LINE('',#3584,#3587);
#3589=EDGE_CURVE('',#3585,#3578,#3588,.T.);
#3590=ORIENTED_EDGE('',*,*,#3589,.F.);
#3591=CARTESIAN_POINT('',(434.,151.,624.84335));
#3592=VERTEX_POINT('',#3591);
#3593=DIRECTION('',(0.,1.,0.));
#3594=VECTOR('',#3593,28.);
#3595=LINE('',#3591,#3594);
#3596=EDGE_CURVE('',#3592,#3585,#3595,.T.);
#3597=ORIENTED_EDGE('',*,*,#3596,.F.);
#3598=DIRECTION('',(1.,0.,0.));
#3599=VECTOR('',#3598,28.);
#3600=LINE('',#3575,#3599);
#3601=EDGE_CURVE('',#3576,#3592,#3600,.T.);
#3602=ORIENTED_EDGE('',*,*,#3601,.F.);
#3603=EDGE_LOOP('',(#3583,#3590,#3597,#3602));
#3604=FACE_OUTER_BOUND('',#3603,.T.);
#3605=CARTESIAN_POINT('',(406.,151.,624.84335));
#3606=DIRECTION('',(0.,0.,-1.));
#3607=DIRECTION('',(0.,1.,0.));
#3608=AXIS2_PLACEMENT_3D('',#3605,#3606,#3607);
#3609=PLANE('',#3608);
#3610=ADVANCED_FACE('',(#3604),#3609,.T.);
#3611=CARTESIAN_POINT('',(406.,151.,632.34335));
#3612=VERTEX_POINT('',#3611);
#3613=CARTESIAN_POINT('',(434.,151.,632.34335));
#3614=VERTEX_POINT('',#3613);
#3615=DIRECTION('',(1.,0.,0.));
#3616=VECTOR('',#3615,28.);
#3617=LINE('',#3611,#3616);
#3618=EDGE_CURVE('',#3612,#3614,#3617,.T.);
#3619=ORIENTED_EDGE('',*,*,#3618,.T.);
#3620=CARTESIAN_POINT('',(434.,179.,632.34335));
#3621=VERTEX_POINT('',#3620);
#3622=DIRECTION('',(0.,1.,0.));
#3623=VECTOR('',#3622,28.);
#3624=LINE('',#3613,#3623);
#3625=EDGE_CURVE('',#3614,#3621,#3624,.T.);
#3626=ORIENTED_EDGE('',*,*,#3625,.T.);
#3627=CARTESIAN_POINT('',(406.,179.,632.34335));
#3628=VERTEX_POINT('',#3627);
#3629=DIRECTION('',(-1.,0.,0.));
#3630=VECTOR('',#3629,28.);
#3631=LINE('',#3620,#3630);
#3632=EDGE_CURVE('',#3621,#3628,#3631,.T.);
#3633=ORIENTED_EDGE('',*,*,#3632,.T.);
#3634=DIRECTION('',(0.,1.,0.));
#3635=VECTOR('',#3634,28.);
#3636=LINE('',#3611,#3635);
#3637=EDGE_CURVE('',#3612,#3628,#3636,.T.);
#3638=ORIENTED_EDGE('',*,*,#3637,.F.);
#3639=EDGE_LOOP('',(#3619,#3626,#3633,#3638));
#3640=FACE_OUTER_BOUND('',#3639,.T.);
#3641=CARTESIAN_POINT('',(406.,151.,632.34335));
#3642=DIRECTION('',(0.,0.,1.));
#3643=DIRECTION('',(1.,0.,0.));
#3644=AXIS2_PLACEMENT_3D('',#3641,#3642,#3643);
#3645=PLANE('',#3644);
#3646=ADVANCED_FACE('',(#3640),#3645,.T.);
#3647=ORIENTED_EDGE('',*,*,#3601,.T.);
#3648=DIRECTION('',(0.,0.,1.));
#3649=VECTOR('',#3648,7.5);
#3650=LINE('',#3591,#3649);
#3651=EDGE_CURVE('',#3592,#3614,#3650,.T.);
#3652=ORIENTED_EDGE('',*,*,#3651,.T.);
#3653=ORIENTED_EDGE('',*,*,#3618,.F.);
#3654=DIRECTION('',(0.,0.,1.));
#3655=VECTOR('',#3654,7.5);
#3656=LINE('',#3575,#3655);
#3657=EDGE_CURVE('',#3576,#3612,#3656,.T.);
#3658=ORIENTED_EDGE('',*,*,#3657,.F.);
#3659=EDGE_LOOP('',(#3647,#3652,#3653,#3658));
#3660=FACE_OUTER_BOUND('',#3659,.T.);
#3661=CARTESIAN_POINT('',(406.,151.,624.84335));
#3662=DIRECTION('',(0.,-1.,0.));
#3663=DIRECTION('',(1.,0.,0.));
#3664=AXIS2_PLACEMENT_3D('',#3661,#3662,#3663);
#3665=PLANE('',#3664);
#3666=ADVANCED_FACE('',(#3660),#3665,.T.);
#3667=ORIENTED_EDGE('',*,*,#3596,.T.);
#3668=DIRECTION('',(0.,0.,1.));
#3669=VECTOR('',#3668,7.5);
#3670=LINE('',#3584,#3669);
#3671=EDGE_CURVE('',#3585,#3621,#3670,.T.);
#3672=ORIENTED_EDGE('',*,*,#3671,.T.);
#3673=ORIENTED_EDGE('',*,*,#3625,.F.);
#3674=ORIENTED_EDGE('',*,*,#3651,.F.);
#3675=EDGE_LOOP('',(#3667,#3672,#3673,#3674));
#3676=FACE_OUTER_BOUND('',#3675,.T.);
#3677=CARTESIAN_POINT('',(434.,151.,624.84335));
#3678=DIRECTION('',(1.,0.,0.));
#3679=DIRECTION('',(0.,1.,0.));
#3680=AXIS2_PLACEMENT_3D('',#3677,#3678,#3679);
#3681=PLANE('',#3680);
#3682=ADVANCED_FACE('',(#3676),#3681,.T.);
#3683=ORIENTED_EDGE('',*,*,#3589,.T.);
#3684=DIRECTION('',(0.,0.,1.));
#3685=VECTOR('',#3684,7.5);
#3686=LINE('',#3577,#3685);
#3687=EDGE_CURVE('',#3578,#3628,#3686,.T.);
#3688=ORIENTED_EDGE('',*,*,#3687,.T.);
#3689=ORIENTED_EDGE('',*,*,#3632,.F.);
#3690=ORIENTED_EDGE('',*,*,#3671,.F.);
#3691=EDGE_LOOP('',(#3683,#3688,#3689,#3690));
#3692=FACE_OUTER_BOUND('',#3691,.T.);
#3693=CARTESIAN_POINT('',(434.,179.,624.84335));
#3694=DIRECTION('',(0.,1.,0.));
#3695=DIRECTION('',(-1.,0.,0.));
#3696=AXIS2_PLACEMENT_3D('',#3693,#3694,#3695);
#3697=PLANE('',#3696);
#3698=ADVANCED_FACE('',(#3692),#3697,.T.);
#3699=ORIENTED_EDGE('',*,*,#3582,.F.);
#3700=ORIENTED_EDGE('',*,*,#3657,.T.);
#3701=ORIENTED_EDGE('',*,*,#3637,.T.);
#3702=ORIENTED_EDGE('',*,*,#3687,.F.);
#3703=EDGE_LOOP('',(#3699,#3700,#3701,#3702));
#3704=FACE_OUTER_BOUND('',#3703,.T.);
#3705=CARTESIAN_POINT('',(406.,179.,624.84335));
#3706=DIRECTION('',(-1.,0.,0.));
#3707=DIRECTION('',(0.,-1.,0.));
#3708=AXIS2_PLACEMENT_3D('',#3705,#3706,#3707);
#3709=PLANE('',#3708);
#3710=ADVANCED_FACE('',(#3704),#3709,.T.);
#3711=CLOSED_SHELL('',(#3610,#3646,#3666,#3682,#3698,#3710));
#3712=MANIFOLD_SOLID_BREP('',#3711);
#3713=STYLED_ITEM('color',(#1458),#3712);
#3714=CARTESIAN_POINT('',(434.,-183.5,303.));
#3715=VERTEX_POINT('',#3714);
#3716=CARTESIAN_POINT('',(437.18198,-182.18198,303.));
#3717=VERTEX_POINT('',#3716);
#3718=DIRECTION('',(0.92388,0.38268,0.));
#3719=VECTOR('',#3718,3.44415);
#3720=LINE('',#3714,#3719);
#3721=EDGE_CURVE('',#3715,#3717,#3720,.T.);
#3722=ORIENTED_EDGE('',*,*,#3721,.T.);
#3723=CARTESIAN_POINT('',(437.93198,-182.93198,303.43934));
#3724=VERTEX_POINT('',#3723);
#3725=DIRECTION('',(0.65328,-0.65328,0.38268));
#3726=VECTOR('',#3725,1.14805);
#3727=LINE('',#3716,#3726);
#3728=EDGE_CURVE('',#3717,#3724,#3727,.T.);
#3729=ORIENTED_EDGE('',*,*,#3728,.T.);
#3730=CARTESIAN_POINT('',(434.,-184.56066,303.43934));
#3731=VERTEX_POINT('',#3730);
#3732=DIRECTION('',(0.92388,0.38268,0.));
#3733=VECTOR('',#3732,4.25595);
#3734=LINE('',#3730,#3733);
#3735=EDGE_CURVE('',#3731,#3724,#3734,.T.);
#3736=ORIENTED_EDGE('',*,*,#3735,.F.);
#3737=DIRECTION('',(0.,-0.92388,0.38268));
#3738=VECTOR('',#3737,1.14805);
#3739=LINE('',#3714,#3738);
#3740=EDGE_CURVE('',#3715,#3731,#3739,.T.);
#3741=ORIENTED_EDGE('',*,*,#3740,.F.);
#3742=EDGE_LOOP('',(#3722,#3729,#3736,#3741));
#3743=FACE_OUTER_BOUND('',#3742,.T.);
#3744=CARTESIAN_POINT('',(434.,-183.5,303.));
#3745=DIRECTION('',(0.15656,-0.37796,-0.91249));
#3746=DIRECTION('',(0.92388,0.38268,0.));
#3747=AXIS2_PLACEMENT_3D('',#3744,#3745,#3746);
#3748=PLANE('',#3747);
#3749=ADVANCED_FACE('',(#3743),#3748,.T.);
#3750=CARTESIAN_POINT('',(438.5,-179.,303.));
#3751=VERTEX_POINT('',#3750);
#3752=DIRECTION('',(0.38268,0.92388,0.));
#3753=VECTOR('',#3752,3.44415);
#3754=LINE('',#3716,#3753);
#3755=EDGE_CURVE('',#3717,#3751,#3754,.T.);
#3756=ORIENTED_EDGE('',*,*,#3755,.T.);
#3757=CARTESIAN_POINT('',(439.56066,-179.,303.43934));
#3758=VERTEX_POINT('',#3757);
#3759=DIRECTION('',(0.92388,0.,0.38268));
#3760=VECTOR('',#3759,1.14805);
#3761=LINE('',#3750,#3760);
#3762=EDGE_CURVE('',#3751,#3758,#3761,.T.);
#3763=ORIENTED_EDGE('',*,*,#3762,.T.);
#3764=DIRECTION('',(0.38268,0.92388,0.));
#3765=VECTOR('',#3764,4.25595);
#3766=LINE('',#3723,#3765);
#3767=EDGE_CURVE('',#3724,#3758,#3766,.T.);
#3768=ORIENTED_EDGE('',*,*,#3767,.F.);
#3769=ORIENTED_EDGE('',*,*,#3728,.F.);
#3770=EDGE_LOOP('',(#3756,#3763,#3768,#3769));
#3771=FACE_OUTER_BOUND('',#3770,.T.);
#3772=CARTESIAN_POINT('',(437.18198,-182.18198,303.));
#3773=DIRECTION('',(0.37796,-0.15656,-0.91249));
#3774=DIRECTION('',(0.38268,0.92388,0.));
#3775=AXIS2_PLACEMENT_3D('',#3772,#3773,#3774);
#3776=PLANE('',#3775);
#3777=ADVANCED_FACE('',(#3771),#3776,.T.);
#3778=CARTESIAN_POINT('',(438.5,-151.,303.));
#3779=VERTEX_POINT('',#3778);
#3780=DIRECTION('',(0.,1.,0.));
#3781=VECTOR('',#3780,28.);
#3782=LINE('',#3750,#3781);
#3783=EDGE_CURVE('',#3751,#3779,#3782,.T.);
#3784=ORIENTED_EDGE('',*,*,#3783,.T.);
#3785=CARTESIAN_POINT('',(439.56066,-151.,303.43934));
#3786=VERTEX_POINT('',#3785);
#3787=DIRECTION('',(0.92388,0.,0.38268));
#3788=VECTOR('',#3787,1.14805);
#3789=LINE('',#3778,#3788);
#3790=EDGE_CURVE('',#3779,#3786,#3789,.T.);
#3791=ORIENTED_EDGE('',*,*,#3790,.T.);
#3792=DIRECTION('',(0.,1.,0.));
#3793=VECTOR('',#3792,28.);
#3794=LINE('',#3757,#3793);
#3795=EDGE_CURVE('',#3758,#3786,#3794,.T.);
#3796=ORIENTED_EDGE('',*,*,#3795,.F.);
#3797=ORIENTED_EDGE('',*,*,#3762,.F.);
#3798=EDGE_LOOP('',(#3784,#3791,#3796,#3797));
#3799=FACE_OUTER_BOUND('',#3798,.T.);
#3800=CARTESIAN_POINT('',(438.5,-179.,303.));
#3801=DIRECTION('',(0.38268,0.,-0.92388));
#3802=DIRECTION('',(0.,1.,0.));
#3803=AXIS2_PLACEMENT_3D('',#3800,#3801,#3802);
#3804=PLANE('',#3803);
#3805=ADVANCED_FACE('',(#3799),#3804,.T.);
#3806=CARTESIAN_POINT('',(437.18198,-147.81802,303.));
#3807=VERTEX_POINT('',#3806);
#3808=DIRECTION('',(-0.38268,0.92388,0.));
#3809=VECTOR('',#3808,3.44415);
#3810=LINE('',#3778,#3809);
#3811=EDGE_CURVE('',#3779,#3807,#3810,.T.);
#3812=ORIENTED_EDGE('',*,*,#3811,.T.);
#3813=CARTESIAN_POINT('',(437.93198,-147.06802,303.43934));
#3814=VERTEX_POINT('',#3813);
#3815=DIRECTION('',(0.65328,0.65328,0.38268));
#3816=VECTOR('',#3815,1.14805);
#3817=LINE('',#3806,#3816);
#3818=EDGE_CURVE('',#3807,#3814,#3817,.T.);
#3819=ORIENTED_EDGE('',*,*,#3818,.T.);
#3820=DIRECTION('',(-0.38268,0.92388,0.));
#3821=VECTOR('',#3820,4.25595);
#3822=LINE('',#3785,#3821);
#3823=EDGE_CURVE('',#3786,#3814,#3822,.T.);
#3824=ORIENTED_EDGE('',*,*,#3823,.F.);
#3825=ORIENTED_EDGE('',*,*,#3790,.F.);
#3826=EDGE_LOOP('',(#3812,#3819,#3824,#3825));
#3827=FACE_OUTER_BOUND('',#3826,.T.);
#3828=CARTESIAN_POINT('',(438.5,-151.,303.));
#3829=DIRECTION('',(0.37796,0.15656,-0.91249));
#3830=DIRECTION('',(-0.38268,0.92388,0.));
#3831=AXIS2_PLACEMENT_3D('',#3828,#3829,#3830);
#3832=PLANE('',#3831);
#3833=ADVANCED_FACE('',(#3827),#3832,.T.);
#3834=CARTESIAN_POINT('',(434.,-146.5,303.));
#3835=VERTEX_POINT('',#3834);
#3836=DIRECTION('',(-0.92388,0.38268,0.));
#3837=VECTOR('',#3836,3.44415);
#3838=LINE('',#3806,#3837);
#3839=EDGE_CURVE('',#3807,#3835,#3838,.T.);
#3840=ORIENTED_EDGE('',*,*,#3839,.T.);
#3841=CARTESIAN_POINT('',(434.,-145.43934,303.43934));
#3842=VERTEX_POINT('',#3841);
#3843=DIRECTION('',(0.,0.92388,0.38268));
#3844=VECTOR('',#3843,1.14805);
#3845=LINE('',#3834,#3844);
#3846=EDGE_CURVE('',#3835,#3842,#3845,.T.);
#3847=ORIENTED_EDGE('',*,*,#3846,.T.);
#3848=DIRECTION('',(-0.92388,0.38268,0.));
#3849=VECTOR('',#3848,4.25595);
#3850=LINE('',#3813,#3849);
#3851=EDGE_CURVE('',#3814,#3842,#3850,.T.);
#3852=ORIENTED_EDGE('',*,*,#3851,.F.);
#3853=ORIENTED_EDGE('',*,*,#3818,.F.);
#3854=EDGE_LOOP('',(#3840,#3847,#3852,#3853));
#3855=FACE_OUTER_BOUND('',#3854,.T.);
#3856=CARTESIAN_POINT('',(437.18198,-147.81802,303.));
#3857=DIRECTION('',(0.15656,0.37796,-0.91249));
#3858=DIRECTION('',(-0.92388,0.38268,0.));
#3859=AXIS2_PLACEMENT_3D('',#3856,#3857,#3858);
#3860=PLANE('',#3859);
#3861=ADVANCED_FACE('',(#3855),#3860,.T.);
#3862=CARTESIAN_POINT('',(406.,-146.5,303.));
#3863=VERTEX_POINT('',#3862);
#3864=DIRECTION('',(-1.,0.,0.));
#3865=VECTOR('',#3864,28.);
#3866=LINE('',#3834,#3865);
#3867=EDGE_CURVE('',#3835,#3863,#3866,.T.);
#3868=ORIENTED_EDGE('',*,*,#3867,.T.);
#3869=CARTESIAN_POINT('',(406.,-145.43934,303.43934));
#3870=VERTEX_POINT('',#3869);
#3871=DIRECTION('',(0.,0.92388,0.38268));
#3872=VECTOR('',#3871,1.14805);
#3873=LINE('',#3862,#3872);
#3874=EDGE_CURVE('',#3863,#3870,#3873,.T.);
#3875=ORIENTED_EDGE('',*,*,#3874,.T.);
#3876=DIRECTION('',(-1.,0.,0.));
#3877=VECTOR('',#3876,28.);
#3878=LINE('',#3841,#3877);
#3879=EDGE_CURVE('',#3842,#3870,#3878,.T.);
#3880=ORIENTED_EDGE('',*,*,#3879,.F.);
#3881=ORIENTED_EDGE('',*,*,#3846,.F.);
#3882=EDGE_LOOP('',(#3868,#3875,#3880,#3881));
#3883=FACE_OUTER_BOUND('',#3882,.T.);
#3884=CARTESIAN_POINT('',(434.,-146.5,303.));
#3885=DIRECTION('',(0.,0.38268,-0.92388));
#3886=DIRECTION('',(-1.,0.,0.));
#3887=AXIS2_PLACEMENT_3D('',#3884,#3885,#3886);
#3888=PLANE('',#3887);
#3889=ADVANCED_FACE('',(#3883),#3888,.T.);
#3890=CARTESIAN_POINT('',(402.81802,-147.81802,303.));
#3891=VERTEX_POINT('',#3890);
#3892=DIRECTION('',(-0.92388,-0.38268,0.));
#3893=VECTOR('',#3892,3.44415);
#3894=LINE('',#3862,#3893);
#3895=EDGE_CURVE('',#3863,#3891,#3894,.T.);
#3896=ORIENTED_EDGE('',*,*,#3895,.T.);
#3897=CARTESIAN_POINT('',(402.06802,-147.06802,303.43934));
#3898=VERTEX_POINT('',#3897);
#3899=DIRECTION('',(-0.65328,0.65328,0.38268));
#3900=VECTOR('',#3899,1.14805);
#3901=LINE('',#3890,#3900);
#3902=EDGE_CURVE('',#3891,#3898,#3901,.T.);
#3903=ORIENTED_EDGE('',*,*,#3902,.T.);
#3904=DIRECTION('',(-0.92388,-0.38268,0.));
#3905=VECTOR('',#3904,4.25595);
#3906=LINE('',#3869,#3905);
#3907=EDGE_CURVE('',#3870,#3898,#3906,.T.);
#3908=ORIENTED_EDGE('',*,*,#3907,.F.);
#3909=ORIENTED_EDGE('',*,*,#3874,.F.);
#3910=EDGE_LOOP('',(#3896,#3903,#3908,#3909));
#3911=FACE_OUTER_BOUND('',#3910,.T.);
#3912=CARTESIAN_POINT('',(406.,-146.5,303.));
#3913=DIRECTION('',(-0.15656,0.37796,-0.91249));
#3914=DIRECTION('',(-0.92388,-0.38268,0.));
#3915=AXIS2_PLACEMENT_3D('',#3912,#3913,#3914);
#3916=PLANE('',#3915);
#3917=ADVANCED_FACE('',(#3911),#3916,.T.);
#3918=CARTESIAN_POINT('',(401.5,-151.,303.));
#3919=VERTEX_POINT('',#3918);
#3920=DIRECTION('',(-0.38268,-0.92388,0.));
#3921=VECTOR('',#3920,3.44415);
#3922=LINE('',#3890,#3921);
#3923=EDGE_CURVE('',#3891,#3919,#3922,.T.);
#3924=ORIENTED_EDGE('',*,*,#3923,.T.);
#3925=CARTESIAN_POINT('',(400.43934,-151.,303.43934));
#3926=VERTEX_POINT('',#3925);
#3927=DIRECTION('',(-0.92388,0.,0.38268));
#3928=VECTOR('',#3927,1.14805);
#3929=LINE('',#3918,#3928);
#3930=EDGE_CURVE('',#3919,#3926,#3929,.T.);
#3931=ORIENTED_EDGE('',*,*,#3930,.T.);
#3932=DIRECTION('',(-0.38268,-0.92388,0.));
#3933=VECTOR('',#3932,4.25595);
#3934=LINE('',#3897,#3933);
#3935=EDGE_CURVE('',#3898,#3926,#3934,.T.);
#3936=ORIENTED_EDGE('',*,*,#3935,.F.);
#3937=ORIENTED_EDGE('',*,*,#3902,.F.);
#3938=EDGE_LOOP('',(#3924,#3931,#3936,#3937));
#3939=FACE_OUTER_BOUND('',#3938,.T.);
#3940=CARTESIAN_POINT('',(402.81802,-147.81802,303.));
#3941=DIRECTION('',(-0.37796,0.15656,-0.91249));
#3942=DIRECTION('',(-0.38268,-0.92388,0.));
#3943=AXIS2_PLACEMENT_3D('',#3940,#3941,#3942);
#3944=PLANE('',#3943);
#3945=ADVANCED_FACE('',(#3939),#3944,.T.);
#3946=CARTESIAN_POINT('',(401.5,-179.,303.));
#3947=VERTEX_POINT('',#3946);
#3948=DIRECTION('',(0.,-1.,0.));
#3949=VECTOR('',#3948,28.);
#3950=LINE('',#3918,#3949);
#3951=EDGE_CURVE('',#3919,#3947,#3950,.T.);
#3952=ORIENTED_EDGE('',*,*,#3951,.T.);
#3953=CARTESIAN_POINT('',(400.43934,-179.,303.43934));
#3954=VERTEX_POINT('',#3953);
#3955=DIRECTION('',(-0.92388,0.,0.38268));
#3956=VECTOR('',#3955,1.14805);
#3957=LINE('',#3946,#3956);
#3958=EDGE_CURVE('',#3947,#3954,#3957,.T.);
#3959=ORIENTED_EDGE('',*,*,#3958,.T.);
#3960=DIRECTION('',(0.,-1.,0.));
#3961=VECTOR('',#3960,28.);
#3962=LINE('',#3925,#3961);
#3963=EDGE_CURVE('',#3926,#3954,#3962,.T.);
#3964=ORIENTED_EDGE('',*,*,#3963,.F.);
#3965=ORIENTED_EDGE('',*,*,#3930,.F.);
#3966=EDGE_LOOP('',(#3952,#3959,#3964,#3965));
#3967=FACE_OUTER_BOUND('',#3966,.T.);
#3968=CARTESIAN_POINT('',(401.5,-151.,303.));
#3969=DIRECTION('',(-0.38268,0.,-0.92388));
#3970=DIRECTION('',(0.,-1.,0.));
#3971=AXIS2_PLACEMENT_3D('',#3968,#3969,#3970);
#3972=PLANE('',#3971);
#3973=ADVANCED_FACE('',(#3967),#3972,.T.);
#3974=CARTESIAN_POINT('',(402.81802,-182.18198,303.));
#3975=VERTEX_POINT('',#3974);
#3976=DIRECTION('',(0.38268,-0.92388,0.));
#3977=VECTOR('',#3976,3.44415);
#3978=LINE('',#3946,#3977);
#3979=EDGE_CURVE('',#3947,#3975,#3978,.T.);
#3980=ORIENTED_EDGE('',*,*,#3979,.T.);
#3981=CARTESIAN_POINT('',(402.06802,-182.93198,303.43934));
#3982=VERTEX_POINT('',#3981);
#3983=DIRECTION('',(-0.65328,-0.65328,0.38268));
#3984=VECTOR('',#3983,1.14805);
#3985=LINE('',#3974,#3984);
#3986=EDGE_CURVE('',#3975,#3982,#3985,.T.);
#3987=ORIENTED_EDGE('',*,*,#3986,.T.);
#3988=DIRECTION('',(0.38268,-0.92388,0.));
#3989=VECTOR('',#3988,4.25595);
#3990=LINE('',#3953,#3989);
#3991=EDGE_CURVE('',#3954,#3982,#3990,.T.);
#3992=ORIENTED_EDGE('',*,*,#3991,.F.);
#3993=ORIENTED_EDGE('',*,*,#3958,.F.);
#3994=EDGE_LOOP('',(#3980,#3987,#3992,#3993));
#3995=FACE_OUTER_BOUND('',#3994,.T.);
#3996=CARTESIAN_POINT('',(401.5,-179.,303.));
#3997=DIRECTION('',(-0.37796,-0.15656,-0.91249));
#3998=DIRECTION('',(0.38268,-0.92388,0.));
#3999=AXIS2_PLACEMENT_3D('',#3996,#3997,#3998);
#4000=PLANE('',#3999);
#4001=ADVANCED_FACE('',(#3995),#4000,.T.);
#4002=CARTESIAN_POINT('',(406.,-183.5,303.));
#4003=VERTEX_POINT('',#4002);
#4004=DIRECTION('',(0.92388,-0.38268,0.));
#4005=VECTOR('',#4004,3.44415);
#4006=LINE('',#3974,#4005);
#4007=EDGE_CURVE('',#3975,#4003,#4006,.T.);
#4008=ORIENTED_EDGE('',*,*,#4007,.T.);
#4009=CARTESIAN_POINT('',(406.,-184.56066,303.43934));
#4010=VERTEX_POINT('',#4009);
#4011=DIRECTION('',(0.,-0.92388,0.38268));
#4012=VECTOR('',#4011,1.14805);
#4013=LINE('',#4002,#4012);
#4014=EDGE_CURVE('',#4003,#4010,#4013,.T.);
#4015=ORIENTED_EDGE('',*,*,#4014,.T.);
#4016=DIRECTION('',(0.92388,-0.38268,0.));
#4017=VECTOR('',#4016,4.25595);
#4018=LINE('',#3981,#4017);
#4019=EDGE_CURVE('',#3982,#4010,#4018,.T.);
#4020=ORIENTED_EDGE('',*,*,#4019,.F.);
#4021=ORIENTED_EDGE('',*,*,#3986,.F.);
#4022=EDGE_LOOP('',(#4008,#4015,#4020,#4021));
#4023=FACE_OUTER_BOUND('',#4022,.T.);
#4024=CARTESIAN_POINT('',(402.81802,-182.18198,303.));
#4025=DIRECTION('',(-0.15656,-0.37796,-0.91249));
#4026=DIRECTION('',(0.92388,-0.38268,0.));
#4027=AXIS2_PLACEMENT_3D('',#4024,#4025,#4026);
#4028=PLANE('',#4027);
#4029=ADVANCED_FACE('',(#4023),#4028,.T.);
#4030=DIRECTION('',(-1.,0.,0.));
#4031=VECTOR('',#4030,28.);
#4032=LINE('',#3714,#4031);
#4033=EDGE_CURVE('',#3715,#4003,#4032,.T.);
#4034=ORIENTED_EDGE('',*,*,#4033,.F.);
#4035=ORIENTED_EDGE('',*,*,#3740,.T.);
#4036=DIRECTION('',(-1.,0.,0.));
#4037=VECTOR('',#4036,28.);
#4038=LINE('',#3730,#4037);
#4039=EDGE_CURVE('',#3731,#4010,#4038,.T.);
#4040=ORIENTED_EDGE('',*,*,#4039,.T.);
#4041=ORIENTED_EDGE('',*,*,#4014,.F.);
#4042=EDGE_LOOP('',(#4034,#4035,#4040,#4041));
#4043=FACE_OUTER_BOUND('',#4042,.T.);
#4044=CARTESIAN_POINT('',(406.,-183.5,303.));
#4045=DIRECTION('',(0.,-0.38268,-0.92388));
#4046=DIRECTION('',(1.,0.,0.));
#4047=AXIS2_PLACEMENT_3D('',#4044,#4045,#4046);
#4048=PLANE('',#4047);
#4049=ADVANCED_FACE('',(#4043),#4048,.T.);
#4050=ORIENTED_EDGE('',*,*,#3735,.T.);
#4051=CARTESIAN_POINT('',(438.24264,-183.24264,304.5));
#4052=VERTEX_POINT('',#4051);
#4053=DIRECTION('',(0.2706,-0.2706,0.92388));
#4054=VECTOR('',#4053,1.14805);
#4055=LINE('',#3723,#4054);
#4056=EDGE_CURVE('',#3724,#4052,#4055,.T.);
#4057=ORIENTED_EDGE('',*,*,#4056,.T.);
#4058=CARTESIAN_POINT('',(434.,-185.,304.5));
#4059=VERTEX_POINT('',#4058);
#4060=DIRECTION('',(0.92388,0.38268,0.));
#4061=VECTOR('',#4060,4.5922);
#4062=LINE('',#4058,#4061);
#4063=EDGE_CURVE('',#4059,#4052,#4062,.T.);
#4064=ORIENTED_EDGE('',*,*,#4063,.F.);
#4065=DIRECTION('',(0.,-0.38268,0.92388));
#4066=VECTOR('',#4065,1.14805);
#4067=LINE('',#3730,#4066);
#4068=EDGE_CURVE('',#3731,#4059,#4067,.T.);
#4069=ORIENTED_EDGE('',*,*,#4068,.F.);
#4070=EDGE_LOOP('',(#4050,#4057,#4064,#4069));
#4071=FACE_OUTER_BOUND('',#4070,.T.);
#4072=CARTESIAN_POINT('',(434.,-184.56066,303.43934));
#4073=DIRECTION('',(0.35741,-0.86286,-0.35741));
#4074=DIRECTION('',(0.92388,0.38268,0.));
#4075=AXIS2_PLACEMENT_3D('',#4072,#4073,#4074);
#4076=PLANE('',#4075);
#4077=ADVANCED_FACE('',(#4071),#4076,.T.);
#4078=ORIENTED_EDGE('',*,*,#3767,.T.);
#4079=CARTESIAN_POINT('',(440.,-179.,304.5));
#4080=VERTEX_POINT('',#4079);
#4081=DIRECTION('',(0.38268,0.,0.92388));
#4082=VECTOR('',#4081,1.14805);
#4083=LINE('',#3757,#4082);
#4084=EDGE_CURVE('',#3758,#4080,#4083,.T.);
#4085=ORIENTED_EDGE('',*,*,#4084,.T.);
#4086=DIRECTION('',(0.38268,0.92388,0.));
#4087=VECTOR('',#4086,4.5922);
#4088=LINE('',#4051,#4087);
#4089=EDGE_CURVE('',#4052,#4080,#4088,.T.);
#4090=ORIENTED_EDGE('',*,*,#4089,.F.);
#4091=ORIENTED_EDGE('',*,*,#4056,.F.);
#4092=EDGE_LOOP('',(#4078,#4085,#4090,#4091));
#4093=FACE_OUTER_BOUND('',#4092,.T.);
#4094=CARTESIAN_POINT('',(437.93198,-182.93198,303.43934));
#4095=DIRECTION('',(0.86286,-0.35741,-0.35741));
#4096=DIRECTION('',(0.38268,0.92388,0.));
#4097=AXIS2_PLACEMENT_3D('',#4094,#4095,#4096);
#4098=PLANE('',#4097);
#4099=ADVANCED_FACE('',(#4093),#4098,.T.);
#4100=ORIENTED_EDGE('',*,*,#3795,.T.);
#4101=CARTESIAN_POINT('',(440.,-151.,304.5));
#4102=VERTEX_POINT('',#4101);
#4103=DIRECTION('',(0.38268,0.,0.92388));
#4104=VECTOR('',#4103,1.14805);
#4105=LINE('',#3785,#4104);
#4106=EDGE_CURVE('',#3786,#4102,#4105,.T.);
#4107=ORIENTED_EDGE('',*,*,#4106,.T.);
#4108=DIRECTION('',(0.,1.,0.));
#4109=VECTOR('',#4108,28.);
#4110=LINE('',#4079,#4109);
#4111=EDGE_CURVE('',#4080,#4102,#4110,.T.);
#4112=ORIENTED_EDGE('',*,*,#4111,.F.);
#4113=ORIENTED_EDGE('',*,*,#4084,.F.);
#4114=EDGE_LOOP('',(#4100,#4107,#4112,#4113));
#4115=FACE_OUTER_BOUND('',#4114,.T.);
#4116=CARTESIAN_POINT('',(439.56066,-179.,303.43934));
#4117=DIRECTION('',(0.92388,0.,-0.38268));
#4118=DIRECTION('',(0.,1.,0.));
#4119=AXIS2_PLACEMENT_3D('',#4116,#4117,#4118);
#4120=PLANE('',#4119);
#4121=ADVANCED_FACE('',(#4115),#4120,.T.);
#4122=ORIENTED_EDGE('',*,*,#3823,.T.);
#4123=CARTESIAN_POINT('',(438.24264,-146.75736,304.5));
#4124=VERTEX_POINT('',#4123);
#4125=DIRECTION('',(0.2706,0.2706,0.92388));
#4126=VECTOR('',#4125,1.14805);
#4127=LINE('',#3813,#4126);
#4128=EDGE_CURVE('',#3814,#4124,#4127,.T.);
#4129=ORIENTED_EDGE('',*,*,#4128,.T.);
#4130=DIRECTION('',(-0.38268,0.92388,0.));
#4131=VECTOR('',#4130,4.5922);
#4132=LINE('',#4101,#4131);
#4133=EDGE_CURVE('',#4102,#4124,#4132,.T.);
#4134=ORIENTED_EDGE('',*,*,#4133,.F.);
#4135=ORIENTED_EDGE('',*,*,#4106,.F.);
#4136=EDGE_LOOP('',(#4122,#4129,#4134,#4135));
#4137=FACE_OUTER_BOUND('',#4136,.T.);
#4138=CARTESIAN_POINT('',(439.56066,-151.,303.43934));
#4139=DIRECTION('',(0.86286,0.35741,-0.35741));
#4140=DIRECTION('',(-0.38268,0.92388,0.));
#4141=AXIS2_PLACEMENT_3D('',#4138,#4139,#4140);
#4142=PLANE('',#4141);
#4143=ADVANCED_FACE('',(#4137),#4142,.T.);
#4144=ORIENTED_EDGE('',*,*,#3851,.T.);
#4145=CARTESIAN_POINT('',(434.,-145.,304.5));
#4146=VERTEX_POINT('',#4145);
#4147=DIRECTION('',(0.,0.38268,0.92388));
#4148=VECTOR('',#4147,1.14805);
#4149=LINE('',#3841,#4148);
#4150=EDGE_CURVE('',#3842,#4146,#4149,.T.);
#4151=ORIENTED_EDGE('',*,*,#4150,.T.);
#4152=DIRECTION('',(-0.92388,0.38268,0.));
#4153=VECTOR('',#4152,4.5922);
#4154=LINE('',#4123,#4153);
#4155=EDGE_CURVE('',#4124,#4146,#4154,.T.);
#4156=ORIENTED_EDGE('',*,*,#4155,.F.);
#4157=ORIENTED_EDGE('',*,*,#4128,.F.);
#4158=EDGE_LOOP('',(#4144,#4151,#4156,#4157));
#4159=FACE_OUTER_BOUND('',#4158,.T.);
#4160=CARTESIAN_POINT('',(437.93198,-147.06802,303.43934));
#4161=DIRECTION('',(0.35741,0.86286,-0.35741));
#4162=DIRECTION('',(-0.92388,0.38268,0.));
#4163=AXIS2_PLACEMENT_3D('',#4160,#4161,#4162);
#4164=PLANE('',#4163);
#4165=ADVANCED_FACE('',(#4159),#4164,.T.);
#4166=ORIENTED_EDGE('',*,*,#3879,.T.);
#4167=CARTESIAN_POINT('',(406.,-145.,304.5));
#4168=VERTEX_POINT('',#4167);
#4169=DIRECTION('',(0.,0.38268,0.92388));
#4170=VECTOR('',#4169,1.14805);
#4171=LINE('',#3869,#4170);
#4172=EDGE_CURVE('',#3870,#4168,#4171,.T.);
#4173=ORIENTED_EDGE('',*,*,#4172,.T.);
#4174=DIRECTION('',(-1.,0.,0.));
#4175=VECTOR('',#4174,28.);
#4176=LINE('',#4145,#4175);
#4177=EDGE_CURVE('',#4146,#4168,#4176,.T.);
#4178=ORIENTED_EDGE('',*,*,#4177,.F.);
#4179=ORIENTED_EDGE('',*,*,#4150,.F.);
#4180=EDGE_LOOP('',(#4166,#4173,#4178,#4179));
#4181=FACE_OUTER_BOUND('',#4180,.T.);
#4182=CARTESIAN_POINT('',(434.,-145.43934,303.43934));
#4183=DIRECTION('',(0.,0.92388,-0.38268));
#4184=DIRECTION('',(-1.,0.,0.));
#4185=AXIS2_PLACEMENT_3D('',#4182,#4183,#4184);
#4186=PLANE('',#4185);
#4187=ADVANCED_FACE('',(#4181),#4186,.T.);
#4188=ORIENTED_EDGE('',*,*,#3907,.T.);
#4189=CARTESIAN_POINT('',(401.75736,-146.75736,304.5));
#4190=VERTEX_POINT('',#4189);
#4191=DIRECTION('',(-0.2706,0.2706,0.92388));
#4192=VECTOR('',#4191,1.14805);
#4193=LINE('',#3897,#4192);
#4194=EDGE_CURVE('',#3898,#4190,#4193,.T.);
#4195=ORIENTED_EDGE('',*,*,#4194,.T.);
#4196=DIRECTION('',(-0.92388,-0.38268,0.));
#4197=VECTOR('',#4196,4.5922);
#4198=LINE('',#4167,#4197);
#4199=EDGE_CURVE('',#4168,#4190,#4198,.T.);
#4200=ORIENTED_EDGE('',*,*,#4199,.F.);
#4201=ORIENTED_EDGE('',*,*,#4172,.F.);
#4202=EDGE_LOOP('',(#4188,#4195,#4200,#4201));
#4203=FACE_OUTER_BOUND('',#4202,.T.);
#4204=CARTESIAN_POINT('',(406.,-145.43934,303.43934));
#4205=DIRECTION('',(-0.35741,0.86286,-0.35741));
#4206=DIRECTION('',(-0.92388,-0.38268,0.));
#4207=AXIS2_PLACEMENT_3D('',#4204,#4205,#4206);
#4208=PLANE('',#4207);
#4209=ADVANCED_FACE('',(#4203),#4208,.T.);
#4210=ORIENTED_EDGE('',*,*,#3935,.T.);
#4211=CARTESIAN_POINT('',(400.,-151.,304.5));
#4212=VERTEX_POINT('',#4211);
#4213=DIRECTION('',(-0.38268,0.,0.92388));
#4214=VECTOR('',#4213,1.14805);
#4215=LINE('',#3925,#4214);
#4216=EDGE_CURVE('',#3926,#4212,#4215,.T.);
#4217=ORIENTED_EDGE('',*,*,#4216,.T.);
#4218=DIRECTION('',(-0.38268,-0.92388,0.));
#4219=VECTOR('',#4218,4.5922);
#4220=LINE('',#4189,#4219);
#4221=EDGE_CURVE('',#4190,#4212,#4220,.T.);
#4222=ORIENTED_EDGE('',*,*,#4221,.F.);
#4223=ORIENTED_EDGE('',*,*,#4194,.F.);
#4224=EDGE_LOOP('',(#4210,#4217,#4222,#4223));
#4225=FACE_OUTER_BOUND('',#4224,.T.);
#4226=CARTESIAN_POINT('',(402.06802,-147.06802,303.43934));
#4227=DIRECTION('',(-0.86286,0.35741,-0.35741));
#4228=DIRECTION('',(-0.38268,-0.92388,0.));
#4229=AXIS2_PLACEMENT_3D('',#4226,#4227,#4228);
#4230=PLANE('',#4229);
#4231=ADVANCED_FACE('',(#4225),#4230,.T.);
#4232=ORIENTED_EDGE('',*,*,#3963,.T.);
#4233=CARTESIAN_POINT('',(400.,-179.,304.5));
#4234=VERTEX_POINT('',#4233);
#4235=DIRECTION('',(-0.38268,0.,0.92388));
#4236=VECTOR('',#4235,1.14805);
#4237=LINE('',#3953,#4236);
#4238=EDGE_CURVE('',#3954,#4234,#4237,.T.);
#4239=ORIENTED_EDGE('',*,*,#4238,.T.);
#4240=DIRECTION('',(0.,-1.,0.));
#4241=VECTOR('',#4240,28.);
#4242=LINE('',#4211,#4241);
#4243=EDGE_CURVE('',#4212,#4234,#4242,.T.);
#4244=ORIENTED_EDGE('',*,*,#4243,.F.);
#4245=ORIENTED_EDGE('',*,*,#4216,.F.);
#4246=EDGE_LOOP('',(#4232,#4239,#4244,#4245));
#4247=FACE_OUTER_BOUND('',#4246,.T.);
#4248=CARTESIAN_POINT('',(400.43934,-151.,303.43934));
#4249=DIRECTION('',(-0.92388,0.,-0.38268));
#4250=DIRECTION('',(0.,-1.,0.));
#4251=AXIS2_PLACEMENT_3D('',#4248,#4249,#4250);
#4252=PLANE('',#4251);
#4253=ADVANCED_FACE('',(#4247),#4252,.T.);
#4254=ORIENTED_EDGE('',*,*,#3991,.T.);
#4255=CARTESIAN_POINT('',(401.75736,-183.24264,304.5));
#4256=VERTEX_POINT('',#4255);
#4257=DIRECTION('',(-0.2706,-0.2706,0.92388));
#4258=VECTOR('',#4257,1.14805);
#4259=LINE('',#3981,#4258);
#4260=EDGE_CURVE('',#3982,#4256,#4259,.T.);
#4261=ORIENTED_EDGE('',*,*,#4260,.T.);
#4262=DIRECTION('',(0.38268,-0.92388,0.));
#4263=VECTOR('',#4262,4.5922);
#4264=LINE('',#4233,#4263);
#4265=EDGE_CURVE('',#4234,#4256,#4264,.T.);
#4266=ORIENTED_EDGE('',*,*,#4265,.F.);
#4267=ORIENTED_EDGE('',*,*,#4238,.F.);
#4268=EDGE_LOOP('',(#4254,#4261,#4266,#4267));
#4269=FACE_OUTER_BOUND('',#4268,.T.);
#4270=CARTESIAN_POINT('',(400.43934,-179.,303.43934));
#4271=DIRECTION('',(-0.86286,-0.35741,-0.35741));
#4272=DIRECTION('',(0.38268,-0.92388,0.));
#4273=AXIS2_PLACEMENT_3D('',#4270,#4271,#4272);
#4274=PLANE('',#4273);
#4275=ADVANCED_FACE('',(#4269),#4274,.T.);
#4276=ORIENTED_EDGE('',*,*,#4019,.T.);
#4277=CARTESIAN_POINT('',(406.,-185.,304.5));
#4278=VERTEX_POINT('',#4277);
#4279=DIRECTION('',(0.,-0.38268,0.92388));
#4280=VECTOR('',#4279,1.14805);
#4281=LINE('',#4009,#4280);
#4282=EDGE_CURVE('',#4010,#4278,#4281,.T.);
#4283=ORIENTED_EDGE('',*,*,#4282,.T.);
#4284=DIRECTION('',(0.92388,-0.38268,0.));
#4285=VECTOR('',#4284,4.5922);
#4286=LINE('',#4255,#4285);
#4287=EDGE_CURVE('',#4256,#4278,#4286,.T.);
#4288=ORIENTED_EDGE('',*,*,#4287,.F.);
#4289=ORIENTED_EDGE('',*,*,#4260,.F.);
#4290=EDGE_LOOP('',(#4276,#4283,#4288,#4289));
#4291=FACE_OUTER_BOUND('',#4290,.T.);
#4292=CARTESIAN_POINT('',(402.06802,-182.93198,303.43934));
#4293=DIRECTION('',(-0.35741,-0.86286,-0.35741));
#4294=DIRECTION('',(0.92388,-0.38268,0.));
#4295=AXIS2_PLACEMENT_3D('',#4292,#4293,#4294);
#4296=PLANE('',#4295);
#4297=ADVANCED_FACE('',(#4291),#4296,.T.);
#4298=ORIENTED_EDGE('',*,*,#4039,.F.);
#4299=ORIENTED_EDGE('',*,*,#4068,.T.);
#4300=DIRECTION('',(-1.,0.,0.));
#4301=VECTOR('',#4300,28.);
#4302=LINE('',#4058,#4301);
#4303=EDGE_CURVE('',#4059,#4278,#4302,.T.);
#4304=ORIENTED_EDGE('',*,*,#4303,.T.);
#4305=ORIENTED_EDGE('',*,*,#4282,.F.);
#4306=EDGE_LOOP('',(#4298,#4299,#4304,#4305));
#4307=FACE_OUTER_BOUND('',#4306,.T.);
#4308=CARTESIAN_POINT('',(406.,-184.56066,303.43934));
#4309=DIRECTION('',(0.,-0.92388,-0.38268));
#4310=DIRECTION('',(1.,0.,0.));
#4311=AXIS2_PLACEMENT_3D('',#4308,#4309,#4310);
#4312=PLANE('',#4311);
#4313=ADVANCED_FACE('',(#4307),#4312,.T.);
#4314=ORIENTED_EDGE('',*,*,#4063,.T.);
#4315=CARTESIAN_POINT('',(438.24264,-183.24264,307.5));
#4316=VERTEX_POINT('',#4315);
#4317=DIRECTION('',(0.,0.,1.));
#4318=VECTOR('',#4317,3.);
#4319=LINE('',#4051,#4318);
#4320=EDGE_CURVE('',#4052,#4316,#4319,.T.);
#4321=ORIENTED_EDGE('',*,*,#4320,.T.);
#4322=CARTESIAN_POINT('',(434.,-185.,307.5));
#4323=VERTEX_POINT('',#4322);
#4324=DIRECTION('',(0.92388,0.38268,0.));
#4325=VECTOR('',#4324,4.5922);
#4326=LINE('',#4322,#4325);
#4327=EDGE_CURVE('',#4323,#4316,#4326,.T.);
#4328=ORIENTED_EDGE('',*,*,#4327,.F.);
#4329=DIRECTION('',(0.,0.,1.));
#4330=VECTOR('',#4329,3.);
#4331=LINE('',#4058,#4330);
#4332=EDGE_CURVE('',#4059,#4323,#4331,.T.);
#4333=ORIENTED_EDGE('',*,*,#4332,.F.);
#4334=EDGE_LOOP('',(#4314,#4321,#4328,#4333));
#4335=FACE_OUTER_BOUND('',#4334,.T.);
#4336=CARTESIAN_POINT('',(434.,-185.,304.5));
#4337=DIRECTION('',(0.38268,-0.92388,0.));
#4338=DIRECTION('',(0.92388,0.38268,0.));
#4339=AXIS2_PLACEMENT_3D('',#4336,#4337,#4338);
#4340=PLANE('',#4339);
#4341=ADVANCED_FACE('',(#4335),#4340,.T.);
#4342=ORIENTED_EDGE('',*,*,#4089,.T.);
#4343=CARTESIAN_POINT('',(440.,-179.,307.5));
#4344=VERTEX_POINT('',#4343);
#4345=DIRECTION('',(0.,0.,1.));
#4346=VECTOR('',#4345,3.);
#4347=LINE('',#4079,#4346);
#4348=EDGE_CURVE('',#4080,#4344,#4347,.T.);
#4349=ORIENTED_EDGE('',*,*,#4348,.T.);
#4350=DIRECTION('',(0.38268,0.92388,0.));
#4351=VECTOR('',#4350,4.5922);
#4352=LINE('',#4315,#4351);
#4353=EDGE_CURVE('',#4316,#4344,#4352,.T.);
#4354=ORIENTED_EDGE('',*,*,#4353,.F.);
#4355=ORIENTED_EDGE('',*,*,#4320,.F.);
#4356=EDGE_LOOP('',(#4342,#4349,#4354,#4355));
#4357=FACE_OUTER_BOUND('',#4356,.T.);
#4358=CARTESIAN_POINT('',(438.24264,-183.24264,304.5));
#4359=DIRECTION('',(0.92388,-0.38268,0.));
#4360=DIRECTION('',(0.38268,0.92388,0.));
#4361=AXIS2_PLACEMENT_3D('',#4358,#4359,#4360);
#4362=PLANE('',#4361);
#4363=ADVANCED_FACE('',(#4357),#4362,.T.);
#4364=ORIENTED_EDGE('',*,*,#4111,.T.);
#4365=CARTESIAN_POINT('',(440.,-151.,307.5));
#4366=VERTEX_POINT('',#4365);
#4367=DIRECTION('',(0.,0.,1.));
#4368=VECTOR('',#4367,3.);
#4369=LINE('',#4101,#4368);
#4370=EDGE_CURVE('',#4102,#4366,#4369,.T.);
#4371=ORIENTED_EDGE('',*,*,#4370,.T.);
#4372=DIRECTION('',(0.,1.,0.));
#4373=VECTOR('',#4372,28.);
#4374=LINE('',#4343,#4373);
#4375=EDGE_CURVE('',#4344,#4366,#4374,.T.);
#4376=ORIENTED_EDGE('',*,*,#4375,.F.);
#4377=ORIENTED_EDGE('',*,*,#4348,.F.);
#4378=EDGE_LOOP('',(#4364,#4371,#4376,#4377));
#4379=FACE_OUTER_BOUND('',#4378,.T.);
#4380=CARTESIAN_POINT('',(440.,-179.,304.5));
#4381=DIRECTION('',(1.,0.,0.));
#4382=DIRECTION('',(0.,1.,0.));
#4383=AXIS2_PLACEMENT_3D('',#4380,#4381,#4382);
#4384=PLANE('',#4383);
#4385=ADVANCED_FACE('',(#4379),#4384,.T.);
#4386=ORIENTED_EDGE('',*,*,#4133,.T.);
#4387=CARTESIAN_POINT('',(438.24264,-146.75736,307.5));
#4388=VERTEX_POINT('',#4387);
#4389=DIRECTION('',(0.,0.,1.));
#4390=VECTOR('',#4389,3.);
#4391=LINE('',#4123,#4390);
#4392=EDGE_CURVE('',#4124,#4388,#4391,.T.);
#4393=ORIENTED_EDGE('',*,*,#4392,.T.);
#4394=DIRECTION('',(-0.38268,0.92388,0.));
#4395=VECTOR('',#4394,4.5922);
#4396=LINE('',#4365,#4395);
#4397=EDGE_CURVE('',#4366,#4388,#4396,.T.);
#4398=ORIENTED_EDGE('',*,*,#4397,.F.);
#4399=ORIENTED_EDGE('',*,*,#4370,.F.);
#4400=EDGE_LOOP('',(#4386,#4393,#4398,#4399));
#4401=FACE_OUTER_BOUND('',#4400,.T.);
#4402=CARTESIAN_POINT('',(440.,-151.,304.5));
#4403=DIRECTION('',(0.92388,0.38268,0.));
#4404=DIRECTION('',(-0.38268,0.92388,0.));
#4405=AXIS2_PLACEMENT_3D('',#4402,#4403,#4404);
#4406=PLANE('',#4405);
#4407=ADVANCED_FACE('',(#4401),#4406,.T.);
#4408=ORIENTED_EDGE('',*,*,#4155,.T.);
#4409=CARTESIAN_POINT('',(434.,-145.,307.5));
#4410=VERTEX_POINT('',#4409);
#4411=DIRECTION('',(0.,0.,1.));
#4412=VECTOR('',#4411,3.);
#4413=LINE('',#4145,#4412);
#4414=EDGE_CURVE('',#4146,#4410,#4413,.T.);
#4415=ORIENTED_EDGE('',*,*,#4414,.T.);
#4416=DIRECTION('',(-0.92388,0.38268,0.));
#4417=VECTOR('',#4416,4.5922);
#4418=LINE('',#4387,#4417);
#4419=EDGE_CURVE('',#4388,#4410,#4418,.T.);
#4420=ORIENTED_EDGE('',*,*,#4419,.F.);
#4421=ORIENTED_EDGE('',*,*,#4392,.F.);
#4422=EDGE_LOOP('',(#4408,#4415,#4420,#4421));
#4423=FACE_OUTER_BOUND('',#4422,.T.);
#4424=CARTESIAN_POINT('',(438.24264,-146.75736,304.5));
#4425=DIRECTION('',(0.38268,0.92388,0.));
#4426=DIRECTION('',(-0.92388,0.38268,0.));
#4427=AXIS2_PLACEMENT_3D('',#4424,#4425,#4426);
#4428=PLANE('',#4427);
#4429=ADVANCED_FACE('',(#4423),#4428,.T.);
#4430=ORIENTED_EDGE('',*,*,#4177,.T.);
#4431=CARTESIAN_POINT('',(406.,-145.,307.5));
#4432=VERTEX_POINT('',#4431);
#4433=DIRECTION('',(0.,0.,1.));
#4434=VECTOR('',#4433,3.);
#4435=LINE('',#4167,#4434);
#4436=EDGE_CURVE('',#4168,#4432,#4435,.T.);
#4437=ORIENTED_EDGE('',*,*,#4436,.T.);
#4438=DIRECTION('',(-1.,0.,0.));
#4439=VECTOR('',#4438,28.);
#4440=LINE('',#4409,#4439);
#4441=EDGE_CURVE('',#4410,#4432,#4440,.T.);
#4442=ORIENTED_EDGE('',*,*,#4441,.F.);
#4443=ORIENTED_EDGE('',*,*,#4414,.F.);
#4444=EDGE_LOOP('',(#4430,#4437,#4442,#4443));
#4445=FACE_OUTER_BOUND('',#4444,.T.);
#4446=CARTESIAN_POINT('',(434.,-145.,304.5));
#4447=DIRECTION('',(0.,1.,0.));
#4448=DIRECTION('',(-1.,0.,0.));
#4449=AXIS2_PLACEMENT_3D('',#4446,#4447,#4448);
#4450=PLANE('',#4449);
#4451=ADVANCED_FACE('',(#4445),#4450,.T.);
#4452=ORIENTED_EDGE('',*,*,#4199,.T.);
#4453=CARTESIAN_POINT('',(401.75736,-146.75736,307.5));
#4454=VERTEX_POINT('',#4453);
#4455=DIRECTION('',(0.,0.,1.));
#4456=VECTOR('',#4455,3.);
#4457=LINE('',#4189,#4456);
#4458=EDGE_CURVE('',#4190,#4454,#4457,.T.);
#4459=ORIENTED_EDGE('',*,*,#4458,.T.);
#4460=DIRECTION('',(-0.92388,-0.38268,0.));
#4461=VECTOR('',#4460,4.5922);
#4462=LINE('',#4431,#4461);
#4463=EDGE_CURVE('',#4432,#4454,#4462,.T.);
#4464=ORIENTED_EDGE('',*,*,#4463,.F.);
#4465=ORIENTED_EDGE('',*,*,#4436,.F.);
#4466=EDGE_LOOP('',(#4452,#4459,#4464,#4465));
#4467=FACE_OUTER_BOUND('',#4466,.T.);
#4468=CARTESIAN_POINT('',(406.,-145.,304.5));
#4469=DIRECTION('',(-0.38268,0.92388,0.));
#4470=DIRECTION('',(-0.92388,-0.38268,0.));
#4471=AXIS2_PLACEMENT_3D('',#4468,#4469,#4470);
#4472=PLANE('',#4471);
#4473=ADVANCED_FACE('',(#4467),#4472,.T.);
#4474=ORIENTED_EDGE('',*,*,#4221,.T.);
#4475=CARTESIAN_POINT('',(400.,-151.,307.5));
#4476=VERTEX_POINT('',#4475);
#4477=DIRECTION('',(0.,0.,1.));
#4478=VECTOR('',#4477,3.);
#4479=LINE('',#4211,#4478);
#4480=EDGE_CURVE('',#4212,#4476,#4479,.T.);
#4481=ORIENTED_EDGE('',*,*,#4480,.T.);
#4482=DIRECTION('',(-0.38268,-0.92388,0.));
#4483=VECTOR('',#4482,4.5922);
#4484=LINE('',#4453,#4483);
#4485=EDGE_CURVE('',#4454,#4476,#4484,.T.);
#4486=ORIENTED_EDGE('',*,*,#4485,.F.);
#4487=ORIENTED_EDGE('',*,*,#4458,.F.);
#4488=EDGE_LOOP('',(#4474,#4481,#4486,#4487));
#4489=FACE_OUTER_BOUND('',#4488,.T.);
#4490=CARTESIAN_POINT('',(401.75736,-146.75736,304.5));
#4491=DIRECTION('',(-0.92388,0.38268,0.));
#4492=DIRECTION('',(-0.38268,-0.92388,0.));
#4493=AXIS2_PLACEMENT_3D('',#4490,#4491,#4492);
#4494=PLANE('',#4493);
#4495=ADVANCED_FACE('',(#4489),#4494,.T.);
#4496=ORIENTED_EDGE('',*,*,#4243,.T.);
#4497=CARTESIAN_POINT('',(400.,-179.,307.5));
#4498=VERTEX_POINT('',#4497);
#4499=DIRECTION('',(0.,0.,1.));
#4500=VECTOR('',#4499,3.);
#4501=LINE('',#4233,#4500);
#4502=EDGE_CURVE('',#4234,#4498,#4501,.T.);
#4503=ORIENTED_EDGE('',*,*,#4502,.T.);
#4504=DIRECTION('',(0.,-1.,0.));
#4505=VECTOR('',#4504,28.);
#4506=LINE('',#4475,#4505);
#4507=EDGE_CURVE('',#4476,#4498,#4506,.T.);
#4508=ORIENTED_EDGE('',*,*,#4507,.F.);
#4509=ORIENTED_EDGE('',*,*,#4480,.F.);
#4510=EDGE_LOOP('',(#4496,#4503,#4508,#4509));
#4511=FACE_OUTER_BOUND('',#4510,.T.);
#4512=CARTESIAN_POINT('',(400.,-151.,304.5));
#4513=DIRECTION('',(-1.,0.,0.));
#4514=DIRECTION('',(0.,-1.,0.));
#4515=AXIS2_PLACEMENT_3D('',#4512,#4513,#4514);
#4516=PLANE('',#4515);
#4517=ADVANCED_FACE('',(#4511),#4516,.T.);
#4518=ORIENTED_EDGE('',*,*,#4265,.T.);
#4519=CARTESIAN_POINT('',(401.75736,-183.24264,307.5));
#4520=VERTEX_POINT('',#4519);
#4521=DIRECTION('',(0.,0.,1.));
#4522=VECTOR('',#4521,3.);
#4523=LINE('',#4255,#4522);
#4524=EDGE_CURVE('',#4256,#4520,#4523,.T.);
#4525=ORIENTED_EDGE('',*,*,#4524,.T.);
#4526=DIRECTION('',(0.38268,-0.92388,0.));
#4527=VECTOR('',#4526,4.5922);
#4528=LINE('',#4497,#4527);
#4529=EDGE_CURVE('',#4498,#4520,#4528,.T.);
#4530=ORIENTED_EDGE('',*,*,#4529,.F.);
#4531=ORIENTED_EDGE('',*,*,#4502,.F.);
#4532=EDGE_LOOP('',(#4518,#4525,#4530,#4531));
#4533=FACE_OUTER_BOUND('',#4532,.T.);
#4534=CARTESIAN_POINT('',(400.,-179.,304.5));
#4535=DIRECTION('',(-0.92388,-0.38268,0.));
#4536=DIRECTION('',(0.38268,-0.92388,0.));
#4537=AXIS2_PLACEMENT_3D('',#4534,#4535,#4536);
#4538=PLANE('',#4537);
#4539=ADVANCED_FACE('',(#4533),#4538,.T.);
#4540=ORIENTED_EDGE('',*,*,#4287,.T.);
#4541=CARTESIAN_POINT('',(406.,-185.,307.5));
#4542=VERTEX_POINT('',#4541);
#4543=DIRECTION('',(0.,0.,1.));
#4544=VECTOR('',#4543,3.);
#4545=LINE('',#4277,#4544);
#4546=EDGE_CURVE('',#4278,#4542,#4545,.T.);
#4547=ORIENTED_EDGE('',*,*,#4546,.T.);
#4548=DIRECTION('',(0.92388,-0.38268,0.));
#4549=VECTOR('',#4548,4.5922);
#4550=LINE('',#4519,#4549);
#4551=EDGE_CURVE('',#4520,#4542,#4550,.T.);
#4552=ORIENTED_EDGE('',*,*,#4551,.F.);
#4553=ORIENTED_EDGE('',*,*,#4524,.F.);
#4554=EDGE_LOOP('',(#4540,#4547,#4552,#4553));
#4555=FACE_OUTER_BOUND('',#4554,.T.);
#4556=CARTESIAN_POINT('',(401.75736,-183.24264,304.5));
#4557=DIRECTION('',(-0.38268,-0.92388,0.));
#4558=DIRECTION('',(0.92388,-0.38268,0.));
#4559=AXIS2_PLACEMENT_3D('',#4556,#4557,#4558);
#4560=PLANE('',#4559);
#4561=ADVANCED_FACE('',(#4555),#4560,.T.);
#4562=ORIENTED_EDGE('',*,*,#4303,.F.);
#4563=ORIENTED_EDGE('',*,*,#4332,.T.);
#4564=DIRECTION('',(-1.,0.,0.));
#4565=VECTOR('',#4564,28.);
#4566=LINE('',#4322,#4565);
#4567=EDGE_CURVE('',#4323,#4542,#4566,.T.);
#4568=ORIENTED_EDGE('',*,*,#4567,.T.);
#4569=ORIENTED_EDGE('',*,*,#4546,.F.);
#4570=EDGE_LOOP('',(#4562,#4563,#4568,#4569));
#4571=FACE_OUTER_BOUND('',#4570,.T.);
#4572=CARTESIAN_POINT('',(406.,-185.,304.5));
#4573=DIRECTION('',(0.,-1.,0.));
#4574=DIRECTION('',(1.,0.,0.));
#4575=AXIS2_PLACEMENT_3D('',#4572,#4573,#4574);
#4576=PLANE('',#4575);
#4577=ADVANCED_FACE('',(#4571),#4576,.T.);
#4578=ORIENTED_EDGE('',*,*,#4327,.T.);
#4579=CARTESIAN_POINT('',(437.93198,-182.93198,308.56066));
#4580=VERTEX_POINT('',#4579);
#4581=DIRECTION('',(-0.2706,0.2706,0.92388));
#4582=VECTOR('',#4581,1.14805);
#4583=LINE('',#4315,#4582);
#4584=EDGE_CURVE('',#4316,#4580,#4583,.T.);
#4585=ORIENTED_EDGE('',*,*,#4584,.T.);
#4586=CARTESIAN_POINT('',(434.,-184.56066,308.56066));
#4587=VERTEX_POINT('',#4586);
#4588=DIRECTION('',(0.92388,0.38268,0.));
#4589=VECTOR('',#4588,4.25595);
#4590=LINE('',#4586,#4589);
#4591=EDGE_CURVE('',#4587,#4580,#4590,.T.);
#4592=ORIENTED_EDGE('',*,*,#4591,.F.);
#4593=DIRECTION('',(0.,0.38268,0.92388));
#4594=VECTOR('',#4593,1.14805);
#4595=LINE('',#4322,#4594);
#4596=EDGE_CURVE('',#4323,#4587,#4595,.T.);
#4597=ORIENTED_EDGE('',*,*,#4596,.F.);
#4598=EDGE_LOOP('',(#4578,#4585,#4592,#4597));
#4599=FACE_OUTER_BOUND('',#4598,.T.);
#4600=CARTESIAN_POINT('',(434.,-185.,307.5));
#4601=DIRECTION('',(0.35741,-0.86286,0.35741));
#4602=DIRECTION('',(0.92388,0.38268,0.));
#4603=AXIS2_PLACEMENT_3D('',#4600,#4601,#4602);
#4604=PLANE('',#4603);
#4605=ADVANCED_FACE('',(#4599),#4604,.T.);
#4606=ORIENTED_EDGE('',*,*,#4353,.T.);
#4607=CARTESIAN_POINT('',(439.56066,-179.,308.56066));
#4608=VERTEX_POINT('',#4607);
#4609=DIRECTION('',(-0.38268,0.,0.92388));
#4610=VECTOR('',#4609,1.14805);
#4611=LINE('',#4343,#4610);
#4612=EDGE_CURVE('',#4344,#4608,#4611,.T.);
#4613=ORIENTED_EDGE('',*,*,#4612,.T.);
#4614=DIRECTION('',(0.38268,0.92388,0.));
#4615=VECTOR('',#4614,4.25595);
#4616=LINE('',#4579,#4615);
#4617=EDGE_CURVE('',#4580,#4608,#4616,.T.);
#4618=ORIENTED_EDGE('',*,*,#4617,.F.);
#4619=ORIENTED_EDGE('',*,*,#4584,.F.);
#4620=EDGE_LOOP('',(#4606,#4613,#4618,#4619));
#4621=FACE_OUTER_BOUND('',#4620,.T.);
#4622=CARTESIAN_POINT('',(438.24264,-183.24264,307.5));
#4623=DIRECTION('',(0.86286,-0.35741,0.35741));
#4624=DIRECTION('',(0.38268,0.92388,0.));
#4625=AXIS2_PLACEMENT_3D('',#4622,#4623,#4624);
#4626=PLANE('',#4625);
#4627=ADVANCED_FACE('',(#4621),#4626,.T.);
#4628=ORIENTED_EDGE('',*,*,#4375,.T.);
#4629=CARTESIAN_POINT('',(439.56066,-151.,308.56066));
#4630=VERTEX_POINT('',#4629);
#4631=DIRECTION('',(-0.38268,0.,0.92388));
#4632=VECTOR('',#4631,1.14805);
#4633=LINE('',#4365,#4632);
#4634=EDGE_CURVE('',#4366,#4630,#4633,.T.);
#4635=ORIENTED_EDGE('',*,*,#4634,.T.);
#4636=DIRECTION('',(0.,1.,0.));
#4637=VECTOR('',#4636,28.);
#4638=LINE('',#4607,#4637);
#4639=EDGE_CURVE('',#4608,#4630,#4638,.T.);
#4640=ORIENTED_EDGE('',*,*,#4639,.F.);
#4641=ORIENTED_EDGE('',*,*,#4612,.F.);
#4642=EDGE_LOOP('',(#4628,#4635,#4640,#4641));
#4643=FACE_OUTER_BOUND('',#4642,.T.);
#4644=CARTESIAN_POINT('',(440.,-179.,307.5));
#4645=DIRECTION('',(0.92388,0.,0.38268));
#4646=DIRECTION('',(0.,1.,0.));
#4647=AXIS2_PLACEMENT_3D('',#4644,#4645,#4646);
#4648=PLANE('',#4647);
#4649=ADVANCED_FACE('',(#4643),#4648,.T.);
#4650=ORIENTED_EDGE('',*,*,#4397,.T.);
#4651=CARTESIAN_POINT('',(437.93198,-147.06802,308.56066));
#4652=VERTEX_POINT('',#4651);
#4653=DIRECTION('',(-0.2706,-0.2706,0.92388));
#4654=VECTOR('',#4653,1.14805);
#4655=LINE('',#4387,#4654);
#4656=EDGE_CURVE('',#4388,#4652,#4655,.T.);
#4657=ORIENTED_EDGE('',*,*,#4656,.T.);
#4658=DIRECTION('',(-0.38268,0.92388,0.));
#4659=VECTOR('',#4658,4.25595);
#4660=LINE('',#4629,#4659);
#4661=EDGE_CURVE('',#4630,#4652,#4660,.T.);
#4662=ORIENTED_EDGE('',*,*,#4661,.F.);
#4663=ORIENTED_EDGE('',*,*,#4634,.F.);
#4664=EDGE_LOOP('',(#4650,#4657,#4662,#4663));
#4665=FACE_OUTER_BOUND('',#4664,.T.);
#4666=CARTESIAN_POINT('',(440.,-151.,307.5));
#4667=DIRECTION('',(0.86286,0.35741,0.35741));
#4668=DIRECTION('',(-0.38268,0.92388,0.));
#4669=AXIS2_PLACEMENT_3D('',#4666,#4667,#4668);
#4670=PLANE('',#4669);
#4671=ADVANCED_FACE('',(#4665),#4670,.T.);
#4672=ORIENTED_EDGE('',*,*,#4419,.T.);
#4673=CARTESIAN_POINT('',(434.,-145.43934,308.56066));
#4674=VERTEX_POINT('',#4673);
#4675=DIRECTION('',(0.,-0.38268,0.92388));
#4676=VECTOR('',#4675,1.14805);
#4677=LINE('',#4409,#4676);
#4678=EDGE_CURVE('',#4410,#4674,#4677,.T.);
#4679=ORIENTED_EDGE('',*,*,#4678,.T.);
#4680=DIRECTION('',(-0.92388,0.38268,0.));
#4681=VECTOR('',#4680,4.25595);
#4682=LINE('',#4651,#4681);
#4683=EDGE_CURVE('',#4652,#4674,#4682,.T.);
#4684=ORIENTED_EDGE('',*,*,#4683,.F.);
#4685=ORIENTED_EDGE('',*,*,#4656,.F.);
#4686=EDGE_LOOP('',(#4672,#4679,#4684,#4685));
#4687=FACE_OUTER_BOUND('',#4686,.T.);
#4688=CARTESIAN_POINT('',(438.24264,-146.75736,307.5));
#4689=DIRECTION('',(0.35741,0.86286,0.35741));
#4690=DIRECTION('',(-0.92388,0.38268,0.));
#4691=AXIS2_PLACEMENT_3D('',#4688,#4689,#4690);
#4692=PLANE('',#4691);
#4693=ADVANCED_FACE('',(#4687),#4692,.T.);
#4694=ORIENTED_EDGE('',*,*,#4441,.T.);
#4695=CARTESIAN_POINT('',(406.,-145.43934,308.56066));
#4696=VERTEX_POINT('',#4695);
#4697=DIRECTION('',(0.,-0.38268,0.92388));
#4698=VECTOR('',#4697,1.14805);
#4699=LINE('',#4431,#4698);
#4700=EDGE_CURVE('',#4432,#4696,#4699,.T.);
#4701=ORIENTED_EDGE('',*,*,#4700,.T.);
#4702=DIRECTION('',(-1.,0.,0.));
#4703=VECTOR('',#4702,28.);
#4704=LINE('',#4673,#4703);
#4705=EDGE_CURVE('',#4674,#4696,#4704,.T.);
#4706=ORIENTED_EDGE('',*,*,#4705,.F.);
#4707=ORIENTED_EDGE('',*,*,#4678,.F.);
#4708=EDGE_LOOP('',(#4694,#4701,#4706,#4707));
#4709=FACE_OUTER_BOUND('',#4708,.T.);
#4710=CARTESIAN_POINT('',(434.,-145.,307.5));
#4711=DIRECTION('',(0.,0.92388,0.38268));
#4712=DIRECTION('',(-1.,0.,0.));
#4713=AXIS2_PLACEMENT_3D('',#4710,#4711,#4712);
#4714=PLANE('',#4713);
#4715=ADVANCED_FACE('',(#4709),#4714,.T.);
#4716=ORIENTED_EDGE('',*,*,#4463,.T.);
#4717=CARTESIAN_POINT('',(402.06802,-147.06802,308.56066));
#4718=VERTEX_POINT('',#4717);
#4719=DIRECTION('',(0.2706,-0.2706,0.92388));
#4720=VECTOR('',#4719,1.14805);
#4721=LINE('',#4453,#4720);
#4722=EDGE_CURVE('',#4454,#4718,#4721,.T.);
#4723=ORIENTED_EDGE('',*,*,#4722,.T.);
#4724=DIRECTION('',(-0.92388,-0.38268,0.));
#4725=VECTOR('',#4724,4.25595);
#4726=LINE('',#4695,#4725);
#4727=EDGE_CURVE('',#4696,#4718,#4726,.T.);
#4728=ORIENTED_EDGE('',*,*,#4727,.F.);
#4729=ORIENTED_EDGE('',*,*,#4700,.F.);
#4730=EDGE_LOOP('',(#4716,#4723,#4728,#4729));
#4731=FACE_OUTER_BOUND('',#4730,.T.);
#4732=CARTESIAN_POINT('',(406.,-145.,307.5));
#4733=DIRECTION('',(-0.35741,0.86286,0.35741));
#4734=DIRECTION('',(-0.92388,-0.38268,0.));
#4735=AXIS2_PLACEMENT_3D('',#4732,#4733,#4734);
#4736=PLANE('',#4735);
#4737=ADVANCED_FACE('',(#4731),#4736,.T.);
#4738=ORIENTED_EDGE('',*,*,#4485,.T.);
#4739=CARTESIAN_POINT('',(400.43934,-151.,308.56066));
#4740=VERTEX_POINT('',#4739);
#4741=DIRECTION('',(0.38268,0.,0.92388));
#4742=VECTOR('',#4741,1.14805);
#4743=LINE('',#4475,#4742);
#4744=EDGE_CURVE('',#4476,#4740,#4743,.T.);
#4745=ORIENTED_EDGE('',*,*,#4744,.T.);
#4746=DIRECTION('',(-0.38268,-0.92388,0.));
#4747=VECTOR('',#4746,4.25595);
#4748=LINE('',#4717,#4747);
#4749=EDGE_CURVE('',#4718,#4740,#4748,.T.);
#4750=ORIENTED_EDGE('',*,*,#4749,.F.);
#4751=ORIENTED_EDGE('',*,*,#4722,.F.);
#4752=EDGE_LOOP('',(#4738,#4745,#4750,#4751));
#4753=FACE_OUTER_BOUND('',#4752,.T.);
#4754=CARTESIAN_POINT('',(401.75736,-146.75736,307.5));
#4755=DIRECTION('',(-0.86286,0.35741,0.35741));
#4756=DIRECTION('',(-0.38268,-0.92388,0.));
#4757=AXIS2_PLACEMENT_3D('',#4754,#4755,#4756);
#4758=PLANE('',#4757);
#4759=ADVANCED_FACE('',(#4753),#4758,.T.);
#4760=ORIENTED_EDGE('',*,*,#4507,.T.);
#4761=CARTESIAN_POINT('',(400.43934,-179.,308.56066));
#4762=VERTEX_POINT('',#4761);
#4763=DIRECTION('',(0.38268,0.,0.92388));
#4764=VECTOR('',#4763,1.14805);
#4765=LINE('',#4497,#4764);
#4766=EDGE_CURVE('',#4498,#4762,#4765,.T.);
#4767=ORIENTED_EDGE('',*,*,#4766,.T.);
#4768=DIRECTION('',(0.,-1.,0.));
#4769=VECTOR('',#4768,28.);
#4770=LINE('',#4739,#4769);
#4771=EDGE_CURVE('',#4740,#4762,#4770,.T.);
#4772=ORIENTED_EDGE('',*,*,#4771,.F.);
#4773=ORIENTED_EDGE('',*,*,#4744,.F.);
#4774=EDGE_LOOP('',(#4760,#4767,#4772,#4773));
#4775=FACE_OUTER_BOUND('',#4774,.T.);
#4776=CARTESIAN_POINT('',(400.,-151.,307.5));
#4777=DIRECTION('',(-0.92388,0.,0.38268));
#4778=DIRECTION('',(0.,-1.,0.));
#4779=AXIS2_PLACEMENT_3D('',#4776,#4777,#4778);
#4780=PLANE('',#4779);
#4781=ADVANCED_FACE('',(#4775),#4780,.T.);
#4782=ORIENTED_EDGE('',*,*,#4529,.T.);
#4783=CARTESIAN_POINT('',(402.06802,-182.93198,308.56066));
#4784=VERTEX_POINT('',#4783);
#4785=DIRECTION('',(0.2706,0.2706,0.92388));
#4786=VECTOR('',#4785,1.14805);
#4787=LINE('',#4519,#4786);
#4788=EDGE_CURVE('',#4520,#4784,#4787,.T.);
#4789=ORIENTED_EDGE('',*,*,#4788,.T.);
#4790=DIRECTION('',(0.38268,-0.92388,0.));
#4791=VECTOR('',#4790,4.25595);
#4792=LINE('',#4761,#4791);
#4793=EDGE_CURVE('',#4762,#4784,#4792,.T.);
#4794=ORIENTED_EDGE('',*,*,#4793,.F.);
#4795=ORIENTED_EDGE('',*,*,#4766,.F.);
#4796=EDGE_LOOP('',(#4782,#4789,#4794,#4795));
#4797=FACE_OUTER_BOUND('',#4796,.T.);
#4798=CARTESIAN_POINT('',(400.,-179.,307.5));
#4799=DIRECTION('',(-0.86286,-0.35741,0.35741));
#4800=DIRECTION('',(0.38268,-0.92388,0.));
#4801=AXIS2_PLACEMENT_3D('',#4798,#4799,#4800);
#4802=PLANE('',#4801);
#4803=ADVANCED_FACE('',(#4797),#4802,.T.);
#4804=ORIENTED_EDGE('',*,*,#4551,.T.);
#4805=CARTESIAN_POINT('',(406.,-184.56066,308.56066));
#4806=VERTEX_POINT('',#4805);
#4807=DIRECTION('',(0.,0.38268,0.92388));
#4808=VECTOR('',#4807,1.14805);
#4809=LINE('',#4541,#4808);
#4810=EDGE_CURVE('',#4542,#4806,#4809,.T.);
#4811=ORIENTED_EDGE('',*,*,#4810,.T.);
#4812=DIRECTION('',(0.92388,-0.38268,0.));
#4813=VECTOR('',#4812,4.25595);
#4814=LINE('',#4783,#4813);
#4815=EDGE_CURVE('',#4784,#4806,#4814,.T.);
#4816=ORIENTED_EDGE('',*,*,#4815,.F.);
#4817=ORIENTED_EDGE('',*,*,#4788,.F.);
#4818=EDGE_LOOP('',(#4804,#4811,#4816,#4817));
#4819=FACE_OUTER_BOUND('',#4818,.T.);
#4820=CARTESIAN_POINT('',(401.75736,-183.24264,307.5));
#4821=DIRECTION('',(-0.35741,-0.86286,0.35741));
#4822=DIRECTION('',(0.92388,-0.38268,0.));
#4823=AXIS2_PLACEMENT_3D('',#4820,#4821,#4822);
#4824=PLANE('',#4823);
#4825=ADVANCED_FACE('',(#4819),#4824,.T.);
#4826=ORIENTED_EDGE('',*,*,#4567,.F.);
#4827=ORIENTED_EDGE('',*,*,#4596,.T.);
#4828=DIRECTION('',(-1.,0.,0.));
#4829=VECTOR('',#4828,28.);
#4830=LINE('',#4586,#4829);
#4831=EDGE_CURVE('',#4587,#4806,#4830,.T.);
#4832=ORIENTED_EDGE('',*,*,#4831,.T.);
#4833=ORIENTED_EDGE('',*,*,#4810,.F.);
#4834=EDGE_LOOP('',(#4826,#4827,#4832,#4833));
#4835=FACE_OUTER_BOUND('',#4834,.T.);
#4836=CARTESIAN_POINT('',(406.,-185.,307.5));
#4837=DIRECTION('',(0.,-0.92388,0.38268));
#4838=DIRECTION('',(1.,0.,0.));
#4839=AXIS2_PLACEMENT_3D('',#4836,#4837,#4838);
#4840=PLANE('',#4839);
#4841=ADVANCED_FACE('',(#4835),#4840,.T.);
#4842=ORIENTED_EDGE('',*,*,#4591,.T.);
#4843=CARTESIAN_POINT('',(437.18198,-182.18198,309.));
#4844=VERTEX_POINT('',#4843);
#4845=DIRECTION('',(-0.65328,0.65328,0.38268));
#4846=VECTOR('',#4845,1.14805);
#4847=LINE('',#4579,#4846);
#4848=EDGE_CURVE('',#4580,#4844,#4847,.T.);
#4849=ORIENTED_EDGE('',*,*,#4848,.T.);
#4850=CARTESIAN_POINT('',(434.,-183.5,309.));
#4851=VERTEX_POINT('',#4850);
#4852=DIRECTION('',(0.92388,0.38268,0.));
#4853=VECTOR('',#4852,3.44415);
#4854=LINE('',#4850,#4853);
#4855=EDGE_CURVE('',#4851,#4844,#4854,.T.);
#4856=ORIENTED_EDGE('',*,*,#4855,.F.);
#4857=DIRECTION('',(0.,0.92388,0.38268));
#4858=VECTOR('',#4857,1.14805);
#4859=LINE('',#4586,#4858);
#4860=EDGE_CURVE('',#4587,#4851,#4859,.T.);
#4861=ORIENTED_EDGE('',*,*,#4860,.F.);
#4862=EDGE_LOOP('',(#4842,#4849,#4856,#4861));
#4863=FACE_OUTER_BOUND('',#4862,.T.);
#4864=CARTESIAN_POINT('',(434.,-184.56066,308.56066));
#4865=DIRECTION('',(0.15656,-0.37796,0.91249));
#4866=DIRECTION('',(0.92388,0.38268,0.));
#4867=AXIS2_PLACEMENT_3D('',#4864,#4865,#4866);
#4868=PLANE('',#4867);
#4869=ADVANCED_FACE('',(#4863),#4868,.T.);
#4870=ORIENTED_EDGE('',*,*,#4617,.T.);
#4871=CARTESIAN_POINT('',(438.5,-179.,309.));
#4872=VERTEX_POINT('',#4871);
#4873=DIRECTION('',(-0.92388,0.,0.38268));
#4874=VECTOR('',#4873,1.14805);
#4875=LINE('',#4607,#4874);
#4876=EDGE_CURVE('',#4608,#4872,#4875,.T.);
#4877=ORIENTED_EDGE('',*,*,#4876,.T.);
#4878=DIRECTION('',(0.38268,0.92388,0.));
#4879=VECTOR('',#4878,3.44415);
#4880=LINE('',#4843,#4879);
#4881=EDGE_CURVE('',#4844,#4872,#4880,.T.);
#4882=ORIENTED_EDGE('',*,*,#4881,.F.);
#4883=ORIENTED_EDGE('',*,*,#4848,.F.);
#4884=EDGE_LOOP('',(#4870,#4877,#4882,#4883));
#4885=FACE_OUTER_BOUND('',#4884,.T.);
#4886=CARTESIAN_POINT('',(437.93198,-182.93198,308.56066));
#4887=DIRECTION('',(0.37796,-0.15656,0.91249));
#4888=DIRECTION('',(0.38268,0.92388,0.));
#4889=AXIS2_PLACEMENT_3D('',#4886,#4887,#4888);
#4890=PLANE('',#4889);
#4891=ADVANCED_FACE('',(#4885),#4890,.T.);
#4892=ORIENTED_EDGE('',*,*,#4639,.T.);
#4893=CARTESIAN_POINT('',(438.5,-151.,309.));
#4894=VERTEX_POINT('',#4893);
#4895=DIRECTION('',(-0.92388,0.,0.38268));
#4896=VECTOR('',#4895,1.14805);
#4897=LINE('',#4629,#4896);
#4898=EDGE_CURVE('',#4630,#4894,#4897,.T.);
#4899=ORIENTED_EDGE('',*,*,#4898,.T.);
#4900=DIRECTION('',(0.,1.,0.));
#4901=VECTOR('',#4900,28.);
#4902=LINE('',#4871,#4901);
#4903=EDGE_CURVE('',#4872,#4894,#4902,.T.);
#4904=ORIENTED_EDGE('',*,*,#4903,.F.);
#4905=ORIENTED_EDGE('',*,*,#4876,.F.);
#4906=EDGE_LOOP('',(#4892,#4899,#4904,#4905));
#4907=FACE_OUTER_BOUND('',#4906,.T.);
#4908=CARTESIAN_POINT('',(439.56066,-179.,308.56066));
#4909=DIRECTION('',(0.38268,0.,0.92388));
#4910=DIRECTION('',(0.,1.,0.));
#4911=AXIS2_PLACEMENT_3D('',#4908,#4909,#4910);
#4912=PLANE('',#4911);
#4913=ADVANCED_FACE('',(#4907),#4912,.T.);
#4914=ORIENTED_EDGE('',*,*,#4661,.T.);
#4915=CARTESIAN_POINT('',(437.18198,-147.81802,309.));
#4916=VERTEX_POINT('',#4915);
#4917=DIRECTION('',(-0.65328,-0.65328,0.38268));
#4918=VECTOR('',#4917,1.14805);
#4919=LINE('',#4651,#4918);
#4920=EDGE_CURVE('',#4652,#4916,#4919,.T.);
#4921=ORIENTED_EDGE('',*,*,#4920,.T.);
#4922=DIRECTION('',(-0.38268,0.92388,0.));
#4923=VECTOR('',#4922,3.44415);
#4924=LINE('',#4893,#4923);
#4925=EDGE_CURVE('',#4894,#4916,#4924,.T.);
#4926=ORIENTED_EDGE('',*,*,#4925,.F.);
#4927=ORIENTED_EDGE('',*,*,#4898,.F.);
#4928=EDGE_LOOP('',(#4914,#4921,#4926,#4927));
#4929=FACE_OUTER_BOUND('',#4928,.T.);
#4930=CARTESIAN_POINT('',(439.56066,-151.,308.56066));
#4931=DIRECTION('',(0.37796,0.15656,0.91249));
#4932=DIRECTION('',(-0.38268,0.92388,0.));
#4933=AXIS2_PLACEMENT_3D('',#4930,#4931,#4932);
#4934=PLANE('',#4933);
#4935=ADVANCED_FACE('',(#4929),#4934,.T.);
#4936=ORIENTED_EDGE('',*,*,#4683,.T.);
#4937=CARTESIAN_POINT('',(434.,-146.5,309.));
#4938=VERTEX_POINT('',#4937);
#4939=DIRECTION('',(0.,-0.92388,0.38268));
#4940=VECTOR('',#4939,1.14805);
#4941=LINE('',#4673,#4940);
#4942=EDGE_CURVE('',#4674,#4938,#4941,.T.);
#4943=ORIENTED_EDGE('',*,*,#4942,.T.);
#4944=DIRECTION('',(-0.92388,0.38268,0.));
#4945=VECTOR('',#4944,3.44415);
#4946=LINE('',#4915,#4945);
#4947=EDGE_CURVE('',#4916,#4938,#4946,.T.);
#4948=ORIENTED_EDGE('',*,*,#4947,.F.);
#4949=ORIENTED_EDGE('',*,*,#4920,.F.);
#4950=EDGE_LOOP('',(#4936,#4943,#4948,#4949));
#4951=FACE_OUTER_BOUND('',#4950,.T.);
#4952=CARTESIAN_POINT('',(437.93198,-147.06802,308.56066));
#4953=DIRECTION('',(0.15656,0.37796,0.91249));
#4954=DIRECTION('',(-0.92388,0.38268,0.));
#4955=AXIS2_PLACEMENT_3D('',#4952,#4953,#4954);
#4956=PLANE('',#4955);
#4957=ADVANCED_FACE('',(#4951),#4956,.T.);
#4958=ORIENTED_EDGE('',*,*,#4705,.T.);
#4959=CARTESIAN_POINT('',(406.,-146.5,309.));
#4960=VERTEX_POINT('',#4959);
#4961=DIRECTION('',(0.,-0.92388,0.38268));
#4962=VECTOR('',#4961,1.14805);
#4963=LINE('',#4695,#4962);
#4964=EDGE_CURVE('',#4696,#4960,#4963,.T.);
#4965=ORIENTED_EDGE('',*,*,#4964,.T.);
#4966=DIRECTION('',(-1.,0.,0.));
#4967=VECTOR('',#4966,28.);
#4968=LINE('',#4937,#4967);
#4969=EDGE_CURVE('',#4938,#4960,#4968,.T.);
#4970=ORIENTED_EDGE('',*,*,#4969,.F.);
#4971=ORIENTED_EDGE('',*,*,#4942,.F.);
#4972=EDGE_LOOP('',(#4958,#4965,#4970,#4971));
#4973=FACE_OUTER_BOUND('',#4972,.T.);
#4974=CARTESIAN_POINT('',(434.,-145.43934,308.56066));
#4975=DIRECTION('',(0.,0.38268,0.92388));
#4976=DIRECTION('',(-1.,0.,0.));
#4977=AXIS2_PLACEMENT_3D('',#4974,#4975,#4976);
#4978=PLANE('',#4977);
#4979=ADVANCED_FACE('',(#4973),#4978,.T.);
#4980=ORIENTED_EDGE('',*,*,#4727,.T.);
#4981=CARTESIAN_POINT('',(402.81802,-147.81802,309.));
#4982=VERTEX_POINT('',#4981);
#4983=DIRECTION('',(0.65328,-0.65328,0.38268));
#4984=VECTOR('',#4983,1.14805);
#4985=LINE('',#4717,#4984);
#4986=EDGE_CURVE('',#4718,#4982,#4985,.T.);
#4987=ORIENTED_EDGE('',*,*,#4986,.T.);
#4988=DIRECTION('',(-0.92388,-0.38268,0.));
#4989=VECTOR('',#4988,3.44415);
#4990=LINE('',#4959,#4989);
#4991=EDGE_CURVE('',#4960,#4982,#4990,.T.);
#4992=ORIENTED_EDGE('',*,*,#4991,.F.);
#4993=ORIENTED_EDGE('',*,*,#4964,.F.);
#4994=EDGE_LOOP('',(#4980,#4987,#4992,#4993));
#4995=FACE_OUTER_BOUND('',#4994,.T.);
#4996=CARTESIAN_POINT('',(406.,-145.43934,308.56066));
#4997=DIRECTION('',(-0.15656,0.37796,0.91249));
#4998=DIRECTION('',(-0.92388,-0.38268,0.));
#4999=AXIS2_PLACEMENT_3D('',#4996,#4997,#4998);
#5000=PLANE('',#4999);
#5001=ADVANCED_FACE('',(#4995),#5000,.T.);
#5002=ORIENTED_EDGE('',*,*,#4749,.T.);
#5003=CARTESIAN_POINT('',(401.5,-151.,309.));
#5004=VERTEX_POINT('',#5003);
#5005=DIRECTION('',(0.92388,0.,0.38268));
#5006=VECTOR('',#5005,1.14805);
#5007=LINE('',#4739,#5006);
#5008=EDGE_CURVE('',#4740,#5004,#5007,.T.);
#5009=ORIENTED_EDGE('',*,*,#5008,.T.);
#5010=DIRECTION('',(-0.38268,-0.92388,0.));
#5011=VECTOR('',#5010,3.44415);
#5012=LINE('',#4981,#5011);
#5013=EDGE_CURVE('',#4982,#5004,#5012,.T.);
#5014=ORIENTED_EDGE('',*,*,#5013,.F.);
#5015=ORIENTED_EDGE('',*,*,#4986,.F.);
#5016=EDGE_LOOP('',(#5002,#5009,#5014,#5015));
#5017=FACE_OUTER_BOUND('',#5016,.T.);
#5018=CARTESIAN_POINT('',(402.06802,-147.06802,308.56066));
#5019=DIRECTION('',(-0.37796,0.15656,0.91249));
#5020=DIRECTION('',(-0.38268,-0.92388,0.));
#5021=AXIS2_PLACEMENT_3D('',#5018,#5019,#5020);
#5022=PLANE('',#5021);
#5023=ADVANCED_FACE('',(#5017),#5022,.T.);
#5024=ORIENTED_EDGE('',*,*,#4771,.T.);
#5025=CARTESIAN_POINT('',(401.5,-179.,309.));
#5026=VERTEX_POINT('',#5025);
#5027=DIRECTION('',(0.92388,0.,0.38268));
#5028=VECTOR('',#5027,1.14805);
#5029=LINE('',#4761,#5028);
#5030=EDGE_CURVE('',#4762,#5026,#5029,.T.);
#5031=ORIENTED_EDGE('',*,*,#5030,.T.);
#5032=DIRECTION('',(0.,-1.,0.));
#5033=VECTOR('',#5032,28.);
#5034=LINE('',#5003,#5033);
#5035=EDGE_CURVE('',#5004,#5026,#5034,.T.);
#5036=ORIENTED_EDGE('',*,*,#5035,.F.);
#5037=ORIENTED_EDGE('',*,*,#5008,.F.);
#5038=EDGE_LOOP('',(#5024,#5031,#5036,#5037));
#5039=FACE_OUTER_BOUND('',#5038,.T.);
#5040=CARTESIAN_POINT('',(400.43934,-151.,308.56066));
#5041=DIRECTION('',(-0.38268,0.,0.92388));
#5042=DIRECTION('',(0.,-1.,0.));
#5043=AXIS2_PLACEMENT_3D('',#5040,#5041,#5042);
#5044=PLANE('',#5043);
#5045=ADVANCED_FACE('',(#5039),#5044,.T.);
#5046=ORIENTED_EDGE('',*,*,#4793,.T.);
#5047=CARTESIAN_POINT('',(402.81802,-182.18198,309.));
#5048=VERTEX_POINT('',#5047);
#5049=DIRECTION('',(0.65328,0.65328,0.38268));
#5050=VECTOR('',#5049,1.14805);
#5051=LINE('',#4783,#5050);
#5052=EDGE_CURVE('',#4784,#5048,#5051,.T.);
#5053=ORIENTED_EDGE('',*,*,#5052,.T.);
#5054=DIRECTION('',(0.38268,-0.92388,0.));
#5055=VECTOR('',#5054,3.44415);
#5056=LINE('',#5025,#5055);
#5057=EDGE_CURVE('',#5026,#5048,#5056,.T.);
#5058=ORIENTED_EDGE('',*,*,#5057,.F.);
#5059=ORIENTED_EDGE('',*,*,#5030,.F.);
#5060=EDGE_LOOP('',(#5046,#5053,#5058,#5059));
#5061=FACE_OUTER_BOUND('',#5060,.T.);
#5062=CARTESIAN_POINT('',(400.43934,-179.,308.56066));
#5063=DIRECTION('',(-0.37796,-0.15656,0.91249));
#5064=DIRECTION('',(0.38268,-0.92388,0.));
#5065=AXIS2_PLACEMENT_3D('',#5062,#5063,#5064);
#5066=PLANE('',#5065);
#5067=ADVANCED_FACE('',(#5061),#5066,.T.);
#5068=ORIENTED_EDGE('',*,*,#4815,.T.);
#5069=CARTESIAN_POINT('',(406.,-183.5,309.));
#5070=VERTEX_POINT('',#5069);
#5071=DIRECTION('',(0.,0.92388,0.38268));
#5072=VECTOR('',#5071,1.14805);
#5073=LINE('',#4805,#5072);
#5074=EDGE_CURVE('',#4806,#5070,#5073,.T.);
#5075=ORIENTED_EDGE('',*,*,#5074,.T.);
#5076=DIRECTION('',(0.92388,-0.38268,0.));
#5077=VECTOR('',#5076,3.44415);
#5078=LINE('',#5047,#5077);
#5079=EDGE_CURVE('',#5048,#5070,#5078,.T.);
#5080=ORIENTED_EDGE('',*,*,#5079,.F.);
#5081=ORIENTED_EDGE('',*,*,#5052,.F.);
#5082=EDGE_LOOP('',(#5068,#5075,#5080,#5081));
#5083=FACE_OUTER_BOUND('',#5082,.T.);
#5084=CARTESIAN_POINT('',(402.06802,-182.93198,308.56066));
#5085=DIRECTION('',(-0.15656,-0.37796,0.91249));
#5086=DIRECTION('',(0.92388,-0.38268,0.));
#5087=AXIS2_PLACEMENT_3D('',#5084,#5085,#5086);
#5088=PLANE('',#5087);
#5089=ADVANCED_FACE('',(#5083),#5088,.T.);
#5090=ORIENTED_EDGE('',*,*,#4831,.F.);
#5091=ORIENTED_EDGE('',*,*,#4860,.T.);
#5092=DIRECTION('',(-1.,0.,0.));
#5093=VECTOR('',#5092,28.);
#5094=LINE('',#4850,#5093);
#5095=EDGE_CURVE('',#4851,#5070,#5094,.T.);
#5096=ORIENTED_EDGE('',*,*,#5095,.T.);
#5097=ORIENTED_EDGE('',*,*,#5074,.F.);
#5098=EDGE_LOOP('',(#5090,#5091,#5096,#5097));
#5099=FACE_OUTER_BOUND('',#5098,.T.);
#5100=CARTESIAN_POINT('',(406.,-184.56066,308.56066));
#5101=DIRECTION('',(0.,-0.38268,0.92388));
#5102=DIRECTION('',(1.,0.,0.));
#5103=AXIS2_PLACEMENT_3D('',#5100,#5101,#5102);
#5104=PLANE('',#5103);
#5105=ADVANCED_FACE('',(#5099),#5104,.T.);
#5106=ORIENTED_EDGE('',*,*,#4007,.F.);
#5107=ORIENTED_EDGE('',*,*,#3979,.F.);
#5108=ORIENTED_EDGE('',*,*,#3951,.F.);
#5109=ORIENTED_EDGE('',*,*,#3923,.F.);
#5110=ORIENTED_EDGE('',*,*,#3895,.F.);
#5111=ORIENTED_EDGE('',*,*,#3867,.F.);
#5112=ORIENTED_EDGE('',*,*,#3839,.F.);
#5113=ORIENTED_EDGE('',*,*,#3811,.F.);
#5114=ORIENTED_EDGE('',*,*,#3783,.F.);
#5115=ORIENTED_EDGE('',*,*,#3755,.F.);
#5116=ORIENTED_EDGE('',*,*,#3721,.F.);
#5117=ORIENTED_EDGE('',*,*,#4033,.T.);
#5118=EDGE_LOOP('',(#5106,#5107,#5108,#5109,#5110,#5111,#5112,#5113,#5114,#5115,#5116,#5117));
#5119=FACE_OUTER_BOUND('',#5118,.T.);
#5120=CARTESIAN_POINT('',(406.,-183.5,303.));
#5121=DIRECTION('',(0.,0.,-1.));
#5122=DIRECTION('',(-0.92388,0.38268,0.));
#5123=AXIS2_PLACEMENT_3D('',#5120,#5121,#5122);
#5124=PLANE('',#5123);
#5125=ADVANCED_FACE('',(#5119),#5124,.T.);
#5126=ORIENTED_EDGE('',*,*,#4855,.T.);
#5127=ORIENTED_EDGE('',*,*,#4881,.T.);
#5128=ORIENTED_EDGE('',*,*,#4903,.T.);
#5129=ORIENTED_EDGE('',*,*,#4925,.T.);
#5130=ORIENTED_EDGE('',*,*,#4947,.T.);
#5131=ORIENTED_EDGE('',*,*,#4969,.T.);
#5132=ORIENTED_EDGE('',*,*,#4991,.T.);
#5133=ORIENTED_EDGE('',*,*,#5013,.T.);
#5134=ORIENTED_EDGE('',*,*,#5035,.T.);
#5135=ORIENTED_EDGE('',*,*,#5057,.T.);
#5136=ORIENTED_EDGE('',*,*,#5079,.T.);
#5137=ORIENTED_EDGE('',*,*,#5095,.F.);
#5138=EDGE_LOOP('',(#5126,#5127,#5128,#5129,#5130,#5131,#5132,#5133,#5134,#5135,#5136,#5137));
#5139=FACE_OUTER_BOUND('',#5138,.T.);
#5140=CARTESIAN_POINT('',(434.,-183.5,309.));
#5141=DIRECTION('',(0.,0.,1.));
#5142=DIRECTION('',(0.92388,0.38268,0.));
#5143=AXIS2_PLACEMENT_3D('',#5140,#5141,#5142);
#5144=PLANE('',#5143);
#5145=ADVANCED_FACE('',(#5139),#5144,.T.);
#5146=CLOSED_SHELL('',(#3749,#3777,#3805,#3833,#3861,#3889,#3917,#3945,#3973,#4001,#4029,#4049,#4077,#4099,#4121,#4143,#4165,#4187,#4209,#4231,#4253,#4275,#4297,#4313,#4341,#4363,#4385,#4407,#4429,#4451,#4473,#4495,#4517,#4539,#4561,#4577,#4605,#4627,#4649,#4671,#4693,#4715,#4737,#4759,#4781,#4803,#4825,#4841,#4869,#4891,#4913,#4935,#4957,#4979,#5001,#5023,#5045,#5067,#5089,#5105,#5125,#5145));
#5147=MANIFOLD_SOLID_BREP('',#5146);
#5148=STYLED_ITEM('color',(#1458),#5147);
#5149=CARTESIAN_POINT('',(430.,-165.,309.));
#5150=VERTEX_POINT('',#5149);
#5151=CARTESIAN_POINT('',(429.65926,-162.41181,309.));
#5152=VERTEX_POINT('',#5151);
#5153=DIRECTION('',(-0.13053,0.99144,0.));
#5154=VECTOR('',#5153,2.61052);
#5155=LINE('',#5149,#5154);
#5156=EDGE_CURVE('',#5150,#5152,#5155,.T.);
#5157=ORIENTED_EDGE('',*,*,#5156,.T.);
#5158=CARTESIAN_POINT('',(429.65926,-162.41181,624.84335));
#5159=VERTEX_POINT('',#5158);
#5160=DIRECTION('',(0.,0.,1.));
#5161=VECTOR('',#5160,315.84335);
#5162=LINE('',#5151,#5161);
#5163=EDGE_CURVE('',#5152,#5159,#5162,.T.);
#5164=ORIENTED_EDGE('',*,*,#5163,.T.);
#5165=CARTESIAN_POINT('',(430.,-165.,624.84335));
#5166=VERTEX_POINT('',#5165);
#5167=DIRECTION('',(-0.13053,0.99144,0.));
#5168=VECTOR('',#5167,2.61052);
#5169=LINE('',#5165,#5168);
#5170=EDGE_CURVE('',#5166,#5159,#5169,.T.);
#5171=ORIENTED_EDGE('',*,*,#5170,.F.);
#5172=DIRECTION('',(0.,0.,1.));
#5173=VECTOR('',#5172,315.84335);
#5174=LINE('',#5149,#5173);
#5175=EDGE_CURVE('',#5150,#5166,#5174,.T.);
#5176=ORIENTED_EDGE('',*,*,#5175,.F.);
#5177=EDGE_LOOP('',(#5157,#5164,#5171,#5176));
#5178=FACE_OUTER_BOUND('',#5177,.T.);
#5179=CARTESIAN_POINT('',(430.,-165.,309.));
#5180=DIRECTION('',(0.99144,0.13053,0.));
#5181=DIRECTION('',(-0.13053,0.99144,0.));
#5182=AXIS2_PLACEMENT_3D('',#5179,#5180,#5181);
#5183=PLANE('',#5182);
#5184=ADVANCED_FACE('',(#5178),#5183,.T.);
#5185=CARTESIAN_POINT('',(428.66025,-160.,309.));
#5186=VERTEX_POINT('',#5185);
#5187=DIRECTION('',(-0.38268,0.92388,0.));
#5188=VECTOR('',#5187,2.61052);
#5189=LINE('',#5151,#5188);
#5190=EDGE_CURVE('',#5152,#5186,#5189,.T.);
#5191=ORIENTED_EDGE('',*,*,#5190,.T.);
#5192=CARTESIAN_POINT('',(428.66025,-160.,624.84335));
#5193=VERTEX_POINT('',#5192);
#5194=DIRECTION('',(0.,0.,1.));
#5195=VECTOR('',#5194,315.84335);
#5196=LINE('',#5185,#5195);
#5197=EDGE_CURVE('',#5186,#5193,#5196,.T.);
#5198=ORIENTED_EDGE('',*,*,#5197,.T.);
#5199=DIRECTION('',(-0.38268,0.92388,0.));
#5200=VECTOR('',#5199,2.61052);
#5201=LINE('',#5158,#5200);
#5202=EDGE_CURVE('',#5159,#5193,#5201,.T.);
#5203=ORIENTED_EDGE('',*,*,#5202,.F.);
#5204=ORIENTED_EDGE('',*,*,#5163,.F.);
#5205=EDGE_LOOP('',(#5191,#5198,#5203,#5204));
#5206=FACE_OUTER_BOUND('',#5205,.T.);
#5207=CARTESIAN_POINT('',(429.65926,-162.41181,309.));
#5208=DIRECTION('',(0.92388,0.38268,0.));
#5209=DIRECTION('',(-0.38268,0.92388,0.));
#5210=AXIS2_PLACEMENT_3D('',#5207,#5208,#5209);
#5211=PLANE('',#5210);
#5212=ADVANCED_FACE('',(#5206),#5211,.T.);
#5213=CARTESIAN_POINT('',(427.07107,-157.92893,309.));
#5214=VERTEX_POINT('',#5213);
#5215=DIRECTION('',(-0.60876,0.79335,0.));
#5216=VECTOR('',#5215,2.61052);
#5217=LINE('',#5185,#5216);
#5218=EDGE_CURVE('',#5186,#5214,#5217,.T.);
#5219=ORIENTED_EDGE('',*,*,#5218,.T.);
#5220=CARTESIAN_POINT('',(427.07107,-157.92893,624.84335));
#5221=VERTEX_POINT('',#5220);
#5222=DIRECTION('',(0.,0.,1.));
#5223=VECTOR('',#5222,315.84335);
#5224=LINE('',#5213,#5223);
#5225=EDGE_CURVE('',#5214,#5221,#5224,.T.);
#5226=ORIENTED_EDGE('',*,*,#5225,.T.);
#5227=DIRECTION('',(-0.60876,0.79335,0.));
#5228=VECTOR('',#5227,2.61052);
#5229=LINE('',#5192,#5228);
#5230=EDGE_CURVE('',#5193,#5221,#5229,.T.);
#5231=ORIENTED_EDGE('',*,*,#5230,.F.);
#5232=ORIENTED_EDGE('',*,*,#5197,.F.);
#5233=EDGE_LOOP('',(#5219,#5226,#5231,#5232));
#5234=FACE_OUTER_BOUND('',#5233,.T.);
#5235=CARTESIAN_POINT('',(428.66025,-160.,309.));
#5236=DIRECTION('',(0.79335,0.60876,0.));
#5237=DIRECTION('',(-0.60876,0.79335,0.));
#5238=AXIS2_PLACEMENT_3D('',#5235,#5236,#5237);
#5239=PLANE('',#5238);
#5240=ADVANCED_FACE('',(#5234),#5239,.T.);
#5241=CARTESIAN_POINT('',(425.,-156.33975,309.));
#5242=VERTEX_POINT('',#5241);
#5243=DIRECTION('',(-0.79335,0.60876,0.));
#5244=VECTOR('',#5243,2.61052);
#5245=LINE('',#5213,#5244);
#5246=EDGE_CURVE('',#5214,#5242,#5245,.T.);
#5247=ORIENTED_EDGE('',*,*,#5246,.T.);
#5248=CARTESIAN_POINT('',(425.,-156.33975,624.84335));
#5249=VERTEX_POINT('',#5248);
#5250=DIRECTION('',(0.,0.,1.));
#5251=VECTOR('',#5250,315.84335);
#5252=LINE('',#5241,#5251);
#5253=EDGE_CURVE('',#5242,#5249,#5252,.T.);
#5254=ORIENTED_EDGE('',*,*,#5253,.T.);
#5255=DIRECTION('',(-0.79335,0.60876,0.));
#5256=VECTOR('',#5255,2.61052);
#5257=LINE('',#5220,#5256);
#5258=EDGE_CURVE('',#5221,#5249,#5257,.T.);
#5259=ORIENTED_EDGE('',*,*,#5258,.F.);
#5260=ORIENTED_EDGE('',*,*,#5225,.F.);
#5261=EDGE_LOOP('',(#5247,#5254,#5259,#5260));
#5262=FACE_OUTER_BOUND('',#5261,.T.);
#5263=CARTESIAN_POINT('',(427.07107,-157.92893,309.));
#5264=DIRECTION('',(0.60876,0.79335,0.));
#5265=DIRECTION('',(-0.79335,0.60876,0.));
#5266=AXIS2_PLACEMENT_3D('',#5263,#5264,#5265);
#5267=PLANE('',#5266);
#5268=ADVANCED_FACE('',(#5262),#5267,.T.);
#5269=CARTESIAN_POINT('',(422.58819,-155.34074,309.));
#5270=VERTEX_POINT('',#5269);
#5271=DIRECTION('',(-0.92388,0.38268,0.));
#5272=VECTOR('',#5271,2.61052);
#5273=LINE('',#5241,#5272);
#5274=EDGE_CURVE('',#5242,#5270,#5273,.T.);
#5275=ORIENTED_EDGE('',*,*,#5274,.T.);
#5276=CARTESIAN_POINT('',(422.58819,-155.34074,624.84335));
#5277=VERTEX_POINT('',#5276);
#5278=DIRECTION('',(0.,0.,1.));
#5279=VECTOR('',#5278,315.84335);
#5280=LINE('',#5269,#5279);
#5281=EDGE_CURVE('',#5270,#5277,#5280,.T.);
#5282=ORIENTED_EDGE('',*,*,#5281,.T.);
#5283=DIRECTION('',(-0.92388,0.38268,0.));
#5284=VECTOR('',#5283,2.61052);
#5285=LINE('',#5248,#5284);
#5286=EDGE_CURVE('',#5249,#5277,#5285,.T.);
#5287=ORIENTED_EDGE('',*,*,#5286,.F.);
#5288=ORIENTED_EDGE('',*,*,#5253,.F.);
#5289=EDGE_LOOP('',(#5275,#5282,#5287,#5288));
#5290=FACE_OUTER_BOUND('',#5289,.T.);
#5291=CARTESIAN_POINT('',(425.,-156.33975,309.));
#5292=DIRECTION('',(0.38268,0.92388,0.));
#5293=DIRECTION('',(-0.92388,0.38268,0.));
#5294=AXIS2_PLACEMENT_3D('',#5291,#5292,#5293);
#5295=PLANE('',#5294);
#5296=ADVANCED_FACE('',(#5290),#5295,.T.);
#5297=CARTESIAN_POINT('',(420.,-155.,309.));
#5298=VERTEX_POINT('',#5297);
#5299=DIRECTION('',(-0.99144,0.13053,0.));
#5300=VECTOR('',#5299,2.61052);
#5301=LINE('',#5269,#5300);
#5302=EDGE_CURVE('',#5270,#5298,#5301,.T.);
#5303=ORIENTED_EDGE('',*,*,#5302,.T.);
#5304=CARTESIAN_POINT('',(420.,-155.,624.84335));
#5305=VERTEX_POINT('',#5304);
#5306=DIRECTION('',(0.,0.,1.));
#5307=VECTOR('',#5306,315.84335);
#5308=LINE('',#5297,#5307);
#5309=EDGE_CURVE('',#5298,#5305,#5308,.T.);
#5310=ORIENTED_EDGE('',*,*,#5309,.T.);
#5311=DIRECTION('',(-0.99144,0.13053,0.));
#5312=VECTOR('',#5311,2.61052);
#5313=LINE('',#5276,#5312);
#5314=EDGE_CURVE('',#5277,#5305,#5313,.T.);
#5315=ORIENTED_EDGE('',*,*,#5314,.F.);
#5316=ORIENTED_EDGE('',*,*,#5281,.F.);
#5317=EDGE_LOOP('',(#5303,#5310,#5315,#5316));
#5318=FACE_OUTER_BOUND('',#5317,.T.);
#5319=CARTESIAN_POINT('',(422.58819,-155.34074,309.));
#5320=DIRECTION('',(0.13053,0.99144,0.));
#5321=DIRECTION('',(-0.99144,0.13053,0.));
#5322=AXIS2_PLACEMENT_3D('',#5319,#5320,#5321);
#5323=PLANE('',#5322);
#5324=ADVANCED_FACE('',(#5318),#5323,.T.);
#5325=CARTESIAN_POINT('',(417.41181,-155.34074,309.));
#5326=VERTEX_POINT('',#5325);
#5327=DIRECTION('',(-0.99144,-0.13053,0.));
#5328=VECTOR('',#5327,2.61052);
#5329=LINE('',#5297,#5328);
#5330=EDGE_CURVE('',#5298,#5326,#5329,.T.);
#5331=ORIENTED_EDGE('',*,*,#5330,.T.);
#5332=CARTESIAN_POINT('',(417.41181,-155.34074,624.84335));
#5333=VERTEX_POINT('',#5332);
#5334=DIRECTION('',(0.,0.,1.));
#5335=VECTOR('',#5334,315.84335);
#5336=LINE('',#5325,#5335);
#5337=EDGE_CURVE('',#5326,#5333,#5336,.T.);
#5338=ORIENTED_EDGE('',*,*,#5337,.T.);
#5339=DIRECTION('',(-0.99144,-0.13053,0.));
#5340=VECTOR('',#5339,2.61052);
#5341=LINE('',#5304,#5340);
#5342=EDGE_CURVE('',#5305,#5333,#5341,.T.);
#5343=ORIENTED_EDGE('',*,*,#5342,.F.);
#5344=ORIENTED_EDGE('',*,*,#5309,.F.);
#5345=EDGE_LOOP('',(#5331,#5338,#5343,#5344));
#5346=FACE_OUTER_BOUND('',#5345,.T.);
#5347=CARTESIAN_POINT('',(420.,-155.,309.));
#5348=DIRECTION('',(-0.13053,0.99144,0.));
#5349=DIRECTION('',(-0.99144,-0.13053,0.));
#5350=AXIS2_PLACEMENT_3D('',#5347,#5348,#5349);
#5351=PLANE('',#5350);
#5352=ADVANCED_FACE('',(#5346),#5351,.T.);
#5353=CARTESIAN_POINT('',(415.,-156.33975,309.));
#5354=VERTEX_POINT('',#5353);
#5355=DIRECTION('',(-0.92388,-0.38268,0.));
#5356=VECTOR('',#5355,2.61052);
#5357=LINE('',#5325,#5356);
#5358=EDGE_CURVE('',#5326,#5354,#5357,.T.);
#5359=ORIENTED_EDGE('',*,*,#5358,.T.);
#5360=CARTESIAN_POINT('',(415.,-156.33975,624.84335));
#5361=VERTEX_POINT('',#5360);
#5362=DIRECTION('',(0.,0.,1.));
#5363=VECTOR('',#5362,315.84335);
#5364=LINE('',#5353,#5363);
#5365=EDGE_CURVE('',#5354,#5361,#5364,.T.);
#5366=ORIENTED_EDGE('',*,*,#5365,.T.);
#5367=DIRECTION('',(-0.92388,-0.38268,0.));
#5368=VECTOR('',#5367,2.61052);
#5369=LINE('',#5332,#5368);
#5370=EDGE_CURVE('',#5333,#5361,#5369,.T.);
#5371=ORIENTED_EDGE('',*,*,#5370,.F.);
#5372=ORIENTED_EDGE('',*,*,#5337,.F.);
#5373=EDGE_LOOP('',(#5359,#5366,#5371,#5372));
#5374=FACE_OUTER_BOUND('',#5373,.T.);
#5375=CARTESIAN_POINT('',(417.41181,-155.34074,309.));
#5376=DIRECTION('',(-0.38268,0.92388,0.));
#5377=DIRECTION('',(-0.92388,-0.38268,0.));
#5378=AXIS2_PLACEMENT_3D('',#5375,#5376,#5377);
#5379=PLANE('',#5378);
#5380=ADVANCED_FACE('',(#5374),#5379,.T.);
#5381=CARTESIAN_POINT('',(412.92893,-157.92893,309.));
#5382=VERTEX_POINT('',#5381);
#5383=DIRECTION('',(-0.79335,-0.60876,0.));
#5384=VECTOR('',#5383,2.61052);
#5385=LINE('',#5353,#5384);
#5386=EDGE_CURVE('',#5354,#5382,#5385,.T.);
#5387=ORIENTED_EDGE('',*,*,#5386,.T.);
#5388=CARTESIAN_POINT('',(412.92893,-157.92893,624.84335));
#5389=VERTEX_POINT('',#5388);
#5390=DIRECTION('',(0.,0.,1.));
#5391=VECTOR('',#5390,315.84335);
#5392=LINE('',#5381,#5391);
#5393=EDGE_CURVE('',#5382,#5389,#5392,.T.);
#5394=ORIENTED_EDGE('',*,*,#5393,.T.);
#5395=DIRECTION('',(-0.79335,-0.60876,0.));
#5396=VECTOR('',#5395,2.61052);
#5397=LINE('',#5360,#5396);
#5398=EDGE_CURVE('',#5361,#5389,#5397,.T.);
#5399=ORIENTED_EDGE('',*,*,#5398,.F.);
#5400=ORIENTED_EDGE('',*,*,#5365,.F.);
#5401=EDGE_LOOP('',(#5387,#5394,#5399,#5400));
#5402=FACE_OUTER_BOUND('',#5401,.T.);
#5403=CARTESIAN_POINT('',(415.,-156.33975,309.));
#5404=DIRECTION('',(-0.60876,0.79335,0.));
#5405=DIRECTION('',(-0.79335,-0.60876,0.));
#5406=AXIS2_PLACEMENT_3D('',#5403,#5404,#5405);
#5407=PLANE('',#5406);
#5408=ADVANCED_FACE('',(#5402),#5407,.T.);
#5409=CARTESIAN_POINT('',(411.33975,-160.,309.));
#5410=VERTEX_POINT('',#5409);
#5411=DIRECTION('',(-0.60876,-0.79335,0.));
#5412=VECTOR('',#5411,2.61052);
#5413=LINE('',#5381,#5412);
#5414=EDGE_CURVE('',#5382,#5410,#5413,.T.);
#5415=ORIENTED_EDGE('',*,*,#5414,.T.);
#5416=CARTESIAN_POINT('',(411.33975,-160.,624.84335));
#5417=VERTEX_POINT('',#5416);
#5418=DIRECTION('',(0.,0.,1.));
#5419=VECTOR('',#5418,315.84335);
#5420=LINE('',#5409,#5419);
#5421=EDGE_CURVE('',#5410,#5417,#5420,.T.);
#5422=ORIENTED_EDGE('',*,*,#5421,.T.);
#5423=DIRECTION('',(-0.60876,-0.79335,0.));
#5424=VECTOR('',#5423,2.61052);
#5425=LINE('',#5388,#5424);
#5426=EDGE_CURVE('',#5389,#5417,#5425,.T.);
#5427=ORIENTED_EDGE('',*,*,#5426,.F.);
#5428=ORIENTED_EDGE('',*,*,#5393,.F.);
#5429=EDGE_LOOP('',(#5415,#5422,#5427,#5428));
#5430=FACE_OUTER_BOUND('',#5429,.T.);
#5431=CARTESIAN_POINT('',(412.92893,-157.92893,309.));
#5432=DIRECTION('',(-0.79335,0.60876,0.));
#5433=DIRECTION('',(-0.60876,-0.79335,0.));
#5434=AXIS2_PLACEMENT_3D('',#5431,#5432,#5433);
#5435=PLANE('',#5434);
#5436=ADVANCED_FACE('',(#5430),#5435,.T.);
#5437=CARTESIAN_POINT('',(410.34074,-162.41181,309.));
#5438=VERTEX_POINT('',#5437);
#5439=DIRECTION('',(-0.38268,-0.92388,0.));
#5440=VECTOR('',#5439,2.61052);
#5441=LINE('',#5409,#5440);
#5442=EDGE_CURVE('',#5410,#5438,#5441,.T.);
#5443=ORIENTED_EDGE('',*,*,#5442,.T.);
#5444=CARTESIAN_POINT('',(410.34074,-162.41181,624.84335));
#5445=VERTEX_POINT('',#5444);
#5446=DIRECTION('',(0.,0.,1.));
#5447=VECTOR('',#5446,315.84335);
#5448=LINE('',#5437,#5447);
#5449=EDGE_CURVE('',#5438,#5445,#5448,.T.);
#5450=ORIENTED_EDGE('',*,*,#5449,.T.);
#5451=DIRECTION('',(-0.38268,-0.92388,0.));
#5452=VECTOR('',#5451,2.61052);
#5453=LINE('',#5416,#5452);
#5454=EDGE_CURVE('',#5417,#5445,#5453,.T.);
#5455=ORIENTED_EDGE('',*,*,#5454,.F.);
#5456=ORIENTED_EDGE('',*,*,#5421,.F.);
#5457=EDGE_LOOP('',(#5443,#5450,#5455,#5456));
#5458=FACE_OUTER_BOUND('',#5457,.T.);
#5459=CARTESIAN_POINT('',(411.33975,-160.,309.));
#5460=DIRECTION('',(-0.92388,0.38268,0.));
#5461=DIRECTION('',(-0.38268,-0.92388,0.));
#5462=AXIS2_PLACEMENT_3D('',#5459,#5460,#5461);
#5463=PLANE('',#5462);
#5464=ADVANCED_FACE('',(#5458),#5463,.T.);
#5465=CARTESIAN_POINT('',(410.,-165.,309.));
#5466=VERTEX_POINT('',#5465);
#5467=DIRECTION('',(-0.13053,-0.99144,0.));
#5468=VECTOR('',#5467,2.61052);
#5469=LINE('',#5437,#5468);
#5470=EDGE_CURVE('',#5438,#5466,#5469,.T.);
#5471=ORIENTED_EDGE('',*,*,#5470,.T.);
#5472=CARTESIAN_POINT('',(410.,-165.,624.84335));
#5473=VERTEX_POINT('',#5472);
#5474=DIRECTION('',(0.,0.,1.));
#5475=VECTOR('',#5474,315.84335);
#5476=LINE('',#5465,#5475);
#5477=EDGE_CURVE('',#5466,#5473,#5476,.T.);
#5478=ORIENTED_EDGE('',*,*,#5477,.T.);
#5479=DIRECTION('',(-0.13053,-0.99144,0.));
#5480=VECTOR('',#5479,2.61052);
#5481=LINE('',#5444,#5480);
#5482=EDGE_CURVE('',#5445,#5473,#5481,.T.);
#5483=ORIENTED_EDGE('',*,*,#5482,.F.);
#5484=ORIENTED_EDGE('',*,*,#5449,.F.);
#5485=EDGE_LOOP('',(#5471,#5478,#5483,#5484));
#5486=FACE_OUTER_BOUND('',#5485,.T.);
#5487=CARTESIAN_POINT('',(410.34074,-162.41181,309.));
#5488=DIRECTION('',(-0.99144,0.13053,0.));
#5489=DIRECTION('',(-0.13053,-0.99144,0.));
#5490=AXIS2_PLACEMENT_3D('',#5487,#5488,#5489);
#5491=PLANE('',#5490);
#5492=ADVANCED_FACE('',(#5486),#5491,.T.);
#5493=CARTESIAN_POINT('',(410.34074,-167.58819,309.));
#5494=VERTEX_POINT('',#5493);
#5495=DIRECTION('',(0.13053,-0.99144,0.));
#5496=VECTOR('',#5495,2.61052);
#5497=LINE('',#5465,#5496);
#5498=EDGE_CURVE('',#5466,#5494,#5497,.T.);
#5499=ORIENTED_EDGE('',*,*,#5498,.T.);
#5500=CARTESIAN_POINT('',(410.34074,-167.58819,624.84335));
#5501=VERTEX_POINT('',#5500);
#5502=DIRECTION('',(0.,0.,1.));
#5503=VECTOR('',#5502,315.84335);
#5504=LINE('',#5493,#5503);
#5505=EDGE_CURVE('',#5494,#5501,#5504,.T.);
#5506=ORIENTED_EDGE('',*,*,#5505,.T.);
#5507=DIRECTION('',(0.13053,-0.99144,0.));
#5508=VECTOR('',#5507,2.61052);
#5509=LINE('',#5472,#5508);
#5510=EDGE_CURVE('',#5473,#5501,#5509,.T.);
#5511=ORIENTED_EDGE('',*,*,#5510,.F.);
#5512=ORIENTED_EDGE('',*,*,#5477,.F.);
#5513=EDGE_LOOP('',(#5499,#5506,#5511,#5512));
#5514=FACE_OUTER_BOUND('',#5513,.T.);
#5515=CARTESIAN_POINT('',(410.,-165.,309.));
#5516=DIRECTION('',(-0.99144,-0.13053,0.));
#5517=DIRECTION('',(0.13053,-0.99144,0.));
#5518=AXIS2_PLACEMENT_3D('',#5515,#5516,#5517);
#5519=PLANE('',#5518);
#5520=ADVANCED_FACE('',(#5514),#5519,.T.);
#5521=CARTESIAN_POINT('',(411.33975,-170.,309.));
#5522=VERTEX_POINT('',#5521);
#5523=DIRECTION('',(0.38268,-0.92388,0.));
#5524=VECTOR('',#5523,2.61052);
#5525=LINE('',#5493,#5524);
#5526=EDGE_CURVE('',#5494,#5522,#5525,.T.);
#5527=ORIENTED_EDGE('',*,*,#5526,.T.);
#5528=CARTESIAN_POINT('',(411.33975,-170.,624.84335));
#5529=VERTEX_POINT('',#5528);
#5530=DIRECTION('',(0.,0.,1.));
#5531=VECTOR('',#5530,315.84335);
#5532=LINE('',#5521,#5531);
#5533=EDGE_CURVE('',#5522,#5529,#5532,.T.);
#5534=ORIENTED_EDGE('',*,*,#5533,.T.);
#5535=DIRECTION('',(0.38268,-0.92388,0.));
#5536=VECTOR('',#5535,2.61052);
#5537=LINE('',#5500,#5536);
#5538=EDGE_CURVE('',#5501,#5529,#5537,.T.);
#5539=ORIENTED_EDGE('',*,*,#5538,.F.);
#5540=ORIENTED_EDGE('',*,*,#5505,.F.);
#5541=EDGE_LOOP('',(#5527,#5534,#5539,#5540));
#5542=FACE_OUTER_BOUND('',#5541,.T.);
#5543=CARTESIAN_POINT('',(410.34074,-167.58819,309.));
#5544=DIRECTION('',(-0.92388,-0.38268,0.));
#5545=DIRECTION('',(0.38268,-0.92388,0.));
#5546=AXIS2_PLACEMENT_3D('',#5543,#5544,#5545);
#5547=PLANE('',#5546);
#5548=ADVANCED_FACE('',(#5542),#5547,.T.);
#5549=CARTESIAN_POINT('',(412.92893,-172.07107,309.));
#5550=VERTEX_POINT('',#5549);
#5551=DIRECTION('',(0.60876,-0.79335,0.));
#5552=VECTOR('',#5551,2.61052);
#5553=LINE('',#5521,#5552);
#5554=EDGE_CURVE('',#5522,#5550,#5553,.T.);
#5555=ORIENTED_EDGE('',*,*,#5554,.T.);
#5556=CARTESIAN_POINT('',(412.92893,-172.07107,624.84335));
#5557=VERTEX_POINT('',#5556);
#5558=DIRECTION('',(0.,0.,1.));
#5559=VECTOR('',#5558,315.84335);
#5560=LINE('',#5549,#5559);
#5561=EDGE_CURVE('',#5550,#5557,#5560,.T.);
#5562=ORIENTED_EDGE('',*,*,#5561,.T.);
#5563=DIRECTION('',(0.60876,-0.79335,0.));
#5564=VECTOR('',#5563,2.61052);
#5565=LINE('',#5528,#5564);
#5566=EDGE_CURVE('',#5529,#5557,#5565,.T.);
#5567=ORIENTED_EDGE('',*,*,#5566,.F.);
#5568=ORIENTED_EDGE('',*,*,#5533,.F.);
#5569=EDGE_LOOP('',(#5555,#5562,#5567,#5568));
#5570=FACE_OUTER_BOUND('',#5569,.T.);
#5571=CARTESIAN_POINT('',(411.33975,-170.,309.));
#5572=DIRECTION('',(-0.79335,-0.60876,0.));
#5573=DIRECTION('',(0.60876,-0.79335,0.));
#5574=AXIS2_PLACEMENT_3D('',#5571,#5572,#5573);
#5575=PLANE('',#5574);
#5576=ADVANCED_FACE('',(#5570),#5575,.T.);
#5577=CARTESIAN_POINT('',(415.,-173.66025,309.));
#5578=VERTEX_POINT('',#5577);
#5579=DIRECTION('',(0.79335,-0.60876,0.));
#5580=VECTOR('',#5579,2.61052);
#5581=LINE('',#5549,#5580);
#5582=EDGE_CURVE('',#5550,#5578,#5581,.T.);
#5583=ORIENTED_EDGE('',*,*,#5582,.T.);
#5584=CARTESIAN_POINT('',(415.,-173.66025,624.84335));
#5585=VERTEX_POINT('',#5584);
#5586=DIRECTION('',(0.,0.,1.));
#5587=VECTOR('',#5586,315.84335);
#5588=LINE('',#5577,#5587);
#5589=EDGE_CURVE('',#5578,#5585,#5588,.T.);
#5590=ORIENTED_EDGE('',*,*,#5589,.T.);
#5591=DIRECTION('',(0.79335,-0.60876,0.));
#5592=VECTOR('',#5591,2.61052);
#5593=LINE('',#5556,#5592);
#5594=EDGE_CURVE('',#5557,#5585,#5593,.T.);
#5595=ORIENTED_EDGE('',*,*,#5594,.F.);
#5596=ORIENTED_EDGE('',*,*,#5561,.F.);
#5597=EDGE_LOOP('',(#5583,#5590,#5595,#5596));
#5598=FACE_OUTER_BOUND('',#5597,.T.);
#5599=CARTESIAN_POINT('',(412.92893,-172.07107,309.));
#5600=DIRECTION('',(-0.60876,-0.79335,0.));
#5601=DIRECTION('',(0.79335,-0.60876,0.));
#5602=AXIS2_PLACEMENT_3D('',#5599,#5600,#5601);
#5603=PLANE('',#5602);
#5604=ADVANCED_FACE('',(#5598),#5603,.T.);
#5605=CARTESIAN_POINT('',(417.41181,-174.65926,309.));
#5606=VERTEX_POINT('',#5605);
#5607=DIRECTION('',(0.92388,-0.38268,0.));
#5608=VECTOR('',#5607,2.61052);
#5609=LINE('',#5577,#5608);
#5610=EDGE_CURVE('',#5578,#5606,#5609,.T.);
#5611=ORIENTED_EDGE('',*,*,#5610,.T.);
#5612=CARTESIAN_POINT('',(417.41181,-174.65926,624.84335));
#5613=VERTEX_POINT('',#5612);
#5614=DIRECTION('',(0.,0.,1.));
#5615=VECTOR('',#5614,315.84335);
#5616=LINE('',#5605,#5615);
#5617=EDGE_CURVE('',#5606,#5613,#5616,.T.);
#5618=ORIENTED_EDGE('',*,*,#5617,.T.);
#5619=DIRECTION('',(0.92388,-0.38268,0.));
#5620=VECTOR('',#5619,2.61052);
#5621=LINE('',#5584,#5620);
#5622=EDGE_CURVE('',#5585,#5613,#5621,.T.);
#5623=ORIENTED_EDGE('',*,*,#5622,.F.);
#5624=ORIENTED_EDGE('',*,*,#5589,.F.);
#5625=EDGE_LOOP('',(#5611,#5618,#5623,#5624));
#5626=FACE_OUTER_BOUND('',#5625,.T.);
#5627=CARTESIAN_POINT('',(415.,-173.66025,309.));
#5628=DIRECTION('',(-0.38268,-0.92388,0.));
#5629=DIRECTION('',(0.92388,-0.38268,0.));
#5630=AXIS2_PLACEMENT_3D('',#5627,#5628,#5629);
#5631=PLANE('',#5630);
#5632=ADVANCED_FACE('',(#5626),#5631,.T.);
#5633=CARTESIAN_POINT('',(420.,-175.,309.));
#5634=VERTEX_POINT('',#5633);
#5635=DIRECTION('',(0.99144,-0.13053,0.));
#5636=VECTOR('',#5635,2.61052);
#5637=LINE('',#5605,#5636);
#5638=EDGE_CURVE('',#5606,#5634,#5637,.T.);
#5639=ORIENTED_EDGE('',*,*,#5638,.T.);
#5640=CARTESIAN_POINT('',(420.,-175.,624.84335));
#5641=VERTEX_POINT('',#5640);
#5642=DIRECTION('',(0.,0.,1.));
#5643=VECTOR('',#5642,315.84335);
#5644=LINE('',#5633,#5643);
#5645=EDGE_CURVE('',#5634,#5641,#5644,.T.);
#5646=ORIENTED_EDGE('',*,*,#5645,.T.);
#5647=DIRECTION('',(0.99144,-0.13053,0.));
#5648=VECTOR('',#5647,2.61052);
#5649=LINE('',#5612,#5648);
#5650=EDGE_CURVE('',#5613,#5641,#5649,.T.);
#5651=ORIENTED_EDGE('',*,*,#5650,.F.);
#5652=ORIENTED_EDGE('',*,*,#5617,.F.);
#5653=EDGE_LOOP('',(#5639,#5646,#5651,#5652));
#5654=FACE_OUTER_BOUND('',#5653,.T.);
#5655=CARTESIAN_POINT('',(417.41181,-174.65926,309.));
#5656=DIRECTION('',(-0.13053,-0.99144,0.));
#5657=DIRECTION('',(0.99144,-0.13053,0.));
#5658=AXIS2_PLACEMENT_3D('',#5655,#5656,#5657);
#5659=PLANE('',#5658);
#5660=ADVANCED_FACE('',(#5654),#5659,.T.);
#5661=CARTESIAN_POINT('',(422.58819,-174.65926,309.));
#5662=VERTEX_POINT('',#5661);
#5663=DIRECTION('',(0.99144,0.13053,0.));
#5664=VECTOR('',#5663,2.61052);
#5665=LINE('',#5633,#5664);
#5666=EDGE_CURVE('',#5634,#5662,#5665,.T.);
#5667=ORIENTED_EDGE('',*,*,#5666,.T.);
#5668=CARTESIAN_POINT('',(422.58819,-174.65926,624.84335));
#5669=VERTEX_POINT('',#5668);
#5670=DIRECTION('',(0.,0.,1.));
#5671=VECTOR('',#5670,315.84335);
#5672=LINE('',#5661,#5671);
#5673=EDGE_CURVE('',#5662,#5669,#5672,.T.);
#5674=ORIENTED_EDGE('',*,*,#5673,.T.);
#5675=DIRECTION('',(0.99144,0.13053,0.));
#5676=VECTOR('',#5675,2.61052);
#5677=LINE('',#5640,#5676);
#5678=EDGE_CURVE('',#5641,#5669,#5677,.T.);
#5679=ORIENTED_EDGE('',*,*,#5678,.F.);
#5680=ORIENTED_EDGE('',*,*,#5645,.F.);
#5681=EDGE_LOOP('',(#5667,#5674,#5679,#5680));
#5682=FACE_OUTER_BOUND('',#5681,.T.);
#5683=CARTESIAN_POINT('',(420.,-175.,309.));
#5684=DIRECTION('',(0.13053,-0.99144,0.));
#5685=DIRECTION('',(0.99144,0.13053,0.));
#5686=AXIS2_PLACEMENT_3D('',#5683,#5684,#5685);
#5687=PLANE('',#5686);
#5688=ADVANCED_FACE('',(#5682),#5687,.T.);
#5689=CARTESIAN_POINT('',(425.,-173.66025,309.));
#5690=VERTEX_POINT('',#5689);
#5691=DIRECTION('',(0.92388,0.38268,0.));
#5692=VECTOR('',#5691,2.61052);
#5693=LINE('',#5661,#5692);
#5694=EDGE_CURVE('',#5662,#5690,#5693,.T.);
#5695=ORIENTED_EDGE('',*,*,#5694,.T.);
#5696=CARTESIAN_POINT('',(425.,-173.66025,624.84335));
#5697=VERTEX_POINT('',#5696);
#5698=DIRECTION('',(0.,0.,1.));
#5699=VECTOR('',#5698,315.84335);
#5700=LINE('',#5689,#5699);
#5701=EDGE_CURVE('',#5690,#5697,#5700,.T.);
#5702=ORIENTED_EDGE('',*,*,#5701,.T.);
#5703=DIRECTION('',(0.92388,0.38268,0.));
#5704=VECTOR('',#5703,2.61052);
#5705=LINE('',#5668,#5704);
#5706=EDGE_CURVE('',#5669,#5697,#5705,.T.);
#5707=ORIENTED_EDGE('',*,*,#5706,.F.);
#5708=ORIENTED_EDGE('',*,*,#5673,.F.);
#5709=EDGE_LOOP('',(#5695,#5702,#5707,#5708));
#5710=FACE_OUTER_BOUND('',#5709,.T.);
#5711=CARTESIAN_POINT('',(422.58819,-174.65926,309.));
#5712=DIRECTION('',(0.38268,-0.92388,0.));
#5713=DIRECTION('',(0.92388,0.38268,0.));
#5714=AXIS2_PLACEMENT_3D('',#5711,#5712,#5713);
#5715=PLANE('',#5714);
#5716=ADVANCED_FACE('',(#5710),#5715,.T.);
#5717=CARTESIAN_POINT('',(427.07107,-172.07107,309.));
#5718=VERTEX_POINT('',#5717);
#5719=DIRECTION('',(0.79335,0.60876,0.));
#5720=VECTOR('',#5719,2.61052);
#5721=LINE('',#5689,#5720);
#5722=EDGE_CURVE('',#5690,#5718,#5721,.T.);
#5723=ORIENTED_EDGE('',*,*,#5722,.T.);
#5724=CARTESIAN_POINT('',(427.07107,-172.07107,624.84335));
#5725=VERTEX_POINT('',#5724);
#5726=DIRECTION('',(0.,0.,1.));
#5727=VECTOR('',#5726,315.84335);
#5728=LINE('',#5717,#5727);
#5729=EDGE_CURVE('',#5718,#5725,#5728,.T.);
#5730=ORIENTED_EDGE('',*,*,#5729,.T.);
#5731=DIRECTION('',(0.79335,0.60876,0.));
#5732=VECTOR('',#5731,2.61052);
#5733=LINE('',#5696,#5732);
#5734=EDGE_CURVE('',#5697,#5725,#5733,.T.);
#5735=ORIENTED_EDGE('',*,*,#5734,.F.);
#5736=ORIENTED_EDGE('',*,*,#5701,.F.);
#5737=EDGE_LOOP('',(#5723,#5730,#5735,#5736));
#5738=FACE_OUTER_BOUND('',#5737,.T.);
#5739=CARTESIAN_POINT('',(425.,-173.66025,309.));
#5740=DIRECTION('',(0.60876,-0.79335,0.));
#5741=DIRECTION('',(0.79335,0.60876,0.));
#5742=AXIS2_PLACEMENT_3D('',#5739,#5740,#5741);
#5743=PLANE('',#5742);
#5744=ADVANCED_FACE('',(#5738),#5743,.T.);
#5745=CARTESIAN_POINT('',(428.66025,-170.,309.));
#5746=VERTEX_POINT('',#5745);
#5747=DIRECTION('',(0.60876,0.79335,0.));
#5748=VECTOR('',#5747,2.61052);
#5749=LINE('',#5717,#5748);
#5750=EDGE_CURVE('',#5718,#5746,#5749,.T.);
#5751=ORIENTED_EDGE('',*,*,#5750,.T.);
#5752=CARTESIAN_POINT('',(428.66025,-170.,624.84335));
#5753=VERTEX_POINT('',#5752);
#5754=DIRECTION('',(0.,0.,1.));
#5755=VECTOR('',#5754,315.84335);
#5756=LINE('',#5745,#5755);
#5757=EDGE_CURVE('',#5746,#5753,#5756,.T.);
#5758=ORIENTED_EDGE('',*,*,#5757,.T.);
#5759=DIRECTION('',(0.60876,0.79335,0.));
#5760=VECTOR('',#5759,2.61052);
#5761=LINE('',#5724,#5760);
#5762=EDGE_CURVE('',#5725,#5753,#5761,.T.);
#5763=ORIENTED_EDGE('',*,*,#5762,.F.);
#5764=ORIENTED_EDGE('',*,*,#5729,.F.);
#5765=EDGE_LOOP('',(#5751,#5758,#5763,#5764));
#5766=FACE_OUTER_BOUND('',#5765,.T.);
#5767=CARTESIAN_POINT('',(427.07107,-172.07107,309.));
#5768=DIRECTION('',(0.79335,-0.60876,0.));
#5769=DIRECTION('',(0.60876,0.79335,0.));
#5770=AXIS2_PLACEMENT_3D('',#5767,#5768,#5769);
#5771=PLANE('',#5770);
#5772=ADVANCED_FACE('',(#5766),#5771,.T.);
#5773=CARTESIAN_POINT('',(429.65926,-167.58819,309.));
#5774=VERTEX_POINT('',#5773);
#5775=DIRECTION('',(0.38268,0.92388,0.));
#5776=VECTOR('',#5775,2.61052);
#5777=LINE('',#5745,#5776);
#5778=EDGE_CURVE('',#5746,#5774,#5777,.T.);
#5779=ORIENTED_EDGE('',*,*,#5778,.T.);
#5780=CARTESIAN_POINT('',(429.65926,-167.58819,624.84335));
#5781=VERTEX_POINT('',#5780);
#5782=DIRECTION('',(0.,0.,1.));
#5783=VECTOR('',#5782,315.84335);
#5784=LINE('',#5773,#5783);
#5785=EDGE_CURVE('',#5774,#5781,#5784,.T.);
#5786=ORIENTED_EDGE('',*,*,#5785,.T.);
#5787=DIRECTION('',(0.38268,0.92388,0.));
#5788=VECTOR('',#5787,2.61052);
#5789=LINE('',#5752,#5788);
#5790=EDGE_CURVE('',#5753,#5781,#5789,.T.);
#5791=ORIENTED_EDGE('',*,*,#5790,.F.);
#5792=ORIENTED_EDGE('',*,*,#5757,.F.);
#5793=EDGE_LOOP('',(#5779,#5786,#5791,#5792));
#5794=FACE_OUTER_BOUND('',#5793,.T.);
#5795=CARTESIAN_POINT('',(428.66025,-170.,309.));
#5796=DIRECTION('',(0.92388,-0.38268,0.));
#5797=DIRECTION('',(0.38268,0.92388,0.));
#5798=AXIS2_PLACEMENT_3D('',#5795,#5796,#5797);
#5799=PLANE('',#5798);
#5800=ADVANCED_FACE('',(#5794),#5799,.T.);
#5801=DIRECTION('',(-0.13053,-0.99144,0.));
#5802=VECTOR('',#5801,2.61052);
#5803=LINE('',#5149,#5802);
#5804=EDGE_CURVE('',#5150,#5774,#5803,.T.);
#5805=ORIENTED_EDGE('',*,*,#5804,.F.);
#5806=ORIENTED_EDGE('',*,*,#5175,.T.);
#5807=DIRECTION('',(-0.13053,-0.99144,0.));
#5808=VECTOR('',#5807,2.61052);
#5809=LINE('',#5165,#5808);
#5810=EDGE_CURVE('',#5166,#5781,#5809,.T.);
#5811=ORIENTED_EDGE('',*,*,#5810,.T.);
#5812=ORIENTED_EDGE('',*,*,#5785,.F.);
#5813=EDGE_LOOP('',(#5805,#5806,#5811,#5812));
#5814=FACE_OUTER_BOUND('',#5813,.T.);
#5815=CARTESIAN_POINT('',(429.65926,-167.58819,309.));
#5816=DIRECTION('',(0.99144,-0.13053,0.));
#5817=DIRECTION('',(0.13053,0.99144,0.));
#5818=AXIS2_PLACEMENT_3D('',#5815,#5816,#5817);
#5819=PLANE('',#5818);
#5820=ADVANCED_FACE('',(#5814),#5819,.T.);
#5821=ORIENTED_EDGE('',*,*,#5170,.T.);
#5822=CARTESIAN_POINT('',(427.72741,-162.92945,624.84335));
#5823=VERTEX_POINT('',#5822);
#5824=DIRECTION('',(-0.96593,-0.25882,0.));
#5825=VECTOR('',#5824,2.);
#5826=LINE('',#5158,#5825);
#5827=EDGE_CURVE('',#5159,#5823,#5826,.T.);
#5828=ORIENTED_EDGE('',*,*,#5827,.T.);
#5829=CARTESIAN_POINT('',(428.,-165.,624.84335));
#5830=VERTEX_POINT('',#5829);
#5831=DIRECTION('',(-0.13053,0.99144,0.));
#5832=VECTOR('',#5831,2.08842);
#5833=LINE('',#5829,#5832);
#5834=EDGE_CURVE('',#5830,#5823,#5833,.T.);
#5835=ORIENTED_EDGE('',*,*,#5834,.F.);
#5836=DIRECTION('',(-1.,0.,0.));
#5837=VECTOR('',#5836,2.);
#5838=LINE('',#5165,#5837);
#5839=EDGE_CURVE('',#5166,#5830,#5838,.T.);
#5840=ORIENTED_EDGE('',*,*,#5839,.F.);
#5841=EDGE_LOOP('',(#5821,#5828,#5835,#5840));
#5842=FACE_OUTER_BOUND('',#5841,.T.);
#5843=CARTESIAN_POINT('',(430.,-165.,624.84335));
#5844=DIRECTION('',(0.,0.,1.));
#5845=DIRECTION('',(-0.13053,0.99144,0.));
#5846=AXIS2_PLACEMENT_3D('',#5843,#5844,#5845);
#5847=PLANE('',#5846);
#5848=ADVANCED_FACE('',(#5842),#5847,.T.);
#5849=ORIENTED_EDGE('',*,*,#5202,.T.);
#5850=CARTESIAN_POINT('',(426.9282,-161.,624.84335));
#5851=VERTEX_POINT('',#5850);
#5852=DIRECTION('',(-0.86603,-0.5,0.));
#5853=VECTOR('',#5852,2.);
#5854=LINE('',#5192,#5853);
#5855=EDGE_CURVE('',#5193,#5851,#5854,.T.);
#5856=ORIENTED_EDGE('',*,*,#5855,.T.);
#5857=DIRECTION('',(-0.38268,0.92388,0.));
#5858=VECTOR('',#5857,2.08842);
#5859=LINE('',#5822,#5858);
#5860=EDGE_CURVE('',#5823,#5851,#5859,.T.);
#5861=ORIENTED_EDGE('',*,*,#5860,.F.);
#5862=ORIENTED_EDGE('',*,*,#5827,.F.);
#5863=EDGE_LOOP('',(#5849,#5856,#5861,#5862));
#5864=FACE_OUTER_BOUND('',#5863,.T.);
#5865=CARTESIAN_POINT('',(429.65926,-162.41181,624.84335));
#5866=DIRECTION('',(0.,0.,1.));
#5867=DIRECTION('',(-0.38268,0.92388,0.));
#5868=AXIS2_PLACEMENT_3D('',#5865,#5866,#5867);
#5869=PLANE('',#5868);
#5870=ADVANCED_FACE('',(#5864),#5869,.T.);
#5871=ORIENTED_EDGE('',*,*,#5230,.T.);
#5872=CARTESIAN_POINT('',(425.65685,-159.34315,624.84335));
#5873=VERTEX_POINT('',#5872);
#5874=DIRECTION('',(-0.70711,-0.70711,0.));
#5875=VECTOR('',#5874,2.);
#5876=LINE('',#5220,#5875);
#5877=EDGE_CURVE('',#5221,#5873,#5876,.T.);
#5878=ORIENTED_EDGE('',*,*,#5877,.T.);
#5879=DIRECTION('',(-0.60876,0.79335,0.));
#5880=VECTOR('',#5879,2.08842);
#5881=LINE('',#5850,#5880);
#5882=EDGE_CURVE('',#5851,#5873,#5881,.T.);
#5883=ORIENTED_EDGE('',*,*,#5882,.F.);
#5884=ORIENTED_EDGE('',*,*,#5855,.F.);
#5885=EDGE_LOOP('',(#5871,#5878,#5883,#5884));
#5886=FACE_OUTER_BOUND('',#5885,.T.);
#5887=CARTESIAN_POINT('',(428.66025,-160.,624.84335));
#5888=DIRECTION('',(0.,0.,1.));
#5889=DIRECTION('',(-0.60876,0.79335,0.));
#5890=AXIS2_PLACEMENT_3D('',#5887,#5888,#5889);
#5891=PLANE('',#5890);
#5892=ADVANCED_FACE('',(#5886),#5891,.T.);
#5893=ORIENTED_EDGE('',*,*,#5258,.T.);
#5894=CARTESIAN_POINT('',(424.,-158.0718,624.84335));
#5895=VERTEX_POINT('',#5894);
#5896=DIRECTION('',(-0.5,-0.86603,0.));
#5897=VECTOR('',#5896,2.);
#5898=LINE('',#5248,#5897);
#5899=EDGE_CURVE('',#5249,#5895,#5898,.T.);
#5900=ORIENTED_EDGE('',*,*,#5899,.T.);
#5901=DIRECTION('',(-0.79335,0.60876,0.));
#5902=VECTOR('',#5901,2.08842);
#5903=LINE('',#5872,#5902);
#5904=EDGE_CURVE('',#5873,#5895,#5903,.T.);
#5905=ORIENTED_EDGE('',*,*,#5904,.F.);
#5906=ORIENTED_EDGE('',*,*,#5877,.F.);
#5907=EDGE_LOOP('',(#5893,#5900,#5905,#5906));
#5908=FACE_OUTER_BOUND('',#5907,.T.);
#5909=CARTESIAN_POINT('',(427.07107,-157.92893,624.84335));
#5910=DIRECTION('',(0.,0.,1.));
#5911=DIRECTION('',(-0.79335,0.60876,0.));
#5912=AXIS2_PLACEMENT_3D('',#5909,#5910,#5911);
#5913=PLANE('',#5912);
#5914=ADVANCED_FACE('',(#5908),#5913,.T.);
#5915=ORIENTED_EDGE('',*,*,#5286,.T.);
#5916=CARTESIAN_POINT('',(422.07055,-157.27259,624.84335));
#5917=VERTEX_POINT('',#5916);
#5918=DIRECTION('',(-0.25882,-0.96593,0.));
#5919=VECTOR('',#5918,2.);
#5920=LINE('',#5276,#5919);
#5921=EDGE_CURVE('',#5277,#5917,#5920,.T.);
#5922=ORIENTED_EDGE('',*,*,#5921,.T.);
#5923=DIRECTION('',(-0.92388,0.38268,0.));
#5924=VECTOR('',#5923,2.08842);
#5925=LINE('',#5894,#5924);
#5926=EDGE_CURVE('',#5895,#5917,#5925,.T.);
#5927=ORIENTED_EDGE('',*,*,#5926,.F.);
#5928=ORIENTED_EDGE('',*,*,#5899,.F.);
#5929=EDGE_LOOP('',(#5915,#5922,#5927,#5928));
#5930=FACE_OUTER_BOUND('',#5929,.T.);
#5931=CARTESIAN_POINT('',(425.,-156.33975,624.84335));
#5932=DIRECTION('',(0.,0.,1.));
#5933=DIRECTION('',(-0.92388,0.38268,0.));
#5934=AXIS2_PLACEMENT_3D('',#5931,#5932,#5933);
#5935=PLANE('',#5934);
#5936=ADVANCED_FACE('',(#5930),#5935,.T.);
#5937=ORIENTED_EDGE('',*,*,#5314,.T.);
#5938=CARTESIAN_POINT('',(420.,-157.,624.84335));
#5939=VERTEX_POINT('',#5938);
#5940=DIRECTION('',(0.,-1.,0.));
#5941=VECTOR('',#5940,2.);
#5942=LINE('',#5304,#5941);
#5943=EDGE_CURVE('',#5305,#5939,#5942,.T.);
#5944=ORIENTED_EDGE('',*,*,#5943,.T.);
#5945=DIRECTION('',(-0.99144,0.13053,0.));
#5946=VECTOR('',#5945,2.08842);
#5947=LINE('',#5916,#5946);
#5948=EDGE_CURVE('',#5917,#5939,#5947,.T.);
#5949=ORIENTED_EDGE('',*,*,#5948,.F.);
#5950=ORIENTED_EDGE('',*,*,#5921,.F.);
#5951=EDGE_LOOP('',(#5937,#5944,#5949,#5950));
#5952=FACE_OUTER_BOUND('',#5951,.T.);
#5953=CARTESIAN_POINT('',(422.58819,-155.34074,624.84335));
#5954=DIRECTION('',(0.,0.,1.));
#5955=DIRECTION('',(-0.99144,0.13053,0.));
#5956=AXIS2_PLACEMENT_3D('',#5953,#5954,#5955);
#5957=PLANE('',#5956);
#5958=ADVANCED_FACE('',(#5952),#5957,.T.);
#5959=ORIENTED_EDGE('',*,*,#5342,.T.);
#5960=CARTESIAN_POINT('',(417.92945,-157.27259,624.84335));
#5961=VERTEX_POINT('',#5960);
#5962=DIRECTION('',(0.25882,-0.96593,0.));
#5963=VECTOR('',#5962,2.);
#5964=LINE('',#5332,#5963);
#5965=EDGE_CURVE('',#5333,#5961,#5964,.T.);
#5966=ORIENTED_EDGE('',*,*,#5965,.T.);
#5967=DIRECTION('',(-0.99144,-0.13053,0.));
#5968=VECTOR('',#5967,2.08842);
#5969=LINE('',#5938,#5968);
#5970=EDGE_CURVE('',#5939,#5961,#5969,.T.);
#5971=ORIENTED_EDGE('',*,*,#5970,.F.);
#5972=ORIENTED_EDGE('',*,*,#5943,.F.);
#5973=EDGE_LOOP('',(#5959,#5966,#5971,#5972));
#5974=FACE_OUTER_BOUND('',#5973,.T.);
#5975=CARTESIAN_POINT('',(420.,-155.,624.84335));
#5976=DIRECTION('',(0.,0.,1.));
#5977=DIRECTION('',(-0.99144,-0.13053,0.));
#5978=AXIS2_PLACEMENT_3D('',#5975,#5976,#5977);
#5979=PLANE('',#5978);
#5980=ADVANCED_FACE('',(#5974),#5979,.T.);
#5981=ORIENTED_EDGE('',*,*,#5370,.T.);
#5982=CARTESIAN_POINT('',(416.,-158.0718,624.84335));
#5983=VERTEX_POINT('',#5982);
#5984=DIRECTION('',(0.5,-0.86603,0.));
#5985=VECTOR('',#5984,2.);
#5986=LINE('',#5360,#5985);
#5987=EDGE_CURVE('',#5361,#5983,#5986,.T.);
#5988=ORIENTED_EDGE('',*,*,#5987,.T.);
#5989=DIRECTION('',(-0.92388,-0.38268,0.));
#5990=VECTOR('',#5989,2.08842);
#5991=LINE('',#5960,#5990);
#5992=EDGE_CURVE('',#5961,#5983,#5991,.T.);
#5993=ORIENTED_EDGE('',*,*,#5992,.F.);
#5994=ORIENTED_EDGE('',*,*,#5965,.F.);
#5995=EDGE_LOOP('',(#5981,#5988,#5993,#5994));
#5996=FACE_OUTER_BOUND('',#5995,.T.);
#5997=CARTESIAN_POINT('',(417.41181,-155.34074,624.84335));
#5998=DIRECTION('',(0.,0.,1.));
#5999=DIRECTION('',(-0.92388,-0.38268,0.));
#6000=AXIS2_PLACEMENT_3D('',#5997,#5998,#5999);
#6001=PLANE('',#6000);
#6002=ADVANCED_FACE('',(#5996),#6001,.T.);
#6003=ORIENTED_EDGE('',*,*,#5398,.T.);
#6004=CARTESIAN_POINT('',(414.34315,-159.34315,624.84335));
#6005=VERTEX_POINT('',#6004);
#6006=DIRECTION('',(0.70711,-0.70711,0.));
#6007=VECTOR('',#6006,2.);
#6008=LINE('',#5388,#6007);
#6009=EDGE_CURVE('',#5389,#6005,#6008,.T.);
#6010=ORIENTED_EDGE('',*,*,#6009,.T.);
#6011=DIRECTION('',(-0.79335,-0.60876,0.));
#6012=VECTOR('',#6011,2.08842);
#6013=LINE('',#5982,#6012);
#6014=EDGE_CURVE('',#5983,#6005,#6013,.T.);
#6015=ORIENTED_EDGE('',*,*,#6014,.F.);
#6016=ORIENTED_EDGE('',*,*,#5987,.F.);
#6017=EDGE_LOOP('',(#6003,#6010,#6015,#6016));
#6018=FACE_OUTER_BOUND('',#6017,.T.);
#6019=CARTESIAN_POINT('',(415.,-156.33975,624.84335));
#6020=DIRECTION('',(0.,0.,1.));
#6021=DIRECTION('',(-0.79335,-0.60876,0.));
#6022=AXIS2_PLACEMENT_3D('',#6019,#6020,#6021);
#6023=PLANE('',#6022);
#6024=ADVANCED_FACE('',(#6018),#6023,.T.);
#6025=ORIENTED_EDGE('',*,*,#5426,.T.);
#6026=CARTESIAN_POINT('',(413.0718,-161.,624.84335));
#6027=VERTEX_POINT('',#6026);
#6028=DIRECTION('',(0.86603,-0.5,0.));
#6029=VECTOR('',#6028,2.);
#6030=LINE('',#5416,#6029);
#6031=EDGE_CURVE('',#5417,#6027,#6030,.T.);
#6032=ORIENTED_EDGE('',*,*,#6031,.T.);
#6033=DIRECTION('',(-0.60876,-0.79335,0.));
#6034=VECTOR('',#6033,2.08842);
#6035=LINE('',#6004,#6034);
#6036=EDGE_CURVE('',#6005,#6027,#6035,.T.);
#6037=ORIENTED_EDGE('',*,*,#6036,.F.);
#6038=ORIENTED_EDGE('',*,*,#6009,.F.);
#6039=EDGE_LOOP('',(#6025,#6032,#6037,#6038));
#6040=FACE_OUTER_BOUND('',#6039,.T.);
#6041=CARTESIAN_POINT('',(412.92893,-157.92893,624.84335));
#6042=DIRECTION('',(0.,0.,1.));
#6043=DIRECTION('',(-0.60876,-0.79335,0.));
#6044=AXIS2_PLACEMENT_3D('',#6041,#6042,#6043);
#6045=PLANE('',#6044);
#6046=ADVANCED_FACE('',(#6040),#6045,.T.);
#6047=ORIENTED_EDGE('',*,*,#5454,.T.);
#6048=CARTESIAN_POINT('',(412.27259,-162.92945,624.84335));
#6049=VERTEX_POINT('',#6048);
#6050=DIRECTION('',(0.96593,-0.25882,0.));
#6051=VECTOR('',#6050,2.);
#6052=LINE('',#5444,#6051);
#6053=EDGE_CURVE('',#5445,#6049,#6052,.T.);
#6054=ORIENTED_EDGE('',*,*,#6053,.T.);
#6055=DIRECTION('',(-0.38268,-0.92388,0.));
#6056=VECTOR('',#6055,2.08842);
#6057=LINE('',#6026,#6056);
#6058=EDGE_CURVE('',#6027,#6049,#6057,.T.);
#6059=ORIENTED_EDGE('',*,*,#6058,.F.);
#6060=ORIENTED_EDGE('',*,*,#6031,.F.);
#6061=EDGE_LOOP('',(#6047,#6054,#6059,#6060));
#6062=FACE_OUTER_BOUND('',#6061,.T.);
#6063=CARTESIAN_POINT('',(411.33975,-160.,624.84335));
#6064=DIRECTION('',(0.,0.,1.));
#6065=DIRECTION('',(-0.38268,-0.92388,0.));
#6066=AXIS2_PLACEMENT_3D('',#6063,#6064,#6065);
#6067=PLANE('',#6066);
#6068=ADVANCED_FACE('',(#6062),#6067,.T.);
#6069=ORIENTED_EDGE('',*,*,#5482,.T.);
#6070=CARTESIAN_POINT('',(412.,-165.,624.84335));
#6071=VERTEX_POINT('',#6070);
#6072=DIRECTION('',(1.,0.,0.));
#6073=VECTOR('',#6072,2.);
#6074=LINE('',#5472,#6073);
#6075=EDGE_CURVE('',#5473,#6071,#6074,.T.);
#6076=ORIENTED_EDGE('',*,*,#6075,.T.);
#6077=DIRECTION('',(-0.13053,-0.99144,0.));
#6078=VECTOR('',#6077,2.08842);
#6079=LINE('',#6048,#6078);
#6080=EDGE_CURVE('',#6049,#6071,#6079,.T.);
#6081=ORIENTED_EDGE('',*,*,#6080,.F.);
#6082=ORIENTED_EDGE('',*,*,#6053,.F.);
#6083=EDGE_LOOP('',(#6069,#6076,#6081,#6082));
#6084=FACE_OUTER_BOUND('',#6083,.T.);
#6085=CARTESIAN_POINT('',(410.34074,-162.41181,624.84335));
#6086=DIRECTION('',(0.,0.,1.));
#6087=DIRECTION('',(-0.13053,-0.99144,0.));
#6088=AXIS2_PLACEMENT_3D('',#6085,#6086,#6087);
#6089=PLANE('',#6088);
#6090=ADVANCED_FACE('',(#6084),#6089,.T.);
#6091=ORIENTED_EDGE('',*,*,#5510,.T.);
#6092=CARTESIAN_POINT('',(412.27259,-167.07055,624.84335));
#6093=VERTEX_POINT('',#6092);
#6094=DIRECTION('',(0.96593,0.25882,0.));
#6095=VECTOR('',#6094,2.);
#6096=LINE('',#5500,#6095);
#6097=EDGE_CURVE('',#5501,#6093,#6096,.T.);
#6098=ORIENTED_EDGE('',*,*,#6097,.T.);
#6099=DIRECTION('',(0.13053,-0.99144,0.));
#6100=VECTOR('',#6099,2.08842);
#6101=LINE('',#6070,#6100);
#6102=EDGE_CURVE('',#6071,#6093,#6101,.T.);
#6103=ORIENTED_EDGE('',*,*,#6102,.F.);
#6104=ORIENTED_EDGE('',*,*,#6075,.F.);
#6105=EDGE_LOOP('',(#6091,#6098,#6103,#6104));
#6106=FACE_OUTER_BOUND('',#6105,.T.);
#6107=CARTESIAN_POINT('',(410.,-165.,624.84335));
#6108=DIRECTION('',(0.,0.,1.));
#6109=DIRECTION('',(0.13053,-0.99144,0.));
#6110=AXIS2_PLACEMENT_3D('',#6107,#6108,#6109);
#6111=PLANE('',#6110);
#6112=ADVANCED_FACE('',(#6106),#6111,.T.);
#6113=ORIENTED_EDGE('',*,*,#5538,.T.);
#6114=CARTESIAN_POINT('',(413.0718,-169.,624.84335));
#6115=VERTEX_POINT('',#6114);
#6116=DIRECTION('',(0.86603,0.5,0.));
#6117=VECTOR('',#6116,2.);
#6118=LINE('',#5528,#6117);
#6119=EDGE_CURVE('',#5529,#6115,#6118,.T.);
#6120=ORIENTED_EDGE('',*,*,#6119,.T.);
#6121=DIRECTION('',(0.38268,-0.92388,0.));
#6122=VECTOR('',#6121,2.08842);
#6123=LINE('',#6092,#6122);
#6124=EDGE_CURVE('',#6093,#6115,#6123,.T.);
#6125=ORIENTED_EDGE('',*,*,#6124,.F.);
#6126=ORIENTED_EDGE('',*,*,#6097,.F.);
#6127=EDGE_LOOP('',(#6113,#6120,#6125,#6126));
#6128=FACE_OUTER_BOUND('',#6127,.T.);
#6129=CARTESIAN_POINT('',(410.34074,-167.58819,624.84335));
#6130=DIRECTION('',(0.,0.,1.));
#6131=DIRECTION('',(0.38268,-0.92388,0.));
#6132=AXIS2_PLACEMENT_3D('',#6129,#6130,#6131);
#6133=PLANE('',#6132);
#6134=ADVANCED_FACE('',(#6128),#6133,.T.);
#6135=ORIENTED_EDGE('',*,*,#5566,.T.);
#6136=CARTESIAN_POINT('',(414.34315,-170.65685,624.84335));
#6137=VERTEX_POINT('',#6136);
#6138=DIRECTION('',(0.70711,0.70711,0.));
#6139=VECTOR('',#6138,2.);
#6140=LINE('',#5556,#6139);
#6141=EDGE_CURVE('',#5557,#6137,#6140,.T.);
#6142=ORIENTED_EDGE('',*,*,#6141,.T.);
#6143=DIRECTION('',(0.60876,-0.79335,0.));
#6144=VECTOR('',#6143,2.08842);
#6145=LINE('',#6114,#6144);
#6146=EDGE_CURVE('',#6115,#6137,#6145,.T.);
#6147=ORIENTED_EDGE('',*,*,#6146,.F.);
#6148=ORIENTED_EDGE('',*,*,#6119,.F.);
#6149=EDGE_LOOP('',(#6135,#6142,#6147,#6148));
#6150=FACE_OUTER_BOUND('',#6149,.T.);
#6151=CARTESIAN_POINT('',(411.33975,-170.,624.84335));
#6152=DIRECTION('',(0.,0.,1.));
#6153=DIRECTION('',(0.60876,-0.79335,0.));
#6154=AXIS2_PLACEMENT_3D('',#6151,#6152,#6153);
#6155=PLANE('',#6154);
#6156=ADVANCED_FACE('',(#6150),#6155,.T.);
#6157=ORIENTED_EDGE('',*,*,#5594,.T.);
#6158=CARTESIAN_POINT('',(416.,-171.9282,624.84335));
#6159=VERTEX_POINT('',#6158);
#6160=DIRECTION('',(0.5,0.86603,0.));
#6161=VECTOR('',#6160,2.);
#6162=LINE('',#5584,#6161);
#6163=EDGE_CURVE('',#5585,#6159,#6162,.T.);
#6164=ORIENTED_EDGE('',*,*,#6163,.T.);
#6165=DIRECTION('',(0.79335,-0.60876,0.));
#6166=VECTOR('',#6165,2.08842);
#6167=LINE('',#6136,#6166);
#6168=EDGE_CURVE('',#6137,#6159,#6167,.T.);
#6169=ORIENTED_EDGE('',*,*,#6168,.F.);
#6170=ORIENTED_EDGE('',*,*,#6141,.F.);
#6171=EDGE_LOOP('',(#6157,#6164,#6169,#6170));
#6172=FACE_OUTER_BOUND('',#6171,.T.);
#6173=CARTESIAN_POINT('',(412.92893,-172.07107,624.84335));
#6174=DIRECTION('',(0.,0.,1.));
#6175=DIRECTION('',(0.79335,-0.60876,0.));
#6176=AXIS2_PLACEMENT_3D('',#6173,#6174,#6175);
#6177=PLANE('',#6176);
#6178=ADVANCED_FACE('',(#6172),#6177,.T.);
#6179=ORIENTED_EDGE('',*,*,#5622,.T.);
#6180=CARTESIAN_POINT('',(417.92945,-172.72741,624.84335));
#6181=VERTEX_POINT('',#6180);
#6182=DIRECTION('',(0.25882,0.96593,0.));
#6183=VECTOR('',#6182,2.);
#6184=LINE('',#5612,#6183);
#6185=EDGE_CURVE('',#5613,#6181,#6184,.T.);
#6186=ORIENTED_EDGE('',*,*,#6185,.T.);
#6187=DIRECTION('',(0.92388,-0.38268,0.));
#6188=VECTOR('',#6187,2.08842);
#6189=LINE('',#6158,#6188);
#6190=EDGE_CURVE('',#6159,#6181,#6189,.T.);
#6191=ORIENTED_EDGE('',*,*,#6190,.F.);
#6192=ORIENTED_EDGE('',*,*,#6163,.F.);
#6193=EDGE_LOOP('',(#6179,#6186,#6191,#6192));
#6194=FACE_OUTER_BOUND('',#6193,.T.);
#6195=CARTESIAN_POINT('',(415.,-173.66025,624.84335));
#6196=DIRECTION('',(0.,0.,1.));
#6197=DIRECTION('',(0.92388,-0.38268,0.));
#6198=AXIS2_PLACEMENT_3D('',#6195,#6196,#6197);
#6199=PLANE('',#6198);
#6200=ADVANCED_FACE('',(#6194),#6199,.T.);
#6201=ORIENTED_EDGE('',*,*,#5650,.T.);
#6202=CARTESIAN_POINT('',(420.,-173.,624.84335));
#6203=VERTEX_POINT('',#6202);
#6204=DIRECTION('',(0.,1.,0.));
#6205=VECTOR('',#6204,2.);
#6206=LINE('',#5640,#6205);
#6207=EDGE_CURVE('',#5641,#6203,#6206,.T.);
#6208=ORIENTED_EDGE('',*,*,#6207,.T.);
#6209=DIRECTION('',(0.99144,-0.13053,0.));
#6210=VECTOR('',#6209,2.08842);
#6211=LINE('',#6180,#6210);
#6212=EDGE_CURVE('',#6181,#6203,#6211,.T.);
#6213=ORIENTED_EDGE('',*,*,#6212,.F.);
#6214=ORIENTED_EDGE('',*,*,#6185,.F.);
#6215=EDGE_LOOP('',(#6201,#6208,#6213,#6214));
#6216=FACE_OUTER_BOUND('',#6215,.T.);
#6217=CARTESIAN_POINT('',(417.41181,-174.65926,624.84335));
#6218=DIRECTION('',(0.,0.,1.));
#6219=DIRECTION('',(0.99144,-0.13053,0.));
#6220=AXIS2_PLACEMENT_3D('',#6217,#6218,#6219);
#6221=PLANE('',#6220);
#6222=ADVANCED_FACE('',(#6216),#6221,.T.);
#6223=ORIENTED_EDGE('',*,*,#5678,.T.);
#6224=CARTESIAN_POINT('',(422.07055,-172.72741,624.84335));
#6225=VERTEX_POINT('',#6224);
#6226=DIRECTION('',(-0.25882,0.96593,0.));
#6227=VECTOR('',#6226,2.);
#6228=LINE('',#5668,#6227);
#6229=EDGE_CURVE('',#5669,#6225,#6228,.T.);
#6230=ORIENTED_EDGE('',*,*,#6229,.T.);
#6231=DIRECTION('',(0.99144,0.13053,0.));
#6232=VECTOR('',#6231,2.08842);
#6233=LINE('',#6202,#6232);
#6234=EDGE_CURVE('',#6203,#6225,#6233,.T.);
#6235=ORIENTED_EDGE('',*,*,#6234,.F.);
#6236=ORIENTED_EDGE('',*,*,#6207,.F.);
#6237=EDGE_LOOP('',(#6223,#6230,#6235,#6236));
#6238=FACE_OUTER_BOUND('',#6237,.T.);
#6239=CARTESIAN_POINT('',(420.,-175.,624.84335));
#6240=DIRECTION('',(0.,0.,1.));
#6241=DIRECTION('',(0.99144,0.13053,0.));
#6242=AXIS2_PLACEMENT_3D('',#6239,#6240,#6241);
#6243=PLANE('',#6242);
#6244=ADVANCED_FACE('',(#6238),#6243,.T.);
#6245=ORIENTED_EDGE('',*,*,#5706,.T.);
#6246=CARTESIAN_POINT('',(424.,-171.9282,624.84335));
#6247=VERTEX_POINT('',#6246);
#6248=DIRECTION('',(-0.5,0.86603,0.));
#6249=VECTOR('',#6248,2.);
#6250=LINE('',#5696,#6249);
#6251=EDGE_CURVE('',#5697,#6247,#6250,.T.);
#6252=ORIENTED_EDGE('',*,*,#6251,.T.);
#6253=DIRECTION('',(0.92388,0.38268,0.));
#6254=VECTOR('',#6253,2.08842);
#6255=LINE('',#6224,#6254);
#6256=EDGE_CURVE('',#6225,#6247,#6255,.T.);
#6257=ORIENTED_EDGE('',*,*,#6256,.F.);
#6258=ORIENTED_EDGE('',*,*,#6229,.F.);
#6259=EDGE_LOOP('',(#6245,#6252,#6257,#6258));
#6260=FACE_OUTER_BOUND('',#6259,.T.);
#6261=CARTESIAN_POINT('',(422.58819,-174.65926,624.84335));
#6262=DIRECTION('',(0.,0.,1.));
#6263=DIRECTION('',(0.92388,0.38268,0.));
#6264=AXIS2_PLACEMENT_3D('',#6261,#6262,#6263);
#6265=PLANE('',#6264);
#6266=ADVANCED_FACE('',(#6260),#6265,.T.);
#6267=ORIENTED_EDGE('',*,*,#5734,.T.);
#6268=CARTESIAN_POINT('',(425.65685,-170.65685,624.84335));
#6269=VERTEX_POINT('',#6268);
#6270=DIRECTION('',(-0.70711,0.70711,0.));
#6271=VECTOR('',#6270,2.);
#6272=LINE('',#5724,#6271);
#6273=EDGE_CURVE('',#5725,#6269,#6272,.T.);
#6274=ORIENTED_EDGE('',*,*,#6273,.T.);
#6275=DIRECTION('',(0.79335,0.60876,0.));
#6276=VECTOR('',#6275,2.08842);
#6277=LINE('',#6246,#6276);
#6278=EDGE_CURVE('',#6247,#6269,#6277,.T.);
#6279=ORIENTED_EDGE('',*,*,#6278,.F.);
#6280=ORIENTED_EDGE('',*,*,#6251,.F.);
#6281=EDGE_LOOP('',(#6267,#6274,#6279,#6280));
#6282=FACE_OUTER_BOUND('',#6281,.T.);
#6283=CARTESIAN_POINT('',(425.,-173.66025,624.84335));
#6284=DIRECTION('',(0.,0.,1.));
#6285=DIRECTION('',(0.79335,0.60876,0.));
#6286=AXIS2_PLACEMENT_3D('',#6283,#6284,#6285);
#6287=PLANE('',#6286);
#6288=ADVANCED_FACE('',(#6282),#6287,.T.);
#6289=ORIENTED_EDGE('',*,*,#5762,.T.);
#6290=CARTESIAN_POINT('',(426.9282,-169.,624.84335));
#6291=VERTEX_POINT('',#6290);
#6292=DIRECTION('',(-0.86603,0.5,0.));
#6293=VECTOR('',#6292,2.);
#6294=LINE('',#5752,#6293);
#6295=EDGE_CURVE('',#5753,#6291,#6294,.T.);
#6296=ORIENTED_EDGE('',*,*,#6295,.T.);
#6297=DIRECTION('',(0.60876,0.79335,0.));
#6298=VECTOR('',#6297,2.08842);
#6299=LINE('',#6268,#6298);
#6300=EDGE_CURVE('',#6269,#6291,#6299,.T.);
#6301=ORIENTED_EDGE('',*,*,#6300,.F.);
#6302=ORIENTED_EDGE('',*,*,#6273,.F.);
#6303=EDGE_LOOP('',(#6289,#6296,#6301,#6302));
#6304=FACE_OUTER_BOUND('',#6303,.T.);
#6305=CARTESIAN_POINT('',(427.07107,-172.07107,624.84335));
#6306=DIRECTION('',(0.,0.,1.));
#6307=DIRECTION('',(0.60876,0.79335,0.));
#6308=AXIS2_PLACEMENT_3D('',#6305,#6306,#6307);
#6309=PLANE('',#6308);
#6310=ADVANCED_FACE('',(#6304),#6309,.T.);
#6311=ORIENTED_EDGE('',*,*,#5790,.T.);
#6312=CARTESIAN_POINT('',(427.72741,-167.07055,624.84335));
#6313=VERTEX_POINT('',#6312);
#6314=DIRECTION('',(-0.96593,0.25882,0.));
#6315=VECTOR('',#6314,2.);
#6316=LINE('',#5780,#6315);
#6317=EDGE_CURVE('',#5781,#6313,#6316,.T.);
#6318=ORIENTED_EDGE('',*,*,#6317,.T.);
#6319=DIRECTION('',(0.38268,0.92388,0.));
#6320=VECTOR('',#6319,2.08842);
#6321=LINE('',#6290,#6320);
#6322=EDGE_CURVE('',#6291,#6313,#6321,.T.);
#6323=ORIENTED_EDGE('',*,*,#6322,.F.);
#6324=ORIENTED_EDGE('',*,*,#6295,.F.);
#6325=EDGE_LOOP('',(#6311,#6318,#6323,#6324));
#6326=FACE_OUTER_BOUND('',#6325,.T.);
#6327=CARTESIAN_POINT('',(428.66025,-170.,624.84335));
#6328=DIRECTION('',(0.,0.,1.));
#6329=DIRECTION('',(0.38268,0.92388,0.));
#6330=AXIS2_PLACEMENT_3D('',#6327,#6328,#6329);
#6331=PLANE('',#6330);
#6332=ADVANCED_FACE('',(#6326),#6331,.T.);
#6333=ORIENTED_EDGE('',*,*,#5810,.F.);
#6334=ORIENTED_EDGE('',*,*,#5839,.T.);
#6335=DIRECTION('',(-0.13053,-0.99144,0.));
#6336=VECTOR('',#6335,2.08842);
#6337=LINE('',#5829,#6336);
#6338=EDGE_CURVE('',#5830,#6313,#6337,.T.);
#6339=ORIENTED_EDGE('',*,*,#6338,.T.);
#6340=ORIENTED_EDGE('',*,*,#6317,.F.);
#6341=EDGE_LOOP('',(#6333,#6334,#6339,#6340));
#6342=FACE_OUTER_BOUND('',#6341,.T.);
#6343=CARTESIAN_POINT('',(429.65926,-167.58819,624.84335));
#6344=DIRECTION('',(0.,0.,1.));
#6345=DIRECTION('',(0.13053,0.99144,0.));
#6346=AXIS2_PLACEMENT_3D('',#6343,#6344,#6345);
#6347=PLANE('',#6346);
#6348=ADVANCED_FACE('',(#6342),#6347,.T.);
#6349=ORIENTED_EDGE('',*,*,#5834,.T.);
#6350=CARTESIAN_POINT('',(427.72741,-162.92945,309.));
#6351=VERTEX_POINT('',#6350);
#6352=DIRECTION('',(0.,0.,-1.));
#6353=VECTOR('',#6352,315.84335);
#6354=LINE('',#5822,#6353);
#6355=EDGE_CURVE('',#5823,#6351,#6354,.T.);
#6356=ORIENTED_EDGE('',*,*,#6355,.T.);
#6357=CARTESIAN_POINT('',(428.,-165.,309.));
#6358=VERTEX_POINT('',#6357);
#6359=DIRECTION('',(-0.13053,0.99144,0.));
#6360=VECTOR('',#6359,2.08842);
#6361=LINE('',#6357,#6360);
#6362=EDGE_CURVE('',#6358,#6351,#6361,.T.);
#6363=ORIENTED_EDGE('',*,*,#6362,.F.);
#6364=DIRECTION('',(0.,0.,-1.));
#6365=VECTOR('',#6364,315.84335);
#6366=LINE('',#5829,#6365);
#6367=EDGE_CURVE('',#5830,#6358,#6366,.T.);
#6368=ORIENTED_EDGE('',*,*,#6367,.F.);
#6369=EDGE_LOOP('',(#6349,#6356,#6363,#6368));
#6370=FACE_OUTER_BOUND('',#6369,.T.);
#6371=CARTESIAN_POINT('',(428.,-165.,624.84335));
#6372=DIRECTION('',(-0.99144,-0.13053,0.));
#6373=DIRECTION('',(-0.13053,0.99144,0.));
#6374=AXIS2_PLACEMENT_3D('',#6371,#6372,#6373);
#6375=PLANE('',#6374);
#6376=ADVANCED_FACE('',(#6370),#6375,.T.);
#6377=ORIENTED_EDGE('',*,*,#5860,.T.);
#6378=CARTESIAN_POINT('',(426.9282,-161.,309.));
#6379=VERTEX_POINT('',#6378);
#6380=DIRECTION('',(0.,0.,-1.));
#6381=VECTOR('',#6380,315.84335);
#6382=LINE('',#5850,#6381);
#6383=EDGE_CURVE('',#5851,#6379,#6382,.T.);
#6384=ORIENTED_EDGE('',*,*,#6383,.T.);
#6385=DIRECTION('',(-0.38268,0.92388,0.));
#6386=VECTOR('',#6385,2.08842);
#6387=LINE('',#6350,#6386);
#6388=EDGE_CURVE('',#6351,#6379,#6387,.T.);
#6389=ORIENTED_EDGE('',*,*,#6388,.F.);
#6390=ORIENTED_EDGE('',*,*,#6355,.F.);
#6391=EDGE_LOOP('',(#6377,#6384,#6389,#6390));
#6392=FACE_OUTER_BOUND('',#6391,.T.);
#6393=CARTESIAN_POINT('',(427.72741,-162.92945,624.84335));
#6394=DIRECTION('',(-0.92388,-0.38268,0.));
#6395=DIRECTION('',(-0.38268,0.92388,0.));
#6396=AXIS2_PLACEMENT_3D('',#6393,#6394,#6395);
#6397=PLANE('',#6396);
#6398=ADVANCED_FACE('',(#6392),#6397,.T.);
#6399=ORIENTED_EDGE('',*,*,#5882,.T.);
#6400=CARTESIAN_POINT('',(425.65685,-159.34315,309.));
#6401=VERTEX_POINT('',#6400);
#6402=DIRECTION('',(0.,0.,-1.));
#6403=VECTOR('',#6402,315.84335);
#6404=LINE('',#5872,#6403);
#6405=EDGE_CURVE('',#5873,#6401,#6404,.T.);
#6406=ORIENTED_EDGE('',*,*,#6405,.T.);
#6407=DIRECTION('',(-0.60876,0.79335,0.));
#6408=VECTOR('',#6407,2.08842);
#6409=LINE('',#6378,#6408);
#6410=EDGE_CURVE('',#6379,#6401,#6409,.T.);
#6411=ORIENTED_EDGE('',*,*,#6410,.F.);
#6412=ORIENTED_EDGE('',*,*,#6383,.F.);
#6413=EDGE_LOOP('',(#6399,#6406,#6411,#6412));
#6414=FACE_OUTER_BOUND('',#6413,.T.);
#6415=CARTESIAN_POINT('',(426.9282,-161.,624.84335));
#6416=DIRECTION('',(-0.79335,-0.60876,0.));
#6417=DIRECTION('',(-0.60876,0.79335,0.));
#6418=AXIS2_PLACEMENT_3D('',#6415,#6416,#6417);
#6419=PLANE('',#6418);
#6420=ADVANCED_FACE('',(#6414),#6419,.T.);
#6421=ORIENTED_EDGE('',*,*,#5904,.T.);
#6422=CARTESIAN_POINT('',(424.,-158.0718,309.));
#6423=VERTEX_POINT('',#6422);
#6424=DIRECTION('',(0.,0.,-1.));
#6425=VECTOR('',#6424,315.84335);
#6426=LINE('',#5894,#6425);
#6427=EDGE_CURVE('',#5895,#6423,#6426,.T.);
#6428=ORIENTED_EDGE('',*,*,#6427,.T.);
#6429=DIRECTION('',(-0.79335,0.60876,0.));
#6430=VECTOR('',#6429,2.08842);
#6431=LINE('',#6400,#6430);
#6432=EDGE_CURVE('',#6401,#6423,#6431,.T.);
#6433=ORIENTED_EDGE('',*,*,#6432,.F.);
#6434=ORIENTED_EDGE('',*,*,#6405,.F.);
#6435=EDGE_LOOP('',(#6421,#6428,#6433,#6434));
#6436=FACE_OUTER_BOUND('',#6435,.T.);
#6437=CARTESIAN_POINT('',(425.65685,-159.34315,624.84335));
#6438=DIRECTION('',(-0.60876,-0.79335,0.));
#6439=DIRECTION('',(-0.79335,0.60876,0.));
#6440=AXIS2_PLACEMENT_3D('',#6437,#6438,#6439);
#6441=PLANE('',#6440);
#6442=ADVANCED_FACE('',(#6436),#6441,.T.);
#6443=ORIENTED_EDGE('',*,*,#5926,.T.);
#6444=CARTESIAN_POINT('',(422.07055,-157.27259,309.));
#6445=VERTEX_POINT('',#6444);
#6446=DIRECTION('',(0.,0.,-1.));
#6447=VECTOR('',#6446,315.84335);
#6448=LINE('',#5916,#6447);
#6449=EDGE_CURVE('',#5917,#6445,#6448,.T.);
#6450=ORIENTED_EDGE('',*,*,#6449,.T.);
#6451=DIRECTION('',(-0.92388,0.38268,0.));
#6452=VECTOR('',#6451,2.08842);
#6453=LINE('',#6422,#6452);
#6454=EDGE_CURVE('',#6423,#6445,#6453,.T.);
#6455=ORIENTED_EDGE('',*,*,#6454,.F.);
#6456=ORIENTED_EDGE('',*,*,#6427,.F.);
#6457=EDGE_LOOP('',(#6443,#6450,#6455,#6456));
#6458=FACE_OUTER_BOUND('',#6457,.T.);
#6459=CARTESIAN_POINT('',(424.,-158.0718,624.84335));
#6460=DIRECTION('',(-0.38268,-0.92388,0.));
#6461=DIRECTION('',(-0.92388,0.38268,0.));
#6462=AXIS2_PLACEMENT_3D('',#6459,#6460,#6461);
#6463=PLANE('',#6462);
#6464=ADVANCED_FACE('',(#6458),#6463,.T.);
#6465=ORIENTED_EDGE('',*,*,#5948,.T.);
#6466=CARTESIAN_POINT('',(420.,-157.,309.));
#6467=VERTEX_POINT('',#6466);
#6468=DIRECTION('',(0.,0.,-1.));
#6469=VECTOR('',#6468,315.84335);
#6470=LINE('',#5938,#6469);
#6471=EDGE_CURVE('',#5939,#6467,#6470,.T.);
#6472=ORIENTED_EDGE('',*,*,#6471,.T.);
#6473=DIRECTION('',(-0.99144,0.13053,0.));
#6474=VECTOR('',#6473,2.08842);
#6475=LINE('',#6444,#6474);
#6476=EDGE_CURVE('',#6445,#6467,#6475,.T.);
#6477=ORIENTED_EDGE('',*,*,#6476,.F.);
#6478=ORIENTED_EDGE('',*,*,#6449,.F.);
#6479=EDGE_LOOP('',(#6465,#6472,#6477,#6478));
#6480=FACE_OUTER_BOUND('',#6479,.T.);
#6481=CARTESIAN_POINT('',(422.07055,-157.27259,624.84335));
#6482=DIRECTION('',(-0.13053,-0.99144,0.));
#6483=DIRECTION('',(-0.99144,0.13053,0.));
#6484=AXIS2_PLACEMENT_3D('',#6481,#6482,#6483);
#6485=PLANE('',#6484);
#6486=ADVANCED_FACE('',(#6480),#6485,.T.);
#6487=ORIENTED_EDGE('',*,*,#5970,.T.);
#6488=CARTESIAN_POINT('',(417.92945,-157.27259,309.));
#6489=VERTEX_POINT('',#6488);
#6490=DIRECTION('',(0.,0.,-1.));
#6491=VECTOR('',#6490,315.84335);
#6492=LINE('',#5960,#6491);
#6493=EDGE_CURVE('',#5961,#6489,#6492,.T.);
#6494=ORIENTED_EDGE('',*,*,#6493,.T.);
#6495=DIRECTION('',(-0.99144,-0.13053,0.));
#6496=VECTOR('',#6495,2.08842);
#6497=LINE('',#6466,#6496);
#6498=EDGE_CURVE('',#6467,#6489,#6497,.T.);
#6499=ORIENTED_EDGE('',*,*,#6498,.F.);
#6500=ORIENTED_EDGE('',*,*,#6471,.F.);
#6501=EDGE_LOOP('',(#6487,#6494,#6499,#6500));
#6502=FACE_OUTER_BOUND('',#6501,.T.);
#6503=CARTESIAN_POINT('',(420.,-157.,624.84335));
#6504=DIRECTION('',(0.13053,-0.99144,0.));
#6505=DIRECTION('',(-0.99144,-0.13053,0.));
#6506=AXIS2_PLACEMENT_3D('',#6503,#6504,#6505);
#6507=PLANE('',#6506);
#6508=ADVANCED_FACE('',(#6502),#6507,.T.);
#6509=ORIENTED_EDGE('',*,*,#5992,.T.);
#6510=CARTESIAN_POINT('',(416.,-158.0718,309.));
#6511=VERTEX_POINT('',#6510);
#6512=DIRECTION('',(0.,0.,-1.));
#6513=VECTOR('',#6512,315.84335);
#6514=LINE('',#5982,#6513);
#6515=EDGE_CURVE('',#5983,#6511,#6514,.T.);
#6516=ORIENTED_EDGE('',*,*,#6515,.T.);
#6517=DIRECTION('',(-0.92388,-0.38268,0.));
#6518=VECTOR('',#6517,2.08842);
#6519=LINE('',#6488,#6518);
#6520=EDGE_CURVE('',#6489,#6511,#6519,.T.);
#6521=ORIENTED_EDGE('',*,*,#6520,.F.);
#6522=ORIENTED_EDGE('',*,*,#6493,.F.);
#6523=EDGE_LOOP('',(#6509,#6516,#6521,#6522));
#6524=FACE_OUTER_BOUND('',#6523,.T.);
#6525=CARTESIAN_POINT('',(417.92945,-157.27259,624.84335));
#6526=DIRECTION('',(0.38268,-0.92388,0.));
#6527=DIRECTION('',(-0.92388,-0.38268,0.));
#6528=AXIS2_PLACEMENT_3D('',#6525,#6526,#6527);
#6529=PLANE('',#6528);
#6530=ADVANCED_FACE('',(#6524),#6529,.T.);
#6531=ORIENTED_EDGE('',*,*,#6014,.T.);
#6532=CARTESIAN_POINT('',(414.34315,-159.34315,309.));
#6533=VERTEX_POINT('',#6532);
#6534=DIRECTION('',(0.,0.,-1.));
#6535=VECTOR('',#6534,315.84335);
#6536=LINE('',#6004,#6535);
#6537=EDGE_CURVE('',#6005,#6533,#6536,.T.);
#6538=ORIENTED_EDGE('',*,*,#6537,.T.);
#6539=DIRECTION('',(-0.79335,-0.60876,0.));
#6540=VECTOR('',#6539,2.08842);
#6541=LINE('',#6510,#6540);
#6542=EDGE_CURVE('',#6511,#6533,#6541,.T.);
#6543=ORIENTED_EDGE('',*,*,#6542,.F.);
#6544=ORIENTED_EDGE('',*,*,#6515,.F.);
#6545=EDGE_LOOP('',(#6531,#6538,#6543,#6544));
#6546=FACE_OUTER_BOUND('',#6545,.T.);
#6547=CARTESIAN_POINT('',(416.,-158.0718,624.84335));
#6548=DIRECTION('',(0.60876,-0.79335,0.));
#6549=DIRECTION('',(-0.79335,-0.60876,0.));
#6550=AXIS2_PLACEMENT_3D('',#6547,#6548,#6549);
#6551=PLANE('',#6550);
#6552=ADVANCED_FACE('',(#6546),#6551,.T.);
#6553=ORIENTED_EDGE('',*,*,#6036,.T.);
#6554=CARTESIAN_POINT('',(413.0718,-161.,309.));
#6555=VERTEX_POINT('',#6554);
#6556=DIRECTION('',(0.,0.,-1.));
#6557=VECTOR('',#6556,315.84335);
#6558=LINE('',#6026,#6557);
#6559=EDGE_CURVE('',#6027,#6555,#6558,.T.);
#6560=ORIENTED_EDGE('',*,*,#6559,.T.);
#6561=DIRECTION('',(-0.60876,-0.79335,0.));
#6562=VECTOR('',#6561,2.08842);
#6563=LINE('',#6532,#6562);
#6564=EDGE_CURVE('',#6533,#6555,#6563,.T.);
#6565=ORIENTED_EDGE('',*,*,#6564,.F.);
#6566=ORIENTED_EDGE('',*,*,#6537,.F.);
#6567=EDGE_LOOP('',(#6553,#6560,#6565,#6566));
#6568=FACE_OUTER_BOUND('',#6567,.T.);
#6569=CARTESIAN_POINT('',(414.34315,-159.34315,624.84335));
#6570=DIRECTION('',(0.79335,-0.60876,0.));
#6571=DIRECTION('',(-0.60876,-0.79335,0.));
#6572=AXIS2_PLACEMENT_3D('',#6569,#6570,#6571);
#6573=PLANE('',#6572);
#6574=ADVANCED_FACE('',(#6568),#6573,.T.);
#6575=ORIENTED_EDGE('',*,*,#6058,.T.);
#6576=CARTESIAN_POINT('',(412.27259,-162.92945,309.));
#6577=VERTEX_POINT('',#6576);
#6578=DIRECTION('',(0.,0.,-1.));
#6579=VECTOR('',#6578,315.84335);
#6580=LINE('',#6048,#6579);
#6581=EDGE_CURVE('',#6049,#6577,#6580,.T.);
#6582=ORIENTED_EDGE('',*,*,#6581,.T.);
#6583=DIRECTION('',(-0.38268,-0.92388,0.));
#6584=VECTOR('',#6583,2.08842);
#6585=LINE('',#6554,#6584);
#6586=EDGE_CURVE('',#6555,#6577,#6585,.T.);
#6587=ORIENTED_EDGE('',*,*,#6586,.F.);
#6588=ORIENTED_EDGE('',*,*,#6559,.F.);
#6589=EDGE_LOOP('',(#6575,#6582,#6587,#6588));
#6590=FACE_OUTER_BOUND('',#6589,.T.);
#6591=CARTESIAN_POINT('',(413.0718,-161.,624.84335));
#6592=DIRECTION('',(0.92388,-0.38268,0.));
#6593=DIRECTION('',(-0.38268,-0.92388,0.));
#6594=AXIS2_PLACEMENT_3D('',#6591,#6592,#6593);
#6595=PLANE('',#6594);
#6596=ADVANCED_FACE('',(#6590),#6595,.T.);
#6597=ORIENTED_EDGE('',*,*,#6080,.T.);
#6598=CARTESIAN_POINT('',(412.,-165.,309.));
#6599=VERTEX_POINT('',#6598);
#6600=DIRECTION('',(0.,0.,-1.));
#6601=VECTOR('',#6600,315.84335);
#6602=LINE('',#6070,#6601);
#6603=EDGE_CURVE('',#6071,#6599,#6602,.T.);
#6604=ORIENTED_EDGE('',*,*,#6603,.T.);
#6605=DIRECTION('',(-0.13053,-0.99144,0.));
#6606=VECTOR('',#6605,2.08842);
#6607=LINE('',#6576,#6606);
#6608=EDGE_CURVE('',#6577,#6599,#6607,.T.);
#6609=ORIENTED_EDGE('',*,*,#6608,.F.);
#6610=ORIENTED_EDGE('',*,*,#6581,.F.);
#6611=EDGE_LOOP('',(#6597,#6604,#6609,#6610));
#6612=FACE_OUTER_BOUND('',#6611,.T.);
#6613=CARTESIAN_POINT('',(412.27259,-162.92945,624.84335));
#6614=DIRECTION('',(0.99144,-0.13053,0.));
#6615=DIRECTION('',(-0.13053,-0.99144,0.));
#6616=AXIS2_PLACEMENT_3D('',#6613,#6614,#6615);
#6617=PLANE('',#6616);
#6618=ADVANCED_FACE('',(#6612),#6617,.T.);
#6619=ORIENTED_EDGE('',*,*,#6102,.T.);
#6620=CARTESIAN_POINT('',(412.27259,-167.07055,309.));
#6621=VERTEX_POINT('',#6620);
#6622=DIRECTION('',(0.,0.,-1.));
#6623=VECTOR('',#6622,315.84335);
#6624=LINE('',#6092,#6623);
#6625=EDGE_CURVE('',#6093,#6621,#6624,.T.);
#6626=ORIENTED_EDGE('',*,*,#6625,.T.);
#6627=DIRECTION('',(0.13053,-0.99144,0.));
#6628=VECTOR('',#6627,2.08842);
#6629=LINE('',#6598,#6628);
#6630=EDGE_CURVE('',#6599,#6621,#6629,.T.);
#6631=ORIENTED_EDGE('',*,*,#6630,.F.);
#6632=ORIENTED_EDGE('',*,*,#6603,.F.);
#6633=EDGE_LOOP('',(#6619,#6626,#6631,#6632));
#6634=FACE_OUTER_BOUND('',#6633,.T.);
#6635=CARTESIAN_POINT('',(412.,-165.,624.84335));
#6636=DIRECTION('',(0.99144,0.13053,0.));
#6637=DIRECTION('',(0.13053,-0.99144,0.));
#6638=AXIS2_PLACEMENT_3D('',#6635,#6636,#6637);
#6639=PLANE('',#6638);
#6640=ADVANCED_FACE('',(#6634),#6639,.T.);
#6641=ORIENTED_EDGE('',*,*,#6124,.T.);
#6642=CARTESIAN_POINT('',(413.0718,-169.,309.));
#6643=VERTEX_POINT('',#6642);
#6644=DIRECTION('',(0.,0.,-1.));
#6645=VECTOR('',#6644,315.84335);
#6646=LINE('',#6114,#6645);
#6647=EDGE_CURVE('',#6115,#6643,#6646,.T.);
#6648=ORIENTED_EDGE('',*,*,#6647,.T.);
#6649=DIRECTION('',(0.38268,-0.92388,0.));
#6650=VECTOR('',#6649,2.08842);
#6651=LINE('',#6620,#6650);
#6652=EDGE_CURVE('',#6621,#6643,#6651,.T.);
#6653=ORIENTED_EDGE('',*,*,#6652,.F.);
#6654=ORIENTED_EDGE('',*,*,#6625,.F.);
#6655=EDGE_LOOP('',(#6641,#6648,#6653,#6654));
#6656=FACE_OUTER_BOUND('',#6655,.T.);
#6657=CARTESIAN_POINT('',(412.27259,-167.07055,624.84335));
#6658=DIRECTION('',(0.92388,0.38268,0.));
#6659=DIRECTION('',(0.38268,-0.92388,0.));
#6660=AXIS2_PLACEMENT_3D('',#6657,#6658,#6659);
#6661=PLANE('',#6660);
#6662=ADVANCED_FACE('',(#6656),#6661,.T.);
#6663=ORIENTED_EDGE('',*,*,#6146,.T.);
#6664=CARTESIAN_POINT('',(414.34315,-170.65685,309.));
#6665=VERTEX_POINT('',#6664);
#6666=DIRECTION('',(0.,0.,-1.));
#6667=VECTOR('',#6666,315.84335);
#6668=LINE('',#6136,#6667);
#6669=EDGE_CURVE('',#6137,#6665,#6668,.T.);
#6670=ORIENTED_EDGE('',*,*,#6669,.T.);
#6671=DIRECTION('',(0.60876,-0.79335,0.));
#6672=VECTOR('',#6671,2.08842);
#6673=LINE('',#6642,#6672);
#6674=EDGE_CURVE('',#6643,#6665,#6673,.T.);
#6675=ORIENTED_EDGE('',*,*,#6674,.F.);
#6676=ORIENTED_EDGE('',*,*,#6647,.F.);
#6677=EDGE_LOOP('',(#6663,#6670,#6675,#6676));
#6678=FACE_OUTER_BOUND('',#6677,.T.);
#6679=CARTESIAN_POINT('',(413.0718,-169.,624.84335));
#6680=DIRECTION('',(0.79335,0.60876,0.));
#6681=DIRECTION('',(0.60876,-0.79335,0.));
#6682=AXIS2_PLACEMENT_3D('',#6679,#6680,#6681);
#6683=PLANE('',#6682);
#6684=ADVANCED_FACE('',(#6678),#6683,.T.);
#6685=ORIENTED_EDGE('',*,*,#6168,.T.);
#6686=CARTESIAN_POINT('',(416.,-171.9282,309.));
#6687=VERTEX_POINT('',#6686);
#6688=DIRECTION('',(0.,0.,-1.));
#6689=VECTOR('',#6688,315.84335);
#6690=LINE('',#6158,#6689);
#6691=EDGE_CURVE('',#6159,#6687,#6690,.T.);
#6692=ORIENTED_EDGE('',*,*,#6691,.T.);
#6693=DIRECTION('',(0.79335,-0.60876,0.));
#6694=VECTOR('',#6693,2.08842);
#6695=LINE('',#6664,#6694);
#6696=EDGE_CURVE('',#6665,#6687,#6695,.T.);
#6697=ORIENTED_EDGE('',*,*,#6696,.F.);
#6698=ORIENTED_EDGE('',*,*,#6669,.F.);
#6699=EDGE_LOOP('',(#6685,#6692,#6697,#6698));
#6700=FACE_OUTER_BOUND('',#6699,.T.);
#6701=CARTESIAN_POINT('',(414.34315,-170.65685,624.84335));
#6702=DIRECTION('',(0.60876,0.79335,0.));
#6703=DIRECTION('',(0.79335,-0.60876,0.));
#6704=AXIS2_PLACEMENT_3D('',#6701,#6702,#6703);
#6705=PLANE('',#6704);
#6706=ADVANCED_FACE('',(#6700),#6705,.T.);
#6707=ORIENTED_EDGE('',*,*,#6190,.T.);
#6708=CARTESIAN_POINT('',(417.92945,-172.72741,309.));
#6709=VERTEX_POINT('',#6708);
#6710=DIRECTION('',(0.,0.,-1.));
#6711=VECTOR('',#6710,315.84335);
#6712=LINE('',#6180,#6711);
#6713=EDGE_CURVE('',#6181,#6709,#6712,.T.);
#6714=ORIENTED_EDGE('',*,*,#6713,.T.);
#6715=DIRECTION('',(0.92388,-0.38268,0.));
#6716=VECTOR('',#6715,2.08842);
#6717=LINE('',#6686,#6716);
#6718=EDGE_CURVE('',#6687,#6709,#6717,.T.);
#6719=ORIENTED_EDGE('',*,*,#6718,.F.);
#6720=ORIENTED_EDGE('',*,*,#6691,.F.);
#6721=EDGE_LOOP('',(#6707,#6714,#6719,#6720));
#6722=FACE_OUTER_BOUND('',#6721,.T.);
#6723=CARTESIAN_POINT('',(416.,-171.9282,624.84335));
#6724=DIRECTION('',(0.38268,0.92388,0.));
#6725=DIRECTION('',(0.92388,-0.38268,0.));
#6726=AXIS2_PLACEMENT_3D('',#6723,#6724,#6725);
#6727=PLANE('',#6726);
#6728=ADVANCED_FACE('',(#6722),#6727,.T.);
#6729=ORIENTED_EDGE('',*,*,#6212,.T.);
#6730=CARTESIAN_POINT('',(420.,-173.,309.));
#6731=VERTEX_POINT('',#6730);
#6732=DIRECTION('',(0.,0.,-1.));
#6733=VECTOR('',#6732,315.84335);
#6734=LINE('',#6202,#6733);
#6735=EDGE_CURVE('',#6203,#6731,#6734,.T.);
#6736=ORIENTED_EDGE('',*,*,#6735,.T.);
#6737=DIRECTION('',(0.99144,-0.13053,0.));
#6738=VECTOR('',#6737,2.08842);
#6739=LINE('',#6708,#6738);
#6740=EDGE_CURVE('',#6709,#6731,#6739,.T.);
#6741=ORIENTED_EDGE('',*,*,#6740,.F.);
#6742=ORIENTED_EDGE('',*,*,#6713,.F.);
#6743=EDGE_LOOP('',(#6729,#6736,#6741,#6742));
#6744=FACE_OUTER_BOUND('',#6743,.T.);
#6745=CARTESIAN_POINT('',(417.92945,-172.72741,624.84335));
#6746=DIRECTION('',(0.13053,0.99144,0.));
#6747=DIRECTION('',(0.99144,-0.13053,0.));
#6748=AXIS2_PLACEMENT_3D('',#6745,#6746,#6747);
#6749=PLANE('',#6748);
#6750=ADVANCED_FACE('',(#6744),#6749,.T.);
#6751=ORIENTED_EDGE('',*,*,#6234,.T.);
#6752=CARTESIAN_POINT('',(422.07055,-172.72741,309.));
#6753=VERTEX_POINT('',#6752);
#6754=DIRECTION('',(0.,0.,-1.));
#6755=VECTOR('',#6754,315.84335);
#6756=LINE('',#6224,#6755);
#6757=EDGE_CURVE('',#6225,#6753,#6756,.T.);
#6758=ORIENTED_EDGE('',*,*,#6757,.T.);
#6759=DIRECTION('',(0.99144,0.13053,0.));
#6760=VECTOR('',#6759,2.08842);
#6761=LINE('',#6730,#6760);
#6762=EDGE_CURVE('',#6731,#6753,#6761,.T.);
#6763=ORIENTED_EDGE('',*,*,#6762,.F.);
#6764=ORIENTED_EDGE('',*,*,#6735,.F.);
#6765=EDGE_LOOP('',(#6751,#6758,#6763,#6764));
#6766=FACE_OUTER_BOUND('',#6765,.T.);
#6767=CARTESIAN_POINT('',(420.,-173.,624.84335));
#6768=DIRECTION('',(-0.13053,0.99144,0.));
#6769=DIRECTION('',(0.99144,0.13053,0.));
#6770=AXIS2_PLACEMENT_3D('',#6767,#6768,#6769);
#6771=PLANE('',#6770);
#6772=ADVANCED_FACE('',(#6766),#6771,.T.);
#6773=ORIENTED_EDGE('',*,*,#6256,.T.);
#6774=CARTESIAN_POINT('',(424.,-171.9282,309.));
#6775=VERTEX_POINT('',#6774);
#6776=DIRECTION('',(0.,0.,-1.));
#6777=VECTOR('',#6776,315.84335);
#6778=LINE('',#6246,#6777);
#6779=EDGE_CURVE('',#6247,#6775,#6778,.T.);
#6780=ORIENTED_EDGE('',*,*,#6779,.T.);
#6781=DIRECTION('',(0.92388,0.38268,0.));
#6782=VECTOR('',#6781,2.08842);
#6783=LINE('',#6752,#6782);
#6784=EDGE_CURVE('',#6753,#6775,#6783,.T.);
#6785=ORIENTED_EDGE('',*,*,#6784,.F.);
#6786=ORIENTED_EDGE('',*,*,#6757,.F.);
#6787=EDGE_LOOP('',(#6773,#6780,#6785,#6786));
#6788=FACE_OUTER_BOUND('',#6787,.T.);
#6789=CARTESIAN_POINT('',(422.07055,-172.72741,624.84335));
#6790=DIRECTION('',(-0.38268,0.92388,0.));
#6791=DIRECTION('',(0.92388,0.38268,0.));
#6792=AXIS2_PLACEMENT_3D('',#6789,#6790,#6791);
#6793=PLANE('',#6792);
#6794=ADVANCED_FACE('',(#6788),#6793,.T.);
#6795=ORIENTED_EDGE('',*,*,#6278,.T.);
#6796=CARTESIAN_POINT('',(425.65685,-170.65685,309.));
#6797=VERTEX_POINT('',#6796);
#6798=DIRECTION('',(0.,0.,-1.));
#6799=VECTOR('',#6798,315.84335);
#6800=LINE('',#6268,#6799);
#6801=EDGE_CURVE('',#6269,#6797,#6800,.T.);
#6802=ORIENTED_EDGE('',*,*,#6801,.T.);
#6803=DIRECTION('',(0.79335,0.60876,0.));
#6804=VECTOR('',#6803,2.08842);
#6805=LINE('',#6774,#6804);
#6806=EDGE_CURVE('',#6775,#6797,#6805,.T.);
#6807=ORIENTED_EDGE('',*,*,#6806,.F.);
#6808=ORIENTED_EDGE('',*,*,#6779,.F.);
#6809=EDGE_LOOP('',(#6795,#6802,#6807,#6808));
#6810=FACE_OUTER_BOUND('',#6809,.T.);
#6811=CARTESIAN_POINT('',(424.,-171.9282,624.84335));
#6812=DIRECTION('',(-0.60876,0.79335,0.));
#6813=DIRECTION('',(0.79335,0.60876,0.));
#6814=AXIS2_PLACEMENT_3D('',#6811,#6812,#6813);
#6815=PLANE('',#6814);
#6816=ADVANCED_FACE('',(#6810),#6815,.T.);
#6817=ORIENTED_EDGE('',*,*,#6300,.T.);
#6818=CARTESIAN_POINT('',(426.9282,-169.,309.));
#6819=VERTEX_POINT('',#6818);
#6820=DIRECTION('',(0.,0.,-1.));
#6821=VECTOR('',#6820,315.84335);
#6822=LINE('',#6290,#6821);
#6823=EDGE_CURVE('',#6291,#6819,#6822,.T.);
#6824=ORIENTED_EDGE('',*,*,#6823,.T.);
#6825=DIRECTION('',(0.60876,0.79335,0.));
#6826=VECTOR('',#6825,2.08842);
#6827=LINE('',#6796,#6826);
#6828=EDGE_CURVE('',#6797,#6819,#6827,.T.);
#6829=ORIENTED_EDGE('',*,*,#6828,.F.);
#6830=ORIENTED_EDGE('',*,*,#6801,.F.);
#6831=EDGE_LOOP('',(#6817,#6824,#6829,#6830));
#6832=FACE_OUTER_BOUND('',#6831,.T.);
#6833=CARTESIAN_POINT('',(425.65685,-170.65685,624.84335));
#6834=DIRECTION('',(-0.79335,0.60876,0.));
#6835=DIRECTION('',(0.60876,0.79335,0.));
#6836=AXIS2_PLACEMENT_3D('',#6833,#6834,#6835);
#6837=PLANE('',#6836);
#6838=ADVANCED_FACE('',(#6832),#6837,.T.);
#6839=ORIENTED_EDGE('',*,*,#6322,.T.);
#6840=CARTESIAN_POINT('',(427.72741,-167.07055,309.));
#6841=VERTEX_POINT('',#6840);
#6842=DIRECTION('',(0.,0.,-1.));
#6843=VECTOR('',#6842,315.84335);
#6844=LINE('',#6312,#6843);
#6845=EDGE_CURVE('',#6313,#6841,#6844,.T.);
#6846=ORIENTED_EDGE('',*,*,#6845,.T.);
#6847=DIRECTION('',(0.38268,0.92388,0.));
#6848=VECTOR('',#6847,2.08842);
#6849=LINE('',#6818,#6848);
#6850=EDGE_CURVE('',#6819,#6841,#6849,.T.);
#6851=ORIENTED_EDGE('',*,*,#6850,.F.);
#6852=ORIENTED_EDGE('',*,*,#6823,.F.);
#6853=EDGE_LOOP('',(#6839,#6846,#6851,#6852));
#6854=FACE_OUTER_BOUND('',#6853,.T.);
#6855=CARTESIAN_POINT('',(426.9282,-169.,624.84335));
#6856=DIRECTION('',(-0.92388,0.38268,0.));
#6857=DIRECTION('',(0.38268,0.92388,0.));
#6858=AXIS2_PLACEMENT_3D('',#6855,#6856,#6857);
#6859=PLANE('',#6858);
#6860=ADVANCED_FACE('',(#6854),#6859,.T.);
#6861=ORIENTED_EDGE('',*,*,#6338,.F.);
#6862=ORIENTED_EDGE('',*,*,#6367,.T.);
#6863=DIRECTION('',(-0.13053,-0.99144,0.));
#6864=VECTOR('',#6863,2.08842);
#6865=LINE('',#6357,#6864);
#6866=EDGE_CURVE('',#6358,#6841,#6865,.T.);
#6867=ORIENTED_EDGE('',*,*,#6866,.T.);
#6868=ORIENTED_EDGE('',*,*,#6845,.F.);
#6869=EDGE_LOOP('',(#6861,#6862,#6867,#6868));
#6870=FACE_OUTER_BOUND('',#6869,.T.);
#6871=CARTESIAN_POINT('',(427.72741,-167.07055,624.84335));
#6872=DIRECTION('',(-0.99144,0.13053,0.));
#6873=DIRECTION('',(0.13053,0.99144,0.));
#6874=AXIS2_PLACEMENT_3D('',#6871,#6872,#6873);
#6875=PLANE('',#6874);
#6876=ADVANCED_FACE('',(#6870),#6875,.T.);
#6877=ORIENTED_EDGE('',*,*,#6362,.T.);
#6878=DIRECTION('',(-0.96593,-0.25882,0.));
#6879=VECTOR('',#6878,2.);
#6880=LINE('',#5151,#6879);
#6881=EDGE_CURVE('',#5152,#6351,#6880,.T.);
#6882=ORIENTED_EDGE('',*,*,#6881,.F.);
#6883=ORIENTED_EDGE('',*,*,#5156,.F.);
#6884=DIRECTION('',(-1.,0.,0.));
#6885=VECTOR('',#6884,2.);
#6886=LINE('',#5149,#6885);
#6887=EDGE_CURVE('',#5150,#6358,#6886,.T.);
#6888=ORIENTED_EDGE('',*,*,#6887,.T.);
#6889=EDGE_LOOP('',(#6877,#6882,#6883,#6888));
#6890=FACE_OUTER_BOUND('',#6889,.T.);
#6891=CARTESIAN_POINT('',(428.,-165.,309.));
#6892=DIRECTION('',(0.,0.,-1.));
#6893=DIRECTION('',(-0.13053,0.99144,0.));
#6894=AXIS2_PLACEMENT_3D('',#6891,#6892,#6893);
#6895=PLANE('',#6894);
#6896=ADVANCED_FACE('',(#6890),#6895,.T.);
#6897=ORIENTED_EDGE('',*,*,#6388,.T.);
#6898=DIRECTION('',(-0.86603,-0.5,0.));
#6899=VECTOR('',#6898,2.);
#6900=LINE('',#5185,#6899);
#6901=EDGE_CURVE('',#5186,#6379,#6900,.T.);
#6902=ORIENTED_EDGE('',*,*,#6901,.F.);
#6903=ORIENTED_EDGE('',*,*,#5190,.F.);
#6904=ORIENTED_EDGE('',*,*,#6881,.T.);
#6905=EDGE_LOOP('',(#6897,#6902,#6903,#6904));
#6906=FACE_OUTER_BOUND('',#6905,.T.);
#6907=CARTESIAN_POINT('',(427.72741,-162.92945,309.));
#6908=DIRECTION('',(0.,0.,-1.));
#6909=DIRECTION('',(-0.38268,0.92388,0.));
#6910=AXIS2_PLACEMENT_3D('',#6907,#6908,#6909);
#6911=PLANE('',#6910);
#6912=ADVANCED_FACE('',(#6906),#6911,.T.);
#6913=ORIENTED_EDGE('',*,*,#6410,.T.);
#6914=DIRECTION('',(-0.70711,-0.70711,0.));
#6915=VECTOR('',#6914,2.);
#6916=LINE('',#5213,#6915);
#6917=EDGE_CURVE('',#5214,#6401,#6916,.T.);
#6918=ORIENTED_EDGE('',*,*,#6917,.F.);
#6919=ORIENTED_EDGE('',*,*,#5218,.F.);
#6920=ORIENTED_EDGE('',*,*,#6901,.T.);
#6921=EDGE_LOOP('',(#6913,#6918,#6919,#6920));
#6922=FACE_OUTER_BOUND('',#6921,.T.);
#6923=CARTESIAN_POINT('',(426.9282,-161.,309.));
#6924=DIRECTION('',(0.,0.,-1.));
#6925=DIRECTION('',(-0.60876,0.79335,0.));
#6926=AXIS2_PLACEMENT_3D('',#6923,#6924,#6925);
#6927=PLANE('',#6926);
#6928=ADVANCED_FACE('',(#6922),#6927,.T.);
#6929=ORIENTED_EDGE('',*,*,#6432,.T.);
#6930=DIRECTION('',(-0.5,-0.86603,0.));
#6931=VECTOR('',#6930,2.);
#6932=LINE('',#5241,#6931);
#6933=EDGE_CURVE('',#5242,#6423,#6932,.T.);
#6934=ORIENTED_EDGE('',*,*,#6933,.F.);
#6935=ORIENTED_EDGE('',*,*,#5246,.F.);
#6936=ORIENTED_EDGE('',*,*,#6917,.T.);
#6937=EDGE_LOOP('',(#6929,#6934,#6935,#6936));
#6938=FACE_OUTER_BOUND('',#6937,.T.);
#6939=CARTESIAN_POINT('',(425.65685,-159.34315,309.));
#6940=DIRECTION('',(0.,0.,-1.));
#6941=DIRECTION('',(-0.79335,0.60876,0.));
#6942=AXIS2_PLACEMENT_3D('',#6939,#6940,#6941);
#6943=PLANE('',#6942);
#6944=ADVANCED_FACE('',(#6938),#6943,.T.);
#6945=ORIENTED_EDGE('',*,*,#6454,.T.);
#6946=DIRECTION('',(-0.25882,-0.96593,0.));
#6947=VECTOR('',#6946,2.);
#6948=LINE('',#5269,#6947);
#6949=EDGE_CURVE('',#5270,#6445,#6948,.T.);
#6950=ORIENTED_EDGE('',*,*,#6949,.F.);
#6951=ORIENTED_EDGE('',*,*,#5274,.F.);
#6952=ORIENTED_EDGE('',*,*,#6933,.T.);
#6953=EDGE_LOOP('',(#6945,#6950,#6951,#6952));
#6954=FACE_OUTER_BOUND('',#6953,.T.);
#6955=CARTESIAN_POINT('',(424.,-158.0718,309.));
#6956=DIRECTION('',(0.,0.,-1.));
#6957=DIRECTION('',(-0.92388,0.38268,0.));
#6958=AXIS2_PLACEMENT_3D('',#6955,#6956,#6957);
#6959=PLANE('',#6958);
#6960=ADVANCED_FACE('',(#6954),#6959,.T.);
#6961=ORIENTED_EDGE('',*,*,#6476,.T.);
#6962=DIRECTION('',(0.,-1.,0.));
#6963=VECTOR('',#6962,2.);
#6964=LINE('',#5297,#6963);
#6965=EDGE_CURVE('',#5298,#6467,#6964,.T.);
#6966=ORIENTED_EDGE('',*,*,#6965,.F.);
#6967=ORIENTED_EDGE('',*,*,#5302,.F.);
#6968=ORIENTED_EDGE('',*,*,#6949,.T.);
#6969=EDGE_LOOP('',(#6961,#6966,#6967,#6968));
#6970=FACE_OUTER_BOUND('',#6969,.T.);
#6971=CARTESIAN_POINT('',(422.07055,-157.27259,309.));
#6972=DIRECTION('',(0.,0.,-1.));
#6973=DIRECTION('',(-0.99144,0.13053,0.));
#6974=AXIS2_PLACEMENT_3D('',#6971,#6972,#6973);
#6975=PLANE('',#6974);
#6976=ADVANCED_FACE('',(#6970),#6975,.T.);
#6977=ORIENTED_EDGE('',*,*,#6498,.T.);
#6978=DIRECTION('',(0.25882,-0.96593,0.));
#6979=VECTOR('',#6978,2.);
#6980=LINE('',#5325,#6979);
#6981=EDGE_CURVE('',#5326,#6489,#6980,.T.);
#6982=ORIENTED_EDGE('',*,*,#6981,.F.);
#6983=ORIENTED_EDGE('',*,*,#5330,.F.);
#6984=ORIENTED_EDGE('',*,*,#6965,.T.);
#6985=EDGE_LOOP('',(#6977,#6982,#6983,#6984));
#6986=FACE_OUTER_BOUND('',#6985,.T.);
#6987=CARTESIAN_POINT('',(420.,-157.,309.));
#6988=DIRECTION('',(0.,0.,-1.));
#6989=DIRECTION('',(-0.99144,-0.13053,0.));
#6990=AXIS2_PLACEMENT_3D('',#6987,#6988,#6989);
#6991=PLANE('',#6990);
#6992=ADVANCED_FACE('',(#6986),#6991,.T.);
#6993=ORIENTED_EDGE('',*,*,#6520,.T.);
#6994=DIRECTION('',(0.5,-0.86603,0.));
#6995=VECTOR('',#6994,2.);
#6996=LINE('',#5353,#6995);
#6997=EDGE_CURVE('',#5354,#6511,#6996,.T.);
#6998=ORIENTED_EDGE('',*,*,#6997,.F.);
#6999=ORIENTED_EDGE('',*,*,#5358,.F.);
#7000=ORIENTED_EDGE('',*,*,#6981,.T.);
#7001=EDGE_LOOP('',(#6993,#6998,#6999,#7000));
#7002=FACE_OUTER_BOUND('',#7001,.T.);
#7003=CARTESIAN_POINT('',(417.92945,-157.27259,309.));
#7004=DIRECTION('',(0.,0.,-1.));
#7005=DIRECTION('',(-0.92388,-0.38268,0.));
#7006=AXIS2_PLACEMENT_3D('',#7003,#7004,#7005);
#7007=PLANE('',#7006);
#7008=ADVANCED_FACE('',(#7002),#7007,.T.);
#7009=ORIENTED_EDGE('',*,*,#6542,.T.);
#7010=DIRECTION('',(0.70711,-0.70711,0.));
#7011=VECTOR('',#7010,2.);
#7012=LINE('',#5381,#7011);
#7013=EDGE_CURVE('',#5382,#6533,#7012,.T.);
#7014=ORIENTED_EDGE('',*,*,#7013,.F.);
#7015=ORIENTED_EDGE('',*,*,#5386,.F.);
#7016=ORIENTED_EDGE('',*,*,#6997,.T.);
#7017=EDGE_LOOP('',(#7009,#7014,#7015,#7016));
#7018=FACE_OUTER_BOUND('',#7017,.T.);
#7019=CARTESIAN_POINT('',(416.,-158.0718,309.));
#7020=DIRECTION('',(0.,0.,-1.));
#7021=DIRECTION('',(-0.79335,-0.60876,0.));
#7022=AXIS2_PLACEMENT_3D('',#7019,#7020,#7021);
#7023=PLANE('',#7022);
#7024=ADVANCED_FACE('',(#7018),#7023,.T.);
#7025=ORIENTED_EDGE('',*,*,#6564,.T.);
#7026=DIRECTION('',(0.86603,-0.5,0.));
#7027=VECTOR('',#7026,2.);
#7028=LINE('',#5409,#7027);
#7029=EDGE_CURVE('',#5410,#6555,#7028,.T.);
#7030=ORIENTED_EDGE('',*,*,#7029,.F.);
#7031=ORIENTED_EDGE('',*,*,#5414,.F.);
#7032=ORIENTED_EDGE('',*,*,#7013,.T.);
#7033=EDGE_LOOP('',(#7025,#7030,#7031,#7032));
#7034=FACE_OUTER_BOUND('',#7033,.T.);
#7035=CARTESIAN_POINT('',(414.34315,-159.34315,309.));
#7036=DIRECTION('',(0.,0.,-1.));
#7037=DIRECTION('',(-0.60876,-0.79335,0.));
#7038=AXIS2_PLACEMENT_3D('',#7035,#7036,#7037);
#7039=PLANE('',#7038);
#7040=ADVANCED_FACE('',(#7034),#7039,.T.);
#7041=ORIENTED_EDGE('',*,*,#6586,.T.);
#7042=DIRECTION('',(0.96593,-0.25882,0.));
#7043=VECTOR('',#7042,2.);
#7044=LINE('',#5437,#7043);
#7045=EDGE_CURVE('',#5438,#6577,#7044,.T.);
#7046=ORIENTED_EDGE('',*,*,#7045,.F.);
#7047=ORIENTED_EDGE('',*,*,#5442,.F.);
#7048=ORIENTED_EDGE('',*,*,#7029,.T.);
#7049=EDGE_LOOP('',(#7041,#7046,#7047,#7048));
#7050=FACE_OUTER_BOUND('',#7049,.T.);
#7051=CARTESIAN_POINT('',(413.0718,-161.,309.));
#7052=DIRECTION('',(0.,0.,-1.));
#7053=DIRECTION('',(-0.38268,-0.92388,0.));
#7054=AXIS2_PLACEMENT_3D('',#7051,#7052,#7053);
#7055=PLANE('',#7054);
#7056=ADVANCED_FACE('',(#7050),#7055,.T.);
#7057=ORIENTED_EDGE('',*,*,#6608,.T.);
#7058=DIRECTION('',(1.,0.,0.));
#7059=VECTOR('',#7058,2.);
#7060=LINE('',#5465,#7059);
#7061=EDGE_CURVE('',#5466,#6599,#7060,.T.);
#7062=ORIENTED_EDGE('',*,*,#7061,.F.);
#7063=ORIENTED_EDGE('',*,*,#5470,.F.);
#7064=ORIENTED_EDGE('',*,*,#7045,.T.);
#7065=EDGE_LOOP('',(#7057,#7062,#7063,#7064));
#7066=FACE_OUTER_BOUND('',#7065,.T.);
#7067=CARTESIAN_POINT('',(412.27259,-162.92945,309.));
#7068=DIRECTION('',(0.,0.,-1.));
#7069=DIRECTION('',(-0.13053,-0.99144,0.));
#7070=AXIS2_PLACEMENT_3D('',#7067,#7068,#7069);
#7071=PLANE('',#7070);
#7072=ADVANCED_FACE('',(#7066),#7071,.T.);
#7073=ORIENTED_EDGE('',*,*,#6630,.T.);
#7074=DIRECTION('',(0.96593,0.25882,0.));
#7075=VECTOR('',#7074,2.);
#7076=LINE('',#5493,#7075);
#7077=EDGE_CURVE('',#5494,#6621,#7076,.T.);
#7078=ORIENTED_EDGE('',*,*,#7077,.F.);
#7079=ORIENTED_EDGE('',*,*,#5498,.F.);
#7080=ORIENTED_EDGE('',*,*,#7061,.T.);
#7081=EDGE_LOOP('',(#7073,#7078,#7079,#7080));
#7082=FACE_OUTER_BOUND('',#7081,.T.);
#7083=CARTESIAN_POINT('',(412.,-165.,309.));
#7084=DIRECTION('',(0.,0.,-1.));
#7085=DIRECTION('',(0.13053,-0.99144,0.));
#7086=AXIS2_PLACEMENT_3D('',#7083,#7084,#7085);
#7087=PLANE('',#7086);
#7088=ADVANCED_FACE('',(#7082),#7087,.T.);
#7089=ORIENTED_EDGE('',*,*,#6652,.T.);
#7090=DIRECTION('',(0.86603,0.5,0.));
#7091=VECTOR('',#7090,2.);
#7092=LINE('',#5521,#7091);
#7093=EDGE_CURVE('',#5522,#6643,#7092,.T.);
#7094=ORIENTED_EDGE('',*,*,#7093,.F.);
#7095=ORIENTED_EDGE('',*,*,#5526,.F.);
#7096=ORIENTED_EDGE('',*,*,#7077,.T.);
#7097=EDGE_LOOP('',(#7089,#7094,#7095,#7096));
#7098=FACE_OUTER_BOUND('',#7097,.T.);
#7099=CARTESIAN_POINT('',(412.27259,-167.07055,309.));
#7100=DIRECTION('',(0.,0.,-1.));
#7101=DIRECTION('',(0.38268,-0.92388,0.));
#7102=AXIS2_PLACEMENT_3D('',#7099,#7100,#7101);
#7103=PLANE('',#7102);
#7104=ADVANCED_FACE('',(#7098),#7103,.T.);
#7105=ORIENTED_EDGE('',*,*,#6674,.T.);
#7106=DIRECTION('',(0.70711,0.70711,0.));
#7107=VECTOR('',#7106,2.);
#7108=LINE('',#5549,#7107);
#7109=EDGE_CURVE('',#5550,#6665,#7108,.T.);
#7110=ORIENTED_EDGE('',*,*,#7109,.F.);
#7111=ORIENTED_EDGE('',*,*,#5554,.F.);
#7112=ORIENTED_EDGE('',*,*,#7093,.T.);
#7113=EDGE_LOOP('',(#7105,#7110,#7111,#7112));
#7114=FACE_OUTER_BOUND('',#7113,.T.);
#7115=CARTESIAN_POINT('',(413.0718,-169.,309.));
#7116=DIRECTION('',(0.,0.,-1.));
#7117=DIRECTION('',(0.60876,-0.79335,0.));
#7118=AXIS2_PLACEMENT_3D('',#7115,#7116,#7117);
#7119=PLANE('',#7118);
#7120=ADVANCED_FACE('',(#7114),#7119,.T.);
#7121=ORIENTED_EDGE('',*,*,#6696,.T.);
#7122=DIRECTION('',(0.5,0.86603,0.));
#7123=VECTOR('',#7122,2.);
#7124=LINE('',#5577,#7123);
#7125=EDGE_CURVE('',#5578,#6687,#7124,.T.);
#7126=ORIENTED_EDGE('',*,*,#7125,.F.);
#7127=ORIENTED_EDGE('',*,*,#5582,.F.);
#7128=ORIENTED_EDGE('',*,*,#7109,.T.);
#7129=EDGE_LOOP('',(#7121,#7126,#7127,#7128));
#7130=FACE_OUTER_BOUND('',#7129,.T.);
#7131=CARTESIAN_POINT('',(414.34315,-170.65685,309.));
#7132=DIRECTION('',(0.,0.,-1.));
#7133=DIRECTION('',(0.79335,-0.60876,0.));
#7134=AXIS2_PLACEMENT_3D('',#7131,#7132,#7133);
#7135=PLANE('',#7134);
#7136=ADVANCED_FACE('',(#7130),#7135,.T.);
#7137=ORIENTED_EDGE('',*,*,#6718,.T.);
#7138=DIRECTION('',(0.25882,0.96593,0.));
#7139=VECTOR('',#7138,2.);
#7140=LINE('',#5605,#7139);
#7141=EDGE_CURVE('',#5606,#6709,#7140,.T.);
#7142=ORIENTED_EDGE('',*,*,#7141,.F.);
#7143=ORIENTED_EDGE('',*,*,#5610,.F.);
#7144=ORIENTED_EDGE('',*,*,#7125,.T.);
#7145=EDGE_LOOP('',(#7137,#7142,#7143,#7144));
#7146=FACE_OUTER_BOUND('',#7145,.T.);
#7147=CARTESIAN_POINT('',(416.,-171.9282,309.));
#7148=DIRECTION('',(0.,0.,-1.));
#7149=DIRECTION('',(0.92388,-0.38268,0.));
#7150=AXIS2_PLACEMENT_3D('',#7147,#7148,#7149);
#7151=PLANE('',#7150);
#7152=ADVANCED_FACE('',(#7146),#7151,.T.);
#7153=ORIENTED_EDGE('',*,*,#6740,.T.);
#7154=DIRECTION('',(0.,1.,0.));
#7155=VECTOR('',#7154,2.);
#7156=LINE('',#5633,#7155);
#7157=EDGE_CURVE('',#5634,#6731,#7156,.T.);
#7158=ORIENTED_EDGE('',*,*,#7157,.F.);
#7159=ORIENTED_EDGE('',*,*,#5638,.F.);
#7160=ORIENTED_EDGE('',*,*,#7141,.T.);
#7161=EDGE_LOOP('',(#7153,#7158,#7159,#7160));
#7162=FACE_OUTER_BOUND('',#7161,.T.);
#7163=CARTESIAN_POINT('',(417.92945,-172.72741,309.));
#7164=DIRECTION('',(0.,0.,-1.));
#7165=DIRECTION('',(0.99144,-0.13053,0.));
#7166=AXIS2_PLACEMENT_3D('',#7163,#7164,#7165);
#7167=PLANE('',#7166);
#7168=ADVANCED_FACE('',(#7162),#7167,.T.);
#7169=ORIENTED_EDGE('',*,*,#6762,.T.);
#7170=DIRECTION('',(-0.25882,0.96593,0.));
#7171=VECTOR('',#7170,2.);
#7172=LINE('',#5661,#7171);
#7173=EDGE_CURVE('',#5662,#6753,#7172,.T.);
#7174=ORIENTED_EDGE('',*,*,#7173,.F.);
#7175=ORIENTED_EDGE('',*,*,#5666,.F.);
#7176=ORIENTED_EDGE('',*,*,#7157,.T.);
#7177=EDGE_LOOP('',(#7169,#7174,#7175,#7176));
#7178=FACE_OUTER_BOUND('',#7177,.T.);
#7179=CARTESIAN_POINT('',(420.,-173.,309.));
#7180=DIRECTION('',(0.,0.,-1.));
#7181=DIRECTION('',(0.99144,0.13053,0.));
#7182=AXIS2_PLACEMENT_3D('',#7179,#7180,#7181);
#7183=PLANE('',#7182);
#7184=ADVANCED_FACE('',(#7178),#7183,.T.);
#7185=ORIENTED_EDGE('',*,*,#6784,.T.);
#7186=DIRECTION('',(-0.5,0.86603,0.));
#7187=VECTOR('',#7186,2.);
#7188=LINE('',#5689,#7187);
#7189=EDGE_CURVE('',#5690,#6775,#7188,.T.);
#7190=ORIENTED_EDGE('',*,*,#7189,.F.);
#7191=ORIENTED_EDGE('',*,*,#5694,.F.);
#7192=ORIENTED_EDGE('',*,*,#7173,.T.);
#7193=EDGE_LOOP('',(#7185,#7190,#7191,#7192));
#7194=FACE_OUTER_BOUND('',#7193,.T.);
#7195=CARTESIAN_POINT('',(422.07055,-172.72741,309.));
#7196=DIRECTION('',(0.,0.,-1.));
#7197=DIRECTION('',(0.92388,0.38268,0.));
#7198=AXIS2_PLACEMENT_3D('',#7195,#7196,#7197);
#7199=PLANE('',#7198);
#7200=ADVANCED_FACE('',(#7194),#7199,.T.);
#7201=ORIENTED_EDGE('',*,*,#6806,.T.);
#7202=DIRECTION('',(-0.70711,0.70711,0.));
#7203=VECTOR('',#7202,2.);
#7204=LINE('',#5717,#7203);
#7205=EDGE_CURVE('',#5718,#6797,#7204,.T.);
#7206=ORIENTED_EDGE('',*,*,#7205,.F.);
#7207=ORIENTED_EDGE('',*,*,#5722,.F.);
#7208=ORIENTED_EDGE('',*,*,#7189,.T.);
#7209=EDGE_LOOP('',(#7201,#7206,#7207,#7208));
#7210=FACE_OUTER_BOUND('',#7209,.T.);
#7211=CARTESIAN_POINT('',(424.,-171.9282,309.));
#7212=DIRECTION('',(0.,0.,-1.));
#7213=DIRECTION('',(0.79335,0.60876,0.));
#7214=AXIS2_PLACEMENT_3D('',#7211,#7212,#7213);
#7215=PLANE('',#7214);
#7216=ADVANCED_FACE('',(#7210),#7215,.T.);
#7217=ORIENTED_EDGE('',*,*,#6828,.T.);
#7218=DIRECTION('',(-0.86603,0.5,0.));
#7219=VECTOR('',#7218,2.);
#7220=LINE('',#5745,#7219);
#7221=EDGE_CURVE('',#5746,#6819,#7220,.T.);
#7222=ORIENTED_EDGE('',*,*,#7221,.F.);
#7223=ORIENTED_EDGE('',*,*,#5750,.F.);
#7224=ORIENTED_EDGE('',*,*,#7205,.T.);
#7225=EDGE_LOOP('',(#7217,#7222,#7223,#7224));
#7226=FACE_OUTER_BOUND('',#7225,.T.);
#7227=CARTESIAN_POINT('',(425.65685,-170.65685,309.));
#7228=DIRECTION('',(0.,0.,-1.));
#7229=DIRECTION('',(0.60876,0.79335,0.));
#7230=AXIS2_PLACEMENT_3D('',#7227,#7228,#7229);
#7231=PLANE('',#7230);
#7232=ADVANCED_FACE('',(#7226),#7231,.T.);
#7233=ORIENTED_EDGE('',*,*,#6850,.T.);
#7234=DIRECTION('',(-0.96593,0.25882,0.));
#7235=VECTOR('',#7234,2.);
#7236=LINE('',#5773,#7235);
#7237=EDGE_CURVE('',#5774,#6841,#7236,.T.);
#7238=ORIENTED_EDGE('',*,*,#7237,.F.);
#7239=ORIENTED_EDGE('',*,*,#5778,.F.);
#7240=ORIENTED_EDGE('',*,*,#7221,.T.);
#7241=EDGE_LOOP('',(#7233,#7238,#7239,#7240));
#7242=FACE_OUTER_BOUND('',#7241,.T.);
#7243=CARTESIAN_POINT('',(426.9282,-169.,309.));
#7244=DIRECTION('',(0.,0.,-1.));
#7245=DIRECTION('',(0.38268,0.92388,0.));
#7246=AXIS2_PLACEMENT_3D('',#7243,#7244,#7245);
#7247=PLANE('',#7246);
#7248=ADVANCED_FACE('',(#7242),#7247,.T.);
#7249=ORIENTED_EDGE('',*,*,#6866,.F.);
#7250=ORIENTED_EDGE('',*,*,#6887,.F.);
#7251=ORIENTED_EDGE('',*,*,#5804,.T.);
#7252=ORIENTED_EDGE('',*,*,#7237,.T.);
#7253=EDGE_LOOP('',(#7249,#7250,#7251,#7252));
#7254=FACE_OUTER_BOUND('',#7253,.T.);
#7255=CARTESIAN_POINT('',(427.72741,-167.07055,309.));
#7256=DIRECTION('',(0.,0.,-1.));
#7257=DIRECTION('',(0.13053,0.99144,0.));
#7258=AXIS2_PLACEMENT_3D('',#7255,#7256,#7257);
#7259=PLANE('',#7258);
#7260=ADVANCED_FACE('',(#7254),#7259,.T.);
#7261=CLOSED_SHELL('',(#5184,#5212,#5240,#5268,#5296,#5324,#5352,#5380,#5408,#5436,#5464,#5492,#5520,#5548,#5576,#5604,#5632,#5660,#5688,#5716,#5744,#5772,#5800,#5820,#5848,#5870,#5892,#5914,#5936,#5958,#5980,#6002,#6024,#6046,#6068,#6090,#6112,#6134,#6156,#6178,#6200,#6222,#6244,#6266,#6288,#6310,#6332,#6348,#6376,#6398,#6420,#6442,#6464,#6486,#6508,#6530,#6552,#6574,#6596,#6618,#6640,#6662,#6684,#6706,#6728,#6750,#6772,#6794,#6816,#6838,#6860,#6876,#6896,#6912,#6928,#6944,#6960,#6976,#6992,#7008,#7024,#7040,#7056,#7072,#7088,#7104,#7120,#7136,#7152,#7168,#7184,#7200,#7216,#7232,#7248,#7260));
#7262=MANIFOLD_SOLID_BREP('',#7261);
#7263=STYLED_ITEM('color',(#1458),#7262);
#7264=CARTESIAN_POINT('',(406.,-179.,624.84335));
#7265=VERTEX_POINT('',#7264);
#7266=CARTESIAN_POINT('',(406.,-151.,624.84335));
#7267=VERTEX_POINT('',#7266);
#7268=DIRECTION('',(0.,1.,0.));
#7269=VECTOR('',#7268,28.);
#7270=LINE('',#7264,#7269);
#7271=EDGE_CURVE('',#7265,#7267,#7270,.T.);
#7272=ORIENTED_EDGE('',*,*,#7271,.T.);
#7273=CARTESIAN_POINT('',(434.,-151.,624.84335));
#7274=VERTEX_POINT('',#7273);
#7275=DIRECTION('',(-1.,0.,0.));
#7276=VECTOR('',#7275,28.);
#7277=LINE('',#7273,#7276);
#7278=EDGE_CURVE('',#7274,#7267,#7277,.T.);
#7279=ORIENTED_EDGE('',*,*,#7278,.F.);
#7280=CARTESIAN_POINT('',(434.,-179.,624.84335));
#7281=VERTEX_POINT('',#7280);
#7282=DIRECTION('',(0.,1.,0.));
#7283=VECTOR('',#7282,28.);
#7284=LINE('',#7280,#7283);
#7285=EDGE_CURVE('',#7281,#7274,#7284,.T.);
#7286=ORIENTED_EDGE('',*,*,#7285,.F.);
#7287=DIRECTION('',(1.,0.,0.));
#7288=VECTOR('',#7287,28.);
#7289=LINE('',#7264,#7288);
#7290=EDGE_CURVE('',#7265,#7281,#7289,.T.);
#7291=ORIENTED_EDGE('',*,*,#7290,.F.);
#7292=EDGE_LOOP('',(#7272,#7279,#7286,#7291));
#7293=FACE_OUTER_BOUND('',#7292,.T.);
#7294=CARTESIAN_POINT('',(406.,-179.,624.84335));
#7295=DIRECTION('',(0.,0.,-1.));
#7296=DIRECTION('',(0.,1.,0.));
#7297=AXIS2_PLACEMENT_3D('',#7294,#7295,#7296);
#7298=PLANE('',#7297);
#7299=ADVANCED_FACE('',(#7293),#7298,.T.);
#7300=CARTESIAN_POINT('',(406.,-179.,632.34335));
#7301=VERTEX_POINT('',#7300);
#7302=CARTESIAN_POINT('',(434.,-179.,632.34335));
#7303=VERTEX_POINT('',#7302);
#7304=DIRECTION('',(1.,0.,0.));
#7305=VECTOR('',#7304,28.);
#7306=LINE('',#7300,#7305);
#7307=EDGE_CURVE('',#7301,#7303,#7306,.T.);
#7308=ORIENTED_EDGE('',*,*,#7307,.T.);
#7309=CARTESIAN_POINT('',(434.,-151.,632.34335));
#7310=VERTEX_POINT('',#7309);
#7311=DIRECTION('',(0.,1.,0.));
#7312=VECTOR('',#7311,28.);
#7313=LINE('',#7302,#7312);
#7314=EDGE_CURVE('',#7303,#7310,#7313,.T.);
#7315=ORIENTED_EDGE('',*,*,#7314,.T.);
#7316=CARTESIAN_POINT('',(406.,-151.,632.34335));
#7317=VERTEX_POINT('',#7316);
#7318=DIRECTION('',(-1.,0.,0.));
#7319=VECTOR('',#7318,28.);
#7320=LINE('',#7309,#7319);
#7321=EDGE_CURVE('',#7310,#7317,#7320,.T.);
#7322=ORIENTED_EDGE('',*,*,#7321,.T.);
#7323=DIRECTION('',(0.,1.,0.));
#7324=VECTOR('',#7323,28.);
#7325=LINE('',#7300,#7324);
#7326=EDGE_CURVE('',#7301,#7317,#7325,.T.);
#7327=ORIENTED_EDGE('',*,*,#7326,.F.);
#7328=EDGE_LOOP('',(#7308,#7315,#7322,#7327));
#7329=FACE_OUTER_BOUND('',#7328,.T.);
#7330=CARTESIAN_POINT('',(406.,-179.,632.34335));
#7331=DIRECTION('',(0.,0.,1.));
#7332=DIRECTION('',(1.,0.,0.));
#7333=AXIS2_PLACEMENT_3D('',#7330,#7331,#7332);
#7334=PLANE('',#7333);
#7335=ADVANCED_FACE('',(#7329),#7334,.T.);
#7336=ORIENTED_EDGE('',*,*,#7290,.T.);
#7337=DIRECTION('',(0.,0.,1.));
#7338=VECTOR('',#7337,7.5);
#7339=LINE('',#7280,#7338);
#7340=EDGE_CURVE('',#7281,#7303,#7339,.T.);
#7341=ORIENTED_EDGE('',*,*,#7340,.T.);
#7342=ORIENTED_EDGE('',*,*,#7307,.F.);
#7343=DIRECTION('',(0.,0.,1.));
#7344=VECTOR('',#7343,7.5);
#7345=LINE('',#7264,#7344);
#7346=EDGE_CURVE('',#7265,#7301,#7345,.T.);
#7347=ORIENTED_EDGE('',*,*,#7346,.F.);
#7348=EDGE_LOOP('',(#7336,#7341,#7342,#7347));
#7349=FACE_OUTER_BOUND('',#7348,.T.);
#7350=CARTESIAN_POINT('',(406.,-179.,624.84335));
#7351=DIRECTION('',(0.,-1.,0.));
#7352=DIRECTION('',(1.,0.,0.));
#7353=AXIS2_PLACEMENT_3D('',#7350,#7351,#7352);
#7354=PLANE('',#7353);
#7355=ADVANCED_FACE('',(#7349),#7354,.T.);
#7356=ORIENTED_EDGE('',*,*,#7285,.T.);
#7357=DIRECTION('',(0.,0.,1.));
#7358=VECTOR('',#7357,7.5);
#7359=LINE('',#7273,#7358);
#7360=EDGE_CURVE('',#7274,#7310,#7359,.T.);
#7361=ORIENTED_EDGE('',*,*,#7360,.T.);
#7362=ORIENTED_EDGE('',*,*,#7314,.F.);
#7363=ORIENTED_EDGE('',*,*,#7340,.F.);
#7364=EDGE_LOOP('',(#7356,#7361,#7362,#7363));
#7365=FACE_OUTER_BOUND('',#7364,.T.);
#7366=CARTESIAN_POINT('',(434.,-179.,624.84335));
#7367=DIRECTION('',(1.,0.,0.));
#7368=DIRECTION('',(0.,1.,0.));
#7369=AXIS2_PLACEMENT_3D('',#7366,#7367,#7368);
#7370=PLANE('',#7369);
#7371=ADVANCED_FACE('',(#7365),#7370,.T.);
#7372=ORIENTED_EDGE('',*,*,#7278,.T.);
#7373=DIRECTION('',(0.,0.,1.));
#7374=VECTOR('',#7373,7.5);
#7375=LINE('',#7266,#7374);
#7376=EDGE_CURVE('',#7267,#7317,#7375,.T.);
#7377=ORIENTED_EDGE('',*,*,#7376,.T.);
#7378=ORIENTED_EDGE('',*,*,#7321,.F.);
#7379=ORIENTED_EDGE('',*,*,#7360,.F.);
#7380=EDGE_LOOP('',(#7372,#7377,#7378,#7379));
#7381=FACE_OUTER_BOUND('',#7380,.T.);
#7382=CARTESIAN_POINT('',(434.,-151.,624.84335));
#7383=DIRECTION('',(0.,1.,0.));
#7384=DIRECTION('',(-1.,0.,0.));
#7385=AXIS2_PLACEMENT_3D('',#7382,#7383,#7384);
#7386=PLANE('',#7385);
#7387=ADVANCED_FACE('',(#7381),#7386,.T.);
#7388=ORIENTED_EDGE('',*,*,#7271,.F.);
#7389=ORIENTED_EDGE('',*,*,#7346,.T.);
#7390=ORIENTED_EDGE('',*,*,#7326,.T.);
#7391=ORIENTED_EDGE('',*,*,#7376,.F.);
#7392=EDGE_LOOP('',(#7388,#7389,#7390,#7391));
#7393=FACE_OUTER_BOUND('',#7392,.T.);
#7394=CARTESIAN_POINT('',(406.,-151.,624.84335));
#7395=DIRECTION('',(-1.,0.,0.));
#7396=DIRECTION('',(0.,-1.,0.));
#7397=AXIS2_PLACEMENT_3D('',#7394,#7395,#7396);
#7398=PLANE('',#7397);
#7399=ADVANCED_FACE('',(#7393),#7398,.T.);
#7400=CLOSED_SHELL('',(#7299,#7335,#7355,#7371,#7387,#7399));
#7401=MANIFOLD_SOLID_BREP('',#7400);
#7402=STYLED_ITEM('color',(#1458),#7401);
#7403=CARTESIAN_POINT('',(804.,146.5,303.));
#7404=VERTEX_POINT('',#7403);
#7405=CARTESIAN_POINT('',(807.18198,147.81802,303.));
#7406=VERTEX_POINT('',#7405);
#7407=DIRECTION('',(0.92388,0.38268,0.));
#7408=VECTOR('',#7407,3.44415);
#7409=LINE('',#7403,#7408);
#7410=EDGE_CURVE('',#7404,#7406,#7409,.T.);
#7411=ORIENTED_EDGE('',*,*,#7410,.T.);
#7412=CARTESIAN_POINT('',(807.93198,147.06802,303.43934));
#7413=VERTEX_POINT('',#7412);
#7414=DIRECTION('',(0.65328,-0.65328,0.38268));
#7415=VECTOR('',#7414,1.14805);
#7416=LINE('',#7405,#7415);
#7417=EDGE_CURVE('',#7406,#7413,#7416,.T.);
#7418=ORIENTED_EDGE('',*,*,#7417,.T.);
#7419=CARTESIAN_POINT('',(804.,145.43934,303.43934));
#7420=VERTEX_POINT('',#7419);
#7421=DIRECTION('',(0.92388,0.38268,0.));
#7422=VECTOR('',#7421,4.25595);
#7423=LINE('',#7419,#7422);
#7424=EDGE_CURVE('',#7420,#7413,#7423,.T.);
#7425=ORIENTED_EDGE('',*,*,#7424,.F.);
#7426=DIRECTION('',(0.,-0.92388,0.38268));
#7427=VECTOR('',#7426,1.14805);
#7428=LINE('',#7403,#7427);
#7429=EDGE_CURVE('',#7404,#7420,#7428,.T.);
#7430=ORIENTED_EDGE('',*,*,#7429,.F.);
#7431=EDGE_LOOP('',(#7411,#7418,#7425,#7430));
#7432=FACE_OUTER_BOUND('',#7431,.T.);
#7433=CARTESIAN_POINT('',(804.,146.5,303.));
#7434=DIRECTION('',(0.15656,-0.37796,-0.91249));
#7435=DIRECTION('',(0.92388,0.38268,0.));
#7436=AXIS2_PLACEMENT_3D('',#7433,#7434,#7435);
#7437=PLANE('',#7436);
#7438=ADVANCED_FACE('',(#7432),#7437,.T.);
#7439=CARTESIAN_POINT('',(808.5,151.,303.));
#7440=VERTEX_POINT('',#7439);
#7441=DIRECTION('',(0.38268,0.92388,0.));
#7442=VECTOR('',#7441,3.44415);
#7443=LINE('',#7405,#7442);
#7444=EDGE_CURVE('',#7406,#7440,#7443,.T.);
#7445=ORIENTED_EDGE('',*,*,#7444,.T.);
#7446=CARTESIAN_POINT('',(809.56066,151.,303.43934));
#7447=VERTEX_POINT('',#7446);
#7448=DIRECTION('',(0.92388,0.,0.38268));
#7449=VECTOR('',#7448,1.14805);
#7450=LINE('',#7439,#7449);
#7451=EDGE_CURVE('',#7440,#7447,#7450,.T.);
#7452=ORIENTED_EDGE('',*,*,#7451,.T.);
#7453=DIRECTION('',(0.38268,0.92388,0.));
#7454=VECTOR('',#7453,4.25595);
#7455=LINE('',#7412,#7454);
#7456=EDGE_CURVE('',#7413,#7447,#7455,.T.);
#7457=ORIENTED_EDGE('',*,*,#7456,.F.);
#7458=ORIENTED_EDGE('',*,*,#7417,.F.);
#7459=EDGE_LOOP('',(#7445,#7452,#7457,#7458));
#7460=FACE_OUTER_BOUND('',#7459,.T.);
#7461=CARTESIAN_POINT('',(807.18198,147.81802,303.));
#7462=DIRECTION('',(0.37796,-0.15656,-0.91249));
#7463=DIRECTION('',(0.38268,0.92388,0.));
#7464=AXIS2_PLACEMENT_3D('',#7461,#7462,#7463);
#7465=PLANE('',#7464);
#7466=ADVANCED_FACE('',(#7460),#7465,.T.);
#7467=CARTESIAN_POINT('',(808.5,179.,303.));
#7468=VERTEX_POINT('',#7467);
#7469=DIRECTION('',(0.,1.,0.));
#7470=VECTOR('',#7469,28.);
#7471=LINE('',#7439,#7470);
#7472=EDGE_CURVE('',#7440,#7468,#7471,.T.);
#7473=ORIENTED_EDGE('',*,*,#7472,.T.);
#7474=CARTESIAN_POINT('',(809.56066,179.,303.43934));
#7475=VERTEX_POINT('',#7474);
#7476=DIRECTION('',(0.92388,0.,0.38268));
#7477=VECTOR('',#7476,1.14805);
#7478=LINE('',#7467,#7477);
#7479=EDGE_CURVE('',#7468,#7475,#7478,.T.);
#7480=ORIENTED_EDGE('',*,*,#7479,.T.);
#7481=DIRECTION('',(0.,1.,0.));
#7482=VECTOR('',#7481,28.);
#7483=LINE('',#7446,#7482);
#7484=EDGE_CURVE('',#7447,#7475,#7483,.T.);
#7485=ORIENTED_EDGE('',*,*,#7484,.F.);
#7486=ORIENTED_EDGE('',*,*,#7451,.F.);
#7487=EDGE_LOOP('',(#7473,#7480,#7485,#7486));
#7488=FACE_OUTER_BOUND('',#7487,.T.);
#7489=CARTESIAN_POINT('',(808.5,151.,303.));
#7490=DIRECTION('',(0.38268,0.,-0.92388));
#7491=DIRECTION('',(0.,1.,0.));
#7492=AXIS2_PLACEMENT_3D('',#7489,#7490,#7491);
#7493=PLANE('',#7492);
#7494=ADVANCED_FACE('',(#7488),#7493,.T.);
#7495=CARTESIAN_POINT('',(807.18198,182.18198,303.));
#7496=VERTEX_POINT('',#7495);
#7497=DIRECTION('',(-0.38268,0.92388,0.));
#7498=VECTOR('',#7497,3.44415);
#7499=LINE('',#7467,#7498);
#7500=EDGE_CURVE('',#7468,#7496,#7499,.T.);
#7501=ORIENTED_EDGE('',*,*,#7500,.T.);
#7502=CARTESIAN_POINT('',(807.93198,182.93198,303.43934));
#7503=VERTEX_POINT('',#7502);
#7504=DIRECTION('',(0.65328,0.65328,0.38268));
#7505=VECTOR('',#7504,1.14805);
#7506=LINE('',#7495,#7505);
#7507=EDGE_CURVE('',#7496,#7503,#7506,.T.);
#7508=ORIENTED_EDGE('',*,*,#7507,.T.);
#7509=DIRECTION('',(-0.38268,0.92388,0.));
#7510=VECTOR('',#7509,4.25595);
#7511=LINE('',#7474,#7510);
#7512=EDGE_CURVE('',#7475,#7503,#7511,.T.);
#7513=ORIENTED_EDGE('',*,*,#7512,.F.);
#7514=ORIENTED_EDGE('',*,*,#7479,.F.);
#7515=EDGE_LOOP('',(#7501,#7508,#7513,#7514));
#7516=FACE_OUTER_BOUND('',#7515,.T.);
#7517=CARTESIAN_POINT('',(808.5,179.,303.));
#7518=DIRECTION('',(0.37796,0.15656,-0.91249));
#7519=DIRECTION('',(-0.38268,0.92388,0.));
#7520=AXIS2_PLACEMENT_3D('',#7517,#7518,#7519);
#7521=PLANE('',#7520);
#7522=ADVANCED_FACE('',(#7516),#7521,.T.);
#7523=CARTESIAN_POINT('',(804.,183.5,303.));
#7524=VERTEX_POINT('',#7523);
#7525=DIRECTION('',(-0.92388,0.38268,0.));
#7526=VECTOR('',#7525,3.44415);
#7527=LINE('',#7495,#7526);
#7528=EDGE_CURVE('',#7496,#7524,#7527,.T.);
#7529=ORIENTED_EDGE('',*,*,#7528,.T.);
#7530=CARTESIAN_POINT('',(804.,184.56066,303.43934));
#7531=VERTEX_POINT('',#7530);
#7532=DIRECTION('',(0.,0.92388,0.38268));
#7533=VECTOR('',#7532,1.14805);
#7534=LINE('',#7523,#7533);
#7535=EDGE_CURVE('',#7524,#7531,#7534,.T.);
#7536=ORIENTED_EDGE('',*,*,#7535,.T.);
#7537=DIRECTION('',(-0.92388,0.38268,0.));
#7538=VECTOR('',#7537,4.25595);
#7539=LINE('',#7502,#7538);
#7540=EDGE_CURVE('',#7503,#7531,#7539,.T.);
#7541=ORIENTED_EDGE('',*,*,#7540,.F.);
#7542=ORIENTED_EDGE('',*,*,#7507,.F.);
#7543=EDGE_LOOP('',(#7529,#7536,#7541,#7542));
#7544=FACE_OUTER_BOUND('',#7543,.T.);
#7545=CARTESIAN_POINT('',(807.18198,182.18198,303.));
#7546=DIRECTION('',(0.15656,0.37796,-0.91249));
#7547=DIRECTION('',(-0.92388,0.38268,0.));
#7548=AXIS2_PLACEMENT_3D('',#7545,#7546,#7547);
#7549=PLANE('',#7548);
#7550=ADVANCED_FACE('',(#7544),#7549,.T.);
#7551=CARTESIAN_POINT('',(776.,183.5,303.));
#7552=VERTEX_POINT('',#7551);
#7553=DIRECTION('',(-1.,0.,0.));
#7554=VECTOR('',#7553,28.);
#7555=LINE('',#7523,#7554);
#7556=EDGE_CURVE('',#7524,#7552,#7555,.T.);
#7557=ORIENTED_EDGE('',*,*,#7556,.T.);
#7558=CARTESIAN_POINT('',(776.,184.56066,303.43934));
#7559=VERTEX_POINT('',#7558);
#7560=DIRECTION('',(0.,0.92388,0.38268));
#7561=VECTOR('',#7560,1.14805);
#7562=LINE('',#7551,#7561);
#7563=EDGE_CURVE('',#7552,#7559,#7562,.T.);
#7564=ORIENTED_EDGE('',*,*,#7563,.T.);
#7565=DIRECTION('',(-1.,0.,0.));
#7566=VECTOR('',#7565,28.);
#7567=LINE('',#7530,#7566);
#7568=EDGE_CURVE('',#7531,#7559,#7567,.T.);
#7569=ORIENTED_EDGE('',*,*,#7568,.F.);
#7570=ORIENTED_EDGE('',*,*,#7535,.F.);
#7571=EDGE_LOOP('',(#7557,#7564,#7569,#7570));
#7572=FACE_OUTER_BOUND('',#7571,.T.);
#7573=CARTESIAN_POINT('',(804.,183.5,303.));
#7574=DIRECTION('',(0.,0.38268,-0.92388));
#7575=DIRECTION('',(-1.,0.,0.));
#7576=AXIS2_PLACEMENT_3D('',#7573,#7574,#7575);
#7577=PLANE('',#7576);
#7578=ADVANCED_FACE('',(#7572),#7577,.T.);
#7579=CARTESIAN_POINT('',(772.81802,182.18198,303.));
#7580=VERTEX_POINT('',#7579);
#7581=DIRECTION('',(-0.92388,-0.38268,0.));
#7582=VECTOR('',#7581,3.44415);
#7583=LINE('',#7551,#7582);
#7584=EDGE_CURVE('',#7552,#7580,#7583,.T.);
#7585=ORIENTED_EDGE('',*,*,#7584,.T.);
#7586=CARTESIAN_POINT('',(772.06802,182.93198,303.43934));
#7587=VERTEX_POINT('',#7586);
#7588=DIRECTION('',(-0.65328,0.65328,0.38268));
#7589=VECTOR('',#7588,1.14805);
#7590=LINE('',#7579,#7589);
#7591=EDGE_CURVE('',#7580,#7587,#7590,.T.);
#7592=ORIENTED_EDGE('',*,*,#7591,.T.);
#7593=DIRECTION('',(-0.92388,-0.38268,0.));
#7594=VECTOR('',#7593,4.25595);
#7595=LINE('',#7558,#7594);
#7596=EDGE_CURVE('',#7559,#7587,#7595,.T.);
#7597=ORIENTED_EDGE('',*,*,#7596,.F.);
#7598=ORIENTED_EDGE('',*,*,#7563,.F.);
#7599=EDGE_LOOP('',(#7585,#7592,#7597,#7598));
#7600=FACE_OUTER_BOUND('',#7599,.T.);
#7601=CARTESIAN_POINT('',(776.,183.5,303.));
#7602=DIRECTION('',(-0.15656,0.37796,-0.91249));
#7603=DIRECTION('',(-0.92388,-0.38268,0.));
#7604=AXIS2_PLACEMENT_3D('',#7601,#7602,#7603);
#7605=PLANE('',#7604);
#7606=ADVANCED_FACE('',(#7600),#7605,.T.);
#7607=CARTESIAN_POINT('',(771.5,179.,303.));
#7608=VERTEX_POINT('',#7607);
#7609=DIRECTION('',(-0.38268,-0.92388,0.));
#7610=VECTOR('',#7609,3.44415);
#7611=LINE('',#7579,#7610);
#7612=EDGE_CURVE('',#7580,#7608,#7611,.T.);
#7613=ORIENTED_EDGE('',*,*,#7612,.T.);
#7614=CARTESIAN_POINT('',(770.43934,179.,303.43934));
#7615=VERTEX_POINT('',#7614);
#7616=DIRECTION('',(-0.92388,0.,0.38268));
#7617=VECTOR('',#7616,1.14805);
#7618=LINE('',#7607,#7617);
#7619=EDGE_CURVE('',#7608,#7615,#7618,.T.);
#7620=ORIENTED_EDGE('',*,*,#7619,.T.);
#7621=DIRECTION('',(-0.38268,-0.92388,0.));
#7622=VECTOR('',#7621,4.25595);
#7623=LINE('',#7586,#7622);
#7624=EDGE_CURVE('',#7587,#7615,#7623,.T.);
#7625=ORIENTED_EDGE('',*,*,#7624,.F.);
#7626=ORIENTED_EDGE('',*,*,#7591,.F.);
#7627=EDGE_LOOP('',(#7613,#7620,#7625,#7626));
#7628=FACE_OUTER_BOUND('',#7627,.T.);
#7629=CARTESIAN_POINT('',(772.81802,182.18198,303.));
#7630=DIRECTION('',(-0.37796,0.15656,-0.91249));
#7631=DIRECTION('',(-0.38268,-0.92388,0.));
#7632=AXIS2_PLACEMENT_3D('',#7629,#7630,#7631);
#7633=PLANE('',#7632);
#7634=ADVANCED_FACE('',(#7628),#7633,.T.);
#7635=CARTESIAN_POINT('',(771.5,151.,303.));
#7636=VERTEX_POINT('',#7635);
#7637=DIRECTION('',(0.,-1.,0.));
#7638=VECTOR('',#7637,28.);
#7639=LINE('',#7607,#7638);
#7640=EDGE_CURVE('',#7608,#7636,#7639,.T.);
#7641=ORIENTED_EDGE('',*,*,#7640,.T.);
#7642=CARTESIAN_POINT('',(770.43934,151.,303.43934));
#7643=VERTEX_POINT('',#7642);
#7644=DIRECTION('',(-0.92388,0.,0.38268));
#7645=VECTOR('',#7644,1.14805);
#7646=LINE('',#7635,#7645);
#7647=EDGE_CURVE('',#7636,#7643,#7646,.T.);
#7648=ORIENTED_EDGE('',*,*,#7647,.T.);
#7649=DIRECTION('',(0.,-1.,0.));
#7650=VECTOR('',#7649,28.);
#7651=LINE('',#7614,#7650);
#7652=EDGE_CURVE('',#7615,#7643,#7651,.T.);
#7653=ORIENTED_EDGE('',*,*,#7652,.F.);
#7654=ORIENTED_EDGE('',*,*,#7619,.F.);
#7655=EDGE_LOOP('',(#7641,#7648,#7653,#7654));
#7656=FACE_OUTER_BOUND('',#7655,.T.);
#7657=CARTESIAN_POINT('',(771.5,179.,303.));
#7658=DIRECTION('',(-0.38268,0.,-0.92388));
#7659=DIRECTION('',(0.,-1.,0.));
#7660=AXIS2_PLACEMENT_3D('',#7657,#7658,#7659);
#7661=PLANE('',#7660);
#7662=ADVANCED_FACE('',(#7656),#7661,.T.);
#7663=CARTESIAN_POINT('',(772.81802,147.81802,303.));
#7664=VERTEX_POINT('',#7663);
#7665=DIRECTION('',(0.38268,-0.92388,0.));
#7666=VECTOR('',#7665,3.44415);
#7667=LINE('',#7635,#7666);
#7668=EDGE_CURVE('',#7636,#7664,#7667,.T.);
#7669=ORIENTED_EDGE('',*,*,#7668,.T.);
#7670=CARTESIAN_POINT('',(772.06802,147.06802,303.43934));
#7671=VERTEX_POINT('',#7670);
#7672=DIRECTION('',(-0.65328,-0.65328,0.38268));
#7673=VECTOR('',#7672,1.14805);
#7674=LINE('',#7663,#7673);
#7675=EDGE_CURVE('',#7664,#7671,#7674,.T.);
#7676=ORIENTED_EDGE('',*,*,#7675,.T.);
#7677=DIRECTION('',(0.38268,-0.92388,0.));
#7678=VECTOR('',#7677,4.25595);
#7679=LINE('',#7642,#7678);
#7680=EDGE_CURVE('',#7643,#7671,#7679,.T.);
#7681=ORIENTED_EDGE('',*,*,#7680,.F.);
#7682=ORIENTED_EDGE('',*,*,#7647,.F.);
#7683=EDGE_LOOP('',(#7669,#7676,#7681,#7682));
#7684=FACE_OUTER_BOUND('',#7683,.T.);
#7685=CARTESIAN_POINT('',(771.5,151.,303.));
#7686=DIRECTION('',(-0.37796,-0.15656,-0.91249));
#7687=DIRECTION('',(0.38268,-0.92388,0.));
#7688=AXIS2_PLACEMENT_3D('',#7685,#7686,#7687);
#7689=PLANE('',#7688);
#7690=ADVANCED_FACE('',(#7684),#7689,.T.);
#7691=CARTESIAN_POINT('',(776.,146.5,303.));
#7692=VERTEX_POINT('',#7691);
#7693=DIRECTION('',(0.92388,-0.38268,0.));
#7694=VECTOR('',#7693,3.44415);
#7695=LINE('',#7663,#7694);
#7696=EDGE_CURVE('',#7664,#7692,#7695,.T.);
#7697=ORIENTED_EDGE('',*,*,#7696,.T.);
#7698=CARTESIAN_POINT('',(776.,145.43934,303.43934));
#7699=VERTEX_POINT('',#7698);
#7700=DIRECTION('',(0.,-0.92388,0.38268));
#7701=VECTOR('',#7700,1.14805);
#7702=LINE('',#7691,#7701);
#7703=EDGE_CURVE('',#7692,#7699,#7702,.T.);
#7704=ORIENTED_EDGE('',*,*,#7703,.T.);
#7705=DIRECTION('',(0.92388,-0.38268,0.));
#7706=VECTOR('',#7705,4.25595);
#7707=LINE('',#7670,#7706);
#7708=EDGE_CURVE('',#7671,#7699,#7707,.T.);
#7709=ORIENTED_EDGE('',*,*,#7708,.F.);
#7710=ORIENTED_EDGE('',*,*,#7675,.F.);
#7711=EDGE_LOOP('',(#7697,#7704,#7709,#7710));
#7712=FACE_OUTER_BOUND('',#7711,.T.);
#7713=CARTESIAN_POINT('',(772.81802,147.81802,303.));
#7714=DIRECTION('',(-0.15656,-0.37796,-0.91249));
#7715=DIRECTION('',(0.92388,-0.38268,0.));
#7716=AXIS2_PLACEMENT_3D('',#7713,#7714,#7715);
#7717=PLANE('',#7716);
#7718=ADVANCED_FACE('',(#7712),#7717,.T.);
#7719=DIRECTION('',(-1.,0.,0.));
#7720=VECTOR('',#7719,28.);
#7721=LINE('',#7403,#7720);
#7722=EDGE_CURVE('',#7404,#7692,#7721,.T.);
#7723=ORIENTED_EDGE('',*,*,#7722,.F.);
#7724=ORIENTED_EDGE('',*,*,#7429,.T.);
#7725=DIRECTION('',(-1.,0.,0.));
#7726=VECTOR('',#7725,28.);
#7727=LINE('',#7419,#7726);
#7728=EDGE_CURVE('',#7420,#7699,#7727,.T.);
#7729=ORIENTED_EDGE('',*,*,#7728,.T.);
#7730=ORIENTED_EDGE('',*,*,#7703,.F.);
#7731=EDGE_LOOP('',(#7723,#7724,#7729,#7730));
#7732=FACE_OUTER_BOUND('',#7731,.T.);
#7733=CARTESIAN_POINT('',(776.,146.5,303.));
#7734=DIRECTION('',(0.,-0.38268,-0.92388));
#7735=DIRECTION('',(1.,0.,0.));
#7736=AXIS2_PLACEMENT_3D('',#7733,#7734,#7735);
#7737=PLANE('',#7736);
#7738=ADVANCED_FACE('',(#7732),#7737,.T.);
#7739=ORIENTED_EDGE('',*,*,#7424,.T.);
#7740=CARTESIAN_POINT('',(808.24264,146.75736,304.5));
#7741=VERTEX_POINT('',#7740);
#7742=DIRECTION('',(0.2706,-0.2706,0.92388));
#7743=VECTOR('',#7742,1.14805);
#7744=LINE('',#7412,#7743);
#7745=EDGE_CURVE('',#7413,#7741,#7744,.T.);
#7746=ORIENTED_EDGE('',*,*,#7745,.T.);
#7747=CARTESIAN_POINT('',(804.,145.,304.5));
#7748=VERTEX_POINT('',#7747);
#7749=DIRECTION('',(0.92388,0.38268,0.));
#7750=VECTOR('',#7749,4.5922);
#7751=LINE('',#7747,#7750);
#7752=EDGE_CURVE('',#7748,#7741,#7751,.T.);
#7753=ORIENTED_EDGE('',*,*,#7752,.F.);
#7754=DIRECTION('',(0.,-0.38268,0.92388));
#7755=VECTOR('',#7754,1.14805);
#7756=LINE('',#7419,#7755);
#7757=EDGE_CURVE('',#7420,#7748,#7756,.T.);
#7758=ORIENTED_EDGE('',*,*,#7757,.F.);
#7759=EDGE_LOOP('',(#7739,#7746,#7753,#7758));
#7760=FACE_OUTER_BOUND('',#7759,.T.);
#7761=CARTESIAN_POINT('',(804.,145.43934,303.43934));
#7762=DIRECTION('',(0.35741,-0.86286,-0.35741));
#7763=DIRECTION('',(0.92388,0.38268,0.));
#7764=AXIS2_PLACEMENT_3D('',#7761,#7762,#7763);
#7765=PLANE('',#7764);
#7766=ADVANCED_FACE('',(#7760),#7765,.T.);
#7767=ORIENTED_EDGE('',*,*,#7456,.T.);
#7768=CARTESIAN_POINT('',(810.,151.,304.5));
#7769=VERTEX_POINT('',#7768);
#7770=DIRECTION('',(0.38268,0.,0.92388));
#7771=VECTOR('',#7770,1.14805);
#7772=LINE('',#7446,#7771);
#7773=EDGE_CURVE('',#7447,#7769,#7772,.T.);
#7774=ORIENTED_EDGE('',*,*,#7773,.T.);
#7775=DIRECTION('',(0.38268,0.92388,0.));
#7776=VECTOR('',#7775,4.5922);
#7777=LINE('',#7740,#7776);
#7778=EDGE_CURVE('',#7741,#7769,#7777,.T.);
#7779=ORIENTED_EDGE('',*,*,#7778,.F.);
#7780=ORIENTED_EDGE('',*,*,#7745,.F.);
#7781=EDGE_LOOP('',(#7767,#7774,#7779,#7780));
#7782=FACE_OUTER_BOUND('',#7781,.T.);
#7783=CARTESIAN_POINT('',(807.93198,147.06802,303.43934));
#7784=DIRECTION('',(0.86286,-0.35741,-0.35741));
#7785=DIRECTION('',(0.38268,0.92388,0.));
#7786=AXIS2_PLACEMENT_3D('',#7783,#7784,#7785);
#7787=PLANE('',#7786);
#7788=ADVANCED_FACE('',(#7782),#7787,.T.);
#7789=ORIENTED_EDGE('',*,*,#7484,.T.);
#7790=CARTESIAN_POINT('',(810.,179.,304.5));
#7791=VERTEX_POINT('',#7790);
#7792=DIRECTION('',(0.38268,0.,0.92388));
#7793=VECTOR('',#7792,1.14805);
#7794=LINE('',#7474,#7793);
#7795=EDGE_CURVE('',#7475,#7791,#7794,.T.);
#7796=ORIENTED_EDGE('',*,*,#7795,.T.);
#7797=DIRECTION('',(0.,1.,0.));
#7798=VECTOR('',#7797,28.);
#7799=LINE('',#7768,#7798);
#7800=EDGE_CURVE('',#7769,#7791,#7799,.T.);
#7801=ORIENTED_EDGE('',*,*,#7800,.F.);
#7802=ORIENTED_EDGE('',*,*,#7773,.F.);
#7803=EDGE_LOOP('',(#7789,#7796,#7801,#7802));
#7804=FACE_OUTER_BOUND('',#7803,.T.);
#7805=CARTESIAN_POINT('',(809.56066,151.,303.43934));
#7806=DIRECTION('',(0.92388,0.,-0.38268));
#7807=DIRECTION('',(0.,1.,0.));
#7808=AXIS2_PLACEMENT_3D('',#7805,#7806,#7807);
#7809=PLANE('',#7808);
#7810=ADVANCED_FACE('',(#7804),#7809,.T.);
#7811=ORIENTED_EDGE('',*,*,#7512,.T.);
#7812=CARTESIAN_POINT('',(808.24264,183.24264,304.5));
#7813=VERTEX_POINT('',#7812);
#7814=DIRECTION('',(0.2706,0.2706,0.92388));
#7815=VECTOR('',#7814,1.14805);
#7816=LINE('',#7502,#7815);
#7817=EDGE_CURVE('',#7503,#7813,#7816,.T.);
#7818=ORIENTED_EDGE('',*,*,#7817,.T.);
#7819=DIRECTION('',(-0.38268,0.92388,0.));
#7820=VECTOR('',#7819,4.5922);
#7821=LINE('',#7790,#7820);
#7822=EDGE_CURVE('',#7791,#7813,#7821,.T.);
#7823=ORIENTED_EDGE('',*,*,#7822,.F.);
#7824=ORIENTED_EDGE('',*,*,#7795,.F.);
#7825=EDGE_LOOP('',(#7811,#7818,#7823,#7824));
#7826=FACE_OUTER_BOUND('',#7825,.T.);
#7827=CARTESIAN_POINT('',(809.56066,179.,303.43934));
#7828=DIRECTION('',(0.86286,0.35741,-0.35741));
#7829=DIRECTION('',(-0.38268,0.92388,0.));
#7830=AXIS2_PLACEMENT_3D('',#7827,#7828,#7829);
#7831=PLANE('',#7830);
#7832=ADVANCED_FACE('',(#7826),#7831,.T.);
#7833=ORIENTED_EDGE('',*,*,#7540,.T.);
#7834=CARTESIAN_POINT('',(804.,185.,304.5));
#7835=VERTEX_POINT('',#7834);
#7836=DIRECTION('',(0.,0.38268,0.92388));
#7837=VECTOR('',#7836,1.14805);
#7838=LINE('',#7530,#7837);
#7839=EDGE_CURVE('',#7531,#7835,#7838,.T.);
#7840=ORIENTED_EDGE('',*,*,#7839,.T.);
#7841=DIRECTION('',(-0.92388,0.38268,0.));
#7842=VECTOR('',#7841,4.5922);
#7843=LINE('',#7812,#7842);
#7844=EDGE_CURVE('',#7813,#7835,#7843,.T.);
#7845=ORIENTED_EDGE('',*,*,#7844,.F.);
#7846=ORIENTED_EDGE('',*,*,#7817,.F.);
#7847=EDGE_LOOP('',(#7833,#7840,#7845,#7846));
#7848=FACE_OUTER_BOUND('',#7847,.T.);
#7849=CARTESIAN_POINT('',(807.93198,182.93198,303.43934));
#7850=DIRECTION('',(0.35741,0.86286,-0.35741));
#7851=DIRECTION('',(-0.92388,0.38268,0.));
#7852=AXIS2_PLACEMENT_3D('',#7849,#7850,#7851);
#7853=PLANE('',#7852);
#7854=ADVANCED_FACE('',(#7848),#7853,.T.);
#7855=ORIENTED_EDGE('',*,*,#7568,.T.);
#7856=CARTESIAN_POINT('',(776.,185.,304.5));
#7857=VERTEX_POINT('',#7856);
#7858=DIRECTION('',(0.,0.38268,0.92388));
#7859=VECTOR('',#7858,1.14805);
#7860=LINE('',#7558,#7859);
#7861=EDGE_CURVE('',#7559,#7857,#7860,.T.);
#7862=ORIENTED_EDGE('',*,*,#7861,.T.);
#7863=DIRECTION('',(-1.,0.,0.));
#7864=VECTOR('',#7863,28.);
#7865=LINE('',#7834,#7864);
#7866=EDGE_CURVE('',#7835,#7857,#7865,.T.);
#7867=ORIENTED_EDGE('',*,*,#7866,.F.);
#7868=ORIENTED_EDGE('',*,*,#7839,.F.);
#7869=EDGE_LOOP('',(#7855,#7862,#7867,#7868));
#7870=FACE_OUTER_BOUND('',#7869,.T.);
#7871=CARTESIAN_POINT('',(804.,184.56066,303.43934));
#7872=DIRECTION('',(0.,0.92388,-0.38268));
#7873=DIRECTION('',(-1.,0.,0.));
#7874=AXIS2_PLACEMENT_3D('',#7871,#7872,#7873);
#7875=PLANE('',#7874);
#7876=ADVANCED_FACE('',(#7870),#7875,.T.);
#7877=ORIENTED_EDGE('',*,*,#7596,.T.);
#7878=CARTESIAN_POINT('',(771.75736,183.24264,304.5));
#7879=VERTEX_POINT('',#7878);
#7880=DIRECTION('',(-0.2706,0.2706,0.92388));
#7881=VECTOR('',#7880,1.14805);
#7882=LINE('',#7586,#7881);
#7883=EDGE_CURVE('',#7587,#7879,#7882,.T.);
#7884=ORIENTED_EDGE('',*,*,#7883,.T.);
#7885=DIRECTION('',(-0.92388,-0.38268,0.));
#7886=VECTOR('',#7885,4.5922);
#7887=LINE('',#7856,#7886);
#7888=EDGE_CURVE('',#7857,#7879,#7887,.T.);
#7889=ORIENTED_EDGE('',*,*,#7888,.F.);
#7890=ORIENTED_EDGE('',*,*,#7861,.F.);
#7891=EDGE_LOOP('',(#7877,#7884,#7889,#7890));
#7892=FACE_OUTER_BOUND('',#7891,.T.);
#7893=CARTESIAN_POINT('',(776.,184.56066,303.43934));
#7894=DIRECTION('',(-0.35741,0.86286,-0.35741));
#7895=DIRECTION('',(-0.92388,-0.38268,0.));
#7896=AXIS2_PLACEMENT_3D('',#7893,#7894,#7895);
#7897=PLANE('',#7896);
#7898=ADVANCED_FACE('',(#7892),#7897,.T.);
#7899=ORIENTED_EDGE('',*,*,#7624,.T.);
#7900=CARTESIAN_POINT('',(770.,179.,304.5));
#7901=VERTEX_POINT('',#7900);
#7902=DIRECTION('',(-0.38268,0.,0.92388));
#7903=VECTOR('',#7902,1.14805);
#7904=LINE('',#7614,#7903);
#7905=EDGE_CURVE('',#7615,#7901,#7904,.T.);
#7906=ORIENTED_EDGE('',*,*,#7905,.T.);
#7907=DIRECTION('',(-0.38268,-0.92388,0.));
#7908=VECTOR('',#7907,4.5922);
#7909=LINE('',#7878,#7908);
#7910=EDGE_CURVE('',#7879,#7901,#7909,.T.);
#7911=ORIENTED_EDGE('',*,*,#7910,.F.);
#7912=ORIENTED_EDGE('',*,*,#7883,.F.);
#7913=EDGE_LOOP('',(#7899,#7906,#7911,#7912));
#7914=FACE_OUTER_BOUND('',#7913,.T.);
#7915=CARTESIAN_POINT('',(772.06802,182.93198,303.43934));
#7916=DIRECTION('',(-0.86286,0.35741,-0.35741));
#7917=DIRECTION('',(-0.38268,-0.92388,0.));
#7918=AXIS2_PLACEMENT_3D('',#7915,#7916,#7917);
#7919=PLANE('',#7918);
#7920=ADVANCED_FACE('',(#7914),#7919,.T.);
#7921=ORIENTED_EDGE('',*,*,#7652,.T.);
#7922=CARTESIAN_POINT('',(770.,151.,304.5));
#7923=VERTEX_POINT('',#7922);
#7924=DIRECTION('',(-0.38268,0.,0.92388));
#7925=VECTOR('',#7924,1.14805);
#7926=LINE('',#7642,#7925);
#7927=EDGE_CURVE('',#7643,#7923,#7926,.T.);
#7928=ORIENTED_EDGE('',*,*,#7927,.T.);
#7929=DIRECTION('',(0.,-1.,0.));
#7930=VECTOR('',#7929,28.);
#7931=LINE('',#7900,#7930);
#7932=EDGE_CURVE('',#7901,#7923,#7931,.T.);
#7933=ORIENTED_EDGE('',*,*,#7932,.F.);
#7934=ORIENTED_EDGE('',*,*,#7905,.F.);
#7935=EDGE_LOOP('',(#7921,#7928,#7933,#7934));
#7936=FACE_OUTER_BOUND('',#7935,.T.);
#7937=CARTESIAN_POINT('',(770.43934,179.,303.43934));
#7938=DIRECTION('',(-0.92388,0.,-0.38268));
#7939=DIRECTION('',(0.,-1.,0.));
#7940=AXIS2_PLACEMENT_3D('',#7937,#7938,#7939);
#7941=PLANE('',#7940);
#7942=ADVANCED_FACE('',(#7936),#7941,.T.);
#7943=ORIENTED_EDGE('',*,*,#7680,.T.);
#7944=CARTESIAN_POINT('',(771.75736,146.75736,304.5));
#7945=VERTEX_POINT('',#7944);
#7946=DIRECTION('',(-0.2706,-0.2706,0.92388));
#7947=VECTOR('',#7946,1.14805);
#7948=LINE('',#7670,#7947);
#7949=EDGE_CURVE('',#7671,#7945,#7948,.T.);
#7950=ORIENTED_EDGE('',*,*,#7949,.T.);
#7951=DIRECTION('',(0.38268,-0.92388,0.));
#7952=VECTOR('',#7951,4.5922);
#7953=LINE('',#7922,#7952);
#7954=EDGE_CURVE('',#7923,#7945,#7953,.T.);
#7955=ORIENTED_EDGE('',*,*,#7954,.F.);
#7956=ORIENTED_EDGE('',*,*,#7927,.F.);
#7957=EDGE_LOOP('',(#7943,#7950,#7955,#7956));
#7958=FACE_OUTER_BOUND('',#7957,.T.);
#7959=CARTESIAN_POINT('',(770.43934,151.,303.43934));
#7960=DIRECTION('',(-0.86286,-0.35741,-0.35741));
#7961=DIRECTION('',(0.38268,-0.92388,0.));
#7962=AXIS2_PLACEMENT_3D('',#7959,#7960,#7961);
#7963=PLANE('',#7962);
#7964=ADVANCED_FACE('',(#7958),#7963,.T.);
#7965=ORIENTED_EDGE('',*,*,#7708,.T.);
#7966=CARTESIAN_POINT('',(776.,145.,304.5));
#7967=VERTEX_POINT('',#7966);
#7968=DIRECTION('',(0.,-0.38268,0.92388));
#7969=VECTOR('',#7968,1.14805);
#7970=LINE('',#7698,#7969);
#7971=EDGE_CURVE('',#7699,#7967,#7970,.T.);
#7972=ORIENTED_EDGE('',*,*,#7971,.T.);
#7973=DIRECTION('',(0.92388,-0.38268,0.));
#7974=VECTOR('',#7973,4.5922);
#7975=LINE('',#7944,#7974);
#7976=EDGE_CURVE('',#7945,#7967,#7975,.T.);
#7977=ORIENTED_EDGE('',*,*,#7976,.F.);
#7978=ORIENTED_EDGE('',*,*,#7949,.F.);
#7979=EDGE_LOOP('',(#7965,#7972,#7977,#7978));
#7980=FACE_OUTER_BOUND('',#7979,.T.);
#7981=CARTESIAN_POINT('',(772.06802,147.06802,303.43934));
#7982=DIRECTION('',(-0.35741,-0.86286,-0.35741));
#7983=DIRECTION('',(0.92388,-0.38268,0.));
#7984=AXIS2_PLACEMENT_3D('',#7981,#7982,#7983);
#7985=PLANE('',#7984);
#7986=ADVANCED_FACE('',(#7980),#7985,.T.);
#7987=ORIENTED_EDGE('',*,*,#7728,.F.);
#7988=ORIENTED_EDGE('',*,*,#7757,.T.);
#7989=DIRECTION('',(-1.,0.,0.));
#7990=VECTOR('',#7989,28.);
#7991=LINE('',#7747,#7990);
#7992=EDGE_CURVE('',#7748,#7967,#7991,.T.);
#7993=ORIENTED_EDGE('',*,*,#7992,.T.);
#7994=ORIENTED_EDGE('',*,*,#7971,.F.);
#7995=EDGE_LOOP('',(#7987,#7988,#7993,#7994));
#7996=FACE_OUTER_BOUND('',#7995,.T.);
#7997=CARTESIAN_POINT('',(776.,145.43934,303.43934));
#7998=DIRECTION('',(0.,-0.92388,-0.38268));
#7999=DIRECTION('',(1.,0.,0.));
#8000=AXIS2_PLACEMENT_3D('',#7997,#7998,#7999);
#8001=PLANE('',#8000);
#8002=ADVANCED_FACE('',(#7996),#8001,.T.);
#8003=ORIENTED_EDGE('',*,*,#7752,.T.);
#8004=CARTESIAN_POINT('',(808.24264,146.75736,307.5));
#8005=VERTEX_POINT('',#8004);
#8006=DIRECTION('',(0.,0.,1.));
#8007=VECTOR('',#8006,3.);
#8008=LINE('',#7740,#8007);
#8009=EDGE_CURVE('',#7741,#8005,#8008,.T.);
#8010=ORIENTED_EDGE('',*,*,#8009,.T.);
#8011=CARTESIAN_POINT('',(804.,145.,307.5));
#8012=VERTEX_POINT('',#8011);
#8013=DIRECTION('',(0.92388,0.38268,0.));
#8014=VECTOR('',#8013,4.5922);
#8015=LINE('',#8011,#8014);
#8016=EDGE_CURVE('',#8012,#8005,#8015,.T.);
#8017=ORIENTED_EDGE('',*,*,#8016,.F.);
#8018=DIRECTION('',(0.,0.,1.));
#8019=VECTOR('',#8018,3.);
#8020=LINE('',#7747,#8019);
#8021=EDGE_CURVE('',#7748,#8012,#8020,.T.);
#8022=ORIENTED_EDGE('',*,*,#8021,.F.);
#8023=EDGE_LOOP('',(#8003,#8010,#8017,#8022));
#8024=FACE_OUTER_BOUND('',#8023,.T.);
#8025=CARTESIAN_POINT('',(804.,145.,304.5));
#8026=DIRECTION('',(0.38268,-0.92388,0.));
#8027=DIRECTION('',(0.92388,0.38268,0.));
#8028=AXIS2_PLACEMENT_3D('',#8025,#8026,#8027);
#8029=PLANE('',#8028);
#8030=ADVANCED_FACE('',(#8024),#8029,.T.);
#8031=ORIENTED_EDGE('',*,*,#7778,.T.);
#8032=CARTESIAN_POINT('',(810.,151.,307.5));
#8033=VERTEX_POINT('',#8032);
#8034=DIRECTION('',(0.,0.,1.));
#8035=VECTOR('',#8034,3.);
#8036=LINE('',#7768,#8035);
#8037=EDGE_CURVE('',#7769,#8033,#8036,.T.);
#8038=ORIENTED_EDGE('',*,*,#8037,.T.);
#8039=DIRECTION('',(0.38268,0.92388,0.));
#8040=VECTOR('',#8039,4.5922);
#8041=LINE('',#8004,#8040);
#8042=EDGE_CURVE('',#8005,#8033,#8041,.T.);
#8043=ORIENTED_EDGE('',*,*,#8042,.F.);
#8044=ORIENTED_EDGE('',*,*,#8009,.F.);
#8045=EDGE_LOOP('',(#8031,#8038,#8043,#8044));
#8046=FACE_OUTER_BOUND('',#8045,.T.);
#8047=CARTESIAN_POINT('',(808.24264,146.75736,304.5));
#8048=DIRECTION('',(0.92388,-0.38268,0.));
#8049=DIRECTION('',(0.38268,0.92388,0.));
#8050=AXIS2_PLACEMENT_3D('',#8047,#8048,#8049);
#8051=PLANE('',#8050);
#8052=ADVANCED_FACE('',(#8046),#8051,.T.);
#8053=ORIENTED_EDGE('',*,*,#7800,.T.);
#8054=CARTESIAN_POINT('',(810.,179.,307.5));
#8055=VERTEX_POINT('',#8054);
#8056=DIRECTION('',(0.,0.,1.));
#8057=VECTOR('',#8056,3.);
#8058=LINE('',#7790,#8057);
#8059=EDGE_CURVE('',#7791,#8055,#8058,.T.);
#8060=ORIENTED_EDGE('',*,*,#8059,.T.);
#8061=DIRECTION('',(0.,1.,0.));
#8062=VECTOR('',#8061,28.);
#8063=LINE('',#8032,#8062);
#8064=EDGE_CURVE('',#8033,#8055,#8063,.T.);
#8065=ORIENTED_EDGE('',*,*,#8064,.F.);
#8066=ORIENTED_EDGE('',*,*,#8037,.F.);
#8067=EDGE_LOOP('',(#8053,#8060,#8065,#8066));
#8068=FACE_OUTER_BOUND('',#8067,.T.);
#8069=CARTESIAN_POINT('',(810.,151.,304.5));
#8070=DIRECTION('',(1.,0.,0.));
#8071=DIRECTION('',(0.,1.,0.));
#8072=AXIS2_PLACEMENT_3D('',#8069,#8070,#8071);
#8073=PLANE('',#8072);
#8074=ADVANCED_FACE('',(#8068),#8073,.T.);
#8075=ORIENTED_EDGE('',*,*,#7822,.T.);
#8076=CARTESIAN_POINT('',(808.24264,183.24264,307.5));
#8077=VERTEX_POINT('',#8076);
#8078=DIRECTION('',(0.,0.,1.));
#8079=VECTOR('',#8078,3.);
#8080=LINE('',#7812,#8079);
#8081=EDGE_CURVE('',#7813,#8077,#8080,.T.);
#8082=ORIENTED_EDGE('',*,*,#8081,.T.);
#8083=DIRECTION('',(-0.38268,0.92388,0.));
#8084=VECTOR('',#8083,4.5922);
#8085=LINE('',#8054,#8084);
#8086=EDGE_CURVE('',#8055,#8077,#8085,.T.);
#8087=ORIENTED_EDGE('',*,*,#8086,.F.);
#8088=ORIENTED_EDGE('',*,*,#8059,.F.);
#8089=EDGE_LOOP('',(#8075,#8082,#8087,#8088));
#8090=FACE_OUTER_BOUND('',#8089,.T.);
#8091=CARTESIAN_POINT('',(810.,179.,304.5));
#8092=DIRECTION('',(0.92388,0.38268,0.));
#8093=DIRECTION('',(-0.38268,0.92388,0.));
#8094=AXIS2_PLACEMENT_3D('',#8091,#8092,#8093);
#8095=PLANE('',#8094);
#8096=ADVANCED_FACE('',(#8090),#8095,.T.);
#8097=ORIENTED_EDGE('',*,*,#7844,.T.);
#8098=CARTESIAN_POINT('',(804.,185.,307.5));
#8099=VERTEX_POINT('',#8098);
#8100=DIRECTION('',(0.,0.,1.));
#8101=VECTOR('',#8100,3.);
#8102=LINE('',#7834,#8101);
#8103=EDGE_CURVE('',#7835,#8099,#8102,.T.);
#8104=ORIENTED_EDGE('',*,*,#8103,.T.);
#8105=DIRECTION('',(-0.92388,0.38268,0.));
#8106=VECTOR('',#8105,4.5922);
#8107=LINE('',#8076,#8106);
#8108=EDGE_CURVE('',#8077,#8099,#8107,.T.);
#8109=ORIENTED_EDGE('',*,*,#8108,.F.);
#8110=ORIENTED_EDGE('',*,*,#8081,.F.);
#8111=EDGE_LOOP('',(#8097,#8104,#8109,#8110));
#8112=FACE_OUTER_BOUND('',#8111,.T.);
#8113=CARTESIAN_POINT('',(808.24264,183.24264,304.5));
#8114=DIRECTION('',(0.38268,0.92388,0.));
#8115=DIRECTION('',(-0.92388,0.38268,0.));
#8116=AXIS2_PLACEMENT_3D('',#8113,#8114,#8115);
#8117=PLANE('',#8116);
#8118=ADVANCED_FACE('',(#8112),#8117,.T.);
#8119=ORIENTED_EDGE('',*,*,#7866,.T.);
#8120=CARTESIAN_POINT('',(776.,185.,307.5));
#8121=VERTEX_POINT('',#8120);
#8122=DIRECTION('',(0.,0.,1.));
#8123=VECTOR('',#8122,3.);
#8124=LINE('',#7856,#8123);
#8125=EDGE_CURVE('',#7857,#8121,#8124,.T.);
#8126=ORIENTED_EDGE('',*,*,#8125,.T.);
#8127=DIRECTION('',(-1.,0.,0.));
#8128=VECTOR('',#8127,28.);
#8129=LINE('',#8098,#8128);
#8130=EDGE_CURVE('',#8099,#8121,#8129,.T.);
#8131=ORIENTED_EDGE('',*,*,#8130,.F.);
#8132=ORIENTED_EDGE('',*,*,#8103,.F.);
#8133=EDGE_LOOP('',(#8119,#8126,#8131,#8132));
#8134=FACE_OUTER_BOUND('',#8133,.T.);
#8135=CARTESIAN_POINT('',(804.,185.,304.5));
#8136=DIRECTION('',(0.,1.,0.));
#8137=DIRECTION('',(-1.,0.,0.));
#8138=AXIS2_PLACEMENT_3D('',#8135,#8136,#8137);
#8139=PLANE('',#8138);
#8140=ADVANCED_FACE('',(#8134),#8139,.T.);
#8141=ORIENTED_EDGE('',*,*,#7888,.T.);
#8142=CARTESIAN_POINT('',(771.75736,183.24264,307.5));
#8143=VERTEX_POINT('',#8142);
#8144=DIRECTION('',(0.,0.,1.));
#8145=VECTOR('',#8144,3.);
#8146=LINE('',#7878,#8145);
#8147=EDGE_CURVE('',#7879,#8143,#8146,.T.);
#8148=ORIENTED_EDGE('',*,*,#8147,.T.);
#8149=DIRECTION('',(-0.92388,-0.38268,0.));
#8150=VECTOR('',#8149,4.5922);
#8151=LINE('',#8120,#8150);
#8152=EDGE_CURVE('',#8121,#8143,#8151,.T.);
#8153=ORIENTED_EDGE('',*,*,#8152,.F.);
#8154=ORIENTED_EDGE('',*,*,#8125,.F.);
#8155=EDGE_LOOP('',(#8141,#8148,#8153,#8154));
#8156=FACE_OUTER_BOUND('',#8155,.T.);
#8157=CARTESIAN_POINT('',(776.,185.,304.5));
#8158=DIRECTION('',(-0.38268,0.92388,0.));
#8159=DIRECTION('',(-0.92388,-0.38268,0.));
#8160=AXIS2_PLACEMENT_3D('',#8157,#8158,#8159);
#8161=PLANE('',#8160);
#8162=ADVANCED_FACE('',(#8156),#8161,.T.);
#8163=ORIENTED_EDGE('',*,*,#7910,.T.);
#8164=CARTESIAN_POINT('',(770.,179.,307.5));
#8165=VERTEX_POINT('',#8164);
#8166=DIRECTION('',(0.,0.,1.));
#8167=VECTOR('',#8166,3.);
#8168=LINE('',#7900,#8167);
#8169=EDGE_CURVE('',#7901,#8165,#8168,.T.);
#8170=ORIENTED_EDGE('',*,*,#8169,.T.);
#8171=DIRECTION('',(-0.38268,-0.92388,0.));
#8172=VECTOR('',#8171,4.5922);
#8173=LINE('',#8142,#8172);
#8174=EDGE_CURVE('',#8143,#8165,#8173,.T.);
#8175=ORIENTED_EDGE('',*,*,#8174,.F.);
#8176=ORIENTED_EDGE('',*,*,#8147,.F.);
#8177=EDGE_LOOP('',(#8163,#8170,#8175,#8176));
#8178=FACE_OUTER_BOUND('',#8177,.T.);
#8179=CARTESIAN_POINT('',(771.75736,183.24264,304.5));
#8180=DIRECTION('',(-0.92388,0.38268,0.));
#8181=DIRECTION('',(-0.38268,-0.92388,0.));
#8182=AXIS2_PLACEMENT_3D('',#8179,#8180,#8181);
#8183=PLANE('',#8182);
#8184=ADVANCED_FACE('',(#8178),#8183,.T.);
#8185=ORIENTED_EDGE('',*,*,#7932,.T.);
#8186=CARTESIAN_POINT('',(770.,151.,307.5));
#8187=VERTEX_POINT('',#8186);
#8188=DIRECTION('',(0.,0.,1.));
#8189=VECTOR('',#8188,3.);
#8190=LINE('',#7922,#8189);
#8191=EDGE_CURVE('',#7923,#8187,#8190,.T.);
#8192=ORIENTED_EDGE('',*,*,#8191,.T.);
#8193=DIRECTION('',(0.,-1.,0.));
#8194=VECTOR('',#8193,28.);
#8195=LINE('',#8164,#8194);
#8196=EDGE_CURVE('',#8165,#8187,#8195,.T.);
#8197=ORIENTED_EDGE('',*,*,#8196,.F.);
#8198=ORIENTED_EDGE('',*,*,#8169,.F.);
#8199=EDGE_LOOP('',(#8185,#8192,#8197,#8198));
#8200=FACE_OUTER_BOUND('',#8199,.T.);
#8201=CARTESIAN_POINT('',(770.,179.,304.5));
#8202=DIRECTION('',(-1.,0.,0.));
#8203=DIRECTION('',(0.,-1.,0.));
#8204=AXIS2_PLACEMENT_3D('',#8201,#8202,#8203);
#8205=PLANE('',#8204);
#8206=ADVANCED_FACE('',(#8200),#8205,.T.);
#8207=ORIENTED_EDGE('',*,*,#7954,.T.);
#8208=CARTESIAN_POINT('',(771.75736,146.75736,307.5));
#8209=VERTEX_POINT('',#8208);
#8210=DIRECTION('',(0.,0.,1.));
#8211=VECTOR('',#8210,3.);
#8212=LINE('',#7944,#8211);
#8213=EDGE_CURVE('',#7945,#8209,#8212,.T.);
#8214=ORIENTED_EDGE('',*,*,#8213,.T.);
#8215=DIRECTION('',(0.38268,-0.92388,0.));
#8216=VECTOR('',#8215,4.5922);
#8217=LINE('',#8186,#8216);
#8218=EDGE_CURVE('',#8187,#8209,#8217,.T.);
#8219=ORIENTED_EDGE('',*,*,#8218,.F.);
#8220=ORIENTED_EDGE('',*,*,#8191,.F.);
#8221=EDGE_LOOP('',(#8207,#8214,#8219,#8220));
#8222=FACE_OUTER_BOUND('',#8221,.T.);
#8223=CARTESIAN_POINT('',(770.,151.,304.5));
#8224=DIRECTION('',(-0.92388,-0.38268,0.));
#8225=DIRECTION('',(0.38268,-0.92388,0.));
#8226=AXIS2_PLACEMENT_3D('',#8223,#8224,#8225);
#8227=PLANE('',#8226);
#8228=ADVANCED_FACE('',(#8222),#8227,.T.);
#8229=ORIENTED_EDGE('',*,*,#7976,.T.);
#8230=CARTESIAN_POINT('',(776.,145.,307.5));
#8231=VERTEX_POINT('',#8230);
#8232=DIRECTION('',(0.,0.,1.));
#8233=VECTOR('',#8232,3.);
#8234=LINE('',#7966,#8233);
#8235=EDGE_CURVE('',#7967,#8231,#8234,.T.);
#8236=ORIENTED_EDGE('',*,*,#8235,.T.);
#8237=DIRECTION('',(0.92388,-0.38268,0.));
#8238=VECTOR('',#8237,4.5922);
#8239=LINE('',#8208,#8238);
#8240=EDGE_CURVE('',#8209,#8231,#8239,.T.);
#8241=ORIENTED_EDGE('',*,*,#8240,.F.);
#8242=ORIENTED_EDGE('',*,*,#8213,.F.);
#8243=EDGE_LOOP('',(#8229,#8236,#8241,#8242));
#8244=FACE_OUTER_BOUND('',#8243,.T.);
#8245=CARTESIAN_POINT('',(771.75736,146.75736,304.5));
#8246=DIRECTION('',(-0.38268,-0.92388,0.));
#8247=DIRECTION('',(0.92388,-0.38268,0.));
#8248=AXIS2_PLACEMENT_3D('',#8245,#8246,#8247);
#8249=PLANE('',#8248);
#8250=ADVANCED_FACE('',(#8244),#8249,.T.);
#8251=ORIENTED_EDGE('',*,*,#7992,.F.);
#8252=ORIENTED_EDGE('',*,*,#8021,.T.);
#8253=DIRECTION('',(-1.,0.,0.));
#8254=VECTOR('',#8253,28.);
#8255=LINE('',#8011,#8254);
#8256=EDGE_CURVE('',#8012,#8231,#8255,.T.);
#8257=ORIENTED_EDGE('',*,*,#8256,.T.);
#8258=ORIENTED_EDGE('',*,*,#8235,.F.);
#8259=EDGE_LOOP('',(#8251,#8252,#8257,#8258));
#8260=FACE_OUTER_BOUND('',#8259,.T.);
#8261=CARTESIAN_POINT('',(776.,145.,304.5));
#8262=DIRECTION('',(0.,-1.,0.));
#8263=DIRECTION('',(1.,0.,0.));
#8264=AXIS2_PLACEMENT_3D('',#8261,#8262,#8263);
#8265=PLANE('',#8264);
#8266=ADVANCED_FACE('',(#8260),#8265,.T.);
#8267=ORIENTED_EDGE('',*,*,#8016,.T.);
#8268=CARTESIAN_POINT('',(807.93198,147.06802,308.56066));
#8269=VERTEX_POINT('',#8268);
#8270=DIRECTION('',(-0.2706,0.2706,0.92388));
#8271=VECTOR('',#8270,1.14805);
#8272=LINE('',#8004,#8271);
#8273=EDGE_CURVE('',#8005,#8269,#8272,.T.);
#8274=ORIENTED_EDGE('',*,*,#8273,.T.);
#8275=CARTESIAN_POINT('',(804.,145.43934,308.56066));
#8276=VERTEX_POINT('',#8275);
#8277=DIRECTION('',(0.92388,0.38268,0.));
#8278=VECTOR('',#8277,4.25595);
#8279=LINE('',#8275,#8278);
#8280=EDGE_CURVE('',#8276,#8269,#8279,.T.);
#8281=ORIENTED_EDGE('',*,*,#8280,.F.);
#8282=DIRECTION('',(0.,0.38268,0.92388));
#8283=VECTOR('',#8282,1.14805);
#8284=LINE('',#8011,#8283);
#8285=EDGE_CURVE('',#8012,#8276,#8284,.T.);
#8286=ORIENTED_EDGE('',*,*,#8285,.F.);
#8287=EDGE_LOOP('',(#8267,#8274,#8281,#8286));
#8288=FACE_OUTER_BOUND('',#8287,.T.);
#8289=CARTESIAN_POINT('',(804.,145.,307.5));
#8290=DIRECTION('',(0.35741,-0.86286,0.35741));
#8291=DIRECTION('',(0.92388,0.38268,0.));
#8292=AXIS2_PLACEMENT_3D('',#8289,#8290,#8291);
#8293=PLANE('',#8292);
#8294=ADVANCED_FACE('',(#8288),#8293,.T.);
#8295=ORIENTED_EDGE('',*,*,#8042,.T.);
#8296=CARTESIAN_POINT('',(809.56066,151.,308.56066));
#8297=VERTEX_POINT('',#8296);
#8298=DIRECTION('',(-0.38268,0.,0.92388));
#8299=VECTOR('',#8298,1.14805);
#8300=LINE('',#8032,#8299);
#8301=EDGE_CURVE('',#8033,#8297,#8300,.T.);
#8302=ORIENTED_EDGE('',*,*,#8301,.T.);
#8303=DIRECTION('',(0.38268,0.92388,0.));
#8304=VECTOR('',#8303,4.25595);
#8305=LINE('',#8268,#8304);
#8306=EDGE_CURVE('',#8269,#8297,#8305,.T.);
#8307=ORIENTED_EDGE('',*,*,#8306,.F.);
#8308=ORIENTED_EDGE('',*,*,#8273,.F.);
#8309=EDGE_LOOP('',(#8295,#8302,#8307,#8308));
#8310=FACE_OUTER_BOUND('',#8309,.T.);
#8311=CARTESIAN_POINT('',(808.24264,146.75736,307.5));
#8312=DIRECTION('',(0.86286,-0.35741,0.35741));
#8313=DIRECTION('',(0.38268,0.92388,0.));
#8314=AXIS2_PLACEMENT_3D('',#8311,#8312,#8313);
#8315=PLANE('',#8314);
#8316=ADVANCED_FACE('',(#8310),#8315,.T.);
#8317=ORIENTED_EDGE('',*,*,#8064,.T.);
#8318=CARTESIAN_POINT('',(809.56066,179.,308.56066));
#8319=VERTEX_POINT('',#8318);
#8320=DIRECTION('',(-0.38268,0.,0.92388));
#8321=VECTOR('',#8320,1.14805);
#8322=LINE('',#8054,#8321);
#8323=EDGE_CURVE('',#8055,#8319,#8322,.T.);
#8324=ORIENTED_EDGE('',*,*,#8323,.T.);
#8325=DIRECTION('',(0.,1.,0.));
#8326=VECTOR('',#8325,28.);
#8327=LINE('',#8296,#8326);
#8328=EDGE_CURVE('',#8297,#8319,#8327,.T.);
#8329=ORIENTED_EDGE('',*,*,#8328,.F.);
#8330=ORIENTED_EDGE('',*,*,#8301,.F.);
#8331=EDGE_LOOP('',(#8317,#8324,#8329,#8330));
#8332=FACE_OUTER_BOUND('',#8331,.T.);
#8333=CARTESIAN_POINT('',(810.,151.,307.5));
#8334=DIRECTION('',(0.92388,0.,0.38268));
#8335=DIRECTION('',(0.,1.,0.));
#8336=AXIS2_PLACEMENT_3D('',#8333,#8334,#8335);
#8337=PLANE('',#8336);
#8338=ADVANCED_FACE('',(#8332),#8337,.T.);
#8339=ORIENTED_EDGE('',*,*,#8086,.T.);
#8340=CARTESIAN_POINT('',(807.93198,182.93198,308.56066));
#8341=VERTEX_POINT('',#8340);
#8342=DIRECTION('',(-0.2706,-0.2706,0.92388));
#8343=VECTOR('',#8342,1.14805);
#8344=LINE('',#8076,#8343);
#8345=EDGE_CURVE('',#8077,#8341,#8344,.T.);
#8346=ORIENTED_EDGE('',*,*,#8345,.T.);
#8347=DIRECTION('',(-0.38268,0.92388,0.));
#8348=VECTOR('',#8347,4.25595);
#8349=LINE('',#8318,#8348);
#8350=EDGE_CURVE('',#8319,#8341,#8349,.T.);
#8351=ORIENTED_EDGE('',*,*,#8350,.F.);
#8352=ORIENTED_EDGE('',*,*,#8323,.F.);
#8353=EDGE_LOOP('',(#8339,#8346,#8351,#8352));
#8354=FACE_OUTER_BOUND('',#8353,.T.);
#8355=CARTESIAN_POINT('',(810.,179.,307.5));
#8356=DIRECTION('',(0.86286,0.35741,0.35741));
#8357=DIRECTION('',(-0.38268,0.92388,0.));
#8358=AXIS2_PLACEMENT_3D('',#8355,#8356,#8357);
#8359=PLANE('',#8358);
#8360=ADVANCED_FACE('',(#8354),#8359,.T.);
#8361=ORIENTED_EDGE('',*,*,#8108,.T.);
#8362=CARTESIAN_POINT('',(804.,184.56066,308.56066));
#8363=VERTEX_POINT('',#8362);
#8364=DIRECTION('',(0.,-0.38268,0.92388));
#8365=VECTOR('',#8364,1.14805);
#8366=LINE('',#8098,#8365);
#8367=EDGE_CURVE('',#8099,#8363,#8366,.T.);
#8368=ORIENTED_EDGE('',*,*,#8367,.T.);
#8369=DIRECTION('',(-0.92388,0.38268,0.));
#8370=VECTOR('',#8369,4.25595);
#8371=LINE('',#8340,#8370);
#8372=EDGE_CURVE('',#8341,#8363,#8371,.T.);
#8373=ORIENTED_EDGE('',*,*,#8372,.F.);
#8374=ORIENTED_EDGE('',*,*,#8345,.F.);
#8375=EDGE_LOOP('',(#8361,#8368,#8373,#8374));
#8376=FACE_OUTER_BOUND('',#8375,.T.);
#8377=CARTESIAN_POINT('',(808.24264,183.24264,307.5));
#8378=DIRECTION('',(0.35741,0.86286,0.35741));
#8379=DIRECTION('',(-0.92388,0.38268,0.));
#8380=AXIS2_PLACEMENT_3D('',#8377,#8378,#8379);
#8381=PLANE('',#8380);
#8382=ADVANCED_FACE('',(#8376),#8381,.T.);
#8383=ORIENTED_EDGE('',*,*,#8130,.T.);
#8384=CARTESIAN_POINT('',(776.,184.56066,308.56066));
#8385=VERTEX_POINT('',#8384);
#8386=DIRECTION('',(0.,-0.38268,0.92388));
#8387=VECTOR('',#8386,1.14805);
#8388=LINE('',#8120,#8387);
#8389=EDGE_CURVE('',#8121,#8385,#8388,.T.);
#8390=ORIENTED_EDGE('',*,*,#8389,.T.);
#8391=DIRECTION('',(-1.,0.,0.));
#8392=VECTOR('',#8391,28.);
#8393=LINE('',#8362,#8392);
#8394=EDGE_CURVE('',#8363,#8385,#8393,.T.);
#8395=ORIENTED_EDGE('',*,*,#8394,.F.);
#8396=ORIENTED_EDGE('',*,*,#8367,.F.);
#8397=EDGE_LOOP('',(#8383,#8390,#8395,#8396));
#8398=FACE_OUTER_BOUND('',#8397,.T.);
#8399=CARTESIAN_POINT('',(804.,185.,307.5));
#8400=DIRECTION('',(0.,0.92388,0.38268));
#8401=DIRECTION('',(-1.,0.,0.));
#8402=AXIS2_PLACEMENT_3D('',#8399,#8400,#8401);
#8403=PLANE('',#8402);
#8404=ADVANCED_FACE('',(#8398),#8403,.T.);
#8405=ORIENTED_EDGE('',*,*,#8152,.T.);
#8406=CARTESIAN_POINT('',(772.06802,182.93198,308.56066));
#8407=VERTEX_POINT('',#8406);
#8408=DIRECTION('',(0.2706,-0.2706,0.92388));
#8409=VECTOR('',#8408,1.14805);
#8410=LINE('',#8142,#8409);
#8411=EDGE_CURVE('',#8143,#8407,#8410,.T.);
#8412=ORIENTED_EDGE('',*,*,#8411,.T.);
#8413=DIRECTION('',(-0.92388,-0.38268,0.));
#8414=VECTOR('',#8413,4.25595);
#8415=LINE('',#8384,#8414);
#8416=EDGE_CURVE('',#8385,#8407,#8415,.T.);
#8417=ORIENTED_EDGE('',*,*,#8416,.F.);
#8418=ORIENTED_EDGE('',*,*,#8389,.F.);
#8419=EDGE_LOOP('',(#8405,#8412,#8417,#8418));
#8420=FACE_OUTER_BOUND('',#8419,.T.);
#8421=CARTESIAN_POINT('',(776.,185.,307.5));
#8422=DIRECTION('',(-0.35741,0.86286,0.35741));
#8423=DIRECTION('',(-0.92388,-0.38268,0.));
#8424=AXIS2_PLACEMENT_3D('',#8421,#8422,#8423);
#8425=PLANE('',#8424);
#8426=ADVANCED_FACE('',(#8420),#8425,.T.);
#8427=ORIENTED_EDGE('',*,*,#8174,.T.);
#8428=CARTESIAN_POINT('',(770.43934,179.,308.56066));
#8429=VERTEX_POINT('',#8428);
#8430=DIRECTION('',(0.38268,0.,0.92388));
#8431=VECTOR('',#8430,1.14805);
#8432=LINE('',#8164,#8431);
#8433=EDGE_CURVE('',#8165,#8429,#8432,.T.);
#8434=ORIENTED_EDGE('',*,*,#8433,.T.);
#8435=DIRECTION('',(-0.38268,-0.92388,0.));
#8436=VECTOR('',#8435,4.25595);
#8437=LINE('',#8406,#8436);
#8438=EDGE_CURVE('',#8407,#8429,#8437,.T.);
#8439=ORIENTED_EDGE('',*,*,#8438,.F.);
#8440=ORIENTED_EDGE('',*,*,#8411,.F.);
#8441=EDGE_LOOP('',(#8427,#8434,#8439,#8440));
#8442=FACE_OUTER_BOUND('',#8441,.T.);
#8443=CARTESIAN_POINT('',(771.75736,183.24264,307.5));
#8444=DIRECTION('',(-0.86286,0.35741,0.35741));
#8445=DIRECTION('',(-0.38268,-0.92388,0.));
#8446=AXIS2_PLACEMENT_3D('',#8443,#8444,#8445);
#8447=PLANE('',#8446);
#8448=ADVANCED_FACE('',(#8442),#8447,.T.);
#8449=ORIENTED_EDGE('',*,*,#8196,.T.);
#8450=CARTESIAN_POINT('',(770.43934,151.,308.56066));
#8451=VERTEX_POINT('',#8450);
#8452=DIRECTION('',(0.38268,0.,0.92388));
#8453=VECTOR('',#8452,1.14805);
#8454=LINE('',#8186,#8453);
#8455=EDGE_CURVE('',#8187,#8451,#8454,.T.);
#8456=ORIENTED_EDGE('',*,*,#8455,.T.);
#8457=DIRECTION('',(0.,-1.,0.));
#8458=VECTOR('',#8457,28.);
#8459=LINE('',#8428,#8458);
#8460=EDGE_CURVE('',#8429,#8451,#8459,.T.);
#8461=ORIENTED_EDGE('',*,*,#8460,.F.);
#8462=ORIENTED_EDGE('',*,*,#8433,.F.);
#8463=EDGE_LOOP('',(#8449,#8456,#8461,#8462));
#8464=FACE_OUTER_BOUND('',#8463,.T.);
#8465=CARTESIAN_POINT('',(770.,179.,307.5));
#8466=DIRECTION('',(-0.92388,0.,0.38268));
#8467=DIRECTION('',(0.,-1.,0.));
#8468=AXIS2_PLACEMENT_3D('',#8465,#8466,#8467);
#8469=PLANE('',#8468);
#8470=ADVANCED_FACE('',(#8464),#8469,.T.);
#8471=ORIENTED_EDGE('',*,*,#8218,.T.);
#8472=CARTESIAN_POINT('',(772.06802,147.06802,308.56066));
#8473=VERTEX_POINT('',#8472);
#8474=DIRECTION('',(0.2706,0.2706,0.92388));
#8475=VECTOR('',#8474,1.14805);
#8476=LINE('',#8208,#8475);
#8477=EDGE_CURVE('',#8209,#8473,#8476,.T.);
#8478=ORIENTED_EDGE('',*,*,#8477,.T.);
#8479=DIRECTION('',(0.38268,-0.92388,0.));
#8480=VECTOR('',#8479,4.25595);
#8481=LINE('',#8450,#8480);
#8482=EDGE_CURVE('',#8451,#8473,#8481,.T.);
#8483=ORIENTED_EDGE('',*,*,#8482,.F.);
#8484=ORIENTED_EDGE('',*,*,#8455,.F.);
#8485=EDGE_LOOP('',(#8471,#8478,#8483,#8484));
#8486=FACE_OUTER_BOUND('',#8485,.T.);
#8487=CARTESIAN_POINT('',(770.,151.,307.5));
#8488=DIRECTION('',(-0.86286,-0.35741,0.35741));
#8489=DIRECTION('',(0.38268,-0.92388,0.));
#8490=AXIS2_PLACEMENT_3D('',#8487,#8488,#8489);
#8491=PLANE('',#8490);
#8492=ADVANCED_FACE('',(#8486),#8491,.T.);
#8493=ORIENTED_EDGE('',*,*,#8240,.T.);
#8494=CARTESIAN_POINT('',(776.,145.43934,308.56066));
#8495=VERTEX_POINT('',#8494);
#8496=DIRECTION('',(0.,0.38268,0.92388));
#8497=VECTOR('',#8496,1.14805);
#8498=LINE('',#8230,#8497);
#8499=EDGE_CURVE('',#8231,#8495,#8498,.T.);
#8500=ORIENTED_EDGE('',*,*,#8499,.T.);
#8501=DIRECTION('',(0.92388,-0.38268,0.));
#8502=VECTOR('',#8501,4.25595);
#8503=LINE('',#8472,#8502);
#8504=EDGE_CURVE('',#8473,#8495,#8503,.T.);
#8505=ORIENTED_EDGE('',*,*,#8504,.F.);
#8506=ORIENTED_EDGE('',*,*,#8477,.F.);
#8507=EDGE_LOOP('',(#8493,#8500,#8505,#8506));
#8508=FACE_OUTER_BOUND('',#8507,.T.);
#8509=CARTESIAN_POINT('',(771.75736,146.75736,307.5));
#8510=DIRECTION('',(-0.35741,-0.86286,0.35741));
#8511=DIRECTION('',(0.92388,-0.38268,0.));
#8512=AXIS2_PLACEMENT_3D('',#8509,#8510,#8511);
#8513=PLANE('',#8512);
#8514=ADVANCED_FACE('',(#8508),#8513,.T.);
#8515=ORIENTED_EDGE('',*,*,#8256,.F.);
#8516=ORIENTED_EDGE('',*,*,#8285,.T.);
#8517=DIRECTION('',(-1.,0.,0.));
#8518=VECTOR('',#8517,28.);
#8519=LINE('',#8275,#8518);
#8520=EDGE_CURVE('',#8276,#8495,#8519,.T.);
#8521=ORIENTED_EDGE('',*,*,#8520,.T.);
#8522=ORIENTED_EDGE('',*,*,#8499,.F.);
#8523=EDGE_LOOP('',(#8515,#8516,#8521,#8522));
#8524=FACE_OUTER_BOUND('',#8523,.T.);
#8525=CARTESIAN_POINT('',(776.,145.,307.5));
#8526=DIRECTION('',(0.,-0.92388,0.38268));
#8527=DIRECTION('',(1.,0.,0.));
#8528=AXIS2_PLACEMENT_3D('',#8525,#8526,#8527);
#8529=PLANE('',#8528);
#8530=ADVANCED_FACE('',(#8524),#8529,.T.);
#8531=ORIENTED_EDGE('',*,*,#8280,.T.);
#8532=CARTESIAN_POINT('',(807.18198,147.81802,309.));
#8533=VERTEX_POINT('',#8532);
#8534=DIRECTION('',(-0.65328,0.65328,0.38268));
#8535=VECTOR('',#8534,1.14805);
#8536=LINE('',#8268,#8535);
#8537=EDGE_CURVE('',#8269,#8533,#8536,.T.);
#8538=ORIENTED_EDGE('',*,*,#8537,.T.);
#8539=CARTESIAN_POINT('',(804.,146.5,309.));
#8540=VERTEX_POINT('',#8539);
#8541=DIRECTION('',(0.92388,0.38268,0.));
#8542=VECTOR('',#8541,3.44415);
#8543=LINE('',#8539,#8542);
#8544=EDGE_CURVE('',#8540,#8533,#8543,.T.);
#8545=ORIENTED_EDGE('',*,*,#8544,.F.);
#8546=DIRECTION('',(0.,0.92388,0.38268));
#8547=VECTOR('',#8546,1.14805);
#8548=LINE('',#8275,#8547);
#8549=EDGE_CURVE('',#8276,#8540,#8548,.T.);
#8550=ORIENTED_EDGE('',*,*,#8549,.F.);
#8551=EDGE_LOOP('',(#8531,#8538,#8545,#8550));
#8552=FACE_OUTER_BOUND('',#8551,.T.);
#8553=CARTESIAN_POINT('',(804.,145.43934,308.56066));
#8554=DIRECTION('',(0.15656,-0.37796,0.91249));
#8555=DIRECTION('',(0.92388,0.38268,0.));
#8556=AXIS2_PLACEMENT_3D('',#8553,#8554,#8555);
#8557=PLANE('',#8556);
#8558=ADVANCED_FACE('',(#8552),#8557,.T.);
#8559=ORIENTED_EDGE('',*,*,#8306,.T.);
#8560=CARTESIAN_POINT('',(808.5,151.,309.));
#8561=VERTEX_POINT('',#8560);
#8562=DIRECTION('',(-0.92388,0.,0.38268));
#8563=VECTOR('',#8562,1.14805);
#8564=LINE('',#8296,#8563);
#8565=EDGE_CURVE('',#8297,#8561,#8564,.T.);
#8566=ORIENTED_EDGE('',*,*,#8565,.T.);
#8567=DIRECTION('',(0.38268,0.92388,0.));
#8568=VECTOR('',#8567,3.44415);
#8569=LINE('',#8532,#8568);
#8570=EDGE_CURVE('',#8533,#8561,#8569,.T.);
#8571=ORIENTED_EDGE('',*,*,#8570,.F.);
#8572=ORIENTED_EDGE('',*,*,#8537,.F.);
#8573=EDGE_LOOP('',(#8559,#8566,#8571,#8572));
#8574=FACE_OUTER_BOUND('',#8573,.T.);
#8575=CARTESIAN_POINT('',(807.93198,147.06802,308.56066));
#8576=DIRECTION('',(0.37796,-0.15656,0.91249));
#8577=DIRECTION('',(0.38268,0.92388,0.));
#8578=AXIS2_PLACEMENT_3D('',#8575,#8576,#8577);
#8579=PLANE('',#8578);
#8580=ADVANCED_FACE('',(#8574),#8579,.T.);
#8581=ORIENTED_EDGE('',*,*,#8328,.T.);
#8582=CARTESIAN_POINT('',(808.5,179.,309.));
#8583=VERTEX_POINT('',#8582);
#8584=DIRECTION('',(-0.92388,0.,0.38268));
#8585=VECTOR('',#8584,1.14805);
#8586=LINE('',#8318,#8585);
#8587=EDGE_CURVE('',#8319,#8583,#8586,.T.);
#8588=ORIENTED_EDGE('',*,*,#8587,.T.);
#8589=DIRECTION('',(0.,1.,0.));
#8590=VECTOR('',#8589,28.);
#8591=LINE('',#8560,#8590);
#8592=EDGE_CURVE('',#8561,#8583,#8591,.T.);
#8593=ORIENTED_EDGE('',*,*,#8592,.F.);
#8594=ORIENTED_EDGE('',*,*,#8565,.F.);
#8595=EDGE_LOOP('',(#8581,#8588,#8593,#8594));
#8596=FACE_OUTER_BOUND('',#8595,.T.);
#8597=CARTESIAN_POINT('',(809.56066,151.,308.56066));
#8598=DIRECTION('',(0.38268,0.,0.92388));
#8599=DIRECTION('',(0.,1.,0.));
#8600=AXIS2_PLACEMENT_3D('',#8597,#8598,#8599);
#8601=PLANE('',#8600);
#8602=ADVANCED_FACE('',(#8596),#8601,.T.);
#8603=ORIENTED_EDGE('',*,*,#8350,.T.);
#8604=CARTESIAN_POINT('',(807.18198,182.18198,309.));
#8605=VERTEX_POINT('',#8604);
#8606=DIRECTION('',(-0.65328,-0.65328,0.38268));
#8607=VECTOR('',#8606,1.14805);
#8608=LINE('',#8340,#8607);
#8609=EDGE_CURVE('',#8341,#8605,#8608,.T.);
#8610=ORIENTED_EDGE('',*,*,#8609,.T.);
#8611=DIRECTION('',(-0.38268,0.92388,0.));
#8612=VECTOR('',#8611,3.44415);
#8613=LINE('',#8582,#8612);
#8614=EDGE_CURVE('',#8583,#8605,#8613,.T.);
#8615=ORIENTED_EDGE('',*,*,#8614,.F.);
#8616=ORIENTED_EDGE('',*,*,#8587,.F.);
#8617=EDGE_LOOP('',(#8603,#8610,#8615,#8616));
#8618=FACE_OUTER_BOUND('',#8617,.T.);
#8619=CARTESIAN_POINT('',(809.56066,179.,308.56066));
#8620=DIRECTION('',(0.37796,0.15656,0.91249));
#8621=DIRECTION('',(-0.38268,0.92388,0.));
#8622=AXIS2_PLACEMENT_3D('',#8619,#8620,#8621);
#8623=PLANE('',#8622);
#8624=ADVANCED_FACE('',(#8618),#8623,.T.);
#8625=ORIENTED_EDGE('',*,*,#8372,.T.);
#8626=CARTESIAN_POINT('',(804.,183.5,309.));
#8627=VERTEX_POINT('',#8626);
#8628=DIRECTION('',(0.,-0.92388,0.38268));
#8629=VECTOR('',#8628,1.14805);
#8630=LINE('',#8362,#8629);
#8631=EDGE_CURVE('',#8363,#8627,#8630,.T.);
#8632=ORIENTED_EDGE('',*,*,#8631,.T.);
#8633=DIRECTION('',(-0.92388,0.38268,0.));
#8634=VECTOR('',#8633,3.44415);
#8635=LINE('',#8604,#8634);
#8636=EDGE_CURVE('',#8605,#8627,#8635,.T.);
#8637=ORIENTED_EDGE('',*,*,#8636,.F.);
#8638=ORIENTED_EDGE('',*,*,#8609,.F.);
#8639=EDGE_LOOP('',(#8625,#8632,#8637,#8638));
#8640=FACE_OUTER_BOUND('',#8639,.T.);
#8641=CARTESIAN_POINT('',(807.93198,182.93198,308.56066));
#8642=DIRECTION('',(0.15656,0.37796,0.91249));
#8643=DIRECTION('',(-0.92388,0.38268,0.));
#8644=AXIS2_PLACEMENT_3D('',#8641,#8642,#8643);
#8645=PLANE('',#8644);
#8646=ADVANCED_FACE('',(#8640),#8645,.T.);
#8647=ORIENTED_EDGE('',*,*,#8394,.T.);
#8648=CARTESIAN_POINT('',(776.,183.5,309.));
#8649=VERTEX_POINT('',#8648);
#8650=DIRECTION('',(0.,-0.92388,0.38268));
#8651=VECTOR('',#8650,1.14805);
#8652=LINE('',#8384,#8651);
#8653=EDGE_CURVE('',#8385,#8649,#8652,.T.);
#8654=ORIENTED_EDGE('',*,*,#8653,.T.);
#8655=DIRECTION('',(-1.,0.,0.));
#8656=VECTOR('',#8655,28.);
#8657=LINE('',#8626,#8656);
#8658=EDGE_CURVE('',#8627,#8649,#8657,.T.);
#8659=ORIENTED_EDGE('',*,*,#8658,.F.);
#8660=ORIENTED_EDGE('',*,*,#8631,.F.);
#8661=EDGE_LOOP('',(#8647,#8654,#8659,#8660));
#8662=FACE_OUTER_BOUND('',#8661,.T.);
#8663=CARTESIAN_POINT('',(804.,184.56066,308.56066));
#8664=DIRECTION('',(0.,0.38268,0.92388));
#8665=DIRECTION('',(-1.,0.,0.));
#8666=AXIS2_PLACEMENT_3D('',#8663,#8664,#8665);
#8667=PLANE('',#8666);
#8668=ADVANCED_FACE('',(#8662),#8667,.T.);
#8669=ORIENTED_EDGE('',*,*,#8416,.T.);
#8670=CARTESIAN_POINT('',(772.81802,182.18198,309.));
#8671=VERTEX_POINT('',#8670);
#8672=DIRECTION('',(0.65328,-0.65328,0.38268));
#8673=VECTOR('',#8672,1.14805);
#8674=LINE('',#8406,#8673);
#8675=EDGE_CURVE('',#8407,#8671,#8674,.T.);
#8676=ORIENTED_EDGE('',*,*,#8675,.T.);
#8677=DIRECTION('',(-0.92388,-0.38268,0.));
#8678=VECTOR('',#8677,3.44415);
#8679=LINE('',#8648,#8678);
#8680=EDGE_CURVE('',#8649,#8671,#8679,.T.);
#8681=ORIENTED_EDGE('',*,*,#8680,.F.);
#8682=ORIENTED_EDGE('',*,*,#8653,.F.);
#8683=EDGE_LOOP('',(#8669,#8676,#8681,#8682));
#8684=FACE_OUTER_BOUND('',#8683,.T.);
#8685=CARTESIAN_POINT('',(776.,184.56066,308.56066));
#8686=DIRECTION('',(-0.15656,0.37796,0.91249));
#8687=DIRECTION('',(-0.92388,-0.38268,0.));
#8688=AXIS2_PLACEMENT_3D('',#8685,#8686,#8687);
#8689=PLANE('',#8688);
#8690=ADVANCED_FACE('',(#8684),#8689,.T.);
#8691=ORIENTED_EDGE('',*,*,#8438,.T.);
#8692=CARTESIAN_POINT('',(771.5,179.,309.));
#8693=VERTEX_POINT('',#8692);
#8694=DIRECTION('',(0.92388,0.,0.38268));
#8695=VECTOR('',#8694,1.14805);
#8696=LINE('',#8428,#8695);
#8697=EDGE_CURVE('',#8429,#8693,#8696,.T.);
#8698=ORIENTED_EDGE('',*,*,#8697,.T.);
#8699=DIRECTION('',(-0.38268,-0.92388,0.));
#8700=VECTOR('',#8699,3.44415);
#8701=LINE('',#8670,#8700);
#8702=EDGE_CURVE('',#8671,#8693,#8701,.T.);
#8703=ORIENTED_EDGE('',*,*,#8702,.F.);
#8704=ORIENTED_EDGE('',*,*,#8675,.F.);
#8705=EDGE_LOOP('',(#8691,#8698,#8703,#8704));
#8706=FACE_OUTER_BOUND('',#8705,.T.);
#8707=CARTESIAN_POINT('',(772.06802,182.93198,308.56066));
#8708=DIRECTION('',(-0.37796,0.15656,0.91249));
#8709=DIRECTION('',(-0.38268,-0.92388,0.));
#8710=AXIS2_PLACEMENT_3D('',#8707,#8708,#8709);
#8711=PLANE('',#8710);
#8712=ADVANCED_FACE('',(#8706),#8711,.T.);
#8713=ORIENTED_EDGE('',*,*,#8460,.T.);
#8714=CARTESIAN_POINT('',(771.5,151.,309.));
#8715=VERTEX_POINT('',#8714);
#8716=DIRECTION('',(0.92388,0.,0.38268));
#8717=VECTOR('',#8716,1.14805);
#8718=LINE('',#8450,#8717);
#8719=EDGE_CURVE('',#8451,#8715,#8718,.T.);
#8720=ORIENTED_EDGE('',*,*,#8719,.T.);
#8721=DIRECTION('',(0.,-1.,0.));
#8722=VECTOR('',#8721,28.);
#8723=LINE('',#8692,#8722);
#8724=EDGE_CURVE('',#8693,#8715,#8723,.T.);
#8725=ORIENTED_EDGE('',*,*,#8724,.F.);
#8726=ORIENTED_EDGE('',*,*,#8697,.F.);
#8727=EDGE_LOOP('',(#8713,#8720,#8725,#8726));
#8728=FACE_OUTER_BOUND('',#8727,.T.);
#8729=CARTESIAN_POINT('',(770.43934,179.,308.56066));
#8730=DIRECTION('',(-0.38268,0.,0.92388));
#8731=DIRECTION('',(0.,-1.,0.));
#8732=AXIS2_PLACEMENT_3D('',#8729,#8730,#8731);
#8733=PLANE('',#8732);
#8734=ADVANCED_FACE('',(#8728),#8733,.T.);
#8735=ORIENTED_EDGE('',*,*,#8482,.T.);
#8736=CARTESIAN_POINT('',(772.81802,147.81802,309.));
#8737=VERTEX_POINT('',#8736);
#8738=DIRECTION('',(0.65328,0.65328,0.38268));
#8739=VECTOR('',#8738,1.14805);
#8740=LINE('',#8472,#8739);
#8741=EDGE_CURVE('',#8473,#8737,#8740,.T.);
#8742=ORIENTED_EDGE('',*,*,#8741,.T.);
#8743=DIRECTION('',(0.38268,-0.92388,0.));
#8744=VECTOR('',#8743,3.44415);
#8745=LINE('',#8714,#8744);
#8746=EDGE_CURVE('',#8715,#8737,#8745,.T.);
#8747=ORIENTED_EDGE('',*,*,#8746,.F.);
#8748=ORIENTED_EDGE('',*,*,#8719,.F.);
#8749=EDGE_LOOP('',(#8735,#8742,#8747,#8748));
#8750=FACE_OUTER_BOUND('',#8749,.T.);
#8751=CARTESIAN_POINT('',(770.43934,151.,308.56066));
#8752=DIRECTION('',(-0.37796,-0.15656,0.91249));
#8753=DIRECTION('',(0.38268,-0.92388,0.));
#8754=AXIS2_PLACEMENT_3D('',#8751,#8752,#8753);
#8755=PLANE('',#8754);
#8756=ADVANCED_FACE('',(#8750),#8755,.T.);
#8757=ORIENTED_EDGE('',*,*,#8504,.T.);
#8758=CARTESIAN_POINT('',(776.,146.5,309.));
#8759=VERTEX_POINT('',#8758);
#8760=DIRECTION('',(0.,0.92388,0.38268));
#8761=VECTOR('',#8760,1.14805);
#8762=LINE('',#8494,#8761);
#8763=EDGE_CURVE('',#8495,#8759,#8762,.T.);
#8764=ORIENTED_EDGE('',*,*,#8763,.T.);
#8765=DIRECTION('',(0.92388,-0.38268,0.));
#8766=VECTOR('',#8765,3.44415);
#8767=LINE('',#8736,#8766);
#8768=EDGE_CURVE('',#8737,#8759,#8767,.T.);
#8769=ORIENTED_EDGE('',*,*,#8768,.F.);
#8770=ORIENTED_EDGE('',*,*,#8741,.F.);
#8771=EDGE_LOOP('',(#8757,#8764,#8769,#8770));
#8772=FACE_OUTER_BOUND('',#8771,.T.);
#8773=CARTESIAN_POINT('',(772.06802,147.06802,308.56066));
#8774=DIRECTION('',(-0.15656,-0.37796,0.91249));
#8775=DIRECTION('',(0.92388,-0.38268,0.));
#8776=AXIS2_PLACEMENT_3D('',#8773,#8774,#8775);
#8777=PLANE('',#8776);
#8778=ADVANCED_FACE('',(#8772),#8777,.T.);
#8779=ORIENTED_EDGE('',*,*,#8520,.F.);
#8780=ORIENTED_EDGE('',*,*,#8549,.T.);
#8781=DIRECTION('',(-1.,0.,0.));
#8782=VECTOR('',#8781,28.);
#8783=LINE('',#8539,#8782);
#8784=EDGE_CURVE('',#8540,#8759,#8783,.T.);
#8785=ORIENTED_EDGE('',*,*,#8784,.T.);
#8786=ORIENTED_EDGE('',*,*,#8763,.F.);
#8787=EDGE_LOOP('',(#8779,#8780,#8785,#8786));
#8788=FACE_OUTER_BOUND('',#8787,.T.);
#8789=CARTESIAN_POINT('',(776.,145.43934,308.56066));
#8790=DIRECTION('',(0.,-0.38268,0.92388));
#8791=DIRECTION('',(1.,0.,0.));
#8792=AXIS2_PLACEMENT_3D('',#8789,#8790,#8791);
#8793=PLANE('',#8792);
#8794=ADVANCED_FACE('',(#8788),#8793,.T.);
#8795=ORIENTED_EDGE('',*,*,#7696,.F.);
#8796=ORIENTED_EDGE('',*,*,#7668,.F.);
#8797=ORIENTED_EDGE('',*,*,#7640,.F.);
#8798=ORIENTED_EDGE('',*,*,#7612,.F.);
#8799=ORIENTED_EDGE('',*,*,#7584,.F.);
#8800=ORIENTED_EDGE('',*,*,#7556,.F.);
#8801=ORIENTED_EDGE('',*,*,#7528,.F.);
#8802=ORIENTED_EDGE('',*,*,#7500,.F.);
#8803=ORIENTED_EDGE('',*,*,#7472,.F.);
#8804=ORIENTED_EDGE('',*,*,#7444,.F.);
#8805=ORIENTED_EDGE('',*,*,#7410,.F.);
#8806=ORIENTED_EDGE('',*,*,#7722,.T.);
#8807=EDGE_LOOP('',(#8795,#8796,#8797,#8798,#8799,#8800,#8801,#8802,#8803,#8804,#8805,#8806));
#8808=FACE_OUTER_BOUND('',#8807,.T.);
#8809=CARTESIAN_POINT('',(776.,146.5,303.));
#8810=DIRECTION('',(0.,0.,-1.));
#8811=DIRECTION('',(-0.92388,0.38268,0.));
#8812=AXIS2_PLACEMENT_3D('',#8809,#8810,#8811);
#8813=PLANE('',#8812);
#8814=ADVANCED_FACE('',(#8808),#8813,.T.);
#8815=ORIENTED_EDGE('',*,*,#8544,.T.);
#8816=ORIENTED_EDGE('',*,*,#8570,.T.);
#8817=ORIENTED_EDGE('',*,*,#8592,.T.);
#8818=ORIENTED_EDGE('',*,*,#8614,.T.);
#8819=ORIENTED_EDGE('',*,*,#8636,.T.);
#8820=ORIENTED_EDGE('',*,*,#8658,.T.);
#8821=ORIENTED_EDGE('',*,*,#8680,.T.);
#8822=ORIENTED_EDGE('',*,*,#8702,.T.);
#8823=ORIENTED_EDGE('',*,*,#8724,.T.);
#8824=ORIENTED_EDGE('',*,*,#8746,.T.);
#8825=ORIENTED_EDGE('',*,*,#8768,.T.);
#8826=ORIENTED_EDGE('',*,*,#8784,.F.);
#8827=EDGE_LOOP('',(#8815,#8816,#8817,#8818,#8819,#8820,#8821,#8822,#8823,#8824,#8825,#8826));
#8828=FACE_OUTER_BOUND('',#8827,.T.);
#8829=CARTESIAN_POINT('',(804.,146.5,309.));
#8830=DIRECTION('',(0.,0.,1.));
#8831=DIRECTION('',(0.92388,0.38268,0.));
#8832=AXIS2_PLACEMENT_3D('',#8829,#8830,#8831);
#8833=PLANE('',#8832);
#8834=ADVANCED_FACE('',(#8828),#8833,.T.);
#8835=CLOSED_SHELL('',(#7438,#7466,#7494,#7522,#7550,#7578,#7606,#7634,#7662,#7690,#7718,#7738,#7766,#7788,#7810,#7832,#7854,#7876,#7898,#7920,#7942,#7964,#7986,#8002,#8030,#8052,#8074,#8096,#8118,#8140,#8162,#8184,#8206,#8228,#8250,#8266,#8294,#8316,#8338,#8360,#8382,#8404,#8426,#8448,#8470,#8492,#8514,#8530,#8558,#8580,#8602,#8624,#8646,#8668,#8690,#8712,#8734,#8756,#8778,#8794,#8814,#8834));
#8836=MANIFOLD_SOLID_BREP('',#8835);
#8837=STYLED_ITEM('color',(#1458),#8836);
#8838=CARTESIAN_POINT('',(800.,165.,309.));
#8839=VERTEX_POINT('',#8838);
#8840=CARTESIAN_POINT('',(799.65926,167.58819,309.));
#8841=VERTEX_POINT('',#8840);
#8842=DIRECTION('',(-0.13053,0.99144,0.));
#8843=VECTOR('',#8842,2.61052);
#8844=LINE('',#8838,#8843);
#8845=EDGE_CURVE('',#8839,#8841,#8844,.T.);
#8846=ORIENTED_EDGE('',*,*,#8845,.T.);
#8847=CARTESIAN_POINT('',(799.65926,167.58819,572.84325));
#8848=VERTEX_POINT('',#8847);
#8849=DIRECTION('',(0.,0.,1.));
#8850=VECTOR('',#8849,263.84325);
#8851=LINE('',#8840,#8850);
#8852=EDGE_CURVE('',#8841,#8848,#8851,.T.);
#8853=ORIENTED_EDGE('',*,*,#8852,.T.);
#8854=CARTESIAN_POINT('',(800.,165.,572.84325));
#8855=VERTEX_POINT('',#8854);
#8856=DIRECTION('',(-0.13053,0.99144,0.));
#8857=VECTOR('',#8856,2.61052);
#8858=LINE('',#8854,#8857);
#8859=EDGE_CURVE('',#8855,#8848,#8858,.T.);
#8860=ORIENTED_EDGE('',*,*,#8859,.F.);
#8861=DIRECTION('',(0.,0.,1.));
#8862=VECTOR('',#8861,263.84325);
#8863=LINE('',#8838,#8862);
#8864=EDGE_CURVE('',#8839,#8855,#8863,.T.);
#8865=ORIENTED_EDGE('',*,*,#8864,.F.);
#8866=EDGE_LOOP('',(#8846,#8853,#8860,#8865));
#8867=FACE_OUTER_BOUND('',#8866,.T.);
#8868=CARTESIAN_POINT('',(800.,165.,309.));
#8869=DIRECTION('',(0.99144,0.13053,0.));
#8870=DIRECTION('',(-0.13053,0.99144,0.));
#8871=AXIS2_PLACEMENT_3D('',#8868,#8869,#8870);
#8872=PLANE('',#8871);
#8873=ADVANCED_FACE('',(#8867),#8872,.T.);
#8874=CARTESIAN_POINT('',(798.66025,170.,309.));
#8875=VERTEX_POINT('',#8874);
#8876=DIRECTION('',(-0.38268,0.92388,0.));
#8877=VECTOR('',#8876,2.61052);
#8878=LINE('',#8840,#8877);
#8879=EDGE_CURVE('',#8841,#8875,#8878,.T.);
#8880=ORIENTED_EDGE('',*,*,#8879,.T.);
#8881=CARTESIAN_POINT('',(798.66025,170.,572.84325));
#8882=VERTEX_POINT('',#8881);
#8883=DIRECTION('',(0.,0.,1.));
#8884=VECTOR('',#8883,263.84325);
#8885=LINE('',#8874,#8884);
#8886=EDGE_CURVE('',#8875,#8882,#8885,.T.);
#8887=ORIENTED_EDGE('',*,*,#8886,.T.);
#8888=DIRECTION('',(-0.38268,0.92388,0.));
#8889=VECTOR('',#8888,2.61052);
#8890=LINE('',#8847,#8889);
#8891=EDGE_CURVE('',#8848,#8882,#8890,.T.);
#8892=ORIENTED_EDGE('',*,*,#8891,.F.);
#8893=ORIENTED_EDGE('',*,*,#8852,.F.);
#8894=EDGE_LOOP('',(#8880,#8887,#8892,#8893));
#8895=FACE_OUTER_BOUND('',#8894,.T.);
#8896=CARTESIAN_POINT('',(799.65926,167.58819,309.));
#8897=DIRECTION('',(0.92388,0.38268,0.));
#8898=DIRECTION('',(-0.38268,0.92388,0.));
#8899=AXIS2_PLACEMENT_3D('',#8896,#8897,#8898);
#8900=PLANE('',#8899);
#8901=ADVANCED_FACE('',(#8895),#8900,.T.);
#8902=CARTESIAN_POINT('',(797.07107,172.07107,309.));
#8903=VERTEX_POINT('',#8902);
#8904=DIRECTION('',(-0.60876,0.79335,0.));
#8905=VECTOR('',#8904,2.61052);
#8906=LINE('',#8874,#8905);
#8907=EDGE_CURVE('',#8875,#8903,#8906,.T.);
#8908=ORIENTED_EDGE('',*,*,#8907,.T.);
#8909=CARTESIAN_POINT('',(797.07107,172.07107,572.84325));
#8910=VERTEX_POINT('',#8909);
#8911=DIRECTION('',(0.,0.,1.));
#8912=VECTOR('',#8911,263.84325);
#8913=LINE('',#8902,#8912);
#8914=EDGE_CURVE('',#8903,#8910,#8913,.T.);
#8915=ORIENTED_EDGE('',*,*,#8914,.T.);
#8916=DIRECTION('',(-0.60876,0.79335,0.));
#8917=VECTOR('',#8916,2.61052);
#8918=LINE('',#8881,#8917);
#8919=EDGE_CURVE('',#8882,#8910,#8918,.T.);
#8920=ORIENTED_EDGE('',*,*,#8919,.F.);
#8921=ORIENTED_EDGE('',*,*,#8886,.F.);
#8922=EDGE_LOOP('',(#8908,#8915,#8920,#8921));
#8923=FACE_OUTER_BOUND('',#8922,.T.);
#8924=CARTESIAN_POINT('',(798.66025,170.,309.));
#8925=DIRECTION('',(0.79335,0.60876,0.));
#8926=DIRECTION('',(-0.60876,0.79335,0.));
#8927=AXIS2_PLACEMENT_3D('',#8924,#8925,#8926);
#8928=PLANE('',#8927);
#8929=ADVANCED_FACE('',(#8923),#8928,.T.);
#8930=CARTESIAN_POINT('',(795.,173.66025,309.));
#8931=VERTEX_POINT('',#8930);
#8932=DIRECTION('',(-0.79335,0.60876,0.));
#8933=VECTOR('',#8932,2.61052);
#8934=LINE('',#8902,#8933);
#8935=EDGE_CURVE('',#8903,#8931,#8934,.T.);
#8936=ORIENTED_EDGE('',*,*,#8935,.T.);
#8937=CARTESIAN_POINT('',(795.,173.66025,572.84325));
#8938=VERTEX_POINT('',#8937);
#8939=DIRECTION('',(0.,0.,1.));
#8940=VECTOR('',#8939,263.84325);
#8941=LINE('',#8930,#8940);
#8942=EDGE_CURVE('',#8931,#8938,#8941,.T.);
#8943=ORIENTED_EDGE('',*,*,#8942,.T.);
#8944=DIRECTION('',(-0.79335,0.60876,0.));
#8945=VECTOR('',#8944,2.61052);
#8946=LINE('',#8909,#8945);
#8947=EDGE_CURVE('',#8910,#8938,#8946,.T.);
#8948=ORIENTED_EDGE('',*,*,#8947,.F.);
#8949=ORIENTED_EDGE('',*,*,#8914,.F.);
#8950=EDGE_LOOP('',(#8936,#8943,#8948,#8949));
#8951=FACE_OUTER_BOUND('',#8950,.T.);
#8952=CARTESIAN_POINT('',(797.07107,172.07107,309.));
#8953=DIRECTION('',(0.60876,0.79335,0.));
#8954=DIRECTION('',(-0.79335,0.60876,0.));
#8955=AXIS2_PLACEMENT_3D('',#8952,#8953,#8954);
#8956=PLANE('',#8955);
#8957=ADVANCED_FACE('',(#8951),#8956,.T.);
#8958=CARTESIAN_POINT('',(792.58819,174.65926,309.));
#8959=VERTEX_POINT('',#8958);
#8960=DIRECTION('',(-0.92388,0.38268,0.));
#8961=VECTOR('',#8960,2.61052);
#8962=LINE('',#8930,#8961);
#8963=EDGE_CURVE('',#8931,#8959,#8962,.T.);
#8964=ORIENTED_EDGE('',*,*,#8963,.T.);
#8965=CARTESIAN_POINT('',(792.58819,174.65926,572.84325));
#8966=VERTEX_POINT('',#8965);
#8967=DIRECTION('',(0.,0.,1.));
#8968=VECTOR('',#8967,263.84325);
#8969=LINE('',#8958,#8968);
#8970=EDGE_CURVE('',#8959,#8966,#8969,.T.);
#8971=ORIENTED_EDGE('',*,*,#8970,.T.);
#8972=DIRECTION('',(-0.92388,0.38268,0.));
#8973=VECTOR('',#8972,2.61052);
#8974=LINE('',#8937,#8973);
#8975=EDGE_CURVE('',#8938,#8966,#8974,.T.);
#8976=ORIENTED_EDGE('',*,*,#8975,.F.);
#8977=ORIENTED_EDGE('',*,*,#8942,.F.);
#8978=EDGE_LOOP('',(#8964,#8971,#8976,#8977));
#8979=FACE_OUTER_BOUND('',#8978,.T.);
#8980=CARTESIAN_POINT('',(795.,173.66025,309.));
#8981=DIRECTION('',(0.38268,0.92388,0.));
#8982=DIRECTION('',(-0.92388,0.38268,0.));
#8983=AXIS2_PLACEMENT_3D('',#8980,#8981,#8982);
#8984=PLANE('',#8983);
#8985=ADVANCED_FACE('',(#8979),#8984,.T.);
#8986=CARTESIAN_POINT('',(790.,175.,309.));
#8987=VERTEX_POINT('',#8986);
#8988=DIRECTION('',(-0.99144,0.13053,0.));
#8989=VECTOR('',#8988,2.61052);
#8990=LINE('',#8958,#8989);
#8991=EDGE_CURVE('',#8959,#8987,#8990,.T.);
#8992=ORIENTED_EDGE('',*,*,#8991,.T.);
#8993=CARTESIAN_POINT('',(790.,175.,572.84325));
#8994=VERTEX_POINT('',#8993);
#8995=DIRECTION('',(0.,0.,1.));
#8996=VECTOR('',#8995,263.84325);
#8997=LINE('',#8986,#8996);
#8998=EDGE_CURVE('',#8987,#8994,#8997,.T.);
#8999=ORIENTED_EDGE('',*,*,#8998,.T.);
#9000=DIRECTION('',(-0.99144,0.13053,0.));
#9001=VECTOR('',#9000,2.61052);
#9002=LINE('',#8965,#9001);
#9003=EDGE_CURVE('',#8966,#8994,#9002,.T.);
#9004=ORIENTED_EDGE('',*,*,#9003,.F.);
#9005=ORIENTED_EDGE('',*,*,#8970,.F.);
#9006=EDGE_LOOP('',(#8992,#8999,#9004,#9005));
#9007=FACE_OUTER_BOUND('',#9006,.T.);
#9008=CARTESIAN_POINT('',(792.58819,174.65926,309.));
#9009=DIRECTION('',(0.13053,0.99144,0.));
#9010=DIRECTION('',(-0.99144,0.13053,0.));
#9011=AXIS2_PLACEMENT_3D('',#9008,#9009,#9010);
#9012=PLANE('',#9011);
#9013=ADVANCED_FACE('',(#9007),#9012,.T.);
#9014=CARTESIAN_POINT('',(787.41181,174.65926,309.));
#9015=VERTEX_POINT('',#9014);
#9016=DIRECTION('',(-0.99144,-0.13053,0.));
#9017=VECTOR('',#9016,2.61052);
#9018=LINE('',#8986,#9017);
#9019=EDGE_CURVE('',#8987,#9015,#9018,.T.);
#9020=ORIENTED_EDGE('',*,*,#9019,.T.);
#9021=CARTESIAN_POINT('',(787.41181,174.65926,572.84325));
#9022=VERTEX_POINT('',#9021);
#9023=DIRECTION('',(0.,0.,1.));
#9024=VECTOR('',#9023,263.84325);
#9025=LINE('',#9014,#9024);
#9026=EDGE_CURVE('',#9015,#9022,#9025,.T.);
#9027=ORIENTED_EDGE('',*,*,#9026,.T.);
#9028=DIRECTION('',(-0.99144,-0.13053,0.));
#9029=VECTOR('',#9028,2.61052);
#9030=LINE('',#8993,#9029);
#9031=EDGE_CURVE('',#8994,#9022,#9030,.T.);
#9032=ORIENTED_EDGE('',*,*,#9031,.F.);
#9033=ORIENTED_EDGE('',*,*,#8998,.F.);
#9034=EDGE_LOOP('',(#9020,#9027,#9032,#9033));
#9035=FACE_OUTER_BOUND('',#9034,.T.);
#9036=CARTESIAN_POINT('',(790.,175.,309.));
#9037=DIRECTION('',(-0.13053,0.99144,0.));
#9038=DIRECTION('',(-0.99144,-0.13053,0.));
#9039=AXIS2_PLACEMENT_3D('',#9036,#9037,#9038);
#9040=PLANE('',#9039);
#9041=ADVANCED_FACE('',(#9035),#9040,.T.);
#9042=CARTESIAN_POINT('',(785.,173.66025,309.));
#9043=VERTEX_POINT('',#9042);
#9044=DIRECTION('',(-0.92388,-0.38268,0.));
#9045=VECTOR('',#9044,2.61052);
#9046=LINE('',#9014,#9045);
#9047=EDGE_CURVE('',#9015,#9043,#9046,.T.);
#9048=ORIENTED_EDGE('',*,*,#9047,.T.);
#9049=CARTESIAN_POINT('',(785.,173.66025,572.84325));
#9050=VERTEX_POINT('',#9049);
#9051=DIRECTION('',(0.,0.,1.));
#9052=VECTOR('',#9051,263.84325);
#9053=LINE('',#9042,#9052);
#9054=EDGE_CURVE('',#9043,#9050,#9053,.T.);
#9055=ORIENTED_EDGE('',*,*,#9054,.T.);
#9056=DIRECTION('',(-0.92388,-0.38268,0.));
#9057=VECTOR('',#9056,2.61052);
#9058=LINE('',#9021,#9057);
#9059=EDGE_CURVE('',#9022,#9050,#9058,.T.);
#9060=ORIENTED_EDGE('',*,*,#9059,.F.);
#9061=ORIENTED_EDGE('',*,*,#9026,.F.);
#9062=EDGE_LOOP('',(#9048,#9055,#9060,#9061));
#9063=FACE_OUTER_BOUND('',#9062,.T.);
#9064=CARTESIAN_POINT('',(787.41181,174.65926,309.));
#9065=DIRECTION('',(-0.38268,0.92388,0.));
#9066=DIRECTION('',(-0.92388,-0.38268,0.));
#9067=AXIS2_PLACEMENT_3D('',#9064,#9065,#9066);
#9068=PLANE('',#9067);
#9069=ADVANCED_FACE('',(#9063),#9068,.T.);
#9070=CARTESIAN_POINT('',(782.92893,172.07107,309.));
#9071=VERTEX_POINT('',#9070);
#9072=DIRECTION('',(-0.79335,-0.60876,0.));
#9073=VECTOR('',#9072,2.61052);
#9074=LINE('',#9042,#9073);
#9075=EDGE_CURVE('',#9043,#9071,#9074,.T.);
#9076=ORIENTED_EDGE('',*,*,#9075,.T.);
#9077=CARTESIAN_POINT('',(782.92893,172.07107,572.84325));
#9078=VERTEX_POINT('',#9077);
#9079=DIRECTION('',(0.,0.,1.));
#9080=VECTOR('',#9079,263.84325);
#9081=LINE('',#9070,#9080);
#9082=EDGE_CURVE('',#9071,#9078,#9081,.T.);
#9083=ORIENTED_EDGE('',*,*,#9082,.T.);
#9084=DIRECTION('',(-0.79335,-0.60876,0.));
#9085=VECTOR('',#9084,2.61052);
#9086=LINE('',#9049,#9085);
#9087=EDGE_CURVE('',#9050,#9078,#9086,.T.);
#9088=ORIENTED_EDGE('',*,*,#9087,.F.);
#9089=ORIENTED_EDGE('',*,*,#9054,.F.);
#9090=EDGE_LOOP('',(#9076,#9083,#9088,#9089));
#9091=FACE_OUTER_BOUND('',#9090,.T.);
#9092=CARTESIAN_POINT('',(785.,173.66025,309.));
#9093=DIRECTION('',(-0.60876,0.79335,0.));
#9094=DIRECTION('',(-0.79335,-0.60876,0.));
#9095=AXIS2_PLACEMENT_3D('',#9092,#9093,#9094);
#9096=PLANE('',#9095);
#9097=ADVANCED_FACE('',(#9091),#9096,.T.);
#9098=CARTESIAN_POINT('',(781.33975,170.,309.));
#9099=VERTEX_POINT('',#9098);
#9100=DIRECTION('',(-0.60876,-0.79335,0.));
#9101=VECTOR('',#9100,2.61052);
#9102=LINE('',#9070,#9101);
#9103=EDGE_CURVE('',#9071,#9099,#9102,.T.);
#9104=ORIENTED_EDGE('',*,*,#9103,.T.);
#9105=CARTESIAN_POINT('',(781.33975,170.,572.84325));
#9106=VERTEX_POINT('',#9105);
#9107=DIRECTION('',(0.,0.,1.));
#9108=VECTOR('',#9107,263.84325);
#9109=LINE('',#9098,#9108);
#9110=EDGE_CURVE('',#9099,#9106,#9109,.T.);
#9111=ORIENTED_EDGE('',*,*,#9110,.T.);
#9112=DIRECTION('',(-0.60876,-0.79335,0.));
#9113=VECTOR('',#9112,2.61052);
#9114=LINE('',#9077,#9113);
#9115=EDGE_CURVE('',#9078,#9106,#9114,.T.);
#9116=ORIENTED_EDGE('',*,*,#9115,.F.);
#9117=ORIENTED_EDGE('',*,*,#9082,.F.);
#9118=EDGE_LOOP('',(#9104,#9111,#9116,#9117));
#9119=FACE_OUTER_BOUND('',#9118,.T.);
#9120=CARTESIAN_POINT('',(782.92893,172.07107,309.));
#9121=DIRECTION('',(-0.79335,0.60876,0.));
#9122=DIRECTION('',(-0.60876,-0.79335,0.));
#9123=AXIS2_PLACEMENT_3D('',#9120,#9121,#9122);
#9124=PLANE('',#9123);
#9125=ADVANCED_FACE('',(#9119),#9124,.T.);
#9126=CARTESIAN_POINT('',(780.34074,167.58819,309.));
#9127=VERTEX_POINT('',#9126);
#9128=DIRECTION('',(-0.38268,-0.92388,0.));
#9129=VECTOR('',#9128,2.61052);
#9130=LINE('',#9098,#9129);
#9131=EDGE_CURVE('',#9099,#9127,#9130,.T.);
#9132=ORIENTED_EDGE('',*,*,#9131,.T.);
#9133=CARTESIAN_POINT('',(780.34074,167.58819,572.84325));
#9134=VERTEX_POINT('',#9133);
#9135=DIRECTION('',(0.,0.,1.));
#9136=VECTOR('',#9135,263.84325);
#9137=LINE('',#9126,#9136);
#9138=EDGE_CURVE('',#9127,#9134,#9137,.T.);
#9139=ORIENTED_EDGE('',*,*,#9138,.T.);
#9140=DIRECTION('',(-0.38268,-0.92388,0.));
#9141=VECTOR('',#9140,2.61052);
#9142=LINE('',#9105,#9141);
#9143=EDGE_CURVE('',#9106,#9134,#9142,.T.);
#9144=ORIENTED_EDGE('',*,*,#9143,.F.);
#9145=ORIENTED_EDGE('',*,*,#9110,.F.);
#9146=EDGE_LOOP('',(#9132,#9139,#9144,#9145));
#9147=FACE_OUTER_BOUND('',#9146,.T.);
#9148=CARTESIAN_POINT('',(781.33975,170.,309.));
#9149=DIRECTION('',(-0.92388,0.38268,0.));
#9150=DIRECTION('',(-0.38268,-0.92388,0.));
#9151=AXIS2_PLACEMENT_3D('',#9148,#9149,#9150);
#9152=PLANE('',#9151);
#9153=ADVANCED_FACE('',(#9147),#9152,.T.);
#9154=CARTESIAN_POINT('',(780.,165.,309.));
#9155=VERTEX_POINT('',#9154);
#9156=DIRECTION('',(-0.13053,-0.99144,0.));
#9157=VECTOR('',#9156,2.61052);
#9158=LINE('',#9126,#9157);
#9159=EDGE_CURVE('',#9127,#9155,#9158,.T.);
#9160=ORIENTED_EDGE('',*,*,#9159,.T.);
#9161=CARTESIAN_POINT('',(780.,165.,572.84325));
#9162=VERTEX_POINT('',#9161);
#9163=DIRECTION('',(0.,0.,1.));
#9164=VECTOR('',#9163,263.84325);
#9165=LINE('',#9154,#9164);
#9166=EDGE_CURVE('',#9155,#9162,#9165,.T.);
#9167=ORIENTED_EDGE('',*,*,#9166,.T.);
#9168=DIRECTION('',(-0.13053,-0.99144,0.));
#9169=VECTOR('',#9168,2.61052);
#9170=LINE('',#9133,#9169);
#9171=EDGE_CURVE('',#9134,#9162,#9170,.T.);
#9172=ORIENTED_EDGE('',*,*,#9171,.F.);
#9173=ORIENTED_EDGE('',*,*,#9138,.F.);
#9174=EDGE_LOOP('',(#9160,#9167,#9172,#9173));
#9175=FACE_OUTER_BOUND('',#9174,.T.);
#9176=CARTESIAN_POINT('',(780.34074,167.58819,309.));
#9177=DIRECTION('',(-0.99144,0.13053,0.));
#9178=DIRECTION('',(-0.13053,-0.99144,0.));
#9179=AXIS2_PLACEMENT_3D('',#9176,#9177,#9178);
#9180=PLANE('',#9179);
#9181=ADVANCED_FACE('',(#9175),#9180,.T.);
#9182=CARTESIAN_POINT('',(780.34074,162.41181,309.));
#9183=VERTEX_POINT('',#9182);
#9184=DIRECTION('',(0.13053,-0.99144,0.));
#9185=VECTOR('',#9184,2.61052);
#9186=LINE('',#9154,#9185);
#9187=EDGE_CURVE('',#9155,#9183,#9186,.T.);
#9188=ORIENTED_EDGE('',*,*,#9187,.T.);
#9189=CARTESIAN_POINT('',(780.34074,162.41181,572.84325));
#9190=VERTEX_POINT('',#9189);
#9191=DIRECTION('',(0.,0.,1.));
#9192=VECTOR('',#9191,263.84325);
#9193=LINE('',#9182,#9192);
#9194=EDGE_CURVE('',#9183,#9190,#9193,.T.);
#9195=ORIENTED_EDGE('',*,*,#9194,.T.);
#9196=DIRECTION('',(0.13053,-0.99144,0.));
#9197=VECTOR('',#9196,2.61052);
#9198=LINE('',#9161,#9197);
#9199=EDGE_CURVE('',#9162,#9190,#9198,.T.);
#9200=ORIENTED_EDGE('',*,*,#9199,.F.);
#9201=ORIENTED_EDGE('',*,*,#9166,.F.);
#9202=EDGE_LOOP('',(#9188,#9195,#9200,#9201));
#9203=FACE_OUTER_BOUND('',#9202,.T.);
#9204=CARTESIAN_POINT('',(780.,165.,309.));
#9205=DIRECTION('',(-0.99144,-0.13053,0.));
#9206=DIRECTION('',(0.13053,-0.99144,0.));
#9207=AXIS2_PLACEMENT_3D('',#9204,#9205,#9206);
#9208=PLANE('',#9207);
#9209=ADVANCED_FACE('',(#9203),#9208,.T.);
#9210=CARTESIAN_POINT('',(781.33975,160.,309.));
#9211=VERTEX_POINT('',#9210);
#9212=DIRECTION('',(0.38268,-0.92388,0.));
#9213=VECTOR('',#9212,2.61052);
#9214=LINE('',#9182,#9213);
#9215=EDGE_CURVE('',#9183,#9211,#9214,.T.);
#9216=ORIENTED_EDGE('',*,*,#9215,.T.);
#9217=CARTESIAN_POINT('',(781.33975,160.,572.84325));
#9218=VERTEX_POINT('',#9217);
#9219=DIRECTION('',(0.,0.,1.));
#9220=VECTOR('',#9219,263.84325);
#9221=LINE('',#9210,#9220);
#9222=EDGE_CURVE('',#9211,#9218,#9221,.T.);
#9223=ORIENTED_EDGE('',*,*,#9222,.T.);
#9224=DIRECTION('',(0.38268,-0.92388,0.));
#9225=VECTOR('',#9224,2.61052);
#9226=LINE('',#9189,#9225);
#9227=EDGE_CURVE('',#9190,#9218,#9226,.T.);
#9228=ORIENTED_EDGE('',*,*,#9227,.F.);
#9229=ORIENTED_EDGE('',*,*,#9194,.F.);
#9230=EDGE_LOOP('',(#9216,#9223,#9228,#9229));
#9231=FACE_OUTER_BOUND('',#9230,.T.);
#9232=CARTESIAN_POINT('',(780.34074,162.41181,309.));
#9233=DIRECTION('',(-0.92388,-0.38268,0.));
#9234=DIRECTION('',(0.38268,-0.92388,0.));
#9235=AXIS2_PLACEMENT_3D('',#9232,#9233,#9234);
#9236=PLANE('',#9235);
#9237=ADVANCED_FACE('',(#9231),#9236,.T.);
#9238=CARTESIAN_POINT('',(782.92893,157.92893,309.));
#9239=VERTEX_POINT('',#9238);
#9240=DIRECTION('',(0.60876,-0.79335,0.));
#9241=VECTOR('',#9240,2.61052);
#9242=LINE('',#9210,#9241);
#9243=EDGE_CURVE('',#9211,#9239,#9242,.T.);
#9244=ORIENTED_EDGE('',*,*,#9243,.T.);
#9245=CARTESIAN_POINT('',(782.92893,157.92893,572.84325));
#9246=VERTEX_POINT('',#9245);
#9247=DIRECTION('',(0.,0.,1.));
#9248=VECTOR('',#9247,263.84325);
#9249=LINE('',#9238,#9248);
#9250=EDGE_CURVE('',#9239,#9246,#9249,.T.);
#9251=ORIENTED_EDGE('',*,*,#9250,.T.);
#9252=DIRECTION('',(0.60876,-0.79335,0.));
#9253=VECTOR('',#9252,2.61052);
#9254=LINE('',#9217,#9253);
#9255=EDGE_CURVE('',#9218,#9246,#9254,.T.);
#9256=ORIENTED_EDGE('',*,*,#9255,.F.);
#9257=ORIENTED_EDGE('',*,*,#9222,.F.);
#9258=EDGE_LOOP('',(#9244,#9251,#9256,#9257));
#9259=FACE_OUTER_BOUND('',#9258,.T.);
#9260=CARTESIAN_POINT('',(781.33975,160.,309.));
#9261=DIRECTION('',(-0.79335,-0.60876,0.));
#9262=DIRECTION('',(0.60876,-0.79335,0.));
#9263=AXIS2_PLACEMENT_3D('',#9260,#9261,#9262);
#9264=PLANE('',#9263);
#9265=ADVANCED_FACE('',(#9259),#9264,.T.);
#9266=CARTESIAN_POINT('',(785.,156.33975,309.));
#9267=VERTEX_POINT('',#9266);
#9268=DIRECTION('',(0.79335,-0.60876,0.));
#9269=VECTOR('',#9268,2.61052);
#9270=LINE('',#9238,#9269);
#9271=EDGE_CURVE('',#9239,#9267,#9270,.T.);
#9272=ORIENTED_EDGE('',*,*,#9271,.T.);
#9273=CARTESIAN_POINT('',(785.,156.33975,572.84325));
#9274=VERTEX_POINT('',#9273);
#9275=DIRECTION('',(0.,0.,1.));
#9276=VECTOR('',#9275,263.84325);
#9277=LINE('',#9266,#9276);
#9278=EDGE_CURVE('',#9267,#9274,#9277,.T.);
#9279=ORIENTED_EDGE('',*,*,#9278,.T.);
#9280=DIRECTION('',(0.79335,-0.60876,0.));
#9281=VECTOR('',#9280,2.61052);
#9282=LINE('',#9245,#9281);
#9283=EDGE_CURVE('',#9246,#9274,#9282,.T.);
#9284=ORIENTED_EDGE('',*,*,#9283,.F.);
#9285=ORIENTED_EDGE('',*,*,#9250,.F.);
#9286=EDGE_LOOP('',(#9272,#9279,#9284,#9285));
#9287=FACE_OUTER_BOUND('',#9286,.T.);
#9288=CARTESIAN_POINT('',(782.92893,157.92893,309.));
#9289=DIRECTION('',(-0.60876,-0.79335,0.));
#9290=DIRECTION('',(0.79335,-0.60876,0.));
#9291=AXIS2_PLACEMENT_3D('',#9288,#9289,#9290);
#9292=PLANE('',#9291);
#9293=ADVANCED_FACE('',(#9287),#9292,.T.);
#9294=CARTESIAN_POINT('',(787.41181,155.34074,309.));
#9295=VERTEX_POINT('',#9294);
#9296=DIRECTION('',(0.92388,-0.38268,0.));
#9297=VECTOR('',#9296,2.61052);
#9298=LINE('',#9266,#9297);
#9299=EDGE_CURVE('',#9267,#9295,#9298,.T.);
#9300=ORIENTED_EDGE('',*,*,#9299,.T.);
#9301=CARTESIAN_POINT('',(787.41181,155.34074,572.84325));
#9302=VERTEX_POINT('',#9301);
#9303=DIRECTION('',(0.,0.,1.));
#9304=VECTOR('',#9303,263.84325);
#9305=LINE('',#9294,#9304);
#9306=EDGE_CURVE('',#9295,#9302,#9305,.T.);
#9307=ORIENTED_EDGE('',*,*,#9306,.T.);
#9308=DIRECTION('',(0.92388,-0.38268,0.));
#9309=VECTOR('',#9308,2.61052);
#9310=LINE('',#9273,#9309);
#9311=EDGE_CURVE('',#9274,#9302,#9310,.T.);
#9312=ORIENTED_EDGE('',*,*,#9311,.F.);
#9313=ORIENTED_EDGE('',*,*,#9278,.F.);
#9314=EDGE_LOOP('',(#9300,#9307,#9312,#9313));
#9315=FACE_OUTER_BOUND('',#9314,.T.);
#9316=CARTESIAN_POINT('',(785.,156.33975,309.));
#9317=DIRECTION('',(-0.38268,-0.92388,0.));
#9318=DIRECTION('',(0.92388,-0.38268,0.));
#9319=AXIS2_PLACEMENT_3D('',#9316,#9317,#9318);
#9320=PLANE('',#9319);
#9321=ADVANCED_FACE('',(#9315),#9320,.T.);
#9322=CARTESIAN_POINT('',(790.,155.,309.));
#9323=VERTEX_POINT('',#9322);
#9324=DIRECTION('',(0.99144,-0.13053,0.));
#9325=VECTOR('',#9324,2.61052);
#9326=LINE('',#9294,#9325);
#9327=EDGE_CURVE('',#9295,#9323,#9326,.T.);
#9328=ORIENTED_EDGE('',*,*,#9327,.T.);
#9329=CARTESIAN_POINT('',(790.,155.,572.84325));
#9330=VERTEX_POINT('',#9329);
#9331=DIRECTION('',(0.,0.,1.));
#9332=VECTOR('',#9331,263.84325);
#9333=LINE('',#9322,#9332);
#9334=EDGE_CURVE('',#9323,#9330,#9333,.T.);
#9335=ORIENTED_EDGE('',*,*,#9334,.T.);
#9336=DIRECTION('',(0.99144,-0.13053,0.));
#9337=VECTOR('',#9336,2.61052);
#9338=LINE('',#9301,#9337);
#9339=EDGE_CURVE('',#9302,#9330,#9338,.T.);
#9340=ORIENTED_EDGE('',*,*,#9339,.F.);
#9341=ORIENTED_EDGE('',*,*,#9306,.F.);
#9342=EDGE_LOOP('',(#9328,#9335,#9340,#9341));
#9343=FACE_OUTER_BOUND('',#9342,.T.);
#9344=CARTESIAN_POINT('',(787.41181,155.34074,309.));
#9345=DIRECTION('',(-0.13053,-0.99144,0.));
#9346=DIRECTION('',(0.99144,-0.13053,0.));
#9347=AXIS2_PLACEMENT_3D('',#9344,#9345,#9346);
#9348=PLANE('',#9347);
#9349=ADVANCED_FACE('',(#9343),#9348,.T.);
#9350=CARTESIAN_POINT('',(792.58819,155.34074,309.));
#9351=VERTEX_POINT('',#9350);
#9352=DIRECTION('',(0.99144,0.13053,0.));
#9353=VECTOR('',#9352,2.61052);
#9354=LINE('',#9322,#9353);
#9355=EDGE_CURVE('',#9323,#9351,#9354,.T.);
#9356=ORIENTED_EDGE('',*,*,#9355,.T.);
#9357=CARTESIAN_POINT('',(792.58819,155.34074,572.84325));
#9358=VERTEX_POINT('',#9357);
#9359=DIRECTION('',(0.,0.,1.));
#9360=VECTOR('',#9359,263.84325);
#9361=LINE('',#9350,#9360);
#9362=EDGE_CURVE('',#9351,#9358,#9361,.T.);
#9363=ORIENTED_EDGE('',*,*,#9362,.T.);
#9364=DIRECTION('',(0.99144,0.13053,0.));
#9365=VECTOR('',#9364,2.61052);
#9366=LINE('',#9329,#9365);
#9367=EDGE_CURVE('',#9330,#9358,#9366,.T.);
#9368=ORIENTED_EDGE('',*,*,#9367,.F.);
#9369=ORIENTED_EDGE('',*,*,#9334,.F.);
#9370=EDGE_LOOP('',(#9356,#9363,#9368,#9369));
#9371=FACE_OUTER_BOUND('',#9370,.T.);
#9372=CARTESIAN_POINT('',(790.,155.,309.));
#9373=DIRECTION('',(0.13053,-0.99144,0.));
#9374=DIRECTION('',(0.99144,0.13053,0.));
#9375=AXIS2_PLACEMENT_3D('',#9372,#9373,#9374);
#9376=PLANE('',#9375);
#9377=ADVANCED_FACE('',(#9371),#9376,.T.);
#9378=CARTESIAN_POINT('',(795.,156.33975,309.));
#9379=VERTEX_POINT('',#9378);
#9380=DIRECTION('',(0.92388,0.38268,0.));
#9381=VECTOR('',#9380,2.61052);
#9382=LINE('',#9350,#9381);
#9383=EDGE_CURVE('',#9351,#9379,#9382,.T.);
#9384=ORIENTED_EDGE('',*,*,#9383,.T.);
#9385=CARTESIAN_POINT('',(795.,156.33975,572.84325));
#9386=VERTEX_POINT('',#9385);
#9387=DIRECTION('',(0.,0.,1.));
#9388=VECTOR('',#9387,263.84325);
#9389=LINE('',#9378,#9388);
#9390=EDGE_CURVE('',#9379,#9386,#9389,.T.);
#9391=ORIENTED_EDGE('',*,*,#9390,.T.);
#9392=DIRECTION('',(0.92388,0.38268,0.));
#9393=VECTOR('',#9392,2.61052);
#9394=LINE('',#9357,#9393);
#9395=EDGE_CURVE('',#9358,#9386,#9394,.T.);
#9396=ORIENTED_EDGE('',*,*,#9395,.F.);
#9397=ORIENTED_EDGE('',*,*,#9362,.F.);
#9398=EDGE_LOOP('',(#9384,#9391,#9396,#9397));
#9399=FACE_OUTER_BOUND('',#9398,.T.);
#9400=CARTESIAN_POINT('',(792.58819,155.34074,309.));
#9401=DIRECTION('',(0.38268,-0.92388,0.));
#9402=DIRECTION('',(0.92388,0.38268,0.));
#9403=AXIS2_PLACEMENT_3D('',#9400,#9401,#9402);
#9404=PLANE('',#9403);
#9405=ADVANCED_FACE('',(#9399),#9404,.T.);
#9406=CARTESIAN_POINT('',(797.07107,157.92893,309.));
#9407=VERTEX_POINT('',#9406);
#9408=DIRECTION('',(0.79335,0.60876,0.));
#9409=VECTOR('',#9408,2.61052);
#9410=LINE('',#9378,#9409);
#9411=EDGE_CURVE('',#9379,#9407,#9410,.T.);
#9412=ORIENTED_EDGE('',*,*,#9411,.T.);
#9413=CARTESIAN_POINT('',(797.07107,157.92893,572.84325));
#9414=VERTEX_POINT('',#9413);
#9415=DIRECTION('',(0.,0.,1.));
#9416=VECTOR('',#9415,263.84325);
#9417=LINE('',#9406,#9416);
#9418=EDGE_CURVE('',#9407,#9414,#9417,.T.);
#9419=ORIENTED_EDGE('',*,*,#9418,.T.);
#9420=DIRECTION('',(0.79335,0.60876,0.));
#9421=VECTOR('',#9420,2.61052);
#9422=LINE('',#9385,#9421);
#9423=EDGE_CURVE('',#9386,#9414,#9422,.T.);
#9424=ORIENTED_EDGE('',*,*,#9423,.F.);
#9425=ORIENTED_EDGE('',*,*,#9390,.F.);
#9426=EDGE_LOOP('',(#9412,#9419,#9424,#9425));
#9427=FACE_OUTER_BOUND('',#9426,.T.);
#9428=CARTESIAN_POINT('',(795.,156.33975,309.));
#9429=DIRECTION('',(0.60876,-0.79335,0.));
#9430=DIRECTION('',(0.79335,0.60876,0.));
#9431=AXIS2_PLACEMENT_3D('',#9428,#9429,#9430);
#9432=PLANE('',#9431);
#9433=ADVANCED_FACE('',(#9427),#9432,.T.);
#9434=CARTESIAN_POINT('',(798.66025,160.,309.));
#9435=VERTEX_POINT('',#9434);
#9436=DIRECTION('',(0.60876,0.79335,0.));
#9437=VECTOR('',#9436,2.61052);
#9438=LINE('',#9406,#9437);
#9439=EDGE_CURVE('',#9407,#9435,#9438,.T.);
#9440=ORIENTED_EDGE('',*,*,#9439,.T.);
#9441=CARTESIAN_POINT('',(798.66025,160.,572.84325));
#9442=VERTEX_POINT('',#9441);
#9443=DIRECTION('',(0.,0.,1.));
#9444=VECTOR('',#9443,263.84325);
#9445=LINE('',#9434,#9444);
#9446=EDGE_CURVE('',#9435,#9442,#9445,.T.);
#9447=ORIENTED_EDGE('',*,*,#9446,.T.);
#9448=DIRECTION('',(0.60876,0.79335,0.));
#9449=VECTOR('',#9448,2.61052);
#9450=LINE('',#9413,#9449);
#9451=EDGE_CURVE('',#9414,#9442,#9450,.T.);
#9452=ORIENTED_EDGE('',*,*,#9451,.F.);
#9453=ORIENTED_EDGE('',*,*,#9418,.F.);
#9454=EDGE_LOOP('',(#9440,#9447,#9452,#9453));
#9455=FACE_OUTER_BOUND('',#9454,.T.);
#9456=CARTESIAN_POINT('',(797.07107,157.92893,309.));
#9457=DIRECTION('',(0.79335,-0.60876,0.));
#9458=DIRECTION('',(0.60876,0.79335,0.));
#9459=AXIS2_PLACEMENT_3D('',#9456,#9457,#9458);
#9460=PLANE('',#9459);
#9461=ADVANCED_FACE('',(#9455),#9460,.T.);
#9462=CARTESIAN_POINT('',(799.65926,162.41181,309.));
#9463=VERTEX_POINT('',#9462);
#9464=DIRECTION('',(0.38268,0.92388,0.));
#9465=VECTOR('',#9464,2.61052);
#9466=LINE('',#9434,#9465);
#9467=EDGE_CURVE('',#9435,#9463,#9466,.T.);
#9468=ORIENTED_EDGE('',*,*,#9467,.T.);
#9469=CARTESIAN_POINT('',(799.65926,162.41181,572.84325));
#9470=VERTEX_POINT('',#9469);
#9471=DIRECTION('',(0.,0.,1.));
#9472=VECTOR('',#9471,263.84325);
#9473=LINE('',#9462,#9472);
#9474=EDGE_CURVE('',#9463,#9470,#9473,.T.);
#9475=ORIENTED_EDGE('',*,*,#9474,.T.);
#9476=DIRECTION('',(0.38268,0.92388,0.));
#9477=VECTOR('',#9476,2.61052);
#9478=LINE('',#9441,#9477);
#9479=EDGE_CURVE('',#9442,#9470,#9478,.T.);
#9480=ORIENTED_EDGE('',*,*,#9479,.F.);
#9481=ORIENTED_EDGE('',*,*,#9446,.F.);
#9482=EDGE_LOOP('',(#9468,#9475,#9480,#9481));
#9483=FACE_OUTER_BOUND('',#9482,.T.);
#9484=CARTESIAN_POINT('',(798.66025,160.,309.));
#9485=DIRECTION('',(0.92388,-0.38268,0.));
#9486=DIRECTION('',(0.38268,0.92388,0.));
#9487=AXIS2_PLACEMENT_3D('',#9484,#9485,#9486);
#9488=PLANE('',#9487);
#9489=ADVANCED_FACE('',(#9483),#9488,.T.);
#9490=DIRECTION('',(-0.13053,-0.99144,0.));
#9491=VECTOR('',#9490,2.61052);
#9492=LINE('',#8838,#9491);
#9493=EDGE_CURVE('',#8839,#9463,#9492,.T.);
#9494=ORIENTED_EDGE('',*,*,#9493,.F.);
#9495=ORIENTED_EDGE('',*,*,#8864,.T.);
#9496=DIRECTION('',(-0.13053,-0.99144,0.));
#9497=VECTOR('',#9496,2.61052);
#9498=LINE('',#8854,#9497);
#9499=EDGE_CURVE('',#8855,#9470,#9498,.T.);
#9500=ORIENTED_EDGE('',*,*,#9499,.T.);
#9501=ORIENTED_EDGE('',*,*,#9474,.F.);
#9502=EDGE_LOOP('',(#9494,#9495,#9500,#9501));
#9503=FACE_OUTER_BOUND('',#9502,.T.);
#9504=CARTESIAN_POINT('',(799.65926,162.41181,309.));
#9505=DIRECTION('',(0.99144,-0.13053,0.));
#9506=DIRECTION('',(0.13053,0.99144,0.));
#9507=AXIS2_PLACEMENT_3D('',#9504,#9505,#9506);
#9508=PLANE('',#9507);
#9509=ADVANCED_FACE('',(#9503),#9508,.T.);
#9510=ORIENTED_EDGE('',*,*,#8859,.T.);
#9511=CARTESIAN_POINT('',(797.72741,167.07055,572.84325));
#9512=VERTEX_POINT('',#9511);
#9513=DIRECTION('',(-0.96593,-0.25882,0.));
#9514=VECTOR('',#9513,2.);
#9515=LINE('',#8847,#9514);
#9516=EDGE_CURVE('',#8848,#9512,#9515,.T.);
#9517=ORIENTED_EDGE('',*,*,#9516,.T.);
#9518=CARTESIAN_POINT('',(798.,165.,572.84325));
#9519=VERTEX_POINT('',#9518);
#9520=DIRECTION('',(-0.13053,0.99144,0.));
#9521=VECTOR('',#9520,2.08842);
#9522=LINE('',#9518,#9521);
#9523=EDGE_CURVE('',#9519,#9512,#9522,.T.);
#9524=ORIENTED_EDGE('',*,*,#9523,.F.);
#9525=DIRECTION('',(-1.,0.,0.));
#9526=VECTOR('',#9525,2.);
#9527=LINE('',#8854,#9526);
#9528=EDGE_CURVE('',#8855,#9519,#9527,.T.);
#9529=ORIENTED_EDGE('',*,*,#9528,.F.);
#9530=EDGE_LOOP('',(#9510,#9517,#9524,#9529));
#9531=FACE_OUTER_BOUND('',#9530,.T.);
#9532=CARTESIAN_POINT('',(800.,165.,572.84325));
#9533=DIRECTION('',(0.,0.,1.));
#9534=DIRECTION('',(-0.13053,0.99144,0.));
#9535=AXIS2_PLACEMENT_3D('',#9532,#9533,#9534);
#9536=PLANE('',#9535);
#9537=ADVANCED_FACE('',(#9531),#9536,.T.);
#9538=ORIENTED_EDGE('',*,*,#8891,.T.);
#9539=CARTESIAN_POINT('',(796.9282,169.,572.84325));
#9540=VERTEX_POINT('',#9539);
#9541=DIRECTION('',(-0.86603,-0.5,0.));
#9542=VECTOR('',#9541,2.);
#9543=LINE('',#8881,#9542);
#9544=EDGE_CURVE('',#8882,#9540,#9543,.T.);
#9545=ORIENTED_EDGE('',*,*,#9544,.T.);
#9546=DIRECTION('',(-0.38268,0.92388,0.));
#9547=VECTOR('',#9546,2.08842);
#9548=LINE('',#9511,#9547);
#9549=EDGE_CURVE('',#9512,#9540,#9548,.T.);
#9550=ORIENTED_EDGE('',*,*,#9549,.F.);
#9551=ORIENTED_EDGE('',*,*,#9516,.F.);
#9552=EDGE_LOOP('',(#9538,#9545,#9550,#9551));
#9553=FACE_OUTER_BOUND('',#9552,.T.);
#9554=CARTESIAN_POINT('',(799.65926,167.58819,572.84325));
#9555=DIRECTION('',(0.,0.,1.));
#9556=DIRECTION('',(-0.38268,0.92388,0.));
#9557=AXIS2_PLACEMENT_3D('',#9554,#9555,#9556);
#9558=PLANE('',#9557);
#9559=ADVANCED_FACE('',(#9553),#9558,.T.);
#9560=ORIENTED_EDGE('',*,*,#8919,.T.);
#9561=CARTESIAN_POINT('',(795.65685,170.65685,572.84325));
#9562=VERTEX_POINT('',#9561);
#9563=DIRECTION('',(-0.70711,-0.70711,0.));
#9564=VECTOR('',#9563,2.);
#9565=LINE('',#8909,#9564);
#9566=EDGE_CURVE('',#8910,#9562,#9565,.T.);
#9567=ORIENTED_EDGE('',*,*,#9566,.T.);
#9568=DIRECTION('',(-0.60876,0.79335,0.));
#9569=VECTOR('',#9568,2.08842);
#9570=LINE('',#9539,#9569);
#9571=EDGE_CURVE('',#9540,#9562,#9570,.T.);
#9572=ORIENTED_EDGE('',*,*,#9571,.F.);
#9573=ORIENTED_EDGE('',*,*,#9544,.F.);
#9574=EDGE_LOOP('',(#9560,#9567,#9572,#9573));
#9575=FACE_OUTER_BOUND('',#9574,.T.);
#9576=CARTESIAN_POINT('',(798.66025,170.,572.84325));
#9577=DIRECTION('',(0.,0.,1.));
#9578=DIRECTION('',(-0.60876,0.79335,0.));
#9579=AXIS2_PLACEMENT_3D('',#9576,#9577,#9578);
#9580=PLANE('',#9579);
#9581=ADVANCED_FACE('',(#9575),#9580,.T.);
#9582=ORIENTED_EDGE('',*,*,#8947,.T.);
#9583=CARTESIAN_POINT('',(794.,171.9282,572.84325));
#9584=VERTEX_POINT('',#9583);
#9585=DIRECTION('',(-0.5,-0.86603,0.));
#9586=VECTOR('',#9585,2.);
#9587=LINE('',#8937,#9586);
#9588=EDGE_CURVE('',#8938,#9584,#9587,.T.);
#9589=ORIENTED_EDGE('',*,*,#9588,.T.);
#9590=DIRECTION('',(-0.79335,0.60876,0.));
#9591=VECTOR('',#9590,2.08842);
#9592=LINE('',#9561,#9591);
#9593=EDGE_CURVE('',#9562,#9584,#9592,.T.);
#9594=ORIENTED_EDGE('',*,*,#9593,.F.);
#9595=ORIENTED_EDGE('',*,*,#9566,.F.);
#9596=EDGE_LOOP('',(#9582,#9589,#9594,#9595));
#9597=FACE_OUTER_BOUND('',#9596,.T.);
#9598=CARTESIAN_POINT('',(797.07107,172.07107,572.84325));
#9599=DIRECTION('',(0.,0.,1.));
#9600=DIRECTION('',(-0.79335,0.60876,0.));
#9601=AXIS2_PLACEMENT_3D('',#9598,#9599,#9600);
#9602=PLANE('',#9601);
#9603=ADVANCED_FACE('',(#9597),#9602,.T.);
#9604=ORIENTED_EDGE('',*,*,#8975,.T.);
#9605=CARTESIAN_POINT('',(792.07055,172.72741,572.84325));
#9606=VERTEX_POINT('',#9605);
#9607=DIRECTION('',(-0.25882,-0.96593,0.));
#9608=VECTOR('',#9607,2.);
#9609=LINE('',#8965,#9608);
#9610=EDGE_CURVE('',#8966,#9606,#9609,.T.);
#9611=ORIENTED_EDGE('',*,*,#9610,.T.);
#9612=DIRECTION('',(-0.92388,0.38268,0.));
#9613=VECTOR('',#9612,2.08842);
#9614=LINE('',#9583,#9613);
#9615=EDGE_CURVE('',#9584,#9606,#9614,.T.);
#9616=ORIENTED_EDGE('',*,*,#9615,.F.);
#9617=ORIENTED_EDGE('',*,*,#9588,.F.);
#9618=EDGE_LOOP('',(#9604,#9611,#9616,#9617));
#9619=FACE_OUTER_BOUND('',#9618,.T.);
#9620=CARTESIAN_POINT('',(795.,173.66025,572.84325));
#9621=DIRECTION('',(0.,0.,1.));
#9622=DIRECTION('',(-0.92388,0.38268,0.));
#9623=AXIS2_PLACEMENT_3D('',#9620,#9621,#9622);
#9624=PLANE('',#9623);
#9625=ADVANCED_FACE('',(#9619),#9624,.T.);
#9626=ORIENTED_EDGE('',*,*,#9003,.T.);
#9627=CARTESIAN_POINT('',(790.,173.,572.84325));
#9628=VERTEX_POINT('',#9627);
#9629=DIRECTION('',(0.,-1.,0.));
#9630=VECTOR('',#9629,2.);
#9631=LINE('',#8993,#9630);
#9632=EDGE_CURVE('',#8994,#9628,#9631,.T.);
#9633=ORIENTED_EDGE('',*,*,#9632,.T.);
#9634=DIRECTION('',(-0.99144,0.13053,0.));
#9635=VECTOR('',#9634,2.08842);
#9636=LINE('',#9605,#9635);
#9637=EDGE_CURVE('',#9606,#9628,#9636,.T.);
#9638=ORIENTED_EDGE('',*,*,#9637,.F.);
#9639=ORIENTED_EDGE('',*,*,#9610,.F.);
#9640=EDGE_LOOP('',(#9626,#9633,#9638,#9639));
#9641=FACE_OUTER_BOUND('',#9640,.T.);
#9642=CARTESIAN_POINT('',(792.58819,174.65926,572.84325));
#9643=DIRECTION('',(0.,0.,1.));
#9644=DIRECTION('',(-0.99144,0.13053,0.));
#9645=AXIS2_PLACEMENT_3D('',#9642,#9643,#9644);
#9646=PLANE('',#9645);
#9647=ADVANCED_FACE('',(#9641),#9646,.T.);
#9648=ORIENTED_EDGE('',*,*,#9031,.T.);
#9649=CARTESIAN_POINT('',(787.92945,172.72741,572.84325));
#9650=VERTEX_POINT('',#9649);
#9651=DIRECTION('',(0.25882,-0.96593,0.));
#9652=VECTOR('',#9651,2.);
#9653=LINE('',#9021,#9652);
#9654=EDGE_CURVE('',#9022,#9650,#9653,.T.);
#9655=ORIENTED_EDGE('',*,*,#9654,.T.);
#9656=DIRECTION('',(-0.99144,-0.13053,0.));
#9657=VECTOR('',#9656,2.08842);
#9658=LINE('',#9627,#9657);
#9659=EDGE_CURVE('',#9628,#9650,#9658,.T.);
#9660=ORIENTED_EDGE('',*,*,#9659,.F.);
#9661=ORIENTED_EDGE('',*,*,#9632,.F.);
#9662=EDGE_LOOP('',(#9648,#9655,#9660,#9661));
#9663=FACE_OUTER_BOUND('',#9662,.T.);
#9664=CARTESIAN_POINT('',(790.,175.,572.84325));
#9665=DIRECTION('',(0.,0.,1.));
#9666=DIRECTION('',(-0.99144,-0.13053,0.));
#9667=AXIS2_PLACEMENT_3D('',#9664,#9665,#9666);
#9668=PLANE('',#9667);
#9669=ADVANCED_FACE('',(#9663),#9668,.T.);
#9670=ORIENTED_EDGE('',*,*,#9059,.T.);
#9671=CARTESIAN_POINT('',(786.,171.9282,572.84325));
#9672=VERTEX_POINT('',#9671);
#9673=DIRECTION('',(0.5,-0.86603,0.));
#9674=VECTOR('',#9673,2.);
#9675=LINE('',#9049,#9674);
#9676=EDGE_CURVE('',#9050,#9672,#9675,.T.);
#9677=ORIENTED_EDGE('',*,*,#9676,.T.);
#9678=DIRECTION('',(-0.92388,-0.38268,0.));
#9679=VECTOR('',#9678,2.08842);
#9680=LINE('',#9649,#9679);
#9681=EDGE_CURVE('',#9650,#9672,#9680,.T.);
#9682=ORIENTED_EDGE('',*,*,#9681,.F.);
#9683=ORIENTED_EDGE('',*,*,#9654,.F.);
#9684=EDGE_LOOP('',(#9670,#9677,#9682,#9683));
#9685=FACE_OUTER_BOUND('',#9684,.T.);
#9686=CARTESIAN_POINT('',(787.41181,174.65926,572.84325));
#9687=DIRECTION('',(0.,0.,1.));
#9688=DIRECTION('',(-0.92388,-0.38268,0.));
#9689=AXIS2_PLACEMENT_3D('',#9686,#9687,#9688);
#9690=PLANE('',#9689);
#9691=ADVANCED_FACE('',(#9685),#9690,.T.);
#9692=ORIENTED_EDGE('',*,*,#9087,.T.);
#9693=CARTESIAN_POINT('',(784.34315,170.65685,572.84325));
#9694=VERTEX_POINT('',#9693);
#9695=DIRECTION('',(0.70711,-0.70711,0.));
#9696=VECTOR('',#9695,2.);
#9697=LINE('',#9077,#9696);
#9698=EDGE_CURVE('',#9078,#9694,#9697,.T.);
#9699=ORIENTED_EDGE('',*,*,#9698,.T.);
#9700=DIRECTION('',(-0.79335,-0.60876,0.));
#9701=VECTOR('',#9700,2.08842);
#9702=LINE('',#9671,#9701);
#9703=EDGE_CURVE('',#9672,#9694,#9702,.T.);
#9704=ORIENTED_EDGE('',*,*,#9703,.F.);
#9705=ORIENTED_EDGE('',*,*,#9676,.F.);
#9706=EDGE_LOOP('',(#9692,#9699,#9704,#9705));
#9707=FACE_OUTER_BOUND('',#9706,.T.);
#9708=CARTESIAN_POINT('',(785.,173.66025,572.84325));
#9709=DIRECTION('',(0.,0.,1.));
#9710=DIRECTION('',(-0.79335,-0.60876,0.));
#9711=AXIS2_PLACEMENT_3D('',#9708,#9709,#9710);
#9712=PLANE('',#9711);
#9713=ADVANCED_FACE('',(#9707),#9712,.T.);
#9714=ORIENTED_EDGE('',*,*,#9115,.T.);
#9715=CARTESIAN_POINT('',(783.0718,169.,572.84325));
#9716=VERTEX_POINT('',#9715);
#9717=DIRECTION('',(0.86603,-0.5,0.));
#9718=VECTOR('',#9717,2.);
#9719=LINE('',#9105,#9718);
#9720=EDGE_CURVE('',#9106,#9716,#9719,.T.);
#9721=ORIENTED_EDGE('',*,*,#9720,.T.);
#9722=DIRECTION('',(-0.60876,-0.79335,0.));
#9723=VECTOR('',#9722,2.08842);
#9724=LINE('',#9693,#9723);
#9725=EDGE_CURVE('',#9694,#9716,#9724,.T.);
#9726=ORIENTED_EDGE('',*,*,#9725,.F.);
#9727=ORIENTED_EDGE('',*,*,#9698,.F.);
#9728=EDGE_LOOP('',(#9714,#9721,#9726,#9727));
#9729=FACE_OUTER_BOUND('',#9728,.T.);
#9730=CARTESIAN_POINT('',(782.92893,172.07107,572.84325));
#9731=DIRECTION('',(0.,0.,1.));
#9732=DIRECTION('',(-0.60876,-0.79335,0.));
#9733=AXIS2_PLACEMENT_3D('',#9730,#9731,#9732);
#9734=PLANE('',#9733);
#9735=ADVANCED_FACE('',(#9729),#9734,.T.);
#9736=ORIENTED_EDGE('',*,*,#9143,.T.);
#9737=CARTESIAN_POINT('',(782.27259,167.07055,572.84325));
#9738=VERTEX_POINT('',#9737);
#9739=DIRECTION('',(0.96593,-0.25882,0.));
#9740=VECTOR('',#9739,2.);
#9741=LINE('',#9133,#9740);
#9742=EDGE_CURVE('',#9134,#9738,#9741,.T.);
#9743=ORIENTED_EDGE('',*,*,#9742,.T.);
#9744=DIRECTION('',(-0.38268,-0.92388,0.));
#9745=VECTOR('',#9744,2.08842);
#9746=LINE('',#9715,#9745);
#9747=EDGE_CURVE('',#9716,#9738,#9746,.T.);
#9748=ORIENTED_EDGE('',*,*,#9747,.F.);
#9749=ORIENTED_EDGE('',*,*,#9720,.F.);
#9750=EDGE_LOOP('',(#9736,#9743,#9748,#9749));
#9751=FACE_OUTER_BOUND('',#9750,.T.);
#9752=CARTESIAN_POINT('',(781.33975,170.,572.84325));
#9753=DIRECTION('',(0.,0.,1.));
#9754=DIRECTION('',(-0.38268,-0.92388,0.));
#9755=AXIS2_PLACEMENT_3D('',#9752,#9753,#9754);
#9756=PLANE('',#9755);
#9757=ADVANCED_FACE('',(#9751),#9756,.T.);
#9758=ORIENTED_EDGE('',*,*,#9171,.T.);
#9759=CARTESIAN_POINT('',(782.,165.,572.84325));
#9760=VERTEX_POINT('',#9759);
#9761=DIRECTION('',(1.,0.,0.));
#9762=VECTOR('',#9761,2.);
#9763=LINE('',#9161,#9762);
#9764=EDGE_CURVE('',#9162,#9760,#9763,.T.);
#9765=ORIENTED_EDGE('',*,*,#9764,.T.);
#9766=DIRECTION('',(-0.13053,-0.99144,0.));
#9767=VECTOR('',#9766,2.08842);
#9768=LINE('',#9737,#9767);
#9769=EDGE_CURVE('',#9738,#9760,#9768,.T.);
#9770=ORIENTED_EDGE('',*,*,#9769,.F.);
#9771=ORIENTED_EDGE('',*,*,#9742,.F.);
#9772=EDGE_LOOP('',(#9758,#9765,#9770,#9771));
#9773=FACE_OUTER_BOUND('',#9772,.T.);
#9774=CARTESIAN_POINT('',(780.34074,167.58819,572.84325));
#9775=DIRECTION('',(0.,0.,1.));
#9776=DIRECTION('',(-0.13053,-0.99144,0.));
#9777=AXIS2_PLACEMENT_3D('',#9774,#9775,#9776);
#9778=PLANE('',#9777);
#9779=ADVANCED_FACE('',(#9773),#9778,.T.);
#9780=ORIENTED_EDGE('',*,*,#9199,.T.);
#9781=CARTESIAN_POINT('',(782.27259,162.92945,572.84325));
#9782=VERTEX_POINT('',#9781);
#9783=DIRECTION('',(0.96593,0.25882,0.));
#9784=VECTOR('',#9783,2.);
#9785=LINE('',#9189,#9784);
#9786=EDGE_CURVE('',#9190,#9782,#9785,.T.);
#9787=ORIENTED_EDGE('',*,*,#9786,.T.);
#9788=DIRECTION('',(0.13053,-0.99144,0.));
#9789=VECTOR('',#9788,2.08842);
#9790=LINE('',#9759,#9789);
#9791=EDGE_CURVE('',#9760,#9782,#9790,.T.);
#9792=ORIENTED_EDGE('',*,*,#9791,.F.);
#9793=ORIENTED_EDGE('',*,*,#9764,.F.);
#9794=EDGE_LOOP('',(#9780,#9787,#9792,#9793));
#9795=FACE_OUTER_BOUND('',#9794,.T.);
#9796=CARTESIAN_POINT('',(780.,165.,572.84325));
#9797=DIRECTION('',(0.,0.,1.));
#9798=DIRECTION('',(0.13053,-0.99144,0.));
#9799=AXIS2_PLACEMENT_3D('',#9796,#9797,#9798);
#9800=PLANE('',#9799);
#9801=ADVANCED_FACE('',(#9795),#9800,.T.);
#9802=ORIENTED_EDGE('',*,*,#9227,.T.);
#9803=CARTESIAN_POINT('',(783.0718,161.,572.84325));
#9804=VERTEX_POINT('',#9803);
#9805=DIRECTION('',(0.86603,0.5,0.));
#9806=VECTOR('',#9805,2.);
#9807=LINE('',#9217,#9806);
#9808=EDGE_CURVE('',#9218,#9804,#9807,.T.);
#9809=ORIENTED_EDGE('',*,*,#9808,.T.);
#9810=DIRECTION('',(0.38268,-0.92388,0.));
#9811=VECTOR('',#9810,2.08842);
#9812=LINE('',#9781,#9811);
#9813=EDGE_CURVE('',#9782,#9804,#9812,.T.);
#9814=ORIENTED_EDGE('',*,*,#9813,.F.);
#9815=ORIENTED_EDGE('',*,*,#9786,.F.);
#9816=EDGE_LOOP('',(#9802,#9809,#9814,#9815));
#9817=FACE_OUTER_BOUND('',#9816,.T.);
#9818=CARTESIAN_POINT('',(780.34074,162.41181,572.84325));
#9819=DIRECTION('',(0.,0.,1.));
#9820=DIRECTION('',(0.38268,-0.92388,0.));
#9821=AXIS2_PLACEMENT_3D('',#9818,#9819,#9820);
#9822=PLANE('',#9821);
#9823=ADVANCED_FACE('',(#9817),#9822,.T.);
#9824=ORIENTED_EDGE('',*,*,#9255,.T.);
#9825=CARTESIAN_POINT('',(784.34315,159.34315,572.84325));
#9826=VERTEX_POINT('',#9825);
#9827=DIRECTION('',(0.70711,0.70711,0.));
#9828=VECTOR('',#9827,2.);
#9829=LINE('',#9245,#9828);
#9830=EDGE_CURVE('',#9246,#9826,#9829,.T.);
#9831=ORIENTED_EDGE('',*,*,#9830,.T.);
#9832=DIRECTION('',(0.60876,-0.79335,0.));
#9833=VECTOR('',#9832,2.08842);
#9834=LINE('',#9803,#9833);
#9835=EDGE_CURVE('',#9804,#9826,#9834,.T.);
#9836=ORIENTED_EDGE('',*,*,#9835,.F.);
#9837=ORIENTED_EDGE('',*,*,#9808,.F.);
#9838=EDGE_LOOP('',(#9824,#9831,#9836,#9837));
#9839=FACE_OUTER_BOUND('',#9838,.T.);
#9840=CARTESIAN_POINT('',(781.33975,160.,572.84325));
#9841=DIRECTION('',(0.,0.,1.));
#9842=DIRECTION('',(0.60876,-0.79335,0.));
#9843=AXIS2_PLACEMENT_3D('',#9840,#9841,#9842);
#9844=PLANE('',#9843);
#9845=ADVANCED_FACE('',(#9839),#9844,.T.);
#9846=ORIENTED_EDGE('',*,*,#9283,.T.);
#9847=CARTESIAN_POINT('',(786.,158.0718,572.84325));
#9848=VERTEX_POINT('',#9847);
#9849=DIRECTION('',(0.5,0.86603,0.));
#9850=VECTOR('',#9849,2.);
#9851=LINE('',#9273,#9850);
#9852=EDGE_CURVE('',#9274,#9848,#9851,.T.);
#9853=ORIENTED_EDGE('',*,*,#9852,.T.);
#9854=DIRECTION('',(0.79335,-0.60876,0.));
#9855=VECTOR('',#9854,2.08842);
#9856=LINE('',#9825,#9855);
#9857=EDGE_CURVE('',#9826,#9848,#9856,.T.);
#9858=ORIENTED_EDGE('',*,*,#9857,.F.);
#9859=ORIENTED_EDGE('',*,*,#9830,.F.);
#9860=EDGE_LOOP('',(#9846,#9853,#9858,#9859));
#9861=FACE_OUTER_BOUND('',#9860,.T.);
#9862=CARTESIAN_POINT('',(782.92893,157.92893,572.84325));
#9863=DIRECTION('',(0.,0.,1.));
#9864=DIRECTION('',(0.79335,-0.60876,0.));
#9865=AXIS2_PLACEMENT_3D('',#9862,#9863,#9864);
#9866=PLANE('',#9865);
#9867=ADVANCED_FACE('',(#9861),#9866,.T.);
#9868=ORIENTED_EDGE('',*,*,#9311,.T.);
#9869=CARTESIAN_POINT('',(787.92945,157.27259,572.84325));
#9870=VERTEX_POINT('',#9869);
#9871=DIRECTION('',(0.25882,0.96593,0.));
#9872=VECTOR('',#9871,2.);
#9873=LINE('',#9301,#9872);
#9874=EDGE_CURVE('',#9302,#9870,#9873,.T.);
#9875=ORIENTED_EDGE('',*,*,#9874,.T.);
#9876=DIRECTION('',(0.92388,-0.38268,0.));
#9877=VECTOR('',#9876,2.08842);
#9878=LINE('',#9847,#9877);
#9879=EDGE_CURVE('',#9848,#9870,#9878,.T.);
#9880=ORIENTED_EDGE('',*,*,#9879,.F.);
#9881=ORIENTED_EDGE('',*,*,#9852,.F.);
#9882=EDGE_LOOP('',(#9868,#9875,#9880,#9881));
#9883=FACE_OUTER_BOUND('',#9882,.T.);
#9884=CARTESIAN_POINT('',(785.,156.33975,572.84325));
#9885=DIRECTION('',(0.,0.,1.));
#9886=DIRECTION('',(0.92388,-0.38268,0.));
#9887=AXIS2_PLACEMENT_3D('',#9884,#9885,#9886);
#9888=PLANE('',#9887);
#9889=ADVANCED_FACE('',(#9883),#9888,.T.);
#9890=ORIENTED_EDGE('',*,*,#9339,.T.);
#9891=CARTESIAN_POINT('',(790.,157.,572.84325));
#9892=VERTEX_POINT('',#9891);
#9893=DIRECTION('',(0.,1.,0.));
#9894=VECTOR('',#9893,2.);
#9895=LINE('',#9329,#9894);
#9896=EDGE_CURVE('',#9330,#9892,#9895,.T.);
#9897=ORIENTED_EDGE('',*,*,#9896,.T.);
#9898=DIRECTION('',(0.99144,-0.13053,0.));
#9899=VECTOR('',#9898,2.08842);
#9900=LINE('',#9869,#9899);
#9901=EDGE_CURVE('',#9870,#9892,#9900,.T.);
#9902=ORIENTED_EDGE('',*,*,#9901,.F.);
#9903=ORIENTED_EDGE('',*,*,#9874,.F.);
#9904=EDGE_LOOP('',(#9890,#9897,#9902,#9903));
#9905=FACE_OUTER_BOUND('',#9904,.T.);
#9906=CARTESIAN_POINT('',(787.41181,155.34074,572.84325));
#9907=DIRECTION('',(0.,0.,1.));
#9908=DIRECTION('',(0.99144,-0.13053,0.));
#9909=AXIS2_PLACEMENT_3D('',#9906,#9907,#9908);
#9910=PLANE('',#9909);
#9911=ADVANCED_FACE('',(#9905),#9910,.T.);
#9912=ORIENTED_EDGE('',*,*,#9367,.T.);
#9913=CARTESIAN_POINT('',(792.07055,157.27259,572.84325));
#9914=VERTEX_POINT('',#9913);
#9915=DIRECTION('',(-0.25882,0.96593,0.));
#9916=VECTOR('',#9915,2.);
#9917=LINE('',#9357,#9916);
#9918=EDGE_CURVE('',#9358,#9914,#9917,.T.);
#9919=ORIENTED_EDGE('',*,*,#9918,.T.);
#9920=DIRECTION('',(0.99144,0.13053,0.));
#9921=VECTOR('',#9920,2.08842);
#9922=LINE('',#9891,#9921);
#9923=EDGE_CURVE('',#9892,#9914,#9922,.T.);
#9924=ORIENTED_EDGE('',*,*,#9923,.F.);
#9925=ORIENTED_EDGE('',*,*,#9896,.F.);
#9926=EDGE_LOOP('',(#9912,#9919,#9924,#9925));
#9927=FACE_OUTER_BOUND('',#9926,.T.);
#9928=CARTESIAN_POINT('',(790.,155.,572.84325));
#9929=DIRECTION('',(0.,0.,1.));
#9930=DIRECTION('',(0.99144,0.13053,0.));
#9931=AXIS2_PLACEMENT_3D('',#9928,#9929,#9930);
#9932=PLANE('',#9931);
#9933=ADVANCED_FACE('',(#9927),#9932,.T.);
#9934=ORIENTED_EDGE('',*,*,#9395,.T.);
#9935=CARTESIAN_POINT('',(794.,158.0718,572.84325));
#9936=VERTEX_POINT('',#9935);
#9937=DIRECTION('',(-0.5,0.86603,0.));
#9938=VECTOR('',#9937,2.);
#9939=LINE('',#9385,#9938);
#9940=EDGE_CURVE('',#9386,#9936,#9939,.T.);
#9941=ORIENTED_EDGE('',*,*,#9940,.T.);
#9942=DIRECTION('',(0.92388,0.38268,0.));
#9943=VECTOR('',#9942,2.08842);
#9944=LINE('',#9913,#9943);
#9945=EDGE_CURVE('',#9914,#9936,#9944,.T.);
#9946=ORIENTED_EDGE('',*,*,#9945,.F.);
#9947=ORIENTED_EDGE('',*,*,#9918,.F.);
#9948=EDGE_LOOP('',(#9934,#9941,#9946,#9947));
#9949=FACE_OUTER_BOUND('',#9948,.T.);
#9950=CARTESIAN_POINT('',(792.58819,155.34074,572.84325));
#9951=DIRECTION('',(0.,0.,1.));
#9952=DIRECTION('',(0.92388,0.38268,0.));
#9953=AXIS2_PLACEMENT_3D('',#9950,#9951,#9952);
#9954=PLANE('',#9953);
#9955=ADVANCED_FACE('',(#9949),#9954,.T.);
#9956=ORIENTED_EDGE('',*,*,#9423,.T.);
#9957=CARTESIAN_POINT('',(795.65685,159.34315,572.84325));
#9958=VERTEX_POINT('',#9957);
#9959=DIRECTION('',(-0.70711,0.70711,0.));
#9960=VECTOR('',#9959,2.);
#9961=LINE('',#9413,#9960);
#9962=EDGE_CURVE('',#9414,#9958,#9961,.T.);
#9963=ORIENTED_EDGE('',*,*,#9962,.T.);
#9964=DIRECTION('',(0.79335,0.60876,0.));
#9965=VECTOR('',#9964,2.08842);
#9966=LINE('',#9935,#9965);
#9967=EDGE_CURVE('',#9936,#9958,#9966,.T.);
#9968=ORIENTED_EDGE('',*,*,#9967,.F.);
#9969=ORIENTED_EDGE('',*,*,#9940,.F.);
#9970=EDGE_LOOP('',(#9956,#9963,#9968,#9969));
#9971=FACE_OUTER_BOUND('',#9970,.T.);
#9972=CARTESIAN_POINT('',(795.,156.33975,572.84325));
#9973=DIRECTION('',(0.,0.,1.));
#9974=DIRECTION('',(0.79335,0.60876,0.));
#9975=AXIS2_PLACEMENT_3D('',#9972,#9973,#9974);
#9976=PLANE('',#9975);
#9977=ADVANCED_FACE('',(#9971),#9976,.T.);
#9978=ORIENTED_EDGE('',*,*,#9451,.T.);
#9979=CARTESIAN_POINT('',(796.9282,161.,572.84325));
#9980=VERTEX_POINT('',#9979);
#9981=DIRECTION('',(-0.86603,0.5,0.));
#9982=VECTOR('',#9981,2.);
#9983=LINE('',#9441,#9982);
#9984=EDGE_CURVE('',#9442,#9980,#9983,.T.);
#9985=ORIENTED_EDGE('',*,*,#9984,.T.);
#9986=DIRECTION('',(0.60876,0.79335,0.));
#9987=VECTOR('',#9986,2.08842);
#9988=LINE('',#9957,#9987);
#9989=EDGE_CURVE('',#9958,#9980,#9988,.T.);
#9990=ORIENTED_EDGE('',*,*,#9989,.F.);
#9991=ORIENTED_EDGE('',*,*,#9962,.F.);
#9992=EDGE_LOOP('',(#9978,#9985,#9990,#9991));
#9993=FACE_OUTER_BOUND('',#9992,.T.);
#9994=CARTESIAN_POINT('',(797.07107,157.92893,572.84325));
#9995=DIRECTION('',(0.,0.,1.));
#9996=DIRECTION('',(0.60876,0.79335,0.));
#9997=AXIS2_PLACEMENT_3D('',#9994,#9995,#9996);
#9998=PLANE('',#9997);
#9999=ADVANCED_FACE('',(#9993),#9998,.T.);
#10000=ORIENTED_EDGE('',*,*,#9479,.T.);
#10001=CARTESIAN_POINT('',(797.72741,162.92945,572.84325));
#10002=VERTEX_POINT('',#10001);
#10003=DIRECTION('',(-0.96593,0.25882,0.));
#10004=VECTOR('',#10003,2.);
#10005=LINE('',#9469,#10004);
#10006=EDGE_CURVE('',#9470,#10002,#10005,.T.);
#10007=ORIENTED_EDGE('',*,*,#10006,.T.);
#10008=DIRECTION('',(0.38268,0.92388,0.));
#10009=VECTOR('',#10008,2.08842);
#10010=LINE('',#9979,#10009);
#10011=EDGE_CURVE('',#9980,#10002,#10010,.T.);
#10012=ORIENTED_EDGE('',*,*,#10011,.F.);
#10013=ORIENTED_EDGE('',*,*,#9984,.F.);
#10014=EDGE_LOOP('',(#10000,#10007,#10012,#10013));
#10015=FACE_OUTER_BOUND('',#10014,.T.);
#10016=CARTESIAN_POINT('',(798.66025,160.,572.84325));
#10017=DIRECTION('',(0.,0.,1.));
#10018=DIRECTION('',(0.38268,0.92388,0.));
#10019=AXIS2_PLACEMENT_3D('',#10016,#10017,#10018);
#10020=PLANE('',#10019);
#10021=ADVANCED_FACE('',(#10015),#10020,.T.);
#10022=ORIENTED_EDGE('',*,*,#9499,.F.);
#10023=ORIENTED_EDGE('',*,*,#9528,.T.);
#10024=DIRECTION('',(-0.13053,-0.99144,0.));
#10025=VECTOR('',#10024,2.08842);
#10026=LINE('',#9518,#10025);
#10027=EDGE_CURVE('',#9519,#10002,#10026,.T.);
#10028=ORIENTED_EDGE('',*,*,#10027,.T.);
#10029=ORIENTED_EDGE('',*,*,#10006,.F.);
#10030=EDGE_LOOP('',(#10022,#10023,#10028,#10029));
#10031=FACE_OUTER_BOUND('',#10030,.T.);
#10032=CARTESIAN_POINT('',(799.65926,162.41181,572.84325));
#10033=DIRECTION('',(0.,0.,1.));
#10034=DIRECTION('',(0.13053,0.99144,0.));
#10035=AXIS2_PLACEMENT_3D('',#10032,#10033,#10034);
#10036=PLANE('',#10035);
#10037=ADVANCED_FACE('',(#10031),#10036,.T.);
#10038=ORIENTED_EDGE('',*,*,#9523,.T.);
#10039=CARTESIAN_POINT('',(797.72741,167.07055,309.));
#10040=VERTEX_POINT('',#10039);
#10041=DIRECTION('',(0.,0.,-1.));
#10042=VECTOR('',#10041,263.84325);
#10043=LINE('',#9511,#10042);
#10044=EDGE_CURVE('',#9512,#10040,#10043,.T.);
#10045=ORIENTED_EDGE('',*,*,#10044,.T.);
#10046=CARTESIAN_POINT('',(798.,165.,309.));
#10047=VERTEX_POINT('',#10046);
#10048=DIRECTION('',(-0.13053,0.99144,0.));
#10049=VECTOR('',#10048,2.08842);
#10050=LINE('',#10046,#10049);
#10051=EDGE_CURVE('',#10047,#10040,#10050,.T.);
#10052=ORIENTED_EDGE('',*,*,#10051,.F.);
#10053=DIRECTION('',(0.,0.,-1.));
#10054=VECTOR('',#10053,263.84325);
#10055=LINE('',#9518,#10054);
#10056=EDGE_CURVE('',#9519,#10047,#10055,.T.);
#10057=ORIENTED_EDGE('',*,*,#10056,.F.);
#10058=EDGE_LOOP('',(#10038,#10045,#10052,#10057));
#10059=FACE_OUTER_BOUND('',#10058,.T.);
#10060=CARTESIAN_POINT('',(798.,165.,572.84325));
#10061=DIRECTION('',(-0.99144,-0.13053,0.));
#10062=DIRECTION('',(-0.13053,0.99144,0.));
#10063=AXIS2_PLACEMENT_3D('',#10060,#10061,#10062);
#10064=PLANE('',#10063);
#10065=ADVANCED_FACE('',(#10059),#10064,.T.);
#10066=ORIENTED_EDGE('',*,*,#9549,.T.);
#10067=CARTESIAN_POINT('',(796.9282,169.,309.));
#10068=VERTEX_POINT('',#10067);
#10069=DIRECTION('',(0.,0.,-1.));
#10070=VECTOR('',#10069,263.84325);
#10071=LINE('',#9539,#10070);
#10072=EDGE_CURVE('',#9540,#10068,#10071,.T.);
#10073=ORIENTED_EDGE('',*,*,#10072,.T.);
#10074=DIRECTION('',(-0.38268,0.92388,0.));
#10075=VECTOR('',#10074,2.08842);
#10076=LINE('',#10039,#10075);
#10077=EDGE_CURVE('',#10040,#10068,#10076,.T.);
#10078=ORIENTED_EDGE('',*,*,#10077,.F.);
#10079=ORIENTED_EDGE('',*,*,#10044,.F.);
#10080=EDGE_LOOP('',(#10066,#10073,#10078,#10079));
#10081=FACE_OUTER_BOUND('',#10080,.T.);
#10082=CARTESIAN_POINT('',(797.72741,167.07055,572.84325));
#10083=DIRECTION('',(-0.92388,-0.38268,0.));
#10084=DIRECTION('',(-0.38268,0.92388,0.));
#10085=AXIS2_PLACEMENT_3D('',#10082,#10083,#10084);
#10086=PLANE('',#10085);
#10087=ADVANCED_FACE('',(#10081),#10086,.T.);
#10088=ORIENTED_EDGE('',*,*,#9571,.T.);
#10089=CARTESIAN_POINT('',(795.65685,170.65685,309.));
#10090=VERTEX_POINT('',#10089);
#10091=DIRECTION('',(0.,0.,-1.));
#10092=VECTOR('',#10091,263.84325);
#10093=LINE('',#9561,#10092);
#10094=EDGE_CURVE('',#9562,#10090,#10093,.T.);
#10095=ORIENTED_EDGE('',*,*,#10094,.T.);
#10096=DIRECTION('',(-0.60876,0.79335,0.));
#10097=VECTOR('',#10096,2.08842);
#10098=LINE('',#10067,#10097);
#10099=EDGE_CURVE('',#10068,#10090,#10098,.T.);
#10100=ORIENTED_EDGE('',*,*,#10099,.F.);
#10101=ORIENTED_EDGE('',*,*,#10072,.F.);
#10102=EDGE_LOOP('',(#10088,#10095,#10100,#10101));
#10103=FACE_OUTER_BOUND('',#10102,.T.);
#10104=CARTESIAN_POINT('',(796.9282,169.,572.84325));
#10105=DIRECTION('',(-0.79335,-0.60876,0.));
#10106=DIRECTION('',(-0.60876,0.79335,0.));
#10107=AXIS2_PLACEMENT_3D('',#10104,#10105,#10106);
#10108=PLANE('',#10107);
#10109=ADVANCED_FACE('',(#10103),#10108,.T.);
#10110=ORIENTED_EDGE('',*,*,#9593,.T.);
#10111=CARTESIAN_POINT('',(794.,171.9282,309.));
#10112=VERTEX_POINT('',#10111);
#10113=DIRECTION('',(0.,0.,-1.));
#10114=VECTOR('',#10113,263.84325);
#10115=LINE('',#9583,#10114);
#10116=EDGE_CURVE('',#9584,#10112,#10115,.T.);
#10117=ORIENTED_EDGE('',*,*,#10116,.T.);
#10118=DIRECTION('',(-0.79335,0.60876,0.));
#10119=VECTOR('',#10118,2.08842);
#10120=LINE('',#10089,#10119);
#10121=EDGE_CURVE('',#10090,#10112,#10120,.T.);
#10122=ORIENTED_EDGE('',*,*,#10121,.F.);
#10123=ORIENTED_EDGE('',*,*,#10094,.F.);
#10124=EDGE_LOOP('',(#10110,#10117,#10122,#10123));
#10125=FACE_OUTER_BOUND('',#10124,.T.);
#10126=CARTESIAN_POINT('',(795.65685,170.65685,572.84325));
#10127=DIRECTION('',(-0.60876,-0.79335,0.));
#10128=DIRECTION('',(-0.79335,0.60876,0.));
#10129=AXIS2_PLACEMENT_3D('',#10126,#10127,#10128);
#10130=PLANE('',#10129);
#10131=ADVANCED_FACE('',(#10125),#10130,.T.);
#10132=ORIENTED_EDGE('',*,*,#9615,.T.);
#10133=CARTESIAN_POINT('',(792.07055,172.72741,309.));
#10134=VERTEX_POINT('',#10133);
#10135=DIRECTION('',(0.,0.,-1.));
#10136=VECTOR('',#10135,263.84325);
#10137=LINE('',#9605,#10136);
#10138=EDGE_CURVE('',#9606,#10134,#10137,.T.);
#10139=ORIENTED_EDGE('',*,*,#10138,.T.);
#10140=DIRECTION('',(-0.92388,0.38268,0.));
#10141=VECTOR('',#10140,2.08842);
#10142=LINE('',#10111,#10141);
#10143=EDGE_CURVE('',#10112,#10134,#10142,.T.);
#10144=ORIENTED_EDGE('',*,*,#10143,.F.);
#10145=ORIENTED_EDGE('',*,*,#10116,.F.);
#10146=EDGE_LOOP('',(#10132,#10139,#10144,#10145));
#10147=FACE_OUTER_BOUND('',#10146,.T.);
#10148=CARTESIAN_POINT('',(794.,171.9282,572.84325));
#10149=DIRECTION('',(-0.38268,-0.92388,0.));
#10150=DIRECTION('',(-0.92388,0.38268,0.));
#10151=AXIS2_PLACEMENT_3D('',#10148,#10149,#10150);
#10152=PLANE('',#10151);
#10153=ADVANCED_FACE('',(#10147),#10152,.T.);
#10154=ORIENTED_EDGE('',*,*,#9637,.T.);
#10155=CARTESIAN_POINT('',(790.,173.,309.));
#10156=VERTEX_POINT('',#10155);
#10157=DIRECTION('',(0.,0.,-1.));
#10158=VECTOR('',#10157,263.84325);
#10159=LINE('',#9627,#10158);
#10160=EDGE_CURVE('',#9628,#10156,#10159,.T.);
#10161=ORIENTED_EDGE('',*,*,#10160,.T.);
#10162=DIRECTION('',(-0.99144,0.13053,0.));
#10163=VECTOR('',#10162,2.08842);
#10164=LINE('',#10133,#10163);
#10165=EDGE_CURVE('',#10134,#10156,#10164,.T.);
#10166=ORIENTED_EDGE('',*,*,#10165,.F.);
#10167=ORIENTED_EDGE('',*,*,#10138,.F.);
#10168=EDGE_LOOP('',(#10154,#10161,#10166,#10167));
#10169=FACE_OUTER_BOUND('',#10168,.T.);
#10170=CARTESIAN_POINT('',(792.07055,172.72741,572.84325));
#10171=DIRECTION('',(-0.13053,-0.99144,0.));
#10172=DIRECTION('',(-0.99144,0.13053,0.));
#10173=AXIS2_PLACEMENT_3D('',#10170,#10171,#10172);
#10174=PLANE('',#10173);
#10175=ADVANCED_FACE('',(#10169),#10174,.T.);
#10176=ORIENTED_EDGE('',*,*,#9659,.T.);
#10177=CARTESIAN_POINT('',(787.92945,172.72741,309.));
#10178=VERTEX_POINT('',#10177);
#10179=DIRECTION('',(0.,0.,-1.));
#10180=VECTOR('',#10179,263.84325);
#10181=LINE('',#9649,#10180);
#10182=EDGE_CURVE('',#9650,#10178,#10181,.T.);
#10183=ORIENTED_EDGE('',*,*,#10182,.T.);
#10184=DIRECTION('',(-0.99144,-0.13053,0.));
#10185=VECTOR('',#10184,2.08842);
#10186=LINE('',#10155,#10185);
#10187=EDGE_CURVE('',#10156,#10178,#10186,.T.);
#10188=ORIENTED_EDGE('',*,*,#10187,.F.);
#10189=ORIENTED_EDGE('',*,*,#10160,.F.);
#10190=EDGE_LOOP('',(#10176,#10183,#10188,#10189));
#10191=FACE_OUTER_BOUND('',#10190,.T.);
#10192=CARTESIAN_POINT('',(790.,173.,572.84325));
#10193=DIRECTION('',(0.13053,-0.99144,0.));
#10194=DIRECTION('',(-0.99144,-0.13053,0.));
#10195=AXIS2_PLACEMENT_3D('',#10192,#10193,#10194);
#10196=PLANE('',#10195);
#10197=ADVANCED_FACE('',(#10191),#10196,.T.);
#10198=ORIENTED_EDGE('',*,*,#9681,.T.);
#10199=CARTESIAN_POINT('',(786.,171.9282,309.));
#10200=VERTEX_POINT('',#10199);
#10201=DIRECTION('',(0.,0.,-1.));
#10202=VECTOR('',#10201,263.84325);
#10203=LINE('',#9671,#10202);
#10204=EDGE_CURVE('',#9672,#10200,#10203,.T.);
#10205=ORIENTED_EDGE('',*,*,#10204,.T.);
#10206=DIRECTION('',(-0.92388,-0.38268,0.));
#10207=VECTOR('',#10206,2.08842);
#10208=LINE('',#10177,#10207);
#10209=EDGE_CURVE('',#10178,#10200,#10208,.T.);
#10210=ORIENTED_EDGE('',*,*,#10209,.F.);
#10211=ORIENTED_EDGE('',*,*,#10182,.F.);
#10212=EDGE_LOOP('',(#10198,#10205,#10210,#10211));
#10213=FACE_OUTER_BOUND('',#10212,.T.);
#10214=CARTESIAN_POINT('',(787.92945,172.72741,572.84325));
#10215=DIRECTION('',(0.38268,-0.92388,0.));
#10216=DIRECTION('',(-0.92388,-0.38268,0.));
#10217=AXIS2_PLACEMENT_3D('',#10214,#10215,#10216);
#10218=PLANE('',#10217);
#10219=ADVANCED_FACE('',(#10213),#10218,.T.);
#10220=ORIENTED_EDGE('',*,*,#9703,.T.);
#10221=CARTESIAN_POINT('',(784.34315,170.65685,309.));
#10222=VERTEX_POINT('',#10221);
#10223=DIRECTION('',(0.,0.,-1.));
#10224=VECTOR('',#10223,263.84325);
#10225=LINE('',#9693,#10224);
#10226=EDGE_CURVE('',#9694,#10222,#10225,.T.);
#10227=ORIENTED_EDGE('',*,*,#10226,.T.);
#10228=DIRECTION('',(-0.79335,-0.60876,0.));
#10229=VECTOR('',#10228,2.08842);
#10230=LINE('',#10199,#10229);
#10231=EDGE_CURVE('',#10200,#10222,#10230,.T.);
#10232=ORIENTED_EDGE('',*,*,#10231,.F.);
#10233=ORIENTED_EDGE('',*,*,#10204,.F.);
#10234=EDGE_LOOP('',(#10220,#10227,#10232,#10233));
#10235=FACE_OUTER_BOUND('',#10234,.T.);
#10236=CARTESIAN_POINT('',(786.,171.9282,572.84325));
#10237=DIRECTION('',(0.60876,-0.79335,0.));
#10238=DIRECTION('',(-0.79335,-0.60876,0.));
#10239=AXIS2_PLACEMENT_3D('',#10236,#10237,#10238);
#10240=PLANE('',#10239);
#10241=ADVANCED_FACE('',(#10235),#10240,.T.);
#10242=ORIENTED_EDGE('',*,*,#9725,.T.);
#10243=CARTESIAN_POINT('',(783.0718,169.,309.));
#10244=VERTEX_POINT('',#10243);
#10245=DIRECTION('',(0.,0.,-1.));
#10246=VECTOR('',#10245,263.84325);
#10247=LINE('',#9715,#10246);
#10248=EDGE_CURVE('',#9716,#10244,#10247,.T.);
#10249=ORIENTED_EDGE('',*,*,#10248,.T.);
#10250=DIRECTION('',(-0.60876,-0.79335,0.));
#10251=VECTOR('',#10250,2.08842);
#10252=LINE('',#10221,#10251);
#10253=EDGE_CURVE('',#10222,#10244,#10252,.T.);
#10254=ORIENTED_EDGE('',*,*,#10253,.F.);
#10255=ORIENTED_EDGE('',*,*,#10226,.F.);
#10256=EDGE_LOOP('',(#10242,#10249,#10254,#10255));
#10257=FACE_OUTER_BOUND('',#10256,.T.);
#10258=CARTESIAN_POINT('',(784.34315,170.65685,572.84325));
#10259=DIRECTION('',(0.79335,-0.60876,0.));
#10260=DIRECTION('',(-0.60876,-0.79335,0.));
#10261=AXIS2_PLACEMENT_3D('',#10258,#10259,#10260);
#10262=PLANE('',#10261);
#10263=ADVANCED_FACE('',(#10257),#10262,.T.);
#10264=ORIENTED_EDGE('',*,*,#9747,.T.);
#10265=CARTESIAN_POINT('',(782.27259,167.07055,309.));
#10266=VERTEX_POINT('',#10265);
#10267=DIRECTION('',(0.,0.,-1.));
#10268=VECTOR('',#10267,263.84325);
#10269=LINE('',#9737,#10268);
#10270=EDGE_CURVE('',#9738,#10266,#10269,.T.);
#10271=ORIENTED_EDGE('',*,*,#10270,.T.);
#10272=DIRECTION('',(-0.38268,-0.92388,0.));
#10273=VECTOR('',#10272,2.08842);
#10274=LINE('',#10243,#10273);
#10275=EDGE_CURVE('',#10244,#10266,#10274,.T.);
#10276=ORIENTED_EDGE('',*,*,#10275,.F.);
#10277=ORIENTED_EDGE('',*,*,#10248,.F.);
#10278=EDGE_LOOP('',(#10264,#10271,#10276,#10277));
#10279=FACE_OUTER_BOUND('',#10278,.T.);
#10280=CARTESIAN_POINT('',(783.0718,169.,572.84325));
#10281=DIRECTION('',(0.92388,-0.38268,0.));
#10282=DIRECTION('',(-0.38268,-0.92388,0.));
#10283=AXIS2_PLACEMENT_3D('',#10280,#10281,#10282);
#10284=PLANE('',#10283);
#10285=ADVANCED_FACE('',(#10279),#10284,.T.);
#10286=ORIENTED_EDGE('',*,*,#9769,.T.);
#10287=CARTESIAN_POINT('',(782.,165.,309.));
#10288=VERTEX_POINT('',#10287);
#10289=DIRECTION('',(0.,0.,-1.));
#10290=VECTOR('',#10289,263.84325);
#10291=LINE('',#9759,#10290);
#10292=EDGE_CURVE('',#9760,#10288,#10291,.T.);
#10293=ORIENTED_EDGE('',*,*,#10292,.T.);
#10294=DIRECTION('',(-0.13053,-0.99144,0.));
#10295=VECTOR('',#10294,2.08842);
#10296=LINE('',#10265,#10295);
#10297=EDGE_CURVE('',#10266,#10288,#10296,.T.);
#10298=ORIENTED_EDGE('',*,*,#10297,.F.);
#10299=ORIENTED_EDGE('',*,*,#10270,.F.);
#10300=EDGE_LOOP('',(#10286,#10293,#10298,#10299));
#10301=FACE_OUTER_BOUND('',#10300,.T.);
#10302=CARTESIAN_POINT('',(782.27259,167.07055,572.84325));
#10303=DIRECTION('',(0.99144,-0.13053,0.));
#10304=DIRECTION('',(-0.13053,-0.99144,0.));
#10305=AXIS2_PLACEMENT_3D('',#10302,#10303,#10304);
#10306=PLANE('',#10305);
#10307=ADVANCED_FACE('',(#10301),#10306,.T.);
#10308=ORIENTED_EDGE('',*,*,#9791,.T.);
#10309=CARTESIAN_POINT('',(782.27259,162.92945,309.));
#10310=VERTEX_POINT('',#10309);
#10311=DIRECTION('',(0.,0.,-1.));
#10312=VECTOR('',#10311,263.84325);
#10313=LINE('',#9781,#10312);
#10314=EDGE_CURVE('',#9782,#10310,#10313,.T.);
#10315=ORIENTED_EDGE('',*,*,#10314,.T.);
#10316=DIRECTION('',(0.13053,-0.99144,0.));
#10317=VECTOR('',#10316,2.08842);
#10318=LINE('',#10287,#10317);
#10319=EDGE_CURVE('',#10288,#10310,#10318,.T.);
#10320=ORIENTED_EDGE('',*,*,#10319,.F.);
#10321=ORIENTED_EDGE('',*,*,#10292,.F.);
#10322=EDGE_LOOP('',(#10308,#10315,#10320,#10321));
#10323=FACE_OUTER_BOUND('',#10322,.T.);
#10324=CARTESIAN_POINT('',(782.,165.,572.84325));
#10325=DIRECTION('',(0.99144,0.13053,0.));
#10326=DIRECTION('',(0.13053,-0.99144,0.));
#10327=AXIS2_PLACEMENT_3D('',#10324,#10325,#10326);
#10328=PLANE('',#10327);
#10329=ADVANCED_FACE('',(#10323),#10328,.T.);
#10330=ORIENTED_EDGE('',*,*,#9813,.T.);
#10331=CARTESIAN_POINT('',(783.0718,161.,309.));
#10332=VERTEX_POINT('',#10331);
#10333=DIRECTION('',(0.,0.,-1.));
#10334=VECTOR('',#10333,263.84325);
#10335=LINE('',#9803,#10334);
#10336=EDGE_CURVE('',#9804,#10332,#10335,.T.);
#10337=ORIENTED_EDGE('',*,*,#10336,.T.);
#10338=DIRECTION('',(0.38268,-0.92388,0.));
#10339=VECTOR('',#10338,2.08842);
#10340=LINE('',#10309,#10339);
#10341=EDGE_CURVE('',#10310,#10332,#10340,.T.);
#10342=ORIENTED_EDGE('',*,*,#10341,.F.);
#10343=ORIENTED_EDGE('',*,*,#10314,.F.);
#10344=EDGE_LOOP('',(#10330,#10337,#10342,#10343));
#10345=FACE_OUTER_BOUND('',#10344,.T.);
#10346=CARTESIAN_POINT('',(782.27259,162.92945,572.84325));
#10347=DIRECTION('',(0.92388,0.38268,0.));
#10348=DIRECTION('',(0.38268,-0.92388,0.));
#10349=AXIS2_PLACEMENT_3D('',#10346,#10347,#10348);
#10350=PLANE('',#10349);
#10351=ADVANCED_FACE('',(#10345),#10350,.T.);
#10352=ORIENTED_EDGE('',*,*,#9835,.T.);
#10353=CARTESIAN_POINT('',(784.34315,159.34315,309.));
#10354=VERTEX_POINT('',#10353);
#10355=DIRECTION('',(0.,0.,-1.));
#10356=VECTOR('',#10355,263.84325);
#10357=LINE('',#9825,#10356);
#10358=EDGE_CURVE('',#9826,#10354,#10357,.T.);
#10359=ORIENTED_EDGE('',*,*,#10358,.T.);
#10360=DIRECTION('',(0.60876,-0.79335,0.));
#10361=VECTOR('',#10360,2.08842);
#10362=LINE('',#10331,#10361);
#10363=EDGE_CURVE('',#10332,#10354,#10362,.T.);
#10364=ORIENTED_EDGE('',*,*,#10363,.F.);
#10365=ORIENTED_EDGE('',*,*,#10336,.F.);
#10366=EDGE_LOOP('',(#10352,#10359,#10364,#10365));
#10367=FACE_OUTER_BOUND('',#10366,.T.);
#10368=CARTESIAN_POINT('',(783.0718,161.,572.84325));
#10369=DIRECTION('',(0.79335,0.60876,0.));
#10370=DIRECTION('',(0.60876,-0.79335,0.));
#10371=AXIS2_PLACEMENT_3D('',#10368,#10369,#10370);
#10372=PLANE('',#10371);
#10373=ADVANCED_FACE('',(#10367),#10372,.T.);
#10374=ORIENTED_EDGE('',*,*,#9857,.T.);
#10375=CARTESIAN_POINT('',(786.,158.0718,309.));
#10376=VERTEX_POINT('',#10375);
#10377=DIRECTION('',(0.,0.,-1.));
#10378=VECTOR('',#10377,263.84325);
#10379=LINE('',#9847,#10378);
#10380=EDGE_CURVE('',#9848,#10376,#10379,.T.);
#10381=ORIENTED_EDGE('',*,*,#10380,.T.);
#10382=DIRECTION('',(0.79335,-0.60876,0.));
#10383=VECTOR('',#10382,2.08842);
#10384=LINE('',#10353,#10383);
#10385=EDGE_CURVE('',#10354,#10376,#10384,.T.);
#10386=ORIENTED_EDGE('',*,*,#10385,.F.);
#10387=ORIENTED_EDGE('',*,*,#10358,.F.);
#10388=EDGE_LOOP('',(#10374,#10381,#10386,#10387));
#10389=FACE_OUTER_BOUND('',#10388,.T.);
#10390=CARTESIAN_POINT('',(784.34315,159.34315,572.84325));
#10391=DIRECTION('',(0.60876,0.79335,0.));
#10392=DIRECTION('',(0.79335,-0.60876,0.));
#10393=AXIS2_PLACEMENT_3D('',#10390,#10391,#10392);
#10394=PLANE('',#10393);
#10395=ADVANCED_FACE('',(#10389),#10394,.T.);
#10396=ORIENTED_EDGE('',*,*,#9879,.T.);
#10397=CARTESIAN_POINT('',(787.92945,157.27259,309.));
#10398=VERTEX_POINT('',#10397);
#10399=DIRECTION('',(0.,0.,-1.));
#10400=VECTOR('',#10399,263.84325);
#10401=LINE('',#9869,#10400);
#10402=EDGE_CURVE('',#9870,#10398,#10401,.T.);
#10403=ORIENTED_EDGE('',*,*,#10402,.T.);
#10404=DIRECTION('',(0.92388,-0.38268,0.));
#10405=VECTOR('',#10404,2.08842);
#10406=LINE('',#10375,#10405);
#10407=EDGE_CURVE('',#10376,#10398,#10406,.T.);
#10408=ORIENTED_EDGE('',*,*,#10407,.F.);
#10409=ORIENTED_EDGE('',*,*,#10380,.F.);
#10410=EDGE_LOOP('',(#10396,#10403,#10408,#10409));
#10411=FACE_OUTER_BOUND('',#10410,.T.);
#10412=CARTESIAN_POINT('',(786.,158.0718,572.84325));
#10413=DIRECTION('',(0.38268,0.92388,0.));
#10414=DIRECTION('',(0.92388,-0.38268,0.));
#10415=AXIS2_PLACEMENT_3D('',#10412,#10413,#10414);
#10416=PLANE('',#10415);
#10417=ADVANCED_FACE('',(#10411),#10416,.T.);
#10418=ORIENTED_EDGE('',*,*,#9901,.T.);
#10419=CARTESIAN_POINT('',(790.,157.,309.));
#10420=VERTEX_POINT('',#10419);
#10421=DIRECTION('',(0.,0.,-1.));
#10422=VECTOR('',#10421,263.84325);
#10423=LINE('',#9891,#10422);
#10424=EDGE_CURVE('',#9892,#10420,#10423,.T.);
#10425=ORIENTED_EDGE('',*,*,#10424,.T.);
#10426=DIRECTION('',(0.99144,-0.13053,0.));
#10427=VECTOR('',#10426,2.08842);
#10428=LINE('',#10397,#10427);
#10429=EDGE_CURVE('',#10398,#10420,#10428,.T.);
#10430=ORIENTED_EDGE('',*,*,#10429,.F.);
#10431=ORIENTED_EDGE('',*,*,#10402,.F.);
#10432=EDGE_LOOP('',(#10418,#10425,#10430,#10431));
#10433=FACE_OUTER_BOUND('',#10432,.T.);
#10434=CARTESIAN_POINT('',(787.92945,157.27259,572.84325));
#10435=DIRECTION('',(0.13053,0.99144,0.));
#10436=DIRECTION('',(0.99144,-0.13053,0.));
#10437=AXIS2_PLACEMENT_3D('',#10434,#10435,#10436);
#10438=PLANE('',#10437);
#10439=ADVANCED_FACE('',(#10433),#10438,.T.);
#10440=ORIENTED_EDGE('',*,*,#9923,.T.);
#10441=CARTESIAN_POINT('',(792.07055,157.27259,309.));
#10442=VERTEX_POINT('',#10441);
#10443=DIRECTION('',(0.,0.,-1.));
#10444=VECTOR('',#10443,263.84325);
#10445=LINE('',#9913,#10444);
#10446=EDGE_CURVE('',#9914,#10442,#10445,.T.);
#10447=ORIENTED_EDGE('',*,*,#10446,.T.);
#10448=DIRECTION('',(0.99144,0.13053,0.));
#10449=VECTOR('',#10448,2.08842);
#10450=LINE('',#10419,#10449);
#10451=EDGE_CURVE('',#10420,#10442,#10450,.T.);
#10452=ORIENTED_EDGE('',*,*,#10451,.F.);
#10453=ORIENTED_EDGE('',*,*,#10424,.F.);
#10454=EDGE_LOOP('',(#10440,#10447,#10452,#10453));
#10455=FACE_OUTER_BOUND('',#10454,.T.);
#10456=CARTESIAN_POINT('',(790.,157.,572.84325));
#10457=DIRECTION('',(-0.13053,0.99144,0.));
#10458=DIRECTION('',(0.99144,0.13053,0.));
#10459=AXIS2_PLACEMENT_3D('',#10456,#10457,#10458);
#10460=PLANE('',#10459);
#10461=ADVANCED_FACE('',(#10455),#10460,.T.);
#10462=ORIENTED_EDGE('',*,*,#9945,.T.);
#10463=CARTESIAN_POINT('',(794.,158.0718,309.));
#10464=VERTEX_POINT('',#10463);
#10465=DIRECTION('',(0.,0.,-1.));
#10466=VECTOR('',#10465,263.84325);
#10467=LINE('',#9935,#10466);
#10468=EDGE_CURVE('',#9936,#10464,#10467,.T.);
#10469=ORIENTED_EDGE('',*,*,#10468,.T.);
#10470=DIRECTION('',(0.92388,0.38268,0.));
#10471=VECTOR('',#10470,2.08842);
#10472=LINE('',#10441,#10471);
#10473=EDGE_CURVE('',#10442,#10464,#10472,.T.);
#10474=ORIENTED_EDGE('',*,*,#10473,.F.);
#10475=ORIENTED_EDGE('',*,*,#10446,.F.);
#10476=EDGE_LOOP('',(#10462,#10469,#10474,#10475));
#10477=FACE_OUTER_BOUND('',#10476,.T.);
#10478=CARTESIAN_POINT('',(792.07055,157.27259,572.84325));
#10479=DIRECTION('',(-0.38268,0.92388,0.));
#10480=DIRECTION('',(0.92388,0.38268,0.));
#10481=AXIS2_PLACEMENT_3D('',#10478,#10479,#10480);
#10482=PLANE('',#10481);
#10483=ADVANCED_FACE('',(#10477),#10482,.T.);
#10484=ORIENTED_EDGE('',*,*,#9967,.T.);
#10485=CARTESIAN_POINT('',(795.65685,159.34315,309.));
#10486=VERTEX_POINT('',#10485);
#10487=DIRECTION('',(0.,0.,-1.));
#10488=VECTOR('',#10487,263.84325);
#10489=LINE('',#9957,#10488);
#10490=EDGE_CURVE('',#9958,#10486,#10489,.T.);
#10491=ORIENTED_EDGE('',*,*,#10490,.T.);
#10492=DIRECTION('',(0.79335,0.60876,0.));
#10493=VECTOR('',#10492,2.08842);
#10494=LINE('',#10463,#10493);
#10495=EDGE_CURVE('',#10464,#10486,#10494,.T.);
#10496=ORIENTED_EDGE('',*,*,#10495,.F.);
#10497=ORIENTED_EDGE('',*,*,#10468,.F.);
#10498=EDGE_LOOP('',(#10484,#10491,#10496,#10497));
#10499=FACE_OUTER_BOUND('',#10498,.T.);
#10500=CARTESIAN_POINT('',(794.,158.0718,572.84325));
#10501=DIRECTION('',(-0.60876,0.79335,0.));
#10502=DIRECTION('',(0.79335,0.60876,0.));
#10503=AXIS2_PLACEMENT_3D('',#10500,#10501,#10502);
#10504=PLANE('',#10503);
#10505=ADVANCED_FACE('',(#10499),#10504,.T.);
#10506=ORIENTED_EDGE('',*,*,#9989,.T.);
#10507=CARTESIAN_POINT('',(796.9282,161.,309.));
#10508=VERTEX_POINT('',#10507);
#10509=DIRECTION('',(0.,0.,-1.));
#10510=VECTOR('',#10509,263.84325);
#10511=LINE('',#9979,#10510);
#10512=EDGE_CURVE('',#9980,#10508,#10511,.T.);
#10513=ORIENTED_EDGE('',*,*,#10512,.T.);
#10514=DIRECTION('',(0.60876,0.79335,0.));
#10515=VECTOR('',#10514,2.08842);
#10516=LINE('',#10485,#10515);
#10517=EDGE_CURVE('',#10486,#10508,#10516,.T.);
#10518=ORIENTED_EDGE('',*,*,#10517,.F.);
#10519=ORIENTED_EDGE('',*,*,#10490,.F.);
#10520=EDGE_LOOP('',(#10506,#10513,#10518,#10519));
#10521=FACE_OUTER_BOUND('',#10520,.T.);
#10522=CARTESIAN_POINT('',(795.65685,159.34315,572.84325));
#10523=DIRECTION('',(-0.79335,0.60876,0.));
#10524=DIRECTION('',(0.60876,0.79335,0.));
#10525=AXIS2_PLACEMENT_3D('',#10522,#10523,#10524);
#10526=PLANE('',#10525);
#10527=ADVANCED_FACE('',(#10521),#10526,.T.);
#10528=ORIENTED_EDGE('',*,*,#10011,.T.);
#10529=CARTESIAN_POINT('',(797.72741,162.92945,309.));
#10530=VERTEX_POINT('',#10529);
#10531=DIRECTION('',(0.,0.,-1.));
#10532=VECTOR('',#10531,263.84325);
#10533=LINE('',#10001,#10532);
#10534=EDGE_CURVE('',#10002,#10530,#10533,.T.);
#10535=ORIENTED_EDGE('',*,*,#10534,.T.);
#10536=DIRECTION('',(0.38268,0.92388,0.));
#10537=VECTOR('',#10536,2.08842);
#10538=LINE('',#10507,#10537);
#10539=EDGE_CURVE('',#10508,#10530,#10538,.T.);
#10540=ORIENTED_EDGE('',*,*,#10539,.F.);
#10541=ORIENTED_EDGE('',*,*,#10512,.F.);
#10542=EDGE_LOOP('',(#10528,#10535,#10540,#10541));
#10543=FACE_OUTER_BOUND('',#10542,.T.);
#10544=CARTESIAN_POINT('',(796.9282,161.,572.84325));
#10545=DIRECTION('',(-0.92388,0.38268,0.));
#10546=DIRECTION('',(0.38268,0.92388,0.));
#10547=AXIS2_PLACEMENT_3D('',#10544,#10545,#10546);
#10548=PLANE('',#10547);
#10549=ADVANCED_FACE('',(#10543),#10548,.T.);
#10550=ORIENTED_EDGE('',*,*,#10027,.F.);
#10551=ORIENTED_EDGE('',*,*,#10056,.T.);
#10552=DIRECTION('',(-0.13053,-0.99144,0.));
#10553=VECTOR('',#10552,2.08842);
#10554=LINE('',#10046,#10553);
#10555=EDGE_CURVE('',#10047,#10530,#10554,.T.);
#10556=ORIENTED_EDGE('',*,*,#10555,.T.);
#10557=ORIENTED_EDGE('',*,*,#10534,.F.);
#10558=EDGE_LOOP('',(#10550,#10551,#10556,#10557));
#10559=FACE_OUTER_BOUND('',#10558,.T.);
#10560=CARTESIAN_POINT('',(797.72741,162.92945,572.84325));
#10561=DIRECTION('',(-0.99144,0.13053,0.));
#10562=DIRECTION('',(0.13053,0.99144,0.));
#10563=AXIS2_PLACEMENT_3D('',#10560,#10561,#10562);
#10564=PLANE('',#10563);
#10565=ADVANCED_FACE('',(#10559),#10564,.T.);
#10566=ORIENTED_EDGE('',*,*,#10051,.T.);
#10567=DIRECTION('',(-0.96593,-0.25882,0.));
#10568=VECTOR('',#10567,2.);
#10569=LINE('',#8840,#10568);
#10570=EDGE_CURVE('',#8841,#10040,#10569,.T.);
#10571=ORIENTED_EDGE('',*,*,#10570,.F.);
#10572=ORIENTED_EDGE('',*,*,#8845,.F.);
#10573=DIRECTION('',(-1.,0.,0.));
#10574=VECTOR('',#10573,2.);
#10575=LINE('',#8838,#10574);
#10576=EDGE_CURVE('',#8839,#10047,#10575,.T.);
#10577=ORIENTED_EDGE('',*,*,#10576,.T.);
#10578=EDGE_LOOP('',(#10566,#10571,#10572,#10577));
#10579=FACE_OUTER_BOUND('',#10578,.T.);
#10580=CARTESIAN_POINT('',(798.,165.,309.));
#10581=DIRECTION('',(0.,0.,-1.));
#10582=DIRECTION('',(-0.13053,0.99144,0.));
#10583=AXIS2_PLACEMENT_3D('',#10580,#10581,#10582);
#10584=PLANE('',#10583);
#10585=ADVANCED_FACE('',(#10579),#10584,.T.);
#10586=ORIENTED_EDGE('',*,*,#10077,.T.);
#10587=DIRECTION('',(-0.86603,-0.5,0.));
#10588=VECTOR('',#10587,2.);
#10589=LINE('',#8874,#10588);
#10590=EDGE_CURVE('',#8875,#10068,#10589,.T.);
#10591=ORIENTED_EDGE('',*,*,#10590,.F.);
#10592=ORIENTED_EDGE('',*,*,#8879,.F.);
#10593=ORIENTED_EDGE('',*,*,#10570,.T.);
#10594=EDGE_LOOP('',(#10586,#10591,#10592,#10593));
#10595=FACE_OUTER_BOUND('',#10594,.T.);
#10596=CARTESIAN_POINT('',(797.72741,167.07055,309.));
#10597=DIRECTION('',(0.,0.,-1.));
#10598=DIRECTION('',(-0.38268,0.92388,0.));
#10599=AXIS2_PLACEMENT_3D('',#10596,#10597,#10598);
#10600=PLANE('',#10599);
#10601=ADVANCED_FACE('',(#10595),#10600,.T.);
#10602=ORIENTED_EDGE('',*,*,#10099,.T.);
#10603=DIRECTION('',(-0.70711,-0.70711,0.));
#10604=VECTOR('',#10603,2.);
#10605=LINE('',#8902,#10604);
#10606=EDGE_CURVE('',#8903,#10090,#10605,.T.);
#10607=ORIENTED_EDGE('',*,*,#10606,.F.);
#10608=ORIENTED_EDGE('',*,*,#8907,.F.);
#10609=ORIENTED_EDGE('',*,*,#10590,.T.);
#10610=EDGE_LOOP('',(#10602,#10607,#10608,#10609));
#10611=FACE_OUTER_BOUND('',#10610,.T.);
#10612=CARTESIAN_POINT('',(796.9282,169.,309.));
#10613=DIRECTION('',(0.,0.,-1.));
#10614=DIRECTION('',(-0.60876,0.79335,0.));
#10615=AXIS2_PLACEMENT_3D('',#10612,#10613,#10614);
#10616=PLANE('',#10615);
#10617=ADVANCED_FACE('',(#10611),#10616,.T.);
#10618=ORIENTED_EDGE('',*,*,#10121,.T.);
#10619=DIRECTION('',(-0.5,-0.86603,0.));
#10620=VECTOR('',#10619,2.);
#10621=LINE('',#8930,#10620);
#10622=EDGE_CURVE('',#8931,#10112,#10621,.T.);
#10623=ORIENTED_EDGE('',*,*,#10622,.F.);
#10624=ORIENTED_EDGE('',*,*,#8935,.F.);
#10625=ORIENTED_EDGE('',*,*,#10606,.T.);
#10626=EDGE_LOOP('',(#10618,#10623,#10624,#10625));
#10627=FACE_OUTER_BOUND('',#10626,.T.);
#10628=CARTESIAN_POINT('',(795.65685,170.65685,309.));
#10629=DIRECTION('',(0.,0.,-1.));
#10630=DIRECTION('',(-0.79335,0.60876,0.));
#10631=AXIS2_PLACEMENT_3D('',#10628,#10629,#10630);
#10632=PLANE('',#10631);
#10633=ADVANCED_FACE('',(#10627),#10632,.T.);
#10634=ORIENTED_EDGE('',*,*,#10143,.T.);
#10635=DIRECTION('',(-0.25882,-0.96593,0.));
#10636=VECTOR('',#10635,2.);
#10637=LINE('',#8958,#10636);
#10638=EDGE_CURVE('',#8959,#10134,#10637,.T.);
#10639=ORIENTED_EDGE('',*,*,#10638,.F.);
#10640=ORIENTED_EDGE('',*,*,#8963,.F.);
#10641=ORIENTED_EDGE('',*,*,#10622,.T.);
#10642=EDGE_LOOP('',(#10634,#10639,#10640,#10641));
#10643=FACE_OUTER_BOUND('',#10642,.T.);
#10644=CARTESIAN_POINT('',(794.,171.9282,309.));
#10645=DIRECTION('',(0.,0.,-1.));
#10646=DIRECTION('',(-0.92388,0.38268,0.));
#10647=AXIS2_PLACEMENT_3D('',#10644,#10645,#10646);
#10648=PLANE('',#10647);
#10649=ADVANCED_FACE('',(#10643),#10648,.T.);
#10650=ORIENTED_EDGE('',*,*,#10165,.T.);
#10651=DIRECTION('',(0.,-1.,0.));
#10652=VECTOR('',#10651,2.);
#10653=LINE('',#8986,#10652);
#10654=EDGE_CURVE('',#8987,#10156,#10653,.T.);
#10655=ORIENTED_EDGE('',*,*,#10654,.F.);
#10656=ORIENTED_EDGE('',*,*,#8991,.F.);
#10657=ORIENTED_EDGE('',*,*,#10638,.T.);
#10658=EDGE_LOOP('',(#10650,#10655,#10656,#10657));
#10659=FACE_OUTER_BOUND('',#10658,.T.);
#10660=CARTESIAN_POINT('',(792.07055,172.72741,309.));
#10661=DIRECTION('',(0.,0.,-1.));
#10662=DIRECTION('',(-0.99144,0.13053,0.));
#10663=AXIS2_PLACEMENT_3D('',#10660,#10661,#10662);
#10664=PLANE('',#10663);
#10665=ADVANCED_FACE('',(#10659),#10664,.T.);
#10666=ORIENTED_EDGE('',*,*,#10187,.T.);
#10667=DIRECTION('',(0.25882,-0.96593,0.));
#10668=VECTOR('',#10667,2.);
#10669=LINE('',#9014,#10668);
#10670=EDGE_CURVE('',#9015,#10178,#10669,.T.);
#10671=ORIENTED_EDGE('',*,*,#10670,.F.);
#10672=ORIENTED_EDGE('',*,*,#9019,.F.);
#10673=ORIENTED_EDGE('',*,*,#10654,.T.);
#10674=EDGE_LOOP('',(#10666,#10671,#10672,#10673));
#10675=FACE_OUTER_BOUND('',#10674,.T.);
#10676=CARTESIAN_POINT('',(790.,173.,309.));
#10677=DIRECTION('',(0.,0.,-1.));
#10678=DIRECTION('',(-0.99144,-0.13053,0.));
#10679=AXIS2_PLACEMENT_3D('',#10676,#10677,#10678);
#10680=PLANE('',#10679);
#10681=ADVANCED_FACE('',(#10675),#10680,.T.);
#10682=ORIENTED_EDGE('',*,*,#10209,.T.);
#10683=DIRECTION('',(0.5,-0.86603,0.));
#10684=VECTOR('',#10683,2.);
#10685=LINE('',#9042,#10684);
#10686=EDGE_CURVE('',#9043,#10200,#10685,.T.);
#10687=ORIENTED_EDGE('',*,*,#10686,.F.);
#10688=ORIENTED_EDGE('',*,*,#9047,.F.);
#10689=ORIENTED_EDGE('',*,*,#10670,.T.);
#10690=EDGE_LOOP('',(#10682,#10687,#10688,#10689));
#10691=FACE_OUTER_BOUND('',#10690,.T.);
#10692=CARTESIAN_POINT('',(787.92945,172.72741,309.));
#10693=DIRECTION('',(0.,0.,-1.));
#10694=DIRECTION('',(-0.92388,-0.38268,0.));
#10695=AXIS2_PLACEMENT_3D('',#10692,#10693,#10694);
#10696=PLANE('',#10695);
#10697=ADVANCED_FACE('',(#10691),#10696,.T.);
#10698=ORIENTED_EDGE('',*,*,#10231,.T.);
#10699=DIRECTION('',(0.70711,-0.70711,0.));
#10700=VECTOR('',#10699,2.);
#10701=LINE('',#9070,#10700);
#10702=EDGE_CURVE('',#9071,#10222,#10701,.T.);
#10703=ORIENTED_EDGE('',*,*,#10702,.F.);
#10704=ORIENTED_EDGE('',*,*,#9075,.F.);
#10705=ORIENTED_EDGE('',*,*,#10686,.T.);
#10706=EDGE_LOOP('',(#10698,#10703,#10704,#10705));
#10707=FACE_OUTER_BOUND('',#10706,.T.);
#10708=CARTESIAN_POINT('',(786.,171.9282,309.));
#10709=DIRECTION('',(0.,0.,-1.));
#10710=DIRECTION('',(-0.79335,-0.60876,0.));
#10711=AXIS2_PLACEMENT_3D('',#10708,#10709,#10710);
#10712=PLANE('',#10711);
#10713=ADVANCED_FACE('',(#10707),#10712,.T.);
#10714=ORIENTED_EDGE('',*,*,#10253,.T.);
#10715=DIRECTION('',(0.86603,-0.5,0.));
#10716=VECTOR('',#10715,2.);
#10717=LINE('',#9098,#10716);
#10718=EDGE_CURVE('',#9099,#10244,#10717,.T.);
#10719=ORIENTED_EDGE('',*,*,#10718,.F.);
#10720=ORIENTED_EDGE('',*,*,#9103,.F.);
#10721=ORIENTED_EDGE('',*,*,#10702,.T.);
#10722=EDGE_LOOP('',(#10714,#10719,#10720,#10721));
#10723=FACE_OUTER_BOUND('',#10722,.T.);
#10724=CARTESIAN_POINT('',(784.34315,170.65685,309.));
#10725=DIRECTION('',(0.,0.,-1.));
#10726=DIRECTION('',(-0.60876,-0.79335,0.));
#10727=AXIS2_PLACEMENT_3D('',#10724,#10725,#10726);
#10728=PLANE('',#10727);
#10729=ADVANCED_FACE('',(#10723),#10728,.T.);
#10730=ORIENTED_EDGE('',*,*,#10275,.T.);
#10731=DIRECTION('',(0.96593,-0.25882,0.));
#10732=VECTOR('',#10731,2.);
#10733=LINE('',#9126,#10732);
#10734=EDGE_CURVE('',#9127,#10266,#10733,.T.);
#10735=ORIENTED_EDGE('',*,*,#10734,.F.);
#10736=ORIENTED_EDGE('',*,*,#9131,.F.);
#10737=ORIENTED_EDGE('',*,*,#10718,.T.);
#10738=EDGE_LOOP('',(#10730,#10735,#10736,#10737));
#10739=FACE_OUTER_BOUND('',#10738,.T.);
#10740=CARTESIAN_POINT('',(783.0718,169.,309.));
#10741=DIRECTION('',(0.,0.,-1.));
#10742=DIRECTION('',(-0.38268,-0.92388,0.));
#10743=AXIS2_PLACEMENT_3D('',#10740,#10741,#10742);
#10744=PLANE('',#10743);
#10745=ADVANCED_FACE('',(#10739),#10744,.T.);
#10746=ORIENTED_EDGE('',*,*,#10297,.T.);
#10747=DIRECTION('',(1.,0.,0.));
#10748=VECTOR('',#10747,2.);
#10749=LINE('',#9154,#10748);
#10750=EDGE_CURVE('',#9155,#10288,#10749,.T.);
#10751=ORIENTED_EDGE('',*,*,#10750,.F.);
#10752=ORIENTED_EDGE('',*,*,#9159,.F.);
#10753=ORIENTED_EDGE('',*,*,#10734,.T.);
#10754=EDGE_LOOP('',(#10746,#10751,#10752,#10753));
#10755=FACE_OUTER_BOUND('',#10754,.T.);
#10756=CARTESIAN_POINT('',(782.27259,167.07055,309.));
#10757=DIRECTION('',(0.,0.,-1.));
#10758=DIRECTION('',(-0.13053,-0.99144,0.));
#10759=AXIS2_PLACEMENT_3D('',#10756,#10757,#10758);
#10760=PLANE('',#10759);
#10761=ADVANCED_FACE('',(#10755),#10760,.T.);
#10762=ORIENTED_EDGE('',*,*,#10319,.T.);
#10763=DIRECTION('',(0.96593,0.25882,0.));
#10764=VECTOR('',#10763,2.);
#10765=LINE('',#9182,#10764);
#10766=EDGE_CURVE('',#9183,#10310,#10765,.T.);
#10767=ORIENTED_EDGE('',*,*,#10766,.F.);
#10768=ORIENTED_EDGE('',*,*,#9187,.F.);
#10769=ORIENTED_EDGE('',*,*,#10750,.T.);
#10770=EDGE_LOOP('',(#10762,#10767,#10768,#10769));
#10771=FACE_OUTER_BOUND('',#10770,.T.);
#10772=CARTESIAN_POINT('',(782.,165.,309.));
#10773=DIRECTION('',(0.,0.,-1.));
#10774=DIRECTION('',(0.13053,-0.99144,0.));
#10775=AXIS2_PLACEMENT_3D('',#10772,#10773,#10774);
#10776=PLANE('',#10775);
#10777=ADVANCED_FACE('',(#10771),#10776,.T.);
#10778=ORIENTED_EDGE('',*,*,#10341,.T.);
#10779=DIRECTION('',(0.86603,0.5,0.));
#10780=VECTOR('',#10779,2.);
#10781=LINE('',#9210,#10780);
#10782=EDGE_CURVE('',#9211,#10332,#10781,.T.);
#10783=ORIENTED_EDGE('',*,*,#10782,.F.);
#10784=ORIENTED_EDGE('',*,*,#9215,.F.);
#10785=ORIENTED_EDGE('',*,*,#10766,.T.);
#10786=EDGE_LOOP('',(#10778,#10783,#10784,#10785));
#10787=FACE_OUTER_BOUND('',#10786,.T.);
#10788=CARTESIAN_POINT('',(782.27259,162.92945,309.));
#10789=DIRECTION('',(0.,0.,-1.));
#10790=DIRECTION('',(0.38268,-0.92388,0.));
#10791=AXIS2_PLACEMENT_3D('',#10788,#10789,#10790);
#10792=PLANE('',#10791);
#10793=ADVANCED_FACE('',(#10787),#10792,.T.);
#10794=ORIENTED_EDGE('',*,*,#10363,.T.);
#10795=DIRECTION('',(0.70711,0.70711,0.));
#10796=VECTOR('',#10795,2.);
#10797=LINE('',#9238,#10796);
#10798=EDGE_CURVE('',#9239,#10354,#10797,.T.);
#10799=ORIENTED_EDGE('',*,*,#10798,.F.);
#10800=ORIENTED_EDGE('',*,*,#9243,.F.);
#10801=ORIENTED_EDGE('',*,*,#10782,.T.);
#10802=EDGE_LOOP('',(#10794,#10799,#10800,#10801));
#10803=FACE_OUTER_BOUND('',#10802,.T.);
#10804=CARTESIAN_POINT('',(783.0718,161.,309.));
#10805=DIRECTION('',(0.,0.,-1.));
#10806=DIRECTION('',(0.60876,-0.79335,0.));
#10807=AXIS2_PLACEMENT_3D('',#10804,#10805,#10806);
#10808=PLANE('',#10807);
#10809=ADVANCED_FACE('',(#10803),#10808,.T.);
#10810=ORIENTED_EDGE('',*,*,#10385,.T.);
#10811=DIRECTION('',(0.5,0.86603,0.));
#10812=VECTOR('',#10811,2.);
#10813=LINE('',#9266,#10812);
#10814=EDGE_CURVE('',#9267,#10376,#10813,.T.);
#10815=ORIENTED_EDGE('',*,*,#10814,.F.);
#10816=ORIENTED_EDGE('',*,*,#9271,.F.);
#10817=ORIENTED_EDGE('',*,*,#10798,.T.);
#10818=EDGE_LOOP('',(#10810,#10815,#10816,#10817));
#10819=FACE_OUTER_BOUND('',#10818,.T.);
#10820=CARTESIAN_POINT('',(784.34315,159.34315,309.));
#10821=DIRECTION('',(0.,0.,-1.));
#10822=DIRECTION('',(0.79335,-0.60876,0.));
#10823=AXIS2_PLACEMENT_3D('',#10820,#10821,#10822);
#10824=PLANE('',#10823);
#10825=ADVANCED_FACE('',(#10819),#10824,.T.);
#10826=ORIENTED_EDGE('',*,*,#10407,.T.);
#10827=DIRECTION('',(0.25882,0.96593,0.));
#10828=VECTOR('',#10827,2.);
#10829=LINE('',#9294,#10828);
#10830=EDGE_CURVE('',#9295,#10398,#10829,.T.);
#10831=ORIENTED_EDGE('',*,*,#10830,.F.);
#10832=ORIENTED_EDGE('',*,*,#9299,.F.);
#10833=ORIENTED_EDGE('',*,*,#10814,.T.);
#10834=EDGE_LOOP('',(#10826,#10831,#10832,#10833));
#10835=FACE_OUTER_BOUND('',#10834,.T.);
#10836=CARTESIAN_POINT('',(786.,158.0718,309.));
#10837=DIRECTION('',(0.,0.,-1.));
#10838=DIRECTION('',(0.92388,-0.38268,0.));
#10839=AXIS2_PLACEMENT_3D('',#10836,#10837,#10838);
#10840=PLANE('',#10839);
#10841=ADVANCED_FACE('',(#10835),#10840,.T.);
#10842=ORIENTED_EDGE('',*,*,#10429,.T.);
#10843=DIRECTION('',(0.,1.,0.));
#10844=VECTOR('',#10843,2.);
#10845=LINE('',#9322,#10844);
#10846=EDGE_CURVE('',#9323,#10420,#10845,.T.);
#10847=ORIENTED_EDGE('',*,*,#10846,.F.);
#10848=ORIENTED_EDGE('',*,*,#9327,.F.);
#10849=ORIENTED_EDGE('',*,*,#10830,.T.);
#10850=EDGE_LOOP('',(#10842,#10847,#10848,#10849));
#10851=FACE_OUTER_BOUND('',#10850,.T.);
#10852=CARTESIAN_POINT('',(787.92945,157.27259,309.));
#10853=DIRECTION('',(0.,0.,-1.));
#10854=DIRECTION('',(0.99144,-0.13053,0.));
#10855=AXIS2_PLACEMENT_3D('',#10852,#10853,#10854);
#10856=PLANE('',#10855);
#10857=ADVANCED_FACE('',(#10851),#10856,.T.);
#10858=ORIENTED_EDGE('',*,*,#10451,.T.);
#10859=DIRECTION('',(-0.25882,0.96593,0.));
#10860=VECTOR('',#10859,2.);
#10861=LINE('',#9350,#10860);
#10862=EDGE_CURVE('',#9351,#10442,#10861,.T.);
#10863=ORIENTED_EDGE('',*,*,#10862,.F.);
#10864=ORIENTED_EDGE('',*,*,#9355,.F.);
#10865=ORIENTED_EDGE('',*,*,#10846,.T.);
#10866=EDGE_LOOP('',(#10858,#10863,#10864,#10865));
#10867=FACE_OUTER_BOUND('',#10866,.T.);
#10868=CARTESIAN_POINT('',(790.,157.,309.));
#10869=DIRECTION('',(0.,0.,-1.));
#10870=DIRECTION('',(0.99144,0.13053,0.));
#10871=AXIS2_PLACEMENT_3D('',#10868,#10869,#10870);
#10872=PLANE('',#10871);
#10873=ADVANCED_FACE('',(#10867),#10872,.T.);
#10874=ORIENTED_EDGE('',*,*,#10473,.T.);
#10875=DIRECTION('',(-0.5,0.86603,0.));
#10876=VECTOR('',#10875,2.);
#10877=LINE('',#9378,#10876);
#10878=EDGE_CURVE('',#9379,#10464,#10877,.T.);
#10879=ORIENTED_EDGE('',*,*,#10878,.F.);
#10880=ORIENTED_EDGE('',*,*,#9383,.F.);
#10881=ORIENTED_EDGE('',*,*,#10862,.T.);
#10882=EDGE_LOOP('',(#10874,#10879,#10880,#10881));
#10883=FACE_OUTER_BOUND('',#10882,.T.);
#10884=CARTESIAN_POINT('',(792.07055,157.27259,309.));
#10885=DIRECTION('',(0.,0.,-1.));
#10886=DIRECTION('',(0.92388,0.38268,0.));
#10887=AXIS2_PLACEMENT_3D('',#10884,#10885,#10886);
#10888=PLANE('',#10887);
#10889=ADVANCED_FACE('',(#10883),#10888,.T.);
#10890=ORIENTED_EDGE('',*,*,#10495,.T.);
#10891=DIRECTION('',(-0.70711,0.70711,0.));
#10892=VECTOR('',#10891,2.);
#10893=LINE('',#9406,#10892);
#10894=EDGE_CURVE('',#9407,#10486,#10893,.T.);
#10895=ORIENTED_EDGE('',*,*,#10894,.F.);
#10896=ORIENTED_EDGE('',*,*,#9411,.F.);
#10897=ORIENTED_EDGE('',*,*,#10878,.T.);
#10898=EDGE_LOOP('',(#10890,#10895,#10896,#10897));
#10899=FACE_OUTER_BOUND('',#10898,.T.);
#10900=CARTESIAN_POINT('',(794.,158.0718,309.));
#10901=DIRECTION('',(0.,0.,-1.));
#10902=DIRECTION('',(0.79335,0.60876,0.));
#10903=AXIS2_PLACEMENT_3D('',#10900,#10901,#10902);
#10904=PLANE('',#10903);
#10905=ADVANCED_FACE('',(#10899),#10904,.T.);
#10906=ORIENTED_EDGE('',*,*,#10517,.T.);
#10907=DIRECTION('',(-0.86603,0.5,0.));
#10908=VECTOR('',#10907,2.);
#10909=LINE('',#9434,#10908);
#10910=EDGE_CURVE('',#9435,#10508,#10909,.T.);
#10911=ORIENTED_EDGE('',*,*,#10910,.F.);
#10912=ORIENTED_EDGE('',*,*,#9439,.F.);
#10913=ORIENTED_EDGE('',*,*,#10894,.T.);
#10914=EDGE_LOOP('',(#10906,#10911,#10912,#10913));
#10915=FACE_OUTER_BOUND('',#10914,.T.);
#10916=CARTESIAN_POINT('',(795.65685,159.34315,309.));
#10917=DIRECTION('',(0.,0.,-1.));
#10918=DIRECTION('',(0.60876,0.79335,0.));
#10919=AXIS2_PLACEMENT_3D('',#10916,#10917,#10918);
#10920=PLANE('',#10919);
#10921=ADVANCED_FACE('',(#10915),#10920,.T.);
#10922=ORIENTED_EDGE('',*,*,#10539,.T.);
#10923=DIRECTION('',(-0.96593,0.25882,0.));
#10924=VECTOR('',#10923,2.);
#10925=LINE('',#9462,#10924);
#10926=EDGE_CURVE('',#9463,#10530,#10925,.T.);
#10927=ORIENTED_EDGE('',*,*,#10926,.F.);
#10928=ORIENTED_EDGE('',*,*,#9467,.F.);
#10929=ORIENTED_EDGE('',*,*,#10910,.T.);
#10930=EDGE_LOOP('',(#10922,#10927,#10928,#10929));
#10931=FACE_OUTER_BOUND('',#10930,.T.);
#10932=CARTESIAN_POINT('',(796.9282,161.,309.));
#10933=DIRECTION('',(0.,0.,-1.));
#10934=DIRECTION('',(0.38268,0.92388,0.));
#10935=AXIS2_PLACEMENT_3D('',#10932,#10933,#10934);
#10936=PLANE('',#10935);
#10937=ADVANCED_FACE('',(#10931),#10936,.T.);
#10938=ORIENTED_EDGE('',*,*,#10555,.F.);
#10939=ORIENTED_EDGE('',*,*,#10576,.F.);
#10940=ORIENTED_EDGE('',*,*,#9493,.T.);
#10941=ORIENTED_EDGE('',*,*,#10926,.T.);
#10942=EDGE_LOOP('',(#10938,#10939,#10940,#10941));
#10943=FACE_OUTER_BOUND('',#10942,.T.);
#10944=CARTESIAN_POINT('',(797.72741,162.92945,309.));
#10945=DIRECTION('',(0.,0.,-1.));
#10946=DIRECTION('',(0.13053,0.99144,0.));
#10947=AXIS2_PLACEMENT_3D('',#10944,#10945,#10946);
#10948=PLANE('',#10947);
#10949=ADVANCED_FACE('',(#10943),#10948,.T.);
#10950=CLOSED_SHELL('',(#8873,#8901,#8929,#8957,#8985,#9013,#9041,#9069,#9097,#9125,#9153,#9181,#9209,#9237,#9265,#9293,#9321,#9349,#9377,#9405,#9433,#9461,#9489,#9509,#9537,#9559,#9581,#9603,#9625,#9647,#9669,#9691,#9713,#9735,#9757,#9779,#9801,#9823,#9845,#9867,#9889,#9911,#9933,#9955,#9977,#9999,#10021,#10037,#10065,#10087,#10109,#10131,#10153,#10175,#10197,#10219,#10241,#10263,#10285,#10307,#10329,#10351,#10373,#10395,#10417,#10439,#10461,#10483,#10505,#10527,#10549,#10565,#10585,#10601,#10617,#10633,#10649,#10665,#10681,#10697,#10713,#10729,#10745,#10761,#10777,#10793,#10809,#10825,#10841,#10857,#10873,#10889,#10905,#10921,#10937,#10949));
#10951=MANIFOLD_SOLID_BREP('',#10950);
#10952=STYLED_ITEM('color',(#1458),#10951);
#10953=CARTESIAN_POINT('',(776.,151.,572.84325));
#10954=VERTEX_POINT('',#10953);
#10955=CARTESIAN_POINT('',(776.,179.,572.84325));
#10956=VERTEX_POINT('',#10955);
#10957=DIRECTION('',(0.,1.,0.));
#10958=VECTOR('',#10957,28.);
#10959=LINE('',#10953,#10958);
#10960=EDGE_CURVE('',#10954,#10956,#10959,.T.);
#10961=ORIENTED_EDGE('',*,*,#10960,.T.);
#10962=CARTESIAN_POINT('',(804.,179.,572.84325));
#10963=VERTEX_POINT('',#10962);
#10964=DIRECTION('',(-1.,0.,0.));
#10965=VECTOR('',#10964,28.);
#10966=LINE('',#10962,#10965);
#10967=EDGE_CURVE('',#10963,#10956,#10966,.T.);
#10968=ORIENTED_EDGE('',*,*,#10967,.F.);
#10969=CARTESIAN_POINT('',(804.,151.,572.84325));
#10970=VERTEX_POINT('',#10969);
#10971=DIRECTION('',(0.,1.,0.));
#10972=VECTOR('',#10971,28.);
#10973=LINE('',#10969,#10972);
#10974=EDGE_CURVE('',#10970,#10963,#10973,.T.);
#10975=ORIENTED_EDGE('',*,*,#10974,.F.);
#10976=DIRECTION('',(1.,0.,0.));
#10977=VECTOR('',#10976,28.);
#10978=LINE('',#10953,#10977);
#10979=EDGE_CURVE('',#10954,#10970,#10978,.T.);
#10980=ORIENTED_EDGE('',*,*,#10979,.F.);
#10981=EDGE_LOOP('',(#10961,#10968,#10975,#10980));
#10982=FACE_OUTER_BOUND('',#10981,.T.);
#10983=CARTESIAN_POINT('',(776.,151.,572.84325));
#10984=DIRECTION('',(0.,0.,-1.));
#10985=DIRECTION('',(0.,1.,0.));
#10986=AXIS2_PLACEMENT_3D('',#10983,#10984,#10985);
#10987=PLANE('',#10986);
#10988=ADVANCED_FACE('',(#10982),#10987,.T.);
#10989=CARTESIAN_POINT('',(776.,151.,580.34325));
#10990=VERTEX_POINT('',#10989);
#10991=CARTESIAN_POINT('',(804.,151.,580.34325));
#10992=VERTEX_POINT('',#10991);
#10993=DIRECTION('',(1.,0.,0.));
#10994=VECTOR('',#10993,28.);
#10995=LINE('',#10989,#10994);
#10996=EDGE_CURVE('',#10990,#10992,#10995,.T.);
#10997=ORIENTED_EDGE('',*,*,#10996,.T.);
#10998=CARTESIAN_POINT('',(804.,179.,580.34325));
#10999=VERTEX_POINT('',#10998);
#11000=DIRECTION('',(0.,1.,0.));
#11001=VECTOR('',#11000,28.);
#11002=LINE('',#10991,#11001);
#11003=EDGE_CURVE('',#10992,#10999,#11002,.T.);
#11004=ORIENTED_EDGE('',*,*,#11003,.T.);
#11005=CARTESIAN_POINT('',(776.,179.,580.34325));
#11006=VERTEX_POINT('',#11005);
#11007=DIRECTION('',(-1.,0.,0.));
#11008=VECTOR('',#11007,28.);
#11009=LINE('',#10998,#11008);
#11010=EDGE_CURVE('',#10999,#11006,#11009,.T.);
#11011=ORIENTED_EDGE('',*,*,#11010,.T.);
#11012=DIRECTION('',(0.,1.,0.));
#11013=VECTOR('',#11012,28.);
#11014=LINE('',#10989,#11013);
#11015=EDGE_CURVE('',#10990,#11006,#11014,.T.);
#11016=ORIENTED_EDGE('',*,*,#11015,.F.);
#11017=EDGE_LOOP('',(#10997,#11004,#11011,#11016));
#11018=FACE_OUTER_BOUND('',#11017,.T.);
#11019=CARTESIAN_POINT('',(776.,151.,580.34325));
#11020=DIRECTION('',(0.,0.,1.));
#11021=DIRECTION('',(1.,0.,0.));
#11022=AXIS2_PLACEMENT_3D('',#11019,#11020,#11021);
#11023=PLANE('',#11022);
#11024=ADVANCED_FACE('',(#11018),#11023,.T.);
#11025=ORIENTED_EDGE('',*,*,#10979,.T.);
#11026=DIRECTION('',(0.,0.,1.));
#11027=VECTOR('',#11026,7.5);
#11028=LINE('',#10969,#11027);
#11029=EDGE_CURVE('',#10970,#10992,#11028,.T.);
#11030=ORIENTED_EDGE('',*,*,#11029,.T.);
#11031=ORIENTED_EDGE('',*,*,#10996,.F.);
#11032=DIRECTION('',(0.,0.,1.));
#11033=VECTOR('',#11032,7.5);
#11034=LINE('',#10953,#11033);
#11035=EDGE_CURVE('',#10954,#10990,#11034,.T.);
#11036=ORIENTED_EDGE('',*,*,#11035,.F.);
#11037=EDGE_LOOP('',(#11025,#11030,#11031,#11036));
#11038=FACE_OUTER_BOUND('',#11037,.T.);
#11039=CARTESIAN_POINT('',(776.,151.,572.84325));
#11040=DIRECTION('',(0.,-1.,0.));
#11041=DIRECTION('',(1.,0.,0.));
#11042=AXIS2_PLACEMENT_3D('',#11039,#11040,#11041);
#11043=PLANE('',#11042);
#11044=ADVANCED_FACE('',(#11038),#11043,.T.);
#11045=ORIENTED_EDGE('',*,*,#10974,.T.);
#11046=DIRECTION('',(0.,0.,1.));
#11047=VECTOR('',#11046,7.5);
#11048=LINE('',#10962,#11047);
#11049=EDGE_CURVE('',#10963,#10999,#11048,.T.);
#11050=ORIENTED_EDGE('',*,*,#11049,.T.);
#11051=ORIENTED_EDGE('',*,*,#11003,.F.);
#11052=ORIENTED_EDGE('',*,*,#11029,.F.);
#11053=EDGE_LOOP('',(#11045,#11050,#11051,#11052));
#11054=FACE_OUTER_BOUND('',#11053,.T.);
#11055=CARTESIAN_POINT('',(804.,151.,572.84325));
#11056=DIRECTION('',(1.,0.,0.));
#11057=DIRECTION('',(0.,1.,0.));
#11058=AXIS2_PLACEMENT_3D('',#11055,#11056,#11057);
#11059=PLANE('',#11058);
#11060=ADVANCED_FACE('',(#11054),#11059,.T.);
#11061=ORIENTED_EDGE('',*,*,#10967,.T.);
#11062=DIRECTION('',(0.,0.,1.));
#11063=VECTOR('',#11062,7.5);
#11064=LINE('',#10955,#11063);
#11065=EDGE_CURVE('',#10956,#11006,#11064,.T.);
#11066=ORIENTED_EDGE('',*,*,#11065,.T.);
#11067=ORIENTED_EDGE('',*,*,#11010,.F.);
#11068=ORIENTED_EDGE('',*,*,#11049,.F.);
#11069=EDGE_LOOP('',(#11061,#11066,#11067,#11068));
#11070=FACE_OUTER_BOUND('',#11069,.T.);
#11071=CARTESIAN_POINT('',(804.,179.,572.84325));
#11072=DIRECTION('',(0.,1.,0.));
#11073=DIRECTION('',(-1.,0.,0.));
#11074=AXIS2_PLACEMENT_3D('',#11071,#11072,#11073);
#11075=PLANE('',#11074);
#11076=ADVANCED_FACE('',(#11070),#11075,.T.);
#11077=ORIENTED_EDGE('',*,*,#10960,.F.);
#11078=ORIENTED_EDGE('',*,*,#11035,.T.);
#11079=ORIENTED_EDGE('',*,*,#11015,.T.);
#11080=ORIENTED_EDGE('',*,*,#11065,.F.);
#11081=EDGE_LOOP('',(#11077,#11078,#11079,#11080));
#11082=FACE_OUTER_BOUND('',#11081,.T.);
#11083=CARTESIAN_POINT('',(776.,179.,572.84325));
#11084=DIRECTION('',(-1.,0.,0.));
#11085=DIRECTION('',(0.,-1.,0.));
#11086=AXIS2_PLACEMENT_3D('',#11083,#11084,#11085);
#11087=PLANE('',#11086);
#11088=ADVANCED_FACE('',(#11082),#11087,.T.);
#11089=CLOSED_SHELL('',(#10988,#11024,#11044,#11060,#11076,#11088));
#11090=MANIFOLD_SOLID_BREP('',#11089);
#11091=STYLED_ITEM('color',(#1458),#11090);
#11092=CARTESIAN_POINT('',(804.,-183.5,303.));
#11093=VERTEX_POINT('',#11092);
#11094=CARTESIAN_POINT('',(807.18198,-182.18198,303.));
#11095=VERTEX_POINT('',#11094);
#11096=DIRECTION('',(0.92388,0.38268,0.));
#11097=VECTOR('',#11096,3.44415);
#11098=LINE('',#11092,#11097);
#11099=EDGE_CURVE('',#11093,#11095,#11098,.T.);
#11100=ORIENTED_EDGE('',*,*,#11099,.T.);
#11101=CARTESIAN_POINT('',(807.93198,-182.93198,303.43934));
#11102=VERTEX_POINT('',#11101);
#11103=DIRECTION('',(0.65328,-0.65328,0.38268));
#11104=VECTOR('',#11103,1.14805);
#11105=LINE('',#11094,#11104);
#11106=EDGE_CURVE('',#11095,#11102,#11105,.T.);
#11107=ORIENTED_EDGE('',*,*,#11106,.T.);
#11108=CARTESIAN_POINT('',(804.,-184.56066,303.43934));
#11109=VERTEX_POINT('',#11108);
#11110=DIRECTION('',(0.92388,0.38268,0.));
#11111=VECTOR('',#11110,4.25595);
#11112=LINE('',#11108,#11111);
#11113=EDGE_CURVE('',#11109,#11102,#11112,.T.);
#11114=ORIENTED_EDGE('',*,*,#11113,.F.);
#11115=DIRECTION('',(0.,-0.92388,0.38268));
#11116=VECTOR('',#11115,1.14805);
#11117=LINE('',#11092,#11116);
#11118=EDGE_CURVE('',#11093,#11109,#11117,.T.);
#11119=ORIENTED_EDGE('',*,*,#11118,.F.);
#11120=EDGE_LOOP('',(#11100,#11107,#11114,#11119));
#11121=FACE_OUTER_BOUND('',#11120,.T.);
#11122=CARTESIAN_POINT('',(804.,-183.5,303.));
#11123=DIRECTION('',(0.15656,-0.37796,-0.91249));
#11124=DIRECTION('',(0.92388,0.38268,0.));
#11125=AXIS2_PLACEMENT_3D('',#11122,#11123,#11124);
#11126=PLANE('',#11125);
#11127=ADVANCED_FACE('',(#11121),#11126,.T.);
#11128=CARTESIAN_POINT('',(808.5,-179.,303.));
#11129=VERTEX_POINT('',#11128);
#11130=DIRECTION('',(0.38268,0.92388,0.));
#11131=VECTOR('',#11130,3.44415);
#11132=LINE('',#11094,#11131);
#11133=EDGE_CURVE('',#11095,#11129,#11132,.T.);
#11134=ORIENTED_EDGE('',*,*,#11133,.T.);
#11135=CARTESIAN_POINT('',(809.56066,-179.,303.43934));
#11136=VERTEX_POINT('',#11135);
#11137=DIRECTION('',(0.92388,0.,0.38268));
#11138=VECTOR('',#11137,1.14805);
#11139=LINE('',#11128,#11138);
#11140=EDGE_CURVE('',#11129,#11136,#11139,.T.);
#11141=ORIENTED_EDGE('',*,*,#11140,.T.);
#11142=DIRECTION('',(0.38268,0.92388,0.));
#11143=VECTOR('',#11142,4.25595);
#11144=LINE('',#11101,#11143);
#11145=EDGE_CURVE('',#11102,#11136,#11144,.T.);
#11146=ORIENTED_EDGE('',*,*,#11145,.F.);
#11147=ORIENTED_EDGE('',*,*,#11106,.F.);
#11148=EDGE_LOOP('',(#11134,#11141,#11146,#11147));
#11149=FACE_OUTER_BOUND('',#11148,.T.);
#11150=CARTESIAN_POINT('',(807.18198,-182.18198,303.));
#11151=DIRECTION('',(0.37796,-0.15656,-0.91249));
#11152=DIRECTION('',(0.38268,0.92388,0.));
#11153=AXIS2_PLACEMENT_3D('',#11150,#11151,#11152);
#11154=PLANE('',#11153);
#11155=ADVANCED_FACE('',(#11149),#11154,.T.);
#11156=CARTESIAN_POINT('',(808.5,-151.,303.));
#11157=VERTEX_POINT('',#11156);
#11158=DIRECTION('',(0.,1.,0.));
#11159=VECTOR('',#11158,28.);
#11160=LINE('',#11128,#11159);
#11161=EDGE_CURVE('',#11129,#11157,#11160,.T.);
#11162=ORIENTED_EDGE('',*,*,#11161,.T.);
#11163=CARTESIAN_POINT('',(809.56066,-151.,303.43934));
#11164=VERTEX_POINT('',#11163);
#11165=DIRECTION('',(0.92388,0.,0.38268));
#11166=VECTOR('',#11165,1.14805);
#11167=LINE('',#11156,#11166);
#11168=EDGE_CURVE('',#11157,#11164,#11167,.T.);
#11169=ORIENTED_EDGE('',*,*,#11168,.T.);
#11170=DIRECTION('',(0.,1.,0.));
#11171=VECTOR('',#11170,28.);
#11172=LINE('',#11135,#11171);
#11173=EDGE_CURVE('',#11136,#11164,#11172,.T.);
#11174=ORIENTED_EDGE('',*,*,#11173,.F.);
#11175=ORIENTED_EDGE('',*,*,#11140,.F.);
#11176=EDGE_LOOP('',(#11162,#11169,#11174,#11175));
#11177=FACE_OUTER_BOUND('',#11176,.T.);
#11178=CARTESIAN_POINT('',(808.5,-179.,303.));
#11179=DIRECTION('',(0.38268,0.,-0.92388));
#11180=DIRECTION('',(0.,1.,0.));
#11181=AXIS2_PLACEMENT_3D('',#11178,#11179,#11180);
#11182=PLANE('',#11181);
#11183=ADVANCED_FACE('',(#11177),#11182,.T.);
#11184=CARTESIAN_POINT('',(807.18198,-147.81802,303.));
#11185=VERTEX_POINT('',#11184);
#11186=DIRECTION('',(-0.38268,0.92388,0.));
#11187=VECTOR('',#11186,3.44415);
#11188=LINE('',#11156,#11187);
#11189=EDGE_CURVE('',#11157,#11185,#11188,.T.);
#11190=ORIENTED_EDGE('',*,*,#11189,.T.);
#11191=CARTESIAN_POINT('',(807.93198,-147.06802,303.43934));
#11192=VERTEX_POINT('',#11191);
#11193=DIRECTION('',(0.65328,0.65328,0.38268));
#11194=VECTOR('',#11193,1.14805);
#11195=LINE('',#11184,#11194);
#11196=EDGE_CURVE('',#11185,#11192,#11195,.T.);
#11197=ORIENTED_EDGE('',*,*,#11196,.T.);
#11198=DIRECTION('',(-0.38268,0.92388,0.));
#11199=VECTOR('',#11198,4.25595);
#11200=LINE('',#11163,#11199);
#11201=EDGE_CURVE('',#11164,#11192,#11200,.T.);
#11202=ORIENTED_EDGE('',*,*,#11201,.F.);
#11203=ORIENTED_EDGE('',*,*,#11168,.F.);
#11204=EDGE_LOOP('',(#11190,#11197,#11202,#11203));
#11205=FACE_OUTER_BOUND('',#11204,.T.);
#11206=CARTESIAN_POINT('',(808.5,-151.,303.));
#11207=DIRECTION('',(0.37796,0.15656,-0.91249));
#11208=DIRECTION('',(-0.38268,0.92388,0.));
#11209=AXIS2_PLACEMENT_3D('',#11206,#11207,#11208);
#11210=PLANE('',#11209);
#11211=ADVANCED_FACE('',(#11205),#11210,.T.);
#11212=CARTESIAN_POINT('',(804.,-146.5,303.));
#11213=VERTEX_POINT('',#11212);
#11214=DIRECTION('',(-0.92388,0.38268,0.));
#11215=VECTOR('',#11214,3.44415);
#11216=LINE('',#11184,#11215);
#11217=EDGE_CURVE('',#11185,#11213,#11216,.T.);
#11218=ORIENTED_EDGE('',*,*,#11217,.T.);
#11219=CARTESIAN_POINT('',(804.,-145.43934,303.43934));
#11220=VERTEX_POINT('',#11219);
#11221=DIRECTION('',(0.,0.92388,0.38268));
#11222=VECTOR('',#11221,1.14805);
#11223=LINE('',#11212,#11222);
#11224=EDGE_CURVE('',#11213,#11220,#11223,.T.);
#11225=ORIENTED_EDGE('',*,*,#11224,.T.);
#11226=DIRECTION('',(-0.92388,0.38268,0.));
#11227=VECTOR('',#11226,4.25595);
#11228=LINE('',#11191,#11227);
#11229=EDGE_CURVE('',#11192,#11220,#11228,.T.);
#11230=ORIENTED_EDGE('',*,*,#11229,.F.);
#11231=ORIENTED_EDGE('',*,*,#11196,.F.);
#11232=EDGE_LOOP('',(#11218,#11225,#11230,#11231));
#11233=FACE_OUTER_BOUND('',#11232,.T.);
#11234=CARTESIAN_POINT('',(807.18198,-147.81802,303.));
#11235=DIRECTION('',(0.15656,0.37796,-0.91249));
#11236=DIRECTION('',(-0.92388,0.38268,0.));
#11237=AXIS2_PLACEMENT_3D('',#11234,#11235,#11236);
#11238=PLANE('',#11237);
#11239=ADVANCED_FACE('',(#11233),#11238,.T.);
#11240=CARTESIAN_POINT('',(776.,-146.5,303.));
#11241=VERTEX_POINT('',#11240);
#11242=DIRECTION('',(-1.,0.,0.));
#11243=VECTOR('',#11242,28.);
#11244=LINE('',#11212,#11243);
#11245=EDGE_CURVE('',#11213,#11241,#11244,.T.);
#11246=ORIENTED_EDGE('',*,*,#11245,.T.);
#11247=CARTESIAN_POINT('',(776.,-145.43934,303.43934));
#11248=VERTEX_POINT('',#11247);
#11249=DIRECTION('',(0.,0.92388,0.38268));
#11250=VECTOR('',#11249,1.14805);
#11251=LINE('',#11240,#11250);
#11252=EDGE_CURVE('',#11241,#11248,#11251,.T.);
#11253=ORIENTED_EDGE('',*,*,#11252,.T.);
#11254=DIRECTION('',(-1.,0.,0.));
#11255=VECTOR('',#11254,28.);
#11256=LINE('',#11219,#11255);
#11257=EDGE_CURVE('',#11220,#11248,#11256,.T.);
#11258=ORIENTED_EDGE('',*,*,#11257,.F.);
#11259=ORIENTED_EDGE('',*,*,#11224,.F.);
#11260=EDGE_LOOP('',(#11246,#11253,#11258,#11259));
#11261=FACE_OUTER_BOUND('',#11260,.T.);
#11262=CARTESIAN_POINT('',(804.,-146.5,303.));
#11263=DIRECTION('',(0.,0.38268,-0.92388));
#11264=DIRECTION('',(-1.,0.,0.));
#11265=AXIS2_PLACEMENT_3D('',#11262,#11263,#11264);
#11266=PLANE('',#11265);
#11267=ADVANCED_FACE('',(#11261),#11266,.T.);
#11268=CARTESIAN_POINT('',(772.81802,-147.81802,303.));
#11269=VERTEX_POINT('',#11268);
#11270=DIRECTION('',(-0.92388,-0.38268,0.));
#11271=VECTOR('',#11270,3.44415);
#11272=LINE('',#11240,#11271);
#11273=EDGE_CURVE('',#11241,#11269,#11272,.T.);
#11274=ORIENTED_EDGE('',*,*,#11273,.T.);
#11275=CARTESIAN_POINT('',(772.06802,-147.06802,303.43934));
#11276=VERTEX_POINT('',#11275);
#11277=DIRECTION('',(-0.65328,0.65328,0.38268));
#11278=VECTOR('',#11277,1.14805);
#11279=LINE('',#11268,#11278);
#11280=EDGE_CURVE('',#11269,#11276,#11279,.T.);
#11281=ORIENTED_EDGE('',*,*,#11280,.T.);
#11282=DIRECTION('',(-0.92388,-0.38268,0.));
#11283=VECTOR('',#11282,4.25595);
#11284=LINE('',#11247,#11283);
#11285=EDGE_CURVE('',#11248,#11276,#11284,.T.);
#11286=ORIENTED_EDGE('',*,*,#11285,.F.);
#11287=ORIENTED_EDGE('',*,*,#11252,.F.);
#11288=EDGE_LOOP('',(#11274,#11281,#11286,#11287));
#11289=FACE_OUTER_BOUND('',#11288,.T.);
#11290=CARTESIAN_POINT('',(776.,-146.5,303.));
#11291=DIRECTION('',(-0.15656,0.37796,-0.91249));
#11292=DIRECTION('',(-0.92388,-0.38268,0.));
#11293=AXIS2_PLACEMENT_3D('',#11290,#11291,#11292);
#11294=PLANE('',#11293);
#11295=ADVANCED_FACE('',(#11289),#11294,.T.);
#11296=CARTESIAN_POINT('',(771.5,-151.,303.));
#11297=VERTEX_POINT('',#11296);
#11298=DIRECTION('',(-0.38268,-0.92388,0.));
#11299=VECTOR('',#11298,3.44415);
#11300=LINE('',#11268,#11299);
#11301=EDGE_CURVE('',#11269,#11297,#11300,.T.);
#11302=ORIENTED_EDGE('',*,*,#11301,.T.);
#11303=CARTESIAN_POINT('',(770.43934,-151.,303.43934));
#11304=VERTEX_POINT('',#11303);
#11305=DIRECTION('',(-0.92388,0.,0.38268));
#11306=VECTOR('',#11305,1.14805);
#11307=LINE('',#11296,#11306);
#11308=EDGE_CURVE('',#11297,#11304,#11307,.T.);
#11309=ORIENTED_EDGE('',*,*,#11308,.T.);
#11310=DIRECTION('',(-0.38268,-0.92388,0.));
#11311=VECTOR('',#11310,4.25595);
#11312=LINE('',#11275,#11311);
#11313=EDGE_CURVE('',#11276,#11304,#11312,.T.);
#11314=ORIENTED_EDGE('',*,*,#11313,.F.);
#11315=ORIENTED_EDGE('',*,*,#11280,.F.);
#11316=EDGE_LOOP('',(#11302,#11309,#11314,#11315));
#11317=FACE_OUTER_BOUND('',#11316,.T.);
#11318=CARTESIAN_POINT('',(772.81802,-147.81802,303.));
#11319=DIRECTION('',(-0.37796,0.15656,-0.91249));
#11320=DIRECTION('',(-0.38268,-0.92388,0.));
#11321=AXIS2_PLACEMENT_3D('',#11318,#11319,#11320);
#11322=PLANE('',#11321);
#11323=ADVANCED_FACE('',(#11317),#11322,.T.);
#11324=CARTESIAN_POINT('',(771.5,-179.,303.));
#11325=VERTEX_POINT('',#11324);
#11326=DIRECTION('',(0.,-1.,0.));
#11327=VECTOR('',#11326,28.);
#11328=LINE('',#11296,#11327);
#11329=EDGE_CURVE('',#11297,#11325,#11328,.T.);
#11330=ORIENTED_EDGE('',*,*,#11329,.T.);
#11331=CARTESIAN_POINT('',(770.43934,-179.,303.43934));
#11332=VERTEX_POINT('',#11331);
#11333=DIRECTION('',(-0.92388,0.,0.38268));
#11334=VECTOR('',#11333,1.14805);
#11335=LINE('',#11324,#11334);
#11336=EDGE_CURVE('',#11325,#11332,#11335,.T.);
#11337=ORIENTED_EDGE('',*,*,#11336,.T.);
#11338=DIRECTION('',(0.,-1.,0.));
#11339=VECTOR('',#11338,28.);
#11340=LINE('',#11303,#11339);
#11341=EDGE_CURVE('',#11304,#11332,#11340,.T.);
#11342=ORIENTED_EDGE('',*,*,#11341,.F.);
#11343=ORIENTED_EDGE('',*,*,#11308,.F.);
#11344=EDGE_LOOP('',(#11330,#11337,#11342,#11343));
#11345=FACE_OUTER_BOUND('',#11344,.T.);
#11346=CARTESIAN_POINT('',(771.5,-151.,303.));
#11347=DIRECTION('',(-0.38268,0.,-0.92388));
#11348=DIRECTION('',(0.,-1.,0.));
#11349=AXIS2_PLACEMENT_3D('',#11346,#11347,#11348);
#11350=PLANE('',#11349);
#11351=ADVANCED_FACE('',(#11345),#11350,.T.);
#11352=CARTESIAN_POINT('',(772.81802,-182.18198,303.));
#11353=VERTEX_POINT('',#11352);
#11354=DIRECTION('',(0.38268,-0.92388,0.));
#11355=VECTOR('',#11354,3.44415);
#11356=LINE('',#11324,#11355);
#11357=EDGE_CURVE('',#11325,#11353,#11356,.T.);
#11358=ORIENTED_EDGE('',*,*,#11357,.T.);
#11359=CARTESIAN_POINT('',(772.06802,-182.93198,303.43934));
#11360=VERTEX_POINT('',#11359);
#11361=DIRECTION('',(-0.65328,-0.65328,0.38268));
#11362=VECTOR('',#11361,1.14805);
#11363=LINE('',#11352,#11362);
#11364=EDGE_CURVE('',#11353,#11360,#11363,.T.);
#11365=ORIENTED_EDGE('',*,*,#11364,.T.);
#11366=DIRECTION('',(0.38268,-0.92388,0.));
#11367=VECTOR('',#11366,4.25595);
#11368=LINE('',#11331,#11367);
#11369=EDGE_CURVE('',#11332,#11360,#11368,.T.);
#11370=ORIENTED_EDGE('',*,*,#11369,.F.);
#11371=ORIENTED_EDGE('',*,*,#11336,.F.);
#11372=EDGE_LOOP('',(#11358,#11365,#11370,#11371));
#11373=FACE_OUTER_BOUND('',#11372,.T.);
#11374=CARTESIAN_POINT('',(771.5,-179.,303.));
#11375=DIRECTION('',(-0.37796,-0.15656,-0.91249));
#11376=DIRECTION('',(0.38268,-0.92388,0.));
#11377=AXIS2_PLACEMENT_3D('',#11374,#11375,#11376);
#11378=PLANE('',#11377);
#11379=ADVANCED_FACE('',(#11373),#11378,.T.);
#11380=CARTESIAN_POINT('',(776.,-183.5,303.));
#11381=VERTEX_POINT('',#11380);
#11382=DIRECTION('',(0.92388,-0.38268,0.));
#11383=VECTOR('',#11382,3.44415);
#11384=LINE('',#11352,#11383);
#11385=EDGE_CURVE('',#11353,#11381,#11384,.T.);
#11386=ORIENTED_EDGE('',*,*,#11385,.T.);
#11387=CARTESIAN_POINT('',(776.,-184.56066,303.43934));
#11388=VERTEX_POINT('',#11387);
#11389=DIRECTION('',(0.,-0.92388,0.38268));
#11390=VECTOR('',#11389,1.14805);
#11391=LINE('',#11380,#11390);
#11392=EDGE_CURVE('',#11381,#11388,#11391,.T.);
#11393=ORIENTED_EDGE('',*,*,#11392,.T.);
#11394=DIRECTION('',(0.92388,-0.38268,0.));
#11395=VECTOR('',#11394,4.25595);
#11396=LINE('',#11359,#11395);
#11397=EDGE_CURVE('',#11360,#11388,#11396,.T.);
#11398=ORIENTED_EDGE('',*,*,#11397,.F.);
#11399=ORIENTED_EDGE('',*,*,#11364,.F.);
#11400=EDGE_LOOP('',(#11386,#11393,#11398,#11399));
#11401=FACE_OUTER_BOUND('',#11400,.T.);
#11402=CARTESIAN_POINT('',(772.81802,-182.18198,303.));
#11403=DIRECTION('',(-0.15656,-0.37796,-0.91249));
#11404=DIRECTION('',(0.92388,-0.38268,0.));
#11405=AXIS2_PLACEMENT_3D('',#11402,#11403,#11404);
#11406=PLANE('',#11405);
#11407=ADVANCED_FACE('',(#11401),#11406,.T.);
#11408=DIRECTION('',(-1.,0.,0.));
#11409=VECTOR('',#11408,28.);
#11410=LINE('',#11092,#11409);
#11411=EDGE_CURVE('',#11093,#11381,#11410,.T.);
#11412=ORIENTED_EDGE('',*,*,#11411,.F.);
#11413=ORIENTED_EDGE('',*,*,#11118,.T.);
#11414=DIRECTION('',(-1.,0.,0.));
#11415=VECTOR('',#11414,28.);
#11416=LINE('',#11108,#11415);
#11417=EDGE_CURVE('',#11109,#11388,#11416,.T.);
#11418=ORIENTED_EDGE('',*,*,#11417,.T.);
#11419=ORIENTED_EDGE('',*,*,#11392,.F.);
#11420=EDGE_LOOP('',(#11412,#11413,#11418,#11419));
#11421=FACE_OUTER_BOUND('',#11420,.T.);
#11422=CARTESIAN_POINT('',(776.,-183.5,303.));
#11423=DIRECTION('',(0.,-0.38268,-0.92388));
#11424=DIRECTION('',(1.,0.,0.));
#11425=AXIS2_PLACEMENT_3D('',#11422,#11423,#11424);
#11426=PLANE('',#11425);
#11427=ADVANCED_FACE('',(#11421),#11426,.T.);
#11428=ORIENTED_EDGE('',*,*,#11113,.T.);
#11429=CARTESIAN_POINT('',(808.24264,-183.24264,304.5));
#11430=VERTEX_POINT('',#11429);
#11431=DIRECTION('',(0.2706,-0.2706,0.92388));
#11432=VECTOR('',#11431,1.14805);
#11433=LINE('',#11101,#11432);
#11434=EDGE_CURVE('',#11102,#11430,#11433,.T.);
#11435=ORIENTED_EDGE('',*,*,#11434,.T.);
#11436=CARTESIAN_POINT('',(804.,-185.,304.5));
#11437=VERTEX_POINT('',#11436);
#11438=DIRECTION('',(0.92388,0.38268,0.));
#11439=VECTOR('',#11438,4.5922);
#11440=LINE('',#11436,#11439);
#11441=EDGE_CURVE('',#11437,#11430,#11440,.T.);
#11442=ORIENTED_EDGE('',*,*,#11441,.F.);
#11443=DIRECTION('',(0.,-0.38268,0.92388));
#11444=VECTOR('',#11443,1.14805);
#11445=LINE('',#11108,#11444);
#11446=EDGE_CURVE('',#11109,#11437,#11445,.T.);
#11447=ORIENTED_EDGE('',*,*,#11446,.F.);
#11448=EDGE_LOOP('',(#11428,#11435,#11442,#11447));
#11449=FACE_OUTER_BOUND('',#11448,.T.);
#11450=CARTESIAN_POINT('',(804.,-184.56066,303.43934));
#11451=DIRECTION('',(0.35741,-0.86286,-0.35741));
#11452=DIRECTION('',(0.92388,0.38268,0.));
#11453=AXIS2_PLACEMENT_3D('',#11450,#11451,#11452);
#11454=PLANE('',#11453);
#11455=ADVANCED_FACE('',(#11449),#11454,.T.);
#11456=ORIENTED_EDGE('',*,*,#11145,.T.);
#11457=CARTESIAN_POINT('',(810.,-179.,304.5));
#11458=VERTEX_POINT('',#11457);
#11459=DIRECTION('',(0.38268,0.,0.92388));
#11460=VECTOR('',#11459,1.14805);
#11461=LINE('',#11135,#11460);
#11462=EDGE_CURVE('',#11136,#11458,#11461,.T.);
#11463=ORIENTED_EDGE('',*,*,#11462,.T.);
#11464=DIRECTION('',(0.38268,0.92388,0.));
#11465=VECTOR('',#11464,4.5922);
#11466=LINE('',#11429,#11465);
#11467=EDGE_CURVE('',#11430,#11458,#11466,.T.);
#11468=ORIENTED_EDGE('',*,*,#11467,.F.);
#11469=ORIENTED_EDGE('',*,*,#11434,.F.);
#11470=EDGE_LOOP('',(#11456,#11463,#11468,#11469));
#11471=FACE_OUTER_BOUND('',#11470,.T.);
#11472=CARTESIAN_POINT('',(807.93198,-182.93198,303.43934));
#11473=DIRECTION('',(0.86286,-0.35741,-0.35741));
#11474=DIRECTION('',(0.38268,0.92388,0.));
#11475=AXIS2_PLACEMENT_3D('',#11472,#11473,#11474);
#11476=PLANE('',#11475);
#11477=ADVANCED_FACE('',(#11471),#11476,.T.);
#11478=ORIENTED_EDGE('',*,*,#11173,.T.);
#11479=CARTESIAN_POINT('',(810.,-151.,304.5));
#11480=VERTEX_POINT('',#11479);
#11481=DIRECTION('',(0.38268,0.,0.92388));
#11482=VECTOR('',#11481,1.14805);
#11483=LINE('',#11163,#11482);
#11484=EDGE_CURVE('',#11164,#11480,#11483,.T.);
#11485=ORIENTED_EDGE('',*,*,#11484,.T.);
#11486=DIRECTION('',(0.,1.,0.));
#11487=VECTOR('',#11486,28.);
#11488=LINE('',#11457,#11487);
#11489=EDGE_CURVE('',#11458,#11480,#11488,.T.);
#11490=ORIENTED_EDGE('',*,*,#11489,.F.);
#11491=ORIENTED_EDGE('',*,*,#11462,.F.);
#11492=EDGE_LOOP('',(#11478,#11485,#11490,#11491));
#11493=FACE_OUTER_BOUND('',#11492,.T.);
#11494=CARTESIAN_POINT('',(809.56066,-179.,303.43934));
#11495=DIRECTION('',(0.92388,0.,-0.38268));
#11496=DIRECTION('',(0.,1.,0.));
#11497=AXIS2_PLACEMENT_3D('',#11494,#11495,#11496);
#11498=PLANE('',#11497);
#11499=ADVANCED_FACE('',(#11493),#11498,.T.);
#11500=ORIENTED_EDGE('',*,*,#11201,.T.);
#11501=CARTESIAN_POINT('',(808.24264,-146.75736,304.5));
#11502=VERTEX_POINT('',#11501);
#11503=DIRECTION('',(0.2706,0.2706,0.92388));
#11504=VECTOR('',#11503,1.14805);
#11505=LINE('',#11191,#11504);
#11506=EDGE_CURVE('',#11192,#11502,#11505,.T.);
#11507=ORIENTED_EDGE('',*,*,#11506,.T.);
#11508=DIRECTION('',(-0.38268,0.92388,0.));
#11509=VECTOR('',#11508,4.5922);
#11510=LINE('',#11479,#11509);
#11511=EDGE_CURVE('',#11480,#11502,#11510,.T.);
#11512=ORIENTED_EDGE('',*,*,#11511,.F.);
#11513=ORIENTED_EDGE('',*,*,#11484,.F.);
#11514=EDGE_LOOP('',(#11500,#11507,#11512,#11513));
#11515=FACE_OUTER_BOUND('',#11514,.T.);
#11516=CARTESIAN_POINT('',(809.56066,-151.,303.43934));
#11517=DIRECTION('',(0.86286,0.35741,-0.35741));
#11518=DIRECTION('',(-0.38268,0.92388,0.));
#11519=AXIS2_PLACEMENT_3D('',#11516,#11517,#11518);
#11520=PLANE('',#11519);
#11521=ADVANCED_FACE('',(#11515),#11520,.T.);
#11522=ORIENTED_EDGE('',*,*,#11229,.T.);
#11523=CARTESIAN_POINT('',(804.,-145.,304.5));
#11524=VERTEX_POINT('',#11523);
#11525=DIRECTION('',(0.,0.38268,0.92388));
#11526=VECTOR('',#11525,1.14805);
#11527=LINE('',#11219,#11526);
#11528=EDGE_CURVE('',#11220,#11524,#11527,.T.);
#11529=ORIENTED_EDGE('',*,*,#11528,.T.);
#11530=DIRECTION('',(-0.92388,0.38268,0.));
#11531=VECTOR('',#11530,4.5922);
#11532=LINE('',#11501,#11531);
#11533=EDGE_CURVE('',#11502,#11524,#11532,.T.);
#11534=ORIENTED_EDGE('',*,*,#11533,.F.);
#11535=ORIENTED_EDGE('',*,*,#11506,.F.);
#11536=EDGE_LOOP('',(#11522,#11529,#11534,#11535));
#11537=FACE_OUTER_BOUND('',#11536,.T.);
#11538=CARTESIAN_POINT('',(807.93198,-147.06802,303.43934));
#11539=DIRECTION('',(0.35741,0.86286,-0.35741));
#11540=DIRECTION('',(-0.92388,0.38268,0.));
#11541=AXIS2_PLACEMENT_3D('',#11538,#11539,#11540);
#11542=PLANE('',#11541);
#11543=ADVANCED_FACE('',(#11537),#11542,.T.);
#11544=ORIENTED_EDGE('',*,*,#11257,.T.);
#11545=CARTESIAN_POINT('',(776.,-145.,304.5));
#11546=VERTEX_POINT('',#11545);
#11547=DIRECTION('',(0.,0.38268,0.92388));
#11548=VECTOR('',#11547,1.14805);
#11549=LINE('',#11247,#11548);
#11550=EDGE_CURVE('',#11248,#11546,#11549,.T.);
#11551=ORIENTED_EDGE('',*,*,#11550,.T.);
#11552=DIRECTION('',(-1.,0.,0.));
#11553=VECTOR('',#11552,28.);
#11554=LINE('',#11523,#11553);
#11555=EDGE_CURVE('',#11524,#11546,#11554,.T.);
#11556=ORIENTED_EDGE('',*,*,#11555,.F.);
#11557=ORIENTED_EDGE('',*,*,#11528,.F.);
#11558=EDGE_LOOP('',(#11544,#11551,#11556,#11557));
#11559=FACE_OUTER_BOUND('',#11558,.T.);
#11560=CARTESIAN_POINT('',(804.,-145.43934,303.43934));
#11561=DIRECTION('',(0.,0.92388,-0.38268));
#11562=DIRECTION('',(-1.,0.,0.));
#11563=AXIS2_PLACEMENT_3D('',#11560,#11561,#11562);
#11564=PLANE('',#11563);
#11565=ADVANCED_FACE('',(#11559),#11564,.T.);
#11566=ORIENTED_EDGE('',*,*,#11285,.T.);
#11567=CARTESIAN_POINT('',(771.75736,-146.75736,304.5));
#11568=VERTEX_POINT('',#11567);
#11569=DIRECTION('',(-0.2706,0.2706,0.92388));
#11570=VECTOR('',#11569,1.14805);
#11571=LINE('',#11275,#11570);
#11572=EDGE_CURVE('',#11276,#11568,#11571,.T.);
#11573=ORIENTED_EDGE('',*,*,#11572,.T.);
#11574=DIRECTION('',(-0.92388,-0.38268,0.));
#11575=VECTOR('',#11574,4.5922);
#11576=LINE('',#11545,#11575);
#11577=EDGE_CURVE('',#11546,#11568,#11576,.T.);
#11578=ORIENTED_EDGE('',*,*,#11577,.F.);
#11579=ORIENTED_EDGE('',*,*,#11550,.F.);
#11580=EDGE_LOOP('',(#11566,#11573,#11578,#11579));
#11581=FACE_OUTER_BOUND('',#11580,.T.);
#11582=CARTESIAN_POINT('',(776.,-145.43934,303.43934));
#11583=DIRECTION('',(-0.35741,0.86286,-0.35741));
#11584=DIRECTION('',(-0.92388,-0.38268,0.));
#11585=AXIS2_PLACEMENT_3D('',#11582,#11583,#11584);
#11586=PLANE('',#11585);
#11587=ADVANCED_FACE('',(#11581),#11586,.T.);
#11588=ORIENTED_EDGE('',*,*,#11313,.T.);
#11589=CARTESIAN_POINT('',(770.,-151.,304.5));
#11590=VERTEX_POINT('',#11589);
#11591=DIRECTION('',(-0.38268,0.,0.92388));
#11592=VECTOR('',#11591,1.14805);
#11593=LINE('',#11303,#11592);
#11594=EDGE_CURVE('',#11304,#11590,#11593,.T.);
#11595=ORIENTED_EDGE('',*,*,#11594,.T.);
#11596=DIRECTION('',(-0.38268,-0.92388,0.));
#11597=VECTOR('',#11596,4.5922);
#11598=LINE('',#11567,#11597);
#11599=EDGE_CURVE('',#11568,#11590,#11598,.T.);
#11600=ORIENTED_EDGE('',*,*,#11599,.F.);
#11601=ORIENTED_EDGE('',*,*,#11572,.F.);
#11602=EDGE_LOOP('',(#11588,#11595,#11600,#11601));
#11603=FACE_OUTER_BOUND('',#11602,.T.);
#11604=CARTESIAN_POINT('',(772.06802,-147.06802,303.43934));
#11605=DIRECTION('',(-0.86286,0.35741,-0.35741));
#11606=DIRECTION('',(-0.38268,-0.92388,0.));
#11607=AXIS2_PLACEMENT_3D('',#11604,#11605,#11606);
#11608=PLANE('',#11607);
#11609=ADVANCED_FACE('',(#11603),#11608,.T.);
#11610=ORIENTED_EDGE('',*,*,#11341,.T.);
#11611=CARTESIAN_POINT('',(770.,-179.,304.5));
#11612=VERTEX_POINT('',#11611);
#11613=DIRECTION('',(-0.38268,0.,0.92388));
#11614=VECTOR('',#11613,1.14805);
#11615=LINE('',#11331,#11614);
#11616=EDGE_CURVE('',#11332,#11612,#11615,.T.);
#11617=ORIENTED_EDGE('',*,*,#11616,.T.);
#11618=DIRECTION('',(0.,-1.,0.));
#11619=VECTOR('',#11618,28.);
#11620=LINE('',#11589,#11619);
#11621=EDGE_CURVE('',#11590,#11612,#11620,.T.);
#11622=ORIENTED_EDGE('',*,*,#11621,.F.);
#11623=ORIENTED_EDGE('',*,*,#11594,.F.);
#11624=EDGE_LOOP('',(#11610,#11617,#11622,#11623));
#11625=FACE_OUTER_BOUND('',#11624,.T.);
#11626=CARTESIAN_POINT('',(770.43934,-151.,303.43934));
#11627=DIRECTION('',(-0.92388,0.,-0.38268));
#11628=DIRECTION('',(0.,-1.,0.));
#11629=AXIS2_PLACEMENT_3D('',#11626,#11627,#11628);
#11630=PLANE('',#11629);
#11631=ADVANCED_FACE('',(#11625),#11630,.T.);
#11632=ORIENTED_EDGE('',*,*,#11369,.T.);
#11633=CARTESIAN_POINT('',(771.75736,-183.24264,304.5));
#11634=VERTEX_POINT('',#11633);
#11635=DIRECTION('',(-0.2706,-0.2706,0.92388));
#11636=VECTOR('',#11635,1.14805);
#11637=LINE('',#11359,#11636);
#11638=EDGE_CURVE('',#11360,#11634,#11637,.T.);
#11639=ORIENTED_EDGE('',*,*,#11638,.T.);
#11640=DIRECTION('',(0.38268,-0.92388,0.));
#11641=VECTOR('',#11640,4.5922);
#11642=LINE('',#11611,#11641);
#11643=EDGE_CURVE('',#11612,#11634,#11642,.T.);
#11644=ORIENTED_EDGE('',*,*,#11643,.F.);
#11645=ORIENTED_EDGE('',*,*,#11616,.F.);
#11646=EDGE_LOOP('',(#11632,#11639,#11644,#11645));
#11647=FACE_OUTER_BOUND('',#11646,.T.);
#11648=CARTESIAN_POINT('',(770.43934,-179.,303.43934));
#11649=DIRECTION('',(-0.86286,-0.35741,-0.35741));
#11650=DIRECTION('',(0.38268,-0.92388,0.));
#11651=AXIS2_PLACEMENT_3D('',#11648,#11649,#11650);
#11652=PLANE('',#11651);
#11653=ADVANCED_FACE('',(#11647),#11652,.T.);
#11654=ORIENTED_EDGE('',*,*,#11397,.T.);
#11655=CARTESIAN_POINT('',(776.,-185.,304.5));
#11656=VERTEX_POINT('',#11655);
#11657=DIRECTION('',(0.,-0.38268,0.92388));
#11658=VECTOR('',#11657,1.14805);
#11659=LINE('',#11387,#11658);
#11660=EDGE_CURVE('',#11388,#11656,#11659,.T.);
#11661=ORIENTED_EDGE('',*,*,#11660,.T.);
#11662=DIRECTION('',(0.92388,-0.38268,0.));
#11663=VECTOR('',#11662,4.5922);
#11664=LINE('',#11633,#11663);
#11665=EDGE_CURVE('',#11634,#11656,#11664,.T.);
#11666=ORIENTED_EDGE('',*,*,#11665,.F.);
#11667=ORIENTED_EDGE('',*,*,#11638,.F.);
#11668=EDGE_LOOP('',(#11654,#11661,#11666,#11667));
#11669=FACE_OUTER_BOUND('',#11668,.T.);
#11670=CARTESIAN_POINT('',(772.06802,-182.93198,303.43934));
#11671=DIRECTION('',(-0.35741,-0.86286,-0.35741));
#11672=DIRECTION('',(0.92388,-0.38268,0.));
#11673=AXIS2_PLACEMENT_3D('',#11670,#11671,#11672);
#11674=PLANE('',#11673);
#11675=ADVANCED_FACE('',(#11669),#11674,.T.);
#11676=ORIENTED_EDGE('',*,*,#11417,.F.);
#11677=ORIENTED_EDGE('',*,*,#11446,.T.);
#11678=DIRECTION('',(-1.,0.,0.));
#11679=VECTOR('',#11678,28.);
#11680=LINE('',#11436,#11679);
#11681=EDGE_CURVE('',#11437,#11656,#11680,.T.);
#11682=ORIENTED_EDGE('',*,*,#11681,.T.);
#11683=ORIENTED_EDGE('',*,*,#11660,.F.);
#11684=EDGE_LOOP('',(#11676,#11677,#11682,#11683));
#11685=FACE_OUTER_BOUND('',#11684,.T.);
#11686=CARTESIAN_POINT('',(776.,-184.56066,303.43934));
#11687=DIRECTION('',(0.,-0.92388,-0.38268));
#11688=DIRECTION('',(1.,0.,0.));
#11689=AXIS2_PLACEMENT_3D('',#11686,#11687,#11688);
#11690=PLANE('',#11689);
#11691=ADVANCED_FACE('',(#11685),#11690,.T.);
#11692=ORIENTED_EDGE('',*,*,#11441,.T.);
#11693=CARTESIAN_POINT('',(808.24264,-183.24264,307.5));
#11694=VERTEX_POINT('',#11693);
#11695=DIRECTION('',(0.,0.,1.));
#11696=VECTOR('',#11695,3.);
#11697=LINE('',#11429,#11696);
#11698=EDGE_CURVE('',#11430,#11694,#11697,.T.);
#11699=ORIENTED_EDGE('',*,*,#11698,.T.);
#11700=CARTESIAN_POINT('',(804.,-185.,307.5));
#11701=VERTEX_POINT('',#11700);
#11702=DIRECTION('',(0.92388,0.38268,0.));
#11703=VECTOR('',#11702,4.5922);
#11704=LINE('',#11700,#11703);
#11705=EDGE_CURVE('',#11701,#11694,#11704,.T.);
#11706=ORIENTED_EDGE('',*,*,#11705,.F.);
#11707=DIRECTION('',(0.,0.,1.));
#11708=VECTOR('',#11707,3.);
#11709=LINE('',#11436,#11708);
#11710=EDGE_CURVE('',#11437,#11701,#11709,.T.);
#11711=ORIENTED_EDGE('',*,*,#11710,.F.);
#11712=EDGE_LOOP('',(#11692,#11699,#11706,#11711));
#11713=FACE_OUTER_BOUND('',#11712,.T.);
#11714=CARTESIAN_POINT('',(804.,-185.,304.5));
#11715=DIRECTION('',(0.38268,-0.92388,0.));
#11716=DIRECTION('',(0.92388,0.38268,0.));
#11717=AXIS2_PLACEMENT_3D('',#11714,#11715,#11716);
#11718=PLANE('',#11717);
#11719=ADVANCED_FACE('',(#11713),#11718,.T.);
#11720=ORIENTED_EDGE('',*,*,#11467,.T.);
#11721=CARTESIAN_POINT('',(810.,-179.,307.5));
#11722=VERTEX_POINT('',#11721);
#11723=DIRECTION('',(0.,0.,1.));
#11724=VECTOR('',#11723,3.);
#11725=LINE('',#11457,#11724);
#11726=EDGE_CURVE('',#11458,#11722,#11725,.T.);
#11727=ORIENTED_EDGE('',*,*,#11726,.T.);
#11728=DIRECTION('',(0.38268,0.92388,0.));
#11729=VECTOR('',#11728,4.5922);
#11730=LINE('',#11693,#11729);
#11731=EDGE_CURVE('',#11694,#11722,#11730,.T.);
#11732=ORIENTED_EDGE('',*,*,#11731,.F.);
#11733=ORIENTED_EDGE('',*,*,#11698,.F.);
#11734=EDGE_LOOP('',(#11720,#11727,#11732,#11733));
#11735=FACE_OUTER_BOUND('',#11734,.T.);
#11736=CARTESIAN_POINT('',(808.24264,-183.24264,304.5));
#11737=DIRECTION('',(0.92388,-0.38268,0.));
#11738=DIRECTION('',(0.38268,0.92388,0.));
#11739=AXIS2_PLACEMENT_3D('',#11736,#11737,#11738);
#11740=PLANE('',#11739);
#11741=ADVANCED_FACE('',(#11735),#11740,.T.);
#11742=ORIENTED_EDGE('',*,*,#11489,.T.);
#11743=CARTESIAN_POINT('',(810.,-151.,307.5));
#11744=VERTEX_POINT('',#11743);
#11745=DIRECTION('',(0.,0.,1.));
#11746=VECTOR('',#11745,3.);
#11747=LINE('',#11479,#11746);
#11748=EDGE_CURVE('',#11480,#11744,#11747,.T.);
#11749=ORIENTED_EDGE('',*,*,#11748,.T.);
#11750=DIRECTION('',(0.,1.,0.));
#11751=VECTOR('',#11750,28.);
#11752=LINE('',#11721,#11751);
#11753=EDGE_CURVE('',#11722,#11744,#11752,.T.);
#11754=ORIENTED_EDGE('',*,*,#11753,.F.);
#11755=ORIENTED_EDGE('',*,*,#11726,.F.);
#11756=EDGE_LOOP('',(#11742,#11749,#11754,#11755));
#11757=FACE_OUTER_BOUND('',#11756,.T.);
#11758=CARTESIAN_POINT('',(810.,-179.,304.5));
#11759=DIRECTION('',(1.,0.,0.));
#11760=DIRECTION('',(0.,1.,0.));
#11761=AXIS2_PLACEMENT_3D('',#11758,#11759,#11760);
#11762=PLANE('',#11761);
#11763=ADVANCED_FACE('',(#11757),#11762,.T.);
#11764=ORIENTED_EDGE('',*,*,#11511,.T.);
#11765=CARTESIAN_POINT('',(808.24264,-146.75736,307.5));
#11766=VERTEX_POINT('',#11765);
#11767=DIRECTION('',(0.,0.,1.));
#11768=VECTOR('',#11767,3.);
#11769=LINE('',#11501,#11768);
#11770=EDGE_CURVE('',#11502,#11766,#11769,.T.);
#11771=ORIENTED_EDGE('',*,*,#11770,.T.);
#11772=DIRECTION('',(-0.38268,0.92388,0.));
#11773=VECTOR('',#11772,4.5922);
#11774=LINE('',#11743,#11773);
#11775=EDGE_CURVE('',#11744,#11766,#11774,.T.);
#11776=ORIENTED_EDGE('',*,*,#11775,.F.);
#11777=ORIENTED_EDGE('',*,*,#11748,.F.);
#11778=EDGE_LOOP('',(#11764,#11771,#11776,#11777));
#11779=FACE_OUTER_BOUND('',#11778,.T.);
#11780=CARTESIAN_POINT('',(810.,-151.,304.5));
#11781=DIRECTION('',(0.92388,0.38268,0.));
#11782=DIRECTION('',(-0.38268,0.92388,0.));
#11783=AXIS2_PLACEMENT_3D('',#11780,#11781,#11782);
#11784=PLANE('',#11783);
#11785=ADVANCED_FACE('',(#11779),#11784,.T.);
#11786=ORIENTED_EDGE('',*,*,#11533,.T.);
#11787=CARTESIAN_POINT('',(804.,-145.,307.5));
#11788=VERTEX_POINT('',#11787);
#11789=DIRECTION('',(0.,0.,1.));
#11790=VECTOR('',#11789,3.);
#11791=LINE('',#11523,#11790);
#11792=EDGE_CURVE('',#11524,#11788,#11791,.T.);
#11793=ORIENTED_EDGE('',*,*,#11792,.T.);
#11794=DIRECTION('',(-0.92388,0.38268,0.));
#11795=VECTOR('',#11794,4.5922);
#11796=LINE('',#11765,#11795);
#11797=EDGE_CURVE('',#11766,#11788,#11796,.T.);
#11798=ORIENTED_EDGE('',*,*,#11797,.F.);
#11799=ORIENTED_EDGE('',*,*,#11770,.F.);
#11800=EDGE_LOOP('',(#11786,#11793,#11798,#11799));
#11801=FACE_OUTER_BOUND('',#11800,.T.);
#11802=CARTESIAN_POINT('',(808.24264,-146.75736,304.5));
#11803=DIRECTION('',(0.38268,0.92388,0.));
#11804=DIRECTION('',(-0.92388,0.38268,0.));
#11805=AXIS2_PLACEMENT_3D('',#11802,#11803,#11804);
#11806=PLANE('',#11805);
#11807=ADVANCED_FACE('',(#11801),#11806,.T.);
#11808=ORIENTED_EDGE('',*,*,#11555,.T.);
#11809=CARTESIAN_POINT('',(776.,-145.,307.5));
#11810=VERTEX_POINT('',#11809);
#11811=DIRECTION('',(0.,0.,1.));
#11812=VECTOR('',#11811,3.);
#11813=LINE('',#11545,#11812);
#11814=EDGE_CURVE('',#11546,#11810,#11813,.T.);
#11815=ORIENTED_EDGE('',*,*,#11814,.T.);
#11816=DIRECTION('',(-1.,0.,0.));
#11817=VECTOR('',#11816,28.);
#11818=LINE('',#11787,#11817);
#11819=EDGE_CURVE('',#11788,#11810,#11818,.T.);
#11820=ORIENTED_EDGE('',*,*,#11819,.F.);
#11821=ORIENTED_EDGE('',*,*,#11792,.F.);
#11822=EDGE_LOOP('',(#11808,#11815,#11820,#11821));
#11823=FACE_OUTER_BOUND('',#11822,.T.);
#11824=CARTESIAN_POINT('',(804.,-145.,304.5));
#11825=DIRECTION('',(0.,1.,0.));
#11826=DIRECTION('',(-1.,0.,0.));
#11827=AXIS2_PLACEMENT_3D('',#11824,#11825,#11826);
#11828=PLANE('',#11827);
#11829=ADVANCED_FACE('',(#11823),#11828,.T.);
#11830=ORIENTED_EDGE('',*,*,#11577,.T.);
#11831=CARTESIAN_POINT('',(771.75736,-146.75736,307.5));
#11832=VERTEX_POINT('',#11831);
#11833=DIRECTION('',(0.,0.,1.));
#11834=VECTOR('',#11833,3.);
#11835=LINE('',#11567,#11834);
#11836=EDGE_CURVE('',#11568,#11832,#11835,.T.);
#11837=ORIENTED_EDGE('',*,*,#11836,.T.);
#11838=DIRECTION('',(-0.92388,-0.38268,0.));
#11839=VECTOR('',#11838,4.5922);
#11840=LINE('',#11809,#11839);
#11841=EDGE_CURVE('',#11810,#11832,#11840,.T.);
#11842=ORIENTED_EDGE('',*,*,#11841,.F.);
#11843=ORIENTED_EDGE('',*,*,#11814,.F.);
#11844=EDGE_LOOP('',(#11830,#11837,#11842,#11843));
#11845=FACE_OUTER_BOUND('',#11844,.T.);
#11846=CARTESIAN_POINT('',(776.,-145.,304.5));
#11847=DIRECTION('',(-0.38268,0.92388,0.));
#11848=DIRECTION('',(-0.92388,-0.38268,0.));
#11849=AXIS2_PLACEMENT_3D('',#11846,#11847,#11848);
#11850=PLANE('',#11849);
#11851=ADVANCED_FACE('',(#11845),#11850,.T.);
#11852=ORIENTED_EDGE('',*,*,#11599,.T.);
#11853=CARTESIAN_POINT('',(770.,-151.,307.5));
#11854=VERTEX_POINT('',#11853);
#11855=DIRECTION('',(0.,0.,1.));
#11856=VECTOR('',#11855,3.);
#11857=LINE('',#11589,#11856);
#11858=EDGE_CURVE('',#11590,#11854,#11857,.T.);
#11859=ORIENTED_EDGE('',*,*,#11858,.T.);
#11860=DIRECTION('',(-0.38268,-0.92388,0.));
#11861=VECTOR('',#11860,4.5922);
#11862=LINE('',#11831,#11861);
#11863=EDGE_CURVE('',#11832,#11854,#11862,.T.);
#11864=ORIENTED_EDGE('',*,*,#11863,.F.);
#11865=ORIENTED_EDGE('',*,*,#11836,.F.);
#11866=EDGE_LOOP('',(#11852,#11859,#11864,#11865));
#11867=FACE_OUTER_BOUND('',#11866,.T.);
#11868=CARTESIAN_POINT('',(771.75736,-146.75736,304.5));
#11869=DIRECTION('',(-0.92388,0.38268,0.));
#11870=DIRECTION('',(-0.38268,-0.92388,0.));
#11871=AXIS2_PLACEMENT_3D('',#11868,#11869,#11870);
#11872=PLANE('',#11871);
#11873=ADVANCED_FACE('',(#11867),#11872,.T.);
#11874=ORIENTED_EDGE('',*,*,#11621,.T.);
#11875=CARTESIAN_POINT('',(770.,-179.,307.5));
#11876=VERTEX_POINT('',#11875);
#11877=DIRECTION('',(0.,0.,1.));
#11878=VECTOR('',#11877,3.);
#11879=LINE('',#11611,#11878);
#11880=EDGE_CURVE('',#11612,#11876,#11879,.T.);
#11881=ORIENTED_EDGE('',*,*,#11880,.T.);
#11882=DIRECTION('',(0.,-1.,0.));
#11883=VECTOR('',#11882,28.);
#11884=LINE('',#11853,#11883);
#11885=EDGE_CURVE('',#11854,#11876,#11884,.T.);
#11886=ORIENTED_EDGE('',*,*,#11885,.F.);
#11887=ORIENTED_EDGE('',*,*,#11858,.F.);
#11888=EDGE_LOOP('',(#11874,#11881,#11886,#11887));
#11889=FACE_OUTER_BOUND('',#11888,.T.);
#11890=CARTESIAN_POINT('',(770.,-151.,304.5));
#11891=DIRECTION('',(-1.,0.,0.));
#11892=DIRECTION('',(0.,-1.,0.));
#11893=AXIS2_PLACEMENT_3D('',#11890,#11891,#11892);
#11894=PLANE('',#11893);
#11895=ADVANCED_FACE('',(#11889),#11894,.T.);
#11896=ORIENTED_EDGE('',*,*,#11643,.T.);
#11897=CARTESIAN_POINT('',(771.75736,-183.24264,307.5));
#11898=VERTEX_POINT('',#11897);
#11899=DIRECTION('',(0.,0.,1.));
#11900=VECTOR('',#11899,3.);
#11901=LINE('',#11633,#11900);
#11902=EDGE_CURVE('',#11634,#11898,#11901,.T.);
#11903=ORIENTED_EDGE('',*,*,#11902,.T.);
#11904=DIRECTION('',(0.38268,-0.92388,0.));
#11905=VECTOR('',#11904,4.5922);
#11906=LINE('',#11875,#11905);
#11907=EDGE_CURVE('',#11876,#11898,#11906,.T.);
#11908=ORIENTED_EDGE('',*,*,#11907,.F.);
#11909=ORIENTED_EDGE('',*,*,#11880,.F.);
#11910=EDGE_LOOP('',(#11896,#11903,#11908,#11909));
#11911=FACE_OUTER_BOUND('',#11910,.T.);
#11912=CARTESIAN_POINT('',(770.,-179.,304.5));
#11913=DIRECTION('',(-0.92388,-0.38268,0.));
#11914=DIRECTION('',(0.38268,-0.92388,0.));
#11915=AXIS2_PLACEMENT_3D('',#11912,#11913,#11914);
#11916=PLANE('',#11915);
#11917=ADVANCED_FACE('',(#11911),#11916,.T.);
#11918=ORIENTED_EDGE('',*,*,#11665,.T.);
#11919=CARTESIAN_POINT('',(776.,-185.,307.5));
#11920=VERTEX_POINT('',#11919);
#11921=DIRECTION('',(0.,0.,1.));
#11922=VECTOR('',#11921,3.);
#11923=LINE('',#11655,#11922);
#11924=EDGE_CURVE('',#11656,#11920,#11923,.T.);
#11925=ORIENTED_EDGE('',*,*,#11924,.T.);
#11926=DIRECTION('',(0.92388,-0.38268,0.));
#11927=VECTOR('',#11926,4.5922);
#11928=LINE('',#11897,#11927);
#11929=EDGE_CURVE('',#11898,#11920,#11928,.T.);
#11930=ORIENTED_EDGE('',*,*,#11929,.F.);
#11931=ORIENTED_EDGE('',*,*,#11902,.F.);
#11932=EDGE_LOOP('',(#11918,#11925,#11930,#11931));
#11933=FACE_OUTER_BOUND('',#11932,.T.);
#11934=CARTESIAN_POINT('',(771.75736,-183.24264,304.5));
#11935=DIRECTION('',(-0.38268,-0.92388,0.));
#11936=DIRECTION('',(0.92388,-0.38268,0.));
#11937=AXIS2_PLACEMENT_3D('',#11934,#11935,#11936);
#11938=PLANE('',#11937);
#11939=ADVANCED_FACE('',(#11933),#11938,.T.);
#11940=ORIENTED_EDGE('',*,*,#11681,.F.);
#11941=ORIENTED_EDGE('',*,*,#11710,.T.);
#11942=DIRECTION('',(-1.,0.,0.));
#11943=VECTOR('',#11942,28.);
#11944=LINE('',#11700,#11943);
#11945=EDGE_CURVE('',#11701,#11920,#11944,.T.);
#11946=ORIENTED_EDGE('',*,*,#11945,.T.);
#11947=ORIENTED_EDGE('',*,*,#11924,.F.);
#11948=EDGE_LOOP('',(#11940,#11941,#11946,#11947));
#11949=FACE_OUTER_BOUND('',#11948,.T.);
#11950=CARTESIAN_POINT('',(776.,-185.,304.5));
#11951=DIRECTION('',(0.,-1.,0.));
#11952=DIRECTION('',(1.,0.,0.));
#11953=AXIS2_PLACEMENT_3D('',#11950,#11951,#11952);
#11954=PLANE('',#11953);
#11955=ADVANCED_FACE('',(#11949),#11954,.T.);
#11956=ORIENTED_EDGE('',*,*,#11705,.T.);
#11957=CARTESIAN_POINT('',(807.93198,-182.93198,308.56066));
#11958=VERTEX_POINT('',#11957);
#11959=DIRECTION('',(-0.2706,0.2706,0.92388));
#11960=VECTOR('',#11959,1.14805);
#11961=LINE('',#11693,#11960);
#11962=EDGE_CURVE('',#11694,#11958,#11961,.T.);
#11963=ORIENTED_EDGE('',*,*,#11962,.T.);
#11964=CARTESIAN_POINT('',(804.,-184.56066,308.56066));
#11965=VERTEX_POINT('',#11964);
#11966=DIRECTION('',(0.92388,0.38268,0.));
#11967=VECTOR('',#11966,4.25595);
#11968=LINE('',#11964,#11967);
#11969=EDGE_CURVE('',#11965,#11958,#11968,.T.);
#11970=ORIENTED_EDGE('',*,*,#11969,.F.);
#11971=DIRECTION('',(0.,0.38268,0.92388));
#11972=VECTOR('',#11971,1.14805);
#11973=LINE('',#11700,#11972);
#11974=EDGE_CURVE('',#11701,#11965,#11973,.T.);
#11975=ORIENTED_EDGE('',*,*,#11974,.F.);
#11976=EDGE_LOOP('',(#11956,#11963,#11970,#11975));
#11977=FACE_OUTER_BOUND('',#11976,.T.);
#11978=CARTESIAN_POINT('',(804.,-185.,307.5));
#11979=DIRECTION('',(0.35741,-0.86286,0.35741));
#11980=DIRECTION('',(0.92388,0.38268,0.));
#11981=AXIS2_PLACEMENT_3D('',#11978,#11979,#11980);
#11982=PLANE('',#11981);
#11983=ADVANCED_FACE('',(#11977),#11982,.T.);
#11984=ORIENTED_EDGE('',*,*,#11731,.T.);
#11985=CARTESIAN_POINT('',(809.56066,-179.,308.56066));
#11986=VERTEX_POINT('',#11985);
#11987=DIRECTION('',(-0.38268,0.,0.92388));
#11988=VECTOR('',#11987,1.14805);
#11989=LINE('',#11721,#11988);
#11990=EDGE_CURVE('',#11722,#11986,#11989,.T.);
#11991=ORIENTED_EDGE('',*,*,#11990,.T.);
#11992=DIRECTION('',(0.38268,0.92388,0.));
#11993=VECTOR('',#11992,4.25595);
#11994=LINE('',#11957,#11993);
#11995=EDGE_CURVE('',#11958,#11986,#11994,.T.);
#11996=ORIENTED_EDGE('',*,*,#11995,.F.);
#11997=ORIENTED_EDGE('',*,*,#11962,.F.);
#11998=EDGE_LOOP('',(#11984,#11991,#11996,#11997));
#11999=FACE_OUTER_BOUND('',#11998,.T.);
#12000=CARTESIAN_POINT('',(808.24264,-183.24264,307.5));
#12001=DIRECTION('',(0.86286,-0.35741,0.35741));
#12002=DIRECTION('',(0.38268,0.92388,0.));
#12003=AXIS2_PLACEMENT_3D('',#12000,#12001,#12002);
#12004=PLANE('',#12003);
#12005=ADVANCED_FACE('',(#11999),#12004,.T.);
#12006=ORIENTED_EDGE('',*,*,#11753,.T.);
#12007=CARTESIAN_POINT('',(809.56066,-151.,308.56066));
#12008=VERTEX_POINT('',#12007);
#12009=DIRECTION('',(-0.38268,0.,0.92388));
#12010=VECTOR('',#12009,1.14805);
#12011=LINE('',#11743,#12010);
#12012=EDGE_CURVE('',#11744,#12008,#12011,.T.);
#12013=ORIENTED_EDGE('',*,*,#12012,.T.);
#12014=DIRECTION('',(0.,1.,0.));
#12015=VECTOR('',#12014,28.);
#12016=LINE('',#11985,#12015);
#12017=EDGE_CURVE('',#11986,#12008,#12016,.T.);
#12018=ORIENTED_EDGE('',*,*,#12017,.F.);
#12019=ORIENTED_EDGE('',*,*,#11990,.F.);
#12020=EDGE_LOOP('',(#12006,#12013,#12018,#12019));
#12021=FACE_OUTER_BOUND('',#12020,.T.);
#12022=CARTESIAN_POINT('',(810.,-179.,307.5));
#12023=DIRECTION('',(0.92388,0.,0.38268));
#12024=DIRECTION('',(0.,1.,0.));
#12025=AXIS2_PLACEMENT_3D('',#12022,#12023,#12024);
#12026=PLANE('',#12025);
#12027=ADVANCED_FACE('',(#12021),#12026,.T.);
#12028=ORIENTED_EDGE('',*,*,#11775,.T.);
#12029=CARTESIAN_POINT('',(807.93198,-147.06802,308.56066));
#12030=VERTEX_POINT('',#12029);
#12031=DIRECTION('',(-0.2706,-0.2706,0.92388));
#12032=VECTOR('',#12031,1.14805);
#12033=LINE('',#11765,#12032);
#12034=EDGE_CURVE('',#11766,#12030,#12033,.T.);
#12035=ORIENTED_EDGE('',*,*,#12034,.T.);
#12036=DIRECTION('',(-0.38268,0.92388,0.));
#12037=VECTOR('',#12036,4.25595);
#12038=LINE('',#12007,#12037);
#12039=EDGE_CURVE('',#12008,#12030,#12038,.T.);
#12040=ORIENTED_EDGE('',*,*,#12039,.F.);
#12041=ORIENTED_EDGE('',*,*,#12012,.F.);
#12042=EDGE_LOOP('',(#12028,#12035,#12040,#12041));
#12043=FACE_OUTER_BOUND('',#12042,.T.);
#12044=CARTESIAN_POINT('',(810.,-151.,307.5));
#12045=DIRECTION('',(0.86286,0.35741,0.35741));
#12046=DIRECTION('',(-0.38268,0.92388,0.));
#12047=AXIS2_PLACEMENT_3D('',#12044,#12045,#12046);
#12048=PLANE('',#12047);
#12049=ADVANCED_FACE('',(#12043),#12048,.T.);
#12050=ORIENTED_EDGE('',*,*,#11797,.T.);
#12051=CARTESIAN_POINT('',(804.,-145.43934,308.56066));
#12052=VERTEX_POINT('',#12051);
#12053=DIRECTION('',(0.,-0.38268,0.92388));
#12054=VECTOR('',#12053,1.14805);
#12055=LINE('',#11787,#12054);
#12056=EDGE_CURVE('',#11788,#12052,#12055,.T.);
#12057=ORIENTED_EDGE('',*,*,#12056,.T.);
#12058=DIRECTION('',(-0.92388,0.38268,0.));
#12059=VECTOR('',#12058,4.25595);
#12060=LINE('',#12029,#12059);
#12061=EDGE_CURVE('',#12030,#12052,#12060,.T.);
#12062=ORIENTED_EDGE('',*,*,#12061,.F.);
#12063=ORIENTED_EDGE('',*,*,#12034,.F.);
#12064=EDGE_LOOP('',(#12050,#12057,#12062,#12063));
#12065=FACE_OUTER_BOUND('',#12064,.T.);
#12066=CARTESIAN_POINT('',(808.24264,-146.75736,307.5));
#12067=DIRECTION('',(0.35741,0.86286,0.35741));
#12068=DIRECTION('',(-0.92388,0.38268,0.));
#12069=AXIS2_PLACEMENT_3D('',#12066,#12067,#12068);
#12070=PLANE('',#12069);
#12071=ADVANCED_FACE('',(#12065),#12070,.T.);
#12072=ORIENTED_EDGE('',*,*,#11819,.T.);
#12073=CARTESIAN_POINT('',(776.,-145.43934,308.56066));
#12074=VERTEX_POINT('',#12073);
#12075=DIRECTION('',(0.,-0.38268,0.92388));
#12076=VECTOR('',#12075,1.14805);
#12077=LINE('',#11809,#12076);
#12078=EDGE_CURVE('',#11810,#12074,#12077,.T.);
#12079=ORIENTED_EDGE('',*,*,#12078,.T.);
#12080=DIRECTION('',(-1.,0.,0.));
#12081=VECTOR('',#12080,28.);
#12082=LINE('',#12051,#12081);
#12083=EDGE_CURVE('',#12052,#12074,#12082,.T.);
#12084=ORIENTED_EDGE('',*,*,#12083,.F.);
#12085=ORIENTED_EDGE('',*,*,#12056,.F.);
#12086=EDGE_LOOP('',(#12072,#12079,#12084,#12085));
#12087=FACE_OUTER_BOUND('',#12086,.T.);
#12088=CARTESIAN_POINT('',(804.,-145.,307.5));
#12089=DIRECTION('',(0.,0.92388,0.38268));
#12090=DIRECTION('',(-1.,0.,0.));
#12091=AXIS2_PLACEMENT_3D('',#12088,#12089,#12090);
#12092=PLANE('',#12091);
#12093=ADVANCED_FACE('',(#12087),#12092,.T.);
#12094=ORIENTED_EDGE('',*,*,#11841,.T.);
#12095=CARTESIAN_POINT('',(772.06802,-147.06802,308.56066));
#12096=VERTEX_POINT('',#12095);
#12097=DIRECTION('',(0.2706,-0.2706,0.92388));
#12098=VECTOR('',#12097,1.14805);
#12099=LINE('',#11831,#12098);
#12100=EDGE_CURVE('',#11832,#12096,#12099,.T.);
#12101=ORIENTED_EDGE('',*,*,#12100,.T.);
#12102=DIRECTION('',(-0.92388,-0.38268,0.));
#12103=VECTOR('',#12102,4.25595);
#12104=LINE('',#12073,#12103);
#12105=EDGE_CURVE('',#12074,#12096,#12104,.T.);
#12106=ORIENTED_EDGE('',*,*,#12105,.F.);
#12107=ORIENTED_EDGE('',*,*,#12078,.F.);
#12108=EDGE_LOOP('',(#12094,#12101,#12106,#12107));
#12109=FACE_OUTER_BOUND('',#12108,.T.);
#12110=CARTESIAN_POINT('',(776.,-145.,307.5));
#12111=DIRECTION('',(-0.35741,0.86286,0.35741));
#12112=DIRECTION('',(-0.92388,-0.38268,0.));
#12113=AXIS2_PLACEMENT_3D('',#12110,#12111,#12112);
#12114=PLANE('',#12113);
#12115=ADVANCED_FACE('',(#12109),#12114,.T.);
#12116=ORIENTED_EDGE('',*,*,#11863,.T.);
#12117=CARTESIAN_POINT('',(770.43934,-151.,308.56066));
#12118=VERTEX_POINT('',#12117);
#12119=DIRECTION('',(0.38268,0.,0.92388));
#12120=VECTOR('',#12119,1.14805);
#12121=LINE('',#11853,#12120);
#12122=EDGE_CURVE('',#11854,#12118,#12121,.T.);
#12123=ORIENTED_EDGE('',*,*,#12122,.T.);
#12124=DIRECTION('',(-0.38268,-0.92388,0.));
#12125=VECTOR('',#12124,4.25595);
#12126=LINE('',#12095,#12125);
#12127=EDGE_CURVE('',#12096,#12118,#12126,.T.);
#12128=ORIENTED_EDGE('',*,*,#12127,.F.);
#12129=ORIENTED_EDGE('',*,*,#12100,.F.);
#12130=EDGE_LOOP('',(#12116,#12123,#12128,#12129));
#12131=FACE_OUTER_BOUND('',#12130,.T.);
#12132=CARTESIAN_POINT('',(771.75736,-146.75736,307.5));
#12133=DIRECTION('',(-0.86286,0.35741,0.35741));
#12134=DIRECTION('',(-0.38268,-0.92388,0.));
#12135=AXIS2_PLACEMENT_3D('',#12132,#12133,#12134);
#12136=PLANE('',#12135);
#12137=ADVANCED_FACE('',(#12131),#12136,.T.);
#12138=ORIENTED_EDGE('',*,*,#11885,.T.);
#12139=CARTESIAN_POINT('',(770.43934,-179.,308.56066));
#12140=VERTEX_POINT('',#12139);
#12141=DIRECTION('',(0.38268,0.,0.92388));
#12142=VECTOR('',#12141,1.14805);
#12143=LINE('',#11875,#12142);
#12144=EDGE_CURVE('',#11876,#12140,#12143,.T.);
#12145=ORIENTED_EDGE('',*,*,#12144,.T.);
#12146=DIRECTION('',(0.,-1.,0.));
#12147=VECTOR('',#12146,28.);
#12148=LINE('',#12117,#12147);
#12149=EDGE_CURVE('',#12118,#12140,#12148,.T.);
#12150=ORIENTED_EDGE('',*,*,#12149,.F.);
#12151=ORIENTED_EDGE('',*,*,#12122,.F.);
#12152=EDGE_LOOP('',(#12138,#12145,#12150,#12151));
#12153=FACE_OUTER_BOUND('',#12152,.T.);
#12154=CARTESIAN_POINT('',(770.,-151.,307.5));
#12155=DIRECTION('',(-0.92388,0.,0.38268));
#12156=DIRECTION('',(0.,-1.,0.));
#12157=AXIS2_PLACEMENT_3D('',#12154,#12155,#12156);
#12158=PLANE('',#12157);
#12159=ADVANCED_FACE('',(#12153),#12158,.T.);
#12160=ORIENTED_EDGE('',*,*,#11907,.T.);
#12161=CARTESIAN_POINT('',(772.06802,-182.93198,308.56066));
#12162=VERTEX_POINT('',#12161);
#12163=DIRECTION('',(0.2706,0.2706,0.92388));
#12164=VECTOR('',#12163,1.14805);
#12165=LINE('',#11897,#12164);
#12166=EDGE_CURVE('',#11898,#12162,#12165,.T.);
#12167=ORIENTED_EDGE('',*,*,#12166,.T.);
#12168=DIRECTION('',(0.38268,-0.92388,0.));
#12169=VECTOR('',#12168,4.25595);
#12170=LINE('',#12139,#12169);
#12171=EDGE_CURVE('',#12140,#12162,#12170,.T.);
#12172=ORIENTED_EDGE('',*,*,#12171,.F.);
#12173=ORIENTED_EDGE('',*,*,#12144,.F.);
#12174=EDGE_LOOP('',(#12160,#12167,#12172,#12173));
#12175=FACE_OUTER_BOUND('',#12174,.T.);
#12176=CARTESIAN_POINT('',(770.,-179.,307.5));
#12177=DIRECTION('',(-0.86286,-0.35741,0.35741));
#12178=DIRECTION('',(0.38268,-0.92388,0.));
#12179=AXIS2_PLACEMENT_3D('',#12176,#12177,#12178);
#12180=PLANE('',#12179);
#12181=ADVANCED_FACE('',(#12175),#12180,.T.);
#12182=ORIENTED_EDGE('',*,*,#11929,.T.);
#12183=CARTESIAN_POINT('',(776.,-184.56066,308.56066));
#12184=VERTEX_POINT('',#12183);
#12185=DIRECTION('',(0.,0.38268,0.92388));
#12186=VECTOR('',#12185,1.14805);
#12187=LINE('',#11919,#12186);
#12188=EDGE_CURVE('',#11920,#12184,#12187,.T.);
#12189=ORIENTED_EDGE('',*,*,#12188,.T.);
#12190=DIRECTION('',(0.92388,-0.38268,0.));
#12191=VECTOR('',#12190,4.25595);
#12192=LINE('',#12161,#12191);
#12193=EDGE_CURVE('',#12162,#12184,#12192,.T.);
#12194=ORIENTED_EDGE('',*,*,#12193,.F.);
#12195=ORIENTED_EDGE('',*,*,#12166,.F.);
#12196=EDGE_LOOP('',(#12182,#12189,#12194,#12195));
#12197=FACE_OUTER_BOUND('',#12196,.T.);
#12198=CARTESIAN_POINT('',(771.75736,-183.24264,307.5));
#12199=DIRECTION('',(-0.35741,-0.86286,0.35741));
#12200=DIRECTION('',(0.92388,-0.38268,0.));
#12201=AXIS2_PLACEMENT_3D('',#12198,#12199,#12200);
#12202=PLANE('',#12201);
#12203=ADVANCED_FACE('',(#12197),#12202,.T.);
#12204=ORIENTED_EDGE('',*,*,#11945,.F.);
#12205=ORIENTED_EDGE('',*,*,#11974,.T.);
#12206=DIRECTION('',(-1.,0.,0.));
#12207=VECTOR('',#12206,28.);
#12208=LINE('',#11964,#12207);
#12209=EDGE_CURVE('',#11965,#12184,#12208,.T.);
#12210=ORIENTED_EDGE('',*,*,#12209,.T.);
#12211=ORIENTED_EDGE('',*,*,#12188,.F.);
#12212=EDGE_LOOP('',(#12204,#12205,#12210,#12211));
#12213=FACE_OUTER_BOUND('',#12212,.T.);
#12214=CARTESIAN_POINT('',(776.,-185.,307.5));
#12215=DIRECTION('',(0.,-0.92388,0.38268));
#12216=DIRECTION('',(1.,0.,0.));
#12217=AXIS2_PLACEMENT_3D('',#12214,#12215,#12216);
#12218=PLANE('',#12217);
#12219=ADVANCED_FACE('',(#12213),#12218,.T.);
#12220=ORIENTED_EDGE('',*,*,#11969,.T.);
#12221=CARTESIAN_POINT('',(807.18198,-182.18198,309.));
#12222=VERTEX_POINT('',#12221);
#12223=DIRECTION('',(-0.65328,0.65328,0.38268));
#12224=VECTOR('',#12223,1.14805);
#12225=LINE('',#11957,#12224);
#12226=EDGE_CURVE('',#11958,#12222,#12225,.T.);
#12227=ORIENTED_EDGE('',*,*,#12226,.T.);
#12228=CARTESIAN_POINT('',(804.,-183.5,309.));
#12229=VERTEX_POINT('',#12228);
#12230=DIRECTION('',(0.92388,0.38268,0.));
#12231=VECTOR('',#12230,3.44415);
#12232=LINE('',#12228,#12231);
#12233=EDGE_CURVE('',#12229,#12222,#12232,.T.);
#12234=ORIENTED_EDGE('',*,*,#12233,.F.);
#12235=DIRECTION('',(0.,0.92388,0.38268));
#12236=VECTOR('',#12235,1.14805);
#12237=LINE('',#11964,#12236);
#12238=EDGE_CURVE('',#11965,#12229,#12237,.T.);
#12239=ORIENTED_EDGE('',*,*,#12238,.F.);
#12240=EDGE_LOOP('',(#12220,#12227,#12234,#12239));
#12241=FACE_OUTER_BOUND('',#12240,.T.);
#12242=CARTESIAN_POINT('',(804.,-184.56066,308.56066));
#12243=DIRECTION('',(0.15656,-0.37796,0.91249));
#12244=DIRECTION('',(0.92388,0.38268,0.));
#12245=AXIS2_PLACEMENT_3D('',#12242,#12243,#12244);
#12246=PLANE('',#12245);
#12247=ADVANCED_FACE('',(#12241),#12246,.T.);
#12248=ORIENTED_EDGE('',*,*,#11995,.T.);
#12249=CARTESIAN_POINT('',(808.5,-179.,309.));
#12250=VERTEX_POINT('',#12249);
#12251=DIRECTION('',(-0.92388,0.,0.38268));
#12252=VECTOR('',#12251,1.14805);
#12253=LINE('',#11985,#12252);
#12254=EDGE_CURVE('',#11986,#12250,#12253,.T.);
#12255=ORIENTED_EDGE('',*,*,#12254,.T.);
#12256=DIRECTION('',(0.38268,0.92388,0.));
#12257=VECTOR('',#12256,3.44415);
#12258=LINE('',#12221,#12257);
#12259=EDGE_CURVE('',#12222,#12250,#12258,.T.);
#12260=ORIENTED_EDGE('',*,*,#12259,.F.);
#12261=ORIENTED_EDGE('',*,*,#12226,.F.);
#12262=EDGE_LOOP('',(#12248,#12255,#12260,#12261));
#12263=FACE_OUTER_BOUND('',#12262,.T.);
#12264=CARTESIAN_POINT('',(807.93198,-182.93198,308.56066));
#12265=DIRECTION('',(0.37796,-0.15656,0.91249));
#12266=DIRECTION('',(0.38268,0.92388,0.));
#12267=AXIS2_PLACEMENT_3D('',#12264,#12265,#12266);
#12268=PLANE('',#12267);
#12269=ADVANCED_FACE('',(#12263),#12268,.T.);
#12270=ORIENTED_EDGE('',*,*,#12017,.T.);
#12271=CARTESIAN_POINT('',(808.5,-151.,309.));
#12272=VERTEX_POINT('',#12271);
#12273=DIRECTION('',(-0.92388,0.,0.38268));
#12274=VECTOR('',#12273,1.14805);
#12275=LINE('',#12007,#12274);
#12276=EDGE_CURVE('',#12008,#12272,#12275,.T.);
#12277=ORIENTED_EDGE('',*,*,#12276,.T.);
#12278=DIRECTION('',(0.,1.,0.));
#12279=VECTOR('',#12278,28.);
#12280=LINE('',#12249,#12279);
#12281=EDGE_CURVE('',#12250,#12272,#12280,.T.);
#12282=ORIENTED_EDGE('',*,*,#12281,.F.);
#12283=ORIENTED_EDGE('',*,*,#12254,.F.);
#12284=EDGE_LOOP('',(#12270,#12277,#12282,#12283));
#12285=FACE_OUTER_BOUND('',#12284,.T.);
#12286=CARTESIAN_POINT('',(809.56066,-179.,308.56066));
#12287=DIRECTION('',(0.38268,0.,0.92388));
#12288=DIRECTION('',(0.,1.,0.));
#12289=AXIS2_PLACEMENT_3D('',#12286,#12287,#12288);
#12290=PLANE('',#12289);
#12291=ADVANCED_FACE('',(#12285),#12290,.T.);
#12292=ORIENTED_EDGE('',*,*,#12039,.T.);
#12293=CARTESIAN_POINT('',(807.18198,-147.81802,309.));
#12294=VERTEX_POINT('',#12293);
#12295=DIRECTION('',(-0.65328,-0.65328,0.38268));
#12296=VECTOR('',#12295,1.14805);
#12297=LINE('',#12029,#12296);
#12298=EDGE_CURVE('',#12030,#12294,#12297,.T.);
#12299=ORIENTED_EDGE('',*,*,#12298,.T.);
#12300=DIRECTION('',(-0.38268,0.92388,0.));
#12301=VECTOR('',#12300,3.44415);
#12302=LINE('',#12271,#12301);
#12303=EDGE_CURVE('',#12272,#12294,#12302,.T.);
#12304=ORIENTED_EDGE('',*,*,#12303,.F.);
#12305=ORIENTED_EDGE('',*,*,#12276,.F.);
#12306=EDGE_LOOP('',(#12292,#12299,#12304,#12305));
#12307=FACE_OUTER_BOUND('',#12306,.T.);
#12308=CARTESIAN_POINT('',(809.56066,-151.,308.56066));
#12309=DIRECTION('',(0.37796,0.15656,0.91249));
#12310=DIRECTION('',(-0.38268,0.92388,0.));
#12311=AXIS2_PLACEMENT_3D('',#12308,#12309,#12310);
#12312=PLANE('',#12311);
#12313=ADVANCED_FACE('',(#12307),#12312,.T.);
#12314=ORIENTED_EDGE('',*,*,#12061,.T.);
#12315=CARTESIAN_POINT('',(804.,-146.5,309.));
#12316=VERTEX_POINT('',#12315);
#12317=DIRECTION('',(0.,-0.92388,0.38268));
#12318=VECTOR('',#12317,1.14805);
#12319=LINE('',#12051,#12318);
#12320=EDGE_CURVE('',#12052,#12316,#12319,.T.);
#12321=ORIENTED_EDGE('',*,*,#12320,.T.);
#12322=DIRECTION('',(-0.92388,0.38268,0.));
#12323=VECTOR('',#12322,3.44415);
#12324=LINE('',#12293,#12323);
#12325=EDGE_CURVE('',#12294,#12316,#12324,.T.);
#12326=ORIENTED_EDGE('',*,*,#12325,.F.);
#12327=ORIENTED_EDGE('',*,*,#12298,.F.);
#12328=EDGE_LOOP('',(#12314,#12321,#12326,#12327));
#12329=FACE_OUTER_BOUND('',#12328,.T.);
#12330=CARTESIAN_POINT('',(807.93198,-147.06802,308.56066));
#12331=DIRECTION('',(0.15656,0.37796,0.91249));
#12332=DIRECTION('',(-0.92388,0.38268,0.));
#12333=AXIS2_PLACEMENT_3D('',#12330,#12331,#12332);
#12334=PLANE('',#12333);
#12335=ADVANCED_FACE('',(#12329),#12334,.T.);
#12336=ORIENTED_EDGE('',*,*,#12083,.T.);
#12337=CARTESIAN_POINT('',(776.,-146.5,309.));
#12338=VERTEX_POINT('',#12337);
#12339=DIRECTION('',(0.,-0.92388,0.38268));
#12340=VECTOR('',#12339,1.14805);
#12341=LINE('',#12073,#12340);
#12342=EDGE_CURVE('',#12074,#12338,#12341,.T.);
#12343=ORIENTED_EDGE('',*,*,#12342,.T.);
#12344=DIRECTION('',(-1.,0.,0.));
#12345=VECTOR('',#12344,28.);
#12346=LINE('',#12315,#12345);
#12347=EDGE_CURVE('',#12316,#12338,#12346,.T.);
#12348=ORIENTED_EDGE('',*,*,#12347,.F.);
#12349=ORIENTED_EDGE('',*,*,#12320,.F.);
#12350=EDGE_LOOP('',(#12336,#12343,#12348,#12349));
#12351=FACE_OUTER_BOUND('',#12350,.T.);
#12352=CARTESIAN_POINT('',(804.,-145.43934,308.56066));
#12353=DIRECTION('',(0.,0.38268,0.92388));
#12354=DIRECTION('',(-1.,0.,0.));
#12355=AXIS2_PLACEMENT_3D('',#12352,#12353,#12354);
#12356=PLANE('',#12355);
#12357=ADVANCED_FACE('',(#12351),#12356,.T.);
#12358=ORIENTED_EDGE('',*,*,#12105,.T.);
#12359=CARTESIAN_POINT('',(772.81802,-147.81802,309.));
#12360=VERTEX_POINT('',#12359);
#12361=DIRECTION('',(0.65328,-0.65328,0.38268));
#12362=VECTOR('',#12361,1.14805);
#12363=LINE('',#12095,#12362);
#12364=EDGE_CURVE('',#12096,#12360,#12363,.T.);
#12365=ORIENTED_EDGE('',*,*,#12364,.T.);
#12366=DIRECTION('',(-0.92388,-0.38268,0.));
#12367=VECTOR('',#12366,3.44415);
#12368=LINE('',#12337,#12367);
#12369=EDGE_CURVE('',#12338,#12360,#12368,.T.);
#12370=ORIENTED_EDGE('',*,*,#12369,.F.);
#12371=ORIENTED_EDGE('',*,*,#12342,.F.);
#12372=EDGE_LOOP('',(#12358,#12365,#12370,#12371));
#12373=FACE_OUTER_BOUND('',#12372,.T.);
#12374=CARTESIAN_POINT('',(776.,-145.43934,308.56066));
#12375=DIRECTION('',(-0.15656,0.37796,0.91249));
#12376=DIRECTION('',(-0.92388,-0.38268,0.));
#12377=AXIS2_PLACEMENT_3D('',#12374,#12375,#12376);
#12378=PLANE('',#12377);
#12379=ADVANCED_FACE('',(#12373),#12378,.T.);
#12380=ORIENTED_EDGE('',*,*,#12127,.T.);
#12381=CARTESIAN_POINT('',(771.5,-151.,309.));
#12382=VERTEX_POINT('',#12381);
#12383=DIRECTION('',(0.92388,0.,0.38268));
#12384=VECTOR('',#12383,1.14805);
#12385=LINE('',#12117,#12384);
#12386=EDGE_CURVE('',#12118,#12382,#12385,.T.);
#12387=ORIENTED_EDGE('',*,*,#12386,.T.);
#12388=DIRECTION('',(-0.38268,-0.92388,0.));
#12389=VECTOR('',#12388,3.44415);
#12390=LINE('',#12359,#12389);
#12391=EDGE_CURVE('',#12360,#12382,#12390,.T.);
#12392=ORIENTED_EDGE('',*,*,#12391,.F.);
#12393=ORIENTED_EDGE('',*,*,#12364,.F.);
#12394=EDGE_LOOP('',(#12380,#12387,#12392,#12393));
#12395=FACE_OUTER_BOUND('',#12394,.T.);
#12396=CARTESIAN_POINT('',(772.06802,-147.06802,308.56066));
#12397=DIRECTION('',(-0.37796,0.15656,0.91249));
#12398=DIRECTION('',(-0.38268,-0.92388,0.));
#12399=AXIS2_PLACEMENT_3D('',#12396,#12397,#12398);
#12400=PLANE('',#12399);
#12401=ADVANCED_FACE('',(#12395),#12400,.T.);
#12402=ORIENTED_EDGE('',*,*,#12149,.T.);
#12403=CARTESIAN_POINT('',(771.5,-179.,309.));
#12404=VERTEX_POINT('',#12403);
#12405=DIRECTION('',(0.92388,0.,0.38268));
#12406=VECTOR('',#12405,1.14805);
#12407=LINE('',#12139,#12406);
#12408=EDGE_CURVE('',#12140,#12404,#12407,.T.);
#12409=ORIENTED_EDGE('',*,*,#12408,.T.);
#12410=DIRECTION('',(0.,-1.,0.));
#12411=VECTOR('',#12410,28.);
#12412=LINE('',#12381,#12411);
#12413=EDGE_CURVE('',#12382,#12404,#12412,.T.);
#12414=ORIENTED_EDGE('',*,*,#12413,.F.);
#12415=ORIENTED_EDGE('',*,*,#12386,.F.);
#12416=EDGE_LOOP('',(#12402,#12409,#12414,#12415));
#12417=FACE_OUTER_BOUND('',#12416,.T.);
#12418=CARTESIAN_POINT('',(770.43934,-151.,308.56066));
#12419=DIRECTION('',(-0.38268,0.,0.92388));
#12420=DIRECTION('',(0.,-1.,0.));
#12421=AXIS2_PLACEMENT_3D('',#12418,#12419,#12420);
#12422=PLANE('',#12421);
#12423=ADVANCED_FACE('',(#12417),#12422,.T.);
#12424=ORIENTED_EDGE('',*,*,#12171,.T.);
#12425=CARTESIAN_POINT('',(772.81802,-182.18198,309.));
#12426=VERTEX_POINT('',#12425);
#12427=DIRECTION('',(0.65328,0.65328,0.38268));
#12428=VECTOR('',#12427,1.14805);
#12429=LINE('',#12161,#12428);
#12430=EDGE_CURVE('',#12162,#12426,#12429,.T.);
#12431=ORIENTED_EDGE('',*,*,#12430,.T.);
#12432=DIRECTION('',(0.38268,-0.92388,0.));
#12433=VECTOR('',#12432,3.44415);
#12434=LINE('',#12403,#12433);
#12435=EDGE_CURVE('',#12404,#12426,#12434,.T.);
#12436=ORIENTED_EDGE('',*,*,#12435,.F.);
#12437=ORIENTED_EDGE('',*,*,#12408,.F.);
#12438=EDGE_LOOP('',(#12424,#12431,#12436,#12437));
#12439=FACE_OUTER_BOUND('',#12438,.T.);
#12440=CARTESIAN_POINT('',(770.43934,-179.,308.56066));
#12441=DIRECTION('',(-0.37796,-0.15656,0.91249));
#12442=DIRECTION('',(0.38268,-0.92388,0.));
#12443=AXIS2_PLACEMENT_3D('',#12440,#12441,#12442);
#12444=PLANE('',#12443);
#12445=ADVANCED_FACE('',(#12439),#12444,.T.);
#12446=ORIENTED_EDGE('',*,*,#12193,.T.);
#12447=CARTESIAN_POINT('',(776.,-183.5,309.));
#12448=VERTEX_POINT('',#12447);
#12449=DIRECTION('',(0.,0.92388,0.38268));
#12450=VECTOR('',#12449,1.14805);
#12451=LINE('',#12183,#12450);
#12452=EDGE_CURVE('',#12184,#12448,#12451,.T.);
#12453=ORIENTED_EDGE('',*,*,#12452,.T.);
#12454=DIRECTION('',(0.92388,-0.38268,0.));
#12455=VECTOR('',#12454,3.44415);
#12456=LINE('',#12425,#12455);
#12457=EDGE_CURVE('',#12426,#12448,#12456,.T.);
#12458=ORIENTED_EDGE('',*,*,#12457,.F.);
#12459=ORIENTED_EDGE('',*,*,#12430,.F.);
#12460=EDGE_LOOP('',(#12446,#12453,#12458,#12459));
#12461=FACE_OUTER_BOUND('',#12460,.T.);
#12462=CARTESIAN_POINT('',(772.06802,-182.93198,308.56066));
#12463=DIRECTION('',(-0.15656,-0.37796,0.91249));
#12464=DIRECTION('',(0.92388,-0.38268,0.));
#12465=AXIS2_PLACEMENT_3D('',#12462,#12463,#12464);
#12466=PLANE('',#12465);
#12467=ADVANCED_FACE('',(#12461),#12466,.T.);
#12468=ORIENTED_EDGE('',*,*,#12209,.F.);
#12469=ORIENTED_EDGE('',*,*,#12238,.T.);
#12470=DIRECTION('',(-1.,0.,0.));
#12471=VECTOR('',#12470,28.);
#12472=LINE('',#12228,#12471);
#12473=EDGE_CURVE('',#12229,#12448,#12472,.T.);
#12474=ORIENTED_EDGE('',*,*,#12473,.T.);
#12475=ORIENTED_EDGE('',*,*,#12452,.F.);
#12476=EDGE_LOOP('',(#12468,#12469,#12474,#12475));
#12477=FACE_OUTER_BOUND('',#12476,.T.);
#12478=CARTESIAN_POINT('',(776.,-184.56066,308.56066));
#12479=DIRECTION('',(0.,-0.38268,0.92388));
#12480=DIRECTION('',(1.,0.,0.));
#12481=AXIS2_PLACEMENT_3D('',#12478,#12479,#12480);
#12482=PLANE('',#12481);
#12483=ADVANCED_FACE('',(#12477),#12482,.T.);
#12484=ORIENTED_EDGE('',*,*,#11385,.F.);
#12485=ORIENTED_EDGE('',*,*,#11357,.F.);
#12486=ORIENTED_EDGE('',*,*,#11329,.F.);
#12487=ORIENTED_EDGE('',*,*,#11301,.F.);
#12488=ORIENTED_EDGE('',*,*,#11273,.F.);
#12489=ORIENTED_EDGE('',*,*,#11245,.F.);
#12490=ORIENTED_EDGE('',*,*,#11217,.F.);
#12491=ORIENTED_EDGE('',*,*,#11189,.F.);
#12492=ORIENTED_EDGE('',*,*,#11161,.F.);
#12493=ORIENTED_EDGE('',*,*,#11133,.F.);
#12494=ORIENTED_EDGE('',*,*,#11099,.F.);
#12495=ORIENTED_EDGE('',*,*,#11411,.T.);
#12496=EDGE_LOOP('',(#12484,#12485,#12486,#12487,#12488,#12489,#12490,#12491,#12492,#12493,#12494,#12495));
#12497=FACE_OUTER_BOUND('',#12496,.T.);
#12498=CARTESIAN_POINT('',(776.,-183.5,303.));
#12499=DIRECTION('',(0.,0.,-1.));
#12500=DIRECTION('',(-0.92388,0.38268,0.));
#12501=AXIS2_PLACEMENT_3D('',#12498,#12499,#12500);
#12502=PLANE('',#12501);
#12503=ADVANCED_FACE('',(#12497),#12502,.T.);
#12504=ORIENTED_EDGE('',*,*,#12233,.T.);
#12505=ORIENTED_EDGE('',*,*,#12259,.T.);
#12506=ORIENTED_EDGE('',*,*,#12281,.T.);
#12507=ORIENTED_EDGE('',*,*,#12303,.T.);
#12508=ORIENTED_EDGE('',*,*,#12325,.T.);
#12509=ORIENTED_EDGE('',*,*,#12347,.T.);
#12510=ORIENTED_EDGE('',*,*,#12369,.T.);
#12511=ORIENTED_EDGE('',*,*,#12391,.T.);
#12512=ORIENTED_EDGE('',*,*,#12413,.T.);
#12513=ORIENTED_EDGE('',*,*,#12435,.T.);
#12514=ORIENTED_EDGE('',*,*,#12457,.T.);
#12515=ORIENTED_EDGE('',*,*,#12473,.F.);
#12516=EDGE_LOOP('',(#12504,#12505,#12506,#12507,#12508,#12509,#12510,#12511,#12512,#12513,#12514,#12515));
#12517=FACE_OUTER_BOUND('',#12516,.T.);
#12518=CARTESIAN_POINT('',(804.,-183.5,309.));
#12519=DIRECTION('',(0.,0.,1.));
#12520=DIRECTION('',(0.92388,0.38268,0.));
#12521=AXIS2_PLACEMENT_3D('',#12518,#12519,#12520);
#12522=PLANE('',#12521);
#12523=ADVANCED_FACE('',(#12517),#12522,.T.);
#12524=CLOSED_SHELL('',(#11127,#11155,#11183,#11211,#11239,#11267,#11295,#11323,#11351,#11379,#11407,#11427,#11455,#11477,#11499,#11521,#11543,#11565,#11587,#11609,#11631,#11653,#11675,#11691,#11719,#11741,#11763,#11785,#11807,#11829,#11851,#11873,#11895,#11917,#11939,#11955,#11983,#12005,#12027,#12049,#12071,#12093,#12115,#12137,#12159,#12181,#12203,#12219,#12247,#12269,#12291,#12313,#12335,#12357,#12379,#12401,#12423,#12445,#12467,#12483,#12503,#12523));
#12525=MANIFOLD_SOLID_BREP('',#12524);
#12526=STYLED_ITEM('color',(#1458),#12525);
#12527=CARTESIAN_POINT('',(800.,-165.,309.));
#12528=VERTEX_POINT('',#12527);
#12529=CARTESIAN_POINT('',(799.65926,-162.41181,309.));
#12530=VERTEX_POINT('',#12529);
#12531=DIRECTION('',(-0.13053,0.99144,0.));
#12532=VECTOR('',#12531,2.61052);
#12533=LINE('',#12527,#12532);
#12534=EDGE_CURVE('',#12528,#12530,#12533,.T.);
#12535=ORIENTED_EDGE('',*,*,#12534,.T.);
#12536=CARTESIAN_POINT('',(799.65926,-162.41181,572.84325));
#12537=VERTEX_POINT('',#12536);
#12538=DIRECTION('',(0.,0.,1.));
#12539=VECTOR('',#12538,263.84325);
#12540=LINE('',#12529,#12539);
#12541=EDGE_CURVE('',#12530,#12537,#12540,.T.);
#12542=ORIENTED_EDGE('',*,*,#12541,.T.);
#12543=CARTESIAN_POINT('',(800.,-165.,572.84325));
#12544=VERTEX_POINT('',#12543);
#12545=DIRECTION('',(-0.13053,0.99144,0.));
#12546=VECTOR('',#12545,2.61052);
#12547=LINE('',#12543,#12546);
#12548=EDGE_CURVE('',#12544,#12537,#12547,.T.);
#12549=ORIENTED_EDGE('',*,*,#12548,.F.);
#12550=DIRECTION('',(0.,0.,1.));
#12551=VECTOR('',#12550,263.84325);
#12552=LINE('',#12527,#12551);
#12553=EDGE_CURVE('',#12528,#12544,#12552,.T.);
#12554=ORIENTED_EDGE('',*,*,#12553,.F.);
#12555=EDGE_LOOP('',(#12535,#12542,#12549,#12554));
#12556=FACE_OUTER_BOUND('',#12555,.T.);
#12557=CARTESIAN_POINT('',(800.,-165.,309.));
#12558=DIRECTION('',(0.99144,0.13053,0.));
#12559=DIRECTION('',(-0.13053,0.99144,0.));
#12560=AXIS2_PLACEMENT_3D('',#12557,#12558,#12559);
#12561=PLANE('',#12560);
#12562=ADVANCED_FACE('',(#12556),#12561,.T.);
#12563=CARTESIAN_POINT('',(798.66025,-160.,309.));
#12564=VERTEX_POINT('',#12563);
#12565=DIRECTION('',(-0.38268,0.92388,0.));
#12566=VECTOR('',#12565,2.61052);
#12567=LINE('',#12529,#12566);
#12568=EDGE_CURVE('',#12530,#12564,#12567,.T.);
#12569=ORIENTED_EDGE('',*,*,#12568,.T.);
#12570=CARTESIAN_POINT('',(798.66025,-160.,572.84325));
#12571=VERTEX_POINT('',#12570);
#12572=DIRECTION('',(0.,0.,1.));
#12573=VECTOR('',#12572,263.84325);
#12574=LINE('',#12563,#12573);
#12575=EDGE_CURVE('',#12564,#12571,#12574,.T.);
#12576=ORIENTED_EDGE('',*,*,#12575,.T.);
#12577=DIRECTION('',(-0.38268,0.92388,0.));
#12578=VECTOR('',#12577,2.61052);
#12579=LINE('',#12536,#12578);
#12580=EDGE_CURVE('',#12537,#12571,#12579,.T.);
#12581=ORIENTED_EDGE('',*,*,#12580,.F.);
#12582=ORIENTED_EDGE('',*,*,#12541,.F.);
#12583=EDGE_LOOP('',(#12569,#12576,#12581,#12582));
#12584=FACE_OUTER_BOUND('',#12583,.T.);
#12585=CARTESIAN_POINT('',(799.65926,-162.41181,309.));
#12586=DIRECTION('',(0.92388,0.38268,0.));
#12587=DIRECTION('',(-0.38268,0.92388,0.));
#12588=AXIS2_PLACEMENT_3D('',#12585,#12586,#12587);
#12589=PLANE('',#12588);
#12590=ADVANCED_FACE('',(#12584),#12589,.T.);
#12591=CARTESIAN_POINT('',(797.07107,-157.92893,309.));
#12592=VERTEX_POINT('',#12591);
#12593=DIRECTION('',(-0.60876,0.79335,0.));
#12594=VECTOR('',#12593,2.61052);
#12595=LINE('',#12563,#12594);
#12596=EDGE_CURVE('',#12564,#12592,#12595,.T.);
#12597=ORIENTED_EDGE('',*,*,#12596,.T.);
#12598=CARTESIAN_POINT('',(797.07107,-157.92893,572.84325));
#12599=VERTEX_POINT('',#12598);
#12600=DIRECTION('',(0.,0.,1.));
#12601=VECTOR('',#12600,263.84325);
#12602=LINE('',#12591,#12601);
#12603=EDGE_CURVE('',#12592,#12599,#12602,.T.);
#12604=ORIENTED_EDGE('',*,*,#12603,.T.);
#12605=DIRECTION('',(-0.60876,0.79335,0.));
#12606=VECTOR('',#12605,2.61052);
#12607=LINE('',#12570,#12606);
#12608=EDGE_CURVE('',#12571,#12599,#12607,.T.);
#12609=ORIENTED_EDGE('',*,*,#12608,.F.);
#12610=ORIENTED_EDGE('',*,*,#12575,.F.);
#12611=EDGE_LOOP('',(#12597,#12604,#12609,#12610));
#12612=FACE_OUTER_BOUND('',#12611,.T.);
#12613=CARTESIAN_POINT('',(798.66025,-160.,309.));
#12614=DIRECTION('',(0.79335,0.60876,0.));
#12615=DIRECTION('',(-0.60876,0.79335,0.));
#12616=AXIS2_PLACEMENT_3D('',#12613,#12614,#12615);
#12617=PLANE('',#12616);
#12618=ADVANCED_FACE('',(#12612),#12617,.T.);
#12619=CARTESIAN_POINT('',(795.,-156.33975,309.));
#12620=VERTEX_POINT('',#12619);
#12621=DIRECTION('',(-0.79335,0.60876,0.));
#12622=VECTOR('',#12621,2.61052);
#12623=LINE('',#12591,#12622);
#12624=EDGE_CURVE('',#12592,#12620,#12623,.T.);
#12625=ORIENTED_EDGE('',*,*,#12624,.T.);
#12626=CARTESIAN_POINT('',(795.,-156.33975,572.84325));
#12627=VERTEX_POINT('',#12626);
#12628=DIRECTION('',(0.,0.,1.));
#12629=VECTOR('',#12628,263.84325);
#12630=LINE('',#12619,#12629);
#12631=EDGE_CURVE('',#12620,#12627,#12630,.T.);
#12632=ORIENTED_EDGE('',*,*,#12631,.T.);
#12633=DIRECTION('',(-0.79335,0.60876,0.));
#12634=VECTOR('',#12633,2.61052);
#12635=LINE('',#12598,#12634);
#12636=EDGE_CURVE('',#12599,#12627,#12635,.T.);
#12637=ORIENTED_EDGE('',*,*,#12636,.F.);
#12638=ORIENTED_EDGE('',*,*,#12603,.F.);
#12639=EDGE_LOOP('',(#12625,#12632,#12637,#12638));
#12640=FACE_OUTER_BOUND('',#12639,.T.);
#12641=CARTESIAN_POINT('',(797.07107,-157.92893,309.));
#12642=DIRECTION('',(0.60876,0.79335,0.));
#12643=DIRECTION('',(-0.79335,0.60876,0.));
#12644=AXIS2_PLACEMENT_3D('',#12641,#12642,#12643);
#12645=PLANE('',#12644);
#12646=ADVANCED_FACE('',(#12640),#12645,.T.);
#12647=CARTESIAN_POINT('',(792.58819,-155.34074,309.));
#12648=VERTEX_POINT('',#12647);
#12649=DIRECTION('',(-0.92388,0.38268,0.));
#12650=VECTOR('',#12649,2.61052);
#12651=LINE('',#12619,#12650);
#12652=EDGE_CURVE('',#12620,#12648,#12651,.T.);
#12653=ORIENTED_EDGE('',*,*,#12652,.T.);
#12654=CARTESIAN_POINT('',(792.58819,-155.34074,572.84325));
#12655=VERTEX_POINT('',#12654);
#12656=DIRECTION('',(0.,0.,1.));
#12657=VECTOR('',#12656,263.84325);
#12658=LINE('',#12647,#12657);
#12659=EDGE_CURVE('',#12648,#12655,#12658,.T.);
#12660=ORIENTED_EDGE('',*,*,#12659,.T.);
#12661=DIRECTION('',(-0.92388,0.38268,0.));
#12662=VECTOR('',#12661,2.61052);
#12663=LINE('',#12626,#12662);
#12664=EDGE_CURVE('',#12627,#12655,#12663,.T.);
#12665=ORIENTED_EDGE('',*,*,#12664,.F.);
#12666=ORIENTED_EDGE('',*,*,#12631,.F.);
#12667=EDGE_LOOP('',(#12653,#12660,#12665,#12666));
#12668=FACE_OUTER_BOUND('',#12667,.T.);
#12669=CARTESIAN_POINT('',(795.,-156.33975,309.));
#12670=DIRECTION('',(0.38268,0.92388,0.));
#12671=DIRECTION('',(-0.92388,0.38268,0.));
#12672=AXIS2_PLACEMENT_3D('',#12669,#12670,#12671);
#12673=PLANE('',#12672);
#12674=ADVANCED_FACE('',(#12668),#12673,.T.);
#12675=CARTESIAN_POINT('',(790.,-155.,309.));
#12676=VERTEX_POINT('',#12675);
#12677=DIRECTION('',(-0.99144,0.13053,0.));
#12678=VECTOR('',#12677,2.61052);
#12679=LINE('',#12647,#12678);
#12680=EDGE_CURVE('',#12648,#12676,#12679,.T.);
#12681=ORIENTED_EDGE('',*,*,#12680,.T.);
#12682=CARTESIAN_POINT('',(790.,-155.,572.84325));
#12683=VERTEX_POINT('',#12682);
#12684=DIRECTION('',(0.,0.,1.));
#12685=VECTOR('',#12684,263.84325);
#12686=LINE('',#12675,#12685);
#12687=EDGE_CURVE('',#12676,#12683,#12686,.T.);
#12688=ORIENTED_EDGE('',*,*,#12687,.T.);
#12689=DIRECTION('',(-0.99144,0.13053,0.));
#12690=VECTOR('',#12689,2.61052);
#12691=LINE('',#12654,#12690);
#12692=EDGE_CURVE('',#12655,#12683,#12691,.T.);
#12693=ORIENTED_EDGE('',*,*,#12692,.F.);
#12694=ORIENTED_EDGE('',*,*,#12659,.F.);
#12695=EDGE_LOOP('',(#12681,#12688,#12693,#12694));
#12696=FACE_OUTER_BOUND('',#12695,.T.);
#12697=CARTESIAN_POINT('',(792.58819,-155.34074,309.));
#12698=DIRECTION('',(0.13053,0.99144,0.));
#12699=DIRECTION('',(-0.99144,0.13053,0.));
#12700=AXIS2_PLACEMENT_3D('',#12697,#12698,#12699);
#12701=PLANE('',#12700);
#12702=ADVANCED_FACE('',(#12696),#12701,.T.);
#12703=CARTESIAN_POINT('',(787.41181,-155.34074,309.));
#12704=VERTEX_POINT('',#12703);
#12705=DIRECTION('',(-0.99144,-0.13053,0.));
#12706=VECTOR('',#12705,2.61052);
#12707=LINE('',#12675,#12706);
#12708=EDGE_CURVE('',#12676,#12704,#12707,.T.);
#12709=ORIENTED_EDGE('',*,*,#12708,.T.);
#12710=CARTESIAN_POINT('',(787.41181,-155.34074,572.84325));
#12711=VERTEX_POINT('',#12710);
#12712=DIRECTION('',(0.,0.,1.));
#12713=VECTOR('',#12712,263.84325);
#12714=LINE('',#12703,#12713);
#12715=EDGE_CURVE('',#12704,#12711,#12714,.T.);
#12716=ORIENTED_EDGE('',*,*,#12715,.T.);
#12717=DIRECTION('',(-0.99144,-0.13053,0.));
#12718=VECTOR('',#12717,2.61052);
#12719=LINE('',#12682,#12718);
#12720=EDGE_CURVE('',#12683,#12711,#12719,.T.);
#12721=ORIENTED_EDGE('',*,*,#12720,.F.);
#12722=ORIENTED_EDGE('',*,*,#12687,.F.);
#12723=EDGE_LOOP('',(#12709,#12716,#12721,#12722));
#12724=FACE_OUTER_BOUND('',#12723,.T.);
#12725=CARTESIAN_POINT('',(790.,-155.,309.));
#12726=DIRECTION('',(-0.13053,0.99144,0.));
#12727=DIRECTION('',(-0.99144,-0.13053,0.));
#12728=AXIS2_PLACEMENT_3D('',#12725,#12726,#12727);
#12729=PLANE('',#12728);
#12730=ADVANCED_FACE('',(#12724),#12729,.T.);
#12731=CARTESIAN_POINT('',(785.,-156.33975,309.));
#12732=VERTEX_POINT('',#12731);
#12733=DIRECTION('',(-0.92388,-0.38268,0.));
#12734=VECTOR('',#12733,2.61052);
#12735=LINE('',#12703,#12734);
#12736=EDGE_CURVE('',#12704,#12732,#12735,.T.);
#12737=ORIENTED_EDGE('',*,*,#12736,.T.);
#12738=CARTESIAN_POINT('',(785.,-156.33975,572.84325));
#12739=VERTEX_POINT('',#12738);
#12740=DIRECTION('',(0.,0.,1.));
#12741=VECTOR('',#12740,263.84325);
#12742=LINE('',#12731,#12741);
#12743=EDGE_CURVE('',#12732,#12739,#12742,.T.);
#12744=ORIENTED_EDGE('',*,*,#12743,.T.);
#12745=DIRECTION('',(-0.92388,-0.38268,0.));
#12746=VECTOR('',#12745,2.61052);
#12747=LINE('',#12710,#12746);
#12748=EDGE_CURVE('',#12711,#12739,#12747,.T.);
#12749=ORIENTED_EDGE('',*,*,#12748,.F.);
#12750=ORIENTED_EDGE('',*,*,#12715,.F.);
#12751=EDGE_LOOP('',(#12737,#12744,#12749,#12750));
#12752=FACE_OUTER_BOUND('',#12751,.T.);
#12753=CARTESIAN_POINT('',(787.41181,-155.34074,309.));
#12754=DIRECTION('',(-0.38268,0.92388,0.));
#12755=DIRECTION('',(-0.92388,-0.38268,0.));
#12756=AXIS2_PLACEMENT_3D('',#12753,#12754,#12755);
#12757=PLANE('',#12756);
#12758=ADVANCED_FACE('',(#12752),#12757,.T.);
#12759=CARTESIAN_POINT('',(782.92893,-157.92893,309.));
#12760=VERTEX_POINT('',#12759);
#12761=DIRECTION('',(-0.79335,-0.60876,0.));
#12762=VECTOR('',#12761,2.61052);
#12763=LINE('',#12731,#12762);
#12764=EDGE_CURVE('',#12732,#12760,#12763,.T.);
#12765=ORIENTED_EDGE('',*,*,#12764,.T.);
#12766=CARTESIAN_POINT('',(782.92893,-157.92893,572.84325));
#12767=VERTEX_POINT('',#12766);
#12768=DIRECTION('',(0.,0.,1.));
#12769=VECTOR('',#12768,263.84325);
#12770=LINE('',#12759,#12769);
#12771=EDGE_CURVE('',#12760,#12767,#12770,.T.);
#12772=ORIENTED_EDGE('',*,*,#12771,.T.);
#12773=DIRECTION('',(-0.79335,-0.60876,0.));
#12774=VECTOR('',#12773,2.61052);
#12775=LINE('',#12738,#12774);
#12776=EDGE_CURVE('',#12739,#12767,#12775,.T.);
#12777=ORIENTED_EDGE('',*,*,#12776,.F.);
#12778=ORIENTED_EDGE('',*,*,#12743,.F.);
#12779=EDGE_LOOP('',(#12765,#12772,#12777,#12778));
#12780=FACE_OUTER_BOUND('',#12779,.T.);
#12781=CARTESIAN_POINT('',(785.,-156.33975,309.));
#12782=DIRECTION('',(-0.60876,0.79335,0.));
#12783=DIRECTION('',(-0.79335,-0.60876,0.));
#12784=AXIS2_PLACEMENT_3D('',#12781,#12782,#12783);
#12785=PLANE('',#12784);
#12786=ADVANCED_FACE('',(#12780),#12785,.T.);
#12787=CARTESIAN_POINT('',(781.33975,-160.,309.));
#12788=VERTEX_POINT('',#12787);
#12789=DIRECTION('',(-0.60876,-0.79335,0.));
#12790=VECTOR('',#12789,2.61052);
#12791=LINE('',#12759,#12790);
#12792=EDGE_CURVE('',#12760,#12788,#12791,.T.);
#12793=ORIENTED_EDGE('',*,*,#12792,.T.);
#12794=CARTESIAN_POINT('',(781.33975,-160.,572.84325));
#12795=VERTEX_POINT('',#12794);
#12796=DIRECTION('',(0.,0.,1.));
#12797=VECTOR('',#12796,263.84325);
#12798=LINE('',#12787,#12797);
#12799=EDGE_CURVE('',#12788,#12795,#12798,.T.);
#12800=ORIENTED_EDGE('',*,*,#12799,.T.);
#12801=DIRECTION('',(-0.60876,-0.79335,0.));
#12802=VECTOR('',#12801,2.61052);
#12803=LINE('',#12766,#12802);
#12804=EDGE_CURVE('',#12767,#12795,#12803,.T.);
#12805=ORIENTED_EDGE('',*,*,#12804,.F.);
#12806=ORIENTED_EDGE('',*,*,#12771,.F.);
#12807=EDGE_LOOP('',(#12793,#12800,#12805,#12806));
#12808=FACE_OUTER_BOUND('',#12807,.T.);
#12809=CARTESIAN_POINT('',(782.92893,-157.92893,309.));
#12810=DIRECTION('',(-0.79335,0.60876,0.));
#12811=DIRECTION('',(-0.60876,-0.79335,0.));
#12812=AXIS2_PLACEMENT_3D('',#12809,#12810,#12811);
#12813=PLANE('',#12812);
#12814=ADVANCED_FACE('',(#12808),#12813,.T.);
#12815=CARTESIAN_POINT('',(780.34074,-162.41181,309.));
#12816=VERTEX_POINT('',#12815);
#12817=DIRECTION('',(-0.38268,-0.92388,0.));
#12818=VECTOR('',#12817,2.61052);
#12819=LINE('',#12787,#12818);
#12820=EDGE_CURVE('',#12788,#12816,#12819,.T.);
#12821=ORIENTED_EDGE('',*,*,#12820,.T.);
#12822=CARTESIAN_POINT('',(780.34074,-162.41181,572.84325));
#12823=VERTEX_POINT('',#12822);
#12824=DIRECTION('',(0.,0.,1.));
#12825=VECTOR('',#12824,263.84325);
#12826=LINE('',#12815,#12825);
#12827=EDGE_CURVE('',#12816,#12823,#12826,.T.);
#12828=ORIENTED_EDGE('',*,*,#12827,.T.);
#12829=DIRECTION('',(-0.38268,-0.92388,0.));
#12830=VECTOR('',#12829,2.61052);
#12831=LINE('',#12794,#12830);
#12832=EDGE_CURVE('',#12795,#12823,#12831,.T.);
#12833=ORIENTED_EDGE('',*,*,#12832,.F.);
#12834=ORIENTED_EDGE('',*,*,#12799,.F.);
#12835=EDGE_LOOP('',(#12821,#12828,#12833,#12834));
#12836=FACE_OUTER_BOUND('',#12835,.T.);
#12837=CARTESIAN_POINT('',(781.33975,-160.,309.));
#12838=DIRECTION('',(-0.92388,0.38268,0.));
#12839=DIRECTION('',(-0.38268,-0.92388,0.));
#12840=AXIS2_PLACEMENT_3D('',#12837,#12838,#12839);
#12841=PLANE('',#12840);
#12842=ADVANCED_FACE('',(#12836),#12841,.T.);
#12843=CARTESIAN_POINT('',(780.,-165.,309.));
#12844=VERTEX_POINT('',#12843);
#12845=DIRECTION('',(-0.13053,-0.99144,0.));
#12846=VECTOR('',#12845,2.61052);
#12847=LINE('',#12815,#12846);
#12848=EDGE_CURVE('',#12816,#12844,#12847,.T.);
#12849=ORIENTED_EDGE('',*,*,#12848,.T.);
#12850=CARTESIAN_POINT('',(780.,-165.,572.84325));
#12851=VERTEX_POINT('',#12850);
#12852=DIRECTION('',(0.,0.,1.));
#12853=VECTOR('',#12852,263.84325);
#12854=LINE('',#12843,#12853);
#12855=EDGE_CURVE('',#12844,#12851,#12854,.T.);
#12856=ORIENTED_EDGE('',*,*,#12855,.T.);
#12857=DIRECTION('',(-0.13053,-0.99144,0.));
#12858=VECTOR('',#12857,2.61052);
#12859=LINE('',#12822,#12858);
#12860=EDGE_CURVE('',#12823,#12851,#12859,.T.);
#12861=ORIENTED_EDGE('',*,*,#12860,.F.);
#12862=ORIENTED_EDGE('',*,*,#12827,.F.);
#12863=EDGE_LOOP('',(#12849,#12856,#12861,#12862));
#12864=FACE_OUTER_BOUND('',#12863,.T.);
#12865=CARTESIAN_POINT('',(780.34074,-162.41181,309.));
#12866=DIRECTION('',(-0.99144,0.13053,0.));
#12867=DIRECTION('',(-0.13053,-0.99144,0.));
#12868=AXIS2_PLACEMENT_3D('',#12865,#12866,#12867);
#12869=PLANE('',#12868);
#12870=ADVANCED_FACE('',(#12864),#12869,.T.);
#12871=CARTESIAN_POINT('',(780.34074,-167.58819,309.));
#12872=VERTEX_POINT('',#12871);
#12873=DIRECTION('',(0.13053,-0.99144,0.));
#12874=VECTOR('',#12873,2.61052);
#12875=LINE('',#12843,#12874);
#12876=EDGE_CURVE('',#12844,#12872,#12875,.T.);
#12877=ORIENTED_EDGE('',*,*,#12876,.T.);
#12878=CARTESIAN_POINT('',(780.34074,-167.58819,572.84325));
#12879=VERTEX_POINT('',#12878);
#12880=DIRECTION('',(0.,0.,1.));
#12881=VECTOR('',#12880,263.84325);
#12882=LINE('',#12871,#12881);
#12883=EDGE_CURVE('',#12872,#12879,#12882,.T.);
#12884=ORIENTED_EDGE('',*,*,#12883,.T.);
#12885=DIRECTION('',(0.13053,-0.99144,0.));
#12886=VECTOR('',#12885,2.61052);
#12887=LINE('',#12850,#12886);
#12888=EDGE_CURVE('',#12851,#12879,#12887,.T.);
#12889=ORIENTED_EDGE('',*,*,#12888,.F.);
#12890=ORIENTED_EDGE('',*,*,#12855,.F.);
#12891=EDGE_LOOP('',(#12877,#12884,#12889,#12890));
#12892=FACE_OUTER_BOUND('',#12891,.T.);
#12893=CARTESIAN_POINT('',(780.,-165.,309.));
#12894=DIRECTION('',(-0.99144,-0.13053,0.));
#12895=DIRECTION('',(0.13053,-0.99144,0.));
#12896=AXIS2_PLACEMENT_3D('',#12893,#12894,#12895);
#12897=PLANE('',#12896);
#12898=ADVANCED_FACE('',(#12892),#12897,.T.);
#12899=CARTESIAN_POINT('',(781.33975,-170.,309.));
#12900=VERTEX_POINT('',#12899);
#12901=DIRECTION('',(0.38268,-0.92388,0.));
#12902=VECTOR('',#12901,2.61052);
#12903=LINE('',#12871,#12902);
#12904=EDGE_CURVE('',#12872,#12900,#12903,.T.);
#12905=ORIENTED_EDGE('',*,*,#12904,.T.);
#12906=CARTESIAN_POINT('',(781.33975,-170.,572.84325));
#12907=VERTEX_POINT('',#12906);
#12908=DIRECTION('',(0.,0.,1.));
#12909=VECTOR('',#12908,263.84325);
#12910=LINE('',#12899,#12909);
#12911=EDGE_CURVE('',#12900,#12907,#12910,.T.);
#12912=ORIENTED_EDGE('',*,*,#12911,.T.);
#12913=DIRECTION('',(0.38268,-0.92388,0.));
#12914=VECTOR('',#12913,2.61052);
#12915=LINE('',#12878,#12914);
#12916=EDGE_CURVE('',#12879,#12907,#12915,.T.);
#12917=ORIENTED_EDGE('',*,*,#12916,.F.);
#12918=ORIENTED_EDGE('',*,*,#12883,.F.);
#12919=EDGE_LOOP('',(#12905,#12912,#12917,#12918));
#12920=FACE_OUTER_BOUND('',#12919,.T.);
#12921=CARTESIAN_POINT('',(780.34074,-167.58819,309.));
#12922=DIRECTION('',(-0.92388,-0.38268,0.));
#12923=DIRECTION('',(0.38268,-0.92388,0.));
#12924=AXIS2_PLACEMENT_3D('',#12921,#12922,#12923);
#12925=PLANE('',#12924);
#12926=ADVANCED_FACE('',(#12920),#12925,.T.);
#12927=CARTESIAN_POINT('',(782.92893,-172.07107,309.));
#12928=VERTEX_POINT('',#12927);
#12929=DIRECTION('',(0.60876,-0.79335,0.));
#12930=VECTOR('',#12929,2.61052);
#12931=LINE('',#12899,#12930);
#12932=EDGE_CURVE('',#12900,#12928,#12931,.T.);
#12933=ORIENTED_EDGE('',*,*,#12932,.T.);
#12934=CARTESIAN_POINT('',(782.92893,-172.07107,572.84325));
#12935=VERTEX_POINT('',#12934);
#12936=DIRECTION('',(0.,0.,1.));
#12937=VECTOR('',#12936,263.84325);
#12938=LINE('',#12927,#12937);
#12939=EDGE_CURVE('',#12928,#12935,#12938,.T.);
#12940=ORIENTED_EDGE('',*,*,#12939,.T.);
#12941=DIRECTION('',(0.60876,-0.79335,0.));
#12942=VECTOR('',#12941,2.61052);
#12943=LINE('',#12906,#12942);
#12944=EDGE_CURVE('',#12907,#12935,#12943,.T.);
#12945=ORIENTED_EDGE('',*,*,#12944,.F.);
#12946=ORIENTED_EDGE('',*,*,#12911,.F.);
#12947=EDGE_LOOP('',(#12933,#12940,#12945,#12946));
#12948=FACE_OUTER_BOUND('',#12947,.T.);
#12949=CARTESIAN_POINT('',(781.33975,-170.,309.));
#12950=DIRECTION('',(-0.79335,-0.60876,0.));
#12951=DIRECTION('',(0.60876,-0.79335,0.));
#12952=AXIS2_PLACEMENT_3D('',#12949,#12950,#12951);
#12953=PLANE('',#12952);
#12954=ADVANCED_FACE('',(#12948),#12953,.T.);
#12955=CARTESIAN_POINT('',(785.,-173.66025,309.));
#12956=VERTEX_POINT('',#12955);
#12957=DIRECTION('',(0.79335,-0.60876,0.));
#12958=VECTOR('',#12957,2.61052);
#12959=LINE('',#12927,#12958);
#12960=EDGE_CURVE('',#12928,#12956,#12959,.T.);
#12961=ORIENTED_EDGE('',*,*,#12960,.T.);
#12962=CARTESIAN_POINT('',(785.,-173.66025,572.84325));
#12963=VERTEX_POINT('',#12962);
#12964=DIRECTION('',(0.,0.,1.));
#12965=VECTOR('',#12964,263.84325);
#12966=LINE('',#12955,#12965);
#12967=EDGE_CURVE('',#12956,#12963,#12966,.T.);
#12968=ORIENTED_EDGE('',*,*,#12967,.T.);
#12969=DIRECTION('',(0.79335,-0.60876,0.));
#12970=VECTOR('',#12969,2.61052);
#12971=LINE('',#12934,#12970);
#12972=EDGE_CURVE('',#12935,#12963,#12971,.T.);
#12973=ORIENTED_EDGE('',*,*,#12972,.F.);
#12974=ORIENTED_EDGE('',*,*,#12939,.F.);
#12975=EDGE_LOOP('',(#12961,#12968,#12973,#12974));
#12976=FACE_OUTER_BOUND('',#12975,.T.);
#12977=CARTESIAN_POINT('',(782.92893,-172.07107,309.));
#12978=DIRECTION('',(-0.60876,-0.79335,0.));
#12979=DIRECTION('',(0.79335,-0.60876,0.));
#12980=AXIS2_PLACEMENT_3D('',#12977,#12978,#12979);
#12981=PLANE('',#12980);
#12982=ADVANCED_FACE('',(#12976),#12981,.T.);
#12983=CARTESIAN_POINT('',(787.41181,-174.65926,309.));
#12984=VERTEX_POINT('',#12983);
#12985=DIRECTION('',(0.92388,-0.38268,0.));
#12986=VECTOR('',#12985,2.61052);
#12987=LINE('',#12955,#12986);
#12988=EDGE_CURVE('',#12956,#12984,#12987,.T.);
#12989=ORIENTED_EDGE('',*,*,#12988,.T.);
#12990=CARTESIAN_POINT('',(787.41181,-174.65926,572.84325));
#12991=VERTEX_POINT('',#12990);
#12992=DIRECTION('',(0.,0.,1.));
#12993=VECTOR('',#12992,263.84325);
#12994=LINE('',#12983,#12993);
#12995=EDGE_CURVE('',#12984,#12991,#12994,.T.);
#12996=ORIENTED_EDGE('',*,*,#12995,.T.);
#12997=DIRECTION('',(0.92388,-0.38268,0.));
#12998=VECTOR('',#12997,2.61052);
#12999=LINE('',#12962,#12998);
#13000=EDGE_CURVE('',#12963,#12991,#12999,.T.);
#13001=ORIENTED_EDGE('',*,*,#13000,.F.);
#13002=ORIENTED_EDGE('',*,*,#12967,.F.);
#13003=EDGE_LOOP('',(#12989,#12996,#13001,#13002));
#13004=FACE_OUTER_BOUND('',#13003,.T.);
#13005=CARTESIAN_POINT('',(785.,-173.66025,309.));
#13006=DIRECTION('',(-0.38268,-0.92388,0.));
#13007=DIRECTION('',(0.92388,-0.38268,0.));
#13008=AXIS2_PLACEMENT_3D('',#13005,#13006,#13007);
#13009=PLANE('',#13008);
#13010=ADVANCED_FACE('',(#13004),#13009,.T.);
#13011=CARTESIAN_POINT('',(790.,-175.,309.));
#13012=VERTEX_POINT('',#13011);
#13013=DIRECTION('',(0.99144,-0.13053,0.));
#13014=VECTOR('',#13013,2.61052);
#13015=LINE('',#12983,#13014);
#13016=EDGE_CURVE('',#12984,#13012,#13015,.T.);
#13017=ORIENTED_EDGE('',*,*,#13016,.T.);
#13018=CARTESIAN_POINT('',(790.,-175.,572.84325));
#13019=VERTEX_POINT('',#13018);
#13020=DIRECTION('',(0.,0.,1.));
#13021=VECTOR('',#13020,263.84325);
#13022=LINE('',#13011,#13021);
#13023=EDGE_CURVE('',#13012,#13019,#13022,.T.);
#13024=ORIENTED_EDGE('',*,*,#13023,.T.);
#13025=DIRECTION('',(0.99144,-0.13053,0.));
#13026=VECTOR('',#13025,2.61052);
#13027=LINE('',#12990,#13026);
#13028=EDGE_CURVE('',#12991,#13019,#13027,.T.);
#13029=ORIENTED_EDGE('',*,*,#13028,.F.);
#13030=ORIENTED_EDGE('',*,*,#12995,.F.);
#13031=EDGE_LOOP('',(#13017,#13024,#13029,#13030));
#13032=FACE_OUTER_BOUND('',#13031,.T.);
#13033=CARTESIAN_POINT('',(787.41181,-174.65926,309.));
#13034=DIRECTION('',(-0.13053,-0.99144,0.));
#13035=DIRECTION('',(0.99144,-0.13053,0.));
#13036=AXIS2_PLACEMENT_3D('',#13033,#13034,#13035);
#13037=PLANE('',#13036);
#13038=ADVANCED_FACE('',(#13032),#13037,.T.);
#13039=CARTESIAN_POINT('',(792.58819,-174.65926,309.));
#13040=VERTEX_POINT('',#13039);
#13041=DIRECTION('',(0.99144,0.13053,0.));
#13042=VECTOR('',#13041,2.61052);
#13043=LINE('',#13011,#13042);
#13044=EDGE_CURVE('',#13012,#13040,#13043,.T.);
#13045=ORIENTED_EDGE('',*,*,#13044,.T.);
#13046=CARTESIAN_POINT('',(792.58819,-174.65926,572.84325));
#13047=VERTEX_POINT('',#13046);
#13048=DIRECTION('',(0.,0.,1.));
#13049=VECTOR('',#13048,263.84325);
#13050=LINE('',#13039,#13049);
#13051=EDGE_CURVE('',#13040,#13047,#13050,.T.);
#13052=ORIENTED_EDGE('',*,*,#13051,.T.);
#13053=DIRECTION('',(0.99144,0.13053,0.));
#13054=VECTOR('',#13053,2.61052);
#13055=LINE('',#13018,#13054);
#13056=EDGE_CURVE('',#13019,#13047,#13055,.T.);
#13057=ORIENTED_EDGE('',*,*,#13056,.F.);
#13058=ORIENTED_EDGE('',*,*,#13023,.F.);
#13059=EDGE_LOOP('',(#13045,#13052,#13057,#13058));
#13060=FACE_OUTER_BOUND('',#13059,.T.);
#13061=CARTESIAN_POINT('',(790.,-175.,309.));
#13062=DIRECTION('',(0.13053,-0.99144,0.));
#13063=DIRECTION('',(0.99144,0.13053,0.));
#13064=AXIS2_PLACEMENT_3D('',#13061,#13062,#13063);
#13065=PLANE('',#13064);
#13066=ADVANCED_FACE('',(#13060),#13065,.T.);
#13067=CARTESIAN_POINT('',(795.,-173.66025,309.));
#13068=VERTEX_POINT('',#13067);
#13069=DIRECTION('',(0.92388,0.38268,0.));
#13070=VECTOR('',#13069,2.61052);
#13071=LINE('',#13039,#13070);
#13072=EDGE_CURVE('',#13040,#13068,#13071,.T.);
#13073=ORIENTED_EDGE('',*,*,#13072,.T.);
#13074=CARTESIAN_POINT('',(795.,-173.66025,572.84325));
#13075=VERTEX_POINT('',#13074);
#13076=DIRECTION('',(0.,0.,1.));
#13077=VECTOR('',#13076,263.84325);
#13078=LINE('',#13067,#13077);
#13079=EDGE_CURVE('',#13068,#13075,#13078,.T.);
#13080=ORIENTED_EDGE('',*,*,#13079,.T.);
#13081=DIRECTION('',(0.92388,0.38268,0.));
#13082=VECTOR('',#13081,2.61052);
#13083=LINE('',#13046,#13082);
#13084=EDGE_CURVE('',#13047,#13075,#13083,.T.);
#13085=ORIENTED_EDGE('',*,*,#13084,.F.);
#13086=ORIENTED_EDGE('',*,*,#13051,.F.);
#13087=EDGE_LOOP('',(#13073,#13080,#13085,#13086));
#13088=FACE_OUTER_BOUND('',#13087,.T.);
#13089=CARTESIAN_POINT('',(792.58819,-174.65926,309.));
#13090=DIRECTION('',(0.38268,-0.92388,0.));
#13091=DIRECTION('',(0.92388,0.38268,0.));
#13092=AXIS2_PLACEMENT_3D('',#13089,#13090,#13091);
#13093=PLANE('',#13092);
#13094=ADVANCED_FACE('',(#13088),#13093,.T.);
#13095=CARTESIAN_POINT('',(797.07107,-172.07107,309.));
#13096=VERTEX_POINT('',#13095);
#13097=DIRECTION('',(0.79335,0.60876,0.));
#13098=VECTOR('',#13097,2.61052);
#13099=LINE('',#13067,#13098);
#13100=EDGE_CURVE('',#13068,#13096,#13099,.T.);
#13101=ORIENTED_EDGE('',*,*,#13100,.T.);
#13102=CARTESIAN_POINT('',(797.07107,-172.07107,572.84325));
#13103=VERTEX_POINT('',#13102);
#13104=DIRECTION('',(0.,0.,1.));
#13105=VECTOR('',#13104,263.84325);
#13106=LINE('',#13095,#13105);
#13107=EDGE_CURVE('',#13096,#13103,#13106,.T.);
#13108=ORIENTED_EDGE('',*,*,#13107,.T.);
#13109=DIRECTION('',(0.79335,0.60876,0.));
#13110=VECTOR('',#13109,2.61052);
#13111=LINE('',#13074,#13110);
#13112=EDGE_CURVE('',#13075,#13103,#13111,.T.);
#13113=ORIENTED_EDGE('',*,*,#13112,.F.);
#13114=ORIENTED_EDGE('',*,*,#13079,.F.);
#13115=EDGE_LOOP('',(#13101,#13108,#13113,#13114));
#13116=FACE_OUTER_BOUND('',#13115,.T.);
#13117=CARTESIAN_POINT('',(795.,-173.66025,309.));
#13118=DIRECTION('',(0.60876,-0.79335,0.));
#13119=DIRECTION('',(0.79335,0.60876,0.));
#13120=AXIS2_PLACEMENT_3D('',#13117,#13118,#13119);
#13121=PLANE('',#13120);
#13122=ADVANCED_FACE('',(#13116),#13121,.T.);
#13123=CARTESIAN_POINT('',(798.66025,-170.,309.));
#13124=VERTEX_POINT('',#13123);
#13125=DIRECTION('',(0.60876,0.79335,0.));
#13126=VECTOR('',#13125,2.61052);
#13127=LINE('',#13095,#13126);
#13128=EDGE_CURVE('',#13096,#13124,#13127,.T.);
#13129=ORIENTED_EDGE('',*,*,#13128,.T.);
#13130=CARTESIAN_POINT('',(798.66025,-170.,572.84325));
#13131=VERTEX_POINT('',#13130);
#13132=DIRECTION('',(0.,0.,1.));
#13133=VECTOR('',#13132,263.84325);
#13134=LINE('',#13123,#13133);
#13135=EDGE_CURVE('',#13124,#13131,#13134,.T.);
#13136=ORIENTED_EDGE('',*,*,#13135,.T.);
#13137=DIRECTION('',(0.60876,0.79335,0.));
#13138=VECTOR('',#13137,2.61052);
#13139=LINE('',#13102,#13138);
#13140=EDGE_CURVE('',#13103,#13131,#13139,.T.);
#13141=ORIENTED_EDGE('',*,*,#13140,.F.);
#13142=ORIENTED_EDGE('',*,*,#13107,.F.);
#13143=EDGE_LOOP('',(#13129,#13136,#13141,#13142));
#13144=FACE_OUTER_BOUND('',#13143,.T.);
#13145=CARTESIAN_POINT('',(797.07107,-172.07107,309.));
#13146=DIRECTION('',(0.79335,-0.60876,0.));
#13147=DIRECTION('',(0.60876,0.79335,0.));
#13148=AXIS2_PLACEMENT_3D('',#13145,#13146,#13147);
#13149=PLANE('',#13148);
#13150=ADVANCED_FACE('',(#13144),#13149,.T.);
#13151=CARTESIAN_POINT('',(799.65926,-167.58819,309.));
#13152=VERTEX_POINT('',#13151);
#13153=DIRECTION('',(0.38268,0.92388,0.));
#13154=VECTOR('',#13153,2.61052);
#13155=LINE('',#13123,#13154);
#13156=EDGE_CURVE('',#13124,#13152,#13155,.T.);
#13157=ORIENTED_EDGE('',*,*,#13156,.T.);
#13158=CARTESIAN_POINT('',(799.65926,-167.58819,572.84325));
#13159=VERTEX_POINT('',#13158);
#13160=DIRECTION('',(0.,0.,1.));
#13161=VECTOR('',#13160,263.84325);
#13162=LINE('',#13151,#13161);
#13163=EDGE_CURVE('',#13152,#13159,#13162,.T.);
#13164=ORIENTED_EDGE('',*,*,#13163,.T.);
#13165=DIRECTION('',(0.38268,0.92388,0.));
#13166=VECTOR('',#13165,2.61052);
#13167=LINE('',#13130,#13166);
#13168=EDGE_CURVE('',#13131,#13159,#13167,.T.);
#13169=ORIENTED_EDGE('',*,*,#13168,.F.);
#13170=ORIENTED_EDGE('',*,*,#13135,.F.);
#13171=EDGE_LOOP('',(#13157,#13164,#13169,#13170));
#13172=FACE_OUTER_BOUND('',#13171,.T.);
#13173=CARTESIAN_POINT('',(798.66025,-170.,309.));
#13174=DIRECTION('',(0.92388,-0.38268,0.));
#13175=DIRECTION('',(0.38268,0.92388,0.));
#13176=AXIS2_PLACEMENT_3D('',#13173,#13174,#13175);
#13177=PLANE('',#13176);
#13178=ADVANCED_FACE('',(#13172),#13177,.T.);
#13179=DIRECTION('',(-0.13053,-0.99144,0.));
#13180=VECTOR('',#13179,2.61052);
#13181=LINE('',#12527,#13180);
#13182=EDGE_CURVE('',#12528,#13152,#13181,.T.);
#13183=ORIENTED_EDGE('',*,*,#13182,.F.);
#13184=ORIENTED_EDGE('',*,*,#12553,.T.);
#13185=DIRECTION('',(-0.13053,-0.99144,0.));
#13186=VECTOR('',#13185,2.61052);
#13187=LINE('',#12543,#13186);
#13188=EDGE_CURVE('',#12544,#13159,#13187,.T.);
#13189=ORIENTED_EDGE('',*,*,#13188,.T.);
#13190=ORIENTED_EDGE('',*,*,#13163,.F.);
#13191=EDGE_LOOP('',(#13183,#13184,#13189,#13190));
#13192=FACE_OUTER_BOUND('',#13191,.T.);
#13193=CARTESIAN_POINT('',(799.65926,-167.58819,309.));
#13194=DIRECTION('',(0.99144,-0.13053,0.));
#13195=DIRECTION('',(0.13053,0.99144,0.));
#13196=AXIS2_PLACEMENT_3D('',#13193,#13194,#13195);
#13197=PLANE('',#13196);
#13198=ADVANCED_FACE('',(#13192),#13197,.T.);
#13199=ORIENTED_EDGE('',*,*,#12548,.T.);
#13200=CARTESIAN_POINT('',(797.72741,-162.92945,572.84325));
#13201=VERTEX_POINT('',#13200);
#13202=DIRECTION('',(-0.96593,-0.25882,0.));
#13203=VECTOR('',#13202,2.);
#13204=LINE('',#12536,#13203);
#13205=EDGE_CURVE('',#12537,#13201,#13204,.T.);
#13206=ORIENTED_EDGE('',*,*,#13205,.T.);
#13207=CARTESIAN_POINT('',(798.,-165.,572.84325));
#13208=VERTEX_POINT('',#13207);
#13209=DIRECTION('',(-0.13053,0.99144,0.));
#13210=VECTOR('',#13209,2.08842);
#13211=LINE('',#13207,#13210);
#13212=EDGE_CURVE('',#13208,#13201,#13211,.T.);
#13213=ORIENTED_EDGE('',*,*,#13212,.F.);
#13214=DIRECTION('',(-1.,0.,0.));
#13215=VECTOR('',#13214,2.);
#13216=LINE('',#12543,#13215);
#13217=EDGE_CURVE('',#12544,#13208,#13216,.T.);
#13218=ORIENTED_EDGE('',*,*,#13217,.F.);
#13219=EDGE_LOOP('',(#13199,#13206,#13213,#13218));
#13220=FACE_OUTER_BOUND('',#13219,.T.);
#13221=CARTESIAN_POINT('',(800.,-165.,572.84325));
#13222=DIRECTION('',(0.,0.,1.));
#13223=DIRECTION('',(-0.13053,0.99144,0.));
#13224=AXIS2_PLACEMENT_3D('',#13221,#13222,#13223);
#13225=PLANE('',#13224);
#13226=ADVANCED_FACE('',(#13220),#13225,.T.);
#13227=ORIENTED_EDGE('',*,*,#12580,.T.);
#13228=CARTESIAN_POINT('',(796.9282,-161.,572.84325));
#13229=VERTEX_POINT('',#13228);
#13230=DIRECTION('',(-0.86603,-0.5,0.));
#13231=VECTOR('',#13230,2.);
#13232=LINE('',#12570,#13231);
#13233=EDGE_CURVE('',#12571,#13229,#13232,.T.);
#13234=ORIENTED_EDGE('',*,*,#13233,.T.);
#13235=DIRECTION('',(-0.38268,0.92388,0.));
#13236=VECTOR('',#13235,2.08842);
#13237=LINE('',#13200,#13236);
#13238=EDGE_CURVE('',#13201,#13229,#13237,.T.);
#13239=ORIENTED_EDGE('',*,*,#13238,.F.);
#13240=ORIENTED_EDGE('',*,*,#13205,.F.);
#13241=EDGE_LOOP('',(#13227,#13234,#13239,#13240));
#13242=FACE_OUTER_BOUND('',#13241,.T.);
#13243=CARTESIAN_POINT('',(799.65926,-162.41181,572.84325));
#13244=DIRECTION('',(0.,0.,1.));
#13245=DIRECTION('',(-0.38268,0.92388,0.));
#13246=AXIS2_PLACEMENT_3D('',#13243,#13244,#13245);
#13247=PLANE('',#13246);
#13248=ADVANCED_FACE('',(#13242),#13247,.T.);
#13249=ORIENTED_EDGE('',*,*,#12608,.T.);
#13250=CARTESIAN_POINT('',(795.65685,-159.34315,572.84325));
#13251=VERTEX_POINT('',#13250);
#13252=DIRECTION('',(-0.70711,-0.70711,0.));
#13253=VECTOR('',#13252,2.);
#13254=LINE('',#12598,#13253);
#13255=EDGE_CURVE('',#12599,#13251,#13254,.T.);
#13256=ORIENTED_EDGE('',*,*,#13255,.T.);
#13257=DIRECTION('',(-0.60876,0.79335,0.));
#13258=VECTOR('',#13257,2.08842);
#13259=LINE('',#13228,#13258);
#13260=EDGE_CURVE('',#13229,#13251,#13259,.T.);
#13261=ORIENTED_EDGE('',*,*,#13260,.F.);
#13262=ORIENTED_EDGE('',*,*,#13233,.F.);
#13263=EDGE_LOOP('',(#13249,#13256,#13261,#13262));
#13264=FACE_OUTER_BOUND('',#13263,.T.);
#13265=CARTESIAN_POINT('',(798.66025,-160.,572.84325));
#13266=DIRECTION('',(0.,0.,1.));
#13267=DIRECTION('',(-0.60876,0.79335,0.));
#13268=AXIS2_PLACEMENT_3D('',#13265,#13266,#13267);
#13269=PLANE('',#13268);
#13270=ADVANCED_FACE('',(#13264),#13269,.T.);
#13271=ORIENTED_EDGE('',*,*,#12636,.T.);
#13272=CARTESIAN_POINT('',(794.,-158.0718,572.84325));
#13273=VERTEX_POINT('',#13272);
#13274=DIRECTION('',(-0.5,-0.86603,0.));
#13275=VECTOR('',#13274,2.);
#13276=LINE('',#12626,#13275);
#13277=EDGE_CURVE('',#12627,#13273,#13276,.T.);
#13278=ORIENTED_EDGE('',*,*,#13277,.T.);
#13279=DIRECTION('',(-0.79335,0.60876,0.));
#13280=VECTOR('',#13279,2.08842);
#13281=LINE('',#13250,#13280);
#13282=EDGE_CURVE('',#13251,#13273,#13281,.T.);
#13283=ORIENTED_EDGE('',*,*,#13282,.F.);
#13284=ORIENTED_EDGE('',*,*,#13255,.F.);
#13285=EDGE_LOOP('',(#13271,#13278,#13283,#13284));
#13286=FACE_OUTER_BOUND('',#13285,.T.);
#13287=CARTESIAN_POINT('',(797.07107,-157.92893,572.84325));
#13288=DIRECTION('',(0.,0.,1.));
#13289=DIRECTION('',(-0.79335,0.60876,0.));
#13290=AXIS2_PLACEMENT_3D('',#13287,#13288,#13289);
#13291=PLANE('',#13290);
#13292=ADVANCED_FACE('',(#13286),#13291,.T.);
#13293=ORIENTED_EDGE('',*,*,#12664,.T.);
#13294=CARTESIAN_POINT('',(792.07055,-157.27259,572.84325));
#13295=VERTEX_POINT('',#13294);
#13296=DIRECTION('',(-0.25882,-0.96593,0.));
#13297=VECTOR('',#13296,2.);
#13298=LINE('',#12654,#13297);
#13299=EDGE_CURVE('',#12655,#13295,#13298,.T.);
#13300=ORIENTED_EDGE('',*,*,#13299,.T.);
#13301=DIRECTION('',(-0.92388,0.38268,0.));
#13302=VECTOR('',#13301,2.08842);
#13303=LINE('',#13272,#13302);
#13304=EDGE_CURVE('',#13273,#13295,#13303,.T.);
#13305=ORIENTED_EDGE('',*,*,#13304,.F.);
#13306=ORIENTED_EDGE('',*,*,#13277,.F.);
#13307=EDGE_LOOP('',(#13293,#13300,#13305,#13306));
#13308=FACE_OUTER_BOUND('',#13307,.T.);
#13309=CARTESIAN_POINT('',(795.,-156.33975,572.84325));
#13310=DIRECTION('',(0.,0.,1.));
#13311=DIRECTION('',(-0.92388,0.38268,0.));
#13312=AXIS2_PLACEMENT_3D('',#13309,#13310,#13311);
#13313=PLANE('',#13312);
#13314=ADVANCED_FACE('',(#13308),#13313,.T.);
#13315=ORIENTED_EDGE('',*,*,#12692,.T.);
#13316=CARTESIAN_POINT('',(790.,-157.,572.84325));
#13317=VERTEX_POINT('',#13316);
#13318=DIRECTION('',(0.,-1.,0.));
#13319=VECTOR('',#13318,2.);
#13320=LINE('',#12682,#13319);
#13321=EDGE_CURVE('',#12683,#13317,#13320,.T.);
#13322=ORIENTED_EDGE('',*,*,#13321,.T.);
#13323=DIRECTION('',(-0.99144,0.13053,0.));
#13324=VECTOR('',#13323,2.08842);
#13325=LINE('',#13294,#13324);
#13326=EDGE_CURVE('',#13295,#13317,#13325,.T.);
#13327=ORIENTED_EDGE('',*,*,#13326,.F.);
#13328=ORIENTED_EDGE('',*,*,#13299,.F.);
#13329=EDGE_LOOP('',(#13315,#13322,#13327,#13328));
#13330=FACE_OUTER_BOUND('',#13329,.T.);
#13331=CARTESIAN_POINT('',(792.58819,-155.34074,572.84325));
#13332=DIRECTION('',(0.,0.,1.));
#13333=DIRECTION('',(-0.99144,0.13053,0.));
#13334=AXIS2_PLACEMENT_3D('',#13331,#13332,#13333);
#13335=PLANE('',#13334);
#13336=ADVANCED_FACE('',(#13330),#13335,.T.);
#13337=ORIENTED_EDGE('',*,*,#12720,.T.);
#13338=CARTESIAN_POINT('',(787.92945,-157.27259,572.84325));
#13339=VERTEX_POINT('',#13338);
#13340=DIRECTION('',(0.25882,-0.96593,0.));
#13341=VECTOR('',#13340,2.);
#13342=LINE('',#12710,#13341);
#13343=EDGE_CURVE('',#12711,#13339,#13342,.T.);
#13344=ORIENTED_EDGE('',*,*,#13343,.T.);
#13345=DIRECTION('',(-0.99144,-0.13053,0.));
#13346=VECTOR('',#13345,2.08842);
#13347=LINE('',#13316,#13346);
#13348=EDGE_CURVE('',#13317,#13339,#13347,.T.);
#13349=ORIENTED_EDGE('',*,*,#13348,.F.);
#13350=ORIENTED_EDGE('',*,*,#13321,.F.);
#13351=EDGE_LOOP('',(#13337,#13344,#13349,#13350));
#13352=FACE_OUTER_BOUND('',#13351,.T.);
#13353=CARTESIAN_POINT('',(790.,-155.,572.84325));
#13354=DIRECTION('',(0.,0.,1.));
#13355=DIRECTION('',(-0.99144,-0.13053,0.));
#13356=AXIS2_PLACEMENT_3D('',#13353,#13354,#13355);
#13357=PLANE('',#13356);
#13358=ADVANCED_FACE('',(#13352),#13357,.T.);
#13359=ORIENTED_EDGE('',*,*,#12748,.T.);
#13360=CARTESIAN_POINT('',(786.,-158.0718,572.84325));
#13361=VERTEX_POINT('',#13360);
#13362=DIRECTION('',(0.5,-0.86603,0.));
#13363=VECTOR('',#13362,2.);
#13364=LINE('',#12738,#13363);
#13365=EDGE_CURVE('',#12739,#13361,#13364,.T.);
#13366=ORIENTED_EDGE('',*,*,#13365,.T.);
#13367=DIRECTION('',(-0.92388,-0.38268,0.));
#13368=VECTOR('',#13367,2.08842);
#13369=LINE('',#13338,#13368);
#13370=EDGE_CURVE('',#13339,#13361,#13369,.T.);
#13371=ORIENTED_EDGE('',*,*,#13370,.F.);
#13372=ORIENTED_EDGE('',*,*,#13343,.F.);
#13373=EDGE_LOOP('',(#13359,#13366,#13371,#13372));
#13374=FACE_OUTER_BOUND('',#13373,.T.);
#13375=CARTESIAN_POINT('',(787.41181,-155.34074,572.84325));
#13376=DIRECTION('',(0.,0.,1.));
#13377=DIRECTION('',(-0.92388,-0.38268,0.));
#13378=AXIS2_PLACEMENT_3D('',#13375,#13376,#13377);
#13379=PLANE('',#13378);
#13380=ADVANCED_FACE('',(#13374),#13379,.T.);
#13381=ORIENTED_EDGE('',*,*,#12776,.T.);
#13382=CARTESIAN_POINT('',(784.34315,-159.34315,572.84325));
#13383=VERTEX_POINT('',#13382);
#13384=DIRECTION('',(0.70711,-0.70711,0.));
#13385=VECTOR('',#13384,2.);
#13386=LINE('',#12766,#13385);
#13387=EDGE_CURVE('',#12767,#13383,#13386,.T.);
#13388=ORIENTED_EDGE('',*,*,#13387,.T.);
#13389=DIRECTION('',(-0.79335,-0.60876,0.));
#13390=VECTOR('',#13389,2.08842);
#13391=LINE('',#13360,#13390);
#13392=EDGE_CURVE('',#13361,#13383,#13391,.T.);
#13393=ORIENTED_EDGE('',*,*,#13392,.F.);
#13394=ORIENTED_EDGE('',*,*,#13365,.F.);
#13395=EDGE_LOOP('',(#13381,#13388,#13393,#13394));
#13396=FACE_OUTER_BOUND('',#13395,.T.);
#13397=CARTESIAN_POINT('',(785.,-156.33975,572.84325));
#13398=DIRECTION('',(0.,0.,1.));
#13399=DIRECTION('',(-0.79335,-0.60876,0.));
#13400=AXIS2_PLACEMENT_3D('',#13397,#13398,#13399);
#13401=PLANE('',#13400);
#13402=ADVANCED_FACE('',(#13396),#13401,.T.);
#13403=ORIENTED_EDGE('',*,*,#12804,.T.);
#13404=CARTESIAN_POINT('',(783.0718,-161.,572.84325));
#13405=VERTEX_POINT('',#13404);
#13406=DIRECTION('',(0.86603,-0.5,0.));
#13407=VECTOR('',#13406,2.);
#13408=LINE('',#12794,#13407);
#13409=EDGE_CURVE('',#12795,#13405,#13408,.T.);
#13410=ORIENTED_EDGE('',*,*,#13409,.T.);
#13411=DIRECTION('',(-0.60876,-0.79335,0.));
#13412=VECTOR('',#13411,2.08842);
#13413=LINE('',#13382,#13412);
#13414=EDGE_CURVE('',#13383,#13405,#13413,.T.);
#13415=ORIENTED_EDGE('',*,*,#13414,.F.);
#13416=ORIENTED_EDGE('',*,*,#13387,.F.);
#13417=EDGE_LOOP('',(#13403,#13410,#13415,#13416));
#13418=FACE_OUTER_BOUND('',#13417,.T.);
#13419=CARTESIAN_POINT('',(782.92893,-157.92893,572.84325));
#13420=DIRECTION('',(0.,0.,1.));
#13421=DIRECTION('',(-0.60876,-0.79335,0.));
#13422=AXIS2_PLACEMENT_3D('',#13419,#13420,#13421);
#13423=PLANE('',#13422);
#13424=ADVANCED_FACE('',(#13418),#13423,.T.);
#13425=ORIENTED_EDGE('',*,*,#12832,.T.);
#13426=CARTESIAN_POINT('',(782.27259,-162.92945,572.84325));
#13427=VERTEX_POINT('',#13426);
#13428=DIRECTION('',(0.96593,-0.25882,0.));
#13429=VECTOR('',#13428,2.);
#13430=LINE('',#12822,#13429);
#13431=EDGE_CURVE('',#12823,#13427,#13430,.T.);
#13432=ORIENTED_EDGE('',*,*,#13431,.T.);
#13433=DIRECTION('',(-0.38268,-0.92388,0.));
#13434=VECTOR('',#13433,2.08842);
#13435=LINE('',#13404,#13434);
#13436=EDGE_CURVE('',#13405,#13427,#13435,.T.);
#13437=ORIENTED_EDGE('',*,*,#13436,.F.);
#13438=ORIENTED_EDGE('',*,*,#13409,.F.);
#13439=EDGE_LOOP('',(#13425,#13432,#13437,#13438));
#13440=FACE_OUTER_BOUND('',#13439,.T.);
#13441=CARTESIAN_POINT('',(781.33975,-160.,572.84325));
#13442=DIRECTION('',(0.,0.,1.));
#13443=DIRECTION('',(-0.38268,-0.92388,0.));
#13444=AXIS2_PLACEMENT_3D('',#13441,#13442,#13443);
#13445=PLANE('',#13444);
#13446=ADVANCED_FACE('',(#13440),#13445,.T.);
#13447=ORIENTED_EDGE('',*,*,#12860,.T.);
#13448=CARTESIAN_POINT('',(782.,-165.,572.84325));
#13449=VERTEX_POINT('',#13448);
#13450=DIRECTION('',(1.,0.,0.));
#13451=VECTOR('',#13450,2.);
#13452=LINE('',#12850,#13451);
#13453=EDGE_CURVE('',#12851,#13449,#13452,.T.);
#13454=ORIENTED_EDGE('',*,*,#13453,.T.);
#13455=DIRECTION('',(-0.13053,-0.99144,0.));
#13456=VECTOR('',#13455,2.08842);
#13457=LINE('',#13426,#13456);
#13458=EDGE_CURVE('',#13427,#13449,#13457,.T.);
#13459=ORIENTED_EDGE('',*,*,#13458,.F.);
#13460=ORIENTED_EDGE('',*,*,#13431,.F.);
#13461=EDGE_LOOP('',(#13447,#13454,#13459,#13460));
#13462=FACE_OUTER_BOUND('',#13461,.T.);
#13463=CARTESIAN_POINT('',(780.34074,-162.41181,572.84325));
#13464=DIRECTION('',(0.,0.,1.));
#13465=DIRECTION('',(-0.13053,-0.99144,0.));
#13466=AXIS2_PLACEMENT_3D('',#13463,#13464,#13465);
#13467=PLANE('',#13466);
#13468=ADVANCED_FACE('',(#13462),#13467,.T.);
#13469=ORIENTED_EDGE('',*,*,#12888,.T.);
#13470=CARTESIAN_POINT('',(782.27259,-167.07055,572.84325));
#13471=VERTEX_POINT('',#13470);
#13472=DIRECTION('',(0.96593,0.25882,0.));
#13473=VECTOR('',#13472,2.);
#13474=LINE('',#12878,#13473);
#13475=EDGE_CURVE('',#12879,#13471,#13474,.T.);
#13476=ORIENTED_EDGE('',*,*,#13475,.T.);
#13477=DIRECTION('',(0.13053,-0.99144,0.));
#13478=VECTOR('',#13477,2.08842);
#13479=LINE('',#13448,#13478);
#13480=EDGE_CURVE('',#13449,#13471,#13479,.T.);
#13481=ORIENTED_EDGE('',*,*,#13480,.F.);
#13482=ORIENTED_EDGE('',*,*,#13453,.F.);
#13483=EDGE_LOOP('',(#13469,#13476,#13481,#13482));
#13484=FACE_OUTER_BOUND('',#13483,.T.);
#13485=CARTESIAN_POINT('',(780.,-165.,572.84325));
#13486=DIRECTION('',(0.,0.,1.));
#13487=DIRECTION('',(0.13053,-0.99144,0.));
#13488=AXIS2_PLACEMENT_3D('',#13485,#13486,#13487);
#13489=PLANE('',#13488);
#13490=ADVANCED_FACE('',(#13484),#13489,.T.);
#13491=ORIENTED_EDGE('',*,*,#12916,.T.);
#13492=CARTESIAN_POINT('',(783.0718,-169.,572.84325));
#13493=VERTEX_POINT('',#13492);
#13494=DIRECTION('',(0.86603,0.5,0.));
#13495=VECTOR('',#13494,2.);
#13496=LINE('',#12906,#13495);
#13497=EDGE_CURVE('',#12907,#13493,#13496,.T.);
#13498=ORIENTED_EDGE('',*,*,#13497,.T.);
#13499=DIRECTION('',(0.38268,-0.92388,0.));
#13500=VECTOR('',#13499,2.08842);
#13501=LINE('',#13470,#13500);
#13502=EDGE_CURVE('',#13471,#13493,#13501,.T.);
#13503=ORIENTED_EDGE('',*,*,#13502,.F.);
#13504=ORIENTED_EDGE('',*,*,#13475,.F.);
#13505=EDGE_LOOP('',(#13491,#13498,#13503,#13504));
#13506=FACE_OUTER_BOUND('',#13505,.T.);
#13507=CARTESIAN_POINT('',(780.34074,-167.58819,572.84325));
#13508=DIRECTION('',(0.,0.,1.));
#13509=DIRECTION('',(0.38268,-0.92388,0.));
#13510=AXIS2_PLACEMENT_3D('',#13507,#13508,#13509);
#13511=PLANE('',#13510);
#13512=ADVANCED_FACE('',(#13506),#13511,.T.);
#13513=ORIENTED_EDGE('',*,*,#12944,.T.);
#13514=CARTESIAN_POINT('',(784.34315,-170.65685,572.84325));
#13515=VERTEX_POINT('',#13514);
#13516=DIRECTION('',(0.70711,0.70711,0.));
#13517=VECTOR('',#13516,2.);
#13518=LINE('',#12934,#13517);
#13519=EDGE_CURVE('',#12935,#13515,#13518,.T.);
#13520=ORIENTED_EDGE('',*,*,#13519,.T.);
#13521=DIRECTION('',(0.60876,-0.79335,0.));
#13522=VECTOR('',#13521,2.08842);
#13523=LINE('',#13492,#13522);
#13524=EDGE_CURVE('',#13493,#13515,#13523,.T.);
#13525=ORIENTED_EDGE('',*,*,#13524,.F.);
#13526=ORIENTED_EDGE('',*,*,#13497,.F.);
#13527=EDGE_LOOP('',(#13513,#13520,#13525,#13526));
#13528=FACE_OUTER_BOUND('',#13527,.T.);
#13529=CARTESIAN_POINT('',(781.33975,-170.,572.84325));
#13530=DIRECTION('',(0.,0.,1.));
#13531=DIRECTION('',(0.60876,-0.79335,0.));
#13532=AXIS2_PLACEMENT_3D('',#13529,#13530,#13531);
#13533=PLANE('',#13532);
#13534=ADVANCED_FACE('',(#13528),#13533,.T.);
#13535=ORIENTED_EDGE('',*,*,#12972,.T.);
#13536=CARTESIAN_POINT('',(786.,-171.9282,572.84325));
#13537=VERTEX_POINT('',#13536);
#13538=DIRECTION('',(0.5,0.86603,0.));
#13539=VECTOR('',#13538,2.);
#13540=LINE('',#12962,#13539);
#13541=EDGE_CURVE('',#12963,#13537,#13540,.T.);
#13542=ORIENTED_EDGE('',*,*,#13541,.T.);
#13543=DIRECTION('',(0.79335,-0.60876,0.));
#13544=VECTOR('',#13543,2.08842);
#13545=LINE('',#13514,#13544);
#13546=EDGE_CURVE('',#13515,#13537,#13545,.T.);
#13547=ORIENTED_EDGE('',*,*,#13546,.F.);
#13548=ORIENTED_EDGE('',*,*,#13519,.F.);
#13549=EDGE_LOOP('',(#13535,#13542,#13547,#13548));
#13550=FACE_OUTER_BOUND('',#13549,.T.);
#13551=CARTESIAN_POINT('',(782.92893,-172.07107,572.84325));
#13552=DIRECTION('',(0.,0.,1.));
#13553=DIRECTION('',(0.79335,-0.60876,0.));
#13554=AXIS2_PLACEMENT_3D('',#13551,#13552,#13553);
#13555=PLANE('',#13554);
#13556=ADVANCED_FACE('',(#13550),#13555,.T.);
#13557=ORIENTED_EDGE('',*,*,#13000,.T.);
#13558=CARTESIAN_POINT('',(787.92945,-172.72741,572.84325));
#13559=VERTEX_POINT('',#13558);
#13560=DIRECTION('',(0.25882,0.96593,0.));
#13561=VECTOR('',#13560,2.);
#13562=LINE('',#12990,#13561);
#13563=EDGE_CURVE('',#12991,#13559,#13562,.T.);
#13564=ORIENTED_EDGE('',*,*,#13563,.T.);
#13565=DIRECTION('',(0.92388,-0.38268,0.));
#13566=VECTOR('',#13565,2.08842);
#13567=LINE('',#13536,#13566);
#13568=EDGE_CURVE('',#13537,#13559,#13567,.T.);
#13569=ORIENTED_EDGE('',*,*,#13568,.F.);
#13570=ORIENTED_EDGE('',*,*,#13541,.F.);
#13571=EDGE_LOOP('',(#13557,#13564,#13569,#13570));
#13572=FACE_OUTER_BOUND('',#13571,.T.);
#13573=CARTESIAN_POINT('',(785.,-173.66025,572.84325));
#13574=DIRECTION('',(0.,0.,1.));
#13575=DIRECTION('',(0.92388,-0.38268,0.));
#13576=AXIS2_PLACEMENT_3D('',#13573,#13574,#13575);
#13577=PLANE('',#13576);
#13578=ADVANCED_FACE('',(#13572),#13577,.T.);
#13579=ORIENTED_EDGE('',*,*,#13028,.T.);
#13580=CARTESIAN_POINT('',(790.,-173.,572.84325));
#13581=VERTEX_POINT('',#13580);
#13582=DIRECTION('',(0.,1.,0.));
#13583=VECTOR('',#13582,2.);
#13584=LINE('',#13018,#13583);
#13585=EDGE_CURVE('',#13019,#13581,#13584,.T.);
#13586=ORIENTED_EDGE('',*,*,#13585,.T.);
#13587=DIRECTION('',(0.99144,-0.13053,0.));
#13588=VECTOR('',#13587,2.08842);
#13589=LINE('',#13558,#13588);
#13590=EDGE_CURVE('',#13559,#13581,#13589,.T.);
#13591=ORIENTED_EDGE('',*,*,#13590,.F.);
#13592=ORIENTED_EDGE('',*,*,#13563,.F.);
#13593=EDGE_LOOP('',(#13579,#13586,#13591,#13592));
#13594=FACE_OUTER_BOUND('',#13593,.T.);
#13595=CARTESIAN_POINT('',(787.41181,-174.65926,572.84325));
#13596=DIRECTION('',(0.,0.,1.));
#13597=DIRECTION('',(0.99144,-0.13053,0.));
#13598=AXIS2_PLACEMENT_3D('',#13595,#13596,#13597);
#13599=PLANE('',#13598);
#13600=ADVANCED_FACE('',(#13594),#13599,.T.);
#13601=ORIENTED_EDGE('',*,*,#13056,.T.);
#13602=CARTESIAN_POINT('',(792.07055,-172.72741,572.84325));
#13603=VERTEX_POINT('',#13602);
#13604=DIRECTION('',(-0.25882,0.96593,0.));
#13605=VECTOR('',#13604,2.);
#13606=LINE('',#13046,#13605);
#13607=EDGE_CURVE('',#13047,#13603,#13606,.T.);
#13608=ORIENTED_EDGE('',*,*,#13607,.T.);
#13609=DIRECTION('',(0.99144,0.13053,0.));
#13610=VECTOR('',#13609,2.08842);
#13611=LINE('',#13580,#13610);
#13612=EDGE_CURVE('',#13581,#13603,#13611,.T.);
#13613=ORIENTED_EDGE('',*,*,#13612,.F.);
#13614=ORIENTED_EDGE('',*,*,#13585,.F.);
#13615=EDGE_LOOP('',(#13601,#13608,#13613,#13614));
#13616=FACE_OUTER_BOUND('',#13615,.T.);
#13617=CARTESIAN_POINT('',(790.,-175.,572.84325));
#13618=DIRECTION('',(0.,0.,1.));
#13619=DIRECTION('',(0.99144,0.13053,0.));
#13620=AXIS2_PLACEMENT_3D('',#13617,#13618,#13619);
#13621=PLANE('',#13620);
#13622=ADVANCED_FACE('',(#13616),#13621,.T.);
#13623=ORIENTED_EDGE('',*,*,#13084,.T.);
#13624=CARTESIAN_POINT('',(794.,-171.9282,572.84325));
#13625=VERTEX_POINT('',#13624);
#13626=DIRECTION('',(-0.5,0.86603,0.));
#13627=VECTOR('',#13626,2.);
#13628=LINE('',#13074,#13627);
#13629=EDGE_CURVE('',#13075,#13625,#13628,.T.);
#13630=ORIENTED_EDGE('',*,*,#13629,.T.);
#13631=DIRECTION('',(0.92388,0.38268,0.));
#13632=VECTOR('',#13631,2.08842);
#13633=LINE('',#13602,#13632);
#13634=EDGE_CURVE('',#13603,#13625,#13633,.T.);
#13635=ORIENTED_EDGE('',*,*,#13634,.F.);
#13636=ORIENTED_EDGE('',*,*,#13607,.F.);
#13637=EDGE_LOOP('',(#13623,#13630,#13635,#13636));
#13638=FACE_OUTER_BOUND('',#13637,.T.);
#13639=CARTESIAN_POINT('',(792.58819,-174.65926,572.84325));
#13640=DIRECTION('',(0.,0.,1.));
#13641=DIRECTION('',(0.92388,0.38268,0.));
#13642=AXIS2_PLACEMENT_3D('',#13639,#13640,#13641);
#13643=PLANE('',#13642);
#13644=ADVANCED_FACE('',(#13638),#13643,.T.);
#13645=ORIENTED_EDGE('',*,*,#13112,.T.);
#13646=CARTESIAN_POINT('',(795.65685,-170.65685,572.84325));
#13647=VERTEX_POINT('',#13646);
#13648=DIRECTION('',(-0.70711,0.70711,0.));
#13649=VECTOR('',#13648,2.);
#13650=LINE('',#13102,#13649);
#13651=EDGE_CURVE('',#13103,#13647,#13650,.T.);
#13652=ORIENTED_EDGE('',*,*,#13651,.T.);
#13653=DIRECTION('',(0.79335,0.60876,0.));
#13654=VECTOR('',#13653,2.08842);
#13655=LINE('',#13624,#13654);
#13656=EDGE_CURVE('',#13625,#13647,#13655,.T.);
#13657=ORIENTED_EDGE('',*,*,#13656,.F.);
#13658=ORIENTED_EDGE('',*,*,#13629,.F.);
#13659=EDGE_LOOP('',(#13645,#13652,#13657,#13658));
#13660=FACE_OUTER_BOUND('',#13659,.T.);
#13661=CARTESIAN_POINT('',(795.,-173.66025,572.84325));
#13662=DIRECTION('',(0.,0.,1.));
#13663=DIRECTION('',(0.79335,0.60876,0.));
#13664=AXIS2_PLACEMENT_3D('',#13661,#13662,#13663);
#13665=PLANE('',#13664);
#13666=ADVANCED_FACE('',(#13660),#13665,.T.);
#13667=ORIENTED_EDGE('',*,*,#13140,.T.);
#13668=CARTESIAN_POINT('',(796.9282,-169.,572.84325));
#13669=VERTEX_POINT('',#13668);
#13670=DIRECTION('',(-0.86603,0.5,0.));
#13671=VECTOR('',#13670,2.);
#13672=LINE('',#13130,#13671);
#13673=EDGE_CURVE('',#13131,#13669,#13672,.T.);
#13674=ORIENTED_EDGE('',*,*,#13673,.T.);
#13675=DIRECTION('',(0.60876,0.79335,0.));
#13676=VECTOR('',#13675,2.08842);
#13677=LINE('',#13646,#13676);
#13678=EDGE_CURVE('',#13647,#13669,#13677,.T.);
#13679=ORIENTED_EDGE('',*,*,#13678,.F.);
#13680=ORIENTED_EDGE('',*,*,#13651,.F.);
#13681=EDGE_LOOP('',(#13667,#13674,#13679,#13680));
#13682=FACE_OUTER_BOUND('',#13681,.T.);
#13683=CARTESIAN_POINT('',(797.07107,-172.07107,572.84325));
#13684=DIRECTION('',(0.,0.,1.));
#13685=DIRECTION('',(0.60876,0.79335,0.));
#13686=AXIS2_PLACEMENT_3D('',#13683,#13684,#13685);
#13687=PLANE('',#13686);
#13688=ADVANCED_FACE('',(#13682),#13687,.T.);
#13689=ORIENTED_EDGE('',*,*,#13168,.T.);
#13690=CARTESIAN_POINT('',(797.72741,-167.07055,572.84325));
#13691=VERTEX_POINT('',#13690);
#13692=DIRECTION('',(-0.96593,0.25882,0.));
#13693=VECTOR('',#13692,2.);
#13694=LINE('',#13158,#13693);
#13695=EDGE_CURVE('',#13159,#13691,#13694,.T.);
#13696=ORIENTED_EDGE('',*,*,#13695,.T.);
#13697=DIRECTION('',(0.38268,0.92388,0.));
#13698=VECTOR('',#13697,2.08842);
#13699=LINE('',#13668,#13698);
#13700=EDGE_CURVE('',#13669,#13691,#13699,.T.);
#13701=ORIENTED_EDGE('',*,*,#13700,.F.);
#13702=ORIENTED_EDGE('',*,*,#13673,.F.);
#13703=EDGE_LOOP('',(#13689,#13696,#13701,#13702));
#13704=FACE_OUTER_BOUND('',#13703,.T.);
#13705=CARTESIAN_POINT('',(798.66025,-170.,572.84325));
#13706=DIRECTION('',(0.,0.,1.));
#13707=DIRECTION('',(0.38268,0.92388,0.));
#13708=AXIS2_PLACEMENT_3D('',#13705,#13706,#13707);
#13709=PLANE('',#13708);
#13710=ADVANCED_FACE('',(#13704),#13709,.T.);
#13711=ORIENTED_EDGE('',*,*,#13188,.F.);
#13712=ORIENTED_EDGE('',*,*,#13217,.T.);
#13713=DIRECTION('',(-0.13053,-0.99144,0.));
#13714=VECTOR('',#13713,2.08842);
#13715=LINE('',#13207,#13714);
#13716=EDGE_CURVE('',#13208,#13691,#13715,.T.);
#13717=ORIENTED_EDGE('',*,*,#13716,.T.);
#13718=ORIENTED_EDGE('',*,*,#13695,.F.);
#13719=EDGE_LOOP('',(#13711,#13712,#13717,#13718));
#13720=FACE_OUTER_BOUND('',#13719,.T.);
#13721=CARTESIAN_POINT('',(799.65926,-167.58819,572.84325));
#13722=DIRECTION('',(0.,0.,1.));
#13723=DIRECTION('',(0.13053,0.99144,0.));
#13724=AXIS2_PLACEMENT_3D('',#13721,#13722,#13723);
#13725=PLANE('',#13724);
#13726=ADVANCED_FACE('',(#13720),#13725,.T.);
#13727=ORIENTED_EDGE('',*,*,#13212,.T.);
#13728=CARTESIAN_POINT('',(797.72741,-162.92945,309.));
#13729=VERTEX_POINT('',#13728);
#13730=DIRECTION('',(0.,0.,-1.));
#13731=VECTOR('',#13730,263.84325);
#13732=LINE('',#13200,#13731);
#13733=EDGE_CURVE('',#13201,#13729,#13732,.T.);
#13734=ORIENTED_EDGE('',*,*,#13733,.T.);
#13735=CARTESIAN_POINT('',(798.,-165.,309.));
#13736=VERTEX_POINT('',#13735);
#13737=DIRECTION('',(-0.13053,0.99144,0.));
#13738=VECTOR('',#13737,2.08842);
#13739=LINE('',#13735,#13738);
#13740=EDGE_CURVE('',#13736,#13729,#13739,.T.);
#13741=ORIENTED_EDGE('',*,*,#13740,.F.);
#13742=DIRECTION('',(0.,0.,-1.));
#13743=VECTOR('',#13742,263.84325);
#13744=LINE('',#13207,#13743);
#13745=EDGE_CURVE('',#13208,#13736,#13744,.T.);
#13746=ORIENTED_EDGE('',*,*,#13745,.F.);
#13747=EDGE_LOOP('',(#13727,#13734,#13741,#13746));
#13748=FACE_OUTER_BOUND('',#13747,.T.);
#13749=CARTESIAN_POINT('',(798.,-165.,572.84325));
#13750=DIRECTION('',(-0.99144,-0.13053,0.));
#13751=DIRECTION('',(-0.13053,0.99144,0.));
#13752=AXIS2_PLACEMENT_3D('',#13749,#13750,#13751);
#13753=PLANE('',#13752);
#13754=ADVANCED_FACE('',(#13748),#13753,.T.);
#13755=ORIENTED_EDGE('',*,*,#13238,.T.);
#13756=CARTESIAN_POINT('',(796.9282,-161.,309.));
#13757=VERTEX_POINT('',#13756);
#13758=DIRECTION('',(0.,0.,-1.));
#13759=VECTOR('',#13758,263.84325);
#13760=LINE('',#13228,#13759);
#13761=EDGE_CURVE('',#13229,#13757,#13760,.T.);
#13762=ORIENTED_EDGE('',*,*,#13761,.T.);
#13763=DIRECTION('',(-0.38268,0.92388,0.));
#13764=VECTOR('',#13763,2.08842);
#13765=LINE('',#13728,#13764);
#13766=EDGE_CURVE('',#13729,#13757,#13765,.T.);
#13767=ORIENTED_EDGE('',*,*,#13766,.F.);
#13768=ORIENTED_EDGE('',*,*,#13733,.F.);
#13769=EDGE_LOOP('',(#13755,#13762,#13767,#13768));
#13770=FACE_OUTER_BOUND('',#13769,.T.);
#13771=CARTESIAN_POINT('',(797.72741,-162.92945,572.84325));
#13772=DIRECTION('',(-0.92388,-0.38268,0.));
#13773=DIRECTION('',(-0.38268,0.92388,0.));
#13774=AXIS2_PLACEMENT_3D('',#13771,#13772,#13773);
#13775=PLANE('',#13774);
#13776=ADVANCED_FACE('',(#13770),#13775,.T.);
#13777=ORIENTED_EDGE('',*,*,#13260,.T.);
#13778=CARTESIAN_POINT('',(795.65685,-159.34315,309.));
#13779=VERTEX_POINT('',#13778);
#13780=DIRECTION('',(0.,0.,-1.));
#13781=VECTOR('',#13780,263.84325);
#13782=LINE('',#13250,#13781);
#13783=EDGE_CURVE('',#13251,#13779,#13782,.T.);
#13784=ORIENTED_EDGE('',*,*,#13783,.T.);
#13785=DIRECTION('',(-0.60876,0.79335,0.));
#13786=VECTOR('',#13785,2.08842);
#13787=LINE('',#13756,#13786);
#13788=EDGE_CURVE('',#13757,#13779,#13787,.T.);
#13789=ORIENTED_EDGE('',*,*,#13788,.F.);
#13790=ORIENTED_EDGE('',*,*,#13761,.F.);
#13791=EDGE_LOOP('',(#13777,#13784,#13789,#13790));
#13792=FACE_OUTER_BOUND('',#13791,.T.);
#13793=CARTESIAN_POINT('',(796.9282,-161.,572.84325));
#13794=DIRECTION('',(-0.79335,-0.60876,0.));
#13795=DIRECTION('',(-0.60876,0.79335,0.));
#13796=AXIS2_PLACEMENT_3D('',#13793,#13794,#13795);
#13797=PLANE('',#13796);
#13798=ADVANCED_FACE('',(#13792),#13797,.T.);
#13799=ORIENTED_EDGE('',*,*,#13282,.T.);
#13800=CARTESIAN_POINT('',(794.,-158.0718,309.));
#13801=VERTEX_POINT('',#13800);
#13802=DIRECTION('',(0.,0.,-1.));
#13803=VECTOR('',#13802,263.84325);
#13804=LINE('',#13272,#13803);
#13805=EDGE_CURVE('',#13273,#13801,#13804,.T.);
#13806=ORIENTED_EDGE('',*,*,#13805,.T.);
#13807=DIRECTION('',(-0.79335,0.60876,0.));
#13808=VECTOR('',#13807,2.08842);
#13809=LINE('',#13778,#13808);
#13810=EDGE_CURVE('',#13779,#13801,#13809,.T.);
#13811=ORIENTED_EDGE('',*,*,#13810,.F.);
#13812=ORIENTED_EDGE('',*,*,#13783,.F.);
#13813=EDGE_LOOP('',(#13799,#13806,#13811,#13812));
#13814=FACE_OUTER_BOUND('',#13813,.T.);
#13815=CARTESIAN_POINT('',(795.65685,-159.34315,572.84325));
#13816=DIRECTION('',(-0.60876,-0.79335,0.));
#13817=DIRECTION('',(-0.79335,0.60876,0.));
#13818=AXIS2_PLACEMENT_3D('',#13815,#13816,#13817);
#13819=PLANE('',#13818);
#13820=ADVANCED_FACE('',(#13814),#13819,.T.);
#13821=ORIENTED_EDGE('',*,*,#13304,.T.);
#13822=CARTESIAN_POINT('',(792.07055,-157.27259,309.));
#13823=VERTEX_POINT('',#13822);
#13824=DIRECTION('',(0.,0.,-1.));
#13825=VECTOR('',#13824,263.84325);
#13826=LINE('',#13294,#13825);
#13827=EDGE_CURVE('',#13295,#13823,#13826,.T.);
#13828=ORIENTED_EDGE('',*,*,#13827,.T.);
#13829=DIRECTION('',(-0.92388,0.38268,0.));
#13830=VECTOR('',#13829,2.08842);
#13831=LINE('',#13800,#13830);
#13832=EDGE_CURVE('',#13801,#13823,#13831,.T.);
#13833=ORIENTED_EDGE('',*,*,#13832,.F.);
#13834=ORIENTED_EDGE('',*,*,#13805,.F.);
#13835=EDGE_LOOP('',(#13821,#13828,#13833,#13834));
#13836=FACE_OUTER_BOUND('',#13835,.T.);
#13837=CARTESIAN_POINT('',(794.,-158.0718,572.84325));
#13838=DIRECTION('',(-0.38268,-0.92388,0.));
#13839=DIRECTION('',(-0.92388,0.38268,0.));
#13840=AXIS2_PLACEMENT_3D('',#13837,#13838,#13839);
#13841=PLANE('',#13840);
#13842=ADVANCED_FACE('',(#13836),#13841,.T.);
#13843=ORIENTED_EDGE('',*,*,#13326,.T.);
#13844=CARTESIAN_POINT('',(790.,-157.,309.));
#13845=VERTEX_POINT('',#13844);
#13846=DIRECTION('',(0.,0.,-1.));
#13847=VECTOR('',#13846,263.84325);
#13848=LINE('',#13316,#13847);
#13849=EDGE_CURVE('',#13317,#13845,#13848,.T.);
#13850=ORIENTED_EDGE('',*,*,#13849,.T.);
#13851=DIRECTION('',(-0.99144,0.13053,0.));
#13852=VECTOR('',#13851,2.08842);
#13853=LINE('',#13822,#13852);
#13854=EDGE_CURVE('',#13823,#13845,#13853,.T.);
#13855=ORIENTED_EDGE('',*,*,#13854,.F.);
#13856=ORIENTED_EDGE('',*,*,#13827,.F.);
#13857=EDGE_LOOP('',(#13843,#13850,#13855,#13856));
#13858=FACE_OUTER_BOUND('',#13857,.T.);
#13859=CARTESIAN_POINT('',(792.07055,-157.27259,572.84325));
#13860=DIRECTION('',(-0.13053,-0.99144,0.));
#13861=DIRECTION('',(-0.99144,0.13053,0.));
#13862=AXIS2_PLACEMENT_3D('',#13859,#13860,#13861);
#13863=PLANE('',#13862);
#13864=ADVANCED_FACE('',(#13858),#13863,.T.);
#13865=ORIENTED_EDGE('',*,*,#13348,.T.);
#13866=CARTESIAN_POINT('',(787.92945,-157.27259,309.));
#13867=VERTEX_POINT('',#13866);
#13868=DIRECTION('',(0.,0.,-1.));
#13869=VECTOR('',#13868,263.84325);
#13870=LINE('',#13338,#13869);
#13871=EDGE_CURVE('',#13339,#13867,#13870,.T.);
#13872=ORIENTED_EDGE('',*,*,#13871,.T.);
#13873=DIRECTION('',(-0.99144,-0.13053,0.));
#13874=VECTOR('',#13873,2.08842);
#13875=LINE('',#13844,#13874);
#13876=EDGE_CURVE('',#13845,#13867,#13875,.T.);
#13877=ORIENTED_EDGE('',*,*,#13876,.F.);
#13878=ORIENTED_EDGE('',*,*,#13849,.F.);
#13879=EDGE_LOOP('',(#13865,#13872,#13877,#13878));
#13880=FACE_OUTER_BOUND('',#13879,.T.);
#13881=CARTESIAN_POINT('',(790.,-157.,572.84325));
#13882=DIRECTION('',(0.13053,-0.99144,0.));
#13883=DIRECTION('',(-0.99144,-0.13053,0.));
#13884=AXIS2_PLACEMENT_3D('',#13881,#13882,#13883);
#13885=PLANE('',#13884);
#13886=ADVANCED_FACE('',(#13880),#13885,.T.);
#13887=ORIENTED_EDGE('',*,*,#13370,.T.);
#13888=CARTESIAN_POINT('',(786.,-158.0718,309.));
#13889=VERTEX_POINT('',#13888);
#13890=DIRECTION('',(0.,0.,-1.));
#13891=VECTOR('',#13890,263.84325);
#13892=LINE('',#13360,#13891);
#13893=EDGE_CURVE('',#13361,#13889,#13892,.T.);
#13894=ORIENTED_EDGE('',*,*,#13893,.T.);
#13895=DIRECTION('',(-0.92388,-0.38268,0.));
#13896=VECTOR('',#13895,2.08842);
#13897=LINE('',#13866,#13896);
#13898=EDGE_CURVE('',#13867,#13889,#13897,.T.);
#13899=ORIENTED_EDGE('',*,*,#13898,.F.);
#13900=ORIENTED_EDGE('',*,*,#13871,.F.);
#13901=EDGE_LOOP('',(#13887,#13894,#13899,#13900));
#13902=FACE_OUTER_BOUND('',#13901,.T.);
#13903=CARTESIAN_POINT('',(787.92945,-157.27259,572.84325));
#13904=DIRECTION('',(0.38268,-0.92388,0.));
#13905=DIRECTION('',(-0.92388,-0.38268,0.));
#13906=AXIS2_PLACEMENT_3D('',#13903,#13904,#13905);
#13907=PLANE('',#13906);
#13908=ADVANCED_FACE('',(#13902),#13907,.T.);
#13909=ORIENTED_EDGE('',*,*,#13392,.T.);
#13910=CARTESIAN_POINT('',(784.34315,-159.34315,309.));
#13911=VERTEX_POINT('',#13910);
#13912=DIRECTION('',(0.,0.,-1.));
#13913=VECTOR('',#13912,263.84325);
#13914=LINE('',#13382,#13913);
#13915=EDGE_CURVE('',#13383,#13911,#13914,.T.);
#13916=ORIENTED_EDGE('',*,*,#13915,.T.);
#13917=DIRECTION('',(-0.79335,-0.60876,0.));
#13918=VECTOR('',#13917,2.08842);
#13919=LINE('',#13888,#13918);
#13920=EDGE_CURVE('',#13889,#13911,#13919,.T.);
#13921=ORIENTED_EDGE('',*,*,#13920,.F.);
#13922=ORIENTED_EDGE('',*,*,#13893,.F.);
#13923=EDGE_LOOP('',(#13909,#13916,#13921,#13922));
#13924=FACE_OUTER_BOUND('',#13923,.T.);
#13925=CARTESIAN_POINT('',(786.,-158.0718,572.84325));
#13926=DIRECTION('',(0.60876,-0.79335,0.));
#13927=DIRECTION('',(-0.79335,-0.60876,0.));
#13928=AXIS2_PLACEMENT_3D('',#13925,#13926,#13927);
#13929=PLANE('',#13928);
#13930=ADVANCED_FACE('',(#13924),#13929,.T.);
#13931=ORIENTED_EDGE('',*,*,#13414,.T.);
#13932=CARTESIAN_POINT('',(783.0718,-161.,309.));
#13933=VERTEX_POINT('',#13932);
#13934=DIRECTION('',(0.,0.,-1.));
#13935=VECTOR('',#13934,263.84325);
#13936=LINE('',#13404,#13935);
#13937=EDGE_CURVE('',#13405,#13933,#13936,.T.);
#13938=ORIENTED_EDGE('',*,*,#13937,.T.);
#13939=DIRECTION('',(-0.60876,-0.79335,0.));
#13940=VECTOR('',#13939,2.08842);
#13941=LINE('',#13910,#13940);
#13942=EDGE_CURVE('',#13911,#13933,#13941,.T.);
#13943=ORIENTED_EDGE('',*,*,#13942,.F.);
#13944=ORIENTED_EDGE('',*,*,#13915,.F.);
#13945=EDGE_LOOP('',(#13931,#13938,#13943,#13944));
#13946=FACE_OUTER_BOUND('',#13945,.T.);
#13947=CARTESIAN_POINT('',(784.34315,-159.34315,572.84325));
#13948=DIRECTION('',(0.79335,-0.60876,0.));
#13949=DIRECTION('',(-0.60876,-0.79335,0.));
#13950=AXIS2_PLACEMENT_3D('',#13947,#13948,#13949);
#13951=PLANE('',#13950);
#13952=ADVANCED_FACE('',(#13946),#13951,.T.);
#13953=ORIENTED_EDGE('',*,*,#13436,.T.);
#13954=CARTESIAN_POINT('',(782.27259,-162.92945,309.));
#13955=VERTEX_POINT('',#13954);
#13956=DIRECTION('',(0.,0.,-1.));
#13957=VECTOR('',#13956,263.84325);
#13958=LINE('',#13426,#13957);
#13959=EDGE_CURVE('',#13427,#13955,#13958,.T.);
#13960=ORIENTED_EDGE('',*,*,#13959,.T.);
#13961=DIRECTION('',(-0.38268,-0.92388,0.));
#13962=VECTOR('',#13961,2.08842);
#13963=LINE('',#13932,#13962);
#13964=EDGE_CURVE('',#13933,#13955,#13963,.T.);
#13965=ORIENTED_EDGE('',*,*,#13964,.F.);
#13966=ORIENTED_EDGE('',*,*,#13937,.F.);
#13967=EDGE_LOOP('',(#13953,#13960,#13965,#13966));
#13968=FACE_OUTER_BOUND('',#13967,.T.);
#13969=CARTESIAN_POINT('',(783.0718,-161.,572.84325));
#13970=DIRECTION('',(0.92388,-0.38268,0.));
#13971=DIRECTION('',(-0.38268,-0.92388,0.));
#13972=AXIS2_PLACEMENT_3D('',#13969,#13970,#13971);
#13973=PLANE('',#13972);
#13974=ADVANCED_FACE('',(#13968),#13973,.T.);
#13975=ORIENTED_EDGE('',*,*,#13458,.T.);
#13976=CARTESIAN_POINT('',(782.,-165.,309.));
#13977=VERTEX_POINT('',#13976);
#13978=DIRECTION('',(0.,0.,-1.));
#13979=VECTOR('',#13978,263.84325);
#13980=LINE('',#13448,#13979);
#13981=EDGE_CURVE('',#13449,#13977,#13980,.T.);
#13982=ORIENTED_EDGE('',*,*,#13981,.T.);
#13983=DIRECTION('',(-0.13053,-0.99144,0.));
#13984=VECTOR('',#13983,2.08842);
#13985=LINE('',#13954,#13984);
#13986=EDGE_CURVE('',#13955,#13977,#13985,.T.);
#13987=ORIENTED_EDGE('',*,*,#13986,.F.);
#13988=ORIENTED_EDGE('',*,*,#13959,.F.);
#13989=EDGE_LOOP('',(#13975,#13982,#13987,#13988));
#13990=FACE_OUTER_BOUND('',#13989,.T.);
#13991=CARTESIAN_POINT('',(782.27259,-162.92945,572.84325));
#13992=DIRECTION('',(0.99144,-0.13053,0.));
#13993=DIRECTION('',(-0.13053,-0.99144,0.));
#13994=AXIS2_PLACEMENT_3D('',#13991,#13992,#13993);
#13995=PLANE('',#13994);
#13996=ADVANCED_FACE('',(#13990),#13995,.T.);
#13997=ORIENTED_EDGE('',*,*,#13480,.T.);
#13998=CARTESIAN_POINT('',(782.27259,-167.07055,309.));
#13999=VERTEX_POINT('',#13998);
#14000=DIRECTION('',(0.,0.,-1.));
#14001=VECTOR('',#14000,263.84325);
#14002=LINE('',#13470,#14001);
#14003=EDGE_CURVE('',#13471,#13999,#14002,.T.);
#14004=ORIENTED_EDGE('',*,*,#14003,.T.);
#14005=DIRECTION('',(0.13053,-0.99144,0.));
#14006=VECTOR('',#14005,2.08842);
#14007=LINE('',#13976,#14006);
#14008=EDGE_CURVE('',#13977,#13999,#14007,.T.);
#14009=ORIENTED_EDGE('',*,*,#14008,.F.);
#14010=ORIENTED_EDGE('',*,*,#13981,.F.);
#14011=EDGE_LOOP('',(#13997,#14004,#14009,#14010));
#14012=FACE_OUTER_BOUND('',#14011,.T.);
#14013=CARTESIAN_POINT('',(782.,-165.,572.84325));
#14014=DIRECTION('',(0.99144,0.13053,0.));
#14015=DIRECTION('',(0.13053,-0.99144,0.));
#14016=AXIS2_PLACEMENT_3D('',#14013,#14014,#14015);
#14017=PLANE('',#14016);
#14018=ADVANCED_FACE('',(#14012),#14017,.T.);
#14019=ORIENTED_EDGE('',*,*,#13502,.T.);
#14020=CARTESIAN_POINT('',(783.0718,-169.,309.));
#14021=VERTEX_POINT('',#14020);
#14022=DIRECTION('',(0.,0.,-1.));
#14023=VECTOR('',#14022,263.84325);
#14024=LINE('',#13492,#14023);
#14025=EDGE_CURVE('',#13493,#14021,#14024,.T.);
#14026=ORIENTED_EDGE('',*,*,#14025,.T.);
#14027=DIRECTION('',(0.38268,-0.92388,0.));
#14028=VECTOR('',#14027,2.08842);
#14029=LINE('',#13998,#14028);
#14030=EDGE_CURVE('',#13999,#14021,#14029,.T.);
#14031=ORIENTED_EDGE('',*,*,#14030,.F.);
#14032=ORIENTED_EDGE('',*,*,#14003,.F.);
#14033=EDGE_LOOP('',(#14019,#14026,#14031,#14032));
#14034=FACE_OUTER_BOUND('',#14033,.T.);
#14035=CARTESIAN_POINT('',(782.27259,-167.07055,572.84325));
#14036=DIRECTION('',(0.92388,0.38268,0.));
#14037=DIRECTION('',(0.38268,-0.92388,0.));
#14038=AXIS2_PLACEMENT_3D('',#14035,#14036,#14037);
#14039=PLANE('',#14038);
#14040=ADVANCED_FACE('',(#14034),#14039,.T.);
#14041=ORIENTED_EDGE('',*,*,#13524,.T.);
#14042=CARTESIAN_POINT('',(784.34315,-170.65685,309.));
#14043=VERTEX_POINT('',#14042);
#14044=DIRECTION('',(0.,0.,-1.));
#14045=VECTOR('',#14044,263.84325);
#14046=LINE('',#13514,#14045);
#14047=EDGE_CURVE('',#13515,#14043,#14046,.T.);
#14048=ORIENTED_EDGE('',*,*,#14047,.T.);
#14049=DIRECTION('',(0.60876,-0.79335,0.));
#14050=VECTOR('',#14049,2.08842);
#14051=LINE('',#14020,#14050);
#14052=EDGE_CURVE('',#14021,#14043,#14051,.T.);
#14053=ORIENTED_EDGE('',*,*,#14052,.F.);
#14054=ORIENTED_EDGE('',*,*,#14025,.F.);
#14055=EDGE_LOOP('',(#14041,#14048,#14053,#14054));
#14056=FACE_OUTER_BOUND('',#14055,.T.);
#14057=CARTESIAN_POINT('',(783.0718,-169.,572.84325));
#14058=DIRECTION('',(0.79335,0.60876,0.));
#14059=DIRECTION('',(0.60876,-0.79335,0.));
#14060=AXIS2_PLACEMENT_3D('',#14057,#14058,#14059);
#14061=PLANE('',#14060);
#14062=ADVANCED_FACE('',(#14056),#14061,.T.);
#14063=ORIENTED_EDGE('',*,*,#13546,.T.);
#14064=CARTESIAN_POINT('',(786.,-171.9282,309.));
#14065=VERTEX_POINT('',#14064);
#14066=DIRECTION('',(0.,0.,-1.));
#14067=VECTOR('',#14066,263.84325);
#14068=LINE('',#13536,#14067);
#14069=EDGE_CURVE('',#13537,#14065,#14068,.T.);
#14070=ORIENTED_EDGE('',*,*,#14069,.T.);
#14071=DIRECTION('',(0.79335,-0.60876,0.));
#14072=VECTOR('',#14071,2.08842);
#14073=LINE('',#14042,#14072);
#14074=EDGE_CURVE('',#14043,#14065,#14073,.T.);
#14075=ORIENTED_EDGE('',*,*,#14074,.F.);
#14076=ORIENTED_EDGE('',*,*,#14047,.F.);
#14077=EDGE_LOOP('',(#14063,#14070,#14075,#14076));
#14078=FACE_OUTER_BOUND('',#14077,.T.);
#14079=CARTESIAN_POINT('',(784.34315,-170.65685,572.84325));
#14080=DIRECTION('',(0.60876,0.79335,0.));
#14081=DIRECTION('',(0.79335,-0.60876,0.));
#14082=AXIS2_PLACEMENT_3D('',#14079,#14080,#14081);
#14083=PLANE('',#14082);
#14084=ADVANCED_FACE('',(#14078),#14083,.T.);
#14085=ORIENTED_EDGE('',*,*,#13568,.T.);
#14086=CARTESIAN_POINT('',(787.92945,-172.72741,309.));
#14087=VERTEX_POINT('',#14086);
#14088=DIRECTION('',(0.,0.,-1.));
#14089=VECTOR('',#14088,263.84325);
#14090=LINE('',#13558,#14089);
#14091=EDGE_CURVE('',#13559,#14087,#14090,.T.);
#14092=ORIENTED_EDGE('',*,*,#14091,.T.);
#14093=DIRECTION('',(0.92388,-0.38268,0.));
#14094=VECTOR('',#14093,2.08842);
#14095=LINE('',#14064,#14094);
#14096=EDGE_CURVE('',#14065,#14087,#14095,.T.);
#14097=ORIENTED_EDGE('',*,*,#14096,.F.);
#14098=ORIENTED_EDGE('',*,*,#14069,.F.);
#14099=EDGE_LOOP('',(#14085,#14092,#14097,#14098));
#14100=FACE_OUTER_BOUND('',#14099,.T.);
#14101=CARTESIAN_POINT('',(786.,-171.9282,572.84325));
#14102=DIRECTION('',(0.38268,0.92388,0.));
#14103=DIRECTION('',(0.92388,-0.38268,0.));
#14104=AXIS2_PLACEMENT_3D('',#14101,#14102,#14103);
#14105=PLANE('',#14104);
#14106=ADVANCED_FACE('',(#14100),#14105,.T.);
#14107=ORIENTED_EDGE('',*,*,#13590,.T.);
#14108=CARTESIAN_POINT('',(790.,-173.,309.));
#14109=VERTEX_POINT('',#14108);
#14110=DIRECTION('',(0.,0.,-1.));
#14111=VECTOR('',#14110,263.84325);
#14112=LINE('',#13580,#14111);
#14113=EDGE_CURVE('',#13581,#14109,#14112,.T.);
#14114=ORIENTED_EDGE('',*,*,#14113,.T.);
#14115=DIRECTION('',(0.99144,-0.13053,0.));
#14116=VECTOR('',#14115,2.08842);
#14117=LINE('',#14086,#14116);
#14118=EDGE_CURVE('',#14087,#14109,#14117,.T.);
#14119=ORIENTED_EDGE('',*,*,#14118,.F.);
#14120=ORIENTED_EDGE('',*,*,#14091,.F.);
#14121=EDGE_LOOP('',(#14107,#14114,#14119,#14120));
#14122=FACE_OUTER_BOUND('',#14121,.T.);
#14123=CARTESIAN_POINT('',(787.92945,-172.72741,572.84325));
#14124=DIRECTION('',(0.13053,0.99144,0.));
#14125=DIRECTION('',(0.99144,-0.13053,0.));
#14126=AXIS2_PLACEMENT_3D('',#14123,#14124,#14125);
#14127=PLANE('',#14126);
#14128=ADVANCED_FACE('',(#14122),#14127,.T.);
#14129=ORIENTED_EDGE('',*,*,#13612,.T.);
#14130=CARTESIAN_POINT('',(792.07055,-172.72741,309.));
#14131=VERTEX_POINT('',#14130);
#14132=DIRECTION('',(0.,0.,-1.));
#14133=VECTOR('',#14132,263.84325);
#14134=LINE('',#13602,#14133);
#14135=EDGE_CURVE('',#13603,#14131,#14134,.T.);
#14136=ORIENTED_EDGE('',*,*,#14135,.T.);
#14137=DIRECTION('',(0.99144,0.13053,0.));
#14138=VECTOR('',#14137,2.08842);
#14139=LINE('',#14108,#14138);
#14140=EDGE_CURVE('',#14109,#14131,#14139,.T.);
#14141=ORIENTED_EDGE('',*,*,#14140,.F.);
#14142=ORIENTED_EDGE('',*,*,#14113,.F.);
#14143=EDGE_LOOP('',(#14129,#14136,#14141,#14142));
#14144=FACE_OUTER_BOUND('',#14143,.T.);
#14145=CARTESIAN_POINT('',(790.,-173.,572.84325));
#14146=DIRECTION('',(-0.13053,0.99144,0.));
#14147=DIRECTION('',(0.99144,0.13053,0.));
#14148=AXIS2_PLACEMENT_3D('',#14145,#14146,#14147);
#14149=PLANE('',#14148);
#14150=ADVANCED_FACE('',(#14144),#14149,.T.);
#14151=ORIENTED_EDGE('',*,*,#13634,.T.);
#14152=CARTESIAN_POINT('',(794.,-171.9282,309.));
#14153=VERTEX_POINT('',#14152);
#14154=DIRECTION('',(0.,0.,-1.));
#14155=VECTOR('',#14154,263.84325);
#14156=LINE('',#13624,#14155);
#14157=EDGE_CURVE('',#13625,#14153,#14156,.T.);
#14158=ORIENTED_EDGE('',*,*,#14157,.T.);
#14159=DIRECTION('',(0.92388,0.38268,0.));
#14160=VECTOR('',#14159,2.08842);
#14161=LINE('',#14130,#14160);
#14162=EDGE_CURVE('',#14131,#14153,#14161,.T.);
#14163=ORIENTED_EDGE('',*,*,#14162,.F.);
#14164=ORIENTED_EDGE('',*,*,#14135,.F.);
#14165=EDGE_LOOP('',(#14151,#14158,#14163,#14164));
#14166=FACE_OUTER_BOUND('',#14165,.T.);
#14167=CARTESIAN_POINT('',(792.07055,-172.72741,572.84325));
#14168=DIRECTION('',(-0.38268,0.92388,0.));
#14169=DIRECTION('',(0.92388,0.38268,0.));
#14170=AXIS2_PLACEMENT_3D('',#14167,#14168,#14169);
#14171=PLANE('',#14170);
#14172=ADVANCED_FACE('',(#14166),#14171,.T.);
#14173=ORIENTED_EDGE('',*,*,#13656,.T.);
#14174=CARTESIAN_POINT('',(795.65685,-170.65685,309.));
#14175=VERTEX_POINT('',#14174);
#14176=DIRECTION('',(0.,0.,-1.));
#14177=VECTOR('',#14176,263.84325);
#14178=LINE('',#13646,#14177);
#14179=EDGE_CURVE('',#13647,#14175,#14178,.T.);
#14180=ORIENTED_EDGE('',*,*,#14179,.T.);
#14181=DIRECTION('',(0.79335,0.60876,0.));
#14182=VECTOR('',#14181,2.08842);
#14183=LINE('',#14152,#14182);
#14184=EDGE_CURVE('',#14153,#14175,#14183,.T.);
#14185=ORIENTED_EDGE('',*,*,#14184,.F.);
#14186=ORIENTED_EDGE('',*,*,#14157,.F.);
#14187=EDGE_LOOP('',(#14173,#14180,#14185,#14186));
#14188=FACE_OUTER_BOUND('',#14187,.T.);
#14189=CARTESIAN_POINT('',(794.,-171.9282,572.84325));
#14190=DIRECTION('',(-0.60876,0.79335,0.));
#14191=DIRECTION('',(0.79335,0.60876,0.));
#14192=AXIS2_PLACEMENT_3D('',#14189,#14190,#14191);
#14193=PLANE('',#14192);
#14194=ADVANCED_FACE('',(#14188),#14193,.T.);
#14195=ORIENTED_EDGE('',*,*,#13678,.T.);
#14196=CARTESIAN_POINT('',(796.9282,-169.,309.));
#14197=VERTEX_POINT('',#14196);
#14198=DIRECTION('',(0.,0.,-1.));
#14199=VECTOR('',#14198,263.84325);
#14200=LINE('',#13668,#14199);
#14201=EDGE_CURVE('',#13669,#14197,#14200,.T.);
#14202=ORIENTED_EDGE('',*,*,#14201,.T.);
#14203=DIRECTION('',(0.60876,0.79335,0.));
#14204=VECTOR('',#14203,2.08842);
#14205=LINE('',#14174,#14204);
#14206=EDGE_CURVE('',#14175,#14197,#14205,.T.);
#14207=ORIENTED_EDGE('',*,*,#14206,.F.);
#14208=ORIENTED_EDGE('',*,*,#14179,.F.);
#14209=EDGE_LOOP('',(#14195,#14202,#14207,#14208));
#14210=FACE_OUTER_BOUND('',#14209,.T.);
#14211=CARTESIAN_POINT('',(795.65685,-170.65685,572.84325));
#14212=DIRECTION('',(-0.79335,0.60876,0.));
#14213=DIRECTION('',(0.60876,0.79335,0.));
#14214=AXIS2_PLACEMENT_3D('',#14211,#14212,#14213);
#14215=PLANE('',#14214);
#14216=ADVANCED_FACE('',(#14210),#14215,.T.);
#14217=ORIENTED_EDGE('',*,*,#13700,.T.);
#14218=CARTESIAN_POINT('',(797.72741,-167.07055,309.));
#14219=VERTEX_POINT('',#14218);
#14220=DIRECTION('',(0.,0.,-1.));
#14221=VECTOR('',#14220,263.84325);
#14222=LINE('',#13690,#14221);
#14223=EDGE_CURVE('',#13691,#14219,#14222,.T.);
#14224=ORIENTED_EDGE('',*,*,#14223,.T.);
#14225=DIRECTION('',(0.38268,0.92388,0.));
#14226=VECTOR('',#14225,2.08842);
#14227=LINE('',#14196,#14226);
#14228=EDGE_CURVE('',#14197,#14219,#14227,.T.);
#14229=ORIENTED_EDGE('',*,*,#14228,.F.);
#14230=ORIENTED_EDGE('',*,*,#14201,.F.);
#14231=EDGE_LOOP('',(#14217,#14224,#14229,#14230));
#14232=FACE_OUTER_BOUND('',#14231,.T.);
#14233=CARTESIAN_POINT('',(796.9282,-169.,572.84325));
#14234=DIRECTION('',(-0.92388,0.38268,0.));
#14235=DIRECTION('',(0.38268,0.92388,0.));
#14236=AXIS2_PLACEMENT_3D('',#14233,#14234,#14235);
#14237=PLANE('',#14236);
#14238=ADVANCED_FACE('',(#14232),#14237,.T.);
#14239=ORIENTED_EDGE('',*,*,#13716,.F.);
#14240=ORIENTED_EDGE('',*,*,#13745,.T.);
#14241=DIRECTION('',(-0.13053,-0.99144,0.));
#14242=VECTOR('',#14241,2.08842);
#14243=LINE('',#13735,#14242);
#14244=EDGE_CURVE('',#13736,#14219,#14243,.T.);
#14245=ORIENTED_EDGE('',*,*,#14244,.T.);
#14246=ORIENTED_EDGE('',*,*,#14223,.F.);
#14247=EDGE_LOOP('',(#14239,#14240,#14245,#14246));
#14248=FACE_OUTER_BOUND('',#14247,.T.);
#14249=CARTESIAN_POINT('',(797.72741,-167.07055,572.84325));
#14250=DIRECTION('',(-0.99144,0.13053,0.));
#14251=DIRECTION('',(0.13053,0.99144,0.));
#14252=AXIS2_PLACEMENT_3D('',#14249,#14250,#14251);
#14253=PLANE('',#14252);
#14254=ADVANCED_FACE('',(#14248),#14253,.T.);
#14255=ORIENTED_EDGE('',*,*,#13740,.T.);
#14256=DIRECTION('',(-0.96593,-0.25882,0.));
#14257=VECTOR('',#14256,2.);
#14258=LINE('',#12529,#14257);
#14259=EDGE_CURVE('',#12530,#13729,#14258,.T.);
#14260=ORIENTED_EDGE('',*,*,#14259,.F.);
#14261=ORIENTED_EDGE('',*,*,#12534,.F.);
#14262=DIRECTION('',(-1.,0.,0.));
#14263=VECTOR('',#14262,2.);
#14264=LINE('',#12527,#14263);
#14265=EDGE_CURVE('',#12528,#13736,#14264,.T.);
#14266=ORIENTED_EDGE('',*,*,#14265,.T.);
#14267=EDGE_LOOP('',(#14255,#14260,#14261,#14266));
#14268=FACE_OUTER_BOUND('',#14267,.T.);
#14269=CARTESIAN_POINT('',(798.,-165.,309.));
#14270=DIRECTION('',(0.,0.,-1.));
#14271=DIRECTION('',(-0.13053,0.99144,0.));
#14272=AXIS2_PLACEMENT_3D('',#14269,#14270,#14271);
#14273=PLANE('',#14272);
#14274=ADVANCED_FACE('',(#14268),#14273,.T.);
#14275=ORIENTED_EDGE('',*,*,#13766,.T.);
#14276=DIRECTION('',(-0.86603,-0.5,0.));
#14277=VECTOR('',#14276,2.);
#14278=LINE('',#12563,#14277);
#14279=EDGE_CURVE('',#12564,#13757,#14278,.T.);
#14280=ORIENTED_EDGE('',*,*,#14279,.F.);
#14281=ORIENTED_EDGE('',*,*,#12568,.F.);
#14282=ORIENTED_EDGE('',*,*,#14259,.T.);
#14283=EDGE_LOOP('',(#14275,#14280,#14281,#14282));
#14284=FACE_OUTER_BOUND('',#14283,.T.);
#14285=CARTESIAN_POINT('',(797.72741,-162.92945,309.));
#14286=DIRECTION('',(0.,0.,-1.));
#14287=DIRECTION('',(-0.38268,0.92388,0.));
#14288=AXIS2_PLACEMENT_3D('',#14285,#14286,#14287);
#14289=PLANE('',#14288);
#14290=ADVANCED_FACE('',(#14284),#14289,.T.);
#14291=ORIENTED_EDGE('',*,*,#13788,.T.);
#14292=DIRECTION('',(-0.70711,-0.70711,0.));
#14293=VECTOR('',#14292,2.);
#14294=LINE('',#12591,#14293);
#14295=EDGE_CURVE('',#12592,#13779,#14294,.T.);
#14296=ORIENTED_EDGE('',*,*,#14295,.F.);
#14297=ORIENTED_EDGE('',*,*,#12596,.F.);
#14298=ORIENTED_EDGE('',*,*,#14279,.T.);
#14299=EDGE_LOOP('',(#14291,#14296,#14297,#14298));
#14300=FACE_OUTER_BOUND('',#14299,.T.);
#14301=CARTESIAN_POINT('',(796.9282,-161.,309.));
#14302=DIRECTION('',(0.,0.,-1.));
#14303=DIRECTION('',(-0.60876,0.79335,0.));
#14304=AXIS2_PLACEMENT_3D('',#14301,#14302,#14303);
#14305=PLANE('',#14304);
#14306=ADVANCED_FACE('',(#14300),#14305,.T.);
#14307=ORIENTED_EDGE('',*,*,#13810,.T.);
#14308=DIRECTION('',(-0.5,-0.86603,0.));
#14309=VECTOR('',#14308,2.);
#14310=LINE('',#12619,#14309);
#14311=EDGE_CURVE('',#12620,#13801,#14310,.T.);
#14312=ORIENTED_EDGE('',*,*,#14311,.F.);
#14313=ORIENTED_EDGE('',*,*,#12624,.F.);
#14314=ORIENTED_EDGE('',*,*,#14295,.T.);
#14315=EDGE_LOOP('',(#14307,#14312,#14313,#14314));
#14316=FACE_OUTER_BOUND('',#14315,.T.);
#14317=CARTESIAN_POINT('',(795.65685,-159.34315,309.));
#14318=DIRECTION('',(0.,0.,-1.));
#14319=DIRECTION('',(-0.79335,0.60876,0.));
#14320=AXIS2_PLACEMENT_3D('',#14317,#14318,#14319);
#14321=PLANE('',#14320);
#14322=ADVANCED_FACE('',(#14316),#14321,.T.);
#14323=ORIENTED_EDGE('',*,*,#13832,.T.);
#14324=DIRECTION('',(-0.25882,-0.96593,0.));
#14325=VECTOR('',#14324,2.);
#14326=LINE('',#12647,#14325);
#14327=EDGE_CURVE('',#12648,#13823,#14326,.T.);
#14328=ORIENTED_EDGE('',*,*,#14327,.F.);
#14329=ORIENTED_EDGE('',*,*,#12652,.F.);
#14330=ORIENTED_EDGE('',*,*,#14311,.T.);
#14331=EDGE_LOOP('',(#14323,#14328,#14329,#14330));
#14332=FACE_OUTER_BOUND('',#14331,.T.);
#14333=CARTESIAN_POINT('',(794.,-158.0718,309.));
#14334=DIRECTION('',(0.,0.,-1.));
#14335=DIRECTION('',(-0.92388,0.38268,0.));
#14336=AXIS2_PLACEMENT_3D('',#14333,#14334,#14335);
#14337=PLANE('',#14336);
#14338=ADVANCED_FACE('',(#14332),#14337,.T.);
#14339=ORIENTED_EDGE('',*,*,#13854,.T.);
#14340=DIRECTION('',(0.,-1.,0.));
#14341=VECTOR('',#14340,2.);
#14342=LINE('',#12675,#14341);
#14343=EDGE_CURVE('',#12676,#13845,#14342,.T.);
#14344=ORIENTED_EDGE('',*,*,#14343,.F.);
#14345=ORIENTED_EDGE('',*,*,#12680,.F.);
#14346=ORIENTED_EDGE('',*,*,#14327,.T.);
#14347=EDGE_LOOP('',(#14339,#14344,#14345,#14346));
#14348=FACE_OUTER_BOUND('',#14347,.T.);
#14349=CARTESIAN_POINT('',(792.07055,-157.27259,309.));
#14350=DIRECTION('',(0.,0.,-1.));
#14351=DIRECTION('',(-0.99144,0.13053,0.));
#14352=AXIS2_PLACEMENT_3D('',#14349,#14350,#14351);
#14353=PLANE('',#14352);
#14354=ADVANCED_FACE('',(#14348),#14353,.T.);
#14355=ORIENTED_EDGE('',*,*,#13876,.T.);
#14356=DIRECTION('',(0.25882,-0.96593,0.));
#14357=VECTOR('',#14356,2.);
#14358=LINE('',#12703,#14357);
#14359=EDGE_CURVE('',#12704,#13867,#14358,.T.);
#14360=ORIENTED_EDGE('',*,*,#14359,.F.);
#14361=ORIENTED_EDGE('',*,*,#12708,.F.);
#14362=ORIENTED_EDGE('',*,*,#14343,.T.);
#14363=EDGE_LOOP('',(#14355,#14360,#14361,#14362));
#14364=FACE_OUTER_BOUND('',#14363,.T.);
#14365=CARTESIAN_POINT('',(790.,-157.,309.));
#14366=DIRECTION('',(0.,0.,-1.));
#14367=DIRECTION('',(-0.99144,-0.13053,0.));
#14368=AXIS2_PLACEMENT_3D('',#14365,#14366,#14367);
#14369=PLANE('',#14368);
#14370=ADVANCED_FACE('',(#14364),#14369,.T.);
#14371=ORIENTED_EDGE('',*,*,#13898,.T.);
#14372=DIRECTION('',(0.5,-0.86603,0.));
#14373=VECTOR('',#14372,2.);
#14374=LINE('',#12731,#14373);
#14375=EDGE_CURVE('',#12732,#13889,#14374,.T.);
#14376=ORIENTED_EDGE('',*,*,#14375,.F.);
#14377=ORIENTED_EDGE('',*,*,#12736,.F.);
#14378=ORIENTED_EDGE('',*,*,#14359,.T.);
#14379=EDGE_LOOP('',(#14371,#14376,#14377,#14378));
#14380=FACE_OUTER_BOUND('',#14379,.T.);
#14381=CARTESIAN_POINT('',(787.92945,-157.27259,309.));
#14382=DIRECTION('',(0.,0.,-1.));
#14383=DIRECTION('',(-0.92388,-0.38268,0.));
#14384=AXIS2_PLACEMENT_3D('',#14381,#14382,#14383);
#14385=PLANE('',#14384);
#14386=ADVANCED_FACE('',(#14380),#14385,.T.);
#14387=ORIENTED_EDGE('',*,*,#13920,.T.);
#14388=DIRECTION('',(0.70711,-0.70711,0.));
#14389=VECTOR('',#14388,2.);
#14390=LINE('',#12759,#14389);
#14391=EDGE_CURVE('',#12760,#13911,#14390,.T.);
#14392=ORIENTED_EDGE('',*,*,#14391,.F.);
#14393=ORIENTED_EDGE('',*,*,#12764,.F.);
#14394=ORIENTED_EDGE('',*,*,#14375,.T.);
#14395=EDGE_LOOP('',(#14387,#14392,#14393,#14394));
#14396=FACE_OUTER_BOUND('',#14395,.T.);
#14397=CARTESIAN_POINT('',(786.,-158.0718,309.));
#14398=DIRECTION('',(0.,0.,-1.));
#14399=DIRECTION('',(-0.79335,-0.60876,0.));
#14400=AXIS2_PLACEMENT_3D('',#14397,#14398,#14399);
#14401=PLANE('',#14400);
#14402=ADVANCED_FACE('',(#14396),#14401,.T.);
#14403=ORIENTED_EDGE('',*,*,#13942,.T.);
#14404=DIRECTION('',(0.86603,-0.5,0.));
#14405=VECTOR('',#14404,2.);
#14406=LINE('',#12787,#14405);
#14407=EDGE_CURVE('',#12788,#13933,#14406,.T.);
#14408=ORIENTED_EDGE('',*,*,#14407,.F.);
#14409=ORIENTED_EDGE('',*,*,#12792,.F.);
#14410=ORIENTED_EDGE('',*,*,#14391,.T.);
#14411=EDGE_LOOP('',(#14403,#14408,#14409,#14410));
#14412=FACE_OUTER_BOUND('',#14411,.T.);
#14413=CARTESIAN_POINT('',(784.34315,-159.34315,309.));
#14414=DIRECTION('',(0.,0.,-1.));
#14415=DIRECTION('',(-0.60876,-0.79335,0.));
#14416=AXIS2_PLACEMENT_3D('',#14413,#14414,#14415);
#14417=PLANE('',#14416);
#14418=ADVANCED_FACE('',(#14412),#14417,.T.);
#14419=ORIENTED_EDGE('',*,*,#13964,.T.);
#14420=DIRECTION('',(0.96593,-0.25882,0.));
#14421=VECTOR('',#14420,2.);
#14422=LINE('',#12815,#14421);
#14423=EDGE_CURVE('',#12816,#13955,#14422,.T.);
#14424=ORIENTED_EDGE('',*,*,#14423,.F.);
#14425=ORIENTED_EDGE('',*,*,#12820,.F.);
#14426=ORIENTED_EDGE('',*,*,#14407,.T.);
#14427=EDGE_LOOP('',(#14419,#14424,#14425,#14426));
#14428=FACE_OUTER_BOUND('',#14427,.T.);
#14429=CARTESIAN_POINT('',(783.0718,-161.,309.));
#14430=DIRECTION('',(0.,0.,-1.));
#14431=DIRECTION('',(-0.38268,-0.92388,0.));
#14432=AXIS2_PLACEMENT_3D('',#14429,#14430,#14431);
#14433=PLANE('',#14432);
#14434=ADVANCED_FACE('',(#14428),#14433,.T.);
#14435=ORIENTED_EDGE('',*,*,#13986,.T.);
#14436=DIRECTION('',(1.,0.,0.));
#14437=VECTOR('',#14436,2.);
#14438=LINE('',#12843,#14437);
#14439=EDGE_CURVE('',#12844,#13977,#14438,.T.);
#14440=ORIENTED_EDGE('',*,*,#14439,.F.);
#14441=ORIENTED_EDGE('',*,*,#12848,.F.);
#14442=ORIENTED_EDGE('',*,*,#14423,.T.);
#14443=EDGE_LOOP('',(#14435,#14440,#14441,#14442));
#14444=FACE_OUTER_BOUND('',#14443,.T.);
#14445=CARTESIAN_POINT('',(782.27259,-162.92945,309.));
#14446=DIRECTION('',(0.,0.,-1.));
#14447=DIRECTION('',(-0.13053,-0.99144,0.));
#14448=AXIS2_PLACEMENT_3D('',#14445,#14446,#14447);
#14449=PLANE('',#14448);
#14450=ADVANCED_FACE('',(#14444),#14449,.T.);
#14451=ORIENTED_EDGE('',*,*,#14008,.T.);
#14452=DIRECTION('',(0.96593,0.25882,0.));
#14453=VECTOR('',#14452,2.);
#14454=LINE('',#12871,#14453);
#14455=EDGE_CURVE('',#12872,#13999,#14454,.T.);
#14456=ORIENTED_EDGE('',*,*,#14455,.F.);
#14457=ORIENTED_EDGE('',*,*,#12876,.F.);
#14458=ORIENTED_EDGE('',*,*,#14439,.T.);
#14459=EDGE_LOOP('',(#14451,#14456,#14457,#14458));
#14460=FACE_OUTER_BOUND('',#14459,.T.);
#14461=CARTESIAN_POINT('',(782.,-165.,309.));
#14462=DIRECTION('',(0.,0.,-1.));
#14463=DIRECTION('',(0.13053,-0.99144,0.));
#14464=AXIS2_PLACEMENT_3D('',#14461,#14462,#14463);
#14465=PLANE('',#14464);
#14466=ADVANCED_FACE('',(#14460),#14465,.T.);
#14467=ORIENTED_EDGE('',*,*,#14030,.T.);
#14468=DIRECTION('',(0.86603,0.5,0.));
#14469=VECTOR('',#14468,2.);
#14470=LINE('',#12899,#14469);
#14471=EDGE_CURVE('',#12900,#14021,#14470,.T.);
#14472=ORIENTED_EDGE('',*,*,#14471,.F.);
#14473=ORIENTED_EDGE('',*,*,#12904,.F.);
#14474=ORIENTED_EDGE('',*,*,#14455,.T.);
#14475=EDGE_LOOP('',(#14467,#14472,#14473,#14474));
#14476=FACE_OUTER_BOUND('',#14475,.T.);
#14477=CARTESIAN_POINT('',(782.27259,-167.07055,309.));
#14478=DIRECTION('',(0.,0.,-1.));
#14479=DIRECTION('',(0.38268,-0.92388,0.));
#14480=AXIS2_PLACEMENT_3D('',#14477,#14478,#14479);
#14481=PLANE('',#14480);
#14482=ADVANCED_FACE('',(#14476),#14481,.T.);
#14483=ORIENTED_EDGE('',*,*,#14052,.T.);
#14484=DIRECTION('',(0.70711,0.70711,0.));
#14485=VECTOR('',#14484,2.);
#14486=LINE('',#12927,#14485);
#14487=EDGE_CURVE('',#12928,#14043,#14486,.T.);
#14488=ORIENTED_EDGE('',*,*,#14487,.F.);
#14489=ORIENTED_EDGE('',*,*,#12932,.F.);
#14490=ORIENTED_EDGE('',*,*,#14471,.T.);
#14491=EDGE_LOOP('',(#14483,#14488,#14489,#14490));
#14492=FACE_OUTER_BOUND('',#14491,.T.);
#14493=CARTESIAN_POINT('',(783.0718,-169.,309.));
#14494=DIRECTION('',(0.,0.,-1.));
#14495=DIRECTION('',(0.60876,-0.79335,0.));
#14496=AXIS2_PLACEMENT_3D('',#14493,#14494,#14495);
#14497=PLANE('',#14496);
#14498=ADVANCED_FACE('',(#14492),#14497,.T.);
#14499=ORIENTED_EDGE('',*,*,#14074,.T.);
#14500=DIRECTION('',(0.5,0.86603,0.));
#14501=VECTOR('',#14500,2.);
#14502=LINE('',#12955,#14501);
#14503=EDGE_CURVE('',#12956,#14065,#14502,.T.);
#14504=ORIENTED_EDGE('',*,*,#14503,.F.);
#14505=ORIENTED_EDGE('',*,*,#12960,.F.);
#14506=ORIENTED_EDGE('',*,*,#14487,.T.);
#14507=EDGE_LOOP('',(#14499,#14504,#14505,#14506));
#14508=FACE_OUTER_BOUND('',#14507,.T.);
#14509=CARTESIAN_POINT('',(784.34315,-170.65685,309.));
#14510=DIRECTION('',(0.,0.,-1.));
#14511=DIRECTION('',(0.79335,-0.60876,0.));
#14512=AXIS2_PLACEMENT_3D('',#14509,#14510,#14511);
#14513=PLANE('',#14512);
#14514=ADVANCED_FACE('',(#14508),#14513,.T.);
#14515=ORIENTED_EDGE('',*,*,#14096,.T.);
#14516=DIRECTION('',(0.25882,0.96593,0.));
#14517=VECTOR('',#14516,2.);
#14518=LINE('',#12983,#14517);
#14519=EDGE_CURVE('',#12984,#14087,#14518,.T.);
#14520=ORIENTED_EDGE('',*,*,#14519,.F.);
#14521=ORIENTED_EDGE('',*,*,#12988,.F.);
#14522=ORIENTED_EDGE('',*,*,#14503,.T.);
#14523=EDGE_LOOP('',(#14515,#14520,#14521,#14522));
#14524=FACE_OUTER_BOUND('',#14523,.T.);
#14525=CARTESIAN_POINT('',(786.,-171.9282,309.));
#14526=DIRECTION('',(0.,0.,-1.));
#14527=DIRECTION('',(0.92388,-0.38268,0.));
#14528=AXIS2_PLACEMENT_3D('',#14525,#14526,#14527);
#14529=PLANE('',#14528);
#14530=ADVANCED_FACE('',(#14524),#14529,.T.);
#14531=ORIENTED_EDGE('',*,*,#14118,.T.);
#14532=DIRECTION('',(0.,1.,0.));
#14533=VECTOR('',#14532,2.);
#14534=LINE('',#13011,#14533);
#14535=EDGE_CURVE('',#13012,#14109,#14534,.T.);
#14536=ORIENTED_EDGE('',*,*,#14535,.F.);
#14537=ORIENTED_EDGE('',*,*,#13016,.F.);
#14538=ORIENTED_EDGE('',*,*,#14519,.T.);
#14539=EDGE_LOOP('',(#14531,#14536,#14537,#14538));
#14540=FACE_OUTER_BOUND('',#14539,.T.);
#14541=CARTESIAN_POINT('',(787.92945,-172.72741,309.));
#14542=DIRECTION('',(0.,0.,-1.));
#14543=DIRECTION('',(0.99144,-0.13053,0.));
#14544=AXIS2_PLACEMENT_3D('',#14541,#14542,#14543);
#14545=PLANE('',#14544);
#14546=ADVANCED_FACE('',(#14540),#14545,.T.);
#14547=ORIENTED_EDGE('',*,*,#14140,.T.);
#14548=DIRECTION('',(-0.25882,0.96593,0.));
#14549=VECTOR('',#14548,2.);
#14550=LINE('',#13039,#14549);
#14551=EDGE_CURVE('',#13040,#14131,#14550,.T.);
#14552=ORIENTED_EDGE('',*,*,#14551,.F.);
#14553=ORIENTED_EDGE('',*,*,#13044,.F.);
#14554=ORIENTED_EDGE('',*,*,#14535,.T.);
#14555=EDGE_LOOP('',(#14547,#14552,#14553,#14554));
#14556=FACE_OUTER_BOUND('',#14555,.T.);
#14557=CARTESIAN_POINT('',(790.,-173.,309.));
#14558=DIRECTION('',(0.,0.,-1.));
#14559=DIRECTION('',(0.99144,0.13053,0.));
#14560=AXIS2_PLACEMENT_3D('',#14557,#14558,#14559);
#14561=PLANE('',#14560);
#14562=ADVANCED_FACE('',(#14556),#14561,.T.);
#14563=ORIENTED_EDGE('',*,*,#14162,.T.);
#14564=DIRECTION('',(-0.5,0.86603,0.));
#14565=VECTOR('',#14564,2.);
#14566=LINE('',#13067,#14565);
#14567=EDGE_CURVE('',#13068,#14153,#14566,.T.);
#14568=ORIENTED_EDGE('',*,*,#14567,.F.);
#14569=ORIENTED_EDGE('',*,*,#13072,.F.);
#14570=ORIENTED_EDGE('',*,*,#14551,.T.);
#14571=EDGE_LOOP('',(#14563,#14568,#14569,#14570));
#14572=FACE_OUTER_BOUND('',#14571,.T.);
#14573=CARTESIAN_POINT('',(792.07055,-172.72741,309.));
#14574=DIRECTION('',(0.,0.,-1.));
#14575=DIRECTION('',(0.92388,0.38268,0.));
#14576=AXIS2_PLACEMENT_3D('',#14573,#14574,#14575);
#14577=PLANE('',#14576);
#14578=ADVANCED_FACE('',(#14572),#14577,.T.);
#14579=ORIENTED_EDGE('',*,*,#14184,.T.);
#14580=DIRECTION('',(-0.70711,0.70711,0.));
#14581=VECTOR('',#14580,2.);
#14582=LINE('',#13095,#14581);
#14583=EDGE_CURVE('',#13096,#14175,#14582,.T.);
#14584=ORIENTED_EDGE('',*,*,#14583,.F.);
#14585=ORIENTED_EDGE('',*,*,#13100,.F.);
#14586=ORIENTED_EDGE('',*,*,#14567,.T.);
#14587=EDGE_LOOP('',(#14579,#14584,#14585,#14586));
#14588=FACE_OUTER_BOUND('',#14587,.T.);
#14589=CARTESIAN_POINT('',(794.,-171.9282,309.));
#14590=DIRECTION('',(0.,0.,-1.));
#14591=DIRECTION('',(0.79335,0.60876,0.));
#14592=AXIS2_PLACEMENT_3D('',#14589,#14590,#14591);
#14593=PLANE('',#14592);
#14594=ADVANCED_FACE('',(#14588),#14593,.T.);
#14595=ORIENTED_EDGE('',*,*,#14206,.T.);
#14596=DIRECTION('',(-0.86603,0.5,0.));
#14597=VECTOR('',#14596,2.);
#14598=LINE('',#13123,#14597);
#14599=EDGE_CURVE('',#13124,#14197,#14598,.T.);
#14600=ORIENTED_EDGE('',*,*,#14599,.F.);
#14601=ORIENTED_EDGE('',*,*,#13128,.F.);
#14602=ORIENTED_EDGE('',*,*,#14583,.T.);
#14603=EDGE_LOOP('',(#14595,#14600,#14601,#14602));
#14604=FACE_OUTER_BOUND('',#14603,.T.);
#14605=CARTESIAN_POINT('',(795.65685,-170.65685,309.));
#14606=DIRECTION('',(0.,0.,-1.));
#14607=DIRECTION('',(0.60876,0.79335,0.));
#14608=AXIS2_PLACEMENT_3D('',#14605,#14606,#14607);
#14609=PLANE('',#14608);
#14610=ADVANCED_FACE('',(#14604),#14609,.T.);
#14611=ORIENTED_EDGE('',*,*,#14228,.T.);
#14612=DIRECTION('',(-0.96593,0.25882,0.));
#14613=VECTOR('',#14612,2.);
#14614=LINE('',#13151,#14613);
#14615=EDGE_CURVE('',#13152,#14219,#14614,.T.);
#14616=ORIENTED_EDGE('',*,*,#14615,.F.);
#14617=ORIENTED_EDGE('',*,*,#13156,.F.);
#14618=ORIENTED_EDGE('',*,*,#14599,.T.);
#14619=EDGE_LOOP('',(#14611,#14616,#14617,#14618));
#14620=FACE_OUTER_BOUND('',#14619,.T.);
#14621=CARTESIAN_POINT('',(796.9282,-169.,309.));
#14622=DIRECTION('',(0.,0.,-1.));
#14623=DIRECTION('',(0.38268,0.92388,0.));
#14624=AXIS2_PLACEMENT_3D('',#14621,#14622,#14623);
#14625=PLANE('',#14624);
#14626=ADVANCED_FACE('',(#14620),#14625,.T.);
#14627=ORIENTED_EDGE('',*,*,#14244,.F.);
#14628=ORIENTED_EDGE('',*,*,#14265,.F.);
#14629=ORIENTED_EDGE('',*,*,#13182,.T.);
#14630=ORIENTED_EDGE('',*,*,#14615,.T.);
#14631=EDGE_LOOP('',(#14627,#14628,#14629,#14630));
#14632=FACE_OUTER_BOUND('',#14631,.T.);
#14633=CARTESIAN_POINT('',(797.72741,-167.07055,309.));
#14634=DIRECTION('',(0.,0.,-1.));
#14635=DIRECTION('',(0.13053,0.99144,0.));
#14636=AXIS2_PLACEMENT_3D('',#14633,#14634,#14635);
#14637=PLANE('',#14636);
#14638=ADVANCED_FACE('',(#14632),#14637,.T.);
#14639=CLOSED_SHELL('',(#12562,#12590,#12618,#12646,#12674,#12702,#12730,#12758,#12786,#12814,#12842,#12870,#12898,#12926,#12954,#12982,#13010,#13038,#13066,#13094,#13122,#13150,#13178,#13198,#13226,#13248,#13270,#13292,#13314,#13336,#13358,#13380,#13402,#13424,#13446,#13468,#13490,#13512,#13534,#13556,#13578,#13600,#13622,#13644,#13666,#13688,#13710,#13726,#13754,#13776,#13798,#13820,#13842,#13864,#13886,#13908,#13930,#13952,#13974,#13996,#14018,#14040,#14062,#14084,#14106,#14128,#14150,#14172,#14194,#14216,#14238,#14254,#14274,#14290,#14306,#14322,#14338,#14354,#14370,#14386,#14402,#14418,#14434,#14450,#14466,#14482,#14498,#14514,#14530,#14546,#14562,#14578,#14594,#14610,#14626,#14638));
#14640=MANIFOLD_SOLID_BREP('',#14639);
#14641=STYLED_ITEM('color',(#1458),#14640);
#14642=CARTESIAN_POINT('',(776.,-179.,572.84325));
#14643=VERTEX_POINT('',#14642);
#14644=CARTESIAN_POINT('',(776.,-151.,572.84325));
#14645=VERTEX_POINT('',#14644);
#14646=DIRECTION('',(0.,1.,0.));
#14647=VECTOR('',#14646,28.);
#14648=LINE('',#14642,#14647);
#14649=EDGE_CURVE('',#14643,#14645,#14648,.T.);
#14650=ORIENTED_EDGE('',*,*,#14649,.T.);
#14651=CARTESIAN_POINT('',(804.,-151.,572.84325));
#14652=VERTEX_POINT('',#14651);
#14653=DIRECTION('',(-1.,0.,0.));
#14654=VECTOR('',#14653,28.);
#14655=LINE('',#14651,#14654);
#14656=EDGE_CURVE('',#14652,#14645,#14655,.T.);
#14657=ORIENTED_EDGE('',*,*,#14656,.F.);
#14658=CARTESIAN_POINT('',(804.,-179.,572.84325));
#14659=VERTEX_POINT('',#14658);
#14660=DIRECTION('',(0.,1.,0.));
#14661=VECTOR('',#14660,28.);
#14662=LINE('',#14658,#14661);
#14663=EDGE_CURVE('',#14659,#14652,#14662,.T.);
#14664=ORIENTED_EDGE('',*,*,#14663,.F.);
#14665=DIRECTION('',(1.,0.,0.));
#14666=VECTOR('',#14665,28.);
#14667=LINE('',#14642,#14666);
#14668=EDGE_CURVE('',#14643,#14659,#14667,.T.);
#14669=ORIENTED_EDGE('',*,*,#14668,.F.);
#14670=EDGE_LOOP('',(#14650,#14657,#14664,#14669));
#14671=FACE_OUTER_BOUND('',#14670,.T.);
#14672=CARTESIAN_POINT('',(776.,-179.,572.84325));
#14673=DIRECTION('',(0.,0.,-1.));
#14674=DIRECTION('',(0.,1.,0.));
#14675=AXIS2_PLACEMENT_3D('',#14672,#14673,#14674);
#14676=PLANE('',#14675);
#14677=ADVANCED_FACE('',(#14671),#14676,.T.);
#14678=CARTESIAN_POINT('',(776.,-179.,580.34325));
#14679=VERTEX_POINT('',#14678);
#14680=CARTESIAN_POINT('',(804.,-179.,580.34325));
#14681=VERTEX_POINT('',#14680);
#14682=DIRECTION('',(1.,0.,0.));
#14683=VECTOR('',#14682,28.);
#14684=LINE('',#14678,#14683);
#14685=EDGE_CURVE('',#14679,#14681,#14684,.T.);
#14686=ORIENTED_EDGE('',*,*,#14685,.T.);
#14687=CARTESIAN_POINT('',(804.,-151.,580.34325));
#14688=VERTEX_POINT('',#14687);
#14689=DIRECTION('',(0.,1.,0.));
#14690=VECTOR('',#14689,28.);
#14691=LINE('',#14680,#14690);
#14692=EDGE_CURVE('',#14681,#14688,#14691,.T.);
#14693=ORIENTED_EDGE('',*,*,#14692,.T.);
#14694=CARTESIAN_POINT('',(776.,-151.,580.34325));
#14695=VERTEX_POINT('',#14694);
#14696=DIRECTION('',(-1.,0.,0.));
#14697=VECTOR('',#14696,28.);
#14698=LINE('',#14687,#14697);
#14699=EDGE_CURVE('',#14688,#14695,#14698,.T.);
#14700=ORIENTED_EDGE('',*,*,#14699,.T.);
#14701=DIRECTION('',(0.,1.,0.));
#14702=VECTOR('',#14701,28.);
#14703=LINE('',#14678,#14702);
#14704=EDGE_CURVE('',#14679,#14695,#14703,.T.);
#14705=ORIENTED_EDGE('',*,*,#14704,.F.);
#14706=EDGE_LOOP('',(#14686,#14693,#14700,#14705));
#14707=FACE_OUTER_BOUND('',#14706,.T.);
#14708=CARTESIAN_POINT('',(776.,-179.,580.34325));
#14709=DIRECTION('',(0.,0.,1.));
#14710=DIRECTION('',(1.,0.,0.));
#14711=AXIS2_PLACEMENT_3D('',#14708,#14709,#14710);
#14712=PLANE('',#14711);
#14713=ADVANCED_FACE('',(#14707),#14712,.T.);
#14714=ORIENTED_EDGE('',*,*,#14668,.T.);
#14715=DIRECTION('',(0.,0.,1.));
#14716=VECTOR('',#14715,7.5);
#14717=LINE('',#14658,#14716);
#14718=EDGE_CURVE('',#14659,#14681,#14717,.T.);
#14719=ORIENTED_EDGE('',*,*,#14718,.T.);
#14720=ORIENTED_EDGE('',*,*,#14685,.F.);
#14721=DIRECTION('',(0.,0.,1.));
#14722=VECTOR('',#14721,7.5);
#14723=LINE('',#14642,#14722);
#14724=EDGE_CURVE('',#14643,#14679,#14723,.T.);
#14725=ORIENTED_EDGE('',*,*,#14724,.F.);
#14726=EDGE_LOOP('',(#14714,#14719,#14720,#14725));
#14727=FACE_OUTER_BOUND('',#14726,.T.);
#14728=CARTESIAN_POINT('',(776.,-179.,572.84325));
#14729=DIRECTION('',(0.,-1.,0.));
#14730=DIRECTION('',(1.,0.,0.));
#14731=AXIS2_PLACEMENT_3D('',#14728,#14729,#14730);
#14732=PLANE('',#14731);
#14733=ADVANCED_FACE('',(#14727),#14732,.T.);
#14734=ORIENTED_EDGE('',*,*,#14663,.T.);
#14735=DIRECTION('',(0.,0.,1.));
#14736=VECTOR('',#14735,7.5);
#14737=LINE('',#14651,#14736);
#14738=EDGE_CURVE('',#14652,#14688,#14737,.T.);
#14739=ORIENTED_EDGE('',*,*,#14738,.T.);
#14740=ORIENTED_EDGE('',*,*,#14692,.F.);
#14741=ORIENTED_EDGE('',*,*,#14718,.F.);
#14742=EDGE_LOOP('',(#14734,#14739,#14740,#14741));
#14743=FACE_OUTER_BOUND('',#14742,.T.);
#14744=CARTESIAN_POINT('',(804.,-179.,572.84325));
#14745=DIRECTION('',(1.,0.,0.));
#14746=DIRECTION('',(0.,1.,0.));
#14747=AXIS2_PLACEMENT_3D('',#14744,#14745,#14746);
#14748=PLANE('',#14747);
#14749=ADVANCED_FACE('',(#14743),#14748,.T.);
#14750=ORIENTED_EDGE('',*,*,#14656,.T.);
#14751=DIRECTION('',(0.,0.,1.));
#14752=VECTOR('',#14751,7.5);
#14753=LINE('',#14644,#14752);
#14754=EDGE_CURVE('',#14645,#14695,#14753,.T.);
#14755=ORIENTED_EDGE('',*,*,#14754,.T.);
#14756=ORIENTED_EDGE('',*,*,#14699,.F.);
#14757=ORIENTED_EDGE('',*,*,#14738,.F.);
#14758=EDGE_LOOP('',(#14750,#14755,#14756,#14757));
#14759=FACE_OUTER_BOUND('',#14758,.T.);
#14760=CARTESIAN_POINT('',(804.,-151.,572.84325));
#14761=DIRECTION('',(0.,1.,0.));
#14762=DIRECTION('',(-1.,0.,0.));
#14763=AXIS2_PLACEMENT_3D('',#14760,#14761,#14762);
#14764=PLANE('',#14763);
#14765=ADVANCED_FACE('',(#14759),#14764,.T.);
#14766=ORIENTED_EDGE('',*,*,#14649,.F.);
#14767=ORIENTED_EDGE('',*,*,#14724,.T.);
#14768=ORIENTED_EDGE('',*,*,#14704,.T.);
#14769=ORIENTED_EDGE('',*,*,#14754,.F.);
#14770=EDGE_LOOP('',(#14766,#14767,#14768,#14769));
#14771=FACE_OUTER_BOUND('',#14770,.T.);
#14772=CARTESIAN_POINT('',(776.,-151.,572.84325));
#14773=DIRECTION('',(-1.,0.,0.));
#14774=DIRECTION('',(0.,-1.,0.));
#14775=AXIS2_PLACEMENT_3D('',#14772,#14773,#14774);
#14776=PLANE('',#14775);
#14777=ADVANCED_FACE('',(#14771),#14776,.T.);
#14778=CLOSED_SHELL('',(#14677,#14713,#14733,#14749,#14765,#14777));
#14779=MANIFOLD_SOLID_BREP('',#14778);
#14780=STYLED_ITEM('color',(#1458),#14779);
#14781=ADVANCED_BREP_SHAPE_REPRESENTATION('',(#17,#1451,#3573,#3712,#5147,#7262,#7401,#8836,#10951,#11090,#12525,#14640,#14779),#9);
#14782=SHAPE_DEFINITION_REPRESENTATION(#13,#14781);
#14783=MECHANICAL_DESIGN_GEOMETRIC_PRESENTATION_REPRESENTATION('',(#1459,#3574,#3713,#5148,#7263,#7402,#8837,#10952,#11091,#12526,#14641,#14780),#9);
#14784=PRODUCT_RELATED_PRODUCT_CATEGORY('part',$,(#10));
ENDSEC;
END-ISO-10303-21;
