ISO-10303-21;
HEADER;
FILE_DESCRIPTION(('AquaSentinel R3 - planar B-rep export'),'2;1');
FILE_NAME('Concave guide roller UHMW-PE','2026-10-04T21:49:42',('AquaSentinel team'),('Sanjivani University'),'AquaSentinel R3 python build','AquaSentinel R3','');
FILE_SCHEMA(('AUTOMOTIVE_DESIGN { 1 0 10303 214 1 1 1 1 }'));
ENDSEC;
DATA;
#1=APPLICATION_CONTEXT('core data for automotive mechanical design processes');
#2=APPLICATION_PROTOCOL_DEFINITION('international standard','automotive_design',2000,#1);
#3=PRODUCT_CONTEXT('',#1,'mechanical');
#4=PRODUCT_DEFINITION_CONTEXT('part definition',#1,'design');
#5=(LENGTH_UNIT()NAMED_UNIT(*)SI_UNIT(.MILLI.,.METRE.));
#6=(NAMED_UNIT(*)PLANE_ANGLE_UNIT()SI_UNIT($,.RADIAN.));
#7=(NAMED_UNIT(*)SI_UNIT($,.STERADIAN.)SOLID_ANGLE_UNIT());
#8=UNCERTAINTY_MEASURE_WITH_UNIT(LENGTH_MEASURE(1.E-04),#5,'distance_accuracy_value','confusion accuracy');
#9=(GEOMETRIC_REPRESENTATION_CONTEXT(3)GLOBAL_UNCERTAINTY_ASSIGNED_CONTEXT((#8))GLOBAL_UNIT_ASSIGNED_CONTEXT((#5,#6,#7))REPRESENTATION_CONTEXT('Context','3D Context with UNIT and UNCERTAINTY'));
#10=PRODUCT('AS3-311','Concave guide roller UHMW-PE','Throat profile follows the pole, so contact is a line, not a point',(#3));
#11=PRODUCT_DEFINITION_FORMATION('','',#10);
#12=PRODUCT_DEFINITION('design','',#11,#4);
#13=PRODUCT_DEFINITION_SHAPE('','',#12);
#14=CARTESIAN_POINT('',(0.,0.,0.));
#15=DIRECTION('',(0.,0.,1.));
#16=DIRECTION('',(1.,0.,0.));
#17=AXIS2_PLACEMENT_3D('',#14,#15,#16);
#18=CARTESIAN_POINT('',(5.43229,0.86039,-20.));
#19=VERTEX_POINT('',#18);
#20=CARTESIAN_POINT('',(27.13177,4.29725,-20.));
#21=VERTEX_POINT('',#20);
#22=DIRECTION('',(0.98769,0.15643,0.));
#23=VECTOR('',#22,21.96997);
#24=LINE('',#18,#23);
#25=EDGE_CURVE('',#19,#21,#24,.T.);
#26=ORIENTED_EDGE('',*,*,#25,.T.);
#27=CARTESIAN_POINT('',(27.46997,0.,-20.));
#28=VERTEX_POINT('',#27);
#29=DIRECTION('',(-0.07846,0.99692,0.));
#30=VECTOR('',#29,4.31054);
#31=LINE('',#27,#30);
#32=EDGE_CURVE('',#28,#21,#31,.T.);
#33=ORIENTED_EDGE('',*,*,#32,.F.);
#34=CARTESIAN_POINT('',(5.5,0.,-20.));
#35=VERTEX_POINT('',#34);
#36=DIRECTION('',(1.,0.,0.));
#37=VECTOR('',#36,21.96997);
#38=LINE('',#34,#37);
#39=EDGE_CURVE('',#35,#28,#38,.T.);
#40=ORIENTED_EDGE('',*,*,#39,.F.);
#41=DIRECTION('',(-0.07846,0.99692,0.));
#42=VECTOR('',#41,0.86305);
#43=LINE('',#34,#42);
#44=EDGE_CURVE('',#35,#19,#43,.T.);
#45=ORIENTED_EDGE('',*,*,#44,.T.);
#46=EDGE_LOOP('',(#26,#33,#40,#45));
#47=FACE_OUTER_BOUND('',#46,.T.);
#48=CARTESIAN_POINT('',(5.43229,0.86039,-20.));
#49=DIRECTION('',(0.,0.,-1.));
#50=DIRECTION('',(0.98769,0.15643,0.));
#51=AXIS2_PLACEMENT_3D('',#48,#49,#50);
#52=PLANE('',#51);
#53=ADVANCED_FACE('',(#47),#52,.T.);
#54=CARTESIAN_POINT('',(25.08199,3.9726,-17.14286));
#55=VERTEX_POINT('',#54);
#56=DIRECTION('',(-0.58045,-0.09194,0.80909));
#57=VECTOR('',#56,3.53132);
#58=LINE('',#20,#57);
#59=EDGE_CURVE('',#21,#55,#58,.T.);
#60=ORIENTED_EDGE('',*,*,#59,.T.);
#61=CARTESIAN_POINT('',(25.39464,0.,-17.14286));
#62=VERTEX_POINT('',#61);
#63=DIRECTION('',(-0.07846,0.99692,0.));
#64=VECTOR('',#63,3.98488);
#65=LINE('',#61,#64);
#66=EDGE_CURVE('',#62,#55,#65,.T.);
#67=ORIENTED_EDGE('',*,*,#66,.F.);
#68=DIRECTION('',(-0.58769,0.,0.80909));
#69=VECTOR('',#68,3.53132);
#70=LINE('',#27,#69);
#71=EDGE_CURVE('',#28,#62,#70,.T.);
#72=ORIENTED_EDGE('',*,*,#71,.F.);
#73=ORIENTED_EDGE('',*,*,#32,.T.);
#74=EDGE_LOOP('',(#60,#67,#72,#73));
#75=FACE_OUTER_BOUND('',#74,.T.);
#76=CARTESIAN_POINT('',(27.13177,4.29725,-20.));
#77=DIRECTION('',(0.80745,0.06355,0.5865));
#78=DIRECTION('',(-0.58045,-0.09194,0.80909));
#79=AXIS2_PLACEMENT_3D('',#76,#77,#78);
#80=PLANE('',#79);
#81=ADVANCED_FACE('',(#75),#80,.T.);
#82=CARTESIAN_POINT('',(23.46497,3.71649,-14.28571));
#83=VERTEX_POINT('',#82);
#84=DIRECTION('',(-0.49105,-0.07778,0.86765));
#85=VECTOR('',#84,3.29297);
#86=LINE('',#54,#85);
#87=EDGE_CURVE('',#55,#83,#86,.T.);
#88=ORIENTED_EDGE('',*,*,#87,.T.);
#89=CARTESIAN_POINT('',(23.75746,0.,-14.28571));
#90=VERTEX_POINT('',#89);
#91=DIRECTION('',(-0.07846,0.99692,0.));
#92=VECTOR('',#91,3.72798);
#93=LINE('',#89,#92);
#94=EDGE_CURVE('',#90,#83,#93,.T.);
#95=ORIENTED_EDGE('',*,*,#94,.F.);
#96=DIRECTION('',(-0.49718,0.,0.86765));
#97=VECTOR('',#96,3.29297);
#98=LINE('',#61,#97);
#99=EDGE_CURVE('',#62,#90,#98,.T.);
#100=ORIENTED_EDGE('',*,*,#99,.F.);
#101=ORIENTED_EDGE('',*,*,#66,.T.);
#102=EDGE_LOOP('',(#88,#95,#100,#101));
#103=FACE_OUTER_BOUND('',#102,.T.);
#104=CARTESIAN_POINT('',(25.08199,3.9726,-17.14286));
#105=DIRECTION('',(0.86563,0.06813,0.49602));
#106=DIRECTION('',(-0.49105,-0.07778,0.86765));
#107=AXIS2_PLACEMENT_3D('',#104,#105,#106);
#108=PLANE('',#107);
#109=ADVANCED_FACE('',(#103),#108,.T.);
#110=CARTESIAN_POINT('',(22.20859,3.5175,-11.42857));
#111=VERTEX_POINT('',#110);
#112=DIRECTION('',(-0.40172,-0.06363,0.91355));
#113=VECTOR('',#112,3.12752);
#114=LINE('',#82,#113);
#115=EDGE_CURVE('',#83,#111,#114,.T.);
#116=ORIENTED_EDGE('',*,*,#115,.T.);
#117=CARTESIAN_POINT('',(22.48542,0.,-11.42857));
#118=VERTEX_POINT('',#117);
#119=DIRECTION('',(-0.07846,0.99692,0.));
#120=VECTOR('',#119,3.52837);
#121=LINE('',#117,#120);
#122=EDGE_CURVE('',#118,#111,#121,.T.);
#123=ORIENTED_EDGE('',*,*,#122,.F.);
#124=DIRECTION('',(-0.40673,0.,0.91355));
#125=VECTOR('',#124,3.12752);
#126=LINE('',#89,#125);
#127=EDGE_CURVE('',#90,#118,#126,.T.);
#128=ORIENTED_EDGE('',*,*,#127,.F.);
#129=ORIENTED_EDGE('',*,*,#94,.T.);
#130=EDGE_LOOP('',(#116,#123,#128,#129));
#131=FACE_OUTER_BOUND('',#130,.T.);
#132=CARTESIAN_POINT('',(23.46497,3.71649,-14.28571));
#133=DIRECTION('',(0.9112,0.07171,0.40568));
#134=DIRECTION('',(-0.40172,-0.06363,0.91355));
#135=AXIS2_PLACEMENT_3D('',#132,#133,#134);
#136=PLANE('',#135);
#137=ADVANCED_FACE('',(#131),#136,.T.);
#138=CARTESIAN_POINT('',(21.26765,3.36846,-8.57143));
#139=VERTEX_POINT('',#138);
#140=DIRECTION('',(-0.31242,-0.04948,0.94865));
#141=VECTOR('',#140,3.01178);
#142=LINE('',#110,#141);
#143=EDGE_CURVE('',#111,#139,#142,.T.);
#144=ORIENTED_EDGE('',*,*,#143,.T.);
#145=CARTESIAN_POINT('',(21.53275,0.,-8.57143));
#146=VERTEX_POINT('',#145);
#147=DIRECTION('',(-0.07846,0.99692,0.));
#148=VECTOR('',#147,3.37888);
#149=LINE('',#145,#148);
#150=EDGE_CURVE('',#146,#139,#149,.T.);
#151=ORIENTED_EDGE('',*,*,#150,.F.);
#152=DIRECTION('',(-0.31631,0.,0.94865));
#153=VECTOR('',#152,3.01178);
#154=LINE('',#117,#153);
#155=EDGE_CURVE('',#118,#146,#154,.T.);
#156=ORIENTED_EDGE('',*,*,#155,.F.);
#157=ORIENTED_EDGE('',*,*,#122,.T.);
#158=EDGE_LOOP('',(#144,#151,#156,#157));
#159=FACE_OUTER_BOUND('',#158,.T.);
#160=CARTESIAN_POINT('',(22.20859,3.5175,-11.42857));
#161=DIRECTION('',(0.94602,0.07445,0.31544));
#162=DIRECTION('',(-0.31242,-0.04948,0.94865));
#163=AXIS2_PLACEMENT_3D('',#160,#161,#162);
#164=PLANE('',#163);
#165=ADVANCED_FACE('',(#159),#164,.T.);
#166=CARTESIAN_POINT('',(20.61317,3.26481,-5.71429));
#167=VERTEX_POINT('',#166);
#168=DIRECTION('',(-0.22314,-0.03534,0.97414));
#169=VECTOR('',#168,2.93298);
#170=LINE('',#138,#169);
#171=EDGE_CURVE('',#139,#167,#170,.T.);
#172=ORIENTED_EDGE('',*,*,#171,.T.);
#173=CARTESIAN_POINT('',(20.87012,0.,-5.71429));
#174=VERTEX_POINT('',#173);
#175=DIRECTION('',(-0.07846,0.99692,0.));
#176=VECTOR('',#175,3.2749);
#177=LINE('',#173,#176);
#178=EDGE_CURVE('',#174,#167,#177,.T.);
#179=ORIENTED_EDGE('',*,*,#178,.F.);
#180=DIRECTION('',(-0.22593,0.,0.97414));
#181=VECTOR('',#180,2.93298);
#182=LINE('',#145,#181);
#183=EDGE_CURVE('',#146,#174,#182,.T.);
#184=ORIENTED_EDGE('',*,*,#183,.F.);
#185=ORIENTED_EDGE('',*,*,#150,.T.);
#186=EDGE_LOOP('',(#172,#179,#184,#185));
#187=FACE_OUTER_BOUND('',#186,.T.);
#188=CARTESIAN_POINT('',(21.26765,3.36846,-8.57143));
#189=DIRECTION('',(0.97129,0.07644,0.22526));
#190=DIRECTION('',(-0.22314,-0.03534,0.97414));
#191=AXIS2_PLACEMENT_3D('',#188,#189,#190);
#192=PLANE('',#191);
#193=ADVANCED_FACE('',(#187),#192,.T.);
#194=CARTESIAN_POINT('',(20.22709,3.20366,-2.85714));
#195=VERTEX_POINT('',#194);
#196=DIRECTION('',(-0.13388,-0.0212,0.99077));
#197=VECTOR('',#196,2.88376);
#198=LINE('',#166,#197);
#199=EDGE_CURVE('',#167,#195,#198,.T.);
#200=ORIENTED_EDGE('',*,*,#199,.T.);
#201=CARTESIAN_POINT('',(20.47923,0.,-2.85714));
#202=VERTEX_POINT('',#201);
#203=DIRECTION('',(-0.07846,0.99692,0.));
#204=VECTOR('',#203,3.21356);
#205=LINE('',#201,#204);
#206=EDGE_CURVE('',#202,#195,#205,.T.);
#207=ORIENTED_EDGE('',*,*,#206,.F.);
#208=DIRECTION('',(-0.13555,0.,0.99077));
#209=VECTOR('',#208,2.88376);
#210=LINE('',#173,#209);
#211=EDGE_CURVE('',#174,#202,#210,.T.);
#212=ORIENTED_EDGE('',*,*,#211,.F.);
#213=ORIENTED_EDGE('',*,*,#178,.T.);
#214=EDGE_LOOP('',(#200,#207,#212,#213));
#215=FACE_OUTER_BOUND('',#214,.T.);
#216=CARTESIAN_POINT('',(20.61317,3.26481,-5.71429));
#217=DIRECTION('',(0.98777,0.07774,0.13514));
#218=DIRECTION('',(-0.13388,-0.0212,0.99077));
#219=AXIS2_PLACEMENT_3D('',#216,#217,#218);
#220=PLANE('',#219);
#221=ADVANCED_FACE('',(#215),#220,.T.);
#222=CARTESIAN_POINT('',(20.09946,3.18344,0.));
#223=VERTEX_POINT('',#222);
#224=DIRECTION('',(-0.04463,-0.00707,0.99898));
#225=VECTOR('',#224,2.86006);
#226=LINE('',#194,#225);
#227=EDGE_CURVE('',#195,#223,#226,.T.);
#228=ORIENTED_EDGE('',*,*,#227,.T.);
#229=CARTESIAN_POINT('',(20.35,0.,0.));
#230=VERTEX_POINT('',#229);
#231=DIRECTION('',(-0.07846,0.99692,0.));
#232=VECTOR('',#231,3.19329);
#233=LINE('',#229,#232);
#234=EDGE_CURVE('',#230,#223,#233,.T.);
#235=ORIENTED_EDGE('',*,*,#234,.F.);
#236=DIRECTION('',(-0.04518,0.,0.99898));
#237=VECTOR('',#236,2.86006);
#238=LINE('',#201,#237);
#239=EDGE_CURVE('',#202,#230,#238,.T.);
#240=ORIENTED_EDGE('',*,*,#239,.F.);
#241=ORIENTED_EDGE('',*,*,#206,.T.);
#242=EDGE_LOOP('',(#228,#235,#240,#241));
#243=FACE_OUTER_BOUND('',#242,.T.);
#244=CARTESIAN_POINT('',(20.22709,3.20366,-2.85714));
#245=DIRECTION('',(0.99591,0.07838,0.04504));
#246=DIRECTION('',(-0.04463,-0.00707,0.99898));
#247=AXIS2_PLACEMENT_3D('',#244,#245,#246);
#248=PLANE('',#247);
#249=ADVANCED_FACE('',(#243),#248,.T.);
#250=CARTESIAN_POINT('',(20.22709,3.20366,2.85714));
#251=VERTEX_POINT('',#250);
#252=DIRECTION('',(0.04463,0.00707,0.99898));
#253=VECTOR('',#252,2.86006);
#254=LINE('',#222,#253);
#255=EDGE_CURVE('',#223,#251,#254,.T.);
#256=ORIENTED_EDGE('',*,*,#255,.T.);
#257=CARTESIAN_POINT('',(20.47923,0.,2.85714));
#258=VERTEX_POINT('',#257);
#259=DIRECTION('',(-0.07846,0.99692,0.));
#260=VECTOR('',#259,3.21356);
#261=LINE('',#257,#260);
#262=EDGE_CURVE('',#258,#251,#261,.T.);
#263=ORIENTED_EDGE('',*,*,#262,.F.);
#264=DIRECTION('',(0.04518,0.,0.99898));
#265=VECTOR('',#264,2.86006);
#266=LINE('',#229,#265);
#267=EDGE_CURVE('',#230,#258,#266,.T.);
#268=ORIENTED_EDGE('',*,*,#267,.F.);
#269=ORIENTED_EDGE('',*,*,#234,.T.);
#270=EDGE_LOOP('',(#256,#263,#268,#269));
#271=FACE_OUTER_BOUND('',#270,.T.);
#272=CARTESIAN_POINT('',(20.09946,3.18344,0.));
#273=DIRECTION('',(0.99591,0.07838,-0.04504));
#274=DIRECTION('',(0.04463,0.00707,0.99898));
#275=AXIS2_PLACEMENT_3D('',#272,#273,#274);
#276=PLANE('',#275);
#277=ADVANCED_FACE('',(#271),#276,.T.);
#278=CARTESIAN_POINT('',(20.61317,3.26481,5.71429));
#279=VERTEX_POINT('',#278);
#280=DIRECTION('',(0.13388,0.0212,0.99077));
#281=VECTOR('',#280,2.88376);
#282=LINE('',#250,#281);
#283=EDGE_CURVE('',#251,#279,#282,.T.);
#284=ORIENTED_EDGE('',*,*,#283,.T.);
#285=CARTESIAN_POINT('',(20.87012,0.,5.71429));
#286=VERTEX_POINT('',#285);
#287=DIRECTION('',(-0.07846,0.99692,0.));
#288=VECTOR('',#287,3.2749);
#289=LINE('',#285,#288);
#290=EDGE_CURVE('',#286,#279,#289,.T.);
#291=ORIENTED_EDGE('',*,*,#290,.F.);
#292=DIRECTION('',(0.13555,0.,0.99077));
#293=VECTOR('',#292,2.88376);
#294=LINE('',#257,#293);
#295=EDGE_CURVE('',#258,#286,#294,.T.);
#296=ORIENTED_EDGE('',*,*,#295,.F.);
#297=ORIENTED_EDGE('',*,*,#262,.T.);
#298=EDGE_LOOP('',(#284,#291,#296,#297));
#299=FACE_OUTER_BOUND('',#298,.T.);
#300=CARTESIAN_POINT('',(20.22709,3.20366,2.85714));
#301=DIRECTION('',(0.98777,0.07774,-0.13514));
#302=DIRECTION('',(0.13388,0.0212,0.99077));
#303=AXIS2_PLACEMENT_3D('',#300,#301,#302);
#304=PLANE('',#303);
#305=ADVANCED_FACE('',(#299),#304,.T.);
#306=CARTESIAN_POINT('',(21.26765,3.36846,8.57143));
#307=VERTEX_POINT('',#306);
#308=DIRECTION('',(0.22314,0.03534,0.97414));
#309=VECTOR('',#308,2.93298);
#310=LINE('',#278,#309);
#311=EDGE_CURVE('',#279,#307,#310,.T.);
#312=ORIENTED_EDGE('',*,*,#311,.T.);
#313=CARTESIAN_POINT('',(21.53275,0.,8.57143));
#314=VERTEX_POINT('',#313);
#315=DIRECTION('',(-0.07846,0.99692,0.));
#316=VECTOR('',#315,3.37888);
#317=LINE('',#313,#316);
#318=EDGE_CURVE('',#314,#307,#317,.T.);
#319=ORIENTED_EDGE('',*,*,#318,.F.);
#320=DIRECTION('',(0.22593,0.,0.97414));
#321=VECTOR('',#320,2.93298);
#322=LINE('',#285,#321);
#323=EDGE_CURVE('',#286,#314,#322,.T.);
#324=ORIENTED_EDGE('',*,*,#323,.F.);
#325=ORIENTED_EDGE('',*,*,#290,.T.);
#326=EDGE_LOOP('',(#312,#319,#324,#325));
#327=FACE_OUTER_BOUND('',#326,.T.);
#328=CARTESIAN_POINT('',(20.61317,3.26481,5.71429));
#329=DIRECTION('',(0.97129,0.07644,-0.22526));
#330=DIRECTION('',(0.22314,0.03534,0.97414));
#331=AXIS2_PLACEMENT_3D('',#328,#329,#330);
#332=PLANE('',#331);
#333=ADVANCED_FACE('',(#327),#332,.T.);
#334=CARTESIAN_POINT('',(22.20859,3.5175,11.42857));
#335=VERTEX_POINT('',#334);
#336=DIRECTION('',(0.31242,0.04948,0.94865));
#337=VECTOR('',#336,3.01178);
#338=LINE('',#306,#337);
#339=EDGE_CURVE('',#307,#335,#338,.T.);
#340=ORIENTED_EDGE('',*,*,#339,.T.);
#341=CARTESIAN_POINT('',(22.48542,0.,11.42857));
#342=VERTEX_POINT('',#341);
#343=DIRECTION('',(-0.07846,0.99692,0.));
#344=VECTOR('',#343,3.52837);
#345=LINE('',#341,#344);
#346=EDGE_CURVE('',#342,#335,#345,.T.);
#347=ORIENTED_EDGE('',*,*,#346,.F.);
#348=DIRECTION('',(0.31631,0.,0.94865));
#349=VECTOR('',#348,3.01178);
#350=LINE('',#313,#349);
#351=EDGE_CURVE('',#314,#342,#350,.T.);
#352=ORIENTED_EDGE('',*,*,#351,.F.);
#353=ORIENTED_EDGE('',*,*,#318,.T.);
#354=EDGE_LOOP('',(#340,#347,#352,#353));
#355=FACE_OUTER_BOUND('',#354,.T.);
#356=CARTESIAN_POINT('',(21.26765,3.36846,8.57143));
#357=DIRECTION('',(0.94602,0.07445,-0.31544));
#358=DIRECTION('',(0.31242,0.04948,0.94865));
#359=AXIS2_PLACEMENT_3D('',#356,#357,#358);
#360=PLANE('',#359);
#361=ADVANCED_FACE('',(#355),#360,.T.);
#362=CARTESIAN_POINT('',(23.46497,3.71649,14.28571));
#363=VERTEX_POINT('',#362);
#364=DIRECTION('',(0.40172,0.06363,0.91355));
#365=VECTOR('',#364,3.12752);
#366=LINE('',#334,#365);
#367=EDGE_CURVE('',#335,#363,#366,.T.);
#368=ORIENTED_EDGE('',*,*,#367,.T.);
#369=CARTESIAN_POINT('',(23.75746,0.,14.28571));
#370=VERTEX_POINT('',#369);
#371=DIRECTION('',(-0.07846,0.99692,0.));
#372=VECTOR('',#371,3.72798);
#373=LINE('',#369,#372);
#374=EDGE_CURVE('',#370,#363,#373,.T.);
#375=ORIENTED_EDGE('',*,*,#374,.F.);
#376=DIRECTION('',(0.40673,0.,0.91355));
#377=VECTOR('',#376,3.12752);
#378=LINE('',#341,#377);
#379=EDGE_CURVE('',#342,#370,#378,.T.);
#380=ORIENTED_EDGE('',*,*,#379,.F.);
#381=ORIENTED_EDGE('',*,*,#346,.T.);
#382=EDGE_LOOP('',(#368,#375,#380,#381));
#383=FACE_OUTER_BOUND('',#382,.T.);
#384=CARTESIAN_POINT('',(22.20859,3.5175,11.42857));
#385=DIRECTION('',(0.9112,0.07171,-0.40568));
#386=DIRECTION('',(0.40172,0.06363,0.91355));
#387=AXIS2_PLACEMENT_3D('',#384,#385,#386);
#388=PLANE('',#387);
#389=ADVANCED_FACE('',(#383),#388,.T.);
#390=CARTESIAN_POINT('',(25.08199,3.9726,17.14286));
#391=VERTEX_POINT('',#390);
#392=DIRECTION('',(0.49105,0.07778,0.86765));
#393=VECTOR('',#392,3.29297);
#394=LINE('',#362,#393);
#395=EDGE_CURVE('',#363,#391,#394,.T.);
#396=ORIENTED_EDGE('',*,*,#395,.T.);
#397=CARTESIAN_POINT('',(25.39464,0.,17.14286));
#398=VERTEX_POINT('',#397);
#399=DIRECTION('',(-0.07846,0.99692,0.));
#400=VECTOR('',#399,3.98488);
#401=LINE('',#397,#400);
#402=EDGE_CURVE('',#398,#391,#401,.T.);
#403=ORIENTED_EDGE('',*,*,#402,.F.);
#404=DIRECTION('',(0.49718,0.,0.86765));
#405=VECTOR('',#404,3.29297);
#406=LINE('',#369,#405);
#407=EDGE_CURVE('',#370,#398,#406,.T.);
#408=ORIENTED_EDGE('',*,*,#407,.F.);
#409=ORIENTED_EDGE('',*,*,#374,.T.);
#410=EDGE_LOOP('',(#396,#403,#408,#409));
#411=FACE_OUTER_BOUND('',#410,.T.);
#412=CARTESIAN_POINT('',(23.46497,3.71649,14.28571));
#413=DIRECTION('',(0.86563,0.06813,-0.49602));
#414=DIRECTION('',(0.49105,0.07778,0.86765));
#415=AXIS2_PLACEMENT_3D('',#412,#413,#414);
#416=PLANE('',#415);
#417=ADVANCED_FACE('',(#411),#416,.T.);
#418=CARTESIAN_POINT('',(27.13177,4.29725,20.));
#419=VERTEX_POINT('',#418);
#420=DIRECTION('',(0.58045,0.09194,0.80909));
#421=VECTOR('',#420,3.53132);
#422=LINE('',#390,#421);
#423=EDGE_CURVE('',#391,#419,#422,.T.);
#424=ORIENTED_EDGE('',*,*,#423,.T.);
#425=CARTESIAN_POINT('',(27.46997,0.,20.));
#426=VERTEX_POINT('',#425);
#427=DIRECTION('',(-0.07846,0.99692,0.));
#428=VECTOR('',#427,4.31054);
#429=LINE('',#425,#428);
#430=EDGE_CURVE('',#426,#419,#429,.T.);
#431=ORIENTED_EDGE('',*,*,#430,.F.);
#432=DIRECTION('',(0.58769,0.,0.80909));
#433=VECTOR('',#432,3.53132);
#434=LINE('',#397,#433);
#435=EDGE_CURVE('',#398,#426,#434,.T.);
#436=ORIENTED_EDGE('',*,*,#435,.F.);
#437=ORIENTED_EDGE('',*,*,#402,.T.);
#438=EDGE_LOOP('',(#424,#431,#436,#437));
#439=FACE_OUTER_BOUND('',#438,.T.);
#440=CARTESIAN_POINT('',(25.08199,3.9726,17.14286));
#441=DIRECTION('',(0.80745,0.06355,-0.5865));
#442=DIRECTION('',(0.58045,0.09194,0.80909));
#443=AXIS2_PLACEMENT_3D('',#440,#441,#442);
#444=PLANE('',#443);
#445=ADVANCED_FACE('',(#439),#444,.T.);
#446=CARTESIAN_POINT('',(5.43229,0.86039,20.));
#447=VERTEX_POINT('',#446);
#448=DIRECTION('',(-0.98769,-0.15643,0.));
#449=VECTOR('',#448,21.96997);
#450=LINE('',#418,#449);
#451=EDGE_CURVE('',#419,#447,#450,.T.);
#452=ORIENTED_EDGE('',*,*,#451,.T.);
#453=CARTESIAN_POINT('',(5.5,0.,20.));
#454=VERTEX_POINT('',#453);
#455=DIRECTION('',(-0.07846,0.99692,0.));
#456=VECTOR('',#455,0.86305);
#457=LINE('',#453,#456);
#458=EDGE_CURVE('',#454,#447,#457,.T.);
#459=ORIENTED_EDGE('',*,*,#458,.F.);
#460=DIRECTION('',(-1.,0.,0.));
#461=VECTOR('',#460,21.96997);
#462=LINE('',#425,#461);
#463=EDGE_CURVE('',#426,#454,#462,.T.);
#464=ORIENTED_EDGE('',*,*,#463,.F.);
#465=ORIENTED_EDGE('',*,*,#430,.T.);
#466=EDGE_LOOP('',(#452,#459,#464,#465));
#467=FACE_OUTER_BOUND('',#466,.T.);
#468=CARTESIAN_POINT('',(27.13177,4.29725,20.));
#469=DIRECTION('',(0.,0.,1.));
#470=DIRECTION('',(-0.98769,-0.15643,0.));
#471=AXIS2_PLACEMENT_3D('',#468,#469,#470);
#472=PLANE('',#471);
#473=ADVANCED_FACE('',(#467),#472,.T.);
#474=DIRECTION('',(0.,0.,1.));
#475=VECTOR('',#474,40.);
#476=LINE('',#18,#475);
#477=EDGE_CURVE('',#19,#447,#476,.T.);
#478=ORIENTED_EDGE('',*,*,#477,.F.);
#479=ORIENTED_EDGE('',*,*,#44,.F.);
#480=DIRECTION('',(0.,0.,1.));
#481=VECTOR('',#480,40.);
#482=LINE('',#34,#481);
#483=EDGE_CURVE('',#35,#454,#482,.T.);
#484=ORIENTED_EDGE('',*,*,#483,.T.);
#485=ORIENTED_EDGE('',*,*,#458,.T.);
#486=EDGE_LOOP('',(#478,#479,#484,#485));
#487=FACE_OUTER_BOUND('',#486,.T.);
#488=CARTESIAN_POINT('',(5.43229,0.86039,20.));
#489=DIRECTION('',(-0.99692,-0.07846,0.));
#490=DIRECTION('',(0.,0.,-1.));
#491=AXIS2_PLACEMENT_3D('',#488,#489,#490);
#492=PLANE('',#491);
#493=ADVANCED_FACE('',(#487),#492,.T.);
#494=CARTESIAN_POINT('',(5.23081,1.69959,-20.));
#495=VERTEX_POINT('',#494);
#496=CARTESIAN_POINT('',(26.12549,8.48869,-20.));
#497=VERTEX_POINT('',#496);
#498=DIRECTION('',(0.95106,0.30902,0.));
#499=VECTOR('',#498,21.96997);
#500=LINE('',#494,#499);
#501=EDGE_CURVE('',#495,#497,#500,.T.);
#502=ORIENTED_EDGE('',*,*,#501,.T.);
#503=DIRECTION('',(-0.23345,0.97237,0.));
#504=VECTOR('',#503,4.31054);
#505=LINE('',#20,#504);
#506=EDGE_CURVE('',#21,#497,#505,.T.);
#507=ORIENTED_EDGE('',*,*,#506,.F.);
#508=ORIENTED_EDGE('',*,*,#25,.F.);
#509=DIRECTION('',(-0.23345,0.97237,0.));
#510=VECTOR('',#509,0.86305);
#511=LINE('',#18,#510);
#512=EDGE_CURVE('',#19,#495,#511,.T.);
#513=ORIENTED_EDGE('',*,*,#512,.T.);
#514=EDGE_LOOP('',(#502,#507,#508,#513));
#515=FACE_OUTER_BOUND('',#514,.T.);
#516=CARTESIAN_POINT('',(5.23081,1.69959,-20.));
#517=DIRECTION('',(0.,0.,-1.));
#518=DIRECTION('',(0.95106,0.30902,0.));
#519=AXIS2_PLACEMENT_3D('',#516,#517,#518);
#520=PLANE('',#519);
#521=ADVANCED_FACE('',(#515),#520,.T.);
#522=CARTESIAN_POINT('',(24.15174,7.84738,-17.14286));
#523=VERTEX_POINT('',#522);
#524=DIRECTION('',(-0.55893,-0.18161,0.80909));
#525=VECTOR('',#524,3.53132);
#526=LINE('',#496,#525);
#527=EDGE_CURVE('',#497,#523,#526,.T.);
#528=ORIENTED_EDGE('',*,*,#527,.T.);
#529=DIRECTION('',(-0.23345,0.97237,0.));
#530=VECTOR('',#529,3.98488);
#531=LINE('',#54,#530);
#532=EDGE_CURVE('',#55,#523,#531,.T.);
#533=ORIENTED_EDGE('',*,*,#532,.F.);
#534=ORIENTED_EDGE('',*,*,#59,.F.);
#535=ORIENTED_EDGE('',*,*,#506,.T.);
#536=EDGE_LOOP('',(#528,#533,#534,#535));
#537=FACE_OUTER_BOUND('',#536,.T.);
#538=CARTESIAN_POINT('',(26.12549,8.48869,-20.));
#539=DIRECTION('',(0.78757,0.18908,0.5865));
#540=DIRECTION('',(-0.55893,-0.18161,0.80909));
#541=AXIS2_PLACEMENT_3D('',#538,#539,#540);
#542=PLANE('',#541);
#543=ADVANCED_FACE('',(#537),#542,.T.);
#544=CARTESIAN_POINT('',(22.59469,7.34146,-14.28571));
#545=VERTEX_POINT('',#544);
#546=DIRECTION('',(-0.47284,-0.15364,0.86765));
#547=VECTOR('',#546,3.29297);
#548=LINE('',#522,#547);
#549=EDGE_CURVE('',#523,#545,#548,.T.);
#550=ORIENTED_EDGE('',*,*,#549,.T.);
#551=DIRECTION('',(-0.23345,0.97237,0.));
#552=VECTOR('',#551,3.72798);
#553=LINE('',#82,#552);
#554=EDGE_CURVE('',#83,#545,#553,.T.);
#555=ORIENTED_EDGE('',*,*,#554,.F.);
#556=ORIENTED_EDGE('',*,*,#87,.F.);
#557=ORIENTED_EDGE('',*,*,#532,.T.);
#558=EDGE_LOOP('',(#550,#555,#556,#557));
#559=FACE_OUTER_BOUND('',#558,.T.);
#560=CARTESIAN_POINT('',(24.15174,7.84738,-17.14286));
#561=DIRECTION('',(0.84432,0.2027,0.49602));
#562=DIRECTION('',(-0.47284,-0.15364,0.86765));
#563=AXIS2_PLACEMENT_3D('',#560,#561,#562);
#564=PLANE('',#563);
#565=ADVANCED_FACE('',(#559),#564,.T.);
#566=CARTESIAN_POINT('',(21.38491,6.94838,-11.42857));
#567=VERTEX_POINT('',#566);
#568=DIRECTION('',(-0.38682,-0.12569,0.91355));
#569=VECTOR('',#568,3.12752);
#570=LINE('',#544,#569);
#571=EDGE_CURVE('',#545,#567,#570,.T.);
#572=ORIENTED_EDGE('',*,*,#571,.T.);
#573=DIRECTION('',(-0.23345,0.97237,0.));
#574=VECTOR('',#573,3.52837);
#575=LINE('',#110,#574);
#576=EDGE_CURVE('',#111,#567,#575,.T.);
#577=ORIENTED_EDGE('',*,*,#576,.F.);
#578=ORIENTED_EDGE('',*,*,#115,.F.);
#579=ORIENTED_EDGE('',*,*,#554,.T.);
#580=EDGE_LOOP('',(#572,#577,#578,#579));
#581=FACE_OUTER_BOUND('',#580,.T.);
#582=CARTESIAN_POINT('',(22.59469,7.34146,-14.28571));
#583=DIRECTION('',(0.88876,0.21337,0.40568));
#584=DIRECTION('',(-0.38682,-0.12569,0.91355));
#585=AXIS2_PLACEMENT_3D('',#582,#583,#584);
#586=PLANE('',#585);
#587=ADVANCED_FACE('',(#581),#586,.T.);
#588=CARTESIAN_POINT('',(20.47887,6.65399,-8.57143));
#589=VERTEX_POINT('',#588);
#590=DIRECTION('',(-0.30083,-0.09775,0.94865));
#591=VECTOR('',#590,3.01178);
#592=LINE('',#566,#591);
#593=EDGE_CURVE('',#567,#589,#592,.T.);
#594=ORIENTED_EDGE('',*,*,#593,.T.);
#595=DIRECTION('',(-0.23345,0.97237,0.));
#596=VECTOR('',#595,3.37888);
#597=LINE('',#138,#596);
#598=EDGE_CURVE('',#139,#589,#597,.T.);
#599=ORIENTED_EDGE('',*,*,#598,.F.);
#600=ORIENTED_EDGE('',*,*,#143,.F.);
#601=ORIENTED_EDGE('',*,*,#576,.T.);
#602=EDGE_LOOP('',(#594,#599,#600,#601));
#603=FACE_OUTER_BOUND('',#602,.T.);
#604=CARTESIAN_POINT('',(21.38491,6.94838,-11.42857));
#605=DIRECTION('',(0.92273,0.22153,0.31544));
#606=DIRECTION('',(-0.30083,-0.09775,0.94865));
#607=AXIS2_PLACEMENT_3D('',#604,#605,#606);
#608=PLANE('',#607);
#609=ADVANCED_FACE('',(#603),#608,.T.);
#610=CARTESIAN_POINT('',(19.84866,6.44922,-5.71429));
#611=VERTEX_POINT('',#610);
#612=DIRECTION('',(-0.21487,-0.06981,0.97414));
#613=VECTOR('',#612,2.93298);
#614=LINE('',#588,#613);
#615=EDGE_CURVE('',#589,#611,#614,.T.);
#616=ORIENTED_EDGE('',*,*,#615,.T.);
#617=DIRECTION('',(-0.23345,0.97237,0.));
#618=VECTOR('',#617,3.2749);
#619=LINE('',#166,#618);
#620=EDGE_CURVE('',#167,#611,#619,.T.);
#621=ORIENTED_EDGE('',*,*,#620,.F.);
#622=ORIENTED_EDGE('',*,*,#171,.F.);
#623=ORIENTED_EDGE('',*,*,#598,.T.);
#624=EDGE_LOOP('',(#616,#621,#622,#623));
#625=FACE_OUTER_BOUND('',#624,.T.);
#626=CARTESIAN_POINT('',(20.47887,6.65399,-8.57143));
#627=DIRECTION('',(0.94738,0.22745,0.22526));
#628=DIRECTION('',(-0.21487,-0.06981,0.97414));
#629=AXIS2_PLACEMENT_3D('',#626,#627,#628);
#630=PLANE('',#629);
#631=ADVANCED_FACE('',(#625),#630,.T.);
#632=CARTESIAN_POINT('',(19.4769,6.32843,-2.85714));
#633=VERTEX_POINT('',#632);
#634=DIRECTION('',(-0.12892,-0.04189,0.99077));
#635=VECTOR('',#634,2.88376);
#636=LINE('',#610,#635);
#637=EDGE_CURVE('',#611,#633,#636,.T.);
#638=ORIENTED_EDGE('',*,*,#637,.T.);
#639=DIRECTION('',(-0.23345,0.97237,0.));
#640=VECTOR('',#639,3.21356);
#641=LINE('',#194,#640);
#642=EDGE_CURVE('',#195,#633,#641,.T.);
#643=ORIENTED_EDGE('',*,*,#642,.F.);
#644=ORIENTED_EDGE('',*,*,#199,.F.);
#645=ORIENTED_EDGE('',*,*,#620,.T.);
#646=EDGE_LOOP('',(#638,#643,#644,#645));
#647=FACE_OUTER_BOUND('',#646,.T.);
#648=CARTESIAN_POINT('',(19.84866,6.44922,-5.71429));
#649=DIRECTION('',(0.96345,0.2313,0.13514));
#650=DIRECTION('',(-0.12892,-0.04189,0.99077));
#651=AXIS2_PLACEMENT_3D('',#648,#649,#650);
#652=PLANE('',#651);
#653=ADVANCED_FACE('',(#647),#652,.T.);
#654=CARTESIAN_POINT('',(19.354,6.2885,0.));
#655=VERTEX_POINT('',#654);
#656=DIRECTION('',(-0.04297,-0.01396,0.99898));
#657=VECTOR('',#656,2.86006);
#658=LINE('',#632,#657);
#659=EDGE_CURVE('',#633,#655,#658,.T.);
#660=ORIENTED_EDGE('',*,*,#659,.T.);
#661=DIRECTION('',(-0.23345,0.97237,0.));
#662=VECTOR('',#661,3.19329);
#663=LINE('',#222,#662);
#664=EDGE_CURVE('',#223,#655,#663,.T.);
#665=ORIENTED_EDGE('',*,*,#664,.F.);
#666=ORIENTED_EDGE('',*,*,#227,.F.);
#667=ORIENTED_EDGE('',*,*,#642,.T.);
#668=EDGE_LOOP('',(#660,#665,#666,#667));
#669=FACE_OUTER_BOUND('',#668,.T.);
#670=CARTESIAN_POINT('',(19.4769,6.32843,-2.85714));
#671=DIRECTION('',(0.97138,0.23321,0.04504));
#672=DIRECTION('',(-0.04297,-0.01396,0.99898));
#673=AXIS2_PLACEMENT_3D('',#670,#671,#672);
#674=PLANE('',#673);
#675=ADVANCED_FACE('',(#669),#674,.T.);
#676=CARTESIAN_POINT('',(19.4769,6.32843,2.85714));
#677=VERTEX_POINT('',#676);
#678=DIRECTION('',(0.04297,0.01396,0.99898));
#679=VECTOR('',#678,2.86006);
#680=LINE('',#654,#679);
#681=EDGE_CURVE('',#655,#677,#680,.T.);
#682=ORIENTED_EDGE('',*,*,#681,.T.);
#683=DIRECTION('',(-0.23345,0.97237,0.));
#684=VECTOR('',#683,3.21356);
#685=LINE('',#250,#684);
#686=EDGE_CURVE('',#251,#677,#685,.T.);
#687=ORIENTED_EDGE('',*,*,#686,.F.);
#688=ORIENTED_EDGE('',*,*,#255,.F.);
#689=ORIENTED_EDGE('',*,*,#664,.T.);
#690=EDGE_LOOP('',(#682,#687,#688,#689));
#691=FACE_OUTER_BOUND('',#690,.T.);
#692=CARTESIAN_POINT('',(19.354,6.2885,0.));
#693=DIRECTION('',(0.97138,0.23321,-0.04504));
#694=DIRECTION('',(0.04297,0.01396,0.99898));
#695=AXIS2_PLACEMENT_3D('',#692,#693,#694);
#696=PLANE('',#695);
#697=ADVANCED_FACE('',(#691),#696,.T.);
#698=CARTESIAN_POINT('',(19.84866,6.44922,5.71429));
#699=VERTEX_POINT('',#698);
#700=DIRECTION('',(0.12892,0.04189,0.99077));
#701=VECTOR('',#700,2.88376);
#702=LINE('',#676,#701);
#703=EDGE_CURVE('',#677,#699,#702,.T.);
#704=ORIENTED_EDGE('',*,*,#703,.T.);
#705=DIRECTION('',(-0.23345,0.97237,0.));
#706=VECTOR('',#705,3.2749);
#707=LINE('',#278,#706);
#708=EDGE_CURVE('',#279,#699,#707,.T.);
#709=ORIENTED_EDGE('',*,*,#708,.F.);
#710=ORIENTED_EDGE('',*,*,#283,.F.);
#711=ORIENTED_EDGE('',*,*,#686,.T.);
#712=EDGE_LOOP('',(#704,#709,#710,#711));
#713=FACE_OUTER_BOUND('',#712,.T.);
#714=CARTESIAN_POINT('',(19.4769,6.32843,2.85714));
#715=DIRECTION('',(0.96345,0.2313,-0.13514));
#716=DIRECTION('',(0.12892,0.04189,0.99077));
#717=AXIS2_PLACEMENT_3D('',#714,#715,#716);
#718=PLANE('',#717);
#719=ADVANCED_FACE('',(#713),#718,.T.);
#720=CARTESIAN_POINT('',(20.47887,6.65399,8.57143));
#721=VERTEX_POINT('',#720);
#722=DIRECTION('',(0.21487,0.06981,0.97414));
#723=VECTOR('',#722,2.93298);
#724=LINE('',#698,#723);
#725=EDGE_CURVE('',#699,#721,#724,.T.);
#726=ORIENTED_EDGE('',*,*,#725,.T.);
#727=DIRECTION('',(-0.23345,0.97237,0.));
#728=VECTOR('',#727,3.37888);
#729=LINE('',#306,#728);
#730=EDGE_CURVE('',#307,#721,#729,.T.);
#731=ORIENTED_EDGE('',*,*,#730,.F.);
#732=ORIENTED_EDGE('',*,*,#311,.F.);
#733=ORIENTED_EDGE('',*,*,#708,.T.);
#734=EDGE_LOOP('',(#726,#731,#732,#733));
#735=FACE_OUTER_BOUND('',#734,.T.);
#736=CARTESIAN_POINT('',(19.84866,6.44922,5.71429));
#737=DIRECTION('',(0.94738,0.22745,-0.22526));
#738=DIRECTION('',(0.21487,0.06981,0.97414));
#739=AXIS2_PLACEMENT_3D('',#736,#737,#738);
#740=PLANE('',#739);
#741=ADVANCED_FACE('',(#735),#740,.T.);
#742=CARTESIAN_POINT('',(21.38491,6.94838,11.42857));
#743=VERTEX_POINT('',#742);
#744=DIRECTION('',(0.30083,0.09775,0.94865));
#745=VECTOR('',#744,3.01178);
#746=LINE('',#720,#745);
#747=EDGE_CURVE('',#721,#743,#746,.T.);
#748=ORIENTED_EDGE('',*,*,#747,.T.);
#749=DIRECTION('',(-0.23345,0.97237,0.));
#750=VECTOR('',#749,3.52837);
#751=LINE('',#334,#750);
#752=EDGE_CURVE('',#335,#743,#751,.T.);
#753=ORIENTED_EDGE('',*,*,#752,.F.);
#754=ORIENTED_EDGE('',*,*,#339,.F.);
#755=ORIENTED_EDGE('',*,*,#730,.T.);
#756=EDGE_LOOP('',(#748,#753,#754,#755));
#757=FACE_OUTER_BOUND('',#756,.T.);
#758=CARTESIAN_POINT('',(20.47887,6.65399,8.57143));
#759=DIRECTION('',(0.92273,0.22153,-0.31544));
#760=DIRECTION('',(0.30083,0.09775,0.94865));
#761=AXIS2_PLACEMENT_3D('',#758,#759,#760);
#762=PLANE('',#761);
#763=ADVANCED_FACE('',(#757),#762,.T.);
#764=CARTESIAN_POINT('',(22.59469,7.34146,14.28571));
#765=VERTEX_POINT('',#764);
#766=DIRECTION('',(0.38682,0.12569,0.91355));
#767=VECTOR('',#766,3.12752);
#768=LINE('',#742,#767);
#769=EDGE_CURVE('',#743,#765,#768,.T.);
#770=ORIENTED_EDGE('',*,*,#769,.T.);
#771=DIRECTION('',(-0.23345,0.97237,0.));
#772=VECTOR('',#771,3.72798);
#773=LINE('',#362,#772);
#774=EDGE_CURVE('',#363,#765,#773,.T.);
#775=ORIENTED_EDGE('',*,*,#774,.F.);
#776=ORIENTED_EDGE('',*,*,#367,.F.);
#777=ORIENTED_EDGE('',*,*,#752,.T.);
#778=EDGE_LOOP('',(#770,#775,#776,#777));
#779=FACE_OUTER_BOUND('',#778,.T.);
#780=CARTESIAN_POINT('',(21.38491,6.94838,11.42857));
#781=DIRECTION('',(0.88876,0.21337,-0.40568));
#782=DIRECTION('',(0.38682,0.12569,0.91355));
#783=AXIS2_PLACEMENT_3D('',#780,#781,#782);
#784=PLANE('',#783);
#785=ADVANCED_FACE('',(#779),#784,.T.);
#786=CARTESIAN_POINT('',(24.15174,7.84738,17.14286));
#787=VERTEX_POINT('',#786);
#788=DIRECTION('',(0.47284,0.15364,0.86765));
#789=VECTOR('',#788,3.29297);
#790=LINE('',#764,#789);
#791=EDGE_CURVE('',#765,#787,#790,.T.);
#792=ORIENTED_EDGE('',*,*,#791,.T.);
#793=DIRECTION('',(-0.23345,0.97237,0.));
#794=VECTOR('',#793,3.98488);
#795=LINE('',#390,#794);
#796=EDGE_CURVE('',#391,#787,#795,.T.);
#797=ORIENTED_EDGE('',*,*,#796,.F.);
#798=ORIENTED_EDGE('',*,*,#395,.F.);
#799=ORIENTED_EDGE('',*,*,#774,.T.);
#800=EDGE_LOOP('',(#792,#797,#798,#799));
#801=FACE_OUTER_BOUND('',#800,.T.);
#802=CARTESIAN_POINT('',(22.59469,7.34146,14.28571));
#803=DIRECTION('',(0.84432,0.2027,-0.49602));
#804=DIRECTION('',(0.47284,0.15364,0.86765));
#805=AXIS2_PLACEMENT_3D('',#802,#803,#804);
#806=PLANE('',#805);
#807=ADVANCED_FACE('',(#801),#806,.T.);
#808=CARTESIAN_POINT('',(26.12549,8.48869,20.));
#809=VERTEX_POINT('',#808);
#810=DIRECTION('',(0.55893,0.18161,0.80909));
#811=VECTOR('',#810,3.53132);
#812=LINE('',#786,#811);
#813=EDGE_CURVE('',#787,#809,#812,.T.);
#814=ORIENTED_EDGE('',*,*,#813,.T.);
#815=DIRECTION('',(-0.23345,0.97237,0.));
#816=VECTOR('',#815,4.31054);
#817=LINE('',#418,#816);
#818=EDGE_CURVE('',#419,#809,#817,.T.);
#819=ORIENTED_EDGE('',*,*,#818,.F.);
#820=ORIENTED_EDGE('',*,*,#423,.F.);
#821=ORIENTED_EDGE('',*,*,#796,.T.);
#822=EDGE_LOOP('',(#814,#819,#820,#821));
#823=FACE_OUTER_BOUND('',#822,.T.);
#824=CARTESIAN_POINT('',(24.15174,7.84738,17.14286));
#825=DIRECTION('',(0.78757,0.18908,-0.5865));
#826=DIRECTION('',(0.55893,0.18161,0.80909));
#827=AXIS2_PLACEMENT_3D('',#824,#825,#826);
#828=PLANE('',#827);
#829=ADVANCED_FACE('',(#823),#828,.T.);
#830=CARTESIAN_POINT('',(5.23081,1.69959,20.));
#831=VERTEX_POINT('',#830);
#832=DIRECTION('',(-0.95106,-0.30902,0.));
#833=VECTOR('',#832,21.96997);
#834=LINE('',#808,#833);
#835=EDGE_CURVE('',#809,#831,#834,.T.);
#836=ORIENTED_EDGE('',*,*,#835,.T.);
#837=DIRECTION('',(-0.23345,0.97237,0.));
#838=VECTOR('',#837,0.86305);
#839=LINE('',#446,#838);
#840=EDGE_CURVE('',#447,#831,#839,.T.);
#841=ORIENTED_EDGE('',*,*,#840,.F.);
#842=ORIENTED_EDGE('',*,*,#451,.F.);
#843=ORIENTED_EDGE('',*,*,#818,.T.);
#844=EDGE_LOOP('',(#836,#841,#842,#843));
#845=FACE_OUTER_BOUND('',#844,.T.);
#846=CARTESIAN_POINT('',(26.12549,8.48869,20.));
#847=DIRECTION('',(0.,0.,1.));
#848=DIRECTION('',(-0.95106,-0.30902,0.));
#849=AXIS2_PLACEMENT_3D('',#846,#847,#848);
#850=PLANE('',#849);
#851=ADVANCED_FACE('',(#845),#850,.T.);
#852=DIRECTION('',(0.,0.,1.));
#853=VECTOR('',#852,40.);
#854=LINE('',#494,#853);
#855=EDGE_CURVE('',#495,#831,#854,.T.);
#856=ORIENTED_EDGE('',*,*,#855,.F.);
#857=ORIENTED_EDGE('',*,*,#512,.F.);
#858=ORIENTED_EDGE('',*,*,#477,.T.);
#859=ORIENTED_EDGE('',*,*,#840,.T.);
#860=EDGE_LOOP('',(#856,#857,#858,#859));
#861=FACE_OUTER_BOUND('',#860,.T.);
#862=CARTESIAN_POINT('',(5.23081,1.69959,20.));
#863=DIRECTION('',(-0.97237,-0.23345,0.));
#864=DIRECTION('',(0.,0.,-1.));
#865=AXIS2_PLACEMENT_3D('',#862,#863,#864);
#866=PLANE('',#865);
#867=ADVANCED_FACE('',(#861),#866,.T.);
#868=CARTESIAN_POINT('',(4.90054,2.49695,-20.));
#869=VERTEX_POINT('',#868);
#870=CARTESIAN_POINT('',(24.47592,12.4711,-20.));
#871=VERTEX_POINT('',#870);
#872=DIRECTION('',(0.89101,0.45399,0.));
#873=VECTOR('',#872,21.96997);
#874=LINE('',#868,#873);
#875=EDGE_CURVE('',#869,#871,#874,.T.);
#876=ORIENTED_EDGE('',*,*,#875,.T.);
#877=DIRECTION('',(-0.38268,0.92388,0.));
#878=VECTOR('',#877,4.31054);
#879=LINE('',#496,#878);
#880=EDGE_CURVE('',#497,#871,#879,.T.);
#881=ORIENTED_EDGE('',*,*,#880,.F.);
#882=ORIENTED_EDGE('',*,*,#501,.F.);
#883=DIRECTION('',(-0.38268,0.92388,0.));
#884=VECTOR('',#883,0.86305);
#885=LINE('',#494,#884);
#886=EDGE_CURVE('',#495,#869,#885,.T.);
#887=ORIENTED_EDGE('',*,*,#886,.T.);
#888=EDGE_LOOP('',(#876,#881,#882,#887));
#889=FACE_OUTER_BOUND('',#888,.T.);
#890=CARTESIAN_POINT('',(4.90054,2.49695,-20.));
#891=DIRECTION('',(0.,0.,-1.));
#892=DIRECTION('',(0.89101,0.45399,0.));
#893=AXIS2_PLACEMENT_3D('',#890,#891,#892);
#894=PLANE('',#893);
#895=ADVANCED_FACE('',(#889),#894,.T.);
#896=CARTESIAN_POINT('',(22.62679,11.52893,-17.14286));
#897=VERTEX_POINT('',#896);
#898=DIRECTION('',(-0.52364,-0.26681,0.80909));
#899=VECTOR('',#898,3.53132);
#900=LINE('',#870,#899);
#901=EDGE_CURVE('',#871,#897,#900,.T.);
#902=ORIENTED_EDGE('',*,*,#901,.T.);
#903=DIRECTION('',(-0.38268,0.92388,0.));
#904=VECTOR('',#903,3.98488);
#905=LINE('',#522,#904);
#906=EDGE_CURVE('',#523,#897,#905,.T.);
#907=ORIENTED_EDGE('',*,*,#906,.F.);
#908=ORIENTED_EDGE('',*,*,#527,.F.);
#909=ORIENTED_EDGE('',*,*,#880,.T.);
#910=EDGE_LOOP('',(#902,#907,#908,#909));
#911=FACE_OUTER_BOUND('',#910,.T.);
#912=CARTESIAN_POINT('',(24.47592,12.4711,-20.));
#913=DIRECTION('',(0.74829,0.30995,0.5865));
#914=DIRECTION('',(-0.52364,-0.26681,0.80909));
#915=AXIS2_PLACEMENT_3D('',#912,#913,#914);
#916=PLANE('',#915);
#917=ADVANCED_FACE('',(#911),#916,.T.);
#918=CARTESIAN_POINT('',(21.16805,10.78566,-14.28571));
#919=VERTEX_POINT('',#918);
#920=DIRECTION('',(-0.44299,-0.22571,0.86765));
#921=VECTOR('',#920,3.29297);
#922=LINE('',#896,#921);
#923=EDGE_CURVE('',#897,#919,#922,.T.);
#924=ORIENTED_EDGE('',*,*,#923,.T.);
#925=DIRECTION('',(-0.38268,0.92388,0.));
#926=VECTOR('',#925,3.72798);
#927=LINE('',#544,#926);
#928=EDGE_CURVE('',#545,#919,#927,.T.);
#929=ORIENTED_EDGE('',*,*,#928,.F.);
#930=ORIENTED_EDGE('',*,*,#549,.F.);
#931=ORIENTED_EDGE('',*,*,#906,.T.);
#932=EDGE_LOOP('',(#924,#929,#930,#931));
#933=FACE_OUTER_BOUND('',#932,.T.);
#934=CARTESIAN_POINT('',(22.62679,11.52893,-17.14286));
#935=DIRECTION('',(0.80221,0.33229,0.49602));
#936=DIRECTION('',(-0.44299,-0.22571,0.86765));
#937=AXIS2_PLACEMENT_3D('',#934,#935,#936);
#938=PLANE('',#937);
#939=ADVANCED_FACE('',(#933),#938,.T.);
#940=CARTESIAN_POINT('',(20.03466,10.20817,-11.42857));
#941=VERTEX_POINT('',#940);
#942=DIRECTION('',(-0.3624,-0.18465,0.91355));
#943=VECTOR('',#942,3.12752);
#944=LINE('',#918,#943);
#945=EDGE_CURVE('',#919,#941,#944,.T.);
#946=ORIENTED_EDGE('',*,*,#945,.T.);
#947=DIRECTION('',(-0.38268,0.92388,0.));
#948=VECTOR('',#947,3.52837);
#949=LINE('',#566,#948);
#950=EDGE_CURVE('',#567,#941,#949,.T.);
#951=ORIENTED_EDGE('',*,*,#950,.F.);
#952=ORIENTED_EDGE('',*,*,#571,.F.);
#953=ORIENTED_EDGE('',*,*,#928,.T.);
#954=EDGE_LOOP('',(#946,#951,#952,#953));
#955=FACE_OUTER_BOUND('',#954,.T.);
#956=CARTESIAN_POINT('',(21.16805,10.78566,-14.28571));
#957=DIRECTION('',(0.84444,0.34978,0.40568));
#958=DIRECTION('',(-0.3624,-0.18465,0.91355));
#959=AXIS2_PLACEMENT_3D('',#956,#957,#958);
#960=PLANE('',#959);
#961=ADVANCED_FACE('',(#955),#960,.T.);
#962=CARTESIAN_POINT('',(19.18582,9.77567,-8.57143));
#963=VERTEX_POINT('',#962);
#964=DIRECTION('',(-0.28184,-0.1436,0.94865));
#965=VECTOR('',#964,3.01178);
#966=LINE('',#940,#965);
#967=EDGE_CURVE('',#941,#963,#966,.T.);
#968=ORIENTED_EDGE('',*,*,#967,.T.);
#969=DIRECTION('',(-0.38268,0.92388,0.));
#970=VECTOR('',#969,3.37888);
#971=LINE('',#588,#970);
#972=EDGE_CURVE('',#589,#963,#971,.T.);
#973=ORIENTED_EDGE('',*,*,#972,.F.);
#974=ORIENTED_EDGE('',*,*,#593,.F.);
#975=ORIENTED_EDGE('',*,*,#950,.T.);
#976=EDGE_LOOP('',(#968,#973,#974,#975));
#977=FACE_OUTER_BOUND('',#976,.T.);
#978=CARTESIAN_POINT('',(20.03466,10.20817,-11.42857));
#979=DIRECTION('',(0.87671,0.36315,0.31544));
#980=DIRECTION('',(-0.28184,-0.1436,0.94865));
#981=AXIS2_PLACEMENT_3D('',#978,#979,#980);
#982=PLANE('',#981);
#983=ADVANCED_FACE('',(#977),#982,.T.);
#984=CARTESIAN_POINT('',(18.59541,9.47484,-5.71429));
#985=VERTEX_POINT('',#984);
#986=DIRECTION('',(-0.2013,-0.10257,0.97414));
#987=VECTOR('',#986,2.93298);
#988=LINE('',#962,#987);
#989=EDGE_CURVE('',#963,#985,#988,.T.);
#990=ORIENTED_EDGE('',*,*,#989,.T.);
#991=DIRECTION('',(-0.38268,0.92388,0.));
#992=VECTOR('',#991,3.2749);
#993=LINE('',#610,#992);
#994=EDGE_CURVE('',#611,#985,#993,.T.);
#995=ORIENTED_EDGE('',*,*,#994,.F.);
#996=ORIENTED_EDGE('',*,*,#615,.F.);
#997=ORIENTED_EDGE('',*,*,#972,.T.);
#998=EDGE_LOOP('',(#990,#995,#996,#997));
#999=FACE_OUTER_BOUND('',#998,.T.);
#1000=CARTESIAN_POINT('',(19.18582,9.77567,-8.57143));
#1001=DIRECTION('',(0.90013,0.37285,0.22526));
#1002=DIRECTION('',(-0.2013,-0.10257,0.97414));
#1003=AXIS2_PLACEMENT_3D('',#1000,#1001,#1002);
#1004=PLANE('',#1003);
#1005=ADVANCED_FACE('',(#999),#1004,.T.);
#1006=CARTESIAN_POINT('',(18.24712,9.29737,-2.85714));
#1007=VERTEX_POINT('',#1006);
#1008=DIRECTION('',(-0.12078,-0.06154,0.99077));
#1009=VECTOR('',#1008,2.88376);
#1010=LINE('',#984,#1009);
#1011=EDGE_CURVE('',#985,#1007,#1010,.T.);
#1012=ORIENTED_EDGE('',*,*,#1011,.T.);
#1013=DIRECTION('',(-0.38268,0.92388,0.));
#1014=VECTOR('',#1013,3.21356);
#1015=LINE('',#632,#1014);
#1016=EDGE_CURVE('',#633,#1007,#1015,.T.);
#1017=ORIENTED_EDGE('',*,*,#1016,.F.);
#1018=ORIENTED_EDGE('',*,*,#637,.F.);
#1019=ORIENTED_EDGE('',*,*,#994,.T.);
#1020=EDGE_LOOP('',(#1012,#1017,#1018,#1019));
#1021=FACE_OUTER_BOUND('',#1020,.T.);
#1022=CARTESIAN_POINT('',(18.59541,9.47484,-5.71429));
#1023=DIRECTION('',(0.9154,0.37917,0.13514));
#1024=DIRECTION('',(-0.12078,-0.06154,0.99077));
#1025=AXIS2_PLACEMENT_3D('',#1022,#1023,#1024);
#1026=PLANE('',#1025);
#1027=ADVANCED_FACE('',(#1021),#1026,.T.);
#1028=CARTESIAN_POINT('',(18.13198,9.23871,0.));
#1029=VERTEX_POINT('',#1028);
#1030=DIRECTION('',(-0.04026,-0.02051,0.99898));
#1031=VECTOR('',#1030,2.86006);
#1032=LINE('',#1006,#1031);
#1033=EDGE_CURVE('',#1007,#1029,#1032,.T.);
#1034=ORIENTED_EDGE('',*,*,#1033,.T.);
#1035=DIRECTION('',(-0.38268,0.92388,0.));
#1036=VECTOR('',#1035,3.19329);
#1037=LINE('',#654,#1036);
#1038=EDGE_CURVE('',#655,#1029,#1037,.T.);
#1039=ORIENTED_EDGE('',*,*,#1038,.F.);
#1040=ORIENTED_EDGE('',*,*,#659,.F.);
#1041=ORIENTED_EDGE('',*,*,#1016,.T.);
#1042=EDGE_LOOP('',(#1034,#1039,#1040,#1041));
#1043=FACE_OUTER_BOUND('',#1042,.T.);
#1044=CARTESIAN_POINT('',(18.24712,9.29737,-2.85714));
#1045=DIRECTION('',(0.92294,0.3823,0.04504));
#1046=DIRECTION('',(-0.04026,-0.02051,0.99898));
#1047=AXIS2_PLACEMENT_3D('',#1044,#1045,#1046);
#1048=PLANE('',#1047);
#1049=ADVANCED_FACE('',(#1043),#1048,.T.);
#1050=CARTESIAN_POINT('',(18.24712,9.29737,2.85714));
#1051=VERTEX_POINT('',#1050);
#1052=DIRECTION('',(0.04026,0.02051,0.99898));
#1053=VECTOR('',#1052,2.86006);
#1054=LINE('',#1028,#1053);
#1055=EDGE_CURVE('',#1029,#1051,#1054,.T.);
#1056=ORIENTED_EDGE('',*,*,#1055,.T.);
#1057=DIRECTION('',(-0.38268,0.92388,0.));
#1058=VECTOR('',#1057,3.21356);
#1059=LINE('',#676,#1058);
#1060=EDGE_CURVE('',#677,#1051,#1059,.T.);
#1061=ORIENTED_EDGE('',*,*,#1060,.F.);
#1062=ORIENTED_EDGE('',*,*,#681,.F.);
#1063=ORIENTED_EDGE('',*,*,#1038,.T.);
#1064=EDGE_LOOP('',(#1056,#1061,#1062,#1063));
#1065=FACE_OUTER_BOUND('',#1064,.T.);
#1066=CARTESIAN_POINT('',(18.13198,9.23871,0.));
#1067=DIRECTION('',(0.92294,0.3823,-0.04504));
#1068=DIRECTION('',(0.04026,0.02051,0.99898));
#1069=AXIS2_PLACEMENT_3D('',#1066,#1067,#1068);
#1070=PLANE('',#1069);
#1071=ADVANCED_FACE('',(#1065),#1070,.T.);
#1072=CARTESIAN_POINT('',(18.59541,9.47484,5.71429));
#1073=VERTEX_POINT('',#1072);
#1074=DIRECTION('',(0.12078,0.06154,0.99077));
#1075=VECTOR('',#1074,2.88376);
#1076=LINE('',#1050,#1075);
#1077=EDGE_CURVE('',#1051,#1073,#1076,.T.);
#1078=ORIENTED_EDGE('',*,*,#1077,.T.);
#1079=DIRECTION('',(-0.38268,0.92388,0.));
#1080=VECTOR('',#1079,3.2749);
#1081=LINE('',#698,#1080);
#1082=EDGE_CURVE('',#699,#1073,#1081,.T.);
#1083=ORIENTED_EDGE('',*,*,#1082,.F.);
#1084=ORIENTED_EDGE('',*,*,#703,.F.);
#1085=ORIENTED_EDGE('',*,*,#1060,.T.);
#1086=EDGE_LOOP('',(#1078,#1083,#1084,#1085));
#1087=FACE_OUTER_BOUND('',#1086,.T.);
#1088=CARTESIAN_POINT('',(18.24712,9.29737,2.85714));
#1089=DIRECTION('',(0.9154,0.37917,-0.13514));
#1090=DIRECTION('',(0.12078,0.06154,0.99077));
#1091=AXIS2_PLACEMENT_3D('',#1088,#1089,#1090);
#1092=PLANE('',#1091);
#1093=ADVANCED_FACE('',(#1087),#1092,.T.);
#1094=CARTESIAN_POINT('',(19.18582,9.77567,8.57143));
#1095=VERTEX_POINT('',#1094);
#1096=DIRECTION('',(0.2013,0.10257,0.97414));
#1097=VECTOR('',#1096,2.93298);
#1098=LINE('',#1072,#1097);
#1099=EDGE_CURVE('',#1073,#1095,#1098,.T.);
#1100=ORIENTED_EDGE('',*,*,#1099,.T.);
#1101=DIRECTION('',(-0.38268,0.92388,0.));
#1102=VECTOR('',#1101,3.37888);
#1103=LINE('',#720,#1102);
#1104=EDGE_CURVE('',#721,#1095,#1103,.T.);
#1105=ORIENTED_EDGE('',*,*,#1104,.F.);
#1106=ORIENTED_EDGE('',*,*,#725,.F.);
#1107=ORIENTED_EDGE('',*,*,#1082,.T.);
#1108=EDGE_LOOP('',(#1100,#1105,#1106,#1107));
#1109=FACE_OUTER_BOUND('',#1108,.T.);
#1110=CARTESIAN_POINT('',(18.59541,9.47484,5.71429));
#1111=DIRECTION('',(0.90013,0.37285,-0.22526));
#1112=DIRECTION('',(0.2013,0.10257,0.97414));
#1113=AXIS2_PLACEMENT_3D('',#1110,#1111,#1112);
#1114=PLANE('',#1113);
#1115=ADVANCED_FACE('',(#1109),#1114,.T.);
#1116=CARTESIAN_POINT('',(20.03466,10.20817,11.42857));
#1117=VERTEX_POINT('',#1116);
#1118=DIRECTION('',(0.28184,0.1436,0.94865));
#1119=VECTOR('',#1118,3.01178);
#1120=LINE('',#1094,#1119);
#1121=EDGE_CURVE('',#1095,#1117,#1120,.T.);
#1122=ORIENTED_EDGE('',*,*,#1121,.T.);
#1123=DIRECTION('',(-0.38268,0.92388,0.));
#1124=VECTOR('',#1123,3.52837);
#1125=LINE('',#742,#1124);
#1126=EDGE_CURVE('',#743,#1117,#1125,.T.);
#1127=ORIENTED_EDGE('',*,*,#1126,.F.);
#1128=ORIENTED_EDGE('',*,*,#747,.F.);
#1129=ORIENTED_EDGE('',*,*,#1104,.T.);
#1130=EDGE_LOOP('',(#1122,#1127,#1128,#1129));
#1131=FACE_OUTER_BOUND('',#1130,.T.);
#1132=CARTESIAN_POINT('',(19.18582,9.77567,8.57143));
#1133=DIRECTION('',(0.87671,0.36315,-0.31544));
#1134=DIRECTION('',(0.28184,0.1436,0.94865));
#1135=AXIS2_PLACEMENT_3D('',#1132,#1133,#1134);
#1136=PLANE('',#1135);
#1137=ADVANCED_FACE('',(#1131),#1136,.T.);
#1138=CARTESIAN_POINT('',(21.16805,10.78566,14.28571));
#1139=VERTEX_POINT('',#1138);
#1140=DIRECTION('',(0.3624,0.18465,0.91355));
#1141=VECTOR('',#1140,3.12752);
#1142=LINE('',#1116,#1141);
#1143=EDGE_CURVE('',#1117,#1139,#1142,.T.);
#1144=ORIENTED_EDGE('',*,*,#1143,.T.);
#1145=DIRECTION('',(-0.38268,0.92388,0.));
#1146=VECTOR('',#1145,3.72798);
#1147=LINE('',#764,#1146);
#1148=EDGE_CURVE('',#765,#1139,#1147,.T.);
#1149=ORIENTED_EDGE('',*,*,#1148,.F.);
#1150=ORIENTED_EDGE('',*,*,#769,.F.);
#1151=ORIENTED_EDGE('',*,*,#1126,.T.);
#1152=EDGE_LOOP('',(#1144,#1149,#1150,#1151));
#1153=FACE_OUTER_BOUND('',#1152,.T.);
#1154=CARTESIAN_POINT('',(20.03466,10.20817,11.42857));
#1155=DIRECTION('',(0.84444,0.34978,-0.40568));
#1156=DIRECTION('',(0.3624,0.18465,0.91355));
#1157=AXIS2_PLACEMENT_3D('',#1154,#1155,#1156);
#1158=PLANE('',#1157);
#1159=ADVANCED_FACE('',(#1153),#1158,.T.);
#1160=CARTESIAN_POINT('',(22.62679,11.52893,17.14286));
#1161=VERTEX_POINT('',#1160);
#1162=DIRECTION('',(0.44299,0.22571,0.86765));
#1163=VECTOR('',#1162,3.29297);
#1164=LINE('',#1138,#1163);
#1165=EDGE_CURVE('',#1139,#1161,#1164,.T.);
#1166=ORIENTED_EDGE('',*,*,#1165,.T.);
#1167=DIRECTION('',(-0.38268,0.92388,0.));
#1168=VECTOR('',#1167,3.98488);
#1169=LINE('',#786,#1168);
#1170=EDGE_CURVE('',#787,#1161,#1169,.T.);
#1171=ORIENTED_EDGE('',*,*,#1170,.F.);
#1172=ORIENTED_EDGE('',*,*,#791,.F.);
#1173=ORIENTED_EDGE('',*,*,#1148,.T.);
#1174=EDGE_LOOP('',(#1166,#1171,#1172,#1173));
#1175=FACE_OUTER_BOUND('',#1174,.T.);
#1176=CARTESIAN_POINT('',(21.16805,10.78566,14.28571));
#1177=DIRECTION('',(0.80221,0.33229,-0.49602));
#1178=DIRECTION('',(0.44299,0.22571,0.86765));
#1179=AXIS2_PLACEMENT_3D('',#1176,#1177,#1178);
#1180=PLANE('',#1179);
#1181=ADVANCED_FACE('',(#1175),#1180,.T.);
#1182=CARTESIAN_POINT('',(24.47592,12.4711,20.));
#1183=VERTEX_POINT('',#1182);
#1184=DIRECTION('',(0.52364,0.26681,0.80909));
#1185=VECTOR('',#1184,3.53132);
#1186=LINE('',#1160,#1185);
#1187=EDGE_CURVE('',#1161,#1183,#1186,.T.);
#1188=ORIENTED_EDGE('',*,*,#1187,.T.);
#1189=DIRECTION('',(-0.38268,0.92388,0.));
#1190=VECTOR('',#1189,4.31054);
#1191=LINE('',#808,#1190);
#1192=EDGE_CURVE('',#809,#1183,#1191,.T.);
#1193=ORIENTED_EDGE('',*,*,#1192,.F.);
#1194=ORIENTED_EDGE('',*,*,#813,.F.);
#1195=ORIENTED_EDGE('',*,*,#1170,.T.);
#1196=EDGE_LOOP('',(#1188,#1193,#1194,#1195));
#1197=FACE_OUTER_BOUND('',#1196,.T.);
#1198=CARTESIAN_POINT('',(22.62679,11.52893,17.14286));
#1199=DIRECTION('',(0.74829,0.30995,-0.5865));
#1200=DIRECTION('',(0.52364,0.26681,0.80909));
#1201=AXIS2_PLACEMENT_3D('',#1198,#1199,#1200);
#1202=PLANE('',#1201);
#1203=ADVANCED_FACE('',(#1197),#1202,.T.);
#1204=CARTESIAN_POINT('',(4.90054,2.49695,20.));
#1205=VERTEX_POINT('',#1204);
#1206=DIRECTION('',(-0.89101,-0.45399,0.));
#1207=VECTOR('',#1206,21.96997);
#1208=LINE('',#1182,#1207);
#1209=EDGE_CURVE('',#1183,#1205,#1208,.T.);
#1210=ORIENTED_EDGE('',*,*,#1209,.T.);
#1211=DIRECTION('',(-0.38268,0.92388,0.));
#1212=VECTOR('',#1211,0.86305);
#1213=LINE('',#830,#1212);
#1214=EDGE_CURVE('',#831,#1205,#1213,.T.);
#1215=ORIENTED_EDGE('',*,*,#1214,.F.);
#1216=ORIENTED_EDGE('',*,*,#835,.F.);
#1217=ORIENTED_EDGE('',*,*,#1192,.T.);
#1218=EDGE_LOOP('',(#1210,#1215,#1216,#1217));
#1219=FACE_OUTER_BOUND('',#1218,.T.);
#1220=CARTESIAN_POINT('',(24.47592,12.4711,20.));
#1221=DIRECTION('',(0.,0.,1.));
#1222=DIRECTION('',(-0.89101,-0.45399,0.));
#1223=AXIS2_PLACEMENT_3D('',#1220,#1221,#1222);
#1224=PLANE('',#1223);
#1225=ADVANCED_FACE('',(#1219),#1224,.T.);
#1226=DIRECTION('',(0.,0.,1.));
#1227=VECTOR('',#1226,40.);
#1228=LINE('',#868,#1227);
#1229=EDGE_CURVE('',#869,#1205,#1228,.T.);
#1230=ORIENTED_EDGE('',*,*,#1229,.F.);
#1231=ORIENTED_EDGE('',*,*,#886,.F.);
#1232=ORIENTED_EDGE('',*,*,#855,.T.);
#1233=ORIENTED_EDGE('',*,*,#1214,.T.);
#1234=EDGE_LOOP('',(#1230,#1231,#1232,#1233));
#1235=FACE_OUTER_BOUND('',#1234,.T.);
#1236=CARTESIAN_POINT('',(4.90054,2.49695,20.));
#1237=DIRECTION('',(-0.92388,-0.38268,0.));
#1238=DIRECTION('',(0.,0.,-1.));
#1239=AXIS2_PLACEMENT_3D('',#1236,#1237,#1238);
#1240=PLANE('',#1239);
#1241=ADVANCED_FACE('',(#1235),#1240,.T.);
#1242=CARTESIAN_POINT('',(4.44959,3.23282,-20.));
#1243=VERTEX_POINT('',#1242);
#1244=CARTESIAN_POINT('',(22.22367,16.14644,-20.));
#1245=VERTEX_POINT('',#1244);
#1246=DIRECTION('',(0.80902,0.58779,0.));
#1247=VECTOR('',#1246,21.96997);
#1248=LINE('',#1242,#1247);
#1249=EDGE_CURVE('',#1243,#1245,#1248,.T.);
#1250=ORIENTED_EDGE('',*,*,#1249,.T.);
#1251=DIRECTION('',(-0.5225,0.85264,0.));
#1252=VECTOR('',#1251,4.31054);
#1253=LINE('',#870,#1252);
#1254=EDGE_CURVE('',#871,#1245,#1253,.T.);
#1255=ORIENTED_EDGE('',*,*,#1254,.F.);
#1256=ORIENTED_EDGE('',*,*,#875,.F.);
#1257=DIRECTION('',(-0.5225,0.85264,0.));
#1258=VECTOR('',#1257,0.86305);
#1259=LINE('',#868,#1258);
#1260=EDGE_CURVE('',#869,#1243,#1259,.T.);
#1261=ORIENTED_EDGE('',*,*,#1260,.T.);
#1262=EDGE_LOOP('',(#1250,#1255,#1256,#1261));
#1263=FACE_OUTER_BOUND('',#1262,.T.);
#1264=CARTESIAN_POINT('',(4.44959,3.23282,-20.));
#1265=DIRECTION('',(0.,0.,-1.));
#1266=DIRECTION('',(0.80902,0.58779,0.));
#1267=AXIS2_PLACEMENT_3D('',#1264,#1265,#1266);
#1268=PLANE('',#1267);
#1269=ADVANCED_FACE('',(#1263),#1268,.T.);
#1270=CARTESIAN_POINT('',(20.5447,14.9266,-17.14286));
#1271=VERTEX_POINT('',#1270);
#1272=DIRECTION('',(-0.47545,-0.34544,0.80909));
#1273=VECTOR('',#1272,3.53132);
#1274=LINE('',#1244,#1273);
#1275=EDGE_CURVE('',#1245,#1271,#1274,.T.);
#1276=ORIENTED_EDGE('',*,*,#1275,.T.);
#1277=DIRECTION('',(-0.5225,0.85264,0.));
#1278=VECTOR('',#1277,3.98488);
#1279=LINE('',#896,#1278);
#1280=EDGE_CURVE('',#897,#1271,#1279,.T.);
#1281=ORIENTED_EDGE('',*,*,#1280,.F.);
#1282=ORIENTED_EDGE('',*,*,#901,.F.);
#1283=ORIENTED_EDGE('',*,*,#1254,.T.);
#1284=EDGE_LOOP('',(#1276,#1281,#1282,#1283));
#1285=FACE_OUTER_BOUND('',#1284,.T.);
#1286=CARTESIAN_POINT('',(22.22367,16.14644,-20.));
#1287=DIRECTION('',(0.69059,0.4232,0.5865));
#1288=DIRECTION('',(-0.47545,-0.34544,0.80909));
#1289=AXIS2_PLACEMENT_3D('',#1286,#1287,#1288);
#1290=PLANE('',#1289);
#1291=ADVANCED_FACE('',(#1285),#1290,.T.);
#1292=CARTESIAN_POINT('',(19.22019,13.96429,-14.28571));
#1293=VERTEX_POINT('',#1292);
#1294=DIRECTION('',(-0.40222,-0.29223,0.86765));
#1295=VECTOR('',#1294,3.29297);
#1296=LINE('',#1270,#1295);
#1297=EDGE_CURVE('',#1271,#1293,#1296,.T.);
#1298=ORIENTED_EDGE('',*,*,#1297,.T.);
#1299=DIRECTION('',(-0.5225,0.85264,0.));
#1300=VECTOR('',#1299,3.72798);
#1301=LINE('',#918,#1300);
#1302=EDGE_CURVE('',#919,#1293,#1301,.T.);
#1303=ORIENTED_EDGE('',*,*,#1302,.F.);
#1304=ORIENTED_EDGE('',*,*,#923,.F.);
#1305=ORIENTED_EDGE('',*,*,#1280,.T.);
#1306=EDGE_LOOP('',(#1298,#1303,#1304,#1305));
#1307=FACE_OUTER_BOUND('',#1306,.T.);
#1308=CARTESIAN_POINT('',(20.5447,14.9266,-17.14286));
#1309=DIRECTION('',(0.74036,0.45369,0.49602));
#1310=DIRECTION('',(-0.40222,-0.29223,0.86765));
#1311=AXIS2_PLACEMENT_3D('',#1308,#1309,#1310);
#1312=PLANE('',#1311);
#1313=ADVANCED_FACE('',(#1307),#1312,.T.);
#1314=CARTESIAN_POINT('',(18.19109,13.2166,-11.42857));
#1315=VERTEX_POINT('',#1314);
#1316=DIRECTION('',(-0.32905,-0.23907,0.91355));
#1317=VECTOR('',#1316,3.12752);
#1318=LINE('',#1292,#1317);
#1319=EDGE_CURVE('',#1293,#1315,#1318,.T.);
#1320=ORIENTED_EDGE('',*,*,#1319,.T.);
#1321=DIRECTION('',(-0.5225,0.85264,0.));
#1322=VECTOR('',#1321,3.52837);
#1323=LINE('',#940,#1322);
#1324=EDGE_CURVE('',#941,#1315,#1323,.T.);
#1325=ORIENTED_EDGE('',*,*,#1324,.F.);
#1326=ORIENTED_EDGE('',*,*,#945,.F.);
#1327=ORIENTED_EDGE('',*,*,#1302,.T.);
#1328=EDGE_LOOP('',(#1320,#1325,#1326,#1327));
#1329=FACE_OUTER_BOUND('',#1328,.T.);
#1330=CARTESIAN_POINT('',(19.22019,13.96429,-14.28571));
#1331=DIRECTION('',(0.77933,0.47757,0.40568));
#1332=DIRECTION('',(-0.32905,-0.23907,0.91355));
#1333=AXIS2_PLACEMENT_3D('',#1330,#1331,#1332);
#1334=PLANE('',#1333);
#1335=ADVANCED_FACE('',(#1329),#1334,.T.);
#1336=CARTESIAN_POINT('',(17.42036,12.65663,-8.57143));
#1337=VERTEX_POINT('',#1336);
#1338=DIRECTION('',(-0.2559,-0.18592,0.94865));
#1339=VECTOR('',#1338,3.01178);
#1340=LINE('',#1314,#1339);
#1341=EDGE_CURVE('',#1315,#1337,#1340,.T.);
#1342=ORIENTED_EDGE('',*,*,#1341,.T.);
#1343=DIRECTION('',(-0.5225,0.85264,0.));
#1344=VECTOR('',#1343,3.37888);
#1345=LINE('',#962,#1344);
#1346=EDGE_CURVE('',#963,#1337,#1345,.T.);
#1347=ORIENTED_EDGE('',*,*,#1346,.F.);
#1348=ORIENTED_EDGE('',*,*,#967,.F.);
#1349=ORIENTED_EDGE('',*,*,#1324,.T.);
#1350=EDGE_LOOP('',(#1342,#1347,#1348,#1349));
#1351=FACE_OUTER_BOUND('',#1350,.T.);
#1352=CARTESIAN_POINT('',(18.19109,13.2166,-11.42857));
#1353=DIRECTION('',(0.80911,0.49582,0.31544));
#1354=DIRECTION('',(-0.2559,-0.18592,0.94865));
#1355=AXIS2_PLACEMENT_3D('',#1352,#1353,#1354);
#1356=PLANE('',#1355);
#1357=ADVANCED_FACE('',(#1351),#1356,.T.);
#1358=CARTESIAN_POINT('',(16.88428,12.26715,-5.71429));
#1359=VERTEX_POINT('',#1358);
#1360=DIRECTION('',(-0.18278,-0.1328,0.97414));
#1361=VECTOR('',#1360,2.93298);
#1362=LINE('',#1336,#1361);
#1363=EDGE_CURVE('',#1337,#1359,#1362,.T.);
#1364=ORIENTED_EDGE('',*,*,#1363,.T.);
#1365=DIRECTION('',(-0.5225,0.85264,0.));
#1366=VECTOR('',#1365,3.2749);
#1367=LINE('',#984,#1366);
#1368=EDGE_CURVE('',#985,#1359,#1367,.T.);
#1369=ORIENTED_EDGE('',*,*,#1368,.F.);
#1370=ORIENTED_EDGE('',*,*,#989,.F.);
#1371=ORIENTED_EDGE('',*,*,#1346,.T.);
#1372=EDGE_LOOP('',(#1364,#1369,#1370,#1371));
#1373=FACE_OUTER_BOUND('',#1372,.T.);
#1374=CARTESIAN_POINT('',(17.42036,12.65663,-8.57143));
#1375=DIRECTION('',(0.83073,0.50907,0.22526));
#1376=DIRECTION('',(-0.18278,-0.1328,0.97414));
#1377=AXIS2_PLACEMENT_3D('',#1374,#1375,#1376);
#1378=PLANE('',#1377);
#1379=ADVANCED_FACE('',(#1373),#1378,.T.);
#1380=CARTESIAN_POINT('',(16.56804,12.03739,-2.85714));
#1381=VERTEX_POINT('',#1380);
#1382=DIRECTION('',(-0.10966,-0.07967,0.99077));
#1383=VECTOR('',#1382,2.88376);
#1384=LINE('',#1358,#1383);
#1385=EDGE_CURVE('',#1359,#1381,#1384,.T.);
#1386=ORIENTED_EDGE('',*,*,#1385,.T.);
#1387=DIRECTION('',(-0.5225,0.85264,0.));
#1388=VECTOR('',#1387,3.21356);
#1389=LINE('',#1006,#1388);
#1390=EDGE_CURVE('',#1007,#1381,#1389,.T.);
#1391=ORIENTED_EDGE('',*,*,#1390,.F.);
#1392=ORIENTED_EDGE('',*,*,#1011,.F.);
#1393=ORIENTED_EDGE('',*,*,#1368,.T.);
#1394=EDGE_LOOP('',(#1386,#1391,#1392,#1393));
#1395=FACE_OUTER_BOUND('',#1394,.T.);
#1396=CARTESIAN_POINT('',(16.88428,12.26715,-5.71429));
#1397=DIRECTION('',(0.84482,0.51771,0.13514));
#1398=DIRECTION('',(-0.10966,-0.07967,0.99077));
#1399=AXIS2_PLACEMENT_3D('',#1396,#1397,#1398);
#1400=PLANE('',#1399);
#1401=ADVANCED_FACE('',(#1395),#1400,.T.);
#1402=CARTESIAN_POINT('',(16.4635,11.96143,0.));
#1403=VERTEX_POINT('',#1402);
#1404=DIRECTION('',(-0.03655,-0.02656,0.99898));
#1405=VECTOR('',#1404,2.86006);
#1406=LINE('',#1380,#1405);
#1407=EDGE_CURVE('',#1381,#1403,#1406,.T.);
#1408=ORIENTED_EDGE('',*,*,#1407,.T.);
#1409=DIRECTION('',(-0.5225,0.85264,0.));
#1410=VECTOR('',#1409,3.19329);
#1411=LINE('',#1028,#1410);
#1412=EDGE_CURVE('',#1029,#1403,#1411,.T.);
#1413=ORIENTED_EDGE('',*,*,#1412,.F.);
#1414=ORIENTED_EDGE('',*,*,#1033,.F.);
#1415=ORIENTED_EDGE('',*,*,#1390,.T.);
#1416=EDGE_LOOP('',(#1408,#1413,#1414,#1415));
#1417=FACE_OUTER_BOUND('',#1416,.T.);
#1418=CARTESIAN_POINT('',(16.56804,12.03739,-2.85714));
#1419=DIRECTION('',(0.85177,0.52197,0.04504));
#1420=DIRECTION('',(-0.03655,-0.02656,0.99898));
#1421=AXIS2_PLACEMENT_3D('',#1418,#1419,#1420);
#1422=PLANE('',#1421);
#1423=ADVANCED_FACE('',(#1417),#1422,.T.);
#1424=CARTESIAN_POINT('',(16.56804,12.03739,2.85714));
#1425=VERTEX_POINT('',#1424);
#1426=DIRECTION('',(0.03655,0.02656,0.99898));
#1427=VECTOR('',#1426,2.86006);
#1428=LINE('',#1402,#1427);
#1429=EDGE_CURVE('',#1403,#1425,#1428,.T.);
#1430=ORIENTED_EDGE('',*,*,#1429,.T.);
#1431=DIRECTION('',(-0.5225,0.85264,0.));
#1432=VECTOR('',#1431,3.21356);
#1433=LINE('',#1050,#1432);
#1434=EDGE_CURVE('',#1051,#1425,#1433,.T.);
#1435=ORIENTED_EDGE('',*,*,#1434,.F.);
#1436=ORIENTED_EDGE('',*,*,#1055,.F.);
#1437=ORIENTED_EDGE('',*,*,#1412,.T.);
#1438=EDGE_LOOP('',(#1430,#1435,#1436,#1437));
#1439=FACE_OUTER_BOUND('',#1438,.T.);
#1440=CARTESIAN_POINT('',(16.4635,11.96143,0.));
#1441=DIRECTION('',(0.85177,0.52197,-0.04504));
#1442=DIRECTION('',(0.03655,0.02656,0.99898));
#1443=AXIS2_PLACEMENT_3D('',#1440,#1441,#1442);
#1444=PLANE('',#1443);
#1445=ADVANCED_FACE('',(#1439),#1444,.T.);
#1446=CARTESIAN_POINT('',(16.88428,12.26715,5.71429));
#1447=VERTEX_POINT('',#1446);
#1448=DIRECTION('',(0.10966,0.07967,0.99077));
#1449=VECTOR('',#1448,2.88376);
#1450=LINE('',#1424,#1449);
#1451=EDGE_CURVE('',#1425,#1447,#1450,.T.);
#1452=ORIENTED_EDGE('',*,*,#1451,.T.);
#1453=DIRECTION('',(-0.5225,0.85264,0.));
#1454=VECTOR('',#1453,3.2749);
#1455=LINE('',#1072,#1454);
#1456=EDGE_CURVE('',#1073,#1447,#1455,.T.);
#1457=ORIENTED_EDGE('',*,*,#1456,.F.);
#1458=ORIENTED_EDGE('',*,*,#1077,.F.);
#1459=ORIENTED_EDGE('',*,*,#1434,.T.);
#1460=EDGE_LOOP('',(#1452,#1457,#1458,#1459));
#1461=FACE_OUTER_BOUND('',#1460,.T.);
#1462=CARTESIAN_POINT('',(16.56804,12.03739,2.85714));
#1463=DIRECTION('',(0.84482,0.51771,-0.13514));
#1464=DIRECTION('',(0.10966,0.07967,0.99077));
#1465=AXIS2_PLACEMENT_3D('',#1462,#1463,#1464);
#1466=PLANE('',#1465);
#1467=ADVANCED_FACE('',(#1461),#1466,.T.);
#1468=CARTESIAN_POINT('',(17.42036,12.65663,8.57143));
#1469=VERTEX_POINT('',#1468);
#1470=DIRECTION('',(0.18278,0.1328,0.97414));
#1471=VECTOR('',#1470,2.93298);
#1472=LINE('',#1446,#1471);
#1473=EDGE_CURVE('',#1447,#1469,#1472,.T.);
#1474=ORIENTED_EDGE('',*,*,#1473,.T.);
#1475=DIRECTION('',(-0.5225,0.85264,0.));
#1476=VECTOR('',#1475,3.37888);
#1477=LINE('',#1094,#1476);
#1478=EDGE_CURVE('',#1095,#1469,#1477,.T.);
#1479=ORIENTED_EDGE('',*,*,#1478,.F.);
#1480=ORIENTED_EDGE('',*,*,#1099,.F.);
#1481=ORIENTED_EDGE('',*,*,#1456,.T.);
#1482=EDGE_LOOP('',(#1474,#1479,#1480,#1481));
#1483=FACE_OUTER_BOUND('',#1482,.T.);
#1484=CARTESIAN_POINT('',(16.88428,12.26715,5.71429));
#1485=DIRECTION('',(0.83073,0.50907,-0.22526));
#1486=DIRECTION('',(0.18278,0.1328,0.97414));
#1487=AXIS2_PLACEMENT_3D('',#1484,#1485,#1486);
#1488=PLANE('',#1487);
#1489=ADVANCED_FACE('',(#1483),#1488,.T.);
#1490=CARTESIAN_POINT('',(18.19109,13.2166,11.42857));
#1491=VERTEX_POINT('',#1490);
#1492=DIRECTION('',(0.2559,0.18592,0.94865));
#1493=VECTOR('',#1492,3.01178);
#1494=LINE('',#1468,#1493);
#1495=EDGE_CURVE('',#1469,#1491,#1494,.T.);
#1496=ORIENTED_EDGE('',*,*,#1495,.T.);
#1497=DIRECTION('',(-0.5225,0.85264,0.));
#1498=VECTOR('',#1497,3.52837);
#1499=LINE('',#1116,#1498);
#1500=EDGE_CURVE('',#1117,#1491,#1499,.T.);
#1501=ORIENTED_EDGE('',*,*,#1500,.F.);
#1502=ORIENTED_EDGE('',*,*,#1121,.F.);
#1503=ORIENTED_EDGE('',*,*,#1478,.T.);
#1504=EDGE_LOOP('',(#1496,#1501,#1502,#1503));
#1505=FACE_OUTER_BOUND('',#1504,.T.);
#1506=CARTESIAN_POINT('',(17.42036,12.65663,8.57143));
#1507=DIRECTION('',(0.80911,0.49582,-0.31544));
#1508=DIRECTION('',(0.2559,0.18592,0.94865));
#1509=AXIS2_PLACEMENT_3D('',#1506,#1507,#1508);
#1510=PLANE('',#1509);
#1511=ADVANCED_FACE('',(#1505),#1510,.T.);
#1512=CARTESIAN_POINT('',(19.22019,13.96429,14.28571));
#1513=VERTEX_POINT('',#1512);
#1514=DIRECTION('',(0.32905,0.23907,0.91355));
#1515=VECTOR('',#1514,3.12752);
#1516=LINE('',#1490,#1515);
#1517=EDGE_CURVE('',#1491,#1513,#1516,.T.);
#1518=ORIENTED_EDGE('',*,*,#1517,.T.);
#1519=DIRECTION('',(-0.5225,0.85264,0.));
#1520=VECTOR('',#1519,3.72798);
#1521=LINE('',#1138,#1520);
#1522=EDGE_CURVE('',#1139,#1513,#1521,.T.);
#1523=ORIENTED_EDGE('',*,*,#1522,.F.);
#1524=ORIENTED_EDGE('',*,*,#1143,.F.);
#1525=ORIENTED_EDGE('',*,*,#1500,.T.);
#1526=EDGE_LOOP('',(#1518,#1523,#1524,#1525));
#1527=FACE_OUTER_BOUND('',#1526,.T.);
#1528=CARTESIAN_POINT('',(18.19109,13.2166,11.42857));
#1529=DIRECTION('',(0.77933,0.47757,-0.40568));
#1530=DIRECTION('',(0.32905,0.23907,0.91355));
#1531=AXIS2_PLACEMENT_3D('',#1528,#1529,#1530);
#1532=PLANE('',#1531);
#1533=ADVANCED_FACE('',(#1527),#1532,.T.);
#1534=CARTESIAN_POINT('',(20.5447,14.9266,17.14286));
#1535=VERTEX_POINT('',#1534);
#1536=DIRECTION('',(0.40222,0.29223,0.86765));
#1537=VECTOR('',#1536,3.29297);
#1538=LINE('',#1512,#1537);
#1539=EDGE_CURVE('',#1513,#1535,#1538,.T.);
#1540=ORIENTED_EDGE('',*,*,#1539,.T.);
#1541=DIRECTION('',(-0.5225,0.85264,0.));
#1542=VECTOR('',#1541,3.98488);
#1543=LINE('',#1160,#1542);
#1544=EDGE_CURVE('',#1161,#1535,#1543,.T.);
#1545=ORIENTED_EDGE('',*,*,#1544,.F.);
#1546=ORIENTED_EDGE('',*,*,#1165,.F.);
#1547=ORIENTED_EDGE('',*,*,#1522,.T.);
#1548=EDGE_LOOP('',(#1540,#1545,#1546,#1547));
#1549=FACE_OUTER_BOUND('',#1548,.T.);
#1550=CARTESIAN_POINT('',(19.22019,13.96429,14.28571));
#1551=DIRECTION('',(0.74036,0.45369,-0.49602));
#1552=DIRECTION('',(0.40222,0.29223,0.86765));
#1553=AXIS2_PLACEMENT_3D('',#1550,#1551,#1552);
#1554=PLANE('',#1553);
#1555=ADVANCED_FACE('',(#1549),#1554,.T.);
#1556=CARTESIAN_POINT('',(22.22367,16.14644,20.));
#1557=VERTEX_POINT('',#1556);
#1558=DIRECTION('',(0.47545,0.34544,0.80909));
#1559=VECTOR('',#1558,3.53132);
#1560=LINE('',#1534,#1559);
#1561=EDGE_CURVE('',#1535,#1557,#1560,.T.);
#1562=ORIENTED_EDGE('',*,*,#1561,.T.);
#1563=DIRECTION('',(-0.5225,0.85264,0.));
#1564=VECTOR('',#1563,4.31054);
#1565=LINE('',#1182,#1564);
#1566=EDGE_CURVE('',#1183,#1557,#1565,.T.);
#1567=ORIENTED_EDGE('',*,*,#1566,.F.);
#1568=ORIENTED_EDGE('',*,*,#1187,.F.);
#1569=ORIENTED_EDGE('',*,*,#1544,.T.);
#1570=EDGE_LOOP('',(#1562,#1567,#1568,#1569));
#1571=FACE_OUTER_BOUND('',#1570,.T.);
#1572=CARTESIAN_POINT('',(20.5447,14.9266,17.14286));
#1573=DIRECTION('',(0.69059,0.4232,-0.5865));
#1574=DIRECTION('',(0.47545,0.34544,0.80909));
#1575=AXIS2_PLACEMENT_3D('',#1572,#1573,#1574);
#1576=PLANE('',#1575);
#1577=ADVANCED_FACE('',(#1571),#1576,.T.);
#1578=CARTESIAN_POINT('',(4.44959,3.23282,20.));
#1579=VERTEX_POINT('',#1578);
#1580=DIRECTION('',(-0.80902,-0.58779,0.));
#1581=VECTOR('',#1580,21.96997);
#1582=LINE('',#1556,#1581);
#1583=EDGE_CURVE('',#1557,#1579,#1582,.T.);
#1584=ORIENTED_EDGE('',*,*,#1583,.T.);
#1585=DIRECTION('',(-0.5225,0.85264,0.));
#1586=VECTOR('',#1585,0.86305);
#1587=LINE('',#1204,#1586);
#1588=EDGE_CURVE('',#1205,#1579,#1587,.T.);
#1589=ORIENTED_EDGE('',*,*,#1588,.F.);
#1590=ORIENTED_EDGE('',*,*,#1209,.F.);
#1591=ORIENTED_EDGE('',*,*,#1566,.T.);
#1592=EDGE_LOOP('',(#1584,#1589,#1590,#1591));
#1593=FACE_OUTER_BOUND('',#1592,.T.);
#1594=CARTESIAN_POINT('',(22.22367,16.14644,20.));
#1595=DIRECTION('',(0.,0.,1.));
#1596=DIRECTION('',(-0.80902,-0.58779,0.));
#1597=AXIS2_PLACEMENT_3D('',#1594,#1595,#1596);
#1598=PLANE('',#1597);
#1599=ADVANCED_FACE('',(#1593),#1598,.T.);
#1600=DIRECTION('',(0.,0.,1.));
#1601=VECTOR('',#1600,40.);
#1602=LINE('',#1242,#1601);
#1603=EDGE_CURVE('',#1243,#1579,#1602,.T.);
#1604=ORIENTED_EDGE('',*,*,#1603,.F.);
#1605=ORIENTED_EDGE('',*,*,#1260,.F.);
#1606=ORIENTED_EDGE('',*,*,#1229,.T.);
#1607=ORIENTED_EDGE('',*,*,#1588,.T.);
#1608=EDGE_LOOP('',(#1604,#1605,#1606,#1607));
#1609=FACE_OUTER_BOUND('',#1608,.T.);
#1610=CARTESIAN_POINT('',(4.44959,3.23282,20.));
#1611=DIRECTION('',(-0.85264,-0.5225,0.));
#1612=DIRECTION('',(0.,0.,-1.));
#1613=AXIS2_PLACEMENT_3D('',#1610,#1611,#1612);
#1614=PLANE('',#1613);
#1615=ADVANCED_FACE('',(#1609),#1614,.T.);
#1616=CARTESIAN_POINT('',(3.88909,3.88909,-20.));
#1617=VERTEX_POINT('',#1616);
#1618=CARTESIAN_POINT('',(19.4242,19.4242,-20.));
#1619=VERTEX_POINT('',#1618);
#1620=DIRECTION('',(0.70711,0.70711,0.));
#1621=VECTOR('',#1620,21.96997);
#1622=LINE('',#1616,#1621);
#1623=EDGE_CURVE('',#1617,#1619,#1622,.T.);
#1624=ORIENTED_EDGE('',*,*,#1623,.T.);
#1625=DIRECTION('',(-0.64945,0.76041,0.));
#1626=VECTOR('',#1625,4.31054);
#1627=LINE('',#1244,#1626);
#1628=EDGE_CURVE('',#1245,#1619,#1627,.T.);
#1629=ORIENTED_EDGE('',*,*,#1628,.F.);
#1630=ORIENTED_EDGE('',*,*,#1249,.F.);
#1631=DIRECTION('',(-0.64945,0.76041,0.));
#1632=VECTOR('',#1631,0.86305);
#1633=LINE('',#1242,#1632);
#1634=EDGE_CURVE('',#1243,#1617,#1633,.T.);
#1635=ORIENTED_EDGE('',*,*,#1634,.T.);
#1636=EDGE_LOOP('',(#1624,#1629,#1630,#1635));
#1637=FACE_OUTER_BOUND('',#1636,.T.);
#1638=CARTESIAN_POINT('',(3.88909,3.88909,-20.));
#1639=DIRECTION('',(0.,0.,-1.));
#1640=DIRECTION('',(0.70711,0.70711,0.));
#1641=AXIS2_PLACEMENT_3D('',#1638,#1639,#1640);
#1642=PLANE('',#1641);
#1643=ADVANCED_FACE('',(#1637),#1642,.T.);
#1644=CARTESIAN_POINT('',(17.95673,17.95673,-17.14286));
#1645=VERTEX_POINT('',#1644);
#1646=DIRECTION('',(-0.41556,-0.41556,0.80909));
#1647=VECTOR('',#1646,3.53132);
#1648=LINE('',#1618,#1647);
#1649=EDGE_CURVE('',#1619,#1645,#1648,.T.);
#1650=ORIENTED_EDGE('',*,*,#1649,.T.);
#1651=DIRECTION('',(-0.64945,0.76041,0.));
#1652=VECTOR('',#1651,3.98488);
#1653=LINE('',#1270,#1652);
#1654=EDGE_CURVE('',#1271,#1645,#1653,.T.);
#1655=ORIENTED_EDGE('',*,*,#1654,.F.);
#1656=ORIENTED_EDGE('',*,*,#1275,.F.);
#1657=ORIENTED_EDGE('',*,*,#1628,.T.);
#1658=EDGE_LOOP('',(#1650,#1655,#1656,#1657));
#1659=FACE_OUTER_BOUND('',#1658,.T.);
#1660=CARTESIAN_POINT('',(19.4242,19.4242,-20.));
#1661=DIRECTION('',(0.61589,0.52602,0.5865));
#1662=DIRECTION('',(-0.41556,-0.41556,0.80909));
#1663=AXIS2_PLACEMENT_3D('',#1660,#1661,#1662);
#1664=PLANE('',#1663);
#1665=ADVANCED_FACE('',(#1659),#1664,.T.);
#1666=CARTESIAN_POINT('',(16.79906,16.79906,-14.28571));
#1667=VERTEX_POINT('',#1666);
#1668=DIRECTION('',(-0.35156,-0.35156,0.86765));
#1669=VECTOR('',#1668,3.29297);
#1670=LINE('',#1644,#1669);
#1671=EDGE_CURVE('',#1645,#1667,#1670,.T.);
#1672=ORIENTED_EDGE('',*,*,#1671,.T.);
#1673=DIRECTION('',(-0.64945,0.76041,0.));
#1674=VECTOR('',#1673,3.72798);
#1675=LINE('',#1292,#1674);
#1676=EDGE_CURVE('',#1293,#1667,#1675,.T.);
#1677=ORIENTED_EDGE('',*,*,#1676,.F.);
#1678=ORIENTED_EDGE('',*,*,#1297,.F.);
#1679=ORIENTED_EDGE('',*,*,#1654,.T.);
#1680=EDGE_LOOP('',(#1672,#1677,#1678,#1679));
#1681=FACE_OUTER_BOUND('',#1680,.T.);
#1682=CARTESIAN_POINT('',(17.95673,17.95673,-17.14286));
#1683=DIRECTION('',(0.66027,0.56392,0.49602));
#1684=DIRECTION('',(-0.35156,-0.35156,0.86765));
#1685=AXIS2_PLACEMENT_3D('',#1682,#1683,#1684);
#1686=PLANE('',#1685);
#1687=ADVANCED_FACE('',(#1681),#1686,.T.);
#1688=CARTESIAN_POINT('',(15.8996,15.8996,-11.42857));
#1689=VERTEX_POINT('',#1688);
#1690=DIRECTION('',(-0.2876,-0.2876,0.91355));
#1691=VECTOR('',#1690,3.12752);
#1692=LINE('',#1666,#1691);
#1693=EDGE_CURVE('',#1667,#1689,#1692,.T.);
#1694=ORIENTED_EDGE('',*,*,#1693,.T.);
#1695=DIRECTION('',(-0.64945,0.76041,0.));
#1696=VECTOR('',#1695,3.52837);
#1697=LINE('',#1314,#1696);
#1698=EDGE_CURVE('',#1315,#1689,#1697,.T.);
#1699=ORIENTED_EDGE('',*,*,#1698,.F.);
#1700=ORIENTED_EDGE('',*,*,#1319,.F.);
#1701=ORIENTED_EDGE('',*,*,#1676,.T.);
#1702=EDGE_LOOP('',(#1694,#1699,#1700,#1701));
#1703=FACE_OUTER_BOUND('',#1702,.T.);
#1704=CARTESIAN_POINT('',(16.79906,16.79906,-14.28571));
#1705=DIRECTION('',(0.69502,0.59361,0.40568));
#1706=DIRECTION('',(-0.2876,-0.2876,0.91355));
#1707=AXIS2_PLACEMENT_3D('',#1704,#1705,#1706);
#1708=PLANE('',#1707);
#1709=ADVANCED_FACE('',(#1703),#1708,.T.);
#1710=CARTESIAN_POINT('',(15.22596,15.22596,-8.57143));
#1711=VERTEX_POINT('',#1710);
#1712=DIRECTION('',(-0.22367,-0.22367,0.94865));
#1713=VECTOR('',#1712,3.01178);
#1714=LINE('',#1688,#1713);
#1715=EDGE_CURVE('',#1689,#1711,#1714,.T.);
#1716=ORIENTED_EDGE('',*,*,#1715,.T.);
#1717=DIRECTION('',(-0.64945,0.76041,0.));
#1718=VECTOR('',#1717,3.37888);
#1719=LINE('',#1336,#1718);
#1720=EDGE_CURVE('',#1337,#1711,#1719,.T.);
#1721=ORIENTED_EDGE('',*,*,#1720,.F.);
#1722=ORIENTED_EDGE('',*,*,#1341,.F.);
#1723=ORIENTED_EDGE('',*,*,#1698,.T.);
#1724=EDGE_LOOP('',(#1716,#1721,#1722,#1723));
#1725=FACE_OUTER_BOUND('',#1724,.T.);
#1726=CARTESIAN_POINT('',(15.8996,15.8996,-11.42857));
#1727=DIRECTION('',(0.72158,0.61629,0.31544));
#1728=DIRECTION('',(-0.22367,-0.22367,0.94865));
#1729=AXIS2_PLACEMENT_3D('',#1726,#1727,#1728);
#1730=PLANE('',#1729);
#1731=ADVANCED_FACE('',(#1725),#1730,.T.);
#1732=CARTESIAN_POINT('',(14.7574,14.7574,-5.71429));
#1733=VERTEX_POINT('',#1732);
#1734=DIRECTION('',(-0.15975,-0.15975,0.97414));
#1735=VECTOR('',#1734,2.93298);
#1736=LINE('',#1710,#1735);
#1737=EDGE_CURVE('',#1711,#1733,#1736,.T.);
#1738=ORIENTED_EDGE('',*,*,#1737,.T.);
#1739=DIRECTION('',(-0.64945,0.76041,0.));
#1740=VECTOR('',#1739,3.2749);
#1741=LINE('',#1358,#1740);
#1742=EDGE_CURVE('',#1359,#1733,#1741,.T.);
#1743=ORIENTED_EDGE('',*,*,#1742,.F.);
#1744=ORIENTED_EDGE('',*,*,#1363,.F.);
#1745=ORIENTED_EDGE('',*,*,#1720,.T.);
#1746=EDGE_LOOP('',(#1738,#1743,#1744,#1745));
#1747=FACE_OUTER_BOUND('',#1746,.T.);
#1748=CARTESIAN_POINT('',(15.22596,15.22596,-8.57143));
#1749=DIRECTION('',(0.74086,0.63276,0.22526));
#1750=DIRECTION('',(-0.15975,-0.15975,0.97414));
#1751=AXIS2_PLACEMENT_3D('',#1748,#1749,#1750);
#1752=PLANE('',#1751);
#1753=ADVANCED_FACE('',(#1747),#1752,.T.);
#1754=CARTESIAN_POINT('',(14.481,14.481,-2.85714));
#1755=VERTEX_POINT('',#1754);
#1756=DIRECTION('',(-0.09585,-0.09585,0.99077));
#1757=VECTOR('',#1756,2.88376);
#1758=LINE('',#1732,#1757);
#1759=EDGE_CURVE('',#1733,#1755,#1758,.T.);
#1760=ORIENTED_EDGE('',*,*,#1759,.T.);
#1761=DIRECTION('',(-0.64945,0.76041,0.));
#1762=VECTOR('',#1761,3.21356);
#1763=LINE('',#1380,#1762);
#1764=EDGE_CURVE('',#1381,#1755,#1763,.T.);
#1765=ORIENTED_EDGE('',*,*,#1764,.F.);
#1766=ORIENTED_EDGE('',*,*,#1385,.F.);
#1767=ORIENTED_EDGE('',*,*,#1742,.T.);
#1768=EDGE_LOOP('',(#1760,#1765,#1766,#1767));
#1769=FACE_OUTER_BOUND('',#1768,.T.);
#1770=CARTESIAN_POINT('',(14.7574,14.7574,-5.71429));
#1771=DIRECTION('',(0.75343,0.64349,0.13514));
#1772=DIRECTION('',(-0.09585,-0.09585,0.99077));
#1773=AXIS2_PLACEMENT_3D('',#1770,#1771,#1772);
#1774=PLANE('',#1773);
#1775=ADVANCED_FACE('',(#1769),#1774,.T.);
#1776=CARTESIAN_POINT('',(14.38962,14.38962,0.));
#1777=VERTEX_POINT('',#1776);
#1778=DIRECTION('',(-0.03195,-0.03195,0.99898));
#1779=VECTOR('',#1778,2.86006);
#1780=LINE('',#1754,#1779);
#1781=EDGE_CURVE('',#1755,#1777,#1780,.T.);
#1782=ORIENTED_EDGE('',*,*,#1781,.T.);
#1783=DIRECTION('',(-0.64945,0.76041,0.));
#1784=VECTOR('',#1783,3.19329);
#1785=LINE('',#1402,#1784);
#1786=EDGE_CURVE('',#1403,#1777,#1785,.T.);
#1787=ORIENTED_EDGE('',*,*,#1786,.F.);
#1788=ORIENTED_EDGE('',*,*,#1407,.F.);
#1789=ORIENTED_EDGE('',*,*,#1764,.T.);
#1790=EDGE_LOOP('',(#1782,#1787,#1788,#1789));
#1791=FACE_OUTER_BOUND('',#1790,.T.);
#1792=CARTESIAN_POINT('',(14.481,14.481,-2.85714));
#1793=DIRECTION('',(0.75963,0.64879,0.04504));
#1794=DIRECTION('',(-0.03195,-0.03195,0.99898));
#1795=AXIS2_PLACEMENT_3D('',#1792,#1793,#1794);
#1796=PLANE('',#1795);
#1797=ADVANCED_FACE('',(#1791),#1796,.T.);
#1798=CARTESIAN_POINT('',(14.481,14.481,2.85714));
#1799=VERTEX_POINT('',#1798);
#1800=DIRECTION('',(0.03195,0.03195,0.99898));
#1801=VECTOR('',#1800,2.86006);
#1802=LINE('',#1776,#1801);
#1803=EDGE_CURVE('',#1777,#1799,#1802,.T.);
#1804=ORIENTED_EDGE('',*,*,#1803,.T.);
#1805=DIRECTION('',(-0.64945,0.76041,0.));
#1806=VECTOR('',#1805,3.21356);
#1807=LINE('',#1424,#1806);
#1808=EDGE_CURVE('',#1425,#1799,#1807,.T.);
#1809=ORIENTED_EDGE('',*,*,#1808,.F.);
#1810=ORIENTED_EDGE('',*,*,#1429,.F.);
#1811=ORIENTED_EDGE('',*,*,#1786,.T.);
#1812=EDGE_LOOP('',(#1804,#1809,#1810,#1811));
#1813=FACE_OUTER_BOUND('',#1812,.T.);
#1814=CARTESIAN_POINT('',(14.38962,14.38962,0.));
#1815=DIRECTION('',(0.75963,0.64879,-0.04504));
#1816=DIRECTION('',(0.03195,0.03195,0.99898));
#1817=AXIS2_PLACEMENT_3D('',#1814,#1815,#1816);
#1818=PLANE('',#1817);
#1819=ADVANCED_FACE('',(#1813),#1818,.T.);
#1820=CARTESIAN_POINT('',(14.7574,14.7574,5.71429));
#1821=VERTEX_POINT('',#1820);
#1822=DIRECTION('',(0.09585,0.09585,0.99077));
#1823=VECTOR('',#1822,2.88376);
#1824=LINE('',#1798,#1823);
#1825=EDGE_CURVE('',#1799,#1821,#1824,.T.);
#1826=ORIENTED_EDGE('',*,*,#1825,.T.);
#1827=DIRECTION('',(-0.64945,0.76041,0.));
#1828=VECTOR('',#1827,3.2749);
#1829=LINE('',#1446,#1828);
#1830=EDGE_CURVE('',#1447,#1821,#1829,.T.);
#1831=ORIENTED_EDGE('',*,*,#1830,.F.);
#1832=ORIENTED_EDGE('',*,*,#1451,.F.);
#1833=ORIENTED_EDGE('',*,*,#1808,.T.);
#1834=EDGE_LOOP('',(#1826,#1831,#1832,#1833));
#1835=FACE_OUTER_BOUND('',#1834,.T.);
#1836=CARTESIAN_POINT('',(14.481,14.481,2.85714));
#1837=DIRECTION('',(0.75343,0.64349,-0.13514));
#1838=DIRECTION('',(0.09585,0.09585,0.99077));
#1839=AXIS2_PLACEMENT_3D('',#1836,#1837,#1838);
#1840=PLANE('',#1839);
#1841=ADVANCED_FACE('',(#1835),#1840,.T.);
#1842=CARTESIAN_POINT('',(15.22596,15.22596,8.57143));
#1843=VERTEX_POINT('',#1842);
#1844=DIRECTION('',(0.15975,0.15975,0.97414));
#1845=VECTOR('',#1844,2.93298);
#1846=LINE('',#1820,#1845);
#1847=EDGE_CURVE('',#1821,#1843,#1846,.T.);
#1848=ORIENTED_EDGE('',*,*,#1847,.T.);
#1849=DIRECTION('',(-0.64945,0.76041,0.));
#1850=VECTOR('',#1849,3.37888);
#1851=LINE('',#1468,#1850);
#1852=EDGE_CURVE('',#1469,#1843,#1851,.T.);
#1853=ORIENTED_EDGE('',*,*,#1852,.F.);
#1854=ORIENTED_EDGE('',*,*,#1473,.F.);
#1855=ORIENTED_EDGE('',*,*,#1830,.T.);
#1856=EDGE_LOOP('',(#1848,#1853,#1854,#1855));
#1857=FACE_OUTER_BOUND('',#1856,.T.);
#1858=CARTESIAN_POINT('',(14.7574,14.7574,5.71429));
#1859=DIRECTION('',(0.74086,0.63276,-0.22526));
#1860=DIRECTION('',(0.15975,0.15975,0.97414));
#1861=AXIS2_PLACEMENT_3D('',#1858,#1859,#1860);
#1862=PLANE('',#1861);
#1863=ADVANCED_FACE('',(#1857),#1862,.T.);
#1864=CARTESIAN_POINT('',(15.8996,15.8996,11.42857));
#1865=VERTEX_POINT('',#1864);
#1866=DIRECTION('',(0.22367,0.22367,0.94865));
#1867=VECTOR('',#1866,3.01178);
#1868=LINE('',#1842,#1867);
#1869=EDGE_CURVE('',#1843,#1865,#1868,.T.);
#1870=ORIENTED_EDGE('',*,*,#1869,.T.);
#1871=DIRECTION('',(-0.64945,0.76041,0.));
#1872=VECTOR('',#1871,3.52837);
#1873=LINE('',#1490,#1872);
#1874=EDGE_CURVE('',#1491,#1865,#1873,.T.);
#1875=ORIENTED_EDGE('',*,*,#1874,.F.);
#1876=ORIENTED_EDGE('',*,*,#1495,.F.);
#1877=ORIENTED_EDGE('',*,*,#1852,.T.);
#1878=EDGE_LOOP('',(#1870,#1875,#1876,#1877));
#1879=FACE_OUTER_BOUND('',#1878,.T.);
#1880=CARTESIAN_POINT('',(15.22596,15.22596,8.57143));
#1881=DIRECTION('',(0.72158,0.61629,-0.31544));
#1882=DIRECTION('',(0.22367,0.22367,0.94865));
#1883=AXIS2_PLACEMENT_3D('',#1880,#1881,#1882);
#1884=PLANE('',#1883);
#1885=ADVANCED_FACE('',(#1879),#1884,.T.);
#1886=CARTESIAN_POINT('',(16.79906,16.79906,14.28571));
#1887=VERTEX_POINT('',#1886);
#1888=DIRECTION('',(0.2876,0.2876,0.91355));
#1889=VECTOR('',#1888,3.12752);
#1890=LINE('',#1864,#1889);
#1891=EDGE_CURVE('',#1865,#1887,#1890,.T.);
#1892=ORIENTED_EDGE('',*,*,#1891,.T.);
#1893=DIRECTION('',(-0.64945,0.76041,0.));
#1894=VECTOR('',#1893,3.72798);
#1895=LINE('',#1512,#1894);
#1896=EDGE_CURVE('',#1513,#1887,#1895,.T.);
#1897=ORIENTED_EDGE('',*,*,#1896,.F.);
#1898=ORIENTED_EDGE('',*,*,#1517,.F.);
#1899=ORIENTED_EDGE('',*,*,#1874,.T.);
#1900=EDGE_LOOP('',(#1892,#1897,#1898,#1899));
#1901=FACE_OUTER_BOUND('',#1900,.T.);
#1902=CARTESIAN_POINT('',(15.8996,15.8996,11.42857));
#1903=DIRECTION('',(0.69502,0.59361,-0.40568));
#1904=DIRECTION('',(0.2876,0.2876,0.91355));
#1905=AXIS2_PLACEMENT_3D('',#1902,#1903,#1904);
#1906=PLANE('',#1905);
#1907=ADVANCED_FACE('',(#1901),#1906,.T.);
#1908=CARTESIAN_POINT('',(17.95673,17.95673,17.14286));
#1909=VERTEX_POINT('',#1908);
#1910=DIRECTION('',(0.35156,0.35156,0.86765));
#1911=VECTOR('',#1910,3.29297);
#1912=LINE('',#1886,#1911);
#1913=EDGE_CURVE('',#1887,#1909,#1912,.T.);
#1914=ORIENTED_EDGE('',*,*,#1913,.T.);
#1915=DIRECTION('',(-0.64945,0.76041,0.));
#1916=VECTOR('',#1915,3.98488);
#1917=LINE('',#1534,#1916);
#1918=EDGE_CURVE('',#1535,#1909,#1917,.T.);
#1919=ORIENTED_EDGE('',*,*,#1918,.F.);
#1920=ORIENTED_EDGE('',*,*,#1539,.F.);
#1921=ORIENTED_EDGE('',*,*,#1896,.T.);
#1922=EDGE_LOOP('',(#1914,#1919,#1920,#1921));
#1923=FACE_OUTER_BOUND('',#1922,.T.);
#1924=CARTESIAN_POINT('',(16.79906,16.79906,14.28571));
#1925=DIRECTION('',(0.66027,0.56392,-0.49602));
#1926=DIRECTION('',(0.35156,0.35156,0.86765));
#1927=AXIS2_PLACEMENT_3D('',#1924,#1925,#1926);
#1928=PLANE('',#1927);
#1929=ADVANCED_FACE('',(#1923),#1928,.T.);
#1930=CARTESIAN_POINT('',(19.4242,19.4242,20.));
#1931=VERTEX_POINT('',#1930);
#1932=DIRECTION('',(0.41556,0.41556,0.80909));
#1933=VECTOR('',#1932,3.53132);
#1934=LINE('',#1908,#1933);
#1935=EDGE_CURVE('',#1909,#1931,#1934,.T.);
#1936=ORIENTED_EDGE('',*,*,#1935,.T.);
#1937=DIRECTION('',(-0.64945,0.76041,0.));
#1938=VECTOR('',#1937,4.31054);
#1939=LINE('',#1556,#1938);
#1940=EDGE_CURVE('',#1557,#1931,#1939,.T.);
#1941=ORIENTED_EDGE('',*,*,#1940,.F.);
#1942=ORIENTED_EDGE('',*,*,#1561,.F.);
#1943=ORIENTED_EDGE('',*,*,#1918,.T.);
#1944=EDGE_LOOP('',(#1936,#1941,#1942,#1943));
#1945=FACE_OUTER_BOUND('',#1944,.T.);
#1946=CARTESIAN_POINT('',(17.95673,17.95673,17.14286));
#1947=DIRECTION('',(0.61589,0.52602,-0.5865));
#1948=DIRECTION('',(0.41556,0.41556,0.80909));
#1949=AXIS2_PLACEMENT_3D('',#1946,#1947,#1948);
#1950=PLANE('',#1949);
#1951=ADVANCED_FACE('',(#1945),#1950,.T.);
#1952=CARTESIAN_POINT('',(3.88909,3.88909,20.));
#1953=VERTEX_POINT('',#1952);
#1954=DIRECTION('',(-0.70711,-0.70711,0.));
#1955=VECTOR('',#1954,21.96997);
#1956=LINE('',#1930,#1955);
#1957=EDGE_CURVE('',#1931,#1953,#1956,.T.);
#1958=ORIENTED_EDGE('',*,*,#1957,.T.);
#1959=DIRECTION('',(-0.64945,0.76041,0.));
#1960=VECTOR('',#1959,0.86305);
#1961=LINE('',#1578,#1960);
#1962=EDGE_CURVE('',#1579,#1953,#1961,.T.);
#1963=ORIENTED_EDGE('',*,*,#1962,.F.);
#1964=ORIENTED_EDGE('',*,*,#1583,.F.);
#1965=ORIENTED_EDGE('',*,*,#1940,.T.);
#1966=EDGE_LOOP('',(#1958,#1963,#1964,#1965));
#1967=FACE_OUTER_BOUND('',#1966,.T.);
#1968=CARTESIAN_POINT('',(19.4242,19.4242,20.));
#1969=DIRECTION('',(0.,0.,1.));
#1970=DIRECTION('',(-0.70711,-0.70711,0.));
#1971=AXIS2_PLACEMENT_3D('',#1968,#1969,#1970);
#1972=PLANE('',#1971);
#1973=ADVANCED_FACE('',(#1967),#1972,.T.);
#1974=DIRECTION('',(0.,0.,1.));
#1975=VECTOR('',#1974,40.);
#1976=LINE('',#1616,#1975);
#1977=EDGE_CURVE('',#1617,#1953,#1976,.T.);
#1978=ORIENTED_EDGE('',*,*,#1977,.F.);
#1979=ORIENTED_EDGE('',*,*,#1634,.F.);
#1980=ORIENTED_EDGE('',*,*,#1603,.T.);
#1981=ORIENTED_EDGE('',*,*,#1962,.T.);
#1982=EDGE_LOOP('',(#1978,#1979,#1980,#1981));
#1983=FACE_OUTER_BOUND('',#1982,.T.);
#1984=CARTESIAN_POINT('',(3.88909,3.88909,20.));
#1985=DIRECTION('',(-0.76041,-0.64945,0.));
#1986=DIRECTION('',(0.,0.,-1.));
#1987=AXIS2_PLACEMENT_3D('',#1984,#1985,#1986);
#1988=PLANE('',#1987);
#1989=ADVANCED_FACE('',(#1983),#1988,.T.);
#1990=CARTESIAN_POINT('',(3.23282,4.44959,-20.));
#1991=VERTEX_POINT('',#1990);
#1992=CARTESIAN_POINT('',(16.14644,22.22367,-20.));
#1993=VERTEX_POINT('',#1992);
#1994=DIRECTION('',(0.58779,0.80902,0.));
#1995=VECTOR('',#1994,21.96997);
#1996=LINE('',#1990,#1995);
#1997=EDGE_CURVE('',#1991,#1993,#1996,.T.);
#1998=ORIENTED_EDGE('',*,*,#1997,.T.);
#1999=DIRECTION('',(-0.76041,0.64945,0.));
#2000=VECTOR('',#1999,4.31054);
#2001=LINE('',#1618,#2000);
#2002=EDGE_CURVE('',#1619,#1993,#2001,.T.);
#2003=ORIENTED_EDGE('',*,*,#2002,.F.);
#2004=ORIENTED_EDGE('',*,*,#1623,.F.);
#2005=DIRECTION('',(-0.76041,0.64945,0.));
#2006=VECTOR('',#2005,0.86305);
#2007=LINE('',#1616,#2006);
#2008=EDGE_CURVE('',#1617,#1991,#2007,.T.);
#2009=ORIENTED_EDGE('',*,*,#2008,.T.);
#2010=EDGE_LOOP('',(#1998,#2003,#2004,#2009));
#2011=FACE_OUTER_BOUND('',#2010,.T.);
#2012=CARTESIAN_POINT('',(3.23282,4.44959,-20.));
#2013=DIRECTION('',(0.,0.,-1.));
#2014=DIRECTION('',(0.58779,0.80902,0.));
#2015=AXIS2_PLACEMENT_3D('',#2012,#2013,#2014);
#2016=PLANE('',#2015);
#2017=ADVANCED_FACE('',(#2011),#2016,.T.);
#2018=CARTESIAN_POINT('',(14.9266,20.5447,-17.14286));
#2019=VERTEX_POINT('',#2018);
#2020=DIRECTION('',(-0.34544,-0.47545,0.80909));
#2021=VECTOR('',#2020,3.53132);
#2022=LINE('',#1992,#2021);
#2023=EDGE_CURVE('',#1993,#2019,#2022,.T.);
#2024=ORIENTED_EDGE('',*,*,#2023,.T.);
#2025=DIRECTION('',(-0.76041,0.64945,0.));
#2026=VECTOR('',#2025,3.98488);
#2027=LINE('',#1644,#2026);
#2028=EDGE_CURVE('',#1645,#2019,#2027,.T.);
#2029=ORIENTED_EDGE('',*,*,#2028,.F.);
#2030=ORIENTED_EDGE('',*,*,#1649,.F.);
#2031=ORIENTED_EDGE('',*,*,#2002,.T.);
#2032=EDGE_LOOP('',(#2024,#2029,#2030,#2031));
#2033=FACE_OUTER_BOUND('',#2032,.T.);
#2034=CARTESIAN_POINT('',(16.14644,22.22367,-20.));
#2035=DIRECTION('',(0.52602,0.61589,0.5865));
#2036=DIRECTION('',(-0.34544,-0.47545,0.80909));
#2037=AXIS2_PLACEMENT_3D('',#2034,#2035,#2036);
#2038=PLANE('',#2037);
#2039=ADVANCED_FACE('',(#2033),#2038,.T.);
#2040=CARTESIAN_POINT('',(13.96429,19.22019,-14.28571));
#2041=VERTEX_POINT('',#2040);
#2042=DIRECTION('',(-0.29223,-0.40222,0.86765));
#2043=VECTOR('',#2042,3.29297);
#2044=LINE('',#2018,#2043);
#2045=EDGE_CURVE('',#2019,#2041,#2044,.T.);
#2046=ORIENTED_EDGE('',*,*,#2045,.T.);
#2047=DIRECTION('',(-0.76041,0.64945,0.));
#2048=VECTOR('',#2047,3.72798);
#2049=LINE('',#1666,#2048);
#2050=EDGE_CURVE('',#1667,#2041,#2049,.T.);
#2051=ORIENTED_EDGE('',*,*,#2050,.F.);
#2052=ORIENTED_EDGE('',*,*,#1671,.F.);
#2053=ORIENTED_EDGE('',*,*,#2028,.T.);
#2054=EDGE_LOOP('',(#2046,#2051,#2052,#2053));
#2055=FACE_OUTER_BOUND('',#2054,.T.);
#2056=CARTESIAN_POINT('',(14.9266,20.5447,-17.14286));
#2057=DIRECTION('',(0.56392,0.66027,0.49602));
#2058=DIRECTION('',(-0.29223,-0.40222,0.86765));
#2059=AXIS2_PLACEMENT_3D('',#2056,#2057,#2058);
#2060=PLANE('',#2059);
#2061=ADVANCED_FACE('',(#2055),#2060,.T.);
#2062=CARTESIAN_POINT('',(13.2166,18.19109,-11.42857));
#2063=VERTEX_POINT('',#2062);
#2064=DIRECTION('',(-0.23907,-0.32905,0.91355));
#2065=VECTOR('',#2064,3.12752);
#2066=LINE('',#2040,#2065);
#2067=EDGE_CURVE('',#2041,#2063,#2066,.T.);
#2068=ORIENTED_EDGE('',*,*,#2067,.T.);
#2069=DIRECTION('',(-0.76041,0.64945,0.));
#2070=VECTOR('',#2069,3.52837);
#2071=LINE('',#1688,#2070);
#2072=EDGE_CURVE('',#1689,#2063,#2071,.T.);
#2073=ORIENTED_EDGE('',*,*,#2072,.F.);
#2074=ORIENTED_EDGE('',*,*,#1693,.F.);
#2075=ORIENTED_EDGE('',*,*,#2050,.T.);
#2076=EDGE_LOOP('',(#2068,#2073,#2074,#2075));
#2077=FACE_OUTER_BOUND('',#2076,.T.);
#2078=CARTESIAN_POINT('',(13.96429,19.22019,-14.28571));
#2079=DIRECTION('',(0.59361,0.69502,0.40568));
#2080=DIRECTION('',(-0.23907,-0.32905,0.91355));
#2081=AXIS2_PLACEMENT_3D('',#2078,#2079,#2080);
#2082=PLANE('',#2081);
#2083=ADVANCED_FACE('',(#2077),#2082,.T.);
#2084=CARTESIAN_POINT('',(12.65663,17.42036,-8.57143));
#2085=VERTEX_POINT('',#2084);
#2086=DIRECTION('',(-0.18592,-0.2559,0.94865));
#2087=VECTOR('',#2086,3.01178);
#2088=LINE('',#2062,#2087);
#2089=EDGE_CURVE('',#2063,#2085,#2088,.T.);
#2090=ORIENTED_EDGE('',*,*,#2089,.T.);
#2091=DIRECTION('',(-0.76041,0.64945,0.));
#2092=VECTOR('',#2091,3.37888);
#2093=LINE('',#1710,#2092);
#2094=EDGE_CURVE('',#1711,#2085,#2093,.T.);
#2095=ORIENTED_EDGE('',*,*,#2094,.F.);
#2096=ORIENTED_EDGE('',*,*,#1715,.F.);
#2097=ORIENTED_EDGE('',*,*,#2072,.T.);
#2098=EDGE_LOOP('',(#2090,#2095,#2096,#2097));
#2099=FACE_OUTER_BOUND('',#2098,.T.);
#2100=CARTESIAN_POINT('',(13.2166,18.19109,-11.42857));
#2101=DIRECTION('',(0.61629,0.72158,0.31544));
#2102=DIRECTION('',(-0.18592,-0.2559,0.94865));
#2103=AXIS2_PLACEMENT_3D('',#2100,#2101,#2102);
#2104=PLANE('',#2103);
#2105=ADVANCED_FACE('',(#2099),#2104,.T.);
#2106=CARTESIAN_POINT('',(12.26715,16.88428,-5.71429));
#2107=VERTEX_POINT('',#2106);
#2108=DIRECTION('',(-0.1328,-0.18278,0.97414));
#2109=VECTOR('',#2108,2.93298);
#2110=LINE('',#2084,#2109);
#2111=EDGE_CURVE('',#2085,#2107,#2110,.T.);
#2112=ORIENTED_EDGE('',*,*,#2111,.T.);
#2113=DIRECTION('',(-0.76041,0.64945,0.));
#2114=VECTOR('',#2113,3.2749);
#2115=LINE('',#1732,#2114);
#2116=EDGE_CURVE('',#1733,#2107,#2115,.T.);
#2117=ORIENTED_EDGE('',*,*,#2116,.F.);
#2118=ORIENTED_EDGE('',*,*,#1737,.F.);
#2119=ORIENTED_EDGE('',*,*,#2094,.T.);
#2120=EDGE_LOOP('',(#2112,#2117,#2118,#2119));
#2121=FACE_OUTER_BOUND('',#2120,.T.);
#2122=CARTESIAN_POINT('',(12.65663,17.42036,-8.57143));
#2123=DIRECTION('',(0.63276,0.74086,0.22526));
#2124=DIRECTION('',(-0.1328,-0.18278,0.97414));
#2125=AXIS2_PLACEMENT_3D('',#2122,#2123,#2124);
#2126=PLANE('',#2125);
#2127=ADVANCED_FACE('',(#2121),#2126,.T.);
#2128=CARTESIAN_POINT('',(12.03739,16.56804,-2.85714));
#2129=VERTEX_POINT('',#2128);
#2130=DIRECTION('',(-0.07967,-0.10966,0.99077));
#2131=VECTOR('',#2130,2.88376);
#2132=LINE('',#2106,#2131);
#2133=EDGE_CURVE('',#2107,#2129,#2132,.T.);
#2134=ORIENTED_EDGE('',*,*,#2133,.T.);
#2135=DIRECTION('',(-0.76041,0.64945,0.));
#2136=VECTOR('',#2135,3.21356);
#2137=LINE('',#1754,#2136);
#2138=EDGE_CURVE('',#1755,#2129,#2137,.T.);
#2139=ORIENTED_EDGE('',*,*,#2138,.F.);
#2140=ORIENTED_EDGE('',*,*,#1759,.F.);
#2141=ORIENTED_EDGE('',*,*,#2116,.T.);
#2142=EDGE_LOOP('',(#2134,#2139,#2140,#2141));
#2143=FACE_OUTER_BOUND('',#2142,.T.);
#2144=CARTESIAN_POINT('',(12.26715,16.88428,-5.71429));
#2145=DIRECTION('',(0.64349,0.75343,0.13514));
#2146=DIRECTION('',(-0.07967,-0.10966,0.99077));
#2147=AXIS2_PLACEMENT_3D('',#2144,#2145,#2146);
#2148=PLANE('',#2147);
#2149=ADVANCED_FACE('',(#2143),#2148,.T.);
#2150=CARTESIAN_POINT('',(11.96143,16.4635,0.));
#2151=VERTEX_POINT('',#2150);
#2152=DIRECTION('',(-0.02656,-0.03655,0.99898));
#2153=VECTOR('',#2152,2.86006);
#2154=LINE('',#2128,#2153);
#2155=EDGE_CURVE('',#2129,#2151,#2154,.T.);
#2156=ORIENTED_EDGE('',*,*,#2155,.T.);
#2157=DIRECTION('',(-0.76041,0.64945,0.));
#2158=VECTOR('',#2157,3.19329);
#2159=LINE('',#1776,#2158);
#2160=EDGE_CURVE('',#1777,#2151,#2159,.T.);
#2161=ORIENTED_EDGE('',*,*,#2160,.F.);
#2162=ORIENTED_EDGE('',*,*,#1781,.F.);
#2163=ORIENTED_EDGE('',*,*,#2138,.T.);
#2164=EDGE_LOOP('',(#2156,#2161,#2162,#2163));
#2165=FACE_OUTER_BOUND('',#2164,.T.);
#2166=CARTESIAN_POINT('',(12.03739,16.56804,-2.85714));
#2167=DIRECTION('',(0.64879,0.75963,0.04504));
#2168=DIRECTION('',(-0.02656,-0.03655,0.99898));
#2169=AXIS2_PLACEMENT_3D('',#2166,#2167,#2168);
#2170=PLANE('',#2169);
#2171=ADVANCED_FACE('',(#2165),#2170,.T.);
#2172=CARTESIAN_POINT('',(12.03739,16.56804,2.85714));
#2173=VERTEX_POINT('',#2172);
#2174=DIRECTION('',(0.02656,0.03655,0.99898));
#2175=VECTOR('',#2174,2.86006);
#2176=LINE('',#2150,#2175);
#2177=EDGE_CURVE('',#2151,#2173,#2176,.T.);
#2178=ORIENTED_EDGE('',*,*,#2177,.T.);
#2179=DIRECTION('',(-0.76041,0.64945,0.));
#2180=VECTOR('',#2179,3.21356);
#2181=LINE('',#1798,#2180);
#2182=EDGE_CURVE('',#1799,#2173,#2181,.T.);
#2183=ORIENTED_EDGE('',*,*,#2182,.F.);
#2184=ORIENTED_EDGE('',*,*,#1803,.F.);
#2185=ORIENTED_EDGE('',*,*,#2160,.T.);
#2186=EDGE_LOOP('',(#2178,#2183,#2184,#2185));
#2187=FACE_OUTER_BOUND('',#2186,.T.);
#2188=CARTESIAN_POINT('',(11.96143,16.4635,0.));
#2189=DIRECTION('',(0.64879,0.75963,-0.04504));
#2190=DIRECTION('',(0.02656,0.03655,0.99898));
#2191=AXIS2_PLACEMENT_3D('',#2188,#2189,#2190);
#2192=PLANE('',#2191);
#2193=ADVANCED_FACE('',(#2187),#2192,.T.);
#2194=CARTESIAN_POINT('',(12.26715,16.88428,5.71429));
#2195=VERTEX_POINT('',#2194);
#2196=DIRECTION('',(0.07967,0.10966,0.99077));
#2197=VECTOR('',#2196,2.88376);
#2198=LINE('',#2172,#2197);
#2199=EDGE_CURVE('',#2173,#2195,#2198,.T.);
#2200=ORIENTED_EDGE('',*,*,#2199,.T.);
#2201=DIRECTION('',(-0.76041,0.64945,0.));
#2202=VECTOR('',#2201,3.2749);
#2203=LINE('',#1820,#2202);
#2204=EDGE_CURVE('',#1821,#2195,#2203,.T.);
#2205=ORIENTED_EDGE('',*,*,#2204,.F.);
#2206=ORIENTED_EDGE('',*,*,#1825,.F.);
#2207=ORIENTED_EDGE('',*,*,#2182,.T.);
#2208=EDGE_LOOP('',(#2200,#2205,#2206,#2207));
#2209=FACE_OUTER_BOUND('',#2208,.T.);
#2210=CARTESIAN_POINT('',(12.03739,16.56804,2.85714));
#2211=DIRECTION('',(0.64349,0.75343,-0.13514));
#2212=DIRECTION('',(0.07967,0.10966,0.99077));
#2213=AXIS2_PLACEMENT_3D('',#2210,#2211,#2212);
#2214=PLANE('',#2213);
#2215=ADVANCED_FACE('',(#2209),#2214,.T.);
#2216=CARTESIAN_POINT('',(12.65663,17.42036,8.57143));
#2217=VERTEX_POINT('',#2216);
#2218=DIRECTION('',(0.1328,0.18278,0.97414));
#2219=VECTOR('',#2218,2.93298);
#2220=LINE('',#2194,#2219);
#2221=EDGE_CURVE('',#2195,#2217,#2220,.T.);
#2222=ORIENTED_EDGE('',*,*,#2221,.T.);
#2223=DIRECTION('',(-0.76041,0.64945,0.));
#2224=VECTOR('',#2223,3.37888);
#2225=LINE('',#1842,#2224);
#2226=EDGE_CURVE('',#1843,#2217,#2225,.T.);
#2227=ORIENTED_EDGE('',*,*,#2226,.F.);
#2228=ORIENTED_EDGE('',*,*,#1847,.F.);
#2229=ORIENTED_EDGE('',*,*,#2204,.T.);
#2230=EDGE_LOOP('',(#2222,#2227,#2228,#2229));
#2231=FACE_OUTER_BOUND('',#2230,.T.);
#2232=CARTESIAN_POINT('',(12.26715,16.88428,5.71429));
#2233=DIRECTION('',(0.63276,0.74086,-0.22526));
#2234=DIRECTION('',(0.1328,0.18278,0.97414));
#2235=AXIS2_PLACEMENT_3D('',#2232,#2233,#2234);
#2236=PLANE('',#2235);
#2237=ADVANCED_FACE('',(#2231),#2236,.T.);
#2238=CARTESIAN_POINT('',(13.2166,18.19109,11.42857));
#2239=VERTEX_POINT('',#2238);
#2240=DIRECTION('',(0.18592,0.2559,0.94865));
#2241=VECTOR('',#2240,3.01178);
#2242=LINE('',#2216,#2241);
#2243=EDGE_CURVE('',#2217,#2239,#2242,.T.);
#2244=ORIENTED_EDGE('',*,*,#2243,.T.);
#2245=DIRECTION('',(-0.76041,0.64945,0.));
#2246=VECTOR('',#2245,3.52837);
#2247=LINE('',#1864,#2246);
#2248=EDGE_CURVE('',#1865,#2239,#2247,.T.);
#2249=ORIENTED_EDGE('',*,*,#2248,.F.);
#2250=ORIENTED_EDGE('',*,*,#1869,.F.);
#2251=ORIENTED_EDGE('',*,*,#2226,.T.);
#2252=EDGE_LOOP('',(#2244,#2249,#2250,#2251));
#2253=FACE_OUTER_BOUND('',#2252,.T.);
#2254=CARTESIAN_POINT('',(12.65663,17.42036,8.57143));
#2255=DIRECTION('',(0.61629,0.72158,-0.31544));
#2256=DIRECTION('',(0.18592,0.2559,0.94865));
#2257=AXIS2_PLACEMENT_3D('',#2254,#2255,#2256);
#2258=PLANE('',#2257);
#2259=ADVANCED_FACE('',(#2253),#2258,.T.);
#2260=CARTESIAN_POINT('',(13.96429,19.22019,14.28571));
#2261=VERTEX_POINT('',#2260);
#2262=DIRECTION('',(0.23907,0.32905,0.91355));
#2263=VECTOR('',#2262,3.12752);
#2264=LINE('',#2238,#2263);
#2265=EDGE_CURVE('',#2239,#2261,#2264,.T.);
#2266=ORIENTED_EDGE('',*,*,#2265,.T.);
#2267=DIRECTION('',(-0.76041,0.64945,0.));
#2268=VECTOR('',#2267,3.72798);
#2269=LINE('',#1886,#2268);
#2270=EDGE_CURVE('',#1887,#2261,#2269,.T.);
#2271=ORIENTED_EDGE('',*,*,#2270,.F.);
#2272=ORIENTED_EDGE('',*,*,#1891,.F.);
#2273=ORIENTED_EDGE('',*,*,#2248,.T.);
#2274=EDGE_LOOP('',(#2266,#2271,#2272,#2273));
#2275=FACE_OUTER_BOUND('',#2274,.T.);
#2276=CARTESIAN_POINT('',(13.2166,18.19109,11.42857));
#2277=DIRECTION('',(0.59361,0.69502,-0.40568));
#2278=DIRECTION('',(0.23907,0.32905,0.91355));
#2279=AXIS2_PLACEMENT_3D('',#2276,#2277,#2278);
#2280=PLANE('',#2279);
#2281=ADVANCED_FACE('',(#2275),#2280,.T.);
#2282=CARTESIAN_POINT('',(14.9266,20.5447,17.14286));
#2283=VERTEX_POINT('',#2282);
#2284=DIRECTION('',(0.29223,0.40222,0.86765));
#2285=VECTOR('',#2284,3.29297);
#2286=LINE('',#2260,#2285);
#2287=EDGE_CURVE('',#2261,#2283,#2286,.T.);
#2288=ORIENTED_EDGE('',*,*,#2287,.T.);
#2289=DIRECTION('',(-0.76041,0.64945,0.));
#2290=VECTOR('',#2289,3.98488);
#2291=LINE('',#1908,#2290);
#2292=EDGE_CURVE('',#1909,#2283,#2291,.T.);
#2293=ORIENTED_EDGE('',*,*,#2292,.F.);
#2294=ORIENTED_EDGE('',*,*,#1913,.F.);
#2295=ORIENTED_EDGE('',*,*,#2270,.T.);
#2296=EDGE_LOOP('',(#2288,#2293,#2294,#2295));
#2297=FACE_OUTER_BOUND('',#2296,.T.);
#2298=CARTESIAN_POINT('',(13.96429,19.22019,14.28571));
#2299=DIRECTION('',(0.56392,0.66027,-0.49602));
#2300=DIRECTION('',(0.29223,0.40222,0.86765));
#2301=AXIS2_PLACEMENT_3D('',#2298,#2299,#2300);
#2302=PLANE('',#2301);
#2303=ADVANCED_FACE('',(#2297),#2302,.T.);
#2304=CARTESIAN_POINT('',(16.14644,22.22367,20.));
#2305=VERTEX_POINT('',#2304);
#2306=DIRECTION('',(0.34544,0.47545,0.80909));
#2307=VECTOR('',#2306,3.53132);
#2308=LINE('',#2282,#2307);
#2309=EDGE_CURVE('',#2283,#2305,#2308,.T.);
#2310=ORIENTED_EDGE('',*,*,#2309,.T.);
#2311=DIRECTION('',(-0.76041,0.64945,0.));
#2312=VECTOR('',#2311,4.31054);
#2313=LINE('',#1930,#2312);
#2314=EDGE_CURVE('',#1931,#2305,#2313,.T.);
#2315=ORIENTED_EDGE('',*,*,#2314,.F.);
#2316=ORIENTED_EDGE('',*,*,#1935,.F.);
#2317=ORIENTED_EDGE('',*,*,#2292,.T.);
#2318=EDGE_LOOP('',(#2310,#2315,#2316,#2317));
#2319=FACE_OUTER_BOUND('',#2318,.T.);
#2320=CARTESIAN_POINT('',(14.9266,20.5447,17.14286));
#2321=DIRECTION('',(0.52602,0.61589,-0.5865));
#2322=DIRECTION('',(0.34544,0.47545,0.80909));
#2323=AXIS2_PLACEMENT_3D('',#2320,#2321,#2322);
#2324=PLANE('',#2323);
#2325=ADVANCED_FACE('',(#2319),#2324,.T.);
#2326=CARTESIAN_POINT('',(3.23282,4.44959,20.));
#2327=VERTEX_POINT('',#2326);
#2328=DIRECTION('',(-0.58779,-0.80902,0.));
#2329=VECTOR('',#2328,21.96997);
#2330=LINE('',#2304,#2329);
#2331=EDGE_CURVE('',#2305,#2327,#2330,.T.);
#2332=ORIENTED_EDGE('',*,*,#2331,.T.);
#2333=DIRECTION('',(-0.76041,0.64945,0.));
#2334=VECTOR('',#2333,0.86305);
#2335=LINE('',#1952,#2334);
#2336=EDGE_CURVE('',#1953,#2327,#2335,.T.);
#2337=ORIENTED_EDGE('',*,*,#2336,.F.);
#2338=ORIENTED_EDGE('',*,*,#1957,.F.);
#2339=ORIENTED_EDGE('',*,*,#2314,.T.);
#2340=EDGE_LOOP('',(#2332,#2337,#2338,#2339));
#2341=FACE_OUTER_BOUND('',#2340,.T.);
#2342=CARTESIAN_POINT('',(16.14644,22.22367,20.));
#2343=DIRECTION('',(0.,0.,1.));
#2344=DIRECTION('',(-0.58779,-0.80902,0.));
#2345=AXIS2_PLACEMENT_3D('',#2342,#2343,#2344);
#2346=PLANE('',#2345);
#2347=ADVANCED_FACE('',(#2341),#2346,.T.);
#2348=DIRECTION('',(0.,0.,1.));
#2349=VECTOR('',#2348,40.);
#2350=LINE('',#1990,#2349);
#2351=EDGE_CURVE('',#1991,#2327,#2350,.T.);
#2352=ORIENTED_EDGE('',*,*,#2351,.F.);
#2353=ORIENTED_EDGE('',*,*,#2008,.F.);
#2354=ORIENTED_EDGE('',*,*,#1977,.T.);
#2355=ORIENTED_EDGE('',*,*,#2336,.T.);
#2356=EDGE_LOOP('',(#2352,#2353,#2354,#2355));
#2357=FACE_OUTER_BOUND('',#2356,.T.);
#2358=CARTESIAN_POINT('',(3.23282,4.44959,20.));
#2359=DIRECTION('',(-0.64945,-0.76041,0.));
#2360=DIRECTION('',(0.,0.,-1.));
#2361=AXIS2_PLACEMENT_3D('',#2358,#2359,#2360);
#2362=PLANE('',#2361);
#2363=ADVANCED_FACE('',(#2357),#2362,.T.);
#2364=CARTESIAN_POINT('',(2.49695,4.90054,-20.));
#2365=VERTEX_POINT('',#2364);
#2366=CARTESIAN_POINT('',(12.4711,24.47592,-20.));
#2367=VERTEX_POINT('',#2366);
#2368=DIRECTION('',(0.45399,0.89101,0.));
#2369=VECTOR('',#2368,21.96997);
#2370=LINE('',#2364,#2369);
#2371=EDGE_CURVE('',#2365,#2367,#2370,.T.);
#2372=ORIENTED_EDGE('',*,*,#2371,.T.);
#2373=DIRECTION('',(-0.85264,0.5225,0.));
#2374=VECTOR('',#2373,4.31054);
#2375=LINE('',#1992,#2374);
#2376=EDGE_CURVE('',#1993,#2367,#2375,.T.);
#2377=ORIENTED_EDGE('',*,*,#2376,.F.);
#2378=ORIENTED_EDGE('',*,*,#1997,.F.);
#2379=DIRECTION('',(-0.85264,0.5225,0.));
#2380=VECTOR('',#2379,0.86305);
#2381=LINE('',#1990,#2380);
#2382=EDGE_CURVE('',#1991,#2365,#2381,.T.);
#2383=ORIENTED_EDGE('',*,*,#2382,.T.);
#2384=EDGE_LOOP('',(#2372,#2377,#2378,#2383));
#2385=FACE_OUTER_BOUND('',#2384,.T.);
#2386=CARTESIAN_POINT('',(2.49695,4.90054,-20.));
#2387=DIRECTION('',(0.,0.,-1.));
#2388=DIRECTION('',(0.45399,0.89101,0.));
#2389=AXIS2_PLACEMENT_3D('',#2386,#2387,#2388);
#2390=PLANE('',#2389);
#2391=ADVANCED_FACE('',(#2385),#2390,.T.);
#2392=CARTESIAN_POINT('',(11.52893,22.62679,-17.14286));
#2393=VERTEX_POINT('',#2392);
#2394=DIRECTION('',(-0.26681,-0.52364,0.80909));
#2395=VECTOR('',#2394,3.53132);
#2396=LINE('',#2366,#2395);
#2397=EDGE_CURVE('',#2367,#2393,#2396,.T.);
#2398=ORIENTED_EDGE('',*,*,#2397,.T.);
#2399=DIRECTION('',(-0.85264,0.5225,0.));
#2400=VECTOR('',#2399,3.98488);
#2401=LINE('',#2018,#2400);
#2402=EDGE_CURVE('',#2019,#2393,#2401,.T.);
#2403=ORIENTED_EDGE('',*,*,#2402,.F.);
#2404=ORIENTED_EDGE('',*,*,#2023,.F.);
#2405=ORIENTED_EDGE('',*,*,#2376,.T.);
#2406=EDGE_LOOP('',(#2398,#2403,#2404,#2405));
#2407=FACE_OUTER_BOUND('',#2406,.T.);
#2408=CARTESIAN_POINT('',(12.4711,24.47592,-20.));
#2409=DIRECTION('',(0.4232,0.69059,0.5865));
#2410=DIRECTION('',(-0.26681,-0.52364,0.80909));
#2411=AXIS2_PLACEMENT_3D('',#2408,#2409,#2410);
#2412=PLANE('',#2411);
#2413=ADVANCED_FACE('',(#2407),#2412,.T.);
#2414=CARTESIAN_POINT('',(10.78566,21.16805,-14.28571));
#2415=VERTEX_POINT('',#2414);
#2416=DIRECTION('',(-0.22571,-0.44299,0.86765));
#2417=VECTOR('',#2416,3.29297);
#2418=LINE('',#2392,#2417);
#2419=EDGE_CURVE('',#2393,#2415,#2418,.T.);
#2420=ORIENTED_EDGE('',*,*,#2419,.T.);
#2421=DIRECTION('',(-0.85264,0.5225,0.));
#2422=VECTOR('',#2421,3.72798);
#2423=LINE('',#2040,#2422);
#2424=EDGE_CURVE('',#2041,#2415,#2423,.T.);
#2425=ORIENTED_EDGE('',*,*,#2424,.F.);
#2426=ORIENTED_EDGE('',*,*,#2045,.F.);
#2427=ORIENTED_EDGE('',*,*,#2402,.T.);
#2428=EDGE_LOOP('',(#2420,#2425,#2426,#2427));
#2429=FACE_OUTER_BOUND('',#2428,.T.);
#2430=CARTESIAN_POINT('',(11.52893,22.62679,-17.14286));
#2431=DIRECTION('',(0.45369,0.74036,0.49602));
#2432=DIRECTION('',(-0.22571,-0.44299,0.86765));
#2433=AXIS2_PLACEMENT_3D('',#2430,#2431,#2432);
#2434=PLANE('',#2433);
#2435=ADVANCED_FACE('',(#2429),#2434,.T.);
#2436=CARTESIAN_POINT('',(10.20817,20.03466,-11.42857));
#2437=VERTEX_POINT('',#2436);
#2438=DIRECTION('',(-0.18465,-0.3624,0.91355));
#2439=VECTOR('',#2438,3.12752);
#2440=LINE('',#2414,#2439);
#2441=EDGE_CURVE('',#2415,#2437,#2440,.T.);
#2442=ORIENTED_EDGE('',*,*,#2441,.T.);
#2443=DIRECTION('',(-0.85264,0.5225,0.));
#2444=VECTOR('',#2443,3.52837);
#2445=LINE('',#2062,#2444);
#2446=EDGE_CURVE('',#2063,#2437,#2445,.T.);
#2447=ORIENTED_EDGE('',*,*,#2446,.F.);
#2448=ORIENTED_EDGE('',*,*,#2067,.F.);
#2449=ORIENTED_EDGE('',*,*,#2424,.T.);
#2450=EDGE_LOOP('',(#2442,#2447,#2448,#2449));
#2451=FACE_OUTER_BOUND('',#2450,.T.);
#2452=CARTESIAN_POINT('',(10.78566,21.16805,-14.28571));
#2453=DIRECTION('',(0.47757,0.77933,0.40568));
#2454=DIRECTION('',(-0.18465,-0.3624,0.91355));
#2455=AXIS2_PLACEMENT_3D('',#2452,#2453,#2454);
#2456=PLANE('',#2455);
#2457=ADVANCED_FACE('',(#2451),#2456,.T.);
#2458=CARTESIAN_POINT('',(9.77567,19.18582,-8.57143));
#2459=VERTEX_POINT('',#2458);
#2460=DIRECTION('',(-0.1436,-0.28184,0.94865));
#2461=VECTOR('',#2460,3.01178);
#2462=LINE('',#2436,#2461);
#2463=EDGE_CURVE('',#2437,#2459,#2462,.T.);
#2464=ORIENTED_EDGE('',*,*,#2463,.T.);
#2465=DIRECTION('',(-0.85264,0.5225,0.));
#2466=VECTOR('',#2465,3.37888);
#2467=LINE('',#2084,#2466);
#2468=EDGE_CURVE('',#2085,#2459,#2467,.T.);
#2469=ORIENTED_EDGE('',*,*,#2468,.F.);
#2470=ORIENTED_EDGE('',*,*,#2089,.F.);
#2471=ORIENTED_EDGE('',*,*,#2446,.T.);
#2472=EDGE_LOOP('',(#2464,#2469,#2470,#2471));
#2473=FACE_OUTER_BOUND('',#2472,.T.);
#2474=CARTESIAN_POINT('',(10.20817,20.03466,-11.42857));
#2475=DIRECTION('',(0.49582,0.80911,0.31544));
#2476=DIRECTION('',(-0.1436,-0.28184,0.94865));
#2477=AXIS2_PLACEMENT_3D('',#2474,#2475,#2476);
#2478=PLANE('',#2477);
#2479=ADVANCED_FACE('',(#2473),#2478,.T.);
#2480=CARTESIAN_POINT('',(9.47484,18.59541,-5.71429));
#2481=VERTEX_POINT('',#2480);
#2482=DIRECTION('',(-0.10257,-0.2013,0.97414));
#2483=VECTOR('',#2482,2.93298);
#2484=LINE('',#2458,#2483);
#2485=EDGE_CURVE('',#2459,#2481,#2484,.T.);
#2486=ORIENTED_EDGE('',*,*,#2485,.T.);
#2487=DIRECTION('',(-0.85264,0.5225,0.));
#2488=VECTOR('',#2487,3.2749);
#2489=LINE('',#2106,#2488);
#2490=EDGE_CURVE('',#2107,#2481,#2489,.T.);
#2491=ORIENTED_EDGE('',*,*,#2490,.F.);
#2492=ORIENTED_EDGE('',*,*,#2111,.F.);
#2493=ORIENTED_EDGE('',*,*,#2468,.T.);
#2494=EDGE_LOOP('',(#2486,#2491,#2492,#2493));
#2495=FACE_OUTER_BOUND('',#2494,.T.);
#2496=CARTESIAN_POINT('',(9.77567,19.18582,-8.57143));
#2497=DIRECTION('',(0.50907,0.83073,0.22526));
#2498=DIRECTION('',(-0.10257,-0.2013,0.97414));
#2499=AXIS2_PLACEMENT_3D('',#2496,#2497,#2498);
#2500=PLANE('',#2499);
#2501=ADVANCED_FACE('',(#2495),#2500,.T.);
#2502=CARTESIAN_POINT('',(9.29737,18.24712,-2.85714));
#2503=VERTEX_POINT('',#2502);
#2504=DIRECTION('',(-0.06154,-0.12078,0.99077));
#2505=VECTOR('',#2504,2.88376);
#2506=LINE('',#2480,#2505);
#2507=EDGE_CURVE('',#2481,#2503,#2506,.T.);
#2508=ORIENTED_EDGE('',*,*,#2507,.T.);
#2509=DIRECTION('',(-0.85264,0.5225,0.));
#2510=VECTOR('',#2509,3.21356);
#2511=LINE('',#2128,#2510);
#2512=EDGE_CURVE('',#2129,#2503,#2511,.T.);
#2513=ORIENTED_EDGE('',*,*,#2512,.F.);
#2514=ORIENTED_EDGE('',*,*,#2133,.F.);
#2515=ORIENTED_EDGE('',*,*,#2490,.T.);
#2516=EDGE_LOOP('',(#2508,#2513,#2514,#2515));
#2517=FACE_OUTER_BOUND('',#2516,.T.);
#2518=CARTESIAN_POINT('',(9.47484,18.59541,-5.71429));
#2519=DIRECTION('',(0.51771,0.84482,0.13514));
#2520=DIRECTION('',(-0.06154,-0.12078,0.99077));
#2521=AXIS2_PLACEMENT_3D('',#2518,#2519,#2520);
#2522=PLANE('',#2521);
#2523=ADVANCED_FACE('',(#2517),#2522,.T.);
#2524=CARTESIAN_POINT('',(9.23871,18.13198,0.));
#2525=VERTEX_POINT('',#2524);
#2526=DIRECTION('',(-0.02051,-0.04026,0.99898));
#2527=VECTOR('',#2526,2.86006);
#2528=LINE('',#2502,#2527);
#2529=EDGE_CURVE('',#2503,#2525,#2528,.T.);
#2530=ORIENTED_EDGE('',*,*,#2529,.T.);
#2531=DIRECTION('',(-0.85264,0.5225,0.));
#2532=VECTOR('',#2531,3.19329);
#2533=LINE('',#2150,#2532);
#2534=EDGE_CURVE('',#2151,#2525,#2533,.T.);
#2535=ORIENTED_EDGE('',*,*,#2534,.F.);
#2536=ORIENTED_EDGE('',*,*,#2155,.F.);
#2537=ORIENTED_EDGE('',*,*,#2512,.T.);
#2538=EDGE_LOOP('',(#2530,#2535,#2536,#2537));
#2539=FACE_OUTER_BOUND('',#2538,.T.);
#2540=CARTESIAN_POINT('',(9.29737,18.24712,-2.85714));
#2541=DIRECTION('',(0.52197,0.85177,0.04504));
#2542=DIRECTION('',(-0.02051,-0.04026,0.99898));
#2543=AXIS2_PLACEMENT_3D('',#2540,#2541,#2542);
#2544=PLANE('',#2543);
#2545=ADVANCED_FACE('',(#2539),#2544,.T.);
#2546=CARTESIAN_POINT('',(9.29737,18.24712,2.85714));
#2547=VERTEX_POINT('',#2546);
#2548=DIRECTION('',(0.02051,0.04026,0.99898));
#2549=VECTOR('',#2548,2.86006);
#2550=LINE('',#2524,#2549);
#2551=EDGE_CURVE('',#2525,#2547,#2550,.T.);
#2552=ORIENTED_EDGE('',*,*,#2551,.T.);
#2553=DIRECTION('',(-0.85264,0.5225,0.));
#2554=VECTOR('',#2553,3.21356);
#2555=LINE('',#2172,#2554);
#2556=EDGE_CURVE('',#2173,#2547,#2555,.T.);
#2557=ORIENTED_EDGE('',*,*,#2556,.F.);
#2558=ORIENTED_EDGE('',*,*,#2177,.F.);
#2559=ORIENTED_EDGE('',*,*,#2534,.T.);
#2560=EDGE_LOOP('',(#2552,#2557,#2558,#2559));
#2561=FACE_OUTER_BOUND('',#2560,.T.);
#2562=CARTESIAN_POINT('',(9.23871,18.13198,0.));
#2563=DIRECTION('',(0.52197,0.85177,-0.04504));
#2564=DIRECTION('',(0.02051,0.04026,0.99898));
#2565=AXIS2_PLACEMENT_3D('',#2562,#2563,#2564);
#2566=PLANE('',#2565);
#2567=ADVANCED_FACE('',(#2561),#2566,.T.);
#2568=CARTESIAN_POINT('',(9.47484,18.59541,5.71429));
#2569=VERTEX_POINT('',#2568);
#2570=DIRECTION('',(0.06154,0.12078,0.99077));
#2571=VECTOR('',#2570,2.88376);
#2572=LINE('',#2546,#2571);
#2573=EDGE_CURVE('',#2547,#2569,#2572,.T.);
#2574=ORIENTED_EDGE('',*,*,#2573,.T.);
#2575=DIRECTION('',(-0.85264,0.5225,0.));
#2576=VECTOR('',#2575,3.2749);
#2577=LINE('',#2194,#2576);
#2578=EDGE_CURVE('',#2195,#2569,#2577,.T.);
#2579=ORIENTED_EDGE('',*,*,#2578,.F.);
#2580=ORIENTED_EDGE('',*,*,#2199,.F.);
#2581=ORIENTED_EDGE('',*,*,#2556,.T.);
#2582=EDGE_LOOP('',(#2574,#2579,#2580,#2581));
#2583=FACE_OUTER_BOUND('',#2582,.T.);
#2584=CARTESIAN_POINT('',(9.29737,18.24712,2.85714));
#2585=DIRECTION('',(0.51771,0.84482,-0.13514));
#2586=DIRECTION('',(0.06154,0.12078,0.99077));
#2587=AXIS2_PLACEMENT_3D('',#2584,#2585,#2586);
#2588=PLANE('',#2587);
#2589=ADVANCED_FACE('',(#2583),#2588,.T.);
#2590=CARTESIAN_POINT('',(9.77567,19.18582,8.57143));
#2591=VERTEX_POINT('',#2590);
#2592=DIRECTION('',(0.10257,0.2013,0.97414));
#2593=VECTOR('',#2592,2.93298);
#2594=LINE('',#2568,#2593);
#2595=EDGE_CURVE('',#2569,#2591,#2594,.T.);
#2596=ORIENTED_EDGE('',*,*,#2595,.T.);
#2597=DIRECTION('',(-0.85264,0.5225,0.));
#2598=VECTOR('',#2597,3.37888);
#2599=LINE('',#2216,#2598);
#2600=EDGE_CURVE('',#2217,#2591,#2599,.T.);
#2601=ORIENTED_EDGE('',*,*,#2600,.F.);
#2602=ORIENTED_EDGE('',*,*,#2221,.F.);
#2603=ORIENTED_EDGE('',*,*,#2578,.T.);
#2604=EDGE_LOOP('',(#2596,#2601,#2602,#2603));
#2605=FACE_OUTER_BOUND('',#2604,.T.);
#2606=CARTESIAN_POINT('',(9.47484,18.59541,5.71429));
#2607=DIRECTION('',(0.50907,0.83073,-0.22526));
#2608=DIRECTION('',(0.10257,0.2013,0.97414));
#2609=AXIS2_PLACEMENT_3D('',#2606,#2607,#2608);
#2610=PLANE('',#2609);
#2611=ADVANCED_FACE('',(#2605),#2610,.T.);
#2612=CARTESIAN_POINT('',(10.20817,20.03466,11.42857));
#2613=VERTEX_POINT('',#2612);
#2614=DIRECTION('',(0.1436,0.28184,0.94865));
#2615=VECTOR('',#2614,3.01178);
#2616=LINE('',#2590,#2615);
#2617=EDGE_CURVE('',#2591,#2613,#2616,.T.);
#2618=ORIENTED_EDGE('',*,*,#2617,.T.);
#2619=DIRECTION('',(-0.85264,0.5225,0.));
#2620=VECTOR('',#2619,3.52837);
#2621=LINE('',#2238,#2620);
#2622=EDGE_CURVE('',#2239,#2613,#2621,.T.);
#2623=ORIENTED_EDGE('',*,*,#2622,.F.);
#2624=ORIENTED_EDGE('',*,*,#2243,.F.);
#2625=ORIENTED_EDGE('',*,*,#2600,.T.);
#2626=EDGE_LOOP('',(#2618,#2623,#2624,#2625));
#2627=FACE_OUTER_BOUND('',#2626,.T.);
#2628=CARTESIAN_POINT('',(9.77567,19.18582,8.57143));
#2629=DIRECTION('',(0.49582,0.80911,-0.31544));
#2630=DIRECTION('',(0.1436,0.28184,0.94865));
#2631=AXIS2_PLACEMENT_3D('',#2628,#2629,#2630);
#2632=PLANE('',#2631);
#2633=ADVANCED_FACE('',(#2627),#2632,.T.);
#2634=CARTESIAN_POINT('',(10.78566,21.16805,14.28571));
#2635=VERTEX_POINT('',#2634);
#2636=DIRECTION('',(0.18465,0.3624,0.91355));
#2637=VECTOR('',#2636,3.12752);
#2638=LINE('',#2612,#2637);
#2639=EDGE_CURVE('',#2613,#2635,#2638,.T.);
#2640=ORIENTED_EDGE('',*,*,#2639,.T.);
#2641=DIRECTION('',(-0.85264,0.5225,0.));
#2642=VECTOR('',#2641,3.72798);
#2643=LINE('',#2260,#2642);
#2644=EDGE_CURVE('',#2261,#2635,#2643,.T.);
#2645=ORIENTED_EDGE('',*,*,#2644,.F.);
#2646=ORIENTED_EDGE('',*,*,#2265,.F.);
#2647=ORIENTED_EDGE('',*,*,#2622,.T.);
#2648=EDGE_LOOP('',(#2640,#2645,#2646,#2647));
#2649=FACE_OUTER_BOUND('',#2648,.T.);
#2650=CARTESIAN_POINT('',(10.20817,20.03466,11.42857));
#2651=DIRECTION('',(0.47757,0.77933,-0.40568));
#2652=DIRECTION('',(0.18465,0.3624,0.91355));
#2653=AXIS2_PLACEMENT_3D('',#2650,#2651,#2652);
#2654=PLANE('',#2653);
#2655=ADVANCED_FACE('',(#2649),#2654,.T.);
#2656=CARTESIAN_POINT('',(11.52893,22.62679,17.14286));
#2657=VERTEX_POINT('',#2656);
#2658=DIRECTION('',(0.22571,0.44299,0.86765));
#2659=VECTOR('',#2658,3.29297);
#2660=LINE('',#2634,#2659);
#2661=EDGE_CURVE('',#2635,#2657,#2660,.T.);
#2662=ORIENTED_EDGE('',*,*,#2661,.T.);
#2663=DIRECTION('',(-0.85264,0.5225,0.));
#2664=VECTOR('',#2663,3.98488);
#2665=LINE('',#2282,#2664);
#2666=EDGE_CURVE('',#2283,#2657,#2665,.T.);
#2667=ORIENTED_EDGE('',*,*,#2666,.F.);
#2668=ORIENTED_EDGE('',*,*,#2287,.F.);
#2669=ORIENTED_EDGE('',*,*,#2644,.T.);
#2670=EDGE_LOOP('',(#2662,#2667,#2668,#2669));
#2671=FACE_OUTER_BOUND('',#2670,.T.);
#2672=CARTESIAN_POINT('',(10.78566,21.16805,14.28571));
#2673=DIRECTION('',(0.45369,0.74036,-0.49602));
#2674=DIRECTION('',(0.22571,0.44299,0.86765));
#2675=AXIS2_PLACEMENT_3D('',#2672,#2673,#2674);
#2676=PLANE('',#2675);
#2677=ADVANCED_FACE('',(#2671),#2676,.T.);
#2678=CARTESIAN_POINT('',(12.4711,24.47592,20.));
#2679=VERTEX_POINT('',#2678);
#2680=DIRECTION('',(0.26681,0.52364,0.80909));
#2681=VECTOR('',#2680,3.53132);
#2682=LINE('',#2656,#2681);
#2683=EDGE_CURVE('',#2657,#2679,#2682,.T.);
#2684=ORIENTED_EDGE('',*,*,#2683,.T.);
#2685=DIRECTION('',(-0.85264,0.5225,0.));
#2686=VECTOR('',#2685,4.31054);
#2687=LINE('',#2304,#2686);
#2688=EDGE_CURVE('',#2305,#2679,#2687,.T.);
#2689=ORIENTED_EDGE('',*,*,#2688,.F.);
#2690=ORIENTED_EDGE('',*,*,#2309,.F.);
#2691=ORIENTED_EDGE('',*,*,#2666,.T.);
#2692=EDGE_LOOP('',(#2684,#2689,#2690,#2691));
#2693=FACE_OUTER_BOUND('',#2692,.T.);
#2694=CARTESIAN_POINT('',(11.52893,22.62679,17.14286));
#2695=DIRECTION('',(0.4232,0.69059,-0.5865));
#2696=DIRECTION('',(0.26681,0.52364,0.80909));
#2697=AXIS2_PLACEMENT_3D('',#2694,#2695,#2696);
#2698=PLANE('',#2697);
#2699=ADVANCED_FACE('',(#2693),#2698,.T.);
#2700=CARTESIAN_POINT('',(2.49695,4.90054,20.));
#2701=VERTEX_POINT('',#2700);
#2702=DIRECTION('',(-0.45399,-0.89101,0.));
#2703=VECTOR('',#2702,21.96997);
#2704=LINE('',#2678,#2703);
#2705=EDGE_CURVE('',#2679,#2701,#2704,.T.);
#2706=ORIENTED_EDGE('',*,*,#2705,.T.);
#2707=DIRECTION('',(-0.85264,0.5225,0.));
#2708=VECTOR('',#2707,0.86305);
#2709=LINE('',#2326,#2708);
#2710=EDGE_CURVE('',#2327,#2701,#2709,.T.);
#2711=ORIENTED_EDGE('',*,*,#2710,.F.);
#2712=ORIENTED_EDGE('',*,*,#2331,.F.);
#2713=ORIENTED_EDGE('',*,*,#2688,.T.);
#2714=EDGE_LOOP('',(#2706,#2711,#2712,#2713));
#2715=FACE_OUTER_BOUND('',#2714,.T.);
#2716=CARTESIAN_POINT('',(12.4711,24.47592,20.));
#2717=DIRECTION('',(0.,0.,1.));
#2718=DIRECTION('',(-0.45399,-0.89101,0.));
#2719=AXIS2_PLACEMENT_3D('',#2716,#2717,#2718);
#2720=PLANE('',#2719);
#2721=ADVANCED_FACE('',(#2715),#2720,.T.);
#2722=DIRECTION('',(0.,0.,1.));
#2723=VECTOR('',#2722,40.);
#2724=LINE('',#2364,#2723);
#2725=EDGE_CURVE('',#2365,#2701,#2724,.T.);
#2726=ORIENTED_EDGE('',*,*,#2725,.F.);
#2727=ORIENTED_EDGE('',*,*,#2382,.F.);
#2728=ORIENTED_EDGE('',*,*,#2351,.T.);
#2729=ORIENTED_EDGE('',*,*,#2710,.T.);
#2730=EDGE_LOOP('',(#2726,#2727,#2728,#2729));
#2731=FACE_OUTER_BOUND('',#2730,.T.);
#2732=CARTESIAN_POINT('',(2.49695,4.90054,20.));
#2733=DIRECTION('',(-0.5225,-0.85264,0.));
#2734=DIRECTION('',(0.,0.,-1.));
#2735=AXIS2_PLACEMENT_3D('',#2732,#2733,#2734);
#2736=PLANE('',#2735);
#2737=ADVANCED_FACE('',(#2731),#2736,.T.);
#2738=CARTESIAN_POINT('',(1.69959,5.23081,-20.));
#2739=VERTEX_POINT('',#2738);
#2740=CARTESIAN_POINT('',(8.48869,26.12549,-20.));
#2741=VERTEX_POINT('',#2740);
#2742=DIRECTION('',(0.30902,0.95106,0.));
#2743=VECTOR('',#2742,21.96997);
#2744=LINE('',#2738,#2743);
#2745=EDGE_CURVE('',#2739,#2741,#2744,.T.);
#2746=ORIENTED_EDGE('',*,*,#2745,.T.);
#2747=DIRECTION('',(-0.92388,0.38268,0.));
#2748=VECTOR('',#2747,4.31054);
#2749=LINE('',#2366,#2748);
#2750=EDGE_CURVE('',#2367,#2741,#2749,.T.);
#2751=ORIENTED_EDGE('',*,*,#2750,.F.);
#2752=ORIENTED_EDGE('',*,*,#2371,.F.);
#2753=DIRECTION('',(-0.92388,0.38268,0.));
#2754=VECTOR('',#2753,0.86305);
#2755=LINE('',#2364,#2754);
#2756=EDGE_CURVE('',#2365,#2739,#2755,.T.);
#2757=ORIENTED_EDGE('',*,*,#2756,.T.);
#2758=EDGE_LOOP('',(#2746,#2751,#2752,#2757));
#2759=FACE_OUTER_BOUND('',#2758,.T.);
#2760=CARTESIAN_POINT('',(1.69959,5.23081,-20.));
#2761=DIRECTION('',(0.,0.,-1.));
#2762=DIRECTION('',(0.30902,0.95106,0.));
#2763=AXIS2_PLACEMENT_3D('',#2760,#2761,#2762);
#2764=PLANE('',#2763);
#2765=ADVANCED_FACE('',(#2759),#2764,.T.);
#2766=CARTESIAN_POINT('',(7.84738,24.15174,-17.14286));
#2767=VERTEX_POINT('',#2766);
#2768=DIRECTION('',(-0.18161,-0.55893,0.80909));
#2769=VECTOR('',#2768,3.53132);
#2770=LINE('',#2740,#2769);
#2771=EDGE_CURVE('',#2741,#2767,#2770,.T.);
#2772=ORIENTED_EDGE('',*,*,#2771,.T.);
#2773=DIRECTION('',(-0.92388,0.38268,0.));
#2774=VECTOR('',#2773,3.98488);
#2775=LINE('',#2392,#2774);
#2776=EDGE_CURVE('',#2393,#2767,#2775,.T.);
#2777=ORIENTED_EDGE('',*,*,#2776,.F.);
#2778=ORIENTED_EDGE('',*,*,#2397,.F.);
#2779=ORIENTED_EDGE('',*,*,#2750,.T.);
#2780=EDGE_LOOP('',(#2772,#2777,#2778,#2779));
#2781=FACE_OUTER_BOUND('',#2780,.T.);
#2782=CARTESIAN_POINT('',(8.48869,26.12549,-20.));
#2783=DIRECTION('',(0.30995,0.74829,0.5865));
#2784=DIRECTION('',(-0.18161,-0.55893,0.80909));
#2785=AXIS2_PLACEMENT_3D('',#2782,#2783,#2784);
#2786=PLANE('',#2785);
#2787=ADVANCED_FACE('',(#2781),#2786,.T.);
#2788=CARTESIAN_POINT('',(7.34146,22.59469,-14.28571));
#2789=VERTEX_POINT('',#2788);
#2790=DIRECTION('',(-0.15364,-0.47284,0.86765));
#2791=VECTOR('',#2790,3.29297);
#2792=LINE('',#2766,#2791);
#2793=EDGE_CURVE('',#2767,#2789,#2792,.T.);
#2794=ORIENTED_EDGE('',*,*,#2793,.T.);
#2795=DIRECTION('',(-0.92388,0.38268,0.));
#2796=VECTOR('',#2795,3.72798);
#2797=LINE('',#2414,#2796);
#2798=EDGE_CURVE('',#2415,#2789,#2797,.T.);
#2799=ORIENTED_EDGE('',*,*,#2798,.F.);
#2800=ORIENTED_EDGE('',*,*,#2419,.F.);
#2801=ORIENTED_EDGE('',*,*,#2776,.T.);
#2802=EDGE_LOOP('',(#2794,#2799,#2800,#2801));
#2803=FACE_OUTER_BOUND('',#2802,.T.);
#2804=CARTESIAN_POINT('',(7.84738,24.15174,-17.14286));
#2805=DIRECTION('',(0.33229,0.80221,0.49602));
#2806=DIRECTION('',(-0.15364,-0.47284,0.86765));
#2807=AXIS2_PLACEMENT_3D('',#2804,#2805,#2806);
#2808=PLANE('',#2807);
#2809=ADVANCED_FACE('',(#2803),#2808,.T.);
#2810=CARTESIAN_POINT('',(6.94838,21.38491,-11.42857));
#2811=VERTEX_POINT('',#2810);
#2812=DIRECTION('',(-0.12569,-0.38682,0.91355));
#2813=VECTOR('',#2812,3.12752);
#2814=LINE('',#2788,#2813);
#2815=EDGE_CURVE('',#2789,#2811,#2814,.T.);
#2816=ORIENTED_EDGE('',*,*,#2815,.T.);
#2817=DIRECTION('',(-0.92388,0.38268,0.));
#2818=VECTOR('',#2817,3.52837);
#2819=LINE('',#2436,#2818);
#2820=EDGE_CURVE('',#2437,#2811,#2819,.T.);
#2821=ORIENTED_EDGE('',*,*,#2820,.F.);
#2822=ORIENTED_EDGE('',*,*,#2441,.F.);
#2823=ORIENTED_EDGE('',*,*,#2798,.T.);
#2824=EDGE_LOOP('',(#2816,#2821,#2822,#2823));
#2825=FACE_OUTER_BOUND('',#2824,.T.);
#2826=CARTESIAN_POINT('',(7.34146,22.59469,-14.28571));
#2827=DIRECTION('',(0.34978,0.84444,0.40568));
#2828=DIRECTION('',(-0.12569,-0.38682,0.91355));
#2829=AXIS2_PLACEMENT_3D('',#2826,#2827,#2828);
#2830=PLANE('',#2829);
#2831=ADVANCED_FACE('',(#2825),#2830,.T.);
#2832=CARTESIAN_POINT('',(6.65399,20.47887,-8.57143));
#2833=VERTEX_POINT('',#2832);
#2834=DIRECTION('',(-0.09775,-0.30083,0.94865));
#2835=VECTOR('',#2834,3.01178);
#2836=LINE('',#2810,#2835);
#2837=EDGE_CURVE('',#2811,#2833,#2836,.T.);
#2838=ORIENTED_EDGE('',*,*,#2837,.T.);
#2839=DIRECTION('',(-0.92388,0.38268,0.));
#2840=VECTOR('',#2839,3.37888);
#2841=LINE('',#2458,#2840);
#2842=EDGE_CURVE('',#2459,#2833,#2841,.T.);
#2843=ORIENTED_EDGE('',*,*,#2842,.F.);
#2844=ORIENTED_EDGE('',*,*,#2463,.F.);
#2845=ORIENTED_EDGE('',*,*,#2820,.T.);
#2846=EDGE_LOOP('',(#2838,#2843,#2844,#2845));
#2847=FACE_OUTER_BOUND('',#2846,.T.);
#2848=CARTESIAN_POINT('',(6.94838,21.38491,-11.42857));
#2849=DIRECTION('',(0.36315,0.87671,0.31544));
#2850=DIRECTION('',(-0.09775,-0.30083,0.94865));
#2851=AXIS2_PLACEMENT_3D('',#2848,#2849,#2850);
#2852=PLANE('',#2851);
#2853=ADVANCED_FACE('',(#2847),#2852,.T.);
#2854=CARTESIAN_POINT('',(6.44922,19.84866,-5.71429));
#2855=VERTEX_POINT('',#2854);
#2856=DIRECTION('',(-0.06981,-0.21487,0.97414));
#2857=VECTOR('',#2856,2.93298);
#2858=LINE('',#2832,#2857);
#2859=EDGE_CURVE('',#2833,#2855,#2858,.T.);
#2860=ORIENTED_EDGE('',*,*,#2859,.T.);
#2861=DIRECTION('',(-0.92388,0.38268,0.));
#2862=VECTOR('',#2861,3.2749);
#2863=LINE('',#2480,#2862);
#2864=EDGE_CURVE('',#2481,#2855,#2863,.T.);
#2865=ORIENTED_EDGE('',*,*,#2864,.F.);
#2866=ORIENTED_EDGE('',*,*,#2485,.F.);
#2867=ORIENTED_EDGE('',*,*,#2842,.T.);
#2868=EDGE_LOOP('',(#2860,#2865,#2866,#2867));
#2869=FACE_OUTER_BOUND('',#2868,.T.);
#2870=CARTESIAN_POINT('',(6.65399,20.47887,-8.57143));
#2871=DIRECTION('',(0.37285,0.90013,0.22526));
#2872=DIRECTION('',(-0.06981,-0.21487,0.97414));
#2873=AXIS2_PLACEMENT_3D('',#2870,#2871,#2872);
#2874=PLANE('',#2873);
#2875=ADVANCED_FACE('',(#2869),#2874,.T.);
#2876=CARTESIAN_POINT('',(6.32843,19.4769,-2.85714));
#2877=VERTEX_POINT('',#2876);
#2878=DIRECTION('',(-0.04189,-0.12892,0.99077));
#2879=VECTOR('',#2878,2.88376);
#2880=LINE('',#2854,#2879);
#2881=EDGE_CURVE('',#2855,#2877,#2880,.T.);
#2882=ORIENTED_EDGE('',*,*,#2881,.T.);
#2883=DIRECTION('',(-0.92388,0.38268,0.));
#2884=VECTOR('',#2883,3.21356);
#2885=LINE('',#2502,#2884);
#2886=EDGE_CURVE('',#2503,#2877,#2885,.T.);
#2887=ORIENTED_EDGE('',*,*,#2886,.F.);
#2888=ORIENTED_EDGE('',*,*,#2507,.F.);
#2889=ORIENTED_EDGE('',*,*,#2864,.T.);
#2890=EDGE_LOOP('',(#2882,#2887,#2888,#2889));
#2891=FACE_OUTER_BOUND('',#2890,.T.);
#2892=CARTESIAN_POINT('',(6.44922,19.84866,-5.71429));
#2893=DIRECTION('',(0.37917,0.9154,0.13514));
#2894=DIRECTION('',(-0.04189,-0.12892,0.99077));
#2895=AXIS2_PLACEMENT_3D('',#2892,#2893,#2894);
#2896=PLANE('',#2895);
#2897=ADVANCED_FACE('',(#2891),#2896,.T.);
#2898=CARTESIAN_POINT('',(6.2885,19.354,0.));
#2899=VERTEX_POINT('',#2898);
#2900=DIRECTION('',(-0.01396,-0.04297,0.99898));
#2901=VECTOR('',#2900,2.86006);
#2902=LINE('',#2876,#2901);
#2903=EDGE_CURVE('',#2877,#2899,#2902,.T.);
#2904=ORIENTED_EDGE('',*,*,#2903,.T.);
#2905=DIRECTION('',(-0.92388,0.38268,0.));
#2906=VECTOR('',#2905,3.19329);
#2907=LINE('',#2524,#2906);
#2908=EDGE_CURVE('',#2525,#2899,#2907,.T.);
#2909=ORIENTED_EDGE('',*,*,#2908,.F.);
#2910=ORIENTED_EDGE('',*,*,#2529,.F.);
#2911=ORIENTED_EDGE('',*,*,#2886,.T.);
#2912=EDGE_LOOP('',(#2904,#2909,#2910,#2911));
#2913=FACE_OUTER_BOUND('',#2912,.T.);
#2914=CARTESIAN_POINT('',(6.32843,19.4769,-2.85714));
#2915=DIRECTION('',(0.3823,0.92294,0.04504));
#2916=DIRECTION('',(-0.01396,-0.04297,0.99898));
#2917=AXIS2_PLACEMENT_3D('',#2914,#2915,#2916);
#2918=PLANE('',#2917);
#2919=ADVANCED_FACE('',(#2913),#2918,.T.);
#2920=CARTESIAN_POINT('',(6.32843,19.4769,2.85714));
#2921=VERTEX_POINT('',#2920);
#2922=DIRECTION('',(0.01396,0.04297,0.99898));
#2923=VECTOR('',#2922,2.86006);
#2924=LINE('',#2898,#2923);
#2925=EDGE_CURVE('',#2899,#2921,#2924,.T.);
#2926=ORIENTED_EDGE('',*,*,#2925,.T.);
#2927=DIRECTION('',(-0.92388,0.38268,0.));
#2928=VECTOR('',#2927,3.21356);
#2929=LINE('',#2546,#2928);
#2930=EDGE_CURVE('',#2547,#2921,#2929,.T.);
#2931=ORIENTED_EDGE('',*,*,#2930,.F.);
#2932=ORIENTED_EDGE('',*,*,#2551,.F.);
#2933=ORIENTED_EDGE('',*,*,#2908,.T.);
#2934=EDGE_LOOP('',(#2926,#2931,#2932,#2933));
#2935=FACE_OUTER_BOUND('',#2934,.T.);
#2936=CARTESIAN_POINT('',(6.2885,19.354,0.));
#2937=DIRECTION('',(0.3823,0.92294,-0.04504));
#2938=DIRECTION('',(0.01396,0.04297,0.99898));
#2939=AXIS2_PLACEMENT_3D('',#2936,#2937,#2938);
#2940=PLANE('',#2939);
#2941=ADVANCED_FACE('',(#2935),#2940,.T.);
#2942=CARTESIAN_POINT('',(6.44922,19.84866,5.71429));
#2943=VERTEX_POINT('',#2942);
#2944=DIRECTION('',(0.04189,0.12892,0.99077));
#2945=VECTOR('',#2944,2.88376);
#2946=LINE('',#2920,#2945);
#2947=EDGE_CURVE('',#2921,#2943,#2946,.T.);
#2948=ORIENTED_EDGE('',*,*,#2947,.T.);
#2949=DIRECTION('',(-0.92388,0.38268,0.));
#2950=VECTOR('',#2949,3.2749);
#2951=LINE('',#2568,#2950);
#2952=EDGE_CURVE('',#2569,#2943,#2951,.T.);
#2953=ORIENTED_EDGE('',*,*,#2952,.F.);
#2954=ORIENTED_EDGE('',*,*,#2573,.F.);
#2955=ORIENTED_EDGE('',*,*,#2930,.T.);
#2956=EDGE_LOOP('',(#2948,#2953,#2954,#2955));
#2957=FACE_OUTER_BOUND('',#2956,.T.);
#2958=CARTESIAN_POINT('',(6.32843,19.4769,2.85714));
#2959=DIRECTION('',(0.37917,0.9154,-0.13514));
#2960=DIRECTION('',(0.04189,0.12892,0.99077));
#2961=AXIS2_PLACEMENT_3D('',#2958,#2959,#2960);
#2962=PLANE('',#2961);
#2963=ADVANCED_FACE('',(#2957),#2962,.T.);
#2964=CARTESIAN_POINT('',(6.65399,20.47887,8.57143));
#2965=VERTEX_POINT('',#2964);
#2966=DIRECTION('',(0.06981,0.21487,0.97414));
#2967=VECTOR('',#2966,2.93298);
#2968=LINE('',#2942,#2967);
#2969=EDGE_CURVE('',#2943,#2965,#2968,.T.);
#2970=ORIENTED_EDGE('',*,*,#2969,.T.);
#2971=DIRECTION('',(-0.92388,0.38268,0.));
#2972=VECTOR('',#2971,3.37888);
#2973=LINE('',#2590,#2972);
#2974=EDGE_CURVE('',#2591,#2965,#2973,.T.);
#2975=ORIENTED_EDGE('',*,*,#2974,.F.);
#2976=ORIENTED_EDGE('',*,*,#2595,.F.);
#2977=ORIENTED_EDGE('',*,*,#2952,.T.);
#2978=EDGE_LOOP('',(#2970,#2975,#2976,#2977));
#2979=FACE_OUTER_BOUND('',#2978,.T.);
#2980=CARTESIAN_POINT('',(6.44922,19.84866,5.71429));
#2981=DIRECTION('',(0.37285,0.90013,-0.22526));
#2982=DIRECTION('',(0.06981,0.21487,0.97414));
#2983=AXIS2_PLACEMENT_3D('',#2980,#2981,#2982);
#2984=PLANE('',#2983);
#2985=ADVANCED_FACE('',(#2979),#2984,.T.);
#2986=CARTESIAN_POINT('',(6.94838,21.38491,11.42857));
#2987=VERTEX_POINT('',#2986);
#2988=DIRECTION('',(0.09775,0.30083,0.94865));
#2989=VECTOR('',#2988,3.01178);
#2990=LINE('',#2964,#2989);
#2991=EDGE_CURVE('',#2965,#2987,#2990,.T.);
#2992=ORIENTED_EDGE('',*,*,#2991,.T.);
#2993=DIRECTION('',(-0.92388,0.38268,0.));
#2994=VECTOR('',#2993,3.52837);
#2995=LINE('',#2612,#2994);
#2996=EDGE_CURVE('',#2613,#2987,#2995,.T.);
#2997=ORIENTED_EDGE('',*,*,#2996,.F.);
#2998=ORIENTED_EDGE('',*,*,#2617,.F.);
#2999=ORIENTED_EDGE('',*,*,#2974,.T.);
#3000=EDGE_LOOP('',(#2992,#2997,#2998,#2999));
#3001=FACE_OUTER_BOUND('',#3000,.T.);
#3002=CARTESIAN_POINT('',(6.65399,20.47887,8.57143));
#3003=DIRECTION('',(0.36315,0.87671,-0.31544));
#3004=DIRECTION('',(0.09775,0.30083,0.94865));
#3005=AXIS2_PLACEMENT_3D('',#3002,#3003,#3004);
#3006=PLANE('',#3005);
#3007=ADVANCED_FACE('',(#3001),#3006,.T.);
#3008=CARTESIAN_POINT('',(7.34146,22.59469,14.28571));
#3009=VERTEX_POINT('',#3008);
#3010=DIRECTION('',(0.12569,0.38682,0.91355));
#3011=VECTOR('',#3010,3.12752);
#3012=LINE('',#2986,#3011);
#3013=EDGE_CURVE('',#2987,#3009,#3012,.T.);
#3014=ORIENTED_EDGE('',*,*,#3013,.T.);
#3015=DIRECTION('',(-0.92388,0.38268,0.));
#3016=VECTOR('',#3015,3.72798);
#3017=LINE('',#2634,#3016);
#3018=EDGE_CURVE('',#2635,#3009,#3017,.T.);
#3019=ORIENTED_EDGE('',*,*,#3018,.F.);
#3020=ORIENTED_EDGE('',*,*,#2639,.F.);
#3021=ORIENTED_EDGE('',*,*,#2996,.T.);
#3022=EDGE_LOOP('',(#3014,#3019,#3020,#3021));
#3023=FACE_OUTER_BOUND('',#3022,.T.);
#3024=CARTESIAN_POINT('',(6.94838,21.38491,11.42857));
#3025=DIRECTION('',(0.34978,0.84444,-0.40568));
#3026=DIRECTION('',(0.12569,0.38682,0.91355));
#3027=AXIS2_PLACEMENT_3D('',#3024,#3025,#3026);
#3028=PLANE('',#3027);
#3029=ADVANCED_FACE('',(#3023),#3028,.T.);
#3030=CARTESIAN_POINT('',(7.84738,24.15174,17.14286));
#3031=VERTEX_POINT('',#3030);
#3032=DIRECTION('',(0.15364,0.47284,0.86765));
#3033=VECTOR('',#3032,3.29297);
#3034=LINE('',#3008,#3033);
#3035=EDGE_CURVE('',#3009,#3031,#3034,.T.);
#3036=ORIENTED_EDGE('',*,*,#3035,.T.);
#3037=DIRECTION('',(-0.92388,0.38268,0.));
#3038=VECTOR('',#3037,3.98488);
#3039=LINE('',#2656,#3038);
#3040=EDGE_CURVE('',#2657,#3031,#3039,.T.);
#3041=ORIENTED_EDGE('',*,*,#3040,.F.);
#3042=ORIENTED_EDGE('',*,*,#2661,.F.);
#3043=ORIENTED_EDGE('',*,*,#3018,.T.);
#3044=EDGE_LOOP('',(#3036,#3041,#3042,#3043));
#3045=FACE_OUTER_BOUND('',#3044,.T.);
#3046=CARTESIAN_POINT('',(7.34146,22.59469,14.28571));
#3047=DIRECTION('',(0.33229,0.80221,-0.49602));
#3048=DIRECTION('',(0.15364,0.47284,0.86765));
#3049=AXIS2_PLACEMENT_3D('',#3046,#3047,#3048);
#3050=PLANE('',#3049);
#3051=ADVANCED_FACE('',(#3045),#3050,.T.);
#3052=CARTESIAN_POINT('',(8.48869,26.12549,20.));
#3053=VERTEX_POINT('',#3052);
#3054=DIRECTION('',(0.18161,0.55893,0.80909));
#3055=VECTOR('',#3054,3.53132);
#3056=LINE('',#3030,#3055);
#3057=EDGE_CURVE('',#3031,#3053,#3056,.T.);
#3058=ORIENTED_EDGE('',*,*,#3057,.T.);
#3059=DIRECTION('',(-0.92388,0.38268,0.));
#3060=VECTOR('',#3059,4.31054);
#3061=LINE('',#2678,#3060);
#3062=EDGE_CURVE('',#2679,#3053,#3061,.T.);
#3063=ORIENTED_EDGE('',*,*,#3062,.F.);
#3064=ORIENTED_EDGE('',*,*,#2683,.F.);
#3065=ORIENTED_EDGE('',*,*,#3040,.T.);
#3066=EDGE_LOOP('',(#3058,#3063,#3064,#3065));
#3067=FACE_OUTER_BOUND('',#3066,.T.);
#3068=CARTESIAN_POINT('',(7.84738,24.15174,17.14286));
#3069=DIRECTION('',(0.30995,0.74829,-0.5865));
#3070=DIRECTION('',(0.18161,0.55893,0.80909));
#3071=AXIS2_PLACEMENT_3D('',#3068,#3069,#3070);
#3072=PLANE('',#3071);
#3073=ADVANCED_FACE('',(#3067),#3072,.T.);
#3074=CARTESIAN_POINT('',(1.69959,5.23081,20.));
#3075=VERTEX_POINT('',#3074);
#3076=DIRECTION('',(-0.30902,-0.95106,0.));
#3077=VECTOR('',#3076,21.96997);
#3078=LINE('',#3052,#3077);
#3079=EDGE_CURVE('',#3053,#3075,#3078,.T.);
#3080=ORIENTED_EDGE('',*,*,#3079,.T.);
#3081=DIRECTION('',(-0.92388,0.38268,0.));
#3082=VECTOR('',#3081,0.86305);
#3083=LINE('',#2700,#3082);
#3084=EDGE_CURVE('',#2701,#3075,#3083,.T.);
#3085=ORIENTED_EDGE('',*,*,#3084,.F.);
#3086=ORIENTED_EDGE('',*,*,#2705,.F.);
#3087=ORIENTED_EDGE('',*,*,#3062,.T.);
#3088=EDGE_LOOP('',(#3080,#3085,#3086,#3087));
#3089=FACE_OUTER_BOUND('',#3088,.T.);
#3090=CARTESIAN_POINT('',(8.48869,26.12549,20.));
#3091=DIRECTION('',(0.,0.,1.));
#3092=DIRECTION('',(-0.30902,-0.95106,0.));
#3093=AXIS2_PLACEMENT_3D('',#3090,#3091,#3092);
#3094=PLANE('',#3093);
#3095=ADVANCED_FACE('',(#3089),#3094,.T.);
#3096=DIRECTION('',(0.,0.,1.));
#3097=VECTOR('',#3096,40.);
#3098=LINE('',#2738,#3097);
#3099=EDGE_CURVE('',#2739,#3075,#3098,.T.);
#3100=ORIENTED_EDGE('',*,*,#3099,.F.);
#3101=ORIENTED_EDGE('',*,*,#2756,.F.);
#3102=ORIENTED_EDGE('',*,*,#2725,.T.);
#3103=ORIENTED_EDGE('',*,*,#3084,.T.);
#3104=EDGE_LOOP('',(#3100,#3101,#3102,#3103));
#3105=FACE_OUTER_BOUND('',#3104,.T.);
#3106=CARTESIAN_POINT('',(1.69959,5.23081,20.));
#3107=DIRECTION('',(-0.38268,-0.92388,0.));
#3108=DIRECTION('',(0.,0.,-1.));
#3109=AXIS2_PLACEMENT_3D('',#3106,#3107,#3108);
#3110=PLANE('',#3109);
#3111=ADVANCED_FACE('',(#3105),#3110,.T.);
#3112=CARTESIAN_POINT('',(0.86039,5.43229,-20.));
#3113=VERTEX_POINT('',#3112);
#3114=CARTESIAN_POINT('',(4.29725,27.13177,-20.));
#3115=VERTEX_POINT('',#3114);
#3116=DIRECTION('',(0.15643,0.98769,0.));
#3117=VECTOR('',#3116,21.96997);
#3118=LINE('',#3112,#3117);
#3119=EDGE_CURVE('',#3113,#3115,#3118,.T.);
#3120=ORIENTED_EDGE('',*,*,#3119,.T.);
#3121=DIRECTION('',(-0.97237,0.23345,0.));
#3122=VECTOR('',#3121,4.31054);
#3123=LINE('',#2740,#3122);
#3124=EDGE_CURVE('',#2741,#3115,#3123,.T.);
#3125=ORIENTED_EDGE('',*,*,#3124,.F.);
#3126=ORIENTED_EDGE('',*,*,#2745,.F.);
#3127=DIRECTION('',(-0.97237,0.23345,0.));
#3128=VECTOR('',#3127,0.86305);
#3129=LINE('',#2738,#3128);
#3130=EDGE_CURVE('',#2739,#3113,#3129,.T.);
#3131=ORIENTED_EDGE('',*,*,#3130,.T.);
#3132=EDGE_LOOP('',(#3120,#3125,#3126,#3131));
#3133=FACE_OUTER_BOUND('',#3132,.T.);
#3134=CARTESIAN_POINT('',(0.86039,5.43229,-20.));
#3135=DIRECTION('',(0.,0.,-1.));
#3136=DIRECTION('',(0.15643,0.98769,0.));
#3137=AXIS2_PLACEMENT_3D('',#3134,#3135,#3136);
#3138=PLANE('',#3137);
#3139=ADVANCED_FACE('',(#3133),#3138,.T.);
#3140=CARTESIAN_POINT('',(3.9726,25.08199,-17.14286));
#3141=VERTEX_POINT('',#3140);
#3142=DIRECTION('',(-0.09194,-0.58045,0.80909));
#3143=VECTOR('',#3142,3.53132);
#3144=LINE('',#3114,#3143);
#3145=EDGE_CURVE('',#3115,#3141,#3144,.T.);
#3146=ORIENTED_EDGE('',*,*,#3145,.T.);
#3147=DIRECTION('',(-0.97237,0.23345,0.));
#3148=VECTOR('',#3147,3.98488);
#3149=LINE('',#2766,#3148);
#3150=EDGE_CURVE('',#2767,#3141,#3149,.T.);
#3151=ORIENTED_EDGE('',*,*,#3150,.F.);
#3152=ORIENTED_EDGE('',*,*,#2771,.F.);
#3153=ORIENTED_EDGE('',*,*,#3124,.T.);
#3154=EDGE_LOOP('',(#3146,#3151,#3152,#3153));
#3155=FACE_OUTER_BOUND('',#3154,.T.);
#3156=CARTESIAN_POINT('',(4.29725,27.13177,-20.));
#3157=DIRECTION('',(0.18908,0.78757,0.5865));
#3158=DIRECTION('',(-0.09194,-0.58045,0.80909));
#3159=AXIS2_PLACEMENT_3D('',#3156,#3157,#3158);
#3160=PLANE('',#3159);
#3161=ADVANCED_FACE('',(#3155),#3160,.T.);
#3162=CARTESIAN_POINT('',(3.71649,23.46497,-14.28571));
#3163=VERTEX_POINT('',#3162);
#3164=DIRECTION('',(-0.07778,-0.49105,0.86765));
#3165=VECTOR('',#3164,3.29297);
#3166=LINE('',#3140,#3165);
#3167=EDGE_CURVE('',#3141,#3163,#3166,.T.);
#3168=ORIENTED_EDGE('',*,*,#3167,.T.);
#3169=DIRECTION('',(-0.97237,0.23345,0.));
#3170=VECTOR('',#3169,3.72798);
#3171=LINE('',#2788,#3170);
#3172=EDGE_CURVE('',#2789,#3163,#3171,.T.);
#3173=ORIENTED_EDGE('',*,*,#3172,.F.);
#3174=ORIENTED_EDGE('',*,*,#2793,.F.);
#3175=ORIENTED_EDGE('',*,*,#3150,.T.);
#3176=EDGE_LOOP('',(#3168,#3173,#3174,#3175));
#3177=FACE_OUTER_BOUND('',#3176,.T.);
#3178=CARTESIAN_POINT('',(3.9726,25.08199,-17.14286));
#3179=DIRECTION('',(0.2027,0.84432,0.49602));
#3180=DIRECTION('',(-0.07778,-0.49105,0.86765));
#3181=AXIS2_PLACEMENT_3D('',#3178,#3179,#3180);
#3182=PLANE('',#3181);
#3183=ADVANCED_FACE('',(#3177),#3182,.T.);
#3184=CARTESIAN_POINT('',(3.5175,22.20859,-11.42857));
#3185=VERTEX_POINT('',#3184);
#3186=DIRECTION('',(-0.06363,-0.40172,0.91355));
#3187=VECTOR('',#3186,3.12752);
#3188=LINE('',#3162,#3187);
#3189=EDGE_CURVE('',#3163,#3185,#3188,.T.);
#3190=ORIENTED_EDGE('',*,*,#3189,.T.);
#3191=DIRECTION('',(-0.97237,0.23345,0.));
#3192=VECTOR('',#3191,3.52837);
#3193=LINE('',#2810,#3192);
#3194=EDGE_CURVE('',#2811,#3185,#3193,.T.);
#3195=ORIENTED_EDGE('',*,*,#3194,.F.);
#3196=ORIENTED_EDGE('',*,*,#2815,.F.);
#3197=ORIENTED_EDGE('',*,*,#3172,.T.);
#3198=EDGE_LOOP('',(#3190,#3195,#3196,#3197));
#3199=FACE_OUTER_BOUND('',#3198,.T.);
#3200=CARTESIAN_POINT('',(3.71649,23.46497,-14.28571));
#3201=DIRECTION('',(0.21337,0.88876,0.40568));
#3202=DIRECTION('',(-0.06363,-0.40172,0.91355));
#3203=AXIS2_PLACEMENT_3D('',#3200,#3201,#3202);
#3204=PLANE('',#3203);
#3205=ADVANCED_FACE('',(#3199),#3204,.T.);
#3206=CARTESIAN_POINT('',(3.36846,21.26765,-8.57143));
#3207=VERTEX_POINT('',#3206);
#3208=DIRECTION('',(-0.04948,-0.31242,0.94865));
#3209=VECTOR('',#3208,3.01178);
#3210=LINE('',#3184,#3209);
#3211=EDGE_CURVE('',#3185,#3207,#3210,.T.);
#3212=ORIENTED_EDGE('',*,*,#3211,.T.);
#3213=DIRECTION('',(-0.97237,0.23345,0.));
#3214=VECTOR('',#3213,3.37888);
#3215=LINE('',#2832,#3214);
#3216=EDGE_CURVE('',#2833,#3207,#3215,.T.);
#3217=ORIENTED_EDGE('',*,*,#3216,.F.);
#3218=ORIENTED_EDGE('',*,*,#2837,.F.);
#3219=ORIENTED_EDGE('',*,*,#3194,.T.);
#3220=EDGE_LOOP('',(#3212,#3217,#3218,#3219));
#3221=FACE_OUTER_BOUND('',#3220,.T.);
#3222=CARTESIAN_POINT('',(3.5175,22.20859,-11.42857));
#3223=DIRECTION('',(0.22153,0.92273,0.31544));
#3224=DIRECTION('',(-0.04948,-0.31242,0.94865));
#3225=AXIS2_PLACEMENT_3D('',#3222,#3223,#3224);
#3226=PLANE('',#3225);
#3227=ADVANCED_FACE('',(#3221),#3226,.T.);
#3228=CARTESIAN_POINT('',(3.26481,20.61317,-5.71429));
#3229=VERTEX_POINT('',#3228);
#3230=DIRECTION('',(-0.03534,-0.22314,0.97414));
#3231=VECTOR('',#3230,2.93298);
#3232=LINE('',#3206,#3231);
#3233=EDGE_CURVE('',#3207,#3229,#3232,.T.);
#3234=ORIENTED_EDGE('',*,*,#3233,.T.);
#3235=DIRECTION('',(-0.97237,0.23345,0.));
#3236=VECTOR('',#3235,3.2749);
#3237=LINE('',#2854,#3236);
#3238=EDGE_CURVE('',#2855,#3229,#3237,.T.);
#3239=ORIENTED_EDGE('',*,*,#3238,.F.);
#3240=ORIENTED_EDGE('',*,*,#2859,.F.);
#3241=ORIENTED_EDGE('',*,*,#3216,.T.);
#3242=EDGE_LOOP('',(#3234,#3239,#3240,#3241));
#3243=FACE_OUTER_BOUND('',#3242,.T.);
#3244=CARTESIAN_POINT('',(3.36846,21.26765,-8.57143));
#3245=DIRECTION('',(0.22745,0.94738,0.22526));
#3246=DIRECTION('',(-0.03534,-0.22314,0.97414));
#3247=AXIS2_PLACEMENT_3D('',#3244,#3245,#3246);
#3248=PLANE('',#3247);
#3249=ADVANCED_FACE('',(#3243),#3248,.T.);
#3250=CARTESIAN_POINT('',(3.20366,20.22709,-2.85714));
#3251=VERTEX_POINT('',#3250);
#3252=DIRECTION('',(-0.0212,-0.13388,0.99077));
#3253=VECTOR('',#3252,2.88376);
#3254=LINE('',#3228,#3253);
#3255=EDGE_CURVE('',#3229,#3251,#3254,.T.);
#3256=ORIENTED_EDGE('',*,*,#3255,.T.);
#3257=DIRECTION('',(-0.97237,0.23345,0.));
#3258=VECTOR('',#3257,3.21356);
#3259=LINE('',#2876,#3258);
#3260=EDGE_CURVE('',#2877,#3251,#3259,.T.);
#3261=ORIENTED_EDGE('',*,*,#3260,.F.);
#3262=ORIENTED_EDGE('',*,*,#2881,.F.);
#3263=ORIENTED_EDGE('',*,*,#3238,.T.);
#3264=EDGE_LOOP('',(#3256,#3261,#3262,#3263));
#3265=FACE_OUTER_BOUND('',#3264,.T.);
#3266=CARTESIAN_POINT('',(3.26481,20.61317,-5.71429));
#3267=DIRECTION('',(0.2313,0.96345,0.13514));
#3268=DIRECTION('',(-0.0212,-0.13388,0.99077));
#3269=AXIS2_PLACEMENT_3D('',#3266,#3267,#3268);
#3270=PLANE('',#3269);
#3271=ADVANCED_FACE('',(#3265),#3270,.T.);
#3272=CARTESIAN_POINT('',(3.18344,20.09946,0.));
#3273=VERTEX_POINT('',#3272);
#3274=DIRECTION('',(-0.00707,-0.04463,0.99898));
#3275=VECTOR('',#3274,2.86006);
#3276=LINE('',#3250,#3275);
#3277=EDGE_CURVE('',#3251,#3273,#3276,.T.);
#3278=ORIENTED_EDGE('',*,*,#3277,.T.);
#3279=DIRECTION('',(-0.97237,0.23345,0.));
#3280=VECTOR('',#3279,3.19329);
#3281=LINE('',#2898,#3280);
#3282=EDGE_CURVE('',#2899,#3273,#3281,.T.);
#3283=ORIENTED_EDGE('',*,*,#3282,.F.);
#3284=ORIENTED_EDGE('',*,*,#2903,.F.);
#3285=ORIENTED_EDGE('',*,*,#3260,.T.);
#3286=EDGE_LOOP('',(#3278,#3283,#3284,#3285));
#3287=FACE_OUTER_BOUND('',#3286,.T.);
#3288=CARTESIAN_POINT('',(3.20366,20.22709,-2.85714));
#3289=DIRECTION('',(0.23321,0.97138,0.04504));
#3290=DIRECTION('',(-0.00707,-0.04463,0.99898));
#3291=AXIS2_PLACEMENT_3D('',#3288,#3289,#3290);
#3292=PLANE('',#3291);
#3293=ADVANCED_FACE('',(#3287),#3292,.T.);
#3294=CARTESIAN_POINT('',(3.20366,20.22709,2.85714));
#3295=VERTEX_POINT('',#3294);
#3296=DIRECTION('',(0.00707,0.04463,0.99898));
#3297=VECTOR('',#3296,2.86006);
#3298=LINE('',#3272,#3297);
#3299=EDGE_CURVE('',#3273,#3295,#3298,.T.);
#3300=ORIENTED_EDGE('',*,*,#3299,.T.);
#3301=DIRECTION('',(-0.97237,0.23345,0.));
#3302=VECTOR('',#3301,3.21356);
#3303=LINE('',#2920,#3302);
#3304=EDGE_CURVE('',#2921,#3295,#3303,.T.);
#3305=ORIENTED_EDGE('',*,*,#3304,.F.);
#3306=ORIENTED_EDGE('',*,*,#2925,.F.);
#3307=ORIENTED_EDGE('',*,*,#3282,.T.);
#3308=EDGE_LOOP('',(#3300,#3305,#3306,#3307));
#3309=FACE_OUTER_BOUND('',#3308,.T.);
#3310=CARTESIAN_POINT('',(3.18344,20.09946,0.));
#3311=DIRECTION('',(0.23321,0.97138,-0.04504));
#3312=DIRECTION('',(0.00707,0.04463,0.99898));
#3313=AXIS2_PLACEMENT_3D('',#3310,#3311,#3312);
#3314=PLANE('',#3313);
#3315=ADVANCED_FACE('',(#3309),#3314,.T.);
#3316=CARTESIAN_POINT('',(3.26481,20.61317,5.71429));
#3317=VERTEX_POINT('',#3316);
#3318=DIRECTION('',(0.0212,0.13388,0.99077));
#3319=VECTOR('',#3318,2.88376);
#3320=LINE('',#3294,#3319);
#3321=EDGE_CURVE('',#3295,#3317,#3320,.T.);
#3322=ORIENTED_EDGE('',*,*,#3321,.T.);
#3323=DIRECTION('',(-0.97237,0.23345,0.));
#3324=VECTOR('',#3323,3.2749);
#3325=LINE('',#2942,#3324);
#3326=EDGE_CURVE('',#2943,#3317,#3325,.T.);
#3327=ORIENTED_EDGE('',*,*,#3326,.F.);
#3328=ORIENTED_EDGE('',*,*,#2947,.F.);
#3329=ORIENTED_EDGE('',*,*,#3304,.T.);
#3330=EDGE_LOOP('',(#3322,#3327,#3328,#3329));
#3331=FACE_OUTER_BOUND('',#3330,.T.);
#3332=CARTESIAN_POINT('',(3.20366,20.22709,2.85714));
#3333=DIRECTION('',(0.2313,0.96345,-0.13514));
#3334=DIRECTION('',(0.0212,0.13388,0.99077));
#3335=AXIS2_PLACEMENT_3D('',#3332,#3333,#3334);
#3336=PLANE('',#3335);
#3337=ADVANCED_FACE('',(#3331),#3336,.T.);
#3338=CARTESIAN_POINT('',(3.36846,21.26765,8.57143));
#3339=VERTEX_POINT('',#3338);
#3340=DIRECTION('',(0.03534,0.22314,0.97414));
#3341=VECTOR('',#3340,2.93298);
#3342=LINE('',#3316,#3341);
#3343=EDGE_CURVE('',#3317,#3339,#3342,.T.);
#3344=ORIENTED_EDGE('',*,*,#3343,.T.);
#3345=DIRECTION('',(-0.97237,0.23345,0.));
#3346=VECTOR('',#3345,3.37888);
#3347=LINE('',#2964,#3346);
#3348=EDGE_CURVE('',#2965,#3339,#3347,.T.);
#3349=ORIENTED_EDGE('',*,*,#3348,.F.);
#3350=ORIENTED_EDGE('',*,*,#2969,.F.);
#3351=ORIENTED_EDGE('',*,*,#3326,.T.);
#3352=EDGE_LOOP('',(#3344,#3349,#3350,#3351));
#3353=FACE_OUTER_BOUND('',#3352,.T.);
#3354=CARTESIAN_POINT('',(3.26481,20.61317,5.71429));
#3355=DIRECTION('',(0.22745,0.94738,-0.22526));
#3356=DIRECTION('',(0.03534,0.22314,0.97414));
#3357=AXIS2_PLACEMENT_3D('',#3354,#3355,#3356);
#3358=PLANE('',#3357);
#3359=ADVANCED_FACE('',(#3353),#3358,.T.);
#3360=CARTESIAN_POINT('',(3.5175,22.20859,11.42857));
#3361=VERTEX_POINT('',#3360);
#3362=DIRECTION('',(0.04948,0.31242,0.94865));
#3363=VECTOR('',#3362,3.01178);
#3364=LINE('',#3338,#3363);
#3365=EDGE_CURVE('',#3339,#3361,#3364,.T.);
#3366=ORIENTED_EDGE('',*,*,#3365,.T.);
#3367=DIRECTION('',(-0.97237,0.23345,0.));
#3368=VECTOR('',#3367,3.52837);
#3369=LINE('',#2986,#3368);
#3370=EDGE_CURVE('',#2987,#3361,#3369,.T.);
#3371=ORIENTED_EDGE('',*,*,#3370,.F.);
#3372=ORIENTED_EDGE('',*,*,#2991,.F.);
#3373=ORIENTED_EDGE('',*,*,#3348,.T.);
#3374=EDGE_LOOP('',(#3366,#3371,#3372,#3373));
#3375=FACE_OUTER_BOUND('',#3374,.T.);
#3376=CARTESIAN_POINT('',(3.36846,21.26765,8.57143));
#3377=DIRECTION('',(0.22153,0.92273,-0.31544));
#3378=DIRECTION('',(0.04948,0.31242,0.94865));
#3379=AXIS2_PLACEMENT_3D('',#3376,#3377,#3378);
#3380=PLANE('',#3379);
#3381=ADVANCED_FACE('',(#3375),#3380,.T.);
#3382=CARTESIAN_POINT('',(3.71649,23.46497,14.28571));
#3383=VERTEX_POINT('',#3382);
#3384=DIRECTION('',(0.06363,0.40172,0.91355));
#3385=VECTOR('',#3384,3.12752);
#3386=LINE('',#3360,#3385);
#3387=EDGE_CURVE('',#3361,#3383,#3386,.T.);
#3388=ORIENTED_EDGE('',*,*,#3387,.T.);
#3389=DIRECTION('',(-0.97237,0.23345,0.));
#3390=VECTOR('',#3389,3.72798);
#3391=LINE('',#3008,#3390);
#3392=EDGE_CURVE('',#3009,#3383,#3391,.T.);
#3393=ORIENTED_EDGE('',*,*,#3392,.F.);
#3394=ORIENTED_EDGE('',*,*,#3013,.F.);
#3395=ORIENTED_EDGE('',*,*,#3370,.T.);
#3396=EDGE_LOOP('',(#3388,#3393,#3394,#3395));
#3397=FACE_OUTER_BOUND('',#3396,.T.);
#3398=CARTESIAN_POINT('',(3.5175,22.20859,11.42857));
#3399=DIRECTION('',(0.21337,0.88876,-0.40568));
#3400=DIRECTION('',(0.06363,0.40172,0.91355));
#3401=AXIS2_PLACEMENT_3D('',#3398,#3399,#3400);
#3402=PLANE('',#3401);
#3403=ADVANCED_FACE('',(#3397),#3402,.T.);
#3404=CARTESIAN_POINT('',(3.9726,25.08199,17.14286));
#3405=VERTEX_POINT('',#3404);
#3406=DIRECTION('',(0.07778,0.49105,0.86765));
#3407=VECTOR('',#3406,3.29297);
#3408=LINE('',#3382,#3407);
#3409=EDGE_CURVE('',#3383,#3405,#3408,.T.);
#3410=ORIENTED_EDGE('',*,*,#3409,.T.);
#3411=DIRECTION('',(-0.97237,0.23345,0.));
#3412=VECTOR('',#3411,3.98488);
#3413=LINE('',#3030,#3412);
#3414=EDGE_CURVE('',#3031,#3405,#3413,.T.);
#3415=ORIENTED_EDGE('',*,*,#3414,.F.);
#3416=ORIENTED_EDGE('',*,*,#3035,.F.);
#3417=ORIENTED_EDGE('',*,*,#3392,.T.);
#3418=EDGE_LOOP('',(#3410,#3415,#3416,#3417));
#3419=FACE_OUTER_BOUND('',#3418,.T.);
#3420=CARTESIAN_POINT('',(3.71649,23.46497,14.28571));
#3421=DIRECTION('',(0.2027,0.84432,-0.49602));
#3422=DIRECTION('',(0.07778,0.49105,0.86765));
#3423=AXIS2_PLACEMENT_3D('',#3420,#3421,#3422);
#3424=PLANE('',#3423);
#3425=ADVANCED_FACE('',(#3419),#3424,.T.);
#3426=CARTESIAN_POINT('',(4.29725,27.13177,20.));
#3427=VERTEX_POINT('',#3426);
#3428=DIRECTION('',(0.09194,0.58045,0.80909));
#3429=VECTOR('',#3428,3.53132);
#3430=LINE('',#3404,#3429);
#3431=EDGE_CURVE('',#3405,#3427,#3430,.T.);
#3432=ORIENTED_EDGE('',*,*,#3431,.T.);
#3433=DIRECTION('',(-0.97237,0.23345,0.));
#3434=VECTOR('',#3433,4.31054);
#3435=LINE('',#3052,#3434);
#3436=EDGE_CURVE('',#3053,#3427,#3435,.T.);
#3437=ORIENTED_EDGE('',*,*,#3436,.F.);
#3438=ORIENTED_EDGE('',*,*,#3057,.F.);
#3439=ORIENTED_EDGE('',*,*,#3414,.T.);
#3440=EDGE_LOOP('',(#3432,#3437,#3438,#3439));
#3441=FACE_OUTER_BOUND('',#3440,.T.);
#3442=CARTESIAN_POINT('',(3.9726,25.08199,17.14286));
#3443=DIRECTION('',(0.18908,0.78757,-0.5865));
#3444=DIRECTION('',(0.09194,0.58045,0.80909));
#3445=AXIS2_PLACEMENT_3D('',#3442,#3443,#3444);
#3446=PLANE('',#3445);
#3447=ADVANCED_FACE('',(#3441),#3446,.T.);
#3448=CARTESIAN_POINT('',(0.86039,5.43229,20.));
#3449=VERTEX_POINT('',#3448);
#3450=DIRECTION('',(-0.15643,-0.98769,0.));
#3451=VECTOR('',#3450,21.96997);
#3452=LINE('',#3426,#3451);
#3453=EDGE_CURVE('',#3427,#3449,#3452,.T.);
#3454=ORIENTED_EDGE('',*,*,#3453,.T.);
#3455=DIRECTION('',(-0.97237,0.23345,0.));
#3456=VECTOR('',#3455,0.86305);
#3457=LINE('',#3074,#3456);
#3458=EDGE_CURVE('',#3075,#3449,#3457,.T.);
#3459=ORIENTED_EDGE('',*,*,#3458,.F.);
#3460=ORIENTED_EDGE('',*,*,#3079,.F.);
#3461=ORIENTED_EDGE('',*,*,#3436,.T.);
#3462=EDGE_LOOP('',(#3454,#3459,#3460,#3461));
#3463=FACE_OUTER_BOUND('',#3462,.T.);
#3464=CARTESIAN_POINT('',(4.29725,27.13177,20.));
#3465=DIRECTION('',(0.,0.,1.));
#3466=DIRECTION('',(-0.15643,-0.98769,0.));
#3467=AXIS2_PLACEMENT_3D('',#3464,#3465,#3466);
#3468=PLANE('',#3467);
#3469=ADVANCED_FACE('',(#3463),#3468,.T.);
#3470=DIRECTION('',(0.,0.,1.));
#3471=VECTOR('',#3470,40.);
#3472=LINE('',#3112,#3471);
#3473=EDGE_CURVE('',#3113,#3449,#3472,.T.);
#3474=ORIENTED_EDGE('',*,*,#3473,.F.);
#3475=ORIENTED_EDGE('',*,*,#3130,.F.);
#3476=ORIENTED_EDGE('',*,*,#3099,.T.);
#3477=ORIENTED_EDGE('',*,*,#3458,.T.);
#3478=EDGE_LOOP('',(#3474,#3475,#3476,#3477));
#3479=FACE_OUTER_BOUND('',#3478,.T.);
#3480=CARTESIAN_POINT('',(0.86039,5.43229,20.));
#3481=DIRECTION('',(-0.23345,-0.97237,0.));
#3482=DIRECTION('',(0.,0.,-1.));
#3483=AXIS2_PLACEMENT_3D('',#3480,#3481,#3482);
#3484=PLANE('',#3483);
#3485=ADVANCED_FACE('',(#3479),#3484,.T.);
#3486=CARTESIAN_POINT('',(0.,5.5,-20.));
#3487=VERTEX_POINT('',#3486);
#3488=CARTESIAN_POINT('',(0.,27.46997,-20.));
#3489=VERTEX_POINT('',#3488);
#3490=DIRECTION('',(0.,1.,0.));
#3491=VECTOR('',#3490,21.96997);
#3492=LINE('',#3486,#3491);
#3493=EDGE_CURVE('',#3487,#3489,#3492,.T.);
#3494=ORIENTED_EDGE('',*,*,#3493,.T.);
#3495=DIRECTION('',(-0.99692,0.07846,0.));
#3496=VECTOR('',#3495,4.31054);
#3497=LINE('',#3114,#3496);
#3498=EDGE_CURVE('',#3115,#3489,#3497,.T.);
#3499=ORIENTED_EDGE('',*,*,#3498,.F.);
#3500=ORIENTED_EDGE('',*,*,#3119,.F.);
#3501=DIRECTION('',(-0.99692,0.07846,0.));
#3502=VECTOR('',#3501,0.86305);
#3503=LINE('',#3112,#3502);
#3504=EDGE_CURVE('',#3113,#3487,#3503,.T.);
#3505=ORIENTED_EDGE('',*,*,#3504,.T.);
#3506=EDGE_LOOP('',(#3494,#3499,#3500,#3505));
#3507=FACE_OUTER_BOUND('',#3506,.T.);
#3508=CARTESIAN_POINT('',(0.,5.5,-20.));
#3509=DIRECTION('',(0.,0.,-1.));
#3510=DIRECTION('',(0.,1.,0.));
#3511=AXIS2_PLACEMENT_3D('',#3508,#3509,#3510);
#3512=PLANE('',#3511);
#3513=ADVANCED_FACE('',(#3507),#3512,.T.);
#3514=CARTESIAN_POINT('',(0.,25.39464,-17.14286));
#3515=VERTEX_POINT('',#3514);
#3516=DIRECTION('',(0.,-0.58769,0.80909));
#3517=VECTOR('',#3516,3.53132);
#3518=LINE('',#3488,#3517);
#3519=EDGE_CURVE('',#3489,#3515,#3518,.T.);
#3520=ORIENTED_EDGE('',*,*,#3519,.T.);
#3521=DIRECTION('',(-0.99692,0.07846,0.));
#3522=VECTOR('',#3521,3.98488);
#3523=LINE('',#3140,#3522);
#3524=EDGE_CURVE('',#3141,#3515,#3523,.T.);
#3525=ORIENTED_EDGE('',*,*,#3524,.F.);
#3526=ORIENTED_EDGE('',*,*,#3145,.F.);
#3527=ORIENTED_EDGE('',*,*,#3498,.T.);
#3528=EDGE_LOOP('',(#3520,#3525,#3526,#3527));
#3529=FACE_OUTER_BOUND('',#3528,.T.);
#3530=CARTESIAN_POINT('',(0.,27.46997,-20.));
#3531=DIRECTION('',(0.06355,0.80745,0.5865));
#3532=DIRECTION('',(0.,-0.58769,0.80909));
#3533=AXIS2_PLACEMENT_3D('',#3530,#3531,#3532);
#3534=PLANE('',#3533);
#3535=ADVANCED_FACE('',(#3529),#3534,.T.);
#3536=CARTESIAN_POINT('',(0.,23.75746,-14.28571));
#3537=VERTEX_POINT('',#3536);
#3538=DIRECTION('',(0.,-0.49718,0.86765));
#3539=VECTOR('',#3538,3.29297);
#3540=LINE('',#3514,#3539);
#3541=EDGE_CURVE('',#3515,#3537,#3540,.T.);
#3542=ORIENTED_EDGE('',*,*,#3541,.T.);
#3543=DIRECTION('',(-0.99692,0.07846,0.));
#3544=VECTOR('',#3543,3.72798);
#3545=LINE('',#3162,#3544);
#3546=EDGE_CURVE('',#3163,#3537,#3545,.T.);
#3547=ORIENTED_EDGE('',*,*,#3546,.F.);
#3548=ORIENTED_EDGE('',*,*,#3167,.F.);
#3549=ORIENTED_EDGE('',*,*,#3524,.T.);
#3550=EDGE_LOOP('',(#3542,#3547,#3548,#3549));
#3551=FACE_OUTER_BOUND('',#3550,.T.);
#3552=CARTESIAN_POINT('',(0.,25.39464,-17.14286));
#3553=DIRECTION('',(0.06813,0.86563,0.49602));
#3554=DIRECTION('',(0.,-0.49718,0.86765));
#3555=AXIS2_PLACEMENT_3D('',#3552,#3553,#3554);
#3556=PLANE('',#3555);
#3557=ADVANCED_FACE('',(#3551),#3556,.T.);
#3558=CARTESIAN_POINT('',(0.,22.48542,-11.42857));
#3559=VERTEX_POINT('',#3558);
#3560=DIRECTION('',(0.,-0.40673,0.91355));
#3561=VECTOR('',#3560,3.12752);
#3562=LINE('',#3536,#3561);
#3563=EDGE_CURVE('',#3537,#3559,#3562,.T.);
#3564=ORIENTED_EDGE('',*,*,#3563,.T.);
#3565=DIRECTION('',(-0.99692,0.07846,0.));
#3566=VECTOR('',#3565,3.52837);
#3567=LINE('',#3184,#3566);
#3568=EDGE_CURVE('',#3185,#3559,#3567,.T.);
#3569=ORIENTED_EDGE('',*,*,#3568,.F.);
#3570=ORIENTED_EDGE('',*,*,#3189,.F.);
#3571=ORIENTED_EDGE('',*,*,#3546,.T.);
#3572=EDGE_LOOP('',(#3564,#3569,#3570,#3571));
#3573=FACE_OUTER_BOUND('',#3572,.T.);
#3574=CARTESIAN_POINT('',(0.,23.75746,-14.28571));
#3575=DIRECTION('',(0.07171,0.9112,0.40568));
#3576=DIRECTION('',(0.,-0.40673,0.91355));
#3577=AXIS2_PLACEMENT_3D('',#3574,#3575,#3576);
#3578=PLANE('',#3577);
#3579=ADVANCED_FACE('',(#3573),#3578,.T.);
#3580=CARTESIAN_POINT('',(0.,21.53275,-8.57143));
#3581=VERTEX_POINT('',#3580);
#3582=DIRECTION('',(0.,-0.31631,0.94865));
#3583=VECTOR('',#3582,3.01178);
#3584=LINE('',#3558,#3583);
#3585=EDGE_CURVE('',#3559,#3581,#3584,.T.);
#3586=ORIENTED_EDGE('',*,*,#3585,.T.);
#3587=DIRECTION('',(-0.99692,0.07846,0.));
#3588=VECTOR('',#3587,3.37888);
#3589=LINE('',#3206,#3588);
#3590=EDGE_CURVE('',#3207,#3581,#3589,.T.);
#3591=ORIENTED_EDGE('',*,*,#3590,.F.);
#3592=ORIENTED_EDGE('',*,*,#3211,.F.);
#3593=ORIENTED_EDGE('',*,*,#3568,.T.);
#3594=EDGE_LOOP('',(#3586,#3591,#3592,#3593));
#3595=FACE_OUTER_BOUND('',#3594,.T.);
#3596=CARTESIAN_POINT('',(0.,22.48542,-11.42857));
#3597=DIRECTION('',(0.07445,0.94602,0.31544));
#3598=DIRECTION('',(0.,-0.31631,0.94865));
#3599=AXIS2_PLACEMENT_3D('',#3596,#3597,#3598);
#3600=PLANE('',#3599);
#3601=ADVANCED_FACE('',(#3595),#3600,.T.);
#3602=CARTESIAN_POINT('',(0.,20.87012,-5.71429));
#3603=VERTEX_POINT('',#3602);
#3604=DIRECTION('',(0.,-0.22593,0.97414));
#3605=VECTOR('',#3604,2.93298);
#3606=LINE('',#3580,#3605);
#3607=EDGE_CURVE('',#3581,#3603,#3606,.T.);
#3608=ORIENTED_EDGE('',*,*,#3607,.T.);
#3609=DIRECTION('',(-0.99692,0.07846,0.));
#3610=VECTOR('',#3609,3.2749);
#3611=LINE('',#3228,#3610);
#3612=EDGE_CURVE('',#3229,#3603,#3611,.T.);
#3613=ORIENTED_EDGE('',*,*,#3612,.F.);
#3614=ORIENTED_EDGE('',*,*,#3233,.F.);
#3615=ORIENTED_EDGE('',*,*,#3590,.T.);
#3616=EDGE_LOOP('',(#3608,#3613,#3614,#3615));
#3617=FACE_OUTER_BOUND('',#3616,.T.);
#3618=CARTESIAN_POINT('',(0.,21.53275,-8.57143));
#3619=DIRECTION('',(0.07644,0.97129,0.22526));
#3620=DIRECTION('',(0.,-0.22593,0.97414));
#3621=AXIS2_PLACEMENT_3D('',#3618,#3619,#3620);
#3622=PLANE('',#3621);
#3623=ADVANCED_FACE('',(#3617),#3622,.T.);
#3624=CARTESIAN_POINT('',(0.,20.47923,-2.85714));
#3625=VERTEX_POINT('',#3624);
#3626=DIRECTION('',(0.,-0.13555,0.99077));
#3627=VECTOR('',#3626,2.88376);
#3628=LINE('',#3602,#3627);
#3629=EDGE_CURVE('',#3603,#3625,#3628,.T.);
#3630=ORIENTED_EDGE('',*,*,#3629,.T.);
#3631=DIRECTION('',(-0.99692,0.07846,0.));
#3632=VECTOR('',#3631,3.21356);
#3633=LINE('',#3250,#3632);
#3634=EDGE_CURVE('',#3251,#3625,#3633,.T.);
#3635=ORIENTED_EDGE('',*,*,#3634,.F.);
#3636=ORIENTED_EDGE('',*,*,#3255,.F.);
#3637=ORIENTED_EDGE('',*,*,#3612,.T.);
#3638=EDGE_LOOP('',(#3630,#3635,#3636,#3637));
#3639=FACE_OUTER_BOUND('',#3638,.T.);
#3640=CARTESIAN_POINT('',(0.,20.87012,-5.71429));
#3641=DIRECTION('',(0.07774,0.98777,0.13514));
#3642=DIRECTION('',(0.,-0.13555,0.99077));
#3643=AXIS2_PLACEMENT_3D('',#3640,#3641,#3642);
#3644=PLANE('',#3643);
#3645=ADVANCED_FACE('',(#3639),#3644,.T.);
#3646=CARTESIAN_POINT('',(0.,20.35,0.));
#3647=VERTEX_POINT('',#3646);
#3648=DIRECTION('',(0.,-0.04518,0.99898));
#3649=VECTOR('',#3648,2.86006);
#3650=LINE('',#3624,#3649);
#3651=EDGE_CURVE('',#3625,#3647,#3650,.T.);
#3652=ORIENTED_EDGE('',*,*,#3651,.T.);
#3653=DIRECTION('',(-0.99692,0.07846,0.));
#3654=VECTOR('',#3653,3.19329);
#3655=LINE('',#3272,#3654);
#3656=EDGE_CURVE('',#3273,#3647,#3655,.T.);
#3657=ORIENTED_EDGE('',*,*,#3656,.F.);
#3658=ORIENTED_EDGE('',*,*,#3277,.F.);
#3659=ORIENTED_EDGE('',*,*,#3634,.T.);
#3660=EDGE_LOOP('',(#3652,#3657,#3658,#3659));
#3661=FACE_OUTER_BOUND('',#3660,.T.);
#3662=CARTESIAN_POINT('',(0.,20.47923,-2.85714));
#3663=DIRECTION('',(0.07838,0.99591,0.04504));
#3664=DIRECTION('',(0.,-0.04518,0.99898));
#3665=AXIS2_PLACEMENT_3D('',#3662,#3663,#3664);
#3666=PLANE('',#3665);
#3667=ADVANCED_FACE('',(#3661),#3666,.T.);
#3668=CARTESIAN_POINT('',(0.,20.47923,2.85714));
#3669=VERTEX_POINT('',#3668);
#3670=DIRECTION('',(0.,0.04518,0.99898));
#3671=VECTOR('',#3670,2.86006);
#3672=LINE('',#3646,#3671);
#3673=EDGE_CURVE('',#3647,#3669,#3672,.T.);
#3674=ORIENTED_EDGE('',*,*,#3673,.T.);
#3675=DIRECTION('',(-0.99692,0.07846,0.));
#3676=VECTOR('',#3675,3.21356);
#3677=LINE('',#3294,#3676);
#3678=EDGE_CURVE('',#3295,#3669,#3677,.T.);
#3679=ORIENTED_EDGE('',*,*,#3678,.F.);
#3680=ORIENTED_EDGE('',*,*,#3299,.F.);
#3681=ORIENTED_EDGE('',*,*,#3656,.T.);
#3682=EDGE_LOOP('',(#3674,#3679,#3680,#3681));
#3683=FACE_OUTER_BOUND('',#3682,.T.);
#3684=CARTESIAN_POINT('',(0.,20.35,0.));
#3685=DIRECTION('',(0.07838,0.99591,-0.04504));
#3686=DIRECTION('',(0.,0.04518,0.99898));
#3687=AXIS2_PLACEMENT_3D('',#3684,#3685,#3686);
#3688=PLANE('',#3687);
#3689=ADVANCED_FACE('',(#3683),#3688,.T.);
#3690=CARTESIAN_POINT('',(0.,20.87012,5.71429));
#3691=VERTEX_POINT('',#3690);
#3692=DIRECTION('',(0.,0.13555,0.99077));
#3693=VECTOR('',#3692,2.88376);
#3694=LINE('',#3668,#3693);
#3695=EDGE_CURVE('',#3669,#3691,#3694,.T.);
#3696=ORIENTED_EDGE('',*,*,#3695,.T.);
#3697=DIRECTION('',(-0.99692,0.07846,0.));
#3698=VECTOR('',#3697,3.2749);
#3699=LINE('',#3316,#3698);
#3700=EDGE_CURVE('',#3317,#3691,#3699,.T.);
#3701=ORIENTED_EDGE('',*,*,#3700,.F.);
#3702=ORIENTED_EDGE('',*,*,#3321,.F.);
#3703=ORIENTED_EDGE('',*,*,#3678,.T.);
#3704=EDGE_LOOP('',(#3696,#3701,#3702,#3703));
#3705=FACE_OUTER_BOUND('',#3704,.T.);
#3706=CARTESIAN_POINT('',(0.,20.47923,2.85714));
#3707=DIRECTION('',(0.07774,0.98777,-0.13514));
#3708=DIRECTION('',(0.,0.13555,0.99077));
#3709=AXIS2_PLACEMENT_3D('',#3706,#3707,#3708);
#3710=PLANE('',#3709);
#3711=ADVANCED_FACE('',(#3705),#3710,.T.);
#3712=CARTESIAN_POINT('',(0.,21.53275,8.57143));
#3713=VERTEX_POINT('',#3712);
#3714=DIRECTION('',(0.,0.22593,0.97414));
#3715=VECTOR('',#3714,2.93298);
#3716=LINE('',#3690,#3715);
#3717=EDGE_CURVE('',#3691,#3713,#3716,.T.);
#3718=ORIENTED_EDGE('',*,*,#3717,.T.);
#3719=DIRECTION('',(-0.99692,0.07846,0.));
#3720=VECTOR('',#3719,3.37888);
#3721=LINE('',#3338,#3720);
#3722=EDGE_CURVE('',#3339,#3713,#3721,.T.);
#3723=ORIENTED_EDGE('',*,*,#3722,.F.);
#3724=ORIENTED_EDGE('',*,*,#3343,.F.);
#3725=ORIENTED_EDGE('',*,*,#3700,.T.);
#3726=EDGE_LOOP('',(#3718,#3723,#3724,#3725));
#3727=FACE_OUTER_BOUND('',#3726,.T.);
#3728=CARTESIAN_POINT('',(0.,20.87012,5.71429));
#3729=DIRECTION('',(0.07644,0.97129,-0.22526));
#3730=DIRECTION('',(0.,0.22593,0.97414));
#3731=AXIS2_PLACEMENT_3D('',#3728,#3729,#3730);
#3732=PLANE('',#3731);
#3733=ADVANCED_FACE('',(#3727),#3732,.T.);
#3734=CARTESIAN_POINT('',(0.,22.48542,11.42857));
#3735=VERTEX_POINT('',#3734);
#3736=DIRECTION('',(0.,0.31631,0.94865));
#3737=VECTOR('',#3736,3.01178);
#3738=LINE('',#3712,#3737);
#3739=EDGE_CURVE('',#3713,#3735,#3738,.T.);
#3740=ORIENTED_EDGE('',*,*,#3739,.T.);
#3741=DIRECTION('',(-0.99692,0.07846,0.));
#3742=VECTOR('',#3741,3.52837);
#3743=LINE('',#3360,#3742);
#3744=EDGE_CURVE('',#3361,#3735,#3743,.T.);
#3745=ORIENTED_EDGE('',*,*,#3744,.F.);
#3746=ORIENTED_EDGE('',*,*,#3365,.F.);
#3747=ORIENTED_EDGE('',*,*,#3722,.T.);
#3748=EDGE_LOOP('',(#3740,#3745,#3746,#3747));
#3749=FACE_OUTER_BOUND('',#3748,.T.);
#3750=CARTESIAN_POINT('',(0.,21.53275,8.57143));
#3751=DIRECTION('',(0.07445,0.94602,-0.31544));
#3752=DIRECTION('',(0.,0.31631,0.94865));
#3753=AXIS2_PLACEMENT_3D('',#3750,#3751,#3752);
#3754=PLANE('',#3753);
#3755=ADVANCED_FACE('',(#3749),#3754,.T.);
#3756=CARTESIAN_POINT('',(0.,23.75746,14.28571));
#3757=VERTEX_POINT('',#3756);
#3758=DIRECTION('',(0.,0.40673,0.91355));
#3759=VECTOR('',#3758,3.12752);
#3760=LINE('',#3734,#3759);
#3761=EDGE_CURVE('',#3735,#3757,#3760,.T.);
#3762=ORIENTED_EDGE('',*,*,#3761,.T.);
#3763=DIRECTION('',(-0.99692,0.07846,0.));
#3764=VECTOR('',#3763,3.72798);
#3765=LINE('',#3382,#3764);
#3766=EDGE_CURVE('',#3383,#3757,#3765,.T.);
#3767=ORIENTED_EDGE('',*,*,#3766,.F.);
#3768=ORIENTED_EDGE('',*,*,#3387,.F.);
#3769=ORIENTED_EDGE('',*,*,#3744,.T.);
#3770=EDGE_LOOP('',(#3762,#3767,#3768,#3769));
#3771=FACE_OUTER_BOUND('',#3770,.T.);
#3772=CARTESIAN_POINT('',(0.,22.48542,11.42857));
#3773=DIRECTION('',(0.07171,0.9112,-0.40568));
#3774=DIRECTION('',(0.,0.40673,0.91355));
#3775=AXIS2_PLACEMENT_3D('',#3772,#3773,#3774);
#3776=PLANE('',#3775);
#3777=ADVANCED_FACE('',(#3771),#3776,.T.);
#3778=CARTESIAN_POINT('',(0.,25.39464,17.14286));
#3779=VERTEX_POINT('',#3778);
#3780=DIRECTION('',(0.,0.49718,0.86765));
#3781=VECTOR('',#3780,3.29297);
#3782=LINE('',#3756,#3781);
#3783=EDGE_CURVE('',#3757,#3779,#3782,.T.);
#3784=ORIENTED_EDGE('',*,*,#3783,.T.);
#3785=DIRECTION('',(-0.99692,0.07846,0.));
#3786=VECTOR('',#3785,3.98488);
#3787=LINE('',#3404,#3786);
#3788=EDGE_CURVE('',#3405,#3779,#3787,.T.);
#3789=ORIENTED_EDGE('',*,*,#3788,.F.);
#3790=ORIENTED_EDGE('',*,*,#3409,.F.);
#3791=ORIENTED_EDGE('',*,*,#3766,.T.);
#3792=EDGE_LOOP('',(#3784,#3789,#3790,#3791));
#3793=FACE_OUTER_BOUND('',#3792,.T.);
#3794=CARTESIAN_POINT('',(0.,23.75746,14.28571));
#3795=DIRECTION('',(0.06813,0.86563,-0.49602));
#3796=DIRECTION('',(0.,0.49718,0.86765));
#3797=AXIS2_PLACEMENT_3D('',#3794,#3795,#3796);
#3798=PLANE('',#3797);
#3799=ADVANCED_FACE('',(#3793),#3798,.T.);
#3800=CARTESIAN_POINT('',(0.,27.46997,20.));
#3801=VERTEX_POINT('',#3800);
#3802=DIRECTION('',(0.,0.58769,0.80909));
#3803=VECTOR('',#3802,3.53132);
#3804=LINE('',#3778,#3803);
#3805=EDGE_CURVE('',#3779,#3801,#3804,.T.);
#3806=ORIENTED_EDGE('',*,*,#3805,.T.);
#3807=DIRECTION('',(-0.99692,0.07846,0.));
#3808=VECTOR('',#3807,4.31054);
#3809=LINE('',#3426,#3808);
#3810=EDGE_CURVE('',#3427,#3801,#3809,.T.);
#3811=ORIENTED_EDGE('',*,*,#3810,.F.);
#3812=ORIENTED_EDGE('',*,*,#3431,.F.);
#3813=ORIENTED_EDGE('',*,*,#3788,.T.);
#3814=EDGE_LOOP('',(#3806,#3811,#3812,#3813));
#3815=FACE_OUTER_BOUND('',#3814,.T.);
#3816=CARTESIAN_POINT('',(0.,25.39464,17.14286));
#3817=DIRECTION('',(0.06355,0.80745,-0.5865));
#3818=DIRECTION('',(0.,0.58769,0.80909));
#3819=AXIS2_PLACEMENT_3D('',#3816,#3817,#3818);
#3820=PLANE('',#3819);
#3821=ADVANCED_FACE('',(#3815),#3820,.T.);
#3822=CARTESIAN_POINT('',(0.,5.5,20.));
#3823=VERTEX_POINT('',#3822);
#3824=DIRECTION('',(0.,-1.,0.));
#3825=VECTOR('',#3824,21.96997);
#3826=LINE('',#3800,#3825);
#3827=EDGE_CURVE('',#3801,#3823,#3826,.T.);
#3828=ORIENTED_EDGE('',*,*,#3827,.T.);
#3829=DIRECTION('',(-0.99692,0.07846,0.));
#3830=VECTOR('',#3829,0.86305);
#3831=LINE('',#3448,#3830);
#3832=EDGE_CURVE('',#3449,#3823,#3831,.T.);
#3833=ORIENTED_EDGE('',*,*,#3832,.F.);
#3834=ORIENTED_EDGE('',*,*,#3453,.F.);
#3835=ORIENTED_EDGE('',*,*,#3810,.T.);
#3836=EDGE_LOOP('',(#3828,#3833,#3834,#3835));
#3837=FACE_OUTER_BOUND('',#3836,.T.);
#3838=CARTESIAN_POINT('',(0.,27.46997,20.));
#3839=DIRECTION('',(0.,0.,1.));
#3840=DIRECTION('',(0.,-1.,0.));
#3841=AXIS2_PLACEMENT_3D('',#3838,#3839,#3840);
#3842=PLANE('',#3841);
#3843=ADVANCED_FACE('',(#3837),#3842,.T.);
#3844=DIRECTION('',(0.,0.,1.));
#3845=VECTOR('',#3844,40.);
#3846=LINE('',#3486,#3845);
#3847=EDGE_CURVE('',#3487,#3823,#3846,.T.);
#3848=ORIENTED_EDGE('',*,*,#3847,.F.);
#3849=ORIENTED_EDGE('',*,*,#3504,.F.);
#3850=ORIENTED_EDGE('',*,*,#3473,.T.);
#3851=ORIENTED_EDGE('',*,*,#3832,.T.);
#3852=EDGE_LOOP('',(#3848,#3849,#3850,#3851));
#3853=FACE_OUTER_BOUND('',#3852,.T.);
#3854=CARTESIAN_POINT('',(0.,5.5,20.));
#3855=DIRECTION('',(-0.07846,-0.99692,0.));
#3856=DIRECTION('',(0.,0.,-1.));
#3857=AXIS2_PLACEMENT_3D('',#3854,#3855,#3856);
#3858=PLANE('',#3857);
#3859=ADVANCED_FACE('',(#3853),#3858,.T.);
#3860=CARTESIAN_POINT('',(-0.86039,5.43229,-20.));
#3861=VERTEX_POINT('',#3860);
#3862=CARTESIAN_POINT('',(-4.29725,27.13177,-20.));
#3863=VERTEX_POINT('',#3862);
#3864=DIRECTION('',(-0.15643,0.98769,0.));
#3865=VECTOR('',#3864,21.96997);
#3866=LINE('',#3860,#3865);
#3867=EDGE_CURVE('',#3861,#3863,#3866,.T.);
#3868=ORIENTED_EDGE('',*,*,#3867,.T.);
#3869=DIRECTION('',(-0.99692,-0.07846,0.));
#3870=VECTOR('',#3869,4.31054);
#3871=LINE('',#3488,#3870);
#3872=EDGE_CURVE('',#3489,#3863,#3871,.T.);
#3873=ORIENTED_EDGE('',*,*,#3872,.F.);
#3874=ORIENTED_EDGE('',*,*,#3493,.F.);
#3875=DIRECTION('',(-0.99692,-0.07846,0.));
#3876=VECTOR('',#3875,0.86305);
#3877=LINE('',#3486,#3876);
#3878=EDGE_CURVE('',#3487,#3861,#3877,.T.);
#3879=ORIENTED_EDGE('',*,*,#3878,.T.);
#3880=EDGE_LOOP('',(#3868,#3873,#3874,#3879));
#3881=FACE_OUTER_BOUND('',#3880,.T.);
#3882=CARTESIAN_POINT('',(-0.86039,5.43229,-20.));
#3883=DIRECTION('',(0.,0.,-1.));
#3884=DIRECTION('',(-0.15643,0.98769,0.));
#3885=AXIS2_PLACEMENT_3D('',#3882,#3883,#3884);
#3886=PLANE('',#3885);
#3887=ADVANCED_FACE('',(#3881),#3886,.T.);
#3888=CARTESIAN_POINT('',(-3.9726,25.08199,-17.14286));
#3889=VERTEX_POINT('',#3888);
#3890=DIRECTION('',(0.09194,-0.58045,0.80909));
#3891=VECTOR('',#3890,3.53132);
#3892=LINE('',#3862,#3891);
#3893=EDGE_CURVE('',#3863,#3889,#3892,.T.);
#3894=ORIENTED_EDGE('',*,*,#3893,.T.);
#3895=DIRECTION('',(-0.99692,-0.07846,0.));
#3896=VECTOR('',#3895,3.98488);
#3897=LINE('',#3514,#3896);
#3898=EDGE_CURVE('',#3515,#3889,#3897,.T.);
#3899=ORIENTED_EDGE('',*,*,#3898,.F.);
#3900=ORIENTED_EDGE('',*,*,#3519,.F.);
#3901=ORIENTED_EDGE('',*,*,#3872,.T.);
#3902=EDGE_LOOP('',(#3894,#3899,#3900,#3901));
#3903=FACE_OUTER_BOUND('',#3902,.T.);
#3904=CARTESIAN_POINT('',(-4.29725,27.13177,-20.));
#3905=DIRECTION('',(-0.06355,0.80745,0.5865));
#3906=DIRECTION('',(0.09194,-0.58045,0.80909));
#3907=AXIS2_PLACEMENT_3D('',#3904,#3905,#3906);
#3908=PLANE('',#3907);
#3909=ADVANCED_FACE('',(#3903),#3908,.T.);
#3910=CARTESIAN_POINT('',(-3.71649,23.46497,-14.28571));
#3911=VERTEX_POINT('',#3910);
#3912=DIRECTION('',(0.07778,-0.49105,0.86765));
#3913=VECTOR('',#3912,3.29297);
#3914=LINE('',#3888,#3913);
#3915=EDGE_CURVE('',#3889,#3911,#3914,.T.);
#3916=ORIENTED_EDGE('',*,*,#3915,.T.);
#3917=DIRECTION('',(-0.99692,-0.07846,0.));
#3918=VECTOR('',#3917,3.72798);
#3919=LINE('',#3536,#3918);
#3920=EDGE_CURVE('',#3537,#3911,#3919,.T.);
#3921=ORIENTED_EDGE('',*,*,#3920,.F.);
#3922=ORIENTED_EDGE('',*,*,#3541,.F.);
#3923=ORIENTED_EDGE('',*,*,#3898,.T.);
#3924=EDGE_LOOP('',(#3916,#3921,#3922,#3923));
#3925=FACE_OUTER_BOUND('',#3924,.T.);
#3926=CARTESIAN_POINT('',(-3.9726,25.08199,-17.14286));
#3927=DIRECTION('',(-0.06813,0.86563,0.49602));
#3928=DIRECTION('',(0.07778,-0.49105,0.86765));
#3929=AXIS2_PLACEMENT_3D('',#3926,#3927,#3928);
#3930=PLANE('',#3929);
#3931=ADVANCED_FACE('',(#3925),#3930,.T.);
#3932=CARTESIAN_POINT('',(-3.5175,22.20859,-11.42857));
#3933=VERTEX_POINT('',#3932);
#3934=DIRECTION('',(0.06363,-0.40172,0.91355));
#3935=VECTOR('',#3934,3.12752);
#3936=LINE('',#3910,#3935);
#3937=EDGE_CURVE('',#3911,#3933,#3936,.T.);
#3938=ORIENTED_EDGE('',*,*,#3937,.T.);
#3939=DIRECTION('',(-0.99692,-0.07846,0.));
#3940=VECTOR('',#3939,3.52837);
#3941=LINE('',#3558,#3940);
#3942=EDGE_CURVE('',#3559,#3933,#3941,.T.);
#3943=ORIENTED_EDGE('',*,*,#3942,.F.);
#3944=ORIENTED_EDGE('',*,*,#3563,.F.);
#3945=ORIENTED_EDGE('',*,*,#3920,.T.);
#3946=EDGE_LOOP('',(#3938,#3943,#3944,#3945));
#3947=FACE_OUTER_BOUND('',#3946,.T.);
#3948=CARTESIAN_POINT('',(-3.71649,23.46497,-14.28571));
#3949=DIRECTION('',(-0.07171,0.9112,0.40568));
#3950=DIRECTION('',(0.06363,-0.40172,0.91355));
#3951=AXIS2_PLACEMENT_3D('',#3948,#3949,#3950);
#3952=PLANE('',#3951);
#3953=ADVANCED_FACE('',(#3947),#3952,.T.);
#3954=CARTESIAN_POINT('',(-3.36846,21.26765,-8.57143));
#3955=VERTEX_POINT('',#3954);
#3956=DIRECTION('',(0.04948,-0.31242,0.94865));
#3957=VECTOR('',#3956,3.01178);
#3958=LINE('',#3932,#3957);
#3959=EDGE_CURVE('',#3933,#3955,#3958,.T.);
#3960=ORIENTED_EDGE('',*,*,#3959,.T.);
#3961=DIRECTION('',(-0.99692,-0.07846,0.));
#3962=VECTOR('',#3961,3.37888);
#3963=LINE('',#3580,#3962);
#3964=EDGE_CURVE('',#3581,#3955,#3963,.T.);
#3965=ORIENTED_EDGE('',*,*,#3964,.F.);
#3966=ORIENTED_EDGE('',*,*,#3585,.F.);
#3967=ORIENTED_EDGE('',*,*,#3942,.T.);
#3968=EDGE_LOOP('',(#3960,#3965,#3966,#3967));
#3969=FACE_OUTER_BOUND('',#3968,.T.);
#3970=CARTESIAN_POINT('',(-3.5175,22.20859,-11.42857));
#3971=DIRECTION('',(-0.07445,0.94602,0.31544));
#3972=DIRECTION('',(0.04948,-0.31242,0.94865));
#3973=AXIS2_PLACEMENT_3D('',#3970,#3971,#3972);
#3974=PLANE('',#3973);
#3975=ADVANCED_FACE('',(#3969),#3974,.T.);
#3976=CARTESIAN_POINT('',(-3.26481,20.61317,-5.71429));
#3977=VERTEX_POINT('',#3976);
#3978=DIRECTION('',(0.03534,-0.22314,0.97414));
#3979=VECTOR('',#3978,2.93298);
#3980=LINE('',#3954,#3979);
#3981=EDGE_CURVE('',#3955,#3977,#3980,.T.);
#3982=ORIENTED_EDGE('',*,*,#3981,.T.);
#3983=DIRECTION('',(-0.99692,-0.07846,0.));
#3984=VECTOR('',#3983,3.2749);
#3985=LINE('',#3602,#3984);
#3986=EDGE_CURVE('',#3603,#3977,#3985,.T.);
#3987=ORIENTED_EDGE('',*,*,#3986,.F.);
#3988=ORIENTED_EDGE('',*,*,#3607,.F.);
#3989=ORIENTED_EDGE('',*,*,#3964,.T.);
#3990=EDGE_LOOP('',(#3982,#3987,#3988,#3989));
#3991=FACE_OUTER_BOUND('',#3990,.T.);
#3992=CARTESIAN_POINT('',(-3.36846,21.26765,-8.57143));
#3993=DIRECTION('',(-0.07644,0.97129,0.22526));
#3994=DIRECTION('',(0.03534,-0.22314,0.97414));
#3995=AXIS2_PLACEMENT_3D('',#3992,#3993,#3994);
#3996=PLANE('',#3995);
#3997=ADVANCED_FACE('',(#3991),#3996,.T.);
#3998=CARTESIAN_POINT('',(-3.20366,20.22709,-2.85714));
#3999=VERTEX_POINT('',#3998);
#4000=DIRECTION('',(0.0212,-0.13388,0.99077));
#4001=VECTOR('',#4000,2.88376);
#4002=LINE('',#3976,#4001);
#4003=EDGE_CURVE('',#3977,#3999,#4002,.T.);
#4004=ORIENTED_EDGE('',*,*,#4003,.T.);
#4005=DIRECTION('',(-0.99692,-0.07846,0.));
#4006=VECTOR('',#4005,3.21356);
#4007=LINE('',#3624,#4006);
#4008=EDGE_CURVE('',#3625,#3999,#4007,.T.);
#4009=ORIENTED_EDGE('',*,*,#4008,.F.);
#4010=ORIENTED_EDGE('',*,*,#3629,.F.);
#4011=ORIENTED_EDGE('',*,*,#3986,.T.);
#4012=EDGE_LOOP('',(#4004,#4009,#4010,#4011));
#4013=FACE_OUTER_BOUND('',#4012,.T.);
#4014=CARTESIAN_POINT('',(-3.26481,20.61317,-5.71429));
#4015=DIRECTION('',(-0.07774,0.98777,0.13514));
#4016=DIRECTION('',(0.0212,-0.13388,0.99077));
#4017=AXIS2_PLACEMENT_3D('',#4014,#4015,#4016);
#4018=PLANE('',#4017);
#4019=ADVANCED_FACE('',(#4013),#4018,.T.);
#4020=CARTESIAN_POINT('',(-3.18344,20.09946,0.));
#4021=VERTEX_POINT('',#4020);
#4022=DIRECTION('',(0.00707,-0.04463,0.99898));
#4023=VECTOR('',#4022,2.86006);
#4024=LINE('',#3998,#4023);
#4025=EDGE_CURVE('',#3999,#4021,#4024,.T.);
#4026=ORIENTED_EDGE('',*,*,#4025,.T.);
#4027=DIRECTION('',(-0.99692,-0.07846,0.));
#4028=VECTOR('',#4027,3.19329);
#4029=LINE('',#3646,#4028);
#4030=EDGE_CURVE('',#3647,#4021,#4029,.T.);
#4031=ORIENTED_EDGE('',*,*,#4030,.F.);
#4032=ORIENTED_EDGE('',*,*,#3651,.F.);
#4033=ORIENTED_EDGE('',*,*,#4008,.T.);
#4034=EDGE_LOOP('',(#4026,#4031,#4032,#4033));
#4035=FACE_OUTER_BOUND('',#4034,.T.);
#4036=CARTESIAN_POINT('',(-3.20366,20.22709,-2.85714));
#4037=DIRECTION('',(-0.07838,0.99591,0.04504));
#4038=DIRECTION('',(0.00707,-0.04463,0.99898));
#4039=AXIS2_PLACEMENT_3D('',#4036,#4037,#4038);
#4040=PLANE('',#4039);
#4041=ADVANCED_FACE('',(#4035),#4040,.T.);
#4042=CARTESIAN_POINT('',(-3.20366,20.22709,2.85714));
#4043=VERTEX_POINT('',#4042);
#4044=DIRECTION('',(-0.00707,0.04463,0.99898));
#4045=VECTOR('',#4044,2.86006);
#4046=LINE('',#4020,#4045);
#4047=EDGE_CURVE('',#4021,#4043,#4046,.T.);
#4048=ORIENTED_EDGE('',*,*,#4047,.T.);
#4049=DIRECTION('',(-0.99692,-0.07846,0.));
#4050=VECTOR('',#4049,3.21356);
#4051=LINE('',#3668,#4050);
#4052=EDGE_CURVE('',#3669,#4043,#4051,.T.);
#4053=ORIENTED_EDGE('',*,*,#4052,.F.);
#4054=ORIENTED_EDGE('',*,*,#3673,.F.);
#4055=ORIENTED_EDGE('',*,*,#4030,.T.);
#4056=EDGE_LOOP('',(#4048,#4053,#4054,#4055));
#4057=FACE_OUTER_BOUND('',#4056,.T.);
#4058=CARTESIAN_POINT('',(-3.18344,20.09946,0.));
#4059=DIRECTION('',(-0.07838,0.99591,-0.04504));
#4060=DIRECTION('',(-0.00707,0.04463,0.99898));
#4061=AXIS2_PLACEMENT_3D('',#4058,#4059,#4060);
#4062=PLANE('',#4061);
#4063=ADVANCED_FACE('',(#4057),#4062,.T.);
#4064=CARTESIAN_POINT('',(-3.26481,20.61317,5.71429));
#4065=VERTEX_POINT('',#4064);
#4066=DIRECTION('',(-0.0212,0.13388,0.99077));
#4067=VECTOR('',#4066,2.88376);
#4068=LINE('',#4042,#4067);
#4069=EDGE_CURVE('',#4043,#4065,#4068,.T.);
#4070=ORIENTED_EDGE('',*,*,#4069,.T.);
#4071=DIRECTION('',(-0.99692,-0.07846,0.));
#4072=VECTOR('',#4071,3.2749);
#4073=LINE('',#3690,#4072);
#4074=EDGE_CURVE('',#3691,#4065,#4073,.T.);
#4075=ORIENTED_EDGE('',*,*,#4074,.F.);
#4076=ORIENTED_EDGE('',*,*,#3695,.F.);
#4077=ORIENTED_EDGE('',*,*,#4052,.T.);
#4078=EDGE_LOOP('',(#4070,#4075,#4076,#4077));
#4079=FACE_OUTER_BOUND('',#4078,.T.);
#4080=CARTESIAN_POINT('',(-3.20366,20.22709,2.85714));
#4081=DIRECTION('',(-0.07774,0.98777,-0.13514));
#4082=DIRECTION('',(-0.0212,0.13388,0.99077));
#4083=AXIS2_PLACEMENT_3D('',#4080,#4081,#4082);
#4084=PLANE('',#4083);
#4085=ADVANCED_FACE('',(#4079),#4084,.T.);
#4086=CARTESIAN_POINT('',(-3.36846,21.26765,8.57143));
#4087=VERTEX_POINT('',#4086);
#4088=DIRECTION('',(-0.03534,0.22314,0.97414));
#4089=VECTOR('',#4088,2.93298);
#4090=LINE('',#4064,#4089);
#4091=EDGE_CURVE('',#4065,#4087,#4090,.T.);
#4092=ORIENTED_EDGE('',*,*,#4091,.T.);
#4093=DIRECTION('',(-0.99692,-0.07846,0.));
#4094=VECTOR('',#4093,3.37888);
#4095=LINE('',#3712,#4094);
#4096=EDGE_CURVE('',#3713,#4087,#4095,.T.);
#4097=ORIENTED_EDGE('',*,*,#4096,.F.);
#4098=ORIENTED_EDGE('',*,*,#3717,.F.);
#4099=ORIENTED_EDGE('',*,*,#4074,.T.);
#4100=EDGE_LOOP('',(#4092,#4097,#4098,#4099));
#4101=FACE_OUTER_BOUND('',#4100,.T.);
#4102=CARTESIAN_POINT('',(-3.26481,20.61317,5.71429));
#4103=DIRECTION('',(-0.07644,0.97129,-0.22526));
#4104=DIRECTION('',(-0.03534,0.22314,0.97414));
#4105=AXIS2_PLACEMENT_3D('',#4102,#4103,#4104);
#4106=PLANE('',#4105);
#4107=ADVANCED_FACE('',(#4101),#4106,.T.);
#4108=CARTESIAN_POINT('',(-3.5175,22.20859,11.42857));
#4109=VERTEX_POINT('',#4108);
#4110=DIRECTION('',(-0.04948,0.31242,0.94865));
#4111=VECTOR('',#4110,3.01178);
#4112=LINE('',#4086,#4111);
#4113=EDGE_CURVE('',#4087,#4109,#4112,.T.);
#4114=ORIENTED_EDGE('',*,*,#4113,.T.);
#4115=DIRECTION('',(-0.99692,-0.07846,0.));
#4116=VECTOR('',#4115,3.52837);
#4117=LINE('',#3734,#4116);
#4118=EDGE_CURVE('',#3735,#4109,#4117,.T.);
#4119=ORIENTED_EDGE('',*,*,#4118,.F.);
#4120=ORIENTED_EDGE('',*,*,#3739,.F.);
#4121=ORIENTED_EDGE('',*,*,#4096,.T.);
#4122=EDGE_LOOP('',(#4114,#4119,#4120,#4121));
#4123=FACE_OUTER_BOUND('',#4122,.T.);
#4124=CARTESIAN_POINT('',(-3.36846,21.26765,8.57143));
#4125=DIRECTION('',(-0.07445,0.94602,-0.31544));
#4126=DIRECTION('',(-0.04948,0.31242,0.94865));
#4127=AXIS2_PLACEMENT_3D('',#4124,#4125,#4126);
#4128=PLANE('',#4127);
#4129=ADVANCED_FACE('',(#4123),#4128,.T.);
#4130=CARTESIAN_POINT('',(-3.71649,23.46497,14.28571));
#4131=VERTEX_POINT('',#4130);
#4132=DIRECTION('',(-0.06363,0.40172,0.91355));
#4133=VECTOR('',#4132,3.12752);
#4134=LINE('',#4108,#4133);
#4135=EDGE_CURVE('',#4109,#4131,#4134,.T.);
#4136=ORIENTED_EDGE('',*,*,#4135,.T.);
#4137=DIRECTION('',(-0.99692,-0.07846,0.));
#4138=VECTOR('',#4137,3.72798);
#4139=LINE('',#3756,#4138);
#4140=EDGE_CURVE('',#3757,#4131,#4139,.T.);
#4141=ORIENTED_EDGE('',*,*,#4140,.F.);
#4142=ORIENTED_EDGE('',*,*,#3761,.F.);
#4143=ORIENTED_EDGE('',*,*,#4118,.T.);
#4144=EDGE_LOOP('',(#4136,#4141,#4142,#4143));
#4145=FACE_OUTER_BOUND('',#4144,.T.);
#4146=CARTESIAN_POINT('',(-3.5175,22.20859,11.42857));
#4147=DIRECTION('',(-0.07171,0.9112,-0.40568));
#4148=DIRECTION('',(-0.06363,0.40172,0.91355));
#4149=AXIS2_PLACEMENT_3D('',#4146,#4147,#4148);
#4150=PLANE('',#4149);
#4151=ADVANCED_FACE('',(#4145),#4150,.T.);
#4152=CARTESIAN_POINT('',(-3.9726,25.08199,17.14286));
#4153=VERTEX_POINT('',#4152);
#4154=DIRECTION('',(-0.07778,0.49105,0.86765));
#4155=VECTOR('',#4154,3.29297);
#4156=LINE('',#4130,#4155);
#4157=EDGE_CURVE('',#4131,#4153,#4156,.T.);
#4158=ORIENTED_EDGE('',*,*,#4157,.T.);
#4159=DIRECTION('',(-0.99692,-0.07846,0.));
#4160=VECTOR('',#4159,3.98488);
#4161=LINE('',#3778,#4160);
#4162=EDGE_CURVE('',#3779,#4153,#4161,.T.);
#4163=ORIENTED_EDGE('',*,*,#4162,.F.);
#4164=ORIENTED_EDGE('',*,*,#3783,.F.);
#4165=ORIENTED_EDGE('',*,*,#4140,.T.);
#4166=EDGE_LOOP('',(#4158,#4163,#4164,#4165));
#4167=FACE_OUTER_BOUND('',#4166,.T.);
#4168=CARTESIAN_POINT('',(-3.71649,23.46497,14.28571));
#4169=DIRECTION('',(-0.06813,0.86563,-0.49602));
#4170=DIRECTION('',(-0.07778,0.49105,0.86765));
#4171=AXIS2_PLACEMENT_3D('',#4168,#4169,#4170);
#4172=PLANE('',#4171);
#4173=ADVANCED_FACE('',(#4167),#4172,.T.);
#4174=CARTESIAN_POINT('',(-4.29725,27.13177,20.));
#4175=VERTEX_POINT('',#4174);
#4176=DIRECTION('',(-0.09194,0.58045,0.80909));
#4177=VECTOR('',#4176,3.53132);
#4178=LINE('',#4152,#4177);
#4179=EDGE_CURVE('',#4153,#4175,#4178,.T.);
#4180=ORIENTED_EDGE('',*,*,#4179,.T.);
#4181=DIRECTION('',(-0.99692,-0.07846,0.));
#4182=VECTOR('',#4181,4.31054);
#4183=LINE('',#3800,#4182);
#4184=EDGE_CURVE('',#3801,#4175,#4183,.T.);
#4185=ORIENTED_EDGE('',*,*,#4184,.F.);
#4186=ORIENTED_EDGE('',*,*,#3805,.F.);
#4187=ORIENTED_EDGE('',*,*,#4162,.T.);
#4188=EDGE_LOOP('',(#4180,#4185,#4186,#4187));
#4189=FACE_OUTER_BOUND('',#4188,.T.);
#4190=CARTESIAN_POINT('',(-3.9726,25.08199,17.14286));
#4191=DIRECTION('',(-0.06355,0.80745,-0.5865));
#4192=DIRECTION('',(-0.09194,0.58045,0.80909));
#4193=AXIS2_PLACEMENT_3D('',#4190,#4191,#4192);
#4194=PLANE('',#4193);
#4195=ADVANCED_FACE('',(#4189),#4194,.T.);
#4196=CARTESIAN_POINT('',(-0.86039,5.43229,20.));
#4197=VERTEX_POINT('',#4196);
#4198=DIRECTION('',(0.15643,-0.98769,0.));
#4199=VECTOR('',#4198,21.96997);
#4200=LINE('',#4174,#4199);
#4201=EDGE_CURVE('',#4175,#4197,#4200,.T.);
#4202=ORIENTED_EDGE('',*,*,#4201,.T.);
#4203=DIRECTION('',(-0.99692,-0.07846,0.));
#4204=VECTOR('',#4203,0.86305);
#4205=LINE('',#3822,#4204);
#4206=EDGE_CURVE('',#3823,#4197,#4205,.T.);
#4207=ORIENTED_EDGE('',*,*,#4206,.F.);
#4208=ORIENTED_EDGE('',*,*,#3827,.F.);
#4209=ORIENTED_EDGE('',*,*,#4184,.T.);
#4210=EDGE_LOOP('',(#4202,#4207,#4208,#4209));
#4211=FACE_OUTER_BOUND('',#4210,.T.);
#4212=CARTESIAN_POINT('',(-4.29725,27.13177,20.));
#4213=DIRECTION('',(0.,0.,1.));
#4214=DIRECTION('',(0.15643,-0.98769,0.));
#4215=AXIS2_PLACEMENT_3D('',#4212,#4213,#4214);
#4216=PLANE('',#4215);
#4217=ADVANCED_FACE('',(#4211),#4216,.T.);
#4218=DIRECTION('',(0.,0.,1.));
#4219=VECTOR('',#4218,40.);
#4220=LINE('',#3860,#4219);
#4221=EDGE_CURVE('',#3861,#4197,#4220,.T.);
#4222=ORIENTED_EDGE('',*,*,#4221,.F.);
#4223=ORIENTED_EDGE('',*,*,#3878,.F.);
#4224=ORIENTED_EDGE('',*,*,#3847,.T.);
#4225=ORIENTED_EDGE('',*,*,#4206,.T.);
#4226=EDGE_LOOP('',(#4222,#4223,#4224,#4225));
#4227=FACE_OUTER_BOUND('',#4226,.T.);
#4228=CARTESIAN_POINT('',(-0.86039,5.43229,20.));
#4229=DIRECTION('',(0.07846,-0.99692,0.));
#4230=DIRECTION('',(0.,0.,-1.));
#4231=AXIS2_PLACEMENT_3D('',#4228,#4229,#4230);
#4232=PLANE('',#4231);
#4233=ADVANCED_FACE('',(#4227),#4232,.T.);
#4234=CARTESIAN_POINT('',(-1.69959,5.23081,-20.));
#4235=VERTEX_POINT('',#4234);
#4236=CARTESIAN_POINT('',(-8.48869,26.12549,-20.));
#4237=VERTEX_POINT('',#4236);
#4238=DIRECTION('',(-0.30902,0.95106,0.));
#4239=VECTOR('',#4238,21.96997);
#4240=LINE('',#4234,#4239);
#4241=EDGE_CURVE('',#4235,#4237,#4240,.T.);
#4242=ORIENTED_EDGE('',*,*,#4241,.T.);
#4243=DIRECTION('',(-0.97237,-0.23345,0.));
#4244=VECTOR('',#4243,4.31054);
#4245=LINE('',#3862,#4244);
#4246=EDGE_CURVE('',#3863,#4237,#4245,.T.);
#4247=ORIENTED_EDGE('',*,*,#4246,.F.);
#4248=ORIENTED_EDGE('',*,*,#3867,.F.);
#4249=DIRECTION('',(-0.97237,-0.23345,0.));
#4250=VECTOR('',#4249,0.86305);
#4251=LINE('',#3860,#4250);
#4252=EDGE_CURVE('',#3861,#4235,#4251,.T.);
#4253=ORIENTED_EDGE('',*,*,#4252,.T.);
#4254=EDGE_LOOP('',(#4242,#4247,#4248,#4253));
#4255=FACE_OUTER_BOUND('',#4254,.T.);
#4256=CARTESIAN_POINT('',(-1.69959,5.23081,-20.));
#4257=DIRECTION('',(0.,0.,-1.));
#4258=DIRECTION('',(-0.30902,0.95106,0.));
#4259=AXIS2_PLACEMENT_3D('',#4256,#4257,#4258);
#4260=PLANE('',#4259);
#4261=ADVANCED_FACE('',(#4255),#4260,.T.);
#4262=CARTESIAN_POINT('',(-7.84738,24.15174,-17.14286));
#4263=VERTEX_POINT('',#4262);
#4264=DIRECTION('',(0.18161,-0.55893,0.80909));
#4265=VECTOR('',#4264,3.53132);
#4266=LINE('',#4236,#4265);
#4267=EDGE_CURVE('',#4237,#4263,#4266,.T.);
#4268=ORIENTED_EDGE('',*,*,#4267,.T.);
#4269=DIRECTION('',(-0.97237,-0.23345,0.));
#4270=VECTOR('',#4269,3.98488);
#4271=LINE('',#3888,#4270);
#4272=EDGE_CURVE('',#3889,#4263,#4271,.T.);
#4273=ORIENTED_EDGE('',*,*,#4272,.F.);
#4274=ORIENTED_EDGE('',*,*,#3893,.F.);
#4275=ORIENTED_EDGE('',*,*,#4246,.T.);
#4276=EDGE_LOOP('',(#4268,#4273,#4274,#4275));
#4277=FACE_OUTER_BOUND('',#4276,.T.);
#4278=CARTESIAN_POINT('',(-8.48869,26.12549,-20.));
#4279=DIRECTION('',(-0.18908,0.78757,0.5865));
#4280=DIRECTION('',(0.18161,-0.55893,0.80909));
#4281=AXIS2_PLACEMENT_3D('',#4278,#4279,#4280);
#4282=PLANE('',#4281);
#4283=ADVANCED_FACE('',(#4277),#4282,.T.);
#4284=CARTESIAN_POINT('',(-7.34146,22.59469,-14.28571));
#4285=VERTEX_POINT('',#4284);
#4286=DIRECTION('',(0.15364,-0.47284,0.86765));
#4287=VECTOR('',#4286,3.29297);
#4288=LINE('',#4262,#4287);
#4289=EDGE_CURVE('',#4263,#4285,#4288,.T.);
#4290=ORIENTED_EDGE('',*,*,#4289,.T.);
#4291=DIRECTION('',(-0.97237,-0.23345,0.));
#4292=VECTOR('',#4291,3.72798);
#4293=LINE('',#3910,#4292);
#4294=EDGE_CURVE('',#3911,#4285,#4293,.T.);
#4295=ORIENTED_EDGE('',*,*,#4294,.F.);
#4296=ORIENTED_EDGE('',*,*,#3915,.F.);
#4297=ORIENTED_EDGE('',*,*,#4272,.T.);
#4298=EDGE_LOOP('',(#4290,#4295,#4296,#4297));
#4299=FACE_OUTER_BOUND('',#4298,.T.);
#4300=CARTESIAN_POINT('',(-7.84738,24.15174,-17.14286));
#4301=DIRECTION('',(-0.2027,0.84432,0.49602));
#4302=DIRECTION('',(0.15364,-0.47284,0.86765));
#4303=AXIS2_PLACEMENT_3D('',#4300,#4301,#4302);
#4304=PLANE('',#4303);
#4305=ADVANCED_FACE('',(#4299),#4304,.T.);
#4306=CARTESIAN_POINT('',(-6.94838,21.38491,-11.42857));
#4307=VERTEX_POINT('',#4306);
#4308=DIRECTION('',(0.12569,-0.38682,0.91355));
#4309=VECTOR('',#4308,3.12752);
#4310=LINE('',#4284,#4309);
#4311=EDGE_CURVE('',#4285,#4307,#4310,.T.);
#4312=ORIENTED_EDGE('',*,*,#4311,.T.);
#4313=DIRECTION('',(-0.97237,-0.23345,0.));
#4314=VECTOR('',#4313,3.52837);
#4315=LINE('',#3932,#4314);
#4316=EDGE_CURVE('',#3933,#4307,#4315,.T.);
#4317=ORIENTED_EDGE('',*,*,#4316,.F.);
#4318=ORIENTED_EDGE('',*,*,#3937,.F.);
#4319=ORIENTED_EDGE('',*,*,#4294,.T.);
#4320=EDGE_LOOP('',(#4312,#4317,#4318,#4319));
#4321=FACE_OUTER_BOUND('',#4320,.T.);
#4322=CARTESIAN_POINT('',(-7.34146,22.59469,-14.28571));
#4323=DIRECTION('',(-0.21337,0.88876,0.40568));
#4324=DIRECTION('',(0.12569,-0.38682,0.91355));
#4325=AXIS2_PLACEMENT_3D('',#4322,#4323,#4324);
#4326=PLANE('',#4325);
#4327=ADVANCED_FACE('',(#4321),#4326,.T.);
#4328=CARTESIAN_POINT('',(-6.65399,20.47887,-8.57143));
#4329=VERTEX_POINT('',#4328);
#4330=DIRECTION('',(0.09775,-0.30083,0.94865));
#4331=VECTOR('',#4330,3.01178);
#4332=LINE('',#4306,#4331);
#4333=EDGE_CURVE('',#4307,#4329,#4332,.T.);
#4334=ORIENTED_EDGE('',*,*,#4333,.T.);
#4335=DIRECTION('',(-0.97237,-0.23345,0.));
#4336=VECTOR('',#4335,3.37888);
#4337=LINE('',#3954,#4336);
#4338=EDGE_CURVE('',#3955,#4329,#4337,.T.);
#4339=ORIENTED_EDGE('',*,*,#4338,.F.);
#4340=ORIENTED_EDGE('',*,*,#3959,.F.);
#4341=ORIENTED_EDGE('',*,*,#4316,.T.);
#4342=EDGE_LOOP('',(#4334,#4339,#4340,#4341));
#4343=FACE_OUTER_BOUND('',#4342,.T.);
#4344=CARTESIAN_POINT('',(-6.94838,21.38491,-11.42857));
#4345=DIRECTION('',(-0.22153,0.92273,0.31544));
#4346=DIRECTION('',(0.09775,-0.30083,0.94865));
#4347=AXIS2_PLACEMENT_3D('',#4344,#4345,#4346);
#4348=PLANE('',#4347);
#4349=ADVANCED_FACE('',(#4343),#4348,.T.);
#4350=CARTESIAN_POINT('',(-6.44922,19.84866,-5.71429));
#4351=VERTEX_POINT('',#4350);
#4352=DIRECTION('',(0.06981,-0.21487,0.97414));
#4353=VECTOR('',#4352,2.93298);
#4354=LINE('',#4328,#4353);
#4355=EDGE_CURVE('',#4329,#4351,#4354,.T.);
#4356=ORIENTED_EDGE('',*,*,#4355,.T.);
#4357=DIRECTION('',(-0.97237,-0.23345,0.));
#4358=VECTOR('',#4357,3.2749);
#4359=LINE('',#3976,#4358);
#4360=EDGE_CURVE('',#3977,#4351,#4359,.T.);
#4361=ORIENTED_EDGE('',*,*,#4360,.F.);
#4362=ORIENTED_EDGE('',*,*,#3981,.F.);
#4363=ORIENTED_EDGE('',*,*,#4338,.T.);
#4364=EDGE_LOOP('',(#4356,#4361,#4362,#4363));
#4365=FACE_OUTER_BOUND('',#4364,.T.);
#4366=CARTESIAN_POINT('',(-6.65399,20.47887,-8.57143));
#4367=DIRECTION('',(-0.22745,0.94738,0.22526));
#4368=DIRECTION('',(0.06981,-0.21487,0.97414));
#4369=AXIS2_PLACEMENT_3D('',#4366,#4367,#4368);
#4370=PLANE('',#4369);
#4371=ADVANCED_FACE('',(#4365),#4370,.T.);
#4372=CARTESIAN_POINT('',(-6.32843,19.4769,-2.85714));
#4373=VERTEX_POINT('',#4372);
#4374=DIRECTION('',(0.04189,-0.12892,0.99077));
#4375=VECTOR('',#4374,2.88376);
#4376=LINE('',#4350,#4375);
#4377=EDGE_CURVE('',#4351,#4373,#4376,.T.);
#4378=ORIENTED_EDGE('',*,*,#4377,.T.);
#4379=DIRECTION('',(-0.97237,-0.23345,0.));
#4380=VECTOR('',#4379,3.21356);
#4381=LINE('',#3998,#4380);
#4382=EDGE_CURVE('',#3999,#4373,#4381,.T.);
#4383=ORIENTED_EDGE('',*,*,#4382,.F.);
#4384=ORIENTED_EDGE('',*,*,#4003,.F.);
#4385=ORIENTED_EDGE('',*,*,#4360,.T.);
#4386=EDGE_LOOP('',(#4378,#4383,#4384,#4385));
#4387=FACE_OUTER_BOUND('',#4386,.T.);
#4388=CARTESIAN_POINT('',(-6.44922,19.84866,-5.71429));
#4389=DIRECTION('',(-0.2313,0.96345,0.13514));
#4390=DIRECTION('',(0.04189,-0.12892,0.99077));
#4391=AXIS2_PLACEMENT_3D('',#4388,#4389,#4390);
#4392=PLANE('',#4391);
#4393=ADVANCED_FACE('',(#4387),#4392,.T.);
#4394=CARTESIAN_POINT('',(-6.2885,19.354,0.));
#4395=VERTEX_POINT('',#4394);
#4396=DIRECTION('',(0.01396,-0.04297,0.99898));
#4397=VECTOR('',#4396,2.86006);
#4398=LINE('',#4372,#4397);
#4399=EDGE_CURVE('',#4373,#4395,#4398,.T.);
#4400=ORIENTED_EDGE('',*,*,#4399,.T.);
#4401=DIRECTION('',(-0.97237,-0.23345,0.));
#4402=VECTOR('',#4401,3.19329);
#4403=LINE('',#4020,#4402);
#4404=EDGE_CURVE('',#4021,#4395,#4403,.T.);
#4405=ORIENTED_EDGE('',*,*,#4404,.F.);
#4406=ORIENTED_EDGE('',*,*,#4025,.F.);
#4407=ORIENTED_EDGE('',*,*,#4382,.T.);
#4408=EDGE_LOOP('',(#4400,#4405,#4406,#4407));
#4409=FACE_OUTER_BOUND('',#4408,.T.);
#4410=CARTESIAN_POINT('',(-6.32843,19.4769,-2.85714));
#4411=DIRECTION('',(-0.23321,0.97138,0.04504));
#4412=DIRECTION('',(0.01396,-0.04297,0.99898));
#4413=AXIS2_PLACEMENT_3D('',#4410,#4411,#4412);
#4414=PLANE('',#4413);
#4415=ADVANCED_FACE('',(#4409),#4414,.T.);
#4416=CARTESIAN_POINT('',(-6.32843,19.4769,2.85714));
#4417=VERTEX_POINT('',#4416);
#4418=DIRECTION('',(-0.01396,0.04297,0.99898));
#4419=VECTOR('',#4418,2.86006);
#4420=LINE('',#4394,#4419);
#4421=EDGE_CURVE('',#4395,#4417,#4420,.T.);
#4422=ORIENTED_EDGE('',*,*,#4421,.T.);
#4423=DIRECTION('',(-0.97237,-0.23345,0.));
#4424=VECTOR('',#4423,3.21356);
#4425=LINE('',#4042,#4424);
#4426=EDGE_CURVE('',#4043,#4417,#4425,.T.);
#4427=ORIENTED_EDGE('',*,*,#4426,.F.);
#4428=ORIENTED_EDGE('',*,*,#4047,.F.);
#4429=ORIENTED_EDGE('',*,*,#4404,.T.);
#4430=EDGE_LOOP('',(#4422,#4427,#4428,#4429));
#4431=FACE_OUTER_BOUND('',#4430,.T.);
#4432=CARTESIAN_POINT('',(-6.2885,19.354,0.));
#4433=DIRECTION('',(-0.23321,0.97138,-0.04504));
#4434=DIRECTION('',(-0.01396,0.04297,0.99898));
#4435=AXIS2_PLACEMENT_3D('',#4432,#4433,#4434);
#4436=PLANE('',#4435);
#4437=ADVANCED_FACE('',(#4431),#4436,.T.);
#4438=CARTESIAN_POINT('',(-6.44922,19.84866,5.71429));
#4439=VERTEX_POINT('',#4438);
#4440=DIRECTION('',(-0.04189,0.12892,0.99077));
#4441=VECTOR('',#4440,2.88376);
#4442=LINE('',#4416,#4441);
#4443=EDGE_CURVE('',#4417,#4439,#4442,.T.);
#4444=ORIENTED_EDGE('',*,*,#4443,.T.);
#4445=DIRECTION('',(-0.97237,-0.23345,0.));
#4446=VECTOR('',#4445,3.2749);
#4447=LINE('',#4064,#4446);
#4448=EDGE_CURVE('',#4065,#4439,#4447,.T.);
#4449=ORIENTED_EDGE('',*,*,#4448,.F.);
#4450=ORIENTED_EDGE('',*,*,#4069,.F.);
#4451=ORIENTED_EDGE('',*,*,#4426,.T.);
#4452=EDGE_LOOP('',(#4444,#4449,#4450,#4451));
#4453=FACE_OUTER_BOUND('',#4452,.T.);
#4454=CARTESIAN_POINT('',(-6.32843,19.4769,2.85714));
#4455=DIRECTION('',(-0.2313,0.96345,-0.13514));
#4456=DIRECTION('',(-0.04189,0.12892,0.99077));
#4457=AXIS2_PLACEMENT_3D('',#4454,#4455,#4456);
#4458=PLANE('',#4457);
#4459=ADVANCED_FACE('',(#4453),#4458,.T.);
#4460=CARTESIAN_POINT('',(-6.65399,20.47887,8.57143));
#4461=VERTEX_POINT('',#4460);
#4462=DIRECTION('',(-0.06981,0.21487,0.97414));
#4463=VECTOR('',#4462,2.93298);
#4464=LINE('',#4438,#4463);
#4465=EDGE_CURVE('',#4439,#4461,#4464,.T.);
#4466=ORIENTED_EDGE('',*,*,#4465,.T.);
#4467=DIRECTION('',(-0.97237,-0.23345,0.));
#4468=VECTOR('',#4467,3.37888);
#4469=LINE('',#4086,#4468);
#4470=EDGE_CURVE('',#4087,#4461,#4469,.T.);
#4471=ORIENTED_EDGE('',*,*,#4470,.F.);
#4472=ORIENTED_EDGE('',*,*,#4091,.F.);
#4473=ORIENTED_EDGE('',*,*,#4448,.T.);
#4474=EDGE_LOOP('',(#4466,#4471,#4472,#4473));
#4475=FACE_OUTER_BOUND('',#4474,.T.);
#4476=CARTESIAN_POINT('',(-6.44922,19.84866,5.71429));
#4477=DIRECTION('',(-0.22745,0.94738,-0.22526));
#4478=DIRECTION('',(-0.06981,0.21487,0.97414));
#4479=AXIS2_PLACEMENT_3D('',#4476,#4477,#4478);
#4480=PLANE('',#4479);
#4481=ADVANCED_FACE('',(#4475),#4480,.T.);
#4482=CARTESIAN_POINT('',(-6.94838,21.38491,11.42857));
#4483=VERTEX_POINT('',#4482);
#4484=DIRECTION('',(-0.09775,0.30083,0.94865));
#4485=VECTOR('',#4484,3.01178);
#4486=LINE('',#4460,#4485);
#4487=EDGE_CURVE('',#4461,#4483,#4486,.T.);
#4488=ORIENTED_EDGE('',*,*,#4487,.T.);
#4489=DIRECTION('',(-0.97237,-0.23345,0.));
#4490=VECTOR('',#4489,3.52837);
#4491=LINE('',#4108,#4490);
#4492=EDGE_CURVE('',#4109,#4483,#4491,.T.);
#4493=ORIENTED_EDGE('',*,*,#4492,.F.);
#4494=ORIENTED_EDGE('',*,*,#4113,.F.);
#4495=ORIENTED_EDGE('',*,*,#4470,.T.);
#4496=EDGE_LOOP('',(#4488,#4493,#4494,#4495));
#4497=FACE_OUTER_BOUND('',#4496,.T.);
#4498=CARTESIAN_POINT('',(-6.65399,20.47887,8.57143));
#4499=DIRECTION('',(-0.22153,0.92273,-0.31544));
#4500=DIRECTION('',(-0.09775,0.30083,0.94865));
#4501=AXIS2_PLACEMENT_3D('',#4498,#4499,#4500);
#4502=PLANE('',#4501);
#4503=ADVANCED_FACE('',(#4497),#4502,.T.);
#4504=CARTESIAN_POINT('',(-7.34146,22.59469,14.28571));
#4505=VERTEX_POINT('',#4504);
#4506=DIRECTION('',(-0.12569,0.38682,0.91355));
#4507=VECTOR('',#4506,3.12752);
#4508=LINE('',#4482,#4507);
#4509=EDGE_CURVE('',#4483,#4505,#4508,.T.);
#4510=ORIENTED_EDGE('',*,*,#4509,.T.);
#4511=DIRECTION('',(-0.97237,-0.23345,0.));
#4512=VECTOR('',#4511,3.72798);
#4513=LINE('',#4130,#4512);
#4514=EDGE_CURVE('',#4131,#4505,#4513,.T.);
#4515=ORIENTED_EDGE('',*,*,#4514,.F.);
#4516=ORIENTED_EDGE('',*,*,#4135,.F.);
#4517=ORIENTED_EDGE('',*,*,#4492,.T.);
#4518=EDGE_LOOP('',(#4510,#4515,#4516,#4517));
#4519=FACE_OUTER_BOUND('',#4518,.T.);
#4520=CARTESIAN_POINT('',(-6.94838,21.38491,11.42857));
#4521=DIRECTION('',(-0.21337,0.88876,-0.40568));
#4522=DIRECTION('',(-0.12569,0.38682,0.91355));
#4523=AXIS2_PLACEMENT_3D('',#4520,#4521,#4522);
#4524=PLANE('',#4523);
#4525=ADVANCED_FACE('',(#4519),#4524,.T.);
#4526=CARTESIAN_POINT('',(-7.84738,24.15174,17.14286));
#4527=VERTEX_POINT('',#4526);
#4528=DIRECTION('',(-0.15364,0.47284,0.86765));
#4529=VECTOR('',#4528,3.29297);
#4530=LINE('',#4504,#4529);
#4531=EDGE_CURVE('',#4505,#4527,#4530,.T.);
#4532=ORIENTED_EDGE('',*,*,#4531,.T.);
#4533=DIRECTION('',(-0.97237,-0.23345,0.));
#4534=VECTOR('',#4533,3.98488);
#4535=LINE('',#4152,#4534);
#4536=EDGE_CURVE('',#4153,#4527,#4535,.T.);
#4537=ORIENTED_EDGE('',*,*,#4536,.F.);
#4538=ORIENTED_EDGE('',*,*,#4157,.F.);
#4539=ORIENTED_EDGE('',*,*,#4514,.T.);
#4540=EDGE_LOOP('',(#4532,#4537,#4538,#4539));
#4541=FACE_OUTER_BOUND('',#4540,.T.);
#4542=CARTESIAN_POINT('',(-7.34146,22.59469,14.28571));
#4543=DIRECTION('',(-0.2027,0.84432,-0.49602));
#4544=DIRECTION('',(-0.15364,0.47284,0.86765));
#4545=AXIS2_PLACEMENT_3D('',#4542,#4543,#4544);
#4546=PLANE('',#4545);
#4547=ADVANCED_FACE('',(#4541),#4546,.T.);
#4548=CARTESIAN_POINT('',(-8.48869,26.12549,20.));
#4549=VERTEX_POINT('',#4548);
#4550=DIRECTION('',(-0.18161,0.55893,0.80909));
#4551=VECTOR('',#4550,3.53132);
#4552=LINE('',#4526,#4551);
#4553=EDGE_CURVE('',#4527,#4549,#4552,.T.);
#4554=ORIENTED_EDGE('',*,*,#4553,.T.);
#4555=DIRECTION('',(-0.97237,-0.23345,0.));
#4556=VECTOR('',#4555,4.31054);
#4557=LINE('',#4174,#4556);
#4558=EDGE_CURVE('',#4175,#4549,#4557,.T.);
#4559=ORIENTED_EDGE('',*,*,#4558,.F.);
#4560=ORIENTED_EDGE('',*,*,#4179,.F.);
#4561=ORIENTED_EDGE('',*,*,#4536,.T.);
#4562=EDGE_LOOP('',(#4554,#4559,#4560,#4561));
#4563=FACE_OUTER_BOUND('',#4562,.T.);
#4564=CARTESIAN_POINT('',(-7.84738,24.15174,17.14286));
#4565=DIRECTION('',(-0.18908,0.78757,-0.5865));
#4566=DIRECTION('',(-0.18161,0.55893,0.80909));
#4567=AXIS2_PLACEMENT_3D('',#4564,#4565,#4566);
#4568=PLANE('',#4567);
#4569=ADVANCED_FACE('',(#4563),#4568,.T.);
#4570=CARTESIAN_POINT('',(-1.69959,5.23081,20.));
#4571=VERTEX_POINT('',#4570);
#4572=DIRECTION('',(0.30902,-0.95106,0.));
#4573=VECTOR('',#4572,21.96997);
#4574=LINE('',#4548,#4573);
#4575=EDGE_CURVE('',#4549,#4571,#4574,.T.);
#4576=ORIENTED_EDGE('',*,*,#4575,.T.);
#4577=DIRECTION('',(-0.97237,-0.23345,0.));
#4578=VECTOR('',#4577,0.86305);
#4579=LINE('',#4196,#4578);
#4580=EDGE_CURVE('',#4197,#4571,#4579,.T.);
#4581=ORIENTED_EDGE('',*,*,#4580,.F.);
#4582=ORIENTED_EDGE('',*,*,#4201,.F.);
#4583=ORIENTED_EDGE('',*,*,#4558,.T.);
#4584=EDGE_LOOP('',(#4576,#4581,#4582,#4583));
#4585=FACE_OUTER_BOUND('',#4584,.T.);
#4586=CARTESIAN_POINT('',(-8.48869,26.12549,20.));
#4587=DIRECTION('',(0.,0.,1.));
#4588=DIRECTION('',(0.30902,-0.95106,0.));
#4589=AXIS2_PLACEMENT_3D('',#4586,#4587,#4588);
#4590=PLANE('',#4589);
#4591=ADVANCED_FACE('',(#4585),#4590,.T.);
#4592=DIRECTION('',(0.,0.,1.));
#4593=VECTOR('',#4592,40.);
#4594=LINE('',#4234,#4593);
#4595=EDGE_CURVE('',#4235,#4571,#4594,.T.);
#4596=ORIENTED_EDGE('',*,*,#4595,.F.);
#4597=ORIENTED_EDGE('',*,*,#4252,.F.);
#4598=ORIENTED_EDGE('',*,*,#4221,.T.);
#4599=ORIENTED_EDGE('',*,*,#4580,.T.);
#4600=EDGE_LOOP('',(#4596,#4597,#4598,#4599));
#4601=FACE_OUTER_BOUND('',#4600,.T.);
#4602=CARTESIAN_POINT('',(-1.69959,5.23081,20.));
#4603=DIRECTION('',(0.23345,-0.97237,0.));
#4604=DIRECTION('',(0.,0.,-1.));
#4605=AXIS2_PLACEMENT_3D('',#4602,#4603,#4604);
#4606=PLANE('',#4605);
#4607=ADVANCED_FACE('',(#4601),#4606,.T.);
#4608=CARTESIAN_POINT('',(-2.49695,4.90054,-20.));
#4609=VERTEX_POINT('',#4608);
#4610=CARTESIAN_POINT('',(-12.4711,24.47592,-20.));
#4611=VERTEX_POINT('',#4610);
#4612=DIRECTION('',(-0.45399,0.89101,0.));
#4613=VECTOR('',#4612,21.96997);
#4614=LINE('',#4608,#4613);
#4615=EDGE_CURVE('',#4609,#4611,#4614,.T.);
#4616=ORIENTED_EDGE('',*,*,#4615,.T.);
#4617=DIRECTION('',(-0.92388,-0.38268,0.));
#4618=VECTOR('',#4617,4.31054);
#4619=LINE('',#4236,#4618);
#4620=EDGE_CURVE('',#4237,#4611,#4619,.T.);
#4621=ORIENTED_EDGE('',*,*,#4620,.F.);
#4622=ORIENTED_EDGE('',*,*,#4241,.F.);
#4623=DIRECTION('',(-0.92388,-0.38268,0.));
#4624=VECTOR('',#4623,0.86305);
#4625=LINE('',#4234,#4624);
#4626=EDGE_CURVE('',#4235,#4609,#4625,.T.);
#4627=ORIENTED_EDGE('',*,*,#4626,.T.);
#4628=EDGE_LOOP('',(#4616,#4621,#4622,#4627));
#4629=FACE_OUTER_BOUND('',#4628,.T.);
#4630=CARTESIAN_POINT('',(-2.49695,4.90054,-20.));
#4631=DIRECTION('',(0.,0.,-1.));
#4632=DIRECTION('',(-0.45399,0.89101,0.));
#4633=AXIS2_PLACEMENT_3D('',#4630,#4631,#4632);
#4634=PLANE('',#4633);
#4635=ADVANCED_FACE('',(#4629),#4634,.T.);
#4636=CARTESIAN_POINT('',(-11.52893,22.62679,-17.14286));
#4637=VERTEX_POINT('',#4636);
#4638=DIRECTION('',(0.26681,-0.52364,0.80909));
#4639=VECTOR('',#4638,3.53132);
#4640=LINE('',#4610,#4639);
#4641=EDGE_CURVE('',#4611,#4637,#4640,.T.);
#4642=ORIENTED_EDGE('',*,*,#4641,.T.);
#4643=DIRECTION('',(-0.92388,-0.38268,0.));
#4644=VECTOR('',#4643,3.98488);
#4645=LINE('',#4262,#4644);
#4646=EDGE_CURVE('',#4263,#4637,#4645,.T.);
#4647=ORIENTED_EDGE('',*,*,#4646,.F.);
#4648=ORIENTED_EDGE('',*,*,#4267,.F.);
#4649=ORIENTED_EDGE('',*,*,#4620,.T.);
#4650=EDGE_LOOP('',(#4642,#4647,#4648,#4649));
#4651=FACE_OUTER_BOUND('',#4650,.T.);
#4652=CARTESIAN_POINT('',(-12.4711,24.47592,-20.));
#4653=DIRECTION('',(-0.30995,0.74829,0.5865));
#4654=DIRECTION('',(0.26681,-0.52364,0.80909));
#4655=AXIS2_PLACEMENT_3D('',#4652,#4653,#4654);
#4656=PLANE('',#4655);
#4657=ADVANCED_FACE('',(#4651),#4656,.T.);
#4658=CARTESIAN_POINT('',(-10.78566,21.16805,-14.28571));
#4659=VERTEX_POINT('',#4658);
#4660=DIRECTION('',(0.22571,-0.44299,0.86765));
#4661=VECTOR('',#4660,3.29297);
#4662=LINE('',#4636,#4661);
#4663=EDGE_CURVE('',#4637,#4659,#4662,.T.);
#4664=ORIENTED_EDGE('',*,*,#4663,.T.);
#4665=DIRECTION('',(-0.92388,-0.38268,0.));
#4666=VECTOR('',#4665,3.72798);
#4667=LINE('',#4284,#4666);
#4668=EDGE_CURVE('',#4285,#4659,#4667,.T.);
#4669=ORIENTED_EDGE('',*,*,#4668,.F.);
#4670=ORIENTED_EDGE('',*,*,#4289,.F.);
#4671=ORIENTED_EDGE('',*,*,#4646,.T.);
#4672=EDGE_LOOP('',(#4664,#4669,#4670,#4671));
#4673=FACE_OUTER_BOUND('',#4672,.T.);
#4674=CARTESIAN_POINT('',(-11.52893,22.62679,-17.14286));
#4675=DIRECTION('',(-0.33229,0.80221,0.49602));
#4676=DIRECTION('',(0.22571,-0.44299,0.86765));
#4677=AXIS2_PLACEMENT_3D('',#4674,#4675,#4676);
#4678=PLANE('',#4677);
#4679=ADVANCED_FACE('',(#4673),#4678,.T.);
#4680=CARTESIAN_POINT('',(-10.20817,20.03466,-11.42857));
#4681=VERTEX_POINT('',#4680);
#4682=DIRECTION('',(0.18465,-0.3624,0.91355));
#4683=VECTOR('',#4682,3.12752);
#4684=LINE('',#4658,#4683);
#4685=EDGE_CURVE('',#4659,#4681,#4684,.T.);
#4686=ORIENTED_EDGE('',*,*,#4685,.T.);
#4687=DIRECTION('',(-0.92388,-0.38268,0.));
#4688=VECTOR('',#4687,3.52837);
#4689=LINE('',#4306,#4688);
#4690=EDGE_CURVE('',#4307,#4681,#4689,.T.);
#4691=ORIENTED_EDGE('',*,*,#4690,.F.);
#4692=ORIENTED_EDGE('',*,*,#4311,.F.);
#4693=ORIENTED_EDGE('',*,*,#4668,.T.);
#4694=EDGE_LOOP('',(#4686,#4691,#4692,#4693));
#4695=FACE_OUTER_BOUND('',#4694,.T.);
#4696=CARTESIAN_POINT('',(-10.78566,21.16805,-14.28571));
#4697=DIRECTION('',(-0.34978,0.84444,0.40568));
#4698=DIRECTION('',(0.18465,-0.3624,0.91355));
#4699=AXIS2_PLACEMENT_3D('',#4696,#4697,#4698);
#4700=PLANE('',#4699);
#4701=ADVANCED_FACE('',(#4695),#4700,.T.);
#4702=CARTESIAN_POINT('',(-9.77567,19.18582,-8.57143));
#4703=VERTEX_POINT('',#4702);
#4704=DIRECTION('',(0.1436,-0.28184,0.94865));
#4705=VECTOR('',#4704,3.01178);
#4706=LINE('',#4680,#4705);
#4707=EDGE_CURVE('',#4681,#4703,#4706,.T.);
#4708=ORIENTED_EDGE('',*,*,#4707,.T.);
#4709=DIRECTION('',(-0.92388,-0.38268,0.));
#4710=VECTOR('',#4709,3.37888);
#4711=LINE('',#4328,#4710);
#4712=EDGE_CURVE('',#4329,#4703,#4711,.T.);
#4713=ORIENTED_EDGE('',*,*,#4712,.F.);
#4714=ORIENTED_EDGE('',*,*,#4333,.F.);
#4715=ORIENTED_EDGE('',*,*,#4690,.T.);
#4716=EDGE_LOOP('',(#4708,#4713,#4714,#4715));
#4717=FACE_OUTER_BOUND('',#4716,.T.);
#4718=CARTESIAN_POINT('',(-10.20817,20.03466,-11.42857));
#4719=DIRECTION('',(-0.36315,0.87671,0.31544));
#4720=DIRECTION('',(0.1436,-0.28184,0.94865));
#4721=AXIS2_PLACEMENT_3D('',#4718,#4719,#4720);
#4722=PLANE('',#4721);
#4723=ADVANCED_FACE('',(#4717),#4722,.T.);
#4724=CARTESIAN_POINT('',(-9.47484,18.59541,-5.71429));
#4725=VERTEX_POINT('',#4724);
#4726=DIRECTION('',(0.10257,-0.2013,0.97414));
#4727=VECTOR('',#4726,2.93298);
#4728=LINE('',#4702,#4727);
#4729=EDGE_CURVE('',#4703,#4725,#4728,.T.);
#4730=ORIENTED_EDGE('',*,*,#4729,.T.);
#4731=DIRECTION('',(-0.92388,-0.38268,0.));
#4732=VECTOR('',#4731,3.2749);
#4733=LINE('',#4350,#4732);
#4734=EDGE_CURVE('',#4351,#4725,#4733,.T.);
#4735=ORIENTED_EDGE('',*,*,#4734,.F.);
#4736=ORIENTED_EDGE('',*,*,#4355,.F.);
#4737=ORIENTED_EDGE('',*,*,#4712,.T.);
#4738=EDGE_LOOP('',(#4730,#4735,#4736,#4737));
#4739=FACE_OUTER_BOUND('',#4738,.T.);
#4740=CARTESIAN_POINT('',(-9.77567,19.18582,-8.57143));
#4741=DIRECTION('',(-0.37285,0.90013,0.22526));
#4742=DIRECTION('',(0.10257,-0.2013,0.97414));
#4743=AXIS2_PLACEMENT_3D('',#4740,#4741,#4742);
#4744=PLANE('',#4743);
#4745=ADVANCED_FACE('',(#4739),#4744,.T.);
#4746=CARTESIAN_POINT('',(-9.29737,18.24712,-2.85714));
#4747=VERTEX_POINT('',#4746);
#4748=DIRECTION('',(0.06154,-0.12078,0.99077));
#4749=VECTOR('',#4748,2.88376);
#4750=LINE('',#4724,#4749);
#4751=EDGE_CURVE('',#4725,#4747,#4750,.T.);
#4752=ORIENTED_EDGE('',*,*,#4751,.T.);
#4753=DIRECTION('',(-0.92388,-0.38268,0.));
#4754=VECTOR('',#4753,3.21356);
#4755=LINE('',#4372,#4754);
#4756=EDGE_CURVE('',#4373,#4747,#4755,.T.);
#4757=ORIENTED_EDGE('',*,*,#4756,.F.);
#4758=ORIENTED_EDGE('',*,*,#4377,.F.);
#4759=ORIENTED_EDGE('',*,*,#4734,.T.);
#4760=EDGE_LOOP('',(#4752,#4757,#4758,#4759));
#4761=FACE_OUTER_BOUND('',#4760,.T.);
#4762=CARTESIAN_POINT('',(-9.47484,18.59541,-5.71429));
#4763=DIRECTION('',(-0.37917,0.9154,0.13514));
#4764=DIRECTION('',(0.06154,-0.12078,0.99077));
#4765=AXIS2_PLACEMENT_3D('',#4762,#4763,#4764);
#4766=PLANE('',#4765);
#4767=ADVANCED_FACE('',(#4761),#4766,.T.);
#4768=CARTESIAN_POINT('',(-9.23871,18.13198,0.));
#4769=VERTEX_POINT('',#4768);
#4770=DIRECTION('',(0.02051,-0.04026,0.99898));
#4771=VECTOR('',#4770,2.86006);
#4772=LINE('',#4746,#4771);
#4773=EDGE_CURVE('',#4747,#4769,#4772,.T.);
#4774=ORIENTED_EDGE('',*,*,#4773,.T.);
#4775=DIRECTION('',(-0.92388,-0.38268,0.));
#4776=VECTOR('',#4775,3.19329);
#4777=LINE('',#4394,#4776);
#4778=EDGE_CURVE('',#4395,#4769,#4777,.T.);
#4779=ORIENTED_EDGE('',*,*,#4778,.F.);
#4780=ORIENTED_EDGE('',*,*,#4399,.F.);
#4781=ORIENTED_EDGE('',*,*,#4756,.T.);
#4782=EDGE_LOOP('',(#4774,#4779,#4780,#4781));
#4783=FACE_OUTER_BOUND('',#4782,.T.);
#4784=CARTESIAN_POINT('',(-9.29737,18.24712,-2.85714));
#4785=DIRECTION('',(-0.3823,0.92294,0.04504));
#4786=DIRECTION('',(0.02051,-0.04026,0.99898));
#4787=AXIS2_PLACEMENT_3D('',#4784,#4785,#4786);
#4788=PLANE('',#4787);
#4789=ADVANCED_FACE('',(#4783),#4788,.T.);
#4790=CARTESIAN_POINT('',(-9.29737,18.24712,2.85714));
#4791=VERTEX_POINT('',#4790);
#4792=DIRECTION('',(-0.02051,0.04026,0.99898));
#4793=VECTOR('',#4792,2.86006);
#4794=LINE('',#4768,#4793);
#4795=EDGE_CURVE('',#4769,#4791,#4794,.T.);
#4796=ORIENTED_EDGE('',*,*,#4795,.T.);
#4797=DIRECTION('',(-0.92388,-0.38268,0.));
#4798=VECTOR('',#4797,3.21356);
#4799=LINE('',#4416,#4798);
#4800=EDGE_CURVE('',#4417,#4791,#4799,.T.);
#4801=ORIENTED_EDGE('',*,*,#4800,.F.);
#4802=ORIENTED_EDGE('',*,*,#4421,.F.);
#4803=ORIENTED_EDGE('',*,*,#4778,.T.);
#4804=EDGE_LOOP('',(#4796,#4801,#4802,#4803));
#4805=FACE_OUTER_BOUND('',#4804,.T.);
#4806=CARTESIAN_POINT('',(-9.23871,18.13198,0.));
#4807=DIRECTION('',(-0.3823,0.92294,-0.04504));
#4808=DIRECTION('',(-0.02051,0.04026,0.99898));
#4809=AXIS2_PLACEMENT_3D('',#4806,#4807,#4808);
#4810=PLANE('',#4809);
#4811=ADVANCED_FACE('',(#4805),#4810,.T.);
#4812=CARTESIAN_POINT('',(-9.47484,18.59541,5.71429));
#4813=VERTEX_POINT('',#4812);
#4814=DIRECTION('',(-0.06154,0.12078,0.99077));
#4815=VECTOR('',#4814,2.88376);
#4816=LINE('',#4790,#4815);
#4817=EDGE_CURVE('',#4791,#4813,#4816,.T.);
#4818=ORIENTED_EDGE('',*,*,#4817,.T.);
#4819=DIRECTION('',(-0.92388,-0.38268,0.));
#4820=VECTOR('',#4819,3.2749);
#4821=LINE('',#4438,#4820);
#4822=EDGE_CURVE('',#4439,#4813,#4821,.T.);
#4823=ORIENTED_EDGE('',*,*,#4822,.F.);
#4824=ORIENTED_EDGE('',*,*,#4443,.F.);
#4825=ORIENTED_EDGE('',*,*,#4800,.T.);
#4826=EDGE_LOOP('',(#4818,#4823,#4824,#4825));
#4827=FACE_OUTER_BOUND('',#4826,.T.);
#4828=CARTESIAN_POINT('',(-9.29737,18.24712,2.85714));
#4829=DIRECTION('',(-0.37917,0.9154,-0.13514));
#4830=DIRECTION('',(-0.06154,0.12078,0.99077));
#4831=AXIS2_PLACEMENT_3D('',#4828,#4829,#4830);
#4832=PLANE('',#4831);
#4833=ADVANCED_FACE('',(#4827),#4832,.T.);
#4834=CARTESIAN_POINT('',(-9.77567,19.18582,8.57143));
#4835=VERTEX_POINT('',#4834);
#4836=DIRECTION('',(-0.10257,0.2013,0.97414));
#4837=VECTOR('',#4836,2.93298);
#4838=LINE('',#4812,#4837);
#4839=EDGE_CURVE('',#4813,#4835,#4838,.T.);
#4840=ORIENTED_EDGE('',*,*,#4839,.T.);
#4841=DIRECTION('',(-0.92388,-0.38268,0.));
#4842=VECTOR('',#4841,3.37888);
#4843=LINE('',#4460,#4842);
#4844=EDGE_CURVE('',#4461,#4835,#4843,.T.);
#4845=ORIENTED_EDGE('',*,*,#4844,.F.);
#4846=ORIENTED_EDGE('',*,*,#4465,.F.);
#4847=ORIENTED_EDGE('',*,*,#4822,.T.);
#4848=EDGE_LOOP('',(#4840,#4845,#4846,#4847));
#4849=FACE_OUTER_BOUND('',#4848,.T.);
#4850=CARTESIAN_POINT('',(-9.47484,18.59541,5.71429));
#4851=DIRECTION('',(-0.37285,0.90013,-0.22526));
#4852=DIRECTION('',(-0.10257,0.2013,0.97414));
#4853=AXIS2_PLACEMENT_3D('',#4850,#4851,#4852);
#4854=PLANE('',#4853);
#4855=ADVANCED_FACE('',(#4849),#4854,.T.);
#4856=CARTESIAN_POINT('',(-10.20817,20.03466,11.42857));
#4857=VERTEX_POINT('',#4856);
#4858=DIRECTION('',(-0.1436,0.28184,0.94865));
#4859=VECTOR('',#4858,3.01178);
#4860=LINE('',#4834,#4859);
#4861=EDGE_CURVE('',#4835,#4857,#4860,.T.);
#4862=ORIENTED_EDGE('',*,*,#4861,.T.);
#4863=DIRECTION('',(-0.92388,-0.38268,0.));
#4864=VECTOR('',#4863,3.52837);
#4865=LINE('',#4482,#4864);
#4866=EDGE_CURVE('',#4483,#4857,#4865,.T.);
#4867=ORIENTED_EDGE('',*,*,#4866,.F.);
#4868=ORIENTED_EDGE('',*,*,#4487,.F.);
#4869=ORIENTED_EDGE('',*,*,#4844,.T.);
#4870=EDGE_LOOP('',(#4862,#4867,#4868,#4869));
#4871=FACE_OUTER_BOUND('',#4870,.T.);
#4872=CARTESIAN_POINT('',(-9.77567,19.18582,8.57143));
#4873=DIRECTION('',(-0.36315,0.87671,-0.31544));
#4874=DIRECTION('',(-0.1436,0.28184,0.94865));
#4875=AXIS2_PLACEMENT_3D('',#4872,#4873,#4874);
#4876=PLANE('',#4875);
#4877=ADVANCED_FACE('',(#4871),#4876,.T.);
#4878=CARTESIAN_POINT('',(-10.78566,21.16805,14.28571));
#4879=VERTEX_POINT('',#4878);
#4880=DIRECTION('',(-0.18465,0.3624,0.91355));
#4881=VECTOR('',#4880,3.12752);
#4882=LINE('',#4856,#4881);
#4883=EDGE_CURVE('',#4857,#4879,#4882,.T.);
#4884=ORIENTED_EDGE('',*,*,#4883,.T.);
#4885=DIRECTION('',(-0.92388,-0.38268,0.));
#4886=VECTOR('',#4885,3.72798);
#4887=LINE('',#4504,#4886);
#4888=EDGE_CURVE('',#4505,#4879,#4887,.T.);
#4889=ORIENTED_EDGE('',*,*,#4888,.F.);
#4890=ORIENTED_EDGE('',*,*,#4509,.F.);
#4891=ORIENTED_EDGE('',*,*,#4866,.T.);
#4892=EDGE_LOOP('',(#4884,#4889,#4890,#4891));
#4893=FACE_OUTER_BOUND('',#4892,.T.);
#4894=CARTESIAN_POINT('',(-10.20817,20.03466,11.42857));
#4895=DIRECTION('',(-0.34978,0.84444,-0.40568));
#4896=DIRECTION('',(-0.18465,0.3624,0.91355));
#4897=AXIS2_PLACEMENT_3D('',#4894,#4895,#4896);
#4898=PLANE('',#4897);
#4899=ADVANCED_FACE('',(#4893),#4898,.T.);
#4900=CARTESIAN_POINT('',(-11.52893,22.62679,17.14286));
#4901=VERTEX_POINT('',#4900);
#4902=DIRECTION('',(-0.22571,0.44299,0.86765));
#4903=VECTOR('',#4902,3.29297);
#4904=LINE('',#4878,#4903);
#4905=EDGE_CURVE('',#4879,#4901,#4904,.T.);
#4906=ORIENTED_EDGE('',*,*,#4905,.T.);
#4907=DIRECTION('',(-0.92388,-0.38268,0.));
#4908=VECTOR('',#4907,3.98488);
#4909=LINE('',#4526,#4908);
#4910=EDGE_CURVE('',#4527,#4901,#4909,.T.);
#4911=ORIENTED_EDGE('',*,*,#4910,.F.);
#4912=ORIENTED_EDGE('',*,*,#4531,.F.);
#4913=ORIENTED_EDGE('',*,*,#4888,.T.);
#4914=EDGE_LOOP('',(#4906,#4911,#4912,#4913));
#4915=FACE_OUTER_BOUND('',#4914,.T.);
#4916=CARTESIAN_POINT('',(-10.78566,21.16805,14.28571));
#4917=DIRECTION('',(-0.33229,0.80221,-0.49602));
#4918=DIRECTION('',(-0.22571,0.44299,0.86765));
#4919=AXIS2_PLACEMENT_3D('',#4916,#4917,#4918);
#4920=PLANE('',#4919);
#4921=ADVANCED_FACE('',(#4915),#4920,.T.);
#4922=CARTESIAN_POINT('',(-12.4711,24.47592,20.));
#4923=VERTEX_POINT('',#4922);
#4924=DIRECTION('',(-0.26681,0.52364,0.80909));
#4925=VECTOR('',#4924,3.53132);
#4926=LINE('',#4900,#4925);
#4927=EDGE_CURVE('',#4901,#4923,#4926,.T.);
#4928=ORIENTED_EDGE('',*,*,#4927,.T.);
#4929=DIRECTION('',(-0.92388,-0.38268,0.));
#4930=VECTOR('',#4929,4.31054);
#4931=LINE('',#4548,#4930);
#4932=EDGE_CURVE('',#4549,#4923,#4931,.T.);
#4933=ORIENTED_EDGE('',*,*,#4932,.F.);
#4934=ORIENTED_EDGE('',*,*,#4553,.F.);
#4935=ORIENTED_EDGE('',*,*,#4910,.T.);
#4936=EDGE_LOOP('',(#4928,#4933,#4934,#4935));
#4937=FACE_OUTER_BOUND('',#4936,.T.);
#4938=CARTESIAN_POINT('',(-11.52893,22.62679,17.14286));
#4939=DIRECTION('',(-0.30995,0.74829,-0.5865));
#4940=DIRECTION('',(-0.26681,0.52364,0.80909));
#4941=AXIS2_PLACEMENT_3D('',#4938,#4939,#4940);
#4942=PLANE('',#4941);
#4943=ADVANCED_FACE('',(#4937),#4942,.T.);
#4944=CARTESIAN_POINT('',(-2.49695,4.90054,20.));
#4945=VERTEX_POINT('',#4944);
#4946=DIRECTION('',(0.45399,-0.89101,0.));
#4947=VECTOR('',#4946,21.96997);
#4948=LINE('',#4922,#4947);
#4949=EDGE_CURVE('',#4923,#4945,#4948,.T.);
#4950=ORIENTED_EDGE('',*,*,#4949,.T.);
#4951=DIRECTION('',(-0.92388,-0.38268,0.));
#4952=VECTOR('',#4951,0.86305);
#4953=LINE('',#4570,#4952);
#4954=EDGE_CURVE('',#4571,#4945,#4953,.T.);
#4955=ORIENTED_EDGE('',*,*,#4954,.F.);
#4956=ORIENTED_EDGE('',*,*,#4575,.F.);
#4957=ORIENTED_EDGE('',*,*,#4932,.T.);
#4958=EDGE_LOOP('',(#4950,#4955,#4956,#4957));
#4959=FACE_OUTER_BOUND('',#4958,.T.);
#4960=CARTESIAN_POINT('',(-12.4711,24.47592,20.));
#4961=DIRECTION('',(0.,0.,1.));
#4962=DIRECTION('',(0.45399,-0.89101,0.));
#4963=AXIS2_PLACEMENT_3D('',#4960,#4961,#4962);
#4964=PLANE('',#4963);
#4965=ADVANCED_FACE('',(#4959),#4964,.T.);
#4966=DIRECTION('',(0.,0.,1.));
#4967=VECTOR('',#4966,40.);
#4968=LINE('',#4608,#4967);
#4969=EDGE_CURVE('',#4609,#4945,#4968,.T.);
#4970=ORIENTED_EDGE('',*,*,#4969,.F.);
#4971=ORIENTED_EDGE('',*,*,#4626,.F.);
#4972=ORIENTED_EDGE('',*,*,#4595,.T.);
#4973=ORIENTED_EDGE('',*,*,#4954,.T.);
#4974=EDGE_LOOP('',(#4970,#4971,#4972,#4973));
#4975=FACE_OUTER_BOUND('',#4974,.T.);
#4976=CARTESIAN_POINT('',(-2.49695,4.90054,20.));
#4977=DIRECTION('',(0.38268,-0.92388,0.));
#4978=DIRECTION('',(0.,0.,-1.));
#4979=AXIS2_PLACEMENT_3D('',#4976,#4977,#4978);
#4980=PLANE('',#4979);
#4981=ADVANCED_FACE('',(#4975),#4980,.T.);
#4982=CARTESIAN_POINT('',(-3.23282,4.44959,-20.));
#4983=VERTEX_POINT('',#4982);
#4984=CARTESIAN_POINT('',(-16.14644,22.22367,-20.));
#4985=VERTEX_POINT('',#4984);
#4986=DIRECTION('',(-0.58779,0.80902,0.));
#4987=VECTOR('',#4986,21.96997);
#4988=LINE('',#4982,#4987);
#4989=EDGE_CURVE('',#4983,#4985,#4988,.T.);
#4990=ORIENTED_EDGE('',*,*,#4989,.T.);
#4991=DIRECTION('',(-0.85264,-0.5225,0.));
#4992=VECTOR('',#4991,4.31054);
#4993=LINE('',#4610,#4992);
#4994=EDGE_CURVE('',#4611,#4985,#4993,.T.);
#4995=ORIENTED_EDGE('',*,*,#4994,.F.);
#4996=ORIENTED_EDGE('',*,*,#4615,.F.);
#4997=DIRECTION('',(-0.85264,-0.5225,0.));
#4998=VECTOR('',#4997,0.86305);
#4999=LINE('',#4608,#4998);
#5000=EDGE_CURVE('',#4609,#4983,#4999,.T.);
#5001=ORIENTED_EDGE('',*,*,#5000,.T.);
#5002=EDGE_LOOP('',(#4990,#4995,#4996,#5001));
#5003=FACE_OUTER_BOUND('',#5002,.T.);
#5004=CARTESIAN_POINT('',(-3.23282,4.44959,-20.));
#5005=DIRECTION('',(0.,0.,-1.));
#5006=DIRECTION('',(-0.58779,0.80902,0.));
#5007=AXIS2_PLACEMENT_3D('',#5004,#5005,#5006);
#5008=PLANE('',#5007);
#5009=ADVANCED_FACE('',(#5003),#5008,.T.);
#5010=CARTESIAN_POINT('',(-14.9266,20.5447,-17.14286));
#5011=VERTEX_POINT('',#5010);
#5012=DIRECTION('',(0.34544,-0.47545,0.80909));
#5013=VECTOR('',#5012,3.53132);
#5014=LINE('',#4984,#5013);
#5015=EDGE_CURVE('',#4985,#5011,#5014,.T.);
#5016=ORIENTED_EDGE('',*,*,#5015,.T.);
#5017=DIRECTION('',(-0.85264,-0.5225,0.));
#5018=VECTOR('',#5017,3.98488);
#5019=LINE('',#4636,#5018);
#5020=EDGE_CURVE('',#4637,#5011,#5019,.T.);
#5021=ORIENTED_EDGE('',*,*,#5020,.F.);
#5022=ORIENTED_EDGE('',*,*,#4641,.F.);
#5023=ORIENTED_EDGE('',*,*,#4994,.T.);
#5024=EDGE_LOOP('',(#5016,#5021,#5022,#5023));
#5025=FACE_OUTER_BOUND('',#5024,.T.);
#5026=CARTESIAN_POINT('',(-16.14644,22.22367,-20.));
#5027=DIRECTION('',(-0.4232,0.69059,0.5865));
#5028=DIRECTION('',(0.34544,-0.47545,0.80909));
#5029=AXIS2_PLACEMENT_3D('',#5026,#5027,#5028);
#5030=PLANE('',#5029);
#5031=ADVANCED_FACE('',(#5025),#5030,.T.);
#5032=CARTESIAN_POINT('',(-13.96429,19.22019,-14.28571));
#5033=VERTEX_POINT('',#5032);
#5034=DIRECTION('',(0.29223,-0.40222,0.86765));
#5035=VECTOR('',#5034,3.29297);
#5036=LINE('',#5010,#5035);
#5037=EDGE_CURVE('',#5011,#5033,#5036,.T.);
#5038=ORIENTED_EDGE('',*,*,#5037,.T.);
#5039=DIRECTION('',(-0.85264,-0.5225,0.));
#5040=VECTOR('',#5039,3.72798);
#5041=LINE('',#4658,#5040);
#5042=EDGE_CURVE('',#4659,#5033,#5041,.T.);
#5043=ORIENTED_EDGE('',*,*,#5042,.F.);
#5044=ORIENTED_EDGE('',*,*,#4663,.F.);
#5045=ORIENTED_EDGE('',*,*,#5020,.T.);
#5046=EDGE_LOOP('',(#5038,#5043,#5044,#5045));
#5047=FACE_OUTER_BOUND('',#5046,.T.);
#5048=CARTESIAN_POINT('',(-14.9266,20.5447,-17.14286));
#5049=DIRECTION('',(-0.45369,0.74036,0.49602));
#5050=DIRECTION('',(0.29223,-0.40222,0.86765));
#5051=AXIS2_PLACEMENT_3D('',#5048,#5049,#5050);
#5052=PLANE('',#5051);
#5053=ADVANCED_FACE('',(#5047),#5052,.T.);
#5054=CARTESIAN_POINT('',(-13.2166,18.19109,-11.42857));
#5055=VERTEX_POINT('',#5054);
#5056=DIRECTION('',(0.23907,-0.32905,0.91355));
#5057=VECTOR('',#5056,3.12752);
#5058=LINE('',#5032,#5057);
#5059=EDGE_CURVE('',#5033,#5055,#5058,.T.);
#5060=ORIENTED_EDGE('',*,*,#5059,.T.);
#5061=DIRECTION('',(-0.85264,-0.5225,0.));
#5062=VECTOR('',#5061,3.52837);
#5063=LINE('',#4680,#5062);
#5064=EDGE_CURVE('',#4681,#5055,#5063,.T.);
#5065=ORIENTED_EDGE('',*,*,#5064,.F.);
#5066=ORIENTED_EDGE('',*,*,#4685,.F.);
#5067=ORIENTED_EDGE('',*,*,#5042,.T.);
#5068=EDGE_LOOP('',(#5060,#5065,#5066,#5067));
#5069=FACE_OUTER_BOUND('',#5068,.T.);
#5070=CARTESIAN_POINT('',(-13.96429,19.22019,-14.28571));
#5071=DIRECTION('',(-0.47757,0.77933,0.40568));
#5072=DIRECTION('',(0.23907,-0.32905,0.91355));
#5073=AXIS2_PLACEMENT_3D('',#5070,#5071,#5072);
#5074=PLANE('',#5073);
#5075=ADVANCED_FACE('',(#5069),#5074,.T.);
#5076=CARTESIAN_POINT('',(-12.65663,17.42036,-8.57143));
#5077=VERTEX_POINT('',#5076);
#5078=DIRECTION('',(0.18592,-0.2559,0.94865));
#5079=VECTOR('',#5078,3.01178);
#5080=LINE('',#5054,#5079);
#5081=EDGE_CURVE('',#5055,#5077,#5080,.T.);
#5082=ORIENTED_EDGE('',*,*,#5081,.T.);
#5083=DIRECTION('',(-0.85264,-0.5225,0.));
#5084=VECTOR('',#5083,3.37888);
#5085=LINE('',#4702,#5084);
#5086=EDGE_CURVE('',#4703,#5077,#5085,.T.);
#5087=ORIENTED_EDGE('',*,*,#5086,.F.);
#5088=ORIENTED_EDGE('',*,*,#4707,.F.);
#5089=ORIENTED_EDGE('',*,*,#5064,.T.);
#5090=EDGE_LOOP('',(#5082,#5087,#5088,#5089));
#5091=FACE_OUTER_BOUND('',#5090,.T.);
#5092=CARTESIAN_POINT('',(-13.2166,18.19109,-11.42857));
#5093=DIRECTION('',(-0.49582,0.80911,0.31544));
#5094=DIRECTION('',(0.18592,-0.2559,0.94865));
#5095=AXIS2_PLACEMENT_3D('',#5092,#5093,#5094);
#5096=PLANE('',#5095);
#5097=ADVANCED_FACE('',(#5091),#5096,.T.);
#5098=CARTESIAN_POINT('',(-12.26715,16.88428,-5.71429));
#5099=VERTEX_POINT('',#5098);
#5100=DIRECTION('',(0.1328,-0.18278,0.97414));
#5101=VECTOR('',#5100,2.93298);
#5102=LINE('',#5076,#5101);
#5103=EDGE_CURVE('',#5077,#5099,#5102,.T.);
#5104=ORIENTED_EDGE('',*,*,#5103,.T.);
#5105=DIRECTION('',(-0.85264,-0.5225,0.));
#5106=VECTOR('',#5105,3.2749);
#5107=LINE('',#4724,#5106);
#5108=EDGE_CURVE('',#4725,#5099,#5107,.T.);
#5109=ORIENTED_EDGE('',*,*,#5108,.F.);
#5110=ORIENTED_EDGE('',*,*,#4729,.F.);
#5111=ORIENTED_EDGE('',*,*,#5086,.T.);
#5112=EDGE_LOOP('',(#5104,#5109,#5110,#5111));
#5113=FACE_OUTER_BOUND('',#5112,.T.);
#5114=CARTESIAN_POINT('',(-12.65663,17.42036,-8.57143));
#5115=DIRECTION('',(-0.50907,0.83073,0.22526));
#5116=DIRECTION('',(0.1328,-0.18278,0.97414));
#5117=AXIS2_PLACEMENT_3D('',#5114,#5115,#5116);
#5118=PLANE('',#5117);
#5119=ADVANCED_FACE('',(#5113),#5118,.T.);
#5120=CARTESIAN_POINT('',(-12.03739,16.56804,-2.85714));
#5121=VERTEX_POINT('',#5120);
#5122=DIRECTION('',(0.07967,-0.10966,0.99077));
#5123=VECTOR('',#5122,2.88376);
#5124=LINE('',#5098,#5123);
#5125=EDGE_CURVE('',#5099,#5121,#5124,.T.);
#5126=ORIENTED_EDGE('',*,*,#5125,.T.);
#5127=DIRECTION('',(-0.85264,-0.5225,0.));
#5128=VECTOR('',#5127,3.21356);
#5129=LINE('',#4746,#5128);
#5130=EDGE_CURVE('',#4747,#5121,#5129,.T.);
#5131=ORIENTED_EDGE('',*,*,#5130,.F.);
#5132=ORIENTED_EDGE('',*,*,#4751,.F.);
#5133=ORIENTED_EDGE('',*,*,#5108,.T.);
#5134=EDGE_LOOP('',(#5126,#5131,#5132,#5133));
#5135=FACE_OUTER_BOUND('',#5134,.T.);
#5136=CARTESIAN_POINT('',(-12.26715,16.88428,-5.71429));
#5137=DIRECTION('',(-0.51771,0.84482,0.13514));
#5138=DIRECTION('',(0.07967,-0.10966,0.99077));
#5139=AXIS2_PLACEMENT_3D('',#5136,#5137,#5138);
#5140=PLANE('',#5139);
#5141=ADVANCED_FACE('',(#5135),#5140,.T.);
#5142=CARTESIAN_POINT('',(-11.96143,16.4635,0.));
#5143=VERTEX_POINT('',#5142);
#5144=DIRECTION('',(0.02656,-0.03655,0.99898));
#5145=VECTOR('',#5144,2.86006);
#5146=LINE('',#5120,#5145);
#5147=EDGE_CURVE('',#5121,#5143,#5146,.T.);
#5148=ORIENTED_EDGE('',*,*,#5147,.T.);
#5149=DIRECTION('',(-0.85264,-0.5225,0.));
#5150=VECTOR('',#5149,3.19329);
#5151=LINE('',#4768,#5150);
#5152=EDGE_CURVE('',#4769,#5143,#5151,.T.);
#5153=ORIENTED_EDGE('',*,*,#5152,.F.);
#5154=ORIENTED_EDGE('',*,*,#4773,.F.);
#5155=ORIENTED_EDGE('',*,*,#5130,.T.);
#5156=EDGE_LOOP('',(#5148,#5153,#5154,#5155));
#5157=FACE_OUTER_BOUND('',#5156,.T.);
#5158=CARTESIAN_POINT('',(-12.03739,16.56804,-2.85714));
#5159=DIRECTION('',(-0.52197,0.85177,0.04504));
#5160=DIRECTION('',(0.02656,-0.03655,0.99898));
#5161=AXIS2_PLACEMENT_3D('',#5158,#5159,#5160);
#5162=PLANE('',#5161);
#5163=ADVANCED_FACE('',(#5157),#5162,.T.);
#5164=CARTESIAN_POINT('',(-12.03739,16.56804,2.85714));
#5165=VERTEX_POINT('',#5164);
#5166=DIRECTION('',(-0.02656,0.03655,0.99898));
#5167=VECTOR('',#5166,2.86006);
#5168=LINE('',#5142,#5167);
#5169=EDGE_CURVE('',#5143,#5165,#5168,.T.);
#5170=ORIENTED_EDGE('',*,*,#5169,.T.);
#5171=DIRECTION('',(-0.85264,-0.5225,0.));
#5172=VECTOR('',#5171,3.21356);
#5173=LINE('',#4790,#5172);
#5174=EDGE_CURVE('',#4791,#5165,#5173,.T.);
#5175=ORIENTED_EDGE('',*,*,#5174,.F.);
#5176=ORIENTED_EDGE('',*,*,#4795,.F.);
#5177=ORIENTED_EDGE('',*,*,#5152,.T.);
#5178=EDGE_LOOP('',(#5170,#5175,#5176,#5177));
#5179=FACE_OUTER_BOUND('',#5178,.T.);
#5180=CARTESIAN_POINT('',(-11.96143,16.4635,0.));
#5181=DIRECTION('',(-0.52197,0.85177,-0.04504));
#5182=DIRECTION('',(-0.02656,0.03655,0.99898));
#5183=AXIS2_PLACEMENT_3D('',#5180,#5181,#5182);
#5184=PLANE('',#5183);
#5185=ADVANCED_FACE('',(#5179),#5184,.T.);
#5186=CARTESIAN_POINT('',(-12.26715,16.88428,5.71429));
#5187=VERTEX_POINT('',#5186);
#5188=DIRECTION('',(-0.07967,0.10966,0.99077));
#5189=VECTOR('',#5188,2.88376);
#5190=LINE('',#5164,#5189);
#5191=EDGE_CURVE('',#5165,#5187,#5190,.T.);
#5192=ORIENTED_EDGE('',*,*,#5191,.T.);
#5193=DIRECTION('',(-0.85264,-0.5225,0.));
#5194=VECTOR('',#5193,3.2749);
#5195=LINE('',#4812,#5194);
#5196=EDGE_CURVE('',#4813,#5187,#5195,.T.);
#5197=ORIENTED_EDGE('',*,*,#5196,.F.);
#5198=ORIENTED_EDGE('',*,*,#4817,.F.);
#5199=ORIENTED_EDGE('',*,*,#5174,.T.);
#5200=EDGE_LOOP('',(#5192,#5197,#5198,#5199));
#5201=FACE_OUTER_BOUND('',#5200,.T.);
#5202=CARTESIAN_POINT('',(-12.03739,16.56804,2.85714));
#5203=DIRECTION('',(-0.51771,0.84482,-0.13514));
#5204=DIRECTION('',(-0.07967,0.10966,0.99077));
#5205=AXIS2_PLACEMENT_3D('',#5202,#5203,#5204);
#5206=PLANE('',#5205);
#5207=ADVANCED_FACE('',(#5201),#5206,.T.);
#5208=CARTESIAN_POINT('',(-12.65663,17.42036,8.57143));
#5209=VERTEX_POINT('',#5208);
#5210=DIRECTION('',(-0.1328,0.18278,0.97414));
#5211=VECTOR('',#5210,2.93298);
#5212=LINE('',#5186,#5211);
#5213=EDGE_CURVE('',#5187,#5209,#5212,.T.);
#5214=ORIENTED_EDGE('',*,*,#5213,.T.);
#5215=DIRECTION('',(-0.85264,-0.5225,0.));
#5216=VECTOR('',#5215,3.37888);
#5217=LINE('',#4834,#5216);
#5218=EDGE_CURVE('',#4835,#5209,#5217,.T.);
#5219=ORIENTED_EDGE('',*,*,#5218,.F.);
#5220=ORIENTED_EDGE('',*,*,#4839,.F.);
#5221=ORIENTED_EDGE('',*,*,#5196,.T.);
#5222=EDGE_LOOP('',(#5214,#5219,#5220,#5221));
#5223=FACE_OUTER_BOUND('',#5222,.T.);
#5224=CARTESIAN_POINT('',(-12.26715,16.88428,5.71429));
#5225=DIRECTION('',(-0.50907,0.83073,-0.22526));
#5226=DIRECTION('',(-0.1328,0.18278,0.97414));
#5227=AXIS2_PLACEMENT_3D('',#5224,#5225,#5226);
#5228=PLANE('',#5227);
#5229=ADVANCED_FACE('',(#5223),#5228,.T.);
#5230=CARTESIAN_POINT('',(-13.2166,18.19109,11.42857));
#5231=VERTEX_POINT('',#5230);
#5232=DIRECTION('',(-0.18592,0.2559,0.94865));
#5233=VECTOR('',#5232,3.01178);
#5234=LINE('',#5208,#5233);
#5235=EDGE_CURVE('',#5209,#5231,#5234,.T.);
#5236=ORIENTED_EDGE('',*,*,#5235,.T.);
#5237=DIRECTION('',(-0.85264,-0.5225,0.));
#5238=VECTOR('',#5237,3.52837);
#5239=LINE('',#4856,#5238);
#5240=EDGE_CURVE('',#4857,#5231,#5239,.T.);
#5241=ORIENTED_EDGE('',*,*,#5240,.F.);
#5242=ORIENTED_EDGE('',*,*,#4861,.F.);
#5243=ORIENTED_EDGE('',*,*,#5218,.T.);
#5244=EDGE_LOOP('',(#5236,#5241,#5242,#5243));
#5245=FACE_OUTER_BOUND('',#5244,.T.);
#5246=CARTESIAN_POINT('',(-12.65663,17.42036,8.57143));
#5247=DIRECTION('',(-0.49582,0.80911,-0.31544));
#5248=DIRECTION('',(-0.18592,0.2559,0.94865));
#5249=AXIS2_PLACEMENT_3D('',#5246,#5247,#5248);
#5250=PLANE('',#5249);
#5251=ADVANCED_FACE('',(#5245),#5250,.T.);
#5252=CARTESIAN_POINT('',(-13.96429,19.22019,14.28571));
#5253=VERTEX_POINT('',#5252);
#5254=DIRECTION('',(-0.23907,0.32905,0.91355));
#5255=VECTOR('',#5254,3.12752);
#5256=LINE('',#5230,#5255);
#5257=EDGE_CURVE('',#5231,#5253,#5256,.T.);
#5258=ORIENTED_EDGE('',*,*,#5257,.T.);
#5259=DIRECTION('',(-0.85264,-0.5225,0.));
#5260=VECTOR('',#5259,3.72798);
#5261=LINE('',#4878,#5260);
#5262=EDGE_CURVE('',#4879,#5253,#5261,.T.);
#5263=ORIENTED_EDGE('',*,*,#5262,.F.);
#5264=ORIENTED_EDGE('',*,*,#4883,.F.);
#5265=ORIENTED_EDGE('',*,*,#5240,.T.);
#5266=EDGE_LOOP('',(#5258,#5263,#5264,#5265));
#5267=FACE_OUTER_BOUND('',#5266,.T.);
#5268=CARTESIAN_POINT('',(-13.2166,18.19109,11.42857));
#5269=DIRECTION('',(-0.47757,0.77933,-0.40568));
#5270=DIRECTION('',(-0.23907,0.32905,0.91355));
#5271=AXIS2_PLACEMENT_3D('',#5268,#5269,#5270);
#5272=PLANE('',#5271);
#5273=ADVANCED_FACE('',(#5267),#5272,.T.);
#5274=CARTESIAN_POINT('',(-14.9266,20.5447,17.14286));
#5275=VERTEX_POINT('',#5274);
#5276=DIRECTION('',(-0.29223,0.40222,0.86765));
#5277=VECTOR('',#5276,3.29297);
#5278=LINE('',#5252,#5277);
#5279=EDGE_CURVE('',#5253,#5275,#5278,.T.);
#5280=ORIENTED_EDGE('',*,*,#5279,.T.);
#5281=DIRECTION('',(-0.85264,-0.5225,0.));
#5282=VECTOR('',#5281,3.98488);
#5283=LINE('',#4900,#5282);
#5284=EDGE_CURVE('',#4901,#5275,#5283,.T.);
#5285=ORIENTED_EDGE('',*,*,#5284,.F.);
#5286=ORIENTED_EDGE('',*,*,#4905,.F.);
#5287=ORIENTED_EDGE('',*,*,#5262,.T.);
#5288=EDGE_LOOP('',(#5280,#5285,#5286,#5287));
#5289=FACE_OUTER_BOUND('',#5288,.T.);
#5290=CARTESIAN_POINT('',(-13.96429,19.22019,14.28571));
#5291=DIRECTION('',(-0.45369,0.74036,-0.49602));
#5292=DIRECTION('',(-0.29223,0.40222,0.86765));
#5293=AXIS2_PLACEMENT_3D('',#5290,#5291,#5292);
#5294=PLANE('',#5293);
#5295=ADVANCED_FACE('',(#5289),#5294,.T.);
#5296=CARTESIAN_POINT('',(-16.14644,22.22367,20.));
#5297=VERTEX_POINT('',#5296);
#5298=DIRECTION('',(-0.34544,0.47545,0.80909));
#5299=VECTOR('',#5298,3.53132);
#5300=LINE('',#5274,#5299);
#5301=EDGE_CURVE('',#5275,#5297,#5300,.T.);
#5302=ORIENTED_EDGE('',*,*,#5301,.T.);
#5303=DIRECTION('',(-0.85264,-0.5225,0.));
#5304=VECTOR('',#5303,4.31054);
#5305=LINE('',#4922,#5304);
#5306=EDGE_CURVE('',#4923,#5297,#5305,.T.);
#5307=ORIENTED_EDGE('',*,*,#5306,.F.);
#5308=ORIENTED_EDGE('',*,*,#4927,.F.);
#5309=ORIENTED_EDGE('',*,*,#5284,.T.);
#5310=EDGE_LOOP('',(#5302,#5307,#5308,#5309));
#5311=FACE_OUTER_BOUND('',#5310,.T.);
#5312=CARTESIAN_POINT('',(-14.9266,20.5447,17.14286));
#5313=DIRECTION('',(-0.4232,0.69059,-0.5865));
#5314=DIRECTION('',(-0.34544,0.47545,0.80909));
#5315=AXIS2_PLACEMENT_3D('',#5312,#5313,#5314);
#5316=PLANE('',#5315);
#5317=ADVANCED_FACE('',(#5311),#5316,.T.);
#5318=CARTESIAN_POINT('',(-3.23282,4.44959,20.));
#5319=VERTEX_POINT('',#5318);
#5320=DIRECTION('',(0.58779,-0.80902,0.));
#5321=VECTOR('',#5320,21.96997);
#5322=LINE('',#5296,#5321);
#5323=EDGE_CURVE('',#5297,#5319,#5322,.T.);
#5324=ORIENTED_EDGE('',*,*,#5323,.T.);
#5325=DIRECTION('',(-0.85264,-0.5225,0.));
#5326=VECTOR('',#5325,0.86305);
#5327=LINE('',#4944,#5326);
#5328=EDGE_CURVE('',#4945,#5319,#5327,.T.);
#5329=ORIENTED_EDGE('',*,*,#5328,.F.);
#5330=ORIENTED_EDGE('',*,*,#4949,.F.);
#5331=ORIENTED_EDGE('',*,*,#5306,.T.);
#5332=EDGE_LOOP('',(#5324,#5329,#5330,#5331));
#5333=FACE_OUTER_BOUND('',#5332,.T.);
#5334=CARTESIAN_POINT('',(-16.14644,22.22367,20.));
#5335=DIRECTION('',(0.,0.,1.));
#5336=DIRECTION('',(0.58779,-0.80902,0.));
#5337=AXIS2_PLACEMENT_3D('',#5334,#5335,#5336);
#5338=PLANE('',#5337);
#5339=ADVANCED_FACE('',(#5333),#5338,.T.);
#5340=DIRECTION('',(0.,0.,1.));
#5341=VECTOR('',#5340,40.);
#5342=LINE('',#4982,#5341);
#5343=EDGE_CURVE('',#4983,#5319,#5342,.T.);
#5344=ORIENTED_EDGE('',*,*,#5343,.F.);
#5345=ORIENTED_EDGE('',*,*,#5000,.F.);
#5346=ORIENTED_EDGE('',*,*,#4969,.T.);
#5347=ORIENTED_EDGE('',*,*,#5328,.T.);
#5348=EDGE_LOOP('',(#5344,#5345,#5346,#5347));
#5349=FACE_OUTER_BOUND('',#5348,.T.);
#5350=CARTESIAN_POINT('',(-3.23282,4.44959,20.));
#5351=DIRECTION('',(0.5225,-0.85264,0.));
#5352=DIRECTION('',(0.,0.,-1.));
#5353=AXIS2_PLACEMENT_3D('',#5350,#5351,#5352);
#5354=PLANE('',#5353);
#5355=ADVANCED_FACE('',(#5349),#5354,.T.);
#5356=CARTESIAN_POINT('',(-3.88909,3.88909,-20.));
#5357=VERTEX_POINT('',#5356);
#5358=CARTESIAN_POINT('',(-19.4242,19.4242,-20.));
#5359=VERTEX_POINT('',#5358);
#5360=DIRECTION('',(-0.70711,0.70711,0.));
#5361=VECTOR('',#5360,21.96997);
#5362=LINE('',#5356,#5361);
#5363=EDGE_CURVE('',#5357,#5359,#5362,.T.);
#5364=ORIENTED_EDGE('',*,*,#5363,.T.);
#5365=DIRECTION('',(-0.76041,-0.64945,0.));
#5366=VECTOR('',#5365,4.31054);
#5367=LINE('',#4984,#5366);
#5368=EDGE_CURVE('',#4985,#5359,#5367,.T.);
#5369=ORIENTED_EDGE('',*,*,#5368,.F.);
#5370=ORIENTED_EDGE('',*,*,#4989,.F.);
#5371=DIRECTION('',(-0.76041,-0.64945,0.));
#5372=VECTOR('',#5371,0.86305);
#5373=LINE('',#4982,#5372);
#5374=EDGE_CURVE('',#4983,#5357,#5373,.T.);
#5375=ORIENTED_EDGE('',*,*,#5374,.T.);
#5376=EDGE_LOOP('',(#5364,#5369,#5370,#5375));
#5377=FACE_OUTER_BOUND('',#5376,.T.);
#5378=CARTESIAN_POINT('',(-3.88909,3.88909,-20.));
#5379=DIRECTION('',(0.,0.,-1.));
#5380=DIRECTION('',(-0.70711,0.70711,0.));
#5381=AXIS2_PLACEMENT_3D('',#5378,#5379,#5380);
#5382=PLANE('',#5381);
#5383=ADVANCED_FACE('',(#5377),#5382,.T.);
#5384=CARTESIAN_POINT('',(-17.95673,17.95673,-17.14286));
#5385=VERTEX_POINT('',#5384);
#5386=DIRECTION('',(0.41556,-0.41556,0.80909));
#5387=VECTOR('',#5386,3.53132);
#5388=LINE('',#5358,#5387);
#5389=EDGE_CURVE('',#5359,#5385,#5388,.T.);
#5390=ORIENTED_EDGE('',*,*,#5389,.T.);
#5391=DIRECTION('',(-0.76041,-0.64945,0.));
#5392=VECTOR('',#5391,3.98488);
#5393=LINE('',#5010,#5392);
#5394=EDGE_CURVE('',#5011,#5385,#5393,.T.);
#5395=ORIENTED_EDGE('',*,*,#5394,.F.);
#5396=ORIENTED_EDGE('',*,*,#5015,.F.);
#5397=ORIENTED_EDGE('',*,*,#5368,.T.);
#5398=EDGE_LOOP('',(#5390,#5395,#5396,#5397));
#5399=FACE_OUTER_BOUND('',#5398,.T.);
#5400=CARTESIAN_POINT('',(-19.4242,19.4242,-20.));
#5401=DIRECTION('',(-0.52602,0.61589,0.5865));
#5402=DIRECTION('',(0.41556,-0.41556,0.80909));
#5403=AXIS2_PLACEMENT_3D('',#5400,#5401,#5402);
#5404=PLANE('',#5403);
#5405=ADVANCED_FACE('',(#5399),#5404,.T.);
#5406=CARTESIAN_POINT('',(-16.79906,16.79906,-14.28571));
#5407=VERTEX_POINT('',#5406);
#5408=DIRECTION('',(0.35156,-0.35156,0.86765));
#5409=VECTOR('',#5408,3.29297);
#5410=LINE('',#5384,#5409);
#5411=EDGE_CURVE('',#5385,#5407,#5410,.T.);
#5412=ORIENTED_EDGE('',*,*,#5411,.T.);
#5413=DIRECTION('',(-0.76041,-0.64945,0.));
#5414=VECTOR('',#5413,3.72798);
#5415=LINE('',#5032,#5414);
#5416=EDGE_CURVE('',#5033,#5407,#5415,.T.);
#5417=ORIENTED_EDGE('',*,*,#5416,.F.);
#5418=ORIENTED_EDGE('',*,*,#5037,.F.);
#5419=ORIENTED_EDGE('',*,*,#5394,.T.);
#5420=EDGE_LOOP('',(#5412,#5417,#5418,#5419));
#5421=FACE_OUTER_BOUND('',#5420,.T.);
#5422=CARTESIAN_POINT('',(-17.95673,17.95673,-17.14286));
#5423=DIRECTION('',(-0.56392,0.66027,0.49602));
#5424=DIRECTION('',(0.35156,-0.35156,0.86765));
#5425=AXIS2_PLACEMENT_3D('',#5422,#5423,#5424);
#5426=PLANE('',#5425);
#5427=ADVANCED_FACE('',(#5421),#5426,.T.);
#5428=CARTESIAN_POINT('',(-15.8996,15.8996,-11.42857));
#5429=VERTEX_POINT('',#5428);
#5430=DIRECTION('',(0.2876,-0.2876,0.91355));
#5431=VECTOR('',#5430,3.12752);
#5432=LINE('',#5406,#5431);
#5433=EDGE_CURVE('',#5407,#5429,#5432,.T.);
#5434=ORIENTED_EDGE('',*,*,#5433,.T.);
#5435=DIRECTION('',(-0.76041,-0.64945,0.));
#5436=VECTOR('',#5435,3.52837);
#5437=LINE('',#5054,#5436);
#5438=EDGE_CURVE('',#5055,#5429,#5437,.T.);
#5439=ORIENTED_EDGE('',*,*,#5438,.F.);
#5440=ORIENTED_EDGE('',*,*,#5059,.F.);
#5441=ORIENTED_EDGE('',*,*,#5416,.T.);
#5442=EDGE_LOOP('',(#5434,#5439,#5440,#5441));
#5443=FACE_OUTER_BOUND('',#5442,.T.);
#5444=CARTESIAN_POINT('',(-16.79906,16.79906,-14.28571));
#5445=DIRECTION('',(-0.59361,0.69502,0.40568));
#5446=DIRECTION('',(0.2876,-0.2876,0.91355));
#5447=AXIS2_PLACEMENT_3D('',#5444,#5445,#5446);
#5448=PLANE('',#5447);
#5449=ADVANCED_FACE('',(#5443),#5448,.T.);
#5450=CARTESIAN_POINT('',(-15.22596,15.22596,-8.57143));
#5451=VERTEX_POINT('',#5450);
#5452=DIRECTION('',(0.22367,-0.22367,0.94865));
#5453=VECTOR('',#5452,3.01178);
#5454=LINE('',#5428,#5453);
#5455=EDGE_CURVE('',#5429,#5451,#5454,.T.);
#5456=ORIENTED_EDGE('',*,*,#5455,.T.);
#5457=DIRECTION('',(-0.76041,-0.64945,0.));
#5458=VECTOR('',#5457,3.37888);
#5459=LINE('',#5076,#5458);
#5460=EDGE_CURVE('',#5077,#5451,#5459,.T.);
#5461=ORIENTED_EDGE('',*,*,#5460,.F.);
#5462=ORIENTED_EDGE('',*,*,#5081,.F.);
#5463=ORIENTED_EDGE('',*,*,#5438,.T.);
#5464=EDGE_LOOP('',(#5456,#5461,#5462,#5463));
#5465=FACE_OUTER_BOUND('',#5464,.T.);
#5466=CARTESIAN_POINT('',(-15.8996,15.8996,-11.42857));
#5467=DIRECTION('',(-0.61629,0.72158,0.31544));
#5468=DIRECTION('',(0.22367,-0.22367,0.94865));
#5469=AXIS2_PLACEMENT_3D('',#5466,#5467,#5468);
#5470=PLANE('',#5469);
#5471=ADVANCED_FACE('',(#5465),#5470,.T.);
#5472=CARTESIAN_POINT('',(-14.7574,14.7574,-5.71429));
#5473=VERTEX_POINT('',#5472);
#5474=DIRECTION('',(0.15975,-0.15975,0.97414));
#5475=VECTOR('',#5474,2.93298);
#5476=LINE('',#5450,#5475);
#5477=EDGE_CURVE('',#5451,#5473,#5476,.T.);
#5478=ORIENTED_EDGE('',*,*,#5477,.T.);
#5479=DIRECTION('',(-0.76041,-0.64945,0.));
#5480=VECTOR('',#5479,3.2749);
#5481=LINE('',#5098,#5480);
#5482=EDGE_CURVE('',#5099,#5473,#5481,.T.);
#5483=ORIENTED_EDGE('',*,*,#5482,.F.);
#5484=ORIENTED_EDGE('',*,*,#5103,.F.);
#5485=ORIENTED_EDGE('',*,*,#5460,.T.);
#5486=EDGE_LOOP('',(#5478,#5483,#5484,#5485));
#5487=FACE_OUTER_BOUND('',#5486,.T.);
#5488=CARTESIAN_POINT('',(-15.22596,15.22596,-8.57143));
#5489=DIRECTION('',(-0.63276,0.74086,0.22526));
#5490=DIRECTION('',(0.15975,-0.15975,0.97414));
#5491=AXIS2_PLACEMENT_3D('',#5488,#5489,#5490);
#5492=PLANE('',#5491);
#5493=ADVANCED_FACE('',(#5487),#5492,.T.);
#5494=CARTESIAN_POINT('',(-14.481,14.481,-2.85714));
#5495=VERTEX_POINT('',#5494);
#5496=DIRECTION('',(0.09585,-0.09585,0.99077));
#5497=VECTOR('',#5496,2.88376);
#5498=LINE('',#5472,#5497);
#5499=EDGE_CURVE('',#5473,#5495,#5498,.T.);
#5500=ORIENTED_EDGE('',*,*,#5499,.T.);
#5501=DIRECTION('',(-0.76041,-0.64945,0.));
#5502=VECTOR('',#5501,3.21356);
#5503=LINE('',#5120,#5502);
#5504=EDGE_CURVE('',#5121,#5495,#5503,.T.);
#5505=ORIENTED_EDGE('',*,*,#5504,.F.);
#5506=ORIENTED_EDGE('',*,*,#5125,.F.);
#5507=ORIENTED_EDGE('',*,*,#5482,.T.);
#5508=EDGE_LOOP('',(#5500,#5505,#5506,#5507));
#5509=FACE_OUTER_BOUND('',#5508,.T.);
#5510=CARTESIAN_POINT('',(-14.7574,14.7574,-5.71429));
#5511=DIRECTION('',(-0.64349,0.75343,0.13514));
#5512=DIRECTION('',(0.09585,-0.09585,0.99077));
#5513=AXIS2_PLACEMENT_3D('',#5510,#5511,#5512);
#5514=PLANE('',#5513);
#5515=ADVANCED_FACE('',(#5509),#5514,.T.);
#5516=CARTESIAN_POINT('',(-14.38962,14.38962,0.));
#5517=VERTEX_POINT('',#5516);
#5518=DIRECTION('',(0.03195,-0.03195,0.99898));
#5519=VECTOR('',#5518,2.86006);
#5520=LINE('',#5494,#5519);
#5521=EDGE_CURVE('',#5495,#5517,#5520,.T.);
#5522=ORIENTED_EDGE('',*,*,#5521,.T.);
#5523=DIRECTION('',(-0.76041,-0.64945,0.));
#5524=VECTOR('',#5523,3.19329);
#5525=LINE('',#5142,#5524);
#5526=EDGE_CURVE('',#5143,#5517,#5525,.T.);
#5527=ORIENTED_EDGE('',*,*,#5526,.F.);
#5528=ORIENTED_EDGE('',*,*,#5147,.F.);
#5529=ORIENTED_EDGE('',*,*,#5504,.T.);
#5530=EDGE_LOOP('',(#5522,#5527,#5528,#5529));
#5531=FACE_OUTER_BOUND('',#5530,.T.);
#5532=CARTESIAN_POINT('',(-14.481,14.481,-2.85714));
#5533=DIRECTION('',(-0.64879,0.75963,0.04504));
#5534=DIRECTION('',(0.03195,-0.03195,0.99898));
#5535=AXIS2_PLACEMENT_3D('',#5532,#5533,#5534);
#5536=PLANE('',#5535);
#5537=ADVANCED_FACE('',(#5531),#5536,.T.);
#5538=CARTESIAN_POINT('',(-14.481,14.481,2.85714));
#5539=VERTEX_POINT('',#5538);
#5540=DIRECTION('',(-0.03195,0.03195,0.99898));
#5541=VECTOR('',#5540,2.86006);
#5542=LINE('',#5516,#5541);
#5543=EDGE_CURVE('',#5517,#5539,#5542,.T.);
#5544=ORIENTED_EDGE('',*,*,#5543,.T.);
#5545=DIRECTION('',(-0.76041,-0.64945,0.));
#5546=VECTOR('',#5545,3.21356);
#5547=LINE('',#5164,#5546);
#5548=EDGE_CURVE('',#5165,#5539,#5547,.T.);
#5549=ORIENTED_EDGE('',*,*,#5548,.F.);
#5550=ORIENTED_EDGE('',*,*,#5169,.F.);
#5551=ORIENTED_EDGE('',*,*,#5526,.T.);
#5552=EDGE_LOOP('',(#5544,#5549,#5550,#5551));
#5553=FACE_OUTER_BOUND('',#5552,.T.);
#5554=CARTESIAN_POINT('',(-14.38962,14.38962,0.));
#5555=DIRECTION('',(-0.64879,0.75963,-0.04504));
#5556=DIRECTION('',(-0.03195,0.03195,0.99898));
#5557=AXIS2_PLACEMENT_3D('',#5554,#5555,#5556);
#5558=PLANE('',#5557);
#5559=ADVANCED_FACE('',(#5553),#5558,.T.);
#5560=CARTESIAN_POINT('',(-14.7574,14.7574,5.71429));
#5561=VERTEX_POINT('',#5560);
#5562=DIRECTION('',(-0.09585,0.09585,0.99077));
#5563=VECTOR('',#5562,2.88376);
#5564=LINE('',#5538,#5563);
#5565=EDGE_CURVE('',#5539,#5561,#5564,.T.);
#5566=ORIENTED_EDGE('',*,*,#5565,.T.);
#5567=DIRECTION('',(-0.76041,-0.64945,0.));
#5568=VECTOR('',#5567,3.2749);
#5569=LINE('',#5186,#5568);
#5570=EDGE_CURVE('',#5187,#5561,#5569,.T.);
#5571=ORIENTED_EDGE('',*,*,#5570,.F.);
#5572=ORIENTED_EDGE('',*,*,#5191,.F.);
#5573=ORIENTED_EDGE('',*,*,#5548,.T.);
#5574=EDGE_LOOP('',(#5566,#5571,#5572,#5573));
#5575=FACE_OUTER_BOUND('',#5574,.T.);
#5576=CARTESIAN_POINT('',(-14.481,14.481,2.85714));
#5577=DIRECTION('',(-0.64349,0.75343,-0.13514));
#5578=DIRECTION('',(-0.09585,0.09585,0.99077));
#5579=AXIS2_PLACEMENT_3D('',#5576,#5577,#5578);
#5580=PLANE('',#5579);
#5581=ADVANCED_FACE('',(#5575),#5580,.T.);
#5582=CARTESIAN_POINT('',(-15.22596,15.22596,8.57143));
#5583=VERTEX_POINT('',#5582);
#5584=DIRECTION('',(-0.15975,0.15975,0.97414));
#5585=VECTOR('',#5584,2.93298);
#5586=LINE('',#5560,#5585);
#5587=EDGE_CURVE('',#5561,#5583,#5586,.T.);
#5588=ORIENTED_EDGE('',*,*,#5587,.T.);
#5589=DIRECTION('',(-0.76041,-0.64945,0.));
#5590=VECTOR('',#5589,3.37888);
#5591=LINE('',#5208,#5590);
#5592=EDGE_CURVE('',#5209,#5583,#5591,.T.);
#5593=ORIENTED_EDGE('',*,*,#5592,.F.);
#5594=ORIENTED_EDGE('',*,*,#5213,.F.);
#5595=ORIENTED_EDGE('',*,*,#5570,.T.);
#5596=EDGE_LOOP('',(#5588,#5593,#5594,#5595));
#5597=FACE_OUTER_BOUND('',#5596,.T.);
#5598=CARTESIAN_POINT('',(-14.7574,14.7574,5.71429));
#5599=DIRECTION('',(-0.63276,0.74086,-0.22526));
#5600=DIRECTION('',(-0.15975,0.15975,0.97414));
#5601=AXIS2_PLACEMENT_3D('',#5598,#5599,#5600);
#5602=PLANE('',#5601);
#5603=ADVANCED_FACE('',(#5597),#5602,.T.);
#5604=CARTESIAN_POINT('',(-15.8996,15.8996,11.42857));
#5605=VERTEX_POINT('',#5604);
#5606=DIRECTION('',(-0.22367,0.22367,0.94865));
#5607=VECTOR('',#5606,3.01178);
#5608=LINE('',#5582,#5607);
#5609=EDGE_CURVE('',#5583,#5605,#5608,.T.);
#5610=ORIENTED_EDGE('',*,*,#5609,.T.);
#5611=DIRECTION('',(-0.76041,-0.64945,0.));
#5612=VECTOR('',#5611,3.52837);
#5613=LINE('',#5230,#5612);
#5614=EDGE_CURVE('',#5231,#5605,#5613,.T.);
#5615=ORIENTED_EDGE('',*,*,#5614,.F.);
#5616=ORIENTED_EDGE('',*,*,#5235,.F.);
#5617=ORIENTED_EDGE('',*,*,#5592,.T.);
#5618=EDGE_LOOP('',(#5610,#5615,#5616,#5617));
#5619=FACE_OUTER_BOUND('',#5618,.T.);
#5620=CARTESIAN_POINT('',(-15.22596,15.22596,8.57143));
#5621=DIRECTION('',(-0.61629,0.72158,-0.31544));
#5622=DIRECTION('',(-0.22367,0.22367,0.94865));
#5623=AXIS2_PLACEMENT_3D('',#5620,#5621,#5622);
#5624=PLANE('',#5623);
#5625=ADVANCED_FACE('',(#5619),#5624,.T.);
#5626=CARTESIAN_POINT('',(-16.79906,16.79906,14.28571));
#5627=VERTEX_POINT('',#5626);
#5628=DIRECTION('',(-0.2876,0.2876,0.91355));
#5629=VECTOR('',#5628,3.12752);
#5630=LINE('',#5604,#5629);
#5631=EDGE_CURVE('',#5605,#5627,#5630,.T.);
#5632=ORIENTED_EDGE('',*,*,#5631,.T.);
#5633=DIRECTION('',(-0.76041,-0.64945,0.));
#5634=VECTOR('',#5633,3.72798);
#5635=LINE('',#5252,#5634);
#5636=EDGE_CURVE('',#5253,#5627,#5635,.T.);
#5637=ORIENTED_EDGE('',*,*,#5636,.F.);
#5638=ORIENTED_EDGE('',*,*,#5257,.F.);
#5639=ORIENTED_EDGE('',*,*,#5614,.T.);
#5640=EDGE_LOOP('',(#5632,#5637,#5638,#5639));
#5641=FACE_OUTER_BOUND('',#5640,.T.);
#5642=CARTESIAN_POINT('',(-15.8996,15.8996,11.42857));
#5643=DIRECTION('',(-0.59361,0.69502,-0.40568));
#5644=DIRECTION('',(-0.2876,0.2876,0.91355));
#5645=AXIS2_PLACEMENT_3D('',#5642,#5643,#5644);
#5646=PLANE('',#5645);
#5647=ADVANCED_FACE('',(#5641),#5646,.T.);
#5648=CARTESIAN_POINT('',(-17.95673,17.95673,17.14286));
#5649=VERTEX_POINT('',#5648);
#5650=DIRECTION('',(-0.35156,0.35156,0.86765));
#5651=VECTOR('',#5650,3.29297);
#5652=LINE('',#5626,#5651);
#5653=EDGE_CURVE('',#5627,#5649,#5652,.T.);
#5654=ORIENTED_EDGE('',*,*,#5653,.T.);
#5655=DIRECTION('',(-0.76041,-0.64945,0.));
#5656=VECTOR('',#5655,3.98488);
#5657=LINE('',#5274,#5656);
#5658=EDGE_CURVE('',#5275,#5649,#5657,.T.);
#5659=ORIENTED_EDGE('',*,*,#5658,.F.);
#5660=ORIENTED_EDGE('',*,*,#5279,.F.);
#5661=ORIENTED_EDGE('',*,*,#5636,.T.);
#5662=EDGE_LOOP('',(#5654,#5659,#5660,#5661));
#5663=FACE_OUTER_BOUND('',#5662,.T.);
#5664=CARTESIAN_POINT('',(-16.79906,16.79906,14.28571));
#5665=DIRECTION('',(-0.56392,0.66027,-0.49602));
#5666=DIRECTION('',(-0.35156,0.35156,0.86765));
#5667=AXIS2_PLACEMENT_3D('',#5664,#5665,#5666);
#5668=PLANE('',#5667);
#5669=ADVANCED_FACE('',(#5663),#5668,.T.);
#5670=CARTESIAN_POINT('',(-19.4242,19.4242,20.));
#5671=VERTEX_POINT('',#5670);
#5672=DIRECTION('',(-0.41556,0.41556,0.80909));
#5673=VECTOR('',#5672,3.53132);
#5674=LINE('',#5648,#5673);
#5675=EDGE_CURVE('',#5649,#5671,#5674,.T.);
#5676=ORIENTED_EDGE('',*,*,#5675,.T.);
#5677=DIRECTION('',(-0.76041,-0.64945,0.));
#5678=VECTOR('',#5677,4.31054);
#5679=LINE('',#5296,#5678);
#5680=EDGE_CURVE('',#5297,#5671,#5679,.T.);
#5681=ORIENTED_EDGE('',*,*,#5680,.F.);
#5682=ORIENTED_EDGE('',*,*,#5301,.F.);
#5683=ORIENTED_EDGE('',*,*,#5658,.T.);
#5684=EDGE_LOOP('',(#5676,#5681,#5682,#5683));
#5685=FACE_OUTER_BOUND('',#5684,.T.);
#5686=CARTESIAN_POINT('',(-17.95673,17.95673,17.14286));
#5687=DIRECTION('',(-0.52602,0.61589,-0.5865));
#5688=DIRECTION('',(-0.41556,0.41556,0.80909));
#5689=AXIS2_PLACEMENT_3D('',#5686,#5687,#5688);
#5690=PLANE('',#5689);
#5691=ADVANCED_FACE('',(#5685),#5690,.T.);
#5692=CARTESIAN_POINT('',(-3.88909,3.88909,20.));
#5693=VERTEX_POINT('',#5692);
#5694=DIRECTION('',(0.70711,-0.70711,0.));
#5695=VECTOR('',#5694,21.96997);
#5696=LINE('',#5670,#5695);
#5697=EDGE_CURVE('',#5671,#5693,#5696,.T.);
#5698=ORIENTED_EDGE('',*,*,#5697,.T.);
#5699=DIRECTION('',(-0.76041,-0.64945,0.));
#5700=VECTOR('',#5699,0.86305);
#5701=LINE('',#5318,#5700);
#5702=EDGE_CURVE('',#5319,#5693,#5701,.T.);
#5703=ORIENTED_EDGE('',*,*,#5702,.F.);
#5704=ORIENTED_EDGE('',*,*,#5323,.F.);
#5705=ORIENTED_EDGE('',*,*,#5680,.T.);
#5706=EDGE_LOOP('',(#5698,#5703,#5704,#5705));
#5707=FACE_OUTER_BOUND('',#5706,.T.);
#5708=CARTESIAN_POINT('',(-19.4242,19.4242,20.));
#5709=DIRECTION('',(0.,0.,1.));
#5710=DIRECTION('',(0.70711,-0.70711,0.));
#5711=AXIS2_PLACEMENT_3D('',#5708,#5709,#5710);
#5712=PLANE('',#5711);
#5713=ADVANCED_FACE('',(#5707),#5712,.T.);
#5714=DIRECTION('',(0.,0.,1.));
#5715=VECTOR('',#5714,40.);
#5716=LINE('',#5356,#5715);
#5717=EDGE_CURVE('',#5357,#5693,#5716,.T.);
#5718=ORIENTED_EDGE('',*,*,#5717,.F.);
#5719=ORIENTED_EDGE('',*,*,#5374,.F.);
#5720=ORIENTED_EDGE('',*,*,#5343,.T.);
#5721=ORIENTED_EDGE('',*,*,#5702,.T.);
#5722=EDGE_LOOP('',(#5718,#5719,#5720,#5721));
#5723=FACE_OUTER_BOUND('',#5722,.T.);
#5724=CARTESIAN_POINT('',(-3.88909,3.88909,20.));
#5725=DIRECTION('',(0.64945,-0.76041,0.));
#5726=DIRECTION('',(0.,0.,-1.));
#5727=AXIS2_PLACEMENT_3D('',#5724,#5725,#5726);
#5728=PLANE('',#5727);
#5729=ADVANCED_FACE('',(#5723),#5728,.T.);
#5730=CARTESIAN_POINT('',(-4.44959,3.23282,-20.));
#5731=VERTEX_POINT('',#5730);
#5732=CARTESIAN_POINT('',(-22.22367,16.14644,-20.));
#5733=VERTEX_POINT('',#5732);
#5734=DIRECTION('',(-0.80902,0.58779,0.));
#5735=VECTOR('',#5734,21.96997);
#5736=LINE('',#5730,#5735);
#5737=EDGE_CURVE('',#5731,#5733,#5736,.T.);
#5738=ORIENTED_EDGE('',*,*,#5737,.T.);
#5739=DIRECTION('',(-0.64945,-0.76041,0.));
#5740=VECTOR('',#5739,4.31054);
#5741=LINE('',#5358,#5740);
#5742=EDGE_CURVE('',#5359,#5733,#5741,.T.);
#5743=ORIENTED_EDGE('',*,*,#5742,.F.);
#5744=ORIENTED_EDGE('',*,*,#5363,.F.);
#5745=DIRECTION('',(-0.64945,-0.76041,0.));
#5746=VECTOR('',#5745,0.86305);
#5747=LINE('',#5356,#5746);
#5748=EDGE_CURVE('',#5357,#5731,#5747,.T.);
#5749=ORIENTED_EDGE('',*,*,#5748,.T.);
#5750=EDGE_LOOP('',(#5738,#5743,#5744,#5749));
#5751=FACE_OUTER_BOUND('',#5750,.T.);
#5752=CARTESIAN_POINT('',(-4.44959,3.23282,-20.));
#5753=DIRECTION('',(0.,0.,-1.));
#5754=DIRECTION('',(-0.80902,0.58779,0.));
#5755=AXIS2_PLACEMENT_3D('',#5752,#5753,#5754);
#5756=PLANE('',#5755);
#5757=ADVANCED_FACE('',(#5751),#5756,.T.);
#5758=CARTESIAN_POINT('',(-20.5447,14.9266,-17.14286));
#5759=VERTEX_POINT('',#5758);
#5760=DIRECTION('',(0.47545,-0.34544,0.80909));
#5761=VECTOR('',#5760,3.53132);
#5762=LINE('',#5732,#5761);
#5763=EDGE_CURVE('',#5733,#5759,#5762,.T.);
#5764=ORIENTED_EDGE('',*,*,#5763,.T.);
#5765=DIRECTION('',(-0.64945,-0.76041,0.));
#5766=VECTOR('',#5765,3.98488);
#5767=LINE('',#5384,#5766);
#5768=EDGE_CURVE('',#5385,#5759,#5767,.T.);
#5769=ORIENTED_EDGE('',*,*,#5768,.F.);
#5770=ORIENTED_EDGE('',*,*,#5389,.F.);
#5771=ORIENTED_EDGE('',*,*,#5742,.T.);
#5772=EDGE_LOOP('',(#5764,#5769,#5770,#5771));
#5773=FACE_OUTER_BOUND('',#5772,.T.);
#5774=CARTESIAN_POINT('',(-22.22367,16.14644,-20.));
#5775=DIRECTION('',(-0.61589,0.52602,0.5865));
#5776=DIRECTION('',(0.47545,-0.34544,0.80909));
#5777=AXIS2_PLACEMENT_3D('',#5774,#5775,#5776);
#5778=PLANE('',#5777);
#5779=ADVANCED_FACE('',(#5773),#5778,.T.);
#5780=CARTESIAN_POINT('',(-19.22019,13.96429,-14.28571));
#5781=VERTEX_POINT('',#5780);
#5782=DIRECTION('',(0.40222,-0.29223,0.86765));
#5783=VECTOR('',#5782,3.29297);
#5784=LINE('',#5758,#5783);
#5785=EDGE_CURVE('',#5759,#5781,#5784,.T.);
#5786=ORIENTED_EDGE('',*,*,#5785,.T.);
#5787=DIRECTION('',(-0.64945,-0.76041,0.));
#5788=VECTOR('',#5787,3.72798);
#5789=LINE('',#5406,#5788);
#5790=EDGE_CURVE('',#5407,#5781,#5789,.T.);
#5791=ORIENTED_EDGE('',*,*,#5790,.F.);
#5792=ORIENTED_EDGE('',*,*,#5411,.F.);
#5793=ORIENTED_EDGE('',*,*,#5768,.T.);
#5794=EDGE_LOOP('',(#5786,#5791,#5792,#5793));
#5795=FACE_OUTER_BOUND('',#5794,.T.);
#5796=CARTESIAN_POINT('',(-20.5447,14.9266,-17.14286));
#5797=DIRECTION('',(-0.66027,0.56392,0.49602));
#5798=DIRECTION('',(0.40222,-0.29223,0.86765));
#5799=AXIS2_PLACEMENT_3D('',#5796,#5797,#5798);
#5800=PLANE('',#5799);
#5801=ADVANCED_FACE('',(#5795),#5800,.T.);
#5802=CARTESIAN_POINT('',(-18.19109,13.2166,-11.42857));
#5803=VERTEX_POINT('',#5802);
#5804=DIRECTION('',(0.32905,-0.23907,0.91355));
#5805=VECTOR('',#5804,3.12752);
#5806=LINE('',#5780,#5805);
#5807=EDGE_CURVE('',#5781,#5803,#5806,.T.);
#5808=ORIENTED_EDGE('',*,*,#5807,.T.);
#5809=DIRECTION('',(-0.64945,-0.76041,0.));
#5810=VECTOR('',#5809,3.52837);
#5811=LINE('',#5428,#5810);
#5812=EDGE_CURVE('',#5429,#5803,#5811,.T.);
#5813=ORIENTED_EDGE('',*,*,#5812,.F.);
#5814=ORIENTED_EDGE('',*,*,#5433,.F.);
#5815=ORIENTED_EDGE('',*,*,#5790,.T.);
#5816=EDGE_LOOP('',(#5808,#5813,#5814,#5815));
#5817=FACE_OUTER_BOUND('',#5816,.T.);
#5818=CARTESIAN_POINT('',(-19.22019,13.96429,-14.28571));
#5819=DIRECTION('',(-0.69502,0.59361,0.40568));
#5820=DIRECTION('',(0.32905,-0.23907,0.91355));
#5821=AXIS2_PLACEMENT_3D('',#5818,#5819,#5820);
#5822=PLANE('',#5821);
#5823=ADVANCED_FACE('',(#5817),#5822,.T.);
#5824=CARTESIAN_POINT('',(-17.42036,12.65663,-8.57143));
#5825=VERTEX_POINT('',#5824);
#5826=DIRECTION('',(0.2559,-0.18592,0.94865));
#5827=VECTOR('',#5826,3.01178);
#5828=LINE('',#5802,#5827);
#5829=EDGE_CURVE('',#5803,#5825,#5828,.T.);
#5830=ORIENTED_EDGE('',*,*,#5829,.T.);
#5831=DIRECTION('',(-0.64945,-0.76041,0.));
#5832=VECTOR('',#5831,3.37888);
#5833=LINE('',#5450,#5832);
#5834=EDGE_CURVE('',#5451,#5825,#5833,.T.);
#5835=ORIENTED_EDGE('',*,*,#5834,.F.);
#5836=ORIENTED_EDGE('',*,*,#5455,.F.);
#5837=ORIENTED_EDGE('',*,*,#5812,.T.);
#5838=EDGE_LOOP('',(#5830,#5835,#5836,#5837));
#5839=FACE_OUTER_BOUND('',#5838,.T.);
#5840=CARTESIAN_POINT('',(-18.19109,13.2166,-11.42857));
#5841=DIRECTION('',(-0.72158,0.61629,0.31544));
#5842=DIRECTION('',(0.2559,-0.18592,0.94865));
#5843=AXIS2_PLACEMENT_3D('',#5840,#5841,#5842);
#5844=PLANE('',#5843);
#5845=ADVANCED_FACE('',(#5839),#5844,.T.);
#5846=CARTESIAN_POINT('',(-16.88428,12.26715,-5.71429));
#5847=VERTEX_POINT('',#5846);
#5848=DIRECTION('',(0.18278,-0.1328,0.97414));
#5849=VECTOR('',#5848,2.93298);
#5850=LINE('',#5824,#5849);
#5851=EDGE_CURVE('',#5825,#5847,#5850,.T.);
#5852=ORIENTED_EDGE('',*,*,#5851,.T.);
#5853=DIRECTION('',(-0.64945,-0.76041,0.));
#5854=VECTOR('',#5853,3.2749);
#5855=LINE('',#5472,#5854);
#5856=EDGE_CURVE('',#5473,#5847,#5855,.T.);
#5857=ORIENTED_EDGE('',*,*,#5856,.F.);
#5858=ORIENTED_EDGE('',*,*,#5477,.F.);
#5859=ORIENTED_EDGE('',*,*,#5834,.T.);
#5860=EDGE_LOOP('',(#5852,#5857,#5858,#5859));
#5861=FACE_OUTER_BOUND('',#5860,.T.);
#5862=CARTESIAN_POINT('',(-17.42036,12.65663,-8.57143));
#5863=DIRECTION('',(-0.74086,0.63276,0.22526));
#5864=DIRECTION('',(0.18278,-0.1328,0.97414));
#5865=AXIS2_PLACEMENT_3D('',#5862,#5863,#5864);
#5866=PLANE('',#5865);
#5867=ADVANCED_FACE('',(#5861),#5866,.T.);
#5868=CARTESIAN_POINT('',(-16.56804,12.03739,-2.85714));
#5869=VERTEX_POINT('',#5868);
#5870=DIRECTION('',(0.10966,-0.07967,0.99077));
#5871=VECTOR('',#5870,2.88376);
#5872=LINE('',#5846,#5871);
#5873=EDGE_CURVE('',#5847,#5869,#5872,.T.);
#5874=ORIENTED_EDGE('',*,*,#5873,.T.);
#5875=DIRECTION('',(-0.64945,-0.76041,0.));
#5876=VECTOR('',#5875,3.21356);
#5877=LINE('',#5494,#5876);
#5878=EDGE_CURVE('',#5495,#5869,#5877,.T.);
#5879=ORIENTED_EDGE('',*,*,#5878,.F.);
#5880=ORIENTED_EDGE('',*,*,#5499,.F.);
#5881=ORIENTED_EDGE('',*,*,#5856,.T.);
#5882=EDGE_LOOP('',(#5874,#5879,#5880,#5881));
#5883=FACE_OUTER_BOUND('',#5882,.T.);
#5884=CARTESIAN_POINT('',(-16.88428,12.26715,-5.71429));
#5885=DIRECTION('',(-0.75343,0.64349,0.13514));
#5886=DIRECTION('',(0.10966,-0.07967,0.99077));
#5887=AXIS2_PLACEMENT_3D('',#5884,#5885,#5886);
#5888=PLANE('',#5887);
#5889=ADVANCED_FACE('',(#5883),#5888,.T.);
#5890=CARTESIAN_POINT('',(-16.4635,11.96143,0.));
#5891=VERTEX_POINT('',#5890);
#5892=DIRECTION('',(0.03655,-0.02656,0.99898));
#5893=VECTOR('',#5892,2.86006);
#5894=LINE('',#5868,#5893);
#5895=EDGE_CURVE('',#5869,#5891,#5894,.T.);
#5896=ORIENTED_EDGE('',*,*,#5895,.T.);
#5897=DIRECTION('',(-0.64945,-0.76041,0.));
#5898=VECTOR('',#5897,3.19329);
#5899=LINE('',#5516,#5898);
#5900=EDGE_CURVE('',#5517,#5891,#5899,.T.);
#5901=ORIENTED_EDGE('',*,*,#5900,.F.);
#5902=ORIENTED_EDGE('',*,*,#5521,.F.);
#5903=ORIENTED_EDGE('',*,*,#5878,.T.);
#5904=EDGE_LOOP('',(#5896,#5901,#5902,#5903));
#5905=FACE_OUTER_BOUND('',#5904,.T.);
#5906=CARTESIAN_POINT('',(-16.56804,12.03739,-2.85714));
#5907=DIRECTION('',(-0.75963,0.64879,0.04504));
#5908=DIRECTION('',(0.03655,-0.02656,0.99898));
#5909=AXIS2_PLACEMENT_3D('',#5906,#5907,#5908);
#5910=PLANE('',#5909);
#5911=ADVANCED_FACE('',(#5905),#5910,.T.);
#5912=CARTESIAN_POINT('',(-16.56804,12.03739,2.85714));
#5913=VERTEX_POINT('',#5912);
#5914=DIRECTION('',(-0.03655,0.02656,0.99898));
#5915=VECTOR('',#5914,2.86006);
#5916=LINE('',#5890,#5915);
#5917=EDGE_CURVE('',#5891,#5913,#5916,.T.);
#5918=ORIENTED_EDGE('',*,*,#5917,.T.);
#5919=DIRECTION('',(-0.64945,-0.76041,0.));
#5920=VECTOR('',#5919,3.21356);
#5921=LINE('',#5538,#5920);
#5922=EDGE_CURVE('',#5539,#5913,#5921,.T.);
#5923=ORIENTED_EDGE('',*,*,#5922,.F.);
#5924=ORIENTED_EDGE('',*,*,#5543,.F.);
#5925=ORIENTED_EDGE('',*,*,#5900,.T.);
#5926=EDGE_LOOP('',(#5918,#5923,#5924,#5925));
#5927=FACE_OUTER_BOUND('',#5926,.T.);
#5928=CARTESIAN_POINT('',(-16.4635,11.96143,0.));
#5929=DIRECTION('',(-0.75963,0.64879,-0.04504));
#5930=DIRECTION('',(-0.03655,0.02656,0.99898));
#5931=AXIS2_PLACEMENT_3D('',#5928,#5929,#5930);
#5932=PLANE('',#5931);
#5933=ADVANCED_FACE('',(#5927),#5932,.T.);
#5934=CARTESIAN_POINT('',(-16.88428,12.26715,5.71429));
#5935=VERTEX_POINT('',#5934);
#5936=DIRECTION('',(-0.10966,0.07967,0.99077));
#5937=VECTOR('',#5936,2.88376);
#5938=LINE('',#5912,#5937);
#5939=EDGE_CURVE('',#5913,#5935,#5938,.T.);
#5940=ORIENTED_EDGE('',*,*,#5939,.T.);
#5941=DIRECTION('',(-0.64945,-0.76041,0.));
#5942=VECTOR('',#5941,3.2749);
#5943=LINE('',#5560,#5942);
#5944=EDGE_CURVE('',#5561,#5935,#5943,.T.);
#5945=ORIENTED_EDGE('',*,*,#5944,.F.);
#5946=ORIENTED_EDGE('',*,*,#5565,.F.);
#5947=ORIENTED_EDGE('',*,*,#5922,.T.);
#5948=EDGE_LOOP('',(#5940,#5945,#5946,#5947));
#5949=FACE_OUTER_BOUND('',#5948,.T.);
#5950=CARTESIAN_POINT('',(-16.56804,12.03739,2.85714));
#5951=DIRECTION('',(-0.75343,0.64349,-0.13514));
#5952=DIRECTION('',(-0.10966,0.07967,0.99077));
#5953=AXIS2_PLACEMENT_3D('',#5950,#5951,#5952);
#5954=PLANE('',#5953);
#5955=ADVANCED_FACE('',(#5949),#5954,.T.);
#5956=CARTESIAN_POINT('',(-17.42036,12.65663,8.57143));
#5957=VERTEX_POINT('',#5956);
#5958=DIRECTION('',(-0.18278,0.1328,0.97414));
#5959=VECTOR('',#5958,2.93298);
#5960=LINE('',#5934,#5959);
#5961=EDGE_CURVE('',#5935,#5957,#5960,.T.);
#5962=ORIENTED_EDGE('',*,*,#5961,.T.);
#5963=DIRECTION('',(-0.64945,-0.76041,0.));
#5964=VECTOR('',#5963,3.37888);
#5965=LINE('',#5582,#5964);
#5966=EDGE_CURVE('',#5583,#5957,#5965,.T.);
#5967=ORIENTED_EDGE('',*,*,#5966,.F.);
#5968=ORIENTED_EDGE('',*,*,#5587,.F.);
#5969=ORIENTED_EDGE('',*,*,#5944,.T.);
#5970=EDGE_LOOP('',(#5962,#5967,#5968,#5969));
#5971=FACE_OUTER_BOUND('',#5970,.T.);
#5972=CARTESIAN_POINT('',(-16.88428,12.26715,5.71429));
#5973=DIRECTION('',(-0.74086,0.63276,-0.22526));
#5974=DIRECTION('',(-0.18278,0.1328,0.97414));
#5975=AXIS2_PLACEMENT_3D('',#5972,#5973,#5974);
#5976=PLANE('',#5975);
#5977=ADVANCED_FACE('',(#5971),#5976,.T.);
#5978=CARTESIAN_POINT('',(-18.19109,13.2166,11.42857));
#5979=VERTEX_POINT('',#5978);
#5980=DIRECTION('',(-0.2559,0.18592,0.94865));
#5981=VECTOR('',#5980,3.01178);
#5982=LINE('',#5956,#5981);
#5983=EDGE_CURVE('',#5957,#5979,#5982,.T.);
#5984=ORIENTED_EDGE('',*,*,#5983,.T.);
#5985=DIRECTION('',(-0.64945,-0.76041,0.));
#5986=VECTOR('',#5985,3.52837);
#5987=LINE('',#5604,#5986);
#5988=EDGE_CURVE('',#5605,#5979,#5987,.T.);
#5989=ORIENTED_EDGE('',*,*,#5988,.F.);
#5990=ORIENTED_EDGE('',*,*,#5609,.F.);
#5991=ORIENTED_EDGE('',*,*,#5966,.T.);
#5992=EDGE_LOOP('',(#5984,#5989,#5990,#5991));
#5993=FACE_OUTER_BOUND('',#5992,.T.);
#5994=CARTESIAN_POINT('',(-17.42036,12.65663,8.57143));
#5995=DIRECTION('',(-0.72158,0.61629,-0.31544));
#5996=DIRECTION('',(-0.2559,0.18592,0.94865));
#5997=AXIS2_PLACEMENT_3D('',#5994,#5995,#5996);
#5998=PLANE('',#5997);
#5999=ADVANCED_FACE('',(#5993),#5998,.T.);
#6000=CARTESIAN_POINT('',(-19.22019,13.96429,14.28571));
#6001=VERTEX_POINT('',#6000);
#6002=DIRECTION('',(-0.32905,0.23907,0.91355));
#6003=VECTOR('',#6002,3.12752);
#6004=LINE('',#5978,#6003);
#6005=EDGE_CURVE('',#5979,#6001,#6004,.T.);
#6006=ORIENTED_EDGE('',*,*,#6005,.T.);
#6007=DIRECTION('',(-0.64945,-0.76041,0.));
#6008=VECTOR('',#6007,3.72798);
#6009=LINE('',#5626,#6008);
#6010=EDGE_CURVE('',#5627,#6001,#6009,.T.);
#6011=ORIENTED_EDGE('',*,*,#6010,.F.);
#6012=ORIENTED_EDGE('',*,*,#5631,.F.);
#6013=ORIENTED_EDGE('',*,*,#5988,.T.);
#6014=EDGE_LOOP('',(#6006,#6011,#6012,#6013));
#6015=FACE_OUTER_BOUND('',#6014,.T.);
#6016=CARTESIAN_POINT('',(-18.19109,13.2166,11.42857));
#6017=DIRECTION('',(-0.69502,0.59361,-0.40568));
#6018=DIRECTION('',(-0.32905,0.23907,0.91355));
#6019=AXIS2_PLACEMENT_3D('',#6016,#6017,#6018);
#6020=PLANE('',#6019);
#6021=ADVANCED_FACE('',(#6015),#6020,.T.);
#6022=CARTESIAN_POINT('',(-20.5447,14.9266,17.14286));
#6023=VERTEX_POINT('',#6022);
#6024=DIRECTION('',(-0.40222,0.29223,0.86765));
#6025=VECTOR('',#6024,3.29297);
#6026=LINE('',#6000,#6025);
#6027=EDGE_CURVE('',#6001,#6023,#6026,.T.);
#6028=ORIENTED_EDGE('',*,*,#6027,.T.);
#6029=DIRECTION('',(-0.64945,-0.76041,0.));
#6030=VECTOR('',#6029,3.98488);
#6031=LINE('',#5648,#6030);
#6032=EDGE_CURVE('',#5649,#6023,#6031,.T.);
#6033=ORIENTED_EDGE('',*,*,#6032,.F.);
#6034=ORIENTED_EDGE('',*,*,#5653,.F.);
#6035=ORIENTED_EDGE('',*,*,#6010,.T.);
#6036=EDGE_LOOP('',(#6028,#6033,#6034,#6035));
#6037=FACE_OUTER_BOUND('',#6036,.T.);
#6038=CARTESIAN_POINT('',(-19.22019,13.96429,14.28571));
#6039=DIRECTION('',(-0.66027,0.56392,-0.49602));
#6040=DIRECTION('',(-0.40222,0.29223,0.86765));
#6041=AXIS2_PLACEMENT_3D('',#6038,#6039,#6040);
#6042=PLANE('',#6041);
#6043=ADVANCED_FACE('',(#6037),#6042,.T.);
#6044=CARTESIAN_POINT('',(-22.22367,16.14644,20.));
#6045=VERTEX_POINT('',#6044);
#6046=DIRECTION('',(-0.47545,0.34544,0.80909));
#6047=VECTOR('',#6046,3.53132);
#6048=LINE('',#6022,#6047);
#6049=EDGE_CURVE('',#6023,#6045,#6048,.T.);
#6050=ORIENTED_EDGE('',*,*,#6049,.T.);
#6051=DIRECTION('',(-0.64945,-0.76041,0.));
#6052=VECTOR('',#6051,4.31054);
#6053=LINE('',#5670,#6052);
#6054=EDGE_CURVE('',#5671,#6045,#6053,.T.);
#6055=ORIENTED_EDGE('',*,*,#6054,.F.);
#6056=ORIENTED_EDGE('',*,*,#5675,.F.);
#6057=ORIENTED_EDGE('',*,*,#6032,.T.);
#6058=EDGE_LOOP('',(#6050,#6055,#6056,#6057));
#6059=FACE_OUTER_BOUND('',#6058,.T.);
#6060=CARTESIAN_POINT('',(-20.5447,14.9266,17.14286));
#6061=DIRECTION('',(-0.61589,0.52602,-0.5865));
#6062=DIRECTION('',(-0.47545,0.34544,0.80909));
#6063=AXIS2_PLACEMENT_3D('',#6060,#6061,#6062);
#6064=PLANE('',#6063);
#6065=ADVANCED_FACE('',(#6059),#6064,.T.);
#6066=CARTESIAN_POINT('',(-4.44959,3.23282,20.));
#6067=VERTEX_POINT('',#6066);
#6068=DIRECTION('',(0.80902,-0.58779,0.));
#6069=VECTOR('',#6068,21.96997);
#6070=LINE('',#6044,#6069);
#6071=EDGE_CURVE('',#6045,#6067,#6070,.T.);
#6072=ORIENTED_EDGE('',*,*,#6071,.T.);
#6073=DIRECTION('',(-0.64945,-0.76041,0.));
#6074=VECTOR('',#6073,0.86305);
#6075=LINE('',#5692,#6074);
#6076=EDGE_CURVE('',#5693,#6067,#6075,.T.);
#6077=ORIENTED_EDGE('',*,*,#6076,.F.);
#6078=ORIENTED_EDGE('',*,*,#5697,.F.);
#6079=ORIENTED_EDGE('',*,*,#6054,.T.);
#6080=EDGE_LOOP('',(#6072,#6077,#6078,#6079));
#6081=FACE_OUTER_BOUND('',#6080,.T.);
#6082=CARTESIAN_POINT('',(-22.22367,16.14644,20.));
#6083=DIRECTION('',(0.,0.,1.));
#6084=DIRECTION('',(0.80902,-0.58779,0.));
#6085=AXIS2_PLACEMENT_3D('',#6082,#6083,#6084);
#6086=PLANE('',#6085);
#6087=ADVANCED_FACE('',(#6081),#6086,.T.);
#6088=DIRECTION('',(0.,0.,1.));
#6089=VECTOR('',#6088,40.);
#6090=LINE('',#5730,#6089);
#6091=EDGE_CURVE('',#5731,#6067,#6090,.T.);
#6092=ORIENTED_EDGE('',*,*,#6091,.F.);
#6093=ORIENTED_EDGE('',*,*,#5748,.F.);
#6094=ORIENTED_EDGE('',*,*,#5717,.T.);
#6095=ORIENTED_EDGE('',*,*,#6076,.T.);
#6096=EDGE_LOOP('',(#6092,#6093,#6094,#6095));
#6097=FACE_OUTER_BOUND('',#6096,.T.);
#6098=CARTESIAN_POINT('',(-4.44959,3.23282,20.));
#6099=DIRECTION('',(0.76041,-0.64945,0.));
#6100=DIRECTION('',(0.,0.,-1.));
#6101=AXIS2_PLACEMENT_3D('',#6098,#6099,#6100);
#6102=PLANE('',#6101);
#6103=ADVANCED_FACE('',(#6097),#6102,.T.);
#6104=CARTESIAN_POINT('',(-4.90054,2.49695,-20.));
#6105=VERTEX_POINT('',#6104);
#6106=CARTESIAN_POINT('',(-24.47592,12.4711,-20.));
#6107=VERTEX_POINT('',#6106);
#6108=DIRECTION('',(-0.89101,0.45399,0.));
#6109=VECTOR('',#6108,21.96997);
#6110=LINE('',#6104,#6109);
#6111=EDGE_CURVE('',#6105,#6107,#6110,.T.);
#6112=ORIENTED_EDGE('',*,*,#6111,.T.);
#6113=DIRECTION('',(-0.5225,-0.85264,0.));
#6114=VECTOR('',#6113,4.31054);
#6115=LINE('',#5732,#6114);
#6116=EDGE_CURVE('',#5733,#6107,#6115,.T.);
#6117=ORIENTED_EDGE('',*,*,#6116,.F.);
#6118=ORIENTED_EDGE('',*,*,#5737,.F.);
#6119=DIRECTION('',(-0.5225,-0.85264,0.));
#6120=VECTOR('',#6119,0.86305);
#6121=LINE('',#5730,#6120);
#6122=EDGE_CURVE('',#5731,#6105,#6121,.T.);
#6123=ORIENTED_EDGE('',*,*,#6122,.T.);
#6124=EDGE_LOOP('',(#6112,#6117,#6118,#6123));
#6125=FACE_OUTER_BOUND('',#6124,.T.);
#6126=CARTESIAN_POINT('',(-4.90054,2.49695,-20.));
#6127=DIRECTION('',(0.,0.,-1.));
#6128=DIRECTION('',(-0.89101,0.45399,0.));
#6129=AXIS2_PLACEMENT_3D('',#6126,#6127,#6128);
#6130=PLANE('',#6129);
#6131=ADVANCED_FACE('',(#6125),#6130,.T.);
#6132=CARTESIAN_POINT('',(-22.62679,11.52893,-17.14286));
#6133=VERTEX_POINT('',#6132);
#6134=DIRECTION('',(0.52364,-0.26681,0.80909));
#6135=VECTOR('',#6134,3.53132);
#6136=LINE('',#6106,#6135);
#6137=EDGE_CURVE('',#6107,#6133,#6136,.T.);
#6138=ORIENTED_EDGE('',*,*,#6137,.T.);
#6139=DIRECTION('',(-0.5225,-0.85264,0.));
#6140=VECTOR('',#6139,3.98488);
#6141=LINE('',#5758,#6140);
#6142=EDGE_CURVE('',#5759,#6133,#6141,.T.);
#6143=ORIENTED_EDGE('',*,*,#6142,.F.);
#6144=ORIENTED_EDGE('',*,*,#5763,.F.);
#6145=ORIENTED_EDGE('',*,*,#6116,.T.);
#6146=EDGE_LOOP('',(#6138,#6143,#6144,#6145));
#6147=FACE_OUTER_BOUND('',#6146,.T.);
#6148=CARTESIAN_POINT('',(-24.47592,12.4711,-20.));
#6149=DIRECTION('',(-0.69059,0.4232,0.5865));
#6150=DIRECTION('',(0.52364,-0.26681,0.80909));
#6151=AXIS2_PLACEMENT_3D('',#6148,#6149,#6150);
#6152=PLANE('',#6151);
#6153=ADVANCED_FACE('',(#6147),#6152,.T.);
#6154=CARTESIAN_POINT('',(-21.16805,10.78566,-14.28571));
#6155=VERTEX_POINT('',#6154);
#6156=DIRECTION('',(0.44299,-0.22571,0.86765));
#6157=VECTOR('',#6156,3.29297);
#6158=LINE('',#6132,#6157);
#6159=EDGE_CURVE('',#6133,#6155,#6158,.T.);
#6160=ORIENTED_EDGE('',*,*,#6159,.T.);
#6161=DIRECTION('',(-0.5225,-0.85264,0.));
#6162=VECTOR('',#6161,3.72798);
#6163=LINE('',#5780,#6162);
#6164=EDGE_CURVE('',#5781,#6155,#6163,.T.);
#6165=ORIENTED_EDGE('',*,*,#6164,.F.);
#6166=ORIENTED_EDGE('',*,*,#5785,.F.);
#6167=ORIENTED_EDGE('',*,*,#6142,.T.);
#6168=EDGE_LOOP('',(#6160,#6165,#6166,#6167));
#6169=FACE_OUTER_BOUND('',#6168,.T.);
#6170=CARTESIAN_POINT('',(-22.62679,11.52893,-17.14286));
#6171=DIRECTION('',(-0.74036,0.45369,0.49602));
#6172=DIRECTION('',(0.44299,-0.22571,0.86765));
#6173=AXIS2_PLACEMENT_3D('',#6170,#6171,#6172);
#6174=PLANE('',#6173);
#6175=ADVANCED_FACE('',(#6169),#6174,.T.);
#6176=CARTESIAN_POINT('',(-20.03466,10.20817,-11.42857));
#6177=VERTEX_POINT('',#6176);
#6178=DIRECTION('',(0.3624,-0.18465,0.91355));
#6179=VECTOR('',#6178,3.12752);
#6180=LINE('',#6154,#6179);
#6181=EDGE_CURVE('',#6155,#6177,#6180,.T.);
#6182=ORIENTED_EDGE('',*,*,#6181,.T.);
#6183=DIRECTION('',(-0.5225,-0.85264,0.));
#6184=VECTOR('',#6183,3.52837);
#6185=LINE('',#5802,#6184);
#6186=EDGE_CURVE('',#5803,#6177,#6185,.T.);
#6187=ORIENTED_EDGE('',*,*,#6186,.F.);
#6188=ORIENTED_EDGE('',*,*,#5807,.F.);
#6189=ORIENTED_EDGE('',*,*,#6164,.T.);
#6190=EDGE_LOOP('',(#6182,#6187,#6188,#6189));
#6191=FACE_OUTER_BOUND('',#6190,.T.);
#6192=CARTESIAN_POINT('',(-21.16805,10.78566,-14.28571));
#6193=DIRECTION('',(-0.77933,0.47757,0.40568));
#6194=DIRECTION('',(0.3624,-0.18465,0.91355));
#6195=AXIS2_PLACEMENT_3D('',#6192,#6193,#6194);
#6196=PLANE('',#6195);
#6197=ADVANCED_FACE('',(#6191),#6196,.T.);
#6198=CARTESIAN_POINT('',(-19.18582,9.77567,-8.57143));
#6199=VERTEX_POINT('',#6198);
#6200=DIRECTION('',(0.28184,-0.1436,0.94865));
#6201=VECTOR('',#6200,3.01178);
#6202=LINE('',#6176,#6201);
#6203=EDGE_CURVE('',#6177,#6199,#6202,.T.);
#6204=ORIENTED_EDGE('',*,*,#6203,.T.);
#6205=DIRECTION('',(-0.5225,-0.85264,0.));
#6206=VECTOR('',#6205,3.37888);
#6207=LINE('',#5824,#6206);
#6208=EDGE_CURVE('',#5825,#6199,#6207,.T.);
#6209=ORIENTED_EDGE('',*,*,#6208,.F.);
#6210=ORIENTED_EDGE('',*,*,#5829,.F.);
#6211=ORIENTED_EDGE('',*,*,#6186,.T.);
#6212=EDGE_LOOP('',(#6204,#6209,#6210,#6211));
#6213=FACE_OUTER_BOUND('',#6212,.T.);
#6214=CARTESIAN_POINT('',(-20.03466,10.20817,-11.42857));
#6215=DIRECTION('',(-0.80911,0.49582,0.31544));
#6216=DIRECTION('',(0.28184,-0.1436,0.94865));
#6217=AXIS2_PLACEMENT_3D('',#6214,#6215,#6216);
#6218=PLANE('',#6217);
#6219=ADVANCED_FACE('',(#6213),#6218,.T.);
#6220=CARTESIAN_POINT('',(-18.59541,9.47484,-5.71429));
#6221=VERTEX_POINT('',#6220);
#6222=DIRECTION('',(0.2013,-0.10257,0.97414));
#6223=VECTOR('',#6222,2.93298);
#6224=LINE('',#6198,#6223);
#6225=EDGE_CURVE('',#6199,#6221,#6224,.T.);
#6226=ORIENTED_EDGE('',*,*,#6225,.T.);
#6227=DIRECTION('',(-0.5225,-0.85264,0.));
#6228=VECTOR('',#6227,3.2749);
#6229=LINE('',#5846,#6228);
#6230=EDGE_CURVE('',#5847,#6221,#6229,.T.);
#6231=ORIENTED_EDGE('',*,*,#6230,.F.);
#6232=ORIENTED_EDGE('',*,*,#5851,.F.);
#6233=ORIENTED_EDGE('',*,*,#6208,.T.);
#6234=EDGE_LOOP('',(#6226,#6231,#6232,#6233));
#6235=FACE_OUTER_BOUND('',#6234,.T.);
#6236=CARTESIAN_POINT('',(-19.18582,9.77567,-8.57143));
#6237=DIRECTION('',(-0.83073,0.50907,0.22526));
#6238=DIRECTION('',(0.2013,-0.10257,0.97414));
#6239=AXIS2_PLACEMENT_3D('',#6236,#6237,#6238);
#6240=PLANE('',#6239);
#6241=ADVANCED_FACE('',(#6235),#6240,.T.);
#6242=CARTESIAN_POINT('',(-18.24712,9.29737,-2.85714));
#6243=VERTEX_POINT('',#6242);
#6244=DIRECTION('',(0.12078,-0.06154,0.99077));
#6245=VECTOR('',#6244,2.88376);
#6246=LINE('',#6220,#6245);
#6247=EDGE_CURVE('',#6221,#6243,#6246,.T.);
#6248=ORIENTED_EDGE('',*,*,#6247,.T.);
#6249=DIRECTION('',(-0.5225,-0.85264,0.));
#6250=VECTOR('',#6249,3.21356);
#6251=LINE('',#5868,#6250);
#6252=EDGE_CURVE('',#5869,#6243,#6251,.T.);
#6253=ORIENTED_EDGE('',*,*,#6252,.F.);
#6254=ORIENTED_EDGE('',*,*,#5873,.F.);
#6255=ORIENTED_EDGE('',*,*,#6230,.T.);
#6256=EDGE_LOOP('',(#6248,#6253,#6254,#6255));
#6257=FACE_OUTER_BOUND('',#6256,.T.);
#6258=CARTESIAN_POINT('',(-18.59541,9.47484,-5.71429));
#6259=DIRECTION('',(-0.84482,0.51771,0.13514));
#6260=DIRECTION('',(0.12078,-0.06154,0.99077));
#6261=AXIS2_PLACEMENT_3D('',#6258,#6259,#6260);
#6262=PLANE('',#6261);
#6263=ADVANCED_FACE('',(#6257),#6262,.T.);
#6264=CARTESIAN_POINT('',(-18.13198,9.23871,0.));
#6265=VERTEX_POINT('',#6264);
#6266=DIRECTION('',(0.04026,-0.02051,0.99898));
#6267=VECTOR('',#6266,2.86006);
#6268=LINE('',#6242,#6267);
#6269=EDGE_CURVE('',#6243,#6265,#6268,.T.);
#6270=ORIENTED_EDGE('',*,*,#6269,.T.);
#6271=DIRECTION('',(-0.5225,-0.85264,0.));
#6272=VECTOR('',#6271,3.19329);
#6273=LINE('',#5890,#6272);
#6274=EDGE_CURVE('',#5891,#6265,#6273,.T.);
#6275=ORIENTED_EDGE('',*,*,#6274,.F.);
#6276=ORIENTED_EDGE('',*,*,#5895,.F.);
#6277=ORIENTED_EDGE('',*,*,#6252,.T.);
#6278=EDGE_LOOP('',(#6270,#6275,#6276,#6277));
#6279=FACE_OUTER_BOUND('',#6278,.T.);
#6280=CARTESIAN_POINT('',(-18.24712,9.29737,-2.85714));
#6281=DIRECTION('',(-0.85177,0.52197,0.04504));
#6282=DIRECTION('',(0.04026,-0.02051,0.99898));
#6283=AXIS2_PLACEMENT_3D('',#6280,#6281,#6282);
#6284=PLANE('',#6283);
#6285=ADVANCED_FACE('',(#6279),#6284,.T.);
#6286=CARTESIAN_POINT('',(-18.24712,9.29737,2.85714));
#6287=VERTEX_POINT('',#6286);
#6288=DIRECTION('',(-0.04026,0.02051,0.99898));
#6289=VECTOR('',#6288,2.86006);
#6290=LINE('',#6264,#6289);
#6291=EDGE_CURVE('',#6265,#6287,#6290,.T.);
#6292=ORIENTED_EDGE('',*,*,#6291,.T.);
#6293=DIRECTION('',(-0.5225,-0.85264,0.));
#6294=VECTOR('',#6293,3.21356);
#6295=LINE('',#5912,#6294);
#6296=EDGE_CURVE('',#5913,#6287,#6295,.T.);
#6297=ORIENTED_EDGE('',*,*,#6296,.F.);
#6298=ORIENTED_EDGE('',*,*,#5917,.F.);
#6299=ORIENTED_EDGE('',*,*,#6274,.T.);
#6300=EDGE_LOOP('',(#6292,#6297,#6298,#6299));
#6301=FACE_OUTER_BOUND('',#6300,.T.);
#6302=CARTESIAN_POINT('',(-18.13198,9.23871,0.));
#6303=DIRECTION('',(-0.85177,0.52197,-0.04504));
#6304=DIRECTION('',(-0.04026,0.02051,0.99898));
#6305=AXIS2_PLACEMENT_3D('',#6302,#6303,#6304);
#6306=PLANE('',#6305);
#6307=ADVANCED_FACE('',(#6301),#6306,.T.);
#6308=CARTESIAN_POINT('',(-18.59541,9.47484,5.71429));
#6309=VERTEX_POINT('',#6308);
#6310=DIRECTION('',(-0.12078,0.06154,0.99077));
#6311=VECTOR('',#6310,2.88376);
#6312=LINE('',#6286,#6311);
#6313=EDGE_CURVE('',#6287,#6309,#6312,.T.);
#6314=ORIENTED_EDGE('',*,*,#6313,.T.);
#6315=DIRECTION('',(-0.5225,-0.85264,0.));
#6316=VECTOR('',#6315,3.2749);
#6317=LINE('',#5934,#6316);
#6318=EDGE_CURVE('',#5935,#6309,#6317,.T.);
#6319=ORIENTED_EDGE('',*,*,#6318,.F.);
#6320=ORIENTED_EDGE('',*,*,#5939,.F.);
#6321=ORIENTED_EDGE('',*,*,#6296,.T.);
#6322=EDGE_LOOP('',(#6314,#6319,#6320,#6321));
#6323=FACE_OUTER_BOUND('',#6322,.T.);
#6324=CARTESIAN_POINT('',(-18.24712,9.29737,2.85714));
#6325=DIRECTION('',(-0.84482,0.51771,-0.13514));
#6326=DIRECTION('',(-0.12078,0.06154,0.99077));
#6327=AXIS2_PLACEMENT_3D('',#6324,#6325,#6326);
#6328=PLANE('',#6327);
#6329=ADVANCED_FACE('',(#6323),#6328,.T.);
#6330=CARTESIAN_POINT('',(-19.18582,9.77567,8.57143));
#6331=VERTEX_POINT('',#6330);
#6332=DIRECTION('',(-0.2013,0.10257,0.97414));
#6333=VECTOR('',#6332,2.93298);
#6334=LINE('',#6308,#6333);
#6335=EDGE_CURVE('',#6309,#6331,#6334,.T.);
#6336=ORIENTED_EDGE('',*,*,#6335,.T.);
#6337=DIRECTION('',(-0.5225,-0.85264,0.));
#6338=VECTOR('',#6337,3.37888);
#6339=LINE('',#5956,#6338);
#6340=EDGE_CURVE('',#5957,#6331,#6339,.T.);
#6341=ORIENTED_EDGE('',*,*,#6340,.F.);
#6342=ORIENTED_EDGE('',*,*,#5961,.F.);
#6343=ORIENTED_EDGE('',*,*,#6318,.T.);
#6344=EDGE_LOOP('',(#6336,#6341,#6342,#6343));
#6345=FACE_OUTER_BOUND('',#6344,.T.);
#6346=CARTESIAN_POINT('',(-18.59541,9.47484,5.71429));
#6347=DIRECTION('',(-0.83073,0.50907,-0.22526));
#6348=DIRECTION('',(-0.2013,0.10257,0.97414));
#6349=AXIS2_PLACEMENT_3D('',#6346,#6347,#6348);
#6350=PLANE('',#6349);
#6351=ADVANCED_FACE('',(#6345),#6350,.T.);
#6352=CARTESIAN_POINT('',(-20.03466,10.20817,11.42857));
#6353=VERTEX_POINT('',#6352);
#6354=DIRECTION('',(-0.28184,0.1436,0.94865));
#6355=VECTOR('',#6354,3.01178);
#6356=LINE('',#6330,#6355);
#6357=EDGE_CURVE('',#6331,#6353,#6356,.T.);
#6358=ORIENTED_EDGE('',*,*,#6357,.T.);
#6359=DIRECTION('',(-0.5225,-0.85264,0.));
#6360=VECTOR('',#6359,3.52837);
#6361=LINE('',#5978,#6360);
#6362=EDGE_CURVE('',#5979,#6353,#6361,.T.);
#6363=ORIENTED_EDGE('',*,*,#6362,.F.);
#6364=ORIENTED_EDGE('',*,*,#5983,.F.);
#6365=ORIENTED_EDGE('',*,*,#6340,.T.);
#6366=EDGE_LOOP('',(#6358,#6363,#6364,#6365));
#6367=FACE_OUTER_BOUND('',#6366,.T.);
#6368=CARTESIAN_POINT('',(-19.18582,9.77567,8.57143));
#6369=DIRECTION('',(-0.80911,0.49582,-0.31544));
#6370=DIRECTION('',(-0.28184,0.1436,0.94865));
#6371=AXIS2_PLACEMENT_3D('',#6368,#6369,#6370);
#6372=PLANE('',#6371);
#6373=ADVANCED_FACE('',(#6367),#6372,.T.);
#6374=CARTESIAN_POINT('',(-21.16805,10.78566,14.28571));
#6375=VERTEX_POINT('',#6374);
#6376=DIRECTION('',(-0.3624,0.18465,0.91355));
#6377=VECTOR('',#6376,3.12752);
#6378=LINE('',#6352,#6377);
#6379=EDGE_CURVE('',#6353,#6375,#6378,.T.);
#6380=ORIENTED_EDGE('',*,*,#6379,.T.);
#6381=DIRECTION('',(-0.5225,-0.85264,0.));
#6382=VECTOR('',#6381,3.72798);
#6383=LINE('',#6000,#6382);
#6384=EDGE_CURVE('',#6001,#6375,#6383,.T.);
#6385=ORIENTED_EDGE('',*,*,#6384,.F.);
#6386=ORIENTED_EDGE('',*,*,#6005,.F.);
#6387=ORIENTED_EDGE('',*,*,#6362,.T.);
#6388=EDGE_LOOP('',(#6380,#6385,#6386,#6387));
#6389=FACE_OUTER_BOUND('',#6388,.T.);
#6390=CARTESIAN_POINT('',(-20.03466,10.20817,11.42857));
#6391=DIRECTION('',(-0.77933,0.47757,-0.40568));
#6392=DIRECTION('',(-0.3624,0.18465,0.91355));
#6393=AXIS2_PLACEMENT_3D('',#6390,#6391,#6392);
#6394=PLANE('',#6393);
#6395=ADVANCED_FACE('',(#6389),#6394,.T.);
#6396=CARTESIAN_POINT('',(-22.62679,11.52893,17.14286));
#6397=VERTEX_POINT('',#6396);
#6398=DIRECTION('',(-0.44299,0.22571,0.86765));
#6399=VECTOR('',#6398,3.29297);
#6400=LINE('',#6374,#6399);
#6401=EDGE_CURVE('',#6375,#6397,#6400,.T.);
#6402=ORIENTED_EDGE('',*,*,#6401,.T.);
#6403=DIRECTION('',(-0.5225,-0.85264,0.));
#6404=VECTOR('',#6403,3.98488);
#6405=LINE('',#6022,#6404);
#6406=EDGE_CURVE('',#6023,#6397,#6405,.T.);
#6407=ORIENTED_EDGE('',*,*,#6406,.F.);
#6408=ORIENTED_EDGE('',*,*,#6027,.F.);
#6409=ORIENTED_EDGE('',*,*,#6384,.T.);
#6410=EDGE_LOOP('',(#6402,#6407,#6408,#6409));
#6411=FACE_OUTER_BOUND('',#6410,.T.);
#6412=CARTESIAN_POINT('',(-21.16805,10.78566,14.28571));
#6413=DIRECTION('',(-0.74036,0.45369,-0.49602));
#6414=DIRECTION('',(-0.44299,0.22571,0.86765));
#6415=AXIS2_PLACEMENT_3D('',#6412,#6413,#6414);
#6416=PLANE('',#6415);
#6417=ADVANCED_FACE('',(#6411),#6416,.T.);
#6418=CARTESIAN_POINT('',(-24.47592,12.4711,20.));
#6419=VERTEX_POINT('',#6418);
#6420=DIRECTION('',(-0.52364,0.26681,0.80909));
#6421=VECTOR('',#6420,3.53132);
#6422=LINE('',#6396,#6421);
#6423=EDGE_CURVE('',#6397,#6419,#6422,.T.);
#6424=ORIENTED_EDGE('',*,*,#6423,.T.);
#6425=DIRECTION('',(-0.5225,-0.85264,0.));
#6426=VECTOR('',#6425,4.31054);
#6427=LINE('',#6044,#6426);
#6428=EDGE_CURVE('',#6045,#6419,#6427,.T.);
#6429=ORIENTED_EDGE('',*,*,#6428,.F.);
#6430=ORIENTED_EDGE('',*,*,#6049,.F.);
#6431=ORIENTED_EDGE('',*,*,#6406,.T.);
#6432=EDGE_LOOP('',(#6424,#6429,#6430,#6431));
#6433=FACE_OUTER_BOUND('',#6432,.T.);
#6434=CARTESIAN_POINT('',(-22.62679,11.52893,17.14286));
#6435=DIRECTION('',(-0.69059,0.4232,-0.5865));
#6436=DIRECTION('',(-0.52364,0.26681,0.80909));
#6437=AXIS2_PLACEMENT_3D('',#6434,#6435,#6436);
#6438=PLANE('',#6437);
#6439=ADVANCED_FACE('',(#6433),#6438,.T.);
#6440=CARTESIAN_POINT('',(-4.90054,2.49695,20.));
#6441=VERTEX_POINT('',#6440);
#6442=DIRECTION('',(0.89101,-0.45399,0.));
#6443=VECTOR('',#6442,21.96997);
#6444=LINE('',#6418,#6443);
#6445=EDGE_CURVE('',#6419,#6441,#6444,.T.);
#6446=ORIENTED_EDGE('',*,*,#6445,.T.);
#6447=DIRECTION('',(-0.5225,-0.85264,0.));
#6448=VECTOR('',#6447,0.86305);
#6449=LINE('',#6066,#6448);
#6450=EDGE_CURVE('',#6067,#6441,#6449,.T.);
#6451=ORIENTED_EDGE('',*,*,#6450,.F.);
#6452=ORIENTED_EDGE('',*,*,#6071,.F.);
#6453=ORIENTED_EDGE('',*,*,#6428,.T.);
#6454=EDGE_LOOP('',(#6446,#6451,#6452,#6453));
#6455=FACE_OUTER_BOUND('',#6454,.T.);
#6456=CARTESIAN_POINT('',(-24.47592,12.4711,20.));
#6457=DIRECTION('',(0.,0.,1.));
#6458=DIRECTION('',(0.89101,-0.45399,0.));
#6459=AXIS2_PLACEMENT_3D('',#6456,#6457,#6458);
#6460=PLANE('',#6459);
#6461=ADVANCED_FACE('',(#6455),#6460,.T.);
#6462=DIRECTION('',(0.,0.,1.));
#6463=VECTOR('',#6462,40.);
#6464=LINE('',#6104,#6463);
#6465=EDGE_CURVE('',#6105,#6441,#6464,.T.);
#6466=ORIENTED_EDGE('',*,*,#6465,.F.);
#6467=ORIENTED_EDGE('',*,*,#6122,.F.);
#6468=ORIENTED_EDGE('',*,*,#6091,.T.);
#6469=ORIENTED_EDGE('',*,*,#6450,.T.);
#6470=EDGE_LOOP('',(#6466,#6467,#6468,#6469));
#6471=FACE_OUTER_BOUND('',#6470,.T.);
#6472=CARTESIAN_POINT('',(-4.90054,2.49695,20.));
#6473=DIRECTION('',(0.85264,-0.5225,0.));
#6474=DIRECTION('',(0.,0.,-1.));
#6475=AXIS2_PLACEMENT_3D('',#6472,#6473,#6474);
#6476=PLANE('',#6475);
#6477=ADVANCED_FACE('',(#6471),#6476,.T.);
#6478=CARTESIAN_POINT('',(-5.23081,1.69959,-20.));
#6479=VERTEX_POINT('',#6478);
#6480=CARTESIAN_POINT('',(-26.12549,8.48869,-20.));
#6481=VERTEX_POINT('',#6480);
#6482=DIRECTION('',(-0.95106,0.30902,0.));
#6483=VECTOR('',#6482,21.96997);
#6484=LINE('',#6478,#6483);
#6485=EDGE_CURVE('',#6479,#6481,#6484,.T.);
#6486=ORIENTED_EDGE('',*,*,#6485,.T.);
#6487=DIRECTION('',(-0.38268,-0.92388,0.));
#6488=VECTOR('',#6487,4.31054);
#6489=LINE('',#6106,#6488);
#6490=EDGE_CURVE('',#6107,#6481,#6489,.T.);
#6491=ORIENTED_EDGE('',*,*,#6490,.F.);
#6492=ORIENTED_EDGE('',*,*,#6111,.F.);
#6493=DIRECTION('',(-0.38268,-0.92388,0.));
#6494=VECTOR('',#6493,0.86305);
#6495=LINE('',#6104,#6494);
#6496=EDGE_CURVE('',#6105,#6479,#6495,.T.);
#6497=ORIENTED_EDGE('',*,*,#6496,.T.);
#6498=EDGE_LOOP('',(#6486,#6491,#6492,#6497));
#6499=FACE_OUTER_BOUND('',#6498,.T.);
#6500=CARTESIAN_POINT('',(-5.23081,1.69959,-20.));
#6501=DIRECTION('',(0.,0.,-1.));
#6502=DIRECTION('',(-0.95106,0.30902,0.));
#6503=AXIS2_PLACEMENT_3D('',#6500,#6501,#6502);
#6504=PLANE('',#6503);
#6505=ADVANCED_FACE('',(#6499),#6504,.T.);
#6506=CARTESIAN_POINT('',(-24.15174,7.84738,-17.14286));
#6507=VERTEX_POINT('',#6506);
#6508=DIRECTION('',(0.55893,-0.18161,0.80909));
#6509=VECTOR('',#6508,3.53132);
#6510=LINE('',#6480,#6509);
#6511=EDGE_CURVE('',#6481,#6507,#6510,.T.);
#6512=ORIENTED_EDGE('',*,*,#6511,.T.);
#6513=DIRECTION('',(-0.38268,-0.92388,0.));
#6514=VECTOR('',#6513,3.98488);
#6515=LINE('',#6132,#6514);
#6516=EDGE_CURVE('',#6133,#6507,#6515,.T.);
#6517=ORIENTED_EDGE('',*,*,#6516,.F.);
#6518=ORIENTED_EDGE('',*,*,#6137,.F.);
#6519=ORIENTED_EDGE('',*,*,#6490,.T.);
#6520=EDGE_LOOP('',(#6512,#6517,#6518,#6519));
#6521=FACE_OUTER_BOUND('',#6520,.T.);
#6522=CARTESIAN_POINT('',(-26.12549,8.48869,-20.));
#6523=DIRECTION('',(-0.74829,0.30995,0.5865));
#6524=DIRECTION('',(0.55893,-0.18161,0.80909));
#6525=AXIS2_PLACEMENT_3D('',#6522,#6523,#6524);
#6526=PLANE('',#6525);
#6527=ADVANCED_FACE('',(#6521),#6526,.T.);
#6528=CARTESIAN_POINT('',(-22.59469,7.34146,-14.28571));
#6529=VERTEX_POINT('',#6528);
#6530=DIRECTION('',(0.47284,-0.15364,0.86765));
#6531=VECTOR('',#6530,3.29297);
#6532=LINE('',#6506,#6531);
#6533=EDGE_CURVE('',#6507,#6529,#6532,.T.);
#6534=ORIENTED_EDGE('',*,*,#6533,.T.);
#6535=DIRECTION('',(-0.38268,-0.92388,0.));
#6536=VECTOR('',#6535,3.72798);
#6537=LINE('',#6154,#6536);
#6538=EDGE_CURVE('',#6155,#6529,#6537,.T.);
#6539=ORIENTED_EDGE('',*,*,#6538,.F.);
#6540=ORIENTED_EDGE('',*,*,#6159,.F.);
#6541=ORIENTED_EDGE('',*,*,#6516,.T.);
#6542=EDGE_LOOP('',(#6534,#6539,#6540,#6541));
#6543=FACE_OUTER_BOUND('',#6542,.T.);
#6544=CARTESIAN_POINT('',(-24.15174,7.84738,-17.14286));
#6545=DIRECTION('',(-0.80221,0.33229,0.49602));
#6546=DIRECTION('',(0.47284,-0.15364,0.86765));
#6547=AXIS2_PLACEMENT_3D('',#6544,#6545,#6546);
#6548=PLANE('',#6547);
#6549=ADVANCED_FACE('',(#6543),#6548,.T.);
#6550=CARTESIAN_POINT('',(-21.38491,6.94838,-11.42857));
#6551=VERTEX_POINT('',#6550);
#6552=DIRECTION('',(0.38682,-0.12569,0.91355));
#6553=VECTOR('',#6552,3.12752);
#6554=LINE('',#6528,#6553);
#6555=EDGE_CURVE('',#6529,#6551,#6554,.T.);
#6556=ORIENTED_EDGE('',*,*,#6555,.T.);
#6557=DIRECTION('',(-0.38268,-0.92388,0.));
#6558=VECTOR('',#6557,3.52837);
#6559=LINE('',#6176,#6558);
#6560=EDGE_CURVE('',#6177,#6551,#6559,.T.);
#6561=ORIENTED_EDGE('',*,*,#6560,.F.);
#6562=ORIENTED_EDGE('',*,*,#6181,.F.);
#6563=ORIENTED_EDGE('',*,*,#6538,.T.);
#6564=EDGE_LOOP('',(#6556,#6561,#6562,#6563));
#6565=FACE_OUTER_BOUND('',#6564,.T.);
#6566=CARTESIAN_POINT('',(-22.59469,7.34146,-14.28571));
#6567=DIRECTION('',(-0.84444,0.34978,0.40568));
#6568=DIRECTION('',(0.38682,-0.12569,0.91355));
#6569=AXIS2_PLACEMENT_3D('',#6566,#6567,#6568);
#6570=PLANE('',#6569);
#6571=ADVANCED_FACE('',(#6565),#6570,.T.);
#6572=CARTESIAN_POINT('',(-20.47887,6.65399,-8.57143));
#6573=VERTEX_POINT('',#6572);
#6574=DIRECTION('',(0.30083,-0.09775,0.94865));
#6575=VECTOR('',#6574,3.01178);
#6576=LINE('',#6550,#6575);
#6577=EDGE_CURVE('',#6551,#6573,#6576,.T.);
#6578=ORIENTED_EDGE('',*,*,#6577,.T.);
#6579=DIRECTION('',(-0.38268,-0.92388,0.));
#6580=VECTOR('',#6579,3.37888);
#6581=LINE('',#6198,#6580);
#6582=EDGE_CURVE('',#6199,#6573,#6581,.T.);
#6583=ORIENTED_EDGE('',*,*,#6582,.F.);
#6584=ORIENTED_EDGE('',*,*,#6203,.F.);
#6585=ORIENTED_EDGE('',*,*,#6560,.T.);
#6586=EDGE_LOOP('',(#6578,#6583,#6584,#6585));
#6587=FACE_OUTER_BOUND('',#6586,.T.);
#6588=CARTESIAN_POINT('',(-21.38491,6.94838,-11.42857));
#6589=DIRECTION('',(-0.87671,0.36315,0.31544));
#6590=DIRECTION('',(0.30083,-0.09775,0.94865));
#6591=AXIS2_PLACEMENT_3D('',#6588,#6589,#6590);
#6592=PLANE('',#6591);
#6593=ADVANCED_FACE('',(#6587),#6592,.T.);
#6594=CARTESIAN_POINT('',(-19.84866,6.44922,-5.71429));
#6595=VERTEX_POINT('',#6594);
#6596=DIRECTION('',(0.21487,-0.06981,0.97414));
#6597=VECTOR('',#6596,2.93298);
#6598=LINE('',#6572,#6597);
#6599=EDGE_CURVE('',#6573,#6595,#6598,.T.);
#6600=ORIENTED_EDGE('',*,*,#6599,.T.);
#6601=DIRECTION('',(-0.38268,-0.92388,0.));
#6602=VECTOR('',#6601,3.2749);
#6603=LINE('',#6220,#6602);
#6604=EDGE_CURVE('',#6221,#6595,#6603,.T.);
#6605=ORIENTED_EDGE('',*,*,#6604,.F.);
#6606=ORIENTED_EDGE('',*,*,#6225,.F.);
#6607=ORIENTED_EDGE('',*,*,#6582,.T.);
#6608=EDGE_LOOP('',(#6600,#6605,#6606,#6607));
#6609=FACE_OUTER_BOUND('',#6608,.T.);
#6610=CARTESIAN_POINT('',(-20.47887,6.65399,-8.57143));
#6611=DIRECTION('',(-0.90013,0.37285,0.22526));
#6612=DIRECTION('',(0.21487,-0.06981,0.97414));
#6613=AXIS2_PLACEMENT_3D('',#6610,#6611,#6612);
#6614=PLANE('',#6613);
#6615=ADVANCED_FACE('',(#6609),#6614,.T.);
#6616=CARTESIAN_POINT('',(-19.4769,6.32843,-2.85714));
#6617=VERTEX_POINT('',#6616);
#6618=DIRECTION('',(0.12892,-0.04189,0.99077));
#6619=VECTOR('',#6618,2.88376);
#6620=LINE('',#6594,#6619);
#6621=EDGE_CURVE('',#6595,#6617,#6620,.T.);
#6622=ORIENTED_EDGE('',*,*,#6621,.T.);
#6623=DIRECTION('',(-0.38268,-0.92388,0.));
#6624=VECTOR('',#6623,3.21356);
#6625=LINE('',#6242,#6624);
#6626=EDGE_CURVE('',#6243,#6617,#6625,.T.);
#6627=ORIENTED_EDGE('',*,*,#6626,.F.);
#6628=ORIENTED_EDGE('',*,*,#6247,.F.);
#6629=ORIENTED_EDGE('',*,*,#6604,.T.);
#6630=EDGE_LOOP('',(#6622,#6627,#6628,#6629));
#6631=FACE_OUTER_BOUND('',#6630,.T.);
#6632=CARTESIAN_POINT('',(-19.84866,6.44922,-5.71429));
#6633=DIRECTION('',(-0.9154,0.37917,0.13514));
#6634=DIRECTION('',(0.12892,-0.04189,0.99077));
#6635=AXIS2_PLACEMENT_3D('',#6632,#6633,#6634);
#6636=PLANE('',#6635);
#6637=ADVANCED_FACE('',(#6631),#6636,.T.);
#6638=CARTESIAN_POINT('',(-19.354,6.2885,0.));
#6639=VERTEX_POINT('',#6638);
#6640=DIRECTION('',(0.04297,-0.01396,0.99898));
#6641=VECTOR('',#6640,2.86006);
#6642=LINE('',#6616,#6641);
#6643=EDGE_CURVE('',#6617,#6639,#6642,.T.);
#6644=ORIENTED_EDGE('',*,*,#6643,.T.);
#6645=DIRECTION('',(-0.38268,-0.92388,0.));
#6646=VECTOR('',#6645,3.19329);
#6647=LINE('',#6264,#6646);
#6648=EDGE_CURVE('',#6265,#6639,#6647,.T.);
#6649=ORIENTED_EDGE('',*,*,#6648,.F.);
#6650=ORIENTED_EDGE('',*,*,#6269,.F.);
#6651=ORIENTED_EDGE('',*,*,#6626,.T.);
#6652=EDGE_LOOP('',(#6644,#6649,#6650,#6651));
#6653=FACE_OUTER_BOUND('',#6652,.T.);
#6654=CARTESIAN_POINT('',(-19.4769,6.32843,-2.85714));
#6655=DIRECTION('',(-0.92294,0.3823,0.04504));
#6656=DIRECTION('',(0.04297,-0.01396,0.99898));
#6657=AXIS2_PLACEMENT_3D('',#6654,#6655,#6656);
#6658=PLANE('',#6657);
#6659=ADVANCED_FACE('',(#6653),#6658,.T.);
#6660=CARTESIAN_POINT('',(-19.4769,6.32843,2.85714));
#6661=VERTEX_POINT('',#6660);
#6662=DIRECTION('',(-0.04297,0.01396,0.99898));
#6663=VECTOR('',#6662,2.86006);
#6664=LINE('',#6638,#6663);
#6665=EDGE_CURVE('',#6639,#6661,#6664,.T.);
#6666=ORIENTED_EDGE('',*,*,#6665,.T.);
#6667=DIRECTION('',(-0.38268,-0.92388,0.));
#6668=VECTOR('',#6667,3.21356);
#6669=LINE('',#6286,#6668);
#6670=EDGE_CURVE('',#6287,#6661,#6669,.T.);
#6671=ORIENTED_EDGE('',*,*,#6670,.F.);
#6672=ORIENTED_EDGE('',*,*,#6291,.F.);
#6673=ORIENTED_EDGE('',*,*,#6648,.T.);
#6674=EDGE_LOOP('',(#6666,#6671,#6672,#6673));
#6675=FACE_OUTER_BOUND('',#6674,.T.);
#6676=CARTESIAN_POINT('',(-19.354,6.2885,0.));
#6677=DIRECTION('',(-0.92294,0.3823,-0.04504));
#6678=DIRECTION('',(-0.04297,0.01396,0.99898));
#6679=AXIS2_PLACEMENT_3D('',#6676,#6677,#6678);
#6680=PLANE('',#6679);
#6681=ADVANCED_FACE('',(#6675),#6680,.T.);
#6682=CARTESIAN_POINT('',(-19.84866,6.44922,5.71429));
#6683=VERTEX_POINT('',#6682);
#6684=DIRECTION('',(-0.12892,0.04189,0.99077));
#6685=VECTOR('',#6684,2.88376);
#6686=LINE('',#6660,#6685);
#6687=EDGE_CURVE('',#6661,#6683,#6686,.T.);
#6688=ORIENTED_EDGE('',*,*,#6687,.T.);
#6689=DIRECTION('',(-0.38268,-0.92388,0.));
#6690=VECTOR('',#6689,3.2749);
#6691=LINE('',#6308,#6690);
#6692=EDGE_CURVE('',#6309,#6683,#6691,.T.);
#6693=ORIENTED_EDGE('',*,*,#6692,.F.);
#6694=ORIENTED_EDGE('',*,*,#6313,.F.);
#6695=ORIENTED_EDGE('',*,*,#6670,.T.);
#6696=EDGE_LOOP('',(#6688,#6693,#6694,#6695));
#6697=FACE_OUTER_BOUND('',#6696,.T.);
#6698=CARTESIAN_POINT('',(-19.4769,6.32843,2.85714));
#6699=DIRECTION('',(-0.9154,0.37917,-0.13514));
#6700=DIRECTION('',(-0.12892,0.04189,0.99077));
#6701=AXIS2_PLACEMENT_3D('',#6698,#6699,#6700);
#6702=PLANE('',#6701);
#6703=ADVANCED_FACE('',(#6697),#6702,.T.);
#6704=CARTESIAN_POINT('',(-20.47887,6.65399,8.57143));
#6705=VERTEX_POINT('',#6704);
#6706=DIRECTION('',(-0.21487,0.06981,0.97414));
#6707=VECTOR('',#6706,2.93298);
#6708=LINE('',#6682,#6707);
#6709=EDGE_CURVE('',#6683,#6705,#6708,.T.);
#6710=ORIENTED_EDGE('',*,*,#6709,.T.);
#6711=DIRECTION('',(-0.38268,-0.92388,0.));
#6712=VECTOR('',#6711,3.37888);
#6713=LINE('',#6330,#6712);
#6714=EDGE_CURVE('',#6331,#6705,#6713,.T.);
#6715=ORIENTED_EDGE('',*,*,#6714,.F.);
#6716=ORIENTED_EDGE('',*,*,#6335,.F.);
#6717=ORIENTED_EDGE('',*,*,#6692,.T.);
#6718=EDGE_LOOP('',(#6710,#6715,#6716,#6717));
#6719=FACE_OUTER_BOUND('',#6718,.T.);
#6720=CARTESIAN_POINT('',(-19.84866,6.44922,5.71429));
#6721=DIRECTION('',(-0.90013,0.37285,-0.22526));
#6722=DIRECTION('',(-0.21487,0.06981,0.97414));
#6723=AXIS2_PLACEMENT_3D('',#6720,#6721,#6722);
#6724=PLANE('',#6723);
#6725=ADVANCED_FACE('',(#6719),#6724,.T.);
#6726=CARTESIAN_POINT('',(-21.38491,6.94838,11.42857));
#6727=VERTEX_POINT('',#6726);
#6728=DIRECTION('',(-0.30083,0.09775,0.94865));
#6729=VECTOR('',#6728,3.01178);
#6730=LINE('',#6704,#6729);
#6731=EDGE_CURVE('',#6705,#6727,#6730,.T.);
#6732=ORIENTED_EDGE('',*,*,#6731,.T.);
#6733=DIRECTION('',(-0.38268,-0.92388,0.));
#6734=VECTOR('',#6733,3.52837);
#6735=LINE('',#6352,#6734);
#6736=EDGE_CURVE('',#6353,#6727,#6735,.T.);
#6737=ORIENTED_EDGE('',*,*,#6736,.F.);
#6738=ORIENTED_EDGE('',*,*,#6357,.F.);
#6739=ORIENTED_EDGE('',*,*,#6714,.T.);
#6740=EDGE_LOOP('',(#6732,#6737,#6738,#6739));
#6741=FACE_OUTER_BOUND('',#6740,.T.);
#6742=CARTESIAN_POINT('',(-20.47887,6.65399,8.57143));
#6743=DIRECTION('',(-0.87671,0.36315,-0.31544));
#6744=DIRECTION('',(-0.30083,0.09775,0.94865));
#6745=AXIS2_PLACEMENT_3D('',#6742,#6743,#6744);
#6746=PLANE('',#6745);
#6747=ADVANCED_FACE('',(#6741),#6746,.T.);
#6748=CARTESIAN_POINT('',(-22.59469,7.34146,14.28571));
#6749=VERTEX_POINT('',#6748);
#6750=DIRECTION('',(-0.38682,0.12569,0.91355));
#6751=VECTOR('',#6750,3.12752);
#6752=LINE('',#6726,#6751);
#6753=EDGE_CURVE('',#6727,#6749,#6752,.T.);
#6754=ORIENTED_EDGE('',*,*,#6753,.T.);
#6755=DIRECTION('',(-0.38268,-0.92388,0.));
#6756=VECTOR('',#6755,3.72798);
#6757=LINE('',#6374,#6756);
#6758=EDGE_CURVE('',#6375,#6749,#6757,.T.);
#6759=ORIENTED_EDGE('',*,*,#6758,.F.);
#6760=ORIENTED_EDGE('',*,*,#6379,.F.);
#6761=ORIENTED_EDGE('',*,*,#6736,.T.);
#6762=EDGE_LOOP('',(#6754,#6759,#6760,#6761));
#6763=FACE_OUTER_BOUND('',#6762,.T.);
#6764=CARTESIAN_POINT('',(-21.38491,6.94838,11.42857));
#6765=DIRECTION('',(-0.84444,0.34978,-0.40568));
#6766=DIRECTION('',(-0.38682,0.12569,0.91355));
#6767=AXIS2_PLACEMENT_3D('',#6764,#6765,#6766);
#6768=PLANE('',#6767);
#6769=ADVANCED_FACE('',(#6763),#6768,.T.);
#6770=CARTESIAN_POINT('',(-24.15174,7.84738,17.14286));
#6771=VERTEX_POINT('',#6770);
#6772=DIRECTION('',(-0.47284,0.15364,0.86765));
#6773=VECTOR('',#6772,3.29297);
#6774=LINE('',#6748,#6773);
#6775=EDGE_CURVE('',#6749,#6771,#6774,.T.);
#6776=ORIENTED_EDGE('',*,*,#6775,.T.);
#6777=DIRECTION('',(-0.38268,-0.92388,0.));
#6778=VECTOR('',#6777,3.98488);
#6779=LINE('',#6396,#6778);
#6780=EDGE_CURVE('',#6397,#6771,#6779,.T.);
#6781=ORIENTED_EDGE('',*,*,#6780,.F.);
#6782=ORIENTED_EDGE('',*,*,#6401,.F.);
#6783=ORIENTED_EDGE('',*,*,#6758,.T.);
#6784=EDGE_LOOP('',(#6776,#6781,#6782,#6783));
#6785=FACE_OUTER_BOUND('',#6784,.T.);
#6786=CARTESIAN_POINT('',(-22.59469,7.34146,14.28571));
#6787=DIRECTION('',(-0.80221,0.33229,-0.49602));
#6788=DIRECTION('',(-0.47284,0.15364,0.86765));
#6789=AXIS2_PLACEMENT_3D('',#6786,#6787,#6788);
#6790=PLANE('',#6789);
#6791=ADVANCED_FACE('',(#6785),#6790,.T.);
#6792=CARTESIAN_POINT('',(-26.12549,8.48869,20.));
#6793=VERTEX_POINT('',#6792);
#6794=DIRECTION('',(-0.55893,0.18161,0.80909));
#6795=VECTOR('',#6794,3.53132);
#6796=LINE('',#6770,#6795);
#6797=EDGE_CURVE('',#6771,#6793,#6796,.T.);
#6798=ORIENTED_EDGE('',*,*,#6797,.T.);
#6799=DIRECTION('',(-0.38268,-0.92388,0.));
#6800=VECTOR('',#6799,4.31054);
#6801=LINE('',#6418,#6800);
#6802=EDGE_CURVE('',#6419,#6793,#6801,.T.);
#6803=ORIENTED_EDGE('',*,*,#6802,.F.);
#6804=ORIENTED_EDGE('',*,*,#6423,.F.);
#6805=ORIENTED_EDGE('',*,*,#6780,.T.);
#6806=EDGE_LOOP('',(#6798,#6803,#6804,#6805));
#6807=FACE_OUTER_BOUND('',#6806,.T.);
#6808=CARTESIAN_POINT('',(-24.15174,7.84738,17.14286));
#6809=DIRECTION('',(-0.74829,0.30995,-0.5865));
#6810=DIRECTION('',(-0.55893,0.18161,0.80909));
#6811=AXIS2_PLACEMENT_3D('',#6808,#6809,#6810);
#6812=PLANE('',#6811);
#6813=ADVANCED_FACE('',(#6807),#6812,.T.);
#6814=CARTESIAN_POINT('',(-5.23081,1.69959,20.));
#6815=VERTEX_POINT('',#6814);
#6816=DIRECTION('',(0.95106,-0.30902,0.));
#6817=VECTOR('',#6816,21.96997);
#6818=LINE('',#6792,#6817);
#6819=EDGE_CURVE('',#6793,#6815,#6818,.T.);
#6820=ORIENTED_EDGE('',*,*,#6819,.T.);
#6821=DIRECTION('',(-0.38268,-0.92388,0.));
#6822=VECTOR('',#6821,0.86305);
#6823=LINE('',#6440,#6822);
#6824=EDGE_CURVE('',#6441,#6815,#6823,.T.);
#6825=ORIENTED_EDGE('',*,*,#6824,.F.);
#6826=ORIENTED_EDGE('',*,*,#6445,.F.);
#6827=ORIENTED_EDGE('',*,*,#6802,.T.);
#6828=EDGE_LOOP('',(#6820,#6825,#6826,#6827));
#6829=FACE_OUTER_BOUND('',#6828,.T.);
#6830=CARTESIAN_POINT('',(-26.12549,8.48869,20.));
#6831=DIRECTION('',(0.,0.,1.));
#6832=DIRECTION('',(0.95106,-0.30902,0.));
#6833=AXIS2_PLACEMENT_3D('',#6830,#6831,#6832);
#6834=PLANE('',#6833);
#6835=ADVANCED_FACE('',(#6829),#6834,.T.);
#6836=DIRECTION('',(0.,0.,1.));
#6837=VECTOR('',#6836,40.);
#6838=LINE('',#6478,#6837);
#6839=EDGE_CURVE('',#6479,#6815,#6838,.T.);
#6840=ORIENTED_EDGE('',*,*,#6839,.F.);
#6841=ORIENTED_EDGE('',*,*,#6496,.F.);
#6842=ORIENTED_EDGE('',*,*,#6465,.T.);
#6843=ORIENTED_EDGE('',*,*,#6824,.T.);
#6844=EDGE_LOOP('',(#6840,#6841,#6842,#6843));
#6845=FACE_OUTER_BOUND('',#6844,.T.);
#6846=CARTESIAN_POINT('',(-5.23081,1.69959,20.));
#6847=DIRECTION('',(0.92388,-0.38268,0.));
#6848=DIRECTION('',(0.,0.,-1.));
#6849=AXIS2_PLACEMENT_3D('',#6846,#6847,#6848);
#6850=PLANE('',#6849);
#6851=ADVANCED_FACE('',(#6845),#6850,.T.);
#6852=CARTESIAN_POINT('',(-5.43229,0.86039,-20.));
#6853=VERTEX_POINT('',#6852);
#6854=CARTESIAN_POINT('',(-27.13177,4.29725,-20.));
#6855=VERTEX_POINT('',#6854);
#6856=DIRECTION('',(-0.98769,0.15643,0.));
#6857=VECTOR('',#6856,21.96997);
#6858=LINE('',#6852,#6857);
#6859=EDGE_CURVE('',#6853,#6855,#6858,.T.);
#6860=ORIENTED_EDGE('',*,*,#6859,.T.);
#6861=DIRECTION('',(-0.23345,-0.97237,0.));
#6862=VECTOR('',#6861,4.31054);
#6863=LINE('',#6480,#6862);
#6864=EDGE_CURVE('',#6481,#6855,#6863,.T.);
#6865=ORIENTED_EDGE('',*,*,#6864,.F.);
#6866=ORIENTED_EDGE('',*,*,#6485,.F.);
#6867=DIRECTION('',(-0.23345,-0.97237,0.));
#6868=VECTOR('',#6867,0.86305);
#6869=LINE('',#6478,#6868);
#6870=EDGE_CURVE('',#6479,#6853,#6869,.T.);
#6871=ORIENTED_EDGE('',*,*,#6870,.T.);
#6872=EDGE_LOOP('',(#6860,#6865,#6866,#6871));
#6873=FACE_OUTER_BOUND('',#6872,.T.);
#6874=CARTESIAN_POINT('',(-5.43229,0.86039,-20.));
#6875=DIRECTION('',(0.,0.,-1.));
#6876=DIRECTION('',(-0.98769,0.15643,0.));
#6877=AXIS2_PLACEMENT_3D('',#6874,#6875,#6876);
#6878=PLANE('',#6877);
#6879=ADVANCED_FACE('',(#6873),#6878,.T.);
#6880=CARTESIAN_POINT('',(-25.08199,3.9726,-17.14286));
#6881=VERTEX_POINT('',#6880);
#6882=DIRECTION('',(0.58045,-0.09194,0.80909));
#6883=VECTOR('',#6882,3.53132);
#6884=LINE('',#6854,#6883);
#6885=EDGE_CURVE('',#6855,#6881,#6884,.T.);
#6886=ORIENTED_EDGE('',*,*,#6885,.T.);
#6887=DIRECTION('',(-0.23345,-0.97237,0.));
#6888=VECTOR('',#6887,3.98488);
#6889=LINE('',#6506,#6888);
#6890=EDGE_CURVE('',#6507,#6881,#6889,.T.);
#6891=ORIENTED_EDGE('',*,*,#6890,.F.);
#6892=ORIENTED_EDGE('',*,*,#6511,.F.);
#6893=ORIENTED_EDGE('',*,*,#6864,.T.);
#6894=EDGE_LOOP('',(#6886,#6891,#6892,#6893));
#6895=FACE_OUTER_BOUND('',#6894,.T.);
#6896=CARTESIAN_POINT('',(-27.13177,4.29725,-20.));
#6897=DIRECTION('',(-0.78757,0.18908,0.5865));
#6898=DIRECTION('',(0.58045,-0.09194,0.80909));
#6899=AXIS2_PLACEMENT_3D('',#6896,#6897,#6898);
#6900=PLANE('',#6899);
#6901=ADVANCED_FACE('',(#6895),#6900,.T.);
#6902=CARTESIAN_POINT('',(-23.46497,3.71649,-14.28571));
#6903=VERTEX_POINT('',#6902);
#6904=DIRECTION('',(0.49105,-0.07778,0.86765));
#6905=VECTOR('',#6904,3.29297);
#6906=LINE('',#6880,#6905);
#6907=EDGE_CURVE('',#6881,#6903,#6906,.T.);
#6908=ORIENTED_EDGE('',*,*,#6907,.T.);
#6909=DIRECTION('',(-0.23345,-0.97237,0.));
#6910=VECTOR('',#6909,3.72798);
#6911=LINE('',#6528,#6910);
#6912=EDGE_CURVE('',#6529,#6903,#6911,.T.);
#6913=ORIENTED_EDGE('',*,*,#6912,.F.);
#6914=ORIENTED_EDGE('',*,*,#6533,.F.);
#6915=ORIENTED_EDGE('',*,*,#6890,.T.);
#6916=EDGE_LOOP('',(#6908,#6913,#6914,#6915));
#6917=FACE_OUTER_BOUND('',#6916,.T.);
#6918=CARTESIAN_POINT('',(-25.08199,3.9726,-17.14286));
#6919=DIRECTION('',(-0.84432,0.2027,0.49602));
#6920=DIRECTION('',(0.49105,-0.07778,0.86765));
#6921=AXIS2_PLACEMENT_3D('',#6918,#6919,#6920);
#6922=PLANE('',#6921);
#6923=ADVANCED_FACE('',(#6917),#6922,.T.);
#6924=CARTESIAN_POINT('',(-22.20859,3.5175,-11.42857));
#6925=VERTEX_POINT('',#6924);
#6926=DIRECTION('',(0.40172,-0.06363,0.91355));
#6927=VECTOR('',#6926,3.12752);
#6928=LINE('',#6902,#6927);
#6929=EDGE_CURVE('',#6903,#6925,#6928,.T.);
#6930=ORIENTED_EDGE('',*,*,#6929,.T.);
#6931=DIRECTION('',(-0.23345,-0.97237,0.));
#6932=VECTOR('',#6931,3.52837);
#6933=LINE('',#6550,#6932);
#6934=EDGE_CURVE('',#6551,#6925,#6933,.T.);
#6935=ORIENTED_EDGE('',*,*,#6934,.F.);
#6936=ORIENTED_EDGE('',*,*,#6555,.F.);
#6937=ORIENTED_EDGE('',*,*,#6912,.T.);
#6938=EDGE_LOOP('',(#6930,#6935,#6936,#6937));
#6939=FACE_OUTER_BOUND('',#6938,.T.);
#6940=CARTESIAN_POINT('',(-23.46497,3.71649,-14.28571));
#6941=DIRECTION('',(-0.88876,0.21337,0.40568));
#6942=DIRECTION('',(0.40172,-0.06363,0.91355));
#6943=AXIS2_PLACEMENT_3D('',#6940,#6941,#6942);
#6944=PLANE('',#6943);
#6945=ADVANCED_FACE('',(#6939),#6944,.T.);
#6946=CARTESIAN_POINT('',(-21.26765,3.36846,-8.57143));
#6947=VERTEX_POINT('',#6946);
#6948=DIRECTION('',(0.31242,-0.04948,0.94865));
#6949=VECTOR('',#6948,3.01178);
#6950=LINE('',#6924,#6949);
#6951=EDGE_CURVE('',#6925,#6947,#6950,.T.);
#6952=ORIENTED_EDGE('',*,*,#6951,.T.);
#6953=DIRECTION('',(-0.23345,-0.97237,0.));
#6954=VECTOR('',#6953,3.37888);
#6955=LINE('',#6572,#6954);
#6956=EDGE_CURVE('',#6573,#6947,#6955,.T.);
#6957=ORIENTED_EDGE('',*,*,#6956,.F.);
#6958=ORIENTED_EDGE('',*,*,#6577,.F.);
#6959=ORIENTED_EDGE('',*,*,#6934,.T.);
#6960=EDGE_LOOP('',(#6952,#6957,#6958,#6959));
#6961=FACE_OUTER_BOUND('',#6960,.T.);
#6962=CARTESIAN_POINT('',(-22.20859,3.5175,-11.42857));
#6963=DIRECTION('',(-0.92273,0.22153,0.31544));
#6964=DIRECTION('',(0.31242,-0.04948,0.94865));
#6965=AXIS2_PLACEMENT_3D('',#6962,#6963,#6964);
#6966=PLANE('',#6965);
#6967=ADVANCED_FACE('',(#6961),#6966,.T.);
#6968=CARTESIAN_POINT('',(-20.61317,3.26481,-5.71429));
#6969=VERTEX_POINT('',#6968);
#6970=DIRECTION('',(0.22314,-0.03534,0.97414));
#6971=VECTOR('',#6970,2.93298);
#6972=LINE('',#6946,#6971);
#6973=EDGE_CURVE('',#6947,#6969,#6972,.T.);
#6974=ORIENTED_EDGE('',*,*,#6973,.T.);
#6975=DIRECTION('',(-0.23345,-0.97237,0.));
#6976=VECTOR('',#6975,3.2749);
#6977=LINE('',#6594,#6976);
#6978=EDGE_CURVE('',#6595,#6969,#6977,.T.);
#6979=ORIENTED_EDGE('',*,*,#6978,.F.);
#6980=ORIENTED_EDGE('',*,*,#6599,.F.);
#6981=ORIENTED_EDGE('',*,*,#6956,.T.);
#6982=EDGE_LOOP('',(#6974,#6979,#6980,#6981));
#6983=FACE_OUTER_BOUND('',#6982,.T.);
#6984=CARTESIAN_POINT('',(-21.26765,3.36846,-8.57143));
#6985=DIRECTION('',(-0.94738,0.22745,0.22526));
#6986=DIRECTION('',(0.22314,-0.03534,0.97414));
#6987=AXIS2_PLACEMENT_3D('',#6984,#6985,#6986);
#6988=PLANE('',#6987);
#6989=ADVANCED_FACE('',(#6983),#6988,.T.);
#6990=CARTESIAN_POINT('',(-20.22709,3.20366,-2.85714));
#6991=VERTEX_POINT('',#6990);
#6992=DIRECTION('',(0.13388,-0.0212,0.99077));
#6993=VECTOR('',#6992,2.88376);
#6994=LINE('',#6968,#6993);
#6995=EDGE_CURVE('',#6969,#6991,#6994,.T.);
#6996=ORIENTED_EDGE('',*,*,#6995,.T.);
#6997=DIRECTION('',(-0.23345,-0.97237,0.));
#6998=VECTOR('',#6997,3.21356);
#6999=LINE('',#6616,#6998);
#7000=EDGE_CURVE('',#6617,#6991,#6999,.T.);
#7001=ORIENTED_EDGE('',*,*,#7000,.F.);
#7002=ORIENTED_EDGE('',*,*,#6621,.F.);
#7003=ORIENTED_EDGE('',*,*,#6978,.T.);
#7004=EDGE_LOOP('',(#6996,#7001,#7002,#7003));
#7005=FACE_OUTER_BOUND('',#7004,.T.);
#7006=CARTESIAN_POINT('',(-20.61317,3.26481,-5.71429));
#7007=DIRECTION('',(-0.96345,0.2313,0.13514));
#7008=DIRECTION('',(0.13388,-0.0212,0.99077));
#7009=AXIS2_PLACEMENT_3D('',#7006,#7007,#7008);
#7010=PLANE('',#7009);
#7011=ADVANCED_FACE('',(#7005),#7010,.T.);
#7012=CARTESIAN_POINT('',(-20.09946,3.18344,0.));
#7013=VERTEX_POINT('',#7012);
#7014=DIRECTION('',(0.04463,-0.00707,0.99898));
#7015=VECTOR('',#7014,2.86006);
#7016=LINE('',#6990,#7015);
#7017=EDGE_CURVE('',#6991,#7013,#7016,.T.);
#7018=ORIENTED_EDGE('',*,*,#7017,.T.);
#7019=DIRECTION('',(-0.23345,-0.97237,0.));
#7020=VECTOR('',#7019,3.19329);
#7021=LINE('',#6638,#7020);
#7022=EDGE_CURVE('',#6639,#7013,#7021,.T.);
#7023=ORIENTED_EDGE('',*,*,#7022,.F.);
#7024=ORIENTED_EDGE('',*,*,#6643,.F.);
#7025=ORIENTED_EDGE('',*,*,#7000,.T.);
#7026=EDGE_LOOP('',(#7018,#7023,#7024,#7025));
#7027=FACE_OUTER_BOUND('',#7026,.T.);
#7028=CARTESIAN_POINT('',(-20.22709,3.20366,-2.85714));
#7029=DIRECTION('',(-0.97138,0.23321,0.04504));
#7030=DIRECTION('',(0.04463,-0.00707,0.99898));
#7031=AXIS2_PLACEMENT_3D('',#7028,#7029,#7030);
#7032=PLANE('',#7031);
#7033=ADVANCED_FACE('',(#7027),#7032,.T.);
#7034=CARTESIAN_POINT('',(-20.22709,3.20366,2.85714));
#7035=VERTEX_POINT('',#7034);
#7036=DIRECTION('',(-0.04463,0.00707,0.99898));
#7037=VECTOR('',#7036,2.86006);
#7038=LINE('',#7012,#7037);
#7039=EDGE_CURVE('',#7013,#7035,#7038,.T.);
#7040=ORIENTED_EDGE('',*,*,#7039,.T.);
#7041=DIRECTION('',(-0.23345,-0.97237,0.));
#7042=VECTOR('',#7041,3.21356);
#7043=LINE('',#6660,#7042);
#7044=EDGE_CURVE('',#6661,#7035,#7043,.T.);
#7045=ORIENTED_EDGE('',*,*,#7044,.F.);
#7046=ORIENTED_EDGE('',*,*,#6665,.F.);
#7047=ORIENTED_EDGE('',*,*,#7022,.T.);
#7048=EDGE_LOOP('',(#7040,#7045,#7046,#7047));
#7049=FACE_OUTER_BOUND('',#7048,.T.);
#7050=CARTESIAN_POINT('',(-20.09946,3.18344,0.));
#7051=DIRECTION('',(-0.97138,0.23321,-0.04504));
#7052=DIRECTION('',(-0.04463,0.00707,0.99898));
#7053=AXIS2_PLACEMENT_3D('',#7050,#7051,#7052);
#7054=PLANE('',#7053);
#7055=ADVANCED_FACE('',(#7049),#7054,.T.);
#7056=CARTESIAN_POINT('',(-20.61317,3.26481,5.71429));
#7057=VERTEX_POINT('',#7056);
#7058=DIRECTION('',(-0.13388,0.0212,0.99077));
#7059=VECTOR('',#7058,2.88376);
#7060=LINE('',#7034,#7059);
#7061=EDGE_CURVE('',#7035,#7057,#7060,.T.);
#7062=ORIENTED_EDGE('',*,*,#7061,.T.);
#7063=DIRECTION('',(-0.23345,-0.97237,0.));
#7064=VECTOR('',#7063,3.2749);
#7065=LINE('',#6682,#7064);
#7066=EDGE_CURVE('',#6683,#7057,#7065,.T.);
#7067=ORIENTED_EDGE('',*,*,#7066,.F.);
#7068=ORIENTED_EDGE('',*,*,#6687,.F.);
#7069=ORIENTED_EDGE('',*,*,#7044,.T.);
#7070=EDGE_LOOP('',(#7062,#7067,#7068,#7069));
#7071=FACE_OUTER_BOUND('',#7070,.T.);
#7072=CARTESIAN_POINT('',(-20.22709,3.20366,2.85714));
#7073=DIRECTION('',(-0.96345,0.2313,-0.13514));
#7074=DIRECTION('',(-0.13388,0.0212,0.99077));
#7075=AXIS2_PLACEMENT_3D('',#7072,#7073,#7074);
#7076=PLANE('',#7075);
#7077=ADVANCED_FACE('',(#7071),#7076,.T.);
#7078=CARTESIAN_POINT('',(-21.26765,3.36846,8.57143));
#7079=VERTEX_POINT('',#7078);
#7080=DIRECTION('',(-0.22314,0.03534,0.97414));
#7081=VECTOR('',#7080,2.93298);
#7082=LINE('',#7056,#7081);
#7083=EDGE_CURVE('',#7057,#7079,#7082,.T.);
#7084=ORIENTED_EDGE('',*,*,#7083,.T.);
#7085=DIRECTION('',(-0.23345,-0.97237,0.));
#7086=VECTOR('',#7085,3.37888);
#7087=LINE('',#6704,#7086);
#7088=EDGE_CURVE('',#6705,#7079,#7087,.T.);
#7089=ORIENTED_EDGE('',*,*,#7088,.F.);
#7090=ORIENTED_EDGE('',*,*,#6709,.F.);
#7091=ORIENTED_EDGE('',*,*,#7066,.T.);
#7092=EDGE_LOOP('',(#7084,#7089,#7090,#7091));
#7093=FACE_OUTER_BOUND('',#7092,.T.);
#7094=CARTESIAN_POINT('',(-20.61317,3.26481,5.71429));
#7095=DIRECTION('',(-0.94738,0.22745,-0.22526));
#7096=DIRECTION('',(-0.22314,0.03534,0.97414));
#7097=AXIS2_PLACEMENT_3D('',#7094,#7095,#7096);
#7098=PLANE('',#7097);
#7099=ADVANCED_FACE('',(#7093),#7098,.T.);
#7100=CARTESIAN_POINT('',(-22.20859,3.5175,11.42857));
#7101=VERTEX_POINT('',#7100);
#7102=DIRECTION('',(-0.31242,0.04948,0.94865));
#7103=VECTOR('',#7102,3.01178);
#7104=LINE('',#7078,#7103);
#7105=EDGE_CURVE('',#7079,#7101,#7104,.T.);
#7106=ORIENTED_EDGE('',*,*,#7105,.T.);
#7107=DIRECTION('',(-0.23345,-0.97237,0.));
#7108=VECTOR('',#7107,3.52837);
#7109=LINE('',#6726,#7108);
#7110=EDGE_CURVE('',#6727,#7101,#7109,.T.);
#7111=ORIENTED_EDGE('',*,*,#7110,.F.);
#7112=ORIENTED_EDGE('',*,*,#6731,.F.);
#7113=ORIENTED_EDGE('',*,*,#7088,.T.);
#7114=EDGE_LOOP('',(#7106,#7111,#7112,#7113));
#7115=FACE_OUTER_BOUND('',#7114,.T.);
#7116=CARTESIAN_POINT('',(-21.26765,3.36846,8.57143));
#7117=DIRECTION('',(-0.92273,0.22153,-0.31544));
#7118=DIRECTION('',(-0.31242,0.04948,0.94865));
#7119=AXIS2_PLACEMENT_3D('',#7116,#7117,#7118);
#7120=PLANE('',#7119);
#7121=ADVANCED_FACE('',(#7115),#7120,.T.);
#7122=CARTESIAN_POINT('',(-23.46497,3.71649,14.28571));
#7123=VERTEX_POINT('',#7122);
#7124=DIRECTION('',(-0.40172,0.06363,0.91355));
#7125=VECTOR('',#7124,3.12752);
#7126=LINE('',#7100,#7125);
#7127=EDGE_CURVE('',#7101,#7123,#7126,.T.);
#7128=ORIENTED_EDGE('',*,*,#7127,.T.);
#7129=DIRECTION('',(-0.23345,-0.97237,0.));
#7130=VECTOR('',#7129,3.72798);
#7131=LINE('',#6748,#7130);
#7132=EDGE_CURVE('',#6749,#7123,#7131,.T.);
#7133=ORIENTED_EDGE('',*,*,#7132,.F.);
#7134=ORIENTED_EDGE('',*,*,#6753,.F.);
#7135=ORIENTED_EDGE('',*,*,#7110,.T.);
#7136=EDGE_LOOP('',(#7128,#7133,#7134,#7135));
#7137=FACE_OUTER_BOUND('',#7136,.T.);
#7138=CARTESIAN_POINT('',(-22.20859,3.5175,11.42857));
#7139=DIRECTION('',(-0.88876,0.21337,-0.40568));
#7140=DIRECTION('',(-0.40172,0.06363,0.91355));
#7141=AXIS2_PLACEMENT_3D('',#7138,#7139,#7140);
#7142=PLANE('',#7141);
#7143=ADVANCED_FACE('',(#7137),#7142,.T.);
#7144=CARTESIAN_POINT('',(-25.08199,3.9726,17.14286));
#7145=VERTEX_POINT('',#7144);
#7146=DIRECTION('',(-0.49105,0.07778,0.86765));
#7147=VECTOR('',#7146,3.29297);
#7148=LINE('',#7122,#7147);
#7149=EDGE_CURVE('',#7123,#7145,#7148,.T.);
#7150=ORIENTED_EDGE('',*,*,#7149,.T.);
#7151=DIRECTION('',(-0.23345,-0.97237,0.));
#7152=VECTOR('',#7151,3.98488);
#7153=LINE('',#6770,#7152);
#7154=EDGE_CURVE('',#6771,#7145,#7153,.T.);
#7155=ORIENTED_EDGE('',*,*,#7154,.F.);
#7156=ORIENTED_EDGE('',*,*,#6775,.F.);
#7157=ORIENTED_EDGE('',*,*,#7132,.T.);
#7158=EDGE_LOOP('',(#7150,#7155,#7156,#7157));
#7159=FACE_OUTER_BOUND('',#7158,.T.);
#7160=CARTESIAN_POINT('',(-23.46497,3.71649,14.28571));
#7161=DIRECTION('',(-0.84432,0.2027,-0.49602));
#7162=DIRECTION('',(-0.49105,0.07778,0.86765));
#7163=AXIS2_PLACEMENT_3D('',#7160,#7161,#7162);
#7164=PLANE('',#7163);
#7165=ADVANCED_FACE('',(#7159),#7164,.T.);
#7166=CARTESIAN_POINT('',(-27.13177,4.29725,20.));
#7167=VERTEX_POINT('',#7166);
#7168=DIRECTION('',(-0.58045,0.09194,0.80909));
#7169=VECTOR('',#7168,3.53132);
#7170=LINE('',#7144,#7169);
#7171=EDGE_CURVE('',#7145,#7167,#7170,.T.);
#7172=ORIENTED_EDGE('',*,*,#7171,.T.);
#7173=DIRECTION('',(-0.23345,-0.97237,0.));
#7174=VECTOR('',#7173,4.31054);
#7175=LINE('',#6792,#7174);
#7176=EDGE_CURVE('',#6793,#7167,#7175,.T.);
#7177=ORIENTED_EDGE('',*,*,#7176,.F.);
#7178=ORIENTED_EDGE('',*,*,#6797,.F.);
#7179=ORIENTED_EDGE('',*,*,#7154,.T.);
#7180=EDGE_LOOP('',(#7172,#7177,#7178,#7179));
#7181=FACE_OUTER_BOUND('',#7180,.T.);
#7182=CARTESIAN_POINT('',(-25.08199,3.9726,17.14286));
#7183=DIRECTION('',(-0.78757,0.18908,-0.5865));
#7184=DIRECTION('',(-0.58045,0.09194,0.80909));
#7185=AXIS2_PLACEMENT_3D('',#7182,#7183,#7184);
#7186=PLANE('',#7185);
#7187=ADVANCED_FACE('',(#7181),#7186,.T.);
#7188=CARTESIAN_POINT('',(-5.43229,0.86039,20.));
#7189=VERTEX_POINT('',#7188);
#7190=DIRECTION('',(0.98769,-0.15643,0.));
#7191=VECTOR('',#7190,21.96997);
#7192=LINE('',#7166,#7191);
#7193=EDGE_CURVE('',#7167,#7189,#7192,.T.);
#7194=ORIENTED_EDGE('',*,*,#7193,.T.);
#7195=DIRECTION('',(-0.23345,-0.97237,0.));
#7196=VECTOR('',#7195,0.86305);
#7197=LINE('',#6814,#7196);
#7198=EDGE_CURVE('',#6815,#7189,#7197,.T.);
#7199=ORIENTED_EDGE('',*,*,#7198,.F.);
#7200=ORIENTED_EDGE('',*,*,#6819,.F.);
#7201=ORIENTED_EDGE('',*,*,#7176,.T.);
#7202=EDGE_LOOP('',(#7194,#7199,#7200,#7201));
#7203=FACE_OUTER_BOUND('',#7202,.T.);
#7204=CARTESIAN_POINT('',(-27.13177,4.29725,20.));
#7205=DIRECTION('',(0.,0.,1.));
#7206=DIRECTION('',(0.98769,-0.15643,0.));
#7207=AXIS2_PLACEMENT_3D('',#7204,#7205,#7206);
#7208=PLANE('',#7207);
#7209=ADVANCED_FACE('',(#7203),#7208,.T.);
#7210=DIRECTION('',(0.,0.,1.));
#7211=VECTOR('',#7210,40.);
#7212=LINE('',#6852,#7211);
#7213=EDGE_CURVE('',#6853,#7189,#7212,.T.);
#7214=ORIENTED_EDGE('',*,*,#7213,.F.);
#7215=ORIENTED_EDGE('',*,*,#6870,.F.);
#7216=ORIENTED_EDGE('',*,*,#6839,.T.);
#7217=ORIENTED_EDGE('',*,*,#7198,.T.);
#7218=EDGE_LOOP('',(#7214,#7215,#7216,#7217));
#7219=FACE_OUTER_BOUND('',#7218,.T.);
#7220=CARTESIAN_POINT('',(-5.43229,0.86039,20.));
#7221=DIRECTION('',(0.97237,-0.23345,0.));
#7222=DIRECTION('',(0.,0.,-1.));
#7223=AXIS2_PLACEMENT_3D('',#7220,#7221,#7222);
#7224=PLANE('',#7223);
#7225=ADVANCED_FACE('',(#7219),#7224,.T.);
#7226=CARTESIAN_POINT('',(-5.5,0.,-20.));
#7227=VERTEX_POINT('',#7226);
#7228=CARTESIAN_POINT('',(-27.46997,0.,-20.));
#7229=VERTEX_POINT('',#7228);
#7230=DIRECTION('',(-1.,0.,0.));
#7231=VECTOR('',#7230,21.96997);
#7232=LINE('',#7226,#7231);
#7233=EDGE_CURVE('',#7227,#7229,#7232,.T.);
#7234=ORIENTED_EDGE('',*,*,#7233,.T.);
#7235=DIRECTION('',(-0.07846,-0.99692,0.));
#7236=VECTOR('',#7235,4.31054);
#7237=LINE('',#6854,#7236);
#7238=EDGE_CURVE('',#6855,#7229,#7237,.T.);
#7239=ORIENTED_EDGE('',*,*,#7238,.F.);
#7240=ORIENTED_EDGE('',*,*,#6859,.F.);
#7241=DIRECTION('',(-0.07846,-0.99692,0.));
#7242=VECTOR('',#7241,0.86305);
#7243=LINE('',#6852,#7242);
#7244=EDGE_CURVE('',#6853,#7227,#7243,.T.);
#7245=ORIENTED_EDGE('',*,*,#7244,.T.);
#7246=EDGE_LOOP('',(#7234,#7239,#7240,#7245));
#7247=FACE_OUTER_BOUND('',#7246,.T.);
#7248=CARTESIAN_POINT('',(-5.5,0.,-20.));
#7249=DIRECTION('',(0.,0.,-1.));
#7250=DIRECTION('',(-1.,0.,0.));
#7251=AXIS2_PLACEMENT_3D('',#7248,#7249,#7250);
#7252=PLANE('',#7251);
#7253=ADVANCED_FACE('',(#7247),#7252,.T.);
#7254=CARTESIAN_POINT('',(-25.39464,0.,-17.14286));
#7255=VERTEX_POINT('',#7254);
#7256=DIRECTION('',(0.58769,0.,0.80909));
#7257=VECTOR('',#7256,3.53132);
#7258=LINE('',#7228,#7257);
#7259=EDGE_CURVE('',#7229,#7255,#7258,.T.);
#7260=ORIENTED_EDGE('',*,*,#7259,.T.);
#7261=DIRECTION('',(-0.07846,-0.99692,0.));
#7262=VECTOR('',#7261,3.98488);
#7263=LINE('',#6880,#7262);
#7264=EDGE_CURVE('',#6881,#7255,#7263,.T.);
#7265=ORIENTED_EDGE('',*,*,#7264,.F.);
#7266=ORIENTED_EDGE('',*,*,#6885,.F.);
#7267=ORIENTED_EDGE('',*,*,#7238,.T.);
#7268=EDGE_LOOP('',(#7260,#7265,#7266,#7267));
#7269=FACE_OUTER_BOUND('',#7268,.T.);
#7270=CARTESIAN_POINT('',(-27.46997,0.,-20.));
#7271=DIRECTION('',(-0.80745,0.06355,0.5865));
#7272=DIRECTION('',(0.58769,0.,0.80909));
#7273=AXIS2_PLACEMENT_3D('',#7270,#7271,#7272);
#7274=PLANE('',#7273);
#7275=ADVANCED_FACE('',(#7269),#7274,.T.);
#7276=CARTESIAN_POINT('',(-23.75746,0.,-14.28571));
#7277=VERTEX_POINT('',#7276);
#7278=DIRECTION('',(0.49718,0.,0.86765));
#7279=VECTOR('',#7278,3.29297);
#7280=LINE('',#7254,#7279);
#7281=EDGE_CURVE('',#7255,#7277,#7280,.T.);
#7282=ORIENTED_EDGE('',*,*,#7281,.T.);
#7283=DIRECTION('',(-0.07846,-0.99692,0.));
#7284=VECTOR('',#7283,3.72798);
#7285=LINE('',#6902,#7284);
#7286=EDGE_CURVE('',#6903,#7277,#7285,.T.);
#7287=ORIENTED_EDGE('',*,*,#7286,.F.);
#7288=ORIENTED_EDGE('',*,*,#6907,.F.);
#7289=ORIENTED_EDGE('',*,*,#7264,.T.);
#7290=EDGE_LOOP('',(#7282,#7287,#7288,#7289));
#7291=FACE_OUTER_BOUND('',#7290,.T.);
#7292=CARTESIAN_POINT('',(-25.39464,0.,-17.14286));
#7293=DIRECTION('',(-0.86563,0.06813,0.49602));
#7294=DIRECTION('',(0.49718,0.,0.86765));
#7295=AXIS2_PLACEMENT_3D('',#7292,#7293,#7294);
#7296=PLANE('',#7295);
#7297=ADVANCED_FACE('',(#7291),#7296,.T.);
#7298=CARTESIAN_POINT('',(-22.48542,0.,-11.42857));
#7299=VERTEX_POINT('',#7298);
#7300=DIRECTION('',(0.40673,0.,0.91355));
#7301=VECTOR('',#7300,3.12752);
#7302=LINE('',#7276,#7301);
#7303=EDGE_CURVE('',#7277,#7299,#7302,.T.);
#7304=ORIENTED_EDGE('',*,*,#7303,.T.);
#7305=DIRECTION('',(-0.07846,-0.99692,0.));
#7306=VECTOR('',#7305,3.52837);
#7307=LINE('',#6924,#7306);
#7308=EDGE_CURVE('',#6925,#7299,#7307,.T.);
#7309=ORIENTED_EDGE('',*,*,#7308,.F.);
#7310=ORIENTED_EDGE('',*,*,#6929,.F.);
#7311=ORIENTED_EDGE('',*,*,#7286,.T.);
#7312=EDGE_LOOP('',(#7304,#7309,#7310,#7311));
#7313=FACE_OUTER_BOUND('',#7312,.T.);
#7314=CARTESIAN_POINT('',(-23.75746,0.,-14.28571));
#7315=DIRECTION('',(-0.9112,0.07171,0.40568));
#7316=DIRECTION('',(0.40673,0.,0.91355));
#7317=AXIS2_PLACEMENT_3D('',#7314,#7315,#7316);
#7318=PLANE('',#7317);
#7319=ADVANCED_FACE('',(#7313),#7318,.T.);
#7320=CARTESIAN_POINT('',(-21.53275,0.,-8.57143));
#7321=VERTEX_POINT('',#7320);
#7322=DIRECTION('',(0.31631,0.,0.94865));
#7323=VECTOR('',#7322,3.01178);
#7324=LINE('',#7298,#7323);
#7325=EDGE_CURVE('',#7299,#7321,#7324,.T.);
#7326=ORIENTED_EDGE('',*,*,#7325,.T.);
#7327=DIRECTION('',(-0.07846,-0.99692,0.));
#7328=VECTOR('',#7327,3.37888);
#7329=LINE('',#6946,#7328);
#7330=EDGE_CURVE('',#6947,#7321,#7329,.T.);
#7331=ORIENTED_EDGE('',*,*,#7330,.F.);
#7332=ORIENTED_EDGE('',*,*,#6951,.F.);
#7333=ORIENTED_EDGE('',*,*,#7308,.T.);
#7334=EDGE_LOOP('',(#7326,#7331,#7332,#7333));
#7335=FACE_OUTER_BOUND('',#7334,.T.);
#7336=CARTESIAN_POINT('',(-22.48542,0.,-11.42857));
#7337=DIRECTION('',(-0.94602,0.07445,0.31544));
#7338=DIRECTION('',(0.31631,0.,0.94865));
#7339=AXIS2_PLACEMENT_3D('',#7336,#7337,#7338);
#7340=PLANE('',#7339);
#7341=ADVANCED_FACE('',(#7335),#7340,.T.);
#7342=CARTESIAN_POINT('',(-20.87012,0.,-5.71429));
#7343=VERTEX_POINT('',#7342);
#7344=DIRECTION('',(0.22593,0.,0.97414));
#7345=VECTOR('',#7344,2.93298);
#7346=LINE('',#7320,#7345);
#7347=EDGE_CURVE('',#7321,#7343,#7346,.T.);
#7348=ORIENTED_EDGE('',*,*,#7347,.T.);
#7349=DIRECTION('',(-0.07846,-0.99692,0.));
#7350=VECTOR('',#7349,3.2749);
#7351=LINE('',#6968,#7350);
#7352=EDGE_CURVE('',#6969,#7343,#7351,.T.);
#7353=ORIENTED_EDGE('',*,*,#7352,.F.);
#7354=ORIENTED_EDGE('',*,*,#6973,.F.);
#7355=ORIENTED_EDGE('',*,*,#7330,.T.);
#7356=EDGE_LOOP('',(#7348,#7353,#7354,#7355));
#7357=FACE_OUTER_BOUND('',#7356,.T.);
#7358=CARTESIAN_POINT('',(-21.53275,0.,-8.57143));
#7359=DIRECTION('',(-0.97129,0.07644,0.22526));
#7360=DIRECTION('',(0.22593,0.,0.97414));
#7361=AXIS2_PLACEMENT_3D('',#7358,#7359,#7360);
#7362=PLANE('',#7361);
#7363=ADVANCED_FACE('',(#7357),#7362,.T.);
#7364=CARTESIAN_POINT('',(-20.47923,0.,-2.85714));
#7365=VERTEX_POINT('',#7364);
#7366=DIRECTION('',(0.13555,0.,0.99077));
#7367=VECTOR('',#7366,2.88376);
#7368=LINE('',#7342,#7367);
#7369=EDGE_CURVE('',#7343,#7365,#7368,.T.);
#7370=ORIENTED_EDGE('',*,*,#7369,.T.);
#7371=DIRECTION('',(-0.07846,-0.99692,0.));
#7372=VECTOR('',#7371,3.21356);
#7373=LINE('',#6990,#7372);
#7374=EDGE_CURVE('',#6991,#7365,#7373,.T.);
#7375=ORIENTED_EDGE('',*,*,#7374,.F.);
#7376=ORIENTED_EDGE('',*,*,#6995,.F.);
#7377=ORIENTED_EDGE('',*,*,#7352,.T.);
#7378=EDGE_LOOP('',(#7370,#7375,#7376,#7377));
#7379=FACE_OUTER_BOUND('',#7378,.T.);
#7380=CARTESIAN_POINT('',(-20.87012,0.,-5.71429));
#7381=DIRECTION('',(-0.98777,0.07774,0.13514));
#7382=DIRECTION('',(0.13555,0.,0.99077));
#7383=AXIS2_PLACEMENT_3D('',#7380,#7381,#7382);
#7384=PLANE('',#7383);
#7385=ADVANCED_FACE('',(#7379),#7384,.T.);
#7386=CARTESIAN_POINT('',(-20.35,0.,0.));
#7387=VERTEX_POINT('',#7386);
#7388=DIRECTION('',(0.04518,0.,0.99898));
#7389=VECTOR('',#7388,2.86006);
#7390=LINE('',#7364,#7389);
#7391=EDGE_CURVE('',#7365,#7387,#7390,.T.);
#7392=ORIENTED_EDGE('',*,*,#7391,.T.);
#7393=DIRECTION('',(-0.07846,-0.99692,0.));
#7394=VECTOR('',#7393,3.19329);
#7395=LINE('',#7012,#7394);
#7396=EDGE_CURVE('',#7013,#7387,#7395,.T.);
#7397=ORIENTED_EDGE('',*,*,#7396,.F.);
#7398=ORIENTED_EDGE('',*,*,#7017,.F.);
#7399=ORIENTED_EDGE('',*,*,#7374,.T.);
#7400=EDGE_LOOP('',(#7392,#7397,#7398,#7399));
#7401=FACE_OUTER_BOUND('',#7400,.T.);
#7402=CARTESIAN_POINT('',(-20.47923,0.,-2.85714));
#7403=DIRECTION('',(-0.99591,0.07838,0.04504));
#7404=DIRECTION('',(0.04518,0.,0.99898));
#7405=AXIS2_PLACEMENT_3D('',#7402,#7403,#7404);
#7406=PLANE('',#7405);
#7407=ADVANCED_FACE('',(#7401),#7406,.T.);
#7408=CARTESIAN_POINT('',(-20.47923,0.,2.85714));
#7409=VERTEX_POINT('',#7408);
#7410=DIRECTION('',(-0.04518,0.,0.99898));
#7411=VECTOR('',#7410,2.86006);
#7412=LINE('',#7386,#7411);
#7413=EDGE_CURVE('',#7387,#7409,#7412,.T.);
#7414=ORIENTED_EDGE('',*,*,#7413,.T.);
#7415=DIRECTION('',(-0.07846,-0.99692,0.));
#7416=VECTOR('',#7415,3.21356);
#7417=LINE('',#7034,#7416);
#7418=EDGE_CURVE('',#7035,#7409,#7417,.T.);
#7419=ORIENTED_EDGE('',*,*,#7418,.F.);
#7420=ORIENTED_EDGE('',*,*,#7039,.F.);
#7421=ORIENTED_EDGE('',*,*,#7396,.T.);
#7422=EDGE_LOOP('',(#7414,#7419,#7420,#7421));
#7423=FACE_OUTER_BOUND('',#7422,.T.);
#7424=CARTESIAN_POINT('',(-20.35,0.,0.));
#7425=DIRECTION('',(-0.99591,0.07838,-0.04504));
#7426=DIRECTION('',(-0.04518,0.,0.99898));
#7427=AXIS2_PLACEMENT_3D('',#7424,#7425,#7426);
#7428=PLANE('',#7427);
#7429=ADVANCED_FACE('',(#7423),#7428,.T.);
#7430=CARTESIAN_POINT('',(-20.87012,0.,5.71429));
#7431=VERTEX_POINT('',#7430);
#7432=DIRECTION('',(-0.13555,0.,0.99077));
#7433=VECTOR('',#7432,2.88376);
#7434=LINE('',#7408,#7433);
#7435=EDGE_CURVE('',#7409,#7431,#7434,.T.);
#7436=ORIENTED_EDGE('',*,*,#7435,.T.);
#7437=DIRECTION('',(-0.07846,-0.99692,0.));
#7438=VECTOR('',#7437,3.2749);
#7439=LINE('',#7056,#7438);
#7440=EDGE_CURVE('',#7057,#7431,#7439,.T.);
#7441=ORIENTED_EDGE('',*,*,#7440,.F.);
#7442=ORIENTED_EDGE('',*,*,#7061,.F.);
#7443=ORIENTED_EDGE('',*,*,#7418,.T.);
#7444=EDGE_LOOP('',(#7436,#7441,#7442,#7443));
#7445=FACE_OUTER_BOUND('',#7444,.T.);
#7446=CARTESIAN_POINT('',(-20.47923,0.,2.85714));
#7447=DIRECTION('',(-0.98777,0.07774,-0.13514));
#7448=DIRECTION('',(-0.13555,0.,0.99077));
#7449=AXIS2_PLACEMENT_3D('',#7446,#7447,#7448);
#7450=PLANE('',#7449);
#7451=ADVANCED_FACE('',(#7445),#7450,.T.);
#7452=CARTESIAN_POINT('',(-21.53275,0.,8.57143));
#7453=VERTEX_POINT('',#7452);
#7454=DIRECTION('',(-0.22593,0.,0.97414));
#7455=VECTOR('',#7454,2.93298);
#7456=LINE('',#7430,#7455);
#7457=EDGE_CURVE('',#7431,#7453,#7456,.T.);
#7458=ORIENTED_EDGE('',*,*,#7457,.T.);
#7459=DIRECTION('',(-0.07846,-0.99692,0.));
#7460=VECTOR('',#7459,3.37888);
#7461=LINE('',#7078,#7460);
#7462=EDGE_CURVE('',#7079,#7453,#7461,.T.);
#7463=ORIENTED_EDGE('',*,*,#7462,.F.);
#7464=ORIENTED_EDGE('',*,*,#7083,.F.);
#7465=ORIENTED_EDGE('',*,*,#7440,.T.);
#7466=EDGE_LOOP('',(#7458,#7463,#7464,#7465));
#7467=FACE_OUTER_BOUND('',#7466,.T.);
#7468=CARTESIAN_POINT('',(-20.87012,0.,5.71429));
#7469=DIRECTION('',(-0.97129,0.07644,-0.22526));
#7470=DIRECTION('',(-0.22593,0.,0.97414));
#7471=AXIS2_PLACEMENT_3D('',#7468,#7469,#7470);
#7472=PLANE('',#7471);
#7473=ADVANCED_FACE('',(#7467),#7472,.T.);
#7474=CARTESIAN_POINT('',(-22.48542,0.,11.42857));
#7475=VERTEX_POINT('',#7474);
#7476=DIRECTION('',(-0.31631,0.,0.94865));
#7477=VECTOR('',#7476,3.01178);
#7478=LINE('',#7452,#7477);
#7479=EDGE_CURVE('',#7453,#7475,#7478,.T.);
#7480=ORIENTED_EDGE('',*,*,#7479,.T.);
#7481=DIRECTION('',(-0.07846,-0.99692,0.));
#7482=VECTOR('',#7481,3.52837);
#7483=LINE('',#7100,#7482);
#7484=EDGE_CURVE('',#7101,#7475,#7483,.T.);
#7485=ORIENTED_EDGE('',*,*,#7484,.F.);
#7486=ORIENTED_EDGE('',*,*,#7105,.F.);
#7487=ORIENTED_EDGE('',*,*,#7462,.T.);
#7488=EDGE_LOOP('',(#7480,#7485,#7486,#7487));
#7489=FACE_OUTER_BOUND('',#7488,.T.);
#7490=CARTESIAN_POINT('',(-21.53275,0.,8.57143));
#7491=DIRECTION('',(-0.94602,0.07445,-0.31544));
#7492=DIRECTION('',(-0.31631,0.,0.94865));
#7493=AXIS2_PLACEMENT_3D('',#7490,#7491,#7492);
#7494=PLANE('',#7493);
#7495=ADVANCED_FACE('',(#7489),#7494,.T.);
#7496=CARTESIAN_POINT('',(-23.75746,0.,14.28571));
#7497=VERTEX_POINT('',#7496);
#7498=DIRECTION('',(-0.40673,0.,0.91355));
#7499=VECTOR('',#7498,3.12752);
#7500=LINE('',#7474,#7499);
#7501=EDGE_CURVE('',#7475,#7497,#7500,.T.);
#7502=ORIENTED_EDGE('',*,*,#7501,.T.);
#7503=DIRECTION('',(-0.07846,-0.99692,0.));
#7504=VECTOR('',#7503,3.72798);
#7505=LINE('',#7122,#7504);
#7506=EDGE_CURVE('',#7123,#7497,#7505,.T.);
#7507=ORIENTED_EDGE('',*,*,#7506,.F.);
#7508=ORIENTED_EDGE('',*,*,#7127,.F.);
#7509=ORIENTED_EDGE('',*,*,#7484,.T.);
#7510=EDGE_LOOP('',(#7502,#7507,#7508,#7509));
#7511=FACE_OUTER_BOUND('',#7510,.T.);
#7512=CARTESIAN_POINT('',(-22.48542,0.,11.42857));
#7513=DIRECTION('',(-0.9112,0.07171,-0.40568));
#7514=DIRECTION('',(-0.40673,0.,0.91355));
#7515=AXIS2_PLACEMENT_3D('',#7512,#7513,#7514);
#7516=PLANE('',#7515);
#7517=ADVANCED_FACE('',(#7511),#7516,.T.);
#7518=CARTESIAN_POINT('',(-25.39464,0.,17.14286));
#7519=VERTEX_POINT('',#7518);
#7520=DIRECTION('',(-0.49718,0.,0.86765));
#7521=VECTOR('',#7520,3.29297);
#7522=LINE('',#7496,#7521);
#7523=EDGE_CURVE('',#7497,#7519,#7522,.T.);
#7524=ORIENTED_EDGE('',*,*,#7523,.T.);
#7525=DIRECTION('',(-0.07846,-0.99692,0.));
#7526=VECTOR('',#7525,3.98488);
#7527=LINE('',#7144,#7526);
#7528=EDGE_CURVE('',#7145,#7519,#7527,.T.);
#7529=ORIENTED_EDGE('',*,*,#7528,.F.);
#7530=ORIENTED_EDGE('',*,*,#7149,.F.);
#7531=ORIENTED_EDGE('',*,*,#7506,.T.);
#7532=EDGE_LOOP('',(#7524,#7529,#7530,#7531));
#7533=FACE_OUTER_BOUND('',#7532,.T.);
#7534=CARTESIAN_POINT('',(-23.75746,0.,14.28571));
#7535=DIRECTION('',(-0.86563,0.06813,-0.49602));
#7536=DIRECTION('',(-0.49718,0.,0.86765));
#7537=AXIS2_PLACEMENT_3D('',#7534,#7535,#7536);
#7538=PLANE('',#7537);
#7539=ADVANCED_FACE('',(#7533),#7538,.T.);
#7540=CARTESIAN_POINT('',(-27.46997,0.,20.));
#7541=VERTEX_POINT('',#7540);
#7542=DIRECTION('',(-0.58769,0.,0.80909));
#7543=VECTOR('',#7542,3.53132);
#7544=LINE('',#7518,#7543);
#7545=EDGE_CURVE('',#7519,#7541,#7544,.T.);
#7546=ORIENTED_EDGE('',*,*,#7545,.T.);
#7547=DIRECTION('',(-0.07846,-0.99692,0.));
#7548=VECTOR('',#7547,4.31054);
#7549=LINE('',#7166,#7548);
#7550=EDGE_CURVE('',#7167,#7541,#7549,.T.);
#7551=ORIENTED_EDGE('',*,*,#7550,.F.);
#7552=ORIENTED_EDGE('',*,*,#7171,.F.);
#7553=ORIENTED_EDGE('',*,*,#7528,.T.);
#7554=EDGE_LOOP('',(#7546,#7551,#7552,#7553));
#7555=FACE_OUTER_BOUND('',#7554,.T.);
#7556=CARTESIAN_POINT('',(-25.39464,0.,17.14286));
#7557=DIRECTION('',(-0.80745,0.06355,-0.5865));
#7558=DIRECTION('',(-0.58769,0.,0.80909));
#7559=AXIS2_PLACEMENT_3D('',#7556,#7557,#7558);
#7560=PLANE('',#7559);
#7561=ADVANCED_FACE('',(#7555),#7560,.T.);
#7562=CARTESIAN_POINT('',(-5.5,0.,20.));
#7563=VERTEX_POINT('',#7562);
#7564=DIRECTION('',(1.,0.,0.));
#7565=VECTOR('',#7564,21.96997);
#7566=LINE('',#7540,#7565);
#7567=EDGE_CURVE('',#7541,#7563,#7566,.T.);
#7568=ORIENTED_EDGE('',*,*,#7567,.T.);
#7569=DIRECTION('',(-0.07846,-0.99692,0.));
#7570=VECTOR('',#7569,0.86305);
#7571=LINE('',#7188,#7570);
#7572=EDGE_CURVE('',#7189,#7563,#7571,.T.);
#7573=ORIENTED_EDGE('',*,*,#7572,.F.);
#7574=ORIENTED_EDGE('',*,*,#7193,.F.);
#7575=ORIENTED_EDGE('',*,*,#7550,.T.);
#7576=EDGE_LOOP('',(#7568,#7573,#7574,#7575));
#7577=FACE_OUTER_BOUND('',#7576,.T.);
#7578=CARTESIAN_POINT('',(-27.46997,0.,20.));
#7579=DIRECTION('',(0.,0.,1.));
#7580=DIRECTION('',(1.,0.,0.));
#7581=AXIS2_PLACEMENT_3D('',#7578,#7579,#7580);
#7582=PLANE('',#7581);
#7583=ADVANCED_FACE('',(#7577),#7582,.T.);
#7584=DIRECTION('',(0.,0.,1.));
#7585=VECTOR('',#7584,40.);
#7586=LINE('',#7226,#7585);
#7587=EDGE_CURVE('',#7227,#7563,#7586,.T.);
#7588=ORIENTED_EDGE('',*,*,#7587,.F.);
#7589=ORIENTED_EDGE('',*,*,#7244,.F.);
#7590=ORIENTED_EDGE('',*,*,#7213,.T.);
#7591=ORIENTED_EDGE('',*,*,#7572,.T.);
#7592=EDGE_LOOP('',(#7588,#7589,#7590,#7591));
#7593=FACE_OUTER_BOUND('',#7592,.T.);
#7594=CARTESIAN_POINT('',(-5.5,0.,20.));
#7595=DIRECTION('',(0.99692,-0.07846,0.));
#7596=DIRECTION('',(0.,0.,-1.));
#7597=AXIS2_PLACEMENT_3D('',#7594,#7595,#7596);
#7598=PLANE('',#7597);
#7599=ADVANCED_FACE('',(#7593),#7598,.T.);
#7600=CARTESIAN_POINT('',(-5.43229,-0.86039,-20.));
#7601=VERTEX_POINT('',#7600);
#7602=CARTESIAN_POINT('',(-27.13177,-4.29725,-20.));
#7603=VERTEX_POINT('',#7602);
#7604=DIRECTION('',(-0.98769,-0.15643,0.));
#7605=VECTOR('',#7604,21.96997);
#7606=LINE('',#7600,#7605);
#7607=EDGE_CURVE('',#7601,#7603,#7606,.T.);
#7608=ORIENTED_EDGE('',*,*,#7607,.T.);
#7609=DIRECTION('',(0.07846,-0.99692,0.));
#7610=VECTOR('',#7609,4.31054);
#7611=LINE('',#7228,#7610);
#7612=EDGE_CURVE('',#7229,#7603,#7611,.T.);
#7613=ORIENTED_EDGE('',*,*,#7612,.F.);
#7614=ORIENTED_EDGE('',*,*,#7233,.F.);
#7615=DIRECTION('',(0.07846,-0.99692,0.));
#7616=VECTOR('',#7615,0.86305);
#7617=LINE('',#7226,#7616);
#7618=EDGE_CURVE('',#7227,#7601,#7617,.T.);
#7619=ORIENTED_EDGE('',*,*,#7618,.T.);
#7620=EDGE_LOOP('',(#7608,#7613,#7614,#7619));
#7621=FACE_OUTER_BOUND('',#7620,.T.);
#7622=CARTESIAN_POINT('',(-5.43229,-0.86039,-20.));
#7623=DIRECTION('',(0.,0.,-1.));
#7624=DIRECTION('',(-0.98769,-0.15643,0.));
#7625=AXIS2_PLACEMENT_3D('',#7622,#7623,#7624);
#7626=PLANE('',#7625);
#7627=ADVANCED_FACE('',(#7621),#7626,.T.);
#7628=CARTESIAN_POINT('',(-25.08199,-3.9726,-17.14286));
#7629=VERTEX_POINT('',#7628);
#7630=DIRECTION('',(0.58045,0.09194,0.80909));
#7631=VECTOR('',#7630,3.53132);
#7632=LINE('',#7602,#7631);
#7633=EDGE_CURVE('',#7603,#7629,#7632,.T.);
#7634=ORIENTED_EDGE('',*,*,#7633,.T.);
#7635=DIRECTION('',(0.07846,-0.99692,0.));
#7636=VECTOR('',#7635,3.98488);
#7637=LINE('',#7254,#7636);
#7638=EDGE_CURVE('',#7255,#7629,#7637,.T.);
#7639=ORIENTED_EDGE('',*,*,#7638,.F.);
#7640=ORIENTED_EDGE('',*,*,#7259,.F.);
#7641=ORIENTED_EDGE('',*,*,#7612,.T.);
#7642=EDGE_LOOP('',(#7634,#7639,#7640,#7641));
#7643=FACE_OUTER_BOUND('',#7642,.T.);
#7644=CARTESIAN_POINT('',(-27.13177,-4.29725,-20.));
#7645=DIRECTION('',(-0.80745,-0.06355,0.5865));
#7646=DIRECTION('',(0.58045,0.09194,0.80909));
#7647=AXIS2_PLACEMENT_3D('',#7644,#7645,#7646);
#7648=PLANE('',#7647);
#7649=ADVANCED_FACE('',(#7643),#7648,.T.);
#7650=CARTESIAN_POINT('',(-23.46497,-3.71649,-14.28571));
#7651=VERTEX_POINT('',#7650);
#7652=DIRECTION('',(0.49105,0.07778,0.86765));
#7653=VECTOR('',#7652,3.29297);
#7654=LINE('',#7628,#7653);
#7655=EDGE_CURVE('',#7629,#7651,#7654,.T.);
#7656=ORIENTED_EDGE('',*,*,#7655,.T.);
#7657=DIRECTION('',(0.07846,-0.99692,0.));
#7658=VECTOR('',#7657,3.72798);
#7659=LINE('',#7276,#7658);
#7660=EDGE_CURVE('',#7277,#7651,#7659,.T.);
#7661=ORIENTED_EDGE('',*,*,#7660,.F.);
#7662=ORIENTED_EDGE('',*,*,#7281,.F.);
#7663=ORIENTED_EDGE('',*,*,#7638,.T.);
#7664=EDGE_LOOP('',(#7656,#7661,#7662,#7663));
#7665=FACE_OUTER_BOUND('',#7664,.T.);
#7666=CARTESIAN_POINT('',(-25.08199,-3.9726,-17.14286));
#7667=DIRECTION('',(-0.86563,-0.06813,0.49602));
#7668=DIRECTION('',(0.49105,0.07778,0.86765));
#7669=AXIS2_PLACEMENT_3D('',#7666,#7667,#7668);
#7670=PLANE('',#7669);
#7671=ADVANCED_FACE('',(#7665),#7670,.T.);
#7672=CARTESIAN_POINT('',(-22.20859,-3.5175,-11.42857));
#7673=VERTEX_POINT('',#7672);
#7674=DIRECTION('',(0.40172,0.06363,0.91355));
#7675=VECTOR('',#7674,3.12752);
#7676=LINE('',#7650,#7675);
#7677=EDGE_CURVE('',#7651,#7673,#7676,.T.);
#7678=ORIENTED_EDGE('',*,*,#7677,.T.);
#7679=DIRECTION('',(0.07846,-0.99692,0.));
#7680=VECTOR('',#7679,3.52837);
#7681=LINE('',#7298,#7680);
#7682=EDGE_CURVE('',#7299,#7673,#7681,.T.);
#7683=ORIENTED_EDGE('',*,*,#7682,.F.);
#7684=ORIENTED_EDGE('',*,*,#7303,.F.);
#7685=ORIENTED_EDGE('',*,*,#7660,.T.);
#7686=EDGE_LOOP('',(#7678,#7683,#7684,#7685));
#7687=FACE_OUTER_BOUND('',#7686,.T.);
#7688=CARTESIAN_POINT('',(-23.46497,-3.71649,-14.28571));
#7689=DIRECTION('',(-0.9112,-0.07171,0.40568));
#7690=DIRECTION('',(0.40172,0.06363,0.91355));
#7691=AXIS2_PLACEMENT_3D('',#7688,#7689,#7690);
#7692=PLANE('',#7691);
#7693=ADVANCED_FACE('',(#7687),#7692,.T.);
#7694=CARTESIAN_POINT('',(-21.26765,-3.36846,-8.57143));
#7695=VERTEX_POINT('',#7694);
#7696=DIRECTION('',(0.31242,0.04948,0.94865));
#7697=VECTOR('',#7696,3.01178);
#7698=LINE('',#7672,#7697);
#7699=EDGE_CURVE('',#7673,#7695,#7698,.T.);
#7700=ORIENTED_EDGE('',*,*,#7699,.T.);
#7701=DIRECTION('',(0.07846,-0.99692,0.));
#7702=VECTOR('',#7701,3.37888);
#7703=LINE('',#7320,#7702);
#7704=EDGE_CURVE('',#7321,#7695,#7703,.T.);
#7705=ORIENTED_EDGE('',*,*,#7704,.F.);
#7706=ORIENTED_EDGE('',*,*,#7325,.F.);
#7707=ORIENTED_EDGE('',*,*,#7682,.T.);
#7708=EDGE_LOOP('',(#7700,#7705,#7706,#7707));
#7709=FACE_OUTER_BOUND('',#7708,.T.);
#7710=CARTESIAN_POINT('',(-22.20859,-3.5175,-11.42857));
#7711=DIRECTION('',(-0.94602,-0.07445,0.31544));
#7712=DIRECTION('',(0.31242,0.04948,0.94865));
#7713=AXIS2_PLACEMENT_3D('',#7710,#7711,#7712);
#7714=PLANE('',#7713);
#7715=ADVANCED_FACE('',(#7709),#7714,.T.);
#7716=CARTESIAN_POINT('',(-20.61317,-3.26481,-5.71429));
#7717=VERTEX_POINT('',#7716);
#7718=DIRECTION('',(0.22314,0.03534,0.97414));
#7719=VECTOR('',#7718,2.93298);
#7720=LINE('',#7694,#7719);
#7721=EDGE_CURVE('',#7695,#7717,#7720,.T.);
#7722=ORIENTED_EDGE('',*,*,#7721,.T.);
#7723=DIRECTION('',(0.07846,-0.99692,0.));
#7724=VECTOR('',#7723,3.2749);
#7725=LINE('',#7342,#7724);
#7726=EDGE_CURVE('',#7343,#7717,#7725,.T.);
#7727=ORIENTED_EDGE('',*,*,#7726,.F.);
#7728=ORIENTED_EDGE('',*,*,#7347,.F.);
#7729=ORIENTED_EDGE('',*,*,#7704,.T.);
#7730=EDGE_LOOP('',(#7722,#7727,#7728,#7729));
#7731=FACE_OUTER_BOUND('',#7730,.T.);
#7732=CARTESIAN_POINT('',(-21.26765,-3.36846,-8.57143));
#7733=DIRECTION('',(-0.97129,-0.07644,0.22526));
#7734=DIRECTION('',(0.22314,0.03534,0.97414));
#7735=AXIS2_PLACEMENT_3D('',#7732,#7733,#7734);
#7736=PLANE('',#7735);
#7737=ADVANCED_FACE('',(#7731),#7736,.T.);
#7738=CARTESIAN_POINT('',(-20.22709,-3.20366,-2.85714));
#7739=VERTEX_POINT('',#7738);
#7740=DIRECTION('',(0.13388,0.0212,0.99077));
#7741=VECTOR('',#7740,2.88376);
#7742=LINE('',#7716,#7741);
#7743=EDGE_CURVE('',#7717,#7739,#7742,.T.);
#7744=ORIENTED_EDGE('',*,*,#7743,.T.);
#7745=DIRECTION('',(0.07846,-0.99692,0.));
#7746=VECTOR('',#7745,3.21356);
#7747=LINE('',#7364,#7746);
#7748=EDGE_CURVE('',#7365,#7739,#7747,.T.);
#7749=ORIENTED_EDGE('',*,*,#7748,.F.);
#7750=ORIENTED_EDGE('',*,*,#7369,.F.);
#7751=ORIENTED_EDGE('',*,*,#7726,.T.);
#7752=EDGE_LOOP('',(#7744,#7749,#7750,#7751));
#7753=FACE_OUTER_BOUND('',#7752,.T.);
#7754=CARTESIAN_POINT('',(-20.61317,-3.26481,-5.71429));
#7755=DIRECTION('',(-0.98777,-0.07774,0.13514));
#7756=DIRECTION('',(0.13388,0.0212,0.99077));
#7757=AXIS2_PLACEMENT_3D('',#7754,#7755,#7756);
#7758=PLANE('',#7757);
#7759=ADVANCED_FACE('',(#7753),#7758,.T.);
#7760=CARTESIAN_POINT('',(-20.09946,-3.18344,0.));
#7761=VERTEX_POINT('',#7760);
#7762=DIRECTION('',(0.04463,0.00707,0.99898));
#7763=VECTOR('',#7762,2.86006);
#7764=LINE('',#7738,#7763);
#7765=EDGE_CURVE('',#7739,#7761,#7764,.T.);
#7766=ORIENTED_EDGE('',*,*,#7765,.T.);
#7767=DIRECTION('',(0.07846,-0.99692,0.));
#7768=VECTOR('',#7767,3.19329);
#7769=LINE('',#7386,#7768);
#7770=EDGE_CURVE('',#7387,#7761,#7769,.T.);
#7771=ORIENTED_EDGE('',*,*,#7770,.F.);
#7772=ORIENTED_EDGE('',*,*,#7391,.F.);
#7773=ORIENTED_EDGE('',*,*,#7748,.T.);
#7774=EDGE_LOOP('',(#7766,#7771,#7772,#7773));
#7775=FACE_OUTER_BOUND('',#7774,.T.);
#7776=CARTESIAN_POINT('',(-20.22709,-3.20366,-2.85714));
#7777=DIRECTION('',(-0.99591,-0.07838,0.04504));
#7778=DIRECTION('',(0.04463,0.00707,0.99898));
#7779=AXIS2_PLACEMENT_3D('',#7776,#7777,#7778);
#7780=PLANE('',#7779);
#7781=ADVANCED_FACE('',(#7775),#7780,.T.);
#7782=CARTESIAN_POINT('',(-20.22709,-3.20366,2.85714));
#7783=VERTEX_POINT('',#7782);
#7784=DIRECTION('',(-0.04463,-0.00707,0.99898));
#7785=VECTOR('',#7784,2.86006);
#7786=LINE('',#7760,#7785);
#7787=EDGE_CURVE('',#7761,#7783,#7786,.T.);
#7788=ORIENTED_EDGE('',*,*,#7787,.T.);
#7789=DIRECTION('',(0.07846,-0.99692,0.));
#7790=VECTOR('',#7789,3.21356);
#7791=LINE('',#7408,#7790);
#7792=EDGE_CURVE('',#7409,#7783,#7791,.T.);
#7793=ORIENTED_EDGE('',*,*,#7792,.F.);
#7794=ORIENTED_EDGE('',*,*,#7413,.F.);
#7795=ORIENTED_EDGE('',*,*,#7770,.T.);
#7796=EDGE_LOOP('',(#7788,#7793,#7794,#7795));
#7797=FACE_OUTER_BOUND('',#7796,.T.);
#7798=CARTESIAN_POINT('',(-20.09946,-3.18344,0.));
#7799=DIRECTION('',(-0.99591,-0.07838,-0.04504));
#7800=DIRECTION('',(-0.04463,-0.00707,0.99898));
#7801=AXIS2_PLACEMENT_3D('',#7798,#7799,#7800);
#7802=PLANE('',#7801);
#7803=ADVANCED_FACE('',(#7797),#7802,.T.);
#7804=CARTESIAN_POINT('',(-20.61317,-3.26481,5.71429));
#7805=VERTEX_POINT('',#7804);
#7806=DIRECTION('',(-0.13388,-0.0212,0.99077));
#7807=VECTOR('',#7806,2.88376);
#7808=LINE('',#7782,#7807);
#7809=EDGE_CURVE('',#7783,#7805,#7808,.T.);
#7810=ORIENTED_EDGE('',*,*,#7809,.T.);
#7811=DIRECTION('',(0.07846,-0.99692,0.));
#7812=VECTOR('',#7811,3.2749);
#7813=LINE('',#7430,#7812);
#7814=EDGE_CURVE('',#7431,#7805,#7813,.T.);
#7815=ORIENTED_EDGE('',*,*,#7814,.F.);
#7816=ORIENTED_EDGE('',*,*,#7435,.F.);
#7817=ORIENTED_EDGE('',*,*,#7792,.T.);
#7818=EDGE_LOOP('',(#7810,#7815,#7816,#7817));
#7819=FACE_OUTER_BOUND('',#7818,.T.);
#7820=CARTESIAN_POINT('',(-20.22709,-3.20366,2.85714));
#7821=DIRECTION('',(-0.98777,-0.07774,-0.13514));
#7822=DIRECTION('',(-0.13388,-0.0212,0.99077));
#7823=AXIS2_PLACEMENT_3D('',#7820,#7821,#7822);
#7824=PLANE('',#7823);
#7825=ADVANCED_FACE('',(#7819),#7824,.T.);
#7826=CARTESIAN_POINT('',(-21.26765,-3.36846,8.57143));
#7827=VERTEX_POINT('',#7826);
#7828=DIRECTION('',(-0.22314,-0.03534,0.97414));
#7829=VECTOR('',#7828,2.93298);
#7830=LINE('',#7804,#7829);
#7831=EDGE_CURVE('',#7805,#7827,#7830,.T.);
#7832=ORIENTED_EDGE('',*,*,#7831,.T.);
#7833=DIRECTION('',(0.07846,-0.99692,0.));
#7834=VECTOR('',#7833,3.37888);
#7835=LINE('',#7452,#7834);
#7836=EDGE_CURVE('',#7453,#7827,#7835,.T.);
#7837=ORIENTED_EDGE('',*,*,#7836,.F.);
#7838=ORIENTED_EDGE('',*,*,#7457,.F.);
#7839=ORIENTED_EDGE('',*,*,#7814,.T.);
#7840=EDGE_LOOP('',(#7832,#7837,#7838,#7839));
#7841=FACE_OUTER_BOUND('',#7840,.T.);
#7842=CARTESIAN_POINT('',(-20.61317,-3.26481,5.71429));
#7843=DIRECTION('',(-0.97129,-0.07644,-0.22526));
#7844=DIRECTION('',(-0.22314,-0.03534,0.97414));
#7845=AXIS2_PLACEMENT_3D('',#7842,#7843,#7844);
#7846=PLANE('',#7845);
#7847=ADVANCED_FACE('',(#7841),#7846,.T.);
#7848=CARTESIAN_POINT('',(-22.20859,-3.5175,11.42857));
#7849=VERTEX_POINT('',#7848);
#7850=DIRECTION('',(-0.31242,-0.04948,0.94865));
#7851=VECTOR('',#7850,3.01178);
#7852=LINE('',#7826,#7851);
#7853=EDGE_CURVE('',#7827,#7849,#7852,.T.);
#7854=ORIENTED_EDGE('',*,*,#7853,.T.);
#7855=DIRECTION('',(0.07846,-0.99692,0.));
#7856=VECTOR('',#7855,3.52837);
#7857=LINE('',#7474,#7856);
#7858=EDGE_CURVE('',#7475,#7849,#7857,.T.);
#7859=ORIENTED_EDGE('',*,*,#7858,.F.);
#7860=ORIENTED_EDGE('',*,*,#7479,.F.);
#7861=ORIENTED_EDGE('',*,*,#7836,.T.);
#7862=EDGE_LOOP('',(#7854,#7859,#7860,#7861));
#7863=FACE_OUTER_BOUND('',#7862,.T.);
#7864=CARTESIAN_POINT('',(-21.26765,-3.36846,8.57143));
#7865=DIRECTION('',(-0.94602,-0.07445,-0.31544));
#7866=DIRECTION('',(-0.31242,-0.04948,0.94865));
#7867=AXIS2_PLACEMENT_3D('',#7864,#7865,#7866);
#7868=PLANE('',#7867);
#7869=ADVANCED_FACE('',(#7863),#7868,.T.);
#7870=CARTESIAN_POINT('',(-23.46497,-3.71649,14.28571));
#7871=VERTEX_POINT('',#7870);
#7872=DIRECTION('',(-0.40172,-0.06363,0.91355));
#7873=VECTOR('',#7872,3.12752);
#7874=LINE('',#7848,#7873);
#7875=EDGE_CURVE('',#7849,#7871,#7874,.T.);
#7876=ORIENTED_EDGE('',*,*,#7875,.T.);
#7877=DIRECTION('',(0.07846,-0.99692,0.));
#7878=VECTOR('',#7877,3.72798);
#7879=LINE('',#7496,#7878);
#7880=EDGE_CURVE('',#7497,#7871,#7879,.T.);
#7881=ORIENTED_EDGE('',*,*,#7880,.F.);
#7882=ORIENTED_EDGE('',*,*,#7501,.F.);
#7883=ORIENTED_EDGE('',*,*,#7858,.T.);
#7884=EDGE_LOOP('',(#7876,#7881,#7882,#7883));
#7885=FACE_OUTER_BOUND('',#7884,.T.);
#7886=CARTESIAN_POINT('',(-22.20859,-3.5175,11.42857));
#7887=DIRECTION('',(-0.9112,-0.07171,-0.40568));
#7888=DIRECTION('',(-0.40172,-0.06363,0.91355));
#7889=AXIS2_PLACEMENT_3D('',#7886,#7887,#7888);
#7890=PLANE('',#7889);
#7891=ADVANCED_FACE('',(#7885),#7890,.T.);
#7892=CARTESIAN_POINT('',(-25.08199,-3.9726,17.14286));
#7893=VERTEX_POINT('',#7892);
#7894=DIRECTION('',(-0.49105,-0.07778,0.86765));
#7895=VECTOR('',#7894,3.29297);
#7896=LINE('',#7870,#7895);
#7897=EDGE_CURVE('',#7871,#7893,#7896,.T.);
#7898=ORIENTED_EDGE('',*,*,#7897,.T.);
#7899=DIRECTION('',(0.07846,-0.99692,0.));
#7900=VECTOR('',#7899,3.98488);
#7901=LINE('',#7518,#7900);
#7902=EDGE_CURVE('',#7519,#7893,#7901,.T.);
#7903=ORIENTED_EDGE('',*,*,#7902,.F.);
#7904=ORIENTED_EDGE('',*,*,#7523,.F.);
#7905=ORIENTED_EDGE('',*,*,#7880,.T.);
#7906=EDGE_LOOP('',(#7898,#7903,#7904,#7905));
#7907=FACE_OUTER_BOUND('',#7906,.T.);
#7908=CARTESIAN_POINT('',(-23.46497,-3.71649,14.28571));
#7909=DIRECTION('',(-0.86563,-0.06813,-0.49602));
#7910=DIRECTION('',(-0.49105,-0.07778,0.86765));
#7911=AXIS2_PLACEMENT_3D('',#7908,#7909,#7910);
#7912=PLANE('',#7911);
#7913=ADVANCED_FACE('',(#7907),#7912,.T.);
#7914=CARTESIAN_POINT('',(-27.13177,-4.29725,20.));
#7915=VERTEX_POINT('',#7914);
#7916=DIRECTION('',(-0.58045,-0.09194,0.80909));
#7917=VECTOR('',#7916,3.53132);
#7918=LINE('',#7892,#7917);
#7919=EDGE_CURVE('',#7893,#7915,#7918,.T.);
#7920=ORIENTED_EDGE('',*,*,#7919,.T.);
#7921=DIRECTION('',(0.07846,-0.99692,0.));
#7922=VECTOR('',#7921,4.31054);
#7923=LINE('',#7540,#7922);
#7924=EDGE_CURVE('',#7541,#7915,#7923,.T.);
#7925=ORIENTED_EDGE('',*,*,#7924,.F.);
#7926=ORIENTED_EDGE('',*,*,#7545,.F.);
#7927=ORIENTED_EDGE('',*,*,#7902,.T.);
#7928=EDGE_LOOP('',(#7920,#7925,#7926,#7927));
#7929=FACE_OUTER_BOUND('',#7928,.T.);
#7930=CARTESIAN_POINT('',(-25.08199,-3.9726,17.14286));
#7931=DIRECTION('',(-0.80745,-0.06355,-0.5865));
#7932=DIRECTION('',(-0.58045,-0.09194,0.80909));
#7933=AXIS2_PLACEMENT_3D('',#7930,#7931,#7932);
#7934=PLANE('',#7933);
#7935=ADVANCED_FACE('',(#7929),#7934,.T.);
#7936=CARTESIAN_POINT('',(-5.43229,-0.86039,20.));
#7937=VERTEX_POINT('',#7936);
#7938=DIRECTION('',(0.98769,0.15643,0.));
#7939=VECTOR('',#7938,21.96997);
#7940=LINE('',#7914,#7939);
#7941=EDGE_CURVE('',#7915,#7937,#7940,.T.);
#7942=ORIENTED_EDGE('',*,*,#7941,.T.);
#7943=DIRECTION('',(0.07846,-0.99692,0.));
#7944=VECTOR('',#7943,0.86305);
#7945=LINE('',#7562,#7944);
#7946=EDGE_CURVE('',#7563,#7937,#7945,.T.);
#7947=ORIENTED_EDGE('',*,*,#7946,.F.);
#7948=ORIENTED_EDGE('',*,*,#7567,.F.);
#7949=ORIENTED_EDGE('',*,*,#7924,.T.);
#7950=EDGE_LOOP('',(#7942,#7947,#7948,#7949));
#7951=FACE_OUTER_BOUND('',#7950,.T.);
#7952=CARTESIAN_POINT('',(-27.13177,-4.29725,20.));
#7953=DIRECTION('',(0.,0.,1.));
#7954=DIRECTION('',(0.98769,0.15643,0.));
#7955=AXIS2_PLACEMENT_3D('',#7952,#7953,#7954);
#7956=PLANE('',#7955);
#7957=ADVANCED_FACE('',(#7951),#7956,.T.);
#7958=DIRECTION('',(0.,0.,1.));
#7959=VECTOR('',#7958,40.);
#7960=LINE('',#7600,#7959);
#7961=EDGE_CURVE('',#7601,#7937,#7960,.T.);
#7962=ORIENTED_EDGE('',*,*,#7961,.F.);
#7963=ORIENTED_EDGE('',*,*,#7618,.F.);
#7964=ORIENTED_EDGE('',*,*,#7587,.T.);
#7965=ORIENTED_EDGE('',*,*,#7946,.T.);
#7966=EDGE_LOOP('',(#7962,#7963,#7964,#7965));
#7967=FACE_OUTER_BOUND('',#7966,.T.);
#7968=CARTESIAN_POINT('',(-5.43229,-0.86039,20.));
#7969=DIRECTION('',(0.99692,0.07846,0.));
#7970=DIRECTION('',(0.,0.,-1.));
#7971=AXIS2_PLACEMENT_3D('',#7968,#7969,#7970);
#7972=PLANE('',#7971);
#7973=ADVANCED_FACE('',(#7967),#7972,.T.);
#7974=CARTESIAN_POINT('',(-5.23081,-1.69959,-20.));
#7975=VERTEX_POINT('',#7974);
#7976=CARTESIAN_POINT('',(-26.12549,-8.48869,-20.));
#7977=VERTEX_POINT('',#7976);
#7978=DIRECTION('',(-0.95106,-0.30902,0.));
#7979=VECTOR('',#7978,21.96997);
#7980=LINE('',#7974,#7979);
#7981=EDGE_CURVE('',#7975,#7977,#7980,.T.);
#7982=ORIENTED_EDGE('',*,*,#7981,.T.);
#7983=DIRECTION('',(0.23345,-0.97237,0.));
#7984=VECTOR('',#7983,4.31054);
#7985=LINE('',#7602,#7984);
#7986=EDGE_CURVE('',#7603,#7977,#7985,.T.);
#7987=ORIENTED_EDGE('',*,*,#7986,.F.);
#7988=ORIENTED_EDGE('',*,*,#7607,.F.);
#7989=DIRECTION('',(0.23345,-0.97237,0.));
#7990=VECTOR('',#7989,0.86305);
#7991=LINE('',#7600,#7990);
#7992=EDGE_CURVE('',#7601,#7975,#7991,.T.);
#7993=ORIENTED_EDGE('',*,*,#7992,.T.);
#7994=EDGE_LOOP('',(#7982,#7987,#7988,#7993));
#7995=FACE_OUTER_BOUND('',#7994,.T.);
#7996=CARTESIAN_POINT('',(-5.23081,-1.69959,-20.));
#7997=DIRECTION('',(0.,0.,-1.));
#7998=DIRECTION('',(-0.95106,-0.30902,0.));
#7999=AXIS2_PLACEMENT_3D('',#7996,#7997,#7998);
#8000=PLANE('',#7999);
#8001=ADVANCED_FACE('',(#7995),#8000,.T.);
#8002=CARTESIAN_POINT('',(-24.15174,-7.84738,-17.14286));
#8003=VERTEX_POINT('',#8002);
#8004=DIRECTION('',(0.55893,0.18161,0.80909));
#8005=VECTOR('',#8004,3.53132);
#8006=LINE('',#7976,#8005);
#8007=EDGE_CURVE('',#7977,#8003,#8006,.T.);
#8008=ORIENTED_EDGE('',*,*,#8007,.T.);
#8009=DIRECTION('',(0.23345,-0.97237,0.));
#8010=VECTOR('',#8009,3.98488);
#8011=LINE('',#7628,#8010);
#8012=EDGE_CURVE('',#7629,#8003,#8011,.T.);
#8013=ORIENTED_EDGE('',*,*,#8012,.F.);
#8014=ORIENTED_EDGE('',*,*,#7633,.F.);
#8015=ORIENTED_EDGE('',*,*,#7986,.T.);
#8016=EDGE_LOOP('',(#8008,#8013,#8014,#8015));
#8017=FACE_OUTER_BOUND('',#8016,.T.);
#8018=CARTESIAN_POINT('',(-26.12549,-8.48869,-20.));
#8019=DIRECTION('',(-0.78757,-0.18908,0.5865));
#8020=DIRECTION('',(0.55893,0.18161,0.80909));
#8021=AXIS2_PLACEMENT_3D('',#8018,#8019,#8020);
#8022=PLANE('',#8021);
#8023=ADVANCED_FACE('',(#8017),#8022,.T.);
#8024=CARTESIAN_POINT('',(-22.59469,-7.34146,-14.28571));
#8025=VERTEX_POINT('',#8024);
#8026=DIRECTION('',(0.47284,0.15364,0.86765));
#8027=VECTOR('',#8026,3.29297);
#8028=LINE('',#8002,#8027);
#8029=EDGE_CURVE('',#8003,#8025,#8028,.T.);
#8030=ORIENTED_EDGE('',*,*,#8029,.T.);
#8031=DIRECTION('',(0.23345,-0.97237,0.));
#8032=VECTOR('',#8031,3.72798);
#8033=LINE('',#7650,#8032);
#8034=EDGE_CURVE('',#7651,#8025,#8033,.T.);
#8035=ORIENTED_EDGE('',*,*,#8034,.F.);
#8036=ORIENTED_EDGE('',*,*,#7655,.F.);
#8037=ORIENTED_EDGE('',*,*,#8012,.T.);
#8038=EDGE_LOOP('',(#8030,#8035,#8036,#8037));
#8039=FACE_OUTER_BOUND('',#8038,.T.);
#8040=CARTESIAN_POINT('',(-24.15174,-7.84738,-17.14286));
#8041=DIRECTION('',(-0.84432,-0.2027,0.49602));
#8042=DIRECTION('',(0.47284,0.15364,0.86765));
#8043=AXIS2_PLACEMENT_3D('',#8040,#8041,#8042);
#8044=PLANE('',#8043);
#8045=ADVANCED_FACE('',(#8039),#8044,.T.);
#8046=CARTESIAN_POINT('',(-21.38491,-6.94838,-11.42857));
#8047=VERTEX_POINT('',#8046);
#8048=DIRECTION('',(0.38682,0.12569,0.91355));
#8049=VECTOR('',#8048,3.12752);
#8050=LINE('',#8024,#8049);
#8051=EDGE_CURVE('',#8025,#8047,#8050,.T.);
#8052=ORIENTED_EDGE('',*,*,#8051,.T.);
#8053=DIRECTION('',(0.23345,-0.97237,0.));
#8054=VECTOR('',#8053,3.52837);
#8055=LINE('',#7672,#8054);
#8056=EDGE_CURVE('',#7673,#8047,#8055,.T.);
#8057=ORIENTED_EDGE('',*,*,#8056,.F.);
#8058=ORIENTED_EDGE('',*,*,#7677,.F.);
#8059=ORIENTED_EDGE('',*,*,#8034,.T.);
#8060=EDGE_LOOP('',(#8052,#8057,#8058,#8059));
#8061=FACE_OUTER_BOUND('',#8060,.T.);
#8062=CARTESIAN_POINT('',(-22.59469,-7.34146,-14.28571));
#8063=DIRECTION('',(-0.88876,-0.21337,0.40568));
#8064=DIRECTION('',(0.38682,0.12569,0.91355));
#8065=AXIS2_PLACEMENT_3D('',#8062,#8063,#8064);
#8066=PLANE('',#8065);
#8067=ADVANCED_FACE('',(#8061),#8066,.T.);
#8068=CARTESIAN_POINT('',(-20.47887,-6.65399,-8.57143));
#8069=VERTEX_POINT('',#8068);
#8070=DIRECTION('',(0.30083,0.09775,0.94865));
#8071=VECTOR('',#8070,3.01178);
#8072=LINE('',#8046,#8071);
#8073=EDGE_CURVE('',#8047,#8069,#8072,.T.);
#8074=ORIENTED_EDGE('',*,*,#8073,.T.);
#8075=DIRECTION('',(0.23345,-0.97237,0.));
#8076=VECTOR('',#8075,3.37888);
#8077=LINE('',#7694,#8076);
#8078=EDGE_CURVE('',#7695,#8069,#8077,.T.);
#8079=ORIENTED_EDGE('',*,*,#8078,.F.);
#8080=ORIENTED_EDGE('',*,*,#7699,.F.);
#8081=ORIENTED_EDGE('',*,*,#8056,.T.);
#8082=EDGE_LOOP('',(#8074,#8079,#8080,#8081));
#8083=FACE_OUTER_BOUND('',#8082,.T.);
#8084=CARTESIAN_POINT('',(-21.38491,-6.94838,-11.42857));
#8085=DIRECTION('',(-0.92273,-0.22153,0.31544));
#8086=DIRECTION('',(0.30083,0.09775,0.94865));
#8087=AXIS2_PLACEMENT_3D('',#8084,#8085,#8086);
#8088=PLANE('',#8087);
#8089=ADVANCED_FACE('',(#8083),#8088,.T.);
#8090=CARTESIAN_POINT('',(-19.84866,-6.44922,-5.71429));
#8091=VERTEX_POINT('',#8090);
#8092=DIRECTION('',(0.21487,0.06981,0.97414));
#8093=VECTOR('',#8092,2.93298);
#8094=LINE('',#8068,#8093);
#8095=EDGE_CURVE('',#8069,#8091,#8094,.T.);
#8096=ORIENTED_EDGE('',*,*,#8095,.T.);
#8097=DIRECTION('',(0.23345,-0.97237,0.));
#8098=VECTOR('',#8097,3.2749);
#8099=LINE('',#7716,#8098);
#8100=EDGE_CURVE('',#7717,#8091,#8099,.T.);
#8101=ORIENTED_EDGE('',*,*,#8100,.F.);
#8102=ORIENTED_EDGE('',*,*,#7721,.F.);
#8103=ORIENTED_EDGE('',*,*,#8078,.T.);
#8104=EDGE_LOOP('',(#8096,#8101,#8102,#8103));
#8105=FACE_OUTER_BOUND('',#8104,.T.);
#8106=CARTESIAN_POINT('',(-20.47887,-6.65399,-8.57143));
#8107=DIRECTION('',(-0.94738,-0.22745,0.22526));
#8108=DIRECTION('',(0.21487,0.06981,0.97414));
#8109=AXIS2_PLACEMENT_3D('',#8106,#8107,#8108);
#8110=PLANE('',#8109);
#8111=ADVANCED_FACE('',(#8105),#8110,.T.);
#8112=CARTESIAN_POINT('',(-19.4769,-6.32843,-2.85714));
#8113=VERTEX_POINT('',#8112);
#8114=DIRECTION('',(0.12892,0.04189,0.99077));
#8115=VECTOR('',#8114,2.88376);
#8116=LINE('',#8090,#8115);
#8117=EDGE_CURVE('',#8091,#8113,#8116,.T.);
#8118=ORIENTED_EDGE('',*,*,#8117,.T.);
#8119=DIRECTION('',(0.23345,-0.97237,0.));
#8120=VECTOR('',#8119,3.21356);
#8121=LINE('',#7738,#8120);
#8122=EDGE_CURVE('',#7739,#8113,#8121,.T.);
#8123=ORIENTED_EDGE('',*,*,#8122,.F.);
#8124=ORIENTED_EDGE('',*,*,#7743,.F.);
#8125=ORIENTED_EDGE('',*,*,#8100,.T.);
#8126=EDGE_LOOP('',(#8118,#8123,#8124,#8125));
#8127=FACE_OUTER_BOUND('',#8126,.T.);
#8128=CARTESIAN_POINT('',(-19.84866,-6.44922,-5.71429));
#8129=DIRECTION('',(-0.96345,-0.2313,0.13514));
#8130=DIRECTION('',(0.12892,0.04189,0.99077));
#8131=AXIS2_PLACEMENT_3D('',#8128,#8129,#8130);
#8132=PLANE('',#8131);
#8133=ADVANCED_FACE('',(#8127),#8132,.T.);
#8134=CARTESIAN_POINT('',(-19.354,-6.2885,0.));
#8135=VERTEX_POINT('',#8134);
#8136=DIRECTION('',(0.04297,0.01396,0.99898));
#8137=VECTOR('',#8136,2.86006);
#8138=LINE('',#8112,#8137);
#8139=EDGE_CURVE('',#8113,#8135,#8138,.T.);
#8140=ORIENTED_EDGE('',*,*,#8139,.T.);
#8141=DIRECTION('',(0.23345,-0.97237,0.));
#8142=VECTOR('',#8141,3.19329);
#8143=LINE('',#7760,#8142);
#8144=EDGE_CURVE('',#7761,#8135,#8143,.T.);
#8145=ORIENTED_EDGE('',*,*,#8144,.F.);
#8146=ORIENTED_EDGE('',*,*,#7765,.F.);
#8147=ORIENTED_EDGE('',*,*,#8122,.T.);
#8148=EDGE_LOOP('',(#8140,#8145,#8146,#8147));
#8149=FACE_OUTER_BOUND('',#8148,.T.);
#8150=CARTESIAN_POINT('',(-19.4769,-6.32843,-2.85714));
#8151=DIRECTION('',(-0.97138,-0.23321,0.04504));
#8152=DIRECTION('',(0.04297,0.01396,0.99898));
#8153=AXIS2_PLACEMENT_3D('',#8150,#8151,#8152);
#8154=PLANE('',#8153);
#8155=ADVANCED_FACE('',(#8149),#8154,.T.);
#8156=CARTESIAN_POINT('',(-19.4769,-6.32843,2.85714));
#8157=VERTEX_POINT('',#8156);
#8158=DIRECTION('',(-0.04297,-0.01396,0.99898));
#8159=VECTOR('',#8158,2.86006);
#8160=LINE('',#8134,#8159);
#8161=EDGE_CURVE('',#8135,#8157,#8160,.T.);
#8162=ORIENTED_EDGE('',*,*,#8161,.T.);
#8163=DIRECTION('',(0.23345,-0.97237,0.));
#8164=VECTOR('',#8163,3.21356);
#8165=LINE('',#7782,#8164);
#8166=EDGE_CURVE('',#7783,#8157,#8165,.T.);
#8167=ORIENTED_EDGE('',*,*,#8166,.F.);
#8168=ORIENTED_EDGE('',*,*,#7787,.F.);
#8169=ORIENTED_EDGE('',*,*,#8144,.T.);
#8170=EDGE_LOOP('',(#8162,#8167,#8168,#8169));
#8171=FACE_OUTER_BOUND('',#8170,.T.);
#8172=CARTESIAN_POINT('',(-19.354,-6.2885,0.));
#8173=DIRECTION('',(-0.97138,-0.23321,-0.04504));
#8174=DIRECTION('',(-0.04297,-0.01396,0.99898));
#8175=AXIS2_PLACEMENT_3D('',#8172,#8173,#8174);
#8176=PLANE('',#8175);
#8177=ADVANCED_FACE('',(#8171),#8176,.T.);
#8178=CARTESIAN_POINT('',(-19.84866,-6.44922,5.71429));
#8179=VERTEX_POINT('',#8178);
#8180=DIRECTION('',(-0.12892,-0.04189,0.99077));
#8181=VECTOR('',#8180,2.88376);
#8182=LINE('',#8156,#8181);
#8183=EDGE_CURVE('',#8157,#8179,#8182,.T.);
#8184=ORIENTED_EDGE('',*,*,#8183,.T.);
#8185=DIRECTION('',(0.23345,-0.97237,0.));
#8186=VECTOR('',#8185,3.2749);
#8187=LINE('',#7804,#8186);
#8188=EDGE_CURVE('',#7805,#8179,#8187,.T.);
#8189=ORIENTED_EDGE('',*,*,#8188,.F.);
#8190=ORIENTED_EDGE('',*,*,#7809,.F.);
#8191=ORIENTED_EDGE('',*,*,#8166,.T.);
#8192=EDGE_LOOP('',(#8184,#8189,#8190,#8191));
#8193=FACE_OUTER_BOUND('',#8192,.T.);
#8194=CARTESIAN_POINT('',(-19.4769,-6.32843,2.85714));
#8195=DIRECTION('',(-0.96345,-0.2313,-0.13514));
#8196=DIRECTION('',(-0.12892,-0.04189,0.99077));
#8197=AXIS2_PLACEMENT_3D('',#8194,#8195,#8196);
#8198=PLANE('',#8197);
#8199=ADVANCED_FACE('',(#8193),#8198,.T.);
#8200=CARTESIAN_POINT('',(-20.47887,-6.65399,8.57143));
#8201=VERTEX_POINT('',#8200);
#8202=DIRECTION('',(-0.21487,-0.06981,0.97414));
#8203=VECTOR('',#8202,2.93298);
#8204=LINE('',#8178,#8203);
#8205=EDGE_CURVE('',#8179,#8201,#8204,.T.);
#8206=ORIENTED_EDGE('',*,*,#8205,.T.);
#8207=DIRECTION('',(0.23345,-0.97237,0.));
#8208=VECTOR('',#8207,3.37888);
#8209=LINE('',#7826,#8208);
#8210=EDGE_CURVE('',#7827,#8201,#8209,.T.);
#8211=ORIENTED_EDGE('',*,*,#8210,.F.);
#8212=ORIENTED_EDGE('',*,*,#7831,.F.);
#8213=ORIENTED_EDGE('',*,*,#8188,.T.);
#8214=EDGE_LOOP('',(#8206,#8211,#8212,#8213));
#8215=FACE_OUTER_BOUND('',#8214,.T.);
#8216=CARTESIAN_POINT('',(-19.84866,-6.44922,5.71429));
#8217=DIRECTION('',(-0.94738,-0.22745,-0.22526));
#8218=DIRECTION('',(-0.21487,-0.06981,0.97414));
#8219=AXIS2_PLACEMENT_3D('',#8216,#8217,#8218);
#8220=PLANE('',#8219);
#8221=ADVANCED_FACE('',(#8215),#8220,.T.);
#8222=CARTESIAN_POINT('',(-21.38491,-6.94838,11.42857));
#8223=VERTEX_POINT('',#8222);
#8224=DIRECTION('',(-0.30083,-0.09775,0.94865));
#8225=VECTOR('',#8224,3.01178);
#8226=LINE('',#8200,#8225);
#8227=EDGE_CURVE('',#8201,#8223,#8226,.T.);
#8228=ORIENTED_EDGE('',*,*,#8227,.T.);
#8229=DIRECTION('',(0.23345,-0.97237,0.));
#8230=VECTOR('',#8229,3.52837);
#8231=LINE('',#7848,#8230);
#8232=EDGE_CURVE('',#7849,#8223,#8231,.T.);
#8233=ORIENTED_EDGE('',*,*,#8232,.F.);
#8234=ORIENTED_EDGE('',*,*,#7853,.F.);
#8235=ORIENTED_EDGE('',*,*,#8210,.T.);
#8236=EDGE_LOOP('',(#8228,#8233,#8234,#8235));
#8237=FACE_OUTER_BOUND('',#8236,.T.);
#8238=CARTESIAN_POINT('',(-20.47887,-6.65399,8.57143));
#8239=DIRECTION('',(-0.92273,-0.22153,-0.31544));
#8240=DIRECTION('',(-0.30083,-0.09775,0.94865));
#8241=AXIS2_PLACEMENT_3D('',#8238,#8239,#8240);
#8242=PLANE('',#8241);
#8243=ADVANCED_FACE('',(#8237),#8242,.T.);
#8244=CARTESIAN_POINT('',(-22.59469,-7.34146,14.28571));
#8245=VERTEX_POINT('',#8244);
#8246=DIRECTION('',(-0.38682,-0.12569,0.91355));
#8247=VECTOR('',#8246,3.12752);
#8248=LINE('',#8222,#8247);
#8249=EDGE_CURVE('',#8223,#8245,#8248,.T.);
#8250=ORIENTED_EDGE('',*,*,#8249,.T.);
#8251=DIRECTION('',(0.23345,-0.97237,0.));
#8252=VECTOR('',#8251,3.72798);
#8253=LINE('',#7870,#8252);
#8254=EDGE_CURVE('',#7871,#8245,#8253,.T.);
#8255=ORIENTED_EDGE('',*,*,#8254,.F.);
#8256=ORIENTED_EDGE('',*,*,#7875,.F.);
#8257=ORIENTED_EDGE('',*,*,#8232,.T.);
#8258=EDGE_LOOP('',(#8250,#8255,#8256,#8257));
#8259=FACE_OUTER_BOUND('',#8258,.T.);
#8260=CARTESIAN_POINT('',(-21.38491,-6.94838,11.42857));
#8261=DIRECTION('',(-0.88876,-0.21337,-0.40568));
#8262=DIRECTION('',(-0.38682,-0.12569,0.91355));
#8263=AXIS2_PLACEMENT_3D('',#8260,#8261,#8262);
#8264=PLANE('',#8263);
#8265=ADVANCED_FACE('',(#8259),#8264,.T.);
#8266=CARTESIAN_POINT('',(-24.15174,-7.84738,17.14286));
#8267=VERTEX_POINT('',#8266);
#8268=DIRECTION('',(-0.47284,-0.15364,0.86765));
#8269=VECTOR('',#8268,3.29297);
#8270=LINE('',#8244,#8269);
#8271=EDGE_CURVE('',#8245,#8267,#8270,.T.);
#8272=ORIENTED_EDGE('',*,*,#8271,.T.);
#8273=DIRECTION('',(0.23345,-0.97237,0.));
#8274=VECTOR('',#8273,3.98488);
#8275=LINE('',#7892,#8274);
#8276=EDGE_CURVE('',#7893,#8267,#8275,.T.);
#8277=ORIENTED_EDGE('',*,*,#8276,.F.);
#8278=ORIENTED_EDGE('',*,*,#7897,.F.);
#8279=ORIENTED_EDGE('',*,*,#8254,.T.);
#8280=EDGE_LOOP('',(#8272,#8277,#8278,#8279));
#8281=FACE_OUTER_BOUND('',#8280,.T.);
#8282=CARTESIAN_POINT('',(-22.59469,-7.34146,14.28571));
#8283=DIRECTION('',(-0.84432,-0.2027,-0.49602));
#8284=DIRECTION('',(-0.47284,-0.15364,0.86765));
#8285=AXIS2_PLACEMENT_3D('',#8282,#8283,#8284);
#8286=PLANE('',#8285);
#8287=ADVANCED_FACE('',(#8281),#8286,.T.);
#8288=CARTESIAN_POINT('',(-26.12549,-8.48869,20.));
#8289=VERTEX_POINT('',#8288);
#8290=DIRECTION('',(-0.55893,-0.18161,0.80909));
#8291=VECTOR('',#8290,3.53132);
#8292=LINE('',#8266,#8291);
#8293=EDGE_CURVE('',#8267,#8289,#8292,.T.);
#8294=ORIENTED_EDGE('',*,*,#8293,.T.);
#8295=DIRECTION('',(0.23345,-0.97237,0.));
#8296=VECTOR('',#8295,4.31054);
#8297=LINE('',#7914,#8296);
#8298=EDGE_CURVE('',#7915,#8289,#8297,.T.);
#8299=ORIENTED_EDGE('',*,*,#8298,.F.);
#8300=ORIENTED_EDGE('',*,*,#7919,.F.);
#8301=ORIENTED_EDGE('',*,*,#8276,.T.);
#8302=EDGE_LOOP('',(#8294,#8299,#8300,#8301));
#8303=FACE_OUTER_BOUND('',#8302,.T.);
#8304=CARTESIAN_POINT('',(-24.15174,-7.84738,17.14286));
#8305=DIRECTION('',(-0.78757,-0.18908,-0.5865));
#8306=DIRECTION('',(-0.55893,-0.18161,0.80909));
#8307=AXIS2_PLACEMENT_3D('',#8304,#8305,#8306);
#8308=PLANE('',#8307);
#8309=ADVANCED_FACE('',(#8303),#8308,.T.);
#8310=CARTESIAN_POINT('',(-5.23081,-1.69959,20.));
#8311=VERTEX_POINT('',#8310);
#8312=DIRECTION('',(0.95106,0.30902,0.));
#8313=VECTOR('',#8312,21.96997);
#8314=LINE('',#8288,#8313);
#8315=EDGE_CURVE('',#8289,#8311,#8314,.T.);
#8316=ORIENTED_EDGE('',*,*,#8315,.T.);
#8317=DIRECTION('',(0.23345,-0.97237,0.));
#8318=VECTOR('',#8317,0.86305);
#8319=LINE('',#7936,#8318);
#8320=EDGE_CURVE('',#7937,#8311,#8319,.T.);
#8321=ORIENTED_EDGE('',*,*,#8320,.F.);
#8322=ORIENTED_EDGE('',*,*,#7941,.F.);
#8323=ORIENTED_EDGE('',*,*,#8298,.T.);
#8324=EDGE_LOOP('',(#8316,#8321,#8322,#8323));
#8325=FACE_OUTER_BOUND('',#8324,.T.);
#8326=CARTESIAN_POINT('',(-26.12549,-8.48869,20.));
#8327=DIRECTION('',(0.,0.,1.));
#8328=DIRECTION('',(0.95106,0.30902,0.));
#8329=AXIS2_PLACEMENT_3D('',#8326,#8327,#8328);
#8330=PLANE('',#8329);
#8331=ADVANCED_FACE('',(#8325),#8330,.T.);
#8332=DIRECTION('',(0.,0.,1.));
#8333=VECTOR('',#8332,40.);
#8334=LINE('',#7974,#8333);
#8335=EDGE_CURVE('',#7975,#8311,#8334,.T.);
#8336=ORIENTED_EDGE('',*,*,#8335,.F.);
#8337=ORIENTED_EDGE('',*,*,#7992,.F.);
#8338=ORIENTED_EDGE('',*,*,#7961,.T.);
#8339=ORIENTED_EDGE('',*,*,#8320,.T.);
#8340=EDGE_LOOP('',(#8336,#8337,#8338,#8339));
#8341=FACE_OUTER_BOUND('',#8340,.T.);
#8342=CARTESIAN_POINT('',(-5.23081,-1.69959,20.));
#8343=DIRECTION('',(0.97237,0.23345,0.));
#8344=DIRECTION('',(0.,0.,-1.));
#8345=AXIS2_PLACEMENT_3D('',#8342,#8343,#8344);
#8346=PLANE('',#8345);
#8347=ADVANCED_FACE('',(#8341),#8346,.T.);
#8348=CARTESIAN_POINT('',(-4.90054,-2.49695,-20.));
#8349=VERTEX_POINT('',#8348);
#8350=CARTESIAN_POINT('',(-24.47592,-12.4711,-20.));
#8351=VERTEX_POINT('',#8350);
#8352=DIRECTION('',(-0.89101,-0.45399,0.));
#8353=VECTOR('',#8352,21.96997);
#8354=LINE('',#8348,#8353);
#8355=EDGE_CURVE('',#8349,#8351,#8354,.T.);
#8356=ORIENTED_EDGE('',*,*,#8355,.T.);
#8357=DIRECTION('',(0.38268,-0.92388,0.));
#8358=VECTOR('',#8357,4.31054);
#8359=LINE('',#7976,#8358);
#8360=EDGE_CURVE('',#7977,#8351,#8359,.T.);
#8361=ORIENTED_EDGE('',*,*,#8360,.F.);
#8362=ORIENTED_EDGE('',*,*,#7981,.F.);
#8363=DIRECTION('',(0.38268,-0.92388,0.));
#8364=VECTOR('',#8363,0.86305);
#8365=LINE('',#7974,#8364);
#8366=EDGE_CURVE('',#7975,#8349,#8365,.T.);
#8367=ORIENTED_EDGE('',*,*,#8366,.T.);
#8368=EDGE_LOOP('',(#8356,#8361,#8362,#8367));
#8369=FACE_OUTER_BOUND('',#8368,.T.);
#8370=CARTESIAN_POINT('',(-4.90054,-2.49695,-20.));
#8371=DIRECTION('',(0.,0.,-1.));
#8372=DIRECTION('',(-0.89101,-0.45399,0.));
#8373=AXIS2_PLACEMENT_3D('',#8370,#8371,#8372);
#8374=PLANE('',#8373);
#8375=ADVANCED_FACE('',(#8369),#8374,.T.);
#8376=CARTESIAN_POINT('',(-22.62679,-11.52893,-17.14286));
#8377=VERTEX_POINT('',#8376);
#8378=DIRECTION('',(0.52364,0.26681,0.80909));
#8379=VECTOR('',#8378,3.53132);
#8380=LINE('',#8350,#8379);
#8381=EDGE_CURVE('',#8351,#8377,#8380,.T.);
#8382=ORIENTED_EDGE('',*,*,#8381,.T.);
#8383=DIRECTION('',(0.38268,-0.92388,0.));
#8384=VECTOR('',#8383,3.98488);
#8385=LINE('',#8002,#8384);
#8386=EDGE_CURVE('',#8003,#8377,#8385,.T.);
#8387=ORIENTED_EDGE('',*,*,#8386,.F.);
#8388=ORIENTED_EDGE('',*,*,#8007,.F.);
#8389=ORIENTED_EDGE('',*,*,#8360,.T.);
#8390=EDGE_LOOP('',(#8382,#8387,#8388,#8389));
#8391=FACE_OUTER_BOUND('',#8390,.T.);
#8392=CARTESIAN_POINT('',(-24.47592,-12.4711,-20.));
#8393=DIRECTION('',(-0.74829,-0.30995,0.5865));
#8394=DIRECTION('',(0.52364,0.26681,0.80909));
#8395=AXIS2_PLACEMENT_3D('',#8392,#8393,#8394);
#8396=PLANE('',#8395);
#8397=ADVANCED_FACE('',(#8391),#8396,.T.);
#8398=CARTESIAN_POINT('',(-21.16805,-10.78566,-14.28571));
#8399=VERTEX_POINT('',#8398);
#8400=DIRECTION('',(0.44299,0.22571,0.86765));
#8401=VECTOR('',#8400,3.29297);
#8402=LINE('',#8376,#8401);
#8403=EDGE_CURVE('',#8377,#8399,#8402,.T.);
#8404=ORIENTED_EDGE('',*,*,#8403,.T.);
#8405=DIRECTION('',(0.38268,-0.92388,0.));
#8406=VECTOR('',#8405,3.72798);
#8407=LINE('',#8024,#8406);
#8408=EDGE_CURVE('',#8025,#8399,#8407,.T.);
#8409=ORIENTED_EDGE('',*,*,#8408,.F.);
#8410=ORIENTED_EDGE('',*,*,#8029,.F.);
#8411=ORIENTED_EDGE('',*,*,#8386,.T.);
#8412=EDGE_LOOP('',(#8404,#8409,#8410,#8411));
#8413=FACE_OUTER_BOUND('',#8412,.T.);
#8414=CARTESIAN_POINT('',(-22.62679,-11.52893,-17.14286));
#8415=DIRECTION('',(-0.80221,-0.33229,0.49602));
#8416=DIRECTION('',(0.44299,0.22571,0.86765));
#8417=AXIS2_PLACEMENT_3D('',#8414,#8415,#8416);
#8418=PLANE('',#8417);
#8419=ADVANCED_FACE('',(#8413),#8418,.T.);
#8420=CARTESIAN_POINT('',(-20.03466,-10.20817,-11.42857));
#8421=VERTEX_POINT('',#8420);
#8422=DIRECTION('',(0.3624,0.18465,0.91355));
#8423=VECTOR('',#8422,3.12752);
#8424=LINE('',#8398,#8423);
#8425=EDGE_CURVE('',#8399,#8421,#8424,.T.);
#8426=ORIENTED_EDGE('',*,*,#8425,.T.);
#8427=DIRECTION('',(0.38268,-0.92388,0.));
#8428=VECTOR('',#8427,3.52837);
#8429=LINE('',#8046,#8428);
#8430=EDGE_CURVE('',#8047,#8421,#8429,.T.);
#8431=ORIENTED_EDGE('',*,*,#8430,.F.);
#8432=ORIENTED_EDGE('',*,*,#8051,.F.);
#8433=ORIENTED_EDGE('',*,*,#8408,.T.);
#8434=EDGE_LOOP('',(#8426,#8431,#8432,#8433));
#8435=FACE_OUTER_BOUND('',#8434,.T.);
#8436=CARTESIAN_POINT('',(-21.16805,-10.78566,-14.28571));
#8437=DIRECTION('',(-0.84444,-0.34978,0.40568));
#8438=DIRECTION('',(0.3624,0.18465,0.91355));
#8439=AXIS2_PLACEMENT_3D('',#8436,#8437,#8438);
#8440=PLANE('',#8439);
#8441=ADVANCED_FACE('',(#8435),#8440,.T.);
#8442=CARTESIAN_POINT('',(-19.18582,-9.77567,-8.57143));
#8443=VERTEX_POINT('',#8442);
#8444=DIRECTION('',(0.28184,0.1436,0.94865));
#8445=VECTOR('',#8444,3.01178);
#8446=LINE('',#8420,#8445);
#8447=EDGE_CURVE('',#8421,#8443,#8446,.T.);
#8448=ORIENTED_EDGE('',*,*,#8447,.T.);
#8449=DIRECTION('',(0.38268,-0.92388,0.));
#8450=VECTOR('',#8449,3.37888);
#8451=LINE('',#8068,#8450);
#8452=EDGE_CURVE('',#8069,#8443,#8451,.T.);
#8453=ORIENTED_EDGE('',*,*,#8452,.F.);
#8454=ORIENTED_EDGE('',*,*,#8073,.F.);
#8455=ORIENTED_EDGE('',*,*,#8430,.T.);
#8456=EDGE_LOOP('',(#8448,#8453,#8454,#8455));
#8457=FACE_OUTER_BOUND('',#8456,.T.);
#8458=CARTESIAN_POINT('',(-20.03466,-10.20817,-11.42857));
#8459=DIRECTION('',(-0.87671,-0.36315,0.31544));
#8460=DIRECTION('',(0.28184,0.1436,0.94865));
#8461=AXIS2_PLACEMENT_3D('',#8458,#8459,#8460);
#8462=PLANE('',#8461);
#8463=ADVANCED_FACE('',(#8457),#8462,.T.);
#8464=CARTESIAN_POINT('',(-18.59541,-9.47484,-5.71429));
#8465=VERTEX_POINT('',#8464);
#8466=DIRECTION('',(0.2013,0.10257,0.97414));
#8467=VECTOR('',#8466,2.93298);
#8468=LINE('',#8442,#8467);
#8469=EDGE_CURVE('',#8443,#8465,#8468,.T.);
#8470=ORIENTED_EDGE('',*,*,#8469,.T.);
#8471=DIRECTION('',(0.38268,-0.92388,0.));
#8472=VECTOR('',#8471,3.2749);
#8473=LINE('',#8090,#8472);
#8474=EDGE_CURVE('',#8091,#8465,#8473,.T.);
#8475=ORIENTED_EDGE('',*,*,#8474,.F.);
#8476=ORIENTED_EDGE('',*,*,#8095,.F.);
#8477=ORIENTED_EDGE('',*,*,#8452,.T.);
#8478=EDGE_LOOP('',(#8470,#8475,#8476,#8477));
#8479=FACE_OUTER_BOUND('',#8478,.T.);
#8480=CARTESIAN_POINT('',(-19.18582,-9.77567,-8.57143));
#8481=DIRECTION('',(-0.90013,-0.37285,0.22526));
#8482=DIRECTION('',(0.2013,0.10257,0.97414));
#8483=AXIS2_PLACEMENT_3D('',#8480,#8481,#8482);
#8484=PLANE('',#8483);
#8485=ADVANCED_FACE('',(#8479),#8484,.T.);
#8486=CARTESIAN_POINT('',(-18.24712,-9.29737,-2.85714));
#8487=VERTEX_POINT('',#8486);
#8488=DIRECTION('',(0.12078,0.06154,0.99077));
#8489=VECTOR('',#8488,2.88376);
#8490=LINE('',#8464,#8489);
#8491=EDGE_CURVE('',#8465,#8487,#8490,.T.);
#8492=ORIENTED_EDGE('',*,*,#8491,.T.);
#8493=DIRECTION('',(0.38268,-0.92388,0.));
#8494=VECTOR('',#8493,3.21356);
#8495=LINE('',#8112,#8494);
#8496=EDGE_CURVE('',#8113,#8487,#8495,.T.);
#8497=ORIENTED_EDGE('',*,*,#8496,.F.);
#8498=ORIENTED_EDGE('',*,*,#8117,.F.);
#8499=ORIENTED_EDGE('',*,*,#8474,.T.);
#8500=EDGE_LOOP('',(#8492,#8497,#8498,#8499));
#8501=FACE_OUTER_BOUND('',#8500,.T.);
#8502=CARTESIAN_POINT('',(-18.59541,-9.47484,-5.71429));
#8503=DIRECTION('',(-0.9154,-0.37917,0.13514));
#8504=DIRECTION('',(0.12078,0.06154,0.99077));
#8505=AXIS2_PLACEMENT_3D('',#8502,#8503,#8504);
#8506=PLANE('',#8505);
#8507=ADVANCED_FACE('',(#8501),#8506,.T.);
#8508=CARTESIAN_POINT('',(-18.13198,-9.23871,0.));
#8509=VERTEX_POINT('',#8508);
#8510=DIRECTION('',(0.04026,0.02051,0.99898));
#8511=VECTOR('',#8510,2.86006);
#8512=LINE('',#8486,#8511);
#8513=EDGE_CURVE('',#8487,#8509,#8512,.T.);
#8514=ORIENTED_EDGE('',*,*,#8513,.T.);
#8515=DIRECTION('',(0.38268,-0.92388,0.));
#8516=VECTOR('',#8515,3.19329);
#8517=LINE('',#8134,#8516);
#8518=EDGE_CURVE('',#8135,#8509,#8517,.T.);
#8519=ORIENTED_EDGE('',*,*,#8518,.F.);
#8520=ORIENTED_EDGE('',*,*,#8139,.F.);
#8521=ORIENTED_EDGE('',*,*,#8496,.T.);
#8522=EDGE_LOOP('',(#8514,#8519,#8520,#8521));
#8523=FACE_OUTER_BOUND('',#8522,.T.);
#8524=CARTESIAN_POINT('',(-18.24712,-9.29737,-2.85714));
#8525=DIRECTION('',(-0.92294,-0.3823,0.04504));
#8526=DIRECTION('',(0.04026,0.02051,0.99898));
#8527=AXIS2_PLACEMENT_3D('',#8524,#8525,#8526);
#8528=PLANE('',#8527);
#8529=ADVANCED_FACE('',(#8523),#8528,.T.);
#8530=CARTESIAN_POINT('',(-18.24712,-9.29737,2.85714));
#8531=VERTEX_POINT('',#8530);
#8532=DIRECTION('',(-0.04026,-0.02051,0.99898));
#8533=VECTOR('',#8532,2.86006);
#8534=LINE('',#8508,#8533);
#8535=EDGE_CURVE('',#8509,#8531,#8534,.T.);
#8536=ORIENTED_EDGE('',*,*,#8535,.T.);
#8537=DIRECTION('',(0.38268,-0.92388,0.));
#8538=VECTOR('',#8537,3.21356);
#8539=LINE('',#8156,#8538);
#8540=EDGE_CURVE('',#8157,#8531,#8539,.T.);
#8541=ORIENTED_EDGE('',*,*,#8540,.F.);
#8542=ORIENTED_EDGE('',*,*,#8161,.F.);
#8543=ORIENTED_EDGE('',*,*,#8518,.T.);
#8544=EDGE_LOOP('',(#8536,#8541,#8542,#8543));
#8545=FACE_OUTER_BOUND('',#8544,.T.);
#8546=CARTESIAN_POINT('',(-18.13198,-9.23871,0.));
#8547=DIRECTION('',(-0.92294,-0.3823,-0.04504));
#8548=DIRECTION('',(-0.04026,-0.02051,0.99898));
#8549=AXIS2_PLACEMENT_3D('',#8546,#8547,#8548);
#8550=PLANE('',#8549);
#8551=ADVANCED_FACE('',(#8545),#8550,.T.);
#8552=CARTESIAN_POINT('',(-18.59541,-9.47484,5.71429));
#8553=VERTEX_POINT('',#8552);
#8554=DIRECTION('',(-0.12078,-0.06154,0.99077));
#8555=VECTOR('',#8554,2.88376);
#8556=LINE('',#8530,#8555);
#8557=EDGE_CURVE('',#8531,#8553,#8556,.T.);
#8558=ORIENTED_EDGE('',*,*,#8557,.T.);
#8559=DIRECTION('',(0.38268,-0.92388,0.));
#8560=VECTOR('',#8559,3.2749);
#8561=LINE('',#8178,#8560);
#8562=EDGE_CURVE('',#8179,#8553,#8561,.T.);
#8563=ORIENTED_EDGE('',*,*,#8562,.F.);
#8564=ORIENTED_EDGE('',*,*,#8183,.F.);
#8565=ORIENTED_EDGE('',*,*,#8540,.T.);
#8566=EDGE_LOOP('',(#8558,#8563,#8564,#8565));
#8567=FACE_OUTER_BOUND('',#8566,.T.);
#8568=CARTESIAN_POINT('',(-18.24712,-9.29737,2.85714));
#8569=DIRECTION('',(-0.9154,-0.37917,-0.13514));
#8570=DIRECTION('',(-0.12078,-0.06154,0.99077));
#8571=AXIS2_PLACEMENT_3D('',#8568,#8569,#8570);
#8572=PLANE('',#8571);
#8573=ADVANCED_FACE('',(#8567),#8572,.T.);
#8574=CARTESIAN_POINT('',(-19.18582,-9.77567,8.57143));
#8575=VERTEX_POINT('',#8574);
#8576=DIRECTION('',(-0.2013,-0.10257,0.97414));
#8577=VECTOR('',#8576,2.93298);
#8578=LINE('',#8552,#8577);
#8579=EDGE_CURVE('',#8553,#8575,#8578,.T.);
#8580=ORIENTED_EDGE('',*,*,#8579,.T.);
#8581=DIRECTION('',(0.38268,-0.92388,0.));
#8582=VECTOR('',#8581,3.37888);
#8583=LINE('',#8200,#8582);
#8584=EDGE_CURVE('',#8201,#8575,#8583,.T.);
#8585=ORIENTED_EDGE('',*,*,#8584,.F.);
#8586=ORIENTED_EDGE('',*,*,#8205,.F.);
#8587=ORIENTED_EDGE('',*,*,#8562,.T.);
#8588=EDGE_LOOP('',(#8580,#8585,#8586,#8587));
#8589=FACE_OUTER_BOUND('',#8588,.T.);
#8590=CARTESIAN_POINT('',(-18.59541,-9.47484,5.71429));
#8591=DIRECTION('',(-0.90013,-0.37285,-0.22526));
#8592=DIRECTION('',(-0.2013,-0.10257,0.97414));
#8593=AXIS2_PLACEMENT_3D('',#8590,#8591,#8592);
#8594=PLANE('',#8593);
#8595=ADVANCED_FACE('',(#8589),#8594,.T.);
#8596=CARTESIAN_POINT('',(-20.03466,-10.20817,11.42857));
#8597=VERTEX_POINT('',#8596);
#8598=DIRECTION('',(-0.28184,-0.1436,0.94865));
#8599=VECTOR('',#8598,3.01178);
#8600=LINE('',#8574,#8599);
#8601=EDGE_CURVE('',#8575,#8597,#8600,.T.);
#8602=ORIENTED_EDGE('',*,*,#8601,.T.);
#8603=DIRECTION('',(0.38268,-0.92388,0.));
#8604=VECTOR('',#8603,3.52837);
#8605=LINE('',#8222,#8604);
#8606=EDGE_CURVE('',#8223,#8597,#8605,.T.);
#8607=ORIENTED_EDGE('',*,*,#8606,.F.);
#8608=ORIENTED_EDGE('',*,*,#8227,.F.);
#8609=ORIENTED_EDGE('',*,*,#8584,.T.);
#8610=EDGE_LOOP('',(#8602,#8607,#8608,#8609));
#8611=FACE_OUTER_BOUND('',#8610,.T.);
#8612=CARTESIAN_POINT('',(-19.18582,-9.77567,8.57143));
#8613=DIRECTION('',(-0.87671,-0.36315,-0.31544));
#8614=DIRECTION('',(-0.28184,-0.1436,0.94865));
#8615=AXIS2_PLACEMENT_3D('',#8612,#8613,#8614);
#8616=PLANE('',#8615);
#8617=ADVANCED_FACE('',(#8611),#8616,.T.);
#8618=CARTESIAN_POINT('',(-21.16805,-10.78566,14.28571));
#8619=VERTEX_POINT('',#8618);
#8620=DIRECTION('',(-0.3624,-0.18465,0.91355));
#8621=VECTOR('',#8620,3.12752);
#8622=LINE('',#8596,#8621);
#8623=EDGE_CURVE('',#8597,#8619,#8622,.T.);
#8624=ORIENTED_EDGE('',*,*,#8623,.T.);
#8625=DIRECTION('',(0.38268,-0.92388,0.));
#8626=VECTOR('',#8625,3.72798);
#8627=LINE('',#8244,#8626);
#8628=EDGE_CURVE('',#8245,#8619,#8627,.T.);
#8629=ORIENTED_EDGE('',*,*,#8628,.F.);
#8630=ORIENTED_EDGE('',*,*,#8249,.F.);
#8631=ORIENTED_EDGE('',*,*,#8606,.T.);
#8632=EDGE_LOOP('',(#8624,#8629,#8630,#8631));
#8633=FACE_OUTER_BOUND('',#8632,.T.);
#8634=CARTESIAN_POINT('',(-20.03466,-10.20817,11.42857));
#8635=DIRECTION('',(-0.84444,-0.34978,-0.40568));
#8636=DIRECTION('',(-0.3624,-0.18465,0.91355));
#8637=AXIS2_PLACEMENT_3D('',#8634,#8635,#8636);
#8638=PLANE('',#8637);
#8639=ADVANCED_FACE('',(#8633),#8638,.T.);
#8640=CARTESIAN_POINT('',(-22.62679,-11.52893,17.14286));
#8641=VERTEX_POINT('',#8640);
#8642=DIRECTION('',(-0.44299,-0.22571,0.86765));
#8643=VECTOR('',#8642,3.29297);
#8644=LINE('',#8618,#8643);
#8645=EDGE_CURVE('',#8619,#8641,#8644,.T.);
#8646=ORIENTED_EDGE('',*,*,#8645,.T.);
#8647=DIRECTION('',(0.38268,-0.92388,0.));
#8648=VECTOR('',#8647,3.98488);
#8649=LINE('',#8266,#8648);
#8650=EDGE_CURVE('',#8267,#8641,#8649,.T.);
#8651=ORIENTED_EDGE('',*,*,#8650,.F.);
#8652=ORIENTED_EDGE('',*,*,#8271,.F.);
#8653=ORIENTED_EDGE('',*,*,#8628,.T.);
#8654=EDGE_LOOP('',(#8646,#8651,#8652,#8653));
#8655=FACE_OUTER_BOUND('',#8654,.T.);
#8656=CARTESIAN_POINT('',(-21.16805,-10.78566,14.28571));
#8657=DIRECTION('',(-0.80221,-0.33229,-0.49602));
#8658=DIRECTION('',(-0.44299,-0.22571,0.86765));
#8659=AXIS2_PLACEMENT_3D('',#8656,#8657,#8658);
#8660=PLANE('',#8659);
#8661=ADVANCED_FACE('',(#8655),#8660,.T.);
#8662=CARTESIAN_POINT('',(-24.47592,-12.4711,20.));
#8663=VERTEX_POINT('',#8662);
#8664=DIRECTION('',(-0.52364,-0.26681,0.80909));
#8665=VECTOR('',#8664,3.53132);
#8666=LINE('',#8640,#8665);
#8667=EDGE_CURVE('',#8641,#8663,#8666,.T.);
#8668=ORIENTED_EDGE('',*,*,#8667,.T.);
#8669=DIRECTION('',(0.38268,-0.92388,0.));
#8670=VECTOR('',#8669,4.31054);
#8671=LINE('',#8288,#8670);
#8672=EDGE_CURVE('',#8289,#8663,#8671,.T.);
#8673=ORIENTED_EDGE('',*,*,#8672,.F.);
#8674=ORIENTED_EDGE('',*,*,#8293,.F.);
#8675=ORIENTED_EDGE('',*,*,#8650,.T.);
#8676=EDGE_LOOP('',(#8668,#8673,#8674,#8675));
#8677=FACE_OUTER_BOUND('',#8676,.T.);
#8678=CARTESIAN_POINT('',(-22.62679,-11.52893,17.14286));
#8679=DIRECTION('',(-0.74829,-0.30995,-0.5865));
#8680=DIRECTION('',(-0.52364,-0.26681,0.80909));
#8681=AXIS2_PLACEMENT_3D('',#8678,#8679,#8680);
#8682=PLANE('',#8681);
#8683=ADVANCED_FACE('',(#8677),#8682,.T.);
#8684=CARTESIAN_POINT('',(-4.90054,-2.49695,20.));
#8685=VERTEX_POINT('',#8684);
#8686=DIRECTION('',(0.89101,0.45399,0.));
#8687=VECTOR('',#8686,21.96997);
#8688=LINE('',#8662,#8687);
#8689=EDGE_CURVE('',#8663,#8685,#8688,.T.);
#8690=ORIENTED_EDGE('',*,*,#8689,.T.);
#8691=DIRECTION('',(0.38268,-0.92388,0.));
#8692=VECTOR('',#8691,0.86305);
#8693=LINE('',#8310,#8692);
#8694=EDGE_CURVE('',#8311,#8685,#8693,.T.);
#8695=ORIENTED_EDGE('',*,*,#8694,.F.);
#8696=ORIENTED_EDGE('',*,*,#8315,.F.);
#8697=ORIENTED_EDGE('',*,*,#8672,.T.);
#8698=EDGE_LOOP('',(#8690,#8695,#8696,#8697));
#8699=FACE_OUTER_BOUND('',#8698,.T.);
#8700=CARTESIAN_POINT('',(-24.47592,-12.4711,20.));
#8701=DIRECTION('',(0.,0.,1.));
#8702=DIRECTION('',(0.89101,0.45399,0.));
#8703=AXIS2_PLACEMENT_3D('',#8700,#8701,#8702);
#8704=PLANE('',#8703);
#8705=ADVANCED_FACE('',(#8699),#8704,.T.);
#8706=DIRECTION('',(0.,0.,1.));
#8707=VECTOR('',#8706,40.);
#8708=LINE('',#8348,#8707);
#8709=EDGE_CURVE('',#8349,#8685,#8708,.T.);
#8710=ORIENTED_EDGE('',*,*,#8709,.F.);
#8711=ORIENTED_EDGE('',*,*,#8366,.F.);
#8712=ORIENTED_EDGE('',*,*,#8335,.T.);
#8713=ORIENTED_EDGE('',*,*,#8694,.T.);
#8714=EDGE_LOOP('',(#8710,#8711,#8712,#8713));
#8715=FACE_OUTER_BOUND('',#8714,.T.);
#8716=CARTESIAN_POINT('',(-4.90054,-2.49695,20.));
#8717=DIRECTION('',(0.92388,0.38268,0.));
#8718=DIRECTION('',(0.,0.,-1.));
#8719=AXIS2_PLACEMENT_3D('',#8716,#8717,#8718);
#8720=PLANE('',#8719);
#8721=ADVANCED_FACE('',(#8715),#8720,.T.);
#8722=CARTESIAN_POINT('',(-4.44959,-3.23282,-20.));
#8723=VERTEX_POINT('',#8722);
#8724=CARTESIAN_POINT('',(-22.22367,-16.14644,-20.));
#8725=VERTEX_POINT('',#8724);
#8726=DIRECTION('',(-0.80902,-0.58779,0.));
#8727=VECTOR('',#8726,21.96997);
#8728=LINE('',#8722,#8727);
#8729=EDGE_CURVE('',#8723,#8725,#8728,.T.);
#8730=ORIENTED_EDGE('',*,*,#8729,.T.);
#8731=DIRECTION('',(0.5225,-0.85264,0.));
#8732=VECTOR('',#8731,4.31054);
#8733=LINE('',#8350,#8732);
#8734=EDGE_CURVE('',#8351,#8725,#8733,.T.);
#8735=ORIENTED_EDGE('',*,*,#8734,.F.);
#8736=ORIENTED_EDGE('',*,*,#8355,.F.);
#8737=DIRECTION('',(0.5225,-0.85264,0.));
#8738=VECTOR('',#8737,0.86305);
#8739=LINE('',#8348,#8738);
#8740=EDGE_CURVE('',#8349,#8723,#8739,.T.);
#8741=ORIENTED_EDGE('',*,*,#8740,.T.);
#8742=EDGE_LOOP('',(#8730,#8735,#8736,#8741));
#8743=FACE_OUTER_BOUND('',#8742,.T.);
#8744=CARTESIAN_POINT('',(-4.44959,-3.23282,-20.));
#8745=DIRECTION('',(0.,0.,-1.));
#8746=DIRECTION('',(-0.80902,-0.58779,0.));
#8747=AXIS2_PLACEMENT_3D('',#8744,#8745,#8746);
#8748=PLANE('',#8747);
#8749=ADVANCED_FACE('',(#8743),#8748,.T.);
#8750=CARTESIAN_POINT('',(-20.5447,-14.9266,-17.14286));
#8751=VERTEX_POINT('',#8750);
#8752=DIRECTION('',(0.47545,0.34544,0.80909));
#8753=VECTOR('',#8752,3.53132);
#8754=LINE('',#8724,#8753);
#8755=EDGE_CURVE('',#8725,#8751,#8754,.T.);
#8756=ORIENTED_EDGE('',*,*,#8755,.T.);
#8757=DIRECTION('',(0.5225,-0.85264,0.));
#8758=VECTOR('',#8757,3.98488);
#8759=LINE('',#8376,#8758);
#8760=EDGE_CURVE('',#8377,#8751,#8759,.T.);
#8761=ORIENTED_EDGE('',*,*,#8760,.F.);
#8762=ORIENTED_EDGE('',*,*,#8381,.F.);
#8763=ORIENTED_EDGE('',*,*,#8734,.T.);
#8764=EDGE_LOOP('',(#8756,#8761,#8762,#8763));
#8765=FACE_OUTER_BOUND('',#8764,.T.);
#8766=CARTESIAN_POINT('',(-22.22367,-16.14644,-20.));
#8767=DIRECTION('',(-0.69059,-0.4232,0.5865));
#8768=DIRECTION('',(0.47545,0.34544,0.80909));
#8769=AXIS2_PLACEMENT_3D('',#8766,#8767,#8768);
#8770=PLANE('',#8769);
#8771=ADVANCED_FACE('',(#8765),#8770,.T.);
#8772=CARTESIAN_POINT('',(-19.22019,-13.96429,-14.28571));
#8773=VERTEX_POINT('',#8772);
#8774=DIRECTION('',(0.40222,0.29223,0.86765));
#8775=VECTOR('',#8774,3.29297);
#8776=LINE('',#8750,#8775);
#8777=EDGE_CURVE('',#8751,#8773,#8776,.T.);
#8778=ORIENTED_EDGE('',*,*,#8777,.T.);
#8779=DIRECTION('',(0.5225,-0.85264,0.));
#8780=VECTOR('',#8779,3.72798);
#8781=LINE('',#8398,#8780);
#8782=EDGE_CURVE('',#8399,#8773,#8781,.T.);
#8783=ORIENTED_EDGE('',*,*,#8782,.F.);
#8784=ORIENTED_EDGE('',*,*,#8403,.F.);
#8785=ORIENTED_EDGE('',*,*,#8760,.T.);
#8786=EDGE_LOOP('',(#8778,#8783,#8784,#8785));
#8787=FACE_OUTER_BOUND('',#8786,.T.);
#8788=CARTESIAN_POINT('',(-20.5447,-14.9266,-17.14286));
#8789=DIRECTION('',(-0.74036,-0.45369,0.49602));
#8790=DIRECTION('',(0.40222,0.29223,0.86765));
#8791=AXIS2_PLACEMENT_3D('',#8788,#8789,#8790);
#8792=PLANE('',#8791);
#8793=ADVANCED_FACE('',(#8787),#8792,.T.);
#8794=CARTESIAN_POINT('',(-18.19109,-13.2166,-11.42857));
#8795=VERTEX_POINT('',#8794);
#8796=DIRECTION('',(0.32905,0.23907,0.91355));
#8797=VECTOR('',#8796,3.12752);
#8798=LINE('',#8772,#8797);
#8799=EDGE_CURVE('',#8773,#8795,#8798,.T.);
#8800=ORIENTED_EDGE('',*,*,#8799,.T.);
#8801=DIRECTION('',(0.5225,-0.85264,0.));
#8802=VECTOR('',#8801,3.52837);
#8803=LINE('',#8420,#8802);
#8804=EDGE_CURVE('',#8421,#8795,#8803,.T.);
#8805=ORIENTED_EDGE('',*,*,#8804,.F.);
#8806=ORIENTED_EDGE('',*,*,#8425,.F.);
#8807=ORIENTED_EDGE('',*,*,#8782,.T.);
#8808=EDGE_LOOP('',(#8800,#8805,#8806,#8807));
#8809=FACE_OUTER_BOUND('',#8808,.T.);
#8810=CARTESIAN_POINT('',(-19.22019,-13.96429,-14.28571));
#8811=DIRECTION('',(-0.77933,-0.47757,0.40568));
#8812=DIRECTION('',(0.32905,0.23907,0.91355));
#8813=AXIS2_PLACEMENT_3D('',#8810,#8811,#8812);
#8814=PLANE('',#8813);
#8815=ADVANCED_FACE('',(#8809),#8814,.T.);
#8816=CARTESIAN_POINT('',(-17.42036,-12.65663,-8.57143));
#8817=VERTEX_POINT('',#8816);
#8818=DIRECTION('',(0.2559,0.18592,0.94865));
#8819=VECTOR('',#8818,3.01178);
#8820=LINE('',#8794,#8819);
#8821=EDGE_CURVE('',#8795,#8817,#8820,.T.);
#8822=ORIENTED_EDGE('',*,*,#8821,.T.);
#8823=DIRECTION('',(0.5225,-0.85264,0.));
#8824=VECTOR('',#8823,3.37888);
#8825=LINE('',#8442,#8824);
#8826=EDGE_CURVE('',#8443,#8817,#8825,.T.);
#8827=ORIENTED_EDGE('',*,*,#8826,.F.);
#8828=ORIENTED_EDGE('',*,*,#8447,.F.);
#8829=ORIENTED_EDGE('',*,*,#8804,.T.);
#8830=EDGE_LOOP('',(#8822,#8827,#8828,#8829));
#8831=FACE_OUTER_BOUND('',#8830,.T.);
#8832=CARTESIAN_POINT('',(-18.19109,-13.2166,-11.42857));
#8833=DIRECTION('',(-0.80911,-0.49582,0.31544));
#8834=DIRECTION('',(0.2559,0.18592,0.94865));
#8835=AXIS2_PLACEMENT_3D('',#8832,#8833,#8834);
#8836=PLANE('',#8835);
#8837=ADVANCED_FACE('',(#8831),#8836,.T.);
#8838=CARTESIAN_POINT('',(-16.88428,-12.26715,-5.71429));
#8839=VERTEX_POINT('',#8838);
#8840=DIRECTION('',(0.18278,0.1328,0.97414));
#8841=VECTOR('',#8840,2.93298);
#8842=LINE('',#8816,#8841);
#8843=EDGE_CURVE('',#8817,#8839,#8842,.T.);
#8844=ORIENTED_EDGE('',*,*,#8843,.T.);
#8845=DIRECTION('',(0.5225,-0.85264,0.));
#8846=VECTOR('',#8845,3.2749);
#8847=LINE('',#8464,#8846);
#8848=EDGE_CURVE('',#8465,#8839,#8847,.T.);
#8849=ORIENTED_EDGE('',*,*,#8848,.F.);
#8850=ORIENTED_EDGE('',*,*,#8469,.F.);
#8851=ORIENTED_EDGE('',*,*,#8826,.T.);
#8852=EDGE_LOOP('',(#8844,#8849,#8850,#8851));
#8853=FACE_OUTER_BOUND('',#8852,.T.);
#8854=CARTESIAN_POINT('',(-17.42036,-12.65663,-8.57143));
#8855=DIRECTION('',(-0.83073,-0.50907,0.22526));
#8856=DIRECTION('',(0.18278,0.1328,0.97414));
#8857=AXIS2_PLACEMENT_3D('',#8854,#8855,#8856);
#8858=PLANE('',#8857);
#8859=ADVANCED_FACE('',(#8853),#8858,.T.);
#8860=CARTESIAN_POINT('',(-16.56804,-12.03739,-2.85714));
#8861=VERTEX_POINT('',#8860);
#8862=DIRECTION('',(0.10966,0.07967,0.99077));
#8863=VECTOR('',#8862,2.88376);
#8864=LINE('',#8838,#8863);
#8865=EDGE_CURVE('',#8839,#8861,#8864,.T.);
#8866=ORIENTED_EDGE('',*,*,#8865,.T.);
#8867=DIRECTION('',(0.5225,-0.85264,0.));
#8868=VECTOR('',#8867,3.21356);
#8869=LINE('',#8486,#8868);
#8870=EDGE_CURVE('',#8487,#8861,#8869,.T.);
#8871=ORIENTED_EDGE('',*,*,#8870,.F.);
#8872=ORIENTED_EDGE('',*,*,#8491,.F.);
#8873=ORIENTED_EDGE('',*,*,#8848,.T.);
#8874=EDGE_LOOP('',(#8866,#8871,#8872,#8873));
#8875=FACE_OUTER_BOUND('',#8874,.T.);
#8876=CARTESIAN_POINT('',(-16.88428,-12.26715,-5.71429));
#8877=DIRECTION('',(-0.84482,-0.51771,0.13514));
#8878=DIRECTION('',(0.10966,0.07967,0.99077));
#8879=AXIS2_PLACEMENT_3D('',#8876,#8877,#8878);
#8880=PLANE('',#8879);
#8881=ADVANCED_FACE('',(#8875),#8880,.T.);
#8882=CARTESIAN_POINT('',(-16.4635,-11.96143,0.));
#8883=VERTEX_POINT('',#8882);
#8884=DIRECTION('',(0.03655,0.02656,0.99898));
#8885=VECTOR('',#8884,2.86006);
#8886=LINE('',#8860,#8885);
#8887=EDGE_CURVE('',#8861,#8883,#8886,.T.);
#8888=ORIENTED_EDGE('',*,*,#8887,.T.);
#8889=DIRECTION('',(0.5225,-0.85264,0.));
#8890=VECTOR('',#8889,3.19329);
#8891=LINE('',#8508,#8890);
#8892=EDGE_CURVE('',#8509,#8883,#8891,.T.);
#8893=ORIENTED_EDGE('',*,*,#8892,.F.);
#8894=ORIENTED_EDGE('',*,*,#8513,.F.);
#8895=ORIENTED_EDGE('',*,*,#8870,.T.);
#8896=EDGE_LOOP('',(#8888,#8893,#8894,#8895));
#8897=FACE_OUTER_BOUND('',#8896,.T.);
#8898=CARTESIAN_POINT('',(-16.56804,-12.03739,-2.85714));
#8899=DIRECTION('',(-0.85177,-0.52197,0.04504));
#8900=DIRECTION('',(0.03655,0.02656,0.99898));
#8901=AXIS2_PLACEMENT_3D('',#8898,#8899,#8900);
#8902=PLANE('',#8901);
#8903=ADVANCED_FACE('',(#8897),#8902,.T.);
#8904=CARTESIAN_POINT('',(-16.56804,-12.03739,2.85714));
#8905=VERTEX_POINT('',#8904);
#8906=DIRECTION('',(-0.03655,-0.02656,0.99898));
#8907=VECTOR('',#8906,2.86006);
#8908=LINE('',#8882,#8907);
#8909=EDGE_CURVE('',#8883,#8905,#8908,.T.);
#8910=ORIENTED_EDGE('',*,*,#8909,.T.);
#8911=DIRECTION('',(0.5225,-0.85264,0.));
#8912=VECTOR('',#8911,3.21356);
#8913=LINE('',#8530,#8912);
#8914=EDGE_CURVE('',#8531,#8905,#8913,.T.);
#8915=ORIENTED_EDGE('',*,*,#8914,.F.);
#8916=ORIENTED_EDGE('',*,*,#8535,.F.);
#8917=ORIENTED_EDGE('',*,*,#8892,.T.);
#8918=EDGE_LOOP('',(#8910,#8915,#8916,#8917));
#8919=FACE_OUTER_BOUND('',#8918,.T.);
#8920=CARTESIAN_POINT('',(-16.4635,-11.96143,0.));
#8921=DIRECTION('',(-0.85177,-0.52197,-0.04504));
#8922=DIRECTION('',(-0.03655,-0.02656,0.99898));
#8923=AXIS2_PLACEMENT_3D('',#8920,#8921,#8922);
#8924=PLANE('',#8923);
#8925=ADVANCED_FACE('',(#8919),#8924,.T.);
#8926=CARTESIAN_POINT('',(-16.88428,-12.26715,5.71429));
#8927=VERTEX_POINT('',#8926);
#8928=DIRECTION('',(-0.10966,-0.07967,0.99077));
#8929=VECTOR('',#8928,2.88376);
#8930=LINE('',#8904,#8929);
#8931=EDGE_CURVE('',#8905,#8927,#8930,.T.);
#8932=ORIENTED_EDGE('',*,*,#8931,.T.);
#8933=DIRECTION('',(0.5225,-0.85264,0.));
#8934=VECTOR('',#8933,3.2749);
#8935=LINE('',#8552,#8934);
#8936=EDGE_CURVE('',#8553,#8927,#8935,.T.);
#8937=ORIENTED_EDGE('',*,*,#8936,.F.);
#8938=ORIENTED_EDGE('',*,*,#8557,.F.);
#8939=ORIENTED_EDGE('',*,*,#8914,.T.);
#8940=EDGE_LOOP('',(#8932,#8937,#8938,#8939));
#8941=FACE_OUTER_BOUND('',#8940,.T.);
#8942=CARTESIAN_POINT('',(-16.56804,-12.03739,2.85714));
#8943=DIRECTION('',(-0.84482,-0.51771,-0.13514));
#8944=DIRECTION('',(-0.10966,-0.07967,0.99077));
#8945=AXIS2_PLACEMENT_3D('',#8942,#8943,#8944);
#8946=PLANE('',#8945);
#8947=ADVANCED_FACE('',(#8941),#8946,.T.);
#8948=CARTESIAN_POINT('',(-17.42036,-12.65663,8.57143));
#8949=VERTEX_POINT('',#8948);
#8950=DIRECTION('',(-0.18278,-0.1328,0.97414));
#8951=VECTOR('',#8950,2.93298);
#8952=LINE('',#8926,#8951);
#8953=EDGE_CURVE('',#8927,#8949,#8952,.T.);
#8954=ORIENTED_EDGE('',*,*,#8953,.T.);
#8955=DIRECTION('',(0.5225,-0.85264,0.));
#8956=VECTOR('',#8955,3.37888);
#8957=LINE('',#8574,#8956);
#8958=EDGE_CURVE('',#8575,#8949,#8957,.T.);
#8959=ORIENTED_EDGE('',*,*,#8958,.F.);
#8960=ORIENTED_EDGE('',*,*,#8579,.F.);
#8961=ORIENTED_EDGE('',*,*,#8936,.T.);
#8962=EDGE_LOOP('',(#8954,#8959,#8960,#8961));
#8963=FACE_OUTER_BOUND('',#8962,.T.);
#8964=CARTESIAN_POINT('',(-16.88428,-12.26715,5.71429));
#8965=DIRECTION('',(-0.83073,-0.50907,-0.22526));
#8966=DIRECTION('',(-0.18278,-0.1328,0.97414));
#8967=AXIS2_PLACEMENT_3D('',#8964,#8965,#8966);
#8968=PLANE('',#8967);
#8969=ADVANCED_FACE('',(#8963),#8968,.T.);
#8970=CARTESIAN_POINT('',(-18.19109,-13.2166,11.42857));
#8971=VERTEX_POINT('',#8970);
#8972=DIRECTION('',(-0.2559,-0.18592,0.94865));
#8973=VECTOR('',#8972,3.01178);
#8974=LINE('',#8948,#8973);
#8975=EDGE_CURVE('',#8949,#8971,#8974,.T.);
#8976=ORIENTED_EDGE('',*,*,#8975,.T.);
#8977=DIRECTION('',(0.5225,-0.85264,0.));
#8978=VECTOR('',#8977,3.52837);
#8979=LINE('',#8596,#8978);
#8980=EDGE_CURVE('',#8597,#8971,#8979,.T.);
#8981=ORIENTED_EDGE('',*,*,#8980,.F.);
#8982=ORIENTED_EDGE('',*,*,#8601,.F.);
#8983=ORIENTED_EDGE('',*,*,#8958,.T.);
#8984=EDGE_LOOP('',(#8976,#8981,#8982,#8983));
#8985=FACE_OUTER_BOUND('',#8984,.T.);
#8986=CARTESIAN_POINT('',(-17.42036,-12.65663,8.57143));
#8987=DIRECTION('',(-0.80911,-0.49582,-0.31544));
#8988=DIRECTION('',(-0.2559,-0.18592,0.94865));
#8989=AXIS2_PLACEMENT_3D('',#8986,#8987,#8988);
#8990=PLANE('',#8989);
#8991=ADVANCED_FACE('',(#8985),#8990,.T.);
#8992=CARTESIAN_POINT('',(-19.22019,-13.96429,14.28571));
#8993=VERTEX_POINT('',#8992);
#8994=DIRECTION('',(-0.32905,-0.23907,0.91355));
#8995=VECTOR('',#8994,3.12752);
#8996=LINE('',#8970,#8995);
#8997=EDGE_CURVE('',#8971,#8993,#8996,.T.);
#8998=ORIENTED_EDGE('',*,*,#8997,.T.);
#8999=DIRECTION('',(0.5225,-0.85264,0.));
#9000=VECTOR('',#8999,3.72798);
#9001=LINE('',#8618,#9000);
#9002=EDGE_CURVE('',#8619,#8993,#9001,.T.);
#9003=ORIENTED_EDGE('',*,*,#9002,.F.);
#9004=ORIENTED_EDGE('',*,*,#8623,.F.);
#9005=ORIENTED_EDGE('',*,*,#8980,.T.);
#9006=EDGE_LOOP('',(#8998,#9003,#9004,#9005));
#9007=FACE_OUTER_BOUND('',#9006,.T.);
#9008=CARTESIAN_POINT('',(-18.19109,-13.2166,11.42857));
#9009=DIRECTION('',(-0.77933,-0.47757,-0.40568));
#9010=DIRECTION('',(-0.32905,-0.23907,0.91355));
#9011=AXIS2_PLACEMENT_3D('',#9008,#9009,#9010);
#9012=PLANE('',#9011);
#9013=ADVANCED_FACE('',(#9007),#9012,.T.);
#9014=CARTESIAN_POINT('',(-20.5447,-14.9266,17.14286));
#9015=VERTEX_POINT('',#9014);
#9016=DIRECTION('',(-0.40222,-0.29223,0.86765));
#9017=VECTOR('',#9016,3.29297);
#9018=LINE('',#8992,#9017);
#9019=EDGE_CURVE('',#8993,#9015,#9018,.T.);
#9020=ORIENTED_EDGE('',*,*,#9019,.T.);
#9021=DIRECTION('',(0.5225,-0.85264,0.));
#9022=VECTOR('',#9021,3.98488);
#9023=LINE('',#8640,#9022);
#9024=EDGE_CURVE('',#8641,#9015,#9023,.T.);
#9025=ORIENTED_EDGE('',*,*,#9024,.F.);
#9026=ORIENTED_EDGE('',*,*,#8645,.F.);
#9027=ORIENTED_EDGE('',*,*,#9002,.T.);
#9028=EDGE_LOOP('',(#9020,#9025,#9026,#9027));
#9029=FACE_OUTER_BOUND('',#9028,.T.);
#9030=CARTESIAN_POINT('',(-19.22019,-13.96429,14.28571));
#9031=DIRECTION('',(-0.74036,-0.45369,-0.49602));
#9032=DIRECTION('',(-0.40222,-0.29223,0.86765));
#9033=AXIS2_PLACEMENT_3D('',#9030,#9031,#9032);
#9034=PLANE('',#9033);
#9035=ADVANCED_FACE('',(#9029),#9034,.T.);
#9036=CARTESIAN_POINT('',(-22.22367,-16.14644,20.));
#9037=VERTEX_POINT('',#9036);
#9038=DIRECTION('',(-0.47545,-0.34544,0.80909));
#9039=VECTOR('',#9038,3.53132);
#9040=LINE('',#9014,#9039);
#9041=EDGE_CURVE('',#9015,#9037,#9040,.T.);
#9042=ORIENTED_EDGE('',*,*,#9041,.T.);
#9043=DIRECTION('',(0.5225,-0.85264,0.));
#9044=VECTOR('',#9043,4.31054);
#9045=LINE('',#8662,#9044);
#9046=EDGE_CURVE('',#8663,#9037,#9045,.T.);
#9047=ORIENTED_EDGE('',*,*,#9046,.F.);
#9048=ORIENTED_EDGE('',*,*,#8667,.F.);
#9049=ORIENTED_EDGE('',*,*,#9024,.T.);
#9050=EDGE_LOOP('',(#9042,#9047,#9048,#9049));
#9051=FACE_OUTER_BOUND('',#9050,.T.);
#9052=CARTESIAN_POINT('',(-20.5447,-14.9266,17.14286));
#9053=DIRECTION('',(-0.69059,-0.4232,-0.5865));
#9054=DIRECTION('',(-0.47545,-0.34544,0.80909));
#9055=AXIS2_PLACEMENT_3D('',#9052,#9053,#9054);
#9056=PLANE('',#9055);
#9057=ADVANCED_FACE('',(#9051),#9056,.T.);
#9058=CARTESIAN_POINT('',(-4.44959,-3.23282,20.));
#9059=VERTEX_POINT('',#9058);
#9060=DIRECTION('',(0.80902,0.58779,0.));
#9061=VECTOR('',#9060,21.96997);
#9062=LINE('',#9036,#9061);
#9063=EDGE_CURVE('',#9037,#9059,#9062,.T.);
#9064=ORIENTED_EDGE('',*,*,#9063,.T.);
#9065=DIRECTION('',(0.5225,-0.85264,0.));
#9066=VECTOR('',#9065,0.86305);
#9067=LINE('',#8684,#9066);
#9068=EDGE_CURVE('',#8685,#9059,#9067,.T.);
#9069=ORIENTED_EDGE('',*,*,#9068,.F.);
#9070=ORIENTED_EDGE('',*,*,#8689,.F.);
#9071=ORIENTED_EDGE('',*,*,#9046,.T.);
#9072=EDGE_LOOP('',(#9064,#9069,#9070,#9071));
#9073=FACE_OUTER_BOUND('',#9072,.T.);
#9074=CARTESIAN_POINT('',(-22.22367,-16.14644,20.));
#9075=DIRECTION('',(0.,0.,1.));
#9076=DIRECTION('',(0.80902,0.58779,0.));
#9077=AXIS2_PLACEMENT_3D('',#9074,#9075,#9076);
#9078=PLANE('',#9077);
#9079=ADVANCED_FACE('',(#9073),#9078,.T.);
#9080=DIRECTION('',(0.,0.,1.));
#9081=VECTOR('',#9080,40.);
#9082=LINE('',#8722,#9081);
#9083=EDGE_CURVE('',#8723,#9059,#9082,.T.);
#9084=ORIENTED_EDGE('',*,*,#9083,.F.);
#9085=ORIENTED_EDGE('',*,*,#8740,.F.);
#9086=ORIENTED_EDGE('',*,*,#8709,.T.);
#9087=ORIENTED_EDGE('',*,*,#9068,.T.);
#9088=EDGE_LOOP('',(#9084,#9085,#9086,#9087));
#9089=FACE_OUTER_BOUND('',#9088,.T.);
#9090=CARTESIAN_POINT('',(-4.44959,-3.23282,20.));
#9091=DIRECTION('',(0.85264,0.5225,0.));
#9092=DIRECTION('',(0.,0.,-1.));
#9093=AXIS2_PLACEMENT_3D('',#9090,#9091,#9092);
#9094=PLANE('',#9093);
#9095=ADVANCED_FACE('',(#9089),#9094,.T.);
#9096=CARTESIAN_POINT('',(-3.88909,-3.88909,-20.));
#9097=VERTEX_POINT('',#9096);
#9098=CARTESIAN_POINT('',(-19.4242,-19.4242,-20.));
#9099=VERTEX_POINT('',#9098);
#9100=DIRECTION('',(-0.70711,-0.70711,0.));
#9101=VECTOR('',#9100,21.96997);
#9102=LINE('',#9096,#9101);
#9103=EDGE_CURVE('',#9097,#9099,#9102,.T.);
#9104=ORIENTED_EDGE('',*,*,#9103,.T.);
#9105=DIRECTION('',(0.64945,-0.76041,0.));
#9106=VECTOR('',#9105,4.31054);
#9107=LINE('',#8724,#9106);
#9108=EDGE_CURVE('',#8725,#9099,#9107,.T.);
#9109=ORIENTED_EDGE('',*,*,#9108,.F.);
#9110=ORIENTED_EDGE('',*,*,#8729,.F.);
#9111=DIRECTION('',(0.64945,-0.76041,0.));
#9112=VECTOR('',#9111,0.86305);
#9113=LINE('',#8722,#9112);
#9114=EDGE_CURVE('',#8723,#9097,#9113,.T.);
#9115=ORIENTED_EDGE('',*,*,#9114,.T.);
#9116=EDGE_LOOP('',(#9104,#9109,#9110,#9115));
#9117=FACE_OUTER_BOUND('',#9116,.T.);
#9118=CARTESIAN_POINT('',(-3.88909,-3.88909,-20.));
#9119=DIRECTION('',(0.,0.,-1.));
#9120=DIRECTION('',(-0.70711,-0.70711,0.));
#9121=AXIS2_PLACEMENT_3D('',#9118,#9119,#9120);
#9122=PLANE('',#9121);
#9123=ADVANCED_FACE('',(#9117),#9122,.T.);
#9124=CARTESIAN_POINT('',(-17.95673,-17.95673,-17.14286));
#9125=VERTEX_POINT('',#9124);
#9126=DIRECTION('',(0.41556,0.41556,0.80909));
#9127=VECTOR('',#9126,3.53132);
#9128=LINE('',#9098,#9127);
#9129=EDGE_CURVE('',#9099,#9125,#9128,.T.);
#9130=ORIENTED_EDGE('',*,*,#9129,.T.);
#9131=DIRECTION('',(0.64945,-0.76041,0.));
#9132=VECTOR('',#9131,3.98488);
#9133=LINE('',#8750,#9132);
#9134=EDGE_CURVE('',#8751,#9125,#9133,.T.);
#9135=ORIENTED_EDGE('',*,*,#9134,.F.);
#9136=ORIENTED_EDGE('',*,*,#8755,.F.);
#9137=ORIENTED_EDGE('',*,*,#9108,.T.);
#9138=EDGE_LOOP('',(#9130,#9135,#9136,#9137));
#9139=FACE_OUTER_BOUND('',#9138,.T.);
#9140=CARTESIAN_POINT('',(-19.4242,-19.4242,-20.));
#9141=DIRECTION('',(-0.61589,-0.52602,0.5865));
#9142=DIRECTION('',(0.41556,0.41556,0.80909));
#9143=AXIS2_PLACEMENT_3D('',#9140,#9141,#9142);
#9144=PLANE('',#9143);
#9145=ADVANCED_FACE('',(#9139),#9144,.T.);
#9146=CARTESIAN_POINT('',(-16.79906,-16.79906,-14.28571));
#9147=VERTEX_POINT('',#9146);
#9148=DIRECTION('',(0.35156,0.35156,0.86765));
#9149=VECTOR('',#9148,3.29297);
#9150=LINE('',#9124,#9149);
#9151=EDGE_CURVE('',#9125,#9147,#9150,.T.);
#9152=ORIENTED_EDGE('',*,*,#9151,.T.);
#9153=DIRECTION('',(0.64945,-0.76041,0.));
#9154=VECTOR('',#9153,3.72798);
#9155=LINE('',#8772,#9154);
#9156=EDGE_CURVE('',#8773,#9147,#9155,.T.);
#9157=ORIENTED_EDGE('',*,*,#9156,.F.);
#9158=ORIENTED_EDGE('',*,*,#8777,.F.);
#9159=ORIENTED_EDGE('',*,*,#9134,.T.);
#9160=EDGE_LOOP('',(#9152,#9157,#9158,#9159));
#9161=FACE_OUTER_BOUND('',#9160,.T.);
#9162=CARTESIAN_POINT('',(-17.95673,-17.95673,-17.14286));
#9163=DIRECTION('',(-0.66027,-0.56392,0.49602));
#9164=DIRECTION('',(0.35156,0.35156,0.86765));
#9165=AXIS2_PLACEMENT_3D('',#9162,#9163,#9164);
#9166=PLANE('',#9165);
#9167=ADVANCED_FACE('',(#9161),#9166,.T.);
#9168=CARTESIAN_POINT('',(-15.8996,-15.8996,-11.42857));
#9169=VERTEX_POINT('',#9168);
#9170=DIRECTION('',(0.2876,0.2876,0.91355));
#9171=VECTOR('',#9170,3.12752);
#9172=LINE('',#9146,#9171);
#9173=EDGE_CURVE('',#9147,#9169,#9172,.T.);
#9174=ORIENTED_EDGE('',*,*,#9173,.T.);
#9175=DIRECTION('',(0.64945,-0.76041,0.));
#9176=VECTOR('',#9175,3.52837);
#9177=LINE('',#8794,#9176);
#9178=EDGE_CURVE('',#8795,#9169,#9177,.T.);
#9179=ORIENTED_EDGE('',*,*,#9178,.F.);
#9180=ORIENTED_EDGE('',*,*,#8799,.F.);
#9181=ORIENTED_EDGE('',*,*,#9156,.T.);
#9182=EDGE_LOOP('',(#9174,#9179,#9180,#9181));
#9183=FACE_OUTER_BOUND('',#9182,.T.);
#9184=CARTESIAN_POINT('',(-16.79906,-16.79906,-14.28571));
#9185=DIRECTION('',(-0.69502,-0.59361,0.40568));
#9186=DIRECTION('',(0.2876,0.2876,0.91355));
#9187=AXIS2_PLACEMENT_3D('',#9184,#9185,#9186);
#9188=PLANE('',#9187);
#9189=ADVANCED_FACE('',(#9183),#9188,.T.);
#9190=CARTESIAN_POINT('',(-15.22596,-15.22596,-8.57143));
#9191=VERTEX_POINT('',#9190);
#9192=DIRECTION('',(0.22367,0.22367,0.94865));
#9193=VECTOR('',#9192,3.01178);
#9194=LINE('',#9168,#9193);
#9195=EDGE_CURVE('',#9169,#9191,#9194,.T.);
#9196=ORIENTED_EDGE('',*,*,#9195,.T.);
#9197=DIRECTION('',(0.64945,-0.76041,0.));
#9198=VECTOR('',#9197,3.37888);
#9199=LINE('',#8816,#9198);
#9200=EDGE_CURVE('',#8817,#9191,#9199,.T.);
#9201=ORIENTED_EDGE('',*,*,#9200,.F.);
#9202=ORIENTED_EDGE('',*,*,#8821,.F.);
#9203=ORIENTED_EDGE('',*,*,#9178,.T.);
#9204=EDGE_LOOP('',(#9196,#9201,#9202,#9203));
#9205=FACE_OUTER_BOUND('',#9204,.T.);
#9206=CARTESIAN_POINT('',(-15.8996,-15.8996,-11.42857));
#9207=DIRECTION('',(-0.72158,-0.61629,0.31544));
#9208=DIRECTION('',(0.22367,0.22367,0.94865));
#9209=AXIS2_PLACEMENT_3D('',#9206,#9207,#9208);
#9210=PLANE('',#9209);
#9211=ADVANCED_FACE('',(#9205),#9210,.T.);
#9212=CARTESIAN_POINT('',(-14.7574,-14.7574,-5.71429));
#9213=VERTEX_POINT('',#9212);
#9214=DIRECTION('',(0.15975,0.15975,0.97414));
#9215=VECTOR('',#9214,2.93298);
#9216=LINE('',#9190,#9215);
#9217=EDGE_CURVE('',#9191,#9213,#9216,.T.);
#9218=ORIENTED_EDGE('',*,*,#9217,.T.);
#9219=DIRECTION('',(0.64945,-0.76041,0.));
#9220=VECTOR('',#9219,3.2749);
#9221=LINE('',#8838,#9220);
#9222=EDGE_CURVE('',#8839,#9213,#9221,.T.);
#9223=ORIENTED_EDGE('',*,*,#9222,.F.);
#9224=ORIENTED_EDGE('',*,*,#8843,.F.);
#9225=ORIENTED_EDGE('',*,*,#9200,.T.);
#9226=EDGE_LOOP('',(#9218,#9223,#9224,#9225));
#9227=FACE_OUTER_BOUND('',#9226,.T.);
#9228=CARTESIAN_POINT('',(-15.22596,-15.22596,-8.57143));
#9229=DIRECTION('',(-0.74086,-0.63276,0.22526));
#9230=DIRECTION('',(0.15975,0.15975,0.97414));
#9231=AXIS2_PLACEMENT_3D('',#9228,#9229,#9230);
#9232=PLANE('',#9231);
#9233=ADVANCED_FACE('',(#9227),#9232,.T.);
#9234=CARTESIAN_POINT('',(-14.481,-14.481,-2.85714));
#9235=VERTEX_POINT('',#9234);
#9236=DIRECTION('',(0.09585,0.09585,0.99077));
#9237=VECTOR('',#9236,2.88376);
#9238=LINE('',#9212,#9237);
#9239=EDGE_CURVE('',#9213,#9235,#9238,.T.);
#9240=ORIENTED_EDGE('',*,*,#9239,.T.);
#9241=DIRECTION('',(0.64945,-0.76041,0.));
#9242=VECTOR('',#9241,3.21356);
#9243=LINE('',#8860,#9242);
#9244=EDGE_CURVE('',#8861,#9235,#9243,.T.);
#9245=ORIENTED_EDGE('',*,*,#9244,.F.);
#9246=ORIENTED_EDGE('',*,*,#8865,.F.);
#9247=ORIENTED_EDGE('',*,*,#9222,.T.);
#9248=EDGE_LOOP('',(#9240,#9245,#9246,#9247));
#9249=FACE_OUTER_BOUND('',#9248,.T.);
#9250=CARTESIAN_POINT('',(-14.7574,-14.7574,-5.71429));
#9251=DIRECTION('',(-0.75343,-0.64349,0.13514));
#9252=DIRECTION('',(0.09585,0.09585,0.99077));
#9253=AXIS2_PLACEMENT_3D('',#9250,#9251,#9252);
#9254=PLANE('',#9253);
#9255=ADVANCED_FACE('',(#9249),#9254,.T.);
#9256=CARTESIAN_POINT('',(-14.38962,-14.38962,0.));
#9257=VERTEX_POINT('',#9256);
#9258=DIRECTION('',(0.03195,0.03195,0.99898));
#9259=VECTOR('',#9258,2.86006);
#9260=LINE('',#9234,#9259);
#9261=EDGE_CURVE('',#9235,#9257,#9260,.T.);
#9262=ORIENTED_EDGE('',*,*,#9261,.T.);
#9263=DIRECTION('',(0.64945,-0.76041,0.));
#9264=VECTOR('',#9263,3.19329);
#9265=LINE('',#8882,#9264);
#9266=EDGE_CURVE('',#8883,#9257,#9265,.T.);
#9267=ORIENTED_EDGE('',*,*,#9266,.F.);
#9268=ORIENTED_EDGE('',*,*,#8887,.F.);
#9269=ORIENTED_EDGE('',*,*,#9244,.T.);
#9270=EDGE_LOOP('',(#9262,#9267,#9268,#9269));
#9271=FACE_OUTER_BOUND('',#9270,.T.);
#9272=CARTESIAN_POINT('',(-14.481,-14.481,-2.85714));
#9273=DIRECTION('',(-0.75963,-0.64879,0.04504));
#9274=DIRECTION('',(0.03195,0.03195,0.99898));
#9275=AXIS2_PLACEMENT_3D('',#9272,#9273,#9274);
#9276=PLANE('',#9275);
#9277=ADVANCED_FACE('',(#9271),#9276,.T.);
#9278=CARTESIAN_POINT('',(-14.481,-14.481,2.85714));
#9279=VERTEX_POINT('',#9278);
#9280=DIRECTION('',(-0.03195,-0.03195,0.99898));
#9281=VECTOR('',#9280,2.86006);
#9282=LINE('',#9256,#9281);
#9283=EDGE_CURVE('',#9257,#9279,#9282,.T.);
#9284=ORIENTED_EDGE('',*,*,#9283,.T.);
#9285=DIRECTION('',(0.64945,-0.76041,0.));
#9286=VECTOR('',#9285,3.21356);
#9287=LINE('',#8904,#9286);
#9288=EDGE_CURVE('',#8905,#9279,#9287,.T.);
#9289=ORIENTED_EDGE('',*,*,#9288,.F.);
#9290=ORIENTED_EDGE('',*,*,#8909,.F.);
#9291=ORIENTED_EDGE('',*,*,#9266,.T.);
#9292=EDGE_LOOP('',(#9284,#9289,#9290,#9291));
#9293=FACE_OUTER_BOUND('',#9292,.T.);
#9294=CARTESIAN_POINT('',(-14.38962,-14.38962,0.));
#9295=DIRECTION('',(-0.75963,-0.64879,-0.04504));
#9296=DIRECTION('',(-0.03195,-0.03195,0.99898));
#9297=AXIS2_PLACEMENT_3D('',#9294,#9295,#9296);
#9298=PLANE('',#9297);
#9299=ADVANCED_FACE('',(#9293),#9298,.T.);
#9300=CARTESIAN_POINT('',(-14.7574,-14.7574,5.71429));
#9301=VERTEX_POINT('',#9300);
#9302=DIRECTION('',(-0.09585,-0.09585,0.99077));
#9303=VECTOR('',#9302,2.88376);
#9304=LINE('',#9278,#9303);
#9305=EDGE_CURVE('',#9279,#9301,#9304,.T.);
#9306=ORIENTED_EDGE('',*,*,#9305,.T.);
#9307=DIRECTION('',(0.64945,-0.76041,0.));
#9308=VECTOR('',#9307,3.2749);
#9309=LINE('',#8926,#9308);
#9310=EDGE_CURVE('',#8927,#9301,#9309,.T.);
#9311=ORIENTED_EDGE('',*,*,#9310,.F.);
#9312=ORIENTED_EDGE('',*,*,#8931,.F.);
#9313=ORIENTED_EDGE('',*,*,#9288,.T.);
#9314=EDGE_LOOP('',(#9306,#9311,#9312,#9313));
#9315=FACE_OUTER_BOUND('',#9314,.T.);
#9316=CARTESIAN_POINT('',(-14.481,-14.481,2.85714));
#9317=DIRECTION('',(-0.75343,-0.64349,-0.13514));
#9318=DIRECTION('',(-0.09585,-0.09585,0.99077));
#9319=AXIS2_PLACEMENT_3D('',#9316,#9317,#9318);
#9320=PLANE('',#9319);
#9321=ADVANCED_FACE('',(#9315),#9320,.T.);
#9322=CARTESIAN_POINT('',(-15.22596,-15.22596,8.57143));
#9323=VERTEX_POINT('',#9322);
#9324=DIRECTION('',(-0.15975,-0.15975,0.97414));
#9325=VECTOR('',#9324,2.93298);
#9326=LINE('',#9300,#9325);
#9327=EDGE_CURVE('',#9301,#9323,#9326,.T.);
#9328=ORIENTED_EDGE('',*,*,#9327,.T.);
#9329=DIRECTION('',(0.64945,-0.76041,0.));
#9330=VECTOR('',#9329,3.37888);
#9331=LINE('',#8948,#9330);
#9332=EDGE_CURVE('',#8949,#9323,#9331,.T.);
#9333=ORIENTED_EDGE('',*,*,#9332,.F.);
#9334=ORIENTED_EDGE('',*,*,#8953,.F.);
#9335=ORIENTED_EDGE('',*,*,#9310,.T.);
#9336=EDGE_LOOP('',(#9328,#9333,#9334,#9335));
#9337=FACE_OUTER_BOUND('',#9336,.T.);
#9338=CARTESIAN_POINT('',(-14.7574,-14.7574,5.71429));
#9339=DIRECTION('',(-0.74086,-0.63276,-0.22526));
#9340=DIRECTION('',(-0.15975,-0.15975,0.97414));
#9341=AXIS2_PLACEMENT_3D('',#9338,#9339,#9340);
#9342=PLANE('',#9341);
#9343=ADVANCED_FACE('',(#9337),#9342,.T.);
#9344=CARTESIAN_POINT('',(-15.8996,-15.8996,11.42857));
#9345=VERTEX_POINT('',#9344);
#9346=DIRECTION('',(-0.22367,-0.22367,0.94865));
#9347=VECTOR('',#9346,3.01178);
#9348=LINE('',#9322,#9347);
#9349=EDGE_CURVE('',#9323,#9345,#9348,.T.);
#9350=ORIENTED_EDGE('',*,*,#9349,.T.);
#9351=DIRECTION('',(0.64945,-0.76041,0.));
#9352=VECTOR('',#9351,3.52837);
#9353=LINE('',#8970,#9352);
#9354=EDGE_CURVE('',#8971,#9345,#9353,.T.);
#9355=ORIENTED_EDGE('',*,*,#9354,.F.);
#9356=ORIENTED_EDGE('',*,*,#8975,.F.);
#9357=ORIENTED_EDGE('',*,*,#9332,.T.);
#9358=EDGE_LOOP('',(#9350,#9355,#9356,#9357));
#9359=FACE_OUTER_BOUND('',#9358,.T.);
#9360=CARTESIAN_POINT('',(-15.22596,-15.22596,8.57143));
#9361=DIRECTION('',(-0.72158,-0.61629,-0.31544));
#9362=DIRECTION('',(-0.22367,-0.22367,0.94865));
#9363=AXIS2_PLACEMENT_3D('',#9360,#9361,#9362);
#9364=PLANE('',#9363);
#9365=ADVANCED_FACE('',(#9359),#9364,.T.);
#9366=CARTESIAN_POINT('',(-16.79906,-16.79906,14.28571));
#9367=VERTEX_POINT('',#9366);
#9368=DIRECTION('',(-0.2876,-0.2876,0.91355));
#9369=VECTOR('',#9368,3.12752);
#9370=LINE('',#9344,#9369);
#9371=EDGE_CURVE('',#9345,#9367,#9370,.T.);
#9372=ORIENTED_EDGE('',*,*,#9371,.T.);
#9373=DIRECTION('',(0.64945,-0.76041,0.));
#9374=VECTOR('',#9373,3.72798);
#9375=LINE('',#8992,#9374);
#9376=EDGE_CURVE('',#8993,#9367,#9375,.T.);
#9377=ORIENTED_EDGE('',*,*,#9376,.F.);
#9378=ORIENTED_EDGE('',*,*,#8997,.F.);
#9379=ORIENTED_EDGE('',*,*,#9354,.T.);
#9380=EDGE_LOOP('',(#9372,#9377,#9378,#9379));
#9381=FACE_OUTER_BOUND('',#9380,.T.);
#9382=CARTESIAN_POINT('',(-15.8996,-15.8996,11.42857));
#9383=DIRECTION('',(-0.69502,-0.59361,-0.40568));
#9384=DIRECTION('',(-0.2876,-0.2876,0.91355));
#9385=AXIS2_PLACEMENT_3D('',#9382,#9383,#9384);
#9386=PLANE('',#9385);
#9387=ADVANCED_FACE('',(#9381),#9386,.T.);
#9388=CARTESIAN_POINT('',(-17.95673,-17.95673,17.14286));
#9389=VERTEX_POINT('',#9388);
#9390=DIRECTION('',(-0.35156,-0.35156,0.86765));
#9391=VECTOR('',#9390,3.29297);
#9392=LINE('',#9366,#9391);
#9393=EDGE_CURVE('',#9367,#9389,#9392,.T.);
#9394=ORIENTED_EDGE('',*,*,#9393,.T.);
#9395=DIRECTION('',(0.64945,-0.76041,0.));
#9396=VECTOR('',#9395,3.98488);
#9397=LINE('',#9014,#9396);
#9398=EDGE_CURVE('',#9015,#9389,#9397,.T.);
#9399=ORIENTED_EDGE('',*,*,#9398,.F.);
#9400=ORIENTED_EDGE('',*,*,#9019,.F.);
#9401=ORIENTED_EDGE('',*,*,#9376,.T.);
#9402=EDGE_LOOP('',(#9394,#9399,#9400,#9401));
#9403=FACE_OUTER_BOUND('',#9402,.T.);
#9404=CARTESIAN_POINT('',(-16.79906,-16.79906,14.28571));
#9405=DIRECTION('',(-0.66027,-0.56392,-0.49602));
#9406=DIRECTION('',(-0.35156,-0.35156,0.86765));
#9407=AXIS2_PLACEMENT_3D('',#9404,#9405,#9406);
#9408=PLANE('',#9407);
#9409=ADVANCED_FACE('',(#9403),#9408,.T.);
#9410=CARTESIAN_POINT('',(-19.4242,-19.4242,20.));
#9411=VERTEX_POINT('',#9410);
#9412=DIRECTION('',(-0.41556,-0.41556,0.80909));
#9413=VECTOR('',#9412,3.53132);
#9414=LINE('',#9388,#9413);
#9415=EDGE_CURVE('',#9389,#9411,#9414,.T.);
#9416=ORIENTED_EDGE('',*,*,#9415,.T.);
#9417=DIRECTION('',(0.64945,-0.76041,0.));
#9418=VECTOR('',#9417,4.31054);
#9419=LINE('',#9036,#9418);
#9420=EDGE_CURVE('',#9037,#9411,#9419,.T.);
#9421=ORIENTED_EDGE('',*,*,#9420,.F.);
#9422=ORIENTED_EDGE('',*,*,#9041,.F.);
#9423=ORIENTED_EDGE('',*,*,#9398,.T.);
#9424=EDGE_LOOP('',(#9416,#9421,#9422,#9423));
#9425=FACE_OUTER_BOUND('',#9424,.T.);
#9426=CARTESIAN_POINT('',(-17.95673,-17.95673,17.14286));
#9427=DIRECTION('',(-0.61589,-0.52602,-0.5865));
#9428=DIRECTION('',(-0.41556,-0.41556,0.80909));
#9429=AXIS2_PLACEMENT_3D('',#9426,#9427,#9428);
#9430=PLANE('',#9429);
#9431=ADVANCED_FACE('',(#9425),#9430,.T.);
#9432=CARTESIAN_POINT('',(-3.88909,-3.88909,20.));
#9433=VERTEX_POINT('',#9432);
#9434=DIRECTION('',(0.70711,0.70711,0.));
#9435=VECTOR('',#9434,21.96997);
#9436=LINE('',#9410,#9435);
#9437=EDGE_CURVE('',#9411,#9433,#9436,.T.);
#9438=ORIENTED_EDGE('',*,*,#9437,.T.);
#9439=DIRECTION('',(0.64945,-0.76041,0.));
#9440=VECTOR('',#9439,0.86305);
#9441=LINE('',#9058,#9440);
#9442=EDGE_CURVE('',#9059,#9433,#9441,.T.);
#9443=ORIENTED_EDGE('',*,*,#9442,.F.);
#9444=ORIENTED_EDGE('',*,*,#9063,.F.);
#9445=ORIENTED_EDGE('',*,*,#9420,.T.);
#9446=EDGE_LOOP('',(#9438,#9443,#9444,#9445));
#9447=FACE_OUTER_BOUND('',#9446,.T.);
#9448=CARTESIAN_POINT('',(-19.4242,-19.4242,20.));
#9449=DIRECTION('',(0.,0.,1.));
#9450=DIRECTION('',(0.70711,0.70711,0.));
#9451=AXIS2_PLACEMENT_3D('',#9448,#9449,#9450);
#9452=PLANE('',#9451);
#9453=ADVANCED_FACE('',(#9447),#9452,.T.);
#9454=DIRECTION('',(0.,0.,1.));
#9455=VECTOR('',#9454,40.);
#9456=LINE('',#9096,#9455);
#9457=EDGE_CURVE('',#9097,#9433,#9456,.T.);
#9458=ORIENTED_EDGE('',*,*,#9457,.F.);
#9459=ORIENTED_EDGE('',*,*,#9114,.F.);
#9460=ORIENTED_EDGE('',*,*,#9083,.T.);
#9461=ORIENTED_EDGE('',*,*,#9442,.T.);
#9462=EDGE_LOOP('',(#9458,#9459,#9460,#9461));
#9463=FACE_OUTER_BOUND('',#9462,.T.);
#9464=CARTESIAN_POINT('',(-3.88909,-3.88909,20.));
#9465=DIRECTION('',(0.76041,0.64945,0.));
#9466=DIRECTION('',(0.,0.,-1.));
#9467=AXIS2_PLACEMENT_3D('',#9464,#9465,#9466);
#9468=PLANE('',#9467);
#9469=ADVANCED_FACE('',(#9463),#9468,.T.);
#9470=CARTESIAN_POINT('',(-3.23282,-4.44959,-20.));
#9471=VERTEX_POINT('',#9470);
#9472=CARTESIAN_POINT('',(-16.14644,-22.22367,-20.));
#9473=VERTEX_POINT('',#9472);
#9474=DIRECTION('',(-0.58779,-0.80902,0.));
#9475=VECTOR('',#9474,21.96997);
#9476=LINE('',#9470,#9475);
#9477=EDGE_CURVE('',#9471,#9473,#9476,.T.);
#9478=ORIENTED_EDGE('',*,*,#9477,.T.);
#9479=DIRECTION('',(0.76041,-0.64945,0.));
#9480=VECTOR('',#9479,4.31054);
#9481=LINE('',#9098,#9480);
#9482=EDGE_CURVE('',#9099,#9473,#9481,.T.);
#9483=ORIENTED_EDGE('',*,*,#9482,.F.);
#9484=ORIENTED_EDGE('',*,*,#9103,.F.);
#9485=DIRECTION('',(0.76041,-0.64945,0.));
#9486=VECTOR('',#9485,0.86305);
#9487=LINE('',#9096,#9486);
#9488=EDGE_CURVE('',#9097,#9471,#9487,.T.);
#9489=ORIENTED_EDGE('',*,*,#9488,.T.);
#9490=EDGE_LOOP('',(#9478,#9483,#9484,#9489));
#9491=FACE_OUTER_BOUND('',#9490,.T.);
#9492=CARTESIAN_POINT('',(-3.23282,-4.44959,-20.));
#9493=DIRECTION('',(0.,0.,-1.));
#9494=DIRECTION('',(-0.58779,-0.80902,0.));
#9495=AXIS2_PLACEMENT_3D('',#9492,#9493,#9494);
#9496=PLANE('',#9495);
#9497=ADVANCED_FACE('',(#9491),#9496,.T.);
#9498=CARTESIAN_POINT('',(-14.9266,-20.5447,-17.14286));
#9499=VERTEX_POINT('',#9498);
#9500=DIRECTION('',(0.34544,0.47545,0.80909));
#9501=VECTOR('',#9500,3.53132);
#9502=LINE('',#9472,#9501);
#9503=EDGE_CURVE('',#9473,#9499,#9502,.T.);
#9504=ORIENTED_EDGE('',*,*,#9503,.T.);
#9505=DIRECTION('',(0.76041,-0.64945,0.));
#9506=VECTOR('',#9505,3.98488);
#9507=LINE('',#9124,#9506);
#9508=EDGE_CURVE('',#9125,#9499,#9507,.T.);
#9509=ORIENTED_EDGE('',*,*,#9508,.F.);
#9510=ORIENTED_EDGE('',*,*,#9129,.F.);
#9511=ORIENTED_EDGE('',*,*,#9482,.T.);
#9512=EDGE_LOOP('',(#9504,#9509,#9510,#9511));
#9513=FACE_OUTER_BOUND('',#9512,.T.);
#9514=CARTESIAN_POINT('',(-16.14644,-22.22367,-20.));
#9515=DIRECTION('',(-0.52602,-0.61589,0.5865));
#9516=DIRECTION('',(0.34544,0.47545,0.80909));
#9517=AXIS2_PLACEMENT_3D('',#9514,#9515,#9516);
#9518=PLANE('',#9517);
#9519=ADVANCED_FACE('',(#9513),#9518,.T.);
#9520=CARTESIAN_POINT('',(-13.96429,-19.22019,-14.28571));
#9521=VERTEX_POINT('',#9520);
#9522=DIRECTION('',(0.29223,0.40222,0.86765));
#9523=VECTOR('',#9522,3.29297);
#9524=LINE('',#9498,#9523);
#9525=EDGE_CURVE('',#9499,#9521,#9524,.T.);
#9526=ORIENTED_EDGE('',*,*,#9525,.T.);
#9527=DIRECTION('',(0.76041,-0.64945,0.));
#9528=VECTOR('',#9527,3.72798);
#9529=LINE('',#9146,#9528);
#9530=EDGE_CURVE('',#9147,#9521,#9529,.T.);
#9531=ORIENTED_EDGE('',*,*,#9530,.F.);
#9532=ORIENTED_EDGE('',*,*,#9151,.F.);
#9533=ORIENTED_EDGE('',*,*,#9508,.T.);
#9534=EDGE_LOOP('',(#9526,#9531,#9532,#9533));
#9535=FACE_OUTER_BOUND('',#9534,.T.);
#9536=CARTESIAN_POINT('',(-14.9266,-20.5447,-17.14286));
#9537=DIRECTION('',(-0.56392,-0.66027,0.49602));
#9538=DIRECTION('',(0.29223,0.40222,0.86765));
#9539=AXIS2_PLACEMENT_3D('',#9536,#9537,#9538);
#9540=PLANE('',#9539);
#9541=ADVANCED_FACE('',(#9535),#9540,.T.);
#9542=CARTESIAN_POINT('',(-13.2166,-18.19109,-11.42857));
#9543=VERTEX_POINT('',#9542);
#9544=DIRECTION('',(0.23907,0.32905,0.91355));
#9545=VECTOR('',#9544,3.12752);
#9546=LINE('',#9520,#9545);
#9547=EDGE_CURVE('',#9521,#9543,#9546,.T.);
#9548=ORIENTED_EDGE('',*,*,#9547,.T.);
#9549=DIRECTION('',(0.76041,-0.64945,0.));
#9550=VECTOR('',#9549,3.52837);
#9551=LINE('',#9168,#9550);
#9552=EDGE_CURVE('',#9169,#9543,#9551,.T.);
#9553=ORIENTED_EDGE('',*,*,#9552,.F.);
#9554=ORIENTED_EDGE('',*,*,#9173,.F.);
#9555=ORIENTED_EDGE('',*,*,#9530,.T.);
#9556=EDGE_LOOP('',(#9548,#9553,#9554,#9555));
#9557=FACE_OUTER_BOUND('',#9556,.T.);
#9558=CARTESIAN_POINT('',(-13.96429,-19.22019,-14.28571));
#9559=DIRECTION('',(-0.59361,-0.69502,0.40568));
#9560=DIRECTION('',(0.23907,0.32905,0.91355));
#9561=AXIS2_PLACEMENT_3D('',#9558,#9559,#9560);
#9562=PLANE('',#9561);
#9563=ADVANCED_FACE('',(#9557),#9562,.T.);
#9564=CARTESIAN_POINT('',(-12.65663,-17.42036,-8.57143));
#9565=VERTEX_POINT('',#9564);
#9566=DIRECTION('',(0.18592,0.2559,0.94865));
#9567=VECTOR('',#9566,3.01178);
#9568=LINE('',#9542,#9567);
#9569=EDGE_CURVE('',#9543,#9565,#9568,.T.);
#9570=ORIENTED_EDGE('',*,*,#9569,.T.);
#9571=DIRECTION('',(0.76041,-0.64945,0.));
#9572=VECTOR('',#9571,3.37888);
#9573=LINE('',#9190,#9572);
#9574=EDGE_CURVE('',#9191,#9565,#9573,.T.);
#9575=ORIENTED_EDGE('',*,*,#9574,.F.);
#9576=ORIENTED_EDGE('',*,*,#9195,.F.);
#9577=ORIENTED_EDGE('',*,*,#9552,.T.);
#9578=EDGE_LOOP('',(#9570,#9575,#9576,#9577));
#9579=FACE_OUTER_BOUND('',#9578,.T.);
#9580=CARTESIAN_POINT('',(-13.2166,-18.19109,-11.42857));
#9581=DIRECTION('',(-0.61629,-0.72158,0.31544));
#9582=DIRECTION('',(0.18592,0.2559,0.94865));
#9583=AXIS2_PLACEMENT_3D('',#9580,#9581,#9582);
#9584=PLANE('',#9583);
#9585=ADVANCED_FACE('',(#9579),#9584,.T.);
#9586=CARTESIAN_POINT('',(-12.26715,-16.88428,-5.71429));
#9587=VERTEX_POINT('',#9586);
#9588=DIRECTION('',(0.1328,0.18278,0.97414));
#9589=VECTOR('',#9588,2.93298);
#9590=LINE('',#9564,#9589);
#9591=EDGE_CURVE('',#9565,#9587,#9590,.T.);
#9592=ORIENTED_EDGE('',*,*,#9591,.T.);
#9593=DIRECTION('',(0.76041,-0.64945,0.));
#9594=VECTOR('',#9593,3.2749);
#9595=LINE('',#9212,#9594);
#9596=EDGE_CURVE('',#9213,#9587,#9595,.T.);
#9597=ORIENTED_EDGE('',*,*,#9596,.F.);
#9598=ORIENTED_EDGE('',*,*,#9217,.F.);
#9599=ORIENTED_EDGE('',*,*,#9574,.T.);
#9600=EDGE_LOOP('',(#9592,#9597,#9598,#9599));
#9601=FACE_OUTER_BOUND('',#9600,.T.);
#9602=CARTESIAN_POINT('',(-12.65663,-17.42036,-8.57143));
#9603=DIRECTION('',(-0.63276,-0.74086,0.22526));
#9604=DIRECTION('',(0.1328,0.18278,0.97414));
#9605=AXIS2_PLACEMENT_3D('',#9602,#9603,#9604);
#9606=PLANE('',#9605);
#9607=ADVANCED_FACE('',(#9601),#9606,.T.);
#9608=CARTESIAN_POINT('',(-12.03739,-16.56804,-2.85714));
#9609=VERTEX_POINT('',#9608);
#9610=DIRECTION('',(0.07967,0.10966,0.99077));
#9611=VECTOR('',#9610,2.88376);
#9612=LINE('',#9586,#9611);
#9613=EDGE_CURVE('',#9587,#9609,#9612,.T.);
#9614=ORIENTED_EDGE('',*,*,#9613,.T.);
#9615=DIRECTION('',(0.76041,-0.64945,0.));
#9616=VECTOR('',#9615,3.21356);
#9617=LINE('',#9234,#9616);
#9618=EDGE_CURVE('',#9235,#9609,#9617,.T.);
#9619=ORIENTED_EDGE('',*,*,#9618,.F.);
#9620=ORIENTED_EDGE('',*,*,#9239,.F.);
#9621=ORIENTED_EDGE('',*,*,#9596,.T.);
#9622=EDGE_LOOP('',(#9614,#9619,#9620,#9621));
#9623=FACE_OUTER_BOUND('',#9622,.T.);
#9624=CARTESIAN_POINT('',(-12.26715,-16.88428,-5.71429));
#9625=DIRECTION('',(-0.64349,-0.75343,0.13514));
#9626=DIRECTION('',(0.07967,0.10966,0.99077));
#9627=AXIS2_PLACEMENT_3D('',#9624,#9625,#9626);
#9628=PLANE('',#9627);
#9629=ADVANCED_FACE('',(#9623),#9628,.T.);
#9630=CARTESIAN_POINT('',(-11.96143,-16.4635,0.));
#9631=VERTEX_POINT('',#9630);
#9632=DIRECTION('',(0.02656,0.03655,0.99898));
#9633=VECTOR('',#9632,2.86006);
#9634=LINE('',#9608,#9633);
#9635=EDGE_CURVE('',#9609,#9631,#9634,.T.);
#9636=ORIENTED_EDGE('',*,*,#9635,.T.);
#9637=DIRECTION('',(0.76041,-0.64945,0.));
#9638=VECTOR('',#9637,3.19329);
#9639=LINE('',#9256,#9638);
#9640=EDGE_CURVE('',#9257,#9631,#9639,.T.);
#9641=ORIENTED_EDGE('',*,*,#9640,.F.);
#9642=ORIENTED_EDGE('',*,*,#9261,.F.);
#9643=ORIENTED_EDGE('',*,*,#9618,.T.);
#9644=EDGE_LOOP('',(#9636,#9641,#9642,#9643));
#9645=FACE_OUTER_BOUND('',#9644,.T.);
#9646=CARTESIAN_POINT('',(-12.03739,-16.56804,-2.85714));
#9647=DIRECTION('',(-0.64879,-0.75963,0.04504));
#9648=DIRECTION('',(0.02656,0.03655,0.99898));
#9649=AXIS2_PLACEMENT_3D('',#9646,#9647,#9648);
#9650=PLANE('',#9649);
#9651=ADVANCED_FACE('',(#9645),#9650,.T.);
#9652=CARTESIAN_POINT('',(-12.03739,-16.56804,2.85714));
#9653=VERTEX_POINT('',#9652);
#9654=DIRECTION('',(-0.02656,-0.03655,0.99898));
#9655=VECTOR('',#9654,2.86006);
#9656=LINE('',#9630,#9655);
#9657=EDGE_CURVE('',#9631,#9653,#9656,.T.);
#9658=ORIENTED_EDGE('',*,*,#9657,.T.);
#9659=DIRECTION('',(0.76041,-0.64945,0.));
#9660=VECTOR('',#9659,3.21356);
#9661=LINE('',#9278,#9660);
#9662=EDGE_CURVE('',#9279,#9653,#9661,.T.);
#9663=ORIENTED_EDGE('',*,*,#9662,.F.);
#9664=ORIENTED_EDGE('',*,*,#9283,.F.);
#9665=ORIENTED_EDGE('',*,*,#9640,.T.);
#9666=EDGE_LOOP('',(#9658,#9663,#9664,#9665));
#9667=FACE_OUTER_BOUND('',#9666,.T.);
#9668=CARTESIAN_POINT('',(-11.96143,-16.4635,0.));
#9669=DIRECTION('',(-0.64879,-0.75963,-0.04504));
#9670=DIRECTION('',(-0.02656,-0.03655,0.99898));
#9671=AXIS2_PLACEMENT_3D('',#9668,#9669,#9670);
#9672=PLANE('',#9671);
#9673=ADVANCED_FACE('',(#9667),#9672,.T.);
#9674=CARTESIAN_POINT('',(-12.26715,-16.88428,5.71429));
#9675=VERTEX_POINT('',#9674);
#9676=DIRECTION('',(-0.07967,-0.10966,0.99077));
#9677=VECTOR('',#9676,2.88376);
#9678=LINE('',#9652,#9677);
#9679=EDGE_CURVE('',#9653,#9675,#9678,.T.);
#9680=ORIENTED_EDGE('',*,*,#9679,.T.);
#9681=DIRECTION('',(0.76041,-0.64945,0.));
#9682=VECTOR('',#9681,3.2749);
#9683=LINE('',#9300,#9682);
#9684=EDGE_CURVE('',#9301,#9675,#9683,.T.);
#9685=ORIENTED_EDGE('',*,*,#9684,.F.);
#9686=ORIENTED_EDGE('',*,*,#9305,.F.);
#9687=ORIENTED_EDGE('',*,*,#9662,.T.);
#9688=EDGE_LOOP('',(#9680,#9685,#9686,#9687));
#9689=FACE_OUTER_BOUND('',#9688,.T.);
#9690=CARTESIAN_POINT('',(-12.03739,-16.56804,2.85714));
#9691=DIRECTION('',(-0.64349,-0.75343,-0.13514));
#9692=DIRECTION('',(-0.07967,-0.10966,0.99077));
#9693=AXIS2_PLACEMENT_3D('',#9690,#9691,#9692);
#9694=PLANE('',#9693);
#9695=ADVANCED_FACE('',(#9689),#9694,.T.);
#9696=CARTESIAN_POINT('',(-12.65663,-17.42036,8.57143));
#9697=VERTEX_POINT('',#9696);
#9698=DIRECTION('',(-0.1328,-0.18278,0.97414));
#9699=VECTOR('',#9698,2.93298);
#9700=LINE('',#9674,#9699);
#9701=EDGE_CURVE('',#9675,#9697,#9700,.T.);
#9702=ORIENTED_EDGE('',*,*,#9701,.T.);
#9703=DIRECTION('',(0.76041,-0.64945,0.));
#9704=VECTOR('',#9703,3.37888);
#9705=LINE('',#9322,#9704);
#9706=EDGE_CURVE('',#9323,#9697,#9705,.T.);
#9707=ORIENTED_EDGE('',*,*,#9706,.F.);
#9708=ORIENTED_EDGE('',*,*,#9327,.F.);
#9709=ORIENTED_EDGE('',*,*,#9684,.T.);
#9710=EDGE_LOOP('',(#9702,#9707,#9708,#9709));
#9711=FACE_OUTER_BOUND('',#9710,.T.);
#9712=CARTESIAN_POINT('',(-12.26715,-16.88428,5.71429));
#9713=DIRECTION('',(-0.63276,-0.74086,-0.22526));
#9714=DIRECTION('',(-0.1328,-0.18278,0.97414));
#9715=AXIS2_PLACEMENT_3D('',#9712,#9713,#9714);
#9716=PLANE('',#9715);
#9717=ADVANCED_FACE('',(#9711),#9716,.T.);
#9718=CARTESIAN_POINT('',(-13.2166,-18.19109,11.42857));
#9719=VERTEX_POINT('',#9718);
#9720=DIRECTION('',(-0.18592,-0.2559,0.94865));
#9721=VECTOR('',#9720,3.01178);
#9722=LINE('',#9696,#9721);
#9723=EDGE_CURVE('',#9697,#9719,#9722,.T.);
#9724=ORIENTED_EDGE('',*,*,#9723,.T.);
#9725=DIRECTION('',(0.76041,-0.64945,0.));
#9726=VECTOR('',#9725,3.52837);
#9727=LINE('',#9344,#9726);
#9728=EDGE_CURVE('',#9345,#9719,#9727,.T.);
#9729=ORIENTED_EDGE('',*,*,#9728,.F.);
#9730=ORIENTED_EDGE('',*,*,#9349,.F.);
#9731=ORIENTED_EDGE('',*,*,#9706,.T.);
#9732=EDGE_LOOP('',(#9724,#9729,#9730,#9731));
#9733=FACE_OUTER_BOUND('',#9732,.T.);
#9734=CARTESIAN_POINT('',(-12.65663,-17.42036,8.57143));
#9735=DIRECTION('',(-0.61629,-0.72158,-0.31544));
#9736=DIRECTION('',(-0.18592,-0.2559,0.94865));
#9737=AXIS2_PLACEMENT_3D('',#9734,#9735,#9736);
#9738=PLANE('',#9737);
#9739=ADVANCED_FACE('',(#9733),#9738,.T.);
#9740=CARTESIAN_POINT('',(-13.96429,-19.22019,14.28571));
#9741=VERTEX_POINT('',#9740);
#9742=DIRECTION('',(-0.23907,-0.32905,0.91355));
#9743=VECTOR('',#9742,3.12752);
#9744=LINE('',#9718,#9743);
#9745=EDGE_CURVE('',#9719,#9741,#9744,.T.);
#9746=ORIENTED_EDGE('',*,*,#9745,.T.);
#9747=DIRECTION('',(0.76041,-0.64945,0.));
#9748=VECTOR('',#9747,3.72798);
#9749=LINE('',#9366,#9748);
#9750=EDGE_CURVE('',#9367,#9741,#9749,.T.);
#9751=ORIENTED_EDGE('',*,*,#9750,.F.);
#9752=ORIENTED_EDGE('',*,*,#9371,.F.);
#9753=ORIENTED_EDGE('',*,*,#9728,.T.);
#9754=EDGE_LOOP('',(#9746,#9751,#9752,#9753));
#9755=FACE_OUTER_BOUND('',#9754,.T.);
#9756=CARTESIAN_POINT('',(-13.2166,-18.19109,11.42857));
#9757=DIRECTION('',(-0.59361,-0.69502,-0.40568));
#9758=DIRECTION('',(-0.23907,-0.32905,0.91355));
#9759=AXIS2_PLACEMENT_3D('',#9756,#9757,#9758);
#9760=PLANE('',#9759);
#9761=ADVANCED_FACE('',(#9755),#9760,.T.);
#9762=CARTESIAN_POINT('',(-14.9266,-20.5447,17.14286));
#9763=VERTEX_POINT('',#9762);
#9764=DIRECTION('',(-0.29223,-0.40222,0.86765));
#9765=VECTOR('',#9764,3.29297);
#9766=LINE('',#9740,#9765);
#9767=EDGE_CURVE('',#9741,#9763,#9766,.T.);
#9768=ORIENTED_EDGE('',*,*,#9767,.T.);
#9769=DIRECTION('',(0.76041,-0.64945,0.));
#9770=VECTOR('',#9769,3.98488);
#9771=LINE('',#9388,#9770);
#9772=EDGE_CURVE('',#9389,#9763,#9771,.T.);
#9773=ORIENTED_EDGE('',*,*,#9772,.F.);
#9774=ORIENTED_EDGE('',*,*,#9393,.F.);
#9775=ORIENTED_EDGE('',*,*,#9750,.T.);
#9776=EDGE_LOOP('',(#9768,#9773,#9774,#9775));
#9777=FACE_OUTER_BOUND('',#9776,.T.);
#9778=CARTESIAN_POINT('',(-13.96429,-19.22019,14.28571));
#9779=DIRECTION('',(-0.56392,-0.66027,-0.49602));
#9780=DIRECTION('',(-0.29223,-0.40222,0.86765));
#9781=AXIS2_PLACEMENT_3D('',#9778,#9779,#9780);
#9782=PLANE('',#9781);
#9783=ADVANCED_FACE('',(#9777),#9782,.T.);
#9784=CARTESIAN_POINT('',(-16.14644,-22.22367,20.));
#9785=VERTEX_POINT('',#9784);
#9786=DIRECTION('',(-0.34544,-0.47545,0.80909));
#9787=VECTOR('',#9786,3.53132);
#9788=LINE('',#9762,#9787);
#9789=EDGE_CURVE('',#9763,#9785,#9788,.T.);
#9790=ORIENTED_EDGE('',*,*,#9789,.T.);
#9791=DIRECTION('',(0.76041,-0.64945,0.));
#9792=VECTOR('',#9791,4.31054);
#9793=LINE('',#9410,#9792);
#9794=EDGE_CURVE('',#9411,#9785,#9793,.T.);
#9795=ORIENTED_EDGE('',*,*,#9794,.F.);
#9796=ORIENTED_EDGE('',*,*,#9415,.F.);
#9797=ORIENTED_EDGE('',*,*,#9772,.T.);
#9798=EDGE_LOOP('',(#9790,#9795,#9796,#9797));
#9799=FACE_OUTER_BOUND('',#9798,.T.);
#9800=CARTESIAN_POINT('',(-14.9266,-20.5447,17.14286));
#9801=DIRECTION('',(-0.52602,-0.61589,-0.5865));
#9802=DIRECTION('',(-0.34544,-0.47545,0.80909));
#9803=AXIS2_PLACEMENT_3D('',#9800,#9801,#9802);
#9804=PLANE('',#9803);
#9805=ADVANCED_FACE('',(#9799),#9804,.T.);
#9806=CARTESIAN_POINT('',(-3.23282,-4.44959,20.));
#9807=VERTEX_POINT('',#9806);
#9808=DIRECTION('',(0.58779,0.80902,0.));
#9809=VECTOR('',#9808,21.96997);
#9810=LINE('',#9784,#9809);
#9811=EDGE_CURVE('',#9785,#9807,#9810,.T.);
#9812=ORIENTED_EDGE('',*,*,#9811,.T.);
#9813=DIRECTION('',(0.76041,-0.64945,0.));
#9814=VECTOR('',#9813,0.86305);
#9815=LINE('',#9432,#9814);
#9816=EDGE_CURVE('',#9433,#9807,#9815,.T.);
#9817=ORIENTED_EDGE('',*,*,#9816,.F.);
#9818=ORIENTED_EDGE('',*,*,#9437,.F.);
#9819=ORIENTED_EDGE('',*,*,#9794,.T.);
#9820=EDGE_LOOP('',(#9812,#9817,#9818,#9819));
#9821=FACE_OUTER_BOUND('',#9820,.T.);
#9822=CARTESIAN_POINT('',(-16.14644,-22.22367,20.));
#9823=DIRECTION('',(0.,0.,1.));
#9824=DIRECTION('',(0.58779,0.80902,0.));
#9825=AXIS2_PLACEMENT_3D('',#9822,#9823,#9824);
#9826=PLANE('',#9825);
#9827=ADVANCED_FACE('',(#9821),#9826,.T.);
#9828=DIRECTION('',(0.,0.,1.));
#9829=VECTOR('',#9828,40.);
#9830=LINE('',#9470,#9829);
#9831=EDGE_CURVE('',#9471,#9807,#9830,.T.);
#9832=ORIENTED_EDGE('',*,*,#9831,.F.);
#9833=ORIENTED_EDGE('',*,*,#9488,.F.);
#9834=ORIENTED_EDGE('',*,*,#9457,.T.);
#9835=ORIENTED_EDGE('',*,*,#9816,.T.);
#9836=EDGE_LOOP('',(#9832,#9833,#9834,#9835));
#9837=FACE_OUTER_BOUND('',#9836,.T.);
#9838=CARTESIAN_POINT('',(-3.23282,-4.44959,20.));
#9839=DIRECTION('',(0.64945,0.76041,0.));
#9840=DIRECTION('',(0.,0.,-1.));
#9841=AXIS2_PLACEMENT_3D('',#9838,#9839,#9840);
#9842=PLANE('',#9841);
#9843=ADVANCED_FACE('',(#9837),#9842,.T.);
#9844=CARTESIAN_POINT('',(-2.49695,-4.90054,-20.));
#9845=VERTEX_POINT('',#9844);
#9846=CARTESIAN_POINT('',(-12.4711,-24.47592,-20.));
#9847=VERTEX_POINT('',#9846);
#9848=DIRECTION('',(-0.45399,-0.89101,0.));
#9849=VECTOR('',#9848,21.96997);
#9850=LINE('',#9844,#9849);
#9851=EDGE_CURVE('',#9845,#9847,#9850,.T.);
#9852=ORIENTED_EDGE('',*,*,#9851,.T.);
#9853=DIRECTION('',(0.85264,-0.5225,0.));
#9854=VECTOR('',#9853,4.31054);
#9855=LINE('',#9472,#9854);
#9856=EDGE_CURVE('',#9473,#9847,#9855,.T.);
#9857=ORIENTED_EDGE('',*,*,#9856,.F.);
#9858=ORIENTED_EDGE('',*,*,#9477,.F.);
#9859=DIRECTION('',(0.85264,-0.5225,0.));
#9860=VECTOR('',#9859,0.86305);
#9861=LINE('',#9470,#9860);
#9862=EDGE_CURVE('',#9471,#9845,#9861,.T.);
#9863=ORIENTED_EDGE('',*,*,#9862,.T.);
#9864=EDGE_LOOP('',(#9852,#9857,#9858,#9863));
#9865=FACE_OUTER_BOUND('',#9864,.T.);
#9866=CARTESIAN_POINT('',(-2.49695,-4.90054,-20.));
#9867=DIRECTION('',(0.,0.,-1.));
#9868=DIRECTION('',(-0.45399,-0.89101,0.));
#9869=AXIS2_PLACEMENT_3D('',#9866,#9867,#9868);
#9870=PLANE('',#9869);
#9871=ADVANCED_FACE('',(#9865),#9870,.T.);
#9872=CARTESIAN_POINT('',(-11.52893,-22.62679,-17.14286));
#9873=VERTEX_POINT('',#9872);
#9874=DIRECTION('',(0.26681,0.52364,0.80909));
#9875=VECTOR('',#9874,3.53132);
#9876=LINE('',#9846,#9875);
#9877=EDGE_CURVE('',#9847,#9873,#9876,.T.);
#9878=ORIENTED_EDGE('',*,*,#9877,.T.);
#9879=DIRECTION('',(0.85264,-0.5225,0.));
#9880=VECTOR('',#9879,3.98488);
#9881=LINE('',#9498,#9880);
#9882=EDGE_CURVE('',#9499,#9873,#9881,.T.);
#9883=ORIENTED_EDGE('',*,*,#9882,.F.);
#9884=ORIENTED_EDGE('',*,*,#9503,.F.);
#9885=ORIENTED_EDGE('',*,*,#9856,.T.);
#9886=EDGE_LOOP('',(#9878,#9883,#9884,#9885));
#9887=FACE_OUTER_BOUND('',#9886,.T.);
#9888=CARTESIAN_POINT('',(-12.4711,-24.47592,-20.));
#9889=DIRECTION('',(-0.4232,-0.69059,0.5865));
#9890=DIRECTION('',(0.26681,0.52364,0.80909));
#9891=AXIS2_PLACEMENT_3D('',#9888,#9889,#9890);
#9892=PLANE('',#9891);
#9893=ADVANCED_FACE('',(#9887),#9892,.T.);
#9894=CARTESIAN_POINT('',(-10.78566,-21.16805,-14.28571));
#9895=VERTEX_POINT('',#9894);
#9896=DIRECTION('',(0.22571,0.44299,0.86765));
#9897=VECTOR('',#9896,3.29297);
#9898=LINE('',#9872,#9897);
#9899=EDGE_CURVE('',#9873,#9895,#9898,.T.);
#9900=ORIENTED_EDGE('',*,*,#9899,.T.);
#9901=DIRECTION('',(0.85264,-0.5225,0.));
#9902=VECTOR('',#9901,3.72798);
#9903=LINE('',#9520,#9902);
#9904=EDGE_CURVE('',#9521,#9895,#9903,.T.);
#9905=ORIENTED_EDGE('',*,*,#9904,.F.);
#9906=ORIENTED_EDGE('',*,*,#9525,.F.);
#9907=ORIENTED_EDGE('',*,*,#9882,.T.);
#9908=EDGE_LOOP('',(#9900,#9905,#9906,#9907));
#9909=FACE_OUTER_BOUND('',#9908,.T.);
#9910=CARTESIAN_POINT('',(-11.52893,-22.62679,-17.14286));
#9911=DIRECTION('',(-0.45369,-0.74036,0.49602));
#9912=DIRECTION('',(0.22571,0.44299,0.86765));
#9913=AXIS2_PLACEMENT_3D('',#9910,#9911,#9912);
#9914=PLANE('',#9913);
#9915=ADVANCED_FACE('',(#9909),#9914,.T.);
#9916=CARTESIAN_POINT('',(-10.20817,-20.03466,-11.42857));
#9917=VERTEX_POINT('',#9916);
#9918=DIRECTION('',(0.18465,0.3624,0.91355));
#9919=VECTOR('',#9918,3.12752);
#9920=LINE('',#9894,#9919);
#9921=EDGE_CURVE('',#9895,#9917,#9920,.T.);
#9922=ORIENTED_EDGE('',*,*,#9921,.T.);
#9923=DIRECTION('',(0.85264,-0.5225,0.));
#9924=VECTOR('',#9923,3.52837);
#9925=LINE('',#9542,#9924);
#9926=EDGE_CURVE('',#9543,#9917,#9925,.T.);
#9927=ORIENTED_EDGE('',*,*,#9926,.F.);
#9928=ORIENTED_EDGE('',*,*,#9547,.F.);
#9929=ORIENTED_EDGE('',*,*,#9904,.T.);
#9930=EDGE_LOOP('',(#9922,#9927,#9928,#9929));
#9931=FACE_OUTER_BOUND('',#9930,.T.);
#9932=CARTESIAN_POINT('',(-10.78566,-21.16805,-14.28571));
#9933=DIRECTION('',(-0.47757,-0.77933,0.40568));
#9934=DIRECTION('',(0.18465,0.3624,0.91355));
#9935=AXIS2_PLACEMENT_3D('',#9932,#9933,#9934);
#9936=PLANE('',#9935);
#9937=ADVANCED_FACE('',(#9931),#9936,.T.);
#9938=CARTESIAN_POINT('',(-9.77567,-19.18582,-8.57143));
#9939=VERTEX_POINT('',#9938);
#9940=DIRECTION('',(0.1436,0.28184,0.94865));
#9941=VECTOR('',#9940,3.01178);
#9942=LINE('',#9916,#9941);
#9943=EDGE_CURVE('',#9917,#9939,#9942,.T.);
#9944=ORIENTED_EDGE('',*,*,#9943,.T.);
#9945=DIRECTION('',(0.85264,-0.5225,0.));
#9946=VECTOR('',#9945,3.37888);
#9947=LINE('',#9564,#9946);
#9948=EDGE_CURVE('',#9565,#9939,#9947,.T.);
#9949=ORIENTED_EDGE('',*,*,#9948,.F.);
#9950=ORIENTED_EDGE('',*,*,#9569,.F.);
#9951=ORIENTED_EDGE('',*,*,#9926,.T.);
#9952=EDGE_LOOP('',(#9944,#9949,#9950,#9951));
#9953=FACE_OUTER_BOUND('',#9952,.T.);
#9954=CARTESIAN_POINT('',(-10.20817,-20.03466,-11.42857));
#9955=DIRECTION('',(-0.49582,-0.80911,0.31544));
#9956=DIRECTION('',(0.1436,0.28184,0.94865));
#9957=AXIS2_PLACEMENT_3D('',#9954,#9955,#9956);
#9958=PLANE('',#9957);
#9959=ADVANCED_FACE('',(#9953),#9958,.T.);
#9960=CARTESIAN_POINT('',(-9.47484,-18.59541,-5.71429));
#9961=VERTEX_POINT('',#9960);
#9962=DIRECTION('',(0.10257,0.2013,0.97414));
#9963=VECTOR('',#9962,2.93298);
#9964=LINE('',#9938,#9963);
#9965=EDGE_CURVE('',#9939,#9961,#9964,.T.);
#9966=ORIENTED_EDGE('',*,*,#9965,.T.);
#9967=DIRECTION('',(0.85264,-0.5225,0.));
#9968=VECTOR('',#9967,3.2749);
#9969=LINE('',#9586,#9968);
#9970=EDGE_CURVE('',#9587,#9961,#9969,.T.);
#9971=ORIENTED_EDGE('',*,*,#9970,.F.);
#9972=ORIENTED_EDGE('',*,*,#9591,.F.);
#9973=ORIENTED_EDGE('',*,*,#9948,.T.);
#9974=EDGE_LOOP('',(#9966,#9971,#9972,#9973));
#9975=FACE_OUTER_BOUND('',#9974,.T.);
#9976=CARTESIAN_POINT('',(-9.77567,-19.18582,-8.57143));
#9977=DIRECTION('',(-0.50907,-0.83073,0.22526));
#9978=DIRECTION('',(0.10257,0.2013,0.97414));
#9979=AXIS2_PLACEMENT_3D('',#9976,#9977,#9978);
#9980=PLANE('',#9979);
#9981=ADVANCED_FACE('',(#9975),#9980,.T.);
#9982=CARTESIAN_POINT('',(-9.29737,-18.24712,-2.85714));
#9983=VERTEX_POINT('',#9982);
#9984=DIRECTION('',(0.06154,0.12078,0.99077));
#9985=VECTOR('',#9984,2.88376);
#9986=LINE('',#9960,#9985);
#9987=EDGE_CURVE('',#9961,#9983,#9986,.T.);
#9988=ORIENTED_EDGE('',*,*,#9987,.T.);
#9989=DIRECTION('',(0.85264,-0.5225,0.));
#9990=VECTOR('',#9989,3.21356);
#9991=LINE('',#9608,#9990);
#9992=EDGE_CURVE('',#9609,#9983,#9991,.T.);
#9993=ORIENTED_EDGE('',*,*,#9992,.F.);
#9994=ORIENTED_EDGE('',*,*,#9613,.F.);
#9995=ORIENTED_EDGE('',*,*,#9970,.T.);
#9996=EDGE_LOOP('',(#9988,#9993,#9994,#9995));
#9997=FACE_OUTER_BOUND('',#9996,.T.);
#9998=CARTESIAN_POINT('',(-9.47484,-18.59541,-5.71429));
#9999=DIRECTION('',(-0.51771,-0.84482,0.13514));
#10000=DIRECTION('',(0.06154,0.12078,0.99077));
#10001=AXIS2_PLACEMENT_3D('',#9998,#9999,#10000);
#10002=PLANE('',#10001);
#10003=ADVANCED_FACE('',(#9997),#10002,.T.);
#10004=CARTESIAN_POINT('',(-9.23871,-18.13198,0.));
#10005=VERTEX_POINT('',#10004);
#10006=DIRECTION('',(0.02051,0.04026,0.99898));
#10007=VECTOR('',#10006,2.86006);
#10008=LINE('',#9982,#10007);
#10009=EDGE_CURVE('',#9983,#10005,#10008,.T.);
#10010=ORIENTED_EDGE('',*,*,#10009,.T.);
#10011=DIRECTION('',(0.85264,-0.5225,0.));
#10012=VECTOR('',#10011,3.19329);
#10013=LINE('',#9630,#10012);
#10014=EDGE_CURVE('',#9631,#10005,#10013,.T.);
#10015=ORIENTED_EDGE('',*,*,#10014,.F.);
#10016=ORIENTED_EDGE('',*,*,#9635,.F.);
#10017=ORIENTED_EDGE('',*,*,#9992,.T.);
#10018=EDGE_LOOP('',(#10010,#10015,#10016,#10017));
#10019=FACE_OUTER_BOUND('',#10018,.T.);
#10020=CARTESIAN_POINT('',(-9.29737,-18.24712,-2.85714));
#10021=DIRECTION('',(-0.52197,-0.85177,0.04504));
#10022=DIRECTION('',(0.02051,0.04026,0.99898));
#10023=AXIS2_PLACEMENT_3D('',#10020,#10021,#10022);
#10024=PLANE('',#10023);
#10025=ADVANCED_FACE('',(#10019),#10024,.T.);
#10026=CARTESIAN_POINT('',(-9.29737,-18.24712,2.85714));
#10027=VERTEX_POINT('',#10026);
#10028=DIRECTION('',(-0.02051,-0.04026,0.99898));
#10029=VECTOR('',#10028,2.86006);
#10030=LINE('',#10004,#10029);
#10031=EDGE_CURVE('',#10005,#10027,#10030,.T.);
#10032=ORIENTED_EDGE('',*,*,#10031,.T.);
#10033=DIRECTION('',(0.85264,-0.5225,0.));
#10034=VECTOR('',#10033,3.21356);
#10035=LINE('',#9652,#10034);
#10036=EDGE_CURVE('',#9653,#10027,#10035,.T.);
#10037=ORIENTED_EDGE('',*,*,#10036,.F.);
#10038=ORIENTED_EDGE('',*,*,#9657,.F.);
#10039=ORIENTED_EDGE('',*,*,#10014,.T.);
#10040=EDGE_LOOP('',(#10032,#10037,#10038,#10039));
#10041=FACE_OUTER_BOUND('',#10040,.T.);
#10042=CARTESIAN_POINT('',(-9.23871,-18.13198,0.));
#10043=DIRECTION('',(-0.52197,-0.85177,-0.04504));
#10044=DIRECTION('',(-0.02051,-0.04026,0.99898));
#10045=AXIS2_PLACEMENT_3D('',#10042,#10043,#10044);
#10046=PLANE('',#10045);
#10047=ADVANCED_FACE('',(#10041),#10046,.T.);
#10048=CARTESIAN_POINT('',(-9.47484,-18.59541,5.71429));
#10049=VERTEX_POINT('',#10048);
#10050=DIRECTION('',(-0.06154,-0.12078,0.99077));
#10051=VECTOR('',#10050,2.88376);
#10052=LINE('',#10026,#10051);
#10053=EDGE_CURVE('',#10027,#10049,#10052,.T.);
#10054=ORIENTED_EDGE('',*,*,#10053,.T.);
#10055=DIRECTION('',(0.85264,-0.5225,0.));
#10056=VECTOR('',#10055,3.2749);
#10057=LINE('',#9674,#10056);
#10058=EDGE_CURVE('',#9675,#10049,#10057,.T.);
#10059=ORIENTED_EDGE('',*,*,#10058,.F.);
#10060=ORIENTED_EDGE('',*,*,#9679,.F.);
#10061=ORIENTED_EDGE('',*,*,#10036,.T.);
#10062=EDGE_LOOP('',(#10054,#10059,#10060,#10061));
#10063=FACE_OUTER_BOUND('',#10062,.T.);
#10064=CARTESIAN_POINT('',(-9.29737,-18.24712,2.85714));
#10065=DIRECTION('',(-0.51771,-0.84482,-0.13514));
#10066=DIRECTION('',(-0.06154,-0.12078,0.99077));
#10067=AXIS2_PLACEMENT_3D('',#10064,#10065,#10066);
#10068=PLANE('',#10067);
#10069=ADVANCED_FACE('',(#10063),#10068,.T.);
#10070=CARTESIAN_POINT('',(-9.77567,-19.18582,8.57143));
#10071=VERTEX_POINT('',#10070);
#10072=DIRECTION('',(-0.10257,-0.2013,0.97414));
#10073=VECTOR('',#10072,2.93298);
#10074=LINE('',#10048,#10073);
#10075=EDGE_CURVE('',#10049,#10071,#10074,.T.);
#10076=ORIENTED_EDGE('',*,*,#10075,.T.);
#10077=DIRECTION('',(0.85264,-0.5225,0.));
#10078=VECTOR('',#10077,3.37888);
#10079=LINE('',#9696,#10078);
#10080=EDGE_CURVE('',#9697,#10071,#10079,.T.);
#10081=ORIENTED_EDGE('',*,*,#10080,.F.);
#10082=ORIENTED_EDGE('',*,*,#9701,.F.);
#10083=ORIENTED_EDGE('',*,*,#10058,.T.);
#10084=EDGE_LOOP('',(#10076,#10081,#10082,#10083));
#10085=FACE_OUTER_BOUND('',#10084,.T.);
#10086=CARTESIAN_POINT('',(-9.47484,-18.59541,5.71429));
#10087=DIRECTION('',(-0.50907,-0.83073,-0.22526));
#10088=DIRECTION('',(-0.10257,-0.2013,0.97414));
#10089=AXIS2_PLACEMENT_3D('',#10086,#10087,#10088);
#10090=PLANE('',#10089);
#10091=ADVANCED_FACE('',(#10085),#10090,.T.);
#10092=CARTESIAN_POINT('',(-10.20817,-20.03466,11.42857));
#10093=VERTEX_POINT('',#10092);
#10094=DIRECTION('',(-0.1436,-0.28184,0.94865));
#10095=VECTOR('',#10094,3.01178);
#10096=LINE('',#10070,#10095);
#10097=EDGE_CURVE('',#10071,#10093,#10096,.T.);
#10098=ORIENTED_EDGE('',*,*,#10097,.T.);
#10099=DIRECTION('',(0.85264,-0.5225,0.));
#10100=VECTOR('',#10099,3.52837);
#10101=LINE('',#9718,#10100);
#10102=EDGE_CURVE('',#9719,#10093,#10101,.T.);
#10103=ORIENTED_EDGE('',*,*,#10102,.F.);
#10104=ORIENTED_EDGE('',*,*,#9723,.F.);
#10105=ORIENTED_EDGE('',*,*,#10080,.T.);
#10106=EDGE_LOOP('',(#10098,#10103,#10104,#10105));
#10107=FACE_OUTER_BOUND('',#10106,.T.);
#10108=CARTESIAN_POINT('',(-9.77567,-19.18582,8.57143));
#10109=DIRECTION('',(-0.49582,-0.80911,-0.31544));
#10110=DIRECTION('',(-0.1436,-0.28184,0.94865));
#10111=AXIS2_PLACEMENT_3D('',#10108,#10109,#10110);
#10112=PLANE('',#10111);
#10113=ADVANCED_FACE('',(#10107),#10112,.T.);
#10114=CARTESIAN_POINT('',(-10.78566,-21.16805,14.28571));
#10115=VERTEX_POINT('',#10114);
#10116=DIRECTION('',(-0.18465,-0.3624,0.91355));
#10117=VECTOR('',#10116,3.12752);
#10118=LINE('',#10092,#10117);
#10119=EDGE_CURVE('',#10093,#10115,#10118,.T.);
#10120=ORIENTED_EDGE('',*,*,#10119,.T.);
#10121=DIRECTION('',(0.85264,-0.5225,0.));
#10122=VECTOR('',#10121,3.72798);
#10123=LINE('',#9740,#10122);
#10124=EDGE_CURVE('',#9741,#10115,#10123,.T.);
#10125=ORIENTED_EDGE('',*,*,#10124,.F.);
#10126=ORIENTED_EDGE('',*,*,#9745,.F.);
#10127=ORIENTED_EDGE('',*,*,#10102,.T.);
#10128=EDGE_LOOP('',(#10120,#10125,#10126,#10127));
#10129=FACE_OUTER_BOUND('',#10128,.T.);
#10130=CARTESIAN_POINT('',(-10.20817,-20.03466,11.42857));
#10131=DIRECTION('',(-0.47757,-0.77933,-0.40568));
#10132=DIRECTION('',(-0.18465,-0.3624,0.91355));
#10133=AXIS2_PLACEMENT_3D('',#10130,#10131,#10132);
#10134=PLANE('',#10133);
#10135=ADVANCED_FACE('',(#10129),#10134,.T.);
#10136=CARTESIAN_POINT('',(-11.52893,-22.62679,17.14286));
#10137=VERTEX_POINT('',#10136);
#10138=DIRECTION('',(-0.22571,-0.44299,0.86765));
#10139=VECTOR('',#10138,3.29297);
#10140=LINE('',#10114,#10139);
#10141=EDGE_CURVE('',#10115,#10137,#10140,.T.);
#10142=ORIENTED_EDGE('',*,*,#10141,.T.);
#10143=DIRECTION('',(0.85264,-0.5225,0.));
#10144=VECTOR('',#10143,3.98488);
#10145=LINE('',#9762,#10144);
#10146=EDGE_CURVE('',#9763,#10137,#10145,.T.);
#10147=ORIENTED_EDGE('',*,*,#10146,.F.);
#10148=ORIENTED_EDGE('',*,*,#9767,.F.);
#10149=ORIENTED_EDGE('',*,*,#10124,.T.);
#10150=EDGE_LOOP('',(#10142,#10147,#10148,#10149));
#10151=FACE_OUTER_BOUND('',#10150,.T.);
#10152=CARTESIAN_POINT('',(-10.78566,-21.16805,14.28571));
#10153=DIRECTION('',(-0.45369,-0.74036,-0.49602));
#10154=DIRECTION('',(-0.22571,-0.44299,0.86765));
#10155=AXIS2_PLACEMENT_3D('',#10152,#10153,#10154);
#10156=PLANE('',#10155);
#10157=ADVANCED_FACE('',(#10151),#10156,.T.);
#10158=CARTESIAN_POINT('',(-12.4711,-24.47592,20.));
#10159=VERTEX_POINT('',#10158);
#10160=DIRECTION('',(-0.26681,-0.52364,0.80909));
#10161=VECTOR('',#10160,3.53132);
#10162=LINE('',#10136,#10161);
#10163=EDGE_CURVE('',#10137,#10159,#10162,.T.);
#10164=ORIENTED_EDGE('',*,*,#10163,.T.);
#10165=DIRECTION('',(0.85264,-0.5225,0.));
#10166=VECTOR('',#10165,4.31054);
#10167=LINE('',#9784,#10166);
#10168=EDGE_CURVE('',#9785,#10159,#10167,.T.);
#10169=ORIENTED_EDGE('',*,*,#10168,.F.);
#10170=ORIENTED_EDGE('',*,*,#9789,.F.);
#10171=ORIENTED_EDGE('',*,*,#10146,.T.);
#10172=EDGE_LOOP('',(#10164,#10169,#10170,#10171));
#10173=FACE_OUTER_BOUND('',#10172,.T.);
#10174=CARTESIAN_POINT('',(-11.52893,-22.62679,17.14286));
#10175=DIRECTION('',(-0.4232,-0.69059,-0.5865));
#10176=DIRECTION('',(-0.26681,-0.52364,0.80909));
#10177=AXIS2_PLACEMENT_3D('',#10174,#10175,#10176);
#10178=PLANE('',#10177);
#10179=ADVANCED_FACE('',(#10173),#10178,.T.);
#10180=CARTESIAN_POINT('',(-2.49695,-4.90054,20.));
#10181=VERTEX_POINT('',#10180);
#10182=DIRECTION('',(0.45399,0.89101,0.));
#10183=VECTOR('',#10182,21.96997);
#10184=LINE('',#10158,#10183);
#10185=EDGE_CURVE('',#10159,#10181,#10184,.T.);
#10186=ORIENTED_EDGE('',*,*,#10185,.T.);
#10187=DIRECTION('',(0.85264,-0.5225,0.));
#10188=VECTOR('',#10187,0.86305);
#10189=LINE('',#9806,#10188);
#10190=EDGE_CURVE('',#9807,#10181,#10189,.T.);
#10191=ORIENTED_EDGE('',*,*,#10190,.F.);
#10192=ORIENTED_EDGE('',*,*,#9811,.F.);
#10193=ORIENTED_EDGE('',*,*,#10168,.T.);
#10194=EDGE_LOOP('',(#10186,#10191,#10192,#10193));
#10195=FACE_OUTER_BOUND('',#10194,.T.);
#10196=CARTESIAN_POINT('',(-12.4711,-24.47592,20.));
#10197=DIRECTION('',(0.,0.,1.));
#10198=DIRECTION('',(0.45399,0.89101,0.));
#10199=AXIS2_PLACEMENT_3D('',#10196,#10197,#10198);
#10200=PLANE('',#10199);
#10201=ADVANCED_FACE('',(#10195),#10200,.T.);
#10202=DIRECTION('',(0.,0.,1.));
#10203=VECTOR('',#10202,40.);
#10204=LINE('',#9844,#10203);
#10205=EDGE_CURVE('',#9845,#10181,#10204,.T.);
#10206=ORIENTED_EDGE('',*,*,#10205,.F.);
#10207=ORIENTED_EDGE('',*,*,#9862,.F.);
#10208=ORIENTED_EDGE('',*,*,#9831,.T.);
#10209=ORIENTED_EDGE('',*,*,#10190,.T.);
#10210=EDGE_LOOP('',(#10206,#10207,#10208,#10209));
#10211=FACE_OUTER_BOUND('',#10210,.T.);
#10212=CARTESIAN_POINT('',(-2.49695,-4.90054,20.));
#10213=DIRECTION('',(0.5225,0.85264,0.));
#10214=DIRECTION('',(0.,0.,-1.));
#10215=AXIS2_PLACEMENT_3D('',#10212,#10213,#10214);
#10216=PLANE('',#10215);
#10217=ADVANCED_FACE('',(#10211),#10216,.T.);
#10218=CARTESIAN_POINT('',(-1.69959,-5.23081,-20.));
#10219=VERTEX_POINT('',#10218);
#10220=CARTESIAN_POINT('',(-8.48869,-26.12549,-20.));
#10221=VERTEX_POINT('',#10220);
#10222=DIRECTION('',(-0.30902,-0.95106,0.));
#10223=VECTOR('',#10222,21.96997);
#10224=LINE('',#10218,#10223);
#10225=EDGE_CURVE('',#10219,#10221,#10224,.T.);
#10226=ORIENTED_EDGE('',*,*,#10225,.T.);
#10227=DIRECTION('',(0.92388,-0.38268,0.));
#10228=VECTOR('',#10227,4.31054);
#10229=LINE('',#9846,#10228);
#10230=EDGE_CURVE('',#9847,#10221,#10229,.T.);
#10231=ORIENTED_EDGE('',*,*,#10230,.F.);
#10232=ORIENTED_EDGE('',*,*,#9851,.F.);
#10233=DIRECTION('',(0.92388,-0.38268,0.));
#10234=VECTOR('',#10233,0.86305);
#10235=LINE('',#9844,#10234);
#10236=EDGE_CURVE('',#9845,#10219,#10235,.T.);
#10237=ORIENTED_EDGE('',*,*,#10236,.T.);
#10238=EDGE_LOOP('',(#10226,#10231,#10232,#10237));
#10239=FACE_OUTER_BOUND('',#10238,.T.);
#10240=CARTESIAN_POINT('',(-1.69959,-5.23081,-20.));
#10241=DIRECTION('',(0.,0.,-1.));
#10242=DIRECTION('',(-0.30902,-0.95106,0.));
#10243=AXIS2_PLACEMENT_3D('',#10240,#10241,#10242);
#10244=PLANE('',#10243);
#10245=ADVANCED_FACE('',(#10239),#10244,.T.);
#10246=CARTESIAN_POINT('',(-7.84738,-24.15174,-17.14286));
#10247=VERTEX_POINT('',#10246);
#10248=DIRECTION('',(0.18161,0.55893,0.80909));
#10249=VECTOR('',#10248,3.53132);
#10250=LINE('',#10220,#10249);
#10251=EDGE_CURVE('',#10221,#10247,#10250,.T.);
#10252=ORIENTED_EDGE('',*,*,#10251,.T.);
#10253=DIRECTION('',(0.92388,-0.38268,0.));
#10254=VECTOR('',#10253,3.98488);
#10255=LINE('',#9872,#10254);
#10256=EDGE_CURVE('',#9873,#10247,#10255,.T.);
#10257=ORIENTED_EDGE('',*,*,#10256,.F.);
#10258=ORIENTED_EDGE('',*,*,#9877,.F.);
#10259=ORIENTED_EDGE('',*,*,#10230,.T.);
#10260=EDGE_LOOP('',(#10252,#10257,#10258,#10259));
#10261=FACE_OUTER_BOUND('',#10260,.T.);
#10262=CARTESIAN_POINT('',(-8.48869,-26.12549,-20.));
#10263=DIRECTION('',(-0.30995,-0.74829,0.5865));
#10264=DIRECTION('',(0.18161,0.55893,0.80909));
#10265=AXIS2_PLACEMENT_3D('',#10262,#10263,#10264);
#10266=PLANE('',#10265);
#10267=ADVANCED_FACE('',(#10261),#10266,.T.);
#10268=CARTESIAN_POINT('',(-7.34146,-22.59469,-14.28571));
#10269=VERTEX_POINT('',#10268);
#10270=DIRECTION('',(0.15364,0.47284,0.86765));
#10271=VECTOR('',#10270,3.29297);
#10272=LINE('',#10246,#10271);
#10273=EDGE_CURVE('',#10247,#10269,#10272,.T.);
#10274=ORIENTED_EDGE('',*,*,#10273,.T.);
#10275=DIRECTION('',(0.92388,-0.38268,0.));
#10276=VECTOR('',#10275,3.72798);
#10277=LINE('',#9894,#10276);
#10278=EDGE_CURVE('',#9895,#10269,#10277,.T.);
#10279=ORIENTED_EDGE('',*,*,#10278,.F.);
#10280=ORIENTED_EDGE('',*,*,#9899,.F.);
#10281=ORIENTED_EDGE('',*,*,#10256,.T.);
#10282=EDGE_LOOP('',(#10274,#10279,#10280,#10281));
#10283=FACE_OUTER_BOUND('',#10282,.T.);
#10284=CARTESIAN_POINT('',(-7.84738,-24.15174,-17.14286));
#10285=DIRECTION('',(-0.33229,-0.80221,0.49602));
#10286=DIRECTION('',(0.15364,0.47284,0.86765));
#10287=AXIS2_PLACEMENT_3D('',#10284,#10285,#10286);
#10288=PLANE('',#10287);
#10289=ADVANCED_FACE('',(#10283),#10288,.T.);
#10290=CARTESIAN_POINT('',(-6.94838,-21.38491,-11.42857));
#10291=VERTEX_POINT('',#10290);
#10292=DIRECTION('',(0.12569,0.38682,0.91355));
#10293=VECTOR('',#10292,3.12752);
#10294=LINE('',#10268,#10293);
#10295=EDGE_CURVE('',#10269,#10291,#10294,.T.);
#10296=ORIENTED_EDGE('',*,*,#10295,.T.);
#10297=DIRECTION('',(0.92388,-0.38268,0.));
#10298=VECTOR('',#10297,3.52837);
#10299=LINE('',#9916,#10298);
#10300=EDGE_CURVE('',#9917,#10291,#10299,.T.);
#10301=ORIENTED_EDGE('',*,*,#10300,.F.);
#10302=ORIENTED_EDGE('',*,*,#9921,.F.);
#10303=ORIENTED_EDGE('',*,*,#10278,.T.);
#10304=EDGE_LOOP('',(#10296,#10301,#10302,#10303));
#10305=FACE_OUTER_BOUND('',#10304,.T.);
#10306=CARTESIAN_POINT('',(-7.34146,-22.59469,-14.28571));
#10307=DIRECTION('',(-0.34978,-0.84444,0.40568));
#10308=DIRECTION('',(0.12569,0.38682,0.91355));
#10309=AXIS2_PLACEMENT_3D('',#10306,#10307,#10308);
#10310=PLANE('',#10309);
#10311=ADVANCED_FACE('',(#10305),#10310,.T.);
#10312=CARTESIAN_POINT('',(-6.65399,-20.47887,-8.57143));
#10313=VERTEX_POINT('',#10312);
#10314=DIRECTION('',(0.09775,0.30083,0.94865));
#10315=VECTOR('',#10314,3.01178);
#10316=LINE('',#10290,#10315);
#10317=EDGE_CURVE('',#10291,#10313,#10316,.T.);
#10318=ORIENTED_EDGE('',*,*,#10317,.T.);
#10319=DIRECTION('',(0.92388,-0.38268,0.));
#10320=VECTOR('',#10319,3.37888);
#10321=LINE('',#9938,#10320);
#10322=EDGE_CURVE('',#9939,#10313,#10321,.T.);
#10323=ORIENTED_EDGE('',*,*,#10322,.F.);
#10324=ORIENTED_EDGE('',*,*,#9943,.F.);
#10325=ORIENTED_EDGE('',*,*,#10300,.T.);
#10326=EDGE_LOOP('',(#10318,#10323,#10324,#10325));
#10327=FACE_OUTER_BOUND('',#10326,.T.);
#10328=CARTESIAN_POINT('',(-6.94838,-21.38491,-11.42857));
#10329=DIRECTION('',(-0.36315,-0.87671,0.31544));
#10330=DIRECTION('',(0.09775,0.30083,0.94865));
#10331=AXIS2_PLACEMENT_3D('',#10328,#10329,#10330);
#10332=PLANE('',#10331);
#10333=ADVANCED_FACE('',(#10327),#10332,.T.);
#10334=CARTESIAN_POINT('',(-6.44922,-19.84866,-5.71429));
#10335=VERTEX_POINT('',#10334);
#10336=DIRECTION('',(0.06981,0.21487,0.97414));
#10337=VECTOR('',#10336,2.93298);
#10338=LINE('',#10312,#10337);
#10339=EDGE_CURVE('',#10313,#10335,#10338,.T.);
#10340=ORIENTED_EDGE('',*,*,#10339,.T.);
#10341=DIRECTION('',(0.92388,-0.38268,0.));
#10342=VECTOR('',#10341,3.2749);
#10343=LINE('',#9960,#10342);
#10344=EDGE_CURVE('',#9961,#10335,#10343,.T.);
#10345=ORIENTED_EDGE('',*,*,#10344,.F.);
#10346=ORIENTED_EDGE('',*,*,#9965,.F.);
#10347=ORIENTED_EDGE('',*,*,#10322,.T.);
#10348=EDGE_LOOP('',(#10340,#10345,#10346,#10347));
#10349=FACE_OUTER_BOUND('',#10348,.T.);
#10350=CARTESIAN_POINT('',(-6.65399,-20.47887,-8.57143));
#10351=DIRECTION('',(-0.37285,-0.90013,0.22526));
#10352=DIRECTION('',(0.06981,0.21487,0.97414));
#10353=AXIS2_PLACEMENT_3D('',#10350,#10351,#10352);
#10354=PLANE('',#10353);
#10355=ADVANCED_FACE('',(#10349),#10354,.T.);
#10356=CARTESIAN_POINT('',(-6.32843,-19.4769,-2.85714));
#10357=VERTEX_POINT('',#10356);
#10358=DIRECTION('',(0.04189,0.12892,0.99077));
#10359=VECTOR('',#10358,2.88376);
#10360=LINE('',#10334,#10359);
#10361=EDGE_CURVE('',#10335,#10357,#10360,.T.);
#10362=ORIENTED_EDGE('',*,*,#10361,.T.);
#10363=DIRECTION('',(0.92388,-0.38268,0.));
#10364=VECTOR('',#10363,3.21356);
#10365=LINE('',#9982,#10364);
#10366=EDGE_CURVE('',#9983,#10357,#10365,.T.);
#10367=ORIENTED_EDGE('',*,*,#10366,.F.);
#10368=ORIENTED_EDGE('',*,*,#9987,.F.);
#10369=ORIENTED_EDGE('',*,*,#10344,.T.);
#10370=EDGE_LOOP('',(#10362,#10367,#10368,#10369));
#10371=FACE_OUTER_BOUND('',#10370,.T.);
#10372=CARTESIAN_POINT('',(-6.44922,-19.84866,-5.71429));
#10373=DIRECTION('',(-0.37917,-0.9154,0.13514));
#10374=DIRECTION('',(0.04189,0.12892,0.99077));
#10375=AXIS2_PLACEMENT_3D('',#10372,#10373,#10374);
#10376=PLANE('',#10375);
#10377=ADVANCED_FACE('',(#10371),#10376,.T.);
#10378=CARTESIAN_POINT('',(-6.2885,-19.354,0.));
#10379=VERTEX_POINT('',#10378);
#10380=DIRECTION('',(0.01396,0.04297,0.99898));
#10381=VECTOR('',#10380,2.86006);
#10382=LINE('',#10356,#10381);
#10383=EDGE_CURVE('',#10357,#10379,#10382,.T.);
#10384=ORIENTED_EDGE('',*,*,#10383,.T.);
#10385=DIRECTION('',(0.92388,-0.38268,0.));
#10386=VECTOR('',#10385,3.19329);
#10387=LINE('',#10004,#10386);
#10388=EDGE_CURVE('',#10005,#10379,#10387,.T.);
#10389=ORIENTED_EDGE('',*,*,#10388,.F.);
#10390=ORIENTED_EDGE('',*,*,#10009,.F.);
#10391=ORIENTED_EDGE('',*,*,#10366,.T.);
#10392=EDGE_LOOP('',(#10384,#10389,#10390,#10391));
#10393=FACE_OUTER_BOUND('',#10392,.T.);
#10394=CARTESIAN_POINT('',(-6.32843,-19.4769,-2.85714));
#10395=DIRECTION('',(-0.3823,-0.92294,0.04504));
#10396=DIRECTION('',(0.01396,0.04297,0.99898));
#10397=AXIS2_PLACEMENT_3D('',#10394,#10395,#10396);
#10398=PLANE('',#10397);
#10399=ADVANCED_FACE('',(#10393),#10398,.T.);
#10400=CARTESIAN_POINT('',(-6.32843,-19.4769,2.85714));
#10401=VERTEX_POINT('',#10400);
#10402=DIRECTION('',(-0.01396,-0.04297,0.99898));
#10403=VECTOR('',#10402,2.86006);
#10404=LINE('',#10378,#10403);
#10405=EDGE_CURVE('',#10379,#10401,#10404,.T.);
#10406=ORIENTED_EDGE('',*,*,#10405,.T.);
#10407=DIRECTION('',(0.92388,-0.38268,0.));
#10408=VECTOR('',#10407,3.21356);
#10409=LINE('',#10026,#10408);
#10410=EDGE_CURVE('',#10027,#10401,#10409,.T.);
#10411=ORIENTED_EDGE('',*,*,#10410,.F.);
#10412=ORIENTED_EDGE('',*,*,#10031,.F.);
#10413=ORIENTED_EDGE('',*,*,#10388,.T.);
#10414=EDGE_LOOP('',(#10406,#10411,#10412,#10413));
#10415=FACE_OUTER_BOUND('',#10414,.T.);
#10416=CARTESIAN_POINT('',(-6.2885,-19.354,0.));
#10417=DIRECTION('',(-0.3823,-0.92294,-0.04504));
#10418=DIRECTION('',(-0.01396,-0.04297,0.99898));
#10419=AXIS2_PLACEMENT_3D('',#10416,#10417,#10418);
#10420=PLANE('',#10419);
#10421=ADVANCED_FACE('',(#10415),#10420,.T.);
#10422=CARTESIAN_POINT('',(-6.44922,-19.84866,5.71429));
#10423=VERTEX_POINT('',#10422);
#10424=DIRECTION('',(-0.04189,-0.12892,0.99077));
#10425=VECTOR('',#10424,2.88376);
#10426=LINE('',#10400,#10425);
#10427=EDGE_CURVE('',#10401,#10423,#10426,.T.);
#10428=ORIENTED_EDGE('',*,*,#10427,.T.);
#10429=DIRECTION('',(0.92388,-0.38268,0.));
#10430=VECTOR('',#10429,3.2749);
#10431=LINE('',#10048,#10430);
#10432=EDGE_CURVE('',#10049,#10423,#10431,.T.);
#10433=ORIENTED_EDGE('',*,*,#10432,.F.);
#10434=ORIENTED_EDGE('',*,*,#10053,.F.);
#10435=ORIENTED_EDGE('',*,*,#10410,.T.);
#10436=EDGE_LOOP('',(#10428,#10433,#10434,#10435));
#10437=FACE_OUTER_BOUND('',#10436,.T.);
#10438=CARTESIAN_POINT('',(-6.32843,-19.4769,2.85714));
#10439=DIRECTION('',(-0.37917,-0.9154,-0.13514));
#10440=DIRECTION('',(-0.04189,-0.12892,0.99077));
#10441=AXIS2_PLACEMENT_3D('',#10438,#10439,#10440);
#10442=PLANE('',#10441);
#10443=ADVANCED_FACE('',(#10437),#10442,.T.);
#10444=CARTESIAN_POINT('',(-6.65399,-20.47887,8.57143));
#10445=VERTEX_POINT('',#10444);
#10446=DIRECTION('',(-0.06981,-0.21487,0.97414));
#10447=VECTOR('',#10446,2.93298);
#10448=LINE('',#10422,#10447);
#10449=EDGE_CURVE('',#10423,#10445,#10448,.T.);
#10450=ORIENTED_EDGE('',*,*,#10449,.T.);
#10451=DIRECTION('',(0.92388,-0.38268,0.));
#10452=VECTOR('',#10451,3.37888);
#10453=LINE('',#10070,#10452);
#10454=EDGE_CURVE('',#10071,#10445,#10453,.T.);
#10455=ORIENTED_EDGE('',*,*,#10454,.F.);
#10456=ORIENTED_EDGE('',*,*,#10075,.F.);
#10457=ORIENTED_EDGE('',*,*,#10432,.T.);
#10458=EDGE_LOOP('',(#10450,#10455,#10456,#10457));
#10459=FACE_OUTER_BOUND('',#10458,.T.);
#10460=CARTESIAN_POINT('',(-6.44922,-19.84866,5.71429));
#10461=DIRECTION('',(-0.37285,-0.90013,-0.22526));
#10462=DIRECTION('',(-0.06981,-0.21487,0.97414));
#10463=AXIS2_PLACEMENT_3D('',#10460,#10461,#10462);
#10464=PLANE('',#10463);
#10465=ADVANCED_FACE('',(#10459),#10464,.T.);
#10466=CARTESIAN_POINT('',(-6.94838,-21.38491,11.42857));
#10467=VERTEX_POINT('',#10466);
#10468=DIRECTION('',(-0.09775,-0.30083,0.94865));
#10469=VECTOR('',#10468,3.01178);
#10470=LINE('',#10444,#10469);
#10471=EDGE_CURVE('',#10445,#10467,#10470,.T.);
#10472=ORIENTED_EDGE('',*,*,#10471,.T.);
#10473=DIRECTION('',(0.92388,-0.38268,0.));
#10474=VECTOR('',#10473,3.52837);
#10475=LINE('',#10092,#10474);
#10476=EDGE_CURVE('',#10093,#10467,#10475,.T.);
#10477=ORIENTED_EDGE('',*,*,#10476,.F.);
#10478=ORIENTED_EDGE('',*,*,#10097,.F.);
#10479=ORIENTED_EDGE('',*,*,#10454,.T.);
#10480=EDGE_LOOP('',(#10472,#10477,#10478,#10479));
#10481=FACE_OUTER_BOUND('',#10480,.T.);
#10482=CARTESIAN_POINT('',(-6.65399,-20.47887,8.57143));
#10483=DIRECTION('',(-0.36315,-0.87671,-0.31544));
#10484=DIRECTION('',(-0.09775,-0.30083,0.94865));
#10485=AXIS2_PLACEMENT_3D('',#10482,#10483,#10484);
#10486=PLANE('',#10485);
#10487=ADVANCED_FACE('',(#10481),#10486,.T.);
#10488=CARTESIAN_POINT('',(-7.34146,-22.59469,14.28571));
#10489=VERTEX_POINT('',#10488);
#10490=DIRECTION('',(-0.12569,-0.38682,0.91355));
#10491=VECTOR('',#10490,3.12752);
#10492=LINE('',#10466,#10491);
#10493=EDGE_CURVE('',#10467,#10489,#10492,.T.);
#10494=ORIENTED_EDGE('',*,*,#10493,.T.);
#10495=DIRECTION('',(0.92388,-0.38268,0.));
#10496=VECTOR('',#10495,3.72798);
#10497=LINE('',#10114,#10496);
#10498=EDGE_CURVE('',#10115,#10489,#10497,.T.);
#10499=ORIENTED_EDGE('',*,*,#10498,.F.);
#10500=ORIENTED_EDGE('',*,*,#10119,.F.);
#10501=ORIENTED_EDGE('',*,*,#10476,.T.);
#10502=EDGE_LOOP('',(#10494,#10499,#10500,#10501));
#10503=FACE_OUTER_BOUND('',#10502,.T.);
#10504=CARTESIAN_POINT('',(-6.94838,-21.38491,11.42857));
#10505=DIRECTION('',(-0.34978,-0.84444,-0.40568));
#10506=DIRECTION('',(-0.12569,-0.38682,0.91355));
#10507=AXIS2_PLACEMENT_3D('',#10504,#10505,#10506);
#10508=PLANE('',#10507);
#10509=ADVANCED_FACE('',(#10503),#10508,.T.);
#10510=CARTESIAN_POINT('',(-7.84738,-24.15174,17.14286));
#10511=VERTEX_POINT('',#10510);
#10512=DIRECTION('',(-0.15364,-0.47284,0.86765));
#10513=VECTOR('',#10512,3.29297);
#10514=LINE('',#10488,#10513);
#10515=EDGE_CURVE('',#10489,#10511,#10514,.T.);
#10516=ORIENTED_EDGE('',*,*,#10515,.T.);
#10517=DIRECTION('',(0.92388,-0.38268,0.));
#10518=VECTOR('',#10517,3.98488);
#10519=LINE('',#10136,#10518);
#10520=EDGE_CURVE('',#10137,#10511,#10519,.T.);
#10521=ORIENTED_EDGE('',*,*,#10520,.F.);
#10522=ORIENTED_EDGE('',*,*,#10141,.F.);
#10523=ORIENTED_EDGE('',*,*,#10498,.T.);
#10524=EDGE_LOOP('',(#10516,#10521,#10522,#10523));
#10525=FACE_OUTER_BOUND('',#10524,.T.);
#10526=CARTESIAN_POINT('',(-7.34146,-22.59469,14.28571));
#10527=DIRECTION('',(-0.33229,-0.80221,-0.49602));
#10528=DIRECTION('',(-0.15364,-0.47284,0.86765));
#10529=AXIS2_PLACEMENT_3D('',#10526,#10527,#10528);
#10530=PLANE('',#10529);
#10531=ADVANCED_FACE('',(#10525),#10530,.T.);
#10532=CARTESIAN_POINT('',(-8.48869,-26.12549,20.));
#10533=VERTEX_POINT('',#10532);
#10534=DIRECTION('',(-0.18161,-0.55893,0.80909));
#10535=VECTOR('',#10534,3.53132);
#10536=LINE('',#10510,#10535);
#10537=EDGE_CURVE('',#10511,#10533,#10536,.T.);
#10538=ORIENTED_EDGE('',*,*,#10537,.T.);
#10539=DIRECTION('',(0.92388,-0.38268,0.));
#10540=VECTOR('',#10539,4.31054);
#10541=LINE('',#10158,#10540);
#10542=EDGE_CURVE('',#10159,#10533,#10541,.T.);
#10543=ORIENTED_EDGE('',*,*,#10542,.F.);
#10544=ORIENTED_EDGE('',*,*,#10163,.F.);
#10545=ORIENTED_EDGE('',*,*,#10520,.T.);
#10546=EDGE_LOOP('',(#10538,#10543,#10544,#10545));
#10547=FACE_OUTER_BOUND('',#10546,.T.);
#10548=CARTESIAN_POINT('',(-7.84738,-24.15174,17.14286));
#10549=DIRECTION('',(-0.30995,-0.74829,-0.5865));
#10550=DIRECTION('',(-0.18161,-0.55893,0.80909));
#10551=AXIS2_PLACEMENT_3D('',#10548,#10549,#10550);
#10552=PLANE('',#10551);
#10553=ADVANCED_FACE('',(#10547),#10552,.T.);
#10554=CARTESIAN_POINT('',(-1.69959,-5.23081,20.));
#10555=VERTEX_POINT('',#10554);
#10556=DIRECTION('',(0.30902,0.95106,0.));
#10557=VECTOR('',#10556,21.96997);
#10558=LINE('',#10532,#10557);
#10559=EDGE_CURVE('',#10533,#10555,#10558,.T.);
#10560=ORIENTED_EDGE('',*,*,#10559,.T.);
#10561=DIRECTION('',(0.92388,-0.38268,0.));
#10562=VECTOR('',#10561,0.86305);
#10563=LINE('',#10180,#10562);
#10564=EDGE_CURVE('',#10181,#10555,#10563,.T.);
#10565=ORIENTED_EDGE('',*,*,#10564,.F.);
#10566=ORIENTED_EDGE('',*,*,#10185,.F.);
#10567=ORIENTED_EDGE('',*,*,#10542,.T.);
#10568=EDGE_LOOP('',(#10560,#10565,#10566,#10567));
#10569=FACE_OUTER_BOUND('',#10568,.T.);
#10570=CARTESIAN_POINT('',(-8.48869,-26.12549,20.));
#10571=DIRECTION('',(0.,0.,1.));
#10572=DIRECTION('',(0.30902,0.95106,0.));
#10573=AXIS2_PLACEMENT_3D('',#10570,#10571,#10572);
#10574=PLANE('',#10573);
#10575=ADVANCED_FACE('',(#10569),#10574,.T.);
#10576=DIRECTION('',(0.,0.,1.));
#10577=VECTOR('',#10576,40.);
#10578=LINE('',#10218,#10577);
#10579=EDGE_CURVE('',#10219,#10555,#10578,.T.);
#10580=ORIENTED_EDGE('',*,*,#10579,.F.);
#10581=ORIENTED_EDGE('',*,*,#10236,.F.);
#10582=ORIENTED_EDGE('',*,*,#10205,.T.);
#10583=ORIENTED_EDGE('',*,*,#10564,.T.);
#10584=EDGE_LOOP('',(#10580,#10581,#10582,#10583));
#10585=FACE_OUTER_BOUND('',#10584,.T.);
#10586=CARTESIAN_POINT('',(-1.69959,-5.23081,20.));
#10587=DIRECTION('',(0.38268,0.92388,0.));
#10588=DIRECTION('',(0.,0.,-1.));
#10589=AXIS2_PLACEMENT_3D('',#10586,#10587,#10588);
#10590=PLANE('',#10589);
#10591=ADVANCED_FACE('',(#10585),#10590,.T.);
#10592=CARTESIAN_POINT('',(-0.86039,-5.43229,-20.));
#10593=VERTEX_POINT('',#10592);
#10594=CARTESIAN_POINT('',(-4.29725,-27.13177,-20.));
#10595=VERTEX_POINT('',#10594);
#10596=DIRECTION('',(-0.15643,-0.98769,0.));
#10597=VECTOR('',#10596,21.96997);
#10598=LINE('',#10592,#10597);
#10599=EDGE_CURVE('',#10593,#10595,#10598,.T.);
#10600=ORIENTED_EDGE('',*,*,#10599,.T.);
#10601=DIRECTION('',(0.97237,-0.23345,0.));
#10602=VECTOR('',#10601,4.31054);
#10603=LINE('',#10220,#10602);
#10604=EDGE_CURVE('',#10221,#10595,#10603,.T.);
#10605=ORIENTED_EDGE('',*,*,#10604,.F.);
#10606=ORIENTED_EDGE('',*,*,#10225,.F.);
#10607=DIRECTION('',(0.97237,-0.23345,0.));
#10608=VECTOR('',#10607,0.86305);
#10609=LINE('',#10218,#10608);
#10610=EDGE_CURVE('',#10219,#10593,#10609,.T.);
#10611=ORIENTED_EDGE('',*,*,#10610,.T.);
#10612=EDGE_LOOP('',(#10600,#10605,#10606,#10611));
#10613=FACE_OUTER_BOUND('',#10612,.T.);
#10614=CARTESIAN_POINT('',(-0.86039,-5.43229,-20.));
#10615=DIRECTION('',(0.,0.,-1.));
#10616=DIRECTION('',(-0.15643,-0.98769,0.));
#10617=AXIS2_PLACEMENT_3D('',#10614,#10615,#10616);
#10618=PLANE('',#10617);
#10619=ADVANCED_FACE('',(#10613),#10618,.T.);
#10620=CARTESIAN_POINT('',(-3.9726,-25.08199,-17.14286));
#10621=VERTEX_POINT('',#10620);
#10622=DIRECTION('',(0.09194,0.58045,0.80909));
#10623=VECTOR('',#10622,3.53132);
#10624=LINE('',#10594,#10623);
#10625=EDGE_CURVE('',#10595,#10621,#10624,.T.);
#10626=ORIENTED_EDGE('',*,*,#10625,.T.);
#10627=DIRECTION('',(0.97237,-0.23345,0.));
#10628=VECTOR('',#10627,3.98488);
#10629=LINE('',#10246,#10628);
#10630=EDGE_CURVE('',#10247,#10621,#10629,.T.);
#10631=ORIENTED_EDGE('',*,*,#10630,.F.);
#10632=ORIENTED_EDGE('',*,*,#10251,.F.);
#10633=ORIENTED_EDGE('',*,*,#10604,.T.);
#10634=EDGE_LOOP('',(#10626,#10631,#10632,#10633));
#10635=FACE_OUTER_BOUND('',#10634,.T.);
#10636=CARTESIAN_POINT('',(-4.29725,-27.13177,-20.));
#10637=DIRECTION('',(-0.18908,-0.78757,0.5865));
#10638=DIRECTION('',(0.09194,0.58045,0.80909));
#10639=AXIS2_PLACEMENT_3D('',#10636,#10637,#10638);
#10640=PLANE('',#10639);
#10641=ADVANCED_FACE('',(#10635),#10640,.T.);
#10642=CARTESIAN_POINT('',(-3.71649,-23.46497,-14.28571));
#10643=VERTEX_POINT('',#10642);
#10644=DIRECTION('',(0.07778,0.49105,0.86765));
#10645=VECTOR('',#10644,3.29297);
#10646=LINE('',#10620,#10645);
#10647=EDGE_CURVE('',#10621,#10643,#10646,.T.);
#10648=ORIENTED_EDGE('',*,*,#10647,.T.);
#10649=DIRECTION('',(0.97237,-0.23345,0.));
#10650=VECTOR('',#10649,3.72798);
#10651=LINE('',#10268,#10650);
#10652=EDGE_CURVE('',#10269,#10643,#10651,.T.);
#10653=ORIENTED_EDGE('',*,*,#10652,.F.);
#10654=ORIENTED_EDGE('',*,*,#10273,.F.);
#10655=ORIENTED_EDGE('',*,*,#10630,.T.);
#10656=EDGE_LOOP('',(#10648,#10653,#10654,#10655));
#10657=FACE_OUTER_BOUND('',#10656,.T.);
#10658=CARTESIAN_POINT('',(-3.9726,-25.08199,-17.14286));
#10659=DIRECTION('',(-0.2027,-0.84432,0.49602));
#10660=DIRECTION('',(0.07778,0.49105,0.86765));
#10661=AXIS2_PLACEMENT_3D('',#10658,#10659,#10660);
#10662=PLANE('',#10661);
#10663=ADVANCED_FACE('',(#10657),#10662,.T.);
#10664=CARTESIAN_POINT('',(-3.5175,-22.20859,-11.42857));
#10665=VERTEX_POINT('',#10664);
#10666=DIRECTION('',(0.06363,0.40172,0.91355));
#10667=VECTOR('',#10666,3.12752);
#10668=LINE('',#10642,#10667);
#10669=EDGE_CURVE('',#10643,#10665,#10668,.T.);
#10670=ORIENTED_EDGE('',*,*,#10669,.T.);
#10671=DIRECTION('',(0.97237,-0.23345,0.));
#10672=VECTOR('',#10671,3.52837);
#10673=LINE('',#10290,#10672);
#10674=EDGE_CURVE('',#10291,#10665,#10673,.T.);
#10675=ORIENTED_EDGE('',*,*,#10674,.F.);
#10676=ORIENTED_EDGE('',*,*,#10295,.F.);
#10677=ORIENTED_EDGE('',*,*,#10652,.T.);
#10678=EDGE_LOOP('',(#10670,#10675,#10676,#10677));
#10679=FACE_OUTER_BOUND('',#10678,.T.);
#10680=CARTESIAN_POINT('',(-3.71649,-23.46497,-14.28571));
#10681=DIRECTION('',(-0.21337,-0.88876,0.40568));
#10682=DIRECTION('',(0.06363,0.40172,0.91355));
#10683=AXIS2_PLACEMENT_3D('',#10680,#10681,#10682);
#10684=PLANE('',#10683);
#10685=ADVANCED_FACE('',(#10679),#10684,.T.);
#10686=CARTESIAN_POINT('',(-3.36846,-21.26765,-8.57143));
#10687=VERTEX_POINT('',#10686);
#10688=DIRECTION('',(0.04948,0.31242,0.94865));
#10689=VECTOR('',#10688,3.01178);
#10690=LINE('',#10664,#10689);
#10691=EDGE_CURVE('',#10665,#10687,#10690,.T.);
#10692=ORIENTED_EDGE('',*,*,#10691,.T.);
#10693=DIRECTION('',(0.97237,-0.23345,0.));
#10694=VECTOR('',#10693,3.37888);
#10695=LINE('',#10312,#10694);
#10696=EDGE_CURVE('',#10313,#10687,#10695,.T.);
#10697=ORIENTED_EDGE('',*,*,#10696,.F.);
#10698=ORIENTED_EDGE('',*,*,#10317,.F.);
#10699=ORIENTED_EDGE('',*,*,#10674,.T.);
#10700=EDGE_LOOP('',(#10692,#10697,#10698,#10699));
#10701=FACE_OUTER_BOUND('',#10700,.T.);
#10702=CARTESIAN_POINT('',(-3.5175,-22.20859,-11.42857));
#10703=DIRECTION('',(-0.22153,-0.92273,0.31544));
#10704=DIRECTION('',(0.04948,0.31242,0.94865));
#10705=AXIS2_PLACEMENT_3D('',#10702,#10703,#10704);
#10706=PLANE('',#10705);
#10707=ADVANCED_FACE('',(#10701),#10706,.T.);
#10708=CARTESIAN_POINT('',(-3.26481,-20.61317,-5.71429));
#10709=VERTEX_POINT('',#10708);
#10710=DIRECTION('',(0.03534,0.22314,0.97414));
#10711=VECTOR('',#10710,2.93298);
#10712=LINE('',#10686,#10711);
#10713=EDGE_CURVE('',#10687,#10709,#10712,.T.);
#10714=ORIENTED_EDGE('',*,*,#10713,.T.);
#10715=DIRECTION('',(0.97237,-0.23345,0.));
#10716=VECTOR('',#10715,3.2749);
#10717=LINE('',#10334,#10716);
#10718=EDGE_CURVE('',#10335,#10709,#10717,.T.);
#10719=ORIENTED_EDGE('',*,*,#10718,.F.);
#10720=ORIENTED_EDGE('',*,*,#10339,.F.);
#10721=ORIENTED_EDGE('',*,*,#10696,.T.);
#10722=EDGE_LOOP('',(#10714,#10719,#10720,#10721));
#10723=FACE_OUTER_BOUND('',#10722,.T.);
#10724=CARTESIAN_POINT('',(-3.36846,-21.26765,-8.57143));
#10725=DIRECTION('',(-0.22745,-0.94738,0.22526));
#10726=DIRECTION('',(0.03534,0.22314,0.97414));
#10727=AXIS2_PLACEMENT_3D('',#10724,#10725,#10726);
#10728=PLANE('',#10727);
#10729=ADVANCED_FACE('',(#10723),#10728,.T.);
#10730=CARTESIAN_POINT('',(-3.20366,-20.22709,-2.85714));
#10731=VERTEX_POINT('',#10730);
#10732=DIRECTION('',(0.0212,0.13388,0.99077));
#10733=VECTOR('',#10732,2.88376);
#10734=LINE('',#10708,#10733);
#10735=EDGE_CURVE('',#10709,#10731,#10734,.T.);
#10736=ORIENTED_EDGE('',*,*,#10735,.T.);
#10737=DIRECTION('',(0.97237,-0.23345,0.));
#10738=VECTOR('',#10737,3.21356);
#10739=LINE('',#10356,#10738);
#10740=EDGE_CURVE('',#10357,#10731,#10739,.T.);
#10741=ORIENTED_EDGE('',*,*,#10740,.F.);
#10742=ORIENTED_EDGE('',*,*,#10361,.F.);
#10743=ORIENTED_EDGE('',*,*,#10718,.T.);
#10744=EDGE_LOOP('',(#10736,#10741,#10742,#10743));
#10745=FACE_OUTER_BOUND('',#10744,.T.);
#10746=CARTESIAN_POINT('',(-3.26481,-20.61317,-5.71429));
#10747=DIRECTION('',(-0.2313,-0.96345,0.13514));
#10748=DIRECTION('',(0.0212,0.13388,0.99077));
#10749=AXIS2_PLACEMENT_3D('',#10746,#10747,#10748);
#10750=PLANE('',#10749);
#10751=ADVANCED_FACE('',(#10745),#10750,.T.);
#10752=CARTESIAN_POINT('',(-3.18344,-20.09946,0.));
#10753=VERTEX_POINT('',#10752);
#10754=DIRECTION('',(0.00707,0.04463,0.99898));
#10755=VECTOR('',#10754,2.86006);
#10756=LINE('',#10730,#10755);
#10757=EDGE_CURVE('',#10731,#10753,#10756,.T.);
#10758=ORIENTED_EDGE('',*,*,#10757,.T.);
#10759=DIRECTION('',(0.97237,-0.23345,0.));
#10760=VECTOR('',#10759,3.19329);
#10761=LINE('',#10378,#10760);
#10762=EDGE_CURVE('',#10379,#10753,#10761,.T.);
#10763=ORIENTED_EDGE('',*,*,#10762,.F.);
#10764=ORIENTED_EDGE('',*,*,#10383,.F.);
#10765=ORIENTED_EDGE('',*,*,#10740,.T.);
#10766=EDGE_LOOP('',(#10758,#10763,#10764,#10765));
#10767=FACE_OUTER_BOUND('',#10766,.T.);
#10768=CARTESIAN_POINT('',(-3.20366,-20.22709,-2.85714));
#10769=DIRECTION('',(-0.23321,-0.97138,0.04504));
#10770=DIRECTION('',(0.00707,0.04463,0.99898));
#10771=AXIS2_PLACEMENT_3D('',#10768,#10769,#10770);
#10772=PLANE('',#10771);
#10773=ADVANCED_FACE('',(#10767),#10772,.T.);
#10774=CARTESIAN_POINT('',(-3.20366,-20.22709,2.85714));
#10775=VERTEX_POINT('',#10774);
#10776=DIRECTION('',(-0.00707,-0.04463,0.99898));
#10777=VECTOR('',#10776,2.86006);
#10778=LINE('',#10752,#10777);
#10779=EDGE_CURVE('',#10753,#10775,#10778,.T.);
#10780=ORIENTED_EDGE('',*,*,#10779,.T.);
#10781=DIRECTION('',(0.97237,-0.23345,0.));
#10782=VECTOR('',#10781,3.21356);
#10783=LINE('',#10400,#10782);
#10784=EDGE_CURVE('',#10401,#10775,#10783,.T.);
#10785=ORIENTED_EDGE('',*,*,#10784,.F.);
#10786=ORIENTED_EDGE('',*,*,#10405,.F.);
#10787=ORIENTED_EDGE('',*,*,#10762,.T.);
#10788=EDGE_LOOP('',(#10780,#10785,#10786,#10787));
#10789=FACE_OUTER_BOUND('',#10788,.T.);
#10790=CARTESIAN_POINT('',(-3.18344,-20.09946,0.));
#10791=DIRECTION('',(-0.23321,-0.97138,-0.04504));
#10792=DIRECTION('',(-0.00707,-0.04463,0.99898));
#10793=AXIS2_PLACEMENT_3D('',#10790,#10791,#10792);
#10794=PLANE('',#10793);
#10795=ADVANCED_FACE('',(#10789),#10794,.T.);
#10796=CARTESIAN_POINT('',(-3.26481,-20.61317,5.71429));
#10797=VERTEX_POINT('',#10796);
#10798=DIRECTION('',(-0.0212,-0.13388,0.99077));
#10799=VECTOR('',#10798,2.88376);
#10800=LINE('',#10774,#10799);
#10801=EDGE_CURVE('',#10775,#10797,#10800,.T.);
#10802=ORIENTED_EDGE('',*,*,#10801,.T.);
#10803=DIRECTION('',(0.97237,-0.23345,0.));
#10804=VECTOR('',#10803,3.2749);
#10805=LINE('',#10422,#10804);
#10806=EDGE_CURVE('',#10423,#10797,#10805,.T.);
#10807=ORIENTED_EDGE('',*,*,#10806,.F.);
#10808=ORIENTED_EDGE('',*,*,#10427,.F.);
#10809=ORIENTED_EDGE('',*,*,#10784,.T.);
#10810=EDGE_LOOP('',(#10802,#10807,#10808,#10809));
#10811=FACE_OUTER_BOUND('',#10810,.T.);
#10812=CARTESIAN_POINT('',(-3.20366,-20.22709,2.85714));
#10813=DIRECTION('',(-0.2313,-0.96345,-0.13514));
#10814=DIRECTION('',(-0.0212,-0.13388,0.99077));
#10815=AXIS2_PLACEMENT_3D('',#10812,#10813,#10814);
#10816=PLANE('',#10815);
#10817=ADVANCED_FACE('',(#10811),#10816,.T.);
#10818=CARTESIAN_POINT('',(-3.36846,-21.26765,8.57143));
#10819=VERTEX_POINT('',#10818);
#10820=DIRECTION('',(-0.03534,-0.22314,0.97414));
#10821=VECTOR('',#10820,2.93298);
#10822=LINE('',#10796,#10821);
#10823=EDGE_CURVE('',#10797,#10819,#10822,.T.);
#10824=ORIENTED_EDGE('',*,*,#10823,.T.);
#10825=DIRECTION('',(0.97237,-0.23345,0.));
#10826=VECTOR('',#10825,3.37888);
#10827=LINE('',#10444,#10826);
#10828=EDGE_CURVE('',#10445,#10819,#10827,.T.);
#10829=ORIENTED_EDGE('',*,*,#10828,.F.);
#10830=ORIENTED_EDGE('',*,*,#10449,.F.);
#10831=ORIENTED_EDGE('',*,*,#10806,.T.);
#10832=EDGE_LOOP('',(#10824,#10829,#10830,#10831));
#10833=FACE_OUTER_BOUND('',#10832,.T.);
#10834=CARTESIAN_POINT('',(-3.26481,-20.61317,5.71429));
#10835=DIRECTION('',(-0.22745,-0.94738,-0.22526));
#10836=DIRECTION('',(-0.03534,-0.22314,0.97414));
#10837=AXIS2_PLACEMENT_3D('',#10834,#10835,#10836);
#10838=PLANE('',#10837);
#10839=ADVANCED_FACE('',(#10833),#10838,.T.);
#10840=CARTESIAN_POINT('',(-3.5175,-22.20859,11.42857));
#10841=VERTEX_POINT('',#10840);
#10842=DIRECTION('',(-0.04948,-0.31242,0.94865));
#10843=VECTOR('',#10842,3.01178);
#10844=LINE('',#10818,#10843);
#10845=EDGE_CURVE('',#10819,#10841,#10844,.T.);
#10846=ORIENTED_EDGE('',*,*,#10845,.T.);
#10847=DIRECTION('',(0.97237,-0.23345,0.));
#10848=VECTOR('',#10847,3.52837);
#10849=LINE('',#10466,#10848);
#10850=EDGE_CURVE('',#10467,#10841,#10849,.T.);
#10851=ORIENTED_EDGE('',*,*,#10850,.F.);
#10852=ORIENTED_EDGE('',*,*,#10471,.F.);
#10853=ORIENTED_EDGE('',*,*,#10828,.T.);
#10854=EDGE_LOOP('',(#10846,#10851,#10852,#10853));
#10855=FACE_OUTER_BOUND('',#10854,.T.);
#10856=CARTESIAN_POINT('',(-3.36846,-21.26765,8.57143));
#10857=DIRECTION('',(-0.22153,-0.92273,-0.31544));
#10858=DIRECTION('',(-0.04948,-0.31242,0.94865));
#10859=AXIS2_PLACEMENT_3D('',#10856,#10857,#10858);
#10860=PLANE('',#10859);
#10861=ADVANCED_FACE('',(#10855),#10860,.T.);
#10862=CARTESIAN_POINT('',(-3.71649,-23.46497,14.28571));
#10863=VERTEX_POINT('',#10862);
#10864=DIRECTION('',(-0.06363,-0.40172,0.91355));
#10865=VECTOR('',#10864,3.12752);
#10866=LINE('',#10840,#10865);
#10867=EDGE_CURVE('',#10841,#10863,#10866,.T.);
#10868=ORIENTED_EDGE('',*,*,#10867,.T.);
#10869=DIRECTION('',(0.97237,-0.23345,0.));
#10870=VECTOR('',#10869,3.72798);
#10871=LINE('',#10488,#10870);
#10872=EDGE_CURVE('',#10489,#10863,#10871,.T.);
#10873=ORIENTED_EDGE('',*,*,#10872,.F.);
#10874=ORIENTED_EDGE('',*,*,#10493,.F.);
#10875=ORIENTED_EDGE('',*,*,#10850,.T.);
#10876=EDGE_LOOP('',(#10868,#10873,#10874,#10875));
#10877=FACE_OUTER_BOUND('',#10876,.T.);
#10878=CARTESIAN_POINT('',(-3.5175,-22.20859,11.42857));
#10879=DIRECTION('',(-0.21337,-0.88876,-0.40568));
#10880=DIRECTION('',(-0.06363,-0.40172,0.91355));
#10881=AXIS2_PLACEMENT_3D('',#10878,#10879,#10880);
#10882=PLANE('',#10881);
#10883=ADVANCED_FACE('',(#10877),#10882,.T.);
#10884=CARTESIAN_POINT('',(-3.9726,-25.08199,17.14286));
#10885=VERTEX_POINT('',#10884);
#10886=DIRECTION('',(-0.07778,-0.49105,0.86765));
#10887=VECTOR('',#10886,3.29297);
#10888=LINE('',#10862,#10887);
#10889=EDGE_CURVE('',#10863,#10885,#10888,.T.);
#10890=ORIENTED_EDGE('',*,*,#10889,.T.);
#10891=DIRECTION('',(0.97237,-0.23345,0.));
#10892=VECTOR('',#10891,3.98488);
#10893=LINE('',#10510,#10892);
#10894=EDGE_CURVE('',#10511,#10885,#10893,.T.);
#10895=ORIENTED_EDGE('',*,*,#10894,.F.);
#10896=ORIENTED_EDGE('',*,*,#10515,.F.);
#10897=ORIENTED_EDGE('',*,*,#10872,.T.);
#10898=EDGE_LOOP('',(#10890,#10895,#10896,#10897));
#10899=FACE_OUTER_BOUND('',#10898,.T.);
#10900=CARTESIAN_POINT('',(-3.71649,-23.46497,14.28571));
#10901=DIRECTION('',(-0.2027,-0.84432,-0.49602));
#10902=DIRECTION('',(-0.07778,-0.49105,0.86765));
#10903=AXIS2_PLACEMENT_3D('',#10900,#10901,#10902);
#10904=PLANE('',#10903);
#10905=ADVANCED_FACE('',(#10899),#10904,.T.);
#10906=CARTESIAN_POINT('',(-4.29725,-27.13177,20.));
#10907=VERTEX_POINT('',#10906);
#10908=DIRECTION('',(-0.09194,-0.58045,0.80909));
#10909=VECTOR('',#10908,3.53132);
#10910=LINE('',#10884,#10909);
#10911=EDGE_CURVE('',#10885,#10907,#10910,.T.);
#10912=ORIENTED_EDGE('',*,*,#10911,.T.);
#10913=DIRECTION('',(0.97237,-0.23345,0.));
#10914=VECTOR('',#10913,4.31054);
#10915=LINE('',#10532,#10914);
#10916=EDGE_CURVE('',#10533,#10907,#10915,.T.);
#10917=ORIENTED_EDGE('',*,*,#10916,.F.);
#10918=ORIENTED_EDGE('',*,*,#10537,.F.);
#10919=ORIENTED_EDGE('',*,*,#10894,.T.);
#10920=EDGE_LOOP('',(#10912,#10917,#10918,#10919));
#10921=FACE_OUTER_BOUND('',#10920,.T.);
#10922=CARTESIAN_POINT('',(-3.9726,-25.08199,17.14286));
#10923=DIRECTION('',(-0.18908,-0.78757,-0.5865));
#10924=DIRECTION('',(-0.09194,-0.58045,0.80909));
#10925=AXIS2_PLACEMENT_3D('',#10922,#10923,#10924);
#10926=PLANE('',#10925);
#10927=ADVANCED_FACE('',(#10921),#10926,.T.);
#10928=CARTESIAN_POINT('',(-0.86039,-5.43229,20.));
#10929=VERTEX_POINT('',#10928);
#10930=DIRECTION('',(0.15643,0.98769,0.));
#10931=VECTOR('',#10930,21.96997);
#10932=LINE('',#10906,#10931);
#10933=EDGE_CURVE('',#10907,#10929,#10932,.T.);
#10934=ORIENTED_EDGE('',*,*,#10933,.T.);
#10935=DIRECTION('',(0.97237,-0.23345,0.));
#10936=VECTOR('',#10935,0.86305);
#10937=LINE('',#10554,#10936);
#10938=EDGE_CURVE('',#10555,#10929,#10937,.T.);
#10939=ORIENTED_EDGE('',*,*,#10938,.F.);
#10940=ORIENTED_EDGE('',*,*,#10559,.F.);
#10941=ORIENTED_EDGE('',*,*,#10916,.T.);
#10942=EDGE_LOOP('',(#10934,#10939,#10940,#10941));
#10943=FACE_OUTER_BOUND('',#10942,.T.);
#10944=CARTESIAN_POINT('',(-4.29725,-27.13177,20.));
#10945=DIRECTION('',(0.,0.,1.));
#10946=DIRECTION('',(0.15643,0.98769,0.));
#10947=AXIS2_PLACEMENT_3D('',#10944,#10945,#10946);
#10948=PLANE('',#10947);
#10949=ADVANCED_FACE('',(#10943),#10948,.T.);
#10950=DIRECTION('',(0.,0.,1.));
#10951=VECTOR('',#10950,40.);
#10952=LINE('',#10592,#10951);
#10953=EDGE_CURVE('',#10593,#10929,#10952,.T.);
#10954=ORIENTED_EDGE('',*,*,#10953,.F.);
#10955=ORIENTED_EDGE('',*,*,#10610,.F.);
#10956=ORIENTED_EDGE('',*,*,#10579,.T.);
#10957=ORIENTED_EDGE('',*,*,#10938,.T.);
#10958=EDGE_LOOP('',(#10954,#10955,#10956,#10957));
#10959=FACE_OUTER_BOUND('',#10958,.T.);
#10960=CARTESIAN_POINT('',(-0.86039,-5.43229,20.));
#10961=DIRECTION('',(0.23345,0.97237,0.));
#10962=DIRECTION('',(0.,0.,-1.));
#10963=AXIS2_PLACEMENT_3D('',#10960,#10961,#10962);
#10964=PLANE('',#10963);
#10965=ADVANCED_FACE('',(#10959),#10964,.T.);
#10966=CARTESIAN_POINT('',(0.,-5.5,-20.));
#10967=VERTEX_POINT('',#10966);
#10968=CARTESIAN_POINT('',(0.,-27.46997,-20.));
#10969=VERTEX_POINT('',#10968);
#10970=DIRECTION('',(0.,-1.,0.));
#10971=VECTOR('',#10970,21.96997);
#10972=LINE('',#10966,#10971);
#10973=EDGE_CURVE('',#10967,#10969,#10972,.T.);
#10974=ORIENTED_EDGE('',*,*,#10973,.T.);
#10975=DIRECTION('',(0.99692,-0.07846,0.));
#10976=VECTOR('',#10975,4.31054);
#10977=LINE('',#10594,#10976);
#10978=EDGE_CURVE('',#10595,#10969,#10977,.T.);
#10979=ORIENTED_EDGE('',*,*,#10978,.F.);
#10980=ORIENTED_EDGE('',*,*,#10599,.F.);
#10981=DIRECTION('',(0.99692,-0.07846,0.));
#10982=VECTOR('',#10981,0.86305);
#10983=LINE('',#10592,#10982);
#10984=EDGE_CURVE('',#10593,#10967,#10983,.T.);
#10985=ORIENTED_EDGE('',*,*,#10984,.T.);
#10986=EDGE_LOOP('',(#10974,#10979,#10980,#10985));
#10987=FACE_OUTER_BOUND('',#10986,.T.);
#10988=CARTESIAN_POINT('',(0.,-5.5,-20.));
#10989=DIRECTION('',(0.,0.,-1.));
#10990=DIRECTION('',(0.,-1.,0.));
#10991=AXIS2_PLACEMENT_3D('',#10988,#10989,#10990);
#10992=PLANE('',#10991);
#10993=ADVANCED_FACE('',(#10987),#10992,.T.);
#10994=CARTESIAN_POINT('',(0.,-25.39464,-17.14286));
#10995=VERTEX_POINT('',#10994);
#10996=DIRECTION('',(0.,0.58769,0.80909));
#10997=VECTOR('',#10996,3.53132);
#10998=LINE('',#10968,#10997);
#10999=EDGE_CURVE('',#10969,#10995,#10998,.T.);
#11000=ORIENTED_EDGE('',*,*,#10999,.T.);
#11001=DIRECTION('',(0.99692,-0.07846,0.));
#11002=VECTOR('',#11001,3.98488);
#11003=LINE('',#10620,#11002);
#11004=EDGE_CURVE('',#10621,#10995,#11003,.T.);
#11005=ORIENTED_EDGE('',*,*,#11004,.F.);
#11006=ORIENTED_EDGE('',*,*,#10625,.F.);
#11007=ORIENTED_EDGE('',*,*,#10978,.T.);
#11008=EDGE_LOOP('',(#11000,#11005,#11006,#11007));
#11009=FACE_OUTER_BOUND('',#11008,.T.);
#11010=CARTESIAN_POINT('',(0.,-27.46997,-20.));
#11011=DIRECTION('',(-0.06355,-0.80745,0.5865));
#11012=DIRECTION('',(0.,0.58769,0.80909));
#11013=AXIS2_PLACEMENT_3D('',#11010,#11011,#11012);
#11014=PLANE('',#11013);
#11015=ADVANCED_FACE('',(#11009),#11014,.T.);
#11016=CARTESIAN_POINT('',(0.,-23.75746,-14.28571));
#11017=VERTEX_POINT('',#11016);
#11018=DIRECTION('',(0.,0.49718,0.86765));
#11019=VECTOR('',#11018,3.29297);
#11020=LINE('',#10994,#11019);
#11021=EDGE_CURVE('',#10995,#11017,#11020,.T.);
#11022=ORIENTED_EDGE('',*,*,#11021,.T.);
#11023=DIRECTION('',(0.99692,-0.07846,0.));
#11024=VECTOR('',#11023,3.72798);
#11025=LINE('',#10642,#11024);
#11026=EDGE_CURVE('',#10643,#11017,#11025,.T.);
#11027=ORIENTED_EDGE('',*,*,#11026,.F.);
#11028=ORIENTED_EDGE('',*,*,#10647,.F.);
#11029=ORIENTED_EDGE('',*,*,#11004,.T.);
#11030=EDGE_LOOP('',(#11022,#11027,#11028,#11029));
#11031=FACE_OUTER_BOUND('',#11030,.T.);
#11032=CARTESIAN_POINT('',(0.,-25.39464,-17.14286));
#11033=DIRECTION('',(-0.06813,-0.86563,0.49602));
#11034=DIRECTION('',(0.,0.49718,0.86765));
#11035=AXIS2_PLACEMENT_3D('',#11032,#11033,#11034);
#11036=PLANE('',#11035);
#11037=ADVANCED_FACE('',(#11031),#11036,.T.);
#11038=CARTESIAN_POINT('',(0.,-22.48542,-11.42857));
#11039=VERTEX_POINT('',#11038);
#11040=DIRECTION('',(0.,0.40673,0.91355));
#11041=VECTOR('',#11040,3.12752);
#11042=LINE('',#11016,#11041);
#11043=EDGE_CURVE('',#11017,#11039,#11042,.T.);
#11044=ORIENTED_EDGE('',*,*,#11043,.T.);
#11045=DIRECTION('',(0.99692,-0.07846,0.));
#11046=VECTOR('',#11045,3.52837);
#11047=LINE('',#10664,#11046);
#11048=EDGE_CURVE('',#10665,#11039,#11047,.T.);
#11049=ORIENTED_EDGE('',*,*,#11048,.F.);
#11050=ORIENTED_EDGE('',*,*,#10669,.F.);
#11051=ORIENTED_EDGE('',*,*,#11026,.T.);
#11052=EDGE_LOOP('',(#11044,#11049,#11050,#11051));
#11053=FACE_OUTER_BOUND('',#11052,.T.);
#11054=CARTESIAN_POINT('',(0.,-23.75746,-14.28571));
#11055=DIRECTION('',(-0.07171,-0.9112,0.40568));
#11056=DIRECTION('',(0.,0.40673,0.91355));
#11057=AXIS2_PLACEMENT_3D('',#11054,#11055,#11056);
#11058=PLANE('',#11057);
#11059=ADVANCED_FACE('',(#11053),#11058,.T.);
#11060=CARTESIAN_POINT('',(0.,-21.53275,-8.57143));
#11061=VERTEX_POINT('',#11060);
#11062=DIRECTION('',(0.,0.31631,0.94865));
#11063=VECTOR('',#11062,3.01178);
#11064=LINE('',#11038,#11063);
#11065=EDGE_CURVE('',#11039,#11061,#11064,.T.);
#11066=ORIENTED_EDGE('',*,*,#11065,.T.);
#11067=DIRECTION('',(0.99692,-0.07846,0.));
#11068=VECTOR('',#11067,3.37888);
#11069=LINE('',#10686,#11068);
#11070=EDGE_CURVE('',#10687,#11061,#11069,.T.);
#11071=ORIENTED_EDGE('',*,*,#11070,.F.);
#11072=ORIENTED_EDGE('',*,*,#10691,.F.);
#11073=ORIENTED_EDGE('',*,*,#11048,.T.);
#11074=EDGE_LOOP('',(#11066,#11071,#11072,#11073));
#11075=FACE_OUTER_BOUND('',#11074,.T.);
#11076=CARTESIAN_POINT('',(0.,-22.48542,-11.42857));
#11077=DIRECTION('',(-0.07445,-0.94602,0.31544));
#11078=DIRECTION('',(0.,0.31631,0.94865));
#11079=AXIS2_PLACEMENT_3D('',#11076,#11077,#11078);
#11080=PLANE('',#11079);
#11081=ADVANCED_FACE('',(#11075),#11080,.T.);
#11082=CARTESIAN_POINT('',(0.,-20.87012,-5.71429));
#11083=VERTEX_POINT('',#11082);
#11084=DIRECTION('',(0.,0.22593,0.97414));
#11085=VECTOR('',#11084,2.93298);
#11086=LINE('',#11060,#11085);
#11087=EDGE_CURVE('',#11061,#11083,#11086,.T.);
#11088=ORIENTED_EDGE('',*,*,#11087,.T.);
#11089=DIRECTION('',(0.99692,-0.07846,0.));
#11090=VECTOR('',#11089,3.2749);
#11091=LINE('',#10708,#11090);
#11092=EDGE_CURVE('',#10709,#11083,#11091,.T.);
#11093=ORIENTED_EDGE('',*,*,#11092,.F.);
#11094=ORIENTED_EDGE('',*,*,#10713,.F.);
#11095=ORIENTED_EDGE('',*,*,#11070,.T.);
#11096=EDGE_LOOP('',(#11088,#11093,#11094,#11095));
#11097=FACE_OUTER_BOUND('',#11096,.T.);
#11098=CARTESIAN_POINT('',(0.,-21.53275,-8.57143));
#11099=DIRECTION('',(-0.07644,-0.97129,0.22526));
#11100=DIRECTION('',(0.,0.22593,0.97414));
#11101=AXIS2_PLACEMENT_3D('',#11098,#11099,#11100);
#11102=PLANE('',#11101);
#11103=ADVANCED_FACE('',(#11097),#11102,.T.);
#11104=CARTESIAN_POINT('',(0.,-20.47923,-2.85714));
#11105=VERTEX_POINT('',#11104);
#11106=DIRECTION('',(0.,0.13555,0.99077));
#11107=VECTOR('',#11106,2.88376);
#11108=LINE('',#11082,#11107);
#11109=EDGE_CURVE('',#11083,#11105,#11108,.T.);
#11110=ORIENTED_EDGE('',*,*,#11109,.T.);
#11111=DIRECTION('',(0.99692,-0.07846,0.));
#11112=VECTOR('',#11111,3.21356);
#11113=LINE('',#10730,#11112);
#11114=EDGE_CURVE('',#10731,#11105,#11113,.T.);
#11115=ORIENTED_EDGE('',*,*,#11114,.F.);
#11116=ORIENTED_EDGE('',*,*,#10735,.F.);
#11117=ORIENTED_EDGE('',*,*,#11092,.T.);
#11118=EDGE_LOOP('',(#11110,#11115,#11116,#11117));
#11119=FACE_OUTER_BOUND('',#11118,.T.);
#11120=CARTESIAN_POINT('',(0.,-20.87012,-5.71429));
#11121=DIRECTION('',(-0.07774,-0.98777,0.13514));
#11122=DIRECTION('',(0.,0.13555,0.99077));
#11123=AXIS2_PLACEMENT_3D('',#11120,#11121,#11122);
#11124=PLANE('',#11123);
#11125=ADVANCED_FACE('',(#11119),#11124,.T.);
#11126=CARTESIAN_POINT('',(0.,-20.35,0.));
#11127=VERTEX_POINT('',#11126);
#11128=DIRECTION('',(0.,0.04518,0.99898));
#11129=VECTOR('',#11128,2.86006);
#11130=LINE('',#11104,#11129);
#11131=EDGE_CURVE('',#11105,#11127,#11130,.T.);
#11132=ORIENTED_EDGE('',*,*,#11131,.T.);
#11133=DIRECTION('',(0.99692,-0.07846,0.));
#11134=VECTOR('',#11133,3.19329);
#11135=LINE('',#10752,#11134);
#11136=EDGE_CURVE('',#10753,#11127,#11135,.T.);
#11137=ORIENTED_EDGE('',*,*,#11136,.F.);
#11138=ORIENTED_EDGE('',*,*,#10757,.F.);
#11139=ORIENTED_EDGE('',*,*,#11114,.T.);
#11140=EDGE_LOOP('',(#11132,#11137,#11138,#11139));
#11141=FACE_OUTER_BOUND('',#11140,.T.);
#11142=CARTESIAN_POINT('',(0.,-20.47923,-2.85714));
#11143=DIRECTION('',(-0.07838,-0.99591,0.04504));
#11144=DIRECTION('',(0.,0.04518,0.99898));
#11145=AXIS2_PLACEMENT_3D('',#11142,#11143,#11144);
#11146=PLANE('',#11145);
#11147=ADVANCED_FACE('',(#11141),#11146,.T.);
#11148=CARTESIAN_POINT('',(0.,-20.47923,2.85714));
#11149=VERTEX_POINT('',#11148);
#11150=DIRECTION('',(0.,-0.04518,0.99898));
#11151=VECTOR('',#11150,2.86006);
#11152=LINE('',#11126,#11151);
#11153=EDGE_CURVE('',#11127,#11149,#11152,.T.);
#11154=ORIENTED_EDGE('',*,*,#11153,.T.);
#11155=DIRECTION('',(0.99692,-0.07846,0.));
#11156=VECTOR('',#11155,3.21356);
#11157=LINE('',#10774,#11156);
#11158=EDGE_CURVE('',#10775,#11149,#11157,.T.);
#11159=ORIENTED_EDGE('',*,*,#11158,.F.);
#11160=ORIENTED_EDGE('',*,*,#10779,.F.);
#11161=ORIENTED_EDGE('',*,*,#11136,.T.);
#11162=EDGE_LOOP('',(#11154,#11159,#11160,#11161));
#11163=FACE_OUTER_BOUND('',#11162,.T.);
#11164=CARTESIAN_POINT('',(0.,-20.35,0.));
#11165=DIRECTION('',(-0.07838,-0.99591,-0.04504));
#11166=DIRECTION('',(0.,-0.04518,0.99898));
#11167=AXIS2_PLACEMENT_3D('',#11164,#11165,#11166);
#11168=PLANE('',#11167);
#11169=ADVANCED_FACE('',(#11163),#11168,.T.);
#11170=CARTESIAN_POINT('',(0.,-20.87012,5.71429));
#11171=VERTEX_POINT('',#11170);
#11172=DIRECTION('',(0.,-0.13555,0.99077));
#11173=VECTOR('',#11172,2.88376);
#11174=LINE('',#11148,#11173);
#11175=EDGE_CURVE('',#11149,#11171,#11174,.T.);
#11176=ORIENTED_EDGE('',*,*,#11175,.T.);
#11177=DIRECTION('',(0.99692,-0.07846,0.));
#11178=VECTOR('',#11177,3.2749);
#11179=LINE('',#10796,#11178);
#11180=EDGE_CURVE('',#10797,#11171,#11179,.T.);
#11181=ORIENTED_EDGE('',*,*,#11180,.F.);
#11182=ORIENTED_EDGE('',*,*,#10801,.F.);
#11183=ORIENTED_EDGE('',*,*,#11158,.T.);
#11184=EDGE_LOOP('',(#11176,#11181,#11182,#11183));
#11185=FACE_OUTER_BOUND('',#11184,.T.);
#11186=CARTESIAN_POINT('',(0.,-20.47923,2.85714));
#11187=DIRECTION('',(-0.07774,-0.98777,-0.13514));
#11188=DIRECTION('',(0.,-0.13555,0.99077));
#11189=AXIS2_PLACEMENT_3D('',#11186,#11187,#11188);
#11190=PLANE('',#11189);
#11191=ADVANCED_FACE('',(#11185),#11190,.T.);
#11192=CARTESIAN_POINT('',(0.,-21.53275,8.57143));
#11193=VERTEX_POINT('',#11192);
#11194=DIRECTION('',(0.,-0.22593,0.97414));
#11195=VECTOR('',#11194,2.93298);
#11196=LINE('',#11170,#11195);
#11197=EDGE_CURVE('',#11171,#11193,#11196,.T.);
#11198=ORIENTED_EDGE('',*,*,#11197,.T.);
#11199=DIRECTION('',(0.99692,-0.07846,0.));
#11200=VECTOR('',#11199,3.37888);
#11201=LINE('',#10818,#11200);
#11202=EDGE_CURVE('',#10819,#11193,#11201,.T.);
#11203=ORIENTED_EDGE('',*,*,#11202,.F.);
#11204=ORIENTED_EDGE('',*,*,#10823,.F.);
#11205=ORIENTED_EDGE('',*,*,#11180,.T.);
#11206=EDGE_LOOP('',(#11198,#11203,#11204,#11205));
#11207=FACE_OUTER_BOUND('',#11206,.T.);
#11208=CARTESIAN_POINT('',(0.,-20.87012,5.71429));
#11209=DIRECTION('',(-0.07644,-0.97129,-0.22526));
#11210=DIRECTION('',(0.,-0.22593,0.97414));
#11211=AXIS2_PLACEMENT_3D('',#11208,#11209,#11210);
#11212=PLANE('',#11211);
#11213=ADVANCED_FACE('',(#11207),#11212,.T.);
#11214=CARTESIAN_POINT('',(0.,-22.48542,11.42857));
#11215=VERTEX_POINT('',#11214);
#11216=DIRECTION('',(0.,-0.31631,0.94865));
#11217=VECTOR('',#11216,3.01178);
#11218=LINE('',#11192,#11217);
#11219=EDGE_CURVE('',#11193,#11215,#11218,.T.);
#11220=ORIENTED_EDGE('',*,*,#11219,.T.);
#11221=DIRECTION('',(0.99692,-0.07846,0.));
#11222=VECTOR('',#11221,3.52837);
#11223=LINE('',#10840,#11222);
#11224=EDGE_CURVE('',#10841,#11215,#11223,.T.);
#11225=ORIENTED_EDGE('',*,*,#11224,.F.);
#11226=ORIENTED_EDGE('',*,*,#10845,.F.);
#11227=ORIENTED_EDGE('',*,*,#11202,.T.);
#11228=EDGE_LOOP('',(#11220,#11225,#11226,#11227));
#11229=FACE_OUTER_BOUND('',#11228,.T.);
#11230=CARTESIAN_POINT('',(0.,-21.53275,8.57143));
#11231=DIRECTION('',(-0.07445,-0.94602,-0.31544));
#11232=DIRECTION('',(0.,-0.31631,0.94865));
#11233=AXIS2_PLACEMENT_3D('',#11230,#11231,#11232);
#11234=PLANE('',#11233);
#11235=ADVANCED_FACE('',(#11229),#11234,.T.);
#11236=CARTESIAN_POINT('',(0.,-23.75746,14.28571));
#11237=VERTEX_POINT('',#11236);
#11238=DIRECTION('',(0.,-0.40673,0.91355));
#11239=VECTOR('',#11238,3.12752);
#11240=LINE('',#11214,#11239);
#11241=EDGE_CURVE('',#11215,#11237,#11240,.T.);
#11242=ORIENTED_EDGE('',*,*,#11241,.T.);
#11243=DIRECTION('',(0.99692,-0.07846,0.));
#11244=VECTOR('',#11243,3.72798);
#11245=LINE('',#10862,#11244);
#11246=EDGE_CURVE('',#10863,#11237,#11245,.T.);
#11247=ORIENTED_EDGE('',*,*,#11246,.F.);
#11248=ORIENTED_EDGE('',*,*,#10867,.F.);
#11249=ORIENTED_EDGE('',*,*,#11224,.T.);
#11250=EDGE_LOOP('',(#11242,#11247,#11248,#11249));
#11251=FACE_OUTER_BOUND('',#11250,.T.);
#11252=CARTESIAN_POINT('',(0.,-22.48542,11.42857));
#11253=DIRECTION('',(-0.07171,-0.9112,-0.40568));
#11254=DIRECTION('',(0.,-0.40673,0.91355));
#11255=AXIS2_PLACEMENT_3D('',#11252,#11253,#11254);
#11256=PLANE('',#11255);
#11257=ADVANCED_FACE('',(#11251),#11256,.T.);
#11258=CARTESIAN_POINT('',(0.,-25.39464,17.14286));
#11259=VERTEX_POINT('',#11258);
#11260=DIRECTION('',(0.,-0.49718,0.86765));
#11261=VECTOR('',#11260,3.29297);
#11262=LINE('',#11236,#11261);
#11263=EDGE_CURVE('',#11237,#11259,#11262,.T.);
#11264=ORIENTED_EDGE('',*,*,#11263,.T.);
#11265=DIRECTION('',(0.99692,-0.07846,0.));
#11266=VECTOR('',#11265,3.98488);
#11267=LINE('',#10884,#11266);
#11268=EDGE_CURVE('',#10885,#11259,#11267,.T.);
#11269=ORIENTED_EDGE('',*,*,#11268,.F.);
#11270=ORIENTED_EDGE('',*,*,#10889,.F.);
#11271=ORIENTED_EDGE('',*,*,#11246,.T.);
#11272=EDGE_LOOP('',(#11264,#11269,#11270,#11271));
#11273=FACE_OUTER_BOUND('',#11272,.T.);
#11274=CARTESIAN_POINT('',(0.,-23.75746,14.28571));
#11275=DIRECTION('',(-0.06813,-0.86563,-0.49602));
#11276=DIRECTION('',(0.,-0.49718,0.86765));
#11277=AXIS2_PLACEMENT_3D('',#11274,#11275,#11276);
#11278=PLANE('',#11277);
#11279=ADVANCED_FACE('',(#11273),#11278,.T.);
#11280=CARTESIAN_POINT('',(0.,-27.46997,20.));
#11281=VERTEX_POINT('',#11280);
#11282=DIRECTION('',(0.,-0.58769,0.80909));
#11283=VECTOR('',#11282,3.53132);
#11284=LINE('',#11258,#11283);
#11285=EDGE_CURVE('',#11259,#11281,#11284,.T.);
#11286=ORIENTED_EDGE('',*,*,#11285,.T.);
#11287=DIRECTION('',(0.99692,-0.07846,0.));
#11288=VECTOR('',#11287,4.31054);
#11289=LINE('',#10906,#11288);
#11290=EDGE_CURVE('',#10907,#11281,#11289,.T.);
#11291=ORIENTED_EDGE('',*,*,#11290,.F.);
#11292=ORIENTED_EDGE('',*,*,#10911,.F.);
#11293=ORIENTED_EDGE('',*,*,#11268,.T.);
#11294=EDGE_LOOP('',(#11286,#11291,#11292,#11293));
#11295=FACE_OUTER_BOUND('',#11294,.T.);
#11296=CARTESIAN_POINT('',(0.,-25.39464,17.14286));
#11297=DIRECTION('',(-0.06355,-0.80745,-0.5865));
#11298=DIRECTION('',(0.,-0.58769,0.80909));
#11299=AXIS2_PLACEMENT_3D('',#11296,#11297,#11298);
#11300=PLANE('',#11299);
#11301=ADVANCED_FACE('',(#11295),#11300,.T.);
#11302=CARTESIAN_POINT('',(0.,-5.5,20.));
#11303=VERTEX_POINT('',#11302);
#11304=DIRECTION('',(0.,1.,0.));
#11305=VECTOR('',#11304,21.96997);
#11306=LINE('',#11280,#11305);
#11307=EDGE_CURVE('',#11281,#11303,#11306,.T.);
#11308=ORIENTED_EDGE('',*,*,#11307,.T.);
#11309=DIRECTION('',(0.99692,-0.07846,0.));
#11310=VECTOR('',#11309,0.86305);
#11311=LINE('',#10928,#11310);
#11312=EDGE_CURVE('',#10929,#11303,#11311,.T.);
#11313=ORIENTED_EDGE('',*,*,#11312,.F.);
#11314=ORIENTED_EDGE('',*,*,#10933,.F.);
#11315=ORIENTED_EDGE('',*,*,#11290,.T.);
#11316=EDGE_LOOP('',(#11308,#11313,#11314,#11315));
#11317=FACE_OUTER_BOUND('',#11316,.T.);
#11318=CARTESIAN_POINT('',(0.,-27.46997,20.));
#11319=DIRECTION('',(0.,0.,1.));
#11320=DIRECTION('',(0.,1.,0.));
#11321=AXIS2_PLACEMENT_3D('',#11318,#11319,#11320);
#11322=PLANE('',#11321);
#11323=ADVANCED_FACE('',(#11317),#11322,.T.);
#11324=DIRECTION('',(0.,0.,1.));
#11325=VECTOR('',#11324,40.);
#11326=LINE('',#10966,#11325);
#11327=EDGE_CURVE('',#10967,#11303,#11326,.T.);
#11328=ORIENTED_EDGE('',*,*,#11327,.F.);
#11329=ORIENTED_EDGE('',*,*,#10984,.F.);
#11330=ORIENTED_EDGE('',*,*,#10953,.T.);
#11331=ORIENTED_EDGE('',*,*,#11312,.T.);
#11332=EDGE_LOOP('',(#11328,#11329,#11330,#11331));
#11333=FACE_OUTER_BOUND('',#11332,.T.);
#11334=CARTESIAN_POINT('',(0.,-5.5,20.));
#11335=DIRECTION('',(0.07846,0.99692,0.));
#11336=DIRECTION('',(0.,0.,-1.));
#11337=AXIS2_PLACEMENT_3D('',#11334,#11335,#11336);
#11338=PLANE('',#11337);
#11339=ADVANCED_FACE('',(#11333),#11338,.T.);
#11340=CARTESIAN_POINT('',(0.86039,-5.43229,-20.));
#11341=VERTEX_POINT('',#11340);
#11342=CARTESIAN_POINT('',(4.29725,-27.13177,-20.));
#11343=VERTEX_POINT('',#11342);
#11344=DIRECTION('',(0.15643,-0.98769,0.));
#11345=VECTOR('',#11344,21.96997);
#11346=LINE('',#11340,#11345);
#11347=EDGE_CURVE('',#11341,#11343,#11346,.T.);
#11348=ORIENTED_EDGE('',*,*,#11347,.T.);
#11349=DIRECTION('',(0.99692,0.07846,0.));
#11350=VECTOR('',#11349,4.31054);
#11351=LINE('',#10968,#11350);
#11352=EDGE_CURVE('',#10969,#11343,#11351,.T.);
#11353=ORIENTED_EDGE('',*,*,#11352,.F.);
#11354=ORIENTED_EDGE('',*,*,#10973,.F.);
#11355=DIRECTION('',(0.99692,0.07846,0.));
#11356=VECTOR('',#11355,0.86305);
#11357=LINE('',#10966,#11356);
#11358=EDGE_CURVE('',#10967,#11341,#11357,.T.);
#11359=ORIENTED_EDGE('',*,*,#11358,.T.);
#11360=EDGE_LOOP('',(#11348,#11353,#11354,#11359));
#11361=FACE_OUTER_BOUND('',#11360,.T.);
#11362=CARTESIAN_POINT('',(0.86039,-5.43229,-20.));
#11363=DIRECTION('',(0.,0.,-1.));
#11364=DIRECTION('',(0.15643,-0.98769,0.));
#11365=AXIS2_PLACEMENT_3D('',#11362,#11363,#11364);
#11366=PLANE('',#11365);
#11367=ADVANCED_FACE('',(#11361),#11366,.T.);
#11368=CARTESIAN_POINT('',(3.9726,-25.08199,-17.14286));
#11369=VERTEX_POINT('',#11368);
#11370=DIRECTION('',(-0.09194,0.58045,0.80909));
#11371=VECTOR('',#11370,3.53132);
#11372=LINE('',#11342,#11371);
#11373=EDGE_CURVE('',#11343,#11369,#11372,.T.);
#11374=ORIENTED_EDGE('',*,*,#11373,.T.);
#11375=DIRECTION('',(0.99692,0.07846,0.));
#11376=VECTOR('',#11375,3.98488);
#11377=LINE('',#10994,#11376);
#11378=EDGE_CURVE('',#10995,#11369,#11377,.T.);
#11379=ORIENTED_EDGE('',*,*,#11378,.F.);
#11380=ORIENTED_EDGE('',*,*,#10999,.F.);
#11381=ORIENTED_EDGE('',*,*,#11352,.T.);
#11382=EDGE_LOOP('',(#11374,#11379,#11380,#11381));
#11383=FACE_OUTER_BOUND('',#11382,.T.);
#11384=CARTESIAN_POINT('',(4.29725,-27.13177,-20.));
#11385=DIRECTION('',(0.06355,-0.80745,0.5865));
#11386=DIRECTION('',(-0.09194,0.58045,0.80909));
#11387=AXIS2_PLACEMENT_3D('',#11384,#11385,#11386);
#11388=PLANE('',#11387);
#11389=ADVANCED_FACE('',(#11383),#11388,.T.);
#11390=CARTESIAN_POINT('',(3.71649,-23.46497,-14.28571));
#11391=VERTEX_POINT('',#11390);
#11392=DIRECTION('',(-0.07778,0.49105,0.86765));
#11393=VECTOR('',#11392,3.29297);
#11394=LINE('',#11368,#11393);
#11395=EDGE_CURVE('',#11369,#11391,#11394,.T.);
#11396=ORIENTED_EDGE('',*,*,#11395,.T.);
#11397=DIRECTION('',(0.99692,0.07846,0.));
#11398=VECTOR('',#11397,3.72798);
#11399=LINE('',#11016,#11398);
#11400=EDGE_CURVE('',#11017,#11391,#11399,.T.);
#11401=ORIENTED_EDGE('',*,*,#11400,.F.);
#11402=ORIENTED_EDGE('',*,*,#11021,.F.);
#11403=ORIENTED_EDGE('',*,*,#11378,.T.);
#11404=EDGE_LOOP('',(#11396,#11401,#11402,#11403));
#11405=FACE_OUTER_BOUND('',#11404,.T.);
#11406=CARTESIAN_POINT('',(3.9726,-25.08199,-17.14286));
#11407=DIRECTION('',(0.06813,-0.86563,0.49602));
#11408=DIRECTION('',(-0.07778,0.49105,0.86765));
#11409=AXIS2_PLACEMENT_3D('',#11406,#11407,#11408);
#11410=PLANE('',#11409);
#11411=ADVANCED_FACE('',(#11405),#11410,.T.);
#11412=CARTESIAN_POINT('',(3.5175,-22.20859,-11.42857));
#11413=VERTEX_POINT('',#11412);
#11414=DIRECTION('',(-0.06363,0.40172,0.91355));
#11415=VECTOR('',#11414,3.12752);
#11416=LINE('',#11390,#11415);
#11417=EDGE_CURVE('',#11391,#11413,#11416,.T.);
#11418=ORIENTED_EDGE('',*,*,#11417,.T.);
#11419=DIRECTION('',(0.99692,0.07846,0.));
#11420=VECTOR('',#11419,3.52837);
#11421=LINE('',#11038,#11420);
#11422=EDGE_CURVE('',#11039,#11413,#11421,.T.);
#11423=ORIENTED_EDGE('',*,*,#11422,.F.);
#11424=ORIENTED_EDGE('',*,*,#11043,.F.);
#11425=ORIENTED_EDGE('',*,*,#11400,.T.);
#11426=EDGE_LOOP('',(#11418,#11423,#11424,#11425));
#11427=FACE_OUTER_BOUND('',#11426,.T.);
#11428=CARTESIAN_POINT('',(3.71649,-23.46497,-14.28571));
#11429=DIRECTION('',(0.07171,-0.9112,0.40568));
#11430=DIRECTION('',(-0.06363,0.40172,0.91355));
#11431=AXIS2_PLACEMENT_3D('',#11428,#11429,#11430);
#11432=PLANE('',#11431);
#11433=ADVANCED_FACE('',(#11427),#11432,.T.);
#11434=CARTESIAN_POINT('',(3.36846,-21.26765,-8.57143));
#11435=VERTEX_POINT('',#11434);
#11436=DIRECTION('',(-0.04948,0.31242,0.94865));
#11437=VECTOR('',#11436,3.01178);
#11438=LINE('',#11412,#11437);
#11439=EDGE_CURVE('',#11413,#11435,#11438,.T.);
#11440=ORIENTED_EDGE('',*,*,#11439,.T.);
#11441=DIRECTION('',(0.99692,0.07846,0.));
#11442=VECTOR('',#11441,3.37888);
#11443=LINE('',#11060,#11442);
#11444=EDGE_CURVE('',#11061,#11435,#11443,.T.);
#11445=ORIENTED_EDGE('',*,*,#11444,.F.);
#11446=ORIENTED_EDGE('',*,*,#11065,.F.);
#11447=ORIENTED_EDGE('',*,*,#11422,.T.);
#11448=EDGE_LOOP('',(#11440,#11445,#11446,#11447));
#11449=FACE_OUTER_BOUND('',#11448,.T.);
#11450=CARTESIAN_POINT('',(3.5175,-22.20859,-11.42857));
#11451=DIRECTION('',(0.07445,-0.94602,0.31544));
#11452=DIRECTION('',(-0.04948,0.31242,0.94865));
#11453=AXIS2_PLACEMENT_3D('',#11450,#11451,#11452);
#11454=PLANE('',#11453);
#11455=ADVANCED_FACE('',(#11449),#11454,.T.);
#11456=CARTESIAN_POINT('',(3.26481,-20.61317,-5.71429));
#11457=VERTEX_POINT('',#11456);
#11458=DIRECTION('',(-0.03534,0.22314,0.97414));
#11459=VECTOR('',#11458,2.93298);
#11460=LINE('',#11434,#11459);
#11461=EDGE_CURVE('',#11435,#11457,#11460,.T.);
#11462=ORIENTED_EDGE('',*,*,#11461,.T.);
#11463=DIRECTION('',(0.99692,0.07846,0.));
#11464=VECTOR('',#11463,3.2749);
#11465=LINE('',#11082,#11464);
#11466=EDGE_CURVE('',#11083,#11457,#11465,.T.);
#11467=ORIENTED_EDGE('',*,*,#11466,.F.);
#11468=ORIENTED_EDGE('',*,*,#11087,.F.);
#11469=ORIENTED_EDGE('',*,*,#11444,.T.);
#11470=EDGE_LOOP('',(#11462,#11467,#11468,#11469));
#11471=FACE_OUTER_BOUND('',#11470,.T.);
#11472=CARTESIAN_POINT('',(3.36846,-21.26765,-8.57143));
#11473=DIRECTION('',(0.07644,-0.97129,0.22526));
#11474=DIRECTION('',(-0.03534,0.22314,0.97414));
#11475=AXIS2_PLACEMENT_3D('',#11472,#11473,#11474);
#11476=PLANE('',#11475);
#11477=ADVANCED_FACE('',(#11471),#11476,.T.);
#11478=CARTESIAN_POINT('',(3.20366,-20.22709,-2.85714));
#11479=VERTEX_POINT('',#11478);
#11480=DIRECTION('',(-0.0212,0.13388,0.99077));
#11481=VECTOR('',#11480,2.88376);
#11482=LINE('',#11456,#11481);
#11483=EDGE_CURVE('',#11457,#11479,#11482,.T.);
#11484=ORIENTED_EDGE('',*,*,#11483,.T.);
#11485=DIRECTION('',(0.99692,0.07846,0.));
#11486=VECTOR('',#11485,3.21356);
#11487=LINE('',#11104,#11486);
#11488=EDGE_CURVE('',#11105,#11479,#11487,.T.);
#11489=ORIENTED_EDGE('',*,*,#11488,.F.);
#11490=ORIENTED_EDGE('',*,*,#11109,.F.);
#11491=ORIENTED_EDGE('',*,*,#11466,.T.);
#11492=EDGE_LOOP('',(#11484,#11489,#11490,#11491));
#11493=FACE_OUTER_BOUND('',#11492,.T.);
#11494=CARTESIAN_POINT('',(3.26481,-20.61317,-5.71429));
#11495=DIRECTION('',(0.07774,-0.98777,0.13514));
#11496=DIRECTION('',(-0.0212,0.13388,0.99077));
#11497=AXIS2_PLACEMENT_3D('',#11494,#11495,#11496);
#11498=PLANE('',#11497);
#11499=ADVANCED_FACE('',(#11493),#11498,.T.);
#11500=CARTESIAN_POINT('',(3.18344,-20.09946,0.));
#11501=VERTEX_POINT('',#11500);
#11502=DIRECTION('',(-0.00707,0.04463,0.99898));
#11503=VECTOR('',#11502,2.86006);
#11504=LINE('',#11478,#11503);
#11505=EDGE_CURVE('',#11479,#11501,#11504,.T.);
#11506=ORIENTED_EDGE('',*,*,#11505,.T.);
#11507=DIRECTION('',(0.99692,0.07846,0.));
#11508=VECTOR('',#11507,3.19329);
#11509=LINE('',#11126,#11508);
#11510=EDGE_CURVE('',#11127,#11501,#11509,.T.);
#11511=ORIENTED_EDGE('',*,*,#11510,.F.);
#11512=ORIENTED_EDGE('',*,*,#11131,.F.);
#11513=ORIENTED_EDGE('',*,*,#11488,.T.);
#11514=EDGE_LOOP('',(#11506,#11511,#11512,#11513));
#11515=FACE_OUTER_BOUND('',#11514,.T.);
#11516=CARTESIAN_POINT('',(3.20366,-20.22709,-2.85714));
#11517=DIRECTION('',(0.07838,-0.99591,0.04504));
#11518=DIRECTION('',(-0.00707,0.04463,0.99898));
#11519=AXIS2_PLACEMENT_3D('',#11516,#11517,#11518);
#11520=PLANE('',#11519);
#11521=ADVANCED_FACE('',(#11515),#11520,.T.);
#11522=CARTESIAN_POINT('',(3.20366,-20.22709,2.85714));
#11523=VERTEX_POINT('',#11522);
#11524=DIRECTION('',(0.00707,-0.04463,0.99898));
#11525=VECTOR('',#11524,2.86006);
#11526=LINE('',#11500,#11525);
#11527=EDGE_CURVE('',#11501,#11523,#11526,.T.);
#11528=ORIENTED_EDGE('',*,*,#11527,.T.);
#11529=DIRECTION('',(0.99692,0.07846,0.));
#11530=VECTOR('',#11529,3.21356);
#11531=LINE('',#11148,#11530);
#11532=EDGE_CURVE('',#11149,#11523,#11531,.T.);
#11533=ORIENTED_EDGE('',*,*,#11532,.F.);
#11534=ORIENTED_EDGE('',*,*,#11153,.F.);
#11535=ORIENTED_EDGE('',*,*,#11510,.T.);
#11536=EDGE_LOOP('',(#11528,#11533,#11534,#11535));
#11537=FACE_OUTER_BOUND('',#11536,.T.);
#11538=CARTESIAN_POINT('',(3.18344,-20.09946,0.));
#11539=DIRECTION('',(0.07838,-0.99591,-0.04504));
#11540=DIRECTION('',(0.00707,-0.04463,0.99898));
#11541=AXIS2_PLACEMENT_3D('',#11538,#11539,#11540);
#11542=PLANE('',#11541);
#11543=ADVANCED_FACE('',(#11537),#11542,.T.);
#11544=CARTESIAN_POINT('',(3.26481,-20.61317,5.71429));
#11545=VERTEX_POINT('',#11544);
#11546=DIRECTION('',(0.0212,-0.13388,0.99077));
#11547=VECTOR('',#11546,2.88376);
#11548=LINE('',#11522,#11547);
#11549=EDGE_CURVE('',#11523,#11545,#11548,.T.);
#11550=ORIENTED_EDGE('',*,*,#11549,.T.);
#11551=DIRECTION('',(0.99692,0.07846,0.));
#11552=VECTOR('',#11551,3.2749);
#11553=LINE('',#11170,#11552);
#11554=EDGE_CURVE('',#11171,#11545,#11553,.T.);
#11555=ORIENTED_EDGE('',*,*,#11554,.F.);
#11556=ORIENTED_EDGE('',*,*,#11175,.F.);
#11557=ORIENTED_EDGE('',*,*,#11532,.T.);
#11558=EDGE_LOOP('',(#11550,#11555,#11556,#11557));
#11559=FACE_OUTER_BOUND('',#11558,.T.);
#11560=CARTESIAN_POINT('',(3.20366,-20.22709,2.85714));
#11561=DIRECTION('',(0.07774,-0.98777,-0.13514));
#11562=DIRECTION('',(0.0212,-0.13388,0.99077));
#11563=AXIS2_PLACEMENT_3D('',#11560,#11561,#11562);
#11564=PLANE('',#11563);
#11565=ADVANCED_FACE('',(#11559),#11564,.T.);
#11566=CARTESIAN_POINT('',(3.36846,-21.26765,8.57143));
#11567=VERTEX_POINT('',#11566);
#11568=DIRECTION('',(0.03534,-0.22314,0.97414));
#11569=VECTOR('',#11568,2.93298);
#11570=LINE('',#11544,#11569);
#11571=EDGE_CURVE('',#11545,#11567,#11570,.T.);
#11572=ORIENTED_EDGE('',*,*,#11571,.T.);
#11573=DIRECTION('',(0.99692,0.07846,0.));
#11574=VECTOR('',#11573,3.37888);
#11575=LINE('',#11192,#11574);
#11576=EDGE_CURVE('',#11193,#11567,#11575,.T.);
#11577=ORIENTED_EDGE('',*,*,#11576,.F.);
#11578=ORIENTED_EDGE('',*,*,#11197,.F.);
#11579=ORIENTED_EDGE('',*,*,#11554,.T.);
#11580=EDGE_LOOP('',(#11572,#11577,#11578,#11579));
#11581=FACE_OUTER_BOUND('',#11580,.T.);
#11582=CARTESIAN_POINT('',(3.26481,-20.61317,5.71429));
#11583=DIRECTION('',(0.07644,-0.97129,-0.22526));
#11584=DIRECTION('',(0.03534,-0.22314,0.97414));
#11585=AXIS2_PLACEMENT_3D('',#11582,#11583,#11584);
#11586=PLANE('',#11585);
#11587=ADVANCED_FACE('',(#11581),#11586,.T.);
#11588=CARTESIAN_POINT('',(3.5175,-22.20859,11.42857));
#11589=VERTEX_POINT('',#11588);
#11590=DIRECTION('',(0.04948,-0.31242,0.94865));
#11591=VECTOR('',#11590,3.01178);
#11592=LINE('',#11566,#11591);
#11593=EDGE_CURVE('',#11567,#11589,#11592,.T.);
#11594=ORIENTED_EDGE('',*,*,#11593,.T.);
#11595=DIRECTION('',(0.99692,0.07846,0.));
#11596=VECTOR('',#11595,3.52837);
#11597=LINE('',#11214,#11596);
#11598=EDGE_CURVE('',#11215,#11589,#11597,.T.);
#11599=ORIENTED_EDGE('',*,*,#11598,.F.);
#11600=ORIENTED_EDGE('',*,*,#11219,.F.);
#11601=ORIENTED_EDGE('',*,*,#11576,.T.);
#11602=EDGE_LOOP('',(#11594,#11599,#11600,#11601));
#11603=FACE_OUTER_BOUND('',#11602,.T.);
#11604=CARTESIAN_POINT('',(3.36846,-21.26765,8.57143));
#11605=DIRECTION('',(0.07445,-0.94602,-0.31544));
#11606=DIRECTION('',(0.04948,-0.31242,0.94865));
#11607=AXIS2_PLACEMENT_3D('',#11604,#11605,#11606);
#11608=PLANE('',#11607);
#11609=ADVANCED_FACE('',(#11603),#11608,.T.);
#11610=CARTESIAN_POINT('',(3.71649,-23.46497,14.28571));
#11611=VERTEX_POINT('',#11610);
#11612=DIRECTION('',(0.06363,-0.40172,0.91355));
#11613=VECTOR('',#11612,3.12752);
#11614=LINE('',#11588,#11613);
#11615=EDGE_CURVE('',#11589,#11611,#11614,.T.);
#11616=ORIENTED_EDGE('',*,*,#11615,.T.);
#11617=DIRECTION('',(0.99692,0.07846,0.));
#11618=VECTOR('',#11617,3.72798);
#11619=LINE('',#11236,#11618);
#11620=EDGE_CURVE('',#11237,#11611,#11619,.T.);
#11621=ORIENTED_EDGE('',*,*,#11620,.F.);
#11622=ORIENTED_EDGE('',*,*,#11241,.F.);
#11623=ORIENTED_EDGE('',*,*,#11598,.T.);
#11624=EDGE_LOOP('',(#11616,#11621,#11622,#11623));
#11625=FACE_OUTER_BOUND('',#11624,.T.);
#11626=CARTESIAN_POINT('',(3.5175,-22.20859,11.42857));
#11627=DIRECTION('',(0.07171,-0.9112,-0.40568));
#11628=DIRECTION('',(0.06363,-0.40172,0.91355));
#11629=AXIS2_PLACEMENT_3D('',#11626,#11627,#11628);
#11630=PLANE('',#11629);
#11631=ADVANCED_FACE('',(#11625),#11630,.T.);
#11632=CARTESIAN_POINT('',(3.9726,-25.08199,17.14286));
#11633=VERTEX_POINT('',#11632);
#11634=DIRECTION('',(0.07778,-0.49105,0.86765));
#11635=VECTOR('',#11634,3.29297);
#11636=LINE('',#11610,#11635);
#11637=EDGE_CURVE('',#11611,#11633,#11636,.T.);
#11638=ORIENTED_EDGE('',*,*,#11637,.T.);
#11639=DIRECTION('',(0.99692,0.07846,0.));
#11640=VECTOR('',#11639,3.98488);
#11641=LINE('',#11258,#11640);
#11642=EDGE_CURVE('',#11259,#11633,#11641,.T.);
#11643=ORIENTED_EDGE('',*,*,#11642,.F.);
#11644=ORIENTED_EDGE('',*,*,#11263,.F.);
#11645=ORIENTED_EDGE('',*,*,#11620,.T.);
#11646=EDGE_LOOP('',(#11638,#11643,#11644,#11645));
#11647=FACE_OUTER_BOUND('',#11646,.T.);
#11648=CARTESIAN_POINT('',(3.71649,-23.46497,14.28571));
#11649=DIRECTION('',(0.06813,-0.86563,-0.49602));
#11650=DIRECTION('',(0.07778,-0.49105,0.86765));
#11651=AXIS2_PLACEMENT_3D('',#11648,#11649,#11650);
#11652=PLANE('',#11651);
#11653=ADVANCED_FACE('',(#11647),#11652,.T.);
#11654=CARTESIAN_POINT('',(4.29725,-27.13177,20.));
#11655=VERTEX_POINT('',#11654);
#11656=DIRECTION('',(0.09194,-0.58045,0.80909));
#11657=VECTOR('',#11656,3.53132);
#11658=LINE('',#11632,#11657);
#11659=EDGE_CURVE('',#11633,#11655,#11658,.T.);
#11660=ORIENTED_EDGE('',*,*,#11659,.T.);
#11661=DIRECTION('',(0.99692,0.07846,0.));
#11662=VECTOR('',#11661,4.31054);
#11663=LINE('',#11280,#11662);
#11664=EDGE_CURVE('',#11281,#11655,#11663,.T.);
#11665=ORIENTED_EDGE('',*,*,#11664,.F.);
#11666=ORIENTED_EDGE('',*,*,#11285,.F.);
#11667=ORIENTED_EDGE('',*,*,#11642,.T.);
#11668=EDGE_LOOP('',(#11660,#11665,#11666,#11667));
#11669=FACE_OUTER_BOUND('',#11668,.T.);
#11670=CARTESIAN_POINT('',(3.9726,-25.08199,17.14286));
#11671=DIRECTION('',(0.06355,-0.80745,-0.5865));
#11672=DIRECTION('',(0.09194,-0.58045,0.80909));
#11673=AXIS2_PLACEMENT_3D('',#11670,#11671,#11672);
#11674=PLANE('',#11673);
#11675=ADVANCED_FACE('',(#11669),#11674,.T.);
#11676=CARTESIAN_POINT('',(0.86039,-5.43229,20.));
#11677=VERTEX_POINT('',#11676);
#11678=DIRECTION('',(-0.15643,0.98769,0.));
#11679=VECTOR('',#11678,21.96997);
#11680=LINE('',#11654,#11679);
#11681=EDGE_CURVE('',#11655,#11677,#11680,.T.);
#11682=ORIENTED_EDGE('',*,*,#11681,.T.);
#11683=DIRECTION('',(0.99692,0.07846,0.));
#11684=VECTOR('',#11683,0.86305);
#11685=LINE('',#11302,#11684);
#11686=EDGE_CURVE('',#11303,#11677,#11685,.T.);
#11687=ORIENTED_EDGE('',*,*,#11686,.F.);
#11688=ORIENTED_EDGE('',*,*,#11307,.F.);
#11689=ORIENTED_EDGE('',*,*,#11664,.T.);
#11690=EDGE_LOOP('',(#11682,#11687,#11688,#11689));
#11691=FACE_OUTER_BOUND('',#11690,.T.);
#11692=CARTESIAN_POINT('',(4.29725,-27.13177,20.));
#11693=DIRECTION('',(0.,0.,1.));
#11694=DIRECTION('',(-0.15643,0.98769,0.));
#11695=AXIS2_PLACEMENT_3D('',#11692,#11693,#11694);
#11696=PLANE('',#11695);
#11697=ADVANCED_FACE('',(#11691),#11696,.T.);
#11698=DIRECTION('',(0.,0.,1.));
#11699=VECTOR('',#11698,40.);
#11700=LINE('',#11340,#11699);
#11701=EDGE_CURVE('',#11341,#11677,#11700,.T.);
#11702=ORIENTED_EDGE('',*,*,#11701,.F.);
#11703=ORIENTED_EDGE('',*,*,#11358,.F.);
#11704=ORIENTED_EDGE('',*,*,#11327,.T.);
#11705=ORIENTED_EDGE('',*,*,#11686,.T.);
#11706=EDGE_LOOP('',(#11702,#11703,#11704,#11705));
#11707=FACE_OUTER_BOUND('',#11706,.T.);
#11708=CARTESIAN_POINT('',(0.86039,-5.43229,20.));
#11709=DIRECTION('',(-0.07846,0.99692,0.));
#11710=DIRECTION('',(0.,0.,-1.));
#11711=AXIS2_PLACEMENT_3D('',#11708,#11709,#11710);
#11712=PLANE('',#11711);
#11713=ADVANCED_FACE('',(#11707),#11712,.T.);
#11714=CARTESIAN_POINT('',(1.69959,-5.23081,-20.));
#11715=VERTEX_POINT('',#11714);
#11716=CARTESIAN_POINT('',(8.48869,-26.12549,-20.));
#11717=VERTEX_POINT('',#11716);
#11718=DIRECTION('',(0.30902,-0.95106,0.));
#11719=VECTOR('',#11718,21.96997);
#11720=LINE('',#11714,#11719);
#11721=EDGE_CURVE('',#11715,#11717,#11720,.T.);
#11722=ORIENTED_EDGE('',*,*,#11721,.T.);
#11723=DIRECTION('',(0.97237,0.23345,0.));
#11724=VECTOR('',#11723,4.31054);
#11725=LINE('',#11342,#11724);
#11726=EDGE_CURVE('',#11343,#11717,#11725,.T.);
#11727=ORIENTED_EDGE('',*,*,#11726,.F.);
#11728=ORIENTED_EDGE('',*,*,#11347,.F.);
#11729=DIRECTION('',(0.97237,0.23345,0.));
#11730=VECTOR('',#11729,0.86305);
#11731=LINE('',#11340,#11730);
#11732=EDGE_CURVE('',#11341,#11715,#11731,.T.);
#11733=ORIENTED_EDGE('',*,*,#11732,.T.);
#11734=EDGE_LOOP('',(#11722,#11727,#11728,#11733));
#11735=FACE_OUTER_BOUND('',#11734,.T.);
#11736=CARTESIAN_POINT('',(1.69959,-5.23081,-20.));
#11737=DIRECTION('',(0.,0.,-1.));
#11738=DIRECTION('',(0.30902,-0.95106,0.));
#11739=AXIS2_PLACEMENT_3D('',#11736,#11737,#11738);
#11740=PLANE('',#11739);
#11741=ADVANCED_FACE('',(#11735),#11740,.T.);
#11742=CARTESIAN_POINT('',(7.84738,-24.15174,-17.14286));
#11743=VERTEX_POINT('',#11742);
#11744=DIRECTION('',(-0.18161,0.55893,0.80909));
#11745=VECTOR('',#11744,3.53132);
#11746=LINE('',#11716,#11745);
#11747=EDGE_CURVE('',#11717,#11743,#11746,.T.);
#11748=ORIENTED_EDGE('',*,*,#11747,.T.);
#11749=DIRECTION('',(0.97237,0.23345,0.));
#11750=VECTOR('',#11749,3.98488);
#11751=LINE('',#11368,#11750);
#11752=EDGE_CURVE('',#11369,#11743,#11751,.T.);
#11753=ORIENTED_EDGE('',*,*,#11752,.F.);
#11754=ORIENTED_EDGE('',*,*,#11373,.F.);
#11755=ORIENTED_EDGE('',*,*,#11726,.T.);
#11756=EDGE_LOOP('',(#11748,#11753,#11754,#11755));
#11757=FACE_OUTER_BOUND('',#11756,.T.);
#11758=CARTESIAN_POINT('',(8.48869,-26.12549,-20.));
#11759=DIRECTION('',(0.18908,-0.78757,0.5865));
#11760=DIRECTION('',(-0.18161,0.55893,0.80909));
#11761=AXIS2_PLACEMENT_3D('',#11758,#11759,#11760);
#11762=PLANE('',#11761);
#11763=ADVANCED_FACE('',(#11757),#11762,.T.);
#11764=CARTESIAN_POINT('',(7.34146,-22.59469,-14.28571));
#11765=VERTEX_POINT('',#11764);
#11766=DIRECTION('',(-0.15364,0.47284,0.86765));
#11767=VECTOR('',#11766,3.29297);
#11768=LINE('',#11742,#11767);
#11769=EDGE_CURVE('',#11743,#11765,#11768,.T.);
#11770=ORIENTED_EDGE('',*,*,#11769,.T.);
#11771=DIRECTION('',(0.97237,0.23345,0.));
#11772=VECTOR('',#11771,3.72798);
#11773=LINE('',#11390,#11772);
#11774=EDGE_CURVE('',#11391,#11765,#11773,.T.);
#11775=ORIENTED_EDGE('',*,*,#11774,.F.);
#11776=ORIENTED_EDGE('',*,*,#11395,.F.);
#11777=ORIENTED_EDGE('',*,*,#11752,.T.);
#11778=EDGE_LOOP('',(#11770,#11775,#11776,#11777));
#11779=FACE_OUTER_BOUND('',#11778,.T.);
#11780=CARTESIAN_POINT('',(7.84738,-24.15174,-17.14286));
#11781=DIRECTION('',(0.2027,-0.84432,0.49602));
#11782=DIRECTION('',(-0.15364,0.47284,0.86765));
#11783=AXIS2_PLACEMENT_3D('',#11780,#11781,#11782);
#11784=PLANE('',#11783);
#11785=ADVANCED_FACE('',(#11779),#11784,.T.);
#11786=CARTESIAN_POINT('',(6.94838,-21.38491,-11.42857));
#11787=VERTEX_POINT('',#11786);
#11788=DIRECTION('',(-0.12569,0.38682,0.91355));
#11789=VECTOR('',#11788,3.12752);
#11790=LINE('',#11764,#11789);
#11791=EDGE_CURVE('',#11765,#11787,#11790,.T.);
#11792=ORIENTED_EDGE('',*,*,#11791,.T.);
#11793=DIRECTION('',(0.97237,0.23345,0.));
#11794=VECTOR('',#11793,3.52837);
#11795=LINE('',#11412,#11794);
#11796=EDGE_CURVE('',#11413,#11787,#11795,.T.);
#11797=ORIENTED_EDGE('',*,*,#11796,.F.);
#11798=ORIENTED_EDGE('',*,*,#11417,.F.);
#11799=ORIENTED_EDGE('',*,*,#11774,.T.);
#11800=EDGE_LOOP('',(#11792,#11797,#11798,#11799));
#11801=FACE_OUTER_BOUND('',#11800,.T.);
#11802=CARTESIAN_POINT('',(7.34146,-22.59469,-14.28571));
#11803=DIRECTION('',(0.21337,-0.88876,0.40568));
#11804=DIRECTION('',(-0.12569,0.38682,0.91355));
#11805=AXIS2_PLACEMENT_3D('',#11802,#11803,#11804);
#11806=PLANE('',#11805);
#11807=ADVANCED_FACE('',(#11801),#11806,.T.);
#11808=CARTESIAN_POINT('',(6.65399,-20.47887,-8.57143));
#11809=VERTEX_POINT('',#11808);
#11810=DIRECTION('',(-0.09775,0.30083,0.94865));
#11811=VECTOR('',#11810,3.01178);
#11812=LINE('',#11786,#11811);
#11813=EDGE_CURVE('',#11787,#11809,#11812,.T.);
#11814=ORIENTED_EDGE('',*,*,#11813,.T.);
#11815=DIRECTION('',(0.97237,0.23345,0.));
#11816=VECTOR('',#11815,3.37888);
#11817=LINE('',#11434,#11816);
#11818=EDGE_CURVE('',#11435,#11809,#11817,.T.);
#11819=ORIENTED_EDGE('',*,*,#11818,.F.);
#11820=ORIENTED_EDGE('',*,*,#11439,.F.);
#11821=ORIENTED_EDGE('',*,*,#11796,.T.);
#11822=EDGE_LOOP('',(#11814,#11819,#11820,#11821));
#11823=FACE_OUTER_BOUND('',#11822,.T.);
#11824=CARTESIAN_POINT('',(6.94838,-21.38491,-11.42857));
#11825=DIRECTION('',(0.22153,-0.92273,0.31544));
#11826=DIRECTION('',(-0.09775,0.30083,0.94865));
#11827=AXIS2_PLACEMENT_3D('',#11824,#11825,#11826);
#11828=PLANE('',#11827);
#11829=ADVANCED_FACE('',(#11823),#11828,.T.);
#11830=CARTESIAN_POINT('',(6.44922,-19.84866,-5.71429));
#11831=VERTEX_POINT('',#11830);
#11832=DIRECTION('',(-0.06981,0.21487,0.97414));
#11833=VECTOR('',#11832,2.93298);
#11834=LINE('',#11808,#11833);
#11835=EDGE_CURVE('',#11809,#11831,#11834,.T.);
#11836=ORIENTED_EDGE('',*,*,#11835,.T.);
#11837=DIRECTION('',(0.97237,0.23345,0.));
#11838=VECTOR('',#11837,3.2749);
#11839=LINE('',#11456,#11838);
#11840=EDGE_CURVE('',#11457,#11831,#11839,.T.);
#11841=ORIENTED_EDGE('',*,*,#11840,.F.);
#11842=ORIENTED_EDGE('',*,*,#11461,.F.);
#11843=ORIENTED_EDGE('',*,*,#11818,.T.);
#11844=EDGE_LOOP('',(#11836,#11841,#11842,#11843));
#11845=FACE_OUTER_BOUND('',#11844,.T.);
#11846=CARTESIAN_POINT('',(6.65399,-20.47887,-8.57143));
#11847=DIRECTION('',(0.22745,-0.94738,0.22526));
#11848=DIRECTION('',(-0.06981,0.21487,0.97414));
#11849=AXIS2_PLACEMENT_3D('',#11846,#11847,#11848);
#11850=PLANE('',#11849);
#11851=ADVANCED_FACE('',(#11845),#11850,.T.);
#11852=CARTESIAN_POINT('',(6.32843,-19.4769,-2.85714));
#11853=VERTEX_POINT('',#11852);
#11854=DIRECTION('',(-0.04189,0.12892,0.99077));
#11855=VECTOR('',#11854,2.88376);
#11856=LINE('',#11830,#11855);
#11857=EDGE_CURVE('',#11831,#11853,#11856,.T.);
#11858=ORIENTED_EDGE('',*,*,#11857,.T.);
#11859=DIRECTION('',(0.97237,0.23345,0.));
#11860=VECTOR('',#11859,3.21356);
#11861=LINE('',#11478,#11860);
#11862=EDGE_CURVE('',#11479,#11853,#11861,.T.);
#11863=ORIENTED_EDGE('',*,*,#11862,.F.);
#11864=ORIENTED_EDGE('',*,*,#11483,.F.);
#11865=ORIENTED_EDGE('',*,*,#11840,.T.);
#11866=EDGE_LOOP('',(#11858,#11863,#11864,#11865));
#11867=FACE_OUTER_BOUND('',#11866,.T.);
#11868=CARTESIAN_POINT('',(6.44922,-19.84866,-5.71429));
#11869=DIRECTION('',(0.2313,-0.96345,0.13514));
#11870=DIRECTION('',(-0.04189,0.12892,0.99077));
#11871=AXIS2_PLACEMENT_3D('',#11868,#11869,#11870);
#11872=PLANE('',#11871);
#11873=ADVANCED_FACE('',(#11867),#11872,.T.);
#11874=CARTESIAN_POINT('',(6.2885,-19.354,0.));
#11875=VERTEX_POINT('',#11874);
#11876=DIRECTION('',(-0.01396,0.04297,0.99898));
#11877=VECTOR('',#11876,2.86006);
#11878=LINE('',#11852,#11877);
#11879=EDGE_CURVE('',#11853,#11875,#11878,.T.);
#11880=ORIENTED_EDGE('',*,*,#11879,.T.);
#11881=DIRECTION('',(0.97237,0.23345,0.));
#11882=VECTOR('',#11881,3.19329);
#11883=LINE('',#11500,#11882);
#11884=EDGE_CURVE('',#11501,#11875,#11883,.T.);
#11885=ORIENTED_EDGE('',*,*,#11884,.F.);
#11886=ORIENTED_EDGE('',*,*,#11505,.F.);
#11887=ORIENTED_EDGE('',*,*,#11862,.T.);
#11888=EDGE_LOOP('',(#11880,#11885,#11886,#11887));
#11889=FACE_OUTER_BOUND('',#11888,.T.);
#11890=CARTESIAN_POINT('',(6.32843,-19.4769,-2.85714));
#11891=DIRECTION('',(0.23321,-0.97138,0.04504));
#11892=DIRECTION('',(-0.01396,0.04297,0.99898));
#11893=AXIS2_PLACEMENT_3D('',#11890,#11891,#11892);
#11894=PLANE('',#11893);
#11895=ADVANCED_FACE('',(#11889),#11894,.T.);
#11896=CARTESIAN_POINT('',(6.32843,-19.4769,2.85714));
#11897=VERTEX_POINT('',#11896);
#11898=DIRECTION('',(0.01396,-0.04297,0.99898));
#11899=VECTOR('',#11898,2.86006);
#11900=LINE('',#11874,#11899);
#11901=EDGE_CURVE('',#11875,#11897,#11900,.T.);
#11902=ORIENTED_EDGE('',*,*,#11901,.T.);
#11903=DIRECTION('',(0.97237,0.23345,0.));
#11904=VECTOR('',#11903,3.21356);
#11905=LINE('',#11522,#11904);
#11906=EDGE_CURVE('',#11523,#11897,#11905,.T.);
#11907=ORIENTED_EDGE('',*,*,#11906,.F.);
#11908=ORIENTED_EDGE('',*,*,#11527,.F.);
#11909=ORIENTED_EDGE('',*,*,#11884,.T.);
#11910=EDGE_LOOP('',(#11902,#11907,#11908,#11909));
#11911=FACE_OUTER_BOUND('',#11910,.T.);
#11912=CARTESIAN_POINT('',(6.2885,-19.354,0.));
#11913=DIRECTION('',(0.23321,-0.97138,-0.04504));
#11914=DIRECTION('',(0.01396,-0.04297,0.99898));
#11915=AXIS2_PLACEMENT_3D('',#11912,#11913,#11914);
#11916=PLANE('',#11915);
#11917=ADVANCED_FACE('',(#11911),#11916,.T.);
#11918=CARTESIAN_POINT('',(6.44922,-19.84866,5.71429));
#11919=VERTEX_POINT('',#11918);
#11920=DIRECTION('',(0.04189,-0.12892,0.99077));
#11921=VECTOR('',#11920,2.88376);
#11922=LINE('',#11896,#11921);
#11923=EDGE_CURVE('',#11897,#11919,#11922,.T.);
#11924=ORIENTED_EDGE('',*,*,#11923,.T.);
#11925=DIRECTION('',(0.97237,0.23345,0.));
#11926=VECTOR('',#11925,3.2749);
#11927=LINE('',#11544,#11926);
#11928=EDGE_CURVE('',#11545,#11919,#11927,.T.);
#11929=ORIENTED_EDGE('',*,*,#11928,.F.);
#11930=ORIENTED_EDGE('',*,*,#11549,.F.);
#11931=ORIENTED_EDGE('',*,*,#11906,.T.);
#11932=EDGE_LOOP('',(#11924,#11929,#11930,#11931));
#11933=FACE_OUTER_BOUND('',#11932,.T.);
#11934=CARTESIAN_POINT('',(6.32843,-19.4769,2.85714));
#11935=DIRECTION('',(0.2313,-0.96345,-0.13514));
#11936=DIRECTION('',(0.04189,-0.12892,0.99077));
#11937=AXIS2_PLACEMENT_3D('',#11934,#11935,#11936);
#11938=PLANE('',#11937);
#11939=ADVANCED_FACE('',(#11933),#11938,.T.);
#11940=CARTESIAN_POINT('',(6.65399,-20.47887,8.57143));
#11941=VERTEX_POINT('',#11940);
#11942=DIRECTION('',(0.06981,-0.21487,0.97414));
#11943=VECTOR('',#11942,2.93298);
#11944=LINE('',#11918,#11943);
#11945=EDGE_CURVE('',#11919,#11941,#11944,.T.);
#11946=ORIENTED_EDGE('',*,*,#11945,.T.);
#11947=DIRECTION('',(0.97237,0.23345,0.));
#11948=VECTOR('',#11947,3.37888);
#11949=LINE('',#11566,#11948);
#11950=EDGE_CURVE('',#11567,#11941,#11949,.T.);
#11951=ORIENTED_EDGE('',*,*,#11950,.F.);
#11952=ORIENTED_EDGE('',*,*,#11571,.F.);
#11953=ORIENTED_EDGE('',*,*,#11928,.T.);
#11954=EDGE_LOOP('',(#11946,#11951,#11952,#11953));
#11955=FACE_OUTER_BOUND('',#11954,.T.);
#11956=CARTESIAN_POINT('',(6.44922,-19.84866,5.71429));
#11957=DIRECTION('',(0.22745,-0.94738,-0.22526));
#11958=DIRECTION('',(0.06981,-0.21487,0.97414));
#11959=AXIS2_PLACEMENT_3D('',#11956,#11957,#11958);
#11960=PLANE('',#11959);
#11961=ADVANCED_FACE('',(#11955),#11960,.T.);
#11962=CARTESIAN_POINT('',(6.94838,-21.38491,11.42857));
#11963=VERTEX_POINT('',#11962);
#11964=DIRECTION('',(0.09775,-0.30083,0.94865));
#11965=VECTOR('',#11964,3.01178);
#11966=LINE('',#11940,#11965);
#11967=EDGE_CURVE('',#11941,#11963,#11966,.T.);
#11968=ORIENTED_EDGE('',*,*,#11967,.T.);
#11969=DIRECTION('',(0.97237,0.23345,0.));
#11970=VECTOR('',#11969,3.52837);
#11971=LINE('',#11588,#11970);
#11972=EDGE_CURVE('',#11589,#11963,#11971,.T.);
#11973=ORIENTED_EDGE('',*,*,#11972,.F.);
#11974=ORIENTED_EDGE('',*,*,#11593,.F.);
#11975=ORIENTED_EDGE('',*,*,#11950,.T.);
#11976=EDGE_LOOP('',(#11968,#11973,#11974,#11975));
#11977=FACE_OUTER_BOUND('',#11976,.T.);
#11978=CARTESIAN_POINT('',(6.65399,-20.47887,8.57143));
#11979=DIRECTION('',(0.22153,-0.92273,-0.31544));
#11980=DIRECTION('',(0.09775,-0.30083,0.94865));
#11981=AXIS2_PLACEMENT_3D('',#11978,#11979,#11980);
#11982=PLANE('',#11981);
#11983=ADVANCED_FACE('',(#11977),#11982,.T.);
#11984=CARTESIAN_POINT('',(7.34146,-22.59469,14.28571));
#11985=VERTEX_POINT('',#11984);
#11986=DIRECTION('',(0.12569,-0.38682,0.91355));
#11987=VECTOR('',#11986,3.12752);
#11988=LINE('',#11962,#11987);
#11989=EDGE_CURVE('',#11963,#11985,#11988,.T.);
#11990=ORIENTED_EDGE('',*,*,#11989,.T.);
#11991=DIRECTION('',(0.97237,0.23345,0.));
#11992=VECTOR('',#11991,3.72798);
#11993=LINE('',#11610,#11992);
#11994=EDGE_CURVE('',#11611,#11985,#11993,.T.);
#11995=ORIENTED_EDGE('',*,*,#11994,.F.);
#11996=ORIENTED_EDGE('',*,*,#11615,.F.);
#11997=ORIENTED_EDGE('',*,*,#11972,.T.);
#11998=EDGE_LOOP('',(#11990,#11995,#11996,#11997));
#11999=FACE_OUTER_BOUND('',#11998,.T.);
#12000=CARTESIAN_POINT('',(6.94838,-21.38491,11.42857));
#12001=DIRECTION('',(0.21337,-0.88876,-0.40568));
#12002=DIRECTION('',(0.12569,-0.38682,0.91355));
#12003=AXIS2_PLACEMENT_3D('',#12000,#12001,#12002);
#12004=PLANE('',#12003);
#12005=ADVANCED_FACE('',(#11999),#12004,.T.);
#12006=CARTESIAN_POINT('',(7.84738,-24.15174,17.14286));
#12007=VERTEX_POINT('',#12006);
#12008=DIRECTION('',(0.15364,-0.47284,0.86765));
#12009=VECTOR('',#12008,3.29297);
#12010=LINE('',#11984,#12009);
#12011=EDGE_CURVE('',#11985,#12007,#12010,.T.);
#12012=ORIENTED_EDGE('',*,*,#12011,.T.);
#12013=DIRECTION('',(0.97237,0.23345,0.));
#12014=VECTOR('',#12013,3.98488);
#12015=LINE('',#11632,#12014);
#12016=EDGE_CURVE('',#11633,#12007,#12015,.T.);
#12017=ORIENTED_EDGE('',*,*,#12016,.F.);
#12018=ORIENTED_EDGE('',*,*,#11637,.F.);
#12019=ORIENTED_EDGE('',*,*,#11994,.T.);
#12020=EDGE_LOOP('',(#12012,#12017,#12018,#12019));
#12021=FACE_OUTER_BOUND('',#12020,.T.);
#12022=CARTESIAN_POINT('',(7.34146,-22.59469,14.28571));
#12023=DIRECTION('',(0.2027,-0.84432,-0.49602));
#12024=DIRECTION('',(0.15364,-0.47284,0.86765));
#12025=AXIS2_PLACEMENT_3D('',#12022,#12023,#12024);
#12026=PLANE('',#12025);
#12027=ADVANCED_FACE('',(#12021),#12026,.T.);
#12028=CARTESIAN_POINT('',(8.48869,-26.12549,20.));
#12029=VERTEX_POINT('',#12028);
#12030=DIRECTION('',(0.18161,-0.55893,0.80909));
#12031=VECTOR('',#12030,3.53132);
#12032=LINE('',#12006,#12031);
#12033=EDGE_CURVE('',#12007,#12029,#12032,.T.);
#12034=ORIENTED_EDGE('',*,*,#12033,.T.);
#12035=DIRECTION('',(0.97237,0.23345,0.));
#12036=VECTOR('',#12035,4.31054);
#12037=LINE('',#11654,#12036);
#12038=EDGE_CURVE('',#11655,#12029,#12037,.T.);
#12039=ORIENTED_EDGE('',*,*,#12038,.F.);
#12040=ORIENTED_EDGE('',*,*,#11659,.F.);
#12041=ORIENTED_EDGE('',*,*,#12016,.T.);
#12042=EDGE_LOOP('',(#12034,#12039,#12040,#12041));
#12043=FACE_OUTER_BOUND('',#12042,.T.);
#12044=CARTESIAN_POINT('',(7.84738,-24.15174,17.14286));
#12045=DIRECTION('',(0.18908,-0.78757,-0.5865));
#12046=DIRECTION('',(0.18161,-0.55893,0.80909));
#12047=AXIS2_PLACEMENT_3D('',#12044,#12045,#12046);
#12048=PLANE('',#12047);
#12049=ADVANCED_FACE('',(#12043),#12048,.T.);
#12050=CARTESIAN_POINT('',(1.69959,-5.23081,20.));
#12051=VERTEX_POINT('',#12050);
#12052=DIRECTION('',(-0.30902,0.95106,0.));
#12053=VECTOR('',#12052,21.96997);
#12054=LINE('',#12028,#12053);
#12055=EDGE_CURVE('',#12029,#12051,#12054,.T.);
#12056=ORIENTED_EDGE('',*,*,#12055,.T.);
#12057=DIRECTION('',(0.97237,0.23345,0.));
#12058=VECTOR('',#12057,0.86305);
#12059=LINE('',#11676,#12058);
#12060=EDGE_CURVE('',#11677,#12051,#12059,.T.);
#12061=ORIENTED_EDGE('',*,*,#12060,.F.);
#12062=ORIENTED_EDGE('',*,*,#11681,.F.);
#12063=ORIENTED_EDGE('',*,*,#12038,.T.);
#12064=EDGE_LOOP('',(#12056,#12061,#12062,#12063));
#12065=FACE_OUTER_BOUND('',#12064,.T.);
#12066=CARTESIAN_POINT('',(8.48869,-26.12549,20.));
#12067=DIRECTION('',(0.,0.,1.));
#12068=DIRECTION('',(-0.30902,0.95106,0.));
#12069=AXIS2_PLACEMENT_3D('',#12066,#12067,#12068);
#12070=PLANE('',#12069);
#12071=ADVANCED_FACE('',(#12065),#12070,.T.);
#12072=DIRECTION('',(0.,0.,1.));
#12073=VECTOR('',#12072,40.);
#12074=LINE('',#11714,#12073);
#12075=EDGE_CURVE('',#11715,#12051,#12074,.T.);
#12076=ORIENTED_EDGE('',*,*,#12075,.F.);
#12077=ORIENTED_EDGE('',*,*,#11732,.F.);
#12078=ORIENTED_EDGE('',*,*,#11701,.T.);
#12079=ORIENTED_EDGE('',*,*,#12060,.T.);
#12080=EDGE_LOOP('',(#12076,#12077,#12078,#12079));
#12081=FACE_OUTER_BOUND('',#12080,.T.);
#12082=CARTESIAN_POINT('',(1.69959,-5.23081,20.));
#12083=DIRECTION('',(-0.23345,0.97237,0.));
#12084=DIRECTION('',(0.,0.,-1.));
#12085=AXIS2_PLACEMENT_3D('',#12082,#12083,#12084);
#12086=PLANE('',#12085);
#12087=ADVANCED_FACE('',(#12081),#12086,.T.);
#12088=CARTESIAN_POINT('',(2.49695,-4.90054,-20.));
#12089=VERTEX_POINT('',#12088);
#12090=CARTESIAN_POINT('',(12.4711,-24.47592,-20.));
#12091=VERTEX_POINT('',#12090);
#12092=DIRECTION('',(0.45399,-0.89101,0.));
#12093=VECTOR('',#12092,21.96997);
#12094=LINE('',#12088,#12093);
#12095=EDGE_CURVE('',#12089,#12091,#12094,.T.);
#12096=ORIENTED_EDGE('',*,*,#12095,.T.);
#12097=DIRECTION('',(0.92388,0.38268,0.));
#12098=VECTOR('',#12097,4.31054);
#12099=LINE('',#11716,#12098);
#12100=EDGE_CURVE('',#11717,#12091,#12099,.T.);
#12101=ORIENTED_EDGE('',*,*,#12100,.F.);
#12102=ORIENTED_EDGE('',*,*,#11721,.F.);
#12103=DIRECTION('',(0.92388,0.38268,0.));
#12104=VECTOR('',#12103,0.86305);
#12105=LINE('',#11714,#12104);
#12106=EDGE_CURVE('',#11715,#12089,#12105,.T.);
#12107=ORIENTED_EDGE('',*,*,#12106,.T.);
#12108=EDGE_LOOP('',(#12096,#12101,#12102,#12107));
#12109=FACE_OUTER_BOUND('',#12108,.T.);
#12110=CARTESIAN_POINT('',(2.49695,-4.90054,-20.));
#12111=DIRECTION('',(0.,0.,-1.));
#12112=DIRECTION('',(0.45399,-0.89101,0.));
#12113=AXIS2_PLACEMENT_3D('',#12110,#12111,#12112);
#12114=PLANE('',#12113);
#12115=ADVANCED_FACE('',(#12109),#12114,.T.);
#12116=CARTESIAN_POINT('',(11.52893,-22.62679,-17.14286));
#12117=VERTEX_POINT('',#12116);
#12118=DIRECTION('',(-0.26681,0.52364,0.80909));
#12119=VECTOR('',#12118,3.53132);
#12120=LINE('',#12090,#12119);
#12121=EDGE_CURVE('',#12091,#12117,#12120,.T.);
#12122=ORIENTED_EDGE('',*,*,#12121,.T.);
#12123=DIRECTION('',(0.92388,0.38268,0.));
#12124=VECTOR('',#12123,3.98488);
#12125=LINE('',#11742,#12124);
#12126=EDGE_CURVE('',#11743,#12117,#12125,.T.);
#12127=ORIENTED_EDGE('',*,*,#12126,.F.);
#12128=ORIENTED_EDGE('',*,*,#11747,.F.);
#12129=ORIENTED_EDGE('',*,*,#12100,.T.);
#12130=EDGE_LOOP('',(#12122,#12127,#12128,#12129));
#12131=FACE_OUTER_BOUND('',#12130,.T.);
#12132=CARTESIAN_POINT('',(12.4711,-24.47592,-20.));
#12133=DIRECTION('',(0.30995,-0.74829,0.5865));
#12134=DIRECTION('',(-0.26681,0.52364,0.80909));
#12135=AXIS2_PLACEMENT_3D('',#12132,#12133,#12134);
#12136=PLANE('',#12135);
#12137=ADVANCED_FACE('',(#12131),#12136,.T.);
#12138=CARTESIAN_POINT('',(10.78566,-21.16805,-14.28571));
#12139=VERTEX_POINT('',#12138);
#12140=DIRECTION('',(-0.22571,0.44299,0.86765));
#12141=VECTOR('',#12140,3.29297);
#12142=LINE('',#12116,#12141);
#12143=EDGE_CURVE('',#12117,#12139,#12142,.T.);
#12144=ORIENTED_EDGE('',*,*,#12143,.T.);
#12145=DIRECTION('',(0.92388,0.38268,0.));
#12146=VECTOR('',#12145,3.72798);
#12147=LINE('',#11764,#12146);
#12148=EDGE_CURVE('',#11765,#12139,#12147,.T.);
#12149=ORIENTED_EDGE('',*,*,#12148,.F.);
#12150=ORIENTED_EDGE('',*,*,#11769,.F.);
#12151=ORIENTED_EDGE('',*,*,#12126,.T.);
#12152=EDGE_LOOP('',(#12144,#12149,#12150,#12151));
#12153=FACE_OUTER_BOUND('',#12152,.T.);
#12154=CARTESIAN_POINT('',(11.52893,-22.62679,-17.14286));
#12155=DIRECTION('',(0.33229,-0.80221,0.49602));
#12156=DIRECTION('',(-0.22571,0.44299,0.86765));
#12157=AXIS2_PLACEMENT_3D('',#12154,#12155,#12156);
#12158=PLANE('',#12157);
#12159=ADVANCED_FACE('',(#12153),#12158,.T.);
#12160=CARTESIAN_POINT('',(10.20817,-20.03466,-11.42857));
#12161=VERTEX_POINT('',#12160);
#12162=DIRECTION('',(-0.18465,0.3624,0.91355));
#12163=VECTOR('',#12162,3.12752);
#12164=LINE('',#12138,#12163);
#12165=EDGE_CURVE('',#12139,#12161,#12164,.T.);
#12166=ORIENTED_EDGE('',*,*,#12165,.T.);
#12167=DIRECTION('',(0.92388,0.38268,0.));
#12168=VECTOR('',#12167,3.52837);
#12169=LINE('',#11786,#12168);
#12170=EDGE_CURVE('',#11787,#12161,#12169,.T.);
#12171=ORIENTED_EDGE('',*,*,#12170,.F.);
#12172=ORIENTED_EDGE('',*,*,#11791,.F.);
#12173=ORIENTED_EDGE('',*,*,#12148,.T.);
#12174=EDGE_LOOP('',(#12166,#12171,#12172,#12173));
#12175=FACE_OUTER_BOUND('',#12174,.T.);
#12176=CARTESIAN_POINT('',(10.78566,-21.16805,-14.28571));
#12177=DIRECTION('',(0.34978,-0.84444,0.40568));
#12178=DIRECTION('',(-0.18465,0.3624,0.91355));
#12179=AXIS2_PLACEMENT_3D('',#12176,#12177,#12178);
#12180=PLANE('',#12179);
#12181=ADVANCED_FACE('',(#12175),#12180,.T.);
#12182=CARTESIAN_POINT('',(9.77567,-19.18582,-8.57143));
#12183=VERTEX_POINT('',#12182);
#12184=DIRECTION('',(-0.1436,0.28184,0.94865));
#12185=VECTOR('',#12184,3.01178);
#12186=LINE('',#12160,#12185);
#12187=EDGE_CURVE('',#12161,#12183,#12186,.T.);
#12188=ORIENTED_EDGE('',*,*,#12187,.T.);
#12189=DIRECTION('',(0.92388,0.38268,0.));
#12190=VECTOR('',#12189,3.37888);
#12191=LINE('',#11808,#12190);
#12192=EDGE_CURVE('',#11809,#12183,#12191,.T.);
#12193=ORIENTED_EDGE('',*,*,#12192,.F.);
#12194=ORIENTED_EDGE('',*,*,#11813,.F.);
#12195=ORIENTED_EDGE('',*,*,#12170,.T.);
#12196=EDGE_LOOP('',(#12188,#12193,#12194,#12195));
#12197=FACE_OUTER_BOUND('',#12196,.T.);
#12198=CARTESIAN_POINT('',(10.20817,-20.03466,-11.42857));
#12199=DIRECTION('',(0.36315,-0.87671,0.31544));
#12200=DIRECTION('',(-0.1436,0.28184,0.94865));
#12201=AXIS2_PLACEMENT_3D('',#12198,#12199,#12200);
#12202=PLANE('',#12201);
#12203=ADVANCED_FACE('',(#12197),#12202,.T.);
#12204=CARTESIAN_POINT('',(9.47484,-18.59541,-5.71429));
#12205=VERTEX_POINT('',#12204);
#12206=DIRECTION('',(-0.10257,0.2013,0.97414));
#12207=VECTOR('',#12206,2.93298);
#12208=LINE('',#12182,#12207);
#12209=EDGE_CURVE('',#12183,#12205,#12208,.T.);
#12210=ORIENTED_EDGE('',*,*,#12209,.T.);
#12211=DIRECTION('',(0.92388,0.38268,0.));
#12212=VECTOR('',#12211,3.2749);
#12213=LINE('',#11830,#12212);
#12214=EDGE_CURVE('',#11831,#12205,#12213,.T.);
#12215=ORIENTED_EDGE('',*,*,#12214,.F.);
#12216=ORIENTED_EDGE('',*,*,#11835,.F.);
#12217=ORIENTED_EDGE('',*,*,#12192,.T.);
#12218=EDGE_LOOP('',(#12210,#12215,#12216,#12217));
#12219=FACE_OUTER_BOUND('',#12218,.T.);
#12220=CARTESIAN_POINT('',(9.77567,-19.18582,-8.57143));
#12221=DIRECTION('',(0.37285,-0.90013,0.22526));
#12222=DIRECTION('',(-0.10257,0.2013,0.97414));
#12223=AXIS2_PLACEMENT_3D('',#12220,#12221,#12222);
#12224=PLANE('',#12223);
#12225=ADVANCED_FACE('',(#12219),#12224,.T.);
#12226=CARTESIAN_POINT('',(9.29737,-18.24712,-2.85714));
#12227=VERTEX_POINT('',#12226);
#12228=DIRECTION('',(-0.06154,0.12078,0.99077));
#12229=VECTOR('',#12228,2.88376);
#12230=LINE('',#12204,#12229);
#12231=EDGE_CURVE('',#12205,#12227,#12230,.T.);
#12232=ORIENTED_EDGE('',*,*,#12231,.T.);
#12233=DIRECTION('',(0.92388,0.38268,0.));
#12234=VECTOR('',#12233,3.21356);
#12235=LINE('',#11852,#12234);
#12236=EDGE_CURVE('',#11853,#12227,#12235,.T.);
#12237=ORIENTED_EDGE('',*,*,#12236,.F.);
#12238=ORIENTED_EDGE('',*,*,#11857,.F.);
#12239=ORIENTED_EDGE('',*,*,#12214,.T.);
#12240=EDGE_LOOP('',(#12232,#12237,#12238,#12239));
#12241=FACE_OUTER_BOUND('',#12240,.T.);
#12242=CARTESIAN_POINT('',(9.47484,-18.59541,-5.71429));
#12243=DIRECTION('',(0.37917,-0.9154,0.13514));
#12244=DIRECTION('',(-0.06154,0.12078,0.99077));
#12245=AXIS2_PLACEMENT_3D('',#12242,#12243,#12244);
#12246=PLANE('',#12245);
#12247=ADVANCED_FACE('',(#12241),#12246,.T.);
#12248=CARTESIAN_POINT('',(9.23871,-18.13198,0.));
#12249=VERTEX_POINT('',#12248);
#12250=DIRECTION('',(-0.02051,0.04026,0.99898));
#12251=VECTOR('',#12250,2.86006);
#12252=LINE('',#12226,#12251);
#12253=EDGE_CURVE('',#12227,#12249,#12252,.T.);
#12254=ORIENTED_EDGE('',*,*,#12253,.T.);
#12255=DIRECTION('',(0.92388,0.38268,0.));
#12256=VECTOR('',#12255,3.19329);
#12257=LINE('',#11874,#12256);
#12258=EDGE_CURVE('',#11875,#12249,#12257,.T.);
#12259=ORIENTED_EDGE('',*,*,#12258,.F.);
#12260=ORIENTED_EDGE('',*,*,#11879,.F.);
#12261=ORIENTED_EDGE('',*,*,#12236,.T.);
#12262=EDGE_LOOP('',(#12254,#12259,#12260,#12261));
#12263=FACE_OUTER_BOUND('',#12262,.T.);
#12264=CARTESIAN_POINT('',(9.29737,-18.24712,-2.85714));
#12265=DIRECTION('',(0.3823,-0.92294,0.04504));
#12266=DIRECTION('',(-0.02051,0.04026,0.99898));
#12267=AXIS2_PLACEMENT_3D('',#12264,#12265,#12266);
#12268=PLANE('',#12267);
#12269=ADVANCED_FACE('',(#12263),#12268,.T.);
#12270=CARTESIAN_POINT('',(9.29737,-18.24712,2.85714));
#12271=VERTEX_POINT('',#12270);
#12272=DIRECTION('',(0.02051,-0.04026,0.99898));
#12273=VECTOR('',#12272,2.86006);
#12274=LINE('',#12248,#12273);
#12275=EDGE_CURVE('',#12249,#12271,#12274,.T.);
#12276=ORIENTED_EDGE('',*,*,#12275,.T.);
#12277=DIRECTION('',(0.92388,0.38268,0.));
#12278=VECTOR('',#12277,3.21356);
#12279=LINE('',#11896,#12278);
#12280=EDGE_CURVE('',#11897,#12271,#12279,.T.);
#12281=ORIENTED_EDGE('',*,*,#12280,.F.);
#12282=ORIENTED_EDGE('',*,*,#11901,.F.);
#12283=ORIENTED_EDGE('',*,*,#12258,.T.);
#12284=EDGE_LOOP('',(#12276,#12281,#12282,#12283));
#12285=FACE_OUTER_BOUND('',#12284,.T.);
#12286=CARTESIAN_POINT('',(9.23871,-18.13198,0.));
#12287=DIRECTION('',(0.3823,-0.92294,-0.04504));
#12288=DIRECTION('',(0.02051,-0.04026,0.99898));
#12289=AXIS2_PLACEMENT_3D('',#12286,#12287,#12288);
#12290=PLANE('',#12289);
#12291=ADVANCED_FACE('',(#12285),#12290,.T.);
#12292=CARTESIAN_POINT('',(9.47484,-18.59541,5.71429));
#12293=VERTEX_POINT('',#12292);
#12294=DIRECTION('',(0.06154,-0.12078,0.99077));
#12295=VECTOR('',#12294,2.88376);
#12296=LINE('',#12270,#12295);
#12297=EDGE_CURVE('',#12271,#12293,#12296,.T.);
#12298=ORIENTED_EDGE('',*,*,#12297,.T.);
#12299=DIRECTION('',(0.92388,0.38268,0.));
#12300=VECTOR('',#12299,3.2749);
#12301=LINE('',#11918,#12300);
#12302=EDGE_CURVE('',#11919,#12293,#12301,.T.);
#12303=ORIENTED_EDGE('',*,*,#12302,.F.);
#12304=ORIENTED_EDGE('',*,*,#11923,.F.);
#12305=ORIENTED_EDGE('',*,*,#12280,.T.);
#12306=EDGE_LOOP('',(#12298,#12303,#12304,#12305));
#12307=FACE_OUTER_BOUND('',#12306,.T.);
#12308=CARTESIAN_POINT('',(9.29737,-18.24712,2.85714));
#12309=DIRECTION('',(0.37917,-0.9154,-0.13514));
#12310=DIRECTION('',(0.06154,-0.12078,0.99077));
#12311=AXIS2_PLACEMENT_3D('',#12308,#12309,#12310);
#12312=PLANE('',#12311);
#12313=ADVANCED_FACE('',(#12307),#12312,.T.);
#12314=CARTESIAN_POINT('',(9.77567,-19.18582,8.57143));
#12315=VERTEX_POINT('',#12314);
#12316=DIRECTION('',(0.10257,-0.2013,0.97414));
#12317=VECTOR('',#12316,2.93298);
#12318=LINE('',#12292,#12317);
#12319=EDGE_CURVE('',#12293,#12315,#12318,.T.);
#12320=ORIENTED_EDGE('',*,*,#12319,.T.);
#12321=DIRECTION('',(0.92388,0.38268,0.));
#12322=VECTOR('',#12321,3.37888);
#12323=LINE('',#11940,#12322);
#12324=EDGE_CURVE('',#11941,#12315,#12323,.T.);
#12325=ORIENTED_EDGE('',*,*,#12324,.F.);
#12326=ORIENTED_EDGE('',*,*,#11945,.F.);
#12327=ORIENTED_EDGE('',*,*,#12302,.T.);
#12328=EDGE_LOOP('',(#12320,#12325,#12326,#12327));
#12329=FACE_OUTER_BOUND('',#12328,.T.);
#12330=CARTESIAN_POINT('',(9.47484,-18.59541,5.71429));
#12331=DIRECTION('',(0.37285,-0.90013,-0.22526));
#12332=DIRECTION('',(0.10257,-0.2013,0.97414));
#12333=AXIS2_PLACEMENT_3D('',#12330,#12331,#12332);
#12334=PLANE('',#12333);
#12335=ADVANCED_FACE('',(#12329),#12334,.T.);
#12336=CARTESIAN_POINT('',(10.20817,-20.03466,11.42857));
#12337=VERTEX_POINT('',#12336);
#12338=DIRECTION('',(0.1436,-0.28184,0.94865));
#12339=VECTOR('',#12338,3.01178);
#12340=LINE('',#12314,#12339);
#12341=EDGE_CURVE('',#12315,#12337,#12340,.T.);
#12342=ORIENTED_EDGE('',*,*,#12341,.T.);
#12343=DIRECTION('',(0.92388,0.38268,0.));
#12344=VECTOR('',#12343,3.52837);
#12345=LINE('',#11962,#12344);
#12346=EDGE_CURVE('',#11963,#12337,#12345,.T.);
#12347=ORIENTED_EDGE('',*,*,#12346,.F.);
#12348=ORIENTED_EDGE('',*,*,#11967,.F.);
#12349=ORIENTED_EDGE('',*,*,#12324,.T.);
#12350=EDGE_LOOP('',(#12342,#12347,#12348,#12349));
#12351=FACE_OUTER_BOUND('',#12350,.T.);
#12352=CARTESIAN_POINT('',(9.77567,-19.18582,8.57143));
#12353=DIRECTION('',(0.36315,-0.87671,-0.31544));
#12354=DIRECTION('',(0.1436,-0.28184,0.94865));
#12355=AXIS2_PLACEMENT_3D('',#12352,#12353,#12354);
#12356=PLANE('',#12355);
#12357=ADVANCED_FACE('',(#12351),#12356,.T.);
#12358=CARTESIAN_POINT('',(10.78566,-21.16805,14.28571));
#12359=VERTEX_POINT('',#12358);
#12360=DIRECTION('',(0.18465,-0.3624,0.91355));
#12361=VECTOR('',#12360,3.12752);
#12362=LINE('',#12336,#12361);
#12363=EDGE_CURVE('',#12337,#12359,#12362,.T.);
#12364=ORIENTED_EDGE('',*,*,#12363,.T.);
#12365=DIRECTION('',(0.92388,0.38268,0.));
#12366=VECTOR('',#12365,3.72798);
#12367=LINE('',#11984,#12366);
#12368=EDGE_CURVE('',#11985,#12359,#12367,.T.);
#12369=ORIENTED_EDGE('',*,*,#12368,.F.);
#12370=ORIENTED_EDGE('',*,*,#11989,.F.);
#12371=ORIENTED_EDGE('',*,*,#12346,.T.);
#12372=EDGE_LOOP('',(#12364,#12369,#12370,#12371));
#12373=FACE_OUTER_BOUND('',#12372,.T.);
#12374=CARTESIAN_POINT('',(10.20817,-20.03466,11.42857));
#12375=DIRECTION('',(0.34978,-0.84444,-0.40568));
#12376=DIRECTION('',(0.18465,-0.3624,0.91355));
#12377=AXIS2_PLACEMENT_3D('',#12374,#12375,#12376);
#12378=PLANE('',#12377);
#12379=ADVANCED_FACE('',(#12373),#12378,.T.);
#12380=CARTESIAN_POINT('',(11.52893,-22.62679,17.14286));
#12381=VERTEX_POINT('',#12380);
#12382=DIRECTION('',(0.22571,-0.44299,0.86765));
#12383=VECTOR('',#12382,3.29297);
#12384=LINE('',#12358,#12383);
#12385=EDGE_CURVE('',#12359,#12381,#12384,.T.);
#12386=ORIENTED_EDGE('',*,*,#12385,.T.);
#12387=DIRECTION('',(0.92388,0.38268,0.));
#12388=VECTOR('',#12387,3.98488);
#12389=LINE('',#12006,#12388);
#12390=EDGE_CURVE('',#12007,#12381,#12389,.T.);
#12391=ORIENTED_EDGE('',*,*,#12390,.F.);
#12392=ORIENTED_EDGE('',*,*,#12011,.F.);
#12393=ORIENTED_EDGE('',*,*,#12368,.T.);
#12394=EDGE_LOOP('',(#12386,#12391,#12392,#12393));
#12395=FACE_OUTER_BOUND('',#12394,.T.);
#12396=CARTESIAN_POINT('',(10.78566,-21.16805,14.28571));
#12397=DIRECTION('',(0.33229,-0.80221,-0.49602));
#12398=DIRECTION('',(0.22571,-0.44299,0.86765));
#12399=AXIS2_PLACEMENT_3D('',#12396,#12397,#12398);
#12400=PLANE('',#12399);
#12401=ADVANCED_FACE('',(#12395),#12400,.T.);
#12402=CARTESIAN_POINT('',(12.4711,-24.47592,20.));
#12403=VERTEX_POINT('',#12402);
#12404=DIRECTION('',(0.26681,-0.52364,0.80909));
#12405=VECTOR('',#12404,3.53132);
#12406=LINE('',#12380,#12405);
#12407=EDGE_CURVE('',#12381,#12403,#12406,.T.);
#12408=ORIENTED_EDGE('',*,*,#12407,.T.);
#12409=DIRECTION('',(0.92388,0.38268,0.));
#12410=VECTOR('',#12409,4.31054);
#12411=LINE('',#12028,#12410);
#12412=EDGE_CURVE('',#12029,#12403,#12411,.T.);
#12413=ORIENTED_EDGE('',*,*,#12412,.F.);
#12414=ORIENTED_EDGE('',*,*,#12033,.F.);
#12415=ORIENTED_EDGE('',*,*,#12390,.T.);
#12416=EDGE_LOOP('',(#12408,#12413,#12414,#12415));
#12417=FACE_OUTER_BOUND('',#12416,.T.);
#12418=CARTESIAN_POINT('',(11.52893,-22.62679,17.14286));
#12419=DIRECTION('',(0.30995,-0.74829,-0.5865));
#12420=DIRECTION('',(0.26681,-0.52364,0.80909));
#12421=AXIS2_PLACEMENT_3D('',#12418,#12419,#12420);
#12422=PLANE('',#12421);
#12423=ADVANCED_FACE('',(#12417),#12422,.T.);
#12424=CARTESIAN_POINT('',(2.49695,-4.90054,20.));
#12425=VERTEX_POINT('',#12424);
#12426=DIRECTION('',(-0.45399,0.89101,0.));
#12427=VECTOR('',#12426,21.96997);
#12428=LINE('',#12402,#12427);
#12429=EDGE_CURVE('',#12403,#12425,#12428,.T.);
#12430=ORIENTED_EDGE('',*,*,#12429,.T.);
#12431=DIRECTION('',(0.92388,0.38268,0.));
#12432=VECTOR('',#12431,0.86305);
#12433=LINE('',#12050,#12432);
#12434=EDGE_CURVE('',#12051,#12425,#12433,.T.);
#12435=ORIENTED_EDGE('',*,*,#12434,.F.);
#12436=ORIENTED_EDGE('',*,*,#12055,.F.);
#12437=ORIENTED_EDGE('',*,*,#12412,.T.);
#12438=EDGE_LOOP('',(#12430,#12435,#12436,#12437));
#12439=FACE_OUTER_BOUND('',#12438,.T.);
#12440=CARTESIAN_POINT('',(12.4711,-24.47592,20.));
#12441=DIRECTION('',(0.,0.,1.));
#12442=DIRECTION('',(-0.45399,0.89101,0.));
#12443=AXIS2_PLACEMENT_3D('',#12440,#12441,#12442);
#12444=PLANE('',#12443);
#12445=ADVANCED_FACE('',(#12439),#12444,.T.);
#12446=DIRECTION('',(0.,0.,1.));
#12447=VECTOR('',#12446,40.);
#12448=LINE('',#12088,#12447);
#12449=EDGE_CURVE('',#12089,#12425,#12448,.T.);
#12450=ORIENTED_EDGE('',*,*,#12449,.F.);
#12451=ORIENTED_EDGE('',*,*,#12106,.F.);
#12452=ORIENTED_EDGE('',*,*,#12075,.T.);
#12453=ORIENTED_EDGE('',*,*,#12434,.T.);
#12454=EDGE_LOOP('',(#12450,#12451,#12452,#12453));
#12455=FACE_OUTER_BOUND('',#12454,.T.);
#12456=CARTESIAN_POINT('',(2.49695,-4.90054,20.));
#12457=DIRECTION('',(-0.38268,0.92388,0.));
#12458=DIRECTION('',(0.,0.,-1.));
#12459=AXIS2_PLACEMENT_3D('',#12456,#12457,#12458);
#12460=PLANE('',#12459);
#12461=ADVANCED_FACE('',(#12455),#12460,.T.);
#12462=CARTESIAN_POINT('',(3.23282,-4.44959,-20.));
#12463=VERTEX_POINT('',#12462);
#12464=CARTESIAN_POINT('',(16.14644,-22.22367,-20.));
#12465=VERTEX_POINT('',#12464);
#12466=DIRECTION('',(0.58779,-0.80902,0.));
#12467=VECTOR('',#12466,21.96997);
#12468=LINE('',#12462,#12467);
#12469=EDGE_CURVE('',#12463,#12465,#12468,.T.);
#12470=ORIENTED_EDGE('',*,*,#12469,.T.);
#12471=DIRECTION('',(0.85264,0.5225,0.));
#12472=VECTOR('',#12471,4.31054);
#12473=LINE('',#12090,#12472);
#12474=EDGE_CURVE('',#12091,#12465,#12473,.T.);
#12475=ORIENTED_EDGE('',*,*,#12474,.F.);
#12476=ORIENTED_EDGE('',*,*,#12095,.F.);
#12477=DIRECTION('',(0.85264,0.5225,0.));
#12478=VECTOR('',#12477,0.86305);
#12479=LINE('',#12088,#12478);
#12480=EDGE_CURVE('',#12089,#12463,#12479,.T.);
#12481=ORIENTED_EDGE('',*,*,#12480,.T.);
#12482=EDGE_LOOP('',(#12470,#12475,#12476,#12481));
#12483=FACE_OUTER_BOUND('',#12482,.T.);
#12484=CARTESIAN_POINT('',(3.23282,-4.44959,-20.));
#12485=DIRECTION('',(0.,0.,-1.));
#12486=DIRECTION('',(0.58779,-0.80902,0.));
#12487=AXIS2_PLACEMENT_3D('',#12484,#12485,#12486);
#12488=PLANE('',#12487);
#12489=ADVANCED_FACE('',(#12483),#12488,.T.);
#12490=CARTESIAN_POINT('',(14.9266,-20.5447,-17.14286));
#12491=VERTEX_POINT('',#12490);
#12492=DIRECTION('',(-0.34544,0.47545,0.80909));
#12493=VECTOR('',#12492,3.53132);
#12494=LINE('',#12464,#12493);
#12495=EDGE_CURVE('',#12465,#12491,#12494,.T.);
#12496=ORIENTED_EDGE('',*,*,#12495,.T.);
#12497=DIRECTION('',(0.85264,0.5225,0.));
#12498=VECTOR('',#12497,3.98488);
#12499=LINE('',#12116,#12498);
#12500=EDGE_CURVE('',#12117,#12491,#12499,.T.);
#12501=ORIENTED_EDGE('',*,*,#12500,.F.);
#12502=ORIENTED_EDGE('',*,*,#12121,.F.);
#12503=ORIENTED_EDGE('',*,*,#12474,.T.);
#12504=EDGE_LOOP('',(#12496,#12501,#12502,#12503));
#12505=FACE_OUTER_BOUND('',#12504,.T.);
#12506=CARTESIAN_POINT('',(16.14644,-22.22367,-20.));
#12507=DIRECTION('',(0.4232,-0.69059,0.5865));
#12508=DIRECTION('',(-0.34544,0.47545,0.80909));
#12509=AXIS2_PLACEMENT_3D('',#12506,#12507,#12508);
#12510=PLANE('',#12509);
#12511=ADVANCED_FACE('',(#12505),#12510,.T.);
#12512=CARTESIAN_POINT('',(13.96429,-19.22019,-14.28571));
#12513=VERTEX_POINT('',#12512);
#12514=DIRECTION('',(-0.29223,0.40222,0.86765));
#12515=VECTOR('',#12514,3.29297);
#12516=LINE('',#12490,#12515);
#12517=EDGE_CURVE('',#12491,#12513,#12516,.T.);
#12518=ORIENTED_EDGE('',*,*,#12517,.T.);
#12519=DIRECTION('',(0.85264,0.5225,0.));
#12520=VECTOR('',#12519,3.72798);
#12521=LINE('',#12138,#12520);
#12522=EDGE_CURVE('',#12139,#12513,#12521,.T.);
#12523=ORIENTED_EDGE('',*,*,#12522,.F.);
#12524=ORIENTED_EDGE('',*,*,#12143,.F.);
#12525=ORIENTED_EDGE('',*,*,#12500,.T.);
#12526=EDGE_LOOP('',(#12518,#12523,#12524,#12525));
#12527=FACE_OUTER_BOUND('',#12526,.T.);
#12528=CARTESIAN_POINT('',(14.9266,-20.5447,-17.14286));
#12529=DIRECTION('',(0.45369,-0.74036,0.49602));
#12530=DIRECTION('',(-0.29223,0.40222,0.86765));
#12531=AXIS2_PLACEMENT_3D('',#12528,#12529,#12530);
#12532=PLANE('',#12531);
#12533=ADVANCED_FACE('',(#12527),#12532,.T.);
#12534=CARTESIAN_POINT('',(13.2166,-18.19109,-11.42857));
#12535=VERTEX_POINT('',#12534);
#12536=DIRECTION('',(-0.23907,0.32905,0.91355));
#12537=VECTOR('',#12536,3.12752);
#12538=LINE('',#12512,#12537);
#12539=EDGE_CURVE('',#12513,#12535,#12538,.T.);
#12540=ORIENTED_EDGE('',*,*,#12539,.T.);
#12541=DIRECTION('',(0.85264,0.5225,0.));
#12542=VECTOR('',#12541,3.52837);
#12543=LINE('',#12160,#12542);
#12544=EDGE_CURVE('',#12161,#12535,#12543,.T.);
#12545=ORIENTED_EDGE('',*,*,#12544,.F.);
#12546=ORIENTED_EDGE('',*,*,#12165,.F.);
#12547=ORIENTED_EDGE('',*,*,#12522,.T.);
#12548=EDGE_LOOP('',(#12540,#12545,#12546,#12547));
#12549=FACE_OUTER_BOUND('',#12548,.T.);
#12550=CARTESIAN_POINT('',(13.96429,-19.22019,-14.28571));
#12551=DIRECTION('',(0.47757,-0.77933,0.40568));
#12552=DIRECTION('',(-0.23907,0.32905,0.91355));
#12553=AXIS2_PLACEMENT_3D('',#12550,#12551,#12552);
#12554=PLANE('',#12553);
#12555=ADVANCED_FACE('',(#12549),#12554,.T.);
#12556=CARTESIAN_POINT('',(12.65663,-17.42036,-8.57143));
#12557=VERTEX_POINT('',#12556);
#12558=DIRECTION('',(-0.18592,0.2559,0.94865));
#12559=VECTOR('',#12558,3.01178);
#12560=LINE('',#12534,#12559);
#12561=EDGE_CURVE('',#12535,#12557,#12560,.T.);
#12562=ORIENTED_EDGE('',*,*,#12561,.T.);
#12563=DIRECTION('',(0.85264,0.5225,0.));
#12564=VECTOR('',#12563,3.37888);
#12565=LINE('',#12182,#12564);
#12566=EDGE_CURVE('',#12183,#12557,#12565,.T.);
#12567=ORIENTED_EDGE('',*,*,#12566,.F.);
#12568=ORIENTED_EDGE('',*,*,#12187,.F.);
#12569=ORIENTED_EDGE('',*,*,#12544,.T.);
#12570=EDGE_LOOP('',(#12562,#12567,#12568,#12569));
#12571=FACE_OUTER_BOUND('',#12570,.T.);
#12572=CARTESIAN_POINT('',(13.2166,-18.19109,-11.42857));
#12573=DIRECTION('',(0.49582,-0.80911,0.31544));
#12574=DIRECTION('',(-0.18592,0.2559,0.94865));
#12575=AXIS2_PLACEMENT_3D('',#12572,#12573,#12574);
#12576=PLANE('',#12575);
#12577=ADVANCED_FACE('',(#12571),#12576,.T.);
#12578=CARTESIAN_POINT('',(12.26715,-16.88428,-5.71429));
#12579=VERTEX_POINT('',#12578);
#12580=DIRECTION('',(-0.1328,0.18278,0.97414));
#12581=VECTOR('',#12580,2.93298);
#12582=LINE('',#12556,#12581);
#12583=EDGE_CURVE('',#12557,#12579,#12582,.T.);
#12584=ORIENTED_EDGE('',*,*,#12583,.T.);
#12585=DIRECTION('',(0.85264,0.5225,0.));
#12586=VECTOR('',#12585,3.2749);
#12587=LINE('',#12204,#12586);
#12588=EDGE_CURVE('',#12205,#12579,#12587,.T.);
#12589=ORIENTED_EDGE('',*,*,#12588,.F.);
#12590=ORIENTED_EDGE('',*,*,#12209,.F.);
#12591=ORIENTED_EDGE('',*,*,#12566,.T.);
#12592=EDGE_LOOP('',(#12584,#12589,#12590,#12591));
#12593=FACE_OUTER_BOUND('',#12592,.T.);
#12594=CARTESIAN_POINT('',(12.65663,-17.42036,-8.57143));
#12595=DIRECTION('',(0.50907,-0.83073,0.22526));
#12596=DIRECTION('',(-0.1328,0.18278,0.97414));
#12597=AXIS2_PLACEMENT_3D('',#12594,#12595,#12596);
#12598=PLANE('',#12597);
#12599=ADVANCED_FACE('',(#12593),#12598,.T.);
#12600=CARTESIAN_POINT('',(12.03739,-16.56804,-2.85714));
#12601=VERTEX_POINT('',#12600);
#12602=DIRECTION('',(-0.07967,0.10966,0.99077));
#12603=VECTOR('',#12602,2.88376);
#12604=LINE('',#12578,#12603);
#12605=EDGE_CURVE('',#12579,#12601,#12604,.T.);
#12606=ORIENTED_EDGE('',*,*,#12605,.T.);
#12607=DIRECTION('',(0.85264,0.5225,0.));
#12608=VECTOR('',#12607,3.21356);
#12609=LINE('',#12226,#12608);
#12610=EDGE_CURVE('',#12227,#12601,#12609,.T.);
#12611=ORIENTED_EDGE('',*,*,#12610,.F.);
#12612=ORIENTED_EDGE('',*,*,#12231,.F.);
#12613=ORIENTED_EDGE('',*,*,#12588,.T.);
#12614=EDGE_LOOP('',(#12606,#12611,#12612,#12613));
#12615=FACE_OUTER_BOUND('',#12614,.T.);
#12616=CARTESIAN_POINT('',(12.26715,-16.88428,-5.71429));
#12617=DIRECTION('',(0.51771,-0.84482,0.13514));
#12618=DIRECTION('',(-0.07967,0.10966,0.99077));
#12619=AXIS2_PLACEMENT_3D('',#12616,#12617,#12618);
#12620=PLANE('',#12619);
#12621=ADVANCED_FACE('',(#12615),#12620,.T.);
#12622=CARTESIAN_POINT('',(11.96143,-16.4635,0.));
#12623=VERTEX_POINT('',#12622);
#12624=DIRECTION('',(-0.02656,0.03655,0.99898));
#12625=VECTOR('',#12624,2.86006);
#12626=LINE('',#12600,#12625);
#12627=EDGE_CURVE('',#12601,#12623,#12626,.T.);
#12628=ORIENTED_EDGE('',*,*,#12627,.T.);
#12629=DIRECTION('',(0.85264,0.5225,0.));
#12630=VECTOR('',#12629,3.19329);
#12631=LINE('',#12248,#12630);
#12632=EDGE_CURVE('',#12249,#12623,#12631,.T.);
#12633=ORIENTED_EDGE('',*,*,#12632,.F.);
#12634=ORIENTED_EDGE('',*,*,#12253,.F.);
#12635=ORIENTED_EDGE('',*,*,#12610,.T.);
#12636=EDGE_LOOP('',(#12628,#12633,#12634,#12635));
#12637=FACE_OUTER_BOUND('',#12636,.T.);
#12638=CARTESIAN_POINT('',(12.03739,-16.56804,-2.85714));
#12639=DIRECTION('',(0.52197,-0.85177,0.04504));
#12640=DIRECTION('',(-0.02656,0.03655,0.99898));
#12641=AXIS2_PLACEMENT_3D('',#12638,#12639,#12640);
#12642=PLANE('',#12641);
#12643=ADVANCED_FACE('',(#12637),#12642,.T.);
#12644=CARTESIAN_POINT('',(12.03739,-16.56804,2.85714));
#12645=VERTEX_POINT('',#12644);
#12646=DIRECTION('',(0.02656,-0.03655,0.99898));
#12647=VECTOR('',#12646,2.86006);
#12648=LINE('',#12622,#12647);
#12649=EDGE_CURVE('',#12623,#12645,#12648,.T.);
#12650=ORIENTED_EDGE('',*,*,#12649,.T.);
#12651=DIRECTION('',(0.85264,0.5225,0.));
#12652=VECTOR('',#12651,3.21356);
#12653=LINE('',#12270,#12652);
#12654=EDGE_CURVE('',#12271,#12645,#12653,.T.);
#12655=ORIENTED_EDGE('',*,*,#12654,.F.);
#12656=ORIENTED_EDGE('',*,*,#12275,.F.);
#12657=ORIENTED_EDGE('',*,*,#12632,.T.);
#12658=EDGE_LOOP('',(#12650,#12655,#12656,#12657));
#12659=FACE_OUTER_BOUND('',#12658,.T.);
#12660=CARTESIAN_POINT('',(11.96143,-16.4635,0.));
#12661=DIRECTION('',(0.52197,-0.85177,-0.04504));
#12662=DIRECTION('',(0.02656,-0.03655,0.99898));
#12663=AXIS2_PLACEMENT_3D('',#12660,#12661,#12662);
#12664=PLANE('',#12663);
#12665=ADVANCED_FACE('',(#12659),#12664,.T.);
#12666=CARTESIAN_POINT('',(12.26715,-16.88428,5.71429));
#12667=VERTEX_POINT('',#12666);
#12668=DIRECTION('',(0.07967,-0.10966,0.99077));
#12669=VECTOR('',#12668,2.88376);
#12670=LINE('',#12644,#12669);
#12671=EDGE_CURVE('',#12645,#12667,#12670,.T.);
#12672=ORIENTED_EDGE('',*,*,#12671,.T.);
#12673=DIRECTION('',(0.85264,0.5225,0.));
#12674=VECTOR('',#12673,3.2749);
#12675=LINE('',#12292,#12674);
#12676=EDGE_CURVE('',#12293,#12667,#12675,.T.);
#12677=ORIENTED_EDGE('',*,*,#12676,.F.);
#12678=ORIENTED_EDGE('',*,*,#12297,.F.);
#12679=ORIENTED_EDGE('',*,*,#12654,.T.);
#12680=EDGE_LOOP('',(#12672,#12677,#12678,#12679));
#12681=FACE_OUTER_BOUND('',#12680,.T.);
#12682=CARTESIAN_POINT('',(12.03739,-16.56804,2.85714));
#12683=DIRECTION('',(0.51771,-0.84482,-0.13514));
#12684=DIRECTION('',(0.07967,-0.10966,0.99077));
#12685=AXIS2_PLACEMENT_3D('',#12682,#12683,#12684);
#12686=PLANE('',#12685);
#12687=ADVANCED_FACE('',(#12681),#12686,.T.);
#12688=CARTESIAN_POINT('',(12.65663,-17.42036,8.57143));
#12689=VERTEX_POINT('',#12688);
#12690=DIRECTION('',(0.1328,-0.18278,0.97414));
#12691=VECTOR('',#12690,2.93298);
#12692=LINE('',#12666,#12691);
#12693=EDGE_CURVE('',#12667,#12689,#12692,.T.);
#12694=ORIENTED_EDGE('',*,*,#12693,.T.);
#12695=DIRECTION('',(0.85264,0.5225,0.));
#12696=VECTOR('',#12695,3.37888);
#12697=LINE('',#12314,#12696);
#12698=EDGE_CURVE('',#12315,#12689,#12697,.T.);
#12699=ORIENTED_EDGE('',*,*,#12698,.F.);
#12700=ORIENTED_EDGE('',*,*,#12319,.F.);
#12701=ORIENTED_EDGE('',*,*,#12676,.T.);
#12702=EDGE_LOOP('',(#12694,#12699,#12700,#12701));
#12703=FACE_OUTER_BOUND('',#12702,.T.);
#12704=CARTESIAN_POINT('',(12.26715,-16.88428,5.71429));
#12705=DIRECTION('',(0.50907,-0.83073,-0.22526));
#12706=DIRECTION('',(0.1328,-0.18278,0.97414));
#12707=AXIS2_PLACEMENT_3D('',#12704,#12705,#12706);
#12708=PLANE('',#12707);
#12709=ADVANCED_FACE('',(#12703),#12708,.T.);
#12710=CARTESIAN_POINT('',(13.2166,-18.19109,11.42857));
#12711=VERTEX_POINT('',#12710);
#12712=DIRECTION('',(0.18592,-0.2559,0.94865));
#12713=VECTOR('',#12712,3.01178);
#12714=LINE('',#12688,#12713);
#12715=EDGE_CURVE('',#12689,#12711,#12714,.T.);
#12716=ORIENTED_EDGE('',*,*,#12715,.T.);
#12717=DIRECTION('',(0.85264,0.5225,0.));
#12718=VECTOR('',#12717,3.52837);
#12719=LINE('',#12336,#12718);
#12720=EDGE_CURVE('',#12337,#12711,#12719,.T.);
#12721=ORIENTED_EDGE('',*,*,#12720,.F.);
#12722=ORIENTED_EDGE('',*,*,#12341,.F.);
#12723=ORIENTED_EDGE('',*,*,#12698,.T.);
#12724=EDGE_LOOP('',(#12716,#12721,#12722,#12723));
#12725=FACE_OUTER_BOUND('',#12724,.T.);
#12726=CARTESIAN_POINT('',(12.65663,-17.42036,8.57143));
#12727=DIRECTION('',(0.49582,-0.80911,-0.31544));
#12728=DIRECTION('',(0.18592,-0.2559,0.94865));
#12729=AXIS2_PLACEMENT_3D('',#12726,#12727,#12728);
#12730=PLANE('',#12729);
#12731=ADVANCED_FACE('',(#12725),#12730,.T.);
#12732=CARTESIAN_POINT('',(13.96429,-19.22019,14.28571));
#12733=VERTEX_POINT('',#12732);
#12734=DIRECTION('',(0.23907,-0.32905,0.91355));
#12735=VECTOR('',#12734,3.12752);
#12736=LINE('',#12710,#12735);
#12737=EDGE_CURVE('',#12711,#12733,#12736,.T.);
#12738=ORIENTED_EDGE('',*,*,#12737,.T.);
#12739=DIRECTION('',(0.85264,0.5225,0.));
#12740=VECTOR('',#12739,3.72798);
#12741=LINE('',#12358,#12740);
#12742=EDGE_CURVE('',#12359,#12733,#12741,.T.);
#12743=ORIENTED_EDGE('',*,*,#12742,.F.);
#12744=ORIENTED_EDGE('',*,*,#12363,.F.);
#12745=ORIENTED_EDGE('',*,*,#12720,.T.);
#12746=EDGE_LOOP('',(#12738,#12743,#12744,#12745));
#12747=FACE_OUTER_BOUND('',#12746,.T.);
#12748=CARTESIAN_POINT('',(13.2166,-18.19109,11.42857));
#12749=DIRECTION('',(0.47757,-0.77933,-0.40568));
#12750=DIRECTION('',(0.23907,-0.32905,0.91355));
#12751=AXIS2_PLACEMENT_3D('',#12748,#12749,#12750);
#12752=PLANE('',#12751);
#12753=ADVANCED_FACE('',(#12747),#12752,.T.);
#12754=CARTESIAN_POINT('',(14.9266,-20.5447,17.14286));
#12755=VERTEX_POINT('',#12754);
#12756=DIRECTION('',(0.29223,-0.40222,0.86765));
#12757=VECTOR('',#12756,3.29297);
#12758=LINE('',#12732,#12757);
#12759=EDGE_CURVE('',#12733,#12755,#12758,.T.);
#12760=ORIENTED_EDGE('',*,*,#12759,.T.);
#12761=DIRECTION('',(0.85264,0.5225,0.));
#12762=VECTOR('',#12761,3.98488);
#12763=LINE('',#12380,#12762);
#12764=EDGE_CURVE('',#12381,#12755,#12763,.T.);
#12765=ORIENTED_EDGE('',*,*,#12764,.F.);
#12766=ORIENTED_EDGE('',*,*,#12385,.F.);
#12767=ORIENTED_EDGE('',*,*,#12742,.T.);
#12768=EDGE_LOOP('',(#12760,#12765,#12766,#12767));
#12769=FACE_OUTER_BOUND('',#12768,.T.);
#12770=CARTESIAN_POINT('',(13.96429,-19.22019,14.28571));
#12771=DIRECTION('',(0.45369,-0.74036,-0.49602));
#12772=DIRECTION('',(0.29223,-0.40222,0.86765));
#12773=AXIS2_PLACEMENT_3D('',#12770,#12771,#12772);
#12774=PLANE('',#12773);
#12775=ADVANCED_FACE('',(#12769),#12774,.T.);
#12776=CARTESIAN_POINT('',(16.14644,-22.22367,20.));
#12777=VERTEX_POINT('',#12776);
#12778=DIRECTION('',(0.34544,-0.47545,0.80909));
#12779=VECTOR('',#12778,3.53132);
#12780=LINE('',#12754,#12779);
#12781=EDGE_CURVE('',#12755,#12777,#12780,.T.);
#12782=ORIENTED_EDGE('',*,*,#12781,.T.);
#12783=DIRECTION('',(0.85264,0.5225,0.));
#12784=VECTOR('',#12783,4.31054);
#12785=LINE('',#12402,#12784);
#12786=EDGE_CURVE('',#12403,#12777,#12785,.T.);
#12787=ORIENTED_EDGE('',*,*,#12786,.F.);
#12788=ORIENTED_EDGE('',*,*,#12407,.F.);
#12789=ORIENTED_EDGE('',*,*,#12764,.T.);
#12790=EDGE_LOOP('',(#12782,#12787,#12788,#12789));
#12791=FACE_OUTER_BOUND('',#12790,.T.);
#12792=CARTESIAN_POINT('',(14.9266,-20.5447,17.14286));
#12793=DIRECTION('',(0.4232,-0.69059,-0.5865));
#12794=DIRECTION('',(0.34544,-0.47545,0.80909));
#12795=AXIS2_PLACEMENT_3D('',#12792,#12793,#12794);
#12796=PLANE('',#12795);
#12797=ADVANCED_FACE('',(#12791),#12796,.T.);
#12798=CARTESIAN_POINT('',(3.23282,-4.44959,20.));
#12799=VERTEX_POINT('',#12798);
#12800=DIRECTION('',(-0.58779,0.80902,0.));
#12801=VECTOR('',#12800,21.96997);
#12802=LINE('',#12776,#12801);
#12803=EDGE_CURVE('',#12777,#12799,#12802,.T.);
#12804=ORIENTED_EDGE('',*,*,#12803,.T.);
#12805=DIRECTION('',(0.85264,0.5225,0.));
#12806=VECTOR('',#12805,0.86305);
#12807=LINE('',#12424,#12806);
#12808=EDGE_CURVE('',#12425,#12799,#12807,.T.);
#12809=ORIENTED_EDGE('',*,*,#12808,.F.);
#12810=ORIENTED_EDGE('',*,*,#12429,.F.);
#12811=ORIENTED_EDGE('',*,*,#12786,.T.);
#12812=EDGE_LOOP('',(#12804,#12809,#12810,#12811));
#12813=FACE_OUTER_BOUND('',#12812,.T.);
#12814=CARTESIAN_POINT('',(16.14644,-22.22367,20.));
#12815=DIRECTION('',(0.,0.,1.));
#12816=DIRECTION('',(-0.58779,0.80902,0.));
#12817=AXIS2_PLACEMENT_3D('',#12814,#12815,#12816);
#12818=PLANE('',#12817);
#12819=ADVANCED_FACE('',(#12813),#12818,.T.);
#12820=DIRECTION('',(0.,0.,1.));
#12821=VECTOR('',#12820,40.);
#12822=LINE('',#12462,#12821);
#12823=EDGE_CURVE('',#12463,#12799,#12822,.T.);
#12824=ORIENTED_EDGE('',*,*,#12823,.F.);
#12825=ORIENTED_EDGE('',*,*,#12480,.F.);
#12826=ORIENTED_EDGE('',*,*,#12449,.T.);
#12827=ORIENTED_EDGE('',*,*,#12808,.T.);
#12828=EDGE_LOOP('',(#12824,#12825,#12826,#12827));
#12829=FACE_OUTER_BOUND('',#12828,.T.);
#12830=CARTESIAN_POINT('',(3.23282,-4.44959,20.));
#12831=DIRECTION('',(-0.5225,0.85264,0.));
#12832=DIRECTION('',(0.,0.,-1.));
#12833=AXIS2_PLACEMENT_3D('',#12830,#12831,#12832);
#12834=PLANE('',#12833);
#12835=ADVANCED_FACE('',(#12829),#12834,.T.);
#12836=CARTESIAN_POINT('',(3.88909,-3.88909,-20.));
#12837=VERTEX_POINT('',#12836);
#12838=CARTESIAN_POINT('',(19.4242,-19.4242,-20.));
#12839=VERTEX_POINT('',#12838);
#12840=DIRECTION('',(0.70711,-0.70711,0.));
#12841=VECTOR('',#12840,21.96997);
#12842=LINE('',#12836,#12841);
#12843=EDGE_CURVE('',#12837,#12839,#12842,.T.);
#12844=ORIENTED_EDGE('',*,*,#12843,.T.);
#12845=DIRECTION('',(0.76041,0.64945,0.));
#12846=VECTOR('',#12845,4.31054);
#12847=LINE('',#12464,#12846);
#12848=EDGE_CURVE('',#12465,#12839,#12847,.T.);
#12849=ORIENTED_EDGE('',*,*,#12848,.F.);
#12850=ORIENTED_EDGE('',*,*,#12469,.F.);
#12851=DIRECTION('',(0.76041,0.64945,0.));
#12852=VECTOR('',#12851,0.86305);
#12853=LINE('',#12462,#12852);
#12854=EDGE_CURVE('',#12463,#12837,#12853,.T.);
#12855=ORIENTED_EDGE('',*,*,#12854,.T.);
#12856=EDGE_LOOP('',(#12844,#12849,#12850,#12855));
#12857=FACE_OUTER_BOUND('',#12856,.T.);
#12858=CARTESIAN_POINT('',(3.88909,-3.88909,-20.));
#12859=DIRECTION('',(0.,0.,-1.));
#12860=DIRECTION('',(0.70711,-0.70711,0.));
#12861=AXIS2_PLACEMENT_3D('',#12858,#12859,#12860);
#12862=PLANE('',#12861);
#12863=ADVANCED_FACE('',(#12857),#12862,.T.);
#12864=CARTESIAN_POINT('',(17.95673,-17.95673,-17.14286));
#12865=VERTEX_POINT('',#12864);
#12866=DIRECTION('',(-0.41556,0.41556,0.80909));
#12867=VECTOR('',#12866,3.53132);
#12868=LINE('',#12838,#12867);
#12869=EDGE_CURVE('',#12839,#12865,#12868,.T.);
#12870=ORIENTED_EDGE('',*,*,#12869,.T.);
#12871=DIRECTION('',(0.76041,0.64945,0.));
#12872=VECTOR('',#12871,3.98488);
#12873=LINE('',#12490,#12872);
#12874=EDGE_CURVE('',#12491,#12865,#12873,.T.);
#12875=ORIENTED_EDGE('',*,*,#12874,.F.);
#12876=ORIENTED_EDGE('',*,*,#12495,.F.);
#12877=ORIENTED_EDGE('',*,*,#12848,.T.);
#12878=EDGE_LOOP('',(#12870,#12875,#12876,#12877));
#12879=FACE_OUTER_BOUND('',#12878,.T.);
#12880=CARTESIAN_POINT('',(19.4242,-19.4242,-20.));
#12881=DIRECTION('',(0.52602,-0.61589,0.5865));
#12882=DIRECTION('',(-0.41556,0.41556,0.80909));
#12883=AXIS2_PLACEMENT_3D('',#12880,#12881,#12882);
#12884=PLANE('',#12883);
#12885=ADVANCED_FACE('',(#12879),#12884,.T.);
#12886=CARTESIAN_POINT('',(16.79906,-16.79906,-14.28571));
#12887=VERTEX_POINT('',#12886);
#12888=DIRECTION('',(-0.35156,0.35156,0.86765));
#12889=VECTOR('',#12888,3.29297);
#12890=LINE('',#12864,#12889);
#12891=EDGE_CURVE('',#12865,#12887,#12890,.T.);
#12892=ORIENTED_EDGE('',*,*,#12891,.T.);
#12893=DIRECTION('',(0.76041,0.64945,0.));
#12894=VECTOR('',#12893,3.72798);
#12895=LINE('',#12512,#12894);
#12896=EDGE_CURVE('',#12513,#12887,#12895,.T.);
#12897=ORIENTED_EDGE('',*,*,#12896,.F.);
#12898=ORIENTED_EDGE('',*,*,#12517,.F.);
#12899=ORIENTED_EDGE('',*,*,#12874,.T.);
#12900=EDGE_LOOP('',(#12892,#12897,#12898,#12899));
#12901=FACE_OUTER_BOUND('',#12900,.T.);
#12902=CARTESIAN_POINT('',(17.95673,-17.95673,-17.14286));
#12903=DIRECTION('',(0.56392,-0.66027,0.49602));
#12904=DIRECTION('',(-0.35156,0.35156,0.86765));
#12905=AXIS2_PLACEMENT_3D('',#12902,#12903,#12904);
#12906=PLANE('',#12905);
#12907=ADVANCED_FACE('',(#12901),#12906,.T.);
#12908=CARTESIAN_POINT('',(15.8996,-15.8996,-11.42857));
#12909=VERTEX_POINT('',#12908);
#12910=DIRECTION('',(-0.2876,0.2876,0.91355));
#12911=VECTOR('',#12910,3.12752);
#12912=LINE('',#12886,#12911);
#12913=EDGE_CURVE('',#12887,#12909,#12912,.T.);
#12914=ORIENTED_EDGE('',*,*,#12913,.T.);
#12915=DIRECTION('',(0.76041,0.64945,0.));
#12916=VECTOR('',#12915,3.52837);
#12917=LINE('',#12534,#12916);
#12918=EDGE_CURVE('',#12535,#12909,#12917,.T.);
#12919=ORIENTED_EDGE('',*,*,#12918,.F.);
#12920=ORIENTED_EDGE('',*,*,#12539,.F.);
#12921=ORIENTED_EDGE('',*,*,#12896,.T.);
#12922=EDGE_LOOP('',(#12914,#12919,#12920,#12921));
#12923=FACE_OUTER_BOUND('',#12922,.T.);
#12924=CARTESIAN_POINT('',(16.79906,-16.79906,-14.28571));
#12925=DIRECTION('',(0.59361,-0.69502,0.40568));
#12926=DIRECTION('',(-0.2876,0.2876,0.91355));
#12927=AXIS2_PLACEMENT_3D('',#12924,#12925,#12926);
#12928=PLANE('',#12927);
#12929=ADVANCED_FACE('',(#12923),#12928,.T.);
#12930=CARTESIAN_POINT('',(15.22596,-15.22596,-8.57143));
#12931=VERTEX_POINT('',#12930);
#12932=DIRECTION('',(-0.22367,0.22367,0.94865));
#12933=VECTOR('',#12932,3.01178);
#12934=LINE('',#12908,#12933);
#12935=EDGE_CURVE('',#12909,#12931,#12934,.T.);
#12936=ORIENTED_EDGE('',*,*,#12935,.T.);
#12937=DIRECTION('',(0.76041,0.64945,0.));
#12938=VECTOR('',#12937,3.37888);
#12939=LINE('',#12556,#12938);
#12940=EDGE_CURVE('',#12557,#12931,#12939,.T.);
#12941=ORIENTED_EDGE('',*,*,#12940,.F.);
#12942=ORIENTED_EDGE('',*,*,#12561,.F.);
#12943=ORIENTED_EDGE('',*,*,#12918,.T.);
#12944=EDGE_LOOP('',(#12936,#12941,#12942,#12943));
#12945=FACE_OUTER_BOUND('',#12944,.T.);
#12946=CARTESIAN_POINT('',(15.8996,-15.8996,-11.42857));
#12947=DIRECTION('',(0.61629,-0.72158,0.31544));
#12948=DIRECTION('',(-0.22367,0.22367,0.94865));
#12949=AXIS2_PLACEMENT_3D('',#12946,#12947,#12948);
#12950=PLANE('',#12949);
#12951=ADVANCED_FACE('',(#12945),#12950,.T.);
#12952=CARTESIAN_POINT('',(14.7574,-14.7574,-5.71429));
#12953=VERTEX_POINT('',#12952);
#12954=DIRECTION('',(-0.15975,0.15975,0.97414));
#12955=VECTOR('',#12954,2.93298);
#12956=LINE('',#12930,#12955);
#12957=EDGE_CURVE('',#12931,#12953,#12956,.T.);
#12958=ORIENTED_EDGE('',*,*,#12957,.T.);
#12959=DIRECTION('',(0.76041,0.64945,0.));
#12960=VECTOR('',#12959,3.2749);
#12961=LINE('',#12578,#12960);
#12962=EDGE_CURVE('',#12579,#12953,#12961,.T.);
#12963=ORIENTED_EDGE('',*,*,#12962,.F.);
#12964=ORIENTED_EDGE('',*,*,#12583,.F.);
#12965=ORIENTED_EDGE('',*,*,#12940,.T.);
#12966=EDGE_LOOP('',(#12958,#12963,#12964,#12965));
#12967=FACE_OUTER_BOUND('',#12966,.T.);
#12968=CARTESIAN_POINT('',(15.22596,-15.22596,-8.57143));
#12969=DIRECTION('',(0.63276,-0.74086,0.22526));
#12970=DIRECTION('',(-0.15975,0.15975,0.97414));
#12971=AXIS2_PLACEMENT_3D('',#12968,#12969,#12970);
#12972=PLANE('',#12971);
#12973=ADVANCED_FACE('',(#12967),#12972,.T.);
#12974=CARTESIAN_POINT('',(14.481,-14.481,-2.85714));
#12975=VERTEX_POINT('',#12974);
#12976=DIRECTION('',(-0.09585,0.09585,0.99077));
#12977=VECTOR('',#12976,2.88376);
#12978=LINE('',#12952,#12977);
#12979=EDGE_CURVE('',#12953,#12975,#12978,.T.);
#12980=ORIENTED_EDGE('',*,*,#12979,.T.);
#12981=DIRECTION('',(0.76041,0.64945,0.));
#12982=VECTOR('',#12981,3.21356);
#12983=LINE('',#12600,#12982);
#12984=EDGE_CURVE('',#12601,#12975,#12983,.T.);
#12985=ORIENTED_EDGE('',*,*,#12984,.F.);
#12986=ORIENTED_EDGE('',*,*,#12605,.F.);
#12987=ORIENTED_EDGE('',*,*,#12962,.T.);
#12988=EDGE_LOOP('',(#12980,#12985,#12986,#12987));
#12989=FACE_OUTER_BOUND('',#12988,.T.);
#12990=CARTESIAN_POINT('',(14.7574,-14.7574,-5.71429));
#12991=DIRECTION('',(0.64349,-0.75343,0.13514));
#12992=DIRECTION('',(-0.09585,0.09585,0.99077));
#12993=AXIS2_PLACEMENT_3D('',#12990,#12991,#12992);
#12994=PLANE('',#12993);
#12995=ADVANCED_FACE('',(#12989),#12994,.T.);
#12996=CARTESIAN_POINT('',(14.38962,-14.38962,0.));
#12997=VERTEX_POINT('',#12996);
#12998=DIRECTION('',(-0.03195,0.03195,0.99898));
#12999=VECTOR('',#12998,2.86006);
#13000=LINE('',#12974,#12999);
#13001=EDGE_CURVE('',#12975,#12997,#13000,.T.);
#13002=ORIENTED_EDGE('',*,*,#13001,.T.);
#13003=DIRECTION('',(0.76041,0.64945,0.));
#13004=VECTOR('',#13003,3.19329);
#13005=LINE('',#12622,#13004);
#13006=EDGE_CURVE('',#12623,#12997,#13005,.T.);
#13007=ORIENTED_EDGE('',*,*,#13006,.F.);
#13008=ORIENTED_EDGE('',*,*,#12627,.F.);
#13009=ORIENTED_EDGE('',*,*,#12984,.T.);
#13010=EDGE_LOOP('',(#13002,#13007,#13008,#13009));
#13011=FACE_OUTER_BOUND('',#13010,.T.);
#13012=CARTESIAN_POINT('',(14.481,-14.481,-2.85714));
#13013=DIRECTION('',(0.64879,-0.75963,0.04504));
#13014=DIRECTION('',(-0.03195,0.03195,0.99898));
#13015=AXIS2_PLACEMENT_3D('',#13012,#13013,#13014);
#13016=PLANE('',#13015);
#13017=ADVANCED_FACE('',(#13011),#13016,.T.);
#13018=CARTESIAN_POINT('',(14.481,-14.481,2.85714));
#13019=VERTEX_POINT('',#13018);
#13020=DIRECTION('',(0.03195,-0.03195,0.99898));
#13021=VECTOR('',#13020,2.86006);
#13022=LINE('',#12996,#13021);
#13023=EDGE_CURVE('',#12997,#13019,#13022,.T.);
#13024=ORIENTED_EDGE('',*,*,#13023,.T.);
#13025=DIRECTION('',(0.76041,0.64945,0.));
#13026=VECTOR('',#13025,3.21356);
#13027=LINE('',#12644,#13026);
#13028=EDGE_CURVE('',#12645,#13019,#13027,.T.);
#13029=ORIENTED_EDGE('',*,*,#13028,.F.);
#13030=ORIENTED_EDGE('',*,*,#12649,.F.);
#13031=ORIENTED_EDGE('',*,*,#13006,.T.);
#13032=EDGE_LOOP('',(#13024,#13029,#13030,#13031));
#13033=FACE_OUTER_BOUND('',#13032,.T.);
#13034=CARTESIAN_POINT('',(14.38962,-14.38962,0.));
#13035=DIRECTION('',(0.64879,-0.75963,-0.04504));
#13036=DIRECTION('',(0.03195,-0.03195,0.99898));
#13037=AXIS2_PLACEMENT_3D('',#13034,#13035,#13036);
#13038=PLANE('',#13037);
#13039=ADVANCED_FACE('',(#13033),#13038,.T.);
#13040=CARTESIAN_POINT('',(14.7574,-14.7574,5.71429));
#13041=VERTEX_POINT('',#13040);
#13042=DIRECTION('',(0.09585,-0.09585,0.99077));
#13043=VECTOR('',#13042,2.88376);
#13044=LINE('',#13018,#13043);
#13045=EDGE_CURVE('',#13019,#13041,#13044,.T.);
#13046=ORIENTED_EDGE('',*,*,#13045,.T.);
#13047=DIRECTION('',(0.76041,0.64945,0.));
#13048=VECTOR('',#13047,3.2749);
#13049=LINE('',#12666,#13048);
#13050=EDGE_CURVE('',#12667,#13041,#13049,.T.);
#13051=ORIENTED_EDGE('',*,*,#13050,.F.);
#13052=ORIENTED_EDGE('',*,*,#12671,.F.);
#13053=ORIENTED_EDGE('',*,*,#13028,.T.);
#13054=EDGE_LOOP('',(#13046,#13051,#13052,#13053));
#13055=FACE_OUTER_BOUND('',#13054,.T.);
#13056=CARTESIAN_POINT('',(14.481,-14.481,2.85714));
#13057=DIRECTION('',(0.64349,-0.75343,-0.13514));
#13058=DIRECTION('',(0.09585,-0.09585,0.99077));
#13059=AXIS2_PLACEMENT_3D('',#13056,#13057,#13058);
#13060=PLANE('',#13059);
#13061=ADVANCED_FACE('',(#13055),#13060,.T.);
#13062=CARTESIAN_POINT('',(15.22596,-15.22596,8.57143));
#13063=VERTEX_POINT('',#13062);
#13064=DIRECTION('',(0.15975,-0.15975,0.97414));
#13065=VECTOR('',#13064,2.93298);
#13066=LINE('',#13040,#13065);
#13067=EDGE_CURVE('',#13041,#13063,#13066,.T.);
#13068=ORIENTED_EDGE('',*,*,#13067,.T.);
#13069=DIRECTION('',(0.76041,0.64945,0.));
#13070=VECTOR('',#13069,3.37888);
#13071=LINE('',#12688,#13070);
#13072=EDGE_CURVE('',#12689,#13063,#13071,.T.);
#13073=ORIENTED_EDGE('',*,*,#13072,.F.);
#13074=ORIENTED_EDGE('',*,*,#12693,.F.);
#13075=ORIENTED_EDGE('',*,*,#13050,.T.);
#13076=EDGE_LOOP('',(#13068,#13073,#13074,#13075));
#13077=FACE_OUTER_BOUND('',#13076,.T.);
#13078=CARTESIAN_POINT('',(14.7574,-14.7574,5.71429));
#13079=DIRECTION('',(0.63276,-0.74086,-0.22526));
#13080=DIRECTION('',(0.15975,-0.15975,0.97414));
#13081=AXIS2_PLACEMENT_3D('',#13078,#13079,#13080);
#13082=PLANE('',#13081);
#13083=ADVANCED_FACE('',(#13077),#13082,.T.);
#13084=CARTESIAN_POINT('',(15.8996,-15.8996,11.42857));
#13085=VERTEX_POINT('',#13084);
#13086=DIRECTION('',(0.22367,-0.22367,0.94865));
#13087=VECTOR('',#13086,3.01178);
#13088=LINE('',#13062,#13087);
#13089=EDGE_CURVE('',#13063,#13085,#13088,.T.);
#13090=ORIENTED_EDGE('',*,*,#13089,.T.);
#13091=DIRECTION('',(0.76041,0.64945,0.));
#13092=VECTOR('',#13091,3.52837);
#13093=LINE('',#12710,#13092);
#13094=EDGE_CURVE('',#12711,#13085,#13093,.T.);
#13095=ORIENTED_EDGE('',*,*,#13094,.F.);
#13096=ORIENTED_EDGE('',*,*,#12715,.F.);
#13097=ORIENTED_EDGE('',*,*,#13072,.T.);
#13098=EDGE_LOOP('',(#13090,#13095,#13096,#13097));
#13099=FACE_OUTER_BOUND('',#13098,.T.);
#13100=CARTESIAN_POINT('',(15.22596,-15.22596,8.57143));
#13101=DIRECTION('',(0.61629,-0.72158,-0.31544));
#13102=DIRECTION('',(0.22367,-0.22367,0.94865));
#13103=AXIS2_PLACEMENT_3D('',#13100,#13101,#13102);
#13104=PLANE('',#13103);
#13105=ADVANCED_FACE('',(#13099),#13104,.T.);
#13106=CARTESIAN_POINT('',(16.79906,-16.79906,14.28571));
#13107=VERTEX_POINT('',#13106);
#13108=DIRECTION('',(0.2876,-0.2876,0.91355));
#13109=VECTOR('',#13108,3.12752);
#13110=LINE('',#13084,#13109);
#13111=EDGE_CURVE('',#13085,#13107,#13110,.T.);
#13112=ORIENTED_EDGE('',*,*,#13111,.T.);
#13113=DIRECTION('',(0.76041,0.64945,0.));
#13114=VECTOR('',#13113,3.72798);
#13115=LINE('',#12732,#13114);
#13116=EDGE_CURVE('',#12733,#13107,#13115,.T.);
#13117=ORIENTED_EDGE('',*,*,#13116,.F.);
#13118=ORIENTED_EDGE('',*,*,#12737,.F.);
#13119=ORIENTED_EDGE('',*,*,#13094,.T.);
#13120=EDGE_LOOP('',(#13112,#13117,#13118,#13119));
#13121=FACE_OUTER_BOUND('',#13120,.T.);
#13122=CARTESIAN_POINT('',(15.8996,-15.8996,11.42857));
#13123=DIRECTION('',(0.59361,-0.69502,-0.40568));
#13124=DIRECTION('',(0.2876,-0.2876,0.91355));
#13125=AXIS2_PLACEMENT_3D('',#13122,#13123,#13124);
#13126=PLANE('',#13125);
#13127=ADVANCED_FACE('',(#13121),#13126,.T.);
#13128=CARTESIAN_POINT('',(17.95673,-17.95673,17.14286));
#13129=VERTEX_POINT('',#13128);
#13130=DIRECTION('',(0.35156,-0.35156,0.86765));
#13131=VECTOR('',#13130,3.29297);
#13132=LINE('',#13106,#13131);
#13133=EDGE_CURVE('',#13107,#13129,#13132,.T.);
#13134=ORIENTED_EDGE('',*,*,#13133,.T.);
#13135=DIRECTION('',(0.76041,0.64945,0.));
#13136=VECTOR('',#13135,3.98488);
#13137=LINE('',#12754,#13136);
#13138=EDGE_CURVE('',#12755,#13129,#13137,.T.);
#13139=ORIENTED_EDGE('',*,*,#13138,.F.);
#13140=ORIENTED_EDGE('',*,*,#12759,.F.);
#13141=ORIENTED_EDGE('',*,*,#13116,.T.);
#13142=EDGE_LOOP('',(#13134,#13139,#13140,#13141));
#13143=FACE_OUTER_BOUND('',#13142,.T.);
#13144=CARTESIAN_POINT('',(16.79906,-16.79906,14.28571));
#13145=DIRECTION('',(0.56392,-0.66027,-0.49602));
#13146=DIRECTION('',(0.35156,-0.35156,0.86765));
#13147=AXIS2_PLACEMENT_3D('',#13144,#13145,#13146);
#13148=PLANE('',#13147);
#13149=ADVANCED_FACE('',(#13143),#13148,.T.);
#13150=CARTESIAN_POINT('',(19.4242,-19.4242,20.));
#13151=VERTEX_POINT('',#13150);
#13152=DIRECTION('',(0.41556,-0.41556,0.80909));
#13153=VECTOR('',#13152,3.53132);
#13154=LINE('',#13128,#13153);
#13155=EDGE_CURVE('',#13129,#13151,#13154,.T.);
#13156=ORIENTED_EDGE('',*,*,#13155,.T.);
#13157=DIRECTION('',(0.76041,0.64945,0.));
#13158=VECTOR('',#13157,4.31054);
#13159=LINE('',#12776,#13158);
#13160=EDGE_CURVE('',#12777,#13151,#13159,.T.);
#13161=ORIENTED_EDGE('',*,*,#13160,.F.);
#13162=ORIENTED_EDGE('',*,*,#12781,.F.);
#13163=ORIENTED_EDGE('',*,*,#13138,.T.);
#13164=EDGE_LOOP('',(#13156,#13161,#13162,#13163));
#13165=FACE_OUTER_BOUND('',#13164,.T.);
#13166=CARTESIAN_POINT('',(17.95673,-17.95673,17.14286));
#13167=DIRECTION('',(0.52602,-0.61589,-0.5865));
#13168=DIRECTION('',(0.41556,-0.41556,0.80909));
#13169=AXIS2_PLACEMENT_3D('',#13166,#13167,#13168);
#13170=PLANE('',#13169);
#13171=ADVANCED_FACE('',(#13165),#13170,.T.);
#13172=CARTESIAN_POINT('',(3.88909,-3.88909,20.));
#13173=VERTEX_POINT('',#13172);
#13174=DIRECTION('',(-0.70711,0.70711,0.));
#13175=VECTOR('',#13174,21.96997);
#13176=LINE('',#13150,#13175);
#13177=EDGE_CURVE('',#13151,#13173,#13176,.T.);
#13178=ORIENTED_EDGE('',*,*,#13177,.T.);
#13179=DIRECTION('',(0.76041,0.64945,0.));
#13180=VECTOR('',#13179,0.86305);
#13181=LINE('',#12798,#13180);
#13182=EDGE_CURVE('',#12799,#13173,#13181,.T.);
#13183=ORIENTED_EDGE('',*,*,#13182,.F.);
#13184=ORIENTED_EDGE('',*,*,#12803,.F.);
#13185=ORIENTED_EDGE('',*,*,#13160,.T.);
#13186=EDGE_LOOP('',(#13178,#13183,#13184,#13185));
#13187=FACE_OUTER_BOUND('',#13186,.T.);
#13188=CARTESIAN_POINT('',(19.4242,-19.4242,20.));
#13189=DIRECTION('',(0.,0.,1.));
#13190=DIRECTION('',(-0.70711,0.70711,0.));
#13191=AXIS2_PLACEMENT_3D('',#13188,#13189,#13190);
#13192=PLANE('',#13191);
#13193=ADVANCED_FACE('',(#13187),#13192,.T.);
#13194=DIRECTION('',(0.,0.,1.));
#13195=VECTOR('',#13194,40.);
#13196=LINE('',#12836,#13195);
#13197=EDGE_CURVE('',#12837,#13173,#13196,.T.);
#13198=ORIENTED_EDGE('',*,*,#13197,.F.);
#13199=ORIENTED_EDGE('',*,*,#12854,.F.);
#13200=ORIENTED_EDGE('',*,*,#12823,.T.);
#13201=ORIENTED_EDGE('',*,*,#13182,.T.);
#13202=EDGE_LOOP('',(#13198,#13199,#13200,#13201));
#13203=FACE_OUTER_BOUND('',#13202,.T.);
#13204=CARTESIAN_POINT('',(3.88909,-3.88909,20.));
#13205=DIRECTION('',(-0.64945,0.76041,0.));
#13206=DIRECTION('',(0.,0.,-1.));
#13207=AXIS2_PLACEMENT_3D('',#13204,#13205,#13206);
#13208=PLANE('',#13207);
#13209=ADVANCED_FACE('',(#13203),#13208,.T.);
#13210=CARTESIAN_POINT('',(4.44959,-3.23282,-20.));
#13211=VERTEX_POINT('',#13210);
#13212=CARTESIAN_POINT('',(22.22367,-16.14644,-20.));
#13213=VERTEX_POINT('',#13212);
#13214=DIRECTION('',(0.80902,-0.58779,0.));
#13215=VECTOR('',#13214,21.96997);
#13216=LINE('',#13210,#13215);
#13217=EDGE_CURVE('',#13211,#13213,#13216,.T.);
#13218=ORIENTED_EDGE('',*,*,#13217,.T.);
#13219=DIRECTION('',(0.64945,0.76041,0.));
#13220=VECTOR('',#13219,4.31054);
#13221=LINE('',#12838,#13220);
#13222=EDGE_CURVE('',#12839,#13213,#13221,.T.);
#13223=ORIENTED_EDGE('',*,*,#13222,.F.);
#13224=ORIENTED_EDGE('',*,*,#12843,.F.);
#13225=DIRECTION('',(0.64945,0.76041,0.));
#13226=VECTOR('',#13225,0.86305);
#13227=LINE('',#12836,#13226);
#13228=EDGE_CURVE('',#12837,#13211,#13227,.T.);
#13229=ORIENTED_EDGE('',*,*,#13228,.T.);
#13230=EDGE_LOOP('',(#13218,#13223,#13224,#13229));
#13231=FACE_OUTER_BOUND('',#13230,.T.);
#13232=CARTESIAN_POINT('',(4.44959,-3.23282,-20.));
#13233=DIRECTION('',(0.,0.,-1.));
#13234=DIRECTION('',(0.80902,-0.58779,0.));
#13235=AXIS2_PLACEMENT_3D('',#13232,#13233,#13234);
#13236=PLANE('',#13235);
#13237=ADVANCED_FACE('',(#13231),#13236,.T.);
#13238=CARTESIAN_POINT('',(20.5447,-14.9266,-17.14286));
#13239=VERTEX_POINT('',#13238);
#13240=DIRECTION('',(-0.47545,0.34544,0.80909));
#13241=VECTOR('',#13240,3.53132);
#13242=LINE('',#13212,#13241);
#13243=EDGE_CURVE('',#13213,#13239,#13242,.T.);
#13244=ORIENTED_EDGE('',*,*,#13243,.T.);
#13245=DIRECTION('',(0.64945,0.76041,0.));
#13246=VECTOR('',#13245,3.98488);
#13247=LINE('',#12864,#13246);
#13248=EDGE_CURVE('',#12865,#13239,#13247,.T.);
#13249=ORIENTED_EDGE('',*,*,#13248,.F.);
#13250=ORIENTED_EDGE('',*,*,#12869,.F.);
#13251=ORIENTED_EDGE('',*,*,#13222,.T.);
#13252=EDGE_LOOP('',(#13244,#13249,#13250,#13251));
#13253=FACE_OUTER_BOUND('',#13252,.T.);
#13254=CARTESIAN_POINT('',(22.22367,-16.14644,-20.));
#13255=DIRECTION('',(0.61589,-0.52602,0.5865));
#13256=DIRECTION('',(-0.47545,0.34544,0.80909));
#13257=AXIS2_PLACEMENT_3D('',#13254,#13255,#13256);
#13258=PLANE('',#13257);
#13259=ADVANCED_FACE('',(#13253),#13258,.T.);
#13260=CARTESIAN_POINT('',(19.22019,-13.96429,-14.28571));
#13261=VERTEX_POINT('',#13260);
#13262=DIRECTION('',(-0.40222,0.29223,0.86765));
#13263=VECTOR('',#13262,3.29297);
#13264=LINE('',#13238,#13263);
#13265=EDGE_CURVE('',#13239,#13261,#13264,.T.);
#13266=ORIENTED_EDGE('',*,*,#13265,.T.);
#13267=DIRECTION('',(0.64945,0.76041,0.));
#13268=VECTOR('',#13267,3.72798);
#13269=LINE('',#12886,#13268);
#13270=EDGE_CURVE('',#12887,#13261,#13269,.T.);
#13271=ORIENTED_EDGE('',*,*,#13270,.F.);
#13272=ORIENTED_EDGE('',*,*,#12891,.F.);
#13273=ORIENTED_EDGE('',*,*,#13248,.T.);
#13274=EDGE_LOOP('',(#13266,#13271,#13272,#13273));
#13275=FACE_OUTER_BOUND('',#13274,.T.);
#13276=CARTESIAN_POINT('',(20.5447,-14.9266,-17.14286));
#13277=DIRECTION('',(0.66027,-0.56392,0.49602));
#13278=DIRECTION('',(-0.40222,0.29223,0.86765));
#13279=AXIS2_PLACEMENT_3D('',#13276,#13277,#13278);
#13280=PLANE('',#13279);
#13281=ADVANCED_FACE('',(#13275),#13280,.T.);
#13282=CARTESIAN_POINT('',(18.19109,-13.2166,-11.42857));
#13283=VERTEX_POINT('',#13282);
#13284=DIRECTION('',(-0.32905,0.23907,0.91355));
#13285=VECTOR('',#13284,3.12752);
#13286=LINE('',#13260,#13285);
#13287=EDGE_CURVE('',#13261,#13283,#13286,.T.);
#13288=ORIENTED_EDGE('',*,*,#13287,.T.);
#13289=DIRECTION('',(0.64945,0.76041,0.));
#13290=VECTOR('',#13289,3.52837);
#13291=LINE('',#12908,#13290);
#13292=EDGE_CURVE('',#12909,#13283,#13291,.T.);
#13293=ORIENTED_EDGE('',*,*,#13292,.F.);
#13294=ORIENTED_EDGE('',*,*,#12913,.F.);
#13295=ORIENTED_EDGE('',*,*,#13270,.T.);
#13296=EDGE_LOOP('',(#13288,#13293,#13294,#13295));
#13297=FACE_OUTER_BOUND('',#13296,.T.);
#13298=CARTESIAN_POINT('',(19.22019,-13.96429,-14.28571));
#13299=DIRECTION('',(0.69502,-0.59361,0.40568));
#13300=DIRECTION('',(-0.32905,0.23907,0.91355));
#13301=AXIS2_PLACEMENT_3D('',#13298,#13299,#13300);
#13302=PLANE('',#13301);
#13303=ADVANCED_FACE('',(#13297),#13302,.T.);
#13304=CARTESIAN_POINT('',(17.42036,-12.65663,-8.57143));
#13305=VERTEX_POINT('',#13304);
#13306=DIRECTION('',(-0.2559,0.18592,0.94865));
#13307=VECTOR('',#13306,3.01178);
#13308=LINE('',#13282,#13307);
#13309=EDGE_CURVE('',#13283,#13305,#13308,.T.);
#13310=ORIENTED_EDGE('',*,*,#13309,.T.);
#13311=DIRECTION('',(0.64945,0.76041,0.));
#13312=VECTOR('',#13311,3.37888);
#13313=LINE('',#12930,#13312);
#13314=EDGE_CURVE('',#12931,#13305,#13313,.T.);
#13315=ORIENTED_EDGE('',*,*,#13314,.F.);
#13316=ORIENTED_EDGE('',*,*,#12935,.F.);
#13317=ORIENTED_EDGE('',*,*,#13292,.T.);
#13318=EDGE_LOOP('',(#13310,#13315,#13316,#13317));
#13319=FACE_OUTER_BOUND('',#13318,.T.);
#13320=CARTESIAN_POINT('',(18.19109,-13.2166,-11.42857));
#13321=DIRECTION('',(0.72158,-0.61629,0.31544));
#13322=DIRECTION('',(-0.2559,0.18592,0.94865));
#13323=AXIS2_PLACEMENT_3D('',#13320,#13321,#13322);
#13324=PLANE('',#13323);
#13325=ADVANCED_FACE('',(#13319),#13324,.T.);
#13326=CARTESIAN_POINT('',(16.88428,-12.26715,-5.71429));
#13327=VERTEX_POINT('',#13326);
#13328=DIRECTION('',(-0.18278,0.1328,0.97414));
#13329=VECTOR('',#13328,2.93298);
#13330=LINE('',#13304,#13329);
#13331=EDGE_CURVE('',#13305,#13327,#13330,.T.);
#13332=ORIENTED_EDGE('',*,*,#13331,.T.);
#13333=DIRECTION('',(0.64945,0.76041,0.));
#13334=VECTOR('',#13333,3.2749);
#13335=LINE('',#12952,#13334);
#13336=EDGE_CURVE('',#12953,#13327,#13335,.T.);
#13337=ORIENTED_EDGE('',*,*,#13336,.F.);
#13338=ORIENTED_EDGE('',*,*,#12957,.F.);
#13339=ORIENTED_EDGE('',*,*,#13314,.T.);
#13340=EDGE_LOOP('',(#13332,#13337,#13338,#13339));
#13341=FACE_OUTER_BOUND('',#13340,.T.);
#13342=CARTESIAN_POINT('',(17.42036,-12.65663,-8.57143));
#13343=DIRECTION('',(0.74086,-0.63276,0.22526));
#13344=DIRECTION('',(-0.18278,0.1328,0.97414));
#13345=AXIS2_PLACEMENT_3D('',#13342,#13343,#13344);
#13346=PLANE('',#13345);
#13347=ADVANCED_FACE('',(#13341),#13346,.T.);
#13348=CARTESIAN_POINT('',(16.56804,-12.03739,-2.85714));
#13349=VERTEX_POINT('',#13348);
#13350=DIRECTION('',(-0.10966,0.07967,0.99077));
#13351=VECTOR('',#13350,2.88376);
#13352=LINE('',#13326,#13351);
#13353=EDGE_CURVE('',#13327,#13349,#13352,.T.);
#13354=ORIENTED_EDGE('',*,*,#13353,.T.);
#13355=DIRECTION('',(0.64945,0.76041,0.));
#13356=VECTOR('',#13355,3.21356);
#13357=LINE('',#12974,#13356);
#13358=EDGE_CURVE('',#12975,#13349,#13357,.T.);
#13359=ORIENTED_EDGE('',*,*,#13358,.F.);
#13360=ORIENTED_EDGE('',*,*,#12979,.F.);
#13361=ORIENTED_EDGE('',*,*,#13336,.T.);
#13362=EDGE_LOOP('',(#13354,#13359,#13360,#13361));
#13363=FACE_OUTER_BOUND('',#13362,.T.);
#13364=CARTESIAN_POINT('',(16.88428,-12.26715,-5.71429));
#13365=DIRECTION('',(0.75343,-0.64349,0.13514));
#13366=DIRECTION('',(-0.10966,0.07967,0.99077));
#13367=AXIS2_PLACEMENT_3D('',#13364,#13365,#13366);
#13368=PLANE('',#13367);
#13369=ADVANCED_FACE('',(#13363),#13368,.T.);
#13370=CARTESIAN_POINT('',(16.4635,-11.96143,0.));
#13371=VERTEX_POINT('',#13370);
#13372=DIRECTION('',(-0.03655,0.02656,0.99898));
#13373=VECTOR('',#13372,2.86006);
#13374=LINE('',#13348,#13373);
#13375=EDGE_CURVE('',#13349,#13371,#13374,.T.);
#13376=ORIENTED_EDGE('',*,*,#13375,.T.);
#13377=DIRECTION('',(0.64945,0.76041,0.));
#13378=VECTOR('',#13377,3.19329);
#13379=LINE('',#12996,#13378);
#13380=EDGE_CURVE('',#12997,#13371,#13379,.T.);
#13381=ORIENTED_EDGE('',*,*,#13380,.F.);
#13382=ORIENTED_EDGE('',*,*,#13001,.F.);
#13383=ORIENTED_EDGE('',*,*,#13358,.T.);
#13384=EDGE_LOOP('',(#13376,#13381,#13382,#13383));
#13385=FACE_OUTER_BOUND('',#13384,.T.);
#13386=CARTESIAN_POINT('',(16.56804,-12.03739,-2.85714));
#13387=DIRECTION('',(0.75963,-0.64879,0.04504));
#13388=DIRECTION('',(-0.03655,0.02656,0.99898));
#13389=AXIS2_PLACEMENT_3D('',#13386,#13387,#13388);
#13390=PLANE('',#13389);
#13391=ADVANCED_FACE('',(#13385),#13390,.T.);
#13392=CARTESIAN_POINT('',(16.56804,-12.03739,2.85714));
#13393=VERTEX_POINT('',#13392);
#13394=DIRECTION('',(0.03655,-0.02656,0.99898));
#13395=VECTOR('',#13394,2.86006);
#13396=LINE('',#13370,#13395);
#13397=EDGE_CURVE('',#13371,#13393,#13396,.T.);
#13398=ORIENTED_EDGE('',*,*,#13397,.T.);
#13399=DIRECTION('',(0.64945,0.76041,0.));
#13400=VECTOR('',#13399,3.21356);
#13401=LINE('',#13018,#13400);
#13402=EDGE_CURVE('',#13019,#13393,#13401,.T.);
#13403=ORIENTED_EDGE('',*,*,#13402,.F.);
#13404=ORIENTED_EDGE('',*,*,#13023,.F.);
#13405=ORIENTED_EDGE('',*,*,#13380,.T.);
#13406=EDGE_LOOP('',(#13398,#13403,#13404,#13405));
#13407=FACE_OUTER_BOUND('',#13406,.T.);
#13408=CARTESIAN_POINT('',(16.4635,-11.96143,0.));
#13409=DIRECTION('',(0.75963,-0.64879,-0.04504));
#13410=DIRECTION('',(0.03655,-0.02656,0.99898));
#13411=AXIS2_PLACEMENT_3D('',#13408,#13409,#13410);
#13412=PLANE('',#13411);
#13413=ADVANCED_FACE('',(#13407),#13412,.T.);
#13414=CARTESIAN_POINT('',(16.88428,-12.26715,5.71429));
#13415=VERTEX_POINT('',#13414);
#13416=DIRECTION('',(0.10966,-0.07967,0.99077));
#13417=VECTOR('',#13416,2.88376);
#13418=LINE('',#13392,#13417);
#13419=EDGE_CURVE('',#13393,#13415,#13418,.T.);
#13420=ORIENTED_EDGE('',*,*,#13419,.T.);
#13421=DIRECTION('',(0.64945,0.76041,0.));
#13422=VECTOR('',#13421,3.2749);
#13423=LINE('',#13040,#13422);
#13424=EDGE_CURVE('',#13041,#13415,#13423,.T.);
#13425=ORIENTED_EDGE('',*,*,#13424,.F.);
#13426=ORIENTED_EDGE('',*,*,#13045,.F.);
#13427=ORIENTED_EDGE('',*,*,#13402,.T.);
#13428=EDGE_LOOP('',(#13420,#13425,#13426,#13427));
#13429=FACE_OUTER_BOUND('',#13428,.T.);
#13430=CARTESIAN_POINT('',(16.56804,-12.03739,2.85714));
#13431=DIRECTION('',(0.75343,-0.64349,-0.13514));
#13432=DIRECTION('',(0.10966,-0.07967,0.99077));
#13433=AXIS2_PLACEMENT_3D('',#13430,#13431,#13432);
#13434=PLANE('',#13433);
#13435=ADVANCED_FACE('',(#13429),#13434,.T.);
#13436=CARTESIAN_POINT('',(17.42036,-12.65663,8.57143));
#13437=VERTEX_POINT('',#13436);
#13438=DIRECTION('',(0.18278,-0.1328,0.97414));
#13439=VECTOR('',#13438,2.93298);
#13440=LINE('',#13414,#13439);
#13441=EDGE_CURVE('',#13415,#13437,#13440,.T.);
#13442=ORIENTED_EDGE('',*,*,#13441,.T.);
#13443=DIRECTION('',(0.64945,0.76041,0.));
#13444=VECTOR('',#13443,3.37888);
#13445=LINE('',#13062,#13444);
#13446=EDGE_CURVE('',#13063,#13437,#13445,.T.);
#13447=ORIENTED_EDGE('',*,*,#13446,.F.);
#13448=ORIENTED_EDGE('',*,*,#13067,.F.);
#13449=ORIENTED_EDGE('',*,*,#13424,.T.);
#13450=EDGE_LOOP('',(#13442,#13447,#13448,#13449));
#13451=FACE_OUTER_BOUND('',#13450,.T.);
#13452=CARTESIAN_POINT('',(16.88428,-12.26715,5.71429));
#13453=DIRECTION('',(0.74086,-0.63276,-0.22526));
#13454=DIRECTION('',(0.18278,-0.1328,0.97414));
#13455=AXIS2_PLACEMENT_3D('',#13452,#13453,#13454);
#13456=PLANE('',#13455);
#13457=ADVANCED_FACE('',(#13451),#13456,.T.);
#13458=CARTESIAN_POINT('',(18.19109,-13.2166,11.42857));
#13459=VERTEX_POINT('',#13458);
#13460=DIRECTION('',(0.2559,-0.18592,0.94865));
#13461=VECTOR('',#13460,3.01178);
#13462=LINE('',#13436,#13461);
#13463=EDGE_CURVE('',#13437,#13459,#13462,.T.);
#13464=ORIENTED_EDGE('',*,*,#13463,.T.);
#13465=DIRECTION('',(0.64945,0.76041,0.));
#13466=VECTOR('',#13465,3.52837);
#13467=LINE('',#13084,#13466);
#13468=EDGE_CURVE('',#13085,#13459,#13467,.T.);
#13469=ORIENTED_EDGE('',*,*,#13468,.F.);
#13470=ORIENTED_EDGE('',*,*,#13089,.F.);
#13471=ORIENTED_EDGE('',*,*,#13446,.T.);
#13472=EDGE_LOOP('',(#13464,#13469,#13470,#13471));
#13473=FACE_OUTER_BOUND('',#13472,.T.);
#13474=CARTESIAN_POINT('',(17.42036,-12.65663,8.57143));
#13475=DIRECTION('',(0.72158,-0.61629,-0.31544));
#13476=DIRECTION('',(0.2559,-0.18592,0.94865));
#13477=AXIS2_PLACEMENT_3D('',#13474,#13475,#13476);
#13478=PLANE('',#13477);
#13479=ADVANCED_FACE('',(#13473),#13478,.T.);
#13480=CARTESIAN_POINT('',(19.22019,-13.96429,14.28571));
#13481=VERTEX_POINT('',#13480);
#13482=DIRECTION('',(0.32905,-0.23907,0.91355));
#13483=VECTOR('',#13482,3.12752);
#13484=LINE('',#13458,#13483);
#13485=EDGE_CURVE('',#13459,#13481,#13484,.T.);
#13486=ORIENTED_EDGE('',*,*,#13485,.T.);
#13487=DIRECTION('',(0.64945,0.76041,0.));
#13488=VECTOR('',#13487,3.72798);
#13489=LINE('',#13106,#13488);
#13490=EDGE_CURVE('',#13107,#13481,#13489,.T.);
#13491=ORIENTED_EDGE('',*,*,#13490,.F.);
#13492=ORIENTED_EDGE('',*,*,#13111,.F.);
#13493=ORIENTED_EDGE('',*,*,#13468,.T.);
#13494=EDGE_LOOP('',(#13486,#13491,#13492,#13493));
#13495=FACE_OUTER_BOUND('',#13494,.T.);
#13496=CARTESIAN_POINT('',(18.19109,-13.2166,11.42857));
#13497=DIRECTION('',(0.69502,-0.59361,-0.40568));
#13498=DIRECTION('',(0.32905,-0.23907,0.91355));
#13499=AXIS2_PLACEMENT_3D('',#13496,#13497,#13498);
#13500=PLANE('',#13499);
#13501=ADVANCED_FACE('',(#13495),#13500,.T.);
#13502=CARTESIAN_POINT('',(20.5447,-14.9266,17.14286));
#13503=VERTEX_POINT('',#13502);
#13504=DIRECTION('',(0.40222,-0.29223,0.86765));
#13505=VECTOR('',#13504,3.29297);
#13506=LINE('',#13480,#13505);
#13507=EDGE_CURVE('',#13481,#13503,#13506,.T.);
#13508=ORIENTED_EDGE('',*,*,#13507,.T.);
#13509=DIRECTION('',(0.64945,0.76041,0.));
#13510=VECTOR('',#13509,3.98488);
#13511=LINE('',#13128,#13510);
#13512=EDGE_CURVE('',#13129,#13503,#13511,.T.);
#13513=ORIENTED_EDGE('',*,*,#13512,.F.);
#13514=ORIENTED_EDGE('',*,*,#13133,.F.);
#13515=ORIENTED_EDGE('',*,*,#13490,.T.);
#13516=EDGE_LOOP('',(#13508,#13513,#13514,#13515));
#13517=FACE_OUTER_BOUND('',#13516,.T.);
#13518=CARTESIAN_POINT('',(19.22019,-13.96429,14.28571));
#13519=DIRECTION('',(0.66027,-0.56392,-0.49602));
#13520=DIRECTION('',(0.40222,-0.29223,0.86765));
#13521=AXIS2_PLACEMENT_3D('',#13518,#13519,#13520);
#13522=PLANE('',#13521);
#13523=ADVANCED_FACE('',(#13517),#13522,.T.);
#13524=CARTESIAN_POINT('',(22.22367,-16.14644,20.));
#13525=VERTEX_POINT('',#13524);
#13526=DIRECTION('',(0.47545,-0.34544,0.80909));
#13527=VECTOR('',#13526,3.53132);
#13528=LINE('',#13502,#13527);
#13529=EDGE_CURVE('',#13503,#13525,#13528,.T.);
#13530=ORIENTED_EDGE('',*,*,#13529,.T.);
#13531=DIRECTION('',(0.64945,0.76041,0.));
#13532=VECTOR('',#13531,4.31054);
#13533=LINE('',#13150,#13532);
#13534=EDGE_CURVE('',#13151,#13525,#13533,.T.);
#13535=ORIENTED_EDGE('',*,*,#13534,.F.);
#13536=ORIENTED_EDGE('',*,*,#13155,.F.);
#13537=ORIENTED_EDGE('',*,*,#13512,.T.);
#13538=EDGE_LOOP('',(#13530,#13535,#13536,#13537));
#13539=FACE_OUTER_BOUND('',#13538,.T.);
#13540=CARTESIAN_POINT('',(20.5447,-14.9266,17.14286));
#13541=DIRECTION('',(0.61589,-0.52602,-0.5865));
#13542=DIRECTION('',(0.47545,-0.34544,0.80909));
#13543=AXIS2_PLACEMENT_3D('',#13540,#13541,#13542);
#13544=PLANE('',#13543);
#13545=ADVANCED_FACE('',(#13539),#13544,.T.);
#13546=CARTESIAN_POINT('',(4.44959,-3.23282,20.));
#13547=VERTEX_POINT('',#13546);
#13548=DIRECTION('',(-0.80902,0.58779,0.));
#13549=VECTOR('',#13548,21.96997);
#13550=LINE('',#13524,#13549);
#13551=EDGE_CURVE('',#13525,#13547,#13550,.T.);
#13552=ORIENTED_EDGE('',*,*,#13551,.T.);
#13553=DIRECTION('',(0.64945,0.76041,0.));
#13554=VECTOR('',#13553,0.86305);
#13555=LINE('',#13172,#13554);
#13556=EDGE_CURVE('',#13173,#13547,#13555,.T.);
#13557=ORIENTED_EDGE('',*,*,#13556,.F.);
#13558=ORIENTED_EDGE('',*,*,#13177,.F.);
#13559=ORIENTED_EDGE('',*,*,#13534,.T.);
#13560=EDGE_LOOP('',(#13552,#13557,#13558,#13559));
#13561=FACE_OUTER_BOUND('',#13560,.T.);
#13562=CARTESIAN_POINT('',(22.22367,-16.14644,20.));
#13563=DIRECTION('',(0.,0.,1.));
#13564=DIRECTION('',(-0.80902,0.58779,0.));
#13565=AXIS2_PLACEMENT_3D('',#13562,#13563,#13564);
#13566=PLANE('',#13565);
#13567=ADVANCED_FACE('',(#13561),#13566,.T.);
#13568=DIRECTION('',(0.,0.,1.));
#13569=VECTOR('',#13568,40.);
#13570=LINE('',#13210,#13569);
#13571=EDGE_CURVE('',#13211,#13547,#13570,.T.);
#13572=ORIENTED_EDGE('',*,*,#13571,.F.);
#13573=ORIENTED_EDGE('',*,*,#13228,.F.);
#13574=ORIENTED_EDGE('',*,*,#13197,.T.);
#13575=ORIENTED_EDGE('',*,*,#13556,.T.);
#13576=EDGE_LOOP('',(#13572,#13573,#13574,#13575));
#13577=FACE_OUTER_BOUND('',#13576,.T.);
#13578=CARTESIAN_POINT('',(4.44959,-3.23282,20.));
#13579=DIRECTION('',(-0.76041,0.64945,0.));
#13580=DIRECTION('',(0.,0.,-1.));
#13581=AXIS2_PLACEMENT_3D('',#13578,#13579,#13580);
#13582=PLANE('',#13581);
#13583=ADVANCED_FACE('',(#13577),#13582,.T.);
#13584=CARTESIAN_POINT('',(4.90054,-2.49695,-20.));
#13585=VERTEX_POINT('',#13584);
#13586=CARTESIAN_POINT('',(24.47592,-12.4711,-20.));
#13587=VERTEX_POINT('',#13586);
#13588=DIRECTION('',(0.89101,-0.45399,0.));
#13589=VECTOR('',#13588,21.96997);
#13590=LINE('',#13584,#13589);
#13591=EDGE_CURVE('',#13585,#13587,#13590,.T.);
#13592=ORIENTED_EDGE('',*,*,#13591,.T.);
#13593=DIRECTION('',(0.5225,0.85264,0.));
#13594=VECTOR('',#13593,4.31054);
#13595=LINE('',#13212,#13594);
#13596=EDGE_CURVE('',#13213,#13587,#13595,.T.);
#13597=ORIENTED_EDGE('',*,*,#13596,.F.);
#13598=ORIENTED_EDGE('',*,*,#13217,.F.);
#13599=DIRECTION('',(0.5225,0.85264,0.));
#13600=VECTOR('',#13599,0.86305);
#13601=LINE('',#13210,#13600);
#13602=EDGE_CURVE('',#13211,#13585,#13601,.T.);
#13603=ORIENTED_EDGE('',*,*,#13602,.T.);
#13604=EDGE_LOOP('',(#13592,#13597,#13598,#13603));
#13605=FACE_OUTER_BOUND('',#13604,.T.);
#13606=CARTESIAN_POINT('',(4.90054,-2.49695,-20.));
#13607=DIRECTION('',(0.,0.,-1.));
#13608=DIRECTION('',(0.89101,-0.45399,0.));
#13609=AXIS2_PLACEMENT_3D('',#13606,#13607,#13608);
#13610=PLANE('',#13609);
#13611=ADVANCED_FACE('',(#13605),#13610,.T.);
#13612=CARTESIAN_POINT('',(22.62679,-11.52893,-17.14286));
#13613=VERTEX_POINT('',#13612);
#13614=DIRECTION('',(-0.52364,0.26681,0.80909));
#13615=VECTOR('',#13614,3.53132);
#13616=LINE('',#13586,#13615);
#13617=EDGE_CURVE('',#13587,#13613,#13616,.T.);
#13618=ORIENTED_EDGE('',*,*,#13617,.T.);
#13619=DIRECTION('',(0.5225,0.85264,0.));
#13620=VECTOR('',#13619,3.98488);
#13621=LINE('',#13238,#13620);
#13622=EDGE_CURVE('',#13239,#13613,#13621,.T.);
#13623=ORIENTED_EDGE('',*,*,#13622,.F.);
#13624=ORIENTED_EDGE('',*,*,#13243,.F.);
#13625=ORIENTED_EDGE('',*,*,#13596,.T.);
#13626=EDGE_LOOP('',(#13618,#13623,#13624,#13625));
#13627=FACE_OUTER_BOUND('',#13626,.T.);
#13628=CARTESIAN_POINT('',(24.47592,-12.4711,-20.));
#13629=DIRECTION('',(0.69059,-0.4232,0.5865));
#13630=DIRECTION('',(-0.52364,0.26681,0.80909));
#13631=AXIS2_PLACEMENT_3D('',#13628,#13629,#13630);
#13632=PLANE('',#13631);
#13633=ADVANCED_FACE('',(#13627),#13632,.T.);
#13634=CARTESIAN_POINT('',(21.16805,-10.78566,-14.28571));
#13635=VERTEX_POINT('',#13634);
#13636=DIRECTION('',(-0.44299,0.22571,0.86765));
#13637=VECTOR('',#13636,3.29297);
#13638=LINE('',#13612,#13637);
#13639=EDGE_CURVE('',#13613,#13635,#13638,.T.);
#13640=ORIENTED_EDGE('',*,*,#13639,.T.);
#13641=DIRECTION('',(0.5225,0.85264,0.));
#13642=VECTOR('',#13641,3.72798);
#13643=LINE('',#13260,#13642);
#13644=EDGE_CURVE('',#13261,#13635,#13643,.T.);
#13645=ORIENTED_EDGE('',*,*,#13644,.F.);
#13646=ORIENTED_EDGE('',*,*,#13265,.F.);
#13647=ORIENTED_EDGE('',*,*,#13622,.T.);
#13648=EDGE_LOOP('',(#13640,#13645,#13646,#13647));
#13649=FACE_OUTER_BOUND('',#13648,.T.);
#13650=CARTESIAN_POINT('',(22.62679,-11.52893,-17.14286));
#13651=DIRECTION('',(0.74036,-0.45369,0.49602));
#13652=DIRECTION('',(-0.44299,0.22571,0.86765));
#13653=AXIS2_PLACEMENT_3D('',#13650,#13651,#13652);
#13654=PLANE('',#13653);
#13655=ADVANCED_FACE('',(#13649),#13654,.T.);
#13656=CARTESIAN_POINT('',(20.03466,-10.20817,-11.42857));
#13657=VERTEX_POINT('',#13656);
#13658=DIRECTION('',(-0.3624,0.18465,0.91355));
#13659=VECTOR('',#13658,3.12752);
#13660=LINE('',#13634,#13659);
#13661=EDGE_CURVE('',#13635,#13657,#13660,.T.);
#13662=ORIENTED_EDGE('',*,*,#13661,.T.);
#13663=DIRECTION('',(0.5225,0.85264,0.));
#13664=VECTOR('',#13663,3.52837);
#13665=LINE('',#13282,#13664);
#13666=EDGE_CURVE('',#13283,#13657,#13665,.T.);
#13667=ORIENTED_EDGE('',*,*,#13666,.F.);
#13668=ORIENTED_EDGE('',*,*,#13287,.F.);
#13669=ORIENTED_EDGE('',*,*,#13644,.T.);
#13670=EDGE_LOOP('',(#13662,#13667,#13668,#13669));
#13671=FACE_OUTER_BOUND('',#13670,.T.);
#13672=CARTESIAN_POINT('',(21.16805,-10.78566,-14.28571));
#13673=DIRECTION('',(0.77933,-0.47757,0.40568));
#13674=DIRECTION('',(-0.3624,0.18465,0.91355));
#13675=AXIS2_PLACEMENT_3D('',#13672,#13673,#13674);
#13676=PLANE('',#13675);
#13677=ADVANCED_FACE('',(#13671),#13676,.T.);
#13678=CARTESIAN_POINT('',(19.18582,-9.77567,-8.57143));
#13679=VERTEX_POINT('',#13678);
#13680=DIRECTION('',(-0.28184,0.1436,0.94865));
#13681=VECTOR('',#13680,3.01178);
#13682=LINE('',#13656,#13681);
#13683=EDGE_CURVE('',#13657,#13679,#13682,.T.);
#13684=ORIENTED_EDGE('',*,*,#13683,.T.);
#13685=DIRECTION('',(0.5225,0.85264,0.));
#13686=VECTOR('',#13685,3.37888);
#13687=LINE('',#13304,#13686);
#13688=EDGE_CURVE('',#13305,#13679,#13687,.T.);
#13689=ORIENTED_EDGE('',*,*,#13688,.F.);
#13690=ORIENTED_EDGE('',*,*,#13309,.F.);
#13691=ORIENTED_EDGE('',*,*,#13666,.T.);
#13692=EDGE_LOOP('',(#13684,#13689,#13690,#13691));
#13693=FACE_OUTER_BOUND('',#13692,.T.);
#13694=CARTESIAN_POINT('',(20.03466,-10.20817,-11.42857));
#13695=DIRECTION('',(0.80911,-0.49582,0.31544));
#13696=DIRECTION('',(-0.28184,0.1436,0.94865));
#13697=AXIS2_PLACEMENT_3D('',#13694,#13695,#13696);
#13698=PLANE('',#13697);
#13699=ADVANCED_FACE('',(#13693),#13698,.T.);
#13700=CARTESIAN_POINT('',(18.59541,-9.47484,-5.71429));
#13701=VERTEX_POINT('',#13700);
#13702=DIRECTION('',(-0.2013,0.10257,0.97414));
#13703=VECTOR('',#13702,2.93298);
#13704=LINE('',#13678,#13703);
#13705=EDGE_CURVE('',#13679,#13701,#13704,.T.);
#13706=ORIENTED_EDGE('',*,*,#13705,.T.);
#13707=DIRECTION('',(0.5225,0.85264,0.));
#13708=VECTOR('',#13707,3.2749);
#13709=LINE('',#13326,#13708);
#13710=EDGE_CURVE('',#13327,#13701,#13709,.T.);
#13711=ORIENTED_EDGE('',*,*,#13710,.F.);
#13712=ORIENTED_EDGE('',*,*,#13331,.F.);
#13713=ORIENTED_EDGE('',*,*,#13688,.T.);
#13714=EDGE_LOOP('',(#13706,#13711,#13712,#13713));
#13715=FACE_OUTER_BOUND('',#13714,.T.);
#13716=CARTESIAN_POINT('',(19.18582,-9.77567,-8.57143));
#13717=DIRECTION('',(0.83073,-0.50907,0.22526));
#13718=DIRECTION('',(-0.2013,0.10257,0.97414));
#13719=AXIS2_PLACEMENT_3D('',#13716,#13717,#13718);
#13720=PLANE('',#13719);
#13721=ADVANCED_FACE('',(#13715),#13720,.T.);
#13722=CARTESIAN_POINT('',(18.24712,-9.29737,-2.85714));
#13723=VERTEX_POINT('',#13722);
#13724=DIRECTION('',(-0.12078,0.06154,0.99077));
#13725=VECTOR('',#13724,2.88376);
#13726=LINE('',#13700,#13725);
#13727=EDGE_CURVE('',#13701,#13723,#13726,.T.);
#13728=ORIENTED_EDGE('',*,*,#13727,.T.);
#13729=DIRECTION('',(0.5225,0.85264,0.));
#13730=VECTOR('',#13729,3.21356);
#13731=LINE('',#13348,#13730);
#13732=EDGE_CURVE('',#13349,#13723,#13731,.T.);
#13733=ORIENTED_EDGE('',*,*,#13732,.F.);
#13734=ORIENTED_EDGE('',*,*,#13353,.F.);
#13735=ORIENTED_EDGE('',*,*,#13710,.T.);
#13736=EDGE_LOOP('',(#13728,#13733,#13734,#13735));
#13737=FACE_OUTER_BOUND('',#13736,.T.);
#13738=CARTESIAN_POINT('',(18.59541,-9.47484,-5.71429));
#13739=DIRECTION('',(0.84482,-0.51771,0.13514));
#13740=DIRECTION('',(-0.12078,0.06154,0.99077));
#13741=AXIS2_PLACEMENT_3D('',#13738,#13739,#13740);
#13742=PLANE('',#13741);
#13743=ADVANCED_FACE('',(#13737),#13742,.T.);
#13744=CARTESIAN_POINT('',(18.13198,-9.23871,0.));
#13745=VERTEX_POINT('',#13744);
#13746=DIRECTION('',(-0.04026,0.02051,0.99898));
#13747=VECTOR('',#13746,2.86006);
#13748=LINE('',#13722,#13747);
#13749=EDGE_CURVE('',#13723,#13745,#13748,.T.);
#13750=ORIENTED_EDGE('',*,*,#13749,.T.);
#13751=DIRECTION('',(0.5225,0.85264,0.));
#13752=VECTOR('',#13751,3.19329);
#13753=LINE('',#13370,#13752);
#13754=EDGE_CURVE('',#13371,#13745,#13753,.T.);
#13755=ORIENTED_EDGE('',*,*,#13754,.F.);
#13756=ORIENTED_EDGE('',*,*,#13375,.F.);
#13757=ORIENTED_EDGE('',*,*,#13732,.T.);
#13758=EDGE_LOOP('',(#13750,#13755,#13756,#13757));
#13759=FACE_OUTER_BOUND('',#13758,.T.);
#13760=CARTESIAN_POINT('',(18.24712,-9.29737,-2.85714));
#13761=DIRECTION('',(0.85177,-0.52197,0.04504));
#13762=DIRECTION('',(-0.04026,0.02051,0.99898));
#13763=AXIS2_PLACEMENT_3D('',#13760,#13761,#13762);
#13764=PLANE('',#13763);
#13765=ADVANCED_FACE('',(#13759),#13764,.T.);
#13766=CARTESIAN_POINT('',(18.24712,-9.29737,2.85714));
#13767=VERTEX_POINT('',#13766);
#13768=DIRECTION('',(0.04026,-0.02051,0.99898));
#13769=VECTOR('',#13768,2.86006);
#13770=LINE('',#13744,#13769);
#13771=EDGE_CURVE('',#13745,#13767,#13770,.T.);
#13772=ORIENTED_EDGE('',*,*,#13771,.T.);
#13773=DIRECTION('',(0.5225,0.85264,0.));
#13774=VECTOR('',#13773,3.21356);
#13775=LINE('',#13392,#13774);
#13776=EDGE_CURVE('',#13393,#13767,#13775,.T.);
#13777=ORIENTED_EDGE('',*,*,#13776,.F.);
#13778=ORIENTED_EDGE('',*,*,#13397,.F.);
#13779=ORIENTED_EDGE('',*,*,#13754,.T.);
#13780=EDGE_LOOP('',(#13772,#13777,#13778,#13779));
#13781=FACE_OUTER_BOUND('',#13780,.T.);
#13782=CARTESIAN_POINT('',(18.13198,-9.23871,0.));
#13783=DIRECTION('',(0.85177,-0.52197,-0.04504));
#13784=DIRECTION('',(0.04026,-0.02051,0.99898));
#13785=AXIS2_PLACEMENT_3D('',#13782,#13783,#13784);
#13786=PLANE('',#13785);
#13787=ADVANCED_FACE('',(#13781),#13786,.T.);
#13788=CARTESIAN_POINT('',(18.59541,-9.47484,5.71429));
#13789=VERTEX_POINT('',#13788);
#13790=DIRECTION('',(0.12078,-0.06154,0.99077));
#13791=VECTOR('',#13790,2.88376);
#13792=LINE('',#13766,#13791);
#13793=EDGE_CURVE('',#13767,#13789,#13792,.T.);
#13794=ORIENTED_EDGE('',*,*,#13793,.T.);
#13795=DIRECTION('',(0.5225,0.85264,0.));
#13796=VECTOR('',#13795,3.2749);
#13797=LINE('',#13414,#13796);
#13798=EDGE_CURVE('',#13415,#13789,#13797,.T.);
#13799=ORIENTED_EDGE('',*,*,#13798,.F.);
#13800=ORIENTED_EDGE('',*,*,#13419,.F.);
#13801=ORIENTED_EDGE('',*,*,#13776,.T.);
#13802=EDGE_LOOP('',(#13794,#13799,#13800,#13801));
#13803=FACE_OUTER_BOUND('',#13802,.T.);
#13804=CARTESIAN_POINT('',(18.24712,-9.29737,2.85714));
#13805=DIRECTION('',(0.84482,-0.51771,-0.13514));
#13806=DIRECTION('',(0.12078,-0.06154,0.99077));
#13807=AXIS2_PLACEMENT_3D('',#13804,#13805,#13806);
#13808=PLANE('',#13807);
#13809=ADVANCED_FACE('',(#13803),#13808,.T.);
#13810=CARTESIAN_POINT('',(19.18582,-9.77567,8.57143));
#13811=VERTEX_POINT('',#13810);
#13812=DIRECTION('',(0.2013,-0.10257,0.97414));
#13813=VECTOR('',#13812,2.93298);
#13814=LINE('',#13788,#13813);
#13815=EDGE_CURVE('',#13789,#13811,#13814,.T.);
#13816=ORIENTED_EDGE('',*,*,#13815,.T.);
#13817=DIRECTION('',(0.5225,0.85264,0.));
#13818=VECTOR('',#13817,3.37888);
#13819=LINE('',#13436,#13818);
#13820=EDGE_CURVE('',#13437,#13811,#13819,.T.);
#13821=ORIENTED_EDGE('',*,*,#13820,.F.);
#13822=ORIENTED_EDGE('',*,*,#13441,.F.);
#13823=ORIENTED_EDGE('',*,*,#13798,.T.);
#13824=EDGE_LOOP('',(#13816,#13821,#13822,#13823));
#13825=FACE_OUTER_BOUND('',#13824,.T.);
#13826=CARTESIAN_POINT('',(18.59541,-9.47484,5.71429));
#13827=DIRECTION('',(0.83073,-0.50907,-0.22526));
#13828=DIRECTION('',(0.2013,-0.10257,0.97414));
#13829=AXIS2_PLACEMENT_3D('',#13826,#13827,#13828);
#13830=PLANE('',#13829);
#13831=ADVANCED_FACE('',(#13825),#13830,.T.);
#13832=CARTESIAN_POINT('',(20.03466,-10.20817,11.42857));
#13833=VERTEX_POINT('',#13832);
#13834=DIRECTION('',(0.28184,-0.1436,0.94865));
#13835=VECTOR('',#13834,3.01178);
#13836=LINE('',#13810,#13835);
#13837=EDGE_CURVE('',#13811,#13833,#13836,.T.);
#13838=ORIENTED_EDGE('',*,*,#13837,.T.);
#13839=DIRECTION('',(0.5225,0.85264,0.));
#13840=VECTOR('',#13839,3.52837);
#13841=LINE('',#13458,#13840);
#13842=EDGE_CURVE('',#13459,#13833,#13841,.T.);
#13843=ORIENTED_EDGE('',*,*,#13842,.F.);
#13844=ORIENTED_EDGE('',*,*,#13463,.F.);
#13845=ORIENTED_EDGE('',*,*,#13820,.T.);
#13846=EDGE_LOOP('',(#13838,#13843,#13844,#13845));
#13847=FACE_OUTER_BOUND('',#13846,.T.);
#13848=CARTESIAN_POINT('',(19.18582,-9.77567,8.57143));
#13849=DIRECTION('',(0.80911,-0.49582,-0.31544));
#13850=DIRECTION('',(0.28184,-0.1436,0.94865));
#13851=AXIS2_PLACEMENT_3D('',#13848,#13849,#13850);
#13852=PLANE('',#13851);
#13853=ADVANCED_FACE('',(#13847),#13852,.T.);
#13854=CARTESIAN_POINT('',(21.16805,-10.78566,14.28571));
#13855=VERTEX_POINT('',#13854);
#13856=DIRECTION('',(0.3624,-0.18465,0.91355));
#13857=VECTOR('',#13856,3.12752);
#13858=LINE('',#13832,#13857);
#13859=EDGE_CURVE('',#13833,#13855,#13858,.T.);
#13860=ORIENTED_EDGE('',*,*,#13859,.T.);
#13861=DIRECTION('',(0.5225,0.85264,0.));
#13862=VECTOR('',#13861,3.72798);
#13863=LINE('',#13480,#13862);
#13864=EDGE_CURVE('',#13481,#13855,#13863,.T.);
#13865=ORIENTED_EDGE('',*,*,#13864,.F.);
#13866=ORIENTED_EDGE('',*,*,#13485,.F.);
#13867=ORIENTED_EDGE('',*,*,#13842,.T.);
#13868=EDGE_LOOP('',(#13860,#13865,#13866,#13867));
#13869=FACE_OUTER_BOUND('',#13868,.T.);
#13870=CARTESIAN_POINT('',(20.03466,-10.20817,11.42857));
#13871=DIRECTION('',(0.77933,-0.47757,-0.40568));
#13872=DIRECTION('',(0.3624,-0.18465,0.91355));
#13873=AXIS2_PLACEMENT_3D('',#13870,#13871,#13872);
#13874=PLANE('',#13873);
#13875=ADVANCED_FACE('',(#13869),#13874,.T.);
#13876=CARTESIAN_POINT('',(22.62679,-11.52893,17.14286));
#13877=VERTEX_POINT('',#13876);
#13878=DIRECTION('',(0.44299,-0.22571,0.86765));
#13879=VECTOR('',#13878,3.29297);
#13880=LINE('',#13854,#13879);
#13881=EDGE_CURVE('',#13855,#13877,#13880,.T.);
#13882=ORIENTED_EDGE('',*,*,#13881,.T.);
#13883=DIRECTION('',(0.5225,0.85264,0.));
#13884=VECTOR('',#13883,3.98488);
#13885=LINE('',#13502,#13884);
#13886=EDGE_CURVE('',#13503,#13877,#13885,.T.);
#13887=ORIENTED_EDGE('',*,*,#13886,.F.);
#13888=ORIENTED_EDGE('',*,*,#13507,.F.);
#13889=ORIENTED_EDGE('',*,*,#13864,.T.);
#13890=EDGE_LOOP('',(#13882,#13887,#13888,#13889));
#13891=FACE_OUTER_BOUND('',#13890,.T.);
#13892=CARTESIAN_POINT('',(21.16805,-10.78566,14.28571));
#13893=DIRECTION('',(0.74036,-0.45369,-0.49602));
#13894=DIRECTION('',(0.44299,-0.22571,0.86765));
#13895=AXIS2_PLACEMENT_3D('',#13892,#13893,#13894);
#13896=PLANE('',#13895);
#13897=ADVANCED_FACE('',(#13891),#13896,.T.);
#13898=CARTESIAN_POINT('',(24.47592,-12.4711,20.));
#13899=VERTEX_POINT('',#13898);
#13900=DIRECTION('',(0.52364,-0.26681,0.80909));
#13901=VECTOR('',#13900,3.53132);
#13902=LINE('',#13876,#13901);
#13903=EDGE_CURVE('',#13877,#13899,#13902,.T.);
#13904=ORIENTED_EDGE('',*,*,#13903,.T.);
#13905=DIRECTION('',(0.5225,0.85264,0.));
#13906=VECTOR('',#13905,4.31054);
#13907=LINE('',#13524,#13906);
#13908=EDGE_CURVE('',#13525,#13899,#13907,.T.);
#13909=ORIENTED_EDGE('',*,*,#13908,.F.);
#13910=ORIENTED_EDGE('',*,*,#13529,.F.);
#13911=ORIENTED_EDGE('',*,*,#13886,.T.);
#13912=EDGE_LOOP('',(#13904,#13909,#13910,#13911));
#13913=FACE_OUTER_BOUND('',#13912,.T.);
#13914=CARTESIAN_POINT('',(22.62679,-11.52893,17.14286));
#13915=DIRECTION('',(0.69059,-0.4232,-0.5865));
#13916=DIRECTION('',(0.52364,-0.26681,0.80909));
#13917=AXIS2_PLACEMENT_3D('',#13914,#13915,#13916);
#13918=PLANE('',#13917);
#13919=ADVANCED_FACE('',(#13913),#13918,.T.);
#13920=CARTESIAN_POINT('',(4.90054,-2.49695,20.));
#13921=VERTEX_POINT('',#13920);
#13922=DIRECTION('',(-0.89101,0.45399,0.));
#13923=VECTOR('',#13922,21.96997);
#13924=LINE('',#13898,#13923);
#13925=EDGE_CURVE('',#13899,#13921,#13924,.T.);
#13926=ORIENTED_EDGE('',*,*,#13925,.T.);
#13927=DIRECTION('',(0.5225,0.85264,0.));
#13928=VECTOR('',#13927,0.86305);
#13929=LINE('',#13546,#13928);
#13930=EDGE_CURVE('',#13547,#13921,#13929,.T.);
#13931=ORIENTED_EDGE('',*,*,#13930,.F.);
#13932=ORIENTED_EDGE('',*,*,#13551,.F.);
#13933=ORIENTED_EDGE('',*,*,#13908,.T.);
#13934=EDGE_LOOP('',(#13926,#13931,#13932,#13933));
#13935=FACE_OUTER_BOUND('',#13934,.T.);
#13936=CARTESIAN_POINT('',(24.47592,-12.4711,20.));
#13937=DIRECTION('',(0.,0.,1.));
#13938=DIRECTION('',(-0.89101,0.45399,0.));
#13939=AXIS2_PLACEMENT_3D('',#13936,#13937,#13938);
#13940=PLANE('',#13939);
#13941=ADVANCED_FACE('',(#13935),#13940,.T.);
#13942=DIRECTION('',(0.,0.,1.));
#13943=VECTOR('',#13942,40.);
#13944=LINE('',#13584,#13943);
#13945=EDGE_CURVE('',#13585,#13921,#13944,.T.);
#13946=ORIENTED_EDGE('',*,*,#13945,.F.);
#13947=ORIENTED_EDGE('',*,*,#13602,.F.);
#13948=ORIENTED_EDGE('',*,*,#13571,.T.);
#13949=ORIENTED_EDGE('',*,*,#13930,.T.);
#13950=EDGE_LOOP('',(#13946,#13947,#13948,#13949));
#13951=FACE_OUTER_BOUND('',#13950,.T.);
#13952=CARTESIAN_POINT('',(4.90054,-2.49695,20.));
#13953=DIRECTION('',(-0.85264,0.5225,0.));
#13954=DIRECTION('',(0.,0.,-1.));
#13955=AXIS2_PLACEMENT_3D('',#13952,#13953,#13954);
#13956=PLANE('',#13955);
#13957=ADVANCED_FACE('',(#13951),#13956,.T.);
#13958=CARTESIAN_POINT('',(5.23081,-1.69959,-20.));
#13959=VERTEX_POINT('',#13958);
#13960=CARTESIAN_POINT('',(26.12549,-8.48869,-20.));
#13961=VERTEX_POINT('',#13960);
#13962=DIRECTION('',(0.95106,-0.30902,0.));
#13963=VECTOR('',#13962,21.96997);
#13964=LINE('',#13958,#13963);
#13965=EDGE_CURVE('',#13959,#13961,#13964,.T.);
#13966=ORIENTED_EDGE('',*,*,#13965,.T.);
#13967=DIRECTION('',(0.38268,0.92388,0.));
#13968=VECTOR('',#13967,4.31054);
#13969=LINE('',#13586,#13968);
#13970=EDGE_CURVE('',#13587,#13961,#13969,.T.);
#13971=ORIENTED_EDGE('',*,*,#13970,.F.);
#13972=ORIENTED_EDGE('',*,*,#13591,.F.);
#13973=DIRECTION('',(0.38268,0.92388,0.));
#13974=VECTOR('',#13973,0.86305);
#13975=LINE('',#13584,#13974);
#13976=EDGE_CURVE('',#13585,#13959,#13975,.T.);
#13977=ORIENTED_EDGE('',*,*,#13976,.T.);
#13978=EDGE_LOOP('',(#13966,#13971,#13972,#13977));
#13979=FACE_OUTER_BOUND('',#13978,.T.);
#13980=CARTESIAN_POINT('',(5.23081,-1.69959,-20.));
#13981=DIRECTION('',(0.,0.,-1.));
#13982=DIRECTION('',(0.95106,-0.30902,0.));
#13983=AXIS2_PLACEMENT_3D('',#13980,#13981,#13982);
#13984=PLANE('',#13983);
#13985=ADVANCED_FACE('',(#13979),#13984,.T.);
#13986=CARTESIAN_POINT('',(24.15174,-7.84738,-17.14286));
#13987=VERTEX_POINT('',#13986);
#13988=DIRECTION('',(-0.55893,0.18161,0.80909));
#13989=VECTOR('',#13988,3.53132);
#13990=LINE('',#13960,#13989);
#13991=EDGE_CURVE('',#13961,#13987,#13990,.T.);
#13992=ORIENTED_EDGE('',*,*,#13991,.T.);
#13993=DIRECTION('',(0.38268,0.92388,0.));
#13994=VECTOR('',#13993,3.98488);
#13995=LINE('',#13612,#13994);
#13996=EDGE_CURVE('',#13613,#13987,#13995,.T.);
#13997=ORIENTED_EDGE('',*,*,#13996,.F.);
#13998=ORIENTED_EDGE('',*,*,#13617,.F.);
#13999=ORIENTED_EDGE('',*,*,#13970,.T.);
#14000=EDGE_LOOP('',(#13992,#13997,#13998,#13999));
#14001=FACE_OUTER_BOUND('',#14000,.T.);
#14002=CARTESIAN_POINT('',(26.12549,-8.48869,-20.));
#14003=DIRECTION('',(0.74829,-0.30995,0.5865));
#14004=DIRECTION('',(-0.55893,0.18161,0.80909));
#14005=AXIS2_PLACEMENT_3D('',#14002,#14003,#14004);
#14006=PLANE('',#14005);
#14007=ADVANCED_FACE('',(#14001),#14006,.T.);
#14008=CARTESIAN_POINT('',(22.59469,-7.34146,-14.28571));
#14009=VERTEX_POINT('',#14008);
#14010=DIRECTION('',(-0.47284,0.15364,0.86765));
#14011=VECTOR('',#14010,3.29297);
#14012=LINE('',#13986,#14011);
#14013=EDGE_CURVE('',#13987,#14009,#14012,.T.);
#14014=ORIENTED_EDGE('',*,*,#14013,.T.);
#14015=DIRECTION('',(0.38268,0.92388,0.));
#14016=VECTOR('',#14015,3.72798);
#14017=LINE('',#13634,#14016);
#14018=EDGE_CURVE('',#13635,#14009,#14017,.T.);
#14019=ORIENTED_EDGE('',*,*,#14018,.F.);
#14020=ORIENTED_EDGE('',*,*,#13639,.F.);
#14021=ORIENTED_EDGE('',*,*,#13996,.T.);
#14022=EDGE_LOOP('',(#14014,#14019,#14020,#14021));
#14023=FACE_OUTER_BOUND('',#14022,.T.);
#14024=CARTESIAN_POINT('',(24.15174,-7.84738,-17.14286));
#14025=DIRECTION('',(0.80221,-0.33229,0.49602));
#14026=DIRECTION('',(-0.47284,0.15364,0.86765));
#14027=AXIS2_PLACEMENT_3D('',#14024,#14025,#14026);
#14028=PLANE('',#14027);
#14029=ADVANCED_FACE('',(#14023),#14028,.T.);
#14030=CARTESIAN_POINT('',(21.38491,-6.94838,-11.42857));
#14031=VERTEX_POINT('',#14030);
#14032=DIRECTION('',(-0.38682,0.12569,0.91355));
#14033=VECTOR('',#14032,3.12752);
#14034=LINE('',#14008,#14033);
#14035=EDGE_CURVE('',#14009,#14031,#14034,.T.);
#14036=ORIENTED_EDGE('',*,*,#14035,.T.);
#14037=DIRECTION('',(0.38268,0.92388,0.));
#14038=VECTOR('',#14037,3.52837);
#14039=LINE('',#13656,#14038);
#14040=EDGE_CURVE('',#13657,#14031,#14039,.T.);
#14041=ORIENTED_EDGE('',*,*,#14040,.F.);
#14042=ORIENTED_EDGE('',*,*,#13661,.F.);
#14043=ORIENTED_EDGE('',*,*,#14018,.T.);
#14044=EDGE_LOOP('',(#14036,#14041,#14042,#14043));
#14045=FACE_OUTER_BOUND('',#14044,.T.);
#14046=CARTESIAN_POINT('',(22.59469,-7.34146,-14.28571));
#14047=DIRECTION('',(0.84444,-0.34978,0.40568));
#14048=DIRECTION('',(-0.38682,0.12569,0.91355));
#14049=AXIS2_PLACEMENT_3D('',#14046,#14047,#14048);
#14050=PLANE('',#14049);
#14051=ADVANCED_FACE('',(#14045),#14050,.T.);
#14052=CARTESIAN_POINT('',(20.47887,-6.65399,-8.57143));
#14053=VERTEX_POINT('',#14052);
#14054=DIRECTION('',(-0.30083,0.09775,0.94865));
#14055=VECTOR('',#14054,3.01178);
#14056=LINE('',#14030,#14055);
#14057=EDGE_CURVE('',#14031,#14053,#14056,.T.);
#14058=ORIENTED_EDGE('',*,*,#14057,.T.);
#14059=DIRECTION('',(0.38268,0.92388,0.));
#14060=VECTOR('',#14059,3.37888);
#14061=LINE('',#13678,#14060);
#14062=EDGE_CURVE('',#13679,#14053,#14061,.T.);
#14063=ORIENTED_EDGE('',*,*,#14062,.F.);
#14064=ORIENTED_EDGE('',*,*,#13683,.F.);
#14065=ORIENTED_EDGE('',*,*,#14040,.T.);
#14066=EDGE_LOOP('',(#14058,#14063,#14064,#14065));
#14067=FACE_OUTER_BOUND('',#14066,.T.);
#14068=CARTESIAN_POINT('',(21.38491,-6.94838,-11.42857));
#14069=DIRECTION('',(0.87671,-0.36315,0.31544));
#14070=DIRECTION('',(-0.30083,0.09775,0.94865));
#14071=AXIS2_PLACEMENT_3D('',#14068,#14069,#14070);
#14072=PLANE('',#14071);
#14073=ADVANCED_FACE('',(#14067),#14072,.T.);
#14074=CARTESIAN_POINT('',(19.84866,-6.44922,-5.71429));
#14075=VERTEX_POINT('',#14074);
#14076=DIRECTION('',(-0.21487,0.06981,0.97414));
#14077=VECTOR('',#14076,2.93298);
#14078=LINE('',#14052,#14077);
#14079=EDGE_CURVE('',#14053,#14075,#14078,.T.);
#14080=ORIENTED_EDGE('',*,*,#14079,.T.);
#14081=DIRECTION('',(0.38268,0.92388,0.));
#14082=VECTOR('',#14081,3.2749);
#14083=LINE('',#13700,#14082);
#14084=EDGE_CURVE('',#13701,#14075,#14083,.T.);
#14085=ORIENTED_EDGE('',*,*,#14084,.F.);
#14086=ORIENTED_EDGE('',*,*,#13705,.F.);
#14087=ORIENTED_EDGE('',*,*,#14062,.T.);
#14088=EDGE_LOOP('',(#14080,#14085,#14086,#14087));
#14089=FACE_OUTER_BOUND('',#14088,.T.);
#14090=CARTESIAN_POINT('',(20.47887,-6.65399,-8.57143));
#14091=DIRECTION('',(0.90013,-0.37285,0.22526));
#14092=DIRECTION('',(-0.21487,0.06981,0.97414));
#14093=AXIS2_PLACEMENT_3D('',#14090,#14091,#14092);
#14094=PLANE('',#14093);
#14095=ADVANCED_FACE('',(#14089),#14094,.T.);
#14096=CARTESIAN_POINT('',(19.4769,-6.32843,-2.85714));
#14097=VERTEX_POINT('',#14096);
#14098=DIRECTION('',(-0.12892,0.04189,0.99077));
#14099=VECTOR('',#14098,2.88376);
#14100=LINE('',#14074,#14099);
#14101=EDGE_CURVE('',#14075,#14097,#14100,.T.);
#14102=ORIENTED_EDGE('',*,*,#14101,.T.);
#14103=DIRECTION('',(0.38268,0.92388,0.));
#14104=VECTOR('',#14103,3.21356);
#14105=LINE('',#13722,#14104);
#14106=EDGE_CURVE('',#13723,#14097,#14105,.T.);
#14107=ORIENTED_EDGE('',*,*,#14106,.F.);
#14108=ORIENTED_EDGE('',*,*,#13727,.F.);
#14109=ORIENTED_EDGE('',*,*,#14084,.T.);
#14110=EDGE_LOOP('',(#14102,#14107,#14108,#14109));
#14111=FACE_OUTER_BOUND('',#14110,.T.);
#14112=CARTESIAN_POINT('',(19.84866,-6.44922,-5.71429));
#14113=DIRECTION('',(0.9154,-0.37917,0.13514));
#14114=DIRECTION('',(-0.12892,0.04189,0.99077));
#14115=AXIS2_PLACEMENT_3D('',#14112,#14113,#14114);
#14116=PLANE('',#14115);
#14117=ADVANCED_FACE('',(#14111),#14116,.T.);
#14118=CARTESIAN_POINT('',(19.354,-6.2885,0.));
#14119=VERTEX_POINT('',#14118);
#14120=DIRECTION('',(-0.04297,0.01396,0.99898));
#14121=VECTOR('',#14120,2.86006);
#14122=LINE('',#14096,#14121);
#14123=EDGE_CURVE('',#14097,#14119,#14122,.T.);
#14124=ORIENTED_EDGE('',*,*,#14123,.T.);
#14125=DIRECTION('',(0.38268,0.92388,0.));
#14126=VECTOR('',#14125,3.19329);
#14127=LINE('',#13744,#14126);
#14128=EDGE_CURVE('',#13745,#14119,#14127,.T.);
#14129=ORIENTED_EDGE('',*,*,#14128,.F.);
#14130=ORIENTED_EDGE('',*,*,#13749,.F.);
#14131=ORIENTED_EDGE('',*,*,#14106,.T.);
#14132=EDGE_LOOP('',(#14124,#14129,#14130,#14131));
#14133=FACE_OUTER_BOUND('',#14132,.T.);
#14134=CARTESIAN_POINT('',(19.4769,-6.32843,-2.85714));
#14135=DIRECTION('',(0.92294,-0.3823,0.04504));
#14136=DIRECTION('',(-0.04297,0.01396,0.99898));
#14137=AXIS2_PLACEMENT_3D('',#14134,#14135,#14136);
#14138=PLANE('',#14137);
#14139=ADVANCED_FACE('',(#14133),#14138,.T.);
#14140=CARTESIAN_POINT('',(19.4769,-6.32843,2.85714));
#14141=VERTEX_POINT('',#14140);
#14142=DIRECTION('',(0.04297,-0.01396,0.99898));
#14143=VECTOR('',#14142,2.86006);
#14144=LINE('',#14118,#14143);
#14145=EDGE_CURVE('',#14119,#14141,#14144,.T.);
#14146=ORIENTED_EDGE('',*,*,#14145,.T.);
#14147=DIRECTION('',(0.38268,0.92388,0.));
#14148=VECTOR('',#14147,3.21356);
#14149=LINE('',#13766,#14148);
#14150=EDGE_CURVE('',#13767,#14141,#14149,.T.);
#14151=ORIENTED_EDGE('',*,*,#14150,.F.);
#14152=ORIENTED_EDGE('',*,*,#13771,.F.);
#14153=ORIENTED_EDGE('',*,*,#14128,.T.);
#14154=EDGE_LOOP('',(#14146,#14151,#14152,#14153));
#14155=FACE_OUTER_BOUND('',#14154,.T.);
#14156=CARTESIAN_POINT('',(19.354,-6.2885,0.));
#14157=DIRECTION('',(0.92294,-0.3823,-0.04504));
#14158=DIRECTION('',(0.04297,-0.01396,0.99898));
#14159=AXIS2_PLACEMENT_3D('',#14156,#14157,#14158);
#14160=PLANE('',#14159);
#14161=ADVANCED_FACE('',(#14155),#14160,.T.);
#14162=CARTESIAN_POINT('',(19.84866,-6.44922,5.71429));
#14163=VERTEX_POINT('',#14162);
#14164=DIRECTION('',(0.12892,-0.04189,0.99077));
#14165=VECTOR('',#14164,2.88376);
#14166=LINE('',#14140,#14165);
#14167=EDGE_CURVE('',#14141,#14163,#14166,.T.);
#14168=ORIENTED_EDGE('',*,*,#14167,.T.);
#14169=DIRECTION('',(0.38268,0.92388,0.));
#14170=VECTOR('',#14169,3.2749);
#14171=LINE('',#13788,#14170);
#14172=EDGE_CURVE('',#13789,#14163,#14171,.T.);
#14173=ORIENTED_EDGE('',*,*,#14172,.F.);
#14174=ORIENTED_EDGE('',*,*,#13793,.F.);
#14175=ORIENTED_EDGE('',*,*,#14150,.T.);
#14176=EDGE_LOOP('',(#14168,#14173,#14174,#14175));
#14177=FACE_OUTER_BOUND('',#14176,.T.);
#14178=CARTESIAN_POINT('',(19.4769,-6.32843,2.85714));
#14179=DIRECTION('',(0.9154,-0.37917,-0.13514));
#14180=DIRECTION('',(0.12892,-0.04189,0.99077));
#14181=AXIS2_PLACEMENT_3D('',#14178,#14179,#14180);
#14182=PLANE('',#14181);
#14183=ADVANCED_FACE('',(#14177),#14182,.T.);
#14184=CARTESIAN_POINT('',(20.47887,-6.65399,8.57143));
#14185=VERTEX_POINT('',#14184);
#14186=DIRECTION('',(0.21487,-0.06981,0.97414));
#14187=VECTOR('',#14186,2.93298);
#14188=LINE('',#14162,#14187);
#14189=EDGE_CURVE('',#14163,#14185,#14188,.T.);
#14190=ORIENTED_EDGE('',*,*,#14189,.T.);
#14191=DIRECTION('',(0.38268,0.92388,0.));
#14192=VECTOR('',#14191,3.37888);
#14193=LINE('',#13810,#14192);
#14194=EDGE_CURVE('',#13811,#14185,#14193,.T.);
#14195=ORIENTED_EDGE('',*,*,#14194,.F.);
#14196=ORIENTED_EDGE('',*,*,#13815,.F.);
#14197=ORIENTED_EDGE('',*,*,#14172,.T.);
#14198=EDGE_LOOP('',(#14190,#14195,#14196,#14197));
#14199=FACE_OUTER_BOUND('',#14198,.T.);
#14200=CARTESIAN_POINT('',(19.84866,-6.44922,5.71429));
#14201=DIRECTION('',(0.90013,-0.37285,-0.22526));
#14202=DIRECTION('',(0.21487,-0.06981,0.97414));
#14203=AXIS2_PLACEMENT_3D('',#14200,#14201,#14202);
#14204=PLANE('',#14203);
#14205=ADVANCED_FACE('',(#14199),#14204,.T.);
#14206=CARTESIAN_POINT('',(21.38491,-6.94838,11.42857));
#14207=VERTEX_POINT('',#14206);
#14208=DIRECTION('',(0.30083,-0.09775,0.94865));
#14209=VECTOR('',#14208,3.01178);
#14210=LINE('',#14184,#14209);
#14211=EDGE_CURVE('',#14185,#14207,#14210,.T.);
#14212=ORIENTED_EDGE('',*,*,#14211,.T.);
#14213=DIRECTION('',(0.38268,0.92388,0.));
#14214=VECTOR('',#14213,3.52837);
#14215=LINE('',#13832,#14214);
#14216=EDGE_CURVE('',#13833,#14207,#14215,.T.);
#14217=ORIENTED_EDGE('',*,*,#14216,.F.);
#14218=ORIENTED_EDGE('',*,*,#13837,.F.);
#14219=ORIENTED_EDGE('',*,*,#14194,.T.);
#14220=EDGE_LOOP('',(#14212,#14217,#14218,#14219));
#14221=FACE_OUTER_BOUND('',#14220,.T.);
#14222=CARTESIAN_POINT('',(20.47887,-6.65399,8.57143));
#14223=DIRECTION('',(0.87671,-0.36315,-0.31544));
#14224=DIRECTION('',(0.30083,-0.09775,0.94865));
#14225=AXIS2_PLACEMENT_3D('',#14222,#14223,#14224);
#14226=PLANE('',#14225);
#14227=ADVANCED_FACE('',(#14221),#14226,.T.);
#14228=CARTESIAN_POINT('',(22.59469,-7.34146,14.28571));
#14229=VERTEX_POINT('',#14228);
#14230=DIRECTION('',(0.38682,-0.12569,0.91355));
#14231=VECTOR('',#14230,3.12752);
#14232=LINE('',#14206,#14231);
#14233=EDGE_CURVE('',#14207,#14229,#14232,.T.);
#14234=ORIENTED_EDGE('',*,*,#14233,.T.);
#14235=DIRECTION('',(0.38268,0.92388,0.));
#14236=VECTOR('',#14235,3.72798);
#14237=LINE('',#13854,#14236);
#14238=EDGE_CURVE('',#13855,#14229,#14237,.T.);
#14239=ORIENTED_EDGE('',*,*,#14238,.F.);
#14240=ORIENTED_EDGE('',*,*,#13859,.F.);
#14241=ORIENTED_EDGE('',*,*,#14216,.T.);
#14242=EDGE_LOOP('',(#14234,#14239,#14240,#14241));
#14243=FACE_OUTER_BOUND('',#14242,.T.);
#14244=CARTESIAN_POINT('',(21.38491,-6.94838,11.42857));
#14245=DIRECTION('',(0.84444,-0.34978,-0.40568));
#14246=DIRECTION('',(0.38682,-0.12569,0.91355));
#14247=AXIS2_PLACEMENT_3D('',#14244,#14245,#14246);
#14248=PLANE('',#14247);
#14249=ADVANCED_FACE('',(#14243),#14248,.T.);
#14250=CARTESIAN_POINT('',(24.15174,-7.84738,17.14286));
#14251=VERTEX_POINT('',#14250);
#14252=DIRECTION('',(0.47284,-0.15364,0.86765));
#14253=VECTOR('',#14252,3.29297);
#14254=LINE('',#14228,#14253);
#14255=EDGE_CURVE('',#14229,#14251,#14254,.T.);
#14256=ORIENTED_EDGE('',*,*,#14255,.T.);
#14257=DIRECTION('',(0.38268,0.92388,0.));
#14258=VECTOR('',#14257,3.98488);
#14259=LINE('',#13876,#14258);
#14260=EDGE_CURVE('',#13877,#14251,#14259,.T.);
#14261=ORIENTED_EDGE('',*,*,#14260,.F.);
#14262=ORIENTED_EDGE('',*,*,#13881,.F.);
#14263=ORIENTED_EDGE('',*,*,#14238,.T.);
#14264=EDGE_LOOP('',(#14256,#14261,#14262,#14263));
#14265=FACE_OUTER_BOUND('',#14264,.T.);
#14266=CARTESIAN_POINT('',(22.59469,-7.34146,14.28571));
#14267=DIRECTION('',(0.80221,-0.33229,-0.49602));
#14268=DIRECTION('',(0.47284,-0.15364,0.86765));
#14269=AXIS2_PLACEMENT_3D('',#14266,#14267,#14268);
#14270=PLANE('',#14269);
#14271=ADVANCED_FACE('',(#14265),#14270,.T.);
#14272=CARTESIAN_POINT('',(26.12549,-8.48869,20.));
#14273=VERTEX_POINT('',#14272);
#14274=DIRECTION('',(0.55893,-0.18161,0.80909));
#14275=VECTOR('',#14274,3.53132);
#14276=LINE('',#14250,#14275);
#14277=EDGE_CURVE('',#14251,#14273,#14276,.T.);
#14278=ORIENTED_EDGE('',*,*,#14277,.T.);
#14279=DIRECTION('',(0.38268,0.92388,0.));
#14280=VECTOR('',#14279,4.31054);
#14281=LINE('',#13898,#14280);
#14282=EDGE_CURVE('',#13899,#14273,#14281,.T.);
#14283=ORIENTED_EDGE('',*,*,#14282,.F.);
#14284=ORIENTED_EDGE('',*,*,#13903,.F.);
#14285=ORIENTED_EDGE('',*,*,#14260,.T.);
#14286=EDGE_LOOP('',(#14278,#14283,#14284,#14285));
#14287=FACE_OUTER_BOUND('',#14286,.T.);
#14288=CARTESIAN_POINT('',(24.15174,-7.84738,17.14286));
#14289=DIRECTION('',(0.74829,-0.30995,-0.5865));
#14290=DIRECTION('',(0.55893,-0.18161,0.80909));
#14291=AXIS2_PLACEMENT_3D('',#14288,#14289,#14290);
#14292=PLANE('',#14291);
#14293=ADVANCED_FACE('',(#14287),#14292,.T.);
#14294=CARTESIAN_POINT('',(5.23081,-1.69959,20.));
#14295=VERTEX_POINT('',#14294);
#14296=DIRECTION('',(-0.95106,0.30902,0.));
#14297=VECTOR('',#14296,21.96997);
#14298=LINE('',#14272,#14297);
#14299=EDGE_CURVE('',#14273,#14295,#14298,.T.);
#14300=ORIENTED_EDGE('',*,*,#14299,.T.);
#14301=DIRECTION('',(0.38268,0.92388,0.));
#14302=VECTOR('',#14301,0.86305);
#14303=LINE('',#13920,#14302);
#14304=EDGE_CURVE('',#13921,#14295,#14303,.T.);
#14305=ORIENTED_EDGE('',*,*,#14304,.F.);
#14306=ORIENTED_EDGE('',*,*,#13925,.F.);
#14307=ORIENTED_EDGE('',*,*,#14282,.T.);
#14308=EDGE_LOOP('',(#14300,#14305,#14306,#14307));
#14309=FACE_OUTER_BOUND('',#14308,.T.);
#14310=CARTESIAN_POINT('',(26.12549,-8.48869,20.));
#14311=DIRECTION('',(0.,0.,1.));
#14312=DIRECTION('',(-0.95106,0.30902,0.));
#14313=AXIS2_PLACEMENT_3D('',#14310,#14311,#14312);
#14314=PLANE('',#14313);
#14315=ADVANCED_FACE('',(#14309),#14314,.T.);
#14316=DIRECTION('',(0.,0.,1.));
#14317=VECTOR('',#14316,40.);
#14318=LINE('',#13958,#14317);
#14319=EDGE_CURVE('',#13959,#14295,#14318,.T.);
#14320=ORIENTED_EDGE('',*,*,#14319,.F.);
#14321=ORIENTED_EDGE('',*,*,#13976,.F.);
#14322=ORIENTED_EDGE('',*,*,#13945,.T.);
#14323=ORIENTED_EDGE('',*,*,#14304,.T.);
#14324=EDGE_LOOP('',(#14320,#14321,#14322,#14323));
#14325=FACE_OUTER_BOUND('',#14324,.T.);
#14326=CARTESIAN_POINT('',(5.23081,-1.69959,20.));
#14327=DIRECTION('',(-0.92388,0.38268,0.));
#14328=DIRECTION('',(0.,0.,-1.));
#14329=AXIS2_PLACEMENT_3D('',#14326,#14327,#14328);
#14330=PLANE('',#14329);
#14331=ADVANCED_FACE('',(#14325),#14330,.T.);
#14332=CARTESIAN_POINT('',(5.43229,-0.86039,-20.));
#14333=VERTEX_POINT('',#14332);
#14334=CARTESIAN_POINT('',(27.13177,-4.29725,-20.));
#14335=VERTEX_POINT('',#14334);
#14336=DIRECTION('',(0.98769,-0.15643,0.));
#14337=VECTOR('',#14336,21.96997);
#14338=LINE('',#14332,#14337);
#14339=EDGE_CURVE('',#14333,#14335,#14338,.T.);
#14340=ORIENTED_EDGE('',*,*,#14339,.T.);
#14341=DIRECTION('',(0.23345,0.97237,0.));
#14342=VECTOR('',#14341,4.31054);
#14343=LINE('',#13960,#14342);
#14344=EDGE_CURVE('',#13961,#14335,#14343,.T.);
#14345=ORIENTED_EDGE('',*,*,#14344,.F.);
#14346=ORIENTED_EDGE('',*,*,#13965,.F.);
#14347=DIRECTION('',(0.23345,0.97237,0.));
#14348=VECTOR('',#14347,0.86305);
#14349=LINE('',#13958,#14348);
#14350=EDGE_CURVE('',#13959,#14333,#14349,.T.);
#14351=ORIENTED_EDGE('',*,*,#14350,.T.);
#14352=EDGE_LOOP('',(#14340,#14345,#14346,#14351));
#14353=FACE_OUTER_BOUND('',#14352,.T.);
#14354=CARTESIAN_POINT('',(5.43229,-0.86039,-20.));
#14355=DIRECTION('',(0.,0.,-1.));
#14356=DIRECTION('',(0.98769,-0.15643,0.));
#14357=AXIS2_PLACEMENT_3D('',#14354,#14355,#14356);
#14358=PLANE('',#14357);
#14359=ADVANCED_FACE('',(#14353),#14358,.T.);
#14360=CARTESIAN_POINT('',(25.08199,-3.9726,-17.14286));
#14361=VERTEX_POINT('',#14360);
#14362=DIRECTION('',(-0.58045,0.09194,0.80909));
#14363=VECTOR('',#14362,3.53132);
#14364=LINE('',#14334,#14363);
#14365=EDGE_CURVE('',#14335,#14361,#14364,.T.);
#14366=ORIENTED_EDGE('',*,*,#14365,.T.);
#14367=DIRECTION('',(0.23345,0.97237,0.));
#14368=VECTOR('',#14367,3.98488);
#14369=LINE('',#13986,#14368);
#14370=EDGE_CURVE('',#13987,#14361,#14369,.T.);
#14371=ORIENTED_EDGE('',*,*,#14370,.F.);
#14372=ORIENTED_EDGE('',*,*,#13991,.F.);
#14373=ORIENTED_EDGE('',*,*,#14344,.T.);
#14374=EDGE_LOOP('',(#14366,#14371,#14372,#14373));
#14375=FACE_OUTER_BOUND('',#14374,.T.);
#14376=CARTESIAN_POINT('',(27.13177,-4.29725,-20.));
#14377=DIRECTION('',(0.78757,-0.18908,0.5865));
#14378=DIRECTION('',(-0.58045,0.09194,0.80909));
#14379=AXIS2_PLACEMENT_3D('',#14376,#14377,#14378);
#14380=PLANE('',#14379);
#14381=ADVANCED_FACE('',(#14375),#14380,.T.);
#14382=CARTESIAN_POINT('',(23.46497,-3.71649,-14.28571));
#14383=VERTEX_POINT('',#14382);
#14384=DIRECTION('',(-0.49105,0.07778,0.86765));
#14385=VECTOR('',#14384,3.29297);
#14386=LINE('',#14360,#14385);
#14387=EDGE_CURVE('',#14361,#14383,#14386,.T.);
#14388=ORIENTED_EDGE('',*,*,#14387,.T.);
#14389=DIRECTION('',(0.23345,0.97237,0.));
#14390=VECTOR('',#14389,3.72798);
#14391=LINE('',#14008,#14390);
#14392=EDGE_CURVE('',#14009,#14383,#14391,.T.);
#14393=ORIENTED_EDGE('',*,*,#14392,.F.);
#14394=ORIENTED_EDGE('',*,*,#14013,.F.);
#14395=ORIENTED_EDGE('',*,*,#14370,.T.);
#14396=EDGE_LOOP('',(#14388,#14393,#14394,#14395));
#14397=FACE_OUTER_BOUND('',#14396,.T.);
#14398=CARTESIAN_POINT('',(25.08199,-3.9726,-17.14286));
#14399=DIRECTION('',(0.84432,-0.2027,0.49602));
#14400=DIRECTION('',(-0.49105,0.07778,0.86765));
#14401=AXIS2_PLACEMENT_3D('',#14398,#14399,#14400);
#14402=PLANE('',#14401);
#14403=ADVANCED_FACE('',(#14397),#14402,.T.);
#14404=CARTESIAN_POINT('',(22.20859,-3.5175,-11.42857));
#14405=VERTEX_POINT('',#14404);
#14406=DIRECTION('',(-0.40172,0.06363,0.91355));
#14407=VECTOR('',#14406,3.12752);
#14408=LINE('',#14382,#14407);
#14409=EDGE_CURVE('',#14383,#14405,#14408,.T.);
#14410=ORIENTED_EDGE('',*,*,#14409,.T.);
#14411=DIRECTION('',(0.23345,0.97237,0.));
#14412=VECTOR('',#14411,3.52837);
#14413=LINE('',#14030,#14412);
#14414=EDGE_CURVE('',#14031,#14405,#14413,.T.);
#14415=ORIENTED_EDGE('',*,*,#14414,.F.);
#14416=ORIENTED_EDGE('',*,*,#14035,.F.);
#14417=ORIENTED_EDGE('',*,*,#14392,.T.);
#14418=EDGE_LOOP('',(#14410,#14415,#14416,#14417));
#14419=FACE_OUTER_BOUND('',#14418,.T.);
#14420=CARTESIAN_POINT('',(23.46497,-3.71649,-14.28571));
#14421=DIRECTION('',(0.88876,-0.21337,0.40568));
#14422=DIRECTION('',(-0.40172,0.06363,0.91355));
#14423=AXIS2_PLACEMENT_3D('',#14420,#14421,#14422);
#14424=PLANE('',#14423);
#14425=ADVANCED_FACE('',(#14419),#14424,.T.);
#14426=CARTESIAN_POINT('',(21.26765,-3.36846,-8.57143));
#14427=VERTEX_POINT('',#14426);
#14428=DIRECTION('',(-0.31242,0.04948,0.94865));
#14429=VECTOR('',#14428,3.01178);
#14430=LINE('',#14404,#14429);
#14431=EDGE_CURVE('',#14405,#14427,#14430,.T.);
#14432=ORIENTED_EDGE('',*,*,#14431,.T.);
#14433=DIRECTION('',(0.23345,0.97237,0.));
#14434=VECTOR('',#14433,3.37888);
#14435=LINE('',#14052,#14434);
#14436=EDGE_CURVE('',#14053,#14427,#14435,.T.);
#14437=ORIENTED_EDGE('',*,*,#14436,.F.);
#14438=ORIENTED_EDGE('',*,*,#14057,.F.);
#14439=ORIENTED_EDGE('',*,*,#14414,.T.);
#14440=EDGE_LOOP('',(#14432,#14437,#14438,#14439));
#14441=FACE_OUTER_BOUND('',#14440,.T.);
#14442=CARTESIAN_POINT('',(22.20859,-3.5175,-11.42857));
#14443=DIRECTION('',(0.92273,-0.22153,0.31544));
#14444=DIRECTION('',(-0.31242,0.04948,0.94865));
#14445=AXIS2_PLACEMENT_3D('',#14442,#14443,#14444);
#14446=PLANE('',#14445);
#14447=ADVANCED_FACE('',(#14441),#14446,.T.);
#14448=CARTESIAN_POINT('',(20.61317,-3.26481,-5.71429));
#14449=VERTEX_POINT('',#14448);
#14450=DIRECTION('',(-0.22314,0.03534,0.97414));
#14451=VECTOR('',#14450,2.93298);
#14452=LINE('',#14426,#14451);
#14453=EDGE_CURVE('',#14427,#14449,#14452,.T.);
#14454=ORIENTED_EDGE('',*,*,#14453,.T.);
#14455=DIRECTION('',(0.23345,0.97237,0.));
#14456=VECTOR('',#14455,3.2749);
#14457=LINE('',#14074,#14456);
#14458=EDGE_CURVE('',#14075,#14449,#14457,.T.);
#14459=ORIENTED_EDGE('',*,*,#14458,.F.);
#14460=ORIENTED_EDGE('',*,*,#14079,.F.);
#14461=ORIENTED_EDGE('',*,*,#14436,.T.);
#14462=EDGE_LOOP('',(#14454,#14459,#14460,#14461));
#14463=FACE_OUTER_BOUND('',#14462,.T.);
#14464=CARTESIAN_POINT('',(21.26765,-3.36846,-8.57143));
#14465=DIRECTION('',(0.94738,-0.22745,0.22526));
#14466=DIRECTION('',(-0.22314,0.03534,0.97414));
#14467=AXIS2_PLACEMENT_3D('',#14464,#14465,#14466);
#14468=PLANE('',#14467);
#14469=ADVANCED_FACE('',(#14463),#14468,.T.);
#14470=CARTESIAN_POINT('',(20.22709,-3.20366,-2.85714));
#14471=VERTEX_POINT('',#14470);
#14472=DIRECTION('',(-0.13388,0.0212,0.99077));
#14473=VECTOR('',#14472,2.88376);
#14474=LINE('',#14448,#14473);
#14475=EDGE_CURVE('',#14449,#14471,#14474,.T.);
#14476=ORIENTED_EDGE('',*,*,#14475,.T.);
#14477=DIRECTION('',(0.23345,0.97237,0.));
#14478=VECTOR('',#14477,3.21356);
#14479=LINE('',#14096,#14478);
#14480=EDGE_CURVE('',#14097,#14471,#14479,.T.);
#14481=ORIENTED_EDGE('',*,*,#14480,.F.);
#14482=ORIENTED_EDGE('',*,*,#14101,.F.);
#14483=ORIENTED_EDGE('',*,*,#14458,.T.);
#14484=EDGE_LOOP('',(#14476,#14481,#14482,#14483));
#14485=FACE_OUTER_BOUND('',#14484,.T.);
#14486=CARTESIAN_POINT('',(20.61317,-3.26481,-5.71429));
#14487=DIRECTION('',(0.96345,-0.2313,0.13514));
#14488=DIRECTION('',(-0.13388,0.0212,0.99077));
#14489=AXIS2_PLACEMENT_3D('',#14486,#14487,#14488);
#14490=PLANE('',#14489);
#14491=ADVANCED_FACE('',(#14485),#14490,.T.);
#14492=CARTESIAN_POINT('',(20.09946,-3.18344,0.));
#14493=VERTEX_POINT('',#14492);
#14494=DIRECTION('',(-0.04463,0.00707,0.99898));
#14495=VECTOR('',#14494,2.86006);
#14496=LINE('',#14470,#14495);
#14497=EDGE_CURVE('',#14471,#14493,#14496,.T.);
#14498=ORIENTED_EDGE('',*,*,#14497,.T.);
#14499=DIRECTION('',(0.23345,0.97237,0.));
#14500=VECTOR('',#14499,3.19329);
#14501=LINE('',#14118,#14500);
#14502=EDGE_CURVE('',#14119,#14493,#14501,.T.);
#14503=ORIENTED_EDGE('',*,*,#14502,.F.);
#14504=ORIENTED_EDGE('',*,*,#14123,.F.);
#14505=ORIENTED_EDGE('',*,*,#14480,.T.);
#14506=EDGE_LOOP('',(#14498,#14503,#14504,#14505));
#14507=FACE_OUTER_BOUND('',#14506,.T.);
#14508=CARTESIAN_POINT('',(20.22709,-3.20366,-2.85714));
#14509=DIRECTION('',(0.97138,-0.23321,0.04504));
#14510=DIRECTION('',(-0.04463,0.00707,0.99898));
#14511=AXIS2_PLACEMENT_3D('',#14508,#14509,#14510);
#14512=PLANE('',#14511);
#14513=ADVANCED_FACE('',(#14507),#14512,.T.);
#14514=CARTESIAN_POINT('',(20.22709,-3.20366,2.85714));
#14515=VERTEX_POINT('',#14514);
#14516=DIRECTION('',(0.04463,-0.00707,0.99898));
#14517=VECTOR('',#14516,2.86006);
#14518=LINE('',#14492,#14517);
#14519=EDGE_CURVE('',#14493,#14515,#14518,.T.);
#14520=ORIENTED_EDGE('',*,*,#14519,.T.);
#14521=DIRECTION('',(0.23345,0.97237,0.));
#14522=VECTOR('',#14521,3.21356);
#14523=LINE('',#14140,#14522);
#14524=EDGE_CURVE('',#14141,#14515,#14523,.T.);
#14525=ORIENTED_EDGE('',*,*,#14524,.F.);
#14526=ORIENTED_EDGE('',*,*,#14145,.F.);
#14527=ORIENTED_EDGE('',*,*,#14502,.T.);
#14528=EDGE_LOOP('',(#14520,#14525,#14526,#14527));
#14529=FACE_OUTER_BOUND('',#14528,.T.);
#14530=CARTESIAN_POINT('',(20.09946,-3.18344,0.));
#14531=DIRECTION('',(0.97138,-0.23321,-0.04504));
#14532=DIRECTION('',(0.04463,-0.00707,0.99898));
#14533=AXIS2_PLACEMENT_3D('',#14530,#14531,#14532);
#14534=PLANE('',#14533);
#14535=ADVANCED_FACE('',(#14529),#14534,.T.);
#14536=CARTESIAN_POINT('',(20.61317,-3.26481,5.71429));
#14537=VERTEX_POINT('',#14536);
#14538=DIRECTION('',(0.13388,-0.0212,0.99077));
#14539=VECTOR('',#14538,2.88376);
#14540=LINE('',#14514,#14539);
#14541=EDGE_CURVE('',#14515,#14537,#14540,.T.);
#14542=ORIENTED_EDGE('',*,*,#14541,.T.);
#14543=DIRECTION('',(0.23345,0.97237,0.));
#14544=VECTOR('',#14543,3.2749);
#14545=LINE('',#14162,#14544);
#14546=EDGE_CURVE('',#14163,#14537,#14545,.T.);
#14547=ORIENTED_EDGE('',*,*,#14546,.F.);
#14548=ORIENTED_EDGE('',*,*,#14167,.F.);
#14549=ORIENTED_EDGE('',*,*,#14524,.T.);
#14550=EDGE_LOOP('',(#14542,#14547,#14548,#14549));
#14551=FACE_OUTER_BOUND('',#14550,.T.);
#14552=CARTESIAN_POINT('',(20.22709,-3.20366,2.85714));
#14553=DIRECTION('',(0.96345,-0.2313,-0.13514));
#14554=DIRECTION('',(0.13388,-0.0212,0.99077));
#14555=AXIS2_PLACEMENT_3D('',#14552,#14553,#14554);
#14556=PLANE('',#14555);
#14557=ADVANCED_FACE('',(#14551),#14556,.T.);
#14558=CARTESIAN_POINT('',(21.26765,-3.36846,8.57143));
#14559=VERTEX_POINT('',#14558);
#14560=DIRECTION('',(0.22314,-0.03534,0.97414));
#14561=VECTOR('',#14560,2.93298);
#14562=LINE('',#14536,#14561);
#14563=EDGE_CURVE('',#14537,#14559,#14562,.T.);
#14564=ORIENTED_EDGE('',*,*,#14563,.T.);
#14565=DIRECTION('',(0.23345,0.97237,0.));
#14566=VECTOR('',#14565,3.37888);
#14567=LINE('',#14184,#14566);
#14568=EDGE_CURVE('',#14185,#14559,#14567,.T.);
#14569=ORIENTED_EDGE('',*,*,#14568,.F.);
#14570=ORIENTED_EDGE('',*,*,#14189,.F.);
#14571=ORIENTED_EDGE('',*,*,#14546,.T.);
#14572=EDGE_LOOP('',(#14564,#14569,#14570,#14571));
#14573=FACE_OUTER_BOUND('',#14572,.T.);
#14574=CARTESIAN_POINT('',(20.61317,-3.26481,5.71429));
#14575=DIRECTION('',(0.94738,-0.22745,-0.22526));
#14576=DIRECTION('',(0.22314,-0.03534,0.97414));
#14577=AXIS2_PLACEMENT_3D('',#14574,#14575,#14576);
#14578=PLANE('',#14577);
#14579=ADVANCED_FACE('',(#14573),#14578,.T.);
#14580=CARTESIAN_POINT('',(22.20859,-3.5175,11.42857));
#14581=VERTEX_POINT('',#14580);
#14582=DIRECTION('',(0.31242,-0.04948,0.94865));
#14583=VECTOR('',#14582,3.01178);
#14584=LINE('',#14558,#14583);
#14585=EDGE_CURVE('',#14559,#14581,#14584,.T.);
#14586=ORIENTED_EDGE('',*,*,#14585,.T.);
#14587=DIRECTION('',(0.23345,0.97237,0.));
#14588=VECTOR('',#14587,3.52837);
#14589=LINE('',#14206,#14588);
#14590=EDGE_CURVE('',#14207,#14581,#14589,.T.);
#14591=ORIENTED_EDGE('',*,*,#14590,.F.);
#14592=ORIENTED_EDGE('',*,*,#14211,.F.);
#14593=ORIENTED_EDGE('',*,*,#14568,.T.);
#14594=EDGE_LOOP('',(#14586,#14591,#14592,#14593));
#14595=FACE_OUTER_BOUND('',#14594,.T.);
#14596=CARTESIAN_POINT('',(21.26765,-3.36846,8.57143));
#14597=DIRECTION('',(0.92273,-0.22153,-0.31544));
#14598=DIRECTION('',(0.31242,-0.04948,0.94865));
#14599=AXIS2_PLACEMENT_3D('',#14596,#14597,#14598);
#14600=PLANE('',#14599);
#14601=ADVANCED_FACE('',(#14595),#14600,.T.);
#14602=CARTESIAN_POINT('',(23.46497,-3.71649,14.28571));
#14603=VERTEX_POINT('',#14602);
#14604=DIRECTION('',(0.40172,-0.06363,0.91355));
#14605=VECTOR('',#14604,3.12752);
#14606=LINE('',#14580,#14605);
#14607=EDGE_CURVE('',#14581,#14603,#14606,.T.);
#14608=ORIENTED_EDGE('',*,*,#14607,.T.);
#14609=DIRECTION('',(0.23345,0.97237,0.));
#14610=VECTOR('',#14609,3.72798);
#14611=LINE('',#14228,#14610);
#14612=EDGE_CURVE('',#14229,#14603,#14611,.T.);
#14613=ORIENTED_EDGE('',*,*,#14612,.F.);
#14614=ORIENTED_EDGE('',*,*,#14233,.F.);
#14615=ORIENTED_EDGE('',*,*,#14590,.T.);
#14616=EDGE_LOOP('',(#14608,#14613,#14614,#14615));
#14617=FACE_OUTER_BOUND('',#14616,.T.);
#14618=CARTESIAN_POINT('',(22.20859,-3.5175,11.42857));
#14619=DIRECTION('',(0.88876,-0.21337,-0.40568));
#14620=DIRECTION('',(0.40172,-0.06363,0.91355));
#14621=AXIS2_PLACEMENT_3D('',#14618,#14619,#14620);
#14622=PLANE('',#14621);
#14623=ADVANCED_FACE('',(#14617),#14622,.T.);
#14624=CARTESIAN_POINT('',(25.08199,-3.9726,17.14286));
#14625=VERTEX_POINT('',#14624);
#14626=DIRECTION('',(0.49105,-0.07778,0.86765));
#14627=VECTOR('',#14626,3.29297);
#14628=LINE('',#14602,#14627);
#14629=EDGE_CURVE('',#14603,#14625,#14628,.T.);
#14630=ORIENTED_EDGE('',*,*,#14629,.T.);
#14631=DIRECTION('',(0.23345,0.97237,0.));
#14632=VECTOR('',#14631,3.98488);
#14633=LINE('',#14250,#14632);
#14634=EDGE_CURVE('',#14251,#14625,#14633,.T.);
#14635=ORIENTED_EDGE('',*,*,#14634,.F.);
#14636=ORIENTED_EDGE('',*,*,#14255,.F.);
#14637=ORIENTED_EDGE('',*,*,#14612,.T.);
#14638=EDGE_LOOP('',(#14630,#14635,#14636,#14637));
#14639=FACE_OUTER_BOUND('',#14638,.T.);
#14640=CARTESIAN_POINT('',(23.46497,-3.71649,14.28571));
#14641=DIRECTION('',(0.84432,-0.2027,-0.49602));
#14642=DIRECTION('',(0.49105,-0.07778,0.86765));
#14643=AXIS2_PLACEMENT_3D('',#14640,#14641,#14642);
#14644=PLANE('',#14643);
#14645=ADVANCED_FACE('',(#14639),#14644,.T.);
#14646=CARTESIAN_POINT('',(27.13177,-4.29725,20.));
#14647=VERTEX_POINT('',#14646);
#14648=DIRECTION('',(0.58045,-0.09194,0.80909));
#14649=VECTOR('',#14648,3.53132);
#14650=LINE('',#14624,#14649);
#14651=EDGE_CURVE('',#14625,#14647,#14650,.T.);
#14652=ORIENTED_EDGE('',*,*,#14651,.T.);
#14653=DIRECTION('',(0.23345,0.97237,0.));
#14654=VECTOR('',#14653,4.31054);
#14655=LINE('',#14272,#14654);
#14656=EDGE_CURVE('',#14273,#14647,#14655,.T.);
#14657=ORIENTED_EDGE('',*,*,#14656,.F.);
#14658=ORIENTED_EDGE('',*,*,#14277,.F.);
#14659=ORIENTED_EDGE('',*,*,#14634,.T.);
#14660=EDGE_LOOP('',(#14652,#14657,#14658,#14659));
#14661=FACE_OUTER_BOUND('',#14660,.T.);
#14662=CARTESIAN_POINT('',(25.08199,-3.9726,17.14286));
#14663=DIRECTION('',(0.78757,-0.18908,-0.5865));
#14664=DIRECTION('',(0.58045,-0.09194,0.80909));
#14665=AXIS2_PLACEMENT_3D('',#14662,#14663,#14664);
#14666=PLANE('',#14665);
#14667=ADVANCED_FACE('',(#14661),#14666,.T.);
#14668=CARTESIAN_POINT('',(5.43229,-0.86039,20.));
#14669=VERTEX_POINT('',#14668);
#14670=DIRECTION('',(-0.98769,0.15643,0.));
#14671=VECTOR('',#14670,21.96997);
#14672=LINE('',#14646,#14671);
#14673=EDGE_CURVE('',#14647,#14669,#14672,.T.);
#14674=ORIENTED_EDGE('',*,*,#14673,.T.);
#14675=DIRECTION('',(0.23345,0.97237,0.));
#14676=VECTOR('',#14675,0.86305);
#14677=LINE('',#14294,#14676);
#14678=EDGE_CURVE('',#14295,#14669,#14677,.T.);
#14679=ORIENTED_EDGE('',*,*,#14678,.F.);
#14680=ORIENTED_EDGE('',*,*,#14299,.F.);
#14681=ORIENTED_EDGE('',*,*,#14656,.T.);
#14682=EDGE_LOOP('',(#14674,#14679,#14680,#14681));
#14683=FACE_OUTER_BOUND('',#14682,.T.);
#14684=CARTESIAN_POINT('',(27.13177,-4.29725,20.));
#14685=DIRECTION('',(0.,0.,1.));
#14686=DIRECTION('',(-0.98769,0.15643,0.));
#14687=AXIS2_PLACEMENT_3D('',#14684,#14685,#14686);
#14688=PLANE('',#14687);
#14689=ADVANCED_FACE('',(#14683),#14688,.T.);
#14690=DIRECTION('',(0.,0.,1.));
#14691=VECTOR('',#14690,40.);
#14692=LINE('',#14332,#14691);
#14693=EDGE_CURVE('',#14333,#14669,#14692,.T.);
#14694=ORIENTED_EDGE('',*,*,#14693,.F.);
#14695=ORIENTED_EDGE('',*,*,#14350,.F.);
#14696=ORIENTED_EDGE('',*,*,#14319,.T.);
#14697=ORIENTED_EDGE('',*,*,#14678,.T.);
#14698=EDGE_LOOP('',(#14694,#14695,#14696,#14697));
#14699=FACE_OUTER_BOUND('',#14698,.T.);
#14700=CARTESIAN_POINT('',(5.43229,-0.86039,20.));
#14701=DIRECTION('',(-0.97237,0.23345,0.));
#14702=DIRECTION('',(0.,0.,-1.));
#14703=AXIS2_PLACEMENT_3D('',#14700,#14701,#14702);
#14704=PLANE('',#14703);
#14705=ADVANCED_FACE('',(#14699),#14704,.T.);
#14706=ORIENTED_EDGE('',*,*,#39,.T.);
#14707=DIRECTION('',(-0.07846,-0.99692,0.));
#14708=VECTOR('',#14707,4.31054);
#14709=LINE('',#27,#14708);
#14710=EDGE_CURVE('',#28,#14335,#14709,.T.);
#14711=ORIENTED_EDGE('',*,*,#14710,.T.);
#14712=ORIENTED_EDGE('',*,*,#14339,.F.);
#14713=DIRECTION('',(-0.07846,-0.99692,0.));
#14714=VECTOR('',#14713,0.86305);
#14715=LINE('',#34,#14714);
#14716=EDGE_CURVE('',#35,#14333,#14715,.T.);
#14717=ORIENTED_EDGE('',*,*,#14716,.F.);
#14718=EDGE_LOOP('',(#14706,#14711,#14712,#14717));
#14719=FACE_OUTER_BOUND('',#14718,.T.);
#14720=CARTESIAN_POINT('',(5.5,0.,-20.));
#14721=DIRECTION('',(0.,0.,-1.));
#14722=DIRECTION('',(1.,0.,0.));
#14723=AXIS2_PLACEMENT_3D('',#14720,#14721,#14722);
#14724=PLANE('',#14723);
#14725=ADVANCED_FACE('',(#14719),#14724,.T.);
#14726=ORIENTED_EDGE('',*,*,#71,.T.);
#14727=DIRECTION('',(-0.07846,-0.99692,0.));
#14728=VECTOR('',#14727,3.98488);
#14729=LINE('',#61,#14728);
#14730=EDGE_CURVE('',#62,#14361,#14729,.T.);
#14731=ORIENTED_EDGE('',*,*,#14730,.T.);
#14732=ORIENTED_EDGE('',*,*,#14365,.F.);
#14733=ORIENTED_EDGE('',*,*,#14710,.F.);
#14734=EDGE_LOOP('',(#14726,#14731,#14732,#14733));
#14735=FACE_OUTER_BOUND('',#14734,.T.);
#14736=CARTESIAN_POINT('',(27.46997,0.,-20.));
#14737=DIRECTION('',(0.80745,-0.06355,0.5865));
#14738=DIRECTION('',(-0.58769,0.,0.80909));
#14739=AXIS2_PLACEMENT_3D('',#14736,#14737,#14738);
#14740=PLANE('',#14739);
#14741=ADVANCED_FACE('',(#14735),#14740,.T.);
#14742=ORIENTED_EDGE('',*,*,#99,.T.);
#14743=DIRECTION('',(-0.07846,-0.99692,0.));
#14744=VECTOR('',#14743,3.72798);
#14745=LINE('',#89,#14744);
#14746=EDGE_CURVE('',#90,#14383,#14745,.T.);
#14747=ORIENTED_EDGE('',*,*,#14746,.T.);
#14748=ORIENTED_EDGE('',*,*,#14387,.F.);
#14749=ORIENTED_EDGE('',*,*,#14730,.F.);
#14750=EDGE_LOOP('',(#14742,#14747,#14748,#14749));
#14751=FACE_OUTER_BOUND('',#14750,.T.);
#14752=CARTESIAN_POINT('',(25.39464,0.,-17.14286));
#14753=DIRECTION('',(0.86563,-0.06813,0.49602));
#14754=DIRECTION('',(-0.49718,0.,0.86765));
#14755=AXIS2_PLACEMENT_3D('',#14752,#14753,#14754);
#14756=PLANE('',#14755);
#14757=ADVANCED_FACE('',(#14751),#14756,.T.);
#14758=ORIENTED_EDGE('',*,*,#127,.T.);
#14759=DIRECTION('',(-0.07846,-0.99692,0.));
#14760=VECTOR('',#14759,3.52837);
#14761=LINE('',#117,#14760);
#14762=EDGE_CURVE('',#118,#14405,#14761,.T.);
#14763=ORIENTED_EDGE('',*,*,#14762,.T.);
#14764=ORIENTED_EDGE('',*,*,#14409,.F.);
#14765=ORIENTED_EDGE('',*,*,#14746,.F.);
#14766=EDGE_LOOP('',(#14758,#14763,#14764,#14765));
#14767=FACE_OUTER_BOUND('',#14766,.T.);
#14768=CARTESIAN_POINT('',(23.75746,0.,-14.28571));
#14769=DIRECTION('',(0.9112,-0.07171,0.40568));
#14770=DIRECTION('',(-0.40673,0.,0.91355));
#14771=AXIS2_PLACEMENT_3D('',#14768,#14769,#14770);
#14772=PLANE('',#14771);
#14773=ADVANCED_FACE('',(#14767),#14772,.T.);
#14774=ORIENTED_EDGE('',*,*,#155,.T.);
#14775=DIRECTION('',(-0.07846,-0.99692,0.));
#14776=VECTOR('',#14775,3.37888);
#14777=LINE('',#145,#14776);
#14778=EDGE_CURVE('',#146,#14427,#14777,.T.);
#14779=ORIENTED_EDGE('',*,*,#14778,.T.);
#14780=ORIENTED_EDGE('',*,*,#14431,.F.);
#14781=ORIENTED_EDGE('',*,*,#14762,.F.);
#14782=EDGE_LOOP('',(#14774,#14779,#14780,#14781));
#14783=FACE_OUTER_BOUND('',#14782,.T.);
#14784=CARTESIAN_POINT('',(22.48542,0.,-11.42857));
#14785=DIRECTION('',(0.94602,-0.07445,0.31544));
#14786=DIRECTION('',(-0.31631,0.,0.94865));
#14787=AXIS2_PLACEMENT_3D('',#14784,#14785,#14786);
#14788=PLANE('',#14787);
#14789=ADVANCED_FACE('',(#14783),#14788,.T.);
#14790=ORIENTED_EDGE('',*,*,#183,.T.);
#14791=DIRECTION('',(-0.07846,-0.99692,0.));
#14792=VECTOR('',#14791,3.2749);
#14793=LINE('',#173,#14792);
#14794=EDGE_CURVE('',#174,#14449,#14793,.T.);
#14795=ORIENTED_EDGE('',*,*,#14794,.T.);
#14796=ORIENTED_EDGE('',*,*,#14453,.F.);
#14797=ORIENTED_EDGE('',*,*,#14778,.F.);
#14798=EDGE_LOOP('',(#14790,#14795,#14796,#14797));
#14799=FACE_OUTER_BOUND('',#14798,.T.);
#14800=CARTESIAN_POINT('',(21.53275,0.,-8.57143));
#14801=DIRECTION('',(0.97129,-0.07644,0.22526));
#14802=DIRECTION('',(-0.22593,0.,0.97414));
#14803=AXIS2_PLACEMENT_3D('',#14800,#14801,#14802);
#14804=PLANE('',#14803);
#14805=ADVANCED_FACE('',(#14799),#14804,.T.);
#14806=ORIENTED_EDGE('',*,*,#211,.T.);
#14807=DIRECTION('',(-0.07846,-0.99692,0.));
#14808=VECTOR('',#14807,3.21356);
#14809=LINE('',#201,#14808);
#14810=EDGE_CURVE('',#202,#14471,#14809,.T.);
#14811=ORIENTED_EDGE('',*,*,#14810,.T.);
#14812=ORIENTED_EDGE('',*,*,#14475,.F.);
#14813=ORIENTED_EDGE('',*,*,#14794,.F.);
#14814=EDGE_LOOP('',(#14806,#14811,#14812,#14813));
#14815=FACE_OUTER_BOUND('',#14814,.T.);
#14816=CARTESIAN_POINT('',(20.87012,0.,-5.71429));
#14817=DIRECTION('',(0.98777,-0.07774,0.13514));
#14818=DIRECTION('',(-0.13555,0.,0.99077));
#14819=AXIS2_PLACEMENT_3D('',#14816,#14817,#14818);
#14820=PLANE('',#14819);
#14821=ADVANCED_FACE('',(#14815),#14820,.T.);
#14822=ORIENTED_EDGE('',*,*,#239,.T.);
#14823=DIRECTION('',(-0.07846,-0.99692,0.));
#14824=VECTOR('',#14823,3.19329);
#14825=LINE('',#229,#14824);
#14826=EDGE_CURVE('',#230,#14493,#14825,.T.);
#14827=ORIENTED_EDGE('',*,*,#14826,.T.);
#14828=ORIENTED_EDGE('',*,*,#14497,.F.);
#14829=ORIENTED_EDGE('',*,*,#14810,.F.);
#14830=EDGE_LOOP('',(#14822,#14827,#14828,#14829));
#14831=FACE_OUTER_BOUND('',#14830,.T.);
#14832=CARTESIAN_POINT('',(20.47923,0.,-2.85714));
#14833=DIRECTION('',(0.99591,-0.07838,0.04504));
#14834=DIRECTION('',(-0.04518,0.,0.99898));
#14835=AXIS2_PLACEMENT_3D('',#14832,#14833,#14834);
#14836=PLANE('',#14835);
#14837=ADVANCED_FACE('',(#14831),#14836,.T.);
#14838=ORIENTED_EDGE('',*,*,#267,.T.);
#14839=DIRECTION('',(-0.07846,-0.99692,0.));
#14840=VECTOR('',#14839,3.21356);
#14841=LINE('',#257,#14840);
#14842=EDGE_CURVE('',#258,#14515,#14841,.T.);
#14843=ORIENTED_EDGE('',*,*,#14842,.T.);
#14844=ORIENTED_EDGE('',*,*,#14519,.F.);
#14845=ORIENTED_EDGE('',*,*,#14826,.F.);
#14846=EDGE_LOOP('',(#14838,#14843,#14844,#14845));
#14847=FACE_OUTER_BOUND('',#14846,.T.);
#14848=CARTESIAN_POINT('',(20.35,0.,0.));
#14849=DIRECTION('',(0.99591,-0.07838,-0.04504));
#14850=DIRECTION('',(0.04518,0.,0.99898));
#14851=AXIS2_PLACEMENT_3D('',#14848,#14849,#14850);
#14852=PLANE('',#14851);
#14853=ADVANCED_FACE('',(#14847),#14852,.T.);
#14854=ORIENTED_EDGE('',*,*,#295,.T.);
#14855=DIRECTION('',(-0.07846,-0.99692,0.));
#14856=VECTOR('',#14855,3.2749);
#14857=LINE('',#285,#14856);
#14858=EDGE_CURVE('',#286,#14537,#14857,.T.);
#14859=ORIENTED_EDGE('',*,*,#14858,.T.);
#14860=ORIENTED_EDGE('',*,*,#14541,.F.);
#14861=ORIENTED_EDGE('',*,*,#14842,.F.);
#14862=EDGE_LOOP('',(#14854,#14859,#14860,#14861));
#14863=FACE_OUTER_BOUND('',#14862,.T.);
#14864=CARTESIAN_POINT('',(20.47923,0.,2.85714));
#14865=DIRECTION('',(0.98777,-0.07774,-0.13514));
#14866=DIRECTION('',(0.13555,0.,0.99077));
#14867=AXIS2_PLACEMENT_3D('',#14864,#14865,#14866);
#14868=PLANE('',#14867);
#14869=ADVANCED_FACE('',(#14863),#14868,.T.);
#14870=ORIENTED_EDGE('',*,*,#323,.T.);
#14871=DIRECTION('',(-0.07846,-0.99692,0.));
#14872=VECTOR('',#14871,3.37888);
#14873=LINE('',#313,#14872);
#14874=EDGE_CURVE('',#314,#14559,#14873,.T.);
#14875=ORIENTED_EDGE('',*,*,#14874,.T.);
#14876=ORIENTED_EDGE('',*,*,#14563,.F.);
#14877=ORIENTED_EDGE('',*,*,#14858,.F.);
#14878=EDGE_LOOP('',(#14870,#14875,#14876,#14877));
#14879=FACE_OUTER_BOUND('',#14878,.T.);
#14880=CARTESIAN_POINT('',(20.87012,0.,5.71429));
#14881=DIRECTION('',(0.97129,-0.07644,-0.22526));
#14882=DIRECTION('',(0.22593,0.,0.97414));
#14883=AXIS2_PLACEMENT_3D('',#14880,#14881,#14882);
#14884=PLANE('',#14883);
#14885=ADVANCED_FACE('',(#14879),#14884,.T.);
#14886=ORIENTED_EDGE('',*,*,#351,.T.);
#14887=DIRECTION('',(-0.07846,-0.99692,0.));
#14888=VECTOR('',#14887,3.52837);
#14889=LINE('',#341,#14888);
#14890=EDGE_CURVE('',#342,#14581,#14889,.T.);
#14891=ORIENTED_EDGE('',*,*,#14890,.T.);
#14892=ORIENTED_EDGE('',*,*,#14585,.F.);
#14893=ORIENTED_EDGE('',*,*,#14874,.F.);
#14894=EDGE_LOOP('',(#14886,#14891,#14892,#14893));
#14895=FACE_OUTER_BOUND('',#14894,.T.);
#14896=CARTESIAN_POINT('',(21.53275,0.,8.57143));
#14897=DIRECTION('',(0.94602,-0.07445,-0.31544));
#14898=DIRECTION('',(0.31631,0.,0.94865));
#14899=AXIS2_PLACEMENT_3D('',#14896,#14897,#14898);
#14900=PLANE('',#14899);
#14901=ADVANCED_FACE('',(#14895),#14900,.T.);
#14902=ORIENTED_EDGE('',*,*,#379,.T.);
#14903=DIRECTION('',(-0.07846,-0.99692,0.));
#14904=VECTOR('',#14903,3.72798);
#14905=LINE('',#369,#14904);
#14906=EDGE_CURVE('',#370,#14603,#14905,.T.);
#14907=ORIENTED_EDGE('',*,*,#14906,.T.);
#14908=ORIENTED_EDGE('',*,*,#14607,.F.);
#14909=ORIENTED_EDGE('',*,*,#14890,.F.);
#14910=EDGE_LOOP('',(#14902,#14907,#14908,#14909));
#14911=FACE_OUTER_BOUND('',#14910,.T.);
#14912=CARTESIAN_POINT('',(22.48542,0.,11.42857));
#14913=DIRECTION('',(0.9112,-0.07171,-0.40568));
#14914=DIRECTION('',(0.40673,0.,0.91355));
#14915=AXIS2_PLACEMENT_3D('',#14912,#14913,#14914);
#14916=PLANE('',#14915);
#14917=ADVANCED_FACE('',(#14911),#14916,.T.);
#14918=ORIENTED_EDGE('',*,*,#407,.T.);
#14919=DIRECTION('',(-0.07846,-0.99692,0.));
#14920=VECTOR('',#14919,3.98488);
#14921=LINE('',#397,#14920);
#14922=EDGE_CURVE('',#398,#14625,#14921,.T.);
#14923=ORIENTED_EDGE('',*,*,#14922,.T.);
#14924=ORIENTED_EDGE('',*,*,#14629,.F.);
#14925=ORIENTED_EDGE('',*,*,#14906,.F.);
#14926=EDGE_LOOP('',(#14918,#14923,#14924,#14925));
#14927=FACE_OUTER_BOUND('',#14926,.T.);
#14928=CARTESIAN_POINT('',(23.75746,0.,14.28571));
#14929=DIRECTION('',(0.86563,-0.06813,-0.49602));
#14930=DIRECTION('',(0.49718,0.,0.86765));
#14931=AXIS2_PLACEMENT_3D('',#14928,#14929,#14930);
#14932=PLANE('',#14931);
#14933=ADVANCED_FACE('',(#14927),#14932,.T.);
#14934=ORIENTED_EDGE('',*,*,#435,.T.);
#14935=DIRECTION('',(-0.07846,-0.99692,0.));
#14936=VECTOR('',#14935,4.31054);
#14937=LINE('',#425,#14936);
#14938=EDGE_CURVE('',#426,#14647,#14937,.T.);
#14939=ORIENTED_EDGE('',*,*,#14938,.T.);
#14940=ORIENTED_EDGE('',*,*,#14651,.F.);
#14941=ORIENTED_EDGE('',*,*,#14922,.F.);
#14942=EDGE_LOOP('',(#14934,#14939,#14940,#14941));
#14943=FACE_OUTER_BOUND('',#14942,.T.);
#14944=CARTESIAN_POINT('',(25.39464,0.,17.14286));
#14945=DIRECTION('',(0.80745,-0.06355,-0.5865));
#14946=DIRECTION('',(0.58769,0.,0.80909));
#14947=AXIS2_PLACEMENT_3D('',#14944,#14945,#14946);
#14948=PLANE('',#14947);
#14949=ADVANCED_FACE('',(#14943),#14948,.T.);
#14950=ORIENTED_EDGE('',*,*,#463,.T.);
#14951=DIRECTION('',(-0.07846,-0.99692,0.));
#14952=VECTOR('',#14951,0.86305);
#14953=LINE('',#453,#14952);
#14954=EDGE_CURVE('',#454,#14669,#14953,.T.);
#14955=ORIENTED_EDGE('',*,*,#14954,.T.);
#14956=ORIENTED_EDGE('',*,*,#14673,.F.);
#14957=ORIENTED_EDGE('',*,*,#14938,.F.);
#14958=EDGE_LOOP('',(#14950,#14955,#14956,#14957));
#14959=FACE_OUTER_BOUND('',#14958,.T.);
#14960=CARTESIAN_POINT('',(27.46997,0.,20.));
#14961=DIRECTION('',(0.,0.,1.));
#14962=DIRECTION('',(-1.,0.,0.));
#14963=AXIS2_PLACEMENT_3D('',#14960,#14961,#14962);
#14964=PLANE('',#14963);
#14965=ADVANCED_FACE('',(#14959),#14964,.T.);
#14966=ORIENTED_EDGE('',*,*,#483,.F.);
#14967=ORIENTED_EDGE('',*,*,#14716,.T.);
#14968=ORIENTED_EDGE('',*,*,#14693,.T.);
#14969=ORIENTED_EDGE('',*,*,#14954,.F.);
#14970=EDGE_LOOP('',(#14966,#14967,#14968,#14969));
#14971=FACE_OUTER_BOUND('',#14970,.T.);
#14972=CARTESIAN_POINT('',(5.5,0.,20.));
#14973=DIRECTION('',(-0.99692,0.07846,0.));
#14974=DIRECTION('',(0.,0.,-1.));
#14975=AXIS2_PLACEMENT_3D('',#14972,#14973,#14974);
#14976=PLANE('',#14975);
#14977=ADVANCED_FACE('',(#14971),#14976,.T.);
#14978=CLOSED_SHELL('',(#53,#81,#109,#137,#165,#193,#221,#249,#277,#305,#333,#361,#389,#417,#445,#473,#493,#521,#543,#565,#587,#609,#631,#653,#675,#697,#719,#741,#763,#785,#807,#829,#851,#867,#895,#917,#939,#961,#983,#1005,#1027,#1049,#1071,#1093,#1115,#1137,#1159,#1181,#1203,#1225,#1241,#1269,#1291,#1313,#1335,#1357,#1379,#1401,#1423,#1445,#1467,#1489,#1511,#1533,#1555,#1577,#1599,#1615,#1643,#1665,#1687,#1709,#1731,#1753,#1775,#1797,#1819,#1841,#1863,#1885,#1907,#1929,#1951,#1973,#1989,#2017,#2039,#2061,#2083,#2105,#2127,#2149,#2171,#2193,#2215,#2237,#2259,#2281,#2303,#2325,#2347,#2363,#2391,#2413,#2435,#2457,#2479,#2501,#2523,#2545,#2567,#2589,#2611,#2633,#2655,#2677,#2699,#2721,#2737,#2765,#2787,#2809,#2831,#2853,#2875,#2897,#2919,#2941,#2963,#2985,#3007,#3029,#3051,#3073,#3095,#3111,#3139,#3161,#3183,#3205,#3227,#3249,#3271,#3293,#3315,#3337,#3359,#3381,#3403,#3425,#3447,#3469,#3485,#3513,#3535,#3557,#3579,#3601,#3623,#3645,#3667,#3689,#3711,#3733,#3755,#3777,#3799,#3821,#3843,#3859,#3887,#3909,#3931,#3953,#3975,#3997,#4019,#4041,#4063,#4085,#4107,#4129,#4151,#4173,#4195,#4217,#4233,#4261,#4283,#4305,#4327,#4349,#4371,#4393,#4415,#4437,#4459,#4481,#4503,#4525,#4547,#4569,#4591,#4607,#4635,#4657,#4679,#4701,#4723,#4745,#4767,#4789,#4811,#4833,#4855,#4877,#4899,#4921,#4943,#4965,#4981,#5009,#5031,#5053,#5075,#5097,#5119,#5141,#5163,#5185,#5207,#5229,#5251,#5273,#5295,#5317,#5339,#5355,#5383,#5405,#5427,#5449,#5471,#5493,#5515,#5537,#5559,#5581,#5603,#5625,#5647,#5669,#5691,#5713,#5729,#5757,#5779,#5801,#5823,#5845,#5867,#5889,#5911,#5933,#5955,#5977,#5999,#6021,#6043,#6065,#6087,#6103,#6131,#6153,#6175,#6197,#6219,#6241,#6263,#6285,#6307,#6329,#6351,#6373,#6395,#6417,#6439,#6461,#6477,#6505,#6527,#6549,#6571,#6593,#6615,#6637,#6659,#6681,#6703,#6725,#6747,#6769,#6791,#6813,#6835,#6851,#6879,#6901,#6923,#6945,#6967,#6989,#7011,#7033,#7055,#7077,#7099,#7121,#7143,#7165,#7187,#7209,#7225,#7253,#7275,#7297,#7319,#7341,#7363,#7385,#7407,#7429,#7451,#7473,#7495,#7517,#7539,#7561,#7583,#7599,#7627,#7649,#7671,#7693,#7715,#7737,#7759,#7781,#7803,#7825,#7847,#7869,#7891,#7913,#7935,#7957,#7973,#8001,#8023,#8045,#8067,#8089,#8111,#8133,#8155,#8177,#8199,#8221,#8243,#8265,#8287,#8309,#8331,#8347,#8375,#8397,#8419,#8441,#8463,#8485,#8507,#8529,#8551,#8573,#8595,#8617,#8639,#8661,#8683,#8705,#8721,#8749,#8771,#8793,#8815,#8837,#8859,#8881,#8903,#8925,#8947,#8969,#8991,#9013,#9035,#9057,#9079,#9095,#9123,#9145,#9167,#9189,#9211,#9233,#9255,#9277,#9299,#9321,#9343,#9365,#9387,#9409,#9431,#9453,#9469,#9497,#9519,#9541,#9563,#9585,#9607,#9629,#9651,#9673,#9695,#9717,#9739,#9761,#9783,#9805,#9827,#9843,#9871,#9893,#9915,#9937,#9959,#9981,#10003,#10025,#10047,#10069,#10091,#10113,#10135,#10157,#10179,#10201,#10217,#10245,#10267,#10289,#10311,#10333,#10355,#10377,#10399,#10421,#10443,#10465,#10487,#10509,#10531,#10553,#10575,#10591,#10619,#10641,#10663,#10685,#10707,#10729,#10751,#10773,#10795,#10817,#10839,#10861,#10883,#10905,#10927,#10949,#10965,#10993,#11015,#11037,#11059,#11081,#11103,#11125,#11147,#11169,#11191,#11213,#11235,#11257,#11279,#11301,#11323,#11339,#11367,#11389,#11411,#11433,#11455,#11477,#11499,#11521,#11543,#11565,#11587,#11609,#11631,#11653,#11675,#11697,#11713,#11741,#11763,#11785,#11807,#11829,#11851,#11873,#11895,#11917,#11939,#11961,#11983,#12005,#12027,#12049,#12071,#12087,#12115,#12137,#12159,#12181,#12203,#12225,#12247,#12269,#12291,#12313,#12335,#12357,#12379,#12401,#12423,#12445,#12461,#12489,#12511,#12533,#12555,#12577,#12599,#12621,#12643,#12665,#12687,#12709,#12731,#12753,#12775,#12797,#12819,#12835,#12863,#12885,#12907,#12929,#12951,#12973,#12995,#13017,#13039,#13061,#13083,#13105,#13127,#13149,#13171,#13193,#13209,#13237,#13259,#13281,#13303,#13325,#13347,#13369,#13391,#13413,#13435,#13457,#13479,#13501,#13523,#13545,#13567,#13583,#13611,#13633,#13655,#13677,#13699,#13721,#13743,#13765,#13787,#13809,#13831,#13853,#13875,#13897,#13919,#13941,#13957,#13985,#14007,#14029,#14051,#14073,#14095,#14117,#14139,#14161,#14183,#14205,#14227,#14249,#14271,#14293,#14315,#14331,#14359,#14381,#14403,#14425,#14447,#14469,#14491,#14513,#14535,#14557,#14579,#14601,#14623,#14645,#14667,#14689,#14705,#14725,#14741,#14757,#14773,#14789,#14805,#14821,#14837,#14853,#14869,#14885,#14901,#14917,#14933,#14949,#14965,#14977));
#14979=MANIFOLD_SOLID_BREP('',#14978);
#14980=COLOUR_RGB('',0.93,0.93,0.9);
#14981=FILL_AREA_STYLE_COLOUR('',#14980);
#14982=FILL_AREA_STYLE('',(#14981));
#14983=SURFACE_STYLE_FILL_AREA(#14982);
#14984=SURFACE_SIDE_STYLE('',(#14983));
#14985=SURFACE_STYLE_USAGE(.BOTH.,#14984);
#14986=PRESENTATION_STYLE_ASSIGNMENT((#14985));
#14987=STYLED_ITEM('color',(#14986),#14979);
#14988=ADVANCED_BREP_SHAPE_REPRESENTATION('',(#17,#14979),#9);
#14989=SHAPE_DEFINITION_REPRESENTATION(#13,#14988);
#14990=MECHANICAL_DESIGN_GEOMETRIC_PRESENTATION_REPRESENTATION('',(#14987),#9);
#14991=PRODUCT_RELATED_PRODUCT_CATEGORY('part',$,(#10));
ENDSEC;
END-ISO-10303-21;
