ISO-10303-21;
HEADER;
FILE_DESCRIPTION(('AquaSentinel R3 - planar B-rep export'),'2;1');
FILE_NAME('Sensor guard cage','2026-10-04T21:49:42',('AquaSentinel team'),('Sanjivani University'),'AquaSentinel R3 python build','AquaSentinel R3','');
FILE_SCHEMA(('AUTOMOTIVE_DESIGN { 1 0 10303 214 1 1 1 1 }'));
ENDSEC;
DATA;
#1=APPLICATION_CONTEXT('core data for automotive mechanical design processes');
#2=APPLICATION_PROTOCOL_DEFINITION('international standard','automotive_design',2000,#1);
#3=PRODUCT_CONTEXT('',#1,'mechanical');
#4=PRODUCT_DEFINITION_CONTEXT('part definition',#1,'design');
#5=(LENGTH_UNIT()NAMED_UNIT(*)SI_UNIT(.MILLI.,.METRE.));
#6=(NAMED_UNIT(*)PLANE_ANGLE_UNIT()SI_UNIT($,.RADIAN.));
#7=(NAMED_UNIT(*)SI_UNIT($,.STERADIAN.)SOLID_ANGLE_UNIT());
#8=UNCERTAINTY_MEASURE_WITH_UNIT(LENGTH_MEASURE(1.E-04),#5,'distance_accuracy_value','confusion accuracy');
#9=(GEOMETRIC_REPRESENTATION_CONTEXT(3)GLOBAL_UNCERTAINTY_ASSIGNED_CONTEXT((#8))GLOBAL_UNIT_ASSIGNED_CONTEXT((#5,#6,#7))REPRESENTATION_CONTEXT('Context','3D Context with UNIT and UNCERTAINTY'));
#10=PRODUCT('AS3-403','Sensor guard cage','Open rod cage: water flows through, debris and hands stay out',(#3));
#11=PRODUCT_DEFINITION_FORMATION('','',#10);
#12=PRODUCT_DEFINITION('design','',#11,#4);
#13=PRODUCT_DEFINITION_SHAPE('','',#12);
#14=CARTESIAN_POINT('',(0.,0.,0.));
#15=DIRECTION('',(0.,0.,1.));
#16=DIRECTION('',(1.,0.,0.));
#17=AXIS2_PLACEMENT_3D('',#14,#15,#16);
#18=CARTESIAN_POINT('',(322.,0.,-72.));
#19=VERTEX_POINT('',#18);
#20=CARTESIAN_POINT('',(321.29848,10.70315,-72.));
#21=VERTEX_POINT('',#20);
#22=DIRECTION('',(-0.0654,0.99786,0.));
#23=VECTOR('',#22,10.72611);
#24=LINE('',#18,#23);
#25=EDGE_CURVE('',#19,#21,#24,.T.);
#26=ORIENTED_EDGE('',*,*,#25,.T.);
#27=CARTESIAN_POINT('',(321.29848,10.70315,-60.));
#28=VERTEX_POINT('',#27);
#29=DIRECTION('',(0.,0.,1.));
#30=VECTOR('',#29,12.);
#31=LINE('',#20,#30);
#32=EDGE_CURVE('',#21,#28,#31,.T.);
#33=ORIENTED_EDGE('',*,*,#32,.T.);
#34=CARTESIAN_POINT('',(322.,0.,-60.));
#35=VERTEX_POINT('',#34);
#36=DIRECTION('',(-0.0654,0.99786,0.));
#37=VECTOR('',#36,10.72611);
#38=LINE('',#34,#37);
#39=EDGE_CURVE('',#35,#28,#38,.T.);
#40=ORIENTED_EDGE('',*,*,#39,.F.);
#41=DIRECTION('',(0.,0.,1.));
#42=VECTOR('',#41,12.);
#43=LINE('',#18,#42);
#44=EDGE_CURVE('',#19,#35,#43,.T.);
#45=ORIENTED_EDGE('',*,*,#44,.F.);
#46=EDGE_LOOP('',(#26,#33,#40,#45));
#47=FACE_OUTER_BOUND('',#46,.T.);
#48=CARTESIAN_POINT('',(322.,0.,-72.));
#49=DIRECTION('',(0.99786,0.0654,0.));
#50=DIRECTION('',(-0.0654,0.99786,0.));
#51=AXIS2_PLACEMENT_3D('',#48,#49,#50);
#52=PLANE('',#51);
#53=ADVANCED_FACE('',(#47),#52,.T.);
#54=CARTESIAN_POINT('',(319.20592,21.22316,-72.));
#55=VERTEX_POINT('',#54);
#56=DIRECTION('',(-0.19509,0.98079,0.));
#57=VECTOR('',#56,10.72611);
#58=LINE('',#20,#57);
#59=EDGE_CURVE('',#21,#55,#58,.T.);
#60=ORIENTED_EDGE('',*,*,#59,.T.);
#61=CARTESIAN_POINT('',(319.20592,21.22316,-60.));
#62=VERTEX_POINT('',#61);
#63=DIRECTION('',(0.,0.,1.));
#64=VECTOR('',#63,12.);
#65=LINE('',#54,#64);
#66=EDGE_CURVE('',#55,#62,#65,.T.);
#67=ORIENTED_EDGE('',*,*,#66,.T.);
#68=DIRECTION('',(-0.19509,0.98079,0.));
#69=VECTOR('',#68,10.72611);
#70=LINE('',#27,#69);
#71=EDGE_CURVE('',#28,#62,#70,.T.);
#72=ORIENTED_EDGE('',*,*,#71,.F.);
#73=ORIENTED_EDGE('',*,*,#32,.F.);
#74=EDGE_LOOP('',(#60,#67,#72,#73));
#75=FACE_OUTER_BOUND('',#74,.T.);
#76=CARTESIAN_POINT('',(321.29848,10.70315,-72.));
#77=DIRECTION('',(0.98079,0.19509,0.));
#78=DIRECTION('',(-0.19509,0.98079,0.));
#79=AXIS2_PLACEMENT_3D('',#76,#77,#78);
#80=PLANE('',#79);
#81=ADVANCED_FACE('',(#75),#80,.T.);
#82=CARTESIAN_POINT('',(315.75812,31.38004,-72.));
#83=VERTEX_POINT('',#82);
#84=DIRECTION('',(-0.32144,0.94693,0.));
#85=VECTOR('',#84,10.72611);
#86=LINE('',#54,#85);
#87=EDGE_CURVE('',#55,#83,#86,.T.);
#88=ORIENTED_EDGE('',*,*,#87,.T.);
#89=CARTESIAN_POINT('',(315.75812,31.38004,-60.));
#90=VERTEX_POINT('',#89);
#91=DIRECTION('',(0.,0.,1.));
#92=VECTOR('',#91,12.);
#93=LINE('',#82,#92);
#94=EDGE_CURVE('',#83,#90,#93,.T.);
#95=ORIENTED_EDGE('',*,*,#94,.T.);
#96=DIRECTION('',(-0.32144,0.94693,0.));
#97=VECTOR('',#96,10.72611);
#98=LINE('',#61,#97);
#99=EDGE_CURVE('',#62,#90,#98,.T.);
#100=ORIENTED_EDGE('',*,*,#99,.F.);
#101=ORIENTED_EDGE('',*,*,#66,.F.);
#102=EDGE_LOOP('',(#88,#95,#100,#101));
#103=FACE_OUTER_BOUND('',#102,.T.);
#104=CARTESIAN_POINT('',(319.20592,21.22316,-72.));
#105=DIRECTION('',(0.94693,0.32144,0.));
#106=DIRECTION('',(-0.32144,0.94693,0.));
#107=AXIS2_PLACEMENT_3D('',#104,#105,#106);
#108=PLANE('',#107);
#109=ADVANCED_FACE('',(#103),#108,.T.);
#110=CARTESIAN_POINT('',(311.01408,41.,-72.));
#111=VERTEX_POINT('',#110);
#112=DIRECTION('',(-0.44229,0.89687,0.));
#113=VECTOR('',#112,10.72611);
#114=LINE('',#82,#113);
#115=EDGE_CURVE('',#83,#111,#114,.T.);
#116=ORIENTED_EDGE('',*,*,#115,.T.);
#117=CARTESIAN_POINT('',(311.01408,41.,-60.));
#118=VERTEX_POINT('',#117);
#119=DIRECTION('',(0.,0.,1.));
#120=VECTOR('',#119,12.);
#121=LINE('',#110,#120);
#122=EDGE_CURVE('',#111,#118,#121,.T.);
#123=ORIENTED_EDGE('',*,*,#122,.T.);
#124=DIRECTION('',(-0.44229,0.89687,0.));
#125=VECTOR('',#124,10.72611);
#126=LINE('',#89,#125);
#127=EDGE_CURVE('',#90,#118,#126,.T.);
#128=ORIENTED_EDGE('',*,*,#127,.F.);
#129=ORIENTED_EDGE('',*,*,#94,.F.);
#130=EDGE_LOOP('',(#116,#123,#128,#129));
#131=FACE_OUTER_BOUND('',#130,.T.);
#132=CARTESIAN_POINT('',(315.75812,31.38004,-72.));
#133=DIRECTION('',(0.89687,0.44229,0.));
#134=DIRECTION('',(-0.44229,0.89687,0.));
#135=AXIS2_PLACEMENT_3D('',#132,#133,#134);
#136=PLANE('',#135);
#137=ADVANCED_FACE('',(#131),#136,.T.);
#138=CARTESIAN_POINT('',(305.05497,49.91844,-72.));
#139=VERTEX_POINT('',#138);
#140=DIRECTION('',(-0.55557,0.83147,0.));
#141=VECTOR('',#140,10.72611);
#142=LINE('',#110,#141);
#143=EDGE_CURVE('',#111,#139,#142,.T.);
#144=ORIENTED_EDGE('',*,*,#143,.T.);
#145=CARTESIAN_POINT('',(305.05497,49.91844,-60.));
#146=VERTEX_POINT('',#145);
#147=DIRECTION('',(0.,0.,1.));
#148=VECTOR('',#147,12.);
#149=LINE('',#138,#148);
#150=EDGE_CURVE('',#139,#146,#149,.T.);
#151=ORIENTED_EDGE('',*,*,#150,.T.);
#152=DIRECTION('',(-0.55557,0.83147,0.));
#153=VECTOR('',#152,10.72611);
#154=LINE('',#117,#153);
#155=EDGE_CURVE('',#118,#146,#154,.T.);
#156=ORIENTED_EDGE('',*,*,#155,.F.);
#157=ORIENTED_EDGE('',*,*,#122,.F.);
#158=EDGE_LOOP('',(#144,#151,#156,#157));
#159=FACE_OUTER_BOUND('',#158,.T.);
#160=CARTESIAN_POINT('',(311.01408,41.,-72.));
#161=DIRECTION('',(0.83147,0.55557,0.));
#162=DIRECTION('',(-0.55557,0.83147,0.));
#163=AXIS2_PLACEMENT_3D('',#160,#161,#162);
#164=PLANE('',#163);
#165=ADVANCED_FACE('',(#159),#164,.T.);
#166=CARTESIAN_POINT('',(297.98276,57.98276,-72.));
#167=VERTEX_POINT('',#166);
#168=DIRECTION('',(-0.65935,0.75184,0.));
#169=VECTOR('',#168,10.72611);
#170=LINE('',#138,#169);
#171=EDGE_CURVE('',#139,#167,#170,.T.);
#172=ORIENTED_EDGE('',*,*,#171,.T.);
#173=CARTESIAN_POINT('',(297.98276,57.98276,-60.));
#174=VERTEX_POINT('',#173);
#175=DIRECTION('',(0.,0.,1.));
#176=VECTOR('',#175,12.);
#177=LINE('',#166,#176);
#178=EDGE_CURVE('',#167,#174,#177,.T.);
#179=ORIENTED_EDGE('',*,*,#178,.T.);
#180=DIRECTION('',(-0.65935,0.75184,0.));
#181=VECTOR('',#180,10.72611);
#182=LINE('',#145,#181);
#183=EDGE_CURVE('',#146,#174,#182,.T.);
#184=ORIENTED_EDGE('',*,*,#183,.F.);
#185=ORIENTED_EDGE('',*,*,#150,.F.);
#186=EDGE_LOOP('',(#172,#179,#184,#185));
#187=FACE_OUTER_BOUND('',#186,.T.);
#188=CARTESIAN_POINT('',(305.05497,49.91844,-72.));
#189=DIRECTION('',(0.75184,0.65935,0.));
#190=DIRECTION('',(-0.65935,0.75184,0.));
#191=AXIS2_PLACEMENT_3D('',#188,#189,#190);
#192=PLANE('',#191);
#193=ADVANCED_FACE('',(#187),#192,.T.);
#194=CARTESIAN_POINT('',(289.91844,65.05497,-72.));
#195=VERTEX_POINT('',#194);
#196=DIRECTION('',(-0.75184,0.65935,0.));
#197=VECTOR('',#196,10.72611);
#198=LINE('',#166,#197);
#199=EDGE_CURVE('',#167,#195,#198,.T.);
#200=ORIENTED_EDGE('',*,*,#199,.T.);
#201=CARTESIAN_POINT('',(289.91844,65.05497,-60.));
#202=VERTEX_POINT('',#201);
#203=DIRECTION('',(0.,0.,1.));
#204=VECTOR('',#203,12.);
#205=LINE('',#194,#204);
#206=EDGE_CURVE('',#195,#202,#205,.T.);
#207=ORIENTED_EDGE('',*,*,#206,.T.);
#208=DIRECTION('',(-0.75184,0.65935,0.));
#209=VECTOR('',#208,10.72611);
#210=LINE('',#173,#209);
#211=EDGE_CURVE('',#174,#202,#210,.T.);
#212=ORIENTED_EDGE('',*,*,#211,.F.);
#213=ORIENTED_EDGE('',*,*,#178,.F.);
#214=EDGE_LOOP('',(#200,#207,#212,#213));
#215=FACE_OUTER_BOUND('',#214,.T.);
#216=CARTESIAN_POINT('',(297.98276,57.98276,-72.));
#217=DIRECTION('',(0.65935,0.75184,0.));
#218=DIRECTION('',(-0.75184,0.65935,0.));
#219=AXIS2_PLACEMENT_3D('',#216,#217,#218);
#220=PLANE('',#219);
#221=ADVANCED_FACE('',(#215),#220,.T.);
#222=CARTESIAN_POINT('',(281.,71.01408,-72.));
#223=VERTEX_POINT('',#222);
#224=DIRECTION('',(-0.83147,0.55557,0.));
#225=VECTOR('',#224,10.72611);
#226=LINE('',#194,#225);
#227=EDGE_CURVE('',#195,#223,#226,.T.);
#228=ORIENTED_EDGE('',*,*,#227,.T.);
#229=CARTESIAN_POINT('',(281.,71.01408,-60.));
#230=VERTEX_POINT('',#229);
#231=DIRECTION('',(0.,0.,1.));
#232=VECTOR('',#231,12.);
#233=LINE('',#222,#232);
#234=EDGE_CURVE('',#223,#230,#233,.T.);
#235=ORIENTED_EDGE('',*,*,#234,.T.);
#236=DIRECTION('',(-0.83147,0.55557,0.));
#237=VECTOR('',#236,10.72611);
#238=LINE('',#201,#237);
#239=EDGE_CURVE('',#202,#230,#238,.T.);
#240=ORIENTED_EDGE('',*,*,#239,.F.);
#241=ORIENTED_EDGE('',*,*,#206,.F.);
#242=EDGE_LOOP('',(#228,#235,#240,#241));
#243=FACE_OUTER_BOUND('',#242,.T.);
#244=CARTESIAN_POINT('',(289.91844,65.05497,-72.));
#245=DIRECTION('',(0.55557,0.83147,0.));
#246=DIRECTION('',(-0.83147,0.55557,0.));
#247=AXIS2_PLACEMENT_3D('',#244,#245,#246);
#248=PLANE('',#247);
#249=ADVANCED_FACE('',(#243),#248,.T.);
#250=CARTESIAN_POINT('',(271.38004,75.75812,-72.));
#251=VERTEX_POINT('',#250);
#252=DIRECTION('',(-0.89687,0.44229,0.));
#253=VECTOR('',#252,10.72611);
#254=LINE('',#222,#253);
#255=EDGE_CURVE('',#223,#251,#254,.T.);
#256=ORIENTED_EDGE('',*,*,#255,.T.);
#257=CARTESIAN_POINT('',(271.38004,75.75812,-60.));
#258=VERTEX_POINT('',#257);
#259=DIRECTION('',(0.,0.,1.));
#260=VECTOR('',#259,12.);
#261=LINE('',#250,#260);
#262=EDGE_CURVE('',#251,#258,#261,.T.);
#263=ORIENTED_EDGE('',*,*,#262,.T.);
#264=DIRECTION('',(-0.89687,0.44229,0.));
#265=VECTOR('',#264,10.72611);
#266=LINE('',#229,#265);
#267=EDGE_CURVE('',#230,#258,#266,.T.);
#268=ORIENTED_EDGE('',*,*,#267,.F.);
#269=ORIENTED_EDGE('',*,*,#234,.F.);
#270=EDGE_LOOP('',(#256,#263,#268,#269));
#271=FACE_OUTER_BOUND('',#270,.T.);
#272=CARTESIAN_POINT('',(281.,71.01408,-72.));
#273=DIRECTION('',(0.44229,0.89687,0.));
#274=DIRECTION('',(-0.89687,0.44229,0.));
#275=AXIS2_PLACEMENT_3D('',#272,#273,#274);
#276=PLANE('',#275);
#277=ADVANCED_FACE('',(#271),#276,.T.);
#278=CARTESIAN_POINT('',(261.22316,79.20592,-72.));
#279=VERTEX_POINT('',#278);
#280=DIRECTION('',(-0.94693,0.32144,0.));
#281=VECTOR('',#280,10.72611);
#282=LINE('',#250,#281);
#283=EDGE_CURVE('',#251,#279,#282,.T.);
#284=ORIENTED_EDGE('',*,*,#283,.T.);
#285=CARTESIAN_POINT('',(261.22316,79.20592,-60.));
#286=VERTEX_POINT('',#285);
#287=DIRECTION('',(0.,0.,1.));
#288=VECTOR('',#287,12.);
#289=LINE('',#278,#288);
#290=EDGE_CURVE('',#279,#286,#289,.T.);
#291=ORIENTED_EDGE('',*,*,#290,.T.);
#292=DIRECTION('',(-0.94693,0.32144,0.));
#293=VECTOR('',#292,10.72611);
#294=LINE('',#257,#293);
#295=EDGE_CURVE('',#258,#286,#294,.T.);
#296=ORIENTED_EDGE('',*,*,#295,.F.);
#297=ORIENTED_EDGE('',*,*,#262,.F.);
#298=EDGE_LOOP('',(#284,#291,#296,#297));
#299=FACE_OUTER_BOUND('',#298,.T.);
#300=CARTESIAN_POINT('',(271.38004,75.75812,-72.));
#301=DIRECTION('',(0.32144,0.94693,0.));
#302=DIRECTION('',(-0.94693,0.32144,0.));
#303=AXIS2_PLACEMENT_3D('',#300,#301,#302);
#304=PLANE('',#303);
#305=ADVANCED_FACE('',(#299),#304,.T.);
#306=CARTESIAN_POINT('',(250.70315,81.29848,-72.));
#307=VERTEX_POINT('',#306);
#308=DIRECTION('',(-0.98079,0.19509,0.));
#309=VECTOR('',#308,10.72611);
#310=LINE('',#278,#309);
#311=EDGE_CURVE('',#279,#307,#310,.T.);
#312=ORIENTED_EDGE('',*,*,#311,.T.);
#313=CARTESIAN_POINT('',(250.70315,81.29848,-60.));
#314=VERTEX_POINT('',#313);
#315=DIRECTION('',(0.,0.,1.));
#316=VECTOR('',#315,12.);
#317=LINE('',#306,#316);
#318=EDGE_CURVE('',#307,#314,#317,.T.);
#319=ORIENTED_EDGE('',*,*,#318,.T.);
#320=DIRECTION('',(-0.98079,0.19509,0.));
#321=VECTOR('',#320,10.72611);
#322=LINE('',#285,#321);
#323=EDGE_CURVE('',#286,#314,#322,.T.);
#324=ORIENTED_EDGE('',*,*,#323,.F.);
#325=ORIENTED_EDGE('',*,*,#290,.F.);
#326=EDGE_LOOP('',(#312,#319,#324,#325));
#327=FACE_OUTER_BOUND('',#326,.T.);
#328=CARTESIAN_POINT('',(261.22316,79.20592,-72.));
#329=DIRECTION('',(0.19509,0.98079,0.));
#330=DIRECTION('',(-0.98079,0.19509,0.));
#331=AXIS2_PLACEMENT_3D('',#328,#329,#330);
#332=PLANE('',#331);
#333=ADVANCED_FACE('',(#327),#332,.T.);
#334=CARTESIAN_POINT('',(240.,82.,-72.));
#335=VERTEX_POINT('',#334);
#336=DIRECTION('',(-0.99786,0.0654,0.));
#337=VECTOR('',#336,10.72611);
#338=LINE('',#306,#337);
#339=EDGE_CURVE('',#307,#335,#338,.T.);
#340=ORIENTED_EDGE('',*,*,#339,.T.);
#341=CARTESIAN_POINT('',(240.,82.,-60.));
#342=VERTEX_POINT('',#341);
#343=DIRECTION('',(0.,0.,1.));
#344=VECTOR('',#343,12.);
#345=LINE('',#334,#344);
#346=EDGE_CURVE('',#335,#342,#345,.T.);
#347=ORIENTED_EDGE('',*,*,#346,.T.);
#348=DIRECTION('',(-0.99786,0.0654,0.));
#349=VECTOR('',#348,10.72611);
#350=LINE('',#313,#349);
#351=EDGE_CURVE('',#314,#342,#350,.T.);
#352=ORIENTED_EDGE('',*,*,#351,.F.);
#353=ORIENTED_EDGE('',*,*,#318,.F.);
#354=EDGE_LOOP('',(#340,#347,#352,#353));
#355=FACE_OUTER_BOUND('',#354,.T.);
#356=CARTESIAN_POINT('',(250.70315,81.29848,-72.));
#357=DIRECTION('',(0.0654,0.99786,0.));
#358=DIRECTION('',(-0.99786,0.0654,0.));
#359=AXIS2_PLACEMENT_3D('',#356,#357,#358);
#360=PLANE('',#359);
#361=ADVANCED_FACE('',(#355),#360,.T.);
#362=CARTESIAN_POINT('',(229.29685,81.29848,-72.));
#363=VERTEX_POINT('',#362);
#364=DIRECTION('',(-0.99786,-0.0654,0.));
#365=VECTOR('',#364,10.72611);
#366=LINE('',#334,#365);
#367=EDGE_CURVE('',#335,#363,#366,.T.);
#368=ORIENTED_EDGE('',*,*,#367,.T.);
#369=CARTESIAN_POINT('',(229.29685,81.29848,-60.));
#370=VERTEX_POINT('',#369);
#371=DIRECTION('',(0.,0.,1.));
#372=VECTOR('',#371,12.);
#373=LINE('',#362,#372);
#374=EDGE_CURVE('',#363,#370,#373,.T.);
#375=ORIENTED_EDGE('',*,*,#374,.T.);
#376=DIRECTION('',(-0.99786,-0.0654,0.));
#377=VECTOR('',#376,10.72611);
#378=LINE('',#341,#377);
#379=EDGE_CURVE('',#342,#370,#378,.T.);
#380=ORIENTED_EDGE('',*,*,#379,.F.);
#381=ORIENTED_EDGE('',*,*,#346,.F.);
#382=EDGE_LOOP('',(#368,#375,#380,#381));
#383=FACE_OUTER_BOUND('',#382,.T.);
#384=CARTESIAN_POINT('',(240.,82.,-72.));
#385=DIRECTION('',(-0.0654,0.99786,0.));
#386=DIRECTION('',(-0.99786,-0.0654,0.));
#387=AXIS2_PLACEMENT_3D('',#384,#385,#386);
#388=PLANE('',#387);
#389=ADVANCED_FACE('',(#383),#388,.T.);
#390=CARTESIAN_POINT('',(218.77684,79.20592,-72.));
#391=VERTEX_POINT('',#390);
#392=DIRECTION('',(-0.98079,-0.19509,0.));
#393=VECTOR('',#392,10.72611);
#394=LINE('',#362,#393);
#395=EDGE_CURVE('',#363,#391,#394,.T.);
#396=ORIENTED_EDGE('',*,*,#395,.T.);
#397=CARTESIAN_POINT('',(218.77684,79.20592,-60.));
#398=VERTEX_POINT('',#397);
#399=DIRECTION('',(0.,0.,1.));
#400=VECTOR('',#399,12.);
#401=LINE('',#390,#400);
#402=EDGE_CURVE('',#391,#398,#401,.T.);
#403=ORIENTED_EDGE('',*,*,#402,.T.);
#404=DIRECTION('',(-0.98079,-0.19509,0.));
#405=VECTOR('',#404,10.72611);
#406=LINE('',#369,#405);
#407=EDGE_CURVE('',#370,#398,#406,.T.);
#408=ORIENTED_EDGE('',*,*,#407,.F.);
#409=ORIENTED_EDGE('',*,*,#374,.F.);
#410=EDGE_LOOP('',(#396,#403,#408,#409));
#411=FACE_OUTER_BOUND('',#410,.T.);
#412=CARTESIAN_POINT('',(229.29685,81.29848,-72.));
#413=DIRECTION('',(-0.19509,0.98079,0.));
#414=DIRECTION('',(-0.98079,-0.19509,0.));
#415=AXIS2_PLACEMENT_3D('',#412,#413,#414);
#416=PLANE('',#415);
#417=ADVANCED_FACE('',(#411),#416,.T.);
#418=CARTESIAN_POINT('',(208.61996,75.75812,-72.));
#419=VERTEX_POINT('',#418);
#420=DIRECTION('',(-0.94693,-0.32144,0.));
#421=VECTOR('',#420,10.72611);
#422=LINE('',#390,#421);
#423=EDGE_CURVE('',#391,#419,#422,.T.);
#424=ORIENTED_EDGE('',*,*,#423,.T.);
#425=CARTESIAN_POINT('',(208.61996,75.75812,-60.));
#426=VERTEX_POINT('',#425);
#427=DIRECTION('',(0.,0.,1.));
#428=VECTOR('',#427,12.);
#429=LINE('',#418,#428);
#430=EDGE_CURVE('',#419,#426,#429,.T.);
#431=ORIENTED_EDGE('',*,*,#430,.T.);
#432=DIRECTION('',(-0.94693,-0.32144,0.));
#433=VECTOR('',#432,10.72611);
#434=LINE('',#397,#433);
#435=EDGE_CURVE('',#398,#426,#434,.T.);
#436=ORIENTED_EDGE('',*,*,#435,.F.);
#437=ORIENTED_EDGE('',*,*,#402,.F.);
#438=EDGE_LOOP('',(#424,#431,#436,#437));
#439=FACE_OUTER_BOUND('',#438,.T.);
#440=CARTESIAN_POINT('',(218.77684,79.20592,-72.));
#441=DIRECTION('',(-0.32144,0.94693,0.));
#442=DIRECTION('',(-0.94693,-0.32144,0.));
#443=AXIS2_PLACEMENT_3D('',#440,#441,#442);
#444=PLANE('',#443);
#445=ADVANCED_FACE('',(#439),#444,.T.);
#446=CARTESIAN_POINT('',(199.,71.01408,-72.));
#447=VERTEX_POINT('',#446);
#448=DIRECTION('',(-0.89687,-0.44229,0.));
#449=VECTOR('',#448,10.72611);
#450=LINE('',#418,#449);
#451=EDGE_CURVE('',#419,#447,#450,.T.);
#452=ORIENTED_EDGE('',*,*,#451,.T.);
#453=CARTESIAN_POINT('',(199.,71.01408,-60.));
#454=VERTEX_POINT('',#453);
#455=DIRECTION('',(0.,0.,1.));
#456=VECTOR('',#455,12.);
#457=LINE('',#446,#456);
#458=EDGE_CURVE('',#447,#454,#457,.T.);
#459=ORIENTED_EDGE('',*,*,#458,.T.);
#460=DIRECTION('',(-0.89687,-0.44229,0.));
#461=VECTOR('',#460,10.72611);
#462=LINE('',#425,#461);
#463=EDGE_CURVE('',#426,#454,#462,.T.);
#464=ORIENTED_EDGE('',*,*,#463,.F.);
#465=ORIENTED_EDGE('',*,*,#430,.F.);
#466=EDGE_LOOP('',(#452,#459,#464,#465));
#467=FACE_OUTER_BOUND('',#466,.T.);
#468=CARTESIAN_POINT('',(208.61996,75.75812,-72.));
#469=DIRECTION('',(-0.44229,0.89687,0.));
#470=DIRECTION('',(-0.89687,-0.44229,0.));
#471=AXIS2_PLACEMENT_3D('',#468,#469,#470);
#472=PLANE('',#471);
#473=ADVANCED_FACE('',(#467),#472,.T.);
#474=CARTESIAN_POINT('',(190.08156,65.05497,-72.));
#475=VERTEX_POINT('',#474);
#476=DIRECTION('',(-0.83147,-0.55557,0.));
#477=VECTOR('',#476,10.72611);
#478=LINE('',#446,#477);
#479=EDGE_CURVE('',#447,#475,#478,.T.);
#480=ORIENTED_EDGE('',*,*,#479,.T.);
#481=CARTESIAN_POINT('',(190.08156,65.05497,-60.));
#482=VERTEX_POINT('',#481);
#483=DIRECTION('',(0.,0.,1.));
#484=VECTOR('',#483,12.);
#485=LINE('',#474,#484);
#486=EDGE_CURVE('',#475,#482,#485,.T.);
#487=ORIENTED_EDGE('',*,*,#486,.T.);
#488=DIRECTION('',(-0.83147,-0.55557,0.));
#489=VECTOR('',#488,10.72611);
#490=LINE('',#453,#489);
#491=EDGE_CURVE('',#454,#482,#490,.T.);
#492=ORIENTED_EDGE('',*,*,#491,.F.);
#493=ORIENTED_EDGE('',*,*,#458,.F.);
#494=EDGE_LOOP('',(#480,#487,#492,#493));
#495=FACE_OUTER_BOUND('',#494,.T.);
#496=CARTESIAN_POINT('',(199.,71.01408,-72.));
#497=DIRECTION('',(-0.55557,0.83147,0.));
#498=DIRECTION('',(-0.83147,-0.55557,0.));
#499=AXIS2_PLACEMENT_3D('',#496,#497,#498);
#500=PLANE('',#499);
#501=ADVANCED_FACE('',(#495),#500,.T.);
#502=CARTESIAN_POINT('',(182.01724,57.98276,-72.));
#503=VERTEX_POINT('',#502);
#504=DIRECTION('',(-0.75184,-0.65935,0.));
#505=VECTOR('',#504,10.72611);
#506=LINE('',#474,#505);
#507=EDGE_CURVE('',#475,#503,#506,.T.);
#508=ORIENTED_EDGE('',*,*,#507,.T.);
#509=CARTESIAN_POINT('',(182.01724,57.98276,-60.));
#510=VERTEX_POINT('',#509);
#511=DIRECTION('',(0.,0.,1.));
#512=VECTOR('',#511,12.);
#513=LINE('',#502,#512);
#514=EDGE_CURVE('',#503,#510,#513,.T.);
#515=ORIENTED_EDGE('',*,*,#514,.T.);
#516=DIRECTION('',(-0.75184,-0.65935,0.));
#517=VECTOR('',#516,10.72611);
#518=LINE('',#481,#517);
#519=EDGE_CURVE('',#482,#510,#518,.T.);
#520=ORIENTED_EDGE('',*,*,#519,.F.);
#521=ORIENTED_EDGE('',*,*,#486,.F.);
#522=EDGE_LOOP('',(#508,#515,#520,#521));
#523=FACE_OUTER_BOUND('',#522,.T.);
#524=CARTESIAN_POINT('',(190.08156,65.05497,-72.));
#525=DIRECTION('',(-0.65935,0.75184,0.));
#526=DIRECTION('',(-0.75184,-0.65935,0.));
#527=AXIS2_PLACEMENT_3D('',#524,#525,#526);
#528=PLANE('',#527);
#529=ADVANCED_FACE('',(#523),#528,.T.);
#530=CARTESIAN_POINT('',(174.94503,49.91844,-72.));
#531=VERTEX_POINT('',#530);
#532=DIRECTION('',(-0.65935,-0.75184,0.));
#533=VECTOR('',#532,10.72611);
#534=LINE('',#502,#533);
#535=EDGE_CURVE('',#503,#531,#534,.T.);
#536=ORIENTED_EDGE('',*,*,#535,.T.);
#537=CARTESIAN_POINT('',(174.94503,49.91844,-60.));
#538=VERTEX_POINT('',#537);
#539=DIRECTION('',(0.,0.,1.));
#540=VECTOR('',#539,12.);
#541=LINE('',#530,#540);
#542=EDGE_CURVE('',#531,#538,#541,.T.);
#543=ORIENTED_EDGE('',*,*,#542,.T.);
#544=DIRECTION('',(-0.65935,-0.75184,0.));
#545=VECTOR('',#544,10.72611);
#546=LINE('',#509,#545);
#547=EDGE_CURVE('',#510,#538,#546,.T.);
#548=ORIENTED_EDGE('',*,*,#547,.F.);
#549=ORIENTED_EDGE('',*,*,#514,.F.);
#550=EDGE_LOOP('',(#536,#543,#548,#549));
#551=FACE_OUTER_BOUND('',#550,.T.);
#552=CARTESIAN_POINT('',(182.01724,57.98276,-72.));
#553=DIRECTION('',(-0.75184,0.65935,0.));
#554=DIRECTION('',(-0.65935,-0.75184,0.));
#555=AXIS2_PLACEMENT_3D('',#552,#553,#554);
#556=PLANE('',#555);
#557=ADVANCED_FACE('',(#551),#556,.T.);
#558=CARTESIAN_POINT('',(168.98592,41.,-72.));
#559=VERTEX_POINT('',#558);
#560=DIRECTION('',(-0.55557,-0.83147,0.));
#561=VECTOR('',#560,10.72611);
#562=LINE('',#530,#561);
#563=EDGE_CURVE('',#531,#559,#562,.T.);
#564=ORIENTED_EDGE('',*,*,#563,.T.);
#565=CARTESIAN_POINT('',(168.98592,41.,-60.));
#566=VERTEX_POINT('',#565);
#567=DIRECTION('',(0.,0.,1.));
#568=VECTOR('',#567,12.);
#569=LINE('',#558,#568);
#570=EDGE_CURVE('',#559,#566,#569,.T.);
#571=ORIENTED_EDGE('',*,*,#570,.T.);
#572=DIRECTION('',(-0.55557,-0.83147,0.));
#573=VECTOR('',#572,10.72611);
#574=LINE('',#537,#573);
#575=EDGE_CURVE('',#538,#566,#574,.T.);
#576=ORIENTED_EDGE('',*,*,#575,.F.);
#577=ORIENTED_EDGE('',*,*,#542,.F.);
#578=EDGE_LOOP('',(#564,#571,#576,#577));
#579=FACE_OUTER_BOUND('',#578,.T.);
#580=CARTESIAN_POINT('',(174.94503,49.91844,-72.));
#581=DIRECTION('',(-0.83147,0.55557,0.));
#582=DIRECTION('',(-0.55557,-0.83147,0.));
#583=AXIS2_PLACEMENT_3D('',#580,#581,#582);
#584=PLANE('',#583);
#585=ADVANCED_FACE('',(#579),#584,.T.);
#586=CARTESIAN_POINT('',(164.24188,31.38004,-72.));
#587=VERTEX_POINT('',#586);
#588=DIRECTION('',(-0.44229,-0.89687,0.));
#589=VECTOR('',#588,10.72611);
#590=LINE('',#558,#589);
#591=EDGE_CURVE('',#559,#587,#590,.T.);
#592=ORIENTED_EDGE('',*,*,#591,.T.);
#593=CARTESIAN_POINT('',(164.24188,31.38004,-60.));
#594=VERTEX_POINT('',#593);
#595=DIRECTION('',(0.,0.,1.));
#596=VECTOR('',#595,12.);
#597=LINE('',#586,#596);
#598=EDGE_CURVE('',#587,#594,#597,.T.);
#599=ORIENTED_EDGE('',*,*,#598,.T.);
#600=DIRECTION('',(-0.44229,-0.89687,0.));
#601=VECTOR('',#600,10.72611);
#602=LINE('',#565,#601);
#603=EDGE_CURVE('',#566,#594,#602,.T.);
#604=ORIENTED_EDGE('',*,*,#603,.F.);
#605=ORIENTED_EDGE('',*,*,#570,.F.);
#606=EDGE_LOOP('',(#592,#599,#604,#605));
#607=FACE_OUTER_BOUND('',#606,.T.);
#608=CARTESIAN_POINT('',(168.98592,41.,-72.));
#609=DIRECTION('',(-0.89687,0.44229,0.));
#610=DIRECTION('',(-0.44229,-0.89687,0.));
#611=AXIS2_PLACEMENT_3D('',#608,#609,#610);
#612=PLANE('',#611);
#613=ADVANCED_FACE('',(#607),#612,.T.);
#614=CARTESIAN_POINT('',(160.79408,21.22316,-72.));
#615=VERTEX_POINT('',#614);
#616=DIRECTION('',(-0.32144,-0.94693,0.));
#617=VECTOR('',#616,10.72611);
#618=LINE('',#586,#617);
#619=EDGE_CURVE('',#587,#615,#618,.T.);
#620=ORIENTED_EDGE('',*,*,#619,.T.);
#621=CARTESIAN_POINT('',(160.79408,21.22316,-60.));
#622=VERTEX_POINT('',#621);
#623=DIRECTION('',(0.,0.,1.));
#624=VECTOR('',#623,12.);
#625=LINE('',#614,#624);
#626=EDGE_CURVE('',#615,#622,#625,.T.);
#627=ORIENTED_EDGE('',*,*,#626,.T.);
#628=DIRECTION('',(-0.32144,-0.94693,0.));
#629=VECTOR('',#628,10.72611);
#630=LINE('',#593,#629);
#631=EDGE_CURVE('',#594,#622,#630,.T.);
#632=ORIENTED_EDGE('',*,*,#631,.F.);
#633=ORIENTED_EDGE('',*,*,#598,.F.);
#634=EDGE_LOOP('',(#620,#627,#632,#633));
#635=FACE_OUTER_BOUND('',#634,.T.);
#636=CARTESIAN_POINT('',(164.24188,31.38004,-72.));
#637=DIRECTION('',(-0.94693,0.32144,0.));
#638=DIRECTION('',(-0.32144,-0.94693,0.));
#639=AXIS2_PLACEMENT_3D('',#636,#637,#638);
#640=PLANE('',#639);
#641=ADVANCED_FACE('',(#635),#640,.T.);
#642=CARTESIAN_POINT('',(158.70152,10.70315,-72.));
#643=VERTEX_POINT('',#642);
#644=DIRECTION('',(-0.19509,-0.98079,0.));
#645=VECTOR('',#644,10.72611);
#646=LINE('',#614,#645);
#647=EDGE_CURVE('',#615,#643,#646,.T.);
#648=ORIENTED_EDGE('',*,*,#647,.T.);
#649=CARTESIAN_POINT('',(158.70152,10.70315,-60.));
#650=VERTEX_POINT('',#649);
#651=DIRECTION('',(0.,0.,1.));
#652=VECTOR('',#651,12.);
#653=LINE('',#642,#652);
#654=EDGE_CURVE('',#643,#650,#653,.T.);
#655=ORIENTED_EDGE('',*,*,#654,.T.);
#656=DIRECTION('',(-0.19509,-0.98079,0.));
#657=VECTOR('',#656,10.72611);
#658=LINE('',#621,#657);
#659=EDGE_CURVE('',#622,#650,#658,.T.);
#660=ORIENTED_EDGE('',*,*,#659,.F.);
#661=ORIENTED_EDGE('',*,*,#626,.F.);
#662=EDGE_LOOP('',(#648,#655,#660,#661));
#663=FACE_OUTER_BOUND('',#662,.T.);
#664=CARTESIAN_POINT('',(160.79408,21.22316,-72.));
#665=DIRECTION('',(-0.98079,0.19509,0.));
#666=DIRECTION('',(-0.19509,-0.98079,0.));
#667=AXIS2_PLACEMENT_3D('',#664,#665,#666);
#668=PLANE('',#667);
#669=ADVANCED_FACE('',(#663),#668,.T.);
#670=CARTESIAN_POINT('',(158.,0.,-72.));
#671=VERTEX_POINT('',#670);
#672=DIRECTION('',(-0.0654,-0.99786,0.));
#673=VECTOR('',#672,10.72611);
#674=LINE('',#642,#673);
#675=EDGE_CURVE('',#643,#671,#674,.T.);
#676=ORIENTED_EDGE('',*,*,#675,.T.);
#677=CARTESIAN_POINT('',(158.,0.,-60.));
#678=VERTEX_POINT('',#677);
#679=DIRECTION('',(0.,0.,1.));
#680=VECTOR('',#679,12.);
#681=LINE('',#670,#680);
#682=EDGE_CURVE('',#671,#678,#681,.T.);
#683=ORIENTED_EDGE('',*,*,#682,.T.);
#684=DIRECTION('',(-0.0654,-0.99786,0.));
#685=VECTOR('',#684,10.72611);
#686=LINE('',#649,#685);
#687=EDGE_CURVE('',#650,#678,#686,.T.);
#688=ORIENTED_EDGE('',*,*,#687,.F.);
#689=ORIENTED_EDGE('',*,*,#654,.F.);
#690=EDGE_LOOP('',(#676,#683,#688,#689));
#691=FACE_OUTER_BOUND('',#690,.T.);
#692=CARTESIAN_POINT('',(158.70152,10.70315,-72.));
#693=DIRECTION('',(-0.99786,0.0654,0.));
#694=DIRECTION('',(-0.0654,-0.99786,0.));
#695=AXIS2_PLACEMENT_3D('',#692,#693,#694);
#696=PLANE('',#695);
#697=ADVANCED_FACE('',(#691),#696,.T.);
#698=CARTESIAN_POINT('',(158.70152,-10.70315,-72.));
#699=VERTEX_POINT('',#698);
#700=DIRECTION('',(0.0654,-0.99786,0.));
#701=VECTOR('',#700,10.72611);
#702=LINE('',#670,#701);
#703=EDGE_CURVE('',#671,#699,#702,.T.);
#704=ORIENTED_EDGE('',*,*,#703,.T.);
#705=CARTESIAN_POINT('',(158.70152,-10.70315,-60.));
#706=VERTEX_POINT('',#705);
#707=DIRECTION('',(0.,0.,1.));
#708=VECTOR('',#707,12.);
#709=LINE('',#698,#708);
#710=EDGE_CURVE('',#699,#706,#709,.T.);
#711=ORIENTED_EDGE('',*,*,#710,.T.);
#712=DIRECTION('',(0.0654,-0.99786,0.));
#713=VECTOR('',#712,10.72611);
#714=LINE('',#677,#713);
#715=EDGE_CURVE('',#678,#706,#714,.T.);
#716=ORIENTED_EDGE('',*,*,#715,.F.);
#717=ORIENTED_EDGE('',*,*,#682,.F.);
#718=EDGE_LOOP('',(#704,#711,#716,#717));
#719=FACE_OUTER_BOUND('',#718,.T.);
#720=CARTESIAN_POINT('',(158.,0.,-72.));
#721=DIRECTION('',(-0.99786,-0.0654,0.));
#722=DIRECTION('',(0.0654,-0.99786,0.));
#723=AXIS2_PLACEMENT_3D('',#720,#721,#722);
#724=PLANE('',#723);
#725=ADVANCED_FACE('',(#719),#724,.T.);
#726=CARTESIAN_POINT('',(160.79408,-21.22316,-72.));
#727=VERTEX_POINT('',#726);
#728=DIRECTION('',(0.19509,-0.98079,0.));
#729=VECTOR('',#728,10.72611);
#730=LINE('',#698,#729);
#731=EDGE_CURVE('',#699,#727,#730,.T.);
#732=ORIENTED_EDGE('',*,*,#731,.T.);
#733=CARTESIAN_POINT('',(160.79408,-21.22316,-60.));
#734=VERTEX_POINT('',#733);
#735=DIRECTION('',(0.,0.,1.));
#736=VECTOR('',#735,12.);
#737=LINE('',#726,#736);
#738=EDGE_CURVE('',#727,#734,#737,.T.);
#739=ORIENTED_EDGE('',*,*,#738,.T.);
#740=DIRECTION('',(0.19509,-0.98079,0.));
#741=VECTOR('',#740,10.72611);
#742=LINE('',#705,#741);
#743=EDGE_CURVE('',#706,#734,#742,.T.);
#744=ORIENTED_EDGE('',*,*,#743,.F.);
#745=ORIENTED_EDGE('',*,*,#710,.F.);
#746=EDGE_LOOP('',(#732,#739,#744,#745));
#747=FACE_OUTER_BOUND('',#746,.T.);
#748=CARTESIAN_POINT('',(158.70152,-10.70315,-72.));
#749=DIRECTION('',(-0.98079,-0.19509,0.));
#750=DIRECTION('',(0.19509,-0.98079,0.));
#751=AXIS2_PLACEMENT_3D('',#748,#749,#750);
#752=PLANE('',#751);
#753=ADVANCED_FACE('',(#747),#752,.T.);
#754=CARTESIAN_POINT('',(164.24188,-31.38004,-72.));
#755=VERTEX_POINT('',#754);
#756=DIRECTION('',(0.32144,-0.94693,0.));
#757=VECTOR('',#756,10.72611);
#758=LINE('',#726,#757);
#759=EDGE_CURVE('',#727,#755,#758,.T.);
#760=ORIENTED_EDGE('',*,*,#759,.T.);
#761=CARTESIAN_POINT('',(164.24188,-31.38004,-60.));
#762=VERTEX_POINT('',#761);
#763=DIRECTION('',(0.,0.,1.));
#764=VECTOR('',#763,12.);
#765=LINE('',#754,#764);
#766=EDGE_CURVE('',#755,#762,#765,.T.);
#767=ORIENTED_EDGE('',*,*,#766,.T.);
#768=DIRECTION('',(0.32144,-0.94693,0.));
#769=VECTOR('',#768,10.72611);
#770=LINE('',#733,#769);
#771=EDGE_CURVE('',#734,#762,#770,.T.);
#772=ORIENTED_EDGE('',*,*,#771,.F.);
#773=ORIENTED_EDGE('',*,*,#738,.F.);
#774=EDGE_LOOP('',(#760,#767,#772,#773));
#775=FACE_OUTER_BOUND('',#774,.T.);
#776=CARTESIAN_POINT('',(160.79408,-21.22316,-72.));
#777=DIRECTION('',(-0.94693,-0.32144,0.));
#778=DIRECTION('',(0.32144,-0.94693,0.));
#779=AXIS2_PLACEMENT_3D('',#776,#777,#778);
#780=PLANE('',#779);
#781=ADVANCED_FACE('',(#775),#780,.T.);
#782=CARTESIAN_POINT('',(168.98592,-41.,-72.));
#783=VERTEX_POINT('',#782);
#784=DIRECTION('',(0.44229,-0.89687,0.));
#785=VECTOR('',#784,10.72611);
#786=LINE('',#754,#785);
#787=EDGE_CURVE('',#755,#783,#786,.T.);
#788=ORIENTED_EDGE('',*,*,#787,.T.);
#789=CARTESIAN_POINT('',(168.98592,-41.,-60.));
#790=VERTEX_POINT('',#789);
#791=DIRECTION('',(0.,0.,1.));
#792=VECTOR('',#791,12.);
#793=LINE('',#782,#792);
#794=EDGE_CURVE('',#783,#790,#793,.T.);
#795=ORIENTED_EDGE('',*,*,#794,.T.);
#796=DIRECTION('',(0.44229,-0.89687,0.));
#797=VECTOR('',#796,10.72611);
#798=LINE('',#761,#797);
#799=EDGE_CURVE('',#762,#790,#798,.T.);
#800=ORIENTED_EDGE('',*,*,#799,.F.);
#801=ORIENTED_EDGE('',*,*,#766,.F.);
#802=EDGE_LOOP('',(#788,#795,#800,#801));
#803=FACE_OUTER_BOUND('',#802,.T.);
#804=CARTESIAN_POINT('',(164.24188,-31.38004,-72.));
#805=DIRECTION('',(-0.89687,-0.44229,0.));
#806=DIRECTION('',(0.44229,-0.89687,0.));
#807=AXIS2_PLACEMENT_3D('',#804,#805,#806);
#808=PLANE('',#807);
#809=ADVANCED_FACE('',(#803),#808,.T.);
#810=CARTESIAN_POINT('',(174.94503,-49.91844,-72.));
#811=VERTEX_POINT('',#810);
#812=DIRECTION('',(0.55557,-0.83147,0.));
#813=VECTOR('',#812,10.72611);
#814=LINE('',#782,#813);
#815=EDGE_CURVE('',#783,#811,#814,.T.);
#816=ORIENTED_EDGE('',*,*,#815,.T.);
#817=CARTESIAN_POINT('',(174.94503,-49.91844,-60.));
#818=VERTEX_POINT('',#817);
#819=DIRECTION('',(0.,0.,1.));
#820=VECTOR('',#819,12.);
#821=LINE('',#810,#820);
#822=EDGE_CURVE('',#811,#818,#821,.T.);
#823=ORIENTED_EDGE('',*,*,#822,.T.);
#824=DIRECTION('',(0.55557,-0.83147,0.));
#825=VECTOR('',#824,10.72611);
#826=LINE('',#789,#825);
#827=EDGE_CURVE('',#790,#818,#826,.T.);
#828=ORIENTED_EDGE('',*,*,#827,.F.);
#829=ORIENTED_EDGE('',*,*,#794,.F.);
#830=EDGE_LOOP('',(#816,#823,#828,#829));
#831=FACE_OUTER_BOUND('',#830,.T.);
#832=CARTESIAN_POINT('',(168.98592,-41.,-72.));
#833=DIRECTION('',(-0.83147,-0.55557,0.));
#834=DIRECTION('',(0.55557,-0.83147,0.));
#835=AXIS2_PLACEMENT_3D('',#832,#833,#834);
#836=PLANE('',#835);
#837=ADVANCED_FACE('',(#831),#836,.T.);
#838=CARTESIAN_POINT('',(182.01724,-57.98276,-72.));
#839=VERTEX_POINT('',#838);
#840=DIRECTION('',(0.65935,-0.75184,0.));
#841=VECTOR('',#840,10.72611);
#842=LINE('',#810,#841);
#843=EDGE_CURVE('',#811,#839,#842,.T.);
#844=ORIENTED_EDGE('',*,*,#843,.T.);
#845=CARTESIAN_POINT('',(182.01724,-57.98276,-60.));
#846=VERTEX_POINT('',#845);
#847=DIRECTION('',(0.,0.,1.));
#848=VECTOR('',#847,12.);
#849=LINE('',#838,#848);
#850=EDGE_CURVE('',#839,#846,#849,.T.);
#851=ORIENTED_EDGE('',*,*,#850,.T.);
#852=DIRECTION('',(0.65935,-0.75184,0.));
#853=VECTOR('',#852,10.72611);
#854=LINE('',#817,#853);
#855=EDGE_CURVE('',#818,#846,#854,.T.);
#856=ORIENTED_EDGE('',*,*,#855,.F.);
#857=ORIENTED_EDGE('',*,*,#822,.F.);
#858=EDGE_LOOP('',(#844,#851,#856,#857));
#859=FACE_OUTER_BOUND('',#858,.T.);
#860=CARTESIAN_POINT('',(174.94503,-49.91844,-72.));
#861=DIRECTION('',(-0.75184,-0.65935,0.));
#862=DIRECTION('',(0.65935,-0.75184,0.));
#863=AXIS2_PLACEMENT_3D('',#860,#861,#862);
#864=PLANE('',#863);
#865=ADVANCED_FACE('',(#859),#864,.T.);
#866=CARTESIAN_POINT('',(190.08156,-65.05497,-72.));
#867=VERTEX_POINT('',#866);
#868=DIRECTION('',(0.75184,-0.65935,0.));
#869=VECTOR('',#868,10.72611);
#870=LINE('',#838,#869);
#871=EDGE_CURVE('',#839,#867,#870,.T.);
#872=ORIENTED_EDGE('',*,*,#871,.T.);
#873=CARTESIAN_POINT('',(190.08156,-65.05497,-60.));
#874=VERTEX_POINT('',#873);
#875=DIRECTION('',(0.,0.,1.));
#876=VECTOR('',#875,12.);
#877=LINE('',#866,#876);
#878=EDGE_CURVE('',#867,#874,#877,.T.);
#879=ORIENTED_EDGE('',*,*,#878,.T.);
#880=DIRECTION('',(0.75184,-0.65935,0.));
#881=VECTOR('',#880,10.72611);
#882=LINE('',#845,#881);
#883=EDGE_CURVE('',#846,#874,#882,.T.);
#884=ORIENTED_EDGE('',*,*,#883,.F.);
#885=ORIENTED_EDGE('',*,*,#850,.F.);
#886=EDGE_LOOP('',(#872,#879,#884,#885));
#887=FACE_OUTER_BOUND('',#886,.T.);
#888=CARTESIAN_POINT('',(182.01724,-57.98276,-72.));
#889=DIRECTION('',(-0.65935,-0.75184,0.));
#890=DIRECTION('',(0.75184,-0.65935,0.));
#891=AXIS2_PLACEMENT_3D('',#888,#889,#890);
#892=PLANE('',#891);
#893=ADVANCED_FACE('',(#887),#892,.T.);
#894=CARTESIAN_POINT('',(199.,-71.01408,-72.));
#895=VERTEX_POINT('',#894);
#896=DIRECTION('',(0.83147,-0.55557,0.));
#897=VECTOR('',#896,10.72611);
#898=LINE('',#866,#897);
#899=EDGE_CURVE('',#867,#895,#898,.T.);
#900=ORIENTED_EDGE('',*,*,#899,.T.);
#901=CARTESIAN_POINT('',(199.,-71.01408,-60.));
#902=VERTEX_POINT('',#901);
#903=DIRECTION('',(0.,0.,1.));
#904=VECTOR('',#903,12.);
#905=LINE('',#894,#904);
#906=EDGE_CURVE('',#895,#902,#905,.T.);
#907=ORIENTED_EDGE('',*,*,#906,.T.);
#908=DIRECTION('',(0.83147,-0.55557,0.));
#909=VECTOR('',#908,10.72611);
#910=LINE('',#873,#909);
#911=EDGE_CURVE('',#874,#902,#910,.T.);
#912=ORIENTED_EDGE('',*,*,#911,.F.);
#913=ORIENTED_EDGE('',*,*,#878,.F.);
#914=EDGE_LOOP('',(#900,#907,#912,#913));
#915=FACE_OUTER_BOUND('',#914,.T.);
#916=CARTESIAN_POINT('',(190.08156,-65.05497,-72.));
#917=DIRECTION('',(-0.55557,-0.83147,0.));
#918=DIRECTION('',(0.83147,-0.55557,0.));
#919=AXIS2_PLACEMENT_3D('',#916,#917,#918);
#920=PLANE('',#919);
#921=ADVANCED_FACE('',(#915),#920,.T.);
#922=CARTESIAN_POINT('',(208.61996,-75.75812,-72.));
#923=VERTEX_POINT('',#922);
#924=DIRECTION('',(0.89687,-0.44229,0.));
#925=VECTOR('',#924,10.72611);
#926=LINE('',#894,#925);
#927=EDGE_CURVE('',#895,#923,#926,.T.);
#928=ORIENTED_EDGE('',*,*,#927,.T.);
#929=CARTESIAN_POINT('',(208.61996,-75.75812,-60.));
#930=VERTEX_POINT('',#929);
#931=DIRECTION('',(0.,0.,1.));
#932=VECTOR('',#931,12.);
#933=LINE('',#922,#932);
#934=EDGE_CURVE('',#923,#930,#933,.T.);
#935=ORIENTED_EDGE('',*,*,#934,.T.);
#936=DIRECTION('',(0.89687,-0.44229,0.));
#937=VECTOR('',#936,10.72611);
#938=LINE('',#901,#937);
#939=EDGE_CURVE('',#902,#930,#938,.T.);
#940=ORIENTED_EDGE('',*,*,#939,.F.);
#941=ORIENTED_EDGE('',*,*,#906,.F.);
#942=EDGE_LOOP('',(#928,#935,#940,#941));
#943=FACE_OUTER_BOUND('',#942,.T.);
#944=CARTESIAN_POINT('',(199.,-71.01408,-72.));
#945=DIRECTION('',(-0.44229,-0.89687,0.));
#946=DIRECTION('',(0.89687,-0.44229,0.));
#947=AXIS2_PLACEMENT_3D('',#944,#945,#946);
#948=PLANE('',#947);
#949=ADVANCED_FACE('',(#943),#948,.T.);
#950=CARTESIAN_POINT('',(218.77684,-79.20592,-72.));
#951=VERTEX_POINT('',#950);
#952=DIRECTION('',(0.94693,-0.32144,0.));
#953=VECTOR('',#952,10.72611);
#954=LINE('',#922,#953);
#955=EDGE_CURVE('',#923,#951,#954,.T.);
#956=ORIENTED_EDGE('',*,*,#955,.T.);
#957=CARTESIAN_POINT('',(218.77684,-79.20592,-60.));
#958=VERTEX_POINT('',#957);
#959=DIRECTION('',(0.,0.,1.));
#960=VECTOR('',#959,12.);
#961=LINE('',#950,#960);
#962=EDGE_CURVE('',#951,#958,#961,.T.);
#963=ORIENTED_EDGE('',*,*,#962,.T.);
#964=DIRECTION('',(0.94693,-0.32144,0.));
#965=VECTOR('',#964,10.72611);
#966=LINE('',#929,#965);
#967=EDGE_CURVE('',#930,#958,#966,.T.);
#968=ORIENTED_EDGE('',*,*,#967,.F.);
#969=ORIENTED_EDGE('',*,*,#934,.F.);
#970=EDGE_LOOP('',(#956,#963,#968,#969));
#971=FACE_OUTER_BOUND('',#970,.T.);
#972=CARTESIAN_POINT('',(208.61996,-75.75812,-72.));
#973=DIRECTION('',(-0.32144,-0.94693,0.));
#974=DIRECTION('',(0.94693,-0.32144,0.));
#975=AXIS2_PLACEMENT_3D('',#972,#973,#974);
#976=PLANE('',#975);
#977=ADVANCED_FACE('',(#971),#976,.T.);
#978=CARTESIAN_POINT('',(229.29685,-81.29848,-72.));
#979=VERTEX_POINT('',#978);
#980=DIRECTION('',(0.98079,-0.19509,0.));
#981=VECTOR('',#980,10.72611);
#982=LINE('',#950,#981);
#983=EDGE_CURVE('',#951,#979,#982,.T.);
#984=ORIENTED_EDGE('',*,*,#983,.T.);
#985=CARTESIAN_POINT('',(229.29685,-81.29848,-60.));
#986=VERTEX_POINT('',#985);
#987=DIRECTION('',(0.,0.,1.));
#988=VECTOR('',#987,12.);
#989=LINE('',#978,#988);
#990=EDGE_CURVE('',#979,#986,#989,.T.);
#991=ORIENTED_EDGE('',*,*,#990,.T.);
#992=DIRECTION('',(0.98079,-0.19509,0.));
#993=VECTOR('',#992,10.72611);
#994=LINE('',#957,#993);
#995=EDGE_CURVE('',#958,#986,#994,.T.);
#996=ORIENTED_EDGE('',*,*,#995,.F.);
#997=ORIENTED_EDGE('',*,*,#962,.F.);
#998=EDGE_LOOP('',(#984,#991,#996,#997));
#999=FACE_OUTER_BOUND('',#998,.T.);
#1000=CARTESIAN_POINT('',(218.77684,-79.20592,-72.));
#1001=DIRECTION('',(-0.19509,-0.98079,0.));
#1002=DIRECTION('',(0.98079,-0.19509,0.));
#1003=AXIS2_PLACEMENT_3D('',#1000,#1001,#1002);
#1004=PLANE('',#1003);
#1005=ADVANCED_FACE('',(#999),#1004,.T.);
#1006=CARTESIAN_POINT('',(240.,-82.,-72.));
#1007=VERTEX_POINT('',#1006);
#1008=DIRECTION('',(0.99786,-0.0654,0.));
#1009=VECTOR('',#1008,10.72611);
#1010=LINE('',#978,#1009);
#1011=EDGE_CURVE('',#979,#1007,#1010,.T.);
#1012=ORIENTED_EDGE('',*,*,#1011,.T.);
#1013=CARTESIAN_POINT('',(240.,-82.,-60.));
#1014=VERTEX_POINT('',#1013);
#1015=DIRECTION('',(0.,0.,1.));
#1016=VECTOR('',#1015,12.);
#1017=LINE('',#1006,#1016);
#1018=EDGE_CURVE('',#1007,#1014,#1017,.T.);
#1019=ORIENTED_EDGE('',*,*,#1018,.T.);
#1020=DIRECTION('',(0.99786,-0.0654,0.));
#1021=VECTOR('',#1020,10.72611);
#1022=LINE('',#985,#1021);
#1023=EDGE_CURVE('',#986,#1014,#1022,.T.);
#1024=ORIENTED_EDGE('',*,*,#1023,.F.);
#1025=ORIENTED_EDGE('',*,*,#990,.F.);
#1026=EDGE_LOOP('',(#1012,#1019,#1024,#1025));
#1027=FACE_OUTER_BOUND('',#1026,.T.);
#1028=CARTESIAN_POINT('',(229.29685,-81.29848,-72.));
#1029=DIRECTION('',(-0.0654,-0.99786,0.));
#1030=DIRECTION('',(0.99786,-0.0654,0.));
#1031=AXIS2_PLACEMENT_3D('',#1028,#1029,#1030);
#1032=PLANE('',#1031);
#1033=ADVANCED_FACE('',(#1027),#1032,.T.);
#1034=CARTESIAN_POINT('',(250.70315,-81.29848,-72.));
#1035=VERTEX_POINT('',#1034);
#1036=DIRECTION('',(0.99786,0.0654,0.));
#1037=VECTOR('',#1036,10.72611);
#1038=LINE('',#1006,#1037);
#1039=EDGE_CURVE('',#1007,#1035,#1038,.T.);
#1040=ORIENTED_EDGE('',*,*,#1039,.T.);
#1041=CARTESIAN_POINT('',(250.70315,-81.29848,-60.));
#1042=VERTEX_POINT('',#1041);
#1043=DIRECTION('',(0.,0.,1.));
#1044=VECTOR('',#1043,12.);
#1045=LINE('',#1034,#1044);
#1046=EDGE_CURVE('',#1035,#1042,#1045,.T.);
#1047=ORIENTED_EDGE('',*,*,#1046,.T.);
#1048=DIRECTION('',(0.99786,0.0654,0.));
#1049=VECTOR('',#1048,10.72611);
#1050=LINE('',#1013,#1049);
#1051=EDGE_CURVE('',#1014,#1042,#1050,.T.);
#1052=ORIENTED_EDGE('',*,*,#1051,.F.);
#1053=ORIENTED_EDGE('',*,*,#1018,.F.);
#1054=EDGE_LOOP('',(#1040,#1047,#1052,#1053));
#1055=FACE_OUTER_BOUND('',#1054,.T.);
#1056=CARTESIAN_POINT('',(240.,-82.,-72.));
#1057=DIRECTION('',(0.0654,-0.99786,0.));
#1058=DIRECTION('',(0.99786,0.0654,0.));
#1059=AXIS2_PLACEMENT_3D('',#1056,#1057,#1058);
#1060=PLANE('',#1059);
#1061=ADVANCED_FACE('',(#1055),#1060,.T.);
#1062=CARTESIAN_POINT('',(261.22316,-79.20592,-72.));
#1063=VERTEX_POINT('',#1062);
#1064=DIRECTION('',(0.98079,0.19509,0.));
#1065=VECTOR('',#1064,10.72611);
#1066=LINE('',#1034,#1065);
#1067=EDGE_CURVE('',#1035,#1063,#1066,.T.);
#1068=ORIENTED_EDGE('',*,*,#1067,.T.);
#1069=CARTESIAN_POINT('',(261.22316,-79.20592,-60.));
#1070=VERTEX_POINT('',#1069);
#1071=DIRECTION('',(0.,0.,1.));
#1072=VECTOR('',#1071,12.);
#1073=LINE('',#1062,#1072);
#1074=EDGE_CURVE('',#1063,#1070,#1073,.T.);
#1075=ORIENTED_EDGE('',*,*,#1074,.T.);
#1076=DIRECTION('',(0.98079,0.19509,0.));
#1077=VECTOR('',#1076,10.72611);
#1078=LINE('',#1041,#1077);
#1079=EDGE_CURVE('',#1042,#1070,#1078,.T.);
#1080=ORIENTED_EDGE('',*,*,#1079,.F.);
#1081=ORIENTED_EDGE('',*,*,#1046,.F.);
#1082=EDGE_LOOP('',(#1068,#1075,#1080,#1081));
#1083=FACE_OUTER_BOUND('',#1082,.T.);
#1084=CARTESIAN_POINT('',(250.70315,-81.29848,-72.));
#1085=DIRECTION('',(0.19509,-0.98079,0.));
#1086=DIRECTION('',(0.98079,0.19509,0.));
#1087=AXIS2_PLACEMENT_3D('',#1084,#1085,#1086);
#1088=PLANE('',#1087);
#1089=ADVANCED_FACE('',(#1083),#1088,.T.);
#1090=CARTESIAN_POINT('',(271.38004,-75.75812,-72.));
#1091=VERTEX_POINT('',#1090);
#1092=DIRECTION('',(0.94693,0.32144,0.));
#1093=VECTOR('',#1092,10.72611);
#1094=LINE('',#1062,#1093);
#1095=EDGE_CURVE('',#1063,#1091,#1094,.T.);
#1096=ORIENTED_EDGE('',*,*,#1095,.T.);
#1097=CARTESIAN_POINT('',(271.38004,-75.75812,-60.));
#1098=VERTEX_POINT('',#1097);
#1099=DIRECTION('',(0.,0.,1.));
#1100=VECTOR('',#1099,12.);
#1101=LINE('',#1090,#1100);
#1102=EDGE_CURVE('',#1091,#1098,#1101,.T.);
#1103=ORIENTED_EDGE('',*,*,#1102,.T.);
#1104=DIRECTION('',(0.94693,0.32144,0.));
#1105=VECTOR('',#1104,10.72611);
#1106=LINE('',#1069,#1105);
#1107=EDGE_CURVE('',#1070,#1098,#1106,.T.);
#1108=ORIENTED_EDGE('',*,*,#1107,.F.);
#1109=ORIENTED_EDGE('',*,*,#1074,.F.);
#1110=EDGE_LOOP('',(#1096,#1103,#1108,#1109));
#1111=FACE_OUTER_BOUND('',#1110,.T.);
#1112=CARTESIAN_POINT('',(261.22316,-79.20592,-72.));
#1113=DIRECTION('',(0.32144,-0.94693,0.));
#1114=DIRECTION('',(0.94693,0.32144,0.));
#1115=AXIS2_PLACEMENT_3D('',#1112,#1113,#1114);
#1116=PLANE('',#1115);
#1117=ADVANCED_FACE('',(#1111),#1116,.T.);
#1118=CARTESIAN_POINT('',(281.,-71.01408,-72.));
#1119=VERTEX_POINT('',#1118);
#1120=DIRECTION('',(0.89687,0.44229,0.));
#1121=VECTOR('',#1120,10.72611);
#1122=LINE('',#1090,#1121);
#1123=EDGE_CURVE('',#1091,#1119,#1122,.T.);
#1124=ORIENTED_EDGE('',*,*,#1123,.T.);
#1125=CARTESIAN_POINT('',(281.,-71.01408,-60.));
#1126=VERTEX_POINT('',#1125);
#1127=DIRECTION('',(0.,0.,1.));
#1128=VECTOR('',#1127,12.);
#1129=LINE('',#1118,#1128);
#1130=EDGE_CURVE('',#1119,#1126,#1129,.T.);
#1131=ORIENTED_EDGE('',*,*,#1130,.T.);
#1132=DIRECTION('',(0.89687,0.44229,0.));
#1133=VECTOR('',#1132,10.72611);
#1134=LINE('',#1097,#1133);
#1135=EDGE_CURVE('',#1098,#1126,#1134,.T.);
#1136=ORIENTED_EDGE('',*,*,#1135,.F.);
#1137=ORIENTED_EDGE('',*,*,#1102,.F.);
#1138=EDGE_LOOP('',(#1124,#1131,#1136,#1137));
#1139=FACE_OUTER_BOUND('',#1138,.T.);
#1140=CARTESIAN_POINT('',(271.38004,-75.75812,-72.));
#1141=DIRECTION('',(0.44229,-0.89687,0.));
#1142=DIRECTION('',(0.89687,0.44229,0.));
#1143=AXIS2_PLACEMENT_3D('',#1140,#1141,#1142);
#1144=PLANE('',#1143);
#1145=ADVANCED_FACE('',(#1139),#1144,.T.);
#1146=CARTESIAN_POINT('',(289.91844,-65.05497,-72.));
#1147=VERTEX_POINT('',#1146);
#1148=DIRECTION('',(0.83147,0.55557,0.));
#1149=VECTOR('',#1148,10.72611);
#1150=LINE('',#1118,#1149);
#1151=EDGE_CURVE('',#1119,#1147,#1150,.T.);
#1152=ORIENTED_EDGE('',*,*,#1151,.T.);
#1153=CARTESIAN_POINT('',(289.91844,-65.05497,-60.));
#1154=VERTEX_POINT('',#1153);
#1155=DIRECTION('',(0.,0.,1.));
#1156=VECTOR('',#1155,12.);
#1157=LINE('',#1146,#1156);
#1158=EDGE_CURVE('',#1147,#1154,#1157,.T.);
#1159=ORIENTED_EDGE('',*,*,#1158,.T.);
#1160=DIRECTION('',(0.83147,0.55557,0.));
#1161=VECTOR('',#1160,10.72611);
#1162=LINE('',#1125,#1161);
#1163=EDGE_CURVE('',#1126,#1154,#1162,.T.);
#1164=ORIENTED_EDGE('',*,*,#1163,.F.);
#1165=ORIENTED_EDGE('',*,*,#1130,.F.);
#1166=EDGE_LOOP('',(#1152,#1159,#1164,#1165));
#1167=FACE_OUTER_BOUND('',#1166,.T.);
#1168=CARTESIAN_POINT('',(281.,-71.01408,-72.));
#1169=DIRECTION('',(0.55557,-0.83147,0.));
#1170=DIRECTION('',(0.83147,0.55557,0.));
#1171=AXIS2_PLACEMENT_3D('',#1168,#1169,#1170);
#1172=PLANE('',#1171);
#1173=ADVANCED_FACE('',(#1167),#1172,.T.);
#1174=CARTESIAN_POINT('',(297.98276,-57.98276,-72.));
#1175=VERTEX_POINT('',#1174);
#1176=DIRECTION('',(0.75184,0.65935,0.));
#1177=VECTOR('',#1176,10.72611);
#1178=LINE('',#1146,#1177);
#1179=EDGE_CURVE('',#1147,#1175,#1178,.T.);
#1180=ORIENTED_EDGE('',*,*,#1179,.T.);
#1181=CARTESIAN_POINT('',(297.98276,-57.98276,-60.));
#1182=VERTEX_POINT('',#1181);
#1183=DIRECTION('',(0.,0.,1.));
#1184=VECTOR('',#1183,12.);
#1185=LINE('',#1174,#1184);
#1186=EDGE_CURVE('',#1175,#1182,#1185,.T.);
#1187=ORIENTED_EDGE('',*,*,#1186,.T.);
#1188=DIRECTION('',(0.75184,0.65935,0.));
#1189=VECTOR('',#1188,10.72611);
#1190=LINE('',#1153,#1189);
#1191=EDGE_CURVE('',#1154,#1182,#1190,.T.);
#1192=ORIENTED_EDGE('',*,*,#1191,.F.);
#1193=ORIENTED_EDGE('',*,*,#1158,.F.);
#1194=EDGE_LOOP('',(#1180,#1187,#1192,#1193));
#1195=FACE_OUTER_BOUND('',#1194,.T.);
#1196=CARTESIAN_POINT('',(289.91844,-65.05497,-72.));
#1197=DIRECTION('',(0.65935,-0.75184,0.));
#1198=DIRECTION('',(0.75184,0.65935,0.));
#1199=AXIS2_PLACEMENT_3D('',#1196,#1197,#1198);
#1200=PLANE('',#1199);
#1201=ADVANCED_FACE('',(#1195),#1200,.T.);
#1202=CARTESIAN_POINT('',(305.05497,-49.91844,-72.));
#1203=VERTEX_POINT('',#1202);
#1204=DIRECTION('',(0.65935,0.75184,0.));
#1205=VECTOR('',#1204,10.72611);
#1206=LINE('',#1174,#1205);
#1207=EDGE_CURVE('',#1175,#1203,#1206,.T.);
#1208=ORIENTED_EDGE('',*,*,#1207,.T.);
#1209=CARTESIAN_POINT('',(305.05497,-49.91844,-60.));
#1210=VERTEX_POINT('',#1209);
#1211=DIRECTION('',(0.,0.,1.));
#1212=VECTOR('',#1211,12.);
#1213=LINE('',#1202,#1212);
#1214=EDGE_CURVE('',#1203,#1210,#1213,.T.);
#1215=ORIENTED_EDGE('',*,*,#1214,.T.);
#1216=DIRECTION('',(0.65935,0.75184,0.));
#1217=VECTOR('',#1216,10.72611);
#1218=LINE('',#1181,#1217);
#1219=EDGE_CURVE('',#1182,#1210,#1218,.T.);
#1220=ORIENTED_EDGE('',*,*,#1219,.F.);
#1221=ORIENTED_EDGE('',*,*,#1186,.F.);
#1222=EDGE_LOOP('',(#1208,#1215,#1220,#1221));
#1223=FACE_OUTER_BOUND('',#1222,.T.);
#1224=CARTESIAN_POINT('',(297.98276,-57.98276,-72.));
#1225=DIRECTION('',(0.75184,-0.65935,0.));
#1226=DIRECTION('',(0.65935,0.75184,0.));
#1227=AXIS2_PLACEMENT_3D('',#1224,#1225,#1226);
#1228=PLANE('',#1227);
#1229=ADVANCED_FACE('',(#1223),#1228,.T.);
#1230=CARTESIAN_POINT('',(311.01408,-41.,-72.));
#1231=VERTEX_POINT('',#1230);
#1232=DIRECTION('',(0.55557,0.83147,0.));
#1233=VECTOR('',#1232,10.72611);
#1234=LINE('',#1202,#1233);
#1235=EDGE_CURVE('',#1203,#1231,#1234,.T.);
#1236=ORIENTED_EDGE('',*,*,#1235,.T.);
#1237=CARTESIAN_POINT('',(311.01408,-41.,-60.));
#1238=VERTEX_POINT('',#1237);
#1239=DIRECTION('',(0.,0.,1.));
#1240=VECTOR('',#1239,12.);
#1241=LINE('',#1230,#1240);
#1242=EDGE_CURVE('',#1231,#1238,#1241,.T.);
#1243=ORIENTED_EDGE('',*,*,#1242,.T.);
#1244=DIRECTION('',(0.55557,0.83147,0.));
#1245=VECTOR('',#1244,10.72611);
#1246=LINE('',#1209,#1245);
#1247=EDGE_CURVE('',#1210,#1238,#1246,.T.);
#1248=ORIENTED_EDGE('',*,*,#1247,.F.);
#1249=ORIENTED_EDGE('',*,*,#1214,.F.);
#1250=EDGE_LOOP('',(#1236,#1243,#1248,#1249));
#1251=FACE_OUTER_BOUND('',#1250,.T.);
#1252=CARTESIAN_POINT('',(305.05497,-49.91844,-72.));
#1253=DIRECTION('',(0.83147,-0.55557,0.));
#1254=DIRECTION('',(0.55557,0.83147,0.));
#1255=AXIS2_PLACEMENT_3D('',#1252,#1253,#1254);
#1256=PLANE('',#1255);
#1257=ADVANCED_FACE('',(#1251),#1256,.T.);
#1258=CARTESIAN_POINT('',(315.75812,-31.38004,-72.));
#1259=VERTEX_POINT('',#1258);
#1260=DIRECTION('',(0.44229,0.89687,0.));
#1261=VECTOR('',#1260,10.72611);
#1262=LINE('',#1230,#1261);
#1263=EDGE_CURVE('',#1231,#1259,#1262,.T.);
#1264=ORIENTED_EDGE('',*,*,#1263,.T.);
#1265=CARTESIAN_POINT('',(315.75812,-31.38004,-60.));
#1266=VERTEX_POINT('',#1265);
#1267=DIRECTION('',(0.,0.,1.));
#1268=VECTOR('',#1267,12.);
#1269=LINE('',#1258,#1268);
#1270=EDGE_CURVE('',#1259,#1266,#1269,.T.);
#1271=ORIENTED_EDGE('',*,*,#1270,.T.);
#1272=DIRECTION('',(0.44229,0.89687,0.));
#1273=VECTOR('',#1272,10.72611);
#1274=LINE('',#1237,#1273);
#1275=EDGE_CURVE('',#1238,#1266,#1274,.T.);
#1276=ORIENTED_EDGE('',*,*,#1275,.F.);
#1277=ORIENTED_EDGE('',*,*,#1242,.F.);
#1278=EDGE_LOOP('',(#1264,#1271,#1276,#1277));
#1279=FACE_OUTER_BOUND('',#1278,.T.);
#1280=CARTESIAN_POINT('',(311.01408,-41.,-72.));
#1281=DIRECTION('',(0.89687,-0.44229,0.));
#1282=DIRECTION('',(0.44229,0.89687,0.));
#1283=AXIS2_PLACEMENT_3D('',#1280,#1281,#1282);
#1284=PLANE('',#1283);
#1285=ADVANCED_FACE('',(#1279),#1284,.T.);
#1286=CARTESIAN_POINT('',(319.20592,-21.22316,-72.));
#1287=VERTEX_POINT('',#1286);
#1288=DIRECTION('',(0.32144,0.94693,0.));
#1289=VECTOR('',#1288,10.72611);
#1290=LINE('',#1258,#1289);
#1291=EDGE_CURVE('',#1259,#1287,#1290,.T.);
#1292=ORIENTED_EDGE('',*,*,#1291,.T.);
#1293=CARTESIAN_POINT('',(319.20592,-21.22316,-60.));
#1294=VERTEX_POINT('',#1293);
#1295=DIRECTION('',(0.,0.,1.));
#1296=VECTOR('',#1295,12.);
#1297=LINE('',#1286,#1296);
#1298=EDGE_CURVE('',#1287,#1294,#1297,.T.);
#1299=ORIENTED_EDGE('',*,*,#1298,.T.);
#1300=DIRECTION('',(0.32144,0.94693,0.));
#1301=VECTOR('',#1300,10.72611);
#1302=LINE('',#1265,#1301);
#1303=EDGE_CURVE('',#1266,#1294,#1302,.T.);
#1304=ORIENTED_EDGE('',*,*,#1303,.F.);
#1305=ORIENTED_EDGE('',*,*,#1270,.F.);
#1306=EDGE_LOOP('',(#1292,#1299,#1304,#1305));
#1307=FACE_OUTER_BOUND('',#1306,.T.);
#1308=CARTESIAN_POINT('',(315.75812,-31.38004,-72.));
#1309=DIRECTION('',(0.94693,-0.32144,0.));
#1310=DIRECTION('',(0.32144,0.94693,0.));
#1311=AXIS2_PLACEMENT_3D('',#1308,#1309,#1310);
#1312=PLANE('',#1311);
#1313=ADVANCED_FACE('',(#1307),#1312,.T.);
#1314=CARTESIAN_POINT('',(321.29848,-10.70315,-72.));
#1315=VERTEX_POINT('',#1314);
#1316=DIRECTION('',(0.19509,0.98079,0.));
#1317=VECTOR('',#1316,10.72611);
#1318=LINE('',#1286,#1317);
#1319=EDGE_CURVE('',#1287,#1315,#1318,.T.);
#1320=ORIENTED_EDGE('',*,*,#1319,.T.);
#1321=CARTESIAN_POINT('',(321.29848,-10.70315,-60.));
#1322=VERTEX_POINT('',#1321);
#1323=DIRECTION('',(0.,0.,1.));
#1324=VECTOR('',#1323,12.);
#1325=LINE('',#1314,#1324);
#1326=EDGE_CURVE('',#1315,#1322,#1325,.T.);
#1327=ORIENTED_EDGE('',*,*,#1326,.T.);
#1328=DIRECTION('',(0.19509,0.98079,0.));
#1329=VECTOR('',#1328,10.72611);
#1330=LINE('',#1293,#1329);
#1331=EDGE_CURVE('',#1294,#1322,#1330,.T.);
#1332=ORIENTED_EDGE('',*,*,#1331,.F.);
#1333=ORIENTED_EDGE('',*,*,#1298,.F.);
#1334=EDGE_LOOP('',(#1320,#1327,#1332,#1333));
#1335=FACE_OUTER_BOUND('',#1334,.T.);
#1336=CARTESIAN_POINT('',(319.20592,-21.22316,-72.));
#1337=DIRECTION('',(0.98079,-0.19509,0.));
#1338=DIRECTION('',(0.19509,0.98079,0.));
#1339=AXIS2_PLACEMENT_3D('',#1336,#1337,#1338);
#1340=PLANE('',#1339);
#1341=ADVANCED_FACE('',(#1335),#1340,.T.);
#1342=DIRECTION('',(-0.0654,-0.99786,0.));
#1343=VECTOR('',#1342,10.72611);
#1344=LINE('',#18,#1343);
#1345=EDGE_CURVE('',#19,#1315,#1344,.T.);
#1346=ORIENTED_EDGE('',*,*,#1345,.F.);
#1347=ORIENTED_EDGE('',*,*,#44,.T.);
#1348=DIRECTION('',(-0.0654,-0.99786,0.));
#1349=VECTOR('',#1348,10.72611);
#1350=LINE('',#34,#1349);
#1351=EDGE_CURVE('',#35,#1322,#1350,.T.);
#1352=ORIENTED_EDGE('',*,*,#1351,.T.);
#1353=ORIENTED_EDGE('',*,*,#1326,.F.);
#1354=EDGE_LOOP('',(#1346,#1347,#1352,#1353));
#1355=FACE_OUTER_BOUND('',#1354,.T.);
#1356=CARTESIAN_POINT('',(321.29848,-10.70315,-72.));
#1357=DIRECTION('',(0.99786,-0.0654,0.));
#1358=DIRECTION('',(0.0654,0.99786,0.));
#1359=AXIS2_PLACEMENT_3D('',#1356,#1357,#1358);
#1360=PLANE('',#1359);
#1361=ADVANCED_FACE('',(#1355),#1360,.T.);
#1362=ORIENTED_EDGE('',*,*,#39,.T.);
#1363=CARTESIAN_POINT('',(305.43536,8.61473,-60.));
#1364=VERTEX_POINT('',#1363);
#1365=DIRECTION('',(-0.99144,-0.13053,0.));
#1366=VECTOR('',#1365,16.);
#1367=LINE('',#27,#1366);
#1368=EDGE_CURVE('',#28,#1364,#1367,.T.);
#1369=ORIENTED_EDGE('',*,*,#1368,.T.);
#1370=CARTESIAN_POINT('',(306.,0.,-60.));
#1371=VERTEX_POINT('',#1370);
#1372=DIRECTION('',(-0.0654,0.99786,0.));
#1373=VECTOR('',#1372,8.63321);
#1374=LINE('',#1370,#1373);
#1375=EDGE_CURVE('',#1371,#1364,#1374,.T.);
#1376=ORIENTED_EDGE('',*,*,#1375,.F.);
#1377=DIRECTION('',(-1.,0.,0.));
#1378=VECTOR('',#1377,16.);
#1379=LINE('',#34,#1378);
#1380=EDGE_CURVE('',#35,#1371,#1379,.T.);
#1381=ORIENTED_EDGE('',*,*,#1380,.F.);
#1382=EDGE_LOOP('',(#1362,#1369,#1376,#1381));
#1383=FACE_OUTER_BOUND('',#1382,.T.);
#1384=CARTESIAN_POINT('',(322.,0.,-60.));
#1385=DIRECTION('',(0.,0.,1.));
#1386=DIRECTION('',(-0.0654,0.99786,0.));
#1387=AXIS2_PLACEMENT_3D('',#1384,#1385,#1386);
#1388=PLANE('',#1387);
#1389=ADVANCED_FACE('',(#1383),#1388,.T.);
#1390=ORIENTED_EDGE('',*,*,#71,.T.);
#1391=CARTESIAN_POINT('',(303.7511,17.08206,-60.));
#1392=VERTEX_POINT('',#1391);
#1393=DIRECTION('',(-0.96593,-0.25882,0.));
#1394=VECTOR('',#1393,16.);
#1395=LINE('',#61,#1394);
#1396=EDGE_CURVE('',#62,#1392,#1395,.T.);
#1397=ORIENTED_EDGE('',*,*,#1396,.T.);
#1398=DIRECTION('',(-0.19509,0.98079,0.));
#1399=VECTOR('',#1398,8.63321);
#1400=LINE('',#1363,#1399);
#1401=EDGE_CURVE('',#1364,#1392,#1400,.T.);
#1402=ORIENTED_EDGE('',*,*,#1401,.F.);
#1403=ORIENTED_EDGE('',*,*,#1368,.F.);
#1404=EDGE_LOOP('',(#1390,#1397,#1402,#1403));
#1405=FACE_OUTER_BOUND('',#1404,.T.);
#1406=CARTESIAN_POINT('',(321.29848,10.70315,-60.));
#1407=DIRECTION('',(0.,0.,1.));
#1408=DIRECTION('',(-0.19509,0.98079,0.));
#1409=AXIS2_PLACEMENT_3D('',#1406,#1407,#1408);
#1410=PLANE('',#1409);
#1411=ADVANCED_FACE('',(#1405),#1410,.T.);
#1412=ORIENTED_EDGE('',*,*,#99,.T.);
#1413=CARTESIAN_POINT('',(300.97605,25.25711,-60.));
#1414=VERTEX_POINT('',#1413);
#1415=DIRECTION('',(-0.92388,-0.38268,0.));
#1416=VECTOR('',#1415,16.);
#1417=LINE('',#89,#1416);
#1418=EDGE_CURVE('',#90,#1414,#1417,.T.);
#1419=ORIENTED_EDGE('',*,*,#1418,.T.);
#1420=DIRECTION('',(-0.32144,0.94693,0.));
#1421=VECTOR('',#1420,8.63321);
#1422=LINE('',#1391,#1421);
#1423=EDGE_CURVE('',#1392,#1414,#1422,.T.);
#1424=ORIENTED_EDGE('',*,*,#1423,.F.);
#1425=ORIENTED_EDGE('',*,*,#1396,.F.);
#1426=EDGE_LOOP('',(#1412,#1419,#1424,#1425));
#1427=FACE_OUTER_BOUND('',#1426,.T.);
#1428=CARTESIAN_POINT('',(319.20592,21.22316,-60.));
#1429=DIRECTION('',(0.,0.,1.));
#1430=DIRECTION('',(-0.32144,0.94693,0.));
#1431=AXIS2_PLACEMENT_3D('',#1428,#1429,#1430);
#1432=PLANE('',#1431);
#1433=ADVANCED_FACE('',(#1427),#1432,.T.);
#1434=ORIENTED_EDGE('',*,*,#127,.T.);
#1435=CARTESIAN_POINT('',(297.15768,33.,-60.));
#1436=VERTEX_POINT('',#1435);
#1437=DIRECTION('',(-0.86603,-0.5,0.));
#1438=VECTOR('',#1437,16.);
#1439=LINE('',#117,#1438);
#1440=EDGE_CURVE('',#118,#1436,#1439,.T.);
#1441=ORIENTED_EDGE('',*,*,#1440,.T.);
#1442=DIRECTION('',(-0.44229,0.89687,0.));
#1443=VECTOR('',#1442,8.63321);
#1444=LINE('',#1413,#1443);
#1445=EDGE_CURVE('',#1414,#1436,#1444,.T.);
#1446=ORIENTED_EDGE('',*,*,#1445,.F.);
#1447=ORIENTED_EDGE('',*,*,#1418,.F.);
#1448=EDGE_LOOP('',(#1434,#1441,#1446,#1447));
#1449=FACE_OUTER_BOUND('',#1448,.T.);
#1450=CARTESIAN_POINT('',(315.75812,31.38004,-60.));
#1451=DIRECTION('',(0.,0.,1.));
#1452=DIRECTION('',(-0.44229,0.89687,0.));
#1453=AXIS2_PLACEMENT_3D('',#1450,#1451,#1452);
#1454=PLANE('',#1453);
#1455=ADVANCED_FACE('',(#1449),#1454,.T.);
#1456=ORIENTED_EDGE('',*,*,#155,.T.);
#1457=CARTESIAN_POINT('',(292.36132,40.17825,-60.));
#1458=VERTEX_POINT('',#1457);
#1459=DIRECTION('',(-0.79335,-0.60876,0.));
#1460=VECTOR('',#1459,16.);
#1461=LINE('',#145,#1460);
#1462=EDGE_CURVE('',#146,#1458,#1461,.T.);
#1463=ORIENTED_EDGE('',*,*,#1462,.T.);
#1464=DIRECTION('',(-0.55557,0.83147,0.));
#1465=VECTOR('',#1464,8.63321);
#1466=LINE('',#1435,#1465);
#1467=EDGE_CURVE('',#1436,#1458,#1466,.T.);
#1468=ORIENTED_EDGE('',*,*,#1467,.F.);
#1469=ORIENTED_EDGE('',*,*,#1440,.F.);
#1470=EDGE_LOOP('',(#1456,#1463,#1468,#1469));
#1471=FACE_OUTER_BOUND('',#1470,.T.);
#1472=CARTESIAN_POINT('',(311.01408,41.,-60.));
#1473=DIRECTION('',(0.,0.,1.));
#1474=DIRECTION('',(-0.55557,0.83147,0.));
#1475=AXIS2_PLACEMENT_3D('',#1472,#1473,#1474);
#1476=PLANE('',#1475);
#1477=ADVANCED_FACE('',(#1471),#1476,.T.);
#1478=ORIENTED_EDGE('',*,*,#183,.T.);
#1479=CARTESIAN_POINT('',(286.66905,46.66905,-60.));
#1480=VERTEX_POINT('',#1479);
#1481=DIRECTION('',(-0.70711,-0.70711,0.));
#1482=VECTOR('',#1481,16.);
#1483=LINE('',#173,#1482);
#1484=EDGE_CURVE('',#174,#1480,#1483,.T.);
#1485=ORIENTED_EDGE('',*,*,#1484,.T.);
#1486=DIRECTION('',(-0.65935,0.75184,0.));
#1487=VECTOR('',#1486,8.63321);
#1488=LINE('',#1457,#1487);
#1489=EDGE_CURVE('',#1458,#1480,#1488,.T.);
#1490=ORIENTED_EDGE('',*,*,#1489,.F.);
#1491=ORIENTED_EDGE('',*,*,#1462,.F.);
#1492=EDGE_LOOP('',(#1478,#1485,#1490,#1491));
#1493=FACE_OUTER_BOUND('',#1492,.T.);
#1494=CARTESIAN_POINT('',(305.05497,49.91844,-60.));
#1495=DIRECTION('',(0.,0.,1.));
#1496=DIRECTION('',(-0.65935,0.75184,0.));
#1497=AXIS2_PLACEMENT_3D('',#1494,#1495,#1496);
#1498=PLANE('',#1497);
#1499=ADVANCED_FACE('',(#1493),#1498,.T.);
#1500=ORIENTED_EDGE('',*,*,#211,.T.);
#1501=CARTESIAN_POINT('',(280.17825,52.36132,-60.));
#1502=VERTEX_POINT('',#1501);
#1503=DIRECTION('',(-0.60876,-0.79335,0.));
#1504=VECTOR('',#1503,16.);
#1505=LINE('',#201,#1504);
#1506=EDGE_CURVE('',#202,#1502,#1505,.T.);
#1507=ORIENTED_EDGE('',*,*,#1506,.T.);
#1508=DIRECTION('',(-0.75184,0.65935,0.));
#1509=VECTOR('',#1508,8.63321);
#1510=LINE('',#1479,#1509);
#1511=EDGE_CURVE('',#1480,#1502,#1510,.T.);
#1512=ORIENTED_EDGE('',*,*,#1511,.F.);
#1513=ORIENTED_EDGE('',*,*,#1484,.F.);
#1514=EDGE_LOOP('',(#1500,#1507,#1512,#1513));
#1515=FACE_OUTER_BOUND('',#1514,.T.);
#1516=CARTESIAN_POINT('',(297.98276,57.98276,-60.));
#1517=DIRECTION('',(0.,0.,1.));
#1518=DIRECTION('',(-0.75184,0.65935,0.));
#1519=AXIS2_PLACEMENT_3D('',#1516,#1517,#1518);
#1520=PLANE('',#1519);
#1521=ADVANCED_FACE('',(#1515),#1520,.T.);
#1522=ORIENTED_EDGE('',*,*,#239,.T.);
#1523=CARTESIAN_POINT('',(273.,57.15768,-60.));
#1524=VERTEX_POINT('',#1523);
#1525=DIRECTION('',(-0.5,-0.86603,0.));
#1526=VECTOR('',#1525,16.);
#1527=LINE('',#229,#1526);
#1528=EDGE_CURVE('',#230,#1524,#1527,.T.);
#1529=ORIENTED_EDGE('',*,*,#1528,.T.);
#1530=DIRECTION('',(-0.83147,0.55557,0.));
#1531=VECTOR('',#1530,8.63321);
#1532=LINE('',#1501,#1531);
#1533=EDGE_CURVE('',#1502,#1524,#1532,.T.);
#1534=ORIENTED_EDGE('',*,*,#1533,.F.);
#1535=ORIENTED_EDGE('',*,*,#1506,.F.);
#1536=EDGE_LOOP('',(#1522,#1529,#1534,#1535));
#1537=FACE_OUTER_BOUND('',#1536,.T.);
#1538=CARTESIAN_POINT('',(289.91844,65.05497,-60.));
#1539=DIRECTION('',(0.,0.,1.));
#1540=DIRECTION('',(-0.83147,0.55557,0.));
#1541=AXIS2_PLACEMENT_3D('',#1538,#1539,#1540);
#1542=PLANE('',#1541);
#1543=ADVANCED_FACE('',(#1537),#1542,.T.);
#1544=ORIENTED_EDGE('',*,*,#267,.T.);
#1545=CARTESIAN_POINT('',(265.25711,60.97605,-60.));
#1546=VERTEX_POINT('',#1545);
#1547=DIRECTION('',(-0.38268,-0.92388,0.));
#1548=VECTOR('',#1547,16.);
#1549=LINE('',#257,#1548);
#1550=EDGE_CURVE('',#258,#1546,#1549,.T.);
#1551=ORIENTED_EDGE('',*,*,#1550,.T.);
#1552=DIRECTION('',(-0.89687,0.44229,0.));
#1553=VECTOR('',#1552,8.63321);
#1554=LINE('',#1523,#1553);
#1555=EDGE_CURVE('',#1524,#1546,#1554,.T.);
#1556=ORIENTED_EDGE('',*,*,#1555,.F.);
#1557=ORIENTED_EDGE('',*,*,#1528,.F.);
#1558=EDGE_LOOP('',(#1544,#1551,#1556,#1557));
#1559=FACE_OUTER_BOUND('',#1558,.T.);
#1560=CARTESIAN_POINT('',(281.,71.01408,-60.));
#1561=DIRECTION('',(0.,0.,1.));
#1562=DIRECTION('',(-0.89687,0.44229,0.));
#1563=AXIS2_PLACEMENT_3D('',#1560,#1561,#1562);
#1564=PLANE('',#1563);
#1565=ADVANCED_FACE('',(#1559),#1564,.T.);
#1566=ORIENTED_EDGE('',*,*,#295,.T.);
#1567=CARTESIAN_POINT('',(257.08206,63.7511,-60.));
#1568=VERTEX_POINT('',#1567);
#1569=DIRECTION('',(-0.25882,-0.96593,0.));
#1570=VECTOR('',#1569,16.);
#1571=LINE('',#285,#1570);
#1572=EDGE_CURVE('',#286,#1568,#1571,.T.);
#1573=ORIENTED_EDGE('',*,*,#1572,.T.);
#1574=DIRECTION('',(-0.94693,0.32144,0.));
#1575=VECTOR('',#1574,8.63321);
#1576=LINE('',#1545,#1575);
#1577=EDGE_CURVE('',#1546,#1568,#1576,.T.);
#1578=ORIENTED_EDGE('',*,*,#1577,.F.);
#1579=ORIENTED_EDGE('',*,*,#1550,.F.);
#1580=EDGE_LOOP('',(#1566,#1573,#1578,#1579));
#1581=FACE_OUTER_BOUND('',#1580,.T.);
#1582=CARTESIAN_POINT('',(271.38004,75.75812,-60.));
#1583=DIRECTION('',(0.,0.,1.));
#1584=DIRECTION('',(-0.94693,0.32144,0.));
#1585=AXIS2_PLACEMENT_3D('',#1582,#1583,#1584);
#1586=PLANE('',#1585);
#1587=ADVANCED_FACE('',(#1581),#1586,.T.);
#1588=ORIENTED_EDGE('',*,*,#323,.T.);
#1589=CARTESIAN_POINT('',(248.61473,65.43536,-60.));
#1590=VERTEX_POINT('',#1589);
#1591=DIRECTION('',(-0.13053,-0.99144,0.));
#1592=VECTOR('',#1591,16.);
#1593=LINE('',#313,#1592);
#1594=EDGE_CURVE('',#314,#1590,#1593,.T.);
#1595=ORIENTED_EDGE('',*,*,#1594,.T.);
#1596=DIRECTION('',(-0.98079,0.19509,0.));
#1597=VECTOR('',#1596,8.63321);
#1598=LINE('',#1567,#1597);
#1599=EDGE_CURVE('',#1568,#1590,#1598,.T.);
#1600=ORIENTED_EDGE('',*,*,#1599,.F.);
#1601=ORIENTED_EDGE('',*,*,#1572,.F.);
#1602=EDGE_LOOP('',(#1588,#1595,#1600,#1601));
#1603=FACE_OUTER_BOUND('',#1602,.T.);
#1604=CARTESIAN_POINT('',(261.22316,79.20592,-60.));
#1605=DIRECTION('',(0.,0.,1.));
#1606=DIRECTION('',(-0.98079,0.19509,0.));
#1607=AXIS2_PLACEMENT_3D('',#1604,#1605,#1606);
#1608=PLANE('',#1607);
#1609=ADVANCED_FACE('',(#1603),#1608,.T.);
#1610=ORIENTED_EDGE('',*,*,#351,.T.);
#1611=CARTESIAN_POINT('',(240.,66.,-60.));
#1612=VERTEX_POINT('',#1611);
#1613=DIRECTION('',(0.,-1.,0.));
#1614=VECTOR('',#1613,16.);
#1615=LINE('',#341,#1614);
#1616=EDGE_CURVE('',#342,#1612,#1615,.T.);
#1617=ORIENTED_EDGE('',*,*,#1616,.T.);
#1618=DIRECTION('',(-0.99786,0.0654,0.));
#1619=VECTOR('',#1618,8.63321);
#1620=LINE('',#1589,#1619);
#1621=EDGE_CURVE('',#1590,#1612,#1620,.T.);
#1622=ORIENTED_EDGE('',*,*,#1621,.F.);
#1623=ORIENTED_EDGE('',*,*,#1594,.F.);
#1624=EDGE_LOOP('',(#1610,#1617,#1622,#1623));
#1625=FACE_OUTER_BOUND('',#1624,.T.);
#1626=CARTESIAN_POINT('',(250.70315,81.29848,-60.));
#1627=DIRECTION('',(0.,0.,1.));
#1628=DIRECTION('',(-0.99786,0.0654,0.));
#1629=AXIS2_PLACEMENT_3D('',#1626,#1627,#1628);
#1630=PLANE('',#1629);
#1631=ADVANCED_FACE('',(#1625),#1630,.T.);
#1632=ORIENTED_EDGE('',*,*,#379,.T.);
#1633=CARTESIAN_POINT('',(231.38527,65.43536,-60.));
#1634=VERTEX_POINT('',#1633);
#1635=DIRECTION('',(0.13053,-0.99144,0.));
#1636=VECTOR('',#1635,16.);
#1637=LINE('',#369,#1636);
#1638=EDGE_CURVE('',#370,#1634,#1637,.T.);
#1639=ORIENTED_EDGE('',*,*,#1638,.T.);
#1640=DIRECTION('',(-0.99786,-0.0654,0.));
#1641=VECTOR('',#1640,8.63321);
#1642=LINE('',#1611,#1641);
#1643=EDGE_CURVE('',#1612,#1634,#1642,.T.);
#1644=ORIENTED_EDGE('',*,*,#1643,.F.);
#1645=ORIENTED_EDGE('',*,*,#1616,.F.);
#1646=EDGE_LOOP('',(#1632,#1639,#1644,#1645));
#1647=FACE_OUTER_BOUND('',#1646,.T.);
#1648=CARTESIAN_POINT('',(240.,82.,-60.));
#1649=DIRECTION('',(0.,0.,1.));
#1650=DIRECTION('',(-0.99786,-0.0654,0.));
#1651=AXIS2_PLACEMENT_3D('',#1648,#1649,#1650);
#1652=PLANE('',#1651);
#1653=ADVANCED_FACE('',(#1647),#1652,.T.);
#1654=ORIENTED_EDGE('',*,*,#407,.T.);
#1655=CARTESIAN_POINT('',(222.91794,63.7511,-60.));
#1656=VERTEX_POINT('',#1655);
#1657=DIRECTION('',(0.25882,-0.96593,0.));
#1658=VECTOR('',#1657,16.);
#1659=LINE('',#397,#1658);
#1660=EDGE_CURVE('',#398,#1656,#1659,.T.);
#1661=ORIENTED_EDGE('',*,*,#1660,.T.);
#1662=DIRECTION('',(-0.98079,-0.19509,0.));
#1663=VECTOR('',#1662,8.63321);
#1664=LINE('',#1633,#1663);
#1665=EDGE_CURVE('',#1634,#1656,#1664,.T.);
#1666=ORIENTED_EDGE('',*,*,#1665,.F.);
#1667=ORIENTED_EDGE('',*,*,#1638,.F.);
#1668=EDGE_LOOP('',(#1654,#1661,#1666,#1667));
#1669=FACE_OUTER_BOUND('',#1668,.T.);
#1670=CARTESIAN_POINT('',(229.29685,81.29848,-60.));
#1671=DIRECTION('',(0.,0.,1.));
#1672=DIRECTION('',(-0.98079,-0.19509,0.));
#1673=AXIS2_PLACEMENT_3D('',#1670,#1671,#1672);
#1674=PLANE('',#1673);
#1675=ADVANCED_FACE('',(#1669),#1674,.T.);
#1676=ORIENTED_EDGE('',*,*,#435,.T.);
#1677=CARTESIAN_POINT('',(214.74289,60.97605,-60.));
#1678=VERTEX_POINT('',#1677);
#1679=DIRECTION('',(0.38268,-0.92388,0.));
#1680=VECTOR('',#1679,16.);
#1681=LINE('',#425,#1680);
#1682=EDGE_CURVE('',#426,#1678,#1681,.T.);
#1683=ORIENTED_EDGE('',*,*,#1682,.T.);
#1684=DIRECTION('',(-0.94693,-0.32144,0.));
#1685=VECTOR('',#1684,8.63321);
#1686=LINE('',#1655,#1685);
#1687=EDGE_CURVE('',#1656,#1678,#1686,.T.);
#1688=ORIENTED_EDGE('',*,*,#1687,.F.);
#1689=ORIENTED_EDGE('',*,*,#1660,.F.);
#1690=EDGE_LOOP('',(#1676,#1683,#1688,#1689));
#1691=FACE_OUTER_BOUND('',#1690,.T.);
#1692=CARTESIAN_POINT('',(218.77684,79.20592,-60.));
#1693=DIRECTION('',(0.,0.,1.));
#1694=DIRECTION('',(-0.94693,-0.32144,0.));
#1695=AXIS2_PLACEMENT_3D('',#1692,#1693,#1694);
#1696=PLANE('',#1695);
#1697=ADVANCED_FACE('',(#1691),#1696,.T.);
#1698=ORIENTED_EDGE('',*,*,#463,.T.);
#1699=CARTESIAN_POINT('',(207.,57.15768,-60.));
#1700=VERTEX_POINT('',#1699);
#1701=DIRECTION('',(0.5,-0.86603,0.));
#1702=VECTOR('',#1701,16.);
#1703=LINE('',#453,#1702);
#1704=EDGE_CURVE('',#454,#1700,#1703,.T.);
#1705=ORIENTED_EDGE('',*,*,#1704,.T.);
#1706=DIRECTION('',(-0.89687,-0.44229,0.));
#1707=VECTOR('',#1706,8.63321);
#1708=LINE('',#1677,#1707);
#1709=EDGE_CURVE('',#1678,#1700,#1708,.T.);
#1710=ORIENTED_EDGE('',*,*,#1709,.F.);
#1711=ORIENTED_EDGE('',*,*,#1682,.F.);
#1712=EDGE_LOOP('',(#1698,#1705,#1710,#1711));
#1713=FACE_OUTER_BOUND('',#1712,.T.);
#1714=CARTESIAN_POINT('',(208.61996,75.75812,-60.));
#1715=DIRECTION('',(0.,0.,1.));
#1716=DIRECTION('',(-0.89687,-0.44229,0.));
#1717=AXIS2_PLACEMENT_3D('',#1714,#1715,#1716);
#1718=PLANE('',#1717);
#1719=ADVANCED_FACE('',(#1713),#1718,.T.);
#1720=ORIENTED_EDGE('',*,*,#491,.T.);
#1721=CARTESIAN_POINT('',(199.82175,52.36132,-60.));
#1722=VERTEX_POINT('',#1721);
#1723=DIRECTION('',(0.60876,-0.79335,0.));
#1724=VECTOR('',#1723,16.);
#1725=LINE('',#481,#1724);
#1726=EDGE_CURVE('',#482,#1722,#1725,.T.);
#1727=ORIENTED_EDGE('',*,*,#1726,.T.);
#1728=DIRECTION('',(-0.83147,-0.55557,0.));
#1729=VECTOR('',#1728,8.63321);
#1730=LINE('',#1699,#1729);
#1731=EDGE_CURVE('',#1700,#1722,#1730,.T.);
#1732=ORIENTED_EDGE('',*,*,#1731,.F.);
#1733=ORIENTED_EDGE('',*,*,#1704,.F.);
#1734=EDGE_LOOP('',(#1720,#1727,#1732,#1733));
#1735=FACE_OUTER_BOUND('',#1734,.T.);
#1736=CARTESIAN_POINT('',(199.,71.01408,-60.));
#1737=DIRECTION('',(0.,0.,1.));
#1738=DIRECTION('',(-0.83147,-0.55557,0.));
#1739=AXIS2_PLACEMENT_3D('',#1736,#1737,#1738);
#1740=PLANE('',#1739);
#1741=ADVANCED_FACE('',(#1735),#1740,.T.);
#1742=ORIENTED_EDGE('',*,*,#519,.T.);
#1743=CARTESIAN_POINT('',(193.33095,46.66905,-60.));
#1744=VERTEX_POINT('',#1743);
#1745=DIRECTION('',(0.70711,-0.70711,0.));
#1746=VECTOR('',#1745,16.);
#1747=LINE('',#509,#1746);
#1748=EDGE_CURVE('',#510,#1744,#1747,.T.);
#1749=ORIENTED_EDGE('',*,*,#1748,.T.);
#1750=DIRECTION('',(-0.75184,-0.65935,0.));
#1751=VECTOR('',#1750,8.63321);
#1752=LINE('',#1721,#1751);
#1753=EDGE_CURVE('',#1722,#1744,#1752,.T.);
#1754=ORIENTED_EDGE('',*,*,#1753,.F.);
#1755=ORIENTED_EDGE('',*,*,#1726,.F.);
#1756=EDGE_LOOP('',(#1742,#1749,#1754,#1755));
#1757=FACE_OUTER_BOUND('',#1756,.T.);
#1758=CARTESIAN_POINT('',(190.08156,65.05497,-60.));
#1759=DIRECTION('',(0.,0.,1.));
#1760=DIRECTION('',(-0.75184,-0.65935,0.));
#1761=AXIS2_PLACEMENT_3D('',#1758,#1759,#1760);
#1762=PLANE('',#1761);
#1763=ADVANCED_FACE('',(#1757),#1762,.T.);
#1764=ORIENTED_EDGE('',*,*,#547,.T.);
#1765=CARTESIAN_POINT('',(187.63868,40.17825,-60.));
#1766=VERTEX_POINT('',#1765);
#1767=DIRECTION('',(0.79335,-0.60876,0.));
#1768=VECTOR('',#1767,16.);
#1769=LINE('',#537,#1768);
#1770=EDGE_CURVE('',#538,#1766,#1769,.T.);
#1771=ORIENTED_EDGE('',*,*,#1770,.T.);
#1772=DIRECTION('',(-0.65935,-0.75184,0.));
#1773=VECTOR('',#1772,8.63321);
#1774=LINE('',#1743,#1773);
#1775=EDGE_CURVE('',#1744,#1766,#1774,.T.);
#1776=ORIENTED_EDGE('',*,*,#1775,.F.);
#1777=ORIENTED_EDGE('',*,*,#1748,.F.);
#1778=EDGE_LOOP('',(#1764,#1771,#1776,#1777));
#1779=FACE_OUTER_BOUND('',#1778,.T.);
#1780=CARTESIAN_POINT('',(182.01724,57.98276,-60.));
#1781=DIRECTION('',(0.,0.,1.));
#1782=DIRECTION('',(-0.65935,-0.75184,0.));
#1783=AXIS2_PLACEMENT_3D('',#1780,#1781,#1782);
#1784=PLANE('',#1783);
#1785=ADVANCED_FACE('',(#1779),#1784,.T.);
#1786=ORIENTED_EDGE('',*,*,#575,.T.);
#1787=CARTESIAN_POINT('',(182.84232,33.,-60.));
#1788=VERTEX_POINT('',#1787);
#1789=DIRECTION('',(0.86603,-0.5,0.));
#1790=VECTOR('',#1789,16.);
#1791=LINE('',#565,#1790);
#1792=EDGE_CURVE('',#566,#1788,#1791,.T.);
#1793=ORIENTED_EDGE('',*,*,#1792,.T.);
#1794=DIRECTION('',(-0.55557,-0.83147,0.));
#1795=VECTOR('',#1794,8.63321);
#1796=LINE('',#1765,#1795);
#1797=EDGE_CURVE('',#1766,#1788,#1796,.T.);
#1798=ORIENTED_EDGE('',*,*,#1797,.F.);
#1799=ORIENTED_EDGE('',*,*,#1770,.F.);
#1800=EDGE_LOOP('',(#1786,#1793,#1798,#1799));
#1801=FACE_OUTER_BOUND('',#1800,.T.);
#1802=CARTESIAN_POINT('',(174.94503,49.91844,-60.));
#1803=DIRECTION('',(0.,0.,1.));
#1804=DIRECTION('',(-0.55557,-0.83147,0.));
#1805=AXIS2_PLACEMENT_3D('',#1802,#1803,#1804);
#1806=PLANE('',#1805);
#1807=ADVANCED_FACE('',(#1801),#1806,.T.);
#1808=ORIENTED_EDGE('',*,*,#603,.T.);
#1809=CARTESIAN_POINT('',(179.02395,25.25711,-60.));
#1810=VERTEX_POINT('',#1809);
#1811=DIRECTION('',(0.92388,-0.38268,0.));
#1812=VECTOR('',#1811,16.);
#1813=LINE('',#593,#1812);
#1814=EDGE_CURVE('',#594,#1810,#1813,.T.);
#1815=ORIENTED_EDGE('',*,*,#1814,.T.);
#1816=DIRECTION('',(-0.44229,-0.89687,0.));
#1817=VECTOR('',#1816,8.63321);
#1818=LINE('',#1787,#1817);
#1819=EDGE_CURVE('',#1788,#1810,#1818,.T.);
#1820=ORIENTED_EDGE('',*,*,#1819,.F.);
#1821=ORIENTED_EDGE('',*,*,#1792,.F.);
#1822=EDGE_LOOP('',(#1808,#1815,#1820,#1821));
#1823=FACE_OUTER_BOUND('',#1822,.T.);
#1824=CARTESIAN_POINT('',(168.98592,41.,-60.));
#1825=DIRECTION('',(0.,0.,1.));
#1826=DIRECTION('',(-0.44229,-0.89687,0.));
#1827=AXIS2_PLACEMENT_3D('',#1824,#1825,#1826);
#1828=PLANE('',#1827);
#1829=ADVANCED_FACE('',(#1823),#1828,.T.);
#1830=ORIENTED_EDGE('',*,*,#631,.T.);
#1831=CARTESIAN_POINT('',(176.2489,17.08206,-60.));
#1832=VERTEX_POINT('',#1831);
#1833=DIRECTION('',(0.96593,-0.25882,0.));
#1834=VECTOR('',#1833,16.);
#1835=LINE('',#621,#1834);
#1836=EDGE_CURVE('',#622,#1832,#1835,.T.);
#1837=ORIENTED_EDGE('',*,*,#1836,.T.);
#1838=DIRECTION('',(-0.32144,-0.94693,0.));
#1839=VECTOR('',#1838,8.63321);
#1840=LINE('',#1809,#1839);
#1841=EDGE_CURVE('',#1810,#1832,#1840,.T.);
#1842=ORIENTED_EDGE('',*,*,#1841,.F.);
#1843=ORIENTED_EDGE('',*,*,#1814,.F.);
#1844=EDGE_LOOP('',(#1830,#1837,#1842,#1843));
#1845=FACE_OUTER_BOUND('',#1844,.T.);
#1846=CARTESIAN_POINT('',(164.24188,31.38004,-60.));
#1847=DIRECTION('',(0.,0.,1.));
#1848=DIRECTION('',(-0.32144,-0.94693,0.));
#1849=AXIS2_PLACEMENT_3D('',#1846,#1847,#1848);
#1850=PLANE('',#1849);
#1851=ADVANCED_FACE('',(#1845),#1850,.T.);
#1852=ORIENTED_EDGE('',*,*,#659,.T.);
#1853=CARTESIAN_POINT('',(174.56464,8.61473,-60.));
#1854=VERTEX_POINT('',#1853);
#1855=DIRECTION('',(0.99144,-0.13053,0.));
#1856=VECTOR('',#1855,16.);
#1857=LINE('',#649,#1856);
#1858=EDGE_CURVE('',#650,#1854,#1857,.T.);
#1859=ORIENTED_EDGE('',*,*,#1858,.T.);
#1860=DIRECTION('',(-0.19509,-0.98079,0.));
#1861=VECTOR('',#1860,8.63321);
#1862=LINE('',#1831,#1861);
#1863=EDGE_CURVE('',#1832,#1854,#1862,.T.);
#1864=ORIENTED_EDGE('',*,*,#1863,.F.);
#1865=ORIENTED_EDGE('',*,*,#1836,.F.);
#1866=EDGE_LOOP('',(#1852,#1859,#1864,#1865));
#1867=FACE_OUTER_BOUND('',#1866,.T.);
#1868=CARTESIAN_POINT('',(160.79408,21.22316,-60.));
#1869=DIRECTION('',(0.,0.,1.));
#1870=DIRECTION('',(-0.19509,-0.98079,0.));
#1871=AXIS2_PLACEMENT_3D('',#1868,#1869,#1870);
#1872=PLANE('',#1871);
#1873=ADVANCED_FACE('',(#1867),#1872,.T.);
#1874=ORIENTED_EDGE('',*,*,#687,.T.);
#1875=CARTESIAN_POINT('',(174.,0.,-60.));
#1876=VERTEX_POINT('',#1875);
#1877=DIRECTION('',(1.,0.,0.));
#1878=VECTOR('',#1877,16.);
#1879=LINE('',#677,#1878);
#1880=EDGE_CURVE('',#678,#1876,#1879,.T.);
#1881=ORIENTED_EDGE('',*,*,#1880,.T.);
#1882=DIRECTION('',(-0.0654,-0.99786,0.));
#1883=VECTOR('',#1882,8.63321);
#1884=LINE('',#1853,#1883);
#1885=EDGE_CURVE('',#1854,#1876,#1884,.T.);
#1886=ORIENTED_EDGE('',*,*,#1885,.F.);
#1887=ORIENTED_EDGE('',*,*,#1858,.F.);
#1888=EDGE_LOOP('',(#1874,#1881,#1886,#1887));
#1889=FACE_OUTER_BOUND('',#1888,.T.);
#1890=CARTESIAN_POINT('',(158.70152,10.70315,-60.));
#1891=DIRECTION('',(0.,0.,1.));
#1892=DIRECTION('',(-0.0654,-0.99786,0.));
#1893=AXIS2_PLACEMENT_3D('',#1890,#1891,#1892);
#1894=PLANE('',#1893);
#1895=ADVANCED_FACE('',(#1889),#1894,.T.);
#1896=ORIENTED_EDGE('',*,*,#715,.T.);
#1897=CARTESIAN_POINT('',(174.56464,-8.61473,-60.));
#1898=VERTEX_POINT('',#1897);
#1899=DIRECTION('',(0.99144,0.13053,0.));
#1900=VECTOR('',#1899,16.);
#1901=LINE('',#705,#1900);
#1902=EDGE_CURVE('',#706,#1898,#1901,.T.);
#1903=ORIENTED_EDGE('',*,*,#1902,.T.);
#1904=DIRECTION('',(0.0654,-0.99786,0.));
#1905=VECTOR('',#1904,8.63321);
#1906=LINE('',#1875,#1905);
#1907=EDGE_CURVE('',#1876,#1898,#1906,.T.);
#1908=ORIENTED_EDGE('',*,*,#1907,.F.);
#1909=ORIENTED_EDGE('',*,*,#1880,.F.);
#1910=EDGE_LOOP('',(#1896,#1903,#1908,#1909));
#1911=FACE_OUTER_BOUND('',#1910,.T.);
#1912=CARTESIAN_POINT('',(158.,0.,-60.));
#1913=DIRECTION('',(0.,0.,1.));
#1914=DIRECTION('',(0.0654,-0.99786,0.));
#1915=AXIS2_PLACEMENT_3D('',#1912,#1913,#1914);
#1916=PLANE('',#1915);
#1917=ADVANCED_FACE('',(#1911),#1916,.T.);
#1918=ORIENTED_EDGE('',*,*,#743,.T.);
#1919=CARTESIAN_POINT('',(176.2489,-17.08206,-60.));
#1920=VERTEX_POINT('',#1919);
#1921=DIRECTION('',(0.96593,0.25882,0.));
#1922=VECTOR('',#1921,16.);
#1923=LINE('',#733,#1922);
#1924=EDGE_CURVE('',#734,#1920,#1923,.T.);
#1925=ORIENTED_EDGE('',*,*,#1924,.T.);
#1926=DIRECTION('',(0.19509,-0.98079,0.));
#1927=VECTOR('',#1926,8.63321);
#1928=LINE('',#1897,#1927);
#1929=EDGE_CURVE('',#1898,#1920,#1928,.T.);
#1930=ORIENTED_EDGE('',*,*,#1929,.F.);
#1931=ORIENTED_EDGE('',*,*,#1902,.F.);
#1932=EDGE_LOOP('',(#1918,#1925,#1930,#1931));
#1933=FACE_OUTER_BOUND('',#1932,.T.);
#1934=CARTESIAN_POINT('',(158.70152,-10.70315,-60.));
#1935=DIRECTION('',(0.,0.,1.));
#1936=DIRECTION('',(0.19509,-0.98079,0.));
#1937=AXIS2_PLACEMENT_3D('',#1934,#1935,#1936);
#1938=PLANE('',#1937);
#1939=ADVANCED_FACE('',(#1933),#1938,.T.);
#1940=ORIENTED_EDGE('',*,*,#771,.T.);
#1941=CARTESIAN_POINT('',(179.02395,-25.25711,-60.));
#1942=VERTEX_POINT('',#1941);
#1943=DIRECTION('',(0.92388,0.38268,0.));
#1944=VECTOR('',#1943,16.);
#1945=LINE('',#761,#1944);
#1946=EDGE_CURVE('',#762,#1942,#1945,.T.);
#1947=ORIENTED_EDGE('',*,*,#1946,.T.);
#1948=DIRECTION('',(0.32144,-0.94693,0.));
#1949=VECTOR('',#1948,8.63321);
#1950=LINE('',#1919,#1949);
#1951=EDGE_CURVE('',#1920,#1942,#1950,.T.);
#1952=ORIENTED_EDGE('',*,*,#1951,.F.);
#1953=ORIENTED_EDGE('',*,*,#1924,.F.);
#1954=EDGE_LOOP('',(#1940,#1947,#1952,#1953));
#1955=FACE_OUTER_BOUND('',#1954,.T.);
#1956=CARTESIAN_POINT('',(160.79408,-21.22316,-60.));
#1957=DIRECTION('',(0.,0.,1.));
#1958=DIRECTION('',(0.32144,-0.94693,0.));
#1959=AXIS2_PLACEMENT_3D('',#1956,#1957,#1958);
#1960=PLANE('',#1959);
#1961=ADVANCED_FACE('',(#1955),#1960,.T.);
#1962=ORIENTED_EDGE('',*,*,#799,.T.);
#1963=CARTESIAN_POINT('',(182.84232,-33.,-60.));
#1964=VERTEX_POINT('',#1963);
#1965=DIRECTION('',(0.86603,0.5,0.));
#1966=VECTOR('',#1965,16.);
#1967=LINE('',#789,#1966);
#1968=EDGE_CURVE('',#790,#1964,#1967,.T.);
#1969=ORIENTED_EDGE('',*,*,#1968,.T.);
#1970=DIRECTION('',(0.44229,-0.89687,0.));
#1971=VECTOR('',#1970,8.63321);
#1972=LINE('',#1941,#1971);
#1973=EDGE_CURVE('',#1942,#1964,#1972,.T.);
#1974=ORIENTED_EDGE('',*,*,#1973,.F.);
#1975=ORIENTED_EDGE('',*,*,#1946,.F.);
#1976=EDGE_LOOP('',(#1962,#1969,#1974,#1975));
#1977=FACE_OUTER_BOUND('',#1976,.T.);
#1978=CARTESIAN_POINT('',(164.24188,-31.38004,-60.));
#1979=DIRECTION('',(0.,0.,1.));
#1980=DIRECTION('',(0.44229,-0.89687,0.));
#1981=AXIS2_PLACEMENT_3D('',#1978,#1979,#1980);
#1982=PLANE('',#1981);
#1983=ADVANCED_FACE('',(#1977),#1982,.T.);
#1984=ORIENTED_EDGE('',*,*,#827,.T.);
#1985=CARTESIAN_POINT('',(187.63868,-40.17825,-60.));
#1986=VERTEX_POINT('',#1985);
#1987=DIRECTION('',(0.79335,0.60876,0.));
#1988=VECTOR('',#1987,16.);
#1989=LINE('',#817,#1988);
#1990=EDGE_CURVE('',#818,#1986,#1989,.T.);
#1991=ORIENTED_EDGE('',*,*,#1990,.T.);
#1992=DIRECTION('',(0.55557,-0.83147,0.));
#1993=VECTOR('',#1992,8.63321);
#1994=LINE('',#1963,#1993);
#1995=EDGE_CURVE('',#1964,#1986,#1994,.T.);
#1996=ORIENTED_EDGE('',*,*,#1995,.F.);
#1997=ORIENTED_EDGE('',*,*,#1968,.F.);
#1998=EDGE_LOOP('',(#1984,#1991,#1996,#1997));
#1999=FACE_OUTER_BOUND('',#1998,.T.);
#2000=CARTESIAN_POINT('',(168.98592,-41.,-60.));
#2001=DIRECTION('',(0.,0.,1.));
#2002=DIRECTION('',(0.55557,-0.83147,0.));
#2003=AXIS2_PLACEMENT_3D('',#2000,#2001,#2002);
#2004=PLANE('',#2003);
#2005=ADVANCED_FACE('',(#1999),#2004,.T.);
#2006=ORIENTED_EDGE('',*,*,#855,.T.);
#2007=CARTESIAN_POINT('',(193.33095,-46.66905,-60.));
#2008=VERTEX_POINT('',#2007);
#2009=DIRECTION('',(0.70711,0.70711,0.));
#2010=VECTOR('',#2009,16.);
#2011=LINE('',#845,#2010);
#2012=EDGE_CURVE('',#846,#2008,#2011,.T.);
#2013=ORIENTED_EDGE('',*,*,#2012,.T.);
#2014=DIRECTION('',(0.65935,-0.75184,0.));
#2015=VECTOR('',#2014,8.63321);
#2016=LINE('',#1985,#2015);
#2017=EDGE_CURVE('',#1986,#2008,#2016,.T.);
#2018=ORIENTED_EDGE('',*,*,#2017,.F.);
#2019=ORIENTED_EDGE('',*,*,#1990,.F.);
#2020=EDGE_LOOP('',(#2006,#2013,#2018,#2019));
#2021=FACE_OUTER_BOUND('',#2020,.T.);
#2022=CARTESIAN_POINT('',(174.94503,-49.91844,-60.));
#2023=DIRECTION('',(0.,0.,1.));
#2024=DIRECTION('',(0.65935,-0.75184,0.));
#2025=AXIS2_PLACEMENT_3D('',#2022,#2023,#2024);
#2026=PLANE('',#2025);
#2027=ADVANCED_FACE('',(#2021),#2026,.T.);
#2028=ORIENTED_EDGE('',*,*,#883,.T.);
#2029=CARTESIAN_POINT('',(199.82175,-52.36132,-60.));
#2030=VERTEX_POINT('',#2029);
#2031=DIRECTION('',(0.60876,0.79335,0.));
#2032=VECTOR('',#2031,16.);
#2033=LINE('',#873,#2032);
#2034=EDGE_CURVE('',#874,#2030,#2033,.T.);
#2035=ORIENTED_EDGE('',*,*,#2034,.T.);
#2036=DIRECTION('',(0.75184,-0.65935,0.));
#2037=VECTOR('',#2036,8.63321);
#2038=LINE('',#2007,#2037);
#2039=EDGE_CURVE('',#2008,#2030,#2038,.T.);
#2040=ORIENTED_EDGE('',*,*,#2039,.F.);
#2041=ORIENTED_EDGE('',*,*,#2012,.F.);
#2042=EDGE_LOOP('',(#2028,#2035,#2040,#2041));
#2043=FACE_OUTER_BOUND('',#2042,.T.);
#2044=CARTESIAN_POINT('',(182.01724,-57.98276,-60.));
#2045=DIRECTION('',(0.,0.,1.));
#2046=DIRECTION('',(0.75184,-0.65935,0.));
#2047=AXIS2_PLACEMENT_3D('',#2044,#2045,#2046);
#2048=PLANE('',#2047);
#2049=ADVANCED_FACE('',(#2043),#2048,.T.);
#2050=ORIENTED_EDGE('',*,*,#911,.T.);
#2051=CARTESIAN_POINT('',(207.,-57.15768,-60.));
#2052=VERTEX_POINT('',#2051);
#2053=DIRECTION('',(0.5,0.86603,0.));
#2054=VECTOR('',#2053,16.);
#2055=LINE('',#901,#2054);
#2056=EDGE_CURVE('',#902,#2052,#2055,.T.);
#2057=ORIENTED_EDGE('',*,*,#2056,.T.);
#2058=DIRECTION('',(0.83147,-0.55557,0.));
#2059=VECTOR('',#2058,8.63321);
#2060=LINE('',#2029,#2059);
#2061=EDGE_CURVE('',#2030,#2052,#2060,.T.);
#2062=ORIENTED_EDGE('',*,*,#2061,.F.);
#2063=ORIENTED_EDGE('',*,*,#2034,.F.);
#2064=EDGE_LOOP('',(#2050,#2057,#2062,#2063));
#2065=FACE_OUTER_BOUND('',#2064,.T.);
#2066=CARTESIAN_POINT('',(190.08156,-65.05497,-60.));
#2067=DIRECTION('',(0.,0.,1.));
#2068=DIRECTION('',(0.83147,-0.55557,0.));
#2069=AXIS2_PLACEMENT_3D('',#2066,#2067,#2068);
#2070=PLANE('',#2069);
#2071=ADVANCED_FACE('',(#2065),#2070,.T.);
#2072=ORIENTED_EDGE('',*,*,#939,.T.);
#2073=CARTESIAN_POINT('',(214.74289,-60.97605,-60.));
#2074=VERTEX_POINT('',#2073);
#2075=DIRECTION('',(0.38268,0.92388,0.));
#2076=VECTOR('',#2075,16.);
#2077=LINE('',#929,#2076);
#2078=EDGE_CURVE('',#930,#2074,#2077,.T.);
#2079=ORIENTED_EDGE('',*,*,#2078,.T.);
#2080=DIRECTION('',(0.89687,-0.44229,0.));
#2081=VECTOR('',#2080,8.63321);
#2082=LINE('',#2051,#2081);
#2083=EDGE_CURVE('',#2052,#2074,#2082,.T.);
#2084=ORIENTED_EDGE('',*,*,#2083,.F.);
#2085=ORIENTED_EDGE('',*,*,#2056,.F.);
#2086=EDGE_LOOP('',(#2072,#2079,#2084,#2085));
#2087=FACE_OUTER_BOUND('',#2086,.T.);
#2088=CARTESIAN_POINT('',(199.,-71.01408,-60.));
#2089=DIRECTION('',(0.,0.,1.));
#2090=DIRECTION('',(0.89687,-0.44229,0.));
#2091=AXIS2_PLACEMENT_3D('',#2088,#2089,#2090);
#2092=PLANE('',#2091);
#2093=ADVANCED_FACE('',(#2087),#2092,.T.);
#2094=ORIENTED_EDGE('',*,*,#967,.T.);
#2095=CARTESIAN_POINT('',(222.91794,-63.7511,-60.));
#2096=VERTEX_POINT('',#2095);
#2097=DIRECTION('',(0.25882,0.96593,0.));
#2098=VECTOR('',#2097,16.);
#2099=LINE('',#957,#2098);
#2100=EDGE_CURVE('',#958,#2096,#2099,.T.);
#2101=ORIENTED_EDGE('',*,*,#2100,.T.);
#2102=DIRECTION('',(0.94693,-0.32144,0.));
#2103=VECTOR('',#2102,8.63321);
#2104=LINE('',#2073,#2103);
#2105=EDGE_CURVE('',#2074,#2096,#2104,.T.);
#2106=ORIENTED_EDGE('',*,*,#2105,.F.);
#2107=ORIENTED_EDGE('',*,*,#2078,.F.);
#2108=EDGE_LOOP('',(#2094,#2101,#2106,#2107));
#2109=FACE_OUTER_BOUND('',#2108,.T.);
#2110=CARTESIAN_POINT('',(208.61996,-75.75812,-60.));
#2111=DIRECTION('',(0.,0.,1.));
#2112=DIRECTION('',(0.94693,-0.32144,0.));
#2113=AXIS2_PLACEMENT_3D('',#2110,#2111,#2112);
#2114=PLANE('',#2113);
#2115=ADVANCED_FACE('',(#2109),#2114,.T.);
#2116=ORIENTED_EDGE('',*,*,#995,.T.);
#2117=CARTESIAN_POINT('',(231.38527,-65.43536,-60.));
#2118=VERTEX_POINT('',#2117);
#2119=DIRECTION('',(0.13053,0.99144,0.));
#2120=VECTOR('',#2119,16.);
#2121=LINE('',#985,#2120);
#2122=EDGE_CURVE('',#986,#2118,#2121,.T.);
#2123=ORIENTED_EDGE('',*,*,#2122,.T.);
#2124=DIRECTION('',(0.98079,-0.19509,0.));
#2125=VECTOR('',#2124,8.63321);
#2126=LINE('',#2095,#2125);
#2127=EDGE_CURVE('',#2096,#2118,#2126,.T.);
#2128=ORIENTED_EDGE('',*,*,#2127,.F.);
#2129=ORIENTED_EDGE('',*,*,#2100,.F.);
#2130=EDGE_LOOP('',(#2116,#2123,#2128,#2129));
#2131=FACE_OUTER_BOUND('',#2130,.T.);
#2132=CARTESIAN_POINT('',(218.77684,-79.20592,-60.));
#2133=DIRECTION('',(0.,0.,1.));
#2134=DIRECTION('',(0.98079,-0.19509,0.));
#2135=AXIS2_PLACEMENT_3D('',#2132,#2133,#2134);
#2136=PLANE('',#2135);
#2137=ADVANCED_FACE('',(#2131),#2136,.T.);
#2138=ORIENTED_EDGE('',*,*,#1023,.T.);
#2139=CARTESIAN_POINT('',(240.,-66.,-60.));
#2140=VERTEX_POINT('',#2139);
#2141=DIRECTION('',(0.,1.,0.));
#2142=VECTOR('',#2141,16.);
#2143=LINE('',#1013,#2142);
#2144=EDGE_CURVE('',#1014,#2140,#2143,.T.);
#2145=ORIENTED_EDGE('',*,*,#2144,.T.);
#2146=DIRECTION('',(0.99786,-0.0654,0.));
#2147=VECTOR('',#2146,8.63321);
#2148=LINE('',#2117,#2147);
#2149=EDGE_CURVE('',#2118,#2140,#2148,.T.);
#2150=ORIENTED_EDGE('',*,*,#2149,.F.);
#2151=ORIENTED_EDGE('',*,*,#2122,.F.);
#2152=EDGE_LOOP('',(#2138,#2145,#2150,#2151));
#2153=FACE_OUTER_BOUND('',#2152,.T.);
#2154=CARTESIAN_POINT('',(229.29685,-81.29848,-60.));
#2155=DIRECTION('',(0.,0.,1.));
#2156=DIRECTION('',(0.99786,-0.0654,0.));
#2157=AXIS2_PLACEMENT_3D('',#2154,#2155,#2156);
#2158=PLANE('',#2157);
#2159=ADVANCED_FACE('',(#2153),#2158,.T.);
#2160=ORIENTED_EDGE('',*,*,#1051,.T.);
#2161=CARTESIAN_POINT('',(248.61473,-65.43536,-60.));
#2162=VERTEX_POINT('',#2161);
#2163=DIRECTION('',(-0.13053,0.99144,0.));
#2164=VECTOR('',#2163,16.);
#2165=LINE('',#1041,#2164);
#2166=EDGE_CURVE('',#1042,#2162,#2165,.T.);
#2167=ORIENTED_EDGE('',*,*,#2166,.T.);
#2168=DIRECTION('',(0.99786,0.0654,0.));
#2169=VECTOR('',#2168,8.63321);
#2170=LINE('',#2139,#2169);
#2171=EDGE_CURVE('',#2140,#2162,#2170,.T.);
#2172=ORIENTED_EDGE('',*,*,#2171,.F.);
#2173=ORIENTED_EDGE('',*,*,#2144,.F.);
#2174=EDGE_LOOP('',(#2160,#2167,#2172,#2173));
#2175=FACE_OUTER_BOUND('',#2174,.T.);
#2176=CARTESIAN_POINT('',(240.,-82.,-60.));
#2177=DIRECTION('',(0.,0.,1.));
#2178=DIRECTION('',(0.99786,0.0654,0.));
#2179=AXIS2_PLACEMENT_3D('',#2176,#2177,#2178);
#2180=PLANE('',#2179);
#2181=ADVANCED_FACE('',(#2175),#2180,.T.);
#2182=ORIENTED_EDGE('',*,*,#1079,.T.);
#2183=CARTESIAN_POINT('',(257.08206,-63.7511,-60.));
#2184=VERTEX_POINT('',#2183);
#2185=DIRECTION('',(-0.25882,0.96593,0.));
#2186=VECTOR('',#2185,16.);
#2187=LINE('',#1069,#2186);
#2188=EDGE_CURVE('',#1070,#2184,#2187,.T.);
#2189=ORIENTED_EDGE('',*,*,#2188,.T.);
#2190=DIRECTION('',(0.98079,0.19509,0.));
#2191=VECTOR('',#2190,8.63321);
#2192=LINE('',#2161,#2191);
#2193=EDGE_CURVE('',#2162,#2184,#2192,.T.);
#2194=ORIENTED_EDGE('',*,*,#2193,.F.);
#2195=ORIENTED_EDGE('',*,*,#2166,.F.);
#2196=EDGE_LOOP('',(#2182,#2189,#2194,#2195));
#2197=FACE_OUTER_BOUND('',#2196,.T.);
#2198=CARTESIAN_POINT('',(250.70315,-81.29848,-60.));
#2199=DIRECTION('',(0.,0.,1.));
#2200=DIRECTION('',(0.98079,0.19509,0.));
#2201=AXIS2_PLACEMENT_3D('',#2198,#2199,#2200);
#2202=PLANE('',#2201);
#2203=ADVANCED_FACE('',(#2197),#2202,.T.);
#2204=ORIENTED_EDGE('',*,*,#1107,.T.);
#2205=CARTESIAN_POINT('',(265.25711,-60.97605,-60.));
#2206=VERTEX_POINT('',#2205);
#2207=DIRECTION('',(-0.38268,0.92388,0.));
#2208=VECTOR('',#2207,16.);
#2209=LINE('',#1097,#2208);
#2210=EDGE_CURVE('',#1098,#2206,#2209,.T.);
#2211=ORIENTED_EDGE('',*,*,#2210,.T.);
#2212=DIRECTION('',(0.94693,0.32144,0.));
#2213=VECTOR('',#2212,8.63321);
#2214=LINE('',#2183,#2213);
#2215=EDGE_CURVE('',#2184,#2206,#2214,.T.);
#2216=ORIENTED_EDGE('',*,*,#2215,.F.);
#2217=ORIENTED_EDGE('',*,*,#2188,.F.);
#2218=EDGE_LOOP('',(#2204,#2211,#2216,#2217));
#2219=FACE_OUTER_BOUND('',#2218,.T.);
#2220=CARTESIAN_POINT('',(261.22316,-79.20592,-60.));
#2221=DIRECTION('',(0.,0.,1.));
#2222=DIRECTION('',(0.94693,0.32144,0.));
#2223=AXIS2_PLACEMENT_3D('',#2220,#2221,#2222);
#2224=PLANE('',#2223);
#2225=ADVANCED_FACE('',(#2219),#2224,.T.);
#2226=ORIENTED_EDGE('',*,*,#1135,.T.);
#2227=CARTESIAN_POINT('',(273.,-57.15768,-60.));
#2228=VERTEX_POINT('',#2227);
#2229=DIRECTION('',(-0.5,0.86603,0.));
#2230=VECTOR('',#2229,16.);
#2231=LINE('',#1125,#2230);
#2232=EDGE_CURVE('',#1126,#2228,#2231,.T.);
#2233=ORIENTED_EDGE('',*,*,#2232,.T.);
#2234=DIRECTION('',(0.89687,0.44229,0.));
#2235=VECTOR('',#2234,8.63321);
#2236=LINE('',#2205,#2235);
#2237=EDGE_CURVE('',#2206,#2228,#2236,.T.);
#2238=ORIENTED_EDGE('',*,*,#2237,.F.);
#2239=ORIENTED_EDGE('',*,*,#2210,.F.);
#2240=EDGE_LOOP('',(#2226,#2233,#2238,#2239));
#2241=FACE_OUTER_BOUND('',#2240,.T.);
#2242=CARTESIAN_POINT('',(271.38004,-75.75812,-60.));
#2243=DIRECTION('',(0.,0.,1.));
#2244=DIRECTION('',(0.89687,0.44229,0.));
#2245=AXIS2_PLACEMENT_3D('',#2242,#2243,#2244);
#2246=PLANE('',#2245);
#2247=ADVANCED_FACE('',(#2241),#2246,.T.);
#2248=ORIENTED_EDGE('',*,*,#1163,.T.);
#2249=CARTESIAN_POINT('',(280.17825,-52.36132,-60.));
#2250=VERTEX_POINT('',#2249);
#2251=DIRECTION('',(-0.60876,0.79335,0.));
#2252=VECTOR('',#2251,16.);
#2253=LINE('',#1153,#2252);
#2254=EDGE_CURVE('',#1154,#2250,#2253,.T.);
#2255=ORIENTED_EDGE('',*,*,#2254,.T.);
#2256=DIRECTION('',(0.83147,0.55557,0.));
#2257=VECTOR('',#2256,8.63321);
#2258=LINE('',#2227,#2257);
#2259=EDGE_CURVE('',#2228,#2250,#2258,.T.);
#2260=ORIENTED_EDGE('',*,*,#2259,.F.);
#2261=ORIENTED_EDGE('',*,*,#2232,.F.);
#2262=EDGE_LOOP('',(#2248,#2255,#2260,#2261));
#2263=FACE_OUTER_BOUND('',#2262,.T.);
#2264=CARTESIAN_POINT('',(281.,-71.01408,-60.));
#2265=DIRECTION('',(0.,0.,1.));
#2266=DIRECTION('',(0.83147,0.55557,0.));
#2267=AXIS2_PLACEMENT_3D('',#2264,#2265,#2266);
#2268=PLANE('',#2267);
#2269=ADVANCED_FACE('',(#2263),#2268,.T.);
#2270=ORIENTED_EDGE('',*,*,#1191,.T.);
#2271=CARTESIAN_POINT('',(286.66905,-46.66905,-60.));
#2272=VERTEX_POINT('',#2271);
#2273=DIRECTION('',(-0.70711,0.70711,0.));
#2274=VECTOR('',#2273,16.);
#2275=LINE('',#1181,#2274);
#2276=EDGE_CURVE('',#1182,#2272,#2275,.T.);
#2277=ORIENTED_EDGE('',*,*,#2276,.T.);
#2278=DIRECTION('',(0.75184,0.65935,0.));
#2279=VECTOR('',#2278,8.63321);
#2280=LINE('',#2249,#2279);
#2281=EDGE_CURVE('',#2250,#2272,#2280,.T.);
#2282=ORIENTED_EDGE('',*,*,#2281,.F.);
#2283=ORIENTED_EDGE('',*,*,#2254,.F.);
#2284=EDGE_LOOP('',(#2270,#2277,#2282,#2283));
#2285=FACE_OUTER_BOUND('',#2284,.T.);
#2286=CARTESIAN_POINT('',(289.91844,-65.05497,-60.));
#2287=DIRECTION('',(0.,0.,1.));
#2288=DIRECTION('',(0.75184,0.65935,0.));
#2289=AXIS2_PLACEMENT_3D('',#2286,#2287,#2288);
#2290=PLANE('',#2289);
#2291=ADVANCED_FACE('',(#2285),#2290,.T.);
#2292=ORIENTED_EDGE('',*,*,#1219,.T.);
#2293=CARTESIAN_POINT('',(292.36132,-40.17825,-60.));
#2294=VERTEX_POINT('',#2293);
#2295=DIRECTION('',(-0.79335,0.60876,0.));
#2296=VECTOR('',#2295,16.);
#2297=LINE('',#1209,#2296);
#2298=EDGE_CURVE('',#1210,#2294,#2297,.T.);
#2299=ORIENTED_EDGE('',*,*,#2298,.T.);
#2300=DIRECTION('',(0.65935,0.75184,0.));
#2301=VECTOR('',#2300,8.63321);
#2302=LINE('',#2271,#2301);
#2303=EDGE_CURVE('',#2272,#2294,#2302,.T.);
#2304=ORIENTED_EDGE('',*,*,#2303,.F.);
#2305=ORIENTED_EDGE('',*,*,#2276,.F.);
#2306=EDGE_LOOP('',(#2292,#2299,#2304,#2305));
#2307=FACE_OUTER_BOUND('',#2306,.T.);
#2308=CARTESIAN_POINT('',(297.98276,-57.98276,-60.));
#2309=DIRECTION('',(0.,0.,1.));
#2310=DIRECTION('',(0.65935,0.75184,0.));
#2311=AXIS2_PLACEMENT_3D('',#2308,#2309,#2310);
#2312=PLANE('',#2311);
#2313=ADVANCED_FACE('',(#2307),#2312,.T.);
#2314=ORIENTED_EDGE('',*,*,#1247,.T.);
#2315=CARTESIAN_POINT('',(297.15768,-33.,-60.));
#2316=VERTEX_POINT('',#2315);
#2317=DIRECTION('',(-0.86603,0.5,0.));
#2318=VECTOR('',#2317,16.);
#2319=LINE('',#1237,#2318);
#2320=EDGE_CURVE('',#1238,#2316,#2319,.T.);
#2321=ORIENTED_EDGE('',*,*,#2320,.T.);
#2322=DIRECTION('',(0.55557,0.83147,0.));
#2323=VECTOR('',#2322,8.63321);
#2324=LINE('',#2293,#2323);
#2325=EDGE_CURVE('',#2294,#2316,#2324,.T.);
#2326=ORIENTED_EDGE('',*,*,#2325,.F.);
#2327=ORIENTED_EDGE('',*,*,#2298,.F.);
#2328=EDGE_LOOP('',(#2314,#2321,#2326,#2327));
#2329=FACE_OUTER_BOUND('',#2328,.T.);
#2330=CARTESIAN_POINT('',(305.05497,-49.91844,-60.));
#2331=DIRECTION('',(0.,0.,1.));
#2332=DIRECTION('',(0.55557,0.83147,0.));
#2333=AXIS2_PLACEMENT_3D('',#2330,#2331,#2332);
#2334=PLANE('',#2333);
#2335=ADVANCED_FACE('',(#2329),#2334,.T.);
#2336=ORIENTED_EDGE('',*,*,#1275,.T.);
#2337=CARTESIAN_POINT('',(300.97605,-25.25711,-60.));
#2338=VERTEX_POINT('',#2337);
#2339=DIRECTION('',(-0.92388,0.38268,0.));
#2340=VECTOR('',#2339,16.);
#2341=LINE('',#1265,#2340);
#2342=EDGE_CURVE('',#1266,#2338,#2341,.T.);
#2343=ORIENTED_EDGE('',*,*,#2342,.T.);
#2344=DIRECTION('',(0.44229,0.89687,0.));
#2345=VECTOR('',#2344,8.63321);
#2346=LINE('',#2315,#2345);
#2347=EDGE_CURVE('',#2316,#2338,#2346,.T.);
#2348=ORIENTED_EDGE('',*,*,#2347,.F.);
#2349=ORIENTED_EDGE('',*,*,#2320,.F.);
#2350=EDGE_LOOP('',(#2336,#2343,#2348,#2349));
#2351=FACE_OUTER_BOUND('',#2350,.T.);
#2352=CARTESIAN_POINT('',(311.01408,-41.,-60.));
#2353=DIRECTION('',(0.,0.,1.));
#2354=DIRECTION('',(0.44229,0.89687,0.));
#2355=AXIS2_PLACEMENT_3D('',#2352,#2353,#2354);
#2356=PLANE('',#2355);
#2357=ADVANCED_FACE('',(#2351),#2356,.T.);
#2358=ORIENTED_EDGE('',*,*,#1303,.T.);
#2359=CARTESIAN_POINT('',(303.7511,-17.08206,-60.));
#2360=VERTEX_POINT('',#2359);
#2361=DIRECTION('',(-0.96593,0.25882,0.));
#2362=VECTOR('',#2361,16.);
#2363=LINE('',#1293,#2362);
#2364=EDGE_CURVE('',#1294,#2360,#2363,.T.);
#2365=ORIENTED_EDGE('',*,*,#2364,.T.);
#2366=DIRECTION('',(0.32144,0.94693,0.));
#2367=VECTOR('',#2366,8.63321);
#2368=LINE('',#2337,#2367);
#2369=EDGE_CURVE('',#2338,#2360,#2368,.T.);
#2370=ORIENTED_EDGE('',*,*,#2369,.F.);
#2371=ORIENTED_EDGE('',*,*,#2342,.F.);
#2372=EDGE_LOOP('',(#2358,#2365,#2370,#2371));
#2373=FACE_OUTER_BOUND('',#2372,.T.);
#2374=CARTESIAN_POINT('',(315.75812,-31.38004,-60.));
#2375=DIRECTION('',(0.,0.,1.));
#2376=DIRECTION('',(0.32144,0.94693,0.));
#2377=AXIS2_PLACEMENT_3D('',#2374,#2375,#2376);
#2378=PLANE('',#2377);
#2379=ADVANCED_FACE('',(#2373),#2378,.T.);
#2380=ORIENTED_EDGE('',*,*,#1331,.T.);
#2381=CARTESIAN_POINT('',(305.43536,-8.61473,-60.));
#2382=VERTEX_POINT('',#2381);
#2383=DIRECTION('',(-0.99144,0.13053,0.));
#2384=VECTOR('',#2383,16.);
#2385=LINE('',#1321,#2384);
#2386=EDGE_CURVE('',#1322,#2382,#2385,.T.);
#2387=ORIENTED_EDGE('',*,*,#2386,.T.);
#2388=DIRECTION('',(0.19509,0.98079,0.));
#2389=VECTOR('',#2388,8.63321);
#2390=LINE('',#2359,#2389);
#2391=EDGE_CURVE('',#2360,#2382,#2390,.T.);
#2392=ORIENTED_EDGE('',*,*,#2391,.F.);
#2393=ORIENTED_EDGE('',*,*,#2364,.F.);
#2394=EDGE_LOOP('',(#2380,#2387,#2392,#2393));
#2395=FACE_OUTER_BOUND('',#2394,.T.);
#2396=CARTESIAN_POINT('',(319.20592,-21.22316,-60.));
#2397=DIRECTION('',(0.,0.,1.));
#2398=DIRECTION('',(0.19509,0.98079,0.));
#2399=AXIS2_PLACEMENT_3D('',#2396,#2397,#2398);
#2400=PLANE('',#2399);
#2401=ADVANCED_FACE('',(#2395),#2400,.T.);
#2402=ORIENTED_EDGE('',*,*,#1351,.F.);
#2403=ORIENTED_EDGE('',*,*,#1380,.T.);
#2404=DIRECTION('',(-0.0654,-0.99786,0.));
#2405=VECTOR('',#2404,8.63321);
#2406=LINE('',#1370,#2405);
#2407=EDGE_CURVE('',#1371,#2382,#2406,.T.);
#2408=ORIENTED_EDGE('',*,*,#2407,.T.);
#2409=ORIENTED_EDGE('',*,*,#2386,.F.);
#2410=EDGE_LOOP('',(#2402,#2403,#2408,#2409));
#2411=FACE_OUTER_BOUND('',#2410,.T.);
#2412=CARTESIAN_POINT('',(321.29848,-10.70315,-60.));
#2413=DIRECTION('',(0.,0.,1.));
#2414=DIRECTION('',(0.0654,0.99786,0.));
#2415=AXIS2_PLACEMENT_3D('',#2412,#2413,#2414);
#2416=PLANE('',#2415);
#2417=ADVANCED_FACE('',(#2411),#2416,.T.);
#2418=ORIENTED_EDGE('',*,*,#1375,.T.);
#2419=CARTESIAN_POINT('',(305.43536,8.61473,-72.));
#2420=VERTEX_POINT('',#2419);
#2421=DIRECTION('',(0.,0.,-1.));
#2422=VECTOR('',#2421,12.);
#2423=LINE('',#1363,#2422);
#2424=EDGE_CURVE('',#1364,#2420,#2423,.T.);
#2425=ORIENTED_EDGE('',*,*,#2424,.T.);
#2426=CARTESIAN_POINT('',(306.,0.,-72.));
#2427=VERTEX_POINT('',#2426);
#2428=DIRECTION('',(-0.0654,0.99786,0.));
#2429=VECTOR('',#2428,8.63321);
#2430=LINE('',#2426,#2429);
#2431=EDGE_CURVE('',#2427,#2420,#2430,.T.);
#2432=ORIENTED_EDGE('',*,*,#2431,.F.);
#2433=DIRECTION('',(0.,0.,-1.));
#2434=VECTOR('',#2433,12.);
#2435=LINE('',#1370,#2434);
#2436=EDGE_CURVE('',#1371,#2427,#2435,.T.);
#2437=ORIENTED_EDGE('',*,*,#2436,.F.);
#2438=EDGE_LOOP('',(#2418,#2425,#2432,#2437));
#2439=FACE_OUTER_BOUND('',#2438,.T.);
#2440=CARTESIAN_POINT('',(306.,0.,-60.));
#2441=DIRECTION('',(-0.99786,-0.0654,0.));
#2442=DIRECTION('',(-0.0654,0.99786,0.));
#2443=AXIS2_PLACEMENT_3D('',#2440,#2441,#2442);
#2444=PLANE('',#2443);
#2445=ADVANCED_FACE('',(#2439),#2444,.T.);
#2446=ORIENTED_EDGE('',*,*,#1401,.T.);
#2447=CARTESIAN_POINT('',(303.7511,17.08206,-72.));
#2448=VERTEX_POINT('',#2447);
#2449=DIRECTION('',(0.,0.,-1.));
#2450=VECTOR('',#2449,12.);
#2451=LINE('',#1391,#2450);
#2452=EDGE_CURVE('',#1392,#2448,#2451,.T.);
#2453=ORIENTED_EDGE('',*,*,#2452,.T.);
#2454=DIRECTION('',(-0.19509,0.98079,0.));
#2455=VECTOR('',#2454,8.63321);
#2456=LINE('',#2419,#2455);
#2457=EDGE_CURVE('',#2420,#2448,#2456,.T.);
#2458=ORIENTED_EDGE('',*,*,#2457,.F.);
#2459=ORIENTED_EDGE('',*,*,#2424,.F.);
#2460=EDGE_LOOP('',(#2446,#2453,#2458,#2459));
#2461=FACE_OUTER_BOUND('',#2460,.T.);
#2462=CARTESIAN_POINT('',(305.43536,8.61473,-60.));
#2463=DIRECTION('',(-0.98079,-0.19509,0.));
#2464=DIRECTION('',(-0.19509,0.98079,0.));
#2465=AXIS2_PLACEMENT_3D('',#2462,#2463,#2464);
#2466=PLANE('',#2465);
#2467=ADVANCED_FACE('',(#2461),#2466,.T.);
#2468=ORIENTED_EDGE('',*,*,#1423,.T.);
#2469=CARTESIAN_POINT('',(300.97605,25.25711,-72.));
#2470=VERTEX_POINT('',#2469);
#2471=DIRECTION('',(0.,0.,-1.));
#2472=VECTOR('',#2471,12.);
#2473=LINE('',#1413,#2472);
#2474=EDGE_CURVE('',#1414,#2470,#2473,.T.);
#2475=ORIENTED_EDGE('',*,*,#2474,.T.);
#2476=DIRECTION('',(-0.32144,0.94693,0.));
#2477=VECTOR('',#2476,8.63321);
#2478=LINE('',#2447,#2477);
#2479=EDGE_CURVE('',#2448,#2470,#2478,.T.);
#2480=ORIENTED_EDGE('',*,*,#2479,.F.);
#2481=ORIENTED_EDGE('',*,*,#2452,.F.);
#2482=EDGE_LOOP('',(#2468,#2475,#2480,#2481));
#2483=FACE_OUTER_BOUND('',#2482,.T.);
#2484=CARTESIAN_POINT('',(303.7511,17.08206,-60.));
#2485=DIRECTION('',(-0.94693,-0.32144,0.));
#2486=DIRECTION('',(-0.32144,0.94693,0.));
#2487=AXIS2_PLACEMENT_3D('',#2484,#2485,#2486);
#2488=PLANE('',#2487);
#2489=ADVANCED_FACE('',(#2483),#2488,.T.);
#2490=ORIENTED_EDGE('',*,*,#1445,.T.);
#2491=CARTESIAN_POINT('',(297.15768,33.,-72.));
#2492=VERTEX_POINT('',#2491);
#2493=DIRECTION('',(0.,0.,-1.));
#2494=VECTOR('',#2493,12.);
#2495=LINE('',#1435,#2494);
#2496=EDGE_CURVE('',#1436,#2492,#2495,.T.);
#2497=ORIENTED_EDGE('',*,*,#2496,.T.);
#2498=DIRECTION('',(-0.44229,0.89687,0.));
#2499=VECTOR('',#2498,8.63321);
#2500=LINE('',#2469,#2499);
#2501=EDGE_CURVE('',#2470,#2492,#2500,.T.);
#2502=ORIENTED_EDGE('',*,*,#2501,.F.);
#2503=ORIENTED_EDGE('',*,*,#2474,.F.);
#2504=EDGE_LOOP('',(#2490,#2497,#2502,#2503));
#2505=FACE_OUTER_BOUND('',#2504,.T.);
#2506=CARTESIAN_POINT('',(300.97605,25.25711,-60.));
#2507=DIRECTION('',(-0.89687,-0.44229,0.));
#2508=DIRECTION('',(-0.44229,0.89687,0.));
#2509=AXIS2_PLACEMENT_3D('',#2506,#2507,#2508);
#2510=PLANE('',#2509);
#2511=ADVANCED_FACE('',(#2505),#2510,.T.);
#2512=ORIENTED_EDGE('',*,*,#1467,.T.);
#2513=CARTESIAN_POINT('',(292.36132,40.17825,-72.));
#2514=VERTEX_POINT('',#2513);
#2515=DIRECTION('',(0.,0.,-1.));
#2516=VECTOR('',#2515,12.);
#2517=LINE('',#1457,#2516);
#2518=EDGE_CURVE('',#1458,#2514,#2517,.T.);
#2519=ORIENTED_EDGE('',*,*,#2518,.T.);
#2520=DIRECTION('',(-0.55557,0.83147,0.));
#2521=VECTOR('',#2520,8.63321);
#2522=LINE('',#2491,#2521);
#2523=EDGE_CURVE('',#2492,#2514,#2522,.T.);
#2524=ORIENTED_EDGE('',*,*,#2523,.F.);
#2525=ORIENTED_EDGE('',*,*,#2496,.F.);
#2526=EDGE_LOOP('',(#2512,#2519,#2524,#2525));
#2527=FACE_OUTER_BOUND('',#2526,.T.);
#2528=CARTESIAN_POINT('',(297.15768,33.,-60.));
#2529=DIRECTION('',(-0.83147,-0.55557,0.));
#2530=DIRECTION('',(-0.55557,0.83147,0.));
#2531=AXIS2_PLACEMENT_3D('',#2528,#2529,#2530);
#2532=PLANE('',#2531);
#2533=ADVANCED_FACE('',(#2527),#2532,.T.);
#2534=ORIENTED_EDGE('',*,*,#1489,.T.);
#2535=CARTESIAN_POINT('',(286.66905,46.66905,-72.));
#2536=VERTEX_POINT('',#2535);
#2537=DIRECTION('',(0.,0.,-1.));
#2538=VECTOR('',#2537,12.);
#2539=LINE('',#1479,#2538);
#2540=EDGE_CURVE('',#1480,#2536,#2539,.T.);
#2541=ORIENTED_EDGE('',*,*,#2540,.T.);
#2542=DIRECTION('',(-0.65935,0.75184,0.));
#2543=VECTOR('',#2542,8.63321);
#2544=LINE('',#2513,#2543);
#2545=EDGE_CURVE('',#2514,#2536,#2544,.T.);
#2546=ORIENTED_EDGE('',*,*,#2545,.F.);
#2547=ORIENTED_EDGE('',*,*,#2518,.F.);
#2548=EDGE_LOOP('',(#2534,#2541,#2546,#2547));
#2549=FACE_OUTER_BOUND('',#2548,.T.);
#2550=CARTESIAN_POINT('',(292.36132,40.17825,-60.));
#2551=DIRECTION('',(-0.75184,-0.65935,0.));
#2552=DIRECTION('',(-0.65935,0.75184,0.));
#2553=AXIS2_PLACEMENT_3D('',#2550,#2551,#2552);
#2554=PLANE('',#2553);
#2555=ADVANCED_FACE('',(#2549),#2554,.T.);
#2556=ORIENTED_EDGE('',*,*,#1511,.T.);
#2557=CARTESIAN_POINT('',(280.17825,52.36132,-72.));
#2558=VERTEX_POINT('',#2557);
#2559=DIRECTION('',(0.,0.,-1.));
#2560=VECTOR('',#2559,12.);
#2561=LINE('',#1501,#2560);
#2562=EDGE_CURVE('',#1502,#2558,#2561,.T.);
#2563=ORIENTED_EDGE('',*,*,#2562,.T.);
#2564=DIRECTION('',(-0.75184,0.65935,0.));
#2565=VECTOR('',#2564,8.63321);
#2566=LINE('',#2535,#2565);
#2567=EDGE_CURVE('',#2536,#2558,#2566,.T.);
#2568=ORIENTED_EDGE('',*,*,#2567,.F.);
#2569=ORIENTED_EDGE('',*,*,#2540,.F.);
#2570=EDGE_LOOP('',(#2556,#2563,#2568,#2569));
#2571=FACE_OUTER_BOUND('',#2570,.T.);
#2572=CARTESIAN_POINT('',(286.66905,46.66905,-60.));
#2573=DIRECTION('',(-0.65935,-0.75184,0.));
#2574=DIRECTION('',(-0.75184,0.65935,0.));
#2575=AXIS2_PLACEMENT_3D('',#2572,#2573,#2574);
#2576=PLANE('',#2575);
#2577=ADVANCED_FACE('',(#2571),#2576,.T.);
#2578=ORIENTED_EDGE('',*,*,#1533,.T.);
#2579=CARTESIAN_POINT('',(273.,57.15768,-72.));
#2580=VERTEX_POINT('',#2579);
#2581=DIRECTION('',(0.,0.,-1.));
#2582=VECTOR('',#2581,12.);
#2583=LINE('',#1523,#2582);
#2584=EDGE_CURVE('',#1524,#2580,#2583,.T.);
#2585=ORIENTED_EDGE('',*,*,#2584,.T.);
#2586=DIRECTION('',(-0.83147,0.55557,0.));
#2587=VECTOR('',#2586,8.63321);
#2588=LINE('',#2557,#2587);
#2589=EDGE_CURVE('',#2558,#2580,#2588,.T.);
#2590=ORIENTED_EDGE('',*,*,#2589,.F.);
#2591=ORIENTED_EDGE('',*,*,#2562,.F.);
#2592=EDGE_LOOP('',(#2578,#2585,#2590,#2591));
#2593=FACE_OUTER_BOUND('',#2592,.T.);
#2594=CARTESIAN_POINT('',(280.17825,52.36132,-60.));
#2595=DIRECTION('',(-0.55557,-0.83147,0.));
#2596=DIRECTION('',(-0.83147,0.55557,0.));
#2597=AXIS2_PLACEMENT_3D('',#2594,#2595,#2596);
#2598=PLANE('',#2597);
#2599=ADVANCED_FACE('',(#2593),#2598,.T.);
#2600=ORIENTED_EDGE('',*,*,#1555,.T.);
#2601=CARTESIAN_POINT('',(265.25711,60.97605,-72.));
#2602=VERTEX_POINT('',#2601);
#2603=DIRECTION('',(0.,0.,-1.));
#2604=VECTOR('',#2603,12.);
#2605=LINE('',#1545,#2604);
#2606=EDGE_CURVE('',#1546,#2602,#2605,.T.);
#2607=ORIENTED_EDGE('',*,*,#2606,.T.);
#2608=DIRECTION('',(-0.89687,0.44229,0.));
#2609=VECTOR('',#2608,8.63321);
#2610=LINE('',#2579,#2609);
#2611=EDGE_CURVE('',#2580,#2602,#2610,.T.);
#2612=ORIENTED_EDGE('',*,*,#2611,.F.);
#2613=ORIENTED_EDGE('',*,*,#2584,.F.);
#2614=EDGE_LOOP('',(#2600,#2607,#2612,#2613));
#2615=FACE_OUTER_BOUND('',#2614,.T.);
#2616=CARTESIAN_POINT('',(273.,57.15768,-60.));
#2617=DIRECTION('',(-0.44229,-0.89687,0.));
#2618=DIRECTION('',(-0.89687,0.44229,0.));
#2619=AXIS2_PLACEMENT_3D('',#2616,#2617,#2618);
#2620=PLANE('',#2619);
#2621=ADVANCED_FACE('',(#2615),#2620,.T.);
#2622=ORIENTED_EDGE('',*,*,#1577,.T.);
#2623=CARTESIAN_POINT('',(257.08206,63.7511,-72.));
#2624=VERTEX_POINT('',#2623);
#2625=DIRECTION('',(0.,0.,-1.));
#2626=VECTOR('',#2625,12.);
#2627=LINE('',#1567,#2626);
#2628=EDGE_CURVE('',#1568,#2624,#2627,.T.);
#2629=ORIENTED_EDGE('',*,*,#2628,.T.);
#2630=DIRECTION('',(-0.94693,0.32144,0.));
#2631=VECTOR('',#2630,8.63321);
#2632=LINE('',#2601,#2631);
#2633=EDGE_CURVE('',#2602,#2624,#2632,.T.);
#2634=ORIENTED_EDGE('',*,*,#2633,.F.);
#2635=ORIENTED_EDGE('',*,*,#2606,.F.);
#2636=EDGE_LOOP('',(#2622,#2629,#2634,#2635));
#2637=FACE_OUTER_BOUND('',#2636,.T.);
#2638=CARTESIAN_POINT('',(265.25711,60.97605,-60.));
#2639=DIRECTION('',(-0.32144,-0.94693,0.));
#2640=DIRECTION('',(-0.94693,0.32144,0.));
#2641=AXIS2_PLACEMENT_3D('',#2638,#2639,#2640);
#2642=PLANE('',#2641);
#2643=ADVANCED_FACE('',(#2637),#2642,.T.);
#2644=ORIENTED_EDGE('',*,*,#1599,.T.);
#2645=CARTESIAN_POINT('',(248.61473,65.43536,-72.));
#2646=VERTEX_POINT('',#2645);
#2647=DIRECTION('',(0.,0.,-1.));
#2648=VECTOR('',#2647,12.);
#2649=LINE('',#1589,#2648);
#2650=EDGE_CURVE('',#1590,#2646,#2649,.T.);
#2651=ORIENTED_EDGE('',*,*,#2650,.T.);
#2652=DIRECTION('',(-0.98079,0.19509,0.));
#2653=VECTOR('',#2652,8.63321);
#2654=LINE('',#2623,#2653);
#2655=EDGE_CURVE('',#2624,#2646,#2654,.T.);
#2656=ORIENTED_EDGE('',*,*,#2655,.F.);
#2657=ORIENTED_EDGE('',*,*,#2628,.F.);
#2658=EDGE_LOOP('',(#2644,#2651,#2656,#2657));
#2659=FACE_OUTER_BOUND('',#2658,.T.);
#2660=CARTESIAN_POINT('',(257.08206,63.7511,-60.));
#2661=DIRECTION('',(-0.19509,-0.98079,0.));
#2662=DIRECTION('',(-0.98079,0.19509,0.));
#2663=AXIS2_PLACEMENT_3D('',#2660,#2661,#2662);
#2664=PLANE('',#2663);
#2665=ADVANCED_FACE('',(#2659),#2664,.T.);
#2666=ORIENTED_EDGE('',*,*,#1621,.T.);
#2667=CARTESIAN_POINT('',(240.,66.,-72.));
#2668=VERTEX_POINT('',#2667);
#2669=DIRECTION('',(0.,0.,-1.));
#2670=VECTOR('',#2669,12.);
#2671=LINE('',#1611,#2670);
#2672=EDGE_CURVE('',#1612,#2668,#2671,.T.);
#2673=ORIENTED_EDGE('',*,*,#2672,.T.);
#2674=DIRECTION('',(-0.99786,0.0654,0.));
#2675=VECTOR('',#2674,8.63321);
#2676=LINE('',#2645,#2675);
#2677=EDGE_CURVE('',#2646,#2668,#2676,.T.);
#2678=ORIENTED_EDGE('',*,*,#2677,.F.);
#2679=ORIENTED_EDGE('',*,*,#2650,.F.);
#2680=EDGE_LOOP('',(#2666,#2673,#2678,#2679));
#2681=FACE_OUTER_BOUND('',#2680,.T.);
#2682=CARTESIAN_POINT('',(248.61473,65.43536,-60.));
#2683=DIRECTION('',(-0.0654,-0.99786,0.));
#2684=DIRECTION('',(-0.99786,0.0654,0.));
#2685=AXIS2_PLACEMENT_3D('',#2682,#2683,#2684);
#2686=PLANE('',#2685);
#2687=ADVANCED_FACE('',(#2681),#2686,.T.);
#2688=ORIENTED_EDGE('',*,*,#1643,.T.);
#2689=CARTESIAN_POINT('',(231.38527,65.43536,-72.));
#2690=VERTEX_POINT('',#2689);
#2691=DIRECTION('',(0.,0.,-1.));
#2692=VECTOR('',#2691,12.);
#2693=LINE('',#1633,#2692);
#2694=EDGE_CURVE('',#1634,#2690,#2693,.T.);
#2695=ORIENTED_EDGE('',*,*,#2694,.T.);
#2696=DIRECTION('',(-0.99786,-0.0654,0.));
#2697=VECTOR('',#2696,8.63321);
#2698=LINE('',#2667,#2697);
#2699=EDGE_CURVE('',#2668,#2690,#2698,.T.);
#2700=ORIENTED_EDGE('',*,*,#2699,.F.);
#2701=ORIENTED_EDGE('',*,*,#2672,.F.);
#2702=EDGE_LOOP('',(#2688,#2695,#2700,#2701));
#2703=FACE_OUTER_BOUND('',#2702,.T.);
#2704=CARTESIAN_POINT('',(240.,66.,-60.));
#2705=DIRECTION('',(0.0654,-0.99786,0.));
#2706=DIRECTION('',(-0.99786,-0.0654,0.));
#2707=AXIS2_PLACEMENT_3D('',#2704,#2705,#2706);
#2708=PLANE('',#2707);
#2709=ADVANCED_FACE('',(#2703),#2708,.T.);
#2710=ORIENTED_EDGE('',*,*,#1665,.T.);
#2711=CARTESIAN_POINT('',(222.91794,63.7511,-72.));
#2712=VERTEX_POINT('',#2711);
#2713=DIRECTION('',(0.,0.,-1.));
#2714=VECTOR('',#2713,12.);
#2715=LINE('',#1655,#2714);
#2716=EDGE_CURVE('',#1656,#2712,#2715,.T.);
#2717=ORIENTED_EDGE('',*,*,#2716,.T.);
#2718=DIRECTION('',(-0.98079,-0.19509,0.));
#2719=VECTOR('',#2718,8.63321);
#2720=LINE('',#2689,#2719);
#2721=EDGE_CURVE('',#2690,#2712,#2720,.T.);
#2722=ORIENTED_EDGE('',*,*,#2721,.F.);
#2723=ORIENTED_EDGE('',*,*,#2694,.F.);
#2724=EDGE_LOOP('',(#2710,#2717,#2722,#2723));
#2725=FACE_OUTER_BOUND('',#2724,.T.);
#2726=CARTESIAN_POINT('',(231.38527,65.43536,-60.));
#2727=DIRECTION('',(0.19509,-0.98079,0.));
#2728=DIRECTION('',(-0.98079,-0.19509,0.));
#2729=AXIS2_PLACEMENT_3D('',#2726,#2727,#2728);
#2730=PLANE('',#2729);
#2731=ADVANCED_FACE('',(#2725),#2730,.T.);
#2732=ORIENTED_EDGE('',*,*,#1687,.T.);
#2733=CARTESIAN_POINT('',(214.74289,60.97605,-72.));
#2734=VERTEX_POINT('',#2733);
#2735=DIRECTION('',(0.,0.,-1.));
#2736=VECTOR('',#2735,12.);
#2737=LINE('',#1677,#2736);
#2738=EDGE_CURVE('',#1678,#2734,#2737,.T.);
#2739=ORIENTED_EDGE('',*,*,#2738,.T.);
#2740=DIRECTION('',(-0.94693,-0.32144,0.));
#2741=VECTOR('',#2740,8.63321);
#2742=LINE('',#2711,#2741);
#2743=EDGE_CURVE('',#2712,#2734,#2742,.T.);
#2744=ORIENTED_EDGE('',*,*,#2743,.F.);
#2745=ORIENTED_EDGE('',*,*,#2716,.F.);
#2746=EDGE_LOOP('',(#2732,#2739,#2744,#2745));
#2747=FACE_OUTER_BOUND('',#2746,.T.);
#2748=CARTESIAN_POINT('',(222.91794,63.7511,-60.));
#2749=DIRECTION('',(0.32144,-0.94693,0.));
#2750=DIRECTION('',(-0.94693,-0.32144,0.));
#2751=AXIS2_PLACEMENT_3D('',#2748,#2749,#2750);
#2752=PLANE('',#2751);
#2753=ADVANCED_FACE('',(#2747),#2752,.T.);
#2754=ORIENTED_EDGE('',*,*,#1709,.T.);
#2755=CARTESIAN_POINT('',(207.,57.15768,-72.));
#2756=VERTEX_POINT('',#2755);
#2757=DIRECTION('',(0.,0.,-1.));
#2758=VECTOR('',#2757,12.);
#2759=LINE('',#1699,#2758);
#2760=EDGE_CURVE('',#1700,#2756,#2759,.T.);
#2761=ORIENTED_EDGE('',*,*,#2760,.T.);
#2762=DIRECTION('',(-0.89687,-0.44229,0.));
#2763=VECTOR('',#2762,8.63321);
#2764=LINE('',#2733,#2763);
#2765=EDGE_CURVE('',#2734,#2756,#2764,.T.);
#2766=ORIENTED_EDGE('',*,*,#2765,.F.);
#2767=ORIENTED_EDGE('',*,*,#2738,.F.);
#2768=EDGE_LOOP('',(#2754,#2761,#2766,#2767));
#2769=FACE_OUTER_BOUND('',#2768,.T.);
#2770=CARTESIAN_POINT('',(214.74289,60.97605,-60.));
#2771=DIRECTION('',(0.44229,-0.89687,0.));
#2772=DIRECTION('',(-0.89687,-0.44229,0.));
#2773=AXIS2_PLACEMENT_3D('',#2770,#2771,#2772);
#2774=PLANE('',#2773);
#2775=ADVANCED_FACE('',(#2769),#2774,.T.);
#2776=ORIENTED_EDGE('',*,*,#1731,.T.);
#2777=CARTESIAN_POINT('',(199.82175,52.36132,-72.));
#2778=VERTEX_POINT('',#2777);
#2779=DIRECTION('',(0.,0.,-1.));
#2780=VECTOR('',#2779,12.);
#2781=LINE('',#1721,#2780);
#2782=EDGE_CURVE('',#1722,#2778,#2781,.T.);
#2783=ORIENTED_EDGE('',*,*,#2782,.T.);
#2784=DIRECTION('',(-0.83147,-0.55557,0.));
#2785=VECTOR('',#2784,8.63321);
#2786=LINE('',#2755,#2785);
#2787=EDGE_CURVE('',#2756,#2778,#2786,.T.);
#2788=ORIENTED_EDGE('',*,*,#2787,.F.);
#2789=ORIENTED_EDGE('',*,*,#2760,.F.);
#2790=EDGE_LOOP('',(#2776,#2783,#2788,#2789));
#2791=FACE_OUTER_BOUND('',#2790,.T.);
#2792=CARTESIAN_POINT('',(207.,57.15768,-60.));
#2793=DIRECTION('',(0.55557,-0.83147,0.));
#2794=DIRECTION('',(-0.83147,-0.55557,0.));
#2795=AXIS2_PLACEMENT_3D('',#2792,#2793,#2794);
#2796=PLANE('',#2795);
#2797=ADVANCED_FACE('',(#2791),#2796,.T.);
#2798=ORIENTED_EDGE('',*,*,#1753,.T.);
#2799=CARTESIAN_POINT('',(193.33095,46.66905,-72.));
#2800=VERTEX_POINT('',#2799);
#2801=DIRECTION('',(0.,0.,-1.));
#2802=VECTOR('',#2801,12.);
#2803=LINE('',#1743,#2802);
#2804=EDGE_CURVE('',#1744,#2800,#2803,.T.);
#2805=ORIENTED_EDGE('',*,*,#2804,.T.);
#2806=DIRECTION('',(-0.75184,-0.65935,0.));
#2807=VECTOR('',#2806,8.63321);
#2808=LINE('',#2777,#2807);
#2809=EDGE_CURVE('',#2778,#2800,#2808,.T.);
#2810=ORIENTED_EDGE('',*,*,#2809,.F.);
#2811=ORIENTED_EDGE('',*,*,#2782,.F.);
#2812=EDGE_LOOP('',(#2798,#2805,#2810,#2811));
#2813=FACE_OUTER_BOUND('',#2812,.T.);
#2814=CARTESIAN_POINT('',(199.82175,52.36132,-60.));
#2815=DIRECTION('',(0.65935,-0.75184,0.));
#2816=DIRECTION('',(-0.75184,-0.65935,0.));
#2817=AXIS2_PLACEMENT_3D('',#2814,#2815,#2816);
#2818=PLANE('',#2817);
#2819=ADVANCED_FACE('',(#2813),#2818,.T.);
#2820=ORIENTED_EDGE('',*,*,#1775,.T.);
#2821=CARTESIAN_POINT('',(187.63868,40.17825,-72.));
#2822=VERTEX_POINT('',#2821);
#2823=DIRECTION('',(0.,0.,-1.));
#2824=VECTOR('',#2823,12.);
#2825=LINE('',#1765,#2824);
#2826=EDGE_CURVE('',#1766,#2822,#2825,.T.);
#2827=ORIENTED_EDGE('',*,*,#2826,.T.);
#2828=DIRECTION('',(-0.65935,-0.75184,0.));
#2829=VECTOR('',#2828,8.63321);
#2830=LINE('',#2799,#2829);
#2831=EDGE_CURVE('',#2800,#2822,#2830,.T.);
#2832=ORIENTED_EDGE('',*,*,#2831,.F.);
#2833=ORIENTED_EDGE('',*,*,#2804,.F.);
#2834=EDGE_LOOP('',(#2820,#2827,#2832,#2833));
#2835=FACE_OUTER_BOUND('',#2834,.T.);
#2836=CARTESIAN_POINT('',(193.33095,46.66905,-60.));
#2837=DIRECTION('',(0.75184,-0.65935,0.));
#2838=DIRECTION('',(-0.65935,-0.75184,0.));
#2839=AXIS2_PLACEMENT_3D('',#2836,#2837,#2838);
#2840=PLANE('',#2839);
#2841=ADVANCED_FACE('',(#2835),#2840,.T.);
#2842=ORIENTED_EDGE('',*,*,#1797,.T.);
#2843=CARTESIAN_POINT('',(182.84232,33.,-72.));
#2844=VERTEX_POINT('',#2843);
#2845=DIRECTION('',(0.,0.,-1.));
#2846=VECTOR('',#2845,12.);
#2847=LINE('',#1787,#2846);
#2848=EDGE_CURVE('',#1788,#2844,#2847,.T.);
#2849=ORIENTED_EDGE('',*,*,#2848,.T.);
#2850=DIRECTION('',(-0.55557,-0.83147,0.));
#2851=VECTOR('',#2850,8.63321);
#2852=LINE('',#2821,#2851);
#2853=EDGE_CURVE('',#2822,#2844,#2852,.T.);
#2854=ORIENTED_EDGE('',*,*,#2853,.F.);
#2855=ORIENTED_EDGE('',*,*,#2826,.F.);
#2856=EDGE_LOOP('',(#2842,#2849,#2854,#2855));
#2857=FACE_OUTER_BOUND('',#2856,.T.);
#2858=CARTESIAN_POINT('',(187.63868,40.17825,-60.));
#2859=DIRECTION('',(0.83147,-0.55557,0.));
#2860=DIRECTION('',(-0.55557,-0.83147,0.));
#2861=AXIS2_PLACEMENT_3D('',#2858,#2859,#2860);
#2862=PLANE('',#2861);
#2863=ADVANCED_FACE('',(#2857),#2862,.T.);
#2864=ORIENTED_EDGE('',*,*,#1819,.T.);
#2865=CARTESIAN_POINT('',(179.02395,25.25711,-72.));
#2866=VERTEX_POINT('',#2865);
#2867=DIRECTION('',(0.,0.,-1.));
#2868=VECTOR('',#2867,12.);
#2869=LINE('',#1809,#2868);
#2870=EDGE_CURVE('',#1810,#2866,#2869,.T.);
#2871=ORIENTED_EDGE('',*,*,#2870,.T.);
#2872=DIRECTION('',(-0.44229,-0.89687,0.));
#2873=VECTOR('',#2872,8.63321);
#2874=LINE('',#2843,#2873);
#2875=EDGE_CURVE('',#2844,#2866,#2874,.T.);
#2876=ORIENTED_EDGE('',*,*,#2875,.F.);
#2877=ORIENTED_EDGE('',*,*,#2848,.F.);
#2878=EDGE_LOOP('',(#2864,#2871,#2876,#2877));
#2879=FACE_OUTER_BOUND('',#2878,.T.);
#2880=CARTESIAN_POINT('',(182.84232,33.,-60.));
#2881=DIRECTION('',(0.89687,-0.44229,0.));
#2882=DIRECTION('',(-0.44229,-0.89687,0.));
#2883=AXIS2_PLACEMENT_3D('',#2880,#2881,#2882);
#2884=PLANE('',#2883);
#2885=ADVANCED_FACE('',(#2879),#2884,.T.);
#2886=ORIENTED_EDGE('',*,*,#1841,.T.);
#2887=CARTESIAN_POINT('',(176.2489,17.08206,-72.));
#2888=VERTEX_POINT('',#2887);
#2889=DIRECTION('',(0.,0.,-1.));
#2890=VECTOR('',#2889,12.);
#2891=LINE('',#1831,#2890);
#2892=EDGE_CURVE('',#1832,#2888,#2891,.T.);
#2893=ORIENTED_EDGE('',*,*,#2892,.T.);
#2894=DIRECTION('',(-0.32144,-0.94693,0.));
#2895=VECTOR('',#2894,8.63321);
#2896=LINE('',#2865,#2895);
#2897=EDGE_CURVE('',#2866,#2888,#2896,.T.);
#2898=ORIENTED_EDGE('',*,*,#2897,.F.);
#2899=ORIENTED_EDGE('',*,*,#2870,.F.);
#2900=EDGE_LOOP('',(#2886,#2893,#2898,#2899));
#2901=FACE_OUTER_BOUND('',#2900,.T.);
#2902=CARTESIAN_POINT('',(179.02395,25.25711,-60.));
#2903=DIRECTION('',(0.94693,-0.32144,0.));
#2904=DIRECTION('',(-0.32144,-0.94693,0.));
#2905=AXIS2_PLACEMENT_3D('',#2902,#2903,#2904);
#2906=PLANE('',#2905);
#2907=ADVANCED_FACE('',(#2901),#2906,.T.);
#2908=ORIENTED_EDGE('',*,*,#1863,.T.);
#2909=CARTESIAN_POINT('',(174.56464,8.61473,-72.));
#2910=VERTEX_POINT('',#2909);
#2911=DIRECTION('',(0.,0.,-1.));
#2912=VECTOR('',#2911,12.);
#2913=LINE('',#1853,#2912);
#2914=EDGE_CURVE('',#1854,#2910,#2913,.T.);
#2915=ORIENTED_EDGE('',*,*,#2914,.T.);
#2916=DIRECTION('',(-0.19509,-0.98079,0.));
#2917=VECTOR('',#2916,8.63321);
#2918=LINE('',#2887,#2917);
#2919=EDGE_CURVE('',#2888,#2910,#2918,.T.);
#2920=ORIENTED_EDGE('',*,*,#2919,.F.);
#2921=ORIENTED_EDGE('',*,*,#2892,.F.);
#2922=EDGE_LOOP('',(#2908,#2915,#2920,#2921));
#2923=FACE_OUTER_BOUND('',#2922,.T.);
#2924=CARTESIAN_POINT('',(176.2489,17.08206,-60.));
#2925=DIRECTION('',(0.98079,-0.19509,0.));
#2926=DIRECTION('',(-0.19509,-0.98079,0.));
#2927=AXIS2_PLACEMENT_3D('',#2924,#2925,#2926);
#2928=PLANE('',#2927);
#2929=ADVANCED_FACE('',(#2923),#2928,.T.);
#2930=ORIENTED_EDGE('',*,*,#1885,.T.);
#2931=CARTESIAN_POINT('',(174.,0.,-72.));
#2932=VERTEX_POINT('',#2931);
#2933=DIRECTION('',(0.,0.,-1.));
#2934=VECTOR('',#2933,12.);
#2935=LINE('',#1875,#2934);
#2936=EDGE_CURVE('',#1876,#2932,#2935,.T.);
#2937=ORIENTED_EDGE('',*,*,#2936,.T.);
#2938=DIRECTION('',(-0.0654,-0.99786,0.));
#2939=VECTOR('',#2938,8.63321);
#2940=LINE('',#2909,#2939);
#2941=EDGE_CURVE('',#2910,#2932,#2940,.T.);
#2942=ORIENTED_EDGE('',*,*,#2941,.F.);
#2943=ORIENTED_EDGE('',*,*,#2914,.F.);
#2944=EDGE_LOOP('',(#2930,#2937,#2942,#2943));
#2945=FACE_OUTER_BOUND('',#2944,.T.);
#2946=CARTESIAN_POINT('',(174.56464,8.61473,-60.));
#2947=DIRECTION('',(0.99786,-0.0654,0.));
#2948=DIRECTION('',(-0.0654,-0.99786,0.));
#2949=AXIS2_PLACEMENT_3D('',#2946,#2947,#2948);
#2950=PLANE('',#2949);
#2951=ADVANCED_FACE('',(#2945),#2950,.T.);
#2952=ORIENTED_EDGE('',*,*,#1907,.T.);
#2953=CARTESIAN_POINT('',(174.56464,-8.61473,-72.));
#2954=VERTEX_POINT('',#2953);
#2955=DIRECTION('',(0.,0.,-1.));
#2956=VECTOR('',#2955,12.);
#2957=LINE('',#1897,#2956);
#2958=EDGE_CURVE('',#1898,#2954,#2957,.T.);
#2959=ORIENTED_EDGE('',*,*,#2958,.T.);
#2960=DIRECTION('',(0.0654,-0.99786,0.));
#2961=VECTOR('',#2960,8.63321);
#2962=LINE('',#2931,#2961);
#2963=EDGE_CURVE('',#2932,#2954,#2962,.T.);
#2964=ORIENTED_EDGE('',*,*,#2963,.F.);
#2965=ORIENTED_EDGE('',*,*,#2936,.F.);
#2966=EDGE_LOOP('',(#2952,#2959,#2964,#2965));
#2967=FACE_OUTER_BOUND('',#2966,.T.);
#2968=CARTESIAN_POINT('',(174.,0.,-60.));
#2969=DIRECTION('',(0.99786,0.0654,0.));
#2970=DIRECTION('',(0.0654,-0.99786,0.));
#2971=AXIS2_PLACEMENT_3D('',#2968,#2969,#2970);
#2972=PLANE('',#2971);
#2973=ADVANCED_FACE('',(#2967),#2972,.T.);
#2974=ORIENTED_EDGE('',*,*,#1929,.T.);
#2975=CARTESIAN_POINT('',(176.2489,-17.08206,-72.));
#2976=VERTEX_POINT('',#2975);
#2977=DIRECTION('',(0.,0.,-1.));
#2978=VECTOR('',#2977,12.);
#2979=LINE('',#1919,#2978);
#2980=EDGE_CURVE('',#1920,#2976,#2979,.T.);
#2981=ORIENTED_EDGE('',*,*,#2980,.T.);
#2982=DIRECTION('',(0.19509,-0.98079,0.));
#2983=VECTOR('',#2982,8.63321);
#2984=LINE('',#2953,#2983);
#2985=EDGE_CURVE('',#2954,#2976,#2984,.T.);
#2986=ORIENTED_EDGE('',*,*,#2985,.F.);
#2987=ORIENTED_EDGE('',*,*,#2958,.F.);
#2988=EDGE_LOOP('',(#2974,#2981,#2986,#2987));
#2989=FACE_OUTER_BOUND('',#2988,.T.);
#2990=CARTESIAN_POINT('',(174.56464,-8.61473,-60.));
#2991=DIRECTION('',(0.98079,0.19509,0.));
#2992=DIRECTION('',(0.19509,-0.98079,0.));
#2993=AXIS2_PLACEMENT_3D('',#2990,#2991,#2992);
#2994=PLANE('',#2993);
#2995=ADVANCED_FACE('',(#2989),#2994,.T.);
#2996=ORIENTED_EDGE('',*,*,#1951,.T.);
#2997=CARTESIAN_POINT('',(179.02395,-25.25711,-72.));
#2998=VERTEX_POINT('',#2997);
#2999=DIRECTION('',(0.,0.,-1.));
#3000=VECTOR('',#2999,12.);
#3001=LINE('',#1941,#3000);
#3002=EDGE_CURVE('',#1942,#2998,#3001,.T.);
#3003=ORIENTED_EDGE('',*,*,#3002,.T.);
#3004=DIRECTION('',(0.32144,-0.94693,0.));
#3005=VECTOR('',#3004,8.63321);
#3006=LINE('',#2975,#3005);
#3007=EDGE_CURVE('',#2976,#2998,#3006,.T.);
#3008=ORIENTED_EDGE('',*,*,#3007,.F.);
#3009=ORIENTED_EDGE('',*,*,#2980,.F.);
#3010=EDGE_LOOP('',(#2996,#3003,#3008,#3009));
#3011=FACE_OUTER_BOUND('',#3010,.T.);
#3012=CARTESIAN_POINT('',(176.2489,-17.08206,-60.));
#3013=DIRECTION('',(0.94693,0.32144,0.));
#3014=DIRECTION('',(0.32144,-0.94693,0.));
#3015=AXIS2_PLACEMENT_3D('',#3012,#3013,#3014);
#3016=PLANE('',#3015);
#3017=ADVANCED_FACE('',(#3011),#3016,.T.);
#3018=ORIENTED_EDGE('',*,*,#1973,.T.);
#3019=CARTESIAN_POINT('',(182.84232,-33.,-72.));
#3020=VERTEX_POINT('',#3019);
#3021=DIRECTION('',(0.,0.,-1.));
#3022=VECTOR('',#3021,12.);
#3023=LINE('',#1963,#3022);
#3024=EDGE_CURVE('',#1964,#3020,#3023,.T.);
#3025=ORIENTED_EDGE('',*,*,#3024,.T.);
#3026=DIRECTION('',(0.44229,-0.89687,0.));
#3027=VECTOR('',#3026,8.63321);
#3028=LINE('',#2997,#3027);
#3029=EDGE_CURVE('',#2998,#3020,#3028,.T.);
#3030=ORIENTED_EDGE('',*,*,#3029,.F.);
#3031=ORIENTED_EDGE('',*,*,#3002,.F.);
#3032=EDGE_LOOP('',(#3018,#3025,#3030,#3031));
#3033=FACE_OUTER_BOUND('',#3032,.T.);
#3034=CARTESIAN_POINT('',(179.02395,-25.25711,-60.));
#3035=DIRECTION('',(0.89687,0.44229,0.));
#3036=DIRECTION('',(0.44229,-0.89687,0.));
#3037=AXIS2_PLACEMENT_3D('',#3034,#3035,#3036);
#3038=PLANE('',#3037);
#3039=ADVANCED_FACE('',(#3033),#3038,.T.);
#3040=ORIENTED_EDGE('',*,*,#1995,.T.);
#3041=CARTESIAN_POINT('',(187.63868,-40.17825,-72.));
#3042=VERTEX_POINT('',#3041);
#3043=DIRECTION('',(0.,0.,-1.));
#3044=VECTOR('',#3043,12.);
#3045=LINE('',#1985,#3044);
#3046=EDGE_CURVE('',#1986,#3042,#3045,.T.);
#3047=ORIENTED_EDGE('',*,*,#3046,.T.);
#3048=DIRECTION('',(0.55557,-0.83147,0.));
#3049=VECTOR('',#3048,8.63321);
#3050=LINE('',#3019,#3049);
#3051=EDGE_CURVE('',#3020,#3042,#3050,.T.);
#3052=ORIENTED_EDGE('',*,*,#3051,.F.);
#3053=ORIENTED_EDGE('',*,*,#3024,.F.);
#3054=EDGE_LOOP('',(#3040,#3047,#3052,#3053));
#3055=FACE_OUTER_BOUND('',#3054,.T.);
#3056=CARTESIAN_POINT('',(182.84232,-33.,-60.));
#3057=DIRECTION('',(0.83147,0.55557,0.));
#3058=DIRECTION('',(0.55557,-0.83147,0.));
#3059=AXIS2_PLACEMENT_3D('',#3056,#3057,#3058);
#3060=PLANE('',#3059);
#3061=ADVANCED_FACE('',(#3055),#3060,.T.);
#3062=ORIENTED_EDGE('',*,*,#2017,.T.);
#3063=CARTESIAN_POINT('',(193.33095,-46.66905,-72.));
#3064=VERTEX_POINT('',#3063);
#3065=DIRECTION('',(0.,0.,-1.));
#3066=VECTOR('',#3065,12.);
#3067=LINE('',#2007,#3066);
#3068=EDGE_CURVE('',#2008,#3064,#3067,.T.);
#3069=ORIENTED_EDGE('',*,*,#3068,.T.);
#3070=DIRECTION('',(0.65935,-0.75184,0.));
#3071=VECTOR('',#3070,8.63321);
#3072=LINE('',#3041,#3071);
#3073=EDGE_CURVE('',#3042,#3064,#3072,.T.);
#3074=ORIENTED_EDGE('',*,*,#3073,.F.);
#3075=ORIENTED_EDGE('',*,*,#3046,.F.);
#3076=EDGE_LOOP('',(#3062,#3069,#3074,#3075));
#3077=FACE_OUTER_BOUND('',#3076,.T.);
#3078=CARTESIAN_POINT('',(187.63868,-40.17825,-60.));
#3079=DIRECTION('',(0.75184,0.65935,0.));
#3080=DIRECTION('',(0.65935,-0.75184,0.));
#3081=AXIS2_PLACEMENT_3D('',#3078,#3079,#3080);
#3082=PLANE('',#3081);
#3083=ADVANCED_FACE('',(#3077),#3082,.T.);
#3084=ORIENTED_EDGE('',*,*,#2039,.T.);
#3085=CARTESIAN_POINT('',(199.82175,-52.36132,-72.));
#3086=VERTEX_POINT('',#3085);
#3087=DIRECTION('',(0.,0.,-1.));
#3088=VECTOR('',#3087,12.);
#3089=LINE('',#2029,#3088);
#3090=EDGE_CURVE('',#2030,#3086,#3089,.T.);
#3091=ORIENTED_EDGE('',*,*,#3090,.T.);
#3092=DIRECTION('',(0.75184,-0.65935,0.));
#3093=VECTOR('',#3092,8.63321);
#3094=LINE('',#3063,#3093);
#3095=EDGE_CURVE('',#3064,#3086,#3094,.T.);
#3096=ORIENTED_EDGE('',*,*,#3095,.F.);
#3097=ORIENTED_EDGE('',*,*,#3068,.F.);
#3098=EDGE_LOOP('',(#3084,#3091,#3096,#3097));
#3099=FACE_OUTER_BOUND('',#3098,.T.);
#3100=CARTESIAN_POINT('',(193.33095,-46.66905,-60.));
#3101=DIRECTION('',(0.65935,0.75184,0.));
#3102=DIRECTION('',(0.75184,-0.65935,0.));
#3103=AXIS2_PLACEMENT_3D('',#3100,#3101,#3102);
#3104=PLANE('',#3103);
#3105=ADVANCED_FACE('',(#3099),#3104,.T.);
#3106=ORIENTED_EDGE('',*,*,#2061,.T.);
#3107=CARTESIAN_POINT('',(207.,-57.15768,-72.));
#3108=VERTEX_POINT('',#3107);
#3109=DIRECTION('',(0.,0.,-1.));
#3110=VECTOR('',#3109,12.);
#3111=LINE('',#2051,#3110);
#3112=EDGE_CURVE('',#2052,#3108,#3111,.T.);
#3113=ORIENTED_EDGE('',*,*,#3112,.T.);
#3114=DIRECTION('',(0.83147,-0.55557,0.));
#3115=VECTOR('',#3114,8.63321);
#3116=LINE('',#3085,#3115);
#3117=EDGE_CURVE('',#3086,#3108,#3116,.T.);
#3118=ORIENTED_EDGE('',*,*,#3117,.F.);
#3119=ORIENTED_EDGE('',*,*,#3090,.F.);
#3120=EDGE_LOOP('',(#3106,#3113,#3118,#3119));
#3121=FACE_OUTER_BOUND('',#3120,.T.);
#3122=CARTESIAN_POINT('',(199.82175,-52.36132,-60.));
#3123=DIRECTION('',(0.55557,0.83147,0.));
#3124=DIRECTION('',(0.83147,-0.55557,0.));
#3125=AXIS2_PLACEMENT_3D('',#3122,#3123,#3124);
#3126=PLANE('',#3125);
#3127=ADVANCED_FACE('',(#3121),#3126,.T.);
#3128=ORIENTED_EDGE('',*,*,#2083,.T.);
#3129=CARTESIAN_POINT('',(214.74289,-60.97605,-72.));
#3130=VERTEX_POINT('',#3129);
#3131=DIRECTION('',(0.,0.,-1.));
#3132=VECTOR('',#3131,12.);
#3133=LINE('',#2073,#3132);
#3134=EDGE_CURVE('',#2074,#3130,#3133,.T.);
#3135=ORIENTED_EDGE('',*,*,#3134,.T.);
#3136=DIRECTION('',(0.89687,-0.44229,0.));
#3137=VECTOR('',#3136,8.63321);
#3138=LINE('',#3107,#3137);
#3139=EDGE_CURVE('',#3108,#3130,#3138,.T.);
#3140=ORIENTED_EDGE('',*,*,#3139,.F.);
#3141=ORIENTED_EDGE('',*,*,#3112,.F.);
#3142=EDGE_LOOP('',(#3128,#3135,#3140,#3141));
#3143=FACE_OUTER_BOUND('',#3142,.T.);
#3144=CARTESIAN_POINT('',(207.,-57.15768,-60.));
#3145=DIRECTION('',(0.44229,0.89687,0.));
#3146=DIRECTION('',(0.89687,-0.44229,0.));
#3147=AXIS2_PLACEMENT_3D('',#3144,#3145,#3146);
#3148=PLANE('',#3147);
#3149=ADVANCED_FACE('',(#3143),#3148,.T.);
#3150=ORIENTED_EDGE('',*,*,#2105,.T.);
#3151=CARTESIAN_POINT('',(222.91794,-63.7511,-72.));
#3152=VERTEX_POINT('',#3151);
#3153=DIRECTION('',(0.,0.,-1.));
#3154=VECTOR('',#3153,12.);
#3155=LINE('',#2095,#3154);
#3156=EDGE_CURVE('',#2096,#3152,#3155,.T.);
#3157=ORIENTED_EDGE('',*,*,#3156,.T.);
#3158=DIRECTION('',(0.94693,-0.32144,0.));
#3159=VECTOR('',#3158,8.63321);
#3160=LINE('',#3129,#3159);
#3161=EDGE_CURVE('',#3130,#3152,#3160,.T.);
#3162=ORIENTED_EDGE('',*,*,#3161,.F.);
#3163=ORIENTED_EDGE('',*,*,#3134,.F.);
#3164=EDGE_LOOP('',(#3150,#3157,#3162,#3163));
#3165=FACE_OUTER_BOUND('',#3164,.T.);
#3166=CARTESIAN_POINT('',(214.74289,-60.97605,-60.));
#3167=DIRECTION('',(0.32144,0.94693,0.));
#3168=DIRECTION('',(0.94693,-0.32144,0.));
#3169=AXIS2_PLACEMENT_3D('',#3166,#3167,#3168);
#3170=PLANE('',#3169);
#3171=ADVANCED_FACE('',(#3165),#3170,.T.);
#3172=ORIENTED_EDGE('',*,*,#2127,.T.);
#3173=CARTESIAN_POINT('',(231.38527,-65.43536,-72.));
#3174=VERTEX_POINT('',#3173);
#3175=DIRECTION('',(0.,0.,-1.));
#3176=VECTOR('',#3175,12.);
#3177=LINE('',#2117,#3176);
#3178=EDGE_CURVE('',#2118,#3174,#3177,.T.);
#3179=ORIENTED_EDGE('',*,*,#3178,.T.);
#3180=DIRECTION('',(0.98079,-0.19509,0.));
#3181=VECTOR('',#3180,8.63321);
#3182=LINE('',#3151,#3181);
#3183=EDGE_CURVE('',#3152,#3174,#3182,.T.);
#3184=ORIENTED_EDGE('',*,*,#3183,.F.);
#3185=ORIENTED_EDGE('',*,*,#3156,.F.);
#3186=EDGE_LOOP('',(#3172,#3179,#3184,#3185));
#3187=FACE_OUTER_BOUND('',#3186,.T.);
#3188=CARTESIAN_POINT('',(222.91794,-63.7511,-60.));
#3189=DIRECTION('',(0.19509,0.98079,0.));
#3190=DIRECTION('',(0.98079,-0.19509,0.));
#3191=AXIS2_PLACEMENT_3D('',#3188,#3189,#3190);
#3192=PLANE('',#3191);
#3193=ADVANCED_FACE('',(#3187),#3192,.T.);
#3194=ORIENTED_EDGE('',*,*,#2149,.T.);
#3195=CARTESIAN_POINT('',(240.,-66.,-72.));
#3196=VERTEX_POINT('',#3195);
#3197=DIRECTION('',(0.,0.,-1.));
#3198=VECTOR('',#3197,12.);
#3199=LINE('',#2139,#3198);
#3200=EDGE_CURVE('',#2140,#3196,#3199,.T.);
#3201=ORIENTED_EDGE('',*,*,#3200,.T.);
#3202=DIRECTION('',(0.99786,-0.0654,0.));
#3203=VECTOR('',#3202,8.63321);
#3204=LINE('',#3173,#3203);
#3205=EDGE_CURVE('',#3174,#3196,#3204,.T.);
#3206=ORIENTED_EDGE('',*,*,#3205,.F.);
#3207=ORIENTED_EDGE('',*,*,#3178,.F.);
#3208=EDGE_LOOP('',(#3194,#3201,#3206,#3207));
#3209=FACE_OUTER_BOUND('',#3208,.T.);
#3210=CARTESIAN_POINT('',(231.38527,-65.43536,-60.));
#3211=DIRECTION('',(0.0654,0.99786,0.));
#3212=DIRECTION('',(0.99786,-0.0654,0.));
#3213=AXIS2_PLACEMENT_3D('',#3210,#3211,#3212);
#3214=PLANE('',#3213);
#3215=ADVANCED_FACE('',(#3209),#3214,.T.);
#3216=ORIENTED_EDGE('',*,*,#2171,.T.);
#3217=CARTESIAN_POINT('',(248.61473,-65.43536,-72.));
#3218=VERTEX_POINT('',#3217);
#3219=DIRECTION('',(0.,0.,-1.));
#3220=VECTOR('',#3219,12.);
#3221=LINE('',#2161,#3220);
#3222=EDGE_CURVE('',#2162,#3218,#3221,.T.);
#3223=ORIENTED_EDGE('',*,*,#3222,.T.);
#3224=DIRECTION('',(0.99786,0.0654,0.));
#3225=VECTOR('',#3224,8.63321);
#3226=LINE('',#3195,#3225);
#3227=EDGE_CURVE('',#3196,#3218,#3226,.T.);
#3228=ORIENTED_EDGE('',*,*,#3227,.F.);
#3229=ORIENTED_EDGE('',*,*,#3200,.F.);
#3230=EDGE_LOOP('',(#3216,#3223,#3228,#3229));
#3231=FACE_OUTER_BOUND('',#3230,.T.);
#3232=CARTESIAN_POINT('',(240.,-66.,-60.));
#3233=DIRECTION('',(-0.0654,0.99786,0.));
#3234=DIRECTION('',(0.99786,0.0654,0.));
#3235=AXIS2_PLACEMENT_3D('',#3232,#3233,#3234);
#3236=PLANE('',#3235);
#3237=ADVANCED_FACE('',(#3231),#3236,.T.);
#3238=ORIENTED_EDGE('',*,*,#2193,.T.);
#3239=CARTESIAN_POINT('',(257.08206,-63.7511,-72.));
#3240=VERTEX_POINT('',#3239);
#3241=DIRECTION('',(0.,0.,-1.));
#3242=VECTOR('',#3241,12.);
#3243=LINE('',#2183,#3242);
#3244=EDGE_CURVE('',#2184,#3240,#3243,.T.);
#3245=ORIENTED_EDGE('',*,*,#3244,.T.);
#3246=DIRECTION('',(0.98079,0.19509,0.));
#3247=VECTOR('',#3246,8.63321);
#3248=LINE('',#3217,#3247);
#3249=EDGE_CURVE('',#3218,#3240,#3248,.T.);
#3250=ORIENTED_EDGE('',*,*,#3249,.F.);
#3251=ORIENTED_EDGE('',*,*,#3222,.F.);
#3252=EDGE_LOOP('',(#3238,#3245,#3250,#3251));
#3253=FACE_OUTER_BOUND('',#3252,.T.);
#3254=CARTESIAN_POINT('',(248.61473,-65.43536,-60.));
#3255=DIRECTION('',(-0.19509,0.98079,0.));
#3256=DIRECTION('',(0.98079,0.19509,0.));
#3257=AXIS2_PLACEMENT_3D('',#3254,#3255,#3256);
#3258=PLANE('',#3257);
#3259=ADVANCED_FACE('',(#3253),#3258,.T.);
#3260=ORIENTED_EDGE('',*,*,#2215,.T.);
#3261=CARTESIAN_POINT('',(265.25711,-60.97605,-72.));
#3262=VERTEX_POINT('',#3261);
#3263=DIRECTION('',(0.,0.,-1.));
#3264=VECTOR('',#3263,12.);
#3265=LINE('',#2205,#3264);
#3266=EDGE_CURVE('',#2206,#3262,#3265,.T.);
#3267=ORIENTED_EDGE('',*,*,#3266,.T.);
#3268=DIRECTION('',(0.94693,0.32144,0.));
#3269=VECTOR('',#3268,8.63321);
#3270=LINE('',#3239,#3269);
#3271=EDGE_CURVE('',#3240,#3262,#3270,.T.);
#3272=ORIENTED_EDGE('',*,*,#3271,.F.);
#3273=ORIENTED_EDGE('',*,*,#3244,.F.);
#3274=EDGE_LOOP('',(#3260,#3267,#3272,#3273));
#3275=FACE_OUTER_BOUND('',#3274,.T.);
#3276=CARTESIAN_POINT('',(257.08206,-63.7511,-60.));
#3277=DIRECTION('',(-0.32144,0.94693,0.));
#3278=DIRECTION('',(0.94693,0.32144,0.));
#3279=AXIS2_PLACEMENT_3D('',#3276,#3277,#3278);
#3280=PLANE('',#3279);
#3281=ADVANCED_FACE('',(#3275),#3280,.T.);
#3282=ORIENTED_EDGE('',*,*,#2237,.T.);
#3283=CARTESIAN_POINT('',(273.,-57.15768,-72.));
#3284=VERTEX_POINT('',#3283);
#3285=DIRECTION('',(0.,0.,-1.));
#3286=VECTOR('',#3285,12.);
#3287=LINE('',#2227,#3286);
#3288=EDGE_CURVE('',#2228,#3284,#3287,.T.);
#3289=ORIENTED_EDGE('',*,*,#3288,.T.);
#3290=DIRECTION('',(0.89687,0.44229,0.));
#3291=VECTOR('',#3290,8.63321);
#3292=LINE('',#3261,#3291);
#3293=EDGE_CURVE('',#3262,#3284,#3292,.T.);
#3294=ORIENTED_EDGE('',*,*,#3293,.F.);
#3295=ORIENTED_EDGE('',*,*,#3266,.F.);
#3296=EDGE_LOOP('',(#3282,#3289,#3294,#3295));
#3297=FACE_OUTER_BOUND('',#3296,.T.);
#3298=CARTESIAN_POINT('',(265.25711,-60.97605,-60.));
#3299=DIRECTION('',(-0.44229,0.89687,0.));
#3300=DIRECTION('',(0.89687,0.44229,0.));
#3301=AXIS2_PLACEMENT_3D('',#3298,#3299,#3300);
#3302=PLANE('',#3301);
#3303=ADVANCED_FACE('',(#3297),#3302,.T.);
#3304=ORIENTED_EDGE('',*,*,#2259,.T.);
#3305=CARTESIAN_POINT('',(280.17825,-52.36132,-72.));
#3306=VERTEX_POINT('',#3305);
#3307=DIRECTION('',(0.,0.,-1.));
#3308=VECTOR('',#3307,12.);
#3309=LINE('',#2249,#3308);
#3310=EDGE_CURVE('',#2250,#3306,#3309,.T.);
#3311=ORIENTED_EDGE('',*,*,#3310,.T.);
#3312=DIRECTION('',(0.83147,0.55557,0.));
#3313=VECTOR('',#3312,8.63321);
#3314=LINE('',#3283,#3313);
#3315=EDGE_CURVE('',#3284,#3306,#3314,.T.);
#3316=ORIENTED_EDGE('',*,*,#3315,.F.);
#3317=ORIENTED_EDGE('',*,*,#3288,.F.);
#3318=EDGE_LOOP('',(#3304,#3311,#3316,#3317));
#3319=FACE_OUTER_BOUND('',#3318,.T.);
#3320=CARTESIAN_POINT('',(273.,-57.15768,-60.));
#3321=DIRECTION('',(-0.55557,0.83147,0.));
#3322=DIRECTION('',(0.83147,0.55557,0.));
#3323=AXIS2_PLACEMENT_3D('',#3320,#3321,#3322);
#3324=PLANE('',#3323);
#3325=ADVANCED_FACE('',(#3319),#3324,.T.);
#3326=ORIENTED_EDGE('',*,*,#2281,.T.);
#3327=CARTESIAN_POINT('',(286.66905,-46.66905,-72.));
#3328=VERTEX_POINT('',#3327);
#3329=DIRECTION('',(0.,0.,-1.));
#3330=VECTOR('',#3329,12.);
#3331=LINE('',#2271,#3330);
#3332=EDGE_CURVE('',#2272,#3328,#3331,.T.);
#3333=ORIENTED_EDGE('',*,*,#3332,.T.);
#3334=DIRECTION('',(0.75184,0.65935,0.));
#3335=VECTOR('',#3334,8.63321);
#3336=LINE('',#3305,#3335);
#3337=EDGE_CURVE('',#3306,#3328,#3336,.T.);
#3338=ORIENTED_EDGE('',*,*,#3337,.F.);
#3339=ORIENTED_EDGE('',*,*,#3310,.F.);
#3340=EDGE_LOOP('',(#3326,#3333,#3338,#3339));
#3341=FACE_OUTER_BOUND('',#3340,.T.);
#3342=CARTESIAN_POINT('',(280.17825,-52.36132,-60.));
#3343=DIRECTION('',(-0.65935,0.75184,0.));
#3344=DIRECTION('',(0.75184,0.65935,0.));
#3345=AXIS2_PLACEMENT_3D('',#3342,#3343,#3344);
#3346=PLANE('',#3345);
#3347=ADVANCED_FACE('',(#3341),#3346,.T.);
#3348=ORIENTED_EDGE('',*,*,#2303,.T.);
#3349=CARTESIAN_POINT('',(292.36132,-40.17825,-72.));
#3350=VERTEX_POINT('',#3349);
#3351=DIRECTION('',(0.,0.,-1.));
#3352=VECTOR('',#3351,12.);
#3353=LINE('',#2293,#3352);
#3354=EDGE_CURVE('',#2294,#3350,#3353,.T.);
#3355=ORIENTED_EDGE('',*,*,#3354,.T.);
#3356=DIRECTION('',(0.65935,0.75184,0.));
#3357=VECTOR('',#3356,8.63321);
#3358=LINE('',#3327,#3357);
#3359=EDGE_CURVE('',#3328,#3350,#3358,.T.);
#3360=ORIENTED_EDGE('',*,*,#3359,.F.);
#3361=ORIENTED_EDGE('',*,*,#3332,.F.);
#3362=EDGE_LOOP('',(#3348,#3355,#3360,#3361));
#3363=FACE_OUTER_BOUND('',#3362,.T.);
#3364=CARTESIAN_POINT('',(286.66905,-46.66905,-60.));
#3365=DIRECTION('',(-0.75184,0.65935,0.));
#3366=DIRECTION('',(0.65935,0.75184,0.));
#3367=AXIS2_PLACEMENT_3D('',#3364,#3365,#3366);
#3368=PLANE('',#3367);
#3369=ADVANCED_FACE('',(#3363),#3368,.T.);
#3370=ORIENTED_EDGE('',*,*,#2325,.T.);
#3371=CARTESIAN_POINT('',(297.15768,-33.,-72.));
#3372=VERTEX_POINT('',#3371);
#3373=DIRECTION('',(0.,0.,-1.));
#3374=VECTOR('',#3373,12.);
#3375=LINE('',#2315,#3374);
#3376=EDGE_CURVE('',#2316,#3372,#3375,.T.);
#3377=ORIENTED_EDGE('',*,*,#3376,.T.);
#3378=DIRECTION('',(0.55557,0.83147,0.));
#3379=VECTOR('',#3378,8.63321);
#3380=LINE('',#3349,#3379);
#3381=EDGE_CURVE('',#3350,#3372,#3380,.T.);
#3382=ORIENTED_EDGE('',*,*,#3381,.F.);
#3383=ORIENTED_EDGE('',*,*,#3354,.F.);
#3384=EDGE_LOOP('',(#3370,#3377,#3382,#3383));
#3385=FACE_OUTER_BOUND('',#3384,.T.);
#3386=CARTESIAN_POINT('',(292.36132,-40.17825,-60.));
#3387=DIRECTION('',(-0.83147,0.55557,0.));
#3388=DIRECTION('',(0.55557,0.83147,0.));
#3389=AXIS2_PLACEMENT_3D('',#3386,#3387,#3388);
#3390=PLANE('',#3389);
#3391=ADVANCED_FACE('',(#3385),#3390,.T.);
#3392=ORIENTED_EDGE('',*,*,#2347,.T.);
#3393=CARTESIAN_POINT('',(300.97605,-25.25711,-72.));
#3394=VERTEX_POINT('',#3393);
#3395=DIRECTION('',(0.,0.,-1.));
#3396=VECTOR('',#3395,12.);
#3397=LINE('',#2337,#3396);
#3398=EDGE_CURVE('',#2338,#3394,#3397,.T.);
#3399=ORIENTED_EDGE('',*,*,#3398,.T.);
#3400=DIRECTION('',(0.44229,0.89687,0.));
#3401=VECTOR('',#3400,8.63321);
#3402=LINE('',#3371,#3401);
#3403=EDGE_CURVE('',#3372,#3394,#3402,.T.);
#3404=ORIENTED_EDGE('',*,*,#3403,.F.);
#3405=ORIENTED_EDGE('',*,*,#3376,.F.);
#3406=EDGE_LOOP('',(#3392,#3399,#3404,#3405));
#3407=FACE_OUTER_BOUND('',#3406,.T.);
#3408=CARTESIAN_POINT('',(297.15768,-33.,-60.));
#3409=DIRECTION('',(-0.89687,0.44229,0.));
#3410=DIRECTION('',(0.44229,0.89687,0.));
#3411=AXIS2_PLACEMENT_3D('',#3408,#3409,#3410);
#3412=PLANE('',#3411);
#3413=ADVANCED_FACE('',(#3407),#3412,.T.);
#3414=ORIENTED_EDGE('',*,*,#2369,.T.);
#3415=CARTESIAN_POINT('',(303.7511,-17.08206,-72.));
#3416=VERTEX_POINT('',#3415);
#3417=DIRECTION('',(0.,0.,-1.));
#3418=VECTOR('',#3417,12.);
#3419=LINE('',#2359,#3418);
#3420=EDGE_CURVE('',#2360,#3416,#3419,.T.);
#3421=ORIENTED_EDGE('',*,*,#3420,.T.);
#3422=DIRECTION('',(0.32144,0.94693,0.));
#3423=VECTOR('',#3422,8.63321);
#3424=LINE('',#3393,#3423);
#3425=EDGE_CURVE('',#3394,#3416,#3424,.T.);
#3426=ORIENTED_EDGE('',*,*,#3425,.F.);
#3427=ORIENTED_EDGE('',*,*,#3398,.F.);
#3428=EDGE_LOOP('',(#3414,#3421,#3426,#3427));
#3429=FACE_OUTER_BOUND('',#3428,.T.);
#3430=CARTESIAN_POINT('',(300.97605,-25.25711,-60.));
#3431=DIRECTION('',(-0.94693,0.32144,0.));
#3432=DIRECTION('',(0.32144,0.94693,0.));
#3433=AXIS2_PLACEMENT_3D('',#3430,#3431,#3432);
#3434=PLANE('',#3433);
#3435=ADVANCED_FACE('',(#3429),#3434,.T.);
#3436=ORIENTED_EDGE('',*,*,#2391,.T.);
#3437=CARTESIAN_POINT('',(305.43536,-8.61473,-72.));
#3438=VERTEX_POINT('',#3437);
#3439=DIRECTION('',(0.,0.,-1.));
#3440=VECTOR('',#3439,12.);
#3441=LINE('',#2381,#3440);
#3442=EDGE_CURVE('',#2382,#3438,#3441,.T.);
#3443=ORIENTED_EDGE('',*,*,#3442,.T.);
#3444=DIRECTION('',(0.19509,0.98079,0.));
#3445=VECTOR('',#3444,8.63321);
#3446=LINE('',#3415,#3445);
#3447=EDGE_CURVE('',#3416,#3438,#3446,.T.);
#3448=ORIENTED_EDGE('',*,*,#3447,.F.);
#3449=ORIENTED_EDGE('',*,*,#3420,.F.);
#3450=EDGE_LOOP('',(#3436,#3443,#3448,#3449));
#3451=FACE_OUTER_BOUND('',#3450,.T.);
#3452=CARTESIAN_POINT('',(303.7511,-17.08206,-60.));
#3453=DIRECTION('',(-0.98079,0.19509,0.));
#3454=DIRECTION('',(0.19509,0.98079,0.));
#3455=AXIS2_PLACEMENT_3D('',#3452,#3453,#3454);
#3456=PLANE('',#3455);
#3457=ADVANCED_FACE('',(#3451),#3456,.T.);
#3458=ORIENTED_EDGE('',*,*,#2407,.F.);
#3459=ORIENTED_EDGE('',*,*,#2436,.T.);
#3460=DIRECTION('',(-0.0654,-0.99786,0.));
#3461=VECTOR('',#3460,8.63321);
#3462=LINE('',#2426,#3461);
#3463=EDGE_CURVE('',#2427,#3438,#3462,.T.);
#3464=ORIENTED_EDGE('',*,*,#3463,.T.);
#3465=ORIENTED_EDGE('',*,*,#3442,.F.);
#3466=EDGE_LOOP('',(#3458,#3459,#3464,#3465));
#3467=FACE_OUTER_BOUND('',#3466,.T.);
#3468=CARTESIAN_POINT('',(305.43536,-8.61473,-60.));
#3469=DIRECTION('',(-0.99786,0.0654,0.));
#3470=DIRECTION('',(0.0654,0.99786,0.));
#3471=AXIS2_PLACEMENT_3D('',#3468,#3469,#3470);
#3472=PLANE('',#3471);
#3473=ADVANCED_FACE('',(#3467),#3472,.T.);
#3474=ORIENTED_EDGE('',*,*,#2431,.T.);
#3475=DIRECTION('',(-0.99144,-0.13053,0.));
#3476=VECTOR('',#3475,16.);
#3477=LINE('',#20,#3476);
#3478=EDGE_CURVE('',#21,#2420,#3477,.T.);
#3479=ORIENTED_EDGE('',*,*,#3478,.F.);
#3480=ORIENTED_EDGE('',*,*,#25,.F.);
#3481=DIRECTION('',(-1.,0.,0.));
#3482=VECTOR('',#3481,16.);
#3483=LINE('',#18,#3482);
#3484=EDGE_CURVE('',#19,#2427,#3483,.T.);
#3485=ORIENTED_EDGE('',*,*,#3484,.T.);
#3486=EDGE_LOOP('',(#3474,#3479,#3480,#3485));
#3487=FACE_OUTER_BOUND('',#3486,.T.);
#3488=CARTESIAN_POINT('',(306.,0.,-72.));
#3489=DIRECTION('',(0.,0.,-1.));
#3490=DIRECTION('',(-0.0654,0.99786,0.));
#3491=AXIS2_PLACEMENT_3D('',#3488,#3489,#3490);
#3492=PLANE('',#3491);
#3493=ADVANCED_FACE('',(#3487),#3492,.T.);
#3494=ORIENTED_EDGE('',*,*,#2457,.T.);
#3495=DIRECTION('',(-0.96593,-0.25882,0.));
#3496=VECTOR('',#3495,16.);
#3497=LINE('',#54,#3496);
#3498=EDGE_CURVE('',#55,#2448,#3497,.T.);
#3499=ORIENTED_EDGE('',*,*,#3498,.F.);
#3500=ORIENTED_EDGE('',*,*,#59,.F.);
#3501=ORIENTED_EDGE('',*,*,#3478,.T.);
#3502=EDGE_LOOP('',(#3494,#3499,#3500,#3501));
#3503=FACE_OUTER_BOUND('',#3502,.T.);
#3504=CARTESIAN_POINT('',(305.43536,8.61473,-72.));
#3505=DIRECTION('',(0.,0.,-1.));
#3506=DIRECTION('',(-0.19509,0.98079,0.));
#3507=AXIS2_PLACEMENT_3D('',#3504,#3505,#3506);
#3508=PLANE('',#3507);
#3509=ADVANCED_FACE('',(#3503),#3508,.T.);
#3510=ORIENTED_EDGE('',*,*,#2479,.T.);
#3511=DIRECTION('',(-0.92388,-0.38268,0.));
#3512=VECTOR('',#3511,16.);
#3513=LINE('',#82,#3512);
#3514=EDGE_CURVE('',#83,#2470,#3513,.T.);
#3515=ORIENTED_EDGE('',*,*,#3514,.F.);
#3516=ORIENTED_EDGE('',*,*,#87,.F.);
#3517=ORIENTED_EDGE('',*,*,#3498,.T.);
#3518=EDGE_LOOP('',(#3510,#3515,#3516,#3517));
#3519=FACE_OUTER_BOUND('',#3518,.T.);
#3520=CARTESIAN_POINT('',(303.7511,17.08206,-72.));
#3521=DIRECTION('',(0.,0.,-1.));
#3522=DIRECTION('',(-0.32144,0.94693,0.));
#3523=AXIS2_PLACEMENT_3D('',#3520,#3521,#3522);
#3524=PLANE('',#3523);
#3525=ADVANCED_FACE('',(#3519),#3524,.T.);
#3526=ORIENTED_EDGE('',*,*,#2501,.T.);
#3527=DIRECTION('',(-0.86603,-0.5,0.));
#3528=VECTOR('',#3527,16.);
#3529=LINE('',#110,#3528);
#3530=EDGE_CURVE('',#111,#2492,#3529,.T.);
#3531=ORIENTED_EDGE('',*,*,#3530,.F.);
#3532=ORIENTED_EDGE('',*,*,#115,.F.);
#3533=ORIENTED_EDGE('',*,*,#3514,.T.);
#3534=EDGE_LOOP('',(#3526,#3531,#3532,#3533));
#3535=FACE_OUTER_BOUND('',#3534,.T.);
#3536=CARTESIAN_POINT('',(300.97605,25.25711,-72.));
#3537=DIRECTION('',(0.,0.,-1.));
#3538=DIRECTION('',(-0.44229,0.89687,0.));
#3539=AXIS2_PLACEMENT_3D('',#3536,#3537,#3538);
#3540=PLANE('',#3539);
#3541=ADVANCED_FACE('',(#3535),#3540,.T.);
#3542=ORIENTED_EDGE('',*,*,#2523,.T.);
#3543=DIRECTION('',(-0.79335,-0.60876,0.));
#3544=VECTOR('',#3543,16.);
#3545=LINE('',#138,#3544);
#3546=EDGE_CURVE('',#139,#2514,#3545,.T.);
#3547=ORIENTED_EDGE('',*,*,#3546,.F.);
#3548=ORIENTED_EDGE('',*,*,#143,.F.);
#3549=ORIENTED_EDGE('',*,*,#3530,.T.);
#3550=EDGE_LOOP('',(#3542,#3547,#3548,#3549));
#3551=FACE_OUTER_BOUND('',#3550,.T.);
#3552=CARTESIAN_POINT('',(297.15768,33.,-72.));
#3553=DIRECTION('',(0.,0.,-1.));
#3554=DIRECTION('',(-0.55557,0.83147,0.));
#3555=AXIS2_PLACEMENT_3D('',#3552,#3553,#3554);
#3556=PLANE('',#3555);
#3557=ADVANCED_FACE('',(#3551),#3556,.T.);
#3558=ORIENTED_EDGE('',*,*,#2545,.T.);
#3559=DIRECTION('',(-0.70711,-0.70711,0.));
#3560=VECTOR('',#3559,16.);
#3561=LINE('',#166,#3560);
#3562=EDGE_CURVE('',#167,#2536,#3561,.T.);
#3563=ORIENTED_EDGE('',*,*,#3562,.F.);
#3564=ORIENTED_EDGE('',*,*,#171,.F.);
#3565=ORIENTED_EDGE('',*,*,#3546,.T.);
#3566=EDGE_LOOP('',(#3558,#3563,#3564,#3565));
#3567=FACE_OUTER_BOUND('',#3566,.T.);
#3568=CARTESIAN_POINT('',(292.36132,40.17825,-72.));
#3569=DIRECTION('',(0.,0.,-1.));
#3570=DIRECTION('',(-0.65935,0.75184,0.));
#3571=AXIS2_PLACEMENT_3D('',#3568,#3569,#3570);
#3572=PLANE('',#3571);
#3573=ADVANCED_FACE('',(#3567),#3572,.T.);
#3574=ORIENTED_EDGE('',*,*,#2567,.T.);
#3575=DIRECTION('',(-0.60876,-0.79335,0.));
#3576=VECTOR('',#3575,16.);
#3577=LINE('',#194,#3576);
#3578=EDGE_CURVE('',#195,#2558,#3577,.T.);
#3579=ORIENTED_EDGE('',*,*,#3578,.F.);
#3580=ORIENTED_EDGE('',*,*,#199,.F.);
#3581=ORIENTED_EDGE('',*,*,#3562,.T.);
#3582=EDGE_LOOP('',(#3574,#3579,#3580,#3581));
#3583=FACE_OUTER_BOUND('',#3582,.T.);
#3584=CARTESIAN_POINT('',(286.66905,46.66905,-72.));
#3585=DIRECTION('',(0.,0.,-1.));
#3586=DIRECTION('',(-0.75184,0.65935,0.));
#3587=AXIS2_PLACEMENT_3D('',#3584,#3585,#3586);
#3588=PLANE('',#3587);
#3589=ADVANCED_FACE('',(#3583),#3588,.T.);
#3590=ORIENTED_EDGE('',*,*,#2589,.T.);
#3591=DIRECTION('',(-0.5,-0.86603,0.));
#3592=VECTOR('',#3591,16.);
#3593=LINE('',#222,#3592);
#3594=EDGE_CURVE('',#223,#2580,#3593,.T.);
#3595=ORIENTED_EDGE('',*,*,#3594,.F.);
#3596=ORIENTED_EDGE('',*,*,#227,.F.);
#3597=ORIENTED_EDGE('',*,*,#3578,.T.);
#3598=EDGE_LOOP('',(#3590,#3595,#3596,#3597));
#3599=FACE_OUTER_BOUND('',#3598,.T.);
#3600=CARTESIAN_POINT('',(280.17825,52.36132,-72.));
#3601=DIRECTION('',(0.,0.,-1.));
#3602=DIRECTION('',(-0.83147,0.55557,0.));
#3603=AXIS2_PLACEMENT_3D('',#3600,#3601,#3602);
#3604=PLANE('',#3603);
#3605=ADVANCED_FACE('',(#3599),#3604,.T.);
#3606=ORIENTED_EDGE('',*,*,#2611,.T.);
#3607=DIRECTION('',(-0.38268,-0.92388,0.));
#3608=VECTOR('',#3607,16.);
#3609=LINE('',#250,#3608);
#3610=EDGE_CURVE('',#251,#2602,#3609,.T.);
#3611=ORIENTED_EDGE('',*,*,#3610,.F.);
#3612=ORIENTED_EDGE('',*,*,#255,.F.);
#3613=ORIENTED_EDGE('',*,*,#3594,.T.);
#3614=EDGE_LOOP('',(#3606,#3611,#3612,#3613));
#3615=FACE_OUTER_BOUND('',#3614,.T.);
#3616=CARTESIAN_POINT('',(273.,57.15768,-72.));
#3617=DIRECTION('',(0.,0.,-1.));
#3618=DIRECTION('',(-0.89687,0.44229,0.));
#3619=AXIS2_PLACEMENT_3D('',#3616,#3617,#3618);
#3620=PLANE('',#3619);
#3621=ADVANCED_FACE('',(#3615),#3620,.T.);
#3622=ORIENTED_EDGE('',*,*,#2633,.T.);
#3623=DIRECTION('',(-0.25882,-0.96593,0.));
#3624=VECTOR('',#3623,16.);
#3625=LINE('',#278,#3624);
#3626=EDGE_CURVE('',#279,#2624,#3625,.T.);
#3627=ORIENTED_EDGE('',*,*,#3626,.F.);
#3628=ORIENTED_EDGE('',*,*,#283,.F.);
#3629=ORIENTED_EDGE('',*,*,#3610,.T.);
#3630=EDGE_LOOP('',(#3622,#3627,#3628,#3629));
#3631=FACE_OUTER_BOUND('',#3630,.T.);
#3632=CARTESIAN_POINT('',(265.25711,60.97605,-72.));
#3633=DIRECTION('',(0.,0.,-1.));
#3634=DIRECTION('',(-0.94693,0.32144,0.));
#3635=AXIS2_PLACEMENT_3D('',#3632,#3633,#3634);
#3636=PLANE('',#3635);
#3637=ADVANCED_FACE('',(#3631),#3636,.T.);
#3638=ORIENTED_EDGE('',*,*,#2655,.T.);
#3639=DIRECTION('',(-0.13053,-0.99144,0.));
#3640=VECTOR('',#3639,16.);
#3641=LINE('',#306,#3640);
#3642=EDGE_CURVE('',#307,#2646,#3641,.T.);
#3643=ORIENTED_EDGE('',*,*,#3642,.F.);
#3644=ORIENTED_EDGE('',*,*,#311,.F.);
#3645=ORIENTED_EDGE('',*,*,#3626,.T.);
#3646=EDGE_LOOP('',(#3638,#3643,#3644,#3645));
#3647=FACE_OUTER_BOUND('',#3646,.T.);
#3648=CARTESIAN_POINT('',(257.08206,63.7511,-72.));
#3649=DIRECTION('',(0.,0.,-1.));
#3650=DIRECTION('',(-0.98079,0.19509,0.));
#3651=AXIS2_PLACEMENT_3D('',#3648,#3649,#3650);
#3652=PLANE('',#3651);
#3653=ADVANCED_FACE('',(#3647),#3652,.T.);
#3654=ORIENTED_EDGE('',*,*,#2677,.T.);
#3655=DIRECTION('',(0.,-1.,0.));
#3656=VECTOR('',#3655,16.);
#3657=LINE('',#334,#3656);
#3658=EDGE_CURVE('',#335,#2668,#3657,.T.);
#3659=ORIENTED_EDGE('',*,*,#3658,.F.);
#3660=ORIENTED_EDGE('',*,*,#339,.F.);
#3661=ORIENTED_EDGE('',*,*,#3642,.T.);
#3662=EDGE_LOOP('',(#3654,#3659,#3660,#3661));
#3663=FACE_OUTER_BOUND('',#3662,.T.);
#3664=CARTESIAN_POINT('',(248.61473,65.43536,-72.));
#3665=DIRECTION('',(0.,0.,-1.));
#3666=DIRECTION('',(-0.99786,0.0654,0.));
#3667=AXIS2_PLACEMENT_3D('',#3664,#3665,#3666);
#3668=PLANE('',#3667);
#3669=ADVANCED_FACE('',(#3663),#3668,.T.);
#3670=ORIENTED_EDGE('',*,*,#2699,.T.);
#3671=DIRECTION('',(0.13053,-0.99144,0.));
#3672=VECTOR('',#3671,16.);
#3673=LINE('',#362,#3672);
#3674=EDGE_CURVE('',#363,#2690,#3673,.T.);
#3675=ORIENTED_EDGE('',*,*,#3674,.F.);
#3676=ORIENTED_EDGE('',*,*,#367,.F.);
#3677=ORIENTED_EDGE('',*,*,#3658,.T.);
#3678=EDGE_LOOP('',(#3670,#3675,#3676,#3677));
#3679=FACE_OUTER_BOUND('',#3678,.T.);
#3680=CARTESIAN_POINT('',(240.,66.,-72.));
#3681=DIRECTION('',(0.,0.,-1.));
#3682=DIRECTION('',(-0.99786,-0.0654,0.));
#3683=AXIS2_PLACEMENT_3D('',#3680,#3681,#3682);
#3684=PLANE('',#3683);
#3685=ADVANCED_FACE('',(#3679),#3684,.T.);
#3686=ORIENTED_EDGE('',*,*,#2721,.T.);
#3687=DIRECTION('',(0.25882,-0.96593,0.));
#3688=VECTOR('',#3687,16.);
#3689=LINE('',#390,#3688);
#3690=EDGE_CURVE('',#391,#2712,#3689,.T.);
#3691=ORIENTED_EDGE('',*,*,#3690,.F.);
#3692=ORIENTED_EDGE('',*,*,#395,.F.);
#3693=ORIENTED_EDGE('',*,*,#3674,.T.);
#3694=EDGE_LOOP('',(#3686,#3691,#3692,#3693));
#3695=FACE_OUTER_BOUND('',#3694,.T.);
#3696=CARTESIAN_POINT('',(231.38527,65.43536,-72.));
#3697=DIRECTION('',(0.,0.,-1.));
#3698=DIRECTION('',(-0.98079,-0.19509,0.));
#3699=AXIS2_PLACEMENT_3D('',#3696,#3697,#3698);
#3700=PLANE('',#3699);
#3701=ADVANCED_FACE('',(#3695),#3700,.T.);
#3702=ORIENTED_EDGE('',*,*,#2743,.T.);
#3703=DIRECTION('',(0.38268,-0.92388,0.));
#3704=VECTOR('',#3703,16.);
#3705=LINE('',#418,#3704);
#3706=EDGE_CURVE('',#419,#2734,#3705,.T.);
#3707=ORIENTED_EDGE('',*,*,#3706,.F.);
#3708=ORIENTED_EDGE('',*,*,#423,.F.);
#3709=ORIENTED_EDGE('',*,*,#3690,.T.);
#3710=EDGE_LOOP('',(#3702,#3707,#3708,#3709));
#3711=FACE_OUTER_BOUND('',#3710,.T.);
#3712=CARTESIAN_POINT('',(222.91794,63.7511,-72.));
#3713=DIRECTION('',(0.,0.,-1.));
#3714=DIRECTION('',(-0.94693,-0.32144,0.));
#3715=AXIS2_PLACEMENT_3D('',#3712,#3713,#3714);
#3716=PLANE('',#3715);
#3717=ADVANCED_FACE('',(#3711),#3716,.T.);
#3718=ORIENTED_EDGE('',*,*,#2765,.T.);
#3719=DIRECTION('',(0.5,-0.86603,0.));
#3720=VECTOR('',#3719,16.);
#3721=LINE('',#446,#3720);
#3722=EDGE_CURVE('',#447,#2756,#3721,.T.);
#3723=ORIENTED_EDGE('',*,*,#3722,.F.);
#3724=ORIENTED_EDGE('',*,*,#451,.F.);
#3725=ORIENTED_EDGE('',*,*,#3706,.T.);
#3726=EDGE_LOOP('',(#3718,#3723,#3724,#3725));
#3727=FACE_OUTER_BOUND('',#3726,.T.);
#3728=CARTESIAN_POINT('',(214.74289,60.97605,-72.));
#3729=DIRECTION('',(0.,0.,-1.));
#3730=DIRECTION('',(-0.89687,-0.44229,0.));
#3731=AXIS2_PLACEMENT_3D('',#3728,#3729,#3730);
#3732=PLANE('',#3731);
#3733=ADVANCED_FACE('',(#3727),#3732,.T.);
#3734=ORIENTED_EDGE('',*,*,#2787,.T.);
#3735=DIRECTION('',(0.60876,-0.79335,0.));
#3736=VECTOR('',#3735,16.);
#3737=LINE('',#474,#3736);
#3738=EDGE_CURVE('',#475,#2778,#3737,.T.);
#3739=ORIENTED_EDGE('',*,*,#3738,.F.);
#3740=ORIENTED_EDGE('',*,*,#479,.F.);
#3741=ORIENTED_EDGE('',*,*,#3722,.T.);
#3742=EDGE_LOOP('',(#3734,#3739,#3740,#3741));
#3743=FACE_OUTER_BOUND('',#3742,.T.);
#3744=CARTESIAN_POINT('',(207.,57.15768,-72.));
#3745=DIRECTION('',(0.,0.,-1.));
#3746=DIRECTION('',(-0.83147,-0.55557,0.));
#3747=AXIS2_PLACEMENT_3D('',#3744,#3745,#3746);
#3748=PLANE('',#3747);
#3749=ADVANCED_FACE('',(#3743),#3748,.T.);
#3750=ORIENTED_EDGE('',*,*,#2809,.T.);
#3751=DIRECTION('',(0.70711,-0.70711,0.));
#3752=VECTOR('',#3751,16.);
#3753=LINE('',#502,#3752);
#3754=EDGE_CURVE('',#503,#2800,#3753,.T.);
#3755=ORIENTED_EDGE('',*,*,#3754,.F.);
#3756=ORIENTED_EDGE('',*,*,#507,.F.);
#3757=ORIENTED_EDGE('',*,*,#3738,.T.);
#3758=EDGE_LOOP('',(#3750,#3755,#3756,#3757));
#3759=FACE_OUTER_BOUND('',#3758,.T.);
#3760=CARTESIAN_POINT('',(199.82175,52.36132,-72.));
#3761=DIRECTION('',(0.,0.,-1.));
#3762=DIRECTION('',(-0.75184,-0.65935,0.));
#3763=AXIS2_PLACEMENT_3D('',#3760,#3761,#3762);
#3764=PLANE('',#3763);
#3765=ADVANCED_FACE('',(#3759),#3764,.T.);
#3766=ORIENTED_EDGE('',*,*,#2831,.T.);
#3767=DIRECTION('',(0.79335,-0.60876,0.));
#3768=VECTOR('',#3767,16.);
#3769=LINE('',#530,#3768);
#3770=EDGE_CURVE('',#531,#2822,#3769,.T.);
#3771=ORIENTED_EDGE('',*,*,#3770,.F.);
#3772=ORIENTED_EDGE('',*,*,#535,.F.);
#3773=ORIENTED_EDGE('',*,*,#3754,.T.);
#3774=EDGE_LOOP('',(#3766,#3771,#3772,#3773));
#3775=FACE_OUTER_BOUND('',#3774,.T.);
#3776=CARTESIAN_POINT('',(193.33095,46.66905,-72.));
#3777=DIRECTION('',(0.,0.,-1.));
#3778=DIRECTION('',(-0.65935,-0.75184,0.));
#3779=AXIS2_PLACEMENT_3D('',#3776,#3777,#3778);
#3780=PLANE('',#3779);
#3781=ADVANCED_FACE('',(#3775),#3780,.T.);
#3782=ORIENTED_EDGE('',*,*,#2853,.T.);
#3783=DIRECTION('',(0.86603,-0.5,0.));
#3784=VECTOR('',#3783,16.);
#3785=LINE('',#558,#3784);
#3786=EDGE_CURVE('',#559,#2844,#3785,.T.);
#3787=ORIENTED_EDGE('',*,*,#3786,.F.);
#3788=ORIENTED_EDGE('',*,*,#563,.F.);
#3789=ORIENTED_EDGE('',*,*,#3770,.T.);
#3790=EDGE_LOOP('',(#3782,#3787,#3788,#3789));
#3791=FACE_OUTER_BOUND('',#3790,.T.);
#3792=CARTESIAN_POINT('',(187.63868,40.17825,-72.));
#3793=DIRECTION('',(0.,0.,-1.));
#3794=DIRECTION('',(-0.55557,-0.83147,0.));
#3795=AXIS2_PLACEMENT_3D('',#3792,#3793,#3794);
#3796=PLANE('',#3795);
#3797=ADVANCED_FACE('',(#3791),#3796,.T.);
#3798=ORIENTED_EDGE('',*,*,#2875,.T.);
#3799=DIRECTION('',(0.92388,-0.38268,0.));
#3800=VECTOR('',#3799,16.);
#3801=LINE('',#586,#3800);
#3802=EDGE_CURVE('',#587,#2866,#3801,.T.);
#3803=ORIENTED_EDGE('',*,*,#3802,.F.);
#3804=ORIENTED_EDGE('',*,*,#591,.F.);
#3805=ORIENTED_EDGE('',*,*,#3786,.T.);
#3806=EDGE_LOOP('',(#3798,#3803,#3804,#3805));
#3807=FACE_OUTER_BOUND('',#3806,.T.);
#3808=CARTESIAN_POINT('',(182.84232,33.,-72.));
#3809=DIRECTION('',(0.,0.,-1.));
#3810=DIRECTION('',(-0.44229,-0.89687,0.));
#3811=AXIS2_PLACEMENT_3D('',#3808,#3809,#3810);
#3812=PLANE('',#3811);
#3813=ADVANCED_FACE('',(#3807),#3812,.T.);
#3814=ORIENTED_EDGE('',*,*,#2897,.T.);
#3815=DIRECTION('',(0.96593,-0.25882,0.));
#3816=VECTOR('',#3815,16.);
#3817=LINE('',#614,#3816);
#3818=EDGE_CURVE('',#615,#2888,#3817,.T.);
#3819=ORIENTED_EDGE('',*,*,#3818,.F.);
#3820=ORIENTED_EDGE('',*,*,#619,.F.);
#3821=ORIENTED_EDGE('',*,*,#3802,.T.);
#3822=EDGE_LOOP('',(#3814,#3819,#3820,#3821));
#3823=FACE_OUTER_BOUND('',#3822,.T.);
#3824=CARTESIAN_POINT('',(179.02395,25.25711,-72.));
#3825=DIRECTION('',(0.,0.,-1.));
#3826=DIRECTION('',(-0.32144,-0.94693,0.));
#3827=AXIS2_PLACEMENT_3D('',#3824,#3825,#3826);
#3828=PLANE('',#3827);
#3829=ADVANCED_FACE('',(#3823),#3828,.T.);
#3830=ORIENTED_EDGE('',*,*,#2919,.T.);
#3831=DIRECTION('',(0.99144,-0.13053,0.));
#3832=VECTOR('',#3831,16.);
#3833=LINE('',#642,#3832);
#3834=EDGE_CURVE('',#643,#2910,#3833,.T.);
#3835=ORIENTED_EDGE('',*,*,#3834,.F.);
#3836=ORIENTED_EDGE('',*,*,#647,.F.);
#3837=ORIENTED_EDGE('',*,*,#3818,.T.);
#3838=EDGE_LOOP('',(#3830,#3835,#3836,#3837));
#3839=FACE_OUTER_BOUND('',#3838,.T.);
#3840=CARTESIAN_POINT('',(176.2489,17.08206,-72.));
#3841=DIRECTION('',(0.,0.,-1.));
#3842=DIRECTION('',(-0.19509,-0.98079,0.));
#3843=AXIS2_PLACEMENT_3D('',#3840,#3841,#3842);
#3844=PLANE('',#3843);
#3845=ADVANCED_FACE('',(#3839),#3844,.T.);
#3846=ORIENTED_EDGE('',*,*,#2941,.T.);
#3847=DIRECTION('',(1.,0.,0.));
#3848=VECTOR('',#3847,16.);
#3849=LINE('',#670,#3848);
#3850=EDGE_CURVE('',#671,#2932,#3849,.T.);
#3851=ORIENTED_EDGE('',*,*,#3850,.F.);
#3852=ORIENTED_EDGE('',*,*,#675,.F.);
#3853=ORIENTED_EDGE('',*,*,#3834,.T.);
#3854=EDGE_LOOP('',(#3846,#3851,#3852,#3853));
#3855=FACE_OUTER_BOUND('',#3854,.T.);
#3856=CARTESIAN_POINT('',(174.56464,8.61473,-72.));
#3857=DIRECTION('',(0.,0.,-1.));
#3858=DIRECTION('',(-0.0654,-0.99786,0.));
#3859=AXIS2_PLACEMENT_3D('',#3856,#3857,#3858);
#3860=PLANE('',#3859);
#3861=ADVANCED_FACE('',(#3855),#3860,.T.);
#3862=ORIENTED_EDGE('',*,*,#2963,.T.);
#3863=DIRECTION('',(0.99144,0.13053,0.));
#3864=VECTOR('',#3863,16.);
#3865=LINE('',#698,#3864);
#3866=EDGE_CURVE('',#699,#2954,#3865,.T.);
#3867=ORIENTED_EDGE('',*,*,#3866,.F.);
#3868=ORIENTED_EDGE('',*,*,#703,.F.);
#3869=ORIENTED_EDGE('',*,*,#3850,.T.);
#3870=EDGE_LOOP('',(#3862,#3867,#3868,#3869));
#3871=FACE_OUTER_BOUND('',#3870,.T.);
#3872=CARTESIAN_POINT('',(174.,0.,-72.));
#3873=DIRECTION('',(0.,0.,-1.));
#3874=DIRECTION('',(0.0654,-0.99786,0.));
#3875=AXIS2_PLACEMENT_3D('',#3872,#3873,#3874);
#3876=PLANE('',#3875);
#3877=ADVANCED_FACE('',(#3871),#3876,.T.);
#3878=ORIENTED_EDGE('',*,*,#2985,.T.);
#3879=DIRECTION('',(0.96593,0.25882,0.));
#3880=VECTOR('',#3879,16.);
#3881=LINE('',#726,#3880);
#3882=EDGE_CURVE('',#727,#2976,#3881,.T.);
#3883=ORIENTED_EDGE('',*,*,#3882,.F.);
#3884=ORIENTED_EDGE('',*,*,#731,.F.);
#3885=ORIENTED_EDGE('',*,*,#3866,.T.);
#3886=EDGE_LOOP('',(#3878,#3883,#3884,#3885));
#3887=FACE_OUTER_BOUND('',#3886,.T.);
#3888=CARTESIAN_POINT('',(174.56464,-8.61473,-72.));
#3889=DIRECTION('',(0.,0.,-1.));
#3890=DIRECTION('',(0.19509,-0.98079,0.));
#3891=AXIS2_PLACEMENT_3D('',#3888,#3889,#3890);
#3892=PLANE('',#3891);
#3893=ADVANCED_FACE('',(#3887),#3892,.T.);
#3894=ORIENTED_EDGE('',*,*,#3007,.T.);
#3895=DIRECTION('',(0.92388,0.38268,0.));
#3896=VECTOR('',#3895,16.);
#3897=LINE('',#754,#3896);
#3898=EDGE_CURVE('',#755,#2998,#3897,.T.);
#3899=ORIENTED_EDGE('',*,*,#3898,.F.);
#3900=ORIENTED_EDGE('',*,*,#759,.F.);
#3901=ORIENTED_EDGE('',*,*,#3882,.T.);
#3902=EDGE_LOOP('',(#3894,#3899,#3900,#3901));
#3903=FACE_OUTER_BOUND('',#3902,.T.);
#3904=CARTESIAN_POINT('',(176.2489,-17.08206,-72.));
#3905=DIRECTION('',(0.,0.,-1.));
#3906=DIRECTION('',(0.32144,-0.94693,0.));
#3907=AXIS2_PLACEMENT_3D('',#3904,#3905,#3906);
#3908=PLANE('',#3907);
#3909=ADVANCED_FACE('',(#3903),#3908,.T.);
#3910=ORIENTED_EDGE('',*,*,#3029,.T.);
#3911=DIRECTION('',(0.86603,0.5,0.));
#3912=VECTOR('',#3911,16.);
#3913=LINE('',#782,#3912);
#3914=EDGE_CURVE('',#783,#3020,#3913,.T.);
#3915=ORIENTED_EDGE('',*,*,#3914,.F.);
#3916=ORIENTED_EDGE('',*,*,#787,.F.);
#3917=ORIENTED_EDGE('',*,*,#3898,.T.);
#3918=EDGE_LOOP('',(#3910,#3915,#3916,#3917));
#3919=FACE_OUTER_BOUND('',#3918,.T.);
#3920=CARTESIAN_POINT('',(179.02395,-25.25711,-72.));
#3921=DIRECTION('',(0.,0.,-1.));
#3922=DIRECTION('',(0.44229,-0.89687,0.));
#3923=AXIS2_PLACEMENT_3D('',#3920,#3921,#3922);
#3924=PLANE('',#3923);
#3925=ADVANCED_FACE('',(#3919),#3924,.T.);
#3926=ORIENTED_EDGE('',*,*,#3051,.T.);
#3927=DIRECTION('',(0.79335,0.60876,0.));
#3928=VECTOR('',#3927,16.);
#3929=LINE('',#810,#3928);
#3930=EDGE_CURVE('',#811,#3042,#3929,.T.);
#3931=ORIENTED_EDGE('',*,*,#3930,.F.);
#3932=ORIENTED_EDGE('',*,*,#815,.F.);
#3933=ORIENTED_EDGE('',*,*,#3914,.T.);
#3934=EDGE_LOOP('',(#3926,#3931,#3932,#3933));
#3935=FACE_OUTER_BOUND('',#3934,.T.);
#3936=CARTESIAN_POINT('',(182.84232,-33.,-72.));
#3937=DIRECTION('',(0.,0.,-1.));
#3938=DIRECTION('',(0.55557,-0.83147,0.));
#3939=AXIS2_PLACEMENT_3D('',#3936,#3937,#3938);
#3940=PLANE('',#3939);
#3941=ADVANCED_FACE('',(#3935),#3940,.T.);
#3942=ORIENTED_EDGE('',*,*,#3073,.T.);
#3943=DIRECTION('',(0.70711,0.70711,0.));
#3944=VECTOR('',#3943,16.);
#3945=LINE('',#838,#3944);
#3946=EDGE_CURVE('',#839,#3064,#3945,.T.);
#3947=ORIENTED_EDGE('',*,*,#3946,.F.);
#3948=ORIENTED_EDGE('',*,*,#843,.F.);
#3949=ORIENTED_EDGE('',*,*,#3930,.T.);
#3950=EDGE_LOOP('',(#3942,#3947,#3948,#3949));
#3951=FACE_OUTER_BOUND('',#3950,.T.);
#3952=CARTESIAN_POINT('',(187.63868,-40.17825,-72.));
#3953=DIRECTION('',(0.,0.,-1.));
#3954=DIRECTION('',(0.65935,-0.75184,0.));
#3955=AXIS2_PLACEMENT_3D('',#3952,#3953,#3954);
#3956=PLANE('',#3955);
#3957=ADVANCED_FACE('',(#3951),#3956,.T.);
#3958=ORIENTED_EDGE('',*,*,#3095,.T.);
#3959=DIRECTION('',(0.60876,0.79335,0.));
#3960=VECTOR('',#3959,16.);
#3961=LINE('',#866,#3960);
#3962=EDGE_CURVE('',#867,#3086,#3961,.T.);
#3963=ORIENTED_EDGE('',*,*,#3962,.F.);
#3964=ORIENTED_EDGE('',*,*,#871,.F.);
#3965=ORIENTED_EDGE('',*,*,#3946,.T.);
#3966=EDGE_LOOP('',(#3958,#3963,#3964,#3965));
#3967=FACE_OUTER_BOUND('',#3966,.T.);
#3968=CARTESIAN_POINT('',(193.33095,-46.66905,-72.));
#3969=DIRECTION('',(0.,0.,-1.));
#3970=DIRECTION('',(0.75184,-0.65935,0.));
#3971=AXIS2_PLACEMENT_3D('',#3968,#3969,#3970);
#3972=PLANE('',#3971);
#3973=ADVANCED_FACE('',(#3967),#3972,.T.);
#3974=ORIENTED_EDGE('',*,*,#3117,.T.);
#3975=DIRECTION('',(0.5,0.86603,0.));
#3976=VECTOR('',#3975,16.);
#3977=LINE('',#894,#3976);
#3978=EDGE_CURVE('',#895,#3108,#3977,.T.);
#3979=ORIENTED_EDGE('',*,*,#3978,.F.);
#3980=ORIENTED_EDGE('',*,*,#899,.F.);
#3981=ORIENTED_EDGE('',*,*,#3962,.T.);
#3982=EDGE_LOOP('',(#3974,#3979,#3980,#3981));
#3983=FACE_OUTER_BOUND('',#3982,.T.);
#3984=CARTESIAN_POINT('',(199.82175,-52.36132,-72.));
#3985=DIRECTION('',(0.,0.,-1.));
#3986=DIRECTION('',(0.83147,-0.55557,0.));
#3987=AXIS2_PLACEMENT_3D('',#3984,#3985,#3986);
#3988=PLANE('',#3987);
#3989=ADVANCED_FACE('',(#3983),#3988,.T.);
#3990=ORIENTED_EDGE('',*,*,#3139,.T.);
#3991=DIRECTION('',(0.38268,0.92388,0.));
#3992=VECTOR('',#3991,16.);
#3993=LINE('',#922,#3992);
#3994=EDGE_CURVE('',#923,#3130,#3993,.T.);
#3995=ORIENTED_EDGE('',*,*,#3994,.F.);
#3996=ORIENTED_EDGE('',*,*,#927,.F.);
#3997=ORIENTED_EDGE('',*,*,#3978,.T.);
#3998=EDGE_LOOP('',(#3990,#3995,#3996,#3997));
#3999=FACE_OUTER_BOUND('',#3998,.T.);
#4000=CARTESIAN_POINT('',(207.,-57.15768,-72.));
#4001=DIRECTION('',(0.,0.,-1.));
#4002=DIRECTION('',(0.89687,-0.44229,0.));
#4003=AXIS2_PLACEMENT_3D('',#4000,#4001,#4002);
#4004=PLANE('',#4003);
#4005=ADVANCED_FACE('',(#3999),#4004,.T.);
#4006=ORIENTED_EDGE('',*,*,#3161,.T.);
#4007=DIRECTION('',(0.25882,0.96593,0.));
#4008=VECTOR('',#4007,16.);
#4009=LINE('',#950,#4008);
#4010=EDGE_CURVE('',#951,#3152,#4009,.T.);
#4011=ORIENTED_EDGE('',*,*,#4010,.F.);
#4012=ORIENTED_EDGE('',*,*,#955,.F.);
#4013=ORIENTED_EDGE('',*,*,#3994,.T.);
#4014=EDGE_LOOP('',(#4006,#4011,#4012,#4013));
#4015=FACE_OUTER_BOUND('',#4014,.T.);
#4016=CARTESIAN_POINT('',(214.74289,-60.97605,-72.));
#4017=DIRECTION('',(0.,0.,-1.));
#4018=DIRECTION('',(0.94693,-0.32144,0.));
#4019=AXIS2_PLACEMENT_3D('',#4016,#4017,#4018);
#4020=PLANE('',#4019);
#4021=ADVANCED_FACE('',(#4015),#4020,.T.);
#4022=ORIENTED_EDGE('',*,*,#3183,.T.);
#4023=DIRECTION('',(0.13053,0.99144,0.));
#4024=VECTOR('',#4023,16.);
#4025=LINE('',#978,#4024);
#4026=EDGE_CURVE('',#979,#3174,#4025,.T.);
#4027=ORIENTED_EDGE('',*,*,#4026,.F.);
#4028=ORIENTED_EDGE('',*,*,#983,.F.);
#4029=ORIENTED_EDGE('',*,*,#4010,.T.);
#4030=EDGE_LOOP('',(#4022,#4027,#4028,#4029));
#4031=FACE_OUTER_BOUND('',#4030,.T.);
#4032=CARTESIAN_POINT('',(222.91794,-63.7511,-72.));
#4033=DIRECTION('',(0.,0.,-1.));
#4034=DIRECTION('',(0.98079,-0.19509,0.));
#4035=AXIS2_PLACEMENT_3D('',#4032,#4033,#4034);
#4036=PLANE('',#4035);
#4037=ADVANCED_FACE('',(#4031),#4036,.T.);
#4038=ORIENTED_EDGE('',*,*,#3205,.T.);
#4039=DIRECTION('',(0.,1.,0.));
#4040=VECTOR('',#4039,16.);
#4041=LINE('',#1006,#4040);
#4042=EDGE_CURVE('',#1007,#3196,#4041,.T.);
#4043=ORIENTED_EDGE('',*,*,#4042,.F.);
#4044=ORIENTED_EDGE('',*,*,#1011,.F.);
#4045=ORIENTED_EDGE('',*,*,#4026,.T.);
#4046=EDGE_LOOP('',(#4038,#4043,#4044,#4045));
#4047=FACE_OUTER_BOUND('',#4046,.T.);
#4048=CARTESIAN_POINT('',(231.38527,-65.43536,-72.));
#4049=DIRECTION('',(0.,0.,-1.));
#4050=DIRECTION('',(0.99786,-0.0654,0.));
#4051=AXIS2_PLACEMENT_3D('',#4048,#4049,#4050);
#4052=PLANE('',#4051);
#4053=ADVANCED_FACE('',(#4047),#4052,.T.);
#4054=ORIENTED_EDGE('',*,*,#3227,.T.);
#4055=DIRECTION('',(-0.13053,0.99144,0.));
#4056=VECTOR('',#4055,16.);
#4057=LINE('',#1034,#4056);
#4058=EDGE_CURVE('',#1035,#3218,#4057,.T.);
#4059=ORIENTED_EDGE('',*,*,#4058,.F.);
#4060=ORIENTED_EDGE('',*,*,#1039,.F.);
#4061=ORIENTED_EDGE('',*,*,#4042,.T.);
#4062=EDGE_LOOP('',(#4054,#4059,#4060,#4061));
#4063=FACE_OUTER_BOUND('',#4062,.T.);
#4064=CARTESIAN_POINT('',(240.,-66.,-72.));
#4065=DIRECTION('',(0.,0.,-1.));
#4066=DIRECTION('',(0.99786,0.0654,0.));
#4067=AXIS2_PLACEMENT_3D('',#4064,#4065,#4066);
#4068=PLANE('',#4067);
#4069=ADVANCED_FACE('',(#4063),#4068,.T.);
#4070=ORIENTED_EDGE('',*,*,#3249,.T.);
#4071=DIRECTION('',(-0.25882,0.96593,0.));
#4072=VECTOR('',#4071,16.);
#4073=LINE('',#1062,#4072);
#4074=EDGE_CURVE('',#1063,#3240,#4073,.T.);
#4075=ORIENTED_EDGE('',*,*,#4074,.F.);
#4076=ORIENTED_EDGE('',*,*,#1067,.F.);
#4077=ORIENTED_EDGE('',*,*,#4058,.T.);
#4078=EDGE_LOOP('',(#4070,#4075,#4076,#4077));
#4079=FACE_OUTER_BOUND('',#4078,.T.);
#4080=CARTESIAN_POINT('',(248.61473,-65.43536,-72.));
#4081=DIRECTION('',(0.,0.,-1.));
#4082=DIRECTION('',(0.98079,0.19509,0.));
#4083=AXIS2_PLACEMENT_3D('',#4080,#4081,#4082);
#4084=PLANE('',#4083);
#4085=ADVANCED_FACE('',(#4079),#4084,.T.);
#4086=ORIENTED_EDGE('',*,*,#3271,.T.);
#4087=DIRECTION('',(-0.38268,0.92388,0.));
#4088=VECTOR('',#4087,16.);
#4089=LINE('',#1090,#4088);
#4090=EDGE_CURVE('',#1091,#3262,#4089,.T.);
#4091=ORIENTED_EDGE('',*,*,#4090,.F.);
#4092=ORIENTED_EDGE('',*,*,#1095,.F.);
#4093=ORIENTED_EDGE('',*,*,#4074,.T.);
#4094=EDGE_LOOP('',(#4086,#4091,#4092,#4093));
#4095=FACE_OUTER_BOUND('',#4094,.T.);
#4096=CARTESIAN_POINT('',(257.08206,-63.7511,-72.));
#4097=DIRECTION('',(0.,0.,-1.));
#4098=DIRECTION('',(0.94693,0.32144,0.));
#4099=AXIS2_PLACEMENT_3D('',#4096,#4097,#4098);
#4100=PLANE('',#4099);
#4101=ADVANCED_FACE('',(#4095),#4100,.T.);
#4102=ORIENTED_EDGE('',*,*,#3293,.T.);
#4103=DIRECTION('',(-0.5,0.86603,0.));
#4104=VECTOR('',#4103,16.);
#4105=LINE('',#1118,#4104);
#4106=EDGE_CURVE('',#1119,#3284,#4105,.T.);
#4107=ORIENTED_EDGE('',*,*,#4106,.F.);
#4108=ORIENTED_EDGE('',*,*,#1123,.F.);
#4109=ORIENTED_EDGE('',*,*,#4090,.T.);
#4110=EDGE_LOOP('',(#4102,#4107,#4108,#4109));
#4111=FACE_OUTER_BOUND('',#4110,.T.);
#4112=CARTESIAN_POINT('',(265.25711,-60.97605,-72.));
#4113=DIRECTION('',(0.,0.,-1.));
#4114=DIRECTION('',(0.89687,0.44229,0.));
#4115=AXIS2_PLACEMENT_3D('',#4112,#4113,#4114);
#4116=PLANE('',#4115);
#4117=ADVANCED_FACE('',(#4111),#4116,.T.);
#4118=ORIENTED_EDGE('',*,*,#3315,.T.);
#4119=DIRECTION('',(-0.60876,0.79335,0.));
#4120=VECTOR('',#4119,16.);
#4121=LINE('',#1146,#4120);
#4122=EDGE_CURVE('',#1147,#3306,#4121,.T.);
#4123=ORIENTED_EDGE('',*,*,#4122,.F.);
#4124=ORIENTED_EDGE('',*,*,#1151,.F.);
#4125=ORIENTED_EDGE('',*,*,#4106,.T.);
#4126=EDGE_LOOP('',(#4118,#4123,#4124,#4125));
#4127=FACE_OUTER_BOUND('',#4126,.T.);
#4128=CARTESIAN_POINT('',(273.,-57.15768,-72.));
#4129=DIRECTION('',(0.,0.,-1.));
#4130=DIRECTION('',(0.83147,0.55557,0.));
#4131=AXIS2_PLACEMENT_3D('',#4128,#4129,#4130);
#4132=PLANE('',#4131);
#4133=ADVANCED_FACE('',(#4127),#4132,.T.);
#4134=ORIENTED_EDGE('',*,*,#3337,.T.);
#4135=DIRECTION('',(-0.70711,0.70711,0.));
#4136=VECTOR('',#4135,16.);
#4137=LINE('',#1174,#4136);
#4138=EDGE_CURVE('',#1175,#3328,#4137,.T.);
#4139=ORIENTED_EDGE('',*,*,#4138,.F.);
#4140=ORIENTED_EDGE('',*,*,#1179,.F.);
#4141=ORIENTED_EDGE('',*,*,#4122,.T.);
#4142=EDGE_LOOP('',(#4134,#4139,#4140,#4141));
#4143=FACE_OUTER_BOUND('',#4142,.T.);
#4144=CARTESIAN_POINT('',(280.17825,-52.36132,-72.));
#4145=DIRECTION('',(0.,0.,-1.));
#4146=DIRECTION('',(0.75184,0.65935,0.));
#4147=AXIS2_PLACEMENT_3D('',#4144,#4145,#4146);
#4148=PLANE('',#4147);
#4149=ADVANCED_FACE('',(#4143),#4148,.T.);
#4150=ORIENTED_EDGE('',*,*,#3359,.T.);
#4151=DIRECTION('',(-0.79335,0.60876,0.));
#4152=VECTOR('',#4151,16.);
#4153=LINE('',#1202,#4152);
#4154=EDGE_CURVE('',#1203,#3350,#4153,.T.);
#4155=ORIENTED_EDGE('',*,*,#4154,.F.);
#4156=ORIENTED_EDGE('',*,*,#1207,.F.);
#4157=ORIENTED_EDGE('',*,*,#4138,.T.);
#4158=EDGE_LOOP('',(#4150,#4155,#4156,#4157));
#4159=FACE_OUTER_BOUND('',#4158,.T.);
#4160=CARTESIAN_POINT('',(286.66905,-46.66905,-72.));
#4161=DIRECTION('',(0.,0.,-1.));
#4162=DIRECTION('',(0.65935,0.75184,0.));
#4163=AXIS2_PLACEMENT_3D('',#4160,#4161,#4162);
#4164=PLANE('',#4163);
#4165=ADVANCED_FACE('',(#4159),#4164,.T.);
#4166=ORIENTED_EDGE('',*,*,#3381,.T.);
#4167=DIRECTION('',(-0.86603,0.5,0.));
#4168=VECTOR('',#4167,16.);
#4169=LINE('',#1230,#4168);
#4170=EDGE_CURVE('',#1231,#3372,#4169,.T.);
#4171=ORIENTED_EDGE('',*,*,#4170,.F.);
#4172=ORIENTED_EDGE('',*,*,#1235,.F.);
#4173=ORIENTED_EDGE('',*,*,#4154,.T.);
#4174=EDGE_LOOP('',(#4166,#4171,#4172,#4173));
#4175=FACE_OUTER_BOUND('',#4174,.T.);
#4176=CARTESIAN_POINT('',(292.36132,-40.17825,-72.));
#4177=DIRECTION('',(0.,0.,-1.));
#4178=DIRECTION('',(0.55557,0.83147,0.));
#4179=AXIS2_PLACEMENT_3D('',#4176,#4177,#4178);
#4180=PLANE('',#4179);
#4181=ADVANCED_FACE('',(#4175),#4180,.T.);
#4182=ORIENTED_EDGE('',*,*,#3403,.T.);
#4183=DIRECTION('',(-0.92388,0.38268,0.));
#4184=VECTOR('',#4183,16.);
#4185=LINE('',#1258,#4184);
#4186=EDGE_CURVE('',#1259,#3394,#4185,.T.);
#4187=ORIENTED_EDGE('',*,*,#4186,.F.);
#4188=ORIENTED_EDGE('',*,*,#1263,.F.);
#4189=ORIENTED_EDGE('',*,*,#4170,.T.);
#4190=EDGE_LOOP('',(#4182,#4187,#4188,#4189));
#4191=FACE_OUTER_BOUND('',#4190,.T.);
#4192=CARTESIAN_POINT('',(297.15768,-33.,-72.));
#4193=DIRECTION('',(0.,0.,-1.));
#4194=DIRECTION('',(0.44229,0.89687,0.));
#4195=AXIS2_PLACEMENT_3D('',#4192,#4193,#4194);
#4196=PLANE('',#4195);
#4197=ADVANCED_FACE('',(#4191),#4196,.T.);
#4198=ORIENTED_EDGE('',*,*,#3425,.T.);
#4199=DIRECTION('',(-0.96593,0.25882,0.));
#4200=VECTOR('',#4199,16.);
#4201=LINE('',#1286,#4200);
#4202=EDGE_CURVE('',#1287,#3416,#4201,.T.);
#4203=ORIENTED_EDGE('',*,*,#4202,.F.);
#4204=ORIENTED_EDGE('',*,*,#1291,.F.);
#4205=ORIENTED_EDGE('',*,*,#4186,.T.);
#4206=EDGE_LOOP('',(#4198,#4203,#4204,#4205));
#4207=FACE_OUTER_BOUND('',#4206,.T.);
#4208=CARTESIAN_POINT('',(300.97605,-25.25711,-72.));
#4209=DIRECTION('',(0.,0.,-1.));
#4210=DIRECTION('',(0.32144,0.94693,0.));
#4211=AXIS2_PLACEMENT_3D('',#4208,#4209,#4210);
#4212=PLANE('',#4211);
#4213=ADVANCED_FACE('',(#4207),#4212,.T.);
#4214=ORIENTED_EDGE('',*,*,#3447,.T.);
#4215=DIRECTION('',(-0.99144,0.13053,0.));
#4216=VECTOR('',#4215,16.);
#4217=LINE('',#1314,#4216);
#4218=EDGE_CURVE('',#1315,#3438,#4217,.T.);
#4219=ORIENTED_EDGE('',*,*,#4218,.F.);
#4220=ORIENTED_EDGE('',*,*,#1319,.F.);
#4221=ORIENTED_EDGE('',*,*,#4202,.T.);
#4222=EDGE_LOOP('',(#4214,#4219,#4220,#4221));
#4223=FACE_OUTER_BOUND('',#4222,.T.);
#4224=CARTESIAN_POINT('',(303.7511,-17.08206,-72.));
#4225=DIRECTION('',(0.,0.,-1.));
#4226=DIRECTION('',(0.19509,0.98079,0.));
#4227=AXIS2_PLACEMENT_3D('',#4224,#4225,#4226);
#4228=PLANE('',#4227);
#4229=ADVANCED_FACE('',(#4223),#4228,.T.);
#4230=ORIENTED_EDGE('',*,*,#3463,.F.);
#4231=ORIENTED_EDGE('',*,*,#3484,.F.);
#4232=ORIENTED_EDGE('',*,*,#1345,.T.);
#4233=ORIENTED_EDGE('',*,*,#4218,.T.);
#4234=EDGE_LOOP('',(#4230,#4231,#4232,#4233));
#4235=FACE_OUTER_BOUND('',#4234,.T.);
#4236=CARTESIAN_POINT('',(305.43536,-8.61473,-72.));
#4237=DIRECTION('',(0.,0.,-1.));
#4238=DIRECTION('',(0.0654,0.99786,0.));
#4239=AXIS2_PLACEMENT_3D('',#4236,#4237,#4238);
#4240=PLANE('',#4239);
#4241=ADVANCED_FACE('',(#4235),#4240,.T.);
#4242=CLOSED_SHELL('',(#53,#81,#109,#137,#165,#193,#221,#249,#277,#305,#333,#361,#389,#417,#445,#473,#501,#529,#557,#585,#613,#641,#669,#697,#725,#753,#781,#809,#837,#865,#893,#921,#949,#977,#1005,#1033,#1061,#1089,#1117,#1145,#1173,#1201,#1229,#1257,#1285,#1313,#1341,#1361,#1389,#1411,#1433,#1455,#1477,#1499,#1521,#1543,#1565,#1587,#1609,#1631,#1653,#1675,#1697,#1719,#1741,#1763,#1785,#1807,#1829,#1851,#1873,#1895,#1917,#1939,#1961,#1983,#2005,#2027,#2049,#2071,#2093,#2115,#2137,#2159,#2181,#2203,#2225,#2247,#2269,#2291,#2313,#2335,#2357,#2379,#2401,#2417,#2445,#2467,#2489,#2511,#2533,#2555,#2577,#2599,#2621,#2643,#2665,#2687,#2709,#2731,#2753,#2775,#2797,#2819,#2841,#2863,#2885,#2907,#2929,#2951,#2973,#2995,#3017,#3039,#3061,#3083,#3105,#3127,#3149,#3171,#3193,#3215,#3237,#3259,#3281,#3303,#3325,#3347,#3369,#3391,#3413,#3435,#3457,#3473,#3493,#3509,#3525,#3541,#3557,#3573,#3589,#3605,#3621,#3637,#3653,#3669,#3685,#3701,#3717,#3733,#3749,#3765,#3781,#3797,#3813,#3829,#3845,#3861,#3877,#3893,#3909,#3925,#3941,#3957,#3973,#3989,#4005,#4021,#4037,#4053,#4069,#4085,#4101,#4117,#4133,#4149,#4165,#4181,#4197,#4213,#4229,#4241));
#4243=MANIFOLD_SOLID_BREP('',#4242);
#4244=COLOUR_RGB('',0.68,0.69,0.7);
#4245=FILL_AREA_STYLE_COLOUR('',#4244);
#4246=FILL_AREA_STYLE('',(#4245));
#4247=SURFACE_STYLE_FILL_AREA(#4246);
#4248=SURFACE_SIDE_STYLE('',(#4247));
#4249=SURFACE_STYLE_USAGE(.BOTH.,#4248);
#4250=PRESENTATION_STYLE_ASSIGNMENT((#4249));
#4251=STYLED_ITEM('color',(#4250),#4243);
#4252=CARTESIAN_POINT('',(311.36709,28.31857,-380.));
#4253=VERTEX_POINT('',#4252);
#4254=CARTESIAN_POINT('',(310.96516,29.81857,-380.));
#4255=VERTEX_POINT('',#4254);
#4256=DIRECTION('',(-0.25882,0.96593,0.));
#4257=VECTOR('',#4256,1.55291);
#4258=LINE('',#4252,#4257);
#4259=EDGE_CURVE('',#4253,#4255,#4258,.T.);
#4260=ORIENTED_EDGE('',*,*,#4259,.T.);
#4261=CARTESIAN_POINT('',(310.96516,29.81857,-72.));
#4262=VERTEX_POINT('',#4261);
#4263=DIRECTION('',(0.,0.,1.));
#4264=VECTOR('',#4263,308.);
#4265=LINE('',#4254,#4264);
#4266=EDGE_CURVE('',#4255,#4262,#4265,.T.);
#4267=ORIENTED_EDGE('',*,*,#4266,.T.);
#4268=CARTESIAN_POINT('',(311.36709,28.31857,-72.));
#4269=VERTEX_POINT('',#4268);
#4270=DIRECTION('',(-0.25882,0.96593,0.));
#4271=VECTOR('',#4270,1.55291);
#4272=LINE('',#4268,#4271);
#4273=EDGE_CURVE('',#4269,#4262,#4272,.T.);
#4274=ORIENTED_EDGE('',*,*,#4273,.F.);
#4275=DIRECTION('',(0.,0.,1.));
#4276=VECTOR('',#4275,308.);
#4277=LINE('',#4252,#4276);
#4278=EDGE_CURVE('',#4253,#4269,#4277,.T.);
#4279=ORIENTED_EDGE('',*,*,#4278,.F.);
#4280=EDGE_LOOP('',(#4260,#4267,#4274,#4279));
#4281=FACE_OUTER_BOUND('',#4280,.T.);
#4282=CARTESIAN_POINT('',(311.36709,28.31857,-380.));
#4283=DIRECTION('',(0.96593,0.25882,0.));
#4284=DIRECTION('',(-0.25882,0.96593,0.));
#4285=AXIS2_PLACEMENT_3D('',#4282,#4283,#4284);
#4286=PLANE('',#4285);
#4287=ADVANCED_FACE('',(#4281),#4286,.T.);
#4288=CARTESIAN_POINT('',(309.86709,30.91665,-380.));
#4289=VERTEX_POINT('',#4288);
#4290=DIRECTION('',(-0.70711,0.70711,0.));
#4291=VECTOR('',#4290,1.55291);
#4292=LINE('',#4254,#4291);
#4293=EDGE_CURVE('',#4255,#4289,#4292,.T.);
#4294=ORIENTED_EDGE('',*,*,#4293,.T.);
#4295=CARTESIAN_POINT('',(309.86709,30.91665,-72.));
#4296=VERTEX_POINT('',#4295);
#4297=DIRECTION('',(0.,0.,1.));
#4298=VECTOR('',#4297,308.);
#4299=LINE('',#4288,#4298);
#4300=EDGE_CURVE('',#4289,#4296,#4299,.T.);
#4301=ORIENTED_EDGE('',*,*,#4300,.T.);
#4302=DIRECTION('',(-0.70711,0.70711,0.));
#4303=VECTOR('',#4302,1.55291);
#4304=LINE('',#4261,#4303);
#4305=EDGE_CURVE('',#4262,#4296,#4304,.T.);
#4306=ORIENTED_EDGE('',*,*,#4305,.F.);
#4307=ORIENTED_EDGE('',*,*,#4266,.F.);
#4308=EDGE_LOOP('',(#4294,#4301,#4306,#4307));
#4309=FACE_OUTER_BOUND('',#4308,.T.);
#4310=CARTESIAN_POINT('',(310.96516,29.81857,-380.));
#4311=DIRECTION('',(0.70711,0.70711,0.));
#4312=DIRECTION('',(-0.70711,0.70711,0.));
#4313=AXIS2_PLACEMENT_3D('',#4310,#4311,#4312);
#4314=PLANE('',#4313);
#4315=ADVANCED_FACE('',(#4309),#4314,.T.);
#4316=CARTESIAN_POINT('',(308.36709,31.31857,-380.));
#4317=VERTEX_POINT('',#4316);
#4318=DIRECTION('',(-0.96593,0.25882,0.));
#4319=VECTOR('',#4318,1.55291);
#4320=LINE('',#4288,#4319);
#4321=EDGE_CURVE('',#4289,#4317,#4320,.T.);
#4322=ORIENTED_EDGE('',*,*,#4321,.T.);
#4323=CARTESIAN_POINT('',(308.36709,31.31857,-72.));
#4324=VERTEX_POINT('',#4323);
#4325=DIRECTION('',(0.,0.,1.));
#4326=VECTOR('',#4325,308.);
#4327=LINE('',#4316,#4326);
#4328=EDGE_CURVE('',#4317,#4324,#4327,.T.);
#4329=ORIENTED_EDGE('',*,*,#4328,.T.);
#4330=DIRECTION('',(-0.96593,0.25882,0.));
#4331=VECTOR('',#4330,1.55291);
#4332=LINE('',#4295,#4331);
#4333=EDGE_CURVE('',#4296,#4324,#4332,.T.);
#4334=ORIENTED_EDGE('',*,*,#4333,.F.);
#4335=ORIENTED_EDGE('',*,*,#4300,.F.);
#4336=EDGE_LOOP('',(#4322,#4329,#4334,#4335));
#4337=FACE_OUTER_BOUND('',#4336,.T.);
#4338=CARTESIAN_POINT('',(309.86709,30.91665,-380.));
#4339=DIRECTION('',(0.25882,0.96593,0.));
#4340=DIRECTION('',(-0.96593,0.25882,0.));
#4341=AXIS2_PLACEMENT_3D('',#4338,#4339,#4340);
#4342=PLANE('',#4341);
#4343=ADVANCED_FACE('',(#4337),#4342,.T.);
#4344=CARTESIAN_POINT('',(306.86709,30.91665,-380.));
#4345=VERTEX_POINT('',#4344);
#4346=DIRECTION('',(-0.96593,-0.25882,0.));
#4347=VECTOR('',#4346,1.55291);
#4348=LINE('',#4316,#4347);
#4349=EDGE_CURVE('',#4317,#4345,#4348,.T.);
#4350=ORIENTED_EDGE('',*,*,#4349,.T.);
#4351=CARTESIAN_POINT('',(306.86709,30.91665,-72.));
#4352=VERTEX_POINT('',#4351);
#4353=DIRECTION('',(0.,0.,1.));
#4354=VECTOR('',#4353,308.);
#4355=LINE('',#4344,#4354);
#4356=EDGE_CURVE('',#4345,#4352,#4355,.T.);
#4357=ORIENTED_EDGE('',*,*,#4356,.T.);
#4358=DIRECTION('',(-0.96593,-0.25882,0.));
#4359=VECTOR('',#4358,1.55291);
#4360=LINE('',#4323,#4359);
#4361=EDGE_CURVE('',#4324,#4352,#4360,.T.);
#4362=ORIENTED_EDGE('',*,*,#4361,.F.);
#4363=ORIENTED_EDGE('',*,*,#4328,.F.);
#4364=EDGE_LOOP('',(#4350,#4357,#4362,#4363));
#4365=FACE_OUTER_BOUND('',#4364,.T.);
#4366=CARTESIAN_POINT('',(308.36709,31.31857,-380.));
#4367=DIRECTION('',(-0.25882,0.96593,0.));
#4368=DIRECTION('',(-0.96593,-0.25882,0.));
#4369=AXIS2_PLACEMENT_3D('',#4366,#4367,#4368);
#4370=PLANE('',#4369);
#4371=ADVANCED_FACE('',(#4365),#4370,.T.);
#4372=CARTESIAN_POINT('',(305.76901,29.81857,-380.));
#4373=VERTEX_POINT('',#4372);
#4374=DIRECTION('',(-0.70711,-0.70711,0.));
#4375=VECTOR('',#4374,1.55291);
#4376=LINE('',#4344,#4375);
#4377=EDGE_CURVE('',#4345,#4373,#4376,.T.);
#4378=ORIENTED_EDGE('',*,*,#4377,.T.);
#4379=CARTESIAN_POINT('',(305.76901,29.81857,-72.));
#4380=VERTEX_POINT('',#4379);
#4381=DIRECTION('',(0.,0.,1.));
#4382=VECTOR('',#4381,308.);
#4383=LINE('',#4372,#4382);
#4384=EDGE_CURVE('',#4373,#4380,#4383,.T.);
#4385=ORIENTED_EDGE('',*,*,#4384,.T.);
#4386=DIRECTION('',(-0.70711,-0.70711,0.));
#4387=VECTOR('',#4386,1.55291);
#4388=LINE('',#4351,#4387);
#4389=EDGE_CURVE('',#4352,#4380,#4388,.T.);
#4390=ORIENTED_EDGE('',*,*,#4389,.F.);
#4391=ORIENTED_EDGE('',*,*,#4356,.F.);
#4392=EDGE_LOOP('',(#4378,#4385,#4390,#4391));
#4393=FACE_OUTER_BOUND('',#4392,.T.);
#4394=CARTESIAN_POINT('',(306.86709,30.91665,-380.));
#4395=DIRECTION('',(-0.70711,0.70711,0.));
#4396=DIRECTION('',(-0.70711,-0.70711,0.));
#4397=AXIS2_PLACEMENT_3D('',#4394,#4395,#4396);
#4398=PLANE('',#4397);
#4399=ADVANCED_FACE('',(#4393),#4398,.T.);
#4400=CARTESIAN_POINT('',(305.36709,28.31857,-380.));
#4401=VERTEX_POINT('',#4400);
#4402=DIRECTION('',(-0.25882,-0.96593,0.));
#4403=VECTOR('',#4402,1.55291);
#4404=LINE('',#4372,#4403);
#4405=EDGE_CURVE('',#4373,#4401,#4404,.T.);
#4406=ORIENTED_EDGE('',*,*,#4405,.T.);
#4407=CARTESIAN_POINT('',(305.36709,28.31857,-72.));
#4408=VERTEX_POINT('',#4407);
#4409=DIRECTION('',(0.,0.,1.));
#4410=VECTOR('',#4409,308.);
#4411=LINE('',#4400,#4410);
#4412=EDGE_CURVE('',#4401,#4408,#4411,.T.);
#4413=ORIENTED_EDGE('',*,*,#4412,.T.);
#4414=DIRECTION('',(-0.25882,-0.96593,0.));
#4415=VECTOR('',#4414,1.55291);
#4416=LINE('',#4379,#4415);
#4417=EDGE_CURVE('',#4380,#4408,#4416,.T.);
#4418=ORIENTED_EDGE('',*,*,#4417,.F.);
#4419=ORIENTED_EDGE('',*,*,#4384,.F.);
#4420=EDGE_LOOP('',(#4406,#4413,#4418,#4419));
#4421=FACE_OUTER_BOUND('',#4420,.T.);
#4422=CARTESIAN_POINT('',(305.76901,29.81857,-380.));
#4423=DIRECTION('',(-0.96593,0.25882,0.));
#4424=DIRECTION('',(-0.25882,-0.96593,0.));
#4425=AXIS2_PLACEMENT_3D('',#4422,#4423,#4424);
#4426=PLANE('',#4425);
#4427=ADVANCED_FACE('',(#4421),#4426,.T.);
#4428=CARTESIAN_POINT('',(305.76901,26.81857,-380.));
#4429=VERTEX_POINT('',#4428);
#4430=DIRECTION('',(0.25882,-0.96593,0.));
#4431=VECTOR('',#4430,1.55291);
#4432=LINE('',#4400,#4431);
#4433=EDGE_CURVE('',#4401,#4429,#4432,.T.);
#4434=ORIENTED_EDGE('',*,*,#4433,.T.);
#4435=CARTESIAN_POINT('',(305.76901,26.81857,-72.));
#4436=VERTEX_POINT('',#4435);
#4437=DIRECTION('',(0.,0.,1.));
#4438=VECTOR('',#4437,308.);
#4439=LINE('',#4428,#4438);
#4440=EDGE_CURVE('',#4429,#4436,#4439,.T.);
#4441=ORIENTED_EDGE('',*,*,#4440,.T.);
#4442=DIRECTION('',(0.25882,-0.96593,0.));
#4443=VECTOR('',#4442,1.55291);
#4444=LINE('',#4407,#4443);
#4445=EDGE_CURVE('',#4408,#4436,#4444,.T.);
#4446=ORIENTED_EDGE('',*,*,#4445,.F.);
#4447=ORIENTED_EDGE('',*,*,#4412,.F.);
#4448=EDGE_LOOP('',(#4434,#4441,#4446,#4447));
#4449=FACE_OUTER_BOUND('',#4448,.T.);
#4450=CARTESIAN_POINT('',(305.36709,28.31857,-380.));
#4451=DIRECTION('',(-0.96593,-0.25882,0.));
#4452=DIRECTION('',(0.25882,-0.96593,0.));
#4453=AXIS2_PLACEMENT_3D('',#4450,#4451,#4452);
#4454=PLANE('',#4453);
#4455=ADVANCED_FACE('',(#4449),#4454,.T.);
#4456=CARTESIAN_POINT('',(306.86709,25.7205,-380.));
#4457=VERTEX_POINT('',#4456);
#4458=DIRECTION('',(0.70711,-0.70711,0.));
#4459=VECTOR('',#4458,1.55291);
#4460=LINE('',#4428,#4459);
#4461=EDGE_CURVE('',#4429,#4457,#4460,.T.);
#4462=ORIENTED_EDGE('',*,*,#4461,.T.);
#4463=CARTESIAN_POINT('',(306.86709,25.7205,-72.));
#4464=VERTEX_POINT('',#4463);
#4465=DIRECTION('',(0.,0.,1.));
#4466=VECTOR('',#4465,308.);
#4467=LINE('',#4456,#4466);
#4468=EDGE_CURVE('',#4457,#4464,#4467,.T.);
#4469=ORIENTED_EDGE('',*,*,#4468,.T.);
#4470=DIRECTION('',(0.70711,-0.70711,0.));
#4471=VECTOR('',#4470,1.55291);
#4472=LINE('',#4435,#4471);
#4473=EDGE_CURVE('',#4436,#4464,#4472,.T.);
#4474=ORIENTED_EDGE('',*,*,#4473,.F.);
#4475=ORIENTED_EDGE('',*,*,#4440,.F.);
#4476=EDGE_LOOP('',(#4462,#4469,#4474,#4475));
#4477=FACE_OUTER_BOUND('',#4476,.T.);
#4478=CARTESIAN_POINT('',(305.76901,26.81857,-380.));
#4479=DIRECTION('',(-0.70711,-0.70711,0.));
#4480=DIRECTION('',(0.70711,-0.70711,0.));
#4481=AXIS2_PLACEMENT_3D('',#4478,#4479,#4480);
#4482=PLANE('',#4481);
#4483=ADVANCED_FACE('',(#4477),#4482,.T.);
#4484=CARTESIAN_POINT('',(308.36709,25.31857,-380.));
#4485=VERTEX_POINT('',#4484);
#4486=DIRECTION('',(0.96593,-0.25882,0.));
#4487=VECTOR('',#4486,1.55291);
#4488=LINE('',#4456,#4487);
#4489=EDGE_CURVE('',#4457,#4485,#4488,.T.);
#4490=ORIENTED_EDGE('',*,*,#4489,.T.);
#4491=CARTESIAN_POINT('',(308.36709,25.31857,-72.));
#4492=VERTEX_POINT('',#4491);
#4493=DIRECTION('',(0.,0.,1.));
#4494=VECTOR('',#4493,308.);
#4495=LINE('',#4484,#4494);
#4496=EDGE_CURVE('',#4485,#4492,#4495,.T.);
#4497=ORIENTED_EDGE('',*,*,#4496,.T.);
#4498=DIRECTION('',(0.96593,-0.25882,0.));
#4499=VECTOR('',#4498,1.55291);
#4500=LINE('',#4463,#4499);
#4501=EDGE_CURVE('',#4464,#4492,#4500,.T.);
#4502=ORIENTED_EDGE('',*,*,#4501,.F.);
#4503=ORIENTED_EDGE('',*,*,#4468,.F.);
#4504=EDGE_LOOP('',(#4490,#4497,#4502,#4503));
#4505=FACE_OUTER_BOUND('',#4504,.T.);
#4506=CARTESIAN_POINT('',(306.86709,25.7205,-380.));
#4507=DIRECTION('',(-0.25882,-0.96593,0.));
#4508=DIRECTION('',(0.96593,-0.25882,0.));
#4509=AXIS2_PLACEMENT_3D('',#4506,#4507,#4508);
#4510=PLANE('',#4509);
#4511=ADVANCED_FACE('',(#4505),#4510,.T.);
#4512=CARTESIAN_POINT('',(309.86709,25.7205,-380.));
#4513=VERTEX_POINT('',#4512);
#4514=DIRECTION('',(0.96593,0.25882,0.));
#4515=VECTOR('',#4514,1.55291);
#4516=LINE('',#4484,#4515);
#4517=EDGE_CURVE('',#4485,#4513,#4516,.T.);
#4518=ORIENTED_EDGE('',*,*,#4517,.T.);
#4519=CARTESIAN_POINT('',(309.86709,25.7205,-72.));
#4520=VERTEX_POINT('',#4519);
#4521=DIRECTION('',(0.,0.,1.));
#4522=VECTOR('',#4521,308.);
#4523=LINE('',#4512,#4522);
#4524=EDGE_CURVE('',#4513,#4520,#4523,.T.);
#4525=ORIENTED_EDGE('',*,*,#4524,.T.);
#4526=DIRECTION('',(0.96593,0.25882,0.));
#4527=VECTOR('',#4526,1.55291);
#4528=LINE('',#4491,#4527);
#4529=EDGE_CURVE('',#4492,#4520,#4528,.T.);
#4530=ORIENTED_EDGE('',*,*,#4529,.F.);
#4531=ORIENTED_EDGE('',*,*,#4496,.F.);
#4532=EDGE_LOOP('',(#4518,#4525,#4530,#4531));
#4533=FACE_OUTER_BOUND('',#4532,.T.);
#4534=CARTESIAN_POINT('',(308.36709,25.31857,-380.));
#4535=DIRECTION('',(0.25882,-0.96593,0.));
#4536=DIRECTION('',(0.96593,0.25882,0.));
#4537=AXIS2_PLACEMENT_3D('',#4534,#4535,#4536);
#4538=PLANE('',#4537);
#4539=ADVANCED_FACE('',(#4533),#4538,.T.);
#4540=CARTESIAN_POINT('',(310.96516,26.81857,-380.));
#4541=VERTEX_POINT('',#4540);
#4542=DIRECTION('',(0.70711,0.70711,0.));
#4543=VECTOR('',#4542,1.55291);
#4544=LINE('',#4512,#4543);
#4545=EDGE_CURVE('',#4513,#4541,#4544,.T.);
#4546=ORIENTED_EDGE('',*,*,#4545,.T.);
#4547=CARTESIAN_POINT('',(310.96516,26.81857,-72.));
#4548=VERTEX_POINT('',#4547);
#4549=DIRECTION('',(0.,0.,1.));
#4550=VECTOR('',#4549,308.);
#4551=LINE('',#4540,#4550);
#4552=EDGE_CURVE('',#4541,#4548,#4551,.T.);
#4553=ORIENTED_EDGE('',*,*,#4552,.T.);
#4554=DIRECTION('',(0.70711,0.70711,0.));
#4555=VECTOR('',#4554,1.55291);
#4556=LINE('',#4519,#4555);
#4557=EDGE_CURVE('',#4520,#4548,#4556,.T.);
#4558=ORIENTED_EDGE('',*,*,#4557,.F.);
#4559=ORIENTED_EDGE('',*,*,#4524,.F.);
#4560=EDGE_LOOP('',(#4546,#4553,#4558,#4559));
#4561=FACE_OUTER_BOUND('',#4560,.T.);
#4562=CARTESIAN_POINT('',(309.86709,25.7205,-380.));
#4563=DIRECTION('',(0.70711,-0.70711,0.));
#4564=DIRECTION('',(0.70711,0.70711,0.));
#4565=AXIS2_PLACEMENT_3D('',#4562,#4563,#4564);
#4566=PLANE('',#4565);
#4567=ADVANCED_FACE('',(#4561),#4566,.T.);
#4568=DIRECTION('',(-0.25882,-0.96593,0.));
#4569=VECTOR('',#4568,1.55291);
#4570=LINE('',#4252,#4569);
#4571=EDGE_CURVE('',#4253,#4541,#4570,.T.);
#4572=ORIENTED_EDGE('',*,*,#4571,.F.);
#4573=ORIENTED_EDGE('',*,*,#4278,.T.);
#4574=DIRECTION('',(-0.25882,-0.96593,0.));
#4575=VECTOR('',#4574,1.55291);
#4576=LINE('',#4268,#4575);
#4577=EDGE_CURVE('',#4269,#4548,#4576,.T.);
#4578=ORIENTED_EDGE('',*,*,#4577,.T.);
#4579=ORIENTED_EDGE('',*,*,#4552,.F.);
#4580=EDGE_LOOP('',(#4572,#4573,#4578,#4579));
#4581=FACE_OUTER_BOUND('',#4580,.T.);
#4582=CARTESIAN_POINT('',(310.96516,26.81857,-380.));
#4583=DIRECTION('',(0.96593,-0.25882,0.));
#4584=DIRECTION('',(0.25882,0.96593,0.));
#4585=AXIS2_PLACEMENT_3D('',#4582,#4583,#4584);
#4586=PLANE('',#4585);
#4587=ADVANCED_FACE('',(#4581),#4586,.T.);
#4588=ORIENTED_EDGE('',*,*,#4545,.F.);
#4589=ORIENTED_EDGE('',*,*,#4517,.F.);
#4590=ORIENTED_EDGE('',*,*,#4489,.F.);
#4591=ORIENTED_EDGE('',*,*,#4461,.F.);
#4592=ORIENTED_EDGE('',*,*,#4433,.F.);
#4593=ORIENTED_EDGE('',*,*,#4405,.F.);
#4594=ORIENTED_EDGE('',*,*,#4377,.F.);
#4595=ORIENTED_EDGE('',*,*,#4349,.F.);
#4596=ORIENTED_EDGE('',*,*,#4321,.F.);
#4597=ORIENTED_EDGE('',*,*,#4293,.F.);
#4598=ORIENTED_EDGE('',*,*,#4259,.F.);
#4599=ORIENTED_EDGE('',*,*,#4571,.T.);
#4600=EDGE_LOOP('',(#4588,#4589,#4590,#4591,#4592,#4593,#4594,#4595,#4596,#4597,#4598,#4599));
#4601=FACE_OUTER_BOUND('',#4600,.T.);
#4602=CARTESIAN_POINT('',(310.96516,26.81857,-380.));
#4603=DIRECTION('',(0.,0.,-1.));
#4604=DIRECTION('',(-0.70711,-0.70711,0.));
#4605=AXIS2_PLACEMENT_3D('',#4602,#4603,#4604);
#4606=PLANE('',#4605);
#4607=ADVANCED_FACE('',(#4601),#4606,.T.);
#4608=ORIENTED_EDGE('',*,*,#4273,.T.);
#4609=ORIENTED_EDGE('',*,*,#4305,.T.);
#4610=ORIENTED_EDGE('',*,*,#4333,.T.);
#4611=ORIENTED_EDGE('',*,*,#4361,.T.);
#4612=ORIENTED_EDGE('',*,*,#4389,.T.);
#4613=ORIENTED_EDGE('',*,*,#4417,.T.);
#4614=ORIENTED_EDGE('',*,*,#4445,.T.);
#4615=ORIENTED_EDGE('',*,*,#4473,.T.);
#4616=ORIENTED_EDGE('',*,*,#4501,.T.);
#4617=ORIENTED_EDGE('',*,*,#4529,.T.);
#4618=ORIENTED_EDGE('',*,*,#4557,.T.);
#4619=ORIENTED_EDGE('',*,*,#4577,.F.);
#4620=EDGE_LOOP('',(#4608,#4609,#4610,#4611,#4612,#4613,#4614,#4615,#4616,#4617,#4618,#4619));
#4621=FACE_OUTER_BOUND('',#4620,.T.);
#4622=CARTESIAN_POINT('',(311.36709,28.31857,-72.));
#4623=DIRECTION('',(0.,0.,1.));
#4624=DIRECTION('',(-0.25882,0.96593,0.));
#4625=AXIS2_PLACEMENT_3D('',#4622,#4623,#4624);
#4626=PLANE('',#4625);
#4627=ADVANCED_FACE('',(#4621),#4626,.T.);
#4628=CLOSED_SHELL('',(#4287,#4315,#4343,#4371,#4399,#4427,#4455,#4483,#4511,#4539,#4567,#4587,#4607,#4627));
#4629=MANIFOLD_SOLID_BREP('',#4628);
#4630=STYLED_ITEM('color',(#4250),#4629);
#4631=CARTESIAN_POINT('',(271.31857,68.36709,-380.));
#4632=VERTEX_POINT('',#4631);
#4633=CARTESIAN_POINT('',(270.91665,69.86709,-380.));
#4634=VERTEX_POINT('',#4633);
#4635=DIRECTION('',(-0.25882,0.96593,0.));
#4636=VECTOR('',#4635,1.55291);
#4637=LINE('',#4631,#4636);
#4638=EDGE_CURVE('',#4632,#4634,#4637,.T.);
#4639=ORIENTED_EDGE('',*,*,#4638,.T.);
#4640=CARTESIAN_POINT('',(270.91665,69.86709,-72.));
#4641=VERTEX_POINT('',#4640);
#4642=DIRECTION('',(0.,0.,1.));
#4643=VECTOR('',#4642,308.);
#4644=LINE('',#4633,#4643);
#4645=EDGE_CURVE('',#4634,#4641,#4644,.T.);
#4646=ORIENTED_EDGE('',*,*,#4645,.T.);
#4647=CARTESIAN_POINT('',(271.31857,68.36709,-72.));
#4648=VERTEX_POINT('',#4647);
#4649=DIRECTION('',(-0.25882,0.96593,0.));
#4650=VECTOR('',#4649,1.55291);
#4651=LINE('',#4647,#4650);
#4652=EDGE_CURVE('',#4648,#4641,#4651,.T.);
#4653=ORIENTED_EDGE('',*,*,#4652,.F.);
#4654=DIRECTION('',(0.,0.,1.));
#4655=VECTOR('',#4654,308.);
#4656=LINE('',#4631,#4655);
#4657=EDGE_CURVE('',#4632,#4648,#4656,.T.);
#4658=ORIENTED_EDGE('',*,*,#4657,.F.);
#4659=EDGE_LOOP('',(#4639,#4646,#4653,#4658));
#4660=FACE_OUTER_BOUND('',#4659,.T.);
#4661=CARTESIAN_POINT('',(271.31857,68.36709,-380.));
#4662=DIRECTION('',(0.96593,0.25882,0.));
#4663=DIRECTION('',(-0.25882,0.96593,0.));
#4664=AXIS2_PLACEMENT_3D('',#4661,#4662,#4663);
#4665=PLANE('',#4664);
#4666=ADVANCED_FACE('',(#4660),#4665,.T.);
#4667=CARTESIAN_POINT('',(269.81857,70.96516,-380.));
#4668=VERTEX_POINT('',#4667);
#4669=DIRECTION('',(-0.70711,0.70711,0.));
#4670=VECTOR('',#4669,1.55291);
#4671=LINE('',#4633,#4670);
#4672=EDGE_CURVE('',#4634,#4668,#4671,.T.);
#4673=ORIENTED_EDGE('',*,*,#4672,.T.);
#4674=CARTESIAN_POINT('',(269.81857,70.96516,-72.));
#4675=VERTEX_POINT('',#4674);
#4676=DIRECTION('',(0.,0.,1.));
#4677=VECTOR('',#4676,308.);
#4678=LINE('',#4667,#4677);
#4679=EDGE_CURVE('',#4668,#4675,#4678,.T.);
#4680=ORIENTED_EDGE('',*,*,#4679,.T.);
#4681=DIRECTION('',(-0.70711,0.70711,0.));
#4682=VECTOR('',#4681,1.55291);
#4683=LINE('',#4640,#4682);
#4684=EDGE_CURVE('',#4641,#4675,#4683,.T.);
#4685=ORIENTED_EDGE('',*,*,#4684,.F.);
#4686=ORIENTED_EDGE('',*,*,#4645,.F.);
#4687=EDGE_LOOP('',(#4673,#4680,#4685,#4686));
#4688=FACE_OUTER_BOUND('',#4687,.T.);
#4689=CARTESIAN_POINT('',(270.91665,69.86709,-380.));
#4690=DIRECTION('',(0.70711,0.70711,0.));
#4691=DIRECTION('',(-0.70711,0.70711,0.));
#4692=AXIS2_PLACEMENT_3D('',#4689,#4690,#4691);
#4693=PLANE('',#4692);
#4694=ADVANCED_FACE('',(#4688),#4693,.T.);
#4695=CARTESIAN_POINT('',(268.31857,71.36709,-380.));
#4696=VERTEX_POINT('',#4695);
#4697=DIRECTION('',(-0.96593,0.25882,0.));
#4698=VECTOR('',#4697,1.55291);
#4699=LINE('',#4667,#4698);
#4700=EDGE_CURVE('',#4668,#4696,#4699,.T.);
#4701=ORIENTED_EDGE('',*,*,#4700,.T.);
#4702=CARTESIAN_POINT('',(268.31857,71.36709,-72.));
#4703=VERTEX_POINT('',#4702);
#4704=DIRECTION('',(0.,0.,1.));
#4705=VECTOR('',#4704,308.);
#4706=LINE('',#4695,#4705);
#4707=EDGE_CURVE('',#4696,#4703,#4706,.T.);
#4708=ORIENTED_EDGE('',*,*,#4707,.T.);
#4709=DIRECTION('',(-0.96593,0.25882,0.));
#4710=VECTOR('',#4709,1.55291);
#4711=LINE('',#4674,#4710);
#4712=EDGE_CURVE('',#4675,#4703,#4711,.T.);
#4713=ORIENTED_EDGE('',*,*,#4712,.F.);
#4714=ORIENTED_EDGE('',*,*,#4679,.F.);
#4715=EDGE_LOOP('',(#4701,#4708,#4713,#4714));
#4716=FACE_OUTER_BOUND('',#4715,.T.);
#4717=CARTESIAN_POINT('',(269.81857,70.96516,-380.));
#4718=DIRECTION('',(0.25882,0.96593,0.));
#4719=DIRECTION('',(-0.96593,0.25882,0.));
#4720=AXIS2_PLACEMENT_3D('',#4717,#4718,#4719);
#4721=PLANE('',#4720);
#4722=ADVANCED_FACE('',(#4716),#4721,.T.);
#4723=CARTESIAN_POINT('',(266.81857,70.96516,-380.));
#4724=VERTEX_POINT('',#4723);
#4725=DIRECTION('',(-0.96593,-0.25882,0.));
#4726=VECTOR('',#4725,1.55291);
#4727=LINE('',#4695,#4726);
#4728=EDGE_CURVE('',#4696,#4724,#4727,.T.);
#4729=ORIENTED_EDGE('',*,*,#4728,.T.);
#4730=CARTESIAN_POINT('',(266.81857,70.96516,-72.));
#4731=VERTEX_POINT('',#4730);
#4732=DIRECTION('',(0.,0.,1.));
#4733=VECTOR('',#4732,308.);
#4734=LINE('',#4723,#4733);
#4735=EDGE_CURVE('',#4724,#4731,#4734,.T.);
#4736=ORIENTED_EDGE('',*,*,#4735,.T.);
#4737=DIRECTION('',(-0.96593,-0.25882,0.));
#4738=VECTOR('',#4737,1.55291);
#4739=LINE('',#4702,#4738);
#4740=EDGE_CURVE('',#4703,#4731,#4739,.T.);
#4741=ORIENTED_EDGE('',*,*,#4740,.F.);
#4742=ORIENTED_EDGE('',*,*,#4707,.F.);
#4743=EDGE_LOOP('',(#4729,#4736,#4741,#4742));
#4744=FACE_OUTER_BOUND('',#4743,.T.);
#4745=CARTESIAN_POINT('',(268.31857,71.36709,-380.));
#4746=DIRECTION('',(-0.25882,0.96593,0.));
#4747=DIRECTION('',(-0.96593,-0.25882,0.));
#4748=AXIS2_PLACEMENT_3D('',#4745,#4746,#4747);
#4749=PLANE('',#4748);
#4750=ADVANCED_FACE('',(#4744),#4749,.T.);
#4751=CARTESIAN_POINT('',(265.7205,69.86709,-380.));
#4752=VERTEX_POINT('',#4751);
#4753=DIRECTION('',(-0.70711,-0.70711,0.));
#4754=VECTOR('',#4753,1.55291);
#4755=LINE('',#4723,#4754);
#4756=EDGE_CURVE('',#4724,#4752,#4755,.T.);
#4757=ORIENTED_EDGE('',*,*,#4756,.T.);
#4758=CARTESIAN_POINT('',(265.7205,69.86709,-72.));
#4759=VERTEX_POINT('',#4758);
#4760=DIRECTION('',(0.,0.,1.));
#4761=VECTOR('',#4760,308.);
#4762=LINE('',#4751,#4761);
#4763=EDGE_CURVE('',#4752,#4759,#4762,.T.);
#4764=ORIENTED_EDGE('',*,*,#4763,.T.);
#4765=DIRECTION('',(-0.70711,-0.70711,0.));
#4766=VECTOR('',#4765,1.55291);
#4767=LINE('',#4730,#4766);
#4768=EDGE_CURVE('',#4731,#4759,#4767,.T.);
#4769=ORIENTED_EDGE('',*,*,#4768,.F.);
#4770=ORIENTED_EDGE('',*,*,#4735,.F.);
#4771=EDGE_LOOP('',(#4757,#4764,#4769,#4770));
#4772=FACE_OUTER_BOUND('',#4771,.T.);
#4773=CARTESIAN_POINT('',(266.81857,70.96516,-380.));
#4774=DIRECTION('',(-0.70711,0.70711,0.));
#4775=DIRECTION('',(-0.70711,-0.70711,0.));
#4776=AXIS2_PLACEMENT_3D('',#4773,#4774,#4775);
#4777=PLANE('',#4776);
#4778=ADVANCED_FACE('',(#4772),#4777,.T.);
#4779=CARTESIAN_POINT('',(265.31857,68.36709,-380.));
#4780=VERTEX_POINT('',#4779);
#4781=DIRECTION('',(-0.25882,-0.96593,0.));
#4782=VECTOR('',#4781,1.55291);
#4783=LINE('',#4751,#4782);
#4784=EDGE_CURVE('',#4752,#4780,#4783,.T.);
#4785=ORIENTED_EDGE('',*,*,#4784,.T.);
#4786=CARTESIAN_POINT('',(265.31857,68.36709,-72.));
#4787=VERTEX_POINT('',#4786);
#4788=DIRECTION('',(0.,0.,1.));
#4789=VECTOR('',#4788,308.);
#4790=LINE('',#4779,#4789);
#4791=EDGE_CURVE('',#4780,#4787,#4790,.T.);
#4792=ORIENTED_EDGE('',*,*,#4791,.T.);
#4793=DIRECTION('',(-0.25882,-0.96593,0.));
#4794=VECTOR('',#4793,1.55291);
#4795=LINE('',#4758,#4794);
#4796=EDGE_CURVE('',#4759,#4787,#4795,.T.);
#4797=ORIENTED_EDGE('',*,*,#4796,.F.);
#4798=ORIENTED_EDGE('',*,*,#4763,.F.);
#4799=EDGE_LOOP('',(#4785,#4792,#4797,#4798));
#4800=FACE_OUTER_BOUND('',#4799,.T.);
#4801=CARTESIAN_POINT('',(265.7205,69.86709,-380.));
#4802=DIRECTION('',(-0.96593,0.25882,0.));
#4803=DIRECTION('',(-0.25882,-0.96593,0.));
#4804=AXIS2_PLACEMENT_3D('',#4801,#4802,#4803);
#4805=PLANE('',#4804);
#4806=ADVANCED_FACE('',(#4800),#4805,.T.);
#4807=CARTESIAN_POINT('',(265.7205,66.86709,-380.));
#4808=VERTEX_POINT('',#4807);
#4809=DIRECTION('',(0.25882,-0.96593,0.));
#4810=VECTOR('',#4809,1.55291);
#4811=LINE('',#4779,#4810);
#4812=EDGE_CURVE('',#4780,#4808,#4811,.T.);
#4813=ORIENTED_EDGE('',*,*,#4812,.T.);
#4814=CARTESIAN_POINT('',(265.7205,66.86709,-72.));
#4815=VERTEX_POINT('',#4814);
#4816=DIRECTION('',(0.,0.,1.));
#4817=VECTOR('',#4816,308.);
#4818=LINE('',#4807,#4817);
#4819=EDGE_CURVE('',#4808,#4815,#4818,.T.);
#4820=ORIENTED_EDGE('',*,*,#4819,.T.);
#4821=DIRECTION('',(0.25882,-0.96593,0.));
#4822=VECTOR('',#4821,1.55291);
#4823=LINE('',#4786,#4822);
#4824=EDGE_CURVE('',#4787,#4815,#4823,.T.);
#4825=ORIENTED_EDGE('',*,*,#4824,.F.);
#4826=ORIENTED_EDGE('',*,*,#4791,.F.);
#4827=EDGE_LOOP('',(#4813,#4820,#4825,#4826));
#4828=FACE_OUTER_BOUND('',#4827,.T.);
#4829=CARTESIAN_POINT('',(265.31857,68.36709,-380.));
#4830=DIRECTION('',(-0.96593,-0.25882,0.));
#4831=DIRECTION('',(0.25882,-0.96593,0.));
#4832=AXIS2_PLACEMENT_3D('',#4829,#4830,#4831);
#4833=PLANE('',#4832);
#4834=ADVANCED_FACE('',(#4828),#4833,.T.);
#4835=CARTESIAN_POINT('',(266.81857,65.76901,-380.));
#4836=VERTEX_POINT('',#4835);
#4837=DIRECTION('',(0.70711,-0.70711,0.));
#4838=VECTOR('',#4837,1.55291);
#4839=LINE('',#4807,#4838);
#4840=EDGE_CURVE('',#4808,#4836,#4839,.T.);
#4841=ORIENTED_EDGE('',*,*,#4840,.T.);
#4842=CARTESIAN_POINT('',(266.81857,65.76901,-72.));
#4843=VERTEX_POINT('',#4842);
#4844=DIRECTION('',(0.,0.,1.));
#4845=VECTOR('',#4844,308.);
#4846=LINE('',#4835,#4845);
#4847=EDGE_CURVE('',#4836,#4843,#4846,.T.);
#4848=ORIENTED_EDGE('',*,*,#4847,.T.);
#4849=DIRECTION('',(0.70711,-0.70711,0.));
#4850=VECTOR('',#4849,1.55291);
#4851=LINE('',#4814,#4850);
#4852=EDGE_CURVE('',#4815,#4843,#4851,.T.);
#4853=ORIENTED_EDGE('',*,*,#4852,.F.);
#4854=ORIENTED_EDGE('',*,*,#4819,.F.);
#4855=EDGE_LOOP('',(#4841,#4848,#4853,#4854));
#4856=FACE_OUTER_BOUND('',#4855,.T.);
#4857=CARTESIAN_POINT('',(265.7205,66.86709,-380.));
#4858=DIRECTION('',(-0.70711,-0.70711,0.));
#4859=DIRECTION('',(0.70711,-0.70711,0.));
#4860=AXIS2_PLACEMENT_3D('',#4857,#4858,#4859);
#4861=PLANE('',#4860);
#4862=ADVANCED_FACE('',(#4856),#4861,.T.);
#4863=CARTESIAN_POINT('',(268.31857,65.36709,-380.));
#4864=VERTEX_POINT('',#4863);
#4865=DIRECTION('',(0.96593,-0.25882,0.));
#4866=VECTOR('',#4865,1.55291);
#4867=LINE('',#4835,#4866);
#4868=EDGE_CURVE('',#4836,#4864,#4867,.T.);
#4869=ORIENTED_EDGE('',*,*,#4868,.T.);
#4870=CARTESIAN_POINT('',(268.31857,65.36709,-72.));
#4871=VERTEX_POINT('',#4870);
#4872=DIRECTION('',(0.,0.,1.));
#4873=VECTOR('',#4872,308.);
#4874=LINE('',#4863,#4873);
#4875=EDGE_CURVE('',#4864,#4871,#4874,.T.);
#4876=ORIENTED_EDGE('',*,*,#4875,.T.);
#4877=DIRECTION('',(0.96593,-0.25882,0.));
#4878=VECTOR('',#4877,1.55291);
#4879=LINE('',#4842,#4878);
#4880=EDGE_CURVE('',#4843,#4871,#4879,.T.);
#4881=ORIENTED_EDGE('',*,*,#4880,.F.);
#4882=ORIENTED_EDGE('',*,*,#4847,.F.);
#4883=EDGE_LOOP('',(#4869,#4876,#4881,#4882));
#4884=FACE_OUTER_BOUND('',#4883,.T.);
#4885=CARTESIAN_POINT('',(266.81857,65.76901,-380.));
#4886=DIRECTION('',(-0.25882,-0.96593,0.));
#4887=DIRECTION('',(0.96593,-0.25882,0.));
#4888=AXIS2_PLACEMENT_3D('',#4885,#4886,#4887);
#4889=PLANE('',#4888);
#4890=ADVANCED_FACE('',(#4884),#4889,.T.);
#4891=CARTESIAN_POINT('',(269.81857,65.76901,-380.));
#4892=VERTEX_POINT('',#4891);
#4893=DIRECTION('',(0.96593,0.25882,0.));
#4894=VECTOR('',#4893,1.55291);
#4895=LINE('',#4863,#4894);
#4896=EDGE_CURVE('',#4864,#4892,#4895,.T.);
#4897=ORIENTED_EDGE('',*,*,#4896,.T.);
#4898=CARTESIAN_POINT('',(269.81857,65.76901,-72.));
#4899=VERTEX_POINT('',#4898);
#4900=DIRECTION('',(0.,0.,1.));
#4901=VECTOR('',#4900,308.);
#4902=LINE('',#4891,#4901);
#4903=EDGE_CURVE('',#4892,#4899,#4902,.T.);
#4904=ORIENTED_EDGE('',*,*,#4903,.T.);
#4905=DIRECTION('',(0.96593,0.25882,0.));
#4906=VECTOR('',#4905,1.55291);
#4907=LINE('',#4870,#4906);
#4908=EDGE_CURVE('',#4871,#4899,#4907,.T.);
#4909=ORIENTED_EDGE('',*,*,#4908,.F.);
#4910=ORIENTED_EDGE('',*,*,#4875,.F.);
#4911=EDGE_LOOP('',(#4897,#4904,#4909,#4910));
#4912=FACE_OUTER_BOUND('',#4911,.T.);
#4913=CARTESIAN_POINT('',(268.31857,65.36709,-380.));
#4914=DIRECTION('',(0.25882,-0.96593,0.));
#4915=DIRECTION('',(0.96593,0.25882,0.));
#4916=AXIS2_PLACEMENT_3D('',#4913,#4914,#4915);
#4917=PLANE('',#4916);
#4918=ADVANCED_FACE('',(#4912),#4917,.T.);
#4919=CARTESIAN_POINT('',(270.91665,66.86709,-380.));
#4920=VERTEX_POINT('',#4919);
#4921=DIRECTION('',(0.70711,0.70711,0.));
#4922=VECTOR('',#4921,1.55291);
#4923=LINE('',#4891,#4922);
#4924=EDGE_CURVE('',#4892,#4920,#4923,.T.);
#4925=ORIENTED_EDGE('',*,*,#4924,.T.);
#4926=CARTESIAN_POINT('',(270.91665,66.86709,-72.));
#4927=VERTEX_POINT('',#4926);
#4928=DIRECTION('',(0.,0.,1.));
#4929=VECTOR('',#4928,308.);
#4930=LINE('',#4919,#4929);
#4931=EDGE_CURVE('',#4920,#4927,#4930,.T.);
#4932=ORIENTED_EDGE('',*,*,#4931,.T.);
#4933=DIRECTION('',(0.70711,0.70711,0.));
#4934=VECTOR('',#4933,1.55291);
#4935=LINE('',#4898,#4934);
#4936=EDGE_CURVE('',#4899,#4927,#4935,.T.);
#4937=ORIENTED_EDGE('',*,*,#4936,.F.);
#4938=ORIENTED_EDGE('',*,*,#4903,.F.);
#4939=EDGE_LOOP('',(#4925,#4932,#4937,#4938));
#4940=FACE_OUTER_BOUND('',#4939,.T.);
#4941=CARTESIAN_POINT('',(269.81857,65.76901,-380.));
#4942=DIRECTION('',(0.70711,-0.70711,0.));
#4943=DIRECTION('',(0.70711,0.70711,0.));
#4944=AXIS2_PLACEMENT_3D('',#4941,#4942,#4943);
#4945=PLANE('',#4944);
#4946=ADVANCED_FACE('',(#4940),#4945,.T.);
#4947=DIRECTION('',(-0.25882,-0.96593,0.));
#4948=VECTOR('',#4947,1.55291);
#4949=LINE('',#4631,#4948);
#4950=EDGE_CURVE('',#4632,#4920,#4949,.T.);
#4951=ORIENTED_EDGE('',*,*,#4950,.F.);
#4952=ORIENTED_EDGE('',*,*,#4657,.T.);
#4953=DIRECTION('',(-0.25882,-0.96593,0.));
#4954=VECTOR('',#4953,1.55291);
#4955=LINE('',#4647,#4954);
#4956=EDGE_CURVE('',#4648,#4927,#4955,.T.);
#4957=ORIENTED_EDGE('',*,*,#4956,.T.);
#4958=ORIENTED_EDGE('',*,*,#4931,.F.);
#4959=EDGE_LOOP('',(#4951,#4952,#4957,#4958));
#4960=FACE_OUTER_BOUND('',#4959,.T.);
#4961=CARTESIAN_POINT('',(270.91665,66.86709,-380.));
#4962=DIRECTION('',(0.96593,-0.25882,0.));
#4963=DIRECTION('',(0.25882,0.96593,0.));
#4964=AXIS2_PLACEMENT_3D('',#4961,#4962,#4963);
#4965=PLANE('',#4964);
#4966=ADVANCED_FACE('',(#4960),#4965,.T.);
#4967=ORIENTED_EDGE('',*,*,#4924,.F.);
#4968=ORIENTED_EDGE('',*,*,#4896,.F.);
#4969=ORIENTED_EDGE('',*,*,#4868,.F.);
#4970=ORIENTED_EDGE('',*,*,#4840,.F.);
#4971=ORIENTED_EDGE('',*,*,#4812,.F.);
#4972=ORIENTED_EDGE('',*,*,#4784,.F.);
#4973=ORIENTED_EDGE('',*,*,#4756,.F.);
#4974=ORIENTED_EDGE('',*,*,#4728,.F.);
#4975=ORIENTED_EDGE('',*,*,#4700,.F.);
#4976=ORIENTED_EDGE('',*,*,#4672,.F.);
#4977=ORIENTED_EDGE('',*,*,#4638,.F.);
#4978=ORIENTED_EDGE('',*,*,#4950,.T.);
#4979=EDGE_LOOP('',(#4967,#4968,#4969,#4970,#4971,#4972,#4973,#4974,#4975,#4976,#4977,#4978));
#4980=FACE_OUTER_BOUND('',#4979,.T.);
#4981=CARTESIAN_POINT('',(270.91665,66.86709,-380.));
#4982=DIRECTION('',(0.,0.,-1.));
#4983=DIRECTION('',(-0.70711,-0.70711,0.));
#4984=AXIS2_PLACEMENT_3D('',#4981,#4982,#4983);
#4985=PLANE('',#4984);
#4986=ADVANCED_FACE('',(#4980),#4985,.T.);
#4987=ORIENTED_EDGE('',*,*,#4652,.T.);
#4988=ORIENTED_EDGE('',*,*,#4684,.T.);
#4989=ORIENTED_EDGE('',*,*,#4712,.T.);
#4990=ORIENTED_EDGE('',*,*,#4740,.T.);
#4991=ORIENTED_EDGE('',*,*,#4768,.T.);
#4992=ORIENTED_EDGE('',*,*,#4796,.T.);
#4993=ORIENTED_EDGE('',*,*,#4824,.T.);
#4994=ORIENTED_EDGE('',*,*,#4852,.T.);
#4995=ORIENTED_EDGE('',*,*,#4880,.T.);
#4996=ORIENTED_EDGE('',*,*,#4908,.T.);
#4997=ORIENTED_EDGE('',*,*,#4936,.T.);
#4998=ORIENTED_EDGE('',*,*,#4956,.F.);
#4999=EDGE_LOOP('',(#4987,#4988,#4989,#4990,#4991,#4992,#4993,#4994,#4995,#4996,#4997,#4998));
#5000=FACE_OUTER_BOUND('',#4999,.T.);
#5001=CARTESIAN_POINT('',(271.31857,68.36709,-72.));
#5002=DIRECTION('',(0.,0.,1.));
#5003=DIRECTION('',(-0.25882,0.96593,0.));
#5004=AXIS2_PLACEMENT_3D('',#5001,#5002,#5003);
#5005=PLANE('',#5004);
#5006=ADVANCED_FACE('',(#5000),#5005,.T.);
#5007=CLOSED_SHELL('',(#4666,#4694,#4722,#4750,#4778,#4806,#4834,#4862,#4890,#4918,#4946,#4966,#4986,#5006));
#5008=MANIFOLD_SOLID_BREP('',#5007);
#5009=STYLED_ITEM('color',(#4250),#5008);
#5010=CARTESIAN_POINT('',(214.68143,68.36709,-380.));
#5011=VERTEX_POINT('',#5010);
#5012=CARTESIAN_POINT('',(214.2795,69.86709,-380.));
#5013=VERTEX_POINT('',#5012);
#5014=DIRECTION('',(-0.25882,0.96593,0.));
#5015=VECTOR('',#5014,1.55291);
#5016=LINE('',#5010,#5015);
#5017=EDGE_CURVE('',#5011,#5013,#5016,.T.);
#5018=ORIENTED_EDGE('',*,*,#5017,.T.);
#5019=CARTESIAN_POINT('',(214.2795,69.86709,-72.));
#5020=VERTEX_POINT('',#5019);
#5021=DIRECTION('',(0.,0.,1.));
#5022=VECTOR('',#5021,308.);
#5023=LINE('',#5012,#5022);
#5024=EDGE_CURVE('',#5013,#5020,#5023,.T.);
#5025=ORIENTED_EDGE('',*,*,#5024,.T.);
#5026=CARTESIAN_POINT('',(214.68143,68.36709,-72.));
#5027=VERTEX_POINT('',#5026);
#5028=DIRECTION('',(-0.25882,0.96593,0.));
#5029=VECTOR('',#5028,1.55291);
#5030=LINE('',#5026,#5029);
#5031=EDGE_CURVE('',#5027,#5020,#5030,.T.);
#5032=ORIENTED_EDGE('',*,*,#5031,.F.);
#5033=DIRECTION('',(0.,0.,1.));
#5034=VECTOR('',#5033,308.);
#5035=LINE('',#5010,#5034);
#5036=EDGE_CURVE('',#5011,#5027,#5035,.T.);
#5037=ORIENTED_EDGE('',*,*,#5036,.F.);
#5038=EDGE_LOOP('',(#5018,#5025,#5032,#5037));
#5039=FACE_OUTER_BOUND('',#5038,.T.);
#5040=CARTESIAN_POINT('',(214.68143,68.36709,-380.));
#5041=DIRECTION('',(0.96593,0.25882,0.));
#5042=DIRECTION('',(-0.25882,0.96593,0.));
#5043=AXIS2_PLACEMENT_3D('',#5040,#5041,#5042);
#5044=PLANE('',#5043);
#5045=ADVANCED_FACE('',(#5039),#5044,.T.);
#5046=CARTESIAN_POINT('',(213.18143,70.96516,-380.));
#5047=VERTEX_POINT('',#5046);
#5048=DIRECTION('',(-0.70711,0.70711,0.));
#5049=VECTOR('',#5048,1.55291);
#5050=LINE('',#5012,#5049);
#5051=EDGE_CURVE('',#5013,#5047,#5050,.T.);
#5052=ORIENTED_EDGE('',*,*,#5051,.T.);
#5053=CARTESIAN_POINT('',(213.18143,70.96516,-72.));
#5054=VERTEX_POINT('',#5053);
#5055=DIRECTION('',(0.,0.,1.));
#5056=VECTOR('',#5055,308.);
#5057=LINE('',#5046,#5056);
#5058=EDGE_CURVE('',#5047,#5054,#5057,.T.);
#5059=ORIENTED_EDGE('',*,*,#5058,.T.);
#5060=DIRECTION('',(-0.70711,0.70711,0.));
#5061=VECTOR('',#5060,1.55291);
#5062=LINE('',#5019,#5061);
#5063=EDGE_CURVE('',#5020,#5054,#5062,.T.);
#5064=ORIENTED_EDGE('',*,*,#5063,.F.);
#5065=ORIENTED_EDGE('',*,*,#5024,.F.);
#5066=EDGE_LOOP('',(#5052,#5059,#5064,#5065));
#5067=FACE_OUTER_BOUND('',#5066,.T.);
#5068=CARTESIAN_POINT('',(214.2795,69.86709,-380.));
#5069=DIRECTION('',(0.70711,0.70711,0.));
#5070=DIRECTION('',(-0.70711,0.70711,0.));
#5071=AXIS2_PLACEMENT_3D('',#5068,#5069,#5070);
#5072=PLANE('',#5071);
#5073=ADVANCED_FACE('',(#5067),#5072,.T.);
#5074=CARTESIAN_POINT('',(211.68143,71.36709,-380.));
#5075=VERTEX_POINT('',#5074);
#5076=DIRECTION('',(-0.96593,0.25882,0.));
#5077=VECTOR('',#5076,1.55291);
#5078=LINE('',#5046,#5077);
#5079=EDGE_CURVE('',#5047,#5075,#5078,.T.);
#5080=ORIENTED_EDGE('',*,*,#5079,.T.);
#5081=CARTESIAN_POINT('',(211.68143,71.36709,-72.));
#5082=VERTEX_POINT('',#5081);
#5083=DIRECTION('',(0.,0.,1.));
#5084=VECTOR('',#5083,308.);
#5085=LINE('',#5074,#5084);
#5086=EDGE_CURVE('',#5075,#5082,#5085,.T.);
#5087=ORIENTED_EDGE('',*,*,#5086,.T.);
#5088=DIRECTION('',(-0.96593,0.25882,0.));
#5089=VECTOR('',#5088,1.55291);
#5090=LINE('',#5053,#5089);
#5091=EDGE_CURVE('',#5054,#5082,#5090,.T.);
#5092=ORIENTED_EDGE('',*,*,#5091,.F.);
#5093=ORIENTED_EDGE('',*,*,#5058,.F.);
#5094=EDGE_LOOP('',(#5080,#5087,#5092,#5093));
#5095=FACE_OUTER_BOUND('',#5094,.T.);
#5096=CARTESIAN_POINT('',(213.18143,70.96516,-380.));
#5097=DIRECTION('',(0.25882,0.96593,0.));
#5098=DIRECTION('',(-0.96593,0.25882,0.));
#5099=AXIS2_PLACEMENT_3D('',#5096,#5097,#5098);
#5100=PLANE('',#5099);
#5101=ADVANCED_FACE('',(#5095),#5100,.T.);
#5102=CARTESIAN_POINT('',(210.18143,70.96516,-380.));
#5103=VERTEX_POINT('',#5102);
#5104=DIRECTION('',(-0.96593,-0.25882,0.));
#5105=VECTOR('',#5104,1.55291);
#5106=LINE('',#5074,#5105);
#5107=EDGE_CURVE('',#5075,#5103,#5106,.T.);
#5108=ORIENTED_EDGE('',*,*,#5107,.T.);
#5109=CARTESIAN_POINT('',(210.18143,70.96516,-72.));
#5110=VERTEX_POINT('',#5109);
#5111=DIRECTION('',(0.,0.,1.));
#5112=VECTOR('',#5111,308.);
#5113=LINE('',#5102,#5112);
#5114=EDGE_CURVE('',#5103,#5110,#5113,.T.);
#5115=ORIENTED_EDGE('',*,*,#5114,.T.);
#5116=DIRECTION('',(-0.96593,-0.25882,0.));
#5117=VECTOR('',#5116,1.55291);
#5118=LINE('',#5081,#5117);
#5119=EDGE_CURVE('',#5082,#5110,#5118,.T.);
#5120=ORIENTED_EDGE('',*,*,#5119,.F.);
#5121=ORIENTED_EDGE('',*,*,#5086,.F.);
#5122=EDGE_LOOP('',(#5108,#5115,#5120,#5121));
#5123=FACE_OUTER_BOUND('',#5122,.T.);
#5124=CARTESIAN_POINT('',(211.68143,71.36709,-380.));
#5125=DIRECTION('',(-0.25882,0.96593,0.));
#5126=DIRECTION('',(-0.96593,-0.25882,0.));
#5127=AXIS2_PLACEMENT_3D('',#5124,#5125,#5126);
#5128=PLANE('',#5127);
#5129=ADVANCED_FACE('',(#5123),#5128,.T.);
#5130=CARTESIAN_POINT('',(209.08335,69.86709,-380.));
#5131=VERTEX_POINT('',#5130);
#5132=DIRECTION('',(-0.70711,-0.70711,0.));
#5133=VECTOR('',#5132,1.55291);
#5134=LINE('',#5102,#5133);
#5135=EDGE_CURVE('',#5103,#5131,#5134,.T.);
#5136=ORIENTED_EDGE('',*,*,#5135,.T.);
#5137=CARTESIAN_POINT('',(209.08335,69.86709,-72.));
#5138=VERTEX_POINT('',#5137);
#5139=DIRECTION('',(0.,0.,1.));
#5140=VECTOR('',#5139,308.);
#5141=LINE('',#5130,#5140);
#5142=EDGE_CURVE('',#5131,#5138,#5141,.T.);
#5143=ORIENTED_EDGE('',*,*,#5142,.T.);
#5144=DIRECTION('',(-0.70711,-0.70711,0.));
#5145=VECTOR('',#5144,1.55291);
#5146=LINE('',#5109,#5145);
#5147=EDGE_CURVE('',#5110,#5138,#5146,.T.);
#5148=ORIENTED_EDGE('',*,*,#5147,.F.);
#5149=ORIENTED_EDGE('',*,*,#5114,.F.);
#5150=EDGE_LOOP('',(#5136,#5143,#5148,#5149));
#5151=FACE_OUTER_BOUND('',#5150,.T.);
#5152=CARTESIAN_POINT('',(210.18143,70.96516,-380.));
#5153=DIRECTION('',(-0.70711,0.70711,0.));
#5154=DIRECTION('',(-0.70711,-0.70711,0.));
#5155=AXIS2_PLACEMENT_3D('',#5152,#5153,#5154);
#5156=PLANE('',#5155);
#5157=ADVANCED_FACE('',(#5151),#5156,.T.);
#5158=CARTESIAN_POINT('',(208.68143,68.36709,-380.));
#5159=VERTEX_POINT('',#5158);
#5160=DIRECTION('',(-0.25882,-0.96593,0.));
#5161=VECTOR('',#5160,1.55291);
#5162=LINE('',#5130,#5161);
#5163=EDGE_CURVE('',#5131,#5159,#5162,.T.);
#5164=ORIENTED_EDGE('',*,*,#5163,.T.);
#5165=CARTESIAN_POINT('',(208.68143,68.36709,-72.));
#5166=VERTEX_POINT('',#5165);
#5167=DIRECTION('',(0.,0.,1.));
#5168=VECTOR('',#5167,308.);
#5169=LINE('',#5158,#5168);
#5170=EDGE_CURVE('',#5159,#5166,#5169,.T.);
#5171=ORIENTED_EDGE('',*,*,#5170,.T.);
#5172=DIRECTION('',(-0.25882,-0.96593,0.));
#5173=VECTOR('',#5172,1.55291);
#5174=LINE('',#5137,#5173);
#5175=EDGE_CURVE('',#5138,#5166,#5174,.T.);
#5176=ORIENTED_EDGE('',*,*,#5175,.F.);
#5177=ORIENTED_EDGE('',*,*,#5142,.F.);
#5178=EDGE_LOOP('',(#5164,#5171,#5176,#5177));
#5179=FACE_OUTER_BOUND('',#5178,.T.);
#5180=CARTESIAN_POINT('',(209.08335,69.86709,-380.));
#5181=DIRECTION('',(-0.96593,0.25882,0.));
#5182=DIRECTION('',(-0.25882,-0.96593,0.));
#5183=AXIS2_PLACEMENT_3D('',#5180,#5181,#5182);
#5184=PLANE('',#5183);
#5185=ADVANCED_FACE('',(#5179),#5184,.T.);
#5186=CARTESIAN_POINT('',(209.08335,66.86709,-380.));
#5187=VERTEX_POINT('',#5186);
#5188=DIRECTION('',(0.25882,-0.96593,0.));
#5189=VECTOR('',#5188,1.55291);
#5190=LINE('',#5158,#5189);
#5191=EDGE_CURVE('',#5159,#5187,#5190,.T.);
#5192=ORIENTED_EDGE('',*,*,#5191,.T.);
#5193=CARTESIAN_POINT('',(209.08335,66.86709,-72.));
#5194=VERTEX_POINT('',#5193);
#5195=DIRECTION('',(0.,0.,1.));
#5196=VECTOR('',#5195,308.);
#5197=LINE('',#5186,#5196);
#5198=EDGE_CURVE('',#5187,#5194,#5197,.T.);
#5199=ORIENTED_EDGE('',*,*,#5198,.T.);
#5200=DIRECTION('',(0.25882,-0.96593,0.));
#5201=VECTOR('',#5200,1.55291);
#5202=LINE('',#5165,#5201);
#5203=EDGE_CURVE('',#5166,#5194,#5202,.T.);
#5204=ORIENTED_EDGE('',*,*,#5203,.F.);
#5205=ORIENTED_EDGE('',*,*,#5170,.F.);
#5206=EDGE_LOOP('',(#5192,#5199,#5204,#5205));
#5207=FACE_OUTER_BOUND('',#5206,.T.);
#5208=CARTESIAN_POINT('',(208.68143,68.36709,-380.));
#5209=DIRECTION('',(-0.96593,-0.25882,0.));
#5210=DIRECTION('',(0.25882,-0.96593,0.));
#5211=AXIS2_PLACEMENT_3D('',#5208,#5209,#5210);
#5212=PLANE('',#5211);
#5213=ADVANCED_FACE('',(#5207),#5212,.T.);
#5214=CARTESIAN_POINT('',(210.18143,65.76901,-380.));
#5215=VERTEX_POINT('',#5214);
#5216=DIRECTION('',(0.70711,-0.70711,0.));
#5217=VECTOR('',#5216,1.55291);
#5218=LINE('',#5186,#5217);
#5219=EDGE_CURVE('',#5187,#5215,#5218,.T.);
#5220=ORIENTED_EDGE('',*,*,#5219,.T.);
#5221=CARTESIAN_POINT('',(210.18143,65.76901,-72.));
#5222=VERTEX_POINT('',#5221);
#5223=DIRECTION('',(0.,0.,1.));
#5224=VECTOR('',#5223,308.);
#5225=LINE('',#5214,#5224);
#5226=EDGE_CURVE('',#5215,#5222,#5225,.T.);
#5227=ORIENTED_EDGE('',*,*,#5226,.T.);
#5228=DIRECTION('',(0.70711,-0.70711,0.));
#5229=VECTOR('',#5228,1.55291);
#5230=LINE('',#5193,#5229);
#5231=EDGE_CURVE('',#5194,#5222,#5230,.T.);
#5232=ORIENTED_EDGE('',*,*,#5231,.F.);
#5233=ORIENTED_EDGE('',*,*,#5198,.F.);
#5234=EDGE_LOOP('',(#5220,#5227,#5232,#5233));
#5235=FACE_OUTER_BOUND('',#5234,.T.);
#5236=CARTESIAN_POINT('',(209.08335,66.86709,-380.));
#5237=DIRECTION('',(-0.70711,-0.70711,0.));
#5238=DIRECTION('',(0.70711,-0.70711,0.));
#5239=AXIS2_PLACEMENT_3D('',#5236,#5237,#5238);
#5240=PLANE('',#5239);
#5241=ADVANCED_FACE('',(#5235),#5240,.T.);
#5242=CARTESIAN_POINT('',(211.68143,65.36709,-380.));
#5243=VERTEX_POINT('',#5242);
#5244=DIRECTION('',(0.96593,-0.25882,0.));
#5245=VECTOR('',#5244,1.55291);
#5246=LINE('',#5214,#5245);
#5247=EDGE_CURVE('',#5215,#5243,#5246,.T.);
#5248=ORIENTED_EDGE('',*,*,#5247,.T.);
#5249=CARTESIAN_POINT('',(211.68143,65.36709,-72.));
#5250=VERTEX_POINT('',#5249);
#5251=DIRECTION('',(0.,0.,1.));
#5252=VECTOR('',#5251,308.);
#5253=LINE('',#5242,#5252);
#5254=EDGE_CURVE('',#5243,#5250,#5253,.T.);
#5255=ORIENTED_EDGE('',*,*,#5254,.T.);
#5256=DIRECTION('',(0.96593,-0.25882,0.));
#5257=VECTOR('',#5256,1.55291);
#5258=LINE('',#5221,#5257);
#5259=EDGE_CURVE('',#5222,#5250,#5258,.T.);
#5260=ORIENTED_EDGE('',*,*,#5259,.F.);
#5261=ORIENTED_EDGE('',*,*,#5226,.F.);
#5262=EDGE_LOOP('',(#5248,#5255,#5260,#5261));
#5263=FACE_OUTER_BOUND('',#5262,.T.);
#5264=CARTESIAN_POINT('',(210.18143,65.76901,-380.));
#5265=DIRECTION('',(-0.25882,-0.96593,0.));
#5266=DIRECTION('',(0.96593,-0.25882,0.));
#5267=AXIS2_PLACEMENT_3D('',#5264,#5265,#5266);
#5268=PLANE('',#5267);
#5269=ADVANCED_FACE('',(#5263),#5268,.T.);
#5270=CARTESIAN_POINT('',(213.18143,65.76901,-380.));
#5271=VERTEX_POINT('',#5270);
#5272=DIRECTION('',(0.96593,0.25882,0.));
#5273=VECTOR('',#5272,1.55291);
#5274=LINE('',#5242,#5273);
#5275=EDGE_CURVE('',#5243,#5271,#5274,.T.);
#5276=ORIENTED_EDGE('',*,*,#5275,.T.);
#5277=CARTESIAN_POINT('',(213.18143,65.76901,-72.));
#5278=VERTEX_POINT('',#5277);
#5279=DIRECTION('',(0.,0.,1.));
#5280=VECTOR('',#5279,308.);
#5281=LINE('',#5270,#5280);
#5282=EDGE_CURVE('',#5271,#5278,#5281,.T.);
#5283=ORIENTED_EDGE('',*,*,#5282,.T.);
#5284=DIRECTION('',(0.96593,0.25882,0.));
#5285=VECTOR('',#5284,1.55291);
#5286=LINE('',#5249,#5285);
#5287=EDGE_CURVE('',#5250,#5278,#5286,.T.);
#5288=ORIENTED_EDGE('',*,*,#5287,.F.);
#5289=ORIENTED_EDGE('',*,*,#5254,.F.);
#5290=EDGE_LOOP('',(#5276,#5283,#5288,#5289));
#5291=FACE_OUTER_BOUND('',#5290,.T.);
#5292=CARTESIAN_POINT('',(211.68143,65.36709,-380.));
#5293=DIRECTION('',(0.25882,-0.96593,0.));
#5294=DIRECTION('',(0.96593,0.25882,0.));
#5295=AXIS2_PLACEMENT_3D('',#5292,#5293,#5294);
#5296=PLANE('',#5295);
#5297=ADVANCED_FACE('',(#5291),#5296,.T.);
#5298=CARTESIAN_POINT('',(214.2795,66.86709,-380.));
#5299=VERTEX_POINT('',#5298);
#5300=DIRECTION('',(0.70711,0.70711,0.));
#5301=VECTOR('',#5300,1.55291);
#5302=LINE('',#5270,#5301);
#5303=EDGE_CURVE('',#5271,#5299,#5302,.T.);
#5304=ORIENTED_EDGE('',*,*,#5303,.T.);
#5305=CARTESIAN_POINT('',(214.2795,66.86709,-72.));
#5306=VERTEX_POINT('',#5305);
#5307=DIRECTION('',(0.,0.,1.));
#5308=VECTOR('',#5307,308.);
#5309=LINE('',#5298,#5308);
#5310=EDGE_CURVE('',#5299,#5306,#5309,.T.);
#5311=ORIENTED_EDGE('',*,*,#5310,.T.);
#5312=DIRECTION('',(0.70711,0.70711,0.));
#5313=VECTOR('',#5312,1.55291);
#5314=LINE('',#5277,#5313);
#5315=EDGE_CURVE('',#5278,#5306,#5314,.T.);
#5316=ORIENTED_EDGE('',*,*,#5315,.F.);
#5317=ORIENTED_EDGE('',*,*,#5282,.F.);
#5318=EDGE_LOOP('',(#5304,#5311,#5316,#5317));
#5319=FACE_OUTER_BOUND('',#5318,.T.);
#5320=CARTESIAN_POINT('',(213.18143,65.76901,-380.));
#5321=DIRECTION('',(0.70711,-0.70711,0.));
#5322=DIRECTION('',(0.70711,0.70711,0.));
#5323=AXIS2_PLACEMENT_3D('',#5320,#5321,#5322);
#5324=PLANE('',#5323);
#5325=ADVANCED_FACE('',(#5319),#5324,.T.);
#5326=DIRECTION('',(-0.25882,-0.96593,0.));
#5327=VECTOR('',#5326,1.55291);
#5328=LINE('',#5010,#5327);
#5329=EDGE_CURVE('',#5011,#5299,#5328,.T.);
#5330=ORIENTED_EDGE('',*,*,#5329,.F.);
#5331=ORIENTED_EDGE('',*,*,#5036,.T.);
#5332=DIRECTION('',(-0.25882,-0.96593,0.));
#5333=VECTOR('',#5332,1.55291);
#5334=LINE('',#5026,#5333);
#5335=EDGE_CURVE('',#5027,#5306,#5334,.T.);
#5336=ORIENTED_EDGE('',*,*,#5335,.T.);
#5337=ORIENTED_EDGE('',*,*,#5310,.F.);
#5338=EDGE_LOOP('',(#5330,#5331,#5336,#5337));
#5339=FACE_OUTER_BOUND('',#5338,.T.);
#5340=CARTESIAN_POINT('',(214.2795,66.86709,-380.));
#5341=DIRECTION('',(0.96593,-0.25882,0.));
#5342=DIRECTION('',(0.25882,0.96593,0.));
#5343=AXIS2_PLACEMENT_3D('',#5340,#5341,#5342);
#5344=PLANE('',#5343);
#5345=ADVANCED_FACE('',(#5339),#5344,.T.);
#5346=ORIENTED_EDGE('',*,*,#5303,.F.);
#5347=ORIENTED_EDGE('',*,*,#5275,.F.);
#5348=ORIENTED_EDGE('',*,*,#5247,.F.);
#5349=ORIENTED_EDGE('',*,*,#5219,.F.);
#5350=ORIENTED_EDGE('',*,*,#5191,.F.);
#5351=ORIENTED_EDGE('',*,*,#5163,.F.);
#5352=ORIENTED_EDGE('',*,*,#5135,.F.);
#5353=ORIENTED_EDGE('',*,*,#5107,.F.);
#5354=ORIENTED_EDGE('',*,*,#5079,.F.);
#5355=ORIENTED_EDGE('',*,*,#5051,.F.);
#5356=ORIENTED_EDGE('',*,*,#5017,.F.);
#5357=ORIENTED_EDGE('',*,*,#5329,.T.);
#5358=EDGE_LOOP('',(#5346,#5347,#5348,#5349,#5350,#5351,#5352,#5353,#5354,#5355,#5356,#5357));
#5359=FACE_OUTER_BOUND('',#5358,.T.);
#5360=CARTESIAN_POINT('',(214.2795,66.86709,-380.));
#5361=DIRECTION('',(0.,0.,-1.));
#5362=DIRECTION('',(-0.70711,-0.70711,0.));
#5363=AXIS2_PLACEMENT_3D('',#5360,#5361,#5362);
#5364=PLANE('',#5363);
#5365=ADVANCED_FACE('',(#5359),#5364,.T.);
#5366=ORIENTED_EDGE('',*,*,#5031,.T.);
#5367=ORIENTED_EDGE('',*,*,#5063,.T.);
#5368=ORIENTED_EDGE('',*,*,#5091,.T.);
#5369=ORIENTED_EDGE('',*,*,#5119,.T.);
#5370=ORIENTED_EDGE('',*,*,#5147,.T.);
#5371=ORIENTED_EDGE('',*,*,#5175,.T.);
#5372=ORIENTED_EDGE('',*,*,#5203,.T.);
#5373=ORIENTED_EDGE('',*,*,#5231,.T.);
#5374=ORIENTED_EDGE('',*,*,#5259,.T.);
#5375=ORIENTED_EDGE('',*,*,#5287,.T.);
#5376=ORIENTED_EDGE('',*,*,#5315,.T.);
#5377=ORIENTED_EDGE('',*,*,#5335,.F.);
#5378=EDGE_LOOP('',(#5366,#5367,#5368,#5369,#5370,#5371,#5372,#5373,#5374,#5375,#5376,#5377));
#5379=FACE_OUTER_BOUND('',#5378,.T.);
#5380=CARTESIAN_POINT('',(214.68143,68.36709,-72.));
#5381=DIRECTION('',(0.,0.,1.));
#5382=DIRECTION('',(-0.25882,0.96593,0.));
#5383=AXIS2_PLACEMENT_3D('',#5380,#5381,#5382);
#5384=PLANE('',#5383);
#5385=ADVANCED_FACE('',(#5379),#5384,.T.);
#5386=CLOSED_SHELL('',(#5045,#5073,#5101,#5129,#5157,#5185,#5213,#5241,#5269,#5297,#5325,#5345,#5365,#5385));
#5387=MANIFOLD_SOLID_BREP('',#5386);
#5388=STYLED_ITEM('color',(#4250),#5387);
#5389=CARTESIAN_POINT('',(174.63291,28.31857,-380.));
#5390=VERTEX_POINT('',#5389);
#5391=CARTESIAN_POINT('',(174.23099,29.81857,-380.));
#5392=VERTEX_POINT('',#5391);
#5393=DIRECTION('',(-0.25882,0.96593,0.));
#5394=VECTOR('',#5393,1.55291);
#5395=LINE('',#5389,#5394);
#5396=EDGE_CURVE('',#5390,#5392,#5395,.T.);
#5397=ORIENTED_EDGE('',*,*,#5396,.T.);
#5398=CARTESIAN_POINT('',(174.23099,29.81857,-72.));
#5399=VERTEX_POINT('',#5398);
#5400=DIRECTION('',(0.,0.,1.));
#5401=VECTOR('',#5400,308.);
#5402=LINE('',#5391,#5401);
#5403=EDGE_CURVE('',#5392,#5399,#5402,.T.);
#5404=ORIENTED_EDGE('',*,*,#5403,.T.);
#5405=CARTESIAN_POINT('',(174.63291,28.31857,-72.));
#5406=VERTEX_POINT('',#5405);
#5407=DIRECTION('',(-0.25882,0.96593,0.));
#5408=VECTOR('',#5407,1.55291);
#5409=LINE('',#5405,#5408);
#5410=EDGE_CURVE('',#5406,#5399,#5409,.T.);
#5411=ORIENTED_EDGE('',*,*,#5410,.F.);
#5412=DIRECTION('',(0.,0.,1.));
#5413=VECTOR('',#5412,308.);
#5414=LINE('',#5389,#5413);
#5415=EDGE_CURVE('',#5390,#5406,#5414,.T.);
#5416=ORIENTED_EDGE('',*,*,#5415,.F.);
#5417=EDGE_LOOP('',(#5397,#5404,#5411,#5416));
#5418=FACE_OUTER_BOUND('',#5417,.T.);
#5419=CARTESIAN_POINT('',(174.63291,28.31857,-380.));
#5420=DIRECTION('',(0.96593,0.25882,0.));
#5421=DIRECTION('',(-0.25882,0.96593,0.));
#5422=AXIS2_PLACEMENT_3D('',#5419,#5420,#5421);
#5423=PLANE('',#5422);
#5424=ADVANCED_FACE('',(#5418),#5423,.T.);
#5425=CARTESIAN_POINT('',(173.13291,30.91665,-380.));
#5426=VERTEX_POINT('',#5425);
#5427=DIRECTION('',(-0.70711,0.70711,0.));
#5428=VECTOR('',#5427,1.55291);
#5429=LINE('',#5391,#5428);
#5430=EDGE_CURVE('',#5392,#5426,#5429,.T.);
#5431=ORIENTED_EDGE('',*,*,#5430,.T.);
#5432=CARTESIAN_POINT('',(173.13291,30.91665,-72.));
#5433=VERTEX_POINT('',#5432);
#5434=DIRECTION('',(0.,0.,1.));
#5435=VECTOR('',#5434,308.);
#5436=LINE('',#5425,#5435);
#5437=EDGE_CURVE('',#5426,#5433,#5436,.T.);
#5438=ORIENTED_EDGE('',*,*,#5437,.T.);
#5439=DIRECTION('',(-0.70711,0.70711,0.));
#5440=VECTOR('',#5439,1.55291);
#5441=LINE('',#5398,#5440);
#5442=EDGE_CURVE('',#5399,#5433,#5441,.T.);
#5443=ORIENTED_EDGE('',*,*,#5442,.F.);
#5444=ORIENTED_EDGE('',*,*,#5403,.F.);
#5445=EDGE_LOOP('',(#5431,#5438,#5443,#5444));
#5446=FACE_OUTER_BOUND('',#5445,.T.);
#5447=CARTESIAN_POINT('',(174.23099,29.81857,-380.));
#5448=DIRECTION('',(0.70711,0.70711,0.));
#5449=DIRECTION('',(-0.70711,0.70711,0.));
#5450=AXIS2_PLACEMENT_3D('',#5447,#5448,#5449);
#5451=PLANE('',#5450);
#5452=ADVANCED_FACE('',(#5446),#5451,.T.);
#5453=CARTESIAN_POINT('',(171.63291,31.31857,-380.));
#5454=VERTEX_POINT('',#5453);
#5455=DIRECTION('',(-0.96593,0.25882,0.));
#5456=VECTOR('',#5455,1.55291);
#5457=LINE('',#5425,#5456);
#5458=EDGE_CURVE('',#5426,#5454,#5457,.T.);
#5459=ORIENTED_EDGE('',*,*,#5458,.T.);
#5460=CARTESIAN_POINT('',(171.63291,31.31857,-72.));
#5461=VERTEX_POINT('',#5460);
#5462=DIRECTION('',(0.,0.,1.));
#5463=VECTOR('',#5462,308.);
#5464=LINE('',#5453,#5463);
#5465=EDGE_CURVE('',#5454,#5461,#5464,.T.);
#5466=ORIENTED_EDGE('',*,*,#5465,.T.);
#5467=DIRECTION('',(-0.96593,0.25882,0.));
#5468=VECTOR('',#5467,1.55291);
#5469=LINE('',#5432,#5468);
#5470=EDGE_CURVE('',#5433,#5461,#5469,.T.);
#5471=ORIENTED_EDGE('',*,*,#5470,.F.);
#5472=ORIENTED_EDGE('',*,*,#5437,.F.);
#5473=EDGE_LOOP('',(#5459,#5466,#5471,#5472));
#5474=FACE_OUTER_BOUND('',#5473,.T.);
#5475=CARTESIAN_POINT('',(173.13291,30.91665,-380.));
#5476=DIRECTION('',(0.25882,0.96593,0.));
#5477=DIRECTION('',(-0.96593,0.25882,0.));
#5478=AXIS2_PLACEMENT_3D('',#5475,#5476,#5477);
#5479=PLANE('',#5478);
#5480=ADVANCED_FACE('',(#5474),#5479,.T.);
#5481=CARTESIAN_POINT('',(170.13291,30.91665,-380.));
#5482=VERTEX_POINT('',#5481);
#5483=DIRECTION('',(-0.96593,-0.25882,0.));
#5484=VECTOR('',#5483,1.55291);
#5485=LINE('',#5453,#5484);
#5486=EDGE_CURVE('',#5454,#5482,#5485,.T.);
#5487=ORIENTED_EDGE('',*,*,#5486,.T.);
#5488=CARTESIAN_POINT('',(170.13291,30.91665,-72.));
#5489=VERTEX_POINT('',#5488);
#5490=DIRECTION('',(0.,0.,1.));
#5491=VECTOR('',#5490,308.);
#5492=LINE('',#5481,#5491);
#5493=EDGE_CURVE('',#5482,#5489,#5492,.T.);
#5494=ORIENTED_EDGE('',*,*,#5493,.T.);
#5495=DIRECTION('',(-0.96593,-0.25882,0.));
#5496=VECTOR('',#5495,1.55291);
#5497=LINE('',#5460,#5496);
#5498=EDGE_CURVE('',#5461,#5489,#5497,.T.);
#5499=ORIENTED_EDGE('',*,*,#5498,.F.);
#5500=ORIENTED_EDGE('',*,*,#5465,.F.);
#5501=EDGE_LOOP('',(#5487,#5494,#5499,#5500));
#5502=FACE_OUTER_BOUND('',#5501,.T.);
#5503=CARTESIAN_POINT('',(171.63291,31.31857,-380.));
#5504=DIRECTION('',(-0.25882,0.96593,0.));
#5505=DIRECTION('',(-0.96593,-0.25882,0.));
#5506=AXIS2_PLACEMENT_3D('',#5503,#5504,#5505);
#5507=PLANE('',#5506);
#5508=ADVANCED_FACE('',(#5502),#5507,.T.);
#5509=CARTESIAN_POINT('',(169.03484,29.81857,-380.));
#5510=VERTEX_POINT('',#5509);
#5511=DIRECTION('',(-0.70711,-0.70711,0.));
#5512=VECTOR('',#5511,1.55291);
#5513=LINE('',#5481,#5512);
#5514=EDGE_CURVE('',#5482,#5510,#5513,.T.);
#5515=ORIENTED_EDGE('',*,*,#5514,.T.);
#5516=CARTESIAN_POINT('',(169.03484,29.81857,-72.));
#5517=VERTEX_POINT('',#5516);
#5518=DIRECTION('',(0.,0.,1.));
#5519=VECTOR('',#5518,308.);
#5520=LINE('',#5509,#5519);
#5521=EDGE_CURVE('',#5510,#5517,#5520,.T.);
#5522=ORIENTED_EDGE('',*,*,#5521,.T.);
#5523=DIRECTION('',(-0.70711,-0.70711,0.));
#5524=VECTOR('',#5523,1.55291);
#5525=LINE('',#5488,#5524);
#5526=EDGE_CURVE('',#5489,#5517,#5525,.T.);
#5527=ORIENTED_EDGE('',*,*,#5526,.F.);
#5528=ORIENTED_EDGE('',*,*,#5493,.F.);
#5529=EDGE_LOOP('',(#5515,#5522,#5527,#5528));
#5530=FACE_OUTER_BOUND('',#5529,.T.);
#5531=CARTESIAN_POINT('',(170.13291,30.91665,-380.));
#5532=DIRECTION('',(-0.70711,0.70711,0.));
#5533=DIRECTION('',(-0.70711,-0.70711,0.));
#5534=AXIS2_PLACEMENT_3D('',#5531,#5532,#5533);
#5535=PLANE('',#5534);
#5536=ADVANCED_FACE('',(#5530),#5535,.T.);
#5537=CARTESIAN_POINT('',(168.63291,28.31857,-380.));
#5538=VERTEX_POINT('',#5537);
#5539=DIRECTION('',(-0.25882,-0.96593,0.));
#5540=VECTOR('',#5539,1.55291);
#5541=LINE('',#5509,#5540);
#5542=EDGE_CURVE('',#5510,#5538,#5541,.T.);
#5543=ORIENTED_EDGE('',*,*,#5542,.T.);
#5544=CARTESIAN_POINT('',(168.63291,28.31857,-72.));
#5545=VERTEX_POINT('',#5544);
#5546=DIRECTION('',(0.,0.,1.));
#5547=VECTOR('',#5546,308.);
#5548=LINE('',#5537,#5547);
#5549=EDGE_CURVE('',#5538,#5545,#5548,.T.);
#5550=ORIENTED_EDGE('',*,*,#5549,.T.);
#5551=DIRECTION('',(-0.25882,-0.96593,0.));
#5552=VECTOR('',#5551,1.55291);
#5553=LINE('',#5516,#5552);
#5554=EDGE_CURVE('',#5517,#5545,#5553,.T.);
#5555=ORIENTED_EDGE('',*,*,#5554,.F.);
#5556=ORIENTED_EDGE('',*,*,#5521,.F.);
#5557=EDGE_LOOP('',(#5543,#5550,#5555,#5556));
#5558=FACE_OUTER_BOUND('',#5557,.T.);
#5559=CARTESIAN_POINT('',(169.03484,29.81857,-380.));
#5560=DIRECTION('',(-0.96593,0.25882,0.));
#5561=DIRECTION('',(-0.25882,-0.96593,0.));
#5562=AXIS2_PLACEMENT_3D('',#5559,#5560,#5561);
#5563=PLANE('',#5562);
#5564=ADVANCED_FACE('',(#5558),#5563,.T.);
#5565=CARTESIAN_POINT('',(169.03484,26.81857,-380.));
#5566=VERTEX_POINT('',#5565);
#5567=DIRECTION('',(0.25882,-0.96593,0.));
#5568=VECTOR('',#5567,1.55291);
#5569=LINE('',#5537,#5568);
#5570=EDGE_CURVE('',#5538,#5566,#5569,.T.);
#5571=ORIENTED_EDGE('',*,*,#5570,.T.);
#5572=CARTESIAN_POINT('',(169.03484,26.81857,-72.));
#5573=VERTEX_POINT('',#5572);
#5574=DIRECTION('',(0.,0.,1.));
#5575=VECTOR('',#5574,308.);
#5576=LINE('',#5565,#5575);
#5577=EDGE_CURVE('',#5566,#5573,#5576,.T.);
#5578=ORIENTED_EDGE('',*,*,#5577,.T.);
#5579=DIRECTION('',(0.25882,-0.96593,0.));
#5580=VECTOR('',#5579,1.55291);
#5581=LINE('',#5544,#5580);
#5582=EDGE_CURVE('',#5545,#5573,#5581,.T.);
#5583=ORIENTED_EDGE('',*,*,#5582,.F.);
#5584=ORIENTED_EDGE('',*,*,#5549,.F.);
#5585=EDGE_LOOP('',(#5571,#5578,#5583,#5584));
#5586=FACE_OUTER_BOUND('',#5585,.T.);
#5587=CARTESIAN_POINT('',(168.63291,28.31857,-380.));
#5588=DIRECTION('',(-0.96593,-0.25882,0.));
#5589=DIRECTION('',(0.25882,-0.96593,0.));
#5590=AXIS2_PLACEMENT_3D('',#5587,#5588,#5589);
#5591=PLANE('',#5590);
#5592=ADVANCED_FACE('',(#5586),#5591,.T.);
#5593=CARTESIAN_POINT('',(170.13291,25.7205,-380.));
#5594=VERTEX_POINT('',#5593);
#5595=DIRECTION('',(0.70711,-0.70711,0.));
#5596=VECTOR('',#5595,1.55291);
#5597=LINE('',#5565,#5596);
#5598=EDGE_CURVE('',#5566,#5594,#5597,.T.);
#5599=ORIENTED_EDGE('',*,*,#5598,.T.);
#5600=CARTESIAN_POINT('',(170.13291,25.7205,-72.));
#5601=VERTEX_POINT('',#5600);
#5602=DIRECTION('',(0.,0.,1.));
#5603=VECTOR('',#5602,308.);
#5604=LINE('',#5593,#5603);
#5605=EDGE_CURVE('',#5594,#5601,#5604,.T.);
#5606=ORIENTED_EDGE('',*,*,#5605,.T.);
#5607=DIRECTION('',(0.70711,-0.70711,0.));
#5608=VECTOR('',#5607,1.55291);
#5609=LINE('',#5572,#5608);
#5610=EDGE_CURVE('',#5573,#5601,#5609,.T.);
#5611=ORIENTED_EDGE('',*,*,#5610,.F.);
#5612=ORIENTED_EDGE('',*,*,#5577,.F.);
#5613=EDGE_LOOP('',(#5599,#5606,#5611,#5612));
#5614=FACE_OUTER_BOUND('',#5613,.T.);
#5615=CARTESIAN_POINT('',(169.03484,26.81857,-380.));
#5616=DIRECTION('',(-0.70711,-0.70711,0.));
#5617=DIRECTION('',(0.70711,-0.70711,0.));
#5618=AXIS2_PLACEMENT_3D('',#5615,#5616,#5617);
#5619=PLANE('',#5618);
#5620=ADVANCED_FACE('',(#5614),#5619,.T.);
#5621=CARTESIAN_POINT('',(171.63291,25.31857,-380.));
#5622=VERTEX_POINT('',#5621);
#5623=DIRECTION('',(0.96593,-0.25882,0.));
#5624=VECTOR('',#5623,1.55291);
#5625=LINE('',#5593,#5624);
#5626=EDGE_CURVE('',#5594,#5622,#5625,.T.);
#5627=ORIENTED_EDGE('',*,*,#5626,.T.);
#5628=CARTESIAN_POINT('',(171.63291,25.31857,-72.));
#5629=VERTEX_POINT('',#5628);
#5630=DIRECTION('',(0.,0.,1.));
#5631=VECTOR('',#5630,308.);
#5632=LINE('',#5621,#5631);
#5633=EDGE_CURVE('',#5622,#5629,#5632,.T.);
#5634=ORIENTED_EDGE('',*,*,#5633,.T.);
#5635=DIRECTION('',(0.96593,-0.25882,0.));
#5636=VECTOR('',#5635,1.55291);
#5637=LINE('',#5600,#5636);
#5638=EDGE_CURVE('',#5601,#5629,#5637,.T.);
#5639=ORIENTED_EDGE('',*,*,#5638,.F.);
#5640=ORIENTED_EDGE('',*,*,#5605,.F.);
#5641=EDGE_LOOP('',(#5627,#5634,#5639,#5640));
#5642=FACE_OUTER_BOUND('',#5641,.T.);
#5643=CARTESIAN_POINT('',(170.13291,25.7205,-380.));
#5644=DIRECTION('',(-0.25882,-0.96593,0.));
#5645=DIRECTION('',(0.96593,-0.25882,0.));
#5646=AXIS2_PLACEMENT_3D('',#5643,#5644,#5645);
#5647=PLANE('',#5646);
#5648=ADVANCED_FACE('',(#5642),#5647,.T.);
#5649=CARTESIAN_POINT('',(173.13291,25.7205,-380.));
#5650=VERTEX_POINT('',#5649);
#5651=DIRECTION('',(0.96593,0.25882,0.));
#5652=VECTOR('',#5651,1.55291);
#5653=LINE('',#5621,#5652);
#5654=EDGE_CURVE('',#5622,#5650,#5653,.T.);
#5655=ORIENTED_EDGE('',*,*,#5654,.T.);
#5656=CARTESIAN_POINT('',(173.13291,25.7205,-72.));
#5657=VERTEX_POINT('',#5656);
#5658=DIRECTION('',(0.,0.,1.));
#5659=VECTOR('',#5658,308.);
#5660=LINE('',#5649,#5659);
#5661=EDGE_CURVE('',#5650,#5657,#5660,.T.);
#5662=ORIENTED_EDGE('',*,*,#5661,.T.);
#5663=DIRECTION('',(0.96593,0.25882,0.));
#5664=VECTOR('',#5663,1.55291);
#5665=LINE('',#5628,#5664);
#5666=EDGE_CURVE('',#5629,#5657,#5665,.T.);
#5667=ORIENTED_EDGE('',*,*,#5666,.F.);
#5668=ORIENTED_EDGE('',*,*,#5633,.F.);
#5669=EDGE_LOOP('',(#5655,#5662,#5667,#5668));
#5670=FACE_OUTER_BOUND('',#5669,.T.);
#5671=CARTESIAN_POINT('',(171.63291,25.31857,-380.));
#5672=DIRECTION('',(0.25882,-0.96593,0.));
#5673=DIRECTION('',(0.96593,0.25882,0.));
#5674=AXIS2_PLACEMENT_3D('',#5671,#5672,#5673);
#5675=PLANE('',#5674);
#5676=ADVANCED_FACE('',(#5670),#5675,.T.);
#5677=CARTESIAN_POINT('',(174.23099,26.81857,-380.));
#5678=VERTEX_POINT('',#5677);
#5679=DIRECTION('',(0.70711,0.70711,0.));
#5680=VECTOR('',#5679,1.55291);
#5681=LINE('',#5649,#5680);
#5682=EDGE_CURVE('',#5650,#5678,#5681,.T.);
#5683=ORIENTED_EDGE('',*,*,#5682,.T.);
#5684=CARTESIAN_POINT('',(174.23099,26.81857,-72.));
#5685=VERTEX_POINT('',#5684);
#5686=DIRECTION('',(0.,0.,1.));
#5687=VECTOR('',#5686,308.);
#5688=LINE('',#5677,#5687);
#5689=EDGE_CURVE('',#5678,#5685,#5688,.T.);
#5690=ORIENTED_EDGE('',*,*,#5689,.T.);
#5691=DIRECTION('',(0.70711,0.70711,0.));
#5692=VECTOR('',#5691,1.55291);
#5693=LINE('',#5656,#5692);
#5694=EDGE_CURVE('',#5657,#5685,#5693,.T.);
#5695=ORIENTED_EDGE('',*,*,#5694,.F.);
#5696=ORIENTED_EDGE('',*,*,#5661,.F.);
#5697=EDGE_LOOP('',(#5683,#5690,#5695,#5696));
#5698=FACE_OUTER_BOUND('',#5697,.T.);
#5699=CARTESIAN_POINT('',(173.13291,25.7205,-380.));
#5700=DIRECTION('',(0.70711,-0.70711,0.));
#5701=DIRECTION('',(0.70711,0.70711,0.));
#5702=AXIS2_PLACEMENT_3D('',#5699,#5700,#5701);
#5703=PLANE('',#5702);
#5704=ADVANCED_FACE('',(#5698),#5703,.T.);
#5705=DIRECTION('',(-0.25882,-0.96593,0.));
#5706=VECTOR('',#5705,1.55291);
#5707=LINE('',#5389,#5706);
#5708=EDGE_CURVE('',#5390,#5678,#5707,.T.);
#5709=ORIENTED_EDGE('',*,*,#5708,.F.);
#5710=ORIENTED_EDGE('',*,*,#5415,.T.);
#5711=DIRECTION('',(-0.25882,-0.96593,0.));
#5712=VECTOR('',#5711,1.55291);
#5713=LINE('',#5405,#5712);
#5714=EDGE_CURVE('',#5406,#5685,#5713,.T.);
#5715=ORIENTED_EDGE('',*,*,#5714,.T.);
#5716=ORIENTED_EDGE('',*,*,#5689,.F.);
#5717=EDGE_LOOP('',(#5709,#5710,#5715,#5716));
#5718=FACE_OUTER_BOUND('',#5717,.T.);
#5719=CARTESIAN_POINT('',(174.23099,26.81857,-380.));
#5720=DIRECTION('',(0.96593,-0.25882,0.));
#5721=DIRECTION('',(0.25882,0.96593,0.));
#5722=AXIS2_PLACEMENT_3D('',#5719,#5720,#5721);
#5723=PLANE('',#5722);
#5724=ADVANCED_FACE('',(#5718),#5723,.T.);
#5725=ORIENTED_EDGE('',*,*,#5682,.F.);
#5726=ORIENTED_EDGE('',*,*,#5654,.F.);
#5727=ORIENTED_EDGE('',*,*,#5626,.F.);
#5728=ORIENTED_EDGE('',*,*,#5598,.F.);
#5729=ORIENTED_EDGE('',*,*,#5570,.F.);
#5730=ORIENTED_EDGE('',*,*,#5542,.F.);
#5731=ORIENTED_EDGE('',*,*,#5514,.F.);
#5732=ORIENTED_EDGE('',*,*,#5486,.F.);
#5733=ORIENTED_EDGE('',*,*,#5458,.F.);
#5734=ORIENTED_EDGE('',*,*,#5430,.F.);
#5735=ORIENTED_EDGE('',*,*,#5396,.F.);
#5736=ORIENTED_EDGE('',*,*,#5708,.T.);
#5737=EDGE_LOOP('',(#5725,#5726,#5727,#5728,#5729,#5730,#5731,#5732,#5733,#5734,#5735,#5736));
#5738=FACE_OUTER_BOUND('',#5737,.T.);
#5739=CARTESIAN_POINT('',(174.23099,26.81857,-380.));
#5740=DIRECTION('',(0.,0.,-1.));
#5741=DIRECTION('',(-0.70711,-0.70711,0.));
#5742=AXIS2_PLACEMENT_3D('',#5739,#5740,#5741);
#5743=PLANE('',#5742);
#5744=ADVANCED_FACE('',(#5738),#5743,.T.);
#5745=ORIENTED_EDGE('',*,*,#5410,.T.);
#5746=ORIENTED_EDGE('',*,*,#5442,.T.);
#5747=ORIENTED_EDGE('',*,*,#5470,.T.);
#5748=ORIENTED_EDGE('',*,*,#5498,.T.);
#5749=ORIENTED_EDGE('',*,*,#5526,.T.);
#5750=ORIENTED_EDGE('',*,*,#5554,.T.);
#5751=ORIENTED_EDGE('',*,*,#5582,.T.);
#5752=ORIENTED_EDGE('',*,*,#5610,.T.);
#5753=ORIENTED_EDGE('',*,*,#5638,.T.);
#5754=ORIENTED_EDGE('',*,*,#5666,.T.);
#5755=ORIENTED_EDGE('',*,*,#5694,.T.);
#5756=ORIENTED_EDGE('',*,*,#5714,.F.);
#5757=EDGE_LOOP('',(#5745,#5746,#5747,#5748,#5749,#5750,#5751,#5752,#5753,#5754,#5755,#5756));
#5758=FACE_OUTER_BOUND('',#5757,.T.);
#5759=CARTESIAN_POINT('',(174.63291,28.31857,-72.));
#5760=DIRECTION('',(0.,0.,1.));
#5761=DIRECTION('',(-0.25882,0.96593,0.));
#5762=AXIS2_PLACEMENT_3D('',#5759,#5760,#5761);
#5763=PLANE('',#5762);
#5764=ADVANCED_FACE('',(#5758),#5763,.T.);
#5765=CLOSED_SHELL('',(#5424,#5452,#5480,#5508,#5536,#5564,#5592,#5620,#5648,#5676,#5704,#5724,#5744,#5764));
#5766=MANIFOLD_SOLID_BREP('',#5765);
#5767=STYLED_ITEM('color',(#4250),#5766);
#5768=CARTESIAN_POINT('',(174.63291,-28.31857,-380.));
#5769=VERTEX_POINT('',#5768);
#5770=CARTESIAN_POINT('',(174.23099,-26.81857,-380.));
#5771=VERTEX_POINT('',#5770);
#5772=DIRECTION('',(-0.25882,0.96593,0.));
#5773=VECTOR('',#5772,1.55291);
#5774=LINE('',#5768,#5773);
#5775=EDGE_CURVE('',#5769,#5771,#5774,.T.);
#5776=ORIENTED_EDGE('',*,*,#5775,.T.);
#5777=CARTESIAN_POINT('',(174.23099,-26.81857,-72.));
#5778=VERTEX_POINT('',#5777);
#5779=DIRECTION('',(0.,0.,1.));
#5780=VECTOR('',#5779,308.);
#5781=LINE('',#5770,#5780);
#5782=EDGE_CURVE('',#5771,#5778,#5781,.T.);
#5783=ORIENTED_EDGE('',*,*,#5782,.T.);
#5784=CARTESIAN_POINT('',(174.63291,-28.31857,-72.));
#5785=VERTEX_POINT('',#5784);
#5786=DIRECTION('',(-0.25882,0.96593,0.));
#5787=VECTOR('',#5786,1.55291);
#5788=LINE('',#5784,#5787);
#5789=EDGE_CURVE('',#5785,#5778,#5788,.T.);
#5790=ORIENTED_EDGE('',*,*,#5789,.F.);
#5791=DIRECTION('',(0.,0.,1.));
#5792=VECTOR('',#5791,308.);
#5793=LINE('',#5768,#5792);
#5794=EDGE_CURVE('',#5769,#5785,#5793,.T.);
#5795=ORIENTED_EDGE('',*,*,#5794,.F.);
#5796=EDGE_LOOP('',(#5776,#5783,#5790,#5795));
#5797=FACE_OUTER_BOUND('',#5796,.T.);
#5798=CARTESIAN_POINT('',(174.63291,-28.31857,-380.));
#5799=DIRECTION('',(0.96593,0.25882,0.));
#5800=DIRECTION('',(-0.25882,0.96593,0.));
#5801=AXIS2_PLACEMENT_3D('',#5798,#5799,#5800);
#5802=PLANE('',#5801);
#5803=ADVANCED_FACE('',(#5797),#5802,.T.);
#5804=CARTESIAN_POINT('',(173.13291,-25.7205,-380.));
#5805=VERTEX_POINT('',#5804);
#5806=DIRECTION('',(-0.70711,0.70711,0.));
#5807=VECTOR('',#5806,1.55291);
#5808=LINE('',#5770,#5807);
#5809=EDGE_CURVE('',#5771,#5805,#5808,.T.);
#5810=ORIENTED_EDGE('',*,*,#5809,.T.);
#5811=CARTESIAN_POINT('',(173.13291,-25.7205,-72.));
#5812=VERTEX_POINT('',#5811);
#5813=DIRECTION('',(0.,0.,1.));
#5814=VECTOR('',#5813,308.);
#5815=LINE('',#5804,#5814);
#5816=EDGE_CURVE('',#5805,#5812,#5815,.T.);
#5817=ORIENTED_EDGE('',*,*,#5816,.T.);
#5818=DIRECTION('',(-0.70711,0.70711,0.));
#5819=VECTOR('',#5818,1.55291);
#5820=LINE('',#5777,#5819);
#5821=EDGE_CURVE('',#5778,#5812,#5820,.T.);
#5822=ORIENTED_EDGE('',*,*,#5821,.F.);
#5823=ORIENTED_EDGE('',*,*,#5782,.F.);
#5824=EDGE_LOOP('',(#5810,#5817,#5822,#5823));
#5825=FACE_OUTER_BOUND('',#5824,.T.);
#5826=CARTESIAN_POINT('',(174.23099,-26.81857,-380.));
#5827=DIRECTION('',(0.70711,0.70711,0.));
#5828=DIRECTION('',(-0.70711,0.70711,0.));
#5829=AXIS2_PLACEMENT_3D('',#5826,#5827,#5828);
#5830=PLANE('',#5829);
#5831=ADVANCED_FACE('',(#5825),#5830,.T.);
#5832=CARTESIAN_POINT('',(171.63291,-25.31857,-380.));
#5833=VERTEX_POINT('',#5832);
#5834=DIRECTION('',(-0.96593,0.25882,0.));
#5835=VECTOR('',#5834,1.55291);
#5836=LINE('',#5804,#5835);
#5837=EDGE_CURVE('',#5805,#5833,#5836,.T.);
#5838=ORIENTED_EDGE('',*,*,#5837,.T.);
#5839=CARTESIAN_POINT('',(171.63291,-25.31857,-72.));
#5840=VERTEX_POINT('',#5839);
#5841=DIRECTION('',(0.,0.,1.));
#5842=VECTOR('',#5841,308.);
#5843=LINE('',#5832,#5842);
#5844=EDGE_CURVE('',#5833,#5840,#5843,.T.);
#5845=ORIENTED_EDGE('',*,*,#5844,.T.);
#5846=DIRECTION('',(-0.96593,0.25882,0.));
#5847=VECTOR('',#5846,1.55291);
#5848=LINE('',#5811,#5847);
#5849=EDGE_CURVE('',#5812,#5840,#5848,.T.);
#5850=ORIENTED_EDGE('',*,*,#5849,.F.);
#5851=ORIENTED_EDGE('',*,*,#5816,.F.);
#5852=EDGE_LOOP('',(#5838,#5845,#5850,#5851));
#5853=FACE_OUTER_BOUND('',#5852,.T.);
#5854=CARTESIAN_POINT('',(173.13291,-25.7205,-380.));
#5855=DIRECTION('',(0.25882,0.96593,0.));
#5856=DIRECTION('',(-0.96593,0.25882,0.));
#5857=AXIS2_PLACEMENT_3D('',#5854,#5855,#5856);
#5858=PLANE('',#5857);
#5859=ADVANCED_FACE('',(#5853),#5858,.T.);
#5860=CARTESIAN_POINT('',(170.13291,-25.7205,-380.));
#5861=VERTEX_POINT('',#5860);
#5862=DIRECTION('',(-0.96593,-0.25882,0.));
#5863=VECTOR('',#5862,1.55291);
#5864=LINE('',#5832,#5863);
#5865=EDGE_CURVE('',#5833,#5861,#5864,.T.);
#5866=ORIENTED_EDGE('',*,*,#5865,.T.);
#5867=CARTESIAN_POINT('',(170.13291,-25.7205,-72.));
#5868=VERTEX_POINT('',#5867);
#5869=DIRECTION('',(0.,0.,1.));
#5870=VECTOR('',#5869,308.);
#5871=LINE('',#5860,#5870);
#5872=EDGE_CURVE('',#5861,#5868,#5871,.T.);
#5873=ORIENTED_EDGE('',*,*,#5872,.T.);
#5874=DIRECTION('',(-0.96593,-0.25882,0.));
#5875=VECTOR('',#5874,1.55291);
#5876=LINE('',#5839,#5875);
#5877=EDGE_CURVE('',#5840,#5868,#5876,.T.);
#5878=ORIENTED_EDGE('',*,*,#5877,.F.);
#5879=ORIENTED_EDGE('',*,*,#5844,.F.);
#5880=EDGE_LOOP('',(#5866,#5873,#5878,#5879));
#5881=FACE_OUTER_BOUND('',#5880,.T.);
#5882=CARTESIAN_POINT('',(171.63291,-25.31857,-380.));
#5883=DIRECTION('',(-0.25882,0.96593,0.));
#5884=DIRECTION('',(-0.96593,-0.25882,0.));
#5885=AXIS2_PLACEMENT_3D('',#5882,#5883,#5884);
#5886=PLANE('',#5885);
#5887=ADVANCED_FACE('',(#5881),#5886,.T.);
#5888=CARTESIAN_POINT('',(169.03484,-26.81857,-380.));
#5889=VERTEX_POINT('',#5888);
#5890=DIRECTION('',(-0.70711,-0.70711,0.));
#5891=VECTOR('',#5890,1.55291);
#5892=LINE('',#5860,#5891);
#5893=EDGE_CURVE('',#5861,#5889,#5892,.T.);
#5894=ORIENTED_EDGE('',*,*,#5893,.T.);
#5895=CARTESIAN_POINT('',(169.03484,-26.81857,-72.));
#5896=VERTEX_POINT('',#5895);
#5897=DIRECTION('',(0.,0.,1.));
#5898=VECTOR('',#5897,308.);
#5899=LINE('',#5888,#5898);
#5900=EDGE_CURVE('',#5889,#5896,#5899,.T.);
#5901=ORIENTED_EDGE('',*,*,#5900,.T.);
#5902=DIRECTION('',(-0.70711,-0.70711,0.));
#5903=VECTOR('',#5902,1.55291);
#5904=LINE('',#5867,#5903);
#5905=EDGE_CURVE('',#5868,#5896,#5904,.T.);
#5906=ORIENTED_EDGE('',*,*,#5905,.F.);
#5907=ORIENTED_EDGE('',*,*,#5872,.F.);
#5908=EDGE_LOOP('',(#5894,#5901,#5906,#5907));
#5909=FACE_OUTER_BOUND('',#5908,.T.);
#5910=CARTESIAN_POINT('',(170.13291,-25.7205,-380.));
#5911=DIRECTION('',(-0.70711,0.70711,0.));
#5912=DIRECTION('',(-0.70711,-0.70711,0.));
#5913=AXIS2_PLACEMENT_3D('',#5910,#5911,#5912);
#5914=PLANE('',#5913);
#5915=ADVANCED_FACE('',(#5909),#5914,.T.);
#5916=CARTESIAN_POINT('',(168.63291,-28.31857,-380.));
#5917=VERTEX_POINT('',#5916);
#5918=DIRECTION('',(-0.25882,-0.96593,0.));
#5919=VECTOR('',#5918,1.55291);
#5920=LINE('',#5888,#5919);
#5921=EDGE_CURVE('',#5889,#5917,#5920,.T.);
#5922=ORIENTED_EDGE('',*,*,#5921,.T.);
#5923=CARTESIAN_POINT('',(168.63291,-28.31857,-72.));
#5924=VERTEX_POINT('',#5923);
#5925=DIRECTION('',(0.,0.,1.));
#5926=VECTOR('',#5925,308.);
#5927=LINE('',#5916,#5926);
#5928=EDGE_CURVE('',#5917,#5924,#5927,.T.);
#5929=ORIENTED_EDGE('',*,*,#5928,.T.);
#5930=DIRECTION('',(-0.25882,-0.96593,0.));
#5931=VECTOR('',#5930,1.55291);
#5932=LINE('',#5895,#5931);
#5933=EDGE_CURVE('',#5896,#5924,#5932,.T.);
#5934=ORIENTED_EDGE('',*,*,#5933,.F.);
#5935=ORIENTED_EDGE('',*,*,#5900,.F.);
#5936=EDGE_LOOP('',(#5922,#5929,#5934,#5935));
#5937=FACE_OUTER_BOUND('',#5936,.T.);
#5938=CARTESIAN_POINT('',(169.03484,-26.81857,-380.));
#5939=DIRECTION('',(-0.96593,0.25882,0.));
#5940=DIRECTION('',(-0.25882,-0.96593,0.));
#5941=AXIS2_PLACEMENT_3D('',#5938,#5939,#5940);
#5942=PLANE('',#5941);
#5943=ADVANCED_FACE('',(#5937),#5942,.T.);
#5944=CARTESIAN_POINT('',(169.03484,-29.81857,-380.));
#5945=VERTEX_POINT('',#5944);
#5946=DIRECTION('',(0.25882,-0.96593,0.));
#5947=VECTOR('',#5946,1.55291);
#5948=LINE('',#5916,#5947);
#5949=EDGE_CURVE('',#5917,#5945,#5948,.T.);
#5950=ORIENTED_EDGE('',*,*,#5949,.T.);
#5951=CARTESIAN_POINT('',(169.03484,-29.81857,-72.));
#5952=VERTEX_POINT('',#5951);
#5953=DIRECTION('',(0.,0.,1.));
#5954=VECTOR('',#5953,308.);
#5955=LINE('',#5944,#5954);
#5956=EDGE_CURVE('',#5945,#5952,#5955,.T.);
#5957=ORIENTED_EDGE('',*,*,#5956,.T.);
#5958=DIRECTION('',(0.25882,-0.96593,0.));
#5959=VECTOR('',#5958,1.55291);
#5960=LINE('',#5923,#5959);
#5961=EDGE_CURVE('',#5924,#5952,#5960,.T.);
#5962=ORIENTED_EDGE('',*,*,#5961,.F.);
#5963=ORIENTED_EDGE('',*,*,#5928,.F.);
#5964=EDGE_LOOP('',(#5950,#5957,#5962,#5963));
#5965=FACE_OUTER_BOUND('',#5964,.T.);
#5966=CARTESIAN_POINT('',(168.63291,-28.31857,-380.));
#5967=DIRECTION('',(-0.96593,-0.25882,0.));
#5968=DIRECTION('',(0.25882,-0.96593,0.));
#5969=AXIS2_PLACEMENT_3D('',#5966,#5967,#5968);
#5970=PLANE('',#5969);
#5971=ADVANCED_FACE('',(#5965),#5970,.T.);
#5972=CARTESIAN_POINT('',(170.13291,-30.91665,-380.));
#5973=VERTEX_POINT('',#5972);
#5974=DIRECTION('',(0.70711,-0.70711,0.));
#5975=VECTOR('',#5974,1.55291);
#5976=LINE('',#5944,#5975);
#5977=EDGE_CURVE('',#5945,#5973,#5976,.T.);
#5978=ORIENTED_EDGE('',*,*,#5977,.T.);
#5979=CARTESIAN_POINT('',(170.13291,-30.91665,-72.));
#5980=VERTEX_POINT('',#5979);
#5981=DIRECTION('',(0.,0.,1.));
#5982=VECTOR('',#5981,308.);
#5983=LINE('',#5972,#5982);
#5984=EDGE_CURVE('',#5973,#5980,#5983,.T.);
#5985=ORIENTED_EDGE('',*,*,#5984,.T.);
#5986=DIRECTION('',(0.70711,-0.70711,0.));
#5987=VECTOR('',#5986,1.55291);
#5988=LINE('',#5951,#5987);
#5989=EDGE_CURVE('',#5952,#5980,#5988,.T.);
#5990=ORIENTED_EDGE('',*,*,#5989,.F.);
#5991=ORIENTED_EDGE('',*,*,#5956,.F.);
#5992=EDGE_LOOP('',(#5978,#5985,#5990,#5991));
#5993=FACE_OUTER_BOUND('',#5992,.T.);
#5994=CARTESIAN_POINT('',(169.03484,-29.81857,-380.));
#5995=DIRECTION('',(-0.70711,-0.70711,0.));
#5996=DIRECTION('',(0.70711,-0.70711,0.));
#5997=AXIS2_PLACEMENT_3D('',#5994,#5995,#5996);
#5998=PLANE('',#5997);
#5999=ADVANCED_FACE('',(#5993),#5998,.T.);
#6000=CARTESIAN_POINT('',(171.63291,-31.31857,-380.));
#6001=VERTEX_POINT('',#6000);
#6002=DIRECTION('',(0.96593,-0.25882,0.));
#6003=VECTOR('',#6002,1.55291);
#6004=LINE('',#5972,#6003);
#6005=EDGE_CURVE('',#5973,#6001,#6004,.T.);
#6006=ORIENTED_EDGE('',*,*,#6005,.T.);
#6007=CARTESIAN_POINT('',(171.63291,-31.31857,-72.));
#6008=VERTEX_POINT('',#6007);
#6009=DIRECTION('',(0.,0.,1.));
#6010=VECTOR('',#6009,308.);
#6011=LINE('',#6000,#6010);
#6012=EDGE_CURVE('',#6001,#6008,#6011,.T.);
#6013=ORIENTED_EDGE('',*,*,#6012,.T.);
#6014=DIRECTION('',(0.96593,-0.25882,0.));
#6015=VECTOR('',#6014,1.55291);
#6016=LINE('',#5979,#6015);
#6017=EDGE_CURVE('',#5980,#6008,#6016,.T.);
#6018=ORIENTED_EDGE('',*,*,#6017,.F.);
#6019=ORIENTED_EDGE('',*,*,#5984,.F.);
#6020=EDGE_LOOP('',(#6006,#6013,#6018,#6019));
#6021=FACE_OUTER_BOUND('',#6020,.T.);
#6022=CARTESIAN_POINT('',(170.13291,-30.91665,-380.));
#6023=DIRECTION('',(-0.25882,-0.96593,0.));
#6024=DIRECTION('',(0.96593,-0.25882,0.));
#6025=AXIS2_PLACEMENT_3D('',#6022,#6023,#6024);
#6026=PLANE('',#6025);
#6027=ADVANCED_FACE('',(#6021),#6026,.T.);
#6028=CARTESIAN_POINT('',(173.13291,-30.91665,-380.));
#6029=VERTEX_POINT('',#6028);
#6030=DIRECTION('',(0.96593,0.25882,0.));
#6031=VECTOR('',#6030,1.55291);
#6032=LINE('',#6000,#6031);
#6033=EDGE_CURVE('',#6001,#6029,#6032,.T.);
#6034=ORIENTED_EDGE('',*,*,#6033,.T.);
#6035=CARTESIAN_POINT('',(173.13291,-30.91665,-72.));
#6036=VERTEX_POINT('',#6035);
#6037=DIRECTION('',(0.,0.,1.));
#6038=VECTOR('',#6037,308.);
#6039=LINE('',#6028,#6038);
#6040=EDGE_CURVE('',#6029,#6036,#6039,.T.);
#6041=ORIENTED_EDGE('',*,*,#6040,.T.);
#6042=DIRECTION('',(0.96593,0.25882,0.));
#6043=VECTOR('',#6042,1.55291);
#6044=LINE('',#6007,#6043);
#6045=EDGE_CURVE('',#6008,#6036,#6044,.T.);
#6046=ORIENTED_EDGE('',*,*,#6045,.F.);
#6047=ORIENTED_EDGE('',*,*,#6012,.F.);
#6048=EDGE_LOOP('',(#6034,#6041,#6046,#6047));
#6049=FACE_OUTER_BOUND('',#6048,.T.);
#6050=CARTESIAN_POINT('',(171.63291,-31.31857,-380.));
#6051=DIRECTION('',(0.25882,-0.96593,0.));
#6052=DIRECTION('',(0.96593,0.25882,0.));
#6053=AXIS2_PLACEMENT_3D('',#6050,#6051,#6052);
#6054=PLANE('',#6053);
#6055=ADVANCED_FACE('',(#6049),#6054,.T.);
#6056=CARTESIAN_POINT('',(174.23099,-29.81857,-380.));
#6057=VERTEX_POINT('',#6056);
#6058=DIRECTION('',(0.70711,0.70711,0.));
#6059=VECTOR('',#6058,1.55291);
#6060=LINE('',#6028,#6059);
#6061=EDGE_CURVE('',#6029,#6057,#6060,.T.);
#6062=ORIENTED_EDGE('',*,*,#6061,.T.);
#6063=CARTESIAN_POINT('',(174.23099,-29.81857,-72.));
#6064=VERTEX_POINT('',#6063);
#6065=DIRECTION('',(0.,0.,1.));
#6066=VECTOR('',#6065,308.);
#6067=LINE('',#6056,#6066);
#6068=EDGE_CURVE('',#6057,#6064,#6067,.T.);
#6069=ORIENTED_EDGE('',*,*,#6068,.T.);
#6070=DIRECTION('',(0.70711,0.70711,0.));
#6071=VECTOR('',#6070,1.55291);
#6072=LINE('',#6035,#6071);
#6073=EDGE_CURVE('',#6036,#6064,#6072,.T.);
#6074=ORIENTED_EDGE('',*,*,#6073,.F.);
#6075=ORIENTED_EDGE('',*,*,#6040,.F.);
#6076=EDGE_LOOP('',(#6062,#6069,#6074,#6075));
#6077=FACE_OUTER_BOUND('',#6076,.T.);
#6078=CARTESIAN_POINT('',(173.13291,-30.91665,-380.));
#6079=DIRECTION('',(0.70711,-0.70711,0.));
#6080=DIRECTION('',(0.70711,0.70711,0.));
#6081=AXIS2_PLACEMENT_3D('',#6078,#6079,#6080);
#6082=PLANE('',#6081);
#6083=ADVANCED_FACE('',(#6077),#6082,.T.);
#6084=DIRECTION('',(-0.25882,-0.96593,0.));
#6085=VECTOR('',#6084,1.55291);
#6086=LINE('',#5768,#6085);
#6087=EDGE_CURVE('',#5769,#6057,#6086,.T.);
#6088=ORIENTED_EDGE('',*,*,#6087,.F.);
#6089=ORIENTED_EDGE('',*,*,#5794,.T.);
#6090=DIRECTION('',(-0.25882,-0.96593,0.));
#6091=VECTOR('',#6090,1.55291);
#6092=LINE('',#5784,#6091);
#6093=EDGE_CURVE('',#5785,#6064,#6092,.T.);
#6094=ORIENTED_EDGE('',*,*,#6093,.T.);
#6095=ORIENTED_EDGE('',*,*,#6068,.F.);
#6096=EDGE_LOOP('',(#6088,#6089,#6094,#6095));
#6097=FACE_OUTER_BOUND('',#6096,.T.);
#6098=CARTESIAN_POINT('',(174.23099,-29.81857,-380.));
#6099=DIRECTION('',(0.96593,-0.25882,0.));
#6100=DIRECTION('',(0.25882,0.96593,0.));
#6101=AXIS2_PLACEMENT_3D('',#6098,#6099,#6100);
#6102=PLANE('',#6101);
#6103=ADVANCED_FACE('',(#6097),#6102,.T.);
#6104=ORIENTED_EDGE('',*,*,#6061,.F.);
#6105=ORIENTED_EDGE('',*,*,#6033,.F.);
#6106=ORIENTED_EDGE('',*,*,#6005,.F.);
#6107=ORIENTED_EDGE('',*,*,#5977,.F.);
#6108=ORIENTED_EDGE('',*,*,#5949,.F.);
#6109=ORIENTED_EDGE('',*,*,#5921,.F.);
#6110=ORIENTED_EDGE('',*,*,#5893,.F.);
#6111=ORIENTED_EDGE('',*,*,#5865,.F.);
#6112=ORIENTED_EDGE('',*,*,#5837,.F.);
#6113=ORIENTED_EDGE('',*,*,#5809,.F.);
#6114=ORIENTED_EDGE('',*,*,#5775,.F.);
#6115=ORIENTED_EDGE('',*,*,#6087,.T.);
#6116=EDGE_LOOP('',(#6104,#6105,#6106,#6107,#6108,#6109,#6110,#6111,#6112,#6113,#6114,#6115));
#6117=FACE_OUTER_BOUND('',#6116,.T.);
#6118=CARTESIAN_POINT('',(174.23099,-29.81857,-380.));
#6119=DIRECTION('',(0.,0.,-1.));
#6120=DIRECTION('',(-0.70711,-0.70711,0.));
#6121=AXIS2_PLACEMENT_3D('',#6118,#6119,#6120);
#6122=PLANE('',#6121);
#6123=ADVANCED_FACE('',(#6117),#6122,.T.);
#6124=ORIENTED_EDGE('',*,*,#5789,.T.);
#6125=ORIENTED_EDGE('',*,*,#5821,.T.);
#6126=ORIENTED_EDGE('',*,*,#5849,.T.);
#6127=ORIENTED_EDGE('',*,*,#5877,.T.);
#6128=ORIENTED_EDGE('',*,*,#5905,.T.);
#6129=ORIENTED_EDGE('',*,*,#5933,.T.);
#6130=ORIENTED_EDGE('',*,*,#5961,.T.);
#6131=ORIENTED_EDGE('',*,*,#5989,.T.);
#6132=ORIENTED_EDGE('',*,*,#6017,.T.);
#6133=ORIENTED_EDGE('',*,*,#6045,.T.);
#6134=ORIENTED_EDGE('',*,*,#6073,.T.);
#6135=ORIENTED_EDGE('',*,*,#6093,.F.);
#6136=EDGE_LOOP('',(#6124,#6125,#6126,#6127,#6128,#6129,#6130,#6131,#6132,#6133,#6134,#6135));
#6137=FACE_OUTER_BOUND('',#6136,.T.);
#6138=CARTESIAN_POINT('',(174.63291,-28.31857,-72.));
#6139=DIRECTION('',(0.,0.,1.));
#6140=DIRECTION('',(-0.25882,0.96593,0.));
#6141=AXIS2_PLACEMENT_3D('',#6138,#6139,#6140);
#6142=PLANE('',#6141);
#6143=ADVANCED_FACE('',(#6137),#6142,.T.);
#6144=CLOSED_SHELL('',(#5803,#5831,#5859,#5887,#5915,#5943,#5971,#5999,#6027,#6055,#6083,#6103,#6123,#6143));
#6145=MANIFOLD_SOLID_BREP('',#6144);
#6146=STYLED_ITEM('color',(#4250),#6145);
#6147=CARTESIAN_POINT('',(214.68143,-68.36709,-380.));
#6148=VERTEX_POINT('',#6147);
#6149=CARTESIAN_POINT('',(214.2795,-66.86709,-380.));
#6150=VERTEX_POINT('',#6149);
#6151=DIRECTION('',(-0.25882,0.96593,0.));
#6152=VECTOR('',#6151,1.55291);
#6153=LINE('',#6147,#6152);
#6154=EDGE_CURVE('',#6148,#6150,#6153,.T.);
#6155=ORIENTED_EDGE('',*,*,#6154,.T.);
#6156=CARTESIAN_POINT('',(214.2795,-66.86709,-72.));
#6157=VERTEX_POINT('',#6156);
#6158=DIRECTION('',(0.,0.,1.));
#6159=VECTOR('',#6158,308.);
#6160=LINE('',#6149,#6159);
#6161=EDGE_CURVE('',#6150,#6157,#6160,.T.);
#6162=ORIENTED_EDGE('',*,*,#6161,.T.);
#6163=CARTESIAN_POINT('',(214.68143,-68.36709,-72.));
#6164=VERTEX_POINT('',#6163);
#6165=DIRECTION('',(-0.25882,0.96593,0.));
#6166=VECTOR('',#6165,1.55291);
#6167=LINE('',#6163,#6166);
#6168=EDGE_CURVE('',#6164,#6157,#6167,.T.);
#6169=ORIENTED_EDGE('',*,*,#6168,.F.);
#6170=DIRECTION('',(0.,0.,1.));
#6171=VECTOR('',#6170,308.);
#6172=LINE('',#6147,#6171);
#6173=EDGE_CURVE('',#6148,#6164,#6172,.T.);
#6174=ORIENTED_EDGE('',*,*,#6173,.F.);
#6175=EDGE_LOOP('',(#6155,#6162,#6169,#6174));
#6176=FACE_OUTER_BOUND('',#6175,.T.);
#6177=CARTESIAN_POINT('',(214.68143,-68.36709,-380.));
#6178=DIRECTION('',(0.96593,0.25882,0.));
#6179=DIRECTION('',(-0.25882,0.96593,0.));
#6180=AXIS2_PLACEMENT_3D('',#6177,#6178,#6179);
#6181=PLANE('',#6180);
#6182=ADVANCED_FACE('',(#6176),#6181,.T.);
#6183=CARTESIAN_POINT('',(213.18143,-65.76901,-380.));
#6184=VERTEX_POINT('',#6183);
#6185=DIRECTION('',(-0.70711,0.70711,0.));
#6186=VECTOR('',#6185,1.55291);
#6187=LINE('',#6149,#6186);
#6188=EDGE_CURVE('',#6150,#6184,#6187,.T.);
#6189=ORIENTED_EDGE('',*,*,#6188,.T.);
#6190=CARTESIAN_POINT('',(213.18143,-65.76901,-72.));
#6191=VERTEX_POINT('',#6190);
#6192=DIRECTION('',(0.,0.,1.));
#6193=VECTOR('',#6192,308.);
#6194=LINE('',#6183,#6193);
#6195=EDGE_CURVE('',#6184,#6191,#6194,.T.);
#6196=ORIENTED_EDGE('',*,*,#6195,.T.);
#6197=DIRECTION('',(-0.70711,0.70711,0.));
#6198=VECTOR('',#6197,1.55291);
#6199=LINE('',#6156,#6198);
#6200=EDGE_CURVE('',#6157,#6191,#6199,.T.);
#6201=ORIENTED_EDGE('',*,*,#6200,.F.);
#6202=ORIENTED_EDGE('',*,*,#6161,.F.);
#6203=EDGE_LOOP('',(#6189,#6196,#6201,#6202));
#6204=FACE_OUTER_BOUND('',#6203,.T.);
#6205=CARTESIAN_POINT('',(214.2795,-66.86709,-380.));
#6206=DIRECTION('',(0.70711,0.70711,0.));
#6207=DIRECTION('',(-0.70711,0.70711,0.));
#6208=AXIS2_PLACEMENT_3D('',#6205,#6206,#6207);
#6209=PLANE('',#6208);
#6210=ADVANCED_FACE('',(#6204),#6209,.T.);
#6211=CARTESIAN_POINT('',(211.68143,-65.36709,-380.));
#6212=VERTEX_POINT('',#6211);
#6213=DIRECTION('',(-0.96593,0.25882,0.));
#6214=VECTOR('',#6213,1.55291);
#6215=LINE('',#6183,#6214);
#6216=EDGE_CURVE('',#6184,#6212,#6215,.T.);
#6217=ORIENTED_EDGE('',*,*,#6216,.T.);
#6218=CARTESIAN_POINT('',(211.68143,-65.36709,-72.));
#6219=VERTEX_POINT('',#6218);
#6220=DIRECTION('',(0.,0.,1.));
#6221=VECTOR('',#6220,308.);
#6222=LINE('',#6211,#6221);
#6223=EDGE_CURVE('',#6212,#6219,#6222,.T.);
#6224=ORIENTED_EDGE('',*,*,#6223,.T.);
#6225=DIRECTION('',(-0.96593,0.25882,0.));
#6226=VECTOR('',#6225,1.55291);
#6227=LINE('',#6190,#6226);
#6228=EDGE_CURVE('',#6191,#6219,#6227,.T.);
#6229=ORIENTED_EDGE('',*,*,#6228,.F.);
#6230=ORIENTED_EDGE('',*,*,#6195,.F.);
#6231=EDGE_LOOP('',(#6217,#6224,#6229,#6230));
#6232=FACE_OUTER_BOUND('',#6231,.T.);
#6233=CARTESIAN_POINT('',(213.18143,-65.76901,-380.));
#6234=DIRECTION('',(0.25882,0.96593,0.));
#6235=DIRECTION('',(-0.96593,0.25882,0.));
#6236=AXIS2_PLACEMENT_3D('',#6233,#6234,#6235);
#6237=PLANE('',#6236);
#6238=ADVANCED_FACE('',(#6232),#6237,.T.);
#6239=CARTESIAN_POINT('',(210.18143,-65.76901,-380.));
#6240=VERTEX_POINT('',#6239);
#6241=DIRECTION('',(-0.96593,-0.25882,0.));
#6242=VECTOR('',#6241,1.55291);
#6243=LINE('',#6211,#6242);
#6244=EDGE_CURVE('',#6212,#6240,#6243,.T.);
#6245=ORIENTED_EDGE('',*,*,#6244,.T.);
#6246=CARTESIAN_POINT('',(210.18143,-65.76901,-72.));
#6247=VERTEX_POINT('',#6246);
#6248=DIRECTION('',(0.,0.,1.));
#6249=VECTOR('',#6248,308.);
#6250=LINE('',#6239,#6249);
#6251=EDGE_CURVE('',#6240,#6247,#6250,.T.);
#6252=ORIENTED_EDGE('',*,*,#6251,.T.);
#6253=DIRECTION('',(-0.96593,-0.25882,0.));
#6254=VECTOR('',#6253,1.55291);
#6255=LINE('',#6218,#6254);
#6256=EDGE_CURVE('',#6219,#6247,#6255,.T.);
#6257=ORIENTED_EDGE('',*,*,#6256,.F.);
#6258=ORIENTED_EDGE('',*,*,#6223,.F.);
#6259=EDGE_LOOP('',(#6245,#6252,#6257,#6258));
#6260=FACE_OUTER_BOUND('',#6259,.T.);
#6261=CARTESIAN_POINT('',(211.68143,-65.36709,-380.));
#6262=DIRECTION('',(-0.25882,0.96593,0.));
#6263=DIRECTION('',(-0.96593,-0.25882,0.));
#6264=AXIS2_PLACEMENT_3D('',#6261,#6262,#6263);
#6265=PLANE('',#6264);
#6266=ADVANCED_FACE('',(#6260),#6265,.T.);
#6267=CARTESIAN_POINT('',(209.08335,-66.86709,-380.));
#6268=VERTEX_POINT('',#6267);
#6269=DIRECTION('',(-0.70711,-0.70711,0.));
#6270=VECTOR('',#6269,1.55291);
#6271=LINE('',#6239,#6270);
#6272=EDGE_CURVE('',#6240,#6268,#6271,.T.);
#6273=ORIENTED_EDGE('',*,*,#6272,.T.);
#6274=CARTESIAN_POINT('',(209.08335,-66.86709,-72.));
#6275=VERTEX_POINT('',#6274);
#6276=DIRECTION('',(0.,0.,1.));
#6277=VECTOR('',#6276,308.);
#6278=LINE('',#6267,#6277);
#6279=EDGE_CURVE('',#6268,#6275,#6278,.T.);
#6280=ORIENTED_EDGE('',*,*,#6279,.T.);
#6281=DIRECTION('',(-0.70711,-0.70711,0.));
#6282=VECTOR('',#6281,1.55291);
#6283=LINE('',#6246,#6282);
#6284=EDGE_CURVE('',#6247,#6275,#6283,.T.);
#6285=ORIENTED_EDGE('',*,*,#6284,.F.);
#6286=ORIENTED_EDGE('',*,*,#6251,.F.);
#6287=EDGE_LOOP('',(#6273,#6280,#6285,#6286));
#6288=FACE_OUTER_BOUND('',#6287,.T.);
#6289=CARTESIAN_POINT('',(210.18143,-65.76901,-380.));
#6290=DIRECTION('',(-0.70711,0.70711,0.));
#6291=DIRECTION('',(-0.70711,-0.70711,0.));
#6292=AXIS2_PLACEMENT_3D('',#6289,#6290,#6291);
#6293=PLANE('',#6292);
#6294=ADVANCED_FACE('',(#6288),#6293,.T.);
#6295=CARTESIAN_POINT('',(208.68143,-68.36709,-380.));
#6296=VERTEX_POINT('',#6295);
#6297=DIRECTION('',(-0.25882,-0.96593,0.));
#6298=VECTOR('',#6297,1.55291);
#6299=LINE('',#6267,#6298);
#6300=EDGE_CURVE('',#6268,#6296,#6299,.T.);
#6301=ORIENTED_EDGE('',*,*,#6300,.T.);
#6302=CARTESIAN_POINT('',(208.68143,-68.36709,-72.));
#6303=VERTEX_POINT('',#6302);
#6304=DIRECTION('',(0.,0.,1.));
#6305=VECTOR('',#6304,308.);
#6306=LINE('',#6295,#6305);
#6307=EDGE_CURVE('',#6296,#6303,#6306,.T.);
#6308=ORIENTED_EDGE('',*,*,#6307,.T.);
#6309=DIRECTION('',(-0.25882,-0.96593,0.));
#6310=VECTOR('',#6309,1.55291);
#6311=LINE('',#6274,#6310);
#6312=EDGE_CURVE('',#6275,#6303,#6311,.T.);
#6313=ORIENTED_EDGE('',*,*,#6312,.F.);
#6314=ORIENTED_EDGE('',*,*,#6279,.F.);
#6315=EDGE_LOOP('',(#6301,#6308,#6313,#6314));
#6316=FACE_OUTER_BOUND('',#6315,.T.);
#6317=CARTESIAN_POINT('',(209.08335,-66.86709,-380.));
#6318=DIRECTION('',(-0.96593,0.25882,0.));
#6319=DIRECTION('',(-0.25882,-0.96593,0.));
#6320=AXIS2_PLACEMENT_3D('',#6317,#6318,#6319);
#6321=PLANE('',#6320);
#6322=ADVANCED_FACE('',(#6316),#6321,.T.);
#6323=CARTESIAN_POINT('',(209.08335,-69.86709,-380.));
#6324=VERTEX_POINT('',#6323);
#6325=DIRECTION('',(0.25882,-0.96593,0.));
#6326=VECTOR('',#6325,1.55291);
#6327=LINE('',#6295,#6326);
#6328=EDGE_CURVE('',#6296,#6324,#6327,.T.);
#6329=ORIENTED_EDGE('',*,*,#6328,.T.);
#6330=CARTESIAN_POINT('',(209.08335,-69.86709,-72.));
#6331=VERTEX_POINT('',#6330);
#6332=DIRECTION('',(0.,0.,1.));
#6333=VECTOR('',#6332,308.);
#6334=LINE('',#6323,#6333);
#6335=EDGE_CURVE('',#6324,#6331,#6334,.T.);
#6336=ORIENTED_EDGE('',*,*,#6335,.T.);
#6337=DIRECTION('',(0.25882,-0.96593,0.));
#6338=VECTOR('',#6337,1.55291);
#6339=LINE('',#6302,#6338);
#6340=EDGE_CURVE('',#6303,#6331,#6339,.T.);
#6341=ORIENTED_EDGE('',*,*,#6340,.F.);
#6342=ORIENTED_EDGE('',*,*,#6307,.F.);
#6343=EDGE_LOOP('',(#6329,#6336,#6341,#6342));
#6344=FACE_OUTER_BOUND('',#6343,.T.);
#6345=CARTESIAN_POINT('',(208.68143,-68.36709,-380.));
#6346=DIRECTION('',(-0.96593,-0.25882,0.));
#6347=DIRECTION('',(0.25882,-0.96593,0.));
#6348=AXIS2_PLACEMENT_3D('',#6345,#6346,#6347);
#6349=PLANE('',#6348);
#6350=ADVANCED_FACE('',(#6344),#6349,.T.);
#6351=CARTESIAN_POINT('',(210.18143,-70.96516,-380.));
#6352=VERTEX_POINT('',#6351);
#6353=DIRECTION('',(0.70711,-0.70711,0.));
#6354=VECTOR('',#6353,1.55291);
#6355=LINE('',#6323,#6354);
#6356=EDGE_CURVE('',#6324,#6352,#6355,.T.);
#6357=ORIENTED_EDGE('',*,*,#6356,.T.);
#6358=CARTESIAN_POINT('',(210.18143,-70.96516,-72.));
#6359=VERTEX_POINT('',#6358);
#6360=DIRECTION('',(0.,0.,1.));
#6361=VECTOR('',#6360,308.);
#6362=LINE('',#6351,#6361);
#6363=EDGE_CURVE('',#6352,#6359,#6362,.T.);
#6364=ORIENTED_EDGE('',*,*,#6363,.T.);
#6365=DIRECTION('',(0.70711,-0.70711,0.));
#6366=VECTOR('',#6365,1.55291);
#6367=LINE('',#6330,#6366);
#6368=EDGE_CURVE('',#6331,#6359,#6367,.T.);
#6369=ORIENTED_EDGE('',*,*,#6368,.F.);
#6370=ORIENTED_EDGE('',*,*,#6335,.F.);
#6371=EDGE_LOOP('',(#6357,#6364,#6369,#6370));
#6372=FACE_OUTER_BOUND('',#6371,.T.);
#6373=CARTESIAN_POINT('',(209.08335,-69.86709,-380.));
#6374=DIRECTION('',(-0.70711,-0.70711,0.));
#6375=DIRECTION('',(0.70711,-0.70711,0.));
#6376=AXIS2_PLACEMENT_3D('',#6373,#6374,#6375);
#6377=PLANE('',#6376);
#6378=ADVANCED_FACE('',(#6372),#6377,.T.);
#6379=CARTESIAN_POINT('',(211.68143,-71.36709,-380.));
#6380=VERTEX_POINT('',#6379);
#6381=DIRECTION('',(0.96593,-0.25882,0.));
#6382=VECTOR('',#6381,1.55291);
#6383=LINE('',#6351,#6382);
#6384=EDGE_CURVE('',#6352,#6380,#6383,.T.);
#6385=ORIENTED_EDGE('',*,*,#6384,.T.);
#6386=CARTESIAN_POINT('',(211.68143,-71.36709,-72.));
#6387=VERTEX_POINT('',#6386);
#6388=DIRECTION('',(0.,0.,1.));
#6389=VECTOR('',#6388,308.);
#6390=LINE('',#6379,#6389);
#6391=EDGE_CURVE('',#6380,#6387,#6390,.T.);
#6392=ORIENTED_EDGE('',*,*,#6391,.T.);
#6393=DIRECTION('',(0.96593,-0.25882,0.));
#6394=VECTOR('',#6393,1.55291);
#6395=LINE('',#6358,#6394);
#6396=EDGE_CURVE('',#6359,#6387,#6395,.T.);
#6397=ORIENTED_EDGE('',*,*,#6396,.F.);
#6398=ORIENTED_EDGE('',*,*,#6363,.F.);
#6399=EDGE_LOOP('',(#6385,#6392,#6397,#6398));
#6400=FACE_OUTER_BOUND('',#6399,.T.);
#6401=CARTESIAN_POINT('',(210.18143,-70.96516,-380.));
#6402=DIRECTION('',(-0.25882,-0.96593,0.));
#6403=DIRECTION('',(0.96593,-0.25882,0.));
#6404=AXIS2_PLACEMENT_3D('',#6401,#6402,#6403);
#6405=PLANE('',#6404);
#6406=ADVANCED_FACE('',(#6400),#6405,.T.);
#6407=CARTESIAN_POINT('',(213.18143,-70.96516,-380.));
#6408=VERTEX_POINT('',#6407);
#6409=DIRECTION('',(0.96593,0.25882,0.));
#6410=VECTOR('',#6409,1.55291);
#6411=LINE('',#6379,#6410);
#6412=EDGE_CURVE('',#6380,#6408,#6411,.T.);
#6413=ORIENTED_EDGE('',*,*,#6412,.T.);
#6414=CARTESIAN_POINT('',(213.18143,-70.96516,-72.));
#6415=VERTEX_POINT('',#6414);
#6416=DIRECTION('',(0.,0.,1.));
#6417=VECTOR('',#6416,308.);
#6418=LINE('',#6407,#6417);
#6419=EDGE_CURVE('',#6408,#6415,#6418,.T.);
#6420=ORIENTED_EDGE('',*,*,#6419,.T.);
#6421=DIRECTION('',(0.96593,0.25882,0.));
#6422=VECTOR('',#6421,1.55291);
#6423=LINE('',#6386,#6422);
#6424=EDGE_CURVE('',#6387,#6415,#6423,.T.);
#6425=ORIENTED_EDGE('',*,*,#6424,.F.);
#6426=ORIENTED_EDGE('',*,*,#6391,.F.);
#6427=EDGE_LOOP('',(#6413,#6420,#6425,#6426));
#6428=FACE_OUTER_BOUND('',#6427,.T.);
#6429=CARTESIAN_POINT('',(211.68143,-71.36709,-380.));
#6430=DIRECTION('',(0.25882,-0.96593,0.));
#6431=DIRECTION('',(0.96593,0.25882,0.));
#6432=AXIS2_PLACEMENT_3D('',#6429,#6430,#6431);
#6433=PLANE('',#6432);
#6434=ADVANCED_FACE('',(#6428),#6433,.T.);
#6435=CARTESIAN_POINT('',(214.2795,-69.86709,-380.));
#6436=VERTEX_POINT('',#6435);
#6437=DIRECTION('',(0.70711,0.70711,0.));
#6438=VECTOR('',#6437,1.55291);
#6439=LINE('',#6407,#6438);
#6440=EDGE_CURVE('',#6408,#6436,#6439,.T.);
#6441=ORIENTED_EDGE('',*,*,#6440,.T.);
#6442=CARTESIAN_POINT('',(214.2795,-69.86709,-72.));
#6443=VERTEX_POINT('',#6442);
#6444=DIRECTION('',(0.,0.,1.));
#6445=VECTOR('',#6444,308.);
#6446=LINE('',#6435,#6445);
#6447=EDGE_CURVE('',#6436,#6443,#6446,.T.);
#6448=ORIENTED_EDGE('',*,*,#6447,.T.);
#6449=DIRECTION('',(0.70711,0.70711,0.));
#6450=VECTOR('',#6449,1.55291);
#6451=LINE('',#6414,#6450);
#6452=EDGE_CURVE('',#6415,#6443,#6451,.T.);
#6453=ORIENTED_EDGE('',*,*,#6452,.F.);
#6454=ORIENTED_EDGE('',*,*,#6419,.F.);
#6455=EDGE_LOOP('',(#6441,#6448,#6453,#6454));
#6456=FACE_OUTER_BOUND('',#6455,.T.);
#6457=CARTESIAN_POINT('',(213.18143,-70.96516,-380.));
#6458=DIRECTION('',(0.70711,-0.70711,0.));
#6459=DIRECTION('',(0.70711,0.70711,0.));
#6460=AXIS2_PLACEMENT_3D('',#6457,#6458,#6459);
#6461=PLANE('',#6460);
#6462=ADVANCED_FACE('',(#6456),#6461,.T.);
#6463=DIRECTION('',(-0.25882,-0.96593,0.));
#6464=VECTOR('',#6463,1.55291);
#6465=LINE('',#6147,#6464);
#6466=EDGE_CURVE('',#6148,#6436,#6465,.T.);
#6467=ORIENTED_EDGE('',*,*,#6466,.F.);
#6468=ORIENTED_EDGE('',*,*,#6173,.T.);
#6469=DIRECTION('',(-0.25882,-0.96593,0.));
#6470=VECTOR('',#6469,1.55291);
#6471=LINE('',#6163,#6470);
#6472=EDGE_CURVE('',#6164,#6443,#6471,.T.);
#6473=ORIENTED_EDGE('',*,*,#6472,.T.);
#6474=ORIENTED_EDGE('',*,*,#6447,.F.);
#6475=EDGE_LOOP('',(#6467,#6468,#6473,#6474));
#6476=FACE_OUTER_BOUND('',#6475,.T.);
#6477=CARTESIAN_POINT('',(214.2795,-69.86709,-380.));
#6478=DIRECTION('',(0.96593,-0.25882,0.));
#6479=DIRECTION('',(0.25882,0.96593,0.));
#6480=AXIS2_PLACEMENT_3D('',#6477,#6478,#6479);
#6481=PLANE('',#6480);
#6482=ADVANCED_FACE('',(#6476),#6481,.T.);
#6483=ORIENTED_EDGE('',*,*,#6440,.F.);
#6484=ORIENTED_EDGE('',*,*,#6412,.F.);
#6485=ORIENTED_EDGE('',*,*,#6384,.F.);
#6486=ORIENTED_EDGE('',*,*,#6356,.F.);
#6487=ORIENTED_EDGE('',*,*,#6328,.F.);
#6488=ORIENTED_EDGE('',*,*,#6300,.F.);
#6489=ORIENTED_EDGE('',*,*,#6272,.F.);
#6490=ORIENTED_EDGE('',*,*,#6244,.F.);
#6491=ORIENTED_EDGE('',*,*,#6216,.F.);
#6492=ORIENTED_EDGE('',*,*,#6188,.F.);
#6493=ORIENTED_EDGE('',*,*,#6154,.F.);
#6494=ORIENTED_EDGE('',*,*,#6466,.T.);
#6495=EDGE_LOOP('',(#6483,#6484,#6485,#6486,#6487,#6488,#6489,#6490,#6491,#6492,#6493,#6494));
#6496=FACE_OUTER_BOUND('',#6495,.T.);
#6497=CARTESIAN_POINT('',(214.2795,-69.86709,-380.));
#6498=DIRECTION('',(0.,0.,-1.));
#6499=DIRECTION('',(-0.70711,-0.70711,0.));
#6500=AXIS2_PLACEMENT_3D('',#6497,#6498,#6499);
#6501=PLANE('',#6500);
#6502=ADVANCED_FACE('',(#6496),#6501,.T.);
#6503=ORIENTED_EDGE('',*,*,#6168,.T.);
#6504=ORIENTED_EDGE('',*,*,#6200,.T.);
#6505=ORIENTED_EDGE('',*,*,#6228,.T.);
#6506=ORIENTED_EDGE('',*,*,#6256,.T.);
#6507=ORIENTED_EDGE('',*,*,#6284,.T.);
#6508=ORIENTED_EDGE('',*,*,#6312,.T.);
#6509=ORIENTED_EDGE('',*,*,#6340,.T.);
#6510=ORIENTED_EDGE('',*,*,#6368,.T.);
#6511=ORIENTED_EDGE('',*,*,#6396,.T.);
#6512=ORIENTED_EDGE('',*,*,#6424,.T.);
#6513=ORIENTED_EDGE('',*,*,#6452,.T.);
#6514=ORIENTED_EDGE('',*,*,#6472,.F.);
#6515=EDGE_LOOP('',(#6503,#6504,#6505,#6506,#6507,#6508,#6509,#6510,#6511,#6512,#6513,#6514));
#6516=FACE_OUTER_BOUND('',#6515,.T.);
#6517=CARTESIAN_POINT('',(214.68143,-68.36709,-72.));
#6518=DIRECTION('',(0.,0.,1.));
#6519=DIRECTION('',(-0.25882,0.96593,0.));
#6520=AXIS2_PLACEMENT_3D('',#6517,#6518,#6519);
#6521=PLANE('',#6520);
#6522=ADVANCED_FACE('',(#6516),#6521,.T.);
#6523=CLOSED_SHELL('',(#6182,#6210,#6238,#6266,#6294,#6322,#6350,#6378,#6406,#6434,#6462,#6482,#6502,#6522));
#6524=MANIFOLD_SOLID_BREP('',#6523);
#6525=STYLED_ITEM('color',(#4250),#6524);
#6526=CARTESIAN_POINT('',(271.31857,-68.36709,-380.));
#6527=VERTEX_POINT('',#6526);
#6528=CARTESIAN_POINT('',(270.91665,-66.86709,-380.));
#6529=VERTEX_POINT('',#6528);
#6530=DIRECTION('',(-0.25882,0.96593,0.));
#6531=VECTOR('',#6530,1.55291);
#6532=LINE('',#6526,#6531);
#6533=EDGE_CURVE('',#6527,#6529,#6532,.T.);
#6534=ORIENTED_EDGE('',*,*,#6533,.T.);
#6535=CARTESIAN_POINT('',(270.91665,-66.86709,-72.));
#6536=VERTEX_POINT('',#6535);
#6537=DIRECTION('',(0.,0.,1.));
#6538=VECTOR('',#6537,308.);
#6539=LINE('',#6528,#6538);
#6540=EDGE_CURVE('',#6529,#6536,#6539,.T.);
#6541=ORIENTED_EDGE('',*,*,#6540,.T.);
#6542=CARTESIAN_POINT('',(271.31857,-68.36709,-72.));
#6543=VERTEX_POINT('',#6542);
#6544=DIRECTION('',(-0.25882,0.96593,0.));
#6545=VECTOR('',#6544,1.55291);
#6546=LINE('',#6542,#6545);
#6547=EDGE_CURVE('',#6543,#6536,#6546,.T.);
#6548=ORIENTED_EDGE('',*,*,#6547,.F.);
#6549=DIRECTION('',(0.,0.,1.));
#6550=VECTOR('',#6549,308.);
#6551=LINE('',#6526,#6550);
#6552=EDGE_CURVE('',#6527,#6543,#6551,.T.);
#6553=ORIENTED_EDGE('',*,*,#6552,.F.);
#6554=EDGE_LOOP('',(#6534,#6541,#6548,#6553));
#6555=FACE_OUTER_BOUND('',#6554,.T.);
#6556=CARTESIAN_POINT('',(271.31857,-68.36709,-380.));
#6557=DIRECTION('',(0.96593,0.25882,0.));
#6558=DIRECTION('',(-0.25882,0.96593,0.));
#6559=AXIS2_PLACEMENT_3D('',#6556,#6557,#6558);
#6560=PLANE('',#6559);
#6561=ADVANCED_FACE('',(#6555),#6560,.T.);
#6562=CARTESIAN_POINT('',(269.81857,-65.76901,-380.));
#6563=VERTEX_POINT('',#6562);
#6564=DIRECTION('',(-0.70711,0.70711,0.));
#6565=VECTOR('',#6564,1.55291);
#6566=LINE('',#6528,#6565);
#6567=EDGE_CURVE('',#6529,#6563,#6566,.T.);
#6568=ORIENTED_EDGE('',*,*,#6567,.T.);
#6569=CARTESIAN_POINT('',(269.81857,-65.76901,-72.));
#6570=VERTEX_POINT('',#6569);
#6571=DIRECTION('',(0.,0.,1.));
#6572=VECTOR('',#6571,308.);
#6573=LINE('',#6562,#6572);
#6574=EDGE_CURVE('',#6563,#6570,#6573,.T.);
#6575=ORIENTED_EDGE('',*,*,#6574,.T.);
#6576=DIRECTION('',(-0.70711,0.70711,0.));
#6577=VECTOR('',#6576,1.55291);
#6578=LINE('',#6535,#6577);
#6579=EDGE_CURVE('',#6536,#6570,#6578,.T.);
#6580=ORIENTED_EDGE('',*,*,#6579,.F.);
#6581=ORIENTED_EDGE('',*,*,#6540,.F.);
#6582=EDGE_LOOP('',(#6568,#6575,#6580,#6581));
#6583=FACE_OUTER_BOUND('',#6582,.T.);
#6584=CARTESIAN_POINT('',(270.91665,-66.86709,-380.));
#6585=DIRECTION('',(0.70711,0.70711,0.));
#6586=DIRECTION('',(-0.70711,0.70711,0.));
#6587=AXIS2_PLACEMENT_3D('',#6584,#6585,#6586);
#6588=PLANE('',#6587);
#6589=ADVANCED_FACE('',(#6583),#6588,.T.);
#6590=CARTESIAN_POINT('',(268.31857,-65.36709,-380.));
#6591=VERTEX_POINT('',#6590);
#6592=DIRECTION('',(-0.96593,0.25882,0.));
#6593=VECTOR('',#6592,1.55291);
#6594=LINE('',#6562,#6593);
#6595=EDGE_CURVE('',#6563,#6591,#6594,.T.);
#6596=ORIENTED_EDGE('',*,*,#6595,.T.);
#6597=CARTESIAN_POINT('',(268.31857,-65.36709,-72.));
#6598=VERTEX_POINT('',#6597);
#6599=DIRECTION('',(0.,0.,1.));
#6600=VECTOR('',#6599,308.);
#6601=LINE('',#6590,#6600);
#6602=EDGE_CURVE('',#6591,#6598,#6601,.T.);
#6603=ORIENTED_EDGE('',*,*,#6602,.T.);
#6604=DIRECTION('',(-0.96593,0.25882,0.));
#6605=VECTOR('',#6604,1.55291);
#6606=LINE('',#6569,#6605);
#6607=EDGE_CURVE('',#6570,#6598,#6606,.T.);
#6608=ORIENTED_EDGE('',*,*,#6607,.F.);
#6609=ORIENTED_EDGE('',*,*,#6574,.F.);
#6610=EDGE_LOOP('',(#6596,#6603,#6608,#6609));
#6611=FACE_OUTER_BOUND('',#6610,.T.);
#6612=CARTESIAN_POINT('',(269.81857,-65.76901,-380.));
#6613=DIRECTION('',(0.25882,0.96593,0.));
#6614=DIRECTION('',(-0.96593,0.25882,0.));
#6615=AXIS2_PLACEMENT_3D('',#6612,#6613,#6614);
#6616=PLANE('',#6615);
#6617=ADVANCED_FACE('',(#6611),#6616,.T.);
#6618=CARTESIAN_POINT('',(266.81857,-65.76901,-380.));
#6619=VERTEX_POINT('',#6618);
#6620=DIRECTION('',(-0.96593,-0.25882,0.));
#6621=VECTOR('',#6620,1.55291);
#6622=LINE('',#6590,#6621);
#6623=EDGE_CURVE('',#6591,#6619,#6622,.T.);
#6624=ORIENTED_EDGE('',*,*,#6623,.T.);
#6625=CARTESIAN_POINT('',(266.81857,-65.76901,-72.));
#6626=VERTEX_POINT('',#6625);
#6627=DIRECTION('',(0.,0.,1.));
#6628=VECTOR('',#6627,308.);
#6629=LINE('',#6618,#6628);
#6630=EDGE_CURVE('',#6619,#6626,#6629,.T.);
#6631=ORIENTED_EDGE('',*,*,#6630,.T.);
#6632=DIRECTION('',(-0.96593,-0.25882,0.));
#6633=VECTOR('',#6632,1.55291);
#6634=LINE('',#6597,#6633);
#6635=EDGE_CURVE('',#6598,#6626,#6634,.T.);
#6636=ORIENTED_EDGE('',*,*,#6635,.F.);
#6637=ORIENTED_EDGE('',*,*,#6602,.F.);
#6638=EDGE_LOOP('',(#6624,#6631,#6636,#6637));
#6639=FACE_OUTER_BOUND('',#6638,.T.);
#6640=CARTESIAN_POINT('',(268.31857,-65.36709,-380.));
#6641=DIRECTION('',(-0.25882,0.96593,0.));
#6642=DIRECTION('',(-0.96593,-0.25882,0.));
#6643=AXIS2_PLACEMENT_3D('',#6640,#6641,#6642);
#6644=PLANE('',#6643);
#6645=ADVANCED_FACE('',(#6639),#6644,.T.);
#6646=CARTESIAN_POINT('',(265.7205,-66.86709,-380.));
#6647=VERTEX_POINT('',#6646);
#6648=DIRECTION('',(-0.70711,-0.70711,0.));
#6649=VECTOR('',#6648,1.55291);
#6650=LINE('',#6618,#6649);
#6651=EDGE_CURVE('',#6619,#6647,#6650,.T.);
#6652=ORIENTED_EDGE('',*,*,#6651,.T.);
#6653=CARTESIAN_POINT('',(265.7205,-66.86709,-72.));
#6654=VERTEX_POINT('',#6653);
#6655=DIRECTION('',(0.,0.,1.));
#6656=VECTOR('',#6655,308.);
#6657=LINE('',#6646,#6656);
#6658=EDGE_CURVE('',#6647,#6654,#6657,.T.);
#6659=ORIENTED_EDGE('',*,*,#6658,.T.);
#6660=DIRECTION('',(-0.70711,-0.70711,0.));
#6661=VECTOR('',#6660,1.55291);
#6662=LINE('',#6625,#6661);
#6663=EDGE_CURVE('',#6626,#6654,#6662,.T.);
#6664=ORIENTED_EDGE('',*,*,#6663,.F.);
#6665=ORIENTED_EDGE('',*,*,#6630,.F.);
#6666=EDGE_LOOP('',(#6652,#6659,#6664,#6665));
#6667=FACE_OUTER_BOUND('',#6666,.T.);
#6668=CARTESIAN_POINT('',(266.81857,-65.76901,-380.));
#6669=DIRECTION('',(-0.70711,0.70711,0.));
#6670=DIRECTION('',(-0.70711,-0.70711,0.));
#6671=AXIS2_PLACEMENT_3D('',#6668,#6669,#6670);
#6672=PLANE('',#6671);
#6673=ADVANCED_FACE('',(#6667),#6672,.T.);
#6674=CARTESIAN_POINT('',(265.31857,-68.36709,-380.));
#6675=VERTEX_POINT('',#6674);
#6676=DIRECTION('',(-0.25882,-0.96593,0.));
#6677=VECTOR('',#6676,1.55291);
#6678=LINE('',#6646,#6677);
#6679=EDGE_CURVE('',#6647,#6675,#6678,.T.);
#6680=ORIENTED_EDGE('',*,*,#6679,.T.);
#6681=CARTESIAN_POINT('',(265.31857,-68.36709,-72.));
#6682=VERTEX_POINT('',#6681);
#6683=DIRECTION('',(0.,0.,1.));
#6684=VECTOR('',#6683,308.);
#6685=LINE('',#6674,#6684);
#6686=EDGE_CURVE('',#6675,#6682,#6685,.T.);
#6687=ORIENTED_EDGE('',*,*,#6686,.T.);
#6688=DIRECTION('',(-0.25882,-0.96593,0.));
#6689=VECTOR('',#6688,1.55291);
#6690=LINE('',#6653,#6689);
#6691=EDGE_CURVE('',#6654,#6682,#6690,.T.);
#6692=ORIENTED_EDGE('',*,*,#6691,.F.);
#6693=ORIENTED_EDGE('',*,*,#6658,.F.);
#6694=EDGE_LOOP('',(#6680,#6687,#6692,#6693));
#6695=FACE_OUTER_BOUND('',#6694,.T.);
#6696=CARTESIAN_POINT('',(265.7205,-66.86709,-380.));
#6697=DIRECTION('',(-0.96593,0.25882,0.));
#6698=DIRECTION('',(-0.25882,-0.96593,0.));
#6699=AXIS2_PLACEMENT_3D('',#6696,#6697,#6698);
#6700=PLANE('',#6699);
#6701=ADVANCED_FACE('',(#6695),#6700,.T.);
#6702=CARTESIAN_POINT('',(265.7205,-69.86709,-380.));
#6703=VERTEX_POINT('',#6702);
#6704=DIRECTION('',(0.25882,-0.96593,0.));
#6705=VECTOR('',#6704,1.55291);
#6706=LINE('',#6674,#6705);
#6707=EDGE_CURVE('',#6675,#6703,#6706,.T.);
#6708=ORIENTED_EDGE('',*,*,#6707,.T.);
#6709=CARTESIAN_POINT('',(265.7205,-69.86709,-72.));
#6710=VERTEX_POINT('',#6709);
#6711=DIRECTION('',(0.,0.,1.));
#6712=VECTOR('',#6711,308.);
#6713=LINE('',#6702,#6712);
#6714=EDGE_CURVE('',#6703,#6710,#6713,.T.);
#6715=ORIENTED_EDGE('',*,*,#6714,.T.);
#6716=DIRECTION('',(0.25882,-0.96593,0.));
#6717=VECTOR('',#6716,1.55291);
#6718=LINE('',#6681,#6717);
#6719=EDGE_CURVE('',#6682,#6710,#6718,.T.);
#6720=ORIENTED_EDGE('',*,*,#6719,.F.);
#6721=ORIENTED_EDGE('',*,*,#6686,.F.);
#6722=EDGE_LOOP('',(#6708,#6715,#6720,#6721));
#6723=FACE_OUTER_BOUND('',#6722,.T.);
#6724=CARTESIAN_POINT('',(265.31857,-68.36709,-380.));
#6725=DIRECTION('',(-0.96593,-0.25882,0.));
#6726=DIRECTION('',(0.25882,-0.96593,0.));
#6727=AXIS2_PLACEMENT_3D('',#6724,#6725,#6726);
#6728=PLANE('',#6727);
#6729=ADVANCED_FACE('',(#6723),#6728,.T.);
#6730=CARTESIAN_POINT('',(266.81857,-70.96516,-380.));
#6731=VERTEX_POINT('',#6730);
#6732=DIRECTION('',(0.70711,-0.70711,0.));
#6733=VECTOR('',#6732,1.55291);
#6734=LINE('',#6702,#6733);
#6735=EDGE_CURVE('',#6703,#6731,#6734,.T.);
#6736=ORIENTED_EDGE('',*,*,#6735,.T.);
#6737=CARTESIAN_POINT('',(266.81857,-70.96516,-72.));
#6738=VERTEX_POINT('',#6737);
#6739=DIRECTION('',(0.,0.,1.));
#6740=VECTOR('',#6739,308.);
#6741=LINE('',#6730,#6740);
#6742=EDGE_CURVE('',#6731,#6738,#6741,.T.);
#6743=ORIENTED_EDGE('',*,*,#6742,.T.);
#6744=DIRECTION('',(0.70711,-0.70711,0.));
#6745=VECTOR('',#6744,1.55291);
#6746=LINE('',#6709,#6745);
#6747=EDGE_CURVE('',#6710,#6738,#6746,.T.);
#6748=ORIENTED_EDGE('',*,*,#6747,.F.);
#6749=ORIENTED_EDGE('',*,*,#6714,.F.);
#6750=EDGE_LOOP('',(#6736,#6743,#6748,#6749));
#6751=FACE_OUTER_BOUND('',#6750,.T.);
#6752=CARTESIAN_POINT('',(265.7205,-69.86709,-380.));
#6753=DIRECTION('',(-0.70711,-0.70711,0.));
#6754=DIRECTION('',(0.70711,-0.70711,0.));
#6755=AXIS2_PLACEMENT_3D('',#6752,#6753,#6754);
#6756=PLANE('',#6755);
#6757=ADVANCED_FACE('',(#6751),#6756,.T.);
#6758=CARTESIAN_POINT('',(268.31857,-71.36709,-380.));
#6759=VERTEX_POINT('',#6758);
#6760=DIRECTION('',(0.96593,-0.25882,0.));
#6761=VECTOR('',#6760,1.55291);
#6762=LINE('',#6730,#6761);
#6763=EDGE_CURVE('',#6731,#6759,#6762,.T.);
#6764=ORIENTED_EDGE('',*,*,#6763,.T.);
#6765=CARTESIAN_POINT('',(268.31857,-71.36709,-72.));
#6766=VERTEX_POINT('',#6765);
#6767=DIRECTION('',(0.,0.,1.));
#6768=VECTOR('',#6767,308.);
#6769=LINE('',#6758,#6768);
#6770=EDGE_CURVE('',#6759,#6766,#6769,.T.);
#6771=ORIENTED_EDGE('',*,*,#6770,.T.);
#6772=DIRECTION('',(0.96593,-0.25882,0.));
#6773=VECTOR('',#6772,1.55291);
#6774=LINE('',#6737,#6773);
#6775=EDGE_CURVE('',#6738,#6766,#6774,.T.);
#6776=ORIENTED_EDGE('',*,*,#6775,.F.);
#6777=ORIENTED_EDGE('',*,*,#6742,.F.);
#6778=EDGE_LOOP('',(#6764,#6771,#6776,#6777));
#6779=FACE_OUTER_BOUND('',#6778,.T.);
#6780=CARTESIAN_POINT('',(266.81857,-70.96516,-380.));
#6781=DIRECTION('',(-0.25882,-0.96593,0.));
#6782=DIRECTION('',(0.96593,-0.25882,0.));
#6783=AXIS2_PLACEMENT_3D('',#6780,#6781,#6782);
#6784=PLANE('',#6783);
#6785=ADVANCED_FACE('',(#6779),#6784,.T.);
#6786=CARTESIAN_POINT('',(269.81857,-70.96516,-380.));
#6787=VERTEX_POINT('',#6786);
#6788=DIRECTION('',(0.96593,0.25882,0.));
#6789=VECTOR('',#6788,1.55291);
#6790=LINE('',#6758,#6789);
#6791=EDGE_CURVE('',#6759,#6787,#6790,.T.);
#6792=ORIENTED_EDGE('',*,*,#6791,.T.);
#6793=CARTESIAN_POINT('',(269.81857,-70.96516,-72.));
#6794=VERTEX_POINT('',#6793);
#6795=DIRECTION('',(0.,0.,1.));
#6796=VECTOR('',#6795,308.);
#6797=LINE('',#6786,#6796);
#6798=EDGE_CURVE('',#6787,#6794,#6797,.T.);
#6799=ORIENTED_EDGE('',*,*,#6798,.T.);
#6800=DIRECTION('',(0.96593,0.25882,0.));
#6801=VECTOR('',#6800,1.55291);
#6802=LINE('',#6765,#6801);
#6803=EDGE_CURVE('',#6766,#6794,#6802,.T.);
#6804=ORIENTED_EDGE('',*,*,#6803,.F.);
#6805=ORIENTED_EDGE('',*,*,#6770,.F.);
#6806=EDGE_LOOP('',(#6792,#6799,#6804,#6805));
#6807=FACE_OUTER_BOUND('',#6806,.T.);
#6808=CARTESIAN_POINT('',(268.31857,-71.36709,-380.));
#6809=DIRECTION('',(0.25882,-0.96593,0.));
#6810=DIRECTION('',(0.96593,0.25882,0.));
#6811=AXIS2_PLACEMENT_3D('',#6808,#6809,#6810);
#6812=PLANE('',#6811);
#6813=ADVANCED_FACE('',(#6807),#6812,.T.);
#6814=CARTESIAN_POINT('',(270.91665,-69.86709,-380.));
#6815=VERTEX_POINT('',#6814);
#6816=DIRECTION('',(0.70711,0.70711,0.));
#6817=VECTOR('',#6816,1.55291);
#6818=LINE('',#6786,#6817);
#6819=EDGE_CURVE('',#6787,#6815,#6818,.T.);
#6820=ORIENTED_EDGE('',*,*,#6819,.T.);
#6821=CARTESIAN_POINT('',(270.91665,-69.86709,-72.));
#6822=VERTEX_POINT('',#6821);
#6823=DIRECTION('',(0.,0.,1.));
#6824=VECTOR('',#6823,308.);
#6825=LINE('',#6814,#6824);
#6826=EDGE_CURVE('',#6815,#6822,#6825,.T.);
#6827=ORIENTED_EDGE('',*,*,#6826,.T.);
#6828=DIRECTION('',(0.70711,0.70711,0.));
#6829=VECTOR('',#6828,1.55291);
#6830=LINE('',#6793,#6829);
#6831=EDGE_CURVE('',#6794,#6822,#6830,.T.);
#6832=ORIENTED_EDGE('',*,*,#6831,.F.);
#6833=ORIENTED_EDGE('',*,*,#6798,.F.);
#6834=EDGE_LOOP('',(#6820,#6827,#6832,#6833));
#6835=FACE_OUTER_BOUND('',#6834,.T.);
#6836=CARTESIAN_POINT('',(269.81857,-70.96516,-380.));
#6837=DIRECTION('',(0.70711,-0.70711,0.));
#6838=DIRECTION('',(0.70711,0.70711,0.));
#6839=AXIS2_PLACEMENT_3D('',#6836,#6837,#6838);
#6840=PLANE('',#6839);
#6841=ADVANCED_FACE('',(#6835),#6840,.T.);
#6842=DIRECTION('',(-0.25882,-0.96593,0.));
#6843=VECTOR('',#6842,1.55291);
#6844=LINE('',#6526,#6843);
#6845=EDGE_CURVE('',#6527,#6815,#6844,.T.);
#6846=ORIENTED_EDGE('',*,*,#6845,.F.);
#6847=ORIENTED_EDGE('',*,*,#6552,.T.);
#6848=DIRECTION('',(-0.25882,-0.96593,0.));
#6849=VECTOR('',#6848,1.55291);
#6850=LINE('',#6542,#6849);
#6851=EDGE_CURVE('',#6543,#6822,#6850,.T.);
#6852=ORIENTED_EDGE('',*,*,#6851,.T.);
#6853=ORIENTED_EDGE('',*,*,#6826,.F.);
#6854=EDGE_LOOP('',(#6846,#6847,#6852,#6853));
#6855=FACE_OUTER_BOUND('',#6854,.T.);
#6856=CARTESIAN_POINT('',(270.91665,-69.86709,-380.));
#6857=DIRECTION('',(0.96593,-0.25882,0.));
#6858=DIRECTION('',(0.25882,0.96593,0.));
#6859=AXIS2_PLACEMENT_3D('',#6856,#6857,#6858);
#6860=PLANE('',#6859);
#6861=ADVANCED_FACE('',(#6855),#6860,.T.);
#6862=ORIENTED_EDGE('',*,*,#6819,.F.);
#6863=ORIENTED_EDGE('',*,*,#6791,.F.);
#6864=ORIENTED_EDGE('',*,*,#6763,.F.);
#6865=ORIENTED_EDGE('',*,*,#6735,.F.);
#6866=ORIENTED_EDGE('',*,*,#6707,.F.);
#6867=ORIENTED_EDGE('',*,*,#6679,.F.);
#6868=ORIENTED_EDGE('',*,*,#6651,.F.);
#6869=ORIENTED_EDGE('',*,*,#6623,.F.);
#6870=ORIENTED_EDGE('',*,*,#6595,.F.);
#6871=ORIENTED_EDGE('',*,*,#6567,.F.);
#6872=ORIENTED_EDGE('',*,*,#6533,.F.);
#6873=ORIENTED_EDGE('',*,*,#6845,.T.);
#6874=EDGE_LOOP('',(#6862,#6863,#6864,#6865,#6866,#6867,#6868,#6869,#6870,#6871,#6872,#6873));
#6875=FACE_OUTER_BOUND('',#6874,.T.);
#6876=CARTESIAN_POINT('',(270.91665,-69.86709,-380.));
#6877=DIRECTION('',(0.,0.,-1.));
#6878=DIRECTION('',(-0.70711,-0.70711,0.));
#6879=AXIS2_PLACEMENT_3D('',#6876,#6877,#6878);
#6880=PLANE('',#6879);
#6881=ADVANCED_FACE('',(#6875),#6880,.T.);
#6882=ORIENTED_EDGE('',*,*,#6547,.T.);
#6883=ORIENTED_EDGE('',*,*,#6579,.T.);
#6884=ORIENTED_EDGE('',*,*,#6607,.T.);
#6885=ORIENTED_EDGE('',*,*,#6635,.T.);
#6886=ORIENTED_EDGE('',*,*,#6663,.T.);
#6887=ORIENTED_EDGE('',*,*,#6691,.T.);
#6888=ORIENTED_EDGE('',*,*,#6719,.T.);
#6889=ORIENTED_EDGE('',*,*,#6747,.T.);
#6890=ORIENTED_EDGE('',*,*,#6775,.T.);
#6891=ORIENTED_EDGE('',*,*,#6803,.T.);
#6892=ORIENTED_EDGE('',*,*,#6831,.T.);
#6893=ORIENTED_EDGE('',*,*,#6851,.F.);
#6894=EDGE_LOOP('',(#6882,#6883,#6884,#6885,#6886,#6887,#6888,#6889,#6890,#6891,#6892,#6893));
#6895=FACE_OUTER_BOUND('',#6894,.T.);
#6896=CARTESIAN_POINT('',(271.31857,-68.36709,-72.));
#6897=DIRECTION('',(0.,0.,1.));
#6898=DIRECTION('',(-0.25882,0.96593,0.));
#6899=AXIS2_PLACEMENT_3D('',#6896,#6897,#6898);
#6900=PLANE('',#6899);
#6901=ADVANCED_FACE('',(#6895),#6900,.T.);
#6902=CLOSED_SHELL('',(#6561,#6589,#6617,#6645,#6673,#6701,#6729,#6757,#6785,#6813,#6841,#6861,#6881,#6901));
#6903=MANIFOLD_SOLID_BREP('',#6902);
#6904=STYLED_ITEM('color',(#4250),#6903);
#6905=CARTESIAN_POINT('',(311.36709,-28.31857,-380.));
#6906=VERTEX_POINT('',#6905);
#6907=CARTESIAN_POINT('',(310.96516,-26.81857,-380.));
#6908=VERTEX_POINT('',#6907);
#6909=DIRECTION('',(-0.25882,0.96593,0.));
#6910=VECTOR('',#6909,1.55291);
#6911=LINE('',#6905,#6910);
#6912=EDGE_CURVE('',#6906,#6908,#6911,.T.);
#6913=ORIENTED_EDGE('',*,*,#6912,.T.);
#6914=CARTESIAN_POINT('',(310.96516,-26.81857,-72.));
#6915=VERTEX_POINT('',#6914);
#6916=DIRECTION('',(0.,0.,1.));
#6917=VECTOR('',#6916,308.);
#6918=LINE('',#6907,#6917);
#6919=EDGE_CURVE('',#6908,#6915,#6918,.T.);
#6920=ORIENTED_EDGE('',*,*,#6919,.T.);
#6921=CARTESIAN_POINT('',(311.36709,-28.31857,-72.));
#6922=VERTEX_POINT('',#6921);
#6923=DIRECTION('',(-0.25882,0.96593,0.));
#6924=VECTOR('',#6923,1.55291);
#6925=LINE('',#6921,#6924);
#6926=EDGE_CURVE('',#6922,#6915,#6925,.T.);
#6927=ORIENTED_EDGE('',*,*,#6926,.F.);
#6928=DIRECTION('',(0.,0.,1.));
#6929=VECTOR('',#6928,308.);
#6930=LINE('',#6905,#6929);
#6931=EDGE_CURVE('',#6906,#6922,#6930,.T.);
#6932=ORIENTED_EDGE('',*,*,#6931,.F.);
#6933=EDGE_LOOP('',(#6913,#6920,#6927,#6932));
#6934=FACE_OUTER_BOUND('',#6933,.T.);
#6935=CARTESIAN_POINT('',(311.36709,-28.31857,-380.));
#6936=DIRECTION('',(0.96593,0.25882,0.));
#6937=DIRECTION('',(-0.25882,0.96593,0.));
#6938=AXIS2_PLACEMENT_3D('',#6935,#6936,#6937);
#6939=PLANE('',#6938);
#6940=ADVANCED_FACE('',(#6934),#6939,.T.);
#6941=CARTESIAN_POINT('',(309.86709,-25.7205,-380.));
#6942=VERTEX_POINT('',#6941);
#6943=DIRECTION('',(-0.70711,0.70711,0.));
#6944=VECTOR('',#6943,1.55291);
#6945=LINE('',#6907,#6944);
#6946=EDGE_CURVE('',#6908,#6942,#6945,.T.);
#6947=ORIENTED_EDGE('',*,*,#6946,.T.);
#6948=CARTESIAN_POINT('',(309.86709,-25.7205,-72.));
#6949=VERTEX_POINT('',#6948);
#6950=DIRECTION('',(0.,0.,1.));
#6951=VECTOR('',#6950,308.);
#6952=LINE('',#6941,#6951);
#6953=EDGE_CURVE('',#6942,#6949,#6952,.T.);
#6954=ORIENTED_EDGE('',*,*,#6953,.T.);
#6955=DIRECTION('',(-0.70711,0.70711,0.));
#6956=VECTOR('',#6955,1.55291);
#6957=LINE('',#6914,#6956);
#6958=EDGE_CURVE('',#6915,#6949,#6957,.T.);
#6959=ORIENTED_EDGE('',*,*,#6958,.F.);
#6960=ORIENTED_EDGE('',*,*,#6919,.F.);
#6961=EDGE_LOOP('',(#6947,#6954,#6959,#6960));
#6962=FACE_OUTER_BOUND('',#6961,.T.);
#6963=CARTESIAN_POINT('',(310.96516,-26.81857,-380.));
#6964=DIRECTION('',(0.70711,0.70711,0.));
#6965=DIRECTION('',(-0.70711,0.70711,0.));
#6966=AXIS2_PLACEMENT_3D('',#6963,#6964,#6965);
#6967=PLANE('',#6966);
#6968=ADVANCED_FACE('',(#6962),#6967,.T.);
#6969=CARTESIAN_POINT('',(308.36709,-25.31857,-380.));
#6970=VERTEX_POINT('',#6969);
#6971=DIRECTION('',(-0.96593,0.25882,0.));
#6972=VECTOR('',#6971,1.55291);
#6973=LINE('',#6941,#6972);
#6974=EDGE_CURVE('',#6942,#6970,#6973,.T.);
#6975=ORIENTED_EDGE('',*,*,#6974,.T.);
#6976=CARTESIAN_POINT('',(308.36709,-25.31857,-72.));
#6977=VERTEX_POINT('',#6976);
#6978=DIRECTION('',(0.,0.,1.));
#6979=VECTOR('',#6978,308.);
#6980=LINE('',#6969,#6979);
#6981=EDGE_CURVE('',#6970,#6977,#6980,.T.);
#6982=ORIENTED_EDGE('',*,*,#6981,.T.);
#6983=DIRECTION('',(-0.96593,0.25882,0.));
#6984=VECTOR('',#6983,1.55291);
#6985=LINE('',#6948,#6984);
#6986=EDGE_CURVE('',#6949,#6977,#6985,.T.);
#6987=ORIENTED_EDGE('',*,*,#6986,.F.);
#6988=ORIENTED_EDGE('',*,*,#6953,.F.);
#6989=EDGE_LOOP('',(#6975,#6982,#6987,#6988));
#6990=FACE_OUTER_BOUND('',#6989,.T.);
#6991=CARTESIAN_POINT('',(309.86709,-25.7205,-380.));
#6992=DIRECTION('',(0.25882,0.96593,0.));
#6993=DIRECTION('',(-0.96593,0.25882,0.));
#6994=AXIS2_PLACEMENT_3D('',#6991,#6992,#6993);
#6995=PLANE('',#6994);
#6996=ADVANCED_FACE('',(#6990),#6995,.T.);
#6997=CARTESIAN_POINT('',(306.86709,-25.7205,-380.));
#6998=VERTEX_POINT('',#6997);
#6999=DIRECTION('',(-0.96593,-0.25882,0.));
#7000=VECTOR('',#6999,1.55291);
#7001=LINE('',#6969,#7000);
#7002=EDGE_CURVE('',#6970,#6998,#7001,.T.);
#7003=ORIENTED_EDGE('',*,*,#7002,.T.);
#7004=CARTESIAN_POINT('',(306.86709,-25.7205,-72.));
#7005=VERTEX_POINT('',#7004);
#7006=DIRECTION('',(0.,0.,1.));
#7007=VECTOR('',#7006,308.);
#7008=LINE('',#6997,#7007);
#7009=EDGE_CURVE('',#6998,#7005,#7008,.T.);
#7010=ORIENTED_EDGE('',*,*,#7009,.T.);
#7011=DIRECTION('',(-0.96593,-0.25882,0.));
#7012=VECTOR('',#7011,1.55291);
#7013=LINE('',#6976,#7012);
#7014=EDGE_CURVE('',#6977,#7005,#7013,.T.);
#7015=ORIENTED_EDGE('',*,*,#7014,.F.);
#7016=ORIENTED_EDGE('',*,*,#6981,.F.);
#7017=EDGE_LOOP('',(#7003,#7010,#7015,#7016));
#7018=FACE_OUTER_BOUND('',#7017,.T.);
#7019=CARTESIAN_POINT('',(308.36709,-25.31857,-380.));
#7020=DIRECTION('',(-0.25882,0.96593,0.));
#7021=DIRECTION('',(-0.96593,-0.25882,0.));
#7022=AXIS2_PLACEMENT_3D('',#7019,#7020,#7021);
#7023=PLANE('',#7022);
#7024=ADVANCED_FACE('',(#7018),#7023,.T.);
#7025=CARTESIAN_POINT('',(305.76901,-26.81857,-380.));
#7026=VERTEX_POINT('',#7025);
#7027=DIRECTION('',(-0.70711,-0.70711,0.));
#7028=VECTOR('',#7027,1.55291);
#7029=LINE('',#6997,#7028);
#7030=EDGE_CURVE('',#6998,#7026,#7029,.T.);
#7031=ORIENTED_EDGE('',*,*,#7030,.T.);
#7032=CARTESIAN_POINT('',(305.76901,-26.81857,-72.));
#7033=VERTEX_POINT('',#7032);
#7034=DIRECTION('',(0.,0.,1.));
#7035=VECTOR('',#7034,308.);
#7036=LINE('',#7025,#7035);
#7037=EDGE_CURVE('',#7026,#7033,#7036,.T.);
#7038=ORIENTED_EDGE('',*,*,#7037,.T.);
#7039=DIRECTION('',(-0.70711,-0.70711,0.));
#7040=VECTOR('',#7039,1.55291);
#7041=LINE('',#7004,#7040);
#7042=EDGE_CURVE('',#7005,#7033,#7041,.T.);
#7043=ORIENTED_EDGE('',*,*,#7042,.F.);
#7044=ORIENTED_EDGE('',*,*,#7009,.F.);
#7045=EDGE_LOOP('',(#7031,#7038,#7043,#7044));
#7046=FACE_OUTER_BOUND('',#7045,.T.);
#7047=CARTESIAN_POINT('',(306.86709,-25.7205,-380.));
#7048=DIRECTION('',(-0.70711,0.70711,0.));
#7049=DIRECTION('',(-0.70711,-0.70711,0.));
#7050=AXIS2_PLACEMENT_3D('',#7047,#7048,#7049);
#7051=PLANE('',#7050);
#7052=ADVANCED_FACE('',(#7046),#7051,.T.);
#7053=CARTESIAN_POINT('',(305.36709,-28.31857,-380.));
#7054=VERTEX_POINT('',#7053);
#7055=DIRECTION('',(-0.25882,-0.96593,0.));
#7056=VECTOR('',#7055,1.55291);
#7057=LINE('',#7025,#7056);
#7058=EDGE_CURVE('',#7026,#7054,#7057,.T.);
#7059=ORIENTED_EDGE('',*,*,#7058,.T.);
#7060=CARTESIAN_POINT('',(305.36709,-28.31857,-72.));
#7061=VERTEX_POINT('',#7060);
#7062=DIRECTION('',(0.,0.,1.));
#7063=VECTOR('',#7062,308.);
#7064=LINE('',#7053,#7063);
#7065=EDGE_CURVE('',#7054,#7061,#7064,.T.);
#7066=ORIENTED_EDGE('',*,*,#7065,.T.);
#7067=DIRECTION('',(-0.25882,-0.96593,0.));
#7068=VECTOR('',#7067,1.55291);
#7069=LINE('',#7032,#7068);
#7070=EDGE_CURVE('',#7033,#7061,#7069,.T.);
#7071=ORIENTED_EDGE('',*,*,#7070,.F.);
#7072=ORIENTED_EDGE('',*,*,#7037,.F.);
#7073=EDGE_LOOP('',(#7059,#7066,#7071,#7072));
#7074=FACE_OUTER_BOUND('',#7073,.T.);
#7075=CARTESIAN_POINT('',(305.76901,-26.81857,-380.));
#7076=DIRECTION('',(-0.96593,0.25882,0.));
#7077=DIRECTION('',(-0.25882,-0.96593,0.));
#7078=AXIS2_PLACEMENT_3D('',#7075,#7076,#7077);
#7079=PLANE('',#7078);
#7080=ADVANCED_FACE('',(#7074),#7079,.T.);
#7081=CARTESIAN_POINT('',(305.76901,-29.81857,-380.));
#7082=VERTEX_POINT('',#7081);
#7083=DIRECTION('',(0.25882,-0.96593,0.));
#7084=VECTOR('',#7083,1.55291);
#7085=LINE('',#7053,#7084);
#7086=EDGE_CURVE('',#7054,#7082,#7085,.T.);
#7087=ORIENTED_EDGE('',*,*,#7086,.T.);
#7088=CARTESIAN_POINT('',(305.76901,-29.81857,-72.));
#7089=VERTEX_POINT('',#7088);
#7090=DIRECTION('',(0.,0.,1.));
#7091=VECTOR('',#7090,308.);
#7092=LINE('',#7081,#7091);
#7093=EDGE_CURVE('',#7082,#7089,#7092,.T.);
#7094=ORIENTED_EDGE('',*,*,#7093,.T.);
#7095=DIRECTION('',(0.25882,-0.96593,0.));
#7096=VECTOR('',#7095,1.55291);
#7097=LINE('',#7060,#7096);
#7098=EDGE_CURVE('',#7061,#7089,#7097,.T.);
#7099=ORIENTED_EDGE('',*,*,#7098,.F.);
#7100=ORIENTED_EDGE('',*,*,#7065,.F.);
#7101=EDGE_LOOP('',(#7087,#7094,#7099,#7100));
#7102=FACE_OUTER_BOUND('',#7101,.T.);
#7103=CARTESIAN_POINT('',(305.36709,-28.31857,-380.));
#7104=DIRECTION('',(-0.96593,-0.25882,0.));
#7105=DIRECTION('',(0.25882,-0.96593,0.));
#7106=AXIS2_PLACEMENT_3D('',#7103,#7104,#7105);
#7107=PLANE('',#7106);
#7108=ADVANCED_FACE('',(#7102),#7107,.T.);
#7109=CARTESIAN_POINT('',(306.86709,-30.91665,-380.));
#7110=VERTEX_POINT('',#7109);
#7111=DIRECTION('',(0.70711,-0.70711,0.));
#7112=VECTOR('',#7111,1.55291);
#7113=LINE('',#7081,#7112);
#7114=EDGE_CURVE('',#7082,#7110,#7113,.T.);
#7115=ORIENTED_EDGE('',*,*,#7114,.T.);
#7116=CARTESIAN_POINT('',(306.86709,-30.91665,-72.));
#7117=VERTEX_POINT('',#7116);
#7118=DIRECTION('',(0.,0.,1.));
#7119=VECTOR('',#7118,308.);
#7120=LINE('',#7109,#7119);
#7121=EDGE_CURVE('',#7110,#7117,#7120,.T.);
#7122=ORIENTED_EDGE('',*,*,#7121,.T.);
#7123=DIRECTION('',(0.70711,-0.70711,0.));
#7124=VECTOR('',#7123,1.55291);
#7125=LINE('',#7088,#7124);
#7126=EDGE_CURVE('',#7089,#7117,#7125,.T.);
#7127=ORIENTED_EDGE('',*,*,#7126,.F.);
#7128=ORIENTED_EDGE('',*,*,#7093,.F.);
#7129=EDGE_LOOP('',(#7115,#7122,#7127,#7128));
#7130=FACE_OUTER_BOUND('',#7129,.T.);
#7131=CARTESIAN_POINT('',(305.76901,-29.81857,-380.));
#7132=DIRECTION('',(-0.70711,-0.70711,0.));
#7133=DIRECTION('',(0.70711,-0.70711,0.));
#7134=AXIS2_PLACEMENT_3D('',#7131,#7132,#7133);
#7135=PLANE('',#7134);
#7136=ADVANCED_FACE('',(#7130),#7135,.T.);
#7137=CARTESIAN_POINT('',(308.36709,-31.31857,-380.));
#7138=VERTEX_POINT('',#7137);
#7139=DIRECTION('',(0.96593,-0.25882,0.));
#7140=VECTOR('',#7139,1.55291);
#7141=LINE('',#7109,#7140);
#7142=EDGE_CURVE('',#7110,#7138,#7141,.T.);
#7143=ORIENTED_EDGE('',*,*,#7142,.T.);
#7144=CARTESIAN_POINT('',(308.36709,-31.31857,-72.));
#7145=VERTEX_POINT('',#7144);
#7146=DIRECTION('',(0.,0.,1.));
#7147=VECTOR('',#7146,308.);
#7148=LINE('',#7137,#7147);
#7149=EDGE_CURVE('',#7138,#7145,#7148,.T.);
#7150=ORIENTED_EDGE('',*,*,#7149,.T.);
#7151=DIRECTION('',(0.96593,-0.25882,0.));
#7152=VECTOR('',#7151,1.55291);
#7153=LINE('',#7116,#7152);
#7154=EDGE_CURVE('',#7117,#7145,#7153,.T.);
#7155=ORIENTED_EDGE('',*,*,#7154,.F.);
#7156=ORIENTED_EDGE('',*,*,#7121,.F.);
#7157=EDGE_LOOP('',(#7143,#7150,#7155,#7156));
#7158=FACE_OUTER_BOUND('',#7157,.T.);
#7159=CARTESIAN_POINT('',(306.86709,-30.91665,-380.));
#7160=DIRECTION('',(-0.25882,-0.96593,0.));
#7161=DIRECTION('',(0.96593,-0.25882,0.));
#7162=AXIS2_PLACEMENT_3D('',#7159,#7160,#7161);
#7163=PLANE('',#7162);
#7164=ADVANCED_FACE('',(#7158),#7163,.T.);
#7165=CARTESIAN_POINT('',(309.86709,-30.91665,-380.));
#7166=VERTEX_POINT('',#7165);
#7167=DIRECTION('',(0.96593,0.25882,0.));
#7168=VECTOR('',#7167,1.55291);
#7169=LINE('',#7137,#7168);
#7170=EDGE_CURVE('',#7138,#7166,#7169,.T.);
#7171=ORIENTED_EDGE('',*,*,#7170,.T.);
#7172=CARTESIAN_POINT('',(309.86709,-30.91665,-72.));
#7173=VERTEX_POINT('',#7172);
#7174=DIRECTION('',(0.,0.,1.));
#7175=VECTOR('',#7174,308.);
#7176=LINE('',#7165,#7175);
#7177=EDGE_CURVE('',#7166,#7173,#7176,.T.);
#7178=ORIENTED_EDGE('',*,*,#7177,.T.);
#7179=DIRECTION('',(0.96593,0.25882,0.));
#7180=VECTOR('',#7179,1.55291);
#7181=LINE('',#7144,#7180);
#7182=EDGE_CURVE('',#7145,#7173,#7181,.T.);
#7183=ORIENTED_EDGE('',*,*,#7182,.F.);
#7184=ORIENTED_EDGE('',*,*,#7149,.F.);
#7185=EDGE_LOOP('',(#7171,#7178,#7183,#7184));
#7186=FACE_OUTER_BOUND('',#7185,.T.);
#7187=CARTESIAN_POINT('',(308.36709,-31.31857,-380.));
#7188=DIRECTION('',(0.25882,-0.96593,0.));
#7189=DIRECTION('',(0.96593,0.25882,0.));
#7190=AXIS2_PLACEMENT_3D('',#7187,#7188,#7189);
#7191=PLANE('',#7190);
#7192=ADVANCED_FACE('',(#7186),#7191,.T.);
#7193=CARTESIAN_POINT('',(310.96516,-29.81857,-380.));
#7194=VERTEX_POINT('',#7193);
#7195=DIRECTION('',(0.70711,0.70711,0.));
#7196=VECTOR('',#7195,1.55291);
#7197=LINE('',#7165,#7196);
#7198=EDGE_CURVE('',#7166,#7194,#7197,.T.);
#7199=ORIENTED_EDGE('',*,*,#7198,.T.);
#7200=CARTESIAN_POINT('',(310.96516,-29.81857,-72.));
#7201=VERTEX_POINT('',#7200);
#7202=DIRECTION('',(0.,0.,1.));
#7203=VECTOR('',#7202,308.);
#7204=LINE('',#7193,#7203);
#7205=EDGE_CURVE('',#7194,#7201,#7204,.T.);
#7206=ORIENTED_EDGE('',*,*,#7205,.T.);
#7207=DIRECTION('',(0.70711,0.70711,0.));
#7208=VECTOR('',#7207,1.55291);
#7209=LINE('',#7172,#7208);
#7210=EDGE_CURVE('',#7173,#7201,#7209,.T.);
#7211=ORIENTED_EDGE('',*,*,#7210,.F.);
#7212=ORIENTED_EDGE('',*,*,#7177,.F.);
#7213=EDGE_LOOP('',(#7199,#7206,#7211,#7212));
#7214=FACE_OUTER_BOUND('',#7213,.T.);
#7215=CARTESIAN_POINT('',(309.86709,-30.91665,-380.));
#7216=DIRECTION('',(0.70711,-0.70711,0.));
#7217=DIRECTION('',(0.70711,0.70711,0.));
#7218=AXIS2_PLACEMENT_3D('',#7215,#7216,#7217);
#7219=PLANE('',#7218);
#7220=ADVANCED_FACE('',(#7214),#7219,.T.);
#7221=DIRECTION('',(-0.25882,-0.96593,0.));
#7222=VECTOR('',#7221,1.55291);
#7223=LINE('',#6905,#7222);
#7224=EDGE_CURVE('',#6906,#7194,#7223,.T.);
#7225=ORIENTED_EDGE('',*,*,#7224,.F.);
#7226=ORIENTED_EDGE('',*,*,#6931,.T.);
#7227=DIRECTION('',(-0.25882,-0.96593,0.));
#7228=VECTOR('',#7227,1.55291);
#7229=LINE('',#6921,#7228);
#7230=EDGE_CURVE('',#6922,#7201,#7229,.T.);
#7231=ORIENTED_EDGE('',*,*,#7230,.T.);
#7232=ORIENTED_EDGE('',*,*,#7205,.F.);
#7233=EDGE_LOOP('',(#7225,#7226,#7231,#7232));
#7234=FACE_OUTER_BOUND('',#7233,.T.);
#7235=CARTESIAN_POINT('',(310.96516,-29.81857,-380.));
#7236=DIRECTION('',(0.96593,-0.25882,0.));
#7237=DIRECTION('',(0.25882,0.96593,0.));
#7238=AXIS2_PLACEMENT_3D('',#7235,#7236,#7237);
#7239=PLANE('',#7238);
#7240=ADVANCED_FACE('',(#7234),#7239,.T.);
#7241=ORIENTED_EDGE('',*,*,#7198,.F.);
#7242=ORIENTED_EDGE('',*,*,#7170,.F.);
#7243=ORIENTED_EDGE('',*,*,#7142,.F.);
#7244=ORIENTED_EDGE('',*,*,#7114,.F.);
#7245=ORIENTED_EDGE('',*,*,#7086,.F.);
#7246=ORIENTED_EDGE('',*,*,#7058,.F.);
#7247=ORIENTED_EDGE('',*,*,#7030,.F.);
#7248=ORIENTED_EDGE('',*,*,#7002,.F.);
#7249=ORIENTED_EDGE('',*,*,#6974,.F.);
#7250=ORIENTED_EDGE('',*,*,#6946,.F.);
#7251=ORIENTED_EDGE('',*,*,#6912,.F.);
#7252=ORIENTED_EDGE('',*,*,#7224,.T.);
#7253=EDGE_LOOP('',(#7241,#7242,#7243,#7244,#7245,#7246,#7247,#7248,#7249,#7250,#7251,#7252));
#7254=FACE_OUTER_BOUND('',#7253,.T.);
#7255=CARTESIAN_POINT('',(310.96516,-29.81857,-380.));
#7256=DIRECTION('',(0.,0.,-1.));
#7257=DIRECTION('',(-0.70711,-0.70711,0.));
#7258=AXIS2_PLACEMENT_3D('',#7255,#7256,#7257);
#7259=PLANE('',#7258);
#7260=ADVANCED_FACE('',(#7254),#7259,.T.);
#7261=ORIENTED_EDGE('',*,*,#6926,.T.);
#7262=ORIENTED_EDGE('',*,*,#6958,.T.);
#7263=ORIENTED_EDGE('',*,*,#6986,.T.);
#7264=ORIENTED_EDGE('',*,*,#7014,.T.);
#7265=ORIENTED_EDGE('',*,*,#7042,.T.);
#7266=ORIENTED_EDGE('',*,*,#7070,.T.);
#7267=ORIENTED_EDGE('',*,*,#7098,.T.);
#7268=ORIENTED_EDGE('',*,*,#7126,.T.);
#7269=ORIENTED_EDGE('',*,*,#7154,.T.);
#7270=ORIENTED_EDGE('',*,*,#7182,.T.);
#7271=ORIENTED_EDGE('',*,*,#7210,.T.);
#7272=ORIENTED_EDGE('',*,*,#7230,.F.);
#7273=EDGE_LOOP('',(#7261,#7262,#7263,#7264,#7265,#7266,#7267,#7268,#7269,#7270,#7271,#7272));
#7274=FACE_OUTER_BOUND('',#7273,.T.);
#7275=CARTESIAN_POINT('',(311.36709,-28.31857,-72.));
#7276=DIRECTION('',(0.,0.,1.));
#7277=DIRECTION('',(-0.25882,0.96593,0.));
#7278=AXIS2_PLACEMENT_3D('',#7275,#7276,#7277);
#7279=PLANE('',#7278);
#7280=ADVANCED_FACE('',(#7274),#7279,.T.);
#7281=CLOSED_SHELL('',(#6940,#6968,#6996,#7024,#7052,#7080,#7108,#7136,#7164,#7192,#7220,#7240,#7260,#7280));
#7282=MANIFOLD_SOLID_BREP('',#7281);
#7283=STYLED_ITEM('color',(#4250),#7282);
#7284=CARTESIAN_POINT('',(320.,0.,-170.));
#7285=VERTEX_POINT('',#7284);
#7286=CARTESIAN_POINT('',(319.31559,10.4421,-170.));
#7287=VERTEX_POINT('',#7286);
#7288=DIRECTION('',(-0.0654,0.99786,0.));
#7289=VECTOR('',#7288,10.4645);
#7290=LINE('',#7284,#7289);
#7291=EDGE_CURVE('',#7285,#7287,#7290,.T.);
#7292=ORIENTED_EDGE('',*,*,#7291,.T.);
#7293=CARTESIAN_POINT('',(319.31559,10.4421,-166.));
#7294=VERTEX_POINT('',#7293);
#7295=DIRECTION('',(0.,0.,1.));
#7296=VECTOR('',#7295,4.);
#7297=LINE('',#7286,#7296);
#7298=EDGE_CURVE('',#7287,#7294,#7297,.T.);
#7299=ORIENTED_EDGE('',*,*,#7298,.T.);
#7300=CARTESIAN_POINT('',(320.,0.,-166.));
#7301=VERTEX_POINT('',#7300);
#7302=DIRECTION('',(-0.0654,0.99786,0.));
#7303=VECTOR('',#7302,10.4645);
#7304=LINE('',#7300,#7303);
#7305=EDGE_CURVE('',#7301,#7294,#7304,.T.);
#7306=ORIENTED_EDGE('',*,*,#7305,.F.);
#7307=DIRECTION('',(0.,0.,1.));
#7308=VECTOR('',#7307,4.);
#7309=LINE('',#7284,#7308);
#7310=EDGE_CURVE('',#7285,#7301,#7309,.T.);
#7311=ORIENTED_EDGE('',*,*,#7310,.F.);
#7312=EDGE_LOOP('',(#7292,#7299,#7306,#7311));
#7313=FACE_OUTER_BOUND('',#7312,.T.);
#7314=CARTESIAN_POINT('',(320.,0.,-170.));
#7315=DIRECTION('',(0.99786,0.0654,0.));
#7316=DIRECTION('',(-0.0654,0.99786,0.));
#7317=AXIS2_PLACEMENT_3D('',#7314,#7315,#7316);
#7318=PLANE('',#7317);
#7319=ADVANCED_FACE('',(#7313),#7318,.T.);
#7320=CARTESIAN_POINT('',(317.27407,20.70552,-170.));
#7321=VERTEX_POINT('',#7320);
#7322=DIRECTION('',(-0.19509,0.98079,0.));
#7323=VECTOR('',#7322,10.4645);
#7324=LINE('',#7286,#7323);
#7325=EDGE_CURVE('',#7287,#7321,#7324,.T.);
#7326=ORIENTED_EDGE('',*,*,#7325,.T.);
#7327=CARTESIAN_POINT('',(317.27407,20.70552,-166.));
#7328=VERTEX_POINT('',#7327);
#7329=DIRECTION('',(0.,0.,1.));
#7330=VECTOR('',#7329,4.);
#7331=LINE('',#7320,#7330);
#7332=EDGE_CURVE('',#7321,#7328,#7331,.T.);
#7333=ORIENTED_EDGE('',*,*,#7332,.T.);
#7334=DIRECTION('',(-0.19509,0.98079,0.));
#7335=VECTOR('',#7334,10.4645);
#7336=LINE('',#7293,#7335);
#7337=EDGE_CURVE('',#7294,#7328,#7336,.T.);
#7338=ORIENTED_EDGE('',*,*,#7337,.F.);
#7339=ORIENTED_EDGE('',*,*,#7298,.F.);
#7340=EDGE_LOOP('',(#7326,#7333,#7338,#7339));
#7341=FACE_OUTER_BOUND('',#7340,.T.);
#7342=CARTESIAN_POINT('',(319.31559,10.4421,-170.));
#7343=DIRECTION('',(0.98079,0.19509,0.));
#7344=DIRECTION('',(-0.19509,0.98079,0.));
#7345=AXIS2_PLACEMENT_3D('',#7342,#7343,#7344);
#7346=PLANE('',#7345);
#7347=ADVANCED_FACE('',(#7341),#7346,.T.);
#7348=CARTESIAN_POINT('',(313.91036,30.61467,-170.));
#7349=VERTEX_POINT('',#7348);
#7350=DIRECTION('',(-0.32144,0.94693,0.));
#7351=VECTOR('',#7350,10.4645);
#7352=LINE('',#7320,#7351);
#7353=EDGE_CURVE('',#7321,#7349,#7352,.T.);
#7354=ORIENTED_EDGE('',*,*,#7353,.T.);
#7355=CARTESIAN_POINT('',(313.91036,30.61467,-166.));
#7356=VERTEX_POINT('',#7355);
#7357=DIRECTION('',(0.,0.,1.));
#7358=VECTOR('',#7357,4.);
#7359=LINE('',#7348,#7358);
#7360=EDGE_CURVE('',#7349,#7356,#7359,.T.);
#7361=ORIENTED_EDGE('',*,*,#7360,.T.);
#7362=DIRECTION('',(-0.32144,0.94693,0.));
#7363=VECTOR('',#7362,10.4645);
#7364=LINE('',#7327,#7363);
#7365=EDGE_CURVE('',#7328,#7356,#7364,.T.);
#7366=ORIENTED_EDGE('',*,*,#7365,.F.);
#7367=ORIENTED_EDGE('',*,*,#7332,.F.);
#7368=EDGE_LOOP('',(#7354,#7361,#7366,#7367));
#7369=FACE_OUTER_BOUND('',#7368,.T.);
#7370=CARTESIAN_POINT('',(317.27407,20.70552,-170.));
#7371=DIRECTION('',(0.94693,0.32144,0.));
#7372=DIRECTION('',(-0.32144,0.94693,0.));
#7373=AXIS2_PLACEMENT_3D('',#7370,#7371,#7372);
#7374=PLANE('',#7373);
#7375=ADVANCED_FACE('',(#7369),#7374,.T.);
#7376=CARTESIAN_POINT('',(309.28203,40.,-170.));
#7377=VERTEX_POINT('',#7376);
#7378=DIRECTION('',(-0.44229,0.89687,0.));
#7379=VECTOR('',#7378,10.4645);
#7380=LINE('',#7348,#7379);
#7381=EDGE_CURVE('',#7349,#7377,#7380,.T.);
#7382=ORIENTED_EDGE('',*,*,#7381,.T.);
#7383=CARTESIAN_POINT('',(309.28203,40.,-166.));
#7384=VERTEX_POINT('',#7383);
#7385=DIRECTION('',(0.,0.,1.));
#7386=VECTOR('',#7385,4.);
#7387=LINE('',#7376,#7386);
#7388=EDGE_CURVE('',#7377,#7384,#7387,.T.);
#7389=ORIENTED_EDGE('',*,*,#7388,.T.);
#7390=DIRECTION('',(-0.44229,0.89687,0.));
#7391=VECTOR('',#7390,10.4645);
#7392=LINE('',#7355,#7391);
#7393=EDGE_CURVE('',#7356,#7384,#7392,.T.);
#7394=ORIENTED_EDGE('',*,*,#7393,.F.);
#7395=ORIENTED_EDGE('',*,*,#7360,.F.);
#7396=EDGE_LOOP('',(#7382,#7389,#7394,#7395));
#7397=FACE_OUTER_BOUND('',#7396,.T.);
#7398=CARTESIAN_POINT('',(313.91036,30.61467,-170.));
#7399=DIRECTION('',(0.89687,0.44229,0.));
#7400=DIRECTION('',(-0.44229,0.89687,0.));
#7401=AXIS2_PLACEMENT_3D('',#7398,#7399,#7400);
#7402=PLANE('',#7401);
#7403=ADVANCED_FACE('',(#7397),#7402,.T.);
#7404=CARTESIAN_POINT('',(303.46827,48.70091,-170.));
#7405=VERTEX_POINT('',#7404);
#7406=DIRECTION('',(-0.55557,0.83147,0.));
#7407=VECTOR('',#7406,10.4645);
#7408=LINE('',#7376,#7407);
#7409=EDGE_CURVE('',#7377,#7405,#7408,.T.);
#7410=ORIENTED_EDGE('',*,*,#7409,.T.);
#7411=CARTESIAN_POINT('',(303.46827,48.70091,-166.));
#7412=VERTEX_POINT('',#7411);
#7413=DIRECTION('',(0.,0.,1.));
#7414=VECTOR('',#7413,4.);
#7415=LINE('',#7404,#7414);
#7416=EDGE_CURVE('',#7405,#7412,#7415,.T.);
#7417=ORIENTED_EDGE('',*,*,#7416,.T.);
#7418=DIRECTION('',(-0.55557,0.83147,0.));
#7419=VECTOR('',#7418,10.4645);
#7420=LINE('',#7383,#7419);
#7421=EDGE_CURVE('',#7384,#7412,#7420,.T.);
#7422=ORIENTED_EDGE('',*,*,#7421,.F.);
#7423=ORIENTED_EDGE('',*,*,#7388,.F.);
#7424=EDGE_LOOP('',(#7410,#7417,#7422,#7423));
#7425=FACE_OUTER_BOUND('',#7424,.T.);
#7426=CARTESIAN_POINT('',(309.28203,40.,-170.));
#7427=DIRECTION('',(0.83147,0.55557,0.));
#7428=DIRECTION('',(-0.55557,0.83147,0.));
#7429=AXIS2_PLACEMENT_3D('',#7426,#7427,#7428);
#7430=PLANE('',#7429);
#7431=ADVANCED_FACE('',(#7425),#7430,.T.);
#7432=CARTESIAN_POINT('',(296.56854,56.56854,-170.));
#7433=VERTEX_POINT('',#7432);
#7434=DIRECTION('',(-0.65935,0.75184,0.));
#7435=VECTOR('',#7434,10.4645);
#7436=LINE('',#7404,#7435);
#7437=EDGE_CURVE('',#7405,#7433,#7436,.T.);
#7438=ORIENTED_EDGE('',*,*,#7437,.T.);
#7439=CARTESIAN_POINT('',(296.56854,56.56854,-166.));
#7440=VERTEX_POINT('',#7439);
#7441=DIRECTION('',(0.,0.,1.));
#7442=VECTOR('',#7441,4.);
#7443=LINE('',#7432,#7442);
#7444=EDGE_CURVE('',#7433,#7440,#7443,.T.);
#7445=ORIENTED_EDGE('',*,*,#7444,.T.);
#7446=DIRECTION('',(-0.65935,0.75184,0.));
#7447=VECTOR('',#7446,10.4645);
#7448=LINE('',#7411,#7447);
#7449=EDGE_CURVE('',#7412,#7440,#7448,.T.);
#7450=ORIENTED_EDGE('',*,*,#7449,.F.);
#7451=ORIENTED_EDGE('',*,*,#7416,.F.);
#7452=EDGE_LOOP('',(#7438,#7445,#7450,#7451));
#7453=FACE_OUTER_BOUND('',#7452,.T.);
#7454=CARTESIAN_POINT('',(303.46827,48.70091,-170.));
#7455=DIRECTION('',(0.75184,0.65935,0.));
#7456=DIRECTION('',(-0.65935,0.75184,0.));
#7457=AXIS2_PLACEMENT_3D('',#7454,#7455,#7456);
#7458=PLANE('',#7457);
#7459=ADVANCED_FACE('',(#7453),#7458,.T.);
#7460=CARTESIAN_POINT('',(288.70091,63.46827,-170.));
#7461=VERTEX_POINT('',#7460);
#7462=DIRECTION('',(-0.75184,0.65935,0.));
#7463=VECTOR('',#7462,10.4645);
#7464=LINE('',#7432,#7463);
#7465=EDGE_CURVE('',#7433,#7461,#7464,.T.);
#7466=ORIENTED_EDGE('',*,*,#7465,.T.);
#7467=CARTESIAN_POINT('',(288.70091,63.46827,-166.));
#7468=VERTEX_POINT('',#7467);
#7469=DIRECTION('',(0.,0.,1.));
#7470=VECTOR('',#7469,4.);
#7471=LINE('',#7460,#7470);
#7472=EDGE_CURVE('',#7461,#7468,#7471,.T.);
#7473=ORIENTED_EDGE('',*,*,#7472,.T.);
#7474=DIRECTION('',(-0.75184,0.65935,0.));
#7475=VECTOR('',#7474,10.4645);
#7476=LINE('',#7439,#7475);
#7477=EDGE_CURVE('',#7440,#7468,#7476,.T.);
#7478=ORIENTED_EDGE('',*,*,#7477,.F.);
#7479=ORIENTED_EDGE('',*,*,#7444,.F.);
#7480=EDGE_LOOP('',(#7466,#7473,#7478,#7479));
#7481=FACE_OUTER_BOUND('',#7480,.T.);
#7482=CARTESIAN_POINT('',(296.56854,56.56854,-170.));
#7483=DIRECTION('',(0.65935,0.75184,0.));
#7484=DIRECTION('',(-0.75184,0.65935,0.));
#7485=AXIS2_PLACEMENT_3D('',#7482,#7483,#7484);
#7486=PLANE('',#7485);
#7487=ADVANCED_FACE('',(#7481),#7486,.T.);
#7488=CARTESIAN_POINT('',(280.,69.28203,-170.));
#7489=VERTEX_POINT('',#7488);
#7490=DIRECTION('',(-0.83147,0.55557,0.));
#7491=VECTOR('',#7490,10.4645);
#7492=LINE('',#7460,#7491);
#7493=EDGE_CURVE('',#7461,#7489,#7492,.T.);
#7494=ORIENTED_EDGE('',*,*,#7493,.T.);
#7495=CARTESIAN_POINT('',(280.,69.28203,-166.));
#7496=VERTEX_POINT('',#7495);
#7497=DIRECTION('',(0.,0.,1.));
#7498=VECTOR('',#7497,4.);
#7499=LINE('',#7488,#7498);
#7500=EDGE_CURVE('',#7489,#7496,#7499,.T.);
#7501=ORIENTED_EDGE('',*,*,#7500,.T.);
#7502=DIRECTION('',(-0.83147,0.55557,0.));
#7503=VECTOR('',#7502,10.4645);
#7504=LINE('',#7467,#7503);
#7505=EDGE_CURVE('',#7468,#7496,#7504,.T.);
#7506=ORIENTED_EDGE('',*,*,#7505,.F.);
#7507=ORIENTED_EDGE('',*,*,#7472,.F.);
#7508=EDGE_LOOP('',(#7494,#7501,#7506,#7507));
#7509=FACE_OUTER_BOUND('',#7508,.T.);
#7510=CARTESIAN_POINT('',(288.70091,63.46827,-170.));
#7511=DIRECTION('',(0.55557,0.83147,0.));
#7512=DIRECTION('',(-0.83147,0.55557,0.));
#7513=AXIS2_PLACEMENT_3D('',#7510,#7511,#7512);
#7514=PLANE('',#7513);
#7515=ADVANCED_FACE('',(#7509),#7514,.T.);
#7516=CARTESIAN_POINT('',(270.61467,73.91036,-170.));
#7517=VERTEX_POINT('',#7516);
#7518=DIRECTION('',(-0.89687,0.44229,0.));
#7519=VECTOR('',#7518,10.4645);
#7520=LINE('',#7488,#7519);
#7521=EDGE_CURVE('',#7489,#7517,#7520,.T.);
#7522=ORIENTED_EDGE('',*,*,#7521,.T.);
#7523=CARTESIAN_POINT('',(270.61467,73.91036,-166.));
#7524=VERTEX_POINT('',#7523);
#7525=DIRECTION('',(0.,0.,1.));
#7526=VECTOR('',#7525,4.);
#7527=LINE('',#7516,#7526);
#7528=EDGE_CURVE('',#7517,#7524,#7527,.T.);
#7529=ORIENTED_EDGE('',*,*,#7528,.T.);
#7530=DIRECTION('',(-0.89687,0.44229,0.));
#7531=VECTOR('',#7530,10.4645);
#7532=LINE('',#7495,#7531);
#7533=EDGE_CURVE('',#7496,#7524,#7532,.T.);
#7534=ORIENTED_EDGE('',*,*,#7533,.F.);
#7535=ORIENTED_EDGE('',*,*,#7500,.F.);
#7536=EDGE_LOOP('',(#7522,#7529,#7534,#7535));
#7537=FACE_OUTER_BOUND('',#7536,.T.);
#7538=CARTESIAN_POINT('',(280.,69.28203,-170.));
#7539=DIRECTION('',(0.44229,0.89687,0.));
#7540=DIRECTION('',(-0.89687,0.44229,0.));
#7541=AXIS2_PLACEMENT_3D('',#7538,#7539,#7540);
#7542=PLANE('',#7541);
#7543=ADVANCED_FACE('',(#7537),#7542,.T.);
#7544=CARTESIAN_POINT('',(260.70552,77.27407,-170.));
#7545=VERTEX_POINT('',#7544);
#7546=DIRECTION('',(-0.94693,0.32144,0.));
#7547=VECTOR('',#7546,10.4645);
#7548=LINE('',#7516,#7547);
#7549=EDGE_CURVE('',#7517,#7545,#7548,.T.);
#7550=ORIENTED_EDGE('',*,*,#7549,.T.);
#7551=CARTESIAN_POINT('',(260.70552,77.27407,-166.));
#7552=VERTEX_POINT('',#7551);
#7553=DIRECTION('',(0.,0.,1.));
#7554=VECTOR('',#7553,4.);
#7555=LINE('',#7544,#7554);
#7556=EDGE_CURVE('',#7545,#7552,#7555,.T.);
#7557=ORIENTED_EDGE('',*,*,#7556,.T.);
#7558=DIRECTION('',(-0.94693,0.32144,0.));
#7559=VECTOR('',#7558,10.4645);
#7560=LINE('',#7523,#7559);
#7561=EDGE_CURVE('',#7524,#7552,#7560,.T.);
#7562=ORIENTED_EDGE('',*,*,#7561,.F.);
#7563=ORIENTED_EDGE('',*,*,#7528,.F.);
#7564=EDGE_LOOP('',(#7550,#7557,#7562,#7563));
#7565=FACE_OUTER_BOUND('',#7564,.T.);
#7566=CARTESIAN_POINT('',(270.61467,73.91036,-170.));
#7567=DIRECTION('',(0.32144,0.94693,0.));
#7568=DIRECTION('',(-0.94693,0.32144,0.));
#7569=AXIS2_PLACEMENT_3D('',#7566,#7567,#7568);
#7570=PLANE('',#7569);
#7571=ADVANCED_FACE('',(#7565),#7570,.T.);
#7572=CARTESIAN_POINT('',(250.4421,79.31559,-170.));
#7573=VERTEX_POINT('',#7572);
#7574=DIRECTION('',(-0.98079,0.19509,0.));
#7575=VECTOR('',#7574,10.4645);
#7576=LINE('',#7544,#7575);
#7577=EDGE_CURVE('',#7545,#7573,#7576,.T.);
#7578=ORIENTED_EDGE('',*,*,#7577,.T.);
#7579=CARTESIAN_POINT('',(250.4421,79.31559,-166.));
#7580=VERTEX_POINT('',#7579);
#7581=DIRECTION('',(0.,0.,1.));
#7582=VECTOR('',#7581,4.);
#7583=LINE('',#7572,#7582);
#7584=EDGE_CURVE('',#7573,#7580,#7583,.T.);
#7585=ORIENTED_EDGE('',*,*,#7584,.T.);
#7586=DIRECTION('',(-0.98079,0.19509,0.));
#7587=VECTOR('',#7586,10.4645);
#7588=LINE('',#7551,#7587);
#7589=EDGE_CURVE('',#7552,#7580,#7588,.T.);
#7590=ORIENTED_EDGE('',*,*,#7589,.F.);
#7591=ORIENTED_EDGE('',*,*,#7556,.F.);
#7592=EDGE_LOOP('',(#7578,#7585,#7590,#7591));
#7593=FACE_OUTER_BOUND('',#7592,.T.);
#7594=CARTESIAN_POINT('',(260.70552,77.27407,-170.));
#7595=DIRECTION('',(0.19509,0.98079,0.));
#7596=DIRECTION('',(-0.98079,0.19509,0.));
#7597=AXIS2_PLACEMENT_3D('',#7594,#7595,#7596);
#7598=PLANE('',#7597);
#7599=ADVANCED_FACE('',(#7593),#7598,.T.);
#7600=CARTESIAN_POINT('',(240.,80.,-170.));
#7601=VERTEX_POINT('',#7600);
#7602=DIRECTION('',(-0.99786,0.0654,0.));
#7603=VECTOR('',#7602,10.4645);
#7604=LINE('',#7572,#7603);
#7605=EDGE_CURVE('',#7573,#7601,#7604,.T.);
#7606=ORIENTED_EDGE('',*,*,#7605,.T.);
#7607=CARTESIAN_POINT('',(240.,80.,-166.));
#7608=VERTEX_POINT('',#7607);
#7609=DIRECTION('',(0.,0.,1.));
#7610=VECTOR('',#7609,4.);
#7611=LINE('',#7600,#7610);
#7612=EDGE_CURVE('',#7601,#7608,#7611,.T.);
#7613=ORIENTED_EDGE('',*,*,#7612,.T.);
#7614=DIRECTION('',(-0.99786,0.0654,0.));
#7615=VECTOR('',#7614,10.4645);
#7616=LINE('',#7579,#7615);
#7617=EDGE_CURVE('',#7580,#7608,#7616,.T.);
#7618=ORIENTED_EDGE('',*,*,#7617,.F.);
#7619=ORIENTED_EDGE('',*,*,#7584,.F.);
#7620=EDGE_LOOP('',(#7606,#7613,#7618,#7619));
#7621=FACE_OUTER_BOUND('',#7620,.T.);
#7622=CARTESIAN_POINT('',(250.4421,79.31559,-170.));
#7623=DIRECTION('',(0.0654,0.99786,0.));
#7624=DIRECTION('',(-0.99786,0.0654,0.));
#7625=AXIS2_PLACEMENT_3D('',#7622,#7623,#7624);
#7626=PLANE('',#7625);
#7627=ADVANCED_FACE('',(#7621),#7626,.T.);
#7628=CARTESIAN_POINT('',(229.5579,79.31559,-170.));
#7629=VERTEX_POINT('',#7628);
#7630=DIRECTION('',(-0.99786,-0.0654,0.));
#7631=VECTOR('',#7630,10.4645);
#7632=LINE('',#7600,#7631);
#7633=EDGE_CURVE('',#7601,#7629,#7632,.T.);
#7634=ORIENTED_EDGE('',*,*,#7633,.T.);
#7635=CARTESIAN_POINT('',(229.5579,79.31559,-166.));
#7636=VERTEX_POINT('',#7635);
#7637=DIRECTION('',(0.,0.,1.));
#7638=VECTOR('',#7637,4.);
#7639=LINE('',#7628,#7638);
#7640=EDGE_CURVE('',#7629,#7636,#7639,.T.);
#7641=ORIENTED_EDGE('',*,*,#7640,.T.);
#7642=DIRECTION('',(-0.99786,-0.0654,0.));
#7643=VECTOR('',#7642,10.4645);
#7644=LINE('',#7607,#7643);
#7645=EDGE_CURVE('',#7608,#7636,#7644,.T.);
#7646=ORIENTED_EDGE('',*,*,#7645,.F.);
#7647=ORIENTED_EDGE('',*,*,#7612,.F.);
#7648=EDGE_LOOP('',(#7634,#7641,#7646,#7647));
#7649=FACE_OUTER_BOUND('',#7648,.T.);
#7650=CARTESIAN_POINT('',(240.,80.,-170.));
#7651=DIRECTION('',(-0.0654,0.99786,0.));
#7652=DIRECTION('',(-0.99786,-0.0654,0.));
#7653=AXIS2_PLACEMENT_3D('',#7650,#7651,#7652);
#7654=PLANE('',#7653);
#7655=ADVANCED_FACE('',(#7649),#7654,.T.);
#7656=CARTESIAN_POINT('',(219.29448,77.27407,-170.));
#7657=VERTEX_POINT('',#7656);
#7658=DIRECTION('',(-0.98079,-0.19509,0.));
#7659=VECTOR('',#7658,10.4645);
#7660=LINE('',#7628,#7659);
#7661=EDGE_CURVE('',#7629,#7657,#7660,.T.);
#7662=ORIENTED_EDGE('',*,*,#7661,.T.);
#7663=CARTESIAN_POINT('',(219.29448,77.27407,-166.));
#7664=VERTEX_POINT('',#7663);
#7665=DIRECTION('',(0.,0.,1.));
#7666=VECTOR('',#7665,4.);
#7667=LINE('',#7656,#7666);
#7668=EDGE_CURVE('',#7657,#7664,#7667,.T.);
#7669=ORIENTED_EDGE('',*,*,#7668,.T.);
#7670=DIRECTION('',(-0.98079,-0.19509,0.));
#7671=VECTOR('',#7670,10.4645);
#7672=LINE('',#7635,#7671);
#7673=EDGE_CURVE('',#7636,#7664,#7672,.T.);
#7674=ORIENTED_EDGE('',*,*,#7673,.F.);
#7675=ORIENTED_EDGE('',*,*,#7640,.F.);
#7676=EDGE_LOOP('',(#7662,#7669,#7674,#7675));
#7677=FACE_OUTER_BOUND('',#7676,.T.);
#7678=CARTESIAN_POINT('',(229.5579,79.31559,-170.));
#7679=DIRECTION('',(-0.19509,0.98079,0.));
#7680=DIRECTION('',(-0.98079,-0.19509,0.));
#7681=AXIS2_PLACEMENT_3D('',#7678,#7679,#7680);
#7682=PLANE('',#7681);
#7683=ADVANCED_FACE('',(#7677),#7682,.T.);
#7684=CARTESIAN_POINT('',(209.38533,73.91036,-170.));
#7685=VERTEX_POINT('',#7684);
#7686=DIRECTION('',(-0.94693,-0.32144,0.));
#7687=VECTOR('',#7686,10.4645);
#7688=LINE('',#7656,#7687);
#7689=EDGE_CURVE('',#7657,#7685,#7688,.T.);
#7690=ORIENTED_EDGE('',*,*,#7689,.T.);
#7691=CARTESIAN_POINT('',(209.38533,73.91036,-166.));
#7692=VERTEX_POINT('',#7691);
#7693=DIRECTION('',(0.,0.,1.));
#7694=VECTOR('',#7693,4.);
#7695=LINE('',#7684,#7694);
#7696=EDGE_CURVE('',#7685,#7692,#7695,.T.);
#7697=ORIENTED_EDGE('',*,*,#7696,.T.);
#7698=DIRECTION('',(-0.94693,-0.32144,0.));
#7699=VECTOR('',#7698,10.4645);
#7700=LINE('',#7663,#7699);
#7701=EDGE_CURVE('',#7664,#7692,#7700,.T.);
#7702=ORIENTED_EDGE('',*,*,#7701,.F.);
#7703=ORIENTED_EDGE('',*,*,#7668,.F.);
#7704=EDGE_LOOP('',(#7690,#7697,#7702,#7703));
#7705=FACE_OUTER_BOUND('',#7704,.T.);
#7706=CARTESIAN_POINT('',(219.29448,77.27407,-170.));
#7707=DIRECTION('',(-0.32144,0.94693,0.));
#7708=DIRECTION('',(-0.94693,-0.32144,0.));
#7709=AXIS2_PLACEMENT_3D('',#7706,#7707,#7708);
#7710=PLANE('',#7709);
#7711=ADVANCED_FACE('',(#7705),#7710,.T.);
#7712=CARTESIAN_POINT('',(200.,69.28203,-170.));
#7713=VERTEX_POINT('',#7712);
#7714=DIRECTION('',(-0.89687,-0.44229,0.));
#7715=VECTOR('',#7714,10.4645);
#7716=LINE('',#7684,#7715);
#7717=EDGE_CURVE('',#7685,#7713,#7716,.T.);
#7718=ORIENTED_EDGE('',*,*,#7717,.T.);
#7719=CARTESIAN_POINT('',(200.,69.28203,-166.));
#7720=VERTEX_POINT('',#7719);
#7721=DIRECTION('',(0.,0.,1.));
#7722=VECTOR('',#7721,4.);
#7723=LINE('',#7712,#7722);
#7724=EDGE_CURVE('',#7713,#7720,#7723,.T.);
#7725=ORIENTED_EDGE('',*,*,#7724,.T.);
#7726=DIRECTION('',(-0.89687,-0.44229,0.));
#7727=VECTOR('',#7726,10.4645);
#7728=LINE('',#7691,#7727);
#7729=EDGE_CURVE('',#7692,#7720,#7728,.T.);
#7730=ORIENTED_EDGE('',*,*,#7729,.F.);
#7731=ORIENTED_EDGE('',*,*,#7696,.F.);
#7732=EDGE_LOOP('',(#7718,#7725,#7730,#7731));
#7733=FACE_OUTER_BOUND('',#7732,.T.);
#7734=CARTESIAN_POINT('',(209.38533,73.91036,-170.));
#7735=DIRECTION('',(-0.44229,0.89687,0.));
#7736=DIRECTION('',(-0.89687,-0.44229,0.));
#7737=AXIS2_PLACEMENT_3D('',#7734,#7735,#7736);
#7738=PLANE('',#7737);
#7739=ADVANCED_FACE('',(#7733),#7738,.T.);
#7740=CARTESIAN_POINT('',(191.29909,63.46827,-170.));
#7741=VERTEX_POINT('',#7740);
#7742=DIRECTION('',(-0.83147,-0.55557,0.));
#7743=VECTOR('',#7742,10.4645);
#7744=LINE('',#7712,#7743);
#7745=EDGE_CURVE('',#7713,#7741,#7744,.T.);
#7746=ORIENTED_EDGE('',*,*,#7745,.T.);
#7747=CARTESIAN_POINT('',(191.29909,63.46827,-166.));
#7748=VERTEX_POINT('',#7747);
#7749=DIRECTION('',(0.,0.,1.));
#7750=VECTOR('',#7749,4.);
#7751=LINE('',#7740,#7750);
#7752=EDGE_CURVE('',#7741,#7748,#7751,.T.);
#7753=ORIENTED_EDGE('',*,*,#7752,.T.);
#7754=DIRECTION('',(-0.83147,-0.55557,0.));
#7755=VECTOR('',#7754,10.4645);
#7756=LINE('',#7719,#7755);
#7757=EDGE_CURVE('',#7720,#7748,#7756,.T.);
#7758=ORIENTED_EDGE('',*,*,#7757,.F.);
#7759=ORIENTED_EDGE('',*,*,#7724,.F.);
#7760=EDGE_LOOP('',(#7746,#7753,#7758,#7759));
#7761=FACE_OUTER_BOUND('',#7760,.T.);
#7762=CARTESIAN_POINT('',(200.,69.28203,-170.));
#7763=DIRECTION('',(-0.55557,0.83147,0.));
#7764=DIRECTION('',(-0.83147,-0.55557,0.));
#7765=AXIS2_PLACEMENT_3D('',#7762,#7763,#7764);
#7766=PLANE('',#7765);
#7767=ADVANCED_FACE('',(#7761),#7766,.T.);
#7768=CARTESIAN_POINT('',(183.43146,56.56854,-170.));
#7769=VERTEX_POINT('',#7768);
#7770=DIRECTION('',(-0.75184,-0.65935,0.));
#7771=VECTOR('',#7770,10.4645);
#7772=LINE('',#7740,#7771);
#7773=EDGE_CURVE('',#7741,#7769,#7772,.T.);
#7774=ORIENTED_EDGE('',*,*,#7773,.T.);
#7775=CARTESIAN_POINT('',(183.43146,56.56854,-166.));
#7776=VERTEX_POINT('',#7775);
#7777=DIRECTION('',(0.,0.,1.));
#7778=VECTOR('',#7777,4.);
#7779=LINE('',#7768,#7778);
#7780=EDGE_CURVE('',#7769,#7776,#7779,.T.);
#7781=ORIENTED_EDGE('',*,*,#7780,.T.);
#7782=DIRECTION('',(-0.75184,-0.65935,0.));
#7783=VECTOR('',#7782,10.4645);
#7784=LINE('',#7747,#7783);
#7785=EDGE_CURVE('',#7748,#7776,#7784,.T.);
#7786=ORIENTED_EDGE('',*,*,#7785,.F.);
#7787=ORIENTED_EDGE('',*,*,#7752,.F.);
#7788=EDGE_LOOP('',(#7774,#7781,#7786,#7787));
#7789=FACE_OUTER_BOUND('',#7788,.T.);
#7790=CARTESIAN_POINT('',(191.29909,63.46827,-170.));
#7791=DIRECTION('',(-0.65935,0.75184,0.));
#7792=DIRECTION('',(-0.75184,-0.65935,0.));
#7793=AXIS2_PLACEMENT_3D('',#7790,#7791,#7792);
#7794=PLANE('',#7793);
#7795=ADVANCED_FACE('',(#7789),#7794,.T.);
#7796=CARTESIAN_POINT('',(176.53173,48.70091,-170.));
#7797=VERTEX_POINT('',#7796);
#7798=DIRECTION('',(-0.65935,-0.75184,0.));
#7799=VECTOR('',#7798,10.4645);
#7800=LINE('',#7768,#7799);
#7801=EDGE_CURVE('',#7769,#7797,#7800,.T.);
#7802=ORIENTED_EDGE('',*,*,#7801,.T.);
#7803=CARTESIAN_POINT('',(176.53173,48.70091,-166.));
#7804=VERTEX_POINT('',#7803);
#7805=DIRECTION('',(0.,0.,1.));
#7806=VECTOR('',#7805,4.);
#7807=LINE('',#7796,#7806);
#7808=EDGE_CURVE('',#7797,#7804,#7807,.T.);
#7809=ORIENTED_EDGE('',*,*,#7808,.T.);
#7810=DIRECTION('',(-0.65935,-0.75184,0.));
#7811=VECTOR('',#7810,10.4645);
#7812=LINE('',#7775,#7811);
#7813=EDGE_CURVE('',#7776,#7804,#7812,.T.);
#7814=ORIENTED_EDGE('',*,*,#7813,.F.);
#7815=ORIENTED_EDGE('',*,*,#7780,.F.);
#7816=EDGE_LOOP('',(#7802,#7809,#7814,#7815));
#7817=FACE_OUTER_BOUND('',#7816,.T.);
#7818=CARTESIAN_POINT('',(183.43146,56.56854,-170.));
#7819=DIRECTION('',(-0.75184,0.65935,0.));
#7820=DIRECTION('',(-0.65935,-0.75184,0.));
#7821=AXIS2_PLACEMENT_3D('',#7818,#7819,#7820);
#7822=PLANE('',#7821);
#7823=ADVANCED_FACE('',(#7817),#7822,.T.);
#7824=CARTESIAN_POINT('',(170.71797,40.,-170.));
#7825=VERTEX_POINT('',#7824);
#7826=DIRECTION('',(-0.55557,-0.83147,0.));
#7827=VECTOR('',#7826,10.4645);
#7828=LINE('',#7796,#7827);
#7829=EDGE_CURVE('',#7797,#7825,#7828,.T.);
#7830=ORIENTED_EDGE('',*,*,#7829,.T.);
#7831=CARTESIAN_POINT('',(170.71797,40.,-166.));
#7832=VERTEX_POINT('',#7831);
#7833=DIRECTION('',(0.,0.,1.));
#7834=VECTOR('',#7833,4.);
#7835=LINE('',#7824,#7834);
#7836=EDGE_CURVE('',#7825,#7832,#7835,.T.);
#7837=ORIENTED_EDGE('',*,*,#7836,.T.);
#7838=DIRECTION('',(-0.55557,-0.83147,0.));
#7839=VECTOR('',#7838,10.4645);
#7840=LINE('',#7803,#7839);
#7841=EDGE_CURVE('',#7804,#7832,#7840,.T.);
#7842=ORIENTED_EDGE('',*,*,#7841,.F.);
#7843=ORIENTED_EDGE('',*,*,#7808,.F.);
#7844=EDGE_LOOP('',(#7830,#7837,#7842,#7843));
#7845=FACE_OUTER_BOUND('',#7844,.T.);
#7846=CARTESIAN_POINT('',(176.53173,48.70091,-170.));
#7847=DIRECTION('',(-0.83147,0.55557,0.));
#7848=DIRECTION('',(-0.55557,-0.83147,0.));
#7849=AXIS2_PLACEMENT_3D('',#7846,#7847,#7848);
#7850=PLANE('',#7849);
#7851=ADVANCED_FACE('',(#7845),#7850,.T.);
#7852=CARTESIAN_POINT('',(166.08964,30.61467,-170.));
#7853=VERTEX_POINT('',#7852);
#7854=DIRECTION('',(-0.44229,-0.89687,0.));
#7855=VECTOR('',#7854,10.4645);
#7856=LINE('',#7824,#7855);
#7857=EDGE_CURVE('',#7825,#7853,#7856,.T.);
#7858=ORIENTED_EDGE('',*,*,#7857,.T.);
#7859=CARTESIAN_POINT('',(166.08964,30.61467,-166.));
#7860=VERTEX_POINT('',#7859);
#7861=DIRECTION('',(0.,0.,1.));
#7862=VECTOR('',#7861,4.);
#7863=LINE('',#7852,#7862);
#7864=EDGE_CURVE('',#7853,#7860,#7863,.T.);
#7865=ORIENTED_EDGE('',*,*,#7864,.T.);
#7866=DIRECTION('',(-0.44229,-0.89687,0.));
#7867=VECTOR('',#7866,10.4645);
#7868=LINE('',#7831,#7867);
#7869=EDGE_CURVE('',#7832,#7860,#7868,.T.);
#7870=ORIENTED_EDGE('',*,*,#7869,.F.);
#7871=ORIENTED_EDGE('',*,*,#7836,.F.);
#7872=EDGE_LOOP('',(#7858,#7865,#7870,#7871));
#7873=FACE_OUTER_BOUND('',#7872,.T.);
#7874=CARTESIAN_POINT('',(170.71797,40.,-170.));
#7875=DIRECTION('',(-0.89687,0.44229,0.));
#7876=DIRECTION('',(-0.44229,-0.89687,0.));
#7877=AXIS2_PLACEMENT_3D('',#7874,#7875,#7876);
#7878=PLANE('',#7877);
#7879=ADVANCED_FACE('',(#7873),#7878,.T.);
#7880=CARTESIAN_POINT('',(162.72593,20.70552,-170.));
#7881=VERTEX_POINT('',#7880);
#7882=DIRECTION('',(-0.32144,-0.94693,0.));
#7883=VECTOR('',#7882,10.4645);
#7884=LINE('',#7852,#7883);
#7885=EDGE_CURVE('',#7853,#7881,#7884,.T.);
#7886=ORIENTED_EDGE('',*,*,#7885,.T.);
#7887=CARTESIAN_POINT('',(162.72593,20.70552,-166.));
#7888=VERTEX_POINT('',#7887);
#7889=DIRECTION('',(0.,0.,1.));
#7890=VECTOR('',#7889,4.);
#7891=LINE('',#7880,#7890);
#7892=EDGE_CURVE('',#7881,#7888,#7891,.T.);
#7893=ORIENTED_EDGE('',*,*,#7892,.T.);
#7894=DIRECTION('',(-0.32144,-0.94693,0.));
#7895=VECTOR('',#7894,10.4645);
#7896=LINE('',#7859,#7895);
#7897=EDGE_CURVE('',#7860,#7888,#7896,.T.);
#7898=ORIENTED_EDGE('',*,*,#7897,.F.);
#7899=ORIENTED_EDGE('',*,*,#7864,.F.);
#7900=EDGE_LOOP('',(#7886,#7893,#7898,#7899));
#7901=FACE_OUTER_BOUND('',#7900,.T.);
#7902=CARTESIAN_POINT('',(166.08964,30.61467,-170.));
#7903=DIRECTION('',(-0.94693,0.32144,0.));
#7904=DIRECTION('',(-0.32144,-0.94693,0.));
#7905=AXIS2_PLACEMENT_3D('',#7902,#7903,#7904);
#7906=PLANE('',#7905);
#7907=ADVANCED_FACE('',(#7901),#7906,.T.);
#7908=CARTESIAN_POINT('',(160.68441,10.4421,-170.));
#7909=VERTEX_POINT('',#7908);
#7910=DIRECTION('',(-0.19509,-0.98079,0.));
#7911=VECTOR('',#7910,10.4645);
#7912=LINE('',#7880,#7911);
#7913=EDGE_CURVE('',#7881,#7909,#7912,.T.);
#7914=ORIENTED_EDGE('',*,*,#7913,.T.);
#7915=CARTESIAN_POINT('',(160.68441,10.4421,-166.));
#7916=VERTEX_POINT('',#7915);
#7917=DIRECTION('',(0.,0.,1.));
#7918=VECTOR('',#7917,4.);
#7919=LINE('',#7908,#7918);
#7920=EDGE_CURVE('',#7909,#7916,#7919,.T.);
#7921=ORIENTED_EDGE('',*,*,#7920,.T.);
#7922=DIRECTION('',(-0.19509,-0.98079,0.));
#7923=VECTOR('',#7922,10.4645);
#7924=LINE('',#7887,#7923);
#7925=EDGE_CURVE('',#7888,#7916,#7924,.T.);
#7926=ORIENTED_EDGE('',*,*,#7925,.F.);
#7927=ORIENTED_EDGE('',*,*,#7892,.F.);
#7928=EDGE_LOOP('',(#7914,#7921,#7926,#7927));
#7929=FACE_OUTER_BOUND('',#7928,.T.);
#7930=CARTESIAN_POINT('',(162.72593,20.70552,-170.));
#7931=DIRECTION('',(-0.98079,0.19509,0.));
#7932=DIRECTION('',(-0.19509,-0.98079,0.));
#7933=AXIS2_PLACEMENT_3D('',#7930,#7931,#7932);
#7934=PLANE('',#7933);
#7935=ADVANCED_FACE('',(#7929),#7934,.T.);
#7936=CARTESIAN_POINT('',(160.,0.,-170.));
#7937=VERTEX_POINT('',#7936);
#7938=DIRECTION('',(-0.0654,-0.99786,0.));
#7939=VECTOR('',#7938,10.4645);
#7940=LINE('',#7908,#7939);
#7941=EDGE_CURVE('',#7909,#7937,#7940,.T.);
#7942=ORIENTED_EDGE('',*,*,#7941,.T.);
#7943=CARTESIAN_POINT('',(160.,0.,-166.));
#7944=VERTEX_POINT('',#7943);
#7945=DIRECTION('',(0.,0.,1.));
#7946=VECTOR('',#7945,4.);
#7947=LINE('',#7936,#7946);
#7948=EDGE_CURVE('',#7937,#7944,#7947,.T.);
#7949=ORIENTED_EDGE('',*,*,#7948,.T.);
#7950=DIRECTION('',(-0.0654,-0.99786,0.));
#7951=VECTOR('',#7950,10.4645);
#7952=LINE('',#7915,#7951);
#7953=EDGE_CURVE('',#7916,#7944,#7952,.T.);
#7954=ORIENTED_EDGE('',*,*,#7953,.F.);
#7955=ORIENTED_EDGE('',*,*,#7920,.F.);
#7956=EDGE_LOOP('',(#7942,#7949,#7954,#7955));
#7957=FACE_OUTER_BOUND('',#7956,.T.);
#7958=CARTESIAN_POINT('',(160.68441,10.4421,-170.));
#7959=DIRECTION('',(-0.99786,0.0654,0.));
#7960=DIRECTION('',(-0.0654,-0.99786,0.));
#7961=AXIS2_PLACEMENT_3D('',#7958,#7959,#7960);
#7962=PLANE('',#7961);
#7963=ADVANCED_FACE('',(#7957),#7962,.T.);
#7964=CARTESIAN_POINT('',(160.68441,-10.4421,-170.));
#7965=VERTEX_POINT('',#7964);
#7966=DIRECTION('',(0.0654,-0.99786,0.));
#7967=VECTOR('',#7966,10.4645);
#7968=LINE('',#7936,#7967);
#7969=EDGE_CURVE('',#7937,#7965,#7968,.T.);
#7970=ORIENTED_EDGE('',*,*,#7969,.T.);
#7971=CARTESIAN_POINT('',(160.68441,-10.4421,-166.));
#7972=VERTEX_POINT('',#7971);
#7973=DIRECTION('',(0.,0.,1.));
#7974=VECTOR('',#7973,4.);
#7975=LINE('',#7964,#7974);
#7976=EDGE_CURVE('',#7965,#7972,#7975,.T.);
#7977=ORIENTED_EDGE('',*,*,#7976,.T.);
#7978=DIRECTION('',(0.0654,-0.99786,0.));
#7979=VECTOR('',#7978,10.4645);
#7980=LINE('',#7943,#7979);
#7981=EDGE_CURVE('',#7944,#7972,#7980,.T.);
#7982=ORIENTED_EDGE('',*,*,#7981,.F.);
#7983=ORIENTED_EDGE('',*,*,#7948,.F.);
#7984=EDGE_LOOP('',(#7970,#7977,#7982,#7983));
#7985=FACE_OUTER_BOUND('',#7984,.T.);
#7986=CARTESIAN_POINT('',(160.,0.,-170.));
#7987=DIRECTION('',(-0.99786,-0.0654,0.));
#7988=DIRECTION('',(0.0654,-0.99786,0.));
#7989=AXIS2_PLACEMENT_3D('',#7986,#7987,#7988);
#7990=PLANE('',#7989);
#7991=ADVANCED_FACE('',(#7985),#7990,.T.);
#7992=CARTESIAN_POINT('',(162.72593,-20.70552,-170.));
#7993=VERTEX_POINT('',#7992);
#7994=DIRECTION('',(0.19509,-0.98079,0.));
#7995=VECTOR('',#7994,10.4645);
#7996=LINE('',#7964,#7995);
#7997=EDGE_CURVE('',#7965,#7993,#7996,.T.);
#7998=ORIENTED_EDGE('',*,*,#7997,.T.);
#7999=CARTESIAN_POINT('',(162.72593,-20.70552,-166.));
#8000=VERTEX_POINT('',#7999);
#8001=DIRECTION('',(0.,0.,1.));
#8002=VECTOR('',#8001,4.);
#8003=LINE('',#7992,#8002);
#8004=EDGE_CURVE('',#7993,#8000,#8003,.T.);
#8005=ORIENTED_EDGE('',*,*,#8004,.T.);
#8006=DIRECTION('',(0.19509,-0.98079,0.));
#8007=VECTOR('',#8006,10.4645);
#8008=LINE('',#7971,#8007);
#8009=EDGE_CURVE('',#7972,#8000,#8008,.T.);
#8010=ORIENTED_EDGE('',*,*,#8009,.F.);
#8011=ORIENTED_EDGE('',*,*,#7976,.F.);
#8012=EDGE_LOOP('',(#7998,#8005,#8010,#8011));
#8013=FACE_OUTER_BOUND('',#8012,.T.);
#8014=CARTESIAN_POINT('',(160.68441,-10.4421,-170.));
#8015=DIRECTION('',(-0.98079,-0.19509,0.));
#8016=DIRECTION('',(0.19509,-0.98079,0.));
#8017=AXIS2_PLACEMENT_3D('',#8014,#8015,#8016);
#8018=PLANE('',#8017);
#8019=ADVANCED_FACE('',(#8013),#8018,.T.);
#8020=CARTESIAN_POINT('',(166.08964,-30.61467,-170.));
#8021=VERTEX_POINT('',#8020);
#8022=DIRECTION('',(0.32144,-0.94693,0.));
#8023=VECTOR('',#8022,10.4645);
#8024=LINE('',#7992,#8023);
#8025=EDGE_CURVE('',#7993,#8021,#8024,.T.);
#8026=ORIENTED_EDGE('',*,*,#8025,.T.);
#8027=CARTESIAN_POINT('',(166.08964,-30.61467,-166.));
#8028=VERTEX_POINT('',#8027);
#8029=DIRECTION('',(0.,0.,1.));
#8030=VECTOR('',#8029,4.);
#8031=LINE('',#8020,#8030);
#8032=EDGE_CURVE('',#8021,#8028,#8031,.T.);
#8033=ORIENTED_EDGE('',*,*,#8032,.T.);
#8034=DIRECTION('',(0.32144,-0.94693,0.));
#8035=VECTOR('',#8034,10.4645);
#8036=LINE('',#7999,#8035);
#8037=EDGE_CURVE('',#8000,#8028,#8036,.T.);
#8038=ORIENTED_EDGE('',*,*,#8037,.F.);
#8039=ORIENTED_EDGE('',*,*,#8004,.F.);
#8040=EDGE_LOOP('',(#8026,#8033,#8038,#8039));
#8041=FACE_OUTER_BOUND('',#8040,.T.);
#8042=CARTESIAN_POINT('',(162.72593,-20.70552,-170.));
#8043=DIRECTION('',(-0.94693,-0.32144,0.));
#8044=DIRECTION('',(0.32144,-0.94693,0.));
#8045=AXIS2_PLACEMENT_3D('',#8042,#8043,#8044);
#8046=PLANE('',#8045);
#8047=ADVANCED_FACE('',(#8041),#8046,.T.);
#8048=CARTESIAN_POINT('',(170.71797,-40.,-170.));
#8049=VERTEX_POINT('',#8048);
#8050=DIRECTION('',(0.44229,-0.89687,0.));
#8051=VECTOR('',#8050,10.4645);
#8052=LINE('',#8020,#8051);
#8053=EDGE_CURVE('',#8021,#8049,#8052,.T.);
#8054=ORIENTED_EDGE('',*,*,#8053,.T.);
#8055=CARTESIAN_POINT('',(170.71797,-40.,-166.));
#8056=VERTEX_POINT('',#8055);
#8057=DIRECTION('',(0.,0.,1.));
#8058=VECTOR('',#8057,4.);
#8059=LINE('',#8048,#8058);
#8060=EDGE_CURVE('',#8049,#8056,#8059,.T.);
#8061=ORIENTED_EDGE('',*,*,#8060,.T.);
#8062=DIRECTION('',(0.44229,-0.89687,0.));
#8063=VECTOR('',#8062,10.4645);
#8064=LINE('',#8027,#8063);
#8065=EDGE_CURVE('',#8028,#8056,#8064,.T.);
#8066=ORIENTED_EDGE('',*,*,#8065,.F.);
#8067=ORIENTED_EDGE('',*,*,#8032,.F.);
#8068=EDGE_LOOP('',(#8054,#8061,#8066,#8067));
#8069=FACE_OUTER_BOUND('',#8068,.T.);
#8070=CARTESIAN_POINT('',(166.08964,-30.61467,-170.));
#8071=DIRECTION('',(-0.89687,-0.44229,0.));
#8072=DIRECTION('',(0.44229,-0.89687,0.));
#8073=AXIS2_PLACEMENT_3D('',#8070,#8071,#8072);
#8074=PLANE('',#8073);
#8075=ADVANCED_FACE('',(#8069),#8074,.T.);
#8076=CARTESIAN_POINT('',(176.53173,-48.70091,-170.));
#8077=VERTEX_POINT('',#8076);
#8078=DIRECTION('',(0.55557,-0.83147,0.));
#8079=VECTOR('',#8078,10.4645);
#8080=LINE('',#8048,#8079);
#8081=EDGE_CURVE('',#8049,#8077,#8080,.T.);
#8082=ORIENTED_EDGE('',*,*,#8081,.T.);
#8083=CARTESIAN_POINT('',(176.53173,-48.70091,-166.));
#8084=VERTEX_POINT('',#8083);
#8085=DIRECTION('',(0.,0.,1.));
#8086=VECTOR('',#8085,4.);
#8087=LINE('',#8076,#8086);
#8088=EDGE_CURVE('',#8077,#8084,#8087,.T.);
#8089=ORIENTED_EDGE('',*,*,#8088,.T.);
#8090=DIRECTION('',(0.55557,-0.83147,0.));
#8091=VECTOR('',#8090,10.4645);
#8092=LINE('',#8055,#8091);
#8093=EDGE_CURVE('',#8056,#8084,#8092,.T.);
#8094=ORIENTED_EDGE('',*,*,#8093,.F.);
#8095=ORIENTED_EDGE('',*,*,#8060,.F.);
#8096=EDGE_LOOP('',(#8082,#8089,#8094,#8095));
#8097=FACE_OUTER_BOUND('',#8096,.T.);
#8098=CARTESIAN_POINT('',(170.71797,-40.,-170.));
#8099=DIRECTION('',(-0.83147,-0.55557,0.));
#8100=DIRECTION('',(0.55557,-0.83147,0.));
#8101=AXIS2_PLACEMENT_3D('',#8098,#8099,#8100);
#8102=PLANE('',#8101);
#8103=ADVANCED_FACE('',(#8097),#8102,.T.);
#8104=CARTESIAN_POINT('',(183.43146,-56.56854,-170.));
#8105=VERTEX_POINT('',#8104);
#8106=DIRECTION('',(0.65935,-0.75184,0.));
#8107=VECTOR('',#8106,10.4645);
#8108=LINE('',#8076,#8107);
#8109=EDGE_CURVE('',#8077,#8105,#8108,.T.);
#8110=ORIENTED_EDGE('',*,*,#8109,.T.);
#8111=CARTESIAN_POINT('',(183.43146,-56.56854,-166.));
#8112=VERTEX_POINT('',#8111);
#8113=DIRECTION('',(0.,0.,1.));
#8114=VECTOR('',#8113,4.);
#8115=LINE('',#8104,#8114);
#8116=EDGE_CURVE('',#8105,#8112,#8115,.T.);
#8117=ORIENTED_EDGE('',*,*,#8116,.T.);
#8118=DIRECTION('',(0.65935,-0.75184,0.));
#8119=VECTOR('',#8118,10.4645);
#8120=LINE('',#8083,#8119);
#8121=EDGE_CURVE('',#8084,#8112,#8120,.T.);
#8122=ORIENTED_EDGE('',*,*,#8121,.F.);
#8123=ORIENTED_EDGE('',*,*,#8088,.F.);
#8124=EDGE_LOOP('',(#8110,#8117,#8122,#8123));
#8125=FACE_OUTER_BOUND('',#8124,.T.);
#8126=CARTESIAN_POINT('',(176.53173,-48.70091,-170.));
#8127=DIRECTION('',(-0.75184,-0.65935,0.));
#8128=DIRECTION('',(0.65935,-0.75184,0.));
#8129=AXIS2_PLACEMENT_3D('',#8126,#8127,#8128);
#8130=PLANE('',#8129);
#8131=ADVANCED_FACE('',(#8125),#8130,.T.);
#8132=CARTESIAN_POINT('',(191.29909,-63.46827,-170.));
#8133=VERTEX_POINT('',#8132);
#8134=DIRECTION('',(0.75184,-0.65935,0.));
#8135=VECTOR('',#8134,10.4645);
#8136=LINE('',#8104,#8135);
#8137=EDGE_CURVE('',#8105,#8133,#8136,.T.);
#8138=ORIENTED_EDGE('',*,*,#8137,.T.);
#8139=CARTESIAN_POINT('',(191.29909,-63.46827,-166.));
#8140=VERTEX_POINT('',#8139);
#8141=DIRECTION('',(0.,0.,1.));
#8142=VECTOR('',#8141,4.);
#8143=LINE('',#8132,#8142);
#8144=EDGE_CURVE('',#8133,#8140,#8143,.T.);
#8145=ORIENTED_EDGE('',*,*,#8144,.T.);
#8146=DIRECTION('',(0.75184,-0.65935,0.));
#8147=VECTOR('',#8146,10.4645);
#8148=LINE('',#8111,#8147);
#8149=EDGE_CURVE('',#8112,#8140,#8148,.T.);
#8150=ORIENTED_EDGE('',*,*,#8149,.F.);
#8151=ORIENTED_EDGE('',*,*,#8116,.F.);
#8152=EDGE_LOOP('',(#8138,#8145,#8150,#8151));
#8153=FACE_OUTER_BOUND('',#8152,.T.);
#8154=CARTESIAN_POINT('',(183.43146,-56.56854,-170.));
#8155=DIRECTION('',(-0.65935,-0.75184,0.));
#8156=DIRECTION('',(0.75184,-0.65935,0.));
#8157=AXIS2_PLACEMENT_3D('',#8154,#8155,#8156);
#8158=PLANE('',#8157);
#8159=ADVANCED_FACE('',(#8153),#8158,.T.);
#8160=CARTESIAN_POINT('',(200.,-69.28203,-170.));
#8161=VERTEX_POINT('',#8160);
#8162=DIRECTION('',(0.83147,-0.55557,0.));
#8163=VECTOR('',#8162,10.4645);
#8164=LINE('',#8132,#8163);
#8165=EDGE_CURVE('',#8133,#8161,#8164,.T.);
#8166=ORIENTED_EDGE('',*,*,#8165,.T.);
#8167=CARTESIAN_POINT('',(200.,-69.28203,-166.));
#8168=VERTEX_POINT('',#8167);
#8169=DIRECTION('',(0.,0.,1.));
#8170=VECTOR('',#8169,4.);
#8171=LINE('',#8160,#8170);
#8172=EDGE_CURVE('',#8161,#8168,#8171,.T.);
#8173=ORIENTED_EDGE('',*,*,#8172,.T.);
#8174=DIRECTION('',(0.83147,-0.55557,0.));
#8175=VECTOR('',#8174,10.4645);
#8176=LINE('',#8139,#8175);
#8177=EDGE_CURVE('',#8140,#8168,#8176,.T.);
#8178=ORIENTED_EDGE('',*,*,#8177,.F.);
#8179=ORIENTED_EDGE('',*,*,#8144,.F.);
#8180=EDGE_LOOP('',(#8166,#8173,#8178,#8179));
#8181=FACE_OUTER_BOUND('',#8180,.T.);
#8182=CARTESIAN_POINT('',(191.29909,-63.46827,-170.));
#8183=DIRECTION('',(-0.55557,-0.83147,0.));
#8184=DIRECTION('',(0.83147,-0.55557,0.));
#8185=AXIS2_PLACEMENT_3D('',#8182,#8183,#8184);
#8186=PLANE('',#8185);
#8187=ADVANCED_FACE('',(#8181),#8186,.T.);
#8188=CARTESIAN_POINT('',(209.38533,-73.91036,-170.));
#8189=VERTEX_POINT('',#8188);
#8190=DIRECTION('',(0.89687,-0.44229,0.));
#8191=VECTOR('',#8190,10.4645);
#8192=LINE('',#8160,#8191);
#8193=EDGE_CURVE('',#8161,#8189,#8192,.T.);
#8194=ORIENTED_EDGE('',*,*,#8193,.T.);
#8195=CARTESIAN_POINT('',(209.38533,-73.91036,-166.));
#8196=VERTEX_POINT('',#8195);
#8197=DIRECTION('',(0.,0.,1.));
#8198=VECTOR('',#8197,4.);
#8199=LINE('',#8188,#8198);
#8200=EDGE_CURVE('',#8189,#8196,#8199,.T.);
#8201=ORIENTED_EDGE('',*,*,#8200,.T.);
#8202=DIRECTION('',(0.89687,-0.44229,0.));
#8203=VECTOR('',#8202,10.4645);
#8204=LINE('',#8167,#8203);
#8205=EDGE_CURVE('',#8168,#8196,#8204,.T.);
#8206=ORIENTED_EDGE('',*,*,#8205,.F.);
#8207=ORIENTED_EDGE('',*,*,#8172,.F.);
#8208=EDGE_LOOP('',(#8194,#8201,#8206,#8207));
#8209=FACE_OUTER_BOUND('',#8208,.T.);
#8210=CARTESIAN_POINT('',(200.,-69.28203,-170.));
#8211=DIRECTION('',(-0.44229,-0.89687,0.));
#8212=DIRECTION('',(0.89687,-0.44229,0.));
#8213=AXIS2_PLACEMENT_3D('',#8210,#8211,#8212);
#8214=PLANE('',#8213);
#8215=ADVANCED_FACE('',(#8209),#8214,.T.);
#8216=CARTESIAN_POINT('',(219.29448,-77.27407,-170.));
#8217=VERTEX_POINT('',#8216);
#8218=DIRECTION('',(0.94693,-0.32144,0.));
#8219=VECTOR('',#8218,10.4645);
#8220=LINE('',#8188,#8219);
#8221=EDGE_CURVE('',#8189,#8217,#8220,.T.);
#8222=ORIENTED_EDGE('',*,*,#8221,.T.);
#8223=CARTESIAN_POINT('',(219.29448,-77.27407,-166.));
#8224=VERTEX_POINT('',#8223);
#8225=DIRECTION('',(0.,0.,1.));
#8226=VECTOR('',#8225,4.);
#8227=LINE('',#8216,#8226);
#8228=EDGE_CURVE('',#8217,#8224,#8227,.T.);
#8229=ORIENTED_EDGE('',*,*,#8228,.T.);
#8230=DIRECTION('',(0.94693,-0.32144,0.));
#8231=VECTOR('',#8230,10.4645);
#8232=LINE('',#8195,#8231);
#8233=EDGE_CURVE('',#8196,#8224,#8232,.T.);
#8234=ORIENTED_EDGE('',*,*,#8233,.F.);
#8235=ORIENTED_EDGE('',*,*,#8200,.F.);
#8236=EDGE_LOOP('',(#8222,#8229,#8234,#8235));
#8237=FACE_OUTER_BOUND('',#8236,.T.);
#8238=CARTESIAN_POINT('',(209.38533,-73.91036,-170.));
#8239=DIRECTION('',(-0.32144,-0.94693,0.));
#8240=DIRECTION('',(0.94693,-0.32144,0.));
#8241=AXIS2_PLACEMENT_3D('',#8238,#8239,#8240);
#8242=PLANE('',#8241);
#8243=ADVANCED_FACE('',(#8237),#8242,.T.);
#8244=CARTESIAN_POINT('',(229.5579,-79.31559,-170.));
#8245=VERTEX_POINT('',#8244);
#8246=DIRECTION('',(0.98079,-0.19509,0.));
#8247=VECTOR('',#8246,10.4645);
#8248=LINE('',#8216,#8247);
#8249=EDGE_CURVE('',#8217,#8245,#8248,.T.);
#8250=ORIENTED_EDGE('',*,*,#8249,.T.);
#8251=CARTESIAN_POINT('',(229.5579,-79.31559,-166.));
#8252=VERTEX_POINT('',#8251);
#8253=DIRECTION('',(0.,0.,1.));
#8254=VECTOR('',#8253,4.);
#8255=LINE('',#8244,#8254);
#8256=EDGE_CURVE('',#8245,#8252,#8255,.T.);
#8257=ORIENTED_EDGE('',*,*,#8256,.T.);
#8258=DIRECTION('',(0.98079,-0.19509,0.));
#8259=VECTOR('',#8258,10.4645);
#8260=LINE('',#8223,#8259);
#8261=EDGE_CURVE('',#8224,#8252,#8260,.T.);
#8262=ORIENTED_EDGE('',*,*,#8261,.F.);
#8263=ORIENTED_EDGE('',*,*,#8228,.F.);
#8264=EDGE_LOOP('',(#8250,#8257,#8262,#8263));
#8265=FACE_OUTER_BOUND('',#8264,.T.);
#8266=CARTESIAN_POINT('',(219.29448,-77.27407,-170.));
#8267=DIRECTION('',(-0.19509,-0.98079,0.));
#8268=DIRECTION('',(0.98079,-0.19509,0.));
#8269=AXIS2_PLACEMENT_3D('',#8266,#8267,#8268);
#8270=PLANE('',#8269);
#8271=ADVANCED_FACE('',(#8265),#8270,.T.);
#8272=CARTESIAN_POINT('',(240.,-80.,-170.));
#8273=VERTEX_POINT('',#8272);
#8274=DIRECTION('',(0.99786,-0.0654,0.));
#8275=VECTOR('',#8274,10.4645);
#8276=LINE('',#8244,#8275);
#8277=EDGE_CURVE('',#8245,#8273,#8276,.T.);
#8278=ORIENTED_EDGE('',*,*,#8277,.T.);
#8279=CARTESIAN_POINT('',(240.,-80.,-166.));
#8280=VERTEX_POINT('',#8279);
#8281=DIRECTION('',(0.,0.,1.));
#8282=VECTOR('',#8281,4.);
#8283=LINE('',#8272,#8282);
#8284=EDGE_CURVE('',#8273,#8280,#8283,.T.);
#8285=ORIENTED_EDGE('',*,*,#8284,.T.);
#8286=DIRECTION('',(0.99786,-0.0654,0.));
#8287=VECTOR('',#8286,10.4645);
#8288=LINE('',#8251,#8287);
#8289=EDGE_CURVE('',#8252,#8280,#8288,.T.);
#8290=ORIENTED_EDGE('',*,*,#8289,.F.);
#8291=ORIENTED_EDGE('',*,*,#8256,.F.);
#8292=EDGE_LOOP('',(#8278,#8285,#8290,#8291));
#8293=FACE_OUTER_BOUND('',#8292,.T.);
#8294=CARTESIAN_POINT('',(229.5579,-79.31559,-170.));
#8295=DIRECTION('',(-0.0654,-0.99786,0.));
#8296=DIRECTION('',(0.99786,-0.0654,0.));
#8297=AXIS2_PLACEMENT_3D('',#8294,#8295,#8296);
#8298=PLANE('',#8297);
#8299=ADVANCED_FACE('',(#8293),#8298,.T.);
#8300=CARTESIAN_POINT('',(250.4421,-79.31559,-170.));
#8301=VERTEX_POINT('',#8300);
#8302=DIRECTION('',(0.99786,0.0654,0.));
#8303=VECTOR('',#8302,10.4645);
#8304=LINE('',#8272,#8303);
#8305=EDGE_CURVE('',#8273,#8301,#8304,.T.);
#8306=ORIENTED_EDGE('',*,*,#8305,.T.);
#8307=CARTESIAN_POINT('',(250.4421,-79.31559,-166.));
#8308=VERTEX_POINT('',#8307);
#8309=DIRECTION('',(0.,0.,1.));
#8310=VECTOR('',#8309,4.);
#8311=LINE('',#8300,#8310);
#8312=EDGE_CURVE('',#8301,#8308,#8311,.T.);
#8313=ORIENTED_EDGE('',*,*,#8312,.T.);
#8314=DIRECTION('',(0.99786,0.0654,0.));
#8315=VECTOR('',#8314,10.4645);
#8316=LINE('',#8279,#8315);
#8317=EDGE_CURVE('',#8280,#8308,#8316,.T.);
#8318=ORIENTED_EDGE('',*,*,#8317,.F.);
#8319=ORIENTED_EDGE('',*,*,#8284,.F.);
#8320=EDGE_LOOP('',(#8306,#8313,#8318,#8319));
#8321=FACE_OUTER_BOUND('',#8320,.T.);
#8322=CARTESIAN_POINT('',(240.,-80.,-170.));
#8323=DIRECTION('',(0.0654,-0.99786,0.));
#8324=DIRECTION('',(0.99786,0.0654,0.));
#8325=AXIS2_PLACEMENT_3D('',#8322,#8323,#8324);
#8326=PLANE('',#8325);
#8327=ADVANCED_FACE('',(#8321),#8326,.T.);
#8328=CARTESIAN_POINT('',(260.70552,-77.27407,-170.));
#8329=VERTEX_POINT('',#8328);
#8330=DIRECTION('',(0.98079,0.19509,0.));
#8331=VECTOR('',#8330,10.4645);
#8332=LINE('',#8300,#8331);
#8333=EDGE_CURVE('',#8301,#8329,#8332,.T.);
#8334=ORIENTED_EDGE('',*,*,#8333,.T.);
#8335=CARTESIAN_POINT('',(260.70552,-77.27407,-166.));
#8336=VERTEX_POINT('',#8335);
#8337=DIRECTION('',(0.,0.,1.));
#8338=VECTOR('',#8337,4.);
#8339=LINE('',#8328,#8338);
#8340=EDGE_CURVE('',#8329,#8336,#8339,.T.);
#8341=ORIENTED_EDGE('',*,*,#8340,.T.);
#8342=DIRECTION('',(0.98079,0.19509,0.));
#8343=VECTOR('',#8342,10.4645);
#8344=LINE('',#8307,#8343);
#8345=EDGE_CURVE('',#8308,#8336,#8344,.T.);
#8346=ORIENTED_EDGE('',*,*,#8345,.F.);
#8347=ORIENTED_EDGE('',*,*,#8312,.F.);
#8348=EDGE_LOOP('',(#8334,#8341,#8346,#8347));
#8349=FACE_OUTER_BOUND('',#8348,.T.);
#8350=CARTESIAN_POINT('',(250.4421,-79.31559,-170.));
#8351=DIRECTION('',(0.19509,-0.98079,0.));
#8352=DIRECTION('',(0.98079,0.19509,0.));
#8353=AXIS2_PLACEMENT_3D('',#8350,#8351,#8352);
#8354=PLANE('',#8353);
#8355=ADVANCED_FACE('',(#8349),#8354,.T.);
#8356=CARTESIAN_POINT('',(270.61467,-73.91036,-170.));
#8357=VERTEX_POINT('',#8356);
#8358=DIRECTION('',(0.94693,0.32144,0.));
#8359=VECTOR('',#8358,10.4645);
#8360=LINE('',#8328,#8359);
#8361=EDGE_CURVE('',#8329,#8357,#8360,.T.);
#8362=ORIENTED_EDGE('',*,*,#8361,.T.);
#8363=CARTESIAN_POINT('',(270.61467,-73.91036,-166.));
#8364=VERTEX_POINT('',#8363);
#8365=DIRECTION('',(0.,0.,1.));
#8366=VECTOR('',#8365,4.);
#8367=LINE('',#8356,#8366);
#8368=EDGE_CURVE('',#8357,#8364,#8367,.T.);
#8369=ORIENTED_EDGE('',*,*,#8368,.T.);
#8370=DIRECTION('',(0.94693,0.32144,0.));
#8371=VECTOR('',#8370,10.4645);
#8372=LINE('',#8335,#8371);
#8373=EDGE_CURVE('',#8336,#8364,#8372,.T.);
#8374=ORIENTED_EDGE('',*,*,#8373,.F.);
#8375=ORIENTED_EDGE('',*,*,#8340,.F.);
#8376=EDGE_LOOP('',(#8362,#8369,#8374,#8375));
#8377=FACE_OUTER_BOUND('',#8376,.T.);
#8378=CARTESIAN_POINT('',(260.70552,-77.27407,-170.));
#8379=DIRECTION('',(0.32144,-0.94693,0.));
#8380=DIRECTION('',(0.94693,0.32144,0.));
#8381=AXIS2_PLACEMENT_3D('',#8378,#8379,#8380);
#8382=PLANE('',#8381);
#8383=ADVANCED_FACE('',(#8377),#8382,.T.);
#8384=CARTESIAN_POINT('',(280.,-69.28203,-170.));
#8385=VERTEX_POINT('',#8384);
#8386=DIRECTION('',(0.89687,0.44229,0.));
#8387=VECTOR('',#8386,10.4645);
#8388=LINE('',#8356,#8387);
#8389=EDGE_CURVE('',#8357,#8385,#8388,.T.);
#8390=ORIENTED_EDGE('',*,*,#8389,.T.);
#8391=CARTESIAN_POINT('',(280.,-69.28203,-166.));
#8392=VERTEX_POINT('',#8391);
#8393=DIRECTION('',(0.,0.,1.));
#8394=VECTOR('',#8393,4.);
#8395=LINE('',#8384,#8394);
#8396=EDGE_CURVE('',#8385,#8392,#8395,.T.);
#8397=ORIENTED_EDGE('',*,*,#8396,.T.);
#8398=DIRECTION('',(0.89687,0.44229,0.));
#8399=VECTOR('',#8398,10.4645);
#8400=LINE('',#8363,#8399);
#8401=EDGE_CURVE('',#8364,#8392,#8400,.T.);
#8402=ORIENTED_EDGE('',*,*,#8401,.F.);
#8403=ORIENTED_EDGE('',*,*,#8368,.F.);
#8404=EDGE_LOOP('',(#8390,#8397,#8402,#8403));
#8405=FACE_OUTER_BOUND('',#8404,.T.);
#8406=CARTESIAN_POINT('',(270.61467,-73.91036,-170.));
#8407=DIRECTION('',(0.44229,-0.89687,0.));
#8408=DIRECTION('',(0.89687,0.44229,0.));
#8409=AXIS2_PLACEMENT_3D('',#8406,#8407,#8408);
#8410=PLANE('',#8409);
#8411=ADVANCED_FACE('',(#8405),#8410,.T.);
#8412=CARTESIAN_POINT('',(288.70091,-63.46827,-170.));
#8413=VERTEX_POINT('',#8412);
#8414=DIRECTION('',(0.83147,0.55557,0.));
#8415=VECTOR('',#8414,10.4645);
#8416=LINE('',#8384,#8415);
#8417=EDGE_CURVE('',#8385,#8413,#8416,.T.);
#8418=ORIENTED_EDGE('',*,*,#8417,.T.);
#8419=CARTESIAN_POINT('',(288.70091,-63.46827,-166.));
#8420=VERTEX_POINT('',#8419);
#8421=DIRECTION('',(0.,0.,1.));
#8422=VECTOR('',#8421,4.);
#8423=LINE('',#8412,#8422);
#8424=EDGE_CURVE('',#8413,#8420,#8423,.T.);
#8425=ORIENTED_EDGE('',*,*,#8424,.T.);
#8426=DIRECTION('',(0.83147,0.55557,0.));
#8427=VECTOR('',#8426,10.4645);
#8428=LINE('',#8391,#8427);
#8429=EDGE_CURVE('',#8392,#8420,#8428,.T.);
#8430=ORIENTED_EDGE('',*,*,#8429,.F.);
#8431=ORIENTED_EDGE('',*,*,#8396,.F.);
#8432=EDGE_LOOP('',(#8418,#8425,#8430,#8431));
#8433=FACE_OUTER_BOUND('',#8432,.T.);
#8434=CARTESIAN_POINT('',(280.,-69.28203,-170.));
#8435=DIRECTION('',(0.55557,-0.83147,0.));
#8436=DIRECTION('',(0.83147,0.55557,0.));
#8437=AXIS2_PLACEMENT_3D('',#8434,#8435,#8436);
#8438=PLANE('',#8437);
#8439=ADVANCED_FACE('',(#8433),#8438,.T.);
#8440=CARTESIAN_POINT('',(296.56854,-56.56854,-170.));
#8441=VERTEX_POINT('',#8440);
#8442=DIRECTION('',(0.75184,0.65935,0.));
#8443=VECTOR('',#8442,10.4645);
#8444=LINE('',#8412,#8443);
#8445=EDGE_CURVE('',#8413,#8441,#8444,.T.);
#8446=ORIENTED_EDGE('',*,*,#8445,.T.);
#8447=CARTESIAN_POINT('',(296.56854,-56.56854,-166.));
#8448=VERTEX_POINT('',#8447);
#8449=DIRECTION('',(0.,0.,1.));
#8450=VECTOR('',#8449,4.);
#8451=LINE('',#8440,#8450);
#8452=EDGE_CURVE('',#8441,#8448,#8451,.T.);
#8453=ORIENTED_EDGE('',*,*,#8452,.T.);
#8454=DIRECTION('',(0.75184,0.65935,0.));
#8455=VECTOR('',#8454,10.4645);
#8456=LINE('',#8419,#8455);
#8457=EDGE_CURVE('',#8420,#8448,#8456,.T.);
#8458=ORIENTED_EDGE('',*,*,#8457,.F.);
#8459=ORIENTED_EDGE('',*,*,#8424,.F.);
#8460=EDGE_LOOP('',(#8446,#8453,#8458,#8459));
#8461=FACE_OUTER_BOUND('',#8460,.T.);
#8462=CARTESIAN_POINT('',(288.70091,-63.46827,-170.));
#8463=DIRECTION('',(0.65935,-0.75184,0.));
#8464=DIRECTION('',(0.75184,0.65935,0.));
#8465=AXIS2_PLACEMENT_3D('',#8462,#8463,#8464);
#8466=PLANE('',#8465);
#8467=ADVANCED_FACE('',(#8461),#8466,.T.);
#8468=CARTESIAN_POINT('',(303.46827,-48.70091,-170.));
#8469=VERTEX_POINT('',#8468);
#8470=DIRECTION('',(0.65935,0.75184,0.));
#8471=VECTOR('',#8470,10.4645);
#8472=LINE('',#8440,#8471);
#8473=EDGE_CURVE('',#8441,#8469,#8472,.T.);
#8474=ORIENTED_EDGE('',*,*,#8473,.T.);
#8475=CARTESIAN_POINT('',(303.46827,-48.70091,-166.));
#8476=VERTEX_POINT('',#8475);
#8477=DIRECTION('',(0.,0.,1.));
#8478=VECTOR('',#8477,4.);
#8479=LINE('',#8468,#8478);
#8480=EDGE_CURVE('',#8469,#8476,#8479,.T.);
#8481=ORIENTED_EDGE('',*,*,#8480,.T.);
#8482=DIRECTION('',(0.65935,0.75184,0.));
#8483=VECTOR('',#8482,10.4645);
#8484=LINE('',#8447,#8483);
#8485=EDGE_CURVE('',#8448,#8476,#8484,.T.);
#8486=ORIENTED_EDGE('',*,*,#8485,.F.);
#8487=ORIENTED_EDGE('',*,*,#8452,.F.);
#8488=EDGE_LOOP('',(#8474,#8481,#8486,#8487));
#8489=FACE_OUTER_BOUND('',#8488,.T.);
#8490=CARTESIAN_POINT('',(296.56854,-56.56854,-170.));
#8491=DIRECTION('',(0.75184,-0.65935,0.));
#8492=DIRECTION('',(0.65935,0.75184,0.));
#8493=AXIS2_PLACEMENT_3D('',#8490,#8491,#8492);
#8494=PLANE('',#8493);
#8495=ADVANCED_FACE('',(#8489),#8494,.T.);
#8496=CARTESIAN_POINT('',(309.28203,-40.,-170.));
#8497=VERTEX_POINT('',#8496);
#8498=DIRECTION('',(0.55557,0.83147,0.));
#8499=VECTOR('',#8498,10.4645);
#8500=LINE('',#8468,#8499);
#8501=EDGE_CURVE('',#8469,#8497,#8500,.T.);
#8502=ORIENTED_EDGE('',*,*,#8501,.T.);
#8503=CARTESIAN_POINT('',(309.28203,-40.,-166.));
#8504=VERTEX_POINT('',#8503);
#8505=DIRECTION('',(0.,0.,1.));
#8506=VECTOR('',#8505,4.);
#8507=LINE('',#8496,#8506);
#8508=EDGE_CURVE('',#8497,#8504,#8507,.T.);
#8509=ORIENTED_EDGE('',*,*,#8508,.T.);
#8510=DIRECTION('',(0.55557,0.83147,0.));
#8511=VECTOR('',#8510,10.4645);
#8512=LINE('',#8475,#8511);
#8513=EDGE_CURVE('',#8476,#8504,#8512,.T.);
#8514=ORIENTED_EDGE('',*,*,#8513,.F.);
#8515=ORIENTED_EDGE('',*,*,#8480,.F.);
#8516=EDGE_LOOP('',(#8502,#8509,#8514,#8515));
#8517=FACE_OUTER_BOUND('',#8516,.T.);
#8518=CARTESIAN_POINT('',(303.46827,-48.70091,-170.));
#8519=DIRECTION('',(0.83147,-0.55557,0.));
#8520=DIRECTION('',(0.55557,0.83147,0.));
#8521=AXIS2_PLACEMENT_3D('',#8518,#8519,#8520);
#8522=PLANE('',#8521);
#8523=ADVANCED_FACE('',(#8517),#8522,.T.);
#8524=CARTESIAN_POINT('',(313.91036,-30.61467,-170.));
#8525=VERTEX_POINT('',#8524);
#8526=DIRECTION('',(0.44229,0.89687,0.));
#8527=VECTOR('',#8526,10.4645);
#8528=LINE('',#8496,#8527);
#8529=EDGE_CURVE('',#8497,#8525,#8528,.T.);
#8530=ORIENTED_EDGE('',*,*,#8529,.T.);
#8531=CARTESIAN_POINT('',(313.91036,-30.61467,-166.));
#8532=VERTEX_POINT('',#8531);
#8533=DIRECTION('',(0.,0.,1.));
#8534=VECTOR('',#8533,4.);
#8535=LINE('',#8524,#8534);
#8536=EDGE_CURVE('',#8525,#8532,#8535,.T.);
#8537=ORIENTED_EDGE('',*,*,#8536,.T.);
#8538=DIRECTION('',(0.44229,0.89687,0.));
#8539=VECTOR('',#8538,10.4645);
#8540=LINE('',#8503,#8539);
#8541=EDGE_CURVE('',#8504,#8532,#8540,.T.);
#8542=ORIENTED_EDGE('',*,*,#8541,.F.);
#8543=ORIENTED_EDGE('',*,*,#8508,.F.);
#8544=EDGE_LOOP('',(#8530,#8537,#8542,#8543));
#8545=FACE_OUTER_BOUND('',#8544,.T.);
#8546=CARTESIAN_POINT('',(309.28203,-40.,-170.));
#8547=DIRECTION('',(0.89687,-0.44229,0.));
#8548=DIRECTION('',(0.44229,0.89687,0.));
#8549=AXIS2_PLACEMENT_3D('',#8546,#8547,#8548);
#8550=PLANE('',#8549);
#8551=ADVANCED_FACE('',(#8545),#8550,.T.);
#8552=CARTESIAN_POINT('',(317.27407,-20.70552,-170.));
#8553=VERTEX_POINT('',#8552);
#8554=DIRECTION('',(0.32144,0.94693,0.));
#8555=VECTOR('',#8554,10.4645);
#8556=LINE('',#8524,#8555);
#8557=EDGE_CURVE('',#8525,#8553,#8556,.T.);
#8558=ORIENTED_EDGE('',*,*,#8557,.T.);
#8559=CARTESIAN_POINT('',(317.27407,-20.70552,-166.));
#8560=VERTEX_POINT('',#8559);
#8561=DIRECTION('',(0.,0.,1.));
#8562=VECTOR('',#8561,4.);
#8563=LINE('',#8552,#8562);
#8564=EDGE_CURVE('',#8553,#8560,#8563,.T.);
#8565=ORIENTED_EDGE('',*,*,#8564,.T.);
#8566=DIRECTION('',(0.32144,0.94693,0.));
#8567=VECTOR('',#8566,10.4645);
#8568=LINE('',#8531,#8567);
#8569=EDGE_CURVE('',#8532,#8560,#8568,.T.);
#8570=ORIENTED_EDGE('',*,*,#8569,.F.);
#8571=ORIENTED_EDGE('',*,*,#8536,.F.);
#8572=EDGE_LOOP('',(#8558,#8565,#8570,#8571));
#8573=FACE_OUTER_BOUND('',#8572,.T.);
#8574=CARTESIAN_POINT('',(313.91036,-30.61467,-170.));
#8575=DIRECTION('',(0.94693,-0.32144,0.));
#8576=DIRECTION('',(0.32144,0.94693,0.));
#8577=AXIS2_PLACEMENT_3D('',#8574,#8575,#8576);
#8578=PLANE('',#8577);
#8579=ADVANCED_FACE('',(#8573),#8578,.T.);
#8580=CARTESIAN_POINT('',(319.31559,-10.4421,-170.));
#8581=VERTEX_POINT('',#8580);
#8582=DIRECTION('',(0.19509,0.98079,0.));
#8583=VECTOR('',#8582,10.4645);
#8584=LINE('',#8552,#8583);
#8585=EDGE_CURVE('',#8553,#8581,#8584,.T.);
#8586=ORIENTED_EDGE('',*,*,#8585,.T.);
#8587=CARTESIAN_POINT('',(319.31559,-10.4421,-166.));
#8588=VERTEX_POINT('',#8587);
#8589=DIRECTION('',(0.,0.,1.));
#8590=VECTOR('',#8589,4.);
#8591=LINE('',#8580,#8590);
#8592=EDGE_CURVE('',#8581,#8588,#8591,.T.);
#8593=ORIENTED_EDGE('',*,*,#8592,.T.);
#8594=DIRECTION('',(0.19509,0.98079,0.));
#8595=VECTOR('',#8594,10.4645);
#8596=LINE('',#8559,#8595);
#8597=EDGE_CURVE('',#8560,#8588,#8596,.T.);
#8598=ORIENTED_EDGE('',*,*,#8597,.F.);
#8599=ORIENTED_EDGE('',*,*,#8564,.F.);
#8600=EDGE_LOOP('',(#8586,#8593,#8598,#8599));
#8601=FACE_OUTER_BOUND('',#8600,.T.);
#8602=CARTESIAN_POINT('',(317.27407,-20.70552,-170.));
#8603=DIRECTION('',(0.98079,-0.19509,0.));
#8604=DIRECTION('',(0.19509,0.98079,0.));
#8605=AXIS2_PLACEMENT_3D('',#8602,#8603,#8604);
#8606=PLANE('',#8605);
#8607=ADVANCED_FACE('',(#8601),#8606,.T.);
#8608=DIRECTION('',(-0.0654,-0.99786,0.));
#8609=VECTOR('',#8608,10.4645);
#8610=LINE('',#7284,#8609);
#8611=EDGE_CURVE('',#7285,#8581,#8610,.T.);
#8612=ORIENTED_EDGE('',*,*,#8611,.F.);
#8613=ORIENTED_EDGE('',*,*,#7310,.T.);
#8614=DIRECTION('',(-0.0654,-0.99786,0.));
#8615=VECTOR('',#8614,10.4645);
#8616=LINE('',#7300,#8615);
#8617=EDGE_CURVE('',#7301,#8588,#8616,.T.);
#8618=ORIENTED_EDGE('',*,*,#8617,.T.);
#8619=ORIENTED_EDGE('',*,*,#8592,.F.);
#8620=EDGE_LOOP('',(#8612,#8613,#8618,#8619));
#8621=FACE_OUTER_BOUND('',#8620,.T.);
#8622=CARTESIAN_POINT('',(319.31559,-10.4421,-170.));
#8623=DIRECTION('',(0.99786,-0.0654,0.));
#8624=DIRECTION('',(0.0654,0.99786,0.));
#8625=AXIS2_PLACEMENT_3D('',#8622,#8623,#8624);
#8626=PLANE('',#8625);
#8627=ADVANCED_FACE('',(#8621),#8626,.T.);
#8628=ORIENTED_EDGE('',*,*,#7305,.T.);
#8629=CARTESIAN_POINT('',(309.40114,9.13683,-166.));
#8630=VERTEX_POINT('',#8629);
#8631=DIRECTION('',(-0.99144,-0.13053,0.));
#8632=VECTOR('',#8631,10.);
#8633=LINE('',#7293,#8632);
#8634=EDGE_CURVE('',#7294,#8630,#8633,.T.);
#8635=ORIENTED_EDGE('',*,*,#8634,.T.);
#8636=CARTESIAN_POINT('',(310.,0.,-166.));
#8637=VERTEX_POINT('',#8636);
#8638=DIRECTION('',(-0.0654,0.99786,0.));
#8639=VECTOR('',#8638,9.15644);
#8640=LINE('',#8636,#8639);
#8641=EDGE_CURVE('',#8637,#8630,#8640,.T.);
#8642=ORIENTED_EDGE('',*,*,#8641,.F.);
#8643=DIRECTION('',(-1.,0.,0.));
#8644=VECTOR('',#8643,10.);
#8645=LINE('',#7300,#8644);
#8646=EDGE_CURVE('',#7301,#8637,#8645,.T.);
#8647=ORIENTED_EDGE('',*,*,#8646,.F.);
#8648=EDGE_LOOP('',(#8628,#8635,#8642,#8647));
#8649=FACE_OUTER_BOUND('',#8648,.T.);
#8650=CARTESIAN_POINT('',(320.,0.,-166.));
#8651=DIRECTION('',(0.,0.,1.));
#8652=DIRECTION('',(-0.0654,0.99786,0.));
#8653=AXIS2_PLACEMENT_3D('',#8650,#8651,#8652);
#8654=PLANE('',#8653);
#8655=ADVANCED_FACE('',(#8649),#8654,.T.);
#8656=ORIENTED_EDGE('',*,*,#7337,.T.);
#8657=CARTESIAN_POINT('',(307.61481,18.11733,-166.));
#8658=VERTEX_POINT('',#8657);
#8659=DIRECTION('',(-0.96593,-0.25882,0.));
#8660=VECTOR('',#8659,10.);
#8661=LINE('',#7327,#8660);
#8662=EDGE_CURVE('',#7328,#8658,#8661,.T.);
#8663=ORIENTED_EDGE('',*,*,#8662,.T.);
#8664=DIRECTION('',(-0.19509,0.98079,0.));
#8665=VECTOR('',#8664,9.15644);
#8666=LINE('',#8629,#8665);
#8667=EDGE_CURVE('',#8630,#8658,#8666,.T.);
#8668=ORIENTED_EDGE('',*,*,#8667,.F.);
#8669=ORIENTED_EDGE('',*,*,#8634,.F.);
#8670=EDGE_LOOP('',(#8656,#8663,#8668,#8669));
#8671=FACE_OUTER_BOUND('',#8670,.T.);
#8672=CARTESIAN_POINT('',(319.31559,10.4421,-166.));
#8673=DIRECTION('',(0.,0.,1.));
#8674=DIRECTION('',(-0.19509,0.98079,0.));
#8675=AXIS2_PLACEMENT_3D('',#8672,#8673,#8674);
#8676=PLANE('',#8675);
#8677=ADVANCED_FACE('',(#8671),#8676,.T.);
#8678=ORIENTED_EDGE('',*,*,#7365,.T.);
#8679=CARTESIAN_POINT('',(304.67157,26.78784,-166.));
#8680=VERTEX_POINT('',#8679);
#8681=DIRECTION('',(-0.92388,-0.38268,0.));
#8682=VECTOR('',#8681,10.);
#8683=LINE('',#7355,#8682);
#8684=EDGE_CURVE('',#7356,#8680,#8683,.T.);
#8685=ORIENTED_EDGE('',*,*,#8684,.T.);
#8686=DIRECTION('',(-0.32144,0.94693,0.));
#8687=VECTOR('',#8686,9.15644);
#8688=LINE('',#8657,#8687);
#8689=EDGE_CURVE('',#8658,#8680,#8688,.T.);
#8690=ORIENTED_EDGE('',*,*,#8689,.F.);
#8691=ORIENTED_EDGE('',*,*,#8662,.F.);
#8692=EDGE_LOOP('',(#8678,#8685,#8690,#8691));
#8693=FACE_OUTER_BOUND('',#8692,.T.);
#8694=CARTESIAN_POINT('',(317.27407,20.70552,-166.));
#8695=DIRECTION('',(0.,0.,1.));
#8696=DIRECTION('',(-0.32144,0.94693,0.));
#8697=AXIS2_PLACEMENT_3D('',#8694,#8695,#8696);
#8698=PLANE('',#8697);
#8699=ADVANCED_FACE('',(#8693),#8698,.T.);
#8700=ORIENTED_EDGE('',*,*,#7393,.T.);
#8701=CARTESIAN_POINT('',(300.62178,35.,-166.));
#8702=VERTEX_POINT('',#8701);
#8703=DIRECTION('',(-0.86603,-0.5,0.));
#8704=VECTOR('',#8703,10.);
#8705=LINE('',#7383,#8704);
#8706=EDGE_CURVE('',#7384,#8702,#8705,.T.);
#8707=ORIENTED_EDGE('',*,*,#8706,.T.);
#8708=DIRECTION('',(-0.44229,0.89687,0.));
#8709=VECTOR('',#8708,9.15644);
#8710=LINE('',#8679,#8709);
#8711=EDGE_CURVE('',#8680,#8702,#8710,.T.);
#8712=ORIENTED_EDGE('',*,*,#8711,.F.);
#8713=ORIENTED_EDGE('',*,*,#8684,.F.);
#8714=EDGE_LOOP('',(#8700,#8707,#8712,#8713));
#8715=FACE_OUTER_BOUND('',#8714,.T.);
#8716=CARTESIAN_POINT('',(313.91036,30.61467,-166.));
#8717=DIRECTION('',(0.,0.,1.));
#8718=DIRECTION('',(-0.44229,0.89687,0.));
#8719=AXIS2_PLACEMENT_3D('',#8716,#8717,#8718);
#8720=PLANE('',#8719);
#8721=ADVANCED_FACE('',(#8715),#8720,.T.);
#8722=ORIENTED_EDGE('',*,*,#7421,.T.);
#8723=CARTESIAN_POINT('',(295.53473,42.6133,-166.));
#8724=VERTEX_POINT('',#8723);
#8725=DIRECTION('',(-0.79335,-0.60876,0.));
#8726=VECTOR('',#8725,10.);
#8727=LINE('',#7411,#8726);
#8728=EDGE_CURVE('',#7412,#8724,#8727,.T.);
#8729=ORIENTED_EDGE('',*,*,#8728,.T.);
#8730=DIRECTION('',(-0.55557,0.83147,0.));
#8731=VECTOR('',#8730,9.15644);
#8732=LINE('',#8701,#8731);
#8733=EDGE_CURVE('',#8702,#8724,#8732,.T.);
#8734=ORIENTED_EDGE('',*,*,#8733,.F.);
#8735=ORIENTED_EDGE('',*,*,#8706,.F.);
#8736=EDGE_LOOP('',(#8722,#8729,#8734,#8735));
#8737=FACE_OUTER_BOUND('',#8736,.T.);
#8738=CARTESIAN_POINT('',(309.28203,40.,-166.));
#8739=DIRECTION('',(0.,0.,1.));
#8740=DIRECTION('',(-0.55557,0.83147,0.));
#8741=AXIS2_PLACEMENT_3D('',#8738,#8739,#8740);
#8742=PLANE('',#8741);
#8743=ADVANCED_FACE('',(#8737),#8742,.T.);
#8744=ORIENTED_EDGE('',*,*,#7449,.T.);
#8745=CARTESIAN_POINT('',(289.49747,49.49747,-166.));
#8746=VERTEX_POINT('',#8745);
#8747=DIRECTION('',(-0.70711,-0.70711,0.));
#8748=VECTOR('',#8747,10.);
#8749=LINE('',#7439,#8748);
#8750=EDGE_CURVE('',#7440,#8746,#8749,.T.);
#8751=ORIENTED_EDGE('',*,*,#8750,.T.);
#8752=DIRECTION('',(-0.65935,0.75184,0.));
#8753=VECTOR('',#8752,9.15644);
#8754=LINE('',#8723,#8753);
#8755=EDGE_CURVE('',#8724,#8746,#8754,.T.);
#8756=ORIENTED_EDGE('',*,*,#8755,.F.);
#8757=ORIENTED_EDGE('',*,*,#8728,.F.);
#8758=EDGE_LOOP('',(#8744,#8751,#8756,#8757));
#8759=FACE_OUTER_BOUND('',#8758,.T.);
#8760=CARTESIAN_POINT('',(303.46827,48.70091,-166.));
#8761=DIRECTION('',(0.,0.,1.));
#8762=DIRECTION('',(-0.65935,0.75184,0.));
#8763=AXIS2_PLACEMENT_3D('',#8760,#8761,#8762);
#8764=PLANE('',#8763);
#8765=ADVANCED_FACE('',(#8759),#8764,.T.);
#8766=ORIENTED_EDGE('',*,*,#7477,.T.);
#8767=CARTESIAN_POINT('',(282.6133,55.53473,-166.));
#8768=VERTEX_POINT('',#8767);
#8769=DIRECTION('',(-0.60876,-0.79335,0.));
#8770=VECTOR('',#8769,10.);
#8771=LINE('',#7467,#8770);
#8772=EDGE_CURVE('',#7468,#8768,#8771,.T.);
#8773=ORIENTED_EDGE('',*,*,#8772,.T.);
#8774=DIRECTION('',(-0.75184,0.65935,0.));
#8775=VECTOR('',#8774,9.15644);
#8776=LINE('',#8745,#8775);
#8777=EDGE_CURVE('',#8746,#8768,#8776,.T.);
#8778=ORIENTED_EDGE('',*,*,#8777,.F.);
#8779=ORIENTED_EDGE('',*,*,#8750,.F.);
#8780=EDGE_LOOP('',(#8766,#8773,#8778,#8779));
#8781=FACE_OUTER_BOUND('',#8780,.T.);
#8782=CARTESIAN_POINT('',(296.56854,56.56854,-166.));
#8783=DIRECTION('',(0.,0.,1.));
#8784=DIRECTION('',(-0.75184,0.65935,0.));
#8785=AXIS2_PLACEMENT_3D('',#8782,#8783,#8784);
#8786=PLANE('',#8785);
#8787=ADVANCED_FACE('',(#8781),#8786,.T.);
#8788=ORIENTED_EDGE('',*,*,#7505,.T.);
#8789=CARTESIAN_POINT('',(275.,60.62178,-166.));
#8790=VERTEX_POINT('',#8789);
#8791=DIRECTION('',(-0.5,-0.86603,0.));
#8792=VECTOR('',#8791,10.);
#8793=LINE('',#7495,#8792);
#8794=EDGE_CURVE('',#7496,#8790,#8793,.T.);
#8795=ORIENTED_EDGE('',*,*,#8794,.T.);
#8796=DIRECTION('',(-0.83147,0.55557,0.));
#8797=VECTOR('',#8796,9.15644);
#8798=LINE('',#8767,#8797);
#8799=EDGE_CURVE('',#8768,#8790,#8798,.T.);
#8800=ORIENTED_EDGE('',*,*,#8799,.F.);
#8801=ORIENTED_EDGE('',*,*,#8772,.F.);
#8802=EDGE_LOOP('',(#8788,#8795,#8800,#8801));
#8803=FACE_OUTER_BOUND('',#8802,.T.);
#8804=CARTESIAN_POINT('',(288.70091,63.46827,-166.));
#8805=DIRECTION('',(0.,0.,1.));
#8806=DIRECTION('',(-0.83147,0.55557,0.));
#8807=AXIS2_PLACEMENT_3D('',#8804,#8805,#8806);
#8808=PLANE('',#8807);
#8809=ADVANCED_FACE('',(#8803),#8808,.T.);
#8810=ORIENTED_EDGE('',*,*,#7533,.T.);
#8811=CARTESIAN_POINT('',(266.78784,64.67157,-166.));
#8812=VERTEX_POINT('',#8811);
#8813=DIRECTION('',(-0.38268,-0.92388,0.));
#8814=VECTOR('',#8813,10.);
#8815=LINE('',#7523,#8814);
#8816=EDGE_CURVE('',#7524,#8812,#8815,.T.);
#8817=ORIENTED_EDGE('',*,*,#8816,.T.);
#8818=DIRECTION('',(-0.89687,0.44229,0.));
#8819=VECTOR('',#8818,9.15644);
#8820=LINE('',#8789,#8819);
#8821=EDGE_CURVE('',#8790,#8812,#8820,.T.);
#8822=ORIENTED_EDGE('',*,*,#8821,.F.);
#8823=ORIENTED_EDGE('',*,*,#8794,.F.);
#8824=EDGE_LOOP('',(#8810,#8817,#8822,#8823));
#8825=FACE_OUTER_BOUND('',#8824,.T.);
#8826=CARTESIAN_POINT('',(280.,69.28203,-166.));
#8827=DIRECTION('',(0.,0.,1.));
#8828=DIRECTION('',(-0.89687,0.44229,0.));
#8829=AXIS2_PLACEMENT_3D('',#8826,#8827,#8828);
#8830=PLANE('',#8829);
#8831=ADVANCED_FACE('',(#8825),#8830,.T.);
#8832=ORIENTED_EDGE('',*,*,#7561,.T.);
#8833=CARTESIAN_POINT('',(258.11733,67.61481,-166.));
#8834=VERTEX_POINT('',#8833);
#8835=DIRECTION('',(-0.25882,-0.96593,0.));
#8836=VECTOR('',#8835,10.);
#8837=LINE('',#7551,#8836);
#8838=EDGE_CURVE('',#7552,#8834,#8837,.T.);
#8839=ORIENTED_EDGE('',*,*,#8838,.T.);
#8840=DIRECTION('',(-0.94693,0.32144,0.));
#8841=VECTOR('',#8840,9.15644);
#8842=LINE('',#8811,#8841);
#8843=EDGE_CURVE('',#8812,#8834,#8842,.T.);
#8844=ORIENTED_EDGE('',*,*,#8843,.F.);
#8845=ORIENTED_EDGE('',*,*,#8816,.F.);
#8846=EDGE_LOOP('',(#8832,#8839,#8844,#8845));
#8847=FACE_OUTER_BOUND('',#8846,.T.);
#8848=CARTESIAN_POINT('',(270.61467,73.91036,-166.));
#8849=DIRECTION('',(0.,0.,1.));
#8850=DIRECTION('',(-0.94693,0.32144,0.));
#8851=AXIS2_PLACEMENT_3D('',#8848,#8849,#8850);
#8852=PLANE('',#8851);
#8853=ADVANCED_FACE('',(#8847),#8852,.T.);
#8854=ORIENTED_EDGE('',*,*,#7589,.T.);
#8855=CARTESIAN_POINT('',(249.13683,69.40114,-166.));
#8856=VERTEX_POINT('',#8855);
#8857=DIRECTION('',(-0.13053,-0.99144,0.));
#8858=VECTOR('',#8857,10.);
#8859=LINE('',#7579,#8858);
#8860=EDGE_CURVE('',#7580,#8856,#8859,.T.);
#8861=ORIENTED_EDGE('',*,*,#8860,.T.);
#8862=DIRECTION('',(-0.98079,0.19509,0.));
#8863=VECTOR('',#8862,9.15644);
#8864=LINE('',#8833,#8863);
#8865=EDGE_CURVE('',#8834,#8856,#8864,.T.);
#8866=ORIENTED_EDGE('',*,*,#8865,.F.);
#8867=ORIENTED_EDGE('',*,*,#8838,.F.);
#8868=EDGE_LOOP('',(#8854,#8861,#8866,#8867));
#8869=FACE_OUTER_BOUND('',#8868,.T.);
#8870=CARTESIAN_POINT('',(260.70552,77.27407,-166.));
#8871=DIRECTION('',(0.,0.,1.));
#8872=DIRECTION('',(-0.98079,0.19509,0.));
#8873=AXIS2_PLACEMENT_3D('',#8870,#8871,#8872);
#8874=PLANE('',#8873);
#8875=ADVANCED_FACE('',(#8869),#8874,.T.);
#8876=ORIENTED_EDGE('',*,*,#7617,.T.);
#8877=CARTESIAN_POINT('',(240.,70.,-166.));
#8878=VERTEX_POINT('',#8877);
#8879=DIRECTION('',(0.,-1.,0.));
#8880=VECTOR('',#8879,10.);
#8881=LINE('',#7607,#8880);
#8882=EDGE_CURVE('',#7608,#8878,#8881,.T.);
#8883=ORIENTED_EDGE('',*,*,#8882,.T.);
#8884=DIRECTION('',(-0.99786,0.0654,0.));
#8885=VECTOR('',#8884,9.15644);
#8886=LINE('',#8855,#8885);
#8887=EDGE_CURVE('',#8856,#8878,#8886,.T.);
#8888=ORIENTED_EDGE('',*,*,#8887,.F.);
#8889=ORIENTED_EDGE('',*,*,#8860,.F.);
#8890=EDGE_LOOP('',(#8876,#8883,#8888,#8889));
#8891=FACE_OUTER_BOUND('',#8890,.T.);
#8892=CARTESIAN_POINT('',(250.4421,79.31559,-166.));
#8893=DIRECTION('',(0.,0.,1.));
#8894=DIRECTION('',(-0.99786,0.0654,0.));
#8895=AXIS2_PLACEMENT_3D('',#8892,#8893,#8894);
#8896=PLANE('',#8895);
#8897=ADVANCED_FACE('',(#8891),#8896,.T.);
#8898=ORIENTED_EDGE('',*,*,#7645,.T.);
#8899=CARTESIAN_POINT('',(230.86317,69.40114,-166.));
#8900=VERTEX_POINT('',#8899);
#8901=DIRECTION('',(0.13053,-0.99144,0.));
#8902=VECTOR('',#8901,10.);
#8903=LINE('',#7635,#8902);
#8904=EDGE_CURVE('',#7636,#8900,#8903,.T.);
#8905=ORIENTED_EDGE('',*,*,#8904,.T.);
#8906=DIRECTION('',(-0.99786,-0.0654,0.));
#8907=VECTOR('',#8906,9.15644);
#8908=LINE('',#8877,#8907);
#8909=EDGE_CURVE('',#8878,#8900,#8908,.T.);
#8910=ORIENTED_EDGE('',*,*,#8909,.F.);
#8911=ORIENTED_EDGE('',*,*,#8882,.F.);
#8912=EDGE_LOOP('',(#8898,#8905,#8910,#8911));
#8913=FACE_OUTER_BOUND('',#8912,.T.);
#8914=CARTESIAN_POINT('',(240.,80.,-166.));
#8915=DIRECTION('',(0.,0.,1.));
#8916=DIRECTION('',(-0.99786,-0.0654,0.));
#8917=AXIS2_PLACEMENT_3D('',#8914,#8915,#8916);
#8918=PLANE('',#8917);
#8919=ADVANCED_FACE('',(#8913),#8918,.T.);
#8920=ORIENTED_EDGE('',*,*,#7673,.T.);
#8921=CARTESIAN_POINT('',(221.88267,67.61481,-166.));
#8922=VERTEX_POINT('',#8921);
#8923=DIRECTION('',(0.25882,-0.96593,0.));
#8924=VECTOR('',#8923,10.);
#8925=LINE('',#7663,#8924);
#8926=EDGE_CURVE('',#7664,#8922,#8925,.T.);
#8927=ORIENTED_EDGE('',*,*,#8926,.T.);
#8928=DIRECTION('',(-0.98079,-0.19509,0.));
#8929=VECTOR('',#8928,9.15644);
#8930=LINE('',#8899,#8929);
#8931=EDGE_CURVE('',#8900,#8922,#8930,.T.);
#8932=ORIENTED_EDGE('',*,*,#8931,.F.);
#8933=ORIENTED_EDGE('',*,*,#8904,.F.);
#8934=EDGE_LOOP('',(#8920,#8927,#8932,#8933));
#8935=FACE_OUTER_BOUND('',#8934,.T.);
#8936=CARTESIAN_POINT('',(229.5579,79.31559,-166.));
#8937=DIRECTION('',(0.,0.,1.));
#8938=DIRECTION('',(-0.98079,-0.19509,0.));
#8939=AXIS2_PLACEMENT_3D('',#8936,#8937,#8938);
#8940=PLANE('',#8939);
#8941=ADVANCED_FACE('',(#8935),#8940,.T.);
#8942=ORIENTED_EDGE('',*,*,#7701,.T.);
#8943=CARTESIAN_POINT('',(213.21216,64.67157,-166.));
#8944=VERTEX_POINT('',#8943);
#8945=DIRECTION('',(0.38268,-0.92388,0.));
#8946=VECTOR('',#8945,10.);
#8947=LINE('',#7691,#8946);
#8948=EDGE_CURVE('',#7692,#8944,#8947,.T.);
#8949=ORIENTED_EDGE('',*,*,#8948,.T.);
#8950=DIRECTION('',(-0.94693,-0.32144,0.));
#8951=VECTOR('',#8950,9.15644);
#8952=LINE('',#8921,#8951);
#8953=EDGE_CURVE('',#8922,#8944,#8952,.T.);
#8954=ORIENTED_EDGE('',*,*,#8953,.F.);
#8955=ORIENTED_EDGE('',*,*,#8926,.F.);
#8956=EDGE_LOOP('',(#8942,#8949,#8954,#8955));
#8957=FACE_OUTER_BOUND('',#8956,.T.);
#8958=CARTESIAN_POINT('',(219.29448,77.27407,-166.));
#8959=DIRECTION('',(0.,0.,1.));
#8960=DIRECTION('',(-0.94693,-0.32144,0.));
#8961=AXIS2_PLACEMENT_3D('',#8958,#8959,#8960);
#8962=PLANE('',#8961);
#8963=ADVANCED_FACE('',(#8957),#8962,.T.);
#8964=ORIENTED_EDGE('',*,*,#7729,.T.);
#8965=CARTESIAN_POINT('',(205.,60.62178,-166.));
#8966=VERTEX_POINT('',#8965);
#8967=DIRECTION('',(0.5,-0.86603,0.));
#8968=VECTOR('',#8967,10.);
#8969=LINE('',#7719,#8968);
#8970=EDGE_CURVE('',#7720,#8966,#8969,.T.);
#8971=ORIENTED_EDGE('',*,*,#8970,.T.);
#8972=DIRECTION('',(-0.89687,-0.44229,0.));
#8973=VECTOR('',#8972,9.15644);
#8974=LINE('',#8943,#8973);
#8975=EDGE_CURVE('',#8944,#8966,#8974,.T.);
#8976=ORIENTED_EDGE('',*,*,#8975,.F.);
#8977=ORIENTED_EDGE('',*,*,#8948,.F.);
#8978=EDGE_LOOP('',(#8964,#8971,#8976,#8977));
#8979=FACE_OUTER_BOUND('',#8978,.T.);
#8980=CARTESIAN_POINT('',(209.38533,73.91036,-166.));
#8981=DIRECTION('',(0.,0.,1.));
#8982=DIRECTION('',(-0.89687,-0.44229,0.));
#8983=AXIS2_PLACEMENT_3D('',#8980,#8981,#8982);
#8984=PLANE('',#8983);
#8985=ADVANCED_FACE('',(#8979),#8984,.T.);
#8986=ORIENTED_EDGE('',*,*,#7757,.T.);
#8987=CARTESIAN_POINT('',(197.3867,55.53473,-166.));
#8988=VERTEX_POINT('',#8987);
#8989=DIRECTION('',(0.60876,-0.79335,0.));
#8990=VECTOR('',#8989,10.);
#8991=LINE('',#7747,#8990);
#8992=EDGE_CURVE('',#7748,#8988,#8991,.T.);
#8993=ORIENTED_EDGE('',*,*,#8992,.T.);
#8994=DIRECTION('',(-0.83147,-0.55557,0.));
#8995=VECTOR('',#8994,9.15644);
#8996=LINE('',#8965,#8995);
#8997=EDGE_CURVE('',#8966,#8988,#8996,.T.);
#8998=ORIENTED_EDGE('',*,*,#8997,.F.);
#8999=ORIENTED_EDGE('',*,*,#8970,.F.);
#9000=EDGE_LOOP('',(#8986,#8993,#8998,#8999));
#9001=FACE_OUTER_BOUND('',#9000,.T.);
#9002=CARTESIAN_POINT('',(200.,69.28203,-166.));
#9003=DIRECTION('',(0.,0.,1.));
#9004=DIRECTION('',(-0.83147,-0.55557,0.));
#9005=AXIS2_PLACEMENT_3D('',#9002,#9003,#9004);
#9006=PLANE('',#9005);
#9007=ADVANCED_FACE('',(#9001),#9006,.T.);
#9008=ORIENTED_EDGE('',*,*,#7785,.T.);
#9009=CARTESIAN_POINT('',(190.50253,49.49747,-166.));
#9010=VERTEX_POINT('',#9009);
#9011=DIRECTION('',(0.70711,-0.70711,0.));
#9012=VECTOR('',#9011,10.);
#9013=LINE('',#7775,#9012);
#9014=EDGE_CURVE('',#7776,#9010,#9013,.T.);
#9015=ORIENTED_EDGE('',*,*,#9014,.T.);
#9016=DIRECTION('',(-0.75184,-0.65935,0.));
#9017=VECTOR('',#9016,9.15644);
#9018=LINE('',#8987,#9017);
#9019=EDGE_CURVE('',#8988,#9010,#9018,.T.);
#9020=ORIENTED_EDGE('',*,*,#9019,.F.);
#9021=ORIENTED_EDGE('',*,*,#8992,.F.);
#9022=EDGE_LOOP('',(#9008,#9015,#9020,#9021));
#9023=FACE_OUTER_BOUND('',#9022,.T.);
#9024=CARTESIAN_POINT('',(191.29909,63.46827,-166.));
#9025=DIRECTION('',(0.,0.,1.));
#9026=DIRECTION('',(-0.75184,-0.65935,0.));
#9027=AXIS2_PLACEMENT_3D('',#9024,#9025,#9026);
#9028=PLANE('',#9027);
#9029=ADVANCED_FACE('',(#9023),#9028,.T.);
#9030=ORIENTED_EDGE('',*,*,#7813,.T.);
#9031=CARTESIAN_POINT('',(184.46527,42.6133,-166.));
#9032=VERTEX_POINT('',#9031);
#9033=DIRECTION('',(0.79335,-0.60876,0.));
#9034=VECTOR('',#9033,10.);
#9035=LINE('',#7803,#9034);
#9036=EDGE_CURVE('',#7804,#9032,#9035,.T.);
#9037=ORIENTED_EDGE('',*,*,#9036,.T.);
#9038=DIRECTION('',(-0.65935,-0.75184,0.));
#9039=VECTOR('',#9038,9.15644);
#9040=LINE('',#9009,#9039);
#9041=EDGE_CURVE('',#9010,#9032,#9040,.T.);
#9042=ORIENTED_EDGE('',*,*,#9041,.F.);
#9043=ORIENTED_EDGE('',*,*,#9014,.F.);
#9044=EDGE_LOOP('',(#9030,#9037,#9042,#9043));
#9045=FACE_OUTER_BOUND('',#9044,.T.);
#9046=CARTESIAN_POINT('',(183.43146,56.56854,-166.));
#9047=DIRECTION('',(0.,0.,1.));
#9048=DIRECTION('',(-0.65935,-0.75184,0.));
#9049=AXIS2_PLACEMENT_3D('',#9046,#9047,#9048);
#9050=PLANE('',#9049);
#9051=ADVANCED_FACE('',(#9045),#9050,.T.);
#9052=ORIENTED_EDGE('',*,*,#7841,.T.);
#9053=CARTESIAN_POINT('',(179.37822,35.,-166.));
#9054=VERTEX_POINT('',#9053);
#9055=DIRECTION('',(0.86603,-0.5,0.));
#9056=VECTOR('',#9055,10.);
#9057=LINE('',#7831,#9056);
#9058=EDGE_CURVE('',#7832,#9054,#9057,.T.);
#9059=ORIENTED_EDGE('',*,*,#9058,.T.);
#9060=DIRECTION('',(-0.55557,-0.83147,0.));
#9061=VECTOR('',#9060,9.15644);
#9062=LINE('',#9031,#9061);
#9063=EDGE_CURVE('',#9032,#9054,#9062,.T.);
#9064=ORIENTED_EDGE('',*,*,#9063,.F.);
#9065=ORIENTED_EDGE('',*,*,#9036,.F.);
#9066=EDGE_LOOP('',(#9052,#9059,#9064,#9065));
#9067=FACE_OUTER_BOUND('',#9066,.T.);
#9068=CARTESIAN_POINT('',(176.53173,48.70091,-166.));
#9069=DIRECTION('',(0.,0.,1.));
#9070=DIRECTION('',(-0.55557,-0.83147,0.));
#9071=AXIS2_PLACEMENT_3D('',#9068,#9069,#9070);
#9072=PLANE('',#9071);
#9073=ADVANCED_FACE('',(#9067),#9072,.T.);
#9074=ORIENTED_EDGE('',*,*,#7869,.T.);
#9075=CARTESIAN_POINT('',(175.32843,26.78784,-166.));
#9076=VERTEX_POINT('',#9075);
#9077=DIRECTION('',(0.92388,-0.38268,0.));
#9078=VECTOR('',#9077,10.);
#9079=LINE('',#7859,#9078);
#9080=EDGE_CURVE('',#7860,#9076,#9079,.T.);
#9081=ORIENTED_EDGE('',*,*,#9080,.T.);
#9082=DIRECTION('',(-0.44229,-0.89687,0.));
#9083=VECTOR('',#9082,9.15644);
#9084=LINE('',#9053,#9083);
#9085=EDGE_CURVE('',#9054,#9076,#9084,.T.);
#9086=ORIENTED_EDGE('',*,*,#9085,.F.);
#9087=ORIENTED_EDGE('',*,*,#9058,.F.);
#9088=EDGE_LOOP('',(#9074,#9081,#9086,#9087));
#9089=FACE_OUTER_BOUND('',#9088,.T.);
#9090=CARTESIAN_POINT('',(170.71797,40.,-166.));
#9091=DIRECTION('',(0.,0.,1.));
#9092=DIRECTION('',(-0.44229,-0.89687,0.));
#9093=AXIS2_PLACEMENT_3D('',#9090,#9091,#9092);
#9094=PLANE('',#9093);
#9095=ADVANCED_FACE('',(#9089),#9094,.T.);
#9096=ORIENTED_EDGE('',*,*,#7897,.T.);
#9097=CARTESIAN_POINT('',(172.38519,18.11733,-166.));
#9098=VERTEX_POINT('',#9097);
#9099=DIRECTION('',(0.96593,-0.25882,0.));
#9100=VECTOR('',#9099,10.);
#9101=LINE('',#7887,#9100);
#9102=EDGE_CURVE('',#7888,#9098,#9101,.T.);
#9103=ORIENTED_EDGE('',*,*,#9102,.T.);
#9104=DIRECTION('',(-0.32144,-0.94693,0.));
#9105=VECTOR('',#9104,9.15644);
#9106=LINE('',#9075,#9105);
#9107=EDGE_CURVE('',#9076,#9098,#9106,.T.);
#9108=ORIENTED_EDGE('',*,*,#9107,.F.);
#9109=ORIENTED_EDGE('',*,*,#9080,.F.);
#9110=EDGE_LOOP('',(#9096,#9103,#9108,#9109));
#9111=FACE_OUTER_BOUND('',#9110,.T.);
#9112=CARTESIAN_POINT('',(166.08964,30.61467,-166.));
#9113=DIRECTION('',(0.,0.,1.));
#9114=DIRECTION('',(-0.32144,-0.94693,0.));
#9115=AXIS2_PLACEMENT_3D('',#9112,#9113,#9114);
#9116=PLANE('',#9115);
#9117=ADVANCED_FACE('',(#9111),#9116,.T.);
#9118=ORIENTED_EDGE('',*,*,#7925,.T.);
#9119=CARTESIAN_POINT('',(170.59886,9.13683,-166.));
#9120=VERTEX_POINT('',#9119);
#9121=DIRECTION('',(0.99144,-0.13053,0.));
#9122=VECTOR('',#9121,10.);
#9123=LINE('',#7915,#9122);
#9124=EDGE_CURVE('',#7916,#9120,#9123,.T.);
#9125=ORIENTED_EDGE('',*,*,#9124,.T.);
#9126=DIRECTION('',(-0.19509,-0.98079,0.));
#9127=VECTOR('',#9126,9.15644);
#9128=LINE('',#9097,#9127);
#9129=EDGE_CURVE('',#9098,#9120,#9128,.T.);
#9130=ORIENTED_EDGE('',*,*,#9129,.F.);
#9131=ORIENTED_EDGE('',*,*,#9102,.F.);
#9132=EDGE_LOOP('',(#9118,#9125,#9130,#9131));
#9133=FACE_OUTER_BOUND('',#9132,.T.);
#9134=CARTESIAN_POINT('',(162.72593,20.70552,-166.));
#9135=DIRECTION('',(0.,0.,1.));
#9136=DIRECTION('',(-0.19509,-0.98079,0.));
#9137=AXIS2_PLACEMENT_3D('',#9134,#9135,#9136);
#9138=PLANE('',#9137);
#9139=ADVANCED_FACE('',(#9133),#9138,.T.);
#9140=ORIENTED_EDGE('',*,*,#7953,.T.);
#9141=CARTESIAN_POINT('',(170.,0.,-166.));
#9142=VERTEX_POINT('',#9141);
#9143=DIRECTION('',(1.,0.,0.));
#9144=VECTOR('',#9143,10.);
#9145=LINE('',#7943,#9144);
#9146=EDGE_CURVE('',#7944,#9142,#9145,.T.);
#9147=ORIENTED_EDGE('',*,*,#9146,.T.);
#9148=DIRECTION('',(-0.0654,-0.99786,0.));
#9149=VECTOR('',#9148,9.15644);
#9150=LINE('',#9119,#9149);
#9151=EDGE_CURVE('',#9120,#9142,#9150,.T.);
#9152=ORIENTED_EDGE('',*,*,#9151,.F.);
#9153=ORIENTED_EDGE('',*,*,#9124,.F.);
#9154=EDGE_LOOP('',(#9140,#9147,#9152,#9153));
#9155=FACE_OUTER_BOUND('',#9154,.T.);
#9156=CARTESIAN_POINT('',(160.68441,10.4421,-166.));
#9157=DIRECTION('',(0.,0.,1.));
#9158=DIRECTION('',(-0.0654,-0.99786,0.));
#9159=AXIS2_PLACEMENT_3D('',#9156,#9157,#9158);
#9160=PLANE('',#9159);
#9161=ADVANCED_FACE('',(#9155),#9160,.T.);
#9162=ORIENTED_EDGE('',*,*,#7981,.T.);
#9163=CARTESIAN_POINT('',(170.59886,-9.13683,-166.));
#9164=VERTEX_POINT('',#9163);
#9165=DIRECTION('',(0.99144,0.13053,0.));
#9166=VECTOR('',#9165,10.);
#9167=LINE('',#7971,#9166);
#9168=EDGE_CURVE('',#7972,#9164,#9167,.T.);
#9169=ORIENTED_EDGE('',*,*,#9168,.T.);
#9170=DIRECTION('',(0.0654,-0.99786,0.));
#9171=VECTOR('',#9170,9.15644);
#9172=LINE('',#9141,#9171);
#9173=EDGE_CURVE('',#9142,#9164,#9172,.T.);
#9174=ORIENTED_EDGE('',*,*,#9173,.F.);
#9175=ORIENTED_EDGE('',*,*,#9146,.F.);
#9176=EDGE_LOOP('',(#9162,#9169,#9174,#9175));
#9177=FACE_OUTER_BOUND('',#9176,.T.);
#9178=CARTESIAN_POINT('',(160.,0.,-166.));
#9179=DIRECTION('',(0.,0.,1.));
#9180=DIRECTION('',(0.0654,-0.99786,0.));
#9181=AXIS2_PLACEMENT_3D('',#9178,#9179,#9180);
#9182=PLANE('',#9181);
#9183=ADVANCED_FACE('',(#9177),#9182,.T.);
#9184=ORIENTED_EDGE('',*,*,#8009,.T.);
#9185=CARTESIAN_POINT('',(172.38519,-18.11733,-166.));
#9186=VERTEX_POINT('',#9185);
#9187=DIRECTION('',(0.96593,0.25882,0.));
#9188=VECTOR('',#9187,10.);
#9189=LINE('',#7999,#9188);
#9190=EDGE_CURVE('',#8000,#9186,#9189,.T.);
#9191=ORIENTED_EDGE('',*,*,#9190,.T.);
#9192=DIRECTION('',(0.19509,-0.98079,0.));
#9193=VECTOR('',#9192,9.15644);
#9194=LINE('',#9163,#9193);
#9195=EDGE_CURVE('',#9164,#9186,#9194,.T.);
#9196=ORIENTED_EDGE('',*,*,#9195,.F.);
#9197=ORIENTED_EDGE('',*,*,#9168,.F.);
#9198=EDGE_LOOP('',(#9184,#9191,#9196,#9197));
#9199=FACE_OUTER_BOUND('',#9198,.T.);
#9200=CARTESIAN_POINT('',(160.68441,-10.4421,-166.));
#9201=DIRECTION('',(0.,0.,1.));
#9202=DIRECTION('',(0.19509,-0.98079,0.));
#9203=AXIS2_PLACEMENT_3D('',#9200,#9201,#9202);
#9204=PLANE('',#9203);
#9205=ADVANCED_FACE('',(#9199),#9204,.T.);
#9206=ORIENTED_EDGE('',*,*,#8037,.T.);
#9207=CARTESIAN_POINT('',(175.32843,-26.78784,-166.));
#9208=VERTEX_POINT('',#9207);
#9209=DIRECTION('',(0.92388,0.38268,0.));
#9210=VECTOR('',#9209,10.);
#9211=LINE('',#8027,#9210);
#9212=EDGE_CURVE('',#8028,#9208,#9211,.T.);
#9213=ORIENTED_EDGE('',*,*,#9212,.T.);
#9214=DIRECTION('',(0.32144,-0.94693,0.));
#9215=VECTOR('',#9214,9.15644);
#9216=LINE('',#9185,#9215);
#9217=EDGE_CURVE('',#9186,#9208,#9216,.T.);
#9218=ORIENTED_EDGE('',*,*,#9217,.F.);
#9219=ORIENTED_EDGE('',*,*,#9190,.F.);
#9220=EDGE_LOOP('',(#9206,#9213,#9218,#9219));
#9221=FACE_OUTER_BOUND('',#9220,.T.);
#9222=CARTESIAN_POINT('',(162.72593,-20.70552,-166.));
#9223=DIRECTION('',(0.,0.,1.));
#9224=DIRECTION('',(0.32144,-0.94693,0.));
#9225=AXIS2_PLACEMENT_3D('',#9222,#9223,#9224);
#9226=PLANE('',#9225);
#9227=ADVANCED_FACE('',(#9221),#9226,.T.);
#9228=ORIENTED_EDGE('',*,*,#8065,.T.);
#9229=CARTESIAN_POINT('',(179.37822,-35.,-166.));
#9230=VERTEX_POINT('',#9229);
#9231=DIRECTION('',(0.86603,0.5,0.));
#9232=VECTOR('',#9231,10.);
#9233=LINE('',#8055,#9232);
#9234=EDGE_CURVE('',#8056,#9230,#9233,.T.);
#9235=ORIENTED_EDGE('',*,*,#9234,.T.);
#9236=DIRECTION('',(0.44229,-0.89687,0.));
#9237=VECTOR('',#9236,9.15644);
#9238=LINE('',#9207,#9237);
#9239=EDGE_CURVE('',#9208,#9230,#9238,.T.);
#9240=ORIENTED_EDGE('',*,*,#9239,.F.);
#9241=ORIENTED_EDGE('',*,*,#9212,.F.);
#9242=EDGE_LOOP('',(#9228,#9235,#9240,#9241));
#9243=FACE_OUTER_BOUND('',#9242,.T.);
#9244=CARTESIAN_POINT('',(166.08964,-30.61467,-166.));
#9245=DIRECTION('',(0.,0.,1.));
#9246=DIRECTION('',(0.44229,-0.89687,0.));
#9247=AXIS2_PLACEMENT_3D('',#9244,#9245,#9246);
#9248=PLANE('',#9247);
#9249=ADVANCED_FACE('',(#9243),#9248,.T.);
#9250=ORIENTED_EDGE('',*,*,#8093,.T.);
#9251=CARTESIAN_POINT('',(184.46527,-42.6133,-166.));
#9252=VERTEX_POINT('',#9251);
#9253=DIRECTION('',(0.79335,0.60876,0.));
#9254=VECTOR('',#9253,10.);
#9255=LINE('',#8083,#9254);
#9256=EDGE_CURVE('',#8084,#9252,#9255,.T.);
#9257=ORIENTED_EDGE('',*,*,#9256,.T.);
#9258=DIRECTION('',(0.55557,-0.83147,0.));
#9259=VECTOR('',#9258,9.15644);
#9260=LINE('',#9229,#9259);
#9261=EDGE_CURVE('',#9230,#9252,#9260,.T.);
#9262=ORIENTED_EDGE('',*,*,#9261,.F.);
#9263=ORIENTED_EDGE('',*,*,#9234,.F.);
#9264=EDGE_LOOP('',(#9250,#9257,#9262,#9263));
#9265=FACE_OUTER_BOUND('',#9264,.T.);
#9266=CARTESIAN_POINT('',(170.71797,-40.,-166.));
#9267=DIRECTION('',(0.,0.,1.));
#9268=DIRECTION('',(0.55557,-0.83147,0.));
#9269=AXIS2_PLACEMENT_3D('',#9266,#9267,#9268);
#9270=PLANE('',#9269);
#9271=ADVANCED_FACE('',(#9265),#9270,.T.);
#9272=ORIENTED_EDGE('',*,*,#8121,.T.);
#9273=CARTESIAN_POINT('',(190.50253,-49.49747,-166.));
#9274=VERTEX_POINT('',#9273);
#9275=DIRECTION('',(0.70711,0.70711,0.));
#9276=VECTOR('',#9275,10.);
#9277=LINE('',#8111,#9276);
#9278=EDGE_CURVE('',#8112,#9274,#9277,.T.);
#9279=ORIENTED_EDGE('',*,*,#9278,.T.);
#9280=DIRECTION('',(0.65935,-0.75184,0.));
#9281=VECTOR('',#9280,9.15644);
#9282=LINE('',#9251,#9281);
#9283=EDGE_CURVE('',#9252,#9274,#9282,.T.);
#9284=ORIENTED_EDGE('',*,*,#9283,.F.);
#9285=ORIENTED_EDGE('',*,*,#9256,.F.);
#9286=EDGE_LOOP('',(#9272,#9279,#9284,#9285));
#9287=FACE_OUTER_BOUND('',#9286,.T.);
#9288=CARTESIAN_POINT('',(176.53173,-48.70091,-166.));
#9289=DIRECTION('',(0.,0.,1.));
#9290=DIRECTION('',(0.65935,-0.75184,0.));
#9291=AXIS2_PLACEMENT_3D('',#9288,#9289,#9290);
#9292=PLANE('',#9291);
#9293=ADVANCED_FACE('',(#9287),#9292,.T.);
#9294=ORIENTED_EDGE('',*,*,#8149,.T.);
#9295=CARTESIAN_POINT('',(197.3867,-55.53473,-166.));
#9296=VERTEX_POINT('',#9295);
#9297=DIRECTION('',(0.60876,0.79335,0.));
#9298=VECTOR('',#9297,10.);
#9299=LINE('',#8139,#9298);
#9300=EDGE_CURVE('',#8140,#9296,#9299,.T.);
#9301=ORIENTED_EDGE('',*,*,#9300,.T.);
#9302=DIRECTION('',(0.75184,-0.65935,0.));
#9303=VECTOR('',#9302,9.15644);
#9304=LINE('',#9273,#9303);
#9305=EDGE_CURVE('',#9274,#9296,#9304,.T.);
#9306=ORIENTED_EDGE('',*,*,#9305,.F.);
#9307=ORIENTED_EDGE('',*,*,#9278,.F.);
#9308=EDGE_LOOP('',(#9294,#9301,#9306,#9307));
#9309=FACE_OUTER_BOUND('',#9308,.T.);
#9310=CARTESIAN_POINT('',(183.43146,-56.56854,-166.));
#9311=DIRECTION('',(0.,0.,1.));
#9312=DIRECTION('',(0.75184,-0.65935,0.));
#9313=AXIS2_PLACEMENT_3D('',#9310,#9311,#9312);
#9314=PLANE('',#9313);
#9315=ADVANCED_FACE('',(#9309),#9314,.T.);
#9316=ORIENTED_EDGE('',*,*,#8177,.T.);
#9317=CARTESIAN_POINT('',(205.,-60.62178,-166.));
#9318=VERTEX_POINT('',#9317);
#9319=DIRECTION('',(0.5,0.86603,0.));
#9320=VECTOR('',#9319,10.);
#9321=LINE('',#8167,#9320);
#9322=EDGE_CURVE('',#8168,#9318,#9321,.T.);
#9323=ORIENTED_EDGE('',*,*,#9322,.T.);
#9324=DIRECTION('',(0.83147,-0.55557,0.));
#9325=VECTOR('',#9324,9.15644);
#9326=LINE('',#9295,#9325);
#9327=EDGE_CURVE('',#9296,#9318,#9326,.T.);
#9328=ORIENTED_EDGE('',*,*,#9327,.F.);
#9329=ORIENTED_EDGE('',*,*,#9300,.F.);
#9330=EDGE_LOOP('',(#9316,#9323,#9328,#9329));
#9331=FACE_OUTER_BOUND('',#9330,.T.);
#9332=CARTESIAN_POINT('',(191.29909,-63.46827,-166.));
#9333=DIRECTION('',(0.,0.,1.));
#9334=DIRECTION('',(0.83147,-0.55557,0.));
#9335=AXIS2_PLACEMENT_3D('',#9332,#9333,#9334);
#9336=PLANE('',#9335);
#9337=ADVANCED_FACE('',(#9331),#9336,.T.);
#9338=ORIENTED_EDGE('',*,*,#8205,.T.);
#9339=CARTESIAN_POINT('',(213.21216,-64.67157,-166.));
#9340=VERTEX_POINT('',#9339);
#9341=DIRECTION('',(0.38268,0.92388,0.));
#9342=VECTOR('',#9341,10.);
#9343=LINE('',#8195,#9342);
#9344=EDGE_CURVE('',#8196,#9340,#9343,.T.);
#9345=ORIENTED_EDGE('',*,*,#9344,.T.);
#9346=DIRECTION('',(0.89687,-0.44229,0.));
#9347=VECTOR('',#9346,9.15644);
#9348=LINE('',#9317,#9347);
#9349=EDGE_CURVE('',#9318,#9340,#9348,.T.);
#9350=ORIENTED_EDGE('',*,*,#9349,.F.);
#9351=ORIENTED_EDGE('',*,*,#9322,.F.);
#9352=EDGE_LOOP('',(#9338,#9345,#9350,#9351));
#9353=FACE_OUTER_BOUND('',#9352,.T.);
#9354=CARTESIAN_POINT('',(200.,-69.28203,-166.));
#9355=DIRECTION('',(0.,0.,1.));
#9356=DIRECTION('',(0.89687,-0.44229,0.));
#9357=AXIS2_PLACEMENT_3D('',#9354,#9355,#9356);
#9358=PLANE('',#9357);
#9359=ADVANCED_FACE('',(#9353),#9358,.T.);
#9360=ORIENTED_EDGE('',*,*,#8233,.T.);
#9361=CARTESIAN_POINT('',(221.88267,-67.61481,-166.));
#9362=VERTEX_POINT('',#9361);
#9363=DIRECTION('',(0.25882,0.96593,0.));
#9364=VECTOR('',#9363,10.);
#9365=LINE('',#8223,#9364);
#9366=EDGE_CURVE('',#8224,#9362,#9365,.T.);
#9367=ORIENTED_EDGE('',*,*,#9366,.T.);
#9368=DIRECTION('',(0.94693,-0.32144,0.));
#9369=VECTOR('',#9368,9.15644);
#9370=LINE('',#9339,#9369);
#9371=EDGE_CURVE('',#9340,#9362,#9370,.T.);
#9372=ORIENTED_EDGE('',*,*,#9371,.F.);
#9373=ORIENTED_EDGE('',*,*,#9344,.F.);
#9374=EDGE_LOOP('',(#9360,#9367,#9372,#9373));
#9375=FACE_OUTER_BOUND('',#9374,.T.);
#9376=CARTESIAN_POINT('',(209.38533,-73.91036,-166.));
#9377=DIRECTION('',(0.,0.,1.));
#9378=DIRECTION('',(0.94693,-0.32144,0.));
#9379=AXIS2_PLACEMENT_3D('',#9376,#9377,#9378);
#9380=PLANE('',#9379);
#9381=ADVANCED_FACE('',(#9375),#9380,.T.);
#9382=ORIENTED_EDGE('',*,*,#8261,.T.);
#9383=CARTESIAN_POINT('',(230.86317,-69.40114,-166.));
#9384=VERTEX_POINT('',#9383);
#9385=DIRECTION('',(0.13053,0.99144,0.));
#9386=VECTOR('',#9385,10.);
#9387=LINE('',#8251,#9386);
#9388=EDGE_CURVE('',#8252,#9384,#9387,.T.);
#9389=ORIENTED_EDGE('',*,*,#9388,.T.);
#9390=DIRECTION('',(0.98079,-0.19509,0.));
#9391=VECTOR('',#9390,9.15644);
#9392=LINE('',#9361,#9391);
#9393=EDGE_CURVE('',#9362,#9384,#9392,.T.);
#9394=ORIENTED_EDGE('',*,*,#9393,.F.);
#9395=ORIENTED_EDGE('',*,*,#9366,.F.);
#9396=EDGE_LOOP('',(#9382,#9389,#9394,#9395));
#9397=FACE_OUTER_BOUND('',#9396,.T.);
#9398=CARTESIAN_POINT('',(219.29448,-77.27407,-166.));
#9399=DIRECTION('',(0.,0.,1.));
#9400=DIRECTION('',(0.98079,-0.19509,0.));
#9401=AXIS2_PLACEMENT_3D('',#9398,#9399,#9400);
#9402=PLANE('',#9401);
#9403=ADVANCED_FACE('',(#9397),#9402,.T.);
#9404=ORIENTED_EDGE('',*,*,#8289,.T.);
#9405=CARTESIAN_POINT('',(240.,-70.,-166.));
#9406=VERTEX_POINT('',#9405);
#9407=DIRECTION('',(0.,1.,0.));
#9408=VECTOR('',#9407,10.);
#9409=LINE('',#8279,#9408);
#9410=EDGE_CURVE('',#8280,#9406,#9409,.T.);
#9411=ORIENTED_EDGE('',*,*,#9410,.T.);
#9412=DIRECTION('',(0.99786,-0.0654,0.));
#9413=VECTOR('',#9412,9.15644);
#9414=LINE('',#9383,#9413);
#9415=EDGE_CURVE('',#9384,#9406,#9414,.T.);
#9416=ORIENTED_EDGE('',*,*,#9415,.F.);
#9417=ORIENTED_EDGE('',*,*,#9388,.F.);
#9418=EDGE_LOOP('',(#9404,#9411,#9416,#9417));
#9419=FACE_OUTER_BOUND('',#9418,.T.);
#9420=CARTESIAN_POINT('',(229.5579,-79.31559,-166.));
#9421=DIRECTION('',(0.,0.,1.));
#9422=DIRECTION('',(0.99786,-0.0654,0.));
#9423=AXIS2_PLACEMENT_3D('',#9420,#9421,#9422);
#9424=PLANE('',#9423);
#9425=ADVANCED_FACE('',(#9419),#9424,.T.);
#9426=ORIENTED_EDGE('',*,*,#8317,.T.);
#9427=CARTESIAN_POINT('',(249.13683,-69.40114,-166.));
#9428=VERTEX_POINT('',#9427);
#9429=DIRECTION('',(-0.13053,0.99144,0.));
#9430=VECTOR('',#9429,10.);
#9431=LINE('',#8307,#9430);
#9432=EDGE_CURVE('',#8308,#9428,#9431,.T.);
#9433=ORIENTED_EDGE('',*,*,#9432,.T.);
#9434=DIRECTION('',(0.99786,0.0654,0.));
#9435=VECTOR('',#9434,9.15644);
#9436=LINE('',#9405,#9435);
#9437=EDGE_CURVE('',#9406,#9428,#9436,.T.);
#9438=ORIENTED_EDGE('',*,*,#9437,.F.);
#9439=ORIENTED_EDGE('',*,*,#9410,.F.);
#9440=EDGE_LOOP('',(#9426,#9433,#9438,#9439));
#9441=FACE_OUTER_BOUND('',#9440,.T.);
#9442=CARTESIAN_POINT('',(240.,-80.,-166.));
#9443=DIRECTION('',(0.,0.,1.));
#9444=DIRECTION('',(0.99786,0.0654,0.));
#9445=AXIS2_PLACEMENT_3D('',#9442,#9443,#9444);
#9446=PLANE('',#9445);
#9447=ADVANCED_FACE('',(#9441),#9446,.T.);
#9448=ORIENTED_EDGE('',*,*,#8345,.T.);
#9449=CARTESIAN_POINT('',(258.11733,-67.61481,-166.));
#9450=VERTEX_POINT('',#9449);
#9451=DIRECTION('',(-0.25882,0.96593,0.));
#9452=VECTOR('',#9451,10.);
#9453=LINE('',#8335,#9452);
#9454=EDGE_CURVE('',#8336,#9450,#9453,.T.);
#9455=ORIENTED_EDGE('',*,*,#9454,.T.);
#9456=DIRECTION('',(0.98079,0.19509,0.));
#9457=VECTOR('',#9456,9.15644);
#9458=LINE('',#9427,#9457);
#9459=EDGE_CURVE('',#9428,#9450,#9458,.T.);
#9460=ORIENTED_EDGE('',*,*,#9459,.F.);
#9461=ORIENTED_EDGE('',*,*,#9432,.F.);
#9462=EDGE_LOOP('',(#9448,#9455,#9460,#9461));
#9463=FACE_OUTER_BOUND('',#9462,.T.);
#9464=CARTESIAN_POINT('',(250.4421,-79.31559,-166.));
#9465=DIRECTION('',(0.,0.,1.));
#9466=DIRECTION('',(0.98079,0.19509,0.));
#9467=AXIS2_PLACEMENT_3D('',#9464,#9465,#9466);
#9468=PLANE('',#9467);
#9469=ADVANCED_FACE('',(#9463),#9468,.T.);
#9470=ORIENTED_EDGE('',*,*,#8373,.T.);
#9471=CARTESIAN_POINT('',(266.78784,-64.67157,-166.));
#9472=VERTEX_POINT('',#9471);
#9473=DIRECTION('',(-0.38268,0.92388,0.));
#9474=VECTOR('',#9473,10.);
#9475=LINE('',#8363,#9474);
#9476=EDGE_CURVE('',#8364,#9472,#9475,.T.);
#9477=ORIENTED_EDGE('',*,*,#9476,.T.);
#9478=DIRECTION('',(0.94693,0.32144,0.));
#9479=VECTOR('',#9478,9.15644);
#9480=LINE('',#9449,#9479);
#9481=EDGE_CURVE('',#9450,#9472,#9480,.T.);
#9482=ORIENTED_EDGE('',*,*,#9481,.F.);
#9483=ORIENTED_EDGE('',*,*,#9454,.F.);
#9484=EDGE_LOOP('',(#9470,#9477,#9482,#9483));
#9485=FACE_OUTER_BOUND('',#9484,.T.);
#9486=CARTESIAN_POINT('',(260.70552,-77.27407,-166.));
#9487=DIRECTION('',(0.,0.,1.));
#9488=DIRECTION('',(0.94693,0.32144,0.));
#9489=AXIS2_PLACEMENT_3D('',#9486,#9487,#9488);
#9490=PLANE('',#9489);
#9491=ADVANCED_FACE('',(#9485),#9490,.T.);
#9492=ORIENTED_EDGE('',*,*,#8401,.T.);
#9493=CARTESIAN_POINT('',(275.,-60.62178,-166.));
#9494=VERTEX_POINT('',#9493);
#9495=DIRECTION('',(-0.5,0.86603,0.));
#9496=VECTOR('',#9495,10.);
#9497=LINE('',#8391,#9496);
#9498=EDGE_CURVE('',#8392,#9494,#9497,.T.);
#9499=ORIENTED_EDGE('',*,*,#9498,.T.);
#9500=DIRECTION('',(0.89687,0.44229,0.));
#9501=VECTOR('',#9500,9.15644);
#9502=LINE('',#9471,#9501);
#9503=EDGE_CURVE('',#9472,#9494,#9502,.T.);
#9504=ORIENTED_EDGE('',*,*,#9503,.F.);
#9505=ORIENTED_EDGE('',*,*,#9476,.F.);
#9506=EDGE_LOOP('',(#9492,#9499,#9504,#9505));
#9507=FACE_OUTER_BOUND('',#9506,.T.);
#9508=CARTESIAN_POINT('',(270.61467,-73.91036,-166.));
#9509=DIRECTION('',(0.,0.,1.));
#9510=DIRECTION('',(0.89687,0.44229,0.));
#9511=AXIS2_PLACEMENT_3D('',#9508,#9509,#9510);
#9512=PLANE('',#9511);
#9513=ADVANCED_FACE('',(#9507),#9512,.T.);
#9514=ORIENTED_EDGE('',*,*,#8429,.T.);
#9515=CARTESIAN_POINT('',(282.6133,-55.53473,-166.));
#9516=VERTEX_POINT('',#9515);
#9517=DIRECTION('',(-0.60876,0.79335,0.));
#9518=VECTOR('',#9517,10.);
#9519=LINE('',#8419,#9518);
#9520=EDGE_CURVE('',#8420,#9516,#9519,.T.);
#9521=ORIENTED_EDGE('',*,*,#9520,.T.);
#9522=DIRECTION('',(0.83147,0.55557,0.));
#9523=VECTOR('',#9522,9.15644);
#9524=LINE('',#9493,#9523);
#9525=EDGE_CURVE('',#9494,#9516,#9524,.T.);
#9526=ORIENTED_EDGE('',*,*,#9525,.F.);
#9527=ORIENTED_EDGE('',*,*,#9498,.F.);
#9528=EDGE_LOOP('',(#9514,#9521,#9526,#9527));
#9529=FACE_OUTER_BOUND('',#9528,.T.);
#9530=CARTESIAN_POINT('',(280.,-69.28203,-166.));
#9531=DIRECTION('',(0.,0.,1.));
#9532=DIRECTION('',(0.83147,0.55557,0.));
#9533=AXIS2_PLACEMENT_3D('',#9530,#9531,#9532);
#9534=PLANE('',#9533);
#9535=ADVANCED_FACE('',(#9529),#9534,.T.);
#9536=ORIENTED_EDGE('',*,*,#8457,.T.);
#9537=CARTESIAN_POINT('',(289.49747,-49.49747,-166.));
#9538=VERTEX_POINT('',#9537);
#9539=DIRECTION('',(-0.70711,0.70711,0.));
#9540=VECTOR('',#9539,10.);
#9541=LINE('',#8447,#9540);
#9542=EDGE_CURVE('',#8448,#9538,#9541,.T.);
#9543=ORIENTED_EDGE('',*,*,#9542,.T.);
#9544=DIRECTION('',(0.75184,0.65935,0.));
#9545=VECTOR('',#9544,9.15644);
#9546=LINE('',#9515,#9545);
#9547=EDGE_CURVE('',#9516,#9538,#9546,.T.);
#9548=ORIENTED_EDGE('',*,*,#9547,.F.);
#9549=ORIENTED_EDGE('',*,*,#9520,.F.);
#9550=EDGE_LOOP('',(#9536,#9543,#9548,#9549));
#9551=FACE_OUTER_BOUND('',#9550,.T.);
#9552=CARTESIAN_POINT('',(288.70091,-63.46827,-166.));
#9553=DIRECTION('',(0.,0.,1.));
#9554=DIRECTION('',(0.75184,0.65935,0.));
#9555=AXIS2_PLACEMENT_3D('',#9552,#9553,#9554);
#9556=PLANE('',#9555);
#9557=ADVANCED_FACE('',(#9551),#9556,.T.);
#9558=ORIENTED_EDGE('',*,*,#8485,.T.);
#9559=CARTESIAN_POINT('',(295.53473,-42.6133,-166.));
#9560=VERTEX_POINT('',#9559);
#9561=DIRECTION('',(-0.79335,0.60876,0.));
#9562=VECTOR('',#9561,10.);
#9563=LINE('',#8475,#9562);
#9564=EDGE_CURVE('',#8476,#9560,#9563,.T.);
#9565=ORIENTED_EDGE('',*,*,#9564,.T.);
#9566=DIRECTION('',(0.65935,0.75184,0.));
#9567=VECTOR('',#9566,9.15644);
#9568=LINE('',#9537,#9567);
#9569=EDGE_CURVE('',#9538,#9560,#9568,.T.);
#9570=ORIENTED_EDGE('',*,*,#9569,.F.);
#9571=ORIENTED_EDGE('',*,*,#9542,.F.);
#9572=EDGE_LOOP('',(#9558,#9565,#9570,#9571));
#9573=FACE_OUTER_BOUND('',#9572,.T.);
#9574=CARTESIAN_POINT('',(296.56854,-56.56854,-166.));
#9575=DIRECTION('',(0.,0.,1.));
#9576=DIRECTION('',(0.65935,0.75184,0.));
#9577=AXIS2_PLACEMENT_3D('',#9574,#9575,#9576);
#9578=PLANE('',#9577);
#9579=ADVANCED_FACE('',(#9573),#9578,.T.);
#9580=ORIENTED_EDGE('',*,*,#8513,.T.);
#9581=CARTESIAN_POINT('',(300.62178,-35.,-166.));
#9582=VERTEX_POINT('',#9581);
#9583=DIRECTION('',(-0.86603,0.5,0.));
#9584=VECTOR('',#9583,10.);
#9585=LINE('',#8503,#9584);
#9586=EDGE_CURVE('',#8504,#9582,#9585,.T.);
#9587=ORIENTED_EDGE('',*,*,#9586,.T.);
#9588=DIRECTION('',(0.55557,0.83147,0.));
#9589=VECTOR('',#9588,9.15644);
#9590=LINE('',#9559,#9589);
#9591=EDGE_CURVE('',#9560,#9582,#9590,.T.);
#9592=ORIENTED_EDGE('',*,*,#9591,.F.);
#9593=ORIENTED_EDGE('',*,*,#9564,.F.);
#9594=EDGE_LOOP('',(#9580,#9587,#9592,#9593));
#9595=FACE_OUTER_BOUND('',#9594,.T.);
#9596=CARTESIAN_POINT('',(303.46827,-48.70091,-166.));
#9597=DIRECTION('',(0.,0.,1.));
#9598=DIRECTION('',(0.55557,0.83147,0.));
#9599=AXIS2_PLACEMENT_3D('',#9596,#9597,#9598);
#9600=PLANE('',#9599);
#9601=ADVANCED_FACE('',(#9595),#9600,.T.);
#9602=ORIENTED_EDGE('',*,*,#8541,.T.);
#9603=CARTESIAN_POINT('',(304.67157,-26.78784,-166.));
#9604=VERTEX_POINT('',#9603);
#9605=DIRECTION('',(-0.92388,0.38268,0.));
#9606=VECTOR('',#9605,10.);
#9607=LINE('',#8531,#9606);
#9608=EDGE_CURVE('',#8532,#9604,#9607,.T.);
#9609=ORIENTED_EDGE('',*,*,#9608,.T.);
#9610=DIRECTION('',(0.44229,0.89687,0.));
#9611=VECTOR('',#9610,9.15644);
#9612=LINE('',#9581,#9611);
#9613=EDGE_CURVE('',#9582,#9604,#9612,.T.);
#9614=ORIENTED_EDGE('',*,*,#9613,.F.);
#9615=ORIENTED_EDGE('',*,*,#9586,.F.);
#9616=EDGE_LOOP('',(#9602,#9609,#9614,#9615));
#9617=FACE_OUTER_BOUND('',#9616,.T.);
#9618=CARTESIAN_POINT('',(309.28203,-40.,-166.));
#9619=DIRECTION('',(0.,0.,1.));
#9620=DIRECTION('',(0.44229,0.89687,0.));
#9621=AXIS2_PLACEMENT_3D('',#9618,#9619,#9620);
#9622=PLANE('',#9621);
#9623=ADVANCED_FACE('',(#9617),#9622,.T.);
#9624=ORIENTED_EDGE('',*,*,#8569,.T.);
#9625=CARTESIAN_POINT('',(307.61481,-18.11733,-166.));
#9626=VERTEX_POINT('',#9625);
#9627=DIRECTION('',(-0.96593,0.25882,0.));
#9628=VECTOR('',#9627,10.);
#9629=LINE('',#8559,#9628);
#9630=EDGE_CURVE('',#8560,#9626,#9629,.T.);
#9631=ORIENTED_EDGE('',*,*,#9630,.T.);
#9632=DIRECTION('',(0.32144,0.94693,0.));
#9633=VECTOR('',#9632,9.15644);
#9634=LINE('',#9603,#9633);
#9635=EDGE_CURVE('',#9604,#9626,#9634,.T.);
#9636=ORIENTED_EDGE('',*,*,#9635,.F.);
#9637=ORIENTED_EDGE('',*,*,#9608,.F.);
#9638=EDGE_LOOP('',(#9624,#9631,#9636,#9637));
#9639=FACE_OUTER_BOUND('',#9638,.T.);
#9640=CARTESIAN_POINT('',(313.91036,-30.61467,-166.));
#9641=DIRECTION('',(0.,0.,1.));
#9642=DIRECTION('',(0.32144,0.94693,0.));
#9643=AXIS2_PLACEMENT_3D('',#9640,#9641,#9642);
#9644=PLANE('',#9643);
#9645=ADVANCED_FACE('',(#9639),#9644,.T.);
#9646=ORIENTED_EDGE('',*,*,#8597,.T.);
#9647=CARTESIAN_POINT('',(309.40114,-9.13683,-166.));
#9648=VERTEX_POINT('',#9647);
#9649=DIRECTION('',(-0.99144,0.13053,0.));
#9650=VECTOR('',#9649,10.);
#9651=LINE('',#8587,#9650);
#9652=EDGE_CURVE('',#8588,#9648,#9651,.T.);
#9653=ORIENTED_EDGE('',*,*,#9652,.T.);
#9654=DIRECTION('',(0.19509,0.98079,0.));
#9655=VECTOR('',#9654,9.15644);
#9656=LINE('',#9625,#9655);
#9657=EDGE_CURVE('',#9626,#9648,#9656,.T.);
#9658=ORIENTED_EDGE('',*,*,#9657,.F.);
#9659=ORIENTED_EDGE('',*,*,#9630,.F.);
#9660=EDGE_LOOP('',(#9646,#9653,#9658,#9659));
#9661=FACE_OUTER_BOUND('',#9660,.T.);
#9662=CARTESIAN_POINT('',(317.27407,-20.70552,-166.));
#9663=DIRECTION('',(0.,0.,1.));
#9664=DIRECTION('',(0.19509,0.98079,0.));
#9665=AXIS2_PLACEMENT_3D('',#9662,#9663,#9664);
#9666=PLANE('',#9665);
#9667=ADVANCED_FACE('',(#9661),#9666,.T.);
#9668=ORIENTED_EDGE('',*,*,#8617,.F.);
#9669=ORIENTED_EDGE('',*,*,#8646,.T.);
#9670=DIRECTION('',(-0.0654,-0.99786,0.));
#9671=VECTOR('',#9670,9.15644);
#9672=LINE('',#8636,#9671);
#9673=EDGE_CURVE('',#8637,#9648,#9672,.T.);
#9674=ORIENTED_EDGE('',*,*,#9673,.T.);
#9675=ORIENTED_EDGE('',*,*,#9652,.F.);
#9676=EDGE_LOOP('',(#9668,#9669,#9674,#9675));
#9677=FACE_OUTER_BOUND('',#9676,.T.);
#9678=CARTESIAN_POINT('',(319.31559,-10.4421,-166.));
#9679=DIRECTION('',(0.,0.,1.));
#9680=DIRECTION('',(0.0654,0.99786,0.));
#9681=AXIS2_PLACEMENT_3D('',#9678,#9679,#9680);
#9682=PLANE('',#9681);
#9683=ADVANCED_FACE('',(#9677),#9682,.T.);
#9684=ORIENTED_EDGE('',*,*,#8641,.T.);
#9685=CARTESIAN_POINT('',(309.40114,9.13683,-170.));
#9686=VERTEX_POINT('',#9685);
#9687=DIRECTION('',(0.,0.,-1.));
#9688=VECTOR('',#9687,4.);
#9689=LINE('',#8629,#9688);
#9690=EDGE_CURVE('',#8630,#9686,#9689,.T.);
#9691=ORIENTED_EDGE('',*,*,#9690,.T.);
#9692=CARTESIAN_POINT('',(310.,0.,-170.));
#9693=VERTEX_POINT('',#9692);
#9694=DIRECTION('',(-0.0654,0.99786,0.));
#9695=VECTOR('',#9694,9.15644);
#9696=LINE('',#9692,#9695);
#9697=EDGE_CURVE('',#9693,#9686,#9696,.T.);
#9698=ORIENTED_EDGE('',*,*,#9697,.F.);
#9699=DIRECTION('',(0.,0.,-1.));
#9700=VECTOR('',#9699,4.);
#9701=LINE('',#8636,#9700);
#9702=EDGE_CURVE('',#8637,#9693,#9701,.T.);
#9703=ORIENTED_EDGE('',*,*,#9702,.F.);
#9704=EDGE_LOOP('',(#9684,#9691,#9698,#9703));
#9705=FACE_OUTER_BOUND('',#9704,.T.);
#9706=CARTESIAN_POINT('',(310.,0.,-166.));
#9707=DIRECTION('',(-0.99786,-0.0654,0.));
#9708=DIRECTION('',(-0.0654,0.99786,0.));
#9709=AXIS2_PLACEMENT_3D('',#9706,#9707,#9708);
#9710=PLANE('',#9709);
#9711=ADVANCED_FACE('',(#9705),#9710,.T.);
#9712=ORIENTED_EDGE('',*,*,#8667,.T.);
#9713=CARTESIAN_POINT('',(307.61481,18.11733,-170.));
#9714=VERTEX_POINT('',#9713);
#9715=DIRECTION('',(0.,0.,-1.));
#9716=VECTOR('',#9715,4.);
#9717=LINE('',#8657,#9716);
#9718=EDGE_CURVE('',#8658,#9714,#9717,.T.);
#9719=ORIENTED_EDGE('',*,*,#9718,.T.);
#9720=DIRECTION('',(-0.19509,0.98079,0.));
#9721=VECTOR('',#9720,9.15644);
#9722=LINE('',#9685,#9721);
#9723=EDGE_CURVE('',#9686,#9714,#9722,.T.);
#9724=ORIENTED_EDGE('',*,*,#9723,.F.);
#9725=ORIENTED_EDGE('',*,*,#9690,.F.);
#9726=EDGE_LOOP('',(#9712,#9719,#9724,#9725));
#9727=FACE_OUTER_BOUND('',#9726,.T.);
#9728=CARTESIAN_POINT('',(309.40114,9.13683,-166.));
#9729=DIRECTION('',(-0.98079,-0.19509,0.));
#9730=DIRECTION('',(-0.19509,0.98079,0.));
#9731=AXIS2_PLACEMENT_3D('',#9728,#9729,#9730);
#9732=PLANE('',#9731);
#9733=ADVANCED_FACE('',(#9727),#9732,.T.);
#9734=ORIENTED_EDGE('',*,*,#8689,.T.);
#9735=CARTESIAN_POINT('',(304.67157,26.78784,-170.));
#9736=VERTEX_POINT('',#9735);
#9737=DIRECTION('',(0.,0.,-1.));
#9738=VECTOR('',#9737,4.);
#9739=LINE('',#8679,#9738);
#9740=EDGE_CURVE('',#8680,#9736,#9739,.T.);
#9741=ORIENTED_EDGE('',*,*,#9740,.T.);
#9742=DIRECTION('',(-0.32144,0.94693,0.));
#9743=VECTOR('',#9742,9.15644);
#9744=LINE('',#9713,#9743);
#9745=EDGE_CURVE('',#9714,#9736,#9744,.T.);
#9746=ORIENTED_EDGE('',*,*,#9745,.F.);
#9747=ORIENTED_EDGE('',*,*,#9718,.F.);
#9748=EDGE_LOOP('',(#9734,#9741,#9746,#9747));
#9749=FACE_OUTER_BOUND('',#9748,.T.);
#9750=CARTESIAN_POINT('',(307.61481,18.11733,-166.));
#9751=DIRECTION('',(-0.94693,-0.32144,0.));
#9752=DIRECTION('',(-0.32144,0.94693,0.));
#9753=AXIS2_PLACEMENT_3D('',#9750,#9751,#9752);
#9754=PLANE('',#9753);
#9755=ADVANCED_FACE('',(#9749),#9754,.T.);
#9756=ORIENTED_EDGE('',*,*,#8711,.T.);
#9757=CARTESIAN_POINT('',(300.62178,35.,-170.));
#9758=VERTEX_POINT('',#9757);
#9759=DIRECTION('',(0.,0.,-1.));
#9760=VECTOR('',#9759,4.);
#9761=LINE('',#8701,#9760);
#9762=EDGE_CURVE('',#8702,#9758,#9761,.T.);
#9763=ORIENTED_EDGE('',*,*,#9762,.T.);
#9764=DIRECTION('',(-0.44229,0.89687,0.));
#9765=VECTOR('',#9764,9.15644);
#9766=LINE('',#9735,#9765);
#9767=EDGE_CURVE('',#9736,#9758,#9766,.T.);
#9768=ORIENTED_EDGE('',*,*,#9767,.F.);
#9769=ORIENTED_EDGE('',*,*,#9740,.F.);
#9770=EDGE_LOOP('',(#9756,#9763,#9768,#9769));
#9771=FACE_OUTER_BOUND('',#9770,.T.);
#9772=CARTESIAN_POINT('',(304.67157,26.78784,-166.));
#9773=DIRECTION('',(-0.89687,-0.44229,0.));
#9774=DIRECTION('',(-0.44229,0.89687,0.));
#9775=AXIS2_PLACEMENT_3D('',#9772,#9773,#9774);
#9776=PLANE('',#9775);
#9777=ADVANCED_FACE('',(#9771),#9776,.T.);
#9778=ORIENTED_EDGE('',*,*,#8733,.T.);
#9779=CARTESIAN_POINT('',(295.53473,42.6133,-170.));
#9780=VERTEX_POINT('',#9779);
#9781=DIRECTION('',(0.,0.,-1.));
#9782=VECTOR('',#9781,4.);
#9783=LINE('',#8723,#9782);
#9784=EDGE_CURVE('',#8724,#9780,#9783,.T.);
#9785=ORIENTED_EDGE('',*,*,#9784,.T.);
#9786=DIRECTION('',(-0.55557,0.83147,0.));
#9787=VECTOR('',#9786,9.15644);
#9788=LINE('',#9757,#9787);
#9789=EDGE_CURVE('',#9758,#9780,#9788,.T.);
#9790=ORIENTED_EDGE('',*,*,#9789,.F.);
#9791=ORIENTED_EDGE('',*,*,#9762,.F.);
#9792=EDGE_LOOP('',(#9778,#9785,#9790,#9791));
#9793=FACE_OUTER_BOUND('',#9792,.T.);
#9794=CARTESIAN_POINT('',(300.62178,35.,-166.));
#9795=DIRECTION('',(-0.83147,-0.55557,0.));
#9796=DIRECTION('',(-0.55557,0.83147,0.));
#9797=AXIS2_PLACEMENT_3D('',#9794,#9795,#9796);
#9798=PLANE('',#9797);
#9799=ADVANCED_FACE('',(#9793),#9798,.T.);
#9800=ORIENTED_EDGE('',*,*,#8755,.T.);
#9801=CARTESIAN_POINT('',(289.49747,49.49747,-170.));
#9802=VERTEX_POINT('',#9801);
#9803=DIRECTION('',(0.,0.,-1.));
#9804=VECTOR('',#9803,4.);
#9805=LINE('',#8745,#9804);
#9806=EDGE_CURVE('',#8746,#9802,#9805,.T.);
#9807=ORIENTED_EDGE('',*,*,#9806,.T.);
#9808=DIRECTION('',(-0.65935,0.75184,0.));
#9809=VECTOR('',#9808,9.15644);
#9810=LINE('',#9779,#9809);
#9811=EDGE_CURVE('',#9780,#9802,#9810,.T.);
#9812=ORIENTED_EDGE('',*,*,#9811,.F.);
#9813=ORIENTED_EDGE('',*,*,#9784,.F.);
#9814=EDGE_LOOP('',(#9800,#9807,#9812,#9813));
#9815=FACE_OUTER_BOUND('',#9814,.T.);
#9816=CARTESIAN_POINT('',(295.53473,42.6133,-166.));
#9817=DIRECTION('',(-0.75184,-0.65935,0.));
#9818=DIRECTION('',(-0.65935,0.75184,0.));
#9819=AXIS2_PLACEMENT_3D('',#9816,#9817,#9818);
#9820=PLANE('',#9819);
#9821=ADVANCED_FACE('',(#9815),#9820,.T.);
#9822=ORIENTED_EDGE('',*,*,#8777,.T.);
#9823=CARTESIAN_POINT('',(282.6133,55.53473,-170.));
#9824=VERTEX_POINT('',#9823);
#9825=DIRECTION('',(0.,0.,-1.));
#9826=VECTOR('',#9825,4.);
#9827=LINE('',#8767,#9826);
#9828=EDGE_CURVE('',#8768,#9824,#9827,.T.);
#9829=ORIENTED_EDGE('',*,*,#9828,.T.);
#9830=DIRECTION('',(-0.75184,0.65935,0.));
#9831=VECTOR('',#9830,9.15644);
#9832=LINE('',#9801,#9831);
#9833=EDGE_CURVE('',#9802,#9824,#9832,.T.);
#9834=ORIENTED_EDGE('',*,*,#9833,.F.);
#9835=ORIENTED_EDGE('',*,*,#9806,.F.);
#9836=EDGE_LOOP('',(#9822,#9829,#9834,#9835));
#9837=FACE_OUTER_BOUND('',#9836,.T.);
#9838=CARTESIAN_POINT('',(289.49747,49.49747,-166.));
#9839=DIRECTION('',(-0.65935,-0.75184,0.));
#9840=DIRECTION('',(-0.75184,0.65935,0.));
#9841=AXIS2_PLACEMENT_3D('',#9838,#9839,#9840);
#9842=PLANE('',#9841);
#9843=ADVANCED_FACE('',(#9837),#9842,.T.);
#9844=ORIENTED_EDGE('',*,*,#8799,.T.);
#9845=CARTESIAN_POINT('',(275.,60.62178,-170.));
#9846=VERTEX_POINT('',#9845);
#9847=DIRECTION('',(0.,0.,-1.));
#9848=VECTOR('',#9847,4.);
#9849=LINE('',#8789,#9848);
#9850=EDGE_CURVE('',#8790,#9846,#9849,.T.);
#9851=ORIENTED_EDGE('',*,*,#9850,.T.);
#9852=DIRECTION('',(-0.83147,0.55557,0.));
#9853=VECTOR('',#9852,9.15644);
#9854=LINE('',#9823,#9853);
#9855=EDGE_CURVE('',#9824,#9846,#9854,.T.);
#9856=ORIENTED_EDGE('',*,*,#9855,.F.);
#9857=ORIENTED_EDGE('',*,*,#9828,.F.);
#9858=EDGE_LOOP('',(#9844,#9851,#9856,#9857));
#9859=FACE_OUTER_BOUND('',#9858,.T.);
#9860=CARTESIAN_POINT('',(282.6133,55.53473,-166.));
#9861=DIRECTION('',(-0.55557,-0.83147,0.));
#9862=DIRECTION('',(-0.83147,0.55557,0.));
#9863=AXIS2_PLACEMENT_3D('',#9860,#9861,#9862);
#9864=PLANE('',#9863);
#9865=ADVANCED_FACE('',(#9859),#9864,.T.);
#9866=ORIENTED_EDGE('',*,*,#8821,.T.);
#9867=CARTESIAN_POINT('',(266.78784,64.67157,-170.));
#9868=VERTEX_POINT('',#9867);
#9869=DIRECTION('',(0.,0.,-1.));
#9870=VECTOR('',#9869,4.);
#9871=LINE('',#8811,#9870);
#9872=EDGE_CURVE('',#8812,#9868,#9871,.T.);
#9873=ORIENTED_EDGE('',*,*,#9872,.T.);
#9874=DIRECTION('',(-0.89687,0.44229,0.));
#9875=VECTOR('',#9874,9.15644);
#9876=LINE('',#9845,#9875);
#9877=EDGE_CURVE('',#9846,#9868,#9876,.T.);
#9878=ORIENTED_EDGE('',*,*,#9877,.F.);
#9879=ORIENTED_EDGE('',*,*,#9850,.F.);
#9880=EDGE_LOOP('',(#9866,#9873,#9878,#9879));
#9881=FACE_OUTER_BOUND('',#9880,.T.);
#9882=CARTESIAN_POINT('',(275.,60.62178,-166.));
#9883=DIRECTION('',(-0.44229,-0.89687,0.));
#9884=DIRECTION('',(-0.89687,0.44229,0.));
#9885=AXIS2_PLACEMENT_3D('',#9882,#9883,#9884);
#9886=PLANE('',#9885);
#9887=ADVANCED_FACE('',(#9881),#9886,.T.);
#9888=ORIENTED_EDGE('',*,*,#8843,.T.);
#9889=CARTESIAN_POINT('',(258.11733,67.61481,-170.));
#9890=VERTEX_POINT('',#9889);
#9891=DIRECTION('',(0.,0.,-1.));
#9892=VECTOR('',#9891,4.);
#9893=LINE('',#8833,#9892);
#9894=EDGE_CURVE('',#8834,#9890,#9893,.T.);
#9895=ORIENTED_EDGE('',*,*,#9894,.T.);
#9896=DIRECTION('',(-0.94693,0.32144,0.));
#9897=VECTOR('',#9896,9.15644);
#9898=LINE('',#9867,#9897);
#9899=EDGE_CURVE('',#9868,#9890,#9898,.T.);
#9900=ORIENTED_EDGE('',*,*,#9899,.F.);
#9901=ORIENTED_EDGE('',*,*,#9872,.F.);
#9902=EDGE_LOOP('',(#9888,#9895,#9900,#9901));
#9903=FACE_OUTER_BOUND('',#9902,.T.);
#9904=CARTESIAN_POINT('',(266.78784,64.67157,-166.));
#9905=DIRECTION('',(-0.32144,-0.94693,0.));
#9906=DIRECTION('',(-0.94693,0.32144,0.));
#9907=AXIS2_PLACEMENT_3D('',#9904,#9905,#9906);
#9908=PLANE('',#9907);
#9909=ADVANCED_FACE('',(#9903),#9908,.T.);
#9910=ORIENTED_EDGE('',*,*,#8865,.T.);
#9911=CARTESIAN_POINT('',(249.13683,69.40114,-170.));
#9912=VERTEX_POINT('',#9911);
#9913=DIRECTION('',(0.,0.,-1.));
#9914=VECTOR('',#9913,4.);
#9915=LINE('',#8855,#9914);
#9916=EDGE_CURVE('',#8856,#9912,#9915,.T.);
#9917=ORIENTED_EDGE('',*,*,#9916,.T.);
#9918=DIRECTION('',(-0.98079,0.19509,0.));
#9919=VECTOR('',#9918,9.15644);
#9920=LINE('',#9889,#9919);
#9921=EDGE_CURVE('',#9890,#9912,#9920,.T.);
#9922=ORIENTED_EDGE('',*,*,#9921,.F.);
#9923=ORIENTED_EDGE('',*,*,#9894,.F.);
#9924=EDGE_LOOP('',(#9910,#9917,#9922,#9923));
#9925=FACE_OUTER_BOUND('',#9924,.T.);
#9926=CARTESIAN_POINT('',(258.11733,67.61481,-166.));
#9927=DIRECTION('',(-0.19509,-0.98079,0.));
#9928=DIRECTION('',(-0.98079,0.19509,0.));
#9929=AXIS2_PLACEMENT_3D('',#9926,#9927,#9928);
#9930=PLANE('',#9929);
#9931=ADVANCED_FACE('',(#9925),#9930,.T.);
#9932=ORIENTED_EDGE('',*,*,#8887,.T.);
#9933=CARTESIAN_POINT('',(240.,70.,-170.));
#9934=VERTEX_POINT('',#9933);
#9935=DIRECTION('',(0.,0.,-1.));
#9936=VECTOR('',#9935,4.);
#9937=LINE('',#8877,#9936);
#9938=EDGE_CURVE('',#8878,#9934,#9937,.T.);
#9939=ORIENTED_EDGE('',*,*,#9938,.T.);
#9940=DIRECTION('',(-0.99786,0.0654,0.));
#9941=VECTOR('',#9940,9.15644);
#9942=LINE('',#9911,#9941);
#9943=EDGE_CURVE('',#9912,#9934,#9942,.T.);
#9944=ORIENTED_EDGE('',*,*,#9943,.F.);
#9945=ORIENTED_EDGE('',*,*,#9916,.F.);
#9946=EDGE_LOOP('',(#9932,#9939,#9944,#9945));
#9947=FACE_OUTER_BOUND('',#9946,.T.);
#9948=CARTESIAN_POINT('',(249.13683,69.40114,-166.));
#9949=DIRECTION('',(-0.0654,-0.99786,0.));
#9950=DIRECTION('',(-0.99786,0.0654,0.));
#9951=AXIS2_PLACEMENT_3D('',#9948,#9949,#9950);
#9952=PLANE('',#9951);
#9953=ADVANCED_FACE('',(#9947),#9952,.T.);
#9954=ORIENTED_EDGE('',*,*,#8909,.T.);
#9955=CARTESIAN_POINT('',(230.86317,69.40114,-170.));
#9956=VERTEX_POINT('',#9955);
#9957=DIRECTION('',(0.,0.,-1.));
#9958=VECTOR('',#9957,4.);
#9959=LINE('',#8899,#9958);
#9960=EDGE_CURVE('',#8900,#9956,#9959,.T.);
#9961=ORIENTED_EDGE('',*,*,#9960,.T.);
#9962=DIRECTION('',(-0.99786,-0.0654,0.));
#9963=VECTOR('',#9962,9.15644);
#9964=LINE('',#9933,#9963);
#9965=EDGE_CURVE('',#9934,#9956,#9964,.T.);
#9966=ORIENTED_EDGE('',*,*,#9965,.F.);
#9967=ORIENTED_EDGE('',*,*,#9938,.F.);
#9968=EDGE_LOOP('',(#9954,#9961,#9966,#9967));
#9969=FACE_OUTER_BOUND('',#9968,.T.);
#9970=CARTESIAN_POINT('',(240.,70.,-166.));
#9971=DIRECTION('',(0.0654,-0.99786,0.));
#9972=DIRECTION('',(-0.99786,-0.0654,0.));
#9973=AXIS2_PLACEMENT_3D('',#9970,#9971,#9972);
#9974=PLANE('',#9973);
#9975=ADVANCED_FACE('',(#9969),#9974,.T.);
#9976=ORIENTED_EDGE('',*,*,#8931,.T.);
#9977=CARTESIAN_POINT('',(221.88267,67.61481,-170.));
#9978=VERTEX_POINT('',#9977);
#9979=DIRECTION('',(0.,0.,-1.));
#9980=VECTOR('',#9979,4.);
#9981=LINE('',#8921,#9980);
#9982=EDGE_CURVE('',#8922,#9978,#9981,.T.);
#9983=ORIENTED_EDGE('',*,*,#9982,.T.);
#9984=DIRECTION('',(-0.98079,-0.19509,0.));
#9985=VECTOR('',#9984,9.15644);
#9986=LINE('',#9955,#9985);
#9987=EDGE_CURVE('',#9956,#9978,#9986,.T.);
#9988=ORIENTED_EDGE('',*,*,#9987,.F.);
#9989=ORIENTED_EDGE('',*,*,#9960,.F.);
#9990=EDGE_LOOP('',(#9976,#9983,#9988,#9989));
#9991=FACE_OUTER_BOUND('',#9990,.T.);
#9992=CARTESIAN_POINT('',(230.86317,69.40114,-166.));
#9993=DIRECTION('',(0.19509,-0.98079,0.));
#9994=DIRECTION('',(-0.98079,-0.19509,0.));
#9995=AXIS2_PLACEMENT_3D('',#9992,#9993,#9994);
#9996=PLANE('',#9995);
#9997=ADVANCED_FACE('',(#9991),#9996,.T.);
#9998=ORIENTED_EDGE('',*,*,#8953,.T.);
#9999=CARTESIAN_POINT('',(213.21216,64.67157,-170.));
#10000=VERTEX_POINT('',#9999);
#10001=DIRECTION('',(0.,0.,-1.));
#10002=VECTOR('',#10001,4.);
#10003=LINE('',#8943,#10002);
#10004=EDGE_CURVE('',#8944,#10000,#10003,.T.);
#10005=ORIENTED_EDGE('',*,*,#10004,.T.);
#10006=DIRECTION('',(-0.94693,-0.32144,0.));
#10007=VECTOR('',#10006,9.15644);
#10008=LINE('',#9977,#10007);
#10009=EDGE_CURVE('',#9978,#10000,#10008,.T.);
#10010=ORIENTED_EDGE('',*,*,#10009,.F.);
#10011=ORIENTED_EDGE('',*,*,#9982,.F.);
#10012=EDGE_LOOP('',(#9998,#10005,#10010,#10011));
#10013=FACE_OUTER_BOUND('',#10012,.T.);
#10014=CARTESIAN_POINT('',(221.88267,67.61481,-166.));
#10015=DIRECTION('',(0.32144,-0.94693,0.));
#10016=DIRECTION('',(-0.94693,-0.32144,0.));
#10017=AXIS2_PLACEMENT_3D('',#10014,#10015,#10016);
#10018=PLANE('',#10017);
#10019=ADVANCED_FACE('',(#10013),#10018,.T.);
#10020=ORIENTED_EDGE('',*,*,#8975,.T.);
#10021=CARTESIAN_POINT('',(205.,60.62178,-170.));
#10022=VERTEX_POINT('',#10021);
#10023=DIRECTION('',(0.,0.,-1.));
#10024=VECTOR('',#10023,4.);
#10025=LINE('',#8965,#10024);
#10026=EDGE_CURVE('',#8966,#10022,#10025,.T.);
#10027=ORIENTED_EDGE('',*,*,#10026,.T.);
#10028=DIRECTION('',(-0.89687,-0.44229,0.));
#10029=VECTOR('',#10028,9.15644);
#10030=LINE('',#9999,#10029);
#10031=EDGE_CURVE('',#10000,#10022,#10030,.T.);
#10032=ORIENTED_EDGE('',*,*,#10031,.F.);
#10033=ORIENTED_EDGE('',*,*,#10004,.F.);
#10034=EDGE_LOOP('',(#10020,#10027,#10032,#10033));
#10035=FACE_OUTER_BOUND('',#10034,.T.);
#10036=CARTESIAN_POINT('',(213.21216,64.67157,-166.));
#10037=DIRECTION('',(0.44229,-0.89687,0.));
#10038=DIRECTION('',(-0.89687,-0.44229,0.));
#10039=AXIS2_PLACEMENT_3D('',#10036,#10037,#10038);
#10040=PLANE('',#10039);
#10041=ADVANCED_FACE('',(#10035),#10040,.T.);
#10042=ORIENTED_EDGE('',*,*,#8997,.T.);
#10043=CARTESIAN_POINT('',(197.3867,55.53473,-170.));
#10044=VERTEX_POINT('',#10043);
#10045=DIRECTION('',(0.,0.,-1.));
#10046=VECTOR('',#10045,4.);
#10047=LINE('',#8987,#10046);
#10048=EDGE_CURVE('',#8988,#10044,#10047,.T.);
#10049=ORIENTED_EDGE('',*,*,#10048,.T.);
#10050=DIRECTION('',(-0.83147,-0.55557,0.));
#10051=VECTOR('',#10050,9.15644);
#10052=LINE('',#10021,#10051);
#10053=EDGE_CURVE('',#10022,#10044,#10052,.T.);
#10054=ORIENTED_EDGE('',*,*,#10053,.F.);
#10055=ORIENTED_EDGE('',*,*,#10026,.F.);
#10056=EDGE_LOOP('',(#10042,#10049,#10054,#10055));
#10057=FACE_OUTER_BOUND('',#10056,.T.);
#10058=CARTESIAN_POINT('',(205.,60.62178,-166.));
#10059=DIRECTION('',(0.55557,-0.83147,0.));
#10060=DIRECTION('',(-0.83147,-0.55557,0.));
#10061=AXIS2_PLACEMENT_3D('',#10058,#10059,#10060);
#10062=PLANE('',#10061);
#10063=ADVANCED_FACE('',(#10057),#10062,.T.);
#10064=ORIENTED_EDGE('',*,*,#9019,.T.);
#10065=CARTESIAN_POINT('',(190.50253,49.49747,-170.));
#10066=VERTEX_POINT('',#10065);
#10067=DIRECTION('',(0.,0.,-1.));
#10068=VECTOR('',#10067,4.);
#10069=LINE('',#9009,#10068);
#10070=EDGE_CURVE('',#9010,#10066,#10069,.T.);
#10071=ORIENTED_EDGE('',*,*,#10070,.T.);
#10072=DIRECTION('',(-0.75184,-0.65935,0.));
#10073=VECTOR('',#10072,9.15644);
#10074=LINE('',#10043,#10073);
#10075=EDGE_CURVE('',#10044,#10066,#10074,.T.);
#10076=ORIENTED_EDGE('',*,*,#10075,.F.);
#10077=ORIENTED_EDGE('',*,*,#10048,.F.);
#10078=EDGE_LOOP('',(#10064,#10071,#10076,#10077));
#10079=FACE_OUTER_BOUND('',#10078,.T.);
#10080=CARTESIAN_POINT('',(197.3867,55.53473,-166.));
#10081=DIRECTION('',(0.65935,-0.75184,0.));
#10082=DIRECTION('',(-0.75184,-0.65935,0.));
#10083=AXIS2_PLACEMENT_3D('',#10080,#10081,#10082);
#10084=PLANE('',#10083);
#10085=ADVANCED_FACE('',(#10079),#10084,.T.);
#10086=ORIENTED_EDGE('',*,*,#9041,.T.);
#10087=CARTESIAN_POINT('',(184.46527,42.6133,-170.));
#10088=VERTEX_POINT('',#10087);
#10089=DIRECTION('',(0.,0.,-1.));
#10090=VECTOR('',#10089,4.);
#10091=LINE('',#9031,#10090);
#10092=EDGE_CURVE('',#9032,#10088,#10091,.T.);
#10093=ORIENTED_EDGE('',*,*,#10092,.T.);
#10094=DIRECTION('',(-0.65935,-0.75184,0.));
#10095=VECTOR('',#10094,9.15644);
#10096=LINE('',#10065,#10095);
#10097=EDGE_CURVE('',#10066,#10088,#10096,.T.);
#10098=ORIENTED_EDGE('',*,*,#10097,.F.);
#10099=ORIENTED_EDGE('',*,*,#10070,.F.);
#10100=EDGE_LOOP('',(#10086,#10093,#10098,#10099));
#10101=FACE_OUTER_BOUND('',#10100,.T.);
#10102=CARTESIAN_POINT('',(190.50253,49.49747,-166.));
#10103=DIRECTION('',(0.75184,-0.65935,0.));
#10104=DIRECTION('',(-0.65935,-0.75184,0.));
#10105=AXIS2_PLACEMENT_3D('',#10102,#10103,#10104);
#10106=PLANE('',#10105);
#10107=ADVANCED_FACE('',(#10101),#10106,.T.);
#10108=ORIENTED_EDGE('',*,*,#9063,.T.);
#10109=CARTESIAN_POINT('',(179.37822,35.,-170.));
#10110=VERTEX_POINT('',#10109);
#10111=DIRECTION('',(0.,0.,-1.));
#10112=VECTOR('',#10111,4.);
#10113=LINE('',#9053,#10112);
#10114=EDGE_CURVE('',#9054,#10110,#10113,.T.);
#10115=ORIENTED_EDGE('',*,*,#10114,.T.);
#10116=DIRECTION('',(-0.55557,-0.83147,0.));
#10117=VECTOR('',#10116,9.15644);
#10118=LINE('',#10087,#10117);
#10119=EDGE_CURVE('',#10088,#10110,#10118,.T.);
#10120=ORIENTED_EDGE('',*,*,#10119,.F.);
#10121=ORIENTED_EDGE('',*,*,#10092,.F.);
#10122=EDGE_LOOP('',(#10108,#10115,#10120,#10121));
#10123=FACE_OUTER_BOUND('',#10122,.T.);
#10124=CARTESIAN_POINT('',(184.46527,42.6133,-166.));
#10125=DIRECTION('',(0.83147,-0.55557,0.));
#10126=DIRECTION('',(-0.55557,-0.83147,0.));
#10127=AXIS2_PLACEMENT_3D('',#10124,#10125,#10126);
#10128=PLANE('',#10127);
#10129=ADVANCED_FACE('',(#10123),#10128,.T.);
#10130=ORIENTED_EDGE('',*,*,#9085,.T.);
#10131=CARTESIAN_POINT('',(175.32843,26.78784,-170.));
#10132=VERTEX_POINT('',#10131);
#10133=DIRECTION('',(0.,0.,-1.));
#10134=VECTOR('',#10133,4.);
#10135=LINE('',#9075,#10134);
#10136=EDGE_CURVE('',#9076,#10132,#10135,.T.);
#10137=ORIENTED_EDGE('',*,*,#10136,.T.);
#10138=DIRECTION('',(-0.44229,-0.89687,0.));
#10139=VECTOR('',#10138,9.15644);
#10140=LINE('',#10109,#10139);
#10141=EDGE_CURVE('',#10110,#10132,#10140,.T.);
#10142=ORIENTED_EDGE('',*,*,#10141,.F.);
#10143=ORIENTED_EDGE('',*,*,#10114,.F.);
#10144=EDGE_LOOP('',(#10130,#10137,#10142,#10143));
#10145=FACE_OUTER_BOUND('',#10144,.T.);
#10146=CARTESIAN_POINT('',(179.37822,35.,-166.));
#10147=DIRECTION('',(0.89687,-0.44229,0.));
#10148=DIRECTION('',(-0.44229,-0.89687,0.));
#10149=AXIS2_PLACEMENT_3D('',#10146,#10147,#10148);
#10150=PLANE('',#10149);
#10151=ADVANCED_FACE('',(#10145),#10150,.T.);
#10152=ORIENTED_EDGE('',*,*,#9107,.T.);
#10153=CARTESIAN_POINT('',(172.38519,18.11733,-170.));
#10154=VERTEX_POINT('',#10153);
#10155=DIRECTION('',(0.,0.,-1.));
#10156=VECTOR('',#10155,4.);
#10157=LINE('',#9097,#10156);
#10158=EDGE_CURVE('',#9098,#10154,#10157,.T.);
#10159=ORIENTED_EDGE('',*,*,#10158,.T.);
#10160=DIRECTION('',(-0.32144,-0.94693,0.));
#10161=VECTOR('',#10160,9.15644);
#10162=LINE('',#10131,#10161);
#10163=EDGE_CURVE('',#10132,#10154,#10162,.T.);
#10164=ORIENTED_EDGE('',*,*,#10163,.F.);
#10165=ORIENTED_EDGE('',*,*,#10136,.F.);
#10166=EDGE_LOOP('',(#10152,#10159,#10164,#10165));
#10167=FACE_OUTER_BOUND('',#10166,.T.);
#10168=CARTESIAN_POINT('',(175.32843,26.78784,-166.));
#10169=DIRECTION('',(0.94693,-0.32144,0.));
#10170=DIRECTION('',(-0.32144,-0.94693,0.));
#10171=AXIS2_PLACEMENT_3D('',#10168,#10169,#10170);
#10172=PLANE('',#10171);
#10173=ADVANCED_FACE('',(#10167),#10172,.T.);
#10174=ORIENTED_EDGE('',*,*,#9129,.T.);
#10175=CARTESIAN_POINT('',(170.59886,9.13683,-170.));
#10176=VERTEX_POINT('',#10175);
#10177=DIRECTION('',(0.,0.,-1.));
#10178=VECTOR('',#10177,4.);
#10179=LINE('',#9119,#10178);
#10180=EDGE_CURVE('',#9120,#10176,#10179,.T.);
#10181=ORIENTED_EDGE('',*,*,#10180,.T.);
#10182=DIRECTION('',(-0.19509,-0.98079,0.));
#10183=VECTOR('',#10182,9.15644);
#10184=LINE('',#10153,#10183);
#10185=EDGE_CURVE('',#10154,#10176,#10184,.T.);
#10186=ORIENTED_EDGE('',*,*,#10185,.F.);
#10187=ORIENTED_EDGE('',*,*,#10158,.F.);
#10188=EDGE_LOOP('',(#10174,#10181,#10186,#10187));
#10189=FACE_OUTER_BOUND('',#10188,.T.);
#10190=CARTESIAN_POINT('',(172.38519,18.11733,-166.));
#10191=DIRECTION('',(0.98079,-0.19509,0.));
#10192=DIRECTION('',(-0.19509,-0.98079,0.));
#10193=AXIS2_PLACEMENT_3D('',#10190,#10191,#10192);
#10194=PLANE('',#10193);
#10195=ADVANCED_FACE('',(#10189),#10194,.T.);
#10196=ORIENTED_EDGE('',*,*,#9151,.T.);
#10197=CARTESIAN_POINT('',(170.,0.,-170.));
#10198=VERTEX_POINT('',#10197);
#10199=DIRECTION('',(0.,0.,-1.));
#10200=VECTOR('',#10199,4.);
#10201=LINE('',#9141,#10200);
#10202=EDGE_CURVE('',#9142,#10198,#10201,.T.);
#10203=ORIENTED_EDGE('',*,*,#10202,.T.);
#10204=DIRECTION('',(-0.0654,-0.99786,0.));
#10205=VECTOR('',#10204,9.15644);
#10206=LINE('',#10175,#10205);
#10207=EDGE_CURVE('',#10176,#10198,#10206,.T.);
#10208=ORIENTED_EDGE('',*,*,#10207,.F.);
#10209=ORIENTED_EDGE('',*,*,#10180,.F.);
#10210=EDGE_LOOP('',(#10196,#10203,#10208,#10209));
#10211=FACE_OUTER_BOUND('',#10210,.T.);
#10212=CARTESIAN_POINT('',(170.59886,9.13683,-166.));
#10213=DIRECTION('',(0.99786,-0.0654,0.));
#10214=DIRECTION('',(-0.0654,-0.99786,0.));
#10215=AXIS2_PLACEMENT_3D('',#10212,#10213,#10214);
#10216=PLANE('',#10215);
#10217=ADVANCED_FACE('',(#10211),#10216,.T.);
#10218=ORIENTED_EDGE('',*,*,#9173,.T.);
#10219=CARTESIAN_POINT('',(170.59886,-9.13683,-170.));
#10220=VERTEX_POINT('',#10219);
#10221=DIRECTION('',(0.,0.,-1.));
#10222=VECTOR('',#10221,4.);
#10223=LINE('',#9163,#10222);
#10224=EDGE_CURVE('',#9164,#10220,#10223,.T.);
#10225=ORIENTED_EDGE('',*,*,#10224,.T.);
#10226=DIRECTION('',(0.0654,-0.99786,0.));
#10227=VECTOR('',#10226,9.15644);
#10228=LINE('',#10197,#10227);
#10229=EDGE_CURVE('',#10198,#10220,#10228,.T.);
#10230=ORIENTED_EDGE('',*,*,#10229,.F.);
#10231=ORIENTED_EDGE('',*,*,#10202,.F.);
#10232=EDGE_LOOP('',(#10218,#10225,#10230,#10231));
#10233=FACE_OUTER_BOUND('',#10232,.T.);
#10234=CARTESIAN_POINT('',(170.,0.,-166.));
#10235=DIRECTION('',(0.99786,0.0654,0.));
#10236=DIRECTION('',(0.0654,-0.99786,0.));
#10237=AXIS2_PLACEMENT_3D('',#10234,#10235,#10236);
#10238=PLANE('',#10237);
#10239=ADVANCED_FACE('',(#10233),#10238,.T.);
#10240=ORIENTED_EDGE('',*,*,#9195,.T.);
#10241=CARTESIAN_POINT('',(172.38519,-18.11733,-170.));
#10242=VERTEX_POINT('',#10241);
#10243=DIRECTION('',(0.,0.,-1.));
#10244=VECTOR('',#10243,4.);
#10245=LINE('',#9185,#10244);
#10246=EDGE_CURVE('',#9186,#10242,#10245,.T.);
#10247=ORIENTED_EDGE('',*,*,#10246,.T.);
#10248=DIRECTION('',(0.19509,-0.98079,0.));
#10249=VECTOR('',#10248,9.15644);
#10250=LINE('',#10219,#10249);
#10251=EDGE_CURVE('',#10220,#10242,#10250,.T.);
#10252=ORIENTED_EDGE('',*,*,#10251,.F.);
#10253=ORIENTED_EDGE('',*,*,#10224,.F.);
#10254=EDGE_LOOP('',(#10240,#10247,#10252,#10253));
#10255=FACE_OUTER_BOUND('',#10254,.T.);
#10256=CARTESIAN_POINT('',(170.59886,-9.13683,-166.));
#10257=DIRECTION('',(0.98079,0.19509,0.));
#10258=DIRECTION('',(0.19509,-0.98079,0.));
#10259=AXIS2_PLACEMENT_3D('',#10256,#10257,#10258);
#10260=PLANE('',#10259);
#10261=ADVANCED_FACE('',(#10255),#10260,.T.);
#10262=ORIENTED_EDGE('',*,*,#9217,.T.);
#10263=CARTESIAN_POINT('',(175.32843,-26.78784,-170.));
#10264=VERTEX_POINT('',#10263);
#10265=DIRECTION('',(0.,0.,-1.));
#10266=VECTOR('',#10265,4.);
#10267=LINE('',#9207,#10266);
#10268=EDGE_CURVE('',#9208,#10264,#10267,.T.);
#10269=ORIENTED_EDGE('',*,*,#10268,.T.);
#10270=DIRECTION('',(0.32144,-0.94693,0.));
#10271=VECTOR('',#10270,9.15644);
#10272=LINE('',#10241,#10271);
#10273=EDGE_CURVE('',#10242,#10264,#10272,.T.);
#10274=ORIENTED_EDGE('',*,*,#10273,.F.);
#10275=ORIENTED_EDGE('',*,*,#10246,.F.);
#10276=EDGE_LOOP('',(#10262,#10269,#10274,#10275));
#10277=FACE_OUTER_BOUND('',#10276,.T.);
#10278=CARTESIAN_POINT('',(172.38519,-18.11733,-166.));
#10279=DIRECTION('',(0.94693,0.32144,0.));
#10280=DIRECTION('',(0.32144,-0.94693,0.));
#10281=AXIS2_PLACEMENT_3D('',#10278,#10279,#10280);
#10282=PLANE('',#10281);
#10283=ADVANCED_FACE('',(#10277),#10282,.T.);
#10284=ORIENTED_EDGE('',*,*,#9239,.T.);
#10285=CARTESIAN_POINT('',(179.37822,-35.,-170.));
#10286=VERTEX_POINT('',#10285);
#10287=DIRECTION('',(0.,0.,-1.));
#10288=VECTOR('',#10287,4.);
#10289=LINE('',#9229,#10288);
#10290=EDGE_CURVE('',#9230,#10286,#10289,.T.);
#10291=ORIENTED_EDGE('',*,*,#10290,.T.);
#10292=DIRECTION('',(0.44229,-0.89687,0.));
#10293=VECTOR('',#10292,9.15644);
#10294=LINE('',#10263,#10293);
#10295=EDGE_CURVE('',#10264,#10286,#10294,.T.);
#10296=ORIENTED_EDGE('',*,*,#10295,.F.);
#10297=ORIENTED_EDGE('',*,*,#10268,.F.);
#10298=EDGE_LOOP('',(#10284,#10291,#10296,#10297));
#10299=FACE_OUTER_BOUND('',#10298,.T.);
#10300=CARTESIAN_POINT('',(175.32843,-26.78784,-166.));
#10301=DIRECTION('',(0.89687,0.44229,0.));
#10302=DIRECTION('',(0.44229,-0.89687,0.));
#10303=AXIS2_PLACEMENT_3D('',#10300,#10301,#10302);
#10304=PLANE('',#10303);
#10305=ADVANCED_FACE('',(#10299),#10304,.T.);
#10306=ORIENTED_EDGE('',*,*,#9261,.T.);
#10307=CARTESIAN_POINT('',(184.46527,-42.6133,-170.));
#10308=VERTEX_POINT('',#10307);
#10309=DIRECTION('',(0.,0.,-1.));
#10310=VECTOR('',#10309,4.);
#10311=LINE('',#9251,#10310);
#10312=EDGE_CURVE('',#9252,#10308,#10311,.T.);
#10313=ORIENTED_EDGE('',*,*,#10312,.T.);
#10314=DIRECTION('',(0.55557,-0.83147,0.));
#10315=VECTOR('',#10314,9.15644);
#10316=LINE('',#10285,#10315);
#10317=EDGE_CURVE('',#10286,#10308,#10316,.T.);
#10318=ORIENTED_EDGE('',*,*,#10317,.F.);
#10319=ORIENTED_EDGE('',*,*,#10290,.F.);
#10320=EDGE_LOOP('',(#10306,#10313,#10318,#10319));
#10321=FACE_OUTER_BOUND('',#10320,.T.);
#10322=CARTESIAN_POINT('',(179.37822,-35.,-166.));
#10323=DIRECTION('',(0.83147,0.55557,0.));
#10324=DIRECTION('',(0.55557,-0.83147,0.));
#10325=AXIS2_PLACEMENT_3D('',#10322,#10323,#10324);
#10326=PLANE('',#10325);
#10327=ADVANCED_FACE('',(#10321),#10326,.T.);
#10328=ORIENTED_EDGE('',*,*,#9283,.T.);
#10329=CARTESIAN_POINT('',(190.50253,-49.49747,-170.));
#10330=VERTEX_POINT('',#10329);
#10331=DIRECTION('',(0.,0.,-1.));
#10332=VECTOR('',#10331,4.);
#10333=LINE('',#9273,#10332);
#10334=EDGE_CURVE('',#9274,#10330,#10333,.T.);
#10335=ORIENTED_EDGE('',*,*,#10334,.T.);
#10336=DIRECTION('',(0.65935,-0.75184,0.));
#10337=VECTOR('',#10336,9.15644);
#10338=LINE('',#10307,#10337);
#10339=EDGE_CURVE('',#10308,#10330,#10338,.T.);
#10340=ORIENTED_EDGE('',*,*,#10339,.F.);
#10341=ORIENTED_EDGE('',*,*,#10312,.F.);
#10342=EDGE_LOOP('',(#10328,#10335,#10340,#10341));
#10343=FACE_OUTER_BOUND('',#10342,.T.);
#10344=CARTESIAN_POINT('',(184.46527,-42.6133,-166.));
#10345=DIRECTION('',(0.75184,0.65935,0.));
#10346=DIRECTION('',(0.65935,-0.75184,0.));
#10347=AXIS2_PLACEMENT_3D('',#10344,#10345,#10346);
#10348=PLANE('',#10347);
#10349=ADVANCED_FACE('',(#10343),#10348,.T.);
#10350=ORIENTED_EDGE('',*,*,#9305,.T.);
#10351=CARTESIAN_POINT('',(197.3867,-55.53473,-170.));
#10352=VERTEX_POINT('',#10351);
#10353=DIRECTION('',(0.,0.,-1.));
#10354=VECTOR('',#10353,4.);
#10355=LINE('',#9295,#10354);
#10356=EDGE_CURVE('',#9296,#10352,#10355,.T.);
#10357=ORIENTED_EDGE('',*,*,#10356,.T.);
#10358=DIRECTION('',(0.75184,-0.65935,0.));
#10359=VECTOR('',#10358,9.15644);
#10360=LINE('',#10329,#10359);
#10361=EDGE_CURVE('',#10330,#10352,#10360,.T.);
#10362=ORIENTED_EDGE('',*,*,#10361,.F.);
#10363=ORIENTED_EDGE('',*,*,#10334,.F.);
#10364=EDGE_LOOP('',(#10350,#10357,#10362,#10363));
#10365=FACE_OUTER_BOUND('',#10364,.T.);
#10366=CARTESIAN_POINT('',(190.50253,-49.49747,-166.));
#10367=DIRECTION('',(0.65935,0.75184,0.));
#10368=DIRECTION('',(0.75184,-0.65935,0.));
#10369=AXIS2_PLACEMENT_3D('',#10366,#10367,#10368);
#10370=PLANE('',#10369);
#10371=ADVANCED_FACE('',(#10365),#10370,.T.);
#10372=ORIENTED_EDGE('',*,*,#9327,.T.);
#10373=CARTESIAN_POINT('',(205.,-60.62178,-170.));
#10374=VERTEX_POINT('',#10373);
#10375=DIRECTION('',(0.,0.,-1.));
#10376=VECTOR('',#10375,4.);
#10377=LINE('',#9317,#10376);
#10378=EDGE_CURVE('',#9318,#10374,#10377,.T.);
#10379=ORIENTED_EDGE('',*,*,#10378,.T.);
#10380=DIRECTION('',(0.83147,-0.55557,0.));
#10381=VECTOR('',#10380,9.15644);
#10382=LINE('',#10351,#10381);
#10383=EDGE_CURVE('',#10352,#10374,#10382,.T.);
#10384=ORIENTED_EDGE('',*,*,#10383,.F.);
#10385=ORIENTED_EDGE('',*,*,#10356,.F.);
#10386=EDGE_LOOP('',(#10372,#10379,#10384,#10385));
#10387=FACE_OUTER_BOUND('',#10386,.T.);
#10388=CARTESIAN_POINT('',(197.3867,-55.53473,-166.));
#10389=DIRECTION('',(0.55557,0.83147,0.));
#10390=DIRECTION('',(0.83147,-0.55557,0.));
#10391=AXIS2_PLACEMENT_3D('',#10388,#10389,#10390);
#10392=PLANE('',#10391);
#10393=ADVANCED_FACE('',(#10387),#10392,.T.);
#10394=ORIENTED_EDGE('',*,*,#9349,.T.);
#10395=CARTESIAN_POINT('',(213.21216,-64.67157,-170.));
#10396=VERTEX_POINT('',#10395);
#10397=DIRECTION('',(0.,0.,-1.));
#10398=VECTOR('',#10397,4.);
#10399=LINE('',#9339,#10398);
#10400=EDGE_CURVE('',#9340,#10396,#10399,.T.);
#10401=ORIENTED_EDGE('',*,*,#10400,.T.);
#10402=DIRECTION('',(0.89687,-0.44229,0.));
#10403=VECTOR('',#10402,9.15644);
#10404=LINE('',#10373,#10403);
#10405=EDGE_CURVE('',#10374,#10396,#10404,.T.);
#10406=ORIENTED_EDGE('',*,*,#10405,.F.);
#10407=ORIENTED_EDGE('',*,*,#10378,.F.);
#10408=EDGE_LOOP('',(#10394,#10401,#10406,#10407));
#10409=FACE_OUTER_BOUND('',#10408,.T.);
#10410=CARTESIAN_POINT('',(205.,-60.62178,-166.));
#10411=DIRECTION('',(0.44229,0.89687,0.));
#10412=DIRECTION('',(0.89687,-0.44229,0.));
#10413=AXIS2_PLACEMENT_3D('',#10410,#10411,#10412);
#10414=PLANE('',#10413);
#10415=ADVANCED_FACE('',(#10409),#10414,.T.);
#10416=ORIENTED_EDGE('',*,*,#9371,.T.);
#10417=CARTESIAN_POINT('',(221.88267,-67.61481,-170.));
#10418=VERTEX_POINT('',#10417);
#10419=DIRECTION('',(0.,0.,-1.));
#10420=VECTOR('',#10419,4.);
#10421=LINE('',#9361,#10420);
#10422=EDGE_CURVE('',#9362,#10418,#10421,.T.);
#10423=ORIENTED_EDGE('',*,*,#10422,.T.);
#10424=DIRECTION('',(0.94693,-0.32144,0.));
#10425=VECTOR('',#10424,9.15644);
#10426=LINE('',#10395,#10425);
#10427=EDGE_CURVE('',#10396,#10418,#10426,.T.);
#10428=ORIENTED_EDGE('',*,*,#10427,.F.);
#10429=ORIENTED_EDGE('',*,*,#10400,.F.);
#10430=EDGE_LOOP('',(#10416,#10423,#10428,#10429));
#10431=FACE_OUTER_BOUND('',#10430,.T.);
#10432=CARTESIAN_POINT('',(213.21216,-64.67157,-166.));
#10433=DIRECTION('',(0.32144,0.94693,0.));
#10434=DIRECTION('',(0.94693,-0.32144,0.));
#10435=AXIS2_PLACEMENT_3D('',#10432,#10433,#10434);
#10436=PLANE('',#10435);
#10437=ADVANCED_FACE('',(#10431),#10436,.T.);
#10438=ORIENTED_EDGE('',*,*,#9393,.T.);
#10439=CARTESIAN_POINT('',(230.86317,-69.40114,-170.));
#10440=VERTEX_POINT('',#10439);
#10441=DIRECTION('',(0.,0.,-1.));
#10442=VECTOR('',#10441,4.);
#10443=LINE('',#9383,#10442);
#10444=EDGE_CURVE('',#9384,#10440,#10443,.T.);
#10445=ORIENTED_EDGE('',*,*,#10444,.T.);
#10446=DIRECTION('',(0.98079,-0.19509,0.));
#10447=VECTOR('',#10446,9.15644);
#10448=LINE('',#10417,#10447);
#10449=EDGE_CURVE('',#10418,#10440,#10448,.T.);
#10450=ORIENTED_EDGE('',*,*,#10449,.F.);
#10451=ORIENTED_EDGE('',*,*,#10422,.F.);
#10452=EDGE_LOOP('',(#10438,#10445,#10450,#10451));
#10453=FACE_OUTER_BOUND('',#10452,.T.);
#10454=CARTESIAN_POINT('',(221.88267,-67.61481,-166.));
#10455=DIRECTION('',(0.19509,0.98079,0.));
#10456=DIRECTION('',(0.98079,-0.19509,0.));
#10457=AXIS2_PLACEMENT_3D('',#10454,#10455,#10456);
#10458=PLANE('',#10457);
#10459=ADVANCED_FACE('',(#10453),#10458,.T.);
#10460=ORIENTED_EDGE('',*,*,#9415,.T.);
#10461=CARTESIAN_POINT('',(240.,-70.,-170.));
#10462=VERTEX_POINT('',#10461);
#10463=DIRECTION('',(0.,0.,-1.));
#10464=VECTOR('',#10463,4.);
#10465=LINE('',#9405,#10464);
#10466=EDGE_CURVE('',#9406,#10462,#10465,.T.);
#10467=ORIENTED_EDGE('',*,*,#10466,.T.);
#10468=DIRECTION('',(0.99786,-0.0654,0.));
#10469=VECTOR('',#10468,9.15644);
#10470=LINE('',#10439,#10469);
#10471=EDGE_CURVE('',#10440,#10462,#10470,.T.);
#10472=ORIENTED_EDGE('',*,*,#10471,.F.);
#10473=ORIENTED_EDGE('',*,*,#10444,.F.);
#10474=EDGE_LOOP('',(#10460,#10467,#10472,#10473));
#10475=FACE_OUTER_BOUND('',#10474,.T.);
#10476=CARTESIAN_POINT('',(230.86317,-69.40114,-166.));
#10477=DIRECTION('',(0.0654,0.99786,0.));
#10478=DIRECTION('',(0.99786,-0.0654,0.));
#10479=AXIS2_PLACEMENT_3D('',#10476,#10477,#10478);
#10480=PLANE('',#10479);
#10481=ADVANCED_FACE('',(#10475),#10480,.T.);
#10482=ORIENTED_EDGE('',*,*,#9437,.T.);
#10483=CARTESIAN_POINT('',(249.13683,-69.40114,-170.));
#10484=VERTEX_POINT('',#10483);
#10485=DIRECTION('',(0.,0.,-1.));
#10486=VECTOR('',#10485,4.);
#10487=LINE('',#9427,#10486);
#10488=EDGE_CURVE('',#9428,#10484,#10487,.T.);
#10489=ORIENTED_EDGE('',*,*,#10488,.T.);
#10490=DIRECTION('',(0.99786,0.0654,0.));
#10491=VECTOR('',#10490,9.15644);
#10492=LINE('',#10461,#10491);
#10493=EDGE_CURVE('',#10462,#10484,#10492,.T.);
#10494=ORIENTED_EDGE('',*,*,#10493,.F.);
#10495=ORIENTED_EDGE('',*,*,#10466,.F.);
#10496=EDGE_LOOP('',(#10482,#10489,#10494,#10495));
#10497=FACE_OUTER_BOUND('',#10496,.T.);
#10498=CARTESIAN_POINT('',(240.,-70.,-166.));
#10499=DIRECTION('',(-0.0654,0.99786,0.));
#10500=DIRECTION('',(0.99786,0.0654,0.));
#10501=AXIS2_PLACEMENT_3D('',#10498,#10499,#10500);
#10502=PLANE('',#10501);
#10503=ADVANCED_FACE('',(#10497),#10502,.T.);
#10504=ORIENTED_EDGE('',*,*,#9459,.T.);
#10505=CARTESIAN_POINT('',(258.11733,-67.61481,-170.));
#10506=VERTEX_POINT('',#10505);
#10507=DIRECTION('',(0.,0.,-1.));
#10508=VECTOR('',#10507,4.);
#10509=LINE('',#9449,#10508);
#10510=EDGE_CURVE('',#9450,#10506,#10509,.T.);
#10511=ORIENTED_EDGE('',*,*,#10510,.T.);
#10512=DIRECTION('',(0.98079,0.19509,0.));
#10513=VECTOR('',#10512,9.15644);
#10514=LINE('',#10483,#10513);
#10515=EDGE_CURVE('',#10484,#10506,#10514,.T.);
#10516=ORIENTED_EDGE('',*,*,#10515,.F.);
#10517=ORIENTED_EDGE('',*,*,#10488,.F.);
#10518=EDGE_LOOP('',(#10504,#10511,#10516,#10517));
#10519=FACE_OUTER_BOUND('',#10518,.T.);
#10520=CARTESIAN_POINT('',(249.13683,-69.40114,-166.));
#10521=DIRECTION('',(-0.19509,0.98079,0.));
#10522=DIRECTION('',(0.98079,0.19509,0.));
#10523=AXIS2_PLACEMENT_3D('',#10520,#10521,#10522);
#10524=PLANE('',#10523);
#10525=ADVANCED_FACE('',(#10519),#10524,.T.);
#10526=ORIENTED_EDGE('',*,*,#9481,.T.);
#10527=CARTESIAN_POINT('',(266.78784,-64.67157,-170.));
#10528=VERTEX_POINT('',#10527);
#10529=DIRECTION('',(0.,0.,-1.));
#10530=VECTOR('',#10529,4.);
#10531=LINE('',#9471,#10530);
#10532=EDGE_CURVE('',#9472,#10528,#10531,.T.);
#10533=ORIENTED_EDGE('',*,*,#10532,.T.);
#10534=DIRECTION('',(0.94693,0.32144,0.));
#10535=VECTOR('',#10534,9.15644);
#10536=LINE('',#10505,#10535);
#10537=EDGE_CURVE('',#10506,#10528,#10536,.T.);
#10538=ORIENTED_EDGE('',*,*,#10537,.F.);
#10539=ORIENTED_EDGE('',*,*,#10510,.F.);
#10540=EDGE_LOOP('',(#10526,#10533,#10538,#10539));
#10541=FACE_OUTER_BOUND('',#10540,.T.);
#10542=CARTESIAN_POINT('',(258.11733,-67.61481,-166.));
#10543=DIRECTION('',(-0.32144,0.94693,0.));
#10544=DIRECTION('',(0.94693,0.32144,0.));
#10545=AXIS2_PLACEMENT_3D('',#10542,#10543,#10544);
#10546=PLANE('',#10545);
#10547=ADVANCED_FACE('',(#10541),#10546,.T.);
#10548=ORIENTED_EDGE('',*,*,#9503,.T.);
#10549=CARTESIAN_POINT('',(275.,-60.62178,-170.));
#10550=VERTEX_POINT('',#10549);
#10551=DIRECTION('',(0.,0.,-1.));
#10552=VECTOR('',#10551,4.);
#10553=LINE('',#9493,#10552);
#10554=EDGE_CURVE('',#9494,#10550,#10553,.T.);
#10555=ORIENTED_EDGE('',*,*,#10554,.T.);
#10556=DIRECTION('',(0.89687,0.44229,0.));
#10557=VECTOR('',#10556,9.15644);
#10558=LINE('',#10527,#10557);
#10559=EDGE_CURVE('',#10528,#10550,#10558,.T.);
#10560=ORIENTED_EDGE('',*,*,#10559,.F.);
#10561=ORIENTED_EDGE('',*,*,#10532,.F.);
#10562=EDGE_LOOP('',(#10548,#10555,#10560,#10561));
#10563=FACE_OUTER_BOUND('',#10562,.T.);
#10564=CARTESIAN_POINT('',(266.78784,-64.67157,-166.));
#10565=DIRECTION('',(-0.44229,0.89687,0.));
#10566=DIRECTION('',(0.89687,0.44229,0.));
#10567=AXIS2_PLACEMENT_3D('',#10564,#10565,#10566);
#10568=PLANE('',#10567);
#10569=ADVANCED_FACE('',(#10563),#10568,.T.);
#10570=ORIENTED_EDGE('',*,*,#9525,.T.);
#10571=CARTESIAN_POINT('',(282.6133,-55.53473,-170.));
#10572=VERTEX_POINT('',#10571);
#10573=DIRECTION('',(0.,0.,-1.));
#10574=VECTOR('',#10573,4.);
#10575=LINE('',#9515,#10574);
#10576=EDGE_CURVE('',#9516,#10572,#10575,.T.);
#10577=ORIENTED_EDGE('',*,*,#10576,.T.);
#10578=DIRECTION('',(0.83147,0.55557,0.));
#10579=VECTOR('',#10578,9.15644);
#10580=LINE('',#10549,#10579);
#10581=EDGE_CURVE('',#10550,#10572,#10580,.T.);
#10582=ORIENTED_EDGE('',*,*,#10581,.F.);
#10583=ORIENTED_EDGE('',*,*,#10554,.F.);
#10584=EDGE_LOOP('',(#10570,#10577,#10582,#10583));
#10585=FACE_OUTER_BOUND('',#10584,.T.);
#10586=CARTESIAN_POINT('',(275.,-60.62178,-166.));
#10587=DIRECTION('',(-0.55557,0.83147,0.));
#10588=DIRECTION('',(0.83147,0.55557,0.));
#10589=AXIS2_PLACEMENT_3D('',#10586,#10587,#10588);
#10590=PLANE('',#10589);
#10591=ADVANCED_FACE('',(#10585),#10590,.T.);
#10592=ORIENTED_EDGE('',*,*,#9547,.T.);
#10593=CARTESIAN_POINT('',(289.49747,-49.49747,-170.));
#10594=VERTEX_POINT('',#10593);
#10595=DIRECTION('',(0.,0.,-1.));
#10596=VECTOR('',#10595,4.);
#10597=LINE('',#9537,#10596);
#10598=EDGE_CURVE('',#9538,#10594,#10597,.T.);
#10599=ORIENTED_EDGE('',*,*,#10598,.T.);
#10600=DIRECTION('',(0.75184,0.65935,0.));
#10601=VECTOR('',#10600,9.15644);
#10602=LINE('',#10571,#10601);
#10603=EDGE_CURVE('',#10572,#10594,#10602,.T.);
#10604=ORIENTED_EDGE('',*,*,#10603,.F.);
#10605=ORIENTED_EDGE('',*,*,#10576,.F.);
#10606=EDGE_LOOP('',(#10592,#10599,#10604,#10605));
#10607=FACE_OUTER_BOUND('',#10606,.T.);
#10608=CARTESIAN_POINT('',(282.6133,-55.53473,-166.));
#10609=DIRECTION('',(-0.65935,0.75184,0.));
#10610=DIRECTION('',(0.75184,0.65935,0.));
#10611=AXIS2_PLACEMENT_3D('',#10608,#10609,#10610);
#10612=PLANE('',#10611);
#10613=ADVANCED_FACE('',(#10607),#10612,.T.);
#10614=ORIENTED_EDGE('',*,*,#9569,.T.);
#10615=CARTESIAN_POINT('',(295.53473,-42.6133,-170.));
#10616=VERTEX_POINT('',#10615);
#10617=DIRECTION('',(0.,0.,-1.));
#10618=VECTOR('',#10617,4.);
#10619=LINE('',#9559,#10618);
#10620=EDGE_CURVE('',#9560,#10616,#10619,.T.);
#10621=ORIENTED_EDGE('',*,*,#10620,.T.);
#10622=DIRECTION('',(0.65935,0.75184,0.));
#10623=VECTOR('',#10622,9.15644);
#10624=LINE('',#10593,#10623);
#10625=EDGE_CURVE('',#10594,#10616,#10624,.T.);
#10626=ORIENTED_EDGE('',*,*,#10625,.F.);
#10627=ORIENTED_EDGE('',*,*,#10598,.F.);
#10628=EDGE_LOOP('',(#10614,#10621,#10626,#10627));
#10629=FACE_OUTER_BOUND('',#10628,.T.);
#10630=CARTESIAN_POINT('',(289.49747,-49.49747,-166.));
#10631=DIRECTION('',(-0.75184,0.65935,0.));
#10632=DIRECTION('',(0.65935,0.75184,0.));
#10633=AXIS2_PLACEMENT_3D('',#10630,#10631,#10632);
#10634=PLANE('',#10633);
#10635=ADVANCED_FACE('',(#10629),#10634,.T.);
#10636=ORIENTED_EDGE('',*,*,#9591,.T.);
#10637=CARTESIAN_POINT('',(300.62178,-35.,-170.));
#10638=VERTEX_POINT('',#10637);
#10639=DIRECTION('',(0.,0.,-1.));
#10640=VECTOR('',#10639,4.);
#10641=LINE('',#9581,#10640);
#10642=EDGE_CURVE('',#9582,#10638,#10641,.T.);
#10643=ORIENTED_EDGE('',*,*,#10642,.T.);
#10644=DIRECTION('',(0.55557,0.83147,0.));
#10645=VECTOR('',#10644,9.15644);
#10646=LINE('',#10615,#10645);
#10647=EDGE_CURVE('',#10616,#10638,#10646,.T.);
#10648=ORIENTED_EDGE('',*,*,#10647,.F.);
#10649=ORIENTED_EDGE('',*,*,#10620,.F.);
#10650=EDGE_LOOP('',(#10636,#10643,#10648,#10649));
#10651=FACE_OUTER_BOUND('',#10650,.T.);
#10652=CARTESIAN_POINT('',(295.53473,-42.6133,-166.));
#10653=DIRECTION('',(-0.83147,0.55557,0.));
#10654=DIRECTION('',(0.55557,0.83147,0.));
#10655=AXIS2_PLACEMENT_3D('',#10652,#10653,#10654);
#10656=PLANE('',#10655);
#10657=ADVANCED_FACE('',(#10651),#10656,.T.);
#10658=ORIENTED_EDGE('',*,*,#9613,.T.);
#10659=CARTESIAN_POINT('',(304.67157,-26.78784,-170.));
#10660=VERTEX_POINT('',#10659);
#10661=DIRECTION('',(0.,0.,-1.));
#10662=VECTOR('',#10661,4.);
#10663=LINE('',#9603,#10662);
#10664=EDGE_CURVE('',#9604,#10660,#10663,.T.);
#10665=ORIENTED_EDGE('',*,*,#10664,.T.);
#10666=DIRECTION('',(0.44229,0.89687,0.));
#10667=VECTOR('',#10666,9.15644);
#10668=LINE('',#10637,#10667);
#10669=EDGE_CURVE('',#10638,#10660,#10668,.T.);
#10670=ORIENTED_EDGE('',*,*,#10669,.F.);
#10671=ORIENTED_EDGE('',*,*,#10642,.F.);
#10672=EDGE_LOOP('',(#10658,#10665,#10670,#10671));
#10673=FACE_OUTER_BOUND('',#10672,.T.);
#10674=CARTESIAN_POINT('',(300.62178,-35.,-166.));
#10675=DIRECTION('',(-0.89687,0.44229,0.));
#10676=DIRECTION('',(0.44229,0.89687,0.));
#10677=AXIS2_PLACEMENT_3D('',#10674,#10675,#10676);
#10678=PLANE('',#10677);
#10679=ADVANCED_FACE('',(#10673),#10678,.T.);
#10680=ORIENTED_EDGE('',*,*,#9635,.T.);
#10681=CARTESIAN_POINT('',(307.61481,-18.11733,-170.));
#10682=VERTEX_POINT('',#10681);
#10683=DIRECTION('',(0.,0.,-1.));
#10684=VECTOR('',#10683,4.);
#10685=LINE('',#9625,#10684);
#10686=EDGE_CURVE('',#9626,#10682,#10685,.T.);
#10687=ORIENTED_EDGE('',*,*,#10686,.T.);
#10688=DIRECTION('',(0.32144,0.94693,0.));
#10689=VECTOR('',#10688,9.15644);
#10690=LINE('',#10659,#10689);
#10691=EDGE_CURVE('',#10660,#10682,#10690,.T.);
#10692=ORIENTED_EDGE('',*,*,#10691,.F.);
#10693=ORIENTED_EDGE('',*,*,#10664,.F.);
#10694=EDGE_LOOP('',(#10680,#10687,#10692,#10693));
#10695=FACE_OUTER_BOUND('',#10694,.T.);
#10696=CARTESIAN_POINT('',(304.67157,-26.78784,-166.));
#10697=DIRECTION('',(-0.94693,0.32144,0.));
#10698=DIRECTION('',(0.32144,0.94693,0.));
#10699=AXIS2_PLACEMENT_3D('',#10696,#10697,#10698);
#10700=PLANE('',#10699);
#10701=ADVANCED_FACE('',(#10695),#10700,.T.);
#10702=ORIENTED_EDGE('',*,*,#9657,.T.);
#10703=CARTESIAN_POINT('',(309.40114,-9.13683,-170.));
#10704=VERTEX_POINT('',#10703);
#10705=DIRECTION('',(0.,0.,-1.));
#10706=VECTOR('',#10705,4.);
#10707=LINE('',#9647,#10706);
#10708=EDGE_CURVE('',#9648,#10704,#10707,.T.);
#10709=ORIENTED_EDGE('',*,*,#10708,.T.);
#10710=DIRECTION('',(0.19509,0.98079,0.));
#10711=VECTOR('',#10710,9.15644);
#10712=LINE('',#10681,#10711);
#10713=EDGE_CURVE('',#10682,#10704,#10712,.T.);
#10714=ORIENTED_EDGE('',*,*,#10713,.F.);
#10715=ORIENTED_EDGE('',*,*,#10686,.F.);
#10716=EDGE_LOOP('',(#10702,#10709,#10714,#10715));
#10717=FACE_OUTER_BOUND('',#10716,.T.);
#10718=CARTESIAN_POINT('',(307.61481,-18.11733,-166.));
#10719=DIRECTION('',(-0.98079,0.19509,0.));
#10720=DIRECTION('',(0.19509,0.98079,0.));
#10721=AXIS2_PLACEMENT_3D('',#10718,#10719,#10720);
#10722=PLANE('',#10721);
#10723=ADVANCED_FACE('',(#10717),#10722,.T.);
#10724=ORIENTED_EDGE('',*,*,#9673,.F.);
#10725=ORIENTED_EDGE('',*,*,#9702,.T.);
#10726=DIRECTION('',(-0.0654,-0.99786,0.));
#10727=VECTOR('',#10726,9.15644);
#10728=LINE('',#9692,#10727);
#10729=EDGE_CURVE('',#9693,#10704,#10728,.T.);
#10730=ORIENTED_EDGE('',*,*,#10729,.T.);
#10731=ORIENTED_EDGE('',*,*,#10708,.F.);
#10732=EDGE_LOOP('',(#10724,#10725,#10730,#10731));
#10733=FACE_OUTER_BOUND('',#10732,.T.);
#10734=CARTESIAN_POINT('',(309.40114,-9.13683,-166.));
#10735=DIRECTION('',(-0.99786,0.0654,0.));
#10736=DIRECTION('',(0.0654,0.99786,0.));
#10737=AXIS2_PLACEMENT_3D('',#10734,#10735,#10736);
#10738=PLANE('',#10737);
#10739=ADVANCED_FACE('',(#10733),#10738,.T.);
#10740=ORIENTED_EDGE('',*,*,#9697,.T.);
#10741=DIRECTION('',(-0.99144,-0.13053,0.));
#10742=VECTOR('',#10741,10.);
#10743=LINE('',#7286,#10742);
#10744=EDGE_CURVE('',#7287,#9686,#10743,.T.);
#10745=ORIENTED_EDGE('',*,*,#10744,.F.);
#10746=ORIENTED_EDGE('',*,*,#7291,.F.);
#10747=DIRECTION('',(-1.,0.,0.));
#10748=VECTOR('',#10747,10.);
#10749=LINE('',#7284,#10748);
#10750=EDGE_CURVE('',#7285,#9693,#10749,.T.);
#10751=ORIENTED_EDGE('',*,*,#10750,.T.);
#10752=EDGE_LOOP('',(#10740,#10745,#10746,#10751));
#10753=FACE_OUTER_BOUND('',#10752,.T.);
#10754=CARTESIAN_POINT('',(310.,0.,-170.));
#10755=DIRECTION('',(0.,0.,-1.));
#10756=DIRECTION('',(-0.0654,0.99786,0.));
#10757=AXIS2_PLACEMENT_3D('',#10754,#10755,#10756);
#10758=PLANE('',#10757);
#10759=ADVANCED_FACE('',(#10753),#10758,.T.);
#10760=ORIENTED_EDGE('',*,*,#9723,.T.);
#10761=DIRECTION('',(-0.96593,-0.25882,0.));
#10762=VECTOR('',#10761,10.);
#10763=LINE('',#7320,#10762);
#10764=EDGE_CURVE('',#7321,#9714,#10763,.T.);
#10765=ORIENTED_EDGE('',*,*,#10764,.F.);
#10766=ORIENTED_EDGE('',*,*,#7325,.F.);
#10767=ORIENTED_EDGE('',*,*,#10744,.T.);
#10768=EDGE_LOOP('',(#10760,#10765,#10766,#10767));
#10769=FACE_OUTER_BOUND('',#10768,.T.);
#10770=CARTESIAN_POINT('',(309.40114,9.13683,-170.));
#10771=DIRECTION('',(0.,0.,-1.));
#10772=DIRECTION('',(-0.19509,0.98079,0.));
#10773=AXIS2_PLACEMENT_3D('',#10770,#10771,#10772);
#10774=PLANE('',#10773);
#10775=ADVANCED_FACE('',(#10769),#10774,.T.);
#10776=ORIENTED_EDGE('',*,*,#9745,.T.);
#10777=DIRECTION('',(-0.92388,-0.38268,0.));
#10778=VECTOR('',#10777,10.);
#10779=LINE('',#7348,#10778);
#10780=EDGE_CURVE('',#7349,#9736,#10779,.T.);
#10781=ORIENTED_EDGE('',*,*,#10780,.F.);
#10782=ORIENTED_EDGE('',*,*,#7353,.F.);
#10783=ORIENTED_EDGE('',*,*,#10764,.T.);
#10784=EDGE_LOOP('',(#10776,#10781,#10782,#10783));
#10785=FACE_OUTER_BOUND('',#10784,.T.);
#10786=CARTESIAN_POINT('',(307.61481,18.11733,-170.));
#10787=DIRECTION('',(0.,0.,-1.));
#10788=DIRECTION('',(-0.32144,0.94693,0.));
#10789=AXIS2_PLACEMENT_3D('',#10786,#10787,#10788);
#10790=PLANE('',#10789);
#10791=ADVANCED_FACE('',(#10785),#10790,.T.);
#10792=ORIENTED_EDGE('',*,*,#9767,.T.);
#10793=DIRECTION('',(-0.86603,-0.5,0.));
#10794=VECTOR('',#10793,10.);
#10795=LINE('',#7376,#10794);
#10796=EDGE_CURVE('',#7377,#9758,#10795,.T.);
#10797=ORIENTED_EDGE('',*,*,#10796,.F.);
#10798=ORIENTED_EDGE('',*,*,#7381,.F.);
#10799=ORIENTED_EDGE('',*,*,#10780,.T.);
#10800=EDGE_LOOP('',(#10792,#10797,#10798,#10799));
#10801=FACE_OUTER_BOUND('',#10800,.T.);
#10802=CARTESIAN_POINT('',(304.67157,26.78784,-170.));
#10803=DIRECTION('',(0.,0.,-1.));
#10804=DIRECTION('',(-0.44229,0.89687,0.));
#10805=AXIS2_PLACEMENT_3D('',#10802,#10803,#10804);
#10806=PLANE('',#10805);
#10807=ADVANCED_FACE('',(#10801),#10806,.T.);
#10808=ORIENTED_EDGE('',*,*,#9789,.T.);
#10809=DIRECTION('',(-0.79335,-0.60876,0.));
#10810=VECTOR('',#10809,10.);
#10811=LINE('',#7404,#10810);
#10812=EDGE_CURVE('',#7405,#9780,#10811,.T.);
#10813=ORIENTED_EDGE('',*,*,#10812,.F.);
#10814=ORIENTED_EDGE('',*,*,#7409,.F.);
#10815=ORIENTED_EDGE('',*,*,#10796,.T.);
#10816=EDGE_LOOP('',(#10808,#10813,#10814,#10815));
#10817=FACE_OUTER_BOUND('',#10816,.T.);
#10818=CARTESIAN_POINT('',(300.62178,35.,-170.));
#10819=DIRECTION('',(0.,0.,-1.));
#10820=DIRECTION('',(-0.55557,0.83147,0.));
#10821=AXIS2_PLACEMENT_3D('',#10818,#10819,#10820);
#10822=PLANE('',#10821);
#10823=ADVANCED_FACE('',(#10817),#10822,.T.);
#10824=ORIENTED_EDGE('',*,*,#9811,.T.);
#10825=DIRECTION('',(-0.70711,-0.70711,0.));
#10826=VECTOR('',#10825,10.);
#10827=LINE('',#7432,#10826);
#10828=EDGE_CURVE('',#7433,#9802,#10827,.T.);
#10829=ORIENTED_EDGE('',*,*,#10828,.F.);
#10830=ORIENTED_EDGE('',*,*,#7437,.F.);
#10831=ORIENTED_EDGE('',*,*,#10812,.T.);
#10832=EDGE_LOOP('',(#10824,#10829,#10830,#10831));
#10833=FACE_OUTER_BOUND('',#10832,.T.);
#10834=CARTESIAN_POINT('',(295.53473,42.6133,-170.));
#10835=DIRECTION('',(0.,0.,-1.));
#10836=DIRECTION('',(-0.65935,0.75184,0.));
#10837=AXIS2_PLACEMENT_3D('',#10834,#10835,#10836);
#10838=PLANE('',#10837);
#10839=ADVANCED_FACE('',(#10833),#10838,.T.);
#10840=ORIENTED_EDGE('',*,*,#9833,.T.);
#10841=DIRECTION('',(-0.60876,-0.79335,0.));
#10842=VECTOR('',#10841,10.);
#10843=LINE('',#7460,#10842);
#10844=EDGE_CURVE('',#7461,#9824,#10843,.T.);
#10845=ORIENTED_EDGE('',*,*,#10844,.F.);
#10846=ORIENTED_EDGE('',*,*,#7465,.F.);
#10847=ORIENTED_EDGE('',*,*,#10828,.T.);
#10848=EDGE_LOOP('',(#10840,#10845,#10846,#10847));
#10849=FACE_OUTER_BOUND('',#10848,.T.);
#10850=CARTESIAN_POINT('',(289.49747,49.49747,-170.));
#10851=DIRECTION('',(0.,0.,-1.));
#10852=DIRECTION('',(-0.75184,0.65935,0.));
#10853=AXIS2_PLACEMENT_3D('',#10850,#10851,#10852);
#10854=PLANE('',#10853);
#10855=ADVANCED_FACE('',(#10849),#10854,.T.);
#10856=ORIENTED_EDGE('',*,*,#9855,.T.);
#10857=DIRECTION('',(-0.5,-0.86603,0.));
#10858=VECTOR('',#10857,10.);
#10859=LINE('',#7488,#10858);
#10860=EDGE_CURVE('',#7489,#9846,#10859,.T.);
#10861=ORIENTED_EDGE('',*,*,#10860,.F.);
#10862=ORIENTED_EDGE('',*,*,#7493,.F.);
#10863=ORIENTED_EDGE('',*,*,#10844,.T.);
#10864=EDGE_LOOP('',(#10856,#10861,#10862,#10863));
#10865=FACE_OUTER_BOUND('',#10864,.T.);
#10866=CARTESIAN_POINT('',(282.6133,55.53473,-170.));
#10867=DIRECTION('',(0.,0.,-1.));
#10868=DIRECTION('',(-0.83147,0.55557,0.));
#10869=AXIS2_PLACEMENT_3D('',#10866,#10867,#10868);
#10870=PLANE('',#10869);
#10871=ADVANCED_FACE('',(#10865),#10870,.T.);
#10872=ORIENTED_EDGE('',*,*,#9877,.T.);
#10873=DIRECTION('',(-0.38268,-0.92388,0.));
#10874=VECTOR('',#10873,10.);
#10875=LINE('',#7516,#10874);
#10876=EDGE_CURVE('',#7517,#9868,#10875,.T.);
#10877=ORIENTED_EDGE('',*,*,#10876,.F.);
#10878=ORIENTED_EDGE('',*,*,#7521,.F.);
#10879=ORIENTED_EDGE('',*,*,#10860,.T.);
#10880=EDGE_LOOP('',(#10872,#10877,#10878,#10879));
#10881=FACE_OUTER_BOUND('',#10880,.T.);
#10882=CARTESIAN_POINT('',(275.,60.62178,-170.));
#10883=DIRECTION('',(0.,0.,-1.));
#10884=DIRECTION('',(-0.89687,0.44229,0.));
#10885=AXIS2_PLACEMENT_3D('',#10882,#10883,#10884);
#10886=PLANE('',#10885);
#10887=ADVANCED_FACE('',(#10881),#10886,.T.);
#10888=ORIENTED_EDGE('',*,*,#9899,.T.);
#10889=DIRECTION('',(-0.25882,-0.96593,0.));
#10890=VECTOR('',#10889,10.);
#10891=LINE('',#7544,#10890);
#10892=EDGE_CURVE('',#7545,#9890,#10891,.T.);
#10893=ORIENTED_EDGE('',*,*,#10892,.F.);
#10894=ORIENTED_EDGE('',*,*,#7549,.F.);
#10895=ORIENTED_EDGE('',*,*,#10876,.T.);
#10896=EDGE_LOOP('',(#10888,#10893,#10894,#10895));
#10897=FACE_OUTER_BOUND('',#10896,.T.);
#10898=CARTESIAN_POINT('',(266.78784,64.67157,-170.));
#10899=DIRECTION('',(0.,0.,-1.));
#10900=DIRECTION('',(-0.94693,0.32144,0.));
#10901=AXIS2_PLACEMENT_3D('',#10898,#10899,#10900);
#10902=PLANE('',#10901);
#10903=ADVANCED_FACE('',(#10897),#10902,.T.);
#10904=ORIENTED_EDGE('',*,*,#9921,.T.);
#10905=DIRECTION('',(-0.13053,-0.99144,0.));
#10906=VECTOR('',#10905,10.);
#10907=LINE('',#7572,#10906);
#10908=EDGE_CURVE('',#7573,#9912,#10907,.T.);
#10909=ORIENTED_EDGE('',*,*,#10908,.F.);
#10910=ORIENTED_EDGE('',*,*,#7577,.F.);
#10911=ORIENTED_EDGE('',*,*,#10892,.T.);
#10912=EDGE_LOOP('',(#10904,#10909,#10910,#10911));
#10913=FACE_OUTER_BOUND('',#10912,.T.);
#10914=CARTESIAN_POINT('',(258.11733,67.61481,-170.));
#10915=DIRECTION('',(0.,0.,-1.));
#10916=DIRECTION('',(-0.98079,0.19509,0.));
#10917=AXIS2_PLACEMENT_3D('',#10914,#10915,#10916);
#10918=PLANE('',#10917);
#10919=ADVANCED_FACE('',(#10913),#10918,.T.);
#10920=ORIENTED_EDGE('',*,*,#9943,.T.);
#10921=DIRECTION('',(0.,-1.,0.));
#10922=VECTOR('',#10921,10.);
#10923=LINE('',#7600,#10922);
#10924=EDGE_CURVE('',#7601,#9934,#10923,.T.);
#10925=ORIENTED_EDGE('',*,*,#10924,.F.);
#10926=ORIENTED_EDGE('',*,*,#7605,.F.);
#10927=ORIENTED_EDGE('',*,*,#10908,.T.);
#10928=EDGE_LOOP('',(#10920,#10925,#10926,#10927));
#10929=FACE_OUTER_BOUND('',#10928,.T.);
#10930=CARTESIAN_POINT('',(249.13683,69.40114,-170.));
#10931=DIRECTION('',(0.,0.,-1.));
#10932=DIRECTION('',(-0.99786,0.0654,0.));
#10933=AXIS2_PLACEMENT_3D('',#10930,#10931,#10932);
#10934=PLANE('',#10933);
#10935=ADVANCED_FACE('',(#10929),#10934,.T.);
#10936=ORIENTED_EDGE('',*,*,#9965,.T.);
#10937=DIRECTION('',(0.13053,-0.99144,0.));
#10938=VECTOR('',#10937,10.);
#10939=LINE('',#7628,#10938);
#10940=EDGE_CURVE('',#7629,#9956,#10939,.T.);
#10941=ORIENTED_EDGE('',*,*,#10940,.F.);
#10942=ORIENTED_EDGE('',*,*,#7633,.F.);
#10943=ORIENTED_EDGE('',*,*,#10924,.T.);
#10944=EDGE_LOOP('',(#10936,#10941,#10942,#10943));
#10945=FACE_OUTER_BOUND('',#10944,.T.);
#10946=CARTESIAN_POINT('',(240.,70.,-170.));
#10947=DIRECTION('',(0.,0.,-1.));
#10948=DIRECTION('',(-0.99786,-0.0654,0.));
#10949=AXIS2_PLACEMENT_3D('',#10946,#10947,#10948);
#10950=PLANE('',#10949);
#10951=ADVANCED_FACE('',(#10945),#10950,.T.);
#10952=ORIENTED_EDGE('',*,*,#9987,.T.);
#10953=DIRECTION('',(0.25882,-0.96593,0.));
#10954=VECTOR('',#10953,10.);
#10955=LINE('',#7656,#10954);
#10956=EDGE_CURVE('',#7657,#9978,#10955,.T.);
#10957=ORIENTED_EDGE('',*,*,#10956,.F.);
#10958=ORIENTED_EDGE('',*,*,#7661,.F.);
#10959=ORIENTED_EDGE('',*,*,#10940,.T.);
#10960=EDGE_LOOP('',(#10952,#10957,#10958,#10959));
#10961=FACE_OUTER_BOUND('',#10960,.T.);
#10962=CARTESIAN_POINT('',(230.86317,69.40114,-170.));
#10963=DIRECTION('',(0.,0.,-1.));
#10964=DIRECTION('',(-0.98079,-0.19509,0.));
#10965=AXIS2_PLACEMENT_3D('',#10962,#10963,#10964);
#10966=PLANE('',#10965);
#10967=ADVANCED_FACE('',(#10961),#10966,.T.);
#10968=ORIENTED_EDGE('',*,*,#10009,.T.);
#10969=DIRECTION('',(0.38268,-0.92388,0.));
#10970=VECTOR('',#10969,10.);
#10971=LINE('',#7684,#10970);
#10972=EDGE_CURVE('',#7685,#10000,#10971,.T.);
#10973=ORIENTED_EDGE('',*,*,#10972,.F.);
#10974=ORIENTED_EDGE('',*,*,#7689,.F.);
#10975=ORIENTED_EDGE('',*,*,#10956,.T.);
#10976=EDGE_LOOP('',(#10968,#10973,#10974,#10975));
#10977=FACE_OUTER_BOUND('',#10976,.T.);
#10978=CARTESIAN_POINT('',(221.88267,67.61481,-170.));
#10979=DIRECTION('',(0.,0.,-1.));
#10980=DIRECTION('',(-0.94693,-0.32144,0.));
#10981=AXIS2_PLACEMENT_3D('',#10978,#10979,#10980);
#10982=PLANE('',#10981);
#10983=ADVANCED_FACE('',(#10977),#10982,.T.);
#10984=ORIENTED_EDGE('',*,*,#10031,.T.);
#10985=DIRECTION('',(0.5,-0.86603,0.));
#10986=VECTOR('',#10985,10.);
#10987=LINE('',#7712,#10986);
#10988=EDGE_CURVE('',#7713,#10022,#10987,.T.);
#10989=ORIENTED_EDGE('',*,*,#10988,.F.);
#10990=ORIENTED_EDGE('',*,*,#7717,.F.);
#10991=ORIENTED_EDGE('',*,*,#10972,.T.);
#10992=EDGE_LOOP('',(#10984,#10989,#10990,#10991));
#10993=FACE_OUTER_BOUND('',#10992,.T.);
#10994=CARTESIAN_POINT('',(213.21216,64.67157,-170.));
#10995=DIRECTION('',(0.,0.,-1.));
#10996=DIRECTION('',(-0.89687,-0.44229,0.));
#10997=AXIS2_PLACEMENT_3D('',#10994,#10995,#10996);
#10998=PLANE('',#10997);
#10999=ADVANCED_FACE('',(#10993),#10998,.T.);
#11000=ORIENTED_EDGE('',*,*,#10053,.T.);
#11001=DIRECTION('',(0.60876,-0.79335,0.));
#11002=VECTOR('',#11001,10.);
#11003=LINE('',#7740,#11002);
#11004=EDGE_CURVE('',#7741,#10044,#11003,.T.);
#11005=ORIENTED_EDGE('',*,*,#11004,.F.);
#11006=ORIENTED_EDGE('',*,*,#7745,.F.);
#11007=ORIENTED_EDGE('',*,*,#10988,.T.);
#11008=EDGE_LOOP('',(#11000,#11005,#11006,#11007));
#11009=FACE_OUTER_BOUND('',#11008,.T.);
#11010=CARTESIAN_POINT('',(205.,60.62178,-170.));
#11011=DIRECTION('',(0.,0.,-1.));
#11012=DIRECTION('',(-0.83147,-0.55557,0.));
#11013=AXIS2_PLACEMENT_3D('',#11010,#11011,#11012);
#11014=PLANE('',#11013);
#11015=ADVANCED_FACE('',(#11009),#11014,.T.);
#11016=ORIENTED_EDGE('',*,*,#10075,.T.);
#11017=DIRECTION('',(0.70711,-0.70711,0.));
#11018=VECTOR('',#11017,10.);
#11019=LINE('',#7768,#11018);
#11020=EDGE_CURVE('',#7769,#10066,#11019,.T.);
#11021=ORIENTED_EDGE('',*,*,#11020,.F.);
#11022=ORIENTED_EDGE('',*,*,#7773,.F.);
#11023=ORIENTED_EDGE('',*,*,#11004,.T.);
#11024=EDGE_LOOP('',(#11016,#11021,#11022,#11023));
#11025=FACE_OUTER_BOUND('',#11024,.T.);
#11026=CARTESIAN_POINT('',(197.3867,55.53473,-170.));
#11027=DIRECTION('',(0.,0.,-1.));
#11028=DIRECTION('',(-0.75184,-0.65935,0.));
#11029=AXIS2_PLACEMENT_3D('',#11026,#11027,#11028);
#11030=PLANE('',#11029);
#11031=ADVANCED_FACE('',(#11025),#11030,.T.);
#11032=ORIENTED_EDGE('',*,*,#10097,.T.);
#11033=DIRECTION('',(0.79335,-0.60876,0.));
#11034=VECTOR('',#11033,10.);
#11035=LINE('',#7796,#11034);
#11036=EDGE_CURVE('',#7797,#10088,#11035,.T.);
#11037=ORIENTED_EDGE('',*,*,#11036,.F.);
#11038=ORIENTED_EDGE('',*,*,#7801,.F.);
#11039=ORIENTED_EDGE('',*,*,#11020,.T.);
#11040=EDGE_LOOP('',(#11032,#11037,#11038,#11039));
#11041=FACE_OUTER_BOUND('',#11040,.T.);
#11042=CARTESIAN_POINT('',(190.50253,49.49747,-170.));
#11043=DIRECTION('',(0.,0.,-1.));
#11044=DIRECTION('',(-0.65935,-0.75184,0.));
#11045=AXIS2_PLACEMENT_3D('',#11042,#11043,#11044);
#11046=PLANE('',#11045);
#11047=ADVANCED_FACE('',(#11041),#11046,.T.);
#11048=ORIENTED_EDGE('',*,*,#10119,.T.);
#11049=DIRECTION('',(0.86603,-0.5,0.));
#11050=VECTOR('',#11049,10.);
#11051=LINE('',#7824,#11050);
#11052=EDGE_CURVE('',#7825,#10110,#11051,.T.);
#11053=ORIENTED_EDGE('',*,*,#11052,.F.);
#11054=ORIENTED_EDGE('',*,*,#7829,.F.);
#11055=ORIENTED_EDGE('',*,*,#11036,.T.);
#11056=EDGE_LOOP('',(#11048,#11053,#11054,#11055));
#11057=FACE_OUTER_BOUND('',#11056,.T.);
#11058=CARTESIAN_POINT('',(184.46527,42.6133,-170.));
#11059=DIRECTION('',(0.,0.,-1.));
#11060=DIRECTION('',(-0.55557,-0.83147,0.));
#11061=AXIS2_PLACEMENT_3D('',#11058,#11059,#11060);
#11062=PLANE('',#11061);
#11063=ADVANCED_FACE('',(#11057),#11062,.T.);
#11064=ORIENTED_EDGE('',*,*,#10141,.T.);
#11065=DIRECTION('',(0.92388,-0.38268,0.));
#11066=VECTOR('',#11065,10.);
#11067=LINE('',#7852,#11066);
#11068=EDGE_CURVE('',#7853,#10132,#11067,.T.);
#11069=ORIENTED_EDGE('',*,*,#11068,.F.);
#11070=ORIENTED_EDGE('',*,*,#7857,.F.);
#11071=ORIENTED_EDGE('',*,*,#11052,.T.);
#11072=EDGE_LOOP('',(#11064,#11069,#11070,#11071));
#11073=FACE_OUTER_BOUND('',#11072,.T.);
#11074=CARTESIAN_POINT('',(179.37822,35.,-170.));
#11075=DIRECTION('',(0.,0.,-1.));
#11076=DIRECTION('',(-0.44229,-0.89687,0.));
#11077=AXIS2_PLACEMENT_3D('',#11074,#11075,#11076);
#11078=PLANE('',#11077);
#11079=ADVANCED_FACE('',(#11073),#11078,.T.);
#11080=ORIENTED_EDGE('',*,*,#10163,.T.);
#11081=DIRECTION('',(0.96593,-0.25882,0.));
#11082=VECTOR('',#11081,10.);
#11083=LINE('',#7880,#11082);
#11084=EDGE_CURVE('',#7881,#10154,#11083,.T.);
#11085=ORIENTED_EDGE('',*,*,#11084,.F.);
#11086=ORIENTED_EDGE('',*,*,#7885,.F.);
#11087=ORIENTED_EDGE('',*,*,#11068,.T.);
#11088=EDGE_LOOP('',(#11080,#11085,#11086,#11087));
#11089=FACE_OUTER_BOUND('',#11088,.T.);
#11090=CARTESIAN_POINT('',(175.32843,26.78784,-170.));
#11091=DIRECTION('',(0.,0.,-1.));
#11092=DIRECTION('',(-0.32144,-0.94693,0.));
#11093=AXIS2_PLACEMENT_3D('',#11090,#11091,#11092);
#11094=PLANE('',#11093);
#11095=ADVANCED_FACE('',(#11089),#11094,.T.);
#11096=ORIENTED_EDGE('',*,*,#10185,.T.);
#11097=DIRECTION('',(0.99144,-0.13053,0.));
#11098=VECTOR('',#11097,10.);
#11099=LINE('',#7908,#11098);
#11100=EDGE_CURVE('',#7909,#10176,#11099,.T.);
#11101=ORIENTED_EDGE('',*,*,#11100,.F.);
#11102=ORIENTED_EDGE('',*,*,#7913,.F.);
#11103=ORIENTED_EDGE('',*,*,#11084,.T.);
#11104=EDGE_LOOP('',(#11096,#11101,#11102,#11103));
#11105=FACE_OUTER_BOUND('',#11104,.T.);
#11106=CARTESIAN_POINT('',(172.38519,18.11733,-170.));
#11107=DIRECTION('',(0.,0.,-1.));
#11108=DIRECTION('',(-0.19509,-0.98079,0.));
#11109=AXIS2_PLACEMENT_3D('',#11106,#11107,#11108);
#11110=PLANE('',#11109);
#11111=ADVANCED_FACE('',(#11105),#11110,.T.);
#11112=ORIENTED_EDGE('',*,*,#10207,.T.);
#11113=DIRECTION('',(1.,0.,0.));
#11114=VECTOR('',#11113,10.);
#11115=LINE('',#7936,#11114);
#11116=EDGE_CURVE('',#7937,#10198,#11115,.T.);
#11117=ORIENTED_EDGE('',*,*,#11116,.F.);
#11118=ORIENTED_EDGE('',*,*,#7941,.F.);
#11119=ORIENTED_EDGE('',*,*,#11100,.T.);
#11120=EDGE_LOOP('',(#11112,#11117,#11118,#11119));
#11121=FACE_OUTER_BOUND('',#11120,.T.);
#11122=CARTESIAN_POINT('',(170.59886,9.13683,-170.));
#11123=DIRECTION('',(0.,0.,-1.));
#11124=DIRECTION('',(-0.0654,-0.99786,0.));
#11125=AXIS2_PLACEMENT_3D('',#11122,#11123,#11124);
#11126=PLANE('',#11125);
#11127=ADVANCED_FACE('',(#11121),#11126,.T.);
#11128=ORIENTED_EDGE('',*,*,#10229,.T.);
#11129=DIRECTION('',(0.99144,0.13053,0.));
#11130=VECTOR('',#11129,10.);
#11131=LINE('',#7964,#11130);
#11132=EDGE_CURVE('',#7965,#10220,#11131,.T.);
#11133=ORIENTED_EDGE('',*,*,#11132,.F.);
#11134=ORIENTED_EDGE('',*,*,#7969,.F.);
#11135=ORIENTED_EDGE('',*,*,#11116,.T.);
#11136=EDGE_LOOP('',(#11128,#11133,#11134,#11135));
#11137=FACE_OUTER_BOUND('',#11136,.T.);
#11138=CARTESIAN_POINT('',(170.,0.,-170.));
#11139=DIRECTION('',(0.,0.,-1.));
#11140=DIRECTION('',(0.0654,-0.99786,0.));
#11141=AXIS2_PLACEMENT_3D('',#11138,#11139,#11140);
#11142=PLANE('',#11141);
#11143=ADVANCED_FACE('',(#11137),#11142,.T.);
#11144=ORIENTED_EDGE('',*,*,#10251,.T.);
#11145=DIRECTION('',(0.96593,0.25882,0.));
#11146=VECTOR('',#11145,10.);
#11147=LINE('',#7992,#11146);
#11148=EDGE_CURVE('',#7993,#10242,#11147,.T.);
#11149=ORIENTED_EDGE('',*,*,#11148,.F.);
#11150=ORIENTED_EDGE('',*,*,#7997,.F.);
#11151=ORIENTED_EDGE('',*,*,#11132,.T.);
#11152=EDGE_LOOP('',(#11144,#11149,#11150,#11151));
#11153=FACE_OUTER_BOUND('',#11152,.T.);
#11154=CARTESIAN_POINT('',(170.59886,-9.13683,-170.));
#11155=DIRECTION('',(0.,0.,-1.));
#11156=DIRECTION('',(0.19509,-0.98079,0.));
#11157=AXIS2_PLACEMENT_3D('',#11154,#11155,#11156);
#11158=PLANE('',#11157);
#11159=ADVANCED_FACE('',(#11153),#11158,.T.);
#11160=ORIENTED_EDGE('',*,*,#10273,.T.);
#11161=DIRECTION('',(0.92388,0.38268,0.));
#11162=VECTOR('',#11161,10.);
#11163=LINE('',#8020,#11162);
#11164=EDGE_CURVE('',#8021,#10264,#11163,.T.);
#11165=ORIENTED_EDGE('',*,*,#11164,.F.);
#11166=ORIENTED_EDGE('',*,*,#8025,.F.);
#11167=ORIENTED_EDGE('',*,*,#11148,.T.);
#11168=EDGE_LOOP('',(#11160,#11165,#11166,#11167));
#11169=FACE_OUTER_BOUND('',#11168,.T.);
#11170=CARTESIAN_POINT('',(172.38519,-18.11733,-170.));
#11171=DIRECTION('',(0.,0.,-1.));
#11172=DIRECTION('',(0.32144,-0.94693,0.));
#11173=AXIS2_PLACEMENT_3D('',#11170,#11171,#11172);
#11174=PLANE('',#11173);
#11175=ADVANCED_FACE('',(#11169),#11174,.T.);
#11176=ORIENTED_EDGE('',*,*,#10295,.T.);
#11177=DIRECTION('',(0.86603,0.5,0.));
#11178=VECTOR('',#11177,10.);
#11179=LINE('',#8048,#11178);
#11180=EDGE_CURVE('',#8049,#10286,#11179,.T.);
#11181=ORIENTED_EDGE('',*,*,#11180,.F.);
#11182=ORIENTED_EDGE('',*,*,#8053,.F.);
#11183=ORIENTED_EDGE('',*,*,#11164,.T.);
#11184=EDGE_LOOP('',(#11176,#11181,#11182,#11183));
#11185=FACE_OUTER_BOUND('',#11184,.T.);
#11186=CARTESIAN_POINT('',(175.32843,-26.78784,-170.));
#11187=DIRECTION('',(0.,0.,-1.));
#11188=DIRECTION('',(0.44229,-0.89687,0.));
#11189=AXIS2_PLACEMENT_3D('',#11186,#11187,#11188);
#11190=PLANE('',#11189);
#11191=ADVANCED_FACE('',(#11185),#11190,.T.);
#11192=ORIENTED_EDGE('',*,*,#10317,.T.);
#11193=DIRECTION('',(0.79335,0.60876,0.));
#11194=VECTOR('',#11193,10.);
#11195=LINE('',#8076,#11194);
#11196=EDGE_CURVE('',#8077,#10308,#11195,.T.);
#11197=ORIENTED_EDGE('',*,*,#11196,.F.);
#11198=ORIENTED_EDGE('',*,*,#8081,.F.);
#11199=ORIENTED_EDGE('',*,*,#11180,.T.);
#11200=EDGE_LOOP('',(#11192,#11197,#11198,#11199));
#11201=FACE_OUTER_BOUND('',#11200,.T.);
#11202=CARTESIAN_POINT('',(179.37822,-35.,-170.));
#11203=DIRECTION('',(0.,0.,-1.));
#11204=DIRECTION('',(0.55557,-0.83147,0.));
#11205=AXIS2_PLACEMENT_3D('',#11202,#11203,#11204);
#11206=PLANE('',#11205);
#11207=ADVANCED_FACE('',(#11201),#11206,.T.);
#11208=ORIENTED_EDGE('',*,*,#10339,.T.);
#11209=DIRECTION('',(0.70711,0.70711,0.));
#11210=VECTOR('',#11209,10.);
#11211=LINE('',#8104,#11210);
#11212=EDGE_CURVE('',#8105,#10330,#11211,.T.);
#11213=ORIENTED_EDGE('',*,*,#11212,.F.);
#11214=ORIENTED_EDGE('',*,*,#8109,.F.);
#11215=ORIENTED_EDGE('',*,*,#11196,.T.);
#11216=EDGE_LOOP('',(#11208,#11213,#11214,#11215));
#11217=FACE_OUTER_BOUND('',#11216,.T.);
#11218=CARTESIAN_POINT('',(184.46527,-42.6133,-170.));
#11219=DIRECTION('',(0.,0.,-1.));
#11220=DIRECTION('',(0.65935,-0.75184,0.));
#11221=AXIS2_PLACEMENT_3D('',#11218,#11219,#11220);
#11222=PLANE('',#11221);
#11223=ADVANCED_FACE('',(#11217),#11222,.T.);
#11224=ORIENTED_EDGE('',*,*,#10361,.T.);
#11225=DIRECTION('',(0.60876,0.79335,0.));
#11226=VECTOR('',#11225,10.);
#11227=LINE('',#8132,#11226);
#11228=EDGE_CURVE('',#8133,#10352,#11227,.T.);
#11229=ORIENTED_EDGE('',*,*,#11228,.F.);
#11230=ORIENTED_EDGE('',*,*,#8137,.F.);
#11231=ORIENTED_EDGE('',*,*,#11212,.T.);
#11232=EDGE_LOOP('',(#11224,#11229,#11230,#11231));
#11233=FACE_OUTER_BOUND('',#11232,.T.);
#11234=CARTESIAN_POINT('',(190.50253,-49.49747,-170.));
#11235=DIRECTION('',(0.,0.,-1.));
#11236=DIRECTION('',(0.75184,-0.65935,0.));
#11237=AXIS2_PLACEMENT_3D('',#11234,#11235,#11236);
#11238=PLANE('',#11237);
#11239=ADVANCED_FACE('',(#11233),#11238,.T.);
#11240=ORIENTED_EDGE('',*,*,#10383,.T.);
#11241=DIRECTION('',(0.5,0.86603,0.));
#11242=VECTOR('',#11241,10.);
#11243=LINE('',#8160,#11242);
#11244=EDGE_CURVE('',#8161,#10374,#11243,.T.);
#11245=ORIENTED_EDGE('',*,*,#11244,.F.);
#11246=ORIENTED_EDGE('',*,*,#8165,.F.);
#11247=ORIENTED_EDGE('',*,*,#11228,.T.);
#11248=EDGE_LOOP('',(#11240,#11245,#11246,#11247));
#11249=FACE_OUTER_BOUND('',#11248,.T.);
#11250=CARTESIAN_POINT('',(197.3867,-55.53473,-170.));
#11251=DIRECTION('',(0.,0.,-1.));
#11252=DIRECTION('',(0.83147,-0.55557,0.));
#11253=AXIS2_PLACEMENT_3D('',#11250,#11251,#11252);
#11254=PLANE('',#11253);
#11255=ADVANCED_FACE('',(#11249),#11254,.T.);
#11256=ORIENTED_EDGE('',*,*,#10405,.T.);
#11257=DIRECTION('',(0.38268,0.92388,0.));
#11258=VECTOR('',#11257,10.);
#11259=LINE('',#8188,#11258);
#11260=EDGE_CURVE('',#8189,#10396,#11259,.T.);
#11261=ORIENTED_EDGE('',*,*,#11260,.F.);
#11262=ORIENTED_EDGE('',*,*,#8193,.F.);
#11263=ORIENTED_EDGE('',*,*,#11244,.T.);
#11264=EDGE_LOOP('',(#11256,#11261,#11262,#11263));
#11265=FACE_OUTER_BOUND('',#11264,.T.);
#11266=CARTESIAN_POINT('',(205.,-60.62178,-170.));
#11267=DIRECTION('',(0.,0.,-1.));
#11268=DIRECTION('',(0.89687,-0.44229,0.));
#11269=AXIS2_PLACEMENT_3D('',#11266,#11267,#11268);
#11270=PLANE('',#11269);
#11271=ADVANCED_FACE('',(#11265),#11270,.T.);
#11272=ORIENTED_EDGE('',*,*,#10427,.T.);
#11273=DIRECTION('',(0.25882,0.96593,0.));
#11274=VECTOR('',#11273,10.);
#11275=LINE('',#8216,#11274);
#11276=EDGE_CURVE('',#8217,#10418,#11275,.T.);
#11277=ORIENTED_EDGE('',*,*,#11276,.F.);
#11278=ORIENTED_EDGE('',*,*,#8221,.F.);
#11279=ORIENTED_EDGE('',*,*,#11260,.T.);
#11280=EDGE_LOOP('',(#11272,#11277,#11278,#11279));
#11281=FACE_OUTER_BOUND('',#11280,.T.);
#11282=CARTESIAN_POINT('',(213.21216,-64.67157,-170.));
#11283=DIRECTION('',(0.,0.,-1.));
#11284=DIRECTION('',(0.94693,-0.32144,0.));
#11285=AXIS2_PLACEMENT_3D('',#11282,#11283,#11284);
#11286=PLANE('',#11285);
#11287=ADVANCED_FACE('',(#11281),#11286,.T.);
#11288=ORIENTED_EDGE('',*,*,#10449,.T.);
#11289=DIRECTION('',(0.13053,0.99144,0.));
#11290=VECTOR('',#11289,10.);
#11291=LINE('',#8244,#11290);
#11292=EDGE_CURVE('',#8245,#10440,#11291,.T.);
#11293=ORIENTED_EDGE('',*,*,#11292,.F.);
#11294=ORIENTED_EDGE('',*,*,#8249,.F.);
#11295=ORIENTED_EDGE('',*,*,#11276,.T.);
#11296=EDGE_LOOP('',(#11288,#11293,#11294,#11295));
#11297=FACE_OUTER_BOUND('',#11296,.T.);
#11298=CARTESIAN_POINT('',(221.88267,-67.61481,-170.));
#11299=DIRECTION('',(0.,0.,-1.));
#11300=DIRECTION('',(0.98079,-0.19509,0.));
#11301=AXIS2_PLACEMENT_3D('',#11298,#11299,#11300);
#11302=PLANE('',#11301);
#11303=ADVANCED_FACE('',(#11297),#11302,.T.);
#11304=ORIENTED_EDGE('',*,*,#10471,.T.);
#11305=DIRECTION('',(0.,1.,0.));
#11306=VECTOR('',#11305,10.);
#11307=LINE('',#8272,#11306);
#11308=EDGE_CURVE('',#8273,#10462,#11307,.T.);
#11309=ORIENTED_EDGE('',*,*,#11308,.F.);
#11310=ORIENTED_EDGE('',*,*,#8277,.F.);
#11311=ORIENTED_EDGE('',*,*,#11292,.T.);
#11312=EDGE_LOOP('',(#11304,#11309,#11310,#11311));
#11313=FACE_OUTER_BOUND('',#11312,.T.);
#11314=CARTESIAN_POINT('',(230.86317,-69.40114,-170.));
#11315=DIRECTION('',(0.,0.,-1.));
#11316=DIRECTION('',(0.99786,-0.0654,0.));
#11317=AXIS2_PLACEMENT_3D('',#11314,#11315,#11316);
#11318=PLANE('',#11317);
#11319=ADVANCED_FACE('',(#11313),#11318,.T.);
#11320=ORIENTED_EDGE('',*,*,#10493,.T.);
#11321=DIRECTION('',(-0.13053,0.99144,0.));
#11322=VECTOR('',#11321,10.);
#11323=LINE('',#8300,#11322);
#11324=EDGE_CURVE('',#8301,#10484,#11323,.T.);
#11325=ORIENTED_EDGE('',*,*,#11324,.F.);
#11326=ORIENTED_EDGE('',*,*,#8305,.F.);
#11327=ORIENTED_EDGE('',*,*,#11308,.T.);
#11328=EDGE_LOOP('',(#11320,#11325,#11326,#11327));
#11329=FACE_OUTER_BOUND('',#11328,.T.);
#11330=CARTESIAN_POINT('',(240.,-70.,-170.));
#11331=DIRECTION('',(0.,0.,-1.));
#11332=DIRECTION('',(0.99786,0.0654,0.));
#11333=AXIS2_PLACEMENT_3D('',#11330,#11331,#11332);
#11334=PLANE('',#11333);
#11335=ADVANCED_FACE('',(#11329),#11334,.T.);
#11336=ORIENTED_EDGE('',*,*,#10515,.T.);
#11337=DIRECTION('',(-0.25882,0.96593,0.));
#11338=VECTOR('',#11337,10.);
#11339=LINE('',#8328,#11338);
#11340=EDGE_CURVE('',#8329,#10506,#11339,.T.);
#11341=ORIENTED_EDGE('',*,*,#11340,.F.);
#11342=ORIENTED_EDGE('',*,*,#8333,.F.);
#11343=ORIENTED_EDGE('',*,*,#11324,.T.);
#11344=EDGE_LOOP('',(#11336,#11341,#11342,#11343));
#11345=FACE_OUTER_BOUND('',#11344,.T.);
#11346=CARTESIAN_POINT('',(249.13683,-69.40114,-170.));
#11347=DIRECTION('',(0.,0.,-1.));
#11348=DIRECTION('',(0.98079,0.19509,0.));
#11349=AXIS2_PLACEMENT_3D('',#11346,#11347,#11348);
#11350=PLANE('',#11349);
#11351=ADVANCED_FACE('',(#11345),#11350,.T.);
#11352=ORIENTED_EDGE('',*,*,#10537,.T.);
#11353=DIRECTION('',(-0.38268,0.92388,0.));
#11354=VECTOR('',#11353,10.);
#11355=LINE('',#8356,#11354);
#11356=EDGE_CURVE('',#8357,#10528,#11355,.T.);
#11357=ORIENTED_EDGE('',*,*,#11356,.F.);
#11358=ORIENTED_EDGE('',*,*,#8361,.F.);
#11359=ORIENTED_EDGE('',*,*,#11340,.T.);
#11360=EDGE_LOOP('',(#11352,#11357,#11358,#11359));
#11361=FACE_OUTER_BOUND('',#11360,.T.);
#11362=CARTESIAN_POINT('',(258.11733,-67.61481,-170.));
#11363=DIRECTION('',(0.,0.,-1.));
#11364=DIRECTION('',(0.94693,0.32144,0.));
#11365=AXIS2_PLACEMENT_3D('',#11362,#11363,#11364);
#11366=PLANE('',#11365);
#11367=ADVANCED_FACE('',(#11361),#11366,.T.);
#11368=ORIENTED_EDGE('',*,*,#10559,.T.);
#11369=DIRECTION('',(-0.5,0.86603,0.));
#11370=VECTOR('',#11369,10.);
#11371=LINE('',#8384,#11370);
#11372=EDGE_CURVE('',#8385,#10550,#11371,.T.);
#11373=ORIENTED_EDGE('',*,*,#11372,.F.);
#11374=ORIENTED_EDGE('',*,*,#8389,.F.);
#11375=ORIENTED_EDGE('',*,*,#11356,.T.);
#11376=EDGE_LOOP('',(#11368,#11373,#11374,#11375));
#11377=FACE_OUTER_BOUND('',#11376,.T.);
#11378=CARTESIAN_POINT('',(266.78784,-64.67157,-170.));
#11379=DIRECTION('',(0.,0.,-1.));
#11380=DIRECTION('',(0.89687,0.44229,0.));
#11381=AXIS2_PLACEMENT_3D('',#11378,#11379,#11380);
#11382=PLANE('',#11381);
#11383=ADVANCED_FACE('',(#11377),#11382,.T.);
#11384=ORIENTED_EDGE('',*,*,#10581,.T.);
#11385=DIRECTION('',(-0.60876,0.79335,0.));
#11386=VECTOR('',#11385,10.);
#11387=LINE('',#8412,#11386);
#11388=EDGE_CURVE('',#8413,#10572,#11387,.T.);
#11389=ORIENTED_EDGE('',*,*,#11388,.F.);
#11390=ORIENTED_EDGE('',*,*,#8417,.F.);
#11391=ORIENTED_EDGE('',*,*,#11372,.T.);
#11392=EDGE_LOOP('',(#11384,#11389,#11390,#11391));
#11393=FACE_OUTER_BOUND('',#11392,.T.);
#11394=CARTESIAN_POINT('',(275.,-60.62178,-170.));
#11395=DIRECTION('',(0.,0.,-1.));
#11396=DIRECTION('',(0.83147,0.55557,0.));
#11397=AXIS2_PLACEMENT_3D('',#11394,#11395,#11396);
#11398=PLANE('',#11397);
#11399=ADVANCED_FACE('',(#11393),#11398,.T.);
#11400=ORIENTED_EDGE('',*,*,#10603,.T.);
#11401=DIRECTION('',(-0.70711,0.70711,0.));
#11402=VECTOR('',#11401,10.);
#11403=LINE('',#8440,#11402);
#11404=EDGE_CURVE('',#8441,#10594,#11403,.T.);
#11405=ORIENTED_EDGE('',*,*,#11404,.F.);
#11406=ORIENTED_EDGE('',*,*,#8445,.F.);
#11407=ORIENTED_EDGE('',*,*,#11388,.T.);
#11408=EDGE_LOOP('',(#11400,#11405,#11406,#11407));
#11409=FACE_OUTER_BOUND('',#11408,.T.);
#11410=CARTESIAN_POINT('',(282.6133,-55.53473,-170.));
#11411=DIRECTION('',(0.,0.,-1.));
#11412=DIRECTION('',(0.75184,0.65935,0.));
#11413=AXIS2_PLACEMENT_3D('',#11410,#11411,#11412);
#11414=PLANE('',#11413);
#11415=ADVANCED_FACE('',(#11409),#11414,.T.);
#11416=ORIENTED_EDGE('',*,*,#10625,.T.);
#11417=DIRECTION('',(-0.79335,0.60876,0.));
#11418=VECTOR('',#11417,10.);
#11419=LINE('',#8468,#11418);
#11420=EDGE_CURVE('',#8469,#10616,#11419,.T.);
#11421=ORIENTED_EDGE('',*,*,#11420,.F.);
#11422=ORIENTED_EDGE('',*,*,#8473,.F.);
#11423=ORIENTED_EDGE('',*,*,#11404,.T.);
#11424=EDGE_LOOP('',(#11416,#11421,#11422,#11423));
#11425=FACE_OUTER_BOUND('',#11424,.T.);
#11426=CARTESIAN_POINT('',(289.49747,-49.49747,-170.));
#11427=DIRECTION('',(0.,0.,-1.));
#11428=DIRECTION('',(0.65935,0.75184,0.));
#11429=AXIS2_PLACEMENT_3D('',#11426,#11427,#11428);
#11430=PLANE('',#11429);
#11431=ADVANCED_FACE('',(#11425),#11430,.T.);
#11432=ORIENTED_EDGE('',*,*,#10647,.T.);
#11433=DIRECTION('',(-0.86603,0.5,0.));
#11434=VECTOR('',#11433,10.);
#11435=LINE('',#8496,#11434);
#11436=EDGE_CURVE('',#8497,#10638,#11435,.T.);
#11437=ORIENTED_EDGE('',*,*,#11436,.F.);
#11438=ORIENTED_EDGE('',*,*,#8501,.F.);
#11439=ORIENTED_EDGE('',*,*,#11420,.T.);
#11440=EDGE_LOOP('',(#11432,#11437,#11438,#11439));
#11441=FACE_OUTER_BOUND('',#11440,.T.);
#11442=CARTESIAN_POINT('',(295.53473,-42.6133,-170.));
#11443=DIRECTION('',(0.,0.,-1.));
#11444=DIRECTION('',(0.55557,0.83147,0.));
#11445=AXIS2_PLACEMENT_3D('',#11442,#11443,#11444);
#11446=PLANE('',#11445);
#11447=ADVANCED_FACE('',(#11441),#11446,.T.);
#11448=ORIENTED_EDGE('',*,*,#10669,.T.);
#11449=DIRECTION('',(-0.92388,0.38268,0.));
#11450=VECTOR('',#11449,10.);
#11451=LINE('',#8524,#11450);
#11452=EDGE_CURVE('',#8525,#10660,#11451,.T.);
#11453=ORIENTED_EDGE('',*,*,#11452,.F.);
#11454=ORIENTED_EDGE('',*,*,#8529,.F.);
#11455=ORIENTED_EDGE('',*,*,#11436,.T.);
#11456=EDGE_LOOP('',(#11448,#11453,#11454,#11455));
#11457=FACE_OUTER_BOUND('',#11456,.T.);
#11458=CARTESIAN_POINT('',(300.62178,-35.,-170.));
#11459=DIRECTION('',(0.,0.,-1.));
#11460=DIRECTION('',(0.44229,0.89687,0.));
#11461=AXIS2_PLACEMENT_3D('',#11458,#11459,#11460);
#11462=PLANE('',#11461);
#11463=ADVANCED_FACE('',(#11457),#11462,.T.);
#11464=ORIENTED_EDGE('',*,*,#10691,.T.);
#11465=DIRECTION('',(-0.96593,0.25882,0.));
#11466=VECTOR('',#11465,10.);
#11467=LINE('',#8552,#11466);
#11468=EDGE_CURVE('',#8553,#10682,#11467,.T.);
#11469=ORIENTED_EDGE('',*,*,#11468,.F.);
#11470=ORIENTED_EDGE('',*,*,#8557,.F.);
#11471=ORIENTED_EDGE('',*,*,#11452,.T.);
#11472=EDGE_LOOP('',(#11464,#11469,#11470,#11471));
#11473=FACE_OUTER_BOUND('',#11472,.T.);
#11474=CARTESIAN_POINT('',(304.67157,-26.78784,-170.));
#11475=DIRECTION('',(0.,0.,-1.));
#11476=DIRECTION('',(0.32144,0.94693,0.));
#11477=AXIS2_PLACEMENT_3D('',#11474,#11475,#11476);
#11478=PLANE('',#11477);
#11479=ADVANCED_FACE('',(#11473),#11478,.T.);
#11480=ORIENTED_EDGE('',*,*,#10713,.T.);
#11481=DIRECTION('',(-0.99144,0.13053,0.));
#11482=VECTOR('',#11481,10.);
#11483=LINE('',#8580,#11482);
#11484=EDGE_CURVE('',#8581,#10704,#11483,.T.);
#11485=ORIENTED_EDGE('',*,*,#11484,.F.);
#11486=ORIENTED_EDGE('',*,*,#8585,.F.);
#11487=ORIENTED_EDGE('',*,*,#11468,.T.);
#11488=EDGE_LOOP('',(#11480,#11485,#11486,#11487));
#11489=FACE_OUTER_BOUND('',#11488,.T.);
#11490=CARTESIAN_POINT('',(307.61481,-18.11733,-170.));
#11491=DIRECTION('',(0.,0.,-1.));
#11492=DIRECTION('',(0.19509,0.98079,0.));
#11493=AXIS2_PLACEMENT_3D('',#11490,#11491,#11492);
#11494=PLANE('',#11493);
#11495=ADVANCED_FACE('',(#11489),#11494,.T.);
#11496=ORIENTED_EDGE('',*,*,#10729,.F.);
#11497=ORIENTED_EDGE('',*,*,#10750,.F.);
#11498=ORIENTED_EDGE('',*,*,#8611,.T.);
#11499=ORIENTED_EDGE('',*,*,#11484,.T.);
#11500=EDGE_LOOP('',(#11496,#11497,#11498,#11499));
#11501=FACE_OUTER_BOUND('',#11500,.T.);
#11502=CARTESIAN_POINT('',(309.40114,-9.13683,-170.));
#11503=DIRECTION('',(0.,0.,-1.));
#11504=DIRECTION('',(0.0654,0.99786,0.));
#11505=AXIS2_PLACEMENT_3D('',#11502,#11503,#11504);
#11506=PLANE('',#11505);
#11507=ADVANCED_FACE('',(#11501),#11506,.T.);
#11508=CLOSED_SHELL('',(#7319,#7347,#7375,#7403,#7431,#7459,#7487,#7515,#7543,#7571,#7599,#7627,#7655,#7683,#7711,#7739,#7767,#7795,#7823,#7851,#7879,#7907,#7935,#7963,#7991,#8019,#8047,#8075,#8103,#8131,#8159,#8187,#8215,#8243,#8271,#8299,#8327,#8355,#8383,#8411,#8439,#8467,#8495,#8523,#8551,#8579,#8607,#8627,#8655,#8677,#8699,#8721,#8743,#8765,#8787,#8809,#8831,#8853,#8875,#8897,#8919,#8941,#8963,#8985,#9007,#9029,#9051,#9073,#9095,#9117,#9139,#9161,#9183,#9205,#9227,#9249,#9271,#9293,#9315,#9337,#9359,#9381,#9403,#9425,#9447,#9469,#9491,#9513,#9535,#9557,#9579,#9601,#9623,#9645,#9667,#9683,#9711,#9733,#9755,#9777,#9799,#9821,#9843,#9865,#9887,#9909,#9931,#9953,#9975,#9997,#10019,#10041,#10063,#10085,#10107,#10129,#10151,#10173,#10195,#10217,#10239,#10261,#10283,#10305,#10327,#10349,#10371,#10393,#10415,#10437,#10459,#10481,#10503,#10525,#10547,#10569,#10591,#10613,#10635,#10657,#10679,#10701,#10723,#10739,#10759,#10775,#10791,#10807,#10823,#10839,#10855,#10871,#10887,#10903,#10919,#10935,#10951,#10967,#10983,#10999,#11015,#11031,#11047,#11063,#11079,#11095,#11111,#11127,#11143,#11159,#11175,#11191,#11207,#11223,#11239,#11255,#11271,#11287,#11303,#11319,#11335,#11351,#11367,#11383,#11399,#11415,#11431,#11447,#11463,#11479,#11495,#11507));
#11509=MANIFOLD_SOLID_BREP('',#11508);
#11510=STYLED_ITEM('color',(#4250),#11509);
#11511=CARTESIAN_POINT('',(320.,0.,-275.));
#11512=VERTEX_POINT('',#11511);
#11513=CARTESIAN_POINT('',(319.31559,10.4421,-275.));
#11514=VERTEX_POINT('',#11513);
#11515=DIRECTION('',(-0.0654,0.99786,0.));
#11516=VECTOR('',#11515,10.4645);
#11517=LINE('',#11511,#11516);
#11518=EDGE_CURVE('',#11512,#11514,#11517,.T.);
#11519=ORIENTED_EDGE('',*,*,#11518,.T.);
#11520=CARTESIAN_POINT('',(319.31559,10.4421,-271.));
#11521=VERTEX_POINT('',#11520);
#11522=DIRECTION('',(0.,0.,1.));
#11523=VECTOR('',#11522,4.);
#11524=LINE('',#11513,#11523);
#11525=EDGE_CURVE('',#11514,#11521,#11524,.T.);
#11526=ORIENTED_EDGE('',*,*,#11525,.T.);
#11527=CARTESIAN_POINT('',(320.,0.,-271.));
#11528=VERTEX_POINT('',#11527);
#11529=DIRECTION('',(-0.0654,0.99786,0.));
#11530=VECTOR('',#11529,10.4645);
#11531=LINE('',#11527,#11530);
#11532=EDGE_CURVE('',#11528,#11521,#11531,.T.);
#11533=ORIENTED_EDGE('',*,*,#11532,.F.);
#11534=DIRECTION('',(0.,0.,1.));
#11535=VECTOR('',#11534,4.);
#11536=LINE('',#11511,#11535);
#11537=EDGE_CURVE('',#11512,#11528,#11536,.T.);
#11538=ORIENTED_EDGE('',*,*,#11537,.F.);
#11539=EDGE_LOOP('',(#11519,#11526,#11533,#11538));
#11540=FACE_OUTER_BOUND('',#11539,.T.);
#11541=CARTESIAN_POINT('',(320.,0.,-275.));
#11542=DIRECTION('',(0.99786,0.0654,0.));
#11543=DIRECTION('',(-0.0654,0.99786,0.));
#11544=AXIS2_PLACEMENT_3D('',#11541,#11542,#11543);
#11545=PLANE('',#11544);
#11546=ADVANCED_FACE('',(#11540),#11545,.T.);
#11547=CARTESIAN_POINT('',(317.27407,20.70552,-275.));
#11548=VERTEX_POINT('',#11547);
#11549=DIRECTION('',(-0.19509,0.98079,0.));
#11550=VECTOR('',#11549,10.4645);
#11551=LINE('',#11513,#11550);
#11552=EDGE_CURVE('',#11514,#11548,#11551,.T.);
#11553=ORIENTED_EDGE('',*,*,#11552,.T.);
#11554=CARTESIAN_POINT('',(317.27407,20.70552,-271.));
#11555=VERTEX_POINT('',#11554);
#11556=DIRECTION('',(0.,0.,1.));
#11557=VECTOR('',#11556,4.);
#11558=LINE('',#11547,#11557);
#11559=EDGE_CURVE('',#11548,#11555,#11558,.T.);
#11560=ORIENTED_EDGE('',*,*,#11559,.T.);
#11561=DIRECTION('',(-0.19509,0.98079,0.));
#11562=VECTOR('',#11561,10.4645);
#11563=LINE('',#11520,#11562);
#11564=EDGE_CURVE('',#11521,#11555,#11563,.T.);
#11565=ORIENTED_EDGE('',*,*,#11564,.F.);
#11566=ORIENTED_EDGE('',*,*,#11525,.F.);
#11567=EDGE_LOOP('',(#11553,#11560,#11565,#11566));
#11568=FACE_OUTER_BOUND('',#11567,.T.);
#11569=CARTESIAN_POINT('',(319.31559,10.4421,-275.));
#11570=DIRECTION('',(0.98079,0.19509,0.));
#11571=DIRECTION('',(-0.19509,0.98079,0.));
#11572=AXIS2_PLACEMENT_3D('',#11569,#11570,#11571);
#11573=PLANE('',#11572);
#11574=ADVANCED_FACE('',(#11568),#11573,.T.);
#11575=CARTESIAN_POINT('',(313.91036,30.61467,-275.));
#11576=VERTEX_POINT('',#11575);
#11577=DIRECTION('',(-0.32144,0.94693,0.));
#11578=VECTOR('',#11577,10.4645);
#11579=LINE('',#11547,#11578);
#11580=EDGE_CURVE('',#11548,#11576,#11579,.T.);
#11581=ORIENTED_EDGE('',*,*,#11580,.T.);
#11582=CARTESIAN_POINT('',(313.91036,30.61467,-271.));
#11583=VERTEX_POINT('',#11582);
#11584=DIRECTION('',(0.,0.,1.));
#11585=VECTOR('',#11584,4.);
#11586=LINE('',#11575,#11585);
#11587=EDGE_CURVE('',#11576,#11583,#11586,.T.);
#11588=ORIENTED_EDGE('',*,*,#11587,.T.);
#11589=DIRECTION('',(-0.32144,0.94693,0.));
#11590=VECTOR('',#11589,10.4645);
#11591=LINE('',#11554,#11590);
#11592=EDGE_CURVE('',#11555,#11583,#11591,.T.);
#11593=ORIENTED_EDGE('',*,*,#11592,.F.);
#11594=ORIENTED_EDGE('',*,*,#11559,.F.);
#11595=EDGE_LOOP('',(#11581,#11588,#11593,#11594));
#11596=FACE_OUTER_BOUND('',#11595,.T.);
#11597=CARTESIAN_POINT('',(317.27407,20.70552,-275.));
#11598=DIRECTION('',(0.94693,0.32144,0.));
#11599=DIRECTION('',(-0.32144,0.94693,0.));
#11600=AXIS2_PLACEMENT_3D('',#11597,#11598,#11599);
#11601=PLANE('',#11600);
#11602=ADVANCED_FACE('',(#11596),#11601,.T.);
#11603=CARTESIAN_POINT('',(309.28203,40.,-275.));
#11604=VERTEX_POINT('',#11603);
#11605=DIRECTION('',(-0.44229,0.89687,0.));
#11606=VECTOR('',#11605,10.4645);
#11607=LINE('',#11575,#11606);
#11608=EDGE_CURVE('',#11576,#11604,#11607,.T.);
#11609=ORIENTED_EDGE('',*,*,#11608,.T.);
#11610=CARTESIAN_POINT('',(309.28203,40.,-271.));
#11611=VERTEX_POINT('',#11610);
#11612=DIRECTION('',(0.,0.,1.));
#11613=VECTOR('',#11612,4.);
#11614=LINE('',#11603,#11613);
#11615=EDGE_CURVE('',#11604,#11611,#11614,.T.);
#11616=ORIENTED_EDGE('',*,*,#11615,.T.);
#11617=DIRECTION('',(-0.44229,0.89687,0.));
#11618=VECTOR('',#11617,10.4645);
#11619=LINE('',#11582,#11618);
#11620=EDGE_CURVE('',#11583,#11611,#11619,.T.);
#11621=ORIENTED_EDGE('',*,*,#11620,.F.);
#11622=ORIENTED_EDGE('',*,*,#11587,.F.);
#11623=EDGE_LOOP('',(#11609,#11616,#11621,#11622));
#11624=FACE_OUTER_BOUND('',#11623,.T.);
#11625=CARTESIAN_POINT('',(313.91036,30.61467,-275.));
#11626=DIRECTION('',(0.89687,0.44229,0.));
#11627=DIRECTION('',(-0.44229,0.89687,0.));
#11628=AXIS2_PLACEMENT_3D('',#11625,#11626,#11627);
#11629=PLANE('',#11628);
#11630=ADVANCED_FACE('',(#11624),#11629,.T.);
#11631=CARTESIAN_POINT('',(303.46827,48.70091,-275.));
#11632=VERTEX_POINT('',#11631);
#11633=DIRECTION('',(-0.55557,0.83147,0.));
#11634=VECTOR('',#11633,10.4645);
#11635=LINE('',#11603,#11634);
#11636=EDGE_CURVE('',#11604,#11632,#11635,.T.);
#11637=ORIENTED_EDGE('',*,*,#11636,.T.);
#11638=CARTESIAN_POINT('',(303.46827,48.70091,-271.));
#11639=VERTEX_POINT('',#11638);
#11640=DIRECTION('',(0.,0.,1.));
#11641=VECTOR('',#11640,4.);
#11642=LINE('',#11631,#11641);
#11643=EDGE_CURVE('',#11632,#11639,#11642,.T.);
#11644=ORIENTED_EDGE('',*,*,#11643,.T.);
#11645=DIRECTION('',(-0.55557,0.83147,0.));
#11646=VECTOR('',#11645,10.4645);
#11647=LINE('',#11610,#11646);
#11648=EDGE_CURVE('',#11611,#11639,#11647,.T.);
#11649=ORIENTED_EDGE('',*,*,#11648,.F.);
#11650=ORIENTED_EDGE('',*,*,#11615,.F.);
#11651=EDGE_LOOP('',(#11637,#11644,#11649,#11650));
#11652=FACE_OUTER_BOUND('',#11651,.T.);
#11653=CARTESIAN_POINT('',(309.28203,40.,-275.));
#11654=DIRECTION('',(0.83147,0.55557,0.));
#11655=DIRECTION('',(-0.55557,0.83147,0.));
#11656=AXIS2_PLACEMENT_3D('',#11653,#11654,#11655);
#11657=PLANE('',#11656);
#11658=ADVANCED_FACE('',(#11652),#11657,.T.);
#11659=CARTESIAN_POINT('',(296.56854,56.56854,-275.));
#11660=VERTEX_POINT('',#11659);
#11661=DIRECTION('',(-0.65935,0.75184,0.));
#11662=VECTOR('',#11661,10.4645);
#11663=LINE('',#11631,#11662);
#11664=EDGE_CURVE('',#11632,#11660,#11663,.T.);
#11665=ORIENTED_EDGE('',*,*,#11664,.T.);
#11666=CARTESIAN_POINT('',(296.56854,56.56854,-271.));
#11667=VERTEX_POINT('',#11666);
#11668=DIRECTION('',(0.,0.,1.));
#11669=VECTOR('',#11668,4.);
#11670=LINE('',#11659,#11669);
#11671=EDGE_CURVE('',#11660,#11667,#11670,.T.);
#11672=ORIENTED_EDGE('',*,*,#11671,.T.);
#11673=DIRECTION('',(-0.65935,0.75184,0.));
#11674=VECTOR('',#11673,10.4645);
#11675=LINE('',#11638,#11674);
#11676=EDGE_CURVE('',#11639,#11667,#11675,.T.);
#11677=ORIENTED_EDGE('',*,*,#11676,.F.);
#11678=ORIENTED_EDGE('',*,*,#11643,.F.);
#11679=EDGE_LOOP('',(#11665,#11672,#11677,#11678));
#11680=FACE_OUTER_BOUND('',#11679,.T.);
#11681=CARTESIAN_POINT('',(303.46827,48.70091,-275.));
#11682=DIRECTION('',(0.75184,0.65935,0.));
#11683=DIRECTION('',(-0.65935,0.75184,0.));
#11684=AXIS2_PLACEMENT_3D('',#11681,#11682,#11683);
#11685=PLANE('',#11684);
#11686=ADVANCED_FACE('',(#11680),#11685,.T.);
#11687=CARTESIAN_POINT('',(288.70091,63.46827,-275.));
#11688=VERTEX_POINT('',#11687);
#11689=DIRECTION('',(-0.75184,0.65935,0.));
#11690=VECTOR('',#11689,10.4645);
#11691=LINE('',#11659,#11690);
#11692=EDGE_CURVE('',#11660,#11688,#11691,.T.);
#11693=ORIENTED_EDGE('',*,*,#11692,.T.);
#11694=CARTESIAN_POINT('',(288.70091,63.46827,-271.));
#11695=VERTEX_POINT('',#11694);
#11696=DIRECTION('',(0.,0.,1.));
#11697=VECTOR('',#11696,4.);
#11698=LINE('',#11687,#11697);
#11699=EDGE_CURVE('',#11688,#11695,#11698,.T.);
#11700=ORIENTED_EDGE('',*,*,#11699,.T.);
#11701=DIRECTION('',(-0.75184,0.65935,0.));
#11702=VECTOR('',#11701,10.4645);
#11703=LINE('',#11666,#11702);
#11704=EDGE_CURVE('',#11667,#11695,#11703,.T.);
#11705=ORIENTED_EDGE('',*,*,#11704,.F.);
#11706=ORIENTED_EDGE('',*,*,#11671,.F.);
#11707=EDGE_LOOP('',(#11693,#11700,#11705,#11706));
#11708=FACE_OUTER_BOUND('',#11707,.T.);
#11709=CARTESIAN_POINT('',(296.56854,56.56854,-275.));
#11710=DIRECTION('',(0.65935,0.75184,0.));
#11711=DIRECTION('',(-0.75184,0.65935,0.));
#11712=AXIS2_PLACEMENT_3D('',#11709,#11710,#11711);
#11713=PLANE('',#11712);
#11714=ADVANCED_FACE('',(#11708),#11713,.T.);
#11715=CARTESIAN_POINT('',(280.,69.28203,-275.));
#11716=VERTEX_POINT('',#11715);
#11717=DIRECTION('',(-0.83147,0.55557,0.));
#11718=VECTOR('',#11717,10.4645);
#11719=LINE('',#11687,#11718);
#11720=EDGE_CURVE('',#11688,#11716,#11719,.T.);
#11721=ORIENTED_EDGE('',*,*,#11720,.T.);
#11722=CARTESIAN_POINT('',(280.,69.28203,-271.));
#11723=VERTEX_POINT('',#11722);
#11724=DIRECTION('',(0.,0.,1.));
#11725=VECTOR('',#11724,4.);
#11726=LINE('',#11715,#11725);
#11727=EDGE_CURVE('',#11716,#11723,#11726,.T.);
#11728=ORIENTED_EDGE('',*,*,#11727,.T.);
#11729=DIRECTION('',(-0.83147,0.55557,0.));
#11730=VECTOR('',#11729,10.4645);
#11731=LINE('',#11694,#11730);
#11732=EDGE_CURVE('',#11695,#11723,#11731,.T.);
#11733=ORIENTED_EDGE('',*,*,#11732,.F.);
#11734=ORIENTED_EDGE('',*,*,#11699,.F.);
#11735=EDGE_LOOP('',(#11721,#11728,#11733,#11734));
#11736=FACE_OUTER_BOUND('',#11735,.T.);
#11737=CARTESIAN_POINT('',(288.70091,63.46827,-275.));
#11738=DIRECTION('',(0.55557,0.83147,0.));
#11739=DIRECTION('',(-0.83147,0.55557,0.));
#11740=AXIS2_PLACEMENT_3D('',#11737,#11738,#11739);
#11741=PLANE('',#11740);
#11742=ADVANCED_FACE('',(#11736),#11741,.T.);
#11743=CARTESIAN_POINT('',(270.61467,73.91036,-275.));
#11744=VERTEX_POINT('',#11743);
#11745=DIRECTION('',(-0.89687,0.44229,0.));
#11746=VECTOR('',#11745,10.4645);
#11747=LINE('',#11715,#11746);
#11748=EDGE_CURVE('',#11716,#11744,#11747,.T.);
#11749=ORIENTED_EDGE('',*,*,#11748,.T.);
#11750=CARTESIAN_POINT('',(270.61467,73.91036,-271.));
#11751=VERTEX_POINT('',#11750);
#11752=DIRECTION('',(0.,0.,1.));
#11753=VECTOR('',#11752,4.);
#11754=LINE('',#11743,#11753);
#11755=EDGE_CURVE('',#11744,#11751,#11754,.T.);
#11756=ORIENTED_EDGE('',*,*,#11755,.T.);
#11757=DIRECTION('',(-0.89687,0.44229,0.));
#11758=VECTOR('',#11757,10.4645);
#11759=LINE('',#11722,#11758);
#11760=EDGE_CURVE('',#11723,#11751,#11759,.T.);
#11761=ORIENTED_EDGE('',*,*,#11760,.F.);
#11762=ORIENTED_EDGE('',*,*,#11727,.F.);
#11763=EDGE_LOOP('',(#11749,#11756,#11761,#11762));
#11764=FACE_OUTER_BOUND('',#11763,.T.);
#11765=CARTESIAN_POINT('',(280.,69.28203,-275.));
#11766=DIRECTION('',(0.44229,0.89687,0.));
#11767=DIRECTION('',(-0.89687,0.44229,0.));
#11768=AXIS2_PLACEMENT_3D('',#11765,#11766,#11767);
#11769=PLANE('',#11768);
#11770=ADVANCED_FACE('',(#11764),#11769,.T.);
#11771=CARTESIAN_POINT('',(260.70552,77.27407,-275.));
#11772=VERTEX_POINT('',#11771);
#11773=DIRECTION('',(-0.94693,0.32144,0.));
#11774=VECTOR('',#11773,10.4645);
#11775=LINE('',#11743,#11774);
#11776=EDGE_CURVE('',#11744,#11772,#11775,.T.);
#11777=ORIENTED_EDGE('',*,*,#11776,.T.);
#11778=CARTESIAN_POINT('',(260.70552,77.27407,-271.));
#11779=VERTEX_POINT('',#11778);
#11780=DIRECTION('',(0.,0.,1.));
#11781=VECTOR('',#11780,4.);
#11782=LINE('',#11771,#11781);
#11783=EDGE_CURVE('',#11772,#11779,#11782,.T.);
#11784=ORIENTED_EDGE('',*,*,#11783,.T.);
#11785=DIRECTION('',(-0.94693,0.32144,0.));
#11786=VECTOR('',#11785,10.4645);
#11787=LINE('',#11750,#11786);
#11788=EDGE_CURVE('',#11751,#11779,#11787,.T.);
#11789=ORIENTED_EDGE('',*,*,#11788,.F.);
#11790=ORIENTED_EDGE('',*,*,#11755,.F.);
#11791=EDGE_LOOP('',(#11777,#11784,#11789,#11790));
#11792=FACE_OUTER_BOUND('',#11791,.T.);
#11793=CARTESIAN_POINT('',(270.61467,73.91036,-275.));
#11794=DIRECTION('',(0.32144,0.94693,0.));
#11795=DIRECTION('',(-0.94693,0.32144,0.));
#11796=AXIS2_PLACEMENT_3D('',#11793,#11794,#11795);
#11797=PLANE('',#11796);
#11798=ADVANCED_FACE('',(#11792),#11797,.T.);
#11799=CARTESIAN_POINT('',(250.4421,79.31559,-275.));
#11800=VERTEX_POINT('',#11799);
#11801=DIRECTION('',(-0.98079,0.19509,0.));
#11802=VECTOR('',#11801,10.4645);
#11803=LINE('',#11771,#11802);
#11804=EDGE_CURVE('',#11772,#11800,#11803,.T.);
#11805=ORIENTED_EDGE('',*,*,#11804,.T.);
#11806=CARTESIAN_POINT('',(250.4421,79.31559,-271.));
#11807=VERTEX_POINT('',#11806);
#11808=DIRECTION('',(0.,0.,1.));
#11809=VECTOR('',#11808,4.);
#11810=LINE('',#11799,#11809);
#11811=EDGE_CURVE('',#11800,#11807,#11810,.T.);
#11812=ORIENTED_EDGE('',*,*,#11811,.T.);
#11813=DIRECTION('',(-0.98079,0.19509,0.));
#11814=VECTOR('',#11813,10.4645);
#11815=LINE('',#11778,#11814);
#11816=EDGE_CURVE('',#11779,#11807,#11815,.T.);
#11817=ORIENTED_EDGE('',*,*,#11816,.F.);
#11818=ORIENTED_EDGE('',*,*,#11783,.F.);
#11819=EDGE_LOOP('',(#11805,#11812,#11817,#11818));
#11820=FACE_OUTER_BOUND('',#11819,.T.);
#11821=CARTESIAN_POINT('',(260.70552,77.27407,-275.));
#11822=DIRECTION('',(0.19509,0.98079,0.));
#11823=DIRECTION('',(-0.98079,0.19509,0.));
#11824=AXIS2_PLACEMENT_3D('',#11821,#11822,#11823);
#11825=PLANE('',#11824);
#11826=ADVANCED_FACE('',(#11820),#11825,.T.);
#11827=CARTESIAN_POINT('',(240.,80.,-275.));
#11828=VERTEX_POINT('',#11827);
#11829=DIRECTION('',(-0.99786,0.0654,0.));
#11830=VECTOR('',#11829,10.4645);
#11831=LINE('',#11799,#11830);
#11832=EDGE_CURVE('',#11800,#11828,#11831,.T.);
#11833=ORIENTED_EDGE('',*,*,#11832,.T.);
#11834=CARTESIAN_POINT('',(240.,80.,-271.));
#11835=VERTEX_POINT('',#11834);
#11836=DIRECTION('',(0.,0.,1.));
#11837=VECTOR('',#11836,4.);
#11838=LINE('',#11827,#11837);
#11839=EDGE_CURVE('',#11828,#11835,#11838,.T.);
#11840=ORIENTED_EDGE('',*,*,#11839,.T.);
#11841=DIRECTION('',(-0.99786,0.0654,0.));
#11842=VECTOR('',#11841,10.4645);
#11843=LINE('',#11806,#11842);
#11844=EDGE_CURVE('',#11807,#11835,#11843,.T.);
#11845=ORIENTED_EDGE('',*,*,#11844,.F.);
#11846=ORIENTED_EDGE('',*,*,#11811,.F.);
#11847=EDGE_LOOP('',(#11833,#11840,#11845,#11846));
#11848=FACE_OUTER_BOUND('',#11847,.T.);
#11849=CARTESIAN_POINT('',(250.4421,79.31559,-275.));
#11850=DIRECTION('',(0.0654,0.99786,0.));
#11851=DIRECTION('',(-0.99786,0.0654,0.));
#11852=AXIS2_PLACEMENT_3D('',#11849,#11850,#11851);
#11853=PLANE('',#11852);
#11854=ADVANCED_FACE('',(#11848),#11853,.T.);
#11855=CARTESIAN_POINT('',(229.5579,79.31559,-275.));
#11856=VERTEX_POINT('',#11855);
#11857=DIRECTION('',(-0.99786,-0.0654,0.));
#11858=VECTOR('',#11857,10.4645);
#11859=LINE('',#11827,#11858);
#11860=EDGE_CURVE('',#11828,#11856,#11859,.T.);
#11861=ORIENTED_EDGE('',*,*,#11860,.T.);
#11862=CARTESIAN_POINT('',(229.5579,79.31559,-271.));
#11863=VERTEX_POINT('',#11862);
#11864=DIRECTION('',(0.,0.,1.));
#11865=VECTOR('',#11864,4.);
#11866=LINE('',#11855,#11865);
#11867=EDGE_CURVE('',#11856,#11863,#11866,.T.);
#11868=ORIENTED_EDGE('',*,*,#11867,.T.);
#11869=DIRECTION('',(-0.99786,-0.0654,0.));
#11870=VECTOR('',#11869,10.4645);
#11871=LINE('',#11834,#11870);
#11872=EDGE_CURVE('',#11835,#11863,#11871,.T.);
#11873=ORIENTED_EDGE('',*,*,#11872,.F.);
#11874=ORIENTED_EDGE('',*,*,#11839,.F.);
#11875=EDGE_LOOP('',(#11861,#11868,#11873,#11874));
#11876=FACE_OUTER_BOUND('',#11875,.T.);
#11877=CARTESIAN_POINT('',(240.,80.,-275.));
#11878=DIRECTION('',(-0.0654,0.99786,0.));
#11879=DIRECTION('',(-0.99786,-0.0654,0.));
#11880=AXIS2_PLACEMENT_3D('',#11877,#11878,#11879);
#11881=PLANE('',#11880);
#11882=ADVANCED_FACE('',(#11876),#11881,.T.);
#11883=CARTESIAN_POINT('',(219.29448,77.27407,-275.));
#11884=VERTEX_POINT('',#11883);
#11885=DIRECTION('',(-0.98079,-0.19509,0.));
#11886=VECTOR('',#11885,10.4645);
#11887=LINE('',#11855,#11886);
#11888=EDGE_CURVE('',#11856,#11884,#11887,.T.);
#11889=ORIENTED_EDGE('',*,*,#11888,.T.);
#11890=CARTESIAN_POINT('',(219.29448,77.27407,-271.));
#11891=VERTEX_POINT('',#11890);
#11892=DIRECTION('',(0.,0.,1.));
#11893=VECTOR('',#11892,4.);
#11894=LINE('',#11883,#11893);
#11895=EDGE_CURVE('',#11884,#11891,#11894,.T.);
#11896=ORIENTED_EDGE('',*,*,#11895,.T.);
#11897=DIRECTION('',(-0.98079,-0.19509,0.));
#11898=VECTOR('',#11897,10.4645);
#11899=LINE('',#11862,#11898);
#11900=EDGE_CURVE('',#11863,#11891,#11899,.T.);
#11901=ORIENTED_EDGE('',*,*,#11900,.F.);
#11902=ORIENTED_EDGE('',*,*,#11867,.F.);
#11903=EDGE_LOOP('',(#11889,#11896,#11901,#11902));
#11904=FACE_OUTER_BOUND('',#11903,.T.);
#11905=CARTESIAN_POINT('',(229.5579,79.31559,-275.));
#11906=DIRECTION('',(-0.19509,0.98079,0.));
#11907=DIRECTION('',(-0.98079,-0.19509,0.));
#11908=AXIS2_PLACEMENT_3D('',#11905,#11906,#11907);
#11909=PLANE('',#11908);
#11910=ADVANCED_FACE('',(#11904),#11909,.T.);
#11911=CARTESIAN_POINT('',(209.38533,73.91036,-275.));
#11912=VERTEX_POINT('',#11911);
#11913=DIRECTION('',(-0.94693,-0.32144,0.));
#11914=VECTOR('',#11913,10.4645);
#11915=LINE('',#11883,#11914);
#11916=EDGE_CURVE('',#11884,#11912,#11915,.T.);
#11917=ORIENTED_EDGE('',*,*,#11916,.T.);
#11918=CARTESIAN_POINT('',(209.38533,73.91036,-271.));
#11919=VERTEX_POINT('',#11918);
#11920=DIRECTION('',(0.,0.,1.));
#11921=VECTOR('',#11920,4.);
#11922=LINE('',#11911,#11921);
#11923=EDGE_CURVE('',#11912,#11919,#11922,.T.);
#11924=ORIENTED_EDGE('',*,*,#11923,.T.);
#11925=DIRECTION('',(-0.94693,-0.32144,0.));
#11926=VECTOR('',#11925,10.4645);
#11927=LINE('',#11890,#11926);
#11928=EDGE_CURVE('',#11891,#11919,#11927,.T.);
#11929=ORIENTED_EDGE('',*,*,#11928,.F.);
#11930=ORIENTED_EDGE('',*,*,#11895,.F.);
#11931=EDGE_LOOP('',(#11917,#11924,#11929,#11930));
#11932=FACE_OUTER_BOUND('',#11931,.T.);
#11933=CARTESIAN_POINT('',(219.29448,77.27407,-275.));
#11934=DIRECTION('',(-0.32144,0.94693,0.));
#11935=DIRECTION('',(-0.94693,-0.32144,0.));
#11936=AXIS2_PLACEMENT_3D('',#11933,#11934,#11935);
#11937=PLANE('',#11936);
#11938=ADVANCED_FACE('',(#11932),#11937,.T.);
#11939=CARTESIAN_POINT('',(200.,69.28203,-275.));
#11940=VERTEX_POINT('',#11939);
#11941=DIRECTION('',(-0.89687,-0.44229,0.));
#11942=VECTOR('',#11941,10.4645);
#11943=LINE('',#11911,#11942);
#11944=EDGE_CURVE('',#11912,#11940,#11943,.T.);
#11945=ORIENTED_EDGE('',*,*,#11944,.T.);
#11946=CARTESIAN_POINT('',(200.,69.28203,-271.));
#11947=VERTEX_POINT('',#11946);
#11948=DIRECTION('',(0.,0.,1.));
#11949=VECTOR('',#11948,4.);
#11950=LINE('',#11939,#11949);
#11951=EDGE_CURVE('',#11940,#11947,#11950,.T.);
#11952=ORIENTED_EDGE('',*,*,#11951,.T.);
#11953=DIRECTION('',(-0.89687,-0.44229,0.));
#11954=VECTOR('',#11953,10.4645);
#11955=LINE('',#11918,#11954);
#11956=EDGE_CURVE('',#11919,#11947,#11955,.T.);
#11957=ORIENTED_EDGE('',*,*,#11956,.F.);
#11958=ORIENTED_EDGE('',*,*,#11923,.F.);
#11959=EDGE_LOOP('',(#11945,#11952,#11957,#11958));
#11960=FACE_OUTER_BOUND('',#11959,.T.);
#11961=CARTESIAN_POINT('',(209.38533,73.91036,-275.));
#11962=DIRECTION('',(-0.44229,0.89687,0.));
#11963=DIRECTION('',(-0.89687,-0.44229,0.));
#11964=AXIS2_PLACEMENT_3D('',#11961,#11962,#11963);
#11965=PLANE('',#11964);
#11966=ADVANCED_FACE('',(#11960),#11965,.T.);
#11967=CARTESIAN_POINT('',(191.29909,63.46827,-275.));
#11968=VERTEX_POINT('',#11967);
#11969=DIRECTION('',(-0.83147,-0.55557,0.));
#11970=VECTOR('',#11969,10.4645);
#11971=LINE('',#11939,#11970);
#11972=EDGE_CURVE('',#11940,#11968,#11971,.T.);
#11973=ORIENTED_EDGE('',*,*,#11972,.T.);
#11974=CARTESIAN_POINT('',(191.29909,63.46827,-271.));
#11975=VERTEX_POINT('',#11974);
#11976=DIRECTION('',(0.,0.,1.));
#11977=VECTOR('',#11976,4.);
#11978=LINE('',#11967,#11977);
#11979=EDGE_CURVE('',#11968,#11975,#11978,.T.);
#11980=ORIENTED_EDGE('',*,*,#11979,.T.);
#11981=DIRECTION('',(-0.83147,-0.55557,0.));
#11982=VECTOR('',#11981,10.4645);
#11983=LINE('',#11946,#11982);
#11984=EDGE_CURVE('',#11947,#11975,#11983,.T.);
#11985=ORIENTED_EDGE('',*,*,#11984,.F.);
#11986=ORIENTED_EDGE('',*,*,#11951,.F.);
#11987=EDGE_LOOP('',(#11973,#11980,#11985,#11986));
#11988=FACE_OUTER_BOUND('',#11987,.T.);
#11989=CARTESIAN_POINT('',(200.,69.28203,-275.));
#11990=DIRECTION('',(-0.55557,0.83147,0.));
#11991=DIRECTION('',(-0.83147,-0.55557,0.));
#11992=AXIS2_PLACEMENT_3D('',#11989,#11990,#11991);
#11993=PLANE('',#11992);
#11994=ADVANCED_FACE('',(#11988),#11993,.T.);
#11995=CARTESIAN_POINT('',(183.43146,56.56854,-275.));
#11996=VERTEX_POINT('',#11995);
#11997=DIRECTION('',(-0.75184,-0.65935,0.));
#11998=VECTOR('',#11997,10.4645);
#11999=LINE('',#11967,#11998);
#12000=EDGE_CURVE('',#11968,#11996,#11999,.T.);
#12001=ORIENTED_EDGE('',*,*,#12000,.T.);
#12002=CARTESIAN_POINT('',(183.43146,56.56854,-271.));
#12003=VERTEX_POINT('',#12002);
#12004=DIRECTION('',(0.,0.,1.));
#12005=VECTOR('',#12004,4.);
#12006=LINE('',#11995,#12005);
#12007=EDGE_CURVE('',#11996,#12003,#12006,.T.);
#12008=ORIENTED_EDGE('',*,*,#12007,.T.);
#12009=DIRECTION('',(-0.75184,-0.65935,0.));
#12010=VECTOR('',#12009,10.4645);
#12011=LINE('',#11974,#12010);
#12012=EDGE_CURVE('',#11975,#12003,#12011,.T.);
#12013=ORIENTED_EDGE('',*,*,#12012,.F.);
#12014=ORIENTED_EDGE('',*,*,#11979,.F.);
#12015=EDGE_LOOP('',(#12001,#12008,#12013,#12014));
#12016=FACE_OUTER_BOUND('',#12015,.T.);
#12017=CARTESIAN_POINT('',(191.29909,63.46827,-275.));
#12018=DIRECTION('',(-0.65935,0.75184,0.));
#12019=DIRECTION('',(-0.75184,-0.65935,0.));
#12020=AXIS2_PLACEMENT_3D('',#12017,#12018,#12019);
#12021=PLANE('',#12020);
#12022=ADVANCED_FACE('',(#12016),#12021,.T.);
#12023=CARTESIAN_POINT('',(176.53173,48.70091,-275.));
#12024=VERTEX_POINT('',#12023);
#12025=DIRECTION('',(-0.65935,-0.75184,0.));
#12026=VECTOR('',#12025,10.4645);
#12027=LINE('',#11995,#12026);
#12028=EDGE_CURVE('',#11996,#12024,#12027,.T.);
#12029=ORIENTED_EDGE('',*,*,#12028,.T.);
#12030=CARTESIAN_POINT('',(176.53173,48.70091,-271.));
#12031=VERTEX_POINT('',#12030);
#12032=DIRECTION('',(0.,0.,1.));
#12033=VECTOR('',#12032,4.);
#12034=LINE('',#12023,#12033);
#12035=EDGE_CURVE('',#12024,#12031,#12034,.T.);
#12036=ORIENTED_EDGE('',*,*,#12035,.T.);
#12037=DIRECTION('',(-0.65935,-0.75184,0.));
#12038=VECTOR('',#12037,10.4645);
#12039=LINE('',#12002,#12038);
#12040=EDGE_CURVE('',#12003,#12031,#12039,.T.);
#12041=ORIENTED_EDGE('',*,*,#12040,.F.);
#12042=ORIENTED_EDGE('',*,*,#12007,.F.);
#12043=EDGE_LOOP('',(#12029,#12036,#12041,#12042));
#12044=FACE_OUTER_BOUND('',#12043,.T.);
#12045=CARTESIAN_POINT('',(183.43146,56.56854,-275.));
#12046=DIRECTION('',(-0.75184,0.65935,0.));
#12047=DIRECTION('',(-0.65935,-0.75184,0.));
#12048=AXIS2_PLACEMENT_3D('',#12045,#12046,#12047);
#12049=PLANE('',#12048);
#12050=ADVANCED_FACE('',(#12044),#12049,.T.);
#12051=CARTESIAN_POINT('',(170.71797,40.,-275.));
#12052=VERTEX_POINT('',#12051);
#12053=DIRECTION('',(-0.55557,-0.83147,0.));
#12054=VECTOR('',#12053,10.4645);
#12055=LINE('',#12023,#12054);
#12056=EDGE_CURVE('',#12024,#12052,#12055,.T.);
#12057=ORIENTED_EDGE('',*,*,#12056,.T.);
#12058=CARTESIAN_POINT('',(170.71797,40.,-271.));
#12059=VERTEX_POINT('',#12058);
#12060=DIRECTION('',(0.,0.,1.));
#12061=VECTOR('',#12060,4.);
#12062=LINE('',#12051,#12061);
#12063=EDGE_CURVE('',#12052,#12059,#12062,.T.);
#12064=ORIENTED_EDGE('',*,*,#12063,.T.);
#12065=DIRECTION('',(-0.55557,-0.83147,0.));
#12066=VECTOR('',#12065,10.4645);
#12067=LINE('',#12030,#12066);
#12068=EDGE_CURVE('',#12031,#12059,#12067,.T.);
#12069=ORIENTED_EDGE('',*,*,#12068,.F.);
#12070=ORIENTED_EDGE('',*,*,#12035,.F.);
#12071=EDGE_LOOP('',(#12057,#12064,#12069,#12070));
#12072=FACE_OUTER_BOUND('',#12071,.T.);
#12073=CARTESIAN_POINT('',(176.53173,48.70091,-275.));
#12074=DIRECTION('',(-0.83147,0.55557,0.));
#12075=DIRECTION('',(-0.55557,-0.83147,0.));
#12076=AXIS2_PLACEMENT_3D('',#12073,#12074,#12075);
#12077=PLANE('',#12076);
#12078=ADVANCED_FACE('',(#12072),#12077,.T.);
#12079=CARTESIAN_POINT('',(166.08964,30.61467,-275.));
#12080=VERTEX_POINT('',#12079);
#12081=DIRECTION('',(-0.44229,-0.89687,0.));
#12082=VECTOR('',#12081,10.4645);
#12083=LINE('',#12051,#12082);
#12084=EDGE_CURVE('',#12052,#12080,#12083,.T.);
#12085=ORIENTED_EDGE('',*,*,#12084,.T.);
#12086=CARTESIAN_POINT('',(166.08964,30.61467,-271.));
#12087=VERTEX_POINT('',#12086);
#12088=DIRECTION('',(0.,0.,1.));
#12089=VECTOR('',#12088,4.);
#12090=LINE('',#12079,#12089);
#12091=EDGE_CURVE('',#12080,#12087,#12090,.T.);
#12092=ORIENTED_EDGE('',*,*,#12091,.T.);
#12093=DIRECTION('',(-0.44229,-0.89687,0.));
#12094=VECTOR('',#12093,10.4645);
#12095=LINE('',#12058,#12094);
#12096=EDGE_CURVE('',#12059,#12087,#12095,.T.);
#12097=ORIENTED_EDGE('',*,*,#12096,.F.);
#12098=ORIENTED_EDGE('',*,*,#12063,.F.);
#12099=EDGE_LOOP('',(#12085,#12092,#12097,#12098));
#12100=FACE_OUTER_BOUND('',#12099,.T.);
#12101=CARTESIAN_POINT('',(170.71797,40.,-275.));
#12102=DIRECTION('',(-0.89687,0.44229,0.));
#12103=DIRECTION('',(-0.44229,-0.89687,0.));
#12104=AXIS2_PLACEMENT_3D('',#12101,#12102,#12103);
#12105=PLANE('',#12104);
#12106=ADVANCED_FACE('',(#12100),#12105,.T.);
#12107=CARTESIAN_POINT('',(162.72593,20.70552,-275.));
#12108=VERTEX_POINT('',#12107);
#12109=DIRECTION('',(-0.32144,-0.94693,0.));
#12110=VECTOR('',#12109,10.4645);
#12111=LINE('',#12079,#12110);
#12112=EDGE_CURVE('',#12080,#12108,#12111,.T.);
#12113=ORIENTED_EDGE('',*,*,#12112,.T.);
#12114=CARTESIAN_POINT('',(162.72593,20.70552,-271.));
#12115=VERTEX_POINT('',#12114);
#12116=DIRECTION('',(0.,0.,1.));
#12117=VECTOR('',#12116,4.);
#12118=LINE('',#12107,#12117);
#12119=EDGE_CURVE('',#12108,#12115,#12118,.T.);
#12120=ORIENTED_EDGE('',*,*,#12119,.T.);
#12121=DIRECTION('',(-0.32144,-0.94693,0.));
#12122=VECTOR('',#12121,10.4645);
#12123=LINE('',#12086,#12122);
#12124=EDGE_CURVE('',#12087,#12115,#12123,.T.);
#12125=ORIENTED_EDGE('',*,*,#12124,.F.);
#12126=ORIENTED_EDGE('',*,*,#12091,.F.);
#12127=EDGE_LOOP('',(#12113,#12120,#12125,#12126));
#12128=FACE_OUTER_BOUND('',#12127,.T.);
#12129=CARTESIAN_POINT('',(166.08964,30.61467,-275.));
#12130=DIRECTION('',(-0.94693,0.32144,0.));
#12131=DIRECTION('',(-0.32144,-0.94693,0.));
#12132=AXIS2_PLACEMENT_3D('',#12129,#12130,#12131);
#12133=PLANE('',#12132);
#12134=ADVANCED_FACE('',(#12128),#12133,.T.);
#12135=CARTESIAN_POINT('',(160.68441,10.4421,-275.));
#12136=VERTEX_POINT('',#12135);
#12137=DIRECTION('',(-0.19509,-0.98079,0.));
#12138=VECTOR('',#12137,10.4645);
#12139=LINE('',#12107,#12138);
#12140=EDGE_CURVE('',#12108,#12136,#12139,.T.);
#12141=ORIENTED_EDGE('',*,*,#12140,.T.);
#12142=CARTESIAN_POINT('',(160.68441,10.4421,-271.));
#12143=VERTEX_POINT('',#12142);
#12144=DIRECTION('',(0.,0.,1.));
#12145=VECTOR('',#12144,4.);
#12146=LINE('',#12135,#12145);
#12147=EDGE_CURVE('',#12136,#12143,#12146,.T.);
#12148=ORIENTED_EDGE('',*,*,#12147,.T.);
#12149=DIRECTION('',(-0.19509,-0.98079,0.));
#12150=VECTOR('',#12149,10.4645);
#12151=LINE('',#12114,#12150);
#12152=EDGE_CURVE('',#12115,#12143,#12151,.T.);
#12153=ORIENTED_EDGE('',*,*,#12152,.F.);
#12154=ORIENTED_EDGE('',*,*,#12119,.F.);
#12155=EDGE_LOOP('',(#12141,#12148,#12153,#12154));
#12156=FACE_OUTER_BOUND('',#12155,.T.);
#12157=CARTESIAN_POINT('',(162.72593,20.70552,-275.));
#12158=DIRECTION('',(-0.98079,0.19509,0.));
#12159=DIRECTION('',(-0.19509,-0.98079,0.));
#12160=AXIS2_PLACEMENT_3D('',#12157,#12158,#12159);
#12161=PLANE('',#12160);
#12162=ADVANCED_FACE('',(#12156),#12161,.T.);
#12163=CARTESIAN_POINT('',(160.,0.,-275.));
#12164=VERTEX_POINT('',#12163);
#12165=DIRECTION('',(-0.0654,-0.99786,0.));
#12166=VECTOR('',#12165,10.4645);
#12167=LINE('',#12135,#12166);
#12168=EDGE_CURVE('',#12136,#12164,#12167,.T.);
#12169=ORIENTED_EDGE('',*,*,#12168,.T.);
#12170=CARTESIAN_POINT('',(160.,0.,-271.));
#12171=VERTEX_POINT('',#12170);
#12172=DIRECTION('',(0.,0.,1.));
#12173=VECTOR('',#12172,4.);
#12174=LINE('',#12163,#12173);
#12175=EDGE_CURVE('',#12164,#12171,#12174,.T.);
#12176=ORIENTED_EDGE('',*,*,#12175,.T.);
#12177=DIRECTION('',(-0.0654,-0.99786,0.));
#12178=VECTOR('',#12177,10.4645);
#12179=LINE('',#12142,#12178);
#12180=EDGE_CURVE('',#12143,#12171,#12179,.T.);
#12181=ORIENTED_EDGE('',*,*,#12180,.F.);
#12182=ORIENTED_EDGE('',*,*,#12147,.F.);
#12183=EDGE_LOOP('',(#12169,#12176,#12181,#12182));
#12184=FACE_OUTER_BOUND('',#12183,.T.);
#12185=CARTESIAN_POINT('',(160.68441,10.4421,-275.));
#12186=DIRECTION('',(-0.99786,0.0654,0.));
#12187=DIRECTION('',(-0.0654,-0.99786,0.));
#12188=AXIS2_PLACEMENT_3D('',#12185,#12186,#12187);
#12189=PLANE('',#12188);
#12190=ADVANCED_FACE('',(#12184),#12189,.T.);
#12191=CARTESIAN_POINT('',(160.68441,-10.4421,-275.));
#12192=VERTEX_POINT('',#12191);
#12193=DIRECTION('',(0.0654,-0.99786,0.));
#12194=VECTOR('',#12193,10.4645);
#12195=LINE('',#12163,#12194);
#12196=EDGE_CURVE('',#12164,#12192,#12195,.T.);
#12197=ORIENTED_EDGE('',*,*,#12196,.T.);
#12198=CARTESIAN_POINT('',(160.68441,-10.4421,-271.));
#12199=VERTEX_POINT('',#12198);
#12200=DIRECTION('',(0.,0.,1.));
#12201=VECTOR('',#12200,4.);
#12202=LINE('',#12191,#12201);
#12203=EDGE_CURVE('',#12192,#12199,#12202,.T.);
#12204=ORIENTED_EDGE('',*,*,#12203,.T.);
#12205=DIRECTION('',(0.0654,-0.99786,0.));
#12206=VECTOR('',#12205,10.4645);
#12207=LINE('',#12170,#12206);
#12208=EDGE_CURVE('',#12171,#12199,#12207,.T.);
#12209=ORIENTED_EDGE('',*,*,#12208,.F.);
#12210=ORIENTED_EDGE('',*,*,#12175,.F.);
#12211=EDGE_LOOP('',(#12197,#12204,#12209,#12210));
#12212=FACE_OUTER_BOUND('',#12211,.T.);
#12213=CARTESIAN_POINT('',(160.,0.,-275.));
#12214=DIRECTION('',(-0.99786,-0.0654,0.));
#12215=DIRECTION('',(0.0654,-0.99786,0.));
#12216=AXIS2_PLACEMENT_3D('',#12213,#12214,#12215);
#12217=PLANE('',#12216);
#12218=ADVANCED_FACE('',(#12212),#12217,.T.);
#12219=CARTESIAN_POINT('',(162.72593,-20.70552,-275.));
#12220=VERTEX_POINT('',#12219);
#12221=DIRECTION('',(0.19509,-0.98079,0.));
#12222=VECTOR('',#12221,10.4645);
#12223=LINE('',#12191,#12222);
#12224=EDGE_CURVE('',#12192,#12220,#12223,.T.);
#12225=ORIENTED_EDGE('',*,*,#12224,.T.);
#12226=CARTESIAN_POINT('',(162.72593,-20.70552,-271.));
#12227=VERTEX_POINT('',#12226);
#12228=DIRECTION('',(0.,0.,1.));
#12229=VECTOR('',#12228,4.);
#12230=LINE('',#12219,#12229);
#12231=EDGE_CURVE('',#12220,#12227,#12230,.T.);
#12232=ORIENTED_EDGE('',*,*,#12231,.T.);
#12233=DIRECTION('',(0.19509,-0.98079,0.));
#12234=VECTOR('',#12233,10.4645);
#12235=LINE('',#12198,#12234);
#12236=EDGE_CURVE('',#12199,#12227,#12235,.T.);
#12237=ORIENTED_EDGE('',*,*,#12236,.F.);
#12238=ORIENTED_EDGE('',*,*,#12203,.F.);
#12239=EDGE_LOOP('',(#12225,#12232,#12237,#12238));
#12240=FACE_OUTER_BOUND('',#12239,.T.);
#12241=CARTESIAN_POINT('',(160.68441,-10.4421,-275.));
#12242=DIRECTION('',(-0.98079,-0.19509,0.));
#12243=DIRECTION('',(0.19509,-0.98079,0.));
#12244=AXIS2_PLACEMENT_3D('',#12241,#12242,#12243);
#12245=PLANE('',#12244);
#12246=ADVANCED_FACE('',(#12240),#12245,.T.);
#12247=CARTESIAN_POINT('',(166.08964,-30.61467,-275.));
#12248=VERTEX_POINT('',#12247);
#12249=DIRECTION('',(0.32144,-0.94693,0.));
#12250=VECTOR('',#12249,10.4645);
#12251=LINE('',#12219,#12250);
#12252=EDGE_CURVE('',#12220,#12248,#12251,.T.);
#12253=ORIENTED_EDGE('',*,*,#12252,.T.);
#12254=CARTESIAN_POINT('',(166.08964,-30.61467,-271.));
#12255=VERTEX_POINT('',#12254);
#12256=DIRECTION('',(0.,0.,1.));
#12257=VECTOR('',#12256,4.);
#12258=LINE('',#12247,#12257);
#12259=EDGE_CURVE('',#12248,#12255,#12258,.T.);
#12260=ORIENTED_EDGE('',*,*,#12259,.T.);
#12261=DIRECTION('',(0.32144,-0.94693,0.));
#12262=VECTOR('',#12261,10.4645);
#12263=LINE('',#12226,#12262);
#12264=EDGE_CURVE('',#12227,#12255,#12263,.T.);
#12265=ORIENTED_EDGE('',*,*,#12264,.F.);
#12266=ORIENTED_EDGE('',*,*,#12231,.F.);
#12267=EDGE_LOOP('',(#12253,#12260,#12265,#12266));
#12268=FACE_OUTER_BOUND('',#12267,.T.);
#12269=CARTESIAN_POINT('',(162.72593,-20.70552,-275.));
#12270=DIRECTION('',(-0.94693,-0.32144,0.));
#12271=DIRECTION('',(0.32144,-0.94693,0.));
#12272=AXIS2_PLACEMENT_3D('',#12269,#12270,#12271);
#12273=PLANE('',#12272);
#12274=ADVANCED_FACE('',(#12268),#12273,.T.);
#12275=CARTESIAN_POINT('',(170.71797,-40.,-275.));
#12276=VERTEX_POINT('',#12275);
#12277=DIRECTION('',(0.44229,-0.89687,0.));
#12278=VECTOR('',#12277,10.4645);
#12279=LINE('',#12247,#12278);
#12280=EDGE_CURVE('',#12248,#12276,#12279,.T.);
#12281=ORIENTED_EDGE('',*,*,#12280,.T.);
#12282=CARTESIAN_POINT('',(170.71797,-40.,-271.));
#12283=VERTEX_POINT('',#12282);
#12284=DIRECTION('',(0.,0.,1.));
#12285=VECTOR('',#12284,4.);
#12286=LINE('',#12275,#12285);
#12287=EDGE_CURVE('',#12276,#12283,#12286,.T.);
#12288=ORIENTED_EDGE('',*,*,#12287,.T.);
#12289=DIRECTION('',(0.44229,-0.89687,0.));
#12290=VECTOR('',#12289,10.4645);
#12291=LINE('',#12254,#12290);
#12292=EDGE_CURVE('',#12255,#12283,#12291,.T.);
#12293=ORIENTED_EDGE('',*,*,#12292,.F.);
#12294=ORIENTED_EDGE('',*,*,#12259,.F.);
#12295=EDGE_LOOP('',(#12281,#12288,#12293,#12294));
#12296=FACE_OUTER_BOUND('',#12295,.T.);
#12297=CARTESIAN_POINT('',(166.08964,-30.61467,-275.));
#12298=DIRECTION('',(-0.89687,-0.44229,0.));
#12299=DIRECTION('',(0.44229,-0.89687,0.));
#12300=AXIS2_PLACEMENT_3D('',#12297,#12298,#12299);
#12301=PLANE('',#12300);
#12302=ADVANCED_FACE('',(#12296),#12301,.T.);
#12303=CARTESIAN_POINT('',(176.53173,-48.70091,-275.));
#12304=VERTEX_POINT('',#12303);
#12305=DIRECTION('',(0.55557,-0.83147,0.));
#12306=VECTOR('',#12305,10.4645);
#12307=LINE('',#12275,#12306);
#12308=EDGE_CURVE('',#12276,#12304,#12307,.T.);
#12309=ORIENTED_EDGE('',*,*,#12308,.T.);
#12310=CARTESIAN_POINT('',(176.53173,-48.70091,-271.));
#12311=VERTEX_POINT('',#12310);
#12312=DIRECTION('',(0.,0.,1.));
#12313=VECTOR('',#12312,4.);
#12314=LINE('',#12303,#12313);
#12315=EDGE_CURVE('',#12304,#12311,#12314,.T.);
#12316=ORIENTED_EDGE('',*,*,#12315,.T.);
#12317=DIRECTION('',(0.55557,-0.83147,0.));
#12318=VECTOR('',#12317,10.4645);
#12319=LINE('',#12282,#12318);
#12320=EDGE_CURVE('',#12283,#12311,#12319,.T.);
#12321=ORIENTED_EDGE('',*,*,#12320,.F.);
#12322=ORIENTED_EDGE('',*,*,#12287,.F.);
#12323=EDGE_LOOP('',(#12309,#12316,#12321,#12322));
#12324=FACE_OUTER_BOUND('',#12323,.T.);
#12325=CARTESIAN_POINT('',(170.71797,-40.,-275.));
#12326=DIRECTION('',(-0.83147,-0.55557,0.));
#12327=DIRECTION('',(0.55557,-0.83147,0.));
#12328=AXIS2_PLACEMENT_3D('',#12325,#12326,#12327);
#12329=PLANE('',#12328);
#12330=ADVANCED_FACE('',(#12324),#12329,.T.);
#12331=CARTESIAN_POINT('',(183.43146,-56.56854,-275.));
#12332=VERTEX_POINT('',#12331);
#12333=DIRECTION('',(0.65935,-0.75184,0.));
#12334=VECTOR('',#12333,10.4645);
#12335=LINE('',#12303,#12334);
#12336=EDGE_CURVE('',#12304,#12332,#12335,.T.);
#12337=ORIENTED_EDGE('',*,*,#12336,.T.);
#12338=CARTESIAN_POINT('',(183.43146,-56.56854,-271.));
#12339=VERTEX_POINT('',#12338);
#12340=DIRECTION('',(0.,0.,1.));
#12341=VECTOR('',#12340,4.);
#12342=LINE('',#12331,#12341);
#12343=EDGE_CURVE('',#12332,#12339,#12342,.T.);
#12344=ORIENTED_EDGE('',*,*,#12343,.T.);
#12345=DIRECTION('',(0.65935,-0.75184,0.));
#12346=VECTOR('',#12345,10.4645);
#12347=LINE('',#12310,#12346);
#12348=EDGE_CURVE('',#12311,#12339,#12347,.T.);
#12349=ORIENTED_EDGE('',*,*,#12348,.F.);
#12350=ORIENTED_EDGE('',*,*,#12315,.F.);
#12351=EDGE_LOOP('',(#12337,#12344,#12349,#12350));
#12352=FACE_OUTER_BOUND('',#12351,.T.);
#12353=CARTESIAN_POINT('',(176.53173,-48.70091,-275.));
#12354=DIRECTION('',(-0.75184,-0.65935,0.));
#12355=DIRECTION('',(0.65935,-0.75184,0.));
#12356=AXIS2_PLACEMENT_3D('',#12353,#12354,#12355);
#12357=PLANE('',#12356);
#12358=ADVANCED_FACE('',(#12352),#12357,.T.);
#12359=CARTESIAN_POINT('',(191.29909,-63.46827,-275.));
#12360=VERTEX_POINT('',#12359);
#12361=DIRECTION('',(0.75184,-0.65935,0.));
#12362=VECTOR('',#12361,10.4645);
#12363=LINE('',#12331,#12362);
#12364=EDGE_CURVE('',#12332,#12360,#12363,.T.);
#12365=ORIENTED_EDGE('',*,*,#12364,.T.);
#12366=CARTESIAN_POINT('',(191.29909,-63.46827,-271.));
#12367=VERTEX_POINT('',#12366);
#12368=DIRECTION('',(0.,0.,1.));
#12369=VECTOR('',#12368,4.);
#12370=LINE('',#12359,#12369);
#12371=EDGE_CURVE('',#12360,#12367,#12370,.T.);
#12372=ORIENTED_EDGE('',*,*,#12371,.T.);
#12373=DIRECTION('',(0.75184,-0.65935,0.));
#12374=VECTOR('',#12373,10.4645);
#12375=LINE('',#12338,#12374);
#12376=EDGE_CURVE('',#12339,#12367,#12375,.T.);
#12377=ORIENTED_EDGE('',*,*,#12376,.F.);
#12378=ORIENTED_EDGE('',*,*,#12343,.F.);
#12379=EDGE_LOOP('',(#12365,#12372,#12377,#12378));
#12380=FACE_OUTER_BOUND('',#12379,.T.);
#12381=CARTESIAN_POINT('',(183.43146,-56.56854,-275.));
#12382=DIRECTION('',(-0.65935,-0.75184,0.));
#12383=DIRECTION('',(0.75184,-0.65935,0.));
#12384=AXIS2_PLACEMENT_3D('',#12381,#12382,#12383);
#12385=PLANE('',#12384);
#12386=ADVANCED_FACE('',(#12380),#12385,.T.);
#12387=CARTESIAN_POINT('',(200.,-69.28203,-275.));
#12388=VERTEX_POINT('',#12387);
#12389=DIRECTION('',(0.83147,-0.55557,0.));
#12390=VECTOR('',#12389,10.4645);
#12391=LINE('',#12359,#12390);
#12392=EDGE_CURVE('',#12360,#12388,#12391,.T.);
#12393=ORIENTED_EDGE('',*,*,#12392,.T.);
#12394=CARTESIAN_POINT('',(200.,-69.28203,-271.));
#12395=VERTEX_POINT('',#12394);
#12396=DIRECTION('',(0.,0.,1.));
#12397=VECTOR('',#12396,4.);
#12398=LINE('',#12387,#12397);
#12399=EDGE_CURVE('',#12388,#12395,#12398,.T.);
#12400=ORIENTED_EDGE('',*,*,#12399,.T.);
#12401=DIRECTION('',(0.83147,-0.55557,0.));
#12402=VECTOR('',#12401,10.4645);
#12403=LINE('',#12366,#12402);
#12404=EDGE_CURVE('',#12367,#12395,#12403,.T.);
#12405=ORIENTED_EDGE('',*,*,#12404,.F.);
#12406=ORIENTED_EDGE('',*,*,#12371,.F.);
#12407=EDGE_LOOP('',(#12393,#12400,#12405,#12406));
#12408=FACE_OUTER_BOUND('',#12407,.T.);
#12409=CARTESIAN_POINT('',(191.29909,-63.46827,-275.));
#12410=DIRECTION('',(-0.55557,-0.83147,0.));
#12411=DIRECTION('',(0.83147,-0.55557,0.));
#12412=AXIS2_PLACEMENT_3D('',#12409,#12410,#12411);
#12413=PLANE('',#12412);
#12414=ADVANCED_FACE('',(#12408),#12413,.T.);
#12415=CARTESIAN_POINT('',(209.38533,-73.91036,-275.));
#12416=VERTEX_POINT('',#12415);
#12417=DIRECTION('',(0.89687,-0.44229,0.));
#12418=VECTOR('',#12417,10.4645);
#12419=LINE('',#12387,#12418);
#12420=EDGE_CURVE('',#12388,#12416,#12419,.T.);
#12421=ORIENTED_EDGE('',*,*,#12420,.T.);
#12422=CARTESIAN_POINT('',(209.38533,-73.91036,-271.));
#12423=VERTEX_POINT('',#12422);
#12424=DIRECTION('',(0.,0.,1.));
#12425=VECTOR('',#12424,4.);
#12426=LINE('',#12415,#12425);
#12427=EDGE_CURVE('',#12416,#12423,#12426,.T.);
#12428=ORIENTED_EDGE('',*,*,#12427,.T.);
#12429=DIRECTION('',(0.89687,-0.44229,0.));
#12430=VECTOR('',#12429,10.4645);
#12431=LINE('',#12394,#12430);
#12432=EDGE_CURVE('',#12395,#12423,#12431,.T.);
#12433=ORIENTED_EDGE('',*,*,#12432,.F.);
#12434=ORIENTED_EDGE('',*,*,#12399,.F.);
#12435=EDGE_LOOP('',(#12421,#12428,#12433,#12434));
#12436=FACE_OUTER_BOUND('',#12435,.T.);
#12437=CARTESIAN_POINT('',(200.,-69.28203,-275.));
#12438=DIRECTION('',(-0.44229,-0.89687,0.));
#12439=DIRECTION('',(0.89687,-0.44229,0.));
#12440=AXIS2_PLACEMENT_3D('',#12437,#12438,#12439);
#12441=PLANE('',#12440);
#12442=ADVANCED_FACE('',(#12436),#12441,.T.);
#12443=CARTESIAN_POINT('',(219.29448,-77.27407,-275.));
#12444=VERTEX_POINT('',#12443);
#12445=DIRECTION('',(0.94693,-0.32144,0.));
#12446=VECTOR('',#12445,10.4645);
#12447=LINE('',#12415,#12446);
#12448=EDGE_CURVE('',#12416,#12444,#12447,.T.);
#12449=ORIENTED_EDGE('',*,*,#12448,.T.);
#12450=CARTESIAN_POINT('',(219.29448,-77.27407,-271.));
#12451=VERTEX_POINT('',#12450);
#12452=DIRECTION('',(0.,0.,1.));
#12453=VECTOR('',#12452,4.);
#12454=LINE('',#12443,#12453);
#12455=EDGE_CURVE('',#12444,#12451,#12454,.T.);
#12456=ORIENTED_EDGE('',*,*,#12455,.T.);
#12457=DIRECTION('',(0.94693,-0.32144,0.));
#12458=VECTOR('',#12457,10.4645);
#12459=LINE('',#12422,#12458);
#12460=EDGE_CURVE('',#12423,#12451,#12459,.T.);
#12461=ORIENTED_EDGE('',*,*,#12460,.F.);
#12462=ORIENTED_EDGE('',*,*,#12427,.F.);
#12463=EDGE_LOOP('',(#12449,#12456,#12461,#12462));
#12464=FACE_OUTER_BOUND('',#12463,.T.);
#12465=CARTESIAN_POINT('',(209.38533,-73.91036,-275.));
#12466=DIRECTION('',(-0.32144,-0.94693,0.));
#12467=DIRECTION('',(0.94693,-0.32144,0.));
#12468=AXIS2_PLACEMENT_3D('',#12465,#12466,#12467);
#12469=PLANE('',#12468);
#12470=ADVANCED_FACE('',(#12464),#12469,.T.);
#12471=CARTESIAN_POINT('',(229.5579,-79.31559,-275.));
#12472=VERTEX_POINT('',#12471);
#12473=DIRECTION('',(0.98079,-0.19509,0.));
#12474=VECTOR('',#12473,10.4645);
#12475=LINE('',#12443,#12474);
#12476=EDGE_CURVE('',#12444,#12472,#12475,.T.);
#12477=ORIENTED_EDGE('',*,*,#12476,.T.);
#12478=CARTESIAN_POINT('',(229.5579,-79.31559,-271.));
#12479=VERTEX_POINT('',#12478);
#12480=DIRECTION('',(0.,0.,1.));
#12481=VECTOR('',#12480,4.);
#12482=LINE('',#12471,#12481);
#12483=EDGE_CURVE('',#12472,#12479,#12482,.T.);
#12484=ORIENTED_EDGE('',*,*,#12483,.T.);
#12485=DIRECTION('',(0.98079,-0.19509,0.));
#12486=VECTOR('',#12485,10.4645);
#12487=LINE('',#12450,#12486);
#12488=EDGE_CURVE('',#12451,#12479,#12487,.T.);
#12489=ORIENTED_EDGE('',*,*,#12488,.F.);
#12490=ORIENTED_EDGE('',*,*,#12455,.F.);
#12491=EDGE_LOOP('',(#12477,#12484,#12489,#12490));
#12492=FACE_OUTER_BOUND('',#12491,.T.);
#12493=CARTESIAN_POINT('',(219.29448,-77.27407,-275.));
#12494=DIRECTION('',(-0.19509,-0.98079,0.));
#12495=DIRECTION('',(0.98079,-0.19509,0.));
#12496=AXIS2_PLACEMENT_3D('',#12493,#12494,#12495);
#12497=PLANE('',#12496);
#12498=ADVANCED_FACE('',(#12492),#12497,.T.);
#12499=CARTESIAN_POINT('',(240.,-80.,-275.));
#12500=VERTEX_POINT('',#12499);
#12501=DIRECTION('',(0.99786,-0.0654,0.));
#12502=VECTOR('',#12501,10.4645);
#12503=LINE('',#12471,#12502);
#12504=EDGE_CURVE('',#12472,#12500,#12503,.T.);
#12505=ORIENTED_EDGE('',*,*,#12504,.T.);
#12506=CARTESIAN_POINT('',(240.,-80.,-271.));
#12507=VERTEX_POINT('',#12506);
#12508=DIRECTION('',(0.,0.,1.));
#12509=VECTOR('',#12508,4.);
#12510=LINE('',#12499,#12509);
#12511=EDGE_CURVE('',#12500,#12507,#12510,.T.);
#12512=ORIENTED_EDGE('',*,*,#12511,.T.);
#12513=DIRECTION('',(0.99786,-0.0654,0.));
#12514=VECTOR('',#12513,10.4645);
#12515=LINE('',#12478,#12514);
#12516=EDGE_CURVE('',#12479,#12507,#12515,.T.);
#12517=ORIENTED_EDGE('',*,*,#12516,.F.);
#12518=ORIENTED_EDGE('',*,*,#12483,.F.);
#12519=EDGE_LOOP('',(#12505,#12512,#12517,#12518));
#12520=FACE_OUTER_BOUND('',#12519,.T.);
#12521=CARTESIAN_POINT('',(229.5579,-79.31559,-275.));
#12522=DIRECTION('',(-0.0654,-0.99786,0.));
#12523=DIRECTION('',(0.99786,-0.0654,0.));
#12524=AXIS2_PLACEMENT_3D('',#12521,#12522,#12523);
#12525=PLANE('',#12524);
#12526=ADVANCED_FACE('',(#12520),#12525,.T.);
#12527=CARTESIAN_POINT('',(250.4421,-79.31559,-275.));
#12528=VERTEX_POINT('',#12527);
#12529=DIRECTION('',(0.99786,0.0654,0.));
#12530=VECTOR('',#12529,10.4645);
#12531=LINE('',#12499,#12530);
#12532=EDGE_CURVE('',#12500,#12528,#12531,.T.);
#12533=ORIENTED_EDGE('',*,*,#12532,.T.);
#12534=CARTESIAN_POINT('',(250.4421,-79.31559,-271.));
#12535=VERTEX_POINT('',#12534);
#12536=DIRECTION('',(0.,0.,1.));
#12537=VECTOR('',#12536,4.);
#12538=LINE('',#12527,#12537);
#12539=EDGE_CURVE('',#12528,#12535,#12538,.T.);
#12540=ORIENTED_EDGE('',*,*,#12539,.T.);
#12541=DIRECTION('',(0.99786,0.0654,0.));
#12542=VECTOR('',#12541,10.4645);
#12543=LINE('',#12506,#12542);
#12544=EDGE_CURVE('',#12507,#12535,#12543,.T.);
#12545=ORIENTED_EDGE('',*,*,#12544,.F.);
#12546=ORIENTED_EDGE('',*,*,#12511,.F.);
#12547=EDGE_LOOP('',(#12533,#12540,#12545,#12546));
#12548=FACE_OUTER_BOUND('',#12547,.T.);
#12549=CARTESIAN_POINT('',(240.,-80.,-275.));
#12550=DIRECTION('',(0.0654,-0.99786,0.));
#12551=DIRECTION('',(0.99786,0.0654,0.));
#12552=AXIS2_PLACEMENT_3D('',#12549,#12550,#12551);
#12553=PLANE('',#12552);
#12554=ADVANCED_FACE('',(#12548),#12553,.T.);
#12555=CARTESIAN_POINT('',(260.70552,-77.27407,-275.));
#12556=VERTEX_POINT('',#12555);
#12557=DIRECTION('',(0.98079,0.19509,0.));
#12558=VECTOR('',#12557,10.4645);
#12559=LINE('',#12527,#12558);
#12560=EDGE_CURVE('',#12528,#12556,#12559,.T.);
#12561=ORIENTED_EDGE('',*,*,#12560,.T.);
#12562=CARTESIAN_POINT('',(260.70552,-77.27407,-271.));
#12563=VERTEX_POINT('',#12562);
#12564=DIRECTION('',(0.,0.,1.));
#12565=VECTOR('',#12564,4.);
#12566=LINE('',#12555,#12565);
#12567=EDGE_CURVE('',#12556,#12563,#12566,.T.);
#12568=ORIENTED_EDGE('',*,*,#12567,.T.);
#12569=DIRECTION('',(0.98079,0.19509,0.));
#12570=VECTOR('',#12569,10.4645);
#12571=LINE('',#12534,#12570);
#12572=EDGE_CURVE('',#12535,#12563,#12571,.T.);
#12573=ORIENTED_EDGE('',*,*,#12572,.F.);
#12574=ORIENTED_EDGE('',*,*,#12539,.F.);
#12575=EDGE_LOOP('',(#12561,#12568,#12573,#12574));
#12576=FACE_OUTER_BOUND('',#12575,.T.);
#12577=CARTESIAN_POINT('',(250.4421,-79.31559,-275.));
#12578=DIRECTION('',(0.19509,-0.98079,0.));
#12579=DIRECTION('',(0.98079,0.19509,0.));
#12580=AXIS2_PLACEMENT_3D('',#12577,#12578,#12579);
#12581=PLANE('',#12580);
#12582=ADVANCED_FACE('',(#12576),#12581,.T.);
#12583=CARTESIAN_POINT('',(270.61467,-73.91036,-275.));
#12584=VERTEX_POINT('',#12583);
#12585=DIRECTION('',(0.94693,0.32144,0.));
#12586=VECTOR('',#12585,10.4645);
#12587=LINE('',#12555,#12586);
#12588=EDGE_CURVE('',#12556,#12584,#12587,.T.);
#12589=ORIENTED_EDGE('',*,*,#12588,.T.);
#12590=CARTESIAN_POINT('',(270.61467,-73.91036,-271.));
#12591=VERTEX_POINT('',#12590);
#12592=DIRECTION('',(0.,0.,1.));
#12593=VECTOR('',#12592,4.);
#12594=LINE('',#12583,#12593);
#12595=EDGE_CURVE('',#12584,#12591,#12594,.T.);
#12596=ORIENTED_EDGE('',*,*,#12595,.T.);
#12597=DIRECTION('',(0.94693,0.32144,0.));
#12598=VECTOR('',#12597,10.4645);
#12599=LINE('',#12562,#12598);
#12600=EDGE_CURVE('',#12563,#12591,#12599,.T.);
#12601=ORIENTED_EDGE('',*,*,#12600,.F.);
#12602=ORIENTED_EDGE('',*,*,#12567,.F.);
#12603=EDGE_LOOP('',(#12589,#12596,#12601,#12602));
#12604=FACE_OUTER_BOUND('',#12603,.T.);
#12605=CARTESIAN_POINT('',(260.70552,-77.27407,-275.));
#12606=DIRECTION('',(0.32144,-0.94693,0.));
#12607=DIRECTION('',(0.94693,0.32144,0.));
#12608=AXIS2_PLACEMENT_3D('',#12605,#12606,#12607);
#12609=PLANE('',#12608);
#12610=ADVANCED_FACE('',(#12604),#12609,.T.);
#12611=CARTESIAN_POINT('',(280.,-69.28203,-275.));
#12612=VERTEX_POINT('',#12611);
#12613=DIRECTION('',(0.89687,0.44229,0.));
#12614=VECTOR('',#12613,10.4645);
#12615=LINE('',#12583,#12614);
#12616=EDGE_CURVE('',#12584,#12612,#12615,.T.);
#12617=ORIENTED_EDGE('',*,*,#12616,.T.);
#12618=CARTESIAN_POINT('',(280.,-69.28203,-271.));
#12619=VERTEX_POINT('',#12618);
#12620=DIRECTION('',(0.,0.,1.));
#12621=VECTOR('',#12620,4.);
#12622=LINE('',#12611,#12621);
#12623=EDGE_CURVE('',#12612,#12619,#12622,.T.);
#12624=ORIENTED_EDGE('',*,*,#12623,.T.);
#12625=DIRECTION('',(0.89687,0.44229,0.));
#12626=VECTOR('',#12625,10.4645);
#12627=LINE('',#12590,#12626);
#12628=EDGE_CURVE('',#12591,#12619,#12627,.T.);
#12629=ORIENTED_EDGE('',*,*,#12628,.F.);
#12630=ORIENTED_EDGE('',*,*,#12595,.F.);
#12631=EDGE_LOOP('',(#12617,#12624,#12629,#12630));
#12632=FACE_OUTER_BOUND('',#12631,.T.);
#12633=CARTESIAN_POINT('',(270.61467,-73.91036,-275.));
#12634=DIRECTION('',(0.44229,-0.89687,0.));
#12635=DIRECTION('',(0.89687,0.44229,0.));
#12636=AXIS2_PLACEMENT_3D('',#12633,#12634,#12635);
#12637=PLANE('',#12636);
#12638=ADVANCED_FACE('',(#12632),#12637,.T.);
#12639=CARTESIAN_POINT('',(288.70091,-63.46827,-275.));
#12640=VERTEX_POINT('',#12639);
#12641=DIRECTION('',(0.83147,0.55557,0.));
#12642=VECTOR('',#12641,10.4645);
#12643=LINE('',#12611,#12642);
#12644=EDGE_CURVE('',#12612,#12640,#12643,.T.);
#12645=ORIENTED_EDGE('',*,*,#12644,.T.);
#12646=CARTESIAN_POINT('',(288.70091,-63.46827,-271.));
#12647=VERTEX_POINT('',#12646);
#12648=DIRECTION('',(0.,0.,1.));
#12649=VECTOR('',#12648,4.);
#12650=LINE('',#12639,#12649);
#12651=EDGE_CURVE('',#12640,#12647,#12650,.T.);
#12652=ORIENTED_EDGE('',*,*,#12651,.T.);
#12653=DIRECTION('',(0.83147,0.55557,0.));
#12654=VECTOR('',#12653,10.4645);
#12655=LINE('',#12618,#12654);
#12656=EDGE_CURVE('',#12619,#12647,#12655,.T.);
#12657=ORIENTED_EDGE('',*,*,#12656,.F.);
#12658=ORIENTED_EDGE('',*,*,#12623,.F.);
#12659=EDGE_LOOP('',(#12645,#12652,#12657,#12658));
#12660=FACE_OUTER_BOUND('',#12659,.T.);
#12661=CARTESIAN_POINT('',(280.,-69.28203,-275.));
#12662=DIRECTION('',(0.55557,-0.83147,0.));
#12663=DIRECTION('',(0.83147,0.55557,0.));
#12664=AXIS2_PLACEMENT_3D('',#12661,#12662,#12663);
#12665=PLANE('',#12664);
#12666=ADVANCED_FACE('',(#12660),#12665,.T.);
#12667=CARTESIAN_POINT('',(296.56854,-56.56854,-275.));
#12668=VERTEX_POINT('',#12667);
#12669=DIRECTION('',(0.75184,0.65935,0.));
#12670=VECTOR('',#12669,10.4645);
#12671=LINE('',#12639,#12670);
#12672=EDGE_CURVE('',#12640,#12668,#12671,.T.);
#12673=ORIENTED_EDGE('',*,*,#12672,.T.);
#12674=CARTESIAN_POINT('',(296.56854,-56.56854,-271.));
#12675=VERTEX_POINT('',#12674);
#12676=DIRECTION('',(0.,0.,1.));
#12677=VECTOR('',#12676,4.);
#12678=LINE('',#12667,#12677);
#12679=EDGE_CURVE('',#12668,#12675,#12678,.T.);
#12680=ORIENTED_EDGE('',*,*,#12679,.T.);
#12681=DIRECTION('',(0.75184,0.65935,0.));
#12682=VECTOR('',#12681,10.4645);
#12683=LINE('',#12646,#12682);
#12684=EDGE_CURVE('',#12647,#12675,#12683,.T.);
#12685=ORIENTED_EDGE('',*,*,#12684,.F.);
#12686=ORIENTED_EDGE('',*,*,#12651,.F.);
#12687=EDGE_LOOP('',(#12673,#12680,#12685,#12686));
#12688=FACE_OUTER_BOUND('',#12687,.T.);
#12689=CARTESIAN_POINT('',(288.70091,-63.46827,-275.));
#12690=DIRECTION('',(0.65935,-0.75184,0.));
#12691=DIRECTION('',(0.75184,0.65935,0.));
#12692=AXIS2_PLACEMENT_3D('',#12689,#12690,#12691);
#12693=PLANE('',#12692);
#12694=ADVANCED_FACE('',(#12688),#12693,.T.);
#12695=CARTESIAN_POINT('',(303.46827,-48.70091,-275.));
#12696=VERTEX_POINT('',#12695);
#12697=DIRECTION('',(0.65935,0.75184,0.));
#12698=VECTOR('',#12697,10.4645);
#12699=LINE('',#12667,#12698);
#12700=EDGE_CURVE('',#12668,#12696,#12699,.T.);
#12701=ORIENTED_EDGE('',*,*,#12700,.T.);
#12702=CARTESIAN_POINT('',(303.46827,-48.70091,-271.));
#12703=VERTEX_POINT('',#12702);
#12704=DIRECTION('',(0.,0.,1.));
#12705=VECTOR('',#12704,4.);
#12706=LINE('',#12695,#12705);
#12707=EDGE_CURVE('',#12696,#12703,#12706,.T.);
#12708=ORIENTED_EDGE('',*,*,#12707,.T.);
#12709=DIRECTION('',(0.65935,0.75184,0.));
#12710=VECTOR('',#12709,10.4645);
#12711=LINE('',#12674,#12710);
#12712=EDGE_CURVE('',#12675,#12703,#12711,.T.);
#12713=ORIENTED_EDGE('',*,*,#12712,.F.);
#12714=ORIENTED_EDGE('',*,*,#12679,.F.);
#12715=EDGE_LOOP('',(#12701,#12708,#12713,#12714));
#12716=FACE_OUTER_BOUND('',#12715,.T.);
#12717=CARTESIAN_POINT('',(296.56854,-56.56854,-275.));
#12718=DIRECTION('',(0.75184,-0.65935,0.));
#12719=DIRECTION('',(0.65935,0.75184,0.));
#12720=AXIS2_PLACEMENT_3D('',#12717,#12718,#12719);
#12721=PLANE('',#12720);
#12722=ADVANCED_FACE('',(#12716),#12721,.T.);
#12723=CARTESIAN_POINT('',(309.28203,-40.,-275.));
#12724=VERTEX_POINT('',#12723);
#12725=DIRECTION('',(0.55557,0.83147,0.));
#12726=VECTOR('',#12725,10.4645);
#12727=LINE('',#12695,#12726);
#12728=EDGE_CURVE('',#12696,#12724,#12727,.T.);
#12729=ORIENTED_EDGE('',*,*,#12728,.T.);
#12730=CARTESIAN_POINT('',(309.28203,-40.,-271.));
#12731=VERTEX_POINT('',#12730);
#12732=DIRECTION('',(0.,0.,1.));
#12733=VECTOR('',#12732,4.);
#12734=LINE('',#12723,#12733);
#12735=EDGE_CURVE('',#12724,#12731,#12734,.T.);
#12736=ORIENTED_EDGE('',*,*,#12735,.T.);
#12737=DIRECTION('',(0.55557,0.83147,0.));
#12738=VECTOR('',#12737,10.4645);
#12739=LINE('',#12702,#12738);
#12740=EDGE_CURVE('',#12703,#12731,#12739,.T.);
#12741=ORIENTED_EDGE('',*,*,#12740,.F.);
#12742=ORIENTED_EDGE('',*,*,#12707,.F.);
#12743=EDGE_LOOP('',(#12729,#12736,#12741,#12742));
#12744=FACE_OUTER_BOUND('',#12743,.T.);
#12745=CARTESIAN_POINT('',(303.46827,-48.70091,-275.));
#12746=DIRECTION('',(0.83147,-0.55557,0.));
#12747=DIRECTION('',(0.55557,0.83147,0.));
#12748=AXIS2_PLACEMENT_3D('',#12745,#12746,#12747);
#12749=PLANE('',#12748);
#12750=ADVANCED_FACE('',(#12744),#12749,.T.);
#12751=CARTESIAN_POINT('',(313.91036,-30.61467,-275.));
#12752=VERTEX_POINT('',#12751);
#12753=DIRECTION('',(0.44229,0.89687,0.));
#12754=VECTOR('',#12753,10.4645);
#12755=LINE('',#12723,#12754);
#12756=EDGE_CURVE('',#12724,#12752,#12755,.T.);
#12757=ORIENTED_EDGE('',*,*,#12756,.T.);
#12758=CARTESIAN_POINT('',(313.91036,-30.61467,-271.));
#12759=VERTEX_POINT('',#12758);
#12760=DIRECTION('',(0.,0.,1.));
#12761=VECTOR('',#12760,4.);
#12762=LINE('',#12751,#12761);
#12763=EDGE_CURVE('',#12752,#12759,#12762,.T.);
#12764=ORIENTED_EDGE('',*,*,#12763,.T.);
#12765=DIRECTION('',(0.44229,0.89687,0.));
#12766=VECTOR('',#12765,10.4645);
#12767=LINE('',#12730,#12766);
#12768=EDGE_CURVE('',#12731,#12759,#12767,.T.);
#12769=ORIENTED_EDGE('',*,*,#12768,.F.);
#12770=ORIENTED_EDGE('',*,*,#12735,.F.);
#12771=EDGE_LOOP('',(#12757,#12764,#12769,#12770));
#12772=FACE_OUTER_BOUND('',#12771,.T.);
#12773=CARTESIAN_POINT('',(309.28203,-40.,-275.));
#12774=DIRECTION('',(0.89687,-0.44229,0.));
#12775=DIRECTION('',(0.44229,0.89687,0.));
#12776=AXIS2_PLACEMENT_3D('',#12773,#12774,#12775);
#12777=PLANE('',#12776);
#12778=ADVANCED_FACE('',(#12772),#12777,.T.);
#12779=CARTESIAN_POINT('',(317.27407,-20.70552,-275.));
#12780=VERTEX_POINT('',#12779);
#12781=DIRECTION('',(0.32144,0.94693,0.));
#12782=VECTOR('',#12781,10.4645);
#12783=LINE('',#12751,#12782);
#12784=EDGE_CURVE('',#12752,#12780,#12783,.T.);
#12785=ORIENTED_EDGE('',*,*,#12784,.T.);
#12786=CARTESIAN_POINT('',(317.27407,-20.70552,-271.));
#12787=VERTEX_POINT('',#12786);
#12788=DIRECTION('',(0.,0.,1.));
#12789=VECTOR('',#12788,4.);
#12790=LINE('',#12779,#12789);
#12791=EDGE_CURVE('',#12780,#12787,#12790,.T.);
#12792=ORIENTED_EDGE('',*,*,#12791,.T.);
#12793=DIRECTION('',(0.32144,0.94693,0.));
#12794=VECTOR('',#12793,10.4645);
#12795=LINE('',#12758,#12794);
#12796=EDGE_CURVE('',#12759,#12787,#12795,.T.);
#12797=ORIENTED_EDGE('',*,*,#12796,.F.);
#12798=ORIENTED_EDGE('',*,*,#12763,.F.);
#12799=EDGE_LOOP('',(#12785,#12792,#12797,#12798));
#12800=FACE_OUTER_BOUND('',#12799,.T.);
#12801=CARTESIAN_POINT('',(313.91036,-30.61467,-275.));
#12802=DIRECTION('',(0.94693,-0.32144,0.));
#12803=DIRECTION('',(0.32144,0.94693,0.));
#12804=AXIS2_PLACEMENT_3D('',#12801,#12802,#12803);
#12805=PLANE('',#12804);
#12806=ADVANCED_FACE('',(#12800),#12805,.T.);
#12807=CARTESIAN_POINT('',(319.31559,-10.4421,-275.));
#12808=VERTEX_POINT('',#12807);
#12809=DIRECTION('',(0.19509,0.98079,0.));
#12810=VECTOR('',#12809,10.4645);
#12811=LINE('',#12779,#12810);
#12812=EDGE_CURVE('',#12780,#12808,#12811,.T.);
#12813=ORIENTED_EDGE('',*,*,#12812,.T.);
#12814=CARTESIAN_POINT('',(319.31559,-10.4421,-271.));
#12815=VERTEX_POINT('',#12814);
#12816=DIRECTION('',(0.,0.,1.));
#12817=VECTOR('',#12816,4.);
#12818=LINE('',#12807,#12817);
#12819=EDGE_CURVE('',#12808,#12815,#12818,.T.);
#12820=ORIENTED_EDGE('',*,*,#12819,.T.);
#12821=DIRECTION('',(0.19509,0.98079,0.));
#12822=VECTOR('',#12821,10.4645);
#12823=LINE('',#12786,#12822);
#12824=EDGE_CURVE('',#12787,#12815,#12823,.T.);
#12825=ORIENTED_EDGE('',*,*,#12824,.F.);
#12826=ORIENTED_EDGE('',*,*,#12791,.F.);
#12827=EDGE_LOOP('',(#12813,#12820,#12825,#12826));
#12828=FACE_OUTER_BOUND('',#12827,.T.);
#12829=CARTESIAN_POINT('',(317.27407,-20.70552,-275.));
#12830=DIRECTION('',(0.98079,-0.19509,0.));
#12831=DIRECTION('',(0.19509,0.98079,0.));
#12832=AXIS2_PLACEMENT_3D('',#12829,#12830,#12831);
#12833=PLANE('',#12832);
#12834=ADVANCED_FACE('',(#12828),#12833,.T.);
#12835=DIRECTION('',(-0.0654,-0.99786,0.));
#12836=VECTOR('',#12835,10.4645);
#12837=LINE('',#11511,#12836);
#12838=EDGE_CURVE('',#11512,#12808,#12837,.T.);
#12839=ORIENTED_EDGE('',*,*,#12838,.F.);
#12840=ORIENTED_EDGE('',*,*,#11537,.T.);
#12841=DIRECTION('',(-0.0654,-0.99786,0.));
#12842=VECTOR('',#12841,10.4645);
#12843=LINE('',#11527,#12842);
#12844=EDGE_CURVE('',#11528,#12815,#12843,.T.);
#12845=ORIENTED_EDGE('',*,*,#12844,.T.);
#12846=ORIENTED_EDGE('',*,*,#12819,.F.);
#12847=EDGE_LOOP('',(#12839,#12840,#12845,#12846));
#12848=FACE_OUTER_BOUND('',#12847,.T.);
#12849=CARTESIAN_POINT('',(319.31559,-10.4421,-275.));
#12850=DIRECTION('',(0.99786,-0.0654,0.));
#12851=DIRECTION('',(0.0654,0.99786,0.));
#12852=AXIS2_PLACEMENT_3D('',#12849,#12850,#12851);
#12853=PLANE('',#12852);
#12854=ADVANCED_FACE('',(#12848),#12853,.T.);
#12855=ORIENTED_EDGE('',*,*,#11532,.T.);
#12856=CARTESIAN_POINT('',(309.40114,9.13683,-271.));
#12857=VERTEX_POINT('',#12856);
#12858=DIRECTION('',(-0.99144,-0.13053,0.));
#12859=VECTOR('',#12858,10.);
#12860=LINE('',#11520,#12859);
#12861=EDGE_CURVE('',#11521,#12857,#12860,.T.);
#12862=ORIENTED_EDGE('',*,*,#12861,.T.);
#12863=CARTESIAN_POINT('',(310.,0.,-271.));
#12864=VERTEX_POINT('',#12863);
#12865=DIRECTION('',(-0.0654,0.99786,0.));
#12866=VECTOR('',#12865,9.15644);
#12867=LINE('',#12863,#12866);
#12868=EDGE_CURVE('',#12864,#12857,#12867,.T.);
#12869=ORIENTED_EDGE('',*,*,#12868,.F.);
#12870=DIRECTION('',(-1.,0.,0.));
#12871=VECTOR('',#12870,10.);
#12872=LINE('',#11527,#12871);
#12873=EDGE_CURVE('',#11528,#12864,#12872,.T.);
#12874=ORIENTED_EDGE('',*,*,#12873,.F.);
#12875=EDGE_LOOP('',(#12855,#12862,#12869,#12874));
#12876=FACE_OUTER_BOUND('',#12875,.T.);
#12877=CARTESIAN_POINT('',(320.,0.,-271.));
#12878=DIRECTION('',(0.,0.,1.));
#12879=DIRECTION('',(-0.0654,0.99786,0.));
#12880=AXIS2_PLACEMENT_3D('',#12877,#12878,#12879);
#12881=PLANE('',#12880);
#12882=ADVANCED_FACE('',(#12876),#12881,.T.);
#12883=ORIENTED_EDGE('',*,*,#11564,.T.);
#12884=CARTESIAN_POINT('',(307.61481,18.11733,-271.));
#12885=VERTEX_POINT('',#12884);
#12886=DIRECTION('',(-0.96593,-0.25882,0.));
#12887=VECTOR('',#12886,10.);
#12888=LINE('',#11554,#12887);
#12889=EDGE_CURVE('',#11555,#12885,#12888,.T.);
#12890=ORIENTED_EDGE('',*,*,#12889,.T.);
#12891=DIRECTION('',(-0.19509,0.98079,0.));
#12892=VECTOR('',#12891,9.15644);
#12893=LINE('',#12856,#12892);
#12894=EDGE_CURVE('',#12857,#12885,#12893,.T.);
#12895=ORIENTED_EDGE('',*,*,#12894,.F.);
#12896=ORIENTED_EDGE('',*,*,#12861,.F.);
#12897=EDGE_LOOP('',(#12883,#12890,#12895,#12896));
#12898=FACE_OUTER_BOUND('',#12897,.T.);
#12899=CARTESIAN_POINT('',(319.31559,10.4421,-271.));
#12900=DIRECTION('',(0.,0.,1.));
#12901=DIRECTION('',(-0.19509,0.98079,0.));
#12902=AXIS2_PLACEMENT_3D('',#12899,#12900,#12901);
#12903=PLANE('',#12902);
#12904=ADVANCED_FACE('',(#12898),#12903,.T.);
#12905=ORIENTED_EDGE('',*,*,#11592,.T.);
#12906=CARTESIAN_POINT('',(304.67157,26.78784,-271.));
#12907=VERTEX_POINT('',#12906);
#12908=DIRECTION('',(-0.92388,-0.38268,0.));
#12909=VECTOR('',#12908,10.);
#12910=LINE('',#11582,#12909);
#12911=EDGE_CURVE('',#11583,#12907,#12910,.T.);
#12912=ORIENTED_EDGE('',*,*,#12911,.T.);
#12913=DIRECTION('',(-0.32144,0.94693,0.));
#12914=VECTOR('',#12913,9.15644);
#12915=LINE('',#12884,#12914);
#12916=EDGE_CURVE('',#12885,#12907,#12915,.T.);
#12917=ORIENTED_EDGE('',*,*,#12916,.F.);
#12918=ORIENTED_EDGE('',*,*,#12889,.F.);
#12919=EDGE_LOOP('',(#12905,#12912,#12917,#12918));
#12920=FACE_OUTER_BOUND('',#12919,.T.);
#12921=CARTESIAN_POINT('',(317.27407,20.70552,-271.));
#12922=DIRECTION('',(0.,0.,1.));
#12923=DIRECTION('',(-0.32144,0.94693,0.));
#12924=AXIS2_PLACEMENT_3D('',#12921,#12922,#12923);
#12925=PLANE('',#12924);
#12926=ADVANCED_FACE('',(#12920),#12925,.T.);
#12927=ORIENTED_EDGE('',*,*,#11620,.T.);
#12928=CARTESIAN_POINT('',(300.62178,35.,-271.));
#12929=VERTEX_POINT('',#12928);
#12930=DIRECTION('',(-0.86603,-0.5,0.));
#12931=VECTOR('',#12930,10.);
#12932=LINE('',#11610,#12931);
#12933=EDGE_CURVE('',#11611,#12929,#12932,.T.);
#12934=ORIENTED_EDGE('',*,*,#12933,.T.);
#12935=DIRECTION('',(-0.44229,0.89687,0.));
#12936=VECTOR('',#12935,9.15644);
#12937=LINE('',#12906,#12936);
#12938=EDGE_CURVE('',#12907,#12929,#12937,.T.);
#12939=ORIENTED_EDGE('',*,*,#12938,.F.);
#12940=ORIENTED_EDGE('',*,*,#12911,.F.);
#12941=EDGE_LOOP('',(#12927,#12934,#12939,#12940));
#12942=FACE_OUTER_BOUND('',#12941,.T.);
#12943=CARTESIAN_POINT('',(313.91036,30.61467,-271.));
#12944=DIRECTION('',(0.,0.,1.));
#12945=DIRECTION('',(-0.44229,0.89687,0.));
#12946=AXIS2_PLACEMENT_3D('',#12943,#12944,#12945);
#12947=PLANE('',#12946);
#12948=ADVANCED_FACE('',(#12942),#12947,.T.);
#12949=ORIENTED_EDGE('',*,*,#11648,.T.);
#12950=CARTESIAN_POINT('',(295.53473,42.6133,-271.));
#12951=VERTEX_POINT('',#12950);
#12952=DIRECTION('',(-0.79335,-0.60876,0.));
#12953=VECTOR('',#12952,10.);
#12954=LINE('',#11638,#12953);
#12955=EDGE_CURVE('',#11639,#12951,#12954,.T.);
#12956=ORIENTED_EDGE('',*,*,#12955,.T.);
#12957=DIRECTION('',(-0.55557,0.83147,0.));
#12958=VECTOR('',#12957,9.15644);
#12959=LINE('',#12928,#12958);
#12960=EDGE_CURVE('',#12929,#12951,#12959,.T.);
#12961=ORIENTED_EDGE('',*,*,#12960,.F.);
#12962=ORIENTED_EDGE('',*,*,#12933,.F.);
#12963=EDGE_LOOP('',(#12949,#12956,#12961,#12962));
#12964=FACE_OUTER_BOUND('',#12963,.T.);
#12965=CARTESIAN_POINT('',(309.28203,40.,-271.));
#12966=DIRECTION('',(0.,0.,1.));
#12967=DIRECTION('',(-0.55557,0.83147,0.));
#12968=AXIS2_PLACEMENT_3D('',#12965,#12966,#12967);
#12969=PLANE('',#12968);
#12970=ADVANCED_FACE('',(#12964),#12969,.T.);
#12971=ORIENTED_EDGE('',*,*,#11676,.T.);
#12972=CARTESIAN_POINT('',(289.49747,49.49747,-271.));
#12973=VERTEX_POINT('',#12972);
#12974=DIRECTION('',(-0.70711,-0.70711,0.));
#12975=VECTOR('',#12974,10.);
#12976=LINE('',#11666,#12975);
#12977=EDGE_CURVE('',#11667,#12973,#12976,.T.);
#12978=ORIENTED_EDGE('',*,*,#12977,.T.);
#12979=DIRECTION('',(-0.65935,0.75184,0.));
#12980=VECTOR('',#12979,9.15644);
#12981=LINE('',#12950,#12980);
#12982=EDGE_CURVE('',#12951,#12973,#12981,.T.);
#12983=ORIENTED_EDGE('',*,*,#12982,.F.);
#12984=ORIENTED_EDGE('',*,*,#12955,.F.);
#12985=EDGE_LOOP('',(#12971,#12978,#12983,#12984));
#12986=FACE_OUTER_BOUND('',#12985,.T.);
#12987=CARTESIAN_POINT('',(303.46827,48.70091,-271.));
#12988=DIRECTION('',(0.,0.,1.));
#12989=DIRECTION('',(-0.65935,0.75184,0.));
#12990=AXIS2_PLACEMENT_3D('',#12987,#12988,#12989);
#12991=PLANE('',#12990);
#12992=ADVANCED_FACE('',(#12986),#12991,.T.);
#12993=ORIENTED_EDGE('',*,*,#11704,.T.);
#12994=CARTESIAN_POINT('',(282.6133,55.53473,-271.));
#12995=VERTEX_POINT('',#12994);
#12996=DIRECTION('',(-0.60876,-0.79335,0.));
#12997=VECTOR('',#12996,10.);
#12998=LINE('',#11694,#12997);
#12999=EDGE_CURVE('',#11695,#12995,#12998,.T.);
#13000=ORIENTED_EDGE('',*,*,#12999,.T.);
#13001=DIRECTION('',(-0.75184,0.65935,0.));
#13002=VECTOR('',#13001,9.15644);
#13003=LINE('',#12972,#13002);
#13004=EDGE_CURVE('',#12973,#12995,#13003,.T.);
#13005=ORIENTED_EDGE('',*,*,#13004,.F.);
#13006=ORIENTED_EDGE('',*,*,#12977,.F.);
#13007=EDGE_LOOP('',(#12993,#13000,#13005,#13006));
#13008=FACE_OUTER_BOUND('',#13007,.T.);
#13009=CARTESIAN_POINT('',(296.56854,56.56854,-271.));
#13010=DIRECTION('',(0.,0.,1.));
#13011=DIRECTION('',(-0.75184,0.65935,0.));
#13012=AXIS2_PLACEMENT_3D('',#13009,#13010,#13011);
#13013=PLANE('',#13012);
#13014=ADVANCED_FACE('',(#13008),#13013,.T.);
#13015=ORIENTED_EDGE('',*,*,#11732,.T.);
#13016=CARTESIAN_POINT('',(275.,60.62178,-271.));
#13017=VERTEX_POINT('',#13016);
#13018=DIRECTION('',(-0.5,-0.86603,0.));
#13019=VECTOR('',#13018,10.);
#13020=LINE('',#11722,#13019);
#13021=EDGE_CURVE('',#11723,#13017,#13020,.T.);
#13022=ORIENTED_EDGE('',*,*,#13021,.T.);
#13023=DIRECTION('',(-0.83147,0.55557,0.));
#13024=VECTOR('',#13023,9.15644);
#13025=LINE('',#12994,#13024);
#13026=EDGE_CURVE('',#12995,#13017,#13025,.T.);
#13027=ORIENTED_EDGE('',*,*,#13026,.F.);
#13028=ORIENTED_EDGE('',*,*,#12999,.F.);
#13029=EDGE_LOOP('',(#13015,#13022,#13027,#13028));
#13030=FACE_OUTER_BOUND('',#13029,.T.);
#13031=CARTESIAN_POINT('',(288.70091,63.46827,-271.));
#13032=DIRECTION('',(0.,0.,1.));
#13033=DIRECTION('',(-0.83147,0.55557,0.));
#13034=AXIS2_PLACEMENT_3D('',#13031,#13032,#13033);
#13035=PLANE('',#13034);
#13036=ADVANCED_FACE('',(#13030),#13035,.T.);
#13037=ORIENTED_EDGE('',*,*,#11760,.T.);
#13038=CARTESIAN_POINT('',(266.78784,64.67157,-271.));
#13039=VERTEX_POINT('',#13038);
#13040=DIRECTION('',(-0.38268,-0.92388,0.));
#13041=VECTOR('',#13040,10.);
#13042=LINE('',#11750,#13041);
#13043=EDGE_CURVE('',#11751,#13039,#13042,.T.);
#13044=ORIENTED_EDGE('',*,*,#13043,.T.);
#13045=DIRECTION('',(-0.89687,0.44229,0.));
#13046=VECTOR('',#13045,9.15644);
#13047=LINE('',#13016,#13046);
#13048=EDGE_CURVE('',#13017,#13039,#13047,.T.);
#13049=ORIENTED_EDGE('',*,*,#13048,.F.);
#13050=ORIENTED_EDGE('',*,*,#13021,.F.);
#13051=EDGE_LOOP('',(#13037,#13044,#13049,#13050));
#13052=FACE_OUTER_BOUND('',#13051,.T.);
#13053=CARTESIAN_POINT('',(280.,69.28203,-271.));
#13054=DIRECTION('',(0.,0.,1.));
#13055=DIRECTION('',(-0.89687,0.44229,0.));
#13056=AXIS2_PLACEMENT_3D('',#13053,#13054,#13055);
#13057=PLANE('',#13056);
#13058=ADVANCED_FACE('',(#13052),#13057,.T.);
#13059=ORIENTED_EDGE('',*,*,#11788,.T.);
#13060=CARTESIAN_POINT('',(258.11733,67.61481,-271.));
#13061=VERTEX_POINT('',#13060);
#13062=DIRECTION('',(-0.25882,-0.96593,0.));
#13063=VECTOR('',#13062,10.);
#13064=LINE('',#11778,#13063);
#13065=EDGE_CURVE('',#11779,#13061,#13064,.T.);
#13066=ORIENTED_EDGE('',*,*,#13065,.T.);
#13067=DIRECTION('',(-0.94693,0.32144,0.));
#13068=VECTOR('',#13067,9.15644);
#13069=LINE('',#13038,#13068);
#13070=EDGE_CURVE('',#13039,#13061,#13069,.T.);
#13071=ORIENTED_EDGE('',*,*,#13070,.F.);
#13072=ORIENTED_EDGE('',*,*,#13043,.F.);
#13073=EDGE_LOOP('',(#13059,#13066,#13071,#13072));
#13074=FACE_OUTER_BOUND('',#13073,.T.);
#13075=CARTESIAN_POINT('',(270.61467,73.91036,-271.));
#13076=DIRECTION('',(0.,0.,1.));
#13077=DIRECTION('',(-0.94693,0.32144,0.));
#13078=AXIS2_PLACEMENT_3D('',#13075,#13076,#13077);
#13079=PLANE('',#13078);
#13080=ADVANCED_FACE('',(#13074),#13079,.T.);
#13081=ORIENTED_EDGE('',*,*,#11816,.T.);
#13082=CARTESIAN_POINT('',(249.13683,69.40114,-271.));
#13083=VERTEX_POINT('',#13082);
#13084=DIRECTION('',(-0.13053,-0.99144,0.));
#13085=VECTOR('',#13084,10.);
#13086=LINE('',#11806,#13085);
#13087=EDGE_CURVE('',#11807,#13083,#13086,.T.);
#13088=ORIENTED_EDGE('',*,*,#13087,.T.);
#13089=DIRECTION('',(-0.98079,0.19509,0.));
#13090=VECTOR('',#13089,9.15644);
#13091=LINE('',#13060,#13090);
#13092=EDGE_CURVE('',#13061,#13083,#13091,.T.);
#13093=ORIENTED_EDGE('',*,*,#13092,.F.);
#13094=ORIENTED_EDGE('',*,*,#13065,.F.);
#13095=EDGE_LOOP('',(#13081,#13088,#13093,#13094));
#13096=FACE_OUTER_BOUND('',#13095,.T.);
#13097=CARTESIAN_POINT('',(260.70552,77.27407,-271.));
#13098=DIRECTION('',(0.,0.,1.));
#13099=DIRECTION('',(-0.98079,0.19509,0.));
#13100=AXIS2_PLACEMENT_3D('',#13097,#13098,#13099);
#13101=PLANE('',#13100);
#13102=ADVANCED_FACE('',(#13096),#13101,.T.);
#13103=ORIENTED_EDGE('',*,*,#11844,.T.);
#13104=CARTESIAN_POINT('',(240.,70.,-271.));
#13105=VERTEX_POINT('',#13104);
#13106=DIRECTION('',(0.,-1.,0.));
#13107=VECTOR('',#13106,10.);
#13108=LINE('',#11834,#13107);
#13109=EDGE_CURVE('',#11835,#13105,#13108,.T.);
#13110=ORIENTED_EDGE('',*,*,#13109,.T.);
#13111=DIRECTION('',(-0.99786,0.0654,0.));
#13112=VECTOR('',#13111,9.15644);
#13113=LINE('',#13082,#13112);
#13114=EDGE_CURVE('',#13083,#13105,#13113,.T.);
#13115=ORIENTED_EDGE('',*,*,#13114,.F.);
#13116=ORIENTED_EDGE('',*,*,#13087,.F.);
#13117=EDGE_LOOP('',(#13103,#13110,#13115,#13116));
#13118=FACE_OUTER_BOUND('',#13117,.T.);
#13119=CARTESIAN_POINT('',(250.4421,79.31559,-271.));
#13120=DIRECTION('',(0.,0.,1.));
#13121=DIRECTION('',(-0.99786,0.0654,0.));
#13122=AXIS2_PLACEMENT_3D('',#13119,#13120,#13121);
#13123=PLANE('',#13122);
#13124=ADVANCED_FACE('',(#13118),#13123,.T.);
#13125=ORIENTED_EDGE('',*,*,#11872,.T.);
#13126=CARTESIAN_POINT('',(230.86317,69.40114,-271.));
#13127=VERTEX_POINT('',#13126);
#13128=DIRECTION('',(0.13053,-0.99144,0.));
#13129=VECTOR('',#13128,10.);
#13130=LINE('',#11862,#13129);
#13131=EDGE_CURVE('',#11863,#13127,#13130,.T.);
#13132=ORIENTED_EDGE('',*,*,#13131,.T.);
#13133=DIRECTION('',(-0.99786,-0.0654,0.));
#13134=VECTOR('',#13133,9.15644);
#13135=LINE('',#13104,#13134);
#13136=EDGE_CURVE('',#13105,#13127,#13135,.T.);
#13137=ORIENTED_EDGE('',*,*,#13136,.F.);
#13138=ORIENTED_EDGE('',*,*,#13109,.F.);
#13139=EDGE_LOOP('',(#13125,#13132,#13137,#13138));
#13140=FACE_OUTER_BOUND('',#13139,.T.);
#13141=CARTESIAN_POINT('',(240.,80.,-271.));
#13142=DIRECTION('',(0.,0.,1.));
#13143=DIRECTION('',(-0.99786,-0.0654,0.));
#13144=AXIS2_PLACEMENT_3D('',#13141,#13142,#13143);
#13145=PLANE('',#13144);
#13146=ADVANCED_FACE('',(#13140),#13145,.T.);
#13147=ORIENTED_EDGE('',*,*,#11900,.T.);
#13148=CARTESIAN_POINT('',(221.88267,67.61481,-271.));
#13149=VERTEX_POINT('',#13148);
#13150=DIRECTION('',(0.25882,-0.96593,0.));
#13151=VECTOR('',#13150,10.);
#13152=LINE('',#11890,#13151);
#13153=EDGE_CURVE('',#11891,#13149,#13152,.T.);
#13154=ORIENTED_EDGE('',*,*,#13153,.T.);
#13155=DIRECTION('',(-0.98079,-0.19509,0.));
#13156=VECTOR('',#13155,9.15644);
#13157=LINE('',#13126,#13156);
#13158=EDGE_CURVE('',#13127,#13149,#13157,.T.);
#13159=ORIENTED_EDGE('',*,*,#13158,.F.);
#13160=ORIENTED_EDGE('',*,*,#13131,.F.);
#13161=EDGE_LOOP('',(#13147,#13154,#13159,#13160));
#13162=FACE_OUTER_BOUND('',#13161,.T.);
#13163=CARTESIAN_POINT('',(229.5579,79.31559,-271.));
#13164=DIRECTION('',(0.,0.,1.));
#13165=DIRECTION('',(-0.98079,-0.19509,0.));
#13166=AXIS2_PLACEMENT_3D('',#13163,#13164,#13165);
#13167=PLANE('',#13166);
#13168=ADVANCED_FACE('',(#13162),#13167,.T.);
#13169=ORIENTED_EDGE('',*,*,#11928,.T.);
#13170=CARTESIAN_POINT('',(213.21216,64.67157,-271.));
#13171=VERTEX_POINT('',#13170);
#13172=DIRECTION('',(0.38268,-0.92388,0.));
#13173=VECTOR('',#13172,10.);
#13174=LINE('',#11918,#13173);
#13175=EDGE_CURVE('',#11919,#13171,#13174,.T.);
#13176=ORIENTED_EDGE('',*,*,#13175,.T.);
#13177=DIRECTION('',(-0.94693,-0.32144,0.));
#13178=VECTOR('',#13177,9.15644);
#13179=LINE('',#13148,#13178);
#13180=EDGE_CURVE('',#13149,#13171,#13179,.T.);
#13181=ORIENTED_EDGE('',*,*,#13180,.F.);
#13182=ORIENTED_EDGE('',*,*,#13153,.F.);
#13183=EDGE_LOOP('',(#13169,#13176,#13181,#13182));
#13184=FACE_OUTER_BOUND('',#13183,.T.);
#13185=CARTESIAN_POINT('',(219.29448,77.27407,-271.));
#13186=DIRECTION('',(0.,0.,1.));
#13187=DIRECTION('',(-0.94693,-0.32144,0.));
#13188=AXIS2_PLACEMENT_3D('',#13185,#13186,#13187);
#13189=PLANE('',#13188);
#13190=ADVANCED_FACE('',(#13184),#13189,.T.);
#13191=ORIENTED_EDGE('',*,*,#11956,.T.);
#13192=CARTESIAN_POINT('',(205.,60.62178,-271.));
#13193=VERTEX_POINT('',#13192);
#13194=DIRECTION('',(0.5,-0.86603,0.));
#13195=VECTOR('',#13194,10.);
#13196=LINE('',#11946,#13195);
#13197=EDGE_CURVE('',#11947,#13193,#13196,.T.);
#13198=ORIENTED_EDGE('',*,*,#13197,.T.);
#13199=DIRECTION('',(-0.89687,-0.44229,0.));
#13200=VECTOR('',#13199,9.15644);
#13201=LINE('',#13170,#13200);
#13202=EDGE_CURVE('',#13171,#13193,#13201,.T.);
#13203=ORIENTED_EDGE('',*,*,#13202,.F.);
#13204=ORIENTED_EDGE('',*,*,#13175,.F.);
#13205=EDGE_LOOP('',(#13191,#13198,#13203,#13204));
#13206=FACE_OUTER_BOUND('',#13205,.T.);
#13207=CARTESIAN_POINT('',(209.38533,73.91036,-271.));
#13208=DIRECTION('',(0.,0.,1.));
#13209=DIRECTION('',(-0.89687,-0.44229,0.));
#13210=AXIS2_PLACEMENT_3D('',#13207,#13208,#13209);
#13211=PLANE('',#13210);
#13212=ADVANCED_FACE('',(#13206),#13211,.T.);
#13213=ORIENTED_EDGE('',*,*,#11984,.T.);
#13214=CARTESIAN_POINT('',(197.3867,55.53473,-271.));
#13215=VERTEX_POINT('',#13214);
#13216=DIRECTION('',(0.60876,-0.79335,0.));
#13217=VECTOR('',#13216,10.);
#13218=LINE('',#11974,#13217);
#13219=EDGE_CURVE('',#11975,#13215,#13218,.T.);
#13220=ORIENTED_EDGE('',*,*,#13219,.T.);
#13221=DIRECTION('',(-0.83147,-0.55557,0.));
#13222=VECTOR('',#13221,9.15644);
#13223=LINE('',#13192,#13222);
#13224=EDGE_CURVE('',#13193,#13215,#13223,.T.);
#13225=ORIENTED_EDGE('',*,*,#13224,.F.);
#13226=ORIENTED_EDGE('',*,*,#13197,.F.);
#13227=EDGE_LOOP('',(#13213,#13220,#13225,#13226));
#13228=FACE_OUTER_BOUND('',#13227,.T.);
#13229=CARTESIAN_POINT('',(200.,69.28203,-271.));
#13230=DIRECTION('',(0.,0.,1.));
#13231=DIRECTION('',(-0.83147,-0.55557,0.));
#13232=AXIS2_PLACEMENT_3D('',#13229,#13230,#13231);
#13233=PLANE('',#13232);
#13234=ADVANCED_FACE('',(#13228),#13233,.T.);
#13235=ORIENTED_EDGE('',*,*,#12012,.T.);
#13236=CARTESIAN_POINT('',(190.50253,49.49747,-271.));
#13237=VERTEX_POINT('',#13236);
#13238=DIRECTION('',(0.70711,-0.70711,0.));
#13239=VECTOR('',#13238,10.);
#13240=LINE('',#12002,#13239);
#13241=EDGE_CURVE('',#12003,#13237,#13240,.T.);
#13242=ORIENTED_EDGE('',*,*,#13241,.T.);
#13243=DIRECTION('',(-0.75184,-0.65935,0.));
#13244=VECTOR('',#13243,9.15644);
#13245=LINE('',#13214,#13244);
#13246=EDGE_CURVE('',#13215,#13237,#13245,.T.);
#13247=ORIENTED_EDGE('',*,*,#13246,.F.);
#13248=ORIENTED_EDGE('',*,*,#13219,.F.);
#13249=EDGE_LOOP('',(#13235,#13242,#13247,#13248));
#13250=FACE_OUTER_BOUND('',#13249,.T.);
#13251=CARTESIAN_POINT('',(191.29909,63.46827,-271.));
#13252=DIRECTION('',(0.,0.,1.));
#13253=DIRECTION('',(-0.75184,-0.65935,0.));
#13254=AXIS2_PLACEMENT_3D('',#13251,#13252,#13253);
#13255=PLANE('',#13254);
#13256=ADVANCED_FACE('',(#13250),#13255,.T.);
#13257=ORIENTED_EDGE('',*,*,#12040,.T.);
#13258=CARTESIAN_POINT('',(184.46527,42.6133,-271.));
#13259=VERTEX_POINT('',#13258);
#13260=DIRECTION('',(0.79335,-0.60876,0.));
#13261=VECTOR('',#13260,10.);
#13262=LINE('',#12030,#13261);
#13263=EDGE_CURVE('',#12031,#13259,#13262,.T.);
#13264=ORIENTED_EDGE('',*,*,#13263,.T.);
#13265=DIRECTION('',(-0.65935,-0.75184,0.));
#13266=VECTOR('',#13265,9.15644);
#13267=LINE('',#13236,#13266);
#13268=EDGE_CURVE('',#13237,#13259,#13267,.T.);
#13269=ORIENTED_EDGE('',*,*,#13268,.F.);
#13270=ORIENTED_EDGE('',*,*,#13241,.F.);
#13271=EDGE_LOOP('',(#13257,#13264,#13269,#13270));
#13272=FACE_OUTER_BOUND('',#13271,.T.);
#13273=CARTESIAN_POINT('',(183.43146,56.56854,-271.));
#13274=DIRECTION('',(0.,0.,1.));
#13275=DIRECTION('',(-0.65935,-0.75184,0.));
#13276=AXIS2_PLACEMENT_3D('',#13273,#13274,#13275);
#13277=PLANE('',#13276);
#13278=ADVANCED_FACE('',(#13272),#13277,.T.);
#13279=ORIENTED_EDGE('',*,*,#12068,.T.);
#13280=CARTESIAN_POINT('',(179.37822,35.,-271.));
#13281=VERTEX_POINT('',#13280);
#13282=DIRECTION('',(0.86603,-0.5,0.));
#13283=VECTOR('',#13282,10.);
#13284=LINE('',#12058,#13283);
#13285=EDGE_CURVE('',#12059,#13281,#13284,.T.);
#13286=ORIENTED_EDGE('',*,*,#13285,.T.);
#13287=DIRECTION('',(-0.55557,-0.83147,0.));
#13288=VECTOR('',#13287,9.15644);
#13289=LINE('',#13258,#13288);
#13290=EDGE_CURVE('',#13259,#13281,#13289,.T.);
#13291=ORIENTED_EDGE('',*,*,#13290,.F.);
#13292=ORIENTED_EDGE('',*,*,#13263,.F.);
#13293=EDGE_LOOP('',(#13279,#13286,#13291,#13292));
#13294=FACE_OUTER_BOUND('',#13293,.T.);
#13295=CARTESIAN_POINT('',(176.53173,48.70091,-271.));
#13296=DIRECTION('',(0.,0.,1.));
#13297=DIRECTION('',(-0.55557,-0.83147,0.));
#13298=AXIS2_PLACEMENT_3D('',#13295,#13296,#13297);
#13299=PLANE('',#13298);
#13300=ADVANCED_FACE('',(#13294),#13299,.T.);
#13301=ORIENTED_EDGE('',*,*,#12096,.T.);
#13302=CARTESIAN_POINT('',(175.32843,26.78784,-271.));
#13303=VERTEX_POINT('',#13302);
#13304=DIRECTION('',(0.92388,-0.38268,0.));
#13305=VECTOR('',#13304,10.);
#13306=LINE('',#12086,#13305);
#13307=EDGE_CURVE('',#12087,#13303,#13306,.T.);
#13308=ORIENTED_EDGE('',*,*,#13307,.T.);
#13309=DIRECTION('',(-0.44229,-0.89687,0.));
#13310=VECTOR('',#13309,9.15644);
#13311=LINE('',#13280,#13310);
#13312=EDGE_CURVE('',#13281,#13303,#13311,.T.);
#13313=ORIENTED_EDGE('',*,*,#13312,.F.);
#13314=ORIENTED_EDGE('',*,*,#13285,.F.);
#13315=EDGE_LOOP('',(#13301,#13308,#13313,#13314));
#13316=FACE_OUTER_BOUND('',#13315,.T.);
#13317=CARTESIAN_POINT('',(170.71797,40.,-271.));
#13318=DIRECTION('',(0.,0.,1.));
#13319=DIRECTION('',(-0.44229,-0.89687,0.));
#13320=AXIS2_PLACEMENT_3D('',#13317,#13318,#13319);
#13321=PLANE('',#13320);
#13322=ADVANCED_FACE('',(#13316),#13321,.T.);
#13323=ORIENTED_EDGE('',*,*,#12124,.T.);
#13324=CARTESIAN_POINT('',(172.38519,18.11733,-271.));
#13325=VERTEX_POINT('',#13324);
#13326=DIRECTION('',(0.96593,-0.25882,0.));
#13327=VECTOR('',#13326,10.);
#13328=LINE('',#12114,#13327);
#13329=EDGE_CURVE('',#12115,#13325,#13328,.T.);
#13330=ORIENTED_EDGE('',*,*,#13329,.T.);
#13331=DIRECTION('',(-0.32144,-0.94693,0.));
#13332=VECTOR('',#13331,9.15644);
#13333=LINE('',#13302,#13332);
#13334=EDGE_CURVE('',#13303,#13325,#13333,.T.);
#13335=ORIENTED_EDGE('',*,*,#13334,.F.);
#13336=ORIENTED_EDGE('',*,*,#13307,.F.);
#13337=EDGE_LOOP('',(#13323,#13330,#13335,#13336));
#13338=FACE_OUTER_BOUND('',#13337,.T.);
#13339=CARTESIAN_POINT('',(166.08964,30.61467,-271.));
#13340=DIRECTION('',(0.,0.,1.));
#13341=DIRECTION('',(-0.32144,-0.94693,0.));
#13342=AXIS2_PLACEMENT_3D('',#13339,#13340,#13341);
#13343=PLANE('',#13342);
#13344=ADVANCED_FACE('',(#13338),#13343,.T.);
#13345=ORIENTED_EDGE('',*,*,#12152,.T.);
#13346=CARTESIAN_POINT('',(170.59886,9.13683,-271.));
#13347=VERTEX_POINT('',#13346);
#13348=DIRECTION('',(0.99144,-0.13053,0.));
#13349=VECTOR('',#13348,10.);
#13350=LINE('',#12142,#13349);
#13351=EDGE_CURVE('',#12143,#13347,#13350,.T.);
#13352=ORIENTED_EDGE('',*,*,#13351,.T.);
#13353=DIRECTION('',(-0.19509,-0.98079,0.));
#13354=VECTOR('',#13353,9.15644);
#13355=LINE('',#13324,#13354);
#13356=EDGE_CURVE('',#13325,#13347,#13355,.T.);
#13357=ORIENTED_EDGE('',*,*,#13356,.F.);
#13358=ORIENTED_EDGE('',*,*,#13329,.F.);
#13359=EDGE_LOOP('',(#13345,#13352,#13357,#13358));
#13360=FACE_OUTER_BOUND('',#13359,.T.);
#13361=CARTESIAN_POINT('',(162.72593,20.70552,-271.));
#13362=DIRECTION('',(0.,0.,1.));
#13363=DIRECTION('',(-0.19509,-0.98079,0.));
#13364=AXIS2_PLACEMENT_3D('',#13361,#13362,#13363);
#13365=PLANE('',#13364);
#13366=ADVANCED_FACE('',(#13360),#13365,.T.);
#13367=ORIENTED_EDGE('',*,*,#12180,.T.);
#13368=CARTESIAN_POINT('',(170.,0.,-271.));
#13369=VERTEX_POINT('',#13368);
#13370=DIRECTION('',(1.,0.,0.));
#13371=VECTOR('',#13370,10.);
#13372=LINE('',#12170,#13371);
#13373=EDGE_CURVE('',#12171,#13369,#13372,.T.);
#13374=ORIENTED_EDGE('',*,*,#13373,.T.);
#13375=DIRECTION('',(-0.0654,-0.99786,0.));
#13376=VECTOR('',#13375,9.15644);
#13377=LINE('',#13346,#13376);
#13378=EDGE_CURVE('',#13347,#13369,#13377,.T.);
#13379=ORIENTED_EDGE('',*,*,#13378,.F.);
#13380=ORIENTED_EDGE('',*,*,#13351,.F.);
#13381=EDGE_LOOP('',(#13367,#13374,#13379,#13380));
#13382=FACE_OUTER_BOUND('',#13381,.T.);
#13383=CARTESIAN_POINT('',(160.68441,10.4421,-271.));
#13384=DIRECTION('',(0.,0.,1.));
#13385=DIRECTION('',(-0.0654,-0.99786,0.));
#13386=AXIS2_PLACEMENT_3D('',#13383,#13384,#13385);
#13387=PLANE('',#13386);
#13388=ADVANCED_FACE('',(#13382),#13387,.T.);
#13389=ORIENTED_EDGE('',*,*,#12208,.T.);
#13390=CARTESIAN_POINT('',(170.59886,-9.13683,-271.));
#13391=VERTEX_POINT('',#13390);
#13392=DIRECTION('',(0.99144,0.13053,0.));
#13393=VECTOR('',#13392,10.);
#13394=LINE('',#12198,#13393);
#13395=EDGE_CURVE('',#12199,#13391,#13394,.T.);
#13396=ORIENTED_EDGE('',*,*,#13395,.T.);
#13397=DIRECTION('',(0.0654,-0.99786,0.));
#13398=VECTOR('',#13397,9.15644);
#13399=LINE('',#13368,#13398);
#13400=EDGE_CURVE('',#13369,#13391,#13399,.T.);
#13401=ORIENTED_EDGE('',*,*,#13400,.F.);
#13402=ORIENTED_EDGE('',*,*,#13373,.F.);
#13403=EDGE_LOOP('',(#13389,#13396,#13401,#13402));
#13404=FACE_OUTER_BOUND('',#13403,.T.);
#13405=CARTESIAN_POINT('',(160.,0.,-271.));
#13406=DIRECTION('',(0.,0.,1.));
#13407=DIRECTION('',(0.0654,-0.99786,0.));
#13408=AXIS2_PLACEMENT_3D('',#13405,#13406,#13407);
#13409=PLANE('',#13408);
#13410=ADVANCED_FACE('',(#13404),#13409,.T.);
#13411=ORIENTED_EDGE('',*,*,#12236,.T.);
#13412=CARTESIAN_POINT('',(172.38519,-18.11733,-271.));
#13413=VERTEX_POINT('',#13412);
#13414=DIRECTION('',(0.96593,0.25882,0.));
#13415=VECTOR('',#13414,10.);
#13416=LINE('',#12226,#13415);
#13417=EDGE_CURVE('',#12227,#13413,#13416,.T.);
#13418=ORIENTED_EDGE('',*,*,#13417,.T.);
#13419=DIRECTION('',(0.19509,-0.98079,0.));
#13420=VECTOR('',#13419,9.15644);
#13421=LINE('',#13390,#13420);
#13422=EDGE_CURVE('',#13391,#13413,#13421,.T.);
#13423=ORIENTED_EDGE('',*,*,#13422,.F.);
#13424=ORIENTED_EDGE('',*,*,#13395,.F.);
#13425=EDGE_LOOP('',(#13411,#13418,#13423,#13424));
#13426=FACE_OUTER_BOUND('',#13425,.T.);
#13427=CARTESIAN_POINT('',(160.68441,-10.4421,-271.));
#13428=DIRECTION('',(0.,0.,1.));
#13429=DIRECTION('',(0.19509,-0.98079,0.));
#13430=AXIS2_PLACEMENT_3D('',#13427,#13428,#13429);
#13431=PLANE('',#13430);
#13432=ADVANCED_FACE('',(#13426),#13431,.T.);
#13433=ORIENTED_EDGE('',*,*,#12264,.T.);
#13434=CARTESIAN_POINT('',(175.32843,-26.78784,-271.));
#13435=VERTEX_POINT('',#13434);
#13436=DIRECTION('',(0.92388,0.38268,0.));
#13437=VECTOR('',#13436,10.);
#13438=LINE('',#12254,#13437);
#13439=EDGE_CURVE('',#12255,#13435,#13438,.T.);
#13440=ORIENTED_EDGE('',*,*,#13439,.T.);
#13441=DIRECTION('',(0.32144,-0.94693,0.));
#13442=VECTOR('',#13441,9.15644);
#13443=LINE('',#13412,#13442);
#13444=EDGE_CURVE('',#13413,#13435,#13443,.T.);
#13445=ORIENTED_EDGE('',*,*,#13444,.F.);
#13446=ORIENTED_EDGE('',*,*,#13417,.F.);
#13447=EDGE_LOOP('',(#13433,#13440,#13445,#13446));
#13448=FACE_OUTER_BOUND('',#13447,.T.);
#13449=CARTESIAN_POINT('',(162.72593,-20.70552,-271.));
#13450=DIRECTION('',(0.,0.,1.));
#13451=DIRECTION('',(0.32144,-0.94693,0.));
#13452=AXIS2_PLACEMENT_3D('',#13449,#13450,#13451);
#13453=PLANE('',#13452);
#13454=ADVANCED_FACE('',(#13448),#13453,.T.);
#13455=ORIENTED_EDGE('',*,*,#12292,.T.);
#13456=CARTESIAN_POINT('',(179.37822,-35.,-271.));
#13457=VERTEX_POINT('',#13456);
#13458=DIRECTION('',(0.86603,0.5,0.));
#13459=VECTOR('',#13458,10.);
#13460=LINE('',#12282,#13459);
#13461=EDGE_CURVE('',#12283,#13457,#13460,.T.);
#13462=ORIENTED_EDGE('',*,*,#13461,.T.);
#13463=DIRECTION('',(0.44229,-0.89687,0.));
#13464=VECTOR('',#13463,9.15644);
#13465=LINE('',#13434,#13464);
#13466=EDGE_CURVE('',#13435,#13457,#13465,.T.);
#13467=ORIENTED_EDGE('',*,*,#13466,.F.);
#13468=ORIENTED_EDGE('',*,*,#13439,.F.);
#13469=EDGE_LOOP('',(#13455,#13462,#13467,#13468));
#13470=FACE_OUTER_BOUND('',#13469,.T.);
#13471=CARTESIAN_POINT('',(166.08964,-30.61467,-271.));
#13472=DIRECTION('',(0.,0.,1.));
#13473=DIRECTION('',(0.44229,-0.89687,0.));
#13474=AXIS2_PLACEMENT_3D('',#13471,#13472,#13473);
#13475=PLANE('',#13474);
#13476=ADVANCED_FACE('',(#13470),#13475,.T.);
#13477=ORIENTED_EDGE('',*,*,#12320,.T.);
#13478=CARTESIAN_POINT('',(184.46527,-42.6133,-271.));
#13479=VERTEX_POINT('',#13478);
#13480=DIRECTION('',(0.79335,0.60876,0.));
#13481=VECTOR('',#13480,10.);
#13482=LINE('',#12310,#13481);
#13483=EDGE_CURVE('',#12311,#13479,#13482,.T.);
#13484=ORIENTED_EDGE('',*,*,#13483,.T.);
#13485=DIRECTION('',(0.55557,-0.83147,0.));
#13486=VECTOR('',#13485,9.15644);
#13487=LINE('',#13456,#13486);
#13488=EDGE_CURVE('',#13457,#13479,#13487,.T.);
#13489=ORIENTED_EDGE('',*,*,#13488,.F.);
#13490=ORIENTED_EDGE('',*,*,#13461,.F.);
#13491=EDGE_LOOP('',(#13477,#13484,#13489,#13490));
#13492=FACE_OUTER_BOUND('',#13491,.T.);
#13493=CARTESIAN_POINT('',(170.71797,-40.,-271.));
#13494=DIRECTION('',(0.,0.,1.));
#13495=DIRECTION('',(0.55557,-0.83147,0.));
#13496=AXIS2_PLACEMENT_3D('',#13493,#13494,#13495);
#13497=PLANE('',#13496);
#13498=ADVANCED_FACE('',(#13492),#13497,.T.);
#13499=ORIENTED_EDGE('',*,*,#12348,.T.);
#13500=CARTESIAN_POINT('',(190.50253,-49.49747,-271.));
#13501=VERTEX_POINT('',#13500);
#13502=DIRECTION('',(0.70711,0.70711,0.));
#13503=VECTOR('',#13502,10.);
#13504=LINE('',#12338,#13503);
#13505=EDGE_CURVE('',#12339,#13501,#13504,.T.);
#13506=ORIENTED_EDGE('',*,*,#13505,.T.);
#13507=DIRECTION('',(0.65935,-0.75184,0.));
#13508=VECTOR('',#13507,9.15644);
#13509=LINE('',#13478,#13508);
#13510=EDGE_CURVE('',#13479,#13501,#13509,.T.);
#13511=ORIENTED_EDGE('',*,*,#13510,.F.);
#13512=ORIENTED_EDGE('',*,*,#13483,.F.);
#13513=EDGE_LOOP('',(#13499,#13506,#13511,#13512));
#13514=FACE_OUTER_BOUND('',#13513,.T.);
#13515=CARTESIAN_POINT('',(176.53173,-48.70091,-271.));
#13516=DIRECTION('',(0.,0.,1.));
#13517=DIRECTION('',(0.65935,-0.75184,0.));
#13518=AXIS2_PLACEMENT_3D('',#13515,#13516,#13517);
#13519=PLANE('',#13518);
#13520=ADVANCED_FACE('',(#13514),#13519,.T.);
#13521=ORIENTED_EDGE('',*,*,#12376,.T.);
#13522=CARTESIAN_POINT('',(197.3867,-55.53473,-271.));
#13523=VERTEX_POINT('',#13522);
#13524=DIRECTION('',(0.60876,0.79335,0.));
#13525=VECTOR('',#13524,10.);
#13526=LINE('',#12366,#13525);
#13527=EDGE_CURVE('',#12367,#13523,#13526,.T.);
#13528=ORIENTED_EDGE('',*,*,#13527,.T.);
#13529=DIRECTION('',(0.75184,-0.65935,0.));
#13530=VECTOR('',#13529,9.15644);
#13531=LINE('',#13500,#13530);
#13532=EDGE_CURVE('',#13501,#13523,#13531,.T.);
#13533=ORIENTED_EDGE('',*,*,#13532,.F.);
#13534=ORIENTED_EDGE('',*,*,#13505,.F.);
#13535=EDGE_LOOP('',(#13521,#13528,#13533,#13534));
#13536=FACE_OUTER_BOUND('',#13535,.T.);
#13537=CARTESIAN_POINT('',(183.43146,-56.56854,-271.));
#13538=DIRECTION('',(0.,0.,1.));
#13539=DIRECTION('',(0.75184,-0.65935,0.));
#13540=AXIS2_PLACEMENT_3D('',#13537,#13538,#13539);
#13541=PLANE('',#13540);
#13542=ADVANCED_FACE('',(#13536),#13541,.T.);
#13543=ORIENTED_EDGE('',*,*,#12404,.T.);
#13544=CARTESIAN_POINT('',(205.,-60.62178,-271.));
#13545=VERTEX_POINT('',#13544);
#13546=DIRECTION('',(0.5,0.86603,0.));
#13547=VECTOR('',#13546,10.);
#13548=LINE('',#12394,#13547);
#13549=EDGE_CURVE('',#12395,#13545,#13548,.T.);
#13550=ORIENTED_EDGE('',*,*,#13549,.T.);
#13551=DIRECTION('',(0.83147,-0.55557,0.));
#13552=VECTOR('',#13551,9.15644);
#13553=LINE('',#13522,#13552);
#13554=EDGE_CURVE('',#13523,#13545,#13553,.T.);
#13555=ORIENTED_EDGE('',*,*,#13554,.F.);
#13556=ORIENTED_EDGE('',*,*,#13527,.F.);
#13557=EDGE_LOOP('',(#13543,#13550,#13555,#13556));
#13558=FACE_OUTER_BOUND('',#13557,.T.);
#13559=CARTESIAN_POINT('',(191.29909,-63.46827,-271.));
#13560=DIRECTION('',(0.,0.,1.));
#13561=DIRECTION('',(0.83147,-0.55557,0.));
#13562=AXIS2_PLACEMENT_3D('',#13559,#13560,#13561);
#13563=PLANE('',#13562);
#13564=ADVANCED_FACE('',(#13558),#13563,.T.);
#13565=ORIENTED_EDGE('',*,*,#12432,.T.);
#13566=CARTESIAN_POINT('',(213.21216,-64.67157,-271.));
#13567=VERTEX_POINT('',#13566);
#13568=DIRECTION('',(0.38268,0.92388,0.));
#13569=VECTOR('',#13568,10.);
#13570=LINE('',#12422,#13569);
#13571=EDGE_CURVE('',#12423,#13567,#13570,.T.);
#13572=ORIENTED_EDGE('',*,*,#13571,.T.);
#13573=DIRECTION('',(0.89687,-0.44229,0.));
#13574=VECTOR('',#13573,9.15644);
#13575=LINE('',#13544,#13574);
#13576=EDGE_CURVE('',#13545,#13567,#13575,.T.);
#13577=ORIENTED_EDGE('',*,*,#13576,.F.);
#13578=ORIENTED_EDGE('',*,*,#13549,.F.);
#13579=EDGE_LOOP('',(#13565,#13572,#13577,#13578));
#13580=FACE_OUTER_BOUND('',#13579,.T.);
#13581=CARTESIAN_POINT('',(200.,-69.28203,-271.));
#13582=DIRECTION('',(0.,0.,1.));
#13583=DIRECTION('',(0.89687,-0.44229,0.));
#13584=AXIS2_PLACEMENT_3D('',#13581,#13582,#13583);
#13585=PLANE('',#13584);
#13586=ADVANCED_FACE('',(#13580),#13585,.T.);
#13587=ORIENTED_EDGE('',*,*,#12460,.T.);
#13588=CARTESIAN_POINT('',(221.88267,-67.61481,-271.));
#13589=VERTEX_POINT('',#13588);
#13590=DIRECTION('',(0.25882,0.96593,0.));
#13591=VECTOR('',#13590,10.);
#13592=LINE('',#12450,#13591);
#13593=EDGE_CURVE('',#12451,#13589,#13592,.T.);
#13594=ORIENTED_EDGE('',*,*,#13593,.T.);
#13595=DIRECTION('',(0.94693,-0.32144,0.));
#13596=VECTOR('',#13595,9.15644);
#13597=LINE('',#13566,#13596);
#13598=EDGE_CURVE('',#13567,#13589,#13597,.T.);
#13599=ORIENTED_EDGE('',*,*,#13598,.F.);
#13600=ORIENTED_EDGE('',*,*,#13571,.F.);
#13601=EDGE_LOOP('',(#13587,#13594,#13599,#13600));
#13602=FACE_OUTER_BOUND('',#13601,.T.);
#13603=CARTESIAN_POINT('',(209.38533,-73.91036,-271.));
#13604=DIRECTION('',(0.,0.,1.));
#13605=DIRECTION('',(0.94693,-0.32144,0.));
#13606=AXIS2_PLACEMENT_3D('',#13603,#13604,#13605);
#13607=PLANE('',#13606);
#13608=ADVANCED_FACE('',(#13602),#13607,.T.);
#13609=ORIENTED_EDGE('',*,*,#12488,.T.);
#13610=CARTESIAN_POINT('',(230.86317,-69.40114,-271.));
#13611=VERTEX_POINT('',#13610);
#13612=DIRECTION('',(0.13053,0.99144,0.));
#13613=VECTOR('',#13612,10.);
#13614=LINE('',#12478,#13613);
#13615=EDGE_CURVE('',#12479,#13611,#13614,.T.);
#13616=ORIENTED_EDGE('',*,*,#13615,.T.);
#13617=DIRECTION('',(0.98079,-0.19509,0.));
#13618=VECTOR('',#13617,9.15644);
#13619=LINE('',#13588,#13618);
#13620=EDGE_CURVE('',#13589,#13611,#13619,.T.);
#13621=ORIENTED_EDGE('',*,*,#13620,.F.);
#13622=ORIENTED_EDGE('',*,*,#13593,.F.);
#13623=EDGE_LOOP('',(#13609,#13616,#13621,#13622));
#13624=FACE_OUTER_BOUND('',#13623,.T.);
#13625=CARTESIAN_POINT('',(219.29448,-77.27407,-271.));
#13626=DIRECTION('',(0.,0.,1.));
#13627=DIRECTION('',(0.98079,-0.19509,0.));
#13628=AXIS2_PLACEMENT_3D('',#13625,#13626,#13627);
#13629=PLANE('',#13628);
#13630=ADVANCED_FACE('',(#13624),#13629,.T.);
#13631=ORIENTED_EDGE('',*,*,#12516,.T.);
#13632=CARTESIAN_POINT('',(240.,-70.,-271.));
#13633=VERTEX_POINT('',#13632);
#13634=DIRECTION('',(0.,1.,0.));
#13635=VECTOR('',#13634,10.);
#13636=LINE('',#12506,#13635);
#13637=EDGE_CURVE('',#12507,#13633,#13636,.T.);
#13638=ORIENTED_EDGE('',*,*,#13637,.T.);
#13639=DIRECTION('',(0.99786,-0.0654,0.));
#13640=VECTOR('',#13639,9.15644);
#13641=LINE('',#13610,#13640);
#13642=EDGE_CURVE('',#13611,#13633,#13641,.T.);
#13643=ORIENTED_EDGE('',*,*,#13642,.F.);
#13644=ORIENTED_EDGE('',*,*,#13615,.F.);
#13645=EDGE_LOOP('',(#13631,#13638,#13643,#13644));
#13646=FACE_OUTER_BOUND('',#13645,.T.);
#13647=CARTESIAN_POINT('',(229.5579,-79.31559,-271.));
#13648=DIRECTION('',(0.,0.,1.));
#13649=DIRECTION('',(0.99786,-0.0654,0.));
#13650=AXIS2_PLACEMENT_3D('',#13647,#13648,#13649);
#13651=PLANE('',#13650);
#13652=ADVANCED_FACE('',(#13646),#13651,.T.);
#13653=ORIENTED_EDGE('',*,*,#12544,.T.);
#13654=CARTESIAN_POINT('',(249.13683,-69.40114,-271.));
#13655=VERTEX_POINT('',#13654);
#13656=DIRECTION('',(-0.13053,0.99144,0.));
#13657=VECTOR('',#13656,10.);
#13658=LINE('',#12534,#13657);
#13659=EDGE_CURVE('',#12535,#13655,#13658,.T.);
#13660=ORIENTED_EDGE('',*,*,#13659,.T.);
#13661=DIRECTION('',(0.99786,0.0654,0.));
#13662=VECTOR('',#13661,9.15644);
#13663=LINE('',#13632,#13662);
#13664=EDGE_CURVE('',#13633,#13655,#13663,.T.);
#13665=ORIENTED_EDGE('',*,*,#13664,.F.);
#13666=ORIENTED_EDGE('',*,*,#13637,.F.);
#13667=EDGE_LOOP('',(#13653,#13660,#13665,#13666));
#13668=FACE_OUTER_BOUND('',#13667,.T.);
#13669=CARTESIAN_POINT('',(240.,-80.,-271.));
#13670=DIRECTION('',(0.,0.,1.));
#13671=DIRECTION('',(0.99786,0.0654,0.));
#13672=AXIS2_PLACEMENT_3D('',#13669,#13670,#13671);
#13673=PLANE('',#13672);
#13674=ADVANCED_FACE('',(#13668),#13673,.T.);
#13675=ORIENTED_EDGE('',*,*,#12572,.T.);
#13676=CARTESIAN_POINT('',(258.11733,-67.61481,-271.));
#13677=VERTEX_POINT('',#13676);
#13678=DIRECTION('',(-0.25882,0.96593,0.));
#13679=VECTOR('',#13678,10.);
#13680=LINE('',#12562,#13679);
#13681=EDGE_CURVE('',#12563,#13677,#13680,.T.);
#13682=ORIENTED_EDGE('',*,*,#13681,.T.);
#13683=DIRECTION('',(0.98079,0.19509,0.));
#13684=VECTOR('',#13683,9.15644);
#13685=LINE('',#13654,#13684);
#13686=EDGE_CURVE('',#13655,#13677,#13685,.T.);
#13687=ORIENTED_EDGE('',*,*,#13686,.F.);
#13688=ORIENTED_EDGE('',*,*,#13659,.F.);
#13689=EDGE_LOOP('',(#13675,#13682,#13687,#13688));
#13690=FACE_OUTER_BOUND('',#13689,.T.);
#13691=CARTESIAN_POINT('',(250.4421,-79.31559,-271.));
#13692=DIRECTION('',(0.,0.,1.));
#13693=DIRECTION('',(0.98079,0.19509,0.));
#13694=AXIS2_PLACEMENT_3D('',#13691,#13692,#13693);
#13695=PLANE('',#13694);
#13696=ADVANCED_FACE('',(#13690),#13695,.T.);
#13697=ORIENTED_EDGE('',*,*,#12600,.T.);
#13698=CARTESIAN_POINT('',(266.78784,-64.67157,-271.));
#13699=VERTEX_POINT('',#13698);
#13700=DIRECTION('',(-0.38268,0.92388,0.));
#13701=VECTOR('',#13700,10.);
#13702=LINE('',#12590,#13701);
#13703=EDGE_CURVE('',#12591,#13699,#13702,.T.);
#13704=ORIENTED_EDGE('',*,*,#13703,.T.);
#13705=DIRECTION('',(0.94693,0.32144,0.));
#13706=VECTOR('',#13705,9.15644);
#13707=LINE('',#13676,#13706);
#13708=EDGE_CURVE('',#13677,#13699,#13707,.T.);
#13709=ORIENTED_EDGE('',*,*,#13708,.F.);
#13710=ORIENTED_EDGE('',*,*,#13681,.F.);
#13711=EDGE_LOOP('',(#13697,#13704,#13709,#13710));
#13712=FACE_OUTER_BOUND('',#13711,.T.);
#13713=CARTESIAN_POINT('',(260.70552,-77.27407,-271.));
#13714=DIRECTION('',(0.,0.,1.));
#13715=DIRECTION('',(0.94693,0.32144,0.));
#13716=AXIS2_PLACEMENT_3D('',#13713,#13714,#13715);
#13717=PLANE('',#13716);
#13718=ADVANCED_FACE('',(#13712),#13717,.T.);
#13719=ORIENTED_EDGE('',*,*,#12628,.T.);
#13720=CARTESIAN_POINT('',(275.,-60.62178,-271.));
#13721=VERTEX_POINT('',#13720);
#13722=DIRECTION('',(-0.5,0.86603,0.));
#13723=VECTOR('',#13722,10.);
#13724=LINE('',#12618,#13723);
#13725=EDGE_CURVE('',#12619,#13721,#13724,.T.);
#13726=ORIENTED_EDGE('',*,*,#13725,.T.);
#13727=DIRECTION('',(0.89687,0.44229,0.));
#13728=VECTOR('',#13727,9.15644);
#13729=LINE('',#13698,#13728);
#13730=EDGE_CURVE('',#13699,#13721,#13729,.T.);
#13731=ORIENTED_EDGE('',*,*,#13730,.F.);
#13732=ORIENTED_EDGE('',*,*,#13703,.F.);
#13733=EDGE_LOOP('',(#13719,#13726,#13731,#13732));
#13734=FACE_OUTER_BOUND('',#13733,.T.);
#13735=CARTESIAN_POINT('',(270.61467,-73.91036,-271.));
#13736=DIRECTION('',(0.,0.,1.));
#13737=DIRECTION('',(0.89687,0.44229,0.));
#13738=AXIS2_PLACEMENT_3D('',#13735,#13736,#13737);
#13739=PLANE('',#13738);
#13740=ADVANCED_FACE('',(#13734),#13739,.T.);
#13741=ORIENTED_EDGE('',*,*,#12656,.T.);
#13742=CARTESIAN_POINT('',(282.6133,-55.53473,-271.));
#13743=VERTEX_POINT('',#13742);
#13744=DIRECTION('',(-0.60876,0.79335,0.));
#13745=VECTOR('',#13744,10.);
#13746=LINE('',#12646,#13745);
#13747=EDGE_CURVE('',#12647,#13743,#13746,.T.);
#13748=ORIENTED_EDGE('',*,*,#13747,.T.);
#13749=DIRECTION('',(0.83147,0.55557,0.));
#13750=VECTOR('',#13749,9.15644);
#13751=LINE('',#13720,#13750);
#13752=EDGE_CURVE('',#13721,#13743,#13751,.T.);
#13753=ORIENTED_EDGE('',*,*,#13752,.F.);
#13754=ORIENTED_EDGE('',*,*,#13725,.F.);
#13755=EDGE_LOOP('',(#13741,#13748,#13753,#13754));
#13756=FACE_OUTER_BOUND('',#13755,.T.);
#13757=CARTESIAN_POINT('',(280.,-69.28203,-271.));
#13758=DIRECTION('',(0.,0.,1.));
#13759=DIRECTION('',(0.83147,0.55557,0.));
#13760=AXIS2_PLACEMENT_3D('',#13757,#13758,#13759);
#13761=PLANE('',#13760);
#13762=ADVANCED_FACE('',(#13756),#13761,.T.);
#13763=ORIENTED_EDGE('',*,*,#12684,.T.);
#13764=CARTESIAN_POINT('',(289.49747,-49.49747,-271.));
#13765=VERTEX_POINT('',#13764);
#13766=DIRECTION('',(-0.70711,0.70711,0.));
#13767=VECTOR('',#13766,10.);
#13768=LINE('',#12674,#13767);
#13769=EDGE_CURVE('',#12675,#13765,#13768,.T.);
#13770=ORIENTED_EDGE('',*,*,#13769,.T.);
#13771=DIRECTION('',(0.75184,0.65935,0.));
#13772=VECTOR('',#13771,9.15644);
#13773=LINE('',#13742,#13772);
#13774=EDGE_CURVE('',#13743,#13765,#13773,.T.);
#13775=ORIENTED_EDGE('',*,*,#13774,.F.);
#13776=ORIENTED_EDGE('',*,*,#13747,.F.);
#13777=EDGE_LOOP('',(#13763,#13770,#13775,#13776));
#13778=FACE_OUTER_BOUND('',#13777,.T.);
#13779=CARTESIAN_POINT('',(288.70091,-63.46827,-271.));
#13780=DIRECTION('',(0.,0.,1.));
#13781=DIRECTION('',(0.75184,0.65935,0.));
#13782=AXIS2_PLACEMENT_3D('',#13779,#13780,#13781);
#13783=PLANE('',#13782);
#13784=ADVANCED_FACE('',(#13778),#13783,.T.);
#13785=ORIENTED_EDGE('',*,*,#12712,.T.);
#13786=CARTESIAN_POINT('',(295.53473,-42.6133,-271.));
#13787=VERTEX_POINT('',#13786);
#13788=DIRECTION('',(-0.79335,0.60876,0.));
#13789=VECTOR('',#13788,10.);
#13790=LINE('',#12702,#13789);
#13791=EDGE_CURVE('',#12703,#13787,#13790,.T.);
#13792=ORIENTED_EDGE('',*,*,#13791,.T.);
#13793=DIRECTION('',(0.65935,0.75184,0.));
#13794=VECTOR('',#13793,9.15644);
#13795=LINE('',#13764,#13794);
#13796=EDGE_CURVE('',#13765,#13787,#13795,.T.);
#13797=ORIENTED_EDGE('',*,*,#13796,.F.);
#13798=ORIENTED_EDGE('',*,*,#13769,.F.);
#13799=EDGE_LOOP('',(#13785,#13792,#13797,#13798));
#13800=FACE_OUTER_BOUND('',#13799,.T.);
#13801=CARTESIAN_POINT('',(296.56854,-56.56854,-271.));
#13802=DIRECTION('',(0.,0.,1.));
#13803=DIRECTION('',(0.65935,0.75184,0.));
#13804=AXIS2_PLACEMENT_3D('',#13801,#13802,#13803);
#13805=PLANE('',#13804);
#13806=ADVANCED_FACE('',(#13800),#13805,.T.);
#13807=ORIENTED_EDGE('',*,*,#12740,.T.);
#13808=CARTESIAN_POINT('',(300.62178,-35.,-271.));
#13809=VERTEX_POINT('',#13808);
#13810=DIRECTION('',(-0.86603,0.5,0.));
#13811=VECTOR('',#13810,10.);
#13812=LINE('',#12730,#13811);
#13813=EDGE_CURVE('',#12731,#13809,#13812,.T.);
#13814=ORIENTED_EDGE('',*,*,#13813,.T.);
#13815=DIRECTION('',(0.55557,0.83147,0.));
#13816=VECTOR('',#13815,9.15644);
#13817=LINE('',#13786,#13816);
#13818=EDGE_CURVE('',#13787,#13809,#13817,.T.);
#13819=ORIENTED_EDGE('',*,*,#13818,.F.);
#13820=ORIENTED_EDGE('',*,*,#13791,.F.);
#13821=EDGE_LOOP('',(#13807,#13814,#13819,#13820));
#13822=FACE_OUTER_BOUND('',#13821,.T.);
#13823=CARTESIAN_POINT('',(303.46827,-48.70091,-271.));
#13824=DIRECTION('',(0.,0.,1.));
#13825=DIRECTION('',(0.55557,0.83147,0.));
#13826=AXIS2_PLACEMENT_3D('',#13823,#13824,#13825);
#13827=PLANE('',#13826);
#13828=ADVANCED_FACE('',(#13822),#13827,.T.);
#13829=ORIENTED_EDGE('',*,*,#12768,.T.);
#13830=CARTESIAN_POINT('',(304.67157,-26.78784,-271.));
#13831=VERTEX_POINT('',#13830);
#13832=DIRECTION('',(-0.92388,0.38268,0.));
#13833=VECTOR('',#13832,10.);
#13834=LINE('',#12758,#13833);
#13835=EDGE_CURVE('',#12759,#13831,#13834,.T.);
#13836=ORIENTED_EDGE('',*,*,#13835,.T.);
#13837=DIRECTION('',(0.44229,0.89687,0.));
#13838=VECTOR('',#13837,9.15644);
#13839=LINE('',#13808,#13838);
#13840=EDGE_CURVE('',#13809,#13831,#13839,.T.);
#13841=ORIENTED_EDGE('',*,*,#13840,.F.);
#13842=ORIENTED_EDGE('',*,*,#13813,.F.);
#13843=EDGE_LOOP('',(#13829,#13836,#13841,#13842));
#13844=FACE_OUTER_BOUND('',#13843,.T.);
#13845=CARTESIAN_POINT('',(309.28203,-40.,-271.));
#13846=DIRECTION('',(0.,0.,1.));
#13847=DIRECTION('',(0.44229,0.89687,0.));
#13848=AXIS2_PLACEMENT_3D('',#13845,#13846,#13847);
#13849=PLANE('',#13848);
#13850=ADVANCED_FACE('',(#13844),#13849,.T.);
#13851=ORIENTED_EDGE('',*,*,#12796,.T.);
#13852=CARTESIAN_POINT('',(307.61481,-18.11733,-271.));
#13853=VERTEX_POINT('',#13852);
#13854=DIRECTION('',(-0.96593,0.25882,0.));
#13855=VECTOR('',#13854,10.);
#13856=LINE('',#12786,#13855);
#13857=EDGE_CURVE('',#12787,#13853,#13856,.T.);
#13858=ORIENTED_EDGE('',*,*,#13857,.T.);
#13859=DIRECTION('',(0.32144,0.94693,0.));
#13860=VECTOR('',#13859,9.15644);
#13861=LINE('',#13830,#13860);
#13862=EDGE_CURVE('',#13831,#13853,#13861,.T.);
#13863=ORIENTED_EDGE('',*,*,#13862,.F.);
#13864=ORIENTED_EDGE('',*,*,#13835,.F.);
#13865=EDGE_LOOP('',(#13851,#13858,#13863,#13864));
#13866=FACE_OUTER_BOUND('',#13865,.T.);
#13867=CARTESIAN_POINT('',(313.91036,-30.61467,-271.));
#13868=DIRECTION('',(0.,0.,1.));
#13869=DIRECTION('',(0.32144,0.94693,0.));
#13870=AXIS2_PLACEMENT_3D('',#13867,#13868,#13869);
#13871=PLANE('',#13870);
#13872=ADVANCED_FACE('',(#13866),#13871,.T.);
#13873=ORIENTED_EDGE('',*,*,#12824,.T.);
#13874=CARTESIAN_POINT('',(309.40114,-9.13683,-271.));
#13875=VERTEX_POINT('',#13874);
#13876=DIRECTION('',(-0.99144,0.13053,0.));
#13877=VECTOR('',#13876,10.);
#13878=LINE('',#12814,#13877);
#13879=EDGE_CURVE('',#12815,#13875,#13878,.T.);
#13880=ORIENTED_EDGE('',*,*,#13879,.T.);
#13881=DIRECTION('',(0.19509,0.98079,0.));
#13882=VECTOR('',#13881,9.15644);
#13883=LINE('',#13852,#13882);
#13884=EDGE_CURVE('',#13853,#13875,#13883,.T.);
#13885=ORIENTED_EDGE('',*,*,#13884,.F.);
#13886=ORIENTED_EDGE('',*,*,#13857,.F.);
#13887=EDGE_LOOP('',(#13873,#13880,#13885,#13886));
#13888=FACE_OUTER_BOUND('',#13887,.T.);
#13889=CARTESIAN_POINT('',(317.27407,-20.70552,-271.));
#13890=DIRECTION('',(0.,0.,1.));
#13891=DIRECTION('',(0.19509,0.98079,0.));
#13892=AXIS2_PLACEMENT_3D('',#13889,#13890,#13891);
#13893=PLANE('',#13892);
#13894=ADVANCED_FACE('',(#13888),#13893,.T.);
#13895=ORIENTED_EDGE('',*,*,#12844,.F.);
#13896=ORIENTED_EDGE('',*,*,#12873,.T.);
#13897=DIRECTION('',(-0.0654,-0.99786,0.));
#13898=VECTOR('',#13897,9.15644);
#13899=LINE('',#12863,#13898);
#13900=EDGE_CURVE('',#12864,#13875,#13899,.T.);
#13901=ORIENTED_EDGE('',*,*,#13900,.T.);
#13902=ORIENTED_EDGE('',*,*,#13879,.F.);
#13903=EDGE_LOOP('',(#13895,#13896,#13901,#13902));
#13904=FACE_OUTER_BOUND('',#13903,.T.);
#13905=CARTESIAN_POINT('',(319.31559,-10.4421,-271.));
#13906=DIRECTION('',(0.,0.,1.));
#13907=DIRECTION('',(0.0654,0.99786,0.));
#13908=AXIS2_PLACEMENT_3D('',#13905,#13906,#13907);
#13909=PLANE('',#13908);
#13910=ADVANCED_FACE('',(#13904),#13909,.T.);
#13911=ORIENTED_EDGE('',*,*,#12868,.T.);
#13912=CARTESIAN_POINT('',(309.40114,9.13683,-275.));
#13913=VERTEX_POINT('',#13912);
#13914=DIRECTION('',(0.,0.,-1.));
#13915=VECTOR('',#13914,4.);
#13916=LINE('',#12856,#13915);
#13917=EDGE_CURVE('',#12857,#13913,#13916,.T.);
#13918=ORIENTED_EDGE('',*,*,#13917,.T.);
#13919=CARTESIAN_POINT('',(310.,0.,-275.));
#13920=VERTEX_POINT('',#13919);
#13921=DIRECTION('',(-0.0654,0.99786,0.));
#13922=VECTOR('',#13921,9.15644);
#13923=LINE('',#13919,#13922);
#13924=EDGE_CURVE('',#13920,#13913,#13923,.T.);
#13925=ORIENTED_EDGE('',*,*,#13924,.F.);
#13926=DIRECTION('',(0.,0.,-1.));
#13927=VECTOR('',#13926,4.);
#13928=LINE('',#12863,#13927);
#13929=EDGE_CURVE('',#12864,#13920,#13928,.T.);
#13930=ORIENTED_EDGE('',*,*,#13929,.F.);
#13931=EDGE_LOOP('',(#13911,#13918,#13925,#13930));
#13932=FACE_OUTER_BOUND('',#13931,.T.);
#13933=CARTESIAN_POINT('',(310.,0.,-271.));
#13934=DIRECTION('',(-0.99786,-0.0654,0.));
#13935=DIRECTION('',(-0.0654,0.99786,0.));
#13936=AXIS2_PLACEMENT_3D('',#13933,#13934,#13935);
#13937=PLANE('',#13936);
#13938=ADVANCED_FACE('',(#13932),#13937,.T.);
#13939=ORIENTED_EDGE('',*,*,#12894,.T.);
#13940=CARTESIAN_POINT('',(307.61481,18.11733,-275.));
#13941=VERTEX_POINT('',#13940);
#13942=DIRECTION('',(0.,0.,-1.));
#13943=VECTOR('',#13942,4.);
#13944=LINE('',#12884,#13943);
#13945=EDGE_CURVE('',#12885,#13941,#13944,.T.);
#13946=ORIENTED_EDGE('',*,*,#13945,.T.);
#13947=DIRECTION('',(-0.19509,0.98079,0.));
#13948=VECTOR('',#13947,9.15644);
#13949=LINE('',#13912,#13948);
#13950=EDGE_CURVE('',#13913,#13941,#13949,.T.);
#13951=ORIENTED_EDGE('',*,*,#13950,.F.);
#13952=ORIENTED_EDGE('',*,*,#13917,.F.);
#13953=EDGE_LOOP('',(#13939,#13946,#13951,#13952));
#13954=FACE_OUTER_BOUND('',#13953,.T.);
#13955=CARTESIAN_POINT('',(309.40114,9.13683,-271.));
#13956=DIRECTION('',(-0.98079,-0.19509,0.));
#13957=DIRECTION('',(-0.19509,0.98079,0.));
#13958=AXIS2_PLACEMENT_3D('',#13955,#13956,#13957);
#13959=PLANE('',#13958);
#13960=ADVANCED_FACE('',(#13954),#13959,.T.);
#13961=ORIENTED_EDGE('',*,*,#12916,.T.);
#13962=CARTESIAN_POINT('',(304.67157,26.78784,-275.));
#13963=VERTEX_POINT('',#13962);
#13964=DIRECTION('',(0.,0.,-1.));
#13965=VECTOR('',#13964,4.);
#13966=LINE('',#12906,#13965);
#13967=EDGE_CURVE('',#12907,#13963,#13966,.T.);
#13968=ORIENTED_EDGE('',*,*,#13967,.T.);
#13969=DIRECTION('',(-0.32144,0.94693,0.));
#13970=VECTOR('',#13969,9.15644);
#13971=LINE('',#13940,#13970);
#13972=EDGE_CURVE('',#13941,#13963,#13971,.T.);
#13973=ORIENTED_EDGE('',*,*,#13972,.F.);
#13974=ORIENTED_EDGE('',*,*,#13945,.F.);
#13975=EDGE_LOOP('',(#13961,#13968,#13973,#13974));
#13976=FACE_OUTER_BOUND('',#13975,.T.);
#13977=CARTESIAN_POINT('',(307.61481,18.11733,-271.));
#13978=DIRECTION('',(-0.94693,-0.32144,0.));
#13979=DIRECTION('',(-0.32144,0.94693,0.));
#13980=AXIS2_PLACEMENT_3D('',#13977,#13978,#13979);
#13981=PLANE('',#13980);
#13982=ADVANCED_FACE('',(#13976),#13981,.T.);
#13983=ORIENTED_EDGE('',*,*,#12938,.T.);
#13984=CARTESIAN_POINT('',(300.62178,35.,-275.));
#13985=VERTEX_POINT('',#13984);
#13986=DIRECTION('',(0.,0.,-1.));
#13987=VECTOR('',#13986,4.);
#13988=LINE('',#12928,#13987);
#13989=EDGE_CURVE('',#12929,#13985,#13988,.T.);
#13990=ORIENTED_EDGE('',*,*,#13989,.T.);
#13991=DIRECTION('',(-0.44229,0.89687,0.));
#13992=VECTOR('',#13991,9.15644);
#13993=LINE('',#13962,#13992);
#13994=EDGE_CURVE('',#13963,#13985,#13993,.T.);
#13995=ORIENTED_EDGE('',*,*,#13994,.F.);
#13996=ORIENTED_EDGE('',*,*,#13967,.F.);
#13997=EDGE_LOOP('',(#13983,#13990,#13995,#13996));
#13998=FACE_OUTER_BOUND('',#13997,.T.);
#13999=CARTESIAN_POINT('',(304.67157,26.78784,-271.));
#14000=DIRECTION('',(-0.89687,-0.44229,0.));
#14001=DIRECTION('',(-0.44229,0.89687,0.));
#14002=AXIS2_PLACEMENT_3D('',#13999,#14000,#14001);
#14003=PLANE('',#14002);
#14004=ADVANCED_FACE('',(#13998),#14003,.T.);
#14005=ORIENTED_EDGE('',*,*,#12960,.T.);
#14006=CARTESIAN_POINT('',(295.53473,42.6133,-275.));
#14007=VERTEX_POINT('',#14006);
#14008=DIRECTION('',(0.,0.,-1.));
#14009=VECTOR('',#14008,4.);
#14010=LINE('',#12950,#14009);
#14011=EDGE_CURVE('',#12951,#14007,#14010,.T.);
#14012=ORIENTED_EDGE('',*,*,#14011,.T.);
#14013=DIRECTION('',(-0.55557,0.83147,0.));
#14014=VECTOR('',#14013,9.15644);
#14015=LINE('',#13984,#14014);
#14016=EDGE_CURVE('',#13985,#14007,#14015,.T.);
#14017=ORIENTED_EDGE('',*,*,#14016,.F.);
#14018=ORIENTED_EDGE('',*,*,#13989,.F.);
#14019=EDGE_LOOP('',(#14005,#14012,#14017,#14018));
#14020=FACE_OUTER_BOUND('',#14019,.T.);
#14021=CARTESIAN_POINT('',(300.62178,35.,-271.));
#14022=DIRECTION('',(-0.83147,-0.55557,0.));
#14023=DIRECTION('',(-0.55557,0.83147,0.));
#14024=AXIS2_PLACEMENT_3D('',#14021,#14022,#14023);
#14025=PLANE('',#14024);
#14026=ADVANCED_FACE('',(#14020),#14025,.T.);
#14027=ORIENTED_EDGE('',*,*,#12982,.T.);
#14028=CARTESIAN_POINT('',(289.49747,49.49747,-275.));
#14029=VERTEX_POINT('',#14028);
#14030=DIRECTION('',(0.,0.,-1.));
#14031=VECTOR('',#14030,4.);
#14032=LINE('',#12972,#14031);
#14033=EDGE_CURVE('',#12973,#14029,#14032,.T.);
#14034=ORIENTED_EDGE('',*,*,#14033,.T.);
#14035=DIRECTION('',(-0.65935,0.75184,0.));
#14036=VECTOR('',#14035,9.15644);
#14037=LINE('',#14006,#14036);
#14038=EDGE_CURVE('',#14007,#14029,#14037,.T.);
#14039=ORIENTED_EDGE('',*,*,#14038,.F.);
#14040=ORIENTED_EDGE('',*,*,#14011,.F.);
#14041=EDGE_LOOP('',(#14027,#14034,#14039,#14040));
#14042=FACE_OUTER_BOUND('',#14041,.T.);
#14043=CARTESIAN_POINT('',(295.53473,42.6133,-271.));
#14044=DIRECTION('',(-0.75184,-0.65935,0.));
#14045=DIRECTION('',(-0.65935,0.75184,0.));
#14046=AXIS2_PLACEMENT_3D('',#14043,#14044,#14045);
#14047=PLANE('',#14046);
#14048=ADVANCED_FACE('',(#14042),#14047,.T.);
#14049=ORIENTED_EDGE('',*,*,#13004,.T.);
#14050=CARTESIAN_POINT('',(282.6133,55.53473,-275.));
#14051=VERTEX_POINT('',#14050);
#14052=DIRECTION('',(0.,0.,-1.));
#14053=VECTOR('',#14052,4.);
#14054=LINE('',#12994,#14053);
#14055=EDGE_CURVE('',#12995,#14051,#14054,.T.);
#14056=ORIENTED_EDGE('',*,*,#14055,.T.);
#14057=DIRECTION('',(-0.75184,0.65935,0.));
#14058=VECTOR('',#14057,9.15644);
#14059=LINE('',#14028,#14058);
#14060=EDGE_CURVE('',#14029,#14051,#14059,.T.);
#14061=ORIENTED_EDGE('',*,*,#14060,.F.);
#14062=ORIENTED_EDGE('',*,*,#14033,.F.);
#14063=EDGE_LOOP('',(#14049,#14056,#14061,#14062));
#14064=FACE_OUTER_BOUND('',#14063,.T.);
#14065=CARTESIAN_POINT('',(289.49747,49.49747,-271.));
#14066=DIRECTION('',(-0.65935,-0.75184,0.));
#14067=DIRECTION('',(-0.75184,0.65935,0.));
#14068=AXIS2_PLACEMENT_3D('',#14065,#14066,#14067);
#14069=PLANE('',#14068);
#14070=ADVANCED_FACE('',(#14064),#14069,.T.);
#14071=ORIENTED_EDGE('',*,*,#13026,.T.);
#14072=CARTESIAN_POINT('',(275.,60.62178,-275.));
#14073=VERTEX_POINT('',#14072);
#14074=DIRECTION('',(0.,0.,-1.));
#14075=VECTOR('',#14074,4.);
#14076=LINE('',#13016,#14075);
#14077=EDGE_CURVE('',#13017,#14073,#14076,.T.);
#14078=ORIENTED_EDGE('',*,*,#14077,.T.);
#14079=DIRECTION('',(-0.83147,0.55557,0.));
#14080=VECTOR('',#14079,9.15644);
#14081=LINE('',#14050,#14080);
#14082=EDGE_CURVE('',#14051,#14073,#14081,.T.);
#14083=ORIENTED_EDGE('',*,*,#14082,.F.);
#14084=ORIENTED_EDGE('',*,*,#14055,.F.);
#14085=EDGE_LOOP('',(#14071,#14078,#14083,#14084));
#14086=FACE_OUTER_BOUND('',#14085,.T.);
#14087=CARTESIAN_POINT('',(282.6133,55.53473,-271.));
#14088=DIRECTION('',(-0.55557,-0.83147,0.));
#14089=DIRECTION('',(-0.83147,0.55557,0.));
#14090=AXIS2_PLACEMENT_3D('',#14087,#14088,#14089);
#14091=PLANE('',#14090);
#14092=ADVANCED_FACE('',(#14086),#14091,.T.);
#14093=ORIENTED_EDGE('',*,*,#13048,.T.);
#14094=CARTESIAN_POINT('',(266.78784,64.67157,-275.));
#14095=VERTEX_POINT('',#14094);
#14096=DIRECTION('',(0.,0.,-1.));
#14097=VECTOR('',#14096,4.);
#14098=LINE('',#13038,#14097);
#14099=EDGE_CURVE('',#13039,#14095,#14098,.T.);
#14100=ORIENTED_EDGE('',*,*,#14099,.T.);
#14101=DIRECTION('',(-0.89687,0.44229,0.));
#14102=VECTOR('',#14101,9.15644);
#14103=LINE('',#14072,#14102);
#14104=EDGE_CURVE('',#14073,#14095,#14103,.T.);
#14105=ORIENTED_EDGE('',*,*,#14104,.F.);
#14106=ORIENTED_EDGE('',*,*,#14077,.F.);
#14107=EDGE_LOOP('',(#14093,#14100,#14105,#14106));
#14108=FACE_OUTER_BOUND('',#14107,.T.);
#14109=CARTESIAN_POINT('',(275.,60.62178,-271.));
#14110=DIRECTION('',(-0.44229,-0.89687,0.));
#14111=DIRECTION('',(-0.89687,0.44229,0.));
#14112=AXIS2_PLACEMENT_3D('',#14109,#14110,#14111);
#14113=PLANE('',#14112);
#14114=ADVANCED_FACE('',(#14108),#14113,.T.);
#14115=ORIENTED_EDGE('',*,*,#13070,.T.);
#14116=CARTESIAN_POINT('',(258.11733,67.61481,-275.));
#14117=VERTEX_POINT('',#14116);
#14118=DIRECTION('',(0.,0.,-1.));
#14119=VECTOR('',#14118,4.);
#14120=LINE('',#13060,#14119);
#14121=EDGE_CURVE('',#13061,#14117,#14120,.T.);
#14122=ORIENTED_EDGE('',*,*,#14121,.T.);
#14123=DIRECTION('',(-0.94693,0.32144,0.));
#14124=VECTOR('',#14123,9.15644);
#14125=LINE('',#14094,#14124);
#14126=EDGE_CURVE('',#14095,#14117,#14125,.T.);
#14127=ORIENTED_EDGE('',*,*,#14126,.F.);
#14128=ORIENTED_EDGE('',*,*,#14099,.F.);
#14129=EDGE_LOOP('',(#14115,#14122,#14127,#14128));
#14130=FACE_OUTER_BOUND('',#14129,.T.);
#14131=CARTESIAN_POINT('',(266.78784,64.67157,-271.));
#14132=DIRECTION('',(-0.32144,-0.94693,0.));
#14133=DIRECTION('',(-0.94693,0.32144,0.));
#14134=AXIS2_PLACEMENT_3D('',#14131,#14132,#14133);
#14135=PLANE('',#14134);
#14136=ADVANCED_FACE('',(#14130),#14135,.T.);
#14137=ORIENTED_EDGE('',*,*,#13092,.T.);
#14138=CARTESIAN_POINT('',(249.13683,69.40114,-275.));
#14139=VERTEX_POINT('',#14138);
#14140=DIRECTION('',(0.,0.,-1.));
#14141=VECTOR('',#14140,4.);
#14142=LINE('',#13082,#14141);
#14143=EDGE_CURVE('',#13083,#14139,#14142,.T.);
#14144=ORIENTED_EDGE('',*,*,#14143,.T.);
#14145=DIRECTION('',(-0.98079,0.19509,0.));
#14146=VECTOR('',#14145,9.15644);
#14147=LINE('',#14116,#14146);
#14148=EDGE_CURVE('',#14117,#14139,#14147,.T.);
#14149=ORIENTED_EDGE('',*,*,#14148,.F.);
#14150=ORIENTED_EDGE('',*,*,#14121,.F.);
#14151=EDGE_LOOP('',(#14137,#14144,#14149,#14150));
#14152=FACE_OUTER_BOUND('',#14151,.T.);
#14153=CARTESIAN_POINT('',(258.11733,67.61481,-271.));
#14154=DIRECTION('',(-0.19509,-0.98079,0.));
#14155=DIRECTION('',(-0.98079,0.19509,0.));
#14156=AXIS2_PLACEMENT_3D('',#14153,#14154,#14155);
#14157=PLANE('',#14156);
#14158=ADVANCED_FACE('',(#14152),#14157,.T.);
#14159=ORIENTED_EDGE('',*,*,#13114,.T.);
#14160=CARTESIAN_POINT('',(240.,70.,-275.));
#14161=VERTEX_POINT('',#14160);
#14162=DIRECTION('',(0.,0.,-1.));
#14163=VECTOR('',#14162,4.);
#14164=LINE('',#13104,#14163);
#14165=EDGE_CURVE('',#13105,#14161,#14164,.T.);
#14166=ORIENTED_EDGE('',*,*,#14165,.T.);
#14167=DIRECTION('',(-0.99786,0.0654,0.));
#14168=VECTOR('',#14167,9.15644);
#14169=LINE('',#14138,#14168);
#14170=EDGE_CURVE('',#14139,#14161,#14169,.T.);
#14171=ORIENTED_EDGE('',*,*,#14170,.F.);
#14172=ORIENTED_EDGE('',*,*,#14143,.F.);
#14173=EDGE_LOOP('',(#14159,#14166,#14171,#14172));
#14174=FACE_OUTER_BOUND('',#14173,.T.);
#14175=CARTESIAN_POINT('',(249.13683,69.40114,-271.));
#14176=DIRECTION('',(-0.0654,-0.99786,0.));
#14177=DIRECTION('',(-0.99786,0.0654,0.));
#14178=AXIS2_PLACEMENT_3D('',#14175,#14176,#14177);
#14179=PLANE('',#14178);
#14180=ADVANCED_FACE('',(#14174),#14179,.T.);
#14181=ORIENTED_EDGE('',*,*,#13136,.T.);
#14182=CARTESIAN_POINT('',(230.86317,69.40114,-275.));
#14183=VERTEX_POINT('',#14182);
#14184=DIRECTION('',(0.,0.,-1.));
#14185=VECTOR('',#14184,4.);
#14186=LINE('',#13126,#14185);
#14187=EDGE_CURVE('',#13127,#14183,#14186,.T.);
#14188=ORIENTED_EDGE('',*,*,#14187,.T.);
#14189=DIRECTION('',(-0.99786,-0.0654,0.));
#14190=VECTOR('',#14189,9.15644);
#14191=LINE('',#14160,#14190);
#14192=EDGE_CURVE('',#14161,#14183,#14191,.T.);
#14193=ORIENTED_EDGE('',*,*,#14192,.F.);
#14194=ORIENTED_EDGE('',*,*,#14165,.F.);
#14195=EDGE_LOOP('',(#14181,#14188,#14193,#14194));
#14196=FACE_OUTER_BOUND('',#14195,.T.);
#14197=CARTESIAN_POINT('',(240.,70.,-271.));
#14198=DIRECTION('',(0.0654,-0.99786,0.));
#14199=DIRECTION('',(-0.99786,-0.0654,0.));
#14200=AXIS2_PLACEMENT_3D('',#14197,#14198,#14199);
#14201=PLANE('',#14200);
#14202=ADVANCED_FACE('',(#14196),#14201,.T.);
#14203=ORIENTED_EDGE('',*,*,#13158,.T.);
#14204=CARTESIAN_POINT('',(221.88267,67.61481,-275.));
#14205=VERTEX_POINT('',#14204);
#14206=DIRECTION('',(0.,0.,-1.));
#14207=VECTOR('',#14206,4.);
#14208=LINE('',#13148,#14207);
#14209=EDGE_CURVE('',#13149,#14205,#14208,.T.);
#14210=ORIENTED_EDGE('',*,*,#14209,.T.);
#14211=DIRECTION('',(-0.98079,-0.19509,0.));
#14212=VECTOR('',#14211,9.15644);
#14213=LINE('',#14182,#14212);
#14214=EDGE_CURVE('',#14183,#14205,#14213,.T.);
#14215=ORIENTED_EDGE('',*,*,#14214,.F.);
#14216=ORIENTED_EDGE('',*,*,#14187,.F.);
#14217=EDGE_LOOP('',(#14203,#14210,#14215,#14216));
#14218=FACE_OUTER_BOUND('',#14217,.T.);
#14219=CARTESIAN_POINT('',(230.86317,69.40114,-271.));
#14220=DIRECTION('',(0.19509,-0.98079,0.));
#14221=DIRECTION('',(-0.98079,-0.19509,0.));
#14222=AXIS2_PLACEMENT_3D('',#14219,#14220,#14221);
#14223=PLANE('',#14222);
#14224=ADVANCED_FACE('',(#14218),#14223,.T.);
#14225=ORIENTED_EDGE('',*,*,#13180,.T.);
#14226=CARTESIAN_POINT('',(213.21216,64.67157,-275.));
#14227=VERTEX_POINT('',#14226);
#14228=DIRECTION('',(0.,0.,-1.));
#14229=VECTOR('',#14228,4.);
#14230=LINE('',#13170,#14229);
#14231=EDGE_CURVE('',#13171,#14227,#14230,.T.);
#14232=ORIENTED_EDGE('',*,*,#14231,.T.);
#14233=DIRECTION('',(-0.94693,-0.32144,0.));
#14234=VECTOR('',#14233,9.15644);
#14235=LINE('',#14204,#14234);
#14236=EDGE_CURVE('',#14205,#14227,#14235,.T.);
#14237=ORIENTED_EDGE('',*,*,#14236,.F.);
#14238=ORIENTED_EDGE('',*,*,#14209,.F.);
#14239=EDGE_LOOP('',(#14225,#14232,#14237,#14238));
#14240=FACE_OUTER_BOUND('',#14239,.T.);
#14241=CARTESIAN_POINT('',(221.88267,67.61481,-271.));
#14242=DIRECTION('',(0.32144,-0.94693,0.));
#14243=DIRECTION('',(-0.94693,-0.32144,0.));
#14244=AXIS2_PLACEMENT_3D('',#14241,#14242,#14243);
#14245=PLANE('',#14244);
#14246=ADVANCED_FACE('',(#14240),#14245,.T.);
#14247=ORIENTED_EDGE('',*,*,#13202,.T.);
#14248=CARTESIAN_POINT('',(205.,60.62178,-275.));
#14249=VERTEX_POINT('',#14248);
#14250=DIRECTION('',(0.,0.,-1.));
#14251=VECTOR('',#14250,4.);
#14252=LINE('',#13192,#14251);
#14253=EDGE_CURVE('',#13193,#14249,#14252,.T.);
#14254=ORIENTED_EDGE('',*,*,#14253,.T.);
#14255=DIRECTION('',(-0.89687,-0.44229,0.));
#14256=VECTOR('',#14255,9.15644);
#14257=LINE('',#14226,#14256);
#14258=EDGE_CURVE('',#14227,#14249,#14257,.T.);
#14259=ORIENTED_EDGE('',*,*,#14258,.F.);
#14260=ORIENTED_EDGE('',*,*,#14231,.F.);
#14261=EDGE_LOOP('',(#14247,#14254,#14259,#14260));
#14262=FACE_OUTER_BOUND('',#14261,.T.);
#14263=CARTESIAN_POINT('',(213.21216,64.67157,-271.));
#14264=DIRECTION('',(0.44229,-0.89687,0.));
#14265=DIRECTION('',(-0.89687,-0.44229,0.));
#14266=AXIS2_PLACEMENT_3D('',#14263,#14264,#14265);
#14267=PLANE('',#14266);
#14268=ADVANCED_FACE('',(#14262),#14267,.T.);
#14269=ORIENTED_EDGE('',*,*,#13224,.T.);
#14270=CARTESIAN_POINT('',(197.3867,55.53473,-275.));
#14271=VERTEX_POINT('',#14270);
#14272=DIRECTION('',(0.,0.,-1.));
#14273=VECTOR('',#14272,4.);
#14274=LINE('',#13214,#14273);
#14275=EDGE_CURVE('',#13215,#14271,#14274,.T.);
#14276=ORIENTED_EDGE('',*,*,#14275,.T.);
#14277=DIRECTION('',(-0.83147,-0.55557,0.));
#14278=VECTOR('',#14277,9.15644);
#14279=LINE('',#14248,#14278);
#14280=EDGE_CURVE('',#14249,#14271,#14279,.T.);
#14281=ORIENTED_EDGE('',*,*,#14280,.F.);
#14282=ORIENTED_EDGE('',*,*,#14253,.F.);
#14283=EDGE_LOOP('',(#14269,#14276,#14281,#14282));
#14284=FACE_OUTER_BOUND('',#14283,.T.);
#14285=CARTESIAN_POINT('',(205.,60.62178,-271.));
#14286=DIRECTION('',(0.55557,-0.83147,0.));
#14287=DIRECTION('',(-0.83147,-0.55557,0.));
#14288=AXIS2_PLACEMENT_3D('',#14285,#14286,#14287);
#14289=PLANE('',#14288);
#14290=ADVANCED_FACE('',(#14284),#14289,.T.);
#14291=ORIENTED_EDGE('',*,*,#13246,.T.);
#14292=CARTESIAN_POINT('',(190.50253,49.49747,-275.));
#14293=VERTEX_POINT('',#14292);
#14294=DIRECTION('',(0.,0.,-1.));
#14295=VECTOR('',#14294,4.);
#14296=LINE('',#13236,#14295);
#14297=EDGE_CURVE('',#13237,#14293,#14296,.T.);
#14298=ORIENTED_EDGE('',*,*,#14297,.T.);
#14299=DIRECTION('',(-0.75184,-0.65935,0.));
#14300=VECTOR('',#14299,9.15644);
#14301=LINE('',#14270,#14300);
#14302=EDGE_CURVE('',#14271,#14293,#14301,.T.);
#14303=ORIENTED_EDGE('',*,*,#14302,.F.);
#14304=ORIENTED_EDGE('',*,*,#14275,.F.);
#14305=EDGE_LOOP('',(#14291,#14298,#14303,#14304));
#14306=FACE_OUTER_BOUND('',#14305,.T.);
#14307=CARTESIAN_POINT('',(197.3867,55.53473,-271.));
#14308=DIRECTION('',(0.65935,-0.75184,0.));
#14309=DIRECTION('',(-0.75184,-0.65935,0.));
#14310=AXIS2_PLACEMENT_3D('',#14307,#14308,#14309);
#14311=PLANE('',#14310);
#14312=ADVANCED_FACE('',(#14306),#14311,.T.);
#14313=ORIENTED_EDGE('',*,*,#13268,.T.);
#14314=CARTESIAN_POINT('',(184.46527,42.6133,-275.));
#14315=VERTEX_POINT('',#14314);
#14316=DIRECTION('',(0.,0.,-1.));
#14317=VECTOR('',#14316,4.);
#14318=LINE('',#13258,#14317);
#14319=EDGE_CURVE('',#13259,#14315,#14318,.T.);
#14320=ORIENTED_EDGE('',*,*,#14319,.T.);
#14321=DIRECTION('',(-0.65935,-0.75184,0.));
#14322=VECTOR('',#14321,9.15644);
#14323=LINE('',#14292,#14322);
#14324=EDGE_CURVE('',#14293,#14315,#14323,.T.);
#14325=ORIENTED_EDGE('',*,*,#14324,.F.);
#14326=ORIENTED_EDGE('',*,*,#14297,.F.);
#14327=EDGE_LOOP('',(#14313,#14320,#14325,#14326));
#14328=FACE_OUTER_BOUND('',#14327,.T.);
#14329=CARTESIAN_POINT('',(190.50253,49.49747,-271.));
#14330=DIRECTION('',(0.75184,-0.65935,0.));
#14331=DIRECTION('',(-0.65935,-0.75184,0.));
#14332=AXIS2_PLACEMENT_3D('',#14329,#14330,#14331);
#14333=PLANE('',#14332);
#14334=ADVANCED_FACE('',(#14328),#14333,.T.);
#14335=ORIENTED_EDGE('',*,*,#13290,.T.);
#14336=CARTESIAN_POINT('',(179.37822,35.,-275.));
#14337=VERTEX_POINT('',#14336);
#14338=DIRECTION('',(0.,0.,-1.));
#14339=VECTOR('',#14338,4.);
#14340=LINE('',#13280,#14339);
#14341=EDGE_CURVE('',#13281,#14337,#14340,.T.);
#14342=ORIENTED_EDGE('',*,*,#14341,.T.);
#14343=DIRECTION('',(-0.55557,-0.83147,0.));
#14344=VECTOR('',#14343,9.15644);
#14345=LINE('',#14314,#14344);
#14346=EDGE_CURVE('',#14315,#14337,#14345,.T.);
#14347=ORIENTED_EDGE('',*,*,#14346,.F.);
#14348=ORIENTED_EDGE('',*,*,#14319,.F.);
#14349=EDGE_LOOP('',(#14335,#14342,#14347,#14348));
#14350=FACE_OUTER_BOUND('',#14349,.T.);
#14351=CARTESIAN_POINT('',(184.46527,42.6133,-271.));
#14352=DIRECTION('',(0.83147,-0.55557,0.));
#14353=DIRECTION('',(-0.55557,-0.83147,0.));
#14354=AXIS2_PLACEMENT_3D('',#14351,#14352,#14353);
#14355=PLANE('',#14354);
#14356=ADVANCED_FACE('',(#14350),#14355,.T.);
#14357=ORIENTED_EDGE('',*,*,#13312,.T.);
#14358=CARTESIAN_POINT('',(175.32843,26.78784,-275.));
#14359=VERTEX_POINT('',#14358);
#14360=DIRECTION('',(0.,0.,-1.));
#14361=VECTOR('',#14360,4.);
#14362=LINE('',#13302,#14361);
#14363=EDGE_CURVE('',#13303,#14359,#14362,.T.);
#14364=ORIENTED_EDGE('',*,*,#14363,.T.);
#14365=DIRECTION('',(-0.44229,-0.89687,0.));
#14366=VECTOR('',#14365,9.15644);
#14367=LINE('',#14336,#14366);
#14368=EDGE_CURVE('',#14337,#14359,#14367,.T.);
#14369=ORIENTED_EDGE('',*,*,#14368,.F.);
#14370=ORIENTED_EDGE('',*,*,#14341,.F.);
#14371=EDGE_LOOP('',(#14357,#14364,#14369,#14370));
#14372=FACE_OUTER_BOUND('',#14371,.T.);
#14373=CARTESIAN_POINT('',(179.37822,35.,-271.));
#14374=DIRECTION('',(0.89687,-0.44229,0.));
#14375=DIRECTION('',(-0.44229,-0.89687,0.));
#14376=AXIS2_PLACEMENT_3D('',#14373,#14374,#14375);
#14377=PLANE('',#14376);
#14378=ADVANCED_FACE('',(#14372),#14377,.T.);
#14379=ORIENTED_EDGE('',*,*,#13334,.T.);
#14380=CARTESIAN_POINT('',(172.38519,18.11733,-275.));
#14381=VERTEX_POINT('',#14380);
#14382=DIRECTION('',(0.,0.,-1.));
#14383=VECTOR('',#14382,4.);
#14384=LINE('',#13324,#14383);
#14385=EDGE_CURVE('',#13325,#14381,#14384,.T.);
#14386=ORIENTED_EDGE('',*,*,#14385,.T.);
#14387=DIRECTION('',(-0.32144,-0.94693,0.));
#14388=VECTOR('',#14387,9.15644);
#14389=LINE('',#14358,#14388);
#14390=EDGE_CURVE('',#14359,#14381,#14389,.T.);
#14391=ORIENTED_EDGE('',*,*,#14390,.F.);
#14392=ORIENTED_EDGE('',*,*,#14363,.F.);
#14393=EDGE_LOOP('',(#14379,#14386,#14391,#14392));
#14394=FACE_OUTER_BOUND('',#14393,.T.);
#14395=CARTESIAN_POINT('',(175.32843,26.78784,-271.));
#14396=DIRECTION('',(0.94693,-0.32144,0.));
#14397=DIRECTION('',(-0.32144,-0.94693,0.));
#14398=AXIS2_PLACEMENT_3D('',#14395,#14396,#14397);
#14399=PLANE('',#14398);
#14400=ADVANCED_FACE('',(#14394),#14399,.T.);
#14401=ORIENTED_EDGE('',*,*,#13356,.T.);
#14402=CARTESIAN_POINT('',(170.59886,9.13683,-275.));
#14403=VERTEX_POINT('',#14402);
#14404=DIRECTION('',(0.,0.,-1.));
#14405=VECTOR('',#14404,4.);
#14406=LINE('',#13346,#14405);
#14407=EDGE_CURVE('',#13347,#14403,#14406,.T.);
#14408=ORIENTED_EDGE('',*,*,#14407,.T.);
#14409=DIRECTION('',(-0.19509,-0.98079,0.));
#14410=VECTOR('',#14409,9.15644);
#14411=LINE('',#14380,#14410);
#14412=EDGE_CURVE('',#14381,#14403,#14411,.T.);
#14413=ORIENTED_EDGE('',*,*,#14412,.F.);
#14414=ORIENTED_EDGE('',*,*,#14385,.F.);
#14415=EDGE_LOOP('',(#14401,#14408,#14413,#14414));
#14416=FACE_OUTER_BOUND('',#14415,.T.);
#14417=CARTESIAN_POINT('',(172.38519,18.11733,-271.));
#14418=DIRECTION('',(0.98079,-0.19509,0.));
#14419=DIRECTION('',(-0.19509,-0.98079,0.));
#14420=AXIS2_PLACEMENT_3D('',#14417,#14418,#14419);
#14421=PLANE('',#14420);
#14422=ADVANCED_FACE('',(#14416),#14421,.T.);
#14423=ORIENTED_EDGE('',*,*,#13378,.T.);
#14424=CARTESIAN_POINT('',(170.,0.,-275.));
#14425=VERTEX_POINT('',#14424);
#14426=DIRECTION('',(0.,0.,-1.));
#14427=VECTOR('',#14426,4.);
#14428=LINE('',#13368,#14427);
#14429=EDGE_CURVE('',#13369,#14425,#14428,.T.);
#14430=ORIENTED_EDGE('',*,*,#14429,.T.);
#14431=DIRECTION('',(-0.0654,-0.99786,0.));
#14432=VECTOR('',#14431,9.15644);
#14433=LINE('',#14402,#14432);
#14434=EDGE_CURVE('',#14403,#14425,#14433,.T.);
#14435=ORIENTED_EDGE('',*,*,#14434,.F.);
#14436=ORIENTED_EDGE('',*,*,#14407,.F.);
#14437=EDGE_LOOP('',(#14423,#14430,#14435,#14436));
#14438=FACE_OUTER_BOUND('',#14437,.T.);
#14439=CARTESIAN_POINT('',(170.59886,9.13683,-271.));
#14440=DIRECTION('',(0.99786,-0.0654,0.));
#14441=DIRECTION('',(-0.0654,-0.99786,0.));
#14442=AXIS2_PLACEMENT_3D('',#14439,#14440,#14441);
#14443=PLANE('',#14442);
#14444=ADVANCED_FACE('',(#14438),#14443,.T.);
#14445=ORIENTED_EDGE('',*,*,#13400,.T.);
#14446=CARTESIAN_POINT('',(170.59886,-9.13683,-275.));
#14447=VERTEX_POINT('',#14446);
#14448=DIRECTION('',(0.,0.,-1.));
#14449=VECTOR('',#14448,4.);
#14450=LINE('',#13390,#14449);
#14451=EDGE_CURVE('',#13391,#14447,#14450,.T.);
#14452=ORIENTED_EDGE('',*,*,#14451,.T.);
#14453=DIRECTION('',(0.0654,-0.99786,0.));
#14454=VECTOR('',#14453,9.15644);
#14455=LINE('',#14424,#14454);
#14456=EDGE_CURVE('',#14425,#14447,#14455,.T.);
#14457=ORIENTED_EDGE('',*,*,#14456,.F.);
#14458=ORIENTED_EDGE('',*,*,#14429,.F.);
#14459=EDGE_LOOP('',(#14445,#14452,#14457,#14458));
#14460=FACE_OUTER_BOUND('',#14459,.T.);
#14461=CARTESIAN_POINT('',(170.,0.,-271.));
#14462=DIRECTION('',(0.99786,0.0654,0.));
#14463=DIRECTION('',(0.0654,-0.99786,0.));
#14464=AXIS2_PLACEMENT_3D('',#14461,#14462,#14463);
#14465=PLANE('',#14464);
#14466=ADVANCED_FACE('',(#14460),#14465,.T.);
#14467=ORIENTED_EDGE('',*,*,#13422,.T.);
#14468=CARTESIAN_POINT('',(172.38519,-18.11733,-275.));
#14469=VERTEX_POINT('',#14468);
#14470=DIRECTION('',(0.,0.,-1.));
#14471=VECTOR('',#14470,4.);
#14472=LINE('',#13412,#14471);
#14473=EDGE_CURVE('',#13413,#14469,#14472,.T.);
#14474=ORIENTED_EDGE('',*,*,#14473,.T.);
#14475=DIRECTION('',(0.19509,-0.98079,0.));
#14476=VECTOR('',#14475,9.15644);
#14477=LINE('',#14446,#14476);
#14478=EDGE_CURVE('',#14447,#14469,#14477,.T.);
#14479=ORIENTED_EDGE('',*,*,#14478,.F.);
#14480=ORIENTED_EDGE('',*,*,#14451,.F.);
#14481=EDGE_LOOP('',(#14467,#14474,#14479,#14480));
#14482=FACE_OUTER_BOUND('',#14481,.T.);
#14483=CARTESIAN_POINT('',(170.59886,-9.13683,-271.));
#14484=DIRECTION('',(0.98079,0.19509,0.));
#14485=DIRECTION('',(0.19509,-0.98079,0.));
#14486=AXIS2_PLACEMENT_3D('',#14483,#14484,#14485);
#14487=PLANE('',#14486);
#14488=ADVANCED_FACE('',(#14482),#14487,.T.);
#14489=ORIENTED_EDGE('',*,*,#13444,.T.);
#14490=CARTESIAN_POINT('',(175.32843,-26.78784,-275.));
#14491=VERTEX_POINT('',#14490);
#14492=DIRECTION('',(0.,0.,-1.));
#14493=VECTOR('',#14492,4.);
#14494=LINE('',#13434,#14493);
#14495=EDGE_CURVE('',#13435,#14491,#14494,.T.);
#14496=ORIENTED_EDGE('',*,*,#14495,.T.);
#14497=DIRECTION('',(0.32144,-0.94693,0.));
#14498=VECTOR('',#14497,9.15644);
#14499=LINE('',#14468,#14498);
#14500=EDGE_CURVE('',#14469,#14491,#14499,.T.);
#14501=ORIENTED_EDGE('',*,*,#14500,.F.);
#14502=ORIENTED_EDGE('',*,*,#14473,.F.);
#14503=EDGE_LOOP('',(#14489,#14496,#14501,#14502));
#14504=FACE_OUTER_BOUND('',#14503,.T.);
#14505=CARTESIAN_POINT('',(172.38519,-18.11733,-271.));
#14506=DIRECTION('',(0.94693,0.32144,0.));
#14507=DIRECTION('',(0.32144,-0.94693,0.));
#14508=AXIS2_PLACEMENT_3D('',#14505,#14506,#14507);
#14509=PLANE('',#14508);
#14510=ADVANCED_FACE('',(#14504),#14509,.T.);
#14511=ORIENTED_EDGE('',*,*,#13466,.T.);
#14512=CARTESIAN_POINT('',(179.37822,-35.,-275.));
#14513=VERTEX_POINT('',#14512);
#14514=DIRECTION('',(0.,0.,-1.));
#14515=VECTOR('',#14514,4.);
#14516=LINE('',#13456,#14515);
#14517=EDGE_CURVE('',#13457,#14513,#14516,.T.);
#14518=ORIENTED_EDGE('',*,*,#14517,.T.);
#14519=DIRECTION('',(0.44229,-0.89687,0.));
#14520=VECTOR('',#14519,9.15644);
#14521=LINE('',#14490,#14520);
#14522=EDGE_CURVE('',#14491,#14513,#14521,.T.);
#14523=ORIENTED_EDGE('',*,*,#14522,.F.);
#14524=ORIENTED_EDGE('',*,*,#14495,.F.);
#14525=EDGE_LOOP('',(#14511,#14518,#14523,#14524));
#14526=FACE_OUTER_BOUND('',#14525,.T.);
#14527=CARTESIAN_POINT('',(175.32843,-26.78784,-271.));
#14528=DIRECTION('',(0.89687,0.44229,0.));
#14529=DIRECTION('',(0.44229,-0.89687,0.));
#14530=AXIS2_PLACEMENT_3D('',#14527,#14528,#14529);
#14531=PLANE('',#14530);
#14532=ADVANCED_FACE('',(#14526),#14531,.T.);
#14533=ORIENTED_EDGE('',*,*,#13488,.T.);
#14534=CARTESIAN_POINT('',(184.46527,-42.6133,-275.));
#14535=VERTEX_POINT('',#14534);
#14536=DIRECTION('',(0.,0.,-1.));
#14537=VECTOR('',#14536,4.);
#14538=LINE('',#13478,#14537);
#14539=EDGE_CURVE('',#13479,#14535,#14538,.T.);
#14540=ORIENTED_EDGE('',*,*,#14539,.T.);
#14541=DIRECTION('',(0.55557,-0.83147,0.));
#14542=VECTOR('',#14541,9.15644);
#14543=LINE('',#14512,#14542);
#14544=EDGE_CURVE('',#14513,#14535,#14543,.T.);
#14545=ORIENTED_EDGE('',*,*,#14544,.F.);
#14546=ORIENTED_EDGE('',*,*,#14517,.F.);
#14547=EDGE_LOOP('',(#14533,#14540,#14545,#14546));
#14548=FACE_OUTER_BOUND('',#14547,.T.);
#14549=CARTESIAN_POINT('',(179.37822,-35.,-271.));
#14550=DIRECTION('',(0.83147,0.55557,0.));
#14551=DIRECTION('',(0.55557,-0.83147,0.));
#14552=AXIS2_PLACEMENT_3D('',#14549,#14550,#14551);
#14553=PLANE('',#14552);
#14554=ADVANCED_FACE('',(#14548),#14553,.T.);
#14555=ORIENTED_EDGE('',*,*,#13510,.T.);
#14556=CARTESIAN_POINT('',(190.50253,-49.49747,-275.));
#14557=VERTEX_POINT('',#14556);
#14558=DIRECTION('',(0.,0.,-1.));
#14559=VECTOR('',#14558,4.);
#14560=LINE('',#13500,#14559);
#14561=EDGE_CURVE('',#13501,#14557,#14560,.T.);
#14562=ORIENTED_EDGE('',*,*,#14561,.T.);
#14563=DIRECTION('',(0.65935,-0.75184,0.));
#14564=VECTOR('',#14563,9.15644);
#14565=LINE('',#14534,#14564);
#14566=EDGE_CURVE('',#14535,#14557,#14565,.T.);
#14567=ORIENTED_EDGE('',*,*,#14566,.F.);
#14568=ORIENTED_EDGE('',*,*,#14539,.F.);
#14569=EDGE_LOOP('',(#14555,#14562,#14567,#14568));
#14570=FACE_OUTER_BOUND('',#14569,.T.);
#14571=CARTESIAN_POINT('',(184.46527,-42.6133,-271.));
#14572=DIRECTION('',(0.75184,0.65935,0.));
#14573=DIRECTION('',(0.65935,-0.75184,0.));
#14574=AXIS2_PLACEMENT_3D('',#14571,#14572,#14573);
#14575=PLANE('',#14574);
#14576=ADVANCED_FACE('',(#14570),#14575,.T.);
#14577=ORIENTED_EDGE('',*,*,#13532,.T.);
#14578=CARTESIAN_POINT('',(197.3867,-55.53473,-275.));
#14579=VERTEX_POINT('',#14578);
#14580=DIRECTION('',(0.,0.,-1.));
#14581=VECTOR('',#14580,4.);
#14582=LINE('',#13522,#14581);
#14583=EDGE_CURVE('',#13523,#14579,#14582,.T.);
#14584=ORIENTED_EDGE('',*,*,#14583,.T.);
#14585=DIRECTION('',(0.75184,-0.65935,0.));
#14586=VECTOR('',#14585,9.15644);
#14587=LINE('',#14556,#14586);
#14588=EDGE_CURVE('',#14557,#14579,#14587,.T.);
#14589=ORIENTED_EDGE('',*,*,#14588,.F.);
#14590=ORIENTED_EDGE('',*,*,#14561,.F.);
#14591=EDGE_LOOP('',(#14577,#14584,#14589,#14590));
#14592=FACE_OUTER_BOUND('',#14591,.T.);
#14593=CARTESIAN_POINT('',(190.50253,-49.49747,-271.));
#14594=DIRECTION('',(0.65935,0.75184,0.));
#14595=DIRECTION('',(0.75184,-0.65935,0.));
#14596=AXIS2_PLACEMENT_3D('',#14593,#14594,#14595);
#14597=PLANE('',#14596);
#14598=ADVANCED_FACE('',(#14592),#14597,.T.);
#14599=ORIENTED_EDGE('',*,*,#13554,.T.);
#14600=CARTESIAN_POINT('',(205.,-60.62178,-275.));
#14601=VERTEX_POINT('',#14600);
#14602=DIRECTION('',(0.,0.,-1.));
#14603=VECTOR('',#14602,4.);
#14604=LINE('',#13544,#14603);
#14605=EDGE_CURVE('',#13545,#14601,#14604,.T.);
#14606=ORIENTED_EDGE('',*,*,#14605,.T.);
#14607=DIRECTION('',(0.83147,-0.55557,0.));
#14608=VECTOR('',#14607,9.15644);
#14609=LINE('',#14578,#14608);
#14610=EDGE_CURVE('',#14579,#14601,#14609,.T.);
#14611=ORIENTED_EDGE('',*,*,#14610,.F.);
#14612=ORIENTED_EDGE('',*,*,#14583,.F.);
#14613=EDGE_LOOP('',(#14599,#14606,#14611,#14612));
#14614=FACE_OUTER_BOUND('',#14613,.T.);
#14615=CARTESIAN_POINT('',(197.3867,-55.53473,-271.));
#14616=DIRECTION('',(0.55557,0.83147,0.));
#14617=DIRECTION('',(0.83147,-0.55557,0.));
#14618=AXIS2_PLACEMENT_3D('',#14615,#14616,#14617);
#14619=PLANE('',#14618);
#14620=ADVANCED_FACE('',(#14614),#14619,.T.);
#14621=ORIENTED_EDGE('',*,*,#13576,.T.);
#14622=CARTESIAN_POINT('',(213.21216,-64.67157,-275.));
#14623=VERTEX_POINT('',#14622);
#14624=DIRECTION('',(0.,0.,-1.));
#14625=VECTOR('',#14624,4.);
#14626=LINE('',#13566,#14625);
#14627=EDGE_CURVE('',#13567,#14623,#14626,.T.);
#14628=ORIENTED_EDGE('',*,*,#14627,.T.);
#14629=DIRECTION('',(0.89687,-0.44229,0.));
#14630=VECTOR('',#14629,9.15644);
#14631=LINE('',#14600,#14630);
#14632=EDGE_CURVE('',#14601,#14623,#14631,.T.);
#14633=ORIENTED_EDGE('',*,*,#14632,.F.);
#14634=ORIENTED_EDGE('',*,*,#14605,.F.);
#14635=EDGE_LOOP('',(#14621,#14628,#14633,#14634));
#14636=FACE_OUTER_BOUND('',#14635,.T.);
#14637=CARTESIAN_POINT('',(205.,-60.62178,-271.));
#14638=DIRECTION('',(0.44229,0.89687,0.));
#14639=DIRECTION('',(0.89687,-0.44229,0.));
#14640=AXIS2_PLACEMENT_3D('',#14637,#14638,#14639);
#14641=PLANE('',#14640);
#14642=ADVANCED_FACE('',(#14636),#14641,.T.);
#14643=ORIENTED_EDGE('',*,*,#13598,.T.);
#14644=CARTESIAN_POINT('',(221.88267,-67.61481,-275.));
#14645=VERTEX_POINT('',#14644);
#14646=DIRECTION('',(0.,0.,-1.));
#14647=VECTOR('',#14646,4.);
#14648=LINE('',#13588,#14647);
#14649=EDGE_CURVE('',#13589,#14645,#14648,.T.);
#14650=ORIENTED_EDGE('',*,*,#14649,.T.);
#14651=DIRECTION('',(0.94693,-0.32144,0.));
#14652=VECTOR('',#14651,9.15644);
#14653=LINE('',#14622,#14652);
#14654=EDGE_CURVE('',#14623,#14645,#14653,.T.);
#14655=ORIENTED_EDGE('',*,*,#14654,.F.);
#14656=ORIENTED_EDGE('',*,*,#14627,.F.);
#14657=EDGE_LOOP('',(#14643,#14650,#14655,#14656));
#14658=FACE_OUTER_BOUND('',#14657,.T.);
#14659=CARTESIAN_POINT('',(213.21216,-64.67157,-271.));
#14660=DIRECTION('',(0.32144,0.94693,0.));
#14661=DIRECTION('',(0.94693,-0.32144,0.));
#14662=AXIS2_PLACEMENT_3D('',#14659,#14660,#14661);
#14663=PLANE('',#14662);
#14664=ADVANCED_FACE('',(#14658),#14663,.T.);
#14665=ORIENTED_EDGE('',*,*,#13620,.T.);
#14666=CARTESIAN_POINT('',(230.86317,-69.40114,-275.));
#14667=VERTEX_POINT('',#14666);
#14668=DIRECTION('',(0.,0.,-1.));
#14669=VECTOR('',#14668,4.);
#14670=LINE('',#13610,#14669);
#14671=EDGE_CURVE('',#13611,#14667,#14670,.T.);
#14672=ORIENTED_EDGE('',*,*,#14671,.T.);
#14673=DIRECTION('',(0.98079,-0.19509,0.));
#14674=VECTOR('',#14673,9.15644);
#14675=LINE('',#14644,#14674);
#14676=EDGE_CURVE('',#14645,#14667,#14675,.T.);
#14677=ORIENTED_EDGE('',*,*,#14676,.F.);
#14678=ORIENTED_EDGE('',*,*,#14649,.F.);
#14679=EDGE_LOOP('',(#14665,#14672,#14677,#14678));
#14680=FACE_OUTER_BOUND('',#14679,.T.);
#14681=CARTESIAN_POINT('',(221.88267,-67.61481,-271.));
#14682=DIRECTION('',(0.19509,0.98079,0.));
#14683=DIRECTION('',(0.98079,-0.19509,0.));
#14684=AXIS2_PLACEMENT_3D('',#14681,#14682,#14683);
#14685=PLANE('',#14684);
#14686=ADVANCED_FACE('',(#14680),#14685,.T.);
#14687=ORIENTED_EDGE('',*,*,#13642,.T.);
#14688=CARTESIAN_POINT('',(240.,-70.,-275.));
#14689=VERTEX_POINT('',#14688);
#14690=DIRECTION('',(0.,0.,-1.));
#14691=VECTOR('',#14690,4.);
#14692=LINE('',#13632,#14691);
#14693=EDGE_CURVE('',#13633,#14689,#14692,.T.);
#14694=ORIENTED_EDGE('',*,*,#14693,.T.);
#14695=DIRECTION('',(0.99786,-0.0654,0.));
#14696=VECTOR('',#14695,9.15644);
#14697=LINE('',#14666,#14696);
#14698=EDGE_CURVE('',#14667,#14689,#14697,.T.);
#14699=ORIENTED_EDGE('',*,*,#14698,.F.);
#14700=ORIENTED_EDGE('',*,*,#14671,.F.);
#14701=EDGE_LOOP('',(#14687,#14694,#14699,#14700));
#14702=FACE_OUTER_BOUND('',#14701,.T.);
#14703=CARTESIAN_POINT('',(230.86317,-69.40114,-271.));
#14704=DIRECTION('',(0.0654,0.99786,0.));
#14705=DIRECTION('',(0.99786,-0.0654,0.));
#14706=AXIS2_PLACEMENT_3D('',#14703,#14704,#14705);
#14707=PLANE('',#14706);
#14708=ADVANCED_FACE('',(#14702),#14707,.T.);
#14709=ORIENTED_EDGE('',*,*,#13664,.T.);
#14710=CARTESIAN_POINT('',(249.13683,-69.40114,-275.));
#14711=VERTEX_POINT('',#14710);
#14712=DIRECTION('',(0.,0.,-1.));
#14713=VECTOR('',#14712,4.);
#14714=LINE('',#13654,#14713);
#14715=EDGE_CURVE('',#13655,#14711,#14714,.T.);
#14716=ORIENTED_EDGE('',*,*,#14715,.T.);
#14717=DIRECTION('',(0.99786,0.0654,0.));
#14718=VECTOR('',#14717,9.15644);
#14719=LINE('',#14688,#14718);
#14720=EDGE_CURVE('',#14689,#14711,#14719,.T.);
#14721=ORIENTED_EDGE('',*,*,#14720,.F.);
#14722=ORIENTED_EDGE('',*,*,#14693,.F.);
#14723=EDGE_LOOP('',(#14709,#14716,#14721,#14722));
#14724=FACE_OUTER_BOUND('',#14723,.T.);
#14725=CARTESIAN_POINT('',(240.,-70.,-271.));
#14726=DIRECTION('',(-0.0654,0.99786,0.));
#14727=DIRECTION('',(0.99786,0.0654,0.));
#14728=AXIS2_PLACEMENT_3D('',#14725,#14726,#14727);
#14729=PLANE('',#14728);
#14730=ADVANCED_FACE('',(#14724),#14729,.T.);
#14731=ORIENTED_EDGE('',*,*,#13686,.T.);
#14732=CARTESIAN_POINT('',(258.11733,-67.61481,-275.));
#14733=VERTEX_POINT('',#14732);
#14734=DIRECTION('',(0.,0.,-1.));
#14735=VECTOR('',#14734,4.);
#14736=LINE('',#13676,#14735);
#14737=EDGE_CURVE('',#13677,#14733,#14736,.T.);
#14738=ORIENTED_EDGE('',*,*,#14737,.T.);
#14739=DIRECTION('',(0.98079,0.19509,0.));
#14740=VECTOR('',#14739,9.15644);
#14741=LINE('',#14710,#14740);
#14742=EDGE_CURVE('',#14711,#14733,#14741,.T.);
#14743=ORIENTED_EDGE('',*,*,#14742,.F.);
#14744=ORIENTED_EDGE('',*,*,#14715,.F.);
#14745=EDGE_LOOP('',(#14731,#14738,#14743,#14744));
#14746=FACE_OUTER_BOUND('',#14745,.T.);
#14747=CARTESIAN_POINT('',(249.13683,-69.40114,-271.));
#14748=DIRECTION('',(-0.19509,0.98079,0.));
#14749=DIRECTION('',(0.98079,0.19509,0.));
#14750=AXIS2_PLACEMENT_3D('',#14747,#14748,#14749);
#14751=PLANE('',#14750);
#14752=ADVANCED_FACE('',(#14746),#14751,.T.);
#14753=ORIENTED_EDGE('',*,*,#13708,.T.);
#14754=CARTESIAN_POINT('',(266.78784,-64.67157,-275.));
#14755=VERTEX_POINT('',#14754);
#14756=DIRECTION('',(0.,0.,-1.));
#14757=VECTOR('',#14756,4.);
#14758=LINE('',#13698,#14757);
#14759=EDGE_CURVE('',#13699,#14755,#14758,.T.);
#14760=ORIENTED_EDGE('',*,*,#14759,.T.);
#14761=DIRECTION('',(0.94693,0.32144,0.));
#14762=VECTOR('',#14761,9.15644);
#14763=LINE('',#14732,#14762);
#14764=EDGE_CURVE('',#14733,#14755,#14763,.T.);
#14765=ORIENTED_EDGE('',*,*,#14764,.F.);
#14766=ORIENTED_EDGE('',*,*,#14737,.F.);
#14767=EDGE_LOOP('',(#14753,#14760,#14765,#14766));
#14768=FACE_OUTER_BOUND('',#14767,.T.);
#14769=CARTESIAN_POINT('',(258.11733,-67.61481,-271.));
#14770=DIRECTION('',(-0.32144,0.94693,0.));
#14771=DIRECTION('',(0.94693,0.32144,0.));
#14772=AXIS2_PLACEMENT_3D('',#14769,#14770,#14771);
#14773=PLANE('',#14772);
#14774=ADVANCED_FACE('',(#14768),#14773,.T.);
#14775=ORIENTED_EDGE('',*,*,#13730,.T.);
#14776=CARTESIAN_POINT('',(275.,-60.62178,-275.));
#14777=VERTEX_POINT('',#14776);
#14778=DIRECTION('',(0.,0.,-1.));
#14779=VECTOR('',#14778,4.);
#14780=LINE('',#13720,#14779);
#14781=EDGE_CURVE('',#13721,#14777,#14780,.T.);
#14782=ORIENTED_EDGE('',*,*,#14781,.T.);
#14783=DIRECTION('',(0.89687,0.44229,0.));
#14784=VECTOR('',#14783,9.15644);
#14785=LINE('',#14754,#14784);
#14786=EDGE_CURVE('',#14755,#14777,#14785,.T.);
#14787=ORIENTED_EDGE('',*,*,#14786,.F.);
#14788=ORIENTED_EDGE('',*,*,#14759,.F.);
#14789=EDGE_LOOP('',(#14775,#14782,#14787,#14788));
#14790=FACE_OUTER_BOUND('',#14789,.T.);
#14791=CARTESIAN_POINT('',(266.78784,-64.67157,-271.));
#14792=DIRECTION('',(-0.44229,0.89687,0.));
#14793=DIRECTION('',(0.89687,0.44229,0.));
#14794=AXIS2_PLACEMENT_3D('',#14791,#14792,#14793);
#14795=PLANE('',#14794);
#14796=ADVANCED_FACE('',(#14790),#14795,.T.);
#14797=ORIENTED_EDGE('',*,*,#13752,.T.);
#14798=CARTESIAN_POINT('',(282.6133,-55.53473,-275.));
#14799=VERTEX_POINT('',#14798);
#14800=DIRECTION('',(0.,0.,-1.));
#14801=VECTOR('',#14800,4.);
#14802=LINE('',#13742,#14801);
#14803=EDGE_CURVE('',#13743,#14799,#14802,.T.);
#14804=ORIENTED_EDGE('',*,*,#14803,.T.);
#14805=DIRECTION('',(0.83147,0.55557,0.));
#14806=VECTOR('',#14805,9.15644);
#14807=LINE('',#14776,#14806);
#14808=EDGE_CURVE('',#14777,#14799,#14807,.T.);
#14809=ORIENTED_EDGE('',*,*,#14808,.F.);
#14810=ORIENTED_EDGE('',*,*,#14781,.F.);
#14811=EDGE_LOOP('',(#14797,#14804,#14809,#14810));
#14812=FACE_OUTER_BOUND('',#14811,.T.);
#14813=CARTESIAN_POINT('',(275.,-60.62178,-271.));
#14814=DIRECTION('',(-0.55557,0.83147,0.));
#14815=DIRECTION('',(0.83147,0.55557,0.));
#14816=AXIS2_PLACEMENT_3D('',#14813,#14814,#14815);
#14817=PLANE('',#14816);
#14818=ADVANCED_FACE('',(#14812),#14817,.T.);
#14819=ORIENTED_EDGE('',*,*,#13774,.T.);
#14820=CARTESIAN_POINT('',(289.49747,-49.49747,-275.));
#14821=VERTEX_POINT('',#14820);
#14822=DIRECTION('',(0.,0.,-1.));
#14823=VECTOR('',#14822,4.);
#14824=LINE('',#13764,#14823);
#14825=EDGE_CURVE('',#13765,#14821,#14824,.T.);
#14826=ORIENTED_EDGE('',*,*,#14825,.T.);
#14827=DIRECTION('',(0.75184,0.65935,0.));
#14828=VECTOR('',#14827,9.15644);
#14829=LINE('',#14798,#14828);
#14830=EDGE_CURVE('',#14799,#14821,#14829,.T.);
#14831=ORIENTED_EDGE('',*,*,#14830,.F.);
#14832=ORIENTED_EDGE('',*,*,#14803,.F.);
#14833=EDGE_LOOP('',(#14819,#14826,#14831,#14832));
#14834=FACE_OUTER_BOUND('',#14833,.T.);
#14835=CARTESIAN_POINT('',(282.6133,-55.53473,-271.));
#14836=DIRECTION('',(-0.65935,0.75184,0.));
#14837=DIRECTION('',(0.75184,0.65935,0.));
#14838=AXIS2_PLACEMENT_3D('',#14835,#14836,#14837);
#14839=PLANE('',#14838);
#14840=ADVANCED_FACE('',(#14834),#14839,.T.);
#14841=ORIENTED_EDGE('',*,*,#13796,.T.);
#14842=CARTESIAN_POINT('',(295.53473,-42.6133,-275.));
#14843=VERTEX_POINT('',#14842);
#14844=DIRECTION('',(0.,0.,-1.));
#14845=VECTOR('',#14844,4.);
#14846=LINE('',#13786,#14845);
#14847=EDGE_CURVE('',#13787,#14843,#14846,.T.);
#14848=ORIENTED_EDGE('',*,*,#14847,.T.);
#14849=DIRECTION('',(0.65935,0.75184,0.));
#14850=VECTOR('',#14849,9.15644);
#14851=LINE('',#14820,#14850);
#14852=EDGE_CURVE('',#14821,#14843,#14851,.T.);
#14853=ORIENTED_EDGE('',*,*,#14852,.F.);
#14854=ORIENTED_EDGE('',*,*,#14825,.F.);
#14855=EDGE_LOOP('',(#14841,#14848,#14853,#14854));
#14856=FACE_OUTER_BOUND('',#14855,.T.);
#14857=CARTESIAN_POINT('',(289.49747,-49.49747,-271.));
#14858=DIRECTION('',(-0.75184,0.65935,0.));
#14859=DIRECTION('',(0.65935,0.75184,0.));
#14860=AXIS2_PLACEMENT_3D('',#14857,#14858,#14859);
#14861=PLANE('',#14860);
#14862=ADVANCED_FACE('',(#14856),#14861,.T.);
#14863=ORIENTED_EDGE('',*,*,#13818,.T.);
#14864=CARTESIAN_POINT('',(300.62178,-35.,-275.));
#14865=VERTEX_POINT('',#14864);
#14866=DIRECTION('',(0.,0.,-1.));
#14867=VECTOR('',#14866,4.);
#14868=LINE('',#13808,#14867);
#14869=EDGE_CURVE('',#13809,#14865,#14868,.T.);
#14870=ORIENTED_EDGE('',*,*,#14869,.T.);
#14871=DIRECTION('',(0.55557,0.83147,0.));
#14872=VECTOR('',#14871,9.15644);
#14873=LINE('',#14842,#14872);
#14874=EDGE_CURVE('',#14843,#14865,#14873,.T.);
#14875=ORIENTED_EDGE('',*,*,#14874,.F.);
#14876=ORIENTED_EDGE('',*,*,#14847,.F.);
#14877=EDGE_LOOP('',(#14863,#14870,#14875,#14876));
#14878=FACE_OUTER_BOUND('',#14877,.T.);
#14879=CARTESIAN_POINT('',(295.53473,-42.6133,-271.));
#14880=DIRECTION('',(-0.83147,0.55557,0.));
#14881=DIRECTION('',(0.55557,0.83147,0.));
#14882=AXIS2_PLACEMENT_3D('',#14879,#14880,#14881);
#14883=PLANE('',#14882);
#14884=ADVANCED_FACE('',(#14878),#14883,.T.);
#14885=ORIENTED_EDGE('',*,*,#13840,.T.);
#14886=CARTESIAN_POINT('',(304.67157,-26.78784,-275.));
#14887=VERTEX_POINT('',#14886);
#14888=DIRECTION('',(0.,0.,-1.));
#14889=VECTOR('',#14888,4.);
#14890=LINE('',#13830,#14889);
#14891=EDGE_CURVE('',#13831,#14887,#14890,.T.);
#14892=ORIENTED_EDGE('',*,*,#14891,.T.);
#14893=DIRECTION('',(0.44229,0.89687,0.));
#14894=VECTOR('',#14893,9.15644);
#14895=LINE('',#14864,#14894);
#14896=EDGE_CURVE('',#14865,#14887,#14895,.T.);
#14897=ORIENTED_EDGE('',*,*,#14896,.F.);
#14898=ORIENTED_EDGE('',*,*,#14869,.F.);
#14899=EDGE_LOOP('',(#14885,#14892,#14897,#14898));
#14900=FACE_OUTER_BOUND('',#14899,.T.);
#14901=CARTESIAN_POINT('',(300.62178,-35.,-271.));
#14902=DIRECTION('',(-0.89687,0.44229,0.));
#14903=DIRECTION('',(0.44229,0.89687,0.));
#14904=AXIS2_PLACEMENT_3D('',#14901,#14902,#14903);
#14905=PLANE('',#14904);
#14906=ADVANCED_FACE('',(#14900),#14905,.T.);
#14907=ORIENTED_EDGE('',*,*,#13862,.T.);
#14908=CARTESIAN_POINT('',(307.61481,-18.11733,-275.));
#14909=VERTEX_POINT('',#14908);
#14910=DIRECTION('',(0.,0.,-1.));
#14911=VECTOR('',#14910,4.);
#14912=LINE('',#13852,#14911);
#14913=EDGE_CURVE('',#13853,#14909,#14912,.T.);
#14914=ORIENTED_EDGE('',*,*,#14913,.T.);
#14915=DIRECTION('',(0.32144,0.94693,0.));
#14916=VECTOR('',#14915,9.15644);
#14917=LINE('',#14886,#14916);
#14918=EDGE_CURVE('',#14887,#14909,#14917,.T.);
#14919=ORIENTED_EDGE('',*,*,#14918,.F.);
#14920=ORIENTED_EDGE('',*,*,#14891,.F.);
#14921=EDGE_LOOP('',(#14907,#14914,#14919,#14920));
#14922=FACE_OUTER_BOUND('',#14921,.T.);
#14923=CARTESIAN_POINT('',(304.67157,-26.78784,-271.));
#14924=DIRECTION('',(-0.94693,0.32144,0.));
#14925=DIRECTION('',(0.32144,0.94693,0.));
#14926=AXIS2_PLACEMENT_3D('',#14923,#14924,#14925);
#14927=PLANE('',#14926);
#14928=ADVANCED_FACE('',(#14922),#14927,.T.);
#14929=ORIENTED_EDGE('',*,*,#13884,.T.);
#14930=CARTESIAN_POINT('',(309.40114,-9.13683,-275.));
#14931=VERTEX_POINT('',#14930);
#14932=DIRECTION('',(0.,0.,-1.));
#14933=VECTOR('',#14932,4.);
#14934=LINE('',#13874,#14933);
#14935=EDGE_CURVE('',#13875,#14931,#14934,.T.);
#14936=ORIENTED_EDGE('',*,*,#14935,.T.);
#14937=DIRECTION('',(0.19509,0.98079,0.));
#14938=VECTOR('',#14937,9.15644);
#14939=LINE('',#14908,#14938);
#14940=EDGE_CURVE('',#14909,#14931,#14939,.T.);
#14941=ORIENTED_EDGE('',*,*,#14940,.F.);
#14942=ORIENTED_EDGE('',*,*,#14913,.F.);
#14943=EDGE_LOOP('',(#14929,#14936,#14941,#14942));
#14944=FACE_OUTER_BOUND('',#14943,.T.);
#14945=CARTESIAN_POINT('',(307.61481,-18.11733,-271.));
#14946=DIRECTION('',(-0.98079,0.19509,0.));
#14947=DIRECTION('',(0.19509,0.98079,0.));
#14948=AXIS2_PLACEMENT_3D('',#14945,#14946,#14947);
#14949=PLANE('',#14948);
#14950=ADVANCED_FACE('',(#14944),#14949,.T.);
#14951=ORIENTED_EDGE('',*,*,#13900,.F.);
#14952=ORIENTED_EDGE('',*,*,#13929,.T.);
#14953=DIRECTION('',(-0.0654,-0.99786,0.));
#14954=VECTOR('',#14953,9.15644);
#14955=LINE('',#13919,#14954);
#14956=EDGE_CURVE('',#13920,#14931,#14955,.T.);
#14957=ORIENTED_EDGE('',*,*,#14956,.T.);
#14958=ORIENTED_EDGE('',*,*,#14935,.F.);
#14959=EDGE_LOOP('',(#14951,#14952,#14957,#14958));
#14960=FACE_OUTER_BOUND('',#14959,.T.);
#14961=CARTESIAN_POINT('',(309.40114,-9.13683,-271.));
#14962=DIRECTION('',(-0.99786,0.0654,0.));
#14963=DIRECTION('',(0.0654,0.99786,0.));
#14964=AXIS2_PLACEMENT_3D('',#14961,#14962,#14963);
#14965=PLANE('',#14964);
#14966=ADVANCED_FACE('',(#14960),#14965,.T.);
#14967=ORIENTED_EDGE('',*,*,#13924,.T.);
#14968=DIRECTION('',(-0.99144,-0.13053,0.));
#14969=VECTOR('',#14968,10.);
#14970=LINE('',#11513,#14969);
#14971=EDGE_CURVE('',#11514,#13913,#14970,.T.);
#14972=ORIENTED_EDGE('',*,*,#14971,.F.);
#14973=ORIENTED_EDGE('',*,*,#11518,.F.);
#14974=DIRECTION('',(-1.,0.,0.));
#14975=VECTOR('',#14974,10.);
#14976=LINE('',#11511,#14975);
#14977=EDGE_CURVE('',#11512,#13920,#14976,.T.);
#14978=ORIENTED_EDGE('',*,*,#14977,.T.);
#14979=EDGE_LOOP('',(#14967,#14972,#14973,#14978));
#14980=FACE_OUTER_BOUND('',#14979,.T.);
#14981=CARTESIAN_POINT('',(310.,0.,-275.));
#14982=DIRECTION('',(0.,0.,-1.));
#14983=DIRECTION('',(-0.0654,0.99786,0.));
#14984=AXIS2_PLACEMENT_3D('',#14981,#14982,#14983);
#14985=PLANE('',#14984);
#14986=ADVANCED_FACE('',(#14980),#14985,.T.);
#14987=ORIENTED_EDGE('',*,*,#13950,.T.);
#14988=DIRECTION('',(-0.96593,-0.25882,0.));
#14989=VECTOR('',#14988,10.);
#14990=LINE('',#11547,#14989);
#14991=EDGE_CURVE('',#11548,#13941,#14990,.T.);
#14992=ORIENTED_EDGE('',*,*,#14991,.F.);
#14993=ORIENTED_EDGE('',*,*,#11552,.F.);
#14994=ORIENTED_EDGE('',*,*,#14971,.T.);
#14995=EDGE_LOOP('',(#14987,#14992,#14993,#14994));
#14996=FACE_OUTER_BOUND('',#14995,.T.);
#14997=CARTESIAN_POINT('',(309.40114,9.13683,-275.));
#14998=DIRECTION('',(0.,0.,-1.));
#14999=DIRECTION('',(-0.19509,0.98079,0.));
#15000=AXIS2_PLACEMENT_3D('',#14997,#14998,#14999);
#15001=PLANE('',#15000);
#15002=ADVANCED_FACE('',(#14996),#15001,.T.);
#15003=ORIENTED_EDGE('',*,*,#13972,.T.);
#15004=DIRECTION('',(-0.92388,-0.38268,0.));
#15005=VECTOR('',#15004,10.);
#15006=LINE('',#11575,#15005);
#15007=EDGE_CURVE('',#11576,#13963,#15006,.T.);
#15008=ORIENTED_EDGE('',*,*,#15007,.F.);
#15009=ORIENTED_EDGE('',*,*,#11580,.F.);
#15010=ORIENTED_EDGE('',*,*,#14991,.T.);
#15011=EDGE_LOOP('',(#15003,#15008,#15009,#15010));
#15012=FACE_OUTER_BOUND('',#15011,.T.);
#15013=CARTESIAN_POINT('',(307.61481,18.11733,-275.));
#15014=DIRECTION('',(0.,0.,-1.));
#15015=DIRECTION('',(-0.32144,0.94693,0.));
#15016=AXIS2_PLACEMENT_3D('',#15013,#15014,#15015);
#15017=PLANE('',#15016);
#15018=ADVANCED_FACE('',(#15012),#15017,.T.);
#15019=ORIENTED_EDGE('',*,*,#13994,.T.);
#15020=DIRECTION('',(-0.86603,-0.5,0.));
#15021=VECTOR('',#15020,10.);
#15022=LINE('',#11603,#15021);
#15023=EDGE_CURVE('',#11604,#13985,#15022,.T.);
#15024=ORIENTED_EDGE('',*,*,#15023,.F.);
#15025=ORIENTED_EDGE('',*,*,#11608,.F.);
#15026=ORIENTED_EDGE('',*,*,#15007,.T.);
#15027=EDGE_LOOP('',(#15019,#15024,#15025,#15026));
#15028=FACE_OUTER_BOUND('',#15027,.T.);
#15029=CARTESIAN_POINT('',(304.67157,26.78784,-275.));
#15030=DIRECTION('',(0.,0.,-1.));
#15031=DIRECTION('',(-0.44229,0.89687,0.));
#15032=AXIS2_PLACEMENT_3D('',#15029,#15030,#15031);
#15033=PLANE('',#15032);
#15034=ADVANCED_FACE('',(#15028),#15033,.T.);
#15035=ORIENTED_EDGE('',*,*,#14016,.T.);
#15036=DIRECTION('',(-0.79335,-0.60876,0.));
#15037=VECTOR('',#15036,10.);
#15038=LINE('',#11631,#15037);
#15039=EDGE_CURVE('',#11632,#14007,#15038,.T.);
#15040=ORIENTED_EDGE('',*,*,#15039,.F.);
#15041=ORIENTED_EDGE('',*,*,#11636,.F.);
#15042=ORIENTED_EDGE('',*,*,#15023,.T.);
#15043=EDGE_LOOP('',(#15035,#15040,#15041,#15042));
#15044=FACE_OUTER_BOUND('',#15043,.T.);
#15045=CARTESIAN_POINT('',(300.62178,35.,-275.));
#15046=DIRECTION('',(0.,0.,-1.));
#15047=DIRECTION('',(-0.55557,0.83147,0.));
#15048=AXIS2_PLACEMENT_3D('',#15045,#15046,#15047);
#15049=PLANE('',#15048);
#15050=ADVANCED_FACE('',(#15044),#15049,.T.);
#15051=ORIENTED_EDGE('',*,*,#14038,.T.);
#15052=DIRECTION('',(-0.70711,-0.70711,0.));
#15053=VECTOR('',#15052,10.);
#15054=LINE('',#11659,#15053);
#15055=EDGE_CURVE('',#11660,#14029,#15054,.T.);
#15056=ORIENTED_EDGE('',*,*,#15055,.F.);
#15057=ORIENTED_EDGE('',*,*,#11664,.F.);
#15058=ORIENTED_EDGE('',*,*,#15039,.T.);
#15059=EDGE_LOOP('',(#15051,#15056,#15057,#15058));
#15060=FACE_OUTER_BOUND('',#15059,.T.);
#15061=CARTESIAN_POINT('',(295.53473,42.6133,-275.));
#15062=DIRECTION('',(0.,0.,-1.));
#15063=DIRECTION('',(-0.65935,0.75184,0.));
#15064=AXIS2_PLACEMENT_3D('',#15061,#15062,#15063);
#15065=PLANE('',#15064);
#15066=ADVANCED_FACE('',(#15060),#15065,.T.);
#15067=ORIENTED_EDGE('',*,*,#14060,.T.);
#15068=DIRECTION('',(-0.60876,-0.79335,0.));
#15069=VECTOR('',#15068,10.);
#15070=LINE('',#11687,#15069);
#15071=EDGE_CURVE('',#11688,#14051,#15070,.T.);
#15072=ORIENTED_EDGE('',*,*,#15071,.F.);
#15073=ORIENTED_EDGE('',*,*,#11692,.F.);
#15074=ORIENTED_EDGE('',*,*,#15055,.T.);
#15075=EDGE_LOOP('',(#15067,#15072,#15073,#15074));
#15076=FACE_OUTER_BOUND('',#15075,.T.);
#15077=CARTESIAN_POINT('',(289.49747,49.49747,-275.));
#15078=DIRECTION('',(0.,0.,-1.));
#15079=DIRECTION('',(-0.75184,0.65935,0.));
#15080=AXIS2_PLACEMENT_3D('',#15077,#15078,#15079);
#15081=PLANE('',#15080);
#15082=ADVANCED_FACE('',(#15076),#15081,.T.);
#15083=ORIENTED_EDGE('',*,*,#14082,.T.);
#15084=DIRECTION('',(-0.5,-0.86603,0.));
#15085=VECTOR('',#15084,10.);
#15086=LINE('',#11715,#15085);
#15087=EDGE_CURVE('',#11716,#14073,#15086,.T.);
#15088=ORIENTED_EDGE('',*,*,#15087,.F.);
#15089=ORIENTED_EDGE('',*,*,#11720,.F.);
#15090=ORIENTED_EDGE('',*,*,#15071,.T.);
#15091=EDGE_LOOP('',(#15083,#15088,#15089,#15090));
#15092=FACE_OUTER_BOUND('',#15091,.T.);
#15093=CARTESIAN_POINT('',(282.6133,55.53473,-275.));
#15094=DIRECTION('',(0.,0.,-1.));
#15095=DIRECTION('',(-0.83147,0.55557,0.));
#15096=AXIS2_PLACEMENT_3D('',#15093,#15094,#15095);
#15097=PLANE('',#15096);
#15098=ADVANCED_FACE('',(#15092),#15097,.T.);
#15099=ORIENTED_EDGE('',*,*,#14104,.T.);
#15100=DIRECTION('',(-0.38268,-0.92388,0.));
#15101=VECTOR('',#15100,10.);
#15102=LINE('',#11743,#15101);
#15103=EDGE_CURVE('',#11744,#14095,#15102,.T.);
#15104=ORIENTED_EDGE('',*,*,#15103,.F.);
#15105=ORIENTED_EDGE('',*,*,#11748,.F.);
#15106=ORIENTED_EDGE('',*,*,#15087,.T.);
#15107=EDGE_LOOP('',(#15099,#15104,#15105,#15106));
#15108=FACE_OUTER_BOUND('',#15107,.T.);
#15109=CARTESIAN_POINT('',(275.,60.62178,-275.));
#15110=DIRECTION('',(0.,0.,-1.));
#15111=DIRECTION('',(-0.89687,0.44229,0.));
#15112=AXIS2_PLACEMENT_3D('',#15109,#15110,#15111);
#15113=PLANE('',#15112);
#15114=ADVANCED_FACE('',(#15108),#15113,.T.);
#15115=ORIENTED_EDGE('',*,*,#14126,.T.);
#15116=DIRECTION('',(-0.25882,-0.96593,0.));
#15117=VECTOR('',#15116,10.);
#15118=LINE('',#11771,#15117);
#15119=EDGE_CURVE('',#11772,#14117,#15118,.T.);
#15120=ORIENTED_EDGE('',*,*,#15119,.F.);
#15121=ORIENTED_EDGE('',*,*,#11776,.F.);
#15122=ORIENTED_EDGE('',*,*,#15103,.T.);
#15123=EDGE_LOOP('',(#15115,#15120,#15121,#15122));
#15124=FACE_OUTER_BOUND('',#15123,.T.);
#15125=CARTESIAN_POINT('',(266.78784,64.67157,-275.));
#15126=DIRECTION('',(0.,0.,-1.));
#15127=DIRECTION('',(-0.94693,0.32144,0.));
#15128=AXIS2_PLACEMENT_3D('',#15125,#15126,#15127);
#15129=PLANE('',#15128);
#15130=ADVANCED_FACE('',(#15124),#15129,.T.);
#15131=ORIENTED_EDGE('',*,*,#14148,.T.);
#15132=DIRECTION('',(-0.13053,-0.99144,0.));
#15133=VECTOR('',#15132,10.);
#15134=LINE('',#11799,#15133);
#15135=EDGE_CURVE('',#11800,#14139,#15134,.T.);
#15136=ORIENTED_EDGE('',*,*,#15135,.F.);
#15137=ORIENTED_EDGE('',*,*,#11804,.F.);
#15138=ORIENTED_EDGE('',*,*,#15119,.T.);
#15139=EDGE_LOOP('',(#15131,#15136,#15137,#15138));
#15140=FACE_OUTER_BOUND('',#15139,.T.);
#15141=CARTESIAN_POINT('',(258.11733,67.61481,-275.));
#15142=DIRECTION('',(0.,0.,-1.));
#15143=DIRECTION('',(-0.98079,0.19509,0.));
#15144=AXIS2_PLACEMENT_3D('',#15141,#15142,#15143);
#15145=PLANE('',#15144);
#15146=ADVANCED_FACE('',(#15140),#15145,.T.);
#15147=ORIENTED_EDGE('',*,*,#14170,.T.);
#15148=DIRECTION('',(0.,-1.,0.));
#15149=VECTOR('',#15148,10.);
#15150=LINE('',#11827,#15149);
#15151=EDGE_CURVE('',#11828,#14161,#15150,.T.);
#15152=ORIENTED_EDGE('',*,*,#15151,.F.);
#15153=ORIENTED_EDGE('',*,*,#11832,.F.);
#15154=ORIENTED_EDGE('',*,*,#15135,.T.);
#15155=EDGE_LOOP('',(#15147,#15152,#15153,#15154));
#15156=FACE_OUTER_BOUND('',#15155,.T.);
#15157=CARTESIAN_POINT('',(249.13683,69.40114,-275.));
#15158=DIRECTION('',(0.,0.,-1.));
#15159=DIRECTION('',(-0.99786,0.0654,0.));
#15160=AXIS2_PLACEMENT_3D('',#15157,#15158,#15159);
#15161=PLANE('',#15160);
#15162=ADVANCED_FACE('',(#15156),#15161,.T.);
#15163=ORIENTED_EDGE('',*,*,#14192,.T.);
#15164=DIRECTION('',(0.13053,-0.99144,0.));
#15165=VECTOR('',#15164,10.);
#15166=LINE('',#11855,#15165);
#15167=EDGE_CURVE('',#11856,#14183,#15166,.T.);
#15168=ORIENTED_EDGE('',*,*,#15167,.F.);
#15169=ORIENTED_EDGE('',*,*,#11860,.F.);
#15170=ORIENTED_EDGE('',*,*,#15151,.T.);
#15171=EDGE_LOOP('',(#15163,#15168,#15169,#15170));
#15172=FACE_OUTER_BOUND('',#15171,.T.);
#15173=CARTESIAN_POINT('',(240.,70.,-275.));
#15174=DIRECTION('',(0.,0.,-1.));
#15175=DIRECTION('',(-0.99786,-0.0654,0.));
#15176=AXIS2_PLACEMENT_3D('',#15173,#15174,#15175);
#15177=PLANE('',#15176);
#15178=ADVANCED_FACE('',(#15172),#15177,.T.);
#15179=ORIENTED_EDGE('',*,*,#14214,.T.);
#15180=DIRECTION('',(0.25882,-0.96593,0.));
#15181=VECTOR('',#15180,10.);
#15182=LINE('',#11883,#15181);
#15183=EDGE_CURVE('',#11884,#14205,#15182,.T.);
#15184=ORIENTED_EDGE('',*,*,#15183,.F.);
#15185=ORIENTED_EDGE('',*,*,#11888,.F.);
#15186=ORIENTED_EDGE('',*,*,#15167,.T.);
#15187=EDGE_LOOP('',(#15179,#15184,#15185,#15186));
#15188=FACE_OUTER_BOUND('',#15187,.T.);
#15189=CARTESIAN_POINT('',(230.86317,69.40114,-275.));
#15190=DIRECTION('',(0.,0.,-1.));
#15191=DIRECTION('',(-0.98079,-0.19509,0.));
#15192=AXIS2_PLACEMENT_3D('',#15189,#15190,#15191);
#15193=PLANE('',#15192);
#15194=ADVANCED_FACE('',(#15188),#15193,.T.);
#15195=ORIENTED_EDGE('',*,*,#14236,.T.);
#15196=DIRECTION('',(0.38268,-0.92388,0.));
#15197=VECTOR('',#15196,10.);
#15198=LINE('',#11911,#15197);
#15199=EDGE_CURVE('',#11912,#14227,#15198,.T.);
#15200=ORIENTED_EDGE('',*,*,#15199,.F.);
#15201=ORIENTED_EDGE('',*,*,#11916,.F.);
#15202=ORIENTED_EDGE('',*,*,#15183,.T.);
#15203=EDGE_LOOP('',(#15195,#15200,#15201,#15202));
#15204=FACE_OUTER_BOUND('',#15203,.T.);
#15205=CARTESIAN_POINT('',(221.88267,67.61481,-275.));
#15206=DIRECTION('',(0.,0.,-1.));
#15207=DIRECTION('',(-0.94693,-0.32144,0.));
#15208=AXIS2_PLACEMENT_3D('',#15205,#15206,#15207);
#15209=PLANE('',#15208);
#15210=ADVANCED_FACE('',(#15204),#15209,.T.);
#15211=ORIENTED_EDGE('',*,*,#14258,.T.);
#15212=DIRECTION('',(0.5,-0.86603,0.));
#15213=VECTOR('',#15212,10.);
#15214=LINE('',#11939,#15213);
#15215=EDGE_CURVE('',#11940,#14249,#15214,.T.);
#15216=ORIENTED_EDGE('',*,*,#15215,.F.);
#15217=ORIENTED_EDGE('',*,*,#11944,.F.);
#15218=ORIENTED_EDGE('',*,*,#15199,.T.);
#15219=EDGE_LOOP('',(#15211,#15216,#15217,#15218));
#15220=FACE_OUTER_BOUND('',#15219,.T.);
#15221=CARTESIAN_POINT('',(213.21216,64.67157,-275.));
#15222=DIRECTION('',(0.,0.,-1.));
#15223=DIRECTION('',(-0.89687,-0.44229,0.));
#15224=AXIS2_PLACEMENT_3D('',#15221,#15222,#15223);
#15225=PLANE('',#15224);
#15226=ADVANCED_FACE('',(#15220),#15225,.T.);
#15227=ORIENTED_EDGE('',*,*,#14280,.T.);
#15228=DIRECTION('',(0.60876,-0.79335,0.));
#15229=VECTOR('',#15228,10.);
#15230=LINE('',#11967,#15229);
#15231=EDGE_CURVE('',#11968,#14271,#15230,.T.);
#15232=ORIENTED_EDGE('',*,*,#15231,.F.);
#15233=ORIENTED_EDGE('',*,*,#11972,.F.);
#15234=ORIENTED_EDGE('',*,*,#15215,.T.);
#15235=EDGE_LOOP('',(#15227,#15232,#15233,#15234));
#15236=FACE_OUTER_BOUND('',#15235,.T.);
#15237=CARTESIAN_POINT('',(205.,60.62178,-275.));
#15238=DIRECTION('',(0.,0.,-1.));
#15239=DIRECTION('',(-0.83147,-0.55557,0.));
#15240=AXIS2_PLACEMENT_3D('',#15237,#15238,#15239);
#15241=PLANE('',#15240);
#15242=ADVANCED_FACE('',(#15236),#15241,.T.);
#15243=ORIENTED_EDGE('',*,*,#14302,.T.);
#15244=DIRECTION('',(0.70711,-0.70711,0.));
#15245=VECTOR('',#15244,10.);
#15246=LINE('',#11995,#15245);
#15247=EDGE_CURVE('',#11996,#14293,#15246,.T.);
#15248=ORIENTED_EDGE('',*,*,#15247,.F.);
#15249=ORIENTED_EDGE('',*,*,#12000,.F.);
#15250=ORIENTED_EDGE('',*,*,#15231,.T.);
#15251=EDGE_LOOP('',(#15243,#15248,#15249,#15250));
#15252=FACE_OUTER_BOUND('',#15251,.T.);
#15253=CARTESIAN_POINT('',(197.3867,55.53473,-275.));
#15254=DIRECTION('',(0.,0.,-1.));
#15255=DIRECTION('',(-0.75184,-0.65935,0.));
#15256=AXIS2_PLACEMENT_3D('',#15253,#15254,#15255);
#15257=PLANE('',#15256);
#15258=ADVANCED_FACE('',(#15252),#15257,.T.);
#15259=ORIENTED_EDGE('',*,*,#14324,.T.);
#15260=DIRECTION('',(0.79335,-0.60876,0.));
#15261=VECTOR('',#15260,10.);
#15262=LINE('',#12023,#15261);
#15263=EDGE_CURVE('',#12024,#14315,#15262,.T.);
#15264=ORIENTED_EDGE('',*,*,#15263,.F.);
#15265=ORIENTED_EDGE('',*,*,#12028,.F.);
#15266=ORIENTED_EDGE('',*,*,#15247,.T.);
#15267=EDGE_LOOP('',(#15259,#15264,#15265,#15266));
#15268=FACE_OUTER_BOUND('',#15267,.T.);
#15269=CARTESIAN_POINT('',(190.50253,49.49747,-275.));
#15270=DIRECTION('',(0.,0.,-1.));
#15271=DIRECTION('',(-0.65935,-0.75184,0.));
#15272=AXIS2_PLACEMENT_3D('',#15269,#15270,#15271);
#15273=PLANE('',#15272);
#15274=ADVANCED_FACE('',(#15268),#15273,.T.);
#15275=ORIENTED_EDGE('',*,*,#14346,.T.);
#15276=DIRECTION('',(0.86603,-0.5,0.));
#15277=VECTOR('',#15276,10.);
#15278=LINE('',#12051,#15277);
#15279=EDGE_CURVE('',#12052,#14337,#15278,.T.);
#15280=ORIENTED_EDGE('',*,*,#15279,.F.);
#15281=ORIENTED_EDGE('',*,*,#12056,.F.);
#15282=ORIENTED_EDGE('',*,*,#15263,.T.);
#15283=EDGE_LOOP('',(#15275,#15280,#15281,#15282));
#15284=FACE_OUTER_BOUND('',#15283,.T.);
#15285=CARTESIAN_POINT('',(184.46527,42.6133,-275.));
#15286=DIRECTION('',(0.,0.,-1.));
#15287=DIRECTION('',(-0.55557,-0.83147,0.));
#15288=AXIS2_PLACEMENT_3D('',#15285,#15286,#15287);
#15289=PLANE('',#15288);
#15290=ADVANCED_FACE('',(#15284),#15289,.T.);
#15291=ORIENTED_EDGE('',*,*,#14368,.T.);
#15292=DIRECTION('',(0.92388,-0.38268,0.));
#15293=VECTOR('',#15292,10.);
#15294=LINE('',#12079,#15293);
#15295=EDGE_CURVE('',#12080,#14359,#15294,.T.);
#15296=ORIENTED_EDGE('',*,*,#15295,.F.);
#15297=ORIENTED_EDGE('',*,*,#12084,.F.);
#15298=ORIENTED_EDGE('',*,*,#15279,.T.);
#15299=EDGE_LOOP('',(#15291,#15296,#15297,#15298));
#15300=FACE_OUTER_BOUND('',#15299,.T.);
#15301=CARTESIAN_POINT('',(179.37822,35.,-275.));
#15302=DIRECTION('',(0.,0.,-1.));
#15303=DIRECTION('',(-0.44229,-0.89687,0.));
#15304=AXIS2_PLACEMENT_3D('',#15301,#15302,#15303);
#15305=PLANE('',#15304);
#15306=ADVANCED_FACE('',(#15300),#15305,.T.);
#15307=ORIENTED_EDGE('',*,*,#14390,.T.);
#15308=DIRECTION('',(0.96593,-0.25882,0.));
#15309=VECTOR('',#15308,10.);
#15310=LINE('',#12107,#15309);
#15311=EDGE_CURVE('',#12108,#14381,#15310,.T.);
#15312=ORIENTED_EDGE('',*,*,#15311,.F.);
#15313=ORIENTED_EDGE('',*,*,#12112,.F.);
#15314=ORIENTED_EDGE('',*,*,#15295,.T.);
#15315=EDGE_LOOP('',(#15307,#15312,#15313,#15314));
#15316=FACE_OUTER_BOUND('',#15315,.T.);
#15317=CARTESIAN_POINT('',(175.32843,26.78784,-275.));
#15318=DIRECTION('',(0.,0.,-1.));
#15319=DIRECTION('',(-0.32144,-0.94693,0.));
#15320=AXIS2_PLACEMENT_3D('',#15317,#15318,#15319);
#15321=PLANE('',#15320);
#15322=ADVANCED_FACE('',(#15316),#15321,.T.);
#15323=ORIENTED_EDGE('',*,*,#14412,.T.);
#15324=DIRECTION('',(0.99144,-0.13053,0.));
#15325=VECTOR('',#15324,10.);
#15326=LINE('',#12135,#15325);
#15327=EDGE_CURVE('',#12136,#14403,#15326,.T.);
#15328=ORIENTED_EDGE('',*,*,#15327,.F.);
#15329=ORIENTED_EDGE('',*,*,#12140,.F.);
#15330=ORIENTED_EDGE('',*,*,#15311,.T.);
#15331=EDGE_LOOP('',(#15323,#15328,#15329,#15330));
#15332=FACE_OUTER_BOUND('',#15331,.T.);
#15333=CARTESIAN_POINT('',(172.38519,18.11733,-275.));
#15334=DIRECTION('',(0.,0.,-1.));
#15335=DIRECTION('',(-0.19509,-0.98079,0.));
#15336=AXIS2_PLACEMENT_3D('',#15333,#15334,#15335);
#15337=PLANE('',#15336);
#15338=ADVANCED_FACE('',(#15332),#15337,.T.);
#15339=ORIENTED_EDGE('',*,*,#14434,.T.);
#15340=DIRECTION('',(1.,0.,0.));
#15341=VECTOR('',#15340,10.);
#15342=LINE('',#12163,#15341);
#15343=EDGE_CURVE('',#12164,#14425,#15342,.T.);
#15344=ORIENTED_EDGE('',*,*,#15343,.F.);
#15345=ORIENTED_EDGE('',*,*,#12168,.F.);
#15346=ORIENTED_EDGE('',*,*,#15327,.T.);
#15347=EDGE_LOOP('',(#15339,#15344,#15345,#15346));
#15348=FACE_OUTER_BOUND('',#15347,.T.);
#15349=CARTESIAN_POINT('',(170.59886,9.13683,-275.));
#15350=DIRECTION('',(0.,0.,-1.));
#15351=DIRECTION('',(-0.0654,-0.99786,0.));
#15352=AXIS2_PLACEMENT_3D('',#15349,#15350,#15351);
#15353=PLANE('',#15352);
#15354=ADVANCED_FACE('',(#15348),#15353,.T.);
#15355=ORIENTED_EDGE('',*,*,#14456,.T.);
#15356=DIRECTION('',(0.99144,0.13053,0.));
#15357=VECTOR('',#15356,10.);
#15358=LINE('',#12191,#15357);
#15359=EDGE_CURVE('',#12192,#14447,#15358,.T.);
#15360=ORIENTED_EDGE('',*,*,#15359,.F.);
#15361=ORIENTED_EDGE('',*,*,#12196,.F.);
#15362=ORIENTED_EDGE('',*,*,#15343,.T.);
#15363=EDGE_LOOP('',(#15355,#15360,#15361,#15362));
#15364=FACE_OUTER_BOUND('',#15363,.T.);
#15365=CARTESIAN_POINT('',(170.,0.,-275.));
#15366=DIRECTION('',(0.,0.,-1.));
#15367=DIRECTION('',(0.0654,-0.99786,0.));
#15368=AXIS2_PLACEMENT_3D('',#15365,#15366,#15367);
#15369=PLANE('',#15368);
#15370=ADVANCED_FACE('',(#15364),#15369,.T.);
#15371=ORIENTED_EDGE('',*,*,#14478,.T.);
#15372=DIRECTION('',(0.96593,0.25882,0.));
#15373=VECTOR('',#15372,10.);
#15374=LINE('',#12219,#15373);
#15375=EDGE_CURVE('',#12220,#14469,#15374,.T.);
#15376=ORIENTED_EDGE('',*,*,#15375,.F.);
#15377=ORIENTED_EDGE('',*,*,#12224,.F.);
#15378=ORIENTED_EDGE('',*,*,#15359,.T.);
#15379=EDGE_LOOP('',(#15371,#15376,#15377,#15378));
#15380=FACE_OUTER_BOUND('',#15379,.T.);
#15381=CARTESIAN_POINT('',(170.59886,-9.13683,-275.));
#15382=DIRECTION('',(0.,0.,-1.));
#15383=DIRECTION('',(0.19509,-0.98079,0.));
#15384=AXIS2_PLACEMENT_3D('',#15381,#15382,#15383);
#15385=PLANE('',#15384);
#15386=ADVANCED_FACE('',(#15380),#15385,.T.);
#15387=ORIENTED_EDGE('',*,*,#14500,.T.);
#15388=DIRECTION('',(0.92388,0.38268,0.));
#15389=VECTOR('',#15388,10.);
#15390=LINE('',#12247,#15389);
#15391=EDGE_CURVE('',#12248,#14491,#15390,.T.);
#15392=ORIENTED_EDGE('',*,*,#15391,.F.);
#15393=ORIENTED_EDGE('',*,*,#12252,.F.);
#15394=ORIENTED_EDGE('',*,*,#15375,.T.);
#15395=EDGE_LOOP('',(#15387,#15392,#15393,#15394));
#15396=FACE_OUTER_BOUND('',#15395,.T.);
#15397=CARTESIAN_POINT('',(172.38519,-18.11733,-275.));
#15398=DIRECTION('',(0.,0.,-1.));
#15399=DIRECTION('',(0.32144,-0.94693,0.));
#15400=AXIS2_PLACEMENT_3D('',#15397,#15398,#15399);
#15401=PLANE('',#15400);
#15402=ADVANCED_FACE('',(#15396),#15401,.T.);
#15403=ORIENTED_EDGE('',*,*,#14522,.T.);
#15404=DIRECTION('',(0.86603,0.5,0.));
#15405=VECTOR('',#15404,10.);
#15406=LINE('',#12275,#15405);
#15407=EDGE_CURVE('',#12276,#14513,#15406,.T.);
#15408=ORIENTED_EDGE('',*,*,#15407,.F.);
#15409=ORIENTED_EDGE('',*,*,#12280,.F.);
#15410=ORIENTED_EDGE('',*,*,#15391,.T.);
#15411=EDGE_LOOP('',(#15403,#15408,#15409,#15410));
#15412=FACE_OUTER_BOUND('',#15411,.T.);
#15413=CARTESIAN_POINT('',(175.32843,-26.78784,-275.));
#15414=DIRECTION('',(0.,0.,-1.));
#15415=DIRECTION('',(0.44229,-0.89687,0.));
#15416=AXIS2_PLACEMENT_3D('',#15413,#15414,#15415);
#15417=PLANE('',#15416);
#15418=ADVANCED_FACE('',(#15412),#15417,.T.);
#15419=ORIENTED_EDGE('',*,*,#14544,.T.);
#15420=DIRECTION('',(0.79335,0.60876,0.));
#15421=VECTOR('',#15420,10.);
#15422=LINE('',#12303,#15421);
#15423=EDGE_CURVE('',#12304,#14535,#15422,.T.);
#15424=ORIENTED_EDGE('',*,*,#15423,.F.);
#15425=ORIENTED_EDGE('',*,*,#12308,.F.);
#15426=ORIENTED_EDGE('',*,*,#15407,.T.);
#15427=EDGE_LOOP('',(#15419,#15424,#15425,#15426));
#15428=FACE_OUTER_BOUND('',#15427,.T.);
#15429=CARTESIAN_POINT('',(179.37822,-35.,-275.));
#15430=DIRECTION('',(0.,0.,-1.));
#15431=DIRECTION('',(0.55557,-0.83147,0.));
#15432=AXIS2_PLACEMENT_3D('',#15429,#15430,#15431);
#15433=PLANE('',#15432);
#15434=ADVANCED_FACE('',(#15428),#15433,.T.);
#15435=ORIENTED_EDGE('',*,*,#14566,.T.);
#15436=DIRECTION('',(0.70711,0.70711,0.));
#15437=VECTOR('',#15436,10.);
#15438=LINE('',#12331,#15437);
#15439=EDGE_CURVE('',#12332,#14557,#15438,.T.);
#15440=ORIENTED_EDGE('',*,*,#15439,.F.);
#15441=ORIENTED_EDGE('',*,*,#12336,.F.);
#15442=ORIENTED_EDGE('',*,*,#15423,.T.);
#15443=EDGE_LOOP('',(#15435,#15440,#15441,#15442));
#15444=FACE_OUTER_BOUND('',#15443,.T.);
#15445=CARTESIAN_POINT('',(184.46527,-42.6133,-275.));
#15446=DIRECTION('',(0.,0.,-1.));
#15447=DIRECTION('',(0.65935,-0.75184,0.));
#15448=AXIS2_PLACEMENT_3D('',#15445,#15446,#15447);
#15449=PLANE('',#15448);
#15450=ADVANCED_FACE('',(#15444),#15449,.T.);
#15451=ORIENTED_EDGE('',*,*,#14588,.T.);
#15452=DIRECTION('',(0.60876,0.79335,0.));
#15453=VECTOR('',#15452,10.);
#15454=LINE('',#12359,#15453);
#15455=EDGE_CURVE('',#12360,#14579,#15454,.T.);
#15456=ORIENTED_EDGE('',*,*,#15455,.F.);
#15457=ORIENTED_EDGE('',*,*,#12364,.F.);
#15458=ORIENTED_EDGE('',*,*,#15439,.T.);
#15459=EDGE_LOOP('',(#15451,#15456,#15457,#15458));
#15460=FACE_OUTER_BOUND('',#15459,.T.);
#15461=CARTESIAN_POINT('',(190.50253,-49.49747,-275.));
#15462=DIRECTION('',(0.,0.,-1.));
#15463=DIRECTION('',(0.75184,-0.65935,0.));
#15464=AXIS2_PLACEMENT_3D('',#15461,#15462,#15463);
#15465=PLANE('',#15464);
#15466=ADVANCED_FACE('',(#15460),#15465,.T.);
#15467=ORIENTED_EDGE('',*,*,#14610,.T.);
#15468=DIRECTION('',(0.5,0.86603,0.));
#15469=VECTOR('',#15468,10.);
#15470=LINE('',#12387,#15469);
#15471=EDGE_CURVE('',#12388,#14601,#15470,.T.);
#15472=ORIENTED_EDGE('',*,*,#15471,.F.);
#15473=ORIENTED_EDGE('',*,*,#12392,.F.);
#15474=ORIENTED_EDGE('',*,*,#15455,.T.);
#15475=EDGE_LOOP('',(#15467,#15472,#15473,#15474));
#15476=FACE_OUTER_BOUND('',#15475,.T.);
#15477=CARTESIAN_POINT('',(197.3867,-55.53473,-275.));
#15478=DIRECTION('',(0.,0.,-1.));
#15479=DIRECTION('',(0.83147,-0.55557,0.));
#15480=AXIS2_PLACEMENT_3D('',#15477,#15478,#15479);
#15481=PLANE('',#15480);
#15482=ADVANCED_FACE('',(#15476),#15481,.T.);
#15483=ORIENTED_EDGE('',*,*,#14632,.T.);
#15484=DIRECTION('',(0.38268,0.92388,0.));
#15485=VECTOR('',#15484,10.);
#15486=LINE('',#12415,#15485);
#15487=EDGE_CURVE('',#12416,#14623,#15486,.T.);
#15488=ORIENTED_EDGE('',*,*,#15487,.F.);
#15489=ORIENTED_EDGE('',*,*,#12420,.F.);
#15490=ORIENTED_EDGE('',*,*,#15471,.T.);
#15491=EDGE_LOOP('',(#15483,#15488,#15489,#15490));
#15492=FACE_OUTER_BOUND('',#15491,.T.);
#15493=CARTESIAN_POINT('',(205.,-60.62178,-275.));
#15494=DIRECTION('',(0.,0.,-1.));
#15495=DIRECTION('',(0.89687,-0.44229,0.));
#15496=AXIS2_PLACEMENT_3D('',#15493,#15494,#15495);
#15497=PLANE('',#15496);
#15498=ADVANCED_FACE('',(#15492),#15497,.T.);
#15499=ORIENTED_EDGE('',*,*,#14654,.T.);
#15500=DIRECTION('',(0.25882,0.96593,0.));
#15501=VECTOR('',#15500,10.);
#15502=LINE('',#12443,#15501);
#15503=EDGE_CURVE('',#12444,#14645,#15502,.T.);
#15504=ORIENTED_EDGE('',*,*,#15503,.F.);
#15505=ORIENTED_EDGE('',*,*,#12448,.F.);
#15506=ORIENTED_EDGE('',*,*,#15487,.T.);
#15507=EDGE_LOOP('',(#15499,#15504,#15505,#15506));
#15508=FACE_OUTER_BOUND('',#15507,.T.);
#15509=CARTESIAN_POINT('',(213.21216,-64.67157,-275.));
#15510=DIRECTION('',(0.,0.,-1.));
#15511=DIRECTION('',(0.94693,-0.32144,0.));
#15512=AXIS2_PLACEMENT_3D('',#15509,#15510,#15511);
#15513=PLANE('',#15512);
#15514=ADVANCED_FACE('',(#15508),#15513,.T.);
#15515=ORIENTED_EDGE('',*,*,#14676,.T.);
#15516=DIRECTION('',(0.13053,0.99144,0.));
#15517=VECTOR('',#15516,10.);
#15518=LINE('',#12471,#15517);
#15519=EDGE_CURVE('',#12472,#14667,#15518,.T.);
#15520=ORIENTED_EDGE('',*,*,#15519,.F.);
#15521=ORIENTED_EDGE('',*,*,#12476,.F.);
#15522=ORIENTED_EDGE('',*,*,#15503,.T.);
#15523=EDGE_LOOP('',(#15515,#15520,#15521,#15522));
#15524=FACE_OUTER_BOUND('',#15523,.T.);
#15525=CARTESIAN_POINT('',(221.88267,-67.61481,-275.));
#15526=DIRECTION('',(0.,0.,-1.));
#15527=DIRECTION('',(0.98079,-0.19509,0.));
#15528=AXIS2_PLACEMENT_3D('',#15525,#15526,#15527);
#15529=PLANE('',#15528);
#15530=ADVANCED_FACE('',(#15524),#15529,.T.);
#15531=ORIENTED_EDGE('',*,*,#14698,.T.);
#15532=DIRECTION('',(0.,1.,0.));
#15533=VECTOR('',#15532,10.);
#15534=LINE('',#12499,#15533);
#15535=EDGE_CURVE('',#12500,#14689,#15534,.T.);
#15536=ORIENTED_EDGE('',*,*,#15535,.F.);
#15537=ORIENTED_EDGE('',*,*,#12504,.F.);
#15538=ORIENTED_EDGE('',*,*,#15519,.T.);
#15539=EDGE_LOOP('',(#15531,#15536,#15537,#15538));
#15540=FACE_OUTER_BOUND('',#15539,.T.);
#15541=CARTESIAN_POINT('',(230.86317,-69.40114,-275.));
#15542=DIRECTION('',(0.,0.,-1.));
#15543=DIRECTION('',(0.99786,-0.0654,0.));
#15544=AXIS2_PLACEMENT_3D('',#15541,#15542,#15543);
#15545=PLANE('',#15544);
#15546=ADVANCED_FACE('',(#15540),#15545,.T.);
#15547=ORIENTED_EDGE('',*,*,#14720,.T.);
#15548=DIRECTION('',(-0.13053,0.99144,0.));
#15549=VECTOR('',#15548,10.);
#15550=LINE('',#12527,#15549);
#15551=EDGE_CURVE('',#12528,#14711,#15550,.T.);
#15552=ORIENTED_EDGE('',*,*,#15551,.F.);
#15553=ORIENTED_EDGE('',*,*,#12532,.F.);
#15554=ORIENTED_EDGE('',*,*,#15535,.T.);
#15555=EDGE_LOOP('',(#15547,#15552,#15553,#15554));
#15556=FACE_OUTER_BOUND('',#15555,.T.);
#15557=CARTESIAN_POINT('',(240.,-70.,-275.));
#15558=DIRECTION('',(0.,0.,-1.));
#15559=DIRECTION('',(0.99786,0.0654,0.));
#15560=AXIS2_PLACEMENT_3D('',#15557,#15558,#15559);
#15561=PLANE('',#15560);
#15562=ADVANCED_FACE('',(#15556),#15561,.T.);
#15563=ORIENTED_EDGE('',*,*,#14742,.T.);
#15564=DIRECTION('',(-0.25882,0.96593,0.));
#15565=VECTOR('',#15564,10.);
#15566=LINE('',#12555,#15565);
#15567=EDGE_CURVE('',#12556,#14733,#15566,.T.);
#15568=ORIENTED_EDGE('',*,*,#15567,.F.);
#15569=ORIENTED_EDGE('',*,*,#12560,.F.);
#15570=ORIENTED_EDGE('',*,*,#15551,.T.);
#15571=EDGE_LOOP('',(#15563,#15568,#15569,#15570));
#15572=FACE_OUTER_BOUND('',#15571,.T.);
#15573=CARTESIAN_POINT('',(249.13683,-69.40114,-275.));
#15574=DIRECTION('',(0.,0.,-1.));
#15575=DIRECTION('',(0.98079,0.19509,0.));
#15576=AXIS2_PLACEMENT_3D('',#15573,#15574,#15575);
#15577=PLANE('',#15576);
#15578=ADVANCED_FACE('',(#15572),#15577,.T.);
#15579=ORIENTED_EDGE('',*,*,#14764,.T.);
#15580=DIRECTION('',(-0.38268,0.92388,0.));
#15581=VECTOR('',#15580,10.);
#15582=LINE('',#12583,#15581);
#15583=EDGE_CURVE('',#12584,#14755,#15582,.T.);
#15584=ORIENTED_EDGE('',*,*,#15583,.F.);
#15585=ORIENTED_EDGE('',*,*,#12588,.F.);
#15586=ORIENTED_EDGE('',*,*,#15567,.T.);
#15587=EDGE_LOOP('',(#15579,#15584,#15585,#15586));
#15588=FACE_OUTER_BOUND('',#15587,.T.);
#15589=CARTESIAN_POINT('',(258.11733,-67.61481,-275.));
#15590=DIRECTION('',(0.,0.,-1.));
#15591=DIRECTION('',(0.94693,0.32144,0.));
#15592=AXIS2_PLACEMENT_3D('',#15589,#15590,#15591);
#15593=PLANE('',#15592);
#15594=ADVANCED_FACE('',(#15588),#15593,.T.);
#15595=ORIENTED_EDGE('',*,*,#14786,.T.);
#15596=DIRECTION('',(-0.5,0.86603,0.));
#15597=VECTOR('',#15596,10.);
#15598=LINE('',#12611,#15597);
#15599=EDGE_CURVE('',#12612,#14777,#15598,.T.);
#15600=ORIENTED_EDGE('',*,*,#15599,.F.);
#15601=ORIENTED_EDGE('',*,*,#12616,.F.);
#15602=ORIENTED_EDGE('',*,*,#15583,.T.);
#15603=EDGE_LOOP('',(#15595,#15600,#15601,#15602));
#15604=FACE_OUTER_BOUND('',#15603,.T.);
#15605=CARTESIAN_POINT('',(266.78784,-64.67157,-275.));
#15606=DIRECTION('',(0.,0.,-1.));
#15607=DIRECTION('',(0.89687,0.44229,0.));
#15608=AXIS2_PLACEMENT_3D('',#15605,#15606,#15607);
#15609=PLANE('',#15608);
#15610=ADVANCED_FACE('',(#15604),#15609,.T.);
#15611=ORIENTED_EDGE('',*,*,#14808,.T.);
#15612=DIRECTION('',(-0.60876,0.79335,0.));
#15613=VECTOR('',#15612,10.);
#15614=LINE('',#12639,#15613);
#15615=EDGE_CURVE('',#12640,#14799,#15614,.T.);
#15616=ORIENTED_EDGE('',*,*,#15615,.F.);
#15617=ORIENTED_EDGE('',*,*,#12644,.F.);
#15618=ORIENTED_EDGE('',*,*,#15599,.T.);
#15619=EDGE_LOOP('',(#15611,#15616,#15617,#15618));
#15620=FACE_OUTER_BOUND('',#15619,.T.);
#15621=CARTESIAN_POINT('',(275.,-60.62178,-275.));
#15622=DIRECTION('',(0.,0.,-1.));
#15623=DIRECTION('',(0.83147,0.55557,0.));
#15624=AXIS2_PLACEMENT_3D('',#15621,#15622,#15623);
#15625=PLANE('',#15624);
#15626=ADVANCED_FACE('',(#15620),#15625,.T.);
#15627=ORIENTED_EDGE('',*,*,#14830,.T.);
#15628=DIRECTION('',(-0.70711,0.70711,0.));
#15629=VECTOR('',#15628,10.);
#15630=LINE('',#12667,#15629);
#15631=EDGE_CURVE('',#12668,#14821,#15630,.T.);
#15632=ORIENTED_EDGE('',*,*,#15631,.F.);
#15633=ORIENTED_EDGE('',*,*,#12672,.F.);
#15634=ORIENTED_EDGE('',*,*,#15615,.T.);
#15635=EDGE_LOOP('',(#15627,#15632,#15633,#15634));
#15636=FACE_OUTER_BOUND('',#15635,.T.);
#15637=CARTESIAN_POINT('',(282.6133,-55.53473,-275.));
#15638=DIRECTION('',(0.,0.,-1.));
#15639=DIRECTION('',(0.75184,0.65935,0.));
#15640=AXIS2_PLACEMENT_3D('',#15637,#15638,#15639);
#15641=PLANE('',#15640);
#15642=ADVANCED_FACE('',(#15636),#15641,.T.);
#15643=ORIENTED_EDGE('',*,*,#14852,.T.);
#15644=DIRECTION('',(-0.79335,0.60876,0.));
#15645=VECTOR('',#15644,10.);
#15646=LINE('',#12695,#15645);
#15647=EDGE_CURVE('',#12696,#14843,#15646,.T.);
#15648=ORIENTED_EDGE('',*,*,#15647,.F.);
#15649=ORIENTED_EDGE('',*,*,#12700,.F.);
#15650=ORIENTED_EDGE('',*,*,#15631,.T.);
#15651=EDGE_LOOP('',(#15643,#15648,#15649,#15650));
#15652=FACE_OUTER_BOUND('',#15651,.T.);
#15653=CARTESIAN_POINT('',(289.49747,-49.49747,-275.));
#15654=DIRECTION('',(0.,0.,-1.));
#15655=DIRECTION('',(0.65935,0.75184,0.));
#15656=AXIS2_PLACEMENT_3D('',#15653,#15654,#15655);
#15657=PLANE('',#15656);
#15658=ADVANCED_FACE('',(#15652),#15657,.T.);
#15659=ORIENTED_EDGE('',*,*,#14874,.T.);
#15660=DIRECTION('',(-0.86603,0.5,0.));
#15661=VECTOR('',#15660,10.);
#15662=LINE('',#12723,#15661);
#15663=EDGE_CURVE('',#12724,#14865,#15662,.T.);
#15664=ORIENTED_EDGE('',*,*,#15663,.F.);
#15665=ORIENTED_EDGE('',*,*,#12728,.F.);
#15666=ORIENTED_EDGE('',*,*,#15647,.T.);
#15667=EDGE_LOOP('',(#15659,#15664,#15665,#15666));
#15668=FACE_OUTER_BOUND('',#15667,.T.);
#15669=CARTESIAN_POINT('',(295.53473,-42.6133,-275.));
#15670=DIRECTION('',(0.,0.,-1.));
#15671=DIRECTION('',(0.55557,0.83147,0.));
#15672=AXIS2_PLACEMENT_3D('',#15669,#15670,#15671);
#15673=PLANE('',#15672);
#15674=ADVANCED_FACE('',(#15668),#15673,.T.);
#15675=ORIENTED_EDGE('',*,*,#14896,.T.);
#15676=DIRECTION('',(-0.92388,0.38268,0.));
#15677=VECTOR('',#15676,10.);
#15678=LINE('',#12751,#15677);
#15679=EDGE_CURVE('',#12752,#14887,#15678,.T.);
#15680=ORIENTED_EDGE('',*,*,#15679,.F.);
#15681=ORIENTED_EDGE('',*,*,#12756,.F.);
#15682=ORIENTED_EDGE('',*,*,#15663,.T.);
#15683=EDGE_LOOP('',(#15675,#15680,#15681,#15682));
#15684=FACE_OUTER_BOUND('',#15683,.T.);
#15685=CARTESIAN_POINT('',(300.62178,-35.,-275.));
#15686=DIRECTION('',(0.,0.,-1.));
#15687=DIRECTION('',(0.44229,0.89687,0.));
#15688=AXIS2_PLACEMENT_3D('',#15685,#15686,#15687);
#15689=PLANE('',#15688);
#15690=ADVANCED_FACE('',(#15684),#15689,.T.);
#15691=ORIENTED_EDGE('',*,*,#14918,.T.);
#15692=DIRECTION('',(-0.96593,0.25882,0.));
#15693=VECTOR('',#15692,10.);
#15694=LINE('',#12779,#15693);
#15695=EDGE_CURVE('',#12780,#14909,#15694,.T.);
#15696=ORIENTED_EDGE('',*,*,#15695,.F.);
#15697=ORIENTED_EDGE('',*,*,#12784,.F.);
#15698=ORIENTED_EDGE('',*,*,#15679,.T.);
#15699=EDGE_LOOP('',(#15691,#15696,#15697,#15698));
#15700=FACE_OUTER_BOUND('',#15699,.T.);
#15701=CARTESIAN_POINT('',(304.67157,-26.78784,-275.));
#15702=DIRECTION('',(0.,0.,-1.));
#15703=DIRECTION('',(0.32144,0.94693,0.));
#15704=AXIS2_PLACEMENT_3D('',#15701,#15702,#15703);
#15705=PLANE('',#15704);
#15706=ADVANCED_FACE('',(#15700),#15705,.T.);
#15707=ORIENTED_EDGE('',*,*,#14940,.T.);
#15708=DIRECTION('',(-0.99144,0.13053,0.));
#15709=VECTOR('',#15708,10.);
#15710=LINE('',#12807,#15709);
#15711=EDGE_CURVE('',#12808,#14931,#15710,.T.);
#15712=ORIENTED_EDGE('',*,*,#15711,.F.);
#15713=ORIENTED_EDGE('',*,*,#12812,.F.);
#15714=ORIENTED_EDGE('',*,*,#15695,.T.);
#15715=EDGE_LOOP('',(#15707,#15712,#15713,#15714));
#15716=FACE_OUTER_BOUND('',#15715,.T.);
#15717=CARTESIAN_POINT('',(307.61481,-18.11733,-275.));
#15718=DIRECTION('',(0.,0.,-1.));
#15719=DIRECTION('',(0.19509,0.98079,0.));
#15720=AXIS2_PLACEMENT_3D('',#15717,#15718,#15719);
#15721=PLANE('',#15720);
#15722=ADVANCED_FACE('',(#15716),#15721,.T.);
#15723=ORIENTED_EDGE('',*,*,#14956,.F.);
#15724=ORIENTED_EDGE('',*,*,#14977,.F.);
#15725=ORIENTED_EDGE('',*,*,#12838,.T.);
#15726=ORIENTED_EDGE('',*,*,#15711,.T.);
#15727=EDGE_LOOP('',(#15723,#15724,#15725,#15726));
#15728=FACE_OUTER_BOUND('',#15727,.T.);
#15729=CARTESIAN_POINT('',(309.40114,-9.13683,-275.));
#15730=DIRECTION('',(0.,0.,-1.));
#15731=DIRECTION('',(0.0654,0.99786,0.));
#15732=AXIS2_PLACEMENT_3D('',#15729,#15730,#15731);
#15733=PLANE('',#15732);
#15734=ADVANCED_FACE('',(#15728),#15733,.T.);
#15735=CLOSED_SHELL('',(#11546,#11574,#11602,#11630,#11658,#11686,#11714,#11742,#11770,#11798,#11826,#11854,#11882,#11910,#11938,#11966,#11994,#12022,#12050,#12078,#12106,#12134,#12162,#12190,#12218,#12246,#12274,#12302,#12330,#12358,#12386,#12414,#12442,#12470,#12498,#12526,#12554,#12582,#12610,#12638,#12666,#12694,#12722,#12750,#12778,#12806,#12834,#12854,#12882,#12904,#12926,#12948,#12970,#12992,#13014,#13036,#13058,#13080,#13102,#13124,#13146,#13168,#13190,#13212,#13234,#13256,#13278,#13300,#13322,#13344,#13366,#13388,#13410,#13432,#13454,#13476,#13498,#13520,#13542,#13564,#13586,#13608,#13630,#13652,#13674,#13696,#13718,#13740,#13762,#13784,#13806,#13828,#13850,#13872,#13894,#13910,#13938,#13960,#13982,#14004,#14026,#14048,#14070,#14092,#14114,#14136,#14158,#14180,#14202,#14224,#14246,#14268,#14290,#14312,#14334,#14356,#14378,#14400,#14422,#14444,#14466,#14488,#14510,#14532,#14554,#14576,#14598,#14620,#14642,#14664,#14686,#14708,#14730,#14752,#14774,#14796,#14818,#14840,#14862,#14884,#14906,#14928,#14950,#14966,#14986,#15002,#15018,#15034,#15050,#15066,#15082,#15098,#15114,#15130,#15146,#15162,#15178,#15194,#15210,#15226,#15242,#15258,#15274,#15290,#15306,#15322,#15338,#15354,#15370,#15386,#15402,#15418,#15434,#15450,#15466,#15482,#15498,#15514,#15530,#15546,#15562,#15578,#15594,#15610,#15626,#15642,#15658,#15674,#15690,#15706,#15722,#15734));
#15736=MANIFOLD_SOLID_BREP('',#15735);
#15737=STYLED_ITEM('color',(#4250),#15736);
#15738=CARTESIAN_POINT('',(320.,0.,-384.));
#15739=VERTEX_POINT('',#15738);
#15740=CARTESIAN_POINT('',(319.31559,10.4421,-384.));
#15741=VERTEX_POINT('',#15740);
#15742=DIRECTION('',(-0.0654,0.99786,0.));
#15743=VECTOR('',#15742,10.4645);
#15744=LINE('',#15738,#15743);
#15745=EDGE_CURVE('',#15739,#15741,#15744,.T.);
#15746=ORIENTED_EDGE('',*,*,#15745,.T.);
#15747=CARTESIAN_POINT('',(319.31559,10.4421,-380.));
#15748=VERTEX_POINT('',#15747);
#15749=DIRECTION('',(0.,0.,1.));
#15750=VECTOR('',#15749,4.);
#15751=LINE('',#15740,#15750);
#15752=EDGE_CURVE('',#15741,#15748,#15751,.T.);
#15753=ORIENTED_EDGE('',*,*,#15752,.T.);
#15754=CARTESIAN_POINT('',(320.,0.,-380.));
#15755=VERTEX_POINT('',#15754);
#15756=DIRECTION('',(-0.0654,0.99786,0.));
#15757=VECTOR('',#15756,10.4645);
#15758=LINE('',#15754,#15757);
#15759=EDGE_CURVE('',#15755,#15748,#15758,.T.);
#15760=ORIENTED_EDGE('',*,*,#15759,.F.);
#15761=DIRECTION('',(0.,0.,1.));
#15762=VECTOR('',#15761,4.);
#15763=LINE('',#15738,#15762);
#15764=EDGE_CURVE('',#15739,#15755,#15763,.T.);
#15765=ORIENTED_EDGE('',*,*,#15764,.F.);
#15766=EDGE_LOOP('',(#15746,#15753,#15760,#15765));
#15767=FACE_OUTER_BOUND('',#15766,.T.);
#15768=CARTESIAN_POINT('',(320.,0.,-384.));
#15769=DIRECTION('',(0.99786,0.0654,0.));
#15770=DIRECTION('',(-0.0654,0.99786,0.));
#15771=AXIS2_PLACEMENT_3D('',#15768,#15769,#15770);
#15772=PLANE('',#15771);
#15773=ADVANCED_FACE('',(#15767),#15772,.T.);
#15774=CARTESIAN_POINT('',(317.27407,20.70552,-384.));
#15775=VERTEX_POINT('',#15774);
#15776=DIRECTION('',(-0.19509,0.98079,0.));
#15777=VECTOR('',#15776,10.4645);
#15778=LINE('',#15740,#15777);
#15779=EDGE_CURVE('',#15741,#15775,#15778,.T.);
#15780=ORIENTED_EDGE('',*,*,#15779,.T.);
#15781=CARTESIAN_POINT('',(317.27407,20.70552,-380.));
#15782=VERTEX_POINT('',#15781);
#15783=DIRECTION('',(0.,0.,1.));
#15784=VECTOR('',#15783,4.);
#15785=LINE('',#15774,#15784);
#15786=EDGE_CURVE('',#15775,#15782,#15785,.T.);
#15787=ORIENTED_EDGE('',*,*,#15786,.T.);
#15788=DIRECTION('',(-0.19509,0.98079,0.));
#15789=VECTOR('',#15788,10.4645);
#15790=LINE('',#15747,#15789);
#15791=EDGE_CURVE('',#15748,#15782,#15790,.T.);
#15792=ORIENTED_EDGE('',*,*,#15791,.F.);
#15793=ORIENTED_EDGE('',*,*,#15752,.F.);
#15794=EDGE_LOOP('',(#15780,#15787,#15792,#15793));
#15795=FACE_OUTER_BOUND('',#15794,.T.);
#15796=CARTESIAN_POINT('',(319.31559,10.4421,-384.));
#15797=DIRECTION('',(0.98079,0.19509,0.));
#15798=DIRECTION('',(-0.19509,0.98079,0.));
#15799=AXIS2_PLACEMENT_3D('',#15796,#15797,#15798);
#15800=PLANE('',#15799);
#15801=ADVANCED_FACE('',(#15795),#15800,.T.);
#15802=CARTESIAN_POINT('',(313.91036,30.61467,-384.));
#15803=VERTEX_POINT('',#15802);
#15804=DIRECTION('',(-0.32144,0.94693,0.));
#15805=VECTOR('',#15804,10.4645);
#15806=LINE('',#15774,#15805);
#15807=EDGE_CURVE('',#15775,#15803,#15806,.T.);
#15808=ORIENTED_EDGE('',*,*,#15807,.T.);
#15809=CARTESIAN_POINT('',(313.91036,30.61467,-380.));
#15810=VERTEX_POINT('',#15809);
#15811=DIRECTION('',(0.,0.,1.));
#15812=VECTOR('',#15811,4.);
#15813=LINE('',#15802,#15812);
#15814=EDGE_CURVE('',#15803,#15810,#15813,.T.);
#15815=ORIENTED_EDGE('',*,*,#15814,.T.);
#15816=DIRECTION('',(-0.32144,0.94693,0.));
#15817=VECTOR('',#15816,10.4645);
#15818=LINE('',#15781,#15817);
#15819=EDGE_CURVE('',#15782,#15810,#15818,.T.);
#15820=ORIENTED_EDGE('',*,*,#15819,.F.);
#15821=ORIENTED_EDGE('',*,*,#15786,.F.);
#15822=EDGE_LOOP('',(#15808,#15815,#15820,#15821));
#15823=FACE_OUTER_BOUND('',#15822,.T.);
#15824=CARTESIAN_POINT('',(317.27407,20.70552,-384.));
#15825=DIRECTION('',(0.94693,0.32144,0.));
#15826=DIRECTION('',(-0.32144,0.94693,0.));
#15827=AXIS2_PLACEMENT_3D('',#15824,#15825,#15826);
#15828=PLANE('',#15827);
#15829=ADVANCED_FACE('',(#15823),#15828,.T.);
#15830=CARTESIAN_POINT('',(309.28203,40.,-384.));
#15831=VERTEX_POINT('',#15830);
#15832=DIRECTION('',(-0.44229,0.89687,0.));
#15833=VECTOR('',#15832,10.4645);
#15834=LINE('',#15802,#15833);
#15835=EDGE_CURVE('',#15803,#15831,#15834,.T.);
#15836=ORIENTED_EDGE('',*,*,#15835,.T.);
#15837=CARTESIAN_POINT('',(309.28203,40.,-380.));
#15838=VERTEX_POINT('',#15837);
#15839=DIRECTION('',(0.,0.,1.));
#15840=VECTOR('',#15839,4.);
#15841=LINE('',#15830,#15840);
#15842=EDGE_CURVE('',#15831,#15838,#15841,.T.);
#15843=ORIENTED_EDGE('',*,*,#15842,.T.);
#15844=DIRECTION('',(-0.44229,0.89687,0.));
#15845=VECTOR('',#15844,10.4645);
#15846=LINE('',#15809,#15845);
#15847=EDGE_CURVE('',#15810,#15838,#15846,.T.);
#15848=ORIENTED_EDGE('',*,*,#15847,.F.);
#15849=ORIENTED_EDGE('',*,*,#15814,.F.);
#15850=EDGE_LOOP('',(#15836,#15843,#15848,#15849));
#15851=FACE_OUTER_BOUND('',#15850,.T.);
#15852=CARTESIAN_POINT('',(313.91036,30.61467,-384.));
#15853=DIRECTION('',(0.89687,0.44229,0.));
#15854=DIRECTION('',(-0.44229,0.89687,0.));
#15855=AXIS2_PLACEMENT_3D('',#15852,#15853,#15854);
#15856=PLANE('',#15855);
#15857=ADVANCED_FACE('',(#15851),#15856,.T.);
#15858=CARTESIAN_POINT('',(303.46827,48.70091,-384.));
#15859=VERTEX_POINT('',#15858);
#15860=DIRECTION('',(-0.55557,0.83147,0.));
#15861=VECTOR('',#15860,10.4645);
#15862=LINE('',#15830,#15861);
#15863=EDGE_CURVE('',#15831,#15859,#15862,.T.);
#15864=ORIENTED_EDGE('',*,*,#15863,.T.);
#15865=CARTESIAN_POINT('',(303.46827,48.70091,-380.));
#15866=VERTEX_POINT('',#15865);
#15867=DIRECTION('',(0.,0.,1.));
#15868=VECTOR('',#15867,4.);
#15869=LINE('',#15858,#15868);
#15870=EDGE_CURVE('',#15859,#15866,#15869,.T.);
#15871=ORIENTED_EDGE('',*,*,#15870,.T.);
#15872=DIRECTION('',(-0.55557,0.83147,0.));
#15873=VECTOR('',#15872,10.4645);
#15874=LINE('',#15837,#15873);
#15875=EDGE_CURVE('',#15838,#15866,#15874,.T.);
#15876=ORIENTED_EDGE('',*,*,#15875,.F.);
#15877=ORIENTED_EDGE('',*,*,#15842,.F.);
#15878=EDGE_LOOP('',(#15864,#15871,#15876,#15877));
#15879=FACE_OUTER_BOUND('',#15878,.T.);
#15880=CARTESIAN_POINT('',(309.28203,40.,-384.));
#15881=DIRECTION('',(0.83147,0.55557,0.));
#15882=DIRECTION('',(-0.55557,0.83147,0.));
#15883=AXIS2_PLACEMENT_3D('',#15880,#15881,#15882);
#15884=PLANE('',#15883);
#15885=ADVANCED_FACE('',(#15879),#15884,.T.);
#15886=CARTESIAN_POINT('',(296.56854,56.56854,-384.));
#15887=VERTEX_POINT('',#15886);
#15888=DIRECTION('',(-0.65935,0.75184,0.));
#15889=VECTOR('',#15888,10.4645);
#15890=LINE('',#15858,#15889);
#15891=EDGE_CURVE('',#15859,#15887,#15890,.T.);
#15892=ORIENTED_EDGE('',*,*,#15891,.T.);
#15893=CARTESIAN_POINT('',(296.56854,56.56854,-380.));
#15894=VERTEX_POINT('',#15893);
#15895=DIRECTION('',(0.,0.,1.));
#15896=VECTOR('',#15895,4.);
#15897=LINE('',#15886,#15896);
#15898=EDGE_CURVE('',#15887,#15894,#15897,.T.);
#15899=ORIENTED_EDGE('',*,*,#15898,.T.);
#15900=DIRECTION('',(-0.65935,0.75184,0.));
#15901=VECTOR('',#15900,10.4645);
#15902=LINE('',#15865,#15901);
#15903=EDGE_CURVE('',#15866,#15894,#15902,.T.);
#15904=ORIENTED_EDGE('',*,*,#15903,.F.);
#15905=ORIENTED_EDGE('',*,*,#15870,.F.);
#15906=EDGE_LOOP('',(#15892,#15899,#15904,#15905));
#15907=FACE_OUTER_BOUND('',#15906,.T.);
#15908=CARTESIAN_POINT('',(303.46827,48.70091,-384.));
#15909=DIRECTION('',(0.75184,0.65935,0.));
#15910=DIRECTION('',(-0.65935,0.75184,0.));
#15911=AXIS2_PLACEMENT_3D('',#15908,#15909,#15910);
#15912=PLANE('',#15911);
#15913=ADVANCED_FACE('',(#15907),#15912,.T.);
#15914=CARTESIAN_POINT('',(288.70091,63.46827,-384.));
#15915=VERTEX_POINT('',#15914);
#15916=DIRECTION('',(-0.75184,0.65935,0.));
#15917=VECTOR('',#15916,10.4645);
#15918=LINE('',#15886,#15917);
#15919=EDGE_CURVE('',#15887,#15915,#15918,.T.);
#15920=ORIENTED_EDGE('',*,*,#15919,.T.);
#15921=CARTESIAN_POINT('',(288.70091,63.46827,-380.));
#15922=VERTEX_POINT('',#15921);
#15923=DIRECTION('',(0.,0.,1.));
#15924=VECTOR('',#15923,4.);
#15925=LINE('',#15914,#15924);
#15926=EDGE_CURVE('',#15915,#15922,#15925,.T.);
#15927=ORIENTED_EDGE('',*,*,#15926,.T.);
#15928=DIRECTION('',(-0.75184,0.65935,0.));
#15929=VECTOR('',#15928,10.4645);
#15930=LINE('',#15893,#15929);
#15931=EDGE_CURVE('',#15894,#15922,#15930,.T.);
#15932=ORIENTED_EDGE('',*,*,#15931,.F.);
#15933=ORIENTED_EDGE('',*,*,#15898,.F.);
#15934=EDGE_LOOP('',(#15920,#15927,#15932,#15933));
#15935=FACE_OUTER_BOUND('',#15934,.T.);
#15936=CARTESIAN_POINT('',(296.56854,56.56854,-384.));
#15937=DIRECTION('',(0.65935,0.75184,0.));
#15938=DIRECTION('',(-0.75184,0.65935,0.));
#15939=AXIS2_PLACEMENT_3D('',#15936,#15937,#15938);
#15940=PLANE('',#15939);
#15941=ADVANCED_FACE('',(#15935),#15940,.T.);
#15942=CARTESIAN_POINT('',(280.,69.28203,-384.));
#15943=VERTEX_POINT('',#15942);
#15944=DIRECTION('',(-0.83147,0.55557,0.));
#15945=VECTOR('',#15944,10.4645);
#15946=LINE('',#15914,#15945);
#15947=EDGE_CURVE('',#15915,#15943,#15946,.T.);
#15948=ORIENTED_EDGE('',*,*,#15947,.T.);
#15949=CARTESIAN_POINT('',(280.,69.28203,-380.));
#15950=VERTEX_POINT('',#15949);
#15951=DIRECTION('',(0.,0.,1.));
#15952=VECTOR('',#15951,4.);
#15953=LINE('',#15942,#15952);
#15954=EDGE_CURVE('',#15943,#15950,#15953,.T.);
#15955=ORIENTED_EDGE('',*,*,#15954,.T.);
#15956=DIRECTION('',(-0.83147,0.55557,0.));
#15957=VECTOR('',#15956,10.4645);
#15958=LINE('',#15921,#15957);
#15959=EDGE_CURVE('',#15922,#15950,#15958,.T.);
#15960=ORIENTED_EDGE('',*,*,#15959,.F.);
#15961=ORIENTED_EDGE('',*,*,#15926,.F.);
#15962=EDGE_LOOP('',(#15948,#15955,#15960,#15961));
#15963=FACE_OUTER_BOUND('',#15962,.T.);
#15964=CARTESIAN_POINT('',(288.70091,63.46827,-384.));
#15965=DIRECTION('',(0.55557,0.83147,0.));
#15966=DIRECTION('',(-0.83147,0.55557,0.));
#15967=AXIS2_PLACEMENT_3D('',#15964,#15965,#15966);
#15968=PLANE('',#15967);
#15969=ADVANCED_FACE('',(#15963),#15968,.T.);
#15970=CARTESIAN_POINT('',(270.61467,73.91036,-384.));
#15971=VERTEX_POINT('',#15970);
#15972=DIRECTION('',(-0.89687,0.44229,0.));
#15973=VECTOR('',#15972,10.4645);
#15974=LINE('',#15942,#15973);
#15975=EDGE_CURVE('',#15943,#15971,#15974,.T.);
#15976=ORIENTED_EDGE('',*,*,#15975,.T.);
#15977=CARTESIAN_POINT('',(270.61467,73.91036,-380.));
#15978=VERTEX_POINT('',#15977);
#15979=DIRECTION('',(0.,0.,1.));
#15980=VECTOR('',#15979,4.);
#15981=LINE('',#15970,#15980);
#15982=EDGE_CURVE('',#15971,#15978,#15981,.T.);
#15983=ORIENTED_EDGE('',*,*,#15982,.T.);
#15984=DIRECTION('',(-0.89687,0.44229,0.));
#15985=VECTOR('',#15984,10.4645);
#15986=LINE('',#15949,#15985);
#15987=EDGE_CURVE('',#15950,#15978,#15986,.T.);
#15988=ORIENTED_EDGE('',*,*,#15987,.F.);
#15989=ORIENTED_EDGE('',*,*,#15954,.F.);
#15990=EDGE_LOOP('',(#15976,#15983,#15988,#15989));
#15991=FACE_OUTER_BOUND('',#15990,.T.);
#15992=CARTESIAN_POINT('',(280.,69.28203,-384.));
#15993=DIRECTION('',(0.44229,0.89687,0.));
#15994=DIRECTION('',(-0.89687,0.44229,0.));
#15995=AXIS2_PLACEMENT_3D('',#15992,#15993,#15994);
#15996=PLANE('',#15995);
#15997=ADVANCED_FACE('',(#15991),#15996,.T.);
#15998=CARTESIAN_POINT('',(260.70552,77.27407,-384.));
#15999=VERTEX_POINT('',#15998);
#16000=DIRECTION('',(-0.94693,0.32144,0.));
#16001=VECTOR('',#16000,10.4645);
#16002=LINE('',#15970,#16001);
#16003=EDGE_CURVE('',#15971,#15999,#16002,.T.);
#16004=ORIENTED_EDGE('',*,*,#16003,.T.);
#16005=CARTESIAN_POINT('',(260.70552,77.27407,-380.));
#16006=VERTEX_POINT('',#16005);
#16007=DIRECTION('',(0.,0.,1.));
#16008=VECTOR('',#16007,4.);
#16009=LINE('',#15998,#16008);
#16010=EDGE_CURVE('',#15999,#16006,#16009,.T.);
#16011=ORIENTED_EDGE('',*,*,#16010,.T.);
#16012=DIRECTION('',(-0.94693,0.32144,0.));
#16013=VECTOR('',#16012,10.4645);
#16014=LINE('',#15977,#16013);
#16015=EDGE_CURVE('',#15978,#16006,#16014,.T.);
#16016=ORIENTED_EDGE('',*,*,#16015,.F.);
#16017=ORIENTED_EDGE('',*,*,#15982,.F.);
#16018=EDGE_LOOP('',(#16004,#16011,#16016,#16017));
#16019=FACE_OUTER_BOUND('',#16018,.T.);
#16020=CARTESIAN_POINT('',(270.61467,73.91036,-384.));
#16021=DIRECTION('',(0.32144,0.94693,0.));
#16022=DIRECTION('',(-0.94693,0.32144,0.));
#16023=AXIS2_PLACEMENT_3D('',#16020,#16021,#16022);
#16024=PLANE('',#16023);
#16025=ADVANCED_FACE('',(#16019),#16024,.T.);
#16026=CARTESIAN_POINT('',(250.4421,79.31559,-384.));
#16027=VERTEX_POINT('',#16026);
#16028=DIRECTION('',(-0.98079,0.19509,0.));
#16029=VECTOR('',#16028,10.4645);
#16030=LINE('',#15998,#16029);
#16031=EDGE_CURVE('',#15999,#16027,#16030,.T.);
#16032=ORIENTED_EDGE('',*,*,#16031,.T.);
#16033=CARTESIAN_POINT('',(250.4421,79.31559,-380.));
#16034=VERTEX_POINT('',#16033);
#16035=DIRECTION('',(0.,0.,1.));
#16036=VECTOR('',#16035,4.);
#16037=LINE('',#16026,#16036);
#16038=EDGE_CURVE('',#16027,#16034,#16037,.T.);
#16039=ORIENTED_EDGE('',*,*,#16038,.T.);
#16040=DIRECTION('',(-0.98079,0.19509,0.));
#16041=VECTOR('',#16040,10.4645);
#16042=LINE('',#16005,#16041);
#16043=EDGE_CURVE('',#16006,#16034,#16042,.T.);
#16044=ORIENTED_EDGE('',*,*,#16043,.F.);
#16045=ORIENTED_EDGE('',*,*,#16010,.F.);
#16046=EDGE_LOOP('',(#16032,#16039,#16044,#16045));
#16047=FACE_OUTER_BOUND('',#16046,.T.);
#16048=CARTESIAN_POINT('',(260.70552,77.27407,-384.));
#16049=DIRECTION('',(0.19509,0.98079,0.));
#16050=DIRECTION('',(-0.98079,0.19509,0.));
#16051=AXIS2_PLACEMENT_3D('',#16048,#16049,#16050);
#16052=PLANE('',#16051);
#16053=ADVANCED_FACE('',(#16047),#16052,.T.);
#16054=CARTESIAN_POINT('',(240.,80.,-384.));
#16055=VERTEX_POINT('',#16054);
#16056=DIRECTION('',(-0.99786,0.0654,0.));
#16057=VECTOR('',#16056,10.4645);
#16058=LINE('',#16026,#16057);
#16059=EDGE_CURVE('',#16027,#16055,#16058,.T.);
#16060=ORIENTED_EDGE('',*,*,#16059,.T.);
#16061=CARTESIAN_POINT('',(240.,80.,-380.));
#16062=VERTEX_POINT('',#16061);
#16063=DIRECTION('',(0.,0.,1.));
#16064=VECTOR('',#16063,4.);
#16065=LINE('',#16054,#16064);
#16066=EDGE_CURVE('',#16055,#16062,#16065,.T.);
#16067=ORIENTED_EDGE('',*,*,#16066,.T.);
#16068=DIRECTION('',(-0.99786,0.0654,0.));
#16069=VECTOR('',#16068,10.4645);
#16070=LINE('',#16033,#16069);
#16071=EDGE_CURVE('',#16034,#16062,#16070,.T.);
#16072=ORIENTED_EDGE('',*,*,#16071,.F.);
#16073=ORIENTED_EDGE('',*,*,#16038,.F.);
#16074=EDGE_LOOP('',(#16060,#16067,#16072,#16073));
#16075=FACE_OUTER_BOUND('',#16074,.T.);
#16076=CARTESIAN_POINT('',(250.4421,79.31559,-384.));
#16077=DIRECTION('',(0.0654,0.99786,0.));
#16078=DIRECTION('',(-0.99786,0.0654,0.));
#16079=AXIS2_PLACEMENT_3D('',#16076,#16077,#16078);
#16080=PLANE('',#16079);
#16081=ADVANCED_FACE('',(#16075),#16080,.T.);
#16082=CARTESIAN_POINT('',(229.5579,79.31559,-384.));
#16083=VERTEX_POINT('',#16082);
#16084=DIRECTION('',(-0.99786,-0.0654,0.));
#16085=VECTOR('',#16084,10.4645);
#16086=LINE('',#16054,#16085);
#16087=EDGE_CURVE('',#16055,#16083,#16086,.T.);
#16088=ORIENTED_EDGE('',*,*,#16087,.T.);
#16089=CARTESIAN_POINT('',(229.5579,79.31559,-380.));
#16090=VERTEX_POINT('',#16089);
#16091=DIRECTION('',(0.,0.,1.));
#16092=VECTOR('',#16091,4.);
#16093=LINE('',#16082,#16092);
#16094=EDGE_CURVE('',#16083,#16090,#16093,.T.);
#16095=ORIENTED_EDGE('',*,*,#16094,.T.);
#16096=DIRECTION('',(-0.99786,-0.0654,0.));
#16097=VECTOR('',#16096,10.4645);
#16098=LINE('',#16061,#16097);
#16099=EDGE_CURVE('',#16062,#16090,#16098,.T.);
#16100=ORIENTED_EDGE('',*,*,#16099,.F.);
#16101=ORIENTED_EDGE('',*,*,#16066,.F.);
#16102=EDGE_LOOP('',(#16088,#16095,#16100,#16101));
#16103=FACE_OUTER_BOUND('',#16102,.T.);
#16104=CARTESIAN_POINT('',(240.,80.,-384.));
#16105=DIRECTION('',(-0.0654,0.99786,0.));
#16106=DIRECTION('',(-0.99786,-0.0654,0.));
#16107=AXIS2_PLACEMENT_3D('',#16104,#16105,#16106);
#16108=PLANE('',#16107);
#16109=ADVANCED_FACE('',(#16103),#16108,.T.);
#16110=CARTESIAN_POINT('',(219.29448,77.27407,-384.));
#16111=VERTEX_POINT('',#16110);
#16112=DIRECTION('',(-0.98079,-0.19509,0.));
#16113=VECTOR('',#16112,10.4645);
#16114=LINE('',#16082,#16113);
#16115=EDGE_CURVE('',#16083,#16111,#16114,.T.);
#16116=ORIENTED_EDGE('',*,*,#16115,.T.);
#16117=CARTESIAN_POINT('',(219.29448,77.27407,-380.));
#16118=VERTEX_POINT('',#16117);
#16119=DIRECTION('',(0.,0.,1.));
#16120=VECTOR('',#16119,4.);
#16121=LINE('',#16110,#16120);
#16122=EDGE_CURVE('',#16111,#16118,#16121,.T.);
#16123=ORIENTED_EDGE('',*,*,#16122,.T.);
#16124=DIRECTION('',(-0.98079,-0.19509,0.));
#16125=VECTOR('',#16124,10.4645);
#16126=LINE('',#16089,#16125);
#16127=EDGE_CURVE('',#16090,#16118,#16126,.T.);
#16128=ORIENTED_EDGE('',*,*,#16127,.F.);
#16129=ORIENTED_EDGE('',*,*,#16094,.F.);
#16130=EDGE_LOOP('',(#16116,#16123,#16128,#16129));
#16131=FACE_OUTER_BOUND('',#16130,.T.);
#16132=CARTESIAN_POINT('',(229.5579,79.31559,-384.));
#16133=DIRECTION('',(-0.19509,0.98079,0.));
#16134=DIRECTION('',(-0.98079,-0.19509,0.));
#16135=AXIS2_PLACEMENT_3D('',#16132,#16133,#16134);
#16136=PLANE('',#16135);
#16137=ADVANCED_FACE('',(#16131),#16136,.T.);
#16138=CARTESIAN_POINT('',(209.38533,73.91036,-384.));
#16139=VERTEX_POINT('',#16138);
#16140=DIRECTION('',(-0.94693,-0.32144,0.));
#16141=VECTOR('',#16140,10.4645);
#16142=LINE('',#16110,#16141);
#16143=EDGE_CURVE('',#16111,#16139,#16142,.T.);
#16144=ORIENTED_EDGE('',*,*,#16143,.T.);
#16145=CARTESIAN_POINT('',(209.38533,73.91036,-380.));
#16146=VERTEX_POINT('',#16145);
#16147=DIRECTION('',(0.,0.,1.));
#16148=VECTOR('',#16147,4.);
#16149=LINE('',#16138,#16148);
#16150=EDGE_CURVE('',#16139,#16146,#16149,.T.);
#16151=ORIENTED_EDGE('',*,*,#16150,.T.);
#16152=DIRECTION('',(-0.94693,-0.32144,0.));
#16153=VECTOR('',#16152,10.4645);
#16154=LINE('',#16117,#16153);
#16155=EDGE_CURVE('',#16118,#16146,#16154,.T.);
#16156=ORIENTED_EDGE('',*,*,#16155,.F.);
#16157=ORIENTED_EDGE('',*,*,#16122,.F.);
#16158=EDGE_LOOP('',(#16144,#16151,#16156,#16157));
#16159=FACE_OUTER_BOUND('',#16158,.T.);
#16160=CARTESIAN_POINT('',(219.29448,77.27407,-384.));
#16161=DIRECTION('',(-0.32144,0.94693,0.));
#16162=DIRECTION('',(-0.94693,-0.32144,0.));
#16163=AXIS2_PLACEMENT_3D('',#16160,#16161,#16162);
#16164=PLANE('',#16163);
#16165=ADVANCED_FACE('',(#16159),#16164,.T.);
#16166=CARTESIAN_POINT('',(200.,69.28203,-384.));
#16167=VERTEX_POINT('',#16166);
#16168=DIRECTION('',(-0.89687,-0.44229,0.));
#16169=VECTOR('',#16168,10.4645);
#16170=LINE('',#16138,#16169);
#16171=EDGE_CURVE('',#16139,#16167,#16170,.T.);
#16172=ORIENTED_EDGE('',*,*,#16171,.T.);
#16173=CARTESIAN_POINT('',(200.,69.28203,-380.));
#16174=VERTEX_POINT('',#16173);
#16175=DIRECTION('',(0.,0.,1.));
#16176=VECTOR('',#16175,4.);
#16177=LINE('',#16166,#16176);
#16178=EDGE_CURVE('',#16167,#16174,#16177,.T.);
#16179=ORIENTED_EDGE('',*,*,#16178,.T.);
#16180=DIRECTION('',(-0.89687,-0.44229,0.));
#16181=VECTOR('',#16180,10.4645);
#16182=LINE('',#16145,#16181);
#16183=EDGE_CURVE('',#16146,#16174,#16182,.T.);
#16184=ORIENTED_EDGE('',*,*,#16183,.F.);
#16185=ORIENTED_EDGE('',*,*,#16150,.F.);
#16186=EDGE_LOOP('',(#16172,#16179,#16184,#16185));
#16187=FACE_OUTER_BOUND('',#16186,.T.);
#16188=CARTESIAN_POINT('',(209.38533,73.91036,-384.));
#16189=DIRECTION('',(-0.44229,0.89687,0.));
#16190=DIRECTION('',(-0.89687,-0.44229,0.));
#16191=AXIS2_PLACEMENT_3D('',#16188,#16189,#16190);
#16192=PLANE('',#16191);
#16193=ADVANCED_FACE('',(#16187),#16192,.T.);
#16194=CARTESIAN_POINT('',(191.29909,63.46827,-384.));
#16195=VERTEX_POINT('',#16194);
#16196=DIRECTION('',(-0.83147,-0.55557,0.));
#16197=VECTOR('',#16196,10.4645);
#16198=LINE('',#16166,#16197);
#16199=EDGE_CURVE('',#16167,#16195,#16198,.T.);
#16200=ORIENTED_EDGE('',*,*,#16199,.T.);
#16201=CARTESIAN_POINT('',(191.29909,63.46827,-380.));
#16202=VERTEX_POINT('',#16201);
#16203=DIRECTION('',(0.,0.,1.));
#16204=VECTOR('',#16203,4.);
#16205=LINE('',#16194,#16204);
#16206=EDGE_CURVE('',#16195,#16202,#16205,.T.);
#16207=ORIENTED_EDGE('',*,*,#16206,.T.);
#16208=DIRECTION('',(-0.83147,-0.55557,0.));
#16209=VECTOR('',#16208,10.4645);
#16210=LINE('',#16173,#16209);
#16211=EDGE_CURVE('',#16174,#16202,#16210,.T.);
#16212=ORIENTED_EDGE('',*,*,#16211,.F.);
#16213=ORIENTED_EDGE('',*,*,#16178,.F.);
#16214=EDGE_LOOP('',(#16200,#16207,#16212,#16213));
#16215=FACE_OUTER_BOUND('',#16214,.T.);
#16216=CARTESIAN_POINT('',(200.,69.28203,-384.));
#16217=DIRECTION('',(-0.55557,0.83147,0.));
#16218=DIRECTION('',(-0.83147,-0.55557,0.));
#16219=AXIS2_PLACEMENT_3D('',#16216,#16217,#16218);
#16220=PLANE('',#16219);
#16221=ADVANCED_FACE('',(#16215),#16220,.T.);
#16222=CARTESIAN_POINT('',(183.43146,56.56854,-384.));
#16223=VERTEX_POINT('',#16222);
#16224=DIRECTION('',(-0.75184,-0.65935,0.));
#16225=VECTOR('',#16224,10.4645);
#16226=LINE('',#16194,#16225);
#16227=EDGE_CURVE('',#16195,#16223,#16226,.T.);
#16228=ORIENTED_EDGE('',*,*,#16227,.T.);
#16229=CARTESIAN_POINT('',(183.43146,56.56854,-380.));
#16230=VERTEX_POINT('',#16229);
#16231=DIRECTION('',(0.,0.,1.));
#16232=VECTOR('',#16231,4.);
#16233=LINE('',#16222,#16232);
#16234=EDGE_CURVE('',#16223,#16230,#16233,.T.);
#16235=ORIENTED_EDGE('',*,*,#16234,.T.);
#16236=DIRECTION('',(-0.75184,-0.65935,0.));
#16237=VECTOR('',#16236,10.4645);
#16238=LINE('',#16201,#16237);
#16239=EDGE_CURVE('',#16202,#16230,#16238,.T.);
#16240=ORIENTED_EDGE('',*,*,#16239,.F.);
#16241=ORIENTED_EDGE('',*,*,#16206,.F.);
#16242=EDGE_LOOP('',(#16228,#16235,#16240,#16241));
#16243=FACE_OUTER_BOUND('',#16242,.T.);
#16244=CARTESIAN_POINT('',(191.29909,63.46827,-384.));
#16245=DIRECTION('',(-0.65935,0.75184,0.));
#16246=DIRECTION('',(-0.75184,-0.65935,0.));
#16247=AXIS2_PLACEMENT_3D('',#16244,#16245,#16246);
#16248=PLANE('',#16247);
#16249=ADVANCED_FACE('',(#16243),#16248,.T.);
#16250=CARTESIAN_POINT('',(176.53173,48.70091,-384.));
#16251=VERTEX_POINT('',#16250);
#16252=DIRECTION('',(-0.65935,-0.75184,0.));
#16253=VECTOR('',#16252,10.4645);
#16254=LINE('',#16222,#16253);
#16255=EDGE_CURVE('',#16223,#16251,#16254,.T.);
#16256=ORIENTED_EDGE('',*,*,#16255,.T.);
#16257=CARTESIAN_POINT('',(176.53173,48.70091,-380.));
#16258=VERTEX_POINT('',#16257);
#16259=DIRECTION('',(0.,0.,1.));
#16260=VECTOR('',#16259,4.);
#16261=LINE('',#16250,#16260);
#16262=EDGE_CURVE('',#16251,#16258,#16261,.T.);
#16263=ORIENTED_EDGE('',*,*,#16262,.T.);
#16264=DIRECTION('',(-0.65935,-0.75184,0.));
#16265=VECTOR('',#16264,10.4645);
#16266=LINE('',#16229,#16265);
#16267=EDGE_CURVE('',#16230,#16258,#16266,.T.);
#16268=ORIENTED_EDGE('',*,*,#16267,.F.);
#16269=ORIENTED_EDGE('',*,*,#16234,.F.);
#16270=EDGE_LOOP('',(#16256,#16263,#16268,#16269));
#16271=FACE_OUTER_BOUND('',#16270,.T.);
#16272=CARTESIAN_POINT('',(183.43146,56.56854,-384.));
#16273=DIRECTION('',(-0.75184,0.65935,0.));
#16274=DIRECTION('',(-0.65935,-0.75184,0.));
#16275=AXIS2_PLACEMENT_3D('',#16272,#16273,#16274);
#16276=PLANE('',#16275);
#16277=ADVANCED_FACE('',(#16271),#16276,.T.);
#16278=CARTESIAN_POINT('',(170.71797,40.,-384.));
#16279=VERTEX_POINT('',#16278);
#16280=DIRECTION('',(-0.55557,-0.83147,0.));
#16281=VECTOR('',#16280,10.4645);
#16282=LINE('',#16250,#16281);
#16283=EDGE_CURVE('',#16251,#16279,#16282,.T.);
#16284=ORIENTED_EDGE('',*,*,#16283,.T.);
#16285=CARTESIAN_POINT('',(170.71797,40.,-380.));
#16286=VERTEX_POINT('',#16285);
#16287=DIRECTION('',(0.,0.,1.));
#16288=VECTOR('',#16287,4.);
#16289=LINE('',#16278,#16288);
#16290=EDGE_CURVE('',#16279,#16286,#16289,.T.);
#16291=ORIENTED_EDGE('',*,*,#16290,.T.);
#16292=DIRECTION('',(-0.55557,-0.83147,0.));
#16293=VECTOR('',#16292,10.4645);
#16294=LINE('',#16257,#16293);
#16295=EDGE_CURVE('',#16258,#16286,#16294,.T.);
#16296=ORIENTED_EDGE('',*,*,#16295,.F.);
#16297=ORIENTED_EDGE('',*,*,#16262,.F.);
#16298=EDGE_LOOP('',(#16284,#16291,#16296,#16297));
#16299=FACE_OUTER_BOUND('',#16298,.T.);
#16300=CARTESIAN_POINT('',(176.53173,48.70091,-384.));
#16301=DIRECTION('',(-0.83147,0.55557,0.));
#16302=DIRECTION('',(-0.55557,-0.83147,0.));
#16303=AXIS2_PLACEMENT_3D('',#16300,#16301,#16302);
#16304=PLANE('',#16303);
#16305=ADVANCED_FACE('',(#16299),#16304,.T.);
#16306=CARTESIAN_POINT('',(166.08964,30.61467,-384.));
#16307=VERTEX_POINT('',#16306);
#16308=DIRECTION('',(-0.44229,-0.89687,0.));
#16309=VECTOR('',#16308,10.4645);
#16310=LINE('',#16278,#16309);
#16311=EDGE_CURVE('',#16279,#16307,#16310,.T.);
#16312=ORIENTED_EDGE('',*,*,#16311,.T.);
#16313=CARTESIAN_POINT('',(166.08964,30.61467,-380.));
#16314=VERTEX_POINT('',#16313);
#16315=DIRECTION('',(0.,0.,1.));
#16316=VECTOR('',#16315,4.);
#16317=LINE('',#16306,#16316);
#16318=EDGE_CURVE('',#16307,#16314,#16317,.T.);
#16319=ORIENTED_EDGE('',*,*,#16318,.T.);
#16320=DIRECTION('',(-0.44229,-0.89687,0.));
#16321=VECTOR('',#16320,10.4645);
#16322=LINE('',#16285,#16321);
#16323=EDGE_CURVE('',#16286,#16314,#16322,.T.);
#16324=ORIENTED_EDGE('',*,*,#16323,.F.);
#16325=ORIENTED_EDGE('',*,*,#16290,.F.);
#16326=EDGE_LOOP('',(#16312,#16319,#16324,#16325));
#16327=FACE_OUTER_BOUND('',#16326,.T.);
#16328=CARTESIAN_POINT('',(170.71797,40.,-384.));
#16329=DIRECTION('',(-0.89687,0.44229,0.));
#16330=DIRECTION('',(-0.44229,-0.89687,0.));
#16331=AXIS2_PLACEMENT_3D('',#16328,#16329,#16330);
#16332=PLANE('',#16331);
#16333=ADVANCED_FACE('',(#16327),#16332,.T.);
#16334=CARTESIAN_POINT('',(162.72593,20.70552,-384.));
#16335=VERTEX_POINT('',#16334);
#16336=DIRECTION('',(-0.32144,-0.94693,0.));
#16337=VECTOR('',#16336,10.4645);
#16338=LINE('',#16306,#16337);
#16339=EDGE_CURVE('',#16307,#16335,#16338,.T.);
#16340=ORIENTED_EDGE('',*,*,#16339,.T.);
#16341=CARTESIAN_POINT('',(162.72593,20.70552,-380.));
#16342=VERTEX_POINT('',#16341);
#16343=DIRECTION('',(0.,0.,1.));
#16344=VECTOR('',#16343,4.);
#16345=LINE('',#16334,#16344);
#16346=EDGE_CURVE('',#16335,#16342,#16345,.T.);
#16347=ORIENTED_EDGE('',*,*,#16346,.T.);
#16348=DIRECTION('',(-0.32144,-0.94693,0.));
#16349=VECTOR('',#16348,10.4645);
#16350=LINE('',#16313,#16349);
#16351=EDGE_CURVE('',#16314,#16342,#16350,.T.);
#16352=ORIENTED_EDGE('',*,*,#16351,.F.);
#16353=ORIENTED_EDGE('',*,*,#16318,.F.);
#16354=EDGE_LOOP('',(#16340,#16347,#16352,#16353));
#16355=FACE_OUTER_BOUND('',#16354,.T.);
#16356=CARTESIAN_POINT('',(166.08964,30.61467,-384.));
#16357=DIRECTION('',(-0.94693,0.32144,0.));
#16358=DIRECTION('',(-0.32144,-0.94693,0.));
#16359=AXIS2_PLACEMENT_3D('',#16356,#16357,#16358);
#16360=PLANE('',#16359);
#16361=ADVANCED_FACE('',(#16355),#16360,.T.);
#16362=CARTESIAN_POINT('',(160.68441,10.4421,-384.));
#16363=VERTEX_POINT('',#16362);
#16364=DIRECTION('',(-0.19509,-0.98079,0.));
#16365=VECTOR('',#16364,10.4645);
#16366=LINE('',#16334,#16365);
#16367=EDGE_CURVE('',#16335,#16363,#16366,.T.);
#16368=ORIENTED_EDGE('',*,*,#16367,.T.);
#16369=CARTESIAN_POINT('',(160.68441,10.4421,-380.));
#16370=VERTEX_POINT('',#16369);
#16371=DIRECTION('',(0.,0.,1.));
#16372=VECTOR('',#16371,4.);
#16373=LINE('',#16362,#16372);
#16374=EDGE_CURVE('',#16363,#16370,#16373,.T.);
#16375=ORIENTED_EDGE('',*,*,#16374,.T.);
#16376=DIRECTION('',(-0.19509,-0.98079,0.));
#16377=VECTOR('',#16376,10.4645);
#16378=LINE('',#16341,#16377);
#16379=EDGE_CURVE('',#16342,#16370,#16378,.T.);
#16380=ORIENTED_EDGE('',*,*,#16379,.F.);
#16381=ORIENTED_EDGE('',*,*,#16346,.F.);
#16382=EDGE_LOOP('',(#16368,#16375,#16380,#16381));
#16383=FACE_OUTER_BOUND('',#16382,.T.);
#16384=CARTESIAN_POINT('',(162.72593,20.70552,-384.));
#16385=DIRECTION('',(-0.98079,0.19509,0.));
#16386=DIRECTION('',(-0.19509,-0.98079,0.));
#16387=AXIS2_PLACEMENT_3D('',#16384,#16385,#16386);
#16388=PLANE('',#16387);
#16389=ADVANCED_FACE('',(#16383),#16388,.T.);
#16390=CARTESIAN_POINT('',(160.,0.,-384.));
#16391=VERTEX_POINT('',#16390);
#16392=DIRECTION('',(-0.0654,-0.99786,0.));
#16393=VECTOR('',#16392,10.4645);
#16394=LINE('',#16362,#16393);
#16395=EDGE_CURVE('',#16363,#16391,#16394,.T.);
#16396=ORIENTED_EDGE('',*,*,#16395,.T.);
#16397=CARTESIAN_POINT('',(160.,0.,-380.));
#16398=VERTEX_POINT('',#16397);
#16399=DIRECTION('',(0.,0.,1.));
#16400=VECTOR('',#16399,4.);
#16401=LINE('',#16390,#16400);
#16402=EDGE_CURVE('',#16391,#16398,#16401,.T.);
#16403=ORIENTED_EDGE('',*,*,#16402,.T.);
#16404=DIRECTION('',(-0.0654,-0.99786,0.));
#16405=VECTOR('',#16404,10.4645);
#16406=LINE('',#16369,#16405);
#16407=EDGE_CURVE('',#16370,#16398,#16406,.T.);
#16408=ORIENTED_EDGE('',*,*,#16407,.F.);
#16409=ORIENTED_EDGE('',*,*,#16374,.F.);
#16410=EDGE_LOOP('',(#16396,#16403,#16408,#16409));
#16411=FACE_OUTER_BOUND('',#16410,.T.);
#16412=CARTESIAN_POINT('',(160.68441,10.4421,-384.));
#16413=DIRECTION('',(-0.99786,0.0654,0.));
#16414=DIRECTION('',(-0.0654,-0.99786,0.));
#16415=AXIS2_PLACEMENT_3D('',#16412,#16413,#16414);
#16416=PLANE('',#16415);
#16417=ADVANCED_FACE('',(#16411),#16416,.T.);
#16418=CARTESIAN_POINT('',(160.68441,-10.4421,-384.));
#16419=VERTEX_POINT('',#16418);
#16420=DIRECTION('',(0.0654,-0.99786,0.));
#16421=VECTOR('',#16420,10.4645);
#16422=LINE('',#16390,#16421);
#16423=EDGE_CURVE('',#16391,#16419,#16422,.T.);
#16424=ORIENTED_EDGE('',*,*,#16423,.T.);
#16425=CARTESIAN_POINT('',(160.68441,-10.4421,-380.));
#16426=VERTEX_POINT('',#16425);
#16427=DIRECTION('',(0.,0.,1.));
#16428=VECTOR('',#16427,4.);
#16429=LINE('',#16418,#16428);
#16430=EDGE_CURVE('',#16419,#16426,#16429,.T.);
#16431=ORIENTED_EDGE('',*,*,#16430,.T.);
#16432=DIRECTION('',(0.0654,-0.99786,0.));
#16433=VECTOR('',#16432,10.4645);
#16434=LINE('',#16397,#16433);
#16435=EDGE_CURVE('',#16398,#16426,#16434,.T.);
#16436=ORIENTED_EDGE('',*,*,#16435,.F.);
#16437=ORIENTED_EDGE('',*,*,#16402,.F.);
#16438=EDGE_LOOP('',(#16424,#16431,#16436,#16437));
#16439=FACE_OUTER_BOUND('',#16438,.T.);
#16440=CARTESIAN_POINT('',(160.,0.,-384.));
#16441=DIRECTION('',(-0.99786,-0.0654,0.));
#16442=DIRECTION('',(0.0654,-0.99786,0.));
#16443=AXIS2_PLACEMENT_3D('',#16440,#16441,#16442);
#16444=PLANE('',#16443);
#16445=ADVANCED_FACE('',(#16439),#16444,.T.);
#16446=CARTESIAN_POINT('',(162.72593,-20.70552,-384.));
#16447=VERTEX_POINT('',#16446);
#16448=DIRECTION('',(0.19509,-0.98079,0.));
#16449=VECTOR('',#16448,10.4645);
#16450=LINE('',#16418,#16449);
#16451=EDGE_CURVE('',#16419,#16447,#16450,.T.);
#16452=ORIENTED_EDGE('',*,*,#16451,.T.);
#16453=CARTESIAN_POINT('',(162.72593,-20.70552,-380.));
#16454=VERTEX_POINT('',#16453);
#16455=DIRECTION('',(0.,0.,1.));
#16456=VECTOR('',#16455,4.);
#16457=LINE('',#16446,#16456);
#16458=EDGE_CURVE('',#16447,#16454,#16457,.T.);
#16459=ORIENTED_EDGE('',*,*,#16458,.T.);
#16460=DIRECTION('',(0.19509,-0.98079,0.));
#16461=VECTOR('',#16460,10.4645);
#16462=LINE('',#16425,#16461);
#16463=EDGE_CURVE('',#16426,#16454,#16462,.T.);
#16464=ORIENTED_EDGE('',*,*,#16463,.F.);
#16465=ORIENTED_EDGE('',*,*,#16430,.F.);
#16466=EDGE_LOOP('',(#16452,#16459,#16464,#16465));
#16467=FACE_OUTER_BOUND('',#16466,.T.);
#16468=CARTESIAN_POINT('',(160.68441,-10.4421,-384.));
#16469=DIRECTION('',(-0.98079,-0.19509,0.));
#16470=DIRECTION('',(0.19509,-0.98079,0.));
#16471=AXIS2_PLACEMENT_3D('',#16468,#16469,#16470);
#16472=PLANE('',#16471);
#16473=ADVANCED_FACE('',(#16467),#16472,.T.);
#16474=CARTESIAN_POINT('',(166.08964,-30.61467,-384.));
#16475=VERTEX_POINT('',#16474);
#16476=DIRECTION('',(0.32144,-0.94693,0.));
#16477=VECTOR('',#16476,10.4645);
#16478=LINE('',#16446,#16477);
#16479=EDGE_CURVE('',#16447,#16475,#16478,.T.);
#16480=ORIENTED_EDGE('',*,*,#16479,.T.);
#16481=CARTESIAN_POINT('',(166.08964,-30.61467,-380.));
#16482=VERTEX_POINT('',#16481);
#16483=DIRECTION('',(0.,0.,1.));
#16484=VECTOR('',#16483,4.);
#16485=LINE('',#16474,#16484);
#16486=EDGE_CURVE('',#16475,#16482,#16485,.T.);
#16487=ORIENTED_EDGE('',*,*,#16486,.T.);
#16488=DIRECTION('',(0.32144,-0.94693,0.));
#16489=VECTOR('',#16488,10.4645);
#16490=LINE('',#16453,#16489);
#16491=EDGE_CURVE('',#16454,#16482,#16490,.T.);
#16492=ORIENTED_EDGE('',*,*,#16491,.F.);
#16493=ORIENTED_EDGE('',*,*,#16458,.F.);
#16494=EDGE_LOOP('',(#16480,#16487,#16492,#16493));
#16495=FACE_OUTER_BOUND('',#16494,.T.);
#16496=CARTESIAN_POINT('',(162.72593,-20.70552,-384.));
#16497=DIRECTION('',(-0.94693,-0.32144,0.));
#16498=DIRECTION('',(0.32144,-0.94693,0.));
#16499=AXIS2_PLACEMENT_3D('',#16496,#16497,#16498);
#16500=PLANE('',#16499);
#16501=ADVANCED_FACE('',(#16495),#16500,.T.);
#16502=CARTESIAN_POINT('',(170.71797,-40.,-384.));
#16503=VERTEX_POINT('',#16502);
#16504=DIRECTION('',(0.44229,-0.89687,0.));
#16505=VECTOR('',#16504,10.4645);
#16506=LINE('',#16474,#16505);
#16507=EDGE_CURVE('',#16475,#16503,#16506,.T.);
#16508=ORIENTED_EDGE('',*,*,#16507,.T.);
#16509=CARTESIAN_POINT('',(170.71797,-40.,-380.));
#16510=VERTEX_POINT('',#16509);
#16511=DIRECTION('',(0.,0.,1.));
#16512=VECTOR('',#16511,4.);
#16513=LINE('',#16502,#16512);
#16514=EDGE_CURVE('',#16503,#16510,#16513,.T.);
#16515=ORIENTED_EDGE('',*,*,#16514,.T.);
#16516=DIRECTION('',(0.44229,-0.89687,0.));
#16517=VECTOR('',#16516,10.4645);
#16518=LINE('',#16481,#16517);
#16519=EDGE_CURVE('',#16482,#16510,#16518,.T.);
#16520=ORIENTED_EDGE('',*,*,#16519,.F.);
#16521=ORIENTED_EDGE('',*,*,#16486,.F.);
#16522=EDGE_LOOP('',(#16508,#16515,#16520,#16521));
#16523=FACE_OUTER_BOUND('',#16522,.T.);
#16524=CARTESIAN_POINT('',(166.08964,-30.61467,-384.));
#16525=DIRECTION('',(-0.89687,-0.44229,0.));
#16526=DIRECTION('',(0.44229,-0.89687,0.));
#16527=AXIS2_PLACEMENT_3D('',#16524,#16525,#16526);
#16528=PLANE('',#16527);
#16529=ADVANCED_FACE('',(#16523),#16528,.T.);
#16530=CARTESIAN_POINT('',(176.53173,-48.70091,-384.));
#16531=VERTEX_POINT('',#16530);
#16532=DIRECTION('',(0.55557,-0.83147,0.));
#16533=VECTOR('',#16532,10.4645);
#16534=LINE('',#16502,#16533);
#16535=EDGE_CURVE('',#16503,#16531,#16534,.T.);
#16536=ORIENTED_EDGE('',*,*,#16535,.T.);
#16537=CARTESIAN_POINT('',(176.53173,-48.70091,-380.));
#16538=VERTEX_POINT('',#16537);
#16539=DIRECTION('',(0.,0.,1.));
#16540=VECTOR('',#16539,4.);
#16541=LINE('',#16530,#16540);
#16542=EDGE_CURVE('',#16531,#16538,#16541,.T.);
#16543=ORIENTED_EDGE('',*,*,#16542,.T.);
#16544=DIRECTION('',(0.55557,-0.83147,0.));
#16545=VECTOR('',#16544,10.4645);
#16546=LINE('',#16509,#16545);
#16547=EDGE_CURVE('',#16510,#16538,#16546,.T.);
#16548=ORIENTED_EDGE('',*,*,#16547,.F.);
#16549=ORIENTED_EDGE('',*,*,#16514,.F.);
#16550=EDGE_LOOP('',(#16536,#16543,#16548,#16549));
#16551=FACE_OUTER_BOUND('',#16550,.T.);
#16552=CARTESIAN_POINT('',(170.71797,-40.,-384.));
#16553=DIRECTION('',(-0.83147,-0.55557,0.));
#16554=DIRECTION('',(0.55557,-0.83147,0.));
#16555=AXIS2_PLACEMENT_3D('',#16552,#16553,#16554);
#16556=PLANE('',#16555);
#16557=ADVANCED_FACE('',(#16551),#16556,.T.);
#16558=CARTESIAN_POINT('',(183.43146,-56.56854,-384.));
#16559=VERTEX_POINT('',#16558);
#16560=DIRECTION('',(0.65935,-0.75184,0.));
#16561=VECTOR('',#16560,10.4645);
#16562=LINE('',#16530,#16561);
#16563=EDGE_CURVE('',#16531,#16559,#16562,.T.);
#16564=ORIENTED_EDGE('',*,*,#16563,.T.);
#16565=CARTESIAN_POINT('',(183.43146,-56.56854,-380.));
#16566=VERTEX_POINT('',#16565);
#16567=DIRECTION('',(0.,0.,1.));
#16568=VECTOR('',#16567,4.);
#16569=LINE('',#16558,#16568);
#16570=EDGE_CURVE('',#16559,#16566,#16569,.T.);
#16571=ORIENTED_EDGE('',*,*,#16570,.T.);
#16572=DIRECTION('',(0.65935,-0.75184,0.));
#16573=VECTOR('',#16572,10.4645);
#16574=LINE('',#16537,#16573);
#16575=EDGE_CURVE('',#16538,#16566,#16574,.T.);
#16576=ORIENTED_EDGE('',*,*,#16575,.F.);
#16577=ORIENTED_EDGE('',*,*,#16542,.F.);
#16578=EDGE_LOOP('',(#16564,#16571,#16576,#16577));
#16579=FACE_OUTER_BOUND('',#16578,.T.);
#16580=CARTESIAN_POINT('',(176.53173,-48.70091,-384.));
#16581=DIRECTION('',(-0.75184,-0.65935,0.));
#16582=DIRECTION('',(0.65935,-0.75184,0.));
#16583=AXIS2_PLACEMENT_3D('',#16580,#16581,#16582);
#16584=PLANE('',#16583);
#16585=ADVANCED_FACE('',(#16579),#16584,.T.);
#16586=CARTESIAN_POINT('',(191.29909,-63.46827,-384.));
#16587=VERTEX_POINT('',#16586);
#16588=DIRECTION('',(0.75184,-0.65935,0.));
#16589=VECTOR('',#16588,10.4645);
#16590=LINE('',#16558,#16589);
#16591=EDGE_CURVE('',#16559,#16587,#16590,.T.);
#16592=ORIENTED_EDGE('',*,*,#16591,.T.);
#16593=CARTESIAN_POINT('',(191.29909,-63.46827,-380.));
#16594=VERTEX_POINT('',#16593);
#16595=DIRECTION('',(0.,0.,1.));
#16596=VECTOR('',#16595,4.);
#16597=LINE('',#16586,#16596);
#16598=EDGE_CURVE('',#16587,#16594,#16597,.T.);
#16599=ORIENTED_EDGE('',*,*,#16598,.T.);
#16600=DIRECTION('',(0.75184,-0.65935,0.));
#16601=VECTOR('',#16600,10.4645);
#16602=LINE('',#16565,#16601);
#16603=EDGE_CURVE('',#16566,#16594,#16602,.T.);
#16604=ORIENTED_EDGE('',*,*,#16603,.F.);
#16605=ORIENTED_EDGE('',*,*,#16570,.F.);
#16606=EDGE_LOOP('',(#16592,#16599,#16604,#16605));
#16607=FACE_OUTER_BOUND('',#16606,.T.);
#16608=CARTESIAN_POINT('',(183.43146,-56.56854,-384.));
#16609=DIRECTION('',(-0.65935,-0.75184,0.));
#16610=DIRECTION('',(0.75184,-0.65935,0.));
#16611=AXIS2_PLACEMENT_3D('',#16608,#16609,#16610);
#16612=PLANE('',#16611);
#16613=ADVANCED_FACE('',(#16607),#16612,.T.);
#16614=CARTESIAN_POINT('',(200.,-69.28203,-384.));
#16615=VERTEX_POINT('',#16614);
#16616=DIRECTION('',(0.83147,-0.55557,0.));
#16617=VECTOR('',#16616,10.4645);
#16618=LINE('',#16586,#16617);
#16619=EDGE_CURVE('',#16587,#16615,#16618,.T.);
#16620=ORIENTED_EDGE('',*,*,#16619,.T.);
#16621=CARTESIAN_POINT('',(200.,-69.28203,-380.));
#16622=VERTEX_POINT('',#16621);
#16623=DIRECTION('',(0.,0.,1.));
#16624=VECTOR('',#16623,4.);
#16625=LINE('',#16614,#16624);
#16626=EDGE_CURVE('',#16615,#16622,#16625,.T.);
#16627=ORIENTED_EDGE('',*,*,#16626,.T.);
#16628=DIRECTION('',(0.83147,-0.55557,0.));
#16629=VECTOR('',#16628,10.4645);
#16630=LINE('',#16593,#16629);
#16631=EDGE_CURVE('',#16594,#16622,#16630,.T.);
#16632=ORIENTED_EDGE('',*,*,#16631,.F.);
#16633=ORIENTED_EDGE('',*,*,#16598,.F.);
#16634=EDGE_LOOP('',(#16620,#16627,#16632,#16633));
#16635=FACE_OUTER_BOUND('',#16634,.T.);
#16636=CARTESIAN_POINT('',(191.29909,-63.46827,-384.));
#16637=DIRECTION('',(-0.55557,-0.83147,0.));
#16638=DIRECTION('',(0.83147,-0.55557,0.));
#16639=AXIS2_PLACEMENT_3D('',#16636,#16637,#16638);
#16640=PLANE('',#16639);
#16641=ADVANCED_FACE('',(#16635),#16640,.T.);
#16642=CARTESIAN_POINT('',(209.38533,-73.91036,-384.));
#16643=VERTEX_POINT('',#16642);
#16644=DIRECTION('',(0.89687,-0.44229,0.));
#16645=VECTOR('',#16644,10.4645);
#16646=LINE('',#16614,#16645);
#16647=EDGE_CURVE('',#16615,#16643,#16646,.T.);
#16648=ORIENTED_EDGE('',*,*,#16647,.T.);
#16649=CARTESIAN_POINT('',(209.38533,-73.91036,-380.));
#16650=VERTEX_POINT('',#16649);
#16651=DIRECTION('',(0.,0.,1.));
#16652=VECTOR('',#16651,4.);
#16653=LINE('',#16642,#16652);
#16654=EDGE_CURVE('',#16643,#16650,#16653,.T.);
#16655=ORIENTED_EDGE('',*,*,#16654,.T.);
#16656=DIRECTION('',(0.89687,-0.44229,0.));
#16657=VECTOR('',#16656,10.4645);
#16658=LINE('',#16621,#16657);
#16659=EDGE_CURVE('',#16622,#16650,#16658,.T.);
#16660=ORIENTED_EDGE('',*,*,#16659,.F.);
#16661=ORIENTED_EDGE('',*,*,#16626,.F.);
#16662=EDGE_LOOP('',(#16648,#16655,#16660,#16661));
#16663=FACE_OUTER_BOUND('',#16662,.T.);
#16664=CARTESIAN_POINT('',(200.,-69.28203,-384.));
#16665=DIRECTION('',(-0.44229,-0.89687,0.));
#16666=DIRECTION('',(0.89687,-0.44229,0.));
#16667=AXIS2_PLACEMENT_3D('',#16664,#16665,#16666);
#16668=PLANE('',#16667);
#16669=ADVANCED_FACE('',(#16663),#16668,.T.);
#16670=CARTESIAN_POINT('',(219.29448,-77.27407,-384.));
#16671=VERTEX_POINT('',#16670);
#16672=DIRECTION('',(0.94693,-0.32144,0.));
#16673=VECTOR('',#16672,10.4645);
#16674=LINE('',#16642,#16673);
#16675=EDGE_CURVE('',#16643,#16671,#16674,.T.);
#16676=ORIENTED_EDGE('',*,*,#16675,.T.);
#16677=CARTESIAN_POINT('',(219.29448,-77.27407,-380.));
#16678=VERTEX_POINT('',#16677);
#16679=DIRECTION('',(0.,0.,1.));
#16680=VECTOR('',#16679,4.);
#16681=LINE('',#16670,#16680);
#16682=EDGE_CURVE('',#16671,#16678,#16681,.T.);
#16683=ORIENTED_EDGE('',*,*,#16682,.T.);
#16684=DIRECTION('',(0.94693,-0.32144,0.));
#16685=VECTOR('',#16684,10.4645);
#16686=LINE('',#16649,#16685);
#16687=EDGE_CURVE('',#16650,#16678,#16686,.T.);
#16688=ORIENTED_EDGE('',*,*,#16687,.F.);
#16689=ORIENTED_EDGE('',*,*,#16654,.F.);
#16690=EDGE_LOOP('',(#16676,#16683,#16688,#16689));
#16691=FACE_OUTER_BOUND('',#16690,.T.);
#16692=CARTESIAN_POINT('',(209.38533,-73.91036,-384.));
#16693=DIRECTION('',(-0.32144,-0.94693,0.));
#16694=DIRECTION('',(0.94693,-0.32144,0.));
#16695=AXIS2_PLACEMENT_3D('',#16692,#16693,#16694);
#16696=PLANE('',#16695);
#16697=ADVANCED_FACE('',(#16691),#16696,.T.);
#16698=CARTESIAN_POINT('',(229.5579,-79.31559,-384.));
#16699=VERTEX_POINT('',#16698);
#16700=DIRECTION('',(0.98079,-0.19509,0.));
#16701=VECTOR('',#16700,10.4645);
#16702=LINE('',#16670,#16701);
#16703=EDGE_CURVE('',#16671,#16699,#16702,.T.);
#16704=ORIENTED_EDGE('',*,*,#16703,.T.);
#16705=CARTESIAN_POINT('',(229.5579,-79.31559,-380.));
#16706=VERTEX_POINT('',#16705);
#16707=DIRECTION('',(0.,0.,1.));
#16708=VECTOR('',#16707,4.);
#16709=LINE('',#16698,#16708);
#16710=EDGE_CURVE('',#16699,#16706,#16709,.T.);
#16711=ORIENTED_EDGE('',*,*,#16710,.T.);
#16712=DIRECTION('',(0.98079,-0.19509,0.));
#16713=VECTOR('',#16712,10.4645);
#16714=LINE('',#16677,#16713);
#16715=EDGE_CURVE('',#16678,#16706,#16714,.T.);
#16716=ORIENTED_EDGE('',*,*,#16715,.F.);
#16717=ORIENTED_EDGE('',*,*,#16682,.F.);
#16718=EDGE_LOOP('',(#16704,#16711,#16716,#16717));
#16719=FACE_OUTER_BOUND('',#16718,.T.);
#16720=CARTESIAN_POINT('',(219.29448,-77.27407,-384.));
#16721=DIRECTION('',(-0.19509,-0.98079,0.));
#16722=DIRECTION('',(0.98079,-0.19509,0.));
#16723=AXIS2_PLACEMENT_3D('',#16720,#16721,#16722);
#16724=PLANE('',#16723);
#16725=ADVANCED_FACE('',(#16719),#16724,.T.);
#16726=CARTESIAN_POINT('',(240.,-80.,-384.));
#16727=VERTEX_POINT('',#16726);
#16728=DIRECTION('',(0.99786,-0.0654,0.));
#16729=VECTOR('',#16728,10.4645);
#16730=LINE('',#16698,#16729);
#16731=EDGE_CURVE('',#16699,#16727,#16730,.T.);
#16732=ORIENTED_EDGE('',*,*,#16731,.T.);
#16733=CARTESIAN_POINT('',(240.,-80.,-380.));
#16734=VERTEX_POINT('',#16733);
#16735=DIRECTION('',(0.,0.,1.));
#16736=VECTOR('',#16735,4.);
#16737=LINE('',#16726,#16736);
#16738=EDGE_CURVE('',#16727,#16734,#16737,.T.);
#16739=ORIENTED_EDGE('',*,*,#16738,.T.);
#16740=DIRECTION('',(0.99786,-0.0654,0.));
#16741=VECTOR('',#16740,10.4645);
#16742=LINE('',#16705,#16741);
#16743=EDGE_CURVE('',#16706,#16734,#16742,.T.);
#16744=ORIENTED_EDGE('',*,*,#16743,.F.);
#16745=ORIENTED_EDGE('',*,*,#16710,.F.);
#16746=EDGE_LOOP('',(#16732,#16739,#16744,#16745));
#16747=FACE_OUTER_BOUND('',#16746,.T.);
#16748=CARTESIAN_POINT('',(229.5579,-79.31559,-384.));
#16749=DIRECTION('',(-0.0654,-0.99786,0.));
#16750=DIRECTION('',(0.99786,-0.0654,0.));
#16751=AXIS2_PLACEMENT_3D('',#16748,#16749,#16750);
#16752=PLANE('',#16751);
#16753=ADVANCED_FACE('',(#16747),#16752,.T.);
#16754=CARTESIAN_POINT('',(250.4421,-79.31559,-384.));
#16755=VERTEX_POINT('',#16754);
#16756=DIRECTION('',(0.99786,0.0654,0.));
#16757=VECTOR('',#16756,10.4645);
#16758=LINE('',#16726,#16757);
#16759=EDGE_CURVE('',#16727,#16755,#16758,.T.);
#16760=ORIENTED_EDGE('',*,*,#16759,.T.);
#16761=CARTESIAN_POINT('',(250.4421,-79.31559,-380.));
#16762=VERTEX_POINT('',#16761);
#16763=DIRECTION('',(0.,0.,1.));
#16764=VECTOR('',#16763,4.);
#16765=LINE('',#16754,#16764);
#16766=EDGE_CURVE('',#16755,#16762,#16765,.T.);
#16767=ORIENTED_EDGE('',*,*,#16766,.T.);
#16768=DIRECTION('',(0.99786,0.0654,0.));
#16769=VECTOR('',#16768,10.4645);
#16770=LINE('',#16733,#16769);
#16771=EDGE_CURVE('',#16734,#16762,#16770,.T.);
#16772=ORIENTED_EDGE('',*,*,#16771,.F.);
#16773=ORIENTED_EDGE('',*,*,#16738,.F.);
#16774=EDGE_LOOP('',(#16760,#16767,#16772,#16773));
#16775=FACE_OUTER_BOUND('',#16774,.T.);
#16776=CARTESIAN_POINT('',(240.,-80.,-384.));
#16777=DIRECTION('',(0.0654,-0.99786,0.));
#16778=DIRECTION('',(0.99786,0.0654,0.));
#16779=AXIS2_PLACEMENT_3D('',#16776,#16777,#16778);
#16780=PLANE('',#16779);
#16781=ADVANCED_FACE('',(#16775),#16780,.T.);
#16782=CARTESIAN_POINT('',(260.70552,-77.27407,-384.));
#16783=VERTEX_POINT('',#16782);
#16784=DIRECTION('',(0.98079,0.19509,0.));
#16785=VECTOR('',#16784,10.4645);
#16786=LINE('',#16754,#16785);
#16787=EDGE_CURVE('',#16755,#16783,#16786,.T.);
#16788=ORIENTED_EDGE('',*,*,#16787,.T.);
#16789=CARTESIAN_POINT('',(260.70552,-77.27407,-380.));
#16790=VERTEX_POINT('',#16789);
#16791=DIRECTION('',(0.,0.,1.));
#16792=VECTOR('',#16791,4.);
#16793=LINE('',#16782,#16792);
#16794=EDGE_CURVE('',#16783,#16790,#16793,.T.);
#16795=ORIENTED_EDGE('',*,*,#16794,.T.);
#16796=DIRECTION('',(0.98079,0.19509,0.));
#16797=VECTOR('',#16796,10.4645);
#16798=LINE('',#16761,#16797);
#16799=EDGE_CURVE('',#16762,#16790,#16798,.T.);
#16800=ORIENTED_EDGE('',*,*,#16799,.F.);
#16801=ORIENTED_EDGE('',*,*,#16766,.F.);
#16802=EDGE_LOOP('',(#16788,#16795,#16800,#16801));
#16803=FACE_OUTER_BOUND('',#16802,.T.);
#16804=CARTESIAN_POINT('',(250.4421,-79.31559,-384.));
#16805=DIRECTION('',(0.19509,-0.98079,0.));
#16806=DIRECTION('',(0.98079,0.19509,0.));
#16807=AXIS2_PLACEMENT_3D('',#16804,#16805,#16806);
#16808=PLANE('',#16807);
#16809=ADVANCED_FACE('',(#16803),#16808,.T.);
#16810=CARTESIAN_POINT('',(270.61467,-73.91036,-384.));
#16811=VERTEX_POINT('',#16810);
#16812=DIRECTION('',(0.94693,0.32144,0.));
#16813=VECTOR('',#16812,10.4645);
#16814=LINE('',#16782,#16813);
#16815=EDGE_CURVE('',#16783,#16811,#16814,.T.);
#16816=ORIENTED_EDGE('',*,*,#16815,.T.);
#16817=CARTESIAN_POINT('',(270.61467,-73.91036,-380.));
#16818=VERTEX_POINT('',#16817);
#16819=DIRECTION('',(0.,0.,1.));
#16820=VECTOR('',#16819,4.);
#16821=LINE('',#16810,#16820);
#16822=EDGE_CURVE('',#16811,#16818,#16821,.T.);
#16823=ORIENTED_EDGE('',*,*,#16822,.T.);
#16824=DIRECTION('',(0.94693,0.32144,0.));
#16825=VECTOR('',#16824,10.4645);
#16826=LINE('',#16789,#16825);
#16827=EDGE_CURVE('',#16790,#16818,#16826,.T.);
#16828=ORIENTED_EDGE('',*,*,#16827,.F.);
#16829=ORIENTED_EDGE('',*,*,#16794,.F.);
#16830=EDGE_LOOP('',(#16816,#16823,#16828,#16829));
#16831=FACE_OUTER_BOUND('',#16830,.T.);
#16832=CARTESIAN_POINT('',(260.70552,-77.27407,-384.));
#16833=DIRECTION('',(0.32144,-0.94693,0.));
#16834=DIRECTION('',(0.94693,0.32144,0.));
#16835=AXIS2_PLACEMENT_3D('',#16832,#16833,#16834);
#16836=PLANE('',#16835);
#16837=ADVANCED_FACE('',(#16831),#16836,.T.);
#16838=CARTESIAN_POINT('',(280.,-69.28203,-384.));
#16839=VERTEX_POINT('',#16838);
#16840=DIRECTION('',(0.89687,0.44229,0.));
#16841=VECTOR('',#16840,10.4645);
#16842=LINE('',#16810,#16841);
#16843=EDGE_CURVE('',#16811,#16839,#16842,.T.);
#16844=ORIENTED_EDGE('',*,*,#16843,.T.);
#16845=CARTESIAN_POINT('',(280.,-69.28203,-380.));
#16846=VERTEX_POINT('',#16845);
#16847=DIRECTION('',(0.,0.,1.));
#16848=VECTOR('',#16847,4.);
#16849=LINE('',#16838,#16848);
#16850=EDGE_CURVE('',#16839,#16846,#16849,.T.);
#16851=ORIENTED_EDGE('',*,*,#16850,.T.);
#16852=DIRECTION('',(0.89687,0.44229,0.));
#16853=VECTOR('',#16852,10.4645);
#16854=LINE('',#16817,#16853);
#16855=EDGE_CURVE('',#16818,#16846,#16854,.T.);
#16856=ORIENTED_EDGE('',*,*,#16855,.F.);
#16857=ORIENTED_EDGE('',*,*,#16822,.F.);
#16858=EDGE_LOOP('',(#16844,#16851,#16856,#16857));
#16859=FACE_OUTER_BOUND('',#16858,.T.);
#16860=CARTESIAN_POINT('',(270.61467,-73.91036,-384.));
#16861=DIRECTION('',(0.44229,-0.89687,0.));
#16862=DIRECTION('',(0.89687,0.44229,0.));
#16863=AXIS2_PLACEMENT_3D('',#16860,#16861,#16862);
#16864=PLANE('',#16863);
#16865=ADVANCED_FACE('',(#16859),#16864,.T.);
#16866=CARTESIAN_POINT('',(288.70091,-63.46827,-384.));
#16867=VERTEX_POINT('',#16866);
#16868=DIRECTION('',(0.83147,0.55557,0.));
#16869=VECTOR('',#16868,10.4645);
#16870=LINE('',#16838,#16869);
#16871=EDGE_CURVE('',#16839,#16867,#16870,.T.);
#16872=ORIENTED_EDGE('',*,*,#16871,.T.);
#16873=CARTESIAN_POINT('',(288.70091,-63.46827,-380.));
#16874=VERTEX_POINT('',#16873);
#16875=DIRECTION('',(0.,0.,1.));
#16876=VECTOR('',#16875,4.);
#16877=LINE('',#16866,#16876);
#16878=EDGE_CURVE('',#16867,#16874,#16877,.T.);
#16879=ORIENTED_EDGE('',*,*,#16878,.T.);
#16880=DIRECTION('',(0.83147,0.55557,0.));
#16881=VECTOR('',#16880,10.4645);
#16882=LINE('',#16845,#16881);
#16883=EDGE_CURVE('',#16846,#16874,#16882,.T.);
#16884=ORIENTED_EDGE('',*,*,#16883,.F.);
#16885=ORIENTED_EDGE('',*,*,#16850,.F.);
#16886=EDGE_LOOP('',(#16872,#16879,#16884,#16885));
#16887=FACE_OUTER_BOUND('',#16886,.T.);
#16888=CARTESIAN_POINT('',(280.,-69.28203,-384.));
#16889=DIRECTION('',(0.55557,-0.83147,0.));
#16890=DIRECTION('',(0.83147,0.55557,0.));
#16891=AXIS2_PLACEMENT_3D('',#16888,#16889,#16890);
#16892=PLANE('',#16891);
#16893=ADVANCED_FACE('',(#16887),#16892,.T.);
#16894=CARTESIAN_POINT('',(296.56854,-56.56854,-384.));
#16895=VERTEX_POINT('',#16894);
#16896=DIRECTION('',(0.75184,0.65935,0.));
#16897=VECTOR('',#16896,10.4645);
#16898=LINE('',#16866,#16897);
#16899=EDGE_CURVE('',#16867,#16895,#16898,.T.);
#16900=ORIENTED_EDGE('',*,*,#16899,.T.);
#16901=CARTESIAN_POINT('',(296.56854,-56.56854,-380.));
#16902=VERTEX_POINT('',#16901);
#16903=DIRECTION('',(0.,0.,1.));
#16904=VECTOR('',#16903,4.);
#16905=LINE('',#16894,#16904);
#16906=EDGE_CURVE('',#16895,#16902,#16905,.T.);
#16907=ORIENTED_EDGE('',*,*,#16906,.T.);
#16908=DIRECTION('',(0.75184,0.65935,0.));
#16909=VECTOR('',#16908,10.4645);
#16910=LINE('',#16873,#16909);
#16911=EDGE_CURVE('',#16874,#16902,#16910,.T.);
#16912=ORIENTED_EDGE('',*,*,#16911,.F.);
#16913=ORIENTED_EDGE('',*,*,#16878,.F.);
#16914=EDGE_LOOP('',(#16900,#16907,#16912,#16913));
#16915=FACE_OUTER_BOUND('',#16914,.T.);
#16916=CARTESIAN_POINT('',(288.70091,-63.46827,-384.));
#16917=DIRECTION('',(0.65935,-0.75184,0.));
#16918=DIRECTION('',(0.75184,0.65935,0.));
#16919=AXIS2_PLACEMENT_3D('',#16916,#16917,#16918);
#16920=PLANE('',#16919);
#16921=ADVANCED_FACE('',(#16915),#16920,.T.);
#16922=CARTESIAN_POINT('',(303.46827,-48.70091,-384.));
#16923=VERTEX_POINT('',#16922);
#16924=DIRECTION('',(0.65935,0.75184,0.));
#16925=VECTOR('',#16924,10.4645);
#16926=LINE('',#16894,#16925);
#16927=EDGE_CURVE('',#16895,#16923,#16926,.T.);
#16928=ORIENTED_EDGE('',*,*,#16927,.T.);
#16929=CARTESIAN_POINT('',(303.46827,-48.70091,-380.));
#16930=VERTEX_POINT('',#16929);
#16931=DIRECTION('',(0.,0.,1.));
#16932=VECTOR('',#16931,4.);
#16933=LINE('',#16922,#16932);
#16934=EDGE_CURVE('',#16923,#16930,#16933,.T.);
#16935=ORIENTED_EDGE('',*,*,#16934,.T.);
#16936=DIRECTION('',(0.65935,0.75184,0.));
#16937=VECTOR('',#16936,10.4645);
#16938=LINE('',#16901,#16937);
#16939=EDGE_CURVE('',#16902,#16930,#16938,.T.);
#16940=ORIENTED_EDGE('',*,*,#16939,.F.);
#16941=ORIENTED_EDGE('',*,*,#16906,.F.);
#16942=EDGE_LOOP('',(#16928,#16935,#16940,#16941));
#16943=FACE_OUTER_BOUND('',#16942,.T.);
#16944=CARTESIAN_POINT('',(296.56854,-56.56854,-384.));
#16945=DIRECTION('',(0.75184,-0.65935,0.));
#16946=DIRECTION('',(0.65935,0.75184,0.));
#16947=AXIS2_PLACEMENT_3D('',#16944,#16945,#16946);
#16948=PLANE('',#16947);
#16949=ADVANCED_FACE('',(#16943),#16948,.T.);
#16950=CARTESIAN_POINT('',(309.28203,-40.,-384.));
#16951=VERTEX_POINT('',#16950);
#16952=DIRECTION('',(0.55557,0.83147,0.));
#16953=VECTOR('',#16952,10.4645);
#16954=LINE('',#16922,#16953);
#16955=EDGE_CURVE('',#16923,#16951,#16954,.T.);
#16956=ORIENTED_EDGE('',*,*,#16955,.T.);
#16957=CARTESIAN_POINT('',(309.28203,-40.,-380.));
#16958=VERTEX_POINT('',#16957);
#16959=DIRECTION('',(0.,0.,1.));
#16960=VECTOR('',#16959,4.);
#16961=LINE('',#16950,#16960);
#16962=EDGE_CURVE('',#16951,#16958,#16961,.T.);
#16963=ORIENTED_EDGE('',*,*,#16962,.T.);
#16964=DIRECTION('',(0.55557,0.83147,0.));
#16965=VECTOR('',#16964,10.4645);
#16966=LINE('',#16929,#16965);
#16967=EDGE_CURVE('',#16930,#16958,#16966,.T.);
#16968=ORIENTED_EDGE('',*,*,#16967,.F.);
#16969=ORIENTED_EDGE('',*,*,#16934,.F.);
#16970=EDGE_LOOP('',(#16956,#16963,#16968,#16969));
#16971=FACE_OUTER_BOUND('',#16970,.T.);
#16972=CARTESIAN_POINT('',(303.46827,-48.70091,-384.));
#16973=DIRECTION('',(0.83147,-0.55557,0.));
#16974=DIRECTION('',(0.55557,0.83147,0.));
#16975=AXIS2_PLACEMENT_3D('',#16972,#16973,#16974);
#16976=PLANE('',#16975);
#16977=ADVANCED_FACE('',(#16971),#16976,.T.);
#16978=CARTESIAN_POINT('',(313.91036,-30.61467,-384.));
#16979=VERTEX_POINT('',#16978);
#16980=DIRECTION('',(0.44229,0.89687,0.));
#16981=VECTOR('',#16980,10.4645);
#16982=LINE('',#16950,#16981);
#16983=EDGE_CURVE('',#16951,#16979,#16982,.T.);
#16984=ORIENTED_EDGE('',*,*,#16983,.T.);
#16985=CARTESIAN_POINT('',(313.91036,-30.61467,-380.));
#16986=VERTEX_POINT('',#16985);
#16987=DIRECTION('',(0.,0.,1.));
#16988=VECTOR('',#16987,4.);
#16989=LINE('',#16978,#16988);
#16990=EDGE_CURVE('',#16979,#16986,#16989,.T.);
#16991=ORIENTED_EDGE('',*,*,#16990,.T.);
#16992=DIRECTION('',(0.44229,0.89687,0.));
#16993=VECTOR('',#16992,10.4645);
#16994=LINE('',#16957,#16993);
#16995=EDGE_CURVE('',#16958,#16986,#16994,.T.);
#16996=ORIENTED_EDGE('',*,*,#16995,.F.);
#16997=ORIENTED_EDGE('',*,*,#16962,.F.);
#16998=EDGE_LOOP('',(#16984,#16991,#16996,#16997));
#16999=FACE_OUTER_BOUND('',#16998,.T.);
#17000=CARTESIAN_POINT('',(309.28203,-40.,-384.));
#17001=DIRECTION('',(0.89687,-0.44229,0.));
#17002=DIRECTION('',(0.44229,0.89687,0.));
#17003=AXIS2_PLACEMENT_3D('',#17000,#17001,#17002);
#17004=PLANE('',#17003);
#17005=ADVANCED_FACE('',(#16999),#17004,.T.);
#17006=CARTESIAN_POINT('',(317.27407,-20.70552,-384.));
#17007=VERTEX_POINT('',#17006);
#17008=DIRECTION('',(0.32144,0.94693,0.));
#17009=VECTOR('',#17008,10.4645);
#17010=LINE('',#16978,#17009);
#17011=EDGE_CURVE('',#16979,#17007,#17010,.T.);
#17012=ORIENTED_EDGE('',*,*,#17011,.T.);
#17013=CARTESIAN_POINT('',(317.27407,-20.70552,-380.));
#17014=VERTEX_POINT('',#17013);
#17015=DIRECTION('',(0.,0.,1.));
#17016=VECTOR('',#17015,4.);
#17017=LINE('',#17006,#17016);
#17018=EDGE_CURVE('',#17007,#17014,#17017,.T.);
#17019=ORIENTED_EDGE('',*,*,#17018,.T.);
#17020=DIRECTION('',(0.32144,0.94693,0.));
#17021=VECTOR('',#17020,10.4645);
#17022=LINE('',#16985,#17021);
#17023=EDGE_CURVE('',#16986,#17014,#17022,.T.);
#17024=ORIENTED_EDGE('',*,*,#17023,.F.);
#17025=ORIENTED_EDGE('',*,*,#16990,.F.);
#17026=EDGE_LOOP('',(#17012,#17019,#17024,#17025));
#17027=FACE_OUTER_BOUND('',#17026,.T.);
#17028=CARTESIAN_POINT('',(313.91036,-30.61467,-384.));
#17029=DIRECTION('',(0.94693,-0.32144,0.));
#17030=DIRECTION('',(0.32144,0.94693,0.));
#17031=AXIS2_PLACEMENT_3D('',#17028,#17029,#17030);
#17032=PLANE('',#17031);
#17033=ADVANCED_FACE('',(#17027),#17032,.T.);
#17034=CARTESIAN_POINT('',(319.31559,-10.4421,-384.));
#17035=VERTEX_POINT('',#17034);
#17036=DIRECTION('',(0.19509,0.98079,0.));
#17037=VECTOR('',#17036,10.4645);
#17038=LINE('',#17006,#17037);
#17039=EDGE_CURVE('',#17007,#17035,#17038,.T.);
#17040=ORIENTED_EDGE('',*,*,#17039,.T.);
#17041=CARTESIAN_POINT('',(319.31559,-10.4421,-380.));
#17042=VERTEX_POINT('',#17041);
#17043=DIRECTION('',(0.,0.,1.));
#17044=VECTOR('',#17043,4.);
#17045=LINE('',#17034,#17044);
#17046=EDGE_CURVE('',#17035,#17042,#17045,.T.);
#17047=ORIENTED_EDGE('',*,*,#17046,.T.);
#17048=DIRECTION('',(0.19509,0.98079,0.));
#17049=VECTOR('',#17048,10.4645);
#17050=LINE('',#17013,#17049);
#17051=EDGE_CURVE('',#17014,#17042,#17050,.T.);
#17052=ORIENTED_EDGE('',*,*,#17051,.F.);
#17053=ORIENTED_EDGE('',*,*,#17018,.F.);
#17054=EDGE_LOOP('',(#17040,#17047,#17052,#17053));
#17055=FACE_OUTER_BOUND('',#17054,.T.);
#17056=CARTESIAN_POINT('',(317.27407,-20.70552,-384.));
#17057=DIRECTION('',(0.98079,-0.19509,0.));
#17058=DIRECTION('',(0.19509,0.98079,0.));
#17059=AXIS2_PLACEMENT_3D('',#17056,#17057,#17058);
#17060=PLANE('',#17059);
#17061=ADVANCED_FACE('',(#17055),#17060,.T.);
#17062=DIRECTION('',(-0.0654,-0.99786,0.));
#17063=VECTOR('',#17062,10.4645);
#17064=LINE('',#15738,#17063);
#17065=EDGE_CURVE('',#15739,#17035,#17064,.T.);
#17066=ORIENTED_EDGE('',*,*,#17065,.F.);
#17067=ORIENTED_EDGE('',*,*,#15764,.T.);
#17068=DIRECTION('',(-0.0654,-0.99786,0.));
#17069=VECTOR('',#17068,10.4645);
#17070=LINE('',#15754,#17069);
#17071=EDGE_CURVE('',#15755,#17042,#17070,.T.);
#17072=ORIENTED_EDGE('',*,*,#17071,.T.);
#17073=ORIENTED_EDGE('',*,*,#17046,.F.);
#17074=EDGE_LOOP('',(#17066,#17067,#17072,#17073));
#17075=FACE_OUTER_BOUND('',#17074,.T.);
#17076=CARTESIAN_POINT('',(319.31559,-10.4421,-384.));
#17077=DIRECTION('',(0.99786,-0.0654,0.));
#17078=DIRECTION('',(0.0654,0.99786,0.));
#17079=AXIS2_PLACEMENT_3D('',#17076,#17077,#17078);
#17080=PLANE('',#17079);
#17081=ADVANCED_FACE('',(#17075),#17080,.T.);
#17082=ORIENTED_EDGE('',*,*,#15759,.T.);
#17083=CARTESIAN_POINT('',(303.45247,8.35368,-380.));
#17084=VERTEX_POINT('',#17083);
#17085=DIRECTION('',(-0.99144,-0.13053,0.));
#17086=VECTOR('',#17085,16.);
#17087=LINE('',#15747,#17086);
#17088=EDGE_CURVE('',#15748,#17084,#17087,.T.);
#17089=ORIENTED_EDGE('',*,*,#17088,.T.);
#17090=CARTESIAN_POINT('',(304.,0.,-380.));
#17091=VERTEX_POINT('',#17090);
#17092=DIRECTION('',(-0.0654,0.99786,0.));
#17093=VECTOR('',#17092,8.3716);
#17094=LINE('',#17090,#17093);
#17095=EDGE_CURVE('',#17091,#17084,#17094,.T.);
#17096=ORIENTED_EDGE('',*,*,#17095,.F.);
#17097=DIRECTION('',(-1.,0.,0.));
#17098=VECTOR('',#17097,16.);
#17099=LINE('',#15754,#17098);
#17100=EDGE_CURVE('',#15755,#17091,#17099,.T.);
#17101=ORIENTED_EDGE('',*,*,#17100,.F.);
#17102=EDGE_LOOP('',(#17082,#17089,#17096,#17101));
#17103=FACE_OUTER_BOUND('',#17102,.T.);
#17104=CARTESIAN_POINT('',(320.,0.,-380.));
#17105=DIRECTION('',(0.,0.,1.));
#17106=DIRECTION('',(-0.0654,0.99786,0.));
#17107=AXIS2_PLACEMENT_3D('',#17104,#17105,#17106);
#17108=PLANE('',#17107);
#17109=ADVANCED_FACE('',(#17103),#17108,.T.);
#17110=ORIENTED_EDGE('',*,*,#15791,.T.);
#17111=CARTESIAN_POINT('',(301.81925,16.56442,-380.));
#17112=VERTEX_POINT('',#17111);
#17113=DIRECTION('',(-0.96593,-0.25882,0.));
#17114=VECTOR('',#17113,16.);
#17115=LINE('',#15781,#17114);
#17116=EDGE_CURVE('',#15782,#17112,#17115,.T.);
#17117=ORIENTED_EDGE('',*,*,#17116,.T.);
#17118=DIRECTION('',(-0.19509,0.98079,0.));
#17119=VECTOR('',#17118,8.3716);
#17120=LINE('',#17083,#17119);
#17121=EDGE_CURVE('',#17084,#17112,#17120,.T.);
#17122=ORIENTED_EDGE('',*,*,#17121,.F.);
#17123=ORIENTED_EDGE('',*,*,#17088,.F.);
#17124=EDGE_LOOP('',(#17110,#17117,#17122,#17123));
#17125=FACE_OUTER_BOUND('',#17124,.T.);
#17126=CARTESIAN_POINT('',(319.31559,10.4421,-380.));
#17127=DIRECTION('',(0.,0.,1.));
#17128=DIRECTION('',(-0.19509,0.98079,0.));
#17129=AXIS2_PLACEMENT_3D('',#17126,#17127,#17128);
#17130=PLANE('',#17129);
#17131=ADVANCED_FACE('',(#17125),#17130,.T.);
#17132=ORIENTED_EDGE('',*,*,#15819,.T.);
#17133=CARTESIAN_POINT('',(299.12829,24.49174,-380.));
#17134=VERTEX_POINT('',#17133);
#17135=DIRECTION('',(-0.92388,-0.38268,0.));
#17136=VECTOR('',#17135,16.);
#17137=LINE('',#15809,#17136);
#17138=EDGE_CURVE('',#15810,#17134,#17137,.T.);
#17139=ORIENTED_EDGE('',*,*,#17138,.T.);
#17140=DIRECTION('',(-0.32144,0.94693,0.));
#17141=VECTOR('',#17140,8.3716);
#17142=LINE('',#17111,#17141);
#17143=EDGE_CURVE('',#17112,#17134,#17142,.T.);
#17144=ORIENTED_EDGE('',*,*,#17143,.F.);
#17145=ORIENTED_EDGE('',*,*,#17116,.F.);
#17146=EDGE_LOOP('',(#17132,#17139,#17144,#17145));
#17147=FACE_OUTER_BOUND('',#17146,.T.);
#17148=CARTESIAN_POINT('',(317.27407,20.70552,-380.));
#17149=DIRECTION('',(0.,0.,1.));
#17150=DIRECTION('',(-0.32144,0.94693,0.));
#17151=AXIS2_PLACEMENT_3D('',#17148,#17149,#17150);
#17152=PLANE('',#17151);
#17153=ADVANCED_FACE('',(#17147),#17152,.T.);
#17154=ORIENTED_EDGE('',*,*,#15847,.T.);
#17155=CARTESIAN_POINT('',(295.42563,32.,-380.));
#17156=VERTEX_POINT('',#17155);
#17157=DIRECTION('',(-0.86603,-0.5,0.));
#17158=VECTOR('',#17157,16.);
#17159=LINE('',#15837,#17158);
#17160=EDGE_CURVE('',#15838,#17156,#17159,.T.);
#17161=ORIENTED_EDGE('',*,*,#17160,.T.);
#17162=DIRECTION('',(-0.44229,0.89687,0.));
#17163=VECTOR('',#17162,8.3716);
#17164=LINE('',#17133,#17163);
#17165=EDGE_CURVE('',#17134,#17156,#17164,.T.);
#17166=ORIENTED_EDGE('',*,*,#17165,.F.);
#17167=ORIENTED_EDGE('',*,*,#17138,.F.);
#17168=EDGE_LOOP('',(#17154,#17161,#17166,#17167));
#17169=FACE_OUTER_BOUND('',#17168,.T.);
#17170=CARTESIAN_POINT('',(313.91036,30.61467,-380.));
#17171=DIRECTION('',(0.,0.,1.));
#17172=DIRECTION('',(-0.44229,0.89687,0.));
#17173=AXIS2_PLACEMENT_3D('',#17170,#17171,#17172);
#17174=PLANE('',#17173);
#17175=ADVANCED_FACE('',(#17169),#17174,.T.);
#17176=ORIENTED_EDGE('',*,*,#15875,.T.);
#17177=CARTESIAN_POINT('',(290.77461,38.96073,-380.));
#17178=VERTEX_POINT('',#17177);
#17179=DIRECTION('',(-0.79335,-0.60876,0.));
#17180=VECTOR('',#17179,16.);
#17181=LINE('',#15865,#17180);
#17182=EDGE_CURVE('',#15866,#17178,#17181,.T.);
#17183=ORIENTED_EDGE('',*,*,#17182,.T.);
#17184=DIRECTION('',(-0.55557,0.83147,0.));
#17185=VECTOR('',#17184,8.3716);
#17186=LINE('',#17155,#17185);
#17187=EDGE_CURVE('',#17156,#17178,#17186,.T.);
#17188=ORIENTED_EDGE('',*,*,#17187,.F.);
#17189=ORIENTED_EDGE('',*,*,#17160,.F.);
#17190=EDGE_LOOP('',(#17176,#17183,#17188,#17189));
#17191=FACE_OUTER_BOUND('',#17190,.T.);
#17192=CARTESIAN_POINT('',(309.28203,40.,-380.));
#17193=DIRECTION('',(0.,0.,1.));
#17194=DIRECTION('',(-0.55557,0.83147,0.));
#17195=AXIS2_PLACEMENT_3D('',#17192,#17193,#17194);
#17196=PLANE('',#17195);
#17197=ADVANCED_FACE('',(#17191),#17196,.T.);
#17198=ORIENTED_EDGE('',*,*,#15903,.T.);
#17199=CARTESIAN_POINT('',(285.25483,45.25483,-380.));
#17200=VERTEX_POINT('',#17199);
#17201=DIRECTION('',(-0.70711,-0.70711,0.));
#17202=VECTOR('',#17201,16.);
#17203=LINE('',#15893,#17202);
#17204=EDGE_CURVE('',#15894,#17200,#17203,.T.);
#17205=ORIENTED_EDGE('',*,*,#17204,.T.);
#17206=DIRECTION('',(-0.65935,0.75184,0.));
#17207=VECTOR('',#17206,8.3716);
#17208=LINE('',#17177,#17207);
#17209=EDGE_CURVE('',#17178,#17200,#17208,.T.);
#17210=ORIENTED_EDGE('',*,*,#17209,.F.);
#17211=ORIENTED_EDGE('',*,*,#17182,.F.);
#17212=EDGE_LOOP('',(#17198,#17205,#17210,#17211));
#17213=FACE_OUTER_BOUND('',#17212,.T.);
#17214=CARTESIAN_POINT('',(303.46827,48.70091,-380.));
#17215=DIRECTION('',(0.,0.,1.));
#17216=DIRECTION('',(-0.65935,0.75184,0.));
#17217=AXIS2_PLACEMENT_3D('',#17214,#17215,#17216);
#17218=PLANE('',#17217);
#17219=ADVANCED_FACE('',(#17213),#17218,.T.);
#17220=ORIENTED_EDGE('',*,*,#15931,.T.);
#17221=CARTESIAN_POINT('',(278.96073,50.77461,-380.));
#17222=VERTEX_POINT('',#17221);
#17223=DIRECTION('',(-0.60876,-0.79335,0.));
#17224=VECTOR('',#17223,16.);
#17225=LINE('',#15921,#17224);
#17226=EDGE_CURVE('',#15922,#17222,#17225,.T.);
#17227=ORIENTED_EDGE('',*,*,#17226,.T.);
#17228=DIRECTION('',(-0.75184,0.65935,0.));
#17229=VECTOR('',#17228,8.3716);
#17230=LINE('',#17199,#17229);
#17231=EDGE_CURVE('',#17200,#17222,#17230,.T.);
#17232=ORIENTED_EDGE('',*,*,#17231,.F.);
#17233=ORIENTED_EDGE('',*,*,#17204,.F.);
#17234=EDGE_LOOP('',(#17220,#17227,#17232,#17233));
#17235=FACE_OUTER_BOUND('',#17234,.T.);
#17236=CARTESIAN_POINT('',(296.56854,56.56854,-380.));
#17237=DIRECTION('',(0.,0.,1.));
#17238=DIRECTION('',(-0.75184,0.65935,0.));
#17239=AXIS2_PLACEMENT_3D('',#17236,#17237,#17238);
#17240=PLANE('',#17239);
#17241=ADVANCED_FACE('',(#17235),#17240,.T.);
#17242=ORIENTED_EDGE('',*,*,#15959,.T.);
#17243=CARTESIAN_POINT('',(272.,55.42563,-380.));
#17244=VERTEX_POINT('',#17243);
#17245=DIRECTION('',(-0.5,-0.86603,0.));
#17246=VECTOR('',#17245,16.);
#17247=LINE('',#15949,#17246);
#17248=EDGE_CURVE('',#15950,#17244,#17247,.T.);
#17249=ORIENTED_EDGE('',*,*,#17248,.T.);
#17250=DIRECTION('',(-0.83147,0.55557,0.));
#17251=VECTOR('',#17250,8.3716);
#17252=LINE('',#17221,#17251);
#17253=EDGE_CURVE('',#17222,#17244,#17252,.T.);
#17254=ORIENTED_EDGE('',*,*,#17253,.F.);
#17255=ORIENTED_EDGE('',*,*,#17226,.F.);
#17256=EDGE_LOOP('',(#17242,#17249,#17254,#17255));
#17257=FACE_OUTER_BOUND('',#17256,.T.);
#17258=CARTESIAN_POINT('',(288.70091,63.46827,-380.));
#17259=DIRECTION('',(0.,0.,1.));
#17260=DIRECTION('',(-0.83147,0.55557,0.));
#17261=AXIS2_PLACEMENT_3D('',#17258,#17259,#17260);
#17262=PLANE('',#17261);
#17263=ADVANCED_FACE('',(#17257),#17262,.T.);
#17264=ORIENTED_EDGE('',*,*,#15987,.T.);
#17265=CARTESIAN_POINT('',(264.49174,59.12829,-380.));
#17266=VERTEX_POINT('',#17265);
#17267=DIRECTION('',(-0.38268,-0.92388,0.));
#17268=VECTOR('',#17267,16.);
#17269=LINE('',#15977,#17268);
#17270=EDGE_CURVE('',#15978,#17266,#17269,.T.);
#17271=ORIENTED_EDGE('',*,*,#17270,.T.);
#17272=DIRECTION('',(-0.89687,0.44229,0.));
#17273=VECTOR('',#17272,8.3716);
#17274=LINE('',#17243,#17273);
#17275=EDGE_CURVE('',#17244,#17266,#17274,.T.);
#17276=ORIENTED_EDGE('',*,*,#17275,.F.);
#17277=ORIENTED_EDGE('',*,*,#17248,.F.);
#17278=EDGE_LOOP('',(#17264,#17271,#17276,#17277));
#17279=FACE_OUTER_BOUND('',#17278,.T.);
#17280=CARTESIAN_POINT('',(280.,69.28203,-380.));
#17281=DIRECTION('',(0.,0.,1.));
#17282=DIRECTION('',(-0.89687,0.44229,0.));
#17283=AXIS2_PLACEMENT_3D('',#17280,#17281,#17282);
#17284=PLANE('',#17283);
#17285=ADVANCED_FACE('',(#17279),#17284,.T.);
#17286=ORIENTED_EDGE('',*,*,#16015,.T.);
#17287=CARTESIAN_POINT('',(256.56442,61.81925,-380.));
#17288=VERTEX_POINT('',#17287);
#17289=DIRECTION('',(-0.25882,-0.96593,0.));
#17290=VECTOR('',#17289,16.);
#17291=LINE('',#16005,#17290);
#17292=EDGE_CURVE('',#16006,#17288,#17291,.T.);
#17293=ORIENTED_EDGE('',*,*,#17292,.T.);
#17294=DIRECTION('',(-0.94693,0.32144,0.));
#17295=VECTOR('',#17294,8.3716);
#17296=LINE('',#17265,#17295);
#17297=EDGE_CURVE('',#17266,#17288,#17296,.T.);
#17298=ORIENTED_EDGE('',*,*,#17297,.F.);
#17299=ORIENTED_EDGE('',*,*,#17270,.F.);
#17300=EDGE_LOOP('',(#17286,#17293,#17298,#17299));
#17301=FACE_OUTER_BOUND('',#17300,.T.);
#17302=CARTESIAN_POINT('',(270.61467,73.91036,-380.));
#17303=DIRECTION('',(0.,0.,1.));
#17304=DIRECTION('',(-0.94693,0.32144,0.));
#17305=AXIS2_PLACEMENT_3D('',#17302,#17303,#17304);
#17306=PLANE('',#17305);
#17307=ADVANCED_FACE('',(#17301),#17306,.T.);
#17308=ORIENTED_EDGE('',*,*,#16043,.T.);
#17309=CARTESIAN_POINT('',(248.35368,63.45247,-380.));
#17310=VERTEX_POINT('',#17309);
#17311=DIRECTION('',(-0.13053,-0.99144,0.));
#17312=VECTOR('',#17311,16.);
#17313=LINE('',#16033,#17312);
#17314=EDGE_CURVE('',#16034,#17310,#17313,.T.);
#17315=ORIENTED_EDGE('',*,*,#17314,.T.);
#17316=DIRECTION('',(-0.98079,0.19509,0.));
#17317=VECTOR('',#17316,8.3716);
#17318=LINE('',#17287,#17317);
#17319=EDGE_CURVE('',#17288,#17310,#17318,.T.);
#17320=ORIENTED_EDGE('',*,*,#17319,.F.);
#17321=ORIENTED_EDGE('',*,*,#17292,.F.);
#17322=EDGE_LOOP('',(#17308,#17315,#17320,#17321));
#17323=FACE_OUTER_BOUND('',#17322,.T.);
#17324=CARTESIAN_POINT('',(260.70552,77.27407,-380.));
#17325=DIRECTION('',(0.,0.,1.));
#17326=DIRECTION('',(-0.98079,0.19509,0.));
#17327=AXIS2_PLACEMENT_3D('',#17324,#17325,#17326);
#17328=PLANE('',#17327);
#17329=ADVANCED_FACE('',(#17323),#17328,.T.);
#17330=ORIENTED_EDGE('',*,*,#16071,.T.);
#17331=CARTESIAN_POINT('',(240.,64.,-380.));
#17332=VERTEX_POINT('',#17331);
#17333=DIRECTION('',(0.,-1.,0.));
#17334=VECTOR('',#17333,16.);
#17335=LINE('',#16061,#17334);
#17336=EDGE_CURVE('',#16062,#17332,#17335,.T.);
#17337=ORIENTED_EDGE('',*,*,#17336,.T.);
#17338=DIRECTION('',(-0.99786,0.0654,0.));
#17339=VECTOR('',#17338,8.3716);
#17340=LINE('',#17309,#17339);
#17341=EDGE_CURVE('',#17310,#17332,#17340,.T.);
#17342=ORIENTED_EDGE('',*,*,#17341,.F.);
#17343=ORIENTED_EDGE('',*,*,#17314,.F.);
#17344=EDGE_LOOP('',(#17330,#17337,#17342,#17343));
#17345=FACE_OUTER_BOUND('',#17344,.T.);
#17346=CARTESIAN_POINT('',(250.4421,79.31559,-380.));
#17347=DIRECTION('',(0.,0.,1.));
#17348=DIRECTION('',(-0.99786,0.0654,0.));
#17349=AXIS2_PLACEMENT_3D('',#17346,#17347,#17348);
#17350=PLANE('',#17349);
#17351=ADVANCED_FACE('',(#17345),#17350,.T.);
#17352=ORIENTED_EDGE('',*,*,#16099,.T.);
#17353=CARTESIAN_POINT('',(231.64632,63.45247,-380.));
#17354=VERTEX_POINT('',#17353);
#17355=DIRECTION('',(0.13053,-0.99144,0.));
#17356=VECTOR('',#17355,16.);
#17357=LINE('',#16089,#17356);
#17358=EDGE_CURVE('',#16090,#17354,#17357,.T.);
#17359=ORIENTED_EDGE('',*,*,#17358,.T.);
#17360=DIRECTION('',(-0.99786,-0.0654,0.));
#17361=VECTOR('',#17360,8.3716);
#17362=LINE('',#17331,#17361);
#17363=EDGE_CURVE('',#17332,#17354,#17362,.T.);
#17364=ORIENTED_EDGE('',*,*,#17363,.F.);
#17365=ORIENTED_EDGE('',*,*,#17336,.F.);
#17366=EDGE_LOOP('',(#17352,#17359,#17364,#17365));
#17367=FACE_OUTER_BOUND('',#17366,.T.);
#17368=CARTESIAN_POINT('',(240.,80.,-380.));
#17369=DIRECTION('',(0.,0.,1.));
#17370=DIRECTION('',(-0.99786,-0.0654,0.));
#17371=AXIS2_PLACEMENT_3D('',#17368,#17369,#17370);
#17372=PLANE('',#17371);
#17373=ADVANCED_FACE('',(#17367),#17372,.T.);
#17374=ORIENTED_EDGE('',*,*,#16127,.T.);
#17375=CARTESIAN_POINT('',(223.43558,61.81925,-380.));
#17376=VERTEX_POINT('',#17375);
#17377=DIRECTION('',(0.25882,-0.96593,0.));
#17378=VECTOR('',#17377,16.);
#17379=LINE('',#16117,#17378);
#17380=EDGE_CURVE('',#16118,#17376,#17379,.T.);
#17381=ORIENTED_EDGE('',*,*,#17380,.T.);
#17382=DIRECTION('',(-0.98079,-0.19509,0.));
#17383=VECTOR('',#17382,8.3716);
#17384=LINE('',#17353,#17383);
#17385=EDGE_CURVE('',#17354,#17376,#17384,.T.);
#17386=ORIENTED_EDGE('',*,*,#17385,.F.);
#17387=ORIENTED_EDGE('',*,*,#17358,.F.);
#17388=EDGE_LOOP('',(#17374,#17381,#17386,#17387));
#17389=FACE_OUTER_BOUND('',#17388,.T.);
#17390=CARTESIAN_POINT('',(229.5579,79.31559,-380.));
#17391=DIRECTION('',(0.,0.,1.));
#17392=DIRECTION('',(-0.98079,-0.19509,0.));
#17393=AXIS2_PLACEMENT_3D('',#17390,#17391,#17392);
#17394=PLANE('',#17393);
#17395=ADVANCED_FACE('',(#17389),#17394,.T.);
#17396=ORIENTED_EDGE('',*,*,#16155,.T.);
#17397=CARTESIAN_POINT('',(215.50826,59.12829,-380.));
#17398=VERTEX_POINT('',#17397);
#17399=DIRECTION('',(0.38268,-0.92388,0.));
#17400=VECTOR('',#17399,16.);
#17401=LINE('',#16145,#17400);
#17402=EDGE_CURVE('',#16146,#17398,#17401,.T.);
#17403=ORIENTED_EDGE('',*,*,#17402,.T.);
#17404=DIRECTION('',(-0.94693,-0.32144,0.));
#17405=VECTOR('',#17404,8.3716);
#17406=LINE('',#17375,#17405);
#17407=EDGE_CURVE('',#17376,#17398,#17406,.T.);
#17408=ORIENTED_EDGE('',*,*,#17407,.F.);
#17409=ORIENTED_EDGE('',*,*,#17380,.F.);
#17410=EDGE_LOOP('',(#17396,#17403,#17408,#17409));
#17411=FACE_OUTER_BOUND('',#17410,.T.);
#17412=CARTESIAN_POINT('',(219.29448,77.27407,-380.));
#17413=DIRECTION('',(0.,0.,1.));
#17414=DIRECTION('',(-0.94693,-0.32144,0.));
#17415=AXIS2_PLACEMENT_3D('',#17412,#17413,#17414);
#17416=PLANE('',#17415);
#17417=ADVANCED_FACE('',(#17411),#17416,.T.);
#17418=ORIENTED_EDGE('',*,*,#16183,.T.);
#17419=CARTESIAN_POINT('',(208.,55.42563,-380.));
#17420=VERTEX_POINT('',#17419);
#17421=DIRECTION('',(0.5,-0.86603,0.));
#17422=VECTOR('',#17421,16.);
#17423=LINE('',#16173,#17422);
#17424=EDGE_CURVE('',#16174,#17420,#17423,.T.);
#17425=ORIENTED_EDGE('',*,*,#17424,.T.);
#17426=DIRECTION('',(-0.89687,-0.44229,0.));
#17427=VECTOR('',#17426,8.3716);
#17428=LINE('',#17397,#17427);
#17429=EDGE_CURVE('',#17398,#17420,#17428,.T.);
#17430=ORIENTED_EDGE('',*,*,#17429,.F.);
#17431=ORIENTED_EDGE('',*,*,#17402,.F.);
#17432=EDGE_LOOP('',(#17418,#17425,#17430,#17431));
#17433=FACE_OUTER_BOUND('',#17432,.T.);
#17434=CARTESIAN_POINT('',(209.38533,73.91036,-380.));
#17435=DIRECTION('',(0.,0.,1.));
#17436=DIRECTION('',(-0.89687,-0.44229,0.));
#17437=AXIS2_PLACEMENT_3D('',#17434,#17435,#17436);
#17438=PLANE('',#17437);
#17439=ADVANCED_FACE('',(#17433),#17438,.T.);
#17440=ORIENTED_EDGE('',*,*,#16211,.T.);
#17441=CARTESIAN_POINT('',(201.03927,50.77461,-380.));
#17442=VERTEX_POINT('',#17441);
#17443=DIRECTION('',(0.60876,-0.79335,0.));
#17444=VECTOR('',#17443,16.);
#17445=LINE('',#16201,#17444);
#17446=EDGE_CURVE('',#16202,#17442,#17445,.T.);
#17447=ORIENTED_EDGE('',*,*,#17446,.T.);
#17448=DIRECTION('',(-0.83147,-0.55557,0.));
#17449=VECTOR('',#17448,8.3716);
#17450=LINE('',#17419,#17449);
#17451=EDGE_CURVE('',#17420,#17442,#17450,.T.);
#17452=ORIENTED_EDGE('',*,*,#17451,.F.);
#17453=ORIENTED_EDGE('',*,*,#17424,.F.);
#17454=EDGE_LOOP('',(#17440,#17447,#17452,#17453));
#17455=FACE_OUTER_BOUND('',#17454,.T.);
#17456=CARTESIAN_POINT('',(200.,69.28203,-380.));
#17457=DIRECTION('',(0.,0.,1.));
#17458=DIRECTION('',(-0.83147,-0.55557,0.));
#17459=AXIS2_PLACEMENT_3D('',#17456,#17457,#17458);
#17460=PLANE('',#17459);
#17461=ADVANCED_FACE('',(#17455),#17460,.T.);
#17462=ORIENTED_EDGE('',*,*,#16239,.T.);
#17463=CARTESIAN_POINT('',(194.74517,45.25483,-380.));
#17464=VERTEX_POINT('',#17463);
#17465=DIRECTION('',(0.70711,-0.70711,0.));
#17466=VECTOR('',#17465,16.);
#17467=LINE('',#16229,#17466);
#17468=EDGE_CURVE('',#16230,#17464,#17467,.T.);
#17469=ORIENTED_EDGE('',*,*,#17468,.T.);
#17470=DIRECTION('',(-0.75184,-0.65935,0.));
#17471=VECTOR('',#17470,8.3716);
#17472=LINE('',#17441,#17471);
#17473=EDGE_CURVE('',#17442,#17464,#17472,.T.);
#17474=ORIENTED_EDGE('',*,*,#17473,.F.);
#17475=ORIENTED_EDGE('',*,*,#17446,.F.);
#17476=EDGE_LOOP('',(#17462,#17469,#17474,#17475));
#17477=FACE_OUTER_BOUND('',#17476,.T.);
#17478=CARTESIAN_POINT('',(191.29909,63.46827,-380.));
#17479=DIRECTION('',(0.,0.,1.));
#17480=DIRECTION('',(-0.75184,-0.65935,0.));
#17481=AXIS2_PLACEMENT_3D('',#17478,#17479,#17480);
#17482=PLANE('',#17481);
#17483=ADVANCED_FACE('',(#17477),#17482,.T.);
#17484=ORIENTED_EDGE('',*,*,#16267,.T.);
#17485=CARTESIAN_POINT('',(189.22539,38.96073,-380.));
#17486=VERTEX_POINT('',#17485);
#17487=DIRECTION('',(0.79335,-0.60876,0.));
#17488=VECTOR('',#17487,16.);
#17489=LINE('',#16257,#17488);
#17490=EDGE_CURVE('',#16258,#17486,#17489,.T.);
#17491=ORIENTED_EDGE('',*,*,#17490,.T.);
#17492=DIRECTION('',(-0.65935,-0.75184,0.));
#17493=VECTOR('',#17492,8.3716);
#17494=LINE('',#17463,#17493);
#17495=EDGE_CURVE('',#17464,#17486,#17494,.T.);
#17496=ORIENTED_EDGE('',*,*,#17495,.F.);
#17497=ORIENTED_EDGE('',*,*,#17468,.F.);
#17498=EDGE_LOOP('',(#17484,#17491,#17496,#17497));
#17499=FACE_OUTER_BOUND('',#17498,.T.);
#17500=CARTESIAN_POINT('',(183.43146,56.56854,-380.));
#17501=DIRECTION('',(0.,0.,1.));
#17502=DIRECTION('',(-0.65935,-0.75184,0.));
#17503=AXIS2_PLACEMENT_3D('',#17500,#17501,#17502);
#17504=PLANE('',#17503);
#17505=ADVANCED_FACE('',(#17499),#17504,.T.);
#17506=ORIENTED_EDGE('',*,*,#16295,.T.);
#17507=CARTESIAN_POINT('',(184.57437,32.,-380.));
#17508=VERTEX_POINT('',#17507);
#17509=DIRECTION('',(0.86603,-0.5,0.));
#17510=VECTOR('',#17509,16.);
#17511=LINE('',#16285,#17510);
#17512=EDGE_CURVE('',#16286,#17508,#17511,.T.);
#17513=ORIENTED_EDGE('',*,*,#17512,.T.);
#17514=DIRECTION('',(-0.55557,-0.83147,0.));
#17515=VECTOR('',#17514,8.3716);
#17516=LINE('',#17485,#17515);
#17517=EDGE_CURVE('',#17486,#17508,#17516,.T.);
#17518=ORIENTED_EDGE('',*,*,#17517,.F.);
#17519=ORIENTED_EDGE('',*,*,#17490,.F.);
#17520=EDGE_LOOP('',(#17506,#17513,#17518,#17519));
#17521=FACE_OUTER_BOUND('',#17520,.T.);
#17522=CARTESIAN_POINT('',(176.53173,48.70091,-380.));
#17523=DIRECTION('',(0.,0.,1.));
#17524=DIRECTION('',(-0.55557,-0.83147,0.));
#17525=AXIS2_PLACEMENT_3D('',#17522,#17523,#17524);
#17526=PLANE('',#17525);
#17527=ADVANCED_FACE('',(#17521),#17526,.T.);
#17528=ORIENTED_EDGE('',*,*,#16323,.T.);
#17529=CARTESIAN_POINT('',(180.87171,24.49174,-380.));
#17530=VERTEX_POINT('',#17529);
#17531=DIRECTION('',(0.92388,-0.38268,0.));
#17532=VECTOR('',#17531,16.);
#17533=LINE('',#16313,#17532);
#17534=EDGE_CURVE('',#16314,#17530,#17533,.T.);
#17535=ORIENTED_EDGE('',*,*,#17534,.T.);
#17536=DIRECTION('',(-0.44229,-0.89687,0.));
#17537=VECTOR('',#17536,8.3716);
#17538=LINE('',#17507,#17537);
#17539=EDGE_CURVE('',#17508,#17530,#17538,.T.);
#17540=ORIENTED_EDGE('',*,*,#17539,.F.);
#17541=ORIENTED_EDGE('',*,*,#17512,.F.);
#17542=EDGE_LOOP('',(#17528,#17535,#17540,#17541));
#17543=FACE_OUTER_BOUND('',#17542,.T.);
#17544=CARTESIAN_POINT('',(170.71797,40.,-380.));
#17545=DIRECTION('',(0.,0.,1.));
#17546=DIRECTION('',(-0.44229,-0.89687,0.));
#17547=AXIS2_PLACEMENT_3D('',#17544,#17545,#17546);
#17548=PLANE('',#17547);
#17549=ADVANCED_FACE('',(#17543),#17548,.T.);
#17550=ORIENTED_EDGE('',*,*,#16351,.T.);
#17551=CARTESIAN_POINT('',(178.18075,16.56442,-380.));
#17552=VERTEX_POINT('',#17551);
#17553=DIRECTION('',(0.96593,-0.25882,0.));
#17554=VECTOR('',#17553,16.);
#17555=LINE('',#16341,#17554);
#17556=EDGE_CURVE('',#16342,#17552,#17555,.T.);
#17557=ORIENTED_EDGE('',*,*,#17556,.T.);
#17558=DIRECTION('',(-0.32144,-0.94693,0.));
#17559=VECTOR('',#17558,8.3716);
#17560=LINE('',#17529,#17559);
#17561=EDGE_CURVE('',#17530,#17552,#17560,.T.);
#17562=ORIENTED_EDGE('',*,*,#17561,.F.);
#17563=ORIENTED_EDGE('',*,*,#17534,.F.);
#17564=EDGE_LOOP('',(#17550,#17557,#17562,#17563));
#17565=FACE_OUTER_BOUND('',#17564,.T.);
#17566=CARTESIAN_POINT('',(166.08964,30.61467,-380.));
#17567=DIRECTION('',(0.,0.,1.));
#17568=DIRECTION('',(-0.32144,-0.94693,0.));
#17569=AXIS2_PLACEMENT_3D('',#17566,#17567,#17568);
#17570=PLANE('',#17569);
#17571=ADVANCED_FACE('',(#17565),#17570,.T.);
#17572=ORIENTED_EDGE('',*,*,#16379,.T.);
#17573=CARTESIAN_POINT('',(176.54753,8.35368,-380.));
#17574=VERTEX_POINT('',#17573);
#17575=DIRECTION('',(0.99144,-0.13053,0.));
#17576=VECTOR('',#17575,16.);
#17577=LINE('',#16369,#17576);
#17578=EDGE_CURVE('',#16370,#17574,#17577,.T.);
#17579=ORIENTED_EDGE('',*,*,#17578,.T.);
#17580=DIRECTION('',(-0.19509,-0.98079,0.));
#17581=VECTOR('',#17580,8.3716);
#17582=LINE('',#17551,#17581);
#17583=EDGE_CURVE('',#17552,#17574,#17582,.T.);
#17584=ORIENTED_EDGE('',*,*,#17583,.F.);
#17585=ORIENTED_EDGE('',*,*,#17556,.F.);
#17586=EDGE_LOOP('',(#17572,#17579,#17584,#17585));
#17587=FACE_OUTER_BOUND('',#17586,.T.);
#17588=CARTESIAN_POINT('',(162.72593,20.70552,-380.));
#17589=DIRECTION('',(0.,0.,1.));
#17590=DIRECTION('',(-0.19509,-0.98079,0.));
#17591=AXIS2_PLACEMENT_3D('',#17588,#17589,#17590);
#17592=PLANE('',#17591);
#17593=ADVANCED_FACE('',(#17587),#17592,.T.);
#17594=ORIENTED_EDGE('',*,*,#16407,.T.);
#17595=CARTESIAN_POINT('',(176.,0.,-380.));
#17596=VERTEX_POINT('',#17595);
#17597=DIRECTION('',(1.,0.,0.));
#17598=VECTOR('',#17597,16.);
#17599=LINE('',#16397,#17598);
#17600=EDGE_CURVE('',#16398,#17596,#17599,.T.);
#17601=ORIENTED_EDGE('',*,*,#17600,.T.);
#17602=DIRECTION('',(-0.0654,-0.99786,0.));
#17603=VECTOR('',#17602,8.3716);
#17604=LINE('',#17573,#17603);
#17605=EDGE_CURVE('',#17574,#17596,#17604,.T.);
#17606=ORIENTED_EDGE('',*,*,#17605,.F.);
#17607=ORIENTED_EDGE('',*,*,#17578,.F.);
#17608=EDGE_LOOP('',(#17594,#17601,#17606,#17607));
#17609=FACE_OUTER_BOUND('',#17608,.T.);
#17610=CARTESIAN_POINT('',(160.68441,10.4421,-380.));
#17611=DIRECTION('',(0.,0.,1.));
#17612=DIRECTION('',(-0.0654,-0.99786,0.));
#17613=AXIS2_PLACEMENT_3D('',#17610,#17611,#17612);
#17614=PLANE('',#17613);
#17615=ADVANCED_FACE('',(#17609),#17614,.T.);
#17616=ORIENTED_EDGE('',*,*,#16435,.T.);
#17617=CARTESIAN_POINT('',(176.54753,-8.35368,-380.));
#17618=VERTEX_POINT('',#17617);
#17619=DIRECTION('',(0.99144,0.13053,0.));
#17620=VECTOR('',#17619,16.);
#17621=LINE('',#16425,#17620);
#17622=EDGE_CURVE('',#16426,#17618,#17621,.T.);
#17623=ORIENTED_EDGE('',*,*,#17622,.T.);
#17624=DIRECTION('',(0.0654,-0.99786,0.));
#17625=VECTOR('',#17624,8.3716);
#17626=LINE('',#17595,#17625);
#17627=EDGE_CURVE('',#17596,#17618,#17626,.T.);
#17628=ORIENTED_EDGE('',*,*,#17627,.F.);
#17629=ORIENTED_EDGE('',*,*,#17600,.F.);
#17630=EDGE_LOOP('',(#17616,#17623,#17628,#17629));
#17631=FACE_OUTER_BOUND('',#17630,.T.);
#17632=CARTESIAN_POINT('',(160.,0.,-380.));
#17633=DIRECTION('',(0.,0.,1.));
#17634=DIRECTION('',(0.0654,-0.99786,0.));
#17635=AXIS2_PLACEMENT_3D('',#17632,#17633,#17634);
#17636=PLANE('',#17635);
#17637=ADVANCED_FACE('',(#17631),#17636,.T.);
#17638=ORIENTED_EDGE('',*,*,#16463,.T.);
#17639=CARTESIAN_POINT('',(178.18075,-16.56442,-380.));
#17640=VERTEX_POINT('',#17639);
#17641=DIRECTION('',(0.96593,0.25882,0.));
#17642=VECTOR('',#17641,16.);
#17643=LINE('',#16453,#17642);
#17644=EDGE_CURVE('',#16454,#17640,#17643,.T.);
#17645=ORIENTED_EDGE('',*,*,#17644,.T.);
#17646=DIRECTION('',(0.19509,-0.98079,0.));
#17647=VECTOR('',#17646,8.3716);
#17648=LINE('',#17617,#17647);
#17649=EDGE_CURVE('',#17618,#17640,#17648,.T.);
#17650=ORIENTED_EDGE('',*,*,#17649,.F.);
#17651=ORIENTED_EDGE('',*,*,#17622,.F.);
#17652=EDGE_LOOP('',(#17638,#17645,#17650,#17651));
#17653=FACE_OUTER_BOUND('',#17652,.T.);
#17654=CARTESIAN_POINT('',(160.68441,-10.4421,-380.));
#17655=DIRECTION('',(0.,0.,1.));
#17656=DIRECTION('',(0.19509,-0.98079,0.));
#17657=AXIS2_PLACEMENT_3D('',#17654,#17655,#17656);
#17658=PLANE('',#17657);
#17659=ADVANCED_FACE('',(#17653),#17658,.T.);
#17660=ORIENTED_EDGE('',*,*,#16491,.T.);
#17661=CARTESIAN_POINT('',(180.87171,-24.49174,-380.));
#17662=VERTEX_POINT('',#17661);
#17663=DIRECTION('',(0.92388,0.38268,0.));
#17664=VECTOR('',#17663,16.);
#17665=LINE('',#16481,#17664);
#17666=EDGE_CURVE('',#16482,#17662,#17665,.T.);
#17667=ORIENTED_EDGE('',*,*,#17666,.T.);
#17668=DIRECTION('',(0.32144,-0.94693,0.));
#17669=VECTOR('',#17668,8.3716);
#17670=LINE('',#17639,#17669);
#17671=EDGE_CURVE('',#17640,#17662,#17670,.T.);
#17672=ORIENTED_EDGE('',*,*,#17671,.F.);
#17673=ORIENTED_EDGE('',*,*,#17644,.F.);
#17674=EDGE_LOOP('',(#17660,#17667,#17672,#17673));
#17675=FACE_OUTER_BOUND('',#17674,.T.);
#17676=CARTESIAN_POINT('',(162.72593,-20.70552,-380.));
#17677=DIRECTION('',(0.,0.,1.));
#17678=DIRECTION('',(0.32144,-0.94693,0.));
#17679=AXIS2_PLACEMENT_3D('',#17676,#17677,#17678);
#17680=PLANE('',#17679);
#17681=ADVANCED_FACE('',(#17675),#17680,.T.);
#17682=ORIENTED_EDGE('',*,*,#16519,.T.);
#17683=CARTESIAN_POINT('',(184.57437,-32.,-380.));
#17684=VERTEX_POINT('',#17683);
#17685=DIRECTION('',(0.86603,0.5,0.));
#17686=VECTOR('',#17685,16.);
#17687=LINE('',#16509,#17686);
#17688=EDGE_CURVE('',#16510,#17684,#17687,.T.);
#17689=ORIENTED_EDGE('',*,*,#17688,.T.);
#17690=DIRECTION('',(0.44229,-0.89687,0.));
#17691=VECTOR('',#17690,8.3716);
#17692=LINE('',#17661,#17691);
#17693=EDGE_CURVE('',#17662,#17684,#17692,.T.);
#17694=ORIENTED_EDGE('',*,*,#17693,.F.);
#17695=ORIENTED_EDGE('',*,*,#17666,.F.);
#17696=EDGE_LOOP('',(#17682,#17689,#17694,#17695));
#17697=FACE_OUTER_BOUND('',#17696,.T.);
#17698=CARTESIAN_POINT('',(166.08964,-30.61467,-380.));
#17699=DIRECTION('',(0.,0.,1.));
#17700=DIRECTION('',(0.44229,-0.89687,0.));
#17701=AXIS2_PLACEMENT_3D('',#17698,#17699,#17700);
#17702=PLANE('',#17701);
#17703=ADVANCED_FACE('',(#17697),#17702,.T.);
#17704=ORIENTED_EDGE('',*,*,#16547,.T.);
#17705=CARTESIAN_POINT('',(189.22539,-38.96073,-380.));
#17706=VERTEX_POINT('',#17705);
#17707=DIRECTION('',(0.79335,0.60876,0.));
#17708=VECTOR('',#17707,16.);
#17709=LINE('',#16537,#17708);
#17710=EDGE_CURVE('',#16538,#17706,#17709,.T.);
#17711=ORIENTED_EDGE('',*,*,#17710,.T.);
#17712=DIRECTION('',(0.55557,-0.83147,0.));
#17713=VECTOR('',#17712,8.3716);
#17714=LINE('',#17683,#17713);
#17715=EDGE_CURVE('',#17684,#17706,#17714,.T.);
#17716=ORIENTED_EDGE('',*,*,#17715,.F.);
#17717=ORIENTED_EDGE('',*,*,#17688,.F.);
#17718=EDGE_LOOP('',(#17704,#17711,#17716,#17717));
#17719=FACE_OUTER_BOUND('',#17718,.T.);
#17720=CARTESIAN_POINT('',(170.71797,-40.,-380.));
#17721=DIRECTION('',(0.,0.,1.));
#17722=DIRECTION('',(0.55557,-0.83147,0.));
#17723=AXIS2_PLACEMENT_3D('',#17720,#17721,#17722);
#17724=PLANE('',#17723);
#17725=ADVANCED_FACE('',(#17719),#17724,.T.);
#17726=ORIENTED_EDGE('',*,*,#16575,.T.);
#17727=CARTESIAN_POINT('',(194.74517,-45.25483,-380.));
#17728=VERTEX_POINT('',#17727);
#17729=DIRECTION('',(0.70711,0.70711,0.));
#17730=VECTOR('',#17729,16.);
#17731=LINE('',#16565,#17730);
#17732=EDGE_CURVE('',#16566,#17728,#17731,.T.);
#17733=ORIENTED_EDGE('',*,*,#17732,.T.);
#17734=DIRECTION('',(0.65935,-0.75184,0.));
#17735=VECTOR('',#17734,8.3716);
#17736=LINE('',#17705,#17735);
#17737=EDGE_CURVE('',#17706,#17728,#17736,.T.);
#17738=ORIENTED_EDGE('',*,*,#17737,.F.);
#17739=ORIENTED_EDGE('',*,*,#17710,.F.);
#17740=EDGE_LOOP('',(#17726,#17733,#17738,#17739));
#17741=FACE_OUTER_BOUND('',#17740,.T.);
#17742=CARTESIAN_POINT('',(176.53173,-48.70091,-380.));
#17743=DIRECTION('',(0.,0.,1.));
#17744=DIRECTION('',(0.65935,-0.75184,0.));
#17745=AXIS2_PLACEMENT_3D('',#17742,#17743,#17744);
#17746=PLANE('',#17745);
#17747=ADVANCED_FACE('',(#17741),#17746,.T.);
#17748=ORIENTED_EDGE('',*,*,#16603,.T.);
#17749=CARTESIAN_POINT('',(201.03927,-50.77461,-380.));
#17750=VERTEX_POINT('',#17749);
#17751=DIRECTION('',(0.60876,0.79335,0.));
#17752=VECTOR('',#17751,16.);
#17753=LINE('',#16593,#17752);
#17754=EDGE_CURVE('',#16594,#17750,#17753,.T.);
#17755=ORIENTED_EDGE('',*,*,#17754,.T.);
#17756=DIRECTION('',(0.75184,-0.65935,0.));
#17757=VECTOR('',#17756,8.3716);
#17758=LINE('',#17727,#17757);
#17759=EDGE_CURVE('',#17728,#17750,#17758,.T.);
#17760=ORIENTED_EDGE('',*,*,#17759,.F.);
#17761=ORIENTED_EDGE('',*,*,#17732,.F.);
#17762=EDGE_LOOP('',(#17748,#17755,#17760,#17761));
#17763=FACE_OUTER_BOUND('',#17762,.T.);
#17764=CARTESIAN_POINT('',(183.43146,-56.56854,-380.));
#17765=DIRECTION('',(0.,0.,1.));
#17766=DIRECTION('',(0.75184,-0.65935,0.));
#17767=AXIS2_PLACEMENT_3D('',#17764,#17765,#17766);
#17768=PLANE('',#17767);
#17769=ADVANCED_FACE('',(#17763),#17768,.T.);
#17770=ORIENTED_EDGE('',*,*,#16631,.T.);
#17771=CARTESIAN_POINT('',(208.,-55.42563,-380.));
#17772=VERTEX_POINT('',#17771);
#17773=DIRECTION('',(0.5,0.86603,0.));
#17774=VECTOR('',#17773,16.);
#17775=LINE('',#16621,#17774);
#17776=EDGE_CURVE('',#16622,#17772,#17775,.T.);
#17777=ORIENTED_EDGE('',*,*,#17776,.T.);
#17778=DIRECTION('',(0.83147,-0.55557,0.));
#17779=VECTOR('',#17778,8.3716);
#17780=LINE('',#17749,#17779);
#17781=EDGE_CURVE('',#17750,#17772,#17780,.T.);
#17782=ORIENTED_EDGE('',*,*,#17781,.F.);
#17783=ORIENTED_EDGE('',*,*,#17754,.F.);
#17784=EDGE_LOOP('',(#17770,#17777,#17782,#17783));
#17785=FACE_OUTER_BOUND('',#17784,.T.);
#17786=CARTESIAN_POINT('',(191.29909,-63.46827,-380.));
#17787=DIRECTION('',(0.,0.,1.));
#17788=DIRECTION('',(0.83147,-0.55557,0.));
#17789=AXIS2_PLACEMENT_3D('',#17786,#17787,#17788);
#17790=PLANE('',#17789);
#17791=ADVANCED_FACE('',(#17785),#17790,.T.);
#17792=ORIENTED_EDGE('',*,*,#16659,.T.);
#17793=CARTESIAN_POINT('',(215.50826,-59.12829,-380.));
#17794=VERTEX_POINT('',#17793);
#17795=DIRECTION('',(0.38268,0.92388,0.));
#17796=VECTOR('',#17795,16.);
#17797=LINE('',#16649,#17796);
#17798=EDGE_CURVE('',#16650,#17794,#17797,.T.);
#17799=ORIENTED_EDGE('',*,*,#17798,.T.);
#17800=DIRECTION('',(0.89687,-0.44229,0.));
#17801=VECTOR('',#17800,8.3716);
#17802=LINE('',#17771,#17801);
#17803=EDGE_CURVE('',#17772,#17794,#17802,.T.);
#17804=ORIENTED_EDGE('',*,*,#17803,.F.);
#17805=ORIENTED_EDGE('',*,*,#17776,.F.);
#17806=EDGE_LOOP('',(#17792,#17799,#17804,#17805));
#17807=FACE_OUTER_BOUND('',#17806,.T.);
#17808=CARTESIAN_POINT('',(200.,-69.28203,-380.));
#17809=DIRECTION('',(0.,0.,1.));
#17810=DIRECTION('',(0.89687,-0.44229,0.));
#17811=AXIS2_PLACEMENT_3D('',#17808,#17809,#17810);
#17812=PLANE('',#17811);
#17813=ADVANCED_FACE('',(#17807),#17812,.T.);
#17814=ORIENTED_EDGE('',*,*,#16687,.T.);
#17815=CARTESIAN_POINT('',(223.43558,-61.81925,-380.));
#17816=VERTEX_POINT('',#17815);
#17817=DIRECTION('',(0.25882,0.96593,0.));
#17818=VECTOR('',#17817,16.);
#17819=LINE('',#16677,#17818);
#17820=EDGE_CURVE('',#16678,#17816,#17819,.T.);
#17821=ORIENTED_EDGE('',*,*,#17820,.T.);
#17822=DIRECTION('',(0.94693,-0.32144,0.));
#17823=VECTOR('',#17822,8.3716);
#17824=LINE('',#17793,#17823);
#17825=EDGE_CURVE('',#17794,#17816,#17824,.T.);
#17826=ORIENTED_EDGE('',*,*,#17825,.F.);
#17827=ORIENTED_EDGE('',*,*,#17798,.F.);
#17828=EDGE_LOOP('',(#17814,#17821,#17826,#17827));
#17829=FACE_OUTER_BOUND('',#17828,.T.);
#17830=CARTESIAN_POINT('',(209.38533,-73.91036,-380.));
#17831=DIRECTION('',(0.,0.,1.));
#17832=DIRECTION('',(0.94693,-0.32144,0.));
#17833=AXIS2_PLACEMENT_3D('',#17830,#17831,#17832);
#17834=PLANE('',#17833);
#17835=ADVANCED_FACE('',(#17829),#17834,.T.);
#17836=ORIENTED_EDGE('',*,*,#16715,.T.);
#17837=CARTESIAN_POINT('',(231.64632,-63.45247,-380.));
#17838=VERTEX_POINT('',#17837);
#17839=DIRECTION('',(0.13053,0.99144,0.));
#17840=VECTOR('',#17839,16.);
#17841=LINE('',#16705,#17840);
#17842=EDGE_CURVE('',#16706,#17838,#17841,.T.);
#17843=ORIENTED_EDGE('',*,*,#17842,.T.);
#17844=DIRECTION('',(0.98079,-0.19509,0.));
#17845=VECTOR('',#17844,8.3716);
#17846=LINE('',#17815,#17845);
#17847=EDGE_CURVE('',#17816,#17838,#17846,.T.);
#17848=ORIENTED_EDGE('',*,*,#17847,.F.);
#17849=ORIENTED_EDGE('',*,*,#17820,.F.);
#17850=EDGE_LOOP('',(#17836,#17843,#17848,#17849));
#17851=FACE_OUTER_BOUND('',#17850,.T.);
#17852=CARTESIAN_POINT('',(219.29448,-77.27407,-380.));
#17853=DIRECTION('',(0.,0.,1.));
#17854=DIRECTION('',(0.98079,-0.19509,0.));
#17855=AXIS2_PLACEMENT_3D('',#17852,#17853,#17854);
#17856=PLANE('',#17855);
#17857=ADVANCED_FACE('',(#17851),#17856,.T.);
#17858=ORIENTED_EDGE('',*,*,#16743,.T.);
#17859=CARTESIAN_POINT('',(240.,-64.,-380.));
#17860=VERTEX_POINT('',#17859);
#17861=DIRECTION('',(0.,1.,0.));
#17862=VECTOR('',#17861,16.);
#17863=LINE('',#16733,#17862);
#17864=EDGE_CURVE('',#16734,#17860,#17863,.T.);
#17865=ORIENTED_EDGE('',*,*,#17864,.T.);
#17866=DIRECTION('',(0.99786,-0.0654,0.));
#17867=VECTOR('',#17866,8.3716);
#17868=LINE('',#17837,#17867);
#17869=EDGE_CURVE('',#17838,#17860,#17868,.T.);
#17870=ORIENTED_EDGE('',*,*,#17869,.F.);
#17871=ORIENTED_EDGE('',*,*,#17842,.F.);
#17872=EDGE_LOOP('',(#17858,#17865,#17870,#17871));
#17873=FACE_OUTER_BOUND('',#17872,.T.);
#17874=CARTESIAN_POINT('',(229.5579,-79.31559,-380.));
#17875=DIRECTION('',(0.,0.,1.));
#17876=DIRECTION('',(0.99786,-0.0654,0.));
#17877=AXIS2_PLACEMENT_3D('',#17874,#17875,#17876);
#17878=PLANE('',#17877);
#17879=ADVANCED_FACE('',(#17873),#17878,.T.);
#17880=ORIENTED_EDGE('',*,*,#16771,.T.);
#17881=CARTESIAN_POINT('',(248.35368,-63.45247,-380.));
#17882=VERTEX_POINT('',#17881);
#17883=DIRECTION('',(-0.13053,0.99144,0.));
#17884=VECTOR('',#17883,16.);
#17885=LINE('',#16761,#17884);
#17886=EDGE_CURVE('',#16762,#17882,#17885,.T.);
#17887=ORIENTED_EDGE('',*,*,#17886,.T.);
#17888=DIRECTION('',(0.99786,0.0654,0.));
#17889=VECTOR('',#17888,8.3716);
#17890=LINE('',#17859,#17889);
#17891=EDGE_CURVE('',#17860,#17882,#17890,.T.);
#17892=ORIENTED_EDGE('',*,*,#17891,.F.);
#17893=ORIENTED_EDGE('',*,*,#17864,.F.);
#17894=EDGE_LOOP('',(#17880,#17887,#17892,#17893));
#17895=FACE_OUTER_BOUND('',#17894,.T.);
#17896=CARTESIAN_POINT('',(240.,-80.,-380.));
#17897=DIRECTION('',(0.,0.,1.));
#17898=DIRECTION('',(0.99786,0.0654,0.));
#17899=AXIS2_PLACEMENT_3D('',#17896,#17897,#17898);
#17900=PLANE('',#17899);
#17901=ADVANCED_FACE('',(#17895),#17900,.T.);
#17902=ORIENTED_EDGE('',*,*,#16799,.T.);
#17903=CARTESIAN_POINT('',(256.56442,-61.81925,-380.));
#17904=VERTEX_POINT('',#17903);
#17905=DIRECTION('',(-0.25882,0.96593,0.));
#17906=VECTOR('',#17905,16.);
#17907=LINE('',#16789,#17906);
#17908=EDGE_CURVE('',#16790,#17904,#17907,.T.);
#17909=ORIENTED_EDGE('',*,*,#17908,.T.);
#17910=DIRECTION('',(0.98079,0.19509,0.));
#17911=VECTOR('',#17910,8.3716);
#17912=LINE('',#17881,#17911);
#17913=EDGE_CURVE('',#17882,#17904,#17912,.T.);
#17914=ORIENTED_EDGE('',*,*,#17913,.F.);
#17915=ORIENTED_EDGE('',*,*,#17886,.F.);
#17916=EDGE_LOOP('',(#17902,#17909,#17914,#17915));
#17917=FACE_OUTER_BOUND('',#17916,.T.);
#17918=CARTESIAN_POINT('',(250.4421,-79.31559,-380.));
#17919=DIRECTION('',(0.,0.,1.));
#17920=DIRECTION('',(0.98079,0.19509,0.));
#17921=AXIS2_PLACEMENT_3D('',#17918,#17919,#17920);
#17922=PLANE('',#17921);
#17923=ADVANCED_FACE('',(#17917),#17922,.T.);
#17924=ORIENTED_EDGE('',*,*,#16827,.T.);
#17925=CARTESIAN_POINT('',(264.49174,-59.12829,-380.));
#17926=VERTEX_POINT('',#17925);
#17927=DIRECTION('',(-0.38268,0.92388,0.));
#17928=VECTOR('',#17927,16.);
#17929=LINE('',#16817,#17928);
#17930=EDGE_CURVE('',#16818,#17926,#17929,.T.);
#17931=ORIENTED_EDGE('',*,*,#17930,.T.);
#17932=DIRECTION('',(0.94693,0.32144,0.));
#17933=VECTOR('',#17932,8.3716);
#17934=LINE('',#17903,#17933);
#17935=EDGE_CURVE('',#17904,#17926,#17934,.T.);
#17936=ORIENTED_EDGE('',*,*,#17935,.F.);
#17937=ORIENTED_EDGE('',*,*,#17908,.F.);
#17938=EDGE_LOOP('',(#17924,#17931,#17936,#17937));
#17939=FACE_OUTER_BOUND('',#17938,.T.);
#17940=CARTESIAN_POINT('',(260.70552,-77.27407,-380.));
#17941=DIRECTION('',(0.,0.,1.));
#17942=DIRECTION('',(0.94693,0.32144,0.));
#17943=AXIS2_PLACEMENT_3D('',#17940,#17941,#17942);
#17944=PLANE('',#17943);
#17945=ADVANCED_FACE('',(#17939),#17944,.T.);
#17946=ORIENTED_EDGE('',*,*,#16855,.T.);
#17947=CARTESIAN_POINT('',(272.,-55.42563,-380.));
#17948=VERTEX_POINT('',#17947);
#17949=DIRECTION('',(-0.5,0.86603,0.));
#17950=VECTOR('',#17949,16.);
#17951=LINE('',#16845,#17950);
#17952=EDGE_CURVE('',#16846,#17948,#17951,.T.);
#17953=ORIENTED_EDGE('',*,*,#17952,.T.);
#17954=DIRECTION('',(0.89687,0.44229,0.));
#17955=VECTOR('',#17954,8.3716);
#17956=LINE('',#17925,#17955);
#17957=EDGE_CURVE('',#17926,#17948,#17956,.T.);
#17958=ORIENTED_EDGE('',*,*,#17957,.F.);
#17959=ORIENTED_EDGE('',*,*,#17930,.F.);
#17960=EDGE_LOOP('',(#17946,#17953,#17958,#17959));
#17961=FACE_OUTER_BOUND('',#17960,.T.);
#17962=CARTESIAN_POINT('',(270.61467,-73.91036,-380.));
#17963=DIRECTION('',(0.,0.,1.));
#17964=DIRECTION('',(0.89687,0.44229,0.));
#17965=AXIS2_PLACEMENT_3D('',#17962,#17963,#17964);
#17966=PLANE('',#17965);
#17967=ADVANCED_FACE('',(#17961),#17966,.T.);
#17968=ORIENTED_EDGE('',*,*,#16883,.T.);
#17969=CARTESIAN_POINT('',(278.96073,-50.77461,-380.));
#17970=VERTEX_POINT('',#17969);
#17971=DIRECTION('',(-0.60876,0.79335,0.));
#17972=VECTOR('',#17971,16.);
#17973=LINE('',#16873,#17972);
#17974=EDGE_CURVE('',#16874,#17970,#17973,.T.);
#17975=ORIENTED_EDGE('',*,*,#17974,.T.);
#17976=DIRECTION('',(0.83147,0.55557,0.));
#17977=VECTOR('',#17976,8.3716);
#17978=LINE('',#17947,#17977);
#17979=EDGE_CURVE('',#17948,#17970,#17978,.T.);
#17980=ORIENTED_EDGE('',*,*,#17979,.F.);
#17981=ORIENTED_EDGE('',*,*,#17952,.F.);
#17982=EDGE_LOOP('',(#17968,#17975,#17980,#17981));
#17983=FACE_OUTER_BOUND('',#17982,.T.);
#17984=CARTESIAN_POINT('',(280.,-69.28203,-380.));
#17985=DIRECTION('',(0.,0.,1.));
#17986=DIRECTION('',(0.83147,0.55557,0.));
#17987=AXIS2_PLACEMENT_3D('',#17984,#17985,#17986);
#17988=PLANE('',#17987);
#17989=ADVANCED_FACE('',(#17983),#17988,.T.);
#17990=ORIENTED_EDGE('',*,*,#16911,.T.);
#17991=CARTESIAN_POINT('',(285.25483,-45.25483,-380.));
#17992=VERTEX_POINT('',#17991);
#17993=DIRECTION('',(-0.70711,0.70711,0.));
#17994=VECTOR('',#17993,16.);
#17995=LINE('',#16901,#17994);
#17996=EDGE_CURVE('',#16902,#17992,#17995,.T.);
#17997=ORIENTED_EDGE('',*,*,#17996,.T.);
#17998=DIRECTION('',(0.75184,0.65935,0.));
#17999=VECTOR('',#17998,8.3716);
#18000=LINE('',#17969,#17999);
#18001=EDGE_CURVE('',#17970,#17992,#18000,.T.);
#18002=ORIENTED_EDGE('',*,*,#18001,.F.);
#18003=ORIENTED_EDGE('',*,*,#17974,.F.);
#18004=EDGE_LOOP('',(#17990,#17997,#18002,#18003));
#18005=FACE_OUTER_BOUND('',#18004,.T.);
#18006=CARTESIAN_POINT('',(288.70091,-63.46827,-380.));
#18007=DIRECTION('',(0.,0.,1.));
#18008=DIRECTION('',(0.75184,0.65935,0.));
#18009=AXIS2_PLACEMENT_3D('',#18006,#18007,#18008);
#18010=PLANE('',#18009);
#18011=ADVANCED_FACE('',(#18005),#18010,.T.);
#18012=ORIENTED_EDGE('',*,*,#16939,.T.);
#18013=CARTESIAN_POINT('',(290.77461,-38.96073,-380.));
#18014=VERTEX_POINT('',#18013);
#18015=DIRECTION('',(-0.79335,0.60876,0.));
#18016=VECTOR('',#18015,16.);
#18017=LINE('',#16929,#18016);
#18018=EDGE_CURVE('',#16930,#18014,#18017,.T.);
#18019=ORIENTED_EDGE('',*,*,#18018,.T.);
#18020=DIRECTION('',(0.65935,0.75184,0.));
#18021=VECTOR('',#18020,8.3716);
#18022=LINE('',#17991,#18021);
#18023=EDGE_CURVE('',#17992,#18014,#18022,.T.);
#18024=ORIENTED_EDGE('',*,*,#18023,.F.);
#18025=ORIENTED_EDGE('',*,*,#17996,.F.);
#18026=EDGE_LOOP('',(#18012,#18019,#18024,#18025));
#18027=FACE_OUTER_BOUND('',#18026,.T.);
#18028=CARTESIAN_POINT('',(296.56854,-56.56854,-380.));
#18029=DIRECTION('',(0.,0.,1.));
#18030=DIRECTION('',(0.65935,0.75184,0.));
#18031=AXIS2_PLACEMENT_3D('',#18028,#18029,#18030);
#18032=PLANE('',#18031);
#18033=ADVANCED_FACE('',(#18027),#18032,.T.);
#18034=ORIENTED_EDGE('',*,*,#16967,.T.);
#18035=CARTESIAN_POINT('',(295.42563,-32.,-380.));
#18036=VERTEX_POINT('',#18035);
#18037=DIRECTION('',(-0.86603,0.5,0.));
#18038=VECTOR('',#18037,16.);
#18039=LINE('',#16957,#18038);
#18040=EDGE_CURVE('',#16958,#18036,#18039,.T.);
#18041=ORIENTED_EDGE('',*,*,#18040,.T.);
#18042=DIRECTION('',(0.55557,0.83147,0.));
#18043=VECTOR('',#18042,8.3716);
#18044=LINE('',#18013,#18043);
#18045=EDGE_CURVE('',#18014,#18036,#18044,.T.);
#18046=ORIENTED_EDGE('',*,*,#18045,.F.);
#18047=ORIENTED_EDGE('',*,*,#18018,.F.);
#18048=EDGE_LOOP('',(#18034,#18041,#18046,#18047));
#18049=FACE_OUTER_BOUND('',#18048,.T.);
#18050=CARTESIAN_POINT('',(303.46827,-48.70091,-380.));
#18051=DIRECTION('',(0.,0.,1.));
#18052=DIRECTION('',(0.55557,0.83147,0.));
#18053=AXIS2_PLACEMENT_3D('',#18050,#18051,#18052);
#18054=PLANE('',#18053);
#18055=ADVANCED_FACE('',(#18049),#18054,.T.);
#18056=ORIENTED_EDGE('',*,*,#16995,.T.);
#18057=CARTESIAN_POINT('',(299.12829,-24.49174,-380.));
#18058=VERTEX_POINT('',#18057);
#18059=DIRECTION('',(-0.92388,0.38268,0.));
#18060=VECTOR('',#18059,16.);
#18061=LINE('',#16985,#18060);
#18062=EDGE_CURVE('',#16986,#18058,#18061,.T.);
#18063=ORIENTED_EDGE('',*,*,#18062,.T.);
#18064=DIRECTION('',(0.44229,0.89687,0.));
#18065=VECTOR('',#18064,8.3716);
#18066=LINE('',#18035,#18065);
#18067=EDGE_CURVE('',#18036,#18058,#18066,.T.);
#18068=ORIENTED_EDGE('',*,*,#18067,.F.);
#18069=ORIENTED_EDGE('',*,*,#18040,.F.);
#18070=EDGE_LOOP('',(#18056,#18063,#18068,#18069));
#18071=FACE_OUTER_BOUND('',#18070,.T.);
#18072=CARTESIAN_POINT('',(309.28203,-40.,-380.));
#18073=DIRECTION('',(0.,0.,1.));
#18074=DIRECTION('',(0.44229,0.89687,0.));
#18075=AXIS2_PLACEMENT_3D('',#18072,#18073,#18074);
#18076=PLANE('',#18075);
#18077=ADVANCED_FACE('',(#18071),#18076,.T.);
#18078=ORIENTED_EDGE('',*,*,#17023,.T.);
#18079=CARTESIAN_POINT('',(301.81925,-16.56442,-380.));
#18080=VERTEX_POINT('',#18079);
#18081=DIRECTION('',(-0.96593,0.25882,0.));
#18082=VECTOR('',#18081,16.);
#18083=LINE('',#17013,#18082);
#18084=EDGE_CURVE('',#17014,#18080,#18083,.T.);
#18085=ORIENTED_EDGE('',*,*,#18084,.T.);
#18086=DIRECTION('',(0.32144,0.94693,0.));
#18087=VECTOR('',#18086,8.3716);
#18088=LINE('',#18057,#18087);
#18089=EDGE_CURVE('',#18058,#18080,#18088,.T.);
#18090=ORIENTED_EDGE('',*,*,#18089,.F.);
#18091=ORIENTED_EDGE('',*,*,#18062,.F.);
#18092=EDGE_LOOP('',(#18078,#18085,#18090,#18091));
#18093=FACE_OUTER_BOUND('',#18092,.T.);
#18094=CARTESIAN_POINT('',(313.91036,-30.61467,-380.));
#18095=DIRECTION('',(0.,0.,1.));
#18096=DIRECTION('',(0.32144,0.94693,0.));
#18097=AXIS2_PLACEMENT_3D('',#18094,#18095,#18096);
#18098=PLANE('',#18097);
#18099=ADVANCED_FACE('',(#18093),#18098,.T.);
#18100=ORIENTED_EDGE('',*,*,#17051,.T.);
#18101=CARTESIAN_POINT('',(303.45247,-8.35368,-380.));
#18102=VERTEX_POINT('',#18101);
#18103=DIRECTION('',(-0.99144,0.13053,0.));
#18104=VECTOR('',#18103,16.);
#18105=LINE('',#17041,#18104);
#18106=EDGE_CURVE('',#17042,#18102,#18105,.T.);
#18107=ORIENTED_EDGE('',*,*,#18106,.T.);
#18108=DIRECTION('',(0.19509,0.98079,0.));
#18109=VECTOR('',#18108,8.3716);
#18110=LINE('',#18079,#18109);
#18111=EDGE_CURVE('',#18080,#18102,#18110,.T.);
#18112=ORIENTED_EDGE('',*,*,#18111,.F.);
#18113=ORIENTED_EDGE('',*,*,#18084,.F.);
#18114=EDGE_LOOP('',(#18100,#18107,#18112,#18113));
#18115=FACE_OUTER_BOUND('',#18114,.T.);
#18116=CARTESIAN_POINT('',(317.27407,-20.70552,-380.));
#18117=DIRECTION('',(0.,0.,1.));
#18118=DIRECTION('',(0.19509,0.98079,0.));
#18119=AXIS2_PLACEMENT_3D('',#18116,#18117,#18118);
#18120=PLANE('',#18119);
#18121=ADVANCED_FACE('',(#18115),#18120,.T.);
#18122=ORIENTED_EDGE('',*,*,#17071,.F.);
#18123=ORIENTED_EDGE('',*,*,#17100,.T.);
#18124=DIRECTION('',(-0.0654,-0.99786,0.));
#18125=VECTOR('',#18124,8.3716);
#18126=LINE('',#17090,#18125);
#18127=EDGE_CURVE('',#17091,#18102,#18126,.T.);
#18128=ORIENTED_EDGE('',*,*,#18127,.T.);
#18129=ORIENTED_EDGE('',*,*,#18106,.F.);
#18130=EDGE_LOOP('',(#18122,#18123,#18128,#18129));
#18131=FACE_OUTER_BOUND('',#18130,.T.);
#18132=CARTESIAN_POINT('',(319.31559,-10.4421,-380.));
#18133=DIRECTION('',(0.,0.,1.));
#18134=DIRECTION('',(0.0654,0.99786,0.));
#18135=AXIS2_PLACEMENT_3D('',#18132,#18133,#18134);
#18136=PLANE('',#18135);
#18137=ADVANCED_FACE('',(#18131),#18136,.T.);
#18138=ORIENTED_EDGE('',*,*,#17095,.T.);
#18139=CARTESIAN_POINT('',(303.45247,8.35368,-384.));
#18140=VERTEX_POINT('',#18139);
#18141=DIRECTION('',(0.,0.,-1.));
#18142=VECTOR('',#18141,4.);
#18143=LINE('',#17083,#18142);
#18144=EDGE_CURVE('',#17084,#18140,#18143,.T.);
#18145=ORIENTED_EDGE('',*,*,#18144,.T.);
#18146=CARTESIAN_POINT('',(304.,0.,-384.));
#18147=VERTEX_POINT('',#18146);
#18148=DIRECTION('',(-0.0654,0.99786,0.));
#18149=VECTOR('',#18148,8.3716);
#18150=LINE('',#18146,#18149);
#18151=EDGE_CURVE('',#18147,#18140,#18150,.T.);
#18152=ORIENTED_EDGE('',*,*,#18151,.F.);
#18153=DIRECTION('',(0.,0.,-1.));
#18154=VECTOR('',#18153,4.);
#18155=LINE('',#17090,#18154);
#18156=EDGE_CURVE('',#17091,#18147,#18155,.T.);
#18157=ORIENTED_EDGE('',*,*,#18156,.F.);
#18158=EDGE_LOOP('',(#18138,#18145,#18152,#18157));
#18159=FACE_OUTER_BOUND('',#18158,.T.);
#18160=CARTESIAN_POINT('',(304.,0.,-380.));
#18161=DIRECTION('',(-0.99786,-0.0654,0.));
#18162=DIRECTION('',(-0.0654,0.99786,0.));
#18163=AXIS2_PLACEMENT_3D('',#18160,#18161,#18162);
#18164=PLANE('',#18163);
#18165=ADVANCED_FACE('',(#18159),#18164,.T.);
#18166=ORIENTED_EDGE('',*,*,#17121,.T.);
#18167=CARTESIAN_POINT('',(301.81925,16.56442,-384.));
#18168=VERTEX_POINT('',#18167);
#18169=DIRECTION('',(0.,0.,-1.));
#18170=VECTOR('',#18169,4.);
#18171=LINE('',#17111,#18170);
#18172=EDGE_CURVE('',#17112,#18168,#18171,.T.);
#18173=ORIENTED_EDGE('',*,*,#18172,.T.);
#18174=DIRECTION('',(-0.19509,0.98079,0.));
#18175=VECTOR('',#18174,8.3716);
#18176=LINE('',#18139,#18175);
#18177=EDGE_CURVE('',#18140,#18168,#18176,.T.);
#18178=ORIENTED_EDGE('',*,*,#18177,.F.);
#18179=ORIENTED_EDGE('',*,*,#18144,.F.);
#18180=EDGE_LOOP('',(#18166,#18173,#18178,#18179));
#18181=FACE_OUTER_BOUND('',#18180,.T.);
#18182=CARTESIAN_POINT('',(303.45247,8.35368,-380.));
#18183=DIRECTION('',(-0.98079,-0.19509,0.));
#18184=DIRECTION('',(-0.19509,0.98079,0.));
#18185=AXIS2_PLACEMENT_3D('',#18182,#18183,#18184);
#18186=PLANE('',#18185);
#18187=ADVANCED_FACE('',(#18181),#18186,.T.);
#18188=ORIENTED_EDGE('',*,*,#17143,.T.);
#18189=CARTESIAN_POINT('',(299.12829,24.49174,-384.));
#18190=VERTEX_POINT('',#18189);
#18191=DIRECTION('',(0.,0.,-1.));
#18192=VECTOR('',#18191,4.);
#18193=LINE('',#17133,#18192);
#18194=EDGE_CURVE('',#17134,#18190,#18193,.T.);
#18195=ORIENTED_EDGE('',*,*,#18194,.T.);
#18196=DIRECTION('',(-0.32144,0.94693,0.));
#18197=VECTOR('',#18196,8.3716);
#18198=LINE('',#18167,#18197);
#18199=EDGE_CURVE('',#18168,#18190,#18198,.T.);
#18200=ORIENTED_EDGE('',*,*,#18199,.F.);
#18201=ORIENTED_EDGE('',*,*,#18172,.F.);
#18202=EDGE_LOOP('',(#18188,#18195,#18200,#18201));
#18203=FACE_OUTER_BOUND('',#18202,.T.);
#18204=CARTESIAN_POINT('',(301.81925,16.56442,-380.));
#18205=DIRECTION('',(-0.94693,-0.32144,0.));
#18206=DIRECTION('',(-0.32144,0.94693,0.));
#18207=AXIS2_PLACEMENT_3D('',#18204,#18205,#18206);
#18208=PLANE('',#18207);
#18209=ADVANCED_FACE('',(#18203),#18208,.T.);
#18210=ORIENTED_EDGE('',*,*,#17165,.T.);
#18211=CARTESIAN_POINT('',(295.42563,32.,-384.));
#18212=VERTEX_POINT('',#18211);
#18213=DIRECTION('',(0.,0.,-1.));
#18214=VECTOR('',#18213,4.);
#18215=LINE('',#17155,#18214);
#18216=EDGE_CURVE('',#17156,#18212,#18215,.T.);
#18217=ORIENTED_EDGE('',*,*,#18216,.T.);
#18218=DIRECTION('',(-0.44229,0.89687,0.));
#18219=VECTOR('',#18218,8.3716);
#18220=LINE('',#18189,#18219);
#18221=EDGE_CURVE('',#18190,#18212,#18220,.T.);
#18222=ORIENTED_EDGE('',*,*,#18221,.F.);
#18223=ORIENTED_EDGE('',*,*,#18194,.F.);
#18224=EDGE_LOOP('',(#18210,#18217,#18222,#18223));
#18225=FACE_OUTER_BOUND('',#18224,.T.);
#18226=CARTESIAN_POINT('',(299.12829,24.49174,-380.));
#18227=DIRECTION('',(-0.89687,-0.44229,0.));
#18228=DIRECTION('',(-0.44229,0.89687,0.));
#18229=AXIS2_PLACEMENT_3D('',#18226,#18227,#18228);
#18230=PLANE('',#18229);
#18231=ADVANCED_FACE('',(#18225),#18230,.T.);
#18232=ORIENTED_EDGE('',*,*,#17187,.T.);
#18233=CARTESIAN_POINT('',(290.77461,38.96073,-384.));
#18234=VERTEX_POINT('',#18233);
#18235=DIRECTION('',(0.,0.,-1.));
#18236=VECTOR('',#18235,4.);
#18237=LINE('',#17177,#18236);
#18238=EDGE_CURVE('',#17178,#18234,#18237,.T.);
#18239=ORIENTED_EDGE('',*,*,#18238,.T.);
#18240=DIRECTION('',(-0.55557,0.83147,0.));
#18241=VECTOR('',#18240,8.3716);
#18242=LINE('',#18211,#18241);
#18243=EDGE_CURVE('',#18212,#18234,#18242,.T.);
#18244=ORIENTED_EDGE('',*,*,#18243,.F.);
#18245=ORIENTED_EDGE('',*,*,#18216,.F.);
#18246=EDGE_LOOP('',(#18232,#18239,#18244,#18245));
#18247=FACE_OUTER_BOUND('',#18246,.T.);
#18248=CARTESIAN_POINT('',(295.42563,32.,-380.));
#18249=DIRECTION('',(-0.83147,-0.55557,0.));
#18250=DIRECTION('',(-0.55557,0.83147,0.));
#18251=AXIS2_PLACEMENT_3D('',#18248,#18249,#18250);
#18252=PLANE('',#18251);
#18253=ADVANCED_FACE('',(#18247),#18252,.T.);
#18254=ORIENTED_EDGE('',*,*,#17209,.T.);
#18255=CARTESIAN_POINT('',(285.25483,45.25483,-384.));
#18256=VERTEX_POINT('',#18255);
#18257=DIRECTION('',(0.,0.,-1.));
#18258=VECTOR('',#18257,4.);
#18259=LINE('',#17199,#18258);
#18260=EDGE_CURVE('',#17200,#18256,#18259,.T.);
#18261=ORIENTED_EDGE('',*,*,#18260,.T.);
#18262=DIRECTION('',(-0.65935,0.75184,0.));
#18263=VECTOR('',#18262,8.3716);
#18264=LINE('',#18233,#18263);
#18265=EDGE_CURVE('',#18234,#18256,#18264,.T.);
#18266=ORIENTED_EDGE('',*,*,#18265,.F.);
#18267=ORIENTED_EDGE('',*,*,#18238,.F.);
#18268=EDGE_LOOP('',(#18254,#18261,#18266,#18267));
#18269=FACE_OUTER_BOUND('',#18268,.T.);
#18270=CARTESIAN_POINT('',(290.77461,38.96073,-380.));
#18271=DIRECTION('',(-0.75184,-0.65935,0.));
#18272=DIRECTION('',(-0.65935,0.75184,0.));
#18273=AXIS2_PLACEMENT_3D('',#18270,#18271,#18272);
#18274=PLANE('',#18273);
#18275=ADVANCED_FACE('',(#18269),#18274,.T.);
#18276=ORIENTED_EDGE('',*,*,#17231,.T.);
#18277=CARTESIAN_POINT('',(278.96073,50.77461,-384.));
#18278=VERTEX_POINT('',#18277);
#18279=DIRECTION('',(0.,0.,-1.));
#18280=VECTOR('',#18279,4.);
#18281=LINE('',#17221,#18280);
#18282=EDGE_CURVE('',#17222,#18278,#18281,.T.);
#18283=ORIENTED_EDGE('',*,*,#18282,.T.);
#18284=DIRECTION('',(-0.75184,0.65935,0.));
#18285=VECTOR('',#18284,8.3716);
#18286=LINE('',#18255,#18285);
#18287=EDGE_CURVE('',#18256,#18278,#18286,.T.);
#18288=ORIENTED_EDGE('',*,*,#18287,.F.);
#18289=ORIENTED_EDGE('',*,*,#18260,.F.);
#18290=EDGE_LOOP('',(#18276,#18283,#18288,#18289));
#18291=FACE_OUTER_BOUND('',#18290,.T.);
#18292=CARTESIAN_POINT('',(285.25483,45.25483,-380.));
#18293=DIRECTION('',(-0.65935,-0.75184,0.));
#18294=DIRECTION('',(-0.75184,0.65935,0.));
#18295=AXIS2_PLACEMENT_3D('',#18292,#18293,#18294);
#18296=PLANE('',#18295);
#18297=ADVANCED_FACE('',(#18291),#18296,.T.);
#18298=ORIENTED_EDGE('',*,*,#17253,.T.);
#18299=CARTESIAN_POINT('',(272.,55.42563,-384.));
#18300=VERTEX_POINT('',#18299);
#18301=DIRECTION('',(0.,0.,-1.));
#18302=VECTOR('',#18301,4.);
#18303=LINE('',#17243,#18302);
#18304=EDGE_CURVE('',#17244,#18300,#18303,.T.);
#18305=ORIENTED_EDGE('',*,*,#18304,.T.);
#18306=DIRECTION('',(-0.83147,0.55557,0.));
#18307=VECTOR('',#18306,8.3716);
#18308=LINE('',#18277,#18307);
#18309=EDGE_CURVE('',#18278,#18300,#18308,.T.);
#18310=ORIENTED_EDGE('',*,*,#18309,.F.);
#18311=ORIENTED_EDGE('',*,*,#18282,.F.);
#18312=EDGE_LOOP('',(#18298,#18305,#18310,#18311));
#18313=FACE_OUTER_BOUND('',#18312,.T.);
#18314=CARTESIAN_POINT('',(278.96073,50.77461,-380.));
#18315=DIRECTION('',(-0.55557,-0.83147,0.));
#18316=DIRECTION('',(-0.83147,0.55557,0.));
#18317=AXIS2_PLACEMENT_3D('',#18314,#18315,#18316);
#18318=PLANE('',#18317);
#18319=ADVANCED_FACE('',(#18313),#18318,.T.);
#18320=ORIENTED_EDGE('',*,*,#17275,.T.);
#18321=CARTESIAN_POINT('',(264.49174,59.12829,-384.));
#18322=VERTEX_POINT('',#18321);
#18323=DIRECTION('',(0.,0.,-1.));
#18324=VECTOR('',#18323,4.);
#18325=LINE('',#17265,#18324);
#18326=EDGE_CURVE('',#17266,#18322,#18325,.T.);
#18327=ORIENTED_EDGE('',*,*,#18326,.T.);
#18328=DIRECTION('',(-0.89687,0.44229,0.));
#18329=VECTOR('',#18328,8.3716);
#18330=LINE('',#18299,#18329);
#18331=EDGE_CURVE('',#18300,#18322,#18330,.T.);
#18332=ORIENTED_EDGE('',*,*,#18331,.F.);
#18333=ORIENTED_EDGE('',*,*,#18304,.F.);
#18334=EDGE_LOOP('',(#18320,#18327,#18332,#18333));
#18335=FACE_OUTER_BOUND('',#18334,.T.);
#18336=CARTESIAN_POINT('',(272.,55.42563,-380.));
#18337=DIRECTION('',(-0.44229,-0.89687,0.));
#18338=DIRECTION('',(-0.89687,0.44229,0.));
#18339=AXIS2_PLACEMENT_3D('',#18336,#18337,#18338);
#18340=PLANE('',#18339);
#18341=ADVANCED_FACE('',(#18335),#18340,.T.);
#18342=ORIENTED_EDGE('',*,*,#17297,.T.);
#18343=CARTESIAN_POINT('',(256.56442,61.81925,-384.));
#18344=VERTEX_POINT('',#18343);
#18345=DIRECTION('',(0.,0.,-1.));
#18346=VECTOR('',#18345,4.);
#18347=LINE('',#17287,#18346);
#18348=EDGE_CURVE('',#17288,#18344,#18347,.T.);
#18349=ORIENTED_EDGE('',*,*,#18348,.T.);
#18350=DIRECTION('',(-0.94693,0.32144,0.));
#18351=VECTOR('',#18350,8.3716);
#18352=LINE('',#18321,#18351);
#18353=EDGE_CURVE('',#18322,#18344,#18352,.T.);
#18354=ORIENTED_EDGE('',*,*,#18353,.F.);
#18355=ORIENTED_EDGE('',*,*,#18326,.F.);
#18356=EDGE_LOOP('',(#18342,#18349,#18354,#18355));
#18357=FACE_OUTER_BOUND('',#18356,.T.);
#18358=CARTESIAN_POINT('',(264.49174,59.12829,-380.));
#18359=DIRECTION('',(-0.32144,-0.94693,0.));
#18360=DIRECTION('',(-0.94693,0.32144,0.));
#18361=AXIS2_PLACEMENT_3D('',#18358,#18359,#18360);
#18362=PLANE('',#18361);
#18363=ADVANCED_FACE('',(#18357),#18362,.T.);
#18364=ORIENTED_EDGE('',*,*,#17319,.T.);
#18365=CARTESIAN_POINT('',(248.35368,63.45247,-384.));
#18366=VERTEX_POINT('',#18365);
#18367=DIRECTION('',(0.,0.,-1.));
#18368=VECTOR('',#18367,4.);
#18369=LINE('',#17309,#18368);
#18370=EDGE_CURVE('',#17310,#18366,#18369,.T.);
#18371=ORIENTED_EDGE('',*,*,#18370,.T.);
#18372=DIRECTION('',(-0.98079,0.19509,0.));
#18373=VECTOR('',#18372,8.3716);
#18374=LINE('',#18343,#18373);
#18375=EDGE_CURVE('',#18344,#18366,#18374,.T.);
#18376=ORIENTED_EDGE('',*,*,#18375,.F.);
#18377=ORIENTED_EDGE('',*,*,#18348,.F.);
#18378=EDGE_LOOP('',(#18364,#18371,#18376,#18377));
#18379=FACE_OUTER_BOUND('',#18378,.T.);
#18380=CARTESIAN_POINT('',(256.56442,61.81925,-380.));
#18381=DIRECTION('',(-0.19509,-0.98079,0.));
#18382=DIRECTION('',(-0.98079,0.19509,0.));
#18383=AXIS2_PLACEMENT_3D('',#18380,#18381,#18382);
#18384=PLANE('',#18383);
#18385=ADVANCED_FACE('',(#18379),#18384,.T.);
#18386=ORIENTED_EDGE('',*,*,#17341,.T.);
#18387=CARTESIAN_POINT('',(240.,64.,-384.));
#18388=VERTEX_POINT('',#18387);
#18389=DIRECTION('',(0.,0.,-1.));
#18390=VECTOR('',#18389,4.);
#18391=LINE('',#17331,#18390);
#18392=EDGE_CURVE('',#17332,#18388,#18391,.T.);
#18393=ORIENTED_EDGE('',*,*,#18392,.T.);
#18394=DIRECTION('',(-0.99786,0.0654,0.));
#18395=VECTOR('',#18394,8.3716);
#18396=LINE('',#18365,#18395);
#18397=EDGE_CURVE('',#18366,#18388,#18396,.T.);
#18398=ORIENTED_EDGE('',*,*,#18397,.F.);
#18399=ORIENTED_EDGE('',*,*,#18370,.F.);
#18400=EDGE_LOOP('',(#18386,#18393,#18398,#18399));
#18401=FACE_OUTER_BOUND('',#18400,.T.);
#18402=CARTESIAN_POINT('',(248.35368,63.45247,-380.));
#18403=DIRECTION('',(-0.0654,-0.99786,0.));
#18404=DIRECTION('',(-0.99786,0.0654,0.));
#18405=AXIS2_PLACEMENT_3D('',#18402,#18403,#18404);
#18406=PLANE('',#18405);
#18407=ADVANCED_FACE('',(#18401),#18406,.T.);
#18408=ORIENTED_EDGE('',*,*,#17363,.T.);
#18409=CARTESIAN_POINT('',(231.64632,63.45247,-384.));
#18410=VERTEX_POINT('',#18409);
#18411=DIRECTION('',(0.,0.,-1.));
#18412=VECTOR('',#18411,4.);
#18413=LINE('',#17353,#18412);
#18414=EDGE_CURVE('',#17354,#18410,#18413,.T.);
#18415=ORIENTED_EDGE('',*,*,#18414,.T.);
#18416=DIRECTION('',(-0.99786,-0.0654,0.));
#18417=VECTOR('',#18416,8.3716);
#18418=LINE('',#18387,#18417);
#18419=EDGE_CURVE('',#18388,#18410,#18418,.T.);
#18420=ORIENTED_EDGE('',*,*,#18419,.F.);
#18421=ORIENTED_EDGE('',*,*,#18392,.F.);
#18422=EDGE_LOOP('',(#18408,#18415,#18420,#18421));
#18423=FACE_OUTER_BOUND('',#18422,.T.);
#18424=CARTESIAN_POINT('',(240.,64.,-380.));
#18425=DIRECTION('',(0.0654,-0.99786,0.));
#18426=DIRECTION('',(-0.99786,-0.0654,0.));
#18427=AXIS2_PLACEMENT_3D('',#18424,#18425,#18426);
#18428=PLANE('',#18427);
#18429=ADVANCED_FACE('',(#18423),#18428,.T.);
#18430=ORIENTED_EDGE('',*,*,#17385,.T.);
#18431=CARTESIAN_POINT('',(223.43558,61.81925,-384.));
#18432=VERTEX_POINT('',#18431);
#18433=DIRECTION('',(0.,0.,-1.));
#18434=VECTOR('',#18433,4.);
#18435=LINE('',#17375,#18434);
#18436=EDGE_CURVE('',#17376,#18432,#18435,.T.);
#18437=ORIENTED_EDGE('',*,*,#18436,.T.);
#18438=DIRECTION('',(-0.98079,-0.19509,0.));
#18439=VECTOR('',#18438,8.3716);
#18440=LINE('',#18409,#18439);
#18441=EDGE_CURVE('',#18410,#18432,#18440,.T.);
#18442=ORIENTED_EDGE('',*,*,#18441,.F.);
#18443=ORIENTED_EDGE('',*,*,#18414,.F.);
#18444=EDGE_LOOP('',(#18430,#18437,#18442,#18443));
#18445=FACE_OUTER_BOUND('',#18444,.T.);
#18446=CARTESIAN_POINT('',(231.64632,63.45247,-380.));
#18447=DIRECTION('',(0.19509,-0.98079,0.));
#18448=DIRECTION('',(-0.98079,-0.19509,0.));
#18449=AXIS2_PLACEMENT_3D('',#18446,#18447,#18448);
#18450=PLANE('',#18449);
#18451=ADVANCED_FACE('',(#18445),#18450,.T.);
#18452=ORIENTED_EDGE('',*,*,#17407,.T.);
#18453=CARTESIAN_POINT('',(215.50826,59.12829,-384.));
#18454=VERTEX_POINT('',#18453);
#18455=DIRECTION('',(0.,0.,-1.));
#18456=VECTOR('',#18455,4.);
#18457=LINE('',#17397,#18456);
#18458=EDGE_CURVE('',#17398,#18454,#18457,.T.);
#18459=ORIENTED_EDGE('',*,*,#18458,.T.);
#18460=DIRECTION('',(-0.94693,-0.32144,0.));
#18461=VECTOR('',#18460,8.3716);
#18462=LINE('',#18431,#18461);
#18463=EDGE_CURVE('',#18432,#18454,#18462,.T.);
#18464=ORIENTED_EDGE('',*,*,#18463,.F.);
#18465=ORIENTED_EDGE('',*,*,#18436,.F.);
#18466=EDGE_LOOP('',(#18452,#18459,#18464,#18465));
#18467=FACE_OUTER_BOUND('',#18466,.T.);
#18468=CARTESIAN_POINT('',(223.43558,61.81925,-380.));
#18469=DIRECTION('',(0.32144,-0.94693,0.));
#18470=DIRECTION('',(-0.94693,-0.32144,0.));
#18471=AXIS2_PLACEMENT_3D('',#18468,#18469,#18470);
#18472=PLANE('',#18471);
#18473=ADVANCED_FACE('',(#18467),#18472,.T.);
#18474=ORIENTED_EDGE('',*,*,#17429,.T.);
#18475=CARTESIAN_POINT('',(208.,55.42563,-384.));
#18476=VERTEX_POINT('',#18475);
#18477=DIRECTION('',(0.,0.,-1.));
#18478=VECTOR('',#18477,4.);
#18479=LINE('',#17419,#18478);
#18480=EDGE_CURVE('',#17420,#18476,#18479,.T.);
#18481=ORIENTED_EDGE('',*,*,#18480,.T.);
#18482=DIRECTION('',(-0.89687,-0.44229,0.));
#18483=VECTOR('',#18482,8.3716);
#18484=LINE('',#18453,#18483);
#18485=EDGE_CURVE('',#18454,#18476,#18484,.T.);
#18486=ORIENTED_EDGE('',*,*,#18485,.F.);
#18487=ORIENTED_EDGE('',*,*,#18458,.F.);
#18488=EDGE_LOOP('',(#18474,#18481,#18486,#18487));
#18489=FACE_OUTER_BOUND('',#18488,.T.);
#18490=CARTESIAN_POINT('',(215.50826,59.12829,-380.));
#18491=DIRECTION('',(0.44229,-0.89687,0.));
#18492=DIRECTION('',(-0.89687,-0.44229,0.));
#18493=AXIS2_PLACEMENT_3D('',#18490,#18491,#18492);
#18494=PLANE('',#18493);
#18495=ADVANCED_FACE('',(#18489),#18494,.T.);
#18496=ORIENTED_EDGE('',*,*,#17451,.T.);
#18497=CARTESIAN_POINT('',(201.03927,50.77461,-384.));
#18498=VERTEX_POINT('',#18497);
#18499=DIRECTION('',(0.,0.,-1.));
#18500=VECTOR('',#18499,4.);
#18501=LINE('',#17441,#18500);
#18502=EDGE_CURVE('',#17442,#18498,#18501,.T.);
#18503=ORIENTED_EDGE('',*,*,#18502,.T.);
#18504=DIRECTION('',(-0.83147,-0.55557,0.));
#18505=VECTOR('',#18504,8.3716);
#18506=LINE('',#18475,#18505);
#18507=EDGE_CURVE('',#18476,#18498,#18506,.T.);
#18508=ORIENTED_EDGE('',*,*,#18507,.F.);
#18509=ORIENTED_EDGE('',*,*,#18480,.F.);
#18510=EDGE_LOOP('',(#18496,#18503,#18508,#18509));
#18511=FACE_OUTER_BOUND('',#18510,.T.);
#18512=CARTESIAN_POINT('',(208.,55.42563,-380.));
#18513=DIRECTION('',(0.55557,-0.83147,0.));
#18514=DIRECTION('',(-0.83147,-0.55557,0.));
#18515=AXIS2_PLACEMENT_3D('',#18512,#18513,#18514);
#18516=PLANE('',#18515);
#18517=ADVANCED_FACE('',(#18511),#18516,.T.);
#18518=ORIENTED_EDGE('',*,*,#17473,.T.);
#18519=CARTESIAN_POINT('',(194.74517,45.25483,-384.));
#18520=VERTEX_POINT('',#18519);
#18521=DIRECTION('',(0.,0.,-1.));
#18522=VECTOR('',#18521,4.);
#18523=LINE('',#17463,#18522);
#18524=EDGE_CURVE('',#17464,#18520,#18523,.T.);
#18525=ORIENTED_EDGE('',*,*,#18524,.T.);
#18526=DIRECTION('',(-0.75184,-0.65935,0.));
#18527=VECTOR('',#18526,8.3716);
#18528=LINE('',#18497,#18527);
#18529=EDGE_CURVE('',#18498,#18520,#18528,.T.);
#18530=ORIENTED_EDGE('',*,*,#18529,.F.);
#18531=ORIENTED_EDGE('',*,*,#18502,.F.);
#18532=EDGE_LOOP('',(#18518,#18525,#18530,#18531));
#18533=FACE_OUTER_BOUND('',#18532,.T.);
#18534=CARTESIAN_POINT('',(201.03927,50.77461,-380.));
#18535=DIRECTION('',(0.65935,-0.75184,0.));
#18536=DIRECTION('',(-0.75184,-0.65935,0.));
#18537=AXIS2_PLACEMENT_3D('',#18534,#18535,#18536);
#18538=PLANE('',#18537);
#18539=ADVANCED_FACE('',(#18533),#18538,.T.);
#18540=ORIENTED_EDGE('',*,*,#17495,.T.);
#18541=CARTESIAN_POINT('',(189.22539,38.96073,-384.));
#18542=VERTEX_POINT('',#18541);
#18543=DIRECTION('',(0.,0.,-1.));
#18544=VECTOR('',#18543,4.);
#18545=LINE('',#17485,#18544);
#18546=EDGE_CURVE('',#17486,#18542,#18545,.T.);
#18547=ORIENTED_EDGE('',*,*,#18546,.T.);
#18548=DIRECTION('',(-0.65935,-0.75184,0.));
#18549=VECTOR('',#18548,8.3716);
#18550=LINE('',#18519,#18549);
#18551=EDGE_CURVE('',#18520,#18542,#18550,.T.);
#18552=ORIENTED_EDGE('',*,*,#18551,.F.);
#18553=ORIENTED_EDGE('',*,*,#18524,.F.);
#18554=EDGE_LOOP('',(#18540,#18547,#18552,#18553));
#18555=FACE_OUTER_BOUND('',#18554,.T.);
#18556=CARTESIAN_POINT('',(194.74517,45.25483,-380.));
#18557=DIRECTION('',(0.75184,-0.65935,0.));
#18558=DIRECTION('',(-0.65935,-0.75184,0.));
#18559=AXIS2_PLACEMENT_3D('',#18556,#18557,#18558);
#18560=PLANE('',#18559);
#18561=ADVANCED_FACE('',(#18555),#18560,.T.);
#18562=ORIENTED_EDGE('',*,*,#17517,.T.);
#18563=CARTESIAN_POINT('',(184.57437,32.,-384.));
#18564=VERTEX_POINT('',#18563);
#18565=DIRECTION('',(0.,0.,-1.));
#18566=VECTOR('',#18565,4.);
#18567=LINE('',#17507,#18566);
#18568=EDGE_CURVE('',#17508,#18564,#18567,.T.);
#18569=ORIENTED_EDGE('',*,*,#18568,.T.);
#18570=DIRECTION('',(-0.55557,-0.83147,0.));
#18571=VECTOR('',#18570,8.3716);
#18572=LINE('',#18541,#18571);
#18573=EDGE_CURVE('',#18542,#18564,#18572,.T.);
#18574=ORIENTED_EDGE('',*,*,#18573,.F.);
#18575=ORIENTED_EDGE('',*,*,#18546,.F.);
#18576=EDGE_LOOP('',(#18562,#18569,#18574,#18575));
#18577=FACE_OUTER_BOUND('',#18576,.T.);
#18578=CARTESIAN_POINT('',(189.22539,38.96073,-380.));
#18579=DIRECTION('',(0.83147,-0.55557,0.));
#18580=DIRECTION('',(-0.55557,-0.83147,0.));
#18581=AXIS2_PLACEMENT_3D('',#18578,#18579,#18580);
#18582=PLANE('',#18581);
#18583=ADVANCED_FACE('',(#18577),#18582,.T.);
#18584=ORIENTED_EDGE('',*,*,#17539,.T.);
#18585=CARTESIAN_POINT('',(180.87171,24.49174,-384.));
#18586=VERTEX_POINT('',#18585);
#18587=DIRECTION('',(0.,0.,-1.));
#18588=VECTOR('',#18587,4.);
#18589=LINE('',#17529,#18588);
#18590=EDGE_CURVE('',#17530,#18586,#18589,.T.);
#18591=ORIENTED_EDGE('',*,*,#18590,.T.);
#18592=DIRECTION('',(-0.44229,-0.89687,0.));
#18593=VECTOR('',#18592,8.3716);
#18594=LINE('',#18563,#18593);
#18595=EDGE_CURVE('',#18564,#18586,#18594,.T.);
#18596=ORIENTED_EDGE('',*,*,#18595,.F.);
#18597=ORIENTED_EDGE('',*,*,#18568,.F.);
#18598=EDGE_LOOP('',(#18584,#18591,#18596,#18597));
#18599=FACE_OUTER_BOUND('',#18598,.T.);
#18600=CARTESIAN_POINT('',(184.57437,32.,-380.));
#18601=DIRECTION('',(0.89687,-0.44229,0.));
#18602=DIRECTION('',(-0.44229,-0.89687,0.));
#18603=AXIS2_PLACEMENT_3D('',#18600,#18601,#18602);
#18604=PLANE('',#18603);
#18605=ADVANCED_FACE('',(#18599),#18604,.T.);
#18606=ORIENTED_EDGE('',*,*,#17561,.T.);
#18607=CARTESIAN_POINT('',(178.18075,16.56442,-384.));
#18608=VERTEX_POINT('',#18607);
#18609=DIRECTION('',(0.,0.,-1.));
#18610=VECTOR('',#18609,4.);
#18611=LINE('',#17551,#18610);
#18612=EDGE_CURVE('',#17552,#18608,#18611,.T.);
#18613=ORIENTED_EDGE('',*,*,#18612,.T.);
#18614=DIRECTION('',(-0.32144,-0.94693,0.));
#18615=VECTOR('',#18614,8.3716);
#18616=LINE('',#18585,#18615);
#18617=EDGE_CURVE('',#18586,#18608,#18616,.T.);
#18618=ORIENTED_EDGE('',*,*,#18617,.F.);
#18619=ORIENTED_EDGE('',*,*,#18590,.F.);
#18620=EDGE_LOOP('',(#18606,#18613,#18618,#18619));
#18621=FACE_OUTER_BOUND('',#18620,.T.);
#18622=CARTESIAN_POINT('',(180.87171,24.49174,-380.));
#18623=DIRECTION('',(0.94693,-0.32144,0.));
#18624=DIRECTION('',(-0.32144,-0.94693,0.));
#18625=AXIS2_PLACEMENT_3D('',#18622,#18623,#18624);
#18626=PLANE('',#18625);
#18627=ADVANCED_FACE('',(#18621),#18626,.T.);
#18628=ORIENTED_EDGE('',*,*,#17583,.T.);
#18629=CARTESIAN_POINT('',(176.54753,8.35368,-384.));
#18630=VERTEX_POINT('',#18629);
#18631=DIRECTION('',(0.,0.,-1.));
#18632=VECTOR('',#18631,4.);
#18633=LINE('',#17573,#18632);
#18634=EDGE_CURVE('',#17574,#18630,#18633,.T.);
#18635=ORIENTED_EDGE('',*,*,#18634,.T.);
#18636=DIRECTION('',(-0.19509,-0.98079,0.));
#18637=VECTOR('',#18636,8.3716);
#18638=LINE('',#18607,#18637);
#18639=EDGE_CURVE('',#18608,#18630,#18638,.T.);
#18640=ORIENTED_EDGE('',*,*,#18639,.F.);
#18641=ORIENTED_EDGE('',*,*,#18612,.F.);
#18642=EDGE_LOOP('',(#18628,#18635,#18640,#18641));
#18643=FACE_OUTER_BOUND('',#18642,.T.);
#18644=CARTESIAN_POINT('',(178.18075,16.56442,-380.));
#18645=DIRECTION('',(0.98079,-0.19509,0.));
#18646=DIRECTION('',(-0.19509,-0.98079,0.));
#18647=AXIS2_PLACEMENT_3D('',#18644,#18645,#18646);
#18648=PLANE('',#18647);
#18649=ADVANCED_FACE('',(#18643),#18648,.T.);
#18650=ORIENTED_EDGE('',*,*,#17605,.T.);
#18651=CARTESIAN_POINT('',(176.,0.,-384.));
#18652=VERTEX_POINT('',#18651);
#18653=DIRECTION('',(0.,0.,-1.));
#18654=VECTOR('',#18653,4.);
#18655=LINE('',#17595,#18654);
#18656=EDGE_CURVE('',#17596,#18652,#18655,.T.);
#18657=ORIENTED_EDGE('',*,*,#18656,.T.);
#18658=DIRECTION('',(-0.0654,-0.99786,0.));
#18659=VECTOR('',#18658,8.3716);
#18660=LINE('',#18629,#18659);
#18661=EDGE_CURVE('',#18630,#18652,#18660,.T.);
#18662=ORIENTED_EDGE('',*,*,#18661,.F.);
#18663=ORIENTED_EDGE('',*,*,#18634,.F.);
#18664=EDGE_LOOP('',(#18650,#18657,#18662,#18663));
#18665=FACE_OUTER_BOUND('',#18664,.T.);
#18666=CARTESIAN_POINT('',(176.54753,8.35368,-380.));
#18667=DIRECTION('',(0.99786,-0.0654,0.));
#18668=DIRECTION('',(-0.0654,-0.99786,0.));
#18669=AXIS2_PLACEMENT_3D('',#18666,#18667,#18668);
#18670=PLANE('',#18669);
#18671=ADVANCED_FACE('',(#18665),#18670,.T.);
#18672=ORIENTED_EDGE('',*,*,#17627,.T.);
#18673=CARTESIAN_POINT('',(176.54753,-8.35368,-384.));
#18674=VERTEX_POINT('',#18673);
#18675=DIRECTION('',(0.,0.,-1.));
#18676=VECTOR('',#18675,4.);
#18677=LINE('',#17617,#18676);
#18678=EDGE_CURVE('',#17618,#18674,#18677,.T.);
#18679=ORIENTED_EDGE('',*,*,#18678,.T.);
#18680=DIRECTION('',(0.0654,-0.99786,0.));
#18681=VECTOR('',#18680,8.3716);
#18682=LINE('',#18651,#18681);
#18683=EDGE_CURVE('',#18652,#18674,#18682,.T.);
#18684=ORIENTED_EDGE('',*,*,#18683,.F.);
#18685=ORIENTED_EDGE('',*,*,#18656,.F.);
#18686=EDGE_LOOP('',(#18672,#18679,#18684,#18685));
#18687=FACE_OUTER_BOUND('',#18686,.T.);
#18688=CARTESIAN_POINT('',(176.,0.,-380.));
#18689=DIRECTION('',(0.99786,0.0654,0.));
#18690=DIRECTION('',(0.0654,-0.99786,0.));
#18691=AXIS2_PLACEMENT_3D('',#18688,#18689,#18690);
#18692=PLANE('',#18691);
#18693=ADVANCED_FACE('',(#18687),#18692,.T.);
#18694=ORIENTED_EDGE('',*,*,#17649,.T.);
#18695=CARTESIAN_POINT('',(178.18075,-16.56442,-384.));
#18696=VERTEX_POINT('',#18695);
#18697=DIRECTION('',(0.,0.,-1.));
#18698=VECTOR('',#18697,4.);
#18699=LINE('',#17639,#18698);
#18700=EDGE_CURVE('',#17640,#18696,#18699,.T.);
#18701=ORIENTED_EDGE('',*,*,#18700,.T.);
#18702=DIRECTION('',(0.19509,-0.98079,0.));
#18703=VECTOR('',#18702,8.3716);
#18704=LINE('',#18673,#18703);
#18705=EDGE_CURVE('',#18674,#18696,#18704,.T.);
#18706=ORIENTED_EDGE('',*,*,#18705,.F.);
#18707=ORIENTED_EDGE('',*,*,#18678,.F.);
#18708=EDGE_LOOP('',(#18694,#18701,#18706,#18707));
#18709=FACE_OUTER_BOUND('',#18708,.T.);
#18710=CARTESIAN_POINT('',(176.54753,-8.35368,-380.));
#18711=DIRECTION('',(0.98079,0.19509,0.));
#18712=DIRECTION('',(0.19509,-0.98079,0.));
#18713=AXIS2_PLACEMENT_3D('',#18710,#18711,#18712);
#18714=PLANE('',#18713);
#18715=ADVANCED_FACE('',(#18709),#18714,.T.);
#18716=ORIENTED_EDGE('',*,*,#17671,.T.);
#18717=CARTESIAN_POINT('',(180.87171,-24.49174,-384.));
#18718=VERTEX_POINT('',#18717);
#18719=DIRECTION('',(0.,0.,-1.));
#18720=VECTOR('',#18719,4.);
#18721=LINE('',#17661,#18720);
#18722=EDGE_CURVE('',#17662,#18718,#18721,.T.);
#18723=ORIENTED_EDGE('',*,*,#18722,.T.);
#18724=DIRECTION('',(0.32144,-0.94693,0.));
#18725=VECTOR('',#18724,8.3716);
#18726=LINE('',#18695,#18725);
#18727=EDGE_CURVE('',#18696,#18718,#18726,.T.);
#18728=ORIENTED_EDGE('',*,*,#18727,.F.);
#18729=ORIENTED_EDGE('',*,*,#18700,.F.);
#18730=EDGE_LOOP('',(#18716,#18723,#18728,#18729));
#18731=FACE_OUTER_BOUND('',#18730,.T.);
#18732=CARTESIAN_POINT('',(178.18075,-16.56442,-380.));
#18733=DIRECTION('',(0.94693,0.32144,0.));
#18734=DIRECTION('',(0.32144,-0.94693,0.));
#18735=AXIS2_PLACEMENT_3D('',#18732,#18733,#18734);
#18736=PLANE('',#18735);
#18737=ADVANCED_FACE('',(#18731),#18736,.T.);
#18738=ORIENTED_EDGE('',*,*,#17693,.T.);
#18739=CARTESIAN_POINT('',(184.57437,-32.,-384.));
#18740=VERTEX_POINT('',#18739);
#18741=DIRECTION('',(0.,0.,-1.));
#18742=VECTOR('',#18741,4.);
#18743=LINE('',#17683,#18742);
#18744=EDGE_CURVE('',#17684,#18740,#18743,.T.);
#18745=ORIENTED_EDGE('',*,*,#18744,.T.);
#18746=DIRECTION('',(0.44229,-0.89687,0.));
#18747=VECTOR('',#18746,8.3716);
#18748=LINE('',#18717,#18747);
#18749=EDGE_CURVE('',#18718,#18740,#18748,.T.);
#18750=ORIENTED_EDGE('',*,*,#18749,.F.);
#18751=ORIENTED_EDGE('',*,*,#18722,.F.);
#18752=EDGE_LOOP('',(#18738,#18745,#18750,#18751));
#18753=FACE_OUTER_BOUND('',#18752,.T.);
#18754=CARTESIAN_POINT('',(180.87171,-24.49174,-380.));
#18755=DIRECTION('',(0.89687,0.44229,0.));
#18756=DIRECTION('',(0.44229,-0.89687,0.));
#18757=AXIS2_PLACEMENT_3D('',#18754,#18755,#18756);
#18758=PLANE('',#18757);
#18759=ADVANCED_FACE('',(#18753),#18758,.T.);
#18760=ORIENTED_EDGE('',*,*,#17715,.T.);
#18761=CARTESIAN_POINT('',(189.22539,-38.96073,-384.));
#18762=VERTEX_POINT('',#18761);
#18763=DIRECTION('',(0.,0.,-1.));
#18764=VECTOR('',#18763,4.);
#18765=LINE('',#17705,#18764);
#18766=EDGE_CURVE('',#17706,#18762,#18765,.T.);
#18767=ORIENTED_EDGE('',*,*,#18766,.T.);
#18768=DIRECTION('',(0.55557,-0.83147,0.));
#18769=VECTOR('',#18768,8.3716);
#18770=LINE('',#18739,#18769);
#18771=EDGE_CURVE('',#18740,#18762,#18770,.T.);
#18772=ORIENTED_EDGE('',*,*,#18771,.F.);
#18773=ORIENTED_EDGE('',*,*,#18744,.F.);
#18774=EDGE_LOOP('',(#18760,#18767,#18772,#18773));
#18775=FACE_OUTER_BOUND('',#18774,.T.);
#18776=CARTESIAN_POINT('',(184.57437,-32.,-380.));
#18777=DIRECTION('',(0.83147,0.55557,0.));
#18778=DIRECTION('',(0.55557,-0.83147,0.));
#18779=AXIS2_PLACEMENT_3D('',#18776,#18777,#18778);
#18780=PLANE('',#18779);
#18781=ADVANCED_FACE('',(#18775),#18780,.T.);
#18782=ORIENTED_EDGE('',*,*,#17737,.T.);
#18783=CARTESIAN_POINT('',(194.74517,-45.25483,-384.));
#18784=VERTEX_POINT('',#18783);
#18785=DIRECTION('',(0.,0.,-1.));
#18786=VECTOR('',#18785,4.);
#18787=LINE('',#17727,#18786);
#18788=EDGE_CURVE('',#17728,#18784,#18787,.T.);
#18789=ORIENTED_EDGE('',*,*,#18788,.T.);
#18790=DIRECTION('',(0.65935,-0.75184,0.));
#18791=VECTOR('',#18790,8.3716);
#18792=LINE('',#18761,#18791);
#18793=EDGE_CURVE('',#18762,#18784,#18792,.T.);
#18794=ORIENTED_EDGE('',*,*,#18793,.F.);
#18795=ORIENTED_EDGE('',*,*,#18766,.F.);
#18796=EDGE_LOOP('',(#18782,#18789,#18794,#18795));
#18797=FACE_OUTER_BOUND('',#18796,.T.);
#18798=CARTESIAN_POINT('',(189.22539,-38.96073,-380.));
#18799=DIRECTION('',(0.75184,0.65935,0.));
#18800=DIRECTION('',(0.65935,-0.75184,0.));
#18801=AXIS2_PLACEMENT_3D('',#18798,#18799,#18800);
#18802=PLANE('',#18801);
#18803=ADVANCED_FACE('',(#18797),#18802,.T.);
#18804=ORIENTED_EDGE('',*,*,#17759,.T.);
#18805=CARTESIAN_POINT('',(201.03927,-50.77461,-384.));
#18806=VERTEX_POINT('',#18805);
#18807=DIRECTION('',(0.,0.,-1.));
#18808=VECTOR('',#18807,4.);
#18809=LINE('',#17749,#18808);
#18810=EDGE_CURVE('',#17750,#18806,#18809,.T.);
#18811=ORIENTED_EDGE('',*,*,#18810,.T.);
#18812=DIRECTION('',(0.75184,-0.65935,0.));
#18813=VECTOR('',#18812,8.3716);
#18814=LINE('',#18783,#18813);
#18815=EDGE_CURVE('',#18784,#18806,#18814,.T.);
#18816=ORIENTED_EDGE('',*,*,#18815,.F.);
#18817=ORIENTED_EDGE('',*,*,#18788,.F.);
#18818=EDGE_LOOP('',(#18804,#18811,#18816,#18817));
#18819=FACE_OUTER_BOUND('',#18818,.T.);
#18820=CARTESIAN_POINT('',(194.74517,-45.25483,-380.));
#18821=DIRECTION('',(0.65935,0.75184,0.));
#18822=DIRECTION('',(0.75184,-0.65935,0.));
#18823=AXIS2_PLACEMENT_3D('',#18820,#18821,#18822);
#18824=PLANE('',#18823);
#18825=ADVANCED_FACE('',(#18819),#18824,.T.);
#18826=ORIENTED_EDGE('',*,*,#17781,.T.);
#18827=CARTESIAN_POINT('',(208.,-55.42563,-384.));
#18828=VERTEX_POINT('',#18827);
#18829=DIRECTION('',(0.,0.,-1.));
#18830=VECTOR('',#18829,4.);
#18831=LINE('',#17771,#18830);
#18832=EDGE_CURVE('',#17772,#18828,#18831,.T.);
#18833=ORIENTED_EDGE('',*,*,#18832,.T.);
#18834=DIRECTION('',(0.83147,-0.55557,0.));
#18835=VECTOR('',#18834,8.3716);
#18836=LINE('',#18805,#18835);
#18837=EDGE_CURVE('',#18806,#18828,#18836,.T.);
#18838=ORIENTED_EDGE('',*,*,#18837,.F.);
#18839=ORIENTED_EDGE('',*,*,#18810,.F.);
#18840=EDGE_LOOP('',(#18826,#18833,#18838,#18839));
#18841=FACE_OUTER_BOUND('',#18840,.T.);
#18842=CARTESIAN_POINT('',(201.03927,-50.77461,-380.));
#18843=DIRECTION('',(0.55557,0.83147,0.));
#18844=DIRECTION('',(0.83147,-0.55557,0.));
#18845=AXIS2_PLACEMENT_3D('',#18842,#18843,#18844);
#18846=PLANE('',#18845);
#18847=ADVANCED_FACE('',(#18841),#18846,.T.);
#18848=ORIENTED_EDGE('',*,*,#17803,.T.);
#18849=CARTESIAN_POINT('',(215.50826,-59.12829,-384.));
#18850=VERTEX_POINT('',#18849);
#18851=DIRECTION('',(0.,0.,-1.));
#18852=VECTOR('',#18851,4.);
#18853=LINE('',#17793,#18852);
#18854=EDGE_CURVE('',#17794,#18850,#18853,.T.);
#18855=ORIENTED_EDGE('',*,*,#18854,.T.);
#18856=DIRECTION('',(0.89687,-0.44229,0.));
#18857=VECTOR('',#18856,8.3716);
#18858=LINE('',#18827,#18857);
#18859=EDGE_CURVE('',#18828,#18850,#18858,.T.);
#18860=ORIENTED_EDGE('',*,*,#18859,.F.);
#18861=ORIENTED_EDGE('',*,*,#18832,.F.);
#18862=EDGE_LOOP('',(#18848,#18855,#18860,#18861));
#18863=FACE_OUTER_BOUND('',#18862,.T.);
#18864=CARTESIAN_POINT('',(208.,-55.42563,-380.));
#18865=DIRECTION('',(0.44229,0.89687,0.));
#18866=DIRECTION('',(0.89687,-0.44229,0.));
#18867=AXIS2_PLACEMENT_3D('',#18864,#18865,#18866);
#18868=PLANE('',#18867);
#18869=ADVANCED_FACE('',(#18863),#18868,.T.);
#18870=ORIENTED_EDGE('',*,*,#17825,.T.);
#18871=CARTESIAN_POINT('',(223.43558,-61.81925,-384.));
#18872=VERTEX_POINT('',#18871);
#18873=DIRECTION('',(0.,0.,-1.));
#18874=VECTOR('',#18873,4.);
#18875=LINE('',#17815,#18874);
#18876=EDGE_CURVE('',#17816,#18872,#18875,.T.);
#18877=ORIENTED_EDGE('',*,*,#18876,.T.);
#18878=DIRECTION('',(0.94693,-0.32144,0.));
#18879=VECTOR('',#18878,8.3716);
#18880=LINE('',#18849,#18879);
#18881=EDGE_CURVE('',#18850,#18872,#18880,.T.);
#18882=ORIENTED_EDGE('',*,*,#18881,.F.);
#18883=ORIENTED_EDGE('',*,*,#18854,.F.);
#18884=EDGE_LOOP('',(#18870,#18877,#18882,#18883));
#18885=FACE_OUTER_BOUND('',#18884,.T.);
#18886=CARTESIAN_POINT('',(215.50826,-59.12829,-380.));
#18887=DIRECTION('',(0.32144,0.94693,0.));
#18888=DIRECTION('',(0.94693,-0.32144,0.));
#18889=AXIS2_PLACEMENT_3D('',#18886,#18887,#18888);
#18890=PLANE('',#18889);
#18891=ADVANCED_FACE('',(#18885),#18890,.T.);
#18892=ORIENTED_EDGE('',*,*,#17847,.T.);
#18893=CARTESIAN_POINT('',(231.64632,-63.45247,-384.));
#18894=VERTEX_POINT('',#18893);
#18895=DIRECTION('',(0.,0.,-1.));
#18896=VECTOR('',#18895,4.);
#18897=LINE('',#17837,#18896);
#18898=EDGE_CURVE('',#17838,#18894,#18897,.T.);
#18899=ORIENTED_EDGE('',*,*,#18898,.T.);
#18900=DIRECTION('',(0.98079,-0.19509,0.));
#18901=VECTOR('',#18900,8.3716);
#18902=LINE('',#18871,#18901);
#18903=EDGE_CURVE('',#18872,#18894,#18902,.T.);
#18904=ORIENTED_EDGE('',*,*,#18903,.F.);
#18905=ORIENTED_EDGE('',*,*,#18876,.F.);
#18906=EDGE_LOOP('',(#18892,#18899,#18904,#18905));
#18907=FACE_OUTER_BOUND('',#18906,.T.);
#18908=CARTESIAN_POINT('',(223.43558,-61.81925,-380.));
#18909=DIRECTION('',(0.19509,0.98079,0.));
#18910=DIRECTION('',(0.98079,-0.19509,0.));
#18911=AXIS2_PLACEMENT_3D('',#18908,#18909,#18910);
#18912=PLANE('',#18911);
#18913=ADVANCED_FACE('',(#18907),#18912,.T.);
#18914=ORIENTED_EDGE('',*,*,#17869,.T.);
#18915=CARTESIAN_POINT('',(240.,-64.,-384.));
#18916=VERTEX_POINT('',#18915);
#18917=DIRECTION('',(0.,0.,-1.));
#18918=VECTOR('',#18917,4.);
#18919=LINE('',#17859,#18918);
#18920=EDGE_CURVE('',#17860,#18916,#18919,.T.);
#18921=ORIENTED_EDGE('',*,*,#18920,.T.);
#18922=DIRECTION('',(0.99786,-0.0654,0.));
#18923=VECTOR('',#18922,8.3716);
#18924=LINE('',#18893,#18923);
#18925=EDGE_CURVE('',#18894,#18916,#18924,.T.);
#18926=ORIENTED_EDGE('',*,*,#18925,.F.);
#18927=ORIENTED_EDGE('',*,*,#18898,.F.);
#18928=EDGE_LOOP('',(#18914,#18921,#18926,#18927));
#18929=FACE_OUTER_BOUND('',#18928,.T.);
#18930=CARTESIAN_POINT('',(231.64632,-63.45247,-380.));
#18931=DIRECTION('',(0.0654,0.99786,0.));
#18932=DIRECTION('',(0.99786,-0.0654,0.));
#18933=AXIS2_PLACEMENT_3D('',#18930,#18931,#18932);
#18934=PLANE('',#18933);
#18935=ADVANCED_FACE('',(#18929),#18934,.T.);
#18936=ORIENTED_EDGE('',*,*,#17891,.T.);
#18937=CARTESIAN_POINT('',(248.35368,-63.45247,-384.));
#18938=VERTEX_POINT('',#18937);
#18939=DIRECTION('',(0.,0.,-1.));
#18940=VECTOR('',#18939,4.);
#18941=LINE('',#17881,#18940);
#18942=EDGE_CURVE('',#17882,#18938,#18941,.T.);
#18943=ORIENTED_EDGE('',*,*,#18942,.T.);
#18944=DIRECTION('',(0.99786,0.0654,0.));
#18945=VECTOR('',#18944,8.3716);
#18946=LINE('',#18915,#18945);
#18947=EDGE_CURVE('',#18916,#18938,#18946,.T.);
#18948=ORIENTED_EDGE('',*,*,#18947,.F.);
#18949=ORIENTED_EDGE('',*,*,#18920,.F.);
#18950=EDGE_LOOP('',(#18936,#18943,#18948,#18949));
#18951=FACE_OUTER_BOUND('',#18950,.T.);
#18952=CARTESIAN_POINT('',(240.,-64.,-380.));
#18953=DIRECTION('',(-0.0654,0.99786,0.));
#18954=DIRECTION('',(0.99786,0.0654,0.));
#18955=AXIS2_PLACEMENT_3D('',#18952,#18953,#18954);
#18956=PLANE('',#18955);
#18957=ADVANCED_FACE('',(#18951),#18956,.T.);
#18958=ORIENTED_EDGE('',*,*,#17913,.T.);
#18959=CARTESIAN_POINT('',(256.56442,-61.81925,-384.));
#18960=VERTEX_POINT('',#18959);
#18961=DIRECTION('',(0.,0.,-1.));
#18962=VECTOR('',#18961,4.);
#18963=LINE('',#17903,#18962);
#18964=EDGE_CURVE('',#17904,#18960,#18963,.T.);
#18965=ORIENTED_EDGE('',*,*,#18964,.T.);
#18966=DIRECTION('',(0.98079,0.19509,0.));
#18967=VECTOR('',#18966,8.3716);
#18968=LINE('',#18937,#18967);
#18969=EDGE_CURVE('',#18938,#18960,#18968,.T.);
#18970=ORIENTED_EDGE('',*,*,#18969,.F.);
#18971=ORIENTED_EDGE('',*,*,#18942,.F.);
#18972=EDGE_LOOP('',(#18958,#18965,#18970,#18971));
#18973=FACE_OUTER_BOUND('',#18972,.T.);
#18974=CARTESIAN_POINT('',(248.35368,-63.45247,-380.));
#18975=DIRECTION('',(-0.19509,0.98079,0.));
#18976=DIRECTION('',(0.98079,0.19509,0.));
#18977=AXIS2_PLACEMENT_3D('',#18974,#18975,#18976);
#18978=PLANE('',#18977);
#18979=ADVANCED_FACE('',(#18973),#18978,.T.);
#18980=ORIENTED_EDGE('',*,*,#17935,.T.);
#18981=CARTESIAN_POINT('',(264.49174,-59.12829,-384.));
#18982=VERTEX_POINT('',#18981);
#18983=DIRECTION('',(0.,0.,-1.));
#18984=VECTOR('',#18983,4.);
#18985=LINE('',#17925,#18984);
#18986=EDGE_CURVE('',#17926,#18982,#18985,.T.);
#18987=ORIENTED_EDGE('',*,*,#18986,.T.);
#18988=DIRECTION('',(0.94693,0.32144,0.));
#18989=VECTOR('',#18988,8.3716);
#18990=LINE('',#18959,#18989);
#18991=EDGE_CURVE('',#18960,#18982,#18990,.T.);
#18992=ORIENTED_EDGE('',*,*,#18991,.F.);
#18993=ORIENTED_EDGE('',*,*,#18964,.F.);
#18994=EDGE_LOOP('',(#18980,#18987,#18992,#18993));
#18995=FACE_OUTER_BOUND('',#18994,.T.);
#18996=CARTESIAN_POINT('',(256.56442,-61.81925,-380.));
#18997=DIRECTION('',(-0.32144,0.94693,0.));
#18998=DIRECTION('',(0.94693,0.32144,0.));
#18999=AXIS2_PLACEMENT_3D('',#18996,#18997,#18998);
#19000=PLANE('',#18999);
#19001=ADVANCED_FACE('',(#18995),#19000,.T.);
#19002=ORIENTED_EDGE('',*,*,#17957,.T.);
#19003=CARTESIAN_POINT('',(272.,-55.42563,-384.));
#19004=VERTEX_POINT('',#19003);
#19005=DIRECTION('',(0.,0.,-1.));
#19006=VECTOR('',#19005,4.);
#19007=LINE('',#17947,#19006);
#19008=EDGE_CURVE('',#17948,#19004,#19007,.T.);
#19009=ORIENTED_EDGE('',*,*,#19008,.T.);
#19010=DIRECTION('',(0.89687,0.44229,0.));
#19011=VECTOR('',#19010,8.3716);
#19012=LINE('',#18981,#19011);
#19013=EDGE_CURVE('',#18982,#19004,#19012,.T.);
#19014=ORIENTED_EDGE('',*,*,#19013,.F.);
#19015=ORIENTED_EDGE('',*,*,#18986,.F.);
#19016=EDGE_LOOP('',(#19002,#19009,#19014,#19015));
#19017=FACE_OUTER_BOUND('',#19016,.T.);
#19018=CARTESIAN_POINT('',(264.49174,-59.12829,-380.));
#19019=DIRECTION('',(-0.44229,0.89687,0.));
#19020=DIRECTION('',(0.89687,0.44229,0.));
#19021=AXIS2_PLACEMENT_3D('',#19018,#19019,#19020);
#19022=PLANE('',#19021);
#19023=ADVANCED_FACE('',(#19017),#19022,.T.);
#19024=ORIENTED_EDGE('',*,*,#17979,.T.);
#19025=CARTESIAN_POINT('',(278.96073,-50.77461,-384.));
#19026=VERTEX_POINT('',#19025);
#19027=DIRECTION('',(0.,0.,-1.));
#19028=VECTOR('',#19027,4.);
#19029=LINE('',#17969,#19028);
#19030=EDGE_CURVE('',#17970,#19026,#19029,.T.);
#19031=ORIENTED_EDGE('',*,*,#19030,.T.);
#19032=DIRECTION('',(0.83147,0.55557,0.));
#19033=VECTOR('',#19032,8.3716);
#19034=LINE('',#19003,#19033);
#19035=EDGE_CURVE('',#19004,#19026,#19034,.T.);
#19036=ORIENTED_EDGE('',*,*,#19035,.F.);
#19037=ORIENTED_EDGE('',*,*,#19008,.F.);
#19038=EDGE_LOOP('',(#19024,#19031,#19036,#19037));
#19039=FACE_OUTER_BOUND('',#19038,.T.);
#19040=CARTESIAN_POINT('',(272.,-55.42563,-380.));
#19041=DIRECTION('',(-0.55557,0.83147,0.));
#19042=DIRECTION('',(0.83147,0.55557,0.));
#19043=AXIS2_PLACEMENT_3D('',#19040,#19041,#19042);
#19044=PLANE('',#19043);
#19045=ADVANCED_FACE('',(#19039),#19044,.T.);
#19046=ORIENTED_EDGE('',*,*,#18001,.T.);
#19047=CARTESIAN_POINT('',(285.25483,-45.25483,-384.));
#19048=VERTEX_POINT('',#19047);
#19049=DIRECTION('',(0.,0.,-1.));
#19050=VECTOR('',#19049,4.);
#19051=LINE('',#17991,#19050);
#19052=EDGE_CURVE('',#17992,#19048,#19051,.T.);
#19053=ORIENTED_EDGE('',*,*,#19052,.T.);
#19054=DIRECTION('',(0.75184,0.65935,0.));
#19055=VECTOR('',#19054,8.3716);
#19056=LINE('',#19025,#19055);
#19057=EDGE_CURVE('',#19026,#19048,#19056,.T.);
#19058=ORIENTED_EDGE('',*,*,#19057,.F.);
#19059=ORIENTED_EDGE('',*,*,#19030,.F.);
#19060=EDGE_LOOP('',(#19046,#19053,#19058,#19059));
#19061=FACE_OUTER_BOUND('',#19060,.T.);
#19062=CARTESIAN_POINT('',(278.96073,-50.77461,-380.));
#19063=DIRECTION('',(-0.65935,0.75184,0.));
#19064=DIRECTION('',(0.75184,0.65935,0.));
#19065=AXIS2_PLACEMENT_3D('',#19062,#19063,#19064);
#19066=PLANE('',#19065);
#19067=ADVANCED_FACE('',(#19061),#19066,.T.);
#19068=ORIENTED_EDGE('',*,*,#18023,.T.);
#19069=CARTESIAN_POINT('',(290.77461,-38.96073,-384.));
#19070=VERTEX_POINT('',#19069);
#19071=DIRECTION('',(0.,0.,-1.));
#19072=VECTOR('',#19071,4.);
#19073=LINE('',#18013,#19072);
#19074=EDGE_CURVE('',#18014,#19070,#19073,.T.);
#19075=ORIENTED_EDGE('',*,*,#19074,.T.);
#19076=DIRECTION('',(0.65935,0.75184,0.));
#19077=VECTOR('',#19076,8.3716);
#19078=LINE('',#19047,#19077);
#19079=EDGE_CURVE('',#19048,#19070,#19078,.T.);
#19080=ORIENTED_EDGE('',*,*,#19079,.F.);
#19081=ORIENTED_EDGE('',*,*,#19052,.F.);
#19082=EDGE_LOOP('',(#19068,#19075,#19080,#19081));
#19083=FACE_OUTER_BOUND('',#19082,.T.);
#19084=CARTESIAN_POINT('',(285.25483,-45.25483,-380.));
#19085=DIRECTION('',(-0.75184,0.65935,0.));
#19086=DIRECTION('',(0.65935,0.75184,0.));
#19087=AXIS2_PLACEMENT_3D('',#19084,#19085,#19086);
#19088=PLANE('',#19087);
#19089=ADVANCED_FACE('',(#19083),#19088,.T.);
#19090=ORIENTED_EDGE('',*,*,#18045,.T.);
#19091=CARTESIAN_POINT('',(295.42563,-32.,-384.));
#19092=VERTEX_POINT('',#19091);
#19093=DIRECTION('',(0.,0.,-1.));
#19094=VECTOR('',#19093,4.);
#19095=LINE('',#18035,#19094);
#19096=EDGE_CURVE('',#18036,#19092,#19095,.T.);
#19097=ORIENTED_EDGE('',*,*,#19096,.T.);
#19098=DIRECTION('',(0.55557,0.83147,0.));
#19099=VECTOR('',#19098,8.3716);
#19100=LINE('',#19069,#19099);
#19101=EDGE_CURVE('',#19070,#19092,#19100,.T.);
#19102=ORIENTED_EDGE('',*,*,#19101,.F.);
#19103=ORIENTED_EDGE('',*,*,#19074,.F.);
#19104=EDGE_LOOP('',(#19090,#19097,#19102,#19103));
#19105=FACE_OUTER_BOUND('',#19104,.T.);
#19106=CARTESIAN_POINT('',(290.77461,-38.96073,-380.));
#19107=DIRECTION('',(-0.83147,0.55557,0.));
#19108=DIRECTION('',(0.55557,0.83147,0.));
#19109=AXIS2_PLACEMENT_3D('',#19106,#19107,#19108);
#19110=PLANE('',#19109);
#19111=ADVANCED_FACE('',(#19105),#19110,.T.);
#19112=ORIENTED_EDGE('',*,*,#18067,.T.);
#19113=CARTESIAN_POINT('',(299.12829,-24.49174,-384.));
#19114=VERTEX_POINT('',#19113);
#19115=DIRECTION('',(0.,0.,-1.));
#19116=VECTOR('',#19115,4.);
#19117=LINE('',#18057,#19116);
#19118=EDGE_CURVE('',#18058,#19114,#19117,.T.);
#19119=ORIENTED_EDGE('',*,*,#19118,.T.);
#19120=DIRECTION('',(0.44229,0.89687,0.));
#19121=VECTOR('',#19120,8.3716);
#19122=LINE('',#19091,#19121);
#19123=EDGE_CURVE('',#19092,#19114,#19122,.T.);
#19124=ORIENTED_EDGE('',*,*,#19123,.F.);
#19125=ORIENTED_EDGE('',*,*,#19096,.F.);
#19126=EDGE_LOOP('',(#19112,#19119,#19124,#19125));
#19127=FACE_OUTER_BOUND('',#19126,.T.);
#19128=CARTESIAN_POINT('',(295.42563,-32.,-380.));
#19129=DIRECTION('',(-0.89687,0.44229,0.));
#19130=DIRECTION('',(0.44229,0.89687,0.));
#19131=AXIS2_PLACEMENT_3D('',#19128,#19129,#19130);
#19132=PLANE('',#19131);
#19133=ADVANCED_FACE('',(#19127),#19132,.T.);
#19134=ORIENTED_EDGE('',*,*,#18089,.T.);
#19135=CARTESIAN_POINT('',(301.81925,-16.56442,-384.));
#19136=VERTEX_POINT('',#19135);
#19137=DIRECTION('',(0.,0.,-1.));
#19138=VECTOR('',#19137,4.);
#19139=LINE('',#18079,#19138);
#19140=EDGE_CURVE('',#18080,#19136,#19139,.T.);
#19141=ORIENTED_EDGE('',*,*,#19140,.T.);
#19142=DIRECTION('',(0.32144,0.94693,0.));
#19143=VECTOR('',#19142,8.3716);
#19144=LINE('',#19113,#19143);
#19145=EDGE_CURVE('',#19114,#19136,#19144,.T.);
#19146=ORIENTED_EDGE('',*,*,#19145,.F.);
#19147=ORIENTED_EDGE('',*,*,#19118,.F.);
#19148=EDGE_LOOP('',(#19134,#19141,#19146,#19147));
#19149=FACE_OUTER_BOUND('',#19148,.T.);
#19150=CARTESIAN_POINT('',(299.12829,-24.49174,-380.));
#19151=DIRECTION('',(-0.94693,0.32144,0.));
#19152=DIRECTION('',(0.32144,0.94693,0.));
#19153=AXIS2_PLACEMENT_3D('',#19150,#19151,#19152);
#19154=PLANE('',#19153);
#19155=ADVANCED_FACE('',(#19149),#19154,.T.);
#19156=ORIENTED_EDGE('',*,*,#18111,.T.);
#19157=CARTESIAN_POINT('',(303.45247,-8.35368,-384.));
#19158=VERTEX_POINT('',#19157);
#19159=DIRECTION('',(0.,0.,-1.));
#19160=VECTOR('',#19159,4.);
#19161=LINE('',#18101,#19160);
#19162=EDGE_CURVE('',#18102,#19158,#19161,.T.);
#19163=ORIENTED_EDGE('',*,*,#19162,.T.);
#19164=DIRECTION('',(0.19509,0.98079,0.));
#19165=VECTOR('',#19164,8.3716);
#19166=LINE('',#19135,#19165);
#19167=EDGE_CURVE('',#19136,#19158,#19166,.T.);
#19168=ORIENTED_EDGE('',*,*,#19167,.F.);
#19169=ORIENTED_EDGE('',*,*,#19140,.F.);
#19170=EDGE_LOOP('',(#19156,#19163,#19168,#19169));
#19171=FACE_OUTER_BOUND('',#19170,.T.);
#19172=CARTESIAN_POINT('',(301.81925,-16.56442,-380.));
#19173=DIRECTION('',(-0.98079,0.19509,0.));
#19174=DIRECTION('',(0.19509,0.98079,0.));
#19175=AXIS2_PLACEMENT_3D('',#19172,#19173,#19174);
#19176=PLANE('',#19175);
#19177=ADVANCED_FACE('',(#19171),#19176,.T.);
#19178=ORIENTED_EDGE('',*,*,#18127,.F.);
#19179=ORIENTED_EDGE('',*,*,#18156,.T.);
#19180=DIRECTION('',(-0.0654,-0.99786,0.));
#19181=VECTOR('',#19180,8.3716);
#19182=LINE('',#18146,#19181);
#19183=EDGE_CURVE('',#18147,#19158,#19182,.T.);
#19184=ORIENTED_EDGE('',*,*,#19183,.T.);
#19185=ORIENTED_EDGE('',*,*,#19162,.F.);
#19186=EDGE_LOOP('',(#19178,#19179,#19184,#19185));
#19187=FACE_OUTER_BOUND('',#19186,.T.);
#19188=CARTESIAN_POINT('',(303.45247,-8.35368,-380.));
#19189=DIRECTION('',(-0.99786,0.0654,0.));
#19190=DIRECTION('',(0.0654,0.99786,0.));
#19191=AXIS2_PLACEMENT_3D('',#19188,#19189,#19190);
#19192=PLANE('',#19191);
#19193=ADVANCED_FACE('',(#19187),#19192,.T.);
#19194=ORIENTED_EDGE('',*,*,#18151,.T.);
#19195=DIRECTION('',(-0.99144,-0.13053,0.));
#19196=VECTOR('',#19195,16.);
#19197=LINE('',#15740,#19196);
#19198=EDGE_CURVE('',#15741,#18140,#19197,.T.);
#19199=ORIENTED_EDGE('',*,*,#19198,.F.);
#19200=ORIENTED_EDGE('',*,*,#15745,.F.);
#19201=DIRECTION('',(-1.,0.,0.));
#19202=VECTOR('',#19201,16.);
#19203=LINE('',#15738,#19202);
#19204=EDGE_CURVE('',#15739,#18147,#19203,.T.);
#19205=ORIENTED_EDGE('',*,*,#19204,.T.);
#19206=EDGE_LOOP('',(#19194,#19199,#19200,#19205));
#19207=FACE_OUTER_BOUND('',#19206,.T.);
#19208=CARTESIAN_POINT('',(304.,0.,-384.));
#19209=DIRECTION('',(0.,0.,-1.));
#19210=DIRECTION('',(-0.0654,0.99786,0.));
#19211=AXIS2_PLACEMENT_3D('',#19208,#19209,#19210);
#19212=PLANE('',#19211);
#19213=ADVANCED_FACE('',(#19207),#19212,.T.);
#19214=ORIENTED_EDGE('',*,*,#18177,.T.);
#19215=DIRECTION('',(-0.96593,-0.25882,0.));
#19216=VECTOR('',#19215,16.);
#19217=LINE('',#15774,#19216);
#19218=EDGE_CURVE('',#15775,#18168,#19217,.T.);
#19219=ORIENTED_EDGE('',*,*,#19218,.F.);
#19220=ORIENTED_EDGE('',*,*,#15779,.F.);
#19221=ORIENTED_EDGE('',*,*,#19198,.T.);
#19222=EDGE_LOOP('',(#19214,#19219,#19220,#19221));
#19223=FACE_OUTER_BOUND('',#19222,.T.);
#19224=CARTESIAN_POINT('',(303.45247,8.35368,-384.));
#19225=DIRECTION('',(0.,0.,-1.));
#19226=DIRECTION('',(-0.19509,0.98079,0.));
#19227=AXIS2_PLACEMENT_3D('',#19224,#19225,#19226);
#19228=PLANE('',#19227);
#19229=ADVANCED_FACE('',(#19223),#19228,.T.);
#19230=ORIENTED_EDGE('',*,*,#18199,.T.);
#19231=DIRECTION('',(-0.92388,-0.38268,0.));
#19232=VECTOR('',#19231,16.);
#19233=LINE('',#15802,#19232);
#19234=EDGE_CURVE('',#15803,#18190,#19233,.T.);
#19235=ORIENTED_EDGE('',*,*,#19234,.F.);
#19236=ORIENTED_EDGE('',*,*,#15807,.F.);
#19237=ORIENTED_EDGE('',*,*,#19218,.T.);
#19238=EDGE_LOOP('',(#19230,#19235,#19236,#19237));
#19239=FACE_OUTER_BOUND('',#19238,.T.);
#19240=CARTESIAN_POINT('',(301.81925,16.56442,-384.));
#19241=DIRECTION('',(0.,0.,-1.));
#19242=DIRECTION('',(-0.32144,0.94693,0.));
#19243=AXIS2_PLACEMENT_3D('',#19240,#19241,#19242);
#19244=PLANE('',#19243);
#19245=ADVANCED_FACE('',(#19239),#19244,.T.);
#19246=ORIENTED_EDGE('',*,*,#18221,.T.);
#19247=DIRECTION('',(-0.86603,-0.5,0.));
#19248=VECTOR('',#19247,16.);
#19249=LINE('',#15830,#19248);
#19250=EDGE_CURVE('',#15831,#18212,#19249,.T.);
#19251=ORIENTED_EDGE('',*,*,#19250,.F.);
#19252=ORIENTED_EDGE('',*,*,#15835,.F.);
#19253=ORIENTED_EDGE('',*,*,#19234,.T.);
#19254=EDGE_LOOP('',(#19246,#19251,#19252,#19253));
#19255=FACE_OUTER_BOUND('',#19254,.T.);
#19256=CARTESIAN_POINT('',(299.12829,24.49174,-384.));
#19257=DIRECTION('',(0.,0.,-1.));
#19258=DIRECTION('',(-0.44229,0.89687,0.));
#19259=AXIS2_PLACEMENT_3D('',#19256,#19257,#19258);
#19260=PLANE('',#19259);
#19261=ADVANCED_FACE('',(#19255),#19260,.T.);
#19262=ORIENTED_EDGE('',*,*,#18243,.T.);
#19263=DIRECTION('',(-0.79335,-0.60876,0.));
#19264=VECTOR('',#19263,16.);
#19265=LINE('',#15858,#19264);
#19266=EDGE_CURVE('',#15859,#18234,#19265,.T.);
#19267=ORIENTED_EDGE('',*,*,#19266,.F.);
#19268=ORIENTED_EDGE('',*,*,#15863,.F.);
#19269=ORIENTED_EDGE('',*,*,#19250,.T.);
#19270=EDGE_LOOP('',(#19262,#19267,#19268,#19269));
#19271=FACE_OUTER_BOUND('',#19270,.T.);
#19272=CARTESIAN_POINT('',(295.42563,32.,-384.));
#19273=DIRECTION('',(0.,0.,-1.));
#19274=DIRECTION('',(-0.55557,0.83147,0.));
#19275=AXIS2_PLACEMENT_3D('',#19272,#19273,#19274);
#19276=PLANE('',#19275);
#19277=ADVANCED_FACE('',(#19271),#19276,.T.);
#19278=ORIENTED_EDGE('',*,*,#18265,.T.);
#19279=DIRECTION('',(-0.70711,-0.70711,0.));
#19280=VECTOR('',#19279,16.);
#19281=LINE('',#15886,#19280);
#19282=EDGE_CURVE('',#15887,#18256,#19281,.T.);
#19283=ORIENTED_EDGE('',*,*,#19282,.F.);
#19284=ORIENTED_EDGE('',*,*,#15891,.F.);
#19285=ORIENTED_EDGE('',*,*,#19266,.T.);
#19286=EDGE_LOOP('',(#19278,#19283,#19284,#19285));
#19287=FACE_OUTER_BOUND('',#19286,.T.);
#19288=CARTESIAN_POINT('',(290.77461,38.96073,-384.));
#19289=DIRECTION('',(0.,0.,-1.));
#19290=DIRECTION('',(-0.65935,0.75184,0.));
#19291=AXIS2_PLACEMENT_3D('',#19288,#19289,#19290);
#19292=PLANE('',#19291);
#19293=ADVANCED_FACE('',(#19287),#19292,.T.);
#19294=ORIENTED_EDGE('',*,*,#18287,.T.);
#19295=DIRECTION('',(-0.60876,-0.79335,0.));
#19296=VECTOR('',#19295,16.);
#19297=LINE('',#15914,#19296);
#19298=EDGE_CURVE('',#15915,#18278,#19297,.T.);
#19299=ORIENTED_EDGE('',*,*,#19298,.F.);
#19300=ORIENTED_EDGE('',*,*,#15919,.F.);
#19301=ORIENTED_EDGE('',*,*,#19282,.T.);
#19302=EDGE_LOOP('',(#19294,#19299,#19300,#19301));
#19303=FACE_OUTER_BOUND('',#19302,.T.);
#19304=CARTESIAN_POINT('',(285.25483,45.25483,-384.));
#19305=DIRECTION('',(0.,0.,-1.));
#19306=DIRECTION('',(-0.75184,0.65935,0.));
#19307=AXIS2_PLACEMENT_3D('',#19304,#19305,#19306);
#19308=PLANE('',#19307);
#19309=ADVANCED_FACE('',(#19303),#19308,.T.);
#19310=ORIENTED_EDGE('',*,*,#18309,.T.);
#19311=DIRECTION('',(-0.5,-0.86603,0.));
#19312=VECTOR('',#19311,16.);
#19313=LINE('',#15942,#19312);
#19314=EDGE_CURVE('',#15943,#18300,#19313,.T.);
#19315=ORIENTED_EDGE('',*,*,#19314,.F.);
#19316=ORIENTED_EDGE('',*,*,#15947,.F.);
#19317=ORIENTED_EDGE('',*,*,#19298,.T.);
#19318=EDGE_LOOP('',(#19310,#19315,#19316,#19317));
#19319=FACE_OUTER_BOUND('',#19318,.T.);
#19320=CARTESIAN_POINT('',(278.96073,50.77461,-384.));
#19321=DIRECTION('',(0.,0.,-1.));
#19322=DIRECTION('',(-0.83147,0.55557,0.));
#19323=AXIS2_PLACEMENT_3D('',#19320,#19321,#19322);
#19324=PLANE('',#19323);
#19325=ADVANCED_FACE('',(#19319),#19324,.T.);
#19326=ORIENTED_EDGE('',*,*,#18331,.T.);
#19327=DIRECTION('',(-0.38268,-0.92388,0.));
#19328=VECTOR('',#19327,16.);
#19329=LINE('',#15970,#19328);
#19330=EDGE_CURVE('',#15971,#18322,#19329,.T.);
#19331=ORIENTED_EDGE('',*,*,#19330,.F.);
#19332=ORIENTED_EDGE('',*,*,#15975,.F.);
#19333=ORIENTED_EDGE('',*,*,#19314,.T.);
#19334=EDGE_LOOP('',(#19326,#19331,#19332,#19333));
#19335=FACE_OUTER_BOUND('',#19334,.T.);
#19336=CARTESIAN_POINT('',(272.,55.42563,-384.));
#19337=DIRECTION('',(0.,0.,-1.));
#19338=DIRECTION('',(-0.89687,0.44229,0.));
#19339=AXIS2_PLACEMENT_3D('',#19336,#19337,#19338);
#19340=PLANE('',#19339);
#19341=ADVANCED_FACE('',(#19335),#19340,.T.);
#19342=ORIENTED_EDGE('',*,*,#18353,.T.);
#19343=DIRECTION('',(-0.25882,-0.96593,0.));
#19344=VECTOR('',#19343,16.);
#19345=LINE('',#15998,#19344);
#19346=EDGE_CURVE('',#15999,#18344,#19345,.T.);
#19347=ORIENTED_EDGE('',*,*,#19346,.F.);
#19348=ORIENTED_EDGE('',*,*,#16003,.F.);
#19349=ORIENTED_EDGE('',*,*,#19330,.T.);
#19350=EDGE_LOOP('',(#19342,#19347,#19348,#19349));
#19351=FACE_OUTER_BOUND('',#19350,.T.);
#19352=CARTESIAN_POINT('',(264.49174,59.12829,-384.));
#19353=DIRECTION('',(0.,0.,-1.));
#19354=DIRECTION('',(-0.94693,0.32144,0.));
#19355=AXIS2_PLACEMENT_3D('',#19352,#19353,#19354);
#19356=PLANE('',#19355);
#19357=ADVANCED_FACE('',(#19351),#19356,.T.);
#19358=ORIENTED_EDGE('',*,*,#18375,.T.);
#19359=DIRECTION('',(-0.13053,-0.99144,0.));
#19360=VECTOR('',#19359,16.);
#19361=LINE('',#16026,#19360);
#19362=EDGE_CURVE('',#16027,#18366,#19361,.T.);
#19363=ORIENTED_EDGE('',*,*,#19362,.F.);
#19364=ORIENTED_EDGE('',*,*,#16031,.F.);
#19365=ORIENTED_EDGE('',*,*,#19346,.T.);
#19366=EDGE_LOOP('',(#19358,#19363,#19364,#19365));
#19367=FACE_OUTER_BOUND('',#19366,.T.);
#19368=CARTESIAN_POINT('',(256.56442,61.81925,-384.));
#19369=DIRECTION('',(0.,0.,-1.));
#19370=DIRECTION('',(-0.98079,0.19509,0.));
#19371=AXIS2_PLACEMENT_3D('',#19368,#19369,#19370);
#19372=PLANE('',#19371);
#19373=ADVANCED_FACE('',(#19367),#19372,.T.);
#19374=ORIENTED_EDGE('',*,*,#18397,.T.);
#19375=DIRECTION('',(0.,-1.,0.));
#19376=VECTOR('',#19375,16.);
#19377=LINE('',#16054,#19376);
#19378=EDGE_CURVE('',#16055,#18388,#19377,.T.);
#19379=ORIENTED_EDGE('',*,*,#19378,.F.);
#19380=ORIENTED_EDGE('',*,*,#16059,.F.);
#19381=ORIENTED_EDGE('',*,*,#19362,.T.);
#19382=EDGE_LOOP('',(#19374,#19379,#19380,#19381));
#19383=FACE_OUTER_BOUND('',#19382,.T.);
#19384=CARTESIAN_POINT('',(248.35368,63.45247,-384.));
#19385=DIRECTION('',(0.,0.,-1.));
#19386=DIRECTION('',(-0.99786,0.0654,0.));
#19387=AXIS2_PLACEMENT_3D('',#19384,#19385,#19386);
#19388=PLANE('',#19387);
#19389=ADVANCED_FACE('',(#19383),#19388,.T.);
#19390=ORIENTED_EDGE('',*,*,#18419,.T.);
#19391=DIRECTION('',(0.13053,-0.99144,0.));
#19392=VECTOR('',#19391,16.);
#19393=LINE('',#16082,#19392);
#19394=EDGE_CURVE('',#16083,#18410,#19393,.T.);
#19395=ORIENTED_EDGE('',*,*,#19394,.F.);
#19396=ORIENTED_EDGE('',*,*,#16087,.F.);
#19397=ORIENTED_EDGE('',*,*,#19378,.T.);
#19398=EDGE_LOOP('',(#19390,#19395,#19396,#19397));
#19399=FACE_OUTER_BOUND('',#19398,.T.);
#19400=CARTESIAN_POINT('',(240.,64.,-384.));
#19401=DIRECTION('',(0.,0.,-1.));
#19402=DIRECTION('',(-0.99786,-0.0654,0.));
#19403=AXIS2_PLACEMENT_3D('',#19400,#19401,#19402);
#19404=PLANE('',#19403);
#19405=ADVANCED_FACE('',(#19399),#19404,.T.);
#19406=ORIENTED_EDGE('',*,*,#18441,.T.);
#19407=DIRECTION('',(0.25882,-0.96593,0.));
#19408=VECTOR('',#19407,16.);
#19409=LINE('',#16110,#19408);
#19410=EDGE_CURVE('',#16111,#18432,#19409,.T.);
#19411=ORIENTED_EDGE('',*,*,#19410,.F.);
#19412=ORIENTED_EDGE('',*,*,#16115,.F.);
#19413=ORIENTED_EDGE('',*,*,#19394,.T.);
#19414=EDGE_LOOP('',(#19406,#19411,#19412,#19413));
#19415=FACE_OUTER_BOUND('',#19414,.T.);
#19416=CARTESIAN_POINT('',(231.64632,63.45247,-384.));
#19417=DIRECTION('',(0.,0.,-1.));
#19418=DIRECTION('',(-0.98079,-0.19509,0.));
#19419=AXIS2_PLACEMENT_3D('',#19416,#19417,#19418);
#19420=PLANE('',#19419);
#19421=ADVANCED_FACE('',(#19415),#19420,.T.);
#19422=ORIENTED_EDGE('',*,*,#18463,.T.);
#19423=DIRECTION('',(0.38268,-0.92388,0.));
#19424=VECTOR('',#19423,16.);
#19425=LINE('',#16138,#19424);
#19426=EDGE_CURVE('',#16139,#18454,#19425,.T.);
#19427=ORIENTED_EDGE('',*,*,#19426,.F.);
#19428=ORIENTED_EDGE('',*,*,#16143,.F.);
#19429=ORIENTED_EDGE('',*,*,#19410,.T.);
#19430=EDGE_LOOP('',(#19422,#19427,#19428,#19429));
#19431=FACE_OUTER_BOUND('',#19430,.T.);
#19432=CARTESIAN_POINT('',(223.43558,61.81925,-384.));
#19433=DIRECTION('',(0.,0.,-1.));
#19434=DIRECTION('',(-0.94693,-0.32144,0.));
#19435=AXIS2_PLACEMENT_3D('',#19432,#19433,#19434);
#19436=PLANE('',#19435);
#19437=ADVANCED_FACE('',(#19431),#19436,.T.);
#19438=ORIENTED_EDGE('',*,*,#18485,.T.);
#19439=DIRECTION('',(0.5,-0.86603,0.));
#19440=VECTOR('',#19439,16.);
#19441=LINE('',#16166,#19440);
#19442=EDGE_CURVE('',#16167,#18476,#19441,.T.);
#19443=ORIENTED_EDGE('',*,*,#19442,.F.);
#19444=ORIENTED_EDGE('',*,*,#16171,.F.);
#19445=ORIENTED_EDGE('',*,*,#19426,.T.);
#19446=EDGE_LOOP('',(#19438,#19443,#19444,#19445));
#19447=FACE_OUTER_BOUND('',#19446,.T.);
#19448=CARTESIAN_POINT('',(215.50826,59.12829,-384.));
#19449=DIRECTION('',(0.,0.,-1.));
#19450=DIRECTION('',(-0.89687,-0.44229,0.));
#19451=AXIS2_PLACEMENT_3D('',#19448,#19449,#19450);
#19452=PLANE('',#19451);
#19453=ADVANCED_FACE('',(#19447),#19452,.T.);
#19454=ORIENTED_EDGE('',*,*,#18507,.T.);
#19455=DIRECTION('',(0.60876,-0.79335,0.));
#19456=VECTOR('',#19455,16.);
#19457=LINE('',#16194,#19456);
#19458=EDGE_CURVE('',#16195,#18498,#19457,.T.);
#19459=ORIENTED_EDGE('',*,*,#19458,.F.);
#19460=ORIENTED_EDGE('',*,*,#16199,.F.);
#19461=ORIENTED_EDGE('',*,*,#19442,.T.);
#19462=EDGE_LOOP('',(#19454,#19459,#19460,#19461));
#19463=FACE_OUTER_BOUND('',#19462,.T.);
#19464=CARTESIAN_POINT('',(208.,55.42563,-384.));
#19465=DIRECTION('',(0.,0.,-1.));
#19466=DIRECTION('',(-0.83147,-0.55557,0.));
#19467=AXIS2_PLACEMENT_3D('',#19464,#19465,#19466);
#19468=PLANE('',#19467);
#19469=ADVANCED_FACE('',(#19463),#19468,.T.);
#19470=ORIENTED_EDGE('',*,*,#18529,.T.);
#19471=DIRECTION('',(0.70711,-0.70711,0.));
#19472=VECTOR('',#19471,16.);
#19473=LINE('',#16222,#19472);
#19474=EDGE_CURVE('',#16223,#18520,#19473,.T.);
#19475=ORIENTED_EDGE('',*,*,#19474,.F.);
#19476=ORIENTED_EDGE('',*,*,#16227,.F.);
#19477=ORIENTED_EDGE('',*,*,#19458,.T.);
#19478=EDGE_LOOP('',(#19470,#19475,#19476,#19477));
#19479=FACE_OUTER_BOUND('',#19478,.T.);
#19480=CARTESIAN_POINT('',(201.03927,50.77461,-384.));
#19481=DIRECTION('',(0.,0.,-1.));
#19482=DIRECTION('',(-0.75184,-0.65935,0.));
#19483=AXIS2_PLACEMENT_3D('',#19480,#19481,#19482);
#19484=PLANE('',#19483);
#19485=ADVANCED_FACE('',(#19479),#19484,.T.);
#19486=ORIENTED_EDGE('',*,*,#18551,.T.);
#19487=DIRECTION('',(0.79335,-0.60876,0.));
#19488=VECTOR('',#19487,16.);
#19489=LINE('',#16250,#19488);
#19490=EDGE_CURVE('',#16251,#18542,#19489,.T.);
#19491=ORIENTED_EDGE('',*,*,#19490,.F.);
#19492=ORIENTED_EDGE('',*,*,#16255,.F.);
#19493=ORIENTED_EDGE('',*,*,#19474,.T.);
#19494=EDGE_LOOP('',(#19486,#19491,#19492,#19493));
#19495=FACE_OUTER_BOUND('',#19494,.T.);
#19496=CARTESIAN_POINT('',(194.74517,45.25483,-384.));
#19497=DIRECTION('',(0.,0.,-1.));
#19498=DIRECTION('',(-0.65935,-0.75184,0.));
#19499=AXIS2_PLACEMENT_3D('',#19496,#19497,#19498);
#19500=PLANE('',#19499);
#19501=ADVANCED_FACE('',(#19495),#19500,.T.);
#19502=ORIENTED_EDGE('',*,*,#18573,.T.);
#19503=DIRECTION('',(0.86603,-0.5,0.));
#19504=VECTOR('',#19503,16.);
#19505=LINE('',#16278,#19504);
#19506=EDGE_CURVE('',#16279,#18564,#19505,.T.);
#19507=ORIENTED_EDGE('',*,*,#19506,.F.);
#19508=ORIENTED_EDGE('',*,*,#16283,.F.);
#19509=ORIENTED_EDGE('',*,*,#19490,.T.);
#19510=EDGE_LOOP('',(#19502,#19507,#19508,#19509));
#19511=FACE_OUTER_BOUND('',#19510,.T.);
#19512=CARTESIAN_POINT('',(189.22539,38.96073,-384.));
#19513=DIRECTION('',(0.,0.,-1.));
#19514=DIRECTION('',(-0.55557,-0.83147,0.));
#19515=AXIS2_PLACEMENT_3D('',#19512,#19513,#19514);
#19516=PLANE('',#19515);
#19517=ADVANCED_FACE('',(#19511),#19516,.T.);
#19518=ORIENTED_EDGE('',*,*,#18595,.T.);
#19519=DIRECTION('',(0.92388,-0.38268,0.));
#19520=VECTOR('',#19519,16.);
#19521=LINE('',#16306,#19520);
#19522=EDGE_CURVE('',#16307,#18586,#19521,.T.);
#19523=ORIENTED_EDGE('',*,*,#19522,.F.);
#19524=ORIENTED_EDGE('',*,*,#16311,.F.);
#19525=ORIENTED_EDGE('',*,*,#19506,.T.);
#19526=EDGE_LOOP('',(#19518,#19523,#19524,#19525));
#19527=FACE_OUTER_BOUND('',#19526,.T.);
#19528=CARTESIAN_POINT('',(184.57437,32.,-384.));
#19529=DIRECTION('',(0.,0.,-1.));
#19530=DIRECTION('',(-0.44229,-0.89687,0.));
#19531=AXIS2_PLACEMENT_3D('',#19528,#19529,#19530);
#19532=PLANE('',#19531);
#19533=ADVANCED_FACE('',(#19527),#19532,.T.);
#19534=ORIENTED_EDGE('',*,*,#18617,.T.);
#19535=DIRECTION('',(0.96593,-0.25882,0.));
#19536=VECTOR('',#19535,16.);
#19537=LINE('',#16334,#19536);
#19538=EDGE_CURVE('',#16335,#18608,#19537,.T.);
#19539=ORIENTED_EDGE('',*,*,#19538,.F.);
#19540=ORIENTED_EDGE('',*,*,#16339,.F.);
#19541=ORIENTED_EDGE('',*,*,#19522,.T.);
#19542=EDGE_LOOP('',(#19534,#19539,#19540,#19541));
#19543=FACE_OUTER_BOUND('',#19542,.T.);
#19544=CARTESIAN_POINT('',(180.87171,24.49174,-384.));
#19545=DIRECTION('',(0.,0.,-1.));
#19546=DIRECTION('',(-0.32144,-0.94693,0.));
#19547=AXIS2_PLACEMENT_3D('',#19544,#19545,#19546);
#19548=PLANE('',#19547);
#19549=ADVANCED_FACE('',(#19543),#19548,.T.);
#19550=ORIENTED_EDGE('',*,*,#18639,.T.);
#19551=DIRECTION('',(0.99144,-0.13053,0.));
#19552=VECTOR('',#19551,16.);
#19553=LINE('',#16362,#19552);
#19554=EDGE_CURVE('',#16363,#18630,#19553,.T.);
#19555=ORIENTED_EDGE('',*,*,#19554,.F.);
#19556=ORIENTED_EDGE('',*,*,#16367,.F.);
#19557=ORIENTED_EDGE('',*,*,#19538,.T.);
#19558=EDGE_LOOP('',(#19550,#19555,#19556,#19557));
#19559=FACE_OUTER_BOUND('',#19558,.T.);
#19560=CARTESIAN_POINT('',(178.18075,16.56442,-384.));
#19561=DIRECTION('',(0.,0.,-1.));
#19562=DIRECTION('',(-0.19509,-0.98079,0.));
#19563=AXIS2_PLACEMENT_3D('',#19560,#19561,#19562);
#19564=PLANE('',#19563);
#19565=ADVANCED_FACE('',(#19559),#19564,.T.);
#19566=ORIENTED_EDGE('',*,*,#18661,.T.);
#19567=DIRECTION('',(1.,0.,0.));
#19568=VECTOR('',#19567,16.);
#19569=LINE('',#16390,#19568);
#19570=EDGE_CURVE('',#16391,#18652,#19569,.T.);
#19571=ORIENTED_EDGE('',*,*,#19570,.F.);
#19572=ORIENTED_EDGE('',*,*,#16395,.F.);
#19573=ORIENTED_EDGE('',*,*,#19554,.T.);
#19574=EDGE_LOOP('',(#19566,#19571,#19572,#19573));
#19575=FACE_OUTER_BOUND('',#19574,.T.);
#19576=CARTESIAN_POINT('',(176.54753,8.35368,-384.));
#19577=DIRECTION('',(0.,0.,-1.));
#19578=DIRECTION('',(-0.0654,-0.99786,0.));
#19579=AXIS2_PLACEMENT_3D('',#19576,#19577,#19578);
#19580=PLANE('',#19579);
#19581=ADVANCED_FACE('',(#19575),#19580,.T.);
#19582=ORIENTED_EDGE('',*,*,#18683,.T.);
#19583=DIRECTION('',(0.99144,0.13053,0.));
#19584=VECTOR('',#19583,16.);
#19585=LINE('',#16418,#19584);
#19586=EDGE_CURVE('',#16419,#18674,#19585,.T.);
#19587=ORIENTED_EDGE('',*,*,#19586,.F.);
#19588=ORIENTED_EDGE('',*,*,#16423,.F.);
#19589=ORIENTED_EDGE('',*,*,#19570,.T.);
#19590=EDGE_LOOP('',(#19582,#19587,#19588,#19589));
#19591=FACE_OUTER_BOUND('',#19590,.T.);
#19592=CARTESIAN_POINT('',(176.,0.,-384.));
#19593=DIRECTION('',(0.,0.,-1.));
#19594=DIRECTION('',(0.0654,-0.99786,0.));
#19595=AXIS2_PLACEMENT_3D('',#19592,#19593,#19594);
#19596=PLANE('',#19595);
#19597=ADVANCED_FACE('',(#19591),#19596,.T.);
#19598=ORIENTED_EDGE('',*,*,#18705,.T.);
#19599=DIRECTION('',(0.96593,0.25882,0.));
#19600=VECTOR('',#19599,16.);
#19601=LINE('',#16446,#19600);
#19602=EDGE_CURVE('',#16447,#18696,#19601,.T.);
#19603=ORIENTED_EDGE('',*,*,#19602,.F.);
#19604=ORIENTED_EDGE('',*,*,#16451,.F.);
#19605=ORIENTED_EDGE('',*,*,#19586,.T.);
#19606=EDGE_LOOP('',(#19598,#19603,#19604,#19605));
#19607=FACE_OUTER_BOUND('',#19606,.T.);
#19608=CARTESIAN_POINT('',(176.54753,-8.35368,-384.));
#19609=DIRECTION('',(0.,0.,-1.));
#19610=DIRECTION('',(0.19509,-0.98079,0.));
#19611=AXIS2_PLACEMENT_3D('',#19608,#19609,#19610);
#19612=PLANE('',#19611);
#19613=ADVANCED_FACE('',(#19607),#19612,.T.);
#19614=ORIENTED_EDGE('',*,*,#18727,.T.);
#19615=DIRECTION('',(0.92388,0.38268,0.));
#19616=VECTOR('',#19615,16.);
#19617=LINE('',#16474,#19616);
#19618=EDGE_CURVE('',#16475,#18718,#19617,.T.);
#19619=ORIENTED_EDGE('',*,*,#19618,.F.);
#19620=ORIENTED_EDGE('',*,*,#16479,.F.);
#19621=ORIENTED_EDGE('',*,*,#19602,.T.);
#19622=EDGE_LOOP('',(#19614,#19619,#19620,#19621));
#19623=FACE_OUTER_BOUND('',#19622,.T.);
#19624=CARTESIAN_POINT('',(178.18075,-16.56442,-384.));
#19625=DIRECTION('',(0.,0.,-1.));
#19626=DIRECTION('',(0.32144,-0.94693,0.));
#19627=AXIS2_PLACEMENT_3D('',#19624,#19625,#19626);
#19628=PLANE('',#19627);
#19629=ADVANCED_FACE('',(#19623),#19628,.T.);
#19630=ORIENTED_EDGE('',*,*,#18749,.T.);
#19631=DIRECTION('',(0.86603,0.5,0.));
#19632=VECTOR('',#19631,16.);
#19633=LINE('',#16502,#19632);
#19634=EDGE_CURVE('',#16503,#18740,#19633,.T.);
#19635=ORIENTED_EDGE('',*,*,#19634,.F.);
#19636=ORIENTED_EDGE('',*,*,#16507,.F.);
#19637=ORIENTED_EDGE('',*,*,#19618,.T.);
#19638=EDGE_LOOP('',(#19630,#19635,#19636,#19637));
#19639=FACE_OUTER_BOUND('',#19638,.T.);
#19640=CARTESIAN_POINT('',(180.87171,-24.49174,-384.));
#19641=DIRECTION('',(0.,0.,-1.));
#19642=DIRECTION('',(0.44229,-0.89687,0.));
#19643=AXIS2_PLACEMENT_3D('',#19640,#19641,#19642);
#19644=PLANE('',#19643);
#19645=ADVANCED_FACE('',(#19639),#19644,.T.);
#19646=ORIENTED_EDGE('',*,*,#18771,.T.);
#19647=DIRECTION('',(0.79335,0.60876,0.));
#19648=VECTOR('',#19647,16.);
#19649=LINE('',#16530,#19648);
#19650=EDGE_CURVE('',#16531,#18762,#19649,.T.);
#19651=ORIENTED_EDGE('',*,*,#19650,.F.);
#19652=ORIENTED_EDGE('',*,*,#16535,.F.);
#19653=ORIENTED_EDGE('',*,*,#19634,.T.);
#19654=EDGE_LOOP('',(#19646,#19651,#19652,#19653));
#19655=FACE_OUTER_BOUND('',#19654,.T.);
#19656=CARTESIAN_POINT('',(184.57437,-32.,-384.));
#19657=DIRECTION('',(0.,0.,-1.));
#19658=DIRECTION('',(0.55557,-0.83147,0.));
#19659=AXIS2_PLACEMENT_3D('',#19656,#19657,#19658);
#19660=PLANE('',#19659);
#19661=ADVANCED_FACE('',(#19655),#19660,.T.);
#19662=ORIENTED_EDGE('',*,*,#18793,.T.);
#19663=DIRECTION('',(0.70711,0.70711,0.));
#19664=VECTOR('',#19663,16.);
#19665=LINE('',#16558,#19664);
#19666=EDGE_CURVE('',#16559,#18784,#19665,.T.);
#19667=ORIENTED_EDGE('',*,*,#19666,.F.);
#19668=ORIENTED_EDGE('',*,*,#16563,.F.);
#19669=ORIENTED_EDGE('',*,*,#19650,.T.);
#19670=EDGE_LOOP('',(#19662,#19667,#19668,#19669));
#19671=FACE_OUTER_BOUND('',#19670,.T.);
#19672=CARTESIAN_POINT('',(189.22539,-38.96073,-384.));
#19673=DIRECTION('',(0.,0.,-1.));
#19674=DIRECTION('',(0.65935,-0.75184,0.));
#19675=AXIS2_PLACEMENT_3D('',#19672,#19673,#19674);
#19676=PLANE('',#19675);
#19677=ADVANCED_FACE('',(#19671),#19676,.T.);
#19678=ORIENTED_EDGE('',*,*,#18815,.T.);
#19679=DIRECTION('',(0.60876,0.79335,0.));
#19680=VECTOR('',#19679,16.);
#19681=LINE('',#16586,#19680);
#19682=EDGE_CURVE('',#16587,#18806,#19681,.T.);
#19683=ORIENTED_EDGE('',*,*,#19682,.F.);
#19684=ORIENTED_EDGE('',*,*,#16591,.F.);
#19685=ORIENTED_EDGE('',*,*,#19666,.T.);
#19686=EDGE_LOOP('',(#19678,#19683,#19684,#19685));
#19687=FACE_OUTER_BOUND('',#19686,.T.);
#19688=CARTESIAN_POINT('',(194.74517,-45.25483,-384.));
#19689=DIRECTION('',(0.,0.,-1.));
#19690=DIRECTION('',(0.75184,-0.65935,0.));
#19691=AXIS2_PLACEMENT_3D('',#19688,#19689,#19690);
#19692=PLANE('',#19691);
#19693=ADVANCED_FACE('',(#19687),#19692,.T.);
#19694=ORIENTED_EDGE('',*,*,#18837,.T.);
#19695=DIRECTION('',(0.5,0.86603,0.));
#19696=VECTOR('',#19695,16.);
#19697=LINE('',#16614,#19696);
#19698=EDGE_CURVE('',#16615,#18828,#19697,.T.);
#19699=ORIENTED_EDGE('',*,*,#19698,.F.);
#19700=ORIENTED_EDGE('',*,*,#16619,.F.);
#19701=ORIENTED_EDGE('',*,*,#19682,.T.);
#19702=EDGE_LOOP('',(#19694,#19699,#19700,#19701));
#19703=FACE_OUTER_BOUND('',#19702,.T.);
#19704=CARTESIAN_POINT('',(201.03927,-50.77461,-384.));
#19705=DIRECTION('',(0.,0.,-1.));
#19706=DIRECTION('',(0.83147,-0.55557,0.));
#19707=AXIS2_PLACEMENT_3D('',#19704,#19705,#19706);
#19708=PLANE('',#19707);
#19709=ADVANCED_FACE('',(#19703),#19708,.T.);
#19710=ORIENTED_EDGE('',*,*,#18859,.T.);
#19711=DIRECTION('',(0.38268,0.92388,0.));
#19712=VECTOR('',#19711,16.);
#19713=LINE('',#16642,#19712);
#19714=EDGE_CURVE('',#16643,#18850,#19713,.T.);
#19715=ORIENTED_EDGE('',*,*,#19714,.F.);
#19716=ORIENTED_EDGE('',*,*,#16647,.F.);
#19717=ORIENTED_EDGE('',*,*,#19698,.T.);
#19718=EDGE_LOOP('',(#19710,#19715,#19716,#19717));
#19719=FACE_OUTER_BOUND('',#19718,.T.);
#19720=CARTESIAN_POINT('',(208.,-55.42563,-384.));
#19721=DIRECTION('',(0.,0.,-1.));
#19722=DIRECTION('',(0.89687,-0.44229,0.));
#19723=AXIS2_PLACEMENT_3D('',#19720,#19721,#19722);
#19724=PLANE('',#19723);
#19725=ADVANCED_FACE('',(#19719),#19724,.T.);
#19726=ORIENTED_EDGE('',*,*,#18881,.T.);
#19727=DIRECTION('',(0.25882,0.96593,0.));
#19728=VECTOR('',#19727,16.);
#19729=LINE('',#16670,#19728);
#19730=EDGE_CURVE('',#16671,#18872,#19729,.T.);
#19731=ORIENTED_EDGE('',*,*,#19730,.F.);
#19732=ORIENTED_EDGE('',*,*,#16675,.F.);
#19733=ORIENTED_EDGE('',*,*,#19714,.T.);
#19734=EDGE_LOOP('',(#19726,#19731,#19732,#19733));
#19735=FACE_OUTER_BOUND('',#19734,.T.);
#19736=CARTESIAN_POINT('',(215.50826,-59.12829,-384.));
#19737=DIRECTION('',(0.,0.,-1.));
#19738=DIRECTION('',(0.94693,-0.32144,0.));
#19739=AXIS2_PLACEMENT_3D('',#19736,#19737,#19738);
#19740=PLANE('',#19739);
#19741=ADVANCED_FACE('',(#19735),#19740,.T.);
#19742=ORIENTED_EDGE('',*,*,#18903,.T.);
#19743=DIRECTION('',(0.13053,0.99144,0.));
#19744=VECTOR('',#19743,16.);
#19745=LINE('',#16698,#19744);
#19746=EDGE_CURVE('',#16699,#18894,#19745,.T.);
#19747=ORIENTED_EDGE('',*,*,#19746,.F.);
#19748=ORIENTED_EDGE('',*,*,#16703,.F.);
#19749=ORIENTED_EDGE('',*,*,#19730,.T.);
#19750=EDGE_LOOP('',(#19742,#19747,#19748,#19749));
#19751=FACE_OUTER_BOUND('',#19750,.T.);
#19752=CARTESIAN_POINT('',(223.43558,-61.81925,-384.));
#19753=DIRECTION('',(0.,0.,-1.));
#19754=DIRECTION('',(0.98079,-0.19509,0.));
#19755=AXIS2_PLACEMENT_3D('',#19752,#19753,#19754);
#19756=PLANE('',#19755);
#19757=ADVANCED_FACE('',(#19751),#19756,.T.);
#19758=ORIENTED_EDGE('',*,*,#18925,.T.);
#19759=DIRECTION('',(0.,1.,0.));
#19760=VECTOR('',#19759,16.);
#19761=LINE('',#16726,#19760);
#19762=EDGE_CURVE('',#16727,#18916,#19761,.T.);
#19763=ORIENTED_EDGE('',*,*,#19762,.F.);
#19764=ORIENTED_EDGE('',*,*,#16731,.F.);
#19765=ORIENTED_EDGE('',*,*,#19746,.T.);
#19766=EDGE_LOOP('',(#19758,#19763,#19764,#19765));
#19767=FACE_OUTER_BOUND('',#19766,.T.);
#19768=CARTESIAN_POINT('',(231.64632,-63.45247,-384.));
#19769=DIRECTION('',(0.,0.,-1.));
#19770=DIRECTION('',(0.99786,-0.0654,0.));
#19771=AXIS2_PLACEMENT_3D('',#19768,#19769,#19770);
#19772=PLANE('',#19771);
#19773=ADVANCED_FACE('',(#19767),#19772,.T.);
#19774=ORIENTED_EDGE('',*,*,#18947,.T.);
#19775=DIRECTION('',(-0.13053,0.99144,0.));
#19776=VECTOR('',#19775,16.);
#19777=LINE('',#16754,#19776);
#19778=EDGE_CURVE('',#16755,#18938,#19777,.T.);
#19779=ORIENTED_EDGE('',*,*,#19778,.F.);
#19780=ORIENTED_EDGE('',*,*,#16759,.F.);
#19781=ORIENTED_EDGE('',*,*,#19762,.T.);
#19782=EDGE_LOOP('',(#19774,#19779,#19780,#19781));
#19783=FACE_OUTER_BOUND('',#19782,.T.);
#19784=CARTESIAN_POINT('',(240.,-64.,-384.));
#19785=DIRECTION('',(0.,0.,-1.));
#19786=DIRECTION('',(0.99786,0.0654,0.));
#19787=AXIS2_PLACEMENT_3D('',#19784,#19785,#19786);
#19788=PLANE('',#19787);
#19789=ADVANCED_FACE('',(#19783),#19788,.T.);
#19790=ORIENTED_EDGE('',*,*,#18969,.T.);
#19791=DIRECTION('',(-0.25882,0.96593,0.));
#19792=VECTOR('',#19791,16.);
#19793=LINE('',#16782,#19792);
#19794=EDGE_CURVE('',#16783,#18960,#19793,.T.);
#19795=ORIENTED_EDGE('',*,*,#19794,.F.);
#19796=ORIENTED_EDGE('',*,*,#16787,.F.);
#19797=ORIENTED_EDGE('',*,*,#19778,.T.);
#19798=EDGE_LOOP('',(#19790,#19795,#19796,#19797));
#19799=FACE_OUTER_BOUND('',#19798,.T.);
#19800=CARTESIAN_POINT('',(248.35368,-63.45247,-384.));
#19801=DIRECTION('',(0.,0.,-1.));
#19802=DIRECTION('',(0.98079,0.19509,0.));
#19803=AXIS2_PLACEMENT_3D('',#19800,#19801,#19802);
#19804=PLANE('',#19803);
#19805=ADVANCED_FACE('',(#19799),#19804,.T.);
#19806=ORIENTED_EDGE('',*,*,#18991,.T.);
#19807=DIRECTION('',(-0.38268,0.92388,0.));
#19808=VECTOR('',#19807,16.);
#19809=LINE('',#16810,#19808);
#19810=EDGE_CURVE('',#16811,#18982,#19809,.T.);
#19811=ORIENTED_EDGE('',*,*,#19810,.F.);
#19812=ORIENTED_EDGE('',*,*,#16815,.F.);
#19813=ORIENTED_EDGE('',*,*,#19794,.T.);
#19814=EDGE_LOOP('',(#19806,#19811,#19812,#19813));
#19815=FACE_OUTER_BOUND('',#19814,.T.);
#19816=CARTESIAN_POINT('',(256.56442,-61.81925,-384.));
#19817=DIRECTION('',(0.,0.,-1.));
#19818=DIRECTION('',(0.94693,0.32144,0.));
#19819=AXIS2_PLACEMENT_3D('',#19816,#19817,#19818);
#19820=PLANE('',#19819);
#19821=ADVANCED_FACE('',(#19815),#19820,.T.);
#19822=ORIENTED_EDGE('',*,*,#19013,.T.);
#19823=DIRECTION('',(-0.5,0.86603,0.));
#19824=VECTOR('',#19823,16.);
#19825=LINE('',#16838,#19824);
#19826=EDGE_CURVE('',#16839,#19004,#19825,.T.);
#19827=ORIENTED_EDGE('',*,*,#19826,.F.);
#19828=ORIENTED_EDGE('',*,*,#16843,.F.);
#19829=ORIENTED_EDGE('',*,*,#19810,.T.);
#19830=EDGE_LOOP('',(#19822,#19827,#19828,#19829));
#19831=FACE_OUTER_BOUND('',#19830,.T.);
#19832=CARTESIAN_POINT('',(264.49174,-59.12829,-384.));
#19833=DIRECTION('',(0.,0.,-1.));
#19834=DIRECTION('',(0.89687,0.44229,0.));
#19835=AXIS2_PLACEMENT_3D('',#19832,#19833,#19834);
#19836=PLANE('',#19835);
#19837=ADVANCED_FACE('',(#19831),#19836,.T.);
#19838=ORIENTED_EDGE('',*,*,#19035,.T.);
#19839=DIRECTION('',(-0.60876,0.79335,0.));
#19840=VECTOR('',#19839,16.);
#19841=LINE('',#16866,#19840);
#19842=EDGE_CURVE('',#16867,#19026,#19841,.T.);
#19843=ORIENTED_EDGE('',*,*,#19842,.F.);
#19844=ORIENTED_EDGE('',*,*,#16871,.F.);
#19845=ORIENTED_EDGE('',*,*,#19826,.T.);
#19846=EDGE_LOOP('',(#19838,#19843,#19844,#19845));
#19847=FACE_OUTER_BOUND('',#19846,.T.);
#19848=CARTESIAN_POINT('',(272.,-55.42563,-384.));
#19849=DIRECTION('',(0.,0.,-1.));
#19850=DIRECTION('',(0.83147,0.55557,0.));
#19851=AXIS2_PLACEMENT_3D('',#19848,#19849,#19850);
#19852=PLANE('',#19851);
#19853=ADVANCED_FACE('',(#19847),#19852,.T.);
#19854=ORIENTED_EDGE('',*,*,#19057,.T.);
#19855=DIRECTION('',(-0.70711,0.70711,0.));
#19856=VECTOR('',#19855,16.);
#19857=LINE('',#16894,#19856);
#19858=EDGE_CURVE('',#16895,#19048,#19857,.T.);
#19859=ORIENTED_EDGE('',*,*,#19858,.F.);
#19860=ORIENTED_EDGE('',*,*,#16899,.F.);
#19861=ORIENTED_EDGE('',*,*,#19842,.T.);
#19862=EDGE_LOOP('',(#19854,#19859,#19860,#19861));
#19863=FACE_OUTER_BOUND('',#19862,.T.);
#19864=CARTESIAN_POINT('',(278.96073,-50.77461,-384.));
#19865=DIRECTION('',(0.,0.,-1.));
#19866=DIRECTION('',(0.75184,0.65935,0.));
#19867=AXIS2_PLACEMENT_3D('',#19864,#19865,#19866);
#19868=PLANE('',#19867);
#19869=ADVANCED_FACE('',(#19863),#19868,.T.);
#19870=ORIENTED_EDGE('',*,*,#19079,.T.);
#19871=DIRECTION('',(-0.79335,0.60876,0.));
#19872=VECTOR('',#19871,16.);
#19873=LINE('',#16922,#19872);
#19874=EDGE_CURVE('',#16923,#19070,#19873,.T.);
#19875=ORIENTED_EDGE('',*,*,#19874,.F.);
#19876=ORIENTED_EDGE('',*,*,#16927,.F.);
#19877=ORIENTED_EDGE('',*,*,#19858,.T.);
#19878=EDGE_LOOP('',(#19870,#19875,#19876,#19877));
#19879=FACE_OUTER_BOUND('',#19878,.T.);
#19880=CARTESIAN_POINT('',(285.25483,-45.25483,-384.));
#19881=DIRECTION('',(0.,0.,-1.));
#19882=DIRECTION('',(0.65935,0.75184,0.));
#19883=AXIS2_PLACEMENT_3D('',#19880,#19881,#19882);
#19884=PLANE('',#19883);
#19885=ADVANCED_FACE('',(#19879),#19884,.T.);
#19886=ORIENTED_EDGE('',*,*,#19101,.T.);
#19887=DIRECTION('',(-0.86603,0.5,0.));
#19888=VECTOR('',#19887,16.);
#19889=LINE('',#16950,#19888);
#19890=EDGE_CURVE('',#16951,#19092,#19889,.T.);
#19891=ORIENTED_EDGE('',*,*,#19890,.F.);
#19892=ORIENTED_EDGE('',*,*,#16955,.F.);
#19893=ORIENTED_EDGE('',*,*,#19874,.T.);
#19894=EDGE_LOOP('',(#19886,#19891,#19892,#19893));
#19895=FACE_OUTER_BOUND('',#19894,.T.);
#19896=CARTESIAN_POINT('',(290.77461,-38.96073,-384.));
#19897=DIRECTION('',(0.,0.,-1.));
#19898=DIRECTION('',(0.55557,0.83147,0.));
#19899=AXIS2_PLACEMENT_3D('',#19896,#19897,#19898);
#19900=PLANE('',#19899);
#19901=ADVANCED_FACE('',(#19895),#19900,.T.);
#19902=ORIENTED_EDGE('',*,*,#19123,.T.);
#19903=DIRECTION('',(-0.92388,0.38268,0.));
#19904=VECTOR('',#19903,16.);
#19905=LINE('',#16978,#19904);
#19906=EDGE_CURVE('',#16979,#19114,#19905,.T.);
#19907=ORIENTED_EDGE('',*,*,#19906,.F.);
#19908=ORIENTED_EDGE('',*,*,#16983,.F.);
#19909=ORIENTED_EDGE('',*,*,#19890,.T.);
#19910=EDGE_LOOP('',(#19902,#19907,#19908,#19909));
#19911=FACE_OUTER_BOUND('',#19910,.T.);
#19912=CARTESIAN_POINT('',(295.42563,-32.,-384.));
#19913=DIRECTION('',(0.,0.,-1.));
#19914=DIRECTION('',(0.44229,0.89687,0.));
#19915=AXIS2_PLACEMENT_3D('',#19912,#19913,#19914);
#19916=PLANE('',#19915);
#19917=ADVANCED_FACE('',(#19911),#19916,.T.);
#19918=ORIENTED_EDGE('',*,*,#19145,.T.);
#19919=DIRECTION('',(-0.96593,0.25882,0.));
#19920=VECTOR('',#19919,16.);
#19921=LINE('',#17006,#19920);
#19922=EDGE_CURVE('',#17007,#19136,#19921,.T.);
#19923=ORIENTED_EDGE('',*,*,#19922,.F.);
#19924=ORIENTED_EDGE('',*,*,#17011,.F.);
#19925=ORIENTED_EDGE('',*,*,#19906,.T.);
#19926=EDGE_LOOP('',(#19918,#19923,#19924,#19925));
#19927=FACE_OUTER_BOUND('',#19926,.T.);
#19928=CARTESIAN_POINT('',(299.12829,-24.49174,-384.));
#19929=DIRECTION('',(0.,0.,-1.));
#19930=DIRECTION('',(0.32144,0.94693,0.));
#19931=AXIS2_PLACEMENT_3D('',#19928,#19929,#19930);
#19932=PLANE('',#19931);
#19933=ADVANCED_FACE('',(#19927),#19932,.T.);
#19934=ORIENTED_EDGE('',*,*,#19167,.T.);
#19935=DIRECTION('',(-0.99144,0.13053,0.));
#19936=VECTOR('',#19935,16.);
#19937=LINE('',#17034,#19936);
#19938=EDGE_CURVE('',#17035,#19158,#19937,.T.);
#19939=ORIENTED_EDGE('',*,*,#19938,.F.);
#19940=ORIENTED_EDGE('',*,*,#17039,.F.);
#19941=ORIENTED_EDGE('',*,*,#19922,.T.);
#19942=EDGE_LOOP('',(#19934,#19939,#19940,#19941));
#19943=FACE_OUTER_BOUND('',#19942,.T.);
#19944=CARTESIAN_POINT('',(301.81925,-16.56442,-384.));
#19945=DIRECTION('',(0.,0.,-1.));
#19946=DIRECTION('',(0.19509,0.98079,0.));
#19947=AXIS2_PLACEMENT_3D('',#19944,#19945,#19946);
#19948=PLANE('',#19947);
#19949=ADVANCED_FACE('',(#19943),#19948,.T.);
#19950=ORIENTED_EDGE('',*,*,#19183,.F.);
#19951=ORIENTED_EDGE('',*,*,#19204,.F.);
#19952=ORIENTED_EDGE('',*,*,#17065,.T.);
#19953=ORIENTED_EDGE('',*,*,#19938,.T.);
#19954=EDGE_LOOP('',(#19950,#19951,#19952,#19953));
#19955=FACE_OUTER_BOUND('',#19954,.T.);
#19956=CARTESIAN_POINT('',(303.45247,-8.35368,-384.));
#19957=DIRECTION('',(0.,0.,-1.));
#19958=DIRECTION('',(0.0654,0.99786,0.));
#19959=AXIS2_PLACEMENT_3D('',#19956,#19957,#19958);
#19960=PLANE('',#19959);
#19961=ADVANCED_FACE('',(#19955),#19960,.T.);
#19962=CLOSED_SHELL('',(#15773,#15801,#15829,#15857,#15885,#15913,#15941,#15969,#15997,#16025,#16053,#16081,#16109,#16137,#16165,#16193,#16221,#16249,#16277,#16305,#16333,#16361,#16389,#16417,#16445,#16473,#16501,#16529,#16557,#16585,#16613,#16641,#16669,#16697,#16725,#16753,#16781,#16809,#16837,#16865,#16893,#16921,#16949,#16977,#17005,#17033,#17061,#17081,#17109,#17131,#17153,#17175,#17197,#17219,#17241,#17263,#17285,#17307,#17329,#17351,#17373,#17395,#17417,#17439,#17461,#17483,#17505,#17527,#17549,#17571,#17593,#17615,#17637,#17659,#17681,#17703,#17725,#17747,#17769,#17791,#17813,#17835,#17857,#17879,#17901,#17923,#17945,#17967,#17989,#18011,#18033,#18055,#18077,#18099,#18121,#18137,#18165,#18187,#18209,#18231,#18253,#18275,#18297,#18319,#18341,#18363,#18385,#18407,#18429,#18451,#18473,#18495,#18517,#18539,#18561,#18583,#18605,#18627,#18649,#18671,#18693,#18715,#18737,#18759,#18781,#18803,#18825,#18847,#18869,#18891,#18913,#18935,#18957,#18979,#19001,#19023,#19045,#19067,#19089,#19111,#19133,#19155,#19177,#19193,#19213,#19229,#19245,#19261,#19277,#19293,#19309,#19325,#19341,#19357,#19373,#19389,#19405,#19421,#19437,#19453,#19469,#19485,#19501,#19517,#19533,#19549,#19565,#19581,#19597,#19613,#19629,#19645,#19661,#19677,#19693,#19709,#19725,#19741,#19757,#19773,#19789,#19805,#19821,#19837,#19853,#19869,#19885,#19901,#19917,#19933,#19949,#19961));
#19963=MANIFOLD_SOLID_BREP('',#19962);
#19964=STYLED_ITEM('color',(#4250),#19963);
#19965=CARTESIAN_POINT('',(175.5,-3.,-384.));
#19966=VERTEX_POINT('',#19965);
#19967=CARTESIAN_POINT('',(175.5,3.,-384.));
#19968=VERTEX_POINT('',#19967);
#19969=DIRECTION('',(0.,1.,0.));
#19970=VECTOR('',#19969,6.);
#19971=LINE('',#19965,#19970);
#19972=EDGE_CURVE('',#19966,#19968,#19971,.T.);
#19973=ORIENTED_EDGE('',*,*,#19972,.T.);
#19974=CARTESIAN_POINT('',(304.5,3.,-384.));
#19975=VERTEX_POINT('',#19974);
#19976=DIRECTION('',(-1.,0.,0.));
#19977=VECTOR('',#19976,129.);
#19978=LINE('',#19974,#19977);
#19979=EDGE_CURVE('',#19975,#19968,#19978,.T.);
#19980=ORIENTED_EDGE('',*,*,#19979,.F.);
#19981=CARTESIAN_POINT('',(304.5,-3.,-384.));
#19982=VERTEX_POINT('',#19981);
#19983=DIRECTION('',(0.,1.,0.));
#19984=VECTOR('',#19983,6.);
#19985=LINE('',#19981,#19984);
#19986=EDGE_CURVE('',#19982,#19975,#19985,.T.);
#19987=ORIENTED_EDGE('',*,*,#19986,.F.);
#19988=DIRECTION('',(1.,0.,0.));
#19989=VECTOR('',#19988,129.);
#19990=LINE('',#19965,#19989);
#19991=EDGE_CURVE('',#19966,#19982,#19990,.T.);
#19992=ORIENTED_EDGE('',*,*,#19991,.F.);
#19993=EDGE_LOOP('',(#19973,#19980,#19987,#19992));
#19994=FACE_OUTER_BOUND('',#19993,.T.);
#19995=CARTESIAN_POINT('',(175.5,-3.,-384.));
#19996=DIRECTION('',(0.,0.,-1.));
#19997=DIRECTION('',(0.,1.,0.));
#19998=AXIS2_PLACEMENT_3D('',#19995,#19996,#19997);
#19999=PLANE('',#19998);
#20000=ADVANCED_FACE('',(#19994),#19999,.T.);
#20001=CARTESIAN_POINT('',(175.5,-3.,-380.));
#20002=VERTEX_POINT('',#20001);
#20003=CARTESIAN_POINT('',(304.5,-3.,-380.));
#20004=VERTEX_POINT('',#20003);
#20005=DIRECTION('',(1.,0.,0.));
#20006=VECTOR('',#20005,129.);
#20007=LINE('',#20001,#20006);
#20008=EDGE_CURVE('',#20002,#20004,#20007,.T.);
#20009=ORIENTED_EDGE('',*,*,#20008,.T.);
#20010=CARTESIAN_POINT('',(304.5,3.,-380.));
#20011=VERTEX_POINT('',#20010);
#20012=DIRECTION('',(0.,1.,0.));
#20013=VECTOR('',#20012,6.);
#20014=LINE('',#20003,#20013);
#20015=EDGE_CURVE('',#20004,#20011,#20014,.T.);
#20016=ORIENTED_EDGE('',*,*,#20015,.T.);
#20017=CARTESIAN_POINT('',(175.5,3.,-380.));
#20018=VERTEX_POINT('',#20017);
#20019=DIRECTION('',(-1.,0.,0.));
#20020=VECTOR('',#20019,129.);
#20021=LINE('',#20010,#20020);
#20022=EDGE_CURVE('',#20011,#20018,#20021,.T.);
#20023=ORIENTED_EDGE('',*,*,#20022,.T.);
#20024=DIRECTION('',(0.,1.,0.));
#20025=VECTOR('',#20024,6.);
#20026=LINE('',#20001,#20025);
#20027=EDGE_CURVE('',#20002,#20018,#20026,.T.);
#20028=ORIENTED_EDGE('',*,*,#20027,.F.);
#20029=EDGE_LOOP('',(#20009,#20016,#20023,#20028));
#20030=FACE_OUTER_BOUND('',#20029,.T.);
#20031=CARTESIAN_POINT('',(175.5,-3.,-380.));
#20032=DIRECTION('',(0.,0.,1.));
#20033=DIRECTION('',(1.,0.,0.));
#20034=AXIS2_PLACEMENT_3D('',#20031,#20032,#20033);
#20035=PLANE('',#20034);
#20036=ADVANCED_FACE('',(#20030),#20035,.T.);
#20037=ORIENTED_EDGE('',*,*,#19991,.T.);
#20038=DIRECTION('',(0.,0.,1.));
#20039=VECTOR('',#20038,4.);
#20040=LINE('',#19981,#20039);
#20041=EDGE_CURVE('',#19982,#20004,#20040,.T.);
#20042=ORIENTED_EDGE('',*,*,#20041,.T.);
#20043=ORIENTED_EDGE('',*,*,#20008,.F.);
#20044=DIRECTION('',(0.,0.,1.));
#20045=VECTOR('',#20044,4.);
#20046=LINE('',#19965,#20045);
#20047=EDGE_CURVE('',#19966,#20002,#20046,.T.);
#20048=ORIENTED_EDGE('',*,*,#20047,.F.);
#20049=EDGE_LOOP('',(#20037,#20042,#20043,#20048));
#20050=FACE_OUTER_BOUND('',#20049,.T.);
#20051=CARTESIAN_POINT('',(175.5,-3.,-384.));
#20052=DIRECTION('',(0.,-1.,0.));
#20053=DIRECTION('',(1.,0.,0.));
#20054=AXIS2_PLACEMENT_3D('',#20051,#20052,#20053);
#20055=PLANE('',#20054);
#20056=ADVANCED_FACE('',(#20050),#20055,.T.);
#20057=ORIENTED_EDGE('',*,*,#19986,.T.);
#20058=DIRECTION('',(0.,0.,1.));
#20059=VECTOR('',#20058,4.);
#20060=LINE('',#19974,#20059);
#20061=EDGE_CURVE('',#19975,#20011,#20060,.T.);
#20062=ORIENTED_EDGE('',*,*,#20061,.T.);
#20063=ORIENTED_EDGE('',*,*,#20015,.F.);
#20064=ORIENTED_EDGE('',*,*,#20041,.F.);
#20065=EDGE_LOOP('',(#20057,#20062,#20063,#20064));
#20066=FACE_OUTER_BOUND('',#20065,.T.);
#20067=CARTESIAN_POINT('',(304.5,-3.,-384.));
#20068=DIRECTION('',(1.,0.,0.));
#20069=DIRECTION('',(0.,1.,0.));
#20070=AXIS2_PLACEMENT_3D('',#20067,#20068,#20069);
#20071=PLANE('',#20070);
#20072=ADVANCED_FACE('',(#20066),#20071,.T.);
#20073=ORIENTED_EDGE('',*,*,#19979,.T.);
#20074=DIRECTION('',(0.,0.,1.));
#20075=VECTOR('',#20074,4.);
#20076=LINE('',#19967,#20075);
#20077=EDGE_CURVE('',#19968,#20018,#20076,.T.);
#20078=ORIENTED_EDGE('',*,*,#20077,.T.);
#20079=ORIENTED_EDGE('',*,*,#20022,.F.);
#20080=ORIENTED_EDGE('',*,*,#20061,.F.);
#20081=EDGE_LOOP('',(#20073,#20078,#20079,#20080));
#20082=FACE_OUTER_BOUND('',#20081,.T.);
#20083=CARTESIAN_POINT('',(304.5,3.,-384.));
#20084=DIRECTION('',(0.,1.,0.));
#20085=DIRECTION('',(-1.,0.,0.));
#20086=AXIS2_PLACEMENT_3D('',#20083,#20084,#20085);
#20087=PLANE('',#20086);
#20088=ADVANCED_FACE('',(#20082),#20087,.T.);
#20089=ORIENTED_EDGE('',*,*,#19972,.F.);
#20090=ORIENTED_EDGE('',*,*,#20047,.T.);
#20091=ORIENTED_EDGE('',*,*,#20027,.T.);
#20092=ORIENTED_EDGE('',*,*,#20077,.F.);
#20093=EDGE_LOOP('',(#20089,#20090,#20091,#20092));
#20094=FACE_OUTER_BOUND('',#20093,.T.);
#20095=CARTESIAN_POINT('',(175.5,3.,-384.));
#20096=DIRECTION('',(-1.,0.,0.));
#20097=DIRECTION('',(0.,-1.,0.));
#20098=AXIS2_PLACEMENT_3D('',#20095,#20096,#20097);
#20099=PLANE('',#20098);
#20100=ADVANCED_FACE('',(#20094),#20099,.T.);
#20101=CLOSED_SHELL('',(#20000,#20036,#20056,#20072,#20088,#20100));
#20102=MANIFOLD_SOLID_BREP('',#20101);
#20103=STYLED_ITEM('color',(#4250),#20102);
#20104=CARTESIAN_POINT('',(237.,-64.5,-384.));
#20105=VERTEX_POINT('',#20104);
#20106=CARTESIAN_POINT('',(237.,-3.01,-384.));
#20107=VERTEX_POINT('',#20106);
#20108=DIRECTION('',(0.,1.,0.));
#20109=VECTOR('',#20108,61.49);
#20110=LINE('',#20104,#20109);
#20111=EDGE_CURVE('',#20105,#20107,#20110,.T.);
#20112=ORIENTED_EDGE('',*,*,#20111,.T.);
#20113=CARTESIAN_POINT('',(243.,-3.01,-384.));
#20114=VERTEX_POINT('',#20113);
#20115=DIRECTION('',(-1.,0.,0.));
#20116=VECTOR('',#20115,6.);
#20117=LINE('',#20113,#20116);
#20118=EDGE_CURVE('',#20114,#20107,#20117,.T.);
#20119=ORIENTED_EDGE('',*,*,#20118,.F.);
#20120=CARTESIAN_POINT('',(243.,-64.5,-384.));
#20121=VERTEX_POINT('',#20120);
#20122=DIRECTION('',(0.,1.,0.));
#20123=VECTOR('',#20122,61.49);
#20124=LINE('',#20120,#20123);
#20125=EDGE_CURVE('',#20121,#20114,#20124,.T.);
#20126=ORIENTED_EDGE('',*,*,#20125,.F.);
#20127=DIRECTION('',(1.,0.,0.));
#20128=VECTOR('',#20127,6.);
#20129=LINE('',#20104,#20128);
#20130=EDGE_CURVE('',#20105,#20121,#20129,.T.);
#20131=ORIENTED_EDGE('',*,*,#20130,.F.);
#20132=EDGE_LOOP('',(#20112,#20119,#20126,#20131));
#20133=FACE_OUTER_BOUND('',#20132,.T.);
#20134=CARTESIAN_POINT('',(237.,-64.5,-384.));
#20135=DIRECTION('',(0.,0.,-1.));
#20136=DIRECTION('',(0.,1.,0.));
#20137=AXIS2_PLACEMENT_3D('',#20134,#20135,#20136);
#20138=PLANE('',#20137);
#20139=ADVANCED_FACE('',(#20133),#20138,.T.);
#20140=CARTESIAN_POINT('',(237.,-64.5,-380.));
#20141=VERTEX_POINT('',#20140);
#20142=CARTESIAN_POINT('',(243.,-64.5,-380.));
#20143=VERTEX_POINT('',#20142);
#20144=DIRECTION('',(1.,0.,0.));
#20145=VECTOR('',#20144,6.);
#20146=LINE('',#20140,#20145);
#20147=EDGE_CURVE('',#20141,#20143,#20146,.T.);
#20148=ORIENTED_EDGE('',*,*,#20147,.T.);
#20149=CARTESIAN_POINT('',(243.,-3.01,-380.));
#20150=VERTEX_POINT('',#20149);
#20151=DIRECTION('',(0.,1.,0.));
#20152=VECTOR('',#20151,61.49);
#20153=LINE('',#20142,#20152);
#20154=EDGE_CURVE('',#20143,#20150,#20153,.T.);
#20155=ORIENTED_EDGE('',*,*,#20154,.T.);
#20156=CARTESIAN_POINT('',(237.,-3.01,-380.));
#20157=VERTEX_POINT('',#20156);
#20158=DIRECTION('',(-1.,0.,0.));
#20159=VECTOR('',#20158,6.);
#20160=LINE('',#20149,#20159);
#20161=EDGE_CURVE('',#20150,#20157,#20160,.T.);
#20162=ORIENTED_EDGE('',*,*,#20161,.T.);
#20163=DIRECTION('',(0.,1.,0.));
#20164=VECTOR('',#20163,61.49);
#20165=LINE('',#20140,#20164);
#20166=EDGE_CURVE('',#20141,#20157,#20165,.T.);
#20167=ORIENTED_EDGE('',*,*,#20166,.F.);
#20168=EDGE_LOOP('',(#20148,#20155,#20162,#20167));
#20169=FACE_OUTER_BOUND('',#20168,.T.);
#20170=CARTESIAN_POINT('',(237.,-64.5,-380.));
#20171=DIRECTION('',(0.,0.,1.));
#20172=DIRECTION('',(1.,0.,0.));
#20173=AXIS2_PLACEMENT_3D('',#20170,#20171,#20172);
#20174=PLANE('',#20173);
#20175=ADVANCED_FACE('',(#20169),#20174,.T.);
#20176=ORIENTED_EDGE('',*,*,#20130,.T.);
#20177=DIRECTION('',(0.,0.,1.));
#20178=VECTOR('',#20177,4.);
#20179=LINE('',#20120,#20178);
#20180=EDGE_CURVE('',#20121,#20143,#20179,.T.);
#20181=ORIENTED_EDGE('',*,*,#20180,.T.);
#20182=ORIENTED_EDGE('',*,*,#20147,.F.);
#20183=DIRECTION('',(0.,0.,1.));
#20184=VECTOR('',#20183,4.);
#20185=LINE('',#20104,#20184);
#20186=EDGE_CURVE('',#20105,#20141,#20185,.T.);
#20187=ORIENTED_EDGE('',*,*,#20186,.F.);
#20188=EDGE_LOOP('',(#20176,#20181,#20182,#20187));
#20189=FACE_OUTER_BOUND('',#20188,.T.);
#20190=CARTESIAN_POINT('',(237.,-64.5,-384.));
#20191=DIRECTION('',(0.,-1.,0.));
#20192=DIRECTION('',(1.,0.,0.));
#20193=AXIS2_PLACEMENT_3D('',#20190,#20191,#20192);
#20194=PLANE('',#20193);
#20195=ADVANCED_FACE('',(#20189),#20194,.T.);
#20196=ORIENTED_EDGE('',*,*,#20125,.T.);
#20197=DIRECTION('',(0.,0.,1.));
#20198=VECTOR('',#20197,4.);
#20199=LINE('',#20113,#20198);
#20200=EDGE_CURVE('',#20114,#20150,#20199,.T.);
#20201=ORIENTED_EDGE('',*,*,#20200,.T.);
#20202=ORIENTED_EDGE('',*,*,#20154,.F.);
#20203=ORIENTED_EDGE('',*,*,#20180,.F.);
#20204=EDGE_LOOP('',(#20196,#20201,#20202,#20203));
#20205=FACE_OUTER_BOUND('',#20204,.T.);
#20206=CARTESIAN_POINT('',(243.,-64.5,-384.));
#20207=DIRECTION('',(1.,0.,0.));
#20208=DIRECTION('',(0.,1.,0.));
#20209=AXIS2_PLACEMENT_3D('',#20206,#20207,#20208);
#20210=PLANE('',#20209);
#20211=ADVANCED_FACE('',(#20205),#20210,.T.);
#20212=ORIENTED_EDGE('',*,*,#20118,.T.);
#20213=DIRECTION('',(0.,0.,1.));
#20214=VECTOR('',#20213,4.);
#20215=LINE('',#20106,#20214);
#20216=EDGE_CURVE('',#20107,#20157,#20215,.T.);
#20217=ORIENTED_EDGE('',*,*,#20216,.T.);
#20218=ORIENTED_EDGE('',*,*,#20161,.F.);
#20219=ORIENTED_EDGE('',*,*,#20200,.F.);
#20220=EDGE_LOOP('',(#20212,#20217,#20218,#20219));
#20221=FACE_OUTER_BOUND('',#20220,.T.);
#20222=CARTESIAN_POINT('',(243.,-3.01,-384.));
#20223=DIRECTION('',(0.,1.,0.));
#20224=DIRECTION('',(-1.,0.,0.));
#20225=AXIS2_PLACEMENT_3D('',#20222,#20223,#20224);
#20226=PLANE('',#20225);
#20227=ADVANCED_FACE('',(#20221),#20226,.T.);
#20228=ORIENTED_EDGE('',*,*,#20111,.F.);
#20229=ORIENTED_EDGE('',*,*,#20186,.T.);
#20230=ORIENTED_EDGE('',*,*,#20166,.T.);
#20231=ORIENTED_EDGE('',*,*,#20216,.F.);
#20232=EDGE_LOOP('',(#20228,#20229,#20230,#20231));
#20233=FACE_OUTER_BOUND('',#20232,.T.);
#20234=CARTESIAN_POINT('',(237.,-3.01,-384.));
#20235=DIRECTION('',(-1.,0.,0.));
#20236=DIRECTION('',(0.,-1.,0.));
#20237=AXIS2_PLACEMENT_3D('',#20234,#20235,#20236);
#20238=PLANE('',#20237);
#20239=ADVANCED_FACE('',(#20233),#20238,.T.);
#20240=CLOSED_SHELL('',(#20139,#20175,#20195,#20211,#20227,#20239));
#20241=MANIFOLD_SOLID_BREP('',#20240);
#20242=STYLED_ITEM('color',(#4250),#20241);
#20243=CARTESIAN_POINT('',(237.,3.01,-384.));
#20244=VERTEX_POINT('',#20243);
#20245=CARTESIAN_POINT('',(237.,64.5,-384.));
#20246=VERTEX_POINT('',#20245);
#20247=DIRECTION('',(0.,1.,0.));
#20248=VECTOR('',#20247,61.49);
#20249=LINE('',#20243,#20248);
#20250=EDGE_CURVE('',#20244,#20246,#20249,.T.);
#20251=ORIENTED_EDGE('',*,*,#20250,.T.);
#20252=CARTESIAN_POINT('',(243.,64.5,-384.));
#20253=VERTEX_POINT('',#20252);
#20254=DIRECTION('',(-1.,0.,0.));
#20255=VECTOR('',#20254,6.);
#20256=LINE('',#20252,#20255);
#20257=EDGE_CURVE('',#20253,#20246,#20256,.T.);
#20258=ORIENTED_EDGE('',*,*,#20257,.F.);
#20259=CARTESIAN_POINT('',(243.,3.01,-384.));
#20260=VERTEX_POINT('',#20259);
#20261=DIRECTION('',(0.,1.,0.));
#20262=VECTOR('',#20261,61.49);
#20263=LINE('',#20259,#20262);
#20264=EDGE_CURVE('',#20260,#20253,#20263,.T.);
#20265=ORIENTED_EDGE('',*,*,#20264,.F.);
#20266=DIRECTION('',(1.,0.,0.));
#20267=VECTOR('',#20266,6.);
#20268=LINE('',#20243,#20267);
#20269=EDGE_CURVE('',#20244,#20260,#20268,.T.);
#20270=ORIENTED_EDGE('',*,*,#20269,.F.);
#20271=EDGE_LOOP('',(#20251,#20258,#20265,#20270));
#20272=FACE_OUTER_BOUND('',#20271,.T.);
#20273=CARTESIAN_POINT('',(237.,3.01,-384.));
#20274=DIRECTION('',(0.,0.,-1.));
#20275=DIRECTION('',(0.,1.,0.));
#20276=AXIS2_PLACEMENT_3D('',#20273,#20274,#20275);
#20277=PLANE('',#20276);
#20278=ADVANCED_FACE('',(#20272),#20277,.T.);
#20279=CARTESIAN_POINT('',(237.,3.01,-380.));
#20280=VERTEX_POINT('',#20279);
#20281=CARTESIAN_POINT('',(243.,3.01,-380.));
#20282=VERTEX_POINT('',#20281);
#20283=DIRECTION('',(1.,0.,0.));
#20284=VECTOR('',#20283,6.);
#20285=LINE('',#20279,#20284);
#20286=EDGE_CURVE('',#20280,#20282,#20285,.T.);
#20287=ORIENTED_EDGE('',*,*,#20286,.T.);
#20288=CARTESIAN_POINT('',(243.,64.5,-380.));
#20289=VERTEX_POINT('',#20288);
#20290=DIRECTION('',(0.,1.,0.));
#20291=VECTOR('',#20290,61.49);
#20292=LINE('',#20281,#20291);
#20293=EDGE_CURVE('',#20282,#20289,#20292,.T.);
#20294=ORIENTED_EDGE('',*,*,#20293,.T.);
#20295=CARTESIAN_POINT('',(237.,64.5,-380.));
#20296=VERTEX_POINT('',#20295);
#20297=DIRECTION('',(-1.,0.,0.));
#20298=VECTOR('',#20297,6.);
#20299=LINE('',#20288,#20298);
#20300=EDGE_CURVE('',#20289,#20296,#20299,.T.);
#20301=ORIENTED_EDGE('',*,*,#20300,.T.);
#20302=DIRECTION('',(0.,1.,0.));
#20303=VECTOR('',#20302,61.49);
#20304=LINE('',#20279,#20303);
#20305=EDGE_CURVE('',#20280,#20296,#20304,.T.);
#20306=ORIENTED_EDGE('',*,*,#20305,.F.);
#20307=EDGE_LOOP('',(#20287,#20294,#20301,#20306));
#20308=FACE_OUTER_BOUND('',#20307,.T.);
#20309=CARTESIAN_POINT('',(237.,3.01,-380.));
#20310=DIRECTION('',(0.,0.,1.));
#20311=DIRECTION('',(1.,0.,0.));
#20312=AXIS2_PLACEMENT_3D('',#20309,#20310,#20311);
#20313=PLANE('',#20312);
#20314=ADVANCED_FACE('',(#20308),#20313,.T.);
#20315=ORIENTED_EDGE('',*,*,#20269,.T.);
#20316=DIRECTION('',(0.,0.,1.));
#20317=VECTOR('',#20316,4.);
#20318=LINE('',#20259,#20317);
#20319=EDGE_CURVE('',#20260,#20282,#20318,.T.);
#20320=ORIENTED_EDGE('',*,*,#20319,.T.);
#20321=ORIENTED_EDGE('',*,*,#20286,.F.);
#20322=DIRECTION('',(0.,0.,1.));
#20323=VECTOR('',#20322,4.);
#20324=LINE('',#20243,#20323);
#20325=EDGE_CURVE('',#20244,#20280,#20324,.T.);
#20326=ORIENTED_EDGE('',*,*,#20325,.F.);
#20327=EDGE_LOOP('',(#20315,#20320,#20321,#20326));
#20328=FACE_OUTER_BOUND('',#20327,.T.);
#20329=CARTESIAN_POINT('',(237.,3.01,-384.));
#20330=DIRECTION('',(0.,-1.,0.));
#20331=DIRECTION('',(1.,0.,0.));
#20332=AXIS2_PLACEMENT_3D('',#20329,#20330,#20331);
#20333=PLANE('',#20332);
#20334=ADVANCED_FACE('',(#20328),#20333,.T.);
#20335=ORIENTED_EDGE('',*,*,#20264,.T.);
#20336=DIRECTION('',(0.,0.,1.));
#20337=VECTOR('',#20336,4.);
#20338=LINE('',#20252,#20337);
#20339=EDGE_CURVE('',#20253,#20289,#20338,.T.);
#20340=ORIENTED_EDGE('',*,*,#20339,.T.);
#20341=ORIENTED_EDGE('',*,*,#20293,.F.);
#20342=ORIENTED_EDGE('',*,*,#20319,.F.);
#20343=EDGE_LOOP('',(#20335,#20340,#20341,#20342));
#20344=FACE_OUTER_BOUND('',#20343,.T.);
#20345=CARTESIAN_POINT('',(243.,3.01,-384.));
#20346=DIRECTION('',(1.,0.,0.));
#20347=DIRECTION('',(0.,1.,0.));
#20348=AXIS2_PLACEMENT_3D('',#20345,#20346,#20347);
#20349=PLANE('',#20348);
#20350=ADVANCED_FACE('',(#20344),#20349,.T.);
#20351=ORIENTED_EDGE('',*,*,#20257,.T.);
#20352=DIRECTION('',(0.,0.,1.));
#20353=VECTOR('',#20352,4.);
#20354=LINE('',#20245,#20353);
#20355=EDGE_CURVE('',#20246,#20296,#20354,.T.);
#20356=ORIENTED_EDGE('',*,*,#20355,.T.);
#20357=ORIENTED_EDGE('',*,*,#20300,.F.);
#20358=ORIENTED_EDGE('',*,*,#20339,.F.);
#20359=EDGE_LOOP('',(#20351,#20356,#20357,#20358));
#20360=FACE_OUTER_BOUND('',#20359,.T.);
#20361=CARTESIAN_POINT('',(243.,64.5,-384.));
#20362=DIRECTION('',(0.,1.,0.));
#20363=DIRECTION('',(-1.,0.,0.));
#20364=AXIS2_PLACEMENT_3D('',#20361,#20362,#20363);
#20365=PLANE('',#20364);
#20366=ADVANCED_FACE('',(#20360),#20365,.T.);
#20367=ORIENTED_EDGE('',*,*,#20250,.F.);
#20368=ORIENTED_EDGE('',*,*,#20325,.T.);
#20369=ORIENTED_EDGE('',*,*,#20305,.T.);
#20370=ORIENTED_EDGE('',*,*,#20355,.F.);
#20371=EDGE_LOOP('',(#20367,#20368,#20369,#20370));
#20372=FACE_OUTER_BOUND('',#20371,.T.);
#20373=CARTESIAN_POINT('',(237.,64.5,-384.));
#20374=DIRECTION('',(-1.,0.,0.));
#20375=DIRECTION('',(0.,-1.,0.));
#20376=AXIS2_PLACEMENT_3D('',#20373,#20374,#20375);
#20377=PLANE('',#20376);
#20378=ADVANCED_FACE('',(#20372),#20377,.T.);
#20379=CLOSED_SHELL('',(#20278,#20314,#20334,#20350,#20366,#20378));
#20380=MANIFOLD_SOLID_BREP('',#20379);
#20381=STYLED_ITEM('color',(#4250),#20380);
#20382=ADVANCED_BREP_SHAPE_REPRESENTATION('',(#17,#4243,#4629,#5008,#5387,#5766,#6145,#6524,#6903,#7282,#11509,#15736,#19963,#20102,#20241,#20380),#9);
#20383=SHAPE_DEFINITION_REPRESENTATION(#13,#20382);
#20384=MECHANICAL_DESIGN_GEOMETRIC_PRESENTATION_REPRESENTATION('',(#4251,#4630,#5009,#5388,#5767,#6146,#6525,#6904,#7283,#11510,#15737,#19964,#20103,#20242,#20381),#9);
#20385=PRODUCT_RELATED_PRODUCT_CATEGORY('part',$,(#10));
ENDSEC;
END-ISO-10303-21;
